MODEL_DIGESTION_STREAM_BEGIN=1
MODEL_PATH=G:\~dev\rawrxd\llama3.2-3b-Q2_K.gguf
ARCH=llama
HIDDEN=3072 LAYERS=28 HEADS=24 KV_HEADS=8 HEAD_DIM=128 VOCAB=128256 INTERMEDIATE=8192
SPLIT_QKV_LAYERS=28 FUSED_QKV_LAYERS=0 PROJECTOR_BLOCK_LAYERS=0 MLA_LAYERS=0 BLOCKED_LAYERS=0
SPLIT_FFN_LAYERS=28 FUSED_FFN_LAYERS=0
ROOT_EMBED=token_embd.weight ROOT_FINAL_NORM=output_norm.weight ROOT_LM_HEAD=
MANIFEST_READY=1 BLOCKED_AT=NONE
AUTHORITY_CLASS=DISCOVERY_ONLY
PROMOTE=0
MODEL_DIGESTION_STREAM_END=1
MODEL_DIGESTION_STREAM_CACHE=G:\~dev\rawrxd\evidence\RAWRXD_MODEL_MANIFESTS\llama3.2-3b-Q2_K.gguf.514c00e0.1dcb4f40fcb8f4a.rmanifest.jsonl
[ModelOpenCompat] repaired metadata: arch=0 vocab=0 hidden=0 layers=0 inter=1 heads=0 kvHeads=0
GEMMA4_SCHEMA_BIND root=output_norm.weight rows=3072 cols=1 type=0
WEIGHT_BUDGET_ENV_PRESENT=1
WEIGHT_BUDGET_ENV_RAW="2048"
WEIGHT_BUDGET_PARSE_OK=1
WEIGHT_BUDGET_INPUT_MIB=2048
WEIGHT_BUDGET_EFFECTIVE_MIB=512
RESIDENCY_BUDGET_MIB=512
BUDGET_RELATION_VALID=1
FFN_INTER_INFERRED ok=1 why=SPLIT_GATE_MATCHES_DOWN inter=8192 old_meta=8192 old_model=8192 old_config=8192
PHI3_FUSED_FFN_RUNTIME layers=28 repaired=0 authority=UNOBSERVED
GEMMA4_SCHEMA_BINDER ok=1 why=GEOM_READY hidden=3072 layers=28 vocab=128256 tokenEmbed=1
GEMMA4_LAYER_TOPOLOGY_BIND ok=1 why=GEOM_READY_UNIFORM layers=28 split=28 fused_qkv=0 projector=0 ssm=0 ffn_only=0 ffn=28 unknown=0
GEMMA4_BIND_LLAMA_FALLBACK ok=1 why=ALIAS_BOUND_GEOM_READY tokenEmbed=1 hidden=3072 vocab=128256 layers=28
MODEL_PROVENANCE_BEGIN=1
MODEL_LOCATION=G:\~dev\rawrxd\llama3.2-3b-Q2_K.gguf
MODEL_CANONICAL=G:\~dev\rawrxd\llama3.2-3b-Q2_K.gguf
MODEL_EXISTS=1 MODEL_IS_DIRECTORY=0 MODEL_BYTES=1363935456 MODEL_WRITE_STAMP=134181049244290890
MODEL_LOCATOR_HASH=13890069492230924705 TENSOR_NAME_SHAPE_HASH=11603743402328447269 MODEL_EXPECTED_FP=15715361497692516295
DIGEST_FP=15715361497692516295 MANIFEST_FP=15715361497692516295 BIND_FP=15715361497692516295 AUTHORITY_FP=15715361497692516295 RUNTIME_FP=15715361497692516295
MANIFEST_LOADED=1 MANIFEST_THIS_RUN=1 MANIFEST_ID=llama3.2-3b-Q2_K.gguf:514c00e0:1dcb4f40fcb8f4a
SCHEMA_ALIAS_FALLBACK_USED=1 INHERITED_SCHEMA_AUTHORITY=0 RUNTIME_OVERLAY_SEPARATE=1
MODEL_PROVENANCE_MATCH=1 BLOCKED_AT=NONE WHY=SAME_MODEL_FINGERPRINT
AUTHORITY_CLASS=DISCOVERY_PROVENANCE PROMOTE=0
MODEL_PROVENANCE_END=1
[BUF] hidden=3072 heads=24 headDim=128 qOut=3072 headScratch=3072 kvDim=1024 ffn=8192 ffnGateScratch=8192
SSM_BUF stPer=32 cvPer=12288 inner=0 state=0 NOTE=STATE_NE_HEADS
SSM_MAMBA2_ARM=0 reason=GEO_OR_BUF
[BUF] hidden=3072 heads=24 headDim=128 qOut=3072 headScratch=3072 kvDim=1024 ffn=12288 ffnGateScratch=12288
SSM_BUF stPer=32 cvPer=12288 inner=0 state=0 NOTE=STATE_NE_HEADS
SSM_MAMBA2_ARM=0 reason=GEO_OR_BUF
REVERSE_COMPLETION_BEGIN
GOAL=GENERATION_COMPLETE
STREAM_STATUS=READY
TIMER_BASED_START=0
WOULD_START_STATUS=0
REVERSE_COMPLETION_PLAN=1
MODEL_INDEXED=1
TENSOR_MAP_COMPLETE=1
HYBRID_LAYER_ROUTE=1
CHOREOGRAPHY_READY=1
SPACE_SUFFICIENT=1
KV_HOTSET_READY=1
WEIGHT_WINDOW_READY=1
HOST_Q8_GEMV_SAFE=1
READY_REASON=ALL_COMPLETION_NEEDS_SATISFIED
NEXT_ACTION=CALL_GENERATE_STREAM
READY_WORK_ONLY=1
REVERSE_COMPLETION_END
STREAM_STATUS=READY
NEXT_ACTION=CALL_GENERATE_STREAM
GENERATE_STREAM_ENTER=1 ARCH=llama LAYERS=28 KV_HEADS=8 HEAD_DIM=128
WEIGHT_BUDGET_INPUT=2048
WEIGHT_BUDGET_PARSE=PASS
WEIGHT_BUDGET_MIB=2048
WEIGHT_BUDGET_BYTES=2147483648
WEIGHT_BUDGET_SOURCE=ENV
WEIGHT_BUDGET_INPUT=2048
WEIGHT_BUDGET_PARSE=PASS
WEIGHT_BUDGET_MIB=2048
WEIGHT_BUDGET_BYTES=2147483648
WEIGHT_BUDGET_SOURCE=ENV
WEIGHT_BUDGET_INPUT=2048
WEIGHT_BUDGET_PARSE=PASS
WEIGHT_BUDGET_MIB=2048
WEIGHT_BUDGET_BYTES=2147483648
WEIGHT_BUDGET_SOURCE=ENV
WEIGHT_BUDGET_INPUT=2048
WEIGHT_BUDGET_PARSE=PASS
WEIGHT_BUDGET_MIB=2048
WEIGHT_BUDGET_BYTES=2147483648
WEIGHT_BUDGET_SOURCE=ENV
WEIGHT_BUDGET_INPUT=2048
WEIGHT_BUDGET_PARSE=PASS
WEIGHT_BUDGET_MIB=2048
WEIGHT_BUDGET_BYTES=2147483648
WEIGHT_BUDGET_SOURCE=ENV
WEIGHT_BUDGET_INPUT=2048
WEIGHT_BUDGET_PARSE=PASS
WEIGHT_BUDGET_MIB=2048
WEIGHT_BUDGET_BYTES=2147483648
WEIGHT_BUDGET_SOURCE=ENV
WEIGHT_BUDGET_INPUT=2048
WEIGHT_BUDGET_PARSE=PASS
WEIGHT_BUDGET_MIB=2048
WEIGHT_BUDGET_BYTES=2147483648
WEIGHT_BUDGET_SOURCE=ENV
WEIGHT_BUDGET_INPUT=2048
WEIGHT_BUDGET_PARSE=PASS
WEIGHT_BUDGET_MIB=2048
WEIGHT_BUDGET_BYTES=2147483648
WEIGHT_BUDGET_SOURCE=ENV
WEIGHT_BUDGET_INPUT=2048
WEIGHT_BUDGET_PARSE=PASS
WEIGHT_BUDGET_MIB=2048
WEIGHT_BUDGET_BYTES=2147483648
WEIGHT_BUDGET_SOURCE=ENV
WEIGHT_BUDGET_INPUT=2048
WEIGHT_BUDGET_PARSE=PASS
WEIGHT_BUDGET_MIB=2048
WEIGHT_BUDGET_BYTES=2147483648
WEIGHT_BUDGET_SOURCE=ENV
WEIGHT_BUDGET_INPUT=2048
WEIGHT_BUDGET_PARSE=PASS
WEIGHT_BUDGET_MIB=2048
WEIGHT_BUDGET_BYTES=2147483648
WEIGHT_BUDGET_SOURCE=ENV
WEIGHT_BUDGET_INPUT=2048
WEIGHT_BUDGET_PARSE=PASS
WEIGHT_BUDGET_MIB=2048
WEIGHT_BUDGET_BYTES=2147483648
WEIGHT_BUDGET_SOURCE=ENV
WEIGHT_BUDGET_INPUT=2048
WEIGHT_BUDGET_PARSE=PASS
WEIGHT_BUDGET_MIB=2048
WEIGHT_BUDGET_BYTES=2147483648
WEIGHT_BUDGET_SOURCE=ENV
WEIGHT_BUDGET_INPUT=2048
WEIGHT_BUDGET_PARSE=PASS
WEIGHT_BUDGET_MIB=2048
WEIGHT_BUDGET_BYTES=2147483648
WEIGHT_BUDGET_SOURCE=ENV
WEIGHT_BUDGET_INPUT=2048
WEIGHT_BUDGET_PARSE=PASS
WEIGHT_BUDGET_MIB=2048
WEIGHT_BUDGET_BYTES=2147483648
WEIGHT_BUDGET_SOURCE=ENV
WEIGHT_BUDGET_INPUT=2048
WEIGHT_BUDGET_PARSE=PASS
WEIGHT_BUDGET_MIB=2048
WEIGHT_BUDGET_BYTES=2147483648
WEIGHT_BUDGET_SOURCE=ENV
WEIGHT_BUDGET_INPUT=2048
WEIGHT_BUDGET_PARSE=PASS
WEIGHT_BUDGET_MIB=2048
WEIGHT_BUDGET_BYTES=2147483648
WEIGHT_BUDGET_SOURCE=ENV
WEIGHT_BUDGET_INPUT=2048
WEIGHT_BUDGET_PARSE=PASS
WEIGHT_BUDGET_MIB=2048
WEIGHT_BUDGET_BYTES=2147483648
WEIGHT_BUDGET_SOURCE=ENV
WEIGHT_BUDGET_INPUT=2048
WEIGHT_BUDGET_PARSE=PASS
WEIGHT_BUDGET_MIB=2048
WEIGHT_BUDGET_BYTES=2147483648
WEIGHT_BUDGET_SOURCE=ENV
WEIGHT_BUDGET_INPUT=2048
WEIGHT_BUDGET_PARSE=PASS
WEIGHT_BUDGET_MIB=2048
WEIGHT_BUDGET_BYTES=2147483648
WEIGHT_BUDGET_SOURCE=ENV
WEIGHT_BUDGET_INPUT=2048
WEIGHT_BUDGET_PARSE=PASS
WEIGHT_BUDGET_MIB=2048
WEIGHT_BUDGET_BYTES=2147483648
WEIGHT_BUDGET_SOURCE=ENV
WEIGHT_BUDGET_INPUT=2048
WEIGHT_BUDGET_PARSE=PASS
WEIGHT_BUDGET_MIB=2048
WEIGHT_BUDGET_BYTES=2147483648
WEIGHT_BUDGET_SOURCE=ENV
WEIGHT_BUDGET_INPUT=2048
WEIGHT_BUDGET_PARSE=PASS
WEIGHT_BUDGET_MIB=2048
WEIGHT_BUDGET_BYTES=2147483648
WEIGHT_BUDGET_SOURCE=ENV
WEIGHT_BUDGET_INPUT=2048
WEIGHT_BUDGET_PARSE=PASS
WEIGHT_BUDGET_MIB=2048
WEIGHT_BUDGET_BYTES=2147483648
WEIGHT_BUDGET_SOURCE=ENV
WEIGHT_BUDGET_INPUT=2048
WEIGHT_BUDGET_PARSE=PASS
WEIGHT_BUDGET_MIB=2048
WEIGHT_BUDGET_BYTES=2147483648
WEIGHT_BUDGET_SOURCE=ENV
WEIGHT_BUDGET_INPUT=2048
WEIGHT_BUDGET_PARSE=PASS
WEIGHT_BUDGET_MIB=2048
WEIGHT_BUDGET_BYTES=2147483648
WEIGHT_BUDGET_SOURCE=ENV
WEIGHT_BUDGET_INPUT=2048
WEIGHT_BUDGET_PARSE=PASS
WEIGHT_BUDGET_MIB=2048
WEIGHT_BUDGET_BYTES=2147483648
WEIGHT_BUDGET_SOURCE=ENV
WEIGHT_BUDGET_INPUT=2048
WEIGHT_BUDGET_PARSE=PASS
WEIGHT_BUDGET_MIB=2048
WEIGHT_BUDGET_BYTES=2147483648
WEIGHT_BUDGET_SOURCE=ENV
WEIGHT_BUDGET_INPUT=2048
WEIGHT_BUDGET_PARSE=PASS
WEIGHT_BUDGET_MIB=2048
WEIGHT_BUDGET_BYTES=2147483648
WEIGHT_BUDGET_SOURCE=ENV
WEIGHT_BUDGET_INPUT=2048
WEIGHT_BUDGET_PARSE=PASS
WEIGHT_BUDGET_MIB=2048
WEIGHT_BUDGET_BYTES=2147483648
WEIGHT_BUDGET_SOURCE=ENV
HEAP_OK_FINAL_NORM_BEFORE=1
FINAL_NORM_SRC_PTR=00000211F82CD060
FINAL_NORM_DST_PTR=00000211F82CD060
FINAL_NORM_WEIGHT_PTR=00000211A0D30000
FINAL_NORM_WEIGHT_SOURCE=HOST_MAPPED
FINAL_NORM_WEIGHT_FULFILLED=1
FINAL_NORM_WEIGHT_BYTES=12288
FINAL_NORM_WEIGHT_0=1.765625
FINAL_NORM_WEIGHT_1=1.75
FINAL_NORM_WEIGHT_2=1.5625
FINAL_NORM_WEIGHT_3=1.7734375
FINAL_NORM_WEIGHT_L2=91.4481258
FINAL_NORM_SUMSQ=153091.848
FINAL_NORM_MEAN_SQ=49.834586
FINAL_NORM_EPS=9.99999975e-06
FINAL_NORM_INV_RMS=0.141655847
FINAL_NORM_SRC_0=-0.703046501
FINAL_NORM_DST_0=-0.175839737
FINAL_NORM_AFTER_L2=38.0376656
HEAP_OK_FINAL_NORM_AFTER=1
WEIGHT_BUDGET_INPUT=2048
WEIGHT_BUDGET_PARSE=PASS
WEIGHT_BUDGET_MIB=2048
WEIGHT_BUDGET_BYTES=2147483648
WEIGHT_BUDGET_SOURCE=ENV
WEIGHT_BUDGET_INPUT=2048
WEIGHT_BUDGET_PARSE=PASS
WEIGHT_BUDGET_MIB=2048
WEIGHT_BUDGET_BYTES=2147483648
WEIGHT_BUDGET_SOURCE=ENV
WEIGHT_BUDGET_INPUT=2048
WEIGHT_BUDGET_PARSE=PASS
WEIGHT_BUDGET_MIB=2048
WEIGHT_BUDGET_BYTES=2147483648
WEIGHT_BUDGET_SOURCE=ENV
WEIGHT_BUDGET_INPUT=2048
WEIGHT_BUDGET_PARSE=PASS
WEIGHT_BUDGET_MIB=2048
WEIGHT_BUDGET_BYTES=2147483648
WEIGHT_BUDGET_SOURCE=ENV
WEIGHT_BUDGET_INPUT=2048
WEIGHT_BUDGET_PARSE=PASS
WEIGHT_BUDGET_MIB=2048
WEIGHT_BUDGET_BYTES=2147483648
WEIGHT_BUDGET_SOURCE=ENV
WEIGHT_BUDGET_INPUT=2048
WEIGHT_BUDGET_PARSE=PASS
WEIGHT_BUDGET_MIB=2048
WEIGHT_BUDGET_BYTES=2147483648
WEIGHT_BUDGET_SOURCE=ENV
WEIGHT_BUDGET_INPUT=2048
WEIGHT_BUDGET_PARSE=PASS
WEIGHT_BUDGET_MIB=2048
WEIGHT_BUDGET_BYTES=2147483648
WEIGHT_BUDGET_SOURCE=ENV
WEIGHT_BUDGET_INPUT=2048
WEIGHT_BUDGET_PARSE=PASS
WEIGHT_BUDGET_MIB=2048
WEIGHT_BUDGET_BYTES=2147483648
WEIGHT_BUDGET_SOURCE=ENV
WEIGHT_BUDGET_INPUT=2048
WEIGHT_BUDGET_PARSE=PASS
WEIGHT_BUDGET_MIB=2048
WEIGHT_BUDGET_BYTES=2147483648
WEIGHT_BUDGET_SOURCE=ENV
WEIGHT_BUDGET_INPUT=2048
WEIGHT_BUDGET_PARSE=PASS
WEIGHT_BUDGET_MIB=2048
WEIGHT_BUDGET_BYTES=2147483648
WEIGHT_BUDGET_SOURCE=ENV
WEIGHT_BUDGET_INPUT=2048
WEIGHT_BUDGET_PARSE=PASS
WEIGHT_BUDGET_MIB=2048
WEIGHT_BUDGET_BYTES=2147483648
WEIGHT_BUDGET_SOURCE=ENV
WEIGHT_BUDGET_INPUT=2048
WEIGHT_BUDGET_PARSE=PASS
WEIGHT_BUDGET_MIB=2048
WEIGHT_BUDGET_BYTES=2147483648
WEIGHT_BUDGET_SOURCE=ENV
WEIGHT_BUDGET_INPUT=2048
WEIGHT_BUDGET_PARSE=PASS
WEIGHT_BUDGET_MIB=2048
WEIGHT_BUDGET_BYTES=2147483648
WEIGHT_BUDGET_SOURCE=ENV
WEIGHT_BUDGET_INPUT=2048
WEIGHT_BUDGET_PARSE=PASS
WEIGHT_BUDGET_MIB=2048
WEIGHT_BUDGET_BYTES=2147483648
WEIGHT_BUDGET_SOURCE=ENV
WEIGHT_BUDGET_INPUT=2048
WEIGHT_BUDGET_PARSE=PASS
WEIGHT_BUDGET_MIB=2048
WEIGHT_BUDGET_BYTES=2147483648
WEIGHT_BUDGET_SOURCE=ENV
WEIGHT_BUDGET_INPUT=2048
WEIGHT_BUDGET_PARSE=PASS
WEIGHT_BUDGET_MIB=2048
WEIGHT_BUDGET_BYTES=2147483648
WEIGHT_BUDGET_SOURCE=ENV
WEIGHT_BUDGET_INPUT=2048
WEIGHT_BUDGET_PARSE=PASS
WEIGHT_BUDGET_MIB=2048
WEIGHT_BUDGET_BYTES=2147483648
WEIGHT_BUDGET_SOURCE=ENV
WEIGHT_BUDGET_INPUT=2048
WEIGHT_BUDGET_PARSE=PASS
WEIGHT_BUDGET_MIB=2048
WEIGHT_BUDGET_BYTES=2147483648
WEIGHT_BUDGET_SOURCE=ENV
WEIGHT_BUDGET_INPUT=2048
WEIGHT_BUDGET_PARSE=PASS
WEIGHT_BUDGET_MIB=2048
WEIGHT_BUDGET_BYTES=2147483648
WEIGHT_BUDGET_SOURCE=ENV
WEIGHT_BUDGET_INPUT=2048
WEIGHT_BUDGET_PARSE=PASS
WEIGHT_BUDGET_MIB=2048
WEIGHT_BUDGET_BYTES=2147483648
WEIGHT_BUDGET_SOURCE=ENV
WEIGHT_BUDGET_INPUT=2048
WEIGHT_BUDGET_PARSE=PASS
WEIGHT_BUDGET_MIB=2048
WEIGHT_BUDGET_BYTES=2147483648
WEIGHT_BUDGET_SOURCE=ENV
WEIGHT_BUDGET_INPUT=2048
WEIGHT_BUDGET_PARSE=PASS
WEIGHT_BUDGET_MIB=2048
WEIGHT_BUDGET_BYTES=2147483648
WEIGHT_BUDGET_SOURCE=ENV
WEIGHT_BUDGET_INPUT=2048
WEIGHT_BUDGET_PARSE=PASS
WEIGHT_BUDGET_MIB=2048
WEIGHT_BUDGET_BYTES=2147483648
WEIGHT_BUDGET_SOURCE=ENV
WEIGHT_BUDGET_INPUT=2048
WEIGHT_BUDGET_PARSE=PASS
WEIGHT_BUDGET_MIB=2048
WEIGHT_BUDGET_BYTES=2147483648
WEIGHT_BUDGET_SOURCE=ENV
WEIGHT_BUDGET_INPUT=2048
WEIGHT_BUDGET_PARSE=PASS
WEIGHT_BUDGET_MIB=2048
WEIGHT_BUDGET_BYTES=2147483648
WEIGHT_BUDGET_SOURCE=ENV
WEIGHT_BUDGET_INPUT=2048
WEIGHT_BUDGET_PARSE=PASS
WEIGHT_BUDGET_MIB=2048
WEIGHT_BUDGET_BYTES=2147483648
WEIGHT_BUDGET_SOURCE=ENV
WEIGHT_BUDGET_INPUT=2048
WEIGHT_BUDGET_PARSE=PASS
WEIGHT_BUDGET_MIB=2048
WEIGHT_BUDGET_BYTES=2147483648
WEIGHT_BUDGET_SOURCE=ENV
WEIGHT_BUDGET_INPUT=2048
WEIGHT_BUDGET_PARSE=PASS
WEIGHT_BUDGET_MIB=2048
WEIGHT_BUDGET_BYTES=2147483648
WEIGHT_BUDGET_SOURCE=ENV
WEIGHT_BUDGET_INPUT=2048
WEIGHT_BUDGET_PARSE=PASS
WEIGHT_BUDGET_MIB=2048
WEIGHT_BUDGET_BYTES=2147483648
WEIGHT_BUDGET_SOURCE=ENV
WEIGHT_BUDGET_INPUT=2048
WEIGHT_BUDGET_PARSE=PASS
WEIGHT_BUDGET_MIB=2048
WEIGHT_BUDGET_BYTES=2147483648
WEIGHT_BUDGET_SOURCE=ENV
HEAP_OK_FINAL_NORM_BEFORE=1
FINAL_NORM_SRC_PTR=00000211F82D0060
FINAL_NORM_DST_PTR=00000211F82D0060
FINAL_NORM_WEIGHT_PTR=00000211A0D30000
FINAL_NORM_WEIGHT_SOURCE=HOST_MAPPED
FINAL_NORM_WEIGHT_FULFILLED=1
FINAL_NORM_WEIGHT_BYTES=12288
FINAL_NORM_WEIGHT_0=1.765625
FINAL_NORM_WEIGHT_1=1.75
FINAL_NORM_WEIGHT_2=1.5625
FINAL_NORM_WEIGHT_3=1.7734375
FINAL_NORM_WEIGHT_L2=91.4481258
FINAL_NORM_SUMSQ=1447.54564
FINAL_NORM_MEAN_SQ=0.471206264
FINAL_NORM_EPS=9.99999975e-06
FINAL_NORM_INV_RMS=1.45676613
FINAL_NORM_SRC_0=-0.908834934
FINAL_NORM_DST_0=-2.33761668
FINAL_NORM_AFTER_L2=87.1825933
HEAP_OK_FINAL_NORM_AFTER=1
WEIGHT_BUDGET_INPUT=2048
WEIGHT_BUDGET_PARSE=PASS
WEIGHT_BUDGET_MIB=2048
WEIGHT_BUDGET_BYTES=2147483648
WEIGHT_BUDGET_SOURCE=ENV
WEIGHT_BUDGET_INPUT=2048
WEIGHT_BUDGET_PARSE=PASS
WEIGHT_BUDGET_MIB=2048
WEIGHT_BUDGET_BYTES=2147483648
WEIGHT_BUDGET_SOURCE=ENV
WEIGHT_BUDGET_INPUT=2048
WEIGHT_BUDGET_PARSE=PASS
WEIGHT_BUDGET_MIB=2048
WEIGHT_BUDGET_BYTES=2147483648
WEIGHT_BUDGET_SOURCE=ENV
WEIGHT_BUDGET_INPUT=2048
WEIGHT_BUDGET_PARSE=PASS
WEIGHT_BUDGET_MIB=2048
WEIGHT_BUDGET_BYTES=2147483648
WEIGHT_BUDGET_SOURCE=ENV
WEIGHT_BUDGET_INPUT=2048
WEIGHT_BUDGET_PARSE=PASS
WEIGHT_BUDGET_MIB=2048
WEIGHT_BUDGET_BYTES=2147483648
WEIGHT_BUDGET_SOURCE=ENV
WEIGHT_BUDGET_INPUT=2048
WEIGHT_BUDGET_PARSE=PASS
WEIGHT_BUDGET_MIB=2048
WEIGHT_BUDGET_BYTES=2147483648
WEIGHT_BUDGET_SOURCE=ENV
WEIGHT_BUDGET_INPUT=2048
WEIGHT_BUDGET_PARSE=PASS
WEIGHT_BUDGET_MIB=2048
WEIGHT_BUDGET_BYTES=2147483648
WEIGHT_BUDGET_SOURCE=ENV
WEIGHT_BUDGET_INPUT=2048
WEIGHT_BUDGET_PARSE=PASS
WEIGHT_BUDGET_MIB=2048
WEIGHT_BUDGET_BYTES=2147483648
WEIGHT_BUDGET_SOURCE=ENV
WEIGHT_BUDGET_INPUT=2048
WEIGHT_BUDGET_PARSE=PASS
WEIGHT_BUDGET_MIB=2048
WEIGHT_BUDGET_BYTES=2147483648
WEIGHT_BUDGET_SOURCE=ENV
WEIGHT_BUDGET_INPUT=2048
WEIGHT_BUDGET_PARSE=PASS
WEIGHT_BUDGET_MIB=2048
WEIGHT_BUDGET_BYTES=2147483648
WEIGHT_BUDGET_SOURCE=ENV
WEIGHT_BUDGET_INPUT=2048
WEIGHT_BUDGET_PARSE=PASS
WEIGHT_BUDGET_MIB=2048
WEIGHT_BUDGET_BYTES=2147483648
WEIGHT_BUDGET_SOURCE=ENV
WEIGHT_BUDGET_INPUT=2048
WEIGHT_BUDGET_PARSE=PASS
WEIGHT_BUDGET_MIB=2048
WEIGHT_BUDGET_BYTES=2147483648
WEIGHT_BUDGET_SOURCE=ENV
WEIGHT_BUDGET_INPUT=2048
WEIGHT_BUDGET_PARSE=PASS
WEIGHT_BUDGET_MIB=2048
WEIGHT_BUDGET_BYTES=2147483648
WEIGHT_BUDGET_SOURCE=ENV
WEIGHT_BUDGET_INPUT=2048
WEIGHT_BUDGET_PARSE=PASS
WEIGHT_BUDGET_MIB=2048
WEIGHT_BUDGET_BYTES=2147483648
WEIGHT_BUDGET_SOURCE=ENV
WEIGHT_BUDGET_INPUT=2048
WEIGHT_BUDGET_PARSE=PASS
WEIGHT_BUDGET_MIB=2048
WEIGHT_BUDGET_BYTES=2147483648
WEIGHT_BUDGET_SOURCE=ENV
WEIGHT_BUDGET_INPUT=2048
WEIGHT_BUDGET_PARSE=PASS
WEIGHT_BUDGET_MIB=2048
WEIGHT_BUDGET_BYTES=2147483648
WEIGHT_BUDGET_SOURCE=ENV
WEIGHT_BUDGET_INPUT=2048
WEIGHT_BUDGET_PARSE=PASS
WEIGHT_BUDGET_MIB=2048
WEIGHT_BUDGET_BYTES=2147483648
WEIGHT_BUDGET_SOURCE=ENV
WEIGHT_BUDGET_INPUT=2048
WEIGHT_BUDGET_PARSE=PASS
WEIGHT_BUDGET_MIB=2048
WEIGHT_BUDGET_BYTES=2147483648
WEIGHT_BUDGET_SOURCE=ENV
WEIGHT_BUDGET_INPUT=2048
WEIGHT_BUDGET_PARSE=PASS
WEIGHT_BUDGET_MIB=2048
WEIGHT_BUDGET_BYTES=2147483648
WEIGHT_BUDGET_SOURCE=ENV
WEIGHT_BUDGET_INPUT=2048
WEIGHT_BUDGET_PARSE=PASS
WEIGHT_BUDGET_MIB=2048
WEIGHT_BUDGET_BYTES=2147483648
WEIGHT_BUDGET_SOURCE=ENV
WEIGHT_BUDGET_INPUT=2048
WEIGHT_BUDGET_PARSE=PASS
WEIGHT_BUDGET_MIB=2048
WEIGHT_BUDGET_BYTES=2147483648
WEIGHT_BUDGET_SOURCE=ENV
WEIGHT_BUDGET_INPUT=2048
WEIGHT_BUDGET_PARSE=PASS
WEIGHT_BUDGET_MIB=2048
WEIGHT_BUDGET_BYTES=2147483648
WEIGHT_BUDGET_SOURCE=ENV
WEIGHT_BUDGET_INPUT=2048
WEIGHT_BUDGET_PARSE=PASS
WEIGHT_BUDGET_MIB=2048
WEIGHT_BUDGET_BYTES=2147483648
WEIGHT_BUDGET_SOURCE=ENV
WEIGHT_BUDGET_INPUT=2048
WEIGHT_BUDGET_PARSE=PASS
WEIGHT_BUDGET_MIB=2048
WEIGHT_BUDGET_BYTES=2147483648
WEIGHT_BUDGET_SOURCE=ENV
WEIGHT_BUDGET_INPUT=2048
WEIGHT_BUDGET_PARSE=PASS
WEIGHT_BUDGET_MIB=2048
WEIGHT_BUDGET_BYTES=2147483648
WEIGHT_BUDGET_SOURCE=ENV
WEIGHT_BUDGET_INPUT=2048
WEIGHT_BUDGET_PARSE=PASS
WEIGHT_BUDGET_MIB=2048
WEIGHT_BUDGET_BYTES=2147483648
WEIGHT_BUDGET_SOURCE=ENV
WEIGHT_BUDGET_INPUT=2048
WEIGHT_BUDGET_PARSE=PASS
WEIGHT_BUDGET_MIB=2048
WEIGHT_BUDGET_BYTES=2147483648
WEIGHT_BUDGET_SOURCE=ENV
WEIGHT_BUDGET_INPUT=2048
WEIGHT_BUDGET_PARSE=PASS
WEIGHT_BUDGET_MIB=2048
WEIGHT_BUDGET_BYTES=2147483648
WEIGHT_BUDGET_SOURCE=ENV
WEIGHT_BUDGET_INPUT=2048
WEIGHT_BUDGET_PARSE=PASS
WEIGHT_BUDGET_MIB=2048
WEIGHT_BUDGET_BYTES=2147483648
WEIGHT_BUDGET_SOURCE=ENV
WEIGHT_BUDGET_INPUT=2048
WEIGHT_BUDGET_PARSE=PASS
WEIGHT_BUDGET_MIB=2048
WEIGHT_BUDGET_BYTES=2147483648
WEIGHT_BUDGET_SOURCE=ENV
HEAP_OK_FINAL_NORM_BEFORE=1
FINAL_NORM_SRC_PTR=00000211F82D3060
FINAL_NORM_DST_PTR=00000211F82D3060
FINAL_NORM_WEIGHT_PTR=00000211A0D30000
FINAL_NORM_WEIGHT_SOURCE=HOST_MAPPED
FINAL_NORM_WEIGHT_FULFILLED=1
FINAL_NORM_WEIGHT_BYTES=12288
FINAL_NORM_WEIGHT_0=1.765625
FINAL_NORM_WEIGHT_1=1.75
FINAL_NORM_WEIGHT_2=1.5625
FINAL_NORM_WEIGHT_3=1.7734375
FINAL_NORM_WEIGHT_L2=91.4481258
FINAL_NORM_SUMSQ=1197.82388
FINAL_NORM_MEAN_SQ=0.389916626
FINAL_NORM_EPS=9.99999975e-06
FINAL_NORM_INV_RMS=1.60143209
FINAL_NORM_SRC_0=-0.707633436
FINAL_NORM_DST_0=-2.00085378
FINAL_NORM_AFTER_L2=91.4141686
HEAP_OK_FINAL_NORM_AFTER=1
WEIGHT_BUDGET_INPUT=2048
WEIGHT_BUDGET_PARSE=PASS
WEIGHT_BUDGET_MIB=2048
WEIGHT_BUDGET_BYTES=2147483648
WEIGHT_BUDGET_SOURCE=ENV
WEIGHT_BUDGET_INPUT=2048
WEIGHT_BUDGET_PARSE=PASS
WEIGHT_BUDGET_MIB=2048
WEIGHT_BUDGET_BYTES=2147483648
WEIGHT_BUDGET_SOURCE=ENV
WEIGHT_BUDGET_INPUT=2048
WEIGHT_BUDGET_PARSE=PASS
WEIGHT_BUDGET_MIB=2048
WEIGHT_BUDGET_BYTES=2147483648
WEIGHT_BUDGET_SOURCE=ENV
WEIGHT_BUDGET_INPUT=2048
WEIGHT_BUDGET_PARSE=PASS
WEIGHT_BUDGET_MIB=2048
WEIGHT_BUDGET_BYTES=2147483648
WEIGHT_BUDGET_SOURCE=ENV
WEIGHT_BUDGET_INPUT=2048
WEIGHT_BUDGET_PARSE=PASS
WEIGHT_BUDGET_MIB=2048
WEIGHT_BUDGET_BYTES=2147483648
WEIGHT_BUDGET_SOURCE=ENV
WEIGHT_BUDGET_INPUT=2048
WEIGHT_BUDGET_PARSE=PASS
WEIGHT_BUDGET_MIB=2048
WEIGHT_BUDGET_BYTES=2147483648
WEIGHT_BUDGET_SOURCE=ENV
WEIGHT_BUDGET_INPUT=2048
WEIGHT_BUDGET_PARSE=PASS
WEIGHT_BUDGET_MIB=2048
WEIGHT_BUDGET_BYTES=2147483648
WEIGHT_BUDGET_SOURCE=ENV
WEIGHT_BUDGET_INPUT=2048
WEIGHT_BUDGET_PARSE=PASS
WEIGHT_BUDGET_MIB=2048
WEIGHT_BUDGET_BYTES=2147483648
WEIGHT_BUDGET_SOURCE=ENV
WEIGHT_BUDGET_INPUT=2048
WEIGHT_BUDGET_PARSE=PASS
WEIGHT_BUDGET_MIB=2048
WEIGHT_BUDGET_BYTES=2147483648
WEIGHT_BUDGET_SOURCE=ENV
WEIGHT_BUDGET_INPUT=2048
WEIGHT_BUDGET_PARSE=PASS
WEIGHT_BUDGET_MIB=2048
WEIGHT_BUDGET_BYTES=2147483648
WEIGHT_BUDGET_SOURCE=ENV
WEIGHT_BUDGET_INPUT=2048
WEIGHT_BUDGET_PARSE=PASS
WEIGHT_BUDGET_MIB=2048
WEIGHT_BUDGET_BYTES=2147483648
WEIGHT_BUDGET_SOURCE=ENV
WEIGHT_BUDGET_INPUT=2048
WEIGHT_BUDGET_PARSE=PASS
WEIGHT_BUDGET_MIB=2048
WEIGHT_BUDGET_BYTES=2147483648
WEIGHT_BUDGET_SOURCE=ENV
WEIGHT_BUDGET_INPUT=2048
WEIGHT_BUDGET_PARSE=PASS
WEIGHT_BUDGET_MIB=2048
WEIGHT_BUDGET_BYTES=2147483648
WEIGHT_BUDGET_SOURCE=ENV
WEIGHT_BUDGET_INPUT=2048
WEIGHT_BUDGET_PARSE=PASS
WEIGHT_BUDGET_MIB=2048
WEIGHT_BUDGET_BYTES=2147483648
WEIGHT_BUDGET_SOURCE=ENV
WEIGHT_BUDGET_INPUT=2048
WEIGHT_BUDGET_PARSE=PASS
WEIGHT_BUDGET_MIB=2048
WEIGHT_BUDGET_BYTES=2147483648
WEIGHT_BUDGET_SOURCE=ENV
WEIGHT_BUDGET_INPUT=2048
WEIGHT_BUDGET_PARSE=PASS
WEIGHT_BUDGET_MIB=2048
WEIGHT_BUDGET_BYTES=2147483648
WEIGHT_BUDGET_SOURCE=ENV
WEIGHT_BUDGET_INPUT=2048
WEIGHT_BUDGET_PARSE=PASS
WEIGHT_BUDGET_MIB=2048
WEIGHT_BUDGET_BYTES=2147483648
WEIGHT_BUDGET_SOURCE=ENV
WEIGHT_BUDGET_INPUT=2048
WEIGHT_BUDGET_PARSE=PASS
WEIGHT_BUDGET_MIB=2048
WEIGHT_BUDGET_BYTES=2147483648
WEIGHT_BUDGET_SOURCE=ENV
WEIGHT_BUDGET_INPUT=2048
WEIGHT_BUDGET_PARSE=PASS
WEIGHT_BUDGET_MIB=2048
WEIGHT_BUDGET_BYTES=2147483648
WEIGHT_BUDGET_SOURCE=ENV
WEIGHT_BUDGET_INPUT=2048
WEIGHT_BUDGET_PARSE=PASS
WEIGHT_BUDGET_MIB=2048
WEIGHT_BUDGET_BYTES=2147483648
WEIGHT_BUDGET_SOURCE=ENV
WEIGHT_BUDGET_INPUT=2048
WEIGHT_BUDGET_PARSE=PASS
WEIGHT_BUDGET_MIB=2048
WEIGHT_BUDGET_BYTES=2147483648
WEIGHT_BUDGET_SOURCE=ENV
WEIGHT_BUDGET_INPUT=2048
WEIGHT_BUDGET_PARSE=PASS
WEIGHT_BUDGET_MIB=2048
WEIGHT_BUDGET_BYTES=2147483648
WEIGHT_BUDGET_SOURCE=ENV
WEIGHT_BUDGET_INPUT=2048
WEIGHT_BUDGET_PARSE=PASS
WEIGHT_BUDGET_MIB=2048
WEIGHT_BUDGET_BYTES=2147483648
WEIGHT_BUDGET_SOURCE=ENV
WEIGHT_BUDGET_INPUT=2048
WEIGHT_BUDGET_PARSE=PASS
WEIGHT_BUDGET_MIB=2048
WEIGHT_BUDGET_BYTES=2147483648
WEIGHT_BUDGET_SOURCE=ENV
WEIGHT_BUDGET_INPUT=2048
WEIGHT_BUDGET_PARSE=PASS
WEIGHT_BUDGET_MIB=2048
WEIGHT_BUDGET_BYTES=2147483648
WEIGHT_BUDGET_SOURCE=ENV
WEIGHT_BUDGET_INPUT=2048
WEIGHT_BUDGET_PARSE=PASS
WEIGHT_BUDGET_MIB=2048
WEIGHT_BUDGET_BYTES=2147483648
WEIGHT_BUDGET_SOURCE=ENV
WEIGHT_BUDGET_INPUT=2048
WEIGHT_BUDGET_PARSE=PASS
WEIGHT_BUDGET_MIB=2048
WEIGHT_BUDGET_BYTES=2147483648
WEIGHT_BUDGET_SOURCE=ENV
WEIGHT_BUDGET_INPUT=2048
WEIGHT_BUDGET_PARSE=PASS
WEIGHT_BUDGET_MIB=2048
WEIGHT_BUDGET_BYTES=2147483648
WEIGHT_BUDGET_SOURCE=ENV
WEIGHT_BUDGET_INPUT=2048
WEIGHT_BUDGET_PARSE=PASS
WEIGHT_BUDGET_MIB=2048
WEIGHT_BUDGET_BYTES=2147483648
WEIGHT_BUDGET_SOURCE=ENV
WEIGHT_BUDGET_INPUT=2048
WEIGHT_BUDGET_PARSE=PASS
WEIGHT_BUDGET_MIB=2048
WEIGHT_BUDGET_BYTES=2147483648
WEIGHT_BUDGET_SOURCE=ENV
HEAP_OK_FINAL_NORM_BEFORE=1
FINAL_NORM_SRC_PTR=00000211F82D6060
FINAL_NORM_DST_PTR=00000211F82D6060
FINAL_NORM_WEIGHT_PTR=00000211A0D30000
FINAL_NORM_WEIGHT_SOURCE=HOST_MAPPED
FINAL_NORM_WEIGHT_FULFILLED=1
FINAL_NORM_WEIGHT_BYTES=12288
FINAL_NORM_WEIGHT_0=1.765625
FINAL_NORM_WEIGHT_1=1.75
FINAL_NORM_WEIGHT_2=1.5625
FINAL_NORM_WEIGHT_3=1.7734375
FINAL_NORM_WEIGHT_L2=91.4481258
FINAL_NORM_SUMSQ=1500.87525
FINAL_NORM_MEAN_SQ=0.488566162
FINAL_NORM_EPS=9.99999975e-06
FINAL_NORM_INV_RMS=1.43065155
FINAL_NORM_SRC_0=-0.270901203
FINAL_NORM_DST_0=-0.684294879
FINAL_NORM_AFTER_L2=90.4551587
HEAP_OK_FINAL_NORM_AFTER=1
WEIGHT_BUDGET_INPUT=2048
WEIGHT_BUDGET_PARSE=PASS
WEIGHT_BUDGET_MIB=2048
WEIGHT_BUDGET_BYTES=2147483648
WEIGHT_BUDGET_SOURCE=ENV
WEIGHT_BUDGET_INPUT=2048
WEIGHT_BUDGET_PARSE=PASS
WEIGHT_BUDGET_MIB=2048
WEIGHT_BUDGET_BYTES=2147483648
WEIGHT_BUDGET_SOURCE=ENV
WEIGHT_BUDGET_INPUT=2048
WEIGHT_BUDGET_PARSE=PASS
WEIGHT_BUDGET_MIB=2048
WEIGHT_BUDGET_BYTES=2147483648
WEIGHT_BUDGET_SOURCE=ENV
WEIGHT_BUDGET_INPUT=2048
WEIGHT_BUDGET_PARSE=PASS
WEIGHT_BUDGET_MIB=2048
WEIGHT_BUDGET_BYTES=2147483648
WEIGHT_BUDGET_SOURCE=ENV
WEIGHT_BUDGET_INPUT=2048
WEIGHT_BUDGET_PARSE=PASS
WEIGHT_BUDGET_MIB=2048
WEIGHT_BUDGET_BYTES=2147483648
WEIGHT_BUDGET_SOURCE=ENV
WEIGHT_BUDGET_INPUT=2048
WEIGHT_BUDGET_PARSE=PASS
WEIGHT_BUDGET_MIB=2048
WEIGHT_BUDGET_BYTES=2147483648
WEIGHT_BUDGET_SOURCE=ENV
WEIGHT_BUDGET_INPUT=2048
WEIGHT_BUDGET_PARSE=PASS
WEIGHT_BUDGET_MIB=2048
WEIGHT_BUDGET_BYTES=2147483648
WEIGHT_BUDGET_SOURCE=ENV
WEIGHT_BUDGET_INPUT=2048
WEIGHT_BUDGET_PARSE=PASS
WEIGHT_BUDGET_MIB=2048
WEIGHT_BUDGET_BYTES=2147483648
WEIGHT_BUDGET_SOURCE=ENV
WEIGHT_BUDGET_INPUT=2048
WEIGHT_BUDGET_PARSE=PASS
WEIGHT_BUDGET_MIB=2048
WEIGHT_BUDGET_BYTES=2147483648
WEIGHT_BUDGET_SOURCE=ENV
WEIGHT_BUDGET_INPUT=2048
WEIGHT_BUDGET_PARSE=PASS
WEIGHT_BUDGET_MIB=2048
WEIGHT_BUDGET_BYTES=2147483648
WEIGHT_BUDGET_SOURCE=ENV
WEIGHT_BUDGET_INPUT=2048
WEIGHT_BUDGET_PARSE=PASS
WEIGHT_BUDGET_MIB=2048
WEIGHT_BUDGET_BYTES=2147483648
WEIGHT_BUDGET_SOURCE=ENV
WEIGHT_BUDGET_INPUT=2048
WEIGHT_BUDGET_PARSE=PASS
WEIGHT_BUDGET_MIB=2048
WEIGHT_BUDGET_BYTES=2147483648
WEIGHT_BUDGET_SOURCE=ENV
WEIGHT_BUDGET_INPUT=2048
WEIGHT_BUDGET_PARSE=PASS
WEIGHT_BUDGET_MIB=2048
WEIGHT_BUDGET_BYTES=2147483648
WEIGHT_BUDGET_SOURCE=ENV
WEIGHT_BUDGET_INPUT=2048
WEIGHT_BUDGET_PARSE=PASS
WEIGHT_BUDGET_MIB=2048
WEIGHT_BUDGET_BYTES=2147483648
WEIGHT_BUDGET_SOURCE=ENV
WEIGHT_BUDGET_INPUT=2048
WEIGHT_BUDGET_PARSE=PASS
WEIGHT_BUDGET_MIB=2048
WEIGHT_BUDGET_BYTES=2147483648
WEIGHT_BUDGET_SOURCE=ENV
WEIGHT_BUDGET_INPUT=2048
WEIGHT_BUDGET_PARSE=PASS
WEIGHT_BUDGET_MIB=2048
WEIGHT_BUDGET_BYTES=2147483648
WEIGHT_BUDGET_SOURCE=ENV
WEIGHT_BUDGET_INPUT=2048
WEIGHT_BUDGET_PARSE=PASS
WEIGHT_BUDGET_MIB=2048
WEIGHT_BUDGET_BYTES=2147483648
WEIGHT_BUDGET_SOURCE=ENV
WEIGHT_BUDGET_INPUT=2048
WEIGHT_BUDGET_PARSE=PASS
WEIGHT_BUDGET_MIB=2048
WEIGHT_BUDGET_BYTES=2147483648
WEIGHT_BUDGET_SOURCE=ENV
WEIGHT_BUDGET_INPUT=2048
WEIGHT_BUDGET_PARSE=PASS
WEIGHT_BUDGET_MIB=2048
WEIGHT_BUDGET_BYTES=2147483648
WEIGHT_BUDGET_SOURCE=ENV
WEIGHT_BUDGET_INPUT=2048
WEIGHT_BUDGET_PARSE=PASS
WEIGHT_BUDGET_MIB=2048
WEIGHT_BUDGET_BYTES=2147483648
WEIGHT_BUDGET_SOURCE=ENV
WEIGHT_BUDGET_INPUT=2048
WEIGHT_BUDGET_PARSE=PASS
WEIGHT_BUDGET_MIB=2048
WEIGHT_BUDGET_BYTES=2147483648
WEIGHT_BUDGET_SOURCE=ENV
WEIGHT_BUDGET_INPUT=2048
WEIGHT_BUDGET_PARSE=PASS
WEIGHT_BUDGET_MIB=2048
WEIGHT_BUDGET_BYTES=2147483648
WEIGHT_BUDGET_SOURCE=ENV
WEIGHT_BUDGET_INPUT=2048
WEIGHT_BUDGET_PARSE=PASS
WEIGHT_BUDGET_MIB=2048
WEIGHT_BUDGET_BYTES=2147483648
WEIGHT_BUDGET_SOURCE=ENV
WEIGHT_BUDGET_INPUT=2048
WEIGHT_BUDGET_PARSE=PASS
WEIGHT_BUDGET_MIB=2048
WEIGHT_BUDGET_BYTES=2147483648
WEIGHT_BUDGET_SOURCE=ENV
WEIGHT_BUDGET_INPUT=2048
WEIGHT_BUDGET_PARSE=PASS
WEIGHT_BUDGET_MIB=2048
WEIGHT_BUDGET_BYTES=2147483648
WEIGHT_BUDGET_SOURCE=ENV
WEIGHT_BUDGET_INPUT=2048
WEIGHT_BUDGET_PARSE=PASS
WEIGHT_BUDGET_MIB=2048
WEIGHT_BUDGET_BYTES=2147483648
WEIGHT_BUDGET_SOURCE=ENV
WEIGHT_BUDGET_INPUT=2048
WEIGHT_BUDGET_PARSE=PASS
WEIGHT_BUDGET_MIB=2048
WEIGHT_BUDGET_BYTES=2147483648
WEIGHT_BUDGET_SOURCE=ENV
WEIGHT_BUDGET_INPUT=2048
WEIGHT_BUDGET_PARSE=PASS
WEIGHT_BUDGET_MIB=2048
WEIGHT_BUDGET_BYTES=2147483648
WEIGHT_BUDGET_SOURCE=ENV
WEIGHT_BUDGET_INPUT=2048
WEIGHT_BUDGET_PARSE=PASS
WEIGHT_BUDGET_MIB=2048
WEIGHT_BUDGET_BYTES=2147483648
WEIGHT_BUDGET_SOURCE=ENV
WEIGHT_BUDGET_INPUT=2048
WEIGHT_BUDGET_PARSE=PASS
WEIGHT_BUDGET_MIB=2048
WEIGHT_BUDGET_BYTES=2147483648
WEIGHT_BUDGET_SOURCE=ENV
HEAP_OK_FINAL_NORM_BEFORE=1
FINAL_NORM_SRC_PTR=00000211F82D9060
FINAL_NORM_DST_PTR=00000211F82D9060
FINAL_NORM_WEIGHT_PTR=00000211A0D30000
FINAL_NORM_WEIGHT_SOURCE=HOST_MAPPED
FINAL_NORM_WEIGHT_FULFILLED=1
FINAL_NORM_WEIGHT_BYTES=12288
FINAL_NORM_WEIGHT_0=1.765625
FINAL_NORM_WEIGHT_1=1.75
FINAL_NORM_WEIGHT_2=1.5625
FINAL_NORM_WEIGHT_3=1.7734375
FINAL_NORM_WEIGHT_L2=91.4481258
FINAL_NORM_SUMSQ=1057.67262
FINAL_NORM_MEAN_SQ=0.344294473
FINAL_NORM_EPS=9.99999975e-06
FINAL_NORM_INV_RMS=1.70423174
FINAL_NORM_SRC_0=0.699545383
FINAL_NORM_DST_0=2.10495591
FINAL_NORM_AFTER_L2=89.3614231
HEAP_OK_FINAL_NORM_AFTER=1
WEIGHT_BUDGET_INPUT=2048
WEIGHT_BUDGET_PARSE=PASS
WEIGHT_BUDGET_MIB=2048
WEIGHT_BUDGET_BYTES=2147483648
WEIGHT_BUDGET_SOURCE=ENV
WEIGHT_BUDGET_INPUT=2048
WEIGHT_BUDGET_PARSE=PASS
WEIGHT_BUDGET_MIB=2048
WEIGHT_BUDGET_BYTES=2147483648
WEIGHT_BUDGET_SOURCE=ENV
WEIGHT_BUDGET_INPUT=2048
WEIGHT_BUDGET_PARSE=PASS
WEIGHT_BUDGET_MIB=2048
WEIGHT_BUDGET_BYTES=2147483648
WEIGHT_BUDGET_SOURCE=ENV
WEIGHT_BUDGET_INPUT=2048
WEIGHT_BUDGET_PARSE=PASS
WEIGHT_BUDGET_MIB=2048
WEIGHT_BUDGET_BYTES=2147483648
WEIGHT_BUDGET_SOURCE=ENV
WEIGHT_BUDGET_INPUT=2048
WEIGHT_BUDGET_PARSE=PASS
WEIGHT_BUDGET_MIB=2048
WEIGHT_BUDGET_BYTES=2147483648
WEIGHT_BUDGET_SOURCE=ENV
WEIGHT_BUDGET_INPUT=2048
WEIGHT_BUDGET_PARSE=PASS
WEIGHT_BUDGET_MIB=2048
WEIGHT_BUDGET_BYTES=2147483648
WEIGHT_BUDGET_SOURCE=ENV
WEIGHT_BUDGET_INPUT=2048
WEIGHT_BUDGET_PARSE=PASS
WEIGHT_BUDGET_MIB=2048
WEIGHT_BUDGET_BYTES=2147483648
WEIGHT_BUDGET_SOURCE=ENV
WEIGHT_BUDGET_INPUT=2048
WEIGHT_BUDGET_PARSE=PASS
WEIGHT_BUDGET_MIB=2048
WEIGHT_BUDGET_BYTES=2147483648
WEIGHT_BUDGET_SOURCE=ENV
WEIGHT_BUDGET_INPUT=2048
WEIGHT_BUDGET_PARSE=PASS
WEIGHT_BUDGET_MIB=2048
WEIGHT_BUDGET_BYTES=2147483648
WEIGHT_BUDGET_SOURCE=ENV
WEIGHT_BUDGET_INPUT=2048
WEIGHT_BUDGET_PARSE=PASS
WEIGHT_BUDGET_MIB=2048
WEIGHT_BUDGET_BYTES=2147483648
WEIGHT_BUDGET_SOURCE=ENV
WEIGHT_BUDGET_INPUT=2048
WEIGHT_BUDGET_PARSE=PASS
WEIGHT_BUDGET_MIB=2048
WEIGHT_BUDGET_BYTES=2147483648
WEIGHT_BUDGET_SOURCE=ENV
WEIGHT_BUDGET_INPUT=2048
WEIGHT_BUDGET_PARSE=PASS
WEIGHT_BUDGET_MIB=2048
WEIGHT_BUDGET_BYTES=2147483648
WEIGHT_BUDGET_SOURCE=ENV
WEIGHT_BUDGET_INPUT=2048
WEIGHT_BUDGET_PARSE=PASS
WEIGHT_BUDGET_MIB=2048
WEIGHT_BUDGET_BYTES=2147483648
WEIGHT_BUDGET_SOURCE=ENV
WEIGHT_BUDGET_INPUT=2048
WEIGHT_BUDGET_PARSE=PASS
WEIGHT_BUDGET_MIB=2048
WEIGHT_BUDGET_BYTES=2147483648
WEIGHT_BUDGET_SOURCE=ENV
WEIGHT_BUDGET_INPUT=2048
WEIGHT_BUDGET_PARSE=PASS
WEIGHT_BUDGET_MIB=2048
WEIGHT_BUDGET_BYTES=2147483648
WEIGHT_BUDGET_SOURCE=ENV
WEIGHT_BUDGET_INPUT=2048
WEIGHT_BUDGET_PARSE=PASS
WEIGHT_BUDGET_MIB=2048
WEIGHT_BUDGET_BYTES=2147483648
WEIGHT_BUDGET_SOURCE=ENV
WEIGHT_BUDGET_INPUT=2048
WEIGHT_BUDGET_PARSE=PASS
WEIGHT_BUDGET_MIB=2048
WEIGHT_BUDGET_BYTES=2147483648
WEIGHT_BUDGET_SOURCE=ENV
WEIGHT_BUDGET_INPUT=2048
WEIGHT_BUDGET_PARSE=PASS
WEIGHT_BUDGET_MIB=2048
WEIGHT_BUDGET_BYTES=2147483648
WEIGHT_BUDGET_SOURCE=ENV
WEIGHT_BUDGET_INPUT=2048
WEIGHT_BUDGET_PARSE=PASS
WEIGHT_BUDGET_MIB=2048
WEIGHT_BUDGET_BYTES=2147483648
WEIGHT_BUDGET_SOURCE=ENV
WEIGHT_BUDGET_INPUT=2048
WEIGHT_BUDGET_PARSE=PASS
WEIGHT_BUDGET_MIB=2048
WEIGHT_BUDGET_BYTES=2147483648
WEIGHT_BUDGET_SOURCE=ENV
WEIGHT_BUDGET_INPUT=2048
WEIGHT_BUDGET_PARSE=PASS
WEIGHT_BUDGET_MIB=2048
WEIGHT_BUDGET_BYTES=2147483648
WEIGHT_BUDGET_SOURCE=ENV
WEIGHT_BUDGET_INPUT=2048
WEIGHT_BUDGET_PARSE=PASS
WEIGHT_BUDGET_MIB=2048
WEIGHT_BUDGET_BYTES=2147483648
WEIGHT_BUDGET_SOURCE=ENV
WEIGHT_BUDGET_INPUT=2048
WEIGHT_BUDGET_PARSE=PASS
WEIGHT_BUDGET_MIB=2048
WEIGHT_BUDGET_BYTES=2147483648
WEIGHT_BUDGET_SOURCE=ENV
WEIGHT_BUDGET_INPUT=2048
WEIGHT_BUDGET_PARSE=PASS
WEIGHT_BUDGET_MIB=2048
WEIGHT_BUDGET_BYTES=2147483648
WEIGHT_BUDGET_SOURCE=ENV
WEIGHT_BUDGET_INPUT=2048
WEIGHT_BUDGET_PARSE=PASS
WEIGHT_BUDGET_MIB=2048
WEIGHT_BUDGET_BYTES=2147483648
WEIGHT_BUDGET_SOURCE=ENV
WEIGHT_BUDGET_INPUT=2048
WEIGHT_BUDGET_PARSE=PASS
WEIGHT_BUDGET_MIB=2048
WEIGHT_BUDGET_BYTES=2147483648
WEIGHT_BUDGET_SOURCE=ENV
WEIGHT_BUDGET_INPUT=2048
WEIGHT_BUDGET_PARSE=PASS
WEIGHT_BUDGET_MIB=2048
WEIGHT_BUDGET_BYTES=2147483648
WEIGHT_BUDGET_SOURCE=ENV
WEIGHT_BUDGET_INPUT=2048
WEIGHT_BUDGET_PARSE=PASS
WEIGHT_BUDGET_MIB=2048
WEIGHT_BUDGET_BYTES=2147483648
WEIGHT_BUDGET_SOURCE=ENV
WEIGHT_BUDGET_INPUT=2048
WEIGHT_BUDGET_PARSE=PASS
WEIGHT_BUDGET_MIB=2048
WEIGHT_BUDGET_BYTES=2147483648
WEIGHT_BUDGET_SOURCE=ENV
WEIGHT_BUDGET_INPUT=2048
WEIGHT_BUDGET_PARSE=PASS
WEIGHT_BUDGET_MIB=2048
WEIGHT_BUDGET_BYTES=2147483648
WEIGHT_BUDGET_SOURCE=ENV
HEAP_OK_FINAL_NORM_BEFORE=1
FINAL_NORM_SRC_PTR=00000211F82DC060
FINAL_NORM_DST_PTR=00000211F82DC060
FINAL_NORM_WEIGHT_PTR=00000211A0D30000
FINAL_NORM_WEIGHT_SOURCE=HOST_MAPPED
FINAL_NORM_WEIGHT_FULFILLED=1
FINAL_NORM_WEIGHT_BYTES=12288
FINAL_NORM_WEIGHT_0=1.765625
FINAL_NORM_WEIGHT_1=1.75
FINAL_NORM_WEIGHT_2=1.5625
FINAL_NORM_WEIGHT_3=1.7734375
FINAL_NORM_WEIGHT_L2=91.4481258
FINAL_NORM_SUMSQ=1270.0619
FINAL_NORM_MEAN_SQ=0.413431608
FINAL_NORM_EPS=9.99999975e-06
FINAL_NORM_INV_RMS=1.55522382
FINAL_NORM_SRC_0=-0.185024053
FINAL_NORM_DST_0=-0.508065343
FINAL_NORM_AFTER_L2=87.3419781
HEAP_OK_FINAL_NORM_AFTER=1
WEIGHT_BUDGET_INPUT=2048
WEIGHT_BUDGET_PARSE=PASS
WEIGHT_BUDGET_MIB=2048
WEIGHT_BUDGET_BYTES=2147483648
WEIGHT_BUDGET_SOURCE=ENV
WEIGHT_BUDGET_INPUT=2048
WEIGHT_BUDGET_PARSE=PASS
WEIGHT_BUDGET_MIB=2048
WEIGHT_BUDGET_BYTES=2147483648
WEIGHT_BUDGET_SOURCE=ENV
WEIGHT_BUDGET_INPUT=2048
WEIGHT_BUDGET_PARSE=PASS
WEIGHT_BUDGET_MIB=2048
WEIGHT_BUDGET_BYTES=2147483648
WEIGHT_BUDGET_SOURCE=ENV
WEIGHT_BUDGET_INPUT=2048
WEIGHT_BUDGET_PARSE=PASS
WEIGHT_BUDGET_MIB=2048
WEIGHT_BUDGET_BYTES=2147483648
WEIGHT_BUDGET_SOURCE=ENV
WEIGHT_BUDGET_INPUT=2048
WEIGHT_BUDGET_PARSE=PASS
WEIGHT_BUDGET_MIB=2048
WEIGHT_BUDGET_BYTES=2147483648
WEIGHT_BUDGET_SOURCE=ENV
WEIGHT_BUDGET_INPUT=2048
WEIGHT_BUDGET_PARSE=PASS
WEIGHT_BUDGET_MIB=2048
WEIGHT_BUDGET_BYTES=2147483648
WEIGHT_BUDGET_SOURCE=ENV
WEIGHT_BUDGET_INPUT=2048
WEIGHT_BUDGET_PARSE=PASS
WEIGHT_BUDGET_MIB=2048
WEIGHT_BUDGET_BYTES=2147483648
WEIGHT_BUDGET_SOURCE=ENV
WEIGHT_BUDGET_INPUT=2048
WEIGHT_BUDGET_PARSE=PASS
WEIGHT_BUDGET_MIB=2048
WEIGHT_BUDGET_BYTES=2147483648
WEIGHT_BUDGET_SOURCE=ENV
WEIGHT_BUDGET_INPUT=2048
WEIGHT_BUDGET_PARSE=PASS
WEIGHT_BUDGET_MIB=2048
WEIGHT_BUDGET_BYTES=2147483648
WEIGHT_BUDGET_SOURCE=ENV
WEIGHT_BUDGET_INPUT=2048
WEIGHT_BUDGET_PARSE=PASS
WEIGHT_BUDGET_MIB=2048
WEIGHT_BUDGET_BYTES=2147483648
WEIGHT_BUDGET_SOURCE=ENV
WEIGHT_BUDGET_INPUT=2048
WEIGHT_BUDGET_PARSE=PASS
WEIGHT_BUDGET_MIB=2048
WEIGHT_BUDGET_BYTES=2147483648
WEIGHT_BUDGET_SOURCE=ENV
WEIGHT_BUDGET_INPUT=2048
WEIGHT_BUDGET_PARSE=PASS
WEIGHT_BUDGET_MIB=2048
WEIGHT_BUDGET_BYTES=2147483648
WEIGHT_BUDGET_SOURCE=ENV
WEIGHT_BUDGET_INPUT=2048
WEIGHT_BUDGET_PARSE=PASS
WEIGHT_BUDGET_MIB=2048
WEIGHT_BUDGET_BYTES=2147483648
WEIGHT_BUDGET_SOURCE=ENV
WEIGHT_BUDGET_INPUT=2048
WEIGHT_BUDGET_PARSE=PASS
WEIGHT_BUDGET_MIB=2048
WEIGHT_BUDGET_BYTES=2147483648
WEIGHT_BUDGET_SOURCE=ENV
WEIGHT_BUDGET_INPUT=2048
WEIGHT_BUDGET_PARSE=PASS
WEIGHT_BUDGET_MIB=2048
WEIGHT_BUDGET_BYTES=2147483648
WEIGHT_BUDGET_SOURCE=ENV
WEIGHT_BUDGET_INPUT=2048
WEIGHT_BUDGET_PARSE=PASS
WEIGHT_BUDGET_MIB=2048
WEIGHT_BUDGET_BYTES=2147483648
WEIGHT_BUDGET_SOURCE=ENV
WEIGHT_BUDGET_INPUT=2048
WEIGHT_BUDGET_PARSE=PASS
WEIGHT_BUDGET_MIB=2048
WEIGHT_BUDGET_BYTES=2147483648
WEIGHT_BUDGET_SOURCE=ENV
WEIGHT_BUDGET_INPUT=2048
WEIGHT_BUDGET_PARSE=PASS
WEIGHT_BUDGET_MIB=2048
WEIGHT_BUDGET_BYTES=2147483648
WEIGHT_BUDGET_SOURCE=ENV
WEIGHT_BUDGET_INPUT=2048
WEIGHT_BUDGET_PARSE=PASS
WEIGHT_BUDGET_MIB=2048
WEIGHT_BUDGET_BYTES=2147483648
WEIGHT_BUDGET_SOURCE=ENV
WEIGHT_BUDGET_INPUT=2048
WEIGHT_BUDGET_PARSE=PASS
WEIGHT_BUDGET_MIB=2048
WEIGHT_BUDGET_BYTES=2147483648
WEIGHT_BUDGET_SOURCE=ENV
WEIGHT_BUDGET_INPUT=2048
WEIGHT_BUDGET_PARSE=PASS
WEIGHT_BUDGET_MIB=2048
WEIGHT_BUDGET_BYTES=2147483648
WEIGHT_BUDGET_SOURCE=ENV
WEIGHT_BUDGET_INPUT=2048
WEIGHT_BUDGET_PARSE=PASS
WEIGHT_BUDGET_MIB=2048
WEIGHT_BUDGET_BYTES=2147483648
WEIGHT_BUDGET_SOURCE=ENV
WEIGHT_BUDGET_INPUT=2048
WEIGHT_BUDGET_PARSE=PASS
WEIGHT_BUDGET_MIB=2048
WEIGHT_BUDGET_BYTES=2147483648
WEIGHT_BUDGET_SOURCE=ENV
WEIGHT_BUDGET_INPUT=2048
WEIGHT_BUDGET_PARSE=PASS
WEIGHT_BUDGET_MIB=2048
WEIGHT_BUDGET_BYTES=2147483648
WEIGHT_BUDGET_SOURCE=ENV
WEIGHT_BUDGET_INPUT=2048
WEIGHT_BUDGET_PARSE=PASS
WEIGHT_BUDGET_MIB=2048
WEIGHT_BUDGET_BYTES=2147483648
WEIGHT_BUDGET_SOURCE=ENV
WEIGHT_BUDGET_INPUT=2048
WEIGHT_BUDGET_PARSE=PASS
WEIGHT_BUDGET_MIB=2048
WEIGHT_BUDGET_BYTES=2147483648
WEIGHT_BUDGET_SOURCE=ENV
WEIGHT_BUDGET_INPUT=2048
WEIGHT_BUDGET_PARSE=PASS
WEIGHT_BUDGET_MIB=2048
WEIGHT_BUDGET_BYTES=2147483648
WEIGHT_BUDGET_SOURCE=ENV
WEIGHT_BUDGET_INPUT=2048
WEIGHT_BUDGET_PARSE=PASS
WEIGHT_BUDGET_MIB=2048
WEIGHT_BUDGET_BYTES=2147483648
WEIGHT_BUDGET_SOURCE=ENV
WEIGHT_BUDGET_INPUT=2048
WEIGHT_BUDGET_PARSE=PASS
WEIGHT_BUDGET_MIB=2048
WEIGHT_BUDGET_BYTES=2147483648
WEIGHT_BUDGET_SOURCE=ENV
WEIGHT_BUDGET_INPUT=2048
WEIGHT_BUDGET_PARSE=PASS
WEIGHT_BUDGET_MIB=2048
WEIGHT_BUDGET_BYTES=2147483648
WEIGHT_BUDGET_SOURCE=ENV
HEAP_OK_FINAL_NORM_BEFORE=1
FINAL_NORM_SRC_PTR=00000211F82DF060
FINAL_NORM_DST_PTR=00000211F82DF060
FINAL_NORM_WEIGHT_PTR=00000211A0D30000
FINAL_NORM_WEIGHT_SOURCE=HOST_MAPPED
FINAL_NORM_WEIGHT_FULFILLED=1
FINAL_NORM_WEIGHT_BYTES=12288
FINAL_NORM_WEIGHT_0=1.765625
FINAL_NORM_WEIGHT_1=1.75
FINAL_NORM_WEIGHT_2=1.5625
FINAL_NORM_WEIGHT_3=1.7734375
FINAL_NORM_WEIGHT_L2=91.4481258
FINAL_NORM_SUMSQ=1557.69109
FINAL_NORM_MEAN_SQ=0.507060902
FINAL_NORM_EPS=9.99999975e-06
FINAL_NORM_INV_RMS=1.40431857
FINAL_NORM_SRC_0=0.332772523
FINAL_NORM_DST_0=0.825109422
FINAL_NORM_AFTER_L2=87.8856904
HEAP_OK_FINAL_NORM_AFTER=1
WEIGHT_BUDGET_INPUT=2048
WEIGHT_BUDGET_PARSE=PASS
WEIGHT_BUDGET_MIB=2048
WEIGHT_BUDGET_BYTES=2147483648
WEIGHT_BUDGET_SOURCE=ENV
WEIGHT_BUDGET_INPUT=2048
WEIGHT_BUDGET_PARSE=PASS
WEIGHT_BUDGET_MIB=2048
WEIGHT_BUDGET_BYTES=2147483648
WEIGHT_BUDGET_SOURCE=ENV
WEIGHT_BUDGET_INPUT=2048
WEIGHT_BUDGET_PARSE=PASS
WEIGHT_BUDGET_MIB=2048
WEIGHT_BUDGET_BYTES=2147483648
WEIGHT_BUDGET_SOURCE=ENV
WEIGHT_BUDGET_INPUT=2048
WEIGHT_BUDGET_PARSE=PASS
WEIGHT_BUDGET_MIB=2048
WEIGHT_BUDGET_BYTES=2147483648
WEIGHT_BUDGET_SOURCE=ENV
WEIGHT_BUDGET_INPUT=2048
WEIGHT_BUDGET_PARSE=PASS
WEIGHT_BUDGET_MIB=2048
WEIGHT_BUDGET_BYTES=2147483648
WEIGHT_BUDGET_SOURCE=ENV
WEIGHT_BUDGET_INPUT=2048
WEIGHT_BUDGET_PARSE=PASS
WEIGHT_BUDGET_MIB=2048
WEIGHT_BUDGET_BYTES=2147483648
WEIGHT_BUDGET_SOURCE=ENV
WEIGHT_BUDGET_INPUT=2048
WEIGHT_BUDGET_PARSE=PASS
WEIGHT_BUDGET_MIB=2048
WEIGHT_BUDGET_BYTES=2147483648
WEIGHT_BUDGET_SOURCE=ENV
WEIGHT_BUDGET_INPUT=2048
WEIGHT_BUDGET_PARSE=PASS
WEIGHT_BUDGET_MIB=2048
WEIGHT_BUDGET_BYTES=2147483648
WEIGHT_BUDGET_SOURCE=ENV
WEIGHT_BUDGET_INPUT=2048
WEIGHT_BUDGET_PARSE=PASS
WEIGHT_BUDGET_MIB=2048
WEIGHT_BUDGET_BYTES=2147483648
WEIGHT_BUDGET_SOURCE=ENV
WEIGHT_BUDGET_INPUT=2048
WEIGHT_BUDGET_PARSE=PASS
WEIGHT_BUDGET_MIB=2048
WEIGHT_BUDGET_BYTES=2147483648
WEIGHT_BUDGET_SOURCE=ENV
WEIGHT_BUDGET_INPUT=2048
WEIGHT_BUDGET_PARSE=PASS
WEIGHT_BUDGET_MIB=2048
WEIGHT_BUDGET_BYTES=2147483648
WEIGHT_BUDGET_SOURCE=ENV
WEIGHT_BUDGET_INPUT=2048
WEIGHT_BUDGET_PARSE=PASS
WEIGHT_BUDGET_MIB=2048
WEIGHT_BUDGET_BYTES=2147483648
WEIGHT_BUDGET_SOURCE=ENV
WEIGHT_BUDGET_INPUT=2048
WEIGHT_BUDGET_PARSE=PASS
WEIGHT_BUDGET_MIB=2048
WEIGHT_BUDGET_BYTES=2147483648
WEIGHT_BUDGET_SOURCE=ENV
WEIGHT_BUDGET_INPUT=2048
WEIGHT_BUDGET_PARSE=PASS
WEIGHT_BUDGET_MIB=2048
WEIGHT_BUDGET_BYTES=2147483648
WEIGHT_BUDGET_SOURCE=ENV
WEIGHT_BUDGET_INPUT=2048
WEIGHT_BUDGET_PARSE=PASS
WEIGHT_BUDGET_MIB=2048
WEIGHT_BUDGET_BYTES=2147483648
WEIGHT_BUDGET_SOURCE=ENV
WEIGHT_BUDGET_INPUT=2048
WEIGHT_BUDGET_PARSE=PASS
WEIGHT_BUDGET_MIB=2048
WEIGHT_BUDGET_BYTES=2147483648
WEIGHT_BUDGET_SOURCE=ENV
WEIGHT_BUDGET_INPUT=2048
WEIGHT_BUDGET_PARSE=PASS
WEIGHT_BUDGET_MIB=2048
WEIGHT_BUDGET_BYTES=2147483648
WEIGHT_BUDGET_SOURCE=ENV
WEIGHT_BUDGET_INPUT=2048
WEIGHT_BUDGET_PARSE=PASS
WEIGHT_BUDGET_MIB=2048
WEIGHT_BUDGET_BYTES=2147483648
WEIGHT_BUDGET_SOURCE=ENV
WEIGHT_BUDGET_INPUT=2048
WEIGHT_BUDGET_PARSE=PASS
WEIGHT_BUDGET_MIB=2048
WEIGHT_BUDGET_BYTES=2147483648
WEIGHT_BUDGET_SOURCE=ENV
WEIGHT_BUDGET_INPUT=2048
WEIGHT_BUDGET_PARSE=PASS
WEIGHT_BUDGET_MIB=2048
WEIGHT_BUDGET_BYTES=2147483648
WEIGHT_BUDGET_SOURCE=ENV
WEIGHT_BUDGET_INPUT=2048
WEIGHT_BUDGET_PARSE=PASS
WEIGHT_BUDGET_MIB=2048
WEIGHT_BUDGET_BYTES=2147483648
WEIGHT_BUDGET_SOURCE=ENV
WEIGHT_BUDGET_INPUT=2048
WEIGHT_BUDGET_PARSE=PASS
WEIGHT_BUDGET_MIB=2048
WEIGHT_BUDGET_BYTES=2147483648
WEIGHT_BUDGET_SOURCE=ENV
WEIGHT_BUDGET_INPUT=2048
WEIGHT_BUDGET_PARSE=PASS
WEIGHT_BUDGET_MIB=2048
WEIGHT_BUDGET_BYTES=2147483648
WEIGHT_BUDGET_SOURCE=ENV
WEIGHT_BUDGET_INPUT=2048
WEIGHT_BUDGET_PARSE=PASS
WEIGHT_BUDGET_MIB=2048
WEIGHT_BUDGET_BYTES=2147483648
WEIGHT_BUDGET_SOURCE=ENV
WEIGHT_BUDGET_INPUT=2048
WEIGHT_BUDGET_PARSE=PASS
WEIGHT_BUDGET_MIB=2048
WEIGHT_BUDGET_BYTES=2147483648
WEIGHT_BUDGET_SOURCE=ENV
WEIGHT_BUDGET_INPUT=2048
WEIGHT_BUDGET_PARSE=PASS
WEIGHT_BUDGET_MIB=2048
WEIGHT_BUDGET_BYTES=2147483648
WEIGHT_BUDGET_SOURCE=ENV
WEIGHT_BUDGET_INPUT=2048
WEIGHT_BUDGET_PARSE=PASS
WEIGHT_BUDGET_MIB=2048
WEIGHT_BUDGET_BYTES=2147483648
WEIGHT_BUDGET_SOURCE=ENV
WEIGHT_BUDGET_INPUT=2048
WEIGHT_BUDGET_PARSE=PASS
WEIGHT_BUDGET_MIB=2048
WEIGHT_BUDGET_BYTES=2147483648
WEIGHT_BUDGET_SOURCE=ENV
WEIGHT_BUDGET_INPUT=2048
WEIGHT_BUDGET_PARSE=PASS
WEIGHT_BUDGET_MIB=2048
WEIGHT_BUDGET_BYTES=2147483648
WEIGHT_BUDGET_SOURCE=ENV
WEIGHT_BUDGET_INPUT=2048
WEIGHT_BUDGET_PARSE=PASS
WEIGHT_BUDGET_MIB=2048
WEIGHT_BUDGET_BYTES=2147483648
WEIGHT_BUDGET_SOURCE=ENV
HEAP_OK_FINAL_NORM_BEFORE=1
FINAL_NORM_SRC_PTR=00000211F82E2060
FINAL_NORM_DST_PTR=00000211F82E2060
FINAL_NORM_WEIGHT_PTR=00000211A0D30000
FINAL_NORM_WEIGHT_SOURCE=HOST_MAPPED
FINAL_NORM_WEIGHT_FULFILLED=1
FINAL_NORM_WEIGHT_BYTES=12288
FINAL_NORM_WEIGHT_0=1.765625
FINAL_NORM_WEIGHT_1=1.75
FINAL_NORM_WEIGHT_2=1.5625
FINAL_NORM_WEIGHT_3=1.7734375
FINAL_NORM_WEIGHT_L2=91.4481258
FINAL_NORM_SUMSQ=2525.01018
FINAL_NORM_MEAN_SQ=0.821943419
FINAL_NORM_EPS=9.99999975e-06
FINAL_NORM_INV_RMS=1.10300231
FINAL_NORM_SRC_0=0.740914106
FINAL_NORM_DST_0=1.44292164
FINAL_NORM_AFTER_L2=79.9643082
HEAP_OK_FINAL_NORM_AFTER=1
WEIGHT_BUDGET_INPUT=2048
WEIGHT_BUDGET_PARSE=PASS
WEIGHT_BUDGET_MIB=2048
WEIGHT_BUDGET_BYTES=2147483648
WEIGHT_BUDGET_SOURCE=ENV
WEIGHT_BUDGET_INPUT=2048
WEIGHT_BUDGET_PARSE=PASS
WEIGHT_BUDGET_MIB=2048
WEIGHT_BUDGET_BYTES=2147483648
WEIGHT_BUDGET_SOURCE=ENV
WEIGHT_BUDGET_INPUT=2048
WEIGHT_BUDGET_PARSE=PASS
WEIGHT_BUDGET_MIB=2048
WEIGHT_BUDGET_BYTES=2147483648
WEIGHT_BUDGET_SOURCE=ENV
WEIGHT_BUDGET_INPUT=2048
WEIGHT_BUDGET_PARSE=PASS
WEIGHT_BUDGET_MIB=2048
WEIGHT_BUDGET_BYTES=2147483648
WEIGHT_BUDGET_SOURCE=ENV
WEIGHT_BUDGET_INPUT=2048
WEIGHT_BUDGET_PARSE=PASS
WEIGHT_BUDGET_MIB=2048
WEIGHT_BUDGET_BYTES=2147483648
WEIGHT_BUDGET_SOURCE=ENV
WEIGHT_BUDGET_INPUT=2048
WEIGHT_BUDGET_PARSE=PASS
WEIGHT_BUDGET_MIB=2048
WEIGHT_BUDGET_BYTES=2147483648
WEIGHT_BUDGET_SOURCE=ENV
WEIGHT_BUDGET_INPUT=2048
WEIGHT_BUDGET_PARSE=PASS
WEIGHT_BUDGET_MIB=2048
WEIGHT_BUDGET_BYTES=2147483648
WEIGHT_BUDGET_SOURCE=ENV
WEIGHT_BUDGET_INPUT=2048
WEIGHT_BUDGET_PARSE=PASS
WEIGHT_BUDGET_MIB=2048
WEIGHT_BUDGET_BYTES=2147483648
WEIGHT_BUDGET_SOURCE=ENV
WEIGHT_BUDGET_INPUT=2048
WEIGHT_BUDGET_PARSE=PASS
WEIGHT_BUDGET_MIB=2048
WEIGHT_BUDGET_BYTES=2147483648
WEIGHT_BUDGET_SOURCE=ENV
WEIGHT_BUDGET_INPUT=2048
WEIGHT_BUDGET_PARSE=PASS
WEIGHT_BUDGET_MIB=2048
WEIGHT_BUDGET_BYTES=2147483648
WEIGHT_BUDGET_SOURCE=ENV
WEIGHT_BUDGET_INPUT=2048
WEIGHT_BUDGET_PARSE=PASS
WEIGHT_BUDGET_MIB=2048
WEIGHT_BUDGET_BYTES=2147483648
WEIGHT_BUDGET_SOURCE=ENV
WEIGHT_BUDGET_INPUT=2048
WEIGHT_BUDGET_PARSE=PASS
WEIGHT_BUDGET_MIB=2048
WEIGHT_BUDGET_BYTES=2147483648
WEIGHT_BUDGET_SOURCE=ENV
WEIGHT_BUDGET_INPUT=2048
WEIGHT_BUDGET_PARSE=PASS
WEIGHT_BUDGET_MIB=2048
WEIGHT_BUDGET_BYTES=2147483648
WEIGHT_BUDGET_SOURCE=ENV
WEIGHT_BUDGET_INPUT=2048
WEIGHT_BUDGET_PARSE=PASS
WEIGHT_BUDGET_MIB=2048
WEIGHT_BUDGET_BYTES=2147483648
WEIGHT_BUDGET_SOURCE=ENV
WEIGHT_BUDGET_INPUT=2048
WEIGHT_BUDGET_PARSE=PASS
WEIGHT_BUDGET_MIB=2048
WEIGHT_BUDGET_BYTES=2147483648
WEIGHT_BUDGET_SOURCE=ENV
WEIGHT_BUDGET_INPUT=2048
WEIGHT_BUDGET_PARSE=PASS
WEIGHT_BUDGET_MIB=2048
WEIGHT_BUDGET_BYTES=2147483648
WEIGHT_BUDGET_SOURCE=ENV
WEIGHT_BUDGET_INPUT=2048
WEIGHT_BUDGET_PARSE=PASS
WEIGHT_BUDGET_MIB=2048
WEIGHT_BUDGET_BYTES=2147483648
WEIGHT_BUDGET_SOURCE=ENV
WEIGHT_BUDGET_INPUT=2048
WEIGHT_BUDGET_PARSE=PASS
WEIGHT_BUDGET_MIB=2048
WEIGHT_BUDGET_BYTES=2147483648
WEIGHT_BUDGET_SOURCE=ENV
WEIGHT_BUDGET_INPUT=2048
WEIGHT_BUDGET_PARSE=PASS
WEIGHT_BUDGET_MIB=2048
WEIGHT_BUDGET_BYTES=2147483648
WEIGHT_BUDGET_SOURCE=ENV
WEIGHT_BUDGET_INPUT=2048
WEIGHT_BUDGET_PARSE=PASS
WEIGHT_BUDGET_MIB=2048
WEIGHT_BUDGET_BYTES=2147483648
WEIGHT_BUDGET_SOURCE=ENV
WEIGHT_BUDGET_INPUT=2048
WEIGHT_BUDGET_PARSE=PASS
WEIGHT_BUDGET_MIB=2048
WEIGHT_BUDGET_BYTES=2147483648
WEIGHT_BUDGET_SOURCE=ENV
WEIGHT_BUDGET_INPUT=2048
WEIGHT_BUDGET_PARSE=PASS
WEIGHT_BUDGET_MIB=2048
WEIGHT_BUDGET_BYTES=2147483648
WEIGHT_BUDGET_SOURCE=ENV
WEIGHT_BUDGET_INPUT=2048
WEIGHT_BUDGET_PARSE=PASS
WEIGHT_BUDGET_MIB=2048
WEIGHT_BUDGET_BYTES=2147483648
WEIGHT_BUDGET_SOURCE=ENV
WEIGHT_BUDGET_INPUT=2048
WEIGHT_BUDGET_PARSE=PASS
WEIGHT_BUDGET_MIB=2048
WEIGHT_BUDGET_BYTES=2147483648
WEIGHT_BUDGET_SOURCE=ENV
WEIGHT_BUDGET_INPUT=2048
WEIGHT_BUDGET_PARSE=PASS
WEIGHT_BUDGET_MIB=2048
WEIGHT_BUDGET_BYTES=2147483648
WEIGHT_BUDGET_SOURCE=ENV
WEIGHT_BUDGET_INPUT=2048
WEIGHT_BUDGET_PARSE=PASS
WEIGHT_BUDGET_MIB=2048
WEIGHT_BUDGET_BYTES=2147483648
WEIGHT_BUDGET_SOURCE=ENV
WEIGHT_BUDGET_INPUT=2048
WEIGHT_BUDGET_PARSE=PASS
WEIGHT_BUDGET_MIB=2048
WEIGHT_BUDGET_BYTES=2147483648
WEIGHT_BUDGET_SOURCE=ENV
WEIGHT_BUDGET_INPUT=2048
WEIGHT_BUDGET_PARSE=PASS
WEIGHT_BUDGET_MIB=2048
WEIGHT_BUDGET_BYTES=2147483648
WEIGHT_BUDGET_SOURCE=ENV
WEIGHT_BUDGET_INPUT=2048
WEIGHT_BUDGET_PARSE=PASS
WEIGHT_BUDGET_MIB=2048
WEIGHT_BUDGET_BYTES=2147483648
WEIGHT_BUDGET_SOURCE=ENV
WEIGHT_BUDGET_INPUT=2048
WEIGHT_BUDGET_PARSE=PASS
WEIGHT_BUDGET_MIB=2048
WEIGHT_BUDGET_BYTES=2147483648
WEIGHT_BUDGET_SOURCE=ENV
HEAP_OK_FINAL_NORM_BEFORE=1
FINAL_NORM_SRC_PTR=00000211F82E5060
FINAL_NORM_DST_PTR=00000211F82E5060
FINAL_NORM_WEIGHT_PTR=00000211A0D30000
FINAL_NORM_WEIGHT_SOURCE=HOST_MAPPED
FINAL_NORM_WEIGHT_FULFILLED=1
FINAL_NORM_WEIGHT_BYTES=12288
FINAL_NORM_WEIGHT_0=1.765625
FINAL_NORM_WEIGHT_1=1.75
FINAL_NORM_WEIGHT_2=1.5625
FINAL_NORM_WEIGHT_3=1.7734375
FINAL_NORM_WEIGHT_L2=91.4481258
FINAL_NORM_SUMSQ=1292.11889
FINAL_NORM_MEAN_SQ=0.420611616
FINAL_NORM_EPS=9.99999975e-06
FINAL_NORM_INV_RMS=1.54189289
FINAL_NORM_SRC_0=0.491547406
FINAL_NORM_DST_0=1.33819091
FINAL_NORM_AFTER_L2=90.5765475
HEAP_OK_FINAL_NORM_AFTER=1
WEIGHT_BUDGET_INPUT=2048
WEIGHT_BUDGET_PARSE=PASS
WEIGHT_BUDGET_MIB=2048
WEIGHT_BUDGET_BYTES=2147483648
WEIGHT_BUDGET_SOURCE=ENV
WEIGHT_BUDGET_INPUT=2048
WEIGHT_BUDGET_PARSE=PASS
WEIGHT_BUDGET_MIB=2048
WEIGHT_BUDGET_BYTES=2147483648
WEIGHT_BUDGET_SOURCE=ENV
WEIGHT_BUDGET_INPUT=2048
WEIGHT_BUDGET_PARSE=PASS
WEIGHT_BUDGET_MIB=2048
WEIGHT_BUDGET_BYTES=2147483648
WEIGHT_BUDGET_SOURCE=ENV
WEIGHT_BUDGET_INPUT=2048
WEIGHT_BUDGET_PARSE=PASS
WEIGHT_BUDGET_MIB=2048
WEIGHT_BUDGET_BYTES=2147483648
WEIGHT_BUDGET_SOURCE=ENV
WEIGHT_BUDGET_INPUT=2048
WEIGHT_BUDGET_PARSE=PASS
WEIGHT_BUDGET_MIB=2048
WEIGHT_BUDGET_BYTES=2147483648
WEIGHT_BUDGET_SOURCE=ENV
WEIGHT_BUDGET_INPUT=2048
WEIGHT_BUDGET_PARSE=PASS
WEIGHT_BUDGET_MIB=2048
WEIGHT_BUDGET_BYTES=2147483648
WEIGHT_BUDGET_SOURCE=ENV
WEIGHT_BUDGET_INPUT=2048
WEIGHT_BUDGET_PARSE=PASS
WEIGHT_BUDGET_MIB=2048
WEIGHT_BUDGET_BYTES=2147483648
WEIGHT_BUDGET_SOURCE=ENV
WEIGHT_BUDGET_INPUT=2048
WEIGHT_BUDGET_PARSE=PASS
WEIGHT_BUDGET_MIB=2048
WEIGHT_BUDGET_BYTES=2147483648
WEIGHT_BUDGET_SOURCE=ENV
WEIGHT_BUDGET_INPUT=2048
WEIGHT_BUDGET_PARSE=PASS
WEIGHT_BUDGET_MIB=2048
WEIGHT_BUDGET_BYTES=2147483648
WEIGHT_BUDGET_SOURCE=ENV
WEIGHT_BUDGET_INPUT=2048
WEIGHT_BUDGET_PARSE=PASS
WEIGHT_BUDGET_MIB=2048
WEIGHT_BUDGET_BYTES=2147483648
WEIGHT_BUDGET_SOURCE=ENV
WEIGHT_BUDGET_INPUT=2048
WEIGHT_BUDGET_PARSE=PASS
WEIGHT_BUDGET_MIB=2048
WEIGHT_BUDGET_BYTES=2147483648
WEIGHT_BUDGET_SOURCE=ENV
WEIGHT_BUDGET_INPUT=2048
WEIGHT_BUDGET_PARSE=PASS
WEIGHT_BUDGET_MIB=2048
WEIGHT_BUDGET_BYTES=2147483648
WEIGHT_BUDGET_SOURCE=ENV
WEIGHT_BUDGET_INPUT=2048
WEIGHT_BUDGET_PARSE=PASS
WEIGHT_BUDGET_MIB=2048
WEIGHT_BUDGET_BYTES=2147483648
WEIGHT_BUDGET_SOURCE=ENV
WEIGHT_BUDGET_INPUT=2048
WEIGHT_BUDGET_PARSE=PASS
WEIGHT_BUDGET_MIB=2048
WEIGHT_BUDGET_BYTES=2147483648
WEIGHT_BUDGET_SOURCE=ENV
WEIGHT_BUDGET_INPUT=2048
WEIGHT_BUDGET_PARSE=PASS
WEIGHT_BUDGET_MIB=2048
WEIGHT_BUDGET_BYTES=2147483648
WEIGHT_BUDGET_SOURCE=ENV
WEIGHT_BUDGET_INPUT=2048
WEIGHT_BUDGET_PARSE=PASS
WEIGHT_BUDGET_MIB=2048
WEIGHT_BUDGET_BYTES=2147483648
WEIGHT_BUDGET_SOURCE=ENV
WEIGHT_BUDGET_INPUT=2048
WEIGHT_BUDGET_PARSE=PASS
WEIGHT_BUDGET_MIB=2048
WEIGHT_BUDGET_BYTES=2147483648
WEIGHT_BUDGET_SOURCE=ENV
WEIGHT_BUDGET_INPUT=2048
WEIGHT_BUDGET_PARSE=PASS
WEIGHT_BUDGET_MIB=2048
WEIGHT_BUDGET_BYTES=2147483648
WEIGHT_BUDGET_SOURCE=ENV
WEIGHT_BUDGET_INPUT=2048
WEIGHT_BUDGET_PARSE=PASS
WEIGHT_BUDGET_MIB=2048
WEIGHT_BUDGET_BYTES=2147483648
WEIGHT_BUDGET_SOURCE=ENV
WEIGHT_BUDGET_INPUT=2048
WEIGHT_BUDGET_PARSE=PASS
WEIGHT_BUDGET_MIB=2048
WEIGHT_BUDGET_BYTES=2147483648
WEIGHT_BUDGET_SOURCE=ENV
WEIGHT_BUDGET_INPUT=2048
WEIGHT_BUDGET_PARSE=PASS
WEIGHT_BUDGET_MIB=2048
WEIGHT_BUDGET_BYTES=2147483648
WEIGHT_BUDGET_SOURCE=ENV
WEIGHT_BUDGET_INPUT=2048
WEIGHT_BUDGET_PARSE=PASS
WEIGHT_BUDGET_MIB=2048
WEIGHT_BUDGET_BYTES=2147483648
WEIGHT_BUDGET_SOURCE=ENV
WEIGHT_BUDGET_INPUT=2048
WEIGHT_BUDGET_PARSE=PASS
WEIGHT_BUDGET_MIB=2048
WEIGHT_BUDGET_BYTES=2147483648
WEIGHT_BUDGET_SOURCE=ENV
WEIGHT_BUDGET_INPUT=2048
WEIGHT_BUDGET_PARSE=PASS
WEIGHT_BUDGET_MIB=2048
WEIGHT_BUDGET_BYTES=2147483648
WEIGHT_BUDGET_SOURCE=ENV
WEIGHT_BUDGET_INPUT=2048
WEIGHT_BUDGET_PARSE=PASS
WEIGHT_BUDGET_MIB=2048
WEIGHT_BUDGET_BYTES=2147483648
WEIGHT_BUDGET_SOURCE=ENV
WEIGHT_BUDGET_INPUT=2048
WEIGHT_BUDGET_PARSE=PASS
WEIGHT_BUDGET_MIB=2048
WEIGHT_BUDGET_BYTES=2147483648
WEIGHT_BUDGET_SOURCE=ENV
WEIGHT_BUDGET_INPUT=2048
WEIGHT_BUDGET_PARSE=PASS
WEIGHT_BUDGET_MIB=2048
WEIGHT_BUDGET_BYTES=2147483648
WEIGHT_BUDGET_SOURCE=ENV
WEIGHT_BUDGET_INPUT=2048
WEIGHT_BUDGET_PARSE=PASS
WEIGHT_BUDGET_MIB=2048
WEIGHT_BUDGET_BYTES=2147483648
WEIGHT_BUDGET_SOURCE=ENV
WEIGHT_BUDGET_INPUT=2048
WEIGHT_BUDGET_PARSE=PASS
WEIGHT_BUDGET_MIB=2048
WEIGHT_BUDGET_BYTES=2147483648
WEIGHT_BUDGET_SOURCE=ENV
WEIGHT_BUDGET_INPUT=2048
WEIGHT_BUDGET_PARSE=PASS
WEIGHT_BUDGET_MIB=2048
WEIGHT_BUDGET_BYTES=2147483648
WEIGHT_BUDGET_SOURCE=ENV
HEAP_OK_FINAL_NORM_BEFORE=1
FINAL_NORM_SRC_PTR=00000211F82E8060
FINAL_NORM_DST_PTR=00000211F82E8060
FINAL_NORM_WEIGHT_PTR=00000211A0D30000
FINAL_NORM_WEIGHT_SOURCE=HOST_MAPPED
FINAL_NORM_WEIGHT_FULFILLED=1
FINAL_NORM_WEIGHT_BYTES=12288
FINAL_NORM_WEIGHT_0=1.765625
FINAL_NORM_WEIGHT_1=1.75
FINAL_NORM_WEIGHT_2=1.5625
FINAL_NORM_WEIGHT_3=1.7734375
FINAL_NORM_WEIGHT_L2=91.4481258
FINAL_NORM_SUMSQ=1902.5955
FINAL_NORM_MEAN_SQ=0.619334472
FINAL_NORM_EPS=9.99999975e-06
FINAL_NORM_INV_RMS=1.27067316
FINAL_NORM_SRC_0=-0.557516277
FINAL_NORM_DST_0=-1.25080585
FINAL_NORM_AFTER_L2=88.4092944
HEAP_OK_FINAL_NORM_AFTER=1
WEIGHT_BUDGET_INPUT=2048
WEIGHT_BUDGET_PARSE=PASS
WEIGHT_BUDGET_MIB=2048
WEIGHT_BUDGET_BYTES=2147483648
WEIGHT_BUDGET_SOURCE=ENV
WEIGHT_BUDGET_INPUT=2048
WEIGHT_BUDGET_PARSE=PASS
WEIGHT_BUDGET_MIB=2048
WEIGHT_BUDGET_BYTES=2147483648
WEIGHT_BUDGET_SOURCE=ENV
WEIGHT_BUDGET_INPUT=2048
WEIGHT_BUDGET_PARSE=PASS
WEIGHT_BUDGET_MIB=2048
WEIGHT_BUDGET_BYTES=2147483648
WEIGHT_BUDGET_SOURCE=ENV
WEIGHT_BUDGET_INPUT=2048
WEIGHT_BUDGET_PARSE=PASS
WEIGHT_BUDGET_MIB=2048
WEIGHT_BUDGET_BYTES=2147483648
WEIGHT_BUDGET_SOURCE=ENV
WEIGHT_BUDGET_INPUT=2048
WEIGHT_BUDGET_PARSE=PASS
WEIGHT_BUDGET_MIB=2048
WEIGHT_BUDGET_BYTES=2147483648
WEIGHT_BUDGET_SOURCE=ENV
WEIGHT_BUDGET_INPUT=2048
WEIGHT_BUDGET_PARSE=PASS
WEIGHT_BUDGET_MIB=2048
WEIGHT_BUDGET_BYTES=2147483648
WEIGHT_BUDGET_SOURCE=ENV
WEIGHT_BUDGET_INPUT=2048
WEIGHT_BUDGET_PARSE=PASS
WEIGHT_BUDGET_MIB=2048
WEIGHT_BUDGET_BYTES=2147483648
WEIGHT_BUDGET_SOURCE=ENV
WEIGHT_BUDGET_INPUT=2048
WEIGHT_BUDGET_PARSE=PASS
WEIGHT_BUDGET_MIB=2048
WEIGHT_BUDGET_BYTES=2147483648
WEIGHT_BUDGET_SOURCE=ENV
WEIGHT_BUDGET_INPUT=2048
WEIGHT_BUDGET_PARSE=PASS
WEIGHT_BUDGET_MIB=2048
WEIGHT_BUDGET_BYTES=2147483648
WEIGHT_BUDGET_SOURCE=ENV
WEIGHT_BUDGET_INPUT=2048
WEIGHT_BUDGET_PARSE=PASS
WEIGHT_BUDGET_MIB=2048
WEIGHT_BUDGET_BYTES=2147483648
WEIGHT_BUDGET_SOURCE=ENV
WEIGHT_BUDGET_INPUT=2048
WEIGHT_BUDGET_PARSE=PASS
WEIGHT_BUDGET_MIB=2048
WEIGHT_BUDGET_BYTES=2147483648
WEIGHT_BUDGET_SOURCE=ENV
WEIGHT_BUDGET_INPUT=2048
WEIGHT_BUDGET_PARSE=PASS
WEIGHT_BUDGET_MIB=2048
WEIGHT_BUDGET_BYTES=2147483648
WEIGHT_BUDGET_SOURCE=ENV
WEIGHT_BUDGET_INPUT=2048
WEIGHT_BUDGET_PARSE=PASS
WEIGHT_BUDGET_MIB=2048
WEIGHT_BUDGET_BYTES=2147483648
WEIGHT_BUDGET_SOURCE=ENV
WEIGHT_BUDGET_INPUT=2048
WEIGHT_BUDGET_PARSE=PASS
WEIGHT_BUDGET_MIB=2048
WEIGHT_BUDGET_BYTES=2147483648
WEIGHT_BUDGET_SOURCE=ENV
WEIGHT_BUDGET_INPUT=2048
WEIGHT_BUDGET_PARSE=PASS
WEIGHT_BUDGET_MIB=2048
WEIGHT_BUDGET_BYTES=2147483648
WEIGHT_BUDGET_SOURCE=ENV
WEIGHT_BUDGET_INPUT=2048
WEIGHT_BUDGET_PARSE=PASS
WEIGHT_BUDGET_MIB=2048
WEIGHT_BUDGET_BYTES=2147483648
WEIGHT_BUDGET_SOURCE=ENV
WEIGHT_BUDGET_INPUT=2048
WEIGHT_BUDGET_PARSE=PASS
WEIGHT_BUDGET_MIB=2048
WEIGHT_BUDGET_BYTES=2147483648
WEIGHT_BUDGET_SOURCE=ENV
WEIGHT_BUDGET_INPUT=2048
WEIGHT_BUDGET_PARSE=PASS
WEIGHT_BUDGET_MIB=2048
WEIGHT_BUDGET_BYTES=2147483648
WEIGHT_BUDGET_SOURCE=ENV
WEIGHT_BUDGET_INPUT=2048
WEIGHT_BUDGET_PARSE=PASS
WEIGHT_BUDGET_MIB=2048
WEIGHT_BUDGET_BYTES=2147483648
WEIGHT_BUDGET_SOURCE=ENV
WEIGHT_BUDGET_INPUT=2048
WEIGHT_BUDGET_PARSE=PASS
WEIGHT_BUDGET_MIB=2048
WEIGHT_BUDGET_BYTES=2147483648
WEIGHT_BUDGET_SOURCE=ENV
WEIGHT_BUDGET_INPUT=2048
WEIGHT_BUDGET_PARSE=PASS
WEIGHT_BUDGET_MIB=2048
WEIGHT_BUDGET_BYTES=2147483648
WEIGHT_BUDGET_SOURCE=ENV
WEIGHT_BUDGET_INPUT=2048
WEIGHT_BUDGET_PARSE=PASS
WEIGHT_BUDGET_MIB=2048
WEIGHT_BUDGET_BYTES=2147483648
WEIGHT_BUDGET_SOURCE=ENV
WEIGHT_BUDGET_INPUT=2048
WEIGHT_BUDGET_PARSE=PASS
WEIGHT_BUDGET_MIB=2048
WEIGHT_BUDGET_BYTES=2147483648
WEIGHT_BUDGET_SOURCE=ENV
WEIGHT_BUDGET_INPUT=2048
WEIGHT_BUDGET_PARSE=PASS
WEIGHT_BUDGET_MIB=2048
WEIGHT_BUDGET_BYTES=2147483648
WEIGHT_BUDGET_SOURCE=ENV
WEIGHT_BUDGET_INPUT=2048
WEIGHT_BUDGET_PARSE=PASS
WEIGHT_BUDGET_MIB=2048
WEIGHT_BUDGET_BYTES=2147483648
WEIGHT_BUDGET_SOURCE=ENV
WEIGHT_BUDGET_INPUT=2048
WEIGHT_BUDGET_PARSE=PASS
WEIGHT_BUDGET_MIB=2048
WEIGHT_BUDGET_BYTES=2147483648
WEIGHT_BUDGET_SOURCE=ENV
WEIGHT_BUDGET_INPUT=2048
WEIGHT_BUDGET_PARSE=PASS
WEIGHT_BUDGET_MIB=2048
WEIGHT_BUDGET_BYTES=2147483648
WEIGHT_BUDGET_SOURCE=ENV
WEIGHT_BUDGET_INPUT=2048
WEIGHT_BUDGET_PARSE=PASS
WEIGHT_BUDGET_MIB=2048
WEIGHT_BUDGET_BYTES=2147483648
WEIGHT_BUDGET_SOURCE=ENV
WEIGHT_BUDGET_INPUT=2048
WEIGHT_BUDGET_PARSE=PASS
WEIGHT_BUDGET_MIB=2048
WEIGHT_BUDGET_BYTES=2147483648
WEIGHT_BUDGET_SOURCE=ENV
WEIGHT_BUDGET_INPUT=2048
WEIGHT_BUDGET_PARSE=PASS
WEIGHT_BUDGET_MIB=2048
WEIGHT_BUDGET_BYTES=2147483648
WEIGHT_BUDGET_SOURCE=ENV
HEAP_OK_FINAL_NORM_BEFORE=1
FINAL_NORM_SRC_PTR=00000211F82EB060
FINAL_NORM_DST_PTR=00000211F82EB060
FINAL_NORM_WEIGHT_PTR=00000211A0D30000
FINAL_NORM_WEIGHT_SOURCE=HOST_MAPPED
FINAL_NORM_WEIGHT_FULFILLED=1
FINAL_NORM_WEIGHT_BYTES=12288
FINAL_NORM_WEIGHT_0=1.765625
FINAL_NORM_WEIGHT_1=1.75
FINAL_NORM_WEIGHT_2=1.5625
FINAL_NORM_WEIGHT_3=1.7734375
FINAL_NORM_WEIGHT_L2=91.4481258
FINAL_NORM_SUMSQ=1310.65071
FINAL_NORM_MEAN_SQ=0.426644111
FINAL_NORM_EPS=9.99999975e-06
FINAL_NORM_INV_RMS=1.53095353
FINAL_NORM_SRC_0=-0.0367341749
FINAL_NORM_DST_0=-0.0992957801
FINAL_NORM_AFTER_L2=90.9886918
HEAP_OK_FINAL_NORM_AFTER=1
WEIGHT_BUDGET_INPUT=2048
WEIGHT_BUDGET_PARSE=PASS
WEIGHT_BUDGET_MIB=2048
WEIGHT_BUDGET_BYTES=2147483648
WEIGHT_BUDGET_SOURCE=ENV
WEIGHT_BUDGET_INPUT=2048
WEIGHT_BUDGET_PARSE=PASS
WEIGHT_BUDGET_MIB=2048
WEIGHT_BUDGET_BYTES=2147483648
WEIGHT_BUDGET_SOURCE=ENV
WEIGHT_BUDGET_INPUT=2048
WEIGHT_BUDGET_PARSE=PASS
WEIGHT_BUDGET_MIB=2048
WEIGHT_BUDGET_BYTES=2147483648
WEIGHT_BUDGET_SOURCE=ENV
WEIGHT_BUDGET_INPUT=2048
WEIGHT_BUDGET_PARSE=PASS
WEIGHT_BUDGET_MIB=2048
WEIGHT_BUDGET_BYTES=2147483648
WEIGHT_BUDGET_SOURCE=ENV
WEIGHT_BUDGET_INPUT=2048
WEIGHT_BUDGET_PARSE=PASS
WEIGHT_BUDGET_MIB=2048
WEIGHT_BUDGET_BYTES=2147483648
WEIGHT_BUDGET_SOURCE=ENV
WEIGHT_BUDGET_INPUT=2048
WEIGHT_BUDGET_PARSE=PASS
WEIGHT_BUDGET_MIB=2048
WEIGHT_BUDGET_BYTES=2147483648
WEIGHT_BUDGET_SOURCE=ENV
WEIGHT_BUDGET_INPUT=2048
WEIGHT_BUDGET_PARSE=PASS
WEIGHT_BUDGET_MIB=2048
WEIGHT_BUDGET_BYTES=2147483648
WEIGHT_BUDGET_SOURCE=ENV
WEIGHT_BUDGET_INPUT=2048
WEIGHT_BUDGET_PARSE=PASS
WEIGHT_BUDGET_MIB=2048
WEIGHT_BUDGET_BYTES=2147483648
WEIGHT_BUDGET_SOURCE=ENV
WEIGHT_BUDGET_INPUT=2048
WEIGHT_BUDGET_PARSE=PASS
WEIGHT_BUDGET_MIB=2048
WEIGHT_BUDGET_BYTES=2147483648
WEIGHT_BUDGET_SOURCE=ENV
WEIGHT_BUDGET_INPUT=2048
WEIGHT_BUDGET_PARSE=PASS
WEIGHT_BUDGET_MIB=2048
WEIGHT_BUDGET_BYTES=2147483648
WEIGHT_BUDGET_SOURCE=ENV
WEIGHT_BUDGET_INPUT=2048
WEIGHT_BUDGET_PARSE=PASS
WEIGHT_BUDGET_MIB=2048
WEIGHT_BUDGET_BYTES=2147483648
WEIGHT_BUDGET_SOURCE=ENV
WEIGHT_BUDGET_INPUT=2048
WEIGHT_BUDGET_PARSE=PASS
WEIGHT_BUDGET_MIB=2048
WEIGHT_BUDGET_BYTES=2147483648
WEIGHT_BUDGET_SOURCE=ENV
WEIGHT_BUDGET_INPUT=2048
WEIGHT_BUDGET_PARSE=PASS
WEIGHT_BUDGET_MIB=2048
WEIGHT_BUDGET_BYTES=2147483648
WEIGHT_BUDGET_SOURCE=ENV
WEIGHT_BUDGET_INPUT=2048
WEIGHT_BUDGET_PARSE=PASS
WEIGHT_BUDGET_MIB=2048
WEIGHT_BUDGET_BYTES=2147483648
WEIGHT_BUDGET_SOURCE=ENV
WEIGHT_BUDGET_INPUT=2048
WEIGHT_BUDGET_PARSE=PASS
WEIGHT_BUDGET_MIB=2048
WEIGHT_BUDGET_BYTES=2147483648
WEIGHT_BUDGET_SOURCE=ENV
WEIGHT_BUDGET_INPUT=2048
WEIGHT_BUDGET_PARSE=PASS
WEIGHT_BUDGET_MIB=2048
WEIGHT_BUDGET_BYTES=2147483648
WEIGHT_BUDGET_SOURCE=ENV
WEIGHT_BUDGET_INPUT=2048
WEIGHT_BUDGET_PARSE=PASS
WEIGHT_BUDGET_MIB=2048
WEIGHT_BUDGET_BYTES=2147483648
WEIGHT_BUDGET_SOURCE=ENV
WEIGHT_BUDGET_INPUT=2048
WEIGHT_BUDGET_PARSE=PASS
WEIGHT_BUDGET_MIB=2048
WEIGHT_BUDGET_BYTES=2147483648
WEIGHT_BUDGET_SOURCE=ENV
WEIGHT_BUDGET_INPUT=2048
WEIGHT_BUDGET_PARSE=PASS
WEIGHT_BUDGET_MIB=2048
WEIGHT_BUDGET_BYTES=2147483648
WEIGHT_BUDGET_SOURCE=ENV
WEIGHT_BUDGET_INPUT=2048
WEIGHT_BUDGET_PARSE=PASS
WEIGHT_BUDGET_MIB=2048
WEIGHT_BUDGET_BYTES=2147483648
WEIGHT_BUDGET_SOURCE=ENV
WEIGHT_BUDGET_INPUT=2048
WEIGHT_BUDGET_PARSE=PASS
WEIGHT_BUDGET_MIB=2048
WEIGHT_BUDGET_BYTES=2147483648
WEIGHT_BUDGET_SOURCE=ENV
WEIGHT_BUDGET_INPUT=2048
WEIGHT_BUDGET_PARSE=PASS
WEIGHT_BUDGET_MIB=2048
WEIGHT_BUDGET_BYTES=2147483648
WEIGHT_BUDGET_SOURCE=ENV
WEIGHT_BUDGET_INPUT=2048
WEIGHT_BUDGET_PARSE=PASS
WEIGHT_BUDGET_MIB=2048
WEIGHT_BUDGET_BYTES=2147483648
WEIGHT_BUDGET_SOURCE=ENV
WEIGHT_BUDGET_INPUT=2048
WEIGHT_BUDGET_PARSE=PASS
WEIGHT_BUDGET_MIB=2048
WEIGHT_BUDGET_BYTES=2147483648
WEIGHT_BUDGET_SOURCE=ENV
WEIGHT_BUDGET_INPUT=2048
WEIGHT_BUDGET_PARSE=PASS
WEIGHT_BUDGET_MIB=2048
WEIGHT_BUDGET_BYTES=2147483648
WEIGHT_BUDGET_SOURCE=ENV
WEIGHT_BUDGET_INPUT=2048
WEIGHT_BUDGET_PARSE=PASS
WEIGHT_BUDGET_MIB=2048
WEIGHT_BUDGET_BYTES=2147483648
WEIGHT_BUDGET_SOURCE=ENV
WEIGHT_BUDGET_INPUT=2048
WEIGHT_BUDGET_PARSE=PASS
WEIGHT_BUDGET_MIB=2048
WEIGHT_BUDGET_BYTES=2147483648
WEIGHT_BUDGET_SOURCE=ENV
WEIGHT_BUDGET_INPUT=2048
WEIGHT_BUDGET_PARSE=PASS
WEIGHT_BUDGET_MIB=2048
WEIGHT_BUDGET_BYTES=2147483648
WEIGHT_BUDGET_SOURCE=ENV
WEIGHT_BUDGET_INPUT=2048
WEIGHT_BUDGET_PARSE=PASS
WEIGHT_BUDGET_MIB=2048
WEIGHT_BUDGET_BYTES=2147483648
WEIGHT_BUDGET_SOURCE=ENV
WEIGHT_BUDGET_INPUT=2048
WEIGHT_BUDGET_PARSE=PASS
WEIGHT_BUDGET_MIB=2048
WEIGHT_BUDGET_BYTES=2147483648
WEIGHT_BUDGET_SOURCE=ENV
HEAP_OK_FINAL_NORM_BEFORE=1
FINAL_NORM_SRC_PTR=00000211F82EE060
FINAL_NORM_DST_PTR=00000211F82EE060
FINAL_NORM_WEIGHT_PTR=00000211A0D30000
FINAL_NORM_WEIGHT_SOURCE=HOST_MAPPED
FINAL_NORM_WEIGHT_FULFILLED=1
FINAL_NORM_WEIGHT_BYTES=12288
FINAL_NORM_WEIGHT_0=1.765625
FINAL_NORM_WEIGHT_1=1.75
FINAL_NORM_WEIGHT_2=1.5625
FINAL_NORM_WEIGHT_3=1.7734375
FINAL_NORM_WEIGHT_L2=91.4481258
FINAL_NORM_SUMSQ=1796.18986
FINAL_NORM_MEAN_SQ=0.58469722
FINAL_NORM_EPS=9.99999975e-06
FINAL_NORM_INV_RMS=1.30776811
FINAL_NORM_SRC_0=0.301234841
FINAL_NORM_DST_0=0.69555968
FINAL_NORM_AFTER_L2=89.1705083
HEAP_OK_FINAL_NORM_AFTER=1
WEIGHT_BUDGET_INPUT=2048
WEIGHT_BUDGET_PARSE=PASS
WEIGHT_BUDGET_MIB=2048
WEIGHT_BUDGET_BYTES=2147483648
WEIGHT_BUDGET_SOURCE=ENV
WEIGHT_BUDGET_INPUT=2048
WEIGHT_BUDGET_PARSE=PASS
WEIGHT_BUDGET_MIB=2048
WEIGHT_BUDGET_BYTES=2147483648
WEIGHT_BUDGET_SOURCE=ENV
WEIGHT_BUDGET_INPUT=2048
WEIGHT_BUDGET_PARSE=PASS
WEIGHT_BUDGET_MIB=2048
WEIGHT_BUDGET_BYTES=2147483648
WEIGHT_BUDGET_SOURCE=ENV
WEIGHT_BUDGET_INPUT=2048
WEIGHT_BUDGET_PARSE=PASS
WEIGHT_BUDGET_MIB=2048
WEIGHT_BUDGET_BYTES=2147483648
WEIGHT_BUDGET_SOURCE=ENV
WEIGHT_BUDGET_INPUT=2048
WEIGHT_BUDGET_PARSE=PASS
WEIGHT_BUDGET_MIB=2048
WEIGHT_BUDGET_BYTES=2147483648
WEIGHT_BUDGET_SOURCE=ENV
WEIGHT_BUDGET_INPUT=2048
WEIGHT_BUDGET_PARSE=PASS
WEIGHT_BUDGET_MIB=2048
WEIGHT_BUDGET_BYTES=2147483648
WEIGHT_BUDGET_SOURCE=ENV
WEIGHT_BUDGET_INPUT=2048
WEIGHT_BUDGET_PARSE=PASS
WEIGHT_BUDGET_MIB=2048
WEIGHT_BUDGET_BYTES=2147483648
WEIGHT_BUDGET_SOURCE=ENV
WEIGHT_BUDGET_INPUT=2048
WEIGHT_BUDGET_PARSE=PASS
WEIGHT_BUDGET_MIB=2048
WEIGHT_BUDGET_BYTES=2147483648
WEIGHT_BUDGET_SOURCE=ENV
WEIGHT_BUDGET_INPUT=2048
WEIGHT_BUDGET_PARSE=PASS
WEIGHT_BUDGET_MIB=2048
WEIGHT_BUDGET_BYTES=2147483648
WEIGHT_BUDGET_SOURCE=ENV
WEIGHT_BUDGET_INPUT=2048
WEIGHT_BUDGET_PARSE=PASS
WEIGHT_BUDGET_MIB=2048
WEIGHT_BUDGET_BYTES=2147483648
WEIGHT_BUDGET_SOURCE=ENV
WEIGHT_BUDGET_INPUT=2048
WEIGHT_BUDGET_PARSE=PASS
WEIGHT_BUDGET_MIB=2048
WEIGHT_BUDGET_BYTES=2147483648
WEIGHT_BUDGET_SOURCE=ENV
WEIGHT_BUDGET_INPUT=2048
WEIGHT_BUDGET_PARSE=PASS
WEIGHT_BUDGET_MIB=2048
WEIGHT_BUDGET_BYTES=2147483648
WEIGHT_BUDGET_SOURCE=ENV
WEIGHT_BUDGET_INPUT=2048
WEIGHT_BUDGET_PARSE=PASS
WEIGHT_BUDGET_MIB=2048
WEIGHT_BUDGET_BYTES=2147483648
WEIGHT_BUDGET_SOURCE=ENV
WEIGHT_BUDGET_INPUT=2048
WEIGHT_BUDGET_PARSE=PASS
WEIGHT_BUDGET_MIB=2048
WEIGHT_BUDGET_BYTES=2147483648
WEIGHT_BUDGET_SOURCE=ENV
WEIGHT_BUDGET_INPUT=2048
WEIGHT_BUDGET_PARSE=PASS
WEIGHT_BUDGET_MIB=2048
WEIGHT_BUDGET_BYTES=2147483648
WEIGHT_BUDGET_SOURCE=ENV
WEIGHT_BUDGET_INPUT=2048
WEIGHT_BUDGET_PARSE=PASS
WEIGHT_BUDGET_MIB=2048
WEIGHT_BUDGET_BYTES=2147483648
WEIGHT_BUDGET_SOURCE=ENV
WEIGHT_BUDGET_INPUT=2048
WEIGHT_BUDGET_PARSE=PASS
WEIGHT_BUDGET_MIB=2048
WEIGHT_BUDGET_BYTES=2147483648
WEIGHT_BUDGET_SOURCE=ENV
WEIGHT_BUDGET_INPUT=2048
WEIGHT_BUDGET_PARSE=PASS
WEIGHT_BUDGET_MIB=2048
WEIGHT_BUDGET_BYTES=2147483648
WEIGHT_BUDGET_SOURCE=ENV
WEIGHT_BUDGET_INPUT=2048
WEIGHT_BUDGET_PARSE=PASS
WEIGHT_BUDGET_MIB=2048
WEIGHT_BUDGET_BYTES=2147483648
WEIGHT_BUDGET_SOURCE=ENV
WEIGHT_BUDGET_INPUT=2048
WEIGHT_BUDGET_PARSE=PASS
WEIGHT_BUDGET_MIB=2048
WEIGHT_BUDGET_BYTES=2147483648
WEIGHT_BUDGET_SOURCE=ENV
WEIGHT_BUDGET_INPUT=2048
WEIGHT_BUDGET_PARSE=PASS
WEIGHT_BUDGET_MIB=2048
WEIGHT_BUDGET_BYTES=2147483648
WEIGHT_BUDGET_SOURCE=ENV
WEIGHT_BUDGET_INPUT=2048
WEIGHT_BUDGET_PARSE=PASS
WEIGHT_BUDGET_MIB=2048
WEIGHT_BUDGET_BYTES=2147483648
WEIGHT_BUDGET_SOURCE=ENV
WEIGHT_BUDGET_INPUT=2048
WEIGHT_BUDGET_PARSE=PASS
WEIGHT_BUDGET_MIB=2048
WEIGHT_BUDGET_BYTES=2147483648
WEIGHT_BUDGET_SOURCE=ENV
WEIGHT_BUDGET_INPUT=2048
WEIGHT_BUDGET_PARSE=PASS
WEIGHT_BUDGET_MIB=2048
WEIGHT_BUDGET_BYTES=2147483648
WEIGHT_BUDGET_SOURCE=ENV
WEIGHT_BUDGET_INPUT=2048
WEIGHT_BUDGET_PARSE=PASS
WEIGHT_BUDGET_MIB=2048
WEIGHT_BUDGET_BYTES=2147483648
WEIGHT_BUDGET_SOURCE=ENV
WEIGHT_BUDGET_INPUT=2048
WEIGHT_BUDGET_PARSE=PASS
WEIGHT_BUDGET_MIB=2048
WEIGHT_BUDGET_BYTES=2147483648
WEIGHT_BUDGET_SOURCE=ENV
WEIGHT_BUDGET_INPUT=2048
WEIGHT_BUDGET_PARSE=PASS
WEIGHT_BUDGET_MIB=2048
WEIGHT_BUDGET_BYTES=2147483648
WEIGHT_BUDGET_SOURCE=ENV
WEIGHT_BUDGET_INPUT=2048
WEIGHT_BUDGET_PARSE=PASS
WEIGHT_BUDGET_MIB=2048
WEIGHT_BUDGET_BYTES=2147483648
WEIGHT_BUDGET_SOURCE=ENV
WEIGHT_BUDGET_INPUT=2048
WEIGHT_BUDGET_PARSE=PASS
WEIGHT_BUDGET_MIB=2048
WEIGHT_BUDGET_BYTES=2147483648
WEIGHT_BUDGET_SOURCE=ENV
WEIGHT_BUDGET_INPUT=2048
WEIGHT_BUDGET_PARSE=PASS
WEIGHT_BUDGET_MIB=2048
WEIGHT_BUDGET_BYTES=2147483648
WEIGHT_BUDGET_SOURCE=ENV
HEAP_OK_FINAL_NORM_BEFORE=1
FINAL_NORM_SRC_PTR=00000211F82F1060
FINAL_NORM_DST_PTR=00000211F82F1060
FINAL_NORM_WEIGHT_PTR=00000211A0D30000
FINAL_NORM_WEIGHT_SOURCE=HOST_MAPPED
FINAL_NORM_WEIGHT_FULFILLED=1
FINAL_NORM_WEIGHT_BYTES=12288
FINAL_NORM_WEIGHT_0=1.765625
FINAL_NORM_WEIGHT_1=1.75
FINAL_NORM_WEIGHT_2=1.5625
FINAL_NORM_WEIGHT_3=1.7734375
FINAL_NORM_WEIGHT_L2=91.4481258
FINAL_NORM_SUMSQ=1537.69332
FINAL_NORM_MEAN_SQ=0.500551212
FINAL_NORM_EPS=9.99999975e-06
FINAL_NORM_INV_RMS=1.41342056
FINAL_NORM_SRC_0=-0.0863811076
FINAL_NORM_DST_0=-0.215570167
FINAL_NORM_AFTER_L2=88.9841422
HEAP_OK_FINAL_NORM_AFTER=1
WEIGHT_BUDGET_INPUT=2048
WEIGHT_BUDGET_PARSE=PASS
WEIGHT_BUDGET_MIB=2048
WEIGHT_BUDGET_BYTES=2147483648
WEIGHT_BUDGET_SOURCE=ENV
WEIGHT_BUDGET_INPUT=2048
WEIGHT_BUDGET_PARSE=PASS
WEIGHT_BUDGET_MIB=2048
WEIGHT_BUDGET_BYTES=2147483648
WEIGHT_BUDGET_SOURCE=ENV
WEIGHT_BUDGET_INPUT=2048
WEIGHT_BUDGET_PARSE=PASS
WEIGHT_BUDGET_MIB=2048
WEIGHT_BUDGET_BYTES=2147483648
WEIGHT_BUDGET_SOURCE=ENV
WEIGHT_BUDGET_INPUT=2048
WEIGHT_BUDGET_PARSE=PASS
WEIGHT_BUDGET_MIB=2048
WEIGHT_BUDGET_BYTES=2147483648
WEIGHT_BUDGET_SOURCE=ENV
WEIGHT_BUDGET_INPUT=2048
WEIGHT_BUDGET_PARSE=PASS
WEIGHT_BUDGET_MIB=2048
WEIGHT_BUDGET_BYTES=2147483648
WEIGHT_BUDGET_SOURCE=ENV
WEIGHT_BUDGET_INPUT=2048
WEIGHT_BUDGET_PARSE=PASS
WEIGHT_BUDGET_MIB=2048
WEIGHT_BUDGET_BYTES=2147483648
WEIGHT_BUDGET_SOURCE=ENV
WEIGHT_BUDGET_INPUT=2048
WEIGHT_BUDGET_PARSE=PASS
WEIGHT_BUDGET_MIB=2048
WEIGHT_BUDGET_BYTES=2147483648
WEIGHT_BUDGET_SOURCE=ENV
WEIGHT_BUDGET_INPUT=2048
WEIGHT_BUDGET_PARSE=PASS
WEIGHT_BUDGET_MIB=2048
WEIGHT_BUDGET_BYTES=2147483648
WEIGHT_BUDGET_SOURCE=ENV
WEIGHT_BUDGET_INPUT=2048
WEIGHT_BUDGET_PARSE=PASS
WEIGHT_BUDGET_MIB=2048
WEIGHT_BUDGET_BYTES=2147483648
WEIGHT_BUDGET_SOURCE=ENV
WEIGHT_BUDGET_INPUT=2048
WEIGHT_BUDGET_PARSE=PASS
WEIGHT_BUDGET_MIB=2048
WEIGHT_BUDGET_BYTES=2147483648
WEIGHT_BUDGET_SOURCE=ENV
WEIGHT_BUDGET_INPUT=2048
WEIGHT_BUDGET_PARSE=PASS
WEIGHT_BUDGET_MIB=2048
WEIGHT_BUDGET_BYTES=2147483648
WEIGHT_BUDGET_SOURCE=ENV
WEIGHT_BUDGET_INPUT=2048
WEIGHT_BUDGET_PARSE=PASS
WEIGHT_BUDGET_MIB=2048
WEIGHT_BUDGET_BYTES=2147483648
WEIGHT_BUDGET_SOURCE=ENV
WEIGHT_BUDGET_INPUT=2048
WEIGHT_BUDGET_PARSE=PASS
WEIGHT_BUDGET_MIB=2048
WEIGHT_BUDGET_BYTES=2147483648
WEIGHT_BUDGET_SOURCE=ENV
WEIGHT_BUDGET_INPUT=2048
WEIGHT_BUDGET_PARSE=PASS
WEIGHT_BUDGET_MIB=2048
WEIGHT_BUDGET_BYTES=2147483648
WEIGHT_BUDGET_SOURCE=ENV
WEIGHT_BUDGET_INPUT=2048
WEIGHT_BUDGET_PARSE=PASS
WEIGHT_BUDGET_MIB=2048
WEIGHT_BUDGET_BYTES=2147483648
WEIGHT_BUDGET_SOURCE=ENV
WEIGHT_BUDGET_INPUT=2048
WEIGHT_BUDGET_PARSE=PASS
WEIGHT_BUDGET_MIB=2048
WEIGHT_BUDGET_BYTES=2147483648
WEIGHT_BUDGET_SOURCE=ENV
WEIGHT_BUDGET_INPUT=2048
WEIGHT_BUDGET_PARSE=PASS
WEIGHT_BUDGET_MIB=2048
WEIGHT_BUDGET_BYTES=2147483648
WEIGHT_BUDGET_SOURCE=ENV
WEIGHT_BUDGET_INPUT=2048
WEIGHT_BUDGET_PARSE=PASS
WEIGHT_BUDGET_MIB=2048
WEIGHT_BUDGET_BYTES=2147483648
WEIGHT_BUDGET_SOURCE=ENV
WEIGHT_BUDGET_INPUT=2048
WEIGHT_BUDGET_PARSE=PASS
WEIGHT_BUDGET_MIB=2048
WEIGHT_BUDGET_BYTES=2147483648
WEIGHT_BUDGET_SOURCE=ENV
WEIGHT_BUDGET_INPUT=2048
WEIGHT_BUDGET_PARSE=PASS
WEIGHT_BUDGET_MIB=2048
WEIGHT_BUDGET_BYTES=2147483648
WEIGHT_BUDGET_SOURCE=ENV
WEIGHT_BUDGET_INPUT=2048
WEIGHT_BUDGET_PARSE=PASS
WEIGHT_BUDGET_MIB=2048
WEIGHT_BUDGET_BYTES=2147483648
WEIGHT_BUDGET_SOURCE=ENV
WEIGHT_BUDGET_INPUT=2048
WEIGHT_BUDGET_PARSE=PASS
WEIGHT_BUDGET_MIB=2048
WEIGHT_BUDGET_BYTES=2147483648
WEIGHT_BUDGET_SOURCE=ENV
WEIGHT_BUDGET_INPUT=2048
WEIGHT_BUDGET_PARSE=PASS
WEIGHT_BUDGET_MIB=2048
WEIGHT_BUDGET_BYTES=2147483648
WEIGHT_BUDGET_SOURCE=ENV
WEIGHT_BUDGET_INPUT=2048
WEIGHT_BUDGET_PARSE=PASS
WEIGHT_BUDGET_MIB=2048
WEIGHT_BUDGET_BYTES=2147483648
WEIGHT_BUDGET_SOURCE=ENV
WEIGHT_BUDGET_INPUT=2048
WEIGHT_BUDGET_PARSE=PASS
WEIGHT_BUDGET_MIB=2048
WEIGHT_BUDGET_BYTES=2147483648
WEIGHT_BUDGET_SOURCE=ENV
WEIGHT_BUDGET_INPUT=2048
WEIGHT_BUDGET_PARSE=PASS
WEIGHT_BUDGET_MIB=2048
WEIGHT_BUDGET_BYTES=2147483648
WEIGHT_BUDGET_SOURCE=ENV
WEIGHT_BUDGET_INPUT=2048
WEIGHT_BUDGET_PARSE=PASS
WEIGHT_BUDGET_MIB=2048
WEIGHT_BUDGET_BYTES=2147483648
WEIGHT_BUDGET_SOURCE=ENV
WEIGHT_BUDGET_INPUT=2048
WEIGHT_BUDGET_PARSE=PASS
WEIGHT_BUDGET_MIB=2048
WEIGHT_BUDGET_BYTES=2147483648
WEIGHT_BUDGET_SOURCE=ENV
WEIGHT_BUDGET_INPUT=2048
WEIGHT_BUDGET_PARSE=PASS
WEIGHT_BUDGET_MIB=2048
WEIGHT_BUDGET_BYTES=2147483648
WEIGHT_BUDGET_SOURCE=ENV
WEIGHT_BUDGET_INPUT=2048
WEIGHT_BUDGET_PARSE=PASS
WEIGHT_BUDGET_MIB=2048
WEIGHT_BUDGET_BYTES=2147483648
WEIGHT_BUDGET_SOURCE=ENV
HEAP_OK_FINAL_NORM_BEFORE=1
FINAL_NORM_SRC_PTR=00000211F82F4060
FINAL_NORM_DST_PTR=00000211F82F4060
FINAL_NORM_WEIGHT_PTR=00000211A0D30000
FINAL_NORM_WEIGHT_SOURCE=HOST_MAPPED
FINAL_NORM_WEIGHT_FULFILLED=1
FINAL_NORM_WEIGHT_BYTES=12288
FINAL_NORM_WEIGHT_0=1.765625
FINAL_NORM_WEIGHT_1=1.75
FINAL_NORM_WEIGHT_2=1.5625
FINAL_NORM_WEIGHT_3=1.7734375
FINAL_NORM_WEIGHT_L2=91.4481258
FINAL_NORM_SUMSQ=1217.9235
FINAL_NORM_MEAN_SQ=0.396459474
FINAL_NORM_EPS=9.99999975e-06
FINAL_NORM_INV_RMS=1.58816314
FINAL_NORM_SRC_0=0.31085372
FINAL_NORM_DST_0=0.871665061
FINAL_NORM_AFTER_L2=88.1104913
HEAP_OK_FINAL_NORM_AFTER=1
WEIGHT_BUDGET_INPUT=2048
WEIGHT_BUDGET_PARSE=PASS
WEIGHT_BUDGET_MIB=2048
WEIGHT_BUDGET_BYTES=2147483648
WEIGHT_BUDGET_SOURCE=ENV
WEIGHT_BUDGET_INPUT=2048
WEIGHT_BUDGET_PARSE=PASS
WEIGHT_BUDGET_MIB=2048
WEIGHT_BUDGET_BYTES=2147483648
WEIGHT_BUDGET_SOURCE=ENV
WEIGHT_BUDGET_INPUT=2048
WEIGHT_BUDGET_PARSE=PASS
WEIGHT_BUDGET_MIB=2048
WEIGHT_BUDGET_BYTES=2147483648
WEIGHT_BUDGET_SOURCE=ENV
WEIGHT_BUDGET_INPUT=2048
WEIGHT_BUDGET_PARSE=PASS
WEIGHT_BUDGET_MIB=2048
WEIGHT_BUDGET_BYTES=2147483648
WEIGHT_BUDGET_SOURCE=ENV
WEIGHT_BUDGET_INPUT=2048
WEIGHT_BUDGET_PARSE=PASS
WEIGHT_BUDGET_MIB=2048
WEIGHT_BUDGET_BYTES=2147483648
WEIGHT_BUDGET_SOURCE=ENV
WEIGHT_BUDGET_INPUT=2048
WEIGHT_BUDGET_PARSE=PASS
WEIGHT_BUDGET_MIB=2048
WEIGHT_BUDGET_BYTES=2147483648
WEIGHT_BUDGET_SOURCE=ENV
WEIGHT_BUDGET_INPUT=2048
WEIGHT_BUDGET_PARSE=PASS
WEIGHT_BUDGET_MIB=2048
WEIGHT_BUDGET_BYTES=2147483648
WEIGHT_BUDGET_SOURCE=ENV
WEIGHT_BUDGET_INPUT=2048
WEIGHT_BUDGET_PARSE=PASS
WEIGHT_BUDGET_MIB=2048
WEIGHT_BUDGET_BYTES=2147483648
WEIGHT_BUDGET_SOURCE=ENV
WEIGHT_BUDGET_INPUT=2048
WEIGHT_BUDGET_PARSE=PASS
WEIGHT_BUDGET_MIB=2048
WEIGHT_BUDGET_BYTES=2147483648
WEIGHT_BUDGET_SOURCE=ENV
WEIGHT_BUDGET_INPUT=2048
WEIGHT_BUDGET_PARSE=PASS
WEIGHT_BUDGET_MIB=2048
WEIGHT_BUDGET_BYTES=2147483648
WEIGHT_BUDGET_SOURCE=ENV
WEIGHT_BUDGET_INPUT=2048
WEIGHT_BUDGET_PARSE=PASS
WEIGHT_BUDGET_MIB=2048
WEIGHT_BUDGET_BYTES=2147483648
WEIGHT_BUDGET_SOURCE=ENV
WEIGHT_BUDGET_INPUT=2048
WEIGHT_BUDGET_PARSE=PASS
WEIGHT_BUDGET_MIB=2048
WEIGHT_BUDGET_BYTES=2147483648
WEIGHT_BUDGET_SOURCE=ENV
WEIGHT_BUDGET_INPUT=2048
WEIGHT_BUDGET_PARSE=PASS
WEIGHT_BUDGET_MIB=2048
WEIGHT_BUDGET_BYTES=2147483648
WEIGHT_BUDGET_SOURCE=ENV
WEIGHT_BUDGET_INPUT=2048
WEIGHT_BUDGET_PARSE=PASS
WEIGHT_BUDGET_MIB=2048
WEIGHT_BUDGET_BYTES=2147483648
WEIGHT_BUDGET_SOURCE=ENV
WEIGHT_BUDGET_INPUT=2048
WEIGHT_BUDGET_PARSE=PASS
WEIGHT_BUDGET_MIB=2048
WEIGHT_BUDGET_BYTES=2147483648
WEIGHT_BUDGET_SOURCE=ENV
WEIGHT_BUDGET_INPUT=2048
WEIGHT_BUDGET_PARSE=PASS
WEIGHT_BUDGET_MIB=2048
WEIGHT_BUDGET_BYTES=2147483648
WEIGHT_BUDGET_SOURCE=ENV
WEIGHT_BUDGET_INPUT=2048
WEIGHT_BUDGET_PARSE=PASS
WEIGHT_BUDGET_MIB=2048
WEIGHT_BUDGET_BYTES=2147483648
WEIGHT_BUDGET_SOURCE=ENV
WEIGHT_BUDGET_INPUT=2048
WEIGHT_BUDGET_PARSE=PASS
WEIGHT_BUDGET_MIB=2048
WEIGHT_BUDGET_BYTES=2147483648
WEIGHT_BUDGET_SOURCE=ENV
WEIGHT_BUDGET_INPUT=2048
WEIGHT_BUDGET_PARSE=PASS
WEIGHT_BUDGET_MIB=2048
WEIGHT_BUDGET_BYTES=2147483648
WEIGHT_BUDGET_SOURCE=ENV
WEIGHT_BUDGET_INPUT=2048
WEIGHT_BUDGET_PARSE=PASS
WEIGHT_BUDGET_MIB=2048
WEIGHT_BUDGET_BYTES=2147483648
WEIGHT_BUDGET_SOURCE=ENV
WEIGHT_BUDGET_INPUT=2048
WEIGHT_BUDGET_PARSE=PASS
WEIGHT_BUDGET_MIB=2048
WEIGHT_BUDGET_BYTES=2147483648
WEIGHT_BUDGET_SOURCE=ENV
WEIGHT_BUDGET_INPUT=2048
WEIGHT_BUDGET_PARSE=PASS
WEIGHT_BUDGET_MIB=2048
WEIGHT_BUDGET_BYTES=2147483648
WEIGHT_BUDGET_SOURCE=ENV
WEIGHT_BUDGET_INPUT=2048
WEIGHT_BUDGET_PARSE=PASS
WEIGHT_BUDGET_MIB=2048
WEIGHT_BUDGET_BYTES=2147483648
WEIGHT_BUDGET_SOURCE=ENV
WEIGHT_BUDGET_INPUT=2048
WEIGHT_BUDGET_PARSE=PASS
WEIGHT_BUDGET_MIB=2048
WEIGHT_BUDGET_BYTES=2147483648
WEIGHT_BUDGET_SOURCE=ENV
WEIGHT_BUDGET_INPUT=2048
WEIGHT_BUDGET_PARSE=PASS
WEIGHT_BUDGET_MIB=2048
WEIGHT_BUDGET_BYTES=2147483648
WEIGHT_BUDGET_SOURCE=ENV
WEIGHT_BUDGET_INPUT=2048
WEIGHT_BUDGET_PARSE=PASS
WEIGHT_BUDGET_MIB=2048
WEIGHT_BUDGET_BYTES=2147483648
WEIGHT_BUDGET_SOURCE=ENV
WEIGHT_BUDGET_INPUT=2048
WEIGHT_BUDGET_PARSE=PASS
WEIGHT_BUDGET_MIB=2048
WEIGHT_BUDGET_BYTES=2147483648
WEIGHT_BUDGET_SOURCE=ENV
WEIGHT_BUDGET_INPUT=2048
WEIGHT_BUDGET_PARSE=PASS
WEIGHT_BUDGET_MIB=2048
WEIGHT_BUDGET_BYTES=2147483648
WEIGHT_BUDGET_SOURCE=ENV
WEIGHT_BUDGET_INPUT=2048
WEIGHT_BUDGET_PARSE=PASS
WEIGHT_BUDGET_MIB=2048
WEIGHT_BUDGET_BYTES=2147483648
WEIGHT_BUDGET_SOURCE=ENV
WEIGHT_BUDGET_INPUT=2048
WEIGHT_BUDGET_PARSE=PASS
WEIGHT_BUDGET_MIB=2048
WEIGHT_BUDGET_BYTES=2147483648
WEIGHT_BUDGET_SOURCE=ENV
HEAP_OK_FINAL_NORM_BEFORE=1
FINAL_NORM_SRC_PTR=00000211F82F7060
FINAL_NORM_DST_PTR=00000211F82F7060
FINAL_NORM_WEIGHT_PTR=00000211A0D30000
FINAL_NORM_WEIGHT_SOURCE=HOST_MAPPED
FINAL_NORM_WEIGHT_FULFILLED=1
FINAL_NORM_WEIGHT_BYTES=12288
FINAL_NORM_WEIGHT_0=1.765625
FINAL_NORM_WEIGHT_1=1.75
FINAL_NORM_WEIGHT_2=1.5625
FINAL_NORM_WEIGHT_3=1.7734375
FINAL_NORM_WEIGHT_L2=91.4481258
FINAL_NORM_SUMSQ=1461.01376
FINAL_NORM_MEAN_SQ=0.475590418
FINAL_NORM_EPS=9.99999975e-06
FINAL_NORM_INV_RMS=1.45003629
FINAL_NORM_SRC_0=0.653247893
FINAL_NORM_DST_0=1.67245853
FINAL_NORM_AFTER_L2=86.2829768
HEAP_OK_FINAL_NORM_AFTER=1
WEIGHT_BUDGET_INPUT=2048
WEIGHT_BUDGET_PARSE=PASS
WEIGHT_BUDGET_MIB=2048
WEIGHT_BUDGET_BYTES=2147483648
WEIGHT_BUDGET_SOURCE=ENV
WEIGHT_BUDGET_INPUT=2048
WEIGHT_BUDGET_PARSE=PASS
WEIGHT_BUDGET_MIB=2048
WEIGHT_BUDGET_BYTES=2147483648
WEIGHT_BUDGET_SOURCE=ENV
WEIGHT_BUDGET_INPUT=2048
WEIGHT_BUDGET_PARSE=PASS
WEIGHT_BUDGET_MIB=2048
WEIGHT_BUDGET_BYTES=2147483648
WEIGHT_BUDGET_SOURCE=ENV
WEIGHT_BUDGET_INPUT=2048
WEIGHT_BUDGET_PARSE=PASS
WEIGHT_BUDGET_MIB=2048
WEIGHT_BUDGET_BYTES=2147483648
WEIGHT_BUDGET_SOURCE=ENV
WEIGHT_BUDGET_INPUT=2048
WEIGHT_BUDGET_PARSE=PASS
WEIGHT_BUDGET_MIB=2048
WEIGHT_BUDGET_BYTES=2147483648
WEIGHT_BUDGET_SOURCE=ENV
WEIGHT_BUDGET_INPUT=2048
WEIGHT_BUDGET_PARSE=PASS
WEIGHT_BUDGET_MIB=2048
WEIGHT_BUDGET_BYTES=2147483648
WEIGHT_BUDGET_SOURCE=ENV
WEIGHT_BUDGET_INPUT=2048
WEIGHT_BUDGET_PARSE=PASS
WEIGHT_BUDGET_MIB=2048
WEIGHT_BUDGET_BYTES=2147483648
WEIGHT_BUDGET_SOURCE=ENV
WEIGHT_BUDGET_INPUT=2048
WEIGHT_BUDGET_PARSE=PASS
WEIGHT_BUDGET_MIB=2048
WEIGHT_BUDGET_BYTES=2147483648
WEIGHT_BUDGET_SOURCE=ENV
WEIGHT_BUDGET_INPUT=2048
WEIGHT_BUDGET_PARSE=PASS
WEIGHT_BUDGET_MIB=2048
WEIGHT_BUDGET_BYTES=2147483648
WEIGHT_BUDGET_SOURCE=ENV
WEIGHT_BUDGET_INPUT=2048
WEIGHT_BUDGET_PARSE=PASS
WEIGHT_BUDGET_MIB=2048
WEIGHT_BUDGET_BYTES=2147483648
WEIGHT_BUDGET_SOURCE=ENV
WEIGHT_BUDGET_INPUT=2048
WEIGHT_BUDGET_PARSE=PASS
WEIGHT_BUDGET_MIB=2048
WEIGHT_BUDGET_BYTES=2147483648
WEIGHT_BUDGET_SOURCE=ENV
WEIGHT_BUDGET_INPUT=2048
WEIGHT_BUDGET_PARSE=PASS
WEIGHT_BUDGET_MIB=2048
WEIGHT_BUDGET_BYTES=2147483648
WEIGHT_BUDGET_SOURCE=ENV
WEIGHT_BUDGET_INPUT=2048
WEIGHT_BUDGET_PARSE=PASS
WEIGHT_BUDGET_MIB=2048
WEIGHT_BUDGET_BYTES=2147483648
WEIGHT_BUDGET_SOURCE=ENV
WEIGHT_BUDGET_INPUT=2048
WEIGHT_BUDGET_PARSE=PASS
WEIGHT_BUDGET_MIB=2048
WEIGHT_BUDGET_BYTES=2147483648
WEIGHT_BUDGET_SOURCE=ENV
WEIGHT_BUDGET_INPUT=2048
WEIGHT_BUDGET_PARSE=PASS
WEIGHT_BUDGET_MIB=2048
WEIGHT_BUDGET_BYTES=2147483648
WEIGHT_BUDGET_SOURCE=ENV
WEIGHT_BUDGET_INPUT=2048
WEIGHT_BUDGET_PARSE=PASS
WEIGHT_BUDGET_MIB=2048
WEIGHT_BUDGET_BYTES=2147483648
WEIGHT_BUDGET_SOURCE=ENV
WEIGHT_BUDGET_INPUT=2048
WEIGHT_BUDGET_PARSE=PASS
WEIGHT_BUDGET_MIB=2048
WEIGHT_BUDGET_BYTES=2147483648
WEIGHT_BUDGET_SOURCE=ENV
WEIGHT_BUDGET_INPUT=2048
WEIGHT_BUDGET_PARSE=PASS
WEIGHT_BUDGET_MIB=2048
WEIGHT_BUDGET_BYTES=2147483648
WEIGHT_BUDGET_SOURCE=ENV
WEIGHT_BUDGET_INPUT=2048
WEIGHT_BUDGET_PARSE=PASS
WEIGHT_BUDGET_MIB=2048
WEIGHT_BUDGET_BYTES=2147483648
WEIGHT_BUDGET_SOURCE=ENV
WEIGHT_BUDGET_INPUT=2048
WEIGHT_BUDGET_PARSE=PASS
WEIGHT_BUDGET_MIB=2048
WEIGHT_BUDGET_BYTES=2147483648
WEIGHT_BUDGET_SOURCE=ENV
WEIGHT_BUDGET_INPUT=2048
WEIGHT_BUDGET_PARSE=PASS
WEIGHT_BUDGET_MIB=2048
WEIGHT_BUDGET_BYTES=2147483648
WEIGHT_BUDGET_SOURCE=ENV
WEIGHT_BUDGET_INPUT=2048
WEIGHT_BUDGET_PARSE=PASS
WEIGHT_BUDGET_MIB=2048
WEIGHT_BUDGET_BYTES=2147483648
WEIGHT_BUDGET_SOURCE=ENV
WEIGHT_BUDGET_INPUT=2048
WEIGHT_BUDGET_PARSE=PASS
WEIGHT_BUDGET_MIB=2048
WEIGHT_BUDGET_BYTES=2147483648
WEIGHT_BUDGET_SOURCE=ENV
WEIGHT_BUDGET_INPUT=2048
WEIGHT_BUDGET_PARSE=PASS
WEIGHT_BUDGET_MIB=2048
WEIGHT_BUDGET_BYTES=2147483648
WEIGHT_BUDGET_SOURCE=ENV
WEIGHT_BUDGET_INPUT=2048
WEIGHT_BUDGET_PARSE=PASS
WEIGHT_BUDGET_MIB=2048
WEIGHT_BUDGET_BYTES=2147483648
WEIGHT_BUDGET_SOURCE=ENV
WEIGHT_BUDGET_INPUT=2048
WEIGHT_BUDGET_PARSE=PASS
WEIGHT_BUDGET_MIB=2048
WEIGHT_BUDGET_BYTES=2147483648
WEIGHT_BUDGET_SOURCE=ENV
WEIGHT_BUDGET_INPUT=2048
WEIGHT_BUDGET_PARSE=PASS
WEIGHT_BUDGET_MIB=2048
WEIGHT_BUDGET_BYTES=2147483648
WEIGHT_BUDGET_SOURCE=ENV
WEIGHT_BUDGET_INPUT=2048
WEIGHT_BUDGET_PARSE=PASS
WEIGHT_BUDGET_MIB=2048
WEIGHT_BUDGET_BYTES=2147483648
WEIGHT_BUDGET_SOURCE=ENV
WEIGHT_BUDGET_INPUT=2048
WEIGHT_BUDGET_PARSE=PASS
WEIGHT_BUDGET_MIB=2048
WEIGHT_BUDGET_BYTES=2147483648
WEIGHT_BUDGET_SOURCE=ENV
WEIGHT_BUDGET_INPUT=2048
WEIGHT_BUDGET_PARSE=PASS
WEIGHT_BUDGET_MIB=2048
WEIGHT_BUDGET_BYTES=2147483648
WEIGHT_BUDGET_SOURCE=ENV
HEAP_OK_FINAL_NORM_BEFORE=1
FINAL_NORM_SRC_PTR=00000211F82FA060
FINAL_NORM_DST_PTR=00000211F82FA060
FINAL_NORM_WEIGHT_PTR=00000211A0D30000
FINAL_NORM_WEIGHT_SOURCE=HOST_MAPPED
FINAL_NORM_WEIGHT_FULFILLED=1
FINAL_NORM_WEIGHT_BYTES=12288
FINAL_NORM_WEIGHT_0=1.765625
FINAL_NORM_WEIGHT_1=1.75
FINAL_NORM_WEIGHT_2=1.5625
FINAL_NORM_WEIGHT_3=1.7734375
FINAL_NORM_WEIGHT_L2=91.4481258
FINAL_NORM_SUMSQ=1421.45674
FINAL_NORM_MEAN_SQ=0.462713783
FINAL_NORM_EPS=9.99999975e-06
FINAL_NORM_INV_RMS=1.47007358
FINAL_NORM_SRC_0=-0.170562118
FINAL_NORM_DST_0=-0.442710787
FINAL_NORM_AFTER_L2=90.4613934
HEAP_OK_FINAL_NORM_AFTER=1
WEIGHT_BUDGET_INPUT=2048
WEIGHT_BUDGET_PARSE=PASS
WEIGHT_BUDGET_MIB=2048
WEIGHT_BUDGET_BYTES=2147483648
WEIGHT_BUDGET_SOURCE=ENV
WEIGHT_BUDGET_INPUT=2048
WEIGHT_BUDGET_PARSE=PASS
WEIGHT_BUDGET_MIB=2048
WEIGHT_BUDGET_BYTES=2147483648
WEIGHT_BUDGET_SOURCE=ENV
WEIGHT_BUDGET_INPUT=2048
WEIGHT_BUDGET_PARSE=PASS
WEIGHT_BUDGET_MIB=2048
WEIGHT_BUDGET_BYTES=2147483648
WEIGHT_BUDGET_SOURCE=ENV
WEIGHT_BUDGET_INPUT=2048
WEIGHT_BUDGET_PARSE=PASS
WEIGHT_BUDGET_MIB=2048
WEIGHT_BUDGET_BYTES=2147483648
WEIGHT_BUDGET_SOURCE=ENV
WEIGHT_BUDGET_INPUT=2048
WEIGHT_BUDGET_PARSE=PASS
WEIGHT_BUDGET_MIB=2048
WEIGHT_BUDGET_BYTES=2147483648
WEIGHT_BUDGET_SOURCE=ENV
WEIGHT_BUDGET_INPUT=2048
WEIGHT_BUDGET_PARSE=PASS
WEIGHT_BUDGET_MIB=2048
WEIGHT_BUDGET_BYTES=2147483648
WEIGHT_BUDGET_SOURCE=ENV
WEIGHT_BUDGET_INPUT=2048
WEIGHT_BUDGET_PARSE=PASS
WEIGHT_BUDGET_MIB=2048
WEIGHT_BUDGET_BYTES=2147483648
WEIGHT_BUDGET_SOURCE=ENV
WEIGHT_BUDGET_INPUT=2048
WEIGHT_BUDGET_PARSE=PASS
WEIGHT_BUDGET_MIB=2048
WEIGHT_BUDGET_BYTES=2147483648
WEIGHT_BUDGET_SOURCE=ENV
WEIGHT_BUDGET_INPUT=2048
WEIGHT_BUDGET_PARSE=PASS
WEIGHT_BUDGET_MIB=2048
WEIGHT_BUDGET_BYTES=2147483648
WEIGHT_BUDGET_SOURCE=ENV
WEIGHT_BUDGET_INPUT=2048
WEIGHT_BUDGET_PARSE=PASS
WEIGHT_BUDGET_MIB=2048
WEIGHT_BUDGET_BYTES=2147483648
WEIGHT_BUDGET_SOURCE=ENV
WEIGHT_BUDGET_INPUT=2048
WEIGHT_BUDGET_PARSE=PASS
WEIGHT_BUDGET_MIB=2048
WEIGHT_BUDGET_BYTES=2147483648
WEIGHT_BUDGET_SOURCE=ENV
WEIGHT_BUDGET_INPUT=2048
WEIGHT_BUDGET_PARSE=PASS
WEIGHT_BUDGET_MIB=2048
WEIGHT_BUDGET_BYTES=2147483648
WEIGHT_BUDGET_SOURCE=ENV
WEIGHT_BUDGET_INPUT=2048
WEIGHT_BUDGET_PARSE=PASS
WEIGHT_BUDGET_MIB=2048
WEIGHT_BUDGET_BYTES=2147483648
WEIGHT_BUDGET_SOURCE=ENV
WEIGHT_BUDGET_INPUT=2048
WEIGHT_BUDGET_PARSE=PASS
WEIGHT_BUDGET_MIB=2048
WEIGHT_BUDGET_BYTES=2147483648
WEIGHT_BUDGET_SOURCE=ENV
WEIGHT_BUDGET_INPUT=2048
WEIGHT_BUDGET_PARSE=PASS
WEIGHT_BUDGET_MIB=2048
WEIGHT_BUDGET_BYTES=2147483648
WEIGHT_BUDGET_SOURCE=ENV
WEIGHT_BUDGET_INPUT=2048
WEIGHT_BUDGET_PARSE=PASS
WEIGHT_BUDGET_MIB=2048
WEIGHT_BUDGET_BYTES=2147483648
WEIGHT_BUDGET_SOURCE=ENV
WEIGHT_BUDGET_INPUT=2048
WEIGHT_BUDGET_PARSE=PASS
WEIGHT_BUDGET_MIB=2048
WEIGHT_BUDGET_BYTES=2147483648
WEIGHT_BUDGET_SOURCE=ENV
WEIGHT_BUDGET_INPUT=2048
WEIGHT_BUDGET_PARSE=PASS
WEIGHT_BUDGET_MIB=2048
WEIGHT_BUDGET_BYTES=2147483648
WEIGHT_BUDGET_SOURCE=ENV
WEIGHT_BUDGET_INPUT=2048
WEIGHT_BUDGET_PARSE=PASS
WEIGHT_BUDGET_MIB=2048
WEIGHT_BUDGET_BYTES=2147483648
WEIGHT_BUDGET_SOURCE=ENV
WEIGHT_BUDGET_INPUT=2048
WEIGHT_BUDGET_PARSE=PASS
WEIGHT_BUDGET_MIB=2048
WEIGHT_BUDGET_BYTES=2147483648
WEIGHT_BUDGET_SOURCE=ENV
WEIGHT_BUDGET_INPUT=2048
WEIGHT_BUDGET_PARSE=PASS
WEIGHT_BUDGET_MIB=2048
WEIGHT_BUDGET_BYTES=2147483648
WEIGHT_BUDGET_SOURCE=ENV
WEIGHT_BUDGET_INPUT=2048
WEIGHT_BUDGET_PARSE=PASS
WEIGHT_BUDGET_MIB=2048
WEIGHT_BUDGET_BYTES=2147483648
WEIGHT_BUDGET_SOURCE=ENV
WEIGHT_BUDGET_INPUT=2048
WEIGHT_BUDGET_PARSE=PASS
WEIGHT_BUDGET_MIB=2048
WEIGHT_BUDGET_BYTES=2147483648
WEIGHT_BUDGET_SOURCE=ENV
WEIGHT_BUDGET_INPUT=2048
WEIGHT_BUDGET_PARSE=PASS
WEIGHT_BUDGET_MIB=2048
WEIGHT_BUDGET_BYTES=2147483648
WEIGHT_BUDGET_SOURCE=ENV
WEIGHT_BUDGET_INPUT=2048
WEIGHT_BUDGET_PARSE=PASS
WEIGHT_BUDGET_MIB=2048
WEIGHT_BUDGET_BYTES=2147483648
WEIGHT_BUDGET_SOURCE=ENV
WEIGHT_BUDGET_INPUT=2048
WEIGHT_BUDGET_PARSE=PASS
WEIGHT_BUDGET_MIB=2048
WEIGHT_BUDGET_BYTES=2147483648
WEIGHT_BUDGET_SOURCE=ENV
WEIGHT_BUDGET_INPUT=2048
WEIGHT_BUDGET_PARSE=PASS
WEIGHT_BUDGET_MIB=2048
WEIGHT_BUDGET_BYTES=2147483648
WEIGHT_BUDGET_SOURCE=ENV
WEIGHT_BUDGET_INPUT=2048
WEIGHT_BUDGET_PARSE=PASS
WEIGHT_BUDGET_MIB=2048
WEIGHT_BUDGET_BYTES=2147483648
WEIGHT_BUDGET_SOURCE=ENV
WEIGHT_BUDGET_INPUT=2048
WEIGHT_BUDGET_PARSE=PASS
WEIGHT_BUDGET_MIB=2048
WEIGHT_BUDGET_BYTES=2147483648
WEIGHT_BUDGET_SOURCE=ENV
WEIGHT_BUDGET_INPUT=2048
WEIGHT_BUDGET_PARSE=PASS
WEIGHT_BUDGET_MIB=2048
WEIGHT_BUDGET_BYTES=2147483648
WEIGHT_BUDGET_SOURCE=ENV
HEAP_OK_FINAL_NORM_BEFORE=1
FINAL_NORM_SRC_PTR=00000211F82FD060
FINAL_NORM_DST_PTR=00000211F82FD060
FINAL_NORM_WEIGHT_PTR=00000211A0D30000
FINAL_NORM_WEIGHT_SOURCE=HOST_MAPPED
FINAL_NORM_WEIGHT_FULFILLED=1
FINAL_NORM_WEIGHT_BYTES=12288
FINAL_NORM_WEIGHT_0=1.765625
FINAL_NORM_WEIGHT_1=1.75
FINAL_NORM_WEIGHT_2=1.5625
FINAL_NORM_WEIGHT_3=1.7734375
FINAL_NORM_WEIGHT_L2=91.4481258
FINAL_NORM_SUMSQ=1455.63615
FINAL_NORM_MEAN_SQ=0.473839892
FINAL_NORM_EPS=9.99999975e-06
FINAL_NORM_INV_RMS=1.4527123
FINAL_NORM_SRC_0=-0.0779343992
FINAL_NORM_DST_0=-0.199897453
FINAL_NORM_AFTER_L2=88.9268938
HEAP_OK_FINAL_NORM_AFTER=1
WEIGHT_BUDGET_INPUT=2048
WEIGHT_BUDGET_PARSE=PASS
WEIGHT_BUDGET_MIB=2048
WEIGHT_BUDGET_BYTES=2147483648
WEIGHT_BUDGET_SOURCE=ENV
WEIGHT_BUDGET_INPUT=2048
WEIGHT_BUDGET_PARSE=PASS
WEIGHT_BUDGET_MIB=2048
WEIGHT_BUDGET_BYTES=2147483648
WEIGHT_BUDGET_SOURCE=ENV
WEIGHT_BUDGET_INPUT=2048
WEIGHT_BUDGET_PARSE=PASS
WEIGHT_BUDGET_MIB=2048
WEIGHT_BUDGET_BYTES=2147483648
WEIGHT_BUDGET_SOURCE=ENV
WEIGHT_BUDGET_INPUT=2048
WEIGHT_BUDGET_PARSE=PASS
WEIGHT_BUDGET_MIB=2048
WEIGHT_BUDGET_BYTES=2147483648
WEIGHT_BUDGET_SOURCE=ENV
WEIGHT_BUDGET_INPUT=2048
WEIGHT_BUDGET_PARSE=PASS
WEIGHT_BUDGET_MIB=2048
WEIGHT_BUDGET_BYTES=2147483648
WEIGHT_BUDGET_SOURCE=ENV
WEIGHT_BUDGET_INPUT=2048
WEIGHT_BUDGET_PARSE=PASS
WEIGHT_BUDGET_MIB=2048
WEIGHT_BUDGET_BYTES=2147483648
WEIGHT_BUDGET_SOURCE=ENV
WEIGHT_BUDGET_INPUT=2048
WEIGHT_BUDGET_PARSE=PASS
WEIGHT_BUDGET_MIB=2048
WEIGHT_BUDGET_BYTES=2147483648
WEIGHT_BUDGET_SOURCE=ENV
WEIGHT_BUDGET_INPUT=2048
WEIGHT_BUDGET_PARSE=PASS
WEIGHT_BUDGET_MIB=2048
WEIGHT_BUDGET_BYTES=2147483648
WEIGHT_BUDGET_SOURCE=ENV
WEIGHT_BUDGET_INPUT=2048
WEIGHT_BUDGET_PARSE=PASS
WEIGHT_BUDGET_MIB=2048
WEIGHT_BUDGET_BYTES=2147483648
WEIGHT_BUDGET_SOURCE=ENV
WEIGHT_BUDGET_INPUT=2048
WEIGHT_BUDGET_PARSE=PASS
WEIGHT_BUDGET_MIB=2048
WEIGHT_BUDGET_BYTES=2147483648
WEIGHT_BUDGET_SOURCE=ENV
WEIGHT_BUDGET_INPUT=2048
WEIGHT_BUDGET_PARSE=PASS
WEIGHT_BUDGET_MIB=2048
WEIGHT_BUDGET_BYTES=2147483648
WEIGHT_BUDGET_SOURCE=ENV
WEIGHT_BUDGET_INPUT=2048
WEIGHT_BUDGET_PARSE=PASS
WEIGHT_BUDGET_MIB=2048
WEIGHT_BUDGET_BYTES=2147483648
WEIGHT_BUDGET_SOURCE=ENV
WEIGHT_BUDGET_INPUT=2048
WEIGHT_BUDGET_PARSE=PASS
WEIGHT_BUDGET_MIB=2048
WEIGHT_BUDGET_BYTES=2147483648
WEIGHT_BUDGET_SOURCE=ENV
WEIGHT_BUDGET_INPUT=2048
WEIGHT_BUDGET_PARSE=PASS
WEIGHT_BUDGET_MIB=2048
WEIGHT_BUDGET_BYTES=2147483648
WEIGHT_BUDGET_SOURCE=ENV
WEIGHT_BUDGET_INPUT=2048
WEIGHT_BUDGET_PARSE=PASS
WEIGHT_BUDGET_MIB=2048
WEIGHT_BUDGET_BYTES=2147483648
WEIGHT_BUDGET_SOURCE=ENV
WEIGHT_BUDGET_INPUT=2048
WEIGHT_BUDGET_PARSE=PASS
WEIGHT_BUDGET_MIB=2048
WEIGHT_BUDGET_BYTES=2147483648
WEIGHT_BUDGET_SOURCE=ENV
WEIGHT_BUDGET_INPUT=2048
WEIGHT_BUDGET_PARSE=PASS
WEIGHT_BUDGET_MIB=2048
WEIGHT_BUDGET_BYTES=2147483648
WEIGHT_BUDGET_SOURCE=ENV
WEIGHT_BUDGET_INPUT=2048
WEIGHT_BUDGET_PARSE=PASS
WEIGHT_BUDGET_MIB=2048
WEIGHT_BUDGET_BYTES=2147483648
WEIGHT_BUDGET_SOURCE=ENV
WEIGHT_BUDGET_INPUT=2048
WEIGHT_BUDGET_PARSE=PASS
WEIGHT_BUDGET_MIB=2048
WEIGHT_BUDGET_BYTES=2147483648
WEIGHT_BUDGET_SOURCE=ENV
WEIGHT_BUDGET_INPUT=2048
WEIGHT_BUDGET_PARSE=PASS
WEIGHT_BUDGET_MIB=2048
WEIGHT_BUDGET_BYTES=2147483648
WEIGHT_BUDGET_SOURCE=ENV
WEIGHT_BUDGET_INPUT=2048
WEIGHT_BUDGET_PARSE=PASS
WEIGHT_BUDGET_MIB=2048
WEIGHT_BUDGET_BYTES=2147483648
WEIGHT_BUDGET_SOURCE=ENV
WEIGHT_BUDGET_INPUT=2048
WEIGHT_BUDGET_PARSE=PASS
WEIGHT_BUDGET_MIB=2048
WEIGHT_BUDGET_BYTES=2147483648
WEIGHT_BUDGET_SOURCE=ENV
WEIGHT_BUDGET_INPUT=2048
WEIGHT_BUDGET_PARSE=PASS
WEIGHT_BUDGET_MIB=2048
WEIGHT_BUDGET_BYTES=2147483648
WEIGHT_BUDGET_SOURCE=ENV
WEIGHT_BUDGET_INPUT=2048
WEIGHT_BUDGET_PARSE=PASS
WEIGHT_BUDGET_MIB=2048
WEIGHT_BUDGET_BYTES=2147483648
WEIGHT_BUDGET_SOURCE=ENV
WEIGHT_BUDGET_INPUT=2048
WEIGHT_BUDGET_PARSE=PASS
WEIGHT_BUDGET_MIB=2048
WEIGHT_BUDGET_BYTES=2147483648
WEIGHT_BUDGET_SOURCE=ENV
WEIGHT_BUDGET_INPUT=2048
WEIGHT_BUDGET_PARSE=PASS
WEIGHT_BUDGET_MIB=2048
WEIGHT_BUDGET_BYTES=2147483648
WEIGHT_BUDGET_SOURCE=ENV
WEIGHT_BUDGET_INPUT=2048
WEIGHT_BUDGET_PARSE=PASS
WEIGHT_BUDGET_MIB=2048
WEIGHT_BUDGET_BYTES=2147483648
WEIGHT_BUDGET_SOURCE=ENV
WEIGHT_BUDGET_INPUT=2048
WEIGHT_BUDGET_PARSE=PASS
WEIGHT_BUDGET_MIB=2048
WEIGHT_BUDGET_BYTES=2147483648
WEIGHT_BUDGET_SOURCE=ENV
WEIGHT_BUDGET_INPUT=2048
WEIGHT_BUDGET_PARSE=PASS
WEIGHT_BUDGET_MIB=2048
WEIGHT_BUDGET_BYTES=2147483648
WEIGHT_BUDGET_SOURCE=ENV
WEIGHT_BUDGET_INPUT=2048
WEIGHT_BUDGET_PARSE=PASS
WEIGHT_BUDGET_MIB=2048
WEIGHT_BUDGET_BYTES=2147483648
WEIGHT_BUDGET_SOURCE=ENV
HEAP_OK_FINAL_NORM_BEFORE=1
FINAL_NORM_SRC_PTR=00000211F8300060
FINAL_NORM_DST_PTR=00000211F8300060
FINAL_NORM_WEIGHT_PTR=00000211A0D30000
FINAL_NORM_WEIGHT_SOURCE=HOST_MAPPED
FINAL_NORM_WEIGHT_FULFILLED=1
FINAL_NORM_WEIGHT_BYTES=12288
FINAL_NORM_WEIGHT_0=1.765625
FINAL_NORM_WEIGHT_1=1.75
FINAL_NORM_WEIGHT_2=1.5625
FINAL_NORM_WEIGHT_3=1.7734375
FINAL_NORM_WEIGHT_L2=91.4481258
FINAL_NORM_SUMSQ=2149.25999
FINAL_NORM_MEAN_SQ=0.699628902
FINAL_NORM_EPS=9.99999975e-06
FINAL_NORM_INV_RMS=1.19553697
FINAL_NORM_SRC_0=0.332438409
FINAL_NORM_DST_0=0.701734245
FINAL_NORM_AFTER_L2=86.8016864
HEAP_OK_FINAL_NORM_AFTER=1
WEIGHT_BUDGET_INPUT=2048
WEIGHT_BUDGET_PARSE=PASS
WEIGHT_BUDGET_MIB=2048
WEIGHT_BUDGET_BYTES=2147483648
WEIGHT_BUDGET_SOURCE=ENV
WEIGHT_BUDGET_INPUT=2048
WEIGHT_BUDGET_PARSE=PASS
WEIGHT_BUDGET_MIB=2048
WEIGHT_BUDGET_BYTES=2147483648
WEIGHT_BUDGET_SOURCE=ENV
WEIGHT_BUDGET_INPUT=2048
WEIGHT_BUDGET_PARSE=PASS
WEIGHT_BUDGET_MIB=2048
WEIGHT_BUDGET_BYTES=2147483648
WEIGHT_BUDGET_SOURCE=ENV
WEIGHT_BUDGET_INPUT=2048
WEIGHT_BUDGET_PARSE=PASS
WEIGHT_BUDGET_MIB=2048
WEIGHT_BUDGET_BYTES=2147483648
WEIGHT_BUDGET_SOURCE=ENV
WEIGHT_BUDGET_INPUT=2048
WEIGHT_BUDGET_PARSE=PASS
WEIGHT_BUDGET_MIB=2048
WEIGHT_BUDGET_BYTES=2147483648
WEIGHT_BUDGET_SOURCE=ENV
WEIGHT_BUDGET_INPUT=2048
WEIGHT_BUDGET_PARSE=PASS
WEIGHT_BUDGET_MIB=2048
WEIGHT_BUDGET_BYTES=2147483648
WEIGHT_BUDGET_SOURCE=ENV
WEIGHT_BUDGET_INPUT=2048
WEIGHT_BUDGET_PARSE=PASS
WEIGHT_BUDGET_MIB=2048
WEIGHT_BUDGET_BYTES=2147483648
WEIGHT_BUDGET_SOURCE=ENV
WEIGHT_BUDGET_INPUT=2048
WEIGHT_BUDGET_PARSE=PASS
WEIGHT_BUDGET_MIB=2048
WEIGHT_BUDGET_BYTES=2147483648
WEIGHT_BUDGET_SOURCE=ENV
WEIGHT_BUDGET_INPUT=2048
WEIGHT_BUDGET_PARSE=PASS
WEIGHT_BUDGET_MIB=2048
WEIGHT_BUDGET_BYTES=2147483648
WEIGHT_BUDGET_SOURCE=ENV
WEIGHT_BUDGET_INPUT=2048
WEIGHT_BUDGET_PARSE=PASS
WEIGHT_BUDGET_MIB=2048
WEIGHT_BUDGET_BYTES=2147483648
WEIGHT_BUDGET_SOURCE=ENV
WEIGHT_BUDGET_INPUT=2048
WEIGHT_BUDGET_PARSE=PASS
WEIGHT_BUDGET_MIB=2048
WEIGHT_BUDGET_BYTES=2147483648
WEIGHT_BUDGET_SOURCE=ENV
WEIGHT_BUDGET_INPUT=2048
WEIGHT_BUDGET_PARSE=PASS
WEIGHT_BUDGET_MIB=2048
WEIGHT_BUDGET_BYTES=2147483648
WEIGHT_BUDGET_SOURCE=ENV
WEIGHT_BUDGET_INPUT=2048
WEIGHT_BUDGET_PARSE=PASS
WEIGHT_BUDGET_MIB=2048
WEIGHT_BUDGET_BYTES=2147483648
WEIGHT_BUDGET_SOURCE=ENV
WEIGHT_BUDGET_INPUT=2048
WEIGHT_BUDGET_PARSE=PASS
WEIGHT_BUDGET_MIB=2048
WEIGHT_BUDGET_BYTES=2147483648
WEIGHT_BUDGET_SOURCE=ENV
WEIGHT_BUDGET_INPUT=2048
WEIGHT_BUDGET_PARSE=PASS
WEIGHT_BUDGET_MIB=2048
WEIGHT_BUDGET_BYTES=2147483648
WEIGHT_BUDGET_SOURCE=ENV
WEIGHT_BUDGET_INPUT=2048
WEIGHT_BUDGET_PARSE=PASS
WEIGHT_BUDGET_MIB=2048
WEIGHT_BUDGET_BYTES=2147483648
WEIGHT_BUDGET_SOURCE=ENV
WEIGHT_BUDGET_INPUT=2048
WEIGHT_BUDGET_PARSE=PASS
WEIGHT_BUDGET_MIB=2048
WEIGHT_BUDGET_BYTES=2147483648
WEIGHT_BUDGET_SOURCE=ENV
WEIGHT_BUDGET_INPUT=2048
WEIGHT_BUDGET_PARSE=PASS
WEIGHT_BUDGET_MIB=2048
WEIGHT_BUDGET_BYTES=2147483648
WEIGHT_BUDGET_SOURCE=ENV
WEIGHT_BUDGET_INPUT=2048
WEIGHT_BUDGET_PARSE=PASS
WEIGHT_BUDGET_MIB=2048
WEIGHT_BUDGET_BYTES=2147483648
WEIGHT_BUDGET_SOURCE=ENV
WEIGHT_BUDGET_INPUT=2048
WEIGHT_BUDGET_PARSE=PASS
WEIGHT_BUDGET_MIB=2048
WEIGHT_BUDGET_BYTES=2147483648
WEIGHT_BUDGET_SOURCE=ENV
WEIGHT_BUDGET_INPUT=2048
WEIGHT_BUDGET_PARSE=PASS
WEIGHT_BUDGET_MIB=2048
WEIGHT_BUDGET_BYTES=2147483648
WEIGHT_BUDGET_SOURCE=ENV
WEIGHT_BUDGET_INPUT=2048
WEIGHT_BUDGET_PARSE=PASS
WEIGHT_BUDGET_MIB=2048
WEIGHT_BUDGET_BYTES=2147483648
WEIGHT_BUDGET_SOURCE=ENV
WEIGHT_BUDGET_INPUT=2048
WEIGHT_BUDGET_PARSE=PASS
WEIGHT_BUDGET_MIB=2048
WEIGHT_BUDGET_BYTES=2147483648
WEIGHT_BUDGET_SOURCE=ENV
WEIGHT_BUDGET_INPUT=2048
WEIGHT_BUDGET_PARSE=PASS
WEIGHT_BUDGET_MIB=2048
WEIGHT_BUDGET_BYTES=2147483648
WEIGHT_BUDGET_SOURCE=ENV
WEIGHT_BUDGET_INPUT=2048
WEIGHT_BUDGET_PARSE=PASS
WEIGHT_BUDGET_MIB=2048
WEIGHT_BUDGET_BYTES=2147483648
WEIGHT_BUDGET_SOURCE=ENV
WEIGHT_BUDGET_INPUT=2048
WEIGHT_BUDGET_PARSE=PASS
WEIGHT_BUDGET_MIB=2048
WEIGHT_BUDGET_BYTES=2147483648
WEIGHT_BUDGET_SOURCE=ENV
WEIGHT_BUDGET_INPUT=2048
WEIGHT_BUDGET_PARSE=PASS
WEIGHT_BUDGET_MIB=2048
WEIGHT_BUDGET_BYTES=2147483648
WEIGHT_BUDGET_SOURCE=ENV
WEIGHT_BUDGET_INPUT=2048
WEIGHT_BUDGET_PARSE=PASS
WEIGHT_BUDGET_MIB=2048
WEIGHT_BUDGET_BYTES=2147483648
WEIGHT_BUDGET_SOURCE=ENV
WEIGHT_BUDGET_INPUT=2048
WEIGHT_BUDGET_PARSE=PASS
WEIGHT_BUDGET_MIB=2048
WEIGHT_BUDGET_BYTES=2147483648
WEIGHT_BUDGET_SOURCE=ENV
WEIGHT_BUDGET_INPUT=2048
WEIGHT_BUDGET_PARSE=PASS
WEIGHT_BUDGET_MIB=2048
WEIGHT_BUDGET_BYTES=2147483648
WEIGHT_BUDGET_SOURCE=ENV
HEAP_OK_FINAL_NORM_BEFORE=1
FINAL_NORM_SRC_PTR=00000211F8303060
FINAL_NORM_DST_PTR=00000211F8303060
FINAL_NORM_WEIGHT_PTR=00000211A0D30000
FINAL_NORM_WEIGHT_SOURCE=HOST_MAPPED
FINAL_NORM_WEIGHT_FULFILLED=1
FINAL_NORM_WEIGHT_BYTES=12288
FINAL_NORM_WEIGHT_0=1.765625
FINAL_NORM_WEIGHT_1=1.75
FINAL_NORM_WEIGHT_2=1.5625
FINAL_NORM_WEIGHT_3=1.7734375
FINAL_NORM_WEIGHT_L2=91.4481258
FINAL_NORM_SUMSQ=3401.98828
FINAL_NORM_MEAN_SQ=1.10741806
FINAL_NORM_EPS=9.99999975e-06
FINAL_NORM_INV_RMS=0.950259507
FINAL_NORM_SRC_0=-0.773463368
FINAL_NORM_DST_0=-1.29771829
FINAL_NORM_AFTER_L2=79.0427568
HEAP_OK_FINAL_NORM_AFTER=1
WEIGHT_BUDGET_INPUT=2048
WEIGHT_BUDGET_PARSE=PASS
WEIGHT_BUDGET_MIB=2048
WEIGHT_BUDGET_BYTES=2147483648
WEIGHT_BUDGET_SOURCE=ENV
WEIGHT_BUDGET_INPUT=2048
WEIGHT_BUDGET_PARSE=PASS
WEIGHT_BUDGET_MIB=2048
WEIGHT_BUDGET_BYTES=2147483648
WEIGHT_BUDGET_SOURCE=ENV
WEIGHT_BUDGET_INPUT=2048
WEIGHT_BUDGET_PARSE=PASS
WEIGHT_BUDGET_MIB=2048
WEIGHT_BUDGET_BYTES=2147483648
WEIGHT_BUDGET_SOURCE=ENV
WEIGHT_BUDGET_INPUT=2048
WEIGHT_BUDGET_PARSE=PASS
WEIGHT_BUDGET_MIB=2048
WEIGHT_BUDGET_BYTES=2147483648
WEIGHT_BUDGET_SOURCE=ENV
WEIGHT_BUDGET_INPUT=2048
WEIGHT_BUDGET_PARSE=PASS
WEIGHT_BUDGET_MIB=2048
WEIGHT_BUDGET_BYTES=2147483648
WEIGHT_BUDGET_SOURCE=ENV
WEIGHT_BUDGET_INPUT=2048
WEIGHT_BUDGET_PARSE=PASS
WEIGHT_BUDGET_MIB=2048
WEIGHT_BUDGET_BYTES=2147483648
WEIGHT_BUDGET_SOURCE=ENV
WEIGHT_BUDGET_INPUT=2048
WEIGHT_BUDGET_PARSE=PASS
WEIGHT_BUDGET_MIB=2048
WEIGHT_BUDGET_BYTES=2147483648
WEIGHT_BUDGET_SOURCE=ENV
WEIGHT_BUDGET_INPUT=2048
WEIGHT_BUDGET_PARSE=PASS
WEIGHT_BUDGET_MIB=2048
WEIGHT_BUDGET_BYTES=2147483648
WEIGHT_BUDGET_SOURCE=ENV
WEIGHT_BUDGET_INPUT=2048
WEIGHT_BUDGET_PARSE=PASS
WEIGHT_BUDGET_MIB=2048
WEIGHT_BUDGET_BYTES=2147483648
WEIGHT_BUDGET_SOURCE=ENV
WEIGHT_BUDGET_INPUT=2048
WEIGHT_BUDGET_PARSE=PASS
WEIGHT_BUDGET_MIB=2048
WEIGHT_BUDGET_BYTES=2147483648
WEIGHT_BUDGET_SOURCE=ENV
WEIGHT_BUDGET_INPUT=2048
WEIGHT_BUDGET_PARSE=PASS
WEIGHT_BUDGET_MIB=2048
WEIGHT_BUDGET_BYTES=2147483648
WEIGHT_BUDGET_SOURCE=ENV
WEIGHT_BUDGET_INPUT=2048
WEIGHT_BUDGET_PARSE=PASS
WEIGHT_BUDGET_MIB=2048
WEIGHT_BUDGET_BYTES=2147483648
WEIGHT_BUDGET_SOURCE=ENV
WEIGHT_BUDGET_INPUT=2048
WEIGHT_BUDGET_PARSE=PASS
WEIGHT_BUDGET_MIB=2048
WEIGHT_BUDGET_BYTES=2147483648
WEIGHT_BUDGET_SOURCE=ENV
WEIGHT_BUDGET_INPUT=2048
WEIGHT_BUDGET_PARSE=PASS
WEIGHT_BUDGET_MIB=2048
WEIGHT_BUDGET_BYTES=2147483648
WEIGHT_BUDGET_SOURCE=ENV
WEIGHT_BUDGET_INPUT=2048
WEIGHT_BUDGET_PARSE=PASS
WEIGHT_BUDGET_MIB=2048
WEIGHT_BUDGET_BYTES=2147483648
WEIGHT_BUDGET_SOURCE=ENV
WEIGHT_BUDGET_INPUT=2048
WEIGHT_BUDGET_PARSE=PASS
WEIGHT_BUDGET_MIB=2048
WEIGHT_BUDGET_BYTES=2147483648
WEIGHT_BUDGET_SOURCE=ENV
WEIGHT_BUDGET_INPUT=2048
WEIGHT_BUDGET_PARSE=PASS
WEIGHT_BUDGET_MIB=2048
WEIGHT_BUDGET_BYTES=2147483648
WEIGHT_BUDGET_SOURCE=ENV
WEIGHT_BUDGET_INPUT=2048
WEIGHT_BUDGET_PARSE=PASS
WEIGHT_BUDGET_MIB=2048
WEIGHT_BUDGET_BYTES=2147483648
WEIGHT_BUDGET_SOURCE=ENV
WEIGHT_BUDGET_INPUT=2048
WEIGHT_BUDGET_PARSE=PASS
WEIGHT_BUDGET_MIB=2048
WEIGHT_BUDGET_BYTES=2147483648
WEIGHT_BUDGET_SOURCE=ENV
WEIGHT_BUDGET_INPUT=2048
WEIGHT_BUDGET_PARSE=PASS
WEIGHT_BUDGET_MIB=2048
WEIGHT_BUDGET_BYTES=2147483648
WEIGHT_BUDGET_SOURCE=ENV
WEIGHT_BUDGET_INPUT=2048
WEIGHT_BUDGET_PARSE=PASS
WEIGHT_BUDGET_MIB=2048
WEIGHT_BUDGET_BYTES=2147483648
WEIGHT_BUDGET_SOURCE=ENV
WEIGHT_BUDGET_INPUT=2048
WEIGHT_BUDGET_PARSE=PASS
WEIGHT_BUDGET_MIB=2048
WEIGHT_BUDGET_BYTES=2147483648
WEIGHT_BUDGET_SOURCE=ENV
WEIGHT_BUDGET_INPUT=2048
WEIGHT_BUDGET_PARSE=PASS
WEIGHT_BUDGET_MIB=2048
WEIGHT_BUDGET_BYTES=2147483648
WEIGHT_BUDGET_SOURCE=ENV
WEIGHT_BUDGET_INPUT=2048
WEIGHT_BUDGET_PARSE=PASS
WEIGHT_BUDGET_MIB=2048
WEIGHT_BUDGET_BYTES=2147483648
WEIGHT_BUDGET_SOURCE=ENV
WEIGHT_BUDGET_INPUT=2048
WEIGHT_BUDGET_PARSE=PASS
WEIGHT_BUDGET_MIB=2048
WEIGHT_BUDGET_BYTES=2147483648
WEIGHT_BUDGET_SOURCE=ENV
WEIGHT_BUDGET_INPUT=2048
WEIGHT_BUDGET_PARSE=PASS
WEIGHT_BUDGET_MIB=2048
WEIGHT_BUDGET_BYTES=2147483648
WEIGHT_BUDGET_SOURCE=ENV
WEIGHT_BUDGET_INPUT=2048
WEIGHT_BUDGET_PARSE=PASS
WEIGHT_BUDGET_MIB=2048
WEIGHT_BUDGET_BYTES=2147483648
WEIGHT_BUDGET_SOURCE=ENV
WEIGHT_BUDGET_INPUT=2048
WEIGHT_BUDGET_PARSE=PASS
WEIGHT_BUDGET_MIB=2048
WEIGHT_BUDGET_BYTES=2147483648
WEIGHT_BUDGET_SOURCE=ENV
WEIGHT_BUDGET_INPUT=2048
WEIGHT_BUDGET_PARSE=PASS
WEIGHT_BUDGET_MIB=2048
WEIGHT_BUDGET_BYTES=2147483648
WEIGHT_BUDGET_SOURCE=ENV
WEIGHT_BUDGET_INPUT=2048
WEIGHT_BUDGET_PARSE=PASS
WEIGHT_BUDGET_MIB=2048
WEIGHT_BUDGET_BYTES=2147483648
WEIGHT_BUDGET_SOURCE=ENV
HEAP_OK_FINAL_NORM_BEFORE=1
FINAL_NORM_SRC_PTR=00000211F8306060
FINAL_NORM_DST_PTR=00000211F8306060
FINAL_NORM_WEIGHT_PTR=00000211A0D30000
FINAL_NORM_WEIGHT_SOURCE=HOST_MAPPED
FINAL_NORM_WEIGHT_FULFILLED=1
FINAL_NORM_WEIGHT_BYTES=12288
FINAL_NORM_WEIGHT_0=1.765625
FINAL_NORM_WEIGHT_1=1.75
FINAL_NORM_WEIGHT_2=1.5625
FINAL_NORM_WEIGHT_3=1.7734375
FINAL_NORM_WEIGHT_L2=91.4481258
FINAL_NORM_SUMSQ=1251.42508
FINAL_NORM_MEAN_SQ=0.407364935
FINAL_NORM_EPS=9.99999975e-06
FINAL_NORM_INV_RMS=1.56676137
FINAL_NORM_SRC_0=-1.27373886
FINAL_NORM_DST_0=-3.52356029
FINAL_NORM_AFTER_L2=90.0845257
HEAP_OK_FINAL_NORM_AFTER=1
WEIGHT_BUDGET_INPUT=2048
WEIGHT_BUDGET_PARSE=PASS
WEIGHT_BUDGET_MIB=2048
WEIGHT_BUDGET_BYTES=2147483648
WEIGHT_BUDGET_SOURCE=ENV
WEIGHT_BUDGET_INPUT=2048
WEIGHT_BUDGET_PARSE=PASS
WEIGHT_BUDGET_MIB=2048
WEIGHT_BUDGET_BYTES=2147483648
WEIGHT_BUDGET_SOURCE=ENV
WEIGHT_BUDGET_INPUT=2048
WEIGHT_BUDGET_PARSE=PASS
WEIGHT_BUDGET_MIB=2048
WEIGHT_BUDGET_BYTES=2147483648
WEIGHT_BUDGET_SOURCE=ENV
WEIGHT_BUDGET_INPUT=2048
WEIGHT_BUDGET_PARSE=PASS
WEIGHT_BUDGET_MIB=2048
WEIGHT_BUDGET_BYTES=2147483648
WEIGHT_BUDGET_SOURCE=ENV
WEIGHT_BUDGET_INPUT=2048
WEIGHT_BUDGET_PARSE=PASS
WEIGHT_BUDGET_MIB=2048
WEIGHT_BUDGET_BYTES=2147483648
WEIGHT_BUDGET_SOURCE=ENV
WEIGHT_BUDGET_INPUT=2048
WEIGHT_BUDGET_PARSE=PASS
WEIGHT_BUDGET_MIB=2048
WEIGHT_BUDGET_BYTES=2147483648
WEIGHT_BUDGET_SOURCE=ENV
WEIGHT_BUDGET_INPUT=2048
WEIGHT_BUDGET_PARSE=PASS
WEIGHT_BUDGET_MIB=2048
WEIGHT_BUDGET_BYTES=2147483648
WEIGHT_BUDGET_SOURCE=ENV
WEIGHT_BUDGET_INPUT=2048
WEIGHT_BUDGET_PARSE=PASS
WEIGHT_BUDGET_MIB=2048
WEIGHT_BUDGET_BYTES=2147483648
WEIGHT_BUDGET_SOURCE=ENV
WEIGHT_BUDGET_INPUT=2048
WEIGHT_BUDGET_PARSE=PASS
WEIGHT_BUDGET_MIB=2048
WEIGHT_BUDGET_BYTES=2147483648
WEIGHT_BUDGET_SOURCE=ENV
WEIGHT_BUDGET_INPUT=2048
WEIGHT_BUDGET_PARSE=PASS
WEIGHT_BUDGET_MIB=2048
WEIGHT_BUDGET_BYTES=2147483648
WEIGHT_BUDGET_SOURCE=ENV
WEIGHT_BUDGET_INPUT=2048
WEIGHT_BUDGET_PARSE=PASS
WEIGHT_BUDGET_MIB=2048
WEIGHT_BUDGET_BYTES=2147483648
WEIGHT_BUDGET_SOURCE=ENV
WEIGHT_BUDGET_INPUT=2048
WEIGHT_BUDGET_PARSE=PASS
WEIGHT_BUDGET_MIB=2048
WEIGHT_BUDGET_BYTES=2147483648
WEIGHT_BUDGET_SOURCE=ENV
WEIGHT_BUDGET_INPUT=2048
WEIGHT_BUDGET_PARSE=PASS
WEIGHT_BUDGET_MIB=2048
WEIGHT_BUDGET_BYTES=2147483648
WEIGHT_BUDGET_SOURCE=ENV
WEIGHT_BUDGET_INPUT=2048
WEIGHT_BUDGET_PARSE=PASS
WEIGHT_BUDGET_MIB=2048
WEIGHT_BUDGET_BYTES=2147483648
WEIGHT_BUDGET_SOURCE=ENV
WEIGHT_BUDGET_INPUT=2048
WEIGHT_BUDGET_PARSE=PASS
WEIGHT_BUDGET_MIB=2048
WEIGHT_BUDGET_BYTES=2147483648
WEIGHT_BUDGET_SOURCE=ENV
WEIGHT_BUDGET_INPUT=2048
WEIGHT_BUDGET_PARSE=PASS
WEIGHT_BUDGET_MIB=2048
WEIGHT_BUDGET_BYTES=2147483648
WEIGHT_BUDGET_SOURCE=ENV
WEIGHT_BUDGET_INPUT=2048
WEIGHT_BUDGET_PARSE=PASS
WEIGHT_BUDGET_MIB=2048
WEIGHT_BUDGET_BYTES=2147483648
WEIGHT_BUDGET_SOURCE=ENV
WEIGHT_BUDGET_INPUT=2048
WEIGHT_BUDGET_PARSE=PASS
WEIGHT_BUDGET_MIB=2048
WEIGHT_BUDGET_BYTES=2147483648
WEIGHT_BUDGET_SOURCE=ENV
WEIGHT_BUDGET_INPUT=2048
WEIGHT_BUDGET_PARSE=PASS
WEIGHT_BUDGET_MIB=2048
WEIGHT_BUDGET_BYTES=2147483648
WEIGHT_BUDGET_SOURCE=ENV
WEIGHT_BUDGET_INPUT=2048
WEIGHT_BUDGET_PARSE=PASS
WEIGHT_BUDGET_MIB=2048
WEIGHT_BUDGET_BYTES=2147483648
WEIGHT_BUDGET_SOURCE=ENV
WEIGHT_BUDGET_INPUT=2048
WEIGHT_BUDGET_PARSE=PASS
WEIGHT_BUDGET_MIB=2048
WEIGHT_BUDGET_BYTES=2147483648
WEIGHT_BUDGET_SOURCE=ENV
WEIGHT_BUDGET_INPUT=2048
WEIGHT_BUDGET_PARSE=PASS
WEIGHT_BUDGET_MIB=2048
WEIGHT_BUDGET_BYTES=2147483648
WEIGHT_BUDGET_SOURCE=ENV
WEIGHT_BUDGET_INPUT=2048
WEIGHT_BUDGET_PARSE=PASS
WEIGHT_BUDGET_MIB=2048
WEIGHT_BUDGET_BYTES=2147483648
WEIGHT_BUDGET_SOURCE=ENV
WEIGHT_BUDGET_INPUT=2048
WEIGHT_BUDGET_PARSE=PASS
WEIGHT_BUDGET_MIB=2048
WEIGHT_BUDGET_BYTES=2147483648
WEIGHT_BUDGET_SOURCE=ENV
WEIGHT_BUDGET_INPUT=2048
WEIGHT_BUDGET_PARSE=PASS
WEIGHT_BUDGET_MIB=2048
WEIGHT_BUDGET_BYTES=2147483648
WEIGHT_BUDGET_SOURCE=ENV
WEIGHT_BUDGET_INPUT=2048
WEIGHT_BUDGET_PARSE=PASS
WEIGHT_BUDGET_MIB=2048
WEIGHT_BUDGET_BYTES=2147483648
WEIGHT_BUDGET_SOURCE=ENV
WEIGHT_BUDGET_INPUT=2048
WEIGHT_BUDGET_PARSE=PASS
WEIGHT_BUDGET_MIB=2048
WEIGHT_BUDGET_BYTES=2147483648
WEIGHT_BUDGET_SOURCE=ENV
WEIGHT_BUDGET_INPUT=2048
WEIGHT_BUDGET_PARSE=PASS
WEIGHT_BUDGET_MIB=2048
WEIGHT_BUDGET_BYTES=2147483648
WEIGHT_BUDGET_SOURCE=ENV
WEIGHT_BUDGET_INPUT=2048
WEIGHT_BUDGET_PARSE=PASS
WEIGHT_BUDGET_MIB=2048
WEIGHT_BUDGET_BYTES=2147483648
WEIGHT_BUDGET_SOURCE=ENV
WEIGHT_BUDGET_INPUT=2048
WEIGHT_BUDGET_PARSE=PASS
WEIGHT_BUDGET_MIB=2048
WEIGHT_BUDGET_BYTES=2147483648
WEIGHT_BUDGET_SOURCE=ENV
HEAP_OK_FINAL_NORM_BEFORE=1
FINAL_NORM_SRC_PTR=00000211F8309060
FINAL_NORM_DST_PTR=00000211F8309060
FINAL_NORM_WEIGHT_PTR=00000211A0D30000
FINAL_NORM_WEIGHT_SOURCE=HOST_MAPPED
FINAL_NORM_WEIGHT_FULFILLED=1
FINAL_NORM_WEIGHT_BYTES=12288
FINAL_NORM_WEIGHT_0=1.765625
FINAL_NORM_WEIGHT_1=1.75
FINAL_NORM_WEIGHT_2=1.5625
FINAL_NORM_WEIGHT_3=1.7734375
FINAL_NORM_WEIGHT_L2=91.4481258
FINAL_NORM_SUMSQ=1676.6796
FINAL_NORM_MEAN_SQ=0.54579414
FINAL_NORM_EPS=9.99999975e-06
FINAL_NORM_INV_RMS=1.35357273
FINAL_NORM_SRC_0=-1.10194278
FINAL_NORM_DST_0=-2.63353515
FINAL_NORM_AFTER_L2=90.0767444
HEAP_OK_FINAL_NORM_AFTER=1
WEIGHT_BUDGET_INPUT=2048
WEIGHT_BUDGET_PARSE=PASS
WEIGHT_BUDGET_MIB=2048
WEIGHT_BUDGET_BYTES=2147483648
WEIGHT_BUDGET_SOURCE=ENV
WEIGHT_BUDGET_INPUT=2048
WEIGHT_BUDGET_PARSE=PASS
WEIGHT_BUDGET_MIB=2048
WEIGHT_BUDGET_BYTES=2147483648
WEIGHT_BUDGET_SOURCE=ENV
WEIGHT_BUDGET_INPUT=2048
WEIGHT_BUDGET_PARSE=PASS
WEIGHT_BUDGET_MIB=2048
WEIGHT_BUDGET_BYTES=2147483648
WEIGHT_BUDGET_SOURCE=ENV
WEIGHT_BUDGET_INPUT=2048
WEIGHT_BUDGET_PARSE=PASS
WEIGHT_BUDGET_MIB=2048
WEIGHT_BUDGET_BYTES=2147483648
WEIGHT_BUDGET_SOURCE=ENV
WEIGHT_BUDGET_INPUT=2048
WEIGHT_BUDGET_PARSE=PASS
WEIGHT_BUDGET_MIB=2048
WEIGHT_BUDGET_BYTES=2147483648
WEIGHT_BUDGET_SOURCE=ENV
WEIGHT_BUDGET_INPUT=2048
WEIGHT_BUDGET_PARSE=PASS
WEIGHT_BUDGET_MIB=2048
WEIGHT_BUDGET_BYTES=2147483648
WEIGHT_BUDGET_SOURCE=ENV
WEIGHT_BUDGET_INPUT=2048
WEIGHT_BUDGET_PARSE=PASS
WEIGHT_BUDGET_MIB=2048
WEIGHT_BUDGET_BYTES=2147483648
WEIGHT_BUDGET_SOURCE=ENV
WEIGHT_BUDGET_INPUT=2048
WEIGHT_BUDGET_PARSE=PASS
WEIGHT_BUDGET_MIB=2048
WEIGHT_BUDGET_BYTES=2147483648
WEIGHT_BUDGET_SOURCE=ENV
WEIGHT_BUDGET_INPUT=2048
WEIGHT_BUDGET_PARSE=PASS
WEIGHT_BUDGET_MIB=2048
WEIGHT_BUDGET_BYTES=2147483648
WEIGHT_BUDGET_SOURCE=ENV
WEIGHT_BUDGET_INPUT=2048
WEIGHT_BUDGET_PARSE=PASS
WEIGHT_BUDGET_MIB=2048
WEIGHT_BUDGET_BYTES=2147483648
WEIGHT_BUDGET_SOURCE=ENV
WEIGHT_BUDGET_INPUT=2048
WEIGHT_BUDGET_PARSE=PASS
WEIGHT_BUDGET_MIB=2048
WEIGHT_BUDGET_BYTES=2147483648
WEIGHT_BUDGET_SOURCE=ENV
WEIGHT_BUDGET_INPUT=2048
WEIGHT_BUDGET_PARSE=PASS
WEIGHT_BUDGET_MIB=2048
WEIGHT_BUDGET_BYTES=2147483648
WEIGHT_BUDGET_SOURCE=ENV
WEIGHT_BUDGET_INPUT=2048
WEIGHT_BUDGET_PARSE=PASS
WEIGHT_BUDGET_MIB=2048
WEIGHT_BUDGET_BYTES=2147483648
WEIGHT_BUDGET_SOURCE=ENV
WEIGHT_BUDGET_INPUT=2048
WEIGHT_BUDGET_PARSE=PASS
WEIGHT_BUDGET_MIB=2048
WEIGHT_BUDGET_BYTES=2147483648
WEIGHT_BUDGET_SOURCE=ENV
WEIGHT_BUDGET_INPUT=2048
WEIGHT_BUDGET_PARSE=PASS
WEIGHT_BUDGET_MIB=2048
WEIGHT_BUDGET_BYTES=2147483648
WEIGHT_BUDGET_SOURCE=ENV
WEIGHT_BUDGET_INPUT=2048
WEIGHT_BUDGET_PARSE=PASS
WEIGHT_BUDGET_MIB=2048
WEIGHT_BUDGET_BYTES=2147483648
WEIGHT_BUDGET_SOURCE=ENV
WEIGHT_BUDGET_INPUT=2048
WEIGHT_BUDGET_PARSE=PASS
WEIGHT_BUDGET_MIB=2048
WEIGHT_BUDGET_BYTES=2147483648
WEIGHT_BUDGET_SOURCE=ENV
WEIGHT_BUDGET_INPUT=2048
WEIGHT_BUDGET_PARSE=PASS
WEIGHT_BUDGET_MIB=2048
WEIGHT_BUDGET_BYTES=2147483648
WEIGHT_BUDGET_SOURCE=ENV
WEIGHT_BUDGET_INPUT=2048
WEIGHT_BUDGET_PARSE=PASS
WEIGHT_BUDGET_MIB=2048
WEIGHT_BUDGET_BYTES=2147483648
WEIGHT_BUDGET_SOURCE=ENV
WEIGHT_BUDGET_INPUT=2048
WEIGHT_BUDGET_PARSE=PASS
WEIGHT_BUDGET_MIB=2048
WEIGHT_BUDGET_BYTES=2147483648
WEIGHT_BUDGET_SOURCE=ENV
WEIGHT_BUDGET_INPUT=2048
WEIGHT_BUDGET_PARSE=PASS
WEIGHT_BUDGET_MIB=2048
WEIGHT_BUDGET_BYTES=2147483648
WEIGHT_BUDGET_SOURCE=ENV
WEIGHT_BUDGET_INPUT=2048
WEIGHT_BUDGET_PARSE=PASS
WEIGHT_BUDGET_MIB=2048
WEIGHT_BUDGET_BYTES=2147483648
WEIGHT_BUDGET_SOURCE=ENV
WEIGHT_BUDGET_INPUT=2048
WEIGHT_BUDGET_PARSE=PASS
WEIGHT_BUDGET_MIB=2048
WEIGHT_BUDGET_BYTES=2147483648
WEIGHT_BUDGET_SOURCE=ENV
WEIGHT_BUDGET_INPUT=2048
WEIGHT_BUDGET_PARSE=PASS
WEIGHT_BUDGET_MIB=2048
WEIGHT_BUDGET_BYTES=2147483648
WEIGHT_BUDGET_SOURCE=ENV
WEIGHT_BUDGET_INPUT=2048
WEIGHT_BUDGET_PARSE=PASS
WEIGHT_BUDGET_MIB=2048
WEIGHT_BUDGET_BYTES=2147483648
WEIGHT_BUDGET_SOURCE=ENV
WEIGHT_BUDGET_INPUT=2048
WEIGHT_BUDGET_PARSE=PASS
WEIGHT_BUDGET_MIB=2048
WEIGHT_BUDGET_BYTES=2147483648
WEIGHT_BUDGET_SOURCE=ENV
WEIGHT_BUDGET_INPUT=2048
WEIGHT_BUDGET_PARSE=PASS
WEIGHT_BUDGET_MIB=2048
WEIGHT_BUDGET_BYTES=2147483648
WEIGHT_BUDGET_SOURCE=ENV
WEIGHT_BUDGET_INPUT=2048
WEIGHT_BUDGET_PARSE=PASS
WEIGHT_BUDGET_MIB=2048
WEIGHT_BUDGET_BYTES=2147483648
WEIGHT_BUDGET_SOURCE=ENV
WEIGHT_BUDGET_INPUT=2048
WEIGHT_BUDGET_PARSE=PASS
WEIGHT_BUDGET_MIB=2048
WEIGHT_BUDGET_BYTES=2147483648
WEIGHT_BUDGET_SOURCE=ENV
WEIGHT_BUDGET_INPUT=2048
WEIGHT_BUDGET_PARSE=PASS
WEIGHT_BUDGET_MIB=2048
WEIGHT_BUDGET_BYTES=2147483648
WEIGHT_BUDGET_SOURCE=ENV
HEAP_OK_FINAL_NORM_BEFORE=1
FINAL_NORM_SRC_PTR=00000211F830C060
FINAL_NORM_DST_PTR=00000211F830C060
FINAL_NORM_WEIGHT_PTR=00000211A0D30000
FINAL_NORM_WEIGHT_SOURCE=HOST_MAPPED
FINAL_NORM_WEIGHT_FULFILLED=1
FINAL_NORM_WEIGHT_BYTES=12288
FINAL_NORM_WEIGHT_0=1.765625
FINAL_NORM_WEIGHT_1=1.75
FINAL_NORM_WEIGHT_2=1.5625
FINAL_NORM_WEIGHT_3=1.7734375
FINAL_NORM_WEIGHT_L2=91.4481258
FINAL_NORM_SUMSQ=1132.73342
FINAL_NORM_MEAN_SQ=0.368728325
FINAL_NORM_EPS=9.99999975e-06
FINAL_NORM_INV_RMS=1.64679992
FINAL_NORM_SRC_0=-0.272621423
FINAL_NORM_DST_0=-0.792682528
FINAL_NORM_AFTER_L2=90.7007806
HEAP_OK_FINAL_NORM_AFTER=1
WEIGHT_BUDGET_INPUT=2048
WEIGHT_BUDGET_PARSE=PASS
WEIGHT_BUDGET_MIB=2048
WEIGHT_BUDGET_BYTES=2147483648
WEIGHT_BUDGET_SOURCE=ENV
WEIGHT_BUDGET_INPUT=2048
WEIGHT_BUDGET_PARSE=PASS
WEIGHT_BUDGET_MIB=2048
WEIGHT_BUDGET_BYTES=2147483648
WEIGHT_BUDGET_SOURCE=ENV
WEIGHT_BUDGET_INPUT=2048
WEIGHT_BUDGET_PARSE=PASS
WEIGHT_BUDGET_MIB=2048
WEIGHT_BUDGET_BYTES=2147483648
WEIGHT_BUDGET_SOURCE=ENV
WEIGHT_BUDGET_INPUT=2048
WEIGHT_BUDGET_PARSE=PASS
WEIGHT_BUDGET_MIB=2048
WEIGHT_BUDGET_BYTES=2147483648
WEIGHT_BUDGET_SOURCE=ENV
WEIGHT_BUDGET_INPUT=2048
WEIGHT_BUDGET_PARSE=PASS
WEIGHT_BUDGET_MIB=2048
WEIGHT_BUDGET_BYTES=2147483648
WEIGHT_BUDGET_SOURCE=ENV
WEIGHT_BUDGET_INPUT=2048
WEIGHT_BUDGET_PARSE=PASS
WEIGHT_BUDGET_MIB=2048
WEIGHT_BUDGET_BYTES=2147483648
WEIGHT_BUDGET_SOURCE=ENV
WEIGHT_BUDGET_INPUT=2048
WEIGHT_BUDGET_PARSE=PASS
WEIGHT_BUDGET_MIB=2048
WEIGHT_BUDGET_BYTES=2147483648
WEIGHT_BUDGET_SOURCE=ENV
WEIGHT_BUDGET_INPUT=2048
WEIGHT_BUDGET_PARSE=PASS
WEIGHT_BUDGET_MIB=2048
WEIGHT_BUDGET_BYTES=2147483648
WEIGHT_BUDGET_SOURCE=ENV
WEIGHT_BUDGET_INPUT=2048
WEIGHT_BUDGET_PARSE=PASS
WEIGHT_BUDGET_MIB=2048
WEIGHT_BUDGET_BYTES=2147483648
WEIGHT_BUDGET_SOURCE=ENV
WEIGHT_BUDGET_INPUT=2048
WEIGHT_BUDGET_PARSE=PASS
WEIGHT_BUDGET_MIB=2048
WEIGHT_BUDGET_BYTES=2147483648
WEIGHT_BUDGET_SOURCE=ENV
WEIGHT_BUDGET_INPUT=2048
WEIGHT_BUDGET_PARSE=PASS
WEIGHT_BUDGET_MIB=2048
WEIGHT_BUDGET_BYTES=2147483648
WEIGHT_BUDGET_SOURCE=ENV
WEIGHT_BUDGET_INPUT=2048
WEIGHT_BUDGET_PARSE=PASS
WEIGHT_BUDGET_MIB=2048
WEIGHT_BUDGET_BYTES=2147483648
WEIGHT_BUDGET_SOURCE=ENV
WEIGHT_BUDGET_INPUT=2048
WEIGHT_BUDGET_PARSE=PASS
WEIGHT_BUDGET_MIB=2048
WEIGHT_BUDGET_BYTES=2147483648
WEIGHT_BUDGET_SOURCE=ENV
WEIGHT_BUDGET_INPUT=2048
WEIGHT_BUDGET_PARSE=PASS
WEIGHT_BUDGET_MIB=2048
WEIGHT_BUDGET_BYTES=2147483648
WEIGHT_BUDGET_SOURCE=ENV
WEIGHT_BUDGET_INPUT=2048
WEIGHT_BUDGET_PARSE=PASS
WEIGHT_BUDGET_MIB=2048
WEIGHT_BUDGET_BYTES=2147483648
WEIGHT_BUDGET_SOURCE=ENV
WEIGHT_BUDGET_INPUT=2048
WEIGHT_BUDGET_PARSE=PASS
WEIGHT_BUDGET_MIB=2048
WEIGHT_BUDGET_BYTES=2147483648
WEIGHT_BUDGET_SOURCE=ENV
WEIGHT_BUDGET_INPUT=2048
WEIGHT_BUDGET_PARSE=PASS
WEIGHT_BUDGET_MIB=2048
WEIGHT_BUDGET_BYTES=2147483648
WEIGHT_BUDGET_SOURCE=ENV
WEIGHT_BUDGET_INPUT=2048
WEIGHT_BUDGET_PARSE=PASS
WEIGHT_BUDGET_MIB=2048
WEIGHT_BUDGET_BYTES=2147483648
WEIGHT_BUDGET_SOURCE=ENV
WEIGHT_BUDGET_INPUT=2048
WEIGHT_BUDGET_PARSE=PASS
WEIGHT_BUDGET_MIB=2048
WEIGHT_BUDGET_BYTES=2147483648
WEIGHT_BUDGET_SOURCE=ENV
WEIGHT_BUDGET_INPUT=2048
WEIGHT_BUDGET_PARSE=PASS
WEIGHT_BUDGET_MIB=2048
WEIGHT_BUDGET_BYTES=2147483648
WEIGHT_BUDGET_SOURCE=ENV
WEIGHT_BUDGET_INPUT=2048
WEIGHT_BUDGET_PARSE=PASS
WEIGHT_BUDGET_MIB=2048
WEIGHT_BUDGET_BYTES=2147483648
WEIGHT_BUDGET_SOURCE=ENV
WEIGHT_BUDGET_INPUT=2048
WEIGHT_BUDGET_PARSE=PASS
WEIGHT_BUDGET_MIB=2048
WEIGHT_BUDGET_BYTES=2147483648
WEIGHT_BUDGET_SOURCE=ENV
WEIGHT_BUDGET_INPUT=2048
WEIGHT_BUDGET_PARSE=PASS
WEIGHT_BUDGET_MIB=2048
WEIGHT_BUDGET_BYTES=2147483648
WEIGHT_BUDGET_SOURCE=ENV
WEIGHT_BUDGET_INPUT=2048
WEIGHT_BUDGET_PARSE=PASS
WEIGHT_BUDGET_MIB=2048
WEIGHT_BUDGET_BYTES=2147483648
WEIGHT_BUDGET_SOURCE=ENV
WEIGHT_BUDGET_INPUT=2048
WEIGHT_BUDGET_PARSE=PASS
WEIGHT_BUDGET_MIB=2048
WEIGHT_BUDGET_BYTES=2147483648
WEIGHT_BUDGET_SOURCE=ENV
WEIGHT_BUDGET_INPUT=2048
WEIGHT_BUDGET_PARSE=PASS
WEIGHT_BUDGET_MIB=2048
WEIGHT_BUDGET_BYTES=2147483648
WEIGHT_BUDGET_SOURCE=ENV
WEIGHT_BUDGET_INPUT=2048
WEIGHT_BUDGET_PARSE=PASS
WEIGHT_BUDGET_MIB=2048
WEIGHT_BUDGET_BYTES=2147483648
WEIGHT_BUDGET_SOURCE=ENV
WEIGHT_BUDGET_INPUT=2048
WEIGHT_BUDGET_PARSE=PASS
WEIGHT_BUDGET_MIB=2048
WEIGHT_BUDGET_BYTES=2147483648
WEIGHT_BUDGET_SOURCE=ENV
WEIGHT_BUDGET_INPUT=2048
WEIGHT_BUDGET_PARSE=PASS
WEIGHT_BUDGET_MIB=2048
WEIGHT_BUDGET_BYTES=2147483648
WEIGHT_BUDGET_SOURCE=ENV
WEIGHT_BUDGET_INPUT=2048
WEIGHT_BUDGET_PARSE=PASS
WEIGHT_BUDGET_MIB=2048
WEIGHT_BUDGET_BYTES=2147483648
WEIGHT_BUDGET_SOURCE=ENV
HEAP_OK_FINAL_NORM_BEFORE=1
FINAL_NORM_SRC_PTR=00000211F830F060
FINAL_NORM_DST_PTR=00000211F830F060
FINAL_NORM_WEIGHT_PTR=00000211A0D30000
FINAL_NORM_WEIGHT_SOURCE=HOST_MAPPED
FINAL_NORM_WEIGHT_FULFILLED=1
FINAL_NORM_WEIGHT_BYTES=12288
FINAL_NORM_WEIGHT_0=1.765625
FINAL_NORM_WEIGHT_1=1.75
FINAL_NORM_WEIGHT_2=1.5625
FINAL_NORM_WEIGHT_3=1.7734375
FINAL_NORM_WEIGHT_L2=91.4481258
FINAL_NORM_SUMSQ=1309.20812
FINAL_NORM_MEAN_SQ=0.426174518
FINAL_NORM_EPS=9.99999975e-06
FINAL_NORM_INV_RMS=1.53179681
FINAL_NORM_SRC_0=-0.454596519
FINAL_NORM_DST_0=-1.22949207
FINAL_NORM_AFTER_L2=89.7426202
HEAP_OK_FINAL_NORM_AFTER=1
WEIGHT_BUDGET_INPUT=2048
WEIGHT_BUDGET_PARSE=PASS
WEIGHT_BUDGET_MIB=2048
WEIGHT_BUDGET_BYTES=2147483648
WEIGHT_BUDGET_SOURCE=ENV
WEIGHT_BUDGET_INPUT=2048
WEIGHT_BUDGET_PARSE=PASS
WEIGHT_BUDGET_MIB=2048
WEIGHT_BUDGET_BYTES=2147483648
WEIGHT_BUDGET_SOURCE=ENV
WEIGHT_BUDGET_INPUT=2048
WEIGHT_BUDGET_PARSE=PASS
WEIGHT_BUDGET_MIB=2048
WEIGHT_BUDGET_BYTES=2147483648
WEIGHT_BUDGET_SOURCE=ENV
WEIGHT_BUDGET_INPUT=2048
WEIGHT_BUDGET_PARSE=PASS
WEIGHT_BUDGET_MIB=2048
WEIGHT_BUDGET_BYTES=2147483648
WEIGHT_BUDGET_SOURCE=ENV
WEIGHT_BUDGET_INPUT=2048
WEIGHT_BUDGET_PARSE=PASS
WEIGHT_BUDGET_MIB=2048
WEIGHT_BUDGET_BYTES=2147483648
WEIGHT_BUDGET_SOURCE=ENV
WEIGHT_BUDGET_INPUT=2048
WEIGHT_BUDGET_PARSE=PASS
WEIGHT_BUDGET_MIB=2048
WEIGHT_BUDGET_BYTES=2147483648
WEIGHT_BUDGET_SOURCE=ENV
WEIGHT_BUDGET_INPUT=2048
WEIGHT_BUDGET_PARSE=PASS
WEIGHT_BUDGET_MIB=2048
WEIGHT_BUDGET_BYTES=2147483648
WEIGHT_BUDGET_SOURCE=ENV
WEIGHT_BUDGET_INPUT=2048
WEIGHT_BUDGET_PARSE=PASS
WEIGHT_BUDGET_MIB=2048
WEIGHT_BUDGET_BYTES=2147483648
WEIGHT_BUDGET_SOURCE=ENV
WEIGHT_BUDGET_INPUT=2048
WEIGHT_BUDGET_PARSE=PASS
WEIGHT_BUDGET_MIB=2048
WEIGHT_BUDGET_BYTES=2147483648
WEIGHT_BUDGET_SOURCE=ENV
WEIGHT_BUDGET_INPUT=2048
WEIGHT_BUDGET_PARSE=PASS
WEIGHT_BUDGET_MIB=2048
WEIGHT_BUDGET_BYTES=2147483648
WEIGHT_BUDGET_SOURCE=ENV
WEIGHT_BUDGET_INPUT=2048
WEIGHT_BUDGET_PARSE=PASS
WEIGHT_BUDGET_MIB=2048
WEIGHT_BUDGET_BYTES=2147483648
WEIGHT_BUDGET_SOURCE=ENV
WEIGHT_BUDGET_INPUT=2048
WEIGHT_BUDGET_PARSE=PASS
WEIGHT_BUDGET_MIB=2048
WEIGHT_BUDGET_BYTES=2147483648
WEIGHT_BUDGET_SOURCE=ENV
WEIGHT_BUDGET_INPUT=2048
WEIGHT_BUDGET_PARSE=PASS
WEIGHT_BUDGET_MIB=2048
WEIGHT_BUDGET_BYTES=2147483648
WEIGHT_BUDGET_SOURCE=ENV
WEIGHT_BUDGET_INPUT=2048
WEIGHT_BUDGET_PARSE=PASS
WEIGHT_BUDGET_MIB=2048
WEIGHT_BUDGET_BYTES=2147483648
WEIGHT_BUDGET_SOURCE=ENV
WEIGHT_BUDGET_INPUT=2048
WEIGHT_BUDGET_PARSE=PASS
WEIGHT_BUDGET_MIB=2048
WEIGHT_BUDGET_BYTES=2147483648
WEIGHT_BUDGET_SOURCE=ENV
WEIGHT_BUDGET_INPUT=2048
WEIGHT_BUDGET_PARSE=PASS
WEIGHT_BUDGET_MIB=2048
WEIGHT_BUDGET_BYTES=2147483648
WEIGHT_BUDGET_SOURCE=ENV
WEIGHT_BUDGET_INPUT=2048
WEIGHT_BUDGET_PARSE=PASS
WEIGHT_BUDGET_MIB=2048
WEIGHT_BUDGET_BYTES=2147483648
WEIGHT_BUDGET_SOURCE=ENV
WEIGHT_BUDGET_INPUT=2048
WEIGHT_BUDGET_PARSE=PASS
WEIGHT_BUDGET_MIB=2048
WEIGHT_BUDGET_BYTES=2147483648
WEIGHT_BUDGET_SOURCE=ENV
WEIGHT_BUDGET_INPUT=2048
WEIGHT_BUDGET_PARSE=PASS
WEIGHT_BUDGET_MIB=2048
WEIGHT_BUDGET_BYTES=2147483648
WEIGHT_BUDGET_SOURCE=ENV
WEIGHT_BUDGET_INPUT=2048
WEIGHT_BUDGET_PARSE=PASS
WEIGHT_BUDGET_MIB=2048
WEIGHT_BUDGET_BYTES=2147483648
WEIGHT_BUDGET_SOURCE=ENV
WEIGHT_BUDGET_INPUT=2048
WEIGHT_BUDGET_PARSE=PASS
WEIGHT_BUDGET_MIB=2048
WEIGHT_BUDGET_BYTES=2147483648
WEIGHT_BUDGET_SOURCE=ENV
WEIGHT_BUDGET_INPUT=2048
WEIGHT_BUDGET_PARSE=PASS
WEIGHT_BUDGET_MIB=2048
WEIGHT_BUDGET_BYTES=2147483648
WEIGHT_BUDGET_SOURCE=ENV
WEIGHT_BUDGET_INPUT=2048
WEIGHT_BUDGET_PARSE=PASS
WEIGHT_BUDGET_MIB=2048
WEIGHT_BUDGET_BYTES=2147483648
WEIGHT_BUDGET_SOURCE=ENV
WEIGHT_BUDGET_INPUT=2048
WEIGHT_BUDGET_PARSE=PASS
WEIGHT_BUDGET_MIB=2048
WEIGHT_BUDGET_BYTES=2147483648
WEIGHT_BUDGET_SOURCE=ENV
WEIGHT_BUDGET_INPUT=2048
WEIGHT_BUDGET_PARSE=PASS
WEIGHT_BUDGET_MIB=2048
WEIGHT_BUDGET_BYTES=2147483648
WEIGHT_BUDGET_SOURCE=ENV
WEIGHT_BUDGET_INPUT=2048
WEIGHT_BUDGET_PARSE=PASS
WEIGHT_BUDGET_MIB=2048
WEIGHT_BUDGET_BYTES=2147483648
WEIGHT_BUDGET_SOURCE=ENV
WEIGHT_BUDGET_INPUT=2048
WEIGHT_BUDGET_PARSE=PASS
WEIGHT_BUDGET_MIB=2048
WEIGHT_BUDGET_BYTES=2147483648
WEIGHT_BUDGET_SOURCE=ENV
WEIGHT_BUDGET_INPUT=2048
WEIGHT_BUDGET_PARSE=PASS
WEIGHT_BUDGET_MIB=2048
WEIGHT_BUDGET_BYTES=2147483648
WEIGHT_BUDGET_SOURCE=ENV
WEIGHT_BUDGET_INPUT=2048
WEIGHT_BUDGET_PARSE=PASS
WEIGHT_BUDGET_MIB=2048
WEIGHT_BUDGET_BYTES=2147483648
WEIGHT_BUDGET_SOURCE=ENV
WEIGHT_BUDGET_INPUT=2048
WEIGHT_BUDGET_PARSE=PASS
WEIGHT_BUDGET_MIB=2048
WEIGHT_BUDGET_BYTES=2147483648
WEIGHT_BUDGET_SOURCE=ENV
HEAP_OK_FINAL_NORM_BEFORE=1
FINAL_NORM_SRC_PTR=00000211F8312060
FINAL_NORM_DST_PTR=00000211F8312060
FINAL_NORM_WEIGHT_PTR=00000211A0D30000
FINAL_NORM_WEIGHT_SOURCE=HOST_MAPPED
FINAL_NORM_WEIGHT_FULFILLED=1
FINAL_NORM_WEIGHT_BYTES=12288
FINAL_NORM_WEIGHT_0=1.765625
FINAL_NORM_WEIGHT_1=1.75
FINAL_NORM_WEIGHT_2=1.5625
FINAL_NORM_WEIGHT_3=1.7734375
FINAL_NORM_WEIGHT_L2=91.4481258
FINAL_NORM_SUMSQ=1389.17414
FINAL_NORM_MEAN_SQ=0.452205125
FINAL_NORM_EPS=9.99999975e-06
FINAL_NORM_INV_RMS=1.48705637
FINAL_NORM_SRC_0=-0.123584077
FINAL_NORM_DST_0=-0.324480355
FINAL_NORM_AFTER_L2=89.9204318
HEAP_OK_FINAL_NORM_AFTER=1
WEIGHT_BUDGET_INPUT=2048
WEIGHT_BUDGET_PARSE=PASS
WEIGHT_BUDGET_MIB=2048
WEIGHT_BUDGET_BYTES=2147483648
WEIGHT_BUDGET_SOURCE=ENV
WEIGHT_BUDGET_INPUT=2048
WEIGHT_BUDGET_PARSE=PASS
WEIGHT_BUDGET_MIB=2048
WEIGHT_BUDGET_BYTES=2147483648
WEIGHT_BUDGET_SOURCE=ENV
WEIGHT_BUDGET_INPUT=2048
WEIGHT_BUDGET_PARSE=PASS
WEIGHT_BUDGET_MIB=2048
WEIGHT_BUDGET_BYTES=2147483648
WEIGHT_BUDGET_SOURCE=ENV
WEIGHT_BUDGET_INPUT=2048
WEIGHT_BUDGET_PARSE=PASS
WEIGHT_BUDGET_MIB=2048
WEIGHT_BUDGET_BYTES=2147483648
WEIGHT_BUDGET_SOURCE=ENV
WEIGHT_BUDGET_INPUT=2048
WEIGHT_BUDGET_PARSE=PASS
WEIGHT_BUDGET_MIB=2048
WEIGHT_BUDGET_BYTES=2147483648
WEIGHT_BUDGET_SOURCE=ENV
WEIGHT_BUDGET_INPUT=2048
WEIGHT_BUDGET_PARSE=PASS
WEIGHT_BUDGET_MIB=2048
WEIGHT_BUDGET_BYTES=2147483648
WEIGHT_BUDGET_SOURCE=ENV
WEIGHT_BUDGET_INPUT=2048
WEIGHT_BUDGET_PARSE=PASS
WEIGHT_BUDGET_MIB=2048
WEIGHT_BUDGET_BYTES=2147483648
WEIGHT_BUDGET_SOURCE=ENV
WEIGHT_BUDGET_INPUT=2048
WEIGHT_BUDGET_PARSE=PASS
WEIGHT_BUDGET_MIB=2048
WEIGHT_BUDGET_BYTES=2147483648
WEIGHT_BUDGET_SOURCE=ENV
WEIGHT_BUDGET_INPUT=2048
WEIGHT_BUDGET_PARSE=PASS
WEIGHT_BUDGET_MIB=2048
WEIGHT_BUDGET_BYTES=2147483648
WEIGHT_BUDGET_SOURCE=ENV
WEIGHT_BUDGET_INPUT=2048
WEIGHT_BUDGET_PARSE=PASS
WEIGHT_BUDGET_MIB=2048
WEIGHT_BUDGET_BYTES=2147483648
WEIGHT_BUDGET_SOURCE=ENV
WEIGHT_BUDGET_INPUT=2048
WEIGHT_BUDGET_PARSE=PASS
WEIGHT_BUDGET_MIB=2048
WEIGHT_BUDGET_BYTES=2147483648
WEIGHT_BUDGET_SOURCE=ENV
WEIGHT_BUDGET_INPUT=2048
WEIGHT_BUDGET_PARSE=PASS
WEIGHT_BUDGET_MIB=2048
WEIGHT_BUDGET_BYTES=2147483648
WEIGHT_BUDGET_SOURCE=ENV
WEIGHT_BUDGET_INPUT=2048
WEIGHT_BUDGET_PARSE=PASS
WEIGHT_BUDGET_MIB=2048
WEIGHT_BUDGET_BYTES=2147483648
WEIGHT_BUDGET_SOURCE=ENV
WEIGHT_BUDGET_INPUT=2048
WEIGHT_BUDGET_PARSE=PASS
WEIGHT_BUDGET_MIB=2048
WEIGHT_BUDGET_BYTES=2147483648
WEIGHT_BUDGET_SOURCE=ENV
WEIGHT_BUDGET_INPUT=2048
WEIGHT_BUDGET_PARSE=PASS
WEIGHT_BUDGET_MIB=2048
WEIGHT_BUDGET_BYTES=2147483648
WEIGHT_BUDGET_SOURCE=ENV
WEIGHT_BUDGET_INPUT=2048
WEIGHT_BUDGET_PARSE=PASS
WEIGHT_BUDGET_MIB=2048
WEIGHT_BUDGET_BYTES=2147483648
WEIGHT_BUDGET_SOURCE=ENV
WEIGHT_BUDGET_INPUT=2048
WEIGHT_BUDGET_PARSE=PASS
WEIGHT_BUDGET_MIB=2048
WEIGHT_BUDGET_BYTES=2147483648
WEIGHT_BUDGET_SOURCE=ENV
WEIGHT_BUDGET_INPUT=2048
WEIGHT_BUDGET_PARSE=PASS
WEIGHT_BUDGET_MIB=2048
WEIGHT_BUDGET_BYTES=2147483648
WEIGHT_BUDGET_SOURCE=ENV
WEIGHT_BUDGET_INPUT=2048
WEIGHT_BUDGET_PARSE=PASS
WEIGHT_BUDGET_MIB=2048
WEIGHT_BUDGET_BYTES=2147483648
WEIGHT_BUDGET_SOURCE=ENV
WEIGHT_BUDGET_INPUT=2048
WEIGHT_BUDGET_PARSE=PASS
WEIGHT_BUDGET_MIB=2048
WEIGHT_BUDGET_BYTES=2147483648
WEIGHT_BUDGET_SOURCE=ENV
WEIGHT_BUDGET_INPUT=2048
WEIGHT_BUDGET_PARSE=PASS
WEIGHT_BUDGET_MIB=2048
WEIGHT_BUDGET_BYTES=2147483648
WEIGHT_BUDGET_SOURCE=ENV
WEIGHT_BUDGET_INPUT=2048
WEIGHT_BUDGET_PARSE=PASS
WEIGHT_BUDGET_MIB=2048
WEIGHT_BUDGET_BYTES=2147483648
WEIGHT_BUDGET_SOURCE=ENV
WEIGHT_BUDGET_INPUT=2048
WEIGHT_BUDGET_PARSE=PASS
WEIGHT_BUDGET_MIB=2048
WEIGHT_BUDGET_BYTES=2147483648
WEIGHT_BUDGET_SOURCE=ENV
WEIGHT_BUDGET_INPUT=2048
WEIGHT_BUDGET_PARSE=PASS
WEIGHT_BUDGET_MIB=2048
WEIGHT_BUDGET_BYTES=2147483648
WEIGHT_BUDGET_SOURCE=ENV
WEIGHT_BUDGET_INPUT=2048
WEIGHT_BUDGET_PARSE=PASS
WEIGHT_BUDGET_MIB=2048
WEIGHT_BUDGET_BYTES=2147483648
WEIGHT_BUDGET_SOURCE=ENV
WEIGHT_BUDGET_INPUT=2048
WEIGHT_BUDGET_PARSE=PASS
WEIGHT_BUDGET_MIB=2048
WEIGHT_BUDGET_BYTES=2147483648
WEIGHT_BUDGET_SOURCE=ENV
WEIGHT_BUDGET_INPUT=2048
WEIGHT_BUDGET_PARSE=PASS
WEIGHT_BUDGET_MIB=2048
WEIGHT_BUDGET_BYTES=2147483648
WEIGHT_BUDGET_SOURCE=ENV
WEIGHT_BUDGET_INPUT=2048
WEIGHT_BUDGET_PARSE=PASS
WEIGHT_BUDGET_MIB=2048
WEIGHT_BUDGET_BYTES=2147483648
WEIGHT_BUDGET_SOURCE=ENV
WEIGHT_BUDGET_INPUT=2048
WEIGHT_BUDGET_PARSE=PASS
WEIGHT_BUDGET_MIB=2048
WEIGHT_BUDGET_BYTES=2147483648
WEIGHT_BUDGET_SOURCE=ENV
WEIGHT_BUDGET_INPUT=2048
WEIGHT_BUDGET_PARSE=PASS
WEIGHT_BUDGET_MIB=2048
WEIGHT_BUDGET_BYTES=2147483648
WEIGHT_BUDGET_SOURCE=ENV
HEAP_OK_FINAL_NORM_BEFORE=1
FINAL_NORM_SRC_PTR=00000211F8315060
FINAL_NORM_DST_PTR=00000211F8315060
FINAL_NORM_WEIGHT_PTR=00000211A0D30000
FINAL_NORM_WEIGHT_SOURCE=HOST_MAPPED
FINAL_NORM_WEIGHT_FULFILLED=1
FINAL_NORM_WEIGHT_BYTES=12288
FINAL_NORM_WEIGHT_0=1.765625
FINAL_NORM_WEIGHT_1=1.75
FINAL_NORM_WEIGHT_2=1.5625
FINAL_NORM_WEIGHT_3=1.7734375
FINAL_NORM_WEIGHT_L2=91.4481258
FINAL_NORM_SUMSQ=1037.33383
FINAL_NORM_MEAN_SQ=0.337673773
FINAL_NORM_EPS=9.99999975e-06
FINAL_NORM_INV_RMS=1.7208575
FINAL_NORM_SRC_0=-0.498518527
FINAL_NORM_DST_0=-1.51469326
FINAL_NORM_AFTER_L2=88.272616
HEAP_OK_FINAL_NORM_AFTER=1
WEIGHT_BUDGET_INPUT=2048
WEIGHT_BUDGET_PARSE=PASS
WEIGHT_BUDGET_MIB=2048
WEIGHT_BUDGET_BYTES=2147483648
WEIGHT_BUDGET_SOURCE=ENV
WEIGHT_BUDGET_INPUT=2048
WEIGHT_BUDGET_PARSE=PASS
WEIGHT_BUDGET_MIB=2048
WEIGHT_BUDGET_BYTES=2147483648
WEIGHT_BUDGET_SOURCE=ENV
WEIGHT_BUDGET_INPUT=2048
WEIGHT_BUDGET_PARSE=PASS
WEIGHT_BUDGET_MIB=2048
WEIGHT_BUDGET_BYTES=2147483648
WEIGHT_BUDGET_SOURCE=ENV
WEIGHT_BUDGET_INPUT=2048
WEIGHT_BUDGET_PARSE=PASS
WEIGHT_BUDGET_MIB=2048
WEIGHT_BUDGET_BYTES=2147483648
WEIGHT_BUDGET_SOURCE=ENV
WEIGHT_BUDGET_INPUT=2048
WEIGHT_BUDGET_PARSE=PASS
WEIGHT_BUDGET_MIB=2048
WEIGHT_BUDGET_BYTES=2147483648
WEIGHT_BUDGET_SOURCE=ENV
WEIGHT_BUDGET_INPUT=2048
WEIGHT_BUDGET_PARSE=PASS
WEIGHT_BUDGET_MIB=2048
WEIGHT_BUDGET_BYTES=2147483648
WEIGHT_BUDGET_SOURCE=ENV
WEIGHT_BUDGET_INPUT=2048
WEIGHT_BUDGET_PARSE=PASS
WEIGHT_BUDGET_MIB=2048
WEIGHT_BUDGET_BYTES=2147483648
WEIGHT_BUDGET_SOURCE=ENV
WEIGHT_BUDGET_INPUT=2048
WEIGHT_BUDGET_PARSE=PASS
WEIGHT_BUDGET_MIB=2048
WEIGHT_BUDGET_BYTES=2147483648
WEIGHT_BUDGET_SOURCE=ENV
WEIGHT_BUDGET_INPUT=2048
WEIGHT_BUDGET_PARSE=PASS
WEIGHT_BUDGET_MIB=2048
WEIGHT_BUDGET_BYTES=2147483648
WEIGHT_BUDGET_SOURCE=ENV
WEIGHT_BUDGET_INPUT=2048
WEIGHT_BUDGET_PARSE=PASS
WEIGHT_BUDGET_MIB=2048
WEIGHT_BUDGET_BYTES=2147483648
WEIGHT_BUDGET_SOURCE=ENV
WEIGHT_BUDGET_INPUT=2048
WEIGHT_BUDGET_PARSE=PASS
WEIGHT_BUDGET_MIB=2048
WEIGHT_BUDGET_BYTES=2147483648
WEIGHT_BUDGET_SOURCE=ENV
WEIGHT_BUDGET_INPUT=2048
WEIGHT_BUDGET_PARSE=PASS
WEIGHT_BUDGET_MIB=2048
WEIGHT_BUDGET_BYTES=2147483648
WEIGHT_BUDGET_SOURCE=ENV
WEIGHT_BUDGET_INPUT=2048
WEIGHT_BUDGET_PARSE=PASS
WEIGHT_BUDGET_MIB=2048
WEIGHT_BUDGET_BYTES=2147483648
WEIGHT_BUDGET_SOURCE=ENV
WEIGHT_BUDGET_INPUT=2048
WEIGHT_BUDGET_PARSE=PASS
WEIGHT_BUDGET_MIB=2048
WEIGHT_BUDGET_BYTES=2147483648
WEIGHT_BUDGET_SOURCE=ENV
WEIGHT_BUDGET_INPUT=2048
WEIGHT_BUDGET_PARSE=PASS
WEIGHT_BUDGET_MIB=2048
WEIGHT_BUDGET_BYTES=2147483648
WEIGHT_BUDGET_SOURCE=ENV
WEIGHT_BUDGET_INPUT=2048
WEIGHT_BUDGET_PARSE=PASS
WEIGHT_BUDGET_MIB=2048
WEIGHT_BUDGET_BYTES=2147483648
WEIGHT_BUDGET_SOURCE=ENV
WEIGHT_BUDGET_INPUT=2048
WEIGHT_BUDGET_PARSE=PASS
WEIGHT_BUDGET_MIB=2048
WEIGHT_BUDGET_BYTES=2147483648
WEIGHT_BUDGET_SOURCE=ENV
WEIGHT_BUDGET_INPUT=2048
WEIGHT_BUDGET_PARSE=PASS
WEIGHT_BUDGET_MIB=2048
WEIGHT_BUDGET_BYTES=2147483648
WEIGHT_BUDGET_SOURCE=ENV
WEIGHT_BUDGET_INPUT=2048
WEIGHT_BUDGET_PARSE=PASS
WEIGHT_BUDGET_MIB=2048
WEIGHT_BUDGET_BYTES=2147483648
WEIGHT_BUDGET_SOURCE=ENV
WEIGHT_BUDGET_INPUT=2048
WEIGHT_BUDGET_PARSE=PASS
WEIGHT_BUDGET_MIB=2048
WEIGHT_BUDGET_BYTES=2147483648
WEIGHT_BUDGET_SOURCE=ENV
WEIGHT_BUDGET_INPUT=2048
WEIGHT_BUDGET_PARSE=PASS
WEIGHT_BUDGET_MIB=2048
WEIGHT_BUDGET_BYTES=2147483648
WEIGHT_BUDGET_SOURCE=ENV
WEIGHT_BUDGET_INPUT=2048
WEIGHT_BUDGET_PARSE=PASS
WEIGHT_BUDGET_MIB=2048
WEIGHT_BUDGET_BYTES=2147483648
WEIGHT_BUDGET_SOURCE=ENV
WEIGHT_BUDGET_INPUT=2048
WEIGHT_BUDGET_PARSE=PASS
WEIGHT_BUDGET_MIB=2048
WEIGHT_BUDGET_BYTES=2147483648
WEIGHT_BUDGET_SOURCE=ENV
WEIGHT_BUDGET_INPUT=2048
WEIGHT_BUDGET_PARSE=PASS
WEIGHT_BUDGET_MIB=2048
WEIGHT_BUDGET_BYTES=2147483648
WEIGHT_BUDGET_SOURCE=ENV
WEIGHT_BUDGET_INPUT=2048
WEIGHT_BUDGET_PARSE=PASS
WEIGHT_BUDGET_MIB=2048
WEIGHT_BUDGET_BYTES=2147483648
WEIGHT_BUDGET_SOURCE=ENV
WEIGHT_BUDGET_INPUT=2048
WEIGHT_BUDGET_PARSE=PASS
WEIGHT_BUDGET_MIB=2048
WEIGHT_BUDGET_BYTES=2147483648
WEIGHT_BUDGET_SOURCE=ENV
WEIGHT_BUDGET_INPUT=2048
WEIGHT_BUDGET_PARSE=PASS
WEIGHT_BUDGET_MIB=2048
WEIGHT_BUDGET_BYTES=2147483648
WEIGHT_BUDGET_SOURCE=ENV
WEIGHT_BUDGET_INPUT=2048
WEIGHT_BUDGET_PARSE=PASS
WEIGHT_BUDGET_MIB=2048
WEIGHT_BUDGET_BYTES=2147483648
WEIGHT_BUDGET_SOURCE=ENV
WEIGHT_BUDGET_INPUT=2048
WEIGHT_BUDGET_PARSE=PASS
WEIGHT_BUDGET_MIB=2048
WEIGHT_BUDGET_BYTES=2147483648
WEIGHT_BUDGET_SOURCE=ENV
WEIGHT_BUDGET_INPUT=2048
WEIGHT_BUDGET_PARSE=PASS
WEIGHT_BUDGET_MIB=2048
WEIGHT_BUDGET_BYTES=2147483648
WEIGHT_BUDGET_SOURCE=ENV
HEAP_OK_FINAL_NORM_BEFORE=1
FINAL_NORM_SRC_PTR=00000211F8318060
FINAL_NORM_DST_PTR=00000211F8318060
FINAL_NORM_WEIGHT_PTR=00000211A0D30000
FINAL_NORM_WEIGHT_SOURCE=HOST_MAPPED
FINAL_NORM_WEIGHT_FULFILLED=1
FINAL_NORM_WEIGHT_BYTES=12288
FINAL_NORM_WEIGHT_0=1.765625
FINAL_NORM_WEIGHT_1=1.75
FINAL_NORM_WEIGHT_2=1.5625
FINAL_NORM_WEIGHT_3=1.7734375
FINAL_NORM_WEIGHT_L2=91.4481258
FINAL_NORM_SUMSQ=1383.33468
FINAL_NORM_MEAN_SQ=0.450304259
FINAL_NORM_EPS=9.99999975e-06
FINAL_NORM_INV_RMS=1.4901917
FINAL_NORM_SRC_0=0.139995873
FINAL_NORM_DST_0=0.368345886
FINAL_NORM_AFTER_L2=88.1379455
HEAP_OK_FINAL_NORM_AFTER=1
WEIGHT_BUDGET_INPUT=2048
WEIGHT_BUDGET_PARSE=PASS
WEIGHT_BUDGET_MIB=2048
WEIGHT_BUDGET_BYTES=2147483648
WEIGHT_BUDGET_SOURCE=ENV
WEIGHT_BUDGET_INPUT=2048
WEIGHT_BUDGET_PARSE=PASS
WEIGHT_BUDGET_MIB=2048
WEIGHT_BUDGET_BYTES=2147483648
WEIGHT_BUDGET_SOURCE=ENV
WEIGHT_BUDGET_INPUT=2048
WEIGHT_BUDGET_PARSE=PASS
WEIGHT_BUDGET_MIB=2048
WEIGHT_BUDGET_BYTES=2147483648
WEIGHT_BUDGET_SOURCE=ENV
WEIGHT_BUDGET_INPUT=2048
WEIGHT_BUDGET_PARSE=PASS
WEIGHT_BUDGET_MIB=2048
WEIGHT_BUDGET_BYTES=2147483648
WEIGHT_BUDGET_SOURCE=ENV
WEIGHT_BUDGET_INPUT=2048
WEIGHT_BUDGET_PARSE=PASS
WEIGHT_BUDGET_MIB=2048
WEIGHT_BUDGET_BYTES=2147483648
WEIGHT_BUDGET_SOURCE=ENV
WEIGHT_BUDGET_INPUT=2048
WEIGHT_BUDGET_PARSE=PASS
WEIGHT_BUDGET_MIB=2048
WEIGHT_BUDGET_BYTES=2147483648
WEIGHT_BUDGET_SOURCE=ENV
WEIGHT_BUDGET_INPUT=2048
WEIGHT_BUDGET_PARSE=PASS
WEIGHT_BUDGET_MIB=2048
WEIGHT_BUDGET_BYTES=2147483648
WEIGHT_BUDGET_SOURCE=ENV
WEIGHT_BUDGET_INPUT=2048
WEIGHT_BUDGET_PARSE=PASS
WEIGHT_BUDGET_MIB=2048
WEIGHT_BUDGET_BYTES=2147483648
WEIGHT_BUDGET_SOURCE=ENV
WEIGHT_BUDGET_INPUT=2048
WEIGHT_BUDGET_PARSE=PASS
WEIGHT_BUDGET_MIB=2048
WEIGHT_BUDGET_BYTES=2147483648
WEIGHT_BUDGET_SOURCE=ENV
WEIGHT_BUDGET_INPUT=2048
WEIGHT_BUDGET_PARSE=PASS
WEIGHT_BUDGET_MIB=2048
WEIGHT_BUDGET_BYTES=2147483648
WEIGHT_BUDGET_SOURCE=ENV
WEIGHT_BUDGET_INPUT=2048
WEIGHT_BUDGET_PARSE=PASS
WEIGHT_BUDGET_MIB=2048
WEIGHT_BUDGET_BYTES=2147483648
WEIGHT_BUDGET_SOURCE=ENV
WEIGHT_BUDGET_INPUT=2048
WEIGHT_BUDGET_PARSE=PASS
WEIGHT_BUDGET_MIB=2048
WEIGHT_BUDGET_BYTES=2147483648
WEIGHT_BUDGET_SOURCE=ENV
WEIGHT_BUDGET_INPUT=2048
WEIGHT_BUDGET_PARSE=PASS
WEIGHT_BUDGET_MIB=2048
WEIGHT_BUDGET_BYTES=2147483648
WEIGHT_BUDGET_SOURCE=ENV
WEIGHT_BUDGET_INPUT=2048
WEIGHT_BUDGET_PARSE=PASS
WEIGHT_BUDGET_MIB=2048
WEIGHT_BUDGET_BYTES=2147483648
WEIGHT_BUDGET_SOURCE=ENV
WEIGHT_BUDGET_INPUT=2048
WEIGHT_BUDGET_PARSE=PASS
WEIGHT_BUDGET_MIB=2048
WEIGHT_BUDGET_BYTES=2147483648
WEIGHT_BUDGET_SOURCE=ENV
WEIGHT_BUDGET_INPUT=2048
WEIGHT_BUDGET_PARSE=PASS
WEIGHT_BUDGET_MIB=2048
WEIGHT_BUDGET_BYTES=2147483648
WEIGHT_BUDGET_SOURCE=ENV
WEIGHT_BUDGET_INPUT=2048
WEIGHT_BUDGET_PARSE=PASS
WEIGHT_BUDGET_MIB=2048
WEIGHT_BUDGET_BYTES=2147483648
WEIGHT_BUDGET_SOURCE=ENV
WEIGHT_BUDGET_INPUT=2048
WEIGHT_BUDGET_PARSE=PASS
WEIGHT_BUDGET_MIB=2048
WEIGHT_BUDGET_BYTES=2147483648
WEIGHT_BUDGET_SOURCE=ENV
WEIGHT_BUDGET_INPUT=2048
WEIGHT_BUDGET_PARSE=PASS
WEIGHT_BUDGET_MIB=2048
WEIGHT_BUDGET_BYTES=2147483648
WEIGHT_BUDGET_SOURCE=ENV
WEIGHT_BUDGET_INPUT=2048
WEIGHT_BUDGET_PARSE=PASS
WEIGHT_BUDGET_MIB=2048
WEIGHT_BUDGET_BYTES=2147483648
WEIGHT_BUDGET_SOURCE=ENV
WEIGHT_BUDGET_INPUT=2048
WEIGHT_BUDGET_PARSE=PASS
WEIGHT_BUDGET_MIB=2048
WEIGHT_BUDGET_BYTES=2147483648
WEIGHT_BUDGET_SOURCE=ENV
WEIGHT_BUDGET_INPUT=2048
WEIGHT_BUDGET_PARSE=PASS
WEIGHT_BUDGET_MIB=2048
WEIGHT_BUDGET_BYTES=2147483648
WEIGHT_BUDGET_SOURCE=ENV
WEIGHT_BUDGET_INPUT=2048
WEIGHT_BUDGET_PARSE=PASS
WEIGHT_BUDGET_MIB=2048
WEIGHT_BUDGET_BYTES=2147483648
WEIGHT_BUDGET_SOURCE=ENV
WEIGHT_BUDGET_INPUT=2048
WEIGHT_BUDGET_PARSE=PASS
WEIGHT_BUDGET_MIB=2048
WEIGHT_BUDGET_BYTES=2147483648
WEIGHT_BUDGET_SOURCE=ENV
WEIGHT_BUDGET_INPUT=2048
WEIGHT_BUDGET_PARSE=PASS
WEIGHT_BUDGET_MIB=2048
WEIGHT_BUDGET_BYTES=2147483648
WEIGHT_BUDGET_SOURCE=ENV
WEIGHT_BUDGET_INPUT=2048
WEIGHT_BUDGET_PARSE=PASS
WEIGHT_BUDGET_MIB=2048
WEIGHT_BUDGET_BYTES=2147483648
WEIGHT_BUDGET_SOURCE=ENV
WEIGHT_BUDGET_INPUT=2048
WEIGHT_BUDGET_PARSE=PASS
WEIGHT_BUDGET_MIB=2048
WEIGHT_BUDGET_BYTES=2147483648
WEIGHT_BUDGET_SOURCE=ENV
WEIGHT_BUDGET_INPUT=2048
WEIGHT_BUDGET_PARSE=PASS
WEIGHT_BUDGET_MIB=2048
WEIGHT_BUDGET_BYTES=2147483648
WEIGHT_BUDGET_SOURCE=ENV
WEIGHT_BUDGET_INPUT=2048
WEIGHT_BUDGET_PARSE=PASS
WEIGHT_BUDGET_MIB=2048
WEIGHT_BUDGET_BYTES=2147483648
WEIGHT_BUDGET_SOURCE=ENV
WEIGHT_BUDGET_INPUT=2048
WEIGHT_BUDGET_PARSE=PASS
WEIGHT_BUDGET_MIB=2048
WEIGHT_BUDGET_BYTES=2147483648
WEIGHT_BUDGET_SOURCE=ENV
HEAP_OK_FINAL_NORM_BEFORE=1
FINAL_NORM_SRC_PTR=00000211F831B060
FINAL_NORM_DST_PTR=00000211F831B060
FINAL_NORM_WEIGHT_PTR=00000211A0D30000
FINAL_NORM_WEIGHT_SOURCE=HOST_MAPPED
FINAL_NORM_WEIGHT_FULFILLED=1
FINAL_NORM_WEIGHT_BYTES=12288
FINAL_NORM_WEIGHT_0=1.765625
FINAL_NORM_WEIGHT_1=1.75
FINAL_NORM_WEIGHT_2=1.5625
FINAL_NORM_WEIGHT_3=1.7734375
FINAL_NORM_WEIGHT_L2=91.4481258
FINAL_NORM_SUMSQ=1887.01955
FINAL_NORM_MEAN_SQ=0.614264175
FINAL_NORM_EPS=9.99999975e-06
FINAL_NORM_INV_RMS=1.27590644
FINAL_NORM_SRC_0=-0.519383132
FINAL_NORM_DST_0=-1.17005193
FINAL_NORM_AFTER_L2=88.9355149
HEAP_OK_FINAL_NORM_AFTER=1
WEIGHT_BUDGET_INPUT=2048
WEIGHT_BUDGET_PARSE=PASS
WEIGHT_BUDGET_MIB=2048
WEIGHT_BUDGET_BYTES=2147483648
WEIGHT_BUDGET_SOURCE=ENV
WEIGHT_BUDGET_INPUT=2048
WEIGHT_BUDGET_PARSE=PASS
WEIGHT_BUDGET_MIB=2048
WEIGHT_BUDGET_BYTES=2147483648
WEIGHT_BUDGET_SOURCE=ENV
WEIGHT_BUDGET_INPUT=2048
WEIGHT_BUDGET_PARSE=PASS
WEIGHT_BUDGET_MIB=2048
WEIGHT_BUDGET_BYTES=2147483648
WEIGHT_BUDGET_SOURCE=ENV
WEIGHT_BUDGET_INPUT=2048
WEIGHT_BUDGET_PARSE=PASS
WEIGHT_BUDGET_MIB=2048
WEIGHT_BUDGET_BYTES=2147483648
WEIGHT_BUDGET_SOURCE=ENV
WEIGHT_BUDGET_INPUT=2048
WEIGHT_BUDGET_PARSE=PASS
WEIGHT_BUDGET_MIB=2048
WEIGHT_BUDGET_BYTES=2147483648
WEIGHT_BUDGET_SOURCE=ENV
WEIGHT_BUDGET_INPUT=2048
WEIGHT_BUDGET_PARSE=PASS
WEIGHT_BUDGET_MIB=2048
WEIGHT_BUDGET_BYTES=2147483648
WEIGHT_BUDGET_SOURCE=ENV
WEIGHT_BUDGET_INPUT=2048
WEIGHT_BUDGET_PARSE=PASS
WEIGHT_BUDGET_MIB=2048
WEIGHT_BUDGET_BYTES=2147483648
WEIGHT_BUDGET_SOURCE=ENV
WEIGHT_BUDGET_INPUT=2048
WEIGHT_BUDGET_PARSE=PASS
WEIGHT_BUDGET_MIB=2048
WEIGHT_BUDGET_BYTES=2147483648
WEIGHT_BUDGET_SOURCE=ENV
WEIGHT_BUDGET_INPUT=2048
WEIGHT_BUDGET_PARSE=PASS
WEIGHT_BUDGET_MIB=2048
WEIGHT_BUDGET_BYTES=2147483648
WEIGHT_BUDGET_SOURCE=ENV
WEIGHT_BUDGET_INPUT=2048
WEIGHT_BUDGET_PARSE=PASS
WEIGHT_BUDGET_MIB=2048
WEIGHT_BUDGET_BYTES=2147483648
WEIGHT_BUDGET_SOURCE=ENV
WEIGHT_BUDGET_INPUT=2048
WEIGHT_BUDGET_PARSE=PASS
WEIGHT_BUDGET_MIB=2048
WEIGHT_BUDGET_BYTES=2147483648
WEIGHT_BUDGET_SOURCE=ENV
WEIGHT_BUDGET_INPUT=2048
WEIGHT_BUDGET_PARSE=PASS
WEIGHT_BUDGET_MIB=2048
WEIGHT_BUDGET_BYTES=2147483648
WEIGHT_BUDGET_SOURCE=ENV
WEIGHT_BUDGET_INPUT=2048
WEIGHT_BUDGET_PARSE=PASS
WEIGHT_BUDGET_MIB=2048
WEIGHT_BUDGET_BYTES=2147483648
WEIGHT_BUDGET_SOURCE=ENV
WEIGHT_BUDGET_INPUT=2048
WEIGHT_BUDGET_PARSE=PASS
WEIGHT_BUDGET_MIB=2048
WEIGHT_BUDGET_BYTES=2147483648
WEIGHT_BUDGET_SOURCE=ENV
WEIGHT_BUDGET_INPUT=2048
WEIGHT_BUDGET_PARSE=PASS
WEIGHT_BUDGET_MIB=2048
WEIGHT_BUDGET_BYTES=2147483648
WEIGHT_BUDGET_SOURCE=ENV
WEIGHT_BUDGET_INPUT=2048
WEIGHT_BUDGET_PARSE=PASS
WEIGHT_BUDGET_MIB=2048
WEIGHT_BUDGET_BYTES=2147483648
WEIGHT_BUDGET_SOURCE=ENV
WEIGHT_BUDGET_INPUT=2048
WEIGHT_BUDGET_PARSE=PASS
WEIGHT_BUDGET_MIB=2048
WEIGHT_BUDGET_BYTES=2147483648
WEIGHT_BUDGET_SOURCE=ENV
WEIGHT_BUDGET_INPUT=2048
WEIGHT_BUDGET_PARSE=PASS
WEIGHT_BUDGET_MIB=2048
WEIGHT_BUDGET_BYTES=2147483648
WEIGHT_BUDGET_SOURCE=ENV
WEIGHT_BUDGET_INPUT=2048
WEIGHT_BUDGET_PARSE=PASS
WEIGHT_BUDGET_MIB=2048
WEIGHT_BUDGET_BYTES=2147483648
WEIGHT_BUDGET_SOURCE=ENV
WEIGHT_BUDGET_INPUT=2048
WEIGHT_BUDGET_PARSE=PASS
WEIGHT_BUDGET_MIB=2048
WEIGHT_BUDGET_BYTES=2147483648
WEIGHT_BUDGET_SOURCE=ENV
WEIGHT_BUDGET_INPUT=2048
WEIGHT_BUDGET_PARSE=PASS
WEIGHT_BUDGET_MIB=2048
WEIGHT_BUDGET_BYTES=2147483648
WEIGHT_BUDGET_SOURCE=ENV
WEIGHT_BUDGET_INPUT=2048
WEIGHT_BUDGET_PARSE=PASS
WEIGHT_BUDGET_MIB=2048
WEIGHT_BUDGET_BYTES=2147483648
WEIGHT_BUDGET_SOURCE=ENV
WEIGHT_BUDGET_INPUT=2048
WEIGHT_BUDGET_PARSE=PASS
WEIGHT_BUDGET_MIB=2048
WEIGHT_BUDGET_BYTES=2147483648
WEIGHT_BUDGET_SOURCE=ENV
WEIGHT_BUDGET_INPUT=2048
WEIGHT_BUDGET_PARSE=PASS
WEIGHT_BUDGET_MIB=2048
WEIGHT_BUDGET_BYTES=2147483648
WEIGHT_BUDGET_SOURCE=ENV
WEIGHT_BUDGET_INPUT=2048
WEIGHT_BUDGET_PARSE=PASS
WEIGHT_BUDGET_MIB=2048
WEIGHT_BUDGET_BYTES=2147483648
WEIGHT_BUDGET_SOURCE=ENV
WEIGHT_BUDGET_INPUT=2048
WEIGHT_BUDGET_PARSE=PASS
WEIGHT_BUDGET_MIB=2048
WEIGHT_BUDGET_BYTES=2147483648
WEIGHT_BUDGET_SOURCE=ENV
WEIGHT_BUDGET_INPUT=2048
WEIGHT_BUDGET_PARSE=PASS
WEIGHT_BUDGET_MIB=2048
WEIGHT_BUDGET_BYTES=2147483648
WEIGHT_BUDGET_SOURCE=ENV
WEIGHT_BUDGET_INPUT=2048
WEIGHT_BUDGET_PARSE=PASS
WEIGHT_BUDGET_MIB=2048
WEIGHT_BUDGET_BYTES=2147483648
WEIGHT_BUDGET_SOURCE=ENV
WEIGHT_BUDGET_INPUT=2048
WEIGHT_BUDGET_PARSE=PASS
WEIGHT_BUDGET_MIB=2048
WEIGHT_BUDGET_BYTES=2147483648
WEIGHT_BUDGET_SOURCE=ENV
WEIGHT_BUDGET_INPUT=2048
WEIGHT_BUDGET_PARSE=PASS
WEIGHT_BUDGET_MIB=2048
WEIGHT_BUDGET_BYTES=2147483648
WEIGHT_BUDGET_SOURCE=ENV
HEAP_OK_FINAL_NORM_BEFORE=1
FINAL_NORM_SRC_PTR=00000211F831E060
FINAL_NORM_DST_PTR=00000211F831E060
FINAL_NORM_WEIGHT_PTR=00000211A0D30000
FINAL_NORM_WEIGHT_SOURCE=HOST_MAPPED
FINAL_NORM_WEIGHT_FULFILLED=1
FINAL_NORM_WEIGHT_BYTES=12288
FINAL_NORM_WEIGHT_0=1.765625
FINAL_NORM_WEIGHT_1=1.75
FINAL_NORM_WEIGHT_2=1.5625
FINAL_NORM_WEIGHT_3=1.7734375
FINAL_NORM_WEIGHT_L2=91.4481258
FINAL_NORM_SUMSQ=1181.0567
FINAL_NORM_MEAN_SQ=0.38445856
FINAL_NORM_EPS=9.99999975e-06
FINAL_NORM_INV_RMS=1.61275935
FINAL_NORM_SRC_0=-0.0701383129
FINAL_NORM_DST_0=-0.19972083
FINAL_NORM_AFTER_L2=90.4942034
HEAP_OK_FINAL_NORM_AFTER=1
WEIGHT_BUDGET_INPUT=2048
WEIGHT_BUDGET_PARSE=PASS
WEIGHT_BUDGET_MIB=2048
WEIGHT_BUDGET_BYTES=2147483648
WEIGHT_BUDGET_SOURCE=ENV
WEIGHT_BUDGET_INPUT=2048
WEIGHT_BUDGET_PARSE=PASS
WEIGHT_BUDGET_MIB=2048
WEIGHT_BUDGET_BYTES=2147483648
WEIGHT_BUDGET_SOURCE=ENV
WEIGHT_BUDGET_INPUT=2048
WEIGHT_BUDGET_PARSE=PASS
WEIGHT_BUDGET_MIB=2048
WEIGHT_BUDGET_BYTES=2147483648
WEIGHT_BUDGET_SOURCE=ENV
WEIGHT_BUDGET_INPUT=2048
WEIGHT_BUDGET_PARSE=PASS
WEIGHT_BUDGET_MIB=2048
WEIGHT_BUDGET_BYTES=2147483648
WEIGHT_BUDGET_SOURCE=ENV
WEIGHT_BUDGET_INPUT=2048
WEIGHT_BUDGET_PARSE=PASS
WEIGHT_BUDGET_MIB=2048
WEIGHT_BUDGET_BYTES=2147483648
WEIGHT_BUDGET_SOURCE=ENV
WEIGHT_BUDGET_INPUT=2048
WEIGHT_BUDGET_PARSE=PASS
WEIGHT_BUDGET_MIB=2048
WEIGHT_BUDGET_BYTES=2147483648
WEIGHT_BUDGET_SOURCE=ENV
WEIGHT_BUDGET_INPUT=2048
WEIGHT_BUDGET_PARSE=PASS
WEIGHT_BUDGET_MIB=2048
WEIGHT_BUDGET_BYTES=2147483648
WEIGHT_BUDGET_SOURCE=ENV
WEIGHT_BUDGET_INPUT=2048
WEIGHT_BUDGET_PARSE=PASS
WEIGHT_BUDGET_MIB=2048
WEIGHT_BUDGET_BYTES=2147483648
WEIGHT_BUDGET_SOURCE=ENV
WEIGHT_BUDGET_INPUT=2048
WEIGHT_BUDGET_PARSE=PASS
WEIGHT_BUDGET_MIB=2048
WEIGHT_BUDGET_BYTES=2147483648
WEIGHT_BUDGET_SOURCE=ENV
WEIGHT_BUDGET_INPUT=2048
WEIGHT_BUDGET_PARSE=PASS
WEIGHT_BUDGET_MIB=2048
WEIGHT_BUDGET_BYTES=2147483648
WEIGHT_BUDGET_SOURCE=ENV
WEIGHT_BUDGET_INPUT=2048
WEIGHT_BUDGET_PARSE=PASS
WEIGHT_BUDGET_MIB=2048
WEIGHT_BUDGET_BYTES=2147483648
WEIGHT_BUDGET_SOURCE=ENV
WEIGHT_BUDGET_INPUT=2048
WEIGHT_BUDGET_PARSE=PASS
WEIGHT_BUDGET_MIB=2048
WEIGHT_BUDGET_BYTES=2147483648
WEIGHT_BUDGET_SOURCE=ENV
WEIGHT_BUDGET_INPUT=2048
WEIGHT_BUDGET_PARSE=PASS
WEIGHT_BUDGET_MIB=2048
WEIGHT_BUDGET_BYTES=2147483648
WEIGHT_BUDGET_SOURCE=ENV
WEIGHT_BUDGET_INPUT=2048
WEIGHT_BUDGET_PARSE=PASS
WEIGHT_BUDGET_MIB=2048
WEIGHT_BUDGET_BYTES=2147483648
WEIGHT_BUDGET_SOURCE=ENV
WEIGHT_BUDGET_INPUT=2048
WEIGHT_BUDGET_PARSE=PASS
WEIGHT_BUDGET_MIB=2048
WEIGHT_BUDGET_BYTES=2147483648
WEIGHT_BUDGET_SOURCE=ENV
WEIGHT_BUDGET_INPUT=2048
WEIGHT_BUDGET_PARSE=PASS
WEIGHT_BUDGET_MIB=2048
WEIGHT_BUDGET_BYTES=2147483648
WEIGHT_BUDGET_SOURCE=ENV
WEIGHT_BUDGET_INPUT=2048
WEIGHT_BUDGET_PARSE=PASS
WEIGHT_BUDGET_MIB=2048
WEIGHT_BUDGET_BYTES=2147483648
WEIGHT_BUDGET_SOURCE=ENV
WEIGHT_BUDGET_INPUT=2048
WEIGHT_BUDGET_PARSE=PASS
WEIGHT_BUDGET_MIB=2048
WEIGHT_BUDGET_BYTES=2147483648
WEIGHT_BUDGET_SOURCE=ENV
WEIGHT_BUDGET_INPUT=2048
WEIGHT_BUDGET_PARSE=PASS
WEIGHT_BUDGET_MIB=2048
WEIGHT_BUDGET_BYTES=2147483648
WEIGHT_BUDGET_SOURCE=ENV
WEIGHT_BUDGET_INPUT=2048
WEIGHT_BUDGET_PARSE=PASS
WEIGHT_BUDGET_MIB=2048
WEIGHT_BUDGET_BYTES=2147483648
WEIGHT_BUDGET_SOURCE=ENV
WEIGHT_BUDGET_INPUT=2048
WEIGHT_BUDGET_PARSE=PASS
WEIGHT_BUDGET_MIB=2048
WEIGHT_BUDGET_BYTES=2147483648
WEIGHT_BUDGET_SOURCE=ENV
WEIGHT_BUDGET_INPUT=2048
WEIGHT_BUDGET_PARSE=PASS
WEIGHT_BUDGET_MIB=2048
WEIGHT_BUDGET_BYTES=2147483648
WEIGHT_BUDGET_SOURCE=ENV
WEIGHT_BUDGET_INPUT=2048
WEIGHT_BUDGET_PARSE=PASS
WEIGHT_BUDGET_MIB=2048
WEIGHT_BUDGET_BYTES=2147483648
WEIGHT_BUDGET_SOURCE=ENV
WEIGHT_BUDGET_INPUT=2048
WEIGHT_BUDGET_PARSE=PASS
WEIGHT_BUDGET_MIB=2048
WEIGHT_BUDGET_BYTES=2147483648
WEIGHT_BUDGET_SOURCE=ENV
WEIGHT_BUDGET_INPUT=2048
WEIGHT_BUDGET_PARSE=PASS
WEIGHT_BUDGET_MIB=2048
WEIGHT_BUDGET_BYTES=2147483648
WEIGHT_BUDGET_SOURCE=ENV
WEIGHT_BUDGET_INPUT=2048
WEIGHT_BUDGET_PARSE=PASS
WEIGHT_BUDGET_MIB=2048
WEIGHT_BUDGET_BYTES=2147483648
WEIGHT_BUDGET_SOURCE=ENV
WEIGHT_BUDGET_INPUT=2048
WEIGHT_BUDGET_PARSE=PASS
WEIGHT_BUDGET_MIB=2048
WEIGHT_BUDGET_BYTES=2147483648
WEIGHT_BUDGET_SOURCE=ENV
WEIGHT_BUDGET_INPUT=2048
WEIGHT_BUDGET_PARSE=PASS
WEIGHT_BUDGET_MIB=2048
WEIGHT_BUDGET_BYTES=2147483648
WEIGHT_BUDGET_SOURCE=ENV
WEIGHT_BUDGET_INPUT=2048
WEIGHT_BUDGET_PARSE=PASS
WEIGHT_BUDGET_MIB=2048
WEIGHT_BUDGET_BYTES=2147483648
WEIGHT_BUDGET_SOURCE=ENV
WEIGHT_BUDGET_INPUT=2048
WEIGHT_BUDGET_PARSE=PASS
WEIGHT_BUDGET_MIB=2048
WEIGHT_BUDGET_BYTES=2147483648
WEIGHT_BUDGET_SOURCE=ENV
HEAP_OK_FINAL_NORM_BEFORE=1
FINAL_NORM_SRC_PTR=00000211F8321060
FINAL_NORM_DST_PTR=00000211F8321060
FINAL_NORM_WEIGHT_PTR=00000211A0D30000
FINAL_NORM_WEIGHT_SOURCE=HOST_MAPPED
FINAL_NORM_WEIGHT_FULFILLED=1
FINAL_NORM_WEIGHT_BYTES=12288
FINAL_NORM_WEIGHT_0=1.765625
FINAL_NORM_WEIGHT_1=1.75
FINAL_NORM_WEIGHT_2=1.5625
FINAL_NORM_WEIGHT_3=1.7734375
FINAL_NORM_WEIGHT_L2=91.4481258
FINAL_NORM_SUMSQ=1517.48056
FINAL_NORM_MEAN_SQ=0.493971535
FINAL_NORM_EPS=9.99999975e-06
FINAL_NORM_INV_RMS=1.42280257
FINAL_NORM_SRC_0=-0.724266052
FINAL_NORM_DST_0=-1.81945479
FINAL_NORM_AFTER_L2=89.9899609
HEAP_OK_FINAL_NORM_AFTER=1
WEIGHT_BUDGET_INPUT=2048
WEIGHT_BUDGET_PARSE=PASS
WEIGHT_BUDGET_MIB=2048
WEIGHT_BUDGET_BYTES=2147483648
WEIGHT_BUDGET_SOURCE=ENV
WEIGHT_BUDGET_INPUT=2048
WEIGHT_BUDGET_PARSE=PASS
WEIGHT_BUDGET_MIB=2048
WEIGHT_BUDGET_BYTES=2147483648
WEIGHT_BUDGET_SOURCE=ENV
WEIGHT_BUDGET_INPUT=2048
WEIGHT_BUDGET_PARSE=PASS
WEIGHT_BUDGET_MIB=2048
WEIGHT_BUDGET_BYTES=2147483648
WEIGHT_BUDGET_SOURCE=ENV
WEIGHT_BUDGET_INPUT=2048
WEIGHT_BUDGET_PARSE=PASS
WEIGHT_BUDGET_MIB=2048
WEIGHT_BUDGET_BYTES=2147483648
WEIGHT_BUDGET_SOURCE=ENV
WEIGHT_BUDGET_INPUT=2048
WEIGHT_BUDGET_PARSE=PASS
WEIGHT_BUDGET_MIB=2048
WEIGHT_BUDGET_BYTES=2147483648
WEIGHT_BUDGET_SOURCE=ENV
WEIGHT_BUDGET_INPUT=2048
WEIGHT_BUDGET_PARSE=PASS
WEIGHT_BUDGET_MIB=2048
WEIGHT_BUDGET_BYTES=2147483648
WEIGHT_BUDGET_SOURCE=ENV
WEIGHT_BUDGET_INPUT=2048
WEIGHT_BUDGET_PARSE=PASS
WEIGHT_BUDGET_MIB=2048
WEIGHT_BUDGET_BYTES=2147483648
WEIGHT_BUDGET_SOURCE=ENV
WEIGHT_BUDGET_INPUT=2048
WEIGHT_BUDGET_PARSE=PASS
WEIGHT_BUDGET_MIB=2048
WEIGHT_BUDGET_BYTES=2147483648
WEIGHT_BUDGET_SOURCE=ENV
WEIGHT_BUDGET_INPUT=2048
WEIGHT_BUDGET_PARSE=PASS
WEIGHT_BUDGET_MIB=2048
WEIGHT_BUDGET_BYTES=2147483648
WEIGHT_BUDGET_SOURCE=ENV
WEIGHT_BUDGET_INPUT=2048
WEIGHT_BUDGET_PARSE=PASS
WEIGHT_BUDGET_MIB=2048
WEIGHT_BUDGET_BYTES=2147483648
WEIGHT_BUDGET_SOURCE=ENV
WEIGHT_BUDGET_INPUT=2048
WEIGHT_BUDGET_PARSE=PASS
WEIGHT_BUDGET_MIB=2048
WEIGHT_BUDGET_BYTES=2147483648
WEIGHT_BUDGET_SOURCE=ENV
WEIGHT_BUDGET_INPUT=2048
WEIGHT_BUDGET_PARSE=PASS
WEIGHT_BUDGET_MIB=2048
WEIGHT_BUDGET_BYTES=2147483648
WEIGHT_BUDGET_SOURCE=ENV
WEIGHT_BUDGET_INPUT=2048
WEIGHT_BUDGET_PARSE=PASS
WEIGHT_BUDGET_MIB=2048
WEIGHT_BUDGET_BYTES=2147483648
WEIGHT_BUDGET_SOURCE=ENV
WEIGHT_BUDGET_INPUT=2048
WEIGHT_BUDGET_PARSE=PASS
WEIGHT_BUDGET_MIB=2048
WEIGHT_BUDGET_BYTES=2147483648
WEIGHT_BUDGET_SOURCE=ENV
WEIGHT_BUDGET_INPUT=2048
WEIGHT_BUDGET_PARSE=PASS
WEIGHT_BUDGET_MIB=2048
WEIGHT_BUDGET_BYTES=2147483648
WEIGHT_BUDGET_SOURCE=ENV
WEIGHT_BUDGET_INPUT=2048
WEIGHT_BUDGET_PARSE=PASS
WEIGHT_BUDGET_MIB=2048
WEIGHT_BUDGET_BYTES=2147483648
WEIGHT_BUDGET_SOURCE=ENV
WEIGHT_BUDGET_INPUT=2048
WEIGHT_BUDGET_PARSE=PASS
WEIGHT_BUDGET_MIB=2048
WEIGHT_BUDGET_BYTES=2147483648
WEIGHT_BUDGET_SOURCE=ENV
WEIGHT_BUDGET_INPUT=2048
WEIGHT_BUDGET_PARSE=PASS
WEIGHT_BUDGET_MIB=2048
WEIGHT_BUDGET_BYTES=2147483648
WEIGHT_BUDGET_SOURCE=ENV
WEIGHT_BUDGET_INPUT=2048
WEIGHT_BUDGET_PARSE=PASS
WEIGHT_BUDGET_MIB=2048
WEIGHT_BUDGET_BYTES=2147483648
WEIGHT_BUDGET_SOURCE=ENV
WEIGHT_BUDGET_INPUT=2048
WEIGHT_BUDGET_PARSE=PASS
WEIGHT_BUDGET_MIB=2048
WEIGHT_BUDGET_BYTES=2147483648
WEIGHT_BUDGET_SOURCE=ENV
WEIGHT_BUDGET_INPUT=2048
WEIGHT_BUDGET_PARSE=PASS
WEIGHT_BUDGET_MIB=2048
WEIGHT_BUDGET_BYTES=2147483648
WEIGHT_BUDGET_SOURCE=ENV
WEIGHT_BUDGET_INPUT=2048
WEIGHT_BUDGET_PARSE=PASS
WEIGHT_BUDGET_MIB=2048
WEIGHT_BUDGET_BYTES=2147483648
WEIGHT_BUDGET_SOURCE=ENV
WEIGHT_BUDGET_INPUT=2048
WEIGHT_BUDGET_PARSE=PASS
WEIGHT_BUDGET_MIB=2048
WEIGHT_BUDGET_BYTES=2147483648
WEIGHT_BUDGET_SOURCE=ENV
WEIGHT_BUDGET_INPUT=2048
WEIGHT_BUDGET_PARSE=PASS
WEIGHT_BUDGET_MIB=2048
WEIGHT_BUDGET_BYTES=2147483648
WEIGHT_BUDGET_SOURCE=ENV
WEIGHT_BUDGET_INPUT=2048
WEIGHT_BUDGET_PARSE=PASS
WEIGHT_BUDGET_MIB=2048
WEIGHT_BUDGET_BYTES=2147483648
WEIGHT_BUDGET_SOURCE=ENV
WEIGHT_BUDGET_INPUT=2048
WEIGHT_BUDGET_PARSE=PASS
WEIGHT_BUDGET_MIB=2048
WEIGHT_BUDGET_BYTES=2147483648
WEIGHT_BUDGET_SOURCE=ENV
WEIGHT_BUDGET_INPUT=2048
WEIGHT_BUDGET_PARSE=PASS
WEIGHT_BUDGET_MIB=2048
WEIGHT_BUDGET_BYTES=2147483648
WEIGHT_BUDGET_SOURCE=ENV
WEIGHT_BUDGET_INPUT=2048
WEIGHT_BUDGET_PARSE=PASS
WEIGHT_BUDGET_MIB=2048
WEIGHT_BUDGET_BYTES=2147483648
WEIGHT_BUDGET_SOURCE=ENV
WEIGHT_BUDGET_INPUT=2048
WEIGHT_BUDGET_PARSE=PASS
WEIGHT_BUDGET_MIB=2048
WEIGHT_BUDGET_BYTES=2147483648
WEIGHT_BUDGET_SOURCE=ENV
WEIGHT_BUDGET_INPUT=2048
WEIGHT_BUDGET_PARSE=PASS
WEIGHT_BUDGET_MIB=2048
WEIGHT_BUDGET_BYTES=2147483648
WEIGHT_BUDGET_SOURCE=ENV
HEAP_OK_FINAL_NORM_BEFORE=1
FINAL_NORM_SRC_PTR=00000211F8324060
FINAL_NORM_DST_PTR=00000211F8324060
FINAL_NORM_WEIGHT_PTR=00000211A0D30000
FINAL_NORM_WEIGHT_SOURCE=HOST_MAPPED
FINAL_NORM_WEIGHT_FULFILLED=1
FINAL_NORM_WEIGHT_BYTES=12288
FINAL_NORM_WEIGHT_0=1.765625
FINAL_NORM_WEIGHT_1=1.75
FINAL_NORM_WEIGHT_2=1.5625
FINAL_NORM_WEIGHT_3=1.7734375
FINAL_NORM_WEIGHT_L2=91.4481258
FINAL_NORM_SUMSQ=1427.18728
FINAL_NORM_MEAN_SQ=0.464579192
FINAL_NORM_EPS=9.99999975e-06
FINAL_NORM_INV_RMS=1.46711946
FINAL_NORM_SRC_0=0.278241873
FINAL_NORM_DST_0=0.720752954
FINAL_NORM_AFTER_L2=90.7952718
HEAP_OK_FINAL_NORM_AFTER=1
WEIGHT_BUDGET_INPUT=2048
WEIGHT_BUDGET_PARSE=PASS
WEIGHT_BUDGET_MIB=2048
WEIGHT_BUDGET_BYTES=2147483648
WEIGHT_BUDGET_SOURCE=ENV
WEIGHT_BUDGET_INPUT=2048
WEIGHT_BUDGET_PARSE=PASS
WEIGHT_BUDGET_MIB=2048
WEIGHT_BUDGET_BYTES=2147483648
WEIGHT_BUDGET_SOURCE=ENV
WEIGHT_BUDGET_INPUT=2048
WEIGHT_BUDGET_PARSE=PASS
WEIGHT_BUDGET_MIB=2048
WEIGHT_BUDGET_BYTES=2147483648
WEIGHT_BUDGET_SOURCE=ENV
WEIGHT_BUDGET_INPUT=2048
WEIGHT_BUDGET_PARSE=PASS
WEIGHT_BUDGET_MIB=2048
WEIGHT_BUDGET_BYTES=2147483648
WEIGHT_BUDGET_SOURCE=ENV
WEIGHT_BUDGET_INPUT=2048
WEIGHT_BUDGET_PARSE=PASS
WEIGHT_BUDGET_MIB=2048
WEIGHT_BUDGET_BYTES=2147483648
WEIGHT_BUDGET_SOURCE=ENV
WEIGHT_BUDGET_INPUT=2048
WEIGHT_BUDGET_PARSE=PASS
WEIGHT_BUDGET_MIB=2048
WEIGHT_BUDGET_BYTES=2147483648
WEIGHT_BUDGET_SOURCE=ENV
WEIGHT_BUDGET_INPUT=2048
WEIGHT_BUDGET_PARSE=PASS
WEIGHT_BUDGET_MIB=2048
WEIGHT_BUDGET_BYTES=2147483648
WEIGHT_BUDGET_SOURCE=ENV
WEIGHT_BUDGET_INPUT=2048
WEIGHT_BUDGET_PARSE=PASS
WEIGHT_BUDGET_MIB=2048
WEIGHT_BUDGET_BYTES=2147483648
WEIGHT_BUDGET_SOURCE=ENV
WEIGHT_BUDGET_INPUT=2048
WEIGHT_BUDGET_PARSE=PASS
WEIGHT_BUDGET_MIB=2048
WEIGHT_BUDGET_BYTES=2147483648
WEIGHT_BUDGET_SOURCE=ENV
WEIGHT_BUDGET_INPUT=2048
WEIGHT_BUDGET_PARSE=PASS
WEIGHT_BUDGET_MIB=2048
WEIGHT_BUDGET_BYTES=2147483648
WEIGHT_BUDGET_SOURCE=ENV
WEIGHT_BUDGET_INPUT=2048
WEIGHT_BUDGET_PARSE=PASS
WEIGHT_BUDGET_MIB=2048
WEIGHT_BUDGET_BYTES=2147483648
WEIGHT_BUDGET_SOURCE=ENV
WEIGHT_BUDGET_INPUT=2048
WEIGHT_BUDGET_PARSE=PASS
WEIGHT_BUDGET_MIB=2048
WEIGHT_BUDGET_BYTES=2147483648
WEIGHT_BUDGET_SOURCE=ENV
WEIGHT_BUDGET_INPUT=2048
WEIGHT_BUDGET_PARSE=PASS
WEIGHT_BUDGET_MIB=2048
WEIGHT_BUDGET_BYTES=2147483648
WEIGHT_BUDGET_SOURCE=ENV
WEIGHT_BUDGET_INPUT=2048
WEIGHT_BUDGET_PARSE=PASS
WEIGHT_BUDGET_MIB=2048
WEIGHT_BUDGET_BYTES=2147483648
WEIGHT_BUDGET_SOURCE=ENV
WEIGHT_BUDGET_INPUT=2048
WEIGHT_BUDGET_PARSE=PASS
WEIGHT_BUDGET_MIB=2048
WEIGHT_BUDGET_BYTES=2147483648
WEIGHT_BUDGET_SOURCE=ENV
WEIGHT_BUDGET_INPUT=2048
WEIGHT_BUDGET_PARSE=PASS
WEIGHT_BUDGET_MIB=2048
WEIGHT_BUDGET_BYTES=2147483648
WEIGHT_BUDGET_SOURCE=ENV
WEIGHT_BUDGET_INPUT=2048
WEIGHT_BUDGET_PARSE=PASS
WEIGHT_BUDGET_MIB=2048
WEIGHT_BUDGET_BYTES=2147483648
WEIGHT_BUDGET_SOURCE=ENV
WEIGHT_BUDGET_INPUT=2048
WEIGHT_BUDGET_PARSE=PASS
WEIGHT_BUDGET_MIB=2048
WEIGHT_BUDGET_BYTES=2147483648
WEIGHT_BUDGET_SOURCE=ENV
WEIGHT_BUDGET_INPUT=2048
WEIGHT_BUDGET_PARSE=PASS
WEIGHT_BUDGET_MIB=2048
WEIGHT_BUDGET_BYTES=2147483648
WEIGHT_BUDGET_SOURCE=ENV
WEIGHT_BUDGET_INPUT=2048
WEIGHT_BUDGET_PARSE=PASS
WEIGHT_BUDGET_MIB=2048
WEIGHT_BUDGET_BYTES=2147483648
WEIGHT_BUDGET_SOURCE=ENV
WEIGHT_BUDGET_INPUT=2048
WEIGHT_BUDGET_PARSE=PASS
WEIGHT_BUDGET_MIB=2048
WEIGHT_BUDGET_BYTES=2147483648
WEIGHT_BUDGET_SOURCE=ENV
WEIGHT_BUDGET_INPUT=2048
WEIGHT_BUDGET_PARSE=PASS
WEIGHT_BUDGET_MIB=2048
WEIGHT_BUDGET_BYTES=2147483648
WEIGHT_BUDGET_SOURCE=ENV
WEIGHT_BUDGET_INPUT=2048
WEIGHT_BUDGET_PARSE=PASS
WEIGHT_BUDGET_MIB=2048
WEIGHT_BUDGET_BYTES=2147483648
WEIGHT_BUDGET_SOURCE=ENV
WEIGHT_BUDGET_INPUT=2048
WEIGHT_BUDGET_PARSE=PASS
WEIGHT_BUDGET_MIB=2048
WEIGHT_BUDGET_BYTES=2147483648
WEIGHT_BUDGET_SOURCE=ENV
WEIGHT_BUDGET_INPUT=2048
WEIGHT_BUDGET_PARSE=PASS
WEIGHT_BUDGET_MIB=2048
WEIGHT_BUDGET_BYTES=2147483648
WEIGHT_BUDGET_SOURCE=ENV
WEIGHT_BUDGET_INPUT=2048
WEIGHT_BUDGET_PARSE=PASS
WEIGHT_BUDGET_MIB=2048
WEIGHT_BUDGET_BYTES=2147483648
WEIGHT_BUDGET_SOURCE=ENV
WEIGHT_BUDGET_INPUT=2048
WEIGHT_BUDGET_PARSE=PASS
WEIGHT_BUDGET_MIB=2048
WEIGHT_BUDGET_BYTES=2147483648
WEIGHT_BUDGET_SOURCE=ENV
WEIGHT_BUDGET_INPUT=2048
WEIGHT_BUDGET_PARSE=PASS
WEIGHT_BUDGET_MIB=2048
WEIGHT_BUDGET_BYTES=2147483648
WEIGHT_BUDGET_SOURCE=ENV
WEIGHT_BUDGET_INPUT=2048
WEIGHT_BUDGET_PARSE=PASS
WEIGHT_BUDGET_MIB=2048
WEIGHT_BUDGET_BYTES=2147483648
WEIGHT_BUDGET_SOURCE=ENV
WEIGHT_BUDGET_INPUT=2048
WEIGHT_BUDGET_PARSE=PASS
WEIGHT_BUDGET_MIB=2048
WEIGHT_BUDGET_BYTES=2147483648
WEIGHT_BUDGET_SOURCE=ENV
HEAP_OK_FINAL_NORM_BEFORE=1
FINAL_NORM_SRC_PTR=00000211F8327060
FINAL_NORM_DST_PTR=00000211F8327060
FINAL_NORM_WEIGHT_PTR=00000211A0D30000
FINAL_NORM_WEIGHT_SOURCE=HOST_MAPPED
FINAL_NORM_WEIGHT_FULFILLED=1
FINAL_NORM_WEIGHT_BYTES=12288
FINAL_NORM_WEIGHT_0=1.765625
FINAL_NORM_WEIGHT_1=1.75
FINAL_NORM_WEIGHT_2=1.5625
FINAL_NORM_WEIGHT_3=1.7734375
FINAL_NORM_WEIGHT_L2=91.4481258
FINAL_NORM_SUMSQ=1834.06412
FINAL_NORM_MEAN_SQ=0.59702608
FINAL_NORM_EPS=9.99999975e-06
FINAL_NORM_INV_RMS=1.29419494
FINAL_NORM_SRC_0=0.763929129
FINAL_NORM_DST_0=1.74562609
FINAL_NORM_AFTER_L2=89.5187166
HEAP_OK_FINAL_NORM_AFTER=1
WEIGHT_BUDGET_INPUT=2048
WEIGHT_BUDGET_PARSE=PASS
WEIGHT_BUDGET_MIB=2048
WEIGHT_BUDGET_BYTES=2147483648
WEIGHT_BUDGET_SOURCE=ENV
WEIGHT_BUDGET_INPUT=2048
WEIGHT_BUDGET_PARSE=PASS
WEIGHT_BUDGET_MIB=2048
WEIGHT_BUDGET_BYTES=2147483648
WEIGHT_BUDGET_SOURCE=ENV
WEIGHT_BUDGET_INPUT=2048
WEIGHT_BUDGET_PARSE=PASS
WEIGHT_BUDGET_MIB=2048
WEIGHT_BUDGET_BYTES=2147483648
WEIGHT_BUDGET_SOURCE=ENV
WEIGHT_BUDGET_INPUT=2048
WEIGHT_BUDGET_PARSE=PASS
WEIGHT_BUDGET_MIB=2048
WEIGHT_BUDGET_BYTES=2147483648
WEIGHT_BUDGET_SOURCE=ENV
WEIGHT_BUDGET_INPUT=2048
WEIGHT_BUDGET_PARSE=PASS
WEIGHT_BUDGET_MIB=2048
WEIGHT_BUDGET_BYTES=2147483648
WEIGHT_BUDGET_SOURCE=ENV
WEIGHT_BUDGET_INPUT=2048
WEIGHT_BUDGET_PARSE=PASS
WEIGHT_BUDGET_MIB=2048
WEIGHT_BUDGET_BYTES=2147483648
WEIGHT_BUDGET_SOURCE=ENV
WEIGHT_BUDGET_INPUT=2048
WEIGHT_BUDGET_PARSE=PASS
WEIGHT_BUDGET_MIB=2048
WEIGHT_BUDGET_BYTES=2147483648
WEIGHT_BUDGET_SOURCE=ENV
WEIGHT_BUDGET_INPUT=2048
WEIGHT_BUDGET_PARSE=PASS
WEIGHT_BUDGET_MIB=2048
WEIGHT_BUDGET_BYTES=2147483648
WEIGHT_BUDGET_SOURCE=ENV
WEIGHT_BUDGET_INPUT=2048
WEIGHT_BUDGET_PARSE=PASS
WEIGHT_BUDGET_MIB=2048
WEIGHT_BUDGET_BYTES=2147483648
WEIGHT_BUDGET_SOURCE=ENV
WEIGHT_BUDGET_INPUT=2048
WEIGHT_BUDGET_PARSE=PASS
WEIGHT_BUDGET_MIB=2048
WEIGHT_BUDGET_BYTES=2147483648
WEIGHT_BUDGET_SOURCE=ENV
WEIGHT_BUDGET_INPUT=2048
WEIGHT_BUDGET_PARSE=PASS
WEIGHT_BUDGET_MIB=2048
WEIGHT_BUDGET_BYTES=2147483648
WEIGHT_BUDGET_SOURCE=ENV
WEIGHT_BUDGET_INPUT=2048
WEIGHT_BUDGET_PARSE=PASS
WEIGHT_BUDGET_MIB=2048
WEIGHT_BUDGET_BYTES=2147483648
WEIGHT_BUDGET_SOURCE=ENV
WEIGHT_BUDGET_INPUT=2048
WEIGHT_BUDGET_PARSE=PASS
WEIGHT_BUDGET_MIB=2048
WEIGHT_BUDGET_BYTES=2147483648
WEIGHT_BUDGET_SOURCE=ENV
WEIGHT_BUDGET_INPUT=2048
WEIGHT_BUDGET_PARSE=PASS
WEIGHT_BUDGET_MIB=2048
WEIGHT_BUDGET_BYTES=2147483648
WEIGHT_BUDGET_SOURCE=ENV
WEIGHT_BUDGET_INPUT=2048
WEIGHT_BUDGET_PARSE=PASS
WEIGHT_BUDGET_MIB=2048
WEIGHT_BUDGET_BYTES=2147483648
WEIGHT_BUDGET_SOURCE=ENV
WEIGHT_BUDGET_INPUT=2048
WEIGHT_BUDGET_PARSE=PASS
WEIGHT_BUDGET_MIB=2048
WEIGHT_BUDGET_BYTES=2147483648
WEIGHT_BUDGET_SOURCE=ENV
WEIGHT_BUDGET_INPUT=2048
WEIGHT_BUDGET_PARSE=PASS
WEIGHT_BUDGET_MIB=2048
WEIGHT_BUDGET_BYTES=2147483648
WEIGHT_BUDGET_SOURCE=ENV
WEIGHT_BUDGET_INPUT=2048
WEIGHT_BUDGET_PARSE=PASS
WEIGHT_BUDGET_MIB=2048
WEIGHT_BUDGET_BYTES=2147483648
WEIGHT_BUDGET_SOURCE=ENV
WEIGHT_BUDGET_INPUT=2048
WEIGHT_BUDGET_PARSE=PASS
WEIGHT_BUDGET_MIB=2048
WEIGHT_BUDGET_BYTES=2147483648
WEIGHT_BUDGET_SOURCE=ENV
WEIGHT_BUDGET_INPUT=2048
WEIGHT_BUDGET_PARSE=PASS
WEIGHT_BUDGET_MIB=2048
WEIGHT_BUDGET_BYTES=2147483648
WEIGHT_BUDGET_SOURCE=ENV
WEIGHT_BUDGET_INPUT=2048
WEIGHT_BUDGET_PARSE=PASS
WEIGHT_BUDGET_MIB=2048
WEIGHT_BUDGET_BYTES=2147483648
WEIGHT_BUDGET_SOURCE=ENV
WEIGHT_BUDGET_INPUT=2048
WEIGHT_BUDGET_PARSE=PASS
WEIGHT_BUDGET_MIB=2048
WEIGHT_BUDGET_BYTES=2147483648
WEIGHT_BUDGET_SOURCE=ENV
WEIGHT_BUDGET_INPUT=2048
WEIGHT_BUDGET_PARSE=PASS
WEIGHT_BUDGET_MIB=2048
WEIGHT_BUDGET_BYTES=2147483648
WEIGHT_BUDGET_SOURCE=ENV
WEIGHT_BUDGET_INPUT=2048
WEIGHT_BUDGET_PARSE=PASS
WEIGHT_BUDGET_MIB=2048
WEIGHT_BUDGET_BYTES=2147483648
WEIGHT_BUDGET_SOURCE=ENV
WEIGHT_BUDGET_INPUT=2048
WEIGHT_BUDGET_PARSE=PASS
WEIGHT_BUDGET_MIB=2048
WEIGHT_BUDGET_BYTES=2147483648
WEIGHT_BUDGET_SOURCE=ENV
WEIGHT_BUDGET_INPUT=2048
WEIGHT_BUDGET_PARSE=PASS
WEIGHT_BUDGET_MIB=2048
WEIGHT_BUDGET_BYTES=2147483648
WEIGHT_BUDGET_SOURCE=ENV
WEIGHT_BUDGET_INPUT=2048
WEIGHT_BUDGET_PARSE=PASS
WEIGHT_BUDGET_MIB=2048
WEIGHT_BUDGET_BYTES=2147483648
WEIGHT_BUDGET_SOURCE=ENV
WEIGHT_BUDGET_INPUT=2048
WEIGHT_BUDGET_PARSE=PASS
WEIGHT_BUDGET_MIB=2048
WEIGHT_BUDGET_BYTES=2147483648
WEIGHT_BUDGET_SOURCE=ENV
WEIGHT_BUDGET_INPUT=2048
WEIGHT_BUDGET_PARSE=PASS
WEIGHT_BUDGET_MIB=2048
WEIGHT_BUDGET_BYTES=2147483648
WEIGHT_BUDGET_SOURCE=ENV
WEIGHT_BUDGET_INPUT=2048
WEIGHT_BUDGET_PARSE=PASS
WEIGHT_BUDGET_MIB=2048
WEIGHT_BUDGET_BYTES=2147483648
WEIGHT_BUDGET_SOURCE=ENV
HEAP_OK_FINAL_NORM_BEFORE=1
FINAL_NORM_SRC_PTR=00000211F832A060
FINAL_NORM_DST_PTR=00000211F832A060
FINAL_NORM_WEIGHT_PTR=00000211A0D30000
FINAL_NORM_WEIGHT_SOURCE=HOST_MAPPED
FINAL_NORM_WEIGHT_FULFILLED=1
FINAL_NORM_WEIGHT_BYTES=12288
FINAL_NORM_WEIGHT_0=1.765625
FINAL_NORM_WEIGHT_1=1.75
FINAL_NORM_WEIGHT_2=1.5625
FINAL_NORM_WEIGHT_3=1.7734375
FINAL_NORM_WEIGHT_L2=91.4481258
FINAL_NORM_SUMSQ=1761.2857
FINAL_NORM_MEAN_SQ=0.573335187
FINAL_NORM_EPS=9.99999975e-06
FINAL_NORM_INV_RMS=1.32066274
FINAL_NORM_SRC_0=0.425972641
FINAL_NORM_DST_0=0.993281007
FINAL_NORM_AFTER_L2=88.5812985
HEAP_OK_FINAL_NORM_AFTER=1
WEIGHT_BUDGET_INPUT=2048
WEIGHT_BUDGET_PARSE=PASS
WEIGHT_BUDGET_MIB=2048
WEIGHT_BUDGET_BYTES=2147483648
WEIGHT_BUDGET_SOURCE=ENV
WEIGHT_BUDGET_INPUT=2048
WEIGHT_BUDGET_PARSE=PASS
WEIGHT_BUDGET_MIB=2048
WEIGHT_BUDGET_BYTES=2147483648
WEIGHT_BUDGET_SOURCE=ENV
WEIGHT_BUDGET_INPUT=2048
WEIGHT_BUDGET_PARSE=PASS
WEIGHT_BUDGET_MIB=2048
WEIGHT_BUDGET_BYTES=2147483648
WEIGHT_BUDGET_SOURCE=ENV
WEIGHT_BUDGET_INPUT=2048
WEIGHT_BUDGET_PARSE=PASS
WEIGHT_BUDGET_MIB=2048
WEIGHT_BUDGET_BYTES=2147483648
WEIGHT_BUDGET_SOURCE=ENV
WEIGHT_BUDGET_INPUT=2048
WEIGHT_BUDGET_PARSE=PASS
WEIGHT_BUDGET_MIB=2048
WEIGHT_BUDGET_BYTES=2147483648
WEIGHT_BUDGET_SOURCE=ENV
WEIGHT_BUDGET_INPUT=2048
WEIGHT_BUDGET_PARSE=PASS
WEIGHT_BUDGET_MIB=2048
WEIGHT_BUDGET_BYTES=2147483648
WEIGHT_BUDGET_SOURCE=ENV
WEIGHT_BUDGET_INPUT=2048
WEIGHT_BUDGET_PARSE=PASS
WEIGHT_BUDGET_MIB=2048
WEIGHT_BUDGET_BYTES=2147483648
WEIGHT_BUDGET_SOURCE=ENV
WEIGHT_BUDGET_INPUT=2048
WEIGHT_BUDGET_PARSE=PASS
WEIGHT_BUDGET_MIB=2048
WEIGHT_BUDGET_BYTES=2147483648
WEIGHT_BUDGET_SOURCE=ENV
WEIGHT_BUDGET_INPUT=2048
WEIGHT_BUDGET_PARSE=PASS
WEIGHT_BUDGET_MIB=2048
WEIGHT_BUDGET_BYTES=2147483648
WEIGHT_BUDGET_SOURCE=ENV
WEIGHT_BUDGET_INPUT=2048
WEIGHT_BUDGET_PARSE=PASS
WEIGHT_BUDGET_MIB=2048
WEIGHT_BUDGET_BYTES=2147483648
WEIGHT_BUDGET_SOURCE=ENV
WEIGHT_BUDGET_INPUT=2048
WEIGHT_BUDGET_PARSE=PASS
WEIGHT_BUDGET_MIB=2048
WEIGHT_BUDGET_BYTES=2147483648
WEIGHT_BUDGET_SOURCE=ENV
WEIGHT_BUDGET_INPUT=2048
WEIGHT_BUDGET_PARSE=PASS
WEIGHT_BUDGET_MIB=2048
WEIGHT_BUDGET_BYTES=2147483648
WEIGHT_BUDGET_SOURCE=ENV
WEIGHT_BUDGET_INPUT=2048
WEIGHT_BUDGET_PARSE=PASS
WEIGHT_BUDGET_MIB=2048
WEIGHT_BUDGET_BYTES=2147483648
WEIGHT_BUDGET_SOURCE=ENV
WEIGHT_BUDGET_INPUT=2048
WEIGHT_BUDGET_PARSE=PASS
WEIGHT_BUDGET_MIB=2048
WEIGHT_BUDGET_BYTES=2147483648
WEIGHT_BUDGET_SOURCE=ENV
WEIGHT_BUDGET_INPUT=2048
WEIGHT_BUDGET_PARSE=PASS
WEIGHT_BUDGET_MIB=2048
WEIGHT_BUDGET_BYTES=2147483648
WEIGHT_BUDGET_SOURCE=ENV
WEIGHT_BUDGET_INPUT=2048
WEIGHT_BUDGET_PARSE=PASS
WEIGHT_BUDGET_MIB=2048
WEIGHT_BUDGET_BYTES=2147483648
WEIGHT_BUDGET_SOURCE=ENV
WEIGHT_BUDGET_INPUT=2048
WEIGHT_BUDGET_PARSE=PASS
WEIGHT_BUDGET_MIB=2048
WEIGHT_BUDGET_BYTES=2147483648
WEIGHT_BUDGET_SOURCE=ENV
WEIGHT_BUDGET_INPUT=2048
WEIGHT_BUDGET_PARSE=PASS
WEIGHT_BUDGET_MIB=2048
WEIGHT_BUDGET_BYTES=2147483648
WEIGHT_BUDGET_SOURCE=ENV
WEIGHT_BUDGET_INPUT=2048
WEIGHT_BUDGET_PARSE=PASS
WEIGHT_BUDGET_MIB=2048
WEIGHT_BUDGET_BYTES=2147483648
WEIGHT_BUDGET_SOURCE=ENV
WEIGHT_BUDGET_INPUT=2048
WEIGHT_BUDGET_PARSE=PASS
WEIGHT_BUDGET_MIB=2048
WEIGHT_BUDGET_BYTES=2147483648
WEIGHT_BUDGET_SOURCE=ENV
WEIGHT_BUDGET_INPUT=2048
WEIGHT_BUDGET_PARSE=PASS
WEIGHT_BUDGET_MIB=2048
WEIGHT_BUDGET_BYTES=2147483648
WEIGHT_BUDGET_SOURCE=ENV
WEIGHT_BUDGET_INPUT=2048
WEIGHT_BUDGET_PARSE=PASS
WEIGHT_BUDGET_MIB=2048
WEIGHT_BUDGET_BYTES=2147483648
WEIGHT_BUDGET_SOURCE=ENV
WEIGHT_BUDGET_INPUT=2048
WEIGHT_BUDGET_PARSE=PASS
WEIGHT_BUDGET_MIB=2048
WEIGHT_BUDGET_BYTES=2147483648
WEIGHT_BUDGET_SOURCE=ENV
WEIGHT_BUDGET_INPUT=2048
WEIGHT_BUDGET_PARSE=PASS
WEIGHT_BUDGET_MIB=2048
WEIGHT_BUDGET_BYTES=2147483648
WEIGHT_BUDGET_SOURCE=ENV
WEIGHT_BUDGET_INPUT=2048
WEIGHT_BUDGET_PARSE=PASS
WEIGHT_BUDGET_MIB=2048
WEIGHT_BUDGET_BYTES=2147483648
WEIGHT_BUDGET_SOURCE=ENV
WEIGHT_BUDGET_INPUT=2048
WEIGHT_BUDGET_PARSE=PASS
WEIGHT_BUDGET_MIB=2048
WEIGHT_BUDGET_BYTES=2147483648
WEIGHT_BUDGET_SOURCE=ENV
WEIGHT_BUDGET_INPUT=2048
WEIGHT_BUDGET_PARSE=PASS
WEIGHT_BUDGET_MIB=2048
WEIGHT_BUDGET_BYTES=2147483648
WEIGHT_BUDGET_SOURCE=ENV
WEIGHT_BUDGET_INPUT=2048
WEIGHT_BUDGET_PARSE=PASS
WEIGHT_BUDGET_MIB=2048
WEIGHT_BUDGET_BYTES=2147483648
WEIGHT_BUDGET_SOURCE=ENV
WEIGHT_BUDGET_INPUT=2048
WEIGHT_BUDGET_PARSE=PASS
WEIGHT_BUDGET_MIB=2048
WEIGHT_BUDGET_BYTES=2147483648
WEIGHT_BUDGET_SOURCE=ENV
WEIGHT_BUDGET_INPUT=2048
WEIGHT_BUDGET_PARSE=PASS
WEIGHT_BUDGET_MIB=2048
WEIGHT_BUDGET_BYTES=2147483648
WEIGHT_BUDGET_SOURCE=ENV
HEAP_OK_FINAL_NORM_BEFORE=1
FINAL_NORM_SRC_PTR=00000211F832D060
FINAL_NORM_DST_PTR=00000211F832D060
FINAL_NORM_WEIGHT_PTR=00000211A0D30000
FINAL_NORM_WEIGHT_SOURCE=HOST_MAPPED
FINAL_NORM_WEIGHT_FULFILLED=1
FINAL_NORM_WEIGHT_BYTES=12288
FINAL_NORM_WEIGHT_0=1.765625
FINAL_NORM_WEIGHT_1=1.75
FINAL_NORM_WEIGHT_2=1.5625
FINAL_NORM_WEIGHT_3=1.7734375
FINAL_NORM_WEIGHT_L2=91.4481258
FINAL_NORM_SUMSQ=1218.39048
FINAL_NORM_MEAN_SQ=0.396611484
FINAL_NORM_EPS=9.99999975e-06
FINAL_NORM_INV_RMS=1.5878588
FINAL_NORM_SRC_0=0.223880827
FINAL_NORM_DST_0=0.62766403
FINAL_NORM_AFTER_L2=88.707888
HEAP_OK_FINAL_NORM_AFTER=1
WEIGHT_BUDGET_INPUT=2048
WEIGHT_BUDGET_PARSE=PASS
WEIGHT_BUDGET_MIB=2048
WEIGHT_BUDGET_BYTES=2147483648
WEIGHT_BUDGET_SOURCE=ENV
WEIGHT_BUDGET_INPUT=2048
WEIGHT_BUDGET_PARSE=PASS
WEIGHT_BUDGET_MIB=2048
WEIGHT_BUDGET_BYTES=2147483648
WEIGHT_BUDGET_SOURCE=ENV
WEIGHT_BUDGET_INPUT=2048
WEIGHT_BUDGET_PARSE=PASS
WEIGHT_BUDGET_MIB=2048
WEIGHT_BUDGET_BYTES=2147483648
WEIGHT_BUDGET_SOURCE=ENV
WEIGHT_BUDGET_INPUT=2048
WEIGHT_BUDGET_PARSE=PASS
WEIGHT_BUDGET_MIB=2048
WEIGHT_BUDGET_BYTES=2147483648
WEIGHT_BUDGET_SOURCE=ENV
WEIGHT_BUDGET_INPUT=2048
WEIGHT_BUDGET_PARSE=PASS
WEIGHT_BUDGET_MIB=2048
WEIGHT_BUDGET_BYTES=2147483648
WEIGHT_BUDGET_SOURCE=ENV
WEIGHT_BUDGET_INPUT=2048
WEIGHT_BUDGET_PARSE=PASS
WEIGHT_BUDGET_MIB=2048
WEIGHT_BUDGET_BYTES=2147483648
WEIGHT_BUDGET_SOURCE=ENV
WEIGHT_BUDGET_INPUT=2048
WEIGHT_BUDGET_PARSE=PASS
WEIGHT_BUDGET_MIB=2048
WEIGHT_BUDGET_BYTES=2147483648
WEIGHT_BUDGET_SOURCE=ENV
WEIGHT_BUDGET_INPUT=2048
WEIGHT_BUDGET_PARSE=PASS
WEIGHT_BUDGET_MIB=2048
WEIGHT_BUDGET_BYTES=2147483648
WEIGHT_BUDGET_SOURCE=ENV
WEIGHT_BUDGET_INPUT=2048
WEIGHT_BUDGET_PARSE=PASS
WEIGHT_BUDGET_MIB=2048
WEIGHT_BUDGET_BYTES=2147483648
WEIGHT_BUDGET_SOURCE=ENV
WEIGHT_BUDGET_INPUT=2048
WEIGHT_BUDGET_PARSE=PASS
WEIGHT_BUDGET_MIB=2048
WEIGHT_BUDGET_BYTES=2147483648
WEIGHT_BUDGET_SOURCE=ENV
WEIGHT_BUDGET_INPUT=2048
WEIGHT_BUDGET_PARSE=PASS
WEIGHT_BUDGET_MIB=2048
WEIGHT_BUDGET_BYTES=2147483648
WEIGHT_BUDGET_SOURCE=ENV
WEIGHT_BUDGET_INPUT=2048
WEIGHT_BUDGET_PARSE=PASS
WEIGHT_BUDGET_MIB=2048
WEIGHT_BUDGET_BYTES=2147483648
WEIGHT_BUDGET_SOURCE=ENV
WEIGHT_BUDGET_INPUT=2048
WEIGHT_BUDGET_PARSE=PASS
WEIGHT_BUDGET_MIB=2048
WEIGHT_BUDGET_BYTES=2147483648
WEIGHT_BUDGET_SOURCE=ENV
WEIGHT_BUDGET_INPUT=2048
WEIGHT_BUDGET_PARSE=PASS
WEIGHT_BUDGET_MIB=2048
WEIGHT_BUDGET_BYTES=2147483648
WEIGHT_BUDGET_SOURCE=ENV
WEIGHT_BUDGET_INPUT=2048
WEIGHT_BUDGET_PARSE=PASS
WEIGHT_BUDGET_MIB=2048
WEIGHT_BUDGET_BYTES=2147483648
WEIGHT_BUDGET_SOURCE=ENV
WEIGHT_BUDGET_INPUT=2048
WEIGHT_BUDGET_PARSE=PASS
WEIGHT_BUDGET_MIB=2048
WEIGHT_BUDGET_BYTES=2147483648
WEIGHT_BUDGET_SOURCE=ENV
WEIGHT_BUDGET_INPUT=2048
WEIGHT_BUDGET_PARSE=PASS
WEIGHT_BUDGET_MIB=2048
WEIGHT_BUDGET_BYTES=2147483648
WEIGHT_BUDGET_SOURCE=ENV
WEIGHT_BUDGET_INPUT=2048
WEIGHT_BUDGET_PARSE=PASS
WEIGHT_BUDGET_MIB=2048
WEIGHT_BUDGET_BYTES=2147483648
WEIGHT_BUDGET_SOURCE=ENV
WEIGHT_BUDGET_INPUT=2048
WEIGHT_BUDGET_PARSE=PASS
WEIGHT_BUDGET_MIB=2048
WEIGHT_BUDGET_BYTES=2147483648
WEIGHT_BUDGET_SOURCE=ENV
WEIGHT_BUDGET_INPUT=2048
WEIGHT_BUDGET_PARSE=PASS
WEIGHT_BUDGET_MIB=2048
WEIGHT_BUDGET_BYTES=2147483648
WEIGHT_BUDGET_SOURCE=ENV
WEIGHT_BUDGET_INPUT=2048
WEIGHT_BUDGET_PARSE=PASS
WEIGHT_BUDGET_MIB=2048
WEIGHT_BUDGET_BYTES=2147483648
WEIGHT_BUDGET_SOURCE=ENV
WEIGHT_BUDGET_INPUT=2048
WEIGHT_BUDGET_PARSE=PASS
WEIGHT_BUDGET_MIB=2048
WEIGHT_BUDGET_BYTES=2147483648
WEIGHT_BUDGET_SOURCE=ENV
WEIGHT_BUDGET_INPUT=2048
WEIGHT_BUDGET_PARSE=PASS
WEIGHT_BUDGET_MIB=2048
WEIGHT_BUDGET_BYTES=2147483648
WEIGHT_BUDGET_SOURCE=ENV
WEIGHT_BUDGET_INPUT=2048
WEIGHT_BUDGET_PARSE=PASS
WEIGHT_BUDGET_MIB=2048
WEIGHT_BUDGET_BYTES=2147483648
WEIGHT_BUDGET_SOURCE=ENV
WEIGHT_BUDGET_INPUT=2048
WEIGHT_BUDGET_PARSE=PASS
WEIGHT_BUDGET_MIB=2048
WEIGHT_BUDGET_BYTES=2147483648
WEIGHT_BUDGET_SOURCE=ENV
WEIGHT_BUDGET_INPUT=2048
WEIGHT_BUDGET_PARSE=PASS
WEIGHT_BUDGET_MIB=2048
WEIGHT_BUDGET_BYTES=2147483648
WEIGHT_BUDGET_SOURCE=ENV
WEIGHT_BUDGET_INPUT=2048
WEIGHT_BUDGET_PARSE=PASS
WEIGHT_BUDGET_MIB=2048
WEIGHT_BUDGET_BYTES=2147483648
WEIGHT_BUDGET_SOURCE=ENV
WEIGHT_BUDGET_INPUT=2048
WEIGHT_BUDGET_PARSE=PASS
WEIGHT_BUDGET_MIB=2048
WEIGHT_BUDGET_BYTES=2147483648
WEIGHT_BUDGET_SOURCE=ENV
WEIGHT_BUDGET_INPUT=2048
WEIGHT_BUDGET_PARSE=PASS
WEIGHT_BUDGET_MIB=2048
WEIGHT_BUDGET_BYTES=2147483648
WEIGHT_BUDGET_SOURCE=ENV
WEIGHT_BUDGET_INPUT=2048
WEIGHT_BUDGET_PARSE=PASS
WEIGHT_BUDGET_MIB=2048
WEIGHT_BUDGET_BYTES=2147483648
WEIGHT_BUDGET_SOURCE=ENV
HEAP_OK_FINAL_NORM_BEFORE=1
FINAL_NORM_SRC_PTR=00000211F8330060
FINAL_NORM_DST_PTR=00000211F8330060
FINAL_NORM_WEIGHT_PTR=00000211A0D30000
FINAL_NORM_WEIGHT_SOURCE=HOST_MAPPED
FINAL_NORM_WEIGHT_FULFILLED=1
FINAL_NORM_WEIGHT_BYTES=12288
FINAL_NORM_WEIGHT_0=1.765625
FINAL_NORM_WEIGHT_1=1.75
FINAL_NORM_WEIGHT_2=1.5625
FINAL_NORM_WEIGHT_3=1.7734375
FINAL_NORM_WEIGHT_L2=91.4481258
FINAL_NORM_SUMSQ=1183.1827
FINAL_NORM_MEAN_SQ=0.385150619
FINAL_NORM_EPS=9.99999975e-06
FINAL_NORM_INV_RMS=1.61130989
FINAL_NORM_SRC_0=0.0580271482
FINAL_NORM_DST_0=0.16508545
FINAL_NORM_AFTER_L2=88.4447873
HEAP_OK_FINAL_NORM_AFTER=1
WEIGHT_BUDGET_INPUT=2048
WEIGHT_BUDGET_PARSE=PASS
WEIGHT_BUDGET_MIB=2048
WEIGHT_BUDGET_BYTES=2147483648
WEIGHT_BUDGET_SOURCE=ENV
WEIGHT_BUDGET_INPUT=2048
WEIGHT_BUDGET_PARSE=PASS
WEIGHT_BUDGET_MIB=2048
WEIGHT_BUDGET_BYTES=2147483648
WEIGHT_BUDGET_SOURCE=ENV
WEIGHT_BUDGET_INPUT=2048
WEIGHT_BUDGET_PARSE=PASS
WEIGHT_BUDGET_MIB=2048
WEIGHT_BUDGET_BYTES=2147483648
WEIGHT_BUDGET_SOURCE=ENV
WEIGHT_BUDGET_INPUT=2048
WEIGHT_BUDGET_PARSE=PASS
WEIGHT_BUDGET_MIB=2048
WEIGHT_BUDGET_BYTES=2147483648
WEIGHT_BUDGET_SOURCE=ENV
WEIGHT_BUDGET_INPUT=2048
WEIGHT_BUDGET_PARSE=PASS
WEIGHT_BUDGET_MIB=2048
WEIGHT_BUDGET_BYTES=2147483648
WEIGHT_BUDGET_SOURCE=ENV
WEIGHT_BUDGET_INPUT=2048
WEIGHT_BUDGET_PARSE=PASS
WEIGHT_BUDGET_MIB=2048
WEIGHT_BUDGET_BYTES=2147483648
WEIGHT_BUDGET_SOURCE=ENV
WEIGHT_BUDGET_INPUT=2048
WEIGHT_BUDGET_PARSE=PASS
WEIGHT_BUDGET_MIB=2048
WEIGHT_BUDGET_BYTES=2147483648
WEIGHT_BUDGET_SOURCE=ENV
WEIGHT_BUDGET_INPUT=2048
WEIGHT_BUDGET_PARSE=PASS
WEIGHT_BUDGET_MIB=2048
WEIGHT_BUDGET_BYTES=2147483648
WEIGHT_BUDGET_SOURCE=ENV
WEIGHT_BUDGET_INPUT=2048
WEIGHT_BUDGET_PARSE=PASS
WEIGHT_BUDGET_MIB=2048
WEIGHT_BUDGET_BYTES=2147483648
WEIGHT_BUDGET_SOURCE=ENV
WEIGHT_BUDGET_INPUT=2048
WEIGHT_BUDGET_PARSE=PASS
WEIGHT_BUDGET_MIB=2048
WEIGHT_BUDGET_BYTES=2147483648
WEIGHT_BUDGET_SOURCE=ENV
WEIGHT_BUDGET_INPUT=2048
WEIGHT_BUDGET_PARSE=PASS
WEIGHT_BUDGET_MIB=2048
WEIGHT_BUDGET_BYTES=2147483648
WEIGHT_BUDGET_SOURCE=ENV
WEIGHT_BUDGET_INPUT=2048
WEIGHT_BUDGET_PARSE=PASS
WEIGHT_BUDGET_MIB=2048
WEIGHT_BUDGET_BYTES=2147483648
WEIGHT_BUDGET_SOURCE=ENV
WEIGHT_BUDGET_INPUT=2048
WEIGHT_BUDGET_PARSE=PASS
WEIGHT_BUDGET_MIB=2048
WEIGHT_BUDGET_BYTES=2147483648
WEIGHT_BUDGET_SOURCE=ENV
WEIGHT_BUDGET_INPUT=2048
WEIGHT_BUDGET_PARSE=PASS
WEIGHT_BUDGET_MIB=2048
WEIGHT_BUDGET_BYTES=2147483648
WEIGHT_BUDGET_SOURCE=ENV
WEIGHT_BUDGET_INPUT=2048
WEIGHT_BUDGET_PARSE=PASS
WEIGHT_BUDGET_MIB=2048
WEIGHT_BUDGET_BYTES=2147483648
WEIGHT_BUDGET_SOURCE=ENV
WEIGHT_BUDGET_INPUT=2048
WEIGHT_BUDGET_PARSE=PASS
WEIGHT_BUDGET_MIB=2048
WEIGHT_BUDGET_BYTES=2147483648
WEIGHT_BUDGET_SOURCE=ENV
WEIGHT_BUDGET_INPUT=2048
WEIGHT_BUDGET_PARSE=PASS
WEIGHT_BUDGET_MIB=2048
WEIGHT_BUDGET_BYTES=2147483648
WEIGHT_BUDGET_SOURCE=ENV
WEIGHT_BUDGET_INPUT=2048
WEIGHT_BUDGET_PARSE=PASS
WEIGHT_BUDGET_MIB=2048
WEIGHT_BUDGET_BYTES=2147483648
WEIGHT_BUDGET_SOURCE=ENV
WEIGHT_BUDGET_INPUT=2048
WEIGHT_BUDGET_PARSE=PASS
WEIGHT_BUDGET_MIB=2048
WEIGHT_BUDGET_BYTES=2147483648
WEIGHT_BUDGET_SOURCE=ENV
WEIGHT_BUDGET_INPUT=2048
WEIGHT_BUDGET_PARSE=PASS
WEIGHT_BUDGET_MIB=2048
WEIGHT_BUDGET_BYTES=2147483648
WEIGHT_BUDGET_SOURCE=ENV
WEIGHT_BUDGET_INPUT=2048
WEIGHT_BUDGET_PARSE=PASS
WEIGHT_BUDGET_MIB=2048
WEIGHT_BUDGET_BYTES=2147483648
WEIGHT_BUDGET_SOURCE=ENV
WEIGHT_BUDGET_INPUT=2048
WEIGHT_BUDGET_PARSE=PASS
WEIGHT_BUDGET_MIB=2048
WEIGHT_BUDGET_BYTES=2147483648
WEIGHT_BUDGET_SOURCE=ENV
WEIGHT_BUDGET_INPUT=2048
WEIGHT_BUDGET_PARSE=PASS
WEIGHT_BUDGET_MIB=2048
WEIGHT_BUDGET_BYTES=2147483648
WEIGHT_BUDGET_SOURCE=ENV
WEIGHT_BUDGET_INPUT=2048
WEIGHT_BUDGET_PARSE=PASS
WEIGHT_BUDGET_MIB=2048
WEIGHT_BUDGET_BYTES=2147483648
WEIGHT_BUDGET_SOURCE=ENV
WEIGHT_BUDGET_INPUT=2048
WEIGHT_BUDGET_PARSE=PASS
WEIGHT_BUDGET_MIB=2048
WEIGHT_BUDGET_BYTES=2147483648
WEIGHT_BUDGET_SOURCE=ENV
WEIGHT_BUDGET_INPUT=2048
WEIGHT_BUDGET_PARSE=PASS
WEIGHT_BUDGET_MIB=2048
WEIGHT_BUDGET_BYTES=2147483648
WEIGHT_BUDGET_SOURCE=ENV
WEIGHT_BUDGET_INPUT=2048
WEIGHT_BUDGET_PARSE=PASS
WEIGHT_BUDGET_MIB=2048
WEIGHT_BUDGET_BYTES=2147483648
WEIGHT_BUDGET_SOURCE=ENV
WEIGHT_BUDGET_INPUT=2048
WEIGHT_BUDGET_PARSE=PASS
WEIGHT_BUDGET_MIB=2048
WEIGHT_BUDGET_BYTES=2147483648
WEIGHT_BUDGET_SOURCE=ENV
WEIGHT_BUDGET_INPUT=2048
WEIGHT_BUDGET_PARSE=PASS
WEIGHT_BUDGET_MIB=2048
WEIGHT_BUDGET_BYTES=2147483648
WEIGHT_BUDGET_SOURCE=ENV
WEIGHT_BUDGET_INPUT=2048
WEIGHT_BUDGET_PARSE=PASS
WEIGHT_BUDGET_MIB=2048
WEIGHT_BUDGET_BYTES=2147483648
WEIGHT_BUDGET_SOURCE=ENV
HEAP_OK_FINAL_NORM_BEFORE=1
FINAL_NORM_SRC_PTR=00000211F8333060
FINAL_NORM_DST_PTR=00000211F8333060
FINAL_NORM_WEIGHT_PTR=00000211A0D30000
FINAL_NORM_WEIGHT_SOURCE=HOST_MAPPED
FINAL_NORM_WEIGHT_FULFILLED=1
FINAL_NORM_WEIGHT_BYTES=12288
FINAL_NORM_WEIGHT_0=1.765625
FINAL_NORM_WEIGHT_1=1.75
FINAL_NORM_WEIGHT_2=1.5625
FINAL_NORM_WEIGHT_3=1.7734375
FINAL_NORM_WEIGHT_L2=91.4481258
FINAL_NORM_SUMSQ=1473.51856
FINAL_NORM_MEAN_SQ=0.479660991
FINAL_NORM_EPS=9.99999975e-06
FINAL_NORM_INV_RMS=1.44387054
FINAL_NORM_SRC_0=-0.398768067
FINAL_NORM_DST_0=-1.01659298
FINAL_NORM_AFTER_L2=89.4077274
HEAP_OK_FINAL_NORM_AFTER=1
WEIGHT_BUDGET_INPUT=2048
WEIGHT_BUDGET_PARSE=PASS
WEIGHT_BUDGET_MIB=2048
WEIGHT_BUDGET_BYTES=2147483648
WEIGHT_BUDGET_SOURCE=ENV
WEIGHT_BUDGET_INPUT=2048
WEIGHT_BUDGET_PARSE=PASS
WEIGHT_BUDGET_MIB=2048
WEIGHT_BUDGET_BYTES=2147483648
WEIGHT_BUDGET_SOURCE=ENV
WEIGHT_BUDGET_INPUT=2048
WEIGHT_BUDGET_PARSE=PASS
WEIGHT_BUDGET_MIB=2048
WEIGHT_BUDGET_BYTES=2147483648
WEIGHT_BUDGET_SOURCE=ENV
WEIGHT_BUDGET_INPUT=2048
WEIGHT_BUDGET_PARSE=PASS
WEIGHT_BUDGET_MIB=2048
WEIGHT_BUDGET_BYTES=2147483648
WEIGHT_BUDGET_SOURCE=ENV
WEIGHT_BUDGET_INPUT=2048
WEIGHT_BUDGET_PARSE=PASS
WEIGHT_BUDGET_MIB=2048
WEIGHT_BUDGET_BYTES=2147483648
WEIGHT_BUDGET_SOURCE=ENV
WEIGHT_BUDGET_INPUT=2048
WEIGHT_BUDGET_PARSE=PASS
WEIGHT_BUDGET_MIB=2048
WEIGHT_BUDGET_BYTES=2147483648
WEIGHT_BUDGET_SOURCE=ENV
WEIGHT_BUDGET_INPUT=2048
WEIGHT_BUDGET_PARSE=PASS
WEIGHT_BUDGET_MIB=2048
WEIGHT_BUDGET_BYTES=2147483648
WEIGHT_BUDGET_SOURCE=ENV
WEIGHT_BUDGET_INPUT=2048
WEIGHT_BUDGET_PARSE=PASS
WEIGHT_BUDGET_MIB=2048
WEIGHT_BUDGET_BYTES=2147483648
WEIGHT_BUDGET_SOURCE=ENV
WEIGHT_BUDGET_INPUT=2048
WEIGHT_BUDGET_PARSE=PASS
WEIGHT_BUDGET_MIB=2048
WEIGHT_BUDGET_BYTES=2147483648
WEIGHT_BUDGET_SOURCE=ENV
WEIGHT_BUDGET_INPUT=2048
WEIGHT_BUDGET_PARSE=PASS
WEIGHT_BUDGET_MIB=2048
WEIGHT_BUDGET_BYTES=2147483648
WEIGHT_BUDGET_SOURCE=ENV
WEIGHT_BUDGET_INPUT=2048
WEIGHT_BUDGET_PARSE=PASS
WEIGHT_BUDGET_MIB=2048
WEIGHT_BUDGET_BYTES=2147483648
WEIGHT_BUDGET_SOURCE=ENV
WEIGHT_BUDGET_INPUT=2048
WEIGHT_BUDGET_PARSE=PASS
WEIGHT_BUDGET_MIB=2048
WEIGHT_BUDGET_BYTES=2147483648
WEIGHT_BUDGET_SOURCE=ENV
WEIGHT_BUDGET_INPUT=2048
WEIGHT_BUDGET_PARSE=PASS
WEIGHT_BUDGET_MIB=2048
WEIGHT_BUDGET_BYTES=2147483648
WEIGHT_BUDGET_SOURCE=ENV
WEIGHT_BUDGET_INPUT=2048
WEIGHT_BUDGET_PARSE=PASS
WEIGHT_BUDGET_MIB=2048
WEIGHT_BUDGET_BYTES=2147483648
WEIGHT_BUDGET_SOURCE=ENV
WEIGHT_BUDGET_INPUT=2048
WEIGHT_BUDGET_PARSE=PASS
WEIGHT_BUDGET_MIB=2048
WEIGHT_BUDGET_BYTES=2147483648
WEIGHT_BUDGET_SOURCE=ENV
WEIGHT_BUDGET_INPUT=2048
WEIGHT_BUDGET_PARSE=PASS
WEIGHT_BUDGET_MIB=2048
WEIGHT_BUDGET_BYTES=2147483648
WEIGHT_BUDGET_SOURCE=ENV
WEIGHT_BUDGET_INPUT=2048
WEIGHT_BUDGET_PARSE=PASS
WEIGHT_BUDGET_MIB=2048
WEIGHT_BUDGET_BYTES=2147483648
WEIGHT_BUDGET_SOURCE=ENV
WEIGHT_BUDGET_INPUT=2048
WEIGHT_BUDGET_PARSE=PASS
WEIGHT_BUDGET_MIB=2048
WEIGHT_BUDGET_BYTES=2147483648
WEIGHT_BUDGET_SOURCE=ENV
WEIGHT_BUDGET_INPUT=2048
WEIGHT_BUDGET_PARSE=PASS
WEIGHT_BUDGET_MIB=2048
WEIGHT_BUDGET_BYTES=2147483648
WEIGHT_BUDGET_SOURCE=ENV
WEIGHT_BUDGET_INPUT=2048
WEIGHT_BUDGET_PARSE=PASS
WEIGHT_BUDGET_MIB=2048
WEIGHT_BUDGET_BYTES=2147483648
WEIGHT_BUDGET_SOURCE=ENV
WEIGHT_BUDGET_INPUT=2048
WEIGHT_BUDGET_PARSE=PASS
WEIGHT_BUDGET_MIB=2048
WEIGHT_BUDGET_BYTES=2147483648
WEIGHT_BUDGET_SOURCE=ENV
WEIGHT_BUDGET_INPUT=2048
WEIGHT_BUDGET_PARSE=PASS
WEIGHT_BUDGET_MIB=2048
WEIGHT_BUDGET_BYTES=2147483648
WEIGHT_BUDGET_SOURCE=ENV
WEIGHT_BUDGET_INPUT=2048
WEIGHT_BUDGET_PARSE=PASS
WEIGHT_BUDGET_MIB=2048
WEIGHT_BUDGET_BYTES=2147483648
WEIGHT_BUDGET_SOURCE=ENV
WEIGHT_BUDGET_INPUT=2048
WEIGHT_BUDGET_PARSE=PASS
WEIGHT_BUDGET_MIB=2048
WEIGHT_BUDGET_BYTES=2147483648
WEIGHT_BUDGET_SOURCE=ENV
WEIGHT_BUDGET_INPUT=2048
WEIGHT_BUDGET_PARSE=PASS
WEIGHT_BUDGET_MIB=2048
WEIGHT_BUDGET_BYTES=2147483648
WEIGHT_BUDGET_SOURCE=ENV
WEIGHT_BUDGET_INPUT=2048
WEIGHT_BUDGET_PARSE=PASS
WEIGHT_BUDGET_MIB=2048
WEIGHT_BUDGET_BYTES=2147483648
WEIGHT_BUDGET_SOURCE=ENV
WEIGHT_BUDGET_INPUT=2048
WEIGHT_BUDGET_PARSE=PASS
WEIGHT_BUDGET_MIB=2048
WEIGHT_BUDGET_BYTES=2147483648
WEIGHT_BUDGET_SOURCE=ENV
WEIGHT_BUDGET_INPUT=2048
WEIGHT_BUDGET_PARSE=PASS
WEIGHT_BUDGET_MIB=2048
WEIGHT_BUDGET_BYTES=2147483648
WEIGHT_BUDGET_SOURCE=ENV
WEIGHT_BUDGET_INPUT=2048
WEIGHT_BUDGET_PARSE=PASS
WEIGHT_BUDGET_MIB=2048
WEIGHT_BUDGET_BYTES=2147483648
WEIGHT_BUDGET_SOURCE=ENV
WEIGHT_BUDGET_INPUT=2048
WEIGHT_BUDGET_PARSE=PASS
WEIGHT_BUDGET_MIB=2048
WEIGHT_BUDGET_BYTES=2147483648
WEIGHT_BUDGET_SOURCE=ENV
HEAP_OK_FINAL_NORM_BEFORE=1
FINAL_NORM_SRC_PTR=00000211F8336060
FINAL_NORM_DST_PTR=00000211F8336060
FINAL_NORM_WEIGHT_PTR=00000211A0D30000
FINAL_NORM_WEIGHT_SOURCE=HOST_MAPPED
FINAL_NORM_WEIGHT_FULFILLED=1
FINAL_NORM_WEIGHT_BYTES=12288
FINAL_NORM_WEIGHT_0=1.765625
FINAL_NORM_WEIGHT_1=1.75
FINAL_NORM_WEIGHT_2=1.5625
FINAL_NORM_WEIGHT_3=1.7734375
FINAL_NORM_WEIGHT_L2=91.4481258
FINAL_NORM_SUMSQ=1543.36134
FINAL_NORM_MEAN_SQ=0.502396269
FINAL_NORM_EPS=9.99999975e-06
FINAL_NORM_INV_RMS=1.41082275
FINAL_NORM_SRC_0=-0.338396072
FINAL_NORM_DST_0=-0.842939138
FINAL_NORM_AFTER_L2=87.7130337
HEAP_OK_FINAL_NORM_AFTER=1
WEIGHT_BUDGET_INPUT=2048
WEIGHT_BUDGET_PARSE=PASS
WEIGHT_BUDGET_MIB=2048
WEIGHT_BUDGET_BYTES=2147483648
WEIGHT_BUDGET_SOURCE=ENV
WEIGHT_BUDGET_INPUT=2048
WEIGHT_BUDGET_PARSE=PASS
WEIGHT_BUDGET_MIB=2048
WEIGHT_BUDGET_BYTES=2147483648
WEIGHT_BUDGET_SOURCE=ENV
WEIGHT_BUDGET_INPUT=2048
WEIGHT_BUDGET_PARSE=PASS
WEIGHT_BUDGET_MIB=2048
WEIGHT_BUDGET_BYTES=2147483648
WEIGHT_BUDGET_SOURCE=ENV
WEIGHT_BUDGET_INPUT=2048
WEIGHT_BUDGET_PARSE=PASS
WEIGHT_BUDGET_MIB=2048
WEIGHT_BUDGET_BYTES=2147483648
WEIGHT_BUDGET_SOURCE=ENV
WEIGHT_BUDGET_INPUT=2048
WEIGHT_BUDGET_PARSE=PASS
WEIGHT_BUDGET_MIB=2048
WEIGHT_BUDGET_BYTES=2147483648
WEIGHT_BUDGET_SOURCE=ENV
WEIGHT_BUDGET_INPUT=2048
WEIGHT_BUDGET_PARSE=PASS
WEIGHT_BUDGET_MIB=2048
WEIGHT_BUDGET_BYTES=2147483648
WEIGHT_BUDGET_SOURCE=ENV
WEIGHT_BUDGET_INPUT=2048
WEIGHT_BUDGET_PARSE=PASS
WEIGHT_BUDGET_MIB=2048
WEIGHT_BUDGET_BYTES=2147483648
WEIGHT_BUDGET_SOURCE=ENV
WEIGHT_BUDGET_INPUT=2048
WEIGHT_BUDGET_PARSE=PASS
WEIGHT_BUDGET_MIB=2048
WEIGHT_BUDGET_BYTES=2147483648
WEIGHT_BUDGET_SOURCE=ENV
WEIGHT_BUDGET_INPUT=2048
WEIGHT_BUDGET_PARSE=PASS
WEIGHT_BUDGET_MIB=2048
WEIGHT_BUDGET_BYTES=2147483648
WEIGHT_BUDGET_SOURCE=ENV
WEIGHT_BUDGET_INPUT=2048
WEIGHT_BUDGET_PARSE=PASS
WEIGHT_BUDGET_MIB=2048
WEIGHT_BUDGET_BYTES=2147483648
WEIGHT_BUDGET_SOURCE=ENV
WEIGHT_BUDGET_INPUT=2048
WEIGHT_BUDGET_PARSE=PASS
WEIGHT_BUDGET_MIB=2048
WEIGHT_BUDGET_BYTES=2147483648
WEIGHT_BUDGET_SOURCE=ENV
WEIGHT_BUDGET_INPUT=2048
WEIGHT_BUDGET_PARSE=PASS
WEIGHT_BUDGET_MIB=2048
WEIGHT_BUDGET_BYTES=2147483648
WEIGHT_BUDGET_SOURCE=ENV
WEIGHT_BUDGET_INPUT=2048
WEIGHT_BUDGET_PARSE=PASS
WEIGHT_BUDGET_MIB=2048
WEIGHT_BUDGET_BYTES=2147483648
WEIGHT_BUDGET_SOURCE=ENV
WEIGHT_BUDGET_INPUT=2048
WEIGHT_BUDGET_PARSE=PASS
WEIGHT_BUDGET_MIB=2048
WEIGHT_BUDGET_BYTES=2147483648
WEIGHT_BUDGET_SOURCE=ENV
WEIGHT_BUDGET_INPUT=2048
WEIGHT_BUDGET_PARSE=PASS
WEIGHT_BUDGET_MIB=2048
WEIGHT_BUDGET_BYTES=2147483648
WEIGHT_BUDGET_SOURCE=ENV
WEIGHT_BUDGET_INPUT=2048
WEIGHT_BUDGET_PARSE=PASS
WEIGHT_BUDGET_MIB=2048
WEIGHT_BUDGET_BYTES=2147483648
WEIGHT_BUDGET_SOURCE=ENV
WEIGHT_BUDGET_INPUT=2048
WEIGHT_BUDGET_PARSE=PASS
WEIGHT_BUDGET_MIB=2048
WEIGHT_BUDGET_BYTES=2147483648
WEIGHT_BUDGET_SOURCE=ENV
WEIGHT_BUDGET_INPUT=2048
WEIGHT_BUDGET_PARSE=PASS
WEIGHT_BUDGET_MIB=2048
WEIGHT_BUDGET_BYTES=2147483648
WEIGHT_BUDGET_SOURCE=ENV
WEIGHT_BUDGET_INPUT=2048
WEIGHT_BUDGET_PARSE=PASS
WEIGHT_BUDGET_MIB=2048
WEIGHT_BUDGET_BYTES=2147483648
WEIGHT_BUDGET_SOURCE=ENV
WEIGHT_BUDGET_INPUT=2048
WEIGHT_BUDGET_PARSE=PASS
WEIGHT_BUDGET_MIB=2048
WEIGHT_BUDGET_BYTES=2147483648
WEIGHT_BUDGET_SOURCE=ENV
WEIGHT_BUDGET_INPUT=2048
WEIGHT_BUDGET_PARSE=PASS
WEIGHT_BUDGET_MIB=2048
WEIGHT_BUDGET_BYTES=2147483648
WEIGHT_BUDGET_SOURCE=ENV
WEIGHT_BUDGET_INPUT=2048
WEIGHT_BUDGET_PARSE=PASS
WEIGHT_BUDGET_MIB=2048
WEIGHT_BUDGET_BYTES=2147483648
WEIGHT_BUDGET_SOURCE=ENV
WEIGHT_BUDGET_INPUT=2048
WEIGHT_BUDGET_PARSE=PASS
WEIGHT_BUDGET_MIB=2048
WEIGHT_BUDGET_BYTES=2147483648
WEIGHT_BUDGET_SOURCE=ENV
WEIGHT_BUDGET_INPUT=2048
WEIGHT_BUDGET_PARSE=PASS
WEIGHT_BUDGET_MIB=2048
WEIGHT_BUDGET_BYTES=2147483648
WEIGHT_BUDGET_SOURCE=ENV
WEIGHT_BUDGET_INPUT=2048
WEIGHT_BUDGET_PARSE=PASS
WEIGHT_BUDGET_MIB=2048
WEIGHT_BUDGET_BYTES=2147483648
WEIGHT_BUDGET_SOURCE=ENV
WEIGHT_BUDGET_INPUT=2048
WEIGHT_BUDGET_PARSE=PASS
WEIGHT_BUDGET_MIB=2048
WEIGHT_BUDGET_BYTES=2147483648
WEIGHT_BUDGET_SOURCE=ENV
WEIGHT_BUDGET_INPUT=2048
WEIGHT_BUDGET_PARSE=PASS
WEIGHT_BUDGET_MIB=2048
WEIGHT_BUDGET_BYTES=2147483648
WEIGHT_BUDGET_SOURCE=ENV
WEIGHT_BUDGET_INPUT=2048
WEIGHT_BUDGET_PARSE=PASS
WEIGHT_BUDGET_MIB=2048
WEIGHT_BUDGET_BYTES=2147483648
WEIGHT_BUDGET_SOURCE=ENV
WEIGHT_BUDGET_INPUT=2048
WEIGHT_BUDGET_PARSE=PASS
WEIGHT_BUDGET_MIB=2048
WEIGHT_BUDGET_BYTES=2147483648
WEIGHT_BUDGET_SOURCE=ENV
WEIGHT_BUDGET_INPUT=2048
WEIGHT_BUDGET_PARSE=PASS
WEIGHT_BUDGET_MIB=2048
WEIGHT_BUDGET_BYTES=2147483648
WEIGHT_BUDGET_SOURCE=ENV
HEAP_OK_FINAL_NORM_BEFORE=1
FINAL_NORM_SRC_PTR=00000211F8339060
FINAL_NORM_DST_PTR=00000211F8339060
FINAL_NORM_WEIGHT_PTR=00000211A0D30000
FINAL_NORM_WEIGHT_SOURCE=HOST_MAPPED
FINAL_NORM_WEIGHT_FULFILLED=1
FINAL_NORM_WEIGHT_BYTES=12288
FINAL_NORM_WEIGHT_0=1.765625
FINAL_NORM_WEIGHT_1=1.75
FINAL_NORM_WEIGHT_2=1.5625
FINAL_NORM_WEIGHT_3=1.7734375
FINAL_NORM_WEIGHT_L2=91.4481258
FINAL_NORM_SUMSQ=2967.7891
FINAL_NORM_MEAN_SQ=0.966077181
FINAL_NORM_EPS=9.99999975e-06
FINAL_NORM_INV_RMS=1.01740026
FINAL_NORM_SRC_0=-1.021263
FINAL_NORM_DST_0=-1.83454311
FINAL_NORM_AFTER_L2=84.1246491
HEAP_OK_FINAL_NORM_AFTER=1
HEAP_OK_AFTER_PREFILL=1
HEAP_OK_DECODE_ENTER=1
HEAP_OK_DECODE_FEEDBACK_INIT=1
HEAP_OK_DECODE_STEP0_ENTER=1
DECODE_STEP0_PTRS h=00000211F8339060 logits=00000211F7B4A080 lmHead=00000211A2650000 vocab=128256 hiddenDim=3072 promptLen=37
HEAP_OK_DECODE_STEP0_H_READY=1
HEAP_OK_LOGITS_BEFORE=1
HEAP_OK_COMPUTE_LOGITS_ENTER=1
HEAP_OK_LOGITS_LINEARW_BEFORE=1
HEAP_OK_LOGITS_LINEARW_AFTER=1
HEAP_OK_LOGITS_AFTER=1
B3_NORM_BAND_ARCH=llama SQRT_H=55.426 WARN_GT=100.0 EXPL_GT=1000.0 OBS_NORM=84.125 B3_NORM_EXPLOSION=0
HEAP_OK_SAMPLE_BEFORE=1
HEAP_OK_SAMPLE_AFTER=1
[AGENT] TOKEN id=40 piece=I
WEIGHT_BUDGET_INPUT=2048
WEIGHT_BUDGET_PARSE=PASS
WEIGHT_BUDGET_MIB=2048
WEIGHT_BUDGET_BYTES=2147483648
WEIGHT_BUDGET_SOURCE=ENV
WEIGHT_BUDGET_INPUT=2048
WEIGHT_BUDGET_PARSE=PASS
WEIGHT_BUDGET_MIB=2048
WEIGHT_BUDGET_BYTES=2147483648
WEIGHT_BUDGET_SOURCE=ENV
WEIGHT_BUDGET_INPUT=2048
WEIGHT_BUDGET_PARSE=PASS
WEIGHT_BUDGET_MIB=2048
WEIGHT_BUDGET_BYTES=2147483648
WEIGHT_BUDGET_SOURCE=ENV
WEIGHT_BUDGET_INPUT=2048
WEIGHT_BUDGET_PARSE=PASS
WEIGHT_BUDGET_MIB=2048
WEIGHT_BUDGET_BYTES=2147483648
WEIGHT_BUDGET_SOURCE=ENV
WEIGHT_BUDGET_INPUT=2048
WEIGHT_BUDGET_PARSE=PASS
WEIGHT_BUDGET_MIB=2048
WEIGHT_BUDGET_BYTES=2147483648
WEIGHT_BUDGET_SOURCE=ENV
WEIGHT_BUDGET_INPUT=2048
WEIGHT_BUDGET_PARSE=PASS
WEIGHT_BUDGET_MIB=2048
WEIGHT_BUDGET_BYTES=2147483648
WEIGHT_BUDGET_SOURCE=ENV
WEIGHT_BUDGET_INPUT=2048
WEIGHT_BUDGET_PARSE=PASS
WEIGHT_BUDGET_MIB=2048
WEIGHT_BUDGET_BYTES=2147483648
WEIGHT_BUDGET_SOURCE=ENV
WEIGHT_BUDGET_INPUT=2048
WEIGHT_BUDGET_PARSE=PASS
WEIGHT_BUDGET_MIB=2048
WEIGHT_BUDGET_BYTES=2147483648
WEIGHT_BUDGET_SOURCE=ENV
WEIGHT_BUDGET_INPUT=2048
WEIGHT_BUDGET_PARSE=PASS
WEIGHT_BUDGET_MIB=2048
WEIGHT_BUDGET_BYTES=2147483648
WEIGHT_BUDGET_SOURCE=ENV
WEIGHT_BUDGET_INPUT=2048
WEIGHT_BUDGET_PARSE=PASS
WEIGHT_BUDGET_MIB=2048
WEIGHT_BUDGET_BYTES=2147483648
WEIGHT_BUDGET_SOURCE=ENV
WEIGHT_BUDGET_INPUT=2048
WEIGHT_BUDGET_PARSE=PASS
WEIGHT_BUDGET_MIB=2048
WEIGHT_BUDGET_BYTES=2147483648
WEIGHT_BUDGET_SOURCE=ENV
WEIGHT_BUDGET_INPUT=2048
WEIGHT_BUDGET_PARSE=PASS
WEIGHT_BUDGET_MIB=2048
WEIGHT_BUDGET_BYTES=2147483648
WEIGHT_BUDGET_SOURCE=ENV
WEIGHT_BUDGET_INPUT=2048
WEIGHT_BUDGET_PARSE=PASS
WEIGHT_BUDGET_MIB=2048
WEIGHT_BUDGET_BYTES=2147483648
WEIGHT_BUDGET_SOURCE=ENV
WEIGHT_BUDGET_INPUT=2048
WEIGHT_BUDGET_PARSE=PASS
WEIGHT_BUDGET_MIB=2048
WEIGHT_BUDGET_BYTES=2147483648
WEIGHT_BUDGET_SOURCE=ENV
WEIGHT_BUDGET_INPUT=2048
WEIGHT_BUDGET_PARSE=PASS
WEIGHT_BUDGET_MIB=2048
WEIGHT_BUDGET_BYTES=2147483648
WEIGHT_BUDGET_SOURCE=ENV
WEIGHT_BUDGET_INPUT=2048
WEIGHT_BUDGET_PARSE=PASS
WEIGHT_BUDGET_MIB=2048
WEIGHT_BUDGET_BYTES=2147483648
WEIGHT_BUDGET_SOURCE=ENV
WEIGHT_BUDGET_INPUT=2048
WEIGHT_BUDGET_PARSE=PASS
WEIGHT_BUDGET_MIB=2048
WEIGHT_BUDGET_BYTES=2147483648
WEIGHT_BUDGET_SOURCE=ENV
WEIGHT_BUDGET_INPUT=2048
WEIGHT_BUDGET_PARSE=PASS
WEIGHT_BUDGET_MIB=2048
WEIGHT_BUDGET_BYTES=2147483648
WEIGHT_BUDGET_SOURCE=ENV
WEIGHT_BUDGET_INPUT=2048
WEIGHT_BUDGET_PARSE=PASS
WEIGHT_BUDGET_MIB=2048
WEIGHT_BUDGET_BYTES=2147483648
WEIGHT_BUDGET_SOURCE=ENV
WEIGHT_BUDGET_INPUT=2048
WEIGHT_BUDGET_PARSE=PASS
WEIGHT_BUDGET_MIB=2048
WEIGHT_BUDGET_BYTES=2147483648
WEIGHT_BUDGET_SOURCE=ENV
WEIGHT_BUDGET_INPUT=2048
WEIGHT_BUDGET_PARSE=PASS
WEIGHT_BUDGET_MIB=2048
WEIGHT_BUDGET_BYTES=2147483648
WEIGHT_BUDGET_SOURCE=ENV
WEIGHT_BUDGET_INPUT=2048
WEIGHT_BUDGET_PARSE=PASS
WEIGHT_BUDGET_MIB=2048
WEIGHT_BUDGET_BYTES=2147483648
WEIGHT_BUDGET_SOURCE=ENV
WEIGHT_BUDGET_INPUT=2048
WEIGHT_BUDGET_PARSE=PASS
WEIGHT_BUDGET_MIB=2048
WEIGHT_BUDGET_BYTES=2147483648
WEIGHT_BUDGET_SOURCE=ENV
WEIGHT_BUDGET_INPUT=2048
WEIGHT_BUDGET_PARSE=PASS
WEIGHT_BUDGET_MIB=2048
WEIGHT_BUDGET_BYTES=2147483648
WEIGHT_BUDGET_SOURCE=ENV
WEIGHT_BUDGET_INPUT=2048
WEIGHT_BUDGET_PARSE=PASS
WEIGHT_BUDGET_MIB=2048
WEIGHT_BUDGET_BYTES=2147483648
WEIGHT_BUDGET_SOURCE=ENV
WEIGHT_BUDGET_INPUT=2048
WEIGHT_BUDGET_PARSE=PASS
WEIGHT_BUDGET_MIB=2048
WEIGHT_BUDGET_BYTES=2147483648
WEIGHT_BUDGET_SOURCE=ENV
WEIGHT_BUDGET_INPUT=2048
WEIGHT_BUDGET_PARSE=PASS
WEIGHT_BUDGET_MIB=2048
WEIGHT_BUDGET_BYTES=2147483648
WEIGHT_BUDGET_SOURCE=ENV
WEIGHT_BUDGET_INPUT=2048
WEIGHT_BUDGET_PARSE=PASS
WEIGHT_BUDGET_MIB=2048
WEIGHT_BUDGET_BYTES=2147483648
WEIGHT_BUDGET_SOURCE=ENV
WEIGHT_BUDGET_INPUT=2048
WEIGHT_BUDGET_PARSE=PASS
WEIGHT_BUDGET_MIB=2048
WEIGHT_BUDGET_BYTES=2147483648
WEIGHT_BUDGET_SOURCE=ENV
WEIGHT_BUDGET_INPUT=2048
WEIGHT_BUDGET_PARSE=PASS
WEIGHT_BUDGET_MIB=2048
WEIGHT_BUDGET_BYTES=2147483648
WEIGHT_BUDGET_SOURCE=ENV
HEAP_OK_FINAL_NORM_BEFORE=1
FINAL_NORM_SRC_PTR=00000211F833C060
FINAL_NORM_DST_PTR=00000211F833C060
FINAL_NORM_WEIGHT_PTR=00000211A0D30000
FINAL_NORM_WEIGHT_SOURCE=HOST_MAPPED
FINAL_NORM_WEIGHT_FULFILLED=1
FINAL_NORM_WEIGHT_BYTES=12288
FINAL_NORM_WEIGHT_0=1.765625
FINAL_NORM_WEIGHT_1=1.75
FINAL_NORM_WEIGHT_2=1.5625
FINAL_NORM_WEIGHT_3=1.7734375
FINAL_NORM_WEIGHT_L2=91.4481258
FINAL_NORM_SUMSQ=7372.90994
FINAL_NORM_MEAN_SQ=2.40003579
FINAL_NORM_EPS=9.99999975e-06
FINAL_NORM_INV_RMS=0.645491064
FINAL_NORM_SRC_0=0.037094716
FINAL_NORM_DST_0=0.0422766656
FINAL_NORM_AFTER_L2=74.5509511
HEAP_OK_FINAL_NORM_AFTER=1
HEAP_OK_COMPUTE_LOGITS_ENTER=1
HEAP_OK_LOGITS_LINEARW_BEFORE=1
HEAP_OK_LOGITS_LINEARW_AFTER=1
PERSISTENT_DECODE_TOKEN t=1 kv=38 devices=2 model=1 gpu_res=1 ssvk=1 bind=1 sealed=0 dev_create=1 model_load=1 cmd_rebuild=0 ds_reset=0
RESIDENCY_TOKEN t=1 kv=38 devices=2 model=1 gpu_res=1 dev_create=1 model_load=1 weight_up=197 weight_hit=7141 content_hit=7140 reload_B=0 pin_evict=0 pin_rej=0 res_B=1032192000
BATCH2_PRODUCT_DECODE_BIND=PASS token=1
ROOFLINE_TOKEN t=2 dt_ns=1107499400 wup=197 s0=570 s1=494
WEIGHT_BUDGET_INPUT=2048
WEIGHT_BUDGET_PARSE=PASS
WEIGHT_BUDGET_MIB=2048
WEIGHT_BUDGET_BYTES=2147483648
WEIGHT_BUDGET_SOURCE=ENV
WEIGHT_BUDGET_INPUT=2048
WEIGHT_BUDGET_PARSE=PASS
WEIGHT_BUDGET_MIB=2048
WEIGHT_BUDGET_BYTES=2147483648
WEIGHT_BUDGET_SOURCE=ENV
WEIGHT_BUDGET_INPUT=2048
WEIGHT_BUDGET_PARSE=PASS
WEIGHT_BUDGET_MIB=2048
WEIGHT_BUDGET_BYTES=2147483648
WEIGHT_BUDGET_SOURCE=ENV
WEIGHT_BUDGET_INPUT=2048
WEIGHT_BUDGET_PARSE=PASS
WEIGHT_BUDGET_MIB=2048
WEIGHT_BUDGET_BYTES=2147483648
WEIGHT_BUDGET_SOURCE=ENV
WEIGHT_BUDGET_INPUT=2048
WEIGHT_BUDGET_PARSE=PASS
WEIGHT_BUDGET_MIB=2048
WEIGHT_BUDGET_BYTES=2147483648
WEIGHT_BUDGET_SOURCE=ENV
WEIGHT_BUDGET_INPUT=2048
WEIGHT_BUDGET_PARSE=PASS
WEIGHT_BUDGET_MIB=2048
WEIGHT_BUDGET_BYTES=2147483648
WEIGHT_BUDGET_SOURCE=ENV
WEIGHT_BUDGET_INPUT=2048
WEIGHT_BUDGET_PARSE=PASS
WEIGHT_BUDGET_MIB=2048
WEIGHT_BUDGET_BYTES=2147483648
WEIGHT_BUDGET_SOURCE=ENV
WEIGHT_BUDGET_INPUT=2048
WEIGHT_BUDGET_PARSE=PASS
WEIGHT_BUDGET_MIB=2048
WEIGHT_BUDGET_BYTES=2147483648
WEIGHT_BUDGET_SOURCE=ENV
WEIGHT_BUDGET_INPUT=2048
WEIGHT_BUDGET_PARSE=PASS
WEIGHT_BUDGET_MIB=2048
WEIGHT_BUDGET_BYTES=2147483648
WEIGHT_BUDGET_SOURCE=ENV
WEIGHT_BUDGET_INPUT=2048
WEIGHT_BUDGET_PARSE=PASS
WEIGHT_BUDGET_MIB=2048
WEIGHT_BUDGET_BYTES=2147483648
WEIGHT_BUDGET_SOURCE=ENV
WEIGHT_BUDGET_INPUT=2048
WEIGHT_BUDGET_PARSE=PASS
WEIGHT_BUDGET_MIB=2048
WEIGHT_BUDGET_BYTES=2147483648
WEIGHT_BUDGET_SOURCE=ENV
WEIGHT_BUDGET_INPUT=2048
WEIGHT_BUDGET_PARSE=PASS
WEIGHT_BUDGET_MIB=2048
WEIGHT_BUDGET_BYTES=2147483648
WEIGHT_BUDGET_SOURCE=ENV
WEIGHT_BUDGET_INPUT=2048
WEIGHT_BUDGET_PARSE=PASS
WEIGHT_BUDGET_MIB=2048
WEIGHT_BUDGET_BYTES=2147483648
WEIGHT_BUDGET_SOURCE=ENV
WEIGHT_BUDGET_INPUT=2048
WEIGHT_BUDGET_PARSE=PASS
WEIGHT_BUDGET_MIB=2048
WEIGHT_BUDGET_BYTES=2147483648
WEIGHT_BUDGET_SOURCE=ENV
WEIGHT_BUDGET_INPUT=2048
WEIGHT_BUDGET_PARSE=PASS
WEIGHT_BUDGET_MIB=2048
WEIGHT_BUDGET_BYTES=2147483648
WEIGHT_BUDGET_SOURCE=ENV
WEIGHT_BUDGET_INPUT=2048
WEIGHT_BUDGET_PARSE=PASS
WEIGHT_BUDGET_MIB=2048
WEIGHT_BUDGET_BYTES=2147483648
WEIGHT_BUDGET_SOURCE=ENV
WEIGHT_BUDGET_INPUT=2048
WEIGHT_BUDGET_PARSE=PASS
WEIGHT_BUDGET_MIB=2048
WEIGHT_BUDGET_BYTES=2147483648
WEIGHT_BUDGET_SOURCE=ENV
WEIGHT_BUDGET_INPUT=2048
WEIGHT_BUDGET_PARSE=PASS
WEIGHT_BUDGET_MIB=2048
WEIGHT_BUDGET_BYTES=2147483648
WEIGHT_BUDGET_SOURCE=ENV
WEIGHT_BUDGET_INPUT=2048
WEIGHT_BUDGET_PARSE=PASS
WEIGHT_BUDGET_MIB=2048
WEIGHT_BUDGET_BYTES=2147483648
WEIGHT_BUDGET_SOURCE=ENV
WEIGHT_BUDGET_INPUT=2048
WEIGHT_BUDGET_PARSE=PASS
WEIGHT_BUDGET_MIB=2048
WEIGHT_BUDGET_BYTES=2147483648
WEIGHT_BUDGET_SOURCE=ENV
WEIGHT_BUDGET_INPUT=2048
WEIGHT_BUDGET_PARSE=PASS
WEIGHT_BUDGET_MIB=2048
WEIGHT_BUDGET_BYTES=2147483648
WEIGHT_BUDGET_SOURCE=ENV
WEIGHT_BUDGET_INPUT=2048
WEIGHT_BUDGET_PARSE=PASS
WEIGHT_BUDGET_MIB=2048
WEIGHT_BUDGET_BYTES=2147483648
WEIGHT_BUDGET_SOURCE=ENV
WEIGHT_BUDGET_INPUT=2048
WEIGHT_BUDGET_PARSE=PASS
WEIGHT_BUDGET_MIB=2048
WEIGHT_BUDGET_BYTES=2147483648
WEIGHT_BUDGET_SOURCE=ENV
WEIGHT_BUDGET_INPUT=2048
WEIGHT_BUDGET_PARSE=PASS
WEIGHT_BUDGET_MIB=2048
WEIGHT_BUDGET_BYTES=2147483648
WEIGHT_BUDGET_SOURCE=ENV
WEIGHT_BUDGET_INPUT=2048
WEIGHT_BUDGET_PARSE=PASS
WEIGHT_BUDGET_MIB=2048
WEIGHT_BUDGET_BYTES=2147483648
WEIGHT_BUDGET_SOURCE=ENV
WEIGHT_BUDGET_INPUT=2048
WEIGHT_BUDGET_PARSE=PASS
WEIGHT_BUDGET_MIB=2048
WEIGHT_BUDGET_BYTES=2147483648
WEIGHT_BUDGET_SOURCE=ENV
WEIGHT_BUDGET_INPUT=2048
WEIGHT_BUDGET_PARSE=PASS
WEIGHT_BUDGET_MIB=2048
WEIGHT_BUDGET_BYTES=2147483648
WEIGHT_BUDGET_SOURCE=ENV
WEIGHT_BUDGET_INPUT=2048
WEIGHT_BUDGET_PARSE=PASS
WEIGHT_BUDGET_MIB=2048
WEIGHT_BUDGET_BYTES=2147483648
WEIGHT_BUDGET_SOURCE=ENV
WEIGHT_BUDGET_INPUT=2048
WEIGHT_BUDGET_PARSE=PASS
WEIGHT_BUDGET_MIB=2048
WEIGHT_BUDGET_BYTES=2147483648
WEIGHT_BUDGET_SOURCE=ENV
WEIGHT_BUDGET_INPUT=2048
WEIGHT_BUDGET_PARSE=PASS
WEIGHT_BUDGET_MIB=2048
WEIGHT_BUDGET_BYTES=2147483648
WEIGHT_BUDGET_SOURCE=ENV
HEAP_OK_FINAL_NORM_BEFORE=1
FINAL_NORM_SRC_PTR=00000211F833F060
FINAL_NORM_DST_PTR=00000211F833F060
FINAL_NORM_WEIGHT_PTR=00000211A0D30000
FINAL_NORM_WEIGHT_SOURCE=HOST_MAPPED
FINAL_NORM_WEIGHT_FULFILLED=1
FINAL_NORM_WEIGHT_BYTES=12288
FINAL_NORM_WEIGHT_0=1.765625
FINAL_NORM_WEIGHT_1=1.75
FINAL_NORM_WEIGHT_2=1.5625
FINAL_NORM_WEIGHT_3=1.7734375
FINAL_NORM_WEIGHT_L2=91.4481258
FINAL_NORM_SUMSQ=6761.79978
FINAL_NORM_MEAN_SQ=2.2011067
FINAL_NORM_EPS=9.99999975e-06
FINAL_NORM_INV_RMS=0.674028814
FINAL_NORM_SRC_0=0.753735006
FINAL_NORM_DST_0=0.897006571
FINAL_NORM_AFTER_L2=73.0849133
HEAP_OK_FINAL_NORM_AFTER=1
HEAP_OK_COMPUTE_LOGITS_ENTER=1
HEAP_OK_LOGITS_LINEARW_BEFORE=1
HEAP_OK_LOGITS_LINEARW_AFTER=1
PERSISTENT_DECODE_TOKEN t=2 kv=39 devices=2 model=1 gpu_res=1 ssvk=1 bind=1 sealed=0 dev_create=1 model_load=1 cmd_rebuild=0 ds_reset=0
RESIDENCY_TOKEN t=2 kv=39 devices=2 model=1 gpu_res=1 dev_create=1 model_load=1 weight_up=197 weight_hit=7226 content_hit=7224 reload_B=0 pin_evict=0 pin_rej=0 res_B=1032192000
BATCH2_PRODUCT_DECODE_BIND=PASS token=2
ROOFLINE_TOKEN t=3 dt_ns=1023931700 wup=197 s0=585 s1=507
WEIGHT_BUDGET_INPUT=2048
WEIGHT_BUDGET_PARSE=PASS
WEIGHT_BUDGET_MIB=2048
WEIGHT_BUDGET_BYTES=2147483648
WEIGHT_BUDGET_SOURCE=ENV
WEIGHT_BUDGET_INPUT=2048
WEIGHT_BUDGET_PARSE=PASS
WEIGHT_BUDGET_MIB=2048
WEIGHT_BUDGET_BYTES=2147483648
WEIGHT_BUDGET_SOURCE=ENV
WEIGHT_BUDGET_INPUT=2048
WEIGHT_BUDGET_PARSE=PASS
WEIGHT_BUDGET_MIB=2048
WEIGHT_BUDGET_BYTES=2147483648
WEIGHT_BUDGET_SOURCE=ENV
WEIGHT_BUDGET_INPUT=2048
WEIGHT_BUDGET_PARSE=PASS
WEIGHT_BUDGET_MIB=2048
WEIGHT_BUDGET_BYTES=2147483648
WEIGHT_BUDGET_SOURCE=ENV
WEIGHT_BUDGET_INPUT=2048
WEIGHT_BUDGET_PARSE=PASS
WEIGHT_BUDGET_MIB=2048
WEIGHT_BUDGET_BYTES=2147483648
WEIGHT_BUDGET_SOURCE=ENV
WEIGHT_BUDGET_INPUT=2048
WEIGHT_BUDGET_PARSE=PASS
WEIGHT_BUDGET_MIB=2048
WEIGHT_BUDGET_BYTES=2147483648
WEIGHT_BUDGET_SOURCE=ENV
WEIGHT_BUDGET_INPUT=2048
WEIGHT_BUDGET_PARSE=PASS
WEIGHT_BUDGET_MIB=2048
WEIGHT_BUDGET_BYTES=2147483648
WEIGHT_BUDGET_SOURCE=ENV
WEIGHT_BUDGET_INPUT=2048
WEIGHT_BUDGET_PARSE=PASS
WEIGHT_BUDGET_MIB=2048
WEIGHT_BUDGET_BYTES=2147483648
WEIGHT_BUDGET_SOURCE=ENV
WEIGHT_BUDGET_INPUT=2048
WEIGHT_BUDGET_PARSE=PASS
WEIGHT_BUDGET_MIB=2048
WEIGHT_BUDGET_BYTES=2147483648
WEIGHT_BUDGET_SOURCE=ENV
WEIGHT_BUDGET_INPUT=2048
WEIGHT_BUDGET_PARSE=PASS
WEIGHT_BUDGET_MIB=2048
WEIGHT_BUDGET_BYTES=2147483648
WEIGHT_BUDGET_SOURCE=ENV
WEIGHT_BUDGET_INPUT=2048
WEIGHT_BUDGET_PARSE=PASS
WEIGHT_BUDGET_MIB=2048
WEIGHT_BUDGET_BYTES=2147483648
WEIGHT_BUDGET_SOURCE=ENV
WEIGHT_BUDGET_INPUT=2048
WEIGHT_BUDGET_PARSE=PASS
WEIGHT_BUDGET_MIB=2048
WEIGHT_BUDGET_BYTES=2147483648
WEIGHT_BUDGET_SOURCE=ENV
WEIGHT_BUDGET_INPUT=2048
WEIGHT_BUDGET_PARSE=PASS
WEIGHT_BUDGET_MIB=2048
WEIGHT_BUDGET_BYTES=2147483648
WEIGHT_BUDGET_SOURCE=ENV
WEIGHT_BUDGET_INPUT=2048
WEIGHT_BUDGET_PARSE=PASS
WEIGHT_BUDGET_MIB=2048
WEIGHT_BUDGET_BYTES=2147483648
WEIGHT_BUDGET_SOURCE=ENV
WEIGHT_BUDGET_INPUT=2048
WEIGHT_BUDGET_PARSE=PASS
WEIGHT_BUDGET_MIB=2048
WEIGHT_BUDGET_BYTES=2147483648
WEIGHT_BUDGET_SOURCE=ENV
WEIGHT_BUDGET_INPUT=2048
WEIGHT_BUDGET_PARSE=PASS
WEIGHT_BUDGET_MIB=2048
WEIGHT_BUDGET_BYTES=2147483648
WEIGHT_BUDGET_SOURCE=ENV
WEIGHT_BUDGET_INPUT=2048
WEIGHT_BUDGET_PARSE=PASS
WEIGHT_BUDGET_MIB=2048
WEIGHT_BUDGET_BYTES=2147483648
WEIGHT_BUDGET_SOURCE=ENV
WEIGHT_BUDGET_INPUT=2048
WEIGHT_BUDGET_PARSE=PASS
WEIGHT_BUDGET_MIB=2048
WEIGHT_BUDGET_BYTES=2147483648
WEIGHT_BUDGET_SOURCE=ENV
WEIGHT_BUDGET_INPUT=2048
WEIGHT_BUDGET_PARSE=PASS
WEIGHT_BUDGET_MIB=2048
WEIGHT_BUDGET_BYTES=2147483648
WEIGHT_BUDGET_SOURCE=ENV
WEIGHT_BUDGET_INPUT=2048
WEIGHT_BUDGET_PARSE=PASS
WEIGHT_BUDGET_MIB=2048
WEIGHT_BUDGET_BYTES=2147483648
WEIGHT_BUDGET_SOURCE=ENV
WEIGHT_BUDGET_INPUT=2048
WEIGHT_BUDGET_PARSE=PASS
WEIGHT_BUDGET_MIB=2048
WEIGHT_BUDGET_BYTES=2147483648
WEIGHT_BUDGET_SOURCE=ENV
WEIGHT_BUDGET_INPUT=2048
WEIGHT_BUDGET_PARSE=PASS
WEIGHT_BUDGET_MIB=2048
WEIGHT_BUDGET_BYTES=2147483648
WEIGHT_BUDGET_SOURCE=ENV
WEIGHT_BUDGET_INPUT=2048
WEIGHT_BUDGET_PARSE=PASS
WEIGHT_BUDGET_MIB=2048
WEIGHT_BUDGET_BYTES=2147483648
WEIGHT_BUDGET_SOURCE=ENV
WEIGHT_BUDGET_INPUT=2048
WEIGHT_BUDGET_PARSE=PASS
WEIGHT_BUDGET_MIB=2048
WEIGHT_BUDGET_BYTES=2147483648
WEIGHT_BUDGET_SOURCE=ENV
WEIGHT_BUDGET_INPUT=2048
WEIGHT_BUDGET_PARSE=PASS
WEIGHT_BUDGET_MIB=2048
WEIGHT_BUDGET_BYTES=2147483648
WEIGHT_BUDGET_SOURCE=ENV
WEIGHT_BUDGET_INPUT=2048
WEIGHT_BUDGET_PARSE=PASS
WEIGHT_BUDGET_MIB=2048
WEIGHT_BUDGET_BYTES=2147483648
WEIGHT_BUDGET_SOURCE=ENV
WEIGHT_BUDGET_INPUT=2048
WEIGHT_BUDGET_PARSE=PASS
WEIGHT_BUDGET_MIB=2048
WEIGHT_BUDGET_BYTES=2147483648
WEIGHT_BUDGET_SOURCE=ENV
WEIGHT_BUDGET_INPUT=2048
WEIGHT_BUDGET_PARSE=PASS
WEIGHT_BUDGET_MIB=2048
WEIGHT_BUDGET_BYTES=2147483648
WEIGHT_BUDGET_SOURCE=ENV
WEIGHT_BUDGET_INPUT=2048
WEIGHT_BUDGET_PARSE=PASS
WEIGHT_BUDGET_MIB=2048
WEIGHT_BUDGET_BYTES=2147483648
WEIGHT_BUDGET_SOURCE=ENV
WEIGHT_BUDGET_INPUT=2048
WEIGHT_BUDGET_PARSE=PASS
WEIGHT_BUDGET_MIB=2048
WEIGHT_BUDGET_BYTES=2147483648
WEIGHT_BUDGET_SOURCE=ENV
HEAP_OK_FINAL_NORM_BEFORE=1
FINAL_NORM_SRC_PTR=00000211F8342060
FINAL_NORM_DST_PTR=00000211F8342060
FINAL_NORM_WEIGHT_PTR=00000211A0D30000
FINAL_NORM_WEIGHT_SOURCE=HOST_MAPPED
FINAL_NORM_WEIGHT_FULFILLED=1
FINAL_NORM_WEIGHT_BYTES=12288
FINAL_NORM_WEIGHT_0=1.765625
FINAL_NORM_WEIGHT_1=1.75
FINAL_NORM_WEIGHT_2=1.5625
FINAL_NORM_WEIGHT_3=1.7734375
FINAL_NORM_WEIGHT_L2=91.4481258
FINAL_NORM_SUMSQ=6567.46531
FINAL_NORM_MEAN_SQ=2.13784678
FINAL_NORM_EPS=9.99999975e-06
FINAL_NORM_INV_RMS=0.68392849
FINAL_NORM_SRC_0=-0.169491678
FINAL_NORM_DST_0=-0.204671577
FINAL_NORM_AFTER_L2=71.7351867
HEAP_OK_FINAL_NORM_AFTER=1
HEAP_OK_COMPUTE_LOGITS_ENTER=1
HEAP_OK_LOGITS_LINEARW_BEFORE=1
HEAP_OK_LOGITS_LINEARW_AFTER=1
PERSISTENT_DECODE_TOKEN t=3 kv=40 devices=2 model=1 gpu_res=1 ssvk=1 bind=1 sealed=0 dev_create=1 model_load=1 cmd_rebuild=0 ds_reset=0
RESIDENCY_TOKEN t=3 kv=40 devices=2 model=1 gpu_res=1 dev_create=1 model_load=1 weight_up=197 weight_hit=7311 content_hit=7308 reload_B=0 pin_evict=0 pin_rej=0 res_B=1032192000
BATCH2_PRODUCT_DECODE_BIND=PASS token=3
ROOFLINE_TOKEN t=4 dt_ns=1034795100 wup=197 s0=600 s1=520
WEIGHT_BUDGET_INPUT=2048
WEIGHT_BUDGET_PARSE=PASS
WEIGHT_BUDGET_MIB=2048
WEIGHT_BUDGET_BYTES=2147483648
WEIGHT_BUDGET_SOURCE=ENV
WEIGHT_BUDGET_INPUT=2048
WEIGHT_BUDGET_PARSE=PASS
WEIGHT_BUDGET_MIB=2048
WEIGHT_BUDGET_BYTES=2147483648
WEIGHT_BUDGET_SOURCE=ENV
WEIGHT_BUDGET_INPUT=2048
WEIGHT_BUDGET_PARSE=PASS
WEIGHT_BUDGET_MIB=2048
WEIGHT_BUDGET_BYTES=2147483648
WEIGHT_BUDGET_SOURCE=ENV
WEIGHT_BUDGET_INPUT=2048
WEIGHT_BUDGET_PARSE=PASS
WEIGHT_BUDGET_MIB=2048
WEIGHT_BUDGET_BYTES=2147483648
WEIGHT_BUDGET_SOURCE=ENV
WEIGHT_BUDGET_INPUT=2048
WEIGHT_BUDGET_PARSE=PASS
WEIGHT_BUDGET_MIB=2048
WEIGHT_BUDGET_BYTES=2147483648
WEIGHT_BUDGET_SOURCE=ENV
WEIGHT_BUDGET_INPUT=2048
WEIGHT_BUDGET_PARSE=PASS
WEIGHT_BUDGET_MIB=2048
WEIGHT_BUDGET_BYTES=2147483648
WEIGHT_BUDGET_SOURCE=ENV
WEIGHT_BUDGET_INPUT=2048
WEIGHT_BUDGET_PARSE=PASS
WEIGHT_BUDGET_MIB=2048
WEIGHT_BUDGET_BYTES=2147483648
WEIGHT_BUDGET_SOURCE=ENV
WEIGHT_BUDGET_INPUT=2048
WEIGHT_BUDGET_PARSE=PASS
WEIGHT_BUDGET_MIB=2048
WEIGHT_BUDGET_BYTES=2147483648
WEIGHT_BUDGET_SOURCE=ENV
WEIGHT_BUDGET_INPUT=2048
WEIGHT_BUDGET_PARSE=PASS
WEIGHT_BUDGET_MIB=2048
WEIGHT_BUDGET_BYTES=2147483648
WEIGHT_BUDGET_SOURCE=ENV
WEIGHT_BUDGET_INPUT=2048
WEIGHT_BUDGET_PARSE=PASS
WEIGHT_BUDGET_MIB=2048
WEIGHT_BUDGET_BYTES=2147483648
WEIGHT_BUDGET_SOURCE=ENV
WEIGHT_BUDGET_INPUT=2048
WEIGHT_BUDGET_PARSE=PASS
WEIGHT_BUDGET_MIB=2048
WEIGHT_BUDGET_BYTES=2147483648
WEIGHT_BUDGET_SOURCE=ENV
WEIGHT_BUDGET_INPUT=2048
WEIGHT_BUDGET_PARSE=PASS
WEIGHT_BUDGET_MIB=2048
WEIGHT_BUDGET_BYTES=2147483648
WEIGHT_BUDGET_SOURCE=ENV
WEIGHT_BUDGET_INPUT=2048
WEIGHT_BUDGET_PARSE=PASS
WEIGHT_BUDGET_MIB=2048
WEIGHT_BUDGET_BYTES=2147483648
WEIGHT_BUDGET_SOURCE=ENV
WEIGHT_BUDGET_INPUT=2048
WEIGHT_BUDGET_PARSE=PASS
WEIGHT_BUDGET_MIB=2048
WEIGHT_BUDGET_BYTES=2147483648
WEIGHT_BUDGET_SOURCE=ENV
WEIGHT_BUDGET_INPUT=2048
WEIGHT_BUDGET_PARSE=PASS
WEIGHT_BUDGET_MIB=2048
WEIGHT_BUDGET_BYTES=2147483648
WEIGHT_BUDGET_SOURCE=ENV
WEIGHT_BUDGET_INPUT=2048
WEIGHT_BUDGET_PARSE=PASS
WEIGHT_BUDGET_MIB=2048
WEIGHT_BUDGET_BYTES=2147483648
WEIGHT_BUDGET_SOURCE=ENV
WEIGHT_BUDGET_INPUT=2048
WEIGHT_BUDGET_PARSE=PASS
WEIGHT_BUDGET_MIB=2048
WEIGHT_BUDGET_BYTES=2147483648
WEIGHT_BUDGET_SOURCE=ENV
WEIGHT_BUDGET_INPUT=2048
WEIGHT_BUDGET_PARSE=PASS
WEIGHT_BUDGET_MIB=2048
WEIGHT_BUDGET_BYTES=2147483648
WEIGHT_BUDGET_SOURCE=ENV
WEIGHT_BUDGET_INPUT=2048
WEIGHT_BUDGET_PARSE=PASS
WEIGHT_BUDGET_MIB=2048
WEIGHT_BUDGET_BYTES=2147483648
WEIGHT_BUDGET_SOURCE=ENV
WEIGHT_BUDGET_INPUT=2048
WEIGHT_BUDGET_PARSE=PASS
WEIGHT_BUDGET_MIB=2048
WEIGHT_BUDGET_BYTES=2147483648
WEIGHT_BUDGET_SOURCE=ENV
WEIGHT_BUDGET_INPUT=2048
WEIGHT_BUDGET_PARSE=PASS
WEIGHT_BUDGET_MIB=2048
WEIGHT_BUDGET_BYTES=2147483648
WEIGHT_BUDGET_SOURCE=ENV
WEIGHT_BUDGET_INPUT=2048
WEIGHT_BUDGET_PARSE=PASS
WEIGHT_BUDGET_MIB=2048
WEIGHT_BUDGET_BYTES=2147483648
WEIGHT_BUDGET_SOURCE=ENV
WEIGHT_BUDGET_INPUT=2048
WEIGHT_BUDGET_PARSE=PASS
WEIGHT_BUDGET_MIB=2048
WEIGHT_BUDGET_BYTES=2147483648
WEIGHT_BUDGET_SOURCE=ENV
WEIGHT_BUDGET_INPUT=2048
WEIGHT_BUDGET_PARSE=PASS
WEIGHT_BUDGET_MIB=2048
WEIGHT_BUDGET_BYTES=2147483648
WEIGHT_BUDGET_SOURCE=ENV
WEIGHT_BUDGET_INPUT=2048
WEIGHT_BUDGET_PARSE=PASS
WEIGHT_BUDGET_MIB=2048
WEIGHT_BUDGET_BYTES=2147483648
WEIGHT_BUDGET_SOURCE=ENV
WEIGHT_BUDGET_INPUT=2048
WEIGHT_BUDGET_PARSE=PASS
WEIGHT_BUDGET_MIB=2048
WEIGHT_BUDGET_BYTES=2147483648
WEIGHT_BUDGET_SOURCE=ENV
WEIGHT_BUDGET_INPUT=2048
WEIGHT_BUDGET_PARSE=PASS
WEIGHT_BUDGET_MIB=2048
WEIGHT_BUDGET_BYTES=2147483648
WEIGHT_BUDGET_SOURCE=ENV
WEIGHT_BUDGET_INPUT=2048
WEIGHT_BUDGET_PARSE=PASS
WEIGHT_BUDGET_MIB=2048
WEIGHT_BUDGET_BYTES=2147483648
WEIGHT_BUDGET_SOURCE=ENV
WEIGHT_BUDGET_INPUT=2048
WEIGHT_BUDGET_PARSE=PASS
WEIGHT_BUDGET_MIB=2048
WEIGHT_BUDGET_BYTES=2147483648
WEIGHT_BUDGET_SOURCE=ENV
WEIGHT_BUDGET_INPUT=2048
WEIGHT_BUDGET_PARSE=PASS
WEIGHT_BUDGET_MIB=2048
WEIGHT_BUDGET_BYTES=2147483648
WEIGHT_BUDGET_SOURCE=ENV
HEAP_OK_FINAL_NORM_BEFORE=1
FINAL_NORM_SRC_PTR=00000211F8345060
FINAL_NORM_DST_PTR=00000211F8345060
FINAL_NORM_WEIGHT_PTR=00000211A0D30000
FINAL_NORM_WEIGHT_SOURCE=HOST_MAPPED
FINAL_NORM_WEIGHT_FULFILLED=1
FINAL_NORM_WEIGHT_BYTES=12288
FINAL_NORM_WEIGHT_0=1.765625
FINAL_NORM_WEIGHT_1=1.75
FINAL_NORM_WEIGHT_2=1.5625
FINAL_NORM_WEIGHT_3=1.7734375
FINAL_NORM_WEIGHT_L2=91.4481258
FINAL_NORM_SUMSQ=5832.35499
FINAL_NORM_MEAN_SQ=1.89855306
FINAL_NORM_EPS=9.99999975e-06
FINAL_NORM_INV_RMS=0.725750744
FINAL_NORM_SRC_0=-0.197792441
FINAL_NORM_DST_0=-0.253451943
FINAL_NORM_AFTER_L2=70.7717175
HEAP_OK_FINAL_NORM_AFTER=1
HEAP_OK_COMPUTE_LOGITS_ENTER=1
HEAP_OK_LOGITS_LINEARW_BEFORE=1
HEAP_OK_LOGITS_LINEARW_AFTER=1
PERSISTENT_DECODE_TOKEN t=4 kv=41 devices=2 model=1 gpu_res=1 ssvk=1 bind=1 sealed=0 dev_create=1 model_load=1 cmd_rebuild=0 ds_reset=0
RESIDENCY_TOKEN t=4 kv=41 devices=2 model=1 gpu_res=1 dev_create=1 model_load=1 weight_up=197 weight_hit=7396 content_hit=7392 reload_B=0 pin_evict=0 pin_rej=0 res_B=1032192000
BATCH2_PRODUCT_DECODE_BIND=PASS token=4
ROOFLINE_TOKEN t=5 dt_ns=1023624600 wup=197 s0=615 s1=533
WEIGHT_BUDGET_INPUT=2048
WEIGHT_BUDGET_PARSE=PASS
WEIGHT_BUDGET_MIB=2048
WEIGHT_BUDGET_BYTES=2147483648
WEIGHT_BUDGET_SOURCE=ENV
WEIGHT_BUDGET_INPUT=2048
WEIGHT_BUDGET_PARSE=PASS
WEIGHT_BUDGET_MIB=2048
WEIGHT_BUDGET_BYTES=2147483648
WEIGHT_BUDGET_SOURCE=ENV
WEIGHT_BUDGET_INPUT=2048
WEIGHT_BUDGET_PARSE=PASS
WEIGHT_BUDGET_MIB=2048
WEIGHT_BUDGET_BYTES=2147483648
WEIGHT_BUDGET_SOURCE=ENV
WEIGHT_BUDGET_INPUT=2048
WEIGHT_BUDGET_PARSE=PASS
WEIGHT_BUDGET_MIB=2048
WEIGHT_BUDGET_BYTES=2147483648
WEIGHT_BUDGET_SOURCE=ENV
WEIGHT_BUDGET_INPUT=2048
WEIGHT_BUDGET_PARSE=PASS
WEIGHT_BUDGET_MIB=2048
WEIGHT_BUDGET_BYTES=2147483648
WEIGHT_BUDGET_SOURCE=ENV
WEIGHT_BUDGET_INPUT=2048
WEIGHT_BUDGET_PARSE=PASS
WEIGHT_BUDGET_MIB=2048
WEIGHT_BUDGET_BYTES=2147483648
WEIGHT_BUDGET_SOURCE=ENV
WEIGHT_BUDGET_INPUT=2048
WEIGHT_BUDGET_PARSE=PASS
WEIGHT_BUDGET_MIB=2048
WEIGHT_BUDGET_BYTES=2147483648
WEIGHT_BUDGET_SOURCE=ENV
WEIGHT_BUDGET_INPUT=2048
WEIGHT_BUDGET_PARSE=PASS
WEIGHT_BUDGET_MIB=2048
WEIGHT_BUDGET_BYTES=2147483648
WEIGHT_BUDGET_SOURCE=ENV
WEIGHT_BUDGET_INPUT=2048
WEIGHT_BUDGET_PARSE=PASS
WEIGHT_BUDGET_MIB=2048
WEIGHT_BUDGET_BYTES=2147483648
WEIGHT_BUDGET_SOURCE=ENV
WEIGHT_BUDGET_INPUT=2048
WEIGHT_BUDGET_PARSE=PASS
WEIGHT_BUDGET_MIB=2048
WEIGHT_BUDGET_BYTES=2147483648
WEIGHT_BUDGET_SOURCE=ENV
WEIGHT_BUDGET_INPUT=2048
WEIGHT_BUDGET_PARSE=PASS
WEIGHT_BUDGET_MIB=2048
WEIGHT_BUDGET_BYTES=2147483648
WEIGHT_BUDGET_SOURCE=ENV
WEIGHT_BUDGET_INPUT=2048
WEIGHT_BUDGET_PARSE=PASS
WEIGHT_BUDGET_MIB=2048
WEIGHT_BUDGET_BYTES=2147483648
WEIGHT_BUDGET_SOURCE=ENV
WEIGHT_BUDGET_INPUT=2048
WEIGHT_BUDGET_PARSE=PASS
WEIGHT_BUDGET_MIB=2048
WEIGHT_BUDGET_BYTES=2147483648
WEIGHT_BUDGET_SOURCE=ENV
WEIGHT_BUDGET_INPUT=2048
WEIGHT_BUDGET_PARSE=PASS
WEIGHT_BUDGET_MIB=2048
WEIGHT_BUDGET_BYTES=2147483648
WEIGHT_BUDGET_SOURCE=ENV
WEIGHT_BUDGET_INPUT=2048
WEIGHT_BUDGET_PARSE=PASS
WEIGHT_BUDGET_MIB=2048
WEIGHT_BUDGET_BYTES=2147483648
WEIGHT_BUDGET_SOURCE=ENV
WEIGHT_BUDGET_INPUT=2048
WEIGHT_BUDGET_PARSE=PASS
WEIGHT_BUDGET_MIB=2048
WEIGHT_BUDGET_BYTES=2147483648
WEIGHT_BUDGET_SOURCE=ENV
WEIGHT_BUDGET_INPUT=2048
WEIGHT_BUDGET_PARSE=PASS
WEIGHT_BUDGET_MIB=2048
WEIGHT_BUDGET_BYTES=2147483648
WEIGHT_BUDGET_SOURCE=ENV
WEIGHT_BUDGET_INPUT=2048
WEIGHT_BUDGET_PARSE=PASS
WEIGHT_BUDGET_MIB=2048
WEIGHT_BUDGET_BYTES=2147483648
WEIGHT_BUDGET_SOURCE=ENV
WEIGHT_BUDGET_INPUT=2048
WEIGHT_BUDGET_PARSE=PASS
WEIGHT_BUDGET_MIB=2048
WEIGHT_BUDGET_BYTES=2147483648
WEIGHT_BUDGET_SOURCE=ENV
WEIGHT_BUDGET_INPUT=2048
WEIGHT_BUDGET_PARSE=PASS
WEIGHT_BUDGET_MIB=2048
WEIGHT_BUDGET_BYTES=2147483648
WEIGHT_BUDGET_SOURCE=ENV
WEIGHT_BUDGET_INPUT=2048
WEIGHT_BUDGET_PARSE=PASS
WEIGHT_BUDGET_MIB=2048
WEIGHT_BUDGET_BYTES=2147483648
WEIGHT_BUDGET_SOURCE=ENV
WEIGHT_BUDGET_INPUT=2048
WEIGHT_BUDGET_PARSE=PASS
WEIGHT_BUDGET_MIB=2048
WEIGHT_BUDGET_BYTES=2147483648
WEIGHT_BUDGET_SOURCE=ENV
WEIGHT_BUDGET_INPUT=2048
WEIGHT_BUDGET_PARSE=PASS
WEIGHT_BUDGET_MIB=2048
WEIGHT_BUDGET_BYTES=2147483648
WEIGHT_BUDGET_SOURCE=ENV
WEIGHT_BUDGET_INPUT=2048
WEIGHT_BUDGET_PARSE=PASS
WEIGHT_BUDGET_MIB=2048
WEIGHT_BUDGET_BYTES=2147483648
WEIGHT_BUDGET_SOURCE=ENV
WEIGHT_BUDGET_INPUT=2048
WEIGHT_BUDGET_PARSE=PASS
WEIGHT_BUDGET_MIB=2048
WEIGHT_BUDGET_BYTES=2147483648
WEIGHT_BUDGET_SOURCE=ENV
WEIGHT_BUDGET_INPUT=2048
WEIGHT_BUDGET_PARSE=PASS
WEIGHT_BUDGET_MIB=2048
WEIGHT_BUDGET_BYTES=2147483648
WEIGHT_BUDGET_SOURCE=ENV
WEIGHT_BUDGET_INPUT=2048
WEIGHT_BUDGET_PARSE=PASS
WEIGHT_BUDGET_MIB=2048
WEIGHT_BUDGET_BYTES=2147483648
WEIGHT_BUDGET_SOURCE=ENV
WEIGHT_BUDGET_INPUT=2048
WEIGHT_BUDGET_PARSE=PASS
WEIGHT_BUDGET_MIB=2048
WEIGHT_BUDGET_BYTES=2147483648
WEIGHT_BUDGET_SOURCE=ENV
WEIGHT_BUDGET_INPUT=2048
WEIGHT_BUDGET_PARSE=PASS
WEIGHT_BUDGET_MIB=2048
WEIGHT_BUDGET_BYTES=2147483648
WEIGHT_BUDGET_SOURCE=ENV
WEIGHT_BUDGET_INPUT=2048
WEIGHT_BUDGET_PARSE=PASS
WEIGHT_BUDGET_MIB=2048
WEIGHT_BUDGET_BYTES=2147483648
WEIGHT_BUDGET_SOURCE=ENV
HEAP_OK_FINAL_NORM_BEFORE=1
FINAL_NORM_SRC_PTR=00000211F8348060
FINAL_NORM_DST_PTR=00000211F8348060
FINAL_NORM_WEIGHT_PTR=00000211A0D30000
FINAL_NORM_WEIGHT_SOURCE=HOST_MAPPED
FINAL_NORM_WEIGHT_FULFILLED=1
FINAL_NORM_WEIGHT_BYTES=12288
FINAL_NORM_WEIGHT_0=1.765625
FINAL_NORM_WEIGHT_1=1.75
FINAL_NORM_WEIGHT_2=1.5625
FINAL_NORM_WEIGHT_3=1.7734375
FINAL_NORM_WEIGHT_L2=91.4481258
FINAL_NORM_SUMSQ=5661.78776
FINAL_NORM_MEAN_SQ=1.84302987
FINAL_NORM_EPS=9.99999975e-06
FINAL_NORM_INV_RMS=0.736601591
FINAL_NORM_SRC_0=0.151742548
FINAL_NORM_DST_0=0.197350621
FINAL_NORM_AFTER_L2=69.05697
HEAP_OK_FINAL_NORM_AFTER=1
HEAP_OK_COMPUTE_LOGITS_ENTER=1
HEAP_OK_LOGITS_LINEARW_BEFORE=1
HEAP_OK_LOGITS_LINEARW_AFTER=1
PERSISTENT_DECODE_TOKEN t=5 kv=42 devices=2 model=1 gpu_res=1 ssvk=1 bind=1 sealed=0 dev_create=1 model_load=1 cmd_rebuild=0 ds_reset=0
RESIDENCY_TOKEN t=5 kv=42 devices=2 model=1 gpu_res=1 dev_create=1 model_load=1 weight_up=197 weight_hit=7481 content_hit=7476 reload_B=0 pin_evict=0 pin_rej=0 res_B=1032192000
BATCH2_PRODUCT_DECODE_BIND=PASS token=5
ROOFLINE_TOKEN t=6 dt_ns=1089389700 wup=197 s0=630 s1=546
WEIGHT_BUDGET_INPUT=2048
WEIGHT_BUDGET_PARSE=PASS
WEIGHT_BUDGET_MIB=2048
WEIGHT_BUDGET_BYTES=2147483648
WEIGHT_BUDGET_SOURCE=ENV
WEIGHT_BUDGET_INPUT=2048
WEIGHT_BUDGET_PARSE=PASS
WEIGHT_BUDGET_MIB=2048
WEIGHT_BUDGET_BYTES=2147483648
WEIGHT_BUDGET_SOURCE=ENV
WEIGHT_BUDGET_INPUT=2048
WEIGHT_BUDGET_PARSE=PASS
WEIGHT_BUDGET_MIB=2048
WEIGHT_BUDGET_BYTES=2147483648
WEIGHT_BUDGET_SOURCE=ENV
WEIGHT_BUDGET_INPUT=2048
WEIGHT_BUDGET_PARSE=PASS
WEIGHT_BUDGET_MIB=2048
WEIGHT_BUDGET_BYTES=2147483648
WEIGHT_BUDGET_SOURCE=ENV
WEIGHT_BUDGET_INPUT=2048
WEIGHT_BUDGET_PARSE=PASS
WEIGHT_BUDGET_MIB=2048
WEIGHT_BUDGET_BYTES=2147483648
WEIGHT_BUDGET_SOURCE=ENV
WEIGHT_BUDGET_INPUT=2048
WEIGHT_BUDGET_PARSE=PASS
WEIGHT_BUDGET_MIB=2048
WEIGHT_BUDGET_BYTES=2147483648
WEIGHT_BUDGET_SOURCE=ENV
WEIGHT_BUDGET_INPUT=2048
WEIGHT_BUDGET_PARSE=PASS
WEIGHT_BUDGET_MIB=2048
WEIGHT_BUDGET_BYTES=2147483648
WEIGHT_BUDGET_SOURCE=ENV
WEIGHT_BUDGET_INPUT=2048
WEIGHT_BUDGET_PARSE=PASS
WEIGHT_BUDGET_MIB=2048
WEIGHT_BUDGET_BYTES=2147483648
WEIGHT_BUDGET_SOURCE=ENV
WEIGHT_BUDGET_INPUT=2048
WEIGHT_BUDGET_PARSE=PASS
WEIGHT_BUDGET_MIB=2048
WEIGHT_BUDGET_BYTES=2147483648
WEIGHT_BUDGET_SOURCE=ENV
WEIGHT_BUDGET_INPUT=2048
WEIGHT_BUDGET_PARSE=PASS
WEIGHT_BUDGET_MIB=2048
WEIGHT_BUDGET_BYTES=2147483648
WEIGHT_BUDGET_SOURCE=ENV
WEIGHT_BUDGET_INPUT=2048
WEIGHT_BUDGET_PARSE=PASS
WEIGHT_BUDGET_MIB=2048
WEIGHT_BUDGET_BYTES=2147483648
WEIGHT_BUDGET_SOURCE=ENV
WEIGHT_BUDGET_INPUT=2048
WEIGHT_BUDGET_PARSE=PASS
WEIGHT_BUDGET_MIB=2048
WEIGHT_BUDGET_BYTES=2147483648
WEIGHT_BUDGET_SOURCE=ENV
WEIGHT_BUDGET_INPUT=2048
WEIGHT_BUDGET_PARSE=PASS
WEIGHT_BUDGET_MIB=2048
WEIGHT_BUDGET_BYTES=2147483648
WEIGHT_BUDGET_SOURCE=ENV
WEIGHT_BUDGET_INPUT=2048
WEIGHT_BUDGET_PARSE=PASS
WEIGHT_BUDGET_MIB=2048
WEIGHT_BUDGET_BYTES=2147483648
WEIGHT_BUDGET_SOURCE=ENV
WEIGHT_BUDGET_INPUT=2048
WEIGHT_BUDGET_PARSE=PASS
WEIGHT_BUDGET_MIB=2048
WEIGHT_BUDGET_BYTES=2147483648
WEIGHT_BUDGET_SOURCE=ENV
WEIGHT_BUDGET_INPUT=2048
WEIGHT_BUDGET_PARSE=PASS
WEIGHT_BUDGET_MIB=2048
WEIGHT_BUDGET_BYTES=2147483648
WEIGHT_BUDGET_SOURCE=ENV
WEIGHT_BUDGET_INPUT=2048
WEIGHT_BUDGET_PARSE=PASS
WEIGHT_BUDGET_MIB=2048
WEIGHT_BUDGET_BYTES=2147483648
WEIGHT_BUDGET_SOURCE=ENV
WEIGHT_BUDGET_INPUT=2048
WEIGHT_BUDGET_PARSE=PASS
WEIGHT_BUDGET_MIB=2048
WEIGHT_BUDGET_BYTES=2147483648
WEIGHT_BUDGET_SOURCE=ENV
WEIGHT_BUDGET_INPUT=2048
WEIGHT_BUDGET_PARSE=PASS
WEIGHT_BUDGET_MIB=2048
WEIGHT_BUDGET_BYTES=2147483648
WEIGHT_BUDGET_SOURCE=ENV
WEIGHT_BUDGET_INPUT=2048
WEIGHT_BUDGET_PARSE=PASS
WEIGHT_BUDGET_MIB=2048
WEIGHT_BUDGET_BYTES=2147483648
WEIGHT_BUDGET_SOURCE=ENV
WEIGHT_BUDGET_INPUT=2048
WEIGHT_BUDGET_PARSE=PASS
WEIGHT_BUDGET_MIB=2048
WEIGHT_BUDGET_BYTES=2147483648
WEIGHT_BUDGET_SOURCE=ENV
WEIGHT_BUDGET_INPUT=2048
WEIGHT_BUDGET_PARSE=PASS
WEIGHT_BUDGET_MIB=2048
WEIGHT_BUDGET_BYTES=2147483648
WEIGHT_BUDGET_SOURCE=ENV
WEIGHT_BUDGET_INPUT=2048
WEIGHT_BUDGET_PARSE=PASS
WEIGHT_BUDGET_MIB=2048
WEIGHT_BUDGET_BYTES=2147483648
WEIGHT_BUDGET_SOURCE=ENV
WEIGHT_BUDGET_INPUT=2048
WEIGHT_BUDGET_PARSE=PASS
WEIGHT_BUDGET_MIB=2048
WEIGHT_BUDGET_BYTES=2147483648
WEIGHT_BUDGET_SOURCE=ENV
WEIGHT_BUDGET_INPUT=2048
WEIGHT_BUDGET_PARSE=PASS
WEIGHT_BUDGET_MIB=2048
WEIGHT_BUDGET_BYTES=2147483648
WEIGHT_BUDGET_SOURCE=ENV
WEIGHT_BUDGET_INPUT=2048
WEIGHT_BUDGET_PARSE=PASS
WEIGHT_BUDGET_MIB=2048
WEIGHT_BUDGET_BYTES=2147483648
WEIGHT_BUDGET_SOURCE=ENV
WEIGHT_BUDGET_INPUT=2048
WEIGHT_BUDGET_PARSE=PASS
WEIGHT_BUDGET_MIB=2048
WEIGHT_BUDGET_BYTES=2147483648
WEIGHT_BUDGET_SOURCE=ENV
WEIGHT_BUDGET_INPUT=2048
WEIGHT_BUDGET_PARSE=PASS
WEIGHT_BUDGET_MIB=2048
WEIGHT_BUDGET_BYTES=2147483648
WEIGHT_BUDGET_SOURCE=ENV
WEIGHT_BUDGET_INPUT=2048
WEIGHT_BUDGET_PARSE=PASS
WEIGHT_BUDGET_MIB=2048
WEIGHT_BUDGET_BYTES=2147483648
WEIGHT_BUDGET_SOURCE=ENV
WEIGHT_BUDGET_INPUT=2048
WEIGHT_BUDGET_PARSE=PASS
WEIGHT_BUDGET_MIB=2048
WEIGHT_BUDGET_BYTES=2147483648
WEIGHT_BUDGET_SOURCE=ENV
HEAP_OK_FINAL_NORM_BEFORE=1
FINAL_NORM_SRC_PTR=00000211F834B060
FINAL_NORM_DST_PTR=00000211F834B060
FINAL_NORM_WEIGHT_PTR=00000211A0D30000
FINAL_NORM_WEIGHT_SOURCE=HOST_MAPPED
FINAL_NORM_WEIGHT_FULFILLED=1
FINAL_NORM_WEIGHT_BYTES=12288
FINAL_NORM_WEIGHT_0=1.765625
FINAL_NORM_WEIGHT_1=1.75
FINAL_NORM_WEIGHT_2=1.5625
FINAL_NORM_WEIGHT_3=1.7734375
FINAL_NORM_WEIGHT_L2=91.4481258
FINAL_NORM_SUMSQ=5352.71312
FINAL_NORM_MEAN_SQ=1.74241964
FINAL_NORM_EPS=9.99999975e-06
FINAL_NORM_INV_RMS=0.757569313
FINAL_NORM_SRC_0=0.0413331389
FINAL_NORM_DST_0=0.0552865192
FINAL_NORM_AFTER_L2=63.6098699
HEAP_OK_FINAL_NORM_AFTER=1
HEAP_OK_COMPUTE_LOGITS_ENTER=1
HEAP_OK_LOGITS_LINEARW_BEFORE=1
HEAP_OK_LOGITS_LINEARW_AFTER=1
PERSISTENT_DECODE_TOKEN t=6 kv=43 devices=2 model=1 gpu_res=1 ssvk=1 bind=1 sealed=0 dev_create=1 model_load=1 cmd_rebuild=0 ds_reset=0
RESIDENCY_TOKEN t=6 kv=43 devices=2 model=1 gpu_res=1 dev_create=1 model_load=1 weight_up=197 weight_hit=7566 content_hit=7560 reload_B=0 pin_evict=0 pin_rej=0 res_B=1032192000
BATCH2_PRODUCT_DECODE_BIND=PASS token=6
ROOFLINE_TOKEN t=7 dt_ns=1033245400 wup=197 s0=645 s1=559
WEIGHT_BUDGET_INPUT=2048
WEIGHT_BUDGET_PARSE=PASS
WEIGHT_BUDGET_MIB=2048
WEIGHT_BUDGET_BYTES=2147483648
WEIGHT_BUDGET_SOURCE=ENV
WEIGHT_BUDGET_INPUT=2048
WEIGHT_BUDGET_PARSE=PASS
WEIGHT_BUDGET_MIB=2048
WEIGHT_BUDGET_BYTES=2147483648
WEIGHT_BUDGET_SOURCE=ENV
WEIGHT_BUDGET_INPUT=2048
WEIGHT_BUDGET_PARSE=PASS
WEIGHT_BUDGET_MIB=2048
WEIGHT_BUDGET_BYTES=2147483648
WEIGHT_BUDGET_SOURCE=ENV
WEIGHT_BUDGET_INPUT=2048
WEIGHT_BUDGET_PARSE=PASS
WEIGHT_BUDGET_MIB=2048
WEIGHT_BUDGET_BYTES=2147483648
WEIGHT_BUDGET_SOURCE=ENV
WEIGHT_BUDGET_INPUT=2048
WEIGHT_BUDGET_PARSE=PASS
WEIGHT_BUDGET_MIB=2048
WEIGHT_BUDGET_BYTES=2147483648
WEIGHT_BUDGET_SOURCE=ENV
WEIGHT_BUDGET_INPUT=2048
WEIGHT_BUDGET_PARSE=PASS
WEIGHT_BUDGET_MIB=2048
WEIGHT_BUDGET_BYTES=2147483648
WEIGHT_BUDGET_SOURCE=ENV
WEIGHT_BUDGET_INPUT=2048
WEIGHT_BUDGET_PARSE=PASS
WEIGHT_BUDGET_MIB=2048
WEIGHT_BUDGET_BYTES=2147483648
WEIGHT_BUDGET_SOURCE=ENV
WEIGHT_BUDGET_INPUT=2048
WEIGHT_BUDGET_PARSE=PASS
WEIGHT_BUDGET_MIB=2048
WEIGHT_BUDGET_BYTES=2147483648
WEIGHT_BUDGET_SOURCE=ENV
WEIGHT_BUDGET_INPUT=2048
WEIGHT_BUDGET_PARSE=PASS
WEIGHT_BUDGET_MIB=2048
WEIGHT_BUDGET_BYTES=2147483648
WEIGHT_BUDGET_SOURCE=ENV
WEIGHT_BUDGET_INPUT=2048
WEIGHT_BUDGET_PARSE=PASS
WEIGHT_BUDGET_MIB=2048
WEIGHT_BUDGET_BYTES=2147483648
WEIGHT_BUDGET_SOURCE=ENV
WEIGHT_BUDGET_INPUT=2048
WEIGHT_BUDGET_PARSE=PASS
WEIGHT_BUDGET_MIB=2048
WEIGHT_BUDGET_BYTES=2147483648
WEIGHT_BUDGET_SOURCE=ENV
WEIGHT_BUDGET_INPUT=2048
WEIGHT_BUDGET_PARSE=PASS
WEIGHT_BUDGET_MIB=2048
WEIGHT_BUDGET_BYTES=2147483648
WEIGHT_BUDGET_SOURCE=ENV
WEIGHT_BUDGET_INPUT=2048
WEIGHT_BUDGET_PARSE=PASS
WEIGHT_BUDGET_MIB=2048
WEIGHT_BUDGET_BYTES=2147483648
WEIGHT_BUDGET_SOURCE=ENV
WEIGHT_BUDGET_INPUT=2048
WEIGHT_BUDGET_PARSE=PASS
WEIGHT_BUDGET_MIB=2048
WEIGHT_BUDGET_BYTES=2147483648
WEIGHT_BUDGET_SOURCE=ENV
WEIGHT_BUDGET_INPUT=2048
WEIGHT_BUDGET_PARSE=PASS
WEIGHT_BUDGET_MIB=2048
WEIGHT_BUDGET_BYTES=2147483648
WEIGHT_BUDGET_SOURCE=ENV
WEIGHT_BUDGET_INPUT=2048
WEIGHT_BUDGET_PARSE=PASS
WEIGHT_BUDGET_MIB=2048
WEIGHT_BUDGET_BYTES=2147483648
WEIGHT_BUDGET_SOURCE=ENV
WEIGHT_BUDGET_INPUT=2048
WEIGHT_BUDGET_PARSE=PASS
WEIGHT_BUDGET_MIB=2048
WEIGHT_BUDGET_BYTES=2147483648
WEIGHT_BUDGET_SOURCE=ENV
WEIGHT_BUDGET_INPUT=2048
WEIGHT_BUDGET_PARSE=PASS
WEIGHT_BUDGET_MIB=2048
WEIGHT_BUDGET_BYTES=2147483648
WEIGHT_BUDGET_SOURCE=ENV
WEIGHT_BUDGET_INPUT=2048
WEIGHT_BUDGET_PARSE=PASS
WEIGHT_BUDGET_MIB=2048
WEIGHT_BUDGET_BYTES=2147483648
WEIGHT_BUDGET_SOURCE=ENV
WEIGHT_BUDGET_INPUT=2048
WEIGHT_BUDGET_PARSE=PASS
WEIGHT_BUDGET_MIB=2048
WEIGHT_BUDGET_BYTES=2147483648
WEIGHT_BUDGET_SOURCE=ENV
WEIGHT_BUDGET_INPUT=2048
WEIGHT_BUDGET_PARSE=PASS
WEIGHT_BUDGET_MIB=2048
WEIGHT_BUDGET_BYTES=2147483648
WEIGHT_BUDGET_SOURCE=ENV
WEIGHT_BUDGET_INPUT=2048
WEIGHT_BUDGET_PARSE=PASS
WEIGHT_BUDGET_MIB=2048
WEIGHT_BUDGET_BYTES=2147483648
WEIGHT_BUDGET_SOURCE=ENV
WEIGHT_BUDGET_INPUT=2048
WEIGHT_BUDGET_PARSE=PASS
WEIGHT_BUDGET_MIB=2048
WEIGHT_BUDGET_BYTES=2147483648
WEIGHT_BUDGET_SOURCE=ENV
WEIGHT_BUDGET_INPUT=2048
WEIGHT_BUDGET_PARSE=PASS
WEIGHT_BUDGET_MIB=2048
WEIGHT_BUDGET_BYTES=2147483648
WEIGHT_BUDGET_SOURCE=ENV
WEIGHT_BUDGET_INPUT=2048
WEIGHT_BUDGET_PARSE=PASS
WEIGHT_BUDGET_MIB=2048
WEIGHT_BUDGET_BYTES=2147483648
WEIGHT_BUDGET_SOURCE=ENV
WEIGHT_BUDGET_INPUT=2048
WEIGHT_BUDGET_PARSE=PASS
WEIGHT_BUDGET_MIB=2048
WEIGHT_BUDGET_BYTES=2147483648
WEIGHT_BUDGET_SOURCE=ENV
WEIGHT_BUDGET_INPUT=2048
WEIGHT_BUDGET_PARSE=PASS
WEIGHT_BUDGET_MIB=2048
WEIGHT_BUDGET_BYTES=2147483648
WEIGHT_BUDGET_SOURCE=ENV
WEIGHT_BUDGET_INPUT=2048
WEIGHT_BUDGET_PARSE=PASS
WEIGHT_BUDGET_MIB=2048
WEIGHT_BUDGET_BYTES=2147483648
WEIGHT_BUDGET_SOURCE=ENV
WEIGHT_BUDGET_INPUT=2048
WEIGHT_BUDGET_PARSE=PASS
WEIGHT_BUDGET_MIB=2048
WEIGHT_BUDGET_BYTES=2147483648
WEIGHT_BUDGET_SOURCE=ENV
WEIGHT_BUDGET_INPUT=2048
WEIGHT_BUDGET_PARSE=PASS
WEIGHT_BUDGET_MIB=2048
WEIGHT_BUDGET_BYTES=2147483648
WEIGHT_BUDGET_SOURCE=ENV
HEAP_OK_FINAL_NORM_BEFORE=1
FINAL_NORM_SRC_PTR=00000211F834E060
FINAL_NORM_DST_PTR=00000211F834E060
FINAL_NORM_WEIGHT_PTR=00000211A0D30000
FINAL_NORM_WEIGHT_SOURCE=HOST_MAPPED
FINAL_NORM_WEIGHT_FULFILLED=1
FINAL_NORM_WEIGHT_BYTES=12288
FINAL_NORM_WEIGHT_0=1.765625
FINAL_NORM_WEIGHT_1=1.75
FINAL_NORM_WEIGHT_2=1.5625
FINAL_NORM_WEIGHT_3=1.7734375
FINAL_NORM_WEIGHT_L2=91.4481258
FINAL_NORM_SUMSQ=4951.88416
FINAL_NORM_MEAN_SQ=1.61194146
FINAL_NORM_EPS=9.99999975e-06
FINAL_NORM_INV_RMS=0.78763324
FINAL_NORM_SRC_0=-0.807012737
FINAL_NORM_DST_0=-1.12228429
FINAL_NORM_AFTER_L2=67.8841622
HEAP_OK_FINAL_NORM_AFTER=1
HEAP_OK_COMPUTE_LOGITS_ENTER=1
HEAP_OK_LOGITS_LINEARW_BEFORE=1
HEAP_OK_LOGITS_LINEARW_AFTER=1
PERSISTENT_DECODE_TOKEN t=7 kv=44 devices=2 model=1 gpu_res=1 ssvk=1 bind=1 sealed=0 dev_create=1 model_load=1 cmd_rebuild=0 ds_reset=0
RESIDENCY_TOKEN t=7 kv=44 devices=2 model=1 gpu_res=1 dev_create=1 model_load=1 weight_up=197 weight_hit=7651 content_hit=7644 reload_B=0 pin_evict=0 pin_rej=0 res_B=1032192000
BATCH2_PRODUCT_DECODE_BIND=PASS token=7
ROOFLINE_TOKEN t=8 dt_ns=1034354000 wup=197 s0=660 s1=572
WEIGHT_BUDGET_INPUT=2048
WEIGHT_BUDGET_PARSE=PASS
WEIGHT_BUDGET_MIB=2048
WEIGHT_BUDGET_BYTES=2147483648
WEIGHT_BUDGET_SOURCE=ENV
WEIGHT_BUDGET_INPUT=2048
WEIGHT_BUDGET_PARSE=PASS
WEIGHT_BUDGET_MIB=2048
WEIGHT_BUDGET_BYTES=2147483648
WEIGHT_BUDGET_SOURCE=ENV
WEIGHT_BUDGET_INPUT=2048
WEIGHT_BUDGET_PARSE=PASS
WEIGHT_BUDGET_MIB=2048
WEIGHT_BUDGET_BYTES=2147483648
WEIGHT_BUDGET_SOURCE=ENV
WEIGHT_BUDGET_INPUT=2048
WEIGHT_BUDGET_PARSE=PASS
WEIGHT_BUDGET_MIB=2048
WEIGHT_BUDGET_BYTES=2147483648
WEIGHT_BUDGET_SOURCE=ENV
WEIGHT_BUDGET_INPUT=2048
WEIGHT_BUDGET_PARSE=PASS
WEIGHT_BUDGET_MIB=2048
WEIGHT_BUDGET_BYTES=2147483648
WEIGHT_BUDGET_SOURCE=ENV
WEIGHT_BUDGET_INPUT=2048
WEIGHT_BUDGET_PARSE=PASS
WEIGHT_BUDGET_MIB=2048
WEIGHT_BUDGET_BYTES=2147483648
WEIGHT_BUDGET_SOURCE=ENV
WEIGHT_BUDGET_INPUT=2048
WEIGHT_BUDGET_PARSE=PASS
WEIGHT_BUDGET_MIB=2048
WEIGHT_BUDGET_BYTES=2147483648
WEIGHT_BUDGET_SOURCE=ENV
WEIGHT_BUDGET_INPUT=2048
WEIGHT_BUDGET_PARSE=PASS
WEIGHT_BUDGET_MIB=2048
WEIGHT_BUDGET_BYTES=2147483648
WEIGHT_BUDGET_SOURCE=ENV
WEIGHT_BUDGET_INPUT=2048
WEIGHT_BUDGET_PARSE=PASS
WEIGHT_BUDGET_MIB=2048
WEIGHT_BUDGET_BYTES=2147483648
WEIGHT_BUDGET_SOURCE=ENV
WEIGHT_BUDGET_INPUT=2048
WEIGHT_BUDGET_PARSE=PASS
WEIGHT_BUDGET_MIB=2048
WEIGHT_BUDGET_BYTES=2147483648
WEIGHT_BUDGET_SOURCE=ENV
WEIGHT_BUDGET_INPUT=2048
WEIGHT_BUDGET_PARSE=PASS
WEIGHT_BUDGET_MIB=2048
WEIGHT_BUDGET_BYTES=2147483648
WEIGHT_BUDGET_SOURCE=ENV
WEIGHT_BUDGET_INPUT=2048
WEIGHT_BUDGET_PARSE=PASS
WEIGHT_BUDGET_MIB=2048
WEIGHT_BUDGET_BYTES=2147483648
WEIGHT_BUDGET_SOURCE=ENV
WEIGHT_BUDGET_INPUT=2048
WEIGHT_BUDGET_PARSE=PASS
WEIGHT_BUDGET_MIB=2048
WEIGHT_BUDGET_BYTES=2147483648
WEIGHT_BUDGET_SOURCE=ENV
WEIGHT_BUDGET_INPUT=2048
WEIGHT_BUDGET_PARSE=PASS
WEIGHT_BUDGET_MIB=2048
WEIGHT_BUDGET_BYTES=2147483648
WEIGHT_BUDGET_SOURCE=ENV
WEIGHT_BUDGET_INPUT=2048
WEIGHT_BUDGET_PARSE=PASS
WEIGHT_BUDGET_MIB=2048
WEIGHT_BUDGET_BYTES=2147483648
WEIGHT_BUDGET_SOURCE=ENV
WEIGHT_BUDGET_INPUT=2048
WEIGHT_BUDGET_PARSE=PASS
WEIGHT_BUDGET_MIB=2048
WEIGHT_BUDGET_BYTES=2147483648
WEIGHT_BUDGET_SOURCE=ENV
WEIGHT_BUDGET_INPUT=2048
WEIGHT_BUDGET_PARSE=PASS
WEIGHT_BUDGET_MIB=2048
WEIGHT_BUDGET_BYTES=2147483648
WEIGHT_BUDGET_SOURCE=ENV
WEIGHT_BUDGET_INPUT=2048
WEIGHT_BUDGET_PARSE=PASS
WEIGHT_BUDGET_MIB=2048
WEIGHT_BUDGET_BYTES=2147483648
WEIGHT_BUDGET_SOURCE=ENV
WEIGHT_BUDGET_INPUT=2048
WEIGHT_BUDGET_PARSE=PASS
WEIGHT_BUDGET_MIB=2048
WEIGHT_BUDGET_BYTES=2147483648
WEIGHT_BUDGET_SOURCE=ENV
WEIGHT_BUDGET_INPUT=2048
WEIGHT_BUDGET_PARSE=PASS
WEIGHT_BUDGET_MIB=2048
WEIGHT_BUDGET_BYTES=2147483648
WEIGHT_BUDGET_SOURCE=ENV
WEIGHT_BUDGET_INPUT=2048
WEIGHT_BUDGET_PARSE=PASS
WEIGHT_BUDGET_MIB=2048
WEIGHT_BUDGET_BYTES=2147483648
WEIGHT_BUDGET_SOURCE=ENV
WEIGHT_BUDGET_INPUT=2048
WEIGHT_BUDGET_PARSE=PASS
WEIGHT_BUDGET_MIB=2048
WEIGHT_BUDGET_BYTES=2147483648
WEIGHT_BUDGET_SOURCE=ENV
WEIGHT_BUDGET_INPUT=2048
WEIGHT_BUDGET_PARSE=PASS
WEIGHT_BUDGET_MIB=2048
WEIGHT_BUDGET_BYTES=2147483648
WEIGHT_BUDGET_SOURCE=ENV
WEIGHT_BUDGET_INPUT=2048
WEIGHT_BUDGET_PARSE=PASS
WEIGHT_BUDGET_MIB=2048
WEIGHT_BUDGET_BYTES=2147483648
WEIGHT_BUDGET_SOURCE=ENV
WEIGHT_BUDGET_INPUT=2048
WEIGHT_BUDGET_PARSE=PASS
WEIGHT_BUDGET_MIB=2048
WEIGHT_BUDGET_BYTES=2147483648
WEIGHT_BUDGET_SOURCE=ENV
WEIGHT_BUDGET_INPUT=2048
WEIGHT_BUDGET_PARSE=PASS
WEIGHT_BUDGET_MIB=2048
WEIGHT_BUDGET_BYTES=2147483648
WEIGHT_BUDGET_SOURCE=ENV
WEIGHT_BUDGET_INPUT=2048
WEIGHT_BUDGET_PARSE=PASS
WEIGHT_BUDGET_MIB=2048
WEIGHT_BUDGET_BYTES=2147483648
WEIGHT_BUDGET_SOURCE=ENV
WEIGHT_BUDGET_INPUT=2048
WEIGHT_BUDGET_PARSE=PASS
WEIGHT_BUDGET_MIB=2048
WEIGHT_BUDGET_BYTES=2147483648
WEIGHT_BUDGET_SOURCE=ENV
WEIGHT_BUDGET_INPUT=2048
WEIGHT_BUDGET_PARSE=PASS
WEIGHT_BUDGET_MIB=2048
WEIGHT_BUDGET_BYTES=2147483648
WEIGHT_BUDGET_SOURCE=ENV
WEIGHT_BUDGET_INPUT=2048
WEIGHT_BUDGET_PARSE=PASS
WEIGHT_BUDGET_MIB=2048
WEIGHT_BUDGET_BYTES=2147483648
WEIGHT_BUDGET_SOURCE=ENV
HEAP_OK_FINAL_NORM_BEFORE=1
FINAL_NORM_SRC_PTR=00000211F8351060
FINAL_NORM_DST_PTR=00000211F8351060
FINAL_NORM_WEIGHT_PTR=00000211A0D30000
FINAL_NORM_WEIGHT_SOURCE=HOST_MAPPED
FINAL_NORM_WEIGHT_FULFILLED=1
FINAL_NORM_WEIGHT_BYTES=12288
FINAL_NORM_WEIGHT_0=1.765625
FINAL_NORM_WEIGHT_1=1.75
FINAL_NORM_WEIGHT_2=1.5625
FINAL_NORM_WEIGHT_3=1.7734375
FINAL_NORM_WEIGHT_L2=91.4481258
FINAL_NORM_SUMSQ=6402.11265
FINAL_NORM_MEAN_SQ=2.08402105
FINAL_NORM_EPS=9.99999975e-06
FINAL_NORM_INV_RMS=0.69270432
FINAL_NORM_SRC_0=-0.761285901
FINAL_NORM_DST_0=-0.931095302
FINAL_NORM_AFTER_L2=67.4727882
HEAP_OK_FINAL_NORM_AFTER=1
HEAP_OK_COMPUTE_LOGITS_ENTER=1
HEAP_OK_LOGITS_LINEARW_BEFORE=1
HEAP_OK_LOGITS_LINEARW_AFTER=1
PERSISTENT_DECODE_TOKEN t=8 kv=45 devices=2 model=1 gpu_res=1 ssvk=1 bind=1 sealed=0 dev_create=1 model_load=1 cmd_rebuild=0 ds_reset=0
RESIDENCY_TOKEN t=8 kv=45 devices=2 model=1 gpu_res=1 dev_create=1 model_load=1 weight_up=197 weight_hit=7736 content_hit=7728 reload_B=0 pin_evict=0 pin_rej=0 res_B=1032192000
BATCH2_PRODUCT_DECODE_BIND=PASS token=8
ROOFLINE_TOKEN t=9 dt_ns=1032041100 wup=197 s0=675 s1=585
WEIGHT_BUDGET_INPUT=2048
WEIGHT_BUDGET_PARSE=PASS
WEIGHT_BUDGET_MIB=2048
WEIGHT_BUDGET_BYTES=2147483648
WEIGHT_BUDGET_SOURCE=ENV
WEIGHT_BUDGET_INPUT=2048
WEIGHT_BUDGET_PARSE=PASS
WEIGHT_BUDGET_MIB=2048
WEIGHT_BUDGET_BYTES=2147483648
WEIGHT_BUDGET_SOURCE=ENV
WEIGHT_BUDGET_INPUT=2048
WEIGHT_BUDGET_PARSE=PASS
WEIGHT_BUDGET_MIB=2048
WEIGHT_BUDGET_BYTES=2147483648
WEIGHT_BUDGET_SOURCE=ENV
WEIGHT_BUDGET_INPUT=2048
WEIGHT_BUDGET_PARSE=PASS
WEIGHT_BUDGET_MIB=2048
WEIGHT_BUDGET_BYTES=2147483648
WEIGHT_BUDGET_SOURCE=ENV
WEIGHT_BUDGET_INPUT=2048
WEIGHT_BUDGET_PARSE=PASS
WEIGHT_BUDGET_MIB=2048
WEIGHT_BUDGET_BYTES=2147483648
WEIGHT_BUDGET_SOURCE=ENV
WEIGHT_BUDGET_INPUT=2048
WEIGHT_BUDGET_PARSE=PASS
WEIGHT_BUDGET_MIB=2048
WEIGHT_BUDGET_BYTES=2147483648
WEIGHT_BUDGET_SOURCE=ENV
WEIGHT_BUDGET_INPUT=2048
WEIGHT_BUDGET_PARSE=PASS
WEIGHT_BUDGET_MIB=2048
WEIGHT_BUDGET_BYTES=2147483648
WEIGHT_BUDGET_SOURCE=ENV
WEIGHT_BUDGET_INPUT=2048
WEIGHT_BUDGET_PARSE=PASS
WEIGHT_BUDGET_MIB=2048
WEIGHT_BUDGET_BYTES=2147483648
WEIGHT_BUDGET_SOURCE=ENV
WEIGHT_BUDGET_INPUT=2048
WEIGHT_BUDGET_PARSE=PASS
WEIGHT_BUDGET_MIB=2048
WEIGHT_BUDGET_BYTES=2147483648
WEIGHT_BUDGET_SOURCE=ENV
WEIGHT_BUDGET_INPUT=2048
WEIGHT_BUDGET_PARSE=PASS
WEIGHT_BUDGET_MIB=2048
WEIGHT_BUDGET_BYTES=2147483648
WEIGHT_BUDGET_SOURCE=ENV
WEIGHT_BUDGET_INPUT=2048
WEIGHT_BUDGET_PARSE=PASS
WEIGHT_BUDGET_MIB=2048
WEIGHT_BUDGET_BYTES=2147483648
WEIGHT_BUDGET_SOURCE=ENV
WEIGHT_BUDGET_INPUT=2048
WEIGHT_BUDGET_PARSE=PASS
WEIGHT_BUDGET_MIB=2048
WEIGHT_BUDGET_BYTES=2147483648
WEIGHT_BUDGET_SOURCE=ENV
WEIGHT_BUDGET_INPUT=2048
WEIGHT_BUDGET_PARSE=PASS
WEIGHT_BUDGET_MIB=2048
WEIGHT_BUDGET_BYTES=2147483648
WEIGHT_BUDGET_SOURCE=ENV
WEIGHT_BUDGET_INPUT=2048
WEIGHT_BUDGET_PARSE=PASS
WEIGHT_BUDGET_MIB=2048
WEIGHT_BUDGET_BYTES=2147483648
WEIGHT_BUDGET_SOURCE=ENV
WEIGHT_BUDGET_INPUT=2048
WEIGHT_BUDGET_PARSE=PASS
WEIGHT_BUDGET_MIB=2048
WEIGHT_BUDGET_BYTES=2147483648
WEIGHT_BUDGET_SOURCE=ENV
WEIGHT_BUDGET_INPUT=2048
WEIGHT_BUDGET_PARSE=PASS
WEIGHT_BUDGET_MIB=2048
WEIGHT_BUDGET_BYTES=2147483648
WEIGHT_BUDGET_SOURCE=ENV
WEIGHT_BUDGET_INPUT=2048
WEIGHT_BUDGET_PARSE=PASS
WEIGHT_BUDGET_MIB=2048
WEIGHT_BUDGET_BYTES=2147483648
WEIGHT_BUDGET_SOURCE=ENV
WEIGHT_BUDGET_INPUT=2048
WEIGHT_BUDGET_PARSE=PASS
WEIGHT_BUDGET_MIB=2048
WEIGHT_BUDGET_BYTES=2147483648
WEIGHT_BUDGET_SOURCE=ENV
WEIGHT_BUDGET_INPUT=2048
WEIGHT_BUDGET_PARSE=PASS
WEIGHT_BUDGET_MIB=2048
WEIGHT_BUDGET_BYTES=2147483648
WEIGHT_BUDGET_SOURCE=ENV
WEIGHT_BUDGET_INPUT=2048
WEIGHT_BUDGET_PARSE=PASS
WEIGHT_BUDGET_MIB=2048
WEIGHT_BUDGET_BYTES=2147483648
WEIGHT_BUDGET_SOURCE=ENV
WEIGHT_BUDGET_INPUT=2048
WEIGHT_BUDGET_PARSE=PASS
WEIGHT_BUDGET_MIB=2048
WEIGHT_BUDGET_BYTES=2147483648
WEIGHT_BUDGET_SOURCE=ENV
WEIGHT_BUDGET_INPUT=2048
WEIGHT_BUDGET_PARSE=PASS
WEIGHT_BUDGET_MIB=2048
WEIGHT_BUDGET_BYTES=2147483648
WEIGHT_BUDGET_SOURCE=ENV
WEIGHT_BUDGET_INPUT=2048
WEIGHT_BUDGET_PARSE=PASS
WEIGHT_BUDGET_MIB=2048
WEIGHT_BUDGET_BYTES=2147483648
WEIGHT_BUDGET_SOURCE=ENV
WEIGHT_BUDGET_INPUT=2048
WEIGHT_BUDGET_PARSE=PASS
WEIGHT_BUDGET_MIB=2048
WEIGHT_BUDGET_BYTES=2147483648
WEIGHT_BUDGET_SOURCE=ENV
WEIGHT_BUDGET_INPUT=2048
WEIGHT_BUDGET_PARSE=PASS
WEIGHT_BUDGET_MIB=2048
WEIGHT_BUDGET_BYTES=2147483648
WEIGHT_BUDGET_SOURCE=ENV
WEIGHT_BUDGET_INPUT=2048
WEIGHT_BUDGET_PARSE=PASS
WEIGHT_BUDGET_MIB=2048
WEIGHT_BUDGET_BYTES=2147483648
WEIGHT_BUDGET_SOURCE=ENV
WEIGHT_BUDGET_INPUT=2048
WEIGHT_BUDGET_PARSE=PASS
WEIGHT_BUDGET_MIB=2048
WEIGHT_BUDGET_BYTES=2147483648
WEIGHT_BUDGET_SOURCE=ENV
WEIGHT_BUDGET_INPUT=2048
WEIGHT_BUDGET_PARSE=PASS
WEIGHT_BUDGET_MIB=2048
WEIGHT_BUDGET_BYTES=2147483648
WEIGHT_BUDGET_SOURCE=ENV
WEIGHT_BUDGET_INPUT=2048
WEIGHT_BUDGET_PARSE=PASS
WEIGHT_BUDGET_MIB=2048
WEIGHT_BUDGET_BYTES=2147483648
WEIGHT_BUDGET_SOURCE=ENV
WEIGHT_BUDGET_INPUT=2048
WEIGHT_BUDGET_PARSE=PASS
WEIGHT_BUDGET_MIB=2048
WEIGHT_BUDGET_BYTES=2147483648
WEIGHT_BUDGET_SOURCE=ENV
HEAP_OK_FINAL_NORM_BEFORE=1
FINAL_NORM_SRC_PTR=00000211F8354060
FINAL_NORM_DST_PTR=00000211F8354060
FINAL_NORM_WEIGHT_PTR=00000211A0D30000
FINAL_NORM_WEIGHT_SOURCE=HOST_MAPPED
FINAL_NORM_WEIGHT_FULFILLED=1
FINAL_NORM_WEIGHT_BYTES=12288
FINAL_NORM_WEIGHT_0=1.765625
FINAL_NORM_WEIGHT_1=1.75
FINAL_NORM_WEIGHT_2=1.5625
FINAL_NORM_WEIGHT_3=1.7734375
FINAL_NORM_WEIGHT_L2=91.4481258
FINAL_NORM_SUMSQ=6235.55357
FINAL_NORM_MEAN_SQ=2.02980259
FINAL_NORM_EPS=9.99999975e-06
FINAL_NORM_INV_RMS=0.70189482
FINAL_NORM_SRC_0=-0.66720134
FINAL_NORM_DST_0=-0.826851308
FINAL_NORM_AFTER_L2=66.1913782
HEAP_OK_FINAL_NORM_AFTER=1
HEAP_OK_COMPUTE_LOGITS_ENTER=1
HEAP_OK_LOGITS_LINEARW_BEFORE=1
HEAP_OK_LOGITS_LINEARW_AFTER=1
PERSISTENT_DECODE_TOKEN t=9 kv=46 devices=2 model=1 gpu_res=1 ssvk=1 bind=1 sealed=0 dev_create=1 model_load=1 cmd_rebuild=0 ds_reset=0
RESIDENCY_TOKEN t=9 kv=46 devices=2 model=1 gpu_res=1 dev_create=1 model_load=1 weight_up=197 weight_hit=7821 content_hit=7812 reload_B=0 pin_evict=0 pin_rej=0 res_B=1032192000
BATCH2_PRODUCT_DECODE_BIND=PASS token=9
ROOFLINE_TOKEN t=10 dt_ns=1023946300 wup=197 s0=690 s1=598
WEIGHT_BUDGET_INPUT=2048
WEIGHT_BUDGET_PARSE=PASS
WEIGHT_BUDGET_MIB=2048
WEIGHT_BUDGET_BYTES=2147483648
WEIGHT_BUDGET_SOURCE=ENV
WEIGHT_BUDGET_INPUT=2048
WEIGHT_BUDGET_PARSE=PASS
WEIGHT_BUDGET_MIB=2048
WEIGHT_BUDGET_BYTES=2147483648
WEIGHT_BUDGET_SOURCE=ENV
WEIGHT_BUDGET_INPUT=2048
WEIGHT_BUDGET_PARSE=PASS
WEIGHT_BUDGET_MIB=2048
WEIGHT_BUDGET_BYTES=2147483648
WEIGHT_BUDGET_SOURCE=ENV
WEIGHT_BUDGET_INPUT=2048
WEIGHT_BUDGET_PARSE=PASS
WEIGHT_BUDGET_MIB=2048
WEIGHT_BUDGET_BYTES=2147483648
WEIGHT_BUDGET_SOURCE=ENV
WEIGHT_BUDGET_INPUT=2048
WEIGHT_BUDGET_PARSE=PASS
WEIGHT_BUDGET_MIB=2048
WEIGHT_BUDGET_BYTES=2147483648
WEIGHT_BUDGET_SOURCE=ENV
WEIGHT_BUDGET_INPUT=2048
WEIGHT_BUDGET_PARSE=PASS
WEIGHT_BUDGET_MIB=2048
WEIGHT_BUDGET_BYTES=2147483648
WEIGHT_BUDGET_SOURCE=ENV
WEIGHT_BUDGET_INPUT=2048
WEIGHT_BUDGET_PARSE=PASS
WEIGHT_BUDGET_MIB=2048
WEIGHT_BUDGET_BYTES=2147483648
WEIGHT_BUDGET_SOURCE=ENV
WEIGHT_BUDGET_INPUT=2048
WEIGHT_BUDGET_PARSE=PASS
WEIGHT_BUDGET_MIB=2048
WEIGHT_BUDGET_BYTES=2147483648
WEIGHT_BUDGET_SOURCE=ENV
WEIGHT_BUDGET_INPUT=2048
WEIGHT_BUDGET_PARSE=PASS
WEIGHT_BUDGET_MIB=2048
WEIGHT_BUDGET_BYTES=2147483648
WEIGHT_BUDGET_SOURCE=ENV
WEIGHT_BUDGET_INPUT=2048
WEIGHT_BUDGET_PARSE=PASS
WEIGHT_BUDGET_MIB=2048
WEIGHT_BUDGET_BYTES=2147483648
WEIGHT_BUDGET_SOURCE=ENV
WEIGHT_BUDGET_INPUT=2048
WEIGHT_BUDGET_PARSE=PASS
WEIGHT_BUDGET_MIB=2048
WEIGHT_BUDGET_BYTES=2147483648
WEIGHT_BUDGET_SOURCE=ENV
WEIGHT_BUDGET_INPUT=2048
WEIGHT_BUDGET_PARSE=PASS
WEIGHT_BUDGET_MIB=2048
WEIGHT_BUDGET_BYTES=2147483648
WEIGHT_BUDGET_SOURCE=ENV
WEIGHT_BUDGET_INPUT=2048
WEIGHT_BUDGET_PARSE=PASS
WEIGHT_BUDGET_MIB=2048
WEIGHT_BUDGET_BYTES=2147483648
WEIGHT_BUDGET_SOURCE=ENV
WEIGHT_BUDGET_INPUT=2048
WEIGHT_BUDGET_PARSE=PASS
WEIGHT_BUDGET_MIB=2048
WEIGHT_BUDGET_BYTES=2147483648
WEIGHT_BUDGET_SOURCE=ENV
WEIGHT_BUDGET_INPUT=2048
WEIGHT_BUDGET_PARSE=PASS
WEIGHT_BUDGET_MIB=2048
WEIGHT_BUDGET_BYTES=2147483648
WEIGHT_BUDGET_SOURCE=ENV
WEIGHT_BUDGET_INPUT=2048
WEIGHT_BUDGET_PARSE=PASS
WEIGHT_BUDGET_MIB=2048
WEIGHT_BUDGET_BYTES=2147483648
WEIGHT_BUDGET_SOURCE=ENV
WEIGHT_BUDGET_INPUT=2048
WEIGHT_BUDGET_PARSE=PASS
WEIGHT_BUDGET_MIB=2048
WEIGHT_BUDGET_BYTES=2147483648
WEIGHT_BUDGET_SOURCE=ENV
WEIGHT_BUDGET_INPUT=2048
WEIGHT_BUDGET_PARSE=PASS
WEIGHT_BUDGET_MIB=2048
WEIGHT_BUDGET_BYTES=2147483648
WEIGHT_BUDGET_SOURCE=ENV
WEIGHT_BUDGET_INPUT=2048
WEIGHT_BUDGET_PARSE=PASS
WEIGHT_BUDGET_MIB=2048
WEIGHT_BUDGET_BYTES=2147483648
WEIGHT_BUDGET_SOURCE=ENV
WEIGHT_BUDGET_INPUT=2048
WEIGHT_BUDGET_PARSE=PASS
WEIGHT_BUDGET_MIB=2048
WEIGHT_BUDGET_BYTES=2147483648
WEIGHT_BUDGET_SOURCE=ENV
WEIGHT_BUDGET_INPUT=2048
WEIGHT_BUDGET_PARSE=PASS
WEIGHT_BUDGET_MIB=2048
WEIGHT_BUDGET_BYTES=2147483648
WEIGHT_BUDGET_SOURCE=ENV
WEIGHT_BUDGET_INPUT=2048
WEIGHT_BUDGET_PARSE=PASS
WEIGHT_BUDGET_MIB=2048
WEIGHT_BUDGET_BYTES=2147483648
WEIGHT_BUDGET_SOURCE=ENV
WEIGHT_BUDGET_INPUT=2048
WEIGHT_BUDGET_PARSE=PASS
WEIGHT_BUDGET_MIB=2048
WEIGHT_BUDGET_BYTES=2147483648
WEIGHT_BUDGET_SOURCE=ENV
WEIGHT_BUDGET_INPUT=2048
WEIGHT_BUDGET_PARSE=PASS
WEIGHT_BUDGET_MIB=2048
WEIGHT_BUDGET_BYTES=2147483648
WEIGHT_BUDGET_SOURCE=ENV
WEIGHT_BUDGET_INPUT=2048
WEIGHT_BUDGET_PARSE=PASS
WEIGHT_BUDGET_MIB=2048
WEIGHT_BUDGET_BYTES=2147483648
WEIGHT_BUDGET_SOURCE=ENV
WEIGHT_BUDGET_INPUT=2048
WEIGHT_BUDGET_PARSE=PASS
WEIGHT_BUDGET_MIB=2048
WEIGHT_BUDGET_BYTES=2147483648
WEIGHT_BUDGET_SOURCE=ENV
WEIGHT_BUDGET_INPUT=2048
WEIGHT_BUDGET_PARSE=PASS
WEIGHT_BUDGET_MIB=2048
WEIGHT_BUDGET_BYTES=2147483648
WEIGHT_BUDGET_SOURCE=ENV
WEIGHT_BUDGET_INPUT=2048
WEIGHT_BUDGET_PARSE=PASS
WEIGHT_BUDGET_MIB=2048
WEIGHT_BUDGET_BYTES=2147483648
WEIGHT_BUDGET_SOURCE=ENV
WEIGHT_BUDGET_INPUT=2048
WEIGHT_BUDGET_PARSE=PASS
WEIGHT_BUDGET_MIB=2048
WEIGHT_BUDGET_BYTES=2147483648
WEIGHT_BUDGET_SOURCE=ENV
WEIGHT_BUDGET_INPUT=2048
WEIGHT_BUDGET_PARSE=PASS
WEIGHT_BUDGET_MIB=2048
WEIGHT_BUDGET_BYTES=2147483648
WEIGHT_BUDGET_SOURCE=ENV
HEAP_OK_FINAL_NORM_BEFORE=1
FINAL_NORM_SRC_PTR=00000211F8357060
FINAL_NORM_DST_PTR=00000211F8357060
FINAL_NORM_WEIGHT_PTR=00000211A0D30000
FINAL_NORM_WEIGHT_SOURCE=HOST_MAPPED
FINAL_NORM_WEIGHT_FULFILLED=1
FINAL_NORM_WEIGHT_BYTES=12288
FINAL_NORM_WEIGHT_0=1.765625
FINAL_NORM_WEIGHT_1=1.75
FINAL_NORM_WEIGHT_2=1.5625
FINAL_NORM_WEIGHT_3=1.7734375
FINAL_NORM_WEIGHT_L2=91.4481258
FINAL_NORM_SUMSQ=6689.7625
FINAL_NORM_MEAN_SQ=2.17765707
FINAL_NORM_EPS=9.99999975e-06
FINAL_NORM_INV_RMS=0.677648187
FINAL_NORM_SRC_0=-0.91012603
FINAL_NORM_DST_0=-1.08894086
FINAL_NORM_AFTER_L2=66.1776257
HEAP_OK_FINAL_NORM_AFTER=1
HEAP_OK_COMPUTE_LOGITS_ENTER=1
HEAP_OK_LOGITS_LINEARW_BEFORE=1
HEAP_OK_LOGITS_LINEARW_AFTER=1
PERSISTENT_DECODE_TOKEN t=10 kv=47 devices=2 model=1 gpu_res=1 ssvk=1 bind=1 sealed=0 dev_create=1 model_load=1 cmd_rebuild=0 ds_reset=0
RESIDENCY_TOKEN t=10 kv=47 devices=2 model=1 gpu_res=1 dev_create=1 model_load=1 weight_up=197 weight_hit=7906 content_hit=7896 reload_B=0 pin_evict=0 pin_rej=0 res_B=1032192000
BATCH2_PRODUCT_DECODE_BIND=PASS token=10
ROOFLINE_TOKEN t=11 dt_ns=1027958700 wup=197 s0=705 s1=611
WEIGHT_BUDGET_INPUT=2048
WEIGHT_BUDGET_PARSE=PASS
WEIGHT_BUDGET_MIB=2048
WEIGHT_BUDGET_BYTES=2147483648
WEIGHT_BUDGET_SOURCE=ENV
WEIGHT_BUDGET_INPUT=2048
WEIGHT_BUDGET_PARSE=PASS
WEIGHT_BUDGET_MIB=2048
WEIGHT_BUDGET_BYTES=2147483648
WEIGHT_BUDGET_SOURCE=ENV
WEIGHT_BUDGET_INPUT=2048
WEIGHT_BUDGET_PARSE=PASS
WEIGHT_BUDGET_MIB=2048
WEIGHT_BUDGET_BYTES=2147483648
WEIGHT_BUDGET_SOURCE=ENV
WEIGHT_BUDGET_INPUT=2048
WEIGHT_BUDGET_PARSE=PASS
WEIGHT_BUDGET_MIB=2048
WEIGHT_BUDGET_BYTES=2147483648
WEIGHT_BUDGET_SOURCE=ENV
WEIGHT_BUDGET_INPUT=2048
WEIGHT_BUDGET_PARSE=PASS
WEIGHT_BUDGET_MIB=2048
WEIGHT_BUDGET_BYTES=2147483648
WEIGHT_BUDGET_SOURCE=ENV
WEIGHT_BUDGET_INPUT=2048
WEIGHT_BUDGET_PARSE=PASS
WEIGHT_BUDGET_MIB=2048
WEIGHT_BUDGET_BYTES=2147483648
WEIGHT_BUDGET_SOURCE=ENV
WEIGHT_BUDGET_INPUT=2048
WEIGHT_BUDGET_PARSE=PASS
WEIGHT_BUDGET_MIB=2048
WEIGHT_BUDGET_BYTES=2147483648
WEIGHT_BUDGET_SOURCE=ENV
WEIGHT_BUDGET_INPUT=2048
WEIGHT_BUDGET_PARSE=PASS
WEIGHT_BUDGET_MIB=2048
WEIGHT_BUDGET_BYTES=2147483648
WEIGHT_BUDGET_SOURCE=ENV
WEIGHT_BUDGET_INPUT=2048
WEIGHT_BUDGET_PARSE=PASS
WEIGHT_BUDGET_MIB=2048
WEIGHT_BUDGET_BYTES=2147483648
WEIGHT_BUDGET_SOURCE=ENV
WEIGHT_BUDGET_INPUT=2048
WEIGHT_BUDGET_PARSE=PASS
WEIGHT_BUDGET_MIB=2048
WEIGHT_BUDGET_BYTES=2147483648
WEIGHT_BUDGET_SOURCE=ENV
WEIGHT_BUDGET_INPUT=2048
WEIGHT_BUDGET_PARSE=PASS
WEIGHT_BUDGET_MIB=2048
WEIGHT_BUDGET_BYTES=2147483648
WEIGHT_BUDGET_SOURCE=ENV
WEIGHT_BUDGET_INPUT=2048
WEIGHT_BUDGET_PARSE=PASS
WEIGHT_BUDGET_MIB=2048
WEIGHT_BUDGET_BYTES=2147483648
WEIGHT_BUDGET_SOURCE=ENV
WEIGHT_BUDGET_INPUT=2048
WEIGHT_BUDGET_PARSE=PASS
WEIGHT_BUDGET_MIB=2048
WEIGHT_BUDGET_BYTES=2147483648
WEIGHT_BUDGET_SOURCE=ENV
WEIGHT_BUDGET_INPUT=2048
WEIGHT_BUDGET_PARSE=PASS
WEIGHT_BUDGET_MIB=2048
WEIGHT_BUDGET_BYTES=2147483648
WEIGHT_BUDGET_SOURCE=ENV
WEIGHT_BUDGET_INPUT=2048
WEIGHT_BUDGET_PARSE=PASS
WEIGHT_BUDGET_MIB=2048
WEIGHT_BUDGET_BYTES=2147483648
WEIGHT_BUDGET_SOURCE=ENV
WEIGHT_BUDGET_INPUT=2048
WEIGHT_BUDGET_PARSE=PASS
WEIGHT_BUDGET_MIB=2048
WEIGHT_BUDGET_BYTES=2147483648
WEIGHT_BUDGET_SOURCE=ENV
WEIGHT_BUDGET_INPUT=2048
WEIGHT_BUDGET_PARSE=PASS
WEIGHT_BUDGET_MIB=2048
WEIGHT_BUDGET_BYTES=2147483648
WEIGHT_BUDGET_SOURCE=ENV
WEIGHT_BUDGET_INPUT=2048
WEIGHT_BUDGET_PARSE=PASS
WEIGHT_BUDGET_MIB=2048
WEIGHT_BUDGET_BYTES=2147483648
WEIGHT_BUDGET_SOURCE=ENV
WEIGHT_BUDGET_INPUT=2048
WEIGHT_BUDGET_PARSE=PASS
WEIGHT_BUDGET_MIB=2048
WEIGHT_BUDGET_BYTES=2147483648
WEIGHT_BUDGET_SOURCE=ENV
WEIGHT_BUDGET_INPUT=2048
WEIGHT_BUDGET_PARSE=PASS
WEIGHT_BUDGET_MIB=2048
WEIGHT_BUDGET_BYTES=2147483648
WEIGHT_BUDGET_SOURCE=ENV
WEIGHT_BUDGET_INPUT=2048
WEIGHT_BUDGET_PARSE=PASS
WEIGHT_BUDGET_MIB=2048
WEIGHT_BUDGET_BYTES=2147483648
WEIGHT_BUDGET_SOURCE=ENV
WEIGHT_BUDGET_INPUT=2048
WEIGHT_BUDGET_PARSE=PASS
WEIGHT_BUDGET_MIB=2048
WEIGHT_BUDGET_BYTES=2147483648
WEIGHT_BUDGET_SOURCE=ENV
WEIGHT_BUDGET_INPUT=2048
WEIGHT_BUDGET_PARSE=PASS
WEIGHT_BUDGET_MIB=2048
WEIGHT_BUDGET_BYTES=2147483648
WEIGHT_BUDGET_SOURCE=ENV
WEIGHT_BUDGET_INPUT=2048
WEIGHT_BUDGET_PARSE=PASS
WEIGHT_BUDGET_MIB=2048
WEIGHT_BUDGET_BYTES=2147483648
WEIGHT_BUDGET_SOURCE=ENV
WEIGHT_BUDGET_INPUT=2048
WEIGHT_BUDGET_PARSE=PASS
WEIGHT_BUDGET_MIB=2048
WEIGHT_BUDGET_BYTES=2147483648
WEIGHT_BUDGET_SOURCE=ENV
WEIGHT_BUDGET_INPUT=2048
WEIGHT_BUDGET_PARSE=PASS
WEIGHT_BUDGET_MIB=2048
WEIGHT_BUDGET_BYTES=2147483648
WEIGHT_BUDGET_SOURCE=ENV
WEIGHT_BUDGET_INPUT=2048
WEIGHT_BUDGET_PARSE=PASS
WEIGHT_BUDGET_MIB=2048
WEIGHT_BUDGET_BYTES=2147483648
WEIGHT_BUDGET_SOURCE=ENV
WEIGHT_BUDGET_INPUT=2048
WEIGHT_BUDGET_PARSE=PASS
WEIGHT_BUDGET_MIB=2048
WEIGHT_BUDGET_BYTES=2147483648
WEIGHT_BUDGET_SOURCE=ENV
WEIGHT_BUDGET_INPUT=2048
WEIGHT_BUDGET_PARSE=PASS
WEIGHT_BUDGET_MIB=2048
WEIGHT_BUDGET_BYTES=2147483648
WEIGHT_BUDGET_SOURCE=ENV
WEIGHT_BUDGET_INPUT=2048
WEIGHT_BUDGET_PARSE=PASS
WEIGHT_BUDGET_MIB=2048
WEIGHT_BUDGET_BYTES=2147483648
WEIGHT_BUDGET_SOURCE=ENV
HEAP_OK_FINAL_NORM_BEFORE=1
FINAL_NORM_SRC_PTR=00000211F835A060
FINAL_NORM_DST_PTR=00000211F835A060
FINAL_NORM_WEIGHT_PTR=00000211A0D30000
FINAL_NORM_WEIGHT_SOURCE=HOST_MAPPED
FINAL_NORM_WEIGHT_FULFILLED=1
FINAL_NORM_WEIGHT_BYTES=12288
FINAL_NORM_WEIGHT_0=1.765625
FINAL_NORM_WEIGHT_1=1.75
FINAL_NORM_WEIGHT_2=1.5625
FINAL_NORM_WEIGHT_3=1.7734375
FINAL_NORM_WEIGHT_L2=91.4481258
FINAL_NORM_SUMSQ=6877.61324
FINAL_NORM_MEAN_SQ=2.23880639
FINAL_NORM_EPS=9.99999975e-06
FINAL_NORM_INV_RMS=0.668329656
FINAL_NORM_SRC_0=-0.695542216
FINAL_NORM_DST_0=-0.820753455
FINAL_NORM_AFTER_L2=66.6190636
HEAP_OK_FINAL_NORM_AFTER=1
HEAP_OK_COMPUTE_LOGITS_ENTER=1
HEAP_OK_LOGITS_LINEARW_BEFORE=1
HEAP_OK_LOGITS_LINEARW_AFTER=1
PERSISTENT_DECODE_TOKEN t=11 kv=48 devices=2 model=1 gpu_res=1 ssvk=1 bind=1 sealed=0 dev_create=1 model_load=1 cmd_rebuild=0 ds_reset=0
RESIDENCY_TOKEN t=11 kv=48 devices=2 model=1 gpu_res=1 dev_create=1 model_load=1 weight_up=197 weight_hit=7991 content_hit=7980 reload_B=0 pin_evict=0 pin_rej=0 res_B=1032192000
BATCH2_PRODUCT_DECODE_BIND=PASS token=11
ROOFLINE_TOKEN t=12 dt_ns=1027862000 wup=197 s0=720 s1=624
WEIGHT_BUDGET_INPUT=2048
WEIGHT_BUDGET_PARSE=PASS
WEIGHT_BUDGET_MIB=2048
WEIGHT_BUDGET_BYTES=2147483648
WEIGHT_BUDGET_SOURCE=ENV
WEIGHT_BUDGET_INPUT=2048
WEIGHT_BUDGET_PARSE=PASS
WEIGHT_BUDGET_MIB=2048
WEIGHT_BUDGET_BYTES=2147483648
WEIGHT_BUDGET_SOURCE=ENV
WEIGHT_BUDGET_INPUT=2048
WEIGHT_BUDGET_PARSE=PASS
WEIGHT_BUDGET_MIB=2048
WEIGHT_BUDGET_BYTES=2147483648
WEIGHT_BUDGET_SOURCE=ENV
WEIGHT_BUDGET_INPUT=2048
WEIGHT_BUDGET_PARSE=PASS
WEIGHT_BUDGET_MIB=2048
WEIGHT_BUDGET_BYTES=2147483648
WEIGHT_BUDGET_SOURCE=ENV
WEIGHT_BUDGET_INPUT=2048
WEIGHT_BUDGET_PARSE=PASS
WEIGHT_BUDGET_MIB=2048
WEIGHT_BUDGET_BYTES=2147483648
WEIGHT_BUDGET_SOURCE=ENV
WEIGHT_BUDGET_INPUT=2048
WEIGHT_BUDGET_PARSE=PASS
WEIGHT_BUDGET_MIB=2048
WEIGHT_BUDGET_BYTES=2147483648
WEIGHT_BUDGET_SOURCE=ENV
WEIGHT_BUDGET_INPUT=2048
WEIGHT_BUDGET_PARSE=PASS
WEIGHT_BUDGET_MIB=2048
WEIGHT_BUDGET_BYTES=2147483648
WEIGHT_BUDGET_SOURCE=ENV
WEIGHT_BUDGET_INPUT=2048
WEIGHT_BUDGET_PARSE=PASS
WEIGHT_BUDGET_MIB=2048
WEIGHT_BUDGET_BYTES=2147483648
WEIGHT_BUDGET_SOURCE=ENV
WEIGHT_BUDGET_INPUT=2048
WEIGHT_BUDGET_PARSE=PASS
WEIGHT_BUDGET_MIB=2048
WEIGHT_BUDGET_BYTES=2147483648
WEIGHT_BUDGET_SOURCE=ENV
WEIGHT_BUDGET_INPUT=2048
WEIGHT_BUDGET_PARSE=PASS
WEIGHT_BUDGET_MIB=2048
WEIGHT_BUDGET_BYTES=2147483648
WEIGHT_BUDGET_SOURCE=ENV
WEIGHT_BUDGET_INPUT=2048
WEIGHT_BUDGET_PARSE=PASS
WEIGHT_BUDGET_MIB=2048
WEIGHT_BUDGET_BYTES=2147483648
WEIGHT_BUDGET_SOURCE=ENV
WEIGHT_BUDGET_INPUT=2048
WEIGHT_BUDGET_PARSE=PASS
WEIGHT_BUDGET_MIB=2048
WEIGHT_BUDGET_BYTES=2147483648
WEIGHT_BUDGET_SOURCE=ENV
WEIGHT_BUDGET_INPUT=2048
WEIGHT_BUDGET_PARSE=PASS
WEIGHT_BUDGET_MIB=2048
WEIGHT_BUDGET_BYTES=2147483648
WEIGHT_BUDGET_SOURCE=ENV
WEIGHT_BUDGET_INPUT=2048
WEIGHT_BUDGET_PARSE=PASS
WEIGHT_BUDGET_MIB=2048
WEIGHT_BUDGET_BYTES=2147483648
WEIGHT_BUDGET_SOURCE=ENV
WEIGHT_BUDGET_INPUT=2048
WEIGHT_BUDGET_PARSE=PASS
WEIGHT_BUDGET_MIB=2048
WEIGHT_BUDGET_BYTES=2147483648
WEIGHT_BUDGET_SOURCE=ENV
WEIGHT_BUDGET_INPUT=2048
WEIGHT_BUDGET_PARSE=PASS
WEIGHT_BUDGET_MIB=2048
WEIGHT_BUDGET_BYTES=2147483648
WEIGHT_BUDGET_SOURCE=ENV
WEIGHT_BUDGET_INPUT=2048
WEIGHT_BUDGET_PARSE=PASS
WEIGHT_BUDGET_MIB=2048
WEIGHT_BUDGET_BYTES=2147483648
WEIGHT_BUDGET_SOURCE=ENV
WEIGHT_BUDGET_INPUT=2048
WEIGHT_BUDGET_PARSE=PASS
WEIGHT_BUDGET_MIB=2048
WEIGHT_BUDGET_BYTES=2147483648
WEIGHT_BUDGET_SOURCE=ENV
WEIGHT_BUDGET_INPUT=2048
WEIGHT_BUDGET_PARSE=PASS
WEIGHT_BUDGET_MIB=2048
WEIGHT_BUDGET_BYTES=2147483648
WEIGHT_BUDGET_SOURCE=ENV
WEIGHT_BUDGET_INPUT=2048
WEIGHT_BUDGET_PARSE=PASS
WEIGHT_BUDGET_MIB=2048
WEIGHT_BUDGET_BYTES=2147483648
WEIGHT_BUDGET_SOURCE=ENV
WEIGHT_BUDGET_INPUT=2048
WEIGHT_BUDGET_PARSE=PASS
WEIGHT_BUDGET_MIB=2048
WEIGHT_BUDGET_BYTES=2147483648
WEIGHT_BUDGET_SOURCE=ENV
WEIGHT_BUDGET_INPUT=2048
WEIGHT_BUDGET_PARSE=PASS
WEIGHT_BUDGET_MIB=2048
WEIGHT_BUDGET_BYTES=2147483648
WEIGHT_BUDGET_SOURCE=ENV
WEIGHT_BUDGET_INPUT=2048
WEIGHT_BUDGET_PARSE=PASS
WEIGHT_BUDGET_MIB=2048
WEIGHT_BUDGET_BYTES=2147483648
WEIGHT_BUDGET_SOURCE=ENV
WEIGHT_BUDGET_INPUT=2048
WEIGHT_BUDGET_PARSE=PASS
WEIGHT_BUDGET_MIB=2048
WEIGHT_BUDGET_BYTES=2147483648
WEIGHT_BUDGET_SOURCE=ENV
WEIGHT_BUDGET_INPUT=2048
WEIGHT_BUDGET_PARSE=PASS
WEIGHT_BUDGET_MIB=2048
WEIGHT_BUDGET_BYTES=2147483648
WEIGHT_BUDGET_SOURCE=ENV
WEIGHT_BUDGET_INPUT=2048
WEIGHT_BUDGET_PARSE=PASS
WEIGHT_BUDGET_MIB=2048
WEIGHT_BUDGET_BYTES=2147483648
WEIGHT_BUDGET_SOURCE=ENV
WEIGHT_BUDGET_INPUT=2048
WEIGHT_BUDGET_PARSE=PASS
WEIGHT_BUDGET_MIB=2048
WEIGHT_BUDGET_BYTES=2147483648
WEIGHT_BUDGET_SOURCE=ENV
WEIGHT_BUDGET_INPUT=2048
WEIGHT_BUDGET_PARSE=PASS
WEIGHT_BUDGET_MIB=2048
WEIGHT_BUDGET_BYTES=2147483648
WEIGHT_BUDGET_SOURCE=ENV
WEIGHT_BUDGET_INPUT=2048
WEIGHT_BUDGET_PARSE=PASS
WEIGHT_BUDGET_MIB=2048
WEIGHT_BUDGET_BYTES=2147483648
WEIGHT_BUDGET_SOURCE=ENV
WEIGHT_BUDGET_INPUT=2048
WEIGHT_BUDGET_PARSE=PASS
WEIGHT_BUDGET_MIB=2048
WEIGHT_BUDGET_BYTES=2147483648
WEIGHT_BUDGET_SOURCE=ENV
HEAP_OK_FINAL_NORM_BEFORE=1
FINAL_NORM_SRC_PTR=00000211F835D060
FINAL_NORM_DST_PTR=00000211F835D060
FINAL_NORM_WEIGHT_PTR=00000211A0D30000
FINAL_NORM_WEIGHT_SOURCE=HOST_MAPPED
FINAL_NORM_WEIGHT_FULFILLED=1
FINAL_NORM_WEIGHT_BYTES=12288
FINAL_NORM_WEIGHT_0=1.765625
FINAL_NORM_WEIGHT_1=1.75
FINAL_NORM_WEIGHT_2=1.5625
FINAL_NORM_WEIGHT_3=1.7734375
FINAL_NORM_WEIGHT_L2=91.4481258
FINAL_NORM_SUMSQ=8462.78021
FINAL_NORM_MEAN_SQ=2.75481126
FINAL_NORM_EPS=9.99999975e-06
FINAL_NORM_INV_RMS=0.602494776
FINAL_NORM_SRC_0=-0.502160907
FINAL_NORM_DST_0=-0.534188688
FINAL_NORM_AFTER_L2=63.4836627
HEAP_OK_FINAL_NORM_AFTER=1
HEAP_OK_COMPUTE_LOGITS_ENTER=1
HEAP_OK_LOGITS_LINEARW_BEFORE=1
HEAP_OK_LOGITS_LINEARW_AFTER=1
PERSISTENT_DECODE_TOKEN t=12 kv=49 devices=2 model=1 gpu_res=1 ssvk=1 bind=1 sealed=0 dev_create=1 model_load=1 cmd_rebuild=0 ds_reset=0
RESIDENCY_TOKEN t=12 kv=49 devices=2 model=1 gpu_res=1 dev_create=1 model_load=1 weight_up=197 weight_hit=8076 content_hit=8064 reload_B=0 pin_evict=0 pin_rej=0 res_B=1032192000
BATCH2_PRODUCT_DECODE_BIND=PASS token=12
ROOFLINE_TOKEN t=13 dt_ns=1020250300 wup=197 s0=735 s1=637
WEIGHT_BUDGET_INPUT=2048
WEIGHT_BUDGET_PARSE=PASS
WEIGHT_BUDGET_MIB=2048
WEIGHT_BUDGET_BYTES=2147483648
WEIGHT_BUDGET_SOURCE=ENV
WEIGHT_BUDGET_INPUT=2048
WEIGHT_BUDGET_PARSE=PASS
WEIGHT_BUDGET_MIB=2048
WEIGHT_BUDGET_BYTES=2147483648
WEIGHT_BUDGET_SOURCE=ENV
WEIGHT_BUDGET_INPUT=2048
WEIGHT_BUDGET_PARSE=PASS
WEIGHT_BUDGET_MIB=2048
WEIGHT_BUDGET_BYTES=2147483648
WEIGHT_BUDGET_SOURCE=ENV
WEIGHT_BUDGET_INPUT=2048
WEIGHT_BUDGET_PARSE=PASS
WEIGHT_BUDGET_MIB=2048
WEIGHT_BUDGET_BYTES=2147483648
WEIGHT_BUDGET_SOURCE=ENV
WEIGHT_BUDGET_INPUT=2048
WEIGHT_BUDGET_PARSE=PASS
WEIGHT_BUDGET_MIB=2048
WEIGHT_BUDGET_BYTES=2147483648
WEIGHT_BUDGET_SOURCE=ENV
WEIGHT_BUDGET_INPUT=2048
WEIGHT_BUDGET_PARSE=PASS
WEIGHT_BUDGET_MIB=2048
WEIGHT_BUDGET_BYTES=2147483648
WEIGHT_BUDGET_SOURCE=ENV
WEIGHT_BUDGET_INPUT=2048
WEIGHT_BUDGET_PARSE=PASS
WEIGHT_BUDGET_MIB=2048
WEIGHT_BUDGET_BYTES=2147483648
WEIGHT_BUDGET_SOURCE=ENV
WEIGHT_BUDGET_INPUT=2048
WEIGHT_BUDGET_PARSE=PASS
WEIGHT_BUDGET_MIB=2048
WEIGHT_BUDGET_BYTES=2147483648
WEIGHT_BUDGET_SOURCE=ENV
WEIGHT_BUDGET_INPUT=2048
WEIGHT_BUDGET_PARSE=PASS
WEIGHT_BUDGET_MIB=2048
WEIGHT_BUDGET_BYTES=2147483648
WEIGHT_BUDGET_SOURCE=ENV
WEIGHT_BUDGET_INPUT=2048
WEIGHT_BUDGET_PARSE=PASS
WEIGHT_BUDGET_MIB=2048
WEIGHT_BUDGET_BYTES=2147483648
WEIGHT_BUDGET_SOURCE=ENV
WEIGHT_BUDGET_INPUT=2048
WEIGHT_BUDGET_PARSE=PASS
WEIGHT_BUDGET_MIB=2048
WEIGHT_BUDGET_BYTES=2147483648
WEIGHT_BUDGET_SOURCE=ENV
WEIGHT_BUDGET_INPUT=2048
WEIGHT_BUDGET_PARSE=PASS
WEIGHT_BUDGET_MIB=2048
WEIGHT_BUDGET_BYTES=2147483648
WEIGHT_BUDGET_SOURCE=ENV
WEIGHT_BUDGET_INPUT=2048
WEIGHT_BUDGET_PARSE=PASS
WEIGHT_BUDGET_MIB=2048
WEIGHT_BUDGET_BYTES=2147483648
WEIGHT_BUDGET_SOURCE=ENV
WEIGHT_BUDGET_INPUT=2048
WEIGHT_BUDGET_PARSE=PASS
WEIGHT_BUDGET_MIB=2048
WEIGHT_BUDGET_BYTES=2147483648
WEIGHT_BUDGET_SOURCE=ENV
WEIGHT_BUDGET_INPUT=2048
WEIGHT_BUDGET_PARSE=PASS
WEIGHT_BUDGET_MIB=2048
WEIGHT_BUDGET_BYTES=2147483648
WEIGHT_BUDGET_SOURCE=ENV
WEIGHT_BUDGET_INPUT=2048
WEIGHT_BUDGET_PARSE=PASS
WEIGHT_BUDGET_MIB=2048
WEIGHT_BUDGET_BYTES=2147483648
WEIGHT_BUDGET_SOURCE=ENV
WEIGHT_BUDGET_INPUT=2048
WEIGHT_BUDGET_PARSE=PASS
WEIGHT_BUDGET_MIB=2048
WEIGHT_BUDGET_BYTES=2147483648
WEIGHT_BUDGET_SOURCE=ENV
WEIGHT_BUDGET_INPUT=2048
WEIGHT_BUDGET_PARSE=PASS
WEIGHT_BUDGET_MIB=2048
WEIGHT_BUDGET_BYTES=2147483648
WEIGHT_BUDGET_SOURCE=ENV
WEIGHT_BUDGET_INPUT=2048
WEIGHT_BUDGET_PARSE=PASS
WEIGHT_BUDGET_MIB=2048
WEIGHT_BUDGET_BYTES=2147483648
WEIGHT_BUDGET_SOURCE=ENV
WEIGHT_BUDGET_INPUT=2048
WEIGHT_BUDGET_PARSE=PASS
WEIGHT_BUDGET_MIB=2048
WEIGHT_BUDGET_BYTES=2147483648
WEIGHT_BUDGET_SOURCE=ENV
WEIGHT_BUDGET_INPUT=2048
WEIGHT_BUDGET_PARSE=PASS
WEIGHT_BUDGET_MIB=2048
WEIGHT_BUDGET_BYTES=2147483648
WEIGHT_BUDGET_SOURCE=ENV
WEIGHT_BUDGET_INPUT=2048
WEIGHT_BUDGET_PARSE=PASS
WEIGHT_BUDGET_MIB=2048
WEIGHT_BUDGET_BYTES=2147483648
WEIGHT_BUDGET_SOURCE=ENV
WEIGHT_BUDGET_INPUT=2048
WEIGHT_BUDGET_PARSE=PASS
WEIGHT_BUDGET_MIB=2048
WEIGHT_BUDGET_BYTES=2147483648
WEIGHT_BUDGET_SOURCE=ENV
WEIGHT_BUDGET_INPUT=2048
WEIGHT_BUDGET_PARSE=PASS
WEIGHT_BUDGET_MIB=2048
WEIGHT_BUDGET_BYTES=2147483648
WEIGHT_BUDGET_SOURCE=ENV
WEIGHT_BUDGET_INPUT=2048
WEIGHT_BUDGET_PARSE=PASS
WEIGHT_BUDGET_MIB=2048
WEIGHT_BUDGET_BYTES=2147483648
WEIGHT_BUDGET_SOURCE=ENV
WEIGHT_BUDGET_INPUT=2048
WEIGHT_BUDGET_PARSE=PASS
WEIGHT_BUDGET_MIB=2048
WEIGHT_BUDGET_BYTES=2147483648
WEIGHT_BUDGET_SOURCE=ENV
WEIGHT_BUDGET_INPUT=2048
WEIGHT_BUDGET_PARSE=PASS
WEIGHT_BUDGET_MIB=2048
WEIGHT_BUDGET_BYTES=2147483648
WEIGHT_BUDGET_SOURCE=ENV
WEIGHT_BUDGET_INPUT=2048
WEIGHT_BUDGET_PARSE=PASS
WEIGHT_BUDGET_MIB=2048
WEIGHT_BUDGET_BYTES=2147483648
WEIGHT_BUDGET_SOURCE=ENV
WEIGHT_BUDGET_INPUT=2048
WEIGHT_BUDGET_PARSE=PASS
WEIGHT_BUDGET_MIB=2048
WEIGHT_BUDGET_BYTES=2147483648
WEIGHT_BUDGET_SOURCE=ENV
WEIGHT_BUDGET_INPUT=2048
WEIGHT_BUDGET_PARSE=PASS
WEIGHT_BUDGET_MIB=2048
WEIGHT_BUDGET_BYTES=2147483648
WEIGHT_BUDGET_SOURCE=ENV
HEAP_OK_FINAL_NORM_BEFORE=1
FINAL_NORM_SRC_PTR=00000211F8360060
FINAL_NORM_DST_PTR=00000211F8360060
FINAL_NORM_WEIGHT_PTR=00000211A0D30000
FINAL_NORM_WEIGHT_SOURCE=HOST_MAPPED
FINAL_NORM_WEIGHT_FULFILLED=1
FINAL_NORM_WEIGHT_BYTES=12288
FINAL_NORM_WEIGHT_0=1.765625
FINAL_NORM_WEIGHT_1=1.75
FINAL_NORM_WEIGHT_2=1.5625
FINAL_NORM_WEIGHT_3=1.7734375
FINAL_NORM_WEIGHT_L2=91.4481258
FINAL_NORM_SUMSQ=8872.68515
FINAL_NORM_MEAN_SQ=2.88824386
FINAL_NORM_EPS=9.99999975e-06
FINAL_NORM_INV_RMS=0.58841306
FINAL_NORM_SRC_0=-0.0939869881
FINAL_NORM_DST_0=-0.0976446643
FINAL_NORM_AFTER_L2=62.3839548
HEAP_OK_FINAL_NORM_AFTER=1
HEAP_OK_COMPUTE_LOGITS_ENTER=1
HEAP_OK_LOGITS_LINEARW_BEFORE=1
HEAP_OK_LOGITS_LINEARW_AFTER=1
PERSISTENT_DECODE_TOKEN t=13 kv=50 devices=2 model=1 gpu_res=1 ssvk=1 bind=1 sealed=0 dev_create=1 model_load=1 cmd_rebuild=0 ds_reset=0
RESIDENCY_TOKEN t=13 kv=50 devices=2 model=1 gpu_res=1 dev_create=1 model_load=1 weight_up=197 weight_hit=8161 content_hit=8148 reload_B=0 pin_evict=0 pin_rej=0 res_B=1032192000
BATCH2_PRODUCT_DECODE_BIND=PASS token=13
ROOFLINE_TOKEN t=14 dt_ns=1056850200 wup=197 s0=750 s1=650
WEIGHT_BUDGET_INPUT=2048
WEIGHT_BUDGET_PARSE=PASS
WEIGHT_BUDGET_MIB=2048
WEIGHT_BUDGET_BYTES=2147483648
WEIGHT_BUDGET_SOURCE=ENV
WEIGHT_BUDGET_INPUT=2048
WEIGHT_BUDGET_PARSE=PASS
WEIGHT_BUDGET_MIB=2048
WEIGHT_BUDGET_BYTES=2147483648
WEIGHT_BUDGET_SOURCE=ENV
WEIGHT_BUDGET_INPUT=2048
WEIGHT_BUDGET_PARSE=PASS
WEIGHT_BUDGET_MIB=2048
WEIGHT_BUDGET_BYTES=2147483648
WEIGHT_BUDGET_SOURCE=ENV
WEIGHT_BUDGET_INPUT=2048
WEIGHT_BUDGET_PARSE=PASS
WEIGHT_BUDGET_MIB=2048
WEIGHT_BUDGET_BYTES=2147483648
WEIGHT_BUDGET_SOURCE=ENV
WEIGHT_BUDGET_INPUT=2048
WEIGHT_BUDGET_PARSE=PASS
WEIGHT_BUDGET_MIB=2048
WEIGHT_BUDGET_BYTES=2147483648
WEIGHT_BUDGET_SOURCE=ENV
WEIGHT_BUDGET_INPUT=2048
WEIGHT_BUDGET_PARSE=PASS
WEIGHT_BUDGET_MIB=2048
WEIGHT_BUDGET_BYTES=2147483648
WEIGHT_BUDGET_SOURCE=ENV
WEIGHT_BUDGET_INPUT=2048
WEIGHT_BUDGET_PARSE=PASS
WEIGHT_BUDGET_MIB=2048
WEIGHT_BUDGET_BYTES=2147483648
WEIGHT_BUDGET_SOURCE=ENV
WEIGHT_BUDGET_INPUT=2048
WEIGHT_BUDGET_PARSE=PASS
WEIGHT_BUDGET_MIB=2048
WEIGHT_BUDGET_BYTES=2147483648
WEIGHT_BUDGET_SOURCE=ENV
WEIGHT_BUDGET_INPUT=2048
WEIGHT_BUDGET_PARSE=PASS
WEIGHT_BUDGET_MIB=2048
WEIGHT_BUDGET_BYTES=2147483648
WEIGHT_BUDGET_SOURCE=ENV
WEIGHT_BUDGET_INPUT=2048
WEIGHT_BUDGET_PARSE=PASS
WEIGHT_BUDGET_MIB=2048
WEIGHT_BUDGET_BYTES=2147483648
WEIGHT_BUDGET_SOURCE=ENV
WEIGHT_BUDGET_INPUT=2048
WEIGHT_BUDGET_PARSE=PASS
WEIGHT_BUDGET_MIB=2048
WEIGHT_BUDGET_BYTES=2147483648
WEIGHT_BUDGET_SOURCE=ENV
WEIGHT_BUDGET_INPUT=2048
WEIGHT_BUDGET_PARSE=PASS
WEIGHT_BUDGET_MIB=2048
WEIGHT_BUDGET_BYTES=2147483648
WEIGHT_BUDGET_SOURCE=ENV
WEIGHT_BUDGET_INPUT=2048
WEIGHT_BUDGET_PARSE=PASS
WEIGHT_BUDGET_MIB=2048
WEIGHT_BUDGET_BYTES=2147483648
WEIGHT_BUDGET_SOURCE=ENV
WEIGHT_BUDGET_INPUT=2048
WEIGHT_BUDGET_PARSE=PASS
WEIGHT_BUDGET_MIB=2048
WEIGHT_BUDGET_BYTES=2147483648
WEIGHT_BUDGET_SOURCE=ENV
WEIGHT_BUDGET_INPUT=2048
WEIGHT_BUDGET_PARSE=PASS
WEIGHT_BUDGET_MIB=2048
WEIGHT_BUDGET_BYTES=2147483648
WEIGHT_BUDGET_SOURCE=ENV
WEIGHT_BUDGET_INPUT=2048
WEIGHT_BUDGET_PARSE=PASS
WEIGHT_BUDGET_MIB=2048
WEIGHT_BUDGET_BYTES=2147483648
WEIGHT_BUDGET_SOURCE=ENV
WEIGHT_BUDGET_INPUT=2048
WEIGHT_BUDGET_PARSE=PASS
WEIGHT_BUDGET_MIB=2048
WEIGHT_BUDGET_BYTES=2147483648
WEIGHT_BUDGET_SOURCE=ENV
WEIGHT_BUDGET_INPUT=2048
WEIGHT_BUDGET_PARSE=PASS
WEIGHT_BUDGET_MIB=2048
WEIGHT_BUDGET_BYTES=2147483648
WEIGHT_BUDGET_SOURCE=ENV
WEIGHT_BUDGET_INPUT=2048
WEIGHT_BUDGET_PARSE=PASS
WEIGHT_BUDGET_MIB=2048
WEIGHT_BUDGET_BYTES=2147483648
WEIGHT_BUDGET_SOURCE=ENV
WEIGHT_BUDGET_INPUT=2048
WEIGHT_BUDGET_PARSE=PASS
WEIGHT_BUDGET_MIB=2048
WEIGHT_BUDGET_BYTES=2147483648
WEIGHT_BUDGET_SOURCE=ENV
WEIGHT_BUDGET_INPUT=2048
WEIGHT_BUDGET_PARSE=PASS
WEIGHT_BUDGET_MIB=2048
WEIGHT_BUDGET_BYTES=2147483648
WEIGHT_BUDGET_SOURCE=ENV
WEIGHT_BUDGET_INPUT=2048
WEIGHT_BUDGET_PARSE=PASS
WEIGHT_BUDGET_MIB=2048
WEIGHT_BUDGET_BYTES=2147483648
WEIGHT_BUDGET_SOURCE=ENV
WEIGHT_BUDGET_INPUT=2048
WEIGHT_BUDGET_PARSE=PASS
WEIGHT_BUDGET_MIB=2048
WEIGHT_BUDGET_BYTES=2147483648
WEIGHT_BUDGET_SOURCE=ENV
WEIGHT_BUDGET_INPUT=2048
WEIGHT_BUDGET_PARSE=PASS
WEIGHT_BUDGET_MIB=2048
WEIGHT_BUDGET_BYTES=2147483648
WEIGHT_BUDGET_SOURCE=ENV
WEIGHT_BUDGET_INPUT=2048
WEIGHT_BUDGET_PARSE=PASS
WEIGHT_BUDGET_MIB=2048
WEIGHT_BUDGET_BYTES=2147483648
WEIGHT_BUDGET_SOURCE=ENV
WEIGHT_BUDGET_INPUT=2048
WEIGHT_BUDGET_PARSE=PASS
WEIGHT_BUDGET_MIB=2048
WEIGHT_BUDGET_BYTES=2147483648
WEIGHT_BUDGET_SOURCE=ENV
WEIGHT_BUDGET_INPUT=2048
WEIGHT_BUDGET_PARSE=PASS
WEIGHT_BUDGET_MIB=2048
WEIGHT_BUDGET_BYTES=2147483648
WEIGHT_BUDGET_SOURCE=ENV
WEIGHT_BUDGET_INPUT=2048
WEIGHT_BUDGET_PARSE=PASS
WEIGHT_BUDGET_MIB=2048
WEIGHT_BUDGET_BYTES=2147483648
WEIGHT_BUDGET_SOURCE=ENV
WEIGHT_BUDGET_INPUT=2048
WEIGHT_BUDGET_PARSE=PASS
WEIGHT_BUDGET_MIB=2048
WEIGHT_BUDGET_BYTES=2147483648
WEIGHT_BUDGET_SOURCE=ENV
WEIGHT_BUDGET_INPUT=2048
WEIGHT_BUDGET_PARSE=PASS
WEIGHT_BUDGET_MIB=2048
WEIGHT_BUDGET_BYTES=2147483648
WEIGHT_BUDGET_SOURCE=ENV
HEAP_OK_FINAL_NORM_BEFORE=1
FINAL_NORM_SRC_PTR=00000211F8363060
FINAL_NORM_DST_PTR=00000211F8363060
FINAL_NORM_WEIGHT_PTR=00000211A0D30000
FINAL_NORM_WEIGHT_SOURCE=HOST_MAPPED
FINAL_NORM_WEIGHT_FULFILLED=1
FINAL_NORM_WEIGHT_BYTES=12288
FINAL_NORM_WEIGHT_0=1.765625
FINAL_NORM_WEIGHT_1=1.75
FINAL_NORM_WEIGHT_2=1.5625
FINAL_NORM_WEIGHT_3=1.7734375
FINAL_NORM_WEIGHT_L2=91.4481258
FINAL_NORM_SUMSQ=8436.82316
FINAL_NORM_MEAN_SQ=2.7463617
FINAL_NORM_EPS=9.99999975e-06
FINAL_NORM_INV_RMS=0.603420854
FINAL_NORM_SRC_0=-0.143951684
FINAL_NORM_DST_0=-0.153368279
FINAL_NORM_AFTER_L2=61.4565316
HEAP_OK_FINAL_NORM_AFTER=1
HEAP_OK_COMPUTE_LOGITS_ENTER=1
HEAP_OK_LOGITS_LINEARW_BEFORE=1
HEAP_OK_LOGITS_LINEARW_AFTER=1
PERSISTENT_DECODE_TOKEN t=14 kv=51 devices=2 model=1 gpu_res=1 ssvk=1 bind=1 sealed=0 dev_create=1 model_load=1 cmd_rebuild=0 ds_reset=0
RESIDENCY_TOKEN t=14 kv=51 devices=2 model=1 gpu_res=1 dev_create=1 model_load=1 weight_up=197 weight_hit=8246 content_hit=8232 reload_B=0 pin_evict=0 pin_rej=0 res_B=1032192000
BATCH2_PRODUCT_DECODE_BIND=PASS token=14
ROOFLINE_TOKEN t=15 dt_ns=1018171600 wup=197 s0=765 s1=663
WEIGHT_BUDGET_INPUT=2048
WEIGHT_BUDGET_PARSE=PASS
WEIGHT_BUDGET_MIB=2048
WEIGHT_BUDGET_BYTES=2147483648
WEIGHT_BUDGET_SOURCE=ENV
WEIGHT_BUDGET_INPUT=2048
WEIGHT_BUDGET_PARSE=PASS
WEIGHT_BUDGET_MIB=2048
WEIGHT_BUDGET_BYTES=2147483648
WEIGHT_BUDGET_SOURCE=ENV
WEIGHT_BUDGET_INPUT=2048
WEIGHT_BUDGET_PARSE=PASS
WEIGHT_BUDGET_MIB=2048
WEIGHT_BUDGET_BYTES=2147483648
WEIGHT_BUDGET_SOURCE=ENV
WEIGHT_BUDGET_INPUT=2048
WEIGHT_BUDGET_PARSE=PASS
WEIGHT_BUDGET_MIB=2048
WEIGHT_BUDGET_BYTES=2147483648
WEIGHT_BUDGET_SOURCE=ENV
WEIGHT_BUDGET_INPUT=2048
WEIGHT_BUDGET_PARSE=PASS
WEIGHT_BUDGET_MIB=2048
WEIGHT_BUDGET_BYTES=2147483648
WEIGHT_BUDGET_SOURCE=ENV
WEIGHT_BUDGET_INPUT=2048
WEIGHT_BUDGET_PARSE=PASS
WEIGHT_BUDGET_MIB=2048
WEIGHT_BUDGET_BYTES=2147483648
WEIGHT_BUDGET_SOURCE=ENV
WEIGHT_BUDGET_INPUT=2048
WEIGHT_BUDGET_PARSE=PASS
WEIGHT_BUDGET_MIB=2048
WEIGHT_BUDGET_BYTES=2147483648
WEIGHT_BUDGET_SOURCE=ENV
WEIGHT_BUDGET_INPUT=2048
WEIGHT_BUDGET_PARSE=PASS
WEIGHT_BUDGET_MIB=2048
WEIGHT_BUDGET_BYTES=2147483648
WEIGHT_BUDGET_SOURCE=ENV
WEIGHT_BUDGET_INPUT=2048
WEIGHT_BUDGET_PARSE=PASS
WEIGHT_BUDGET_MIB=2048
WEIGHT_BUDGET_BYTES=2147483648
WEIGHT_BUDGET_SOURCE=ENV
WEIGHT_BUDGET_INPUT=2048
WEIGHT_BUDGET_PARSE=PASS
WEIGHT_BUDGET_MIB=2048
WEIGHT_BUDGET_BYTES=2147483648
WEIGHT_BUDGET_SOURCE=ENV
WEIGHT_BUDGET_INPUT=2048
WEIGHT_BUDGET_PARSE=PASS
WEIGHT_BUDGET_MIB=2048
WEIGHT_BUDGET_BYTES=2147483648
WEIGHT_BUDGET_SOURCE=ENV
WEIGHT_BUDGET_INPUT=2048
WEIGHT_BUDGET_PARSE=PASS
WEIGHT_BUDGET_MIB=2048
WEIGHT_BUDGET_BYTES=2147483648
WEIGHT_BUDGET_SOURCE=ENV
WEIGHT_BUDGET_INPUT=2048
WEIGHT_BUDGET_PARSE=PASS
WEIGHT_BUDGET_MIB=2048
WEIGHT_BUDGET_BYTES=2147483648
WEIGHT_BUDGET_SOURCE=ENV
WEIGHT_BUDGET_INPUT=2048
WEIGHT_BUDGET_PARSE=PASS
WEIGHT_BUDGET_MIB=2048
WEIGHT_BUDGET_BYTES=2147483648
WEIGHT_BUDGET_SOURCE=ENV
WEIGHT_BUDGET_INPUT=2048
WEIGHT_BUDGET_PARSE=PASS
WEIGHT_BUDGET_MIB=2048
WEIGHT_BUDGET_BYTES=2147483648
WEIGHT_BUDGET_SOURCE=ENV
WEIGHT_BUDGET_INPUT=2048
WEIGHT_BUDGET_PARSE=PASS
WEIGHT_BUDGET_MIB=2048
WEIGHT_BUDGET_BYTES=2147483648
WEIGHT_BUDGET_SOURCE=ENV
WEIGHT_BUDGET_INPUT=2048
WEIGHT_BUDGET_PARSE=PASS
WEIGHT_BUDGET_MIB=2048
WEIGHT_BUDGET_BYTES=2147483648
WEIGHT_BUDGET_SOURCE=ENV
WEIGHT_BUDGET_INPUT=2048
WEIGHT_BUDGET_PARSE=PASS
WEIGHT_BUDGET_MIB=2048
WEIGHT_BUDGET_BYTES=2147483648
WEIGHT_BUDGET_SOURCE=ENV
WEIGHT_BUDGET_INPUT=2048
WEIGHT_BUDGET_PARSE=PASS
WEIGHT_BUDGET_MIB=2048
WEIGHT_BUDGET_BYTES=2147483648
WEIGHT_BUDGET_SOURCE=ENV
WEIGHT_BUDGET_INPUT=2048
WEIGHT_BUDGET_PARSE=PASS
WEIGHT_BUDGET_MIB=2048
WEIGHT_BUDGET_BYTES=2147483648
WEIGHT_BUDGET_SOURCE=ENV
WEIGHT_BUDGET_INPUT=2048
WEIGHT_BUDGET_PARSE=PASS
WEIGHT_BUDGET_MIB=2048
WEIGHT_BUDGET_BYTES=2147483648
WEIGHT_BUDGET_SOURCE=ENV
WEIGHT_BUDGET_INPUT=2048
WEIGHT_BUDGET_PARSE=PASS
WEIGHT_BUDGET_MIB=2048
WEIGHT_BUDGET_BYTES=2147483648
WEIGHT_BUDGET_SOURCE=ENV
WEIGHT_BUDGET_INPUT=2048
WEIGHT_BUDGET_PARSE=PASS
WEIGHT_BUDGET_MIB=2048
WEIGHT_BUDGET_BYTES=2147483648
WEIGHT_BUDGET_SOURCE=ENV
WEIGHT_BUDGET_INPUT=2048
WEIGHT_BUDGET_PARSE=PASS
WEIGHT_BUDGET_MIB=2048
WEIGHT_BUDGET_BYTES=2147483648
WEIGHT_BUDGET_SOURCE=ENV
WEIGHT_BUDGET_INPUT=2048
WEIGHT_BUDGET_PARSE=PASS
WEIGHT_BUDGET_MIB=2048
WEIGHT_BUDGET_BYTES=2147483648
WEIGHT_BUDGET_SOURCE=ENV
WEIGHT_BUDGET_INPUT=2048
WEIGHT_BUDGET_PARSE=PASS
WEIGHT_BUDGET_MIB=2048
WEIGHT_BUDGET_BYTES=2147483648
WEIGHT_BUDGET_SOURCE=ENV
WEIGHT_BUDGET_INPUT=2048
WEIGHT_BUDGET_PARSE=PASS
WEIGHT_BUDGET_MIB=2048
WEIGHT_BUDGET_BYTES=2147483648
WEIGHT_BUDGET_SOURCE=ENV
WEIGHT_BUDGET_INPUT=2048
WEIGHT_BUDGET_PARSE=PASS
WEIGHT_BUDGET_MIB=2048
WEIGHT_BUDGET_BYTES=2147483648
WEIGHT_BUDGET_SOURCE=ENV
WEIGHT_BUDGET_INPUT=2048
WEIGHT_BUDGET_PARSE=PASS
WEIGHT_BUDGET_MIB=2048
WEIGHT_BUDGET_BYTES=2147483648
WEIGHT_BUDGET_SOURCE=ENV
WEIGHT_BUDGET_INPUT=2048
WEIGHT_BUDGET_PARSE=PASS
WEIGHT_BUDGET_MIB=2048
WEIGHT_BUDGET_BYTES=2147483648
WEIGHT_BUDGET_SOURCE=ENV
HEAP_OK_FINAL_NORM_BEFORE=1
FINAL_NORM_SRC_PTR=00000211F8366060
FINAL_NORM_DST_PTR=00000211F8366060
FINAL_NORM_WEIGHT_PTR=00000211A0D30000
FINAL_NORM_WEIGHT_SOURCE=HOST_MAPPED
FINAL_NORM_WEIGHT_FULFILLED=1
FINAL_NORM_WEIGHT_BYTES=12288
FINAL_NORM_WEIGHT_0=1.765625
FINAL_NORM_WEIGHT_1=1.75
FINAL_NORM_WEIGHT_2=1.5625
FINAL_NORM_WEIGHT_3=1.7734375
FINAL_NORM_WEIGHT_L2=91.4481258
FINAL_NORM_SUMSQ=8270.48956
FINAL_NORM_MEAN_SQ=2.69221665
FINAL_NORM_EPS=9.99999975e-06
FINAL_NORM_INV_RMS=0.609458566
FINAL_NORM_SRC_0=-0.254547179
FINAL_NORM_DST_0=-0.273911923
FINAL_NORM_AFTER_L2=60.9493752
HEAP_OK_FINAL_NORM_AFTER=1
HEAP_OK_COMPUTE_LOGITS_ENTER=1
HEAP_OK_LOGITS_LINEARW_BEFORE=1
HEAP_OK_LOGITS_LINEARW_AFTER=1
PERSISTENT_DECODE_TOKEN t=15 kv=52 devices=2 model=1 gpu_res=1 ssvk=1 bind=1 sealed=0 dev_create=1 model_load=1 cmd_rebuild=0 ds_reset=0
RESIDENCY_TOKEN t=15 kv=52 devices=2 model=1 gpu_res=1 dev_create=1 model_load=1 weight_up=197 weight_hit=8331 content_hit=8316 reload_B=0 pin_evict=0 pin_rej=0 res_B=1032192000
BATCH2_PRODUCT_DECODE_BIND=PASS token=15
ROOFLINE_TOKEN t=16 dt_ns=1015179700 wup=197 s0=780 s1=676
WEIGHT_BUDGET_INPUT=2048
WEIGHT_BUDGET_PARSE=PASS
WEIGHT_BUDGET_MIB=2048
WEIGHT_BUDGET_BYTES=2147483648
WEIGHT_BUDGET_SOURCE=ENV
WEIGHT_BUDGET_INPUT=2048
WEIGHT_BUDGET_PARSE=PASS
WEIGHT_BUDGET_MIB=2048
WEIGHT_BUDGET_BYTES=2147483648
WEIGHT_BUDGET_SOURCE=ENV
WEIGHT_BUDGET_INPUT=2048
WEIGHT_BUDGET_PARSE=PASS
WEIGHT_BUDGET_MIB=2048
WEIGHT_BUDGET_BYTES=2147483648
WEIGHT_BUDGET_SOURCE=ENV
WEIGHT_BUDGET_INPUT=2048
WEIGHT_BUDGET_PARSE=PASS
WEIGHT_BUDGET_MIB=2048
WEIGHT_BUDGET_BYTES=2147483648
WEIGHT_BUDGET_SOURCE=ENV
WEIGHT_BUDGET_INPUT=2048
WEIGHT_BUDGET_PARSE=PASS
WEIGHT_BUDGET_MIB=2048
WEIGHT_BUDGET_BYTES=2147483648
WEIGHT_BUDGET_SOURCE=ENV
WEIGHT_BUDGET_INPUT=2048
WEIGHT_BUDGET_PARSE=PASS
WEIGHT_BUDGET_MIB=2048
WEIGHT_BUDGET_BYTES=2147483648
WEIGHT_BUDGET_SOURCE=ENV
WEIGHT_BUDGET_INPUT=2048
WEIGHT_BUDGET_PARSE=PASS
WEIGHT_BUDGET_MIB=2048
WEIGHT_BUDGET_BYTES=2147483648
WEIGHT_BUDGET_SOURCE=ENV
WEIGHT_BUDGET_INPUT=2048
WEIGHT_BUDGET_PARSE=PASS
WEIGHT_BUDGET_MIB=2048
WEIGHT_BUDGET_BYTES=2147483648
WEIGHT_BUDGET_SOURCE=ENV
WEIGHT_BUDGET_INPUT=2048
WEIGHT_BUDGET_PARSE=PASS
WEIGHT_BUDGET_MIB=2048
WEIGHT_BUDGET_BYTES=2147483648
WEIGHT_BUDGET_SOURCE=ENV
WEIGHT_BUDGET_INPUT=2048
WEIGHT_BUDGET_PARSE=PASS
WEIGHT_BUDGET_MIB=2048
WEIGHT_BUDGET_BYTES=2147483648
WEIGHT_BUDGET_SOURCE=ENV
WEIGHT_BUDGET_INPUT=2048
WEIGHT_BUDGET_PARSE=PASS
WEIGHT_BUDGET_MIB=2048
WEIGHT_BUDGET_BYTES=2147483648
WEIGHT_BUDGET_SOURCE=ENV
WEIGHT_BUDGET_INPUT=2048
WEIGHT_BUDGET_PARSE=PASS
WEIGHT_BUDGET_MIB=2048
WEIGHT_BUDGET_BYTES=2147483648
WEIGHT_BUDGET_SOURCE=ENV
WEIGHT_BUDGET_INPUT=2048
WEIGHT_BUDGET_PARSE=PASS
WEIGHT_BUDGET_MIB=2048
WEIGHT_BUDGET_BYTES=2147483648
WEIGHT_BUDGET_SOURCE=ENV
WEIGHT_BUDGET_INPUT=2048
WEIGHT_BUDGET_PARSE=PASS
WEIGHT_BUDGET_MIB=2048
WEIGHT_BUDGET_BYTES=2147483648
WEIGHT_BUDGET_SOURCE=ENV
WEIGHT_BUDGET_INPUT=2048
WEIGHT_BUDGET_PARSE=PASS
WEIGHT_BUDGET_MIB=2048
WEIGHT_BUDGET_BYTES=2147483648
WEIGHT_BUDGET_SOURCE=ENV
WEIGHT_BUDGET_INPUT=2048
WEIGHT_BUDGET_PARSE=PASS
WEIGHT_BUDGET_MIB=2048
WEIGHT_BUDGET_BYTES=2147483648
WEIGHT_BUDGET_SOURCE=ENV
WEIGHT_BUDGET_INPUT=2048
WEIGHT_BUDGET_PARSE=PASS
WEIGHT_BUDGET_MIB=2048
WEIGHT_BUDGET_BYTES=2147483648
WEIGHT_BUDGET_SOURCE=ENV
WEIGHT_BUDGET_INPUT=2048
WEIGHT_BUDGET_PARSE=PASS
WEIGHT_BUDGET_MIB=2048
WEIGHT_BUDGET_BYTES=2147483648
WEIGHT_BUDGET_SOURCE=ENV
WEIGHT_BUDGET_INPUT=2048
WEIGHT_BUDGET_PARSE=PASS
WEIGHT_BUDGET_MIB=2048
WEIGHT_BUDGET_BYTES=2147483648
WEIGHT_BUDGET_SOURCE=ENV
WEIGHT_BUDGET_INPUT=2048
WEIGHT_BUDGET_PARSE=PASS
WEIGHT_BUDGET_MIB=2048
WEIGHT_BUDGET_BYTES=2147483648
WEIGHT_BUDGET_SOURCE=ENV
WEIGHT_BUDGET_INPUT=2048
WEIGHT_BUDGET_PARSE=PASS
WEIGHT_BUDGET_MIB=2048
WEIGHT_BUDGET_BYTES=2147483648
WEIGHT_BUDGET_SOURCE=ENV
WEIGHT_BUDGET_INPUT=2048
WEIGHT_BUDGET_PARSE=PASS
WEIGHT_BUDGET_MIB=2048
WEIGHT_BUDGET_BYTES=2147483648
WEIGHT_BUDGET_SOURCE=ENV
WEIGHT_BUDGET_INPUT=2048
WEIGHT_BUDGET_PARSE=PASS
WEIGHT_BUDGET_MIB=2048
WEIGHT_BUDGET_BYTES=2147483648
WEIGHT_BUDGET_SOURCE=ENV
WEIGHT_BUDGET_INPUT=2048
WEIGHT_BUDGET_PARSE=PASS
WEIGHT_BUDGET_MIB=2048
WEIGHT_BUDGET_BYTES=2147483648
WEIGHT_BUDGET_SOURCE=ENV
WEIGHT_BUDGET_INPUT=2048
WEIGHT_BUDGET_PARSE=PASS
WEIGHT_BUDGET_MIB=2048
WEIGHT_BUDGET_BYTES=2147483648
WEIGHT_BUDGET_SOURCE=ENV
WEIGHT_BUDGET_INPUT=2048
WEIGHT_BUDGET_PARSE=PASS
WEIGHT_BUDGET_MIB=2048
WEIGHT_BUDGET_BYTES=2147483648
WEIGHT_BUDGET_SOURCE=ENV
WEIGHT_BUDGET_INPUT=2048
WEIGHT_BUDGET_PARSE=PASS
WEIGHT_BUDGET_MIB=2048
WEIGHT_BUDGET_BYTES=2147483648
WEIGHT_BUDGET_SOURCE=ENV
WEIGHT_BUDGET_INPUT=2048
WEIGHT_BUDGET_PARSE=PASS
WEIGHT_BUDGET_MIB=2048
WEIGHT_BUDGET_BYTES=2147483648
WEIGHT_BUDGET_SOURCE=ENV
WEIGHT_BUDGET_INPUT=2048
WEIGHT_BUDGET_PARSE=PASS
WEIGHT_BUDGET_MIB=2048
WEIGHT_BUDGET_BYTES=2147483648
WEIGHT_BUDGET_SOURCE=ENV
WEIGHT_BUDGET_INPUT=2048
WEIGHT_BUDGET_PARSE=PASS
WEIGHT_BUDGET_MIB=2048
WEIGHT_BUDGET_BYTES=2147483648
WEIGHT_BUDGET_SOURCE=ENV
HEAP_OK_FINAL_NORM_BEFORE=1
FINAL_NORM_SRC_PTR=00000211F8369060
FINAL_NORM_DST_PTR=00000211F8369060
FINAL_NORM_WEIGHT_PTR=00000211A0D30000
FINAL_NORM_WEIGHT_SOURCE=HOST_MAPPED
FINAL_NORM_WEIGHT_FULFILLED=1
FINAL_NORM_WEIGHT_BYTES=12288
FINAL_NORM_WEIGHT_0=1.765625
FINAL_NORM_WEIGHT_1=1.75
FINAL_NORM_WEIGHT_2=1.5625
FINAL_NORM_WEIGHT_3=1.7734375
FINAL_NORM_WEIGHT_L2=91.4481258
FINAL_NORM_SUMSQ=9001.20824
FINAL_NORM_MEAN_SQ=2.93008081
FINAL_NORM_EPS=9.99999975e-06
FINAL_NORM_INV_RMS=0.584197164
FINAL_NORM_SRC_0=-0.0751621425
FINAL_NORM_DST_0=-0.0775277242
FINAL_NORM_AFTER_L2=61.6095045
HEAP_OK_FINAL_NORM_AFTER=1
HEAP_OK_COMPUTE_LOGITS_ENTER=1
HEAP_OK_LOGITS_LINEARW_BEFORE=1
HEAP_OK_LOGITS_LINEARW_AFTER=1
PERSISTENT_DECODE_TOKEN t=16 kv=53 devices=2 model=1 gpu_res=1 ssvk=1 bind=1 sealed=0 dev_create=1 model_load=1 cmd_rebuild=0 ds_reset=0
RESIDENCY_TOKEN t=16 kv=53 devices=2 model=1 gpu_res=1 dev_create=1 model_load=1 weight_up=197 weight_hit=8416 content_hit=8400 reload_B=0 pin_evict=0 pin_rej=0 res_B=1032192000
BATCH2_PRODUCT_DECODE_BIND=PASS token=16
BIND16_WINDOW_AUTHORITY=1
ROOFLINE_TOKEN t=17 dt_ns=1021002700 wup=197 s0=795 s1=689
WEIGHT_BUDGET_INPUT=2048
WEIGHT_BUDGET_PARSE=PASS
WEIGHT_BUDGET_MIB=2048
WEIGHT_BUDGET_BYTES=2147483648
WEIGHT_BUDGET_SOURCE=ENV
WEIGHT_BUDGET_INPUT=2048
WEIGHT_BUDGET_PARSE=PASS
WEIGHT_BUDGET_MIB=2048
WEIGHT_BUDGET_BYTES=2147483648
WEIGHT_BUDGET_SOURCE=ENV
WEIGHT_BUDGET_INPUT=2048
WEIGHT_BUDGET_PARSE=PASS
WEIGHT_BUDGET_MIB=2048
WEIGHT_BUDGET_BYTES=2147483648
WEIGHT_BUDGET_SOURCE=ENV
WEIGHT_BUDGET_INPUT=2048
WEIGHT_BUDGET_PARSE=PASS
WEIGHT_BUDGET_MIB=2048
WEIGHT_BUDGET_BYTES=2147483648
WEIGHT_BUDGET_SOURCE=ENV
WEIGHT_BUDGET_INPUT=2048
WEIGHT_BUDGET_PARSE=PASS
WEIGHT_BUDGET_MIB=2048
WEIGHT_BUDGET_BYTES=2147483648
WEIGHT_BUDGET_SOURCE=ENV
WEIGHT_BUDGET_INPUT=2048
WEIGHT_BUDGET_PARSE=PASS
WEIGHT_BUDGET_MIB=2048
WEIGHT_BUDGET_BYTES=2147483648
WEIGHT_BUDGET_SOURCE=ENV
WEIGHT_BUDGET_INPUT=2048
WEIGHT_BUDGET_PARSE=PASS
WEIGHT_BUDGET_MIB=2048
WEIGHT_BUDGET_BYTES=2147483648
WEIGHT_BUDGET_SOURCE=ENV
WEIGHT_BUDGET_INPUT=2048
WEIGHT_BUDGET_PARSE=PASS
WEIGHT_BUDGET_MIB=2048
WEIGHT_BUDGET_BYTES=2147483648
WEIGHT_BUDGET_SOURCE=ENV
WEIGHT_BUDGET_INPUT=2048
WEIGHT_BUDGET_PARSE=PASS
WEIGHT_BUDGET_MIB=2048
WEIGHT_BUDGET_BYTES=2147483648
WEIGHT_BUDGET_SOURCE=ENV
WEIGHT_BUDGET_INPUT=2048
WEIGHT_BUDGET_PARSE=PASS
WEIGHT_BUDGET_MIB=2048
WEIGHT_BUDGET_BYTES=2147483648
WEIGHT_BUDGET_SOURCE=ENV
WEIGHT_BUDGET_INPUT=2048
WEIGHT_BUDGET_PARSE=PASS
WEIGHT_BUDGET_MIB=2048
WEIGHT_BUDGET_BYTES=2147483648
WEIGHT_BUDGET_SOURCE=ENV
WEIGHT_BUDGET_INPUT=2048
WEIGHT_BUDGET_PARSE=PASS
WEIGHT_BUDGET_MIB=2048
WEIGHT_BUDGET_BYTES=2147483648
WEIGHT_BUDGET_SOURCE=ENV
WEIGHT_BUDGET_INPUT=2048
WEIGHT_BUDGET_PARSE=PASS
WEIGHT_BUDGET_MIB=2048
WEIGHT_BUDGET_BYTES=2147483648
WEIGHT_BUDGET_SOURCE=ENV
WEIGHT_BUDGET_INPUT=2048
WEIGHT_BUDGET_PARSE=PASS
WEIGHT_BUDGET_MIB=2048
WEIGHT_BUDGET_BYTES=2147483648
WEIGHT_BUDGET_SOURCE=ENV
WEIGHT_BUDGET_INPUT=2048
WEIGHT_BUDGET_PARSE=PASS
WEIGHT_BUDGET_MIB=2048
WEIGHT_BUDGET_BYTES=2147483648
WEIGHT_BUDGET_SOURCE=ENV
WEIGHT_BUDGET_INPUT=2048
WEIGHT_BUDGET_PARSE=PASS
WEIGHT_BUDGET_MIB=2048
WEIGHT_BUDGET_BYTES=2147483648
WEIGHT_BUDGET_SOURCE=ENV
WEIGHT_BUDGET_INPUT=2048
WEIGHT_BUDGET_PARSE=PASS
WEIGHT_BUDGET_MIB=2048
WEIGHT_BUDGET_BYTES=2147483648
WEIGHT_BUDGET_SOURCE=ENV
WEIGHT_BUDGET_INPUT=2048
WEIGHT_BUDGET_PARSE=PASS
WEIGHT_BUDGET_MIB=2048
WEIGHT_BUDGET_BYTES=2147483648
WEIGHT_BUDGET_SOURCE=ENV
WEIGHT_BUDGET_INPUT=2048
WEIGHT_BUDGET_PARSE=PASS
WEIGHT_BUDGET_MIB=2048
WEIGHT_BUDGET_BYTES=2147483648
WEIGHT_BUDGET_SOURCE=ENV
WEIGHT_BUDGET_INPUT=2048
WEIGHT_BUDGET_PARSE=PASS
WEIGHT_BUDGET_MIB=2048
WEIGHT_BUDGET_BYTES=2147483648
WEIGHT_BUDGET_SOURCE=ENV
WEIGHT_BUDGET_INPUT=2048
WEIGHT_BUDGET_PARSE=PASS
WEIGHT_BUDGET_MIB=2048
WEIGHT_BUDGET_BYTES=2147483648
WEIGHT_BUDGET_SOURCE=ENV
WEIGHT_BUDGET_INPUT=2048
WEIGHT_BUDGET_PARSE=PASS
WEIGHT_BUDGET_MIB=2048
WEIGHT_BUDGET_BYTES=2147483648
WEIGHT_BUDGET_SOURCE=ENV
WEIGHT_BUDGET_INPUT=2048
WEIGHT_BUDGET_PARSE=PASS
WEIGHT_BUDGET_MIB=2048
WEIGHT_BUDGET_BYTES=2147483648
WEIGHT_BUDGET_SOURCE=ENV
WEIGHT_BUDGET_INPUT=2048
WEIGHT_BUDGET_PARSE=PASS
WEIGHT_BUDGET_MIB=2048
WEIGHT_BUDGET_BYTES=2147483648
WEIGHT_BUDGET_SOURCE=ENV
WEIGHT_BUDGET_INPUT=2048
WEIGHT_BUDGET_PARSE=PASS
WEIGHT_BUDGET_MIB=2048
WEIGHT_BUDGET_BYTES=2147483648
WEIGHT_BUDGET_SOURCE=ENV
WEIGHT_BUDGET_INPUT=2048
WEIGHT_BUDGET_PARSE=PASS
WEIGHT_BUDGET_MIB=2048
WEIGHT_BUDGET_BYTES=2147483648
WEIGHT_BUDGET_SOURCE=ENV
WEIGHT_BUDGET_INPUT=2048
WEIGHT_BUDGET_PARSE=PASS
WEIGHT_BUDGET_MIB=2048
WEIGHT_BUDGET_BYTES=2147483648
WEIGHT_BUDGET_SOURCE=ENV
WEIGHT_BUDGET_INPUT=2048
WEIGHT_BUDGET_PARSE=PASS
WEIGHT_BUDGET_MIB=2048
WEIGHT_BUDGET_BYTES=2147483648
WEIGHT_BUDGET_SOURCE=ENV
WEIGHT_BUDGET_INPUT=2048
WEIGHT_BUDGET_PARSE=PASS
WEIGHT_BUDGET_MIB=2048
WEIGHT_BUDGET_BYTES=2147483648
WEIGHT_BUDGET_SOURCE=ENV
WEIGHT_BUDGET_INPUT=2048
WEIGHT_BUDGET_PARSE=PASS
WEIGHT_BUDGET_MIB=2048
WEIGHT_BUDGET_BYTES=2147483648
WEIGHT_BUDGET_SOURCE=ENV
HEAP_OK_FINAL_NORM_BEFORE=1
FINAL_NORM_SRC_PTR=00000211F836C060
FINAL_NORM_DST_PTR=00000211F836C060
FINAL_NORM_WEIGHT_PTR=00000211A0D30000
FINAL_NORM_WEIGHT_SOURCE=HOST_MAPPED
FINAL_NORM_WEIGHT_FULFILLED=1
FINAL_NORM_WEIGHT_BYTES=12288
FINAL_NORM_WEIGHT_0=1.765625
FINAL_NORM_WEIGHT_1=1.75
FINAL_NORM_WEIGHT_2=1.5625
FINAL_NORM_WEIGHT_3=1.7734375
FINAL_NORM_WEIGHT_L2=91.4481258
FINAL_NORM_SUMSQ=8858.3924
FINAL_NORM_MEAN_SQ=2.88359127
FINAL_NORM_EPS=9.99999975e-06
FINAL_NORM_INV_RMS=0.588887632
FINAL_NORM_SRC_0=-0.100763306
FINAL_NORM_DST_0=-0.104769126
FINAL_NORM_AFTER_L2=61.8020784
HEAP_OK_FINAL_NORM_AFTER=1
HEAP_OK_COMPUTE_LOGITS_ENTER=1
HEAP_OK_LOGITS_LINEARW_BEFORE=1
HEAP_OK_LOGITS_LINEARW_AFTER=1
PERSISTENT_DECODE_TOKEN t=17 kv=54 devices=2 model=1 gpu_res=1 ssvk=1 bind=1 sealed=0 dev_create=1 model_load=1 cmd_rebuild=0 ds_reset=0
RESIDENCY_TOKEN t=17 kv=54 devices=2 model=1 gpu_res=1 dev_create=1 model_load=1 weight_up=197 weight_hit=8501 content_hit=8484 reload_B=0 pin_evict=0 pin_rej=0 res_B=1032192000
BATCH2_PRODUCT_DECODE_BIND=PASS token=17
BIND16_WINDOW_AUTHORITY=1
ROOFLINE_TOKEN t=18 dt_ns=1042114400 wup=197 s0=810 s1=702
WEIGHT_BUDGET_INPUT=2048
WEIGHT_BUDGET_PARSE=PASS
WEIGHT_BUDGET_MIB=2048
WEIGHT_BUDGET_BYTES=2147483648
WEIGHT_BUDGET_SOURCE=ENV
WEIGHT_BUDGET_INPUT=2048
WEIGHT_BUDGET_PARSE=PASS
WEIGHT_BUDGET_MIB=2048
WEIGHT_BUDGET_BYTES=2147483648
WEIGHT_BUDGET_SOURCE=ENV
WEIGHT_BUDGET_INPUT=2048
WEIGHT_BUDGET_PARSE=PASS
WEIGHT_BUDGET_MIB=2048
WEIGHT_BUDGET_BYTES=2147483648
WEIGHT_BUDGET_SOURCE=ENV
WEIGHT_BUDGET_INPUT=2048
WEIGHT_BUDGET_PARSE=PASS
WEIGHT_BUDGET_MIB=2048
WEIGHT_BUDGET_BYTES=2147483648
WEIGHT_BUDGET_SOURCE=ENV
WEIGHT_BUDGET_INPUT=2048
WEIGHT_BUDGET_PARSE=PASS
WEIGHT_BUDGET_MIB=2048
WEIGHT_BUDGET_BYTES=2147483648
WEIGHT_BUDGET_SOURCE=ENV
WEIGHT_BUDGET_INPUT=2048
WEIGHT_BUDGET_PARSE=PASS
WEIGHT_BUDGET_MIB=2048
WEIGHT_BUDGET_BYTES=2147483648
WEIGHT_BUDGET_SOURCE=ENV
WEIGHT_BUDGET_INPUT=2048
WEIGHT_BUDGET_PARSE=PASS
WEIGHT_BUDGET_MIB=2048
WEIGHT_BUDGET_BYTES=2147483648
WEIGHT_BUDGET_SOURCE=ENV
WEIGHT_BUDGET_INPUT=2048
WEIGHT_BUDGET_PARSE=PASS
WEIGHT_BUDGET_MIB=2048
WEIGHT_BUDGET_BYTES=2147483648
WEIGHT_BUDGET_SOURCE=ENV
WEIGHT_BUDGET_INPUT=2048
WEIGHT_BUDGET_PARSE=PASS
WEIGHT_BUDGET_MIB=2048
WEIGHT_BUDGET_BYTES=2147483648
WEIGHT_BUDGET_SOURCE=ENV
WEIGHT_BUDGET_INPUT=2048
WEIGHT_BUDGET_PARSE=PASS
WEIGHT_BUDGET_MIB=2048
WEIGHT_BUDGET_BYTES=2147483648
WEIGHT_BUDGET_SOURCE=ENV
WEIGHT_BUDGET_INPUT=2048
WEIGHT_BUDGET_PARSE=PASS
WEIGHT_BUDGET_MIB=2048
WEIGHT_BUDGET_BYTES=2147483648
WEIGHT_BUDGET_SOURCE=ENV
WEIGHT_BUDGET_INPUT=2048
WEIGHT_BUDGET_PARSE=PASS
WEIGHT_BUDGET_MIB=2048
WEIGHT_BUDGET_BYTES=2147483648
WEIGHT_BUDGET_SOURCE=ENV
WEIGHT_BUDGET_INPUT=2048
WEIGHT_BUDGET_PARSE=PASS
WEIGHT_BUDGET_MIB=2048
WEIGHT_BUDGET_BYTES=2147483648
WEIGHT_BUDGET_SOURCE=ENV
WEIGHT_BUDGET_INPUT=2048
WEIGHT_BUDGET_PARSE=PASS
WEIGHT_BUDGET_MIB=2048
WEIGHT_BUDGET_BYTES=2147483648
WEIGHT_BUDGET_SOURCE=ENV
WEIGHT_BUDGET_INPUT=2048
WEIGHT_BUDGET_PARSE=PASS
WEIGHT_BUDGET_MIB=2048
WEIGHT_BUDGET_BYTES=2147483648
WEIGHT_BUDGET_SOURCE=ENV
WEIGHT_BUDGET_INPUT=2048
WEIGHT_BUDGET_PARSE=PASS
WEIGHT_BUDGET_MIB=2048
WEIGHT_BUDGET_BYTES=2147483648
WEIGHT_BUDGET_SOURCE=ENV
WEIGHT_BUDGET_INPUT=2048
WEIGHT_BUDGET_PARSE=PASS
WEIGHT_BUDGET_MIB=2048
WEIGHT_BUDGET_BYTES=2147483648
WEIGHT_BUDGET_SOURCE=ENV
WEIGHT_BUDGET_INPUT=2048
WEIGHT_BUDGET_PARSE=PASS
WEIGHT_BUDGET_MIB=2048
WEIGHT_BUDGET_BYTES=2147483648
WEIGHT_BUDGET_SOURCE=ENV
WEIGHT_BUDGET_INPUT=2048
WEIGHT_BUDGET_PARSE=PASS
WEIGHT_BUDGET_MIB=2048
WEIGHT_BUDGET_BYTES=2147483648
WEIGHT_BUDGET_SOURCE=ENV
WEIGHT_BUDGET_INPUT=2048
WEIGHT_BUDGET_PARSE=PASS
WEIGHT_BUDGET_MIB=2048
WEIGHT_BUDGET_BYTES=2147483648
WEIGHT_BUDGET_SOURCE=ENV
WEIGHT_BUDGET_INPUT=2048
WEIGHT_BUDGET_PARSE=PASS
WEIGHT_BUDGET_MIB=2048
WEIGHT_BUDGET_BYTES=2147483648
WEIGHT_BUDGET_SOURCE=ENV
WEIGHT_BUDGET_INPUT=2048
WEIGHT_BUDGET_PARSE=PASS
WEIGHT_BUDGET_MIB=2048
WEIGHT_BUDGET_BYTES=2147483648
WEIGHT_BUDGET_SOURCE=ENV
WEIGHT_BUDGET_INPUT=2048
WEIGHT_BUDGET_PARSE=PASS
WEIGHT_BUDGET_MIB=2048
WEIGHT_BUDGET_BYTES=2147483648
WEIGHT_BUDGET_SOURCE=ENV
WEIGHT_BUDGET_INPUT=2048
WEIGHT_BUDGET_PARSE=PASS
WEIGHT_BUDGET_MIB=2048
WEIGHT_BUDGET_BYTES=2147483648
WEIGHT_BUDGET_SOURCE=ENV
WEIGHT_BUDGET_INPUT=2048
WEIGHT_BUDGET_PARSE=PASS
WEIGHT_BUDGET_MIB=2048
WEIGHT_BUDGET_BYTES=2147483648
WEIGHT_BUDGET_SOURCE=ENV
WEIGHT_BUDGET_INPUT=2048
WEIGHT_BUDGET_PARSE=PASS
WEIGHT_BUDGET_MIB=2048
WEIGHT_BUDGET_BYTES=2147483648
WEIGHT_BUDGET_SOURCE=ENV
WEIGHT_BUDGET_INPUT=2048
WEIGHT_BUDGET_PARSE=PASS
WEIGHT_BUDGET_MIB=2048
WEIGHT_BUDGET_BYTES=2147483648
WEIGHT_BUDGET_SOURCE=ENV
WEIGHT_BUDGET_INPUT=2048
WEIGHT_BUDGET_PARSE=PASS
WEIGHT_BUDGET_MIB=2048
WEIGHT_BUDGET_BYTES=2147483648
WEIGHT_BUDGET_SOURCE=ENV
WEIGHT_BUDGET_INPUT=2048
WEIGHT_BUDGET_PARSE=PASS
WEIGHT_BUDGET_MIB=2048
WEIGHT_BUDGET_BYTES=2147483648
WEIGHT_BUDGET_SOURCE=ENV
WEIGHT_BUDGET_INPUT=2048
WEIGHT_BUDGET_PARSE=PASS
WEIGHT_BUDGET_MIB=2048
WEIGHT_BUDGET_BYTES=2147483648
WEIGHT_BUDGET_SOURCE=ENV
HEAP_OK_FINAL_NORM_BEFORE=1
FINAL_NORM_SRC_PTR=00000211F836F060
FINAL_NORM_DST_PTR=00000211F836F060
FINAL_NORM_WEIGHT_PTR=00000211A0D30000
FINAL_NORM_WEIGHT_SOURCE=HOST_MAPPED
FINAL_NORM_WEIGHT_FULFILLED=1
FINAL_NORM_WEIGHT_BYTES=12288
FINAL_NORM_WEIGHT_0=1.765625
FINAL_NORM_WEIGHT_1=1.75
FINAL_NORM_WEIGHT_2=1.5625
FINAL_NORM_WEIGHT_3=1.7734375
FINAL_NORM_WEIGHT_L2=91.4481258
FINAL_NORM_SUMSQ=8986.18757
FINAL_NORM_MEAN_SQ=2.92519127
FINAL_NORM_EPS=9.99999975e-06
FINAL_NORM_INV_RMS=0.584685266
FINAL_NORM_SRC_0=-0.136612356
FINAL_NORM_DST_0=-0.141029701
FINAL_NORM_AFTER_L2=61.7661587
HEAP_OK_FINAL_NORM_AFTER=1
HEAP_OK_COMPUTE_LOGITS_ENTER=1
HEAP_OK_LOGITS_LINEARW_BEFORE=1
HEAP_OK_LOGITS_LINEARW_AFTER=1
PERSISTENT_DECODE_TOKEN t=18 kv=55 devices=2 model=1 gpu_res=1 ssvk=1 bind=1 sealed=0 dev_create=1 model_load=1 cmd_rebuild=0 ds_reset=0
RESIDENCY_TOKEN t=18 kv=55 devices=2 model=1 gpu_res=1 dev_create=1 model_load=1 weight_up=197 weight_hit=8586 content_hit=8568 reload_B=0 pin_evict=0 pin_rej=0 res_B=1032192000
BATCH2_PRODUCT_DECODE_BIND=PASS token=18
BIND16_WINDOW_AUTHORITY=1
ROOFLINE_TOKEN t=19 dt_ns=1034201800 wup=197 s0=825 s1=715
WEIGHT_BUDGET_INPUT=2048
WEIGHT_BUDGET_PARSE=PASS
WEIGHT_BUDGET_MIB=2048
WEIGHT_BUDGET_BYTES=2147483648
WEIGHT_BUDGET_SOURCE=ENV
WEIGHT_BUDGET_INPUT=2048
WEIGHT_BUDGET_PARSE=PASS
WEIGHT_BUDGET_MIB=2048
WEIGHT_BUDGET_BYTES=2147483648
WEIGHT_BUDGET_SOURCE=ENV
WEIGHT_BUDGET_INPUT=2048
WEIGHT_BUDGET_PARSE=PASS
WEIGHT_BUDGET_MIB=2048
WEIGHT_BUDGET_BYTES=2147483648
WEIGHT_BUDGET_SOURCE=ENV
WEIGHT_BUDGET_INPUT=2048
WEIGHT_BUDGET_PARSE=PASS
WEIGHT_BUDGET_MIB=2048
WEIGHT_BUDGET_BYTES=2147483648
WEIGHT_BUDGET_SOURCE=ENV
WEIGHT_BUDGET_INPUT=2048
WEIGHT_BUDGET_PARSE=PASS
WEIGHT_BUDGET_MIB=2048
WEIGHT_BUDGET_BYTES=2147483648
WEIGHT_BUDGET_SOURCE=ENV
WEIGHT_BUDGET_INPUT=2048
WEIGHT_BUDGET_PARSE=PASS
WEIGHT_BUDGET_MIB=2048
WEIGHT_BUDGET_BYTES=2147483648
WEIGHT_BUDGET_SOURCE=ENV
WEIGHT_BUDGET_INPUT=2048
WEIGHT_BUDGET_PARSE=PASS
WEIGHT_BUDGET_MIB=2048
WEIGHT_BUDGET_BYTES=2147483648
WEIGHT_BUDGET_SOURCE=ENV
WEIGHT_BUDGET_INPUT=2048
WEIGHT_BUDGET_PARSE=PASS
WEIGHT_BUDGET_MIB=2048
WEIGHT_BUDGET_BYTES=2147483648
WEIGHT_BUDGET_SOURCE=ENV
WEIGHT_BUDGET_INPUT=2048
WEIGHT_BUDGET_PARSE=PASS
WEIGHT_BUDGET_MIB=2048
WEIGHT_BUDGET_BYTES=2147483648
WEIGHT_BUDGET_SOURCE=ENV
WEIGHT_BUDGET_INPUT=2048
WEIGHT_BUDGET_PARSE=PASS
WEIGHT_BUDGET_MIB=2048
WEIGHT_BUDGET_BYTES=2147483648
WEIGHT_BUDGET_SOURCE=ENV
WEIGHT_BUDGET_INPUT=2048
WEIGHT_BUDGET_PARSE=PASS
WEIGHT_BUDGET_MIB=2048
WEIGHT_BUDGET_BYTES=2147483648
WEIGHT_BUDGET_SOURCE=ENV
WEIGHT_BUDGET_INPUT=2048
WEIGHT_BUDGET_PARSE=PASS
WEIGHT_BUDGET_MIB=2048
WEIGHT_BUDGET_BYTES=2147483648
WEIGHT_BUDGET_SOURCE=ENV
WEIGHT_BUDGET_INPUT=2048
WEIGHT_BUDGET_PARSE=PASS
WEIGHT_BUDGET_MIB=2048
WEIGHT_BUDGET_BYTES=2147483648
WEIGHT_BUDGET_SOURCE=ENV
WEIGHT_BUDGET_INPUT=2048
WEIGHT_BUDGET_PARSE=PASS
WEIGHT_BUDGET_MIB=2048
WEIGHT_BUDGET_BYTES=2147483648
WEIGHT_BUDGET_SOURCE=ENV
WEIGHT_BUDGET_INPUT=2048
WEIGHT_BUDGET_PARSE=PASS
WEIGHT_BUDGET_MIB=2048
WEIGHT_BUDGET_BYTES=2147483648
WEIGHT_BUDGET_SOURCE=ENV
WEIGHT_BUDGET_INPUT=2048
WEIGHT_BUDGET_PARSE=PASS
WEIGHT_BUDGET_MIB=2048
WEIGHT_BUDGET_BYTES=2147483648
WEIGHT_BUDGET_SOURCE=ENV
WEIGHT_BUDGET_INPUT=2048
WEIGHT_BUDGET_PARSE=PASS
WEIGHT_BUDGET_MIB=2048
WEIGHT_BUDGET_BYTES=2147483648
WEIGHT_BUDGET_SOURCE=ENV
WEIGHT_BUDGET_INPUT=2048
WEIGHT_BUDGET_PARSE=PASS
WEIGHT_BUDGET_MIB=2048
WEIGHT_BUDGET_BYTES=2147483648
WEIGHT_BUDGET_SOURCE=ENV
WEIGHT_BUDGET_INPUT=2048
WEIGHT_BUDGET_PARSE=PASS
WEIGHT_BUDGET_MIB=2048
WEIGHT_BUDGET_BYTES=2147483648
WEIGHT_BUDGET_SOURCE=ENV
WEIGHT_BUDGET_INPUT=2048
WEIGHT_BUDGET_PARSE=PASS
WEIGHT_BUDGET_MIB=2048
WEIGHT_BUDGET_BYTES=2147483648
WEIGHT_BUDGET_SOURCE=ENV
WEIGHT_BUDGET_INPUT=2048
WEIGHT_BUDGET_PARSE=PASS
WEIGHT_BUDGET_MIB=2048
WEIGHT_BUDGET_BYTES=2147483648
WEIGHT_BUDGET_SOURCE=ENV
WEIGHT_BUDGET_INPUT=2048
WEIGHT_BUDGET_PARSE=PASS
WEIGHT_BUDGET_MIB=2048
WEIGHT_BUDGET_BYTES=2147483648
WEIGHT_BUDGET_SOURCE=ENV
WEIGHT_BUDGET_INPUT=2048
WEIGHT_BUDGET_PARSE=PASS
WEIGHT_BUDGET_MIB=2048
WEIGHT_BUDGET_BYTES=2147483648
WEIGHT_BUDGET_SOURCE=ENV
WEIGHT_BUDGET_INPUT=2048
WEIGHT_BUDGET_PARSE=PASS
WEIGHT_BUDGET_MIB=2048
WEIGHT_BUDGET_BYTES=2147483648
WEIGHT_BUDGET_SOURCE=ENV
WEIGHT_BUDGET_INPUT=2048
WEIGHT_BUDGET_PARSE=PASS
WEIGHT_BUDGET_MIB=2048
WEIGHT_BUDGET_BYTES=2147483648
WEIGHT_BUDGET_SOURCE=ENV
WEIGHT_BUDGET_INPUT=2048
WEIGHT_BUDGET_PARSE=PASS
WEIGHT_BUDGET_MIB=2048
WEIGHT_BUDGET_BYTES=2147483648
WEIGHT_BUDGET_SOURCE=ENV
WEIGHT_BUDGET_INPUT=2048
WEIGHT_BUDGET_PARSE=PASS
WEIGHT_BUDGET_MIB=2048
WEIGHT_BUDGET_BYTES=2147483648
WEIGHT_BUDGET_SOURCE=ENV
WEIGHT_BUDGET_INPUT=2048
WEIGHT_BUDGET_PARSE=PASS
WEIGHT_BUDGET_MIB=2048
WEIGHT_BUDGET_BYTES=2147483648
WEIGHT_BUDGET_SOURCE=ENV
WEIGHT_BUDGET_INPUT=2048
WEIGHT_BUDGET_PARSE=PASS
WEIGHT_BUDGET_MIB=2048
WEIGHT_BUDGET_BYTES=2147483648
WEIGHT_BUDGET_SOURCE=ENV
WEIGHT_BUDGET_INPUT=2048
WEIGHT_BUDGET_PARSE=PASS
WEIGHT_BUDGET_MIB=2048
WEIGHT_BUDGET_BYTES=2147483648
WEIGHT_BUDGET_SOURCE=ENV
HEAP_OK_FINAL_NORM_BEFORE=1
FINAL_NORM_SRC_PTR=00000211F8372060
FINAL_NORM_DST_PTR=00000211F8372060
FINAL_NORM_WEIGHT_PTR=00000211A0D30000
FINAL_NORM_WEIGHT_SOURCE=HOST_MAPPED
FINAL_NORM_WEIGHT_FULFILLED=1
FINAL_NORM_WEIGHT_BYTES=12288
FINAL_NORM_WEIGHT_0=1.765625
FINAL_NORM_WEIGHT_1=1.75
FINAL_NORM_WEIGHT_2=1.5625
FINAL_NORM_WEIGHT_3=1.7734375
FINAL_NORM_WEIGHT_L2=91.4481258
FINAL_NORM_SUMSQ=9315.09967
FINAL_NORM_MEAN_SQ=3.03225901
FINAL_NORM_EPS=9.99999975e-06
FINAL_NORM_INV_RMS=0.57427001
FINAL_NORM_SRC_0=-0.00566186011
FINAL_NORM_DST_0=-0.00574081717
FINAL_NORM_AFTER_L2=62.6585582
HEAP_OK_FINAL_NORM_AFTER=1
HEAP_OK_COMPUTE_LOGITS_ENTER=1
HEAP_OK_LOGITS_LINEARW_BEFORE=1
HEAP_OK_LOGITS_LINEARW_AFTER=1
PERSISTENT_DECODE_TOKEN t=19 kv=56 devices=2 model=1 gpu_res=1 ssvk=1 bind=1 sealed=0 dev_create=1 model_load=1 cmd_rebuild=0 ds_reset=0
RESIDENCY_TOKEN t=19 kv=56 devices=2 model=1 gpu_res=1 dev_create=1 model_load=1 weight_up=197 weight_hit=8671 content_hit=8652 reload_B=0 pin_evict=0 pin_rej=0 res_B=1032192000
BATCH2_PRODUCT_DECODE_BIND=PASS token=19
BIND16_WINDOW_AUTHORITY=1
ROOFLINE_TOKEN t=20 dt_ns=1048591700 wup=197 s0=840 s1=728
WEIGHT_BUDGET_INPUT=2048
WEIGHT_BUDGET_PARSE=PASS
WEIGHT_BUDGET_MIB=2048
WEIGHT_BUDGET_BYTES=2147483648
WEIGHT_BUDGET_SOURCE=ENV
WEIGHT_BUDGET_INPUT=2048
WEIGHT_BUDGET_PARSE=PASS
WEIGHT_BUDGET_MIB=2048
WEIGHT_BUDGET_BYTES=2147483648
WEIGHT_BUDGET_SOURCE=ENV
WEIGHT_BUDGET_INPUT=2048
WEIGHT_BUDGET_PARSE=PASS
WEIGHT_BUDGET_MIB=2048
WEIGHT_BUDGET_BYTES=2147483648
WEIGHT_BUDGET_SOURCE=ENV
WEIGHT_BUDGET_INPUT=2048
WEIGHT_BUDGET_PARSE=PASS
WEIGHT_BUDGET_MIB=2048
WEIGHT_BUDGET_BYTES=2147483648
WEIGHT_BUDGET_SOURCE=ENV
WEIGHT_BUDGET_INPUT=2048
WEIGHT_BUDGET_PARSE=PASS
WEIGHT_BUDGET_MIB=2048
WEIGHT_BUDGET_BYTES=2147483648
WEIGHT_BUDGET_SOURCE=ENV
WEIGHT_BUDGET_INPUT=2048
WEIGHT_BUDGET_PARSE=PASS
WEIGHT_BUDGET_MIB=2048
WEIGHT_BUDGET_BYTES=2147483648
WEIGHT_BUDGET_SOURCE=ENV
WEIGHT_BUDGET_INPUT=2048
WEIGHT_BUDGET_PARSE=PASS
WEIGHT_BUDGET_MIB=2048
WEIGHT_BUDGET_BYTES=2147483648
WEIGHT_BUDGET_SOURCE=ENV
WEIGHT_BUDGET_INPUT=2048
WEIGHT_BUDGET_PARSE=PASS
WEIGHT_BUDGET_MIB=2048
WEIGHT_BUDGET_BYTES=2147483648
WEIGHT_BUDGET_SOURCE=ENV
WEIGHT_BUDGET_INPUT=2048
WEIGHT_BUDGET_PARSE=PASS
WEIGHT_BUDGET_MIB=2048
WEIGHT_BUDGET_BYTES=2147483648
WEIGHT_BUDGET_SOURCE=ENV
WEIGHT_BUDGET_INPUT=2048
WEIGHT_BUDGET_PARSE=PASS
WEIGHT_BUDGET_MIB=2048
WEIGHT_BUDGET_BYTES=2147483648
WEIGHT_BUDGET_SOURCE=ENV
WEIGHT_BUDGET_INPUT=2048
WEIGHT_BUDGET_PARSE=PASS
WEIGHT_BUDGET_MIB=2048
WEIGHT_BUDGET_BYTES=2147483648
WEIGHT_BUDGET_SOURCE=ENV
WEIGHT_BUDGET_INPUT=2048
WEIGHT_BUDGET_PARSE=PASS
WEIGHT_BUDGET_MIB=2048
WEIGHT_BUDGET_BYTES=2147483648
WEIGHT_BUDGET_SOURCE=ENV
WEIGHT_BUDGET_INPUT=2048
WEIGHT_BUDGET_PARSE=PASS
WEIGHT_BUDGET_MIB=2048
WEIGHT_BUDGET_BYTES=2147483648
WEIGHT_BUDGET_SOURCE=ENV
WEIGHT_BUDGET_INPUT=2048
WEIGHT_BUDGET_PARSE=PASS
WEIGHT_BUDGET_MIB=2048
WEIGHT_BUDGET_BYTES=2147483648
WEIGHT_BUDGET_SOURCE=ENV
WEIGHT_BUDGET_INPUT=2048
WEIGHT_BUDGET_PARSE=PASS
WEIGHT_BUDGET_MIB=2048
WEIGHT_BUDGET_BYTES=2147483648
WEIGHT_BUDGET_SOURCE=ENV
WEIGHT_BUDGET_INPUT=2048
WEIGHT_BUDGET_PARSE=PASS
WEIGHT_BUDGET_MIB=2048
WEIGHT_BUDGET_BYTES=2147483648
WEIGHT_BUDGET_SOURCE=ENV
WEIGHT_BUDGET_INPUT=2048
WEIGHT_BUDGET_PARSE=PASS
WEIGHT_BUDGET_MIB=2048
WEIGHT_BUDGET_BYTES=2147483648
WEIGHT_BUDGET_SOURCE=ENV
WEIGHT_BUDGET_INPUT=2048
WEIGHT_BUDGET_PARSE=PASS
WEIGHT_BUDGET_MIB=2048
WEIGHT_BUDGET_BYTES=2147483648
WEIGHT_BUDGET_SOURCE=ENV
WEIGHT_BUDGET_INPUT=2048
WEIGHT_BUDGET_PARSE=PASS
WEIGHT_BUDGET_MIB=2048
WEIGHT_BUDGET_BYTES=2147483648
WEIGHT_BUDGET_SOURCE=ENV
WEIGHT_BUDGET_INPUT=2048
WEIGHT_BUDGET_PARSE=PASS
WEIGHT_BUDGET_MIB=2048
WEIGHT_BUDGET_BYTES=2147483648
WEIGHT_BUDGET_SOURCE=ENV
WEIGHT_BUDGET_INPUT=2048
WEIGHT_BUDGET_PARSE=PASS
WEIGHT_BUDGET_MIB=2048
WEIGHT_BUDGET_BYTES=2147483648
WEIGHT_BUDGET_SOURCE=ENV
WEIGHT_BUDGET_INPUT=2048
WEIGHT_BUDGET_PARSE=PASS
WEIGHT_BUDGET_MIB=2048
WEIGHT_BUDGET_BYTES=2147483648
WEIGHT_BUDGET_SOURCE=ENV
WEIGHT_BUDGET_INPUT=2048
WEIGHT_BUDGET_PARSE=PASS
WEIGHT_BUDGET_MIB=2048
WEIGHT_BUDGET_BYTES=2147483648
WEIGHT_BUDGET_SOURCE=ENV
WEIGHT_BUDGET_INPUT=2048
WEIGHT_BUDGET_PARSE=PASS
WEIGHT_BUDGET_MIB=2048
WEIGHT_BUDGET_BYTES=2147483648
WEIGHT_BUDGET_SOURCE=ENV
WEIGHT_BUDGET_INPUT=2048
WEIGHT_BUDGET_PARSE=PASS
WEIGHT_BUDGET_MIB=2048
WEIGHT_BUDGET_BYTES=2147483648
WEIGHT_BUDGET_SOURCE=ENV
WEIGHT_BUDGET_INPUT=2048
WEIGHT_BUDGET_PARSE=PASS
WEIGHT_BUDGET_MIB=2048
WEIGHT_BUDGET_BYTES=2147483648
WEIGHT_BUDGET_SOURCE=ENV
WEIGHT_BUDGET_INPUT=2048
WEIGHT_BUDGET_PARSE=PASS
WEIGHT_BUDGET_MIB=2048
WEIGHT_BUDGET_BYTES=2147483648
WEIGHT_BUDGET_SOURCE=ENV
WEIGHT_BUDGET_INPUT=2048
WEIGHT_BUDGET_PARSE=PASS
WEIGHT_BUDGET_MIB=2048
WEIGHT_BUDGET_BYTES=2147483648
WEIGHT_BUDGET_SOURCE=ENV
WEIGHT_BUDGET_INPUT=2048
WEIGHT_BUDGET_PARSE=PASS
WEIGHT_BUDGET_MIB=2048
WEIGHT_BUDGET_BYTES=2147483648
WEIGHT_BUDGET_SOURCE=ENV
WEIGHT_BUDGET_INPUT=2048
WEIGHT_BUDGET_PARSE=PASS
WEIGHT_BUDGET_MIB=2048
WEIGHT_BUDGET_BYTES=2147483648
WEIGHT_BUDGET_SOURCE=ENV
HEAP_OK_FINAL_NORM_BEFORE=1
FINAL_NORM_SRC_PTR=00000211F8375060
FINAL_NORM_DST_PTR=00000211F8375060
FINAL_NORM_WEIGHT_PTR=00000211A0D30000
FINAL_NORM_WEIGHT_SOURCE=HOST_MAPPED
FINAL_NORM_WEIGHT_FULFILLED=1
FINAL_NORM_WEIGHT_BYTES=12288
FINAL_NORM_WEIGHT_0=1.765625
FINAL_NORM_WEIGHT_1=1.75
FINAL_NORM_WEIGHT_2=1.5625
FINAL_NORM_WEIGHT_3=1.7734375
FINAL_NORM_WEIGHT_L2=91.4481258
FINAL_NORM_SUMSQ=9860.50678
FINAL_NORM_MEAN_SQ=3.20980039
FINAL_NORM_EPS=9.99999975e-06
FINAL_NORM_INV_RMS=0.558162034
FINAL_NORM_SRC_0=-0.0845265985
FINAL_NORM_DST_0=-0.0833013728
FINAL_NORM_AFTER_L2=61.7322783
HEAP_OK_FINAL_NORM_AFTER=1
HEAP_OK_COMPUTE_LOGITS_ENTER=1
HEAP_OK_LOGITS_LINEARW_BEFORE=1
HEAP_OK_LOGITS_LINEARW_AFTER=1
PERSISTENT_DECODE_TOKEN t=20 kv=57 devices=2 model=1 gpu_res=1 ssvk=1 bind=1 sealed=0 dev_create=1 model_load=1 cmd_rebuild=0 ds_reset=0
RESIDENCY_TOKEN t=20 kv=57 devices=2 model=1 gpu_res=1 dev_create=1 model_load=1 weight_up=197 weight_hit=8756 content_hit=8736 reload_B=0 pin_evict=0 pin_rej=0 res_B=1032192000
BATCH2_PRODUCT_DECODE_BIND=PASS token=20
BIND16_WINDOW_AUTHORITY=1
ROOFLINE_TOKEN t=21 dt_ns=1059436300 wup=197 s0=855 s1=741
WEIGHT_BUDGET_INPUT=2048
WEIGHT_BUDGET_PARSE=PASS
WEIGHT_BUDGET_MIB=2048
WEIGHT_BUDGET_BYTES=2147483648
WEIGHT_BUDGET_SOURCE=ENV
WEIGHT_BUDGET_INPUT=2048
WEIGHT_BUDGET_PARSE=PASS
WEIGHT_BUDGET_MIB=2048
WEIGHT_BUDGET_BYTES=2147483648
WEIGHT_BUDGET_SOURCE=ENV
WEIGHT_BUDGET_INPUT=2048
WEIGHT_BUDGET_PARSE=PASS
WEIGHT_BUDGET_MIB=2048
WEIGHT_BUDGET_BYTES=2147483648
WEIGHT_BUDGET_SOURCE=ENV
WEIGHT_BUDGET_INPUT=2048
WEIGHT_BUDGET_PARSE=PASS
WEIGHT_BUDGET_MIB=2048
WEIGHT_BUDGET_BYTES=2147483648
WEIGHT_BUDGET_SOURCE=ENV
WEIGHT_BUDGET_INPUT=2048
WEIGHT_BUDGET_PARSE=PASS
WEIGHT_BUDGET_MIB=2048
WEIGHT_BUDGET_BYTES=2147483648
WEIGHT_BUDGET_SOURCE=ENV
WEIGHT_BUDGET_INPUT=2048
WEIGHT_BUDGET_PARSE=PASS
WEIGHT_BUDGET_MIB=2048
WEIGHT_BUDGET_BYTES=2147483648
WEIGHT_BUDGET_SOURCE=ENV
WEIGHT_BUDGET_INPUT=2048
WEIGHT_BUDGET_PARSE=PASS
WEIGHT_BUDGET_MIB=2048
WEIGHT_BUDGET_BYTES=2147483648
WEIGHT_BUDGET_SOURCE=ENV
WEIGHT_BUDGET_INPUT=2048
WEIGHT_BUDGET_PARSE=PASS
WEIGHT_BUDGET_MIB=2048
WEIGHT_BUDGET_BYTES=2147483648
WEIGHT_BUDGET_SOURCE=ENV
WEIGHT_BUDGET_INPUT=2048
WEIGHT_BUDGET_PARSE=PASS
WEIGHT_BUDGET_MIB=2048
WEIGHT_BUDGET_BYTES=2147483648
WEIGHT_BUDGET_SOURCE=ENV
WEIGHT_BUDGET_INPUT=2048
WEIGHT_BUDGET_PARSE=PASS
WEIGHT_BUDGET_MIB=2048
WEIGHT_BUDGET_BYTES=2147483648
WEIGHT_BUDGET_SOURCE=ENV
WEIGHT_BUDGET_INPUT=2048
WEIGHT_BUDGET_PARSE=PASS
WEIGHT_BUDGET_MIB=2048
WEIGHT_BUDGET_BYTES=2147483648
WEIGHT_BUDGET_SOURCE=ENV
WEIGHT_BUDGET_INPUT=2048
WEIGHT_BUDGET_PARSE=PASS
WEIGHT_BUDGET_MIB=2048
WEIGHT_BUDGET_BYTES=2147483648
WEIGHT_BUDGET_SOURCE=ENV
WEIGHT_BUDGET_INPUT=2048
WEIGHT_BUDGET_PARSE=PASS
WEIGHT_BUDGET_MIB=2048
WEIGHT_BUDGET_BYTES=2147483648
WEIGHT_BUDGET_SOURCE=ENV
WEIGHT_BUDGET_INPUT=2048
WEIGHT_BUDGET_PARSE=PASS
WEIGHT_BUDGET_MIB=2048
WEIGHT_BUDGET_BYTES=2147483648
WEIGHT_BUDGET_SOURCE=ENV
WEIGHT_BUDGET_INPUT=2048
WEIGHT_BUDGET_PARSE=PASS
WEIGHT_BUDGET_MIB=2048
WEIGHT_BUDGET_BYTES=2147483648
WEIGHT_BUDGET_SOURCE=ENV
WEIGHT_BUDGET_INPUT=2048
WEIGHT_BUDGET_PARSE=PASS
WEIGHT_BUDGET_MIB=2048
WEIGHT_BUDGET_BYTES=2147483648
WEIGHT_BUDGET_SOURCE=ENV
WEIGHT_BUDGET_INPUT=2048
WEIGHT_BUDGET_PARSE=PASS
WEIGHT_BUDGET_MIB=2048
WEIGHT_BUDGET_BYTES=2147483648
WEIGHT_BUDGET_SOURCE=ENV
WEIGHT_BUDGET_INPUT=2048
WEIGHT_BUDGET_PARSE=PASS
WEIGHT_BUDGET_MIB=2048
WEIGHT_BUDGET_BYTES=2147483648
WEIGHT_BUDGET_SOURCE=ENV
WEIGHT_BUDGET_INPUT=2048
WEIGHT_BUDGET_PARSE=PASS
WEIGHT_BUDGET_MIB=2048
WEIGHT_BUDGET_BYTES=2147483648
WEIGHT_BUDGET_SOURCE=ENV
WEIGHT_BUDGET_INPUT=2048
WEIGHT_BUDGET_PARSE=PASS
WEIGHT_BUDGET_MIB=2048
WEIGHT_BUDGET_BYTES=2147483648
WEIGHT_BUDGET_SOURCE=ENV
WEIGHT_BUDGET_INPUT=2048
WEIGHT_BUDGET_PARSE=PASS
WEIGHT_BUDGET_MIB=2048
WEIGHT_BUDGET_BYTES=2147483648
WEIGHT_BUDGET_SOURCE=ENV
WEIGHT_BUDGET_INPUT=2048
WEIGHT_BUDGET_PARSE=PASS
WEIGHT_BUDGET_MIB=2048
WEIGHT_BUDGET_BYTES=2147483648
WEIGHT_BUDGET_SOURCE=ENV
WEIGHT_BUDGET_INPUT=2048
WEIGHT_BUDGET_PARSE=PASS
WEIGHT_BUDGET_MIB=2048
WEIGHT_BUDGET_BYTES=2147483648
WEIGHT_BUDGET_SOURCE=ENV
WEIGHT_BUDGET_INPUT=2048
WEIGHT_BUDGET_PARSE=PASS
WEIGHT_BUDGET_MIB=2048
WEIGHT_BUDGET_BYTES=2147483648
WEIGHT_BUDGET_SOURCE=ENV
WEIGHT_BUDGET_INPUT=2048
WEIGHT_BUDGET_PARSE=PASS
WEIGHT_BUDGET_MIB=2048
WEIGHT_BUDGET_BYTES=2147483648
WEIGHT_BUDGET_SOURCE=ENV
WEIGHT_BUDGET_INPUT=2048
WEIGHT_BUDGET_PARSE=PASS
WEIGHT_BUDGET_MIB=2048
WEIGHT_BUDGET_BYTES=2147483648
WEIGHT_BUDGET_SOURCE=ENV
WEIGHT_BUDGET_INPUT=2048
WEIGHT_BUDGET_PARSE=PASS
WEIGHT_BUDGET_MIB=2048
WEIGHT_BUDGET_BYTES=2147483648
WEIGHT_BUDGET_SOURCE=ENV
WEIGHT_BUDGET_INPUT=2048
WEIGHT_BUDGET_PARSE=PASS
WEIGHT_BUDGET_MIB=2048
WEIGHT_BUDGET_BYTES=2147483648
WEIGHT_BUDGET_SOURCE=ENV
WEIGHT_BUDGET_INPUT=2048
WEIGHT_BUDGET_PARSE=PASS
WEIGHT_BUDGET_MIB=2048
WEIGHT_BUDGET_BYTES=2147483648
WEIGHT_BUDGET_SOURCE=ENV
WEIGHT_BUDGET_INPUT=2048
WEIGHT_BUDGET_PARSE=PASS
WEIGHT_BUDGET_MIB=2048
WEIGHT_BUDGET_BYTES=2147483648
WEIGHT_BUDGET_SOURCE=ENV
HEAP_OK_FINAL_NORM_BEFORE=1
FINAL_NORM_SRC_PTR=00000211F8378060
FINAL_NORM_DST_PTR=00000211F8378060
FINAL_NORM_WEIGHT_PTR=00000211A0D30000
FINAL_NORM_WEIGHT_SOURCE=HOST_MAPPED
FINAL_NORM_WEIGHT_FULFILLED=1
FINAL_NORM_WEIGHT_BYTES=12288
FINAL_NORM_WEIGHT_0=1.765625
FINAL_NORM_WEIGHT_1=1.75
FINAL_NORM_WEIGHT_2=1.5625
FINAL_NORM_WEIGHT_3=1.7734375
FINAL_NORM_WEIGHT_L2=91.4481258
FINAL_NORM_SUMSQ=10732.9302
FINAL_NORM_MEAN_SQ=3.49379239
FINAL_NORM_EPS=9.99999975e-06
FINAL_NORM_INV_RMS=0.53499639
FINAL_NORM_SRC_0=-0.040474847
FINAL_NORM_DST_0=-0.0382326618
FINAL_NORM_AFTER_L2=61.2809966
HEAP_OK_FINAL_NORM_AFTER=1
HEAP_OK_COMPUTE_LOGITS_ENTER=1
HEAP_OK_LOGITS_LINEARW_BEFORE=1
HEAP_OK_LOGITS_LINEARW_AFTER=1
PERSISTENT_DECODE_TOKEN t=21 kv=58 devices=2 model=1 gpu_res=1 ssvk=1 bind=1 sealed=0 dev_create=1 model_load=1 cmd_rebuild=0 ds_reset=0
RESIDENCY_TOKEN t=21 kv=58 devices=2 model=1 gpu_res=1 dev_create=1 model_load=1 weight_up=197 weight_hit=8841 content_hit=8820 reload_B=0 pin_evict=0 pin_rej=0 res_B=1032192000
BATCH2_PRODUCT_DECODE_BIND=PASS token=21
BIND16_WINDOW_AUTHORITY=1
ROOFLINE_TOKEN t=22 dt_ns=1073320800 wup=197 s0=870 s1=754
WEIGHT_BUDGET_INPUT=2048
WEIGHT_BUDGET_PARSE=PASS
WEIGHT_BUDGET_MIB=2048
WEIGHT_BUDGET_BYTES=2147483648
WEIGHT_BUDGET_SOURCE=ENV
WEIGHT_BUDGET_INPUT=2048
WEIGHT_BUDGET_PARSE=PASS
WEIGHT_BUDGET_MIB=2048
WEIGHT_BUDGET_BYTES=2147483648
WEIGHT_BUDGET_SOURCE=ENV
WEIGHT_BUDGET_INPUT=2048
WEIGHT_BUDGET_PARSE=PASS
WEIGHT_BUDGET_MIB=2048
WEIGHT_BUDGET_BYTES=2147483648
WEIGHT_BUDGET_SOURCE=ENV
WEIGHT_BUDGET_INPUT=2048
WEIGHT_BUDGET_PARSE=PASS
WEIGHT_BUDGET_MIB=2048
WEIGHT_BUDGET_BYTES=2147483648
WEIGHT_BUDGET_SOURCE=ENV
WEIGHT_BUDGET_INPUT=2048
WEIGHT_BUDGET_PARSE=PASS
WEIGHT_BUDGET_MIB=2048
WEIGHT_BUDGET_BYTES=2147483648
WEIGHT_BUDGET_SOURCE=ENV
WEIGHT_BUDGET_INPUT=2048
WEIGHT_BUDGET_PARSE=PASS
WEIGHT_BUDGET_MIB=2048
WEIGHT_BUDGET_BYTES=2147483648
WEIGHT_BUDGET_SOURCE=ENV
WEIGHT_BUDGET_INPUT=2048
WEIGHT_BUDGET_PARSE=PASS
WEIGHT_BUDGET_MIB=2048
WEIGHT_BUDGET_BYTES=2147483648
WEIGHT_BUDGET_SOURCE=ENV
WEIGHT_BUDGET_INPUT=2048
WEIGHT_BUDGET_PARSE=PASS
WEIGHT_BUDGET_MIB=2048
WEIGHT_BUDGET_BYTES=2147483648
WEIGHT_BUDGET_SOURCE=ENV
WEIGHT_BUDGET_INPUT=2048
WEIGHT_BUDGET_PARSE=PASS
WEIGHT_BUDGET_MIB=2048
WEIGHT_BUDGET_BYTES=2147483648
WEIGHT_BUDGET_SOURCE=ENV
WEIGHT_BUDGET_INPUT=2048
WEIGHT_BUDGET_PARSE=PASS
WEIGHT_BUDGET_MIB=2048
WEIGHT_BUDGET_BYTES=2147483648
WEIGHT_BUDGET_SOURCE=ENV
WEIGHT_BUDGET_INPUT=2048
WEIGHT_BUDGET_PARSE=PASS
WEIGHT_BUDGET_MIB=2048
WEIGHT_BUDGET_BYTES=2147483648
WEIGHT_BUDGET_SOURCE=ENV
WEIGHT_BUDGET_INPUT=2048
WEIGHT_BUDGET_PARSE=PASS
WEIGHT_BUDGET_MIB=2048
WEIGHT_BUDGET_BYTES=2147483648
WEIGHT_BUDGET_SOURCE=ENV
WEIGHT_BUDGET_INPUT=2048
WEIGHT_BUDGET_PARSE=PASS
WEIGHT_BUDGET_MIB=2048
WEIGHT_BUDGET_BYTES=2147483648
WEIGHT_BUDGET_SOURCE=ENV
WEIGHT_BUDGET_INPUT=2048
WEIGHT_BUDGET_PARSE=PASS
WEIGHT_BUDGET_MIB=2048
WEIGHT_BUDGET_BYTES=2147483648
WEIGHT_BUDGET_SOURCE=ENV
WEIGHT_BUDGET_INPUT=2048
WEIGHT_BUDGET_PARSE=PASS
WEIGHT_BUDGET_MIB=2048
WEIGHT_BUDGET_BYTES=2147483648
WEIGHT_BUDGET_SOURCE=ENV
WEIGHT_BUDGET_INPUT=2048
WEIGHT_BUDGET_PARSE=PASS
WEIGHT_BUDGET_MIB=2048
WEIGHT_BUDGET_BYTES=2147483648
WEIGHT_BUDGET_SOURCE=ENV
WEIGHT_BUDGET_INPUT=2048
WEIGHT_BUDGET_PARSE=PASS
WEIGHT_BUDGET_MIB=2048
WEIGHT_BUDGET_BYTES=2147483648
WEIGHT_BUDGET_SOURCE=ENV
WEIGHT_BUDGET_INPUT=2048
WEIGHT_BUDGET_PARSE=PASS
WEIGHT_BUDGET_MIB=2048
WEIGHT_BUDGET_BYTES=2147483648
WEIGHT_BUDGET_SOURCE=ENV
WEIGHT_BUDGET_INPUT=2048
WEIGHT_BUDGET_PARSE=PASS
WEIGHT_BUDGET_MIB=2048
WEIGHT_BUDGET_BYTES=2147483648
WEIGHT_BUDGET_SOURCE=ENV
WEIGHT_BUDGET_INPUT=2048
WEIGHT_BUDGET_PARSE=PASS
WEIGHT_BUDGET_MIB=2048
WEIGHT_BUDGET_BYTES=2147483648
WEIGHT_BUDGET_SOURCE=ENV
WEIGHT_BUDGET_INPUT=2048
WEIGHT_BUDGET_PARSE=PASS
WEIGHT_BUDGET_MIB=2048
WEIGHT_BUDGET_BYTES=2147483648
WEIGHT_BUDGET_SOURCE=ENV
WEIGHT_BUDGET_INPUT=2048
WEIGHT_BUDGET_PARSE=PASS
WEIGHT_BUDGET_MIB=2048
WEIGHT_BUDGET_BYTES=2147483648
WEIGHT_BUDGET_SOURCE=ENV
WEIGHT_BUDGET_INPUT=2048
WEIGHT_BUDGET_PARSE=PASS
WEIGHT_BUDGET_MIB=2048
WEIGHT_BUDGET_BYTES=2147483648
WEIGHT_BUDGET_SOURCE=ENV
WEIGHT_BUDGET_INPUT=2048
WEIGHT_BUDGET_PARSE=PASS
WEIGHT_BUDGET_MIB=2048
WEIGHT_BUDGET_BYTES=2147483648
WEIGHT_BUDGET_SOURCE=ENV
WEIGHT_BUDGET_INPUT=2048
WEIGHT_BUDGET_PARSE=PASS
WEIGHT_BUDGET_MIB=2048
WEIGHT_BUDGET_BYTES=2147483648
WEIGHT_BUDGET_SOURCE=ENV
WEIGHT_BUDGET_INPUT=2048
WEIGHT_BUDGET_PARSE=PASS
WEIGHT_BUDGET_MIB=2048
WEIGHT_BUDGET_BYTES=2147483648
WEIGHT_BUDGET_SOURCE=ENV
WEIGHT_BUDGET_INPUT=2048
WEIGHT_BUDGET_PARSE=PASS
WEIGHT_BUDGET_MIB=2048
WEIGHT_BUDGET_BYTES=2147483648
WEIGHT_BUDGET_SOURCE=ENV
WEIGHT_BUDGET_INPUT=2048
WEIGHT_BUDGET_PARSE=PASS
WEIGHT_BUDGET_MIB=2048
WEIGHT_BUDGET_BYTES=2147483648
WEIGHT_BUDGET_SOURCE=ENV
WEIGHT_BUDGET_INPUT=2048
WEIGHT_BUDGET_PARSE=PASS
WEIGHT_BUDGET_MIB=2048
WEIGHT_BUDGET_BYTES=2147483648
WEIGHT_BUDGET_SOURCE=ENV
WEIGHT_BUDGET_INPUT=2048
WEIGHT_BUDGET_PARSE=PASS
WEIGHT_BUDGET_MIB=2048
WEIGHT_BUDGET_BYTES=2147483648
WEIGHT_BUDGET_SOURCE=ENV
HEAP_OK_FINAL_NORM_BEFORE=1
FINAL_NORM_SRC_PTR=00000211F837B060
FINAL_NORM_DST_PTR=00000211F837B060
FINAL_NORM_WEIGHT_PTR=00000211A0D30000
FINAL_NORM_WEIGHT_SOURCE=HOST_MAPPED
FINAL_NORM_WEIGHT_FULFILLED=1
FINAL_NORM_WEIGHT_BYTES=12288
FINAL_NORM_WEIGHT_0=1.765625
FINAL_NORM_WEIGHT_1=1.75
FINAL_NORM_WEIGHT_2=1.5625
FINAL_NORM_WEIGHT_3=1.7734375
FINAL_NORM_WEIGHT_L2=91.4481258
FINAL_NORM_SUMSQ=10936.2718
FINAL_NORM_MEAN_SQ=3.55998431
FINAL_NORM_EPS=9.99999975e-06
FINAL_NORM_INV_RMS=0.529999375
FINAL_NORM_SRC_0=0.0282857716
FINAL_NORM_DST_0=0.0264692642
FINAL_NORM_AFTER_L2=61.3015724
HEAP_OK_FINAL_NORM_AFTER=1
HEAP_OK_COMPUTE_LOGITS_ENTER=1
HEAP_OK_LOGITS_LINEARW_BEFORE=1
HEAP_OK_LOGITS_LINEARW_AFTER=1
PERSISTENT_DECODE_TOKEN t=22 kv=59 devices=2 model=1 gpu_res=1 ssvk=1 bind=1 sealed=0 dev_create=1 model_load=1 cmd_rebuild=0 ds_reset=0
RESIDENCY_TOKEN t=22 kv=59 devices=2 model=1 gpu_res=1 dev_create=1 model_load=1 weight_up=197 weight_hit=8926 content_hit=8904 reload_B=0 pin_evict=0 pin_rej=0 res_B=1032192000
BATCH2_PRODUCT_DECODE_BIND=PASS token=22
BIND16_WINDOW_AUTHORITY=1
ROOFLINE_TOKEN t=23 dt_ns=1028632200 wup=197 s0=885 s1=767
WEIGHT_BUDGET_INPUT=2048
WEIGHT_BUDGET_PARSE=PASS
WEIGHT_BUDGET_MIB=2048
WEIGHT_BUDGET_BYTES=2147483648
WEIGHT_BUDGET_SOURCE=ENV
WEIGHT_BUDGET_INPUT=2048
WEIGHT_BUDGET_PARSE=PASS
WEIGHT_BUDGET_MIB=2048
WEIGHT_BUDGET_BYTES=2147483648
WEIGHT_BUDGET_SOURCE=ENV
WEIGHT_BUDGET_INPUT=2048
WEIGHT_BUDGET_PARSE=PASS
WEIGHT_BUDGET_MIB=2048
WEIGHT_BUDGET_BYTES=2147483648
WEIGHT_BUDGET_SOURCE=ENV
WEIGHT_BUDGET_INPUT=2048
WEIGHT_BUDGET_PARSE=PASS
WEIGHT_BUDGET_MIB=2048
WEIGHT_BUDGET_BYTES=2147483648
WEIGHT_BUDGET_SOURCE=ENV
WEIGHT_BUDGET_INPUT=2048
WEIGHT_BUDGET_PARSE=PASS
WEIGHT_BUDGET_MIB=2048
WEIGHT_BUDGET_BYTES=2147483648
WEIGHT_BUDGET_SOURCE=ENV
WEIGHT_BUDGET_INPUT=2048
WEIGHT_BUDGET_PARSE=PASS
WEIGHT_BUDGET_MIB=2048
WEIGHT_BUDGET_BYTES=2147483648
WEIGHT_BUDGET_SOURCE=ENV
WEIGHT_BUDGET_INPUT=2048
WEIGHT_BUDGET_PARSE=PASS
WEIGHT_BUDGET_MIB=2048
WEIGHT_BUDGET_BYTES=2147483648
WEIGHT_BUDGET_SOURCE=ENV
WEIGHT_BUDGET_INPUT=2048
WEIGHT_BUDGET_PARSE=PASS
WEIGHT_BUDGET_MIB=2048
WEIGHT_BUDGET_BYTES=2147483648
WEIGHT_BUDGET_SOURCE=ENV
WEIGHT_BUDGET_INPUT=2048
WEIGHT_BUDGET_PARSE=PASS
WEIGHT_BUDGET_MIB=2048
WEIGHT_BUDGET_BYTES=2147483648
WEIGHT_BUDGET_SOURCE=ENV
WEIGHT_BUDGET_INPUT=2048
WEIGHT_BUDGET_PARSE=PASS
WEIGHT_BUDGET_MIB=2048
WEIGHT_BUDGET_BYTES=2147483648
WEIGHT_BUDGET_SOURCE=ENV
WEIGHT_BUDGET_INPUT=2048
WEIGHT_BUDGET_PARSE=PASS
WEIGHT_BUDGET_MIB=2048
WEIGHT_BUDGET_BYTES=2147483648
WEIGHT_BUDGET_SOURCE=ENV
WEIGHT_BUDGET_INPUT=2048
WEIGHT_BUDGET_PARSE=PASS
WEIGHT_BUDGET_MIB=2048
WEIGHT_BUDGET_BYTES=2147483648
WEIGHT_BUDGET_SOURCE=ENV
WEIGHT_BUDGET_INPUT=2048
WEIGHT_BUDGET_PARSE=PASS
WEIGHT_BUDGET_MIB=2048
WEIGHT_BUDGET_BYTES=2147483648
WEIGHT_BUDGET_SOURCE=ENV
WEIGHT_BUDGET_INPUT=2048
WEIGHT_BUDGET_PARSE=PASS
WEIGHT_BUDGET_MIB=2048
WEIGHT_BUDGET_BYTES=2147483648
WEIGHT_BUDGET_SOURCE=ENV
WEIGHT_BUDGET_INPUT=2048
WEIGHT_BUDGET_PARSE=PASS
WEIGHT_BUDGET_MIB=2048
WEIGHT_BUDGET_BYTES=2147483648
WEIGHT_BUDGET_SOURCE=ENV
WEIGHT_BUDGET_INPUT=2048
WEIGHT_BUDGET_PARSE=PASS
WEIGHT_BUDGET_MIB=2048
WEIGHT_BUDGET_BYTES=2147483648
WEIGHT_BUDGET_SOURCE=ENV
WEIGHT_BUDGET_INPUT=2048
WEIGHT_BUDGET_PARSE=PASS
WEIGHT_BUDGET_MIB=2048
WEIGHT_BUDGET_BYTES=2147483648
WEIGHT_BUDGET_SOURCE=ENV
WEIGHT_BUDGET_INPUT=2048
WEIGHT_BUDGET_PARSE=PASS
WEIGHT_BUDGET_MIB=2048
WEIGHT_BUDGET_BYTES=2147483648
WEIGHT_BUDGET_SOURCE=ENV
WEIGHT_BUDGET_INPUT=2048
WEIGHT_BUDGET_PARSE=PASS
WEIGHT_BUDGET_MIB=2048
WEIGHT_BUDGET_BYTES=2147483648
WEIGHT_BUDGET_SOURCE=ENV
WEIGHT_BUDGET_INPUT=2048
WEIGHT_BUDGET_PARSE=PASS
WEIGHT_BUDGET_MIB=2048
WEIGHT_BUDGET_BYTES=2147483648
WEIGHT_BUDGET_SOURCE=ENV
WEIGHT_BUDGET_INPUT=2048
WEIGHT_BUDGET_PARSE=PASS
WEIGHT_BUDGET_MIB=2048
WEIGHT_BUDGET_BYTES=2147483648
WEIGHT_BUDGET_SOURCE=ENV
WEIGHT_BUDGET_INPUT=2048
WEIGHT_BUDGET_PARSE=PASS
WEIGHT_BUDGET_MIB=2048
WEIGHT_BUDGET_BYTES=2147483648
WEIGHT_BUDGET_SOURCE=ENV
WEIGHT_BUDGET_INPUT=2048
WEIGHT_BUDGET_PARSE=PASS
WEIGHT_BUDGET_MIB=2048
WEIGHT_BUDGET_BYTES=2147483648
WEIGHT_BUDGET_SOURCE=ENV
WEIGHT_BUDGET_INPUT=2048
WEIGHT_BUDGET_PARSE=PASS
WEIGHT_BUDGET_MIB=2048
WEIGHT_BUDGET_BYTES=2147483648
WEIGHT_BUDGET_SOURCE=ENV
WEIGHT_BUDGET_INPUT=2048
WEIGHT_BUDGET_PARSE=PASS
WEIGHT_BUDGET_MIB=2048
WEIGHT_BUDGET_BYTES=2147483648
WEIGHT_BUDGET_SOURCE=ENV
WEIGHT_BUDGET_INPUT=2048
WEIGHT_BUDGET_PARSE=PASS
WEIGHT_BUDGET_MIB=2048
WEIGHT_BUDGET_BYTES=2147483648
WEIGHT_BUDGET_SOURCE=ENV
WEIGHT_BUDGET_INPUT=2048
WEIGHT_BUDGET_PARSE=PASS
WEIGHT_BUDGET_MIB=2048
WEIGHT_BUDGET_BYTES=2147483648
WEIGHT_BUDGET_SOURCE=ENV
WEIGHT_BUDGET_INPUT=2048
WEIGHT_BUDGET_PARSE=PASS
WEIGHT_BUDGET_MIB=2048
WEIGHT_BUDGET_BYTES=2147483648
WEIGHT_BUDGET_SOURCE=ENV
WEIGHT_BUDGET_INPUT=2048
WEIGHT_BUDGET_PARSE=PASS
WEIGHT_BUDGET_MIB=2048
WEIGHT_BUDGET_BYTES=2147483648
WEIGHT_BUDGET_SOURCE=ENV
WEIGHT_BUDGET_INPUT=2048
WEIGHT_BUDGET_PARSE=PASS
WEIGHT_BUDGET_MIB=2048
WEIGHT_BUDGET_BYTES=2147483648
WEIGHT_BUDGET_SOURCE=ENV
HEAP_OK_FINAL_NORM_BEFORE=1
FINAL_NORM_SRC_PTR=00000211F837E060
FINAL_NORM_DST_PTR=00000211F837E060
FINAL_NORM_WEIGHT_PTR=00000211A0D30000
FINAL_NORM_WEIGHT_SOURCE=HOST_MAPPED
FINAL_NORM_WEIGHT_FULFILLED=1
FINAL_NORM_WEIGHT_BYTES=12288
FINAL_NORM_WEIGHT_0=1.765625
FINAL_NORM_WEIGHT_1=1.75
FINAL_NORM_WEIGHT_2=1.5625
FINAL_NORM_WEIGHT_3=1.7734375
FINAL_NORM_WEIGHT_L2=91.4481258
FINAL_NORM_SUMSQ=10797.81
FINAL_NORM_MEAN_SQ=3.5149121
FINAL_NORM_EPS=9.99999975e-06
FINAL_NORM_INV_RMS=0.533386648
FINAL_NORM_SRC_0=0.0399980992
FINAL_NORM_DST_0=0.0376686417
FINAL_NORM_AFTER_L2=61.7444083
HEAP_OK_FINAL_NORM_AFTER=1
HEAP_OK_COMPUTE_LOGITS_ENTER=1
HEAP_OK_LOGITS_LINEARW_BEFORE=1
HEAP_OK_LOGITS_LINEARW_AFTER=1
PERSISTENT_DECODE_TOKEN t=23 kv=60 devices=2 model=1 gpu_res=1 ssvk=1 bind=1 sealed=0 dev_create=1 model_load=1 cmd_rebuild=0 ds_reset=0
RESIDENCY_TOKEN t=23 kv=60 devices=2 model=1 gpu_res=1 dev_create=1 model_load=1 weight_up=197 weight_hit=9011 content_hit=8988 reload_B=0 pin_evict=0 pin_rej=0 res_B=1032192000
BATCH2_PRODUCT_DECODE_BIND=PASS token=23
BIND16_WINDOW_AUTHORITY=1
ROOFLINE_TOKEN t=24 dt_ns=1027077400 wup=197 s0=900 s1=780
WEIGHT_BUDGET_INPUT=2048
WEIGHT_BUDGET_PARSE=PASS
WEIGHT_BUDGET_MIB=2048
WEIGHT_BUDGET_BYTES=2147483648
WEIGHT_BUDGET_SOURCE=ENV
WEIGHT_BUDGET_INPUT=2048
WEIGHT_BUDGET_PARSE=PASS
WEIGHT_BUDGET_MIB=2048
WEIGHT_BUDGET_BYTES=2147483648
WEIGHT_BUDGET_SOURCE=ENV
WEIGHT_BUDGET_INPUT=2048
WEIGHT_BUDGET_PARSE=PASS
WEIGHT_BUDGET_MIB=2048
WEIGHT_BUDGET_BYTES=2147483648
WEIGHT_BUDGET_SOURCE=ENV
WEIGHT_BUDGET_INPUT=2048
WEIGHT_BUDGET_PARSE=PASS
WEIGHT_BUDGET_MIB=2048
WEIGHT_BUDGET_BYTES=2147483648
WEIGHT_BUDGET_SOURCE=ENV
WEIGHT_BUDGET_INPUT=2048
WEIGHT_BUDGET_PARSE=PASS
WEIGHT_BUDGET_MIB=2048
WEIGHT_BUDGET_BYTES=2147483648
WEIGHT_BUDGET_SOURCE=ENV
WEIGHT_BUDGET_INPUT=2048
WEIGHT_BUDGET_PARSE=PASS
WEIGHT_BUDGET_MIB=2048
WEIGHT_BUDGET_BYTES=2147483648
WEIGHT_BUDGET_SOURCE=ENV
WEIGHT_BUDGET_INPUT=2048
WEIGHT_BUDGET_PARSE=PASS
WEIGHT_BUDGET_MIB=2048
WEIGHT_BUDGET_BYTES=2147483648
WEIGHT_BUDGET_SOURCE=ENV
WEIGHT_BUDGET_INPUT=2048
WEIGHT_BUDGET_PARSE=PASS
WEIGHT_BUDGET_MIB=2048
WEIGHT_BUDGET_BYTES=2147483648
WEIGHT_BUDGET_SOURCE=ENV
WEIGHT_BUDGET_INPUT=2048
WEIGHT_BUDGET_PARSE=PASS
WEIGHT_BUDGET_MIB=2048
WEIGHT_BUDGET_BYTES=2147483648
WEIGHT_BUDGET_SOURCE=ENV
WEIGHT_BUDGET_INPUT=2048
WEIGHT_BUDGET_PARSE=PASS
WEIGHT_BUDGET_MIB=2048
WEIGHT_BUDGET_BYTES=2147483648
WEIGHT_BUDGET_SOURCE=ENV
WEIGHT_BUDGET_INPUT=2048
WEIGHT_BUDGET_PARSE=PASS
WEIGHT_BUDGET_MIB=2048
WEIGHT_BUDGET_BYTES=2147483648
WEIGHT_BUDGET_SOURCE=ENV
WEIGHT_BUDGET_INPUT=2048
WEIGHT_BUDGET_PARSE=PASS
WEIGHT_BUDGET_MIB=2048
WEIGHT_BUDGET_BYTES=2147483648
WEIGHT_BUDGET_SOURCE=ENV
WEIGHT_BUDGET_INPUT=2048
WEIGHT_BUDGET_PARSE=PASS
WEIGHT_BUDGET_MIB=2048
WEIGHT_BUDGET_BYTES=2147483648
WEIGHT_BUDGET_SOURCE=ENV
WEIGHT_BUDGET_INPUT=2048
WEIGHT_BUDGET_PARSE=PASS
WEIGHT_BUDGET_MIB=2048
WEIGHT_BUDGET_BYTES=2147483648
WEIGHT_BUDGET_SOURCE=ENV
WEIGHT_BUDGET_INPUT=2048
WEIGHT_BUDGET_PARSE=PASS
WEIGHT_BUDGET_MIB=2048
WEIGHT_BUDGET_BYTES=2147483648
WEIGHT_BUDGET_SOURCE=ENV
WEIGHT_BUDGET_INPUT=2048
WEIGHT_BUDGET_PARSE=PASS
WEIGHT_BUDGET_MIB=2048
WEIGHT_BUDGET_BYTES=2147483648
WEIGHT_BUDGET_SOURCE=ENV
WEIGHT_BUDGET_INPUT=2048
WEIGHT_BUDGET_PARSE=PASS
WEIGHT_BUDGET_MIB=2048
WEIGHT_BUDGET_BYTES=2147483648
WEIGHT_BUDGET_SOURCE=ENV
WEIGHT_BUDGET_INPUT=2048
WEIGHT_BUDGET_PARSE=PASS
WEIGHT_BUDGET_MIB=2048
WEIGHT_BUDGET_BYTES=2147483648
WEIGHT_BUDGET_SOURCE=ENV
WEIGHT_BUDGET_INPUT=2048
WEIGHT_BUDGET_PARSE=PASS
WEIGHT_BUDGET_MIB=2048
WEIGHT_BUDGET_BYTES=2147483648
WEIGHT_BUDGET_SOURCE=ENV
WEIGHT_BUDGET_INPUT=2048
WEIGHT_BUDGET_PARSE=PASS
WEIGHT_BUDGET_MIB=2048
WEIGHT_BUDGET_BYTES=2147483648
WEIGHT_BUDGET_SOURCE=ENV
WEIGHT_BUDGET_INPUT=2048
WEIGHT_BUDGET_PARSE=PASS
WEIGHT_BUDGET_MIB=2048
WEIGHT_BUDGET_BYTES=2147483648
WEIGHT_BUDGET_SOURCE=ENV
WEIGHT_BUDGET_INPUT=2048
WEIGHT_BUDGET_PARSE=PASS
WEIGHT_BUDGET_MIB=2048
WEIGHT_BUDGET_BYTES=2147483648
WEIGHT_BUDGET_SOURCE=ENV
WEIGHT_BUDGET_INPUT=2048
WEIGHT_BUDGET_PARSE=PASS
WEIGHT_BUDGET_MIB=2048
WEIGHT_BUDGET_BYTES=2147483648
WEIGHT_BUDGET_SOURCE=ENV
WEIGHT_BUDGET_INPUT=2048
WEIGHT_BUDGET_PARSE=PASS
WEIGHT_BUDGET_MIB=2048
WEIGHT_BUDGET_BYTES=2147483648
WEIGHT_BUDGET_SOURCE=ENV
WEIGHT_BUDGET_INPUT=2048
WEIGHT_BUDGET_PARSE=PASS
WEIGHT_BUDGET_MIB=2048
WEIGHT_BUDGET_BYTES=2147483648
WEIGHT_BUDGET_SOURCE=ENV
WEIGHT_BUDGET_INPUT=2048
WEIGHT_BUDGET_PARSE=PASS
WEIGHT_BUDGET_MIB=2048
WEIGHT_BUDGET_BYTES=2147483648
WEIGHT_BUDGET_SOURCE=ENV
WEIGHT_BUDGET_INPUT=2048
WEIGHT_BUDGET_PARSE=PASS
WEIGHT_BUDGET_MIB=2048
WEIGHT_BUDGET_BYTES=2147483648
WEIGHT_BUDGET_SOURCE=ENV
WEIGHT_BUDGET_INPUT=2048
WEIGHT_BUDGET_PARSE=PASS
WEIGHT_BUDGET_MIB=2048
WEIGHT_BUDGET_BYTES=2147483648
WEIGHT_BUDGET_SOURCE=ENV
WEIGHT_BUDGET_INPUT=2048
WEIGHT_BUDGET_PARSE=PASS
WEIGHT_BUDGET_MIB=2048
WEIGHT_BUDGET_BYTES=2147483648
WEIGHT_BUDGET_SOURCE=ENV
WEIGHT_BUDGET_INPUT=2048
WEIGHT_BUDGET_PARSE=PASS
WEIGHT_BUDGET_MIB=2048
WEIGHT_BUDGET_BYTES=2147483648
WEIGHT_BUDGET_SOURCE=ENV
HEAP_OK_FINAL_NORM_BEFORE=1
FINAL_NORM_SRC_PTR=00000211F8381060
FINAL_NORM_DST_PTR=00000211F8381060
FINAL_NORM_WEIGHT_PTR=00000211A0D30000
FINAL_NORM_WEIGHT_SOURCE=HOST_MAPPED
FINAL_NORM_WEIGHT_FULFILLED=1
FINAL_NORM_WEIGHT_BYTES=12288
FINAL_NORM_WEIGHT_0=1.765625
FINAL_NORM_WEIGHT_1=1.75
FINAL_NORM_WEIGHT_2=1.5625
FINAL_NORM_WEIGHT_3=1.7734375
FINAL_NORM_WEIGHT_L2=91.4481258
FINAL_NORM_SUMSQ=10613.9133
FINAL_NORM_MEAN_SQ=3.45504992
FINAL_NORM_EPS=9.99999975e-06
FINAL_NORM_INV_RMS=0.53798753
FINAL_NORM_SRC_0=0.0969278663
FINAL_NORM_DST_0=0.0920702517
FINAL_NORM_AFTER_L2=62.1900137
HEAP_OK_FINAL_NORM_AFTER=1
HEAP_OK_COMPUTE_LOGITS_ENTER=1
HEAP_OK_LOGITS_LINEARW_BEFORE=1
HEAP_OK_LOGITS_LINEARW_AFTER=1
PERSISTENT_DECODE_TOKEN t=24 kv=61 devices=2 model=1 gpu_res=1 ssvk=1 bind=1 sealed=0 dev_create=1 model_load=1 cmd_rebuild=0 ds_reset=0
RESIDENCY_TOKEN t=24 kv=61 devices=2 model=1 gpu_res=1 dev_create=1 model_load=1 weight_up=197 weight_hit=9096 content_hit=9072 reload_B=0 pin_evict=0 pin_rej=0 res_B=1032192000
BATCH2_PRODUCT_DECODE_BIND=PASS token=24
BIND16_WINDOW_AUTHORITY=1
ROOFLINE_TOKEN t=25 dt_ns=1048551700 wup=197 s0=915 s1=793
WEIGHT_BUDGET_INPUT=2048
WEIGHT_BUDGET_PARSE=PASS
WEIGHT_BUDGET_MIB=2048
WEIGHT_BUDGET_BYTES=2147483648
WEIGHT_BUDGET_SOURCE=ENV
WEIGHT_BUDGET_INPUT=2048
WEIGHT_BUDGET_PARSE=PASS
WEIGHT_BUDGET_MIB=2048
WEIGHT_BUDGET_BYTES=2147483648
WEIGHT_BUDGET_SOURCE=ENV
WEIGHT_BUDGET_INPUT=2048
WEIGHT_BUDGET_PARSE=PASS
WEIGHT_BUDGET_MIB=2048
WEIGHT_BUDGET_BYTES=2147483648
WEIGHT_BUDGET_SOURCE=ENV
WEIGHT_BUDGET_INPUT=2048
WEIGHT_BUDGET_PARSE=PASS
WEIGHT_BUDGET_MIB=2048
WEIGHT_BUDGET_BYTES=2147483648
WEIGHT_BUDGET_SOURCE=ENV
WEIGHT_BUDGET_INPUT=2048
WEIGHT_BUDGET_PARSE=PASS
WEIGHT_BUDGET_MIB=2048
WEIGHT_BUDGET_BYTES=2147483648
WEIGHT_BUDGET_SOURCE=ENV
WEIGHT_BUDGET_INPUT=2048
WEIGHT_BUDGET_PARSE=PASS
WEIGHT_BUDGET_MIB=2048
WEIGHT_BUDGET_BYTES=2147483648
WEIGHT_BUDGET_SOURCE=ENV
WEIGHT_BUDGET_INPUT=2048
WEIGHT_BUDGET_PARSE=PASS
WEIGHT_BUDGET_MIB=2048
WEIGHT_BUDGET_BYTES=2147483648
WEIGHT_BUDGET_SOURCE=ENV
WEIGHT_BUDGET_INPUT=2048
WEIGHT_BUDGET_PARSE=PASS
WEIGHT_BUDGET_MIB=2048
WEIGHT_BUDGET_BYTES=2147483648
WEIGHT_BUDGET_SOURCE=ENV
WEIGHT_BUDGET_INPUT=2048
WEIGHT_BUDGET_PARSE=PASS
WEIGHT_BUDGET_MIB=2048
WEIGHT_BUDGET_BYTES=2147483648
WEIGHT_BUDGET_SOURCE=ENV
WEIGHT_BUDGET_INPUT=2048
WEIGHT_BUDGET_PARSE=PASS
WEIGHT_BUDGET_MIB=2048
WEIGHT_BUDGET_BYTES=2147483648
WEIGHT_BUDGET_SOURCE=ENV
WEIGHT_BUDGET_INPUT=2048
WEIGHT_BUDGET_PARSE=PASS
WEIGHT_BUDGET_MIB=2048
WEIGHT_BUDGET_BYTES=2147483648
WEIGHT_BUDGET_SOURCE=ENV
WEIGHT_BUDGET_INPUT=2048
WEIGHT_BUDGET_PARSE=PASS
WEIGHT_BUDGET_MIB=2048
WEIGHT_BUDGET_BYTES=2147483648
WEIGHT_BUDGET_SOURCE=ENV
WEIGHT_BUDGET_INPUT=2048
WEIGHT_BUDGET_PARSE=PASS
WEIGHT_BUDGET_MIB=2048
WEIGHT_BUDGET_BYTES=2147483648
WEIGHT_BUDGET_SOURCE=ENV
WEIGHT_BUDGET_INPUT=2048
WEIGHT_BUDGET_PARSE=PASS
WEIGHT_BUDGET_MIB=2048
WEIGHT_BUDGET_BYTES=2147483648
WEIGHT_BUDGET_SOURCE=ENV
WEIGHT_BUDGET_INPUT=2048
WEIGHT_BUDGET_PARSE=PASS
WEIGHT_BUDGET_MIB=2048
WEIGHT_BUDGET_BYTES=2147483648
WEIGHT_BUDGET_SOURCE=ENV
WEIGHT_BUDGET_INPUT=2048
WEIGHT_BUDGET_PARSE=PASS
WEIGHT_BUDGET_MIB=2048
WEIGHT_BUDGET_BYTES=2147483648
WEIGHT_BUDGET_SOURCE=ENV
WEIGHT_BUDGET_INPUT=2048
WEIGHT_BUDGET_PARSE=PASS
WEIGHT_BUDGET_MIB=2048
WEIGHT_BUDGET_BYTES=2147483648
WEIGHT_BUDGET_SOURCE=ENV
WEIGHT_BUDGET_INPUT=2048
WEIGHT_BUDGET_PARSE=PASS
WEIGHT_BUDGET_MIB=2048
WEIGHT_BUDGET_BYTES=2147483648
WEIGHT_BUDGET_SOURCE=ENV
WEIGHT_BUDGET_INPUT=2048
WEIGHT_BUDGET_PARSE=PASS
WEIGHT_BUDGET_MIB=2048
WEIGHT_BUDGET_BYTES=2147483648
WEIGHT_BUDGET_SOURCE=ENV
WEIGHT_BUDGET_INPUT=2048
WEIGHT_BUDGET_PARSE=PASS
WEIGHT_BUDGET_MIB=2048
WEIGHT_BUDGET_BYTES=2147483648
WEIGHT_BUDGET_SOURCE=ENV
WEIGHT_BUDGET_INPUT=2048
WEIGHT_BUDGET_PARSE=PASS
WEIGHT_BUDGET_MIB=2048
WEIGHT_BUDGET_BYTES=2147483648
WEIGHT_BUDGET_SOURCE=ENV
WEIGHT_BUDGET_INPUT=2048
WEIGHT_BUDGET_PARSE=PASS
WEIGHT_BUDGET_MIB=2048
WEIGHT_BUDGET_BYTES=2147483648
WEIGHT_BUDGET_SOURCE=ENV
WEIGHT_BUDGET_INPUT=2048
WEIGHT_BUDGET_PARSE=PASS
WEIGHT_BUDGET_MIB=2048
WEIGHT_BUDGET_BYTES=2147483648
WEIGHT_BUDGET_SOURCE=ENV
WEIGHT_BUDGET_INPUT=2048
WEIGHT_BUDGET_PARSE=PASS
WEIGHT_BUDGET_MIB=2048
WEIGHT_BUDGET_BYTES=2147483648
WEIGHT_BUDGET_SOURCE=ENV
WEIGHT_BUDGET_INPUT=2048
WEIGHT_BUDGET_PARSE=PASS
WEIGHT_BUDGET_MIB=2048
WEIGHT_BUDGET_BYTES=2147483648
WEIGHT_BUDGET_SOURCE=ENV
WEIGHT_BUDGET_INPUT=2048
WEIGHT_BUDGET_PARSE=PASS
WEIGHT_BUDGET_MIB=2048
WEIGHT_BUDGET_BYTES=2147483648
WEIGHT_BUDGET_SOURCE=ENV
WEIGHT_BUDGET_INPUT=2048
WEIGHT_BUDGET_PARSE=PASS
WEIGHT_BUDGET_MIB=2048
WEIGHT_BUDGET_BYTES=2147483648
WEIGHT_BUDGET_SOURCE=ENV
WEIGHT_BUDGET_INPUT=2048
WEIGHT_BUDGET_PARSE=PASS
WEIGHT_BUDGET_MIB=2048
WEIGHT_BUDGET_BYTES=2147483648
WEIGHT_BUDGET_SOURCE=ENV
WEIGHT_BUDGET_INPUT=2048
WEIGHT_BUDGET_PARSE=PASS
WEIGHT_BUDGET_MIB=2048
WEIGHT_BUDGET_BYTES=2147483648
WEIGHT_BUDGET_SOURCE=ENV
WEIGHT_BUDGET_INPUT=2048
WEIGHT_BUDGET_PARSE=PASS
WEIGHT_BUDGET_MIB=2048
WEIGHT_BUDGET_BYTES=2147483648
WEIGHT_BUDGET_SOURCE=ENV
HEAP_OK_FINAL_NORM_BEFORE=1
FINAL_NORM_SRC_PTR=00000211F8384060
FINAL_NORM_DST_PTR=00000211F8384060
FINAL_NORM_WEIGHT_PTR=00000211A0D30000
FINAL_NORM_WEIGHT_SOURCE=HOST_MAPPED
FINAL_NORM_WEIGHT_FULFILLED=1
FINAL_NORM_WEIGHT_BYTES=12288
FINAL_NORM_WEIGHT_0=1.765625
FINAL_NORM_WEIGHT_1=1.75
FINAL_NORM_WEIGHT_2=1.5625
FINAL_NORM_WEIGHT_3=1.7734375
FINAL_NORM_WEIGHT_L2=91.4481258
FINAL_NORM_SUMSQ=10642.155
FINAL_NORM_MEAN_SQ=3.46424315
FINAL_NORM_EPS=9.99999975e-06
FINAL_NORM_INV_RMS=0.537273228
FINAL_NORM_SRC_0=0.228992313
FINAL_NORM_DST_0=0.217227384
FINAL_NORM_AFTER_L2=62.4005629
HEAP_OK_FINAL_NORM_AFTER=1
HEAP_OK_COMPUTE_LOGITS_ENTER=1
HEAP_OK_LOGITS_LINEARW_BEFORE=1
HEAP_OK_LOGITS_LINEARW_AFTER=1
PERSISTENT_DECODE_TOKEN t=25 kv=62 devices=2 model=1 gpu_res=1 ssvk=1 bind=1 sealed=0 dev_create=1 model_load=1 cmd_rebuild=0 ds_reset=0
RESIDENCY_TOKEN t=25 kv=62 devices=2 model=1 gpu_res=1 dev_create=1 model_load=1 weight_up=197 weight_hit=9181 content_hit=9156 reload_B=0 pin_evict=0 pin_rej=0 res_B=1032192000
BATCH2_PRODUCT_DECODE_BIND=PASS token=25
BIND16_WINDOW_AUTHORITY=1
ROOFLINE_TOKEN t=26 dt_ns=1036549800 wup=197 s0=930 s1=806
WEIGHT_BUDGET_INPUT=2048
WEIGHT_BUDGET_PARSE=PASS
WEIGHT_BUDGET_MIB=2048
WEIGHT_BUDGET_BYTES=2147483648
WEIGHT_BUDGET_SOURCE=ENV
WEIGHT_BUDGET_INPUT=2048
WEIGHT_BUDGET_PARSE=PASS
WEIGHT_BUDGET_MIB=2048
WEIGHT_BUDGET_BYTES=2147483648
WEIGHT_BUDGET_SOURCE=ENV
WEIGHT_BUDGET_INPUT=2048
WEIGHT_BUDGET_PARSE=PASS
WEIGHT_BUDGET_MIB=2048
WEIGHT_BUDGET_BYTES=2147483648
WEIGHT_BUDGET_SOURCE=ENV
WEIGHT_BUDGET_INPUT=2048
WEIGHT_BUDGET_PARSE=PASS
WEIGHT_BUDGET_MIB=2048
WEIGHT_BUDGET_BYTES=2147483648
WEIGHT_BUDGET_SOURCE=ENV
WEIGHT_BUDGET_INPUT=2048
WEIGHT_BUDGET_PARSE=PASS
WEIGHT_BUDGET_MIB=2048
WEIGHT_BUDGET_BYTES=2147483648
WEIGHT_BUDGET_SOURCE=ENV
WEIGHT_BUDGET_INPUT=2048
WEIGHT_BUDGET_PARSE=PASS
WEIGHT_BUDGET_MIB=2048
WEIGHT_BUDGET_BYTES=2147483648
WEIGHT_BUDGET_SOURCE=ENV
WEIGHT_BUDGET_INPUT=2048
WEIGHT_BUDGET_PARSE=PASS
WEIGHT_BUDGET_MIB=2048
WEIGHT_BUDGET_BYTES=2147483648
WEIGHT_BUDGET_SOURCE=ENV
WEIGHT_BUDGET_INPUT=2048
WEIGHT_BUDGET_PARSE=PASS
WEIGHT_BUDGET_MIB=2048
WEIGHT_BUDGET_BYTES=2147483648
WEIGHT_BUDGET_SOURCE=ENV
WEIGHT_BUDGET_INPUT=2048
WEIGHT_BUDGET_PARSE=PASS
WEIGHT_BUDGET_MIB=2048
WEIGHT_BUDGET_BYTES=2147483648
WEIGHT_BUDGET_SOURCE=ENV
WEIGHT_BUDGET_INPUT=2048
WEIGHT_BUDGET_PARSE=PASS
WEIGHT_BUDGET_MIB=2048
WEIGHT_BUDGET_BYTES=2147483648
WEIGHT_BUDGET_SOURCE=ENV
WEIGHT_BUDGET_INPUT=2048
WEIGHT_BUDGET_PARSE=PASS
WEIGHT_BUDGET_MIB=2048
WEIGHT_BUDGET_BYTES=2147483648
WEIGHT_BUDGET_SOURCE=ENV
WEIGHT_BUDGET_INPUT=2048
WEIGHT_BUDGET_PARSE=PASS
WEIGHT_BUDGET_MIB=2048
WEIGHT_BUDGET_BYTES=2147483648
WEIGHT_BUDGET_SOURCE=ENV
WEIGHT_BUDGET_INPUT=2048
WEIGHT_BUDGET_PARSE=PASS
WEIGHT_BUDGET_MIB=2048
WEIGHT_BUDGET_BYTES=2147483648
WEIGHT_BUDGET_SOURCE=ENV
WEIGHT_BUDGET_INPUT=2048
WEIGHT_BUDGET_PARSE=PASS
WEIGHT_BUDGET_MIB=2048
WEIGHT_BUDGET_BYTES=2147483648
WEIGHT_BUDGET_SOURCE=ENV
WEIGHT_BUDGET_INPUT=2048
WEIGHT_BUDGET_PARSE=PASS
WEIGHT_BUDGET_MIB=2048
WEIGHT_BUDGET_BYTES=2147483648
WEIGHT_BUDGET_SOURCE=ENV
WEIGHT_BUDGET_INPUT=2048
WEIGHT_BUDGET_PARSE=PASS
WEIGHT_BUDGET_MIB=2048
WEIGHT_BUDGET_BYTES=2147483648
WEIGHT_BUDGET_SOURCE=ENV
WEIGHT_BUDGET_INPUT=2048
WEIGHT_BUDGET_PARSE=PASS
WEIGHT_BUDGET_MIB=2048
WEIGHT_BUDGET_BYTES=2147483648
WEIGHT_BUDGET_SOURCE=ENV
WEIGHT_BUDGET_INPUT=2048
WEIGHT_BUDGET_PARSE=PASS
WEIGHT_BUDGET_MIB=2048
WEIGHT_BUDGET_BYTES=2147483648
WEIGHT_BUDGET_SOURCE=ENV
WEIGHT_BUDGET_INPUT=2048
WEIGHT_BUDGET_PARSE=PASS
WEIGHT_BUDGET_MIB=2048
WEIGHT_BUDGET_BYTES=2147483648
WEIGHT_BUDGET_SOURCE=ENV
WEIGHT_BUDGET_INPUT=2048
WEIGHT_BUDGET_PARSE=PASS
WEIGHT_BUDGET_MIB=2048
WEIGHT_BUDGET_BYTES=2147483648
WEIGHT_BUDGET_SOURCE=ENV
WEIGHT_BUDGET_INPUT=2048
WEIGHT_BUDGET_PARSE=PASS
WEIGHT_BUDGET_MIB=2048
WEIGHT_BUDGET_BYTES=2147483648
WEIGHT_BUDGET_SOURCE=ENV
WEIGHT_BUDGET_INPUT=2048
WEIGHT_BUDGET_PARSE=PASS
WEIGHT_BUDGET_MIB=2048
WEIGHT_BUDGET_BYTES=2147483648
WEIGHT_BUDGET_SOURCE=ENV
WEIGHT_BUDGET_INPUT=2048
WEIGHT_BUDGET_PARSE=PASS
WEIGHT_BUDGET_MIB=2048
WEIGHT_BUDGET_BYTES=2147483648
WEIGHT_BUDGET_SOURCE=ENV
WEIGHT_BUDGET_INPUT=2048
WEIGHT_BUDGET_PARSE=PASS
WEIGHT_BUDGET_MIB=2048
WEIGHT_BUDGET_BYTES=2147483648
WEIGHT_BUDGET_SOURCE=ENV
WEIGHT_BUDGET_INPUT=2048
WEIGHT_BUDGET_PARSE=PASS
WEIGHT_BUDGET_MIB=2048
WEIGHT_BUDGET_BYTES=2147483648
WEIGHT_BUDGET_SOURCE=ENV
WEIGHT_BUDGET_INPUT=2048
WEIGHT_BUDGET_PARSE=PASS
WEIGHT_BUDGET_MIB=2048
WEIGHT_BUDGET_BYTES=2147483648
WEIGHT_BUDGET_SOURCE=ENV
WEIGHT_BUDGET_INPUT=2048
WEIGHT_BUDGET_PARSE=PASS
WEIGHT_BUDGET_MIB=2048
WEIGHT_BUDGET_BYTES=2147483648
WEIGHT_BUDGET_SOURCE=ENV
WEIGHT_BUDGET_INPUT=2048
WEIGHT_BUDGET_PARSE=PASS
WEIGHT_BUDGET_MIB=2048
WEIGHT_BUDGET_BYTES=2147483648
WEIGHT_BUDGET_SOURCE=ENV
WEIGHT_BUDGET_INPUT=2048
WEIGHT_BUDGET_PARSE=PASS
WEIGHT_BUDGET_MIB=2048
WEIGHT_BUDGET_BYTES=2147483648
WEIGHT_BUDGET_SOURCE=ENV
WEIGHT_BUDGET_INPUT=2048
WEIGHT_BUDGET_PARSE=PASS
WEIGHT_BUDGET_MIB=2048
WEIGHT_BUDGET_BYTES=2147483648
WEIGHT_BUDGET_SOURCE=ENV
HEAP_OK_FINAL_NORM_BEFORE=1
FINAL_NORM_SRC_PTR=00000211F8387060
FINAL_NORM_DST_PTR=00000211F8387060
FINAL_NORM_WEIGHT_PTR=00000211A0D30000
FINAL_NORM_WEIGHT_SOURCE=HOST_MAPPED
FINAL_NORM_WEIGHT_FULFILLED=1
FINAL_NORM_WEIGHT_BYTES=12288
FINAL_NORM_WEIGHT_0=1.765625
FINAL_NORM_WEIGHT_1=1.75
FINAL_NORM_WEIGHT_2=1.5625
FINAL_NORM_WEIGHT_3=1.7734375
FINAL_NORM_WEIGHT_L2=91.4481258
FINAL_NORM_SUMSQ=10411.3799
FINAL_NORM_MEAN_SQ=3.38912106
FINAL_NORM_EPS=9.99999975e-06
FINAL_NORM_INV_RMS=0.543195069
FINAL_NORM_SRC_0=0.18634069
FINAL_NORM_DST_0=0.178715393
FINAL_NORM_AFTER_L2=62.6045915
HEAP_OK_FINAL_NORM_AFTER=1
HEAP_OK_COMPUTE_LOGITS_ENTER=1
HEAP_OK_LOGITS_LINEARW_BEFORE=1
HEAP_OK_LOGITS_LINEARW_AFTER=1
PERSISTENT_DECODE_TOKEN t=26 kv=63 devices=2 model=1 gpu_res=1 ssvk=1 bind=1 sealed=0 dev_create=1 model_load=1 cmd_rebuild=0 ds_reset=0
RESIDENCY_TOKEN t=26 kv=63 devices=2 model=1 gpu_res=1 dev_create=1 model_load=1 weight_up=197 weight_hit=9266 content_hit=9240 reload_B=0 pin_evict=0 pin_rej=0 res_B=1032192000
BATCH2_PRODUCT_DECODE_BIND=PASS token=26
BIND16_WINDOW_AUTHORITY=1
ROOFLINE_TOKEN t=27 dt_ns=1040777300 wup=197 s0=945 s1=819
WEIGHT_BUDGET_INPUT=2048
WEIGHT_BUDGET_PARSE=PASS
WEIGHT_BUDGET_MIB=2048
WEIGHT_BUDGET_BYTES=2147483648
WEIGHT_BUDGET_SOURCE=ENV
WEIGHT_BUDGET_INPUT=2048
WEIGHT_BUDGET_PARSE=PASS
WEIGHT_BUDGET_MIB=2048
WEIGHT_BUDGET_BYTES=2147483648
WEIGHT_BUDGET_SOURCE=ENV
WEIGHT_BUDGET_INPUT=2048
WEIGHT_BUDGET_PARSE=PASS
WEIGHT_BUDGET_MIB=2048
WEIGHT_BUDGET_BYTES=2147483648
WEIGHT_BUDGET_SOURCE=ENV
WEIGHT_BUDGET_INPUT=2048
WEIGHT_BUDGET_PARSE=PASS
WEIGHT_BUDGET_MIB=2048
WEIGHT_BUDGET_BYTES=2147483648
WEIGHT_BUDGET_SOURCE=ENV
WEIGHT_BUDGET_INPUT=2048
WEIGHT_BUDGET_PARSE=PASS
WEIGHT_BUDGET_MIB=2048
WEIGHT_BUDGET_BYTES=2147483648
WEIGHT_BUDGET_SOURCE=ENV
WEIGHT_BUDGET_INPUT=2048
WEIGHT_BUDGET_PARSE=PASS
WEIGHT_BUDGET_MIB=2048
WEIGHT_BUDGET_BYTES=2147483648
WEIGHT_BUDGET_SOURCE=ENV
WEIGHT_BUDGET_INPUT=2048
WEIGHT_BUDGET_PARSE=PASS
WEIGHT_BUDGET_MIB=2048
WEIGHT_BUDGET_BYTES=2147483648
WEIGHT_BUDGET_SOURCE=ENV
WEIGHT_BUDGET_INPUT=2048
WEIGHT_BUDGET_PARSE=PASS
WEIGHT_BUDGET_MIB=2048
WEIGHT_BUDGET_BYTES=2147483648
WEIGHT_BUDGET_SOURCE=ENV
WEIGHT_BUDGET_INPUT=2048
WEIGHT_BUDGET_PARSE=PASS
WEIGHT_BUDGET_MIB=2048
WEIGHT_BUDGET_BYTES=2147483648
WEIGHT_BUDGET_SOURCE=ENV
WEIGHT_BUDGET_INPUT=2048
WEIGHT_BUDGET_PARSE=PASS
WEIGHT_BUDGET_MIB=2048
WEIGHT_BUDGET_BYTES=2147483648
WEIGHT_BUDGET_SOURCE=ENV
WEIGHT_BUDGET_INPUT=2048
WEIGHT_BUDGET_PARSE=PASS
WEIGHT_BUDGET_MIB=2048
WEIGHT_BUDGET_BYTES=2147483648
WEIGHT_BUDGET_SOURCE=ENV
WEIGHT_BUDGET_INPUT=2048
WEIGHT_BUDGET_PARSE=PASS
WEIGHT_BUDGET_MIB=2048
WEIGHT_BUDGET_BYTES=2147483648
WEIGHT_BUDGET_SOURCE=ENV
WEIGHT_BUDGET_INPUT=2048
WEIGHT_BUDGET_PARSE=PASS
WEIGHT_BUDGET_MIB=2048
WEIGHT_BUDGET_BYTES=2147483648
WEIGHT_BUDGET_SOURCE=ENV
WEIGHT_BUDGET_INPUT=2048
WEIGHT_BUDGET_PARSE=PASS
WEIGHT_BUDGET_MIB=2048
WEIGHT_BUDGET_BYTES=2147483648
WEIGHT_BUDGET_SOURCE=ENV
WEIGHT_BUDGET_INPUT=2048
WEIGHT_BUDGET_PARSE=PASS
WEIGHT_BUDGET_MIB=2048
WEIGHT_BUDGET_BYTES=2147483648
WEIGHT_BUDGET_SOURCE=ENV
WEIGHT_BUDGET_INPUT=2048
WEIGHT_BUDGET_PARSE=PASS
WEIGHT_BUDGET_MIB=2048
WEIGHT_BUDGET_BYTES=2147483648
WEIGHT_BUDGET_SOURCE=ENV
WEIGHT_BUDGET_INPUT=2048
WEIGHT_BUDGET_PARSE=PASS
WEIGHT_BUDGET_MIB=2048
WEIGHT_BUDGET_BYTES=2147483648
WEIGHT_BUDGET_SOURCE=ENV
WEIGHT_BUDGET_INPUT=2048
WEIGHT_BUDGET_PARSE=PASS
WEIGHT_BUDGET_MIB=2048
WEIGHT_BUDGET_BYTES=2147483648
WEIGHT_BUDGET_SOURCE=ENV
WEIGHT_BUDGET_INPUT=2048
WEIGHT_BUDGET_PARSE=PASS
WEIGHT_BUDGET_MIB=2048
WEIGHT_BUDGET_BYTES=2147483648
WEIGHT_BUDGET_SOURCE=ENV
WEIGHT_BUDGET_INPUT=2048
WEIGHT_BUDGET_PARSE=PASS
WEIGHT_BUDGET_MIB=2048
WEIGHT_BUDGET_BYTES=2147483648
WEIGHT_BUDGET_SOURCE=ENV
WEIGHT_BUDGET_INPUT=2048
WEIGHT_BUDGET_PARSE=PASS
WEIGHT_BUDGET_MIB=2048
WEIGHT_BUDGET_BYTES=2147483648
WEIGHT_BUDGET_SOURCE=ENV
WEIGHT_BUDGET_INPUT=2048
WEIGHT_BUDGET_PARSE=PASS
WEIGHT_BUDGET_MIB=2048
WEIGHT_BUDGET_BYTES=2147483648
WEIGHT_BUDGET_SOURCE=ENV
WEIGHT_BUDGET_INPUT=2048
WEIGHT_BUDGET_PARSE=PASS
WEIGHT_BUDGET_MIB=2048
WEIGHT_BUDGET_BYTES=2147483648
WEIGHT_BUDGET_SOURCE=ENV
WEIGHT_BUDGET_INPUT=2048
WEIGHT_BUDGET_PARSE=PASS
WEIGHT_BUDGET_MIB=2048
WEIGHT_BUDGET_BYTES=2147483648
WEIGHT_BUDGET_SOURCE=ENV
WEIGHT_BUDGET_INPUT=2048
WEIGHT_BUDGET_PARSE=PASS
WEIGHT_BUDGET_MIB=2048
WEIGHT_BUDGET_BYTES=2147483648
WEIGHT_BUDGET_SOURCE=ENV
WEIGHT_BUDGET_INPUT=2048
WEIGHT_BUDGET_PARSE=PASS
WEIGHT_BUDGET_MIB=2048
WEIGHT_BUDGET_BYTES=2147483648
WEIGHT_BUDGET_SOURCE=ENV
WEIGHT_BUDGET_INPUT=2048
WEIGHT_BUDGET_PARSE=PASS
WEIGHT_BUDGET_MIB=2048
WEIGHT_BUDGET_BYTES=2147483648
WEIGHT_BUDGET_SOURCE=ENV
WEIGHT_BUDGET_INPUT=2048
WEIGHT_BUDGET_PARSE=PASS
WEIGHT_BUDGET_MIB=2048
WEIGHT_BUDGET_BYTES=2147483648
WEIGHT_BUDGET_SOURCE=ENV
WEIGHT_BUDGET_INPUT=2048
WEIGHT_BUDGET_PARSE=PASS
WEIGHT_BUDGET_MIB=2048
WEIGHT_BUDGET_BYTES=2147483648
WEIGHT_BUDGET_SOURCE=ENV
WEIGHT_BUDGET_INPUT=2048
WEIGHT_BUDGET_PARSE=PASS
WEIGHT_BUDGET_MIB=2048
WEIGHT_BUDGET_BYTES=2147483648
WEIGHT_BUDGET_SOURCE=ENV
HEAP_OK_FINAL_NORM_BEFORE=1
FINAL_NORM_SRC_PTR=00000211F838A060
FINAL_NORM_DST_PTR=00000211F838A060
FINAL_NORM_WEIGHT_PTR=00000211A0D30000
FINAL_NORM_WEIGHT_SOURCE=HOST_MAPPED
FINAL_NORM_WEIGHT_FULFILLED=1
FINAL_NORM_WEIGHT_BYTES=12288
FINAL_NORM_WEIGHT_0=1.765625
FINAL_NORM_WEIGHT_1=1.75
FINAL_NORM_WEIGHT_2=1.5625
FINAL_NORM_WEIGHT_3=1.7734375
FINAL_NORM_WEIGHT_L2=91.4481258
FINAL_NORM_SUMSQ=10701.5044
FINAL_NORM_MEAN_SQ=3.48356262
FINAL_NORM_EPS=9.99999975e-06
FINAL_NORM_INV_RMS=0.535781324
FINAL_NORM_SRC_0=0.128087789
FINAL_NORM_DST_0=0.121169627
FINAL_NORM_AFTER_L2=62.3200385
HEAP_OK_FINAL_NORM_AFTER=1
HEAP_OK_COMPUTE_LOGITS_ENTER=1
HEAP_OK_LOGITS_LINEARW_BEFORE=1
HEAP_OK_LOGITS_LINEARW_AFTER=1
PERSISTENT_DECODE_TOKEN t=27 kv=64 devices=2 model=1 gpu_res=1 ssvk=1 bind=1 sealed=0 dev_create=1 model_load=1 cmd_rebuild=0 ds_reset=0
RESIDENCY_TOKEN t=27 kv=64 devices=2 model=1 gpu_res=1 dev_create=1 model_load=1 weight_up=197 weight_hit=9351 content_hit=9324 reload_B=0 pin_evict=0 pin_rej=0 res_B=1032192000
BATCH2_PRODUCT_DECODE_BIND=PASS token=27
BIND16_WINDOW_AUTHORITY=1
ROOFLINE_TOKEN t=28 dt_ns=1055467500 wup=197 s0=960 s1=832
WEIGHT_BUDGET_INPUT=2048
WEIGHT_BUDGET_PARSE=PASS
WEIGHT_BUDGET_MIB=2048
WEIGHT_BUDGET_BYTES=2147483648
WEIGHT_BUDGET_SOURCE=ENV
WEIGHT_BUDGET_INPUT=2048
WEIGHT_BUDGET_PARSE=PASS
WEIGHT_BUDGET_MIB=2048
WEIGHT_BUDGET_BYTES=2147483648
WEIGHT_BUDGET_SOURCE=ENV
WEIGHT_BUDGET_INPUT=2048
WEIGHT_BUDGET_PARSE=PASS
WEIGHT_BUDGET_MIB=2048
WEIGHT_BUDGET_BYTES=2147483648
WEIGHT_BUDGET_SOURCE=ENV
WEIGHT_BUDGET_INPUT=2048
WEIGHT_BUDGET_PARSE=PASS
WEIGHT_BUDGET_MIB=2048
WEIGHT_BUDGET_BYTES=2147483648
WEIGHT_BUDGET_SOURCE=ENV
WEIGHT_BUDGET_INPUT=2048
WEIGHT_BUDGET_PARSE=PASS
WEIGHT_BUDGET_MIB=2048
WEIGHT_BUDGET_BYTES=2147483648
WEIGHT_BUDGET_SOURCE=ENV
WEIGHT_BUDGET_INPUT=2048
WEIGHT_BUDGET_PARSE=PASS
WEIGHT_BUDGET_MIB=2048
WEIGHT_BUDGET_BYTES=2147483648
WEIGHT_BUDGET_SOURCE=ENV
WEIGHT_BUDGET_INPUT=2048
WEIGHT_BUDGET_PARSE=PASS
WEIGHT_BUDGET_MIB=2048
WEIGHT_BUDGET_BYTES=2147483648
WEIGHT_BUDGET_SOURCE=ENV
WEIGHT_BUDGET_INPUT=2048
WEIGHT_BUDGET_PARSE=PASS
WEIGHT_BUDGET_MIB=2048
WEIGHT_BUDGET_BYTES=2147483648
WEIGHT_BUDGET_SOURCE=ENV
WEIGHT_BUDGET_INPUT=2048
WEIGHT_BUDGET_PARSE=PASS
WEIGHT_BUDGET_MIB=2048
WEIGHT_BUDGET_BYTES=2147483648
WEIGHT_BUDGET_SOURCE=ENV
WEIGHT_BUDGET_INPUT=2048
WEIGHT_BUDGET_PARSE=PASS
WEIGHT_BUDGET_MIB=2048
WEIGHT_BUDGET_BYTES=2147483648
WEIGHT_BUDGET_SOURCE=ENV
WEIGHT_BUDGET_INPUT=2048
WEIGHT_BUDGET_PARSE=PASS
WEIGHT_BUDGET_MIB=2048
WEIGHT_BUDGET_BYTES=2147483648
WEIGHT_BUDGET_SOURCE=ENV
WEIGHT_BUDGET_INPUT=2048
WEIGHT_BUDGET_PARSE=PASS
WEIGHT_BUDGET_MIB=2048
WEIGHT_BUDGET_BYTES=2147483648
WEIGHT_BUDGET_SOURCE=ENV
WEIGHT_BUDGET_INPUT=2048
WEIGHT_BUDGET_PARSE=PASS
WEIGHT_BUDGET_MIB=2048
WEIGHT_BUDGET_BYTES=2147483648
WEIGHT_BUDGET_SOURCE=ENV
WEIGHT_BUDGET_INPUT=2048
WEIGHT_BUDGET_PARSE=PASS
WEIGHT_BUDGET_MIB=2048
WEIGHT_BUDGET_BYTES=2147483648
WEIGHT_BUDGET_SOURCE=ENV
WEIGHT_BUDGET_INPUT=2048
WEIGHT_BUDGET_PARSE=PASS
WEIGHT_BUDGET_MIB=2048
WEIGHT_BUDGET_BYTES=2147483648
WEIGHT_BUDGET_SOURCE=ENV
WEIGHT_BUDGET_INPUT=2048
WEIGHT_BUDGET_PARSE=PASS
WEIGHT_BUDGET_MIB=2048
WEIGHT_BUDGET_BYTES=2147483648
WEIGHT_BUDGET_SOURCE=ENV
WEIGHT_BUDGET_INPUT=2048
WEIGHT_BUDGET_PARSE=PASS
WEIGHT_BUDGET_MIB=2048
WEIGHT_BUDGET_BYTES=2147483648
WEIGHT_BUDGET_SOURCE=ENV
WEIGHT_BUDGET_INPUT=2048
WEIGHT_BUDGET_PARSE=PASS
WEIGHT_BUDGET_MIB=2048
WEIGHT_BUDGET_BYTES=2147483648
WEIGHT_BUDGET_SOURCE=ENV
WEIGHT_BUDGET_INPUT=2048
WEIGHT_BUDGET_PARSE=PASS
WEIGHT_BUDGET_MIB=2048
WEIGHT_BUDGET_BYTES=2147483648
WEIGHT_BUDGET_SOURCE=ENV
WEIGHT_BUDGET_INPUT=2048
WEIGHT_BUDGET_PARSE=PASS
WEIGHT_BUDGET_MIB=2048
WEIGHT_BUDGET_BYTES=2147483648
WEIGHT_BUDGET_SOURCE=ENV
WEIGHT_BUDGET_INPUT=2048
WEIGHT_BUDGET_PARSE=PASS
WEIGHT_BUDGET_MIB=2048
WEIGHT_BUDGET_BYTES=2147483648
WEIGHT_BUDGET_SOURCE=ENV
WEIGHT_BUDGET_INPUT=2048
WEIGHT_BUDGET_PARSE=PASS
WEIGHT_BUDGET_MIB=2048
WEIGHT_BUDGET_BYTES=2147483648
WEIGHT_BUDGET_SOURCE=ENV
WEIGHT_BUDGET_INPUT=2048
WEIGHT_BUDGET_PARSE=PASS
WEIGHT_BUDGET_MIB=2048
WEIGHT_BUDGET_BYTES=2147483648
WEIGHT_BUDGET_SOURCE=ENV
WEIGHT_BUDGET_INPUT=2048
WEIGHT_BUDGET_PARSE=PASS
WEIGHT_BUDGET_MIB=2048
WEIGHT_BUDGET_BYTES=2147483648
WEIGHT_BUDGET_SOURCE=ENV
WEIGHT_BUDGET_INPUT=2048
WEIGHT_BUDGET_PARSE=PASS
WEIGHT_BUDGET_MIB=2048
WEIGHT_BUDGET_BYTES=2147483648
WEIGHT_BUDGET_SOURCE=ENV
WEIGHT_BUDGET_INPUT=2048
WEIGHT_BUDGET_PARSE=PASS
WEIGHT_BUDGET_MIB=2048
WEIGHT_BUDGET_BYTES=2147483648
WEIGHT_BUDGET_SOURCE=ENV
WEIGHT_BUDGET_INPUT=2048
WEIGHT_BUDGET_PARSE=PASS
WEIGHT_BUDGET_MIB=2048
WEIGHT_BUDGET_BYTES=2147483648
WEIGHT_BUDGET_SOURCE=ENV
WEIGHT_BUDGET_INPUT=2048
WEIGHT_BUDGET_PARSE=PASS
WEIGHT_BUDGET_MIB=2048
WEIGHT_BUDGET_BYTES=2147483648
WEIGHT_BUDGET_SOURCE=ENV
WEIGHT_BUDGET_INPUT=2048
WEIGHT_BUDGET_PARSE=PASS
WEIGHT_BUDGET_MIB=2048
WEIGHT_BUDGET_BYTES=2147483648
WEIGHT_BUDGET_SOURCE=ENV
WEIGHT_BUDGET_INPUT=2048
WEIGHT_BUDGET_PARSE=PASS
WEIGHT_BUDGET_MIB=2048
WEIGHT_BUDGET_BYTES=2147483648
WEIGHT_BUDGET_SOURCE=ENV
HEAP_OK_FINAL_NORM_BEFORE=1
FINAL_NORM_SRC_PTR=00000211F838D060
FINAL_NORM_DST_PTR=00000211F838D060
FINAL_NORM_WEIGHT_PTR=00000211A0D30000
FINAL_NORM_WEIGHT_SOURCE=HOST_MAPPED
FINAL_NORM_WEIGHT_FULFILLED=1
FINAL_NORM_WEIGHT_BYTES=12288
FINAL_NORM_WEIGHT_0=1.765625
FINAL_NORM_WEIGHT_1=1.75
FINAL_NORM_WEIGHT_2=1.5625
FINAL_NORM_WEIGHT_3=1.7734375
FINAL_NORM_WEIGHT_L2=91.4481258
FINAL_NORM_SUMSQ=10894.8292
FINAL_NORM_MEAN_SQ=3.54649389
FINAL_NORM_EPS=9.99999975e-06
FINAL_NORM_INV_RMS=0.531006455
FINAL_NORM_SRC_0=0.0176919848
FINAL_NORM_DST_0=0.0165872667
FINAL_NORM_AFTER_L2=62.0241002
HEAP_OK_FINAL_NORM_AFTER=1
HEAP_OK_COMPUTE_LOGITS_ENTER=1
HEAP_OK_LOGITS_LINEARW_BEFORE=1
HEAP_OK_LOGITS_LINEARW_AFTER=1
PERSISTENT_DECODE_TOKEN t=28 kv=65 devices=2 model=1 gpu_res=1 ssvk=1 bind=1 sealed=0 dev_create=1 model_load=1 cmd_rebuild=0 ds_reset=0
RESIDENCY_TOKEN t=28 kv=65 devices=2 model=1 gpu_res=1 dev_create=1 model_load=1 weight_up=197 weight_hit=9436 content_hit=9408 reload_B=0 pin_evict=0 pin_rej=0 res_B=1032192000
BATCH2_PRODUCT_DECODE_BIND=PASS token=28
BIND16_WINDOW_AUTHORITY=1
ROOFLINE_TOKEN t=29 dt_ns=1079241400 wup=197 s0=975 s1=845
WEIGHT_BUDGET_INPUT=2048
WEIGHT_BUDGET_PARSE=PASS
WEIGHT_BUDGET_MIB=2048
WEIGHT_BUDGET_BYTES=2147483648
WEIGHT_BUDGET_SOURCE=ENV
WEIGHT_BUDGET_INPUT=2048
WEIGHT_BUDGET_PARSE=PASS
WEIGHT_BUDGET_MIB=2048
WEIGHT_BUDGET_BYTES=2147483648
WEIGHT_BUDGET_SOURCE=ENV
WEIGHT_BUDGET_INPUT=2048
WEIGHT_BUDGET_PARSE=PASS
WEIGHT_BUDGET_MIB=2048
WEIGHT_BUDGET_BYTES=2147483648
WEIGHT_BUDGET_SOURCE=ENV
WEIGHT_BUDGET_INPUT=2048
WEIGHT_BUDGET_PARSE=PASS
WEIGHT_BUDGET_MIB=2048
WEIGHT_BUDGET_BYTES=2147483648
WEIGHT_BUDGET_SOURCE=ENV
WEIGHT_BUDGET_INPUT=2048
WEIGHT_BUDGET_PARSE=PASS
WEIGHT_BUDGET_MIB=2048
WEIGHT_BUDGET_BYTES=2147483648
WEIGHT_BUDGET_SOURCE=ENV
WEIGHT_BUDGET_INPUT=2048
WEIGHT_BUDGET_PARSE=PASS
WEIGHT_BUDGET_MIB=2048
WEIGHT_BUDGET_BYTES=2147483648
WEIGHT_BUDGET_SOURCE=ENV
WEIGHT_BUDGET_INPUT=2048
WEIGHT_BUDGET_PARSE=PASS
WEIGHT_BUDGET_MIB=2048
WEIGHT_BUDGET_BYTES=2147483648
WEIGHT_BUDGET_SOURCE=ENV
WEIGHT_BUDGET_INPUT=2048
WEIGHT_BUDGET_PARSE=PASS
WEIGHT_BUDGET_MIB=2048
WEIGHT_BUDGET_BYTES=2147483648
WEIGHT_BUDGET_SOURCE=ENV
WEIGHT_BUDGET_INPUT=2048
WEIGHT_BUDGET_PARSE=PASS
WEIGHT_BUDGET_MIB=2048
WEIGHT_BUDGET_BYTES=2147483648
WEIGHT_BUDGET_SOURCE=ENV
WEIGHT_BUDGET_INPUT=2048
WEIGHT_BUDGET_PARSE=PASS
WEIGHT_BUDGET_MIB=2048
WEIGHT_BUDGET_BYTES=2147483648
WEIGHT_BUDGET_SOURCE=ENV
WEIGHT_BUDGET_INPUT=2048
WEIGHT_BUDGET_PARSE=PASS
WEIGHT_BUDGET_MIB=2048
WEIGHT_BUDGET_BYTES=2147483648
WEIGHT_BUDGET_SOURCE=ENV
WEIGHT_BUDGET_INPUT=2048
WEIGHT_BUDGET_PARSE=PASS
WEIGHT_BUDGET_MIB=2048
WEIGHT_BUDGET_BYTES=2147483648
WEIGHT_BUDGET_SOURCE=ENV
WEIGHT_BUDGET_INPUT=2048
WEIGHT_BUDGET_PARSE=PASS
WEIGHT_BUDGET_MIB=2048
WEIGHT_BUDGET_BYTES=2147483648
WEIGHT_BUDGET_SOURCE=ENV
WEIGHT_BUDGET_INPUT=2048
WEIGHT_BUDGET_PARSE=PASS
WEIGHT_BUDGET_MIB=2048
WEIGHT_BUDGET_BYTES=2147483648
WEIGHT_BUDGET_SOURCE=ENV
WEIGHT_BUDGET_INPUT=2048
WEIGHT_BUDGET_PARSE=PASS
WEIGHT_BUDGET_MIB=2048
WEIGHT_BUDGET_BYTES=2147483648
WEIGHT_BUDGET_SOURCE=ENV
WEIGHT_BUDGET_INPUT=2048
WEIGHT_BUDGET_PARSE=PASS
WEIGHT_BUDGET_MIB=2048
WEIGHT_BUDGET_BYTES=2147483648
WEIGHT_BUDGET_SOURCE=ENV
WEIGHT_BUDGET_INPUT=2048
WEIGHT_BUDGET_PARSE=PASS
WEIGHT_BUDGET_MIB=2048
WEIGHT_BUDGET_BYTES=2147483648
WEIGHT_BUDGET_SOURCE=ENV
WEIGHT_BUDGET_INPUT=2048
WEIGHT_BUDGET_PARSE=PASS
WEIGHT_BUDGET_MIB=2048
WEIGHT_BUDGET_BYTES=2147483648
WEIGHT_BUDGET_SOURCE=ENV
WEIGHT_BUDGET_INPUT=2048
WEIGHT_BUDGET_PARSE=PASS
WEIGHT_BUDGET_MIB=2048
WEIGHT_BUDGET_BYTES=2147483648
WEIGHT_BUDGET_SOURCE=ENV
WEIGHT_BUDGET_INPUT=2048
WEIGHT_BUDGET_PARSE=PASS
WEIGHT_BUDGET_MIB=2048
WEIGHT_BUDGET_BYTES=2147483648
WEIGHT_BUDGET_SOURCE=ENV
WEIGHT_BUDGET_INPUT=2048
WEIGHT_BUDGET_PARSE=PASS
WEIGHT_BUDGET_MIB=2048
WEIGHT_BUDGET_BYTES=2147483648
WEIGHT_BUDGET_SOURCE=ENV
WEIGHT_BUDGET_INPUT=2048
WEIGHT_BUDGET_PARSE=PASS
WEIGHT_BUDGET_MIB=2048
WEIGHT_BUDGET_BYTES=2147483648
WEIGHT_BUDGET_SOURCE=ENV
WEIGHT_BUDGET_INPUT=2048
WEIGHT_BUDGET_PARSE=PASS
WEIGHT_BUDGET_MIB=2048
WEIGHT_BUDGET_BYTES=2147483648
WEIGHT_BUDGET_SOURCE=ENV
WEIGHT_BUDGET_INPUT=2048
WEIGHT_BUDGET_PARSE=PASS
WEIGHT_BUDGET_MIB=2048
WEIGHT_BUDGET_BYTES=2147483648
WEIGHT_BUDGET_SOURCE=ENV
WEIGHT_BUDGET_INPUT=2048
WEIGHT_BUDGET_PARSE=PASS
WEIGHT_BUDGET_MIB=2048
WEIGHT_BUDGET_BYTES=2147483648
WEIGHT_BUDGET_SOURCE=ENV
WEIGHT_BUDGET_INPUT=2048
WEIGHT_BUDGET_PARSE=PASS
WEIGHT_BUDGET_MIB=2048
WEIGHT_BUDGET_BYTES=2147483648
WEIGHT_BUDGET_SOURCE=ENV
WEIGHT_BUDGET_INPUT=2048
WEIGHT_BUDGET_PARSE=PASS
WEIGHT_BUDGET_MIB=2048
WEIGHT_BUDGET_BYTES=2147483648
WEIGHT_BUDGET_SOURCE=ENV
WEIGHT_BUDGET_INPUT=2048
WEIGHT_BUDGET_PARSE=PASS
WEIGHT_BUDGET_MIB=2048
WEIGHT_BUDGET_BYTES=2147483648
WEIGHT_BUDGET_SOURCE=ENV
WEIGHT_BUDGET_INPUT=2048
WEIGHT_BUDGET_PARSE=PASS
WEIGHT_BUDGET_MIB=2048
WEIGHT_BUDGET_BYTES=2147483648
WEIGHT_BUDGET_SOURCE=ENV
WEIGHT_BUDGET_INPUT=2048
WEIGHT_BUDGET_PARSE=PASS
WEIGHT_BUDGET_MIB=2048
WEIGHT_BUDGET_BYTES=2147483648
WEIGHT_BUDGET_SOURCE=ENV
HEAP_OK_FINAL_NORM_BEFORE=1
FINAL_NORM_SRC_PTR=00000211F8390060
FINAL_NORM_DST_PTR=00000211F8390060
FINAL_NORM_WEIGHT_PTR=00000211A0D30000
FINAL_NORM_WEIGHT_SOURCE=HOST_MAPPED
FINAL_NORM_WEIGHT_FULFILLED=1
FINAL_NORM_WEIGHT_BYTES=12288
FINAL_NORM_WEIGHT_0=1.765625
FINAL_NORM_WEIGHT_1=1.75
FINAL_NORM_WEIGHT_2=1.5625
FINAL_NORM_WEIGHT_3=1.7734375
FINAL_NORM_WEIGHT_L2=91.4481258
FINAL_NORM_SUMSQ=10955.3573
FINAL_NORM_MEAN_SQ=3.56619704
FINAL_NORM_EPS=9.99999975e-06
FINAL_NORM_INV_RMS=0.529537499
FINAL_NORM_SRC_0=-0.1129428
FINAL_NORM_DST_0=-0.105597526
FINAL_NORM_AFTER_L2=61.8473737
HEAP_OK_FINAL_NORM_AFTER=1
HEAP_OK_COMPUTE_LOGITS_ENTER=1
HEAP_OK_LOGITS_LINEARW_BEFORE=1
HEAP_OK_LOGITS_LINEARW_AFTER=1
PERSISTENT_DECODE_TOKEN t=29 kv=66 devices=2 model=1 gpu_res=1 ssvk=1 bind=1 sealed=0 dev_create=1 model_load=1 cmd_rebuild=0 ds_reset=0
RESIDENCY_TOKEN t=29 kv=66 devices=2 model=1 gpu_res=1 dev_create=1 model_load=1 weight_up=197 weight_hit=9521 content_hit=9492 reload_B=0 pin_evict=0 pin_rej=0 res_B=1032192000
BATCH2_PRODUCT_DECODE_BIND=PASS token=29
BIND16_WINDOW_AUTHORITY=1
ROOFLINE_TOKEN t=30 dt_ns=1044761800 wup=197 s0=990 s1=858
WEIGHT_BUDGET_INPUT=2048
WEIGHT_BUDGET_PARSE=PASS
WEIGHT_BUDGET_MIB=2048
WEIGHT_BUDGET_BYTES=2147483648
WEIGHT_BUDGET_SOURCE=ENV
WEIGHT_BUDGET_INPUT=2048
WEIGHT_BUDGET_PARSE=PASS
WEIGHT_BUDGET_MIB=2048
WEIGHT_BUDGET_BYTES=2147483648
WEIGHT_BUDGET_SOURCE=ENV
WEIGHT_BUDGET_INPUT=2048
WEIGHT_BUDGET_PARSE=PASS
WEIGHT_BUDGET_MIB=2048
WEIGHT_BUDGET_BYTES=2147483648
WEIGHT_BUDGET_SOURCE=ENV
WEIGHT_BUDGET_INPUT=2048
WEIGHT_BUDGET_PARSE=PASS
WEIGHT_BUDGET_MIB=2048
WEIGHT_BUDGET_BYTES=2147483648
WEIGHT_BUDGET_SOURCE=ENV
WEIGHT_BUDGET_INPUT=2048
WEIGHT_BUDGET_PARSE=PASS
WEIGHT_BUDGET_MIB=2048
WEIGHT_BUDGET_BYTES=2147483648
WEIGHT_BUDGET_SOURCE=ENV
WEIGHT_BUDGET_INPUT=2048
WEIGHT_BUDGET_PARSE=PASS
WEIGHT_BUDGET_MIB=2048
WEIGHT_BUDGET_BYTES=2147483648
WEIGHT_BUDGET_SOURCE=ENV
WEIGHT_BUDGET_INPUT=2048
WEIGHT_BUDGET_PARSE=PASS
WEIGHT_BUDGET_MIB=2048
WEIGHT_BUDGET_BYTES=2147483648
WEIGHT_BUDGET_SOURCE=ENV
WEIGHT_BUDGET_INPUT=2048
WEIGHT_BUDGET_PARSE=PASS
WEIGHT_BUDGET_MIB=2048
WEIGHT_BUDGET_BYTES=2147483648
WEIGHT_BUDGET_SOURCE=ENV
WEIGHT_BUDGET_INPUT=2048
WEIGHT_BUDGET_PARSE=PASS
WEIGHT_BUDGET_MIB=2048
WEIGHT_BUDGET_BYTES=2147483648
WEIGHT_BUDGET_SOURCE=ENV
WEIGHT_BUDGET_INPUT=2048
WEIGHT_BUDGET_PARSE=PASS
WEIGHT_BUDGET_MIB=2048
WEIGHT_BUDGET_BYTES=2147483648
WEIGHT_BUDGET_SOURCE=ENV
WEIGHT_BUDGET_INPUT=2048
WEIGHT_BUDGET_PARSE=PASS
WEIGHT_BUDGET_MIB=2048
WEIGHT_BUDGET_BYTES=2147483648
WEIGHT_BUDGET_SOURCE=ENV
WEIGHT_BUDGET_INPUT=2048
WEIGHT_BUDGET_PARSE=PASS
WEIGHT_BUDGET_MIB=2048
WEIGHT_BUDGET_BYTES=2147483648
WEIGHT_BUDGET_SOURCE=ENV
WEIGHT_BUDGET_INPUT=2048
WEIGHT_BUDGET_PARSE=PASS
WEIGHT_BUDGET_MIB=2048
WEIGHT_BUDGET_BYTES=2147483648
WEIGHT_BUDGET_SOURCE=ENV
WEIGHT_BUDGET_INPUT=2048
WEIGHT_BUDGET_PARSE=PASS
WEIGHT_BUDGET_MIB=2048
WEIGHT_BUDGET_BYTES=2147483648
WEIGHT_BUDGET_SOURCE=ENV
WEIGHT_BUDGET_INPUT=2048
WEIGHT_BUDGET_PARSE=PASS
WEIGHT_BUDGET_MIB=2048
WEIGHT_BUDGET_BYTES=2147483648
WEIGHT_BUDGET_SOURCE=ENV
WEIGHT_BUDGET_INPUT=2048
WEIGHT_BUDGET_PARSE=PASS
WEIGHT_BUDGET_MIB=2048
WEIGHT_BUDGET_BYTES=2147483648
WEIGHT_BUDGET_SOURCE=ENV
WEIGHT_BUDGET_INPUT=2048
WEIGHT_BUDGET_PARSE=PASS
WEIGHT_BUDGET_MIB=2048
WEIGHT_BUDGET_BYTES=2147483648
WEIGHT_BUDGET_SOURCE=ENV
WEIGHT_BUDGET_INPUT=2048
WEIGHT_BUDGET_PARSE=PASS
WEIGHT_BUDGET_MIB=2048
WEIGHT_BUDGET_BYTES=2147483648
WEIGHT_BUDGET_SOURCE=ENV
WEIGHT_BUDGET_INPUT=2048
WEIGHT_BUDGET_PARSE=PASS
WEIGHT_BUDGET_MIB=2048
WEIGHT_BUDGET_BYTES=2147483648
WEIGHT_BUDGET_SOURCE=ENV
WEIGHT_BUDGET_INPUT=2048
WEIGHT_BUDGET_PARSE=PASS
WEIGHT_BUDGET_MIB=2048
WEIGHT_BUDGET_BYTES=2147483648
WEIGHT_BUDGET_SOURCE=ENV
WEIGHT_BUDGET_INPUT=2048
WEIGHT_BUDGET_PARSE=PASS
WEIGHT_BUDGET_MIB=2048
WEIGHT_BUDGET_BYTES=2147483648
WEIGHT_BUDGET_SOURCE=ENV
WEIGHT_BUDGET_INPUT=2048
WEIGHT_BUDGET_PARSE=PASS
WEIGHT_BUDGET_MIB=2048
WEIGHT_BUDGET_BYTES=2147483648
WEIGHT_BUDGET_SOURCE=ENV
WEIGHT_BUDGET_INPUT=2048
WEIGHT_BUDGET_PARSE=PASS
WEIGHT_BUDGET_MIB=2048
WEIGHT_BUDGET_BYTES=2147483648
WEIGHT_BUDGET_SOURCE=ENV
WEIGHT_BUDGET_INPUT=2048
WEIGHT_BUDGET_PARSE=PASS
WEIGHT_BUDGET_MIB=2048
WEIGHT_BUDGET_BYTES=2147483648
WEIGHT_BUDGET_SOURCE=ENV
WEIGHT_BUDGET_INPUT=2048
WEIGHT_BUDGET_PARSE=PASS
WEIGHT_BUDGET_MIB=2048
WEIGHT_BUDGET_BYTES=2147483648
WEIGHT_BUDGET_SOURCE=ENV
WEIGHT_BUDGET_INPUT=2048
WEIGHT_BUDGET_PARSE=PASS
WEIGHT_BUDGET_MIB=2048
WEIGHT_BUDGET_BYTES=2147483648
WEIGHT_BUDGET_SOURCE=ENV
WEIGHT_BUDGET_INPUT=2048
WEIGHT_BUDGET_PARSE=PASS
WEIGHT_BUDGET_MIB=2048
WEIGHT_BUDGET_BYTES=2147483648
WEIGHT_BUDGET_SOURCE=ENV
WEIGHT_BUDGET_INPUT=2048
WEIGHT_BUDGET_PARSE=PASS
WEIGHT_BUDGET_MIB=2048
WEIGHT_BUDGET_BYTES=2147483648
WEIGHT_BUDGET_SOURCE=ENV
WEIGHT_BUDGET_INPUT=2048
WEIGHT_BUDGET_PARSE=PASS
WEIGHT_BUDGET_MIB=2048
WEIGHT_BUDGET_BYTES=2147483648
WEIGHT_BUDGET_SOURCE=ENV
WEIGHT_BUDGET_INPUT=2048
WEIGHT_BUDGET_PARSE=PASS
WEIGHT_BUDGET_MIB=2048
WEIGHT_BUDGET_BYTES=2147483648
WEIGHT_BUDGET_SOURCE=ENV
HEAP_OK_FINAL_NORM_BEFORE=1
FINAL_NORM_SRC_PTR=00000211F8393060
FINAL_NORM_DST_PTR=00000211F8393060
FINAL_NORM_WEIGHT_PTR=00000211A0D30000
FINAL_NORM_WEIGHT_SOURCE=HOST_MAPPED
FINAL_NORM_WEIGHT_FULFILLED=1
FINAL_NORM_WEIGHT_BYTES=12288
FINAL_NORM_WEIGHT_0=1.765625
FINAL_NORM_WEIGHT_1=1.75
FINAL_NORM_WEIGHT_2=1.5625
FINAL_NORM_WEIGHT_3=1.7734375
FINAL_NORM_WEIGHT_L2=91.4481258
FINAL_NORM_SUMSQ=11070.5947
FINAL_NORM_MEAN_SQ=3.6037092
FINAL_NORM_EPS=9.99999975e-06
FINAL_NORM_INV_RMS=0.526774228
FINAL_NORM_SRC_0=-0.170587957
FINAL_NORM_DST_0=-0.158661425
FINAL_NORM_AFTER_L2=61.4237225
HEAP_OK_FINAL_NORM_AFTER=1
HEAP_OK_COMPUTE_LOGITS_ENTER=1
HEAP_OK_LOGITS_LINEARW_BEFORE=1
HEAP_OK_LOGITS_LINEARW_AFTER=1
PERSISTENT_DECODE_TOKEN t=30 kv=67 devices=2 model=1 gpu_res=1 ssvk=1 bind=1 sealed=0 dev_create=1 model_load=1 cmd_rebuild=0 ds_reset=0
RESIDENCY_TOKEN t=30 kv=67 devices=2 model=1 gpu_res=1 dev_create=1 model_load=1 weight_up=197 weight_hit=9606 content_hit=9576 reload_B=0 pin_evict=0 pin_rej=0 res_B=1032192000
BATCH2_PRODUCT_DECODE_BIND=PASS token=30
BIND16_WINDOW_AUTHORITY=1
ROOFLINE_TOKEN t=31 dt_ns=1063749800 wup=197 s0=1005 s1=871
WEIGHT_BUDGET_INPUT=2048
WEIGHT_BUDGET_PARSE=PASS
WEIGHT_BUDGET_MIB=2048
WEIGHT_BUDGET_BYTES=2147483648
WEIGHT_BUDGET_SOURCE=ENV
WEIGHT_BUDGET_INPUT=2048
WEIGHT_BUDGET_PARSE=PASS
WEIGHT_BUDGET_MIB=2048
WEIGHT_BUDGET_BYTES=2147483648
WEIGHT_BUDGET_SOURCE=ENV
WEIGHT_BUDGET_INPUT=2048
WEIGHT_BUDGET_PARSE=PASS
WEIGHT_BUDGET_MIB=2048
WEIGHT_BUDGET_BYTES=2147483648
WEIGHT_BUDGET_SOURCE=ENV
WEIGHT_BUDGET_INPUT=2048
WEIGHT_BUDGET_PARSE=PASS
WEIGHT_BUDGET_MIB=2048
WEIGHT_BUDGET_BYTES=2147483648
WEIGHT_BUDGET_SOURCE=ENV
WEIGHT_BUDGET_INPUT=2048
WEIGHT_BUDGET_PARSE=PASS
WEIGHT_BUDGET_MIB=2048
WEIGHT_BUDGET_BYTES=2147483648
WEIGHT_BUDGET_SOURCE=ENV
WEIGHT_BUDGET_INPUT=2048
WEIGHT_BUDGET_PARSE=PASS
WEIGHT_BUDGET_MIB=2048
WEIGHT_BUDGET_BYTES=2147483648
WEIGHT_BUDGET_SOURCE=ENV
WEIGHT_BUDGET_INPUT=2048
WEIGHT_BUDGET_PARSE=PASS
WEIGHT_BUDGET_MIB=2048
WEIGHT_BUDGET_BYTES=2147483648
WEIGHT_BUDGET_SOURCE=ENV
WEIGHT_BUDGET_INPUT=2048
WEIGHT_BUDGET_PARSE=PASS
WEIGHT_BUDGET_MIB=2048
WEIGHT_BUDGET_BYTES=2147483648
WEIGHT_BUDGET_SOURCE=ENV
WEIGHT_BUDGET_INPUT=2048
WEIGHT_BUDGET_PARSE=PASS
WEIGHT_BUDGET_MIB=2048
WEIGHT_BUDGET_BYTES=2147483648
WEIGHT_BUDGET_SOURCE=ENV
WEIGHT_BUDGET_INPUT=2048
WEIGHT_BUDGET_PARSE=PASS
WEIGHT_BUDGET_MIB=2048
WEIGHT_BUDGET_BYTES=2147483648
WEIGHT_BUDGET_SOURCE=ENV
WEIGHT_BUDGET_INPUT=2048
WEIGHT_BUDGET_PARSE=PASS
WEIGHT_BUDGET_MIB=2048
WEIGHT_BUDGET_BYTES=2147483648
WEIGHT_BUDGET_SOURCE=ENV
WEIGHT_BUDGET_INPUT=2048
WEIGHT_BUDGET_PARSE=PASS
WEIGHT_BUDGET_MIB=2048
WEIGHT_BUDGET_BYTES=2147483648
WEIGHT_BUDGET_SOURCE=ENV
WEIGHT_BUDGET_INPUT=2048
WEIGHT_BUDGET_PARSE=PASS
WEIGHT_BUDGET_MIB=2048
WEIGHT_BUDGET_BYTES=2147483648
WEIGHT_BUDGET_SOURCE=ENV
WEIGHT_BUDGET_INPUT=2048
WEIGHT_BUDGET_PARSE=PASS
WEIGHT_BUDGET_MIB=2048
WEIGHT_BUDGET_BYTES=2147483648
WEIGHT_BUDGET_SOURCE=ENV
WEIGHT_BUDGET_INPUT=2048
WEIGHT_BUDGET_PARSE=PASS
WEIGHT_BUDGET_MIB=2048
WEIGHT_BUDGET_BYTES=2147483648
WEIGHT_BUDGET_SOURCE=ENV
WEIGHT_BUDGET_INPUT=2048
WEIGHT_BUDGET_PARSE=PASS
WEIGHT_BUDGET_MIB=2048
WEIGHT_BUDGET_BYTES=2147483648
WEIGHT_BUDGET_SOURCE=ENV
WEIGHT_BUDGET_INPUT=2048
WEIGHT_BUDGET_PARSE=PASS
WEIGHT_BUDGET_MIB=2048
WEIGHT_BUDGET_BYTES=2147483648
WEIGHT_BUDGET_SOURCE=ENV
WEIGHT_BUDGET_INPUT=2048
WEIGHT_BUDGET_PARSE=PASS
WEIGHT_BUDGET_MIB=2048
WEIGHT_BUDGET_BYTES=2147483648
WEIGHT_BUDGET_SOURCE=ENV
WEIGHT_BUDGET_INPUT=2048
WEIGHT_BUDGET_PARSE=PASS
WEIGHT_BUDGET_MIB=2048
WEIGHT_BUDGET_BYTES=2147483648
WEIGHT_BUDGET_SOURCE=ENV
WEIGHT_BUDGET_INPUT=2048
WEIGHT_BUDGET_PARSE=PASS
WEIGHT_BUDGET_MIB=2048
WEIGHT_BUDGET_BYTES=2147483648
WEIGHT_BUDGET_SOURCE=ENV
WEIGHT_BUDGET_INPUT=2048
WEIGHT_BUDGET_PARSE=PASS
WEIGHT_BUDGET_MIB=2048
WEIGHT_BUDGET_BYTES=2147483648
WEIGHT_BUDGET_SOURCE=ENV
WEIGHT_BUDGET_INPUT=2048
WEIGHT_BUDGET_PARSE=PASS
WEIGHT_BUDGET_MIB=2048
WEIGHT_BUDGET_BYTES=2147483648
WEIGHT_BUDGET_SOURCE=ENV
WEIGHT_BUDGET_INPUT=2048
WEIGHT_BUDGET_PARSE=PASS
WEIGHT_BUDGET_MIB=2048
WEIGHT_BUDGET_BYTES=2147483648
WEIGHT_BUDGET_SOURCE=ENV
WEIGHT_BUDGET_INPUT=2048
WEIGHT_BUDGET_PARSE=PASS
WEIGHT_BUDGET_MIB=2048
WEIGHT_BUDGET_BYTES=2147483648
WEIGHT_BUDGET_SOURCE=ENV
WEIGHT_BUDGET_INPUT=2048
WEIGHT_BUDGET_PARSE=PASS
WEIGHT_BUDGET_MIB=2048
WEIGHT_BUDGET_BYTES=2147483648
WEIGHT_BUDGET_SOURCE=ENV
WEIGHT_BUDGET_INPUT=2048
WEIGHT_BUDGET_PARSE=PASS
WEIGHT_BUDGET_MIB=2048
WEIGHT_BUDGET_BYTES=2147483648
WEIGHT_BUDGET_SOURCE=ENV
WEIGHT_BUDGET_INPUT=2048
WEIGHT_BUDGET_PARSE=PASS
WEIGHT_BUDGET_MIB=2048
WEIGHT_BUDGET_BYTES=2147483648
WEIGHT_BUDGET_SOURCE=ENV
WEIGHT_BUDGET_INPUT=2048
WEIGHT_BUDGET_PARSE=PASS
WEIGHT_BUDGET_MIB=2048
WEIGHT_BUDGET_BYTES=2147483648
WEIGHT_BUDGET_SOURCE=ENV
WEIGHT_BUDGET_INPUT=2048
WEIGHT_BUDGET_PARSE=PASS
WEIGHT_BUDGET_MIB=2048
WEIGHT_BUDGET_BYTES=2147483648
WEIGHT_BUDGET_SOURCE=ENV
WEIGHT_BUDGET_INPUT=2048
WEIGHT_BUDGET_PARSE=PASS
WEIGHT_BUDGET_MIB=2048
WEIGHT_BUDGET_BYTES=2147483648
WEIGHT_BUDGET_SOURCE=ENV
HEAP_OK_FINAL_NORM_BEFORE=1
FINAL_NORM_SRC_PTR=00000211F8396060
FINAL_NORM_DST_PTR=00000211F8396060
FINAL_NORM_WEIGHT_PTR=00000211A0D30000
FINAL_NORM_WEIGHT_SOURCE=HOST_MAPPED
FINAL_NORM_WEIGHT_FULFILLED=1
FINAL_NORM_WEIGHT_BYTES=12288
FINAL_NORM_WEIGHT_0=1.765625
FINAL_NORM_WEIGHT_1=1.75
FINAL_NORM_WEIGHT_2=1.5625
FINAL_NORM_WEIGHT_3=1.7734375
FINAL_NORM_WEIGHT_L2=91.4481258
FINAL_NORM_SUMSQ=11128.3549
FINAL_NORM_MEAN_SQ=3.62251136
FINAL_NORM_EPS=9.99999975e-06
FINAL_NORM_INV_RMS=0.525405347
FINAL_NORM_SRC_0=-0.172092035
FINAL_NORM_DST_0=-0.159644425
FINAL_NORM_AFTER_L2=60.9918331
HEAP_OK_FINAL_NORM_AFTER=1
HEAP_OK_COMPUTE_LOGITS_ENTER=1
HEAP_OK_LOGITS_LINEARW_BEFORE=1
HEAP_OK_LOGITS_LINEARW_AFTER=1
PERSISTENT_DECODE_TOKEN t=31 kv=68 devices=2 model=1 gpu_res=1 ssvk=1 bind=1 sealed=0 dev_create=1 model_load=1 cmd_rebuild=0 ds_reset=0
RESIDENCY_TOKEN t=31 kv=68 devices=2 model=1 gpu_res=1 dev_create=1 model_load=1 weight_up=197 weight_hit=9691 content_hit=9660 reload_B=0 pin_evict=0 pin_rej=0 res_B=1032192000
BATCH2_PRODUCT_DECODE_BIND=PASS token=31
BIND16_WINDOW_AUTHORITY=1
ROOFLINE_TOKEN t=32 dt_ns=1049164300 wup=197 s0=1020 s1=884
WEIGHT_BUDGET_INPUT=2048
WEIGHT_BUDGET_PARSE=PASS
WEIGHT_BUDGET_MIB=2048
WEIGHT_BUDGET_BYTES=2147483648
WEIGHT_BUDGET_SOURCE=ENV
WEIGHT_BUDGET_INPUT=2048
WEIGHT_BUDGET_PARSE=PASS
WEIGHT_BUDGET_MIB=2048
WEIGHT_BUDGET_BYTES=2147483648
WEIGHT_BUDGET_SOURCE=ENV
WEIGHT_BUDGET_INPUT=2048
WEIGHT_BUDGET_PARSE=PASS
WEIGHT_BUDGET_MIB=2048
WEIGHT_BUDGET_BYTES=2147483648
WEIGHT_BUDGET_SOURCE=ENV
WEIGHT_BUDGET_INPUT=2048
WEIGHT_BUDGET_PARSE=PASS
WEIGHT_BUDGET_MIB=2048
WEIGHT_BUDGET_BYTES=2147483648
WEIGHT_BUDGET_SOURCE=ENV
WEIGHT_BUDGET_INPUT=2048
WEIGHT_BUDGET_PARSE=PASS
WEIGHT_BUDGET_MIB=2048
WEIGHT_BUDGET_BYTES=2147483648
WEIGHT_BUDGET_SOURCE=ENV
WEIGHT_BUDGET_INPUT=2048
WEIGHT_BUDGET_PARSE=PASS
WEIGHT_BUDGET_MIB=2048
WEIGHT_BUDGET_BYTES=2147483648
WEIGHT_BUDGET_SOURCE=ENV
WEIGHT_BUDGET_INPUT=2048
WEIGHT_BUDGET_PARSE=PASS
WEIGHT_BUDGET_MIB=2048
WEIGHT_BUDGET_BYTES=2147483648
WEIGHT_BUDGET_SOURCE=ENV
WEIGHT_BUDGET_INPUT=2048
WEIGHT_BUDGET_PARSE=PASS
WEIGHT_BUDGET_MIB=2048
WEIGHT_BUDGET_BYTES=2147483648
WEIGHT_BUDGET_SOURCE=ENV
WEIGHT_BUDGET_INPUT=2048
WEIGHT_BUDGET_PARSE=PASS
WEIGHT_BUDGET_MIB=2048
WEIGHT_BUDGET_BYTES=2147483648
WEIGHT_BUDGET_SOURCE=ENV
WEIGHT_BUDGET_INPUT=2048
WEIGHT_BUDGET_PARSE=PASS
WEIGHT_BUDGET_MIB=2048
WEIGHT_BUDGET_BYTES=2147483648
WEIGHT_BUDGET_SOURCE=ENV
WEIGHT_BUDGET_INPUT=2048
WEIGHT_BUDGET_PARSE=PASS
WEIGHT_BUDGET_MIB=2048
WEIGHT_BUDGET_BYTES=2147483648
WEIGHT_BUDGET_SOURCE=ENV
WEIGHT_BUDGET_INPUT=2048
WEIGHT_BUDGET_PARSE=PASS
WEIGHT_BUDGET_MIB=2048
WEIGHT_BUDGET_BYTES=2147483648
WEIGHT_BUDGET_SOURCE=ENV
WEIGHT_BUDGET_INPUT=2048
WEIGHT_BUDGET_PARSE=PASS
WEIGHT_BUDGET_MIB=2048
WEIGHT_BUDGET_BYTES=2147483648
WEIGHT_BUDGET_SOURCE=ENV
WEIGHT_BUDGET_INPUT=2048
WEIGHT_BUDGET_PARSE=PASS
WEIGHT_BUDGET_MIB=2048
WEIGHT_BUDGET_BYTES=2147483648
WEIGHT_BUDGET_SOURCE=ENV
WEIGHT_BUDGET_INPUT=2048
WEIGHT_BUDGET_PARSE=PASS
WEIGHT_BUDGET_MIB=2048
WEIGHT_BUDGET_BYTES=2147483648
WEIGHT_BUDGET_SOURCE=ENV
WEIGHT_BUDGET_INPUT=2048
WEIGHT_BUDGET_PARSE=PASS
WEIGHT_BUDGET_MIB=2048
WEIGHT_BUDGET_BYTES=2147483648
WEIGHT_BUDGET_SOURCE=ENV
WEIGHT_BUDGET_INPUT=2048
WEIGHT_BUDGET_PARSE=PASS
WEIGHT_BUDGET_MIB=2048
WEIGHT_BUDGET_BYTES=2147483648
WEIGHT_BUDGET_SOURCE=ENV
WEIGHT_BUDGET_INPUT=2048
WEIGHT_BUDGET_PARSE=PASS
WEIGHT_BUDGET_MIB=2048
WEIGHT_BUDGET_BYTES=2147483648
WEIGHT_BUDGET_SOURCE=ENV
WEIGHT_BUDGET_INPUT=2048
WEIGHT_BUDGET_PARSE=PASS
WEIGHT_BUDGET_MIB=2048
WEIGHT_BUDGET_BYTES=2147483648
WEIGHT_BUDGET_SOURCE=ENV
WEIGHT_BUDGET_INPUT=2048
WEIGHT_BUDGET_PARSE=PASS
WEIGHT_BUDGET_MIB=2048
WEIGHT_BUDGET_BYTES=2147483648
WEIGHT_BUDGET_SOURCE=ENV
WEIGHT_BUDGET_INPUT=2048
WEIGHT_BUDGET_PARSE=PASS
WEIGHT_BUDGET_MIB=2048
WEIGHT_BUDGET_BYTES=2147483648
WEIGHT_BUDGET_SOURCE=ENV
WEIGHT_BUDGET_INPUT=2048
WEIGHT_BUDGET_PARSE=PASS
WEIGHT_BUDGET_MIB=2048
WEIGHT_BUDGET_BYTES=2147483648
WEIGHT_BUDGET_SOURCE=ENV
WEIGHT_BUDGET_INPUT=2048
WEIGHT_BUDGET_PARSE=PASS
WEIGHT_BUDGET_MIB=2048
WEIGHT_BUDGET_BYTES=2147483648
WEIGHT_BUDGET_SOURCE=ENV
WEIGHT_BUDGET_INPUT=2048
WEIGHT_BUDGET_PARSE=PASS
WEIGHT_BUDGET_MIB=2048
WEIGHT_BUDGET_BYTES=2147483648
WEIGHT_BUDGET_SOURCE=ENV
WEIGHT_BUDGET_INPUT=2048
WEIGHT_BUDGET_PARSE=PASS
WEIGHT_BUDGET_MIB=2048
WEIGHT_BUDGET_BYTES=2147483648
WEIGHT_BUDGET_SOURCE=ENV
WEIGHT_BUDGET_INPUT=2048
WEIGHT_BUDGET_PARSE=PASS
WEIGHT_BUDGET_MIB=2048
WEIGHT_BUDGET_BYTES=2147483648
WEIGHT_BUDGET_SOURCE=ENV
WEIGHT_BUDGET_INPUT=2048
WEIGHT_BUDGET_PARSE=PASS
WEIGHT_BUDGET_MIB=2048
WEIGHT_BUDGET_BYTES=2147483648
WEIGHT_BUDGET_SOURCE=ENV
WEIGHT_BUDGET_INPUT=2048
WEIGHT_BUDGET_PARSE=PASS
WEIGHT_BUDGET_MIB=2048
WEIGHT_BUDGET_BYTES=2147483648
WEIGHT_BUDGET_SOURCE=ENV
WEIGHT_BUDGET_INPUT=2048
WEIGHT_BUDGET_PARSE=PASS
WEIGHT_BUDGET_MIB=2048
WEIGHT_BUDGET_BYTES=2147483648
WEIGHT_BUDGET_SOURCE=ENV
WEIGHT_BUDGET_INPUT=2048
WEIGHT_BUDGET_PARSE=PASS
WEIGHT_BUDGET_MIB=2048
WEIGHT_BUDGET_BYTES=2147483648
WEIGHT_BUDGET_SOURCE=ENV
HEAP_OK_FINAL_NORM_BEFORE=1
FINAL_NORM_SRC_PTR=00000211F8399060
FINAL_NORM_DST_PTR=00000211F8399060
FINAL_NORM_WEIGHT_PTR=00000211A0D30000
FINAL_NORM_WEIGHT_SOURCE=HOST_MAPPED
FINAL_NORM_WEIGHT_FULFILLED=1
FINAL_NORM_WEIGHT_BYTES=12288
FINAL_NORM_WEIGHT_0=1.765625
FINAL_NORM_WEIGHT_1=1.75
FINAL_NORM_WEIGHT_2=1.5625
FINAL_NORM_WEIGHT_3=1.7734375
FINAL_NORM_WEIGHT_L2=91.4481258
FINAL_NORM_SUMSQ=11177.0182
FINAL_NORM_MEAN_SQ=3.63835226
FINAL_NORM_EPS=9.99999975e-06
FINAL_NORM_INV_RMS=0.524260402
FINAL_NORM_SRC_0=-0.13494727
FINAL_NORM_DST_0=-0.124913573
FINAL_NORM_AFTER_L2=60.7288321
HEAP_OK_FINAL_NORM_AFTER=1
HEAP_OK_COMPUTE_LOGITS_ENTER=1
HEAP_OK_LOGITS_LINEARW_BEFORE=1
HEAP_OK_LOGITS_LINEARW_AFTER=1
PERSISTENT_DECODE_TOKEN t=32 kv=69 devices=2 model=1 gpu_res=1 ssvk=1 bind=1 sealed=0 dev_create=1 model_load=1 cmd_rebuild=0 ds_reset=0
RESIDENCY_TOKEN t=32 kv=69 devices=2 model=1 gpu_res=1 dev_create=1 model_load=1 weight_up=197 weight_hit=9776 content_hit=9744 reload_B=0 pin_evict=0 pin_rej=0 res_B=1032192000
BATCH2_PRODUCT_DECODE_BIND=PASS token=32
BIND16_WINDOW_AUTHORITY=1
ROOFLINE_TOKEN t=33 dt_ns=1062294100 wup=197 s0=1035 s1=897
WEIGHT_BUDGET_INPUT=2048
WEIGHT_BUDGET_PARSE=PASS
WEIGHT_BUDGET_MIB=2048
WEIGHT_BUDGET_BYTES=2147483648
WEIGHT_BUDGET_SOURCE=ENV
WEIGHT_BUDGET_INPUT=2048
WEIGHT_BUDGET_PARSE=PASS
WEIGHT_BUDGET_MIB=2048
WEIGHT_BUDGET_BYTES=2147483648
WEIGHT_BUDGET_SOURCE=ENV
WEIGHT_BUDGET_INPUT=2048
WEIGHT_BUDGET_PARSE=PASS
WEIGHT_BUDGET_MIB=2048
WEIGHT_BUDGET_BYTES=2147483648
WEIGHT_BUDGET_SOURCE=ENV
WEIGHT_BUDGET_INPUT=2048
WEIGHT_BUDGET_PARSE=PASS
WEIGHT_BUDGET_MIB=2048
WEIGHT_BUDGET_BYTES=2147483648
WEIGHT_BUDGET_SOURCE=ENV
WEIGHT_BUDGET_INPUT=2048
WEIGHT_BUDGET_PARSE=PASS
WEIGHT_BUDGET_MIB=2048
WEIGHT_BUDGET_BYTES=2147483648
WEIGHT_BUDGET_SOURCE=ENV
WEIGHT_BUDGET_INPUT=2048
WEIGHT_BUDGET_PARSE=PASS
WEIGHT_BUDGET_MIB=2048
WEIGHT_BUDGET_BYTES=2147483648
WEIGHT_BUDGET_SOURCE=ENV
WEIGHT_BUDGET_INPUT=2048
WEIGHT_BUDGET_PARSE=PASS
WEIGHT_BUDGET_MIB=2048
WEIGHT_BUDGET_BYTES=2147483648
WEIGHT_BUDGET_SOURCE=ENV
WEIGHT_BUDGET_INPUT=2048
WEIGHT_BUDGET_PARSE=PASS
WEIGHT_BUDGET_MIB=2048
WEIGHT_BUDGET_BYTES=2147483648
WEIGHT_BUDGET_SOURCE=ENV
WEIGHT_BUDGET_INPUT=2048
WEIGHT_BUDGET_PARSE=PASS
WEIGHT_BUDGET_MIB=2048
WEIGHT_BUDGET_BYTES=2147483648
WEIGHT_BUDGET_SOURCE=ENV
WEIGHT_BUDGET_INPUT=2048
WEIGHT_BUDGET_PARSE=PASS
WEIGHT_BUDGET_MIB=2048
WEIGHT_BUDGET_BYTES=2147483648
WEIGHT_BUDGET_SOURCE=ENV
WEIGHT_BUDGET_INPUT=2048
WEIGHT_BUDGET_PARSE=PASS
WEIGHT_BUDGET_MIB=2048
WEIGHT_BUDGET_BYTES=2147483648
WEIGHT_BUDGET_SOURCE=ENV
WEIGHT_BUDGET_INPUT=2048
WEIGHT_BUDGET_PARSE=PASS
WEIGHT_BUDGET_MIB=2048
WEIGHT_BUDGET_BYTES=2147483648
WEIGHT_BUDGET_SOURCE=ENV
WEIGHT_BUDGET_INPUT=2048
WEIGHT_BUDGET_PARSE=PASS
WEIGHT_BUDGET_MIB=2048
WEIGHT_BUDGET_BYTES=2147483648
WEIGHT_BUDGET_SOURCE=ENV
WEIGHT_BUDGET_INPUT=2048
WEIGHT_BUDGET_PARSE=PASS
WEIGHT_BUDGET_MIB=2048
WEIGHT_BUDGET_BYTES=2147483648
WEIGHT_BUDGET_SOURCE=ENV
WEIGHT_BUDGET_INPUT=2048
WEIGHT_BUDGET_PARSE=PASS
WEIGHT_BUDGET_MIB=2048
WEIGHT_BUDGET_BYTES=2147483648
WEIGHT_BUDGET_SOURCE=ENV
WEIGHT_BUDGET_INPUT=2048
WEIGHT_BUDGET_PARSE=PASS
WEIGHT_BUDGET_MIB=2048
WEIGHT_BUDGET_BYTES=2147483648
WEIGHT_BUDGET_SOURCE=ENV
WEIGHT_BUDGET_INPUT=2048
WEIGHT_BUDGET_PARSE=PASS
WEIGHT_BUDGET_MIB=2048
WEIGHT_BUDGET_BYTES=2147483648
WEIGHT_BUDGET_SOURCE=ENV
WEIGHT_BUDGET_INPUT=2048
WEIGHT_BUDGET_PARSE=PASS
WEIGHT_BUDGET_MIB=2048
WEIGHT_BUDGET_BYTES=2147483648
WEIGHT_BUDGET_SOURCE=ENV
WEIGHT_BUDGET_INPUT=2048
WEIGHT_BUDGET_PARSE=PASS
WEIGHT_BUDGET_MIB=2048
WEIGHT_BUDGET_BYTES=2147483648
WEIGHT_BUDGET_SOURCE=ENV
WEIGHT_BUDGET_INPUT=2048
WEIGHT_BUDGET_PARSE=PASS
WEIGHT_BUDGET_MIB=2048
WEIGHT_BUDGET_BYTES=2147483648
WEIGHT_BUDGET_SOURCE=ENV
WEIGHT_BUDGET_INPUT=2048
WEIGHT_BUDGET_PARSE=PASS
WEIGHT_BUDGET_MIB=2048
WEIGHT_BUDGET_BYTES=2147483648
WEIGHT_BUDGET_SOURCE=ENV
WEIGHT_BUDGET_INPUT=2048
WEIGHT_BUDGET_PARSE=PASS
WEIGHT_BUDGET_MIB=2048
WEIGHT_BUDGET_BYTES=2147483648
WEIGHT_BUDGET_SOURCE=ENV
WEIGHT_BUDGET_INPUT=2048
WEIGHT_BUDGET_PARSE=PASS
WEIGHT_BUDGET_MIB=2048
WEIGHT_BUDGET_BYTES=2147483648
WEIGHT_BUDGET_SOURCE=ENV
WEIGHT_BUDGET_INPUT=2048
WEIGHT_BUDGET_PARSE=PASS
WEIGHT_BUDGET_MIB=2048
WEIGHT_BUDGET_BYTES=2147483648
WEIGHT_BUDGET_SOURCE=ENV
WEIGHT_BUDGET_INPUT=2048
WEIGHT_BUDGET_PARSE=PASS
WEIGHT_BUDGET_MIB=2048
WEIGHT_BUDGET_BYTES=2147483648
WEIGHT_BUDGET_SOURCE=ENV
WEIGHT_BUDGET_INPUT=2048
WEIGHT_BUDGET_PARSE=PASS
WEIGHT_BUDGET_MIB=2048
WEIGHT_BUDGET_BYTES=2147483648
WEIGHT_BUDGET_SOURCE=ENV
WEIGHT_BUDGET_INPUT=2048
WEIGHT_BUDGET_PARSE=PASS
WEIGHT_BUDGET_MIB=2048
WEIGHT_BUDGET_BYTES=2147483648
WEIGHT_BUDGET_SOURCE=ENV
WEIGHT_BUDGET_INPUT=2048
WEIGHT_BUDGET_PARSE=PASS
WEIGHT_BUDGET_MIB=2048
WEIGHT_BUDGET_BYTES=2147483648
WEIGHT_BUDGET_SOURCE=ENV
WEIGHT_BUDGET_INPUT=2048
WEIGHT_BUDGET_PARSE=PASS
WEIGHT_BUDGET_MIB=2048
WEIGHT_BUDGET_BYTES=2147483648
WEIGHT_BUDGET_SOURCE=ENV
WEIGHT_BUDGET_INPUT=2048
WEIGHT_BUDGET_PARSE=PASS
WEIGHT_BUDGET_MIB=2048
WEIGHT_BUDGET_BYTES=2147483648
WEIGHT_BUDGET_SOURCE=ENV
HEAP_OK_FINAL_NORM_BEFORE=1
FINAL_NORM_SRC_PTR=00000211F839C060
FINAL_NORM_DST_PTR=00000211F839C060
FINAL_NORM_WEIGHT_PTR=00000211A0D30000
FINAL_NORM_WEIGHT_SOURCE=HOST_MAPPED
FINAL_NORM_WEIGHT_FULFILLED=1
FINAL_NORM_WEIGHT_BYTES=12288
FINAL_NORM_WEIGHT_0=1.765625
FINAL_NORM_WEIGHT_1=1.75
FINAL_NORM_WEIGHT_2=1.5625
FINAL_NORM_WEIGHT_3=1.7734375
FINAL_NORM_WEIGHT_L2=91.4481258
FINAL_NORM_SUMSQ=11266.5077
FINAL_NORM_MEAN_SQ=3.66748296
FINAL_NORM_EPS=9.99999975e-06
FINAL_NORM_INV_RMS=0.52217412
FINAL_NORM_SRC_0=-0.0778415799
FINAL_NORM_DST_0=-0.0717671067
FINAL_NORM_AFTER_L2=60.6732136
HEAP_OK_FINAL_NORM_AFTER=1
HEAP_OK_COMPUTE_LOGITS_ENTER=1
HEAP_OK_LOGITS_LINEARW_BEFORE=1
HEAP_OK_LOGITS_LINEARW_AFTER=1
PERSISTENT_DECODE_TOKEN t=33 kv=70 devices=2 model=1 gpu_res=1 ssvk=1 bind=1 sealed=0 dev_create=1 model_load=1 cmd_rebuild=0 ds_reset=0
RESIDENCY_TOKEN t=33 kv=70 devices=2 model=1 gpu_res=1 dev_create=1 model_load=1 weight_up=197 weight_hit=9861 content_hit=9828 reload_B=0 pin_evict=0 pin_rej=0 res_B=1032192000
BATCH2_PRODUCT_DECODE_BIND=PASS token=33
BIND16_WINDOW_AUTHORITY=1
ROOFLINE_TOKEN t=34 dt_ns=1060452600 wup=197 s0=1050 s1=910
WEIGHT_BUDGET_INPUT=2048
WEIGHT_BUDGET_PARSE=PASS
WEIGHT_BUDGET_MIB=2048
WEIGHT_BUDGET_BYTES=2147483648
WEIGHT_BUDGET_SOURCE=ENV
WEIGHT_BUDGET_INPUT=2048
WEIGHT_BUDGET_PARSE=PASS
WEIGHT_BUDGET_MIB=2048
WEIGHT_BUDGET_BYTES=2147483648
WEIGHT_BUDGET_SOURCE=ENV
WEIGHT_BUDGET_INPUT=2048
WEIGHT_BUDGET_PARSE=PASS
WEIGHT_BUDGET_MIB=2048
WEIGHT_BUDGET_BYTES=2147483648
WEIGHT_BUDGET_SOURCE=ENV
WEIGHT_BUDGET_INPUT=2048
WEIGHT_BUDGET_PARSE=PASS
WEIGHT_BUDGET_MIB=2048
WEIGHT_BUDGET_BYTES=2147483648
WEIGHT_BUDGET_SOURCE=ENV
WEIGHT_BUDGET_INPUT=2048
WEIGHT_BUDGET_PARSE=PASS
WEIGHT_BUDGET_MIB=2048
WEIGHT_BUDGET_BYTES=2147483648
WEIGHT_BUDGET_SOURCE=ENV
WEIGHT_BUDGET_INPUT=2048
WEIGHT_BUDGET_PARSE=PASS
WEIGHT_BUDGET_MIB=2048
WEIGHT_BUDGET_BYTES=2147483648
WEIGHT_BUDGET_SOURCE=ENV
WEIGHT_BUDGET_INPUT=2048
WEIGHT_BUDGET_PARSE=PASS
WEIGHT_BUDGET_MIB=2048
WEIGHT_BUDGET_BYTES=2147483648
WEIGHT_BUDGET_SOURCE=ENV
WEIGHT_BUDGET_INPUT=2048
WEIGHT_BUDGET_PARSE=PASS
WEIGHT_BUDGET_MIB=2048
WEIGHT_BUDGET_BYTES=2147483648
WEIGHT_BUDGET_SOURCE=ENV
WEIGHT_BUDGET_INPUT=2048
WEIGHT_BUDGET_PARSE=PASS
WEIGHT_BUDGET_MIB=2048
WEIGHT_BUDGET_BYTES=2147483648
WEIGHT_BUDGET_SOURCE=ENV
WEIGHT_BUDGET_INPUT=2048
WEIGHT_BUDGET_PARSE=PASS
WEIGHT_BUDGET_MIB=2048
WEIGHT_BUDGET_BYTES=2147483648
WEIGHT_BUDGET_SOURCE=ENV
WEIGHT_BUDGET_INPUT=2048
WEIGHT_BUDGET_PARSE=PASS
WEIGHT_BUDGET_MIB=2048
WEIGHT_BUDGET_BYTES=2147483648
WEIGHT_BUDGET_SOURCE=ENV
WEIGHT_BUDGET_INPUT=2048
WEIGHT_BUDGET_PARSE=PASS
WEIGHT_BUDGET_MIB=2048
WEIGHT_BUDGET_BYTES=2147483648
WEIGHT_BUDGET_SOURCE=ENV
WEIGHT_BUDGET_INPUT=2048
WEIGHT_BUDGET_PARSE=PASS
WEIGHT_BUDGET_MIB=2048
WEIGHT_BUDGET_BYTES=2147483648
WEIGHT_BUDGET_SOURCE=ENV
WEIGHT_BUDGET_INPUT=2048
WEIGHT_BUDGET_PARSE=PASS
WEIGHT_BUDGET_MIB=2048
WEIGHT_BUDGET_BYTES=2147483648
WEIGHT_BUDGET_SOURCE=ENV
WEIGHT_BUDGET_INPUT=2048
WEIGHT_BUDGET_PARSE=PASS
WEIGHT_BUDGET_MIB=2048
WEIGHT_BUDGET_BYTES=2147483648
WEIGHT_BUDGET_SOURCE=ENV
WEIGHT_BUDGET_INPUT=2048
WEIGHT_BUDGET_PARSE=PASS
WEIGHT_BUDGET_MIB=2048
WEIGHT_BUDGET_BYTES=2147483648
WEIGHT_BUDGET_SOURCE=ENV
WEIGHT_BUDGET_INPUT=2048
WEIGHT_BUDGET_PARSE=PASS
WEIGHT_BUDGET_MIB=2048
WEIGHT_BUDGET_BYTES=2147483648
WEIGHT_BUDGET_SOURCE=ENV
WEIGHT_BUDGET_INPUT=2048
WEIGHT_BUDGET_PARSE=PASS
WEIGHT_BUDGET_MIB=2048
WEIGHT_BUDGET_BYTES=2147483648
WEIGHT_BUDGET_SOURCE=ENV
WEIGHT_BUDGET_INPUT=2048
WEIGHT_BUDGET_PARSE=PASS
WEIGHT_BUDGET_MIB=2048
WEIGHT_BUDGET_BYTES=2147483648
WEIGHT_BUDGET_SOURCE=ENV
WEIGHT_BUDGET_INPUT=2048
WEIGHT_BUDGET_PARSE=PASS
WEIGHT_BUDGET_MIB=2048
WEIGHT_BUDGET_BYTES=2147483648
WEIGHT_BUDGET_SOURCE=ENV
WEIGHT_BUDGET_INPUT=2048
WEIGHT_BUDGET_PARSE=PASS
WEIGHT_BUDGET_MIB=2048
WEIGHT_BUDGET_BYTES=2147483648
WEIGHT_BUDGET_SOURCE=ENV
WEIGHT_BUDGET_INPUT=2048
WEIGHT_BUDGET_PARSE=PASS
WEIGHT_BUDGET_MIB=2048
WEIGHT_BUDGET_BYTES=2147483648
WEIGHT_BUDGET_SOURCE=ENV
WEIGHT_BUDGET_INPUT=2048
WEIGHT_BUDGET_PARSE=PASS
WEIGHT_BUDGET_MIB=2048
WEIGHT_BUDGET_BYTES=2147483648
WEIGHT_BUDGET_SOURCE=ENV
WEIGHT_BUDGET_INPUT=2048
WEIGHT_BUDGET_PARSE=PASS
WEIGHT_BUDGET_MIB=2048
WEIGHT_BUDGET_BYTES=2147483648
WEIGHT_BUDGET_SOURCE=ENV
WEIGHT_BUDGET_INPUT=2048
WEIGHT_BUDGET_PARSE=PASS
WEIGHT_BUDGET_MIB=2048
WEIGHT_BUDGET_BYTES=2147483648
WEIGHT_BUDGET_SOURCE=ENV
WEIGHT_BUDGET_INPUT=2048
WEIGHT_BUDGET_PARSE=PASS
WEIGHT_BUDGET_MIB=2048
WEIGHT_BUDGET_BYTES=2147483648
WEIGHT_BUDGET_SOURCE=ENV
WEIGHT_BUDGET_INPUT=2048
WEIGHT_BUDGET_PARSE=PASS
WEIGHT_BUDGET_MIB=2048
WEIGHT_BUDGET_BYTES=2147483648
WEIGHT_BUDGET_SOURCE=ENV
WEIGHT_BUDGET_INPUT=2048
WEIGHT_BUDGET_PARSE=PASS
WEIGHT_BUDGET_MIB=2048
WEIGHT_BUDGET_BYTES=2147483648
WEIGHT_BUDGET_SOURCE=ENV
WEIGHT_BUDGET_INPUT=2048
WEIGHT_BUDGET_PARSE=PASS
WEIGHT_BUDGET_MIB=2048
WEIGHT_BUDGET_BYTES=2147483648
WEIGHT_BUDGET_SOURCE=ENV
WEIGHT_BUDGET_INPUT=2048
WEIGHT_BUDGET_PARSE=PASS
WEIGHT_BUDGET_MIB=2048
WEIGHT_BUDGET_BYTES=2147483648
WEIGHT_BUDGET_SOURCE=ENV
HEAP_OK_FINAL_NORM_BEFORE=1
FINAL_NORM_SRC_PTR=00000211F839F060
FINAL_NORM_DST_PTR=00000211F839F060
FINAL_NORM_WEIGHT_PTR=00000211A0D30000
FINAL_NORM_WEIGHT_SOURCE=HOST_MAPPED
FINAL_NORM_WEIGHT_FULFILLED=1
FINAL_NORM_WEIGHT_BYTES=12288
FINAL_NORM_WEIGHT_0=1.765625
FINAL_NORM_WEIGHT_1=1.75
FINAL_NORM_WEIGHT_2=1.5625
FINAL_NORM_WEIGHT_3=1.7734375
FINAL_NORM_WEIGHT_L2=91.4481258
FINAL_NORM_SUMSQ=11439.581
FINAL_NORM_MEAN_SQ=3.72382192
FINAL_NORM_EPS=9.99999975e-06
FINAL_NORM_INV_RMS=0.51820904
FINAL_NORM_SRC_0=-0.0202580392
FINAL_NORM_DST_0=-0.0185353532
FINAL_NORM_AFTER_L2=60.6560272
HEAP_OK_FINAL_NORM_AFTER=1
HEAP_OK_COMPUTE_LOGITS_ENTER=1
HEAP_OK_LOGITS_LINEARW_BEFORE=1
HEAP_OK_LOGITS_LINEARW_AFTER=1
PERSISTENT_DECODE_TOKEN t=34 kv=71 devices=2 model=1 gpu_res=1 ssvk=1 bind=1 sealed=0 dev_create=1 model_load=1 cmd_rebuild=0 ds_reset=0
RESIDENCY_TOKEN t=34 kv=71 devices=2 model=1 gpu_res=1 dev_create=1 model_load=1 weight_up=197 weight_hit=9946 content_hit=9912 reload_B=0 pin_evict=0 pin_rej=0 res_B=1032192000
BATCH2_PRODUCT_DECODE_BIND=PASS token=34
BIND16_WINDOW_AUTHORITY=1
ROOFLINE_TOKEN t=35 dt_ns=1048428300 wup=197 s0=1065 s1=923
WEIGHT_BUDGET_INPUT=2048
WEIGHT_BUDGET_PARSE=PASS
WEIGHT_BUDGET_MIB=2048
WEIGHT_BUDGET_BYTES=2147483648
WEIGHT_BUDGET_SOURCE=ENV
WEIGHT_BUDGET_INPUT=2048
WEIGHT_BUDGET_PARSE=PASS
WEIGHT_BUDGET_MIB=2048
WEIGHT_BUDGET_BYTES=2147483648
WEIGHT_BUDGET_SOURCE=ENV
WEIGHT_BUDGET_INPUT=2048
WEIGHT_BUDGET_PARSE=PASS
WEIGHT_BUDGET_MIB=2048
WEIGHT_BUDGET_BYTES=2147483648
WEIGHT_BUDGET_SOURCE=ENV
WEIGHT_BUDGET_INPUT=2048
WEIGHT_BUDGET_PARSE=PASS
WEIGHT_BUDGET_MIB=2048
WEIGHT_BUDGET_BYTES=2147483648
WEIGHT_BUDGET_SOURCE=ENV
WEIGHT_BUDGET_INPUT=2048
WEIGHT_BUDGET_PARSE=PASS
WEIGHT_BUDGET_MIB=2048
WEIGHT_BUDGET_BYTES=2147483648
WEIGHT_BUDGET_SOURCE=ENV
WEIGHT_BUDGET_INPUT=2048
WEIGHT_BUDGET_PARSE=PASS
WEIGHT_BUDGET_MIB=2048
WEIGHT_BUDGET_BYTES=2147483648
WEIGHT_BUDGET_SOURCE=ENV
WEIGHT_BUDGET_INPUT=2048
WEIGHT_BUDGET_PARSE=PASS
WEIGHT_BUDGET_MIB=2048
WEIGHT_BUDGET_BYTES=2147483648
WEIGHT_BUDGET_SOURCE=ENV
WEIGHT_BUDGET_INPUT=2048
WEIGHT_BUDGET_PARSE=PASS
WEIGHT_BUDGET_MIB=2048
WEIGHT_BUDGET_BYTES=2147483648
WEIGHT_BUDGET_SOURCE=ENV
WEIGHT_BUDGET_INPUT=2048
WEIGHT_BUDGET_PARSE=PASS
WEIGHT_BUDGET_MIB=2048
WEIGHT_BUDGET_BYTES=2147483648
WEIGHT_BUDGET_SOURCE=ENV
WEIGHT_BUDGET_INPUT=2048
WEIGHT_BUDGET_PARSE=PASS
WEIGHT_BUDGET_MIB=2048
WEIGHT_BUDGET_BYTES=2147483648
WEIGHT_BUDGET_SOURCE=ENV
WEIGHT_BUDGET_INPUT=2048
WEIGHT_BUDGET_PARSE=PASS
WEIGHT_BUDGET_MIB=2048
WEIGHT_BUDGET_BYTES=2147483648
WEIGHT_BUDGET_SOURCE=ENV
WEIGHT_BUDGET_INPUT=2048
WEIGHT_BUDGET_PARSE=PASS
WEIGHT_BUDGET_MIB=2048
WEIGHT_BUDGET_BYTES=2147483648
WEIGHT_BUDGET_SOURCE=ENV
WEIGHT_BUDGET_INPUT=2048
WEIGHT_BUDGET_PARSE=PASS
WEIGHT_BUDGET_MIB=2048
WEIGHT_BUDGET_BYTES=2147483648
WEIGHT_BUDGET_SOURCE=ENV
WEIGHT_BUDGET_INPUT=2048
WEIGHT_BUDGET_PARSE=PASS
WEIGHT_BUDGET_MIB=2048
WEIGHT_BUDGET_BYTES=2147483648
WEIGHT_BUDGET_SOURCE=ENV
WEIGHT_BUDGET_INPUT=2048
WEIGHT_BUDGET_PARSE=PASS
WEIGHT_BUDGET_MIB=2048
WEIGHT_BUDGET_BYTES=2147483648
WEIGHT_BUDGET_SOURCE=ENV
WEIGHT_BUDGET_INPUT=2048
WEIGHT_BUDGET_PARSE=PASS
WEIGHT_BUDGET_MIB=2048
WEIGHT_BUDGET_BYTES=2147483648
WEIGHT_BUDGET_SOURCE=ENV
WEIGHT_BUDGET_INPUT=2048
WEIGHT_BUDGET_PARSE=PASS
WEIGHT_BUDGET_MIB=2048
WEIGHT_BUDGET_BYTES=2147483648
WEIGHT_BUDGET_SOURCE=ENV
WEIGHT_BUDGET_INPUT=2048
WEIGHT_BUDGET_PARSE=PASS
WEIGHT_BUDGET_MIB=2048
WEIGHT_BUDGET_BYTES=2147483648
WEIGHT_BUDGET_SOURCE=ENV
WEIGHT_BUDGET_INPUT=2048
WEIGHT_BUDGET_PARSE=PASS
WEIGHT_BUDGET_MIB=2048
WEIGHT_BUDGET_BYTES=2147483648
WEIGHT_BUDGET_SOURCE=ENV
WEIGHT_BUDGET_INPUT=2048
WEIGHT_BUDGET_PARSE=PASS
WEIGHT_BUDGET_MIB=2048
WEIGHT_BUDGET_BYTES=2147483648
WEIGHT_BUDGET_SOURCE=ENV
WEIGHT_BUDGET_INPUT=2048
WEIGHT_BUDGET_PARSE=PASS
WEIGHT_BUDGET_MIB=2048
WEIGHT_BUDGET_BYTES=2147483648
WEIGHT_BUDGET_SOURCE=ENV
WEIGHT_BUDGET_INPUT=2048
WEIGHT_BUDGET_PARSE=PASS
WEIGHT_BUDGET_MIB=2048
WEIGHT_BUDGET_BYTES=2147483648
WEIGHT_BUDGET_SOURCE=ENV
WEIGHT_BUDGET_INPUT=2048
WEIGHT_BUDGET_PARSE=PASS
WEIGHT_BUDGET_MIB=2048
WEIGHT_BUDGET_BYTES=2147483648
WEIGHT_BUDGET_SOURCE=ENV
WEIGHT_BUDGET_INPUT=2048
WEIGHT_BUDGET_PARSE=PASS
WEIGHT_BUDGET_MIB=2048
WEIGHT_BUDGET_BYTES=2147483648
WEIGHT_BUDGET_SOURCE=ENV
WEIGHT_BUDGET_INPUT=2048
WEIGHT_BUDGET_PARSE=PASS
WEIGHT_BUDGET_MIB=2048
WEIGHT_BUDGET_BYTES=2147483648
WEIGHT_BUDGET_SOURCE=ENV
WEIGHT_BUDGET_INPUT=2048
WEIGHT_BUDGET_PARSE=PASS
WEIGHT_BUDGET_MIB=2048
WEIGHT_BUDGET_BYTES=2147483648
WEIGHT_BUDGET_SOURCE=ENV
WEIGHT_BUDGET_INPUT=2048
WEIGHT_BUDGET_PARSE=PASS
WEIGHT_BUDGET_MIB=2048
WEIGHT_BUDGET_BYTES=2147483648
WEIGHT_BUDGET_SOURCE=ENV
WEIGHT_BUDGET_INPUT=2048
WEIGHT_BUDGET_PARSE=PASS
WEIGHT_BUDGET_MIB=2048
WEIGHT_BUDGET_BYTES=2147483648
WEIGHT_BUDGET_SOURCE=ENV
WEIGHT_BUDGET_INPUT=2048
WEIGHT_BUDGET_PARSE=PASS
WEIGHT_BUDGET_MIB=2048
WEIGHT_BUDGET_BYTES=2147483648
WEIGHT_BUDGET_SOURCE=ENV
WEIGHT_BUDGET_INPUT=2048
WEIGHT_BUDGET_PARSE=PASS
WEIGHT_BUDGET_MIB=2048
WEIGHT_BUDGET_BYTES=2147483648
WEIGHT_BUDGET_SOURCE=ENV
HEAP_OK_FINAL_NORM_BEFORE=1
FINAL_NORM_SRC_PTR=00000211F83A2060
FINAL_NORM_DST_PTR=00000211F83A2060
FINAL_NORM_WEIGHT_PTR=00000211A0D30000
FINAL_NORM_WEIGHT_SOURCE=HOST_MAPPED
FINAL_NORM_WEIGHT_FULFILLED=1
FINAL_NORM_WEIGHT_BYTES=12288
FINAL_NORM_WEIGHT_0=1.765625
FINAL_NORM_WEIGHT_1=1.75
FINAL_NORM_WEIGHT_2=1.5625
FINAL_NORM_WEIGHT_3=1.7734375
FINAL_NORM_WEIGHT_L2=91.4481258
FINAL_NORM_SUMSQ=11717.2245
FINAL_NORM_MEAN_SQ=3.81420068
FINAL_NORM_EPS=9.99999975e-06
FINAL_NORM_INV_RMS=0.512032688
FINAL_NORM_SRC_0=0.0237986147
FINAL_NORM_DST_0=0.021515321
FINAL_NORM_AFTER_L2=60.5191921
HEAP_OK_FINAL_NORM_AFTER=1
HEAP_OK_COMPUTE_LOGITS_ENTER=1
HEAP_OK_LOGITS_LINEARW_BEFORE=1
HEAP_OK_LOGITS_LINEARW_AFTER=1
PERSISTENT_DECODE_TOKEN t=35 kv=72 devices=2 model=1 gpu_res=1 ssvk=1 bind=1 sealed=0 dev_create=1 model_load=1 cmd_rebuild=0 ds_reset=0
RESIDENCY_TOKEN t=35 kv=72 devices=2 model=1 gpu_res=1 dev_create=1 model_load=1 weight_up=197 weight_hit=10031 content_hit=9996 reload_B=0 pin_evict=0 pin_rej=0 res_B=1032192000
BATCH2_PRODUCT_DECODE_BIND=PASS token=35
BIND16_WINDOW_AUTHORITY=1
ROOFLINE_TOKEN t=36 dt_ns=1065659600 wup=197 s0=1080 s1=936
WEIGHT_BUDGET_INPUT=2048
WEIGHT_BUDGET_PARSE=PASS
WEIGHT_BUDGET_MIB=2048
WEIGHT_BUDGET_BYTES=2147483648
WEIGHT_BUDGET_SOURCE=ENV
WEIGHT_BUDGET_INPUT=2048
WEIGHT_BUDGET_PARSE=PASS
WEIGHT_BUDGET_MIB=2048
WEIGHT_BUDGET_BYTES=2147483648
WEIGHT_BUDGET_SOURCE=ENV
WEIGHT_BUDGET_INPUT=2048
WEIGHT_BUDGET_PARSE=PASS
WEIGHT_BUDGET_MIB=2048
WEIGHT_BUDGET_BYTES=2147483648
WEIGHT_BUDGET_SOURCE=ENV
WEIGHT_BUDGET_INPUT=2048
WEIGHT_BUDGET_PARSE=PASS
WEIGHT_BUDGET_MIB=2048
WEIGHT_BUDGET_BYTES=2147483648
WEIGHT_BUDGET_SOURCE=ENV
WEIGHT_BUDGET_INPUT=2048
WEIGHT_BUDGET_PARSE=PASS
WEIGHT_BUDGET_MIB=2048
WEIGHT_BUDGET_BYTES=2147483648
WEIGHT_BUDGET_SOURCE=ENV
WEIGHT_BUDGET_INPUT=2048
WEIGHT_BUDGET_PARSE=PASS
WEIGHT_BUDGET_MIB=2048
WEIGHT_BUDGET_BYTES=2147483648
WEIGHT_BUDGET_SOURCE=ENV
WEIGHT_BUDGET_INPUT=2048
WEIGHT_BUDGET_PARSE=PASS
WEIGHT_BUDGET_MIB=2048
WEIGHT_BUDGET_BYTES=2147483648
WEIGHT_BUDGET_SOURCE=ENV
WEIGHT_BUDGET_INPUT=2048
WEIGHT_BUDGET_PARSE=PASS
WEIGHT_BUDGET_MIB=2048
WEIGHT_BUDGET_BYTES=2147483648
WEIGHT_BUDGET_SOURCE=ENV
WEIGHT_BUDGET_INPUT=2048
WEIGHT_BUDGET_PARSE=PASS
WEIGHT_BUDGET_MIB=2048
WEIGHT_BUDGET_BYTES=2147483648
WEIGHT_BUDGET_SOURCE=ENV
WEIGHT_BUDGET_INPUT=2048
WEIGHT_BUDGET_PARSE=PASS
WEIGHT_BUDGET_MIB=2048
WEIGHT_BUDGET_BYTES=2147483648
WEIGHT_BUDGET_SOURCE=ENV
WEIGHT_BUDGET_INPUT=2048
WEIGHT_BUDGET_PARSE=PASS
WEIGHT_BUDGET_MIB=2048
WEIGHT_BUDGET_BYTES=2147483648
WEIGHT_BUDGET_SOURCE=ENV
WEIGHT_BUDGET_INPUT=2048
WEIGHT_BUDGET_PARSE=PASS
WEIGHT_BUDGET_MIB=2048
WEIGHT_BUDGET_BYTES=2147483648
WEIGHT_BUDGET_SOURCE=ENV
WEIGHT_BUDGET_INPUT=2048
WEIGHT_BUDGET_PARSE=PASS
WEIGHT_BUDGET_MIB=2048
WEIGHT_BUDGET_BYTES=2147483648
WEIGHT_BUDGET_SOURCE=ENV
WEIGHT_BUDGET_INPUT=2048
WEIGHT_BUDGET_PARSE=PASS
WEIGHT_BUDGET_MIB=2048
WEIGHT_BUDGET_BYTES=2147483648
WEIGHT_BUDGET_SOURCE=ENV
WEIGHT_BUDGET_INPUT=2048
WEIGHT_BUDGET_PARSE=PASS
WEIGHT_BUDGET_MIB=2048
WEIGHT_BUDGET_BYTES=2147483648
WEIGHT_BUDGET_SOURCE=ENV
WEIGHT_BUDGET_INPUT=2048
WEIGHT_BUDGET_PARSE=PASS
WEIGHT_BUDGET_MIB=2048
WEIGHT_BUDGET_BYTES=2147483648
WEIGHT_BUDGET_SOURCE=ENV
WEIGHT_BUDGET_INPUT=2048
WEIGHT_BUDGET_PARSE=PASS
WEIGHT_BUDGET_MIB=2048
WEIGHT_BUDGET_BYTES=2147483648
WEIGHT_BUDGET_SOURCE=ENV
WEIGHT_BUDGET_INPUT=2048
WEIGHT_BUDGET_PARSE=PASS
WEIGHT_BUDGET_MIB=2048
WEIGHT_BUDGET_BYTES=2147483648
WEIGHT_BUDGET_SOURCE=ENV
WEIGHT_BUDGET_INPUT=2048
WEIGHT_BUDGET_PARSE=PASS
WEIGHT_BUDGET_MIB=2048
WEIGHT_BUDGET_BYTES=2147483648
WEIGHT_BUDGET_SOURCE=ENV
WEIGHT_BUDGET_INPUT=2048
WEIGHT_BUDGET_PARSE=PASS
WEIGHT_BUDGET_MIB=2048
WEIGHT_BUDGET_BYTES=2147483648
WEIGHT_BUDGET_SOURCE=ENV
WEIGHT_BUDGET_INPUT=2048
WEIGHT_BUDGET_PARSE=PASS
WEIGHT_BUDGET_MIB=2048
WEIGHT_BUDGET_BYTES=2147483648
WEIGHT_BUDGET_SOURCE=ENV
WEIGHT_BUDGET_INPUT=2048
WEIGHT_BUDGET_PARSE=PASS
WEIGHT_BUDGET_MIB=2048
WEIGHT_BUDGET_BYTES=2147483648
WEIGHT_BUDGET_SOURCE=ENV
WEIGHT_BUDGET_INPUT=2048
WEIGHT_BUDGET_PARSE=PASS
WEIGHT_BUDGET_MIB=2048
WEIGHT_BUDGET_BYTES=2147483648
WEIGHT_BUDGET_SOURCE=ENV
WEIGHT_BUDGET_INPUT=2048
WEIGHT_BUDGET_PARSE=PASS
WEIGHT_BUDGET_MIB=2048
WEIGHT_BUDGET_BYTES=2147483648
WEIGHT_BUDGET_SOURCE=ENV
WEIGHT_BUDGET_INPUT=2048
WEIGHT_BUDGET_PARSE=PASS
WEIGHT_BUDGET_MIB=2048
WEIGHT_BUDGET_BYTES=2147483648
WEIGHT_BUDGET_SOURCE=ENV
WEIGHT_BUDGET_INPUT=2048
WEIGHT_BUDGET_PARSE=PASS
WEIGHT_BUDGET_MIB=2048
WEIGHT_BUDGET_BYTES=2147483648
WEIGHT_BUDGET_SOURCE=ENV
WEIGHT_BUDGET_INPUT=2048
WEIGHT_BUDGET_PARSE=PASS
WEIGHT_BUDGET_MIB=2048
WEIGHT_BUDGET_BYTES=2147483648
WEIGHT_BUDGET_SOURCE=ENV
WEIGHT_BUDGET_INPUT=2048
WEIGHT_BUDGET_PARSE=PASS
WEIGHT_BUDGET_MIB=2048
WEIGHT_BUDGET_BYTES=2147483648
WEIGHT_BUDGET_SOURCE=ENV
WEIGHT_BUDGET_INPUT=2048
WEIGHT_BUDGET_PARSE=PASS
WEIGHT_BUDGET_MIB=2048
WEIGHT_BUDGET_BYTES=2147483648
WEIGHT_BUDGET_SOURCE=ENV
WEIGHT_BUDGET_INPUT=2048
WEIGHT_BUDGET_PARSE=PASS
WEIGHT_BUDGET_MIB=2048
WEIGHT_BUDGET_BYTES=2147483648
WEIGHT_BUDGET_SOURCE=ENV
HEAP_OK_FINAL_NORM_BEFORE=1
FINAL_NORM_SRC_PTR=00000211F83A5060
FINAL_NORM_DST_PTR=00000211F83A5060
FINAL_NORM_WEIGHT_PTR=00000211A0D30000
FINAL_NORM_WEIGHT_SOURCE=HOST_MAPPED
FINAL_NORM_WEIGHT_FULFILLED=1
FINAL_NORM_WEIGHT_BYTES=12288
FINAL_NORM_WEIGHT_0=1.765625
FINAL_NORM_WEIGHT_1=1.75
FINAL_NORM_WEIGHT_2=1.5625
FINAL_NORM_WEIGHT_3=1.7734375
FINAL_NORM_WEIGHT_L2=91.4481258
FINAL_NORM_SUMSQ=11848.638
FINAL_NORM_MEAN_SQ=3.85697853
FINAL_NORM_EPS=9.99999975e-06
FINAL_NORM_INV_RMS=0.509185255
FINAL_NORM_SRC_0=0.0530953705
FINAL_NORM_DST_0=0.0477343425
FINAL_NORM_AFTER_L2=60.2831306
HEAP_OK_FINAL_NORM_AFTER=1
HEAP_OK_COMPUTE_LOGITS_ENTER=1
HEAP_OK_LOGITS_LINEARW_BEFORE=1
HEAP_OK_LOGITS_LINEARW_AFTER=1
PERSISTENT_DECODE_TOKEN t=36 kv=73 devices=2 model=1 gpu_res=1 ssvk=1 bind=1 sealed=0 dev_create=1 model_load=1 cmd_rebuild=0 ds_reset=0
RESIDENCY_TOKEN t=36 kv=73 devices=2 model=1 gpu_res=1 dev_create=1 model_load=1 weight_up=197 weight_hit=10116 content_hit=10080 reload_B=0 pin_evict=0 pin_rej=0 res_B=1032192000
BATCH2_PRODUCT_DECODE_BIND=PASS token=36
BIND16_WINDOW_AUTHORITY=1
ROOFLINE_TOKEN t=37 dt_ns=1112779600 wup=197 s0=1095 s1=949
WEIGHT_BUDGET_INPUT=2048
WEIGHT_BUDGET_PARSE=PASS
WEIGHT_BUDGET_MIB=2048
WEIGHT_BUDGET_BYTES=2147483648
WEIGHT_BUDGET_SOURCE=ENV
WEIGHT_BUDGET_INPUT=2048
WEIGHT_BUDGET_PARSE=PASS
WEIGHT_BUDGET_MIB=2048
WEIGHT_BUDGET_BYTES=2147483648
WEIGHT_BUDGET_SOURCE=ENV
WEIGHT_BUDGET_INPUT=2048
WEIGHT_BUDGET_PARSE=PASS
WEIGHT_BUDGET_MIB=2048
WEIGHT_BUDGET_BYTES=2147483648
WEIGHT_BUDGET_SOURCE=ENV
WEIGHT_BUDGET_INPUT=2048
WEIGHT_BUDGET_PARSE=PASS
WEIGHT_BUDGET_MIB=2048
WEIGHT_BUDGET_BYTES=2147483648
WEIGHT_BUDGET_SOURCE=ENV
WEIGHT_BUDGET_INPUT=2048
WEIGHT_BUDGET_PARSE=PASS
WEIGHT_BUDGET_MIB=2048
WEIGHT_BUDGET_BYTES=2147483648
WEIGHT_BUDGET_SOURCE=ENV
WEIGHT_BUDGET_INPUT=2048
WEIGHT_BUDGET_PARSE=PASS
WEIGHT_BUDGET_MIB=2048
WEIGHT_BUDGET_BYTES=2147483648
WEIGHT_BUDGET_SOURCE=ENV
WEIGHT_BUDGET_INPUT=2048
WEIGHT_BUDGET_PARSE=PASS
WEIGHT_BUDGET_MIB=2048
WEIGHT_BUDGET_BYTES=2147483648
WEIGHT_BUDGET_SOURCE=ENV
WEIGHT_BUDGET_INPUT=2048
WEIGHT_BUDGET_PARSE=PASS
WEIGHT_BUDGET_MIB=2048
WEIGHT_BUDGET_BYTES=2147483648
WEIGHT_BUDGET_SOURCE=ENV
WEIGHT_BUDGET_INPUT=2048
WEIGHT_BUDGET_PARSE=PASS
WEIGHT_BUDGET_MIB=2048
WEIGHT_BUDGET_BYTES=2147483648
WEIGHT_BUDGET_SOURCE=ENV
WEIGHT_BUDGET_INPUT=2048
WEIGHT_BUDGET_PARSE=PASS
WEIGHT_BUDGET_MIB=2048
WEIGHT_BUDGET_BYTES=2147483648
WEIGHT_BUDGET_SOURCE=ENV
WEIGHT_BUDGET_INPUT=2048
WEIGHT_BUDGET_PARSE=PASS
WEIGHT_BUDGET_MIB=2048
WEIGHT_BUDGET_BYTES=2147483648
WEIGHT_BUDGET_SOURCE=ENV
WEIGHT_BUDGET_INPUT=2048
WEIGHT_BUDGET_PARSE=PASS
WEIGHT_BUDGET_MIB=2048
WEIGHT_BUDGET_BYTES=2147483648
WEIGHT_BUDGET_SOURCE=ENV
WEIGHT_BUDGET_INPUT=2048
WEIGHT_BUDGET_PARSE=PASS
WEIGHT_BUDGET_MIB=2048
WEIGHT_BUDGET_BYTES=2147483648
WEIGHT_BUDGET_SOURCE=ENV
WEIGHT_BUDGET_INPUT=2048
WEIGHT_BUDGET_PARSE=PASS
WEIGHT_BUDGET_MIB=2048
WEIGHT_BUDGET_BYTES=2147483648
WEIGHT_BUDGET_SOURCE=ENV
WEIGHT_BUDGET_INPUT=2048
WEIGHT_BUDGET_PARSE=PASS
WEIGHT_BUDGET_MIB=2048
WEIGHT_BUDGET_BYTES=2147483648
WEIGHT_BUDGET_SOURCE=ENV
WEIGHT_BUDGET_INPUT=2048
WEIGHT_BUDGET_PARSE=PASS
WEIGHT_BUDGET_MIB=2048
WEIGHT_BUDGET_BYTES=2147483648
WEIGHT_BUDGET_SOURCE=ENV
WEIGHT_BUDGET_INPUT=2048
WEIGHT_BUDGET_PARSE=PASS
WEIGHT_BUDGET_MIB=2048
WEIGHT_BUDGET_BYTES=2147483648
WEIGHT_BUDGET_SOURCE=ENV
WEIGHT_BUDGET_INPUT=2048
WEIGHT_BUDGET_PARSE=PASS
WEIGHT_BUDGET_MIB=2048
WEIGHT_BUDGET_BYTES=2147483648
WEIGHT_BUDGET_SOURCE=ENV
WEIGHT_BUDGET_INPUT=2048
WEIGHT_BUDGET_PARSE=PASS
WEIGHT_BUDGET_MIB=2048
WEIGHT_BUDGET_BYTES=2147483648
WEIGHT_BUDGET_SOURCE=ENV
WEIGHT_BUDGET_INPUT=2048
WEIGHT_BUDGET_PARSE=PASS
WEIGHT_BUDGET_MIB=2048
WEIGHT_BUDGET_BYTES=2147483648
WEIGHT_BUDGET_SOURCE=ENV
WEIGHT_BUDGET_INPUT=2048
WEIGHT_BUDGET_PARSE=PASS
WEIGHT_BUDGET_MIB=2048
WEIGHT_BUDGET_BYTES=2147483648
WEIGHT_BUDGET_SOURCE=ENV
WEIGHT_BUDGET_INPUT=2048
WEIGHT_BUDGET_PARSE=PASS
WEIGHT_BUDGET_MIB=2048
WEIGHT_BUDGET_BYTES=2147483648
WEIGHT_BUDGET_SOURCE=ENV
WEIGHT_BUDGET_INPUT=2048
WEIGHT_BUDGET_PARSE=PASS
WEIGHT_BUDGET_MIB=2048
WEIGHT_BUDGET_BYTES=2147483648
WEIGHT_BUDGET_SOURCE=ENV
WEIGHT_BUDGET_INPUT=2048
WEIGHT_BUDGET_PARSE=PASS
WEIGHT_BUDGET_MIB=2048
WEIGHT_BUDGET_BYTES=2147483648
WEIGHT_BUDGET_SOURCE=ENV
WEIGHT_BUDGET_INPUT=2048
WEIGHT_BUDGET_PARSE=PASS
WEIGHT_BUDGET_MIB=2048
WEIGHT_BUDGET_BYTES=2147483648
WEIGHT_BUDGET_SOURCE=ENV
WEIGHT_BUDGET_INPUT=2048
WEIGHT_BUDGET_PARSE=PASS
WEIGHT_BUDGET_MIB=2048
WEIGHT_BUDGET_BYTES=2147483648
WEIGHT_BUDGET_SOURCE=ENV
WEIGHT_BUDGET_INPUT=2048
WEIGHT_BUDGET_PARSE=PASS
WEIGHT_BUDGET_MIB=2048
WEIGHT_BUDGET_BYTES=2147483648
WEIGHT_BUDGET_SOURCE=ENV
WEIGHT_BUDGET_INPUT=2048
WEIGHT_BUDGET_PARSE=PASS
WEIGHT_BUDGET_MIB=2048
WEIGHT_BUDGET_BYTES=2147483648
WEIGHT_BUDGET_SOURCE=ENV
WEIGHT_BUDGET_INPUT=2048
WEIGHT_BUDGET_PARSE=PASS
WEIGHT_BUDGET_MIB=2048
WEIGHT_BUDGET_BYTES=2147483648
WEIGHT_BUDGET_SOURCE=ENV
WEIGHT_BUDGET_INPUT=2048
WEIGHT_BUDGET_PARSE=PASS
WEIGHT_BUDGET_MIB=2048
WEIGHT_BUDGET_BYTES=2147483648
WEIGHT_BUDGET_SOURCE=ENV
HEAP_OK_FINAL_NORM_BEFORE=1
FINAL_NORM_SRC_PTR=00000211F83A8060
FINAL_NORM_DST_PTR=00000211F83A8060
FINAL_NORM_WEIGHT_PTR=00000211A0D30000
FINAL_NORM_WEIGHT_SOURCE=HOST_MAPPED
FINAL_NORM_WEIGHT_FULFILLED=1
FINAL_NORM_WEIGHT_BYTES=12288
FINAL_NORM_WEIGHT_0=1.765625
FINAL_NORM_WEIGHT_1=1.75
FINAL_NORM_WEIGHT_2=1.5625
FINAL_NORM_WEIGHT_3=1.7734375
FINAL_NORM_WEIGHT_L2=91.4481258
FINAL_NORM_SUMSQ=11817.7833
FINAL_NORM_MEAN_SQ=3.84693468
FINAL_NORM_EPS=9.99999975e-06
FINAL_NORM_INV_RMS=0.509849548
FINAL_NORM_SRC_0=0.104461059
FINAL_NORM_DST_0=0.0940361694
FINAL_NORM_AFTER_L2=60.1517919
HEAP_OK_FINAL_NORM_AFTER=1
HEAP_OK_COMPUTE_LOGITS_ENTER=1
HEAP_OK_LOGITS_LINEARW_BEFORE=1
HEAP_OK_LOGITS_LINEARW_AFTER=1
PERSISTENT_DECODE_TOKEN t=37 kv=74 devices=2 model=1 gpu_res=1 ssvk=1 bind=1 sealed=0 dev_create=1 model_load=1 cmd_rebuild=0 ds_reset=0
RESIDENCY_TOKEN t=37 kv=74 devices=2 model=1 gpu_res=1 dev_create=1 model_load=1 weight_up=197 weight_hit=10201 content_hit=10164 reload_B=0 pin_evict=0 pin_rej=0 res_B=1032192000
BATCH2_PRODUCT_DECODE_BIND=PASS token=37
BIND16_WINDOW_AUTHORITY=1
ROOFLINE_TOKEN t=38 dt_ns=1102203600 wup=197 s0=1110 s1=962
WEIGHT_BUDGET_INPUT=2048
WEIGHT_BUDGET_PARSE=PASS
WEIGHT_BUDGET_MIB=2048
WEIGHT_BUDGET_BYTES=2147483648
WEIGHT_BUDGET_SOURCE=ENV
WEIGHT_BUDGET_INPUT=2048
WEIGHT_BUDGET_PARSE=PASS
WEIGHT_BUDGET_MIB=2048
WEIGHT_BUDGET_BYTES=2147483648
WEIGHT_BUDGET_SOURCE=ENV
WEIGHT_BUDGET_INPUT=2048
WEIGHT_BUDGET_PARSE=PASS
WEIGHT_BUDGET_MIB=2048
WEIGHT_BUDGET_BYTES=2147483648
WEIGHT_BUDGET_SOURCE=ENV
WEIGHT_BUDGET_INPUT=2048
WEIGHT_BUDGET_PARSE=PASS
WEIGHT_BUDGET_MIB=2048
WEIGHT_BUDGET_BYTES=2147483648
WEIGHT_BUDGET_SOURCE=ENV
WEIGHT_BUDGET_INPUT=2048
WEIGHT_BUDGET_PARSE=PASS
WEIGHT_BUDGET_MIB=2048
WEIGHT_BUDGET_BYTES=2147483648
WEIGHT_BUDGET_SOURCE=ENV
WEIGHT_BUDGET_INPUT=2048
WEIGHT_BUDGET_PARSE=PASS
WEIGHT_BUDGET_MIB=2048
WEIGHT_BUDGET_BYTES=2147483648
WEIGHT_BUDGET_SOURCE=ENV
WEIGHT_BUDGET_INPUT=2048
WEIGHT_BUDGET_PARSE=PASS
WEIGHT_BUDGET_MIB=2048
WEIGHT_BUDGET_BYTES=2147483648
WEIGHT_BUDGET_SOURCE=ENV
WEIGHT_BUDGET_INPUT=2048
WEIGHT_BUDGET_PARSE=PASS
WEIGHT_BUDGET_MIB=2048
WEIGHT_BUDGET_BYTES=2147483648
WEIGHT_BUDGET_SOURCE=ENV
WEIGHT_BUDGET_INPUT=2048
WEIGHT_BUDGET_PARSE=PASS
WEIGHT_BUDGET_MIB=2048
WEIGHT_BUDGET_BYTES=2147483648
WEIGHT_BUDGET_SOURCE=ENV
WEIGHT_BUDGET_INPUT=2048
WEIGHT_BUDGET_PARSE=PASS
WEIGHT_BUDGET_MIB=2048
WEIGHT_BUDGET_BYTES=2147483648
WEIGHT_BUDGET_SOURCE=ENV
WEIGHT_BUDGET_INPUT=2048
WEIGHT_BUDGET_PARSE=PASS
WEIGHT_BUDGET_MIB=2048
WEIGHT_BUDGET_BYTES=2147483648
WEIGHT_BUDGET_SOURCE=ENV
WEIGHT_BUDGET_INPUT=2048
WEIGHT_BUDGET_PARSE=PASS
WEIGHT_BUDGET_MIB=2048
WEIGHT_BUDGET_BYTES=2147483648
WEIGHT_BUDGET_SOURCE=ENV
WEIGHT_BUDGET_INPUT=2048
WEIGHT_BUDGET_PARSE=PASS
WEIGHT_BUDGET_MIB=2048
WEIGHT_BUDGET_BYTES=2147483648
WEIGHT_BUDGET_SOURCE=ENV
WEIGHT_BUDGET_INPUT=2048
WEIGHT_BUDGET_PARSE=PASS
WEIGHT_BUDGET_MIB=2048
WEIGHT_BUDGET_BYTES=2147483648
WEIGHT_BUDGET_SOURCE=ENV
WEIGHT_BUDGET_INPUT=2048
WEIGHT_BUDGET_PARSE=PASS
WEIGHT_BUDGET_MIB=2048
WEIGHT_BUDGET_BYTES=2147483648
WEIGHT_BUDGET_SOURCE=ENV
WEIGHT_BUDGET_INPUT=2048
WEIGHT_BUDGET_PARSE=PASS
WEIGHT_BUDGET_MIB=2048
WEIGHT_BUDGET_BYTES=2147483648
WEIGHT_BUDGET_SOURCE=ENV
WEIGHT_BUDGET_INPUT=2048
WEIGHT_BUDGET_PARSE=PASS
WEIGHT_BUDGET_MIB=2048
WEIGHT_BUDGET_BYTES=2147483648
WEIGHT_BUDGET_SOURCE=ENV
WEIGHT_BUDGET_INPUT=2048
WEIGHT_BUDGET_PARSE=PASS
WEIGHT_BUDGET_MIB=2048
WEIGHT_BUDGET_BYTES=2147483648
WEIGHT_BUDGET_SOURCE=ENV
WEIGHT_BUDGET_INPUT=2048
WEIGHT_BUDGET_PARSE=PASS
WEIGHT_BUDGET_MIB=2048
WEIGHT_BUDGET_BYTES=2147483648
WEIGHT_BUDGET_SOURCE=ENV
WEIGHT_BUDGET_INPUT=2048
WEIGHT_BUDGET_PARSE=PASS
WEIGHT_BUDGET_MIB=2048
WEIGHT_BUDGET_BYTES=2147483648
WEIGHT_BUDGET_SOURCE=ENV
WEIGHT_BUDGET_INPUT=2048
WEIGHT_BUDGET_PARSE=PASS
WEIGHT_BUDGET_MIB=2048
WEIGHT_BUDGET_BYTES=2147483648
WEIGHT_BUDGET_SOURCE=ENV
WEIGHT_BUDGET_INPUT=2048
WEIGHT_BUDGET_PARSE=PASS
WEIGHT_BUDGET_MIB=2048
WEIGHT_BUDGET_BYTES=2147483648
WEIGHT_BUDGET_SOURCE=ENV
WEIGHT_BUDGET_INPUT=2048
WEIGHT_BUDGET_PARSE=PASS
WEIGHT_BUDGET_MIB=2048
WEIGHT_BUDGET_BYTES=2147483648
WEIGHT_BUDGET_SOURCE=ENV
WEIGHT_BUDGET_INPUT=2048
WEIGHT_BUDGET_PARSE=PASS
WEIGHT_BUDGET_MIB=2048
WEIGHT_BUDGET_BYTES=2147483648
WEIGHT_BUDGET_SOURCE=ENV
WEIGHT_BUDGET_INPUT=2048
WEIGHT_BUDGET_PARSE=PASS
WEIGHT_BUDGET_MIB=2048
WEIGHT_BUDGET_BYTES=2147483648
WEIGHT_BUDGET_SOURCE=ENV
WEIGHT_BUDGET_INPUT=2048
WEIGHT_BUDGET_PARSE=PASS
WEIGHT_BUDGET_MIB=2048
WEIGHT_BUDGET_BYTES=2147483648
WEIGHT_BUDGET_SOURCE=ENV
WEIGHT_BUDGET_INPUT=2048
WEIGHT_BUDGET_PARSE=PASS
WEIGHT_BUDGET_MIB=2048
WEIGHT_BUDGET_BYTES=2147483648
WEIGHT_BUDGET_SOURCE=ENV
WEIGHT_BUDGET_INPUT=2048
WEIGHT_BUDGET_PARSE=PASS
WEIGHT_BUDGET_MIB=2048
WEIGHT_BUDGET_BYTES=2147483648
WEIGHT_BUDGET_SOURCE=ENV
WEIGHT_BUDGET_INPUT=2048
WEIGHT_BUDGET_PARSE=PASS
WEIGHT_BUDGET_MIB=2048
WEIGHT_BUDGET_BYTES=2147483648
WEIGHT_BUDGET_SOURCE=ENV
WEIGHT_BUDGET_INPUT=2048
WEIGHT_BUDGET_PARSE=PASS
WEIGHT_BUDGET_MIB=2048
WEIGHT_BUDGET_BYTES=2147483648
WEIGHT_BUDGET_SOURCE=ENV
HEAP_OK_FINAL_NORM_BEFORE=1
FINAL_NORM_SRC_PTR=00000211F83AB060
FINAL_NORM_DST_PTR=00000211F83AB060
FINAL_NORM_WEIGHT_PTR=00000211A0D30000
FINAL_NORM_WEIGHT_SOURCE=HOST_MAPPED
FINAL_NORM_WEIGHT_FULFILLED=1
FINAL_NORM_WEIGHT_BYTES=12288
FINAL_NORM_WEIGHT_0=1.765625
FINAL_NORM_WEIGHT_1=1.75
FINAL_NORM_WEIGHT_2=1.5625
FINAL_NORM_WEIGHT_3=1.7734375
FINAL_NORM_WEIGHT_L2=91.4481258
FINAL_NORM_SUMSQ=11727.2129
FINAL_NORM_MEAN_SQ=3.81745212
FINAL_NORM_EPS=9.99999975e-06
FINAL_NORM_INV_RMS=0.511814535
FINAL_NORM_SRC_0=0.183538392
FINAL_NORM_DST_0=0.165858597
FINAL_NORM_AFTER_L2=60.0796342
HEAP_OK_FINAL_NORM_AFTER=1
HEAP_OK_COMPUTE_LOGITS_ENTER=1
HEAP_OK_LOGITS_LINEARW_BEFORE=1
HEAP_OK_LOGITS_LINEARW_AFTER=1
PERSISTENT_DECODE_TOKEN t=38 kv=75 devices=2 model=1 gpu_res=1 ssvk=1 bind=1 sealed=0 dev_create=1 model_load=1 cmd_rebuild=0 ds_reset=0
RESIDENCY_TOKEN t=38 kv=75 devices=2 model=1 gpu_res=1 dev_create=1 model_load=1 weight_up=197 weight_hit=10286 content_hit=10248 reload_B=0 pin_evict=0 pin_rej=0 res_B=1032192000
BATCH2_PRODUCT_DECODE_BIND=PASS token=38
BIND16_WINDOW_AUTHORITY=1
ROOFLINE_TOKEN t=39 dt_ns=1046932000 wup=197 s0=1125 s1=975
WEIGHT_BUDGET_INPUT=2048
WEIGHT_BUDGET_PARSE=PASS
WEIGHT_BUDGET_MIB=2048
WEIGHT_BUDGET_BYTES=2147483648
WEIGHT_BUDGET_SOURCE=ENV
WEIGHT_BUDGET_INPUT=2048
WEIGHT_BUDGET_PARSE=PASS
WEIGHT_BUDGET_MIB=2048
WEIGHT_BUDGET_BYTES=2147483648
WEIGHT_BUDGET_SOURCE=ENV
WEIGHT_BUDGET_INPUT=2048
WEIGHT_BUDGET_PARSE=PASS
WEIGHT_BUDGET_MIB=2048
WEIGHT_BUDGET_BYTES=2147483648
WEIGHT_BUDGET_SOURCE=ENV
WEIGHT_BUDGET_INPUT=2048
WEIGHT_BUDGET_PARSE=PASS
WEIGHT_BUDGET_MIB=2048
WEIGHT_BUDGET_BYTES=2147483648
WEIGHT_BUDGET_SOURCE=ENV
WEIGHT_BUDGET_INPUT=2048
WEIGHT_BUDGET_PARSE=PASS
WEIGHT_BUDGET_MIB=2048
WEIGHT_BUDGET_BYTES=2147483648
WEIGHT_BUDGET_SOURCE=ENV
WEIGHT_BUDGET_INPUT=2048
WEIGHT_BUDGET_PARSE=PASS
WEIGHT_BUDGET_MIB=2048
WEIGHT_BUDGET_BYTES=2147483648
WEIGHT_BUDGET_SOURCE=ENV
WEIGHT_BUDGET_INPUT=2048
WEIGHT_BUDGET_PARSE=PASS
WEIGHT_BUDGET_MIB=2048
WEIGHT_BUDGET_BYTES=2147483648
WEIGHT_BUDGET_SOURCE=ENV
WEIGHT_BUDGET_INPUT=2048
WEIGHT_BUDGET_PARSE=PASS
WEIGHT_BUDGET_MIB=2048
WEIGHT_BUDGET_BYTES=2147483648
WEIGHT_BUDGET_SOURCE=ENV
WEIGHT_BUDGET_INPUT=2048
WEIGHT_BUDGET_PARSE=PASS
WEIGHT_BUDGET_MIB=2048
WEIGHT_BUDGET_BYTES=2147483648
WEIGHT_BUDGET_SOURCE=ENV
WEIGHT_BUDGET_INPUT=2048
WEIGHT_BUDGET_PARSE=PASS
WEIGHT_BUDGET_MIB=2048
WEIGHT_BUDGET_BYTES=2147483648
WEIGHT_BUDGET_SOURCE=ENV
WEIGHT_BUDGET_INPUT=2048
WEIGHT_BUDGET_PARSE=PASS
WEIGHT_BUDGET_MIB=2048
WEIGHT_BUDGET_BYTES=2147483648
WEIGHT_BUDGET_SOURCE=ENV
WEIGHT_BUDGET_INPUT=2048
WEIGHT_BUDGET_PARSE=PASS
WEIGHT_BUDGET_MIB=2048
WEIGHT_BUDGET_BYTES=2147483648
WEIGHT_BUDGET_SOURCE=ENV
WEIGHT_BUDGET_INPUT=2048
WEIGHT_BUDGET_PARSE=PASS
WEIGHT_BUDGET_MIB=2048
WEIGHT_BUDGET_BYTES=2147483648
WEIGHT_BUDGET_SOURCE=ENV
WEIGHT_BUDGET_INPUT=2048
WEIGHT_BUDGET_PARSE=PASS
WEIGHT_BUDGET_MIB=2048
WEIGHT_BUDGET_BYTES=2147483648
WEIGHT_BUDGET_SOURCE=ENV
WEIGHT_BUDGET_INPUT=2048
WEIGHT_BUDGET_PARSE=PASS
WEIGHT_BUDGET_MIB=2048
WEIGHT_BUDGET_BYTES=2147483648
WEIGHT_BUDGET_SOURCE=ENV
WEIGHT_BUDGET_INPUT=2048
WEIGHT_BUDGET_PARSE=PASS
WEIGHT_BUDGET_MIB=2048
WEIGHT_BUDGET_BYTES=2147483648
WEIGHT_BUDGET_SOURCE=ENV
WEIGHT_BUDGET_INPUT=2048
WEIGHT_BUDGET_PARSE=PASS
WEIGHT_BUDGET_MIB=2048
WEIGHT_BUDGET_BYTES=2147483648
WEIGHT_BUDGET_SOURCE=ENV
WEIGHT_BUDGET_INPUT=2048
WEIGHT_BUDGET_PARSE=PASS
WEIGHT_BUDGET_MIB=2048
WEIGHT_BUDGET_BYTES=2147483648
WEIGHT_BUDGET_SOURCE=ENV
WEIGHT_BUDGET_INPUT=2048
WEIGHT_BUDGET_PARSE=PASS
WEIGHT_BUDGET_MIB=2048
WEIGHT_BUDGET_BYTES=2147483648
WEIGHT_BUDGET_SOURCE=ENV
WEIGHT_BUDGET_INPUT=2048
WEIGHT_BUDGET_PARSE=PASS
WEIGHT_BUDGET_MIB=2048
WEIGHT_BUDGET_BYTES=2147483648
WEIGHT_BUDGET_SOURCE=ENV
WEIGHT_BUDGET_INPUT=2048
WEIGHT_BUDGET_PARSE=PASS
WEIGHT_BUDGET_MIB=2048
WEIGHT_BUDGET_BYTES=2147483648
WEIGHT_BUDGET_SOURCE=ENV
WEIGHT_BUDGET_INPUT=2048
WEIGHT_BUDGET_PARSE=PASS
WEIGHT_BUDGET_MIB=2048
WEIGHT_BUDGET_BYTES=2147483648
WEIGHT_BUDGET_SOURCE=ENV
WEIGHT_BUDGET_INPUT=2048
WEIGHT_BUDGET_PARSE=PASS
WEIGHT_BUDGET_MIB=2048
WEIGHT_BUDGET_BYTES=2147483648
WEIGHT_BUDGET_SOURCE=ENV
WEIGHT_BUDGET_INPUT=2048
WEIGHT_BUDGET_PARSE=PASS
WEIGHT_BUDGET_MIB=2048
WEIGHT_BUDGET_BYTES=2147483648
WEIGHT_BUDGET_SOURCE=ENV
WEIGHT_BUDGET_INPUT=2048
WEIGHT_BUDGET_PARSE=PASS
WEIGHT_BUDGET_MIB=2048
WEIGHT_BUDGET_BYTES=2147483648
WEIGHT_BUDGET_SOURCE=ENV
WEIGHT_BUDGET_INPUT=2048
WEIGHT_BUDGET_PARSE=PASS
WEIGHT_BUDGET_MIB=2048
WEIGHT_BUDGET_BYTES=2147483648
WEIGHT_BUDGET_SOURCE=ENV
WEIGHT_BUDGET_INPUT=2048
WEIGHT_BUDGET_PARSE=PASS
WEIGHT_BUDGET_MIB=2048
WEIGHT_BUDGET_BYTES=2147483648
WEIGHT_BUDGET_SOURCE=ENV
WEIGHT_BUDGET_INPUT=2048
WEIGHT_BUDGET_PARSE=PASS
WEIGHT_BUDGET_MIB=2048
WEIGHT_BUDGET_BYTES=2147483648
WEIGHT_BUDGET_SOURCE=ENV
WEIGHT_BUDGET_INPUT=2048
WEIGHT_BUDGET_PARSE=PASS
WEIGHT_BUDGET_MIB=2048
WEIGHT_BUDGET_BYTES=2147483648
WEIGHT_BUDGET_SOURCE=ENV
WEIGHT_BUDGET_INPUT=2048
WEIGHT_BUDGET_PARSE=PASS
WEIGHT_BUDGET_MIB=2048
WEIGHT_BUDGET_BYTES=2147483648
WEIGHT_BUDGET_SOURCE=ENV
HEAP_OK_FINAL_NORM_BEFORE=1
FINAL_NORM_SRC_PTR=00000211F83AE060
FINAL_NORM_DST_PTR=00000211F83AE060
FINAL_NORM_WEIGHT_PTR=00000211A0D30000
FINAL_NORM_WEIGHT_SOURCE=HOST_MAPPED
FINAL_NORM_WEIGHT_FULFILLED=1
FINAL_NORM_WEIGHT_BYTES=12288
FINAL_NORM_WEIGHT_0=1.765625
FINAL_NORM_WEIGHT_1=1.75
FINAL_NORM_WEIGHT_2=1.5625
FINAL_NORM_WEIGHT_3=1.7734375
FINAL_NORM_WEIGHT_L2=91.4481258
FINAL_NORM_SUMSQ=11771.409
FINAL_NORM_MEAN_SQ=3.83183886
FINAL_NORM_EPS=9.99999975e-06
FINAL_NORM_INV_RMS=0.510852873
FINAL_NORM_SRC_0=0.273767859
FINAL_NORM_DST_0=0.246931657
FINAL_NORM_AFTER_L2=60.0048795
HEAP_OK_FINAL_NORM_AFTER=1
HEAP_OK_COMPUTE_LOGITS_ENTER=1
HEAP_OK_LOGITS_LINEARW_BEFORE=1
HEAP_OK_LOGITS_LINEARW_AFTER=1
PERSISTENT_DECODE_TOKEN t=39 kv=76 devices=2 model=1 gpu_res=1 ssvk=1 bind=1 sealed=0 dev_create=1 model_load=1 cmd_rebuild=0 ds_reset=0
RESIDENCY_TOKEN t=39 kv=76 devices=2 model=1 gpu_res=1 dev_create=1 model_load=1 weight_up=197 weight_hit=10371 content_hit=10332 reload_B=0 pin_evict=0 pin_rej=0 res_B=1032192000
BATCH2_PRODUCT_DECODE_BIND=PASS token=39
BIND16_WINDOW_AUTHORITY=1
ROOFLINE_TOKEN t=40 dt_ns=1046574300 wup=197 s0=1140 s1=988
WEIGHT_BUDGET_INPUT=2048
WEIGHT_BUDGET_PARSE=PASS
WEIGHT_BUDGET_MIB=2048
WEIGHT_BUDGET_BYTES=2147483648
WEIGHT_BUDGET_SOURCE=ENV
WEIGHT_BUDGET_INPUT=2048
WEIGHT_BUDGET_PARSE=PASS
WEIGHT_BUDGET_MIB=2048
WEIGHT_BUDGET_BYTES=2147483648
WEIGHT_BUDGET_SOURCE=ENV
WEIGHT_BUDGET_INPUT=2048
WEIGHT_BUDGET_PARSE=PASS
WEIGHT_BUDGET_MIB=2048
WEIGHT_BUDGET_BYTES=2147483648
WEIGHT_BUDGET_SOURCE=ENV
WEIGHT_BUDGET_INPUT=2048
WEIGHT_BUDGET_PARSE=PASS
WEIGHT_BUDGET_MIB=2048
WEIGHT_BUDGET_BYTES=2147483648
WEIGHT_BUDGET_SOURCE=ENV
WEIGHT_BUDGET_INPUT=2048
WEIGHT_BUDGET_PARSE=PASS
WEIGHT_BUDGET_MIB=2048
WEIGHT_BUDGET_BYTES=2147483648
WEIGHT_BUDGET_SOURCE=ENV
WEIGHT_BUDGET_INPUT=2048
WEIGHT_BUDGET_PARSE=PASS
WEIGHT_BUDGET_MIB=2048
WEIGHT_BUDGET_BYTES=2147483648
WEIGHT_BUDGET_SOURCE=ENV
WEIGHT_BUDGET_INPUT=2048
WEIGHT_BUDGET_PARSE=PASS
WEIGHT_BUDGET_MIB=2048
WEIGHT_BUDGET_BYTES=2147483648
WEIGHT_BUDGET_SOURCE=ENV
WEIGHT_BUDGET_INPUT=2048
WEIGHT_BUDGET_PARSE=PASS
WEIGHT_BUDGET_MIB=2048
WEIGHT_BUDGET_BYTES=2147483648
WEIGHT_BUDGET_SOURCE=ENV
WEIGHT_BUDGET_INPUT=2048
WEIGHT_BUDGET_PARSE=PASS
WEIGHT_BUDGET_MIB=2048
WEIGHT_BUDGET_BYTES=2147483648
WEIGHT_BUDGET_SOURCE=ENV
WEIGHT_BUDGET_INPUT=2048
WEIGHT_BUDGET_PARSE=PASS
WEIGHT_BUDGET_MIB=2048
WEIGHT_BUDGET_BYTES=2147483648
WEIGHT_BUDGET_SOURCE=ENV
WEIGHT_BUDGET_INPUT=2048
WEIGHT_BUDGET_PARSE=PASS
WEIGHT_BUDGET_MIB=2048
WEIGHT_BUDGET_BYTES=2147483648
WEIGHT_BUDGET_SOURCE=ENV
WEIGHT_BUDGET_INPUT=2048
WEIGHT_BUDGET_PARSE=PASS
WEIGHT_BUDGET_MIB=2048
WEIGHT_BUDGET_BYTES=2147483648
WEIGHT_BUDGET_SOURCE=ENV
WEIGHT_BUDGET_INPUT=2048
WEIGHT_BUDGET_PARSE=PASS
WEIGHT_BUDGET_MIB=2048
WEIGHT_BUDGET_BYTES=2147483648
WEIGHT_BUDGET_SOURCE=ENV
WEIGHT_BUDGET_INPUT=2048
WEIGHT_BUDGET_PARSE=PASS
WEIGHT_BUDGET_MIB=2048
WEIGHT_BUDGET_BYTES=2147483648
WEIGHT_BUDGET_SOURCE=ENV
WEIGHT_BUDGET_INPUT=2048
WEIGHT_BUDGET_PARSE=PASS
WEIGHT_BUDGET_MIB=2048
WEIGHT_BUDGET_BYTES=2147483648
WEIGHT_BUDGET_SOURCE=ENV
WEIGHT_BUDGET_INPUT=2048
WEIGHT_BUDGET_PARSE=PASS
WEIGHT_BUDGET_MIB=2048
WEIGHT_BUDGET_BYTES=2147483648
WEIGHT_BUDGET_SOURCE=ENV
WEIGHT_BUDGET_INPUT=2048
WEIGHT_BUDGET_PARSE=PASS
WEIGHT_BUDGET_MIB=2048
WEIGHT_BUDGET_BYTES=2147483648
WEIGHT_BUDGET_SOURCE=ENV
WEIGHT_BUDGET_INPUT=2048
WEIGHT_BUDGET_PARSE=PASS
WEIGHT_BUDGET_MIB=2048
WEIGHT_BUDGET_BYTES=2147483648
WEIGHT_BUDGET_SOURCE=ENV
WEIGHT_BUDGET_INPUT=2048
WEIGHT_BUDGET_PARSE=PASS
WEIGHT_BUDGET_MIB=2048
WEIGHT_BUDGET_BYTES=2147483648
WEIGHT_BUDGET_SOURCE=ENV
WEIGHT_BUDGET_INPUT=2048
WEIGHT_BUDGET_PARSE=PASS
WEIGHT_BUDGET_MIB=2048
WEIGHT_BUDGET_BYTES=2147483648
WEIGHT_BUDGET_SOURCE=ENV
WEIGHT_BUDGET_INPUT=2048
WEIGHT_BUDGET_PARSE=PASS
WEIGHT_BUDGET_MIB=2048
WEIGHT_BUDGET_BYTES=2147483648
WEIGHT_BUDGET_SOURCE=ENV
WEIGHT_BUDGET_INPUT=2048
WEIGHT_BUDGET_PARSE=PASS
WEIGHT_BUDGET_MIB=2048
WEIGHT_BUDGET_BYTES=2147483648
WEIGHT_BUDGET_SOURCE=ENV
WEIGHT_BUDGET_INPUT=2048
WEIGHT_BUDGET_PARSE=PASS
WEIGHT_BUDGET_MIB=2048
WEIGHT_BUDGET_BYTES=2147483648
WEIGHT_BUDGET_SOURCE=ENV
WEIGHT_BUDGET_INPUT=2048
WEIGHT_BUDGET_PARSE=PASS
WEIGHT_BUDGET_MIB=2048
WEIGHT_BUDGET_BYTES=2147483648
WEIGHT_BUDGET_SOURCE=ENV
WEIGHT_BUDGET_INPUT=2048
WEIGHT_BUDGET_PARSE=PASS
WEIGHT_BUDGET_MIB=2048
WEIGHT_BUDGET_BYTES=2147483648
WEIGHT_BUDGET_SOURCE=ENV
WEIGHT_BUDGET_INPUT=2048
WEIGHT_BUDGET_PARSE=PASS
WEIGHT_BUDGET_MIB=2048
WEIGHT_BUDGET_BYTES=2147483648
WEIGHT_BUDGET_SOURCE=ENV
WEIGHT_BUDGET_INPUT=2048
WEIGHT_BUDGET_PARSE=PASS
WEIGHT_BUDGET_MIB=2048
WEIGHT_BUDGET_BYTES=2147483648
WEIGHT_BUDGET_SOURCE=ENV
WEIGHT_BUDGET_INPUT=2048
WEIGHT_BUDGET_PARSE=PASS
WEIGHT_BUDGET_MIB=2048
WEIGHT_BUDGET_BYTES=2147483648
WEIGHT_BUDGET_SOURCE=ENV
WEIGHT_BUDGET_INPUT=2048
WEIGHT_BUDGET_PARSE=PASS
WEIGHT_BUDGET_MIB=2048
WEIGHT_BUDGET_BYTES=2147483648
WEIGHT_BUDGET_SOURCE=ENV
WEIGHT_BUDGET_INPUT=2048
WEIGHT_BUDGET_PARSE=PASS
WEIGHT_BUDGET_MIB=2048
WEIGHT_BUDGET_BYTES=2147483648
WEIGHT_BUDGET_SOURCE=ENV
HEAP_OK_FINAL_NORM_BEFORE=1
FINAL_NORM_SRC_PTR=00000211F83B1060
FINAL_NORM_DST_PTR=00000211F83B1060
FINAL_NORM_WEIGHT_PTR=00000211A0D30000
FINAL_NORM_WEIGHT_SOURCE=HOST_MAPPED
FINAL_NORM_WEIGHT_FULFILLED=1
FINAL_NORM_WEIGHT_BYTES=12288
FINAL_NORM_WEIGHT_0=1.765625
FINAL_NORM_WEIGHT_1=1.75
FINAL_NORM_WEIGHT_2=1.5625
FINAL_NORM_WEIGHT_3=1.7734375
FINAL_NORM_WEIGHT_L2=91.4481258
FINAL_NORM_SUMSQ=11929.8665
FINAL_NORM_MEAN_SQ=3.88342008
FINAL_NORM_EPS=9.99999975e-06
FINAL_NORM_INV_RMS=0.507448852
FINAL_NORM_SRC_0=0.353981346
FINAL_NORM_DST_0=0.317154676
FINAL_NORM_AFTER_L2=59.8853069
HEAP_OK_FINAL_NORM_AFTER=1
HEAP_OK_COMPUTE_LOGITS_ENTER=1
HEAP_OK_LOGITS_LINEARW_BEFORE=1
HEAP_OK_LOGITS_LINEARW_AFTER=1
PERSISTENT_DECODE_TOKEN t=40 kv=77 devices=2 model=1 gpu_res=1 ssvk=1 bind=1 sealed=0 dev_create=1 model_load=1 cmd_rebuild=0 ds_reset=0
RESIDENCY_TOKEN t=40 kv=77 devices=2 model=1 gpu_res=1 dev_create=1 model_load=1 weight_up=197 weight_hit=10456 content_hit=10416 reload_B=0 pin_evict=0 pin_rej=0 res_B=1032192000
BATCH2_PRODUCT_DECODE_BIND=PASS token=40
BIND16_WINDOW_AUTHORITY=1
ROOFLINE_TOKEN t=41 dt_ns=1161430800 wup=197 s0=1155 s1=1001
WEIGHT_BUDGET_INPUT=2048
WEIGHT_BUDGET_PARSE=PASS
WEIGHT_BUDGET_MIB=2048
WEIGHT_BUDGET_BYTES=2147483648
WEIGHT_BUDGET_SOURCE=ENV
WEIGHT_BUDGET_INPUT=2048
WEIGHT_BUDGET_PARSE=PASS
WEIGHT_BUDGET_MIB=2048
WEIGHT_BUDGET_BYTES=2147483648
WEIGHT_BUDGET_SOURCE=ENV
WEIGHT_BUDGET_INPUT=2048
WEIGHT_BUDGET_PARSE=PASS
WEIGHT_BUDGET_MIB=2048
WEIGHT_BUDGET_BYTES=2147483648
WEIGHT_BUDGET_SOURCE=ENV
WEIGHT_BUDGET_INPUT=2048
WEIGHT_BUDGET_PARSE=PASS
WEIGHT_BUDGET_MIB=2048
WEIGHT_BUDGET_BYTES=2147483648
WEIGHT_BUDGET_SOURCE=ENV
WEIGHT_BUDGET_INPUT=2048
WEIGHT_BUDGET_PARSE=PASS
WEIGHT_BUDGET_MIB=2048
WEIGHT_BUDGET_BYTES=2147483648
WEIGHT_BUDGET_SOURCE=ENV
WEIGHT_BUDGET_INPUT=2048
WEIGHT_BUDGET_PARSE=PASS
WEIGHT_BUDGET_MIB=2048
WEIGHT_BUDGET_BYTES=2147483648
WEIGHT_BUDGET_SOURCE=ENV
WEIGHT_BUDGET_INPUT=2048
WEIGHT_BUDGET_PARSE=PASS
WEIGHT_BUDGET_MIB=2048
WEIGHT_BUDGET_BYTES=2147483648
WEIGHT_BUDGET_SOURCE=ENV
WEIGHT_BUDGET_INPUT=2048
WEIGHT_BUDGET_PARSE=PASS
WEIGHT_BUDGET_MIB=2048
WEIGHT_BUDGET_BYTES=2147483648
WEIGHT_BUDGET_SOURCE=ENV
WEIGHT_BUDGET_INPUT=2048
WEIGHT_BUDGET_PARSE=PASS
WEIGHT_BUDGET_MIB=2048
WEIGHT_BUDGET_BYTES=2147483648
WEIGHT_BUDGET_SOURCE=ENV
WEIGHT_BUDGET_INPUT=2048
WEIGHT_BUDGET_PARSE=PASS
WEIGHT_BUDGET_MIB=2048
WEIGHT_BUDGET_BYTES=2147483648
WEIGHT_BUDGET_SOURCE=ENV
WEIGHT_BUDGET_INPUT=2048
WEIGHT_BUDGET_PARSE=PASS
WEIGHT_BUDGET_MIB=2048
WEIGHT_BUDGET_BYTES=2147483648
WEIGHT_BUDGET_SOURCE=ENV
WEIGHT_BUDGET_INPUT=2048
WEIGHT_BUDGET_PARSE=PASS
WEIGHT_BUDGET_MIB=2048
WEIGHT_BUDGET_BYTES=2147483648
WEIGHT_BUDGET_SOURCE=ENV
WEIGHT_BUDGET_INPUT=2048
WEIGHT_BUDGET_PARSE=PASS
WEIGHT_BUDGET_MIB=2048
WEIGHT_BUDGET_BYTES=2147483648
WEIGHT_BUDGET_SOURCE=ENV
WEIGHT_BUDGET_INPUT=2048
WEIGHT_BUDGET_PARSE=PASS
WEIGHT_BUDGET_MIB=2048
WEIGHT_BUDGET_BYTES=2147483648
WEIGHT_BUDGET_SOURCE=ENV
WEIGHT_BUDGET_INPUT=2048
WEIGHT_BUDGET_PARSE=PASS
WEIGHT_BUDGET_MIB=2048
WEIGHT_BUDGET_BYTES=2147483648
WEIGHT_BUDGET_SOURCE=ENV
WEIGHT_BUDGET_INPUT=2048
WEIGHT_BUDGET_PARSE=PASS
WEIGHT_BUDGET_MIB=2048
WEIGHT_BUDGET_BYTES=2147483648
WEIGHT_BUDGET_SOURCE=ENV
WEIGHT_BUDGET_INPUT=2048
WEIGHT_BUDGET_PARSE=PASS
WEIGHT_BUDGET_MIB=2048
WEIGHT_BUDGET_BYTES=2147483648
WEIGHT_BUDGET_SOURCE=ENV
WEIGHT_BUDGET_INPUT=2048
WEIGHT_BUDGET_PARSE=PASS
WEIGHT_BUDGET_MIB=2048
WEIGHT_BUDGET_BYTES=2147483648
WEIGHT_BUDGET_SOURCE=ENV
WEIGHT_BUDGET_INPUT=2048
WEIGHT_BUDGET_PARSE=PASS
WEIGHT_BUDGET_MIB=2048
WEIGHT_BUDGET_BYTES=2147483648
WEIGHT_BUDGET_SOURCE=ENV
WEIGHT_BUDGET_INPUT=2048
WEIGHT_BUDGET_PARSE=PASS
WEIGHT_BUDGET_MIB=2048
WEIGHT_BUDGET_BYTES=2147483648
WEIGHT_BUDGET_SOURCE=ENV
WEIGHT_BUDGET_INPUT=2048
WEIGHT_BUDGET_PARSE=PASS
WEIGHT_BUDGET_MIB=2048
WEIGHT_BUDGET_BYTES=2147483648
WEIGHT_BUDGET_SOURCE=ENV
WEIGHT_BUDGET_INPUT=2048
WEIGHT_BUDGET_PARSE=PASS
WEIGHT_BUDGET_MIB=2048
WEIGHT_BUDGET_BYTES=2147483648
WEIGHT_BUDGET_SOURCE=ENV
WEIGHT_BUDGET_INPUT=2048
WEIGHT_BUDGET_PARSE=PASS
WEIGHT_BUDGET_MIB=2048
WEIGHT_BUDGET_BYTES=2147483648
WEIGHT_BUDGET_SOURCE=ENV
WEIGHT_BUDGET_INPUT=2048
WEIGHT_BUDGET_PARSE=PASS
WEIGHT_BUDGET_MIB=2048
WEIGHT_BUDGET_BYTES=2147483648
WEIGHT_BUDGET_SOURCE=ENV
WEIGHT_BUDGET_INPUT=2048
WEIGHT_BUDGET_PARSE=PASS
WEIGHT_BUDGET_MIB=2048
WEIGHT_BUDGET_BYTES=2147483648
WEIGHT_BUDGET_SOURCE=ENV
WEIGHT_BUDGET_INPUT=2048
WEIGHT_BUDGET_PARSE=PASS
WEIGHT_BUDGET_MIB=2048
WEIGHT_BUDGET_BYTES=2147483648
WEIGHT_BUDGET_SOURCE=ENV
WEIGHT_BUDGET_INPUT=2048
WEIGHT_BUDGET_PARSE=PASS
WEIGHT_BUDGET_MIB=2048
WEIGHT_BUDGET_BYTES=2147483648
WEIGHT_BUDGET_SOURCE=ENV
WEIGHT_BUDGET_INPUT=2048
WEIGHT_BUDGET_PARSE=PASS
WEIGHT_BUDGET_MIB=2048
WEIGHT_BUDGET_BYTES=2147483648
WEIGHT_BUDGET_SOURCE=ENV
WEIGHT_BUDGET_INPUT=2048
WEIGHT_BUDGET_PARSE=PASS
WEIGHT_BUDGET_MIB=2048
WEIGHT_BUDGET_BYTES=2147483648
WEIGHT_BUDGET_SOURCE=ENV
WEIGHT_BUDGET_INPUT=2048
WEIGHT_BUDGET_PARSE=PASS
WEIGHT_BUDGET_MIB=2048
WEIGHT_BUDGET_BYTES=2147483648
WEIGHT_BUDGET_SOURCE=ENV
HEAP_OK_FINAL_NORM_BEFORE=1
FINAL_NORM_SRC_PTR=00000211F83B4060
FINAL_NORM_DST_PTR=00000211F83B4060
FINAL_NORM_WEIGHT_PTR=00000211A0D30000
FINAL_NORM_WEIGHT_SOURCE=HOST_MAPPED
FINAL_NORM_WEIGHT_FULFILLED=1
FINAL_NORM_WEIGHT_BYTES=12288
FINAL_NORM_WEIGHT_0=1.765625
FINAL_NORM_WEIGHT_1=1.75
FINAL_NORM_WEIGHT_2=1.5625
FINAL_NORM_WEIGHT_3=1.7734375
FINAL_NORM_WEIGHT_L2=91.4481258
FINAL_NORM_SUMSQ=12093.6433
FINAL_NORM_MEAN_SQ=3.93673286
FINAL_NORM_EPS=9.99999975e-06
FINAL_NORM_INV_RMS=0.504001081
FINAL_NORM_SRC_0=0.398993373
FINAL_NORM_DST_0=0.355055004
FINAL_NORM_AFTER_L2=59.7643719
HEAP_OK_FINAL_NORM_AFTER=1
HEAP_OK_COMPUTE_LOGITS_ENTER=1
HEAP_OK_LOGITS_LINEARW_BEFORE=1
HEAP_OK_LOGITS_LINEARW_AFTER=1
PERSISTENT_DECODE_TOKEN t=41 kv=78 devices=2 model=1 gpu_res=1 ssvk=1 bind=1 sealed=0 dev_create=1 model_load=1 cmd_rebuild=0 ds_reset=0
RESIDENCY_TOKEN t=41 kv=78 devices=2 model=1 gpu_res=1 dev_create=1 model_load=1 weight_up=197 weight_hit=10541 content_hit=10500 reload_B=0 pin_evict=0 pin_rej=0 res_B=1032192000
BATCH2_PRODUCT_DECODE_BIND=PASS token=41
BIND16_WINDOW_AUTHORITY=1
ROOFLINE_TOKEN t=42 dt_ns=1172617700 wup=197 s0=1170 s1=1014
WEIGHT_BUDGET_INPUT=2048
WEIGHT_BUDGET_PARSE=PASS
WEIGHT_BUDGET_MIB=2048
WEIGHT_BUDGET_BYTES=2147483648
WEIGHT_BUDGET_SOURCE=ENV
WEIGHT_BUDGET_INPUT=2048
WEIGHT_BUDGET_PARSE=PASS
WEIGHT_BUDGET_MIB=2048
WEIGHT_BUDGET_BYTES=2147483648
WEIGHT_BUDGET_SOURCE=ENV
WEIGHT_BUDGET_INPUT=2048
WEIGHT_BUDGET_PARSE=PASS
WEIGHT_BUDGET_MIB=2048
WEIGHT_BUDGET_BYTES=2147483648
WEIGHT_BUDGET_SOURCE=ENV
WEIGHT_BUDGET_INPUT=2048
WEIGHT_BUDGET_PARSE=PASS
WEIGHT_BUDGET_MIB=2048
WEIGHT_BUDGET_BYTES=2147483648
WEIGHT_BUDGET_SOURCE=ENV
WEIGHT_BUDGET_INPUT=2048
WEIGHT_BUDGET_PARSE=PASS
WEIGHT_BUDGET_MIB=2048
WEIGHT_BUDGET_BYTES=2147483648
WEIGHT_BUDGET_SOURCE=ENV
WEIGHT_BUDGET_INPUT=2048
WEIGHT_BUDGET_PARSE=PASS
WEIGHT_BUDGET_MIB=2048
WEIGHT_BUDGET_BYTES=2147483648
WEIGHT_BUDGET_SOURCE=ENV
WEIGHT_BUDGET_INPUT=2048
WEIGHT_BUDGET_PARSE=PASS
WEIGHT_BUDGET_MIB=2048
WEIGHT_BUDGET_BYTES=2147483648
WEIGHT_BUDGET_SOURCE=ENV
WEIGHT_BUDGET_INPUT=2048
WEIGHT_BUDGET_PARSE=PASS
WEIGHT_BUDGET_MIB=2048
WEIGHT_BUDGET_BYTES=2147483648
WEIGHT_BUDGET_SOURCE=ENV
WEIGHT_BUDGET_INPUT=2048
WEIGHT_BUDGET_PARSE=PASS
WEIGHT_BUDGET_MIB=2048
WEIGHT_BUDGET_BYTES=2147483648
WEIGHT_BUDGET_SOURCE=ENV
WEIGHT_BUDGET_INPUT=2048
WEIGHT_BUDGET_PARSE=PASS
WEIGHT_BUDGET_MIB=2048
WEIGHT_BUDGET_BYTES=2147483648
WEIGHT_BUDGET_SOURCE=ENV
WEIGHT_BUDGET_INPUT=2048
WEIGHT_BUDGET_PARSE=PASS
WEIGHT_BUDGET_MIB=2048
WEIGHT_BUDGET_BYTES=2147483648
WEIGHT_BUDGET_SOURCE=ENV
WEIGHT_BUDGET_INPUT=2048
WEIGHT_BUDGET_PARSE=PASS
WEIGHT_BUDGET_MIB=2048
WEIGHT_BUDGET_BYTES=2147483648
WEIGHT_BUDGET_SOURCE=ENV
WEIGHT_BUDGET_INPUT=2048
WEIGHT_BUDGET_PARSE=PASS
WEIGHT_BUDGET_MIB=2048
WEIGHT_BUDGET_BYTES=2147483648
WEIGHT_BUDGET_SOURCE=ENV
WEIGHT_BUDGET_INPUT=2048
WEIGHT_BUDGET_PARSE=PASS
WEIGHT_BUDGET_MIB=2048
WEIGHT_BUDGET_BYTES=2147483648
WEIGHT_BUDGET_SOURCE=ENV
WEIGHT_BUDGET_INPUT=2048
WEIGHT_BUDGET_PARSE=PASS
WEIGHT_BUDGET_MIB=2048
WEIGHT_BUDGET_BYTES=2147483648
WEIGHT_BUDGET_SOURCE=ENV
WEIGHT_BUDGET_INPUT=2048
WEIGHT_BUDGET_PARSE=PASS
WEIGHT_BUDGET_MIB=2048
WEIGHT_BUDGET_BYTES=2147483648
WEIGHT_BUDGET_SOURCE=ENV
WEIGHT_BUDGET_INPUT=2048
WEIGHT_BUDGET_PARSE=PASS
WEIGHT_BUDGET_MIB=2048
WEIGHT_BUDGET_BYTES=2147483648
WEIGHT_BUDGET_SOURCE=ENV
WEIGHT_BUDGET_INPUT=2048
WEIGHT_BUDGET_PARSE=PASS
WEIGHT_BUDGET_MIB=2048
WEIGHT_BUDGET_BYTES=2147483648
WEIGHT_BUDGET_SOURCE=ENV
WEIGHT_BUDGET_INPUT=2048
WEIGHT_BUDGET_PARSE=PASS
WEIGHT_BUDGET_MIB=2048
WEIGHT_BUDGET_BYTES=2147483648
WEIGHT_BUDGET_SOURCE=ENV
WEIGHT_BUDGET_INPUT=2048
WEIGHT_BUDGET_PARSE=PASS
WEIGHT_BUDGET_MIB=2048
WEIGHT_BUDGET_BYTES=2147483648
WEIGHT_BUDGET_SOURCE=ENV
WEIGHT_BUDGET_INPUT=2048
WEIGHT_BUDGET_PARSE=PASS
WEIGHT_BUDGET_MIB=2048
WEIGHT_BUDGET_BYTES=2147483648
WEIGHT_BUDGET_SOURCE=ENV
WEIGHT_BUDGET_INPUT=2048
WEIGHT_BUDGET_PARSE=PASS
WEIGHT_BUDGET_MIB=2048
WEIGHT_BUDGET_BYTES=2147483648
WEIGHT_BUDGET_SOURCE=ENV
WEIGHT_BUDGET_INPUT=2048
WEIGHT_BUDGET_PARSE=PASS
WEIGHT_BUDGET_MIB=2048
WEIGHT_BUDGET_BYTES=2147483648
WEIGHT_BUDGET_SOURCE=ENV
WEIGHT_BUDGET_INPUT=2048
WEIGHT_BUDGET_PARSE=PASS
WEIGHT_BUDGET_MIB=2048
WEIGHT_BUDGET_BYTES=2147483648
WEIGHT_BUDGET_SOURCE=ENV
WEIGHT_BUDGET_INPUT=2048
WEIGHT_BUDGET_PARSE=PASS
WEIGHT_BUDGET_MIB=2048
WEIGHT_BUDGET_BYTES=2147483648
WEIGHT_BUDGET_SOURCE=ENV
WEIGHT_BUDGET_INPUT=2048
WEIGHT_BUDGET_PARSE=PASS
WEIGHT_BUDGET_MIB=2048
WEIGHT_BUDGET_BYTES=2147483648
WEIGHT_BUDGET_SOURCE=ENV
WEIGHT_BUDGET_INPUT=2048
WEIGHT_BUDGET_PARSE=PASS
WEIGHT_BUDGET_MIB=2048
WEIGHT_BUDGET_BYTES=2147483648
WEIGHT_BUDGET_SOURCE=ENV
WEIGHT_BUDGET_INPUT=2048
WEIGHT_BUDGET_PARSE=PASS
WEIGHT_BUDGET_MIB=2048
WEIGHT_BUDGET_BYTES=2147483648
WEIGHT_BUDGET_SOURCE=ENV
WEIGHT_BUDGET_INPUT=2048
WEIGHT_BUDGET_PARSE=PASS
WEIGHT_BUDGET_MIB=2048
WEIGHT_BUDGET_BYTES=2147483648
WEIGHT_BUDGET_SOURCE=ENV
WEIGHT_BUDGET_INPUT=2048
WEIGHT_BUDGET_PARSE=PASS
WEIGHT_BUDGET_MIB=2048
WEIGHT_BUDGET_BYTES=2147483648
WEIGHT_BUDGET_SOURCE=ENV
HEAP_OK_FINAL_NORM_BEFORE=1
FINAL_NORM_SRC_PTR=00000211F83B7060
FINAL_NORM_DST_PTR=00000211F83B7060
FINAL_NORM_WEIGHT_PTR=00000211A0D30000
FINAL_NORM_WEIGHT_SOURCE=HOST_MAPPED
FINAL_NORM_WEIGHT_FULFILLED=1
FINAL_NORM_WEIGHT_BYTES=12288
FINAL_NORM_WEIGHT_0=1.765625
FINAL_NORM_WEIGHT_1=1.75
FINAL_NORM_WEIGHT_2=1.5625
FINAL_NORM_WEIGHT_3=1.7734375
FINAL_NORM_WEIGHT_L2=91.4481258
FINAL_NORM_SUMSQ=12280.9799
FINAL_NORM_MEAN_SQ=3.9977148
FINAL_NORM_EPS=9.99999975e-06
FINAL_NORM_INV_RMS=0.500142276
FINAL_NORM_SRC_0=0.418926418
FINAL_NORM_DST_0=0.369938731
FINAL_NORM_AFTER_L2=59.6407833
HEAP_OK_FINAL_NORM_AFTER=1
HEAP_OK_COMPUTE_LOGITS_ENTER=1
HEAP_OK_LOGITS_LINEARW_BEFORE=1
HEAP_OK_LOGITS_LINEARW_AFTER=1
PERSISTENT_DECODE_TOKEN t=42 kv=79 devices=2 model=1 gpu_res=1 ssvk=1 bind=1 sealed=0 dev_create=1 model_load=1 cmd_rebuild=0 ds_reset=0
RESIDENCY_TOKEN t=42 kv=79 devices=2 model=1 gpu_res=1 dev_create=1 model_load=1 weight_up=197 weight_hit=10626 content_hit=10584 reload_B=0 pin_evict=0 pin_rej=0 res_B=1032192000
BATCH2_PRODUCT_DECODE_BIND=PASS token=42
BIND16_WINDOW_AUTHORITY=1
ROOFLINE_TOKEN t=43 dt_ns=1079513200 wup=197 s0=1185 s1=1027
WEIGHT_BUDGET_INPUT=2048
WEIGHT_BUDGET_PARSE=PASS
WEIGHT_BUDGET_MIB=2048
WEIGHT_BUDGET_BYTES=2147483648
WEIGHT_BUDGET_SOURCE=ENV
WEIGHT_BUDGET_INPUT=2048
WEIGHT_BUDGET_PARSE=PASS
WEIGHT_BUDGET_MIB=2048
WEIGHT_BUDGET_BYTES=2147483648
WEIGHT_BUDGET_SOURCE=ENV
WEIGHT_BUDGET_INPUT=2048
WEIGHT_BUDGET_PARSE=PASS
WEIGHT_BUDGET_MIB=2048
WEIGHT_BUDGET_BYTES=2147483648
WEIGHT_BUDGET_SOURCE=ENV
WEIGHT_BUDGET_INPUT=2048
WEIGHT_BUDGET_PARSE=PASS
WEIGHT_BUDGET_MIB=2048
WEIGHT_BUDGET_BYTES=2147483648
WEIGHT_BUDGET_SOURCE=ENV
WEIGHT_BUDGET_INPUT=2048
WEIGHT_BUDGET_PARSE=PASS
WEIGHT_BUDGET_MIB=2048
WEIGHT_BUDGET_BYTES=2147483648
WEIGHT_BUDGET_SOURCE=ENV
WEIGHT_BUDGET_INPUT=2048
WEIGHT_BUDGET_PARSE=PASS
WEIGHT_BUDGET_MIB=2048
WEIGHT_BUDGET_BYTES=2147483648
WEIGHT_BUDGET_SOURCE=ENV
WEIGHT_BUDGET_INPUT=2048
WEIGHT_BUDGET_PARSE=PASS
WEIGHT_BUDGET_MIB=2048
WEIGHT_BUDGET_BYTES=2147483648
WEIGHT_BUDGET_SOURCE=ENV
WEIGHT_BUDGET_INPUT=2048
WEIGHT_BUDGET_PARSE=PASS
WEIGHT_BUDGET_MIB=2048
WEIGHT_BUDGET_BYTES=2147483648
WEIGHT_BUDGET_SOURCE=ENV
WEIGHT_BUDGET_INPUT=2048
WEIGHT_BUDGET_PARSE=PASS
WEIGHT_BUDGET_MIB=2048
WEIGHT_BUDGET_BYTES=2147483648
WEIGHT_BUDGET_SOURCE=ENV
WEIGHT_BUDGET_INPUT=2048
WEIGHT_BUDGET_PARSE=PASS
WEIGHT_BUDGET_MIB=2048
WEIGHT_BUDGET_BYTES=2147483648
WEIGHT_BUDGET_SOURCE=ENV
WEIGHT_BUDGET_INPUT=2048
WEIGHT_BUDGET_PARSE=PASS
WEIGHT_BUDGET_MIB=2048
WEIGHT_BUDGET_BYTES=2147483648
WEIGHT_BUDGET_SOURCE=ENV
WEIGHT_BUDGET_INPUT=2048
WEIGHT_BUDGET_PARSE=PASS
WEIGHT_BUDGET_MIB=2048
WEIGHT_BUDGET_BYTES=2147483648
WEIGHT_BUDGET_SOURCE=ENV
WEIGHT_BUDGET_INPUT=2048
WEIGHT_BUDGET_PARSE=PASS
WEIGHT_BUDGET_MIB=2048
WEIGHT_BUDGET_BYTES=2147483648
WEIGHT_BUDGET_SOURCE=ENV
WEIGHT_BUDGET_INPUT=2048
WEIGHT_BUDGET_PARSE=PASS
WEIGHT_BUDGET_MIB=2048
WEIGHT_BUDGET_BYTES=2147483648
WEIGHT_BUDGET_SOURCE=ENV
WEIGHT_BUDGET_INPUT=2048
WEIGHT_BUDGET_PARSE=PASS
WEIGHT_BUDGET_MIB=2048
WEIGHT_BUDGET_BYTES=2147483648
WEIGHT_BUDGET_SOURCE=ENV
WEIGHT_BUDGET_INPUT=2048
WEIGHT_BUDGET_PARSE=PASS
WEIGHT_BUDGET_MIB=2048
WEIGHT_BUDGET_BYTES=2147483648
WEIGHT_BUDGET_SOURCE=ENV
WEIGHT_BUDGET_INPUT=2048
WEIGHT_BUDGET_PARSE=PASS
WEIGHT_BUDGET_MIB=2048
WEIGHT_BUDGET_BYTES=2147483648
WEIGHT_BUDGET_SOURCE=ENV
WEIGHT_BUDGET_INPUT=2048
WEIGHT_BUDGET_PARSE=PASS
WEIGHT_BUDGET_MIB=2048
WEIGHT_BUDGET_BYTES=2147483648
WEIGHT_BUDGET_SOURCE=ENV
WEIGHT_BUDGET_INPUT=2048
WEIGHT_BUDGET_PARSE=PASS
WEIGHT_BUDGET_MIB=2048
WEIGHT_BUDGET_BYTES=2147483648
WEIGHT_BUDGET_SOURCE=ENV
WEIGHT_BUDGET_INPUT=2048
WEIGHT_BUDGET_PARSE=PASS
WEIGHT_BUDGET_MIB=2048
WEIGHT_BUDGET_BYTES=2147483648
WEIGHT_BUDGET_SOURCE=ENV
WEIGHT_BUDGET_INPUT=2048
WEIGHT_BUDGET_PARSE=PASS
WEIGHT_BUDGET_MIB=2048
WEIGHT_BUDGET_BYTES=2147483648
WEIGHT_BUDGET_SOURCE=ENV
WEIGHT_BUDGET_INPUT=2048
WEIGHT_BUDGET_PARSE=PASS
WEIGHT_BUDGET_MIB=2048
WEIGHT_BUDGET_BYTES=2147483648
WEIGHT_BUDGET_SOURCE=ENV
WEIGHT_BUDGET_INPUT=2048
WEIGHT_BUDGET_PARSE=PASS
WEIGHT_BUDGET_MIB=2048
WEIGHT_BUDGET_BYTES=2147483648
WEIGHT_BUDGET_SOURCE=ENV
WEIGHT_BUDGET_INPUT=2048
WEIGHT_BUDGET_PARSE=PASS
WEIGHT_BUDGET_MIB=2048
WEIGHT_BUDGET_BYTES=2147483648
WEIGHT_BUDGET_SOURCE=ENV
WEIGHT_BUDGET_INPUT=2048
WEIGHT_BUDGET_PARSE=PASS
WEIGHT_BUDGET_MIB=2048
WEIGHT_BUDGET_BYTES=2147483648
WEIGHT_BUDGET_SOURCE=ENV
WEIGHT_BUDGET_INPUT=2048
WEIGHT_BUDGET_PARSE=PASS
WEIGHT_BUDGET_MIB=2048
WEIGHT_BUDGET_BYTES=2147483648
WEIGHT_BUDGET_SOURCE=ENV
WEIGHT_BUDGET_INPUT=2048
WEIGHT_BUDGET_PARSE=PASS
WEIGHT_BUDGET_MIB=2048
WEIGHT_BUDGET_BYTES=2147483648
WEIGHT_BUDGET_SOURCE=ENV
WEIGHT_BUDGET_INPUT=2048
WEIGHT_BUDGET_PARSE=PASS
WEIGHT_BUDGET_MIB=2048
WEIGHT_BUDGET_BYTES=2147483648
WEIGHT_BUDGET_SOURCE=ENV
WEIGHT_BUDGET_INPUT=2048
WEIGHT_BUDGET_PARSE=PASS
WEIGHT_BUDGET_MIB=2048
WEIGHT_BUDGET_BYTES=2147483648
WEIGHT_BUDGET_SOURCE=ENV
WEIGHT_BUDGET_INPUT=2048
WEIGHT_BUDGET_PARSE=PASS
WEIGHT_BUDGET_MIB=2048
WEIGHT_BUDGET_BYTES=2147483648
WEIGHT_BUDGET_SOURCE=ENV
HEAP_OK_FINAL_NORM_BEFORE=1
FINAL_NORM_SRC_PTR=00000211F83BA060
FINAL_NORM_DST_PTR=00000211F83BA060
FINAL_NORM_WEIGHT_PTR=00000211A0D30000
FINAL_NORM_WEIGHT_SOURCE=HOST_MAPPED
FINAL_NORM_WEIGHT_FULFILLED=1
FINAL_NORM_WEIGHT_BYTES=12288
FINAL_NORM_WEIGHT_0=1.765625
FINAL_NORM_WEIGHT_1=1.75
FINAL_NORM_WEIGHT_2=1.5625
FINAL_NORM_WEIGHT_3=1.7734375
FINAL_NORM_WEIGHT_L2=91.4481258
FINAL_NORM_SUMSQ=12507.0996
FINAL_NORM_MEAN_SQ=4.07132149
FINAL_NORM_EPS=9.99999975e-06
FINAL_NORM_INV_RMS=0.495600522
FINAL_NORM_SRC_0=0.425638914
FINAL_NORM_DST_0=0.372453064
FINAL_NORM_AFTER_L2=59.4673471
HEAP_OK_FINAL_NORM_AFTER=1
HEAP_OK_COMPUTE_LOGITS_ENTER=1
HEAP_OK_LOGITS_LINEARW_BEFORE=1
HEAP_OK_LOGITS_LINEARW_AFTER=1
PERSISTENT_DECODE_TOKEN t=43 kv=80 devices=2 model=1 gpu_res=1 ssvk=1 bind=1 sealed=0 dev_create=1 model_load=1 cmd_rebuild=0 ds_reset=0
RESIDENCY_TOKEN t=43 kv=80 devices=2 model=1 gpu_res=1 dev_create=1 model_load=1 weight_up=197 weight_hit=10711 content_hit=10668 reload_B=0 pin_evict=0 pin_rej=0 res_B=1032192000
BATCH2_PRODUCT_DECODE_BIND=PASS token=43
BIND16_WINDOW_AUTHORITY=1
ROOFLINE_TOKEN t=44 dt_ns=1068497600 wup=197 s0=1200 s1=1040
WEIGHT_BUDGET_INPUT=2048
WEIGHT_BUDGET_PARSE=PASS
WEIGHT_BUDGET_MIB=2048
WEIGHT_BUDGET_BYTES=2147483648
WEIGHT_BUDGET_SOURCE=ENV
WEIGHT_BUDGET_INPUT=2048
WEIGHT_BUDGET_PARSE=PASS
WEIGHT_BUDGET_MIB=2048
WEIGHT_BUDGET_BYTES=2147483648
WEIGHT_BUDGET_SOURCE=ENV
WEIGHT_BUDGET_INPUT=2048
WEIGHT_BUDGET_PARSE=PASS
WEIGHT_BUDGET_MIB=2048
WEIGHT_BUDGET_BYTES=2147483648
WEIGHT_BUDGET_SOURCE=ENV
WEIGHT_BUDGET_INPUT=2048
WEIGHT_BUDGET_PARSE=PASS
WEIGHT_BUDGET_MIB=2048
WEIGHT_BUDGET_BYTES=2147483648
WEIGHT_BUDGET_SOURCE=ENV
WEIGHT_BUDGET_INPUT=2048
WEIGHT_BUDGET_PARSE=PASS
WEIGHT_BUDGET_MIB=2048
WEIGHT_BUDGET_BYTES=2147483648
WEIGHT_BUDGET_SOURCE=ENV
WEIGHT_BUDGET_INPUT=2048
WEIGHT_BUDGET_PARSE=PASS
WEIGHT_BUDGET_MIB=2048
WEIGHT_BUDGET_BYTES=2147483648
WEIGHT_BUDGET_SOURCE=ENV
WEIGHT_BUDGET_INPUT=2048
WEIGHT_BUDGET_PARSE=PASS
WEIGHT_BUDGET_MIB=2048
WEIGHT_BUDGET_BYTES=2147483648
WEIGHT_BUDGET_SOURCE=ENV
WEIGHT_BUDGET_INPUT=2048
WEIGHT_BUDGET_PARSE=PASS
WEIGHT_BUDGET_MIB=2048
WEIGHT_BUDGET_BYTES=2147483648
WEIGHT_BUDGET_SOURCE=ENV
WEIGHT_BUDGET_INPUT=2048
WEIGHT_BUDGET_PARSE=PASS
WEIGHT_BUDGET_MIB=2048
WEIGHT_BUDGET_BYTES=2147483648
WEIGHT_BUDGET_SOURCE=ENV
WEIGHT_BUDGET_INPUT=2048
WEIGHT_BUDGET_PARSE=PASS
WEIGHT_BUDGET_MIB=2048
WEIGHT_BUDGET_BYTES=2147483648
WEIGHT_BUDGET_SOURCE=ENV
WEIGHT_BUDGET_INPUT=2048
WEIGHT_BUDGET_PARSE=PASS
WEIGHT_BUDGET_MIB=2048
WEIGHT_BUDGET_BYTES=2147483648
WEIGHT_BUDGET_SOURCE=ENV
WEIGHT_BUDGET_INPUT=2048
WEIGHT_BUDGET_PARSE=PASS
WEIGHT_BUDGET_MIB=2048
WEIGHT_BUDGET_BYTES=2147483648
WEIGHT_BUDGET_SOURCE=ENV
WEIGHT_BUDGET_INPUT=2048
WEIGHT_BUDGET_PARSE=PASS
WEIGHT_BUDGET_MIB=2048
WEIGHT_BUDGET_BYTES=2147483648
WEIGHT_BUDGET_SOURCE=ENV
WEIGHT_BUDGET_INPUT=2048
WEIGHT_BUDGET_PARSE=PASS
WEIGHT_BUDGET_MIB=2048
WEIGHT_BUDGET_BYTES=2147483648
WEIGHT_BUDGET_SOURCE=ENV
WEIGHT_BUDGET_INPUT=2048
WEIGHT_BUDGET_PARSE=PASS
WEIGHT_BUDGET_MIB=2048
WEIGHT_BUDGET_BYTES=2147483648
WEIGHT_BUDGET_SOURCE=ENV
WEIGHT_BUDGET_INPUT=2048
WEIGHT_BUDGET_PARSE=PASS
WEIGHT_BUDGET_MIB=2048
WEIGHT_BUDGET_BYTES=2147483648
WEIGHT_BUDGET_SOURCE=ENV
WEIGHT_BUDGET_INPUT=2048
WEIGHT_BUDGET_PARSE=PASS
WEIGHT_BUDGET_MIB=2048
WEIGHT_BUDGET_BYTES=2147483648
WEIGHT_BUDGET_SOURCE=ENV
WEIGHT_BUDGET_INPUT=2048
WEIGHT_BUDGET_PARSE=PASS
WEIGHT_BUDGET_MIB=2048
WEIGHT_BUDGET_BYTES=2147483648
WEIGHT_BUDGET_SOURCE=ENV
WEIGHT_BUDGET_INPUT=2048
WEIGHT_BUDGET_PARSE=PASS
WEIGHT_BUDGET_MIB=2048
WEIGHT_BUDGET_BYTES=2147483648
WEIGHT_BUDGET_SOURCE=ENV
WEIGHT_BUDGET_INPUT=2048
WEIGHT_BUDGET_PARSE=PASS
WEIGHT_BUDGET_MIB=2048
WEIGHT_BUDGET_BYTES=2147483648
WEIGHT_BUDGET_SOURCE=ENV
WEIGHT_BUDGET_INPUT=2048
WEIGHT_BUDGET_PARSE=PASS
WEIGHT_BUDGET_MIB=2048
WEIGHT_BUDGET_BYTES=2147483648
WEIGHT_BUDGET_SOURCE=ENV
WEIGHT_BUDGET_INPUT=2048
WEIGHT_BUDGET_PARSE=PASS
WEIGHT_BUDGET_MIB=2048
WEIGHT_BUDGET_BYTES=2147483648
WEIGHT_BUDGET_SOURCE=ENV
WEIGHT_BUDGET_INPUT=2048
WEIGHT_BUDGET_PARSE=PASS
WEIGHT_BUDGET_MIB=2048
WEIGHT_BUDGET_BYTES=2147483648
WEIGHT_BUDGET_SOURCE=ENV
WEIGHT_BUDGET_INPUT=2048
WEIGHT_BUDGET_PARSE=PASS
WEIGHT_BUDGET_MIB=2048
WEIGHT_BUDGET_BYTES=2147483648
WEIGHT_BUDGET_SOURCE=ENV
WEIGHT_BUDGET_INPUT=2048
WEIGHT_BUDGET_PARSE=PASS
WEIGHT_BUDGET_MIB=2048
WEIGHT_BUDGET_BYTES=2147483648
WEIGHT_BUDGET_SOURCE=ENV
WEIGHT_BUDGET_INPUT=2048
WEIGHT_BUDGET_PARSE=PASS
WEIGHT_BUDGET_MIB=2048
WEIGHT_BUDGET_BYTES=2147483648
WEIGHT_BUDGET_SOURCE=ENV
WEIGHT_BUDGET_INPUT=2048
WEIGHT_BUDGET_PARSE=PASS
WEIGHT_BUDGET_MIB=2048
WEIGHT_BUDGET_BYTES=2147483648
WEIGHT_BUDGET_SOURCE=ENV
WEIGHT_BUDGET_INPUT=2048
WEIGHT_BUDGET_PARSE=PASS
WEIGHT_BUDGET_MIB=2048
WEIGHT_BUDGET_BYTES=2147483648
WEIGHT_BUDGET_SOURCE=ENV
WEIGHT_BUDGET_INPUT=2048
WEIGHT_BUDGET_PARSE=PASS
WEIGHT_BUDGET_MIB=2048
WEIGHT_BUDGET_BYTES=2147483648
WEIGHT_BUDGET_SOURCE=ENV
WEIGHT_BUDGET_INPUT=2048
WEIGHT_BUDGET_PARSE=PASS
WEIGHT_BUDGET_MIB=2048
WEIGHT_BUDGET_BYTES=2147483648
WEIGHT_BUDGET_SOURCE=ENV
HEAP_OK_FINAL_NORM_BEFORE=1
FINAL_NORM_SRC_PTR=00000211F83BD060
FINAL_NORM_DST_PTR=00000211F83BD060
FINAL_NORM_WEIGHT_PTR=00000211A0D30000
FINAL_NORM_WEIGHT_SOURCE=HOST_MAPPED
FINAL_NORM_WEIGHT_FULFILLED=1
FINAL_NORM_WEIGHT_BYTES=12288
FINAL_NORM_WEIGHT_0=1.765625
FINAL_NORM_WEIGHT_1=1.75
FINAL_NORM_WEIGHT_2=1.5625
FINAL_NORM_WEIGHT_3=1.7734375
FINAL_NORM_WEIGHT_L2=91.4481258
FINAL_NORM_SUMSQ=12819.5141
FINAL_NORM_MEAN_SQ=4.1730189
FINAL_NORM_EPS=9.99999975e-06
FINAL_NORM_INV_RMS=0.489524364
FINAL_NORM_SRC_0=0.4418284
FINAL_NORM_DST_0=0.381879568
FINAL_NORM_AFTER_L2=59.2485704
HEAP_OK_FINAL_NORM_AFTER=1
HEAP_OK_COMPUTE_LOGITS_ENTER=1
HEAP_OK_LOGITS_LINEARW_BEFORE=1
HEAP_OK_LOGITS_LINEARW_AFTER=1
PERSISTENT_DECODE_TOKEN t=44 kv=81 devices=2 model=1 gpu_res=1 ssvk=1 bind=1 sealed=0 dev_create=1 model_load=1 cmd_rebuild=0 ds_reset=0
RESIDENCY_TOKEN t=44 kv=81 devices=2 model=1 gpu_res=1 dev_create=1 model_load=1 weight_up=197 weight_hit=10796 content_hit=10752 reload_B=0 pin_evict=0 pin_rej=0 res_B=1032192000
BATCH2_PRODUCT_DECODE_BIND=PASS token=44
BIND16_WINDOW_AUTHORITY=1
ROOFLINE_TOKEN t=45 dt_ns=1073884500 wup=197 s0=1215 s1=1053
WEIGHT_BUDGET_INPUT=2048
WEIGHT_BUDGET_PARSE=PASS
WEIGHT_BUDGET_MIB=2048
WEIGHT_BUDGET_BYTES=2147483648
WEIGHT_BUDGET_SOURCE=ENV
WEIGHT_BUDGET_INPUT=2048
WEIGHT_BUDGET_PARSE=PASS
WEIGHT_BUDGET_MIB=2048
WEIGHT_BUDGET_BYTES=2147483648
WEIGHT_BUDGET_SOURCE=ENV
WEIGHT_BUDGET_INPUT=2048
WEIGHT_BUDGET_PARSE=PASS
WEIGHT_BUDGET_MIB=2048
WEIGHT_BUDGET_BYTES=2147483648
WEIGHT_BUDGET_SOURCE=ENV
WEIGHT_BUDGET_INPUT=2048
WEIGHT_BUDGET_PARSE=PASS
WEIGHT_BUDGET_MIB=2048
WEIGHT_BUDGET_BYTES=2147483648
WEIGHT_BUDGET_SOURCE=ENV
WEIGHT_BUDGET_INPUT=2048
WEIGHT_BUDGET_PARSE=PASS
WEIGHT_BUDGET_MIB=2048
WEIGHT_BUDGET_BYTES=2147483648
WEIGHT_BUDGET_SOURCE=ENV
WEIGHT_BUDGET_INPUT=2048
WEIGHT_BUDGET_PARSE=PASS
WEIGHT_BUDGET_MIB=2048
WEIGHT_BUDGET_BYTES=2147483648
WEIGHT_BUDGET_SOURCE=ENV
WEIGHT_BUDGET_INPUT=2048
WEIGHT_BUDGET_PARSE=PASS
WEIGHT_BUDGET_MIB=2048
WEIGHT_BUDGET_BYTES=2147483648
WEIGHT_BUDGET_SOURCE=ENV
WEIGHT_BUDGET_INPUT=2048
WEIGHT_BUDGET_PARSE=PASS
WEIGHT_BUDGET_MIB=2048
WEIGHT_BUDGET_BYTES=2147483648
WEIGHT_BUDGET_SOURCE=ENV
WEIGHT_BUDGET_INPUT=2048
WEIGHT_BUDGET_PARSE=PASS
WEIGHT_BUDGET_MIB=2048
WEIGHT_BUDGET_BYTES=2147483648
WEIGHT_BUDGET_SOURCE=ENV
WEIGHT_BUDGET_INPUT=2048
WEIGHT_BUDGET_PARSE=PASS
WEIGHT_BUDGET_MIB=2048
WEIGHT_BUDGET_BYTES=2147483648
WEIGHT_BUDGET_SOURCE=ENV
WEIGHT_BUDGET_INPUT=2048
WEIGHT_BUDGET_PARSE=PASS
WEIGHT_BUDGET_MIB=2048
WEIGHT_BUDGET_BYTES=2147483648
WEIGHT_BUDGET_SOURCE=ENV
WEIGHT_BUDGET_INPUT=2048
WEIGHT_BUDGET_PARSE=PASS
WEIGHT_BUDGET_MIB=2048
WEIGHT_BUDGET_BYTES=2147483648
WEIGHT_BUDGET_SOURCE=ENV
WEIGHT_BUDGET_INPUT=2048
WEIGHT_BUDGET_PARSE=PASS
WEIGHT_BUDGET_MIB=2048
WEIGHT_BUDGET_BYTES=2147483648
WEIGHT_BUDGET_SOURCE=ENV
WEIGHT_BUDGET_INPUT=2048
WEIGHT_BUDGET_PARSE=PASS
WEIGHT_BUDGET_MIB=2048
WEIGHT_BUDGET_BYTES=2147483648
WEIGHT_BUDGET_SOURCE=ENV
WEIGHT_BUDGET_INPUT=2048
WEIGHT_BUDGET_PARSE=PASS
WEIGHT_BUDGET_MIB=2048
WEIGHT_BUDGET_BYTES=2147483648
WEIGHT_BUDGET_SOURCE=ENV
WEIGHT_BUDGET_INPUT=2048
WEIGHT_BUDGET_PARSE=PASS
WEIGHT_BUDGET_MIB=2048
WEIGHT_BUDGET_BYTES=2147483648
WEIGHT_BUDGET_SOURCE=ENV
WEIGHT_BUDGET_INPUT=2048
WEIGHT_BUDGET_PARSE=PASS
WEIGHT_BUDGET_MIB=2048
WEIGHT_BUDGET_BYTES=2147483648
WEIGHT_BUDGET_SOURCE=ENV
WEIGHT_BUDGET_INPUT=2048
WEIGHT_BUDGET_PARSE=PASS
WEIGHT_BUDGET_MIB=2048
WEIGHT_BUDGET_BYTES=2147483648
WEIGHT_BUDGET_SOURCE=ENV
WEIGHT_BUDGET_INPUT=2048
WEIGHT_BUDGET_PARSE=PASS
WEIGHT_BUDGET_MIB=2048
WEIGHT_BUDGET_BYTES=2147483648
WEIGHT_BUDGET_SOURCE=ENV
WEIGHT_BUDGET_INPUT=2048
WEIGHT_BUDGET_PARSE=PASS
WEIGHT_BUDGET_MIB=2048
WEIGHT_BUDGET_BYTES=2147483648
WEIGHT_BUDGET_SOURCE=ENV
WEIGHT_BUDGET_INPUT=2048
WEIGHT_BUDGET_PARSE=PASS
WEIGHT_BUDGET_MIB=2048
WEIGHT_BUDGET_BYTES=2147483648
WEIGHT_BUDGET_SOURCE=ENV
WEIGHT_BUDGET_INPUT=2048
WEIGHT_BUDGET_PARSE=PASS
WEIGHT_BUDGET_MIB=2048
WEIGHT_BUDGET_BYTES=2147483648
WEIGHT_BUDGET_SOURCE=ENV
WEIGHT_BUDGET_INPUT=2048
WEIGHT_BUDGET_PARSE=PASS
WEIGHT_BUDGET_MIB=2048
WEIGHT_BUDGET_BYTES=2147483648
WEIGHT_BUDGET_SOURCE=ENV
WEIGHT_BUDGET_INPUT=2048
WEIGHT_BUDGET_PARSE=PASS
WEIGHT_BUDGET_MIB=2048
WEIGHT_BUDGET_BYTES=2147483648
WEIGHT_BUDGET_SOURCE=ENV
WEIGHT_BUDGET_INPUT=2048
WEIGHT_BUDGET_PARSE=PASS
WEIGHT_BUDGET_MIB=2048
WEIGHT_BUDGET_BYTES=2147483648
WEIGHT_BUDGET_SOURCE=ENV
WEIGHT_BUDGET_INPUT=2048
WEIGHT_BUDGET_PARSE=PASS
WEIGHT_BUDGET_MIB=2048
WEIGHT_BUDGET_BYTES=2147483648
WEIGHT_BUDGET_SOURCE=ENV
WEIGHT_BUDGET_INPUT=2048
WEIGHT_BUDGET_PARSE=PASS
WEIGHT_BUDGET_MIB=2048
WEIGHT_BUDGET_BYTES=2147483648
WEIGHT_BUDGET_SOURCE=ENV
WEIGHT_BUDGET_INPUT=2048
WEIGHT_BUDGET_PARSE=PASS
WEIGHT_BUDGET_MIB=2048
WEIGHT_BUDGET_BYTES=2147483648
WEIGHT_BUDGET_SOURCE=ENV
WEIGHT_BUDGET_INPUT=2048
WEIGHT_BUDGET_PARSE=PASS
WEIGHT_BUDGET_MIB=2048
WEIGHT_BUDGET_BYTES=2147483648
WEIGHT_BUDGET_SOURCE=ENV
WEIGHT_BUDGET_INPUT=2048
WEIGHT_BUDGET_PARSE=PASS
WEIGHT_BUDGET_MIB=2048
WEIGHT_BUDGET_BYTES=2147483648
WEIGHT_BUDGET_SOURCE=ENV
HEAP_OK_FINAL_NORM_BEFORE=1
FINAL_NORM_SRC_PTR=00000211F83C0060
FINAL_NORM_DST_PTR=00000211F83C0060
FINAL_NORM_WEIGHT_PTR=00000211A0D30000
FINAL_NORM_WEIGHT_SOURCE=HOST_MAPPED
FINAL_NORM_WEIGHT_FULFILLED=1
FINAL_NORM_WEIGHT_BYTES=12288
FINAL_NORM_WEIGHT_0=1.765625
FINAL_NORM_WEIGHT_1=1.75
FINAL_NORM_WEIGHT_2=1.5625
FINAL_NORM_WEIGHT_3=1.7734375
FINAL_NORM_WEIGHT_L2=91.4481258
FINAL_NORM_SUMSQ=13485.3177
FINAL_NORM_MEAN_SQ=4.38975187
FINAL_NORM_EPS=9.99999975e-06
FINAL_NORM_INV_RMS=0.477286875
FINAL_NORM_SRC_0=0.469675153
FINAL_NORM_DST_0=0.395799786
FINAL_NORM_AFTER_L2=59.157106
HEAP_OK_FINAL_NORM_AFTER=1
HEAP_OK_COMPUTE_LOGITS_ENTER=1
HEAP_OK_LOGITS_LINEARW_BEFORE=1
HEAP_OK_LOGITS_LINEARW_AFTER=1
PERSISTENT_DECODE_TOKEN t=45 kv=82 devices=2 model=1 gpu_res=1 ssvk=1 bind=1 sealed=0 dev_create=1 model_load=1 cmd_rebuild=0 ds_reset=0
RESIDENCY_TOKEN t=45 kv=82 devices=2 model=1 gpu_res=1 dev_create=1 model_load=1 weight_up=197 weight_hit=10881 content_hit=10836 reload_B=0 pin_evict=0 pin_rej=0 res_B=1032192000
BATCH2_PRODUCT_DECODE_BIND=PASS token=45
BIND16_WINDOW_AUTHORITY=1
ROOFLINE_TOKEN t=46 dt_ns=1080851900 wup=197 s0=1230 s1=1066
WEIGHT_BUDGET_INPUT=2048
WEIGHT_BUDGET_PARSE=PASS
WEIGHT_BUDGET_MIB=2048
WEIGHT_BUDGET_BYTES=2147483648
WEIGHT_BUDGET_SOURCE=ENV
WEIGHT_BUDGET_INPUT=2048
WEIGHT_BUDGET_PARSE=PASS
WEIGHT_BUDGET_MIB=2048
WEIGHT_BUDGET_BYTES=2147483648
WEIGHT_BUDGET_SOURCE=ENV
WEIGHT_BUDGET_INPUT=2048
WEIGHT_BUDGET_PARSE=PASS
WEIGHT_BUDGET_MIB=2048
WEIGHT_BUDGET_BYTES=2147483648
WEIGHT_BUDGET_SOURCE=ENV
WEIGHT_BUDGET_INPUT=2048
WEIGHT_BUDGET_PARSE=PASS
WEIGHT_BUDGET_MIB=2048
WEIGHT_BUDGET_BYTES=2147483648
WEIGHT_BUDGET_SOURCE=ENV
WEIGHT_BUDGET_INPUT=2048
WEIGHT_BUDGET_PARSE=PASS
WEIGHT_BUDGET_MIB=2048
WEIGHT_BUDGET_BYTES=2147483648
WEIGHT_BUDGET_SOURCE=ENV
WEIGHT_BUDGET_INPUT=2048
WEIGHT_BUDGET_PARSE=PASS
WEIGHT_BUDGET_MIB=2048
WEIGHT_BUDGET_BYTES=2147483648
WEIGHT_BUDGET_SOURCE=ENV
WEIGHT_BUDGET_INPUT=2048
WEIGHT_BUDGET_PARSE=PASS
WEIGHT_BUDGET_MIB=2048
WEIGHT_BUDGET_BYTES=2147483648
WEIGHT_BUDGET_SOURCE=ENV
WEIGHT_BUDGET_INPUT=2048
WEIGHT_BUDGET_PARSE=PASS
WEIGHT_BUDGET_MIB=2048
WEIGHT_BUDGET_BYTES=2147483648
WEIGHT_BUDGET_SOURCE=ENV
WEIGHT_BUDGET_INPUT=2048
WEIGHT_BUDGET_PARSE=PASS
WEIGHT_BUDGET_MIB=2048
WEIGHT_BUDGET_BYTES=2147483648
WEIGHT_BUDGET_SOURCE=ENV
WEIGHT_BUDGET_INPUT=2048
WEIGHT_BUDGET_PARSE=PASS
WEIGHT_BUDGET_MIB=2048
WEIGHT_BUDGET_BYTES=2147483648
WEIGHT_BUDGET_SOURCE=ENV
WEIGHT_BUDGET_INPUT=2048
WEIGHT_BUDGET_PARSE=PASS
WEIGHT_BUDGET_MIB=2048
WEIGHT_BUDGET_BYTES=2147483648
WEIGHT_BUDGET_SOURCE=ENV
WEIGHT_BUDGET_INPUT=2048
WEIGHT_BUDGET_PARSE=PASS
WEIGHT_BUDGET_MIB=2048
WEIGHT_BUDGET_BYTES=2147483648
WEIGHT_BUDGET_SOURCE=ENV
WEIGHT_BUDGET_INPUT=2048
WEIGHT_BUDGET_PARSE=PASS
WEIGHT_BUDGET_MIB=2048
WEIGHT_BUDGET_BYTES=2147483648
WEIGHT_BUDGET_SOURCE=ENV
WEIGHT_BUDGET_INPUT=2048
WEIGHT_BUDGET_PARSE=PASS
WEIGHT_BUDGET_MIB=2048
WEIGHT_BUDGET_BYTES=2147483648
WEIGHT_BUDGET_SOURCE=ENV
WEIGHT_BUDGET_INPUT=2048
WEIGHT_BUDGET_PARSE=PASS
WEIGHT_BUDGET_MIB=2048
WEIGHT_BUDGET_BYTES=2147483648
WEIGHT_BUDGET_SOURCE=ENV
WEIGHT_BUDGET_INPUT=2048
WEIGHT_BUDGET_PARSE=PASS
WEIGHT_BUDGET_MIB=2048
WEIGHT_BUDGET_BYTES=2147483648
WEIGHT_BUDGET_SOURCE=ENV
WEIGHT_BUDGET_INPUT=2048
WEIGHT_BUDGET_PARSE=PASS
WEIGHT_BUDGET_MIB=2048
WEIGHT_BUDGET_BYTES=2147483648
WEIGHT_BUDGET_SOURCE=ENV
WEIGHT_BUDGET_INPUT=2048
WEIGHT_BUDGET_PARSE=PASS
WEIGHT_BUDGET_MIB=2048
WEIGHT_BUDGET_BYTES=2147483648
WEIGHT_BUDGET_SOURCE=ENV
WEIGHT_BUDGET_INPUT=2048
WEIGHT_BUDGET_PARSE=PASS
WEIGHT_BUDGET_MIB=2048
WEIGHT_BUDGET_BYTES=2147483648
WEIGHT_BUDGET_SOURCE=ENV
WEIGHT_BUDGET_INPUT=2048
WEIGHT_BUDGET_PARSE=PASS
WEIGHT_BUDGET_MIB=2048
WEIGHT_BUDGET_BYTES=2147483648
WEIGHT_BUDGET_SOURCE=ENV
WEIGHT_BUDGET_INPUT=2048
WEIGHT_BUDGET_PARSE=PASS
WEIGHT_BUDGET_MIB=2048
WEIGHT_BUDGET_BYTES=2147483648
WEIGHT_BUDGET_SOURCE=ENV
WEIGHT_BUDGET_INPUT=2048
WEIGHT_BUDGET_PARSE=PASS
WEIGHT_BUDGET_MIB=2048
WEIGHT_BUDGET_BYTES=2147483648
WEIGHT_BUDGET_SOURCE=ENV
WEIGHT_BUDGET_INPUT=2048
WEIGHT_BUDGET_PARSE=PASS
WEIGHT_BUDGET_MIB=2048
WEIGHT_BUDGET_BYTES=2147483648
WEIGHT_BUDGET_SOURCE=ENV
WEIGHT_BUDGET_INPUT=2048
WEIGHT_BUDGET_PARSE=PASS
WEIGHT_BUDGET_MIB=2048
WEIGHT_BUDGET_BYTES=2147483648
WEIGHT_BUDGET_SOURCE=ENV
WEIGHT_BUDGET_INPUT=2048
WEIGHT_BUDGET_PARSE=PASS
WEIGHT_BUDGET_MIB=2048
WEIGHT_BUDGET_BYTES=2147483648
WEIGHT_BUDGET_SOURCE=ENV
WEIGHT_BUDGET_INPUT=2048
WEIGHT_BUDGET_PARSE=PASS
WEIGHT_BUDGET_MIB=2048
WEIGHT_BUDGET_BYTES=2147483648
WEIGHT_BUDGET_SOURCE=ENV
WEIGHT_BUDGET_INPUT=2048
WEIGHT_BUDGET_PARSE=PASS
WEIGHT_BUDGET_MIB=2048
WEIGHT_BUDGET_BYTES=2147483648
WEIGHT_BUDGET_SOURCE=ENV
WEIGHT_BUDGET_INPUT=2048
WEIGHT_BUDGET_PARSE=PASS
WEIGHT_BUDGET_MIB=2048
WEIGHT_BUDGET_BYTES=2147483648
WEIGHT_BUDGET_SOURCE=ENV
WEIGHT_BUDGET_INPUT=2048
WEIGHT_BUDGET_PARSE=PASS
WEIGHT_BUDGET_MIB=2048
WEIGHT_BUDGET_BYTES=2147483648
WEIGHT_BUDGET_SOURCE=ENV
WEIGHT_BUDGET_INPUT=2048
WEIGHT_BUDGET_PARSE=PASS
WEIGHT_BUDGET_MIB=2048
WEIGHT_BUDGET_BYTES=2147483648
WEIGHT_BUDGET_SOURCE=ENV
HEAP_OK_FINAL_NORM_BEFORE=1
FINAL_NORM_SRC_PTR=00000211F83C3060
FINAL_NORM_DST_PTR=00000211F83C3060
FINAL_NORM_WEIGHT_PTR=00000211A0D30000
FINAL_NORM_WEIGHT_SOURCE=HOST_MAPPED
FINAL_NORM_WEIGHT_FULFILLED=1
FINAL_NORM_WEIGHT_BYTES=12288
FINAL_NORM_WEIGHT_0=1.765625
FINAL_NORM_WEIGHT_1=1.75
FINAL_NORM_WEIGHT_2=1.5625
FINAL_NORM_WEIGHT_3=1.7734375
FINAL_NORM_WEIGHT_L2=91.4481258
FINAL_NORM_SUMSQ=13828.2162
FINAL_NORM_MEAN_SQ=4.50137247
FINAL_NORM_EPS=9.99999975e-06
FINAL_NORM_INV_RMS=0.471332133
FINAL_NORM_SRC_0=0.480765104
FINAL_NORM_DST_0=0.400090694
FINAL_NORM_AFTER_L2=59.0388491
HEAP_OK_FINAL_NORM_AFTER=1
HEAP_OK_COMPUTE_LOGITS_ENTER=1
HEAP_OK_LOGITS_LINEARW_BEFORE=1
HEAP_OK_LOGITS_LINEARW_AFTER=1
PERSISTENT_DECODE_TOKEN t=46 kv=83 devices=2 model=1 gpu_res=1 ssvk=1 bind=1 sealed=0 dev_create=1 model_load=1 cmd_rebuild=0 ds_reset=0
RESIDENCY_TOKEN t=46 kv=83 devices=2 model=1 gpu_res=1 dev_create=1 model_load=1 weight_up=197 weight_hit=10966 content_hit=10920 reload_B=0 pin_evict=0 pin_rej=0 res_B=1032192000
BATCH2_PRODUCT_DECODE_BIND=PASS token=46
BIND16_WINDOW_AUTHORITY=1
ROOFLINE_TOKEN t=47 dt_ns=1083695900 wup=197 s0=1245 s1=1079
WEIGHT_BUDGET_INPUT=2048
WEIGHT_BUDGET_PARSE=PASS
WEIGHT_BUDGET_MIB=2048
WEIGHT_BUDGET_BYTES=2147483648
WEIGHT_BUDGET_SOURCE=ENV
WEIGHT_BUDGET_INPUT=2048
WEIGHT_BUDGET_PARSE=PASS
WEIGHT_BUDGET_MIB=2048
WEIGHT_BUDGET_BYTES=2147483648
WEIGHT_BUDGET_SOURCE=ENV
WEIGHT_BUDGET_INPUT=2048
WEIGHT_BUDGET_PARSE=PASS
WEIGHT_BUDGET_MIB=2048
WEIGHT_BUDGET_BYTES=2147483648
WEIGHT_BUDGET_SOURCE=ENV
WEIGHT_BUDGET_INPUT=2048
WEIGHT_BUDGET_PARSE=PASS
WEIGHT_BUDGET_MIB=2048
WEIGHT_BUDGET_BYTES=2147483648
WEIGHT_BUDGET_SOURCE=ENV
WEIGHT_BUDGET_INPUT=2048
WEIGHT_BUDGET_PARSE=PASS
WEIGHT_BUDGET_MIB=2048
WEIGHT_BUDGET_BYTES=2147483648
WEIGHT_BUDGET_SOURCE=ENV
WEIGHT_BUDGET_INPUT=2048
WEIGHT_BUDGET_PARSE=PASS
WEIGHT_BUDGET_MIB=2048
WEIGHT_BUDGET_BYTES=2147483648
WEIGHT_BUDGET_SOURCE=ENV
WEIGHT_BUDGET_INPUT=2048
WEIGHT_BUDGET_PARSE=PASS
WEIGHT_BUDGET_MIB=2048
WEIGHT_BUDGET_BYTES=2147483648
WEIGHT_BUDGET_SOURCE=ENV
WEIGHT_BUDGET_INPUT=2048
WEIGHT_BUDGET_PARSE=PASS
WEIGHT_BUDGET_MIB=2048
WEIGHT_BUDGET_BYTES=2147483648
WEIGHT_BUDGET_SOURCE=ENV
WEIGHT_BUDGET_INPUT=2048
WEIGHT_BUDGET_PARSE=PASS
WEIGHT_BUDGET_MIB=2048
WEIGHT_BUDGET_BYTES=2147483648
WEIGHT_BUDGET_SOURCE=ENV
WEIGHT_BUDGET_INPUT=2048
WEIGHT_BUDGET_PARSE=PASS
WEIGHT_BUDGET_MIB=2048
WEIGHT_BUDGET_BYTES=2147483648
WEIGHT_BUDGET_SOURCE=ENV
WEIGHT_BUDGET_INPUT=2048
WEIGHT_BUDGET_PARSE=PASS
WEIGHT_BUDGET_MIB=2048
WEIGHT_BUDGET_BYTES=2147483648
WEIGHT_BUDGET_SOURCE=ENV
WEIGHT_BUDGET_INPUT=2048
WEIGHT_BUDGET_PARSE=PASS
WEIGHT_BUDGET_MIB=2048
WEIGHT_BUDGET_BYTES=2147483648
WEIGHT_BUDGET_SOURCE=ENV
WEIGHT_BUDGET_INPUT=2048
WEIGHT_BUDGET_PARSE=PASS
WEIGHT_BUDGET_MIB=2048
WEIGHT_BUDGET_BYTES=2147483648
WEIGHT_BUDGET_SOURCE=ENV
WEIGHT_BUDGET_INPUT=2048
WEIGHT_BUDGET_PARSE=PASS
WEIGHT_BUDGET_MIB=2048
WEIGHT_BUDGET_BYTES=2147483648
WEIGHT_BUDGET_SOURCE=ENV
WEIGHT_BUDGET_INPUT=2048
WEIGHT_BUDGET_PARSE=PASS
WEIGHT_BUDGET_MIB=2048
WEIGHT_BUDGET_BYTES=2147483648
WEIGHT_BUDGET_SOURCE=ENV
WEIGHT_BUDGET_INPUT=2048
WEIGHT_BUDGET_PARSE=PASS
WEIGHT_BUDGET_MIB=2048
WEIGHT_BUDGET_BYTES=2147483648
WEIGHT_BUDGET_SOURCE=ENV
WEIGHT_BUDGET_INPUT=2048
WEIGHT_BUDGET_PARSE=PASS
WEIGHT_BUDGET_MIB=2048
WEIGHT_BUDGET_BYTES=2147483648
WEIGHT_BUDGET_SOURCE=ENV
WEIGHT_BUDGET_INPUT=2048
WEIGHT_BUDGET_PARSE=PASS
WEIGHT_BUDGET_MIB=2048
WEIGHT_BUDGET_BYTES=2147483648
WEIGHT_BUDGET_SOURCE=ENV
WEIGHT_BUDGET_INPUT=2048
WEIGHT_BUDGET_PARSE=PASS
WEIGHT_BUDGET_MIB=2048
WEIGHT_BUDGET_BYTES=2147483648
WEIGHT_BUDGET_SOURCE=ENV
WEIGHT_BUDGET_INPUT=2048
WEIGHT_BUDGET_PARSE=PASS
WEIGHT_BUDGET_MIB=2048
WEIGHT_BUDGET_BYTES=2147483648
WEIGHT_BUDGET_SOURCE=ENV
WEIGHT_BUDGET_INPUT=2048
WEIGHT_BUDGET_PARSE=PASS
WEIGHT_BUDGET_MIB=2048
WEIGHT_BUDGET_BYTES=2147483648
WEIGHT_BUDGET_SOURCE=ENV
WEIGHT_BUDGET_INPUT=2048
WEIGHT_BUDGET_PARSE=PASS
WEIGHT_BUDGET_MIB=2048
WEIGHT_BUDGET_BYTES=2147483648
WEIGHT_BUDGET_SOURCE=ENV
WEIGHT_BUDGET_INPUT=2048
WEIGHT_BUDGET_PARSE=PASS
WEIGHT_BUDGET_MIB=2048
WEIGHT_BUDGET_BYTES=2147483648
WEIGHT_BUDGET_SOURCE=ENV
WEIGHT_BUDGET_INPUT=2048
WEIGHT_BUDGET_PARSE=PASS
WEIGHT_BUDGET_MIB=2048
WEIGHT_BUDGET_BYTES=2147483648
WEIGHT_BUDGET_SOURCE=ENV
WEIGHT_BUDGET_INPUT=2048
WEIGHT_BUDGET_PARSE=PASS
WEIGHT_BUDGET_MIB=2048
WEIGHT_BUDGET_BYTES=2147483648
WEIGHT_BUDGET_SOURCE=ENV
WEIGHT_BUDGET_INPUT=2048
WEIGHT_BUDGET_PARSE=PASS
WEIGHT_BUDGET_MIB=2048
WEIGHT_BUDGET_BYTES=2147483648
WEIGHT_BUDGET_SOURCE=ENV
WEIGHT_BUDGET_INPUT=2048
WEIGHT_BUDGET_PARSE=PASS
WEIGHT_BUDGET_MIB=2048
WEIGHT_BUDGET_BYTES=2147483648
WEIGHT_BUDGET_SOURCE=ENV
WEIGHT_BUDGET_INPUT=2048
WEIGHT_BUDGET_PARSE=PASS
WEIGHT_BUDGET_MIB=2048
WEIGHT_BUDGET_BYTES=2147483648
WEIGHT_BUDGET_SOURCE=ENV
WEIGHT_BUDGET_INPUT=2048
WEIGHT_BUDGET_PARSE=PASS
WEIGHT_BUDGET_MIB=2048
WEIGHT_BUDGET_BYTES=2147483648
WEIGHT_BUDGET_SOURCE=ENV
WEIGHT_BUDGET_INPUT=2048
WEIGHT_BUDGET_PARSE=PASS
WEIGHT_BUDGET_MIB=2048
WEIGHT_BUDGET_BYTES=2147483648
WEIGHT_BUDGET_SOURCE=ENV
HEAP_OK_FINAL_NORM_BEFORE=1
FINAL_NORM_SRC_PTR=00000211F83C6060
FINAL_NORM_DST_PTR=00000211F83C6060
FINAL_NORM_WEIGHT_PTR=00000211A0D30000
FINAL_NORM_WEIGHT_SOURCE=HOST_MAPPED
FINAL_NORM_WEIGHT_FULFILLED=1
FINAL_NORM_WEIGHT_BYTES=12288
FINAL_NORM_WEIGHT_0=1.765625
FINAL_NORM_WEIGHT_1=1.75
FINAL_NORM_WEIGHT_2=1.5625
FINAL_NORM_WEIGHT_3=1.7734375
FINAL_NORM_WEIGHT_L2=91.4481258
FINAL_NORM_SUMSQ=14137.5874
FINAL_NORM_MEAN_SQ=4.60207922
FINAL_NORM_EPS=9.99999975e-06
FINAL_NORM_INV_RMS=0.466146529
FINAL_NORM_SRC_0=0.456028759
FINAL_NORM_DST_0=0.375329912
FINAL_NORM_AFTER_L2=58.8918231
HEAP_OK_FINAL_NORM_AFTER=1
HEAP_OK_COMPUTE_LOGITS_ENTER=1
HEAP_OK_LOGITS_LINEARW_BEFORE=1
HEAP_OK_LOGITS_LINEARW_AFTER=1
PERSISTENT_DECODE_TOKEN t=47 kv=84 devices=2 model=1 gpu_res=1 ssvk=1 bind=1 sealed=0 dev_create=1 model_load=1 cmd_rebuild=0 ds_reset=0
RESIDENCY_TOKEN t=47 kv=84 devices=2 model=1 gpu_res=1 dev_create=1 model_load=1 weight_up=197 weight_hit=11051 content_hit=11004 reload_B=0 pin_evict=0 pin_rej=0 res_B=1032192000
BATCH2_PRODUCT_DECODE_BIND=PASS token=47
BIND16_WINDOW_AUTHORITY=1
ROOFLINE_TOKEN t=48 dt_ns=1094778000 wup=197 s0=1260 s1=1092
WEIGHT_BUDGET_INPUT=2048
WEIGHT_BUDGET_PARSE=PASS
WEIGHT_BUDGET_MIB=2048
WEIGHT_BUDGET_BYTES=2147483648
WEIGHT_BUDGET_SOURCE=ENV
WEIGHT_BUDGET_INPUT=2048
WEIGHT_BUDGET_PARSE=PASS
WEIGHT_BUDGET_MIB=2048
WEIGHT_BUDGET_BYTES=2147483648
WEIGHT_BUDGET_SOURCE=ENV
WEIGHT_BUDGET_INPUT=2048
WEIGHT_BUDGET_PARSE=PASS
WEIGHT_BUDGET_MIB=2048
WEIGHT_BUDGET_BYTES=2147483648
WEIGHT_BUDGET_SOURCE=ENV
WEIGHT_BUDGET_INPUT=2048
WEIGHT_BUDGET_PARSE=PASS
WEIGHT_BUDGET_MIB=2048
WEIGHT_BUDGET_BYTES=2147483648
WEIGHT_BUDGET_SOURCE=ENV
WEIGHT_BUDGET_INPUT=2048
WEIGHT_BUDGET_PARSE=PASS
WEIGHT_BUDGET_MIB=2048
WEIGHT_BUDGET_BYTES=2147483648
WEIGHT_BUDGET_SOURCE=ENV
WEIGHT_BUDGET_INPUT=2048
WEIGHT_BUDGET_PARSE=PASS
WEIGHT_BUDGET_MIB=2048
WEIGHT_BUDGET_BYTES=2147483648
WEIGHT_BUDGET_SOURCE=ENV
WEIGHT_BUDGET_INPUT=2048
WEIGHT_BUDGET_PARSE=PASS
WEIGHT_BUDGET_MIB=2048
WEIGHT_BUDGET_BYTES=2147483648
WEIGHT_BUDGET_SOURCE=ENV
WEIGHT_BUDGET_INPUT=2048
WEIGHT_BUDGET_PARSE=PASS
WEIGHT_BUDGET_MIB=2048
WEIGHT_BUDGET_BYTES=2147483648
WEIGHT_BUDGET_SOURCE=ENV
WEIGHT_BUDGET_INPUT=2048
WEIGHT_BUDGET_PARSE=PASS
WEIGHT_BUDGET_MIB=2048
WEIGHT_BUDGET_BYTES=2147483648
WEIGHT_BUDGET_SOURCE=ENV
WEIGHT_BUDGET_INPUT=2048
WEIGHT_BUDGET_PARSE=PASS
WEIGHT_BUDGET_MIB=2048
WEIGHT_BUDGET_BYTES=2147483648
WEIGHT_BUDGET_SOURCE=ENV
WEIGHT_BUDGET_INPUT=2048
WEIGHT_BUDGET_PARSE=PASS
WEIGHT_BUDGET_MIB=2048
WEIGHT_BUDGET_BYTES=2147483648
WEIGHT_BUDGET_SOURCE=ENV
WEIGHT_BUDGET_INPUT=2048
WEIGHT_BUDGET_PARSE=PASS
WEIGHT_BUDGET_MIB=2048
WEIGHT_BUDGET_BYTES=2147483648
WEIGHT_BUDGET_SOURCE=ENV
WEIGHT_BUDGET_INPUT=2048
WEIGHT_BUDGET_PARSE=PASS
WEIGHT_BUDGET_MIB=2048
WEIGHT_BUDGET_BYTES=2147483648
WEIGHT_BUDGET_SOURCE=ENV
WEIGHT_BUDGET_INPUT=2048
WEIGHT_BUDGET_PARSE=PASS
WEIGHT_BUDGET_MIB=2048
WEIGHT_BUDGET_BYTES=2147483648
WEIGHT_BUDGET_SOURCE=ENV
WEIGHT_BUDGET_INPUT=2048
WEIGHT_BUDGET_PARSE=PASS
WEIGHT_BUDGET_MIB=2048
WEIGHT_BUDGET_BYTES=2147483648
WEIGHT_BUDGET_SOURCE=ENV
WEIGHT_BUDGET_INPUT=2048
WEIGHT_BUDGET_PARSE=PASS
WEIGHT_BUDGET_MIB=2048
WEIGHT_BUDGET_BYTES=2147483648
WEIGHT_BUDGET_SOURCE=ENV
WEIGHT_BUDGET_INPUT=2048
WEIGHT_BUDGET_PARSE=PASS
WEIGHT_BUDGET_MIB=2048
WEIGHT_BUDGET_BYTES=2147483648
WEIGHT_BUDGET_SOURCE=ENV
WEIGHT_BUDGET_INPUT=2048
WEIGHT_BUDGET_PARSE=PASS
WEIGHT_BUDGET_MIB=2048
WEIGHT_BUDGET_BYTES=2147483648
WEIGHT_BUDGET_SOURCE=ENV
WEIGHT_BUDGET_INPUT=2048
WEIGHT_BUDGET_PARSE=PASS
WEIGHT_BUDGET_MIB=2048
WEIGHT_BUDGET_BYTES=2147483648
WEIGHT_BUDGET_SOURCE=ENV
WEIGHT_BUDGET_INPUT=2048
WEIGHT_BUDGET_PARSE=PASS
WEIGHT_BUDGET_MIB=2048
WEIGHT_BUDGET_BYTES=2147483648
WEIGHT_BUDGET_SOURCE=ENV
WEIGHT_BUDGET_INPUT=2048
WEIGHT_BUDGET_PARSE=PASS
WEIGHT_BUDGET_MIB=2048
WEIGHT_BUDGET_BYTES=2147483648
WEIGHT_BUDGET_SOURCE=ENV
WEIGHT_BUDGET_INPUT=2048
WEIGHT_BUDGET_PARSE=PASS
WEIGHT_BUDGET_MIB=2048
WEIGHT_BUDGET_BYTES=2147483648
WEIGHT_BUDGET_SOURCE=ENV
WEIGHT_BUDGET_INPUT=2048
WEIGHT_BUDGET_PARSE=PASS
WEIGHT_BUDGET_MIB=2048
WEIGHT_BUDGET_BYTES=2147483648
WEIGHT_BUDGET_SOURCE=ENV
WEIGHT_BUDGET_INPUT=2048
WEIGHT_BUDGET_PARSE=PASS
WEIGHT_BUDGET_MIB=2048
WEIGHT_BUDGET_BYTES=2147483648
WEIGHT_BUDGET_SOURCE=ENV
WEIGHT_BUDGET_INPUT=2048
WEIGHT_BUDGET_PARSE=PASS
WEIGHT_BUDGET_MIB=2048
WEIGHT_BUDGET_BYTES=2147483648
WEIGHT_BUDGET_SOURCE=ENV
WEIGHT_BUDGET_INPUT=2048
WEIGHT_BUDGET_PARSE=PASS
WEIGHT_BUDGET_MIB=2048
WEIGHT_BUDGET_BYTES=2147483648
WEIGHT_BUDGET_SOURCE=ENV
WEIGHT_BUDGET_INPUT=2048
WEIGHT_BUDGET_PARSE=PASS
WEIGHT_BUDGET_MIB=2048
WEIGHT_BUDGET_BYTES=2147483648
WEIGHT_BUDGET_SOURCE=ENV
WEIGHT_BUDGET_INPUT=2048
WEIGHT_BUDGET_PARSE=PASS
WEIGHT_BUDGET_MIB=2048
WEIGHT_BUDGET_BYTES=2147483648
WEIGHT_BUDGET_SOURCE=ENV
WEIGHT_BUDGET_INPUT=2048
WEIGHT_BUDGET_PARSE=PASS
WEIGHT_BUDGET_MIB=2048
WEIGHT_BUDGET_BYTES=2147483648
WEIGHT_BUDGET_SOURCE=ENV
WEIGHT_BUDGET_INPUT=2048
WEIGHT_BUDGET_PARSE=PASS
WEIGHT_BUDGET_MIB=2048
WEIGHT_BUDGET_BYTES=2147483648
WEIGHT_BUDGET_SOURCE=ENV
HEAP_OK_FINAL_NORM_BEFORE=1
FINAL_NORM_SRC_PTR=00000211F83C9060
FINAL_NORM_DST_PTR=00000211F83C9060
FINAL_NORM_WEIGHT_PTR=00000211A0D30000
FINAL_NORM_WEIGHT_SOURCE=HOST_MAPPED
FINAL_NORM_WEIGHT_FULFILLED=1
FINAL_NORM_WEIGHT_BYTES=12288
FINAL_NORM_WEIGHT_0=1.765625
FINAL_NORM_WEIGHT_1=1.75
FINAL_NORM_WEIGHT_2=1.5625
FINAL_NORM_WEIGHT_3=1.7734375
FINAL_NORM_WEIGHT_L2=91.4481258
FINAL_NORM_SUMSQ=14382.5256
FINAL_NORM_MEAN_SQ=4.68181173
FINAL_NORM_EPS=9.99999975e-06
FINAL_NORM_INV_RMS=0.4621602
FINAL_NORM_SRC_0=0.467443138
FINAL_NORM_DST_0=0.381434351
FINAL_NORM_AFTER_L2=58.6601178
HEAP_OK_FINAL_NORM_AFTER=1
HEAP_OK_COMPUTE_LOGITS_ENTER=1
HEAP_OK_LOGITS_LINEARW_BEFORE=1
HEAP_OK_LOGITS_LINEARW_AFTER=1
PERSISTENT_DECODE_TOKEN t=48 kv=85 devices=2 model=1 gpu_res=1 ssvk=1 bind=1 sealed=0 dev_create=1 model_load=1 cmd_rebuild=0 ds_reset=0
RESIDENCY_TOKEN t=48 kv=85 devices=2 model=1 gpu_res=1 dev_create=1 model_load=1 weight_up=197 weight_hit=11136 content_hit=11088 reload_B=0 pin_evict=0 pin_rej=0 res_B=1032192000
BATCH2_PRODUCT_DECODE_BIND=PASS token=48
BIND16_WINDOW_AUTHORITY=1
ROOFLINE_TOKEN t=49 dt_ns=1097048400 wup=197 s0=1275 s1=1105
WEIGHT_BUDGET_INPUT=2048
WEIGHT_BUDGET_PARSE=PASS
WEIGHT_BUDGET_MIB=2048
WEIGHT_BUDGET_BYTES=2147483648
WEIGHT_BUDGET_SOURCE=ENV
WEIGHT_BUDGET_INPUT=2048
WEIGHT_BUDGET_PARSE=PASS
WEIGHT_BUDGET_MIB=2048
WEIGHT_BUDGET_BYTES=2147483648
WEIGHT_BUDGET_SOURCE=ENV
WEIGHT_BUDGET_INPUT=2048
WEIGHT_BUDGET_PARSE=PASS
WEIGHT_BUDGET_MIB=2048
WEIGHT_BUDGET_BYTES=2147483648
WEIGHT_BUDGET_SOURCE=ENV
WEIGHT_BUDGET_INPUT=2048
WEIGHT_BUDGET_PARSE=PASS
WEIGHT_BUDGET_MIB=2048
WEIGHT_BUDGET_BYTES=2147483648
WEIGHT_BUDGET_SOURCE=ENV
WEIGHT_BUDGET_INPUT=2048
WEIGHT_BUDGET_PARSE=PASS
WEIGHT_BUDGET_MIB=2048
WEIGHT_BUDGET_BYTES=2147483648
WEIGHT_BUDGET_SOURCE=ENV
WEIGHT_BUDGET_INPUT=2048
WEIGHT_BUDGET_PARSE=PASS
WEIGHT_BUDGET_MIB=2048
WEIGHT_BUDGET_BYTES=2147483648
WEIGHT_BUDGET_SOURCE=ENV
WEIGHT_BUDGET_INPUT=2048
WEIGHT_BUDGET_PARSE=PASS
WEIGHT_BUDGET_MIB=2048
WEIGHT_BUDGET_BYTES=2147483648
WEIGHT_BUDGET_SOURCE=ENV
WEIGHT_BUDGET_INPUT=2048
WEIGHT_BUDGET_PARSE=PASS
WEIGHT_BUDGET_MIB=2048
WEIGHT_BUDGET_BYTES=2147483648
WEIGHT_BUDGET_SOURCE=ENV
WEIGHT_BUDGET_INPUT=2048
WEIGHT_BUDGET_PARSE=PASS
WEIGHT_BUDGET_MIB=2048
WEIGHT_BUDGET_BYTES=2147483648
WEIGHT_BUDGET_SOURCE=ENV
WEIGHT_BUDGET_INPUT=2048
WEIGHT_BUDGET_PARSE=PASS
WEIGHT_BUDGET_MIB=2048
WEIGHT_BUDGET_BYTES=2147483648
WEIGHT_BUDGET_SOURCE=ENV
WEIGHT_BUDGET_INPUT=2048
WEIGHT_BUDGET_PARSE=PASS
WEIGHT_BUDGET_MIB=2048
WEIGHT_BUDGET_BYTES=2147483648
WEIGHT_BUDGET_SOURCE=ENV
WEIGHT_BUDGET_INPUT=2048
WEIGHT_BUDGET_PARSE=PASS
WEIGHT_BUDGET_MIB=2048
WEIGHT_BUDGET_BYTES=2147483648
WEIGHT_BUDGET_SOURCE=ENV
WEIGHT_BUDGET_INPUT=2048
WEIGHT_BUDGET_PARSE=PASS
WEIGHT_BUDGET_MIB=2048
WEIGHT_BUDGET_BYTES=2147483648
WEIGHT_BUDGET_SOURCE=ENV
WEIGHT_BUDGET_INPUT=2048
WEIGHT_BUDGET_PARSE=PASS
WEIGHT_BUDGET_MIB=2048
WEIGHT_BUDGET_BYTES=2147483648
WEIGHT_BUDGET_SOURCE=ENV
WEIGHT_BUDGET_INPUT=2048
WEIGHT_BUDGET_PARSE=PASS
WEIGHT_BUDGET_MIB=2048
WEIGHT_BUDGET_BYTES=2147483648
WEIGHT_BUDGET_SOURCE=ENV
WEIGHT_BUDGET_INPUT=2048
WEIGHT_BUDGET_PARSE=PASS
WEIGHT_BUDGET_MIB=2048
WEIGHT_BUDGET_BYTES=2147483648
WEIGHT_BUDGET_SOURCE=ENV
WEIGHT_BUDGET_INPUT=2048
WEIGHT_BUDGET_PARSE=PASS
WEIGHT_BUDGET_MIB=2048
WEIGHT_BUDGET_BYTES=2147483648
WEIGHT_BUDGET_SOURCE=ENV
WEIGHT_BUDGET_INPUT=2048
WEIGHT_BUDGET_PARSE=PASS
WEIGHT_BUDGET_MIB=2048
WEIGHT_BUDGET_BYTES=2147483648
WEIGHT_BUDGET_SOURCE=ENV
WEIGHT_BUDGET_INPUT=2048
WEIGHT_BUDGET_PARSE=PASS
WEIGHT_BUDGET_MIB=2048
WEIGHT_BUDGET_BYTES=2147483648
WEIGHT_BUDGET_SOURCE=ENV
WEIGHT_BUDGET_INPUT=2048
WEIGHT_BUDGET_PARSE=PASS
WEIGHT_BUDGET_MIB=2048
WEIGHT_BUDGET_BYTES=2147483648
WEIGHT_BUDGET_SOURCE=ENV
WEIGHT_BUDGET_INPUT=2048
WEIGHT_BUDGET_PARSE=PASS
WEIGHT_BUDGET_MIB=2048
WEIGHT_BUDGET_BYTES=2147483648
WEIGHT_BUDGET_SOURCE=ENV
WEIGHT_BUDGET_INPUT=2048
WEIGHT_BUDGET_PARSE=PASS
WEIGHT_BUDGET_MIB=2048
WEIGHT_BUDGET_BYTES=2147483648
WEIGHT_BUDGET_SOURCE=ENV
WEIGHT_BUDGET_INPUT=2048
WEIGHT_BUDGET_PARSE=PASS
WEIGHT_BUDGET_MIB=2048
WEIGHT_BUDGET_BYTES=2147483648
WEIGHT_BUDGET_SOURCE=ENV
WEIGHT_BUDGET_INPUT=2048
WEIGHT_BUDGET_PARSE=PASS
WEIGHT_BUDGET_MIB=2048
WEIGHT_BUDGET_BYTES=2147483648
WEIGHT_BUDGET_SOURCE=ENV
WEIGHT_BUDGET_INPUT=2048
WEIGHT_BUDGET_PARSE=PASS
WEIGHT_BUDGET_MIB=2048
WEIGHT_BUDGET_BYTES=2147483648
WEIGHT_BUDGET_SOURCE=ENV
WEIGHT_BUDGET_INPUT=2048
WEIGHT_BUDGET_PARSE=PASS
WEIGHT_BUDGET_MIB=2048
WEIGHT_BUDGET_BYTES=2147483648
WEIGHT_BUDGET_SOURCE=ENV
WEIGHT_BUDGET_INPUT=2048
WEIGHT_BUDGET_PARSE=PASS
WEIGHT_BUDGET_MIB=2048
WEIGHT_BUDGET_BYTES=2147483648
WEIGHT_BUDGET_SOURCE=ENV
WEIGHT_BUDGET_INPUT=2048
WEIGHT_BUDGET_PARSE=PASS
WEIGHT_BUDGET_MIB=2048
WEIGHT_BUDGET_BYTES=2147483648
WEIGHT_BUDGET_SOURCE=ENV
WEIGHT_BUDGET_INPUT=2048
WEIGHT_BUDGET_PARSE=PASS
WEIGHT_BUDGET_MIB=2048
WEIGHT_BUDGET_BYTES=2147483648
WEIGHT_BUDGET_SOURCE=ENV
WEIGHT_BUDGET_INPUT=2048
WEIGHT_BUDGET_PARSE=PASS
WEIGHT_BUDGET_MIB=2048
WEIGHT_BUDGET_BYTES=2147483648
WEIGHT_BUDGET_SOURCE=ENV
HEAP_OK_FINAL_NORM_BEFORE=1
FINAL_NORM_SRC_PTR=00000211F83CC060
FINAL_NORM_DST_PTR=00000211F83CC060
FINAL_NORM_WEIGHT_PTR=00000211A0D30000
FINAL_NORM_WEIGHT_SOURCE=HOST_MAPPED
FINAL_NORM_WEIGHT_FULFILLED=1
FINAL_NORM_WEIGHT_BYTES=12288
FINAL_NORM_WEIGHT_0=1.765625
FINAL_NORM_WEIGHT_1=1.75
FINAL_NORM_WEIGHT_2=1.5625
FINAL_NORM_WEIGHT_3=1.7734375
FINAL_NORM_WEIGHT_L2=91.4481258
FINAL_NORM_SUMSQ=14684.4268
FINAL_NORM_MEAN_SQ=4.78008684
FINAL_NORM_EPS=9.99999975e-06
FINAL_NORM_INV_RMS=0.457384735
FINAL_NORM_SRC_0=0.479318768
FINAL_NORM_DST_0=0.387083411
FINAL_NORM_AFTER_L2=58.4106777
HEAP_OK_FINAL_NORM_AFTER=1
HEAP_OK_COMPUTE_LOGITS_ENTER=1
HEAP_OK_LOGITS_LINEARW_BEFORE=1
HEAP_OK_LOGITS_LINEARW_AFTER=1
PERSISTENT_DECODE_TOKEN t=49 kv=86 devices=2 model=1 gpu_res=1 ssvk=1 bind=1 sealed=0 dev_create=1 model_load=1 cmd_rebuild=0 ds_reset=0
RESIDENCY_TOKEN t=49 kv=86 devices=2 model=1 gpu_res=1 dev_create=1 model_load=1 weight_up=197 weight_hit=11221 content_hit=11172 reload_B=0 pin_evict=0 pin_rej=0 res_B=1032192000
BATCH2_PRODUCT_DECODE_BIND=PASS token=49
BIND16_WINDOW_AUTHORITY=1
ROOFLINE_TOKEN t=50 dt_ns=1076754300 wup=197 s0=1290 s1=1118
WEIGHT_BUDGET_INPUT=2048
WEIGHT_BUDGET_PARSE=PASS
WEIGHT_BUDGET_MIB=2048
WEIGHT_BUDGET_BYTES=2147483648
WEIGHT_BUDGET_SOURCE=ENV
WEIGHT_BUDGET_INPUT=2048
WEIGHT_BUDGET_PARSE=PASS
WEIGHT_BUDGET_MIB=2048
WEIGHT_BUDGET_BYTES=2147483648
WEIGHT_BUDGET_SOURCE=ENV
WEIGHT_BUDGET_INPUT=2048
WEIGHT_BUDGET_PARSE=PASS
WEIGHT_BUDGET_MIB=2048
WEIGHT_BUDGET_BYTES=2147483648
WEIGHT_BUDGET_SOURCE=ENV
WEIGHT_BUDGET_INPUT=2048
WEIGHT_BUDGET_PARSE=PASS
WEIGHT_BUDGET_MIB=2048
WEIGHT_BUDGET_BYTES=2147483648
WEIGHT_BUDGET_SOURCE=ENV
WEIGHT_BUDGET_INPUT=2048
WEIGHT_BUDGET_PARSE=PASS
WEIGHT_BUDGET_MIB=2048
WEIGHT_BUDGET_BYTES=2147483648
WEIGHT_BUDGET_SOURCE=ENV
WEIGHT_BUDGET_INPUT=2048
WEIGHT_BUDGET_PARSE=PASS
WEIGHT_BUDGET_MIB=2048
WEIGHT_BUDGET_BYTES=2147483648
WEIGHT_BUDGET_SOURCE=ENV
WEIGHT_BUDGET_INPUT=2048
WEIGHT_BUDGET_PARSE=PASS
WEIGHT_BUDGET_MIB=2048
WEIGHT_BUDGET_BYTES=2147483648
WEIGHT_BUDGET_SOURCE=ENV
WEIGHT_BUDGET_INPUT=2048
WEIGHT_BUDGET_PARSE=PASS
WEIGHT_BUDGET_MIB=2048
WEIGHT_BUDGET_BYTES=2147483648
WEIGHT_BUDGET_SOURCE=ENV
WEIGHT_BUDGET_INPUT=2048
WEIGHT_BUDGET_PARSE=PASS
WEIGHT_BUDGET_MIB=2048
WEIGHT_BUDGET_BYTES=2147483648
WEIGHT_BUDGET_SOURCE=ENV
WEIGHT_BUDGET_INPUT=2048
WEIGHT_BUDGET_PARSE=PASS
WEIGHT_BUDGET_MIB=2048
WEIGHT_BUDGET_BYTES=2147483648
WEIGHT_BUDGET_SOURCE=ENV
WEIGHT_BUDGET_INPUT=2048
WEIGHT_BUDGET_PARSE=PASS
WEIGHT_BUDGET_MIB=2048
WEIGHT_BUDGET_BYTES=2147483648
WEIGHT_BUDGET_SOURCE=ENV
WEIGHT_BUDGET_INPUT=2048
WEIGHT_BUDGET_PARSE=PASS
WEIGHT_BUDGET_MIB=2048
WEIGHT_BUDGET_BYTES=2147483648
WEIGHT_BUDGET_SOURCE=ENV
WEIGHT_BUDGET_INPUT=2048
WEIGHT_BUDGET_PARSE=PASS
WEIGHT_BUDGET_MIB=2048
WEIGHT_BUDGET_BYTES=2147483648
WEIGHT_BUDGET_SOURCE=ENV
WEIGHT_BUDGET_INPUT=2048
WEIGHT_BUDGET_PARSE=PASS
WEIGHT_BUDGET_MIB=2048
WEIGHT_BUDGET_BYTES=2147483648
WEIGHT_BUDGET_SOURCE=ENV
WEIGHT_BUDGET_INPUT=2048
WEIGHT_BUDGET_PARSE=PASS
WEIGHT_BUDGET_MIB=2048
WEIGHT_BUDGET_BYTES=2147483648
WEIGHT_BUDGET_SOURCE=ENV
WEIGHT_BUDGET_INPUT=2048
WEIGHT_BUDGET_PARSE=PASS
WEIGHT_BUDGET_MIB=2048
WEIGHT_BUDGET_BYTES=2147483648
WEIGHT_BUDGET_SOURCE=ENV
WEIGHT_BUDGET_INPUT=2048
WEIGHT_BUDGET_PARSE=PASS
WEIGHT_BUDGET_MIB=2048
WEIGHT_BUDGET_BYTES=2147483648
WEIGHT_BUDGET_SOURCE=ENV
WEIGHT_BUDGET_INPUT=2048
WEIGHT_BUDGET_PARSE=PASS
WEIGHT_BUDGET_MIB=2048
WEIGHT_BUDGET_BYTES=2147483648
WEIGHT_BUDGET_SOURCE=ENV
WEIGHT_BUDGET_INPUT=2048
WEIGHT_BUDGET_PARSE=PASS
WEIGHT_BUDGET_MIB=2048
WEIGHT_BUDGET_BYTES=2147483648
WEIGHT_BUDGET_SOURCE=ENV
WEIGHT_BUDGET_INPUT=2048
WEIGHT_BUDGET_PARSE=PASS
WEIGHT_BUDGET_MIB=2048
WEIGHT_BUDGET_BYTES=2147483648
WEIGHT_BUDGET_SOURCE=ENV
WEIGHT_BUDGET_INPUT=2048
WEIGHT_BUDGET_PARSE=PASS
WEIGHT_BUDGET_MIB=2048
WEIGHT_BUDGET_BYTES=2147483648
WEIGHT_BUDGET_SOURCE=ENV
WEIGHT_BUDGET_INPUT=2048
WEIGHT_BUDGET_PARSE=PASS
WEIGHT_BUDGET_MIB=2048
WEIGHT_BUDGET_BYTES=2147483648
WEIGHT_BUDGET_SOURCE=ENV
WEIGHT_BUDGET_INPUT=2048
WEIGHT_BUDGET_PARSE=PASS
WEIGHT_BUDGET_MIB=2048
WEIGHT_BUDGET_BYTES=2147483648
WEIGHT_BUDGET_SOURCE=ENV
WEIGHT_BUDGET_INPUT=2048
WEIGHT_BUDGET_PARSE=PASS
WEIGHT_BUDGET_MIB=2048
WEIGHT_BUDGET_BYTES=2147483648
WEIGHT_BUDGET_SOURCE=ENV
WEIGHT_BUDGET_INPUT=2048
WEIGHT_BUDGET_PARSE=PASS
WEIGHT_BUDGET_MIB=2048
WEIGHT_BUDGET_BYTES=2147483648
WEIGHT_BUDGET_SOURCE=ENV
WEIGHT_BUDGET_INPUT=2048
WEIGHT_BUDGET_PARSE=PASS
WEIGHT_BUDGET_MIB=2048
WEIGHT_BUDGET_BYTES=2147483648
WEIGHT_BUDGET_SOURCE=ENV
WEIGHT_BUDGET_INPUT=2048
WEIGHT_BUDGET_PARSE=PASS
WEIGHT_BUDGET_MIB=2048
WEIGHT_BUDGET_BYTES=2147483648
WEIGHT_BUDGET_SOURCE=ENV
WEIGHT_BUDGET_INPUT=2048
WEIGHT_BUDGET_PARSE=PASS
WEIGHT_BUDGET_MIB=2048
WEIGHT_BUDGET_BYTES=2147483648
WEIGHT_BUDGET_SOURCE=ENV
WEIGHT_BUDGET_INPUT=2048
WEIGHT_BUDGET_PARSE=PASS
WEIGHT_BUDGET_MIB=2048
WEIGHT_BUDGET_BYTES=2147483648
WEIGHT_BUDGET_SOURCE=ENV
WEIGHT_BUDGET_INPUT=2048
WEIGHT_BUDGET_PARSE=PASS
WEIGHT_BUDGET_MIB=2048
WEIGHT_BUDGET_BYTES=2147483648
WEIGHT_BUDGET_SOURCE=ENV
HEAP_OK_FINAL_NORM_BEFORE=1
FINAL_NORM_SRC_PTR=00000211F83CF060
FINAL_NORM_DST_PTR=00000211F83CF060
FINAL_NORM_WEIGHT_PTR=00000211A0D30000
FINAL_NORM_WEIGHT_SOURCE=HOST_MAPPED
FINAL_NORM_WEIGHT_FULFILLED=1
FINAL_NORM_WEIGHT_BYTES=12288
FINAL_NORM_WEIGHT_0=1.765625
FINAL_NORM_WEIGHT_1=1.75
FINAL_NORM_WEIGHT_2=1.5625
FINAL_NORM_WEIGHT_3=1.7734375
FINAL_NORM_WEIGHT_L2=91.4481258
FINAL_NORM_SUMSQ=15024.4879
FINAL_NORM_MEAN_SQ=4.89078382
FINAL_NORM_EPS=9.99999975e-06
FINAL_NORM_INV_RMS=0.452178925
FINAL_NORM_SRC_0=0.499557763
FINAL_NORM_DST_0=0.398836136
FINAL_NORM_AFTER_L2=58.2054921
HEAP_OK_FINAL_NORM_AFTER=1
HEAP_OK_COMPUTE_LOGITS_ENTER=1
HEAP_OK_LOGITS_LINEARW_BEFORE=1
HEAP_OK_LOGITS_LINEARW_AFTER=1
PERSISTENT_DECODE_TOKEN t=50 kv=87 devices=2 model=1 gpu_res=1 ssvk=1 bind=1 sealed=0 dev_create=1 model_load=1 cmd_rebuild=0 ds_reset=0
RESIDENCY_TOKEN t=50 kv=87 devices=2 model=1 gpu_res=1 dev_create=1 model_load=1 weight_up=197 weight_hit=11306 content_hit=11256 reload_B=0 pin_evict=0 pin_rej=0 res_B=1032192000
BATCH2_PRODUCT_DECODE_BIND=PASS token=50
BIND16_WINDOW_AUTHORITY=1
ROOFLINE_TOKEN t=51 dt_ns=1089454600 wup=197 s0=1305 s1=1131
WEIGHT_BUDGET_INPUT=2048
WEIGHT_BUDGET_PARSE=PASS
WEIGHT_BUDGET_MIB=2048
WEIGHT_BUDGET_BYTES=2147483648
WEIGHT_BUDGET_SOURCE=ENV
WEIGHT_BUDGET_INPUT=2048
WEIGHT_BUDGET_PARSE=PASS
WEIGHT_BUDGET_MIB=2048
WEIGHT_BUDGET_BYTES=2147483648
WEIGHT_BUDGET_SOURCE=ENV
WEIGHT_BUDGET_INPUT=2048
WEIGHT_BUDGET_PARSE=PASS
WEIGHT_BUDGET_MIB=2048
WEIGHT_BUDGET_BYTES=2147483648
WEIGHT_BUDGET_SOURCE=ENV
WEIGHT_BUDGET_INPUT=2048
WEIGHT_BUDGET_PARSE=PASS
WEIGHT_BUDGET_MIB=2048
WEIGHT_BUDGET_BYTES=2147483648
WEIGHT_BUDGET_SOURCE=ENV
WEIGHT_BUDGET_INPUT=2048
WEIGHT_BUDGET_PARSE=PASS
WEIGHT_BUDGET_MIB=2048
WEIGHT_BUDGET_BYTES=2147483648
WEIGHT_BUDGET_SOURCE=ENV
WEIGHT_BUDGET_INPUT=2048
WEIGHT_BUDGET_PARSE=PASS
WEIGHT_BUDGET_MIB=2048
WEIGHT_BUDGET_BYTES=2147483648
WEIGHT_BUDGET_SOURCE=ENV
WEIGHT_BUDGET_INPUT=2048
WEIGHT_BUDGET_PARSE=PASS
WEIGHT_BUDGET_MIB=2048
WEIGHT_BUDGET_BYTES=2147483648
WEIGHT_BUDGET_SOURCE=ENV
WEIGHT_BUDGET_INPUT=2048
WEIGHT_BUDGET_PARSE=PASS
WEIGHT_BUDGET_MIB=2048
WEIGHT_BUDGET_BYTES=2147483648
WEIGHT_BUDGET_SOURCE=ENV
WEIGHT_BUDGET_INPUT=2048
WEIGHT_BUDGET_PARSE=PASS
WEIGHT_BUDGET_MIB=2048
WEIGHT_BUDGET_BYTES=2147483648
WEIGHT_BUDGET_SOURCE=ENV
WEIGHT_BUDGET_INPUT=2048
WEIGHT_BUDGET_PARSE=PASS
WEIGHT_BUDGET_MIB=2048
WEIGHT_BUDGET_BYTES=2147483648
WEIGHT_BUDGET_SOURCE=ENV
WEIGHT_BUDGET_INPUT=2048
WEIGHT_BUDGET_PARSE=PASS
WEIGHT_BUDGET_MIB=2048
WEIGHT_BUDGET_BYTES=2147483648
WEIGHT_BUDGET_SOURCE=ENV
WEIGHT_BUDGET_INPUT=2048
WEIGHT_BUDGET_PARSE=PASS
WEIGHT_BUDGET_MIB=2048
WEIGHT_BUDGET_BYTES=2147483648
WEIGHT_BUDGET_SOURCE=ENV
WEIGHT_BUDGET_INPUT=2048
WEIGHT_BUDGET_PARSE=PASS
WEIGHT_BUDGET_MIB=2048
WEIGHT_BUDGET_BYTES=2147483648
WEIGHT_BUDGET_SOURCE=ENV
WEIGHT_BUDGET_INPUT=2048
WEIGHT_BUDGET_PARSE=PASS
WEIGHT_BUDGET_MIB=2048
WEIGHT_BUDGET_BYTES=2147483648
WEIGHT_BUDGET_SOURCE=ENV
WEIGHT_BUDGET_INPUT=2048
WEIGHT_BUDGET_PARSE=PASS
WEIGHT_BUDGET_MIB=2048
WEIGHT_BUDGET_BYTES=2147483648
WEIGHT_BUDGET_SOURCE=ENV
WEIGHT_BUDGET_INPUT=2048
WEIGHT_BUDGET_PARSE=PASS
WEIGHT_BUDGET_MIB=2048
WEIGHT_BUDGET_BYTES=2147483648
WEIGHT_BUDGET_SOURCE=ENV
WEIGHT_BUDGET_INPUT=2048
WEIGHT_BUDGET_PARSE=PASS
WEIGHT_BUDGET_MIB=2048
WEIGHT_BUDGET_BYTES=2147483648
WEIGHT_BUDGET_SOURCE=ENV
WEIGHT_BUDGET_INPUT=2048
WEIGHT_BUDGET_PARSE=PASS
WEIGHT_BUDGET_MIB=2048
WEIGHT_BUDGET_BYTES=2147483648
WEIGHT_BUDGET_SOURCE=ENV
WEIGHT_BUDGET_INPUT=2048
WEIGHT_BUDGET_PARSE=PASS
WEIGHT_BUDGET_MIB=2048
WEIGHT_BUDGET_BYTES=2147483648
WEIGHT_BUDGET_SOURCE=ENV
WEIGHT_BUDGET_INPUT=2048
WEIGHT_BUDGET_PARSE=PASS
WEIGHT_BUDGET_MIB=2048
WEIGHT_BUDGET_BYTES=2147483648
WEIGHT_BUDGET_SOURCE=ENV
WEIGHT_BUDGET_INPUT=2048
WEIGHT_BUDGET_PARSE=PASS
WEIGHT_BUDGET_MIB=2048
WEIGHT_BUDGET_BYTES=2147483648
WEIGHT_BUDGET_SOURCE=ENV
WEIGHT_BUDGET_INPUT=2048
WEIGHT_BUDGET_PARSE=PASS
WEIGHT_BUDGET_MIB=2048
WEIGHT_BUDGET_BYTES=2147483648
WEIGHT_BUDGET_SOURCE=ENV
WEIGHT_BUDGET_INPUT=2048
WEIGHT_BUDGET_PARSE=PASS
WEIGHT_BUDGET_MIB=2048
WEIGHT_BUDGET_BYTES=2147483648
WEIGHT_BUDGET_SOURCE=ENV
WEIGHT_BUDGET_INPUT=2048
WEIGHT_BUDGET_PARSE=PASS
WEIGHT_BUDGET_MIB=2048
WEIGHT_BUDGET_BYTES=2147483648
WEIGHT_BUDGET_SOURCE=ENV
WEIGHT_BUDGET_INPUT=2048
WEIGHT_BUDGET_PARSE=PASS
WEIGHT_BUDGET_MIB=2048
WEIGHT_BUDGET_BYTES=2147483648
WEIGHT_BUDGET_SOURCE=ENV
WEIGHT_BUDGET_INPUT=2048
WEIGHT_BUDGET_PARSE=PASS
WEIGHT_BUDGET_MIB=2048
WEIGHT_BUDGET_BYTES=2147483648
WEIGHT_BUDGET_SOURCE=ENV
WEIGHT_BUDGET_INPUT=2048
WEIGHT_BUDGET_PARSE=PASS
WEIGHT_BUDGET_MIB=2048
WEIGHT_BUDGET_BYTES=2147483648
WEIGHT_BUDGET_SOURCE=ENV
WEIGHT_BUDGET_INPUT=2048
WEIGHT_BUDGET_PARSE=PASS
WEIGHT_BUDGET_MIB=2048
WEIGHT_BUDGET_BYTES=2147483648
WEIGHT_BUDGET_SOURCE=ENV
WEIGHT_BUDGET_INPUT=2048
WEIGHT_BUDGET_PARSE=PASS
WEIGHT_BUDGET_MIB=2048
WEIGHT_BUDGET_BYTES=2147483648
WEIGHT_BUDGET_SOURCE=ENV
WEIGHT_BUDGET_INPUT=2048
WEIGHT_BUDGET_PARSE=PASS
WEIGHT_BUDGET_MIB=2048
WEIGHT_BUDGET_BYTES=2147483648
WEIGHT_BUDGET_SOURCE=ENV
HEAP_OK_FINAL_NORM_BEFORE=1
FINAL_NORM_SRC_PTR=00000211F83D2060
FINAL_NORM_DST_PTR=00000211F83D2060
FINAL_NORM_WEIGHT_PTR=00000211A0D30000
FINAL_NORM_WEIGHT_SOURCE=HOST_MAPPED
FINAL_NORM_WEIGHT_FULFILLED=1
FINAL_NORM_WEIGHT_BYTES=12288
FINAL_NORM_WEIGHT_0=1.765625
FINAL_NORM_WEIGHT_1=1.75
FINAL_NORM_WEIGHT_2=1.5625
FINAL_NORM_WEIGHT_3=1.7734375
FINAL_NORM_WEIGHT_L2=91.4481258
FINAL_NORM_SUMSQ=15282.7758
FINAL_NORM_MEAN_SQ=4.97486193
FINAL_NORM_EPS=9.99999975e-06
FINAL_NORM_INV_RMS=0.448341608
FINAL_NORM_SRC_0=0.505886436
FINAL_NORM_DST_0=0.400461286
FINAL_NORM_AFTER_L2=58.0612951
HEAP_OK_FINAL_NORM_AFTER=1
HEAP_OK_COMPUTE_LOGITS_ENTER=1
HEAP_OK_LOGITS_LINEARW_BEFORE=1
HEAP_OK_LOGITS_LINEARW_AFTER=1
PERSISTENT_DECODE_TOKEN t=51 kv=88 devices=2 model=1 gpu_res=1 ssvk=1 bind=1 sealed=0 dev_create=1 model_load=1 cmd_rebuild=0 ds_reset=0
RESIDENCY_TOKEN t=51 kv=88 devices=2 model=1 gpu_res=1 dev_create=1 model_load=1 weight_up=197 weight_hit=11391 content_hit=11340 reload_B=0 pin_evict=0 pin_rej=0 res_B=1032192000
BATCH2_PRODUCT_DECODE_BIND=PASS token=51
BIND16_WINDOW_AUTHORITY=1
ROOFLINE_TOKEN t=52 dt_ns=1089727500 wup=197 s0=1320 s1=1144
WEIGHT_BUDGET_INPUT=2048
WEIGHT_BUDGET_PARSE=PASS
WEIGHT_BUDGET_MIB=2048
WEIGHT_BUDGET_BYTES=2147483648
WEIGHT_BUDGET_SOURCE=ENV
WEIGHT_BUDGET_INPUT=2048
WEIGHT_BUDGET_PARSE=PASS
WEIGHT_BUDGET_MIB=2048
WEIGHT_BUDGET_BYTES=2147483648
WEIGHT_BUDGET_SOURCE=ENV
WEIGHT_BUDGET_INPUT=2048
WEIGHT_BUDGET_PARSE=PASS
WEIGHT_BUDGET_MIB=2048
WEIGHT_BUDGET_BYTES=2147483648
WEIGHT_BUDGET_SOURCE=ENV
WEIGHT_BUDGET_INPUT=2048
WEIGHT_BUDGET_PARSE=PASS
WEIGHT_BUDGET_MIB=2048
WEIGHT_BUDGET_BYTES=2147483648
WEIGHT_BUDGET_SOURCE=ENV
WEIGHT_BUDGET_INPUT=2048
WEIGHT_BUDGET_PARSE=PASS
WEIGHT_BUDGET_MIB=2048
WEIGHT_BUDGET_BYTES=2147483648
WEIGHT_BUDGET_SOURCE=ENV
WEIGHT_BUDGET_INPUT=2048
WEIGHT_BUDGET_PARSE=PASS
WEIGHT_BUDGET_MIB=2048
WEIGHT_BUDGET_BYTES=2147483648
WEIGHT_BUDGET_SOURCE=ENV
WEIGHT_BUDGET_INPUT=2048
WEIGHT_BUDGET_PARSE=PASS
WEIGHT_BUDGET_MIB=2048
WEIGHT_BUDGET_BYTES=2147483648
WEIGHT_BUDGET_SOURCE=ENV
WEIGHT_BUDGET_INPUT=2048
WEIGHT_BUDGET_PARSE=PASS
WEIGHT_BUDGET_MIB=2048
WEIGHT_BUDGET_BYTES=2147483648
WEIGHT_BUDGET_SOURCE=ENV
WEIGHT_BUDGET_INPUT=2048
WEIGHT_BUDGET_PARSE=PASS
WEIGHT_BUDGET_MIB=2048
WEIGHT_BUDGET_BYTES=2147483648
WEIGHT_BUDGET_SOURCE=ENV
WEIGHT_BUDGET_INPUT=2048
WEIGHT_BUDGET_PARSE=PASS
WEIGHT_BUDGET_MIB=2048
WEIGHT_BUDGET_BYTES=2147483648
WEIGHT_BUDGET_SOURCE=ENV
WEIGHT_BUDGET_INPUT=2048
WEIGHT_BUDGET_PARSE=PASS
WEIGHT_BUDGET_MIB=2048
WEIGHT_BUDGET_BYTES=2147483648
WEIGHT_BUDGET_SOURCE=ENV
WEIGHT_BUDGET_INPUT=2048
WEIGHT_BUDGET_PARSE=PASS
WEIGHT_BUDGET_MIB=2048
WEIGHT_BUDGET_BYTES=2147483648
WEIGHT_BUDGET_SOURCE=ENV
WEIGHT_BUDGET_INPUT=2048
WEIGHT_BUDGET_PARSE=PASS
WEIGHT_BUDGET_MIB=2048
WEIGHT_BUDGET_BYTES=2147483648
WEIGHT_BUDGET_SOURCE=ENV
WEIGHT_BUDGET_INPUT=2048
WEIGHT_BUDGET_PARSE=PASS
WEIGHT_BUDGET_MIB=2048
WEIGHT_BUDGET_BYTES=2147483648
WEIGHT_BUDGET_SOURCE=ENV
WEIGHT_BUDGET_INPUT=2048
WEIGHT_BUDGET_PARSE=PASS
WEIGHT_BUDGET_MIB=2048
WEIGHT_BUDGET_BYTES=2147483648
WEIGHT_BUDGET_SOURCE=ENV
WEIGHT_BUDGET_INPUT=2048
WEIGHT_BUDGET_PARSE=PASS
WEIGHT_BUDGET_MIB=2048
WEIGHT_BUDGET_BYTES=2147483648
WEIGHT_BUDGET_SOURCE=ENV
WEIGHT_BUDGET_INPUT=2048
WEIGHT_BUDGET_PARSE=PASS
WEIGHT_BUDGET_MIB=2048
WEIGHT_BUDGET_BYTES=2147483648
WEIGHT_BUDGET_SOURCE=ENV
WEIGHT_BUDGET_INPUT=2048
WEIGHT_BUDGET_PARSE=PASS
WEIGHT_BUDGET_MIB=2048
WEIGHT_BUDGET_BYTES=2147483648
WEIGHT_BUDGET_SOURCE=ENV
WEIGHT_BUDGET_INPUT=2048
WEIGHT_BUDGET_PARSE=PASS
WEIGHT_BUDGET_MIB=2048
WEIGHT_BUDGET_BYTES=2147483648
WEIGHT_BUDGET_SOURCE=ENV
WEIGHT_BUDGET_INPUT=2048
WEIGHT_BUDGET_PARSE=PASS
WEIGHT_BUDGET_MIB=2048
WEIGHT_BUDGET_BYTES=2147483648
WEIGHT_BUDGET_SOURCE=ENV
WEIGHT_BUDGET_INPUT=2048
WEIGHT_BUDGET_PARSE=PASS
WEIGHT_BUDGET_MIB=2048
WEIGHT_BUDGET_BYTES=2147483648
WEIGHT_BUDGET_SOURCE=ENV
WEIGHT_BUDGET_INPUT=2048
WEIGHT_BUDGET_PARSE=PASS
WEIGHT_BUDGET_MIB=2048
WEIGHT_BUDGET_BYTES=2147483648
WEIGHT_BUDGET_SOURCE=ENV
WEIGHT_BUDGET_INPUT=2048
WEIGHT_BUDGET_PARSE=PASS
WEIGHT_BUDGET_MIB=2048
WEIGHT_BUDGET_BYTES=2147483648
WEIGHT_BUDGET_SOURCE=ENV
WEIGHT_BUDGET_INPUT=2048
WEIGHT_BUDGET_PARSE=PASS
WEIGHT_BUDGET_MIB=2048
WEIGHT_BUDGET_BYTES=2147483648
WEIGHT_BUDGET_SOURCE=ENV
WEIGHT_BUDGET_INPUT=2048
WEIGHT_BUDGET_PARSE=PASS
WEIGHT_BUDGET_MIB=2048
WEIGHT_BUDGET_BYTES=2147483648
WEIGHT_BUDGET_SOURCE=ENV
WEIGHT_BUDGET_INPUT=2048
WEIGHT_BUDGET_PARSE=PASS
WEIGHT_BUDGET_MIB=2048
WEIGHT_BUDGET_BYTES=2147483648
WEIGHT_BUDGET_SOURCE=ENV
WEIGHT_BUDGET_INPUT=2048
WEIGHT_BUDGET_PARSE=PASS
WEIGHT_BUDGET_MIB=2048
WEIGHT_BUDGET_BYTES=2147483648
WEIGHT_BUDGET_SOURCE=ENV
WEIGHT_BUDGET_INPUT=2048
WEIGHT_BUDGET_PARSE=PASS
WEIGHT_BUDGET_MIB=2048
WEIGHT_BUDGET_BYTES=2147483648
WEIGHT_BUDGET_SOURCE=ENV
WEIGHT_BUDGET_INPUT=2048
WEIGHT_BUDGET_PARSE=PASS
WEIGHT_BUDGET_MIB=2048
WEIGHT_BUDGET_BYTES=2147483648
WEIGHT_BUDGET_SOURCE=ENV
WEIGHT_BUDGET_INPUT=2048
WEIGHT_BUDGET_PARSE=PASS
WEIGHT_BUDGET_MIB=2048
WEIGHT_BUDGET_BYTES=2147483648
WEIGHT_BUDGET_SOURCE=ENV
HEAP_OK_FINAL_NORM_BEFORE=1
FINAL_NORM_SRC_PTR=00000211F83D5060
FINAL_NORM_DST_PTR=00000211F83D5060
FINAL_NORM_WEIGHT_PTR=00000211A0D30000
FINAL_NORM_WEIGHT_SOURCE=HOST_MAPPED
FINAL_NORM_WEIGHT_FULFILLED=1
FINAL_NORM_WEIGHT_BYTES=12288
FINAL_NORM_WEIGHT_0=1.765625
FINAL_NORM_WEIGHT_1=1.75
FINAL_NORM_WEIGHT_2=1.5625
FINAL_NORM_WEIGHT_3=1.7734375
FINAL_NORM_WEIGHT_L2=91.4481258
FINAL_NORM_SUMSQ=15419.4426
FINAL_NORM_MEAN_SQ=5.01934979
FINAL_NORM_EPS=9.99999975e-06
FINAL_NORM_INV_RMS=0.446350336
FINAL_NORM_SRC_0=0.503866315
FINAL_NORM_DST_0=0.397090644
FINAL_NORM_AFTER_L2=57.9326813
HEAP_OK_FINAL_NORM_AFTER=1
HEAP_OK_COMPUTE_LOGITS_ENTER=1
HEAP_OK_LOGITS_LINEARW_BEFORE=1
HEAP_OK_LOGITS_LINEARW_AFTER=1
PERSISTENT_DECODE_TOKEN t=52 kv=89 devices=2 model=1 gpu_res=1 ssvk=1 bind=1 sealed=0 dev_create=1 model_load=1 cmd_rebuild=0 ds_reset=0
RESIDENCY_TOKEN t=52 kv=89 devices=2 model=1 gpu_res=1 dev_create=1 model_load=1 weight_up=197 weight_hit=11476 content_hit=11424 reload_B=0 pin_evict=0 pin_rej=0 res_B=1032192000
BATCH2_PRODUCT_DECODE_BIND=PASS token=52
BIND16_WINDOW_AUTHORITY=1
ROOFLINE_TOKEN t=53 dt_ns=1112307600 wup=197 s0=1335 s1=1157
WEIGHT_BUDGET_INPUT=2048
WEIGHT_BUDGET_PARSE=PASS
WEIGHT_BUDGET_MIB=2048
WEIGHT_BUDGET_BYTES=2147483648
WEIGHT_BUDGET_SOURCE=ENV
WEIGHT_BUDGET_INPUT=2048
WEIGHT_BUDGET_PARSE=PASS
WEIGHT_BUDGET_MIB=2048
WEIGHT_BUDGET_BYTES=2147483648
WEIGHT_BUDGET_SOURCE=ENV
WEIGHT_BUDGET_INPUT=2048
WEIGHT_BUDGET_PARSE=PASS
WEIGHT_BUDGET_MIB=2048
WEIGHT_BUDGET_BYTES=2147483648
WEIGHT_BUDGET_SOURCE=ENV
WEIGHT_BUDGET_INPUT=2048
WEIGHT_BUDGET_PARSE=PASS
WEIGHT_BUDGET_MIB=2048
WEIGHT_BUDGET_BYTES=2147483648
WEIGHT_BUDGET_SOURCE=ENV
WEIGHT_BUDGET_INPUT=2048
WEIGHT_BUDGET_PARSE=PASS
WEIGHT_BUDGET_MIB=2048
WEIGHT_BUDGET_BYTES=2147483648
WEIGHT_BUDGET_SOURCE=ENV
WEIGHT_BUDGET_INPUT=2048
WEIGHT_BUDGET_PARSE=PASS
WEIGHT_BUDGET_MIB=2048
WEIGHT_BUDGET_BYTES=2147483648
WEIGHT_BUDGET_SOURCE=ENV
WEIGHT_BUDGET_INPUT=2048
WEIGHT_BUDGET_PARSE=PASS
WEIGHT_BUDGET_MIB=2048
WEIGHT_BUDGET_BYTES=2147483648
WEIGHT_BUDGET_SOURCE=ENV
WEIGHT_BUDGET_INPUT=2048
WEIGHT_BUDGET_PARSE=PASS
WEIGHT_BUDGET_MIB=2048
WEIGHT_BUDGET_BYTES=2147483648
WEIGHT_BUDGET_SOURCE=ENV
WEIGHT_BUDGET_INPUT=2048
WEIGHT_BUDGET_PARSE=PASS
WEIGHT_BUDGET_MIB=2048
WEIGHT_BUDGET_BYTES=2147483648
WEIGHT_BUDGET_SOURCE=ENV
WEIGHT_BUDGET_INPUT=2048
WEIGHT_BUDGET_PARSE=PASS
WEIGHT_BUDGET_MIB=2048
WEIGHT_BUDGET_BYTES=2147483648
WEIGHT_BUDGET_SOURCE=ENV
WEIGHT_BUDGET_INPUT=2048
WEIGHT_BUDGET_PARSE=PASS
WEIGHT_BUDGET_MIB=2048
WEIGHT_BUDGET_BYTES=2147483648
WEIGHT_BUDGET_SOURCE=ENV
WEIGHT_BUDGET_INPUT=2048
WEIGHT_BUDGET_PARSE=PASS
WEIGHT_BUDGET_MIB=2048
WEIGHT_BUDGET_BYTES=2147483648
WEIGHT_BUDGET_SOURCE=ENV
WEIGHT_BUDGET_INPUT=2048
WEIGHT_BUDGET_PARSE=PASS
WEIGHT_BUDGET_MIB=2048
WEIGHT_BUDGET_BYTES=2147483648
WEIGHT_BUDGET_SOURCE=ENV
WEIGHT_BUDGET_INPUT=2048
WEIGHT_BUDGET_PARSE=PASS
WEIGHT_BUDGET_MIB=2048
WEIGHT_BUDGET_BYTES=2147483648
WEIGHT_BUDGET_SOURCE=ENV
WEIGHT_BUDGET_INPUT=2048
WEIGHT_BUDGET_PARSE=PASS
WEIGHT_BUDGET_MIB=2048
WEIGHT_BUDGET_BYTES=2147483648
WEIGHT_BUDGET_SOURCE=ENV
WEIGHT_BUDGET_INPUT=2048
WEIGHT_BUDGET_PARSE=PASS
WEIGHT_BUDGET_MIB=2048
WEIGHT_BUDGET_BYTES=2147483648
WEIGHT_BUDGET_SOURCE=ENV
WEIGHT_BUDGET_INPUT=2048
WEIGHT_BUDGET_PARSE=PASS
WEIGHT_BUDGET_MIB=2048
WEIGHT_BUDGET_BYTES=2147483648
WEIGHT_BUDGET_SOURCE=ENV
WEIGHT_BUDGET_INPUT=2048
WEIGHT_BUDGET_PARSE=PASS
WEIGHT_BUDGET_MIB=2048
WEIGHT_BUDGET_BYTES=2147483648
WEIGHT_BUDGET_SOURCE=ENV
WEIGHT_BUDGET_INPUT=2048
WEIGHT_BUDGET_PARSE=PASS
WEIGHT_BUDGET_MIB=2048
WEIGHT_BUDGET_BYTES=2147483648
WEIGHT_BUDGET_SOURCE=ENV
WEIGHT_BUDGET_INPUT=2048
WEIGHT_BUDGET_PARSE=PASS
WEIGHT_BUDGET_MIB=2048
WEIGHT_BUDGET_BYTES=2147483648
WEIGHT_BUDGET_SOURCE=ENV
WEIGHT_BUDGET_INPUT=2048
WEIGHT_BUDGET_PARSE=PASS
WEIGHT_BUDGET_MIB=2048
WEIGHT_BUDGET_BYTES=2147483648
WEIGHT_BUDGET_SOURCE=ENV
WEIGHT_BUDGET_INPUT=2048
WEIGHT_BUDGET_PARSE=PASS
WEIGHT_BUDGET_MIB=2048
WEIGHT_BUDGET_BYTES=2147483648
WEIGHT_BUDGET_SOURCE=ENV
WEIGHT_BUDGET_INPUT=2048
WEIGHT_BUDGET_PARSE=PASS
WEIGHT_BUDGET_MIB=2048
WEIGHT_BUDGET_BYTES=2147483648
WEIGHT_BUDGET_SOURCE=ENV
WEIGHT_BUDGET_INPUT=2048
WEIGHT_BUDGET_PARSE=PASS
WEIGHT_BUDGET_MIB=2048
WEIGHT_BUDGET_BYTES=2147483648
WEIGHT_BUDGET_SOURCE=ENV
WEIGHT_BUDGET_INPUT=2048
WEIGHT_BUDGET_PARSE=PASS
WEIGHT_BUDGET_MIB=2048
WEIGHT_BUDGET_BYTES=2147483648
WEIGHT_BUDGET_SOURCE=ENV
WEIGHT_BUDGET_INPUT=2048
WEIGHT_BUDGET_PARSE=PASS
WEIGHT_BUDGET_MIB=2048
WEIGHT_BUDGET_BYTES=2147483648
WEIGHT_BUDGET_SOURCE=ENV
WEIGHT_BUDGET_INPUT=2048
WEIGHT_BUDGET_PARSE=PASS
WEIGHT_BUDGET_MIB=2048
WEIGHT_BUDGET_BYTES=2147483648
WEIGHT_BUDGET_SOURCE=ENV
WEIGHT_BUDGET_INPUT=2048
WEIGHT_BUDGET_PARSE=PASS
WEIGHT_BUDGET_MIB=2048
WEIGHT_BUDGET_BYTES=2147483648
WEIGHT_BUDGET_SOURCE=ENV
WEIGHT_BUDGET_INPUT=2048
WEIGHT_BUDGET_PARSE=PASS
WEIGHT_BUDGET_MIB=2048
WEIGHT_BUDGET_BYTES=2147483648
WEIGHT_BUDGET_SOURCE=ENV
WEIGHT_BUDGET_INPUT=2048
WEIGHT_BUDGET_PARSE=PASS
WEIGHT_BUDGET_MIB=2048
WEIGHT_BUDGET_BYTES=2147483648
WEIGHT_BUDGET_SOURCE=ENV
HEAP_OK_FINAL_NORM_BEFORE=1
FINAL_NORM_SRC_PTR=00000211F83D8060
FINAL_NORM_DST_PTR=00000211F83D8060
FINAL_NORM_WEIGHT_PTR=00000211A0D30000
FINAL_NORM_WEIGHT_SOURCE=HOST_MAPPED
FINAL_NORM_WEIGHT_FULFILLED=1
FINAL_NORM_WEIGHT_BYTES=12288
FINAL_NORM_WEIGHT_0=1.765625
FINAL_NORM_WEIGHT_1=1.75
FINAL_NORM_WEIGHT_2=1.5625
FINAL_NORM_WEIGHT_3=1.7734375
FINAL_NORM_WEIGHT_L2=91.4481258
FINAL_NORM_SUMSQ=15432.4885
FINAL_NORM_MEAN_SQ=5.02359651
FINAL_NORM_EPS=9.99999975e-06
FINAL_NORM_INV_RMS=0.446161598
FINAL_NORM_SRC_0=0.48772949
FINAL_NORM_DST_0=0.384210885
FINAL_NORM_AFTER_L2=57.7637731
HEAP_OK_FINAL_NORM_AFTER=1
HEAP_OK_COMPUTE_LOGITS_ENTER=1
HEAP_OK_LOGITS_LINEARW_BEFORE=1
HEAP_OK_LOGITS_LINEARW_AFTER=1
PERSISTENT_DECODE_TOKEN t=53 kv=90 devices=2 model=1 gpu_res=1 ssvk=1 bind=1 sealed=0 dev_create=1 model_load=1 cmd_rebuild=0 ds_reset=0
RESIDENCY_TOKEN t=53 kv=90 devices=2 model=1 gpu_res=1 dev_create=1 model_load=1 weight_up=197 weight_hit=11561 content_hit=11508 reload_B=0 pin_evict=0 pin_rej=0 res_B=1032192000
BATCH2_PRODUCT_DECODE_BIND=PASS token=53
BIND16_WINDOW_AUTHORITY=1
ROOFLINE_TOKEN t=54 dt_ns=1075954700 wup=197 s0=1350 s1=1170
WEIGHT_BUDGET_INPUT=2048
WEIGHT_BUDGET_PARSE=PASS
WEIGHT_BUDGET_MIB=2048
WEIGHT_BUDGET_BYTES=2147483648
WEIGHT_BUDGET_SOURCE=ENV
WEIGHT_BUDGET_INPUT=2048
WEIGHT_BUDGET_PARSE=PASS
WEIGHT_BUDGET_MIB=2048
WEIGHT_BUDGET_BYTES=2147483648
WEIGHT_BUDGET_SOURCE=ENV
WEIGHT_BUDGET_INPUT=2048
WEIGHT_BUDGET_PARSE=PASS
WEIGHT_BUDGET_MIB=2048
WEIGHT_BUDGET_BYTES=2147483648
WEIGHT_BUDGET_SOURCE=ENV
WEIGHT_BUDGET_INPUT=2048
WEIGHT_BUDGET_PARSE=PASS
WEIGHT_BUDGET_MIB=2048
WEIGHT_BUDGET_BYTES=2147483648
WEIGHT_BUDGET_SOURCE=ENV
WEIGHT_BUDGET_INPUT=2048
WEIGHT_BUDGET_PARSE=PASS
WEIGHT_BUDGET_MIB=2048
WEIGHT_BUDGET_BYTES=2147483648
WEIGHT_BUDGET_SOURCE=ENV
WEIGHT_BUDGET_INPUT=2048
WEIGHT_BUDGET_PARSE=PASS
WEIGHT_BUDGET_MIB=2048
WEIGHT_BUDGET_BYTES=2147483648
WEIGHT_BUDGET_SOURCE=ENV
WEIGHT_BUDGET_INPUT=2048
WEIGHT_BUDGET_PARSE=PASS
WEIGHT_BUDGET_MIB=2048
WEIGHT_BUDGET_BYTES=2147483648
WEIGHT_BUDGET_SOURCE=ENV
WEIGHT_BUDGET_INPUT=2048
WEIGHT_BUDGET_PARSE=PASS
WEIGHT_BUDGET_MIB=2048
WEIGHT_BUDGET_BYTES=2147483648
WEIGHT_BUDGET_SOURCE=ENV
WEIGHT_BUDGET_INPUT=2048
WEIGHT_BUDGET_PARSE=PASS
WEIGHT_BUDGET_MIB=2048
WEIGHT_BUDGET_BYTES=2147483648
WEIGHT_BUDGET_SOURCE=ENV
WEIGHT_BUDGET_INPUT=2048
WEIGHT_BUDGET_PARSE=PASS
WEIGHT_BUDGET_MIB=2048
WEIGHT_BUDGET_BYTES=2147483648
WEIGHT_BUDGET_SOURCE=ENV
WEIGHT_BUDGET_INPUT=2048
WEIGHT_BUDGET_PARSE=PASS
WEIGHT_BUDGET_MIB=2048
WEIGHT_BUDGET_BYTES=2147483648
WEIGHT_BUDGET_SOURCE=ENV
WEIGHT_BUDGET_INPUT=2048
WEIGHT_BUDGET_PARSE=PASS
WEIGHT_BUDGET_MIB=2048
WEIGHT_BUDGET_BYTES=2147483648
WEIGHT_BUDGET_SOURCE=ENV
WEIGHT_BUDGET_INPUT=2048
WEIGHT_BUDGET_PARSE=PASS
WEIGHT_BUDGET_MIB=2048
WEIGHT_BUDGET_BYTES=2147483648
WEIGHT_BUDGET_SOURCE=ENV
WEIGHT_BUDGET_INPUT=2048
WEIGHT_BUDGET_PARSE=PASS
WEIGHT_BUDGET_MIB=2048
WEIGHT_BUDGET_BYTES=2147483648
WEIGHT_BUDGET_SOURCE=ENV
WEIGHT_BUDGET_INPUT=2048
WEIGHT_BUDGET_PARSE=PASS
WEIGHT_BUDGET_MIB=2048
WEIGHT_BUDGET_BYTES=2147483648
WEIGHT_BUDGET_SOURCE=ENV
WEIGHT_BUDGET_INPUT=2048
WEIGHT_BUDGET_PARSE=PASS
WEIGHT_BUDGET_MIB=2048
WEIGHT_BUDGET_BYTES=2147483648
WEIGHT_BUDGET_SOURCE=ENV
WEIGHT_BUDGET_INPUT=2048
WEIGHT_BUDGET_PARSE=PASS
WEIGHT_BUDGET_MIB=2048
WEIGHT_BUDGET_BYTES=2147483648
WEIGHT_BUDGET_SOURCE=ENV
WEIGHT_BUDGET_INPUT=2048
WEIGHT_BUDGET_PARSE=PASS
WEIGHT_BUDGET_MIB=2048
WEIGHT_BUDGET_BYTES=2147483648
WEIGHT_BUDGET_SOURCE=ENV
WEIGHT_BUDGET_INPUT=2048
WEIGHT_BUDGET_PARSE=PASS
WEIGHT_BUDGET_MIB=2048
WEIGHT_BUDGET_BYTES=2147483648
WEIGHT_BUDGET_SOURCE=ENV
WEIGHT_BUDGET_INPUT=2048
WEIGHT_BUDGET_PARSE=PASS
WEIGHT_BUDGET_MIB=2048
WEIGHT_BUDGET_BYTES=2147483648
WEIGHT_BUDGET_SOURCE=ENV
WEIGHT_BUDGET_INPUT=2048
WEIGHT_BUDGET_PARSE=PASS
WEIGHT_BUDGET_MIB=2048
WEIGHT_BUDGET_BYTES=2147483648
WEIGHT_BUDGET_SOURCE=ENV
WEIGHT_BUDGET_INPUT=2048
WEIGHT_BUDGET_PARSE=PASS
WEIGHT_BUDGET_MIB=2048
WEIGHT_BUDGET_BYTES=2147483648
WEIGHT_BUDGET_SOURCE=ENV
WEIGHT_BUDGET_INPUT=2048
WEIGHT_BUDGET_PARSE=PASS
WEIGHT_BUDGET_MIB=2048
WEIGHT_BUDGET_BYTES=2147483648
WEIGHT_BUDGET_SOURCE=ENV
WEIGHT_BUDGET_INPUT=2048
WEIGHT_BUDGET_PARSE=PASS
WEIGHT_BUDGET_MIB=2048
WEIGHT_BUDGET_BYTES=2147483648
WEIGHT_BUDGET_SOURCE=ENV
WEIGHT_BUDGET_INPUT=2048
WEIGHT_BUDGET_PARSE=PASS
WEIGHT_BUDGET_MIB=2048
WEIGHT_BUDGET_BYTES=2147483648
WEIGHT_BUDGET_SOURCE=ENV
WEIGHT_BUDGET_INPUT=2048
WEIGHT_BUDGET_PARSE=PASS
WEIGHT_BUDGET_MIB=2048
WEIGHT_BUDGET_BYTES=2147483648
WEIGHT_BUDGET_SOURCE=ENV
WEIGHT_BUDGET_INPUT=2048
WEIGHT_BUDGET_PARSE=PASS
WEIGHT_BUDGET_MIB=2048
WEIGHT_BUDGET_BYTES=2147483648
WEIGHT_BUDGET_SOURCE=ENV
WEIGHT_BUDGET_INPUT=2048
WEIGHT_BUDGET_PARSE=PASS
WEIGHT_BUDGET_MIB=2048
WEIGHT_BUDGET_BYTES=2147483648
WEIGHT_BUDGET_SOURCE=ENV
WEIGHT_BUDGET_INPUT=2048
WEIGHT_BUDGET_PARSE=PASS
WEIGHT_BUDGET_MIB=2048
WEIGHT_BUDGET_BYTES=2147483648
WEIGHT_BUDGET_SOURCE=ENV
WEIGHT_BUDGET_INPUT=2048
WEIGHT_BUDGET_PARSE=PASS
WEIGHT_BUDGET_MIB=2048
WEIGHT_BUDGET_BYTES=2147483648
WEIGHT_BUDGET_SOURCE=ENV
HEAP_OK_FINAL_NORM_BEFORE=1
FINAL_NORM_SRC_PTR=00000211F83DB060
FINAL_NORM_DST_PTR=00000211F83DB060
FINAL_NORM_WEIGHT_PTR=00000211A0D30000
FINAL_NORM_WEIGHT_SOURCE=HOST_MAPPED
FINAL_NORM_WEIGHT_FULFILLED=1
FINAL_NORM_WEIGHT_BYTES=12288
FINAL_NORM_WEIGHT_0=1.765625
FINAL_NORM_WEIGHT_1=1.75
FINAL_NORM_WEIGHT_2=1.5625
FINAL_NORM_WEIGHT_3=1.7734375
FINAL_NORM_WEIGHT_L2=91.4481258
FINAL_NORM_SUMSQ=15380.6733
FINAL_NORM_MEAN_SQ=5.00672958
FINAL_NORM_EPS=9.99999975e-06
FINAL_NORM_INV_RMS=0.446912467
FINAL_NORM_SRC_0=0.467114776
FINAL_NORM_DST_0=0.368590832
FINAL_NORM_AFTER_L2=57.5695346
HEAP_OK_FINAL_NORM_AFTER=1
HEAP_OK_COMPUTE_LOGITS_ENTER=1
HEAP_OK_LOGITS_LINEARW_BEFORE=1
HEAP_OK_LOGITS_LINEARW_AFTER=1
PERSISTENT_DECODE_TOKEN t=54 kv=91 devices=2 model=1 gpu_res=1 ssvk=1 bind=1 sealed=0 dev_create=1 model_load=1 cmd_rebuild=0 ds_reset=0
RESIDENCY_TOKEN t=54 kv=91 devices=2 model=1 gpu_res=1 dev_create=1 model_load=1 weight_up=197 weight_hit=11646 content_hit=11592 reload_B=0 pin_evict=0 pin_rej=0 res_B=1032192000
BATCH2_PRODUCT_DECODE_BIND=PASS token=54
BIND16_WINDOW_AUTHORITY=1
ROOFLINE_TOKEN t=55 dt_ns=1099582300 wup=197 s0=1365 s1=1183
WEIGHT_BUDGET_INPUT=2048
WEIGHT_BUDGET_PARSE=PASS
WEIGHT_BUDGET_MIB=2048
WEIGHT_BUDGET_BYTES=2147483648
WEIGHT_BUDGET_SOURCE=ENV
WEIGHT_BUDGET_INPUT=2048
WEIGHT_BUDGET_PARSE=PASS
WEIGHT_BUDGET_MIB=2048
WEIGHT_BUDGET_BYTES=2147483648
WEIGHT_BUDGET_SOURCE=ENV
WEIGHT_BUDGET_INPUT=2048
WEIGHT_BUDGET_PARSE=PASS
WEIGHT_BUDGET_MIB=2048
WEIGHT_BUDGET_BYTES=2147483648
WEIGHT_BUDGET_SOURCE=ENV
WEIGHT_BUDGET_INPUT=2048
WEIGHT_BUDGET_PARSE=PASS
WEIGHT_BUDGET_MIB=2048
WEIGHT_BUDGET_BYTES=2147483648
WEIGHT_BUDGET_SOURCE=ENV
WEIGHT_BUDGET_INPUT=2048
WEIGHT_BUDGET_PARSE=PASS
WEIGHT_BUDGET_MIB=2048
WEIGHT_BUDGET_BYTES=2147483648
WEIGHT_BUDGET_SOURCE=ENV
WEIGHT_BUDGET_INPUT=2048
WEIGHT_BUDGET_PARSE=PASS
WEIGHT_BUDGET_MIB=2048
WEIGHT_BUDGET_BYTES=2147483648
WEIGHT_BUDGET_SOURCE=ENV
WEIGHT_BUDGET_INPUT=2048
WEIGHT_BUDGET_PARSE=PASS
WEIGHT_BUDGET_MIB=2048
WEIGHT_BUDGET_BYTES=2147483648
WEIGHT_BUDGET_SOURCE=ENV
WEIGHT_BUDGET_INPUT=2048
WEIGHT_BUDGET_PARSE=PASS
WEIGHT_BUDGET_MIB=2048
WEIGHT_BUDGET_BYTES=2147483648
WEIGHT_BUDGET_SOURCE=ENV
WEIGHT_BUDGET_INPUT=2048
WEIGHT_BUDGET_PARSE=PASS
WEIGHT_BUDGET_MIB=2048
WEIGHT_BUDGET_BYTES=2147483648
WEIGHT_BUDGET_SOURCE=ENV
WEIGHT_BUDGET_INPUT=2048
WEIGHT_BUDGET_PARSE=PASS
WEIGHT_BUDGET_MIB=2048
WEIGHT_BUDGET_BYTES=2147483648
WEIGHT_BUDGET_SOURCE=ENV
WEIGHT_BUDGET_INPUT=2048
WEIGHT_BUDGET_PARSE=PASS
WEIGHT_BUDGET_MIB=2048
WEIGHT_BUDGET_BYTES=2147483648
WEIGHT_BUDGET_SOURCE=ENV
WEIGHT_BUDGET_INPUT=2048
WEIGHT_BUDGET_PARSE=PASS
WEIGHT_BUDGET_MIB=2048
WEIGHT_BUDGET_BYTES=2147483648
WEIGHT_BUDGET_SOURCE=ENV
WEIGHT_BUDGET_INPUT=2048
WEIGHT_BUDGET_PARSE=PASS
WEIGHT_BUDGET_MIB=2048
WEIGHT_BUDGET_BYTES=2147483648
WEIGHT_BUDGET_SOURCE=ENV
WEIGHT_BUDGET_INPUT=2048
WEIGHT_BUDGET_PARSE=PASS
WEIGHT_BUDGET_MIB=2048
WEIGHT_BUDGET_BYTES=2147483648
WEIGHT_BUDGET_SOURCE=ENV
WEIGHT_BUDGET_INPUT=2048
WEIGHT_BUDGET_PARSE=PASS
WEIGHT_BUDGET_MIB=2048
WEIGHT_BUDGET_BYTES=2147483648
WEIGHT_BUDGET_SOURCE=ENV
WEIGHT_BUDGET_INPUT=2048
WEIGHT_BUDGET_PARSE=PASS
WEIGHT_BUDGET_MIB=2048
WEIGHT_BUDGET_BYTES=2147483648
WEIGHT_BUDGET_SOURCE=ENV
WEIGHT_BUDGET_INPUT=2048
WEIGHT_BUDGET_PARSE=PASS
WEIGHT_BUDGET_MIB=2048
WEIGHT_BUDGET_BYTES=2147483648
WEIGHT_BUDGET_SOURCE=ENV
WEIGHT_BUDGET_INPUT=2048
WEIGHT_BUDGET_PARSE=PASS
WEIGHT_BUDGET_MIB=2048
WEIGHT_BUDGET_BYTES=2147483648
WEIGHT_BUDGET_SOURCE=ENV
WEIGHT_BUDGET_INPUT=2048
WEIGHT_BUDGET_PARSE=PASS
WEIGHT_BUDGET_MIB=2048
WEIGHT_BUDGET_BYTES=2147483648
WEIGHT_BUDGET_SOURCE=ENV
WEIGHT_BUDGET_INPUT=2048
WEIGHT_BUDGET_PARSE=PASS
WEIGHT_BUDGET_MIB=2048
WEIGHT_BUDGET_BYTES=2147483648
WEIGHT_BUDGET_SOURCE=ENV
WEIGHT_BUDGET_INPUT=2048
WEIGHT_BUDGET_PARSE=PASS
WEIGHT_BUDGET_MIB=2048
WEIGHT_BUDGET_BYTES=2147483648
WEIGHT_BUDGET_SOURCE=ENV
WEIGHT_BUDGET_INPUT=2048
WEIGHT_BUDGET_PARSE=PASS
WEIGHT_BUDGET_MIB=2048
WEIGHT_BUDGET_BYTES=2147483648
WEIGHT_BUDGET_SOURCE=ENV
WEIGHT_BUDGET_INPUT=2048
WEIGHT_BUDGET_PARSE=PASS
WEIGHT_BUDGET_MIB=2048
WEIGHT_BUDGET_BYTES=2147483648
WEIGHT_BUDGET_SOURCE=ENV
WEIGHT_BUDGET_INPUT=2048
WEIGHT_BUDGET_PARSE=PASS
WEIGHT_BUDGET_MIB=2048
WEIGHT_BUDGET_BYTES=2147483648
WEIGHT_BUDGET_SOURCE=ENV
WEIGHT_BUDGET_INPUT=2048
WEIGHT_BUDGET_PARSE=PASS
WEIGHT_BUDGET_MIB=2048
WEIGHT_BUDGET_BYTES=2147483648
WEIGHT_BUDGET_SOURCE=ENV
WEIGHT_BUDGET_INPUT=2048
WEIGHT_BUDGET_PARSE=PASS
WEIGHT_BUDGET_MIB=2048
WEIGHT_BUDGET_BYTES=2147483648
WEIGHT_BUDGET_SOURCE=ENV
WEIGHT_BUDGET_INPUT=2048
WEIGHT_BUDGET_PARSE=PASS
WEIGHT_BUDGET_MIB=2048
WEIGHT_BUDGET_BYTES=2147483648
WEIGHT_BUDGET_SOURCE=ENV
WEIGHT_BUDGET_INPUT=2048
WEIGHT_BUDGET_PARSE=PASS
WEIGHT_BUDGET_MIB=2048
WEIGHT_BUDGET_BYTES=2147483648
WEIGHT_BUDGET_SOURCE=ENV
WEIGHT_BUDGET_INPUT=2048
WEIGHT_BUDGET_PARSE=PASS
WEIGHT_BUDGET_MIB=2048
WEIGHT_BUDGET_BYTES=2147483648
WEIGHT_BUDGET_SOURCE=ENV
WEIGHT_BUDGET_INPUT=2048
WEIGHT_BUDGET_PARSE=PASS
WEIGHT_BUDGET_MIB=2048
WEIGHT_BUDGET_BYTES=2147483648
WEIGHT_BUDGET_SOURCE=ENV
HEAP_OK_FINAL_NORM_BEFORE=1
FINAL_NORM_SRC_PTR=00000211F83DE060
FINAL_NORM_DST_PTR=00000211F83DE060
FINAL_NORM_WEIGHT_PTR=00000211A0D30000
FINAL_NORM_WEIGHT_SOURCE=HOST_MAPPED
FINAL_NORM_WEIGHT_FULFILLED=1
FINAL_NORM_WEIGHT_BYTES=12288
FINAL_NORM_WEIGHT_0=1.765625
FINAL_NORM_WEIGHT_1=1.75
FINAL_NORM_WEIGHT_2=1.5625
FINAL_NORM_WEIGHT_3=1.7734375
FINAL_NORM_WEIGHT_L2=91.4481258
FINAL_NORM_SUMSQ=15314.4587
FINAL_NORM_MEAN_SQ=4.98517535
FINAL_NORM_EPS=9.99999975e-06
FINAL_NORM_INV_RMS=0.447877616
FINAL_NORM_SRC_0=0.446768224
FINAL_NORM_DST_0=0.353297114
FINAL_NORM_AFTER_L2=57.3941872
HEAP_OK_FINAL_NORM_AFTER=1
HEAP_OK_COMPUTE_LOGITS_ENTER=1
HEAP_OK_LOGITS_LINEARW_BEFORE=1
HEAP_OK_LOGITS_LINEARW_AFTER=1
PERSISTENT_DECODE_TOKEN t=55 kv=92 devices=2 model=1 gpu_res=1 ssvk=1 bind=1 sealed=0 dev_create=1 model_load=1 cmd_rebuild=0 ds_reset=0
RESIDENCY_TOKEN t=55 kv=92 devices=2 model=1 gpu_res=1 dev_create=1 model_load=1 weight_up=197 weight_hit=11731 content_hit=11676 reload_B=0 pin_evict=0 pin_rej=0 res_B=1032192000
BATCH2_PRODUCT_DECODE_BIND=PASS token=55
BIND16_WINDOW_AUTHORITY=1
ROOFLINE_TOKEN t=56 dt_ns=1106048500 wup=197 s0=1380 s1=1196
WEIGHT_BUDGET_INPUT=2048
WEIGHT_BUDGET_PARSE=PASS
WEIGHT_BUDGET_MIB=2048
WEIGHT_BUDGET_BYTES=2147483648
WEIGHT_BUDGET_SOURCE=ENV
WEIGHT_BUDGET_INPUT=2048
WEIGHT_BUDGET_PARSE=PASS
WEIGHT_BUDGET_MIB=2048
WEIGHT_BUDGET_BYTES=2147483648
WEIGHT_BUDGET_SOURCE=ENV
WEIGHT_BUDGET_INPUT=2048
WEIGHT_BUDGET_PARSE=PASS
WEIGHT_BUDGET_MIB=2048
WEIGHT_BUDGET_BYTES=2147483648
WEIGHT_BUDGET_SOURCE=ENV
WEIGHT_BUDGET_INPUT=2048
WEIGHT_BUDGET_PARSE=PASS
WEIGHT_BUDGET_MIB=2048
WEIGHT_BUDGET_BYTES=2147483648
WEIGHT_BUDGET_SOURCE=ENV
WEIGHT_BUDGET_INPUT=2048
WEIGHT_BUDGET_PARSE=PASS
WEIGHT_BUDGET_MIB=2048
WEIGHT_BUDGET_BYTES=2147483648
WEIGHT_BUDGET_SOURCE=ENV
WEIGHT_BUDGET_INPUT=2048
WEIGHT_BUDGET_PARSE=PASS
WEIGHT_BUDGET_MIB=2048
WEIGHT_BUDGET_BYTES=2147483648
WEIGHT_BUDGET_SOURCE=ENV
WEIGHT_BUDGET_INPUT=2048
WEIGHT_BUDGET_PARSE=PASS
WEIGHT_BUDGET_MIB=2048
WEIGHT_BUDGET_BYTES=2147483648
WEIGHT_BUDGET_SOURCE=ENV
WEIGHT_BUDGET_INPUT=2048
WEIGHT_BUDGET_PARSE=PASS
WEIGHT_BUDGET_MIB=2048
WEIGHT_BUDGET_BYTES=2147483648
WEIGHT_BUDGET_SOURCE=ENV
WEIGHT_BUDGET_INPUT=2048
WEIGHT_BUDGET_PARSE=PASS
WEIGHT_BUDGET_MIB=2048
WEIGHT_BUDGET_BYTES=2147483648
WEIGHT_BUDGET_SOURCE=ENV
WEIGHT_BUDGET_INPUT=2048
WEIGHT_BUDGET_PARSE=PASS
WEIGHT_BUDGET_MIB=2048
WEIGHT_BUDGET_BYTES=2147483648
WEIGHT_BUDGET_SOURCE=ENV
WEIGHT_BUDGET_INPUT=2048
WEIGHT_BUDGET_PARSE=PASS
WEIGHT_BUDGET_MIB=2048
WEIGHT_BUDGET_BYTES=2147483648
WEIGHT_BUDGET_SOURCE=ENV
WEIGHT_BUDGET_INPUT=2048
WEIGHT_BUDGET_PARSE=PASS
WEIGHT_BUDGET_MIB=2048
WEIGHT_BUDGET_BYTES=2147483648
WEIGHT_BUDGET_SOURCE=ENV
WEIGHT_BUDGET_INPUT=2048
WEIGHT_BUDGET_PARSE=PASS
WEIGHT_BUDGET_MIB=2048
WEIGHT_BUDGET_BYTES=2147483648
WEIGHT_BUDGET_SOURCE=ENV
WEIGHT_BUDGET_INPUT=2048
WEIGHT_BUDGET_PARSE=PASS
WEIGHT_BUDGET_MIB=2048
WEIGHT_BUDGET_BYTES=2147483648
WEIGHT_BUDGET_SOURCE=ENV
WEIGHT_BUDGET_INPUT=2048
WEIGHT_BUDGET_PARSE=PASS
WEIGHT_BUDGET_MIB=2048
WEIGHT_BUDGET_BYTES=2147483648
WEIGHT_BUDGET_SOURCE=ENV
WEIGHT_BUDGET_INPUT=2048
WEIGHT_BUDGET_PARSE=PASS
WEIGHT_BUDGET_MIB=2048
WEIGHT_BUDGET_BYTES=2147483648
WEIGHT_BUDGET_SOURCE=ENV
WEIGHT_BUDGET_INPUT=2048
WEIGHT_BUDGET_PARSE=PASS
WEIGHT_BUDGET_MIB=2048
WEIGHT_BUDGET_BYTES=2147483648
WEIGHT_BUDGET_SOURCE=ENV
WEIGHT_BUDGET_INPUT=2048
WEIGHT_BUDGET_PARSE=PASS
WEIGHT_BUDGET_MIB=2048
WEIGHT_BUDGET_BYTES=2147483648
WEIGHT_BUDGET_SOURCE=ENV
WEIGHT_BUDGET_INPUT=2048
WEIGHT_BUDGET_PARSE=PASS
WEIGHT_BUDGET_MIB=2048
WEIGHT_BUDGET_BYTES=2147483648
WEIGHT_BUDGET_SOURCE=ENV
WEIGHT_BUDGET_INPUT=2048
WEIGHT_BUDGET_PARSE=PASS
WEIGHT_BUDGET_MIB=2048
WEIGHT_BUDGET_BYTES=2147483648
WEIGHT_BUDGET_SOURCE=ENV
WEIGHT_BUDGET_INPUT=2048
WEIGHT_BUDGET_PARSE=PASS
WEIGHT_BUDGET_MIB=2048
WEIGHT_BUDGET_BYTES=2147483648
WEIGHT_BUDGET_SOURCE=ENV
WEIGHT_BUDGET_INPUT=2048
WEIGHT_BUDGET_PARSE=PASS
WEIGHT_BUDGET_MIB=2048
WEIGHT_BUDGET_BYTES=2147483648
WEIGHT_BUDGET_SOURCE=ENV
WEIGHT_BUDGET_INPUT=2048
WEIGHT_BUDGET_PARSE=PASS
WEIGHT_BUDGET_MIB=2048
WEIGHT_BUDGET_BYTES=2147483648
WEIGHT_BUDGET_SOURCE=ENV
WEIGHT_BUDGET_INPUT=2048
WEIGHT_BUDGET_PARSE=PASS
WEIGHT_BUDGET_MIB=2048
WEIGHT_BUDGET_BYTES=2147483648
WEIGHT_BUDGET_SOURCE=ENV
WEIGHT_BUDGET_INPUT=2048
WEIGHT_BUDGET_PARSE=PASS
WEIGHT_BUDGET_MIB=2048
WEIGHT_BUDGET_BYTES=2147483648
WEIGHT_BUDGET_SOURCE=ENV
WEIGHT_BUDGET_INPUT=2048
WEIGHT_BUDGET_PARSE=PASS
WEIGHT_BUDGET_MIB=2048
WEIGHT_BUDGET_BYTES=2147483648
WEIGHT_BUDGET_SOURCE=ENV
WEIGHT_BUDGET_INPUT=2048
WEIGHT_BUDGET_PARSE=PASS
WEIGHT_BUDGET_MIB=2048
WEIGHT_BUDGET_BYTES=2147483648
WEIGHT_BUDGET_SOURCE=ENV
WEIGHT_BUDGET_INPUT=2048
WEIGHT_BUDGET_PARSE=PASS
WEIGHT_BUDGET_MIB=2048
WEIGHT_BUDGET_BYTES=2147483648
WEIGHT_BUDGET_SOURCE=ENV
WEIGHT_BUDGET_INPUT=2048
WEIGHT_BUDGET_PARSE=PASS
WEIGHT_BUDGET_MIB=2048
WEIGHT_BUDGET_BYTES=2147483648
WEIGHT_BUDGET_SOURCE=ENV
WEIGHT_BUDGET_INPUT=2048
WEIGHT_BUDGET_PARSE=PASS
WEIGHT_BUDGET_MIB=2048
WEIGHT_BUDGET_BYTES=2147483648
WEIGHT_BUDGET_SOURCE=ENV
HEAP_OK_FINAL_NORM_BEFORE=1
FINAL_NORM_SRC_PTR=00000211F83E1060
FINAL_NORM_DST_PTR=00000211F83E1060
FINAL_NORM_WEIGHT_PTR=00000211A0D30000
FINAL_NORM_WEIGHT_SOURCE=HOST_MAPPED
FINAL_NORM_WEIGHT_FULFILLED=1
FINAL_NORM_WEIGHT_BYTES=12288
FINAL_NORM_WEIGHT_0=1.765625
FINAL_NORM_WEIGHT_1=1.75
FINAL_NORM_WEIGHT_2=1.5625
FINAL_NORM_WEIGHT_3=1.7734375
FINAL_NORM_WEIGHT_L2=91.4481258
FINAL_NORM_SUMSQ=14940.9864
FINAL_NORM_MEAN_SQ=4.86360234
FINAL_NORM_EPS=9.99999975e-06
FINAL_NORM_INV_RMS=0.453440726
FINAL_NORM_SRC_0=0.433119833
FINAL_NORM_DST_0=0.346758455
FINAL_NORM_AFTER_L2=57.3286822
HEAP_OK_FINAL_NORM_AFTER=1
HEAP_OK_COMPUTE_LOGITS_ENTER=1
HEAP_OK_LOGITS_LINEARW_BEFORE=1
HEAP_OK_LOGITS_LINEARW_AFTER=1
PERSISTENT_DECODE_TOKEN t=56 kv=93 devices=2 model=1 gpu_res=1 ssvk=1 bind=1 sealed=0 dev_create=1 model_load=1 cmd_rebuild=0 ds_reset=0
RESIDENCY_TOKEN t=56 kv=93 devices=2 model=1 gpu_res=1 dev_create=1 model_load=1 weight_up=197 weight_hit=11816 content_hit=11760 reload_B=0 pin_evict=0 pin_rej=0 res_B=1032192000
BATCH2_PRODUCT_DECODE_BIND=PASS token=56
BIND16_WINDOW_AUTHORITY=1
ROOFLINE_TOKEN t=57 dt_ns=1122355800 wup=197 s0=1395 s1=1209
WEIGHT_BUDGET_INPUT=2048
WEIGHT_BUDGET_PARSE=PASS
WEIGHT_BUDGET_MIB=2048
WEIGHT_BUDGET_BYTES=2147483648
WEIGHT_BUDGET_SOURCE=ENV
WEIGHT_BUDGET_INPUT=2048
WEIGHT_BUDGET_PARSE=PASS
WEIGHT_BUDGET_MIB=2048
WEIGHT_BUDGET_BYTES=2147483648
WEIGHT_BUDGET_SOURCE=ENV
WEIGHT_BUDGET_INPUT=2048
WEIGHT_BUDGET_PARSE=PASS
WEIGHT_BUDGET_MIB=2048
WEIGHT_BUDGET_BYTES=2147483648
WEIGHT_BUDGET_SOURCE=ENV
WEIGHT_BUDGET_INPUT=2048
WEIGHT_BUDGET_PARSE=PASS
WEIGHT_BUDGET_MIB=2048
WEIGHT_BUDGET_BYTES=2147483648
WEIGHT_BUDGET_SOURCE=ENV
WEIGHT_BUDGET_INPUT=2048
WEIGHT_BUDGET_PARSE=PASS
WEIGHT_BUDGET_MIB=2048
WEIGHT_BUDGET_BYTES=2147483648
WEIGHT_BUDGET_SOURCE=ENV
WEIGHT_BUDGET_INPUT=2048
WEIGHT_BUDGET_PARSE=PASS
WEIGHT_BUDGET_MIB=2048
WEIGHT_BUDGET_BYTES=2147483648
WEIGHT_BUDGET_SOURCE=ENV
WEIGHT_BUDGET_INPUT=2048
WEIGHT_BUDGET_PARSE=PASS
WEIGHT_BUDGET_MIB=2048
WEIGHT_BUDGET_BYTES=2147483648
WEIGHT_BUDGET_SOURCE=ENV
WEIGHT_BUDGET_INPUT=2048
WEIGHT_BUDGET_PARSE=PASS
WEIGHT_BUDGET_MIB=2048
WEIGHT_BUDGET_BYTES=2147483648
WEIGHT_BUDGET_SOURCE=ENV
WEIGHT_BUDGET_INPUT=2048
WEIGHT_BUDGET_PARSE=PASS
WEIGHT_BUDGET_MIB=2048
WEIGHT_BUDGET_BYTES=2147483648
WEIGHT_BUDGET_SOURCE=ENV
WEIGHT_BUDGET_INPUT=2048
WEIGHT_BUDGET_PARSE=PASS
WEIGHT_BUDGET_MIB=2048
WEIGHT_BUDGET_BYTES=2147483648
WEIGHT_BUDGET_SOURCE=ENV
WEIGHT_BUDGET_INPUT=2048
WEIGHT_BUDGET_PARSE=PASS
WEIGHT_BUDGET_MIB=2048
WEIGHT_BUDGET_BYTES=2147483648
WEIGHT_BUDGET_SOURCE=ENV
WEIGHT_BUDGET_INPUT=2048
WEIGHT_BUDGET_PARSE=PASS
WEIGHT_BUDGET_MIB=2048
WEIGHT_BUDGET_BYTES=2147483648
WEIGHT_BUDGET_SOURCE=ENV
WEIGHT_BUDGET_INPUT=2048
WEIGHT_BUDGET_PARSE=PASS
WEIGHT_BUDGET_MIB=2048
WEIGHT_BUDGET_BYTES=2147483648
WEIGHT_BUDGET_SOURCE=ENV
WEIGHT_BUDGET_INPUT=2048
WEIGHT_BUDGET_PARSE=PASS
WEIGHT_BUDGET_MIB=2048
WEIGHT_BUDGET_BYTES=2147483648
WEIGHT_BUDGET_SOURCE=ENV
WEIGHT_BUDGET_INPUT=2048
WEIGHT_BUDGET_PARSE=PASS
WEIGHT_BUDGET_MIB=2048
WEIGHT_BUDGET_BYTES=2147483648
WEIGHT_BUDGET_SOURCE=ENV
WEIGHT_BUDGET_INPUT=2048
WEIGHT_BUDGET_PARSE=PASS
WEIGHT_BUDGET_MIB=2048
WEIGHT_BUDGET_BYTES=2147483648
WEIGHT_BUDGET_SOURCE=ENV
WEIGHT_BUDGET_INPUT=2048
WEIGHT_BUDGET_PARSE=PASS
WEIGHT_BUDGET_MIB=2048
WEIGHT_BUDGET_BYTES=2147483648
WEIGHT_BUDGET_SOURCE=ENV
WEIGHT_BUDGET_INPUT=2048
WEIGHT_BUDGET_PARSE=PASS
WEIGHT_BUDGET_MIB=2048
WEIGHT_BUDGET_BYTES=2147483648
WEIGHT_BUDGET_SOURCE=ENV
WEIGHT_BUDGET_INPUT=2048
WEIGHT_BUDGET_PARSE=PASS
WEIGHT_BUDGET_MIB=2048
WEIGHT_BUDGET_BYTES=2147483648
WEIGHT_BUDGET_SOURCE=ENV
WEIGHT_BUDGET_INPUT=2048
WEIGHT_BUDGET_PARSE=PASS
WEIGHT_BUDGET_MIB=2048
WEIGHT_BUDGET_BYTES=2147483648
WEIGHT_BUDGET_SOURCE=ENV
WEIGHT_BUDGET_INPUT=2048
WEIGHT_BUDGET_PARSE=PASS
WEIGHT_BUDGET_MIB=2048
WEIGHT_BUDGET_BYTES=2147483648
WEIGHT_BUDGET_SOURCE=ENV
WEIGHT_BUDGET_INPUT=2048
WEIGHT_BUDGET_PARSE=PASS
WEIGHT_BUDGET_MIB=2048
WEIGHT_BUDGET_BYTES=2147483648
WEIGHT_BUDGET_SOURCE=ENV
WEIGHT_BUDGET_INPUT=2048
WEIGHT_BUDGET_PARSE=PASS
WEIGHT_BUDGET_MIB=2048
WEIGHT_BUDGET_BYTES=2147483648
WEIGHT_BUDGET_SOURCE=ENV
WEIGHT_BUDGET_INPUT=2048
WEIGHT_BUDGET_PARSE=PASS
WEIGHT_BUDGET_MIB=2048
WEIGHT_BUDGET_BYTES=2147483648
WEIGHT_BUDGET_SOURCE=ENV
WEIGHT_BUDGET_INPUT=2048
WEIGHT_BUDGET_PARSE=PASS
WEIGHT_BUDGET_MIB=2048
WEIGHT_BUDGET_BYTES=2147483648
WEIGHT_BUDGET_SOURCE=ENV
WEIGHT_BUDGET_INPUT=2048
WEIGHT_BUDGET_PARSE=PASS
WEIGHT_BUDGET_MIB=2048
WEIGHT_BUDGET_BYTES=2147483648
WEIGHT_BUDGET_SOURCE=ENV
WEIGHT_BUDGET_INPUT=2048
WEIGHT_BUDGET_PARSE=PASS
WEIGHT_BUDGET_MIB=2048
WEIGHT_BUDGET_BYTES=2147483648
WEIGHT_BUDGET_SOURCE=ENV
WEIGHT_BUDGET_INPUT=2048
WEIGHT_BUDGET_PARSE=PASS
WEIGHT_BUDGET_MIB=2048
WEIGHT_BUDGET_BYTES=2147483648
WEIGHT_BUDGET_SOURCE=ENV
WEIGHT_BUDGET_INPUT=2048
WEIGHT_BUDGET_PARSE=PASS
WEIGHT_BUDGET_MIB=2048
WEIGHT_BUDGET_BYTES=2147483648
WEIGHT_BUDGET_SOURCE=ENV
WEIGHT_BUDGET_INPUT=2048
WEIGHT_BUDGET_PARSE=PASS
WEIGHT_BUDGET_MIB=2048
WEIGHT_BUDGET_BYTES=2147483648
WEIGHT_BUDGET_SOURCE=ENV
HEAP_OK_FINAL_NORM_BEFORE=1
FINAL_NORM_SRC_PTR=00000211F83E4060
FINAL_NORM_DST_PTR=00000211F83E4060
FINAL_NORM_WEIGHT_PTR=00000211A0D30000
FINAL_NORM_WEIGHT_SOURCE=HOST_MAPPED
FINAL_NORM_WEIGHT_FULFILLED=1
FINAL_NORM_WEIGHT_BYTES=12288
FINAL_NORM_WEIGHT_0=1.765625
FINAL_NORM_WEIGHT_1=1.75
FINAL_NORM_WEIGHT_2=1.5625
FINAL_NORM_WEIGHT_3=1.7734375
FINAL_NORM_WEIGHT_L2=91.4481258
FINAL_NORM_SUMSQ=14900.4277
FINAL_NORM_MEAN_SQ=4.85039963
FINAL_NORM_EPS=9.99999975e-06
FINAL_NORM_INV_RMS=0.454057455
FINAL_NORM_SRC_0=0.434483469
FINAL_NORM_DST_0=0.348323286
FINAL_NORM_AFTER_L2=57.1818863
HEAP_OK_FINAL_NORM_AFTER=1
HEAP_OK_COMPUTE_LOGITS_ENTER=1
HEAP_OK_LOGITS_LINEARW_BEFORE=1
HEAP_OK_LOGITS_LINEARW_AFTER=1
PERSISTENT_DECODE_TOKEN t=57 kv=94 devices=2 model=1 gpu_res=1 ssvk=1 bind=1 sealed=0 dev_create=1 model_load=1 cmd_rebuild=0 ds_reset=0
RESIDENCY_TOKEN t=57 kv=94 devices=2 model=1 gpu_res=1 dev_create=1 model_load=1 weight_up=197 weight_hit=11901 content_hit=11844 reload_B=0 pin_evict=0 pin_rej=0 res_B=1032192000
BATCH2_PRODUCT_DECODE_BIND=PASS token=57
BIND16_WINDOW_AUTHORITY=1
ROOFLINE_TOKEN t=58 dt_ns=1089697100 wup=197 s0=1410 s1=1222
WEIGHT_BUDGET_INPUT=2048
WEIGHT_BUDGET_PARSE=PASS
WEIGHT_BUDGET_MIB=2048
WEIGHT_BUDGET_BYTES=2147483648
WEIGHT_BUDGET_SOURCE=ENV
WEIGHT_BUDGET_INPUT=2048
WEIGHT_BUDGET_PARSE=PASS
WEIGHT_BUDGET_MIB=2048
WEIGHT_BUDGET_BYTES=2147483648
WEIGHT_BUDGET_SOURCE=ENV
WEIGHT_BUDGET_INPUT=2048
WEIGHT_BUDGET_PARSE=PASS
WEIGHT_BUDGET_MIB=2048
WEIGHT_BUDGET_BYTES=2147483648
WEIGHT_BUDGET_SOURCE=ENV
WEIGHT_BUDGET_INPUT=2048
WEIGHT_BUDGET_PARSE=PASS
WEIGHT_BUDGET_MIB=2048
WEIGHT_BUDGET_BYTES=2147483648
WEIGHT_BUDGET_SOURCE=ENV
WEIGHT_BUDGET_INPUT=2048
WEIGHT_BUDGET_PARSE=PASS
WEIGHT_BUDGET_MIB=2048
WEIGHT_BUDGET_BYTES=2147483648
WEIGHT_BUDGET_SOURCE=ENV
WEIGHT_BUDGET_INPUT=2048
WEIGHT_BUDGET_PARSE=PASS
WEIGHT_BUDGET_MIB=2048
WEIGHT_BUDGET_BYTES=2147483648
WEIGHT_BUDGET_SOURCE=ENV
WEIGHT_BUDGET_INPUT=2048
WEIGHT_BUDGET_PARSE=PASS
WEIGHT_BUDGET_MIB=2048
WEIGHT_BUDGET_BYTES=2147483648
WEIGHT_BUDGET_SOURCE=ENV
WEIGHT_BUDGET_INPUT=2048
WEIGHT_BUDGET_PARSE=PASS
WEIGHT_BUDGET_MIB=2048
WEIGHT_BUDGET_BYTES=2147483648
WEIGHT_BUDGET_SOURCE=ENV
WEIGHT_BUDGET_INPUT=2048
WEIGHT_BUDGET_PARSE=PASS
WEIGHT_BUDGET_MIB=2048
WEIGHT_BUDGET_BYTES=2147483648
WEIGHT_BUDGET_SOURCE=ENV
WEIGHT_BUDGET_INPUT=2048
WEIGHT_BUDGET_PARSE=PASS
WEIGHT_BUDGET_MIB=2048
WEIGHT_BUDGET_BYTES=2147483648
WEIGHT_BUDGET_SOURCE=ENV
WEIGHT_BUDGET_INPUT=2048
WEIGHT_BUDGET_PARSE=PASS
WEIGHT_BUDGET_MIB=2048
WEIGHT_BUDGET_BYTES=2147483648
WEIGHT_BUDGET_SOURCE=ENV
WEIGHT_BUDGET_INPUT=2048
WEIGHT_BUDGET_PARSE=PASS
WEIGHT_BUDGET_MIB=2048
WEIGHT_BUDGET_BYTES=2147483648
WEIGHT_BUDGET_SOURCE=ENV
WEIGHT_BUDGET_INPUT=2048
WEIGHT_BUDGET_PARSE=PASS
WEIGHT_BUDGET_MIB=2048
WEIGHT_BUDGET_BYTES=2147483648
WEIGHT_BUDGET_SOURCE=ENV
WEIGHT_BUDGET_INPUT=2048
WEIGHT_BUDGET_PARSE=PASS
WEIGHT_BUDGET_MIB=2048
WEIGHT_BUDGET_BYTES=2147483648
WEIGHT_BUDGET_SOURCE=ENV
WEIGHT_BUDGET_INPUT=2048
WEIGHT_BUDGET_PARSE=PASS
WEIGHT_BUDGET_MIB=2048
WEIGHT_BUDGET_BYTES=2147483648
WEIGHT_BUDGET_SOURCE=ENV
WEIGHT_BUDGET_INPUT=2048
WEIGHT_BUDGET_PARSE=PASS
WEIGHT_BUDGET_MIB=2048
WEIGHT_BUDGET_BYTES=2147483648
WEIGHT_BUDGET_SOURCE=ENV
WEIGHT_BUDGET_INPUT=2048
WEIGHT_BUDGET_PARSE=PASS
WEIGHT_BUDGET_MIB=2048
WEIGHT_BUDGET_BYTES=2147483648
WEIGHT_BUDGET_SOURCE=ENV
WEIGHT_BUDGET_INPUT=2048
WEIGHT_BUDGET_PARSE=PASS
WEIGHT_BUDGET_MIB=2048
WEIGHT_BUDGET_BYTES=2147483648
WEIGHT_BUDGET_SOURCE=ENV
WEIGHT_BUDGET_INPUT=2048
WEIGHT_BUDGET_PARSE=PASS
WEIGHT_BUDGET_MIB=2048
WEIGHT_BUDGET_BYTES=2147483648
WEIGHT_BUDGET_SOURCE=ENV
WEIGHT_BUDGET_INPUT=2048
WEIGHT_BUDGET_PARSE=PASS
WEIGHT_BUDGET_MIB=2048
WEIGHT_BUDGET_BYTES=2147483648
WEIGHT_BUDGET_SOURCE=ENV
WEIGHT_BUDGET_INPUT=2048
WEIGHT_BUDGET_PARSE=PASS
WEIGHT_BUDGET_MIB=2048
WEIGHT_BUDGET_BYTES=2147483648
WEIGHT_BUDGET_SOURCE=ENV
WEIGHT_BUDGET_INPUT=2048
WEIGHT_BUDGET_PARSE=PASS
WEIGHT_BUDGET_MIB=2048
WEIGHT_BUDGET_BYTES=2147483648
WEIGHT_BUDGET_SOURCE=ENV
WEIGHT_BUDGET_INPUT=2048
WEIGHT_BUDGET_PARSE=PASS
WEIGHT_BUDGET_MIB=2048
WEIGHT_BUDGET_BYTES=2147483648
WEIGHT_BUDGET_SOURCE=ENV
WEIGHT_BUDGET_INPUT=2048
WEIGHT_BUDGET_PARSE=PASS
WEIGHT_BUDGET_MIB=2048
WEIGHT_BUDGET_BYTES=2147483648
WEIGHT_BUDGET_SOURCE=ENV
WEIGHT_BUDGET_INPUT=2048
WEIGHT_BUDGET_PARSE=PASS
WEIGHT_BUDGET_MIB=2048
WEIGHT_BUDGET_BYTES=2147483648
WEIGHT_BUDGET_SOURCE=ENV
WEIGHT_BUDGET_INPUT=2048
WEIGHT_BUDGET_PARSE=PASS
WEIGHT_BUDGET_MIB=2048
WEIGHT_BUDGET_BYTES=2147483648
WEIGHT_BUDGET_SOURCE=ENV
WEIGHT_BUDGET_INPUT=2048
WEIGHT_BUDGET_PARSE=PASS
WEIGHT_BUDGET_MIB=2048
WEIGHT_BUDGET_BYTES=2147483648
WEIGHT_BUDGET_SOURCE=ENV
WEIGHT_BUDGET_INPUT=2048
WEIGHT_BUDGET_PARSE=PASS
WEIGHT_BUDGET_MIB=2048
WEIGHT_BUDGET_BYTES=2147483648
WEIGHT_BUDGET_SOURCE=ENV
WEIGHT_BUDGET_INPUT=2048
WEIGHT_BUDGET_PARSE=PASS
WEIGHT_BUDGET_MIB=2048
WEIGHT_BUDGET_BYTES=2147483648
WEIGHT_BUDGET_SOURCE=ENV
WEIGHT_BUDGET_INPUT=2048
WEIGHT_BUDGET_PARSE=PASS
WEIGHT_BUDGET_MIB=2048
WEIGHT_BUDGET_BYTES=2147483648
WEIGHT_BUDGET_SOURCE=ENV
HEAP_OK_FINAL_NORM_BEFORE=1
FINAL_NORM_SRC_PTR=00000211F83E7060
FINAL_NORM_DST_PTR=00000211F83E7060
FINAL_NORM_WEIGHT_PTR=00000211A0D30000
FINAL_NORM_WEIGHT_SOURCE=HOST_MAPPED
FINAL_NORM_WEIGHT_FULFILLED=1
FINAL_NORM_WEIGHT_BYTES=12288
FINAL_NORM_WEIGHT_0=1.765625
FINAL_NORM_WEIGHT_1=1.75
FINAL_NORM_WEIGHT_2=1.5625
FINAL_NORM_WEIGHT_3=1.7734375
FINAL_NORM_WEIGHT_L2=91.4481258
FINAL_NORM_SUMSQ=14954.9528
FINAL_NORM_MEAN_SQ=4.86814869
FINAL_NORM_EPS=9.99999975e-06
FINAL_NORM_INV_RMS=0.453228951
FINAL_NORM_SRC_0=0.455896586
FINAL_NORM_DST_0=0.364823222
FINAL_NORM_AFTER_L2=57.0418552
HEAP_OK_FINAL_NORM_AFTER=1
HEAP_OK_COMPUTE_LOGITS_ENTER=1
HEAP_OK_LOGITS_LINEARW_BEFORE=1
HEAP_OK_LOGITS_LINEARW_AFTER=1
PERSISTENT_DECODE_TOKEN t=58 kv=95 devices=2 model=1 gpu_res=1 ssvk=1 bind=1 sealed=0 dev_create=1 model_load=1 cmd_rebuild=0 ds_reset=0
RESIDENCY_TOKEN t=58 kv=95 devices=2 model=1 gpu_res=1 dev_create=1 model_load=1 weight_up=197 weight_hit=11986 content_hit=11928 reload_B=0 pin_evict=0 pin_rej=0 res_B=1032192000
BATCH2_PRODUCT_DECODE_BIND=PASS token=58
BIND16_WINDOW_AUTHORITY=1
ROOFLINE_TOKEN t=59 dt_ns=1087295600 wup=197 s0=1425 s1=1235
WEIGHT_BUDGET_INPUT=2048
WEIGHT_BUDGET_PARSE=PASS
WEIGHT_BUDGET_MIB=2048
WEIGHT_BUDGET_BYTES=2147483648
WEIGHT_BUDGET_SOURCE=ENV
WEIGHT_BUDGET_INPUT=2048
WEIGHT_BUDGET_PARSE=PASS
WEIGHT_BUDGET_MIB=2048
WEIGHT_BUDGET_BYTES=2147483648
WEIGHT_BUDGET_SOURCE=ENV
WEIGHT_BUDGET_INPUT=2048
WEIGHT_BUDGET_PARSE=PASS
WEIGHT_BUDGET_MIB=2048
WEIGHT_BUDGET_BYTES=2147483648
WEIGHT_BUDGET_SOURCE=ENV
WEIGHT_BUDGET_INPUT=2048
WEIGHT_BUDGET_PARSE=PASS
WEIGHT_BUDGET_MIB=2048
WEIGHT_BUDGET_BYTES=2147483648
WEIGHT_BUDGET_SOURCE=ENV
WEIGHT_BUDGET_INPUT=2048
WEIGHT_BUDGET_PARSE=PASS
WEIGHT_BUDGET_MIB=2048
WEIGHT_BUDGET_BYTES=2147483648
WEIGHT_BUDGET_SOURCE=ENV
WEIGHT_BUDGET_INPUT=2048
WEIGHT_BUDGET_PARSE=PASS
WEIGHT_BUDGET_MIB=2048
WEIGHT_BUDGET_BYTES=2147483648
WEIGHT_BUDGET_SOURCE=ENV
WEIGHT_BUDGET_INPUT=2048
WEIGHT_BUDGET_PARSE=PASS
WEIGHT_BUDGET_MIB=2048
WEIGHT_BUDGET_BYTES=2147483648
WEIGHT_BUDGET_SOURCE=ENV
WEIGHT_BUDGET_INPUT=2048
WEIGHT_BUDGET_PARSE=PASS
WEIGHT_BUDGET_MIB=2048
WEIGHT_BUDGET_BYTES=2147483648
WEIGHT_BUDGET_SOURCE=ENV
WEIGHT_BUDGET_INPUT=2048
WEIGHT_BUDGET_PARSE=PASS
WEIGHT_BUDGET_MIB=2048
WEIGHT_BUDGET_BYTES=2147483648
WEIGHT_BUDGET_SOURCE=ENV
WEIGHT_BUDGET_INPUT=2048
WEIGHT_BUDGET_PARSE=PASS
WEIGHT_BUDGET_MIB=2048
WEIGHT_BUDGET_BYTES=2147483648
WEIGHT_BUDGET_SOURCE=ENV
WEIGHT_BUDGET_INPUT=2048
WEIGHT_BUDGET_PARSE=PASS
WEIGHT_BUDGET_MIB=2048
WEIGHT_BUDGET_BYTES=2147483648
WEIGHT_BUDGET_SOURCE=ENV
WEIGHT_BUDGET_INPUT=2048
WEIGHT_BUDGET_PARSE=PASS
WEIGHT_BUDGET_MIB=2048
WEIGHT_BUDGET_BYTES=2147483648
WEIGHT_BUDGET_SOURCE=ENV
WEIGHT_BUDGET_INPUT=2048
WEIGHT_BUDGET_PARSE=PASS
WEIGHT_BUDGET_MIB=2048
WEIGHT_BUDGET_BYTES=2147483648
WEIGHT_BUDGET_SOURCE=ENV
WEIGHT_BUDGET_INPUT=2048
WEIGHT_BUDGET_PARSE=PASS
WEIGHT_BUDGET_MIB=2048
WEIGHT_BUDGET_BYTES=2147483648
WEIGHT_BUDGET_SOURCE=ENV
WEIGHT_BUDGET_INPUT=2048
WEIGHT_BUDGET_PARSE=PASS
WEIGHT_BUDGET_MIB=2048
WEIGHT_BUDGET_BYTES=2147483648
WEIGHT_BUDGET_SOURCE=ENV
WEIGHT_BUDGET_INPUT=2048
WEIGHT_BUDGET_PARSE=PASS
WEIGHT_BUDGET_MIB=2048
WEIGHT_BUDGET_BYTES=2147483648
WEIGHT_BUDGET_SOURCE=ENV
WEIGHT_BUDGET_INPUT=2048
WEIGHT_BUDGET_PARSE=PASS
WEIGHT_BUDGET_MIB=2048
WEIGHT_BUDGET_BYTES=2147483648
WEIGHT_BUDGET_SOURCE=ENV
WEIGHT_BUDGET_INPUT=2048
WEIGHT_BUDGET_PARSE=PASS
WEIGHT_BUDGET_MIB=2048
WEIGHT_BUDGET_BYTES=2147483648
WEIGHT_BUDGET_SOURCE=ENV
WEIGHT_BUDGET_INPUT=2048
WEIGHT_BUDGET_PARSE=PASS
WEIGHT_BUDGET_MIB=2048
WEIGHT_BUDGET_BYTES=2147483648
WEIGHT_BUDGET_SOURCE=ENV
WEIGHT_BUDGET_INPUT=2048
WEIGHT_BUDGET_PARSE=PASS
WEIGHT_BUDGET_MIB=2048
WEIGHT_BUDGET_BYTES=2147483648
WEIGHT_BUDGET_SOURCE=ENV
WEIGHT_BUDGET_INPUT=2048
WEIGHT_BUDGET_PARSE=PASS
WEIGHT_BUDGET_MIB=2048
WEIGHT_BUDGET_BYTES=2147483648
WEIGHT_BUDGET_SOURCE=ENV
WEIGHT_BUDGET_INPUT=2048
WEIGHT_BUDGET_PARSE=PASS
WEIGHT_BUDGET_MIB=2048
WEIGHT_BUDGET_BYTES=2147483648
WEIGHT_BUDGET_SOURCE=ENV
WEIGHT_BUDGET_INPUT=2048
WEIGHT_BUDGET_PARSE=PASS
WEIGHT_BUDGET_MIB=2048
WEIGHT_BUDGET_BYTES=2147483648
WEIGHT_BUDGET_SOURCE=ENV
WEIGHT_BUDGET_INPUT=2048
WEIGHT_BUDGET_PARSE=PASS
WEIGHT_BUDGET_MIB=2048
WEIGHT_BUDGET_BYTES=2147483648
WEIGHT_BUDGET_SOURCE=ENV
WEIGHT_BUDGET_INPUT=2048
WEIGHT_BUDGET_PARSE=PASS
WEIGHT_BUDGET_MIB=2048
WEIGHT_BUDGET_BYTES=2147483648
WEIGHT_BUDGET_SOURCE=ENV
WEIGHT_BUDGET_INPUT=2048
WEIGHT_BUDGET_PARSE=PASS
WEIGHT_BUDGET_MIB=2048
WEIGHT_BUDGET_BYTES=2147483648
WEIGHT_BUDGET_SOURCE=ENV
WEIGHT_BUDGET_INPUT=2048
WEIGHT_BUDGET_PARSE=PASS
WEIGHT_BUDGET_MIB=2048
WEIGHT_BUDGET_BYTES=2147483648
WEIGHT_BUDGET_SOURCE=ENV
WEIGHT_BUDGET_INPUT=2048
WEIGHT_BUDGET_PARSE=PASS
WEIGHT_BUDGET_MIB=2048
WEIGHT_BUDGET_BYTES=2147483648
WEIGHT_BUDGET_SOURCE=ENV
WEIGHT_BUDGET_INPUT=2048
WEIGHT_BUDGET_PARSE=PASS
WEIGHT_BUDGET_MIB=2048
WEIGHT_BUDGET_BYTES=2147483648
WEIGHT_BUDGET_SOURCE=ENV
WEIGHT_BUDGET_INPUT=2048
WEIGHT_BUDGET_PARSE=PASS
WEIGHT_BUDGET_MIB=2048
WEIGHT_BUDGET_BYTES=2147483648
WEIGHT_BUDGET_SOURCE=ENV
HEAP_OK_FINAL_NORM_BEFORE=1
FINAL_NORM_SRC_PTR=00000211F83EA060
FINAL_NORM_DST_PTR=00000211F83EA060
FINAL_NORM_WEIGHT_PTR=00000211A0D30000
FINAL_NORM_WEIGHT_SOURCE=HOST_MAPPED
FINAL_NORM_WEIGHT_FULFILLED=1
FINAL_NORM_WEIGHT_BYTES=12288
FINAL_NORM_WEIGHT_0=1.765625
FINAL_NORM_WEIGHT_1=1.75
FINAL_NORM_WEIGHT_2=1.5625
FINAL_NORM_WEIGHT_3=1.7734375
FINAL_NORM_WEIGHT_L2=91.4481258
FINAL_NORM_SUMSQ=14783.6994
FINAL_NORM_MEAN_SQ=4.81240216
FINAL_NORM_EPS=9.99999975e-06
FINAL_NORM_INV_RMS=0.455846459
FINAL_NORM_SRC_0=0.427014112
FINAL_NORM_DST_0=0.343683988
FINAL_NORM_AFTER_L2=57.1062909
HEAP_OK_FINAL_NORM_AFTER=1
HEAP_OK_COMPUTE_LOGITS_ENTER=1
HEAP_OK_LOGITS_LINEARW_BEFORE=1
HEAP_OK_LOGITS_LINEARW_AFTER=1
PERSISTENT_DECODE_TOKEN t=59 kv=96 devices=2 model=1 gpu_res=1 ssvk=1 bind=1 sealed=0 dev_create=1 model_load=1 cmd_rebuild=0 ds_reset=0
RESIDENCY_TOKEN t=59 kv=96 devices=2 model=1 gpu_res=1 dev_create=1 model_load=1 weight_up=197 weight_hit=12071 content_hit=12012 reload_B=0 pin_evict=0 pin_rej=0 res_B=1032192000
BATCH2_PRODUCT_DECODE_BIND=PASS token=59
BIND16_WINDOW_AUTHORITY=1
ROOFLINE_TOKEN t=60 dt_ns=1060763300 wup=197 s0=1440 s1=1248
WEIGHT_BUDGET_INPUT=2048
WEIGHT_BUDGET_PARSE=PASS
WEIGHT_BUDGET_MIB=2048
WEIGHT_BUDGET_BYTES=2147483648
WEIGHT_BUDGET_SOURCE=ENV
WEIGHT_BUDGET_INPUT=2048
WEIGHT_BUDGET_PARSE=PASS
WEIGHT_BUDGET_MIB=2048
WEIGHT_BUDGET_BYTES=2147483648
WEIGHT_BUDGET_SOURCE=ENV
WEIGHT_BUDGET_INPUT=2048
WEIGHT_BUDGET_PARSE=PASS
WEIGHT_BUDGET_MIB=2048
WEIGHT_BUDGET_BYTES=2147483648
WEIGHT_BUDGET_SOURCE=ENV
WEIGHT_BUDGET_INPUT=2048
WEIGHT_BUDGET_PARSE=PASS
WEIGHT_BUDGET_MIB=2048
WEIGHT_BUDGET_BYTES=2147483648
WEIGHT_BUDGET_SOURCE=ENV
WEIGHT_BUDGET_INPUT=2048
WEIGHT_BUDGET_PARSE=PASS
WEIGHT_BUDGET_MIB=2048
WEIGHT_BUDGET_BYTES=2147483648
WEIGHT_BUDGET_SOURCE=ENV
WEIGHT_BUDGET_INPUT=2048
WEIGHT_BUDGET_PARSE=PASS
WEIGHT_BUDGET_MIB=2048
WEIGHT_BUDGET_BYTES=2147483648
WEIGHT_BUDGET_SOURCE=ENV
WEIGHT_BUDGET_INPUT=2048
WEIGHT_BUDGET_PARSE=PASS
WEIGHT_BUDGET_MIB=2048
WEIGHT_BUDGET_BYTES=2147483648
WEIGHT_BUDGET_SOURCE=ENV
WEIGHT_BUDGET_INPUT=2048
WEIGHT_BUDGET_PARSE=PASS
WEIGHT_BUDGET_MIB=2048
WEIGHT_BUDGET_BYTES=2147483648
WEIGHT_BUDGET_SOURCE=ENV
WEIGHT_BUDGET_INPUT=2048
WEIGHT_BUDGET_PARSE=PASS
WEIGHT_BUDGET_MIB=2048
WEIGHT_BUDGET_BYTES=2147483648
WEIGHT_BUDGET_SOURCE=ENV
WEIGHT_BUDGET_INPUT=2048
WEIGHT_BUDGET_PARSE=PASS
WEIGHT_BUDGET_MIB=2048
WEIGHT_BUDGET_BYTES=2147483648
WEIGHT_BUDGET_SOURCE=ENV
WEIGHT_BUDGET_INPUT=2048
WEIGHT_BUDGET_PARSE=PASS
WEIGHT_BUDGET_MIB=2048
WEIGHT_BUDGET_BYTES=2147483648
WEIGHT_BUDGET_SOURCE=ENV
WEIGHT_BUDGET_INPUT=2048
WEIGHT_BUDGET_PARSE=PASS
WEIGHT_BUDGET_MIB=2048
WEIGHT_BUDGET_BYTES=2147483648
WEIGHT_BUDGET_SOURCE=ENV
WEIGHT_BUDGET_INPUT=2048
WEIGHT_BUDGET_PARSE=PASS
WEIGHT_BUDGET_MIB=2048
WEIGHT_BUDGET_BYTES=2147483648
WEIGHT_BUDGET_SOURCE=ENV
WEIGHT_BUDGET_INPUT=2048
WEIGHT_BUDGET_PARSE=PASS
WEIGHT_BUDGET_MIB=2048
WEIGHT_BUDGET_BYTES=2147483648
WEIGHT_BUDGET_SOURCE=ENV
WEIGHT_BUDGET_INPUT=2048
WEIGHT_BUDGET_PARSE=PASS
WEIGHT_BUDGET_MIB=2048
WEIGHT_BUDGET_BYTES=2147483648
WEIGHT_BUDGET_SOURCE=ENV
WEIGHT_BUDGET_INPUT=2048
WEIGHT_BUDGET_PARSE=PASS
WEIGHT_BUDGET_MIB=2048
WEIGHT_BUDGET_BYTES=2147483648
WEIGHT_BUDGET_SOURCE=ENV
WEIGHT_BUDGET_INPUT=2048
WEIGHT_BUDGET_PARSE=PASS
WEIGHT_BUDGET_MIB=2048
WEIGHT_BUDGET_BYTES=2147483648
WEIGHT_BUDGET_SOURCE=ENV
WEIGHT_BUDGET_INPUT=2048
WEIGHT_BUDGET_PARSE=PASS
WEIGHT_BUDGET_MIB=2048
WEIGHT_BUDGET_BYTES=2147483648
WEIGHT_BUDGET_SOURCE=ENV
WEIGHT_BUDGET_INPUT=2048
WEIGHT_BUDGET_PARSE=PASS
WEIGHT_BUDGET_MIB=2048
WEIGHT_BUDGET_BYTES=2147483648
WEIGHT_BUDGET_SOURCE=ENV
WEIGHT_BUDGET_INPUT=2048
WEIGHT_BUDGET_PARSE=PASS
WEIGHT_BUDGET_MIB=2048
WEIGHT_BUDGET_BYTES=2147483648
WEIGHT_BUDGET_SOURCE=ENV
WEIGHT_BUDGET_INPUT=2048
WEIGHT_BUDGET_PARSE=PASS
WEIGHT_BUDGET_MIB=2048
WEIGHT_BUDGET_BYTES=2147483648
WEIGHT_BUDGET_SOURCE=ENV
WEIGHT_BUDGET_INPUT=2048
WEIGHT_BUDGET_PARSE=PASS
WEIGHT_BUDGET_MIB=2048
WEIGHT_BUDGET_BYTES=2147483648
WEIGHT_BUDGET_SOURCE=ENV
WEIGHT_BUDGET_INPUT=2048
WEIGHT_BUDGET_PARSE=PASS
WEIGHT_BUDGET_MIB=2048
WEIGHT_BUDGET_BYTES=2147483648
WEIGHT_BUDGET_SOURCE=ENV
WEIGHT_BUDGET_INPUT=2048
WEIGHT_BUDGET_PARSE=PASS
WEIGHT_BUDGET_MIB=2048
WEIGHT_BUDGET_BYTES=2147483648
WEIGHT_BUDGET_SOURCE=ENV
WEIGHT_BUDGET_INPUT=2048
WEIGHT_BUDGET_PARSE=PASS
WEIGHT_BUDGET_MIB=2048
WEIGHT_BUDGET_BYTES=2147483648
WEIGHT_BUDGET_SOURCE=ENV
WEIGHT_BUDGET_INPUT=2048
WEIGHT_BUDGET_PARSE=PASS
WEIGHT_BUDGET_MIB=2048
WEIGHT_BUDGET_BYTES=2147483648
WEIGHT_BUDGET_SOURCE=ENV
WEIGHT_BUDGET_INPUT=2048
WEIGHT_BUDGET_PARSE=PASS
WEIGHT_BUDGET_MIB=2048
WEIGHT_BUDGET_BYTES=2147483648
WEIGHT_BUDGET_SOURCE=ENV
WEIGHT_BUDGET_INPUT=2048
WEIGHT_BUDGET_PARSE=PASS
WEIGHT_BUDGET_MIB=2048
WEIGHT_BUDGET_BYTES=2147483648
WEIGHT_BUDGET_SOURCE=ENV
WEIGHT_BUDGET_INPUT=2048
WEIGHT_BUDGET_PARSE=PASS
WEIGHT_BUDGET_MIB=2048
WEIGHT_BUDGET_BYTES=2147483648
WEIGHT_BUDGET_SOURCE=ENV
WEIGHT_BUDGET_INPUT=2048
WEIGHT_BUDGET_PARSE=PASS
WEIGHT_BUDGET_MIB=2048
WEIGHT_BUDGET_BYTES=2147483648
WEIGHT_BUDGET_SOURCE=ENV
HEAP_OK_FINAL_NORM_BEFORE=1
FINAL_NORM_SRC_PTR=00000211F83ED060
FINAL_NORM_DST_PTR=00000211F83ED060
FINAL_NORM_WEIGHT_PTR=00000211A0D30000
FINAL_NORM_WEIGHT_SOURCE=HOST_MAPPED
FINAL_NORM_WEIGHT_FULFILLED=1
FINAL_NORM_WEIGHT_BYTES=12288
FINAL_NORM_WEIGHT_0=1.765625
FINAL_NORM_WEIGHT_1=1.75
FINAL_NORM_WEIGHT_2=1.5625
FINAL_NORM_WEIGHT_3=1.7734375
FINAL_NORM_WEIGHT_L2=91.4481258
FINAL_NORM_SUMSQ=14587.0937
FINAL_NORM_MEAN_SQ=4.74840291
FINAL_NORM_EPS=9.99999975e-06
FINAL_NORM_INV_RMS=0.458908111
FINAL_NORM_SRC_0=0.406302869
FINAL_NORM_DST_0=0.329210818
FINAL_NORM_AFTER_L2=57.1342349
HEAP_OK_FINAL_NORM_AFTER=1
HEAP_OK_COMPUTE_LOGITS_ENTER=1
HEAP_OK_LOGITS_LINEARW_BEFORE=1
HEAP_OK_LOGITS_LINEARW_AFTER=1
PERSISTENT_DECODE_TOKEN t=60 kv=97 devices=2 model=1 gpu_res=1 ssvk=1 bind=1 sealed=0 dev_create=1 model_load=1 cmd_rebuild=0 ds_reset=0
RESIDENCY_TOKEN t=60 kv=97 devices=2 model=1 gpu_res=1 dev_create=1 model_load=1 weight_up=197 weight_hit=12156 content_hit=12096 reload_B=0 pin_evict=0 pin_rej=0 res_B=1032192000
BATCH2_PRODUCT_DECODE_BIND=PASS token=60
BIND16_WINDOW_AUTHORITY=1
ROOFLINE_TOKEN t=61 dt_ns=1113291300 wup=197 s0=1455 s1=1261
WEIGHT_BUDGET_INPUT=2048
WEIGHT_BUDGET_PARSE=PASS
WEIGHT_BUDGET_MIB=2048
WEIGHT_BUDGET_BYTES=2147483648
WEIGHT_BUDGET_SOURCE=ENV
WEIGHT_BUDGET_INPUT=2048
WEIGHT_BUDGET_PARSE=PASS
WEIGHT_BUDGET_MIB=2048
WEIGHT_BUDGET_BYTES=2147483648
WEIGHT_BUDGET_SOURCE=ENV
WEIGHT_BUDGET_INPUT=2048
WEIGHT_BUDGET_PARSE=PASS
WEIGHT_BUDGET_MIB=2048
WEIGHT_BUDGET_BYTES=2147483648
WEIGHT_BUDGET_SOURCE=ENV
WEIGHT_BUDGET_INPUT=2048
WEIGHT_BUDGET_PARSE=PASS
WEIGHT_BUDGET_MIB=2048
WEIGHT_BUDGET_BYTES=2147483648
WEIGHT_BUDGET_SOURCE=ENV
WEIGHT_BUDGET_INPUT=2048
WEIGHT_BUDGET_PARSE=PASS
WEIGHT_BUDGET_MIB=2048
WEIGHT_BUDGET_BYTES=2147483648
WEIGHT_BUDGET_SOURCE=ENV
WEIGHT_BUDGET_INPUT=2048
WEIGHT_BUDGET_PARSE=PASS
WEIGHT_BUDGET_MIB=2048
WEIGHT_BUDGET_BYTES=2147483648
WEIGHT_BUDGET_SOURCE=ENV
WEIGHT_BUDGET_INPUT=2048
WEIGHT_BUDGET_PARSE=PASS
WEIGHT_BUDGET_MIB=2048
WEIGHT_BUDGET_BYTES=2147483648
WEIGHT_BUDGET_SOURCE=ENV
WEIGHT_BUDGET_INPUT=2048
WEIGHT_BUDGET_PARSE=PASS
WEIGHT_BUDGET_MIB=2048
WEIGHT_BUDGET_BYTES=2147483648
WEIGHT_BUDGET_SOURCE=ENV
WEIGHT_BUDGET_INPUT=2048
WEIGHT_BUDGET_PARSE=PASS
WEIGHT_BUDGET_MIB=2048
WEIGHT_BUDGET_BYTES=2147483648
WEIGHT_BUDGET_SOURCE=ENV
WEIGHT_BUDGET_INPUT=2048
WEIGHT_BUDGET_PARSE=PASS
WEIGHT_BUDGET_MIB=2048
WEIGHT_BUDGET_BYTES=2147483648
WEIGHT_BUDGET_SOURCE=ENV
WEIGHT_BUDGET_INPUT=2048
WEIGHT_BUDGET_PARSE=PASS
WEIGHT_BUDGET_MIB=2048
WEIGHT_BUDGET_BYTES=2147483648
WEIGHT_BUDGET_SOURCE=ENV
WEIGHT_BUDGET_INPUT=2048
WEIGHT_BUDGET_PARSE=PASS
WEIGHT_BUDGET_MIB=2048
WEIGHT_BUDGET_BYTES=2147483648
WEIGHT_BUDGET_SOURCE=ENV
WEIGHT_BUDGET_INPUT=2048
WEIGHT_BUDGET_PARSE=PASS
WEIGHT_BUDGET_MIB=2048
WEIGHT_BUDGET_BYTES=2147483648
WEIGHT_BUDGET_SOURCE=ENV
WEIGHT_BUDGET_INPUT=2048
WEIGHT_BUDGET_PARSE=PASS
WEIGHT_BUDGET_MIB=2048
WEIGHT_BUDGET_BYTES=2147483648
WEIGHT_BUDGET_SOURCE=ENV
WEIGHT_BUDGET_INPUT=2048
WEIGHT_BUDGET_PARSE=PASS
WEIGHT_BUDGET_MIB=2048
WEIGHT_BUDGET_BYTES=2147483648
WEIGHT_BUDGET_SOURCE=ENV
WEIGHT_BUDGET_INPUT=2048
WEIGHT_BUDGET_PARSE=PASS
WEIGHT_BUDGET_MIB=2048
WEIGHT_BUDGET_BYTES=2147483648
WEIGHT_BUDGET_SOURCE=ENV
WEIGHT_BUDGET_INPUT=2048
WEIGHT_BUDGET_PARSE=PASS
WEIGHT_BUDGET_MIB=2048
WEIGHT_BUDGET_BYTES=2147483648
WEIGHT_BUDGET_SOURCE=ENV
WEIGHT_BUDGET_INPUT=2048
WEIGHT_BUDGET_PARSE=PASS
WEIGHT_BUDGET_MIB=2048
WEIGHT_BUDGET_BYTES=2147483648
WEIGHT_BUDGET_SOURCE=ENV
WEIGHT_BUDGET_INPUT=2048
WEIGHT_BUDGET_PARSE=PASS
WEIGHT_BUDGET_MIB=2048
WEIGHT_BUDGET_BYTES=2147483648
WEIGHT_BUDGET_SOURCE=ENV
WEIGHT_BUDGET_INPUT=2048
WEIGHT_BUDGET_PARSE=PASS
WEIGHT_BUDGET_MIB=2048
WEIGHT_BUDGET_BYTES=2147483648
WEIGHT_BUDGET_SOURCE=ENV
WEIGHT_BUDGET_INPUT=2048
WEIGHT_BUDGET_PARSE=PASS
WEIGHT_BUDGET_MIB=2048
WEIGHT_BUDGET_BYTES=2147483648
WEIGHT_BUDGET_SOURCE=ENV
WEIGHT_BUDGET_INPUT=2048
WEIGHT_BUDGET_PARSE=PASS
WEIGHT_BUDGET_MIB=2048
WEIGHT_BUDGET_BYTES=2147483648
WEIGHT_BUDGET_SOURCE=ENV
WEIGHT_BUDGET_INPUT=2048
WEIGHT_BUDGET_PARSE=PASS
WEIGHT_BUDGET_MIB=2048
WEIGHT_BUDGET_BYTES=2147483648
WEIGHT_BUDGET_SOURCE=ENV
WEIGHT_BUDGET_INPUT=2048
WEIGHT_BUDGET_PARSE=PASS
WEIGHT_BUDGET_MIB=2048
WEIGHT_BUDGET_BYTES=2147483648
WEIGHT_BUDGET_SOURCE=ENV
WEIGHT_BUDGET_INPUT=2048
WEIGHT_BUDGET_PARSE=PASS
WEIGHT_BUDGET_MIB=2048
WEIGHT_BUDGET_BYTES=2147483648
WEIGHT_BUDGET_SOURCE=ENV
WEIGHT_BUDGET_INPUT=2048
WEIGHT_BUDGET_PARSE=PASS
WEIGHT_BUDGET_MIB=2048
WEIGHT_BUDGET_BYTES=2147483648
WEIGHT_BUDGET_SOURCE=ENV
WEIGHT_BUDGET_INPUT=2048
WEIGHT_BUDGET_PARSE=PASS
WEIGHT_BUDGET_MIB=2048
WEIGHT_BUDGET_BYTES=2147483648
WEIGHT_BUDGET_SOURCE=ENV
WEIGHT_BUDGET_INPUT=2048
WEIGHT_BUDGET_PARSE=PASS
WEIGHT_BUDGET_MIB=2048
WEIGHT_BUDGET_BYTES=2147483648
WEIGHT_BUDGET_SOURCE=ENV
WEIGHT_BUDGET_INPUT=2048
WEIGHT_BUDGET_PARSE=PASS
WEIGHT_BUDGET_MIB=2048
WEIGHT_BUDGET_BYTES=2147483648
WEIGHT_BUDGET_SOURCE=ENV
WEIGHT_BUDGET_INPUT=2048
WEIGHT_BUDGET_PARSE=PASS
WEIGHT_BUDGET_MIB=2048
WEIGHT_BUDGET_BYTES=2147483648
WEIGHT_BUDGET_SOURCE=ENV
HEAP_OK_FINAL_NORM_BEFORE=1
FINAL_NORM_SRC_PTR=00000211F83F0060
FINAL_NORM_DST_PTR=00000211F83F0060
FINAL_NORM_WEIGHT_PTR=00000211A0D30000
FINAL_NORM_WEIGHT_SOURCE=HOST_MAPPED
FINAL_NORM_WEIGHT_FULFILLED=1
FINAL_NORM_WEIGHT_BYTES=12288
FINAL_NORM_WEIGHT_0=1.765625
FINAL_NORM_WEIGHT_1=1.75
FINAL_NORM_WEIGHT_2=1.5625
FINAL_NORM_WEIGHT_3=1.7734375
FINAL_NORM_WEIGHT_L2=91.4481258
FINAL_NORM_SUMSQ=14361.4559
FINAL_NORM_MEAN_SQ=4.67495309
FINAL_NORM_EPS=9.99999975e-06
FINAL_NORM_INV_RMS=0.462499112
FINAL_NORM_SRC_0=0.39227879
FINAL_NORM_DST_0=0.320334852
FINAL_NORM_AFTER_L2=57.1832982
HEAP_OK_FINAL_NORM_AFTER=1
HEAP_OK_COMPUTE_LOGITS_ENTER=1
HEAP_OK_LOGITS_LINEARW_BEFORE=1
HEAP_OK_LOGITS_LINEARW_AFTER=1
PERSISTENT_DECODE_TOKEN t=61 kv=98 devices=2 model=1 gpu_res=1 ssvk=1 bind=1 sealed=0 dev_create=1 model_load=1 cmd_rebuild=0 ds_reset=0
RESIDENCY_TOKEN t=61 kv=98 devices=2 model=1 gpu_res=1 dev_create=1 model_load=1 weight_up=197 weight_hit=12241 content_hit=12180 reload_B=0 pin_evict=0 pin_rej=0 res_B=1032192000
BATCH2_PRODUCT_DECODE_BIND=PASS token=61
BIND16_WINDOW_AUTHORITY=1
ROOFLINE_TOKEN t=62 dt_ns=1073701200 wup=197 s0=1470 s1=1274
WEIGHT_BUDGET_INPUT=2048
WEIGHT_BUDGET_PARSE=PASS
WEIGHT_BUDGET_MIB=2048
WEIGHT_BUDGET_BYTES=2147483648
WEIGHT_BUDGET_SOURCE=ENV
WEIGHT_BUDGET_INPUT=2048
WEIGHT_BUDGET_PARSE=PASS
WEIGHT_BUDGET_MIB=2048
WEIGHT_BUDGET_BYTES=2147483648
WEIGHT_BUDGET_SOURCE=ENV
WEIGHT_BUDGET_INPUT=2048
WEIGHT_BUDGET_PARSE=PASS
WEIGHT_BUDGET_MIB=2048
WEIGHT_BUDGET_BYTES=2147483648
WEIGHT_BUDGET_SOURCE=ENV
WEIGHT_BUDGET_INPUT=2048
WEIGHT_BUDGET_PARSE=PASS
WEIGHT_BUDGET_MIB=2048
WEIGHT_BUDGET_BYTES=2147483648
WEIGHT_BUDGET_SOURCE=ENV
WEIGHT_BUDGET_INPUT=2048
WEIGHT_BUDGET_PARSE=PASS
WEIGHT_BUDGET_MIB=2048
WEIGHT_BUDGET_BYTES=2147483648
WEIGHT_BUDGET_SOURCE=ENV
WEIGHT_BUDGET_INPUT=2048
WEIGHT_BUDGET_PARSE=PASS
WEIGHT_BUDGET_MIB=2048
WEIGHT_BUDGET_BYTES=2147483648
WEIGHT_BUDGET_SOURCE=ENV
WEIGHT_BUDGET_INPUT=2048
WEIGHT_BUDGET_PARSE=PASS
WEIGHT_BUDGET_MIB=2048
WEIGHT_BUDGET_BYTES=2147483648
WEIGHT_BUDGET_SOURCE=ENV
WEIGHT_BUDGET_INPUT=2048
WEIGHT_BUDGET_PARSE=PASS
WEIGHT_BUDGET_MIB=2048
WEIGHT_BUDGET_BYTES=2147483648
WEIGHT_BUDGET_SOURCE=ENV
WEIGHT_BUDGET_INPUT=2048
WEIGHT_BUDGET_PARSE=PASS
WEIGHT_BUDGET_MIB=2048
WEIGHT_BUDGET_BYTES=2147483648
WEIGHT_BUDGET_SOURCE=ENV
WEIGHT_BUDGET_INPUT=2048
WEIGHT_BUDGET_PARSE=PASS
WEIGHT_BUDGET_MIB=2048
WEIGHT_BUDGET_BYTES=2147483648
WEIGHT_BUDGET_SOURCE=ENV
WEIGHT_BUDGET_INPUT=2048
WEIGHT_BUDGET_PARSE=PASS
WEIGHT_BUDGET_MIB=2048
WEIGHT_BUDGET_BYTES=2147483648
WEIGHT_BUDGET_SOURCE=ENV
WEIGHT_BUDGET_INPUT=2048
WEIGHT_BUDGET_PARSE=PASS
WEIGHT_BUDGET_MIB=2048
WEIGHT_BUDGET_BYTES=2147483648
WEIGHT_BUDGET_SOURCE=ENV
WEIGHT_BUDGET_INPUT=2048
WEIGHT_BUDGET_PARSE=PASS
WEIGHT_BUDGET_MIB=2048
WEIGHT_BUDGET_BYTES=2147483648
WEIGHT_BUDGET_SOURCE=ENV
WEIGHT_BUDGET_INPUT=2048
WEIGHT_BUDGET_PARSE=PASS
WEIGHT_BUDGET_MIB=2048
WEIGHT_BUDGET_BYTES=2147483648
WEIGHT_BUDGET_SOURCE=ENV
WEIGHT_BUDGET_INPUT=2048
WEIGHT_BUDGET_PARSE=PASS
WEIGHT_BUDGET_MIB=2048
WEIGHT_BUDGET_BYTES=2147483648
WEIGHT_BUDGET_SOURCE=ENV
WEIGHT_BUDGET_INPUT=2048
WEIGHT_BUDGET_PARSE=PASS
WEIGHT_BUDGET_MIB=2048
WEIGHT_BUDGET_BYTES=2147483648
WEIGHT_BUDGET_SOURCE=ENV
WEIGHT_BUDGET_INPUT=2048
WEIGHT_BUDGET_PARSE=PASS
WEIGHT_BUDGET_MIB=2048
WEIGHT_BUDGET_BYTES=2147483648
WEIGHT_BUDGET_SOURCE=ENV
WEIGHT_BUDGET_INPUT=2048
WEIGHT_BUDGET_PARSE=PASS
WEIGHT_BUDGET_MIB=2048
WEIGHT_BUDGET_BYTES=2147483648
WEIGHT_BUDGET_SOURCE=ENV
WEIGHT_BUDGET_INPUT=2048
WEIGHT_BUDGET_PARSE=PASS
WEIGHT_BUDGET_MIB=2048
WEIGHT_BUDGET_BYTES=2147483648
WEIGHT_BUDGET_SOURCE=ENV
WEIGHT_BUDGET_INPUT=2048
WEIGHT_BUDGET_PARSE=PASS
WEIGHT_BUDGET_MIB=2048
WEIGHT_BUDGET_BYTES=2147483648
WEIGHT_BUDGET_SOURCE=ENV
WEIGHT_BUDGET_INPUT=2048
WEIGHT_BUDGET_PARSE=PASS
WEIGHT_BUDGET_MIB=2048
WEIGHT_BUDGET_BYTES=2147483648
WEIGHT_BUDGET_SOURCE=ENV
WEIGHT_BUDGET_INPUT=2048
WEIGHT_BUDGET_PARSE=PASS
WEIGHT_BUDGET_MIB=2048
WEIGHT_BUDGET_BYTES=2147483648
WEIGHT_BUDGET_SOURCE=ENV
WEIGHT_BUDGET_INPUT=2048
WEIGHT_BUDGET_PARSE=PASS
WEIGHT_BUDGET_MIB=2048
WEIGHT_BUDGET_BYTES=2147483648
WEIGHT_BUDGET_SOURCE=ENV
WEIGHT_BUDGET_INPUT=2048
WEIGHT_BUDGET_PARSE=PASS
WEIGHT_BUDGET_MIB=2048
WEIGHT_BUDGET_BYTES=2147483648
WEIGHT_BUDGET_SOURCE=ENV
WEIGHT_BUDGET_INPUT=2048
WEIGHT_BUDGET_PARSE=PASS
WEIGHT_BUDGET_MIB=2048
WEIGHT_BUDGET_BYTES=2147483648
WEIGHT_BUDGET_SOURCE=ENV
WEIGHT_BUDGET_INPUT=2048
WEIGHT_BUDGET_PARSE=PASS
WEIGHT_BUDGET_MIB=2048
WEIGHT_BUDGET_BYTES=2147483648
WEIGHT_BUDGET_SOURCE=ENV
WEIGHT_BUDGET_INPUT=2048
WEIGHT_BUDGET_PARSE=PASS
WEIGHT_BUDGET_MIB=2048
WEIGHT_BUDGET_BYTES=2147483648
WEIGHT_BUDGET_SOURCE=ENV
WEIGHT_BUDGET_INPUT=2048
WEIGHT_BUDGET_PARSE=PASS
WEIGHT_BUDGET_MIB=2048
WEIGHT_BUDGET_BYTES=2147483648
WEIGHT_BUDGET_SOURCE=ENV
WEIGHT_BUDGET_INPUT=2048
WEIGHT_BUDGET_PARSE=PASS
WEIGHT_BUDGET_MIB=2048
WEIGHT_BUDGET_BYTES=2147483648
WEIGHT_BUDGET_SOURCE=ENV
WEIGHT_BUDGET_INPUT=2048
WEIGHT_BUDGET_PARSE=PASS
WEIGHT_BUDGET_MIB=2048
WEIGHT_BUDGET_BYTES=2147483648
WEIGHT_BUDGET_SOURCE=ENV
HEAP_OK_FINAL_NORM_BEFORE=1
FINAL_NORM_SRC_PTR=00000211F83F3060
FINAL_NORM_DST_PTR=00000211F83F3060
FINAL_NORM_WEIGHT_PTR=00000211A0D30000
FINAL_NORM_WEIGHT_SOURCE=HOST_MAPPED
FINAL_NORM_WEIGHT_FULFILLED=1
FINAL_NORM_WEIGHT_BYTES=12288
FINAL_NORM_WEIGHT_0=1.765625
FINAL_NORM_WEIGHT_1=1.75
FINAL_NORM_WEIGHT_2=1.5625
FINAL_NORM_WEIGHT_3=1.7734375
FINAL_NORM_WEIGHT_L2=91.4481258
FINAL_NORM_SUMSQ=14254.7795
FINAL_NORM_MEAN_SQ=4.64022769
FINAL_NORM_EPS=9.99999975e-06
FINAL_NORM_INV_RMS=0.464226454
FINAL_NORM_SRC_0=0.383522063
FINAL_NORM_DST_0=0.314353794
FINAL_NORM_AFTER_L2=57.257367
HEAP_OK_FINAL_NORM_AFTER=1
HEAP_OK_COMPUTE_LOGITS_ENTER=1
HEAP_OK_LOGITS_LINEARW_BEFORE=1
HEAP_OK_LOGITS_LINEARW_AFTER=1
PERSISTENT_DECODE_TOKEN t=62 kv=99 devices=2 model=1 gpu_res=1 ssvk=1 bind=1 sealed=0 dev_create=1 model_load=1 cmd_rebuild=0 ds_reset=0
RESIDENCY_TOKEN t=62 kv=99 devices=2 model=1 gpu_res=1 dev_create=1 model_load=1 weight_up=197 weight_hit=12326 content_hit=12264 reload_B=0 pin_evict=0 pin_rej=0 res_B=1032192000
BATCH2_PRODUCT_DECODE_BIND=PASS token=62
BIND16_WINDOW_AUTHORITY=1
ROOFLINE_TOKEN t=63 dt_ns=1096522400 wup=197 s0=1485 s1=1287
WEIGHT_BUDGET_INPUT=2048
WEIGHT_BUDGET_PARSE=PASS
WEIGHT_BUDGET_MIB=2048
WEIGHT_BUDGET_BYTES=2147483648
WEIGHT_BUDGET_SOURCE=ENV
WEIGHT_BUDGET_INPUT=2048
WEIGHT_BUDGET_PARSE=PASS
WEIGHT_BUDGET_MIB=2048
WEIGHT_BUDGET_BYTES=2147483648
WEIGHT_BUDGET_SOURCE=ENV
WEIGHT_BUDGET_INPUT=2048
WEIGHT_BUDGET_PARSE=PASS
WEIGHT_BUDGET_MIB=2048
WEIGHT_BUDGET_BYTES=2147483648
WEIGHT_BUDGET_SOURCE=ENV
WEIGHT_BUDGET_INPUT=2048
WEIGHT_BUDGET_PARSE=PASS
WEIGHT_BUDGET_MIB=2048
WEIGHT_BUDGET_BYTES=2147483648
WEIGHT_BUDGET_SOURCE=ENV
WEIGHT_BUDGET_INPUT=2048
WEIGHT_BUDGET_PARSE=PASS
WEIGHT_BUDGET_MIB=2048
WEIGHT_BUDGET_BYTES=2147483648
WEIGHT_BUDGET_SOURCE=ENV
WEIGHT_BUDGET_INPUT=2048
WEIGHT_BUDGET_PARSE=PASS
WEIGHT_BUDGET_MIB=2048
WEIGHT_BUDGET_BYTES=2147483648
WEIGHT_BUDGET_SOURCE=ENV
WEIGHT_BUDGET_INPUT=2048
WEIGHT_BUDGET_PARSE=PASS
WEIGHT_BUDGET_MIB=2048
WEIGHT_BUDGET_BYTES=2147483648
WEIGHT_BUDGET_SOURCE=ENV
WEIGHT_BUDGET_INPUT=2048
WEIGHT_BUDGET_PARSE=PASS
WEIGHT_BUDGET_MIB=2048
WEIGHT_BUDGET_BYTES=2147483648
WEIGHT_BUDGET_SOURCE=ENV
WEIGHT_BUDGET_INPUT=2048
WEIGHT_BUDGET_PARSE=PASS
WEIGHT_BUDGET_MIB=2048
WEIGHT_BUDGET_BYTES=2147483648
WEIGHT_BUDGET_SOURCE=ENV
WEIGHT_BUDGET_INPUT=2048
WEIGHT_BUDGET_PARSE=PASS
WEIGHT_BUDGET_MIB=2048
WEIGHT_BUDGET_BYTES=2147483648
WEIGHT_BUDGET_SOURCE=ENV
WEIGHT_BUDGET_INPUT=2048
WEIGHT_BUDGET_PARSE=PASS
WEIGHT_BUDGET_MIB=2048
WEIGHT_BUDGET_BYTES=2147483648
WEIGHT_BUDGET_SOURCE=ENV
WEIGHT_BUDGET_INPUT=2048
WEIGHT_BUDGET_PARSE=PASS
WEIGHT_BUDGET_MIB=2048
WEIGHT_BUDGET_BYTES=2147483648
WEIGHT_BUDGET_SOURCE=ENV
WEIGHT_BUDGET_INPUT=2048
WEIGHT_BUDGET_PARSE=PASS
WEIGHT_BUDGET_MIB=2048
WEIGHT_BUDGET_BYTES=2147483648
WEIGHT_BUDGET_SOURCE=ENV
WEIGHT_BUDGET_INPUT=2048
WEIGHT_BUDGET_PARSE=PASS
WEIGHT_BUDGET_MIB=2048
WEIGHT_BUDGET_BYTES=2147483648
WEIGHT_BUDGET_SOURCE=ENV
WEIGHT_BUDGET_INPUT=2048
WEIGHT_BUDGET_PARSE=PASS
WEIGHT_BUDGET_MIB=2048
WEIGHT_BUDGET_BYTES=2147483648
WEIGHT_BUDGET_SOURCE=ENV
WEIGHT_BUDGET_INPUT=2048
WEIGHT_BUDGET_PARSE=PASS
WEIGHT_BUDGET_MIB=2048
WEIGHT_BUDGET_BYTES=2147483648
WEIGHT_BUDGET_SOURCE=ENV
WEIGHT_BUDGET_INPUT=2048
WEIGHT_BUDGET_PARSE=PASS
WEIGHT_BUDGET_MIB=2048
WEIGHT_BUDGET_BYTES=2147483648
WEIGHT_BUDGET_SOURCE=ENV
WEIGHT_BUDGET_INPUT=2048
WEIGHT_BUDGET_PARSE=PASS
WEIGHT_BUDGET_MIB=2048
WEIGHT_BUDGET_BYTES=2147483648
WEIGHT_BUDGET_SOURCE=ENV
WEIGHT_BUDGET_INPUT=2048
WEIGHT_BUDGET_PARSE=PASS
WEIGHT_BUDGET_MIB=2048
WEIGHT_BUDGET_BYTES=2147483648
WEIGHT_BUDGET_SOURCE=ENV
WEIGHT_BUDGET_INPUT=2048
WEIGHT_BUDGET_PARSE=PASS
WEIGHT_BUDGET_MIB=2048
WEIGHT_BUDGET_BYTES=2147483648
WEIGHT_BUDGET_SOURCE=ENV
WEIGHT_BUDGET_INPUT=2048
WEIGHT_BUDGET_PARSE=PASS
WEIGHT_BUDGET_MIB=2048
WEIGHT_BUDGET_BYTES=2147483648
WEIGHT_BUDGET_SOURCE=ENV
WEIGHT_BUDGET_INPUT=2048
WEIGHT_BUDGET_PARSE=PASS
WEIGHT_BUDGET_MIB=2048
WEIGHT_BUDGET_BYTES=2147483648
WEIGHT_BUDGET_SOURCE=ENV
WEIGHT_BUDGET_INPUT=2048
WEIGHT_BUDGET_PARSE=PASS
WEIGHT_BUDGET_MIB=2048
WEIGHT_BUDGET_BYTES=2147483648
WEIGHT_BUDGET_SOURCE=ENV
WEIGHT_BUDGET_INPUT=2048
WEIGHT_BUDGET_PARSE=PASS
WEIGHT_BUDGET_MIB=2048
WEIGHT_BUDGET_BYTES=2147483648
WEIGHT_BUDGET_SOURCE=ENV
WEIGHT_BUDGET_INPUT=2048
WEIGHT_BUDGET_PARSE=PASS
WEIGHT_BUDGET_MIB=2048
WEIGHT_BUDGET_BYTES=2147483648
WEIGHT_BUDGET_SOURCE=ENV
WEIGHT_BUDGET_INPUT=2048
WEIGHT_BUDGET_PARSE=PASS
WEIGHT_BUDGET_MIB=2048
WEIGHT_BUDGET_BYTES=2147483648
WEIGHT_BUDGET_SOURCE=ENV
WEIGHT_BUDGET_INPUT=2048
WEIGHT_BUDGET_PARSE=PASS
WEIGHT_BUDGET_MIB=2048
WEIGHT_BUDGET_BYTES=2147483648
WEIGHT_BUDGET_SOURCE=ENV
WEIGHT_BUDGET_INPUT=2048
WEIGHT_BUDGET_PARSE=PASS
WEIGHT_BUDGET_MIB=2048
WEIGHT_BUDGET_BYTES=2147483648
WEIGHT_BUDGET_SOURCE=ENV
WEIGHT_BUDGET_INPUT=2048
WEIGHT_BUDGET_PARSE=PASS
WEIGHT_BUDGET_MIB=2048
WEIGHT_BUDGET_BYTES=2147483648
WEIGHT_BUDGET_SOURCE=ENV
WEIGHT_BUDGET_INPUT=2048
WEIGHT_BUDGET_PARSE=PASS
WEIGHT_BUDGET_MIB=2048
WEIGHT_BUDGET_BYTES=2147483648
WEIGHT_BUDGET_SOURCE=ENV
HEAP_OK_FINAL_NORM_BEFORE=1
FINAL_NORM_SRC_PTR=00000211F83F6060
FINAL_NORM_DST_PTR=00000211F83F6060
FINAL_NORM_WEIGHT_PTR=00000211A0D30000
FINAL_NORM_WEIGHT_SOURCE=HOST_MAPPED
FINAL_NORM_WEIGHT_FULFILLED=1
FINAL_NORM_WEIGHT_BYTES=12288
FINAL_NORM_WEIGHT_0=1.765625
FINAL_NORM_WEIGHT_1=1.75
FINAL_NORM_WEIGHT_2=1.5625
FINAL_NORM_WEIGHT_3=1.7734375
FINAL_NORM_WEIGHT_L2=91.4481258
FINAL_NORM_SUMSQ=14345.5497
FINAL_NORM_MEAN_SQ=4.66977531
FINAL_NORM_EPS=9.99999975e-06
FINAL_NORM_INV_RMS=0.462755471
FINAL_NORM_SRC_0=0.37214613
FINAL_NORM_DST_0=0.304062992
FINAL_NORM_AFTER_L2=57.2723494
HEAP_OK_FINAL_NORM_AFTER=1
HEAP_OK_COMPUTE_LOGITS_ENTER=1
HEAP_OK_LOGITS_LINEARW_BEFORE=1
HEAP_OK_LOGITS_LINEARW_AFTER=1
PERSISTENT_DECODE_TOKEN t=63 kv=100 devices=2 model=1 gpu_res=1 ssvk=1 bind=1 sealed=0 dev_create=1 model_load=1 cmd_rebuild=0 ds_reset=0
RESIDENCY_TOKEN t=63 kv=100 devices=2 model=1 gpu_res=1 dev_create=1 model_load=1 weight_up=197 weight_hit=12411 content_hit=12348 reload_B=0 pin_evict=0 pin_rej=0 res_B=1032192000
BATCH2_PRODUCT_DECODE_BIND=PASS token=63
BIND16_WINDOW_AUTHORITY=1
ROOFLINE_TOKEN t=64 dt_ns=1090471600 wup=197 s0=1500 s1=1300
GPU_FORWARD_CHILD_ONE_IGNORE
GPU_ISO_RUN=G0
IGNORED_GPU_OWNER=NONE
DIAGNOSTIC_ONLY=1
PROMOTE=0
GPU_FORWARD_CHILD_ONE_IGNORE_END=1
GPU_FORWARD_CHILD_IGNORE_DROP=1
GPU_FORWARD_IGNORE_ARMED=1
GPU_FORWARD_IGNORE_VALID=1
GPU_FORWARD_IGNORE_CHILD=NONE
GPU_FORWARD_ONE_IGNORE_ONLY=1
GPU_FORWARD_LAYERS=2800
GPU_CHILD=QKV ATTEMPTED=2800 EXECUTED=2800 IGNORED=0 NS=24074379300 MS=24074.379
GPU_CHILD=KV_UPDATE ATTEMPTED=2800 EXECUTED=2800 IGNORED=0 NS=3225000 MS=3.225
GPU_CHILD=DEVICE_ATTN ATTEMPTED=2800 EXECUTED=2800 IGNORED=0 NS=1876300 MS=1.876
GPU_CHILD=ATTN_OUTPUT_PROJ ATTEMPTED=2800 EXECUTED=2800 IGNORED=0 NS=148933200 MS=148.933
GPU_CHILD=FFN ATTEMPTED=2800 EXECUTED=2800 IGNORED=0 NS=26732985200 MS=26732.985
GPU_CHILD=SYNC_WAIT ATTEMPTED=2800 EXECUTED=2800 IGNORED=0 NS=416000 MS=0.416
SELECTED_CHILD_EVIDENCE_FIRED=0
CLAIM_AUTHORITY=OWN_RUNTIME_EMISSION_ONLY
PROMOTE=0
GATE=G0_REFERENCE
DEEP2_GPU_ISO_RUN=1
GPU_FORWARD_CHILD_IGNORE=NONE
GPU_FORWARD_CALLS=2800
GPU_FORWARD_MS=73403.773
QKV_CALLS=2800
QKV_MS=24074.379
QKV_IGNORE_REQUESTED=0
QKV_IGNORE_APPLIED=0
DEVICE_ATTENTION_CALLS=2800
DEVICE_ATTENTION_MS=1.876
DEVICE_ATTENTION_IGNORE_REQUESTED=0
DEVICE_ATTENTION_IGNORE_APPLIED=0
FFN_CALLS=2800
FFN_MS=26732.985
FFN_IGNORE_REQUESTED=0
FFN_IGNORE_APPLIED=0
GEMV_CALLS=0
GEMV_MS=0.000
GEMV_IGNORE_REQUESTED=0
GEMV_IGNORE_APPLIED=0
OUTPUT_PROJECTION_CALLS=2800
OUTPUT_PROJECTION_MS=148.933
OUTPUT_PROJECTION_IGNORE_REQUESTED=0
OUTPUT_PROJECTION_IGNORE_APPLIED=0
KV_CALLS=2800
KV_MS=3.225
KV_IGNORE_REQUESTED=0
KV_IGNORE_APPLIED=0
SYNC_CALLS=2800
SYNC_MS=0.416
SYNC_IGNORE_REQUESTED=0
SYNC_IGNORE_APPLIED=0
READBACK_CALLS=0
READBACK_MS=0.000
READBACK_IGNORE_REQUESTED=0
READBACK_IGNORE_APPLIED=0
IGNORE_REQUESTED=0
IGNORE_APPLIED=0
BLOCKED_AT=NONE
GATE_BLOCKED_AT=NONE
CLAIM_AUTHORITY=OWN_RUNTIME_EMISSION_ONLY
RUNTIME_AUTHORITY=1
OLLAMA_HTTP=0
PROMOTE=0
TOKENS_COMMITTED=64
PRODUCT_ENTRY_PATH=1
STREAM_RUNTIME_PATH=1
MODEL_GRAPH_COMPLETE=1
NEMOTRON_SSM_REAL=0
SSM_REAL_LAYERS=0 SSM_IDENTITY_LAYERS=0 SSM_HYBRID_LAYERS=0 SSM_MAMBA_ARMED=0
NUMERIC_PARITY=UNPROVEN
FUNCTIONAL_MODEL_PASS=0
GATE=NEMOTRON_H_REAL_SSM_001
PRODUCTION_DECODE_PATH=0
PROMOTE=0
SSM_CERT=NOT_CERTIFIED
RAWRXD_PRODUCT_PATH_001=1
PRODUCT_PATH=CLI|IDE|Bridge→Deep2Engine::generateStream→token_commit→stream→receipt
SYNTHETIC_TOKEN_PATH=0
PATH=generateStream
MODEL=llama
RAWRXD_FUNCTIONAL_CHAMPION_001
RAWRXD_TPS_KILLER_SEAL_001
MODEL=llama
PATH=generateStream
TOKENS_REQUESTED=64
TOKENS_COMMITTED=64
GENERATION_WALL_NS=76237724500
DECODE_TPS_REAL=0.839479
PRODUCT_FLOOR_TPS=5.000
PRODUCT_WALL_MAX_NS=12800000000
PARITY_PASS=1
FUNCTIONAL_PASS=1
CANDIDATE_BEATS_CHAMPION=0
CANDIDATE_KILLED=1
FUNCTIONAL_CHAMPION=0
TPS_PRODUCT_SEAL=0
SPIN_CLOSE_BLOCKER=NONE
SPIN_CLOSE_BLOCKER_OWNER=NONE
SPIN_CLOSE_BLOCKER_US=0
BLOCKED_AT=CHAMPION_REGRESSION
DO_NOT_REOPEN=KvaInversion
DO_NOT_REOPEN=KVA_CLIMB
DO_NOT_REOPEN=BATCH_007
RAWRXD_PERFORMANCE_001=OPEN
RAWRXD_PRODUCT_TPS_001=OPEN
PROMOTE=0
NOTE=TPS_PRODUCT_SEAL_NE_PRODUCT_PASS;FINAL_READY=PRODUCT_OPEN_PASS&&SESSION_ENTER_PASS&&GENERATED_TOKENS>0&&TOKEN_COMMIT_PASS
RECEIPT_END=RAWRXD_TPS_KILLER_SEAL_001
DECODE_LOOP_ATTRIBUTION_BEGIN=1
TOKENS_REQUESTED=64
TOKENS_COMMITTED=64
TOKENS_DECODED=64
TOKENIZER_SINGLE_CALLS=64
TOKENIZER_SEQUENCE_CALLS=0
DETOK_WALL_NS=12900
CALLBACK_WALL_NS=502100
DETOK_RAW_BYTES=122
DETOK_EMITTED_BYTES=122
DETOK_UTF8_PENDING_BYTES=0
DETOK_UTF8_ERRORS=0
DECODE_REPLAY_FACTOR=1.000000
DECODE_LOOP_ATTRIBUTION_END=1
MODEL_RUNTIME_OVERLAY_BEGIN=1
MODEL_LOCATION=G:\~dev\rawrxd\llama3.2-3b-Q2_K.gguf
MODEL_FINGERPRINT=15715361497692516295 RUN_ID=generateStream
PREFILL=OBSERVED DECODE=OBSERVED TOKENS_COMMITTED=64
STREAMER_TPS=0.826363 FORWARD_MS=0.000 LOGITS_MS=0.000 SAMPLE_MS=0.000 DETOK_MS=0.000 CALLBACK_MS=0.000 RECEIPT_MS=0.000
CLEAN_EXIT=1 CRASH_OBSERVED=0 BLOCKED_AT=NONE DISPOSITION=CLEAN_EXIT
DISCOVERY_MUTATION=0 AUTHORITY_CLASS=RUNTIME_OVERLAY PROMOTE=0
MODEL_RUNTIME_OVERLAY_END=1
ONE_BY_ONE_IGNORE_LADDER_001
ISOLATION_RUN=A0
IGNORED_OWNER=NONE
DIAGNOSTIC_ONLY=1
PROMOTE=0
TOKENS_REQUESTED=64
TOKENS_COMMITTED=64
TOKENS_DECODED=64
TOTAL_WALL_MS=76237.558
PREFILL_MS=8707.138
DECODE_MS=67520.221
FORWARD_MS=73403.773
LOGITS_MS=2634.846
SAMPLE_MS=34.238
DETOK_MS=0.049
CALLBACK_MS=0.502
RECEIPT_MS=0.172
KV_MS=33.232
TPS=0.933
DELTA_VS_BASELINE_PCT=0.000
ONE_BY_ONE_IGNORE_LADDER_END=1
DECODE_BLOCKER_ATTRIBUTION_BEGIN=1
IGNORED_OWNER=NONE DIAGNOSTIC_ONLY=1 PROMOTE=0
TOKENS_REQUESTED=64 TOKENS_COMMITTED=64 TOKENS_DECODED=64
TOKENIZER_SINGLE_CALLS=64 TOKENIZER_SEQUENCE_CALLS=0 DECODE_REPLAY_FACTOR=1.000000
TOTAL_WALL_MS=76237.724 PREFILL_MS=8707.138 DECODE_MS=67520.221 ACCOUNTED_MS=76107.607
FORWARD_MS=73404.520 LOGITS_MS=2634.847 SAMPLE_MS=34.238 DETOK_MS=0.096 CALLBACK_MS=0.502 RECEIPT_MS=0.172 KV_MS=33.232 OTHER_MS=0.000
DECODE_OWNER=FORWARD
DECODE_BLOCKER_ATTRIBUTION_END=1
RXEV_SURFACE ARMED=0 DISPOSITION=NO_RUN_STATE
RXOW stage=NONE br=BR_NO_RUN_STATE layers=0 tensors=0 graph=0 decode0=0 note=norun_unclassified
[LIFE] ~Deep2Engine BEGIN
[LIFE] disableMARS
[LIFE] shutdown cyclone before elastic
TD=03 KV_RELEASE_BEGIN
TD=04 KV_RELEASE_END
[LIFE] unloadModel
[LIFE] unloadModel BEGIN
[LIFE] unloadModel close bp16Streamer
[LIFE] unloadModel clear weight aliases (no alignedFree) layers=28
[LIFE] unloadModel FreeTensorData ggufResult (255 tensors)
[LIFE] unloadModel reset kvCache
[LIFE] unloadModel deallocateBuffers
[LIFE] unloadModel END
RXEV_SURFACE ARMED=0 DISPOSITION=NO_RUN_STATE
RXOW stage=NONE br=BR_NO_RUN_STATE layers=0 tensors=0 graph=0 decode0=0 note=norun_unclassified
[LIFE] release MoE
TD=05 WINDOW_RELEASE_BEGIN
TD=06 WINDOW_RELEASE_END
TD=07 GPU_DESTROY_BEGIN
[LIFE] release vulkan devices
TD=08 GPU_DESTROY_END
[LIFE] stop telemetryController
TD=09 MODEL_DESTROY_BEGIN
TD=10 MODEL_DESTROY_END
[LIFE] ~Deep2Engine END
TD=11 CLEAN_EXIT
[StreamEngine] Shutdown
