"source","target","target_type","exclude_from_all","target_family","production","win32ide","deep2","test","benchmark","conditional","duplicate_family","stub_risk","line"
"/cutils.c","quickjs_static","library","false","supporting production","true","false","false","false","false","true","","false","5212"
"/dtoa.c","quickjs_static","library","false","supporting production","true","false","false","false","false","true","","false","5212"
"/libbf.c","quickjs_static","library","false","supporting production","true","false","false","false","false","true","","false","5212"
"/libregexp.c","quickjs_static","library","false","supporting production","true","false","false","false","false","true","","false","5212"
"/libunicode.c","quickjs_static","library","false","supporting production","true","false","false","false","false","true","","false","5212"
"/OmegaPowerShellBridge.cpp","Omega1Engine","library","false","supporting production","true","false","false","false","false","false","omegapowershellbridge.cpp","false","1889"
"/OmegaPowerShellBridge.h","Omega1Engine","library","false","supporting production","true","false","false","false","false","false","","false","1889"
"/quickjs-libc.c","quickjs_static","library","false","supporting production","true","false","false","false","false","true","","false","5212"
"/quickjs.c","quickjs_static","library","false","supporting production","true","false","false","false","false","true","","false","5212"
"/src/core/missing_handler_stubs.cpp","ssot_stub_lane_objs","library","false","supporting production","true","false","false","false","false","true","missing_handler_stubs.cpp","true","5589"
"/src/core/ssot_missing_handlers_provider.cpp","ssot_stub_lane_objs","library","false","supporting production","true","false","false","false","false","true","","false","5589"
"/zlib_runtime_loader.cpp","RawrXD_Compression","library","false","supporting production","true","false","false","false","false","false","","false","1919"
"Ship/RawrXD_AgentCoordinator.cpp","RawrXD-Win32IDE","executable","false","shipped/product","true","true","false","false","false","true","","false","5079"
"Ship/RawrXD_AutonomousAgenticPipeline.cpp","RawrXD-Win32IDE","executable","false","shipped/product","true","true","false","false","false","true","","false","5079"
"Ship/RawrXD_AutonomousAgenticPipeline.cpp","test_autonomous_pipeline","executable","false","test","false","false","false","true","false","true","","false","6037"
"src/adapter/RawrXDEngineAdapter.cpp","test_generation","executable","false","test","false","false","false","true","false","false","","false","7488"
"src/agent_explainability.cpp","RawrXD-Win32IDE","executable","false","shipped/product","true","true","false","false","false","true","","false","5079"
"src/agent_history.cpp","RawrXD-Win32IDE","executable","false","shipped/product","true","true","false","false","false","true","","false","5079"
"src/agent_policy.cpp","RawrXD-Win32IDE","executable","false","shipped/product","true","true","false","false","false","true","","false","5079"
"src/agent/agent_self_healing_orchestrator.cpp","RawrXD-Win32IDE","executable","false","shipped/product","true","true","false","false","false","true","","false","5079"
"src/agent/agent_self_repair.cpp","RawrXD-Win32IDE","executable","false","shipped/product","true","true","false","false","false","true","","false","5079"
"src/agent/agentic_failure_detector.cpp","RawrXD-Win32IDE","executable","false","shipped/product","true","true","false","false","false","true","","false","5079"
"src/agent/agentic_hotpatch_orchestrator.cpp","RawrXD-Win32IDE","executable","false","shipped/product","true","true","false","false","false","true","","false","5079"
"src/agent/agentic_puppeteer.cpp","RawrXD-Win32IDE","executable","false","shipped/product","true","true","false","false","false","true","","false","5079"
"src/agent/autonomous_subagent.cpp","RawrXD-Win32IDE","executable","false","shipped/product","true","true","false","false","false","true","","false","5079"
"src/agent/DiskRecoveryAgent.cpp","RawrXD-Win32IDE","executable","false","shipped/product","true","true","false","false","false","true","diskrecoveryagent.cpp","false","5079"
"src/agent/eval_framework.cpp","RawrXD-Win32IDE","executable","false","shipped/product","true","true","false","false","false","true","","false","5079"
"src/agent/llm_http_client.cpp","RawrXD-Win32IDE","executable","false","shipped/product","true","true","false","false","false","true","","false","5079"
"src/agent/local_reasoning_engine.cpp","RawrXD-Win32IDE","executable","false","shipped/product","true","true","false","false","false","true","","false","5079"
"src/agent/meta_planner.cpp","RawrXD-Win32IDE","executable","false","shipped/product","true","true","false","false","false","true","","false","5079"
"src/agent/model_invoker.cpp","RawrXD-Win32IDE","executable","false","shipped/product","true","true","false","false","false","true","","false","5079"
"src/agent/planner.cpp","RawrXD-Win32IDE","executable","false","shipped/product","true","true","false","false","false","true","","false","5079"
"src/agent/quantum_agent_orchestrator.cpp","RawrXD-Win32IDE","executable","false","shipped/product","true","true","false","false","false","true","","false","5079"
"src/agent/quantum_autonomous_todo_system.cpp","RawrXD-Win32IDE","executable","false","shipped/product","true","true","false","false","false","true","","false","5079"
"src/agent/quantum_dynamic_time_manager_impl.cpp","RawrXD_Gold","executable","false","shipped/product","true","false","false","false","false","false","","false","2376"
"src/agent/quantum_dynamic_time_manager.cpp","RawrXD-Win32IDE","executable","false","shipped/product","true","true","false","false","false","true","","false","5079"
"src/agent/quantum_missing_impl.cpp","RawrXD-Win32IDE","executable","false","shipped/product","true","true","false","false","false","true","","true","5079"
"src/agent/quantum_multi_model_agent_cycling.cpp","RawrXD-Win32IDE","executable","false","shipped/product","true","true","false","false","false","true","","false","5079"
"src/agent/quantum_production_orchestrator.cpp","RawrXD-Win32IDE","executable","false","shipped/product","true","true","false","false","false","true","","false","5079"
"src/agent/telemetry_collector.cpp","RawrXD-Win32IDE","executable","false","shipped/product","true","true","false","false","false","true","","false","5079"
"src/agentic_agent_coordinator.cpp","RawrXD-Win32IDE","executable","false","shipped/product","true","true","false","false","false","true","","false","5079"
"src/agentic_engine.cpp","RawrXD-Win32IDE","executable","false","shipped/product","true","true","false","false","false","true","","false","5079"
"src/agentic_loop_state.cpp","RawrXD-Win32IDE","executable","false","shipped/product","true","true","false","false","false","true","","false","5079"
"src/agentic_observability.cpp","RawrXD-Win32IDE","executable","false","shipped/product","true","true","false","false","false","true","","false","5079"
"src/agentic/AdvancedAgentCoordinator.cpp","RawrEngine","executable","false","shipped/product","true","false","false","false","false","false","","false","1967"
"src/agentic/AdvancedAgentCoordinator.cpp","RawrXD_Gold","executable","false","shipped/product","true","false","false","false","false","false","","false","2376"
"src/agentic/AdvancedAgentCoordinator.cpp","RawrXD-Win32IDE","executable","false","shipped/product","true","true","false","false","false","true","","false","5079"
"src/agentic/agent_tool_quantize.cpp","RawrXD_NanoQuant","library","false","supporting production","true","false","false","false","false","true","","false","3220"
"src/agentic/agent_workflow_orchestrator.cpp","RawrXD-Win32IDE","executable","false","shipped/product","true","true","false","false","false","true","","false","5079"
"src/agentic/agentic_audit_sink.cpp","agentic_orchestrator_smoke_test","executable","true","test","false","false","false","true","false","false","","false","6692"
"src/agentic/agentic_audit_sink.cpp","RawrXD-Win32IDE","executable","false","shipped/product","true","true","false","false","false","true","","false","5079"
"src/agentic/agentic_composer_ux.cpp","RawrXD-Win32IDE","executable","false","shipped/product","true","true","false","false","false","true","","false","5079"
"src/agentic/agentic_executor.cpp","RawrXD-Win32IDE","executable","false","shipped/product","true","true","false","false","false","true","","false","5079"
"src/agentic/agentic_orchestrator_integration.cpp","agentic_orchestrator_smoke_test","executable","true","test","false","false","false","true","false","false","","false","6692"
"src/agentic/agentic_orchestrator_integration.cpp","RawrXD-Win32IDE","executable","false","shipped/product","true","true","false","false","false","true","","false","5079"
"src/agentic/agentic_orchestrator_smoke_test.cpp","agentic_orchestrator_smoke_test","executable","true","test","false","false","false","true","false","false","","false","6692"
"src/agentic/agentic_planning_orchestrator.cpp","agentic_orchestrator_smoke_test","executable","true","test","false","false","false","true","false","false","","false","6692"
"src/agentic/agentic_planning_orchestrator.cpp","RawrXD-Win32IDE","executable","false","shipped/product","true","true","false","false","false","true","","false","5079"
"src/agentic/agentic_transaction.cpp","RawrXD-Win32IDE","executable","false","shipped/product","true","true","false","false","false","true","","false","5079"
"src/agentic/AgenticDeepThinkingEngine.cpp","RawrXD-Win32IDE","executable","false","shipped/product","true","true","false","false","false","true","","false","5079"
"src/agentic/AgenticNavigator.cpp","RawrXD-Win32IDE","executable","false","shipped/product","true","true","false","false","false","true","","false","5079"
"src/agentic/AgentOllamaClient.cpp","RawrEngine","executable","false","shipped/product","true","false","false","false","false","true","","false","2050"
"src/agentic/AgentOllamaClient.cpp","RawrXD_Gold","executable","false","shipped/product","true","false","false","false","false","false","","false","2376"
"src/agentic/AgentOllamaClient.cpp","RawrXD-AutoFixCLI","executable","false","supporting production","true","false","false","false","false","true","","false","6051"
"src/agentic/AgentOllamaClient.cpp","RawrXD-Win32IDE","executable","false","shipped/product","true","true","false","false","false","true","","false","5079"
"src/agentic/AgentOrchestrator.cpp","RawrXD-Win32IDE","executable","false","shipped/product","true","true","false","false","false","true","","false","5079"
"src/agentic/AgentToolHandlers.cpp","RawrXD-Win32IDE","executable","false","shipped/product","true","true","false","false","false","true","","false","5079"
"src/agentic/autonomous_background_daemon.cpp","RawrXD-Win32IDE","executable","false","shipped/product","true","true","false","false","false","true","","false","5079"
"src/agentic/autonomous_communicator.cpp","RawrXD-Win32IDE","executable","false","shipped/product","true","true","false","false","false","true","","false","5079"
"src/agentic/autonomous_recovery_orchestrator.cpp","RawrXD-Win32IDE","executable","false","shipped/product","true","true","false","false","false","true","","false","5079"
"src/agentic/autonomous_verification_loop.cpp","RawrXD-Win32IDE","executable","false","shipped/product","true","true","false","false","false","true","","false","5079"
"src/agentic/BoundedAgentLoop.cpp","RawrXD-Win32IDE","executable","false","shipped/product","true","true","false","false","false","true","","false","5079"
"src/agentic/change_impact_analyzer.cpp","RawrXD-Win32IDE","executable","false","shipped/product","true","true","false","false","false","true","","false","5079"
"src/agentic/cognitive/autonomous_orchestrator.cpp","RawrXD-Win32IDE","executable","false","shipped/product","true","true","false","false","false","true","","false","5079"
"src/agentic/cognitive/cognitive_types.cpp","RawrXD-Win32IDE","executable","false","shipped/product","true","true","false","false","false","true","","false","5079"
"src/agentic/cognitive/dynamic_planner.cpp","RawrXD-Win32IDE","executable","false","shipped/product","true","true","false","false","false","true","","false","5079"
"src/agentic/cognitive/enhanced_blackboard.cpp","RawrXD-Win32IDE","executable","false","shipped/product","true","true","false","false","false","true","","false","5079"
"src/agentic/cognitive/mission_director.cpp","RawrXD-Win32IDE","executable","false","shipped/product","true","true","false","false","false","true","","false","5079"
"src/agentic/cognitive/reflection_agent.cpp","RawrXD-Win32IDE","executable","false","shipped/product","true","true","false","false","false","true","","false","5079"
"src/agentic/DeterministicReplayEngine.cpp","RawrXD-Win32IDE","executable","false","shipped/product","true","true","false","false","false","true","","false","5079"
"src/agentic/DiffEngine.cpp","RawrXD-Win32IDE","executable","false","shipped/product","true","true","false","false","false","true","","false","5079"
"src/agentic/DiskRecoveryAgent.cpp","RawrXD-Win32IDE","executable","false","shipped/product","true","true","false","false","false","true","diskrecoveryagent.cpp","false","5079"
"src/agentic/DiskRecoveryToolHandler.cpp","RawrXD-Win32IDE","executable","false","shipped/product","true","true","false","false","false","true","","false","5079"
"src/agentic/ErrorRecoveryManager.cpp","RawrEngine","executable","false","shipped/product","true","false","false","false","false","false","","false","1967"
"src/agentic/ErrorRecoveryManager.cpp","RawrXD_Gold","executable","false","shipped/product","true","false","false","false","false","false","","false","2376"
"src/agentic/ErrorRecoveryManager.cpp","RawrXD-Win32IDE","executable","false","shipped/product","true","true","false","false","false","true","","false","5079"
"src/agentic/failure_intelligence_orchestrator.cpp","RawrXD-Win32IDE","executable","false","shipped/product","true","true","false","false","false","true","","false","5079"
"src/agentic/FIMPromptBuilder.cpp","rawrxd","executable","true","excluded/experimental","false","false","false","false","false","true","","false","222"
"src/agentic/FIMPromptBuilder.cpp","RawrXD-Win32IDE","executable","false","shipped/product","true","true","false","false","false","true","","false","5079"
"src/agentic/hotpatch/Engine.cpp","RawrEngine","executable","false","shipped/product","true","false","false","false","false","false","","false","1967"
"src/agentic/hotpatch/Engine.cpp","RawrXD_Gold","executable","false","shipped/product","true","false","false","false","false","false","","false","2376"
"src/agentic/hotpatch/Engine.cpp","RawrXD-Win32IDE","executable","false","shipped/product","true","true","false","false","false","true","","false","5079"
"src/agentic/observability/Logger.cpp","RawrXD-Win32IDE","executable","false","shipped/product","true","true","false","false","false","true","logger.cpp","false","5079"
"src/agentic/OllamaProvider.cpp","RawrXD-Win32IDE","executable","false","shipped/product","true","true","false","false","false","true","","false","5079"
"src/agentic/OrchestratorBridge.cpp","RawrXD-Win32IDE","executable","false","shipped/product","true","true","false","false","false","true","","false","5079"
"src/agentic/RawrXD_AgentLoop.cpp","RawrXD-Win32IDE","executable","false","shipped/product","true","true","false","false","false","true","","false","5079"
"src/agentic/RobustOllamaParser.cpp","rawrxd","executable","true","excluded/experimental","false","false","false","false","false","true","","false","222"
"src/agentic/RobustOllamaParser.cpp","RawrXD-Win32IDE","executable","false","shipped/product","true","true","false","false","false","true","","false","5079"
"src/agentic/RobustOllamaParser.cpp","SwarmSmokeTest","executable","true","test","false","false","false","true","false","true","","false","6649"
"src/agentic/SubAgentManager.cpp","RawrXD-Win32IDE","executable","false","shipped/product","true","true","false","false","false","true","","false","5079"
"src/agentic/SubAgentManager.cpp","SwarmSmokeTest","executable","true","test","false","false","false","true","false","true","","false","6649"
"src/agentic/ToolRegistry.cpp","RawrXD-Win32IDE","executable","false","shipped/product","true","true","false","false","false","true","toolregistry.cpp","false","5079"
"src/ai_completion_real.cpp","RawrXD-Win32IDE","executable","false","shipped/product","true","true","false","false","false","true","","false","5079"
"src/ai_model_caller.cpp","RawrXD-Win32IDE","executable","false","shipped/product","true","true","false","false","false","true","","false","5079"
"src/ai/multi_file_reasoning.cpp","RawrXD-Win32IDE","executable","false","shipped/product","true","true","false","false","false","true","","false","5079"
"src/ai/repo_refactor_engine.cpp","RawrXD-Win32IDE","executable","false","shipped/product","true","true","false","false","false","true","","false","5079"
"src/ai/semantic_code_search.cpp","RawrXD-Win32IDE","executable","false","shipped/product","true","true","false","false","false","true","","false","5079"
"src/ai/symbol_graph_indexer.cpp","RawrXD-Win32IDE","executable","false","shipped/product","true","true","false","false","false","true","","false","5079"
"src/ai/workspace_embeddings.cpp","RawrXD-Win32IDE","executable","false","shipped/product","true","true","false","false","false","true","","false","5079"
"src/app/cli_entrypoint.cpp","RawrXD-AutoFixCLI","executable","false","supporting production","true","false","false","false","false","true","","false","6051"
"src/asm/byte_search.asm","RawrXD_Gold","executable","false","shipped/product","true","false","false","false","false","true","","false","2263"
"src/asm/byte_search.asm","RawrXD-Win32IDE","executable","false","shipped/product","true","true","false","false","false","true","","false","5079"
"src/asm/diff_engine.asm","RawrXD-Win32IDE","executable","false","shipped/product","true","true","false","false","false","true","","false","5079"
"src/asm/FlashAttention_AVX512.asm","InferenceEngine","library","false","supporting production","true","false","false","false","false","true","","false","3494"
"src/asm/ghost_text_ranker.asm","RawrXD-Win32IDE","executable","false","shipped/product","true","true","false","false","false","true","","false","5079"
"src/asm/inference_core.asm","InferenceEngine","library","false","supporting production","true","false","false","false","false","true","","false","3494"
"src/asm/inference_kernels.asm","InferenceEngine","library","false","supporting production","true","false","false","false","false","true","","false","3494"
"src/asm/memory_patch.asm","RawrXD_Gold","executable","false","shipped/product","true","false","false","false","false","true","","false","2263"
"src/asm/memory_patch.asm","RawrXD-Win32IDE","executable","false","shipped/product","true","true","false","false","false","true","","false","5079"
"src/asm/quant_avx2.asm","InferenceEngine","library","false","supporting production","true","false","false","false","false","true","","false","3494"
"src/asm/rawr_cpu_features.asm","InferenceEngine","library","false","supporting production","true","false","false","false","false","true","","false","3494"
"src/asm/rawr_cpu_features.asm","rawrxd","executable","true","excluded/experimental","false","false","false","false","false","true","","false","222"
"src/asm/rawr_globals.asm","InferenceEngine","library","false","supporting production","true","false","false","false","false","true","","false","3494"
"src/asm/RawrXD_Disasm_Kernel.asm","rawrxd","executable","true","excluded/experimental","false","false","false","false","false","true","","false","222"
"src/asm/RawrXD_DynamicPromptEngine.asm","RawrXD_DynamicPromptEngine","library","false","supporting production","true","false","false","false","false","true","","false","4528"
"src/asm/RawrXD_IPC_Dispatcher.asm","rawrxd","executable","true","excluded/experimental","false","false","false","false","false","true","","false","222"
"src/asm/RawrXD_KQuant_Dequant.asm","InferenceEngine","library","false","supporting production","true","false","false","false","false","true","","false","3494"
"src/asm/RawrXD_KQuant_Kernel.asm","InferenceEngine","library","false","supporting production","true","false","false","false","false","true","","false","3494"
"src/asm/RawrXD_MultiWindow_Kernel.asm","RawrXD_MultiWindow_Kernel","library","false","supporting production","true","false","false","false","false","true","","false","4486"
"src/asm/RawrXD_PE_Exporter.asm","RawrXD_Gold","executable","false","shipped/product","true","false","false","false","false","false","","false","2376"
"src/asm/RawrXD_PE_Exporter.asm","RawrXD-Win32IDE","executable","false","shipped/product","true","true","false","false","false","true","","false","5079"
"src/asm/RawrXD_PE_Importer.asm","RawrXD-Win32IDE","executable","false","shipped/product","true","true","false","false","false","true","","false","5079"
"src/asm/RawrXD_Telemetry_Kernel.asm","InferenceEngine","library","false","supporting production","true","false","false","false","false","true","","false","3494"
"src/auth/QuantumAuthUI.cpp","RawrXD-Win32IDE","executable","false","shipped/product","true","true","false","false","false","true","","false","5079"
"src/auth/rbac_engine.cpp","RawrXD-Win32IDE","executable","false","shipped/product","true","true","false","false","false","true","","false","5079"
"src/autonomous_feature_engine.cpp","RawrXD-Win32IDE","executable","false","shipped/product","true","true","false","false","false","true","","false","5079"
"src/autonomous_intelligence_orchestrator.cpp","RawrXD-Win32IDE","executable","false","shipped/product","true","true","false","false","false","true","","false","5079"
"src/BackendOrchestrator.cpp","BackendOrchestratorShardSmoke","executable","true","test","false","false","false","true","false","false","","false","6671"
"src/BackendOrchestrator.cpp","RawrEngine","executable","false","shipped/product","true","false","false","false","false","false","","false","1967"
"src/BackendOrchestrator.cpp","RawrXD_Gold","executable","false","shipped/product","true","false","false","false","false","false","","false","2376"
"src/BackendOrchestrator.cpp","RawrXD-Win32IDE","executable","false","shipped/product","true","true","false","false","false","true","","false","5079"
"src/benchmark_menu_widget.cpp","RawrXD-Win32IDE","executable","false","shipped/product","true","true","false","false","false","true","","false","5079"
"src/benchmark_runner.cpp","RawrXD-Win32IDE","executable","false","shipped/product","true","true","false","false","false","true","","false","5079"
"src/benchmark/Fix4_FlashAttention_Benchmark.cpp","Fix4_FlashAttention_Benchmark","executable","true","benchmark","false","false","false","false","true","true","","false","6196"
"src/benchmark/Fix5_FusedQuantized_Benchmark.cpp","Fix5_FusedQuantized_Benchmark","executable","true","benchmark","false","false","false","false","true","true","","false","6223"
"src/benchmark/tree_attention_aligned.cpp","tree_attention_aligned","executable","true","excluded/experimental","false","false","false","false","false","true","","false","6350"
"src/benchmark/tree_attention_avx512_intrinsics.cpp","tree_attention_bench_simple","executable","true","benchmark","false","false","false","false","true","true","","false","6305"
"src/benchmark/tree_attention_bench_simple.cpp","tree_attention_bench_simple","executable","true","benchmark","false","false","false","false","true","true","","false","6305"
"src/benchmark/tree_attention_fused_sparse.cpp","tree_attention_fused_sparse","executable","true","excluded/experimental","false","false","false","false","false","true","","false","6438"
"src/benchmark/tree_attention_masm_val038_wrapper.cpp","tree_attention_masm_val038","executable","true","excluded/experimental","false","false","false","false","false","true","","false","6483"
"src/benchmark/tree_attention_masm_val038.asm","tree_attention_masm_val038","executable","true","excluded/experimental","false","false","false","false","false","true","","false","6483"
"src/benchmark/tree_attention_profiled.cpp","tree_attention_profiled","executable","true","excluded/experimental","false","false","false","false","false","true","","false","6328"
"src/benchmark/tree_attention_sparse.cpp","tree_attention_sparse","executable","true","excluded/experimental","false","false","false","false","false","true","","false","6416"
"src/benchmark/tree_attention_tiled.cpp","tree_attention_tiled","executable","true","excluded/experimental","false","false","false","false","false","true","","false","6372"
"src/benchmark/tree_attention_tree_specialized.cpp","tree_attention_tree_specialized","executable","true","excluded/experimental","false","false","false","false","false","true","","false","6460"
"src/benchmark/tree_attention_vectorized.cpp","tree_attention_vectorized","executable","true","excluded/experimental","false","false","false","false","false","true","","false","6394"
"src/benchmark/VAL032_AVX512_Benchmark_Clean.cpp","VAL032_AVX512_Benchmark","executable","true","benchmark","false","false","false","false","true","true","","false","6277"
"src/benchmark/VAL032_SpeculativeDecoding_Benchmark.cpp","VAL032_SpeculativeDecoding_Benchmark","executable","true","benchmark","false","false","false","false","true","true","","false","6250"
"src/benchmark/VAL038_FusedAttention_Benchmark.cpp","VAL038_FusedAttention_Benchmark","executable","true","benchmark","false","false","false","false","true","true","","false","6509"
"src/benchmark/VAL038_Validation_Benchmark.cpp","VAL038_Validation_Benchmark","executable","true","benchmark","false","false","false","false","true","true","","false","6535"
"src/bridge/SwarmIATRegistration.cpp","RawrXD-Win32IDE","executable","false","shipped/product","true","true","false","false","false","true","","false","5079"
"src/bridge/SwarmIATRegistration.cpp","SwarmSmokeTest","executable","true","test","false","false","false","true","false","true","","false","6649"
"src/bridge/UnifiedModelMetadata.cpp","RawrXD-Win32IDE","executable","false","shipped/product","true","true","false","false","false","true","","false","5079"
"src/bridge/Win32SwarmBridge.cpp","RawrXD-Win32IDE","executable","false","shipped/product","true","true","false","false","false","true","","false","5079"
"src/bridge/Win32SwarmBridge.cpp","SwarmSmokeTest","executable","true","test","false","false","false","true","false","true","","false","6649"
"src/cli/generate_cli.cpp","RawrXD-Generate","executable","true","excluded/experimental","false","false","false","false","false","false","","false","3410"
"src/cli/rawrxd_cli_link_shims.cpp","rawrxd","executable","true","excluded/experimental","false","false","false","false","false","true","","true","222"
"src/cli/swarm_orchestrator.cpp","RawrXD-Win32IDE","executable","false","shipped/product","true","true","false","false","false","true","","false","5079"
"src/cloud_api_client.cpp","RawrXD-Win32IDE","executable","false","shipped/product","true","true","false","false","false","true","","false","5079"
"src/codec/brutal_gzip.cpp","RawrXD-Win32IDE","executable","false","shipped/product","true","true","false","false","false","true","","false","5079"
"src/codec/compression.cpp","RawrXD-Win32IDE","executable","false","shipped/product","true","true","false","false","false","true","","false","5079"
"src/codec/gzip_brutal_inflate.cpp","RawrXD-Win32IDE","executable","false","shipped/product","true","true","false","false","false","true","","false","5079"
"src/collab/crdt_buffer.cpp","RawrXD-Win32IDE","executable","false","shipped/product","true","true","false","false","false","true","","false","5079"
"src/collab/cursor_widget.cpp","RawrXD-Win32IDE","executable","false","shipped/product","true","true","false","false","false","true","","false","5079"
"src/collab/websocket_hub.cpp","RawrXD-Win32IDE","executable","false","shipped/product","true","true","false","false","false","true","","false","5079"
"src/compression_interface.cpp","RawrXD-Win32IDE","executable","false","shipped/product","true","true","false","false","false","true","","false","5079"
"src/config/IDEConfig.cpp","RawrXD-Win32IDE","executable","false","shipped/product","true","true","false","false","false","true","","false","5079"
"src/context/context_mention_parser.cpp","RawrXD-Win32IDE","executable","false","shipped/product","true","true","false","false","false","true","","false","5079"
"src/context/semantic_index.cpp","RawrXD-Win32IDE","executable","false","shipped/product","true","true","false","false","false","true","","false","5079"
"src/core/70b_gguf_hotpatch.cpp","RawrXD-Win32IDE","executable","false","shipped/product","true","true","false","false","false","true","","false","5079"
"src/core/accelerator_router.cpp","RawrXD-Win32IDE","executable","false","shipped/product","true","true","false","false","false","true","","false","5079"
"src/core/adaptive_pipeline_parallel.cpp","RawrXD-Win32IDE","executable","false","shipped/product","true","true","false","false","false","true","","false","5079"
"src/core/agent_memory_indexer.cpp","RawrXD-Win32IDE","executable","false","shipped/product","true","true","false","false","false","true","","false","5079"
"src/core/agent_safety_contract.cpp","RawrXD-Win32IDE","executable","false","shipped/product","true","true","false","false","false","true","","false","5079"
"src/core/agentic_autonomous_config.cpp","RawrXD-Win32IDE","executable","false","shipped/product","true","true","false","false","false","true","","false","5079"
"src/core/ai_agent_masm_core_impl.cpp","RawrXD-Win32IDE","executable","false","shipped/product","true","true","false","false","false","true","","false","5079"
"src/core/alert_system.cpp","RawrXD-Win32IDE","executable","false","shipped/product","true","true","false","false","false","true","","false","5079"
"src/core/amd_gpu_accelerator.cpp","RawrXD-Win32IDE","executable","false","shipped/product","true","true","false","false","false","true","","false","5079"
"src/core/arm64_gpu_accelerator.cpp","RawrXD-Win32IDE","executable","false","shipped/product","true","true","false","false","false","true","","false","5079"
"src/core/auto_discovery.cpp","RawrXD-Win32IDE","executable","false","shipped/product","true","true","false","false","false","true","","false","5079"
"src/core/auto_feature_registry.cpp","RawrXD-Win32IDE","executable","false","shipped/product","true","true","false","false","false","true","","false","5079"
"src/core/auto_feature_stub_impl.cpp","RawrEngine","executable","false","shipped/product","true","false","false","false","false","true","","true","2062"
"src/core/auto_feature_stub_impl.cpp","RawrXD_Gold","executable","false","shipped/product","true","false","false","false","false","true","","true","2263"
"src/core/auto_repair_orchestrator.cpp","RawrXD-Win32IDE","executable","false","shipped/product","true","true","false","false","false","true","","false","5079"
"src/core/auto_update_system.cpp","RawrXD-Win32IDE","executable","false","shipped/product","true","true","false","false","false","true","","false","5079"
"src/core/autonomous_debugger.cpp","RawrXD-Win32IDE","executable","false","shipped/product","true","true","false","false","false","true","","false","5079"
"src/core/autonomous_workflow_engine.cpp","RawrXD-Win32IDE","executable","false","shipped/product","true","true","false","false","false","true","","false","5079"
"src/core/backup_manager.cpp","RawrXD-Win32IDE","executable","false","shipped/product","true","true","false","false","false","true","","false","5079"
"src/core/byte_level_hotpatcher.cpp","RawrXD-Win32IDE","executable","false","shipped/product","true","true","false","false","false","true","","false","5079"
"src/core/camellia256_bridge.cpp","RawrEngine","executable","false","shipped/product","true","false","false","false","false","false","","false","1967"
"src/core/camellia256_bridge.cpp","RawrXD-Win32IDE","executable","false","shipped/product","true","true","false","false","false","true","","false","5079"
"src/core/cerebras_wse_accelerator.cpp","RawrXD-Win32IDE","executable","false","shipped/product","true","true","false","false","false","true","","false","5079"
"src/core/chain_of_thought_engine.cpp","RawrXD-Win32IDE","executable","false","shipped/product","true","true","false","false","false","true","","false","5079"
"src/core/checkpoint_manager.cpp","RawrXD-Win32IDE","executable","false","shipped/product","true","true","false","false","false","true","","false","5079"
"src/core/code_linter.cpp","RawrXD-Win32IDE","executable","false","shipped/product","true","true","false","false","false","true","","false","5079"
"src/core/command_handlers_asm.cpp","RawrEngine","executable","false","shipped/product","true","false","false","false","false","true","","false","2050"
"src/core/command_handlers_comprehensive.cpp","RawrEngine","executable","false","shipped/product","true","false","false","false","false","true","","false","2050"
"src/core/command_handlers_hybrid.cpp","RawrEngine","executable","false","shipped/product","true","false","false","false","false","true","","false","2050"
"src/core/command_handlers_lsp.cpp","RawrEngine","executable","false","shipped/product","true","false","false","false","false","true","","false","2050"
"src/core/confidence_gate.cpp","RawrXD-Win32IDE","executable","false","shipped/product","true","true","false","false","false","true","","false","5079"
"src/core/ConfigurationValidator.cpp","RawrEngine","executable","false","shipped/product","true","false","false","false","false","false","","false","1967"
"src/core/ConfigurationValidator.cpp","RawrXD_Gold","executable","false","shipped/product","true","false","false","false","false","false","","false","2376"
"src/core/ConfigurationValidator.cpp","RawrXD-Win32IDE","executable","false","shipped/product","true","true","false","false","false","true","","false","5079"
"src/core/context_deterioration_hotpatch.cpp","RawrXD-Win32IDE","executable","false","shipped/product","true","true","false","false","false","true","","false","5079"
"src/core/cot_fallback_system.cpp","RawrXD_Gold","executable","false","shipped/product","true","false","false","false","false","true","","true","2263"
"src/core/crash_containment.cpp","RawrXD-Win32IDE","executable","false","shipped/product","true","true","false","false","false","true","","false","5079"
"src/core/cursor_github_parity_bridge.cpp","RawrXD-Win32IDE","executable","false","shipped/product","true","true","false","false","false","true","","false","5079"
"src/core/deterministic_replay.cpp","RawrXD-Win32IDE","executable","false","shipped/product","true","true","false","false","false","true","","false","5079"
"src/core/deterministic_swarm.cpp","RawrXD-Win32IDE","executable","false","shipped/product","true","true","false","false","false","true","","false","5079"
"src/core/distributed_pipeline_orchestrator.cpp","RawrXD-Win32IDE","executable","false","shipped/product","true","true","false","false","false","true","","false","5079"
"src/core/dml_asm_fallback.cpp","RawrXD_Gold","executable","false","shipped/product","true","false","false","false","false","true","","true","2263"
"src/core/dynamic_prompt_engine_glue.cpp","RawrXD_DynamicPromptEngine","library","false","supporting production","true","false","false","false","false","true","","false","4528"
"src/core/EditorEngineFactory.cpp","RawrXD-Win32IDE","executable","false","shipped/product","true","true","false","false","false","true","","false","5079"
"src/core/enterprise_devunlock_bridge.cpp","RawrXD-Win32IDE","executable","false","shipped/product","true","true","false","false","false","true","","false","5079"
"src/core/enterprise_feature_manager.cpp","RawrXD-Win32IDE","executable","false","shipped/product","true","true","false","false","false","true","","false","5079"
"src/core/enterprise_license.cpp","RawrXD-Win32IDE","executable","false","shipped/product","true","true","false","false","false","true","","false","5079"
"src/core/enterprise_licensev2_impl.cpp","RawrXD-Win32IDE","executable","false","shipped/product","true","true","false","false","false","true","","false","5079"
"src/core/enterprise_telemetry_compliance.cpp","RawrXD-Win32IDE","executable","false","shipped/product","true","true","false","false","false","true","","false","5079"
"src/core/execution_governor.cpp","RawrXD-Win32IDE","executable","false","shipped/product","true","true","false","false","false","true","","false","5079"
"src/core/execution_scheduler.cpp","RawrXD-Win32IDE","executable","false","shipped/product","true","true","false","false","false","true","","false","5079"
"src/core/extension_polyfill_engine.cpp","RawrXD-Win32IDE","executable","false","shipped/product","true","true","false","false","false","true","","false","5079"
"src/core/feature_handlers.cpp","RawrXD-Win32IDE","executable","false","shipped/product","true","true","false","false","false","true","","false","5079"
"src/core/feature_registration.cpp","RawrXD-Win32IDE","executable","false","shipped/product","true","true","false","false","false","true","","false","5079"
"src/core/feature_registry.cpp","RawrXD-Win32IDE","executable","false","shipped/product","true","true","false","false","false","true","","false","5079"
"src/core/final_gauntlet.cpp","RawrXD-Win32IDE","executable","false","shipped/product","true","true","false","false","false","true","","false","5079"
"src/core/flash_attention.cpp","RawrXD-Win32IDE","executable","false","shipped/product","true","true","false","false","false","true","flash_attention.cpp","false","5079"
"src/core/gguf_swarm_plan_builder.cpp","rawrxd","executable","true","excluded/experimental","false","false","false","false","false","true","","false","222"
"src/core/gguf_swarm_plan_builder.cpp","RawrXD-Win32IDE","executable","false","shipped/product","true","true","false","false","false","true","","false","5079"
"src/core/gguf_swarm_plan_builder.cpp","val_051_2_a_real_token","executable","true","excluded/experimental","false","false","false","false","false","true","","false","321"
"src/core/gold_beacon_handlers.cpp","RawrXD_Gold","executable","false","shipped/product","true","false","false","false","false","false","","false","2376"
"src/core/gold_enterprise_devunlock_impl.cpp","RawrXD_Gold","executable","false","shipped/product","true","false","false","false","false","false","","false","2376"
"src/core/gold_inference_profiler_minimal.cpp","RawrXD_Gold","executable","false","shipped/product","true","false","false","false","false","false","","false","2376"
"src/core/governor_throttling.cpp","RawrXD-Win32IDE","executable","false","shipped/product","true","true","false","false","false","true","","false","5079"
"src/core/gpu_backend_bridge.cpp","RawrXD-Win32IDE","executable","false","shipped/product","true","true","false","false","false","true","","false","5079"
"src/core/gpu_kernel_autotuner.cpp","RawrXD-Win32IDE","executable","false","shipped/product","true","true","false","false","false","true","","false","5079"
"src/core/hardware_synthesizer.cpp","RawrXD_Gold","executable","false","shipped/product","true","false","false","false","false","false","","false","2376"
"src/core/hardware_synthesizer.cpp","RawrXD-Win32IDE","executable","false","shipped/product","true","true","false","false","false","true","","false","5079"
"src/core/hotpatch_control_plane.cpp","RawrXD-Win32IDE","executable","false","shipped/product","true","true","false","false","false","true","","false","5079"
"src/core/ignite_800b.cpp","RawrXD_Gold","executable","false","shipped/product","true","false","false","false","false","false","","false","2263"
"src/core/inference_witness.cpp","rawrxd","executable","true","excluded/experimental","false","false","false","false","false","true","","false","222"
"src/core/inference_witness.cpp","val_051_2_a_real_token","executable","true","excluded/experimental","false","false","false","false","false","true","","false","321"
"src/core/inference_witness.cpp","witness_system_test","executable","true","test","false","false","false","true","false","false","","false","7214"
"src/core/input_guard_slicer.cpp","RawrXD-Win32IDE","executable","false","shipped/product","true","true","false","false","false","true","","false","5079"
"src/core/instructions_provider.cpp","RawrXD-Win32IDE","executable","false","shipped/product","true","true","false","false","false","true","","false","5079"
"src/core/integrated_runtime.cpp","RawrXD-Win32IDE","executable","false","shipped/product","true","true","false","false","false","true","","false","5079"
"src/core/intel_gpu_accelerator.cpp","RawrXD-Win32IDE","executable","false","shipped/product","true","true","false","false","false","true","","false","5079"
"src/core/intent_engine.cpp","RawrXD-Win32IDE","executable","false","shipped/product","true","true","false","false","false","true","","false","5079"
"src/core/js_extension_host_headless_impl.cpp","RawrEngine","executable","false","shipped/product","true","false","false","false","false","false","","false","1967"
"src/core/js_extension_host_headless_impl.cpp","RawrXD_Gold","executable","false","shipped/product","true","false","false","false","false","false","","false","2376"
"src/core/js_extension_host.cpp","RawrXD-Win32IDE","executable","false","shipped/product","true","true","false","false","false","true","","false","5079"
"src/core/jsonrpc_parser.cpp","RawrXD-Win32IDE","executable","false","shipped/product","true","true","false","false","false","true","","false","5079"
"src/core/knowledge_graph_core.cpp","RawrXD-Win32IDE","executable","false","shipped/product","true","true","false","false","false","true","","false","5079"
"src/core/layer_offload_manager.cpp","RawrXD-Win32IDE","executable","false","shipped/product","true","true","false","false","false","true","","false","5079"
"src/core/license_anti_tampering.cpp","RawrXD-Win32IDE","executable","false","shipped/product","true","true","false","false","false","true","","false","5079"
"src/core/license_manager_panel.cpp","RawrXD-Win32IDE","executable","false","shipped/product","true","true","false","false","false","true","","false","5079"
"src/core/link_stubs_gold.cpp","RawrXD_Gold","executable","false","shipped/product","true","false","false","false","false","false","","true","2263"
"src/core/link_stubs.cpp","rawrxd","executable","true","excluded/experimental","false","false","false","false","false","true","","true","6764"
"src/core/link_stubs.cpp","test_generation","executable","false","test","false","false","false","true","false","false","","true","7488"
"src/core/link_stubs.cpp","val_051_2_a_real_token","executable","true","excluded/experimental","false","false","false","false","false","true","","true","321"
"src/core/live_binary_patcher.cpp","RawrXD-Win32IDE","executable","false","shipped/product","true","true","false","false","false","true","","false","5079"
"src/core/local_ai_core.cpp","RawrXD-Win32IDE","executable","false","shipped/product","true","true","false","false","false","true","","false","5079"
"src/core/local_parity_bridge.cpp","RawrXD-Win32IDE","executable","false","shipped/product","true","true","false","false","false","true","","false","5079"
"src/core/memory_stubs.cpp","rawrxd","executable","true","excluded/experimental","false","false","false","false","false","true","","true","6764"
"src/core/memory_stubs.cpp","test_generation","executable","false","test","false","false","false","true","false","false","","true","7488"
"src/core/memory_stubs.cpp","val_051_2_a_real_token","executable","true","excluded/experimental","false","false","false","false","false","true","","true","321"
"src/core/menu_auditor.cpp","RawrXD-Win32IDE","executable","false","shipped/product","true","true","false","false","false","true","","false","5079"
"src/core/mesh_brain.cpp","RawrXD_Gold","executable","false","shipped/product","true","false","false","false","false","false","","false","2376"
"src/core/mesh_brain.cpp","RawrXD-Win32IDE","executable","false","shipped/product","true","true","false","false","false","true","","false","5079"
"src/core/minimal_gold_main.cpp","RawrXD_Gold","executable","false","shipped/product","true","false","false","false","false","false","","false","2263"
"src/core/missing_handler_stubs.cpp","RawrXD_Gold","executable","false","shipped/product","true","false","false","false","false","true","missing_handler_stubs.cpp","true","2263"
"src/core/model_anatomy.cpp","RawrXD-ModelAnalysisLib","library","true","excluded/experimental","false","false","false","false","false","true","","false","6594"
"src/core/model_bruteforce_engine.cpp","RawrXD-Win32IDE","executable","false","shipped/product","true","true","false","false","false","true","","false","5079"
"src/core/model_memory_hotpatch.cpp","RawrXD-Win32IDE","executable","false","shipped/product","true","true","false","false","false","true","","false","5079"
"src/core/model_runtime_gate.cpp","RawrXD-TpsSmoke","executable","true","benchmark","false","false","false","false","true","true","","false","6559"
"src/core/model_runtime_gate.cpp","RawrXD-Win32IDE","executable","false","shipped/product","true","true","false","false","false","true","","false","5079"
"src/core/model_training_pipeline.cpp","RawrXD-Win32IDE","executable","false","shipped/product","true","true","false","false","false","true","","false","5079"
"src/core/MonacoCoreEngine.cpp","RawrXD-Win32IDE","executable","false","shipped/product","true","true","false","false","false","true","","false","5079"
"src/core/monolithic_heap_globals.cpp","RawrXD-Win32IDE","executable","false","shipped/product","true","true","false","false","false","true","","false","5079"
"src/core/multi_gpu.cpp","RawrXD-Win32IDE","executable","false","shipped/product","true","true","false","false","false","true","","false","5079"
"src/core/multiwindow_scheduler.cpp","RawrXD_MultiWindow_Kernel","library","false","supporting production","true","false","false","false","false","true","","false","4486"
"src/core/native_debugger_engine.cpp","RawrEngine","executable","false","shipped/product","true","false","false","false","false","true","","false","2050"
"src/core/native_debugger_engine.cpp","RawrXD_Gold","executable","false","shipped/product","true","false","false","false","false","false","","false","2376"
"src/core/native_debugger_symbols.cpp","RawrEngine","executable","false","shipped/product","true","false","false","false","false","true","","false","2050"
"src/core/native_debugger_symbols.cpp","RawrXD_Gold","executable","false","shipped/product","true","false","false","false","false","false","","false","2376"
"src/core/native_gguf_loader_link_impl.cpp","RawrXD_Gold","executable","false","shipped/product","true","false","false","false","false","false","","false","2376"
"src/core/native_gguf_loader_link_impl.cpp","RawrXD-Win32IDE","executable","false","shipped/product","true","true","false","false","false","true","","false","5079"
"src/core/native_inference_pipeline.cpp","RawrXD-Win32IDE","executable","false","shipped/product","true","true","false","false","false","true","","false","5079"
"src/core/native_speed_layer.cpp","RawrXD-Win32IDE","executable","false","shipped/product","true","true","false","false","false","true","","false","5079"
"src/core/neural_bridge.cpp","RawrXD_Gold","executable","false","shipped/product","true","false","false","false","false","false","","false","2376"
"src/core/neural_bridge.cpp","RawrXD-Win32IDE","executable","false","shipped/product","true","true","false","false","false","true","","false","5079"
"src/core/neurological_diff.cpp","RawrXD-ModelAnalysisLib","library","true","excluded/experimental","false","false","false","false","false","true","","false","6594"
"src/core/omega_asm_native_kernel.cpp","RawrXD-Win32IDE","executable","false","shipped/product","true","true","false","false","false","true","","false","5079"
"src/core/omega_orchestrator.cpp","RawrXD_Gold","executable","false","shipped/product","true","false","false","false","false","false","","false","2376"
"src/core/omega_orchestrator.cpp","RawrXD-Win32IDE","executable","false","shipped/product","true","true","false","false","false","true","","false","5079"
"src/core/patch_rollback_ledger.cpp","RawrXD-Win32IDE","executable","false","shipped/product","true","true","false","false","false","true","","false","5079"
"src/core/pdb_gsi_hash.cpp","RawrXD-Win32IDE","executable","false","shipped/product","true","true","false","false","false","true","","false","5079"
"src/core/pdb_lsp_bridge.cpp","RawrXD-Win32IDE","executable","false","shipped/product","true","true","false","false","false","true","","false","5079"
"src/core/pdb_native.cpp","RawrXD-Win32IDE","executable","false","shipped/product","true","true","false","false","false","true","","false","5079"
"src/core/pdb_reference_provider.cpp","RawrXD-Win32IDE","executable","false","shipped/product","true","true","false","false","false","true","","false","5079"
"src/core/perf_telemetry.cpp","RawrXD-Win32IDE","executable","false","shipped/product","true","true","false","false","false","true","","false","5079"
"src/core/plugin_signature.cpp","RawrXD-Win32IDE","executable","false","shipped/product","true","true","false","false","false","true","","false","5079"
"src/core/problems_aggregator.cpp","RawrXD-Win32IDE","executable","false","shipped/product","true","true","false","false","false","true","","false","5079"
"src/core/problems_panel_bridge.cpp","RawrXD-Win32IDE","executable","false","shipped/product","true","true","false","false","false","true","","false","5079"
"src/core/production_release.cpp","RawrXD-Win32IDE","executable","false","shipped/product","true","true","false","false","false","true","","false","5079"
"src/core/proxy_hotpatcher.cpp","RawrXD-Win32IDE","executable","false","shipped/product","true","true","false","false","false","true","","false","5079"
"src/core/pt_driver_contract.cpp","RawrXD-Win32IDE","executable","false","shipped/product","true","true","false","false","false","true","","false","5079"
"src/core/quant_hysteresis.cpp","RawrXD-Win32IDE","executable","false","shipped/product","true","true","false","false","false","true","","false","5079"
"src/core/quantum_safe_transport.cpp","RawrXD-Win32IDE","executable","false","shipped/product","true","true","false","false","false","true","","false","5079"
"src/core/quickjs_sandbox.cpp","RawrXD-Win32IDE","executable","false","shipped/product","true","true","false","false","false","true","","false","5079"
"src/core/rawrengine_command_handlers.cpp","RawrXD_Gold","executable","false","shipped/product","true","false","false","false","false","false","","false","2376"
"src/core/rawrengine_command_handlers.cpp","RawrXD-Win32IDE","executable","false","shipped/product","true","true","false","false","false","true","","false","5079"
"src/core/rawrxd_state_mmf.cpp","RawrXD-Win32IDE","executable","false","shipped/product","true","true","false","false","false","true","","false","5079"
"src/core/rawrxd_subsystem_api.cpp","RawrXD-Win32IDE","executable","false","shipped/product","true","true","false","false","false","true","","false","5079"
"src/core/rdna3_stubs.cpp","RawrXD-Win32IDE","executable","false","shipped/product","true","true","false","false","false","true","","true","5079"
"src/core/reasoning_profile.cpp","RawrXD-Win32IDE","executable","false","shipped/product","true","true","false","false","false","true","","false","5079"
"src/core/reasoning_schema_versioning.cpp","RawrXD-Win32IDE","executable","false","shipped/product","true","true","false","false","false","true","","false","5079"
"src/core/RichEditEditorEngine.cpp","RawrXD-Win32IDE","executable","false","shipped/product","true","true","false","false","false","true","","false","5079"
"src/core/safe_refactor_engine.cpp","RawrXD-Win32IDE","executable","false","shipped/product","true","true","false","false","false","true","","false","5079"
"src/core/sandbox_integration.cpp","RawrXD-Win32IDE","executable","false","shipped/product","true","true","false","false","false","true","","false","5079"
"src/core/sdma/sdma_coordinator.cpp","RawrXD-Win32IDE","executable","false","shipped/product","true","true","false","false","false","true","","false","5079"
"src/core/sdma/sdma_ring_allocator.cpp","RawrXD-Win32IDE","executable","false","shipped/product","true","true","false","false","false","true","","false","5079"
"src/core/sdma/sdma_scheduler.cpp","RawrXD-Win32IDE","executable","false","shipped/product","true","true","false","false","false","true","","false","5079"
"src/core/self_host_engine.cpp","RawrXD_Gold","executable","false","shipped/product","true","false","false","false","false","false","","false","2376"
"src/core/self_host_engine.cpp","RawrXD-Win32IDE","executable","false","shipped/product","true","true","false","false","false","true","","false","5079"
"src/core/semantic_code_intelligence.cpp","RawrXD-Win32IDE","executable","false","shipped/product","true","true","false","false","false","true","","false","5079"
"src/core/sentinel_watchdog.cpp","RawrXD-Win32IDE","executable","false","shipped/product","true","true","false","false","false","true","","false","5079"
"src/core/shadow_page_detour.cpp","RawrEngine","executable","false","shipped/product","true","false","false","false","false","false","","false","1967"
"src/core/shortcut_manager.cpp","RawrXD-Win32IDE","executable","false","shipped/product","true","true","false","false","false","true","","false","5079"
"src/core/speciator_engine.cpp","RawrXD_Gold","executable","false","shipped/product","true","false","false","false","false","false","","false","2376"
"src/core/speciator_engine.cpp","RawrXD-Win32IDE","executable","false","shipped/product","true","true","false","false","false","true","","false","5079"
"src/core/spengine_stubs.cpp","RawrXD-Win32IDE","executable","false","shipped/product","true","true","false","false","false","true","","true","5079"
"src/core/sqlite3.c","RawrXD-Win32IDE","executable","false","shipped/product","true","true","false","false","false","true","","false","5079"
"src/core/ssot_handlers_ext.cpp","RawrXD_Gold","executable","false","shipped/product","true","false","false","false","false","true","","false","2263"
"src/core/ssot_validation.cpp","RawrXD-Win32IDE","executable","false","shipped/product","true","true","false","false","false","true","","false","5079"
"src/core/startup_phase_registry.cpp","RawrXD-Win32IDE","executable","false","shipped/product","true","true","false","false","false","true","","false","5079"
"src/core/static_analysis_engine.cpp","RawrXD-Win32IDE","executable","false","shipped/product","true","true","false","false","false","true","","false","5079"
"src/core/streaming_engine_registry.cpp","RawrXD-Win32IDE","executable","false","shipped/product","true","true","false","false","false","true","","false","5079"
"src/core/swarm_conflict_resolver.cpp","RawrXD-Win32IDE","executable","false","shipped/product","true","true","false","false","false","true","","false","5079"
"src/core/swarm_coordinator.cpp","RawrXD-Win32IDE","executable","false","shipped/product","true","true","false","false","false","true","","false","5079"
"src/core/swarm_decision_bridge.cpp","RawrXD-Win32IDE","executable","false","shipped/product","true","true","false","false","false","true","","false","5079"
"src/core/swarm_reconciliation.cpp","RawrXD-Win32IDE","executable","false","shipped/product","true","true","false","false","false","true","","false","5079"
"src/core/swarm_scheduler.cpp","rawrxd","executable","true","excluded/experimental","false","false","false","false","false","true","","false","222"
"src/core/swarm_scheduler.cpp","RawrXD-Win32IDE","executable","false","shipped/product","true","true","false","false","false","true","","false","5079"
"src/core/swarm_scheduler.cpp","val_051_2_a_real_token","executable","true","excluded/experimental","false","false","false","false","false","true","","false","321"
"src/core/swarm_worker.cpp","RawrXD-Win32IDE","executable","false","shipped/product","true","true","false","false","false","true","","false","5079"
"src/core/transaction_journal.cpp","RawrXD-Win32IDE","executable","false","shipped/product","true","true","false","false","false","true","","false","5079"
"src/core/transcendence_coordinator.cpp","RawrXD_Gold","executable","false","shipped/product","true","false","false","false","false","false","","false","2263"
"src/core/transcendence_coordinator.cpp","RawrXD-Win32IDE","executable","false","shipped/product","true","true","false","false","false","true","","false","5079"
"src/core/unified_command_dispatch.cpp","RawrXD-Win32IDE","executable","false","shipped/product","true","true","false","false","false","true","","false","5079"
"src/core/unified_hotpatch_manager.cpp","RawrXD-Win32IDE","executable","false","shipped/product","true","true","false","false","false","true","","false","5079"
"src/core/unified_memory_executor.cpp","RawrXD-TpsSmoke","executable","true","benchmark","false","false","false","false","true","true","","false","6559"
"src/core/unified_memory_executor.cpp","RawrXD-Win32IDE","executable","false","shipped/product","true","true","false","false","false","true","","false","5079"
"src/core/universal_model_hotpatcher.cpp","RawrXD-Win32IDE","executable","false","shipped/product","true","true","false","false","false","true","","false","5079"
"src/core/universal_model_merger.cpp","RawrXD-Win32IDE","executable","false","shipped/product","true","true","false","false","false","true","","false","5079"
"src/core/unlinked_symbols_batch_001.cpp","RawrXD-Win32IDE","executable","false","shipped/product","true","true","false","false","false","true","","false","5079"
"src/core/unlinked_symbols_batch_002.cpp","RawrXD-Win32IDE","executable","false","shipped/product","true","true","false","false","false","true","","false","5079"
"src/core/unlinked_symbols_batch_003.cpp","RawrXD-Win32IDE","executable","false","shipped/product","true","true","false","false","false","true","","false","5079"
"src/core/unlinked_symbols_batch_004.cpp","RawrXD-Win32IDE","executable","false","shipped/product","true","true","false","false","false","true","","false","5079"
"src/core/unlinked_symbols_batch_005.cpp","RawrXD-Win32IDE","executable","false","shipped/product","true","true","false","false","false","true","","false","5079"
"src/core/unlinked_symbols_batch_006.cpp","RawrXD-Win32IDE","executable","false","shipped/product","true","true","false","false","false","true","","false","5079"
"src/core/unlinked_symbols_batch_007.cpp","RawrXD-Win32IDE","executable","false","shipped/product","true","true","false","false","false","true","","false","5079"
"src/core/unlinked_symbols_batch_008.cpp","RawrXD-Win32IDE","executable","false","shipped/product","true","true","false","false","false","true","","false","5079"
"src/core/unlinked_symbols_batch_009.cpp","RawrXD-Win32IDE","executable","false","shipped/product","true","true","false","false","false","true","","false","5079"
"src/core/unlinked_symbols_batch_010.cpp","RawrXD-Win32IDE","executable","false","shipped/product","true","true","false","false","false","true","","false","5079"
"src/core/unlinked_symbols_batch_011.cpp","RawrXD-Win32IDE","executable","false","shipped/product","true","true","false","false","false","true","","false","5079"
"src/core/unlinked_symbols_batch_012.cpp","RawrXD-Win32IDE","executable","false","shipped/product","true","true","false","false","false","true","","false","5079"
"src/core/unlinked_symbols_batch_018.cpp","RawrXD-Win32IDE","executable","false","shipped/product","true","true","false","false","false","true","","false","5079"
"src/core/unlinked_symbols_batch_019.cpp","RawrXD-Win32IDE","executable","false","shipped/product","true","true","false","false","false","true","","false","5079"
"src/core/unlinked_symbols_batch_020.cpp","RawrXD-Win32IDE","executable","false","shipped/product","true","true","false","false","false","true","","false","5079"
"src/core/unlinked_symbols_batch_021.cpp","RawrXD-Win32IDE","executable","false","shipped/product","true","true","false","false","false","true","","false","5079"
"src/core/update_signature.cpp","RawrXD-Win32IDE","executable","false","shipped/product","true","true","false","false","false","true","","false","5079"
"src/core/vision_embedding_cache.cpp","RawrXD-Win32IDE","executable","false","shipped/product","true","true","false","false","false","true","","false","5079"
"src/core/vision_gpu_staging.cpp","RawrXD-Win32IDE","executable","false","shipped/product","true","true","false","false","false","true","","false","5079"
"src/core/vision_kv_isolation.cpp","RawrXD-Win32IDE","executable","false","shipped/product","true","true","false","false","false","true","","false","5079"
"src/core/vision_quantized_encoder.cpp","RawrXD-Win32IDE","executable","false","shipped/product","true","true","false","false","false","true","","false","5079"
"src/core/vision_token_gate.cpp","RawrXD-Win32IDE","executable","false","shipped/product","true","true","false","false","false","true","","false","5079"
"src/core/voice_automation.cpp","RawrXD-Win32IDE","executable","false","shipped/product","true","true","false","false","false","true","","false","5079"
"src/core/voice_chat.cpp","RawrXD-Win32IDE","executable","false","shipped/product","true","true","false","false","false","true","","false","5079"
"src/core/vulkan_kernel_stubs.cpp","RawrXD_Gold","executable","false","shipped/product","true","false","false","false","false","false","","true","2263"
"src/core/vulkan_kernel_stubs.cpp","RawrXD-Win32IDE","executable","false","shipped/product","true","true","false","false","false","true","","true","5079"
"src/core/watchdog_service.cpp","RawrXD-Win32IDE","executable","false","shipped/product","true","true","false","false","false","true","","false","5079"
"src/core/webrtc_signaling.cpp","RawrXD-Win32IDE","executable","false","shipped/product","true","true","false","false","false","true","","false","5079"
"src/core/WebView2EditorEngine.cpp","RawrXD-Win32IDE","executable","false","shipped/product","true","true","false","false","false","true","","false","5079"
"src/core/workspace_reasoning_profiles.cpp","RawrXD-Win32IDE","executable","false","shipped/product","true","true","false","false","false","true","","false","5079"
"src/cpu_inference_engine_autofix_stub.cpp","RawrXD-AutoFixCLI","executable","false","supporting production","true","false","false","false","false","true","","true","6051"
"src/cpu_inference_engine.cpp","rawrxd","executable","true","excluded/experimental","false","false","false","false","false","true","","false","6764"
"src/cpu_inference_engine.cpp","RawrXD-Win32IDE","executable","false","shipped/product","true","true","false","false","false","true","","false","5079"
"src/crypto_masm.asm","RawrXD-Crypto","library","false","supporting production","true","false","false","false","false","true","","false","5520"
"src/debug/stress_memory.cpp","stress_memory","executable","true","excluded/experimental","false","false","false","false","false","false","","false","7064"
"src/debug/stress_target.cpp","stress_target","executable","true","excluded/experimental","false","false","false","false","false","false","","false","7056"
"src/debug/test_debugbridge_telemetry.cpp","TestDebugBridgeTelemetry","executable","true","test","false","false","false","true","false","false","","false","7009"
"src/deep2/AntiPatcher.cpp","Deep2_Production_Bench","executable","true","benchmark","false","false","true","false","true","true","","false","5763"
"src/deep2/AntiPatcher.cpp","RawrXD-Win32IDE","executable","false","shipped/product","true","true","true","false","false","true","","false","5079"
"src/deep2/BottleTTL.cpp","Deep2_Production_Bench","executable","true","benchmark","false","false","true","false","true","true","","false","5763"
"src/deep2/BottleTTL.cpp","RawrXD-Win32IDE","executable","false","shipped/product","true","true","true","false","false","true","","false","5079"
"src/deep2/CompressedKVCache.cpp","Deep2_Production_Bench","executable","true","benchmark","false","false","true","false","true","true","","false","5763"
"src/deep2/CPUFrequency.cpp","Deep2_Production_Bench","executable","true","benchmark","false","false","true","false","true","true","","false","5763"
"src/deep2/CPUFrequency.cpp","RawrXD-Win32IDE","executable","false","shipped/product","true","true","true","false","false","true","","false","5079"
"src/deep2/deep2_end_to_end_bench.cpp","Deep2_Production_Bench","executable","true","benchmark","false","false","true","false","true","true","","false","5763"
"src/deep2/Deep2Bridge.cpp","test_generation","executable","false","test","false","false","true","true","false","false","deep2bridge.cpp","false","7488"
"src/deep2/Deep2Engine.cpp","Deep2_Production_Bench","executable","true","benchmark","false","false","true","false","true","true","deep2engine.cpp","false","5763"
"src/deep2/Deep2Engine.cpp","test_generation","executable","false","test","false","false","true","true","false","false","deep2engine.cpp","false","7488"
"src/deep2/Deep2ExecutionGraph.cpp","Deep2_Production_Bench","executable","true","benchmark","false","false","true","false","true","true","","false","5763"
"src/deep2/Deep2IDEIntegration.cpp","RawrXD-Win32IDE","executable","false","shipped/product","true","true","true","false","false","true","","false","5079"
"src/deep2/Deep2IDEIntegration.cpp","test_generation","executable","false","test","false","false","true","true","false","false","","false","7488"
"src/deep2/DeepSeekMoELoader.cpp","Deep2_Production_Bench","executable","true","benchmark","false","false","true","false","true","true","","false","5763"
"src/deep2/DualGPUHook.cpp","Deep2_Production_Bench","executable","true","benchmark","false","false","true","false","true","true","","false","5763"
"src/deep2/DualGPUHook.cpp","RawrXD-Win32IDE","executable","false","shipped/product","true","true","true","false","false","true","","false","5079"
"src/deep2/FabricTensorTable.cpp","RawrXD-Win32IDE","executable","false","shipped/product","true","true","true","false","false","true","","false","5079"
"src/deep2/FabricTensorTable.cpp","test_generation","executable","false","test","false","false","true","true","false","false","","false","7488"
"src/deep2/GGUFLoader.cpp","Deep2_Production_Bench","executable","true","benchmark","false","false","true","false","true","true","","false","5763"
"src/deep2/GoalSystem.cpp","Deep2_Production_Bench","executable","true","benchmark","false","false","true","false","true","true","","false","5763"
"src/deep2/GoalSystem.cpp","RawrXD-Win32IDE","executable","false","shipped/product","true","true","true","false","false","true","","false","5079"
"src/deep2/HotPatcher.cpp","Deep2_Production_Bench","executable","true","benchmark","false","false","true","false","true","true","hotpatcher.cpp","false","5763"
"src/deep2/HotPatcher.cpp","RawrXD-Win32IDE","executable","false","shipped/product","true","true","true","false","false","true","hotpatcher.cpp","false","5079"
"src/deep2/HotPatcherSafety.cpp","Deep2_Production_Bench","executable","true","benchmark","false","false","true","false","true","true","","false","5763"
"src/deep2/HotPatcherSafety.cpp","RawrXD-Win32IDE","executable","false","shipped/product","true","true","true","false","false","true","","false","5079"
"src/deep2/InferenceSession.cpp","test_generation","executable","false","test","false","false","true","true","false","false","","false","7488"
"src/deep2/KVCache.cpp","Deep2_Production_Bench","executable","true","benchmark","false","false","true","false","true","true","","false","5763"
"src/deep2/mars/DualGPUBackend.cpp","Deep2_Production_Bench","executable","true","benchmark","false","false","true","false","true","true","","false","5763"
"src/deep2/mars/MARSController.cpp","Deep2_Production_Bench","executable","true","benchmark","false","false","true","false","true","true","","false","5763"
"src/deep2/mars/TensorHotpatch.cpp","Deep2_Production_Bench","executable","true","benchmark","false","false","true","false","true","true","","false","5763"
"src/deep2/mars/VRAMManager.cpp","Deep2_Production_Bench","executable","true","benchmark","false","false","true","false","true","true","","false","5763"
"src/deep2/MedusaDecoder.cpp","Deep2_Production_Bench","executable","true","benchmark","false","false","true","false","true","true","","false","5763"
"src/deep2/MoEArchitectureParser.cpp","Deep2_Production_Bench","executable","true","benchmark","false","false","true","false","true","true","","false","5763"
"src/deep2/MoERouter.cpp","Deep2_Production_Bench","executable","true","benchmark","false","false","true","false","true","true","","false","5763"
"src/deep2/MoEWeightProxy.cpp","Deep2_Production_Bench","executable","true","benchmark","false","false","true","false","true","true","","false","5763"
"src/deep2/MoEWeightsLoader.cpp","Deep2_Production_Bench","executable","true","benchmark","false","false","true","false","true","true","","false","5763"
"src/deep2/NUFusedPacker.cpp","Deep2_Production_Bench","executable","true","benchmark","false","false","true","false","true","true","","false","5763"
"src/deep2/NVMeStream.cpp","Deep2_Production_Bench","executable","true","benchmark","false","false","true","false","true","true","","false","5763"
"src/deep2/PatchCache.cpp","Deep2_Production_Bench","executable","true","benchmark","false","false","true","false","true","true","","false","5763"
"src/deep2/PatchCache.cpp","RawrXD-Win32IDE","executable","false","shipped/product","true","true","true","false","false","true","","false","5079"
"src/deep2/QuantKernelRegistry.cpp","Deep2_Production_Bench","executable","true","benchmark","false","false","true","false","true","true","","false","5763"
"src/deep2/ReverseHotpatchEngine.cpp","Deep2_Production_Bench","executable","true","benchmark","false","false","true","false","true","true","","false","5763"
"src/deep2/ReverseIntegration.cpp","Deep2_Production_Bench","executable","true","benchmark","false","false","true","false","true","true","","false","5763"
"src/deep2/ReverseTensorRecovery.cpp","Deep2_Production_Bench","executable","true","benchmark","false","false","true","false","true","true","","false","5763"
"src/deep2/ReverseTensorRecovery.cpp","RawrXD-Win32IDE","executable","false","shipped/product","true","true","true","false","false","true","","false","5079"
"src/deep2/ShardRouterIntegration.cpp","RawrXD-Win32IDE","executable","false","shipped/product","true","true","true","false","false","true","","false","5079"
"src/deep2/SlidingWindowEngine.cpp","Deep2_Production_Bench","executable","true","benchmark","false","false","true","false","true","true","","false","5763"
"src/deep2/sovereign_deep2_kernels.asm","Deep2_Production_Bench","executable","true","benchmark","false","false","true","false","true","true","","false","5763"
"src/deep2/sovereign_moe_fused.asm","Deep2_Production_Bench","executable","true","benchmark","false","false","true","false","true","true","","false","5763"
"src/deep2/sovereign_q4k_gemv.asm","Deep2_Production_Bench","executable","true","benchmark","false","false","true","false","true","true","","false","5763"
"src/deep2/StreamEngine.cpp","Deep2_Production_Bench","executable","true","benchmark","false","false","true","false","true","true","","false","5763"
"src/deep2/StreamEngine.cpp","RawrXD-Win32IDE","executable","false","shipped/product","true","true","true","false","false","true","","false","5079"
"src/deep2/TensorHop.cpp","Deep2_Production_Bench","executable","true","benchmark","false","false","true","false","true","true","","false","5763"
"src/deep2/ThreadPool.cpp","Deep2_Production_Bench","executable","true","benchmark","false","false","true","false","true","true","","false","5763"
"src/deep2/TrailBrake.cpp","Deep2_Production_Bench","executable","true","benchmark","false","false","true","false","true","true","","false","5763"
"src/deep2/TrailBrake.cpp","RawrXD-Win32IDE","executable","false","shipped/product","true","true","true","false","false","true","","false","5079"
"src/deep2/WarmupScheduler.cpp","Deep2_Production_Bench","executable","true","benchmark","false","false","true","false","true","true","","false","5763"
"src/engine/bpe_tokenizer.cpp","RawrXD-Win32IDE","executable","false","shipped/product","true","true","false","false","false","true","","false","5079"
"src/engine/core_generator.cpp","RawrXD-Win32IDE","executable","false","shipped/product","true","true","false","false","false","true","","false","5079"
"src/engine/inference_kernels.cpp","RawrXD-Win32IDE","executable","false","shipped/product","true","true","false","false","false","true","","false","5079"
"src/engine/pyre_compute.cpp","RawrXD-Win32IDE","executable","false","shipped/product","true","true","false","false","false","true","","false","5079"
"src/engine/react_ide_generator.cpp","rawrxd-monaco-gen","executable","false","supporting production","true","false","false","false","false","false","","false","3541"
"src/engine/sampler.cpp","RawrXD-Win32IDE","executable","false","shipped/product","true","true","false","false","false","true","","false","5079"
"src/engine/transformer.cpp","RawrXD-Win32IDE","executable","false","shipped/product","true","true","false","false","false","true","","false","5079"
"src/feature_flags_runtime.cpp","RawrXD-Win32IDE","executable","false","shipped/product","true","true","false","false","false","true","","false","5079"
"src/feature_registry_panel.cpp","RawrXD-Win32IDE","executable","false","shipped/product","true","true","false","false","false","true","feature_registry_panel.cpp","false","5079"
"src/full_agentic_ide/AgenticIOCPBridge.cpp","RawrXD-Win32IDE","executable","false","shipped/product","true","true","false","false","false","true","","false","5079"
"src/full_agentic_ide/AgenticPlanningOrchestrator.cpp","RawrXD-Win32IDE","executable","false","shipped/product","true","true","false","false","false","true","","false","5079"
"src/full_agentic_ide/FullAgenticIDE.cpp","RawrXD-Win32IDE","executable","false","shipped/product","true","true","false","false","false","true","","false","5079"
"src/ggml/ggml_nanoquant.cpp","RawrXD_NanoQuant","library","false","supporting production","true","false","false","false","false","true","","false","3220"
"src/gguf_d3d12_bridge.cpp","RawrXD_Gold","executable","false","shipped/product","true","false","false","false","false","false","","false","2376"
"src/gguf_d3d12_bridge.cpp","RawrXD-AutoFixCLI","executable","false","supporting production","true","false","false","false","false","true","","false","6051"
"src/gguf_d3d12_bridge.cpp","RawrXD-Benchmark","executable","true","benchmark","false","false","false","false","true","true","","false","6083"
"src/gguf_d3d12_bridge.cpp","RawrXD-FusedBenchmark","executable","true","benchmark","false","false","false","false","true","true","","false","6128"
"src/gguf_d3d12_bridge.cpp","RawrXD-KVBenchmark","executable","true","benchmark","false","false","false","false","true","true","","false","6159"
"src/gguf_d3d12_bridge.cpp","RawrXD-Win32IDE","executable","false","shipped/product","true","true","false","false","false","true","","false","5079"
"src/gguf_loader.cpp","BackendOrchestratorShardSmoke","executable","true","test","false","false","false","true","false","false","","false","6671"
"src/gguf_loader.cpp","rawrxd","executable","true","excluded/experimental","false","false","false","false","false","true","","false","222"
"src/gguf_loader.cpp","RawrXD-Win32IDE","executable","false","shipped/product","true","true","false","false","false","true","","false","5079"
"src/gguf_loader.cpp","val_051_2_a_real_token","executable","true","excluded/experimental","false","false","false","false","false","true","","false","321"
"src/gguf_masm_weight_bridge.cpp","RawrXD-Win32IDE","executable","false","shipped/product","true","true","false","false","false","true","","false","5079"
"src/gguf_masm_weight_bridge.cpp","TestMASMInference","executable","true","test","false","false","false","true","false","false","","false","7021"
"src/gguf_vocab_resolver.cpp","BackendOrchestratorShardSmoke","executable","true","test","false","false","false","true","false","false","","false","6671"
"src/gguf_vocab_resolver.cpp","rawrxd","executable","true","excluded/experimental","false","false","false","false","false","true","","false","6764"
"src/gguf_vocab_resolver.cpp","RawrXD-Win32IDE","executable","false","shipped/product","true","true","false","false","false","true","","false","5079"
"src/gguf_vocab_resolver.cpp","val_051_2_a_real_token","executable","true","excluded/experimental","false","false","false","false","false","true","","false","321"
"src/gpu/speculative_decoder_v2.cpp","RawrXD-Win32IDE","executable","false","shipped/product","true","true","false","false","false","true","","false","5079"
"src/hot_patcher.cpp","RawrXD-Win32IDE","executable","false","shipped/product","true","true","false","false","false","true","","false","5079"
"src/hybrid_cloud_manager.cpp","RawrXD-Win32IDE","executable","false","shipped/product","true","true","false","false","false","true","","false","5079"
"src/ide/ANSIColorParser.cpp","RawrXD-Win32IDE","executable","false","shipped/product","true","true","false","false","false","true","","false","5079"
"src/ide/Deep2Bridge.cpp","RawrXD-Win32IDE","executable","false","shipped/product","true","true","false","false","false","true","deep2bridge.cpp","false","5079"
"src/ide/FindReplaceDialog.cpp","RawrXD-Win32IDE","executable","false","shipped/product","true","true","false","false","false","true","","false","5079"
"src/ide/GitCommitDialog.cpp","RawrXD-Win32IDE","executable","false","shipped/product","true","true","false","false","false","true","","false","5079"
"src/ide/GitDiffViewer.cpp","RawrXD-Win32IDE","executable","false","shipped/product","true","true","false","false","false","true","","false","5079"
"src/ide/language_plugin.cpp","RawrXD-Win32IDE","executable","false","shipped/product","true","true","false","false","false","true","","false","5079"
"src/ide/refactoring_plugin.cpp","RawrXD-Win32IDE","executable","false","shipped/product","true","true","false","false","false","true","","false","5079"
"src/ide/resource_generator.cpp","RawrXD-Win32IDE","executable","false","shipped/product","true","true","false","false","false","true","","false","5079"
"src/ide/SovereignSharedMemoryBridge.cpp","RawrXD-Win32IDE","executable","false","shipped/product","true","true","false","false","false","true","","false","5079"
"src/ide/SovereignSharedMemoryBridge.cpp","TestSovereignBridge","executable","true","test","false","false","false","true","false","false","","false","6987"
"src/ide/test_sovereign_bridge.cpp","TestSovereignBridge","executable","true","test","false","false","false","true","false","false","","false","6987"
"src/inference/ai_model_caller_real.cpp","RawrXD-Win32IDE","executable","false","shipped/product","true","true","false","false","false","true","","false","5079"
"src/inference/Deep2Engine.cpp","Deep2Engine_IntegrationTest","executable","false","test","false","false","false","true","false","true","deep2engine.cpp","false","4997"
"src/inference/Deep2Engine.cpp","RawrXD-Win32IDE","executable","false","shipped/product","true","true","false","false","false","true","deep2engine.cpp","false","5079"
"src/inference/DualGpuPipeline.cpp","Deep2Engine_IntegrationTest","executable","false","test","false","false","false","true","false","true","","false","4997"
"src/inference/DualGpuPipeline.cpp","RawrXD-Win32IDE","executable","false","shipped/product","true","true","false","false","false","true","","false","5079"
"src/inference/gpu_dispatch_gate.cpp","RawrXD_Gold","executable","false","shipped/product","true","false","false","false","false","false","","false","2376"
"src/inference/gpu_dispatch_gate.cpp","RawrXD-AutoFixCLI","executable","false","supporting production","true","false","false","false","false","true","","false","6051"
"src/inference/gpu_dispatch_gate.cpp","RawrXD-Win32IDE","executable","false","shipped/product","true","true","false","false","false","true","","false","5079"
"src/inference/inference_engine_real.cpp","RawrXD-Win32IDE","executable","false","shipped/product","true","true","false","false","false","true","","false","5079"
"src/inference/inference_standalone_main.cpp","RawrXD-InferenceEngine","executable","true","excluded/experimental","false","false","false","false","false","false","","false","3398"
"src/inference/MemoryPressureGuard.cpp","RawrXD-Win32IDE","executable","false","shipped/product","true","true","false","false","false","true","","false","5079"
"src/inference/OutOfCoreScheduler.cpp","Deep2Engine_IntegrationTest","executable","false","test","false","false","false","true","false","true","","false","4997"
"src/inference/OutOfCoreScheduler.cpp","RawrXD-Win32IDE","executable","false","shipped/product","true","true","false","false","false","true","","false","5079"
"src/inference/PerformanceMonitor.cpp","RawrEngine","executable","false","shipped/product","true","false","false","false","false","false","","false","1967"
"src/inference/PerformanceMonitor.cpp","RawrXD_Gold","executable","false","shipped/product","true","false","false","false","false","false","","false","2376"
"src/inference/PerformanceMonitor.cpp","RawrXD-Win32IDE","executable","false","shipped/product","true","true","false","false","false","true","","false","5079"
"src/InferenceProfiler.cpp","BackendOrchestratorShardSmoke","executable","true","test","false","false","false","true","false","false","","false","6671"
"src/InferenceProfiler.cpp","RawrEngine","executable","false","shipped/product","true","false","false","false","false","false","","false","1967"
"src/InferenceProfiler.cpp","RawrXD-Win32IDE","executable","false","shipped/product","true","true","false","false","false","true","","false","5079"
"src/intelligent_codebase_engine.cpp","RawrXD-Win32IDE","executable","false","shipped/product","true","true","false","false","false","true","","false","5079"
"src/interpretability_panel_enhanced.cpp","RawrXD-Win32IDE","executable","false","shipped/product","true","true","false","false","false","true","","false","5079"
"src/kernels/flash_attention.cpp","RawrXD-Benchmark","executable","true","benchmark","false","false","false","false","true","true","flash_attention.cpp","false","6083"
"src/kernels/q4_preprocessed_avx512.asm","q4_preprocessed_avx512","library","false","supporting production","true","false","false","false","false","true","","false","7164"
"src/kernels/VulkanComputeKernels.cpp","Deep2Engine_IntegrationTest","executable","false","test","false","false","false","true","false","true","","false","4997"
"src/kernels/VulkanComputeKernels.cpp","RawrXD-Win32IDE","executable","false","shipped/product","true","true","false","false","false","true","","false","5079"
"src/LanguageServerIntegration.cpp","RawrXD-Win32IDE","executable","false","shipped/product","true","true","false","false","false","true","","false","5079"
"src/license_enforcement.cpp","RawrXD-Win32IDE","executable","false","shipped/product","true","true","false","false","false","true","","false","5079"
"src/llm_adapter/gguf_k_quants.cpp","RawrXD-ModelAnalysis","executable","true","excluded/experimental","false","false","false","false","false","true","","false","6615"
"src/llm_adapter/gguf_k_quants.cpp","RawrXD-TpsSmoke","executable","true","benchmark","false","false","false","false","true","true","","false","6559"
"src/llm_adapter/gguf_k_quants.cpp","RawrXD-Win32IDE","executable","false","shipped/product","true","true","false","false","false","true","","false","5079"
"src/llm_adapter/GGUFRunner.cpp","RawrXD-TpsSmoke","executable","true","benchmark","false","false","false","false","true","true","","false","6559"
"src/llm_adapter/GGUFRunner.cpp","RawrXD-Win32IDE","executable","false","shipped/product","true","true","false","false","false","true","","false","5079"
"src/llm_adapter/QuantBackend.cpp","RawrXD-TpsSmoke","executable","true","benchmark","false","false","false","false","true","true","","false","6559"
"src/llm_adapter/QuantBackend.cpp","RawrXD-Win32IDE","executable","false","shipped/product","true","true","false","false","false","true","","false","5079"
"src/llm_adapter/rawrxd_ggufrunner_signals.cpp","RawrXD-Win32IDE","executable","false","shipped/product","true","true","false","false","false","true","","false","5079"
"src/logging/Logger.cpp","RawrEngine","executable","false","shipped/product","true","false","false","false","false","false","logger.cpp","false","1967"
"src/logging/Logger.cpp","rawrxd","executable","true","excluded/experimental","false","false","false","false","false","true","logger.cpp","false","6764"
"src/logging/Logger.cpp","RawrXD_Gold","executable","false","shipped/product","true","false","false","false","false","false","logger.cpp","false","2376"
"src/logging/Logger.cpp","RawrXD-TpsSmoke","executable","true","benchmark","false","false","false","false","true","true","logger.cpp","false","6559"
"src/logging/Logger.cpp","RawrXD-Win32IDE","executable","false","shipped/product","true","true","false","false","false","true","logger.cpp","false","5079"
"src/logging/Logger.cpp","val_051_2_a_real_token","executable","true","excluded/experimental","false","false","false","false","false","true","logger.cpp","false","321"
"src/lsp_client.cpp","RawrXD-Win32IDE","executable","false","shipped/product","true","true","false","false","false","true","","false","5079"
"src/lsp/diagnostic_consumer.cpp","RawrXD-Win32IDE","executable","false","shipped/product","true","true","false","false","false","true","","false","5079"
"src/lsp/gguf_diagnostic_provider.cpp","RawrXD-Win32IDE","executable","false","shipped/product","true","true","false","false","false","true","","false","5079"
"src/lsp/hotpatch_symbol_provider.cpp","RawrXD-Win32IDE","executable","false","shipped/product","true","true","false","false","false","true","","false","5079"
"src/lsp/lsp_hotpatch_bridge.cpp","RawrXD-Win32IDE","executable","false","shipped/product","true","true","false","false","false","true","","false","5079"
"src/lsp/RawrXD_LSPServer.cpp","RawrXD_LSPServer","executable","false","supporting production","true","false","false","false","false","true","","false","6930"
"src/lsp/RawrXD_LSPServer.cpp","RawrXD-Win32IDE","executable","false","shipped/product","true","true","false","false","false","true","","false","5079"
"src/marketplace/extension_marketplace.cpp","RawrXD-Win32IDE","executable","false","shipped/product","true","true","false","false","false","true","","false","5079"
"src/masm/rawrxd_math_masm.asm","InferenceEngine","library","false","supporting production","true","false","false","false","false","true","","false","3494"
"src/masm/rawrxd_math_masm.asm","TestMASMInference","executable","true","test","false","false","false","true","false","true","","false","7033"
"src/masm/rawrxd_transformer_full.asm","TestMASMInference","executable","true","test","false","false","false","true","false","true","","false","7033"
"src/masm/rawrxd_transformer_masm_fixed.asm","InferenceEngine","library","false","supporting production","true","false","false","false","false","true","","false","3494"
"src/masm/rawrxd_transformer_masm_fixed.asm","TestMASMInference","executable","true","test","false","false","false","true","false","true","","false","7033"
"src/mcp_integration.cpp","RawrXD-Win32IDE","executable","false","shipped/product","true","true","false","false","false","true","","false","5079"
"src/memory_core.cpp","RawrXD-Win32IDE","executable","false","shipped/product","true","true","false","false","false","true","","false","5079"
"src/memory/Q4WeightPreprocess.cpp","benchmark_dispatch_overhead","executable","true","benchmark","false","false","false","false","true","true","","false","7232"
"src/memory/Q4WeightPreprocess.cpp","benchmark_dispatch_pmc","executable","true","benchmark","false","false","false","false","true","true","","false","7378"
"src/memory/Q4WeightPreprocess.cpp","test_q4_asm_debug","executable","true","test","false","false","false","true","false","true","","false","7141"
"src/memory/Q4WeightPreprocess.cpp","test_q4_cache_alignment","executable","true","test","false","false","false","true","false","true","","false","7120"
"src/memory/Q4WeightPreprocess.cpp","test_q4_fused_pipeline","executable","true","test","false","false","false","true","false","true","","false","7099"
"src/memory/Q4WeightPreprocess.cpp","test_q4_scalar_simd","executable","true","test","false","false","false","true","false","true","","false","7185"
"src/memory/Q4WeightPreprocess.cpp","validate_end_to_end","executable","true","excluded/experimental","false","false","false","false","false","true","","false","7276"
"src/memory/SequentialBlowoffValve.cpp","Deep2Engine_IntegrationTest","executable","false","test","false","false","false","true","false","true","","false","4997"
"src/memory/SequentialBlowoffValve.cpp","RawrXD-Win32IDE","executable","false","shipped/product","true","true","false","false","false","true","","false","5079"
"src/memory/UnifiedMemoryPool.cpp","RawrXD-Win32IDE","executable","false","shipped/product","true","true","false","false","false","true","","false","5079"
"src/model_name_utils.cpp","RawrXD-Win32IDE","executable","false","shipped/product","true","true","false","false","false","true","","false","5079"
"src/model_registry.cpp","RawrXD-Win32IDE","executable","false","shipped/product","true","true","false","false","false","true","","false","5079"
"src/model_source_resolver.cpp","RawrXD-Win32IDE","executable","false","shipped/product","true","true","false","false","false","true","","false","5079"
"src/model_trainer.cpp","RawrXD-Win32IDE","executable","false","shipped/product","true","true","false","false","false","true","","false","5079"
"src/modules/autonomous_agentic_orchestrator.cpp","RawrXD-Win32IDE","executable","false","shipped/product","true","true","false","false","false","true","","false","5079"
"src/modules/codex_ultimate.cpp","RawrXD-Win32IDE","executable","false","shipped/product","true","true","false","false","false","true","","false","5079"
"src/modules/copilot_gap_closer.cpp","RawrXD-Win32IDE","executable","false","shipped/product","true","true","false","false","false","true","","false","5079"
"src/modules/crucible_engine.cpp","RawrXD-Win32IDE","executable","false","shipped/product","true","true","false","false","false","true","","false","5079"
"src/modules/engine_manager.cpp","RawrXD-Win32IDE","executable","false","shipped/product","true","true","false","false","false","true","","false","5079"
"src/modules/game_engine_manager.cpp","RawrXD-Win32IDE","executable","false","shipped/product","true","true","false","false","false","true","","false","5079"
"src/modules/quickjs_extension_host.cpp","RawrXD-Win32IDE","executable","false","shipped/product","true","true","false","false","false","true","","false","5079"
"src/modules/quickjs_vscode_bindings.cpp","RawrXD-Win32IDE","executable","false","shipped/product","true","true","false","false","false","true","","false","5079"
"src/modules/ReverseEngineering.cpp","RawrXD-Win32IDE","executable","false","shipped/product","true","true","false","false","false","true","","false","5079"
"src/modules/unity_engine_integration.cpp","RawrXD-Win32IDE","executable","false","shipped/product","true","true","false","false","false","true","","false","5079"
"src/modules/unreal_engine_integration.cpp","RawrXD-Win32IDE","executable","false","shipped/product","true","true","false","false","false","true","","false","5079"
"src/modules/vscode_extension_api.cpp","RawrXD-Win32IDE","executable","false","shipped/product","true","true","false","false","false","true","","false","5079"
"src/modules/vsix_loader_win32.cpp","RawrXD-Win32IDE","executable","false","shipped/product","true","true","false","false","false","true","","false","5079"
"src/monaco_gen.cpp","rawrxd-monaco-gen","executable","false","supporting production","true","false","false","false","false","false","","false","3541"
"src/multi_file_search.cpp","RawrXD-Win32IDE","executable","false","shipped/product","true","true","false","false","false","true","","false","5079"
"src/multimodal_engine/vision_encoder.cpp","RawrXD-Win32IDE","executable","false","shipped/product","true","true","false","false","false","true","","false","5079"
"src/nevm/nevm_execution_plan.cpp","benchmark_planner_amortization","executable","true","benchmark","false","false","false","false","true","true","","false","7255"
"src/nevm/nevm_execution_plan.cpp","nevm_determinism_validation","executable","true","test","false","false","false","true","false","true","","false","7300"
"src/nevm/nevm_execution_plan.cpp","nevm_stress_test","executable","true","test","false","false","false","true","false","true","","false","7324"
"src/nevm/nevm_execution_plan.cpp","validate_end_to_end","executable","true","excluded/experimental","false","false","false","false","false","true","","false","7276"
"src/nevm/nevm_kernel_bridge.cpp","benchmark_dispatch_overhead","executable","true","benchmark","false","false","false","false","true","true","","false","7232"
"src/nevm/nevm_kernel_bridge.cpp","benchmark_dispatch_pmc","executable","true","benchmark","false","false","false","false","true","true","","false","7378"
"src/nevm/nevm_kernel_bridge.cpp","benchmark_planner_amortization","executable","true","benchmark","false","false","false","false","true","true","","false","7255"
"src/nevm/nevm_kernel_bridge.cpp","nevm_determinism_validation","executable","true","test","false","false","false","true","false","true","","false","7300"
"src/nevm/nevm_kernel_bridge.cpp","validate_end_to_end","executable","true","excluded/experimental","false","false","false","false","false","true","","false","7276"
"src/nevm/nevm_mmu.cpp","nevm_stress_test","executable","true","test","false","false","false","true","false","true","","false","7324"
"src/nevm/nevm_tensor_descriptor.cpp","benchmark_dispatch_overhead","executable","true","benchmark","false","false","false","false","true","true","","false","7232"
"src/nevm/nevm_tensor_descriptor.cpp","benchmark_dispatch_pmc","executable","true","benchmark","false","false","false","false","true","true","","false","7378"
"src/nevm/nevm_tensor_descriptor.cpp","validate_end_to_end","executable","true","excluded/experimental","false","false","false","false","false","true","","false","7276"
"src/omega1_modules/OmegaPowerShellBridge.cpp","test_omega1_bridge","executable","true","test","false","false","false","true","false","true","omegapowershellbridge.cpp","false","508"
"src/plan_orchestrator.cpp","RawrXD-Win32IDE","executable","false","shipped/product","true","true","false","false","false","true","","false","5079"
"src/plugin_system/win32_plugin_loader.cpp","RawrXD-Win32IDE","executable","false","shipped/product","true","true","false","false","false","true","","false","5079"
"src/production_config_manager.cpp","RawrXD-Win32IDE","executable","false","shipped/product","true","true","false","false","false","true","","false","5079"
"src/profiling/flame_graph.cpp","flame_graph_profiler","library","false","supporting production","true","false","false","false","false","true","","false","7361"
"src/profiling/pmc_profiler.cpp","pmc_profiler","library","false","supporting production","true","false","false","false","false","true","","false","7347"
"src/project_context.cpp","RawrXD-Win32IDE","executable","false","shipped/product","true","true","false","false","false","true","","false","5079"
"src/rawrxd_inference.cpp","rawrxd","executable","true","excluded/experimental","false","false","false","false","false","true","","false","222"
"src/rawrxd_inference.cpp","RawrXD-Win32IDE","executable","false","shipped/product","true","true","false","false","false","true","","false","5079"
"src/rawrxd_inference.cpp","val_051_2_a_real_token","executable","true","excluded/experimental","false","false","false","false","false","true","","false","321"
"src/rawrxd_link_stubs.cpp","rawrxd","executable","true","excluded/experimental","false","false","false","false","false","true","","true","222"
"src/rawrxd_model_loader.cpp","rawrxd","executable","true","excluded/experimental","false","false","false","false","false","true","","false","222"
"src/rawrxd_model_loader.cpp","RawrXD-Win32IDE","executable","false","shipped/product","true","true","false","false","false","true","","false","5079"
"src/rawrxd_model_loader.cpp","val_051_2_a_real_token","executable","true","excluded/experimental","false","false","false","false","false","true","","false","321"
"src/rawrxd_sampler.cpp","rawrxd","executable","true","excluded/experimental","false","false","false","false","false","true","","false","6764"
"src/rawrxd_sampler.cpp","RawrXD-Win32IDE","executable","false","shipped/product","true","true","false","false","false","true","","false","5079"
"src/rawrxd_sampler.cpp","val_051_2_a_real_token","executable","true","excluded/experimental","false","false","false","false","false","true","","false","321"
"src/rawrxd_tokenizer.cpp","rawrxd","executable","true","excluded/experimental","false","false","false","false","false","true","","false","222"
"src/rawrxd_tokenizer.cpp","RawrXD-Win32IDE","executable","false","shipped/product","true","true","false","false","false","true","","false","5079"
"src/rawrxd_tokenizer.cpp","val_051_2_a_real_token","executable","true","excluded/experimental","false","false","false","false","false","true","","false","321"
"src/rawrxd_transformer.cpp","rawrxd","executable","true","excluded/experimental","false","false","false","false","false","true","","false","222"
"src/rawrxd_transformer.cpp","RawrXD-Win32IDE","executable","false","shipped/product","true","true","false","false","false","true","","false","5079"
"src/rawrxd_transformer.cpp","val_051_2_a_real_token","executable","true","excluded/experimental","false","false","false","false","false","true","","false","321"
"src/real_time_completion_engine.cpp","RawrXD-Win32IDE","executable","false","shipped/product","true","true","false","false","false","true","","false","5079"
"src/res/Resource.rc","rawrxd","executable","true","excluded/experimental","false","false","false","false","false","true","","false","222"
"src/reverse/ReverseEngine.cpp","Deep2_Production_Bench","executable","true","benchmark","false","false","false","false","true","true","","false","5763"
"src/reverse/ReverseModelLoader.cpp","Deep2_Production_Bench","executable","true","benchmark","false","false","false","false","true","true","","false","5763"
"src/rpc/SovereignRPC_Scheduler.cpp","test_simulator","executable","true","test","false","false","false","true","false","false","","false","7077"
"src/rpc/SovereignRPC_Simulator.cpp","test_simulator","executable","true","test","false","false","false","true","false","false","","false","7077"
"src/rpc/test_simulator.cpp","test_simulator","executable","true","test","false","false","false","true","false","false","","false","7077"
"src/runtime_core.cpp","RawrXD-Win32IDE","executable","false","shipped/product","true","true","false","false","false","true","","false","5079"
"src/runtime_patcher.cpp","SwarmSmokeTest","executable","true","test","false","false","false","true","false","true","","false","6649"
"src/runtime_surface/GenerationStopwatch.cpp","RawrXD-TpsSmoke","executable","true","benchmark","false","false","false","false","true","true","","false","6559"
"src/runtime_surface/GenerationStopwatch.cpp","RawrXD-Win32IDE","executable","false","shipped/product","true","true","false","false","false","true","","false","5079"
"src/runtime_surface/RuntimeSurfaceModule.cpp","RawrXD-TpsSmoke","executable","true","benchmark","false","false","false","false","true","true","","false","6559"
"src/runtime_surface/RuntimeSurfaceModule.cpp","RawrXD-Win32IDE","executable","false","shipped/product","true","true","false","false","false","true","","false","5079"
"src/runtime/GenerationBouncer.cpp","rawrxd","executable","true","excluded/experimental","false","false","false","false","false","true","","false","222"
"src/runtime/GenerationBouncer.cpp","RawrXD-Generate","executable","true","excluded/experimental","false","false","false","false","false","false","","false","3410"
"src/sampling/advanced_sampler.cpp","Deep2_Production_Bench","executable","true","benchmark","false","false","false","false","true","true","","false","5763"
"src/script/debug/minimal_dap_server.cpp","RawrXDScriptDAPAdapter","executable","false","supporting production","true","false","false","false","false","true","","false","6958"
"src/security/dependency_audit.cpp","RawrXD-Win32IDE","executable","false","shipped/product","true","true","false","false","false","true","","false","5079"
"src/security/InputSanitizer.cpp","RawrEngine","executable","false","shipped/product","true","false","false","false","false","false","","false","1967"
"src/security/InputSanitizer.cpp","RawrXD_Gold","executable","false","shipped/product","true","false","false","false","false","false","","false","2376"
"src/security/InputSanitizer.cpp","RawrXD-Win32IDE","executable","false","shipped/product","true","true","false","false","false","true","","false","5079"
"src/security/sast_rule_engine.cpp","RawrXD-Win32IDE","executable","false","shipped/product","true","true","false","false","false","true","","false","5079"
"src/security/secrets_scanner.cpp","RawrXD-Win32IDE","executable","false","shipped/product","true","true","false","false","false","true","","false","5079"
"src/security/SecurityHardening.cpp","RawrEngine","executable","false","shipped/product","true","false","false","false","false","false","","false","1967"
"src/security/uac_bypass_impl_stub.cpp","RawrXD-Crypto","library","false","supporting production","true","false","false","false","false","true","","true","5520"
"src/server/gguf_server_hotpatch.cpp","RawrXD-Win32IDE","executable","false","shipped/product","true","true","false","false","false","true","","false","5079"
"src/soloide/AI/AdvancedCodingAgent.cpp","RawrXD-SoloIDE","executable","false","supporting production","true","false","false","false","false","true","","false","7471"
"src/soloide/AI/AdvancedCodingAgent.hpp","RawrXD-SoloIDE","executable","false","supporting production","true","false","false","false","false","true","","false","7471"
"src/soloide/AI/CompletionEngine.cpp","RawrXD-SoloIDE","executable","false","supporting production","true","false","false","false","false","true","","false","7471"
"src/soloide/AI/CompletionEngine.hpp","RawrXD-SoloIDE","executable","false","supporting production","true","false","false","false","false","true","","false","7471"
"src/soloide/AI/MultiModalModelRouter.cpp","RawrXD-SoloIDE","executable","false","supporting production","true","false","false","false","false","true","","false","7471"
"src/soloide/AI/MultiModalModelRouter.hpp","RawrXD-SoloIDE","executable","false","supporting production","true","false","false","false","false","true","","false","7471"
"src/soloide/Core/Bus.cpp","RawrXD-SoloIDE","executable","false","supporting production","true","false","false","false","false","true","","false","7471"
"src/soloide/Core/Bus.hpp","RawrXD-SoloIDE","executable","false","supporting production","true","false","false","false","false","true","","false","7471"
"src/soloide/Debug/DAPClient.cpp","RawrXD-SoloIDE","executable","false","supporting production","true","false","false","false","false","true","","false","7471"
"src/soloide/Debug/DAPClient.hpp","RawrXD-SoloIDE","executable","false","supporting production","true","false","false","false","false","true","","false","7471"
"src/soloide/LSP/LSPClient.cpp","RawrXD-SoloIDE","executable","false","supporting production","true","false","false","false","false","true","","false","7471"
"src/soloide/LSP/LSPClient.hpp","RawrXD-SoloIDE","executable","false","supporting production","true","false","false","false","false","true","","false","7471"
"src/soloide/main.cpp","RawrXD-SoloIDE","executable","false","supporting production","true","false","false","false","false","true","","false","7471"
"src/soloide/UI/Panels/ChatPanel.cpp","RawrXD-SoloIDE","executable","false","supporting production","true","false","false","false","false","true","","false","7471"
"src/soloide/UI/Panels/ChatPanel.hpp","RawrXD-SoloIDE","executable","false","supporting production","true","false","false","false","false","true","","false","7471"
"src/soloide/UI/Panels/DebugPanel.cpp","RawrXD-SoloIDE","executable","false","supporting production","true","false","false","false","false","true","","false","7471"
"src/soloide/UI/Panels/DebugPanel.hpp","RawrXD-SoloIDE","executable","false","supporting production","true","false","false","false","false","true","","false","7471"
"src/soloide/UI/Panels/EditorPanel.cpp","RawrXD-SoloIDE","executable","false","supporting production","true","false","false","false","false","true","","false","7471"
"src/soloide/UI/Panels/EditorPanel.hpp","RawrXD-SoloIDE","executable","false","supporting production","true","false","false","false","false","true","","false","7471"
"src/soloide/UI/Panels/ProjectPanel.cpp","RawrXD-SoloIDE","executable","false","supporting production","true","false","false","false","false","true","","false","7471"
"src/soloide/UI/Panels/ProjectPanel.hpp","RawrXD-SoloIDE","executable","false","supporting production","true","false","false","false","false","true","","false","7471"
"src/soloide/UI/Panels/StatusPanel.cpp","RawrXD-SoloIDE","executable","false","supporting production","true","false","false","false","false","true","","false","7471"
"src/soloide/UI/Panels/StatusPanel.hpp","RawrXD-SoloIDE","executable","false","supporting production","true","false","false","false","false","true","","false","7471"
"src/soloide/UI/Panels/TerminalPanel.cpp","RawrXD-SoloIDE","executable","false","supporting production","true","false","false","false","false","true","","false","7471"
"src/soloide/UI/Panels/TerminalPanel.hpp","RawrXD-SoloIDE","executable","false","supporting production","true","false","false","false","false","true","","false","7471"
"src/soloide/UI/SoloIDE.cpp","RawrXD-SoloIDE","executable","false","supporting production","true","false","false","false","false","true","","false","7471"
"src/soloide/UI/SoloIDE.hpp","RawrXD-SoloIDE","executable","false","supporting production","true","false","false","false","false","true","","false","7471"
"src/sovereign_autonomy/SovereignAgentRuntime.cpp","RawrXD-Win32IDE","executable","false","shipped/product","true","true","false","false","false","true","","false","5079"
"src/sovereign_autonomy/SovereignBlackboard.cpp","RawrXD-Win32IDE","executable","false","shipped/product","true","true","false","false","false","true","","false","5079"
"src/sovereign_autonomy/SovereignCritic.cpp","RawrXD-Win32IDE","executable","false","shipped/product","true","true","false","false","false","true","","false","5079"
"src/sovereign_autonomy/SovereignMissionPlanner.cpp","RawrXD-Win32IDE","executable","false","shipped/product","true","true","false","false","false","true","","false","5079"
"src/sovereign_autonomy/SovereignReflectionEngine.cpp","RawrXD-Win32IDE","executable","false","shipped/product","true","true","false","false","false","true","","false","5079"
"src/sovereign_autonomy/SovereignTaskGraph.cpp","RawrXD-Win32IDE","executable","false","shipped/product","true","true","false","false","false","true","","false","5079"
"src/sovereign/agent/AgentGraphRuntime.cpp","SovereignTest_AutonomousAgent","executable","true","test","false","false","false","true","false","true","","false","5901"
"src/sovereign/agent/AutonomousAgent.cpp","SovereignTest_AutonomousAgent","executable","true","test","false","false","false","true","false","true","autonomousagent.cpp","false","5901"
"src/sovereign/awareness/SystemAwareness.cpp","RawrXD-Win32IDE","executable","false","shipped/product","true","true","false","false","false","true","","false","5079"
"src/sovereign/build/BuildStateGraph.cpp","RawrXD-Win32IDE","executable","false","shipped/product","true","true","false","false","false","true","","false","5079"
"src/sovereign/bus/BeaconBus.cpp","RawrXD-Win32IDE","executable","false","shipped/product","true","true","false","false","false","true","","false","5079"
"src/sovereign/bus/CapabilityBus.cpp","RawrXD-Win32IDE","executable","false","shipped/product","true","true","false","false","false","true","","false","5079"
"src/sovereign/capsule/ExecutionCapsule.cpp","RawrXD-Win32IDE","executable","false","shipped/product","true","true","false","false","false","true","","false","5079"
"src/sovereign/compression/IntentCompression.cpp","RawrXD-Win32IDE","executable","false","shipped/product","true","true","false","false","false","true","","false","5079"
"src/sovereign/control/SovereignControlPlane.cpp","RawrXD-Win32IDE","executable","false","shipped/product","true","true","false","false","false","true","","false","5079"
"src/sovereign/ExecutionContract.cpp","rawrxd","executable","true","excluded/experimental","false","false","false","false","false","true","","false","6764"
"src/sovereign/ide/SovereignIDEIntegration.cpp","RawrXD-Win32IDE","executable","false","shipped/product","true","true","false","false","false","true","","false","5079"
"src/sovereign/patcher/HotPatcher.cpp","SovereignTest_HotPatcher","executable","true","test","false","false","false","true","false","true","hotpatcher.cpp","false","5869"
"src/sovereign/rawrxd.cpp","rawrxd","executable","true","excluded/experimental","false","false","false","false","false","true","","false","6764"
"src/sovereign/recovery/AutonomousRecovery.cpp","RawrXD-Win32IDE","executable","false","shipped/product","true","true","false","false","false","true","","false","5079"
"src/sovereign/session/SessionStore.cpp","SovereignTest_AutonomousAgent","executable","true","test","false","false","false","true","false","true","","false","5901"
"src/sovereign/spine/ExecutionSpine.cpp","RawrXD-Win32IDE","executable","false","shipped/product","true","true","false","false","false","true","","false","5079"
"src/sovereign/terminal/TerminalOwnership.cpp","RawrXD-Win32IDE","executable","false","shipped/product","true","true","false","false","false","true","","false","5079"
"src/sovereign/tests/SovereignTest_AntiHallucination.cpp","SovereignTest_AntiHallucination","executable","true","test","false","false","false","true","false","true","","false","5951"
"src/sovereign/tests/SovereignTest_AtomicRollback.cpp","SovereignTest_Suite","executable","true","test","false","false","false","true","false","true","","false","5674"
"src/sovereign/tests/SovereignTest_AutonomousAgent.cpp","SovereignTest_AutonomousAgent","executable","true","test","false","false","false","true","false","true","","false","5901"
"src/sovereign/tests/SovereignTest_CacheCoherency.cpp","SovereignTest_Suite","executable","true","test","false","false","false","true","false","true","","false","5674"
"src/sovereign/tests/SovereignTest_Correctness.cpp","SovereignTest_Suite","executable","true","test","false","false","false","true","false","true","","false","5674"
"src/sovereign/tests/SovereignTest_Deep2_Batch.cpp","Deep2_Batch_Test","executable","true","test","false","false","false","true","false","true","","false","5734"
"src/sovereign/tests/SovereignTest_HotPatcher.cpp","SovereignTest_HotPatcher","executable","true","test","false","false","false","true","false","true","","false","5869"
"src/sovereign/tests/SovereignTest_Main.cpp","SovereignTest_Suite","executable","true","test","false","false","false","true","false","true","","false","5674"
"src/sovereign/tests/SovereignTest_PatchRegistry.cpp","SovereignTest_PatchRegistry","executable","true","test","false","false","false","true","false","true","","false","5838"
"src/sovereign/tests/SovereignTest_VAL038_E2E.cpp","SovereignTest_VAL038_E2E","executable","true","test","false","false","false","true","false","true","","false","5705"
"src/sovereign/tool/ToolRegistry.cpp","SovereignTest_AutonomousAgent","executable","true","test","false","false","false","true","false","true","toolregistry.cpp","false","5901"
"src/sovereign/validator/RealityValidator.cpp","RawrXD-Win32IDE","executable","false","shipped/product","true","true","false","false","false","true","","false","5079"
"src/streaming_gguf_loader.cpp","RawrXD-Win32IDE","executable","false","shipped/product","true","true","false","false","false","true","","false","5079"
"src/subagent_core.cpp","RawrXD-Win32IDE","executable","false","shipped/product","true","true","false","false","false","true","","false","5079"
"src/swarm/ArchitectAgent.cpp","RawrEngine","executable","false","shipped/product","true","false","false","false","false","false","","false","1967"
"src/swarm/BackendCore.cpp","RawrEngine","executable","false","shipped/product","true","false","false","false","false","false","","false","1967"
"src/swarm/CinematicVibeEngine.cpp","RawrEngine","executable","false","shipped/product","true","false","false","false","false","false","","false","1967"
"src/swarm/DeepContextManager.cpp","RawrEngine","executable","false","shipped/product","true","false","false","false","false","false","","false","1967"
"src/swarm/FrontendSquad.cpp","RawrEngine","executable","false","shipped/product","true","false","false","false","false","false","","false","1967"
"src/swarm/IDEIntegration.cpp","RawrEngine","executable","false","shipped/product","true","false","false","false","false","false","","false","1967"
"src/swarm/InfinitePerfectionTelemetry.cpp","RawrEngine","executable","false","shipped/product","true","false","false","false","false","false","","false","1967"
"src/swarm/InfinitePerfectionTelemetrySQLite.cpp","RawrEngine","executable","false","shipped/product","true","false","false","false","false","false","","false","1967"
"src/swarm/KimiSwarmOrchestrator.cpp","RawrEngine","executable","false","shipped/product","true","false","false","false","false","false","","false","1967"
"src/swarm/LearningSimulator.cpp","RawrEngine","executable","false","shipped/product","true","false","false","false","false","false","","false","1967"
"src/swarm/LegacyRefactorModule.cpp","RawrEngine","executable","false","shipped/product","true","false","false","false","false","false","","false","1967"
"src/swarm/OpenClawBridge.cpp","RawrEngine","executable","false","shipped/product","true","false","false","false","false","false","","false","1967"
"src/swarm/QAHive.cpp","RawrEngine","executable","false","shipped/product","true","false","false","false","false","false","","false","1967"
"src/swarm/ReviewerAgents.cpp","RawrEngine","executable","false","shipped/product","true","false","false","false","false","false","","false","1967"
"src/swarm/SwarmOrchestrator.cpp","RawrEngine","executable","false","shipped/product","true","false","false","false","false","false","","false","1967"
"src/swarm/TelemetryDashboardServer.cpp","RawrEngine","executable","false","shipped/product","true","false","false","false","false","false","","false","1967"
"src/telemetry/telemetry_export.cpp","RawrXD-Win32IDE","executable","false","shipped/product","true","true","false","false","false","true","","false","5079"
"src/telemetry/UnifiedTelemetryCore.cpp","RawrXD-Win32IDE","executable","false","shipped/product","true","true","false","false","false","true","","false","5079"
"src/terminal/embedded_terminal.cpp","RawrXD-Win32IDE","executable","false","shipped/product","true","true","false","false","false","true","","false","5079"
"src/test_masm_inference.cpp","TestMASMInference","executable","true","test","false","false","false","true","false","false","","false","7021"
"src/tests/backend_orchestrator_shard_smoke.cpp","BackendOrchestratorShardSmoke","executable","true","test","false","false","false","true","false","false","","false","6671"
"src/tests/Deep2Engine_IntegrationTest_Minimal.cpp","Deep2Engine_IntegrationTest","executable","false","test","false","false","false","true","false","true","","false","4997"
"src/tests/inference_routing_test.cpp","RawrXD-InferenceRoutingTest","executable","false","test","false","false","false","true","false","false","","false","6020"
"src/tests/SwarmSmokeTest.cpp","SwarmSmokeTest","executable","true","test","false","false","false","true","false","true","","false","6649"
"src/thermal/RAWRXD_ThermalDashboard.cpp","RawrXD-Win32IDE","executable","false","shipped/product","true","true","false","false","false","true","","false","5079"
"src/tool_registry_advanced.cpp","RawrXD-Win32IDE","executable","false","shipped/product","true","true","false","false","false","true","","false","5079"
"src/tool_registry.cpp","RawrXD-Win32IDE","executable","false","shipped/product","true","true","false","false","false","true","","false","5079"
"src/tools/fused_layer_benchmark.cpp","RawrXD-FusedBenchmark","executable","true","benchmark","false","false","false","false","true","true","","false","6128"
"src/tools/gpu_benchmark.cpp","RawrXD-Benchmark","executable","true","benchmark","false","false","false","false","true","true","","false","6083"
"src/tools/kv_cache_benchmark.cpp","RawrXD-KVBenchmark","executable","true","benchmark","false","false","false","false","true","true","","false","6159"
"src/tools/license_validator_manifest.cpp","RawrXD-Win32IDE","executable","false","shipped/product","true","true","false","false","false","true","","false","5079"
"src/tools/model_analysis_cli.cpp","RawrXD-ModelAnalysis","executable","true","excluded/experimental","false","false","false","false","false","true","","false","6615"
"src/tools/RawrXD_TpsSmoke.cpp","RawrXD-TpsSmoke","executable","true","benchmark","false","false","false","false","true","true","","false","6559"
"src/ui/agentic_bridge.cpp","RawrXD-Win32IDE","executable","false","shipped/product","true","true","false","false","false","true","","false","5079"
"src/ui/chat_message_renderer.cpp","RawrXD-Win32IDE","executable","false","shipped/product","true","true","false","false","false","true","","false","5079"
"src/ui/chat_panel.cpp","RawrXD-Win32IDE","executable","false","shipped/product","true","true","false","false","false","true","","false","5079"
"src/ui/debugger_core.cpp","RawrXD_Gold","executable","false","shipped/product","true","false","false","false","false","false","","false","2376"
"src/ui/debugger_core.cpp","RawrXD-Win32IDE","executable","false","shipped/product","true","true","false","false","false","true","","false","5079"
"src/ui/entry_point.cpp","rawrxd","executable","true","excluded/experimental","false","false","false","false","false","true","","false","222"
"src/ui/ExportBridge.cpp","RawrXD-Win32IDE","executable","false","shipped/product","true","true","false","false","false","true","","false","5079"
"src/ui/ImportBridge.cpp","RawrXD-Win32IDE","executable","false","shipped/product","true","true","false","false","false","true","","false","5079"
"src/ui/interpretability_panel.cpp","RawrXD-Win32IDE","executable","false","shipped/product","true","true","false","false","false","true","","false","5079"
"src/ui/monaco_settings_dialog.cpp","RawrXD-Win32IDE","executable","false","shipped/product","true","true","false","false","false","true","","false","5079"
"src/ui/RawrXD_MainLoop.cpp","rawrxd","executable","true","excluded/experimental","false","false","false","false","false","true","","false","222"
"src/ui/RawrXD_MainLoop.cpp","RawrXD_Gold","executable","false","shipped/product","true","false","false","false","false","false","","false","2376"
"src/ui/RawrXD_MainLoop.cpp","RawrXD-Win32IDE","executable","false","shipped/product","true","true","false","false","false","true","","false","5079"
"src/ui/tool_action_status.cpp","RawrXD-Win32IDE","executable","false","shipped/product","true","true","false","false","false","true","","false","5079"
"src/ui/webview2_bridge.cpp","RawrXD_Gold","executable","false","shipped/product","true","false","false","false","false","false","","false","2376"
"src/ui/webview2_bridge.cpp","RawrXD-Win32IDE","executable","false","shipped/product","true","true","false","false","false","true","","false","5079"
"src/universal_model_router.cpp","RawrXD-Win32IDE","executable","false","shipped/product","true","true","false","false","false","true","","false","5079"
"src/utils/Diagnostics.cpp","RawrXD-Win32IDE","executable","false","shipped/product","true","true","false","false","false","true","","false","5079"
"src/utils/ErrorReporter.cpp","RawrXD-Win32IDE","executable","false","shipped/product","true","true","false","false","false","true","","false","5079"
"src/validation/witness_system_test.cpp","witness_system_test","executable","true","test","false","false","false","true","false","false","","false","7214"
"src/win32app/AgenticBrowserLayer.cpp","RawrXD-Win32IDE","executable","false","shipped/product","true","true","false","false","false","true","","false","5079"
"src/win32app/ai_workers_queue.cpp","RawrXD-Win32IDE","executable","false","shipped/product","true","true","false","false","false","true","","false","5079"
"src/win32app/AutonomousAgent.cpp","RawrXD-Win32IDE","executable","false","shipped/product","true","true","false","false","false","true","autonomousagent.cpp","false","5079"
"src/win32app/BenchmarkMenu.cpp","RawrXD-Win32IDE","executable","false","shipped/product","true","true","false","false","false","true","","false","5079"
"src/win32app/CICDSettings.cpp","RawrXD-Win32IDE","executable","false","shipped/product","true","true","false","false","false","true","","false","5079"
"src/win32app/ConsentPrompt.cpp","RawrXD-Win32IDE","executable","false","shipped/product","true","true","false","false","false","true","","false","5079"
"src/win32app/EditorOperations.cpp","RawrXD-Win32IDE","executable","false","shipped/product","true","true","false","false","false","true","","false","5079"
"src/win32app/feature_registry_panel.cpp","RawrXD-Win32IDE","executable","false","shipped/product","true","true","false","false","false","true","feature_registry_panel.cpp","false","5079"
"src/win32app/HeadlessIDE.cpp","RawrXD-Win32IDE","executable","false","shipped/product","true","true","false","false","false","true","","false","5079"
"src/win32app/IDEDiagnosticAutoHealer.cpp","RawrXD-Win32IDE","executable","false","shipped/product","true","true","false","false","false","true","","false","5079"
"src/win32app/IMultiFileSearchWidget.cpp","RawrXD-Win32IDE","executable","false","shipped/product","true","true","false","false","false","true","","false","5079"
"src/win32app/IocpFileWatcher.cpp","RawrXD-Win32IDE","executable","false","shipped/product","true","true","false","false","false","true","","false","5079"
"src/win32app/IV280Bridge.cpp","RawrXD-Win32IDE","executable","false","shipped/product","true","true","false","false","false","true","","false","5079"
"src/win32app/main_win32.cpp","RawrXD-Win32IDE","executable","false","shipped/product","true","true","false","false","false","true","","false","5079"
"src/win32app/RawrXD-Win32IDE.rc","RawrXD-Win32IDE","executable","false","shipped/product","true","true","false","false","false","true","","false","5079"
"src/win32app/RouterOperations.cpp","RawrXD-Win32IDE","executable","false","shipped/product","true","true","false","false","false","true","","false","5079"
"src/win32app/TodoManager.cpp","RawrXD-Win32IDE","executable","false","shipped/product","true","true","false","false","false","true","","false","5079"
"src/win32app/TransparentRenderer.cpp","RawrXD-Win32IDE","executable","false","shipped/product","true","true","false","false","false","true","","false","5079"
"src/win32app/v280_link_bridge.cpp","RawrXD-Win32IDE","executable","false","shipped/product","true","true","false","false","false","true","","false","5079"
"src/win32app/VSCodeMarketplaceAPI.cpp","RawrXD-Win32IDE","executable","false","shipped/product","true","true","false","false","false","true","","false","5079"
"src/win32app/Win32IDE_Accelerators.cpp","RawrXD-Win32IDE","executable","false","shipped/product","true","true","false","false","false","true","","false","5079"
"src/win32app/Win32IDE_AgentCommands.cpp","RawrXD-Win32IDE","executable","false","shipped/product","true","true","false","false","false","true","","false","5079"
"src/win32app/Win32IDE_AgentHistory.cpp","RawrXD-Win32IDE","executable","false","shipped/product","true","true","false","false","false","true","","false","5079"
"src/win32app/Win32IDE_AgenticBridge.cpp","RawrXD-Win32IDE","executable","false","shipped/product","true","true","false","false","false","true","","false","5079"
"src/win32app/Win32IDE_AgenticBrowser.cpp","RawrXD-Win32IDE","executable","false","shipped/product","true","true","false","false","false","true","","false","5079"
"src/win32app/Win32IDE_AgenticComposerUX.cpp","RawrXD-Win32IDE","executable","false","shipped/product","true","true","false","false","false","true","","false","5079"
"src/win32app/Win32IDE_AgenticPlanningPanel.cpp","RawrXD-Win32IDE","executable","false","shipped/product","true","true","false","false","false","true","","false","5079"
"src/win32app/Win32IDE_AgentPanel.cpp","RawrXD-Win32IDE","executable","false","shipped/product","true","true","false","false","false","true","","false","5079"
"src/win32app/Win32IDE_AgentStreamingBridge.cpp","RawrXD-Win32IDE","executable","false","shipped/product","true","true","false","false","false","true","","false","5079"
"src/win32app/Win32IDE_AIBackend.cpp","RawrXD-Win32IDE","executable","false","shipped/product","true","true","false","false","false","true","","false","5079"
"src/win32app/Win32IDE_AIReverseEngineering.cpp","RawrXD-Win32IDE","executable","false","shipped/product","true","true","false","false","false","true","","false","5079"
"src/win32app/Win32IDE_AirgappedEnterprise.cpp","RawrXD-Win32IDE","executable","false","shipped/product","true","true","false","false","false","true","","false","5079"
"src/win32app/Win32IDE_Annotations.cpp","RawrXD-Win32IDE","executable","false","shipped/product","true","true","false","false","false","true","","false","5079"
"src/win32app/Win32IDE_AsmSemantic.cpp","RawrXD-Win32IDE","executable","false","shipped/product","true","true","false","false","false","true","","false","5079"
"src/win32app/Win32IDE_AuditDashboard.cpp","RawrXD-Win32IDE","executable","false","shipped/product","true","true","false","false","false","true","","false","5079"
"src/win32app/Win32IDE_AutonomousAgent.cpp","RawrXD-Win32IDE","executable","false","shipped/product","true","true","false","false","false","true","","false","5079"
"src/win32app/Win32IDE_AutonomousCommunicator.cpp","RawrXD-Win32IDE","executable","false","shipped/product","true","true","false","false","false","true","","false","5079"
"src/win32app/Win32IDE_AutonomousDebugger.cpp","RawrXD-Win32IDE","executable","false","shipped/product","true","true","false","false","false","true","","false","5079"
"src/win32app/Win32IDE_Autonomy.cpp","RawrXD-Win32IDE","executable","false","shipped/product","true","true","false","false","false","true","","false","5079"
"src/win32app/Win32IDE_AutoSave.cpp","RawrXD-Win32IDE","executable","false","shipped/product","true","true","false","false","false","true","","false","5079"
"src/win32app/Win32IDE_BackendSwitcher.cpp","RawrXD-Win32IDE","executable","false","shipped/product","true","true","false","false","false","true","","false","5079"
"src/win32app/Win32IDE_Breadcrumbs.cpp","RawrXD-Win32IDE","executable","false","shipped/product","true","true","false","false","false","true","","false","5079"
"src/win32app/Win32IDE_BuildRunner.cpp","RawrXD-Win32IDE","executable","false","shipped/product","true","true","false","false","false","true","","false","5079"
"src/win32app/Win32IDE_CaretAnimation.cpp","RawrXD-Win32IDE","executable","false","shipped/product","true","true","false","false","false","true","","false","5079"
"src/win32app/Win32IDE_ChatMessageRenderer.cpp","RawrXD-Win32IDE","executable","false","shipped/product","true","true","false","false","false","true","","false","5079"
"src/win32app/Win32IDE_ChatPanel_Ollama.cpp","RawrXD-Win32IDE","executable","false","shipped/product","true","true","false","false","false","true","","false","5079"
"src/win32app/Win32IDE_ChatPanel.cpp","RawrXD-Win32IDE","executable","false","shipped/product","true","true","false","false","false","true","","false","5079"
"src/win32app/Win32IDE_CodeLens.cpp","RawrXD-Win32IDE","executable","false","shipped/product","true","true","false","false","false","true","","false","5079"
"src/win32app/Win32IDE_Collab.cpp","RawrXD-Win32IDE","executable","false","shipped/product","true","true","false","false","false","true","","false","5079"
"src/win32app/Win32IDE_ColorPicker.cpp","RawrXD-Win32IDE","executable","false","shipped/product","true","true","false","false","false","true","","false","5079"
"src/win32app/Win32IDE_Commands.cpp","RawrXD-Win32IDE","executable","false","shipped/product","true","true","false","false","false","true","","false","5079"
"src/win32app/Win32IDE_ConsentPrompt.cpp","RawrXD-Win32IDE","executable","false","shipped/product","true","true","false","false","false","true","","false","5079"
"src/win32app/Win32IDE_ContextMentionParser.cpp","RawrXD-Win32IDE","executable","false","shipped/product","true","true","false","false","false","true","","false","5079"
"src/win32app/Win32IDE_CopilotGapPanel.cpp","RawrXD-Win32IDE","executable","false","shipped/product","true","true","false","false","false","true","","false","5079"
"src/win32app/Win32IDE_Core.cpp","RawrXD-Win32IDE","executable","false","shipped/product","true","true","false","false","false","true","","false","5079"
"src/win32app/Win32IDE_CoreRuntimeSpine.cpp","RawrXD-Win32IDE","executable","false","shipped/product","true","true","false","false","false","true","","false","5079"
"src/win32app/Win32IDE_CrashReporter.cpp","RawrXD-Win32IDE","executable","false","shipped/product","true","true","false","false","false","true","","false","5079"
"src/win32app/Win32IDE_CruciblePanel.cpp","RawrXD-Win32IDE","executable","false","shipped/product","true","true","false","false","false","true","","false","5079"
"src/win32app/Win32IDE_CursorParity.cpp","RawrXD-Win32IDE","executable","false","shipped/product","true","true","false","false","false","true","","false","5079"
"src/win32app/Win32IDE_Debugger.cpp","RawrXD-Win32IDE","executable","false","shipped/product","true","true","false","false","false","true","","false","5079"
"src/win32app/Win32IDE_DecompilerView.cpp","RawrXD-Win32IDE","executable","false","shipped/product","true","true","false","false","false","true","","false","5079"
"src/win32app/Win32IDE_DiffView.cpp","RawrXD-Win32IDE","executable","false","shipped/product","true","true","false","false","false","true","","false","5079"
"src/win32app/Win32IDE_DiskRecovery.cpp","RawrXD-Win32IDE","executable","false","shipped/product","true","true","false","false","false","true","","false","5079"
"src/win32app/Win32IDE_DualAgentPanel.cpp","RawrXD-Win32IDE","executable","false","shipped/product","true","true","false","false","false","true","","false","5079"
"src/win32app/Win32IDE_EditorEngine.cpp","RawrXD-Win32IDE","executable","false","shipped/product","true","true","false","false","false","true","","false","5079"
"src/win32app/Win32IDE_EmojiSupport.cpp","RawrXD-Win32IDE","executable","false","shipped/product","true","true","false","false","false","true","","false","5079"
"src/win32app/Win32IDE_EnterpriseStressTests.cpp","RawrXD-Win32IDE","executable","false","shipped/product","true","true","false","false","false","true","","false","5079"
"src/win32app/Win32IDE_ExecutionGovernor.cpp","RawrXD-Win32IDE","executable","false","shipped/product","true","true","false","false","false","true","","false","5079"
"src/win32app/Win32IDE_FailureDetector.cpp","RawrXD-Win32IDE","executable","false","shipped/product","true","true","false","false","false","true","","false","5079"
"src/win32app/Win32IDE_FailureIntelligence.cpp","RawrXD-Win32IDE","executable","false","shipped/product","true","true","false","false","false","true","","false","5079"
"src/win32app/Win32IDE_FeatureManifest.cpp","RawrXD-Win32IDE","executable","false","shipped/product","true","true","false","false","false","true","","false","5079"
"src/win32app/Win32IDE_FileOps.cpp","RawrXD-Win32IDE","executable","false","shipped/product","true","true","false","false","false","true","","false","5079"
"src/win32app/Win32IDE_FlagshipFeatures.cpp","RawrXD-Win32IDE","executable","false","shipped/product","true","true","false","false","false","true","","false","5079"
"src/win32app/Win32IDE_FlightRecorder.cpp","RawrXD-Win32IDE","executable","false","shipped/product","true","true","false","false","false","true","","false","5079"
"src/win32app/Win32IDE_FuzzySearch.cpp","RawrXD-Win32IDE","executable","false","shipped/product","true","true","false","false","false","true","","false","5079"
"src/win32app/Win32IDE_GameEnginePanel.cpp","RawrXD-Win32IDE","executable","false","shipped/product","true","true","false","false","false","true","","false","5079"
"src/win32app/Win32IDE_Gauntlet.cpp","RawrXD-Win32IDE","executable","false","shipped/product","true","true","false","false","false","true","","false","5079"
"src/win32app/Win32IDE_GGUFInspector.cpp","RawrXD-Win32IDE","executable","false","shipped/product","true","true","false","false","false","true","","false","5079"
"src/win32app/Win32IDE_GhostText.cpp","RawrXD-Win32IDE","executable","false","shipped/product","true","true","false","false","false","true","","false","5079"
"src/win32app/Win32IDE_GitPanel.cpp","RawrXD-Win32IDE","executable","false","shipped/product","true","true","false","false","false","true","","false","5079"
"src/win32app/Win32IDE_GUILayoutHotpatch.cpp","RawrXD-Win32IDE","executable","false","shipped/product","true","true","false","false","false","true","","false","5079"
"src/win32app/Win32IDE_HandleExtensionCommand.cpp","RawrXD-Win32IDE","executable","false","shipped/product","true","true","false","false","false","true","","false","5079"
"src/win32app/Win32IDE_HotpatchCtrlPanel.cpp","RawrXD-Win32IDE","executable","false","shipped/product","true","true","false","false","false","true","","false","5079"
"src/win32app/Win32IDE_HotpatchPanel.cpp","RawrXD-Win32IDE","executable","false","shipped/product","true","true","false","false","false","true","","false","5079"
"src/win32app/Win32IDE_HoverTooltips.cpp","RawrXD-Win32IDE","executable","false","shipped/product","true","true","false","false","false","true","","false","5079"
"src/win32app/Win32IDE_IDEDiagnosticAutoHealer.cpp","RawrXD-Win32IDE","executable","false","shipped/product","true","true","false","false","false","true","","false","5079"
"src/win32app/Win32IDE_InlayHints.cpp","RawrXD-Win32IDE","executable","false","shipped/product","true","true","false","false","false","true","","false","5079"
"src/win32app/Win32IDE_Instructions.cpp","RawrXD-Win32IDE","executable","false","shipped/product","true","true","false","false","false","true","","false","5079"
"src/win32app/Win32IDE_IOCPFileWatcher.cpp","RawrXD-Win32IDE","executable","false","shipped/product","true","true","false","false","false","true","","false","5079"
"src/win32app/Win32IDE_IRCBridge.cpp","RawrXD-Win32IDE","executable","false","shipped/product","true","true","false","false","false","true","","false","5079"
"src/win32app/Win32IDE_IRCBridgeCommands.cpp","RawrXD-Win32IDE","executable","false","shipped/product","true","true","false","false","false","true","","false","5079"
"src/win32app/Win32IDE_LanguagePlugin.cpp","RawrXD-Win32IDE","executable","false","shipped/product","true","true","false","false","false","true","","false","5079"
"src/win32app/Win32IDE_LayerEviction.cpp","RawrXD-Win32IDE","executable","false","shipped/product","true","true","false","false","false","true","","false","5079"
"src/win32app/Win32IDE_LicenseCreator.cpp","RawrXD-Win32IDE","executable","false","shipped/product","true","true","false","false","false","true","","false","5079"
"src/win32app/Win32IDE_LLMRouter.cpp","RawrXD-Win32IDE","executable","false","shipped/product","true","true","false","false","false","true","","false","5079"
"src/win32app/Win32IDE_LocalServer.cpp","RawrXD-Win32IDE","executable","false","shipped/product","true","true","false","false","false","true","","false","5079"
"src/win32app/Win32IDE_Logger.cpp","RawrXD-Win32IDE","executable","false","shipped/product","true","true","false","false","false","true","","false","5079"
"src/win32app/Win32IDE_LSP_AI_Bridge.cpp","RawrXD-Win32IDE","executable","false","shipped/product","true","true","false","false","false","true","","false","5079"
"src/win32app/Win32IDE_LSPClient.cpp","RawrXD-Win32IDE","executable","false","shipped/product","true","true","false","false","false","true","","false","5079"
"src/win32app/Win32IDE_LSPServer.cpp","RawrXD-Win32IDE","executable","false","shipped/product","true","true","false","false","false","true","","false","5079"
"src/win32app/Win32IDE_MarketplacePanel.cpp","RawrXD-Win32IDE","executable","false","shipped/product","true","true","false","false","false","true","","false","5079"
"src/win32app/Win32IDE_MCP.cpp","RawrXD-Win32IDE","executable","false","shipped/product","true","true","false","false","false","true","","false","5079"
"src/win32app/Win32IDE_MCPHooks.cpp","RawrXD-Win32IDE","executable","false","shipped/product","true","true","false","false","false","true","","false","5079"
"src/win32app/Win32IDE_ModelAnatomy.cpp","RawrXD-Win32IDE","executable","false","shipped/product","true","true","false","false","false","true","","false","5079"
"src/win32app/Win32IDE_ModelDiscovery.cpp","RawrXD-Win32IDE","executable","false","shipped/product","true","true","false","false","false","true","","false","5079"
"src/win32app/Win32IDE_MonacoThemes.cpp","RawrXD-Win32IDE","executable","false","shipped/product","true","true","false","false","false","true","","false","5079"
"src/win32app/Win32IDE_MultiCursor.cpp","RawrXD-Win32IDE","executable","false","shipped/product","true","true","false","false","false","true","","false","5079"
"src/win32app/Win32IDE_MultiResponse.cpp","RawrXD-Win32IDE","executable","false","shipped/product","true","true","false","false","false","true","","false","5079"
"src/win32app/Win32IDE_NativePipeline.cpp","RawrXD-Win32IDE","executable","false","shipped/product","true","true","false","false","false","true","","false","5079"
"src/win32app/Win32IDE_NetworkPanel.cpp","RawrXD-Win32IDE","executable","false","shipped/product","true","true","false","false","false","true","","false","5079"
"src/win32app/Win32IDE_OSExplorerInterceptor.cpp","RawrXD-Win32IDE","executable","false","shipped/product","true","true","false","false","false","true","","false","5079"
"src/win32app/Win32IDE_OutlinePanel.cpp","RawrXD-Win32IDE","executable","false","shipped/product","true","true","false","false","false","true","","false","5079"
"src/win32app/Win32IDE_PDBSymbols.cpp","RawrXD-Win32IDE","executable","false","shipped/product","true","true","false","false","false","true","","false","5079"
"src/win32app/Win32IDE_PeekOverlay.cpp","RawrXD-Win32IDE","executable","false","shipped/product","true","true","false","false","false","true","","false","5079"
"src/win32app/Win32IDE_PeekView.cpp","RawrXD-Win32IDE","executable","false","shipped/product","true","true","false","false","false","true","","false","5079"
"src/win32app/Win32IDE_PerfTelemetry.cpp","RawrXD-Win32IDE","executable","false","shipped/product","true","true","false","false","false","true","","false","5079"
"src/win32app/Win32IDE_PipelinePanel.cpp","RawrXD-Win32IDE","executable","false","shipped/product","true","true","false","false","false","true","","false","5079"
"src/win32app/Win32IDE_PlanExecutor.cpp","RawrXD-Win32IDE","executable","false","shipped/product","true","true","false","false","false","true","","false","5079"
"src/win32app/Win32IDE_Plugins.cpp","RawrXD-Win32IDE","executable","false","shipped/product","true","true","false","false","false","true","","false","5079"
"src/win32app/Win32IDE_PluginSignature.cpp","RawrXD-Win32IDE","executable","false","shipped/product","true","true","false","false","false","true","","false","5079"
"src/win32app/Win32IDE_PowerShell.cpp","RawrXD-Win32IDE","executable","false","shipped/product","true","true","false","false","false","true","","false","5079"
"src/win32app/Win32IDE_PowerShellPanel.cpp","RawrXD-Win32IDE","executable","false","shipped/product","true","true","false","false","false","true","","false","5079"
"src/win32app/Win32IDE_private_stubs.cpp","RawrXD-Win32IDE","executable","false","shipped/product","true","true","false","false","false","true","","true","5079"
"src/win32app/Win32IDE_ProblemsPanel.cpp","RawrXD-Win32IDE","executable","false","shipped/product","true","true","false","false","false","true","","false","5079"
"src/win32app/Win32IDE_ProvableAgent.cpp","RawrXD-Win32IDE","executable","false","shipped/product","true","true","false","false","false","true","","false","5079"
"src/win32app/Win32IDE_QuickWins.cpp","RawrXD-Win32IDE","executable","false","shipped/product","true","true","false","false","false","true","","false","5079"
"src/win32app/Win32IDE_Refactor.cpp","RawrXD-Win32IDE","executable","false","shipped/product","true","true","false","false","false","true","","false","5079"
"src/win32app/Win32IDE_RefactoringPlugin.cpp","RawrXD-Win32IDE","executable","false","shipped/product","true","true","false","false","false","true","","false","5079"
"src/win32app/Win32IDE_RenamePreview.cpp","RawrXD-Win32IDE","executable","false","shipped/product","true","true","false","false","false","true","","false","5079"
"src/win32app/Win32IDE_ResourceGenerator.cpp","RawrXD-Win32IDE","executable","false","shipped/product","true","true","false","false","false","true","","false","5079"
"src/win32app/Win32IDE_ReverseEngineering.cpp","RawrXD-Win32IDE","executable","false","shipped/product","true","true","false","false","false","true","","false","5079"
"src/win32app/Win32IDE_SearchPanel.cpp","RawrXD-Win32IDE","executable","false","shipped/product","true","true","false","false","false","true","","false","5079"
"src/win32app/Win32IDE_SecurityScans.cpp","RawrXD-Win32IDE","executable","false","shipped/product","true","true","false","false","false","true","","false","5079"
"src/win32app/Win32IDE_SemanticPanel.cpp","RawrXD-Win32IDE","executable","false","shipped/product","true","true","false","false","false","true","","false","5079"
"src/win32app/Win32IDE_Session.cpp","RawrXD-Win32IDE","executable","false","shipped/product","true","true","false","false","false","true","","false","5079"
"src/win32app/Win32IDE_Settings.cpp","RawrXD-Win32IDE","executable","false","shipped/product","true","true","false","false","false","true","","false","5079"
"src/win32app/Win32IDE_ShortcutEditor.cpp","RawrXD-Win32IDE","executable","false","shipped/product","true","true","false","false","false","true","","false","5079"
"src/win32app/Win32IDE_Sidebar.cpp","RawrXD-Win32IDE","executable","false","shipped/product","true","true","false","false","false","true","","false","5079"
"src/win32app/Win32IDE_SnippetEngine.cpp","RawrXD-Win32IDE","executable","false","shipped/product","true","true","false","false","false","true","","false","5079"
"src/win32app/Win32IDE_SQLite3Core.cpp","RawrXD-Win32IDE","executable","false","shipped/product","true","true","false","false","false","true","","false","5079"
"src/win32app/Win32IDE_StaticAnalysisPanel.cpp","RawrXD-Win32IDE","executable","false","shipped/product","true","true","false","false","false","true","","false","5079"
"src/win32app/Win32IDE_StreamingUX.cpp","RawrXD-Win32IDE","executable","false","shipped/product","true","true","false","false","false","true","","false","5079"
"src/win32app/Win32IDE_SubAgent.cpp","RawrXD-Win32IDE","executable","false","shipped/product","true","true","false","false","false","true","","false","5079"
"src/win32app/Win32IDE_SwarmModelSelector.cpp","RawrXD-Win32IDE","executable","false","shipped/product","true","true","false","false","false","true","","false","5079"
"src/win32app/Win32IDE_SwarmPanel.cpp","RawrXD-Win32IDE","executable","false","shipped/product","true","true","false","false","false","true","","false","5079"
"src/win32app/Win32IDE_SyntaxHighlight.cpp","RawrXD-Win32IDE","executable","false","shipped/product","true","true","false","false","false","true","","false","5079"
"src/win32app/Win32IDE_TabManager.cpp","RawrXD-Win32IDE","executable","false","shipped/product","true","true","false","false","false","true","","false","5079"
"src/win32app/Win32IDE_Tasks.cpp","RawrXD-Win32IDE","executable","false","shipped/product","true","true","false","false","false","true","","false","5079"
"src/win32app/Win32IDE_Telemetry.cpp","RawrXD-Win32IDE","executable","false","shipped/product","true","true","false","false","false","true","","false","5079"
"src/win32app/Win32IDE_TelemetryDashboard.cpp","RawrXD-Win32IDE","executable","false","shipped/product","true","true","false","false","false","true","","false","5079"
"src/win32app/Win32IDE_TelemetryExport.cpp","RawrXD-Win32IDE","executable","false","shipped/product","true","true","false","false","false","true","","false","5079"
"src/win32app/Win32IDE_TelemetryPanel.cpp","RawrXD-Win32IDE","executable","false","shipped/product","true","true","false","false","false","true","","false","5079"
"src/win32app/Win32IDE_TerminalSplit.cpp","RawrXD-Win32IDE","executable","false","shipped/product","true","true","false","false","false","true","","false","5079"
"src/win32app/Win32IDE_TestExplorerTree.cpp","RawrXD-Win32IDE","executable","false","shipped/product","true","true","false","false","false","true","","false","5079"
"src/win32app/Win32IDE_Themes.cpp","RawrXD-Win32IDE","executable","false","shipped/product","true","true","false","false","false","true","","false","5079"
"src/win32app/Win32IDE_Tier1Cosmetics.cpp","RawrXD-Win32IDE","executable","false","shipped/product","true","true","false","false","false","true","","false","5079"
"src/win32app/Win32IDE_Tier2Cosmetics.cpp","RawrXD-Win32IDE","executable","false","shipped/product","true","true","false","false","false","true","","false","5079"
"src/win32app/Win32IDE_Tier3Cosmetics.cpp","RawrXD-Win32IDE","executable","false","shipped/product","true","true","false","false","false","true","","false","5079"
"src/win32app/Win32IDE_Tier3Polish.cpp","RawrXD-Win32IDE","executable","false","shipped/product","true","true","false","false","false","true","","false","5079"
"src/win32app/Win32IDE_Tier5Cosmetics.cpp","RawrXD-Win32IDE","executable","false","shipped/product","true","true","false","false","false","true","","false","5079"
"src/win32app/Win32IDE_ToolActionStatus.cpp","RawrXD-Win32IDE","executable","false","shipped/product","true","true","false","false","false","true","","false","5079"
"src/win32app/Win32IDE_TranscendencePanel.cpp","RawrXD-Win32IDE","executable","false","shipped/product","true","true","false","false","false","true","","false","5079"
"src/win32app/Win32IDE_UnifiedTelemetry.cpp","RawrXD-Win32IDE","executable","false","shipped/product","true","true","false","false","false","true","","false","5079"
"src/win32app/Win32IDE_UpdateSignature.cpp","RawrXD-Win32IDE","executable","false","shipped/product","true","true","false","false","false","true","","false","5079"
"src/win32app/Win32IDE_VisionEncoder.cpp","RawrXD-Win32IDE","executable","false","shipped/product","true","true","false","false","false","true","","false","5079"
"src/win32app/Win32IDE_VoiceAutomation.cpp","RawrXD-Win32IDE","executable","false","shipped/product","true","true","false","false","false","true","","false","5079"
"src/win32app/Win32IDE_VoiceChat.cpp","RawrXD-Win32IDE","executable","false","shipped/product","true","true","false","false","false","true","","false","5079"
"src/win32app/Win32IDE_VSCodeExtAPI.cpp","RawrXD-Win32IDE","executable","false","shipped/product","true","true","false","false","false","true","","false","5079"
"src/win32app/Win32IDE_VSCodeUI.cpp","RawrXD-Win32IDE","executable","false","shipped/product","true","true","false","false","false","true","","false","5079"
"src/win32app/Win32IDE_VulkanRenderer.cpp","RawrXD-Win32IDE","executable","false","shipped/product","true","true","false","false","false","true","","false","5079"
"src/win32app/Win32IDE_Watchdog.cpp","RawrXD-Win32IDE","executable","false","shipped/product","true","true","false","false","false","true","","false","5079"
"src/win32app/Win32IDE_WebView2.cpp","RawrXD-Win32IDE","executable","false","shipped/product","true","true","false","false","false","true","","false","5079"
"src/win32app/Win32IDE_Window.cpp","RawrXD-Win32IDE","executable","false","shipped/product","true","true","false","false","false","true","","false","5079"
"src/win32app/Win32IDE.cpp","RawrXD-Win32IDE","executable","false","shipped/product","true","true","false","false","false","true","","false","5079"
"src/win32app/Win32TerminalManager.cpp","RawrXD-Win32IDE","executable","false","shipped/product","true","true","false","false","false","true","","false","5079"
"src/win32app/WindowManager.cpp","RawrXD-Win32IDE","executable","false","shipped/product","true","true","false","false","false","true","","false","5079"
"src/win32ide/GhostTextRenderer.cpp","RawrXD-Win32IDE","executable","false","shipped/product","true","true","false","false","false","true","","false","5079"
"src/win32ide/Omega1IDEIntegration.cpp","RawrXD-Win32IDE","executable","false","shipped/product","true","true","false","false","false","true","","false","5079"
"src/win32ide/Omega1IPCClient.cpp","RawrXD-Win32IDE","executable","false","shipped/product","true","true","false","false","false","true","","false","5079"
"src/win32ide/StatusBarTelemetry.cpp","RawrXD-Win32IDE","executable","false","shipped/product","true","true","false","false","false","true","","false","5079"
"src/win32ide/Win32IDE_Omega1Integration.cpp","RawrXD-Win32IDE","executable","false","shipped/product","true","true","false","false","false","true","","false","5079"
"tests/autonomy/recovery/GoldenRecoveryTests.cpp","RawrXD-GoldenRecoveryTests","executable","true","test","false","false","false","true","false","false","","false","6723"
"tests/benchmark_dispatch_overhead.cpp","benchmark_dispatch_overhead","executable","true","benchmark","false","false","false","false","true","true","","false","7232"
"tests/benchmark_dispatch_pmc.cpp","benchmark_dispatch_pmc","executable","true","benchmark","false","false","false","false","true","true","","false","7378"
"tests/benchmark_planner_amortization.cpp","benchmark_planner_amortization","executable","true","benchmark","false","false","false","false","true","true","","false","7255"
"tests/comprehensive_dual_gpu_test.cpp","comprehensive_dual_gpu_test","executable","true","test","false","false","false","true","false","true","","false","457"
"tests/deep2_link_stubs.cpp","test_generation","executable","false","test","false","false","false","true","false","false","","true","7488"
"tests/dual_gpu_smoke_test.cpp","dual_gpu_smoke_test","executable","true","test","false","false","false","true","false","true","","false","389"
"tests/gguf_link_impl.cpp","RawrXD_Gold","executable","false","shipped/product","true","false","false","false","false","false","","false","2376"
"tests/nevm_determinism_validation.cpp","nevm_determinism_validation","executable","true","test","false","false","false","true","false","true","","false","7300"
"tests/nevm_stress_test.cpp","nevm_stress_test","executable","true","test","false","false","false","true","false","true","","false","7324"
"tests/test_autonomous_pipeline.cpp","test_autonomous_pipeline","executable","false","test","false","false","false","true","false","true","","false","6037"
"tests/test_generation.cpp","test_generation","executable","false","test","false","false","false","true","false","false","","false","7488"
"tests/test_omega1_bridge.cpp","test_omega1_bridge","executable","true","test","false","false","false","true","false","true","","false","508"
"tests/test_q4_asm_debug.cpp","test_q4_asm_debug","executable","true","test","false","false","false","true","false","true","","false","7141"
"tests/test_q4_cache_alignment.cpp","test_q4_cache_alignment","executable","true","test","false","false","false","true","false","true","","false","7120"
"tests/test_q4_fused_pipeline.cpp","test_q4_fused_pipeline","executable","true","test","false","false","false","true","false","true","","false","7099"
"tests/test_q4_scalar_simd.cpp","test_q4_scalar_simd","executable","true","test","false","false","false","true","false","true","","false","7185"
"tests/val_051_2_a_real_token.cpp","val_051_2_a_real_token","executable","true","excluded/experimental","false","false","false","false","false","true","","false","321"
"tests/validate_end_to_end.cpp","validate_end_to_end","executable","true","excluded/experimental","false","false","false","false","false","true","","false","7276"
"tools/address_resolver_native.cpp","address_resolver_native","executable","true","excluded/experimental","false","false","false","false","false","true","","false","6844"
"tools/gguf_inspector.cpp","gguf_inspector","executable","true","excluded/experimental","false","false","false","false","false","true","","false","440"
"validation/fault_injection/ExceptionStormInjector.cpp","RawrXD-GoldenRecoveryTests","executable","true","test","false","false","false","true","false","false","","false","6723"
"validation/fault_injection/FaultInjector.cpp","RawrXD-GoldenRecoveryTests","executable","true","test","false","false","false","true","false","false","","false","6723"
"validation/fault_injection/MemoryPressureInjector.cpp","RawrXD-GoldenRecoveryTests","executable","true","test","false","false","false","true","false","false","","false","6723"
"validation/fault_injection/ServiceKillInjector.cpp","RawrXD-GoldenRecoveryTests","executable","true","test","false","false","false","true","false","false","","false","6723"
"validation/fault_injection/StateCorruptionInjector.cpp","RawrXD-GoldenRecoveryTests","executable","true","test","false","false","false","true","false","false","","false","6723"
"validation/fault_injection/WorkerCrashInjector.cpp","RawrXD-GoldenRecoveryTests","executable","true","test","false","false","false","true","false","false","","false","6723"
"validation/recovery_telemetry/RecoveryTelemetry.cpp","RawrXD-GoldenRecoveryTests","executable","true","test","false","false","false","true","false","false","","false","6723"
