ID	PATH	EXT	BYTES	LINES	SHA256	SUBSYSTEM	BUILD_TARGET	GENERATED	AUDIT_STATUS
000001	analyze_sources.py	.py	1974	66	5328CE450AFE25414D0DA157BAB02DF132891ED07CED9EA1192B03BF3F360EB7	analyze_sources.py	UNKNOWN	UNKNOWN	PENDING
000002	build_cert.bat	.bat	286	4	2B1A9018B63451F3728A484E99E6DF96C85239EE40A57D19D081EF3FFD7BF7C7	build_cert.bat	UNKNOWN	UNKNOWN	PENDING
000003	build_instagib.bat	.bat	817	18	D55C205EC3278A086B7F38393A0D35D432CDC2CEE1D0D50154462D44EA3FD710	build_instagib.bat	UNKNOWN	UNKNOWN	PENDING
000004	build_lavapath.bat	.bat	841	9	1E31EBB1D33C999022BA6C0C98D67C37E9475F02BFE1AF1B4C8FFB69DFCE84B2	build_lavapath.bat	UNKNOWN	UNKNOWN	PENDING
000005	build_nemotron_fix.bat	.bat	1938	61	A89642591DDEC4945A517564B65C594E0454107226EC7FD3138DB0F6D0E93F94	build_nemotron_fix.bat	UNKNOWN	UNKNOWN	PENDING
000006	build_neonsiege.bat	.bat	677	14	0644EC319E09604FC18DE73D11CEB31EA3A538FC5DA9DF44367EF224DDFE3F75	build_neonsiege.bat	UNKNOWN	UNKNOWN	PENDING
000007	cleanup_cmake.py	.py	1408	55	B8B62C854DB34D6DDDEAB9EC07B36F3019614ABEBFE3C5FEF3FCCC10AAC43AEB	cleanup_cmake.py	UNKNOWN	UNKNOWN	PENDING
000008	CMakeLists.txt	.txt	1244874	19060	FA4421BE0B148330972E4B04664D698C4D3B15AB4D039563DA7EA80AD577FC85	CMakeLists.txt	UNKNOWN	UNKNOWN	PENDING
000009	CMakePresets.json	.json	607	27	D7CF92731F0840CAD534EA94DAB42A04C75E63F49A9D17A0A15D559EEEA74729	CMakePresets.json	UNKNOWN	UNKNOWN	PENDING
000010	create_stubs.ps1	.ps1	4216	92	C157A8E64A3B4E1109F7DC1FEE041AAA2608B80976D6C133E4A10C5492195D18	create_stubs.ps1	UNKNOWN	UNKNOWN	PENDING
000011	create_stubs.py	.py	1421	34	B455A64F1C915E84222B0D62718B1110D23F21561CAD77651C1B9320D29FACD1	create_stubs.py	UNKNOWN	UNKNOWN	PENDING
000012	d04_cert_report.ps1	.ps1	1879	37	AAEDF47590703C1558C6022014D6F7C7E202B90A25C4C7F219C5A8A80BFD7E95	d04_cert_report.ps1	UNKNOWN	UNKNOWN	PENDING
000013	d04_width4.cmd	.cmd	467	11	CBF4FD53EB02F80DCF5E13B300FE620DF6D4B9847AB4303A307A1AC06752B4F7	d04_width4.cmd	UNKNOWN	UNKNOWN	PENDING
000014	dump_pe.bat	.bat	164	4	6BA0FABAEE02374A6738BB81A3D6C04E46F0D78DB933523D9750806482C2F8E7	dump_pe.bat	UNKNOWN	UNKNOWN	PENDING
000015	dump_pe.py	.py	3639	66	553D2BBD6227505C927F133C2140905AE8B65B06DF31A3BBA7EFA1789A2F6669	dump_pe.py	UNKNOWN	UNKNOWN	PENDING
000016	fix_all_remaining.py	.py	1947	53	415EAB8D4CAF4952EAF9601CF3C04D8110F4D342119BE3D7DDDFDED72CD0E030	fix_all_remaining.py	UNKNOWN	UNKNOWN	PENDING
000017	fix_cmake.py	.py	6455	133	2CDD3E28AECE3C69D049336EED3019717C6F20AD56EED289E26359B776952C39	fix_cmake.py	UNKNOWN	UNKNOWN	PENDING
000018	fix_disable_certs.py	.py	3297	75	D485ECF285AF09956D8CBD5A704CB04EB1828C1B78DFBF145281DE5227BB16A4	fix_disable_certs.py	UNKNOWN	UNKNOWN	PENDING
000019	fix_remaining_missing.py	.py	3092	70	AA39F90790C8C779F295518E5ED711B5D70D5844C54F462E7A6C7976F2EDA27A	fix_remaining_missing.py	UNKNOWN	UNKNOWN	PENDING
000020	fp16_census.cpp	.cpp	13455	325	679E0DA3373147200EE156F472A0A2837A2F74270F5CD3C532F0359EC18EC7F1	fp16_census.cpp	UNKNOWN	UNKNOWN	PENDING
000021	fp16_end_to_end.cpp	.cpp	7468	185	C71C9DDD336B3A3B17685BFFE550EDD0D092C69896DC787A354E7FD3CC1DB443	fp16_end_to_end.cpp	UNKNOWN	UNKNOWN	PENDING
000022	fp16_model_impact.cpp	.cpp	6556	159	767DC02DAC2C43AD9F2E6092A4D7CCF7469DD738658D00BF00A4AD79C912DAEE	fp16_model_impact.cpp	UNKNOWN	UNKNOWN	PENDING
000023	fp16_probe.cpp	.cpp	4045	92	BEB1ED27A0C1DB66FA00DB8235B59E1E0C70ED8DE19C1870C25FBAD6724DE66C	fp16_probe.cpp	UNKNOWN	UNKNOWN	PENDING
000024	full_model_inference.cpp	.cpp	5143	123	A0D798C41AF71E6B0280616820EABD19519C711EFC90A833661E5AE5606BB8DA	full_model_inference.cpp	UNKNOWN	UNKNOWN	PENDING
000025	inference_authority_ladder.cpp	.cpp	47694	926	186407599D21FE56383A9AF1152F87FFF2E3CC79D509A1FDDC24103BB31827BB	inference_authority_ladder.cpp	UNKNOWN	UNKNOWN	PENDING
000026	inspect_gguf.py	.py	1728	51	B7E8F8D41CB35960A05EF7962509C028300D324815ECF5B337013C165CAF5D92	inspect_gguf.py	UNKNOWN	UNKNOWN	PENDING
000027	inspect_gguf2.py	.py	1598	44	B6B4DC0FDA90D1193C542FDC4994D993524B726BD2025322981A94338A55BE7E	inspect_gguf2.py	UNKNOWN	UNKNOWN	PENDING
000028	kquant_bench.cpp	.cpp	4048	91	86EE2F7C8EAB458981D76A87C6D591B6455C5E6100D537C945C170EB3DB50752	kquant_bench.cpp	UNKNOWN	UNKNOWN	PENDING
000029	kquant_parity_check.cpp	.cpp	22031	441	6D1EF5C5BDDEE69173202B4E63907F94028A38186EDE5A2686E6A84109B62F1A	kquant_parity_check.cpp	UNKNOWN	UNKNOWN	PENDING
000030	math_parity_check.cpp	.cpp	14421	325	EF6381CDF6212E9CD40BFFFB439FB78692A19FAA9EB3CD52B26B328D9D95A4A3	math_parity_check.cpp	UNKNOWN	UNKNOWN	PENDING
000031	New-RawrXDBeyondParity.ps1	.ps1	27156	658	CAD721EE97BCB1616281E7CD1CFD0014B834FA9BF2868904D70A69921431C521	New-RawrXDBeyondParity.ps1	UNKNOWN	UNKNOWN	PENDING
000032	production_regime_sweep.cpp	.cpp	10630	227	F76646AE9F227E2D0C644807FDA33D1520A2BC5504A496F383B9A24600A185B6	production_regime_sweep.cpp	UNKNOWN	UNKNOWN	PENDING
000033	q4k_shape_census.cpp	.cpp	1753	39	0004B73CF6688C3247DE6947EB05C6B0F504EEB5E79D290AEA9FA1EA83972C72	q4k_shape_census.cpp	UNKNOWN	UNKNOWN	PENDING
000034	q6k_block_trace.cpp	.cpp	11579	260	C71062D46926FA582A5BB4B2C0B127FA907BDC6DAA5766EDF957DBAD11D8FF97	q6k_block_trace.cpp	UNKNOWN	UNKNOWN	PENDING
000035	q6k_live_block_trace.cpp	.cpp	19489	403	27E6E3AEB2D6B0FA27A26B004B40D08092A64082FF64EE00F0F0FA9954604464	q6k_live_block_trace.cpp	UNKNOWN	UNKNOWN	PENDING
000036	q6k_row_decisive.cpp	.cpp	10211	233	8C21E9CA105B61441C2DE64C57E8E06F3C390778A1D9854AC1198D7DDAED5BE8	q6k_row_decisive.cpp	UNKNOWN	UNKNOWN	PENDING
000037	real_gguf_probe.cpp	.cpp	7478	162	0EC5661C811F1E6B54FCF890128579765269A66336A0760AAAB31C1FA33959E9	real_gguf_probe.cpp	UNKNOWN	UNKNOWN	PENDING
000038	real_q4k_gemv_parity.cpp	.cpp	7437	177	3FD5910002D38F871E41E4F7A15EA45501E104B1BBA929733C902E35F6299319	real_q4k_gemv_parity.cpp	UNKNOWN	UNKNOWN	PENDING
000039	real_q6k_gemv_parity.cpp	.cpp	18514	381	9E364BB38EFDD0426AA39B24F5D39BBC28C88DCF0B924FCD77F11101F188ED67	real_q6k_gemv_parity.cpp	UNKNOWN	UNKNOWN	PENDING
000040	regime_sweep.cpp	.cpp	28685	524	C6111265733F17865E91FC8D9B5930C5D28216BCDF065341C9D79F9E740BAD28	regime_sweep.cpp	UNKNOWN	UNKNOWN	PENDING
000041	regime_sweep_d4096.cpp	.cpp	29209	532	F44C5B7A1DECF012E0B4FE4ECE6C646BB74190B73B6392677BFF392631E98DFF	regime_sweep_d4096.cpp	UNKNOWN	UNKNOWN	PENDING
000042	remove_failing_targets.py	.py	6130	132	157621EB07B8937A10F1DDEACD720E433A6FFFB7C4953AD79380497F36771566	remove_failing_targets.py	UNKNOWN	UNKNOWN	PENDING
000043	remove_targets_v2.py	.py	2482	75	86CD1B9C954DE05B894E64BCA6A87762040D9335E469006B4A9C3C0CAA90AB9D	remove_targets_v2.py	UNKNOWN	UNKNOWN	PENDING
000044	rng_contract_probe.cpp	.cpp	829	25	F841F163BD1F5172224E75F95D746810107256B6848D246365BDAF88B8097BCA	rng_contract_probe.cpp	UNKNOWN	UNKNOWN	PENDING
000045	run_gate16.bat	.bat	203	3	20166FAD13A7C504820B47DCE32D3C96480CF67AE5B6589BE62483911D76B918	run_gate16.bat	UNKNOWN	UNKNOWN	PENDING
000046	set_d04_env.ps1	.ps1	1293	38	4EC557DEBAC937998F243464EDC283D39B4A3518D7AB99DD45AEB6B3649B89EE	set_d04_env.ps1	UNKNOWN	UNKNOWN	PENDING
000047	stage_profile.cpp	.cpp	7841	173	AEED942448CB26C7ED58B9872097AB57453173C4E09164D85400A74E24C91390	stage_profile.cpp	UNKNOWN	UNKNOWN	PENDING
000048	test_payload.json	.json	125	1	7D458418195DABCC524A8E0F64B79033E21B43776D1394E4C4EEC31BA4BDB3E9	test_payload.json	UNKNOWN	UNKNOWN	PENDING
000049	test_payload_stream.json	.json	125	1	74D9B145EA64EE076C0C3EEF3D9AF7491FFF57EA9EBF9BB5D759338FC96C2C8D	test_payload_stream.json	UNKNOWN	UNKNOWN	PENDING
000050	thread_semantics_check.cpp	.cpp	7450	168	A7492CC0A2528D750BC8EB22509C5409400D8A1456B990221E3A98175BCDD246	thread_semantics_check.cpp	UNKNOWN	UNKNOWN	PENDING
000051	trace_all.py	.py	10490	256	934FA674C9A7C1B28B194FC1E7763F48726984D8417E5381DFD4CA19D223C15F	trace_all.py	UNKNOWN	UNKNOWN	PENDING
000052	trace_rawr.py	.py	5816	152	D1F85635FFF45D0287AEC350B277CF50E226E8ACC66E56451AFC48990547A647	trace_rawr.py	UNKNOWN	UNKNOWN	PENDING
000053	trace_sources.py	.py	4064	112	573EA9FD4160C42F50A9FCC1D7A1EF4AE54954E2CE3094AA213555296FF37808	trace_sources.py	UNKNOWN	UNKNOWN	PENDING
000054	trace_sources2.py	.py	2998	84	832C8AF42EC0BB41886BD38E87CB7069641C7624DEBED6A1ED8808B0A4F3ECD7	trace_sources2.py	UNKNOWN	UNKNOWN	PENDING
000055	transformer_tps_bench.cpp	.cpp	10745	236	A3C22241649BF5F18260D85DC35FEFA1CEDEF1478DFAFB5060747EECD9E3CB41	transformer_tps_bench.cpp	UNKNOWN	UNKNOWN	PENDING
000056	verify_registry_q4k.cpp	.cpp	9827	220	D780CE4BDCA31757417AB386B9098776483B5D0DFE8CAA0DE2087E2CCA8A3C8C	verify_registry_q4k.cpp	UNKNOWN	UNKNOWN	PENDING
000057	_build_inf_engine.bat	.bat	1070	15	50923F5379B25C35ADA822DD0EE96EED928ADDE44C79A5C6F0780CB3AB71987C	_build_inf_engine.bat	UNKNOWN	UNKNOWN	PENDING
000058	_check_cmake.py	.py	2677	86	8FB0261E0CACC20390379041720630506967AA24B6F714F3CE88EF1F37DFDE98	_check_cmake.py	UNKNOWN	UNKNOWN	PENDING
000059	_check_missing.py	.py	534	13	2C6A2372DD2FF240DD376378318290F4592BC30E7EF9445F04B6C1550A23CBC6	_check_missing.py	UNKNOWN	UNKNOWN	PENDING
000060	_check_missing2.py	.py	997	35	F730B9C7153E62578EAC2BA2E62A6D7558C8A55ADCE01B134155BF4B0B12D7BC	_check_missing2.py	UNKNOWN	UNKNOWN	PENDING
000061	_check_missing3.py	.py	738	23	AD7D28F040CF63EB56DF936B6D81413A3F6988D0A1134CEA80F6A50D5C3ACBEF	_check_missing3.py	UNKNOWN	UNKNOWN	PENDING
000062	_cmake_addition.cmake	.cmake	1781	52	87B6820C70BA829137112355FBFE314B22F8E4E0AAFF0317547D24D891E49501	_cmake_addition.cmake	UNKNOWN	UNKNOWN	PENDING
000063	_create_remaining_stubs.ps1	.ps1	1577	39	90A90E5661A90D56B879F17B934B572C58897BF3F41A2F0E0677EB76FF2A39AA	_create_remaining_stubs.ps1	UNKNOWN	UNKNOWN	PENDING
000064	_dump_lib.bat	.bat	233	4	BBFC4772BD2B8AE75E59D472AE926C51D514B7C3EF86E98074B437EA55DD22C2	_dump_lib.bat	UNKNOWN	UNKNOWN	PENDING
000065	_fix_cmake_targets.ps1	.ps1	2483	42	69233D8F508A7C041A56B9EAF0C737C6D9AA4A6D6199FA8F9ED57FDFCD1E00EF	_fix_cmake_targets.ps1	UNKNOWN	UNKNOWN	PENDING
000066	_fix_cmake_targets2.ps1	.ps1	4631	91	31A8429C6297B8165753149D3D03F3F7C2C9993545EE4C0D51086C37DAC8632A	_fix_cmake_targets2.ps1	UNKNOWN	UNKNOWN	PENDING
000067	_fix_cmake_targets3.ps1	.ps1	2767	46	5FE26DB79995E25870D0169112CE94205317069BD9D1AC904E2D683255324CE9	_fix_cmake_targets3.ps1	UNKNOWN	UNKNOWN	PENDING
000068	_fix_cpu_engine.py	.py	617	14	97CAC8C7C2FA681D80D8ECA573CF2A6F5DF0D50CFE35FBD24EDA4F822A4CF00D	_fix_cpu_engine.py	UNKNOWN	UNKNOWN	PENDING
000069	_gen_stubs.py	.py	11326	62	0F51F1C3731F399499A5FD0F47A2BB9C30EA7C2B5ED95BE67973A37CB2201367	_gen_stubs.py	UNKNOWN	UNKNOWN	PENDING
000070	_ollama_tags.json	.json	17529	1	88105B340A5E6062216BA9A888ABC5E0D1A271BF93ED5AADEAA40C213514E010	_ollama_tags.json	UNKNOWN	UNKNOWN	PENDING
000071	_patch_quickjs.py	.py	495	12	762D2D34E04943A893B02457F9FFBAC4AE9DE50E78B9F99EE7DCAE1BCFFAEDA6	_patch_quickjs.py	UNKNOWN	UNKNOWN	PENDING
000072	_RawrResponseAgent.ps1	.ps1	4475	176	FB83BFBD17F756A20268B141813CE15DAA3D27F8FD6F18B139546D523C34A9E4	_RawrResponseAgent.ps1	UNKNOWN	UNKNOWN	PENDING
000073	_rebuild_server.bat	.bat	951	12	E5DB8562498D92A9DC70A8AAEDF972BA9896CF2C30C125D2F71689930955E89C	_rebuild_server.bat	UNKNOWN	UNKNOWN	PENDING
000074	_rebuild_test.bat	.bat	215	4	B3BBEA988146EE853E8CB388FD03246D6FEC4B6561B9A285AFD7C714C60332A6	_rebuild_test.bat	UNKNOWN	UNKNOWN	PENDING
000075	_scan2.ps1	.ps1	1061	24	1D58042A696D2133B0FBAC2A1ED986B3F59947953668F29AA566D52AAA2228DA	_scan2.ps1	UNKNOWN	UNKNOWN	PENDING
000076	_scan_broken.ps1	.ps1	721	22	48520B9CA37B7DE0C22139555D6BD2EB7B759A6F42A821126C28702E2D802490	_scan_broken.ps1	UNKNOWN	UNKNOWN	PENDING
000077	_start_server.ps1	.ps1	339	1	3FA1879407627AEC3C9F2E207401557BF739619C620A7B90C2F9A7D5159AE990	_start_server.ps1	UNKNOWN	UNKNOWN	PENDING
000078	_tmp_check_sources.py	.py	804	23	B1CDF54EB40514112F9E20F1B1E2B20E290C84F7DCA456FE2B05EECBA36ADE13	_tmp_check_sources.py	UNKNOWN	UNKNOWN	PENDING
000079	_tmp_cmake.bat	.bat	279	8	0469D7DB7963E6CB4FCAF43140A3E0542161DB90BAFC0673D0E2201FEB312D7C	_tmp_cmake.bat	UNKNOWN	UNKNOWN	PENDING
000080	_tmp_fix_options.ps1	.ps1	292	4	FC93AE2255F3A8C82482FB9C113F773713C23F03594B20EEB3433DB1890C93C6	_tmp_fix_options.ps1	UNKNOWN	UNKNOWN	PENDING
000081	_tmp_fix_options.py	.py	444	12	F56FBEEFE0B5DA92A928ACE1D645F3B597FD38FE8C23150372DBC2E58077A282	_tmp_fix_options.py	UNKNOWN	UNKNOWN	PENDING
000082	_tmp_fix_options2.py	.py	713	20	BAFC82C3194DE00D5791BC187F76B10322B2AC88BCC02DE85243CC4F7014581B	_tmp_fix_options2.py	UNKNOWN	UNKNOWN	PENDING
000083	_tmp_fix_options3.py	.py	839	17	71E10720552D3EE9E660FFAD947178374F573529103863F597A14C25F95DC7A3	_tmp_fix_options3.py	UNKNOWN	UNKNOWN	PENDING
000084	_tmp_fix_options4.py	.py	967	28	2AAB88C88B5A4E9DF58D7172571D27D0E32747F4F69B49228632F41B0F9F8387	_tmp_fix_options4.py	UNKNOWN	UNKNOWN	PENDING
000085	.rawrxd_stub_recovery_backup/20260924_165338/AutonomousAgent.cpp	.cpp	46	1	4A36DA5A191ACE83E5BF834A6E4CE497C8B8300F3F2C3F4BCA978F33B4039621	.rawrxd_stub_recovery_backup/20260924_165338	UNKNOWN	UNKNOWN	PENDING
000086	.rawrxd_stub_recovery_backup/20260924_165351/AutonomousAgent.cpp	.cpp	46	1	4A36DA5A191ACE83E5BF834A6E4CE497C8B8300F3F2C3F4BCA978F33B4039621	.rawrxd_stub_recovery_backup/20260924_165351	UNKNOWN	UNKNOWN	PENDING
000087	.rawrxd_stub_recovery_backup/20260924_165433/ConsentPrompt.cpp	.cpp	44	1	222EB0843A1A44D6960299BAF734F680C6039D49518C2D6307071361176B804D	.rawrxd_stub_recovery_backup/20260924_165433	UNKNOWN	UNKNOWN	PENDING
000088	B012/build/amortization_test.cpp	.cpp	45	1	19562A45400854BF25AF8FF5A58BDF7C42020203456AF36B26458863CAD5F056	B012/build	UNKNOWN	UNKNOWN	PENDING
000089	B013/build/stability_test.cpp	.cpp	42	1	6796C6A3C15A7AC46C03B17C5EE32B3ABDE40989F8422748E1E2000D71E4BE8E	B013/build	UNKNOWN	UNKNOWN	PENDING
000090	B014/build/b014_boundary_probe.cpp	.cpp	24	1	46EBD083829A26079E35F3B811EE8DFF76B240D1747D75BF602A5BFED27178B9	B014/build	UNKNOWN	UNKNOWN	PENDING
000091	B014/build/b014_lifetime_probe.cpp	.cpp	24	1	46EBD083829A26079E35F3B811EE8DFF76B240D1747D75BF602A5BFED27178B9	B014/build	UNKNOWN	UNKNOWN	PENDING
000092	B014/build/b014_profiler.cpp	.cpp	2	1	7EB70257593DA06F682A3DDDA54A9D260D4FC514F645237F5CA74B08F8DA61A6	B014/build	UNKNOWN	UNKNOWN	EXCLUDED_WITH_REASON
000093	B014/build/B014_RingAdapter.cpp	.cpp	163	4	750D9F89785EEC27C45C782F14FD5ECA9075D445263A7ED81970764BE9E4F20E	B014/build	UNKNOWN	UNKNOWN	PENDING
000094	B014/build/b014_single_boundary.cpp	.cpp	24	1	46EBD083829A26079E35F3B811EE8DFF76B240D1747D75BF602A5BFED27178B9	B014/build	UNKNOWN	UNKNOWN	PENDING
000095	B014/build/compute_decomposition.cpp	.cpp	49	1	F37D96EE8BAF0AE902C074B8A5A489381E79271039D8DD0E5FBE39B064A6BA00	B014/build	UNKNOWN	UNKNOWN	PENDING
000096	B015/build/b015_cert_test.cpp	.cpp	28	1	1FE00CCEFE9D804F0D84DC0B8EB7DC20643F24A44B7B03561D6031D98E190015	B015/build	UNKNOWN	UNKNOWN	PENDING
000097	bld_q6ktrace/run_all.bat	.bat	2644	39	5707FC056C07D7AA322DF111D6764EDD593F299259B99677200C021272ACFAC4	bld_q6ktrace/run_all.bat	UNKNOWN	UNKNOWN	PENDING
000098	bld_q6ktrace/run_census.bat	.bat	300	6	9EA63BAAEB22B8F265D928041AED36588DD7C985DDA9740BA9FBADFD2C16BB89	bld_q6ktrace/run_census.bat	UNKNOWN	UNKNOWN	PENDING
000099	bld_q6ktrace/run_compile_check.bat	.bat	723	13	FE109814025587265F3847DFF3E5D087ECB57B36BE98DA1F08B384897D85E8C2	bld_q6ktrace/run_compile_check.bat	UNKNOWN	UNKNOWN	PENDING
000100	bld_q6ktrace/run_e2e.bat	.bat	419	6	50B55E5753E4268CB33432985712F3F23AFFA330732EF0D0C2168A014CCDB835	bld_q6ktrace/run_e2e.bat	UNKNOWN	UNKNOWN	PENDING
000101	bld_q6ktrace/run_fp16_probe.bat	.bat	297	6	0295C180EBB603663A789096B2992E6B91C396892377C8015E9026FBF434367F	bld_q6ktrace/run_fp16_probe.bat	UNKNOWN	UNKNOWN	PENDING
000102	bld_q6ktrace/run_impact.bat	.bat	422	6	6CB5CCC09F070BABF65BBE9A595C7AA48E7550E760FD48BCDACB8C0E39D68E9D	bld_q6ktrace/run_impact.bat	UNKNOWN	UNKNOWN	PENDING
000103	bld_q6ktrace/run_q4k_gate.bat	.bat	501	7	3C9AAC7A27E86DD46F9589AC296B5744E29CCF36189E18D242199D5090A69D35	bld_q6ktrace/run_q4k_gate.bat	UNKNOWN	UNKNOWN	PENDING
000104	bld_q6ktrace/run_row_decisive.bat	.bat	473	6	9BFABFB71DE90FF22F2E0AE54013B0ECB3CF045128C54D357798CEBFF1FF6D8A	bld_q6ktrace/run_row_decisive.bat	UNKNOWN	UNKNOWN	PENDING
000105	bld_q6ktrace/run_sweep.bat	.bat	494	7	2BCD13F44170A7CB8CC1A96ABF813058E3C80F818BF36994AFC5400AA501DCFA	bld_q6ktrace/run_sweep.bat	UNKNOWN	UNKNOWN	PENDING
000106	bld_q6ktrace/run_trace.bat	.bat	635	10	BA69B87196DFFD12CB72F001727CDD7446B8F2CFD537AF86D30FA44F7FDAC1CF	bld_q6ktrace/run_trace.bat	UNKNOWN	UNKNOWN	PENDING
000107	build/cmake_install.cmake	.cmake	2703	81	A9C4C5213C77AB0BAADBC8B4F5102861DB304E660D308A7E8DC66F6C58DBA169	build/cmake_install.cmake	UNKNOWN	UNKNOWN	PENDING
000108	build/compile_test.bat	.bat	308	2	D66E4DD64E7BB54CA5B10E494550CF069A6035799EA4A4857B41257A93C1E938	build/compile_test.bat	UNKNOWN	UNKNOWN	PENDING
000109	build/CTestTestfile.cmake	.cmake	31589	281	D977F6174F24192306A56B88D2C1D2F28631111B2D400E45B5B2E8E9B25411CC	build/CTestTestfile.cmake	UNKNOWN	UNKNOWN	PENDING
000110	build/test_tokenizer.cpp	.cpp	1940	51	EDC12308D15E6752E21ED3CC071E432D7421648E9379578F91ED8125197EA08A	build/test_tokenizer.cpp	UNKNOWN	UNKNOWN	PENDING
000111	build/CMakeFiles/CMakeConfigureLog.yaml	.yaml	907195	14534	7CF16489B59CFA1D2272037203484632EB2513E4C19C285CDAF4AD7A81B8C216	build/CMakeFiles	UNKNOWN	UNKNOWN	PENDING
000112	build/CMakeFiles/InstallScripts.json	.json	413	12	885DA8F610F51F04CEC738076FB2FEDBFBB1E0CB1F8A25CA381C5D86FD0233E7	build/CMakeFiles	UNKNOWN	UNKNOWN	PENDING
000113	build/CMakeFiles/VerifyGlobs.cmake	.cmake	3970	91	521BE5AD938491D4E7496CED03E8E11D216C434ADF7A73E7CCA45AC51CE7D4D2	build/CMakeFiles	UNKNOWN	UNKNOWN	PENDING
000114	build/CMakeFiles/4.4.2/CMakeASM_MASMCompiler.cmake	.cmake	1555	31	2854EEB905485DAFD438E0C81309CB5FEBF71AC879DD3B77F5823D872C31C841	build/CMakeFiles	UNKNOWN	UNKNOWN	PENDING
000115	build/CMakeFiles/4.4.2/CMakeCCompiler.cmake	.cmake	3411	86	C96A9C696C6E2168D03B3F7B05F229CAA42F1673D3BDC90BC9BB5C7C0A63631E	build/CMakeFiles	UNKNOWN	UNKNOWN	PENDING
000116	build/CMakeFiles/4.4.2/CMakeCXXCompiler.cmake	.cmake	6632	103	3818AE800A1D94F1B189F721136856C561F51E1E9C0562B1C1FD8285A06E357C	build/CMakeFiles	UNKNOWN	UNKNOWN	PENDING
000117	build/CMakeFiles/4.4.2/CMakeRCCompiler.cmake	.cmake	276	6	F1C96E7B6BC035D04A44733638743F28BF70450E870A3095A55CFF6AD81924FA	build/CMakeFiles	UNKNOWN	UNKNOWN	PENDING
000118	build/CMakeFiles/4.4.2/CMakeSystem.cmake	.cmake	399	15	14F764C3F0C50603F951C55B1787FA383C48D641385221057CD4F25001C4B314	build/CMakeFiles	UNKNOWN	UNKNOWN	PENDING
000119	build/CMakeFiles/4.4.2/CompilerIdC/CMakeCCompilerId.c	.c	29974	945	6B712B317574A51D1D4F3A69F0722D9EF310910570FD191501CDD45655E061D3	build/CMakeFiles	UNKNOWN	UNKNOWN	PENDING
000120	build/CMakeFiles/4.4.2/CompilerIdCXX/CMakeCXXCompilerId.cpp	.cpp	30605	954	C260F5F6368FE636DA54C24D6ABD310AC6FCC3ACDC4BDC674D9B7223569A85EB	build/CMakeFiles	UNKNOWN	UNKNOWN	PENDING
000121	build/rguf_source/cmake_install.cmake	.cmake	1288	40	110F226BCA3AE706B5A3BD7E154BDE9F2365D393D617CE91A420EA5A03C14F32	build/rguf_source	UNKNOWN	UNKNOWN	PENDING
000122	build/src/ceo/cmake_install.cmake	.cmake	3298	64	FB596609B14FFDB25552F669FBD17861EFF5459155D466B1838E6A84D92670B5	build/src	UNKNOWN	UNKNOWN	PENDING
000123	build/src/generation/cmake_install.cmake	.cmake	1294	40	CD1FC406559E7F3C1C405DE9970277D6811F3EF709307F4D96CB00D02E572680	build/src	UNKNOWN	UNKNOWN	PENDING
000124	build/src/repository/cmake_install.cmake	.cmake	2375	52	D1277CA2BB48710474338555C91170FC41B2FD2F62DBB61D74C5407B437C01E0	build/src	UNKNOWN	UNKNOWN	PENDING
000125	build/src/reverse_engineering/cmake_install.cmake	.cmake	1312	40	1274517D705839DFF7E5417F476A6B0B4373C38677802F2A252F4C51E3DD2646	build/src	UNKNOWN	UNKNOWN	PENDING
000126	build2/CMakeFiles/CMakeConfigureLog.yaml	.yaml	567408	8326	402E4F5638345704DF058A418BE47955ED0794D54D9CD73A0E4F1F7F977B04DD	build2/CMakeFiles	UNKNOWN	UNKNOWN	PENDING
000127	build2/CMakeFiles/4.4.2/CMakeASM_MASMCompiler.cmake	.cmake	1555	31	2854EEB905485DAFD438E0C81309CB5FEBF71AC879DD3B77F5823D872C31C841	build2/CMakeFiles	UNKNOWN	UNKNOWN	PENDING
000128	build2/CMakeFiles/4.4.2/CMakeCCompiler.cmake	.cmake	3411	86	C96A9C696C6E2168D03B3F7B05F229CAA42F1673D3BDC90BC9BB5C7C0A63631E	build2/CMakeFiles	UNKNOWN	UNKNOWN	PENDING
000129	build2/CMakeFiles/4.4.2/CMakeCXXCompiler.cmake	.cmake	6632	103	3818AE800A1D94F1B189F721136856C561F51E1E9C0562B1C1FD8285A06E357C	build2/CMakeFiles	UNKNOWN	UNKNOWN	PENDING
000130	build2/CMakeFiles/4.4.2/CMakeRCCompiler.cmake	.cmake	276	6	F1C96E7B6BC035D04A44733638743F28BF70450E870A3095A55CFF6AD81924FA	build2/CMakeFiles	UNKNOWN	UNKNOWN	PENDING
000131	build2/CMakeFiles/4.4.2/CMakeSystem.cmake	.cmake	399	15	14F764C3F0C50603F951C55B1787FA383C48D641385221057CD4F25001C4B314	build2/CMakeFiles	UNKNOWN	UNKNOWN	PENDING
000132	build2/CMakeFiles/4.4.2/CompilerIdC/CMakeCCompilerId.c	.c	29974	945	6B712B317574A51D1D4F3A69F0722D9EF310910570FD191501CDD45655E061D3	build2/CMakeFiles	UNKNOWN	UNKNOWN	PENDING
000133	build2/CMakeFiles/4.4.2/CompilerIdCXX/CMakeCXXCompilerId.cpp	.cpp	30605	954	C260F5F6368FE636DA54C24D6ABD310AC6FCC3ACDC4BDC674D9B7223569A85EB	build2/CMakeFiles	UNKNOWN	UNKNOWN	PENDING
000134	build_bench/CMakeLists.txt	.txt	1008	36	DD19393D17E50F8875DC4AC95AD047D1490385DD588C997E583BF4E85F2D7812	build_bench/CMakeLists.txt	UNKNOWN	UNKNOWN	PENDING
000135	build_bench/out/cmake_install.cmake	.cmake	1905	56	2B4D4023191CD8725C7489835AD4EB7CFE0891A4A79DFD8B48B0432345E03CDF	build_bench/out	UNKNOWN	UNKNOWN	PENDING
000136	build_bench/out/CMakeFiles/CMakeConfigureLog.yaml	.yaml	70909	1121	91BADF871BEBA7A8724FA9F5BCCC290F3630BE545EB684AAFF122B9D06C4068C	build_bench/out	UNKNOWN	UNKNOWN	PENDING
000137	build_bench/out/CMakeFiles/InstallScripts.json	.json	114	7	B8FF2D36C11247DA74058DFF69D4200899E861BE3B6E6367A9C685E07FC76183	build_bench/out	UNKNOWN	UNKNOWN	PENDING
000138	build_bench/out/CMakeFiles/4.4.2/CMakeCXXCompiler.cmake	.cmake	6583	103	9E0F5834D6AC8D07A1A30F5389CDD7A07E3A667703253D80A019B8B9A823B946	build_bench/out	UNKNOWN	UNKNOWN	PENDING
000139	build_bench/out/CMakeFiles/4.4.2/CMakeRCCompiler.cmake	.cmake	212	6	85223E3627AB66035651F1BC87D7AB01C67BCCD4C1132EA0EBCF6FD87DE0C7D1	build_bench/out	UNKNOWN	UNKNOWN	PENDING
000140	build_bench/out/CMakeFiles/4.4.2/CMakeSystem.cmake	.cmake	395	15	CB655F074177502B26612FA979EE72C606731A0B59F300E936EBBA161D8CCE09	build_bench/out	UNKNOWN	UNKNOWN	PENDING
000141	build_bench/out/CMakeFiles/4.4.2/CompilerIdCXX/CMakeCXXCompilerId.cpp	.cpp	30605	954	C260F5F6368FE636DA54C24D6ABD310AC6FCC3ACDC4BDC674D9B7223569A85EB	build_bench/out	UNKNOWN	UNKNOWN	PENDING
000142	build_clean_n1/cmake_install.cmake	.cmake	2766	81	A74B627B5DEFF9C3A3EA35A3E9DAB68B7DF37F2ADBED4B02CDAA020FB83CBA17	build_clean_n1/cmake_install.cmake	UNKNOWN	UNKNOWN	PENDING
000143	build_clean_n1/CMakeFiles/CMakeConfigureLog.yaml	.yaml	860488	13736	7CC641B1C310933D59795522A2F5F2055474413D94E97348D37387B9C7424683	build_clean_n1/CMakeFiles	UNKNOWN	UNKNOWN	PENDING
000144	build_clean_n1/CMakeFiles/InstallScripts.json	.json	467	12	D7DFA055949C3E378A37C3B00EC7436ADED165485DB821D7FC7C70E204FAC2AD	build_clean_n1/CMakeFiles	UNKNOWN	UNKNOWN	PENDING
000145	build_clean_n1/CMakeFiles/4.4.2/CMakeASM_MASMCompiler.cmake	.cmake	1555	31	2854EEB905485DAFD438E0C81309CB5FEBF71AC879DD3B77F5823D872C31C841	build_clean_n1/CMakeFiles	UNKNOWN	UNKNOWN	PENDING
000146	build_clean_n1/CMakeFiles/4.4.2/CMakeCCompiler.cmake	.cmake	3411	86	C96A9C696C6E2168D03B3F7B05F229CAA42F1673D3BDC90BC9BB5C7C0A63631E	build_clean_n1/CMakeFiles	UNKNOWN	UNKNOWN	PENDING
000147	build_clean_n1/CMakeFiles/4.4.2/CMakeCXXCompiler.cmake	.cmake	6632	103	3818AE800A1D94F1B189F721136856C561F51E1E9C0562B1C1FD8285A06E357C	build_clean_n1/CMakeFiles	UNKNOWN	UNKNOWN	PENDING
000148	build_clean_n1/CMakeFiles/4.4.2/CMakeRCCompiler.cmake	.cmake	276	6	F1C96E7B6BC035D04A44733638743F28BF70450E870A3095A55CFF6AD81924FA	build_clean_n1/CMakeFiles	UNKNOWN	UNKNOWN	PENDING
000149	build_clean_n1/CMakeFiles/4.4.2/CMakeSystem.cmake	.cmake	399	15	14F764C3F0C50603F951C55B1787FA383C48D641385221057CD4F25001C4B314	build_clean_n1/CMakeFiles	UNKNOWN	UNKNOWN	PENDING
000150	build_clean_n1/CMakeFiles/4.4.2/CompilerIdC/CMakeCCompilerId.c	.c	29974	945	6B712B317574A51D1D4F3A69F0722D9EF310910570FD191501CDD45655E061D3	build_clean_n1/CMakeFiles	UNKNOWN	UNKNOWN	PENDING
000151	build_clean_n1/CMakeFiles/4.4.2/CompilerIdCXX/CMakeCXXCompilerId.cpp	.cpp	30605	954	C260F5F6368FE636DA54C24D6ABD310AC6FCC3ACDC4BDC674D9B7223569A85EB	build_clean_n1/CMakeFiles	UNKNOWN	UNKNOWN	PENDING
000152	build_clean_n1/rguf_source/cmake_install.cmake	.cmake	1297	40	2AFE686BB891B1ED3D22BC86521623E6793BECBA6F27D7A194BAE0A3FD2B70D4	build_clean_n1/rguf_source	UNKNOWN	UNKNOWN	PENDING
000153	build_clean_n1/src/ceo/cmake_install.cmake	.cmake	3379	64	B071CF707E841105880ABDC7A0981A199F3DB897E2658CBFEE8C362930EFEA2A	build_clean_n1/src	UNKNOWN	UNKNOWN	PENDING
000154	build_clean_n1/src/generation/cmake_install.cmake	.cmake	1303	40	8258E935A00FCDFB8722AB4BC804074B18E076F65F0EB8821621272F36079407	build_clean_n1/src	UNKNOWN	UNKNOWN	PENDING
000155	build_clean_n1/src/repository/cmake_install.cmake	.cmake	2420	52	C8DAA6B42E51D8CBDDFD32F13884CD75A23B4B3728D63C965B9F964670F2F666	build_clean_n1/src	UNKNOWN	UNKNOWN	PENDING
000156	build_clean_n1/src/reverse_engineering/cmake_install.cmake	.cmake	1321	40	F8BF93A0ADB9BECED1A1E36E9E9DC04E417BC425D9BD0AE1C0BA6CA15D7A5CB8	build_clean_n1/src	UNKNOWN	UNKNOWN	PENDING
000157	build_clean_test/CMakeFiles/CMakeConfigureLog.yaml	.yaml	531451	7387	E8A870DC29AE36268346DD029B1F1164959DB2E89BFBB5D3BE6DDBD4D4400067	build_clean_test/CMakeFiles	UNKNOWN	UNKNOWN	PENDING
000158	build_clean_test/CMakeFiles/4.4.2/CMakeASM_MASMCompiler.cmake	.cmake	1555	31	2854EEB905485DAFD438E0C81309CB5FEBF71AC879DD3B77F5823D872C31C841	build_clean_test/CMakeFiles	UNKNOWN	UNKNOWN	PENDING
000159	build_clean_test/CMakeFiles/4.4.2/CMakeCCompiler.cmake	.cmake	3411	86	C96A9C696C6E2168D03B3F7B05F229CAA42F1673D3BDC90BC9BB5C7C0A63631E	build_clean_test/CMakeFiles	UNKNOWN	UNKNOWN	PENDING
000160	build_clean_test/CMakeFiles/4.4.2/CMakeCXXCompiler.cmake	.cmake	6632	103	3818AE800A1D94F1B189F721136856C561F51E1E9C0562B1C1FD8285A06E357C	build_clean_test/CMakeFiles	UNKNOWN	UNKNOWN	PENDING
000161	build_clean_test/CMakeFiles/4.4.2/CMakeRCCompiler.cmake	.cmake	276	6	F1C96E7B6BC035D04A44733638743F28BF70450E870A3095A55CFF6AD81924FA	build_clean_test/CMakeFiles	UNKNOWN	UNKNOWN	PENDING
000162	build_clean_test/CMakeFiles/4.4.2/CMakeSystem.cmake	.cmake	399	15	14F764C3F0C50603F951C55B1787FA383C48D641385221057CD4F25001C4B314	build_clean_test/CMakeFiles	UNKNOWN	UNKNOWN	PENDING
000163	build_clean_test/CMakeFiles/4.4.2/CompilerIdC/CMakeCCompilerId.c	.c	29974	945	6B712B317574A51D1D4F3A69F0722D9EF310910570FD191501CDD45655E061D3	build_clean_test/CMakeFiles	UNKNOWN	UNKNOWN	PENDING
000164	build_clean_test/CMakeFiles/4.4.2/CompilerIdCXX/CMakeCXXCompilerId.cpp	.cpp	30605	954	C260F5F6368FE636DA54C24D6ABD310AC6FCC3ACDC4BDC674D9B7223569A85EB	build_clean_test/CMakeFiles	UNKNOWN	UNKNOWN	PENDING
000165	build_clean_test/_deps/nlohmann_json-build/nlohmann_jsonConfig.cmake	.cmake	635	15	A879DC2B648E17AC32836EF9013B5A6CF1234A74B9A60962CC081C3776C9F13F	build_clean_test/_deps	UNKNOWN	UNKNOWN	PENDING
000166	build_clean_test/_deps/nlohmann_json-build/nlohmann_jsonConfigVersion.cmake	.cmake	696	20	B6D73337D16D3DEB4B192056D1AC9E7E962929EC993F7F9652A949DE3D38CE8F	build_clean_test/_deps	UNKNOWN	UNKNOWN	PENDING
000167	build_clean_test/_deps/nlohmann_json-src/CMakeLists.txt	.txt	7180	209	9A00F4234C7804AF1A8ABA619C28B7462B11683FD6628A0EA62CBC168764C87F	build_clean_test/_deps	UNKNOWN	UNKNOWN	PENDING
000168	build_clean_test/_deps/nlohmann_json-src/include/nlohmann/adl_serializer.hpp	.hpp	2279	55	242B578E1A41C97DEC6890BD88BDB824CDB76A9EDD849C108299A59469D327E0	build_clean_test/_deps	UNKNOWN	UNKNOWN	PENDING
000169	build_clean_test/_deps/nlohmann_json-src/include/nlohmann/byte_container_with_subtype.hpp	.hpp	3533	103	C7DC197CBB54B9168373B4B9A3E1CC57CC5583BFCF5008B722B363335BC53511	build_clean_test/_deps	UNKNOWN	UNKNOWN	PENDING
000170	build_clean_test/_deps/nlohmann_json-src/include/nlohmann/json.hpp	.hpp	198618	5258	2432CBF7F4258453538ECA193CD937FC777462AE2CE8EE9F46E6EE460EF56BEA	build_clean_test/_deps	UNKNOWN	UNKNOWN	PENDING
000171	build_clean_test/_deps/nlohmann_json-src/include/nlohmann/json_fwd.hpp	.hpp	2541	75	C5B950B428534861B5869254FD773AFC724112FC9E141BD1FC89189640A3AE5D	build_clean_test/_deps	UNKNOWN	UNKNOWN	PENDING
000172	build_clean_test/_deps/nlohmann_json-src/include/nlohmann/ordered_map.hpp	.hpp	11692	359	31D1BB02500B734E09C27CE2CC216C8AF188344FBC19A6946AE301A12C7B62DF	build_clean_test/_deps	UNKNOWN	UNKNOWN	PENDING
000173	build_clean_test/_deps/nlohmann_json-src/include/nlohmann/detail/abi_macros.hpp	.hpp	3807	100	1C7DC7C5062B199A35853F4056ED00ED359EF8FA5C7FB15A58BC79598EC21422	build_clean_test/_deps	UNKNOWN	UNKNOWN	PENDING
000174	build_clean_test/_deps/nlohmann_json-src/include/nlohmann/detail/exceptions.hpp	.hpp	9267	257	55299C55106DE2624CA7AA6A5705AD6FF53814C1B52F8FE8D2872F13C956C95A	build_clean_test/_deps	UNKNOWN	UNKNOWN	PENDING
000175	build_clean_test/_deps/nlohmann_json-src/include/nlohmann/detail/hash.hpp	.hpp	4016	129	74A9E3AF772127CF0B12EE794ABC8C47B5BEA74CE658D0D20179A26BE5D95D0D	build_clean_test/_deps	UNKNOWN	UNKNOWN	PENDING
000176	build_clean_test/_deps/nlohmann_json-src/include/nlohmann/detail/json_custom_base_class.hpp	.hpp	1178	39	70DA7C5B17777F8DA6D83310D6526856542585EFA8A078DB61227B11AAF9EC0B	build_clean_test/_deps	UNKNOWN	UNKNOWN	PENDING
000177	build_clean_test/_deps/nlohmann_json-src/include/nlohmann/detail/json_pointer.hpp	.hpp	37143	988	4CF537AD88B2D686D5A349B26DA7E012BA9A58B01A0AB2BADAA796D9150E69BB	build_clean_test/_deps	UNKNOWN	UNKNOWN	PENDING
000178	build_clean_test/_deps/nlohmann_json-src/include/nlohmann/detail/json_ref.hpp	.hpp	1811	78	1660750DD10A562AAC1EEA37021F1E7138A5D6D50B051815708497A8D30BF60D	build_clean_test/_deps	UNKNOWN	UNKNOWN	PENDING
000179	build_clean_test/_deps/nlohmann_json-src/include/nlohmann/detail/macro_scope.hpp	.hpp	43639	482	70D2B2AA49A93170DED3D0C0D1B0F76103FDD09704BA5ECC862BC03095920847	build_clean_test/_deps	UNKNOWN	UNKNOWN	PENDING
000180	build_clean_test/_deps/nlohmann_json-src/include/nlohmann/detail/macro_unscope.hpp	.hpp	1252	45	5F7040DF475E2C943D9B22C335B61600DEB14B1E48A69B3450DE4C4A08C320BC	build_clean_test/_deps	UNKNOWN	UNKNOWN	PENDING
000181	build_clean_test/_deps/nlohmann_json-src/include/nlohmann/detail/string_concat.hpp	.hpp	5951	146	E8001630045F800C0EBCFC19E2B2F90139A4D20A9A359E134657767FD6FA9AA2	build_clean_test/_deps	UNKNOWN	UNKNOWN	PENDING
000182	build_clean_test/_deps/nlohmann_json-src/include/nlohmann/detail/string_escape.hpp	.hpp	2168	72	3BF6687FFA7F6FD3034591ADFDD6EA073584DF83694C6B57FEED9ADA965801E7	build_clean_test/_deps	UNKNOWN	UNKNOWN	PENDING
000183	build_clean_test/_deps/nlohmann_json-src/include/nlohmann/detail/value_t.hpp	.hpp	4326	118	60A7E24B34E93B8BA40EECF310A40C55042754328271C246F9CC1069F6A25958	build_clean_test/_deps	UNKNOWN	UNKNOWN	PENDING
000184	build_clean_test/_deps/nlohmann_json-src/include/nlohmann/detail/conversions/from_json.hpp	.hpp	18880	497	B37CED0BA32F8AC5834B4C96058CA5E445BCCEA27F46299A359EED0ECBF2E58E	build_clean_test/_deps	UNKNOWN	UNKNOWN	PENDING
000185	build_clean_test/_deps/nlohmann_json-src/include/nlohmann/detail/conversions/to_chars.hpp	.hpp	38562	1118	5FE11205C45DBD08373244D743F38E89CEEFB8C9B5FC4C68077117C786D53BEF	build_clean_test/_deps	UNKNOWN	UNKNOWN	PENDING
000186	build_clean_test/_deps/nlohmann_json-src/include/nlohmann/detail/conversions/to_json.hpp	.hpp	16274	446	73BAD524856D475A6071FD7B5422F80DF13BA7586F0D4B48141C2EC60CEBCF89	build_clean_test/_deps	UNKNOWN	UNKNOWN	PENDING
000187	build_clean_test/_deps/nlohmann_json-src/include/nlohmann/detail/input/binary_reader.hpp	.hpp	103146	3009	484BCC276C4FA6C7C61A93A8223F3E53BB4DC966E688E96641A93A50D7E503E9	build_clean_test/_deps	UNKNOWN	UNKNOWN	PENDING
000188	build_clean_test/_deps/nlohmann_json-src/include/nlohmann/detail/input/input_adapters.hpp	.hpp	17402	492	BD549419506089C82C94446F939587362FF01516B8E6624C472E704D27B1BE42	build_clean_test/_deps	UNKNOWN	UNKNOWN	PENDING
000189	build_clean_test/_deps/nlohmann_json-src/include/nlohmann/detail/input/json_sax.hpp	.hpp	21420	727	9147C9D07784A5F3DE890D68401AE07D03D0BC0DB24EBCBE7BEB8A31CFD858A0	build_clean_test/_deps	UNKNOWN	UNKNOWN	PENDING
000190	build_clean_test/_deps/nlohmann_json-src/include/nlohmann/detail/input/lexer.hpp	.hpp	54569	1633	550C275F09D55DEB1705B97B8A15B02F211EA0BA87E95452E7A023B854BB024C	build_clean_test/_deps	UNKNOWN	UNKNOWN	PENDING
000191	build_clean_test/_deps/nlohmann_json-src/include/nlohmann/detail/input/parser.hpp	.hpp	19661	519	094AED22CFDD641AC15EF59BFEF8DD1E23FD92373633A92ED928CB580F0CBD7E	build_clean_test/_deps	UNKNOWN	UNKNOWN	PENDING
000192	build_clean_test/_deps/nlohmann_json-src/include/nlohmann/detail/input/position_t.hpp	.hpp	958	37	0C9C5BE26020C0A7929F3CC1E7E0065589D6A8F4DC1BD2EE13F10EF1A7EFAA24	build_clean_test/_deps	UNKNOWN	UNKNOWN	PENDING
000193	build_clean_test/_deps/nlohmann_json-src/include/nlohmann/detail/iterators/internal_iterator.hpp	.hpp	1071	35	E75CF5E3C9AE358055BF3335FA2C5B6BBFBD1E24EA3DFDB62C187F37A8E2B485	build_clean_test/_deps	UNKNOWN	UNKNOWN	PENDING
000194	build_clean_test/_deps/nlohmann_json-src/include/nlohmann/detail/iterators/iteration_proxy.hpp	.hpp	8238	242	839EFBA147F6F15C693C741039DAA3D383C2F4AFB8FE653E4DAD49A9F998D1D1	build_clean_test/_deps	UNKNOWN	UNKNOWN	PENDING
000195	build_clean_test/_deps/nlohmann_json-src/include/nlohmann/detail/iterators/iterator_traits.hpp	.hpp	1757	61	04B0EDAEB214AA1C932B9078849A8FBBBDA9C7A241B4CBC28A90B6D11C959443	build_clean_test/_deps	UNKNOWN	UNKNOWN	PENDING
000196	build_clean_test/_deps/nlohmann_json-src/include/nlohmann/detail/iterators/iter_impl.hpp	.hpp	24046	751	70D81EBB931DB43A19FE3872A3FB1BC91FAB27509C8D29EE4C4DD247B384CAE1	build_clean_test/_deps	UNKNOWN	UNKNOWN	PENDING
000197	build_clean_test/_deps/nlohmann_json-src/include/nlohmann/detail/iterators/json_reverse_iterator.hpp	.hpp	3861	130	031B45C4F90AB7D64ECB6606FAD880D867A23FC63A431F0DE34F0FC104307B66	build_clean_test/_deps	UNKNOWN	UNKNOWN	PENDING
000198	build_clean_test/_deps/nlohmann_json-src/include/nlohmann/detail/iterators/primitive_iterator.hpp	.hpp	3227	132	6C949107BB779CECB8BEBA0835F7292656B52B08C3F6A6D3B27229B58C28AEFE	build_clean_test/_deps	UNKNOWN	UNKNOWN	PENDING
000199	build_clean_test/_deps/nlohmann_json-src/include/nlohmann/detail/meta/cpp_future.hpp	.hpp	5178	171	486BA5A3724131D0C1646E36D9A4A9877505B2914078347E6067BB65593F01CE	build_clean_test/_deps	UNKNOWN	UNKNOWN	PENDING
000200	build_clean_test/_deps/nlohmann_json-src/include/nlohmann/detail/meta/detected.hpp	.hpp	2109	70	F79AA1F107E4DFD4554753E6FE05364A1147EF4498D3125CFC939A5534D2D527	build_clean_test/_deps	UNKNOWN	UNKNOWN	PENDING
000201	build_clean_test/_deps/nlohmann_json-src/include/nlohmann/detail/meta/identity_tag.hpp	.hpp	526	21	BBA9559DEC8519DE3044B537E96A59A601831797A5A3C38BF8023A6D949118D0	build_clean_test/_deps	UNKNOWN	UNKNOWN	PENDING
000202	build_clean_test/_deps/nlohmann_json-src/include/nlohmann/detail/meta/is_sax.hpp	.hpp	6960	159	1F81D6098B9AAD02A95C27EC333BBB13EEC3C5171B968E39B7ECB1B06B16C55B	build_clean_test/_deps	UNKNOWN	UNKNOWN	PENDING
000203	build_clean_test/_deps/nlohmann_json-src/include/nlohmann/detail/meta/std_fs.hpp	.hpp	766	29	FB514154EA8C11C04A00EFEB2E89EDBFD40F149ED39EF36568D9B2A1062E85E0	build_clean_test/_deps	UNKNOWN	UNKNOWN	PENDING
000204	build_clean_test/_deps/nlohmann_json-src/include/nlohmann/detail/meta/type_traits.hpp	.hpp	29454	795	1F901F9E4BCD585FF22C6B0C0956566BA8A4A1238A490A64E7755A2C313040D5	build_clean_test/_deps	UNKNOWN	UNKNOWN	PENDING
000205	build_clean_test/_deps/nlohmann_json-src/include/nlohmann/detail/meta/void_t.hpp	.hpp	597	24	581E7B157457EB9C488793F2CD7066B2C1BA31D5E9FEA6F0D67C8C732B5088E4	build_clean_test/_deps	UNKNOWN	UNKNOWN	PENDING
000206	build_clean_test/_deps/nlohmann_json-src/include/nlohmann/detail/meta/call_std/begin.hpp	.hpp	453	17	379660C15A30B84FF2A67E22734638F608CC37B34648461C7E9167DA1153D861	build_clean_test/_deps	UNKNOWN	UNKNOWN	PENDING
000207	build_clean_test/_deps/nlohmann_json-src/include/nlohmann/detail/meta/call_std/end.hpp	.hpp	451	17	DECA609BF200442F452B848C19F28EE30879DF0CA35E959ED3B41F861C92DF55	build_clean_test/_deps	UNKNOWN	UNKNOWN	PENDING
000208	build_clean_test/_deps/nlohmann_json-src/include/nlohmann/detail/output/binary_writer.hpp	.hpp	71152	1838	665CE1EA5FB2CB425896B713BDD8D8D5A6D69688924FA6E2EFAFFB4E9D132011	build_clean_test/_deps	UNKNOWN	UNKNOWN	PENDING
000209	build_clean_test/_deps/nlohmann_json-src/include/nlohmann/detail/output/output_adapters.hpp	.hpp	4067	147	1E0BCC375B4D84180649198E2F8061F5968A10A6913231FEE097689D281ED565	build_clean_test/_deps	UNKNOWN	UNKNOWN	PENDING
000210	build_clean_test/_deps/nlohmann_json-src/include/nlohmann/detail/output/serializer.hpp	.hpp	40163	988	259C611D4B1147E3626D25BC05994B28F91F4FCCA2E578E486DCF51C0234E5C8	build_clean_test/_deps	UNKNOWN	UNKNOWN	PENDING
000211	build_clean_test/_deps/nlohmann_json-src/include/nlohmann/thirdparty/hedley/hedley.hpp	.hpp	86068	2045	20D6C1C6D6C30365F68A45093798937971B593919FB3051431F0C015DFA671FB	build_clean_test/_deps	UNKNOWN	UNKNOWN	PENDING
000212	build_clean_test/_deps/nlohmann_json-src/include/nlohmann/thirdparty/hedley/hedley_undef.hpp	.hpp	5500	158	0F8902F26872F40A2514E9C9BE2FCEBFCE6CDE0022E9364FDDD17FB49575B146	build_clean_test/_deps	UNKNOWN	UNKNOWN	PENDING
000213	build_clean_test/_deps/nlohmann_json-src/single_include/nlohmann/json.hpp	.hpp	919975	24765	9BEA4C8066EF4A1C206B2BE5A36302F8926F7FDC6087AF5D20B417D0CF103EA6	build_clean_test/_deps	UNKNOWN	UNKNOWN	PENDING
000214	build_clean_test/_deps/nlohmann_json-src/single_include/nlohmann/json_fwd.hpp	.hpp	6340	176	5CEFBBA751BAF5243033FD894C70BE9B37103D64B3D3A959E4173197D71137B9	build_clean_test/_deps	UNKNOWN	UNKNOWN	PENDING
000215	build_clean_test/_deps/nlohmann_json-subbuild/CMakeLists.txt	.txt	1546	34	A89C2CC90652B006C01FCEF11D0B5F6359CBA0D5FE6D31EB165DBCF643FEC59A	build_clean_test/_deps	UNKNOWN	UNKNOWN	PENDING
000216	build_clean_test/_deps/nlohmann_json-subbuild/cmake_install.cmake	.cmake	1999	56	6A2F466AD026D11CFCA6E8358AEE7ECD45EBDDE180BF131149C9CC3414825284	build_clean_test/_deps	UNKNOWN	UNKNOWN	PENDING
000217	build_clean_test/_deps/nlohmann_json-subbuild/CMakeFiles/CMakeConfigureLog.yaml	.yaml	271	11	ECF712160B779608B83B769991FDA879E04498880AF245A3073EE7466823C663	build_clean_test/_deps	UNKNOWN	UNKNOWN	PENDING
000218	build_clean_test/_deps/nlohmann_json-subbuild/CMakeFiles/InstallScripts.json	.json	144	7	2DF24CA2BF9A311B980366C1BE9E5AE18F247AFEE5693090C0B8AE90D6E038E9	build_clean_test/_deps	UNKNOWN	UNKNOWN	PENDING
000219	build_clean_test/_deps/nlohmann_json-subbuild/CMakeFiles/4.4.2/CMakeSystem.cmake	.cmake	395	15	CB655F074177502B26612FA979EE72C606731A0B59F300E936EBBA161D8CCE09	build_clean_test/_deps	UNKNOWN	UNKNOWN	PENDING
000220	build_clean_test/_deps/nlohmann_json-subbuild/CMakeFiles/nlohmann_json-populate.dir/Labels.json	.json	1918	46	F6B5B22F3DD3908D4B46D1E0C693880F9B19C747F756B35235156A1E7D9681C1	build_clean_test/_deps	UNKNOWN	UNKNOWN	PENDING
000221	build_clean_test/_deps/nlohmann_json-subbuild/nlohmann_json-populate-prefix/src/nlohmann_json-populate-stamp/download-nlohmann_json-populate.cmake	.cmake	5213	166	5DCA78E5021AEBB799829B1B7297CD06994657EF6FA3C4DFF8C0566491730E24	build_clean_test/_deps	UNKNOWN	UNKNOWN	PENDING
000222	build_clean_test/_deps/nlohmann_json-subbuild/nlohmann_json-populate-prefix/src/nlohmann_json-populate-stamp/extract-nlohmann_json-populate.cmake	.cmake	1983	65	FBEC751DFE9CF170B7B4F3062556B3EA67D7B3D996E0A57856824A1E7F54199B	build_clean_test/_deps	UNKNOWN	UNKNOWN	PENDING
000223	build_clean_test/_deps/nlohmann_json-subbuild/nlohmann_json-populate-prefix/tmp/nlohmann_json-populate-mkdirs.cmake	.cmake	1703	27	2537B96055C137B78817013C0F64905CB136AFA6F8D5D6920826024289B41E6C	build_clean_test/_deps	UNKNOWN	UNKNOWN	PENDING
000224	build_clean_test3/CMakeFiles/CMakeConfigureLog.yaml	.yaml	535993	7471	FEAE58B33C28AD5957562748712D2369420E37047B96AFEDB23098DCC60A4C90	build_clean_test3/CMakeFiles	UNKNOWN	UNKNOWN	PENDING
000225	build_clean_test3/CMakeFiles/4.4.2/CMakeASM_MASMCompiler.cmake	.cmake	1555	31	2854EEB905485DAFD438E0C81309CB5FEBF71AC879DD3B77F5823D872C31C841	build_clean_test3/CMakeFiles	UNKNOWN	UNKNOWN	PENDING
000226	build_clean_test3/CMakeFiles/4.4.2/CMakeCCompiler.cmake	.cmake	3411	86	C96A9C696C6E2168D03B3F7B05F229CAA42F1673D3BDC90BC9BB5C7C0A63631E	build_clean_test3/CMakeFiles	UNKNOWN	UNKNOWN	PENDING
000227	build_clean_test3/CMakeFiles/4.4.2/CMakeCXXCompiler.cmake	.cmake	6632	103	3818AE800A1D94F1B189F721136856C561F51E1E9C0562B1C1FD8285A06E357C	build_clean_test3/CMakeFiles	UNKNOWN	UNKNOWN	PENDING
000228	build_clean_test3/CMakeFiles/4.4.2/CMakeRCCompiler.cmake	.cmake	276	6	F1C96E7B6BC035D04A44733638743F28BF70450E870A3095A55CFF6AD81924FA	build_clean_test3/CMakeFiles	UNKNOWN	UNKNOWN	PENDING
000229	build_clean_test3/CMakeFiles/4.4.2/CMakeSystem.cmake	.cmake	399	15	14F764C3F0C50603F951C55B1787FA383C48D641385221057CD4F25001C4B314	build_clean_test3/CMakeFiles	UNKNOWN	UNKNOWN	PENDING
000230	build_clean_test3/CMakeFiles/4.4.2/CompilerIdC/CMakeCCompilerId.c	.c	29974	945	6B712B317574A51D1D4F3A69F0722D9EF310910570FD191501CDD45655E061D3	build_clean_test3/CMakeFiles	UNKNOWN	UNKNOWN	PENDING
000231	build_clean_test3/CMakeFiles/4.4.2/CompilerIdCXX/CMakeCXXCompilerId.cpp	.cpp	30605	954	C260F5F6368FE636DA54C24D6ABD310AC6FCC3ACDC4BDC674D9B7223569A85EB	build_clean_test3/CMakeFiles	UNKNOWN	UNKNOWN	PENDING
000232	build_clean_test3/_deps/nlohmann_json-build/nlohmann_jsonConfig.cmake	.cmake	635	15	A879DC2B648E17AC32836EF9013B5A6CF1234A74B9A60962CC081C3776C9F13F	build_clean_test3/_deps	UNKNOWN	UNKNOWN	PENDING
000233	build_clean_test3/_deps/nlohmann_json-build/nlohmann_jsonConfigVersion.cmake	.cmake	696	20	B6D73337D16D3DEB4B192056D1AC9E7E962929EC993F7F9652A949DE3D38CE8F	build_clean_test3/_deps	UNKNOWN	UNKNOWN	PENDING
000234	build_clean_test3/_deps/nlohmann_json-src/CMakeLists.txt	.txt	7180	209	9A00F4234C7804AF1A8ABA619C28B7462B11683FD6628A0EA62CBC168764C87F	build_clean_test3/_deps	UNKNOWN	UNKNOWN	PENDING
000235	build_clean_test3/_deps/nlohmann_json-src/include/nlohmann/adl_serializer.hpp	.hpp	2279	55	242B578E1A41C97DEC6890BD88BDB824CDB76A9EDD849C108299A59469D327E0	build_clean_test3/_deps	UNKNOWN	UNKNOWN	PENDING
000236	build_clean_test3/_deps/nlohmann_json-src/include/nlohmann/byte_container_with_subtype.hpp	.hpp	3533	103	C7DC197CBB54B9168373B4B9A3E1CC57CC5583BFCF5008B722B363335BC53511	build_clean_test3/_deps	UNKNOWN	UNKNOWN	PENDING
000237	build_clean_test3/_deps/nlohmann_json-src/include/nlohmann/json.hpp	.hpp	198618	5258	2432CBF7F4258453538ECA193CD937FC777462AE2CE8EE9F46E6EE460EF56BEA	build_clean_test3/_deps	UNKNOWN	UNKNOWN	PENDING
000238	build_clean_test3/_deps/nlohmann_json-src/include/nlohmann/json_fwd.hpp	.hpp	2541	75	C5B950B428534861B5869254FD773AFC724112FC9E141BD1FC89189640A3AE5D	build_clean_test3/_deps	UNKNOWN	UNKNOWN	PENDING
000239	build_clean_test3/_deps/nlohmann_json-src/include/nlohmann/ordered_map.hpp	.hpp	11692	359	31D1BB02500B734E09C27CE2CC216C8AF188344FBC19A6946AE301A12C7B62DF	build_clean_test3/_deps	UNKNOWN	UNKNOWN	PENDING
000240	build_clean_test3/_deps/nlohmann_json-src/include/nlohmann/detail/abi_macros.hpp	.hpp	3807	100	1C7DC7C5062B199A35853F4056ED00ED359EF8FA5C7FB15A58BC79598EC21422	build_clean_test3/_deps	UNKNOWN	UNKNOWN	PENDING
000241	build_clean_test3/_deps/nlohmann_json-src/include/nlohmann/detail/exceptions.hpp	.hpp	9267	257	55299C55106DE2624CA7AA6A5705AD6FF53814C1B52F8FE8D2872F13C956C95A	build_clean_test3/_deps	UNKNOWN	UNKNOWN	PENDING
000242	build_clean_test3/_deps/nlohmann_json-src/include/nlohmann/detail/hash.hpp	.hpp	4016	129	74A9E3AF772127CF0B12EE794ABC8C47B5BEA74CE658D0D20179A26BE5D95D0D	build_clean_test3/_deps	UNKNOWN	UNKNOWN	PENDING
000243	build_clean_test3/_deps/nlohmann_json-src/include/nlohmann/detail/json_custom_base_class.hpp	.hpp	1178	39	70DA7C5B17777F8DA6D83310D6526856542585EFA8A078DB61227B11AAF9EC0B	build_clean_test3/_deps	UNKNOWN	UNKNOWN	PENDING
000244	build_clean_test3/_deps/nlohmann_json-src/include/nlohmann/detail/json_pointer.hpp	.hpp	37143	988	4CF537AD88B2D686D5A349B26DA7E012BA9A58B01A0AB2BADAA796D9150E69BB	build_clean_test3/_deps	UNKNOWN	UNKNOWN	PENDING
000245	build_clean_test3/_deps/nlohmann_json-src/include/nlohmann/detail/json_ref.hpp	.hpp	1811	78	1660750DD10A562AAC1EEA37021F1E7138A5D6D50B051815708497A8D30BF60D	build_clean_test3/_deps	UNKNOWN	UNKNOWN	PENDING
000246	build_clean_test3/_deps/nlohmann_json-src/include/nlohmann/detail/macro_scope.hpp	.hpp	43639	482	70D2B2AA49A93170DED3D0C0D1B0F76103FDD09704BA5ECC862BC03095920847	build_clean_test3/_deps	UNKNOWN	UNKNOWN	PENDING
000247	build_clean_test3/_deps/nlohmann_json-src/include/nlohmann/detail/macro_unscope.hpp	.hpp	1252	45	5F7040DF475E2C943D9B22C335B61600DEB14B1E48A69B3450DE4C4A08C320BC	build_clean_test3/_deps	UNKNOWN	UNKNOWN	PENDING
000248	build_clean_test3/_deps/nlohmann_json-src/include/nlohmann/detail/string_concat.hpp	.hpp	5951	146	E8001630045F800C0EBCFC19E2B2F90139A4D20A9A359E134657767FD6FA9AA2	build_clean_test3/_deps	UNKNOWN	UNKNOWN	PENDING
000249	build_clean_test3/_deps/nlohmann_json-src/include/nlohmann/detail/string_escape.hpp	.hpp	2168	72	3BF6687FFA7F6FD3034591ADFDD6EA073584DF83694C6B57FEED9ADA965801E7	build_clean_test3/_deps	UNKNOWN	UNKNOWN	PENDING
000250	build_clean_test3/_deps/nlohmann_json-src/include/nlohmann/detail/value_t.hpp	.hpp	4326	118	60A7E24B34E93B8BA40EECF310A40C55042754328271C246F9CC1069F6A25958	build_clean_test3/_deps	UNKNOWN	UNKNOWN	PENDING
000251	build_clean_test3/_deps/nlohmann_json-src/include/nlohmann/detail/conversions/from_json.hpp	.hpp	18880	497	B37CED0BA32F8AC5834B4C96058CA5E445BCCEA27F46299A359EED0ECBF2E58E	build_clean_test3/_deps	UNKNOWN	UNKNOWN	PENDING
000252	build_clean_test3/_deps/nlohmann_json-src/include/nlohmann/detail/conversions/to_chars.hpp	.hpp	38562	1118	5FE11205C45DBD08373244D743F38E89CEEFB8C9B5FC4C68077117C786D53BEF	build_clean_test3/_deps	UNKNOWN	UNKNOWN	PENDING
000253	build_clean_test3/_deps/nlohmann_json-src/include/nlohmann/detail/conversions/to_json.hpp	.hpp	16274	446	73BAD524856D475A6071FD7B5422F80DF13BA7586F0D4B48141C2EC60CEBCF89	build_clean_test3/_deps	UNKNOWN	UNKNOWN	PENDING
000254	build_clean_test3/_deps/nlohmann_json-src/include/nlohmann/detail/input/binary_reader.hpp	.hpp	103146	3009	484BCC276C4FA6C7C61A93A8223F3E53BB4DC966E688E96641A93A50D7E503E9	build_clean_test3/_deps	UNKNOWN	UNKNOWN	PENDING
000255	build_clean_test3/_deps/nlohmann_json-src/include/nlohmann/detail/input/input_adapters.hpp	.hpp	17402	492	BD549419506089C82C94446F939587362FF01516B8E6624C472E704D27B1BE42	build_clean_test3/_deps	UNKNOWN	UNKNOWN	PENDING
000256	build_clean_test3/_deps/nlohmann_json-src/include/nlohmann/detail/input/json_sax.hpp	.hpp	21420	727	9147C9D07784A5F3DE890D68401AE07D03D0BC0DB24EBCBE7BEB8A31CFD858A0	build_clean_test3/_deps	UNKNOWN	UNKNOWN	PENDING
000257	build_clean_test3/_deps/nlohmann_json-src/include/nlohmann/detail/input/lexer.hpp	.hpp	54569	1633	550C275F09D55DEB1705B97B8A15B02F211EA0BA87E95452E7A023B854BB024C	build_clean_test3/_deps	UNKNOWN	UNKNOWN	PENDING
000258	build_clean_test3/_deps/nlohmann_json-src/include/nlohmann/detail/input/parser.hpp	.hpp	19661	519	094AED22CFDD641AC15EF59BFEF8DD1E23FD92373633A92ED928CB580F0CBD7E	build_clean_test3/_deps	UNKNOWN	UNKNOWN	PENDING
000259	build_clean_test3/_deps/nlohmann_json-src/include/nlohmann/detail/input/position_t.hpp	.hpp	958	37	0C9C5BE26020C0A7929F3CC1E7E0065589D6A8F4DC1BD2EE13F10EF1A7EFAA24	build_clean_test3/_deps	UNKNOWN	UNKNOWN	PENDING
000260	build_clean_test3/_deps/nlohmann_json-src/include/nlohmann/detail/iterators/internal_iterator.hpp	.hpp	1071	35	E75CF5E3C9AE358055BF3335FA2C5B6BBFBD1E24EA3DFDB62C187F37A8E2B485	build_clean_test3/_deps	UNKNOWN	UNKNOWN	PENDING
000261	build_clean_test3/_deps/nlohmann_json-src/include/nlohmann/detail/iterators/iteration_proxy.hpp	.hpp	8238	242	839EFBA147F6F15C693C741039DAA3D383C2F4AFB8FE653E4DAD49A9F998D1D1	build_clean_test3/_deps	UNKNOWN	UNKNOWN	PENDING
000262	build_clean_test3/_deps/nlohmann_json-src/include/nlohmann/detail/iterators/iterator_traits.hpp	.hpp	1757	61	04B0EDAEB214AA1C932B9078849A8FBBBDA9C7A241B4CBC28A90B6D11C959443	build_clean_test3/_deps	UNKNOWN	UNKNOWN	PENDING
000263	build_clean_test3/_deps/nlohmann_json-src/include/nlohmann/detail/iterators/iter_impl.hpp	.hpp	24046	751	70D81EBB931DB43A19FE3872A3FB1BC91FAB27509C8D29EE4C4DD247B384CAE1	build_clean_test3/_deps	UNKNOWN	UNKNOWN	PENDING
000264	build_clean_test3/_deps/nlohmann_json-src/include/nlohmann/detail/iterators/json_reverse_iterator.hpp	.hpp	3861	130	031B45C4F90AB7D64ECB6606FAD880D867A23FC63A431F0DE34F0FC104307B66	build_clean_test3/_deps	UNKNOWN	UNKNOWN	PENDING
000265	build_clean_test3/_deps/nlohmann_json-src/include/nlohmann/detail/iterators/primitive_iterator.hpp	.hpp	3227	132	6C949107BB779CECB8BEBA0835F7292656B52B08C3F6A6D3B27229B58C28AEFE	build_clean_test3/_deps	UNKNOWN	UNKNOWN	PENDING
000266	build_clean_test3/_deps/nlohmann_json-src/include/nlohmann/detail/meta/cpp_future.hpp	.hpp	5178	171	486BA5A3724131D0C1646E36D9A4A9877505B2914078347E6067BB65593F01CE	build_clean_test3/_deps	UNKNOWN	UNKNOWN	PENDING
000267	build_clean_test3/_deps/nlohmann_json-src/include/nlohmann/detail/meta/detected.hpp	.hpp	2109	70	F79AA1F107E4DFD4554753E6FE05364A1147EF4498D3125CFC939A5534D2D527	build_clean_test3/_deps	UNKNOWN	UNKNOWN	PENDING
000268	build_clean_test3/_deps/nlohmann_json-src/include/nlohmann/detail/meta/identity_tag.hpp	.hpp	526	21	BBA9559DEC8519DE3044B537E96A59A601831797A5A3C38BF8023A6D949118D0	build_clean_test3/_deps	UNKNOWN	UNKNOWN	PENDING
000269	build_clean_test3/_deps/nlohmann_json-src/include/nlohmann/detail/meta/is_sax.hpp	.hpp	6960	159	1F81D6098B9AAD02A95C27EC333BBB13EEC3C5171B968E39B7ECB1B06B16C55B	build_clean_test3/_deps	UNKNOWN	UNKNOWN	PENDING
000270	build_clean_test3/_deps/nlohmann_json-src/include/nlohmann/detail/meta/std_fs.hpp	.hpp	766	29	FB514154EA8C11C04A00EFEB2E89EDBFD40F149ED39EF36568D9B2A1062E85E0	build_clean_test3/_deps	UNKNOWN	UNKNOWN	PENDING
000271	build_clean_test3/_deps/nlohmann_json-src/include/nlohmann/detail/meta/type_traits.hpp	.hpp	29454	795	1F901F9E4BCD585FF22C6B0C0956566BA8A4A1238A490A64E7755A2C313040D5	build_clean_test3/_deps	UNKNOWN	UNKNOWN	PENDING
000272	build_clean_test3/_deps/nlohmann_json-src/include/nlohmann/detail/meta/void_t.hpp	.hpp	597	24	581E7B157457EB9C488793F2CD7066B2C1BA31D5E9FEA6F0D67C8C732B5088E4	build_clean_test3/_deps	UNKNOWN	UNKNOWN	PENDING
000273	build_clean_test3/_deps/nlohmann_json-src/include/nlohmann/detail/meta/call_std/begin.hpp	.hpp	453	17	379660C15A30B84FF2A67E22734638F608CC37B34648461C7E9167DA1153D861	build_clean_test3/_deps	UNKNOWN	UNKNOWN	PENDING
000274	build_clean_test3/_deps/nlohmann_json-src/include/nlohmann/detail/meta/call_std/end.hpp	.hpp	451	17	DECA609BF200442F452B848C19F28EE30879DF0CA35E959ED3B41F861C92DF55	build_clean_test3/_deps	UNKNOWN	UNKNOWN	PENDING
000275	build_clean_test3/_deps/nlohmann_json-src/include/nlohmann/detail/output/binary_writer.hpp	.hpp	71152	1838	665CE1EA5FB2CB425896B713BDD8D8D5A6D69688924FA6E2EFAFFB4E9D132011	build_clean_test3/_deps	UNKNOWN	UNKNOWN	PENDING
000276	build_clean_test3/_deps/nlohmann_json-src/include/nlohmann/detail/output/output_adapters.hpp	.hpp	4067	147	1E0BCC375B4D84180649198E2F8061F5968A10A6913231FEE097689D281ED565	build_clean_test3/_deps	UNKNOWN	UNKNOWN	PENDING
000277	build_clean_test3/_deps/nlohmann_json-src/include/nlohmann/detail/output/serializer.hpp	.hpp	40163	988	259C611D4B1147E3626D25BC05994B28F91F4FCCA2E578E486DCF51C0234E5C8	build_clean_test3/_deps	UNKNOWN	UNKNOWN	PENDING
000278	build_clean_test3/_deps/nlohmann_json-src/include/nlohmann/thirdparty/hedley/hedley.hpp	.hpp	86068	2045	20D6C1C6D6C30365F68A45093798937971B593919FB3051431F0C015DFA671FB	build_clean_test3/_deps	UNKNOWN	UNKNOWN	PENDING
000279	build_clean_test3/_deps/nlohmann_json-src/include/nlohmann/thirdparty/hedley/hedley_undef.hpp	.hpp	5500	158	0F8902F26872F40A2514E9C9BE2FCEBFCE6CDE0022E9364FDDD17FB49575B146	build_clean_test3/_deps	UNKNOWN	UNKNOWN	PENDING
000280	build_clean_test3/_deps/nlohmann_json-src/single_include/nlohmann/json.hpp	.hpp	919975	24765	9BEA4C8066EF4A1C206B2BE5A36302F8926F7FDC6087AF5D20B417D0CF103EA6	build_clean_test3/_deps	UNKNOWN	UNKNOWN	PENDING
000281	build_clean_test3/_deps/nlohmann_json-src/single_include/nlohmann/json_fwd.hpp	.hpp	6340	176	5CEFBBA751BAF5243033FD894C70BE9B37103D64B3D3A959E4173197D71137B9	build_clean_test3/_deps	UNKNOWN	UNKNOWN	PENDING
000282	build_clean_test3/_deps/nlohmann_json-subbuild/CMakeLists.txt	.txt	1548	34	B9DC71A61719139C2A307D8F560A4A9E55CBE79E0ABA96930B7B34D2DCCAD326	build_clean_test3/_deps	UNKNOWN	UNKNOWN	PENDING
000283	build_clean_test3/_deps/nlohmann_json-subbuild/cmake_install.cmake	.cmake	2002	56	5B52B022BEB8E7121E8B754E725CD3B71578A56DCB17410BA32AC755EB5504A9	build_clean_test3/_deps	UNKNOWN	UNKNOWN	PENDING
000284	build_clean_test3/_deps/nlohmann_json-subbuild/CMakeFiles/CMakeConfigureLog.yaml	.yaml	271	11	ECF712160B779608B83B769991FDA879E04498880AF245A3073EE7466823C663	build_clean_test3/_deps	UNKNOWN	UNKNOWN	PENDING
000285	build_clean_test3/_deps/nlohmann_json-subbuild/CMakeFiles/InstallScripts.json	.json	145	7	06EA9D799800D1B9E573BDB8878A7A4211D9890B5FAEF2E82988BE30E6C7217D	build_clean_test3/_deps	UNKNOWN	UNKNOWN	PENDING
000286	build_clean_test3/_deps/nlohmann_json-subbuild/CMakeFiles/4.4.2/CMakeSystem.cmake	.cmake	395	15	CB655F074177502B26612FA979EE72C606731A0B59F300E936EBBA161D8CCE09	build_clean_test3/_deps	UNKNOWN	UNKNOWN	PENDING
000287	build_clean_test3/_deps/nlohmann_json-subbuild/CMakeFiles/nlohmann_json-populate.dir/Labels.json	.json	1929	46	D05F2680B6992E004E211832CD05FDD2A786BA4A4739B5ABB973B8A79AE4C462	build_clean_test3/_deps	UNKNOWN	UNKNOWN	PENDING
000288	build_clean_test3/_deps/nlohmann_json-subbuild/nlohmann_json-populate-prefix/src/nlohmann_json-populate-stamp/download-nlohmann_json-populate.cmake	.cmake	5224	166	3EF990148497981EDC5E019601A4A3F2F8BEC08CBED0DE3D4A9A38E18B940DEB	build_clean_test3/_deps	UNKNOWN	UNKNOWN	PENDING
000289	build_clean_test3/_deps/nlohmann_json-subbuild/nlohmann_json-populate-prefix/src/nlohmann_json-populate-stamp/extract-nlohmann_json-populate.cmake	.cmake	1985	65	5B172A39C02C4EBC4DFEF538E707681797EB134F5B5D8301850BB6FFE0AB981E	build_clean_test3/_deps	UNKNOWN	UNKNOWN	PENDING
000290	build_clean_test3/_deps/nlohmann_json-subbuild/nlohmann_json-populate-prefix/tmp/nlohmann_json-populate-mkdirs.cmake	.cmake	1713	27	D7E6B86F38DEAA143A282188B49B86777620E4A1664A8C2E24F4E575062DE027	build_clean_test3/_deps	UNKNOWN	UNKNOWN	PENDING
000291	build_clean_test5/CMakeFiles/CMakeConfigureLog.yaml	.yaml	531526	7387	A5C074849001AF24AB79574EDAF5895E386A7A03365E0E8F88C0D7D3A60C94BB	build_clean_test5/CMakeFiles	UNKNOWN	UNKNOWN	PENDING
000292	build_clean_test5/CMakeFiles/4.4.2/CMakeASM_MASMCompiler.cmake	.cmake	1555	31	2854EEB905485DAFD438E0C81309CB5FEBF71AC879DD3B77F5823D872C31C841	build_clean_test5/CMakeFiles	UNKNOWN	UNKNOWN	PENDING
000293	build_clean_test5/CMakeFiles/4.4.2/CMakeCCompiler.cmake	.cmake	3411	86	C96A9C696C6E2168D03B3F7B05F229CAA42F1673D3BDC90BC9BB5C7C0A63631E	build_clean_test5/CMakeFiles	UNKNOWN	UNKNOWN	PENDING
000294	build_clean_test5/CMakeFiles/4.4.2/CMakeCXXCompiler.cmake	.cmake	6632	103	3818AE800A1D94F1B189F721136856C561F51E1E9C0562B1C1FD8285A06E357C	build_clean_test5/CMakeFiles	UNKNOWN	UNKNOWN	PENDING
000295	build_clean_test5/CMakeFiles/4.4.2/CMakeRCCompiler.cmake	.cmake	276	6	F1C96E7B6BC035D04A44733638743F28BF70450E870A3095A55CFF6AD81924FA	build_clean_test5/CMakeFiles	UNKNOWN	UNKNOWN	PENDING
000296	build_clean_test5/CMakeFiles/4.4.2/CMakeSystem.cmake	.cmake	399	15	14F764C3F0C50603F951C55B1787FA383C48D641385221057CD4F25001C4B314	build_clean_test5/CMakeFiles	UNKNOWN	UNKNOWN	PENDING
000297	build_clean_test5/CMakeFiles/4.4.2/CompilerIdC/CMakeCCompilerId.c	.c	29974	945	6B712B317574A51D1D4F3A69F0722D9EF310910570FD191501CDD45655E061D3	build_clean_test5/CMakeFiles	UNKNOWN	UNKNOWN	PENDING
000298	build_clean_test5/CMakeFiles/4.4.2/CompilerIdCXX/CMakeCXXCompilerId.cpp	.cpp	30605	954	C260F5F6368FE636DA54C24D6ABD310AC6FCC3ACDC4BDC674D9B7223569A85EB	build_clean_test5/CMakeFiles	UNKNOWN	UNKNOWN	PENDING
000299	build_clean_test5/_deps/nlohmann_json-build/nlohmann_jsonConfig.cmake	.cmake	635	15	A879DC2B648E17AC32836EF9013B5A6CF1234A74B9A60962CC081C3776C9F13F	build_clean_test5/_deps	UNKNOWN	UNKNOWN	PENDING
000300	build_clean_test5/_deps/nlohmann_json-build/nlohmann_jsonConfigVersion.cmake	.cmake	696	20	B6D73337D16D3DEB4B192056D1AC9E7E962929EC993F7F9652A949DE3D38CE8F	build_clean_test5/_deps	UNKNOWN	UNKNOWN	PENDING
000301	build_clean_test5/_deps/nlohmann_json-src/CMakeLists.txt	.txt	7180	209	9A00F4234C7804AF1A8ABA619C28B7462B11683FD6628A0EA62CBC168764C87F	build_clean_test5/_deps	UNKNOWN	UNKNOWN	PENDING
000302	build_clean_test5/_deps/nlohmann_json-src/include/nlohmann/adl_serializer.hpp	.hpp	2279	55	242B578E1A41C97DEC6890BD88BDB824CDB76A9EDD849C108299A59469D327E0	build_clean_test5/_deps	UNKNOWN	UNKNOWN	PENDING
000303	build_clean_test5/_deps/nlohmann_json-src/include/nlohmann/byte_container_with_subtype.hpp	.hpp	3533	103	C7DC197CBB54B9168373B4B9A3E1CC57CC5583BFCF5008B722B363335BC53511	build_clean_test5/_deps	UNKNOWN	UNKNOWN	PENDING
000304	build_clean_test5/_deps/nlohmann_json-src/include/nlohmann/json.hpp	.hpp	198618	5258	2432CBF7F4258453538ECA193CD937FC777462AE2CE8EE9F46E6EE460EF56BEA	build_clean_test5/_deps	UNKNOWN	UNKNOWN	PENDING
000305	build_clean_test5/_deps/nlohmann_json-src/include/nlohmann/json_fwd.hpp	.hpp	2541	75	C5B950B428534861B5869254FD773AFC724112FC9E141BD1FC89189640A3AE5D	build_clean_test5/_deps	UNKNOWN	UNKNOWN	PENDING
000306	build_clean_test5/_deps/nlohmann_json-src/include/nlohmann/ordered_map.hpp	.hpp	11692	359	31D1BB02500B734E09C27CE2CC216C8AF188344FBC19A6946AE301A12C7B62DF	build_clean_test5/_deps	UNKNOWN	UNKNOWN	PENDING
000307	build_clean_test5/_deps/nlohmann_json-src/include/nlohmann/detail/abi_macros.hpp	.hpp	3807	100	1C7DC7C5062B199A35853F4056ED00ED359EF8FA5C7FB15A58BC79598EC21422	build_clean_test5/_deps	UNKNOWN	UNKNOWN	PENDING
000308	build_clean_test5/_deps/nlohmann_json-src/include/nlohmann/detail/exceptions.hpp	.hpp	9267	257	55299C55106DE2624CA7AA6A5705AD6FF53814C1B52F8FE8D2872F13C956C95A	build_clean_test5/_deps	UNKNOWN	UNKNOWN	PENDING
000309	build_clean_test5/_deps/nlohmann_json-src/include/nlohmann/detail/hash.hpp	.hpp	4016	129	74A9E3AF772127CF0B12EE794ABC8C47B5BEA74CE658D0D20179A26BE5D95D0D	build_clean_test5/_deps	UNKNOWN	UNKNOWN	PENDING
000310	build_clean_test5/_deps/nlohmann_json-src/include/nlohmann/detail/json_custom_base_class.hpp	.hpp	1178	39	70DA7C5B17777F8DA6D83310D6526856542585EFA8A078DB61227B11AAF9EC0B	build_clean_test5/_deps	UNKNOWN	UNKNOWN	PENDING
000311	build_clean_test5/_deps/nlohmann_json-src/include/nlohmann/detail/json_pointer.hpp	.hpp	37143	988	4CF537AD88B2D686D5A349B26DA7E012BA9A58B01A0AB2BADAA796D9150E69BB	build_clean_test5/_deps	UNKNOWN	UNKNOWN	PENDING
000312	build_clean_test5/_deps/nlohmann_json-src/include/nlohmann/detail/json_ref.hpp	.hpp	1811	78	1660750DD10A562AAC1EEA37021F1E7138A5D6D50B051815708497A8D30BF60D	build_clean_test5/_deps	UNKNOWN	UNKNOWN	PENDING
000313	build_clean_test5/_deps/nlohmann_json-src/include/nlohmann/detail/macro_scope.hpp	.hpp	43639	482	70D2B2AA49A93170DED3D0C0D1B0F76103FDD09704BA5ECC862BC03095920847	build_clean_test5/_deps	UNKNOWN	UNKNOWN	PENDING
000314	build_clean_test5/_deps/nlohmann_json-src/include/nlohmann/detail/macro_unscope.hpp	.hpp	1252	45	5F7040DF475E2C943D9B22C335B61600DEB14B1E48A69B3450DE4C4A08C320BC	build_clean_test5/_deps	UNKNOWN	UNKNOWN	PENDING
000315	build_clean_test5/_deps/nlohmann_json-src/include/nlohmann/detail/string_concat.hpp	.hpp	5951	146	E8001630045F800C0EBCFC19E2B2F90139A4D20A9A359E134657767FD6FA9AA2	build_clean_test5/_deps	UNKNOWN	UNKNOWN	PENDING
000316	build_clean_test5/_deps/nlohmann_json-src/include/nlohmann/detail/string_escape.hpp	.hpp	2168	72	3BF6687FFA7F6FD3034591ADFDD6EA073584DF83694C6B57FEED9ADA965801E7	build_clean_test5/_deps	UNKNOWN	UNKNOWN	PENDING
000317	build_clean_test5/_deps/nlohmann_json-src/include/nlohmann/detail/value_t.hpp	.hpp	4326	118	60A7E24B34E93B8BA40EECF310A40C55042754328271C246F9CC1069F6A25958	build_clean_test5/_deps	UNKNOWN	UNKNOWN	PENDING
000318	build_clean_test5/_deps/nlohmann_json-src/include/nlohmann/detail/conversions/from_json.hpp	.hpp	18880	497	B37CED0BA32F8AC5834B4C96058CA5E445BCCEA27F46299A359EED0ECBF2E58E	build_clean_test5/_deps	UNKNOWN	UNKNOWN	PENDING
000319	build_clean_test5/_deps/nlohmann_json-src/include/nlohmann/detail/conversions/to_chars.hpp	.hpp	38562	1118	5FE11205C45DBD08373244D743F38E89CEEFB8C9B5FC4C68077117C786D53BEF	build_clean_test5/_deps	UNKNOWN	UNKNOWN	PENDING
000320	build_clean_test5/_deps/nlohmann_json-src/include/nlohmann/detail/conversions/to_json.hpp	.hpp	16274	446	73BAD524856D475A6071FD7B5422F80DF13BA7586F0D4B48141C2EC60CEBCF89	build_clean_test5/_deps	UNKNOWN	UNKNOWN	PENDING
000321	build_clean_test5/_deps/nlohmann_json-src/include/nlohmann/detail/input/binary_reader.hpp	.hpp	103146	3009	484BCC276C4FA6C7C61A93A8223F3E53BB4DC966E688E96641A93A50D7E503E9	build_clean_test5/_deps	UNKNOWN	UNKNOWN	PENDING
000322	build_clean_test5/_deps/nlohmann_json-src/include/nlohmann/detail/input/input_adapters.hpp	.hpp	17402	492	BD549419506089C82C94446F939587362FF01516B8E6624C472E704D27B1BE42	build_clean_test5/_deps	UNKNOWN	UNKNOWN	PENDING
000323	build_clean_test5/_deps/nlohmann_json-src/include/nlohmann/detail/input/json_sax.hpp	.hpp	21420	727	9147C9D07784A5F3DE890D68401AE07D03D0BC0DB24EBCBE7BEB8A31CFD858A0	build_clean_test5/_deps	UNKNOWN	UNKNOWN	PENDING
000324	build_clean_test5/_deps/nlohmann_json-src/include/nlohmann/detail/input/lexer.hpp	.hpp	54569	1633	550C275F09D55DEB1705B97B8A15B02F211EA0BA87E95452E7A023B854BB024C	build_clean_test5/_deps	UNKNOWN	UNKNOWN	PENDING
000325	build_clean_test5/_deps/nlohmann_json-src/include/nlohmann/detail/input/parser.hpp	.hpp	19661	519	094AED22CFDD641AC15EF59BFEF8DD1E23FD92373633A92ED928CB580F0CBD7E	build_clean_test5/_deps	UNKNOWN	UNKNOWN	PENDING
000326	build_clean_test5/_deps/nlohmann_json-src/include/nlohmann/detail/input/position_t.hpp	.hpp	958	37	0C9C5BE26020C0A7929F3CC1E7E0065589D6A8F4DC1BD2EE13F10EF1A7EFAA24	build_clean_test5/_deps	UNKNOWN	UNKNOWN	PENDING
000327	build_clean_test5/_deps/nlohmann_json-src/include/nlohmann/detail/iterators/internal_iterator.hpp	.hpp	1071	35	E75CF5E3C9AE358055BF3335FA2C5B6BBFBD1E24EA3DFDB62C187F37A8E2B485	build_clean_test5/_deps	UNKNOWN	UNKNOWN	PENDING
000328	build_clean_test5/_deps/nlohmann_json-src/include/nlohmann/detail/iterators/iteration_proxy.hpp	.hpp	8238	242	839EFBA147F6F15C693C741039DAA3D383C2F4AFB8FE653E4DAD49A9F998D1D1	build_clean_test5/_deps	UNKNOWN	UNKNOWN	PENDING
000329	build_clean_test5/_deps/nlohmann_json-src/include/nlohmann/detail/iterators/iterator_traits.hpp	.hpp	1757	61	04B0EDAEB214AA1C932B9078849A8FBBBDA9C7A241B4CBC28A90B6D11C959443	build_clean_test5/_deps	UNKNOWN	UNKNOWN	PENDING
000330	build_clean_test5/_deps/nlohmann_json-src/include/nlohmann/detail/iterators/iter_impl.hpp	.hpp	24046	751	70D81EBB931DB43A19FE3872A3FB1BC91FAB27509C8D29EE4C4DD247B384CAE1	build_clean_test5/_deps	UNKNOWN	UNKNOWN	PENDING
000331	build_clean_test5/_deps/nlohmann_json-src/include/nlohmann/detail/iterators/json_reverse_iterator.hpp	.hpp	3861	130	031B45C4F90AB7D64ECB6606FAD880D867A23FC63A431F0DE34F0FC104307B66	build_clean_test5/_deps	UNKNOWN	UNKNOWN	PENDING
000332	build_clean_test5/_deps/nlohmann_json-src/include/nlohmann/detail/iterators/primitive_iterator.hpp	.hpp	3227	132	6C949107BB779CECB8BEBA0835F7292656B52B08C3F6A6D3B27229B58C28AEFE	build_clean_test5/_deps	UNKNOWN	UNKNOWN	PENDING
000333	build_clean_test5/_deps/nlohmann_json-src/include/nlohmann/detail/meta/cpp_future.hpp	.hpp	5178	171	486BA5A3724131D0C1646E36D9A4A9877505B2914078347E6067BB65593F01CE	build_clean_test5/_deps	UNKNOWN	UNKNOWN	PENDING
000334	build_clean_test5/_deps/nlohmann_json-src/include/nlohmann/detail/meta/detected.hpp	.hpp	2109	70	F79AA1F107E4DFD4554753E6FE05364A1147EF4498D3125CFC939A5534D2D527	build_clean_test5/_deps	UNKNOWN	UNKNOWN	PENDING
000335	build_clean_test5/_deps/nlohmann_json-src/include/nlohmann/detail/meta/identity_tag.hpp	.hpp	526	21	BBA9559DEC8519DE3044B537E96A59A601831797A5A3C38BF8023A6D949118D0	build_clean_test5/_deps	UNKNOWN	UNKNOWN	PENDING
000336	build_clean_test5/_deps/nlohmann_json-src/include/nlohmann/detail/meta/is_sax.hpp	.hpp	6960	159	1F81D6098B9AAD02A95C27EC333BBB13EEC3C5171B968E39B7ECB1B06B16C55B	build_clean_test5/_deps	UNKNOWN	UNKNOWN	PENDING
000337	build_clean_test5/_deps/nlohmann_json-src/include/nlohmann/detail/meta/std_fs.hpp	.hpp	766	29	FB514154EA8C11C04A00EFEB2E89EDBFD40F149ED39EF36568D9B2A1062E85E0	build_clean_test5/_deps	UNKNOWN	UNKNOWN	PENDING
000338	build_clean_test5/_deps/nlohmann_json-src/include/nlohmann/detail/meta/type_traits.hpp	.hpp	29454	795	1F901F9E4BCD585FF22C6B0C0956566BA8A4A1238A490A64E7755A2C313040D5	build_clean_test5/_deps	UNKNOWN	UNKNOWN	PENDING
000339	build_clean_test5/_deps/nlohmann_json-src/include/nlohmann/detail/meta/void_t.hpp	.hpp	597	24	581E7B157457EB9C488793F2CD7066B2C1BA31D5E9FEA6F0D67C8C732B5088E4	build_clean_test5/_deps	UNKNOWN	UNKNOWN	PENDING
000340	build_clean_test5/_deps/nlohmann_json-src/include/nlohmann/detail/meta/call_std/begin.hpp	.hpp	453	17	379660C15A30B84FF2A67E22734638F608CC37B34648461C7E9167DA1153D861	build_clean_test5/_deps	UNKNOWN	UNKNOWN	PENDING
000341	build_clean_test5/_deps/nlohmann_json-src/include/nlohmann/detail/meta/call_std/end.hpp	.hpp	451	17	DECA609BF200442F452B848C19F28EE30879DF0CA35E959ED3B41F861C92DF55	build_clean_test5/_deps	UNKNOWN	UNKNOWN	PENDING
000342	build_clean_test5/_deps/nlohmann_json-src/include/nlohmann/detail/output/binary_writer.hpp	.hpp	71152	1838	665CE1EA5FB2CB425896B713BDD8D8D5A6D69688924FA6E2EFAFFB4E9D132011	build_clean_test5/_deps	UNKNOWN	UNKNOWN	PENDING
000343	build_clean_test5/_deps/nlohmann_json-src/include/nlohmann/detail/output/output_adapters.hpp	.hpp	4067	147	1E0BCC375B4D84180649198E2F8061F5968A10A6913231FEE097689D281ED565	build_clean_test5/_deps	UNKNOWN	UNKNOWN	PENDING
000344	build_clean_test5/_deps/nlohmann_json-src/include/nlohmann/detail/output/serializer.hpp	.hpp	40163	988	259C611D4B1147E3626D25BC05994B28F91F4FCCA2E578E486DCF51C0234E5C8	build_clean_test5/_deps	UNKNOWN	UNKNOWN	PENDING
000345	build_clean_test5/_deps/nlohmann_json-src/include/nlohmann/thirdparty/hedley/hedley.hpp	.hpp	86068	2045	20D6C1C6D6C30365F68A45093798937971B593919FB3051431F0C015DFA671FB	build_clean_test5/_deps	UNKNOWN	UNKNOWN	PENDING
000346	build_clean_test5/_deps/nlohmann_json-src/include/nlohmann/thirdparty/hedley/hedley_undef.hpp	.hpp	5500	158	0F8902F26872F40A2514E9C9BE2FCEBFCE6CDE0022E9364FDDD17FB49575B146	build_clean_test5/_deps	UNKNOWN	UNKNOWN	PENDING
000347	build_clean_test5/_deps/nlohmann_json-src/single_include/nlohmann/json.hpp	.hpp	919975	24765	9BEA4C8066EF4A1C206B2BE5A36302F8926F7FDC6087AF5D20B417D0CF103EA6	build_clean_test5/_deps	UNKNOWN	UNKNOWN	PENDING
000348	build_clean_test5/_deps/nlohmann_json-src/single_include/nlohmann/json_fwd.hpp	.hpp	6340	176	5CEFBBA751BAF5243033FD894C70BE9B37103D64B3D3A959E4173197D71137B9	build_clean_test5/_deps	UNKNOWN	UNKNOWN	PENDING
000349	build_clean_test5/_deps/nlohmann_json-subbuild/CMakeLists.txt	.txt	1548	34	0E8B004257EC48671B85A3CB65B34CA393DF54AAADC6A9222F8325FCCF427343	build_clean_test5/_deps	UNKNOWN	UNKNOWN	PENDING
000350	build_clean_test5/_deps/nlohmann_json-subbuild/cmake_install.cmake	.cmake	2002	56	CE0228B99032C0E31D632D6393AC908ABE0200B5087CF1696FA5BB2309306CE0	build_clean_test5/_deps	UNKNOWN	UNKNOWN	PENDING
000351	build_clean_test5/_deps/nlohmann_json-subbuild/CMakeFiles/CMakeConfigureLog.yaml	.yaml	271	11	ECF712160B779608B83B769991FDA879E04498880AF245A3073EE7466823C663	build_clean_test5/_deps	UNKNOWN	UNKNOWN	PENDING
000352	build_clean_test5/_deps/nlohmann_json-subbuild/CMakeFiles/InstallScripts.json	.json	145	7	954C34F8D448F1BA96DDECD067A969FCD2038E17734C048F02FF033661905C12	build_clean_test5/_deps	UNKNOWN	UNKNOWN	PENDING
000353	build_clean_test5/_deps/nlohmann_json-subbuild/CMakeFiles/4.4.2/CMakeSystem.cmake	.cmake	395	15	CB655F074177502B26612FA979EE72C606731A0B59F300E936EBBA161D8CCE09	build_clean_test5/_deps	UNKNOWN	UNKNOWN	PENDING
000354	build_clean_test5/_deps/nlohmann_json-subbuild/CMakeFiles/nlohmann_json-populate.dir/Labels.json	.json	1929	46	F6E9DF8056B035DFDFDC751E8D3EC5AA498054B73027E2A6CBA7B7C739CB89A5	build_clean_test5/_deps	UNKNOWN	UNKNOWN	PENDING
000355	build_clean_test5/_deps/nlohmann_json-subbuild/nlohmann_json-populate-prefix/src/nlohmann_json-populate-stamp/download-nlohmann_json-populate.cmake	.cmake	5224	166	369C765CE45AC509C35A39B974C161715AB0AD700524A2DEEE3EBF577043DD7B	build_clean_test5/_deps	UNKNOWN	UNKNOWN	PENDING
000356	build_clean_test5/_deps/nlohmann_json-subbuild/nlohmann_json-populate-prefix/src/nlohmann_json-populate-stamp/extract-nlohmann_json-populate.cmake	.cmake	1985	65	3074658C9DB93E73C5EC1B618CF945FE46741E88F09DC503F7523417CA2B2A9C	build_clean_test5/_deps	UNKNOWN	UNKNOWN	PENDING
000357	build_clean_test5/_deps/nlohmann_json-subbuild/nlohmann_json-populate-prefix/tmp/nlohmann_json-populate-mkdirs.cmake	.cmake	1713	27	2C2B387F33364159246ADF2B79E169493288F72411BF53949123B7C2A1A80B84	build_clean_test5/_deps	UNKNOWN	UNKNOWN	PENDING
000358	build_clean_test6/CMakeFiles/CMakeConfigureLog.yaml	.yaml	531526	7387	B263879CB2DF83EC9ADE1AD8E623E48C3D2E0E80F49818188C936302103892B4	build_clean_test6/CMakeFiles	UNKNOWN	UNKNOWN	PENDING
000359	build_clean_test6/CMakeFiles/4.4.2/CMakeASM_MASMCompiler.cmake	.cmake	1555	31	2854EEB905485DAFD438E0C81309CB5FEBF71AC879DD3B77F5823D872C31C841	build_clean_test6/CMakeFiles	UNKNOWN	UNKNOWN	PENDING
000360	build_clean_test6/CMakeFiles/4.4.2/CMakeCCompiler.cmake	.cmake	3411	86	C96A9C696C6E2168D03B3F7B05F229CAA42F1673D3BDC90BC9BB5C7C0A63631E	build_clean_test6/CMakeFiles	UNKNOWN	UNKNOWN	PENDING
000361	build_clean_test6/CMakeFiles/4.4.2/CMakeCXXCompiler.cmake	.cmake	6632	103	3818AE800A1D94F1B189F721136856C561F51E1E9C0562B1C1FD8285A06E357C	build_clean_test6/CMakeFiles	UNKNOWN	UNKNOWN	PENDING
000362	build_clean_test6/CMakeFiles/4.4.2/CMakeRCCompiler.cmake	.cmake	276	6	F1C96E7B6BC035D04A44733638743F28BF70450E870A3095A55CFF6AD81924FA	build_clean_test6/CMakeFiles	UNKNOWN	UNKNOWN	PENDING
000363	build_clean_test6/CMakeFiles/4.4.2/CMakeSystem.cmake	.cmake	399	15	14F764C3F0C50603F951C55B1787FA383C48D641385221057CD4F25001C4B314	build_clean_test6/CMakeFiles	UNKNOWN	UNKNOWN	PENDING
000364	build_clean_test6/CMakeFiles/4.4.2/CompilerIdC/CMakeCCompilerId.c	.c	29974	945	6B712B317574A51D1D4F3A69F0722D9EF310910570FD191501CDD45655E061D3	build_clean_test6/CMakeFiles	UNKNOWN	UNKNOWN	PENDING
000365	build_clean_test6/CMakeFiles/4.4.2/CompilerIdCXX/CMakeCXXCompilerId.cpp	.cpp	30605	954	C260F5F6368FE636DA54C24D6ABD310AC6FCC3ACDC4BDC674D9B7223569A85EB	build_clean_test6/CMakeFiles	UNKNOWN	UNKNOWN	PENDING
000366	build_clean_test6/_deps/nlohmann_json-build/nlohmann_jsonConfig.cmake	.cmake	635	15	A879DC2B648E17AC32836EF9013B5A6CF1234A74B9A60962CC081C3776C9F13F	build_clean_test6/_deps	UNKNOWN	UNKNOWN	PENDING
000367	build_clean_test6/_deps/nlohmann_json-build/nlohmann_jsonConfigVersion.cmake	.cmake	696	20	B6D73337D16D3DEB4B192056D1AC9E7E962929EC993F7F9652A949DE3D38CE8F	build_clean_test6/_deps	UNKNOWN	UNKNOWN	PENDING
000368	build_clean_test6/_deps/nlohmann_json-src/CMakeLists.txt	.txt	7180	209	9A00F4234C7804AF1A8ABA619C28B7462B11683FD6628A0EA62CBC168764C87F	build_clean_test6/_deps	UNKNOWN	UNKNOWN	PENDING
000369	build_clean_test6/_deps/nlohmann_json-src/include/nlohmann/adl_serializer.hpp	.hpp	2279	55	242B578E1A41C97DEC6890BD88BDB824CDB76A9EDD849C108299A59469D327E0	build_clean_test6/_deps	UNKNOWN	UNKNOWN	PENDING
000370	build_clean_test6/_deps/nlohmann_json-src/include/nlohmann/byte_container_with_subtype.hpp	.hpp	3533	103	C7DC197CBB54B9168373B4B9A3E1CC57CC5583BFCF5008B722B363335BC53511	build_clean_test6/_deps	UNKNOWN	UNKNOWN	PENDING
000371	build_clean_test6/_deps/nlohmann_json-src/include/nlohmann/json.hpp	.hpp	198618	5258	2432CBF7F4258453538ECA193CD937FC777462AE2CE8EE9F46E6EE460EF56BEA	build_clean_test6/_deps	UNKNOWN	UNKNOWN	PENDING
000372	build_clean_test6/_deps/nlohmann_json-src/include/nlohmann/json_fwd.hpp	.hpp	2541	75	C5B950B428534861B5869254FD773AFC724112FC9E141BD1FC89189640A3AE5D	build_clean_test6/_deps	UNKNOWN	UNKNOWN	PENDING
000373	build_clean_test6/_deps/nlohmann_json-src/include/nlohmann/ordered_map.hpp	.hpp	11692	359	31D1BB02500B734E09C27CE2CC216C8AF188344FBC19A6946AE301A12C7B62DF	build_clean_test6/_deps	UNKNOWN	UNKNOWN	PENDING
000374	build_clean_test6/_deps/nlohmann_json-src/include/nlohmann/detail/abi_macros.hpp	.hpp	3807	100	1C7DC7C5062B199A35853F4056ED00ED359EF8FA5C7FB15A58BC79598EC21422	build_clean_test6/_deps	UNKNOWN	UNKNOWN	PENDING
000375	build_clean_test6/_deps/nlohmann_json-src/include/nlohmann/detail/exceptions.hpp	.hpp	9267	257	55299C55106DE2624CA7AA6A5705AD6FF53814C1B52F8FE8D2872F13C956C95A	build_clean_test6/_deps	UNKNOWN	UNKNOWN	PENDING
000376	build_clean_test6/_deps/nlohmann_json-src/include/nlohmann/detail/hash.hpp	.hpp	4016	129	74A9E3AF772127CF0B12EE794ABC8C47B5BEA74CE658D0D20179A26BE5D95D0D	build_clean_test6/_deps	UNKNOWN	UNKNOWN	PENDING
000377	build_clean_test6/_deps/nlohmann_json-src/include/nlohmann/detail/json_custom_base_class.hpp	.hpp	1178	39	70DA7C5B17777F8DA6D83310D6526856542585EFA8A078DB61227B11AAF9EC0B	build_clean_test6/_deps	UNKNOWN	UNKNOWN	PENDING
000378	build_clean_test6/_deps/nlohmann_json-src/include/nlohmann/detail/json_pointer.hpp	.hpp	37143	988	4CF537AD88B2D686D5A349B26DA7E012BA9A58B01A0AB2BADAA796D9150E69BB	build_clean_test6/_deps	UNKNOWN	UNKNOWN	PENDING
000379	build_clean_test6/_deps/nlohmann_json-src/include/nlohmann/detail/json_ref.hpp	.hpp	1811	78	1660750DD10A562AAC1EEA37021F1E7138A5D6D50B051815708497A8D30BF60D	build_clean_test6/_deps	UNKNOWN	UNKNOWN	PENDING
000380	build_clean_test6/_deps/nlohmann_json-src/include/nlohmann/detail/macro_scope.hpp	.hpp	43639	482	70D2B2AA49A93170DED3D0C0D1B0F76103FDD09704BA5ECC862BC03095920847	build_clean_test6/_deps	UNKNOWN	UNKNOWN	PENDING
000381	build_clean_test6/_deps/nlohmann_json-src/include/nlohmann/detail/macro_unscope.hpp	.hpp	1252	45	5F7040DF475E2C943D9B22C335B61600DEB14B1E48A69B3450DE4C4A08C320BC	build_clean_test6/_deps	UNKNOWN	UNKNOWN	PENDING
000382	build_clean_test6/_deps/nlohmann_json-src/include/nlohmann/detail/string_concat.hpp	.hpp	5951	146	E8001630045F800C0EBCFC19E2B2F90139A4D20A9A359E134657767FD6FA9AA2	build_clean_test6/_deps	UNKNOWN	UNKNOWN	PENDING
000383	build_clean_test6/_deps/nlohmann_json-src/include/nlohmann/detail/string_escape.hpp	.hpp	2168	72	3BF6687FFA7F6FD3034591ADFDD6EA073584DF83694C6B57FEED9ADA965801E7	build_clean_test6/_deps	UNKNOWN	UNKNOWN	PENDING
000384	build_clean_test6/_deps/nlohmann_json-src/include/nlohmann/detail/value_t.hpp	.hpp	4326	118	60A7E24B34E93B8BA40EECF310A40C55042754328271C246F9CC1069F6A25958	build_clean_test6/_deps	UNKNOWN	UNKNOWN	PENDING
000385	build_clean_test6/_deps/nlohmann_json-src/include/nlohmann/detail/conversions/from_json.hpp	.hpp	18880	497	B37CED0BA32F8AC5834B4C96058CA5E445BCCEA27F46299A359EED0ECBF2E58E	build_clean_test6/_deps	UNKNOWN	UNKNOWN	PENDING
000386	build_clean_test6/_deps/nlohmann_json-src/include/nlohmann/detail/conversions/to_chars.hpp	.hpp	38562	1118	5FE11205C45DBD08373244D743F38E89CEEFB8C9B5FC4C68077117C786D53BEF	build_clean_test6/_deps	UNKNOWN	UNKNOWN	PENDING
000387	build_clean_test6/_deps/nlohmann_json-src/include/nlohmann/detail/conversions/to_json.hpp	.hpp	16274	446	73BAD524856D475A6071FD7B5422F80DF13BA7586F0D4B48141C2EC60CEBCF89	build_clean_test6/_deps	UNKNOWN	UNKNOWN	PENDING
000388	build_clean_test6/_deps/nlohmann_json-src/include/nlohmann/detail/input/binary_reader.hpp	.hpp	103146	3009	484BCC276C4FA6C7C61A93A8223F3E53BB4DC966E688E96641A93A50D7E503E9	build_clean_test6/_deps	UNKNOWN	UNKNOWN	PENDING
000389	build_clean_test6/_deps/nlohmann_json-src/include/nlohmann/detail/input/input_adapters.hpp	.hpp	17402	492	BD549419506089C82C94446F939587362FF01516B8E6624C472E704D27B1BE42	build_clean_test6/_deps	UNKNOWN	UNKNOWN	PENDING
000390	build_clean_test6/_deps/nlohmann_json-src/include/nlohmann/detail/input/json_sax.hpp	.hpp	21420	727	9147C9D07784A5F3DE890D68401AE07D03D0BC0DB24EBCBE7BEB8A31CFD858A0	build_clean_test6/_deps	UNKNOWN	UNKNOWN	PENDING
000391	build_clean_test6/_deps/nlohmann_json-src/include/nlohmann/detail/input/lexer.hpp	.hpp	54569	1633	550C275F09D55DEB1705B97B8A15B02F211EA0BA87E95452E7A023B854BB024C	build_clean_test6/_deps	UNKNOWN	UNKNOWN	PENDING
000392	build_clean_test6/_deps/nlohmann_json-src/include/nlohmann/detail/input/parser.hpp	.hpp	19661	519	094AED22CFDD641AC15EF59BFEF8DD1E23FD92373633A92ED928CB580F0CBD7E	build_clean_test6/_deps	UNKNOWN	UNKNOWN	PENDING
000393	build_clean_test6/_deps/nlohmann_json-src/include/nlohmann/detail/input/position_t.hpp	.hpp	958	37	0C9C5BE26020C0A7929F3CC1E7E0065589D6A8F4DC1BD2EE13F10EF1A7EFAA24	build_clean_test6/_deps	UNKNOWN	UNKNOWN	PENDING
000394	build_clean_test6/_deps/nlohmann_json-src/include/nlohmann/detail/iterators/internal_iterator.hpp	.hpp	1071	35	E75CF5E3C9AE358055BF3335FA2C5B6BBFBD1E24EA3DFDB62C187F37A8E2B485	build_clean_test6/_deps	UNKNOWN	UNKNOWN	PENDING
000395	build_clean_test6/_deps/nlohmann_json-src/include/nlohmann/detail/iterators/iteration_proxy.hpp	.hpp	8238	242	839EFBA147F6F15C693C741039DAA3D383C2F4AFB8FE653E4DAD49A9F998D1D1	build_clean_test6/_deps	UNKNOWN	UNKNOWN	PENDING
000396	build_clean_test6/_deps/nlohmann_json-src/include/nlohmann/detail/iterators/iterator_traits.hpp	.hpp	1757	61	04B0EDAEB214AA1C932B9078849A8FBBBDA9C7A241B4CBC28A90B6D11C959443	build_clean_test6/_deps	UNKNOWN	UNKNOWN	PENDING
000397	build_clean_test6/_deps/nlohmann_json-src/include/nlohmann/detail/iterators/iter_impl.hpp	.hpp	24046	751	70D81EBB931DB43A19FE3872A3FB1BC91FAB27509C8D29EE4C4DD247B384CAE1	build_clean_test6/_deps	UNKNOWN	UNKNOWN	PENDING
000398	build_clean_test6/_deps/nlohmann_json-src/include/nlohmann/detail/iterators/json_reverse_iterator.hpp	.hpp	3861	130	031B45C4F90AB7D64ECB6606FAD880D867A23FC63A431F0DE34F0FC104307B66	build_clean_test6/_deps	UNKNOWN	UNKNOWN	PENDING
000399	build_clean_test6/_deps/nlohmann_json-src/include/nlohmann/detail/iterators/primitive_iterator.hpp	.hpp	3227	132	6C949107BB779CECB8BEBA0835F7292656B52B08C3F6A6D3B27229B58C28AEFE	build_clean_test6/_deps	UNKNOWN	UNKNOWN	PENDING
000400	build_clean_test6/_deps/nlohmann_json-src/include/nlohmann/detail/meta/cpp_future.hpp	.hpp	5178	171	486BA5A3724131D0C1646E36D9A4A9877505B2914078347E6067BB65593F01CE	build_clean_test6/_deps	UNKNOWN	UNKNOWN	PENDING
000401	build_clean_test6/_deps/nlohmann_json-src/include/nlohmann/detail/meta/detected.hpp	.hpp	2109	70	F79AA1F107E4DFD4554753E6FE05364A1147EF4498D3125CFC939A5534D2D527	build_clean_test6/_deps	UNKNOWN	UNKNOWN	PENDING
000402	build_clean_test6/_deps/nlohmann_json-src/include/nlohmann/detail/meta/identity_tag.hpp	.hpp	526	21	BBA9559DEC8519DE3044B537E96A59A601831797A5A3C38BF8023A6D949118D0	build_clean_test6/_deps	UNKNOWN	UNKNOWN	PENDING
000403	build_clean_test6/_deps/nlohmann_json-src/include/nlohmann/detail/meta/is_sax.hpp	.hpp	6960	159	1F81D6098B9AAD02A95C27EC333BBB13EEC3C5171B968E39B7ECB1B06B16C55B	build_clean_test6/_deps	UNKNOWN	UNKNOWN	PENDING
000404	build_clean_test6/_deps/nlohmann_json-src/include/nlohmann/detail/meta/std_fs.hpp	.hpp	766	29	FB514154EA8C11C04A00EFEB2E89EDBFD40F149ED39EF36568D9B2A1062E85E0	build_clean_test6/_deps	UNKNOWN	UNKNOWN	PENDING
000405	build_clean_test6/_deps/nlohmann_json-src/include/nlohmann/detail/meta/type_traits.hpp	.hpp	29454	795	1F901F9E4BCD585FF22C6B0C0956566BA8A4A1238A490A64E7755A2C313040D5	build_clean_test6/_deps	UNKNOWN	UNKNOWN	PENDING
000406	build_clean_test6/_deps/nlohmann_json-src/include/nlohmann/detail/meta/void_t.hpp	.hpp	597	24	581E7B157457EB9C488793F2CD7066B2C1BA31D5E9FEA6F0D67C8C732B5088E4	build_clean_test6/_deps	UNKNOWN	UNKNOWN	PENDING
000407	build_clean_test6/_deps/nlohmann_json-src/include/nlohmann/detail/meta/call_std/begin.hpp	.hpp	453	17	379660C15A30B84FF2A67E22734638F608CC37B34648461C7E9167DA1153D861	build_clean_test6/_deps	UNKNOWN	UNKNOWN	PENDING
000408	build_clean_test6/_deps/nlohmann_json-src/include/nlohmann/detail/meta/call_std/end.hpp	.hpp	451	17	DECA609BF200442F452B848C19F28EE30879DF0CA35E959ED3B41F861C92DF55	build_clean_test6/_deps	UNKNOWN	UNKNOWN	PENDING
000409	build_clean_test6/_deps/nlohmann_json-src/include/nlohmann/detail/output/binary_writer.hpp	.hpp	71152	1838	665CE1EA5FB2CB425896B713BDD8D8D5A6D69688924FA6E2EFAFFB4E9D132011	build_clean_test6/_deps	UNKNOWN	UNKNOWN	PENDING
000410	build_clean_test6/_deps/nlohmann_json-src/include/nlohmann/detail/output/output_adapters.hpp	.hpp	4067	147	1E0BCC375B4D84180649198E2F8061F5968A10A6913231FEE097689D281ED565	build_clean_test6/_deps	UNKNOWN	UNKNOWN	PENDING
000411	build_clean_test6/_deps/nlohmann_json-src/include/nlohmann/detail/output/serializer.hpp	.hpp	40163	988	259C611D4B1147E3626D25BC05994B28F91F4FCCA2E578E486DCF51C0234E5C8	build_clean_test6/_deps	UNKNOWN	UNKNOWN	PENDING
000412	build_clean_test6/_deps/nlohmann_json-src/include/nlohmann/thirdparty/hedley/hedley.hpp	.hpp	86068	2045	20D6C1C6D6C30365F68A45093798937971B593919FB3051431F0C015DFA671FB	build_clean_test6/_deps	UNKNOWN	UNKNOWN	PENDING
000413	build_clean_test6/_deps/nlohmann_json-src/include/nlohmann/thirdparty/hedley/hedley_undef.hpp	.hpp	5500	158	0F8902F26872F40A2514E9C9BE2FCEBFCE6CDE0022E9364FDDD17FB49575B146	build_clean_test6/_deps	UNKNOWN	UNKNOWN	PENDING
000414	build_clean_test6/_deps/nlohmann_json-src/single_include/nlohmann/json.hpp	.hpp	919975	24765	9BEA4C8066EF4A1C206B2BE5A36302F8926F7FDC6087AF5D20B417D0CF103EA6	build_clean_test6/_deps	UNKNOWN	UNKNOWN	PENDING
000415	build_clean_test6/_deps/nlohmann_json-src/single_include/nlohmann/json_fwd.hpp	.hpp	6340	176	5CEFBBA751BAF5243033FD894C70BE9B37103D64B3D3A959E4173197D71137B9	build_clean_test6/_deps	UNKNOWN	UNKNOWN	PENDING
000416	build_clean_test6/_deps/nlohmann_json-subbuild/CMakeLists.txt	.txt	1548	34	029D977B338F4212C79CE14020F2BDBF61947433CE265B9A8E95CD90789B1C42	build_clean_test6/_deps	UNKNOWN	UNKNOWN	PENDING
000417	build_clean_test6/_deps/nlohmann_json-subbuild/cmake_install.cmake	.cmake	2002	56	E14F69EF5ABDEF97B35F15C7A8DE6B2E4CBD5DB4F1804694042523044EFBD1B2	build_clean_test6/_deps	UNKNOWN	UNKNOWN	PENDING
000418	build_clean_test6/_deps/nlohmann_json-subbuild/CMakeFiles/CMakeConfigureLog.yaml	.yaml	271	11	ECF712160B779608B83B769991FDA879E04498880AF245A3073EE7466823C663	build_clean_test6/_deps	UNKNOWN	UNKNOWN	PENDING
000419	build_clean_test6/_deps/nlohmann_json-subbuild/CMakeFiles/InstallScripts.json	.json	145	7	A6A70E795CE5C13253CAA90F73828B074E1C10729BFD07068934261F1765F127	build_clean_test6/_deps	UNKNOWN	UNKNOWN	PENDING
000420	build_clean_test6/_deps/nlohmann_json-subbuild/CMakeFiles/4.4.2/CMakeSystem.cmake	.cmake	395	15	CB655F074177502B26612FA979EE72C606731A0B59F300E936EBBA161D8CCE09	build_clean_test6/_deps	UNKNOWN	UNKNOWN	PENDING
000421	build_clean_test6/_deps/nlohmann_json-subbuild/CMakeFiles/nlohmann_json-populate.dir/Labels.json	.json	1929	46	9EC86FE180E2D8838732AD8947FD46758026994A6528A9D9BFF69049BB6949C8	build_clean_test6/_deps	UNKNOWN	UNKNOWN	PENDING
000422	build_clean_test6/_deps/nlohmann_json-subbuild/nlohmann_json-populate-prefix/src/nlohmann_json-populate-stamp/download-nlohmann_json-populate.cmake	.cmake	5224	166	6097CE668EBC4F8D6454B357D0EF56C15E813AE671E520214F466104E55E0B07	build_clean_test6/_deps	UNKNOWN	UNKNOWN	PENDING
000423	build_clean_test6/_deps/nlohmann_json-subbuild/nlohmann_json-populate-prefix/src/nlohmann_json-populate-stamp/extract-nlohmann_json-populate.cmake	.cmake	1985	65	C5D9A3CD98B3D457F8E657BB002550C4623BCD5AAFFF7D669139689C3971193C	build_clean_test6/_deps	UNKNOWN	UNKNOWN	PENDING
000424	build_clean_test6/_deps/nlohmann_json-subbuild/nlohmann_json-populate-prefix/tmp/nlohmann_json-populate-mkdirs.cmake	.cmake	1713	27	13174130EDFD7EF1498AC7B647B318CADD6B223182C691BA8A3BBE41F909D263	build_clean_test6/_deps	UNKNOWN	UNKNOWN	PENDING
000425	build_clean_test7/CMakeFiles/CMakeConfigureLog.yaml	.yaml	527080	7307	5EE1C504E19F0F97DB9CC5E004F88D39A236CE9253F1D8A67D4F655D57C59D65	build_clean_test7/CMakeFiles	UNKNOWN	UNKNOWN	PENDING
000426	build_clean_test7/CMakeFiles/4.4.2/CMakeASM_MASMCompiler.cmake	.cmake	1555	31	2854EEB905485DAFD438E0C81309CB5FEBF71AC879DD3B77F5823D872C31C841	build_clean_test7/CMakeFiles	UNKNOWN	UNKNOWN	PENDING
000427	build_clean_test7/CMakeFiles/4.4.2/CMakeCCompiler.cmake	.cmake	3411	86	C96A9C696C6E2168D03B3F7B05F229CAA42F1673D3BDC90BC9BB5C7C0A63631E	build_clean_test7/CMakeFiles	UNKNOWN	UNKNOWN	PENDING
000428	build_clean_test7/CMakeFiles/4.4.2/CMakeCXXCompiler.cmake	.cmake	6632	103	3818AE800A1D94F1B189F721136856C561F51E1E9C0562B1C1FD8285A06E357C	build_clean_test7/CMakeFiles	UNKNOWN	UNKNOWN	PENDING
000429	build_clean_test7/CMakeFiles/4.4.2/CMakeRCCompiler.cmake	.cmake	276	6	F1C96E7B6BC035D04A44733638743F28BF70450E870A3095A55CFF6AD81924FA	build_clean_test7/CMakeFiles	UNKNOWN	UNKNOWN	PENDING
000430	build_clean_test7/CMakeFiles/4.4.2/CMakeSystem.cmake	.cmake	399	15	14F764C3F0C50603F951C55B1787FA383C48D641385221057CD4F25001C4B314	build_clean_test7/CMakeFiles	UNKNOWN	UNKNOWN	PENDING
000431	build_clean_test7/CMakeFiles/4.4.2/CompilerIdC/CMakeCCompilerId.c	.c	29974	945	6B712B317574A51D1D4F3A69F0722D9EF310910570FD191501CDD45655E061D3	build_clean_test7/CMakeFiles	UNKNOWN	UNKNOWN	PENDING
000432	build_clean_test7/CMakeFiles/4.4.2/CompilerIdCXX/CMakeCXXCompilerId.cpp	.cpp	30605	954	C260F5F6368FE636DA54C24D6ABD310AC6FCC3ACDC4BDC674D9B7223569A85EB	build_clean_test7/CMakeFiles	UNKNOWN	UNKNOWN	PENDING
000433	build_clean_test7/_deps/nlohmann_json-build/nlohmann_jsonConfig.cmake	.cmake	635	15	A879DC2B648E17AC32836EF9013B5A6CF1234A74B9A60962CC081C3776C9F13F	build_clean_test7/_deps	UNKNOWN	UNKNOWN	PENDING
000434	build_clean_test7/_deps/nlohmann_json-build/nlohmann_jsonConfigVersion.cmake	.cmake	696	20	B6D73337D16D3DEB4B192056D1AC9E7E962929EC993F7F9652A949DE3D38CE8F	build_clean_test7/_deps	UNKNOWN	UNKNOWN	PENDING
000435	build_clean_test7/_deps/nlohmann_json-src/CMakeLists.txt	.txt	7180	209	9A00F4234C7804AF1A8ABA619C28B7462B11683FD6628A0EA62CBC168764C87F	build_clean_test7/_deps	UNKNOWN	UNKNOWN	PENDING
000436	build_clean_test7/_deps/nlohmann_json-src/include/nlohmann/adl_serializer.hpp	.hpp	2279	55	242B578E1A41C97DEC6890BD88BDB824CDB76A9EDD849C108299A59469D327E0	build_clean_test7/_deps	UNKNOWN	UNKNOWN	PENDING
000437	build_clean_test7/_deps/nlohmann_json-src/include/nlohmann/byte_container_with_subtype.hpp	.hpp	3533	103	C7DC197CBB54B9168373B4B9A3E1CC57CC5583BFCF5008B722B363335BC53511	build_clean_test7/_deps	UNKNOWN	UNKNOWN	PENDING
000438	build_clean_test7/_deps/nlohmann_json-src/include/nlohmann/json.hpp	.hpp	198618	5258	2432CBF7F4258453538ECA193CD937FC777462AE2CE8EE9F46E6EE460EF56BEA	build_clean_test7/_deps	UNKNOWN	UNKNOWN	PENDING
000439	build_clean_test7/_deps/nlohmann_json-src/include/nlohmann/json_fwd.hpp	.hpp	2541	75	C5B950B428534861B5869254FD773AFC724112FC9E141BD1FC89189640A3AE5D	build_clean_test7/_deps	UNKNOWN	UNKNOWN	PENDING
000440	build_clean_test7/_deps/nlohmann_json-src/include/nlohmann/ordered_map.hpp	.hpp	11692	359	31D1BB02500B734E09C27CE2CC216C8AF188344FBC19A6946AE301A12C7B62DF	build_clean_test7/_deps	UNKNOWN	UNKNOWN	PENDING
000441	build_clean_test7/_deps/nlohmann_json-src/include/nlohmann/detail/abi_macros.hpp	.hpp	3807	100	1C7DC7C5062B199A35853F4056ED00ED359EF8FA5C7FB15A58BC79598EC21422	build_clean_test7/_deps	UNKNOWN	UNKNOWN	PENDING
000442	build_clean_test7/_deps/nlohmann_json-src/include/nlohmann/detail/exceptions.hpp	.hpp	9267	257	55299C55106DE2624CA7AA6A5705AD6FF53814C1B52F8FE8D2872F13C956C95A	build_clean_test7/_deps	UNKNOWN	UNKNOWN	PENDING
000443	build_clean_test7/_deps/nlohmann_json-src/include/nlohmann/detail/hash.hpp	.hpp	4016	129	74A9E3AF772127CF0B12EE794ABC8C47B5BEA74CE658D0D20179A26BE5D95D0D	build_clean_test7/_deps	UNKNOWN	UNKNOWN	PENDING
000444	build_clean_test7/_deps/nlohmann_json-src/include/nlohmann/detail/json_custom_base_class.hpp	.hpp	1178	39	70DA7C5B17777F8DA6D83310D6526856542585EFA8A078DB61227B11AAF9EC0B	build_clean_test7/_deps	UNKNOWN	UNKNOWN	PENDING
000445	build_clean_test7/_deps/nlohmann_json-src/include/nlohmann/detail/json_pointer.hpp	.hpp	37143	988	4CF537AD88B2D686D5A349B26DA7E012BA9A58B01A0AB2BADAA796D9150E69BB	build_clean_test7/_deps	UNKNOWN	UNKNOWN	PENDING
000446	build_clean_test7/_deps/nlohmann_json-src/include/nlohmann/detail/json_ref.hpp	.hpp	1811	78	1660750DD10A562AAC1EEA37021F1E7138A5D6D50B051815708497A8D30BF60D	build_clean_test7/_deps	UNKNOWN	UNKNOWN	PENDING
000447	build_clean_test7/_deps/nlohmann_json-src/include/nlohmann/detail/macro_scope.hpp	.hpp	43639	482	70D2B2AA49A93170DED3D0C0D1B0F76103FDD09704BA5ECC862BC03095920847	build_clean_test7/_deps	UNKNOWN	UNKNOWN	PENDING
000448	build_clean_test7/_deps/nlohmann_json-src/include/nlohmann/detail/macro_unscope.hpp	.hpp	1252	45	5F7040DF475E2C943D9B22C335B61600DEB14B1E48A69B3450DE4C4A08C320BC	build_clean_test7/_deps	UNKNOWN	UNKNOWN	PENDING
000449	build_clean_test7/_deps/nlohmann_json-src/include/nlohmann/detail/string_concat.hpp	.hpp	5951	146	E8001630045F800C0EBCFC19E2B2F90139A4D20A9A359E134657767FD6FA9AA2	build_clean_test7/_deps	UNKNOWN	UNKNOWN	PENDING
000450	build_clean_test7/_deps/nlohmann_json-src/include/nlohmann/detail/string_escape.hpp	.hpp	2168	72	3BF6687FFA7F6FD3034591ADFDD6EA073584DF83694C6B57FEED9ADA965801E7	build_clean_test7/_deps	UNKNOWN	UNKNOWN	PENDING
000451	build_clean_test7/_deps/nlohmann_json-src/include/nlohmann/detail/value_t.hpp	.hpp	4326	118	60A7E24B34E93B8BA40EECF310A40C55042754328271C246F9CC1069F6A25958	build_clean_test7/_deps	UNKNOWN	UNKNOWN	PENDING
000452	build_clean_test7/_deps/nlohmann_json-src/include/nlohmann/detail/conversions/from_json.hpp	.hpp	18880	497	B37CED0BA32F8AC5834B4C96058CA5E445BCCEA27F46299A359EED0ECBF2E58E	build_clean_test7/_deps	UNKNOWN	UNKNOWN	PENDING
000453	build_clean_test7/_deps/nlohmann_json-src/include/nlohmann/detail/conversions/to_chars.hpp	.hpp	38562	1118	5FE11205C45DBD08373244D743F38E89CEEFB8C9B5FC4C68077117C786D53BEF	build_clean_test7/_deps	UNKNOWN	UNKNOWN	PENDING
000454	build_clean_test7/_deps/nlohmann_json-src/include/nlohmann/detail/conversions/to_json.hpp	.hpp	16274	446	73BAD524856D475A6071FD7B5422F80DF13BA7586F0D4B48141C2EC60CEBCF89	build_clean_test7/_deps	UNKNOWN	UNKNOWN	PENDING
000455	build_clean_test7/_deps/nlohmann_json-src/include/nlohmann/detail/input/binary_reader.hpp	.hpp	103146	3009	484BCC276C4FA6C7C61A93A8223F3E53BB4DC966E688E96641A93A50D7E503E9	build_clean_test7/_deps	UNKNOWN	UNKNOWN	PENDING
000456	build_clean_test7/_deps/nlohmann_json-src/include/nlohmann/detail/input/input_adapters.hpp	.hpp	17402	492	BD549419506089C82C94446F939587362FF01516B8E6624C472E704D27B1BE42	build_clean_test7/_deps	UNKNOWN	UNKNOWN	PENDING
000457	build_clean_test7/_deps/nlohmann_json-src/include/nlohmann/detail/input/json_sax.hpp	.hpp	21420	727	9147C9D07784A5F3DE890D68401AE07D03D0BC0DB24EBCBE7BEB8A31CFD858A0	build_clean_test7/_deps	UNKNOWN	UNKNOWN	PENDING
000458	build_clean_test7/_deps/nlohmann_json-src/include/nlohmann/detail/input/lexer.hpp	.hpp	54569	1633	550C275F09D55DEB1705B97B8A15B02F211EA0BA87E95452E7A023B854BB024C	build_clean_test7/_deps	UNKNOWN	UNKNOWN	PENDING
000459	build_clean_test7/_deps/nlohmann_json-src/include/nlohmann/detail/input/parser.hpp	.hpp	19661	519	094AED22CFDD641AC15EF59BFEF8DD1E23FD92373633A92ED928CB580F0CBD7E	build_clean_test7/_deps	UNKNOWN	UNKNOWN	PENDING
000460	build_clean_test7/_deps/nlohmann_json-src/include/nlohmann/detail/input/position_t.hpp	.hpp	958	37	0C9C5BE26020C0A7929F3CC1E7E0065589D6A8F4DC1BD2EE13F10EF1A7EFAA24	build_clean_test7/_deps	UNKNOWN	UNKNOWN	PENDING
000461	build_clean_test7/_deps/nlohmann_json-src/include/nlohmann/detail/iterators/internal_iterator.hpp	.hpp	1071	35	E75CF5E3C9AE358055BF3335FA2C5B6BBFBD1E24EA3DFDB62C187F37A8E2B485	build_clean_test7/_deps	UNKNOWN	UNKNOWN	PENDING
000462	build_clean_test7/_deps/nlohmann_json-src/include/nlohmann/detail/iterators/iteration_proxy.hpp	.hpp	8238	242	839EFBA147F6F15C693C741039DAA3D383C2F4AFB8FE653E4DAD49A9F998D1D1	build_clean_test7/_deps	UNKNOWN	UNKNOWN	PENDING
000463	build_clean_test7/_deps/nlohmann_json-src/include/nlohmann/detail/iterators/iterator_traits.hpp	.hpp	1757	61	04B0EDAEB214AA1C932B9078849A8FBBBDA9C7A241B4CBC28A90B6D11C959443	build_clean_test7/_deps	UNKNOWN	UNKNOWN	PENDING
000464	build_clean_test7/_deps/nlohmann_json-src/include/nlohmann/detail/iterators/iter_impl.hpp	.hpp	24046	751	70D81EBB931DB43A19FE3872A3FB1BC91FAB27509C8D29EE4C4DD247B384CAE1	build_clean_test7/_deps	UNKNOWN	UNKNOWN	PENDING
000465	build_clean_test7/_deps/nlohmann_json-src/include/nlohmann/detail/iterators/json_reverse_iterator.hpp	.hpp	3861	130	031B45C4F90AB7D64ECB6606FAD880D867A23FC63A431F0DE34F0FC104307B66	build_clean_test7/_deps	UNKNOWN	UNKNOWN	PENDING
000466	build_clean_test7/_deps/nlohmann_json-src/include/nlohmann/detail/iterators/primitive_iterator.hpp	.hpp	3227	132	6C949107BB779CECB8BEBA0835F7292656B52B08C3F6A6D3B27229B58C28AEFE	build_clean_test7/_deps	UNKNOWN	UNKNOWN	PENDING
000467	build_clean_test7/_deps/nlohmann_json-src/include/nlohmann/detail/meta/cpp_future.hpp	.hpp	5178	171	486BA5A3724131D0C1646E36D9A4A9877505B2914078347E6067BB65593F01CE	build_clean_test7/_deps	UNKNOWN	UNKNOWN	PENDING
000468	build_clean_test7/_deps/nlohmann_json-src/include/nlohmann/detail/meta/detected.hpp	.hpp	2109	70	F79AA1F107E4DFD4554753E6FE05364A1147EF4498D3125CFC939A5534D2D527	build_clean_test7/_deps	UNKNOWN	UNKNOWN	PENDING
000469	build_clean_test7/_deps/nlohmann_json-src/include/nlohmann/detail/meta/identity_tag.hpp	.hpp	526	21	BBA9559DEC8519DE3044B537E96A59A601831797A5A3C38BF8023A6D949118D0	build_clean_test7/_deps	UNKNOWN	UNKNOWN	PENDING
000470	build_clean_test7/_deps/nlohmann_json-src/include/nlohmann/detail/meta/is_sax.hpp	.hpp	6960	159	1F81D6098B9AAD02A95C27EC333BBB13EEC3C5171B968E39B7ECB1B06B16C55B	build_clean_test7/_deps	UNKNOWN	UNKNOWN	PENDING
000471	build_clean_test7/_deps/nlohmann_json-src/include/nlohmann/detail/meta/std_fs.hpp	.hpp	766	29	FB514154EA8C11C04A00EFEB2E89EDBFD40F149ED39EF36568D9B2A1062E85E0	build_clean_test7/_deps	UNKNOWN	UNKNOWN	PENDING
000472	build_clean_test7/_deps/nlohmann_json-src/include/nlohmann/detail/meta/type_traits.hpp	.hpp	29454	795	1F901F9E4BCD585FF22C6B0C0956566BA8A4A1238A490A64E7755A2C313040D5	build_clean_test7/_deps	UNKNOWN	UNKNOWN	PENDING
000473	build_clean_test7/_deps/nlohmann_json-src/include/nlohmann/detail/meta/void_t.hpp	.hpp	597	24	581E7B157457EB9C488793F2CD7066B2C1BA31D5E9FEA6F0D67C8C732B5088E4	build_clean_test7/_deps	UNKNOWN	UNKNOWN	PENDING
000474	build_clean_test7/_deps/nlohmann_json-src/include/nlohmann/detail/meta/call_std/begin.hpp	.hpp	453	17	379660C15A30B84FF2A67E22734638F608CC37B34648461C7E9167DA1153D861	build_clean_test7/_deps	UNKNOWN	UNKNOWN	PENDING
000475	build_clean_test7/_deps/nlohmann_json-src/include/nlohmann/detail/meta/call_std/end.hpp	.hpp	451	17	DECA609BF200442F452B848C19F28EE30879DF0CA35E959ED3B41F861C92DF55	build_clean_test7/_deps	UNKNOWN	UNKNOWN	PENDING
000476	build_clean_test7/_deps/nlohmann_json-src/include/nlohmann/detail/output/binary_writer.hpp	.hpp	71152	1838	665CE1EA5FB2CB425896B713BDD8D8D5A6D69688924FA6E2EFAFFB4E9D132011	build_clean_test7/_deps	UNKNOWN	UNKNOWN	PENDING
000477	build_clean_test7/_deps/nlohmann_json-src/include/nlohmann/detail/output/output_adapters.hpp	.hpp	4067	147	1E0BCC375B4D84180649198E2F8061F5968A10A6913231FEE097689D281ED565	build_clean_test7/_deps	UNKNOWN	UNKNOWN	PENDING
000478	build_clean_test7/_deps/nlohmann_json-src/include/nlohmann/detail/output/serializer.hpp	.hpp	40163	988	259C611D4B1147E3626D25BC05994B28F91F4FCCA2E578E486DCF51C0234E5C8	build_clean_test7/_deps	UNKNOWN	UNKNOWN	PENDING
000479	build_clean_test7/_deps/nlohmann_json-src/include/nlohmann/thirdparty/hedley/hedley.hpp	.hpp	86068	2045	20D6C1C6D6C30365F68A45093798937971B593919FB3051431F0C015DFA671FB	build_clean_test7/_deps	UNKNOWN	UNKNOWN	PENDING
000480	build_clean_test7/_deps/nlohmann_json-src/include/nlohmann/thirdparty/hedley/hedley_undef.hpp	.hpp	5500	158	0F8902F26872F40A2514E9C9BE2FCEBFCE6CDE0022E9364FDDD17FB49575B146	build_clean_test7/_deps	UNKNOWN	UNKNOWN	PENDING
000481	build_clean_test7/_deps/nlohmann_json-src/single_include/nlohmann/json.hpp	.hpp	919975	24765	9BEA4C8066EF4A1C206B2BE5A36302F8926F7FDC6087AF5D20B417D0CF103EA6	build_clean_test7/_deps	UNKNOWN	UNKNOWN	PENDING
000482	build_clean_test7/_deps/nlohmann_json-src/single_include/nlohmann/json_fwd.hpp	.hpp	6340	176	5CEFBBA751BAF5243033FD894C70BE9B37103D64B3D3A959E4173197D71137B9	build_clean_test7/_deps	UNKNOWN	UNKNOWN	PENDING
000483	build_clean_test7/_deps/nlohmann_json-subbuild/CMakeLists.txt	.txt	1548	34	E8BEE6576DF28F9F1C6F2D6A01141E19288BA88C4273AF84BA4766A3A1988D67	build_clean_test7/_deps	UNKNOWN	UNKNOWN	PENDING
000484	build_clean_test7/_deps/nlohmann_json-subbuild/cmake_install.cmake	.cmake	2002	56	2A1D86861D2E1A47C44EB6D505AF22D4F50EADEC17B12A66193EC09D3F70701F	build_clean_test7/_deps	UNKNOWN	UNKNOWN	PENDING
000485	build_clean_test7/_deps/nlohmann_json-subbuild/CMakeFiles/CMakeConfigureLog.yaml	.yaml	271	11	ECF712160B779608B83B769991FDA879E04498880AF245A3073EE7466823C663	build_clean_test7/_deps	UNKNOWN	UNKNOWN	PENDING
000486	build_clean_test7/_deps/nlohmann_json-subbuild/CMakeFiles/InstallScripts.json	.json	145	7	9A246D60CBCE5E2266ABD60AF0F114D466EF7F19616864206FECBDB055B3C591	build_clean_test7/_deps	UNKNOWN	UNKNOWN	PENDING
000487	build_clean_test7/_deps/nlohmann_json-subbuild/CMakeFiles/4.4.2/CMakeSystem.cmake	.cmake	395	15	CB655F074177502B26612FA979EE72C606731A0B59F300E936EBBA161D8CCE09	build_clean_test7/_deps	UNKNOWN	UNKNOWN	PENDING
000488	build_clean_test7/_deps/nlohmann_json-subbuild/CMakeFiles/nlohmann_json-populate.dir/Labels.json	.json	1929	46	1FE1478742CBA9912BDDAFBBB95EFE24784050BD9EB4140D33D61C6B005E13B2	build_clean_test7/_deps	UNKNOWN	UNKNOWN	PENDING
000489	build_clean_test7/_deps/nlohmann_json-subbuild/nlohmann_json-populate-prefix/src/nlohmann_json-populate-stamp/download-nlohmann_json-populate.cmake	.cmake	5224	166	2896F7BA73094CCA195D44441A2016BA417D081C161CA8235B89E804E2C9E0FB	build_clean_test7/_deps	UNKNOWN	UNKNOWN	PENDING
000490	build_clean_test7/_deps/nlohmann_json-subbuild/nlohmann_json-populate-prefix/src/nlohmann_json-populate-stamp/extract-nlohmann_json-populate.cmake	.cmake	1985	65	1D934453BA3CB7861BDE95C184BBD1CAE316B9DD978538E4BE72066C01E88439	build_clean_test7/_deps	UNKNOWN	UNKNOWN	PENDING
000491	build_clean_test7/_deps/nlohmann_json-subbuild/nlohmann_json-populate-prefix/tmp/nlohmann_json-populate-mkdirs.cmake	.cmake	1713	27	F883F6209516819625F4F8D14495239EE83A643034230C9BFC615B58AC82A0FB	build_clean_test7/_deps	UNKNOWN	UNKNOWN	PENDING
000492	build_d2adopt/cmake_install.cmake	.cmake	2759	81	F6A22315E5893C80BFFBFF21BE03B88D68409319BDB6D5B4538BF83F3A5FEF77	build_d2adopt/cmake_install.cmake	UNKNOWN	UNKNOWN	PENDING
000493	build_d2adopt/CMakeFiles/CMakeConfigureLog.yaml	.yaml	562958	8048	4CDBC032E907BA6172EA7E616B90E513D3BDA8BA511F44013502B3D6B823EB8C	build_d2adopt/CMakeFiles	UNKNOWN	UNKNOWN	PENDING
000494	build_d2adopt/CMakeFiles/InstallScripts.json	.json	461	12	7C27C73093C14EB8143BEB230670D64699CF09608A174F42987675553910D077	build_d2adopt/CMakeFiles	UNKNOWN	UNKNOWN	PENDING
000495	build_d2adopt/CMakeFiles/4.4.2/CMakeASM_MASMCompiler.cmake	.cmake	1555	31	2854EEB905485DAFD438E0C81309CB5FEBF71AC879DD3B77F5823D872C31C841	build_d2adopt/CMakeFiles	UNKNOWN	UNKNOWN	PENDING
000496	build_d2adopt/CMakeFiles/4.4.2/CMakeCCompiler.cmake	.cmake	3411	86	C96A9C696C6E2168D03B3F7B05F229CAA42F1673D3BDC90BC9BB5C7C0A63631E	build_d2adopt/CMakeFiles	UNKNOWN	UNKNOWN	PENDING
000497	build_d2adopt/CMakeFiles/4.4.2/CMakeCXXCompiler.cmake	.cmake	6632	103	3818AE800A1D94F1B189F721136856C561F51E1E9C0562B1C1FD8285A06E357C	build_d2adopt/CMakeFiles	UNKNOWN	UNKNOWN	PENDING
000498	build_d2adopt/CMakeFiles/4.4.2/CMakeRCCompiler.cmake	.cmake	276	6	F1C96E7B6BC035D04A44733638743F28BF70450E870A3095A55CFF6AD81924FA	build_d2adopt/CMakeFiles	UNKNOWN	UNKNOWN	PENDING
000499	build_d2adopt/CMakeFiles/4.4.2/CMakeSystem.cmake	.cmake	399	15	14F764C3F0C50603F951C55B1787FA383C48D641385221057CD4F25001C4B314	build_d2adopt/CMakeFiles	UNKNOWN	UNKNOWN	PENDING
000500	build_d2adopt/CMakeFiles/4.4.2/CompilerIdC/CMakeCCompilerId.c	.c	29974	945	6B712B317574A51D1D4F3A69F0722D9EF310910570FD191501CDD45655E061D3	build_d2adopt/CMakeFiles	UNKNOWN	UNKNOWN	PENDING
000501	build_d2adopt/CMakeFiles/4.4.2/CompilerIdCXX/CMakeCXXCompilerId.cpp	.cpp	30605	954	C260F5F6368FE636DA54C24D6ABD310AC6FCC3ACDC4BDC674D9B7223569A85EB	build_d2adopt/CMakeFiles	UNKNOWN	UNKNOWN	PENDING
000502	build_d2adopt/rguf_source/cmake_install.cmake	.cmake	1296	40	D4E1B83F140918A25839EF58ECB123637295C716BCD15BAB8B121E383037A96C	build_d2adopt/rguf_source	UNKNOWN	UNKNOWN	PENDING
000503	build_d2adopt/src/ceo/cmake_install.cmake	.cmake	3370	64	73EDCA8A9FE073A5A4B2E0BCB3D64B64D8868A69A259DCB07554E99E8BAAB06C	build_d2adopt/src	UNKNOWN	UNKNOWN	PENDING
000504	build_d2adopt/src/generation/cmake_install.cmake	.cmake	1302	40	CEAEF081335C7882A4C07A7905445FF4ACC3C414BC5B8AA9D7E6C41A1C67F843	build_d2adopt/src	UNKNOWN	UNKNOWN	PENDING
000505	build_d2adopt/src/repository/cmake_install.cmake	.cmake	2415	52	DEA54D98E0F869234D41209C57212417D244545FCBA477000DEE200772AADB8C	build_d2adopt/src	UNKNOWN	UNKNOWN	PENDING
000506	build_d2adopt/src/reverse_engineering/cmake_install.cmake	.cmake	1320	40	756E54F208642DA2F5BF810212413C2F4E598B08AB16E4B7469599604D3585F2	build_d2adopt/src	UNKNOWN	UNKNOWN	PENDING
000507	build_embed_parity/cmake_install.cmake	.cmake	2800	81	5F0FD6200550468FE9702675817D3A8DD3F3E23028A3BA3C45E45978F428C80A	build_embed_parity/cmake_install.cmake	UNKNOWN	UNKNOWN	PENDING
000508	build_embed_parity/compile_commands.json	.json	3203677	7706	7C3714949726560A8F89C2ED6790EFB7F52C79A52DCEB54E6EBC902CB5CC6401	build_embed_parity/compile_commands.json	UNKNOWN	UNKNOWN	PENDING
000509	build_embed_parity/CMakeFiles/CMakeConfigureLog.yaml	.yaml	543013	7633	7D0CC482008906878F88C98204CA09ED4FA44EDDB9830138734AA3D5F38DC9E8	build_embed_parity/CMakeFiles	UNKNOWN	UNKNOWN	PENDING
000510	build_embed_parity/CMakeFiles/CMakeDirectoryInformation.cmake	.cmake	569	13	598C6E469B31B75F4B032C9421CE426998EB468CDDFE0CA100AA0510E9EA8402	build_embed_parity/CMakeFiles	UNKNOWN	UNKNOWN	PENDING
000511	build_embed_parity/CMakeFiles/InstallScripts.json	.json	491	12	45CE831501CE024B0E4586AAD14FD23B4496E1F2058E91ACDB82F72FE70487C2	build_embed_parity/CMakeFiles	UNKNOWN	UNKNOWN	PENDING
000512	build_embed_parity/CMakeFiles/Makefile.cmake	.cmake	14291	239	BB1CB37F4059E29FD75BB08792106A9B3C04474A099FEBD054016FE8B8B062DB	build_embed_parity/CMakeFiles	UNKNOWN	UNKNOWN	PENDING
000513	build_embed_parity/CMakeFiles/4.4.2/CMakeASM_MASMCompiler.cmake	.cmake	1555	31	2854EEB905485DAFD438E0C81309CB5FEBF71AC879DD3B77F5823D872C31C841	build_embed_parity/CMakeFiles	UNKNOWN	UNKNOWN	PENDING
000514	build_embed_parity/CMakeFiles/4.4.2/CMakeCCompiler.cmake	.cmake	3433	86	AC464FA49275380D8836A0121B85375623E822C035DF70A068A554ADB61C3D20	build_embed_parity/CMakeFiles	UNKNOWN	UNKNOWN	PENDING
000515	build_embed_parity/CMakeFiles/4.4.2/CMakeCXXCompiler.cmake	.cmake	6648	103	EF421A5609EA268BBE6D615A802AC0673752E0787B782625A29BF2F3DFFFC27C	build_embed_parity/CMakeFiles	UNKNOWN	UNKNOWN	PENDING
000516	build_embed_parity/CMakeFiles/4.4.2/CMakeRCCompiler.cmake	.cmake	276	6	F1C96E7B6BC035D04A44733638743F28BF70450E870A3095A55CFF6AD81924FA	build_embed_parity/CMakeFiles	UNKNOWN	UNKNOWN	PENDING
000517	build_embed_parity/CMakeFiles/4.4.2/CMakeSystem.cmake	.cmake	399	15	14F764C3F0C50603F951C55B1787FA383C48D641385221057CD4F25001C4B314	build_embed_parity/CMakeFiles	UNKNOWN	UNKNOWN	PENDING
000518	build_embed_parity/CMakeFiles/4.4.2/CompilerIdC/CMakeCCompilerId.c	.c	29974	945	6B712B317574A51D1D4F3A69F0722D9EF310910570FD191501CDD45655E061D3	build_embed_parity/CMakeFiles	UNKNOWN	UNKNOWN	PENDING
000519	build_embed_parity/CMakeFiles/4.4.2/CompilerIdCXX/CMakeCXXCompilerId.cpp	.cpp	30605	954	C260F5F6368FE636DA54C24D6ABD310AC6FCC3ACDC4BDC674D9B7223569A85EB	build_embed_parity/CMakeFiles	UNKNOWN	UNKNOWN	PENDING
000520	build_embed_parity/CMakeFiles/agentic_orchestrator_smoke_test.dir/cmake_clean.cmake	.cmake	754	15	43E6F75787C736DCD8D87A83635176CCDD4FB5A4E0CDD0E2F81FF7D800E608FC	build_embed_parity/CMakeFiles	UNKNOWN	UNKNOWN	PENDING
000521	build_embed_parity/CMakeFiles/agentic_orchestrator_smoke_test.dir/DependInfo.cmake	.cmake	1078	24	CE5ABCA3F083797D54557479108B2910D2D980F34B5B49A10BD651FD74E8CC02	build_embed_parity/CMakeFiles	UNKNOWN	UNKNOWN	PENDING
000522	build_embed_parity/CMakeFiles/audit-registry-ci.dir/cmake_clean.cmake	.cmake	224	8	17275FD076D019762329C966F2834E02070A956686EEAF640AD9F5FAFF72DC64	build_embed_parity/CMakeFiles	UNKNOWN	UNKNOWN	PENDING
000523	build_embed_parity/CMakeFiles/audit-registry-ci.dir/DependInfo.cmake	.cmake	607	22	C4D47CEBAA92654FBB1EDFC1EDDFB8ED0F5F9C36904A25BBD657280F4FC44067	build_embed_parity/CMakeFiles	UNKNOWN	UNKNOWN	PENDING
000524	build_embed_parity/CMakeFiles/audit-registry.dir/cmake_clean.cmake	.cmake	218	8	640B7197EF70FACCD1DC4080A06C8BA49FFA660C4BB72E62B96B5419AED5D877	build_embed_parity/CMakeFiles	UNKNOWN	UNKNOWN	PENDING
000525	build_embed_parity/CMakeFiles/audit-registry.dir/DependInfo.cmake	.cmake	607	22	C4D47CEBAA92654FBB1EDFC1EDDFB8ED0F5F9C36904A25BBD657280F4FC44067	build_embed_parity/CMakeFiles	UNKNOWN	UNKNOWN	PENDING
000526	build_embed_parity/CMakeFiles/b004_transformer_router_streaming_integration.dir/cmake_clean.cmake	.cmake	5036	55	A9840331F94AB165CC1D65021F9C72C715BEC654D18E435C1515F287863328E9	build_embed_parity/CMakeFiles	UNKNOWN	UNKNOWN	PENDING
000527	build_embed_parity/CMakeFiles/b004_transformer_router_streaming_integration.dir/DependInfo.cmake	.cmake	6368	44	ECBD38A9E1A7A652DA1761626FFCC4CCA498F582F5F3131AB4D9771943FB9EDF	build_embed_parity/CMakeFiles	UNKNOWN	UNKNOWN	PENDING
000528	build_embed_parity/CMakeFiles/b004_transformer_router_streaming_integration_cpu.dir/cmake_clean.cmake	.cmake	5232	55	9A9B3C3B2120B7A7F8600A7B3982E9FB03E7A103370DA8BDE973115F0DCCBDFB	build_embed_parity/CMakeFiles	UNKNOWN	UNKNOWN	PENDING
000529	build_embed_parity/CMakeFiles/b004_transformer_router_streaming_integration_cpu.dir/DependInfo.cmake	.cmake	6544	44	DEE2410979FC66B425297D4E7080B1FCADA38467C93A9FA1C8A34792404CEE93	build_embed_parity/CMakeFiles	UNKNOWN	UNKNOWN	PENDING
000530	build_embed_parity/CMakeFiles/b005_canonical_model_certification.dir/cmake_clean.cmake	.cmake	997	17	A38FC4D6A69EB47B49E750B33A38C2FF7C1DB181EB5BCE8FEC77FAB21ABE1428	build_embed_parity/CMakeFiles	UNKNOWN	UNKNOWN	PENDING
000531	build_embed_parity/CMakeFiles/b005_canonical_model_certification.dir/DependInfo.cmake	.cmake	1375	25	164BABF0C65D0E7985F7AFF8B2D171027F39C29029CB7E366B2BAF6F40B9E803	build_embed_parity/CMakeFiles	UNKNOWN	UNKNOWN	PENDING
000532	build_embed_parity/CMakeFiles/b006_kv_cache_verification.dir/cmake_clean.cmake	.cmake	4067	55	B7B3999988925981DA08B50404CEAA4A79579599DDD063D59E9BB7D1682F18FA	build_embed_parity/CMakeFiles	UNKNOWN	UNKNOWN	PENDING
000533	build_embed_parity/CMakeFiles/b006_kv_cache_verification.dir/DependInfo.cmake	.cmake	5475	44	5A736F926633E2473F1E534A8ADDC1558EDB16958AF6F532BDB8390EEB8C016A	build_embed_parity/CMakeFiles	UNKNOWN	UNKNOWN	PENDING
000534	build_embed_parity/CMakeFiles/b007_performance_baseline.dir/cmake_clean.cmake	.cmake	4016	55	203520E1F3E5E7776422942C235BBCA0309857BE04C23A0002CCBCF224DDF39F	build_embed_parity/CMakeFiles	UNKNOWN	UNKNOWN	PENDING
000535	build_embed_parity/CMakeFiles/b007_performance_baseline.dir/DependInfo.cmake	.cmake	5428	44	6710511F006BD31C3815B1388490E7540CC9624A739A667968B7DD298E398119	build_embed_parity/CMakeFiles	UNKNOWN	UNKNOWN	PENDING
000536	build_embed_parity/CMakeFiles/b008_ci_integration.dir/cmake_clean.cmake	.cmake	482	13	2324B7DA8F16B57391F2AE4DAEE5A19CAB0A21133977C36D4C52060ED6C1995E	build_embed_parity/CMakeFiles	UNKNOWN	UNKNOWN	PENDING
000537	build_embed_parity/CMakeFiles/b008_ci_integration.dir/DependInfo.cmake	.cmake	808	23	94A66139B9D9C13BA4F3E6DE10D5C153FC22AC301F5EFC4A37409D4DD3C1B67A	build_embed_parity/CMakeFiles	UNKNOWN	UNKNOWN	PENDING
000538	build_embed_parity/CMakeFiles/b009a_fast_validation.dir/cmake_clean.cmake	.cmake	3700	53	971FBAF43C8A85D2EFB20445517286E6E28F21FC379E751AC8F751D5897B1A46	build_embed_parity/CMakeFiles	UNKNOWN	UNKNOWN	PENDING
000539	build_embed_parity/CMakeFiles/b009a_fast_validation.dir/DependInfo.cmake	.cmake	5098	43	976CB5BE2A0324CFDF64AF29631F928FC4A7B8D93A8A3099B17610EA09FFE8B3	build_embed_parity/CMakeFiles	UNKNOWN	UNKNOWN	PENDING
000540	build_embed_parity/CMakeFiles/b009_batched_prefill_certification.dir/cmake_clean.cmake	.cmake	5095	61	C526496F86A884A3A5AEDBCFD54295798CEC75E49EFD894C9150ABB44E9407AC	build_embed_parity/CMakeFiles	UNKNOWN	UNKNOWN	PENDING
000541	build_embed_parity/CMakeFiles/b009_batched_prefill_certification.dir/DependInfo.cmake	.cmake	6664	47	6692805C31285A6ADAB58CB938E5CA664222FD9CFBB9E36EB3844923A22EAF4D	build_embed_parity/CMakeFiles	UNKNOWN	UNKNOWN	PENDING
000542	build_embed_parity/CMakeFiles/b009_t128_certification.dir/cmake_clean.cmake	.cmake	4468	61	7A90B4E8B04AF0E039F49FE4631687CFB48B54131666806815CCFC1596E0BA31	build_embed_parity/CMakeFiles	UNKNOWN	UNKNOWN	PENDING
000543	build_embed_parity/CMakeFiles/b009_t128_certification.dir/DependInfo.cmake	.cmake	6081	47	B3E274E5EE4521D4F97C48E272F5683C89A16648E4FE38833CAC57D12466F779	build_embed_parity/CMakeFiles	UNKNOWN	UNKNOWN	PENDING
000544	build_embed_parity/CMakeFiles/b009_t128_instrumented.dir/cmake_clean.cmake	.cmake	3749	53	AE1CBF4AD2912F77EB9544C08CB818C67003A1476BF7C7A0AA75D9A466423DC3	build_embed_parity/CMakeFiles	UNKNOWN	UNKNOWN	PENDING
000545	build_embed_parity/CMakeFiles/b009_t128_instrumented.dir/DependInfo.cmake	.cmake	5143	43	FB31EBDEF0B976D89BEE14EB5A3E55C0D6F48FA2803A5D07134144056FDB2ABC	build_embed_parity/CMakeFiles	UNKNOWN	UNKNOWN	PENDING
000546	build_embed_parity/CMakeFiles/b010_b011_fast_experiment.dir/cmake_clean.cmake	.cmake	1606	27	CA23B5905DB20763906A5A8ADB9A2964F63C7CA2C99F5D1448DD0EBA1C53D360	build_embed_parity/CMakeFiles	UNKNOWN	UNKNOWN	PENDING
000547	build_embed_parity/CMakeFiles/b010_b011_fast_experiment.dir/DependInfo.cmake	.cmake	2233	30	5217C9B4E4B33AA336DDE2DD848B88DE467DC099F46F2B4F63F7A70E30E04863	build_embed_parity/CMakeFiles	UNKNOWN	UNKNOWN	PENDING
000548	build_embed_parity/CMakeFiles/b010_weight_residency_profile.dir/cmake_clean.cmake	.cmake	4230	55	731D1A333872544EC7949B37D871D290F43FB0AF36AC77B25EC56FA0077CF7C7	build_embed_parity/CMakeFiles	UNKNOWN	UNKNOWN	PENDING
000549	build_embed_parity/CMakeFiles/b010_weight_residency_profile.dir/DependInfo.cmake	.cmake	5631	44	035AF27A4501DCAA7F6EA7E63FC113D2971B3393C6B152F700586B658055D316	build_embed_parity/CMakeFiles	UNKNOWN	UNKNOWN	PENDING
000550	build_embed_parity/CMakeFiles/b011_weight_residency_optimization.dir/cmake_clean.cmake	.cmake	4475	55	2940781B2894E3FFF856478E887F56ECF1B7DAFFD711BC9F3B01C0B5641C9DA1	build_embed_parity/CMakeFiles	UNKNOWN	UNKNOWN	PENDING
000551	build_embed_parity/CMakeFiles/b011_weight_residency_optimization.dir/DependInfo.cmake	.cmake	5851	44	76943B50656FFD6ECD4430BE9EBBB870EB24C77993207A3A33703BC53393FF51	build_embed_parity/CMakeFiles	UNKNOWN	UNKNOWN	PENDING
000552	build_embed_parity/CMakeFiles/b012_amortization_test.dir/cmake_clean.cmake	.cmake	3863	55	AD6D97A5975E944076A450B67CB5E025AB4BF8E846707CAAD29DFF861C42269B	build_embed_parity/CMakeFiles	UNKNOWN	UNKNOWN	PENDING
000553	build_embed_parity/CMakeFiles/b012_amortization_test.dir/DependInfo.cmake	.cmake	5287	44	8FC38C6CEDCB072570254F26676BF06AC9C0F34E4A35B8E3B696E1F25AC0FD8D	build_embed_parity/CMakeFiles	UNKNOWN	UNKNOWN	PENDING
000554	build_embed_parity/CMakeFiles/b013_stability_test.dir/cmake_clean.cmake	.cmake	3858	57	CE58238A8A1F743A7BFDC85D2B3EE461054AD56E0F38E546F49B07B31BDCCD82	build_embed_parity/CMakeFiles	UNKNOWN	UNKNOWN	PENDING
000555	build_embed_parity/CMakeFiles/b013_stability_test.dir/DependInfo.cmake	.cmake	5344	45	BE929F007DE325431C6E4CE63FFB3ED599194BE03204AC524520E0909B496C1D	build_embed_parity/CMakeFiles	UNKNOWN	UNKNOWN	PENDING
000556	build_embed_parity/CMakeFiles/b014_boundary_probe.dir/cmake_clean.cmake	.cmake	3868	57	43860A81B8D8458DA543CFFB1CB41E8F16B5E680398FB2495FADD0E980D38C69	build_embed_parity/CMakeFiles	UNKNOWN	UNKNOWN	PENDING
000557	build_embed_parity/CMakeFiles/b014_boundary_probe.dir/DependInfo.cmake	.cmake	5359	45	14F89B073ACC00DE68D955C885AA5295831F510A73B3C9A249EA2F5F903CB62B	build_embed_parity/CMakeFiles	UNKNOWN	UNKNOWN	PENDING
000558	build_embed_parity/CMakeFiles/b014_compute_decomposition.dir/cmake_clean.cmake	.cmake	4397	59	AB840C40BB78820AA9914FDD4DEB6B9AE1BC7702DC40629F8D89010691D11DA1	build_embed_parity/CMakeFiles	UNKNOWN	UNKNOWN	PENDING
000559	build_embed_parity/CMakeFiles/b014_compute_decomposition.dir/DependInfo.cmake	.cmake	5908	46	EB91D35F011890FEE494E9213A2240ADA1F12D78C5B2D391288F5A7EC5F29A20	build_embed_parity/CMakeFiles	UNKNOWN	UNKNOWN	PENDING
000560	build_embed_parity/CMakeFiles/b014_lifetime_probe.dir/cmake_clean.cmake	.cmake	3868	57	9E38D5E7FAAD0CD675560BF443F79B73F1FF6F67BD9B5380E41E5018FEAD22EE	build_embed_parity/CMakeFiles	UNKNOWN	UNKNOWN	PENDING
000561	build_embed_parity/CMakeFiles/b014_lifetime_probe.dir/DependInfo.cmake	.cmake	5359	45	D83F12AEDFF9C22177E4544235862368D66F62588CB90C56A16FFF01BC8A280D	build_embed_parity/CMakeFiles	UNKNOWN	UNKNOWN	PENDING
000562	build_embed_parity/CMakeFiles/b014_single_boundary.dir/cmake_clean.cmake	.cmake	3921	57	75CFED8BD91AF77339FF8117666AE4F0A0DD41C3C0920459F66DA9CDAFF0D390	build_embed_parity/CMakeFiles	UNKNOWN	UNKNOWN	PENDING
000563	build_embed_parity/CMakeFiles/b014_single_boundary.dir/DependInfo.cmake	.cmake	5408	45	9078230DD2AF67584213E35CE38A2BB0298431075471C982F81A9581B333E9C1	build_embed_parity/CMakeFiles	UNKNOWN	UNKNOWN	PENDING
000564	build_embed_parity/CMakeFiles/b015_dequant_certification.dir/cmake_clean.cmake	.cmake	531	13	06E913C78EAB8BEE8DFA54FDA3E9636DA39EE4A471F4A7F2ED445DF17198CFC4	build_embed_parity/CMakeFiles	UNKNOWN	UNKNOWN	PENDING
000565	build_embed_parity/CMakeFiles/b015_dequant_certification.dir/DependInfo.cmake	.cmake	822	23	B9124187A6600F7BFE060E3A7F1A500193AC65AC41A6A989F4C5F016B310F7E7	build_embed_parity/CMakeFiles	UNKNOWN	UNKNOWN	PENDING
000566	build_embed_parity/CMakeFiles/b015_pool_direct_test.dir/cmake_clean.cmake	.cmake	510	13	59EBEE0D3931156EE5F645A02073B1845EA39ABCCA4F6514013A1B2FFF909312	build_embed_parity/CMakeFiles	UNKNOWN	UNKNOWN	PENDING
000567	build_embed_parity/CMakeFiles/b015_pool_direct_test.dir/DependInfo.cmake	.cmake	833	23	483F6530EEF30E51B40D7ABF16035B6A782AE01E6BC38C9C67BC2672C03EE568	build_embed_parity/CMakeFiles	UNKNOWN	UNKNOWN	PENDING
000568	build_embed_parity/CMakeFiles/b015_pool_microbench.dir/cmake_clean.cmake	.cmake	3629	53	938BFACD8B3D7ECF1F46CBB7C6EE0C16974EC4CE44AE763BEEBAAF57B4AC56EA	build_embed_parity/CMakeFiles	UNKNOWN	UNKNOWN	PENDING
000569	build_embed_parity/CMakeFiles/b015_pool_microbench.dir/DependInfo.cmake	.cmake	5020	43	2888296F5834D0FCA8416185DA1EF2EBC54C6B7D6C817F434C4F3E9337FE13D7	build_embed_parity/CMakeFiles	UNKNOWN	UNKNOWN	PENDING
000570	build_embed_parity/CMakeFiles/b015_residency_validation.dir/cmake_clean.cmake	.cmake	4048	55	6684F471EAC23DE99419326230525C0E1DD7B92D54A94D45C69051C223270A34	build_embed_parity/CMakeFiles	UNKNOWN	UNKNOWN	PENDING
000571	build_embed_parity/CMakeFiles/b015_residency_validation.dir/DependInfo.cmake	.cmake	5476	44	2084CD7F15A50F51933BB1432050F8E2D138A0DBAE8AA357E0972F179E5F4676	build_embed_parity/CMakeFiles	UNKNOWN	UNKNOWN	PENDING
000572	build_embed_parity/CMakeFiles/b016_gemm_efficiency_probe.dir/cmake_clean.cmake	.cmake	4639	61	2964ED099706BEF4CBC2F71F3C82D6E6667CA7904202C2C9E753A6F65727232C	build_embed_parity/CMakeFiles	UNKNOWN	UNKNOWN	PENDING
000573	build_embed_parity/CMakeFiles/b016_gemm_efficiency_probe.dir/DependInfo.cmake	.cmake	6240	47	81DF11B97D7B0ABE39EEDA48D6D9EF020B854D77941323173DDB57F5F2AE9CFB	build_embed_parity/CMakeFiles	UNKNOWN	UNKNOWN	PENDING
000574	build_embed_parity/CMakeFiles/BackendOrchestratorShardSmoke.dir/cmake_clean.cmake	.cmake	698	15	AAAE630712BA78323B4B056ED97B8BD00E4319DECF2F0D4E04DF96180DC9E8E7	build_embed_parity/CMakeFiles	UNKNOWN	UNKNOWN	PENDING
000575	build_embed_parity/CMakeFiles/BackendOrchestratorShardSmoke.dir/DependInfo.cmake	.cmake	1013	24	2D3D93F374CF883ED304C5B1F3C982AA64F40B5B9EBCD431C4FA75C107A868DC	build_embed_parity/CMakeFiles	UNKNOWN	UNKNOWN	PENDING
000576	build_embed_parity/CMakeFiles/benchmark_dispatch_overhead.dir/cmake_clean.cmake	.cmake	554	13	A89F2629AF94F2D98F0ED4648971B2458BBEC192DC8CAA02E3775DF236955C37	build_embed_parity/CMakeFiles	UNKNOWN	UNKNOWN	PENDING
000577	build_embed_parity/CMakeFiles/benchmark_dispatch_overhead.dir/DependInfo.cmake	.cmake	848	23	849634A82D0D76762A52D3ED912AFADC5A1BB56A080728B172FB1E8A6C61DCC7	build_embed_parity/CMakeFiles	UNKNOWN	UNKNOWN	PENDING
000578	build_embed_parity/CMakeFiles/benchmark_dispatch_pmc.dir/cmake_clean.cmake	.cmake	509	13	DFAFFE47967C144B8E43516A6A0EF249FFDB9009458E94467905D822C9489CCF	build_embed_parity/CMakeFiles	UNKNOWN	UNKNOWN	PENDING
000579	build_embed_parity/CMakeFiles/benchmark_dispatch_pmc.dir/DependInfo.cmake	.cmake	823	23	620FA1ACDDD473804B53E3F4CFA568D161C16D7398303BD3D0DBCFFE55F6FA20	build_embed_parity/CMakeFiles	UNKNOWN	UNKNOWN	PENDING
000580	build_embed_parity/CMakeFiles/benchmark_planner_amortization.dir/cmake_clean.cmake	.cmake	581	13	D6B1C480BD554BE6347CE5031C9F49A866F95F4338197487FC6A581149E90D71	build_embed_parity/CMakeFiles	UNKNOWN	UNKNOWN	PENDING
000581	build_embed_parity/CMakeFiles/benchmark_planner_amortization.dir/DependInfo.cmake	.cmake	863	23	B5FFCD1D6C3F99C308E13CF5F4B0CAF091DEB2AE49309624F705D45F3AD6F603	build_embed_parity/CMakeFiles	UNKNOWN	UNKNOWN	PENDING
000582	build_embed_parity/CMakeFiles/certification_harness.dir/cmake_clean.cmake	.cmake	3016	45	F49825369D0E23C3AF4F21F49119A28F40880AF52FE18D4377A03280F444642B	build_embed_parity/CMakeFiles	UNKNOWN	UNKNOWN	PENDING
000583	build_embed_parity/CMakeFiles/certification_harness.dir/DependInfo.cmake	.cmake	6185	89	163C6810411E09F5F6425F81F1161C5586B8EBFED0F7EA7B8E5B90E529B5EF49	build_embed_parity/CMakeFiles	UNKNOWN	UNKNOWN	PENDING
000584	build_embed_parity/CMakeFiles/comprehensive_dual_gpu_test.dir/cmake_clean.cmake	.cmake	554	13	D3BC0922234F17E45255FB41F86DFD023B108804E8A75F33FAB17BAD23638EE7	build_embed_parity/CMakeFiles	UNKNOWN	UNKNOWN	PENDING
000585	build_embed_parity/CMakeFiles/comprehensive_dual_gpu_test.dir/DependInfo.cmake	.cmake	848	23	5606CB382D35B817C8914FF1CD0800E17AB4E7AFE2E6E941D25B3B0AABB00F2B	build_embed_parity/CMakeFiles	UNKNOWN	UNKNOWN	PENDING
000586	build_embed_parity/CMakeFiles/Deep2Engine_RouterSmokeTest.dir/cmake_clean.cmake	.cmake	716	15	FC8FD35D3D99C8B1D13BE4FBBA2783A87600F3BD2A7F7D8DA24251FC1580BF80	build_embed_parity/CMakeFiles	UNKNOWN	UNKNOWN	PENDING
000587	build_embed_parity/CMakeFiles/Deep2Engine_RouterSmokeTest.dir/DependInfo.cmake	.cmake	1059	24	A4BABDDF1AC87384A371FA5D08B7727F547CD8E9861C229EDC0FA379688A3F9A	build_embed_parity/CMakeFiles	UNKNOWN	UNKNOWN	PENDING
000588	build_embed_parity/CMakeFiles/deep2_benchmark.dir/cmake_clean.cmake	.cmake	604	15	D9ACA0D3F23E087C57C7FFF886F63BE42E428BF1C412A9F88769405377B5344F	build_embed_parity/CMakeFiles	UNKNOWN	UNKNOWN	PENDING
000589	build_embed_parity/CMakeFiles/deep2_benchmark.dir/DependInfo.cmake	.cmake	1005	24	554316E95B19C3AD1134C12551680C6B1D1C9C554D04F2FB503A8C1138BA65A9	build_embed_parity/CMakeFiles	UNKNOWN	UNKNOWN	PENDING
000590	build_embed_parity/CMakeFiles/dual_gpu_smoke_test.dir/cmake_clean.cmake	.cmake	482	13	41361A8AC6F383C0CAADA200D8DE1DD580D63D14534BC0565E19DBCD9CAA6AA7	build_embed_parity/CMakeFiles	UNKNOWN	UNKNOWN	PENDING
000591	build_embed_parity/CMakeFiles/dual_gpu_smoke_test.dir/DependInfo.cmake	.cmake	808	23	97D160EE03E113A2872C04EAF5A6C3B691DDACA0524FABA693062914770D209D	build_embed_parity/CMakeFiles	UNKNOWN	UNKNOWN	PENDING
000592	build_embed_parity/CMakeFiles/enforce_no_scaffold.dir/cmake_clean.cmake	.cmake	228	8	A8BC43807A80CF793C7E76AB7BB71ABFCE0D6D3A36AF5C07C81C35BF2EDB40BD	build_embed_parity/CMakeFiles	UNKNOWN	UNKNOWN	PENDING
000593	build_embed_parity/CMakeFiles/enforce_no_scaffold.dir/DependInfo.cmake	.cmake	607	22	C4D47CEBAA92654FBB1EDFC1EDDFB8ED0F5F9C36904A25BBD657280F4FC44067	build_embed_parity/CMakeFiles	UNKNOWN	UNKNOWN	PENDING
000594	build_embed_parity/CMakeFiles/ev512_ide_gui_lifecycle_smoke.dir/cmake_clean.cmake	.cmake	572	13	9C1713D86B0D51927300B032CD50663C8DF19C8C8CDDD82E8B8B573B6A989687	build_embed_parity/CMakeFiles	UNKNOWN	UNKNOWN	PENDING
000595	build_embed_parity/CMakeFiles/ev512_ide_gui_lifecycle_smoke.dir/DependInfo.cmake	.cmake	858	23	818C1149E062891CB2ADA2A7969043FB18AD5B67CEC0B3A38FBDCA8F2654C956	build_embed_parity/CMakeFiles	UNKNOWN	UNKNOWN	PENDING
000596	build_embed_parity/CMakeFiles/ev512_ide_restore_reload_fault_smoke.dir/cmake_clean.cmake	.cmake	635	13	62A1D22C9C5FCF212AECA64F8AE8896C4FD530E624C9AF631AF8E15901DC0A3D	build_embed_parity/CMakeFiles	UNKNOWN	UNKNOWN	PENDING
000597	build_embed_parity/CMakeFiles/ev512_ide_restore_reload_fault_smoke.dir/DependInfo.cmake	.cmake	893	23	9DF176310EC3F7920B21D44455C01F716D521C19E2F17B580D03B148034CF1DB	build_embed_parity/CMakeFiles	UNKNOWN	UNKNOWN	PENDING
000598	build_embed_parity/CMakeFiles/ev512_ide_workflow_smoke.dir/cmake_clean.cmake	.cmake	527	13	AF8DDD1732DD3C38A605C7B6CBF9A751E4ECCD6C7CA3209911EA09341D77D3D9	build_embed_parity/CMakeFiles	UNKNOWN	UNKNOWN	PENDING
000599	build_embed_parity/CMakeFiles/ev512_ide_workflow_smoke.dir/DependInfo.cmake	.cmake	833	23	D877168E1718145EC198047DEBEDB717EE9B89C67EA3C867B6DDC447396ED0C6	build_embed_parity/CMakeFiles	UNKNOWN	UNKNOWN	PENDING
000600	build_embed_parity/CMakeFiles/ev512_ops_remaining_smoke.dir/cmake_clean.cmake	.cmake	536	13	615152ACC835A0B217714A6853090FF5369465E19045BCCC03B084E98C86C3E0	build_embed_parity/CMakeFiles	UNKNOWN	UNKNOWN	PENDING
000601	build_embed_parity/CMakeFiles/ev512_ops_remaining_smoke.dir/DependInfo.cmake	.cmake	838	23	DBD0A69AE4A51214F4F1BD3493EC53C462EAEF43C6E43F4FDC859AF4C1AA93E9	build_embed_parity/CMakeFiles	UNKNOWN	UNKNOWN	PENDING
000602	build_embed_parity/CMakeFiles/fleet_gate.dir/cmake_clean.cmake	.cmake	401	13	C206A01A262CC04EA0F7A2D46D70651FEB6BA7E69779A21BE6AE6F014ED98C7C	build_embed_parity/CMakeFiles	UNKNOWN	UNKNOWN	PENDING
000603	build_embed_parity/CMakeFiles/fleet_gate.dir/DependInfo.cmake	.cmake	763	23	FDDAAF4D172E772C743107BE47A5D23E6D9BF591D3CF28FF7F1BDAF061BE40C2	build_embed_parity/CMakeFiles	UNKNOWN	UNKNOWN	PENDING
000604	build_embed_parity/CMakeFiles/fwd_cert_001.dir/cmake_clean.cmake	.cmake	457	13	A277D1279E1B281CAAEE87E7987256DCDED62FE037341EB4A760DC25F557DAA7	build_embed_parity/CMakeFiles	UNKNOWN	UNKNOWN	PENDING
000605	build_embed_parity/CMakeFiles/fwd_cert_001.dir/DependInfo.cmake	.cmake	830	23	A60A8503C806FA9E77F1173D2C72B958F335A082B91E6D852BE230C5F4E3F29A	build_embed_parity/CMakeFiles	UNKNOWN	UNKNOWN	PENDING
000606	build_embed_parity/CMakeFiles/GGUF_Alignment_Diagnostic.dir/cmake_clean.cmake	.cmake	554	13	B77A22FE273BBBCE3C2214802BE3A1A72184BEE4142DD08C2D59E5ADD4F05312	build_embed_parity/CMakeFiles	UNKNOWN	UNKNOWN	PENDING
000607	build_embed_parity/CMakeFiles/GGUF_Alignment_Diagnostic.dir/DependInfo.cmake	.cmake	865	23	620077487884445BE6DA3FCE6571260F493A7F3F60CDA8CF86C8DD5C49218E98	build_embed_parity/CMakeFiles	UNKNOWN	UNKNOWN	PENDING
000608	build_embed_parity/CMakeFiles/gguf_inspector.dir/cmake_clean.cmake	.cmake	437	13	126EB06FD350319B2119F11021BDCB116E7BA4487C9D5406882E83C580BFD766	build_embed_parity/CMakeFiles	UNKNOWN	UNKNOWN	PENDING
000609	build_embed_parity/CMakeFiles/gguf_inspector.dir/DependInfo.cmake	.cmake	783	23	660BB032626412D2F36C985F3A561169E357CC9749D122EEDDA636192B162732	build_embed_parity/CMakeFiles	UNKNOWN	UNKNOWN	PENDING
000610	build_embed_parity/CMakeFiles/hotpatch_e2e_test.dir/cmake_clean.cmake	.cmake	792	17	5CF2C08DDE7A5C1DB6BBD46470DFA2F33D14294E5ED75DB8D3DA6F9C24855FD8	build_embed_parity/CMakeFiles	UNKNOWN	UNKNOWN	PENDING
000611	build_embed_parity/CMakeFiles/hotpatch_e2e_test.dir/DependInfo.cmake	.cmake	1246	25	3AADB4DB99A91A649C0B246B3ED86D125D1E202CE714D5229A6195A92DC29970	build_embed_parity/CMakeFiles	UNKNOWN	UNKNOWN	PENDING
000612	build_embed_parity/CMakeFiles/hotpatch_stress_test.dir/cmake_clean.cmake	.cmake	825	17	258BFBA33C8C4E0E3BC561F25AFCFBBA4388A196149E963C2F26B35B1F970FB9	build_embed_parity/CMakeFiles	UNKNOWN	UNKNOWN	PENDING
000613	build_embed_parity/CMakeFiles/hotpatch_stress_test.dir/DependInfo.cmake	.cmake	1264	25	DEFA26C910A2BE7E0BA8B0C6889DD2C4DCA5BC411708C09E6D7B2ADC84D19ACA	build_embed_parity/CMakeFiles	UNKNOWN	UNKNOWN	PENDING
000614	build_embed_parity/CMakeFiles/InferenceEngine.dir/cmake_clean.cmake	.cmake	18922	262	4F384710220CEC1391EC008A31695FB0DCD26A2FBB75F30987E756C9CFC0B975	build_embed_parity/CMakeFiles	UNKNOWN	UNKNOWN	PENDING
000615	build_embed_parity/CMakeFiles/InferenceEngine.dir/cmake_clean_target.cmake	.cmake	49	3	CB2CB7DB34E3D0C0EF22D55280101400EEAA3E63A0C4F0E395DD02B5803CFC67	build_embed_parity/CMakeFiles	UNKNOWN	UNKNOWN	PENDING
000616	build_embed_parity/CMakeFiles/InferenceEngine.dir/DependInfo.cmake	.cmake	31722	244	4AC0EDC9C4B4166ABCEDCA207ADF972AAB884B8F054961F0B40BD2173054624E	build_embed_parity/CMakeFiles	UNKNOWN	UNKNOWN	PENDING
000617	build_embed_parity/CMakeFiles/k2_002_tensor_streaming.dir/cmake_clean.cmake	.cmake	1910	31	8EA2BAA47AE923F18829E60003429E6D8DCE39D8AFD1C1556C52A3D0454F2337	build_embed_parity/CMakeFiles	UNKNOWN	UNKNOWN	PENDING
000618	build_embed_parity/CMakeFiles/k2_002_tensor_streaming.dir/DependInfo.cmake	.cmake	2655	32	8BAE6F86276E9C6C1B7F0E94270BBF36085F0F1485647680E734D0000EBFC8A5	build_embed_parity/CMakeFiles	UNKNOWN	UNKNOWN	PENDING
000619	build_embed_parity/CMakeFiles/k2_003b_native_gemv_validation.dir/cmake_clean.cmake	.cmake	911	17	2A897354892BE2A5832EF779AE23842CA50BE763DFCEE94DBA34970411620617	build_embed_parity/CMakeFiles	UNKNOWN	UNKNOWN	PENDING
000620	build_embed_parity/CMakeFiles/k2_003b_native_gemv_validation.dir/DependInfo.cmake	.cmake	1279	25	F7B6E7B944F8F842C2D80C9B912EFB1D1C25AC6C641C54AB6A01965542DC6BCB	build_embed_parity/CMakeFiles	UNKNOWN	UNKNOWN	PENDING
000621	build_embed_parity/CMakeFiles/k2_003c_single_layer_forward.dir/cmake_clean.cmake	.cmake	885	17	E8CF7BD22FD827406F07585EB748780DB4068FAC845F0A0E13D2177795A396C9	build_embed_parity/CMakeFiles	UNKNOWN	UNKNOWN	PENDING
000622	build_embed_parity/CMakeFiles/k2_003c_single_layer_forward.dir/DependInfo.cmake	.cmake	1261	25	AD547957AF378AF4FF4FDCE62EFCA06A35F233EE41C4C89A831408ED82867EDD	build_embed_parity/CMakeFiles	UNKNOWN	UNKNOWN	PENDING
000623	build_embed_parity/CMakeFiles/k2_003_layer_execution.dir/cmake_clean.cmake	.cmake	1883	31	34383EA1408B24F1504FAEE46A37C1258D6A53C5EBA08CE0C147BD6A781543A8	build_embed_parity/CMakeFiles	UNKNOWN	UNKNOWN	PENDING
000624	build_embed_parity/CMakeFiles/k2_003_layer_execution.dir/DependInfo.cmake	.cmake	2632	32	C779D7F8D1A6A0AB80240ACE1C2D2DA6E138AC030A0DAC84BB1A6AAF3C2FA69C	build_embed_parity/CMakeFiles	UNKNOWN	UNKNOWN	PENDING
000625	build_embed_parity/CMakeFiles/k2_004_bounded_multi_layer_prefill.dir/cmake_clean.cmake	.cmake	963	17	0EF90300342A759D552088E2A5610A49C0A478975015DD53660586DE7D5F906A	build_embed_parity/CMakeFiles	UNKNOWN	UNKNOWN	PENDING
000626	build_embed_parity/CMakeFiles/k2_004_bounded_multi_layer_prefill.dir/DependInfo.cmake	.cmake	1315	25	1D6860E044799AAFB42C197F959769F657AD7A304BFDFE8BD155D5CDFA1FA93F	build_embed_parity/CMakeFiles	UNKNOWN	UNKNOWN	PENDING
000627	build_embed_parity/CMakeFiles/k2_004_bounded_prefill.dir/cmake_clean.cmake	.cmake	1883	31	7B71F8F0324E4D178CAFCC70BC91CE051F6EBC6EE6185D2EDADE0B899333322F	build_embed_parity/CMakeFiles	UNKNOWN	UNKNOWN	PENDING
000628	build_embed_parity/CMakeFiles/k2_004_bounded_prefill.dir/DependInfo.cmake	.cmake	2632	32	01201CFD520AEFECD1E69B1AFAE3F648662ED4119137DE65FF66BC163BE09F03	build_embed_parity/CMakeFiles	UNKNOWN	UNKNOWN	PENDING
000629	build_embed_parity/CMakeFiles/k2_005_autoregressive_kv_cache.dir/cmake_clean.cmake	.cmake	911	17	5E418B6E8130349EF723704CA056CB69BBFCE43813B2F7776CD45D59580D396F	build_embed_parity/CMakeFiles	UNKNOWN	UNKNOWN	PENDING
000630	build_embed_parity/CMakeFiles/k2_005_autoregressive_kv_cache.dir/DependInfo.cmake	.cmake	1279	25	08C83AA427CC97AF4334561BFE01C581B03A123723D813B156DD39B15F3CEBEB	build_embed_parity/CMakeFiles	UNKNOWN	UNKNOWN	PENDING
000631	build_embed_parity/CMakeFiles/k2_006_bounded_token_generation.dir/cmake_clean.cmake	.cmake	924	17	4D938FABDD65BF9626D75ACAA682301CEC889851FE47A991C7157FACF5C279E6	build_embed_parity/CMakeFiles	UNKNOWN	UNKNOWN	PENDING
000632	build_embed_parity/CMakeFiles/k2_006_bounded_token_generation.dir/DependInfo.cmake	.cmake	1288	25	1B2559903D1E88521B7C64A296D5FA41C3ACDD00B0936D97F0891A7CC818EE37	build_embed_parity/CMakeFiles	UNKNOWN	UNKNOWN	PENDING
000633	build_embed_parity/CMakeFiles/k2_007a_tokenizer_metadata.dir/cmake_clean.cmake	.cmake	551	13	0B205B0DFC507CD12A148BC061D86ED6F1EA288F903D3820322C3F34C39332FA	build_embed_parity/CMakeFiles	UNKNOWN	UNKNOWN	PENDING
000634	build_embed_parity/CMakeFiles/k2_007a_tokenizer_metadata.dir/DependInfo.cmake	.cmake	843	23	737959C7B8156A5AFF9CFEAB2807A6411AB4136A9E398C8E7D82DE0B9CA83902	build_embed_parity/CMakeFiles	UNKNOWN	UNKNOWN	PENDING
000635	build_embed_parity/CMakeFiles/k2_007b_projection_logits_interface.dir/cmake_clean.cmake	.cmake	976	17	1D9BAE4EABA051E14978A664F83B06544DA5CF001E1CD79861736AB9D91465E1	build_embed_parity/CMakeFiles	UNKNOWN	UNKNOWN	PENDING
000636	build_embed_parity/CMakeFiles/k2_007b_projection_logits_interface.dir/DependInfo.cmake	.cmake	1324	25	025565F73311F015ABBAAA09BBD3D9F8483A9F1807007DE860D84EF701B71414	build_embed_parity/CMakeFiles	UNKNOWN	UNKNOWN	PENDING
000637	build_embed_parity/CMakeFiles/k2_007_real_output_projection.dir/cmake_clean.cmake	.cmake	898	17	8F79027BD6272FEC47D9F0CEA995D89F9DD38CF674D18064DA57FB49C54EA7F2	build_embed_parity/CMakeFiles	UNKNOWN	UNKNOWN	PENDING
000638	build_embed_parity/CMakeFiles/k2_007_real_output_projection.dir/DependInfo.cmake	.cmake	1270	25	F4F7D93BA77C8EBA31442A25BDAE707E8D5707C69AB371571F0C2989A59CF6A6	build_embed_parity/CMakeFiles	UNKNOWN	UNKNOWN	PENDING
000639	build_embed_parity/CMakeFiles/k2_008_end_to_end_semantic_generation.dir/cmake_clean.cmake	.cmake	1002	17	41A01BFDBF71B50CAEAB8AD3138FC844B7EA810BD9CD0F270A6B14E7E94F011C	build_embed_parity/CMakeFiles	UNKNOWN	UNKNOWN	PENDING
000640	build_embed_parity/CMakeFiles/k2_008_end_to_end_semantic_generation.dir/DependInfo.cmake	.cmake	1342	25	7A2579DB75502645B887D7F069CEA1C357A580CC915EF1D7E51CC4E1D8A005D0	build_embed_parity/CMakeFiles	UNKNOWN	UNKNOWN	PENDING
000641	build_embed_parity/CMakeFiles/k2_009_token_embedding_lookup.dir/cmake_clean.cmake	.cmake	898	17	8FF53304F018A466EE59C0BA88EFB2DB1F8E591F07511191A1126997B65A1FFA	build_embed_parity/CMakeFiles	UNKNOWN	UNKNOWN	PENDING
000642	build_embed_parity/CMakeFiles/k2_009_token_embedding_lookup.dir/DependInfo.cmake	.cmake	1270	25	3E2E1DDA4DE3FFFD2D19369447A0AE8E74738727D0EF4E4C9C729B77DD2E6BF1	build_embed_parity/CMakeFiles	UNKNOWN	UNKNOWN	PENDING
000643	build_embed_parity/CMakeFiles/k2_native_smoke_test.dir/cmake_clean.cmake	.cmake	1853	31	6D33F07BD4B5581DBA7797BC426B419683B4F838AD9EBC0EDF62BBD04E5CCE50	build_embed_parity/CMakeFiles	UNKNOWN	UNKNOWN	PENDING
000644	build_embed_parity/CMakeFiles/k2_native_smoke_test.dir/DependInfo.cmake	.cmake	4365	79	D47BFFF0D105433FCD492C9A01FD17D9B1A64A31EF4D7DAE5F0F91A6EB4668C2	build_embed_parity/CMakeFiles	UNKNOWN	UNKNOWN	PENDING
000645	build_embed_parity/CMakeFiles/k2_runtime_validation.dir/cmake_clean.cmake	.cmake	1880	31	B9A97E60C621A65C3EB22B0DE02E0D451BB68D78882D59EB387646948592EFC0	build_embed_parity/CMakeFiles	UNKNOWN	UNKNOWN	PENDING
000646	build_embed_parity/CMakeFiles/k2_runtime_validation.dir/DependInfo.cmake	.cmake	4388	79	B69991DAF0E2EFA4F44B7643BB32AA7D3D2A643D8B984347BD10F3F49422B2D1	build_embed_parity/CMakeFiles	UNKNOWN	UNKNOWN	PENDING
000647	build_embed_parity/CMakeFiles/k2_tls_smoke_test.dir/cmake_clean.cmake	.cmake	470	13	6B9662FC9DED1027B05911F8B82D3F5CBDB82A3B5C556F0EFCC5A6388DBB6542	build_embed_parity/CMakeFiles	UNKNOWN	UNKNOWN	PENDING
000648	build_embed_parity/CMakeFiles/k2_tls_smoke_test.dir/DependInfo.cmake	.cmake	798	23	5EB8485076C5A434264303D20A9F829A2D5315A6AB12453BD27482EC63708E83	build_embed_parity/CMakeFiles	UNKNOWN	UNKNOWN	PENDING
000649	build_embed_parity/CMakeFiles/masm_kernels.dir/cmake_clean.cmake	.cmake	161	5	3716C08F6F2BC0780EC67C3BFA5B2CB6515363DA5E8A6421CCFE4AC9F67DE3A4	build_embed_parity/CMakeFiles	UNKNOWN	UNKNOWN	PENDING
000650	build_embed_parity/CMakeFiles/masm_kernels.dir/DependInfo.cmake	.cmake	607	22	C4D47CEBAA92654FBB1EDFC1EDDFB8ED0F5F9C36904A25BBD657280F4FC44067	build_embed_parity/CMakeFiles	UNKNOWN	UNKNOWN	PENDING
000651	build_embed_parity/CMakeFiles/mla_cert_001.dir/cmake_clean.cmake	.cmake	419	13	45BF381CBE7DBA7873261F3D9A7142FAD64A1275580798EC8733EA8C4AB71148	build_embed_parity/CMakeFiles	UNKNOWN	UNKNOWN	PENDING
000652	build_embed_parity/CMakeFiles/mla_cert_001.dir/DependInfo.cmake	.cmake	773	23	D11F61483806D8F27E36658A09C82A18C6EC682599E4F67060F74340820392DE	build_embed_parity/CMakeFiles	UNKNOWN	UNKNOWN	PENDING
000653	build_embed_parity/CMakeFiles/native_toolchain_cert.dir/cmake_clean.cmake	.cmake	516	13	75964A93995659D6F9462B311166A42ABC38E61925A236978EA439F54012629F	build_embed_parity/CMakeFiles	UNKNOWN	UNKNOWN	PENDING
000654	build_embed_parity/CMakeFiles/native_toolchain_cert.dir/DependInfo.cmake	.cmake	842	23	B3BC955E12D6753F0C87A6103B20F7108E717E57BA462C1883033EDC4494E7FC	build_embed_parity/CMakeFiles	UNKNOWN	UNKNOWN	PENDING
000655	build_embed_parity/CMakeFiles/nevm_determinism_validation.dir/cmake_clean.cmake	.cmake	554	13	6FB1FEEB4E49430CF5DD8D63610E7618D0A8342BFB09984369CE7D45BAAC0C8C	build_embed_parity/CMakeFiles	UNKNOWN	UNKNOWN	PENDING
000656	build_embed_parity/CMakeFiles/nevm_determinism_validation.dir/DependInfo.cmake	.cmake	848	23	FDFAC3ACA26BE56924BB12534695C037378869470E7882D5B36E225AA6CBE884	build_embed_parity/CMakeFiles	UNKNOWN	UNKNOWN	PENDING
000657	build_embed_parity/CMakeFiles/nevm_stress_test.dir/cmake_clean.cmake	.cmake	455	13	906703CCCA447C327978E7F6AB6CE2D7145B75C4726306B5168CC77293079720	build_embed_parity/CMakeFiles	UNKNOWN	UNKNOWN	PENDING
000658	build_embed_parity/CMakeFiles/nevm_stress_test.dir/DependInfo.cmake	.cmake	793	23	4F019B7D08BD16CB7B0C4A5F7AA73A8A9FC5AE745BF1D053D8EA435144D3A369	build_embed_parity/CMakeFiles	UNKNOWN	UNKNOWN	PENDING
000659	build_embed_parity/CMakeFiles/p1_cpu_loadmodel_harness.dir/cmake_clean.cmake	.cmake	527	13	F58434F2892459F522DEC1C25AB5289C34786F1496581933FFC4338FEFD61901	build_embed_parity/CMakeFiles	UNKNOWN	UNKNOWN	PENDING
000660	build_embed_parity/CMakeFiles/p1_cpu_loadmodel_harness.dir/DependInfo.cmake	.cmake	833	23	AEF5782857EBCFC312239F5DE4DF35B089C49A617FA28578F8CD322F3D5410FA	build_embed_parity/CMakeFiles	UNKNOWN	UNKNOWN	PENDING
000661	build_embed_parity/CMakeFiles/q4_preprocessed_avx512.dir/cmake_clean.cmake	.cmake	361	10	00F1EAA08E25B46132EEEC6FF19BE9230FBD091FD320DCB7CB00CBE04B018AC6	build_embed_parity/CMakeFiles	UNKNOWN	UNKNOWN	PENDING
000662	build_embed_parity/CMakeFiles/q4_preprocessed_avx512.dir/cmake_clean_target.cmake	.cmake	60	3	A1545F5486A32D1A3AB18F1EE8211DDE023DA2952D0F9C27C7EA8670A4309C78	build_embed_parity/CMakeFiles	UNKNOWN	UNKNOWN	PENDING
000663	build_embed_parity/CMakeFiles/q4_preprocessed_avx512.dir/DependInfo.cmake	.cmake	2113	59	AF4ACE4AAD10F7F5EE5097D2E2C30111FF6DEEDB7A711E96BA30750E00ABAF4E	build_embed_parity/CMakeFiles	UNKNOWN	UNKNOWN	PENDING
000664	build_embed_parity/CMakeFiles/rawr-server.dir/cmake_clean.cmake	.cmake	586	15	30777E428B731F9F755B3DE94691387F845B694E400DF35857885AD6641723A6	build_embed_parity/CMakeFiles	UNKNOWN	UNKNOWN	PENDING
000665	build_embed_parity/CMakeFiles/rawr-server.dir/DependInfo.cmake	.cmake	1016	24	2E2FDAA46462F590D5296E4EEF52F9308D145FB86F8793F6121A6CF0F08C0261	build_embed_parity/CMakeFiles	UNKNOWN	UNKNOWN	PENDING
000666	build_embed_parity/CMakeFiles/RawrEngine.dir/cmake_clean.cmake	.cmake	34931	507	CACA3A4D1CFE993E5ECDFFD4B5FD6D2F9F00F5E3E5CAD0AB881B2B4B6F24B9F6	build_embed_parity/CMakeFiles	UNKNOWN	UNKNOWN	PENDING
000667	build_embed_parity/CMakeFiles/RawrEngine.dir/DependInfo.cmake	.cmake	52852	374	E66D6DBB76E7D07844B58D1D8431CDAA8D868795A8B6B9D7810DCC1EE7CB9D04	build_embed_parity/CMakeFiles	UNKNOWN	UNKNOWN	PENDING
000668	build_embed_parity/CMakeFiles/RawrXD-AutoFixCLI.dir/cmake_clean.cmake	.cmake	632	15	D1298A951B918B1E0BAE29E54AD65CF665CF00E0ADB7280B1405F075FA76B7CE	build_embed_parity/CMakeFiles	UNKNOWN	UNKNOWN	PENDING
000669	build_embed_parity/CMakeFiles/RawrXD-AutoFixCLI.dir/DependInfo.cmake	.cmake	1028	24	BC7B0E0FD142188C1AE1F3DEA4E2DC12CF705D3C2A3AB074A47F8239156FCE75	build_embed_parity/CMakeFiles	UNKNOWN	UNKNOWN	PENDING
000670	build_embed_parity/CMakeFiles/RawrXD-Generate.dir/cmake_clean.cmake	.cmake	474	13	67D44A204C9499A86440B58DFB6CEC0387FF781F5B5EF4D399B15D79F3E84792	build_embed_parity/CMakeFiles	UNKNOWN	UNKNOWN	PENDING
000671	build_embed_parity/CMakeFiles/RawrXD-Generate.dir/DependInfo.cmake	.cmake	830	23	E686992F79761194E87BE057FD04D0C67975B26AE3B0432E07DC8C2DD78C6005	build_embed_parity/CMakeFiles	UNKNOWN	UNKNOWN	PENDING
000672	build_embed_parity/CMakeFiles/RawrXD-GoldenRecoveryTests.dir/cmake_clean.cmake	.cmake	2025	27	CA30C27A3B64D58B403C7C001E4CE8D2F6F70D39147F81153A1A967281B1A938	build_embed_parity/CMakeFiles	UNKNOWN	UNKNOWN	PENDING
000673	build_embed_parity/CMakeFiles/RawrXD-GoldenRecoveryTests.dir/DependInfo.cmake	.cmake	2837	30	83C7353D0021B4D4CDC42E224CB6567B9687FC7E8BC98997B0697CAF464C846E	build_embed_parity/CMakeFiles	UNKNOWN	UNKNOWN	PENDING
000674	build_embed_parity/CMakeFiles/rawrxd-matmul-spv.dir/cmake_clean.cmake	.cmake	255	9	EA8A43A97DB5E0E8782ECCC94A42E908AE01341BE468F1A96C25D941DB01BC88	build_embed_parity/CMakeFiles	UNKNOWN	UNKNOWN	PENDING
000675	build_embed_parity/CMakeFiles/rawrxd-matmul-spv.dir/DependInfo.cmake	.cmake	607	22	C4D47CEBAA92654FBB1EDFC1EDDFB8ED0F5F9C36904A25BBD657280F4FC44067	build_embed_parity/CMakeFiles	UNKNOWN	UNKNOWN	PENDING
000676	build_embed_parity/CMakeFiles/RawrXD-ModelAnalysisLib.dir/cmake_clean.cmake	.cmake	577	13	148E8D3E2C91C65A2065CE96254A4B9E1FCA5C8C656173A435EC6011CD166463	build_embed_parity/CMakeFiles	UNKNOWN	UNKNOWN	PENDING
000677	build_embed_parity/CMakeFiles/RawrXD-ModelAnalysisLib.dir/cmake_clean_target.cmake	.cmake	57	3	C09142E12260361705843579EB8B295769425598BCC4CDE67097C3F8470EAA65	build_embed_parity/CMakeFiles	UNKNOWN	UNKNOWN	PENDING
000678	build_embed_parity/CMakeFiles/RawrXD-ModelAnalysisLib.dir/DependInfo.cmake	.cmake	1019	24	F74EDDCC902E5E4682B5A4C9109E747FEF779E175089364A5650675294131C3C	build_embed_parity/CMakeFiles	UNKNOWN	UNKNOWN	PENDING
000679	build_embed_parity/CMakeFiles/RawrXD-ProductionBenchmark.dir/cmake_clean.cmake	.cmake	4699	63	6BC5DC0B3754E15DB105206A82DDAAE94D7088015ECC4379F8BC0A04A53472D3	build_embed_parity/CMakeFiles	UNKNOWN	UNKNOWN	PENDING
000680	build_embed_parity/CMakeFiles/RawrXD-ProductionBenchmark.dir/DependInfo.cmake	.cmake	8843	99	1D9D6AABEAC3D9EAD6D4ED4554DD0ED323BCB3D8B2D22108D5DD5B9AA9548EA9	build_embed_parity/CMakeFiles	UNKNOWN	UNKNOWN	PENDING
000681	build_embed_parity/CMakeFiles/RawrXD-ProductionCertTest.dir/cmake_clean.cmake	.cmake	528	13	08F40C0757FD694BF74150F02D3FF89D086AB1FA1F6A6A0C789F97BE729B9DC9	build_embed_parity/CMakeFiles	UNKNOWN	UNKNOWN	PENDING
000682	build_embed_parity/CMakeFiles/RawrXD-ProductionCertTest.dir/DependInfo.cmake	.cmake	826	23	C82D240C0A18BA4C8CC1C7C53D3B967367923F677EDFF033777AEFC8B5242394	build_embed_parity/CMakeFiles	UNKNOWN	UNKNOWN	PENDING
000683	build_embed_parity/CMakeFiles/rawrxd-test-spv.dir/cmake_clean.cmake	.cmake	250	9	C5D3CAD8D463071E37C08D69F6D87CA4CC8E757F056DCE39E8E07E4ACF662948	build_embed_parity/CMakeFiles	UNKNOWN	UNKNOWN	PENDING
000684	build_embed_parity/CMakeFiles/rawrxd-test-spv.dir/DependInfo.cmake	.cmake	607	22	C4D47CEBAA92654FBB1EDFC1EDDFB8ED0F5F9C36904A25BBD657280F4FC44067	build_embed_parity/CMakeFiles	UNKNOWN	UNKNOWN	PENDING
000685	build_embed_parity/CMakeFiles/RawrXD-TpsSmoke.dir/cmake_clean.cmake	.cmake	742	17	2DA8129459A98ED1892B6006A76C70486ADD62EFF6325EF29E9272DE22679D90	build_embed_parity/CMakeFiles	UNKNOWN	UNKNOWN	PENDING
000686	build_embed_parity/CMakeFiles/RawrXD-TpsSmoke.dir/DependInfo.cmake	.cmake	1192	25	EFDF430000D21FFF0F3A37D434F1AFD0A2CBD02E07F848F98B533D18786771B8	build_embed_parity/CMakeFiles	UNKNOWN	UNKNOWN	PENDING
000687	build_embed_parity/CMakeFiles/rawrxd.dir/cmake_clean.cmake	.cmake	3351	59	876BCD6B4163CF373DAB8E55C5FFF67F00A5BAF48B6FAB636602D29AE2E8A6C6	build_embed_parity/CMakeFiles	UNKNOWN	UNKNOWN	PENDING
000688	build_embed_parity/CMakeFiles/rawrxd.dir/DependInfo.cmake	.cmake	4969	46	2070E518C41C3135B5A74174D8545169F13226583F6DFBF17211301C646A98D2	build_embed_parity/CMakeFiles	UNKNOWN	UNKNOWN	PENDING
000689	build_embed_parity/CMakeFiles/RawrXD_Compression.dir/cmake_clean.cmake	.cmake	418	11	E8EE6CA5C4900ACCFC944A135C723F49D130E7DB7BB0D040E90F501E6BE2EFBB	build_embed_parity/CMakeFiles	UNKNOWN	UNKNOWN	PENDING
000690	build_embed_parity/CMakeFiles/RawrXD_Compression.dir/cmake_clean_target.cmake	.cmake	52	3	EE5DDDD49C4AD54095DE3C055C27631051086CD6FAEE87A8B5FB048CB9897A22	build_embed_parity/CMakeFiles	UNKNOWN	UNKNOWN	PENDING
000691	build_embed_parity/CMakeFiles/RawrXD_Compression.dir/DependInfo.cmake	.cmake	836	23	01C837E20968B67D7AD2EB51C1D3D30E34B8F38B2A1F3EFD82BD0717A9B74FE9	build_embed_parity/CMakeFiles	UNKNOWN	UNKNOWN	PENDING
000692	build_embed_parity/CMakeFiles/RawrXD_Gold.dir/cmake_clean.cmake	.cmake	35629	514	D137727155A7E37A6B662854F6D7DE12586E0C16F6AD05561E4E1D6D104D431E	build_embed_parity/CMakeFiles	UNKNOWN	UNKNOWN	PENDING
000693	build_embed_parity/CMakeFiles/RawrXD_Gold.dir/DependInfo.cmake	.cmake	55216	381	9DE8365599001D0A3B0F31BBE46EC1E912C705620D7DFA911438EEB0A01A3C4A	build_embed_parity/CMakeFiles	UNKNOWN	UNKNOWN	PENDING
000694	build_embed_parity/CMakeFiles/rawrxd_real_gguf_parity.dir/cmake_clean.cmake	.cmake	508	13	8BC8E6629F4DD67AE44AC2DDC0C711860FE4E21D4B586209881001161ED217BD	build_embed_parity/CMakeFiles	UNKNOWN	UNKNOWN	PENDING
000695	build_embed_parity/CMakeFiles/rawrxd_real_gguf_parity.dir/DependInfo.cmake	.cmake	813	23	9659BB14E75FB16C8A0FDC4C19F5E182645D1E11FEFFCEECD5B0357323EBDC9C	build_embed_parity/CMakeFiles	UNKNOWN	UNKNOWN	PENDING
000696	build_embed_parity/CMakeFiles/rawr_product_pipe_x64_asm.dir/cmake_clean.cmake	.cmake	174	5	76E5DC99471C57573EE30C89E3C6166260FD5151CACB79AEB198E63C490EF7EE	build_embed_parity/CMakeFiles	UNKNOWN	UNKNOWN	PENDING
000697	build_embed_parity/CMakeFiles/rawr_product_pipe_x64_asm.dir/DependInfo.cmake	.cmake	607	22	C4D47CEBAA92654FBB1EDFC1EDDFB8ED0F5F9C36904A25BBD657280F4FC44067	build_embed_parity/CMakeFiles	UNKNOWN	UNKNOWN	PENDING
000698	build_embed_parity/CMakeFiles/rawr_product_x64_asm.dir/cmake_clean.cmake	.cmake	169	5	C449CDAF2C7B1173ACF904DACD56D3A10B6379E1611A00AD19401C05B5759ECD	build_embed_parity/CMakeFiles	UNKNOWN	UNKNOWN	PENDING
000699	build_embed_parity/CMakeFiles/rawr_product_x64_asm.dir/DependInfo.cmake	.cmake	607	22	C4D47CEBAA92654FBB1EDFC1EDDFB8ED0F5F9C36904A25BBD657280F4FC44067	build_embed_parity/CMakeFiles	UNKNOWN	UNKNOWN	PENDING
000700	build_embed_parity/CMakeFiles/rawr_shape_legal_asm.dir/cmake_clean.cmake	.cmake	260	9	77D2556693A8F58B1D1B3D2BB569BE3E3AAACF61ECE7D48A1C3365D56679E0E1	build_embed_parity/CMakeFiles	UNKNOWN	UNKNOWN	PENDING
000701	build_embed_parity/CMakeFiles/rawr_shape_legal_asm.dir/DependInfo.cmake	.cmake	607	22	C4D47CEBAA92654FBB1EDFC1EDDFB8ED0F5F9C36904A25BBD657280F4FC44067	build_embed_parity/CMakeFiles	UNKNOWN	UNKNOWN	PENDING
000702	build_embed_parity/CMakeFiles/rawr_term_x64_asm.dir/cmake_clean.cmake	.cmake	247	9	510B64346000DDB1F41F45106D5EDBDD5023F9A54EC5C6D46CC9C03052B0841E	build_embed_parity/CMakeFiles	UNKNOWN	UNKNOWN	PENDING
000703	build_embed_parity/CMakeFiles/rawr_term_x64_asm.dir/DependInfo.cmake	.cmake	607	22	C4D47CEBAA92654FBB1EDFC1EDDFB8ED0F5F9C36904A25BBD657280F4FC44067	build_embed_parity/CMakeFiles	UNKNOWN	UNKNOWN	PENDING
000704	build_embed_parity/CMakeFiles/regen-ssot-beacons.dir/cmake_clean.cmake	.cmake	226	8	9CB4A6CA5983C1F681DDF222049ABA0FA59FC4DAEA75026FA4BB27632BAC53CB	build_embed_parity/CMakeFiles	UNKNOWN	UNKNOWN	PENDING
000705	build_embed_parity/CMakeFiles/regen-ssot-beacons.dir/DependInfo.cmake	.cmake	607	22	C4D47CEBAA92654FBB1EDFC1EDDFB8ED0F5F9C36904A25BBD657280F4FC44067	build_embed_parity/CMakeFiles	UNKNOWN	UNKNOWN	PENDING
000706	build_embed_parity/CMakeFiles/residency_ab_cert.dir/cmake_clean.cmake	.cmake	464	13	1A4371CB4FFC99A691C5950DE142A2AE69CE8ABF345DA672937D3BCCE1AD2808	build_embed_parity/CMakeFiles	UNKNOWN	UNKNOWN	PENDING
000707	build_embed_parity/CMakeFiles/residency_ab_cert.dir/DependInfo.cmake	.cmake	798	23	D0BD0452AF8AC8D7E9B329CB6AC2309EC83757142D0C91D53CBFC65DA1654027	build_embed_parity/CMakeFiles	UNKNOWN	UNKNOWN	PENDING
000708	build_embed_parity/CMakeFiles/self_test_gate.dir/cmake_clean.cmake	.cmake	218	8	A9C2C049FE7FB2055290A67F4388A0220ACBE9D141A7640EEC46A413DBFCFAE6	build_embed_parity/CMakeFiles	UNKNOWN	UNKNOWN	PENDING
000709	build_embed_parity/CMakeFiles/self_test_gate.dir/DependInfo.cmake	.cmake	607	22	C4D47CEBAA92654FBB1EDFC1EDDFB8ED0F5F9C36904A25BBD657280F4FC44067	build_embed_parity/CMakeFiles	UNKNOWN	UNKNOWN	PENDING
000710	build_embed_parity/CMakeFiles/ShowIncludes/foo.h	.h	2	1	7EB70257593DA06F682A3DDDA54A9D260D4FC514F645237F5CA74B08F8DA61A6	build_embed_parity/CMakeFiles	UNKNOWN	UNKNOWN	EXCLUDED_WITH_REASON
000711	build_embed_parity/CMakeFiles/ShowIncludes/main.c	.c	33	2	CDFAB295FC8E12C3ECFB6982F99058F032EE8284926AD71A829E70EA3BF02549	build_embed_parity/CMakeFiles	UNKNOWN	UNKNOWN	PENDING
000712	build_embed_parity/CMakeFiles/smoke_k3c_e2e.dir/cmake_clean.cmake	.cmake	520	13	E6D9BD4C021AF903822D19BC8B82E8607C5683D59E48638880CF885886D069C9	build_embed_parity/CMakeFiles	UNKNOWN	UNKNOWN	PENDING
000713	build_embed_parity/CMakeFiles/smoke_k3c_e2e.dir/DependInfo.cmake	.cmake	916	23	03AC827825235C43B4E946599DD43511E58AA0B8D1C3136E0AF02C36682805D3	build_embed_parity/CMakeFiles	UNKNOWN	UNKNOWN	PENDING
000714	build_embed_parity/CMakeFiles/SwarmSmokeTest.dir/cmake_clean.cmake	.cmake	603	15	7EA0BBA501EF339E3067F096C523A79DA9E466CAEE6B1FC186C1AF5EB032A3A5	build_embed_parity/CMakeFiles	UNKNOWN	UNKNOWN	PENDING
000715	build_embed_parity/CMakeFiles/SwarmSmokeTest.dir/DependInfo.cmake	.cmake	1013	24	1510850843B847232078BA49A8328C121633E4BE26490FC3D9773B9F1CD1EF5C	build_embed_parity/CMakeFiles	UNKNOWN	UNKNOWN	PENDING
000716	build_embed_parity/CMakeFiles/TestMASMInference.dir/cmake_clean.cmake	.cmake	569	14	69AD020C72D971B727FD9CCC1D2EA390029D7468B6D528BEE40F6EBC3E6D5666	build_embed_parity/CMakeFiles	UNKNOWN	UNKNOWN	PENDING
000717	build_embed_parity/CMakeFiles/TestMASMInference.dir/DependInfo.cmake	.cmake	2509	64	5095742B8EDC617F7FA14C2B652A72390B6ED486FA08C501C973C5E581FC7573	build_embed_parity/CMakeFiles	UNKNOWN	UNKNOWN	PENDING
000718	build_embed_parity/CMakeFiles/test_attn_out_bisect.dir/cmake_clean.cmake	.cmake	499	13	E8E5DB003B67F18A69522F2830A6F5869A8F353E9BBBB9407C8B186640AA1095	build_embed_parity/CMakeFiles	UNKNOWN	UNKNOWN	PENDING
000719	build_embed_parity/CMakeFiles/test_attn_out_bisect.dir/DependInfo.cmake	.cmake	825	23	883F8881648692376971093F39CA3B86A17499933018C4768B7272584FC5593D	build_embed_parity/CMakeFiles	UNKNOWN	UNKNOWN	PENDING
000720	build_embed_parity/CMakeFiles/test_autonomous_pipeline.dir/cmake_clean.cmake	.cmake	711	15	32F38F4AF17F1BEF4D9EA4167B42E9F5367635CBC1C8CD90EC713C525CD42CD1	build_embed_parity/CMakeFiles	UNKNOWN	UNKNOWN	PENDING
000721	build_embed_parity/CMakeFiles/test_autonomous_pipeline.dir/DependInfo.cmake	.cmake	1080	24	1B5B86CD6523100FC2EE9A1DE489E4483063000217F5A1D8F6E9020BE17766C7	build_embed_parity/CMakeFiles	UNKNOWN	UNKNOWN	PENDING
000722	build_embed_parity/CMakeFiles/test_embed_parity.dir/cmake_clean.cmake	.cmake	464	13	0412D6992DE4B40E37A11BB465B46ED53FF732A7819FFB1845F235E966CAD264	build_embed_parity/CMakeFiles	UNKNOWN	UNKNOWN	PENDING
000723	build_embed_parity/CMakeFiles/test_embed_parity.dir/DependInfo.cmake	.cmake	798	23	5B6D44FED1C745B69B71077D66F374EB41ADDA6A5D48F96D76BE2089DEF2830D	build_embed_parity/CMakeFiles	UNKNOWN	UNKNOWN	PENDING
000724	build_embed_parity/CMakeFiles/test_gguf_metadata_bounds.dir/cmake_clean.cmake	.cmake	536	13	805C32B00CFF4D9F6C2A868028F14B7918215FFF300684ADFCDCA907BBEE5089	build_embed_parity/CMakeFiles	UNKNOWN	UNKNOWN	PENDING
000725	build_embed_parity/CMakeFiles/test_gguf_metadata_bounds.dir/DependInfo.cmake	.cmake	838	23	A573A732D3845DCC525FC40E74CB45D1231DC08A87F8BDB3D727945FB46D71B8	build_embed_parity/CMakeFiles	UNKNOWN	UNKNOWN	PENDING
000726	build_embed_parity/CMakeFiles/test_gguf_tensor_bounds.dir/cmake_clean.cmake	.cmake	518	13	FCA2446FB5748AECCF1E88C8BD01A93F6B153DD9BCAC017E4003CE0A11583159	build_embed_parity/CMakeFiles	UNKNOWN	UNKNOWN	PENDING
000727	build_embed_parity/CMakeFiles/test_gguf_tensor_bounds.dir/DependInfo.cmake	.cmake	828	23	80C71C0AFEBB585135D946F5A813E846FA1D7474CD2D7B8CE20A3394C0B96082	build_embed_parity/CMakeFiles	UNKNOWN	UNKNOWN	PENDING
000728	build_embed_parity/CMakeFiles/test_gguf_tokenizer_bounds.dir/cmake_clean.cmake	.cmake	733	15	03AF0A14BE31285B324E43555997472956DD17EE6F4FEAD3FD21C35AC23F3562	build_embed_parity/CMakeFiles	UNKNOWN	UNKNOWN	PENDING
000729	build_embed_parity/CMakeFiles/test_gguf_tokenizer_bounds.dir/DependInfo.cmake	.cmake	1094	24	C34197B2F8462DAEB63C448583D89E0E0A0D592F2CE21E4B6B0784F91F5140A6	build_embed_parity/CMakeFiles	UNKNOWN	UNKNOWN	PENDING
000730	build_embed_parity/CMakeFiles/test_llama_native.dir/cmake_clean.cmake	.cmake	1888	33	86FDCA46FF8175A3B0317EE69AB097818BC0A81152C801DBE64C44DF7374ADEC	build_embed_parity/CMakeFiles	UNKNOWN	UNKNOWN	PENDING
000731	build_embed_parity/CMakeFiles/test_llama_native.dir/DependInfo.cmake	.cmake	2705	33	270F699DCAFC5CC20504C4AF691F32095FE2BB5F577EF653981D13B51F1BA63D	build_embed_parity/CMakeFiles	UNKNOWN	UNKNOWN	PENDING
000732	build_embed_parity/CMakeFiles/test_omega1_bridge.dir/cmake_clean.cmake	.cmake	473	13	71F4B6755CE82996D75A846D864DD079276935429A57BE35769E2242826F1077	build_embed_parity/CMakeFiles	UNKNOWN	UNKNOWN	PENDING
000733	build_embed_parity/CMakeFiles/test_omega1_bridge.dir/DependInfo.cmake	.cmake	803	23	6F34649FCF6F74497D12E200674EC8506DFE24B997ACF9E0422144F6D7631274	build_embed_parity/CMakeFiles	UNKNOWN	UNKNOWN	PENDING
000734	build_embed_parity/CMakeFiles/test_o_proj_gemv.dir/cmake_clean.cmake	.cmake	463	13	B7712EDAF4FF6BE91483230D857AA3916DA264F59F8F2F11F4514972DEF4C793	build_embed_parity/CMakeFiles	UNKNOWN	UNKNOWN	PENDING
000735	build_embed_parity/CMakeFiles/test_o_proj_gemv.dir/DependInfo.cmake	.cmake	805	23	2D3680F0AB46D1B9C6F51DF8F11E41B2034A615801B4AF3264792AF4D987218A	build_embed_parity/CMakeFiles	UNKNOWN	UNKNOWN	PENDING
000736	build_embed_parity/CMakeFiles/test_o_proj_mulmat_002.dir/cmake_clean.cmake	.cmake	517	13	03DDEED332B6D1F38DD80883699C49B492C869F2722C154095D1FACA501D748A	build_embed_parity/CMakeFiles	UNKNOWN	UNKNOWN	PENDING
000737	build_embed_parity/CMakeFiles/test_o_proj_mulmat_002.dir/DependInfo.cmake	.cmake	835	23	7EC4111244B6E4CA0380396961C5F464A2BE7CD53D019FFA2A261EAAAA60F4D2	build_embed_parity/CMakeFiles	UNKNOWN	UNKNOWN	PENDING
000738	build_embed_parity/CMakeFiles/test_parseheader_bounds.dir/cmake_clean.cmake	.cmake	518	13	253FDC77045C7B0DA2D9E62884A916878D3105F6134F8731902EA161287266BC	build_embed_parity/CMakeFiles	UNKNOWN	UNKNOWN	PENDING
000739	build_embed_parity/CMakeFiles/test_parseheader_bounds.dir/DependInfo.cmake	.cmake	828	23	4368F35EC7416132512EB6E3A94C2618F99B1DD5F792939F8B106E9E85193256	build_embed_parity/CMakeFiles	UNKNOWN	UNKNOWN	PENDING
000740	build_embed_parity/CMakeFiles/test_parseheader_fuzz.dir/cmake_clean.cmake	.cmake	500	13	CB62783740920CBA9634A9E96EBB823343B8007723ED6F858A132E0D0996F4F6	build_embed_parity/CMakeFiles	UNKNOWN	UNKNOWN	PENDING
000741	build_embed_parity/CMakeFiles/test_parseheader_fuzz.dir/DependInfo.cmake	.cmake	818	23	4A9D6C89E8372B13386D3AB0B822460137A1C32BD9A6F82F42874C7A31D8C918	build_embed_parity/CMakeFiles	UNKNOWN	UNKNOWN	PENDING
000742	build_embed_parity/CMakeFiles/test_q2k_single_tensor_oracle.dir/cmake_clean.cmake	.cmake	580	13	77E6AEEC740EA4EF682CD030D0F6E0F594C235631108B9645622AD8992395391	build_embed_parity/CMakeFiles	UNKNOWN	UNKNOWN	PENDING
000743	build_embed_parity/CMakeFiles/test_q2k_single_tensor_oracle.dir/DependInfo.cmake	.cmake	870	23	3CD72F01444630C290FF92CD08027AB960DD861C4BDB5F452A16C61F3F7F8316	build_embed_parity/CMakeFiles	UNKNOWN	UNKNOWN	PENDING
000744	build_embed_parity/CMakeFiles/test_q4k_decoder.dir/cmake_clean.cmake	.cmake	729	17	F707041034F960B24690DA5857FE14F2BB91EF94B624873EAA74BBFB18A2C515	build_embed_parity/CMakeFiles	UNKNOWN	UNKNOWN	PENDING
000745	build_embed_parity/CMakeFiles/test_q4k_decoder.dir/DependInfo.cmake	.cmake	1153	25	B267498BE569EBD814C3206F518D91E1B110B8B042F00484873034D804E52315	build_embed_parity/CMakeFiles	UNKNOWN	UNKNOWN	PENDING
000746	build_embed_parity/CMakeFiles/test_q4_asm_debug.dir/cmake_clean.cmake	.cmake	464	13	D2BD492C253202A1F8AF080AEAD9E970CD0F1DD759CD2883EC874B4A16244E97	build_embed_parity/CMakeFiles	UNKNOWN	UNKNOWN	PENDING
000747	build_embed_parity/CMakeFiles/test_q4_asm_debug.dir/DependInfo.cmake	.cmake	798	23	A1F6B410F79957C68D78C425065C8D5FC44668FF120DB6B3F5CFEC2711D2EC67	build_embed_parity/CMakeFiles	UNKNOWN	UNKNOWN	PENDING
000748	build_embed_parity/CMakeFiles/test_q4_cache_alignment.dir/cmake_clean.cmake	.cmake	518	13	8FEEE12E2F643423AC955D2797D431D093C3EDAEC0C9C7F9AAC7A50DB3567DD9	build_embed_parity/CMakeFiles	UNKNOWN	UNKNOWN	PENDING
000749	build_embed_parity/CMakeFiles/test_q4_cache_alignment.dir/DependInfo.cmake	.cmake	828	23	633DA9E1B5484C5C26D1BB31F5069634D5BB033DE06290CD0822CAE7CB1ADBA3	build_embed_parity/CMakeFiles	UNKNOWN	UNKNOWN	PENDING
000750	build_embed_parity/CMakeFiles/test_q4_fused_pipeline.dir/cmake_clean.cmake	.cmake	509	13	D14039AEFD44A10F21EF4A4EDDF76731D0AEAC87305927EC17A7A4AF0079B828	build_embed_parity/CMakeFiles	UNKNOWN	UNKNOWN	PENDING
000751	build_embed_parity/CMakeFiles/test_q4_fused_pipeline.dir/DependInfo.cmake	.cmake	823	23	F764CAA206C0DD9271EAA69FB63EBB7AF295A7DC42570ACC2AE14EE191E96915	build_embed_parity/CMakeFiles	UNKNOWN	UNKNOWN	PENDING
000752	build_embed_parity/CMakeFiles/test_q4_scalar_simd.dir/cmake_clean.cmake	.cmake	482	13	899B2604D6BFB5AD34B908091F6C95E833E8991A75DAC53FD7F002D01708DBAC	build_embed_parity/CMakeFiles	UNKNOWN	UNKNOWN	PENDING
000753	build_embed_parity/CMakeFiles/test_q4_scalar_simd.dir/DependInfo.cmake	.cmake	808	23	13203E2C06D65D2BECA48B1153E31E789DFD9C592755AA391B54CB36066E1145	build_embed_parity/CMakeFiles	UNKNOWN	UNKNOWN	PENDING
000754	build_embed_parity/CMakeFiles/test_q6k_asm_certification.dir/cmake_clean.cmake	.cmake	645	14	0EB119622FCC09EA989420E343D4A1C9832403690A334A06220E59E9D3752A93	build_embed_parity/CMakeFiles	UNKNOWN	UNKNOWN	PENDING
000755	build_embed_parity/CMakeFiles/test_q6k_asm_certification.dir/DependInfo.cmake	.cmake	2343	60	D7DC9F04B13A3170F9993F10FE35B4E3F38D6E84D13099A754711F05F3AD5E3C	build_embed_parity/CMakeFiles	UNKNOWN	UNKNOWN	PENDING
000756	build_embed_parity/CMakeFiles/test_quant_dequant_crosscheck.dir/cmake_clean.cmake	.cmake	578	13	97932A4F707A5DC21054A0778298A4BDEE3F07155975153F57EFC85575D4DBD3	build_embed_parity/CMakeFiles	UNKNOWN	UNKNOWN	PENDING
000757	build_embed_parity/CMakeFiles/test_quant_dequant_crosscheck.dir/DependInfo.cmake	.cmake	858	23	6A32A56CD78B5495041DCC2045E5A145FB4B0B93E3FED03C03FB830D9EE440B2	build_embed_parity/CMakeFiles	UNKNOWN	UNKNOWN	PENDING
000758	build_embed_parity/CMakeFiles/test_tokenizer.dir/cmake_clean.cmake	.cmake	445	13	9931137D1263C4863AC88FF9471B8AB5A5D11E78132B7968DF1D7625149DB6CD	build_embed_parity/CMakeFiles	UNKNOWN	UNKNOWN	PENDING
000759	build_embed_parity/CMakeFiles/test_tokenizer.dir/DependInfo.cmake	.cmake	795	23	9AB9E4612B08CFA3607D026171CA46302EA3BB26DAF39FB4B1AED6F3256D6892	build_embed_parity/CMakeFiles	UNKNOWN	UNKNOWN	PENDING
000760	build_embed_parity/CMakeFiles/test_v_proj_parity.dir/cmake_clean.cmake	.cmake	481	13	092A8F508155F161A10CBC63C8F681D8EB4D7E9886E6A283B8EE6C8102B64076	build_embed_parity/CMakeFiles	UNKNOWN	UNKNOWN	PENDING
000761	build_embed_parity/CMakeFiles/test_v_proj_parity.dir/DependInfo.cmake	.cmake	815	23	0D5FC2128894357B8869AE9D85EFA33C5EC7DC412EE09F2A4427DFA1939185A2	build_embed_parity/CMakeFiles	UNKNOWN	UNKNOWN	PENDING
000762	build_embed_parity/CMakeFiles/tree_attention_masm_val038.dir/cmake_clean.cmake	.cmake	468	12	4C55D047E43D114710C0690E25318C1BB55DFF9319D22FEA90D1099920644B73	build_embed_parity/CMakeFiles	UNKNOWN	UNKNOWN	PENDING
000763	build_embed_parity/CMakeFiles/tree_attention_masm_val038.dir/DependInfo.cmake	.cmake	2153	60	0615307FA901CD91AC27775CDCA40E83D8F2334A9F0664FDB6FE5A83745D6CE4	build_embed_parity/CMakeFiles	UNKNOWN	UNKNOWN	PENDING
000764	build_embed_parity/CMakeFiles/validate_end_to_end.dir/cmake_clean.cmake	.cmake	482	13	506051AB09543B1AF659134F98CB821AD6E3F70E69096DEEDDA62F457B6A6898	build_embed_parity/CMakeFiles	UNKNOWN	UNKNOWN	PENDING
000765	build_embed_parity/CMakeFiles/validate_end_to_end.dir/DependInfo.cmake	.cmake	808	23	B89C4873C874A83078B2A2D26AEA7F046720D3A2C13B4F161E3F972B29B8B34C	build_embed_parity/CMakeFiles	UNKNOWN	UNKNOWN	PENDING
000766	build_embed_parity/CMakeFiles/validate_registry.dir/cmake_clean.cmake	.cmake	224	8	6248E01AAA30C12BCF582249631CBCC3DC24030A3EBACEE1E4FA7A1F4D163E88	build_embed_parity/CMakeFiles	UNKNOWN	UNKNOWN	PENDING
000767	build_embed_parity/CMakeFiles/validate_registry.dir/DependInfo.cmake	.cmake	607	22	C4D47CEBAA92654FBB1EDFC1EDDFB8ED0F5F9C36904A25BBD657280F4FC44067	build_embed_parity/CMakeFiles	UNKNOWN	UNKNOWN	PENDING
000768	build_embed_parity/CMakeFiles/validate_registry_strict.dir/cmake_clean.cmake	.cmake	238	8	827F91F368C93CECFA3B7124FB45CDC00ED0570752AD00CABF2F2C0312CAE320	build_embed_parity/CMakeFiles	UNKNOWN	UNKNOWN	PENDING
000769	build_embed_parity/CMakeFiles/validate_registry_strict.dir/DependInfo.cmake	.cmake	607	22	C4D47CEBAA92654FBB1EDFC1EDDFB8ED0F5F9C36904A25BBD657280F4FC44067	build_embed_parity/CMakeFiles	UNKNOWN	UNKNOWN	PENDING
000770	build_embed_parity/CMakeFiles/validate_val051_evidence.dir/cmake_clean.cmake	.cmake	527	13	E2BC79AF21BF3CCB7ADA96F3FF5C6094C498848A344B3D8296C7863626A37E72	build_embed_parity/CMakeFiles	UNKNOWN	UNKNOWN	PENDING
000771	build_embed_parity/CMakeFiles/validate_val051_evidence.dir/DependInfo.cmake	.cmake	833	23	830966099A768E4BF6AE38C66CBEC4D3596479C89A7F8633688FCAB0F8C10CDF	build_embed_parity/CMakeFiles	UNKNOWN	UNKNOWN	PENDING
000772	build_embed_parity/CMakeFiles/val_051_2_a_real_token.dir/cmake_clean.cmake	.cmake	689	15	E301019174F259CFA85D9FF77C9C671B6BE61A01437C7A4CD7553285D961E344	build_embed_parity/CMakeFiles	UNKNOWN	UNKNOWN	PENDING
000773	build_embed_parity/CMakeFiles/val_051_2_a_real_token.dir/DependInfo.cmake	.cmake	1066	24	A94BDDE3C480C105E352ED17D7AA912C5A7712EBADF19A4E547C90D6A12E0A60	build_embed_parity/CMakeFiles	UNKNOWN	UNKNOWN	PENDING
000774	build_embed_parity/CMakeFiles/val_051_5_32_token_kv_stability.dir/cmake_clean.cmake	.cmake	788	15	9799A71660BFE2C873F886F9DCAAC83A2FF299C30ECF917029C8BDA791765B5A	build_embed_parity/CMakeFiles	UNKNOWN	UNKNOWN	PENDING
000775	build_embed_parity/CMakeFiles/val_051_5_32_token_kv_stability.dir/DependInfo.cmake	.cmake	1129	24	49627CB5BD20E8B3D58E803BBDE3E498ED501D8DB151DC3E42D4692519B8A8F4	build_embed_parity/CMakeFiles	UNKNOWN	UNKNOWN	PENDING
000776	build_embed_parity/CMakeFiles/val_051_6_15_token_kv.dir/cmake_clean.cmake	.cmake	678	15	3EB967CD35EDE1D41E793715682C15E901A7DAFD2299121BD1DD0411B59236E8	build_embed_parity/CMakeFiles	UNKNOWN	UNKNOWN	PENDING
000777	build_embed_parity/CMakeFiles/val_051_6_15_token_kv.dir/DependInfo.cmake	.cmake	1059	24	170FEC3B8878A81E21425D29668D3FF152BA1F2A976CB56BE38369DD2C7608B3	build_embed_parity/CMakeFiles	UNKNOWN	UNKNOWN	PENDING
000778	build_embed_parity/CMakeFiles/val_051_7_residency_baseline.dir/cmake_clean.cmake	.cmake	755	15	3E7710D5CBE83DD2EB1EFF9F93A153E44037C2C3E25EA6423CE267BA3853DBF3	build_embed_parity/CMakeFiles	UNKNOWN	UNKNOWN	PENDING
000779	build_embed_parity/CMakeFiles/val_051_7_residency_baseline.dir/DependInfo.cmake	.cmake	1108	24	B676B9633CEA3DC482023F8B05388CE99F8AF3930B3BF79526A79B91B2842317	build_embed_parity/CMakeFiles	UNKNOWN	UNKNOWN	PENDING
000780	build_embed_parity/CMakeFiles/verify-ssot-ext-ownership.dir/cmake_clean.cmake	.cmake	240	8	EE31F14BC40E382D924FC1EEEC65372A36A4C3269F8D093F8809E6998E3184DB	build_embed_parity/CMakeFiles	UNKNOWN	UNKNOWN	PENDING
000781	build_embed_parity/CMakeFiles/verify-ssot-ext-ownership.dir/DependInfo.cmake	.cmake	607	22	C4D47CEBAA92654FBB1EDFC1EDDFB8ED0F5F9C36904A25BBD657280F4FC44067	build_embed_parity/CMakeFiles	UNKNOWN	UNKNOWN	PENDING
000782	build_embed_parity/CMakeFiles/witness_system_test.dir/cmake_clean.cmake	.cmake	484	13	C8D4D2046C354AC213B7A91B188A42BF416194C00F14923058A44EF584D42717	build_embed_parity/CMakeFiles	UNKNOWN	UNKNOWN	PENDING
000783	build_embed_parity/CMakeFiles/witness_system_test.dir/DependInfo.cmake	.cmake	811	23	8C0051AD45F4D1D82303B9747B35B33FF388AD8B6ADBD8575F6C2378149690AD	build_embed_parity/CMakeFiles	UNKNOWN	UNKNOWN	PENDING
000784	build_embed_parity/rguf_source/cmake_install.cmake	.cmake	1307	40	69C305F90531ACC8C888E38987CC07D30C7CC9DE7673672D0F5A1E6E08621414	build_embed_parity/rguf_source	UNKNOWN	UNKNOWN	PENDING
000785	build_embed_parity/rguf_source/CMakeFiles/CMakeDirectoryInformation.cmake	.cmake	569	13	598C6E469B31B75F4B032C9421CE426998EB468CDDFE0CA100AA0510E9EA8402	build_embed_parity/rguf_source	UNKNOWN	UNKNOWN	PENDING
000786	build_embed_parity/rguf_source/CMakeFiles/rguf.dir/cmake_clean.cmake	.cmake	570	17	601EC2AA7F4566F7806D58FB559235269AF3F49EA3D232565CBB777D70FC8920	build_embed_parity/rguf_source	UNKNOWN	UNKNOWN	PENDING
000787	build_embed_parity/rguf_source/CMakeFiles/rguf.dir/cmake_clean_target.cmake	.cmake	38	3	8D50EE0F4B75A7BB5E33D74018664DF5F6B52DEE23E440580C685F46F13AA8D7	build_embed_parity/rguf_source	UNKNOWN	UNKNOWN	PENDING
000788	build_embed_parity/rguf_source/CMakeFiles/rguf.dir/DependInfo.cmake	.cmake	1258	26	25C818DA3B8420645347A9584477CD76810F3AB7216812A5BE7D97B1E1CBC126	build_embed_parity/rguf_source	UNKNOWN	UNKNOWN	PENDING
000789	build_embed_parity/rguf_source/CMakeFiles/rguf_tool.dir/cmake_clean.cmake	.cmake	389	13	66EC75C43A5768F35C477412ACA3D3DEACFAE2C6081463C8F5D94574EB1BA34D	build_embed_parity/rguf_source	UNKNOWN	UNKNOWN	PENDING
000790	build_embed_parity/rguf_source/CMakeFiles/rguf_tool.dir/DependInfo.cmake	.cmake	776	23	D639DF54A3745A29975ADF44109F47F4AF4AE6FB77098533855E2F9C42F28AC0	build_embed_parity/rguf_source	UNKNOWN	UNKNOWN	PENDING
000791	build_embed_parity/src/ceo/cmake_install.cmake	.cmake	1767	48	A092FA5A6B9140A032F8416E6A48D9627C9A7CED9974176F14AE52964A856529	build_embed_parity/src	UNKNOWN	UNKNOWN	PENDING
000792	build_embed_parity/src/ceo/CMakeFiles/CMakeDirectoryInformation.cmake	.cmake	569	13	598C6E469B31B75F4B032C9421CE426998EB468CDDFE0CA100AA0510E9EA8402	build_embed_parity/src	UNKNOWN	UNKNOWN	PENDING
000793	build_embed_parity/src/ceo/CMakeFiles/rawrxd_ceo.dir/cmake_clean.cmake	.cmake	762	19	2614A0D6D2A98E4F198E05D9730E34E0974A8FA751044583284D8603AF34CD4A	build_embed_parity/src	UNKNOWN	UNKNOWN	PENDING
000794	build_embed_parity/src/ceo/CMakeFiles/rawrxd_ceo.dir/cmake_clean_target.cmake	.cmake	44	3	18C629D969F4584460426C47455EEF072B0DC99A50D7E0723EFF3C45486ADEA6	build_embed_parity/src	UNKNOWN	UNKNOWN	PENDING
000795	build_embed_parity/src/ceo/CMakeFiles/rawrxd_ceo.dir/DependInfo.cmake	.cmake	1456	27	2B184FC8C6DEC19CDDC85994C9FD2FE8C3C3F6053D4BED052DB785F06DF9F313	build_embed_parity/src	UNKNOWN	UNKNOWN	PENDING
000796	build_embed_parity/src/ceo/CMakeFiles/rawrxd_ceo_cli.dir/cmake_clean.cmake	.cmake	799	19	E5305259C90E09D32DE13D79728962A4C506D67916CA62878D4776B4AB1C93D3	build_embed_parity/src	UNKNOWN	UNKNOWN	PENDING
000797	build_embed_parity/src/ceo/CMakeFiles/rawrxd_ceo_cli.dir/DependInfo.cmake	.cmake	1355	26	BA133605E857871E2E133B8140D54AD28607E8B3B2C144C3BE4128E374B5E2CF	build_embed_parity/src	UNKNOWN	UNKNOWN	PENDING
000798	build_embed_parity/src/generation/cmake_install.cmake	.cmake	1313	40	2ABDCABD01E7DD96581F1C242E8DD888C271B23E8D3CBC739C7DE3B26F572409	build_embed_parity/src	UNKNOWN	UNKNOWN	PENDING
000799	build_embed_parity/src/generation/CMakeFiles/CMakeDirectoryInformation.cmake	.cmake	569	13	598C6E469B31B75F4B032C9421CE426998EB468CDDFE0CA100AA0510E9EA8402	build_embed_parity/src	UNKNOWN	UNKNOWN	PENDING
000800	build_embed_parity/src/repository/cmake_install.cmake	.cmake	1565	44	41D575C2CDF9C3EC8431EE486211CE15FBA50FD721B69863BBB9729BB34608DC	build_embed_parity/src	UNKNOWN	UNKNOWN	PENDING
000801	build_embed_parity/src/repository/CMakeFiles/CMakeDirectoryInformation.cmake	.cmake	569	13	598C6E469B31B75F4B032C9421CE426998EB468CDDFE0CA100AA0510E9EA8402	build_embed_parity/src	UNKNOWN	UNKNOWN	PENDING
000802	build_embed_parity/src/repository/CMakeFiles/rawrxd_repository.dir/cmake_clean.cmake	.cmake	1319	25	58553B9DD6B833767F99BF2ABFB48A6671C677F550E340831EFC10FAB13C6D04	build_embed_parity/src	UNKNOWN	UNKNOWN	PENDING
000803	build_embed_parity/src/repository/CMakeFiles/rawrxd_repository.dir/cmake_clean_target.cmake	.cmake	51	3	D38CE1F5A356994BB36804AB329CBEBDF998AAD286153F8D4FBB8E2EA0A7B622	build_embed_parity/src	UNKNOWN	UNKNOWN	PENDING
000804	build_embed_parity/src/repository/CMakeFiles/rawrxd_repository.dir/DependInfo.cmake	.cmake	2301	30	A7262F2DEF286067ED4DF93200EF24AA66E545A796B0DAF03788A9121C0453A5	build_embed_parity/src	UNKNOWN	UNKNOWN	PENDING
000805	build_embed_parity/src/reverse_engineering/cmake_install.cmake	.cmake	1331	40	0D9E75971836467449442077ECB8AEE33C10B95FEC1E1EDA380BBF5ECF257F4D	build_embed_parity/src	UNKNOWN	UNKNOWN	PENDING
000806	build_embed_parity/src/reverse_engineering/CMakeFiles/CMakeDirectoryInformation.cmake	.cmake	569	13	598C6E469B31B75F4B032C9421CE426998EB468CDDFE0CA100AA0510E9EA8402	build_embed_parity/src	UNKNOWN	UNKNOWN	PENDING
000807	build_embed_parity/src/reverse_engineering/CMakeFiles/RawrXD-RE-Library.dir/cmake_clean.cmake	.cmake	1483	27	E24262997F75070C40821BAD34418516EED5D181F3034FAFC7B990EC08B53B5E	build_embed_parity/src	UNKNOWN	UNKNOWN	PENDING
000808	build_embed_parity/src/reverse_engineering/CMakeFiles/RawrXD-RE-Library.dir/cmake_clean_target.cmake	.cmake	51	3	CFD62D1018989E8921F1AE882A90F9377B6B97ADDD03B824D6D22B4F24B314AA	build_embed_parity/src	UNKNOWN	UNKNOWN	PENDING
000809	build_embed_parity/src/reverse_engineering/CMakeFiles/RawrXD-RE-Library.dir/DependInfo.cmake	.cmake	2842	31	2F642549307A1084DB2C65F7C4BB05E336B61DA39D5262BF6B1CCDFC7CEECA25	build_embed_parity/src	UNKNOWN	UNKNOWN	PENDING
000810	build_embed_parity/src/reverse_engineering/CMakeFiles/re_deobfuscator.dir/cmake_clean.cmake	.cmake	282	10	3BCFFFB728DDAB09FD0DCA9F3535EBDCA08E01A04F4352FCC1CE5686ED97A4E8	build_embed_parity/src	UNKNOWN	UNKNOWN	PENDING
000811	build_embed_parity/src/reverse_engineering/CMakeFiles/re_deobfuscator.dir/DependInfo.cmake	.cmake	607	22	C4D47CEBAA92654FBB1EDFC1EDDFB8ED0F5F9C36904A25BBD657280F4FC44067	build_embed_parity/src	UNKNOWN	UNKNOWN	PENDING
000812	build_embed_parity/src/reverse_engineering/CMakeFiles/re_model_reverse.dir/cmake_clean.cmake	.cmake	251	9	C1153C391A5FABD1BCA0C96D1A83E093D65717B29FFD48A02AE1025B16564D91	build_embed_parity/src	UNKNOWN	UNKNOWN	PENDING
000813	build_embed_parity/src/reverse_engineering/CMakeFiles/re_model_reverse.dir/DependInfo.cmake	.cmake	607	22	C4D47CEBAA92654FBB1EDFC1EDDFB8ED0F5F9C36904A25BBD657280F4FC44067	build_embed_parity/src	UNKNOWN	UNKNOWN	PENDING
000814	build_evidence/CMakeFiles/CMakeConfigureLog.yaml	.yaml	568056	8326	FA8D4B1B89308B0493F7AA3B04DC6884C5250B3A666F14489F0FCBB7610E32A5	build_evidence/CMakeFiles	UNKNOWN	UNKNOWN	PENDING
000815	build_evidence/CMakeFiles/4.4.2/CMakeASM_MASMCompiler.cmake	.cmake	1555	31	2854EEB905485DAFD438E0C81309CB5FEBF71AC879DD3B77F5823D872C31C841	build_evidence/CMakeFiles	UNKNOWN	UNKNOWN	PENDING
000816	build_evidence/CMakeFiles/4.4.2/CMakeCCompiler.cmake	.cmake	3411	86	C96A9C696C6E2168D03B3F7B05F229CAA42F1673D3BDC90BC9BB5C7C0A63631E	build_evidence/CMakeFiles	UNKNOWN	UNKNOWN	PENDING
000817	build_evidence/CMakeFiles/4.4.2/CMakeCXXCompiler.cmake	.cmake	6632	103	3818AE800A1D94F1B189F721136856C561F51E1E9C0562B1C1FD8285A06E357C	build_evidence/CMakeFiles	UNKNOWN	UNKNOWN	PENDING
000818	build_evidence/CMakeFiles/4.4.2/CMakeRCCompiler.cmake	.cmake	276	6	F1C96E7B6BC035D04A44733638743F28BF70450E870A3095A55CFF6AD81924FA	build_evidence/CMakeFiles	UNKNOWN	UNKNOWN	PENDING
000819	build_evidence/CMakeFiles/4.4.2/CMakeSystem.cmake	.cmake	399	15	14F764C3F0C50603F951C55B1787FA383C48D641385221057CD4F25001C4B314	build_evidence/CMakeFiles	UNKNOWN	UNKNOWN	PENDING
000820	build_evidence/CMakeFiles/4.4.2/CompilerIdC/CMakeCCompilerId.c	.c	29974	945	6B712B317574A51D1D4F3A69F0722D9EF310910570FD191501CDD45655E061D3	build_evidence/CMakeFiles	UNKNOWN	UNKNOWN	PENDING
000821	build_evidence/CMakeFiles/4.4.2/CompilerIdCXX/CMakeCXXCompilerId.cpp	.cpp	30605	954	C260F5F6368FE636DA54C24D6ABD310AC6FCC3ACDC4BDC674D9B7223569A85EB	build_evidence/CMakeFiles	UNKNOWN	UNKNOWN	PENDING
000822	build_ide/cmake_install.cmake	.cmake	2737	81	C39428DA1AA2A073A0697E25D75245A0911060152C895A223B8469EAFBBC08CE	build_ide/cmake_install.cmake	UNKNOWN	UNKNOWN	PENDING
000823	build_ide/RawrXD-Win32IDE.map	.map	65364949	287876	1E26A022D0E54FEEB842D27EB87A1EF4CA943070859FD86145658CD3E1ECB817	build_ide/RawrXD-Win32IDE.map	UNKNOWN	UNKNOWN	PENDING
000824	build_ide/bin/RawrXD-Win32IDE.map	.map	65364949	287876	1E26A022D0E54FEEB842D27EB87A1EF4CA943070859FD86145658CD3E1ECB817	build_ide/bin	UNKNOWN	UNKNOWN	PENDING
000825	build_ide/CMakeFiles/CMakeConfigureLog.yaml	.yaml	756211	11179	C22D87BC0A6B0824DADDEE9117864F39B6706A670EA9A7319251285F041148CB	build_ide/CMakeFiles	UNKNOWN	UNKNOWN	PENDING
000826	build_ide/CMakeFiles/InstallScripts.json	.json	437	12	3656608565138D2F03218D4ADBA7034A433FFA0FE6A0EDD0B00EB3D2EAA40435	build_ide/CMakeFiles	UNKNOWN	UNKNOWN	PENDING
000827	build_ide/CMakeFiles/VerifyGlobs.cmake	.cmake	3974	91	A4FBC04E0E33B9DC3BC97CFE4AD86FF1B36ED539AE61F117161A2858E30F3A52	build_ide/CMakeFiles	UNKNOWN	UNKNOWN	PENDING
000828	build_ide/CMakeFiles/4.4.2/CMakeASM_MASMCompiler.cmake	.cmake	1555	31	2854EEB905485DAFD438E0C81309CB5FEBF71AC879DD3B77F5823D872C31C841	build_ide/CMakeFiles	UNKNOWN	UNKNOWN	PENDING
000829	build_ide/CMakeFiles/4.4.2/CMakeCCompiler.cmake	.cmake	3411	86	C96A9C696C6E2168D03B3F7B05F229CAA42F1673D3BDC90BC9BB5C7C0A63631E	build_ide/CMakeFiles	UNKNOWN	UNKNOWN	PENDING
000830	build_ide/CMakeFiles/4.4.2/CMakeCXXCompiler.cmake	.cmake	6632	103	3818AE800A1D94F1B189F721136856C561F51E1E9C0562B1C1FD8285A06E357C	build_ide/CMakeFiles	UNKNOWN	UNKNOWN	PENDING
000831	build_ide/CMakeFiles/4.4.2/CMakeRCCompiler.cmake	.cmake	276	6	F1C96E7B6BC035D04A44733638743F28BF70450E870A3095A55CFF6AD81924FA	build_ide/CMakeFiles	UNKNOWN	UNKNOWN	PENDING
000832	build_ide/CMakeFiles/4.4.2/CMakeSystem.cmake	.cmake	399	15	14F764C3F0C50603F951C55B1787FA383C48D641385221057CD4F25001C4B314	build_ide/CMakeFiles	UNKNOWN	UNKNOWN	PENDING
000833	build_ide/CMakeFiles/4.4.2/CompilerIdC/CMakeCCompilerId.c	.c	29974	945	6B712B317574A51D1D4F3A69F0722D9EF310910570FD191501CDD45655E061D3	build_ide/CMakeFiles	UNKNOWN	UNKNOWN	PENDING
000834	build_ide/CMakeFiles/4.4.2/CompilerIdCXX/CMakeCXXCompilerId.cpp	.cpp	30605	954	C260F5F6368FE636DA54C24D6ABD310AC6FCC3ACDC4BDC674D9B7223569A85EB	build_ide/CMakeFiles	UNKNOWN	UNKNOWN	PENDING
000835	build_ide/rguf_source/cmake_install.cmake	.cmake	1298	40	33F405CBD52475BA9373FECF7E56196A476F240AE981C80AF03FF5785D34135A	build_ide/rguf_source	UNKNOWN	UNKNOWN	PENDING
000836	build_ide/src/ceo/cmake_install.cmake	.cmake	3340	64	7A61BF4BBFC801A8FB1EF076E2559C6ADC3208981F737F7A985BD18F65CE1F84	build_ide/src	UNKNOWN	UNKNOWN	PENDING
000837	build_ide/src/generation/cmake_install.cmake	.cmake	1304	40	3EDB0EE57D91373BE831698CBD1006CCC1A11EF0CF5FAA923D8D2DEA538E87FF	build_ide/src	UNKNOWN	UNKNOWN	PENDING
000838	build_ide/src/repository/cmake_install.cmake	.cmake	2401	52	402A89310E8851576B2A77AE4E9C546BB0C1A4D7FF9E9C1754721AFF9CE10757	build_ide/src	UNKNOWN	UNKNOWN	PENDING
000839	build_ide/src/reverse_engineering/cmake_install.cmake	.cmake	1322	40	3A88E85F6937D3D294BFC239A2A41F999EBC4B140F3687F086FF59F7212B6855	build_ide/src	UNKNOWN	UNKNOWN	PENDING
000840	build_ide_audit/cmake_install.cmake	.cmake	2773	81	034B89D87AE26062F6EE40555A76A982F360BB5B0707E8AE6310051B7FA76715	build_ide_audit/cmake_install.cmake	UNKNOWN	UNKNOWN	PENDING
000841	build_ide_audit/CTestTestfile.cmake	.cmake	33039	281	2C1F8336A6855F9889E3F1D6D48BD31795EA83232119680CF48C34E73E7029A6	build_ide_audit/CTestTestfile.cmake	UNKNOWN	UNKNOWN	PENDING
000842	build_ide_audit/DEEP2_CLEAN.cpp	.cpp	192	2	147B2D8EB840498D9D5C00C8D2ED62F3D574D672EB23F176D13457AB94B08246	build_ide_audit/DEEP2_CLEAN.cpp	UNKNOWN	UNKNOWN	PENDING
000843	build_ide_audit/DEEP2_HEAD.cpp	.cpp	207107	4714	6115F798F14D58824376DA80D41700EDA3F154A4D2AA183DD4DAD5D5C53403D5	build_ide_audit/DEEP2_HEAD.cpp	UNKNOWN	UNKNOWN	PENDING
000844	build_ide_audit/DEEP2_H_HEAD.h	.h	61563	1368	126DA84576797B003F717F01828EC7717434CD9999F53C0ECA7C0CF0C6FD5C16	build_ide_audit/DEEP2_H_HEAD.h	UNKNOWN	UNKNOWN	PENDING
000845	build_ide_audit/DEEP2_MINE.cpp	.cpp	215528	4858	0763ADCAFE48A18B743D1EE71C2DAEBD531B32B192361D99DC9420C69F97CD39	build_ide_audit/DEEP2_MINE.cpp	UNKNOWN	UNKNOWN	PENDING
000846	build_ide_audit/RawrXD-Win32IDE.map	.map	78765320	325689	68FE5ADF87BDE7AD7ABE6B3410E171B402B601DA4A2C967E8CB7A80D3C4D19B2	build_ide_audit/RawrXD-Win32IDE.map	UNKNOWN	UNKNOWN	PENDING
000847	build_ide_audit/SAMPLER_HEAD.cpp	.cpp	2361	74	E8AB3E90B14AA9703A68A6D3FCA3D0AC1ED710C4CF4C758594470A5C9D9BD8C4	build_ide_audit/SAMPLER_HEAD.cpp	UNKNOWN	UNKNOWN	PENDING
000848	build_ide_audit/SAMPLER_MINE.cpp	.cpp	10162	260	105681A7F832F85457B629E8405FF89E64A6EBDA2CA48DCDDBD4D207C3C650B0	build_ide_audit/SAMPLER_MINE.cpp	UNKNOWN	UNKNOWN	PENDING
000849	build_ide_audit/bin/RawrXD-Win32IDE.map	.map	78765320	325689	68FE5ADF87BDE7AD7ABE6B3410E171B402B601DA4A2C967E8CB7A80D3C4D19B2	build_ide_audit/bin	UNKNOWN	UNKNOWN	PENDING
000850	build_ide_audit/CMakeFiles/CMakeConfigureLog.yaml	.yaml	657199	9814	D7FF4343466E6514CB4502BC81F5C613227CCD565B9716100BEC704EA73815EB	build_ide_audit/CMakeFiles	UNKNOWN	UNKNOWN	PENDING
000851	build_ide_audit/CMakeFiles/InstallScripts.json	.json	473	12	C6FB951F6F2E45AD0948A58BBFD1BF42AC59412197F7DDC0EEAD292C8848B7E9	build_ide_audit/CMakeFiles	UNKNOWN	UNKNOWN	PENDING
000852	build_ide_audit/CMakeFiles/VerifyGlobs.cmake	.cmake	3980	91	BAD67F0FA6FDB36553D0986E84DE31FFAA69A3B49D0802ADB1E071C1CFB8F8D8	build_ide_audit/CMakeFiles	UNKNOWN	UNKNOWN	PENDING
000853	build_ide_audit/CMakeFiles/4.4.2/CMakeASM_MASMCompiler.cmake	.cmake	1555	31	2854EEB905485DAFD438E0C81309CB5FEBF71AC879DD3B77F5823D872C31C841	build_ide_audit/CMakeFiles	UNKNOWN	UNKNOWN	PENDING
000854	build_ide_audit/CMakeFiles/4.4.2/CMakeCCompiler.cmake	.cmake	3411	86	C96A9C696C6E2168D03B3F7B05F229CAA42F1673D3BDC90BC9BB5C7C0A63631E	build_ide_audit/CMakeFiles	UNKNOWN	UNKNOWN	PENDING
000855	build_ide_audit/CMakeFiles/4.4.2/CMakeCXXCompiler.cmake	.cmake	6632	103	3818AE800A1D94F1B189F721136856C561F51E1E9C0562B1C1FD8285A06E357C	build_ide_audit/CMakeFiles	UNKNOWN	UNKNOWN	PENDING
000856	build_ide_audit/CMakeFiles/4.4.2/CMakeRCCompiler.cmake	.cmake	276	6	F1C96E7B6BC035D04A44733638743F28BF70450E870A3095A55CFF6AD81924FA	build_ide_audit/CMakeFiles	UNKNOWN	UNKNOWN	PENDING
000857	build_ide_audit/CMakeFiles/4.4.2/CMakeSystem.cmake	.cmake	399	15	14F764C3F0C50603F951C55B1787FA383C48D641385221057CD4F25001C4B314	build_ide_audit/CMakeFiles	UNKNOWN	UNKNOWN	PENDING
000858	build_ide_audit/CMakeFiles/4.4.2/CompilerIdC/CMakeCCompilerId.c	.c	29974	945	6B712B317574A51D1D4F3A69F0722D9EF310910570FD191501CDD45655E061D3	build_ide_audit/CMakeFiles	UNKNOWN	UNKNOWN	PENDING
000859	build_ide_audit/CMakeFiles/4.4.2/CompilerIdCXX/CMakeCXXCompilerId.cpp	.cpp	30605	954	C260F5F6368FE636DA54C24D6ABD310AC6FCC3ACDC4BDC674D9B7223569A85EB	build_ide_audit/CMakeFiles	UNKNOWN	UNKNOWN	PENDING
000860	build_ide_audit/receipts/RAWRXD_GIT_SAFETY_AUTHORITY_001/runs/20261001T213548Z_PID27468_RUN0.ini	.ini	11752	204	DBBAF513995C1FCE890A1F6309A22C17C2424D8C6DC519B47CD46CCE930DA806	build_ide_audit/receipts	UNKNOWN	UNKNOWN	PENDING
000861	build_ide_audit/receipts/RAWRXD_GIT_SAFETY_AUTHORITY_001/runs/20261001T222730Z_PID22104_RUN0.ini	.ini	15393	267	A3556D7F7E56C38F3825E19794CD29B869281DEA44A96C763D7EDE59DF824538	build_ide_audit/receipts	UNKNOWN	UNKNOWN	PENDING
000862	build_ide_audit/receipts/RAWRXD_GIT_SAFETY_AUTHORITY_001/runs/20261001T222922Z_PID31204_RUN0.ini	.ini	15393	267	EF64BB85659997AA07806A30B0209EC4209F7AEC3EF58693ED192EC2B03C3872	build_ide_audit/receipts	UNKNOWN	UNKNOWN	PENDING
000863	build_ide_audit/receipts/RAWRXD_GIT_SAFETY_AUTHORITY_001/runs/20261001T225116Z_PID31704_RUN0.ini	.ini	16724	292	CAC7C2BC63651A0E11C5545228740B4214ED93A7D75C810984405D812A3B6DFD	build_ide_audit/receipts	UNKNOWN	UNKNOWN	PENDING
000864	build_ide_audit/rguf_source/cmake_install.cmake	.cmake	1298	40	F80ED8F0E94B55853915DA7F3140A96C743CA4AB9A32EC09365676D84AE43C16	build_ide_audit/rguf_source	UNKNOWN	UNKNOWN	PENDING
000865	build_ide_audit/src/ceo/cmake_install.cmake	.cmake	3388	64	95CEC640AB02A79698CF913B33A12EE2444D8B27809AA3F01634D129C2C9D49B	build_ide_audit/src	UNKNOWN	UNKNOWN	PENDING
000866	build_ide_audit/src/generation/cmake_install.cmake	.cmake	1304	40	01265E290DF86010AA90A5FE2B4BC72D7313ABFE817B5CB0DDA4525ABF90A107	build_ide_audit/src	UNKNOWN	UNKNOWN	PENDING
000867	build_ide_audit/src/repository/cmake_install.cmake	.cmake	2425	52	D0B82D3185257DC24DA8D909318E9BBC0C9C6C98E973A7531B8D2BA9D3083F43	build_ide_audit/src	UNKNOWN	UNKNOWN	PENDING
000868	build_ide_audit/src/reverse_engineering/cmake_install.cmake	.cmake	1322	40	5CB6736A4EB43DBDBEE28F3351ECB4FF19118A08D2F7E5DB1312914B7A4C859A	build_ide_audit/src	UNKNOWN	UNKNOWN	PENDING
000869	build_ide_audit/ws_probe/root/.rawrxd/workspace.json	.json	305	17	93DAFE26D53D20A5307CE3662D25B83F82D7AA7E19FE37E62AC601EBA49D377F	build_ide_audit/ws_probe	UNKNOWN	UNKNOWN	PENDING
000870	build_ide_audit/ws_probe/root_first/.rawrxd/workspace.json	.json	323	17	AFB5122FD4B7450DB78588B27F6BDADA74595DED025AC0511E83072EBDB7B3D1	build_ide_audit/ws_probe	UNKNOWN	UNKNOWN	PENDING
000871	build_ide_audit/ws_probe/root_malformed/.rawrxd/workspace.json	.json	335	17	0EE690EF3442A079C09D1B19C7AAB033D216BA70F5DDA769F9865170EA060937	build_ide_audit/ws_probe	UNKNOWN	UNKNOWN	PENDING
000872	build_ide_audit/ws_probe/root_valid/.rawrxd/workspace.json	.json	655	13	67089DCA6654F757B61181BA659EBF43B30CC15F2592DFED0D7A258A6DEA3A91	build_ide_audit/ws_probe	UNKNOWN	UNKNOWN	PENDING
000873	build_ide_audit/ws_probe/root_zerofolders/.rawrxd/workspace.json	.json	341	17	37B60F23E97114CD433414585963C7022EF699CBD5EACF99D136D2925F9D4563	build_ide_audit/ws_probe	UNKNOWN	UNKNOWN	PENDING
000874	build_ide_cert/CMakeFiles/CMakeConfigureLog.yaml	.yaml	548805	7712	3C067AA4CF62C3980CDB1ECE8D2E8015FC83741D942022488D059FCF5651FB7C	build_ide_cert/CMakeFiles	UNKNOWN	UNKNOWN	PENDING
000875	build_ide_cert/CMakeFiles/4.4.2/CMakeASM_MASMCompiler.cmake	.cmake	1555	31	2854EEB905485DAFD438E0C81309CB5FEBF71AC879DD3B77F5823D872C31C841	build_ide_cert/CMakeFiles	UNKNOWN	UNKNOWN	PENDING
000876	build_ide_cert/CMakeFiles/4.4.2/CMakeCCompiler.cmake	.cmake	3433	86	AC464FA49275380D8836A0121B85375623E822C035DF70A068A554ADB61C3D20	build_ide_cert/CMakeFiles	UNKNOWN	UNKNOWN	PENDING
000877	build_ide_cert/CMakeFiles/4.4.2/CMakeCXXCompiler.cmake	.cmake	6749	103	697FF827E1571D62CF6ECBBB882AD023B2621575B55BE87159545332150C7E3C	build_ide_cert/CMakeFiles	UNKNOWN	UNKNOWN	PENDING
000878	build_ide_cert/CMakeFiles/4.4.2/CMakeRCCompiler.cmake	.cmake	276	6	F1C96E7B6BC035D04A44733638743F28BF70450E870A3095A55CFF6AD81924FA	build_ide_cert/CMakeFiles	UNKNOWN	UNKNOWN	PENDING
000879	build_ide_cert/CMakeFiles/4.4.2/CMakeSystem.cmake	.cmake	399	15	14F764C3F0C50603F951C55B1787FA383C48D641385221057CD4F25001C4B314	build_ide_cert/CMakeFiles	UNKNOWN	UNKNOWN	PENDING
000880	build_ide_cert/CMakeFiles/4.4.2/CompilerIdC/CMakeCCompilerId.c	.c	29974	945	6B712B317574A51D1D4F3A69F0722D9EF310910570FD191501CDD45655E061D3	build_ide_cert/CMakeFiles	UNKNOWN	UNKNOWN	PENDING
000881	build_ide_cert/CMakeFiles/4.4.2/CompilerIdCXX/CMakeCXXCompilerId.cpp	.cpp	30605	954	C260F5F6368FE636DA54C24D6ABD310AC6FCC3ACDC4BDC674D9B7223569A85EB	build_ide_cert/CMakeFiles	UNKNOWN	UNKNOWN	PENDING
000882	build_ide_cert/CMakeFiles/ShowIncludes/foo.h	.h	2	1	7EB70257593DA06F682A3DDDA54A9D260D4FC514F645237F5CA74B08F8DA61A6	build_ide_cert/CMakeFiles	UNKNOWN	UNKNOWN	EXCLUDED_WITH_REASON
000883	build_ide_cert/CMakeFiles/ShowIncludes/main.c	.c	33	2	CDFAB295FC8E12C3ECFB6982F99058F032EE8284926AD71A829E70EA3BF02549	build_ide_cert/CMakeFiles	UNKNOWN	UNKNOWN	PENDING
000884	build_ide_test/CMakeFiles/CMakeConfigureLog.yaml	.yaml	539847	7544	43B492E1FE8C49348345566F395977DFFABB9277B8BC305475E334B99A223EB8	build_ide_test/CMakeFiles	UNKNOWN	UNKNOWN	PENDING
000885	build_ide_test/CMakeFiles/4.4.2/CMakeASM_MASMCompiler.cmake	.cmake	1555	31	2854EEB905485DAFD438E0C81309CB5FEBF71AC879DD3B77F5823D872C31C841	build_ide_test/CMakeFiles	UNKNOWN	UNKNOWN	PENDING
000886	build_ide_test/CMakeFiles/4.4.2/CMakeCCompiler.cmake	.cmake	3433	86	AC464FA49275380D8836A0121B85375623E822C035DF70A068A554ADB61C3D20	build_ide_test/CMakeFiles	UNKNOWN	UNKNOWN	PENDING
000887	build_ide_test/CMakeFiles/4.4.2/CMakeCXXCompiler.cmake	.cmake	6749	103	697FF827E1571D62CF6ECBBB882AD023B2621575B55BE87159545332150C7E3C	build_ide_test/CMakeFiles	UNKNOWN	UNKNOWN	PENDING
000888	build_ide_test/CMakeFiles/4.4.2/CMakeRCCompiler.cmake	.cmake	276	6	F1C96E7B6BC035D04A44733638743F28BF70450E870A3095A55CFF6AD81924FA	build_ide_test/CMakeFiles	UNKNOWN	UNKNOWN	PENDING
000889	build_ide_test/CMakeFiles/4.4.2/CMakeSystem.cmake	.cmake	399	15	14F764C3F0C50603F951C55B1787FA383C48D641385221057CD4F25001C4B314	build_ide_test/CMakeFiles	UNKNOWN	UNKNOWN	PENDING
000890	build_ide_test/CMakeFiles/4.4.2/CompilerIdC/CMakeCCompilerId.c	.c	29974	945	6B712B317574A51D1D4F3A69F0722D9EF310910570FD191501CDD45655E061D3	build_ide_test/CMakeFiles	UNKNOWN	UNKNOWN	PENDING
000891	build_ide_test/CMakeFiles/4.4.2/CompilerIdCXX/CMakeCXXCompilerId.cpp	.cpp	30605	954	C260F5F6368FE636DA54C24D6ABD310AC6FCC3ACDC4BDC674D9B7223569A85EB	build_ide_test/CMakeFiles	UNKNOWN	UNKNOWN	PENDING
000892	build_ide_test/CMakeFiles/ShowIncludes/foo.h	.h	2	1	7EB70257593DA06F682A3DDDA54A9D260D4FC514F645237F5CA74B08F8DA61A6	build_ide_test/CMakeFiles	UNKNOWN	UNKNOWN	EXCLUDED_WITH_REASON
000893	build_ide_test/CMakeFiles/ShowIncludes/main.c	.c	33	2	CDFAB295FC8E12C3ECFB6982F99058F032EE8284926AD71A829E70EA3BF02549	build_ide_test/CMakeFiles	UNKNOWN	UNKNOWN	PENDING
000894	build_ninja_release/cmake_install.cmake	.cmake	2801	81	FC70ECD096AF4E1558FFF23BE2CF1C8C0C7CD8EDBF29955A99770B8AAC66003A	build_ninja_release/cmake_install.cmake	UNKNOWN	UNKNOWN	PENDING
000895	build_ninja_release/CMakeFiles/CMakeConfigureLog.yaml	.yaml	602363	8955	2B7822D8EC9B95FB23C43D09B4C346B6FE551174213405E7EE6C148702A09650	build_ninja_release/CMakeFiles	UNKNOWN	UNKNOWN	PENDING
000896	build_ninja_release/CMakeFiles/InstallScripts.json	.json	497	12	13B84D062833476056E69602ABFEB50F82025A06340FE2F7FD65C22BACCB5B5C	build_ninja_release/CMakeFiles	UNKNOWN	UNKNOWN	PENDING
000897	build_ninja_release/CMakeFiles/VerifyGlobs.cmake	.cmake	3984	91	86B9D78B5C5920CAC5C61F5AB561D8A2C8318B753E50F7B67B0E576F1A07030D	build_ninja_release/CMakeFiles	UNKNOWN	UNKNOWN	PENDING
000898	build_ninja_release/CMakeFiles/4.4.2/CMakeASM_MASMCompiler.cmake	.cmake	1555	31	2854EEB905485DAFD438E0C81309CB5FEBF71AC879DD3B77F5823D872C31C841	build_ninja_release/CMakeFiles	UNKNOWN	UNKNOWN	PENDING
000899	build_ninja_release/CMakeFiles/4.4.2/CMakeCCompiler.cmake	.cmake	3411	86	C96A9C696C6E2168D03B3F7B05F229CAA42F1673D3BDC90BC9BB5C7C0A63631E	build_ninja_release/CMakeFiles	UNKNOWN	UNKNOWN	PENDING
000900	build_ninja_release/CMakeFiles/4.4.2/CMakeCXXCompiler.cmake	.cmake	6632	103	3818AE800A1D94F1B189F721136856C561F51E1E9C0562B1C1FD8285A06E357C	build_ninja_release/CMakeFiles	UNKNOWN	UNKNOWN	PENDING
000901	build_ninja_release/CMakeFiles/4.4.2/CMakeRCCompiler.cmake	.cmake	276	6	F1C96E7B6BC035D04A44733638743F28BF70450E870A3095A55CFF6AD81924FA	build_ninja_release/CMakeFiles	UNKNOWN	UNKNOWN	PENDING
000902	build_ninja_release/CMakeFiles/4.4.2/CMakeSystem.cmake	.cmake	399	15	14F764C3F0C50603F951C55B1787FA383C48D641385221057CD4F25001C4B314	build_ninja_release/CMakeFiles	UNKNOWN	UNKNOWN	PENDING
000903	build_ninja_release/CMakeFiles/4.4.2/CompilerIdC/CMakeCCompilerId.c	.c	29974	945	6B712B317574A51D1D4F3A69F0722D9EF310910570FD191501CDD45655E061D3	build_ninja_release/CMakeFiles	UNKNOWN	UNKNOWN	PENDING
000904	build_ninja_release/CMakeFiles/4.4.2/CompilerIdCXX/CMakeCXXCompilerId.cpp	.cpp	30605	954	C260F5F6368FE636DA54C24D6ABD310AC6FCC3ACDC4BDC674D9B7223569A85EB	build_ninja_release/CMakeFiles	UNKNOWN	UNKNOWN	PENDING
000905	build_ninja_release/rguf_source/cmake_install.cmake	.cmake	1302	40	009E3A5BAFBEAFA95C3A70573C720F39D0C382E102C4F0C98DBD05B77146B5D2	build_ninja_release/rguf_source	UNKNOWN	UNKNOWN	PENDING
000906	build_ninja_release/src/ceo/cmake_install.cmake	.cmake	3424	64	9983A924FB0B2595EE3CFD490D323206AF657494E1CB3F45E99E4511ADB22A14	build_ninja_release/src	UNKNOWN	UNKNOWN	PENDING
000907	build_ninja_release/src/generation/cmake_install.cmake	.cmake	1308	40	B1E77202468ADD89880EE542C4F8A8D2469457AE69FD5B973EA3BFD30C5526B8	build_ninja_release/src	UNKNOWN	UNKNOWN	PENDING
000908	build_ninja_release/src/repository/cmake_install.cmake	.cmake	2445	52	22BCCFADFA5CD81D0804D9D3CE95519E0249ADB286E8F964A51D8EF75731CAD2	build_ninja_release/src	UNKNOWN	UNKNOWN	PENDING
000909	build_ninja_release/src/reverse_engineering/cmake_install.cmake	.cmake	1326	40	EDDC48D081B2FFE4D8C38C503328CFDEBA20BAE4A6DBE7A40F950B7613876A83	build_ninja_release/src	UNKNOWN	UNKNOWN	PENDING
000910	build_p1pra_prod/CMakeFiles/CMakeConfigureLog.yaml	.yaml	531444	7387	6AC5D8DDCF4C474EDBAB04C3EBAFB7FEFB6B6240000B03994918A397F26081D5	build_p1pra_prod/CMakeFiles	UNKNOWN	UNKNOWN	PENDING
000911	build_p1pra_prod/CMakeFiles/4.4.2/CMakeASM_MASMCompiler.cmake	.cmake	1555	31	2854EEB905485DAFD438E0C81309CB5FEBF71AC879DD3B77F5823D872C31C841	build_p1pra_prod/CMakeFiles	UNKNOWN	UNKNOWN	PENDING
000912	build_p1pra_prod/CMakeFiles/4.4.2/CMakeCCompiler.cmake	.cmake	3411	86	C96A9C696C6E2168D03B3F7B05F229CAA42F1673D3BDC90BC9BB5C7C0A63631E	build_p1pra_prod/CMakeFiles	UNKNOWN	UNKNOWN	PENDING
000913	build_p1pra_prod/CMakeFiles/4.4.2/CMakeCXXCompiler.cmake	.cmake	6632	103	3818AE800A1D94F1B189F721136856C561F51E1E9C0562B1C1FD8285A06E357C	build_p1pra_prod/CMakeFiles	UNKNOWN	UNKNOWN	PENDING
000914	build_p1pra_prod/CMakeFiles/4.4.2/CMakeRCCompiler.cmake	.cmake	276	6	F1C96E7B6BC035D04A44733638743F28BF70450E870A3095A55CFF6AD81924FA	build_p1pra_prod/CMakeFiles	UNKNOWN	UNKNOWN	PENDING
000915	build_p1pra_prod/CMakeFiles/4.4.2/CMakeSystem.cmake	.cmake	399	15	14F764C3F0C50603F951C55B1787FA383C48D641385221057CD4F25001C4B314	build_p1pra_prod/CMakeFiles	UNKNOWN	UNKNOWN	PENDING
000916	build_p1pra_prod/CMakeFiles/4.4.2/CompilerIdC/CMakeCCompilerId.c	.c	29974	945	6B712B317574A51D1D4F3A69F0722D9EF310910570FD191501CDD45655E061D3	build_p1pra_prod/CMakeFiles	UNKNOWN	UNKNOWN	PENDING
000917	build_p1pra_prod/CMakeFiles/4.4.2/CompilerIdCXX/CMakeCXXCompilerId.cpp	.cpp	30605	954	C260F5F6368FE636DA54C24D6ABD310AC6FCC3ACDC4BDC674D9B7223569A85EB	build_p1pra_prod/CMakeFiles	UNKNOWN	UNKNOWN	PENDING
000918	build_p1pra_prod/_deps/nlohmann_json-build/nlohmann_jsonConfig.cmake	.cmake	635	15	A879DC2B648E17AC32836EF9013B5A6CF1234A74B9A60962CC081C3776C9F13F	build_p1pra_prod/_deps	UNKNOWN	UNKNOWN	PENDING
000919	build_p1pra_prod/_deps/nlohmann_json-build/nlohmann_jsonConfigVersion.cmake	.cmake	696	20	B6D73337D16D3DEB4B192056D1AC9E7E962929EC993F7F9652A949DE3D38CE8F	build_p1pra_prod/_deps	UNKNOWN	UNKNOWN	PENDING
000920	build_p1pra_prod/_deps/nlohmann_json-src/CMakeLists.txt	.txt	7180	209	9A00F4234C7804AF1A8ABA619C28B7462B11683FD6628A0EA62CBC168764C87F	build_p1pra_prod/_deps	UNKNOWN	UNKNOWN	PENDING
000921	build_p1pra_prod/_deps/nlohmann_json-src/include/nlohmann/adl_serializer.hpp	.hpp	2279	55	242B578E1A41C97DEC6890BD88BDB824CDB76A9EDD849C108299A59469D327E0	build_p1pra_prod/_deps	UNKNOWN	UNKNOWN	PENDING
000922	build_p1pra_prod/_deps/nlohmann_json-src/include/nlohmann/byte_container_with_subtype.hpp	.hpp	3533	103	C7DC197CBB54B9168373B4B9A3E1CC57CC5583BFCF5008B722B363335BC53511	build_p1pra_prod/_deps	UNKNOWN	UNKNOWN	PENDING
000923	build_p1pra_prod/_deps/nlohmann_json-src/include/nlohmann/json.hpp	.hpp	198618	5258	2432CBF7F4258453538ECA193CD937FC777462AE2CE8EE9F46E6EE460EF56BEA	build_p1pra_prod/_deps	UNKNOWN	UNKNOWN	PENDING
000924	build_p1pra_prod/_deps/nlohmann_json-src/include/nlohmann/json_fwd.hpp	.hpp	2541	75	C5B950B428534861B5869254FD773AFC724112FC9E141BD1FC89189640A3AE5D	build_p1pra_prod/_deps	UNKNOWN	UNKNOWN	PENDING
000925	build_p1pra_prod/_deps/nlohmann_json-src/include/nlohmann/ordered_map.hpp	.hpp	11692	359	31D1BB02500B734E09C27CE2CC216C8AF188344FBC19A6946AE301A12C7B62DF	build_p1pra_prod/_deps	UNKNOWN	UNKNOWN	PENDING
000926	build_p1pra_prod/_deps/nlohmann_json-src/include/nlohmann/detail/abi_macros.hpp	.hpp	3807	100	1C7DC7C5062B199A35853F4056ED00ED359EF8FA5C7FB15A58BC79598EC21422	build_p1pra_prod/_deps	UNKNOWN	UNKNOWN	PENDING
000927	build_p1pra_prod/_deps/nlohmann_json-src/include/nlohmann/detail/exceptions.hpp	.hpp	9267	257	55299C55106DE2624CA7AA6A5705AD6FF53814C1B52F8FE8D2872F13C956C95A	build_p1pra_prod/_deps	UNKNOWN	UNKNOWN	PENDING
000928	build_p1pra_prod/_deps/nlohmann_json-src/include/nlohmann/detail/hash.hpp	.hpp	4016	129	74A9E3AF772127CF0B12EE794ABC8C47B5BEA74CE658D0D20179A26BE5D95D0D	build_p1pra_prod/_deps	UNKNOWN	UNKNOWN	PENDING
000929	build_p1pra_prod/_deps/nlohmann_json-src/include/nlohmann/detail/json_custom_base_class.hpp	.hpp	1178	39	70DA7C5B17777F8DA6D83310D6526856542585EFA8A078DB61227B11AAF9EC0B	build_p1pra_prod/_deps	UNKNOWN	UNKNOWN	PENDING
000930	build_p1pra_prod/_deps/nlohmann_json-src/include/nlohmann/detail/json_pointer.hpp	.hpp	37143	988	4CF537AD88B2D686D5A349B26DA7E012BA9A58B01A0AB2BADAA796D9150E69BB	build_p1pra_prod/_deps	UNKNOWN	UNKNOWN	PENDING
000931	build_p1pra_prod/_deps/nlohmann_json-src/include/nlohmann/detail/json_ref.hpp	.hpp	1811	78	1660750DD10A562AAC1EEA37021F1E7138A5D6D50B051815708497A8D30BF60D	build_p1pra_prod/_deps	UNKNOWN	UNKNOWN	PENDING
000932	build_p1pra_prod/_deps/nlohmann_json-src/include/nlohmann/detail/macro_scope.hpp	.hpp	43639	482	70D2B2AA49A93170DED3D0C0D1B0F76103FDD09704BA5ECC862BC03095920847	build_p1pra_prod/_deps	UNKNOWN	UNKNOWN	PENDING
000933	build_p1pra_prod/_deps/nlohmann_json-src/include/nlohmann/detail/macro_unscope.hpp	.hpp	1252	45	5F7040DF475E2C943D9B22C335B61600DEB14B1E48A69B3450DE4C4A08C320BC	build_p1pra_prod/_deps	UNKNOWN	UNKNOWN	PENDING
000934	build_p1pra_prod/_deps/nlohmann_json-src/include/nlohmann/detail/string_concat.hpp	.hpp	5951	146	E8001630045F800C0EBCFC19E2B2F90139A4D20A9A359E134657767FD6FA9AA2	build_p1pra_prod/_deps	UNKNOWN	UNKNOWN	PENDING
000935	build_p1pra_prod/_deps/nlohmann_json-src/include/nlohmann/detail/string_escape.hpp	.hpp	2168	72	3BF6687FFA7F6FD3034591ADFDD6EA073584DF83694C6B57FEED9ADA965801E7	build_p1pra_prod/_deps	UNKNOWN	UNKNOWN	PENDING
000936	build_p1pra_prod/_deps/nlohmann_json-src/include/nlohmann/detail/value_t.hpp	.hpp	4326	118	60A7E24B34E93B8BA40EECF310A40C55042754328271C246F9CC1069F6A25958	build_p1pra_prod/_deps	UNKNOWN	UNKNOWN	PENDING
000937	build_p1pra_prod/_deps/nlohmann_json-src/include/nlohmann/detail/conversions/from_json.hpp	.hpp	18880	497	B37CED0BA32F8AC5834B4C96058CA5E445BCCEA27F46299A359EED0ECBF2E58E	build_p1pra_prod/_deps	UNKNOWN	UNKNOWN	PENDING
000938	build_p1pra_prod/_deps/nlohmann_json-src/include/nlohmann/detail/conversions/to_chars.hpp	.hpp	38562	1118	5FE11205C45DBD08373244D743F38E89CEEFB8C9B5FC4C68077117C786D53BEF	build_p1pra_prod/_deps	UNKNOWN	UNKNOWN	PENDING
000939	build_p1pra_prod/_deps/nlohmann_json-src/include/nlohmann/detail/conversions/to_json.hpp	.hpp	16274	446	73BAD524856D475A6071FD7B5422F80DF13BA7586F0D4B48141C2EC60CEBCF89	build_p1pra_prod/_deps	UNKNOWN	UNKNOWN	PENDING
000940	build_p1pra_prod/_deps/nlohmann_json-src/include/nlohmann/detail/input/binary_reader.hpp	.hpp	103146	3009	484BCC276C4FA6C7C61A93A8223F3E53BB4DC966E688E96641A93A50D7E503E9	build_p1pra_prod/_deps	UNKNOWN	UNKNOWN	PENDING
000941	build_p1pra_prod/_deps/nlohmann_json-src/include/nlohmann/detail/input/input_adapters.hpp	.hpp	17402	492	BD549419506089C82C94446F939587362FF01516B8E6624C472E704D27B1BE42	build_p1pra_prod/_deps	UNKNOWN	UNKNOWN	PENDING
000942	build_p1pra_prod/_deps/nlohmann_json-src/include/nlohmann/detail/input/json_sax.hpp	.hpp	21420	727	9147C9D07784A5F3DE890D68401AE07D03D0BC0DB24EBCBE7BEB8A31CFD858A0	build_p1pra_prod/_deps	UNKNOWN	UNKNOWN	PENDING
000943	build_p1pra_prod/_deps/nlohmann_json-src/include/nlohmann/detail/input/lexer.hpp	.hpp	54569	1633	550C275F09D55DEB1705B97B8A15B02F211EA0BA87E95452E7A023B854BB024C	build_p1pra_prod/_deps	UNKNOWN	UNKNOWN	PENDING
000944	build_p1pra_prod/_deps/nlohmann_json-src/include/nlohmann/detail/input/parser.hpp	.hpp	19661	519	094AED22CFDD641AC15EF59BFEF8DD1E23FD92373633A92ED928CB580F0CBD7E	build_p1pra_prod/_deps	UNKNOWN	UNKNOWN	PENDING
000945	build_p1pra_prod/_deps/nlohmann_json-src/include/nlohmann/detail/input/position_t.hpp	.hpp	958	37	0C9C5BE26020C0A7929F3CC1E7E0065589D6A8F4DC1BD2EE13F10EF1A7EFAA24	build_p1pra_prod/_deps	UNKNOWN	UNKNOWN	PENDING
000946	build_p1pra_prod/_deps/nlohmann_json-src/include/nlohmann/detail/iterators/internal_iterator.hpp	.hpp	1071	35	E75CF5E3C9AE358055BF3335FA2C5B6BBFBD1E24EA3DFDB62C187F37A8E2B485	build_p1pra_prod/_deps	UNKNOWN	UNKNOWN	PENDING
000947	build_p1pra_prod/_deps/nlohmann_json-src/include/nlohmann/detail/iterators/iteration_proxy.hpp	.hpp	8238	242	839EFBA147F6F15C693C741039DAA3D383C2F4AFB8FE653E4DAD49A9F998D1D1	build_p1pra_prod/_deps	UNKNOWN	UNKNOWN	PENDING
000948	build_p1pra_prod/_deps/nlohmann_json-src/include/nlohmann/detail/iterators/iterator_traits.hpp	.hpp	1757	61	04B0EDAEB214AA1C932B9078849A8FBBBDA9C7A241B4CBC28A90B6D11C959443	build_p1pra_prod/_deps	UNKNOWN	UNKNOWN	PENDING
000949	build_p1pra_prod/_deps/nlohmann_json-src/include/nlohmann/detail/iterators/iter_impl.hpp	.hpp	24046	751	70D81EBB931DB43A19FE3872A3FB1BC91FAB27509C8D29EE4C4DD247B384CAE1	build_p1pra_prod/_deps	UNKNOWN	UNKNOWN	PENDING
000950	build_p1pra_prod/_deps/nlohmann_json-src/include/nlohmann/detail/iterators/json_reverse_iterator.hpp	.hpp	3861	130	031B45C4F90AB7D64ECB6606FAD880D867A23FC63A431F0DE34F0FC104307B66	build_p1pra_prod/_deps	UNKNOWN	UNKNOWN	PENDING
000951	build_p1pra_prod/_deps/nlohmann_json-src/include/nlohmann/detail/iterators/primitive_iterator.hpp	.hpp	3227	132	6C949107BB779CECB8BEBA0835F7292656B52B08C3F6A6D3B27229B58C28AEFE	build_p1pra_prod/_deps	UNKNOWN	UNKNOWN	PENDING
000952	build_p1pra_prod/_deps/nlohmann_json-src/include/nlohmann/detail/meta/cpp_future.hpp	.hpp	5178	171	486BA5A3724131D0C1646E36D9A4A9877505B2914078347E6067BB65593F01CE	build_p1pra_prod/_deps	UNKNOWN	UNKNOWN	PENDING
000953	build_p1pra_prod/_deps/nlohmann_json-src/include/nlohmann/detail/meta/detected.hpp	.hpp	2109	70	F79AA1F107E4DFD4554753E6FE05364A1147EF4498D3125CFC939A5534D2D527	build_p1pra_prod/_deps	UNKNOWN	UNKNOWN	PENDING
000954	build_p1pra_prod/_deps/nlohmann_json-src/include/nlohmann/detail/meta/identity_tag.hpp	.hpp	526	21	BBA9559DEC8519DE3044B537E96A59A601831797A5A3C38BF8023A6D949118D0	build_p1pra_prod/_deps	UNKNOWN	UNKNOWN	PENDING
000955	build_p1pra_prod/_deps/nlohmann_json-src/include/nlohmann/detail/meta/is_sax.hpp	.hpp	6960	159	1F81D6098B9AAD02A95C27EC333BBB13EEC3C5171B968E39B7ECB1B06B16C55B	build_p1pra_prod/_deps	UNKNOWN	UNKNOWN	PENDING
000956	build_p1pra_prod/_deps/nlohmann_json-src/include/nlohmann/detail/meta/std_fs.hpp	.hpp	766	29	FB514154EA8C11C04A00EFEB2E89EDBFD40F149ED39EF36568D9B2A1062E85E0	build_p1pra_prod/_deps	UNKNOWN	UNKNOWN	PENDING
000957	build_p1pra_prod/_deps/nlohmann_json-src/include/nlohmann/detail/meta/type_traits.hpp	.hpp	29454	795	1F901F9E4BCD585FF22C6B0C0956566BA8A4A1238A490A64E7755A2C313040D5	build_p1pra_prod/_deps	UNKNOWN	UNKNOWN	PENDING
000958	build_p1pra_prod/_deps/nlohmann_json-src/include/nlohmann/detail/meta/void_t.hpp	.hpp	597	24	581E7B157457EB9C488793F2CD7066B2C1BA31D5E9FEA6F0D67C8C732B5088E4	build_p1pra_prod/_deps	UNKNOWN	UNKNOWN	PENDING
000959	build_p1pra_prod/_deps/nlohmann_json-src/include/nlohmann/detail/meta/call_std/begin.hpp	.hpp	453	17	379660C15A30B84FF2A67E22734638F608CC37B34648461C7E9167DA1153D861	build_p1pra_prod/_deps	UNKNOWN	UNKNOWN	PENDING
000960	build_p1pra_prod/_deps/nlohmann_json-src/include/nlohmann/detail/meta/call_std/end.hpp	.hpp	451	17	DECA609BF200442F452B848C19F28EE30879DF0CA35E959ED3B41F861C92DF55	build_p1pra_prod/_deps	UNKNOWN	UNKNOWN	PENDING
000961	build_p1pra_prod/_deps/nlohmann_json-src/include/nlohmann/detail/output/binary_writer.hpp	.hpp	71152	1838	665CE1EA5FB2CB425896B713BDD8D8D5A6D69688924FA6E2EFAFFB4E9D132011	build_p1pra_prod/_deps	UNKNOWN	UNKNOWN	PENDING
000962	build_p1pra_prod/_deps/nlohmann_json-src/include/nlohmann/detail/output/output_adapters.hpp	.hpp	4067	147	1E0BCC375B4D84180649198E2F8061F5968A10A6913231FEE097689D281ED565	build_p1pra_prod/_deps	UNKNOWN	UNKNOWN	PENDING
000963	build_p1pra_prod/_deps/nlohmann_json-src/include/nlohmann/detail/output/serializer.hpp	.hpp	40163	988	259C611D4B1147E3626D25BC05994B28F91F4FCCA2E578E486DCF51C0234E5C8	build_p1pra_prod/_deps	UNKNOWN	UNKNOWN	PENDING
000964	build_p1pra_prod/_deps/nlohmann_json-src/include/nlohmann/thirdparty/hedley/hedley.hpp	.hpp	86068	2045	20D6C1C6D6C30365F68A45093798937971B593919FB3051431F0C015DFA671FB	build_p1pra_prod/_deps	UNKNOWN	UNKNOWN	PENDING
000965	build_p1pra_prod/_deps/nlohmann_json-src/include/nlohmann/thirdparty/hedley/hedley_undef.hpp	.hpp	5500	158	0F8902F26872F40A2514E9C9BE2FCEBFCE6CDE0022E9364FDDD17FB49575B146	build_p1pra_prod/_deps	UNKNOWN	UNKNOWN	PENDING
000966	build_p1pra_prod/_deps/nlohmann_json-src/single_include/nlohmann/json.hpp	.hpp	919975	24765	9BEA4C8066EF4A1C206B2BE5A36302F8926F7FDC6087AF5D20B417D0CF103EA6	build_p1pra_prod/_deps	UNKNOWN	UNKNOWN	PENDING
000967	build_p1pra_prod/_deps/nlohmann_json-src/single_include/nlohmann/json_fwd.hpp	.hpp	6340	176	5CEFBBA751BAF5243033FD894C70BE9B37103D64B3D3A959E4173197D71137B9	build_p1pra_prod/_deps	UNKNOWN	UNKNOWN	PENDING
000968	build_p1pra_prod/_deps/nlohmann_json-subbuild/CMakeLists.txt	.txt	1546	34	856066639ADFEF5E99CC2F87B07A70BA93D15AA80E4D5B3D38C2E0B5852276C6	build_p1pra_prod/_deps	UNKNOWN	UNKNOWN	PENDING
000969	build_p1pra_prod/_deps/nlohmann_json-subbuild/cmake_install.cmake	.cmake	1999	56	1DFB3C40D9DD2C76D5E5847FC4A0F4D1F9C0C1FBA3155CCE396C0CB9B51DFEFF	build_p1pra_prod/_deps	UNKNOWN	UNKNOWN	PENDING
000970	build_p1pra_prod/_deps/nlohmann_json-subbuild/CMakeFiles/CMakeConfigureLog.yaml	.yaml	271	11	ECF712160B779608B83B769991FDA879E04498880AF245A3073EE7466823C663	build_p1pra_prod/_deps	UNKNOWN	UNKNOWN	PENDING
000971	build_p1pra_prod/_deps/nlohmann_json-subbuild/CMakeFiles/InstallScripts.json	.json	144	7	E72B56DDC53B3F80D591BF0E162BB0AB01097FF00B4EC8D81D791D80F4B9A535	build_p1pra_prod/_deps	UNKNOWN	UNKNOWN	PENDING
000972	build_p1pra_prod/_deps/nlohmann_json-subbuild/CMakeFiles/4.4.2/CMakeSystem.cmake	.cmake	395	15	CB655F074177502B26612FA979EE72C606731A0B59F300E936EBBA161D8CCE09	build_p1pra_prod/_deps	UNKNOWN	UNKNOWN	PENDING
000973	build_p1pra_prod/_deps/nlohmann_json-subbuild/CMakeFiles/nlohmann_json-populate.dir/Labels.json	.json	1918	46	AC06030AF0494EFA0196345A1040E5F5C36D3378244DD0CFA7B7BBC77F09D187	build_p1pra_prod/_deps	UNKNOWN	UNKNOWN	PENDING
000974	build_p1pra_prod/_deps/nlohmann_json-subbuild/nlohmann_json-populate-prefix/src/nlohmann_json-populate-stamp/download-nlohmann_json-populate.cmake	.cmake	5213	166	DE99B560A1A0012560256D7FE2D7B9F2A18A207F2BC70605A5D5CA555BA7C018	build_p1pra_prod/_deps	UNKNOWN	UNKNOWN	PENDING
000975	build_p1pra_prod/_deps/nlohmann_json-subbuild/nlohmann_json-populate-prefix/src/nlohmann_json-populate-stamp/extract-nlohmann_json-populate.cmake	.cmake	1983	65	7058F3EA94E13E2753F8643BE6D6BC558A1B396407DD70BEB9AFF68EF771533A	build_p1pra_prod/_deps	UNKNOWN	UNKNOWN	PENDING
000976	build_p1pra_prod/_deps/nlohmann_json-subbuild/nlohmann_json-populate-prefix/tmp/nlohmann_json-populate-mkdirs.cmake	.cmake	1703	27	D0091F2FEEF7B0F9F4B533A364AFEC2BAA3A98BF404C814BC84E06922C48CB97	build_p1pra_prod/_deps	UNKNOWN	UNKNOWN	PENDING
000977	build_p1pra_win32ide_ninja/CMakeFiles/CMakeConfigureLog.yaml	.yaml	535896	7513	90D693A95FE5BB80BFB4C48A38948A4FC849F127EC3F62E80A51196480D61F8B	build_p1pra_win32ide_ninja/CMakeFiles	UNKNOWN	UNKNOWN	PENDING
000978	build_p1pra_win32ide_ninja/CMakeFiles/4.4.2/CMakeASM_MASMCompiler.cmake	.cmake	1555	31	2854EEB905485DAFD438E0C81309CB5FEBF71AC879DD3B77F5823D872C31C841	build_p1pra_win32ide_ninja/CMakeFiles	UNKNOWN	UNKNOWN	PENDING
000979	build_p1pra_win32ide_ninja/CMakeFiles/4.4.2/CMakeCCompiler.cmake	.cmake	3433	86	AC464FA49275380D8836A0121B85375623E822C035DF70A068A554ADB61C3D20	build_p1pra_win32ide_ninja/CMakeFiles	UNKNOWN	UNKNOWN	PENDING
000980	build_p1pra_win32ide_ninja/CMakeFiles/4.4.2/CMakeCXXCompiler.cmake	.cmake	6749	103	697FF827E1571D62CF6ECBBB882AD023B2621575B55BE87159545332150C7E3C	build_p1pra_win32ide_ninja/CMakeFiles	UNKNOWN	UNKNOWN	PENDING
000981	build_p1pra_win32ide_ninja/CMakeFiles/4.4.2/CMakeRCCompiler.cmake	.cmake	276	6	F1C96E7B6BC035D04A44733638743F28BF70450E870A3095A55CFF6AD81924FA	build_p1pra_win32ide_ninja/CMakeFiles	UNKNOWN	UNKNOWN	PENDING
000982	build_p1pra_win32ide_ninja/CMakeFiles/4.4.2/CMakeSystem.cmake	.cmake	399	15	14F764C3F0C50603F951C55B1787FA383C48D641385221057CD4F25001C4B314	build_p1pra_win32ide_ninja/CMakeFiles	UNKNOWN	UNKNOWN	PENDING
000983	build_p1pra_win32ide_ninja/CMakeFiles/4.4.2/CompilerIdC/CMakeCCompilerId.c	.c	29974	945	6B712B317574A51D1D4F3A69F0722D9EF310910570FD191501CDD45655E061D3	build_p1pra_win32ide_ninja/CMakeFiles	UNKNOWN	UNKNOWN	PENDING
000984	build_p1pra_win32ide_ninja/CMakeFiles/4.4.2/CompilerIdCXX/CMakeCXXCompilerId.cpp	.cpp	30605	954	C260F5F6368FE636DA54C24D6ABD310AC6FCC3ACDC4BDC674D9B7223569A85EB	build_p1pra_win32ide_ninja/CMakeFiles	UNKNOWN	UNKNOWN	PENDING
000985	build_p1pra_win32ide_ninja/CMakeFiles/ShowIncludes/foo.h	.h	2	1	7EB70257593DA06F682A3DDDA54A9D260D4FC514F645237F5CA74B08F8DA61A6	build_p1pra_win32ide_ninja/CMakeFiles	UNKNOWN	UNKNOWN	EXCLUDED_WITH_REASON
000986	build_p1pra_win32ide_ninja/CMakeFiles/ShowIncludes/main.c	.c	33	2	CDFAB295FC8E12C3ECFB6982F99058F032EE8284926AD71A829E70EA3BF02549	build_p1pra_win32ide_ninja/CMakeFiles	UNKNOWN	UNKNOWN	PENDING
000987	build_p2/CMakeFiles/CMakeConfigureLog.yaml	.yaml	644472	9508	193D08D5C7A220558A25374DC54616EF9FE17DC67258B8A1185B2EAE10A40E2E	build_p2/CMakeFiles	UNKNOWN	UNKNOWN	PENDING
000988	build_p2/CMakeFiles/4.4.2/CMakeASM_MASMCompiler.cmake	.cmake	1555	31	2854EEB905485DAFD438E0C81309CB5FEBF71AC879DD3B77F5823D872C31C841	build_p2/CMakeFiles	UNKNOWN	UNKNOWN	PENDING
000989	build_p2/CMakeFiles/4.4.2/CMakeCCompiler.cmake	.cmake	3411	86	C96A9C696C6E2168D03B3F7B05F229CAA42F1673D3BDC90BC9BB5C7C0A63631E	build_p2/CMakeFiles	UNKNOWN	UNKNOWN	PENDING
000990	build_p2/CMakeFiles/4.4.2/CMakeCXXCompiler.cmake	.cmake	6632	103	3818AE800A1D94F1B189F721136856C561F51E1E9C0562B1C1FD8285A06E357C	build_p2/CMakeFiles	UNKNOWN	UNKNOWN	PENDING
000991	build_p2/CMakeFiles/4.4.2/CMakeRCCompiler.cmake	.cmake	276	6	F1C96E7B6BC035D04A44733638743F28BF70450E870A3095A55CFF6AD81924FA	build_p2/CMakeFiles	UNKNOWN	UNKNOWN	PENDING
000992	build_p2/CMakeFiles/4.4.2/CMakeSystem.cmake	.cmake	399	15	14F764C3F0C50603F951C55B1787FA383C48D641385221057CD4F25001C4B314	build_p2/CMakeFiles	UNKNOWN	UNKNOWN	PENDING
000993	build_p2/CMakeFiles/4.4.2/CompilerIdC/CMakeCCompilerId.c	.c	29974	945	6B712B317574A51D1D4F3A69F0722D9EF310910570FD191501CDD45655E061D3	build_p2/CMakeFiles	UNKNOWN	UNKNOWN	PENDING
000994	build_p2/CMakeFiles/4.4.2/CompilerIdCXX/CMakeCXXCompilerId.cpp	.cpp	30605	954	C260F5F6368FE636DA54C24D6ABD310AC6FCC3ACDC4BDC674D9B7223569A85EB	build_p2/CMakeFiles	UNKNOWN	UNKNOWN	PENDING
000995	build_p2/_deps/nlohmann_json-build/nlohmann_jsonConfig.cmake	.cmake	635	15	A879DC2B648E17AC32836EF9013B5A6CF1234A74B9A60962CC081C3776C9F13F	build_p2/_deps	UNKNOWN	UNKNOWN	PENDING
000996	build_p2/_deps/nlohmann_json-build/nlohmann_jsonConfigVersion.cmake	.cmake	696	20	B6D73337D16D3DEB4B192056D1AC9E7E962929EC993F7F9652A949DE3D38CE8F	build_p2/_deps	UNKNOWN	UNKNOWN	PENDING
000997	build_p2/_deps/nlohmann_json-src/CMakeLists.txt	.txt	7180	209	9A00F4234C7804AF1A8ABA619C28B7462B11683FD6628A0EA62CBC168764C87F	build_p2/_deps	UNKNOWN	UNKNOWN	PENDING
000998	build_p2/_deps/nlohmann_json-src/include/nlohmann/adl_serializer.hpp	.hpp	2279	55	242B578E1A41C97DEC6890BD88BDB824CDB76A9EDD849C108299A59469D327E0	build_p2/_deps	UNKNOWN	UNKNOWN	PENDING
000999	build_p2/_deps/nlohmann_json-src/include/nlohmann/byte_container_with_subtype.hpp	.hpp	3533	103	C7DC197CBB54B9168373B4B9A3E1CC57CC5583BFCF5008B722B363335BC53511	build_p2/_deps	UNKNOWN	UNKNOWN	PENDING
001000	build_p2/_deps/nlohmann_json-src/include/nlohmann/json.hpp	.hpp	198618	5258	2432CBF7F4258453538ECA193CD937FC777462AE2CE8EE9F46E6EE460EF56BEA	build_p2/_deps	UNKNOWN	UNKNOWN	PENDING
001001	build_p2/_deps/nlohmann_json-src/include/nlohmann/json_fwd.hpp	.hpp	2541	75	C5B950B428534861B5869254FD773AFC724112FC9E141BD1FC89189640A3AE5D	build_p2/_deps	UNKNOWN	UNKNOWN	PENDING
001002	build_p2/_deps/nlohmann_json-src/include/nlohmann/ordered_map.hpp	.hpp	11692	359	31D1BB02500B734E09C27CE2CC216C8AF188344FBC19A6946AE301A12C7B62DF	build_p2/_deps	UNKNOWN	UNKNOWN	PENDING
001003	build_p2/_deps/nlohmann_json-src/include/nlohmann/detail/abi_macros.hpp	.hpp	3807	100	1C7DC7C5062B199A35853F4056ED00ED359EF8FA5C7FB15A58BC79598EC21422	build_p2/_deps	UNKNOWN	UNKNOWN	PENDING
001004	build_p2/_deps/nlohmann_json-src/include/nlohmann/detail/exceptions.hpp	.hpp	9267	257	55299C55106DE2624CA7AA6A5705AD6FF53814C1B52F8FE8D2872F13C956C95A	build_p2/_deps	UNKNOWN	UNKNOWN	PENDING
001005	build_p2/_deps/nlohmann_json-src/include/nlohmann/detail/hash.hpp	.hpp	4016	129	74A9E3AF772127CF0B12EE794ABC8C47B5BEA74CE658D0D20179A26BE5D95D0D	build_p2/_deps	UNKNOWN	UNKNOWN	PENDING
001006	build_p2/_deps/nlohmann_json-src/include/nlohmann/detail/json_custom_base_class.hpp	.hpp	1178	39	70DA7C5B17777F8DA6D83310D6526856542585EFA8A078DB61227B11AAF9EC0B	build_p2/_deps	UNKNOWN	UNKNOWN	PENDING
001007	build_p2/_deps/nlohmann_json-src/include/nlohmann/detail/json_pointer.hpp	.hpp	37143	988	4CF537AD88B2D686D5A349B26DA7E012BA9A58B01A0AB2BADAA796D9150E69BB	build_p2/_deps	UNKNOWN	UNKNOWN	PENDING
001008	build_p2/_deps/nlohmann_json-src/include/nlohmann/detail/json_ref.hpp	.hpp	1811	78	1660750DD10A562AAC1EEA37021F1E7138A5D6D50B051815708497A8D30BF60D	build_p2/_deps	UNKNOWN	UNKNOWN	PENDING
001009	build_p2/_deps/nlohmann_json-src/include/nlohmann/detail/macro_scope.hpp	.hpp	43639	482	70D2B2AA49A93170DED3D0C0D1B0F76103FDD09704BA5ECC862BC03095920847	build_p2/_deps	UNKNOWN	UNKNOWN	PENDING
001010	build_p2/_deps/nlohmann_json-src/include/nlohmann/detail/macro_unscope.hpp	.hpp	1252	45	5F7040DF475E2C943D9B22C335B61600DEB14B1E48A69B3450DE4C4A08C320BC	build_p2/_deps	UNKNOWN	UNKNOWN	PENDING
001011	build_p2/_deps/nlohmann_json-src/include/nlohmann/detail/string_concat.hpp	.hpp	5951	146	E8001630045F800C0EBCFC19E2B2F90139A4D20A9A359E134657767FD6FA9AA2	build_p2/_deps	UNKNOWN	UNKNOWN	PENDING
001012	build_p2/_deps/nlohmann_json-src/include/nlohmann/detail/string_escape.hpp	.hpp	2168	72	3BF6687FFA7F6FD3034591ADFDD6EA073584DF83694C6B57FEED9ADA965801E7	build_p2/_deps	UNKNOWN	UNKNOWN	PENDING
001013	build_p2/_deps/nlohmann_json-src/include/nlohmann/detail/value_t.hpp	.hpp	4326	118	60A7E24B34E93B8BA40EECF310A40C55042754328271C246F9CC1069F6A25958	build_p2/_deps	UNKNOWN	UNKNOWN	PENDING
001014	build_p2/_deps/nlohmann_json-src/include/nlohmann/detail/conversions/from_json.hpp	.hpp	18880	497	B37CED0BA32F8AC5834B4C96058CA5E445BCCEA27F46299A359EED0ECBF2E58E	build_p2/_deps	UNKNOWN	UNKNOWN	PENDING
001015	build_p2/_deps/nlohmann_json-src/include/nlohmann/detail/conversions/to_chars.hpp	.hpp	38562	1118	5FE11205C45DBD08373244D743F38E89CEEFB8C9B5FC4C68077117C786D53BEF	build_p2/_deps	UNKNOWN	UNKNOWN	PENDING
001016	build_p2/_deps/nlohmann_json-src/include/nlohmann/detail/conversions/to_json.hpp	.hpp	16274	446	73BAD524856D475A6071FD7B5422F80DF13BA7586F0D4B48141C2EC60CEBCF89	build_p2/_deps	UNKNOWN	UNKNOWN	PENDING
001017	build_p2/_deps/nlohmann_json-src/include/nlohmann/detail/input/binary_reader.hpp	.hpp	103146	3009	484BCC276C4FA6C7C61A93A8223F3E53BB4DC966E688E96641A93A50D7E503E9	build_p2/_deps	UNKNOWN	UNKNOWN	PENDING
001018	build_p2/_deps/nlohmann_json-src/include/nlohmann/detail/input/input_adapters.hpp	.hpp	17402	492	BD549419506089C82C94446F939587362FF01516B8E6624C472E704D27B1BE42	build_p2/_deps	UNKNOWN	UNKNOWN	PENDING
001019	build_p2/_deps/nlohmann_json-src/include/nlohmann/detail/input/json_sax.hpp	.hpp	21420	727	9147C9D07784A5F3DE890D68401AE07D03D0BC0DB24EBCBE7BEB8A31CFD858A0	build_p2/_deps	UNKNOWN	UNKNOWN	PENDING
001020	build_p2/_deps/nlohmann_json-src/include/nlohmann/detail/input/lexer.hpp	.hpp	54569	1633	550C275F09D55DEB1705B97B8A15B02F211EA0BA87E95452E7A023B854BB024C	build_p2/_deps	UNKNOWN	UNKNOWN	PENDING
001021	build_p2/_deps/nlohmann_json-src/include/nlohmann/detail/input/parser.hpp	.hpp	19661	519	094AED22CFDD641AC15EF59BFEF8DD1E23FD92373633A92ED928CB580F0CBD7E	build_p2/_deps	UNKNOWN	UNKNOWN	PENDING
001022	build_p2/_deps/nlohmann_json-src/include/nlohmann/detail/input/position_t.hpp	.hpp	958	37	0C9C5BE26020C0A7929F3CC1E7E0065589D6A8F4DC1BD2EE13F10EF1A7EFAA24	build_p2/_deps	UNKNOWN	UNKNOWN	PENDING
001023	build_p2/_deps/nlohmann_json-src/include/nlohmann/detail/iterators/internal_iterator.hpp	.hpp	1071	35	E75CF5E3C9AE358055BF3335FA2C5B6BBFBD1E24EA3DFDB62C187F37A8E2B485	build_p2/_deps	UNKNOWN	UNKNOWN	PENDING
001024	build_p2/_deps/nlohmann_json-src/include/nlohmann/detail/iterators/iteration_proxy.hpp	.hpp	8238	242	839EFBA147F6F15C693C741039DAA3D383C2F4AFB8FE653E4DAD49A9F998D1D1	build_p2/_deps	UNKNOWN	UNKNOWN	PENDING
001025	build_p2/_deps/nlohmann_json-src/include/nlohmann/detail/iterators/iterator_traits.hpp	.hpp	1757	61	04B0EDAEB214AA1C932B9078849A8FBBBDA9C7A241B4CBC28A90B6D11C959443	build_p2/_deps	UNKNOWN	UNKNOWN	PENDING
001026	build_p2/_deps/nlohmann_json-src/include/nlohmann/detail/iterators/iter_impl.hpp	.hpp	24046	751	70D81EBB931DB43A19FE3872A3FB1BC91FAB27509C8D29EE4C4DD247B384CAE1	build_p2/_deps	UNKNOWN	UNKNOWN	PENDING
001027	build_p2/_deps/nlohmann_json-src/include/nlohmann/detail/iterators/json_reverse_iterator.hpp	.hpp	3861	130	031B45C4F90AB7D64ECB6606FAD880D867A23FC63A431F0DE34F0FC104307B66	build_p2/_deps	UNKNOWN	UNKNOWN	PENDING
001028	build_p2/_deps/nlohmann_json-src/include/nlohmann/detail/iterators/primitive_iterator.hpp	.hpp	3227	132	6C949107BB779CECB8BEBA0835F7292656B52B08C3F6A6D3B27229B58C28AEFE	build_p2/_deps	UNKNOWN	UNKNOWN	PENDING
001029	build_p2/_deps/nlohmann_json-src/include/nlohmann/detail/meta/cpp_future.hpp	.hpp	5178	171	486BA5A3724131D0C1646E36D9A4A9877505B2914078347E6067BB65593F01CE	build_p2/_deps	UNKNOWN	UNKNOWN	PENDING
001030	build_p2/_deps/nlohmann_json-src/include/nlohmann/detail/meta/detected.hpp	.hpp	2109	70	F79AA1F107E4DFD4554753E6FE05364A1147EF4498D3125CFC939A5534D2D527	build_p2/_deps	UNKNOWN	UNKNOWN	PENDING
001031	build_p2/_deps/nlohmann_json-src/include/nlohmann/detail/meta/identity_tag.hpp	.hpp	526	21	BBA9559DEC8519DE3044B537E96A59A601831797A5A3C38BF8023A6D949118D0	build_p2/_deps	UNKNOWN	UNKNOWN	PENDING
001032	build_p2/_deps/nlohmann_json-src/include/nlohmann/detail/meta/is_sax.hpp	.hpp	6960	159	1F81D6098B9AAD02A95C27EC333BBB13EEC3C5171B968E39B7ECB1B06B16C55B	build_p2/_deps	UNKNOWN	UNKNOWN	PENDING
001033	build_p2/_deps/nlohmann_json-src/include/nlohmann/detail/meta/std_fs.hpp	.hpp	766	29	FB514154EA8C11C04A00EFEB2E89EDBFD40F149ED39EF36568D9B2A1062E85E0	build_p2/_deps	UNKNOWN	UNKNOWN	PENDING
001034	build_p2/_deps/nlohmann_json-src/include/nlohmann/detail/meta/type_traits.hpp	.hpp	29454	795	1F901F9E4BCD585FF22C6B0C0956566BA8A4A1238A490A64E7755A2C313040D5	build_p2/_deps	UNKNOWN	UNKNOWN	PENDING
001035	build_p2/_deps/nlohmann_json-src/include/nlohmann/detail/meta/void_t.hpp	.hpp	597	24	581E7B157457EB9C488793F2CD7066B2C1BA31D5E9FEA6F0D67C8C732B5088E4	build_p2/_deps	UNKNOWN	UNKNOWN	PENDING
001036	build_p2/_deps/nlohmann_json-src/include/nlohmann/detail/meta/call_std/begin.hpp	.hpp	453	17	379660C15A30B84FF2A67E22734638F608CC37B34648461C7E9167DA1153D861	build_p2/_deps	UNKNOWN	UNKNOWN	PENDING
001037	build_p2/_deps/nlohmann_json-src/include/nlohmann/detail/meta/call_std/end.hpp	.hpp	451	17	DECA609BF200442F452B848C19F28EE30879DF0CA35E959ED3B41F861C92DF55	build_p2/_deps	UNKNOWN	UNKNOWN	PENDING
001038	build_p2/_deps/nlohmann_json-src/include/nlohmann/detail/output/binary_writer.hpp	.hpp	71152	1838	665CE1EA5FB2CB425896B713BDD8D8D5A6D69688924FA6E2EFAFFB4E9D132011	build_p2/_deps	UNKNOWN	UNKNOWN	PENDING
001039	build_p2/_deps/nlohmann_json-src/include/nlohmann/detail/output/output_adapters.hpp	.hpp	4067	147	1E0BCC375B4D84180649198E2F8061F5968A10A6913231FEE097689D281ED565	build_p2/_deps	UNKNOWN	UNKNOWN	PENDING
001040	build_p2/_deps/nlohmann_json-src/include/nlohmann/detail/output/serializer.hpp	.hpp	40163	988	259C611D4B1147E3626D25BC05994B28F91F4FCCA2E578E486DCF51C0234E5C8	build_p2/_deps	UNKNOWN	UNKNOWN	PENDING
001041	build_p2/_deps/nlohmann_json-src/include/nlohmann/thirdparty/hedley/hedley.hpp	.hpp	86068	2045	20D6C1C6D6C30365F68A45093798937971B593919FB3051431F0C015DFA671FB	build_p2/_deps	UNKNOWN	UNKNOWN	PENDING
001042	build_p2/_deps/nlohmann_json-src/include/nlohmann/thirdparty/hedley/hedley_undef.hpp	.hpp	5500	158	0F8902F26872F40A2514E9C9BE2FCEBFCE6CDE0022E9364FDDD17FB49575B146	build_p2/_deps	UNKNOWN	UNKNOWN	PENDING
001043	build_p2/_deps/nlohmann_json-src/single_include/nlohmann/json.hpp	.hpp	919975	24765	9BEA4C8066EF4A1C206B2BE5A36302F8926F7FDC6087AF5D20B417D0CF103EA6	build_p2/_deps	UNKNOWN	UNKNOWN	PENDING
001044	build_p2/_deps/nlohmann_json-src/single_include/nlohmann/json_fwd.hpp	.hpp	6340	176	5CEFBBA751BAF5243033FD894C70BE9B37103D64B3D3A959E4173197D71137B9	build_p2/_deps	UNKNOWN	UNKNOWN	PENDING
001045	build_p2/_deps/nlohmann_json-subbuild/CMakeLists.txt	.txt	1530	34	422D86D73C3D5C1E3E44BBF8D9ED7AE5719ED47FD56C481FEC62A4FF77ED43B7	build_p2/_deps	UNKNOWN	UNKNOWN	PENDING
001046	build_p2/_deps/nlohmann_json-subbuild/cmake_install.cmake	.cmake	1975	56	648E0DA48BE409AC1019C335B3309952D20871249FA0972466BA6E0BD2DEC3FA	build_p2/_deps	UNKNOWN	UNKNOWN	PENDING
001047	build_p2/_deps/nlohmann_json-subbuild/CMakeFiles/CMakeConfigureLog.yaml	.yaml	271	11	ECF712160B779608B83B769991FDA879E04498880AF245A3073EE7466823C663	build_p2/_deps	UNKNOWN	UNKNOWN	PENDING
001048	build_p2/_deps/nlohmann_json-subbuild/CMakeFiles/InstallScripts.json	.json	136	7	B1D15E58AC288D05ACBF0270682EEA11808717E2F022B2A2494B4371E3699EDC	build_p2/_deps	UNKNOWN	UNKNOWN	PENDING
001049	build_p2/_deps/nlohmann_json-subbuild/CMakeFiles/4.4.2/CMakeSystem.cmake	.cmake	395	15	CB655F074177502B26612FA979EE72C606731A0B59F300E936EBBA161D8CCE09	build_p2/_deps	UNKNOWN	UNKNOWN	PENDING
001050	build_p2/_deps/nlohmann_json-subbuild/CMakeFiles/nlohmann_json-populate.dir/Labels.json	.json	1830	46	89F39AD6CAFFB125CD25B7B5D4161E66F38ADF642017F44175184A34B9FC65BF	build_p2/_deps	UNKNOWN	UNKNOWN	PENDING
001051	build_p2/_deps/nlohmann_json-subbuild/nlohmann_json-populate-prefix/src/nlohmann_json-populate-stamp/download-nlohmann_json-populate.cmake	.cmake	5125	166	CAADBC6DB1771D346A28DBD3AEADA75283BB5AA8846348AC02859DA44048F2F4	build_p2/_deps	UNKNOWN	UNKNOWN	PENDING
001052	build_p2/_deps/nlohmann_json-subbuild/nlohmann_json-populate-prefix/src/nlohmann_json-populate-stamp/extract-nlohmann_json-populate.cmake	.cmake	1967	65	64731D25296A3BFFF4E6A855092D04EB9A235089092F1C5A9C423E26933C5AD0	build_p2/_deps	UNKNOWN	UNKNOWN	PENDING
001053	build_p2/_deps/nlohmann_json-subbuild/nlohmann_json-populate-prefix/tmp/nlohmann_json-populate-mkdirs.cmake	.cmake	1623	27	CDE0B765C28E625B4C8B17240519560A14A18516DF5AC66EBC68A677B845F87A	build_p2/_deps	UNKNOWN	UNKNOWN	PENDING
001054	build_p2_fresh/CMakeFiles/CMakeConfigureLog.yaml	.yaml	531534	7387	72A2D4528DDA0557B9B7B69F82ADC193CF5D30C8C4CA7A60B6977B3A586CAA9A	build_p2_fresh/CMakeFiles	UNKNOWN	UNKNOWN	PENDING
001055	build_p2_fresh/CMakeFiles/4.4.2/CMakeASM_MASMCompiler.cmake	.cmake	1555	31	2854EEB905485DAFD438E0C81309CB5FEBF71AC879DD3B77F5823D872C31C841	build_p2_fresh/CMakeFiles	UNKNOWN	UNKNOWN	PENDING
001056	build_p2_fresh/CMakeFiles/4.4.2/CMakeCCompiler.cmake	.cmake	3411	86	C96A9C696C6E2168D03B3F7B05F229CAA42F1673D3BDC90BC9BB5C7C0A63631E	build_p2_fresh/CMakeFiles	UNKNOWN	UNKNOWN	PENDING
001057	build_p2_fresh/CMakeFiles/4.4.2/CMakeCXXCompiler.cmake	.cmake	6632	103	3818AE800A1D94F1B189F721136856C561F51E1E9C0562B1C1FD8285A06E357C	build_p2_fresh/CMakeFiles	UNKNOWN	UNKNOWN	PENDING
001058	build_p2_fresh/CMakeFiles/4.4.2/CMakeRCCompiler.cmake	.cmake	276	6	F1C96E7B6BC035D04A44733638743F28BF70450E870A3095A55CFF6AD81924FA	build_p2_fresh/CMakeFiles	UNKNOWN	UNKNOWN	PENDING
001059	build_p2_fresh/CMakeFiles/4.4.2/CMakeSystem.cmake	.cmake	399	15	14F764C3F0C50603F951C55B1787FA383C48D641385221057CD4F25001C4B314	build_p2_fresh/CMakeFiles	UNKNOWN	UNKNOWN	PENDING
001060	build_p2_fresh/CMakeFiles/4.4.2/CompilerIdC/CMakeCCompilerId.c	.c	29974	945	6B712B317574A51D1D4F3A69F0722D9EF310910570FD191501CDD45655E061D3	build_p2_fresh/CMakeFiles	UNKNOWN	UNKNOWN	PENDING
001061	build_p2_fresh/CMakeFiles/4.4.2/CompilerIdCXX/CMakeCXXCompilerId.cpp	.cpp	30605	954	C260F5F6368FE636DA54C24D6ABD310AC6FCC3ACDC4BDC674D9B7223569A85EB	build_p2_fresh/CMakeFiles	UNKNOWN	UNKNOWN	PENDING
001062	build_p2_fresh/_deps/nlohmann_json-build/nlohmann_jsonConfig.cmake	.cmake	635	15	A879DC2B648E17AC32836EF9013B5A6CF1234A74B9A60962CC081C3776C9F13F	build_p2_fresh/_deps	UNKNOWN	UNKNOWN	PENDING
001063	build_p2_fresh/_deps/nlohmann_json-build/nlohmann_jsonConfigVersion.cmake	.cmake	696	20	B6D73337D16D3DEB4B192056D1AC9E7E962929EC993F7F9652A949DE3D38CE8F	build_p2_fresh/_deps	UNKNOWN	UNKNOWN	PENDING
001064	build_p2_fresh/_deps/nlohmann_json-src/CMakeLists.txt	.txt	7180	209	9A00F4234C7804AF1A8ABA619C28B7462B11683FD6628A0EA62CBC168764C87F	build_p2_fresh/_deps	UNKNOWN	UNKNOWN	PENDING
001065	build_p2_fresh/_deps/nlohmann_json-src/include/nlohmann/adl_serializer.hpp	.hpp	2279	55	242B578E1A41C97DEC6890BD88BDB824CDB76A9EDD849C108299A59469D327E0	build_p2_fresh/_deps	UNKNOWN	UNKNOWN	PENDING
001066	build_p2_fresh/_deps/nlohmann_json-src/include/nlohmann/byte_container_with_subtype.hpp	.hpp	3533	103	C7DC197CBB54B9168373B4B9A3E1CC57CC5583BFCF5008B722B363335BC53511	build_p2_fresh/_deps	UNKNOWN	UNKNOWN	PENDING
001067	build_p2_fresh/_deps/nlohmann_json-src/include/nlohmann/json.hpp	.hpp	198618	5258	2432CBF7F4258453538ECA193CD937FC777462AE2CE8EE9F46E6EE460EF56BEA	build_p2_fresh/_deps	UNKNOWN	UNKNOWN	PENDING
001068	build_p2_fresh/_deps/nlohmann_json-src/include/nlohmann/json_fwd.hpp	.hpp	2541	75	C5B950B428534861B5869254FD773AFC724112FC9E141BD1FC89189640A3AE5D	build_p2_fresh/_deps	UNKNOWN	UNKNOWN	PENDING
001069	build_p2_fresh/_deps/nlohmann_json-src/include/nlohmann/ordered_map.hpp	.hpp	11692	359	31D1BB02500B734E09C27CE2CC216C8AF188344FBC19A6946AE301A12C7B62DF	build_p2_fresh/_deps	UNKNOWN	UNKNOWN	PENDING
001070	build_p2_fresh/_deps/nlohmann_json-src/include/nlohmann/detail/abi_macros.hpp	.hpp	3807	100	1C7DC7C5062B199A35853F4056ED00ED359EF8FA5C7FB15A58BC79598EC21422	build_p2_fresh/_deps	UNKNOWN	UNKNOWN	PENDING
001071	build_p2_fresh/_deps/nlohmann_json-src/include/nlohmann/detail/exceptions.hpp	.hpp	9267	257	55299C55106DE2624CA7AA6A5705AD6FF53814C1B52F8FE8D2872F13C956C95A	build_p2_fresh/_deps	UNKNOWN	UNKNOWN	PENDING
001072	build_p2_fresh/_deps/nlohmann_json-src/include/nlohmann/detail/hash.hpp	.hpp	4016	129	74A9E3AF772127CF0B12EE794ABC8C47B5BEA74CE658D0D20179A26BE5D95D0D	build_p2_fresh/_deps	UNKNOWN	UNKNOWN	PENDING
001073	build_p2_fresh/_deps/nlohmann_json-src/include/nlohmann/detail/json_custom_base_class.hpp	.hpp	1178	39	70DA7C5B17777F8DA6D83310D6526856542585EFA8A078DB61227B11AAF9EC0B	build_p2_fresh/_deps	UNKNOWN	UNKNOWN	PENDING
001074	build_p2_fresh/_deps/nlohmann_json-src/include/nlohmann/detail/json_pointer.hpp	.hpp	37143	988	4CF537AD88B2D686D5A349B26DA7E012BA9A58B01A0AB2BADAA796D9150E69BB	build_p2_fresh/_deps	UNKNOWN	UNKNOWN	PENDING
001075	build_p2_fresh/_deps/nlohmann_json-src/include/nlohmann/detail/json_ref.hpp	.hpp	1811	78	1660750DD10A562AAC1EEA37021F1E7138A5D6D50B051815708497A8D30BF60D	build_p2_fresh/_deps	UNKNOWN	UNKNOWN	PENDING
001076	build_p2_fresh/_deps/nlohmann_json-src/include/nlohmann/detail/macro_scope.hpp	.hpp	43639	482	70D2B2AA49A93170DED3D0C0D1B0F76103FDD09704BA5ECC862BC03095920847	build_p2_fresh/_deps	UNKNOWN	UNKNOWN	PENDING
001077	build_p2_fresh/_deps/nlohmann_json-src/include/nlohmann/detail/macro_unscope.hpp	.hpp	1252	45	5F7040DF475E2C943D9B22C335B61600DEB14B1E48A69B3450DE4C4A08C320BC	build_p2_fresh/_deps	UNKNOWN	UNKNOWN	PENDING
001078	build_p2_fresh/_deps/nlohmann_json-src/include/nlohmann/detail/string_concat.hpp	.hpp	5951	146	E8001630045F800C0EBCFC19E2B2F90139A4D20A9A359E134657767FD6FA9AA2	build_p2_fresh/_deps	UNKNOWN	UNKNOWN	PENDING
001079	build_p2_fresh/_deps/nlohmann_json-src/include/nlohmann/detail/string_escape.hpp	.hpp	2168	72	3BF6687FFA7F6FD3034591ADFDD6EA073584DF83694C6B57FEED9ADA965801E7	build_p2_fresh/_deps	UNKNOWN	UNKNOWN	PENDING
001080	build_p2_fresh/_deps/nlohmann_json-src/include/nlohmann/detail/value_t.hpp	.hpp	4326	118	60A7E24B34E93B8BA40EECF310A40C55042754328271C246F9CC1069F6A25958	build_p2_fresh/_deps	UNKNOWN	UNKNOWN	PENDING
001081	build_p2_fresh/_deps/nlohmann_json-src/include/nlohmann/detail/conversions/from_json.hpp	.hpp	18880	497	B37CED0BA32F8AC5834B4C96058CA5E445BCCEA27F46299A359EED0ECBF2E58E	build_p2_fresh/_deps	UNKNOWN	UNKNOWN	PENDING
001082	build_p2_fresh/_deps/nlohmann_json-src/include/nlohmann/detail/conversions/to_chars.hpp	.hpp	38562	1118	5FE11205C45DBD08373244D743F38E89CEEFB8C9B5FC4C68077117C786D53BEF	build_p2_fresh/_deps	UNKNOWN	UNKNOWN	PENDING
001083	build_p2_fresh/_deps/nlohmann_json-src/include/nlohmann/detail/conversions/to_json.hpp	.hpp	16274	446	73BAD524856D475A6071FD7B5422F80DF13BA7586F0D4B48141C2EC60CEBCF89	build_p2_fresh/_deps	UNKNOWN	UNKNOWN	PENDING
001084	build_p2_fresh/_deps/nlohmann_json-src/include/nlohmann/detail/input/binary_reader.hpp	.hpp	103146	3009	484BCC276C4FA6C7C61A93A8223F3E53BB4DC966E688E96641A93A50D7E503E9	build_p2_fresh/_deps	UNKNOWN	UNKNOWN	PENDING
001085	build_p2_fresh/_deps/nlohmann_json-src/include/nlohmann/detail/input/input_adapters.hpp	.hpp	17402	492	BD549419506089C82C94446F939587362FF01516B8E6624C472E704D27B1BE42	build_p2_fresh/_deps	UNKNOWN	UNKNOWN	PENDING
001086	build_p2_fresh/_deps/nlohmann_json-src/include/nlohmann/detail/input/json_sax.hpp	.hpp	21420	727	9147C9D07784A5F3DE890D68401AE07D03D0BC0DB24EBCBE7BEB8A31CFD858A0	build_p2_fresh/_deps	UNKNOWN	UNKNOWN	PENDING
001087	build_p2_fresh/_deps/nlohmann_json-src/include/nlohmann/detail/input/lexer.hpp	.hpp	54569	1633	550C275F09D55DEB1705B97B8A15B02F211EA0BA87E95452E7A023B854BB024C	build_p2_fresh/_deps	UNKNOWN	UNKNOWN	PENDING
001088	build_p2_fresh/_deps/nlohmann_json-src/include/nlohmann/detail/input/parser.hpp	.hpp	19661	519	094AED22CFDD641AC15EF59BFEF8DD1E23FD92373633A92ED928CB580F0CBD7E	build_p2_fresh/_deps	UNKNOWN	UNKNOWN	PENDING
001089	build_p2_fresh/_deps/nlohmann_json-src/include/nlohmann/detail/input/position_t.hpp	.hpp	958	37	0C9C5BE26020C0A7929F3CC1E7E0065589D6A8F4DC1BD2EE13F10EF1A7EFAA24	build_p2_fresh/_deps	UNKNOWN	UNKNOWN	PENDING
001090	build_p2_fresh/_deps/nlohmann_json-src/include/nlohmann/detail/iterators/internal_iterator.hpp	.hpp	1071	35	E75CF5E3C9AE358055BF3335FA2C5B6BBFBD1E24EA3DFDB62C187F37A8E2B485	build_p2_fresh/_deps	UNKNOWN	UNKNOWN	PENDING
001091	build_p2_fresh/_deps/nlohmann_json-src/include/nlohmann/detail/iterators/iteration_proxy.hpp	.hpp	8238	242	839EFBA147F6F15C693C741039DAA3D383C2F4AFB8FE653E4DAD49A9F998D1D1	build_p2_fresh/_deps	UNKNOWN	UNKNOWN	PENDING
001092	build_p2_fresh/_deps/nlohmann_json-src/include/nlohmann/detail/iterators/iterator_traits.hpp	.hpp	1757	61	04B0EDAEB214AA1C932B9078849A8FBBBDA9C7A241B4CBC28A90B6D11C959443	build_p2_fresh/_deps	UNKNOWN	UNKNOWN	PENDING
001093	build_p2_fresh/_deps/nlohmann_json-src/include/nlohmann/detail/iterators/iter_impl.hpp	.hpp	24046	751	70D81EBB931DB43A19FE3872A3FB1BC91FAB27509C8D29EE4C4DD247B384CAE1	build_p2_fresh/_deps	UNKNOWN	UNKNOWN	PENDING
001094	build_p2_fresh/_deps/nlohmann_json-src/include/nlohmann/detail/iterators/json_reverse_iterator.hpp	.hpp	3861	130	031B45C4F90AB7D64ECB6606FAD880D867A23FC63A431F0DE34F0FC104307B66	build_p2_fresh/_deps	UNKNOWN	UNKNOWN	PENDING
001095	build_p2_fresh/_deps/nlohmann_json-src/include/nlohmann/detail/iterators/primitive_iterator.hpp	.hpp	3227	132	6C949107BB779CECB8BEBA0835F7292656B52B08C3F6A6D3B27229B58C28AEFE	build_p2_fresh/_deps	UNKNOWN	UNKNOWN	PENDING
001096	build_p2_fresh/_deps/nlohmann_json-src/include/nlohmann/detail/meta/cpp_future.hpp	.hpp	5178	171	486BA5A3724131D0C1646E36D9A4A9877505B2914078347E6067BB65593F01CE	build_p2_fresh/_deps	UNKNOWN	UNKNOWN	PENDING
001097	build_p2_fresh/_deps/nlohmann_json-src/include/nlohmann/detail/meta/detected.hpp	.hpp	2109	70	F79AA1F107E4DFD4554753E6FE05364A1147EF4498D3125CFC939A5534D2D527	build_p2_fresh/_deps	UNKNOWN	UNKNOWN	PENDING
001098	build_p2_fresh/_deps/nlohmann_json-src/include/nlohmann/detail/meta/identity_tag.hpp	.hpp	526	21	BBA9559DEC8519DE3044B537E96A59A601831797A5A3C38BF8023A6D949118D0	build_p2_fresh/_deps	UNKNOWN	UNKNOWN	PENDING
001099	build_p2_fresh/_deps/nlohmann_json-src/include/nlohmann/detail/meta/is_sax.hpp	.hpp	6960	159	1F81D6098B9AAD02A95C27EC333BBB13EEC3C5171B968E39B7ECB1B06B16C55B	build_p2_fresh/_deps	UNKNOWN	UNKNOWN	PENDING
001100	build_p2_fresh/_deps/nlohmann_json-src/include/nlohmann/detail/meta/std_fs.hpp	.hpp	766	29	FB514154EA8C11C04A00EFEB2E89EDBFD40F149ED39EF36568D9B2A1062E85E0	build_p2_fresh/_deps	UNKNOWN	UNKNOWN	PENDING
001101	build_p2_fresh/_deps/nlohmann_json-src/include/nlohmann/detail/meta/type_traits.hpp	.hpp	29454	795	1F901F9E4BCD585FF22C6B0C0956566BA8A4A1238A490A64E7755A2C313040D5	build_p2_fresh/_deps	UNKNOWN	UNKNOWN	PENDING
001102	build_p2_fresh/_deps/nlohmann_json-src/include/nlohmann/detail/meta/void_t.hpp	.hpp	597	24	581E7B157457EB9C488793F2CD7066B2C1BA31D5E9FEA6F0D67C8C732B5088E4	build_p2_fresh/_deps	UNKNOWN	UNKNOWN	PENDING
001103	build_p2_fresh/_deps/nlohmann_json-src/include/nlohmann/detail/meta/call_std/begin.hpp	.hpp	453	17	379660C15A30B84FF2A67E22734638F608CC37B34648461C7E9167DA1153D861	build_p2_fresh/_deps	UNKNOWN	UNKNOWN	PENDING
001104	build_p2_fresh/_deps/nlohmann_json-src/include/nlohmann/detail/meta/call_std/end.hpp	.hpp	451	17	DECA609BF200442F452B848C19F28EE30879DF0CA35E959ED3B41F861C92DF55	build_p2_fresh/_deps	UNKNOWN	UNKNOWN	PENDING
001105	build_p2_fresh/_deps/nlohmann_json-src/include/nlohmann/detail/output/binary_writer.hpp	.hpp	71152	1838	665CE1EA5FB2CB425896B713BDD8D8D5A6D69688924FA6E2EFAFFB4E9D132011	build_p2_fresh/_deps	UNKNOWN	UNKNOWN	PENDING
001106	build_p2_fresh/_deps/nlohmann_json-src/include/nlohmann/detail/output/output_adapters.hpp	.hpp	4067	147	1E0BCC375B4D84180649198E2F8061F5968A10A6913231FEE097689D281ED565	build_p2_fresh/_deps	UNKNOWN	UNKNOWN	PENDING
001107	build_p2_fresh/_deps/nlohmann_json-src/include/nlohmann/detail/output/serializer.hpp	.hpp	40163	988	259C611D4B1147E3626D25BC05994B28F91F4FCCA2E578E486DCF51C0234E5C8	build_p2_fresh/_deps	UNKNOWN	UNKNOWN	PENDING
001108	build_p2_fresh/_deps/nlohmann_json-src/include/nlohmann/thirdparty/hedley/hedley.hpp	.hpp	86068	2045	20D6C1C6D6C30365F68A45093798937971B593919FB3051431F0C015DFA671FB	build_p2_fresh/_deps	UNKNOWN	UNKNOWN	PENDING
001109	build_p2_fresh/_deps/nlohmann_json-src/include/nlohmann/thirdparty/hedley/hedley_undef.hpp	.hpp	5500	158	0F8902F26872F40A2514E9C9BE2FCEBFCE6CDE0022E9364FDDD17FB49575B146	build_p2_fresh/_deps	UNKNOWN	UNKNOWN	PENDING
001110	build_p2_fresh/_deps/nlohmann_json-src/single_include/nlohmann/json.hpp	.hpp	919975	24765	9BEA4C8066EF4A1C206B2BE5A36302F8926F7FDC6087AF5D20B417D0CF103EA6	build_p2_fresh/_deps	UNKNOWN	UNKNOWN	PENDING
001111	build_p2_fresh/_deps/nlohmann_json-src/single_include/nlohmann/json_fwd.hpp	.hpp	6340	176	5CEFBBA751BAF5243033FD894C70BE9B37103D64B3D3A959E4173197D71137B9	build_p2_fresh/_deps	UNKNOWN	UNKNOWN	PENDING
001112	build_p2_fresh/_deps/nlohmann_json-subbuild/CMakeLists.txt	.txt	1542	34	4C7CCD686A884E14E82079FA2EE0DD9560BDA466CF7BDFC3A163A9BDD2395AFE	build_p2_fresh/_deps	UNKNOWN	UNKNOWN	PENDING
001113	build_p2_fresh/_deps/nlohmann_json-subbuild/cmake_install.cmake	.cmake	1999	56	740DFCF864E27F624D68B895162E54EBC1F9BE415C90A75E39C4E3766E675767	build_p2_fresh/_deps	UNKNOWN	UNKNOWN	PENDING
001114	build_p2_fresh/_deps/nlohmann_json-subbuild/CMakeFiles/CMakeConfigureLog.yaml	.yaml	271	11	ECF712160B779608B83B769991FDA879E04498880AF245A3073EE7466823C663	build_p2_fresh/_deps	UNKNOWN	UNKNOWN	PENDING
001115	build_p2_fresh/_deps/nlohmann_json-subbuild/CMakeFiles/InstallScripts.json	.json	142	7	1AD877D2054C0D5D2896FBCE1CB6454FAF83396CBDDB160828C2C497A79D3292	build_p2_fresh/_deps	UNKNOWN	UNKNOWN	PENDING
001116	build_p2_fresh/_deps/nlohmann_json-subbuild/CMakeFiles/4.4.2/CMakeSystem.cmake	.cmake	395	15	CB655F074177502B26612FA979EE72C606731A0B59F300E936EBBA161D8CCE09	build_p2_fresh/_deps	UNKNOWN	UNKNOWN	PENDING
001117	build_p2_fresh/_deps/nlohmann_json-subbuild/CMakeFiles/nlohmann_json-populate.dir/Labels.json	.json	1896	46	82E6C1DF82083951057E51DB893356C07E68C32AFD42CE3C1281E4DC2FE9F6F6	build_p2_fresh/_deps	UNKNOWN	UNKNOWN	PENDING
001118	build_p2_fresh/_deps/nlohmann_json-subbuild/nlohmann_json-populate-prefix/src/nlohmann_json-populate-stamp/download-nlohmann_json-populate.cmake	.cmake	5191	166	BE4FF88F774D639BA4351DECD91A7AB5C0F48FFDBDA1176530B3F4301FEA5B32	build_p2_fresh/_deps	UNKNOWN	UNKNOWN	PENDING
001119	build_p2_fresh/_deps/nlohmann_json-subbuild/nlohmann_json-populate-prefix/src/nlohmann_json-populate-stamp/extract-nlohmann_json-populate.cmake	.cmake	1979	65	31231C231004F2886AA90623514D801C06CAEF8BBED0A061AEB1836BA4442924	build_p2_fresh/_deps	UNKNOWN	UNKNOWN	PENDING
001120	build_p2_fresh/_deps/nlohmann_json-subbuild/nlohmann_json-populate-prefix/tmp/nlohmann_json-populate-mkdirs.cmake	.cmake	1683	27	6C37AA30B02F9884255B1D514D208B4C442FA9E08B2CE9C722FFA059F240E93B	build_p2_fresh/_deps	UNKNOWN	UNKNOWN	PENDING
001121	build_parity/CMakeFiles/CMakeConfigureLog.yaml	.yaml	1122378	16459	708B67FCBE076AB8B8C60D515C30CBED3B82F8E37F54F39EAB03FD0935E717DF	build_parity/CMakeFiles	UNKNOWN	UNKNOWN	PENDING
001122	build_parity/CMakeFiles/4.4.2/CMakeASM_MASMCompiler.cmake	.cmake	1555	31	2854EEB905485DAFD438E0C81309CB5FEBF71AC879DD3B77F5823D872C31C841	build_parity/CMakeFiles	UNKNOWN	UNKNOWN	PENDING
001123	build_parity/CMakeFiles/4.4.2/CMakeCCompiler.cmake	.cmake	3411	86	C96A9C696C6E2168D03B3F7B05F229CAA42F1673D3BDC90BC9BB5C7C0A63631E	build_parity/CMakeFiles	UNKNOWN	UNKNOWN	PENDING
001124	build_parity/CMakeFiles/4.4.2/CMakeCXXCompiler.cmake	.cmake	6632	103	3818AE800A1D94F1B189F721136856C561F51E1E9C0562B1C1FD8285A06E357C	build_parity/CMakeFiles	UNKNOWN	UNKNOWN	PENDING
001125	build_parity/CMakeFiles/4.4.2/CMakeRCCompiler.cmake	.cmake	276	6	F1C96E7B6BC035D04A44733638743F28BF70450E870A3095A55CFF6AD81924FA	build_parity/CMakeFiles	UNKNOWN	UNKNOWN	PENDING
001126	build_parity/CMakeFiles/4.4.2/CMakeSystem.cmake	.cmake	399	15	14F764C3F0C50603F951C55B1787FA383C48D641385221057CD4F25001C4B314	build_parity/CMakeFiles	UNKNOWN	UNKNOWN	PENDING
001127	build_parity/CMakeFiles/4.4.2/CompilerIdC/CMakeCCompilerId.c	.c	29974	945	6B712B317574A51D1D4F3A69F0722D9EF310910570FD191501CDD45655E061D3	build_parity/CMakeFiles	UNKNOWN	UNKNOWN	PENDING
001128	build_parity/CMakeFiles/4.4.2/CompilerIdCXX/CMakeCXXCompilerId.cpp	.cpp	30605	954	C260F5F6368FE636DA54C24D6ABD310AC6FCC3ACDC4BDC674D9B7223569A85EB	build_parity/CMakeFiles	UNKNOWN	UNKNOWN	PENDING
001129	build_permissive_ide_audit/CMakeFiles/CMakeConfigureLog.yaml	.yaml	549027	7759	922FB4CE33D0B72A35ED25BEBF8AF46EA928AE10D8CCDE8E0479EA1B06D81A15	build_permissive_ide_audit/CMakeFiles	UNKNOWN	UNKNOWN	PENDING
001130	build_permissive_ide_audit/CMakeFiles/VerifyGlobs.cmake	.cmake	3991	91	28F7E524F0D1988BC553ABC62FC2722868BB5B43DE902A9841F4E46A0A05392B	build_permissive_ide_audit/CMakeFiles	UNKNOWN	UNKNOWN	PENDING
001131	build_permissive_ide_audit/CMakeFiles/4.4.2/CMakeASM_MASMCompiler.cmake	.cmake	1555	31	2854EEB905485DAFD438E0C81309CB5FEBF71AC879DD3B77F5823D872C31C841	build_permissive_ide_audit/CMakeFiles	UNKNOWN	UNKNOWN	PENDING
001132	build_permissive_ide_audit/CMakeFiles/4.4.2/CMakeCCompiler.cmake	.cmake	3411	86	C96A9C696C6E2168D03B3F7B05F229CAA42F1673D3BDC90BC9BB5C7C0A63631E	build_permissive_ide_audit/CMakeFiles	UNKNOWN	UNKNOWN	PENDING
001133	build_permissive_ide_audit/CMakeFiles/4.4.2/CMakeCXXCompiler.cmake	.cmake	6632	103	3818AE800A1D94F1B189F721136856C561F51E1E9C0562B1C1FD8285A06E357C	build_permissive_ide_audit/CMakeFiles	UNKNOWN	UNKNOWN	PENDING
001134	build_permissive_ide_audit/CMakeFiles/4.4.2/CMakeRCCompiler.cmake	.cmake	276	6	F1C96E7B6BC035D04A44733638743F28BF70450E870A3095A55CFF6AD81924FA	build_permissive_ide_audit/CMakeFiles	UNKNOWN	UNKNOWN	PENDING
001135	build_permissive_ide_audit/CMakeFiles/4.4.2/CMakeSystem.cmake	.cmake	399	15	14F764C3F0C50603F951C55B1787FA383C48D641385221057CD4F25001C4B314	build_permissive_ide_audit/CMakeFiles	UNKNOWN	UNKNOWN	PENDING
001136	build_permissive_ide_audit/CMakeFiles/4.4.2/CompilerIdC/CMakeCCompilerId.c	.c	29974	945	6B712B317574A51D1D4F3A69F0722D9EF310910570FD191501CDD45655E061D3	build_permissive_ide_audit/CMakeFiles	UNKNOWN	UNKNOWN	PENDING
001137	build_permissive_ide_audit/CMakeFiles/4.4.2/CompilerIdCXX/CMakeCXXCompilerId.cpp	.cpp	30605	954	C260F5F6368FE636DA54C24D6ABD310AC6FCC3ACDC4BDC674D9B7223569A85EB	build_permissive_ide_audit/CMakeFiles	UNKNOWN	UNKNOWN	PENDING
001138	build_prod_gate/cmake_install.cmake	.cmake	2773	81	A225038750FD01C1FACE3D1E03EFCA42998CD1D8FA38694220E3C857815949DD	build_prod_gate/cmake_install.cmake	UNKNOWN	UNKNOWN	PENDING
001139	build_prod_gate/CMakeFiles/CMakeConfigureLog.yaml	.yaml	577005	8496	7A41FF2C5594968938B5DB4EDF2E131AB09CFD2A42CC8B21E2FD8FD1E35608A3	build_prod_gate/CMakeFiles	UNKNOWN	UNKNOWN	PENDING
001140	build_prod_gate/CMakeFiles/InstallScripts.json	.json	473	12	9171718A6865A220BDAC0BCE7B26CF6A3C581ED0C8ADAC98B54BE2842E46151A	build_prod_gate/CMakeFiles	UNKNOWN	UNKNOWN	PENDING
001141	build_prod_gate/CMakeFiles/4.4.2/CMakeASM_MASMCompiler.cmake	.cmake	1555	31	2854EEB905485DAFD438E0C81309CB5FEBF71AC879DD3B77F5823D872C31C841	build_prod_gate/CMakeFiles	UNKNOWN	UNKNOWN	PENDING
001142	build_prod_gate/CMakeFiles/4.4.2/CMakeCCompiler.cmake	.cmake	3411	86	C96A9C696C6E2168D03B3F7B05F229CAA42F1673D3BDC90BC9BB5C7C0A63631E	build_prod_gate/CMakeFiles	UNKNOWN	UNKNOWN	PENDING
001143	build_prod_gate/CMakeFiles/4.4.2/CMakeCXXCompiler.cmake	.cmake	6632	103	3818AE800A1D94F1B189F721136856C561F51E1E9C0562B1C1FD8285A06E357C	build_prod_gate/CMakeFiles	UNKNOWN	UNKNOWN	PENDING
001144	build_prod_gate/CMakeFiles/4.4.2/CMakeRCCompiler.cmake	.cmake	276	6	F1C96E7B6BC035D04A44733638743F28BF70450E870A3095A55CFF6AD81924FA	build_prod_gate/CMakeFiles	UNKNOWN	UNKNOWN	PENDING
001145	build_prod_gate/CMakeFiles/4.4.2/CMakeSystem.cmake	.cmake	399	15	14F764C3F0C50603F951C55B1787FA383C48D641385221057CD4F25001C4B314	build_prod_gate/CMakeFiles	UNKNOWN	UNKNOWN	PENDING
001146	build_prod_gate/CMakeFiles/4.4.2/CompilerIdC/CMakeCCompilerId.c	.c	29974	945	6B712B317574A51D1D4F3A69F0722D9EF310910570FD191501CDD45655E061D3	build_prod_gate/CMakeFiles	UNKNOWN	UNKNOWN	PENDING
001147	build_prod_gate/CMakeFiles/4.4.2/CompilerIdCXX/CMakeCXXCompilerId.cpp	.cpp	30605	954	C260F5F6368FE636DA54C24D6ABD310AC6FCC3ACDC4BDC674D9B7223569A85EB	build_prod_gate/CMakeFiles	UNKNOWN	UNKNOWN	PENDING
001148	build_prod_gate/rguf_source/cmake_install.cmake	.cmake	1298	40	4A262278E0F4385A9F81A85219F28CAE59041EDC8ECD322CAABAC6AA7096BB90	build_prod_gate/rguf_source	UNKNOWN	UNKNOWN	PENDING
001149	build_prod_gate/src/ceo/cmake_install.cmake	.cmake	3388	64	77DDA3D0F3F557FC9B932507D5C66CFBED714A6699462359DB4BA52143F37A01	build_prod_gate/src	UNKNOWN	UNKNOWN	PENDING
001150	build_prod_gate/src/generation/cmake_install.cmake	.cmake	1304	40	D194B6067152259AD9767F701AF5B33437D6D3673829367B45E11ED7DEA8CD78	build_prod_gate/src	UNKNOWN	UNKNOWN	PENDING
001151	build_prod_gate/src/repository/cmake_install.cmake	.cmake	2425	52	809C84C3577243A3CFB85DC5ADA084784EC09890F0C5E31E77C3FC3CF5DA8035	build_prod_gate/src	UNKNOWN	UNKNOWN	PENDING
001152	build_prod_gate/src/reverse_engineering/cmake_install.cmake	.cmake	1322	40	DB7C438E0819EC4A4D682E871FB1B68D7194A97E5DB22DC3B32BA4DE58FCFF32	build_prod_gate/src	UNKNOWN	UNKNOWN	PENDING
001153	build_prod_gate2/cmake_install.cmake	.cmake	2780	81	3D031BC01B88529CA421FE2DDBC791111F153707513004933AB5B0DA453B34C9	build_prod_gate2/cmake_install.cmake	UNKNOWN	UNKNOWN	PENDING
001154	build_prod_gate2/CMakeFiles/CMakeConfigureLog.yaml	.yaml	604520	9008	0295761B2710F6069AD18F4FD5F6FD1EC6E5DC7BCC677410E73371A4191B4CBA	build_prod_gate2/CMakeFiles	UNKNOWN	UNKNOWN	PENDING
001155	build_prod_gate2/CMakeFiles/InstallScripts.json	.json	479	12	97C549C4F7E9480A155BE392261F8D93AA3EE42F0A107C75AEBE2312AF7E9545	build_prod_gate2/CMakeFiles	UNKNOWN	UNKNOWN	PENDING
001156	build_prod_gate2/CMakeFiles/4.4.2/CMakeASM_MASMCompiler.cmake	.cmake	1555	31	2854EEB905485DAFD438E0C81309CB5FEBF71AC879DD3B77F5823D872C31C841	build_prod_gate2/CMakeFiles	UNKNOWN	UNKNOWN	PENDING
001157	build_prod_gate2/CMakeFiles/4.4.2/CMakeCCompiler.cmake	.cmake	3411	86	C96A9C696C6E2168D03B3F7B05F229CAA42F1673D3BDC90BC9BB5C7C0A63631E	build_prod_gate2/CMakeFiles	UNKNOWN	UNKNOWN	PENDING
001158	build_prod_gate2/CMakeFiles/4.4.2/CMakeCXXCompiler.cmake	.cmake	6632	103	3818AE800A1D94F1B189F721136856C561F51E1E9C0562B1C1FD8285A06E357C	build_prod_gate2/CMakeFiles	UNKNOWN	UNKNOWN	PENDING
001159	build_prod_gate2/CMakeFiles/4.4.2/CMakeRCCompiler.cmake	.cmake	276	6	F1C96E7B6BC035D04A44733638743F28BF70450E870A3095A55CFF6AD81924FA	build_prod_gate2/CMakeFiles	UNKNOWN	UNKNOWN	PENDING
001160	build_prod_gate2/CMakeFiles/4.4.2/CMakeSystem.cmake	.cmake	399	15	14F764C3F0C50603F951C55B1787FA383C48D641385221057CD4F25001C4B314	build_prod_gate2/CMakeFiles	UNKNOWN	UNKNOWN	PENDING
001161	build_prod_gate2/CMakeFiles/4.4.2/CompilerIdC/CMakeCCompilerId.c	.c	29974	945	6B712B317574A51D1D4F3A69F0722D9EF310910570FD191501CDD45655E061D3	build_prod_gate2/CMakeFiles	UNKNOWN	UNKNOWN	PENDING
001162	build_prod_gate2/CMakeFiles/4.4.2/CompilerIdCXX/CMakeCXXCompilerId.cpp	.cpp	30605	954	C260F5F6368FE636DA54C24D6ABD310AC6FCC3ACDC4BDC674D9B7223569A85EB	build_prod_gate2/CMakeFiles	UNKNOWN	UNKNOWN	PENDING
001163	build_prod_gate2/rguf_source/cmake_install.cmake	.cmake	1299	40	37B711E56E861142DD7D82D32D9F6445CA20AFE2B2EFD12BC408901C58DFC12C	build_prod_gate2/rguf_source	UNKNOWN	UNKNOWN	PENDING
001164	build_prod_gate2/src/ceo/cmake_install.cmake	.cmake	3397	64	1560165DA1832E188B7017E33F2D6944807C679EFD4044D56A42BB29CC18243B	build_prod_gate2/src	UNKNOWN	UNKNOWN	PENDING
001165	build_prod_gate2/src/generation/cmake_install.cmake	.cmake	1305	40	92B13B2AC11379EB7716B410714B6C8F6E7992430081C05383567C4F7E691614	build_prod_gate2/src	UNKNOWN	UNKNOWN	PENDING
001166	build_prod_gate2/src/repository/cmake_install.cmake	.cmake	2430	52	8B7D5326DB6CDCAAE075491C79F8CE25D2F25A056E6E392EFA723C77FFC91674	build_prod_gate2/src	UNKNOWN	UNKNOWN	PENDING
001167	build_prod_gate2/src/reverse_engineering/cmake_install.cmake	.cmake	1323	40	2FB5D6D0C75264E99F75F78089DAE7A9D9FFB731C7B8453638D57C54F0F69845	build_prod_gate2/src	UNKNOWN	UNKNOWN	PENDING
001168	build_remote64_verify/cmake_install.cmake	.cmake	2815	81	4C9C1770C3B2D238C2BE412723ED7B600ADED9466DB97B531601C41C87157EA5	build_remote64_verify/cmake_install.cmake	UNKNOWN	UNKNOWN	PENDING
001169	build_remote64_verify/CMakeFiles/CMakeConfigureLog.yaml	.yaml	561352	8011	1700EA065C7017029B059A8516BEFD72AC3188835D4C405458223D128904C95D	build_remote64_verify/CMakeFiles	UNKNOWN	UNKNOWN	PENDING
001170	build_remote64_verify/CMakeFiles/InstallScripts.json	.json	509	12	24DD126801823EFF3CA7502963491447CBCBA2FA47112F98C24FCEEF124870F4	build_remote64_verify/CMakeFiles	UNKNOWN	UNKNOWN	PENDING
001171	build_remote64_verify/CMakeFiles/VerifyGlobs.cmake	.cmake	3986	91	6FFA502DB9F7DA9DDB71BF9A77E94728175BCCA74BE32956E24534178034D051	build_remote64_verify/CMakeFiles	UNKNOWN	UNKNOWN	PENDING
001172	build_remote64_verify/CMakeFiles/4.4.2/CMakeASM_MASMCompiler.cmake	.cmake	1555	31	2854EEB905485DAFD438E0C81309CB5FEBF71AC879DD3B77F5823D872C31C841	build_remote64_verify/CMakeFiles	UNKNOWN	UNKNOWN	PENDING
001173	build_remote64_verify/CMakeFiles/4.4.2/CMakeCCompiler.cmake	.cmake	3411	86	C96A9C696C6E2168D03B3F7B05F229CAA42F1673D3BDC90BC9BB5C7C0A63631E	build_remote64_verify/CMakeFiles	UNKNOWN	UNKNOWN	PENDING
001174	build_remote64_verify/CMakeFiles/4.4.2/CMakeCXXCompiler.cmake	.cmake	6632	103	3818AE800A1D94F1B189F721136856C561F51E1E9C0562B1C1FD8285A06E357C	build_remote64_verify/CMakeFiles	UNKNOWN	UNKNOWN	PENDING
001175	build_remote64_verify/CMakeFiles/4.4.2/CMakeRCCompiler.cmake	.cmake	276	6	F1C96E7B6BC035D04A44733638743F28BF70450E870A3095A55CFF6AD81924FA	build_remote64_verify/CMakeFiles	UNKNOWN	UNKNOWN	PENDING
001176	build_remote64_verify/CMakeFiles/4.4.2/CMakeSystem.cmake	.cmake	399	15	14F764C3F0C50603F951C55B1787FA383C48D641385221057CD4F25001C4B314	build_remote64_verify/CMakeFiles	UNKNOWN	UNKNOWN	PENDING
001177	build_remote64_verify/CMakeFiles/4.4.2/CompilerIdC/CMakeCCompilerId.c	.c	29974	945	6B712B317574A51D1D4F3A69F0722D9EF310910570FD191501CDD45655E061D3	build_remote64_verify/CMakeFiles	UNKNOWN	UNKNOWN	PENDING
001178	build_remote64_verify/CMakeFiles/4.4.2/CompilerIdCXX/CMakeCXXCompilerId.cpp	.cpp	30605	954	C260F5F6368FE636DA54C24D6ABD310AC6FCC3ACDC4BDC674D9B7223569A85EB	build_remote64_verify/CMakeFiles	UNKNOWN	UNKNOWN	PENDING
001179	build_remote64_verify/rguf_source/cmake_install.cmake	.cmake	1304	40	D601D8B64226AA372B9C00CE70A7397D0C6140F9A1E4CD64DB45A7C8CF63908D	build_remote64_verify/rguf_source	UNKNOWN	UNKNOWN	PENDING
001180	build_remote64_verify/src/ceo/cmake_install.cmake	.cmake	3442	64	6A6D61F5A88758918F8D78361FD6AFCB1B7152CF0529F94A2239765D1E584632	build_remote64_verify/src	UNKNOWN	UNKNOWN	PENDING
001181	build_remote64_verify/src/generation/cmake_install.cmake	.cmake	1310	40	A4C4616F78A193622C56F0F48640C01A85D98C50A1A3844B0F5C20BE2476CD79	build_remote64_verify/src	UNKNOWN	UNKNOWN	PENDING
001182	build_remote64_verify/src/repository/cmake_install.cmake	.cmake	2455	52	22AE9DD26AD74A60C00AFFECB0F19E04992E1D8A8A7221424FA6559978E92107	build_remote64_verify/src	UNKNOWN	UNKNOWN	PENDING
001183	build_remote64_verify/src/reverse_engineering/cmake_install.cmake	.cmake	1328	40	7F5AE025CEB8D306BACD869F3E971E1336AB5B0D1909BDEF824C6EC23F128B07	build_remote64_verify/src	UNKNOWN	UNKNOWN	PENDING
001184	build_repointel/cmake_install.cmake	.cmake	2779	81	F996FDBA2833D8B43E2B4811CF6D4585C23A8BEF2AB0A8DCF67327E236571784	build_repointel/cmake_install.cmake	UNKNOWN	UNKNOWN	PENDING
001185	build_repointel/CTestTestfile.cmake	.cmake	6020	45	0998702324C75CBEA50A80FA8557FB7DD4068E4410666DA4C1782001EAF7593A	build_repointel/CTestTestfile.cmake	UNKNOWN	UNKNOWN	PENDING
001186	build_repointel/CMakeFiles/CMakeConfigureLog.yaml	.yaml	703078	9622	3762917E2BC35BD22D135AE6FFD4B0CB2473C7067DD5535004CBFF2C815692C2	build_repointel/CMakeFiles	UNKNOWN	UNKNOWN	PENDING
001187	build_repointel/CMakeFiles/InstallScripts.json	.json	473	12	42369056EA77183F9DA1C98014D51A2B20487EAC1925C228D15E2342EAD68B49	build_repointel/CMakeFiles	UNKNOWN	UNKNOWN	PENDING
001188	build_repointel/CMakeFiles/VerifyGlobs.cmake	.cmake	3980	91	D4B87895B51B8B1BF6AB7BEB6FE38DCFF0B82F50FD783607568163CF7B9752D4	build_repointel/CMakeFiles	UNKNOWN	UNKNOWN	PENDING
001189	build_repointel/CMakeFiles/4.4.2/CMakeASM_MASMCompiler.cmake	.cmake	1555	31	2854EEB905485DAFD438E0C81309CB5FEBF71AC879DD3B77F5823D872C31C841	build_repointel/CMakeFiles	UNKNOWN	UNKNOWN	PENDING
001190	build_repointel/CMakeFiles/4.4.2/CMakeCCompiler.cmake	.cmake	3433	86	AC464FA49275380D8836A0121B85375623E822C035DF70A068A554ADB61C3D20	build_repointel/CMakeFiles	UNKNOWN	UNKNOWN	PENDING
001191	build_repointel/CMakeFiles/4.4.2/CMakeCXXCompiler.cmake	.cmake	6749	103	697FF827E1571D62CF6ECBBB882AD023B2621575B55BE87159545332150C7E3C	build_repointel/CMakeFiles	UNKNOWN	UNKNOWN	PENDING
001192	build_repointel/CMakeFiles/4.4.2/CMakeRCCompiler.cmake	.cmake	276	6	F1C96E7B6BC035D04A44733638743F28BF70450E870A3095A55CFF6AD81924FA	build_repointel/CMakeFiles	UNKNOWN	UNKNOWN	PENDING
001193	build_repointel/CMakeFiles/4.4.2/CMakeSystem.cmake	.cmake	399	15	14F764C3F0C50603F951C55B1787FA383C48D641385221057CD4F25001C4B314	build_repointel/CMakeFiles	UNKNOWN	UNKNOWN	PENDING
001194	build_repointel/CMakeFiles/4.4.2/CompilerIdC/CMakeCCompilerId.c	.c	29974	945	6B712B317574A51D1D4F3A69F0722D9EF310910570FD191501CDD45655E061D3	build_repointel/CMakeFiles	UNKNOWN	UNKNOWN	PENDING
001195	build_repointel/CMakeFiles/4.4.2/CompilerIdCXX/CMakeCXXCompilerId.cpp	.cpp	30605	954	C260F5F6368FE636DA54C24D6ABD310AC6FCC3ACDC4BDC674D9B7223569A85EB	build_repointel/CMakeFiles	UNKNOWN	UNKNOWN	PENDING
001196	build_repointel/CMakeFiles/ShowIncludes/foo.h	.h	2	1	7EB70257593DA06F682A3DDDA54A9D260D4FC514F645237F5CA74B08F8DA61A6	build_repointel/CMakeFiles	UNKNOWN	UNKNOWN	EXCLUDED_WITH_REASON
001197	build_repointel/CMakeFiles/ShowIncludes/main.c	.c	33	2	CDFAB295FC8E12C3ECFB6982F99058F032EE8284926AD71A829E70EA3BF02549	build_repointel/CMakeFiles	UNKNOWN	UNKNOWN	PENDING
001198	build_repointel/rguf_source/cmake_install.cmake	.cmake	1304	40	31883ACD3B9284C0514AF0ACC69F317D167A7EF7A465866FD8842537E4581A19	build_repointel/rguf_source	UNKNOWN	UNKNOWN	PENDING
001199	build_repointel/src/ceo/cmake_install.cmake	.cmake	1758	48	0140F49AEACD5B11B00686982677536BD46143A1DD749766947583453163B2F7	build_repointel/src	UNKNOWN	UNKNOWN	PENDING
001200	build_repointel/src/generation/cmake_install.cmake	.cmake	1310	40	1E8C8A7E28AB2A0C940FE57C7D77AA3B2E32F7D7AC99D9F72542017A42DFEBCC	build_repointel/src	UNKNOWN	UNKNOWN	PENDING
001201	build_repointel/src/repository/cmake_install.cmake	.cmake	1559	44	CC5AB49AEBCD654133DCAFCEDFB5665F7681CB1A4721C64FA7FCAFAFDB21237F	build_repointel/src	UNKNOWN	UNKNOWN	PENDING
001202	build_repointel/src/reverse_engineering/cmake_install.cmake	.cmake	1328	40	C895106BA7DAEF8AD790A4F98AF9BDB33434FED22BE13FF19FEDC1E77AC18D4B	build_repointel/src	UNKNOWN	UNKNOWN	PENDING
001203	build_response_coded_agent/cmake_install.cmake	.cmake	2856	81	17672A7F9779D6C75575CB420BD3CF8431D88DC0106F4019A83AADCF94AC4C4B	build_response_coded_agent/cmake_install.cmake	UNKNOWN	UNKNOWN	PENDING
001204	build_response_coded_agent/CMakeFiles/CMakeConfigureLog.yaml	.yaml	674278	9060	3C109026827523BA0396F7F57359D9632971878C9FAB5AA87183AF01302BF994	build_response_coded_agent/CMakeFiles	UNKNOWN	UNKNOWN	PENDING
001205	build_response_coded_agent/CMakeFiles/InstallScripts.json	.json	539	12	342669C044BCBD87E7AD06E9145BBAAC65057A2E6058954F5F9D50485F34CD12	build_response_coded_agent/CMakeFiles	UNKNOWN	UNKNOWN	PENDING
001206	build_response_coded_agent/CMakeFiles/4.4.2/CMakeASM_MASMCompiler.cmake	.cmake	1555	31	2854EEB905485DAFD438E0C81309CB5FEBF71AC879DD3B77F5823D872C31C841	build_response_coded_agent/CMakeFiles	UNKNOWN	UNKNOWN	PENDING
001207	build_response_coded_agent/CMakeFiles/4.4.2/CMakeCCompiler.cmake	.cmake	3433	86	AC464FA49275380D8836A0121B85375623E822C035DF70A068A554ADB61C3D20	build_response_coded_agent/CMakeFiles	UNKNOWN	UNKNOWN	PENDING
001208	build_response_coded_agent/CMakeFiles/4.4.2/CMakeCXXCompiler.cmake	.cmake	6749	103	697FF827E1571D62CF6ECBBB882AD023B2621575B55BE87159545332150C7E3C	build_response_coded_agent/CMakeFiles	UNKNOWN	UNKNOWN	PENDING
001209	build_response_coded_agent/CMakeFiles/4.4.2/CMakeRCCompiler.cmake	.cmake	276	6	F1C96E7B6BC035D04A44733638743F28BF70450E870A3095A55CFF6AD81924FA	build_response_coded_agent/CMakeFiles	UNKNOWN	UNKNOWN	PENDING
001210	build_response_coded_agent/CMakeFiles/4.4.2/CMakeSystem.cmake	.cmake	399	15	14F764C3F0C50603F951C55B1787FA383C48D641385221057CD4F25001C4B314	build_response_coded_agent/CMakeFiles	UNKNOWN	UNKNOWN	PENDING
001211	build_response_coded_agent/CMakeFiles/4.4.2/CompilerIdC/CMakeCCompilerId.c	.c	29974	945	6B712B317574A51D1D4F3A69F0722D9EF310910570FD191501CDD45655E061D3	build_response_coded_agent/CMakeFiles	UNKNOWN	UNKNOWN	PENDING
001212	build_response_coded_agent/CMakeFiles/4.4.2/CompilerIdCXX/CMakeCXXCompilerId.cpp	.cpp	30605	954	C260F5F6368FE636DA54C24D6ABD310AC6FCC3ACDC4BDC674D9B7223569A85EB	build_response_coded_agent/CMakeFiles	UNKNOWN	UNKNOWN	PENDING
001213	build_response_coded_agent/CMakeFiles/ShowIncludes/foo.h	.h	2	1	7EB70257593DA06F682A3DDDA54A9D260D4FC514F645237F5CA74B08F8DA61A6	build_response_coded_agent/CMakeFiles	UNKNOWN	UNKNOWN	EXCLUDED_WITH_REASON
001214	build_response_coded_agent/CMakeFiles/ShowIncludes/main.c	.c	33	2	CDFAB295FC8E12C3ECFB6982F99058F032EE8284926AD71A829E70EA3BF02549	build_response_coded_agent/CMakeFiles	UNKNOWN	UNKNOWN	PENDING
001215	build_response_coded_agent/rguf_source/cmake_install.cmake	.cmake	1315	40	A4F69ED94D780DF9EE18DC37F1B5C98B7644C7EB108A028CC180BB74C3C2EFBA	build_response_coded_agent/rguf_source	UNKNOWN	UNKNOWN	PENDING
001216	build_response_coded_agent/src/ceo/cmake_install.cmake	.cmake	1791	48	6C1818974BA5D5B7D146C8BEC8D2DAF7B345BFCA31276C427BFA0DB228226ED0	build_response_coded_agent/src	UNKNOWN	UNKNOWN	PENDING
001217	build_response_coded_agent/src/generation/cmake_install.cmake	.cmake	1321	40	07F901F9FB8ACF6B927646C507F14CFCB5D2DD1ECBDEF865B9C62D2C85F38D28	build_response_coded_agent/src	UNKNOWN	UNKNOWN	PENDING
001218	build_response_coded_agent/src/repository/cmake_install.cmake	.cmake	1581	44	1BCC66DA22CDC4C14E58AD737B24987E8C3276F85383DCA6B283D9F9F16CA171	build_response_coded_agent/src	UNKNOWN	UNKNOWN	PENDING
001219	build_response_coded_agent/src/reverse_engineering/cmake_install.cmake	.cmake	1339	40	6BDE3C92C84C11E3B58FCBAACE2B98C453290775F974B2D85F3F27A6A8F9688A	build_response_coded_agent/src	UNKNOWN	UNKNOWN	PENDING
001220	build_single_writer_authority/cmake_install.cmake	.cmake	2871	81	2E888380D3DD5BFC9A8375DB2D58D11825C9C286EE03F014A18DF2BABA1EF894	build_single_writer_authority/cmake_install.cmake	UNKNOWN	UNKNOWN	PENDING
001221	build_single_writer_authority/CTestTestfile.cmake	.cmake	39895	326	3F28172C5390DE8E0991A302E8E71D801527004CF09C8720F0581C96EA839E9E	build_single_writer_authority/CTestTestfile.cmake	UNKNOWN	UNKNOWN	PENDING
001222	build_single_writer_authority/CMakeFiles/CMakeConfigureLog.yaml	.yaml	566575	7897	C544927CEB1EF7F6E640A48CB4D8C99C4A61949EA871D6FBD03E27DF140F711D	build_single_writer_authority/CMakeFiles	UNKNOWN	UNKNOWN	PENDING
001223	build_single_writer_authority/CMakeFiles/InstallScripts.json	.json	557	12	E2998AE0706C118CB3ECE8C88A7F921D6A6D3D4960F848A986A72D540E1E88B7	build_single_writer_authority/CMakeFiles	UNKNOWN	UNKNOWN	PENDING
001224	build_single_writer_authority/CMakeFiles/4.4.2/CMakeASM_MASMCompiler.cmake	.cmake	1555	31	2854EEB905485DAFD438E0C81309CB5FEBF71AC879DD3B77F5823D872C31C841	build_single_writer_authority/CMakeFiles	UNKNOWN	UNKNOWN	PENDING
001225	build_single_writer_authority/CMakeFiles/4.4.2/CMakeCCompiler.cmake	.cmake	3411	86	C96A9C696C6E2168D03B3F7B05F229CAA42F1673D3BDC90BC9BB5C7C0A63631E	build_single_writer_authority/CMakeFiles	UNKNOWN	UNKNOWN	PENDING
001226	build_single_writer_authority/CMakeFiles/4.4.2/CMakeCXXCompiler.cmake	.cmake	6632	103	3818AE800A1D94F1B189F721136856C561F51E1E9C0562B1C1FD8285A06E357C	build_single_writer_authority/CMakeFiles	UNKNOWN	UNKNOWN	PENDING
001227	build_single_writer_authority/CMakeFiles/4.4.2/CMakeRCCompiler.cmake	.cmake	276	6	F1C96E7B6BC035D04A44733638743F28BF70450E870A3095A55CFF6AD81924FA	build_single_writer_authority/CMakeFiles	UNKNOWN	UNKNOWN	PENDING
001228	build_single_writer_authority/CMakeFiles/4.4.2/CMakeSystem.cmake	.cmake	399	15	14F764C3F0C50603F951C55B1787FA383C48D641385221057CD4F25001C4B314	build_single_writer_authority/CMakeFiles	UNKNOWN	UNKNOWN	PENDING
001229	build_single_writer_authority/CMakeFiles/4.4.2/CompilerIdC/CMakeCCompilerId.c	.c	29974	945	6B712B317574A51D1D4F3A69F0722D9EF310910570FD191501CDD45655E061D3	build_single_writer_authority/CMakeFiles	UNKNOWN	UNKNOWN	PENDING
001230	build_single_writer_authority/CMakeFiles/4.4.2/CompilerIdCXX/CMakeCXXCompilerId.cpp	.cpp	30605	954	C260F5F6368FE636DA54C24D6ABD310AC6FCC3ACDC4BDC674D9B7223569A85EB	build_single_writer_authority/CMakeFiles	UNKNOWN	UNKNOWN	PENDING
001231	build_single_writer_authority/rguf_source/cmake_install.cmake	.cmake	1312	40	AE0F2FEACFA6840F0E020A50AB0299F9A710121DCBFA636E4496793C66FB6BA6	build_single_writer_authority/rguf_source	UNKNOWN	UNKNOWN	PENDING
001232	build_single_writer_authority/src/ceo/cmake_install.cmake	.cmake	3514	64	A13C9F2CAF20DEBBFB835D4DB10E8DF8FBFE3EE5828AEF16FC7D964260B1B4AA	build_single_writer_authority/src	UNKNOWN	UNKNOWN	PENDING
001233	build_single_writer_authority/src/generation/cmake_install.cmake	.cmake	1318	40	7CD75FA5F8F691867A752FB69D96EA4E79226D6292CBCE73D05A580D2F5F8741	build_single_writer_authority/src	UNKNOWN	UNKNOWN	PENDING
001234	build_single_writer_authority/src/repository/cmake_install.cmake	.cmake	2495	52	0E4A32088506B22B4CFB4A036E89EE8FD3B2D2E4BD545EC73520CE9B1847FF2F	build_single_writer_authority/src	UNKNOWN	UNKNOWN	PENDING
001235	build_single_writer_authority/src/reverse_engineering/cmake_install.cmake	.cmake	1336	40	C28D3E55927FF741564D3E9FBCBA928FB408825149351F84093605EDC79DB596	build_single_writer_authority/src	UNKNOWN	UNKNOWN	PENDING
001236	build_strict_audit/CMakeFiles/CMakeConfigureLog.yaml	.yaml	544072	7675	830BD345277FD6A82DB93C4962E9B89FFB49DDB7DB3AEB0E3A855A4034F1E6BA	build_strict_audit/CMakeFiles	UNKNOWN	UNKNOWN	PENDING
001237	build_strict_audit/CMakeFiles/VerifyGlobs.cmake	.cmake	3983	91	CA21254CEA1D32BA81ABCE5DC3BC216F7678F494DC0D8A514F950D04715391A8	build_strict_audit/CMakeFiles	UNKNOWN	UNKNOWN	PENDING
001238	build_strict_audit/CMakeFiles/4.4.2/CMakeASM_MASMCompiler.cmake	.cmake	1555	31	2854EEB905485DAFD438E0C81309CB5FEBF71AC879DD3B77F5823D872C31C841	build_strict_audit/CMakeFiles	UNKNOWN	UNKNOWN	PENDING
001239	build_strict_audit/CMakeFiles/4.4.2/CMakeCCompiler.cmake	.cmake	3411	86	C96A9C696C6E2168D03B3F7B05F229CAA42F1673D3BDC90BC9BB5C7C0A63631E	build_strict_audit/CMakeFiles	UNKNOWN	UNKNOWN	PENDING
001240	build_strict_audit/CMakeFiles/4.4.2/CMakeCXXCompiler.cmake	.cmake	6632	103	3818AE800A1D94F1B189F721136856C561F51E1E9C0562B1C1FD8285A06E357C	build_strict_audit/CMakeFiles	UNKNOWN	UNKNOWN	PENDING
001241	build_strict_audit/CMakeFiles/4.4.2/CMakeRCCompiler.cmake	.cmake	276	6	F1C96E7B6BC035D04A44733638743F28BF70450E870A3095A55CFF6AD81924FA	build_strict_audit/CMakeFiles	UNKNOWN	UNKNOWN	PENDING
001242	build_strict_audit/CMakeFiles/4.4.2/CMakeSystem.cmake	.cmake	399	15	14F764C3F0C50603F951C55B1787FA383C48D641385221057CD4F25001C4B314	build_strict_audit/CMakeFiles	UNKNOWN	UNKNOWN	PENDING
001243	build_strict_audit/CMakeFiles/4.4.2/CompilerIdC/CMakeCCompilerId.c	.c	29974	945	6B712B317574A51D1D4F3A69F0722D9EF310910570FD191501CDD45655E061D3	build_strict_audit/CMakeFiles	UNKNOWN	UNKNOWN	PENDING
001244	build_strict_audit/CMakeFiles/4.4.2/CompilerIdCXX/CMakeCXXCompilerId.cpp	.cpp	30605	954	C260F5F6368FE636DA54C24D6ABD310AC6FCC3ACDC4BDC674D9B7223569A85EB	build_strict_audit/CMakeFiles	UNKNOWN	UNKNOWN	PENDING
001245	build_strict_ide_audit/CMakeFiles/CMakeConfigureLog.yaml	.yaml	523410	7307	A726D3C5AC1D25F80660DF589C59016EB3B14357EB0F936344988A00813080CB	build_strict_ide_audit/CMakeFiles	UNKNOWN	UNKNOWN	PENDING
001246	build_strict_ide_audit/CMakeFiles/VerifyGlobs.cmake	.cmake	3987	91	9BD019916AB498AA21CA187E1A90B350A56E80D4DB76D5D8CCB2782042707A7C	build_strict_ide_audit/CMakeFiles	UNKNOWN	UNKNOWN	PENDING
001247	build_strict_ide_audit/CMakeFiles/4.4.2/CMakeASM_MASMCompiler.cmake	.cmake	1555	31	2854EEB905485DAFD438E0C81309CB5FEBF71AC879DD3B77F5823D872C31C841	build_strict_ide_audit/CMakeFiles	UNKNOWN	UNKNOWN	PENDING
001248	build_strict_ide_audit/CMakeFiles/4.4.2/CMakeCCompiler.cmake	.cmake	3411	86	C96A9C696C6E2168D03B3F7B05F229CAA42F1673D3BDC90BC9BB5C7C0A63631E	build_strict_ide_audit/CMakeFiles	UNKNOWN	UNKNOWN	PENDING
001249	build_strict_ide_audit/CMakeFiles/4.4.2/CMakeCXXCompiler.cmake	.cmake	6632	103	3818AE800A1D94F1B189F721136856C561F51E1E9C0562B1C1FD8285A06E357C	build_strict_ide_audit/CMakeFiles	UNKNOWN	UNKNOWN	PENDING
001250	build_strict_ide_audit/CMakeFiles/4.4.2/CMakeRCCompiler.cmake	.cmake	276	6	F1C96E7B6BC035D04A44733638743F28BF70450E870A3095A55CFF6AD81924FA	build_strict_ide_audit/CMakeFiles	UNKNOWN	UNKNOWN	PENDING
001251	build_strict_ide_audit/CMakeFiles/4.4.2/CMakeSystem.cmake	.cmake	399	15	14F764C3F0C50603F951C55B1787FA383C48D641385221057CD4F25001C4B314	build_strict_ide_audit/CMakeFiles	UNKNOWN	UNKNOWN	PENDING
001252	build_strict_ide_audit/CMakeFiles/4.4.2/CompilerIdC/CMakeCCompilerId.c	.c	29974	945	6B712B317574A51D1D4F3A69F0722D9EF310910570FD191501CDD45655E061D3	build_strict_ide_audit/CMakeFiles	UNKNOWN	UNKNOWN	PENDING
001253	build_strict_ide_audit/CMakeFiles/4.4.2/CompilerIdCXX/CMakeCXXCompilerId.cpp	.cpp	30605	954	C260F5F6368FE636DA54C24D6ABD310AC6FCC3ACDC4BDC674D9B7223569A85EB	build_strict_ide_audit/CMakeFiles	UNKNOWN	UNKNOWN	PENDING
001254	build_test_clean/CMakeFiles/CMakeConfigureLog.yaml	.yaml	572526	8411	ABC38FEE0DAD1967D7D345BE36F468677623BA5FED555EBB1FCF9B7268E364F1	build_test_clean/CMakeFiles	UNKNOWN	UNKNOWN	PENDING
001255	build_test_clean/CMakeFiles/4.4.2/CMakeASM_MASMCompiler.cmake	.cmake	1555	31	2854EEB905485DAFD438E0C81309CB5FEBF71AC879DD3B77F5823D872C31C841	build_test_clean/CMakeFiles	UNKNOWN	UNKNOWN	PENDING
001256	build_test_clean/CMakeFiles/4.4.2/CMakeCCompiler.cmake	.cmake	3411	86	C96A9C696C6E2168D03B3F7B05F229CAA42F1673D3BDC90BC9BB5C7C0A63631E	build_test_clean/CMakeFiles	UNKNOWN	UNKNOWN	PENDING
001257	build_test_clean/CMakeFiles/4.4.2/CMakeCXXCompiler.cmake	.cmake	6632	103	3818AE800A1D94F1B189F721136856C561F51E1E9C0562B1C1FD8285A06E357C	build_test_clean/CMakeFiles	UNKNOWN	UNKNOWN	PENDING
001258	build_test_clean/CMakeFiles/4.4.2/CMakeRCCompiler.cmake	.cmake	276	6	F1C96E7B6BC035D04A44733638743F28BF70450E870A3095A55CFF6AD81924FA	build_test_clean/CMakeFiles	UNKNOWN	UNKNOWN	PENDING
001259	build_test_clean/CMakeFiles/4.4.2/CMakeSystem.cmake	.cmake	399	15	14F764C3F0C50603F951C55B1787FA383C48D641385221057CD4F25001C4B314	build_test_clean/CMakeFiles	UNKNOWN	UNKNOWN	PENDING
001260	build_test_clean/CMakeFiles/4.4.2/CompilerIdC/CMakeCCompilerId.c	.c	29974	945	6B712B317574A51D1D4F3A69F0722D9EF310910570FD191501CDD45655E061D3	build_test_clean/CMakeFiles	UNKNOWN	UNKNOWN	PENDING
001261	build_test_clean/CMakeFiles/4.4.2/CompilerIdCXX/CMakeCXXCompilerId.cpp	.cpp	30605	954	C260F5F6368FE636DA54C24D6ABD310AC6FCC3ACDC4BDC674D9B7223569A85EB	build_test_clean/CMakeFiles	UNKNOWN	UNKNOWN	PENDING
001262	build_test_clean2/CMakeFiles/CMakeConfigureLog.yaml	.yaml	568047	8326	A2568A08C6F8628EDE3E2B2163DEAD523A8449430387FC55ED9943B5C9C263CC	build_test_clean2/CMakeFiles	UNKNOWN	UNKNOWN	PENDING
001263	build_test_clean2/CMakeFiles/4.4.2/CMakeASM_MASMCompiler.cmake	.cmake	1555	31	2854EEB905485DAFD438E0C81309CB5FEBF71AC879DD3B77F5823D872C31C841	build_test_clean2/CMakeFiles	UNKNOWN	UNKNOWN	PENDING
001264	build_test_clean2/CMakeFiles/4.4.2/CMakeCCompiler.cmake	.cmake	3411	86	C96A9C696C6E2168D03B3F7B05F229CAA42F1673D3BDC90BC9BB5C7C0A63631E	build_test_clean2/CMakeFiles	UNKNOWN	UNKNOWN	PENDING
001265	build_test_clean2/CMakeFiles/4.4.2/CMakeCXXCompiler.cmake	.cmake	6632	103	3818AE800A1D94F1B189F721136856C561F51E1E9C0562B1C1FD8285A06E357C	build_test_clean2/CMakeFiles	UNKNOWN	UNKNOWN	PENDING
001266	build_test_clean2/CMakeFiles/4.4.2/CMakeRCCompiler.cmake	.cmake	276	6	F1C96E7B6BC035D04A44733638743F28BF70450E870A3095A55CFF6AD81924FA	build_test_clean2/CMakeFiles	UNKNOWN	UNKNOWN	PENDING
001267	build_test_clean2/CMakeFiles/4.4.2/CMakeSystem.cmake	.cmake	399	15	14F764C3F0C50603F951C55B1787FA383C48D641385221057CD4F25001C4B314	build_test_clean2/CMakeFiles	UNKNOWN	UNKNOWN	PENDING
001268	build_test_clean2/CMakeFiles/4.4.2/CompilerIdC/CMakeCCompilerId.c	.c	29974	945	6B712B317574A51D1D4F3A69F0722D9EF310910570FD191501CDD45655E061D3	build_test_clean2/CMakeFiles	UNKNOWN	UNKNOWN	PENDING
001269	build_test_clean2/CMakeFiles/4.4.2/CompilerIdCXX/CMakeCXXCompilerId.cpp	.cpp	30605	954	C260F5F6368FE636DA54C24D6ABD310AC6FCC3ACDC4BDC674D9B7223569A85EB	build_test_clean2/CMakeFiles	UNKNOWN	UNKNOWN	PENDING
001270	build_test_clean3/CMakeFiles/CMakeConfigureLog.yaml	.yaml	568047	8326	CAFA9632659557ACD969059E957E33A139C6385DE92096A89D1BC537843A668D	build_test_clean3/CMakeFiles	UNKNOWN	UNKNOWN	PENDING
001271	build_test_clean3/CMakeFiles/4.4.2/CMakeASM_MASMCompiler.cmake	.cmake	1555	31	2854EEB905485DAFD438E0C81309CB5FEBF71AC879DD3B77F5823D872C31C841	build_test_clean3/CMakeFiles	UNKNOWN	UNKNOWN	PENDING
001272	build_test_clean3/CMakeFiles/4.4.2/CMakeCCompiler.cmake	.cmake	3411	86	C96A9C696C6E2168D03B3F7B05F229CAA42F1673D3BDC90BC9BB5C7C0A63631E	build_test_clean3/CMakeFiles	UNKNOWN	UNKNOWN	PENDING
001273	build_test_clean3/CMakeFiles/4.4.2/CMakeCXXCompiler.cmake	.cmake	6632	103	3818AE800A1D94F1B189F721136856C561F51E1E9C0562B1C1FD8285A06E357C	build_test_clean3/CMakeFiles	UNKNOWN	UNKNOWN	PENDING
001274	build_test_clean3/CMakeFiles/4.4.2/CMakeRCCompiler.cmake	.cmake	276	6	F1C96E7B6BC035D04A44733638743F28BF70450E870A3095A55CFF6AD81924FA	build_test_clean3/CMakeFiles	UNKNOWN	UNKNOWN	PENDING
001275	build_test_clean3/CMakeFiles/4.4.2/CMakeSystem.cmake	.cmake	399	15	14F764C3F0C50603F951C55B1787FA383C48D641385221057CD4F25001C4B314	build_test_clean3/CMakeFiles	UNKNOWN	UNKNOWN	PENDING
001276	build_test_clean3/CMakeFiles/4.4.2/CompilerIdC/CMakeCCompilerId.c	.c	29974	945	6B712B317574A51D1D4F3A69F0722D9EF310910570FD191501CDD45655E061D3	build_test_clean3/CMakeFiles	UNKNOWN	UNKNOWN	PENDING
001277	build_test_clean3/CMakeFiles/4.4.2/CompilerIdCXX/CMakeCXXCompilerId.cpp	.cpp	30605	954	C260F5F6368FE636DA54C24D6ABD310AC6FCC3ACDC4BDC674D9B7223569A85EB	build_test_clean3/CMakeFiles	UNKNOWN	UNKNOWN	PENDING
001278	build_w1/cmake_install.cmake	.cmake	2724	81	463E238EAF68F9EF9E47C473F805C208128C1541A93D4E8555F4D16EE18E823B	build_w1/cmake_install.cmake	UNKNOWN	UNKNOWN	PENDING
001279	build_w1/focus_diag.ps1	.ps1	5562	97	AE4BB6067D0A07DAF8E074DA200E86289469EBB313E79EC17D6ED539ABD6761E	build_w1/focus_diag.ps1	UNKNOWN	UNKNOWN	PENDING
001280	build_w1/ide_chat_e2e.ps1	.ps1	11597	247	C80A5CEF09177290D6B30AE312D5F91722925828F5A6BD0EB4FB8F4ECF4D52EC	build_w1/ide_chat_e2e.ps1	UNKNOWN	UNKNOWN	PENDING
001281	build_w1/ide_chat_uia.ps1	.ps1	7949	149	F213D7D56588FCA9799F2ED511F7CC7C8A8EABD8C1C4CCDE7D9C512EE040879F	build_w1/ide_chat_uia.ps1	UNKNOWN	UNKNOWN	PENDING
001282	build_w1/RawrXD-Win32IDE.map	.map	64070477	282095	9A40993DB6BDE7DB4ADEFA615215ED0BDD954231523F4F8EA63C446587D91278	build_w1/RawrXD-Win32IDE.map	UNKNOWN	UNKNOWN	PENDING
001283	build_w1/sampling_probe.ps1	.ps1	2042	36	BAEC5749B6BFF9D60D72BC72603672F4D1DA3FE6C65F5CB078050A1717968931	build_w1/sampling_probe.ps1	UNKNOWN	UNKNOWN	PENDING
001284	build_w1/bin/RawrXD-Win32IDE.map	.map	64070477	282095	9A40993DB6BDE7DB4ADEFA615215ED0BDD954231523F4F8EA63C446587D91278	build_w1/bin	UNKNOWN	UNKNOWN	PENDING
001285	build_w1/bin/Release/.rawr/agentic_gate/agentic_probe.cpp	.cpp	84	5	E0BC05FFEEFD383003CA02D428A4E95ED9A4DF7D75FD9D56A4F88C5A99DF4760	build_w1/bin	UNKNOWN	UNKNOWN	PENDING
001286	build_w1/bin/Release/.rawr/agentic_gate/CMakeLists.txt	.txt	219	4	080417B9598CCF026DF2364FB9A9AFE7D066156E6CD0517F6F1AB26F154C9D0F	build_w1/bin	UNKNOWN	UNKNOWN	PENDING
001287	build_w1/CMakeFiles/CMakeConfigureLog.yaml	.yaml	902617	14139	77AC28CE1F9A1C49F2958DF9270B086DA5B616C09E3BEA3311074842BD8F196F	build_w1/CMakeFiles	UNKNOWN	UNKNOWN	PENDING
001288	build_w1/CMakeFiles/InstallScripts.json	.json	431	12	A3CFAC5AED797B2917FFE4D5BE390CEDF90568D34C2CDFA4EFF7BB826515B7A5	build_w1/CMakeFiles	UNKNOWN	UNKNOWN	PENDING
001289	build_w1/CMakeFiles/4.4.2/CMakeASM_MASMCompiler.cmake	.cmake	1555	31	2854EEB905485DAFD438E0C81309CB5FEBF71AC879DD3B77F5823D872C31C841	build_w1/CMakeFiles	UNKNOWN	UNKNOWN	PENDING
001290	build_w1/CMakeFiles/4.4.2/CMakeCCompiler.cmake	.cmake	3411	86	C96A9C696C6E2168D03B3F7B05F229CAA42F1673D3BDC90BC9BB5C7C0A63631E	build_w1/CMakeFiles	UNKNOWN	UNKNOWN	PENDING
001291	build_w1/CMakeFiles/4.4.2/CMakeCXXCompiler.cmake	.cmake	6632	103	3818AE800A1D94F1B189F721136856C561F51E1E9C0562B1C1FD8285A06E357C	build_w1/CMakeFiles	UNKNOWN	UNKNOWN	PENDING
001292	build_w1/CMakeFiles/4.4.2/CMakeRCCompiler.cmake	.cmake	276	6	F1C96E7B6BC035D04A44733638743F28BF70450E870A3095A55CFF6AD81924FA	build_w1/CMakeFiles	UNKNOWN	UNKNOWN	PENDING
001293	build_w1/CMakeFiles/4.4.2/CMakeSystem.cmake	.cmake	399	15	14F764C3F0C50603F951C55B1787FA383C48D641385221057CD4F25001C4B314	build_w1/CMakeFiles	UNKNOWN	UNKNOWN	PENDING
001294	build_w1/CMakeFiles/4.4.2/CompilerIdC/CMakeCCompilerId.c	.c	29974	945	6B712B317574A51D1D4F3A69F0722D9EF310910570FD191501CDD45655E061D3	build_w1/CMakeFiles	UNKNOWN	UNKNOWN	PENDING
001295	build_w1/CMakeFiles/4.4.2/CompilerIdCXX/CMakeCXXCompilerId.cpp	.cpp	30605	954	C260F5F6368FE636DA54C24D6ABD310AC6FCC3ACDC4BDC674D9B7223569A85EB	build_w1/CMakeFiles	UNKNOWN	UNKNOWN	PENDING
001296	build_w1/rguf_source/cmake_install.cmake	.cmake	1291	40	EC2ADB402DE74A7F8542E0F2BB55B8E21EFF05BAA00FA7572B43DDC8675BE1A1	build_w1/rguf_source	UNKNOWN	UNKNOWN	PENDING
001297	build_w1/src/ceo/cmake_install.cmake	.cmake	3325	64	84BB711F15D58B29F03EECB8D429D5EB1727A2F2371379363616FC7EFB21933F	build_w1/src	UNKNOWN	UNKNOWN	PENDING
001298	build_w1/src/generation/cmake_install.cmake	.cmake	1297	40	C7291EAEA5A98A06405505DDB57BF5884F7762709641821B8CA93EE2AE2CFABE	build_w1/src	UNKNOWN	UNKNOWN	PENDING
001299	build_w1/src/repository/cmake_install.cmake	.cmake	2390	52	7B718EAD1879F216FE42A15D169064C1CE630DBB2CB3D631BA8551503FE233D3	build_w1/src	UNKNOWN	UNKNOWN	PENDING
001300	build_w1/src/reverse_engineering/cmake_install.cmake	.cmake	1315	40	4A50B9B0C296B12CDB2C2607091F4377F7E330C1959A8F5D7532633517911913	build_w1/src	UNKNOWN	UNKNOWN	PENDING
001301	certbuild/cmake_install.cmake	.cmake	2731	81	7D04F553B240CA12E04D03E2B4700911D36B1C7096B3DADC50C21B79FDA500AC	certbuild/cmake_install.cmake	UNKNOWN	UNKNOWN	PENDING
001302	certbuild/CTestTestfile.cmake	.cmake	32169	281	5A2C833B4F37F7660E5889A5FF67373C6E296E52F9FD964078ACE5AABDF9292F	certbuild/CTestTestfile.cmake	UNKNOWN	UNKNOWN	PENDING
001303	certbuild/RawrXD-Win32IDE.map	.map	78926810	326575	2FE555E4DF0C010701B1A75C1AF4A855685450D68F38FB1C31D74103B1675DAE	certbuild/RawrXD-Win32IDE.map	UNKNOWN	UNKNOWN	PENDING
001304	certbuild/bin/RawrXD-Win32IDE.map	.map	78926810	326575	2FE555E4DF0C010701B1A75C1AF4A855685450D68F38FB1C31D74103B1675DAE	certbuild/bin	UNKNOWN	UNKNOWN	PENDING
001305	certbuild/CMakeFiles/CMakeConfigureLog.yaml	.yaml	692317	9576	3B7575E0FF32ABEC61B1D1EC79419C4C9249A7EEFE4F1A5B409E3ED3224C3F5C	certbuild/CMakeFiles	UNKNOWN	UNKNOWN	PENDING
001306	certbuild/CMakeFiles/InstallScripts.json	.json	437	12	CCD58CE7893D178B377C2576284782CFA895B2134C0E7B911B92F23564F74080	certbuild/CMakeFiles	UNKNOWN	UNKNOWN	PENDING
001307	certbuild/CMakeFiles/VerifyGlobs.cmake	.cmake	3974	91	3B3D84F967643F0E6D8013AA103696929E640E924CF4E2EB6A95BCE46D20E478	certbuild/CMakeFiles	UNKNOWN	UNKNOWN	PENDING
001308	certbuild/CMakeFiles/4.4.2/CMakeASM_MASMCompiler.cmake	.cmake	1555	31	2854EEB905485DAFD438E0C81309CB5FEBF71AC879DD3B77F5823D872C31C841	certbuild/CMakeFiles	UNKNOWN	UNKNOWN	PENDING
001309	certbuild/CMakeFiles/4.4.2/CMakeCCompiler.cmake	.cmake	3411	86	C96A9C696C6E2168D03B3F7B05F229CAA42F1673D3BDC90BC9BB5C7C0A63631E	certbuild/CMakeFiles	UNKNOWN	UNKNOWN	PENDING
001310	certbuild/CMakeFiles/4.4.2/CMakeCXXCompiler.cmake	.cmake	6632	103	3818AE800A1D94F1B189F721136856C561F51E1E9C0562B1C1FD8285A06E357C	certbuild/CMakeFiles	UNKNOWN	UNKNOWN	PENDING
001311	certbuild/CMakeFiles/4.4.2/CMakeRCCompiler.cmake	.cmake	276	6	F1C96E7B6BC035D04A44733638743F28BF70450E870A3095A55CFF6AD81924FA	certbuild/CMakeFiles	UNKNOWN	UNKNOWN	PENDING
001312	certbuild/CMakeFiles/4.4.2/CMakeSystem.cmake	.cmake	399	15	14F764C3F0C50603F951C55B1787FA383C48D641385221057CD4F25001C4B314	certbuild/CMakeFiles	UNKNOWN	UNKNOWN	PENDING
001313	certbuild/CMakeFiles/4.4.2/CompilerIdC/CMakeCCompilerId.c	.c	29974	945	6B712B317574A51D1D4F3A69F0722D9EF310910570FD191501CDD45655E061D3	certbuild/CMakeFiles	UNKNOWN	UNKNOWN	PENDING
001314	certbuild/CMakeFiles/4.4.2/CompilerIdCXX/CMakeCXXCompilerId.cpp	.cpp	30605	954	C260F5F6368FE636DA54C24D6ABD310AC6FCC3ACDC4BDC674D9B7223569A85EB	certbuild/CMakeFiles	UNKNOWN	UNKNOWN	PENDING
001315	certbuild/rguf_source/cmake_install.cmake	.cmake	1292	40	F1323AF9D69FF8D4978C241D67E6CEDDCBC04D1BA8813DA4460AB9187DBA8840	certbuild/rguf_source	UNKNOWN	UNKNOWN	PENDING
001316	certbuild/src/ceo/cmake_install.cmake	.cmake	3334	64	690D25786D0D02669015B7C7C1EC59BB1CB50B62CCB7824B42EA5E5AB740063C	certbuild/src	UNKNOWN	UNKNOWN	PENDING
001317	certbuild/src/generation/cmake_install.cmake	.cmake	1298	40	F4E280845DC4384CC5D73E8482D92F61195FE8BAD164CABA2D61EE221E25223D	certbuild/src	UNKNOWN	UNKNOWN	PENDING
001318	certbuild/src/repository/cmake_install.cmake	.cmake	2395	52	74DDFF6F991E8B37CF987611AB16E0E6E0A708777E5DCEAD60E4C9BC19F21E47	certbuild/src	UNKNOWN	UNKNOWN	PENDING
001319	certbuild/src/reverse_engineering/cmake_install.cmake	.cmake	1316	40	B3E1EAEC0CEAFF682ECAAC6F449974F705AE91BFD8DC961DE53DBF8B6302B2E4	certbuild/src	UNKNOWN	UNKNOWN	PENDING
001320	certification/CertificationHarness.cpp	.cpp	28	1	1FE00CCEFE9D804F0D84DC0B8EB7DC20643F24A44B7B03561D6031D98E190015	certification/CertificationHarness.cpp	UNKNOWN	UNKNOWN	PENDING
001321	certification/certification_harness.cpp	.cpp	65	2	3ACB74F819B1D25B96C1FE17CF6F67B45801635B510FE574A00B336F087C314B	certification/certification_harness.cpp	UNKNOWN	UNKNOWN	PENDING
001322	certification/native_toolchain_cert.cpp	.cpp	12216	340	096094AEC114ABC9B675B938831FFC0AF9E35D95FEB25AC369A2D4CEB7F7137D	certification/native_toolchain_cert.cpp	UNKNOWN	UNKNOWN	PENDING
001323	certification/sunshine_core_cert.cpp	.cpp	5250	156	9F8D94152121DD271B87D2F1E1C7F62F2D8EC8C7DE917BD4722B358484CF6F09	certification/sunshine_core_cert.cpp	UNKNOWN	UNKNOWN	PENDING
001324	certification/sunshine_instagib_cert.cpp	.cpp	3275	108	6B37E1689C1E20F21BB8FB7702CC7EC124CFBF4F3B84D695CC298C0D71D1B564	certification/sunshine_instagib_cert.cpp	UNKNOWN	UNKNOWN	PENDING
001325	certification/test_add.cpp	.cpp	1162	42	35DFF8C94DB46343D9F7C5E904B6DC475C3B67AB8377A4956B1918D0C4CA7770	certification/test_add.cpp	UNKNOWN	UNKNOWN	PENDING
001326	certs/direct_io_probe_001.cpp	.cpp	8532	203	0E48A8E431CAAB2A4A075F289D64941A760AD4FAA4230E1113A6B27BEE35E7F0	certs/direct_io_probe_001.cpp	UNKNOWN	UNKNOWN	PENDING
001327	certs/gguf_tensor_slice_001.cpp	.cpp	70726	1376	D20A1E666F2B0D788F8E93F312BCDF696EDAC7B9AB21D55B6FFC7321D6F80BB3	certs/gguf_tensor_slice_001.cpp	UNKNOWN	UNKNOWN	PENDING
001328	certs/http_oracle_suite_001.cpp	.cpp	13793	319	63195B0AD048A92EBFC169CE96404C933A7CB1616AB94A01CFE1CAB58DA40D52	certs/http_oracle_suite_001.cpp	UNKNOWN	UNKNOWN	PENDING
001329	certs/http_template_format_sweep_001.cpp	.cpp	17585	381	33F4025825940E5F9518FFAB0AFC4FD6A2BE49943734251A675C4E623962EC66	certs/http_template_format_sweep_001.cpp	UNKNOWN	UNKNOWN	PENDING
001330	certs/http_template_marker_probe_001.cpp	.cpp	13814	313	AA66D51CEA9C5A240D4C567BBE74D4BDC9557CA0D308A787276DF3EAF42BA439	certs/http_template_marker_probe_001.cpp	UNKNOWN	UNKNOWN	PENDING
001331	certs/inference_wire_001.cpp	.cpp	24526	510	369E62A6108139AC35D59F30CB8C939C7B69868D09D500544E2E33413A0E0190	certs/inference_wire_001.cpp	UNKNOWN	UNKNOWN	PENDING
001332	certs/iq_tables.inc	.inc	15301	136	FD4F6507657A6DACD370482C0189B658B1E5D6707513D5E9355782D77BBE699B	certs/iq_tables.inc	UNKNOWN	UNKNOWN	PENDING
001333	certs/layer0_authority_001.cpp	.cpp	13890	308	1E7FB188D66BEE1D827D5872A0C4B1C63D36FE68E53A7E1FEFB0CC89A827D307	certs/layer0_authority_001.cpp	UNKNOWN	UNKNOWN	PENDING
001334	certs/mla_cert_001.cpp	.cpp	24	1	46EBD083829A26079E35F3B811EE8DFF76B240D1747D75BF602A5BFED27178B9	certs/mla_cert_001.cpp	UNKNOWN	UNKNOWN	PENDING
001335	certs/rawrxd_sampler_combined_oob_001.cpp	.cpp	4652	113	B7F85D7776442D14CC42F041E1D3A3D0EB378BB0D06E095CDB2988CB2339AD29	certs/rawrxd_sampler_combined_oob_001.cpp	UNKNOWN	UNKNOWN	PENDING
001336	certs/rawr_dog_harness.cpp	.cpp	14737	366	E8A6794DB3A541E93E67BEFD5E5F63941308FB8D33E5300FE2A45F91F33A2595	certs/rawr_dog_harness.cpp	UNKNOWN	UNKNOWN	PENDING
001337	certs/residual_overlay_sweep_001.cpp	.cpp	21617	473	9A433A86B1D08C591F8EA4EF099F5B75D17EAC0037C5AC25CA612B227DA04E48	certs/residual_overlay_sweep_001.cpp	UNKNOWN	UNKNOWN	PENDING
001338	certs/arena/rwmd_census.cpp	.cpp	18621	360	DC65EAECE93FAD982D950A531EEEE22053F90D215A549C31B47E11268E0BCD41	certs/arena	UNKNOWN	UNKNOWN	PENDING
001339	certs/arena/tensor_arena.cpp	.cpp	15701	371	16105C197681FC119EC75DA5FA6EE137E3991BF43A74C814A1892B8F60823546	certs/arena	UNKNOWN	UNKNOWN	PENDING
001340	cmake/AutoFeatureRegistry.cmake	.cmake	2168	56	093B410EFA62433EBBECFDB378A5609543DCA2002BA31FF45F8D6305662B5AC0	cmake/AutoFeatureRegistry.cmake	UNKNOWN	UNKNOWN	PENDING
001341	cmake/AutonomousHealer.cmake	.cmake	3377	87	260F7D14C1E4E98156FABC572870E2F37C8D1C25B96BA53C1AADE078FC5BEB28	cmake/AutonomousHealer.cmake	UNKNOWN	UNKNOWN	PENDING
001342	cmake/BuildTypes.cmake	.cmake	2091	54	9A26AF1DDE13DFE3C36059FB1BFCF91200E3559A122D85BCFE9B4697BDA066ED	cmake/BuildTypes.cmake	UNKNOWN	UNKNOWN	PENDING
001343	cmake/check_interconnect.cmake	.cmake	821	28	94395EF24E0CE4C9C9543C01B11A79D354298F929C807898B9C3D55A4898D25C	cmake/check_interconnect.cmake	UNKNOWN	UNKNOWN	PENDING
001344	cmake/common.cmake	.cmake	2175	50	BFC7B51CDE2832573C4C00663FA9C42CE2D24560700D64DFA8C1DD6BFA859DE1	cmake/common.cmake	UNKNOWN	UNKNOWN	PENDING
001345	cmake/CompilerChecks.cmake	.cmake	1533	39	5380D3A88F32C9291DB5A38C6E63A50C82C820905B9E984B6FD3CA73EFF0312F	cmake/CompilerChecks.cmake	UNKNOWN	UNKNOWN	PENDING
001346	cmake/CompilerOptimizations.cmake	.cmake	5799	148	8C9C2218760D97D292D6B029DFCAA27C697F7179D9E1CDF1B2E3A639EE1D479A	cmake/CompilerOptimizations.cmake	UNKNOWN	UNKNOWN	PENDING
001347	cmake/CoreRuntime.cmake	.cmake	9117	270	558BB2ED953FC9906E2B4E640BF346564F0F92856F8893A35A735EBCBA6886D7	cmake/CoreRuntime.cmake	UNKNOWN	UNKNOWN	PENDING
001348	cmake/Deep2BenchmarkCert.fragment.cmake	.cmake	2795	66	6A772F755AF46E89AC9BFC1BC720F023B873814D5D8EBAE47A0D4EBF156669D8	cmake/Deep2BenchmarkCert.fragment.cmake	UNKNOWN	UNKNOWN	PENDING
001349	cmake/Deep2C1C9.fragment.cmake	.cmake	920	25	FB2883160FC110DE83EE65AB303C85A951BC3A44BDC61143D254E60914506661	cmake/Deep2C1C9.fragment.cmake	UNKNOWN	UNKNOWN	PENDING
001350	cmake/Deep2GatewayCertStandalone.fragment.cmake	.cmake	1600	31	11968ADF5ED49EB63C328433C49C407B168A1F7048C2571371D85BFAA859C167	cmake/Deep2GatewayCertStandalone.fragment.cmake	UNKNOWN	UNKNOWN	PENDING
001351	cmake/Deep2GpuForwardChainControl.cmake	.cmake	479	10	E67DA6E19F84E451D19ACC2AE71E518E98B613A43FEEA6157ACF5BF29C21895E	cmake/Deep2GpuForwardChainControl.cmake	UNKNOWN	UNKNOWN	PENDING
001352	cmake/Deep2ProductLavapath.fragment.cmake	.cmake	1430	25	45183AC31D1FE71FC96215AD62D2D713EF02DE8767EFBFC38EB3A4C280DF5883	cmake/Deep2ProductLavapath.fragment.cmake	UNKNOWN	UNKNOWN	PENDING
001353	cmake/Deep2VwaB3B8.fragment.cmake	.cmake	2871	61	48DC63539301BA1C2FA316961A6FBFD4EF668D425CA34DBDFA102CCBF8D42733	cmake/Deep2VwaB3B8.fragment.cmake	UNKNOWN	UNKNOWN	PENDING
001354	cmake/Deep2VwaConsumerGates.fragment.cmake	.cmake	6165	144	58777039338AD00867C0F6065F10CF53426F6D4AA4BD03F72B44F844D839CC45	cmake/Deep2VwaConsumerGates.fragment.cmake	UNKNOWN	UNKNOWN	PENDING
001355	cmake/DumpbinAnalysis.cmake	.cmake	3077	87	E1CD5753B24D8471CB565048C6AE3FC7F2C64D491C2FD75E6E2FA04A42A8684F	cmake/DumpbinAnalysis.cmake	UNKNOWN	UNKNOWN	PENDING
001356	cmake/FindDirectX.cmake	.cmake	3257	79	C305D523F67EAB78F1C3FECBCF2D6DDEF95CC1187E8D67479DB3E2A3ACA88D1C	cmake/FindDirectX.cmake	UNKNOWN	UNKNOWN	PENDING
001357	cmake/FindMASM.cmake	.cmake	5969	143	A019F53319C0E1124C772B5D5E461B7CD8CAA69825AC620C5BF7CF14A242C8D3	cmake/FindMASM.cmake	UNKNOWN	UNKNOWN	PENDING
001358	cmake/FindRawrXDDeps.cmake	.cmake	5473	176	DDC2D7E14DF8AF12B2476895E685AA05F7B66857974DB3519A768F1017E06B05	cmake/FindRawrXDDeps.cmake	UNKNOWN	UNKNOWN	PENDING
001359	cmake/GenerateBuildInfo.cmake	.cmake	6331	180	3AB93112B42523241975D95FBE82ECED873392372E678830DFB6521586BF0CCD	cmake/GenerateBuildInfo.cmake	UNKNOWN	UNKNOWN	PENDING
001360	cmake/GenerateDependencyReport.cmake	.cmake	1717	40	3FF6E373BE3254ABF5E2CC13B4B190F54372EEF88EB20A597D4AA9944D0DE41D	cmake/GenerateDependencyReport.cmake	UNKNOWN	UNKNOWN	PENDING
001361	cmake/GgufDynamicGeometry.fragment.cmake	.cmake	146	2	A6383E23856E5A4AB0FAD28A7665488A4C2042FA082F87653941F52395A054F3	cmake/GgufDynamicGeometry.fragment.cmake	UNKNOWN	UNKNOWN	PENDING
001362	cmake/GitVars.cmake	.cmake	739	22	7AA39FFB7F2E9B8D9EB8A67ADF578B3DE4BA20B6E8D631683F738D1DED088620	cmake/GitVars.cmake	UNKNOWN	UNKNOWN	PENDING
001363	cmake/IntentGuardrails.cmake	.cmake	4192	99	B6DF71D399CB0875C787035E941FF63E3F16A4C97F15426EB912C435E730059A	cmake/IntentGuardrails.cmake	UNKNOWN	UNKNOWN	PENDING
001364	cmake/Interstellar.fragment.cmake	.cmake	5712	141	6C096B02BD838943546DD3E9FEE3EB975A09BE0734C2E1637AF52DFB3593D8E3	cmake/Interstellar.fragment.cmake	UNKNOWN	UNKNOWN	PENDING
001365	cmake/MASMCompiler.cmake	.cmake	10881	296	8D56E311935B3F7E7C03607989DCAEFD781E71FDD2CA2F553479F549B304AF53	cmake/MASMCompiler.cmake	UNKNOWN	UNKNOWN	PENDING
001366	cmake/P1_ProductRuntimeAuthority.cmake	.cmake	2364	59	1862A1647092ECF45EE81427FED6F794F8A2E60A6CB425BDCC1725658DC42DE1	cmake/P1_ProductRuntimeAuthority.cmake	UNKNOWN	UNKNOWN	PENDING
001367	cmake/Phase17_Dependencies.cmake	.cmake	2689	84	7AA8C619D809B1C87A5A2B7D38290B263CE798C8BD34C01B1F935673B945A373	cmake/Phase17_Dependencies.cmake	UNKNOWN	UNKNOWN	PENDING
001368	cmake/Phase21_HardenedMASM.cmake	.cmake	6728	165	B26523BD75394618ABC88BA2591133CF7477F8BE72CFFCE2ED9F16763557BA98	cmake/Phase21_HardenedMASM.cmake	UNKNOWN	UNKNOWN	PENDING
001369	cmake/Phase22_ASMErrorParsing.cmake	.cmake	6158	164	742F9631B6282F291E02B70DF4594955FC74742E520AAC7A97DCE7BBBE9F0319	cmake/Phase22_ASMErrorParsing.cmake	UNKNOWN	UNKNOWN	PENDING
001370	cmake/RawrAgenticCliQuarantine.cmake	.cmake	2100	45	9DDB3CA85D87E985A519BFBE3A82147B87E878A6A7D1DFBA75F4D44E0CC9C074	cmake/RawrAgenticCliQuarantine.cmake	UNKNOWN	UNKNOWN	PENDING
001371	cmake/RawrBackgroundTerminals.fragment.cmake	.cmake	2198	52	4427F7D3B19FC3AC0219D0BA9195D16ED709FBF987221354AE4D067A47E43A3C	cmake/RawrBackgroundTerminals.fragment.cmake	UNKNOWN	UNKNOWN	PENDING
001372	cmake/RawrProductLayer.fragment.cmake	.cmake	7133	162	3C63889C3AB7FCB56AE41E5A3C8971E56E05D6F08F114ECC5A23273596F07C0E	cmake/RawrProductLayer.fragment.cmake	UNKNOWN	UNKNOWN	PENDING
001373	cmake/RawrRemainingStyleCli.fragment.cmake	.cmake	1594	43	8E79352B8C23AD1B9C49A108A1DCB8749F44196B0FD7187833AD791D74B7CF96	cmake/RawrRemainingStyleCli.fragment.cmake	UNKNOWN	UNKNOWN	PENDING
001374	cmake/RawrXD-Vulkan-Fix.cmake	.cmake	3762	94	9765E5230EE2D7548F9E5C42A1DB1C55986C2D86E81673ABBB0BE23B6A322CCD	cmake/RawrXD-Vulkan-Fix.cmake	UNKNOWN	UNKNOWN	PENDING
001375	cmake/RawrXDBuildOptions.cmake	.cmake	7615	194	85398131EFDFCEA38A7B4265D34A8D62AFA8898975F5D7DA994D7B031AC15B92	cmake/RawrXDBuildOptions.cmake	UNKNOWN	UNKNOWN	PENDING
001376	cmake/RawrXDScaleValuePack.cmake	.cmake	885	32	1476E6444DB80F255B4C0A8844AEF4AF0499A1F2ABDCAC2A96E60B31E9B785CC	cmake/RawrXDScaleValuePack.cmake	UNKNOWN	UNKNOWN	PENDING
001377	cmake/RawrXDSovereignFinish.cmake	.cmake	4370	95	3BFFB1C71128D2E5801BF01F8C32C1FA3EF579E82A40E0170F908C645AFF0620	cmake/RawrXDSovereignFinish.cmake	UNKNOWN	UNKNOWN	PENDING
001378	cmake/RawrXDStrictShipping.cmake	.cmake	3377	83	B5D4816BA83E9304842823B1B022CECE0657C3632270A93DD393C6D8DF1A9D86	cmake/RawrXDStrictShipping.cmake	UNKNOWN	UNKNOWN	PENDING
001379	cmake/RawrXDStrictWin32IDESourceClosure.cmake	.cmake	5936	138	2C7A2B860B0D137B7148D1DF63DFA96352E7A805C2A26BB929E66FD257F91437	cmake/RawrXDStrictWin32IDESourceClosure.cmake	UNKNOWN	UNKNOWN	PENDING
001380	cmake/RawrXD_CustomCompiler.cmake	.cmake	577	13	B925258AECE63CD2255BE6C5B7D57CC9499B07C971701D13DAB2705406AEF929	cmake/RawrXD_CustomCompiler.cmake	UNKNOWN	UNKNOWN	PENDING
001381	cmake/RawrXD_Product100.cmake	.cmake	1728	39	4D2282EB314E700439EA73F23781EFA4A3EEC4EB4CA2FB7268D7B45B40F018AB	cmake/RawrXD_Product100.cmake	UNKNOWN	UNKNOWN	PENDING
001382	cmake/RawrXD_SovereignIAT.cmake	.cmake	3476	71	3A2EBAE9A4FBCFB52DEF54A251024AB5A4FFE49A723439BD78A759F6A0D3B64A	cmake/RawrXD_SovereignIAT.cmake	UNKNOWN	UNKNOWN	PENDING
001383	cmake/RawrXD_TokenPressureValve.cmake	.cmake	723	19	70B022F440C1953993E302AC8545D123404B02EF95B2AAB69F448D3673AD97EB	cmake/RawrXD_TokenPressureValve.cmake	UNKNOWN	UNKNOWN	PENDING
001384	cmake/Remote64.cmake	.cmake	5860	116	2D0250064E10A44C79D3E146718BC34B0E2F6094C659F6369C37073AFC85C55B	cmake/Remote64.cmake	UNKNOWN	UNKNOWN	PENDING
001385	cmake/SmokeE2EIPC.cmake	.cmake	2241	59	60C43717F5839AEC58CF56B9D59A8ED850E670039531AFEA7817965B151940E5	cmake/SmokeE2EIPC.cmake	UNKNOWN	UNKNOWN	PENDING
001386	cmake/SourceManifest.cmake	.cmake	2034	40	44D1EC530738D2051C40AAA05A83F12033AD539510EDCD399B08AD2D88063301	cmake/SourceManifest.cmake	UNKNOWN	UNKNOWN	PENDING
001387	cmake/SovereignASM.cmake	.cmake	5418	148	9F26B2BDB7CAFA3BDBB512D204F8EA6929CC8082C94338AB5E5653F0BA9441B9	cmake/SovereignASM.cmake	UNKNOWN	UNKNOWN	PENDING
001388	cmake/SovereignSubstrate.cmake	.cmake	9778	239	BB75F76E4535FC0C15E1CAABD001D519E68E0177A520CAAE5893F381F5E03CAE	cmake/SovereignSubstrate.cmake	UNKNOWN	UNKNOWN	PENDING
001389	cmake/TokenPressureValve.cmake	.cmake	1195	33	5FC31AF8E8DF8A60B4A9FF622F1CDD61A88FEA953DD73B2C15E4B443D9CDC8CF	cmake/TokenPressureValve.cmake	UNKNOWN	UNKNOWN	PENDING
001390	cmake/Toolchain-Windows-MASM.cmake	.cmake	3221	65	A4D5D5C253E3346964E419CE202E24A7B22FA77C8D9B5B7039FF6D07DBCDB36D	cmake/Toolchain-Windows-MASM.cmake	UNKNOWN	UNKNOWN	PENDING
001391	cmake/unlinked_symbols_batches.cmake	.cmake	2586	42	D8A944919AECD1E219C141C182AE531AA03C08D9B7114555F417185AEC0DF835	cmake/unlinked_symbols_batches.cmake	UNKNOWN	UNKNOWN	PENDING
001392	cmake/ValidateDependencies.cmake	.cmake	4530	180	0B5E03212F63F4136D5519C09957D56C517A155E1547DB9FA6F8C568855B05EC	cmake/ValidateDependencies.cmake	UNKNOWN	UNKNOWN	PENDING
001393	cmake/VerifyQtRuntime.cmake	.cmake	694	25	BB726CB4EC8CA3248DA6389A3DEB1E8FE4C8AA9FE3A2871724C62AED52496B5E	cmake/VerifyQtRuntime.cmake	UNKNOWN	UNKNOWN	PENDING
001394	cmake/WindowsSDK.cmake	.cmake	3568	75	B23FF7F651B540AA588E4A1F086287A217DE6E1503C75E032B839B7BBF276DFB	cmake/WindowsSDK.cmake	UNKNOWN	UNKNOWN	PENDING
001395	cmake/modules/RawrXD_MASM.cmake	.cmake	10058	251	E15B69F812C565D630E6FB551F579CD186E321272B9FED6742BE252B8A89DA37	cmake/modules	UNKNOWN	UNKNOWN	PENDING
001396	cmake/polish_batches/batch_1_sources.cmake	.cmake	2999	54	D417CC2C11677F590303E3A93B922346428EFF937FB998B273D7B1E1235CB87C	cmake/polish_batches	UNKNOWN	UNKNOWN	PENDING
001397	cmake/polish_batches/batch_1_source_groups.cmake	.cmake	300	8	EC5C54008925428D0FD68D2F2B23F026B908335EBDEA2145525A7AA188D8AEC7	cmake/polish_batches	UNKNOWN	UNKNOWN	PENDING
001398	cmlink/cmake_install.cmake	.cmake	2716	81	2C3B8EC9A043F052BE38C958A640E5DB9827067CE202A189EDC4B103B2DDA376	cmlink/cmake_install.cmake	UNKNOWN	UNKNOWN	PENDING
001399	cmlink/CMakeFiles/CMakeConfigureLog.yaml	.yaml	660120	9016	4D9EA310F7F2046289DDF1CFD6AC60DB41AD45D59828BB892900C0DDEB321015	cmlink/CMakeFiles	UNKNOWN	UNKNOWN	PENDING
001400	cmlink/CMakeFiles/InstallScripts.json	.json	419	12	428FBB9C16694E8ED08B0C3524C7392B1856FE0CA6401FAEC4255CC4AFDB1EC8	cmlink/CMakeFiles	UNKNOWN	UNKNOWN	PENDING
001401	cmlink/CMakeFiles/VerifyGlobs.cmake	.cmake	3971	91	ED58829D9D8446AA16F4A2E0D193A0C33DA7EB4B9EFDD0FBC2A7A059179E37E1	cmlink/CMakeFiles	UNKNOWN	UNKNOWN	PENDING
001402	cmlink/CMakeFiles/4.4.2/CMakeASM_MASMCompiler.cmake	.cmake	1555	31	2854EEB905485DAFD438E0C81309CB5FEBF71AC879DD3B77F5823D872C31C841	cmlink/CMakeFiles	UNKNOWN	UNKNOWN	PENDING
001403	cmlink/CMakeFiles/4.4.2/CMakeCCompiler.cmake	.cmake	3411	86	C96A9C696C6E2168D03B3F7B05F229CAA42F1673D3BDC90BC9BB5C7C0A63631E	cmlink/CMakeFiles	UNKNOWN	UNKNOWN	PENDING
001404	cmlink/CMakeFiles/4.4.2/CMakeCXXCompiler.cmake	.cmake	6632	103	3818AE800A1D94F1B189F721136856C561F51E1E9C0562B1C1FD8285A06E357C	cmlink/CMakeFiles	UNKNOWN	UNKNOWN	PENDING
001405	cmlink/CMakeFiles/4.4.2/CMakeRCCompiler.cmake	.cmake	276	6	F1C96E7B6BC035D04A44733638743F28BF70450E870A3095A55CFF6AD81924FA	cmlink/CMakeFiles	UNKNOWN	UNKNOWN	PENDING
001406	cmlink/CMakeFiles/4.4.2/CMakeSystem.cmake	.cmake	399	15	14F764C3F0C50603F951C55B1787FA383C48D641385221057CD4F25001C4B314	cmlink/CMakeFiles	UNKNOWN	UNKNOWN	PENDING
001407	cmlink/CMakeFiles/4.4.2/CompilerIdC/CMakeCCompilerId.c	.c	29974	945	6B712B317574A51D1D4F3A69F0722D9EF310910570FD191501CDD45655E061D3	cmlink/CMakeFiles	UNKNOWN	UNKNOWN	PENDING
001408	cmlink/CMakeFiles/4.4.2/CompilerIdCXX/CMakeCXXCompilerId.cpp	.cpp	30605	954	C260F5F6368FE636DA54C24D6ABD310AC6FCC3ACDC4BDC674D9B7223569A85EB	cmlink/CMakeFiles	UNKNOWN	UNKNOWN	PENDING
001409	cmlink/rguf_source/cmake_install.cmake	.cmake	1295	40	04FBF820E9A554756EFC2818F3E72A18297D3E331F3AB409F49EC4EED17E4E58	cmlink/rguf_source	UNKNOWN	UNKNOWN	PENDING
001410	cmlink/src/ceo/cmake_install.cmake	.cmake	3313	64	73045096EE4E26BDF2DB5430473373903986B6A6F0C5EDEAE4E7A91F871BFF6D	cmlink/src	UNKNOWN	UNKNOWN	PENDING
001411	cmlink/src/generation/cmake_install.cmake	.cmake	1301	40	27B7E6231353BC5A84757D68FFB9C427532249FF78251BA2AA365923126FE8B4	cmlink/src	UNKNOWN	UNKNOWN	PENDING
001412	cmlink/src/repository/cmake_install.cmake	.cmake	2386	52	5D26B126BFCD4C3AC998EBAA607897FCA79B435129CD70E38BD35999F64349D3	cmlink/src	UNKNOWN	UNKNOWN	PENDING
001413	cmlink/src/reverse_engineering/cmake_install.cmake	.cmake	1319	40	98D5BEB7E92C2A1E6A27B8C565B5575E223BE94255419257D78EF03B0A39B6DF	cmlink/src	UNKNOWN	UNKNOWN	PENDING
001414	evidence/RAWRXD_AGENT_TOOL_AUTHORITY_003/HEADLESS/agent_tool_authority_receipt.json	.json	4639	131	12C865D168CE2089D38DBCF3DFDA5CD5D0100536655B200EFEC2207A10CCC5DA	evidence/RAWRXD_AGENT_TOOL_AUTHORITY_003	UNKNOWN	UNKNOWN	PENDING
001415	evidence/RAWRXD_PERFORMANCE_001/DEEP2_ENGINE_SSVK_DECODE_BIND_001/build_and_run.bat	.bat	408	12	5C7418B232EDCB0A151A204657CE58691058235FE7C7F2E99E09F1E8C3C5C33E	evidence/RAWRXD_PERFORMANCE_001	UNKNOWN	UNKNOWN	PENDING
001416	evidence/RAWRXD_PERFORMANCE_001/DEEP2_ENGINE_SSVK_DECODE_BIND_001/include/d2_decode_contract.h	.h	2288	91	3A7F215A08B87F205AA8B495FA5B4E1148FF0F204F33375B6A1E656E9D56E190	evidence/RAWRXD_PERFORMANCE_001	UNKNOWN	UNKNOWN	PENDING
001417	evidence/RAWRXD_PERFORMANCE_001/DEEP2_ENGINE_SSVK_DECODE_BIND_001/include/d2_engine_ssvk_decode_bind.h	.h	1896	58	C8AFCA867C201E924B0DA4AE8C478582B1402C96B6DD032DCB03983A42DC17AA	evidence/RAWRXD_PERFORMANCE_001	UNKNOWN	UNKNOWN	PENDING
001418	evidence/RAWRXD_PERFORMANCE_001/DEEP2_ENGINE_SSVK_DECODE_BIND_001/src/d2_engine_ssvk_decode_bind.c	.c	3030	112	13F758EB01E191594563025810170EB2B6EE6252D8B71183AB5DD1966A34BF93	evidence/RAWRXD_PERFORMANCE_001	UNKNOWN	UNKNOWN	PENDING
001419	evidence/RAWRXD_PERFORMANCE_001/G3_K3C_E2E_REAL_001/smoke_k3c_e2e.cpp	.cpp	25	1	493B0BF92174B1FF34C14D049B2266D7F31DDC5580B77D3AD1697C2486F0D0F5	evidence/RAWRXD_PERFORMANCE_001	UNKNOWN	UNKNOWN	PENDING
001420	evidence/RAWRXD_STUB_RECONCILIATION_001/baseline/inventory_summary.json	.json	1433	47	786517F499C150361B0A699D345B5953BB5835517049F372E6FD1344065F7C05	evidence/RAWRXD_STUB_RECONCILIATION_001	UNKNOWN	UNKNOWN	PENDING
001421	evidence/RAWRXD_STUB_RECONCILIATION_001/baseline/placeholder_forms.json	.json	38273	869	0EE49557FB3A68551FE59CB425B1916F311B3CC76ECF2342A14547ADFEC456F9	evidence/RAWRXD_STUB_RECONCILIATION_001	UNKNOWN	UNKNOWN	PENDING
001422	evidence/RAWRXD_STUB_RECONCILIATION_001/BATCH_0/build_batch0.bat	.bat	849	19	BB4BD1512C8F183B0E278C4D68D99107CBA798F741EB9339E9A9E08F194CC37B	evidence/RAWRXD_STUB_RECONCILIATION_001	UNKNOWN	UNKNOWN	PENDING
001423	evidence/RAWRXD_STUB_RECONCILIATION_001/BATCH_0/build_lease_tool.bat	.bat	667	17	F3E188B54686E5690ACD057EE1F839881E72C5D593D6EF576D7F89C7E939D950	evidence/RAWRXD_STUB_RECONCILIATION_001	UNKNOWN	UNKNOWN	PENDING
001424	evidence/RAWRXD_STUB_RECONCILIATION_001/BATCH_0/lease_tool.cpp	.cpp	5814	121	E23A82250180CA18B63FC203887169E9A6B992984267260686808E1B6F2A6333	evidence/RAWRXD_STUB_RECONCILIATION_001	UNKNOWN	UNKNOWN	PENDING
001425	evidence/RAWRXD_STUB_RECONCILIATION_001/BATCH_0/single_writer_gate.cpp	.cpp	15694	332	202D346A8D2D41F14CCA31A330497178CA48C8C9853D6BD52A72FEFF34F3A1FA	evidence/RAWRXD_STUB_RECONCILIATION_001	UNKNOWN	UNKNOWN	PENDING
001426	evidence/RAWRXD_STUB_RECONCILIATION_001/BATCH_1/build_manifest.py	.py	16024	405	D06BDD4E2322429F97632783A3E82E5E2FD6D4710E0072840E296F2CCAF4AF2B	evidence/RAWRXD_STUB_RECONCILIATION_001	UNKNOWN	UNKNOWN	PENDING
001427	evidence/RAWRXD_STUB_RECONCILIATION_001/BATCH_1/emit_quarantine_manifest.py	.py	5882	133	55335C0277A7BA245FEA6CE03150A956B7B1FD10664FF255E834CE4C34BEC28A	evidence/RAWRXD_STUB_RECONCILIATION_001	UNKNOWN	UNKNOWN	PENDING
001428	evidence/RAWRXD_STUB_RECONCILIATION_001/BATCH_1/scan_placeholder_forms.py	.py	3470	85	60020E16138764FADA03AC2F26F36B2D25967EFFBC738A0B4C064611E7BEE780	evidence/RAWRXD_STUB_RECONCILIATION_001	UNKNOWN	UNKNOWN	PENDING
001429	evidence/RAWRXD_STUB_RECONCILIATION_001/BATCH_2/remove_stub_only_targets.py	.py	4858	136	BC34C525E50AADD950A1A2E71D287FC9964B257A35C395295D11B8BF264E7DC7	evidence/RAWRXD_STUB_RECONCILIATION_001	UNKNOWN	UNKNOWN	PENDING
001430	evidence/RAWRXD_STUB_RECONCILIATION_001/BATCH_3/delist_shipping_stubs.py	.py	2507	69	9A303B488B810BE441C285031990F93BF9919D49926383E01BD0F581520F2581	evidence/RAWRXD_STUB_RECONCILIATION_001	UNKNOWN	UNKNOWN	PENDING
001431	evidence/RAWRXD_STUB_RECONCILIATION_001/BATCH_3/quarantine.py	.py	3805	109	3C8EB2030A165AF6607819364028A3F2771DD181D9FCD29EA61993CB83108788	evidence/RAWRXD_STUB_RECONCILIATION_001	UNKNOWN	UNKNOWN	PENDING
001432	evidence/RAWRXD_STUB_RECONCILIATION_001/BATCH_3/resolve_cmake_lists.py	.py	2480	66	D565B76176A018C0512270E288F9B2566E82B4D76EC7808886CC4317FC1EE38B	evidence/RAWRXD_STUB_RECONCILIATION_001	UNKNOWN	UNKNOWN	PENDING
001433	evidence/RAWRXD_STUB_RECONCILIATION_001/BATCH_3/snapshot_targets.py	.py	1733	57	0F4E70811605A6528A2559D99FAE7487CF12D4C13BD99B2A41536C7704FBEF4B	evidence/RAWRXD_STUB_RECONCILIATION_001	UNKNOWN	UNKNOWN	PENDING
001434	evidence/RAWRXD_STUB_RECONCILIATION_001/BATCH_4/delisted_lines.json	.json	37839	1897	DC0528E4B10A55954B2AC15D67CFCB8A313FE9E2853A6254DD844A6DC085C810	evidence/RAWRXD_STUB_RECONCILIATION_001	UNKNOWN	UNKNOWN	PENDING
001435	evidence/RAWRXD_STUB_RECONCILIATION_001/BATCH_4/measure_remaining.py	.py	3148	75	23E11D22FCB9029781B9FCC44657830058EE233839047837251D14220814976F	evidence/RAWRXD_STUB_RECONCILIATION_001	UNKNOWN	UNKNOWN	PENDING
001436	evidence/RAWRXD_STUB_RECONCILIATION_001/BATCH_4/reconcile.py	.py	4426	113	74943DA77688300DFB3456DAD84BAB6D8A97B61FF1D4090607EA6CD09E6D6FA7	evidence/RAWRXD_STUB_RECONCILIATION_001	UNKNOWN	UNKNOWN	PENDING
001437	evidence/RAWRXD_STUB_RECONCILIATION_001/BATCH_4/repair_parens.py	.py	3115	88	B429CBB70963C3862C788D74C4D8F133B5049D6784EB123E75078C2297E5625E	evidence/RAWRXD_STUB_RECONCILIATION_001	UNKNOWN	UNKNOWN	PENDING
001438	evidence/RAWRXD_STUB_RECONCILIATION_001/BATCH_4/restore_delisted.py	.py	2893	81	F8E4A087C912E6C64E51E59541960A5FA504F93F07B55C9FD8B9ED84875B9681	evidence/RAWRXD_STUB_RECONCILIATION_001	UNKNOWN	UNKNOWN	PENDING
001439	evidence/RAWRXD_STUB_RECONCILIATION_001/stub-quarantine/payload/src/deep2/Deep2APIServer.cpp	.cpp	39	1	B98FD436D20EDD27BBFE7F263765B5F9FDF5A85B7C3344C16A3E3719BF9A06C4	evidence/RAWRXD_STUB_RECONCILIATION_001	UNKNOWN	UNKNOWN	PENDING
001440	evidence/RAWRXD_STUB_RECONCILIATION_001/stub-quarantine/payload/src/deep2/Deep2Benchmark.cpp	.cpp	39	1	39F3C841DFF364E9858023F248F2C954C0B81F5B6AE51D66D518E3CFE3F01C5D	evidence/RAWRXD_STUB_RECONCILIATION_001	UNKNOWN	UNKNOWN	PENDING
001441	evidence/RAWRXD_STUB_RECONCILIATION_001/stub-quarantine/payload/src/deep2/Deep2Discovery.cpp	.cpp	39	1	71AB9A8020265C488AEF6C598648C9CA57F33762D8185F6C346D0FD461DA7E32	evidence/RAWRXD_STUB_RECONCILIATION_001	UNKNOWN	UNKNOWN	PENDING
001442	evidence/RAWRXD_STUB_RECONCILIATION_001/stub-quarantine/payload/src/deep2/Deep2InferenceGateway.cpp	.cpp	46	1	193986CD7F01A6B7E315AF9E46220D28B05AADD39B0A86F954F866136608295A	evidence/RAWRXD_STUB_RECONCILIATION_001	UNKNOWN	UNKNOWN	PENDING
001443	evidence/RAWRXD_STUB_RECONCILIATION_001/stub-quarantine/payload/src/deep2/Deep2Integration.cpp	.cpp	41	1	A59B6485DEA2E055C6B9F7ABD9E934C8B864F532E6D6148C803B0CCD14A2C58D	evidence/RAWRXD_STUB_RECONCILIATION_001	UNKNOWN	UNKNOWN	PENDING
001444	evidence/RAWRXD_STUB_RECONCILIATION_001/stub-quarantine/payload/src/deep2/Deep2LocalServer.cpp	.cpp	41	1	39CD8E6C1E6A5A551157DE67D829FDF5ADA9B6AE2DDE2D64653A96ECF2BBDDA4	evidence/RAWRXD_STUB_RECONCILIATION_001	UNKNOWN	UNKNOWN	PENDING
001445	evidence/RAWRXD_STUB_RECONCILIATION_001/stub-quarantine/payload/src/deep2/deep2_http_gateway.cpp	.cpp	43	1	C2F11CCD45214DE03F5451258F5B29497B4061A3DC58A522AC5C57D1697CE42A	evidence/RAWRXD_STUB_RECONCILIATION_001	UNKNOWN	UNKNOWN	PENDING
001446	evidence/RAWRXD_STUB_RECONCILIATION_001/stub-quarantine/payload/src/deep2/GGUFDiagnostics.cpp	.cpp	40	1	3AD1EBA51F68ECDA48B2A301C64C38277AB25A637F77DECC9A0C7F498DE92463	evidence/RAWRXD_STUB_RECONCILIATION_001	UNKNOWN	UNKNOWN	PENDING
001447	evidence/RAWRXD_STUB_RECONCILIATION_001/stub-quarantine/payload/src/deep2/mcp_bridge.cpp	.cpp	35	1	B6A8696E545A3B6C61C7D5907AC4000314B7525F71382780D8A2E3458FB96F96	evidence/RAWRXD_STUB_RECONCILIATION_001	UNKNOWN	UNKNOWN	PENDING
001448	evidence/RAWRXD_STUB_RECONCILIATION_001/stub-quarantine/payload/src/deep2/ScaleQuality.cpp	.cpp	37	1	D1A090A3BF3E719AC51C861B2646F0B807AB5B638290F13236EE67AACF9A4946	evidence/RAWRXD_STUB_RECONCILIATION_001	UNKNOWN	UNKNOWN	PENDING
001449	evidence/RAWRXD_STUB_RECONCILIATION_001/stub-quarantine/payload/src/deep2/gpu/Deep2GPUBackend.cpp	.cpp	44	1	14DFFABC3480C2965BE25539B1782DC74E5956DF071A493D68F4E01A2EC3DEDD	evidence/RAWRXD_STUB_RECONCILIATION_001	UNKNOWN	UNKNOWN	PENDING
001450	evidence/RAWRXD_STUB_RECONCILIATION_001/stub-quarantine/payload/src/deep2/MultiGPU/GPUDeviceRegistry.cpp	.cpp	51	1	ADA1E7611CC8E2F94FE94E3E1138960D13DAD2938936290D7AA142921FBD4DB4	evidence/RAWRXD_STUB_RECONCILIATION_001	UNKNOWN	UNKNOWN	PENDING
001451	evidence/RAWRXD_STUB_RECONCILIATION_001/stub-quarantine/payload/src/deep2/MultiGPU/MultiGPUScheduler.cpp	.cpp	51	1	17622CE95F44A94FC52D81732251FB39A2CB23A8980DD4714983B18D95BBAA65	evidence/RAWRXD_STUB_RECONCILIATION_001	UNKNOWN	UNKNOWN	PENDING
001452	evidence/RAWRXD_STUB_RECONCILIATION_001/stub-quarantine/payload/src/deep2/MultiGPU/VRAMAllocator.cpp	.cpp	47	1	49AE455E7DEF28CB5296973461CA6AA5E2598D375516D0759D6EC6FA12B64B5D	evidence/RAWRXD_STUB_RECONCILIATION_001	UNKNOWN	UNKNOWN	PENDING
001453	evidence/RAWRXD_STUB_RECONCILIATION_001/stub-quarantine/payload/src/deep2/production/Deep2ProductionRuntime.cpp	.cpp	58	1	5F0E72729C87FE3E0C89C4302EAE258A92C574C89845329E0BFA7BDD68E641B0	evidence/RAWRXD_STUB_RECONCILIATION_001	UNKNOWN	UNKNOWN	PENDING
001454	evidence/RAWRXD_STUB_RECONCILIATION_001/stub-quarantine/payload/src/full_agentic_ide/AgenticIOCPBridge.cpp	.cpp	53	1	5E05A0C7F33D4175AC2F8ADF3E532C5CFFB024243F6AF766AF93D53CB8157C13	evidence/RAWRXD_STUB_RECONCILIATION_001	UNKNOWN	UNKNOWN	PENDING
001455	evidence/RAWRXD_STUB_RECONCILIATION_001/stub-quarantine/payload/src/full_agentic_ide/AgenticPlanningOrchestrator.cpp	.cpp	63	1	55CA488ACBC5802E5ABFDD9A7408358D6329B99C3D95324E9E7F2B2552A7E232	evidence/RAWRXD_STUB_RECONCILIATION_001	UNKNOWN	UNKNOWN	PENDING
001456	evidence/RAWRXD_STUB_RECONCILIATION_001/stub-quarantine/payload/src/full_agentic_ide/FullAgenticIDE.cpp	.cpp	50	1	1F34F0BB2F6584EF4CCBE77FA99B8B3D7776418E0EF33F0F6B83168C2CAF5F5E	evidence/RAWRXD_STUB_RECONCILIATION_001	UNKNOWN	UNKNOWN	PENDING
001457	evidence/RAWRXD_STUB_RECONCILIATION_001/stub-quarantine/payload/src/ide/ANSIColorParser.cpp	.cpp	38	1	A7779A0125989773FAC96A20DDACA215ECBFAA84C90AC9A953EC015308E0B5B0	evidence/RAWRXD_STUB_RECONCILIATION_001	UNKNOWN	UNKNOWN	PENDING
001458	evidence/RAWRXD_STUB_RECONCILIATION_001/stub-quarantine/payload/src/ide/Deep2Bridge.cpp	.cpp	34	1	08240B1ABE5119C1DA82BC37B326E6369F083ABB5BC367250417FB290A656589	evidence/RAWRXD_STUB_RECONCILIATION_001	UNKNOWN	UNKNOWN	PENDING
001459	evidence/RAWRXD_STUB_RECONCILIATION_001/stub-quarantine/payload/src/ide/FindReplaceDialog.cpp	.cpp	40	1	6929161088BDB6C8E01254EEA7E8D5502FD5C67F62DB0E795ED1603CA4798010	evidence/RAWRXD_STUB_RECONCILIATION_001	UNKNOWN	UNKNOWN	PENDING
001460	evidence/RAWRXD_STUB_RECONCILIATION_001/stub-quarantine/payload/src/ide/GitCommitDialog.cpp	.cpp	38	1	1523DA8BC6595838164F4D885D200F8007E8553A654A65D43F09FD7E519610C3	evidence/RAWRXD_STUB_RECONCILIATION_001	UNKNOWN	UNKNOWN	PENDING
001461	evidence/RAWRXD_STUB_RECONCILIATION_001/stub-quarantine/payload/src/ide/GitDiffViewer.cpp	.cpp	36	1	152253F240770452AB24A0EA4E244FF27D09A981E584481AAF9AAA6219DD3A77	evidence/RAWRXD_STUB_RECONCILIATION_001	UNKNOWN	UNKNOWN	PENDING
001462	evidence/RAWRXD_STUB_RECONCILIATION_001/stub-quarantine/payload/src/inference/ai_model_caller_real.cpp	.cpp	49	1	AA491FB4C125E2E42D1A7EDCA9FFFF79FE2ED8E890977D73EB5E3CA6B36A91DE	evidence/RAWRXD_STUB_RECONCILIATION_001	UNKNOWN	UNKNOWN	PENDING
001463	evidence/RAWRXD_STUB_RECONCILIATION_001/stub-quarantine/payload/src/inference/inference_engine_real.cpp	.cpp	50	1	6F62DDDD0CEE0C9391F2FCEB447C2B6AE6C854EADDFC9095F80FE801E6D400D5	evidence/RAWRXD_STUB_RECONCILIATION_001	UNKNOWN	UNKNOWN	PENDING
001464	include/agentic_autonomous_config.h	.h	9297	192	C0B2D962DB30396063F8CADA95C16E4A9D6F24CC5C3C525FB7F32748FE0E1B60	include/agentic_autonomous_config.h	UNKNOWN	UNKNOWN	PENDING
001465	include/agentic_model_streamer_bridge.h	.h	2664	76	04C9F9E9C9C962E26568D3DA889D7535F5FA2D3A4A79AF9663D56D7D5EE19CD3	include/agentic_model_streamer_bridge.h	UNKNOWN	UNKNOWN	PENDING
001466	include/auto_update_system.h	.h	5507	147	7A936CDBB1BEC60873976FE476F3F49644C45BED3DACF3A9CEB2AD89669565CC	include/auto_update_system.h	UNKNOWN	UNKNOWN	PENDING
001467	include/BP1BraidStreamer.h	.h	2689	76	4B0B639925571D79D9D74A78AC20330CA196BCF838F3F7515D602FC30007B47F	include/BP1BraidStreamer.h	UNKNOWN	UNKNOWN	PENDING
001468	include/chain_of_thought_engine.h	.h	8093	211	A6CDED3BA6C4F8138692D835E4D99C5ECFDFC167246F9E5F15825B8D1178830C	include/chain_of_thought_engine.h	UNKNOWN	UNKNOWN	PENDING
001469	include/checkpoint_manager.h	.h	12081	380	9F01CE4FB7A595D6D64E3FBA8AC085889A8566D6FCAA88EEFD68EB70EE44F771	include/checkpoint_manager.h	UNKNOWN	UNKNOWN	PENDING
001470	include/cpu_inference_engine.h	.h	791	31	41C9CB47F03C57BE0E6E4E2A3157BAA68B5422FC81416E746198CEFB1918AFF1	include/cpu_inference_engine.h	UNKNOWN	UNKNOWN	PENDING
001471	include/crash_containment.h	.h	4239	111	8DC27B0FA47592E44606EED1179CFCD5DB52B240DE1A3466E11B853F5D7BDFB2	include/crash_containment.h	UNKNOWN	UNKNOWN	PENDING
001472	include/cursor_github_parity_bridge.h	.h	3432	75	9C6BF80D3D0A90FDDBB60B66603CAA0343BEDCA380425092E3E1DABAB2A56D40	include/cursor_github_parity_bridge.h	UNKNOWN	UNKNOWN	PENDING
001473	include/editor_engine.h	.h	16389	369	83DCB8E4409535BD471B5CB8A17C2389F9DF68DB9F1A7AD5162C24935BE51D9B	include/editor_engine.h	UNKNOWN	UNKNOWN	PENDING
001474	include/enterprise_feature_manager.hpp	.hpp	9533	231	04259B4B8235BB020AEE110E250CE81792DD4A9B866980BCA1C247062DD13E69	include/enterprise_feature_manager.hpp	UNKNOWN	UNKNOWN	PENDING
001475	include/enterprise_feature_manifest.hpp	.hpp	32	3	974F32E25ECD6FADB48580D2B7E01C8A344F28F46B79516C63D40031D07AEC3B	include/enterprise_feature_manifest.hpp	UNKNOWN	UNKNOWN	PENDING
001476	include/enterprise_license.h	.h	5684	135	3EB2FD3FA015E05DD7022548820E3464FC5FACF15322641191AD492A0D99403C	include/enterprise_license.h	UNKNOWN	UNKNOWN	PENDING
001477	include/feature_registry.h	.h	15969	351	957416BAA13664CB0CB6962A1DA8C7326508E109EE6B51D4EB71347E73E5EA97	include/feature_registry.h	UNKNOWN	UNKNOWN	PENDING
001478	include/final_gauntlet.h	.h	2485	66	E2AA3F8091E9E1E6A03F114D39A704084385337EADEF8C4905C2BCFEC4B86F03	include/final_gauntlet.h	UNKNOWN	UNKNOWN	PENDING
001479	include/license_anti_tampering.h	.h	2497	56	F63C8958FDB6845E9F195DC82C5A2EDE37E91C994D2E1C0AD76D95323CD8C41B	include/license_anti_tampering.h	UNKNOWN	UNKNOWN	PENDING
001480	include/license_audit_trail.h	.h	5815	178	9BF2C1AF06F34653DC704D0E7A6B571C3D50571E884850C7B58F0285FCED7160	include/license_audit_trail.h	UNKNOWN	UNKNOWN	PENDING
001481	include/license_enforcement.h	.h	1355	48	DD59680A63AF3B65B863E382265675238363D10D73D800C3ED5D0892911A1CD6	include/license_enforcement.h	UNKNOWN	UNKNOWN	PENDING
001482	include/license_manager_panel.h	.h	5773	171	C582AA2C9DE53EDF828D3DE35171C1654C00F3B8C94F20900552E98514B1AA93	include/license_manager_panel.h	UNKNOWN	UNKNOWN	PENDING
001483	include/local_parity_kernel.h	.h	2946	60	B3DB6CC6758CF821ACFF7086F7A5186978DB6A8FA89730D2BD2523D23F75B1D8	include/local_parity_kernel.h	UNKNOWN	UNKNOWN	PENDING
001484	include/native_gguf_loader.h	.h	1477	54	B0FC13A67CF306B88B7890692B517FC535948773147BCD747DA610F7D9F52FC1	include/native_gguf_loader.h	UNKNOWN	UNKNOWN	PENDING
001485	include/patch_rollback_ledger.h	.h	6660	211	64D2D502EC1AC18564A794D27F66EBC8EDDC4C0876AFE70D190E15F7C67208D2	include/patch_rollback_ledger.h	UNKNOWN	UNKNOWN	PENDING
001486	include/PathResolver.h	.h	610	18	1ECD01AA313048D7DBA386CD282F14F754889936E9C58E15A1DB126EB82A4F2C	include/PathResolver.h	UNKNOWN	UNKNOWN	PENDING
001487	include/pdb_gsi_hash.h	.h	9083	219	162D0A51F8357C8CDAC7A1F23F5EAA7CCC4BE243150628468E16ED5C3B4D1AD0	include/pdb_gsi_hash.h	UNKNOWN	UNKNOWN	PENDING
001488	include/pdb_native.h	.h	27749	659	F821F2B9750137A6DBF22E730B19FF3C591333B40B79BD8AC4FB049966BE8530	include/pdb_native.h	UNKNOWN	UNKNOWN	PENDING
001489	include/pdb_reference_provider.h	.h	14910	354	7905EEABD2A361501CF092B7EC4DFBA443B1C0FD40EA831CA7DB0D13D32703F8	include/pdb_reference_provider.h	UNKNOWN	UNKNOWN	PENDING
001490	include/quant_hysteresis.h	.h	4653	128	F4CC903280FCB9C1D8A2545362E9436A35FD0A2B5D3656E3C0E01F8410E4F92A	include/quant_hysteresis.h	UNKNOWN	UNKNOWN	PENDING
001491	include/quickjs_sandbox.h	.h	7439	223	DA1BE6418FC4D2C66B5C4E6006F7A56E8D34B15E06A73F021A7C3BCA1A62AF50	include/quickjs_sandbox.h	UNKNOWN	UNKNOWN	PENDING
001492	include/reasoning_profile.h	.h	22886	521	715F8541B491C10F0C6927DB240D469BA5499D7DC400DF082B99FC686F643F6C	include/reasoning_profile.h	UNKNOWN	UNKNOWN	PENDING
001493	include/startup_phase_registry.h	.h	1272	33	3D0B2C5B05CA7730BDCE9A51F6FDFACC716F5148B64A25052EE1F4C50ABDE9A5	include/startup_phase_registry.h	UNKNOWN	UNKNOWN	PENDING
001494	include/StreamingResultChannel.h	.h	7426	154	4E5ABDAD2B208A43717E499D84A3AE4DC98DBB10173575767F46551921BB9633	include/StreamingResultChannel.h	UNKNOWN	UNKNOWN	PENDING
001495	include/streaming_command_handler.h	.h	1747	54	2C4032A8DB4EA405F71B878F8A7127BB9AA6E3505FDEAA7602618AFF2141EB32	include/streaming_command_handler.h	UNKNOWN	UNKNOWN	PENDING
001496	include/streaming_gguf_loader.h	.h	6361	154	6141756E5DE00591F14FC243B2814B1155456A42C6511BA0D7BCBEA99F9C30C1	include/streaming_gguf_loader.h	UNKNOWN	UNKNOWN	PENDING
001497	include/streaming_inference_engine.h	.h	2323	67	F12B4D4C2D0EDCA0C1C2E63776DBA3A9E4CE36F0FF4695EB66D3DA9B88F4E17E	include/streaming_inference_engine.h	UNKNOWN	UNKNOWN	PENDING
001498	include/swarm_reconciliation.h	.h	15060	381	EA50556561AD90C53ADF86266875B5AEA335840719FB5983BC7D7CF8593BB3EB	include/swarm_reconciliation.h	UNKNOWN	UNKNOWN	PENDING
001499	include/update_signature.h	.h	9988	255	A5DCC7397359FFAC1E857D9CEE9D98F262599940360A974C00ACC0D5ACEB0982	include/update_signature.h	UNKNOWN	UNKNOWN	PENDING
001500	include/vscode_extension_api.h	.h	80223	1909	5D9CDDCB4BA4486A1764C529FF61E926D332E37E0A9F0BE90C4F6AF6425B66E0	include/vscode_extension_api.h	UNKNOWN	UNKNOWN	PENDING
001501	include/agentic/AgentOrchestrator.h	.h	7958	192	60B60D63B0B06FDE602EE02AEFE89D4378A61ACF3E0D0299029339D6ECB3F2DB	include/agentic	UNKNOWN	UNKNOWN	PENDING
001502	include/agentic/AgentStateManager.h	.h	4021	107	3F2C1624FC72B89D7CBDE5E2AAE1C436D11B0DD74F40F534E368EE8C9D9FB355	include/agentic	UNKNOWN	UNKNOWN	PENDING
001503	include/agentic/AgentToolRegistry.h	.h	7955	181	A92BC28C1E3E97116CFA321FF643B655FAD789A932BCEBFE06AB53ADF35E5073	include/agentic	UNKNOWN	UNKNOWN	PENDING
001504	include/agentic/CommandExecutor.h	.h	2485	64	F2D960F828CCF87AB5BF37A3370628E3E8C7A7501D1FC355B62549C4436FDBA3	include/agentic	UNKNOWN	UNKNOWN	PENDING
001505	include/agentic/ModelToolProtocol.h	.h	12825	282	A6CAA955B83B34781AD4C04C4D84275751BB5EC68AC11895F301898A6DA51EDD	include/agentic	UNKNOWN	UNKNOWN	PENDING
001506	include/agentic/StreamingToolParser.h	.h	3857	102	5BC3188626AC783EE13E1A038D51169729C08334B6447A7A55FB465DFF35ADBC	include/agentic	UNKNOWN	UNKNOWN	PENDING
001507	include/enterprise/multi_gpu.h	.h	6800	191	6F2F318973B1B33B0F6782261D9415CD1479849692D8C131819889BB7526E83D	include/enterprise	UNKNOWN	UNKNOWN	PENDING
001508	include/nlohmann/json.hpp	.hpp	919975	24765	9BEA4C8066EF4A1C206B2BE5A36302F8926F7FDC6087AF5D20B417D0CF103EA6	include/nlohmann	UNKNOWN	UNKNOWN	PENDING
001509	include/nlohmann/json_fwd.hpp	.hpp	6340	176	5CEFBBA751BAF5243033FD894C70BE9B37103D64B3D3A959E4173197D71137B9	include/nlohmann	UNKNOWN	UNKNOWN	PENDING
001510	include/rawrxd/closure/AgentOrchestrator.hpp	.hpp	875	41	31A6C7EF832B63D292BAD99A9A8CB6DA4C7568A5A587909C49F5F9D5D0D909E7	include/rawrxd	UNKNOWN	UNKNOWN	PENDING
001511	include/rawrxd/closure/BuildTestGate.hpp	.hpp	845	32	4A757D28C8C8BAADC690A4A2727AE463B75050458BF776B228DE9C8E4AFFAF79	include/rawrxd	UNKNOWN	UNKNOWN	PENDING
001512	include/rawrxd/closure/Certification.hpp	.hpp	685	29	8ED872D5A5AE577ED6957F7834F0A2797C10818E121E88EB3B4DDA4D6ED33141	include/rawrxd	UNKNOWN	UNKNOWN	PENDING
001513	include/rawrxd/closure/Common.hpp	.hpp	1356	57	6275D1F6995BCFDC5FCDEB91EF2DFBC574D292758C5D63C4BFE1D60C98291C43	include/rawrxd	UNKNOWN	UNKNOWN	PENDING
001514	include/rawrxd/closure/ContextPlanner.hpp	.hpp	616	29	4F9400FC293C1E5909FDCE257C06BF865A555D59EF52D3D246B93BE197290BD5	include/rawrxd	UNKNOWN	UNKNOWN	PENDING
001515	include/rawrxd/closure/DevicePolicy.hpp	.hpp	1329	58	D5535CC41B7EDF0425C792AA08A12D7D0F3A4A19DF181782847E7FDEEA5DE7BD	include/rawrxd	UNKNOWN	UNKNOWN	PENDING
001516	include/rawrxd/closure/EditTransaction.hpp	.hpp	1355	45	51EA10B33774F0E503E3195A75F6B335C3F11DD6FC84CBA70062E883FCE1ED49	include/rawrxd	UNKNOWN	UNKNOWN	PENDING
001517	include/rawrxd/closure/EvidenceStatus.hpp	.hpp	9825	256	AB49F7E06C1ED2DF942BB8C3FB0FE474199490DA02A0426C264025E6955782D6	include/rawrxd	UNKNOWN	UNKNOWN	PENDING
001518	include/rawrxd/closure/EvidenceStatusEvent.hpp	.hpp	1606	37	20F323A5DC5C8C0DF5007DA792BEFCB23C952762CE31C7577B7F527514FD42D3	include/rawrxd	UNKNOWN	UNKNOWN	PENDING
001519	include/rawrxd/closure/PerformanceLedger.hpp	.hpp	795	30	B61F634DC52469B7B58E0A177F8BC4773A2D4A686A67F54E6A3FCC0022B6C7B3	include/rawrxd	UNKNOWN	UNKNOWN	PENDING
001520	include/rawrxd/closure/ProcessRunner.hpp	.hpp	695	32	55C0BFF902FDFE95DA076BA91DEF92CA3531DB5E2F1FCD2C50737C5CDA94F630	include/rawrxd	UNKNOWN	UNKNOWN	PENDING
001521	include/rawrxd/closure/ToolGateway.hpp	.hpp	1128	48	9220B88477C936ADD5CA0E6027751883AF7FECA9233CE2F145744D61F8B5C58D	include/rawrxd	UNKNOWN	UNKNOWN	PENDING
001522	include/rawrxd/closure/WorkspaceGuard.hpp	.hpp	459	19	97EF5EFC934F0C8AD414D216B960687E34530D1E1E013299905BE3F230718693	include/rawrxd	UNKNOWN	UNKNOWN	PENDING
001523	include/rawrxd/inference/GpuRejectInstrumentation.hpp	.hpp	4685	119	DCF56B4FECA8EF4EAAC74160AD6652A7B520A217953C7BBAB8BAD7DA0985E10D	include/rawrxd	UNKNOWN	UNKNOWN	PENDING
001524	include/rawrxd/runtime/GenerationStopwatch.hpp	.hpp	495	23	E62697A9C5E6CD98234622668ABF9DFD4F9C931CBB004B6697D1CF0213C79EAC	include/rawrxd	UNKNOWN	UNKNOWN	PENDING
001525	include/rawrxd/swarm48/AgentSession.hpp	.hpp	958	35	1A99B0909E14F2A334D5C7EC67FAB70C65542AF35B65110FDA5628E88AC1E382	include/rawrxd	UNKNOWN	UNKNOWN	PENDING
001526	include/rawrxd/swarm48/Common.hpp	.hpp	967	38	97A0CD2E4C16A17B1E57FCFB96670D1B0395E38E357DE75CAAC83B4B8774323C	include/rawrxd	UNKNOWN	UNKNOWN	PENDING
001527	include/rawrxd/swarm48/ContinuousBatcher.hpp	.hpp	473	21	8B805EB324B4C14009CC43B7E63FA9A39F5564606BAA207517933A21A79A33C9	include/rawrxd	UNKNOWN	UNKNOWN	PENDING
001528	include/rawrxd/swarm48/Deep2BridgeContract.hpp	.hpp	799	21	243B3DD370D88D4845362F1AB8A447E6FD13D0BCED87EFC3087C347B1DF66B5E	include/rawrxd	UNKNOWN	UNKNOWN	PENDING
001529	include/rawrxd/swarm48/DefaultTopology.hpp	.hpp	510	13	2BE9A41A64C90D0EB0C7B6018377D56D97172D56D5169CA0AF7BC6818C66B67C	include/rawrxd	UNKNOWN	UNKNOWN	PENDING
001530	include/rawrxd/swarm48/DeviceLeaseManager.hpp	.hpp	884	31	D101228283DE8269353263936E313D8E6B8E2882C008F0B2033A9849CCF68549	include/rawrxd	UNKNOWN	UNKNOWN	PENDING
001531	include/rawrxd/swarm48/InferenceAdapter.hpp	.hpp	1120	47	7FB18C862893E169C8970AFFF1308396CC093F86234A2D72C60013461ADE96AD	include/rawrxd	UNKNOWN	UNKNOWN	PENDING
001532	include/rawrxd/swarm48/PagedKVPool.hpp	.hpp	1063	41	058C63A29449E9E415B50C21FC77AFE637152D6EF79C729AED060498CB0DAB58	include/rawrxd	UNKNOWN	UNKNOWN	PENDING
001533	include/rawrxd/swarm48/ReceiptLedger.hpp	.hpp	490	17	34C23A1B079FEFF1B5E8878773AFEBF2EEF8C9D6E42AED74DCD191D02587965E	include/rawrxd	UNKNOWN	UNKNOWN	PENDING
001534	include/rawrxd/swarm48/SharedModelRegistry.hpp	.hpp	759	25	7DC392238AE0AAEE8156E10A6B02A8DEA03230603860CC2CCDBB909E76760350	include/rawrxd	UNKNOWN	UNKNOWN	PENDING
001535	include/rawrxd/swarm48/SwarmCommand.hpp	.hpp	1234	39	7C98EBB1D55A746FFE564F16E66D3FEEFF21F13636761D33CA489DB1160D2922	include/rawrxd	UNKNOWN	UNKNOWN	PENDING
001536	include/rawrxd/swarm48/SwarmRuntime.hpp	.hpp	2101	61	E47368EF9F43E5877FC80DF12F083FDD82395C2BC4EEE14426EDDC73AA5ED060	include/rawrxd	UNKNOWN	UNKNOWN	PENDING
001537	include/rawrxd/swarm48/TeamCoordinator.hpp	.hpp	577	23	00CDDB4CF203B7C93F43ECDA40B500C14517287DBA7C964775169CAC932E2C0D	include/rawrxd	UNKNOWN	UNKNOWN	PENDING
001538	include/screenpilot/rawrxd_screenpilot_agent_v2.h	.h	4721	142	529ADED25991E4189952E7A0EE2F445C8F98EB95638FE163E6FF7EDC1EEBCA5E	include/screenpilot	UNKNOWN	UNKNOWN	PENDING
001539	include/screenpilot/screenpilot_tool_policy_v2.h	.h	5316	164	9EE31B5F0A96BD73D1FEDAE322B7A420E48D522A7412336C3B5C6D7689D068B1	include/screenpilot	UNKNOWN	UNKNOWN	PENDING
001540	include/security/JwtValidator.h	.h	3771	95	3382C519378FF964DB5ACCEC61967615323916182C23E983186434FE7C4890CB	include/security	UNKNOWN	UNKNOWN	PENDING
001541	receipts/RAWRXD_AGENT_AUTHORITY_001/receipt.template.ini	.ini	800	36	8248411030D33B445AFDE4B2C5996CABF04956805E53986FE155FF7F60848020	receipts/RAWRXD_AGENT_AUTHORITY_001	UNKNOWN	UNKNOWN	PENDING
001542	receipts/RAWRXD_AGENT_RECEIPTS_001/receipt.template.ini	.ini	917	42	D67DA97980230365B5C5396DF26FFA2CB8362B0ADAEFDA63A0AE209964826796	receipts/RAWRXD_AGENT_RECEIPTS_001	UNKNOWN	UNKNOWN	PENDING
001543	receipts/RAWRXD_ASK_AGENT_001/receipt.template.ini	.ini	630	27	EE135C9392336C47F6E7C2F64926D3634AEA91B59AFE0F9B279E830CE95FB2BC	receipts/RAWRXD_ASK_AGENT_001	UNKNOWN	UNKNOWN	PENDING
001544	receipts/RAWRXD_AUTHORITY_SURFACE_CENSUS_001/census.json	.json	13287	497	970506CBEC2DD55DAF713C50EB6DC697EB4455E5D8388D111F20E8C624661EB1	receipts/RAWRXD_AUTHORITY_SURFACE_CENSUS_001	UNKNOWN	UNKNOWN	PENDING
001545	receipts/RAWRXD_BEYOND_PARITY_001/receipt.template.ini	.ini	1300	54	1AF12C548A255180474053AD7F29A4E9AF50E435D4D51D16ED57470BAF2F5190	receipts/RAWRXD_BEYOND_PARITY_001	UNKNOWN	UNKNOWN	PENDING
001546	receipts/RAWRXD_BUILD_AGENT_001/receipt.template.ini	.ini	740	30	7BF87A8CF51B1755E59C93BF65A2386CFD51FFA76867E88BB7CB71AC127E8D3D	receipts/RAWRXD_BUILD_AGENT_001	UNKNOWN	UNKNOWN	PENDING
001547	receipts/RAWRXD_CODE_AGENT_001/receipt.template.ini	.ini	788	36	8BACB4B309FC240C28ECC2035ECFA56E948E2BDBF32DF20DFC80B003494E3C17	receipts/RAWRXD_CODE_AGENT_001	UNKNOWN	UNKNOWN	PENDING
001548	receipts/RAWRXD_CODE_INDEX_001/receipt.template.ini	.ini	763	33	AA730C3E60C71C23F41B517FC49DD97242C6042B8ACAD4AD56C64B85B46E5C28	receipts/RAWRXD_CODE_INDEX_001	UNKNOWN	UNKNOWN	PENDING
001549	receipts/RAWRXD_COMPLETION_001/receipt.template.ini	.ini	624	27	A485B9CFFA67B2BABAAD1043753B4B7D5F964D8B32317999A6DEDD26ED479D9D	receipts/RAWRXD_COMPLETION_001	UNKNOWN	UNKNOWN	PENDING
001550	receipts/RAWRXD_CONTEXT_ENGINE_001/receipt.template.ini	.ini	729	33	B67C1A8B6A210C83C609A9482E82CAF9ADCD619DBBB0926AE4ADDD627E5E0DFB	receipts/RAWRXD_CONTEXT_ENGINE_001	UNKNOWN	UNKNOWN	PENDING
001551	receipts/RAWRXD_DEBUG_AGENT_001/receipt.template.ini	.ini	706	30	A41495286B6AC781567F3571965FF0DDF60AA88A757DA0A2008DEE069DE118D5	receipts/RAWRXD_DEBUG_AGENT_001	UNKNOWN	UNKNOWN	PENDING
001552	receipts/RAWRXD_DEEP2_STREAMER_DISCOVERY_001/inventory.json	.json	835	18	DA16E08CF160916624E9F6135BB177A822C4003BD8FDE0B1C96C04D78B47F45A	receipts/RAWRXD_DEEP2_STREAMER_DISCOVERY_001	UNKNOWN	UNKNOWN	PENDING
001553	receipts/RAWRXD_DIAGNOSTICS_001/receipt.template.ini	.ini	630	27	D0E0BB3010A3BAC97C5563FD574D720A1C706648783668753E329C3E0E8A4A2A	receipts/RAWRXD_DIAGNOSTICS_001	UNKNOWN	UNKNOWN	PENDING
001554	receipts/RAWRXD_EDIT_AUTHORITY_001/receipt.template.ini	.ini	770	33	D8CBC1E066C83B8F0C6EE3E536E3B6C64C4390AB89092CDDE69978D0E1A78EED	receipts/RAWRXD_EDIT_AUTHORITY_001	UNKNOWN	UNKNOWN	PENDING
001555	receipts/RAWRXD_FILESYSTEM_AGENT_001/receipt.template.ini	.ini	944	42	EC742373E37EA3D6EE09AD7130C8737F71D6DCD9B5792C529C264EC34F3EA8CB	receipts/RAWRXD_FILESYSTEM_AGENT_001	UNKNOWN	UNKNOWN	PENDING
001556	receipts/RAWRXD_FOUNDATION_001/receipt.template.ini	.ini	736	30	4D9E6FA4DFD28DCEAB283227EC9BF26C5CF48978AA58F49BF6E1136489705D02	receipts/RAWRXD_FOUNDATION_001	UNKNOWN	UNKNOWN	PENDING
001557	receipts/RAWRXD_GIT_AGENT_001/receipt.template.ini	.ini	724	33	268A8DC8F52D3EB18D6A4DA2D87AA7C8FD5BAC6B96E3DC384FF880169D259584	receipts/RAWRXD_GIT_AGENT_001	UNKNOWN	UNKNOWN	PENDING
001558	receipts/RAWRXD_GIT_SAFETY_AUTHORITY_001/runs/20261001T223438Z_PID5156_RUN0.ini	.ini	9266	170	1FD0826C0A92F787EB558C5B212A30C1FB1EA3E56407BD612E5065055A035F68	receipts/RAWRXD_GIT_SAFETY_AUTHORITY_001	UNKNOWN	UNKNOWN	PENDING
001559	receipts/RAWRXD_IDE_CHAT_001/receipt.template.ini	.ini	886	39	707945A0D99A08A65BE24473BEE97C8A387B2D1DF11AFB7C225769B3602A652C	receipts/RAWRXD_IDE_CHAT_001	UNKNOWN	UNKNOWN	PENDING
001560	receipts/RAWRXD_INLINE_CODE_001/receipt.template.ini	.ini	577	27	33E19B558FDDC8E9BD842AEE33BA1280DDD74072400A6439C5B8A9FC584DD6DA	receipts/RAWRXD_INLINE_CODE_001	UNKNOWN	UNKNOWN	PENDING
001561	receipts/RAWRXD_LONG_TASK_AGENT_001/receipt.template.ini	.ini	771	33	B6A5CF9C574D803B57201D71BEB7020D77B7DC78D5DF1DCA2A69D3F73C7E0644	receipts/RAWRXD_LONG_TASK_AGENT_001	UNKNOWN	UNKNOWN	PENDING
001562	receipts/RAWRXD_MODEL_ROUTER_001/receipt.template.ini	.ini	674	30	929886F5E7FA97CE1C4DFA6FBAB95D838B00EFFACD4177C2195B47F868E24EDC	receipts/RAWRXD_MODEL_ROUTER_001	UNKNOWN	UNKNOWN	PENDING
001563	receipts/RAWRXD_MODEL_TOOL_PROTOCOL_AUTHORITY_001/RAWRXD_MODEL_TOOL_PROTOCOL_AUTHORITY_001_LAST.ini	.ini	1095	31	4709381BB790450E32D87D1D50C005AAF69CAE45609E5E5912364C29DD94EBB1	receipts/RAWRXD_MODEL_TOOL_PROTOCOL_AUTHORITY_001	UNKNOWN	UNKNOWN	PENDING
001564	receipts/RAWRXD_ORCHESTRATION_001/receipt.template.ini	.ini	723	30	BC76855B53D17BE2663951429DBB7974167BB8E72850D7F1AB1C8273640A20AE	receipts/RAWRXD_ORCHESTRATION_001	UNKNOWN	UNKNOWN	PENDING
001565	receipts/RAWRXD_PLAN_AGENT_001/receipt.template.ini	.ini	730	30	80C62FCD70B2EA2B18B7C3ABB24C4D07FB988CF33A7532A0FD31C8FB4B777D94	receipts/RAWRXD_PLAN_AGENT_001	UNKNOWN	UNKNOWN	PENDING
001566	receipts/RAWRXD_RECEIPT_IMMUTABILITY_AUTHORITY_001/runs/20261001T221133Z_PID28936_RUN2.ini	.ini	331	11	6937CA949AA1C9495318B1BD350E58E660787E07503BB26C1A46505F9A9EDC76	receipts/RAWRXD_RECEIPT_IMMUTABILITY_AUTHORITY_001	UNKNOWN	UNKNOWN	PENDING
001567	receipts/RAWRXD_RECEIPT_IMMUTABILITY_AUTHORITY_001/runs/20261001T221213Z_PID21020_RUN2.ini	.ini	332	11	2AC64233E4795D69242C2E6399C0F8C04853982ABE09B915EB2BBAC320B5A7F8	receipts/RAWRXD_RECEIPT_IMMUTABILITY_AUTHORITY_001	UNKNOWN	UNKNOWN	PENDING
001568	receipts/RAWRXD_RECEIPT_IMMUTABILITY_AUTHORITY_001/runs/20261001T221249Z_PID19488_RUN2.ini	.ini	332	11	A3FFBC447461952FF1279EC54BFEC047AF53CCF48B1E1BE47EDEB881E704B85E	receipts/RAWRXD_RECEIPT_IMMUTABILITY_AUTHORITY_001	UNKNOWN	UNKNOWN	PENDING
001569	receipts/RAWRXD_RECEIPT_IMMUTABILITY_AUTHORITY_001/runs/20261001T224646Z_PID18620_RUN2.ini	.ini	332	11	A3FFBC447461952FF1279EC54BFEC047AF53CCF48B1E1BE47EDEB881E704B85E	receipts/RAWRXD_RECEIPT_IMMUTABILITY_AUTHORITY_001	UNKNOWN	UNKNOWN	PENDING
001570	receipts/RAWRXD_RESPONSE_CODED_AGENT_001/receipt.template.ini	.ini	821	33	A7BB7AB2326F38BADA2091B25EAFA2FFDABCDCC678502A1FE023A83EFA872140	receipts/RAWRXD_RESPONSE_CODED_AGENT_001	UNKNOWN	UNKNOWN	PENDING
001571	receipts/RAWRXD_SESSION_AUTHORITY_001/receipt.template.ini	.ini	750	30	B1EAF19C996DEF8FD3E013FCC6C0FDA87F59AC8E9A2B0AD7964D561AA7ABEBF8	receipts/RAWRXD_SESSION_AUTHORITY_001	UNKNOWN	UNKNOWN	PENDING
001572	receipts/RAWRXD_TERMINAL_AUTHORITY_001/receipt.template.ini	.ini	830	36	56A61F9D093104C4DD8680108E802925DFBED00EDB917717CA0B52A497B6B12F	receipts/RAWRXD_TERMINAL_AUTHORITY_001	UNKNOWN	UNKNOWN	PENDING
001573	receipts/RAWRXD_TEST_AGENT_001/receipt.template.ini	.ini	683	30	0C90D535C2ADBE04C8050229A39E5CDD8DB93A99DDBDD0E18586A98AA504C369	receipts/RAWRXD_TEST_AGENT_001	UNKNOWN	UNKNOWN	PENDING
001574	receipts/RAWRXD_TOOL_AUTHORITY_001/receipt.template.ini	.ini	973	42	D4E59DF4FAB53EFC6619CD8E4055E91DED9C0FF9E8B1F7402AB40330A1883EEA	receipts/RAWRXD_TOOL_AUTHORITY_001	UNKNOWN	UNKNOWN	PENDING
001575	reference/masm/masm_agentic_puppeteer.asm	.asm	21338	865	C873201455A3DB1CE5488B3A10706A3B7944EA7C26918709FF7E095A011B7E65	reference/masm	UNKNOWN	UNKNOWN	PENDING
001576	reference/masm/masm_instruction_encoder.hpp	.hpp	9641	252	026C8CA78987D39BA80A7F53F92AAEA7E896D7A8906518FA4500ED9F96D7914F	reference/masm	UNKNOWN	UNKNOWN	PENDING
001577	reference/toolchain/pe_writer.c	.c	16735	443	48623239B1D9C2E7C835FA99703440D52A59476C5E2C473C9725DE220D6EF9E0	reference/toolchain	UNKNOWN	UNKNOWN	PENDING
001578	reference/toolchain/pe_writer.h	.h	3145	87	214F5D7EA64E83A4AED499B9A67F3DDDDD31ABE0513E3F7BC62571AD39AA5473	reference/toolchain	UNKNOWN	UNKNOWN	PENDING
001579	repo/ASTCache.cpp	.cpp	17657	485	E3C5C9C2DE88E6749ACB3F3F71D8AF08129A4F209A670DF7038253288CB5C2DD	repo/ASTCache.cpp	UNKNOWN	UNKNOWN	PENDING
001580	repo/CallGraph.cpp	.cpp	13124	375	0F5522F767956F58C1BA2B7A105FC99CA35D9384DF26B36DFAAF678C2E95161D	repo/CallGraph.cpp	UNKNOWN	UNKNOWN	PENDING
001581	repo/EmbeddingIndex.cpp	.cpp	5646	168	3A4D445FC9E2BB677E1A220748EE8D43634DB100FD1F36C27E468726A85E5DCB	repo/EmbeddingIndex.cpp	UNKNOWN	UNKNOWN	PENDING
001582	repo/FileIndex.cpp	.cpp	14425	456	2295304FC5D7515894B4965DB2A37D02E2ADFCC35763C4F47B0011A9F0DCA321	repo/FileIndex.cpp	UNKNOWN	UNKNOWN	PENDING
001583	repo/IncludeGraph.cpp	.cpp	11721	354	E9E4C5CE07B8D99C1A86CBB559AD7A51FCF0287A593316602D553F75509394AD	repo/IncludeGraph.cpp	UNKNOWN	UNKNOWN	PENDING
001584	repo/SearchIndex.cpp	.cpp	9995	297	E6389CD03B0AB249952D7140203DC9B61971A8440C73E90268243D5175B277B9	repo/SearchIndex.cpp	UNKNOWN	UNKNOWN	PENDING
001585	repo/SymbolTable.cpp	.cpp	6428	163	98EE178BCE1CF0C2FA9EEC3421E6904CA999368CEA149E7DB615AFF33FC62E69	repo/SymbolTable.cpp	UNKNOWN	UNKNOWN	PENDING
001586	repo/TypeDatabase.cpp	.cpp	10666	313	3AE0448F0BA4F302ECDCF135566BA7D6A2599FEE839E794EEA058C1051C1C273	repo/TypeDatabase.cpp	UNKNOWN	UNKNOWN	PENDING
001587	rguf_source/CMakeLists.txt	.txt	441	11	C2434B9E9234572A7F095B50C46D73C973DB1CBA8B0ABD95999BF4DEE1F6C5F4	rguf_source/CMakeLists.txt	UNKNOWN	UNKNOWN	PENDING
001588	rguf_source/RGUFFormat.hpp	.hpp	693	11	39DDA386E93D8A59C961E8531E169B139FB39A78910A466FE187964F0D3E6259	rguf_source/RGUFFormat.hpp	UNKNOWN	UNKNOWN	PENDING
001589	rguf_source/RGUFLoader.cpp	.cpp	2583	11	53EEFF13B0EE9FBE7F7BF8B70E04D13A8DB26C47E8C76F4FF201CB3486AEC630	rguf_source/RGUFLoader.cpp	UNKNOWN	UNKNOWN	PENDING
001590	rguf_source/RGUFLoader.hpp	.hpp	902	36	84EF1937A524445058F9C2AC4CD1E35D6C3F9C4876160FE8E4840FF8B8C8E87C	rguf_source/RGUFLoader.hpp	UNKNOWN	UNKNOWN	PENDING
001591	rguf_source/RGUFPlatform.cpp	.cpp	5891	137	428FC9C8228495AC86A9B661C93BB5E4361F56F5E04A70C9565251DCFC14C955	rguf_source/RGUFPlatform.cpp	UNKNOWN	UNKNOWN	PENDING
001592	rguf_source/RGUFPlatform.hpp	.hpp	1713	42	51A708AEF1B79147BE2359A009C1FD778207A4A68D66FC88304EA33ED7CA09F4	rguf_source/RGUFPlatform.hpp	UNKNOWN	UNKNOWN	PENDING
001593	rguf_source/RGUFQuant.cpp	.cpp	3421	86	8C25F58C284214CA132D9E7BE303E49D50FA5A4D2F460762995C271C22B9D451	rguf_source/RGUFQuant.cpp	UNKNOWN	UNKNOWN	PENDING
001594	rguf_source/RGUFQuant.hpp	.hpp	422	14	645334E0398590021E8FF52D3F843CE97F5B03ACCCEDECC8B437CFE560F8A238	rguf_source/RGUFQuant.hpp	UNKNOWN	UNKNOWN	PENDING
001595	rguf_source/RGUFWriter.cpp	.cpp	2234	58	2D1792DAB99B50589E97EEA92381967EA36C5D9D19FC7B3369D8FB53F903241F	rguf_source/RGUFWriter.cpp	UNKNOWN	UNKNOWN	PENDING
001596	rguf_source/RGUFWriter.hpp	.hpp	524	25	D54F6952C9BA0213AA7310693E0EE5237CA92E337884CDA5A8A0FE9B387BABF1	rguf_source/RGUFWriter.hpp	UNKNOWN	UNKNOWN	PENDING
001597	rguf_source/rguf_tool.cpp	.cpp	3621	96	63E5440369FFEFF041F4A13ACC225516E46765B86FDCF986A546DD479E2C3927	rguf_source/rguf_tool.cpp	UNKNOWN	UNKNOWN	PENDING
001598	scale_value_pack/cmake/RawrXDScaleValuePack.cmake	.cmake	885	32	1476E6444DB80F255B4C0A8844AEF4AF0499A1F2ABDCAC2A96E60B31E9B785CC	scale_value_pack/cmake	UNKNOWN	UNKNOWN	PENDING
001599	scale_value_pack/scripts/certify_rawrxd_scale_value_pack.ps1	.ps1	1703	53	BEDFEB61F635700A29C431D0EDBE021547C8CB15E310C72580FFBF305644DFBC	scale_value_pack/scripts	UNKNOWN	UNKNOWN	PENDING
001600	scale_value_pack/src/agentic/rawrxd_scale_value_pack.cpp	.cpp	64816	2068	DFB9488325B463085EA2AAF4C6CA8833F0F99D8BA8414FEC059DD1C70AB31BD4	scale_value_pack/src	UNKNOWN	UNKNOWN	PENDING
001601	scripts/certify_rawrxd_scale_value_pack.ps1	.ps1	1703	53	BEDFEB61F635700A29C431D0EDBE021547C8CB15E310C72580FFBF305644DFBC	scripts/certify_rawrxd_scale_value_pack.ps1	UNKNOWN	UNKNOWN	PENDING
001602	scripts/completion_evaluator.py	.py	48498	950	BCDA683A41BC54ED7C0F3E2EF305B46DBE5674979D28198151A53CD2BE22E743	scripts/completion_evaluator.py	UNKNOWN	UNKNOWN	PENDING
001603	scripts/d_w6_001_verification.bat	.bat	4453	135	45DA4C100A9B663678D190A7D1E3FE1C787CFCC41E70EB8734D74B25C5896BBB	scripts/d_w6_001_verification.bat	UNKNOWN	UNKNOWN	PENDING
001604	scripts/install_rawr.ps1	.ps1	3637	88	BEBE4D13AA87EFC96C5B7CCC56E3AF25B40664E855FC6880066379499DE566B1	scripts/install_rawr.ps1	UNKNOWN	UNKNOWN	PENDING
001605	scripts/long_duration_stability_gate.ps1	.ps1	4205	121	AB196BA2D4BE2420C65EB7864F8F052ADC1C04D0E11280FCC5BF6D220D0600A4	scripts/long_duration_stability_gate.ps1	UNKNOWN	UNKNOWN	PENDING
001606	scripts/q4k_oracle_gate.py	.py	10368	281	7976AA9A5DEB91B5118A460E0F4C77CC1631CD4082E36EE22CCC973553C8B60F	scripts/q4k_oracle_gate.py	UNKNOWN	UNKNOWN	PENDING
001607	scripts/qwen2_l4_reference.py	.py	6032	184	A08816CA8D1BD32880556C81E5C4C8638D5082D404F0FB9DAE670CC01D33E31E	scripts/qwen2_l4_reference.py	UNKNOWN	UNKNOWN	PENDING
001608	scripts/qwen2_oracle_analyze.py	.py	5233	140	DCA140E60FE630B52491603D30B3CD2A6853BCEE9EE17F63C8EEDE8F0976C023	scripts/qwen2_oracle_analyze.py	UNKNOWN	UNKNOWN	PENDING
001609	scripts/resource_cert_gate.ps1	.ps1	2416	64	3B212DB3691089F1F7C1A114AD4DCB82519317ED6072E6D4B1F16B8DC408952F	scripts/resource_cert_gate.ps1	UNKNOWN	UNKNOWN	PENDING
001610	scripts/restore_stubs.ps1	.ps1	1134	17	0D10591A56D2F8946B98E69C9CF9075BF77269A9AA00121893CB2F1F1C76108E	scripts/restore_stubs.ps1	UNKNOWN	UNKNOWN	PENDING
001611	scripts/run_fleet_gate.ps1	.ps1	4291	95	FDCA3D0297732FE4AE813D984823C02199A35A85CA4DBCFCBDA18B5218581DBC	scripts/run_fleet_gate.ps1	UNKNOWN	UNKNOWN	PENDING
001612	scripts/w7_resource_leak_gate.cpp	.cpp	1216	41	9B2FB9EEF94E32A3CC44E26252BB260DF99DE5AAD36D482022BF2BBA324E8F4B	scripts/w7_resource_leak_gate.cpp	UNKNOWN	UNKNOWN	PENDING
001613	scripts/w7_resource_leak_gate.ps1	.ps1	4735	136	E2CF3990929820141291D7935B7BB49979852093E69537216F40B7A03C06CF2B	scripts/w7_resource_leak_gate.ps1	UNKNOWN	UNKNOWN	PENDING
001614	scripts/w8_long_duration_stability_gate.ps1	.ps1	4822	159	1F3337D22EB894FEA17CCECC7057BDFEA4F0FE6DF146CFEC3D433643FB9090E0	scripts/w8_long_duration_stability_gate.ps1	UNKNOWN	UNKNOWN	PENDING
001615	scripts/rawrxd_closure/audit_known_open_gaps.ps1	.ps1	1301	30	9FED7EA56E296F37DDD2E88E9E3EF7863D24D075EF6A0246680103062EBF5E69	scripts/rawrxd_closure	UNKNOWN	UNKNOWN	PENDING
001616	scripts/rawrxd_closure/certify_clean_clone_release.ps1	.ps1	5483	145	6DE93445EC811E77AC77F82738866BFC242F7ED15BD81601B20BCF651400CC26	scripts/rawrxd_closure	UNKNOWN	UNKNOWN	PENDING
001617	Ship/RawrXD_AgentCoordinator.cpp	.cpp	171	4	11B29ACAA6A5F340189E8BC3F6584197E2CB2BA43F6044618C255CB864CE2F6C	Ship/RawrXD_AgentCoordinator.cpp	UNKNOWN	UNKNOWN	PENDING
001618	Ship/RawrXD_AutonomousAgenticPipeline.cpp	.cpp	60	1	7C5282CC82ECB236780CB18FB7D4229A1D49F1AE40F45BD270B9BB87A69F7F87	Ship/RawrXD_AutonomousAgenticPipeline.cpp	UNKNOWN	UNKNOWN	PENDING
001619	src/agentic_agent_coordinator.cpp	.cpp	24	1	46EBD083829A26079E35F3B811EE8DFF76B240D1747D75BF602A5BFED27178B9	src/agentic_agent_coordinator.cpp	UNKNOWN	UNKNOWN	PENDING
001620	src/agentic_controller.cpp	.cpp	24	1	46EBD083829A26079E35F3B811EE8DFF76B240D1747D75BF602A5BFED27178B9	src/agentic_controller.cpp	UNKNOWN	UNKNOWN	PENDING
001621	src/agentic_engine.cpp	.cpp	24	1	46EBD083829A26079E35F3B811EE8DFF76B240D1747D75BF602A5BFED27178B9	src/agentic_engine.cpp	UNKNOWN	UNKNOWN	PENDING
001622	src/agentic_loop_state.cpp	.cpp	24	1	46EBD083829A26079E35F3B811EE8DFF76B240D1747D75BF602A5BFED27178B9	src/agentic_loop_state.cpp	UNKNOWN	UNKNOWN	PENDING
001623	src/agentic_model_streamer_bridge.cpp	.cpp	12507	273	F6B49A10E86A6F68540852703FC74E45E57C5F4DA2A547CF99468619484EADEF	src/agentic_model_streamer_bridge.cpp	UNKNOWN	UNKNOWN	PENDING
001624	src/agentic_observability.cpp	.cpp	24	1	46EBD083829A26079E35F3B811EE8DFF76B240D1747D75BF602A5BFED27178B9	src/agentic_observability.cpp	UNKNOWN	UNKNOWN	PENDING
001625	src/agent_explainability.cpp	.cpp	24	1	46EBD083829A26079E35F3B811EE8DFF76B240D1747D75BF602A5BFED27178B9	src/agent_explainability.cpp	UNKNOWN	UNKNOWN	PENDING
001626	src/agent_history.cpp	.cpp	24	1	46EBD083829A26079E35F3B811EE8DFF76B240D1747D75BF602A5BFED27178B9	src/agent_history.cpp	UNKNOWN	UNKNOWN	PENDING
001627	src/agent_policy.cpp	.cpp	24	1	46EBD083829A26079E35F3B811EE8DFF76B240D1747D75BF602A5BFED27178B9	src/agent_policy.cpp	UNKNOWN	UNKNOWN	PENDING
001628	src/ai_completion_real.cpp	.cpp	24	1	46EBD083829A26079E35F3B811EE8DFF76B240D1747D75BF602A5BFED27178B9	src/ai_completion_real.cpp	UNKNOWN	UNKNOWN	PENDING
001629	src/ai_model_caller.cpp	.cpp	24	1	46EBD083829A26079E35F3B811EE8DFF76B240D1747D75BF602A5BFED27178B9	src/ai_model_caller.cpp	UNKNOWN	UNKNOWN	PENDING
001630	src/ANSIParser.cpp	.cpp	5422	158	36228207729C366E4799C7729E4648979CC7B9994A959597BD9B3B9C985834B1	src/ANSIParser.cpp	UNKNOWN	UNKNOWN	PENDING
001631	src/autonomous_feature_engine.cpp	.cpp	24	1	46EBD083829A26079E35F3B811EE8DFF76B240D1747D75BF602A5BFED27178B9	src/autonomous_feature_engine.cpp	UNKNOWN	UNKNOWN	PENDING
001632	src/autonomous_intelligence_orchestrator.cpp	.cpp	24	1	46EBD083829A26079E35F3B811EE8DFF76B240D1747D75BF602A5BFED27178B9	src/autonomous_intelligence_orchestrator.cpp	UNKNOWN	UNKNOWN	PENDING
001633	src/BackendOrchestrator.cpp	.cpp	24	1	46EBD083829A26079E35F3B811EE8DFF76B240D1747D75BF602A5BFED27178B9	src/BackendOrchestrator.cpp	UNKNOWN	UNKNOWN	PENDING
001634	src/benchmark_menu_widget.cpp	.cpp	24	1	46EBD083829A26079E35F3B811EE8DFF76B240D1747D75BF602A5BFED27178B9	src/benchmark_menu_widget.cpp	UNKNOWN	UNKNOWN	PENDING
001635	src/benchmark_runner.cpp	.cpp	24	1	46EBD083829A26079E35F3B811EE8DFF76B240D1747D75BF602A5BFED27178B9	src/benchmark_runner.cpp	UNKNOWN	UNKNOWN	PENDING
001636	src/cloud_api_client.cpp	.cpp	24	1	46EBD083829A26079E35F3B811EE8DFF76B240D1747D75BF602A5BFED27178B9	src/cloud_api_client.cpp	UNKNOWN	UNKNOWN	PENDING
001637	src/CommonTypes.h	.h	2416	92	6C8665409A76F02EBE5677190EC594A4555F01BAA91ABE5406C71D33C6D07A08	src/CommonTypes.h	UNKNOWN	UNKNOWN	PENDING
001638	src/complete_server.cpp	.cpp	24	1	46EBD083829A26079E35F3B811EE8DFF76B240D1747D75BF602A5BFED27178B9	src/complete_server.cpp	UNKNOWN	UNKNOWN	PENDING
001639	src/compression_interface.cpp	.cpp	24	1	46EBD083829A26079E35F3B811EE8DFF76B240D1747D75BF602A5BFED27178B9	src/compression_interface.cpp	UNKNOWN	UNKNOWN	PENDING
001640	src/cpu_inference_engine.cpp	.cpp	7674	222	158F5319EAAFE0626C28445395CDA5B38DE83C88163F7578C5B5B7789309A898	src/cpu_inference_engine.cpp	UNKNOWN	UNKNOWN	PENDING
001641	src/cpu_inference_engine.h	.h	2043	81	BAC0FD0FBF163FDF2C63B594B0069D12DCD6BC753213CD8C846DA5F3826D823D	src/cpu_inference_engine.h	UNKNOWN	UNKNOWN	PENDING
001642	src/cpu_inference_engine_autofix_stub.cpp	.cpp	24	1	46EBD083829A26079E35F3B811EE8DFF76B240D1747D75BF602A5BFED27178B9	src/cpu_inference_engine_autofix_stub.cpp	UNKNOWN	UNKNOWN	PENDING
001643	src/crypto_masm.asm	.asm	185	9	BCE77A51EF3F46936B27D15F5EC9F52DA17DEF806A59D33B0478D88C8C81FEEB	src/crypto_masm.asm	UNKNOWN	UNKNOWN	PENDING
001644	src/dml_inference_engine.cpp	.cpp	24	1	46EBD083829A26079E35F3B811EE8DFF76B240D1747D75BF602A5BFED27178B9	src/dml_inference_engine.cpp	UNKNOWN	UNKNOWN	PENDING
001645	src/engine_iface.h	.h	744	22	CF0372E3EFB18C69F7B419C4B1C340E9166BD3471026DA2878CD80626170BEB7	src/engine_iface.h	UNKNOWN	UNKNOWN	PENDING
001646	src/feature_flags_runtime.cpp	.cpp	24	1	46EBD083829A26079E35F3B811EE8DFF76B240D1747D75BF602A5BFED27178B9	src/feature_flags_runtime.cpp	UNKNOWN	UNKNOWN	PENDING
001647	src/feature_registry_panel.cpp	.cpp	24	1	46EBD083829A26079E35F3B811EE8DFF76B240D1747D75BF602A5BFED27178B9	src/feature_registry_panel.cpp	UNKNOWN	UNKNOWN	PENDING
001648	src/gguf_d3d12_bridge.cpp	.cpp	24	1	46EBD083829A26079E35F3B811EE8DFF76B240D1747D75BF602A5BFED27178B9	src/gguf_d3d12_bridge.cpp	UNKNOWN	UNKNOWN	PENDING
001649	src/gguf_loader.cpp	.cpp	52841	1085	367D7103D065AA6B3879BE9F037637368E794747B65AB00CD85F9EEC1303490A	src/gguf_loader.cpp	UNKNOWN	UNKNOWN	PENDING
001650	src/gguf_loader.hpp	.hpp	7030	180	6532EE6D9F289F9021ECA7FCBAEE8029863988DC95D90174D3CDE0DC702C6753	src/gguf_loader.hpp	UNKNOWN	UNKNOWN	PENDING
001651	src/gguf_masm_weight_bridge.cpp	.cpp	24	1	46EBD083829A26079E35F3B811EE8DFF76B240D1747D75BF602A5BFED27178B9	src/gguf_masm_weight_bridge.cpp	UNKNOWN	UNKNOWN	PENDING
001652	src/gguf_q6k_trace.hpp	.hpp	4415	97	ECD5084BD7F58F75B882F1E3674D4CE0FA71D122448ED51B603FC8C6A5ECA48D	src/gguf_q6k_trace.hpp	UNKNOWN	UNKNOWN	PENDING
001653	src/gguf_vocab_resolver.cpp	.cpp	6064	180	29E7ACB504403C22CD2E65201861EF65AB4C2BFFE3CDBB458A2D25357A8BA460	src/gguf_vocab_resolver.cpp	UNKNOWN	UNKNOWN	PENDING
001654	src/gguf_vocab_resolver.hpp	.hpp	2251	80	D68A68597771D8BEDE0D56F92091C2EEB8415F58A102399545B2465542C472C9	src/gguf_vocab_resolver.hpp	UNKNOWN	UNKNOWN	PENDING
001655	src/gpu_enforcement.cpp	.cpp	24	1	46EBD083829A26079E35F3B811EE8DFF76B240D1747D75BF602A5BFED27178B9	src/gpu_enforcement.cpp	UNKNOWN	UNKNOWN	PENDING
001656	src/hot_patcher.cpp	.cpp	24	1	46EBD083829A26079E35F3B811EE8DFF76B240D1747D75BF602A5BFED27178B9	src/hot_patcher.cpp	UNKNOWN	UNKNOWN	PENDING
001657	src/hybrid_cloud_manager.cpp	.cpp	24	1	46EBD083829A26079E35F3B811EE8DFF76B240D1747D75BF602A5BFED27178B9	src/hybrid_cloud_manager.cpp	UNKNOWN	UNKNOWN	PENDING
001658	src/main.cpp	.cpp	61895	1618	D8ADC748067E760843AC5C535101422AC5A31703DDC06AA64B017A6B90C6A5AE	src/main.cpp	UNKNOWN	UNKNOWN	PENDING
001659	src/model_source_resolver.cpp	.cpp	881	40	D6EDCC14ACD1E794D66A1296CEFA89CAA5160290F78D63DB21430096ED2813C6	src/model_source_resolver.cpp	UNKNOWN	UNKNOWN	PENDING
001660	src/model_source_resolver.h	.h	600	28	84D620A82AC65D98226E3B768515714B81CADC7A4DF25B8C88137F66B5B30E48	src/model_source_resolver.h	UNKNOWN	UNKNOWN	PENDING
001661	src/ProcessUtil.h	.h	7412	180	11B1E9AE0D3AFC8F685DF55B3C983A3D17CD86C411099203823654D5F7FBDAF6	src/ProcessUtil.h	UNKNOWN	UNKNOWN	PENDING
001662	src/production_config_manager.cpp	.cpp	36	1	762EAD119EEAFD22B6407B5FE9503607EB622FA26284B796781ADFA0E7DFEEBF	src/production_config_manager.cpp	UNKNOWN	UNKNOWN	PENDING
001663	src/RawrXD_Complete_ReverseEngineered.asm	.asm	28	2	B10E8506987E81682166A4AA9A880EE3F7D79E9BC0BA7D7449B5C0EB5B37CC46	src/RawrXD_Complete_ReverseEngineered.asm	UNKNOWN	UNKNOWN	PENDING
001664	src/rawrxd_cpu_math.cpp	.cpp	66746	1364	68093DD213B12BE7EC5EDFC257443C81A9F971981FBF2283623C8D228EE4EA53	src/rawrxd_cpu_math.cpp	UNKNOWN	UNKNOWN	PENDING
001665	src/rawrxd_cpu_math.hpp	.hpp	10475	217	705F3DEECDDD92436AEF8EAEB5A2D6B835D3152B2929BE6DAAAC314AB42830D6	src/rawrxd_cpu_math.hpp	UNKNOWN	UNKNOWN	PENDING
001666	src/rawrxd_inference.cpp	.cpp	36	1	73B90868EDD915E3938DD80CE8CAE1F2850BBFFCFB0F67F04F62B1CF6D02A43B	src/rawrxd_inference.cpp	UNKNOWN	UNKNOWN	PENDING
001667	src/rawrxd_model_loader.cpp	.cpp	26005	749	27FC26B7367AE36C4499E5D366A364A060C952BADACFD91840B39895A9D9D400	src/rawrxd_model_loader.cpp	UNKNOWN	UNKNOWN	PENDING
001668	src/rawrxd_model_loader.h	.h	3403	95	123F5D81EE48A267DF3B0820D63417BF5DC210FFB8D2467419F20B0BDEE103E2	src/rawrxd_model_loader.h	UNKNOWN	UNKNOWN	PENDING
001669	src/rawrxd_sampler.cpp	.cpp	13864	360	6E91F5768CF932DB01D56425342526C07E2E5233ECD62A5886225437FE0BD1D4	src/rawrxd_sampler.cpp	UNKNOWN	UNKNOWN	PENDING
001670	src/rawrxd_sampler.h	.h	7519	191	D4954F2F41FD94D3ACB9D8D405ADAE4FD741F1A02CFD430CDC8A31E0D9B4486D	src/rawrxd_sampler.h	UNKNOWN	UNKNOWN	PENDING
001671	src/rawrxd_sampler.hpp	.hpp	2643	99	BC130310605B1CA640BEE6B3525D24AC8D8D7D577C7BA392E11ACD8E7914A661	src/rawrxd_sampler.hpp	UNKNOWN	UNKNOWN	PENDING
001672	src/rawrxd_tokenizer.cpp	.cpp	31337	818	5530F6F83B9144609DF71D90B8337561D5AF3BD7A5D4ADC3889460548DEB17C6	src/rawrxd_tokenizer.cpp	UNKNOWN	UNKNOWN	PENDING
001673	src/rawrxd_tokenizer.hpp	.hpp	2402	86	F67F71FC46ACCB6646D988506787C762C4B1A9CE54B0513DC97953A258DFB91E	src/rawrxd_tokenizer.hpp	UNKNOWN	UNKNOWN	PENDING
001674	src/rawrxd_transformer.cpp	.cpp	32171	736	0412E5BF20F1930764753BE15E6E02A67F2300D1856D7504591414F673368206	src/rawrxd_transformer.cpp	UNKNOWN	UNKNOWN	PENDING
001675	src/rawrxd_transformer.hpp	.hpp	4896	142	C8B574C9468352BD09B3D459E7B42C3C6A5DB8BBEA0ED23B9D9E86F2EEE3A91F	src/rawrxd_transformer.hpp	UNKNOWN	UNKNOWN	PENDING
001676	src/rawrxd_transformer_forwardbatch.cpp	.cpp	7546	213	F6FBDA5FDEED555F3B68BA40DA8E6E2CCFB10F61D540106761AEF7FB7F654F13	src/rawrxd_transformer_forwardbatch.cpp	UNKNOWN	UNKNOWN	PENDING
001677	src/rawrxd_transformer_forwardbatch.hpp	.hpp	1950	70	890B7C5D9B712D9FCD1B6173968BD78B94A4AB2F634902A0BC76583790A606E5	src/rawrxd_transformer_forwardbatch.hpp	UNKNOWN	UNKNOWN	PENDING
001678	src/rawr_braid_classifier.hpp	.hpp	5936	178	74FE7AB056879CD129719961B66EE4D1985FF9F1E04F2E632E352310350C4A1F	src/rawr_braid_classifier.hpp	UNKNOWN	UNKNOWN	PENDING
001679	src/rawr_braid_integration.hpp	.hpp	14589	364	AE3A09DE14A3E0373C6BD7115D635F15286CCA3CA0FAD88A3474097A6073F1CE	src/rawr_braid_integration.hpp	UNKNOWN	UNKNOWN	PENDING
001680	src/rawr_classifier_avx2.asm	.asm	5722	208	E5EBE9E98B70C74AF530273FA4576AC80D31F15DB2E297818073538564DEEEB6	src/rawr_classifier_avx2.asm	UNKNOWN	UNKNOWN	PENDING
001681	src/rawr_classifier_scalar.asm	.asm	6063	210	395289A4B15DF860C3778D0EE2724CBFA826738D9BB49156424DA6758E444622	src/rawr_classifier_scalar.asm	UNKNOWN	UNKNOWN	PENDING
001682	src/unresolved_asm_stubs.asm	.asm	28	2	B10E8506987E81682166A4AA9A880EE3F7D79E9BC0BA7D7449B5C0EB5B37CC46	src/unresolved_asm_stubs.asm	UNKNOWN	UNKNOWN	PENDING
001683	src/vulkan_compute.cpp	.cpp	35	1	4B4BF6FFBF31BE707EDCAA6934BFF98AA4AE10B008677DFDCABE994E4C40C2F8	src/vulkan_compute.cpp	UNKNOWN	UNKNOWN	PENDING
001684	src/vulkan_kernel_bridge.cpp	.cpp	31	1	8CB8C6DDA0E393A9C66B77BDB6E7658EBD88837E62F90B667B4AC54712808F28	src/vulkan_kernel_bridge.cpp	UNKNOWN	UNKNOWN	PENDING
001685	src/adapter/RawrXDEngineAdapter.cpp	.cpp	24	1	46EBD083829A26079E35F3B811EE8DFF76B240D1747D75BF602A5BFED27178B9	src/adapter	UNKNOWN	UNKNOWN	PENDING
001686	src/agent/AgentAuthority.cpp	.cpp	1889	47	6431893D8376343CBB1D5A8B4AFBB0C19E21CA374403F0C82BCB2392D885A73F	src/agent	UNKNOWN	UNKNOWN	PENDING
001687	src/agent/AgentAuthority.h	.h	406	11	3589C727D9287B41A955771818322D902EBE959F92A23610C283E51C006E8BE3	src/agent	UNKNOWN	UNKNOWN	PENDING
001688	src/agent/AgentCore.cpp	.cpp	27903	603	06CC8691AF1691BE3C79996EA0BE9AA573DCD033C5A5A369B2286E2720A43868	src/agent	UNKNOWN	UNKNOWN	PENDING
001689	src/agent/AgentCore.h	.h	9056	211	B0C9D5143A7904EF83EDD141507A93887F0A7D9B86E8B893B967522662549C3E	src/agent	UNKNOWN	UNKNOWN	PENDING
001690	src/agent/agentic_deep_thinking_engine.cpp	.cpp	456	19	9BBE4009067DD4473F3B64E058C442FDEEECC37836F06D8B1F19465A460C364D	src/agent	UNKNOWN	UNKNOWN	PENDING
001691	src/agent/agentic_deep_thinking_engine.hpp	.hpp	465	19	5C5F840142BAB7713B62A4F6BEF918E1F7D219F4644BDFEBAC0EC34F0F0033C8	src/agent	UNKNOWN	UNKNOWN	PENDING
001692	src/agent/agentic_failure_detector.cpp	.cpp	3999	115	DC8F159A818DA921B9FF8B90541D239A6C99F780ADA74FA93E82FDEFD7869E0F	src/agent	UNKNOWN	UNKNOWN	PENDING
001693	src/agent/agentic_failure_detector.hpp	.hpp	2171	64	8A68A537CE9932365DD0B44FF447524259D56EC3A7051FC09AA7E09E747CAD1F	src/agent	UNKNOWN	UNKNOWN	PENDING
001694	src/agent/agentic_hotpatch_orchestrator.cpp	.cpp	40	1	5970FDC190F64209AC8AB156CD0BF39EDA575493B7AE14173706B21AA45005D2	src/agent	UNKNOWN	UNKNOWN	PENDING
001695	src/agent/agentic_puppeteer.cpp	.cpp	12440	352	17D50BB9E4BAD4D0EA9E9E2E47550016537F502744BD89E7F51127F5F58D2896	src/agent	UNKNOWN	UNKNOWN	PENDING
001696	src/agent/agentic_puppeteer.hpp	.hpp	3762	115	7599701E5446BA89A45D6B56E84BFE4982DD859EDE4E6713FDF40730FD80AD97	src/agent	UNKNOWN	UNKNOWN	PENDING
001697	src/agent/agent_hot_patcher.cpp	.cpp	3288	85	F0374E661855EF97ABDEDA4B5C7D16AE68472FE7B35F12241E5EA97268BD4AC3	src/agent	UNKNOWN	UNKNOWN	PENDING
001698	src/agent/agent_hot_patcher.hpp	.hpp	4608	136	228C6D017C0CF75D2549D466CD8BFB31A28F07174E007D2B7F8AC7B90E24D034	src/agent	UNKNOWN	UNKNOWN	PENDING
001699	src/agent/agent_self_healing_orchestrator.cpp	.cpp	42	1	E23F90227799B2C52227275AEEABFDE9C55088F8BB9DFFF36FDF3AF5C460AE6E	src/agent	UNKNOWN	UNKNOWN	PENDING
001700	src/agent/agent_self_repair.cpp	.cpp	28	1	D98EF5047F2C4AFF50D5D2AB0BBCA5A347EE23D015539B5F747160C64FD313C4	src/agent	UNKNOWN	UNKNOWN	PENDING
001701	src/agent/autonomous_orchestrator.cpp	.cpp	24	1	46EBD083829A26079E35F3B811EE8DFF76B240D1747D75BF602A5BFED27178B9	src/agent	UNKNOWN	UNKNOWN	PENDING
001702	src/agent/autonomous_subagent.cpp	.cpp	2021	48	12F872F4E84F5B62CE591FD1ADA526BCDB36D68C42F538D2233348609D21879F	src/agent	UNKNOWN	UNKNOWN	PENDING
001703	src/agent/autonomous_subagent.hpp	.hpp	1382	37	6C50EC588EFA58C3971E1F083E8A08BD4355D2CF03671E06889064B8F84C3390	src/agent	UNKNOWN	UNKNOWN	PENDING
001704	src/agent/DiskRecoveryAgent.cpp	.cpp	36	1	FA049D4724B1190B0297B69D6DA4B7482170E637AA6F2711AE343E6D38165D7D	src/agent	UNKNOWN	UNKNOWN	PENDING
001705	src/agent/eval_framework.cpp	.cpp	25	1	0B09BCC5A6EA5073A0A143FFF7C5D2B4310C2471AF80423680DB2E924C3C44C7	src/agent	UNKNOWN	UNKNOWN	PENDING
001706	src/agent/hexmag_client.cpp	.cpp	24	1	46EBD083829A26079E35F3B811EE8DFF76B240D1747D75BF602A5BFED27178B9	src/agent	UNKNOWN	UNKNOWN	PENDING
001707	src/agent/llm_http_client.cpp	.cpp	26	1	4CDF56E3C7444977210CECC1EC0A324226BB4D479A02083F4FFD73E2C4B10C23	src/agent	UNKNOWN	UNKNOWN	PENDING
001708	src/agent/local_reasoning_engine.cpp	.cpp	234	9	8D5AE236B2ACC3820E3DC2C5450AF4F394B5AC6A8DC0A786EA4DF9676D80AC53	src/agent	UNKNOWN	UNKNOWN	PENDING
001709	src/agent/local_reasoning_engine.hpp	.hpp	395	17	66D482A50BED71157DAD1CD1B3C4A41FD75B14D456178D5D232BA5FABB963677	src/agent	UNKNOWN	UNKNOWN	PENDING
001710	src/agent/local_reasoning_engine_real.cpp	.cpp	10687	281	7146F5EE56895B384BC9322A0CF5467477168CF8FEDD99FF76F7033AC9AF4B35	src/agent	UNKNOWN	UNKNOWN	PENDING
001711	src/agent/local_reasoning_integration.cpp	.cpp	978	34	43B47B2EC9A86B18E481FB40FD970287EBB4D2C19AB4132C26F82E65D442E176	src/agent	UNKNOWN	UNKNOWN	PENDING
001712	src/agent/local_reasoning_integration.hpp	.hpp	2802	110	B8B3564E80CD244246ACAD2D6BD3EA0B7A9B7449D04644227B033B78922E9D65	src/agent	UNKNOWN	UNKNOWN	PENDING
001713	src/agent/meta_planner.cpp	.cpp	24	1	46EBD083829A26079E35F3B811EE8DFF76B240D1747D75BF602A5BFED27178B9	src/agent	UNKNOWN	UNKNOWN	PENDING
001714	src/agent/model_invoker.cpp	.cpp	898	38	7A32BEE71EC1EC53A249793FCC50301C378D6A926ADED5F2D25A996881A5301E	src/agent	UNKNOWN	UNKNOWN	PENDING
001715	src/agent/model_invoker.hpp	.hpp	568	19	3E295C2FA388AD0CC8338BA953CE99C01645AD21BA6160772F8840289F32397A	src/agent	UNKNOWN	UNKNOWN	PENDING
001716	src/agent/orchestrator_cli_handler.cpp	.cpp	24	1	46EBD083829A26079E35F3B811EE8DFF76B240D1747D75BF602A5BFED27178B9	src/agent	UNKNOWN	UNKNOWN	PENDING
001717	src/agent/planner.cpp	.cpp	18	1	5ADD195D42B0B9A20735EEC6CB311EFD2485710BAB9BACD99E446FB835325908	src/agent	UNKNOWN	UNKNOWN	PENDING
001718	src/agent/quantum_agent_orchestrator.cpp	.cpp	37	1	629F6C3D86896ADCC4BDA69A8BC9A74BBCF642E14B4B254BE0BB186FC54B1E04	src/agent	UNKNOWN	UNKNOWN	PENDING
001719	src/agent/quantum_autonomous_todo_system.cpp	.cpp	41	1	2E0E30BF9F207A679B61A52E83FA60AEA42034E48F5B46AE54A42805A2EFDC11	src/agent	UNKNOWN	UNKNOWN	PENDING
001720	src/agent/quantum_dynamic_time_manager.cpp	.cpp	39	1	D7F20949E0485074FBEFDBBCA6745AF5F7D942C64201C7EEF58D639E1E3CE0CD	src/agent	UNKNOWN	UNKNOWN	PENDING
001721	src/agent/quantum_dynamic_time_manager_impl.cpp	.cpp	24	1	46EBD083829A26079E35F3B811EE8DFF76B240D1747D75BF602A5BFED27178B9	src/agent	UNKNOWN	UNKNOWN	PENDING
001722	src/agent/quantum_missing_impl.cpp	.cpp	31	1	B05E9866DDC8A3EAA09AD54B680EC60C1E2133D46D9C3B1D93E688E49EE606D1	src/agent	UNKNOWN	UNKNOWN	PENDING
001723	src/agent/quantum_multi_model_agent_cycling.cpp	.cpp	44	1	A42F1E20C464290B27B247E356214B2E3930D0BD34D16C59AE62516E05D8C35D	src/agent	UNKNOWN	UNKNOWN	PENDING
001724	src/agent/quantum_production_orchestrator.cpp	.cpp	42	1	C18B8030ADF843B3EB5B8E0EDCDF1532032D8640BDBE24CBE58D07D3130FD4A8	src/agent	UNKNOWN	UNKNOWN	PENDING
001725	src/agent/ResponseCodedAgent.cpp	.cpp	15228	383	45BE2C8C9E0BC78F7E056E5FF82139985D9C71AF8354F797253767B1950F8A84	src/agent	UNKNOWN	UNKNOWN	PENDING
001726	src/agent/ResponseCodedAgent.h	.h	4805	133	A8CBB80080D19337F00A6AE5C85E21F7EA60F3410E55A76FC6526F61F2FFD22F	src/agent	UNKNOWN	UNKNOWN	PENDING
001727	src/agent/telemetry_collector.cpp	.cpp	1261	42	78CBED0B9E8813D4DE1A4AE89A421667867952A7A6FDB45CBC8CC42FD5A1B618	src/agent	UNKNOWN	UNKNOWN	PENDING
001728	src/agent/telemetry_collector.hpp	.hpp	528	17	AA073A13162C9EB4AFC0EA25BCF9C20D94E7061CBA20F3EFA69FC423FCA1BC07	src/agent	UNKNOWN	UNKNOWN	PENDING
001729	src/agentic/AdvancedAgentCoordinator.cpp	.cpp	24	1	46EBD083829A26079E35F3B811EE8DFF76B240D1747D75BF602A5BFED27178B9	src/agentic	UNKNOWN	UNKNOWN	PENDING
001730	src/agentic/AgenticDeepThinkingEngine.cpp	.cpp	36	1	94654D165E93AC8F6CA72B05F3A6F0DE9054CF7D306803E077F0071D749ECA6C	src/agentic	UNKNOWN	UNKNOWN	PENDING
001731	src/agentic/AgenticNavigator.cpp	.cpp	27	1	4DD13B98CBDA262F515384DCEBEA61D489B1077A2F9418AE40F63BD4E4CB6795	src/agentic	UNKNOWN	UNKNOWN	PENDING
001732	src/agentic/agentic_audit_sink.cpp	.cpp	24	1	46EBD083829A26079E35F3B811EE8DFF76B240D1747D75BF602A5BFED27178B9	src/agentic	UNKNOWN	UNKNOWN	PENDING
001733	src/agentic/agentic_composer_ux.cpp	.cpp	24	1	46EBD083829A26079E35F3B811EE8DFF76B240D1747D75BF602A5BFED27178B9	src/agentic	UNKNOWN	UNKNOWN	PENDING
001734	src/agentic/agentic_executor.cpp	.cpp	27	1	8A381935A106C596E402D4601BD9D26BA6A7BC3B1BDD1D87412C52E9B2AF3A6A	src/agentic	UNKNOWN	UNKNOWN	PENDING
001735	src/agentic/agentic_orchestrator_integration.cpp	.cpp	24	1	46EBD083829A26079E35F3B811EE8DFF76B240D1747D75BF602A5BFED27178B9	src/agentic	UNKNOWN	UNKNOWN	PENDING
001736	src/agentic/agentic_orchestrator_smoke_test.cpp	.cpp	24	1	46EBD083829A26079E35F3B811EE8DFF76B240D1747D75BF602A5BFED27178B9	src/agentic	UNKNOWN	UNKNOWN	PENDING
001737	src/agentic/agentic_planning_orchestrator.cpp	.cpp	24	1	46EBD083829A26079E35F3B811EE8DFF76B240D1747D75BF602A5BFED27178B9	src/agentic	UNKNOWN	UNKNOWN	PENDING
001738	src/agentic/agentic_transaction.cpp	.cpp	30	1	58730220183EF943BE523F9F4717A1574A8CEF0371307571838BD3A670457C68	src/agentic	UNKNOWN	UNKNOWN	PENDING
001739	src/agentic/AgentOllamaClient.cpp	.cpp	10223	261	2784822EC57D440E1031C4B8420344AFA9DCF929A2923075589DE553A0E89178	src/agentic	UNKNOWN	UNKNOWN	PENDING
001740	src/agentic/AgentOllamaClient.h	.h	1542	59	92AD53DE6E2DE0FBEB75BED4AD4F8AC1F4A0B32B58FB222C9BB3C5F62BE22320	src/agentic	UNKNOWN	UNKNOWN	PENDING
001741	src/agentic/AgentOrchestrator.cpp	.cpp	727	19	997C25C269C442C1A5BC82E352987054521C4D5FA8B0D632857796509E8A295D	src/agentic	UNKNOWN	UNKNOWN	PENDING
001742	src/agentic/AgentStateManager.cpp	.cpp	8090	223	A2851B564AEDD57CD12B870CC5B446AC3AB830D48F43181AA836136437971977	src/agentic	UNKNOWN	UNKNOWN	PENDING
001743	src/agentic/AgentToolHandlers.cpp	.cpp	28	1	A7B214B16369B1314FEC066785771CF4EF27E5FF6E2202143A9FFFA65D737E07	src/agentic	UNKNOWN	UNKNOWN	PENDING
001744	src/agentic/AgentToolOrchestrator.cpp	.cpp	18395	441	E247B990A2C1F0B24F4453320B9BCB6541E56884AA863B6411DA67CE7FC83193	src/agentic	UNKNOWN	UNKNOWN	PENDING
001745	src/agentic/AgentToolRegistry.cpp	.cpp	38013	824	17EBF4C02D3909B052EFE81D0DE5F7D79211F3E83D527751321D544CDB2BCE5D	src/agentic	UNKNOWN	UNKNOWN	PENDING
001746	src/agentic/agent_runtime_batch1_cert.cpp	.cpp	24	1	46EBD083829A26079E35F3B811EE8DFF76B240D1747D75BF602A5BFED27178B9	src/agentic	UNKNOWN	UNKNOWN	PENDING
001747	src/agentic/agent_tool_quantize.cpp	.cpp	24	1	46EBD083829A26079E35F3B811EE8DFF76B240D1747D75BF602A5BFED27178B9	src/agentic	UNKNOWN	UNKNOWN	PENDING
001748	src/agentic/agent_workflow_orchestrator.cpp	.cpp	38	1	BD6FD3B248435DE6E74CAF021BE69EE04B3ECF2DA2CF351231F3DB870A69AD08	src/agentic	UNKNOWN	UNKNOWN	PENDING
001749	src/agentic/AutonomousFixOrchestrator.cpp	.cpp	24	1	46EBD083829A26079E35F3B811EE8DFF76B240D1747D75BF602A5BFED27178B9	src/agentic	UNKNOWN	UNKNOWN	PENDING
001750	src/agentic/autonomous_background_daemon.cpp	.cpp	24	1	46EBD083829A26079E35F3B811EE8DFF76B240D1747D75BF602A5BFED27178B9	src/agentic	UNKNOWN	UNKNOWN	PENDING
001751	src/agentic/autonomous_communicator.cpp	.cpp	24	1	46EBD083829A26079E35F3B811EE8DFF76B240D1747D75BF602A5BFED27178B9	src/agentic	UNKNOWN	UNKNOWN	PENDING
001752	src/agentic/autonomous_recovery_orchestrator.cpp	.cpp	43	1	2FF085753E602A3EA29B1B575D4F09D35DB1D81F902E327CB5F7EC52B7EDC0D4	src/agentic	UNKNOWN	UNKNOWN	PENDING
001753	src/agentic/autonomous_verification_loop.cpp	.cpp	24	1	46EBD083829A26079E35F3B811EE8DFF76B240D1747D75BF602A5BFED27178B9	src/agentic	UNKNOWN	UNKNOWN	PENDING
001754	src/agentic/BackendEmissionService.cpp	.cpp	24	1	46EBD083829A26079E35F3B811EE8DFF76B240D1747D75BF602A5BFED27178B9	src/agentic	UNKNOWN	UNKNOWN	PENDING
001755	src/agentic/BoundedAgentLoop.cpp	.cpp	557	23	34D9D3DABA038D236ABCDD1240E5C04BF6F47DF4A8B4F66E072B121DB315AFD5	src/agentic	UNKNOWN	UNKNOWN	PENDING
001756	src/agentic/BoundedAgentLoop.h	.h	1901	56	020EF6369B74420A2D292230A58BA12195C0D58B7D5DB7563BE1A7A44907BE51	src/agentic	UNKNOWN	UNKNOWN	PENDING
001757	src/agentic/chain_of_thought.cpp	.cpp	24	1	46EBD083829A26079E35F3B811EE8DFF76B240D1747D75BF602A5BFED27178B9	src/agentic	UNKNOWN	UNKNOWN	PENDING
001758	src/agentic/change_impact_analyzer.cpp	.cpp	24	1	46EBD083829A26079E35F3B811EE8DFF76B240D1747D75BF602A5BFED27178B9	src/agentic	UNKNOWN	UNKNOWN	PENDING
001759	src/agentic/CheckpointRollbackAuthority.cpp	.cpp	58555	1428	E03DA024F473FBEE1E19243498CB4590D299531F80F13A996F8DF36465C9638C	src/agentic	UNKNOWN	UNKNOWN	PENDING
001760	src/agentic/CheckpointRollbackAuthority.h	.h	11287	214	DF1F8AB3F87EBF2004A8431D62EEED600AB86EC762167768C6F15501653B6067	src/agentic	UNKNOWN	UNKNOWN	PENDING
001761	src/agentic/CommandExecutor.cpp	.cpp	10631	307	40E45D80EA576F82C75D369C18F6593E53E953405358E7D6C1F4DED2AD32B9DA	src/agentic	UNKNOWN	UNKNOWN	PENDING
001762	src/agentic/context_assembler.cpp	.cpp	28	1	431BDBD2C8834EF85C5AC5FFF3E46DB03109D0C1FDB3FC037703C4B65E0A4B70	src/agentic	UNKNOWN	UNKNOWN	PENDING
001763	src/agentic/context_mention_parser.cpp	.cpp	24	1	46EBD083829A26079E35F3B811EE8DFF76B240D1747D75BF602A5BFED27178B9	src/agentic	UNKNOWN	UNKNOWN	PENDING
001764	src/agentic/Deep2SovereignInferenceGateway.cpp	.cpp	24	1	46EBD083829A26079E35F3B811EE8DFF76B240D1747D75BF602A5BFED27178B9	src/agentic	UNKNOWN	UNKNOWN	PENDING
001765	src/agentic/DeterministicReplayEngine.cpp	.cpp	36	1	C65F854F3DB6BB91A8058873CBB31E30E8E97DC5DB14F65D94C560068B01114E	src/agentic	UNKNOWN	UNKNOWN	PENDING
001766	src/agentic/DiffEngine.cpp	.cpp	24	1	46EBD083829A26079E35F3B811EE8DFF76B240D1747D75BF602A5BFED27178B9	src/agentic	UNKNOWN	UNKNOWN	PENDING
001767	src/agentic/DirectFIM.cpp	.cpp	24	1	46EBD083829A26079E35F3B811EE8DFF76B240D1747D75BF602A5BFED27178B9	src/agentic	UNKNOWN	UNKNOWN	PENDING
001768	src/agentic/DiskRecoveryAgent.cpp	.cpp	38	1	49E85891DD46ED3287090674D120C779A38D335F2664C5574E9E9035966A0381	src/agentic	UNKNOWN	UNKNOWN	PENDING
001769	src/agentic/DiskRecoveryToolHandler.cpp	.cpp	34	1	9181E307236907691B72A80A5281D071C197D713921BE6C823AD47D01C8AADFD	src/agentic	UNKNOWN	UNKNOWN	PENDING
001770	src/agentic/DualGpuIndependentAgentScheduler.cpp	.cpp	6921	182	B0611D1B22DC6B7C30213D365DE8E12E6C335ECC0EE2BE5FDB500991D4A61192	src/agentic	UNKNOWN	UNKNOWN	PENDING
001771	src/agentic/DualGpuIndependentAgentScheduler.hpp	.hpp	3474	116	4A6164EFAA582F4068245685E04B0B437143413F7187975E53056E1EB4F05226	src/agentic	UNKNOWN	UNKNOWN	PENDING
001772	src/agentic/ErrorRecoveryManager.cpp	.cpp	1241	38	10EC2CF77D25C52AF0A3C78BC8512DDB2BA98CB242D62E70EB09DFB2170EAB11	src/agentic	UNKNOWN	UNKNOWN	PENDING
001773	src/agentic/ExecPipeline.cpp	.cpp	24	1	46EBD083829A26079E35F3B811EE8DFF76B240D1747D75BF602A5BFED27178B9	src/agentic	UNKNOWN	UNKNOWN	PENDING
001774	src/agentic/failure_intelligence_orchestrator.cpp	.cpp	24	1	46EBD083829A26079E35F3B811EE8DFF76B240D1747D75BF602A5BFED27178B9	src/agentic	UNKNOWN	UNKNOWN	PENDING
001775	src/agentic/FIMPromptBuilder.cpp	.cpp	27	1	8EADC1EA6DCC1A05602FB761DB1637442F0D13ADF32F6CC01FD8451D7A1707A3	src/agentic	UNKNOWN	UNKNOWN	PENDING
001776	src/agentic/GGMLAgenticEngine.cpp	.cpp	24	1	46EBD083829A26079E35F3B811EE8DFF76B240D1747D75BF602A5BFED27178B9	src/agentic	UNKNOWN	UNKNOWN	PENDING
001777	src/agentic/GgmlEngine.cpp	.cpp	24	1	46EBD083829A26079E35F3B811EE8DFF76B240D1747D75BF602A5BFED27178B9	src/agentic	UNKNOWN	UNKNOWN	PENDING
001778	src/agentic/GGUFLoader.cpp	.cpp	24	1	46EBD083829A26079E35F3B811EE8DFF76B240D1747D75BF602A5BFED27178B9	src/agentic	UNKNOWN	UNKNOWN	PENDING
001779	src/agentic/gguf_types.cpp	.cpp	24	1	46EBD083829A26079E35F3B811EE8DFF76B240D1747D75BF602A5BFED27178B9	src/agentic	UNKNOWN	UNKNOWN	PENDING
001780	src/agentic/GitSafetyAuthority.cpp	.cpp	49572	1247	0C0C8A963AC503780402B70789A71BCAF184221266138E90EDC78697ECBA2CAD	src/agentic	UNKNOWN	UNKNOWN	PENDING
001781	src/agentic/GitSafetyAuthority.h	.h	14259	332	2B09825E0927EF61A331DC86622D1F4AC3893F96F2A29B561C51F508F29557BF	src/agentic	UNKNOWN	UNKNOWN	PENDING
001782	src/agentic/GitSafetyAuthorityIdeSurface.cpp	.cpp	13081	283	173A0B4B28C6BA8F068630CD3FFE968F2556E3F9C6001A6D4AF4BE337A7D3514	src/agentic	UNKNOWN	UNKNOWN	PENDING
001783	src/agentic/GitSafetyAuthorityTools.cpp	.cpp	23017	484	F18BA24B4F21F08DAB7E9A46033E395ED6D9E8CE3BF32CAD0DD3AC7F18C80E09	src/agentic	UNKNOWN	UNKNOWN	PENDING
001784	src/agentic/GitSafetyAuthorityTools.h	.h	8745	180	D924796836C5EFE78F6AA3AECA26CAEA78B797E17C4504D11FFC9802F333E209	src/agentic	UNKNOWN	UNKNOWN	PENDING
001785	src/agentic/ide_agent_loop_cert.cpp	.cpp	24	1	46EBD083829A26079E35F3B811EE8DFF76B240D1747D75BF602A5BFED27178B9	src/agentic	UNKNOWN	UNKNOWN	PENDING
001786	src/agentic/KnowledgeGraph.cpp	.cpp	24	1	46EBD083829A26079E35F3B811EE8DFF76B240D1747D75BF602A5BFED27178B9	src/agentic	UNKNOWN	UNKNOWN	PENDING
001787	src/agentic/ModelToolProtocol.cpp	.cpp	54864	1327	577CBEBD0A267EC4522EBD8422DACE1072D4D9C62000A74C8C11DA0EF8061B6B	src/agentic	UNKNOWN	UNKNOWN	PENDING
001788	src/agentic/model_cascade.cpp	.cpp	24	1	9040BE07E7B6A7DD67063FC93CCE5F081D24F78A987065482A22E91B27E17228	src/agentic	UNKNOWN	UNKNOWN	PENDING
001789	src/agentic/MultiAgentMergeAuthority.cpp	.cpp	7456	206	7D3A81C77570B24B9B57F09F63E8C04338C8D69682C31E96E2814DC73B1A182A	src/agentic	UNKNOWN	UNKNOWN	PENDING
001790	src/agentic/MultiAgentMergeAuthority.hpp	.hpp	2027	76	DBAEF4057A584C185629393ABEF1A8E8A0AE199B73AF0694B7058C2D5303076D	src/agentic	UNKNOWN	UNKNOWN	PENDING
001791	src/agentic/multi_file_transaction.cpp	.cpp	33	1	F7F369D3689F84AFE4B181C627C37155CBC7E21CCE090F3FE325B57C833C321C	src/agentic	UNKNOWN	UNKNOWN	PENDING
001792	src/agentic/NativeInferenceClient.cpp	.cpp	24	1	46EBD083829A26079E35F3B811EE8DFF76B240D1747D75BF602A5BFED27178B9	src/agentic	UNKNOWN	UNKNOWN	PENDING
001793	src/agentic/OllamaProvider.cpp	.cpp	24	1	46EBD083829A26079E35F3B811EE8DFF76B240D1747D75BF602A5BFED27178B9	src/agentic	UNKNOWN	UNKNOWN	PENDING
001794	src/agentic/OrchestratorBridge.cpp	.cpp	29	1	D01740123F8E4F61D0321223FADB6F264B20C513F2D71F45B64F1BA60BFB3D11	src/agentic	UNKNOWN	UNKNOWN	PENDING
001795	src/agentic/Phase3_Agent_Kernel_Bridge.cpp	.cpp	24	1	46EBD083829A26079E35F3B811EE8DFF76B240D1747D75BF602A5BFED27178B9	src/agentic	UNKNOWN	UNKNOWN	PENDING
001796	src/agentic/RawrXDAgenticE2E.cpp	.cpp	37682	1020	458F7BA8960FB78976C34E29EA66DCEA9B9E787B2784836A4364DCE2FE5DAC9D	src/agentic	UNKNOWN	UNKNOWN	PENDING
001797	src/agentic/RawrXDAgenticE2E.hpp	.hpp	3745	88	18C68EFB37565DB454694EC9C2705063614A8DAAA65C1D4BEED05B85A7F560BD	src/agentic	UNKNOWN	UNKNOWN	PENDING
001798	src/agentic/RawrXD_AgentHost.cpp	.cpp	24	1	46EBD083829A26079E35F3B811EE8DFF76B240D1747D75BF602A5BFED27178B9	src/agentic	UNKNOWN	UNKNOWN	PENDING
001799	src/agentic/rawrxd_agentic_runtime_all.cpp	.cpp	24	1	46EBD083829A26079E35F3B811EE8DFF76B240D1747D75BF602A5BFED27178B9	src/agentic	UNKNOWN	UNKNOWN	PENDING
001800	src/agentic/RawrXD_AgentLoop.cpp	.cpp	27	1	8FBA400D9F7B6BFD1D779F6A1DB2A4D3EBCDE685000AEE9505499D31FED88274	src/agentic	UNKNOWN	UNKNOWN	PENDING
001801	src/agentic/RawrXD_RewardModel.cpp	.cpp	24	1	46EBD083829A26079E35F3B811EE8DFF76B240D1747D75BF602A5BFED27178B9	src/agentic	UNKNOWN	UNKNOWN	PENDING
001802	src/agentic/rawrxd_scale_value_pack.cpp	.cpp	64816	2068	DFB9488325B463085EA2AAF4C6CA8833F0F99D8BA8414FEC059DD1C70AB31BD4	src/agentic	UNKNOWN	UNKNOWN	PENDING
001803	src/agentic/RawrXD_SymbolHealer.cpp	.cpp	24	1	46EBD083829A26079E35F3B811EE8DFF76B240D1747D75BF602A5BFED27178B9	src/agentic	UNKNOWN	UNKNOWN	PENDING
001804	src/agentic/RawrXD_ToolRegistry.cpp	.cpp	30	1	7BEF5B0711420AD7137FC0CAEA8F2EA49C96B6BFC66110D1C18E566AD1CDCF05	src/agentic	UNKNOWN	UNKNOWN	PENDING
001805	src/agentic/RepositoryIndexer.cpp	.cpp	24	1	46EBD083829A26079E35F3B811EE8DFF76B240D1747D75BF602A5BFED27178B9	src/agentic	UNKNOWN	UNKNOWN	PENDING
001806	src/agentic/RobustOllamaParser.cpp	.cpp	24	1	46EBD083829A26079E35F3B811EE8DFF76B240D1747D75BF602A5BFED27178B9	src/agentic	UNKNOWN	UNKNOWN	PENDING
001807	src/agentic/SelfImprovement.cpp	.cpp	24	1	46EBD083829A26079E35F3B811EE8DFF76B240D1747D75BF602A5BFED27178B9	src/agentic	UNKNOWN	UNKNOWN	PENDING
001808	src/agentic/slash_command_parser.cpp	.cpp	24	1	46EBD083829A26079E35F3B811EE8DFF76B240D1747D75BF602A5BFED27178B9	src/agentic	UNKNOWN	UNKNOWN	PENDING
001809	src/agentic/SovereignAssembler.cpp	.cpp	24	1	46EBD083829A26079E35F3B811EE8DFF76B240D1747D75BF602A5BFED27178B9	src/agentic	UNKNOWN	UNKNOWN	PENDING
001810	src/agentic/SovereignAssembler_HotPatch.cpp	.cpp	24	1	46EBD083829A26079E35F3B811EE8DFF76B240D1747D75BF602A5BFED27178B9	src/agentic	UNKNOWN	UNKNOWN	PENDING
001811	src/agentic/SovereignStandaloneClient.cpp	.cpp	24	1	46EBD083829A26079E35F3B811EE8DFF76B240D1747D75BF602A5BFED27178B9	src/agentic	UNKNOWN	UNKNOWN	PENDING
001812	src/agentic/StreamingResultChannel.cpp	.cpp	7984	243	C06ED21152BA6F9F7CDF3AA3661175EA48E9691ED00E19E779C25A5E802A8FEF	src/agentic	UNKNOWN	UNKNOWN	PENDING
001813	src/agentic/StreamingToolParser.cpp	.cpp	15408	448	CD53AE1E13D085915F9DD3DF66BBEF73321207B67E0775BCEA8139A16D1B73FC	src/agentic	UNKNOWN	UNKNOWN	PENDING
001814	src/agentic/streaming_command_handler.cpp	.cpp	3536	94	5140504F23A44143F4F4DD2CF4D296658CDDABD64C1A671842782C836AF423E0	src/agentic	UNKNOWN	UNKNOWN	PENDING
001815	src/agentic/SubAgentManager.cpp	.cpp	24	1	46EBD083829A26079E35F3B811EE8DFF76B240D1747D75BF602A5BFED27178B9	src/agentic	UNKNOWN	UNKNOWN	PENDING
001816	src/agentic/task_executor.cpp	.cpp	24	1	46EBD083829A26079E35F3B811EE8DFF76B240D1747D75BF602A5BFED27178B9	src/agentic	UNKNOWN	UNKNOWN	PENDING
001817	src/agentic/task_graph.cpp	.cpp	24	1	46EBD083829A26079E35F3B811EE8DFF76B240D1747D75BF602A5BFED27178B9	src/agentic	UNKNOWN	UNKNOWN	PENDING
001818	src/agentic/task_scheduler.cpp	.cpp	24	1	46EBD083829A26079E35F3B811EE8DFF76B240D1747D75BF602A5BFED27178B9	src/agentic	UNKNOWN	UNKNOWN	PENDING
001819	src/agentic/Titan_Sovereign_Bridge.cpp	.cpp	24	1	46EBD083829A26079E35F3B811EE8DFF76B240D1747D75BF602A5BFED27178B9	src/agentic	UNKNOWN	UNKNOWN	PENDING
001820	src/agentic/ToolDispatcher.cpp	.cpp	24	1	46EBD083829A26079E35F3B811EE8DFF76B240D1747D75BF602A5BFED27178B9	src/agentic	UNKNOWN	UNKNOWN	PENDING
001821	src/agentic/ToolDispatchTable.cpp	.cpp	24	1	46EBD083829A26079E35F3B811EE8DFF76B240D1747D75BF602A5BFED27178B9	src/agentic	UNKNOWN	UNKNOWN	PENDING
001822	src/agentic/ToolRegistry.cpp	.cpp	690	28	9A1CD3F8970D68F1CC860A26C78E9C3E2E9EA5519DF4AE99F3F6FAC9B45C3973	src/agentic	UNKNOWN	UNKNOWN	PENDING
001823	src/agentic/ToolRegistry.h	.h	928	34	71DCC4CE946D2028C92C2AB2DE686D15FF8BC708E6F35C797845402BC72C3C34	src/agentic	UNKNOWN	UNKNOWN	PENDING
001824	src/agentic/tool_call_parser.cpp	.cpp	24	1	46EBD083829A26079E35F3B811EE8DFF76B240D1747D75BF602A5BFED27178B9	src/agentic	UNKNOWN	UNKNOWN	PENDING
001825	src/agentic/tool_executor.cpp	.cpp	24	1	46EBD083829A26079E35F3B811EE8DFF76B240D1747D75BF602A5BFED27178B9	src/agentic	UNKNOWN	UNKNOWN	PENDING
001826	src/agentic/tool_registry.cpp	.cpp	24	1	46EBD083829A26079E35F3B811EE8DFF76B240D1747D75BF602A5BFED27178B9	src/agentic	UNKNOWN	UNKNOWN	PENDING
001827	src/agentic/vulkan_compute_real.cpp	.cpp	24	1	46EBD083829A26079E35F3B811EE8DFF76B240D1747D75BF602A5BFED27178B9	src/agentic	UNKNOWN	UNKNOWN	PENDING
001828	src/agentic/cognitive/autonomous_orchestrator.cpp	.cpp	24	1	46EBD083829A26079E35F3B811EE8DFF76B240D1747D75BF602A5BFED27178B9	src/agentic	UNKNOWN	UNKNOWN	PENDING
001829	src/agentic/cognitive/cognitive_types.cpp	.cpp	24	1	46EBD083829A26079E35F3B811EE8DFF76B240D1747D75BF602A5BFED27178B9	src/agentic	UNKNOWN	UNKNOWN	PENDING
001830	src/agentic/cognitive/dynamic_planner.cpp	.cpp	24	1	46EBD083829A26079E35F3B811EE8DFF76B240D1747D75BF602A5BFED27178B9	src/agentic	UNKNOWN	UNKNOWN	PENDING
001831	src/agentic/cognitive/enhanced_blackboard.cpp	.cpp	24	1	46EBD083829A26079E35F3B811EE8DFF76B240D1747D75BF602A5BFED27178B9	src/agentic	UNKNOWN	UNKNOWN	PENDING
001832	src/agentic/cognitive/mission_director.cpp	.cpp	24	1	46EBD083829A26079E35F3B811EE8DFF76B240D1747D75BF602A5BFED27178B9	src/agentic	UNKNOWN	UNKNOWN	PENDING
001833	src/agentic/cognitive/reflection_agent.cpp	.cpp	24	1	46EBD083829A26079E35F3B811EE8DFF76B240D1747D75BF602A5BFED27178B9	src/agentic	UNKNOWN	UNKNOWN	PENDING
001834	src/agentic/hotpatch/Engine.cpp	.cpp	24	1	46EBD083829A26079E35F3B811EE8DFF76B240D1747D75BF602A5BFED27178B9	src/agentic	UNKNOWN	UNKNOWN	PENDING
001835	src/agentic/observability/Logger.cpp	.cpp	24	1	46EBD083829A26079E35F3B811EE8DFF76B240D1747D75BF602A5BFED27178B9	src/agentic	UNKNOWN	UNKNOWN	PENDING
001836	src/agentmodes/AgentModeRegistry.cpp	.cpp	4051	78	E08D3EB52A35C6602B26FB01FF2DEF5CAF40ED449C87DA1F59B2C0F0D36F6ACA	src/agentmodes	UNKNOWN	UNKNOWN	PENDING
001837	src/agentmodes/AgentModeRegistry.h	.h	1706	57	8A9F9EA561BAF0AF40D21D5B49E19FFC0802DBD4134D2AED5FAD64D61F4DBAAC	src/agentmodes	UNKNOWN	UNKNOWN	PENDING
001838	src/agentmodes/ImmutableReceiptAuthority.cpp	.cpp	9540	267	70DA79F85D65C3BF3C0EE6A92926D5771C2AFA2483632B3CEDCE81BE82AB30CD	src/agentmodes	UNKNOWN	UNKNOWN	PENDING
001839	src/agentmodes/ImmutableReceiptAuthority.h	.h	2973	77	162AD432C92F06246685F1D5BEAE41E9A10DD1325CBFFEB48EF6B8E7F063F240	src/agentmodes	UNKNOWN	UNKNOWN	PENDING
001840	src/agentmodes/RawrAuditAuthority.cpp	.cpp	27069	588	808A2194B68B4E2B25A009777CA3EDB9FF8369AA81A7F5E964DBA9D0AD344863	src/agentmodes	UNKNOWN	UNKNOWN	PENDING
001841	src/agentmodes/RawrAuditAuthority.h	.h	3026	72	0EB13514D0BBDB7EC6EC95D11B4E635A32D9F488161F32625810C143F5A4C703	src/agentmodes	UNKNOWN	UNKNOWN	PENDING
001842	src/agentmodes/RawrCertAuthority.cpp	.cpp	7198	175	DC6812555F78B1ADB52C22DEC259FC80CB920A061800DA15A7B31E80BA94FA06	src/agentmodes	UNKNOWN	UNKNOWN	PENDING
001843	src/agentmodes/RawrCertAuthority.h	.h	1699	46	F4E1BEB81AA9841FEA8314D183A458227850B6CF681B5A9FD9797B939A6BBAF0	src/agentmodes	UNKNOWN	UNKNOWN	PENDING
001844	src/agentmodes/RawrFailureLedger.cpp	.cpp	2361	60	41866E222C8FA5B30B1F3774A49A1CB2FB58B94B97E756944457FD09692CA4C5	src/agentmodes	UNKNOWN	UNKNOWN	PENDING
001845	src/agentmodes/RawrFailureLedger.h	.h	1325	36	3877033800CFA5FF047CF53DFC745E3846D7D3FEC257615EB462BBC23F0750DB	src/agentmodes	UNKNOWN	UNKNOWN	PENDING
001846	src/agentmodes/RawrGateVerifier.cpp	.cpp	7691	163	2BDAED9D0657BE22F43953BD0463A660CD478EC942C5AD286C01A1E139816344	src/agentmodes	UNKNOWN	UNKNOWN	PENDING
001847	src/agentmodes/RawrGateVerifier.h	.h	2362	63	0CCBCE2475789FDFCDF14191715B8CE8A5EE4E732CE7F1CBEFCDFBFE9DA6DFD7	src/agentmodes	UNKNOWN	UNKNOWN	PENDING
001848	src/agentmodes/RawrModesCli.cpp	.cpp	5536	135	670BF0C601565DB1121F31C7587E6039BFDD2E6FD2670B9719FF91D0085E1F43	src/agentmodes	UNKNOWN	UNKNOWN	PENDING
001849	src/agentmodes/RawrModesCli.h	.h	267	9	E5B0F5DCB0B36FC70C14C63264F423DD4CD99120D504E48913284AE5B6627464	src/agentmodes	UNKNOWN	UNKNOWN	PENDING
001850	src/agentmodes/RawrReceiptValidator.cpp	.cpp	4960	122	47F96654B3AD442BEF152CC3FA5BA916F7A9C34F274C971FAC8F9A217A6AD9C8	src/agentmodes	UNKNOWN	UNKNOWN	PENDING
001851	src/agentmodes/RawrReceiptValidator.h	.h	1994	46	4370C971F23466EDC6B4403FA71F8783C2918847ACDB354C4B4C74C1E6A693C9	src/agentmodes	UNKNOWN	UNKNOWN	PENDING
001852	src/agentmodes/WriterLeaseAuthority.cpp	.cpp	21569	538	B088D2D971C5EFB08096E333BE651860D9D2F530C228BA8139507B01A5221C8F	src/agentmodes	UNKNOWN	UNKNOWN	PENDING
001853	src/agentmodes/WriterLeaseAuthority.h	.h	5676	151	072F2D508AFE8EB89E285FE3C21194AAA6AC148ACE207882FE62FB4B02221165	src/agentmodes	UNKNOWN	UNKNOWN	PENDING
001854	src/agentmodes/friends/FriendTypes.cpp	.cpp	1408	39	75681B1AB97678D8CF3A928E1F6797AECE7CC0B259DAA74BAFEFE666AC0FF0D2	src/agentmodes	UNKNOWN	UNKNOWN	PENDING
001855	src/agentmodes/friends/FriendTypes.h	.h	3572	106	68FE80FD0BCAFFE0AE5CAD1C924F182E3036DA3DE0C3DB25D1D243052D8BFE1B	src/agentmodes	UNKNOWN	UNKNOWN	PENDING
001856	src/agentmodes/friends/LocalFriendProvider.cpp	.cpp	3526	96	267155C7C1EB3D4126001B21FBD319D4C2EF444FA37881E2EB31B8B59A6938FC	src/agentmodes	UNKNOWN	UNKNOWN	PENDING
001857	src/agentmodes/friends/LocalFriendProvider.h	.h	1318	36	484892CD2652723A4A7F1613D25635A902A39EC17F171A4507FB1224ACEC89CB	src/agentmodes	UNKNOWN	UNKNOWN	PENDING
001858	src/ai/codebase_rag.cpp	.cpp	24	1	46EBD083829A26079E35F3B811EE8DFF76B240D1747D75BF602A5BFED27178B9	src/ai	UNKNOWN	UNKNOWN	PENDING
001859	src/ai/digestion_scanner.asm	.asm	28	2	B10E8506987E81682166A4AA9A880EE3F7D79E9BC0BA7D7449B5C0EB5B37CC46	src/ai	UNKNOWN	UNKNOWN	PENDING
001860	src/ai/multi_file_reasoning.cpp	.cpp	24	1	46EBD083829A26079E35F3B811EE8DFF76B240D1747D75BF602A5BFED27178B9	src/ai	UNKNOWN	UNKNOWN	PENDING
001861	src/ai/repo_refactor_engine.cpp	.cpp	24	1	46EBD083829A26079E35F3B811EE8DFF76B240D1747D75BF602A5BFED27178B9	src/ai	UNKNOWN	UNKNOWN	PENDING
001862	src/ai/semantic_code_search.cpp	.cpp	24	1	46EBD083829A26079E35F3B811EE8DFF76B240D1747D75BF602A5BFED27178B9	src/ai	UNKNOWN	UNKNOWN	PENDING
001863	src/ai/singularity_spec_decoder_v2.cpp	.cpp	44383	1093	9E69D00ECB318990BE8E93A0D79974F5BB253FFBCE62E5BC3D8ADB81292A7AD2	src/ai	UNKNOWN	UNKNOWN	PENDING
001864	src/ai/singularity_spec_decoder_v2.h	.h	1890	67	C467684C58596C363D2BCD571FC7673A91705918F0E4C5DA9FAD9B61F44FEE12	src/ai	UNKNOWN	UNKNOWN	PENDING
001865	src/ai/SpeculativeTreeAttentionBridge.cpp	.cpp	40255	1073	42C9FEF8DF41862C633F51022AF30650EF3B0E8C9AD752F02078A7F0923BCD93	src/ai	UNKNOWN	UNKNOWN	PENDING
001866	src/ai/SpeculativeTreeAttentionBridge.hpp	.hpp	12940	318	1032ACFBABDD5C4D48AB876C2AE18B41B1C51E7138F2A6A69439AF2889108F89	src/ai	UNKNOWN	UNKNOWN	PENDING
001867	src/ai/speculative_tree_attention_bridge.cpp	.cpp	5611	121	90ACA2E4923112EE4A12F0D86133B7599254D0D984F16D27B4664103DBEFD5B5	src/ai	UNKNOWN	UNKNOWN	PENDING
001868	src/ai/streaming_inference_engine.cpp	.cpp	5138	133	647C5CA3762BB94215F19DD6915FB34EAC507E491320033BFE73416D5C362EB7	src/ai	UNKNOWN	UNKNOWN	PENDING
001869	src/ai/symbol_graph_indexer.cpp	.cpp	24	1	46EBD083829A26079E35F3B811EE8DFF76B240D1747D75BF602A5BFED27178B9	src/ai	UNKNOWN	UNKNOWN	PENDING
001870	src/ai/workspace_embeddings.cpp	.cpp	24	1	46EBD083829A26079E35F3B811EE8DFF76B240D1747D75BF602A5BFED27178B9	src/ai	UNKNOWN	UNKNOWN	PENDING
001871	src/app/cli_entrypoint.cpp	.cpp	24	1	46EBD083829A26079E35F3B811EE8DFF76B240D1747D75BF602A5BFED27178B9	src/app	UNKNOWN	UNKNOWN	PENDING
001872	src/asm/Advanced_Code_Deobfuscator.asm	.asm	242	10	BBF5A6B54FE31890E49897DB03EBCB43D130D1EB48275B7BD22C016B75FCF866	src/asm	UNKNOWN	UNKNOWN	PENDING
001873	src/asm/agentic_deep_thinking_kernels.asm	.asm	254	10	12B18449637546B49F3C11DB24464E6FA404F70D0DF8B3409224669B80C2EF93	src/asm	UNKNOWN	UNKNOWN	PENDING
001874	src/asm/byte_search.asm	.asm	28	2	B10E8506987E81682166A4AA9A880EE3F7D79E9BC0BA7D7449B5C0EB5B37CC46	src/asm	UNKNOWN	UNKNOWN	PENDING
001875	src/asm/Code_Pattern_Reconstructor.asm	.asm	242	10	8B3BA5BFEE24BA4CEE7F946374554768639D5D7C5EE0C72516BE81140D3AB0CA	src/asm	UNKNOWN	UNKNOWN	PENDING
001876	src/asm/Deep2Device_Pick.asm	.asm	167	8	F8E567BDF23CC2E36F45CEEEADFC50E34E91EE6BC0AF0557B1EBD0B2AC6CACF1	src/asm	UNKNOWN	UNKNOWN	PENDING
001877	src/asm/Deep2Device_Score.asm	.asm	171	8	4A78994EEBF48C87188C3F905741E9C49AFEB53BDFDDA87B22104EBFCD2074E2	src/asm	UNKNOWN	UNKNOWN	PENDING
001878	src/asm/Deep2OuterCallEngine.asm	.asm	185	8	E94F0EEBC439732F3B21543FC6EC34A79F4E405BCDD1B1259B2A5DF2CBA55D64	src/asm	UNKNOWN	UNKNOWN	PENDING
001879	src/asm/Deep2OuterEnv.asm	.asm	157	8	1537B676F5D78BC6AF04212F1D3C2529CEA94B8863641C696AD7CAAE98B59C66	src/asm	UNKNOWN	UNKNOWN	PENDING
001880	src/asm/Deep2OuterEvidence.asm	.asm	177	8	AB3C1F000BD650322C7DE48772285D6BF0AB32A3BD1070E43B44B8FC536343A4	src/asm	UNKNOWN	UNKNOWN	PENDING
001881	src/asm/Deep2OuterGGUF.asm	.asm	161	8	C9D1ECF0CE04855686B2A442FA7A90EFDBF5F104EF48697DECB57D17B9D48060	src/asm	UNKNOWN	UNKNOWN	PENDING
001882	src/asm/Deep2OuterHost.asm	.asm	161	8	1E2FC44217E3423205398EF1AF07120BFA2DB98B8442DFC2AF0E02143B0632B0	src/asm	UNKNOWN	UNKNOWN	PENDING
001883	src/asm/Deep2OuterParse.asm	.asm	165	8	9A3FBBD9BA8B4CBF910A8A27FBDC0D5204510811F030C02F0D5D79FC0D60CA5C	src/asm	UNKNOWN	UNKNOWN	PENDING
001884	src/asm/Deep2OuterParseIdx.asm	.asm	177	8	9B18ED0EE866876284DD4B12686E46C368A8759FC287AB8F4640E75756CA8D74	src/asm	UNKNOWN	UNKNOWN	PENDING
001885	src/asm/Deep2OuterPath.asm	.asm	161	8	9684A00ED176D44289365C9835770B19E2DC12AEB45F9CE19259587B342C7059	src/asm	UNKNOWN	UNKNOWN	PENDING
001886	src/asm/Deep2OuterPrint.asm	.asm	165	8	8C60460040E41A3EFB89E8F8A22B3AFDBB16C763ED077701000841F86FFB9318	src/asm	UNKNOWN	UNKNOWN	PENDING
001887	src/asm/Deep2OuterPrintIO.asm	.asm	173	8	CF26E68160346057B20734EE776637EF66C03D03EBDBB9923BD9D390F20CA436	src/asm	UNKNOWN	UNKNOWN	PENDING
001888	src/asm/Deep2OuterResolve.asm	.asm	173	8	CD8D729A452657F0E8B94F3548CE1701BC66EB2A736A7F80E8A47CF92D520871	src/asm	UNKNOWN	UNKNOWN	PENDING
001889	src/asm/Deep2OuterShardApply.asm	.asm	185	8	213401F54CEDAE7EDB08ED61037CAF0849217C521E9EDDD54A76D85A1650A2DC	src/asm	UNKNOWN	UNKNOWN	PENDING
001890	src/asm/Deep2OuterShardCheck.asm	.asm	185	8	E152A2C3753E28923E4EDCDBE36B86E5CBC32E94DBC1A7E20B30C35FF4A81578	src/asm	UNKNOWN	UNKNOWN	PENDING
001891	src/asm/Deep2OuterShardScan.asm	.asm	181	8	DA19E912CD407023DBEA3F3034F72FDC07E8D351CDADDBFEA7FAC2E74180CA2D	src/asm	UNKNOWN	UNKNOWN	PENDING
001892	src/asm/Deep2OuterSmoke.asm	.asm	165	8	12018423F008DD68330B37C374AD48FFE32A10A9B5EAFFE7AEEDF37D7E366595	src/asm	UNKNOWN	UNKNOWN	PENDING
001893	src/asm/Deep2OuterStr.asm	.asm	157	8	9158CA878A573C589B6578E4734C44FC753861752175358ACA3895716CDB0803	src/asm	UNKNOWN	UNKNOWN	PENDING
001894	src/asm/Deep2R1_Decode.asm	.asm	161	8	F3F51A2FD8FA632881EA52E402BE29CD789DD327249BC7D0DB6EC05A31C85834	src/asm	UNKNOWN	UNKNOWN	PENDING
001895	src/asm/Deep2R1_GlobData.asm	.asm	167	8	F24986FEFED8175DE86CB21BA56F9DB2A787E89E04AA78900B5B2BB8BE1E031D	src/asm	UNKNOWN	UNKNOWN	PENDING
001896	src/asm/Deep2R1_IsArch.asm	.asm	159	8	299E36C411E319BDC4B5298F25E2393B17A3E1B40F02B994C7025946B74B1C63	src/asm	UNKNOWN	UNKNOWN	PENDING
001897	src/asm/Deep2R1_LayerKind.asm	.asm	173	8	152EBC832927E2F22E4BA3F603267B97C1822DEC3BD1B567E6D9A05094E1B5A9	src/asm	UNKNOWN	UNKNOWN	PENDING
001898	src/asm/Deep2R1_MlaData.asm	.asm	163	8	AF9D037055C7D265212D16C7264FA9BC3CF172126A3EB521464AA1FC546B2D63	src/asm	UNKNOWN	UNKNOWN	PENDING
001899	src/asm/Deep2R1_MoeData.asm	.asm	163	8	8B6D9E45E63D6C6F4A1E281EA6B8B057350655E3ACB9894078DE8619F4178D6C	src/asm	UNKNOWN	UNKNOWN	PENDING
001900	src/asm/Deep2R1_Scan.asm	.asm	151	8	ACA40D9292BDC23F7871081F68CA59D5429E07D5615319D319444C9C55DEFB8C	src/asm	UNKNOWN	UNKNOWN	PENDING
001901	src/asm/Deep2R1_Smoke.asm	.asm	157	8	C59C5A27240DBFAA46DC0A7058F4DE9455931CB0402773554CB66353F8E7383B	src/asm	UNKNOWN	UNKNOWN	PENDING
001902	src/asm/Deep2R1_SplitKVB.asm	.asm	169	8	B83D831853434D091CD0ED5E2DDB714C7F11210824059A0100A4F1F20A2A01E4	src/asm	UNKNOWN	UNKNOWN	PENDING
001903	src/asm/Deep2R1_StrEq.asm	.asm	155	8	B14CB252079951B004836018D1620FE7B895D72531A378A61644525591535E6C	src/asm	UNKNOWN	UNKNOWN	PENDING
001904	src/asm/Deep2R1_Validate.asm	.asm	169	8	DA797910E5EDB67A732F747097659BC975742368389D3CD70EE9E36FBC917331	src/asm	UNKNOWN	UNKNOWN	PENDING
001905	src/asm/Deep2ThreadAffinity.asm	.asm	181	8	668CB635A7DF9E5BB16EBA56F32FCE93F8F7153478BD2ECE57AB5F756BC55E00	src/asm	UNKNOWN	UNKNOWN	PENDING
001906	src/asm/diff_engine.asm	.asm	189	9	B49CB86214B50529D6354E06128BEF61A297B21A15F643FCAB2C2977E9742E56	src/asm	UNKNOWN	UNKNOWN	PENDING
001907	src/asm/DirectML_Bridge.asm	.asm	28	2	B10E8506987E81682166A4AA9A880EE3F7D79E9BC0BA7D7449B5C0EB5B37CC46	src/asm	UNKNOWN	UNKNOWN	PENDING
001908	src/asm/disk_recovery_scsi.asm	.asm	210	10	9B88385E553EEAF49A2A410814F243E7C709A22CD1883135287C5DC89565944C	src/asm	UNKNOWN	UNKNOWN	PENDING
001909	src/asm/feature_dispatch_bridge.asm	.asm	230	10	34B74DF84ECEAEB293572C9BA3F65470C9D80990B90037683ED84E56550C5BE3	src/asm	UNKNOWN	UNKNOWN	PENDING
001910	src/asm/FlashAttention_AVX512.asm	.asm	229	9	A4F0B1AE8D286A73A727B4FB07357C1D66B74D97537882D6FB68352E085716FB	src/asm	UNKNOWN	UNKNOWN	PENDING
001911	src/asm/ghost_text_ranker.asm	.asm	213	9	F07B6A198A174792DC659F7F55A8493891D8AC01DFCC7E7356A4D08CFB8935D0	src/asm	UNKNOWN	UNKNOWN	PENDING
001912	src/asm/gpu_requantize_rocm.asm	.asm	28	2	B10E8506987E81682166A4AA9A880EE3F7D79E9BC0BA7D7449B5C0EB5B37CC46	src/asm	UNKNOWN	UNKNOWN	PENDING
001913	src/asm/gui_dispatch_bridge.asm	.asm	214	10	99D0D60761AC020BBE6027EAAC079721DD176D15B68BFC212FBC010EC109C50A	src/asm	UNKNOWN	UNKNOWN	PENDING
001914	src/asm/inference_core.asm	.asm	201	9	7101B91B6D90196E057B4CBF11C7D2BA09E9139464D13EA29DEB7A7AF01AF8E5	src/asm	UNKNOWN	UNKNOWN	PENDING
001915	src/asm/inference_kernels.asm	.asm	213	9	F6843B9857C4CFD57CDB8691A5900156F6DC2E560D4AF1A5EBF513312809BD8A	src/asm	UNKNOWN	UNKNOWN	PENDING
001916	src/asm/memory_patch.asm	.asm	28	2	B10E8506987E81682166A4AA9A880EE3F7D79E9BC0BA7D7449B5C0EB5B37CC46	src/asm	UNKNOWN	UNKNOWN	PENDING
001917	src/asm/model_bridge_x64.asm	.asm	202	10	AC29132BF45775ABEB7ABDF7211715A1D3E6811D5152D815B64EE1D6321AB48E	src/asm	UNKNOWN	UNKNOWN	PENDING
001918	src/asm/model_streamer_x64.asm	.asm	210	10	563D0118F2C9F8848651AE5FA4D66A004B3989E8413859F85857511576DEFA99	src/asm	UNKNOWN	UNKNOWN	PENDING
001919	src/asm/MultiWindowKernel.def	.def	275	14	1F88EE2C53927B1E474EF44CC2F84A504CF13C06599622A3E2DDFD09B974E7B0	src/asm	UNKNOWN	UNKNOWN	PENDING
001920	src/asm/native_speed_kernels.asm	.asm	28	2	B10E8506987E81682166A4AA9A880EE3F7D79E9BC0BA7D7449B5C0EB5B37CC46	src/asm	UNKNOWN	UNKNOWN	PENDING
001921	src/asm/quantum_beaconism_backend.asm	.asm	28	2	B10E8506987E81682166A4AA9A880EE3F7D79E9BC0BA7D7449B5C0EB5B37CC46	src/asm	UNKNOWN	UNKNOWN	PENDING
001922	src/asm/quant_avx2.asm	.asm	185	9	62A2CDDDF6C488C95072454D69B4EE630EE9B68F55486D45336425FEA95F7701	src/asm	UNKNOWN	UNKNOWN	PENDING
001923	src/asm/RawrCodex.asm	.asm	28	2	B10E8506987E81682166A4AA9A880EE3F7D79E9BC0BA7D7449B5C0EB5B37CC46	src/asm	UNKNOWN	UNKNOWN	PENDING
001924	src/asm/RawrXD-AnalyzerDistiller.asm	.asm	28	2	B10E8506987E81682166A4AA9A880EE3F7D79E9BC0BA7D7449B5C0EB5B37CC46	src/asm	UNKNOWN	UNKNOWN	PENDING
001925	src/asm/RawrXD-StreamingOrchestrator.asm	.asm	28	2	B10E8506987E81682166A4AA9A880EE3F7D79E9BC0BA7D7449B5C0EB5B37CC46	src/asm	UNKNOWN	UNKNOWN	PENDING
001926	src/asm/RawrXD_AgenticOrchestrator.asm	.asm	28	2	B10E8506987E81682166A4AA9A880EE3F7D79E9BC0BA7D7449B5C0EB5B37CC46	src/asm	UNKNOWN	UNKNOWN	PENDING
001927	src/asm/RawrXD_AuditSystem_Pure.asm	.asm	230	10	E251DE42B151E68BB7C411FC3C41C9BA5DF4639B884E394CB2085ABF97CA3B79	src/asm	UNKNOWN	UNKNOWN	PENDING
001928	src/asm/RawrXD_AVX512_Dequant_BPE.asm	.asm	245	9	FF26658DF054AD80DBD018AB690A65CD79428504E4389F248B3B58C7EBB4DC7D	src/asm	UNKNOWN	UNKNOWN	PENDING
001929	src/asm/RawrXD_Camellia256.asm	.asm	28	2	B10E8506987E81682166A4AA9A880EE3F7D79E9BC0BA7D7449B5C0EB5B37CC46	src/asm	UNKNOWN	UNKNOWN	PENDING
001930	src/asm/RawrXD_Camellia256_Auth.asm	.asm	28	2	B10E8506987E81682166A4AA9A880EE3F7D79E9BC0BA7D7449B5C0EB5B37CC46	src/asm	UNKNOWN	UNKNOWN	PENDING
001931	src/asm/RawrXD_CopilotGapCloser.asm	.asm	28	2	B10E8506987E81682166A4AA9A880EE3F7D79E9BC0BA7D7449B5C0EB5B37CC46	src/asm	UNKNOWN	UNKNOWN	PENDING
001932	src/asm/rawrxd_cot_dll_entry.asm	.asm	28	2	B10E8506987E81682166A4AA9A880EE3F7D79E9BC0BA7D7449B5C0EB5B37CC46	src/asm	UNKNOWN	UNKNOWN	PENDING
001933	src/asm/rawrxd_cot_engine.asm	.asm	28	2	B10E8506987E81682166A4AA9A880EE3F7D79E9BC0BA7D7449B5C0EB5B37CC46	src/asm	UNKNOWN	UNKNOWN	PENDING
001934	src/asm/rawrxd_cot_phase39.asm	.asm	28	2	B10E8506987E81682166A4AA9A880EE3F7D79E9BC0BA7D7449B5C0EB5B37CC46	src/asm	UNKNOWN	UNKNOWN	PENDING
001935	src/asm/RawrXD_Debug_Engine.asm	.asm	28	2	B10E8506987E81682166A4AA9A880EE3F7D79E9BC0BA7D7449B5C0EB5B37CC46	src/asm	UNKNOWN	UNKNOWN	PENDING
001936	src/asm/RawrXD_Disasm_Kernel.asm	.asm	28	2	B10E8506987E81682166A4AA9A880EE3F7D79E9BC0BA7D7449B5C0EB5B37CC46	src/asm	UNKNOWN	UNKNOWN	PENDING
001937	src/asm/RawrXD_DiskRecoveryAgent.asm	.asm	234	10	81636D19FCA57D10EFEE3FBD6ECC511E20700D802635E69A5968F06A5970EFD0	src/asm	UNKNOWN	UNKNOWN	PENDING
001938	src/asm/RawrXD_DualAgent_Orchestrator.asm	.asm	254	10	0E07001BD583373DD3C6440FD763BC914A808ADBE863A65699DD22C9B3B9ECFB	src/asm	UNKNOWN	UNKNOWN	PENDING
001939	src/asm/RawrXD_DualEngine_Pure.asm	.asm	28	2	B10E8506987E81682166A4AA9A880EE3F7D79E9BC0BA7D7449B5C0EB5B37CC46	src/asm	UNKNOWN	UNKNOWN	PENDING
001940	src/asm/RawrXD_DualEngine_QuantumBeacon.asm	.asm	28	2	B10E8506987E81682166A4AA9A880EE3F7D79E9BC0BA7D7449B5C0EB5B37CC46	src/asm	UNKNOWN	UNKNOWN	PENDING
001941	src/asm/RawrXD_DynamicPromptEngine.asm	.asm	3498	96	398216795CFCDE4CDE21652BE53038728959511738533FC93B1645FC9544A0D4	src/asm	UNKNOWN	UNKNOWN	PENDING
001942	src/asm/RawrXD_DynamicPromptEngine.def	.def	294	11	E234C683E4D130E6EA131B268AE34E96F65B3A852769B681CF91CD8AF7AD60C8	src/asm	UNKNOWN	UNKNOWN	PENDING
001943	src/asm/RawrXD_Emitter_v1.asm	.asm	206	10	B9ACEC6FE2658197ED932CD301B246C5C845D3BE46A2AC5299D03C48290DA1E6	src/asm	UNKNOWN	UNKNOWN	PENDING
001944	src/asm/RawrXD_EnterpriseLicense.asm	.asm	28	2	B10E8506987E81682166A4AA9A880EE3F7D79E9BC0BA7D7449B5C0EB5B37CC46	src/asm	UNKNOWN	UNKNOWN	PENDING
001945	src/asm/RawrXD_GGUF_Vulkan_Loader.asm	.asm	28	2	B10E8506987E81682166A4AA9A880EE3F7D79E9BC0BA7D7449B5C0EB5B37CC46	src/asm	UNKNOWN	UNKNOWN	PENDING
001946	src/asm/RawrXD_GSIHash.asm	.asm	28	2	B10E8506987E81682166A4AA9A880EE3F7D79E9BC0BA7D7449B5C0EB5B37CC46	src/asm	UNKNOWN	UNKNOWN	PENDING
001947	src/asm/RawrXD_HardwareSynthesizer.asm	.asm	28	2	B10E8506987E81682166A4AA9A880EE3F7D79E9BC0BA7D7449B5C0EB5B37CC46	src/asm	UNKNOWN	UNKNOWN	PENDING
001948	src/asm/RawrXD_HexMag_RepeatTuner.asm	.asm	245	9	351CEF2D9B725A7367FC7B95BC092FF787A32AEAB45C2E512EF96E0BB96AD0FD	src/asm	UNKNOWN	UNKNOWN	PENDING
001949	src/asm/RawrXD_HexMag_Swarm.asm	.asm	221	9	22E4E3EBB2D1A86A0BC024605C9A8A3F69A7DC141C9018E2DAE4A6C212728CDF	src/asm	UNKNOWN	UNKNOWN	PENDING
001950	src/asm/RawrXD_Hotpatch_Kernel.asm	.asm	28	2	B10E8506987E81682166A4AA9A880EE3F7D79E9BC0BA7D7449B5C0EB5B37CC46	src/asm	UNKNOWN	UNKNOWN	PENDING
001951	src/asm/RawrXD_IPC_Dispatcher.asm	.asm	222	10	F4B0789E02E40F092ABF8964685E578A98A1B9A1C943A4BAE1806626C602EB2A	src/asm	UNKNOWN	UNKNOWN	PENDING
001952	src/asm/RawrXD_KQuant_Dequant.asm	.asm	229	9	47688B5AE12F5D3EEAFF5A4085030BCAF8EACF523CBF76A3DB4B7E432E99B877	src/asm	UNKNOWN	UNKNOWN	PENDING
001953	src/asm/RawrXD_KQuant_Kernel.asm	.asm	225	9	5D165B6CEF8B81787CE1C92CB8A28EE1206F2D962B23A808600A27DA04564F13	src/asm	UNKNOWN	UNKNOWN	PENDING
001954	src/asm/RawrXD_License_Shield.asm	.asm	28	2	B10E8506987E81682166A4AA9A880EE3F7D79E9BC0BA7D7449B5C0EB5B37CC46	src/asm	UNKNOWN	UNKNOWN	PENDING
001955	src/asm/RawrXD_LSP_AI_Bridge.asm	.asm	28	2	B10E8506987E81682166A4AA9A880EE3F7D79E9BC0BA7D7449B5C0EB5B37CC46	src/asm	UNKNOWN	UNKNOWN	PENDING
001956	src/asm/RawrXD_LSP_SymbolIndex.asm	.asm	28	2	B10E8506987E81682166A4AA9A880EE3F7D79E9BC0BA7D7449B5C0EB5B37CC46	src/asm	UNKNOWN	UNKNOWN	PENDING
001957	src/asm/RawrXD_MeshBrain.asm	.asm	28	2	B10E8506987E81682166A4AA9A880EE3F7D79E9BC0BA7D7449B5C0EB5B37CC46	src/asm	UNKNOWN	UNKNOWN	PENDING
001958	src/asm/RawrXD_MissingSymbols.asm	.asm	28	2	B10E8506987E81682166A4AA9A880EE3F7D79E9BC0BA7D7449B5C0EB5B37CC46	src/asm	UNKNOWN	UNKNOWN	PENDING
001959	src/asm/RawrXD_ModuleEngine.asm	.asm	214	10	39CD28D888977DAA03BA467460410F333CD5A7E1DD464100235CC4375CCC9397	src/asm	UNKNOWN	UNKNOWN	PENDING
001960	src/asm/RawrXD_MonacoCore.asm	.asm	28	2	B10E8506987E81682166A4AA9A880EE3F7D79E9BC0BA7D7449B5C0EB5B37CC46	src/asm	UNKNOWN	UNKNOWN	PENDING
001961	src/asm/RawrXD_MultiWindow_Kernel.asm	.asm	4028	119	5B920B82FF223846D9303933AE680B57FFABA1A7E1E2EE301A6D0E62131EA149	src/asm	UNKNOWN	UNKNOWN	PENDING
001962	src/asm/RawrXD_NanoQuant_Engine.asm	.asm	28	2	B10E8506987E81682166A4AA9A880EE3F7D79E9BC0BA7D7449B5C0EB5B37CC46	src/asm	UNKNOWN	UNKNOWN	PENDING
001963	src/asm/RawrXD_NeuralBridge.asm	.asm	28	2	B10E8506987E81682166A4AA9A880EE3F7D79E9BC0BA7D7449B5C0EB5B37CC46	src/asm	UNKNOWN	UNKNOWN	PENDING
001964	src/asm/RawrXD_OmegaOrchestrator.asm	.asm	28	2	B10E8506987E81682166A4AA9A880EE3F7D79E9BC0BA7D7449B5C0EB5B37CC46	src/asm	UNKNOWN	UNKNOWN	PENDING
001965	src/asm/RawrXD_OverclockGov_Pure.asm	.asm	234	10	29F4489CB12564414A1B07F019506469A33746F4B3DDC9DCE02BB9A027CCC0E9	src/asm	UNKNOWN	UNKNOWN	PENDING
001966	src/asm/RawrXD_PDBKernel.asm	.asm	28	2	B10E8506987E81682166A4AA9A880EE3F7D79E9BC0BA7D7449B5C0EB5B37CC46	src/asm	UNKNOWN	UNKNOWN	PENDING
001967	src/asm/RawrXD_PDBKernel_v3.asm	.asm	214	10	A9C570C41AF47DFF9667D87CF2A1CE0478B1CA398456DAF8FCE129880D933BBC	src/asm	UNKNOWN	UNKNOWN	PENDING
001968	src/asm/RawrXD_PerfCounters.asm	.asm	28	2	B10E8506987E81682166A4AA9A880EE3F7D79E9BC0BA7D7449B5C0EB5B37CC46	src/asm	UNKNOWN	UNKNOWN	PENDING
001969	src/asm/RawrXD_PE_Exporter.asm	.asm	217	9	53A13C3B5F6BE1152B2FA20A41EAC8871D137B5C0B36ECC277CB5990050FE7BA	src/asm	UNKNOWN	UNKNOWN	PENDING
001970	src/asm/RawrXD_PE_Importer.asm	.asm	217	9	01D99212CAF5D3CBDD5F347BEC49FCA14938F6D3BF818933D3589A12E44BCDF5	src/asm	UNKNOWN	UNKNOWN	PENDING
001971	src/asm/RawrXD_Prometheus_Exporter.asm	.asm	242	10	D97A17529B3E4FD7BC6B6ADC17A4F1A453A2ED7BD13884FB7C33C9E7BF1B7040	src/asm	UNKNOWN	UNKNOWN	PENDING
001972	src/asm/RawrXD_Pyre_Compute.asm	.asm	28	2	B10E8506987E81682166A4AA9A880EE3F7D79E9BC0BA7D7449B5C0EB5B37CC46	src/asm	UNKNOWN	UNKNOWN	PENDING
001973	src/asm/RawrXD_QuadBuffer_Streamer.asm	.asm	28	2	B10E8506987E81682166A4AA9A880EE3F7D79E9BC0BA7D7449B5C0EB5B37CC46	src/asm	UNKNOWN	UNKNOWN	PENDING
001974	src/asm/RawrXD_RefProvider.asm	.asm	28	2	B10E8506987E81682166A4AA9A880EE3F7D79E9BC0BA7D7449B5C0EB5B37CC46	src/asm	UNKNOWN	UNKNOWN	PENDING
001975	src/asm/RawrXD_RouterBridge.asm	.asm	28	2	B10E8506987E81682166A4AA9A880EE3F7D79E9BC0BA7D7449B5C0EB5B37CC46	src/asm	UNKNOWN	UNKNOWN	PENDING
001976	src/asm/RawrXD_SelfHost_Engine.asm	.asm	28	2	B10E8506987E81682166A4AA9A880EE3F7D79E9BC0BA7D7449B5C0EB5B37CC46	src/asm	UNKNOWN	UNKNOWN	PENDING
001977	src/asm/RawrXD_SelfPatch_Agent.asm	.asm	226	10	77E69691124F009AD31CCFA8E263925434DCEAE57B9227B99E7A2078F005563C	src/asm	UNKNOWN	UNKNOWN	PENDING
001978	src/asm/RawrXD_SelfPatch_Engine.asm	.asm	28	2	B10E8506987E81682166A4AA9A880EE3F7D79E9BC0BA7D7449B5C0EB5B37CC46	src/asm	UNKNOWN	UNKNOWN	PENDING
001979	src/asm/RawrXD_Snapshot.asm	.asm	28	2	B10E8506987E81682166A4AA9A880EE3F7D79E9BC0BA7D7449B5C0EB5B37CC46	src/asm	UNKNOWN	UNKNOWN	PENDING
001980	src/asm/RawrXD_SocketResponder.asm	.asm	28	2	B10E8506987E81682166A4AA9A880EE3F7D79E9BC0BA7D7449B5C0EB5B37CC46	src/asm	UNKNOWN	UNKNOWN	PENDING
001981	src/asm/RawrXD_SourceEdit_Kernel.asm	.asm	234	10	4E942D2616816724155629A520141232466AC2ADD69736F17A752D09475441FE	src/asm	UNKNOWN	UNKNOWN	PENDING
001982	src/asm/RawrXD_Speciator.asm	.asm	28	2	B10E8506987E81682166A4AA9A880EE3F7D79E9BC0BA7D7449B5C0EB5B37CC46	src/asm	UNKNOWN	UNKNOWN	PENDING
001983	src/asm/RawrXD_Streaming_QuadBuffer.asm	.asm	28	2	B10E8506987E81682166A4AA9A880EE3F7D79E9BC0BA7D7449B5C0EB5B37CC46	src/asm	UNKNOWN	UNKNOWN	PENDING
001984	src/asm/RawrXD_StubDetector.asm	.asm	28	2	B10E8506987E81682166A4AA9A880EE3F7D79E9BC0BA7D7449B5C0EB5B37CC46	src/asm	UNKNOWN	UNKNOWN	PENDING
001985	src/asm/RawrXD_Swarm_Network.asm	.asm	28	2	B10E8506987E81682166A4AA9A880EE3F7D79E9BC0BA7D7449B5C0EB5B37CC46	src/asm	UNKNOWN	UNKNOWN	PENDING
001986	src/asm/RawrXD_Telemetry_Kernel.asm	.asm	230	10	3C330D93303024B0A3CFA8D6B99AA211DA2BBC115AE41D11201F902BC65737A5	src/asm	UNKNOWN	UNKNOWN	PENDING
001987	src/asm/RawrXD_TridentBeacon.asm	.asm	28	2	B10E8506987E81682166A4AA9A880EE3F7D79E9BC0BA7D7449B5C0EB5B37CC46	src/asm	UNKNOWN	UNKNOWN	PENDING
001988	src/asm/RawrXD_TridentBeacon_GPU.asm	.asm	28	2	B10E8506987E81682166A4AA9A880EE3F7D79E9BC0BA7D7449B5C0EB5B37CC46	src/asm	UNKNOWN	UNKNOWN	PENDING
001989	src/asm/RawrXD_VulkanBridge.asm	.asm	28	2	B10E8506987E81682166A4AA9A880EE3F7D79E9BC0BA7D7449B5C0EB5B37CC46	src/asm	UNKNOWN	UNKNOWN	PENDING
001990	src/asm/RawrXD_Watchdog.asm	.asm	28	2	B10E8506987E81682166A4AA9A880EE3F7D79E9BC0BA7D7449B5C0EB5B37CC46	src/asm	UNKNOWN	UNKNOWN	PENDING
001991	src/asm/rawr_cpu_features.asm	.asm	213	9	7E455F47E03756B8C112EE1D6E0A35CCD37F082EED96B48B8447222EE57E25D0	src/asm	UNKNOWN	UNKNOWN	PENDING
001992	src/asm/rawr_globals.asm	.asm	205	9	F6DA63E1FC2432904408D410A23A5E12539BE4D670FEAAA7432D0292D2FC0BD4	src/asm	UNKNOWN	UNKNOWN	PENDING
001993	src/asm/requantize_q4km_to_q2k_avx512.asm	.asm	28	2	B10E8506987E81682166A4AA9A880EE3F7D79E9BC0BA7D7449B5C0EB5B37CC46	src/asm	UNKNOWN	UNKNOWN	PENDING
001994	src/asm/request_patch.asm	.asm	190	10	72F4A9E733494EEA86D66982F1035918D6072E74390A5D7A38F6FA28BBEC2DC0	src/asm	UNKNOWN	UNKNOWN	PENDING
001995	src/asm/RuntimeEvidence512_Collect.asm	.asm	209	8	C591728EAD77251A01C2758B28AA99ABD3CCA77F48FE2F83763B9B75D17F3542	src/asm	UNKNOWN	UNKNOWN	PENDING
001996	src/asm/RuntimeEvidence512_Core.asm	.asm	197	8	430E52CF66B54C0D2040467F6B2D4BD10D7A53801199E78771CEEBCFA0418DFF	src/asm	UNKNOWN	UNKNOWN	PENDING
001997	src/asm/RuntimeEvidence512_Emit.asm	.asm	197	8	6206202C131388502D19D74057C4B93DB51CF008ED529178D722A7362FE8E502	src/asm	UNKNOWN	UNKNOWN	PENDING
001998	src/asm/RuntimeEvidence512_IDECollect.asm	.asm	221	8	C574E798EE67DEA89FFA59E162B3394480CA717E0497908B201553F3ABD28CDD	src/asm	UNKNOWN	UNKNOWN	PENDING
001999	src/asm/RuntimeEvidence512_IDEEmit.asm	.asm	209	8	446A5BA415C63659867A645C8492745E5E479652770CCE972B31761542222722	src/asm	UNKNOWN	UNKNOWN	PENDING
002000	src/asm/Sovereign_KernelBridge_MASM.asm	.asm	246	10	F99461B8DB7154E17F0BEE15E7DC512180145EDA358D8DCFFC4DAA72671674E8	src/asm	UNKNOWN	UNKNOWN	PENDING
002001	src/asm/swarm_tensor_stream.asm	.asm	28	2	B10E8506987E81682166A4AA9A880EE3F7D79E9BC0BA7D7449B5C0EB5B37CC46	src/asm	UNKNOWN	UNKNOWN	PENDING
002002	src/asm/tensor_masm.asm	.asm	147	8	0C692E005F6158147B1895D8078004D50E8D42805D1D8E5E5EAE350E0BA37177	src/asm	UNKNOWN	UNKNOWN	PENDING
002003	src/asm/view_state_x64.asm	.asm	159	8	F38424199DB04ABB62B4E5542E0E3E5BC44012855EDE588CFB277831C19FCB79	src/asm	UNKNOWN	UNKNOWN	PENDING
002004	src/asm/vision_projection_kernel.asm	.asm	28	2	B10E8506987E81682166A4AA9A880EE3F7D79E9BC0BA7D7449B5C0EB5B37CC46	src/asm	UNKNOWN	UNKNOWN	PENDING
002005	src/asm/VulkanKernel_DispatchRaw.asm	.asm	234	10	D4887265BE0B9058CFEC6CC95D91E1E54F069588946BA4BDF309DB11082090FE	src/asm	UNKNOWN	UNKNOWN	PENDING
002006	src/asm/webview2_masm64_dispatcher.asm	.asm	207	8	C22D2509FD7946119D02E37D905652B631DDAB285074C2D20E3F0FE8A2EE422A	src/asm	UNKNOWN	UNKNOWN	PENDING
002007	src/asm/wom_sha256ni.asm	.asm	11615	280	92883EEDD5C88C5436348B27AAABEF8EC2071E4B2809E92E9A940995E5E14EBD	src/asm	UNKNOWN	UNKNOWN	PENDING
002008	src/asm/k2_real_attention/RawrXD_K2_RealAttention_x64.asm	.asm	211	8	90914DAB55A3619EA7A1947523541B05329003177C9621935E38D1635654327B	src/asm	UNKNOWN	UNKNOWN	PENDING
002009	src/auth/QuantumAuthUI.cpp	.cpp	24	1	46EBD083829A26079E35F3B811EE8DFF76B240D1747D75BF602A5BFED27178B9	src/auth	UNKNOWN	UNKNOWN	PENDING
002010	src/auth/rbac_engine.cpp	.cpp	22	1	C8426A9983F9A06639954D36E49E3F5A229B93F0686E1E0AA48D3E197D0BD01F	src/auth	UNKNOWN	UNKNOWN	PENDING
002011	src/authority/SingleWriterAuthority.cpp	.cpp	21814	550	C128DAE374D5A8DCAD1A593952F132A45CF6419E46B95B1B665E81E2E3888F75	src/authority	UNKNOWN	UNKNOWN	PENDING
002012	src/authority/SingleWriterAuthority.h	.h	7859	184	70271182679553585487E7E7036C1C8FB8EE7E7013495EA707DB72F6C51F08CC	src/authority	UNKNOWN	UNKNOWN	PENDING
002013	src/backend/VulkanGemmDispatcher.cpp	.cpp	45277	1256	3CB5A21762C2376B2BC831CE1A4D5D88CE3DCA0F48F7DA35AD6216EFDB35750D	src/backend	UNKNOWN	UNKNOWN	PENDING
002014	src/backend/VulkanGemmDispatcher.hpp	.hpp	14351	434	F5C0B616C5172EB6AC60F823FA21C269C7B8EAA851050D75E3067C57873B4C83	src/backend	UNKNOWN	UNKNOWN	PENDING
002015	src/backend/vulkan_compute.cpp	.cpp	24	1	46EBD083829A26079E35F3B811EE8DFF76B240D1747D75BF602A5BFED27178B9	src/backend	UNKNOWN	UNKNOWN	PENDING
002016	src/benchmark/Fix4_FlashAttention_Benchmark.cpp	.cpp	24	1	46EBD083829A26079E35F3B811EE8DFF76B240D1747D75BF602A5BFED27178B9	src/benchmark	UNKNOWN	UNKNOWN	PENDING
002017	src/benchmark/Fix5_FusedQuantized_Benchmark.cpp	.cpp	24	1	46EBD083829A26079E35F3B811EE8DFF76B240D1747D75BF602A5BFED27178B9	src/benchmark	UNKNOWN	UNKNOWN	PENDING
002018	src/benchmark/tree_attention_aligned.cpp	.cpp	24	1	46EBD083829A26079E35F3B811EE8DFF76B240D1747D75BF602A5BFED27178B9	src/benchmark	UNKNOWN	UNKNOWN	PENDING
002019	src/benchmark/tree_attention_avx512_intrinsics.cpp	.cpp	24	1	46EBD083829A26079E35F3B811EE8DFF76B240D1747D75BF602A5BFED27178B9	src/benchmark	UNKNOWN	UNKNOWN	PENDING
002020	src/benchmark/tree_attention_bench_simple.cpp	.cpp	24	1	46EBD083829A26079E35F3B811EE8DFF76B240D1747D75BF602A5BFED27178B9	src/benchmark	UNKNOWN	UNKNOWN	PENDING
002021	src/benchmark/tree_attention_fused_sparse.cpp	.cpp	24	1	46EBD083829A26079E35F3B811EE8DFF76B240D1747D75BF602A5BFED27178B9	src/benchmark	UNKNOWN	UNKNOWN	PENDING
002022	src/benchmark/tree_attention_masm_val038.asm	.asm	207	8	244FE25B952CF88700FB8630BE407B4F0E2B43D83C766E1804B0C891D534950F	src/benchmark	UNKNOWN	UNKNOWN	PENDING
002023	src/benchmark/tree_attention_masm_val038_wrapper.cpp	.cpp	24	1	46EBD083829A26079E35F3B811EE8DFF76B240D1747D75BF602A5BFED27178B9	src/benchmark	UNKNOWN	UNKNOWN	PENDING
002024	src/benchmark/tree_attention_profiled.cpp	.cpp	24	1	46EBD083829A26079E35F3B811EE8DFF76B240D1747D75BF602A5BFED27178B9	src/benchmark	UNKNOWN	UNKNOWN	PENDING
002025	src/benchmark/tree_attention_sparse.cpp	.cpp	24	1	46EBD083829A26079E35F3B811EE8DFF76B240D1747D75BF602A5BFED27178B9	src/benchmark	UNKNOWN	UNKNOWN	PENDING
002026	src/benchmark/tree_attention_tiled.cpp	.cpp	24	1	46EBD083829A26079E35F3B811EE8DFF76B240D1747D75BF602A5BFED27178B9	src/benchmark	UNKNOWN	UNKNOWN	PENDING
002027	src/benchmark/tree_attention_tree_specialized.cpp	.cpp	24	1	46EBD083829A26079E35F3B811EE8DFF76B240D1747D75BF602A5BFED27178B9	src/benchmark	UNKNOWN	UNKNOWN	PENDING
002028	src/benchmark/tree_attention_vectorized.cpp	.cpp	24	1	46EBD083829A26079E35F3B811EE8DFF76B240D1747D75BF602A5BFED27178B9	src/benchmark	UNKNOWN	UNKNOWN	PENDING
002029	src/benchmark/VAL032_AVX512_Benchmark_Clean.cpp	.cpp	24	1	46EBD083829A26079E35F3B811EE8DFF76B240D1747D75BF602A5BFED27178B9	src/benchmark	UNKNOWN	UNKNOWN	PENDING
002030	src/benchmark/VAL032_SpeculativeDecoding_Benchmark.cpp	.cpp	24	1	46EBD083829A26079E35F3B811EE8DFF76B240D1747D75BF602A5BFED27178B9	src/benchmark	UNKNOWN	UNKNOWN	PENDING
002031	src/benchmark/VAL038_FusedAttention_Benchmark.cpp	.cpp	24	1	46EBD083829A26079E35F3B811EE8DFF76B240D1747D75BF602A5BFED27178B9	src/benchmark	UNKNOWN	UNKNOWN	PENDING
002032	src/benchmark/VAL038_Validation_Benchmark.cpp	.cpp	24	1	46EBD083829A26079E35F3B811EE8DFF76B240D1747D75BF602A5BFED27178B9	src/benchmark	UNKNOWN	UNKNOWN	PENDING
002033	src/bridge/SwarmIATRegistration.cpp	.cpp	10684	279	375E2077F35BA92D23A466B400A20B36B8DEEF1FB43EEB6F14B4D990AECF41DF	src/bridge	UNKNOWN	UNKNOWN	PENDING
002034	src/bridge/SwarmIATRegistration.hpp	.hpp	4224	95	926A831256758E4F1E06D1CD0EECB8A2F4E67ABC8345D74AC1DFE1C19DD9A9D7	src/bridge	UNKNOWN	UNKNOWN	PENDING
002035	src/bridge/UnifiedModelMetadata.cpp	.cpp	12243	293	5D3197A0494198F478887FE40F5583AB2CA3E8D193EBDC435BAF203EDF3B6C15	src/bridge	UNKNOWN	UNKNOWN	PENDING
002036	src/bridge/UnifiedModelMetadata.hpp	.hpp	5440	116	25316FB388085B3AF3F12AD40A862CBD7FD67ACEF9DF97D6216ABC34F7F22935	src/bridge	UNKNOWN	UNKNOWN	PENDING
002037	src/bridge/Win32SwarmBridge.cpp	.cpp	14590	400	6CDBBF03A4F86324F0E19845E5380A6E796041E253B01E13081368A5C62592B9	src/bridge	UNKNOWN	UNKNOWN	PENDING
002038	src/bridge/Win32SwarmBridge.hpp	.hpp	5906	130	CF860871F335174DD297114500AE57C6C54F381D952AC37ECBD6FEDF30E616FB	src/bridge	UNKNOWN	UNKNOWN	PENDING
002039	src/build/BuildIntelligence.cpp	.cpp	14678	375	0EDA5AB1045BF88AC4142C0263D85FB060487058C3043D9D176F9D920729D4C5	src/build	UNKNOWN	UNKNOWN	PENDING
002040	src/build/BuildIntelligence.hpp	.hpp	5175	110	B5CC0B4656DF7E7B18432726B0E206EC3BAEDC240DA0AC61F91F6F73995CD024	src/build	UNKNOWN	UNKNOWN	PENDING
002041	src/canonical/GGUFAdapter.cpp	.cpp	31082	650	56338CB83D5E9D44C04CCDE33F6E1874085F766BC0D33E5C8DC532AEBD815F8A	src/canonical	UNKNOWN	UNKNOWN	PENDING
002042	src/canonical/GGUFAdapter.hpp	.hpp	8747	203	13ED04ACC90B636E51B622687EF9A452DF102055BB26B9A764ED1FE08B818279	src/canonical	UNKNOWN	UNKNOWN	PENDING
002043	src/canonical/gguf_adapter.cpp	.cpp	11571	278	707BC8EFB49018B1249B5067836262D58A9D86D20198E5E38BE5D90D0DA77B61	src/canonical	UNKNOWN	UNKNOWN	PENDING
002044	src/canonical/gguf_adapter.hpp	.hpp	4871	189	23512168AB62B2EA4A1073A8086725B23E1512014680179C0401888632997D9B	src/canonical	UNKNOWN	UNKNOWN	PENDING
002045	src/canonical/sha256.cpp	.cpp	6052	176	76963E081AAB241ECF3C0DF9C5CD5CDBCB5BFC640F2557082B38AB0BD88614C3	src/canonical	UNKNOWN	UNKNOWN	PENDING
002046	src/canonical/sha256.h	.h	2426	70	539EE108D8582CD01EE3AE40A38460C9F85635DDF5B746546222639930551B8C	src/canonical	UNKNOWN	UNKNOWN	PENDING
002047	src/canonical/UnifiedModelLoader.cpp	.cpp	21770	356	24C98DF649C330FCBBA523B53622D617538FDF2321BB5FC3152A2BF4CBA4E738	src/canonical	UNKNOWN	UNKNOWN	PENDING
002048	src/canonical/UnifiedModelLoader.hpp	.hpp	7102	148	39FDFC43C35A1E615D7705EAD9903D63B7F6A2B14BFC8F92393FD9C82493980C	src/canonical	UNKNOWN	UNKNOWN	PENDING
002049	src/canonical/unified_model_loader.cpp	.cpp	10624	291	7D7DABE436B54CF7EBB4EFD17029B3922F574EA770D5E4B90F15059A01195845	src/canonical	UNKNOWN	UNKNOWN	PENDING
002050	src/canonical/unified_model_loader.hpp	.hpp	2779	104	95DF1EAB0367FB563A3A8F1A42F10B684D265BD5789553CB5E254657391024BA	src/canonical	UNKNOWN	UNKNOWN	PENDING
002051	src/ceo/AutonomousBuildLoop.cpp	.cpp	16505	537	348C2E993257060DF850BE9CD11E53FC04DFF7D7A340836DAA626492EA479EFB	src/ceo	UNKNOWN	UNKNOWN	PENDING
002052	src/ceo/AutonomousBuildLoop.hpp	.hpp	6754	206	3ADE8F26077F9EFDFD755A1E0C54C6A98EC73A178091F61FB859B05E7F18CD95	src/ceo	UNKNOWN	UNKNOWN	PENDING
002053	src/ceo/CEOAgent.cpp	.cpp	29259	886	E6A932AE5B449C1A9D7202BB6AC37F48FD35C8C197764DE43BC42EB89D623C44	src/ceo	UNKNOWN	UNKNOWN	PENDING
002054	src/ceo/CEOAgent.hpp	.hpp	4999	158	4505A880500772F7122C49ABF58E396C2112D2930FE3DABC8F3AAD105740C4FE	src/ceo	UNKNOWN	UNKNOWN	PENDING
002055	src/ceo/CEOAgentTypes.hpp	.hpp	3227	92	2D898159C8DF04D759B6F8D0B44D0C969F19CFB55CBCE17B4C445F28815961BC	src/ceo	UNKNOWN	UNKNOWN	PENDING
002056	src/ceo/ceo_link_stubs.cpp	.cpp	8612	260	81AA7C37EE1D6BBD1037F4EDEE6A5201BB3AA1AC8D263521BF64BABE93368D29	src/ceo	UNKNOWN	UNKNOWN	PENDING
002057	src/ceo/CMakeLists.txt	.txt	2834	84	1FB6AADDBC40FD16CAFCCF0CE47A8B5FE1286A99629DFB9A3482FBF2F1973BE8	src/ceo	UNKNOWN	UNKNOWN	PENDING
002058	src/ceo/ContextEngine.cpp	.cpp	28437	805	D96BB5B71F0A1ECF55BD297344CF0C7CA4780E584812750271B36F9AB30DBA70	src/ceo	UNKNOWN	UNKNOWN	PENDING
002059	src/ceo/ContextEngine.hpp	.hpp	6781	187	02D669644FCF123914C12C48C0E4104FD7CCCD745183A5475B491C5883706218	src/ceo	UNKNOWN	UNKNOWN	PENDING
002060	src/ceo/disk_recovery_stubs.cpp	.cpp	1368	48	B5C6AEE1FDBD162071085F02E84FF6903D87C85EB4084A77AB2C6D4BC3360B76	src/ceo	UNKNOWN	UNKNOWN	PENDING
002061	src/ceo/IDEIntegration.cpp	.cpp	6557	202	6038B230A23AB88A2FB99E0EEDA4E645C32BC45467C8A9CDF8ECCA3744F8F4AF	src/ceo	UNKNOWN	UNKNOWN	PENDING
002062	src/ceo/IDEIntegration.hpp	.hpp	2880	84	510DAED6C1EE5AF9153997F82B42A95E9E9692BFE5EC138A4FC8B23C433F22E8	src/ceo	UNKNOWN	UNKNOWN	PENDING
002063	src/ceo/main.cpp	.cpp	6022	172	526EA8121CEAC3CE38D39491D2ED4BF75D50E2B6030361AAED83B81CF3117899	src/ceo	UNKNOWN	UNKNOWN	PENDING
002064	src/ceo/ModelRouter.cpp	.cpp	11224	362	404FC51875C93ABD3432FE2DB471DB85AC420A59859C6693A9549540AA0D54A4	src/ceo	UNKNOWN	UNKNOWN	PENDING
002065	src/ceo/ModelRouter.hpp	.hpp	4071	116	F8F6D5303E949CC9DE796952E3F412D5E95D367C86160ED829867F1098A3C63E	src/ceo	UNKNOWN	UNKNOWN	PENDING
002066	src/ceo/ProjectState.cpp	.cpp	9963	357	10CA19C308EEC10E38005157E21310B9B35D796834936EFD07E83427E3544CB8	src/ceo	UNKNOWN	UNKNOWN	PENDING
002067	src/ceo/ProjectState.hpp	.hpp	2575	85	1060F6B88BAA906BAA974290158F357BDD96239A7CA9886E33CA3555FCABA94C	src/ceo	UNKNOWN	UNKNOWN	PENDING
002068	src/cert/StrictCertificationAuthority.cpp	.cpp	2384	36	40B3F1211CCDEEAFCDFE8404C2418925890FAED7353A37E21FCC666BDD62B26D	src/cert	UNKNOWN	UNKNOWN	PENDING
002069	src/cert/StrictCertificationAuthority.h	.h	376	12	0E6BC732AE6F6CDB027EB083E5E553F215ADFBFC052291C3674EAAD66D6905A5	src/cert	UNKNOWN	UNKNOWN	PENDING
002070	src/cli/agentic_decision_tree.cpp	.cpp	24	1	46EBD083829A26079E35F3B811EE8DFF76B240D1747D75BF602A5BFED27178B9	src/cli	UNKNOWN	UNKNOWN	PENDING
002071	src/cli/agentic_decision_tree.h	.h	1194	39	8C5148D2F8E8A4A8690ADE9E25A22E164DDEFADD80BBBC64BF0C723BFBE57E43	src/cli	UNKNOWN	UNKNOWN	PENDING
002072	src/cli/cli_autonomy_loop.cpp	.cpp	7778	230	DF181CEEA595B11B0E91F8944A1ED216D0680A9857965B6681B7F609F0A89E2D	src/cli	UNKNOWN	UNKNOWN	PENDING
002073	src/cli/cli_autonomy_loop.hpp	.hpp	4884	114	DFA1A0E34EDA488421877ECC03EDFCA13B4689F138AC544E6D8DC6400CA2D426	src/cli	UNKNOWN	UNKNOWN	PENDING
002074	src/cli/cli_headless_systems.cpp	.cpp	5258	168	1CCB62EF3E9E8A6DEA3581B46C047AEF38C07D259914D5B014808945B3AAEB1B	src/cli	UNKNOWN	UNKNOWN	PENDING
002075	src/cli/cli_headless_systems.hpp	.hpp	3266	77	63A9583BE0BD83C66C72C46D8FF31ABBD8E1C14DCA96A65FB8AD29622CC40F95	src/cli	UNKNOWN	UNKNOWN	PENDING
002076	src/cli/deep_iteration_engine.cpp	.cpp	6901	197	8C886103A60696EAF29342028CC00F031D8212249A9F17913CA1B49934BFA218	src/cli	UNKNOWN	UNKNOWN	PENDING
002077	src/cli/deep_iteration_engine.hpp	.hpp	5450	127	2BEF787A841513AF41E385B0C56CE86AB5ED5ACCB05588FF0F77FE8C1CEE3CB0	src/cli	UNKNOWN	UNKNOWN	PENDING
002078	src/cli/generate_cli.cpp	.cpp	24	1	46EBD083829A26079E35F3B811EE8DFF76B240D1747D75BF602A5BFED27178B9	src/cli	UNKNOWN	UNKNOWN	PENDING
002079	src/cli/RawrCommandAuthority.cpp	.cpp	3284	55	9913CCF7ECA446A0D2E0902DAB88457330D4E8F10CE05E6B43CB45B508523619	src/cli	UNKNOWN	UNKNOWN	PENDING
002080	src/cli/RawrCommandAuthority.h	.h	583	11	0EE799242E08367440B5D566883B66FD6BA40F5579C932F79E3462E0F4FAD937	src/cli	UNKNOWN	UNKNOWN	PENDING
002081	src/cli/RawrCommandLifecycle.cpp	.cpp	2724	66	12DC3CC68F00C1DC2FA7DB6E1DA56FA4607910422BEB971AC189473A66F7E2B8	src/cli	UNKNOWN	UNKNOWN	PENDING
002082	src/cli/RawrCommandLifecycle.h	.h	519	20	12AA3EA94C288273BCB208B043E9B14656D339CE6767B2C0E29B419CAF543FD0	src/cli	UNKNOWN	UNKNOWN	PENDING
002083	src/cli/RawrDumpAuthority.cpp	.cpp	27761	540	DEA07CE3F26546EF914EA17BF27B7E3A0503CA2A42DB985C95762CD4915EC970	src/cli	UNKNOWN	UNKNOWN	PENDING
002084	src/cli/RawrDumpAuthority.h	.h	580	23	5E17044917EBE8D1248418495D948520C044A979C60FBC920A490216C9808FCA	src/cli	UNKNOWN	UNKNOWN	PENDING
002085	src/cli/RawrDumpInitConfig.cpp	.cpp	5707	142	AE0FB35716C9983923F0D2DC270AEF0D61F05E245D01033257693B6DDF97D2BC	src/cli	UNKNOWN	UNKNOWN	PENDING
002086	src/cli/RawrDumpInitConfig.h	.h	292	13	F5A6F9E5D28977523593B0AD01655A4DC1C818FA783B8B467921A02136D07BC4	src/cli	UNKNOWN	UNKNOWN	PENDING
002087	src/cli/RawrDumpRebuild.cpp	.cpp	5683	118	26F414A3DD78BA352EAC7DFD2C76208A47BCD158D482FA715A3C3F70338D94E8	src/cli	UNKNOWN	UNKNOWN	PENDING
002088	src/cli/RawrDumpRebuild.h	.h	283	13	FB180BACD185707D4A351AE655FA30B36DDC0FE9EF531154D8B24B6F5A69F2CD	src/cli	UNKNOWN	UNKNOWN	PENDING
002089	src/cli/RawrHangWatchdog.cpp	.cpp	4114	85	9D3FACEF8E6FC9CC4FAF9E0CA51C63817106C23DBC89CA2CA95F87327016A632	src/cli	UNKNOWN	UNKNOWN	PENDING
002090	src/cli/RawrHangWatchdog.h	.h	424	19	4ECA31A5740D0402EA5A183E9287F7EBDBC9727D800900AF80F2CF23C07956F8	src/cli	UNKNOWN	UNKNOWN	PENDING
002091	src/cli/RawrRunWildcardAuthority.cpp	.cpp	4214	89	68D922E58B5361C7E712BCF18CD54902AF98820BD9C3FCCDDD8CAA82AF7139F2	src/cli	UNKNOWN	UNKNOWN	PENDING
002092	src/cli/RawrRunWildcardAuthority.h	.h	463	19	E7FD3626F3E1E1C2DCD2347E439D739CF985105CCE576B178B6175D4AA5B1C5C	src/cli	UNKNOWN	UNKNOWN	PENDING
002093	src/cli/rawrxd_cli_link_shims.cpp	.cpp	24	1	46EBD083829A26079E35F3B811EE8DFF76B240D1747D75BF602A5BFED27178B9	src/cli	UNKNOWN	UNKNOWN	PENDING
002094	src/cli/rawrxd_deep_stubs.cpp	.cpp	24	1	46EBD083829A26079E35F3B811EE8DFF76B240D1747D75BF602A5BFED27178B9	src/cli	UNKNOWN	UNKNOWN	PENDING
002095	src/cli/swarm_orchestrator.cpp	.cpp	29	1	1B78B58FA5E092E688C33C99C74289661BDCB8B8B9B984731E098AFCF3596551	src/cli	UNKNOWN	UNKNOWN	PENDING
002096	src/closure/AgentOrchestrator.cpp	.cpp	1425	42	35F8DF4BCDA3D45A7BCB2BE389343CF7523D379F992F428E8ECD6832D6270BA4	src/closure	UNKNOWN	UNKNOWN	PENDING
002097	src/closure/BuildTestGate.cpp	.cpp	1466	49	50E4118A10A9E0EF5B52600F0DDA383A5B0953E6ECE18F2D1F2E4CF73B4C6E7E	src/closure	UNKNOWN	UNKNOWN	PENDING
002098	src/closure/Certification.cpp	.cpp	2142	56	6A37D58F107761AF88049713179EBF90E5ED2C6AB29E6C4339AF57BA5C0779E1	src/closure	UNKNOWN	UNKNOWN	PENDING
002099	src/closure/ContextPlanner.cpp	.cpp	1594	40	4DC9A4E317C4486972F0189007CBB43B65BC782C2B7689461AD4477D7AECBCB6	src/closure	UNKNOWN	UNKNOWN	PENDING
002100	src/closure/DevicePolicy.cpp	.cpp	6285	156	F03DEA7DF7EE7CE36274F093A9B58D22DEA9F80FDD0D106A7F837298605C85B2	src/closure	UNKNOWN	UNKNOWN	PENDING
002101	src/closure/EditTransaction.cpp	.cpp	3872	128	4CE9B5C673B392944F92BF47576937642DF1E93980834623B94F5A61186029A5	src/closure	UNKNOWN	UNKNOWN	PENDING
002102	src/closure/EvidenceStatus.cpp	.cpp	15545	372	CAA914C74B4C517EE978064BFB366422CE5F1A850981DA795BAE94829A4F3F6E	src/closure	UNKNOWN	UNKNOWN	PENDING
002103	src/closure/EvidenceStatusEvent.cpp	.cpp	1498	38	7C1293C06FDE010F4AB701C66A7EA6A7C033A8E3B9E7DA9BBABF9053D0F50935	src/closure	UNKNOWN	UNKNOWN	PENDING
002104	src/closure/PerformanceLedger.cpp	.cpp	3633	89	74B3B9208D97F50C280E6F701A0AA8204B2B23F8382218DC9EDB38F709926A5F	src/closure	UNKNOWN	UNKNOWN	PENDING
002105	src/closure/ProcessRunner.cpp	.cpp	4146	117	B86E5B122B23D2857B299E9593B41E32D0F29D4CEF1E63CB59A0F71768B01AAA	src/closure	UNKNOWN	UNKNOWN	PENDING
002106	src/closure/RawrXDAutoClosure.cpp	.cpp	43434	1100	8758877F83A93BAE832F52D2AB341664FA8BE6C36E9B7B02E57E7874EF88E6F5	src/closure	UNKNOWN	UNKNOWN	PENDING
002107	src/closure/RawrXDAutoClosure.hpp	.hpp	3472	112	273581949C6FA0518B1E9F71F47030DA77B5B03403F162D2B6CDEC87BAFACEDA	src/closure	UNKNOWN	UNKNOWN	PENDING
002108	src/closure/ToolGateway.cpp	.cpp	2117	54	EC8924880444CD64506FF90B60DF3296704657AD7A4F351CCABDE00C7CBEE370	src/closure	UNKNOWN	UNKNOWN	PENDING
002109	src/closure/WorkspaceGuard.cpp	.cpp	1771	50	5131B709D211F03EC37DBA7E5D21AA0F59605514A55DDC4585503D2A665F1EB2	src/closure	UNKNOWN	UNKNOWN	PENDING
002110	src/codec/brutal_gzip.cpp	.cpp	24	1	46EBD083829A26079E35F3B811EE8DFF76B240D1747D75BF602A5BFED27178B9	src/codec	UNKNOWN	UNKNOWN	PENDING
002111	src/codec/compression.cpp	.cpp	11942	303	C6448D46DDCE101A65A9F3B7073A50BC7496D7292E6415310B4264AAAC2BC502	src/codec	UNKNOWN	UNKNOWN	PENDING
002112	src/codec/Compression.hpp	.hpp	5008	104	3E9CF5256A1B4C9EBA92108ECAD6650AFC43869A11155603E86A2571EBD58B40	src/codec	UNKNOWN	UNKNOWN	PENDING
002113	src/codec/gzip_brutal_inflate.cpp	.cpp	24	1	46EBD083829A26079E35F3B811EE8DFF76B240D1747D75BF602A5BFED27178B9	src/codec	UNKNOWN	UNKNOWN	PENDING
002114	src/collab/crdt_buffer.cpp	.cpp	24	1	46EBD083829A26079E35F3B811EE8DFF76B240D1747D75BF602A5BFED27178B9	src/collab	UNKNOWN	UNKNOWN	PENDING
002115	src/collab/cursor_widget.cpp	.cpp	24	1	46EBD083829A26079E35F3B811EE8DFF76B240D1747D75BF602A5BFED27178B9	src/collab	UNKNOWN	UNKNOWN	PENDING
002116	src/collab/websocket_hub.cpp	.cpp	24	1	46EBD083829A26079E35F3B811EE8DFF76B240D1747D75BF602A5BFED27178B9	src/collab	UNKNOWN	UNKNOWN	PENDING
002117	src/command/CapabilityProfile.cpp	.cpp	4051	122	702357C8E5CD48BAC6F730019909AA0E2E8AC6B2D2505DB7F5D44B8F7646D521	src/command	UNKNOWN	UNKNOWN	PENDING
002118	src/command/CapabilityProfile.hpp	.hpp	2228	57	FE30D7FFDB04538A96E5979C9E8A2DD2EADB6437D1B21099E0EEB9023AAF7F3D	src/command	UNKNOWN	UNKNOWN	PENDING
002119	src/command/CommandBroker.cpp	.cpp	7676	242	9D33C074EF441CA732094069FB76D846F6EC160EAC287191DF80705EE27E9696	src/command	UNKNOWN	UNKNOWN	PENDING
002120	src/command/CommandBroker.hpp	.hpp	3894	105	4454F4FFD50E86302FD8EA6CA401EB6D6DC9B1B2A142B1C72613EE304D559CDC	src/command	UNKNOWN	UNKNOWN	PENDING
002121	src/command/CommandEventJournal.cpp	.cpp	3070	95	E2B412C42CF4D328359E7902A45DC27E0212A8A9418E6030951E944F6382285D	src/command	UNKNOWN	UNKNOWN	PENDING
002122	src/command/CommandEventJournal.hpp	.hpp	2249	58	59C5E20D7E2C11A181AE53CD19C14320452F6AA8EC786F290D76BB224A013446	src/command	UNKNOWN	UNKNOWN	PENDING
002123	src/command/SessionBinder.cpp	.cpp	24	1	46EBD083829A26079E35F3B811EE8DFF76B240D1747D75BF602A5BFED27178B9	src/command	UNKNOWN	UNKNOWN	PENDING
002124	src/compiler_backend/coff_reader.c	.c	19943	459	84EC914D3B2DC99D9628C3BBE1F46DF7741FDB93E7AA0EA96DD3F4ED6E1D3E71	src/compiler_backend	UNKNOWN	UNKNOWN	PENDING
002125	src/compiler_backend/coff_reader.h	.h	6122	143	84E8003D65271B540FD44EEEAA133895BD1FA1B6243D741DAE5F93C5E8963E00	src/compiler_backend	UNKNOWN	UNKNOWN	PENDING
002126	src/compiler_backend/InstructionEncoderX64.cpp	.cpp	36214	780	1DF8261ED4C27F531692940C0C79D1C30BB9631AF0F17BF92EC3652B74CFB909	src/compiler_backend	UNKNOWN	UNKNOWN	PENDING
002127	src/compiler_backend/InstructionEncoderX64.hpp	.hpp	3526	85	046E2CC0FAB510BF1862D2674F1ADDFEF01950EE89E22869FBD6D5E5A3FAEE11	src/compiler_backend	UNKNOWN	UNKNOWN	PENDING
002128	src/compiler_backend/RawrCOFFWriter.cpp	.cpp	5763	144	87D72561C36EFEA79E6C14C7DF846B53ACE8AB3BF6B9239B423F6D109203AE22	src/compiler_backend	UNKNOWN	UNKNOWN	PENDING
002129	src/compiler_backend/RawrCOFFWriter.hpp	.hpp	2858	95	8C99873B1312425AF2B2796057F9174583037ABCDAF91911B22AC11DDFFB0CBB	src/compiler_backend	UNKNOWN	UNKNOWN	PENDING
002130	src/compiler_backend/RawrPE64Linker.cpp	.cpp	13881	324	EC8026C88E95BB13724DF2343AFAACB0F9FEA2FB5443BA442934942A8ABD8D4F	src/compiler_backend	UNKNOWN	UNKNOWN	PENDING
002131	src/compiler_backend/RawrPE64Linker.hpp	.hpp	2750	73	003C3460B21D39E990659587D02CBBEEFA1CECC21BF7704D5E746D4733FE2B31	src/compiler_backend	UNKNOWN	UNKNOWN	PENDING
002132	src/compiler_backend/rawr_backend_types.hpp	.hpp	8584	261	8B5BF46DDA7FF2BA04122CB72D020FAFFE73D127A3C2B150D380AAE39247067C	src/compiler_backend	UNKNOWN	UNKNOWN	PENDING
002133	src/compression/zlib_runtime_loader.cpp	.cpp	30	1	C2F71E93D15F1E86E7E86D680252B27ADB568FBB3AFF3B904AC87830A9141460	src/compression	UNKNOWN	UNKNOWN	PENDING
002134	src/compute/AttentionComputeAuthority.cpp	.cpp	7696	95	8FB7775AFD06C2A10B3DC1B3A5EC99D11DFEC93F9CA2A80190EF7B7CDBA397A6	src/compute	UNKNOWN	UNKNOWN	PENDING
002135	src/compute/AttentionComputeAuthority.h	.h	1416	28	4350D7AEEF9C820F387DF58B3B57F319D4C83C716482FCB66F197F32BF7BB9CB	src/compute	UNKNOWN	UNKNOWN	PENDING
002136	src/compute/ComputeBenchmarkAuthority.cpp	.cpp	1782	46	FD086BBDE9B63A5609A0C0BC0254B6644C11609DA85DEA03DA5E0680408CBAC4	src/compute	UNKNOWN	UNKNOWN	PENDING
002137	src/compute/ComputeBenchmarkAuthority.h	.h	398	13	E279A8F40C9154EC1F13C1BB41F205C65B4DC45A39FC61050E6BF5DAE0CE1B03	src/compute	UNKNOWN	UNKNOWN	PENDING
002138	src/compute/ComputeBuildInclusionAudit.cpp	.cpp	3737	88	FDBA7CD8CF5AC01EF9B2F2087198BE50E18C6608316EE59F42D5CAEB3B0D0297	src/compute	UNKNOWN	UNKNOWN	PENDING
002139	src/compute/ComputeBuildInclusionAudit.h	.h	393	13	5E918494E06E5D8488A1A37A58EF1BBB721ADCE350B7B962787448C52E0850D6	src/compute	UNKNOWN	UNKNOWN	PENDING
002140	src/compute/ComputeCertificationAuthority.cpp	.cpp	2954	80	5BF3B04397315B8D21AA4E832B36065D67F38FC24D14B77240AB9BB19E541863	src/compute	UNKNOWN	UNKNOWN	PENDING
002141	src/compute/ComputeCertificationAuthority.h	.h	369	13	CAB73A3A435F7B75A51984FC849B02A56B63DD968B1179ED75D295A25887FDBA	src/compute	UNKNOWN	UNKNOWN	PENDING
002142	src/compute/ComputeDictionaryAudit.cpp	.cpp	4311	105	BC3319C5C829C7932918133897A28E69B51773BE4ECB1AD60CB70FB7616C1082	src/compute	UNKNOWN	UNKNOWN	PENDING
002143	src/compute/ComputeDictionaryAudit.h	.h	360	13	206BDC02FFD07769685DA13CB75655CB975DA77D1D5247BA759A2D4D28CF31B4	src/compute	UNKNOWN	UNKNOWN	PENDING
002144	src/compute/ComputeTraceAudit.cpp	.cpp	3985	98	38C7187A698C4716B8C857B31B43B420C435AD7CD1CC67044F2B0B47811EACF7	src/compute	UNKNOWN	UNKNOWN	PENDING
002145	src/compute/ComputeTraceAudit.h	.h	349	13	938AF1BBEB827D9913550071EF513B6F1BCC26ACF028CC1CF5F16825C18FB02A	src/compute	UNKNOWN	UNKNOWN	PENDING
002146	src/compute/CpuFeatureAuthority.cpp	.cpp	2843	90	E5D575BD34E217B5B2C4642A0C0CB9AE458ECD11B70497FCE94847B7EEC7ABC5	src/compute	UNKNOWN	UNKNOWN	PENDING
002147	src/compute/CpuFeatureAuthority.h	.h	656	23	BEE63F28C9B206ED222BFABE931CE08D760585C6E21F2471BCFD1CDA7C2A406B	src/compute	UNKNOWN	UNKNOWN	PENDING
002148	src/compute/CpuGpuComputeCompare.cpp	.cpp	3485	77	170B0D20A36E18AABC7C56AB01356D36BF7A4B218C0DBB871E64AB9924A5C615	src/compute	UNKNOWN	UNKNOWN	PENDING
002149	src/compute/CpuGpuComputeCompare.h	.h	346	13	1D3FB5030612FC6EA74F7111630E36A6ABCF1528C2C82C26D7DCF638B46DBA99	src/compute	UNKNOWN	UNKNOWN	PENDING
002150	src/compute/FfnComputeAuthority.cpp	.cpp	2631	72	52CB80D00CC885454EAADB60BD6ACEF4B19E007C78B7BC5D1DA2031CCF9F65EF	src/compute	UNKNOWN	UNKNOWN	PENDING
002151	src/compute/FfnComputeAuthority.h	.h	537	22	53CC2759DB918F69B79F077CAAAB691425F1903B7D966A32C43C75942BD92BAC	src/compute	UNKNOWN	UNKNOWN	PENDING
002152	src/compute/FiniteOutputAuthority.cpp	.cpp	2859	87	A8064AA36763D673C8DE67FDD3A6010FB853B93E05EE6E9CED1CE313D2BF2DB5	src/compute	UNKNOWN	UNKNOWN	PENDING
002153	src/compute/FiniteOutputAuthority.h	.h	832	27	CF4567D6A1AB605A5A73E5AA584E9AA6366F5ED79119A3BBE7021043BA1472E8	src/compute	UNKNOWN	UNKNOWN	PENDING
002154	src/compute/GpuCacheResidencyAuthority.cpp	.cpp	2345	55	1203863B00A4D374B2C5B1B3683B332FF5496A32DC32715796A3D8648C629615	src/compute	UNKNOWN	UNKNOWN	PENDING
002155	src/compute/GpuCacheResidencyAuthority.h	.h	591	19	53B8254981E8FDED55DE5910E985A93BF2F91A4CBFF5FA857F0CCB1E73C1DF5E	src/compute	UNKNOWN	UNKNOWN	PENDING
002156	src/compute/HotpathWorkEliminator.cpp	.cpp	2404	47	515999F1CA505C0755B7464361C0A8B7712466D246DAD4BBAC36CEB88E492B40	src/compute	UNKNOWN	UNKNOWN	PENDING
002157	src/compute/HotpathWorkEliminator.h	.h	647	20	991BB41AABECD62E38C1B80C75ACB4B1B2EC2A40AFDAD1EEDD3FC255D6AEF750	src/compute	UNKNOWN	UNKNOWN	PENDING
002158	src/compute/LayerComputeAuthority.cpp	.cpp	3508	89	1E90CFE493B8091BEECCB0E8B5D610BCD1F290CB8634F5EE6F667F6D62072CDE	src/compute	UNKNOWN	UNKNOWN	PENDING
002159	src/compute/LayerComputeAuthority.h	.h	730	28	4390A248E210CE314B6809E193D395E2307F8957109E57FC27BD23DB9B42FB55	src/compute	UNKNOWN	UNKNOWN	PENDING
002160	src/compute/LogitsComputeAuthority.cpp	.cpp	2941	69	AF594167FDABD6F5B1D3C5C2F8652B24A3F57A788FEB7A76548E9352C497CE16	src/compute	UNKNOWN	UNKNOWN	PENDING
002161	src/compute/LogitsComputeAuthority.h	.h	559	19	B854F85C2996893F7E147094471B268BB01436D007E55AD0A74B7AAFFF333F00	src/compute	UNKNOWN	UNKNOWN	PENDING
002162	src/compute/MoeComputeAuthority.cpp	.cpp	2616	66	D322E1AFEB8288C7BB6FDA6B677D650F47A06D6309F016EAA0AFD1285BBCD708	src/compute	UNKNOWN	UNKNOWN	PENDING
002163	src/compute/MoeComputeAuthority.h	.h	504	19	65E92F058D2008814E228EF2A05DFA510BBB084115270E50479AD44B6D44AF90	src/compute	UNKNOWN	UNKNOWN	PENDING
002164	src/compute/QuantKernelAuthority.cpp	.cpp	2901	72	486A572EFECD6D1D0C6FCB916745BD014C9A576EA0682140B3652691E0E17BB8	src/compute	UNKNOWN	UNKNOWN	PENDING
002165	src/compute/QuantKernelAuthority.h	.h	671	19	63691BAF327ECDD53E0CD60491A63C779C865242CFEBF6B7A192C86CFC8B9A73	src/compute	UNKNOWN	UNKNOWN	PENDING
002166	src/compute/RmsNormComputeAuthority.cpp	.cpp	3053	73	F9746D17D760F2328DF451302F47207BB897F293161D1951455E8AC2DF21B188	src/compute	UNKNOWN	UNKNOWN	PENDING
002167	src/compute/RmsNormComputeAuthority.h	.h	537	17	1CA72C21C0301F497F334A66715F77E7439667869CDB79BA3503DC33B20238F4	src/compute	UNKNOWN	UNKNOWN	PENDING
002168	src/compute/RopeComputeAuthority.cpp	.cpp	2331	60	3477244A8FF65D85F139578847AD88089D8587B6C29A1B2812A3998BCCC1331D	src/compute	UNKNOWN	UNKNOWN	PENDING
002169	src/compute/RopeComputeAuthority.h	.h	453	16	44B5C110E9CCADF39B370C02C90C9FE59853CF3A36B5D031DF917F5936051DF9	src/compute	UNKNOWN	UNKNOWN	PENDING
002170	src/compute/ScalarFallbackAuthority.cpp	.cpp	1681	55	5EDF6E1304A0F750810E7932F475729E8F8B9728E963F1D7DE5034BAFF3C5146	src/compute	UNKNOWN	UNKNOWN	PENDING
002171	src/compute/ScalarFallbackAuthority.h	.h	526	16	88551A084C7BDEEF103C8BE48790565AD7AAB526FDB68F20EFA886EA387EADCB	src/compute	UNKNOWN	UNKNOWN	PENDING
002172	src/compute/SsmComputeAuthority.cpp	.cpp	2545	66	FCA63F119DBBB089442867AE5BC1296FF5D0FC4BD7AD415A104052B887C10EF0	src/compute	UNKNOWN	UNKNOWN	PENDING
002173	src/compute/SsmComputeAuthority.h	.h	467	19	A9D331E7D46CDD27A4629C92B701313DD04212EBE38D5F1F3C47B1DC6A1BF1F1	src/compute	UNKNOWN	UNKNOWN	PENDING
002174	src/compute/TensorComputeAuthority.cpp	.cpp	3859	83	F36F4D4A81BB4857E890AFC55EF25A14D4F46D0580F746CF601C6E2939D628B7	src/compute	UNKNOWN	UNKNOWN	PENDING
002175	src/compute/TensorComputeAuthority.h	.h	804	22	A853848BB37742CB0A7BAABA5A489ED22DAE4E979A398C7B7AFF0F95835EFE81	src/compute	UNKNOWN	UNKNOWN	PENDING
002176	src/config/IDEConfig.cpp	.cpp	1425	31	C55A0F2D4E98F36DEE33EE21FD4176DBE9C550600C0CA2DF0A6C32EEB97AE855	src/config	UNKNOWN	UNKNOWN	PENDING
002177	src/config/IDEConfig.h	.h	1719	41	783D5E6E00FB474333F39AF576BCD1070E15C9C76739D7610CA61B779B4983A4	src/config	UNKNOWN	UNKNOWN	PENDING
002178	src/config/ide_project_config.cpp	.cpp	5023	164	C47AB48C7F5E1E675D2BF90C1A4DED2362872E331284117EBDCD0347B4CD7609	src/config	UNKNOWN	UNKNOWN	PENDING
002179	src/config/ide_project_config.h	.h	3399	83	0F70C4C2E598C2217F0FBDFF194C971C9B7B8AD8799231E15BB2F431BE31E0B0	src/config	UNKNOWN	UNKNOWN	PENDING
002180	src/context/ContextCrystallizationAuthority.cpp	.cpp	1517	35	EC5AE9A4331FA942787D1EA5F1FFA44D3D9092039CF50885393802E6999D584D	src/context	UNKNOWN	UNKNOWN	PENDING
002181	src/context/ContextCrystallizationAuthority.h	.h	380	9	033B785694D6F07F9594CD5F647BDF25A0F18BB522F4DC49B4C7E3A7A077001A	src/context	UNKNOWN	UNKNOWN	PENDING
002182	src/context/context_mention_parser.cpp	.cpp	49	1	C68265B47E3343DF5DC6BBA362664912DD36E93C585011FE85E9D11029832716	src/context	UNKNOWN	UNKNOWN	PENDING
002183	src/context/SemanticIndex.hpp	.hpp	2515	69	E6EDF8FDB07619B5B10C63473922D3A746F9AB1F5A9E5409C46979EFA49C7959	src/context	UNKNOWN	UNKNOWN	PENDING
002184	src/context/semantic_index.cpp	.cpp	5368	155	886DD536D33F30B297C3F5A9E7D340439E6770DB444C1DDA1EE2861F8CC3E85B	src/context	UNKNOWN	UNKNOWN	PENDING
002185	src/controlplane/ControlPlaneUI.hpp	.hpp	61	2	D1C44A0262CE4A02AB06567E157F5EB0DD56BD38E82AC8281B3DE1EE60190EE4	src/controlplane	UNKNOWN	UNKNOWN	PENDING
002186	src/core/70b_gguf_hotpatch.cpp	.cpp	896	29	9B0D21752AC60F93E16AEE38B5D2551E4B8BA6B68120D42DD1E67016429AAA32	src/core	UNKNOWN	UNKNOWN	PENDING
002187	src/core/70b_gguf_hotpatch.h	.h	220	15	3E11168E1790E38C2464BB9A6C6DF779EF6506FED5D890C2554FC7FCCF2BA376	src/core	UNKNOWN	UNKNOWN	PENDING
002188	src/core/accelerator_router.cpp	.cpp	71160	1559	96DD41185504727CE73E3245FC33A28273278869339B2E6D7166A74466B8B89C	src/core	UNKNOWN	UNKNOWN	PENDING
002189	src/core/accelerator_router.h	.h	16032	349	5D262D32AED9A8780BA2F8609EFFC62F4704E969A60F34B4ED26DF12227B2CC3	src/core	UNKNOWN	UNKNOWN	PENDING
002190	src/core/adaptive_pipeline_parallel.cpp	.cpp	64228	1533	D2093D96B314C397C887525C111EB4F688EB58671C17142116F8C3DF884045F0	src/core	UNKNOWN	UNKNOWN	PENDING
002191	src/core/adaptive_pipeline_parallel.h	.h	26686	573	0CB80412587DA334635B8AF6CCE7F46DD6088EC503BD1C6B215B79F9BA3530A9	src/core	UNKNOWN	UNKNOWN	PENDING
002192	src/core/address_hotpatcher.cpp	.cpp	5016	141	A8B2175C52F6035F3A9EE370B5D3A56523C193EC4EB17134F27E89E16614F396	src/core	UNKNOWN	UNKNOWN	PENDING
002193	src/core/address_hotpatcher.hpp	.hpp	1701	60	3EF2A6A1A9E25A20B4D1811DE1CB0258E816CBFB91165D0080E876166B57EBDC	src/core	UNKNOWN	UNKNOWN	PENDING
002194	src/core/AdvancedFeatures.hpp	.hpp	11283	346	035626130107C18E26A32941C4E94196BF7A90D47B4FEC0BBE4F395809DDECF9	src/core	UNKNOWN	UNKNOWN	PENDING
002195	src/core/agentic_aperture_bridge.asm	.asm	14944	578	7A36504BE45D75E6850291D97FBE0C5E8912086BA14F587BF1C8306E2C3DF8BD	src/core	UNKNOWN	UNKNOWN	PENDING
002196	src/core/agentic_aperture_live.asm	.asm	14453	571	A5A536F84D63DA8A670139C9D87A138476A9DC3C46157FBB29E8DBC71A7F8BF9	src/core	UNKNOWN	UNKNOWN	PENDING
002197	src/core/agentic_aperture_test.asm	.asm	6989	234	1E6C56124DA107C1083011C9061BC2BB7A95CA3751471BA8EF2E6259A9C10DBC	src/core	UNKNOWN	UNKNOWN	PENDING
002198	src/core/agentic_autonomous_config.cpp	.cpp	10231	250	180A562C3E8CEDE4716B05987AF5EF0ECDE9FD419E160898EC25A4378885EB36	src/core	UNKNOWN	UNKNOWN	PENDING
002199	src/core/agentic_autonomous_orchestrator.cpp	.cpp	43978	1138	5B7C5FD9BB2AF0F0A2F6ACCA01301AEA7698D3FA78D823B648C689B7CE2B186D	src/core	UNKNOWN	UNKNOWN	PENDING
002200	src/core/agentic_config.cpp	.cpp	41614	1198	E2A33BA1D7353DFDB495DD4397000985D1337E3D2FC164065D9A66DBCC0FD597	src/core	UNKNOWN	UNKNOWN	PENDING
002201	src/core/agentic_embedding_singletons_nonmsvc.cpp	.cpp	2889	92	CED9CADA581FA972D7B1C4C9EEC06243D0090D2C9939E05B88AEA860BBFDCBB6	src/core	UNKNOWN	UNKNOWN	PENDING
002202	src/core/agentic_executor_impl.cpp	.cpp	6986	196	55C19D1E5E87756BD800CE3689A716B5C9FBDB57FF07AE9C109CC7028C57DD9D	src/core	UNKNOWN	UNKNOWN	PENDING
002203	src/core/agentic_executor_link_stub.cpp	.cpp	50	1	B52B3875050B9E8E4AD3DDE82A03AE0C40026CEF1D0680C0F5EB29DEFCD9A0D6	src/core	UNKNOWN	UNKNOWN	PENDING
002204	src/core/agentic_masm_bridge.cpp	.cpp	7643	203	7264065A5A4726AFFB9D710A204F3936793B3BE528580791E6E59A394055D92A	src/core	UNKNOWN	UNKNOWN	PENDING
002205	src/core/agentic_memory.asm	.asm	13628	538	FB1851041BF38306E6A62EB1B5A332B04788FE977A926A54389F71EA383BF150	src/core	UNKNOWN	UNKNOWN	PENDING
002206	src/core/agentic_memory_simple.asm	.asm	7297	272	506DA4D138EBBA45E03EC7A950DC7F8CBB5C757D775EC710CB0272A95A188C5B	src/core	UNKNOWN	UNKNOWN	PENDING
002207	src/core/agentic_orchestrator.asm	.asm	13510	538	4C6FE1892EF1BA760893698AD3ACDD668F15203E6E8BD21B4A9D8D81C284DA7E	src/core	UNKNOWN	UNKNOWN	PENDING
002208	src/core/agentic_orchestrator.cpp	.cpp	2017	92	261DD8664B6A110E52BF1241547DFD69D82740C04F36401DD02986216541E21F	src/core	UNKNOWN	UNKNOWN	PENDING
002209	src/core/agentic_orchestrator_bridge.cpp	.cpp	56626	1694	D62AC6470AF20C731D8CFB6E43E12692EF6A9DE33AC378EB186D5F6ECE583196	src/core	UNKNOWN	UNKNOWN	PENDING
002210	src/core/agentic_orchestrator_c_api.cpp	.cpp	1083	55	64516DB899C484DBFA37E3608EE441217EC01669BACAE35B3EBAF7D94AC42FCD	src/core	UNKNOWN	UNKNOWN	PENDING
002211	src/core/agentic_reasoning_loop.cpp	.cpp	18864	496	3AB4CE5ADFD026111BAF3447D784D6EFEAB2B5C878778691B1EF703F466A9208	src/core	UNKNOWN	UNKNOWN	PENDING
002212	src/core/agentic_reasoning_loop.h	.h	2047	79	0B8AAF2494DBD0F76F955A3E91231F530DA4FAC9BC926A0FBFDB06EFB10310C3	src/core	UNKNOWN	UNKNOWN	PENDING
002213	src/core/agentic_sovereign_entry.asm	.asm	13606	589	38FF24AD9A8BA613E84201EA58EEAD261985458A965706DAE30B2679A478943B	src/core	UNKNOWN	UNKNOWN	PENDING
002214	src/core/agentic_task_graph.cpp	.cpp	77932	2281	9AFCDC08E140B593900AA60ADD973FD9D4AA2BD7ECADC153DED79480EF6CE339	src/core	UNKNOWN	UNKNOWN	PENDING
002215	src/core/agentic_task_graph.hpp	.hpp	18296	459	54263B60AE6E3084B0A0C516191A87A1C81E48B8DFB9757F2CFB43B7A2E70D79	src/core	UNKNOWN	UNKNOWN	PENDING
002216	src/core/agentic_unified_entry.asm	.asm	9671	421	E026DBD50C92165A4BCAC3BDDC36575D01579AF512986E2581ABA1EB6634EC22	src/core	UNKNOWN	UNKNOWN	PENDING
002217	src/core/AgentSubsystem.cpp	.cpp	26894	784	3A5A08BA76072AC1DAE5916A35F21E92403F661B42070CA36631A2E4D84882B1	src/core	UNKNOWN	UNKNOWN	PENDING
002218	src/core/AgentSubsystem.h	.h	8221	217	25EE99422CDBF4B26222798CF55C464E1C049DF0C7A02187DF978F1D20B19D19	src/core	UNKNOWN	UNKNOWN	PENDING
002219	src/core/agent_completion.h	.h	6904	212	8EBD08619FE06D579A8D32B1F3B3893FFDC5DD68833EF509B29D4B77E0E31B6A	src/core	UNKNOWN	UNKNOWN	PENDING
002220	src/core/agent_guardrails.cpp	.cpp	2286	84	7877DF1A3CC332199301BD797B73216B52E83EE067DE8B60C0BEDB380626EA2A	src/core	UNKNOWN	UNKNOWN	PENDING
002221	src/core/agent_memory_indexer.cpp	.cpp	7037	194	CE2115EF16A42338488339DFF0CF8D31AAFEA3662D708C641CF3C600BB0523CF	src/core	UNKNOWN	UNKNOWN	PENDING
002222	src/core/agent_safety_contract.cpp	.cpp	31028	721	B7347B90A409A91DE43367661EB81F97DA9B52D8A973E1FC65020B5DB7999E35	src/core	UNKNOWN	UNKNOWN	PENDING
002223	src/core/agent_safety_contract.h	.h	15453	393	938F61B7A5CED13362D92860C31D201330A2616AFFB3F8138E4B5031547BDF46	src/core	UNKNOWN	UNKNOWN	PENDING
002224	src/core/agent_state_serializer.cpp	.cpp	1234	47	E18EFB20CE5424E989E6DB0F8A08E065A7102D4F2E920177AFA653A45B0F254E	src/core	UNKNOWN	UNKNOWN	PENDING
002225	src/core/agent_wal_cli_smoke_test.cpp	.cpp	385	16	5A0AE74CC29A05539A1FBD72A68C786625558A6728EBE99EEB582E1993DA92A7	src/core	UNKNOWN	UNKNOWN	PENDING
002226	src/core/ai_agent_masm_core_impl.cpp	.cpp	6134	210	DE371FC29D2A6CB5060B4426BD4D39D43625D6B32F63C3D288AA0A834D574423	src/core	UNKNOWN	UNKNOWN	PENDING
002227	src/core/ai_agent_masm_impl.cpp	.cpp	103116	2616	772DA0396B2CE493DE5F34B11B85F7222B5BC66A0B88EDEDFB83437179025155	src/core	UNKNOWN	UNKNOWN	PENDING
002228	src/core/ai_agent_masm_runtime.cpp	.cpp	133	3	019D69E0A2AD627188EAC68AA1568415EB965024C38A31D11E1B041B0AAA4256	src/core	UNKNOWN	UNKNOWN	PENDING
002229	src/core/ai_execution_guardrails.cpp	.cpp	32485	953	55A974B403DF5D9332D5DDA7E0EAA56FB789369C2A607BF3BE7D5B961645AF8B	src/core	UNKNOWN	UNKNOWN	PENDING
002230	src/core/ai_execution_guardrails.hpp	.hpp	11355	333	ACC5322DA6AF77F8583ABCFFAC50D6804942EB1CE68B66EB14A88AB5B0B5F6F6	src/core	UNKNOWN	UNKNOWN	PENDING
002231	src/core/alert_system.cpp	.cpp	23073	727	764D4397CB34CB87EB330123C8CD327627A4A8D31D5DAA8B8487F0834A69562B	src/core	UNKNOWN	UNKNOWN	PENDING
002232	src/core/alert_system.hpp	.hpp	7401	194	637872D367800AE6D1E7FAB1D8D930ECD993111CF9CB5F18677F170985B254BC	src/core	UNKNOWN	UNKNOWN	PENDING
002233	src/core/AmdGpuPowerBackend.cpp	.cpp	16856	465	812ECBE851593F4CA3F1AF659866CFF242C492DF8D60A2F2A448B2F25F02B234	src/core	UNKNOWN	UNKNOWN	PENDING
002234	src/core/AmdGpuPowerBackend.hpp	.hpp	1016	33	D5480ADAE4F09E872986A8E3C19BEB613A2F004356465813F7C13C1560F69506	src/core	UNKNOWN	UNKNOWN	PENDING
002235	src/core/amd_gpu_accelerator.cpp	.cpp	44102	1211	7954391E5CEA90D3392C098E701474C445C7B6CCACD95F1DE27389AA0A9277C1	src/core	UNKNOWN	UNKNOWN	PENDING
002236	src/core/amd_gpu_accelerator.h	.h	12864	313	74A4BC475778950466FA2FE78D2191D400F2A15D4E683D21481D5B193C6341B6	src/core	UNKNOWN	UNKNOWN	PENDING
002237	src/core/analyzer_distiller.cpp	.cpp	11747	399	B6825BA926B6804ED2D76F7185EA04DCBCB1F62C5CD17FAD2E6AD565D306A1D0	src/core	UNKNOWN	UNKNOWN	PENDING
002238	src/core/analyzer_distiller.h	.h	4711	114	675B07800A2C7AD2D90048F4401F33126561858009B75B460C7CB96C338F93C7	src/core	UNKNOWN	UNKNOWN	PENDING
002239	src/core/aperture_cpu_features.cpp	.cpp	14434	427	C8FEBBEAE766A7BAC16655CC680B93A29A2C49827822D9588DD69B06446473D7	src/core	UNKNOWN	UNKNOWN	PENDING
002240	src/core/aperture_gguf_bridge.cpp	.cpp	7593	214	9821B79F2033B88A16F69F9F80A27DB10FEA0A9D01053C5B74828A9E92AC1EEA	src/core	UNKNOWN	UNKNOWN	PENDING
002241	src/core/aperture_kernels.asm	.asm	20269	755	E7FBC7C53DA23CA1B86EC600C2148029DC10A102C2E82C05E3F09C4CB7AF3B96	src/core	UNKNOWN	UNKNOWN	PENDING
002242	src/core/aperture_kernel_interface.h	.h	19893	578	4B971BD038BACB86581AB05BC9829E54C398CD84B975657D17FBE5173C507A85	src/core	UNKNOWN	UNKNOWN	PENDING
002243	src/core/aperture_q4_0_avx512.asm	.asm	6367	222	5EDDAE0CC1D9CD148CE179367B0F2F5F65FBB759AA59FF6D756927916F26AEFC	src/core	UNKNOWN	UNKNOWN	PENDING
002244	src/core/aperture_q4_0_avx512_clean.asm	.asm	4729	156	31708AC9F780754DB5281DAF06B3EC3A699EC534D173110FBCF26500FE43D131	src/core	UNKNOWN	UNKNOWN	PENDING
002245	src/core/aperture_q4_0_avx512_final.asm	.asm	4633	154	F308B12CDDEDFCB33B3AC23642260E97032B73CD866087F1CC86DA1EC170D694	src/core	UNKNOWN	UNKNOWN	PENDING
002246	src/core/aperture_q4_0_avx512_fixed.asm	.asm	4125	162	5C201DB6296222B6DA6CCBA186FAD292B96EB55B11C8674D12EF3EC9237DC3DC	src/core	UNKNOWN	UNKNOWN	PENDING
002247	src/core/aperture_q4_0_avx512_intrinsics.cpp	.cpp	10388	237	CB0A986118000D84D209575D011BCD959B8B442924909E69ADE018F31E8AEC44	src/core	UNKNOWN	UNKNOWN	PENDING
002248	src/core/aperture_q4_0_avx512_simple.asm	.asm	5136	195	C902D5CFFD863763B1C9560B3868F8144F3464BA9B8535A5257F2116E1717187	src/core	UNKNOWN	UNKNOWN	PENDING
002249	src/core/aperture_q4_0_avx512_v2.asm	.asm	4668	151	39BB19FA9AF331B55612E9B6D0E36272845133CD89A0541AE0EE27FF37F7C8D3	src/core	UNKNOWN	UNKNOWN	PENDING
002250	src/core/aperture_q4_0_avx512_x64.asm	.asm	3622	149	249AFDA239E60EB05FEC79F4A83E7302A660A66E5AF931E77ACA6C57AD47E5F7	src/core	UNKNOWN	UNKNOWN	PENDING
002251	src/core/aperture_q4_0_reference.cpp	.cpp	15167	456	92F620D930BD82FAD9A5FDED9658344C9FDE33690034A28D245B492785AD170D	src/core	UNKNOWN	UNKNOWN	PENDING
002252	src/core/aperture_q4_0_test.cpp	.cpp	8901	296	314F0601E2F422D0E3960A9F3DD0A1FB79D47075B6B500ECC5F60464B55EC372	src/core	UNKNOWN	UNKNOWN	PENDING
002253	src/core/aperture_q8_0_avx512_intrinsics.cpp	.cpp	7203	183	4E5A82D721041B47F4ADAA15E65F33814D6B38DA93A8557703B790072637A386	src/core	UNKNOWN	UNKNOWN	PENDING
002254	src/core/aperture_standalone_test.cpp	.cpp	6306	196	5CB3D36FB8B5F9CA6BDC38D4435B1FFEEBE6B0AB17237D78BE72774ABD04CB76	src/core	UNKNOWN	UNKNOWN	PENDING
002255	src/core/application.cpp	.cpp	19776	618	A2B2356DA14136BDF718EDC03A047426C3C07D1EDE7C2DD38EC927B1EC100AB7	src/core	UNKNOWN	UNKNOWN	PENDING
002256	src/core/application.h	.h	7185	219	FBE7DB80A88D5D73B3E7745446383F270597BBDD06BD5CBE3C208FF87572C0A1	src/core	UNKNOWN	UNKNOWN	PENDING
002257	src/core/ArenaTelemetry.hpp	.hpp	9393	283	B8B7C222031C5D65FB06BD025091AC5DB93240526ECC387097E7D39B76DA5902	src/core	UNKNOWN	UNKNOWN	PENDING
002258	src/core/arm64_gpu_accelerator.cpp	.cpp	41296	913	95A18743D20BC8E05CCEF7178986FB078A86A3F30D324C3E94DAD537AEB6B21B	src/core	UNKNOWN	UNKNOWN	PENDING
002259	src/core/arm64_gpu_accelerator.h	.h	16843	389	E51FF7B2C1AC2204A97C86DB3FB34BAFDF6227545806D2789B33B9A46D9C9251	src/core	UNKNOWN	UNKNOWN	PENDING
002260	src/core/ArtifactScanner.cpp	.cpp	24901	673	921348F5AE8528731E643AD2695830153C5E5C1DE169B96EB58AFA5AA66C308F	src/core	UNKNOWN	UNKNOWN	PENDING
002261	src/core/ArtifactScanner.h	.h	4070	120	E11CD9E96125B7024229EC615FB431D5358818D00FF073AB525B4355397F57EF	src/core	UNKNOWN	UNKNOWN	PENDING
002262	src/core/asm_link_stubs.cpp	.cpp	840	23	D58A722D8E710A0AD347622F034D9816DCAF5018DE686022C175BA36F1B34C59	src/core	UNKNOWN	UNKNOWN	PENDING
002263	src/core/asm_stubs.c	.c	3317	102	58DC74EAEACB564F340231FE9F527DC49E4FA16C2F43EE13237A908C84AF0DEF	src/core	UNKNOWN	UNKNOWN	PENDING
002264	src/core/asm_symbols_stub.cpp	.cpp	40	1	1A6B12B5413721CFE2564C520111CFE33554DA608D3A7F066C38BF14B201A30C	src/core	UNKNOWN	UNKNOWN	PENDING
002265	src/core/ast_graph_engine.cpp	.cpp	20869	650	6CE34511B809154EE518D0DCE2DD93A1E422A0C5B8733251D44A20BAFAAF34A4	src/core	UNKNOWN	UNKNOWN	PENDING
002266	src/core/ast_graph_engine.h	.h	12712	348	A5AFF7691E719077CDED398D9B8FABAAD7337F6814DC99326E9E342D2134A48F	src/core	UNKNOWN	UNKNOWN	PENDING
002267	src/core/ast_graph_engine.hpp	.hpp	13285	380	3ECDCACB2191DE9519E76DC14ACC4FF62228826087494B78FD2EFF1780261F81	src/core	UNKNOWN	UNKNOWN	PENDING
002268	src/core/ast_graph_engine_impl.cpp	.cpp	5470	161	75FA0E7161F7B062299DB4EC15F864BF57995BA33ADC128C9B0461DD9C35E85A	src/core	UNKNOWN	UNKNOWN	PENDING
002269	src/core/async_gpu_batching.h	.h	7775	244	EC253AF858FCFC4A4888E400036FC5FE22838D89B3577548876381AAE8CA5D13	src/core	UNKNOWN	UNKNOWN	PENDING
002270	src/core/autonomous_debugger.cpp	.cpp	34057	949	029C35DDCB3D92EE2C9880461503DC52B733600A0A2746F2B5CE2AF5DC9D8501	src/core	UNKNOWN	UNKNOWN	PENDING
002271	src/core/autonomous_debugger.hpp	.hpp	15274	386	989A5F90FCB667105159C3034430CFAAAB5C898AF117AF591B496063641B9A47	src/core	UNKNOWN	UNKNOWN	PENDING
002272	src/core/autonomous_model_manager.cpp	.cpp	9157	232	4AF42A92B0C018CD648B58323EFAFAE67CE81C75384F2F5CFBC6228254AE5060	src/core	UNKNOWN	UNKNOWN	PENDING
002273	src/core/autonomous_model_manager.h	.h	2698	84	95D5C9BE8CEB3EA4F93B35BBD9748BED9F98FCB8A2309D0B419AB1EB11FBA8E6	src/core	UNKNOWN	UNKNOWN	PENDING
002274	src/core/autonomous_synthesizer.cpp	.cpp	5818	182	919E5C70F2CF61370458B023A2ADA6BF3542904213DF1429A77F9AC331A641CD	src/core	UNKNOWN	UNKNOWN	PENDING
002275	src/core/autonomous_workflow_engine.cpp	.cpp	34561	872	A13DE20DC51BF80FDA3FDA97043DC337163C69CAB5B0D72596CAA8D12D6B40FE	src/core	UNKNOWN	UNKNOWN	PENDING
002276	src/core/autonomous_workflow_engine.hpp	.hpp	15755	364	C727BB839E800C55CBB982F7A5C532E8AD9901AD9F15B720BFABF35EC7251A29	src/core	UNKNOWN	UNKNOWN	PENDING
002277	src/core/auto_configurator.h	.h	10342	327	6BAC8E6F5E6069E413559343FFFE79E6B9E932BC96F9B2F9D7C72D9E7D924C1D	src/core	UNKNOWN	UNKNOWN	PENDING
002278	src/core/auto_discovery.cpp	.cpp	47538	718	EA10A76A25174F49F9DFC17DDE708F4421B798B41E754F7AAF95DF6E5AB43ED9	src/core	UNKNOWN	UNKNOWN	PENDING
002279	src/core/auto_feature_impl.cpp	.cpp	10936	267	3D6D80FD417B53BA8DDE79B58BA1056C1E124D013D343ECE1F9C729A2D002A09	src/core	UNKNOWN	UNKNOWN	PENDING
002280	src/core/auto_feature_lane_provider.cpp	.cpp	131	3	C855C8FBBE2D571ADC6AD2697285D6B2F5A594E02FC86EDD73AF5B90478883CA	src/core	UNKNOWN	UNKNOWN	PENDING
002281	src/core/auto_feature_real_impl.cpp	.cpp	168530	4149	7C4D0D95B992B6C626B19039C5EFDAE63B8AA011F389692F72AB80A7F5FFF1ED	src/core	UNKNOWN	UNKNOWN	PENDING
002282	src/core/auto_feature_registry.cpp	.cpp	383087	7609	2B4889984C538EC4B9409DF4D33E5925C1DF401232460732928EAAF6D3FDE965	src/core	UNKNOWN	UNKNOWN	PENDING
002283	src/core/auto_feature_registry.hpp	.hpp	21055	339	A25586471ED038AF447DEA6E2E387667A9D121DEA4C0135DB917DABB790F7CA0	src/core	UNKNOWN	UNKNOWN	PENDING
002284	src/core/auto_feature_registry_guards.hpp	.hpp	617	10	E5B3F74F34159D4AE3EC2F254D6D00F76402F4D87711663A04D2D7674E7C5B1A	src/core	UNKNOWN	UNKNOWN	PENDING
002285	src/core/auto_feature_stub_impl.cpp	.cpp	46	1	4162CAB3D72E32F44EED361D323B037C0CF2BEFC58157B771D399FF16F47C632	src/core	UNKNOWN	UNKNOWN	PENDING
002286	src/core/auto_repair_orchestrator.cpp	.cpp	36976	953	78B9921A65FD5B24F9170C7B80325670E4FE95CF83F4E861CA331616A0DCC8F7	src/core	UNKNOWN	UNKNOWN	PENDING
002287	src/core/auto_repair_orchestrator.hpp	.hpp	13377	318	761DB0129E9B327C2B27E270D431B0CB0F79475C225F61777F0A343FAB70B498	src/core	UNKNOWN	UNKNOWN	PENDING
002288	src/core/auto_update_system.cpp	.cpp	15063	410	442EBBAC7BF5852EFAF6E5BB03EE306EF25EF7DF82260F734B01FE29C121A9EA	src/core	UNKNOWN	UNKNOWN	PENDING
002289	src/core/backend_equivalence_test.cpp	.cpp	11741	333	D4B45B38EDA759A6D3FB9EDBB947A74BF0B51F8891D42AA86ADB871036CFE2EC	src/core	UNKNOWN	UNKNOWN	PENDING
002290	src/core/backup_manager.cpp	.cpp	19836	626	4842E4B899FAFE822E7862F447626DA4D660A83E20B5A423F5331529A8A69FE5	src/core	UNKNOWN	UNKNOWN	PENDING
002291	src/core/backup_manager.hpp	.hpp	6151	162	18914AFEADBCB1EC5E2ED227DDC528EAB86A0FD6235F4473CD74448FBA570CDB	src/core	UNKNOWN	UNKNOWN	PENDING
002292	src/core/batch_splitter_test.cpp	.cpp	15092	397	A9D8E8E946CDCD7CC4EFBAE67DD42F50201E54FD92AADBFD02488C5CCE5C384E	src/core	UNKNOWN	UNKNOWN	PENDING
002293	src/core/beacon_bootstrap.cpp	.cpp	18946	396	07D01CDCC9635B22F9C093029E8E9C2556249A550B00E3550A058871B90A6CB0	src/core	UNKNOWN	UNKNOWN	PENDING
002294	src/core/beacon_link_impl.cpp	.cpp	8238	213	96510438B22494B325C401C684E66787F35E8A1C613C42D88A0D0347AB71715C	src/core	UNKNOWN	UNKNOWN	PENDING
002295	src/core/beacon_link_stub.cpp	.cpp	24	1	46EBD083829A26079E35F3B811EE8DFF76B240D1747D75BF602A5BFED27178B9	src/core	UNKNOWN	UNKNOWN	PENDING
002296	src/core/benchmark_avx512_intrinsics.cpp	.cpp	6331	191	6B21570E8C7D055C6BC8C805621FCBECCEB84211905971446C0D144354898320	src/core	UNKNOWN	UNKNOWN	PENDING
002297	src/core/BinaryStream.hpp	.hpp	4623	120	BFD269CF28966C48A6C974C1766FC80ED1AA9EC935E07C88EE9EB2F5A89BBC90	src/core	UNKNOWN	UNKNOWN	PENDING
002298	src/core/boot_resumer.cpp	.cpp	1175	38	1617DC0AC3140576E32138EA796C1D116B1D6FE907C936C1C2AE2CE1B4374536	src/core	UNKNOWN	UNKNOWN	PENDING
002299	src/core/BounceTPS.cpp	.cpp	9982	318	206A7B26A77B0333E1D528D83344B05FC896AB4B0FDD0438E26D1625E53B3A25	src/core	UNKNOWN	UNKNOWN	PENDING
002300	src/core/build_agentic.bat	.bat	1671	59	BA5A204E506D0972FE0AEEC83EDDCC7090E3999641F0F0BEA0B227A80F215D7C	src/core	UNKNOWN	UNKNOWN	PENDING
002301	src/core/build_complete.bat	.bat	2468	82	8CBCB217A7A7BF9045F73FDD66B9CBD07A117C95159C546F7CE18D728D9E487C	src/core	UNKNOWN	UNKNOWN	PENDING
002302	src/core/build_core.bat	.bat	3276	113	4B94F9160CA65A8E569DF12C569FE892BD7BBF747E2733DEE0AE1549CD658F9A	src/core	UNKNOWN	UNKNOWN	PENDING
002303	src/core/build_hardened_test.bat	.bat	1153	44	BAE1D9903005BD57A49947CEEAAE28D9E0E6175B69D77A17DD0F4DC07F601697	src/core	UNKNOWN	UNKNOWN	PENDING
002304	src/core/build_mega.bat	.bat	2869	94	26EB0C103528F6672B4FCDA20AB74582067C7B1BFC7A29AEA0DED97D65DD9547	src/core	UNKNOWN	UNKNOWN	PENDING
002305	src/core/build_stabilizer.hpp	.hpp	2581	97	49729818442B41079CC5FC1BCD11BD5AACAD529491DFC9199940533EA6C13696	src/core	UNKNOWN	UNKNOWN	PENDING
002306	src/core/build_unified_with_tools.bat	.bat	1599	58	4E358317F7E5E49D76F359ACF11A1D532DBF7121B233938EFC39D15F7FA92E6A	src/core	UNKNOWN	UNKNOWN	PENDING
002307	src/core/byte_level_hotpatcher.cpp	.cpp	16390	423	CA7810F466623D78DF094DD10146AEE62E6BF2BE89BA6FCDA78A881825E46DAF	src/core	UNKNOWN	UNKNOWN	PENDING
002308	src/core/byte_level_hotpatcher.hpp	.hpp	14399	304	E7595B07EA0DE3864FA911E594E8B0FC442B5545A60D99E3FDB32AF4BBEE7761	src/core	UNKNOWN	UNKNOWN	PENDING
002309	src/core/camellia256_bridge.cpp	.cpp	26786	761	F4590C91E5B8AC999CB3E587AADB692B857D10D79EFCC5DE9282DBA8CBECAF1B	src/core	UNKNOWN	UNKNOWN	PENDING
002310	src/core/camellia256_bridge.hpp	.hpp	9412	228	4B8BC7B076E1F1716D4D53344374241835A13890AC5794431593D1C67FC00EEB	src/core	UNKNOWN	UNKNOWN	PENDING
002311	src/core/cerebras_wse_accelerator.cpp	.cpp	58548	1373	D66805AEBC5388B25E192BC5D4F84D1F5835AF6BCEA7DFD2FD3619E8DBA992A1	src/core	UNKNOWN	UNKNOWN	PENDING
002312	src/core/cerebras_wse_accelerator.h	.h	16629	380	4DA71F4B46A0A563D3ED3389298BCFB49E4D9515E0F76068C1DA9500A1C0C366	src/core	UNKNOWN	UNKNOWN	PENDING
002313	src/core/chain_of_thought_engine.cpp	.cpp	18872	499	A80E8C4417C57AE01FF5C840FA2B297D73D7537FD15357564E2CEA2C66D11410	src/core	UNKNOWN	UNKNOWN	PENDING
002314	src/core/ChaosTest.asm	.asm	5351	199	9E13BA2B759FAC4FBAC0F0107FAA3C00854AD5DD245254FDD2A34777DE7F2E89	src/core	UNKNOWN	UNKNOWN	PENDING
002315	src/core/ChaosTestCRT.asm	.asm	5361	198	17D64F865F25BB51337319B6DFA47F699B4E69DFC436F94F26038729C75DA700	src/core	UNKNOWN	UNKNOWN	PENDING
002316	src/core/ChaosUltimate.asm	.asm	17419	643	AFAA6BAD9FED12913C9CF4EE9E3DA1A96F8A3B31DDEBB828B4F800702C9197B4	src/core	UNKNOWN	UNKNOWN	PENDING
002317	src/core/ChaosUltimateCRT.asm	.asm	11754	453	4709E1A658CB03FE02BDA0D73A3AD6F3EA3B1400B4070E73618374A1C171E6A1	src/core	UNKNOWN	UNKNOWN	PENDING
002318	src/core/checkpoint_manager.cpp	.cpp	21117	624	9826F9AC2C8DB6340FBF6553B3FAE208E01497BF4A111CEA24BF6A7519FE2C06	src/core	UNKNOWN	UNKNOWN	PENDING
002319	src/core/checkpoint_manager.hpp	.hpp	108	8	E59F62D7D0EC46BEE1163E31DCF31DDAB338AAE4999A703FB430B729923EECA1	src/core	UNKNOWN	UNKNOWN	PENDING
002320	src/core/checkpoint_replay.cpp	.cpp	1883	71	1CE4E4265C911E4124B3531527F63E8664F2D2A57BEC64393B86BD6C39B564D2	src/core	UNKNOWN	UNKNOWN	PENDING
002321	src/core/circular_beacon_system.cpp	.cpp	22344	549	9124601BCC28E44D9C67AAD8E07AFC0E17E2F740AC0E6D638333152BBBE6FCE4	src/core	UNKNOWN	UNKNOWN	PENDING
002322	src/core/cli_state.h	.h	1927	61	D37059668BC1E69264D7F837D6C8B75A6EA5ACD25EA6D84B5A65FF134E9E078A	src/core	UNKNOWN	UNKNOWN	PENDING
002323	src/core/CMakeLists.txt	.txt	2823	98	B42C6F8A08D774070E58120CBD0143849A870910D7FD8C4E63A3E4182F47EC3E	src/core	UNKNOWN	UNKNOWN	PENDING
002324	src/core/codebase_index.cpp	.cpp	15506	473	1615DC0F673D8A71D7A9556A415E2939A2F03D106C2C9876E875A5CE47A59AC8	src/core	UNKNOWN	UNKNOWN	PENDING
002325	src/core/codebase_indexer.cpp	.cpp	17019	434	CE9B9ACA781F64B54D4027131834549DB9BCE80856B4E44CD957854FC564B376	src/core	UNKNOWN	UNKNOWN	PENDING
002326	src/core/code_linter.cpp	.cpp	73311	1663	A8CE1531FFD1BB41F4E3DA018A0F55D63C0CA4202A8E57655AC8AFDA94592EE5	src/core	UNKNOWN	UNKNOWN	PENDING
002327	src/core/code_linter.hpp	.hpp	5942	193	A9F610DAB8D2A8176A8A3840A881D4C63C04E23B83BB7225E358D7F33C88C07D	src/core	UNKNOWN	UNKNOWN	PENDING
002328	src/core/CommandQueue.cpp	.cpp	6738	236	C994C7E54D51A83C96296A51B55AB6CCE8FD469FD1B8FA70F8D33DC8C115387E	src/core	UNKNOWN	UNKNOWN	PENDING
002329	src/core/CommandQueue.hpp	.hpp	3471	116	100695FC15F848457982A19671F8A780D1BFF8621DF06EB8CF3021EA42E5C2A3	src/core	UNKNOWN	UNKNOWN	PENDING
002330	src/core/CommandRouter.cpp	.cpp	4537	145	BC1243F5C4D5705F99FD625189E30BBC59B03BE83DC4F857F7C9054AEBFC84E1	src/core	UNKNOWN	UNKNOWN	PENDING
002331	src/core/CommandRouter.hpp	.hpp	3310	101	71BBCD8904ECB78DB08CF45DFA3AF45B691CD435933B851B3F2E759C943B3BF3	src/core	UNKNOWN	UNKNOWN	PENDING
002332	src/core/command_dispatcher.cpp	.cpp	930	27	8CE4CAE891AF1169B751E187D8299964383C33F722B394B2096756BCB91AC94E	src/core	UNKNOWN	UNKNOWN	PENDING
002333	src/core/command_handlers_asm.cpp	.cpp	912	34	2BE4CE5FE83728E9EEA0D43F82E226245E89AFA2FAD8F90CCA062AB76652644A	src/core	UNKNOWN	UNKNOWN	PENDING
002334	src/core/command_handlers_comprehensive.cpp	.cpp	54663	1441	48586384ABE168B57DD014CC9FE3E63676E2076D5DC6EACB8457641978B48BAC	src/core	UNKNOWN	UNKNOWN	PENDING
002335	src/core/command_handlers_hybrid.cpp	.cpp	1557	54	C3C49F25A9ECDF91AFDEA60493AF77EA73474F2F7A9D29348B7C70F0EA5E2DFA	src/core	UNKNOWN	UNKNOWN	PENDING
002336	src/core/command_handlers_lsp.cpp	.cpp	780	33	87CA306929663A0435DAD7D8B92B2A8018BA18A111155B28F98C43A137027911	src/core	UNKNOWN	UNKNOWN	PENDING
002337	src/core/command_id_validator.cpp	.cpp	10544	257	14AFF7CD07501AFCFFEB3EDA49B0181BE22F78B7547BCE2263E97456154094F4	src/core	UNKNOWN	UNKNOWN	PENDING
002338	src/core/command_ranges.hpp	.hpp	7263	221	19C89161DF9A8FF024155A189735AA68FB849874772CD36497248C16BF31BB74	src/core	UNKNOWN	UNKNOWN	PENDING
002339	src/core/command_registry.cpp	.cpp	13437	457	AEE5DA238BAC4DD589E06198781B6DA8A1DBEA790ED35D64AE3A984DA2734BD4	src/core	UNKNOWN	UNKNOWN	PENDING
002340	src/core/command_registry.h	.h	6126	164	DEE33D5F8AD377AE9F0C0BA6AAB5715E743265EDB97E8187492A082CEB6AE53F	src/core	UNKNOWN	UNKNOWN	PENDING
002341	src/core/command_registry.hpp	.hpp	118371	1074	2B25971C1BA4CD9B350A23F3174E42A4AD8A9B94ECE9142360DD34B9ED7EC5CB	src/core	UNKNOWN	UNKNOWN	PENDING
002342	src/core/command_table.inc	.inc	76127	557	FB6D39BFFD60A0F1A4BE36F0CA61E64CF54A44876EE07F9A501CD15877FE6063	src/core	UNKNOWN	UNKNOWN	PENDING
002343	src/core/confidence_gate.cpp	.cpp	27833	675	05510CBBC34F599C7E0B8373F60C079AFF82654AE5C54279A928B155E659FA9D	src/core	UNKNOWN	UNKNOWN	PENDING
002344	src/core/confidence_gate.h	.h	13685	339	A4A79733A0A840776393CA313A56C3A60BE72C3127714BEEC0D986F20AFE766F	src/core	UNKNOWN	UNKNOWN	PENDING
002345	src/core/Config.h	.h	8100	234	AD96F4056FFEB2CE8AFB2571506438A81E8BB5B656F60D959A7AF896D8F490E5	src/core	UNKNOWN	UNKNOWN	PENDING
002346	src/core/ConfigurationValidator.cpp	.cpp	3772	114	FE4C08F18C97E42A8AA59CBEFA72BDADACCA157ECDF2412D4B25882ECC92A7CE	src/core	UNKNOWN	UNKNOWN	PENDING
002347	src/core/ConfigurationValidator.h	.h	1603	50	799FAA31A5BD86C6094D1570DE315A0259CAA98F29D864F91A5CF64A3FC14705	src/core	UNKNOWN	UNKNOWN	PENDING
002348	src/core/config_manager.cpp	.cpp	25808	770	A543052644077F41D065FA14C85E399C9EC94D015A94DDEDB39C2401F0160994	src/core	UNKNOWN	UNKNOWN	PENDING
002349	src/core/config_manager.hpp	.hpp	7949	263	F3AD17A85C908F7B978324CC2BC0BFD36B85E622A1564E79D43C2750163065E8	src/core	UNKNOWN	UNKNOWN	PENDING
002350	src/core/ContextFusionEngine.cpp	.cpp	18721	446	9FED765043445A3DF3026480466EA0CCDE1A545B0A0B173A388F51F077741D28	src/core	UNKNOWN	UNKNOWN	PENDING
002351	src/core/ContextFusionEngine.h	.h	10201	267	C78EDC92DB25F969DEEF9FE6D6B3FA442C119492EFA8FCBBEBB77E6D88ED6590	src/core	UNKNOWN	UNKNOWN	PENDING
002352	src/core/ContextFusionWiring.cpp	.cpp	8432	178	6619B006239EF4C430712F3AC9587972D8BAD7E44F62EE6C2A5B4F0591DC91BF	src/core	UNKNOWN	UNKNOWN	PENDING
002353	src/core/ContextFusionWiring.h	.h	1564	42	A2A39C27D94D318EB3A5561546E946F3B7C142214D9A51538D415DA312727EC7	src/core	UNKNOWN	UNKNOWN	PENDING
002354	src/core/context_config.cpp	.cpp	14803	417	8902B693FDEF1B316C9FED5CBD7AA6B08514B13BCE36B8B47E550B9657F3B5F9	src/core	UNKNOWN	UNKNOWN	PENDING
002355	src/core/context_deterioration_hotpatch.cpp	.cpp	17123	472	C0D77D5949A973B430EC7755DCEF4A5CC1FC840D332885CA012EC2E41D099D6E	src/core	UNKNOWN	UNKNOWN	PENDING
002356	src/core/context_deterioration_hotpatch.hpp	.hpp	7039	142	14D50555D511DFD4844F117E994F7804AD54EAE7ED28F8E460FF6338D1FB9B1D	src/core	UNKNOWN	UNKNOWN	PENDING
002357	src/core/continuous_batch_scheduler.cpp	.cpp	10094	309	88D48CD6F7BB11290886CB47E21B3252A411A9C35DF28B2974304DCD53B75499	src/core	UNKNOWN	UNKNOWN	PENDING
002358	src/core/continuous_batch_scheduler.h	.h	7160	177	F974A6BF88DD418F843DCB15AA71827735273456A66CBB4B7EE3908EE0FF2A29	src/core	UNKNOWN	UNKNOWN	PENDING
002359	src/core/convergence_controller.cpp	.cpp	20318	523	CFA3829D6C67AF30311C688202C6ABA7AD940897BD6A3C7D187E66286DD7E620	src/core	UNKNOWN	UNKNOWN	PENDING
002360	src/core/convergence_controller.h	.h	13086	326	75534D7B33D1462703E71629392BF4332F1C052FFBB92A921C1212A68A430DA3	src/core	UNKNOWN	UNKNOWN	PENDING
002361	src/core/convergence_stress_harness.cpp	.cpp	41839	1166	72253EC855AC3DDC9AF9E5A62555283F19623516D12B43EBAB1D47883DDAFABF	src/core	UNKNOWN	UNKNOWN	PENDING
002362	src/core/core_init.cpp	.cpp	8841	305	797701AD741AE7A28FF4A03251CD72CC9FB1837D9F2E71353D4D95C2B2E7C856	src/core	UNKNOWN	UNKNOWN	PENDING
002363	src/core/cot_fallback_system.cpp	.cpp	21563	570	4EDC61442D9EA405BC3F6EEC340ECB762C28D8D8C526B9D79C339931D7C5AE9B	src/core	UNKNOWN	UNKNOWN	PENDING
002364	src/core/cot_fallback_system.hpp	.hpp	10734	263	6B6F5555E59CE8313828B24C41E9ED2B86494517F111DA29AC04D21994641152	src/core	UNKNOWN	UNKNOWN	PENDING
002365	src/core/cot_resilience_system.cpp	.cpp	185	3	CDC1BF235DEEBEF235D1A0A66912483DFCD622C4A11F9A8AC662C5E9147EA6E8	src/core	UNKNOWN	UNKNOWN	PENDING
002366	src/core/cot_system_production.cpp	.cpp	4633	187	FC5B0E9ED0AE67FDBCEF7CF4F74776E2D1975ED6BB8035DD027B3E8F2A69BA79	src/core	UNKNOWN	UNKNOWN	PENDING
002367	src/core/cpu_features.cpp	.cpp	1991	57	89FFACAC1CAA8DEA6976B5D22DC02B43C2C03E43226599CA5CB853F7B7AD80D8	src/core	UNKNOWN	UNKNOWN	PENDING
002368	src/core/cpu_features.hpp	.hpp	398	14	D3C5574160548AD033751C511E63529B6A6FD060DEE4971859902A0A2ADCF8A8	src/core	UNKNOWN	UNKNOWN	PENDING
002369	src/core/crash_containment.cpp	.cpp	20386	547	2BE7BF078BA17080E06C950B0B656D13A180059B4DC52A33D506A05AA05FDF3D	src/core	UNKNOWN	UNKNOWN	PENDING
002370	src/core/cross_run_tensor_cache.cpp	.cpp	21278	579	2704F9D1A4A61A13661E72B0FD4DF1A4FF881959171A1576DEFB9AE5935CDEC3	src/core	UNKNOWN	UNKNOWN	PENDING
002371	src/core/cross_run_tensor_cache.h	.h	11801	292	179EE0CEFF37F52A3BFCEBBA307865EF4DFC245DC126984449E8ECDEE6D59BD4	src/core	UNKNOWN	UNKNOWN	PENDING
002372	src/core/crypto_loader.cpp	.cpp	99	4	68119E3259C1383293A55CD87F60F2FF950AA3AA4F9AE2C340C87B47016BC557	src/core	UNKNOWN	UNKNOWN	PENDING
002373	src/core/crypto_loader.h	.h	3172	105	D7F7507BD94AA8B95F5AD467D90E71767ABE6F1C3DB44458BD86EBF25554A317	src/core	UNKNOWN	UNKNOWN	PENDING
002374	src/core/crypto_loader.hpp	.hpp	2316	81	DE8390A0B378CE8A75A47B4D2A3E71E309379C6079DC8AC559AA2711508FC0B0	src/core	UNKNOWN	UNKNOWN	PENDING
002375	src/core/crypto_stubs.cpp	.cpp	881	28	9BCA9ED8DF4201CD2DA7904F71363AF08C30DCDDD2B64F37F19208581834064F	src/core	UNKNOWN	UNKNOWN	PENDING
002376	src/core/cursor_github_parity_bridge.cpp	.cpp	2954	91	4A36649370AD33AF8F5499EDC5BD4918FCFB7ECC350A355D4170C17DCD6D4DFF	src/core	UNKNOWN	UNKNOWN	PENDING
002377	src/core/CustomSyntaxEditor.cpp	.cpp	31335	898	E2624E388A2818C885FC7D990562ED5A996BEECCD5FC9E16E95E65D908955190	src/core	UNKNOWN	UNKNOWN	PENDING
002378	src/core/CustomSyntaxEditor.h	.h	6499	232	E03F554C07B94FA23BAAFAD2499E45689E0539CB0C9986721D547070629C504E	src/core	UNKNOWN	UNKNOWN	PENDING
002379	src/core/debug_adapter.hpp	.hpp	16014	546	2E47A60A94012B330533475A7679CD23EC1A843B4D6EA72EB5877D3E9E40E4FD	src/core	UNKNOWN	UNKNOWN	PENDING
002380	src/core/debug_hotpatcher.hpp	.hpp	4304	116	0B391772903CA208784200A55297DDEC6C6ECFB10EB8D8F7AE6EF64A4E699D11	src/core	UNKNOWN	UNKNOWN	PENDING
002381	src/core/deterministic_replay.cpp	.cpp	28529	859	A5826CFEDF67365F48A1C2F21A1C2F94505A2F6F686E1BEA098315FBECA3C433	src/core	UNKNOWN	UNKNOWN	PENDING
002382	src/core/deterministic_replay.h	.h	14926	355	FD078CA686650E711C13DBECE482B54F27ABBA3D848243669F5EC72610ABF5A2	src/core	UNKNOWN	UNKNOWN	PENDING
002383	src/core/deterministic_scheduler.cpp	.cpp	15754	420	3D1AC454D1F051B7D78BC39F57090E5861BD925BF846AECC93CEBB1BACDB9C3E	src/core	UNKNOWN	UNKNOWN	PENDING
002384	src/core/deterministic_scheduler.hpp	.hpp	8525	230	C00792EBFD73D2A658B368605B5457CA0846323F28481EAA3BC26C8508A18FC5	src/core	UNKNOWN	UNKNOWN	PENDING
002385	src/core/deterministic_swarm.cpp	.cpp	13404	349	535FEA6B3A864CEC051B09050E5647DD2FEE22A3501E4600666DB4D0EC4BD646	src/core	UNKNOWN	UNKNOWN	PENDING
002386	src/core/deterministic_swarm.hpp	.hpp	10666	273	391E9F6EE3753A4C5EF5EDA7D6A340E5B4D24220D3C6A9BB1D73E96DA8C584A6	src/core	UNKNOWN	UNKNOWN	PENDING
002387	src/core/diff_engine.cpp	.cpp	13328	375	A61E42DCB382CD78420DD401234D95761EEC6F040BBE336AC7A6899D684FAFF8	src/core	UNKNOWN	UNKNOWN	PENDING
002388	src/core/diff_engine.h	.h	9217	198	00EA37F8C064D2069B5952919EB6A4A1570671CA924DFEB0C43CFD20D5A1F16C	src/core	UNKNOWN	UNKNOWN	PENDING
002389	src/core/Direct2D_HeatmapRenderer.cpp	.cpp	5203	134	C11D7C79BE768B4941851190E0ADEB054BD9E66FFD0B76970406FF69DAEA3257	src/core	UNKNOWN	UNKNOWN	PENDING
002390	src/core/Direct2D_HeatmapRenderer.hpp	.hpp	2936	103	26C150117868DB5DB92FE06B63B9CB40811949F38DEF3E1E53E607D0118872FC	src/core	UNKNOWN	UNKNOWN	PENDING
002391	src/core/directml_compute.cpp	.cpp	144028	3398	B33FDBC3D98EB7CCC16F4CF110F0388C9A65BB1EB842A429FE0083BBBF6A0451	src/core	UNKNOWN	UNKNOWN	PENDING
002392	src/core/directml_compute.h	.h	19461	457	5B12792174F696036F83B8E1AD7BD609956480C8FF7B2BCF9D2209C26A7AF659	src/core	UNKNOWN	UNKNOWN	PENDING
002393	src/core/DiskRecoveryAgent.cpp	.cpp	27434	775	AB5341143676EAB832B4331BA1A527D7B80A6484B586233B2EEC91CE184F4114	src/core	UNKNOWN	UNKNOWN	PENDING
002394	src/core/DiskRecoveryAgent.h	.h	5634	153	59F0FC3055CB61088ED6B613B4AFFE1755643DC8CC6341C8FBF07C5A0E48216F	src/core	UNKNOWN	UNKNOWN	PENDING
002395	src/core/dispatch_inline.h	.h	677	18	029F8E561179159FAC0F1F990D0D7115922D690ECFF74942C0EA63431F819842	src/core	UNKNOWN	UNKNOWN	PENDING
002396	src/core/DistributedInference.cpp	.cpp	24964	720	A94E1B939E6F01A855856BBFC536419710D0EBD3B66D626BCCAA5129FE334F7C	src/core	UNKNOWN	UNKNOWN	PENDING
002397	src/core/DistributedInference.h	.h	9697	241	232229EA3EA1454249BDC4EE1C4C5D6097CE2F685C81D1220553C83D28ADE3E5	src/core	UNKNOWN	UNKNOWN	PENDING
002398	src/core/distributed_pipeline_orchestrator.cpp	.cpp	29895	885	2D825BAD9A50493244243010E5767EA8D22D439ABD0A534F2F63CF4493F00405	src/core	UNKNOWN	UNKNOWN	PENDING
002399	src/core/distributed_pipeline_orchestrator.hpp	.hpp	16516	436	04071DA85DBB13EF2591467350AE5F6009E0E8A64A9EA9E8544A61593A5C7325	src/core	UNKNOWN	UNKNOWN	PENDING
002400	src/core/distributed_state_sync.cpp	.cpp	16479	503	65DBD4EA213A1C7CB4602BCD1F4DA876F3786646F9F80C7B66EEFFE6A35D4D17	src/core	UNKNOWN	UNKNOWN	PENDING
002401	src/core/distributed_state_sync.hpp	.hpp	8956	248	7DD13E30DEA574EA4396154910A095BBD82C4A2AA6B62C79B6BC8CEDCAC77F7F	src/core	UNKNOWN	UNKNOWN	PENDING
002402	src/core/dml_asm_fallback.cpp	.cpp	8113	208	27C3DC150E0CE957AC94B55E288FFC6593EC1C8084F61D2824D5BD2AEE570500	src/core	UNKNOWN	UNKNOWN	PENDING
002403	src/core/dml_asm_impl.cpp	.cpp	8248	212	212E16E2A07695CF4E028F6FDABDF1BE1E6CDE8F4C5CDB3FFF915347FF645B44	src/core	UNKNOWN	UNKNOWN	PENDING
002404	src/core/dml_asm_runtime.cpp	.cpp	163	3	0B48C53B1769EE1A13310309724F278DEB9D33030633F8E895C3C8844D4A285C	src/core	UNKNOWN	UNKNOWN	PENDING
002405	src/core/dml_streaming_integration.cpp	.cpp	20329	551	0D494B3EC8784A813556DF696DCFA980BC53657DC98F7196BBC1D2DA39087C97	src/core	UNKNOWN	UNKNOWN	PENDING
002406	src/core/dml_streaming_integration.h	.h	6305	160	A7F82373B9EBD2C47653F83CADBADD8AA355C8D2F7996205862BCA86FDD852A6	src/core	UNKNOWN	UNKNOWN	PENDING
002407	src/core/draft_distillation_trainer.hpp	.hpp	22830	562	6882B1F0894C572B3EB73E6A0BCE48002976E1C684A3775CEE2046CF7DAB0322	src/core	UNKNOWN	UNKNOWN	PENDING
002408	src/core/driver_enclave_manager.cpp	.cpp	1996	55	F284E83A901704BC77CC800471A748FC27A923528D7428384CF79757CE90CC57	src/core	UNKNOWN	UNKNOWN	PENDING
002409	src/core/dual_agent_session.hpp	.hpp	9706	206	9F5EB4B804290535F28D19DC9FC543C0000729A6C30C434740E850074FB7B4D3	src/core	UNKNOWN	UNKNOWN	PENDING
002410	src/core/dual_engine_system.cpp	.cpp	36498	945	5B80218C6B621BBE0C12BE5E41C244912685B6247F7DE82F4ACF0DF6FBC0CADD	src/core	UNKNOWN	UNKNOWN	PENDING
002411	src/core/dual_engine_system.h	.h	6367	167	D3AC6D2F988446DB25C6566401AE902AF5314602CF805EBD1AB14D1AA6AFA723	src/core	UNKNOWN	UNKNOWN	PENDING
002412	src/core/dual_gpu_inference_integration.cpp	.cpp	11597	365	8E3FED907B4E790D5657768BA23F37C12FCF2F363D8E57F1DEC1EAF0FEC6BBA4	src/core	UNKNOWN	UNKNOWN	PENDING
002413	src/core/dual_gpu_inference_integration.hpp	.hpp	2777	105	24EBDDCAECD60E6C093F02F07459B498144CDE40517D6E6C51611C633E1C41A4	src/core	UNKNOWN	UNKNOWN	PENDING
002414	src/core/dual_gpu_load_balancer.cpp	.cpp	16030	421	4DF84DBA19C592B78C0525C85910FE8668B44C266D42BAC7C38FD6D850647FE7	src/core	UNKNOWN	UNKNOWN	PENDING
002415	src/core/dual_gpu_orchestrator.cpp	.cpp	26293	770	47796DDF02D0D8C4216DADC368C8487320736DC413309CE59244F5F03B57672E	src/core	UNKNOWN	UNKNOWN	PENDING
002416	src/core/dual_gpu_orchestrator.hpp	.hpp	4144	151	B5C2E9DF8A32A022BC6E9268EEFDAFD357C100EDFC5ED5BDE4A08F3386F52B46	src/core	UNKNOWN	UNKNOWN	PENDING
002417	src/core/dynamic_prompt_engine.hpp	.hpp	10196	280	5F89530314E5809D1D5AB33BC5D61EA68E9C11D40859D076AB82A6F7C1264EB3	src/core	UNKNOWN	UNKNOWN	PENDING
002418	src/core/dynamic_prompt_engine_glue.cpp	.cpp	3276	90	672B57CCE52A1DA44B5919068AC4FB729AD423726CBA49D1262BC1F4F63F6C8D	src/core	UNKNOWN	UNKNOWN	PENDING
002419	src/core/EditorEngineFactory.cpp	.cpp	16102	432	C53204A6507421AAF367277728159187DFA2B00DE1793AD275C24A7E21BF3530	src/core	UNKNOWN	UNKNOWN	PENDING
002420	src/core/embedding_compute.cpp	.cpp	12077	389	E9CF9681B180B098A40B2DFCFCE42B1E4A65663F3E7170F5CA0452FFB07175E8	src/core	UNKNOWN	UNKNOWN	PENDING
002421	src/core/embedding_engine.cpp	.cpp	38851	1148	43144C076B792C54D7A6F846B32DD71E9B2EFFD9BFEA669BE4CC25BB47FA8137	src/core	UNKNOWN	UNKNOWN	PENDING
002422	src/core/embedding_engine.hpp	.hpp	12565	336	B5A90FFB6BC589FDE5BFCF1B5F66D525A9B329AC0A33F1F05D6D79F32026FF7D	src/core	UNKNOWN	UNKNOWN	PENDING
002423	src/core/EngineTaskPayload.h	.h	1749	42	CD2E6EEC5421DBBCF3FD932ADBB42905B4FF44B1D5E57D2356E4269F0B540B32	src/core	UNKNOWN	UNKNOWN	PENDING
002424	src/core/engine_registry.cpp	.cpp	963	23	01EE02830C75B96670E7793C321572FF2DA2D6074CB36B234D18B81F058CC3D9	src/core	UNKNOWN	UNKNOWN	PENDING
002425	src/core/engine_revolver.cpp	.cpp	1576	65	9F87C8245B14DF2D70C96A2F9AAF05A5F0D65181AC1138DD620609A62FB96C6E	src/core	UNKNOWN	UNKNOWN	PENDING
002426	src/core/enterprise_camellia_nonmsvc.cpp	.cpp	15346	478	277116FEA6AD2BC9087F8025E4DB1C169BD52F2D3C012D32D26D2CA401B6F050	src/core	UNKNOWN	UNKNOWN	PENDING
002427	src/core/enterprise_devunlock_bridge.cpp	.cpp	5592	157	7A78104193C6A25BFF684453AAA406F631C28B4D9AF3F4571F4A26AE6413D6BF	src/core	UNKNOWN	UNKNOWN	PENDING
002428	src/core/enterprise_feature_manager.cpp	.cpp	33222	685	FFFEE385CC5C98CFE6841D913ED10F5BBC4C0394E88808CD7E1D3CB2F634EB7F	src/core	UNKNOWN	UNKNOWN	PENDING
002429	src/core/enterprise_license.cpp	.cpp	28858	898	2F8C98856E80A3B84AC8BC5FF2B6A10BEEC1E8D18779F5354E3D19E7DB2DAF3D	src/core	UNKNOWN	UNKNOWN	PENDING
002430	src/core/enterprise_license.h	.h	16609	396	A7BF093F34D40A2C8643F8873976A8284C31F4E08BEE224FDE03517F32BB59D7	src/core	UNKNOWN	UNKNOWN	PENDING
002431	src/core/enterprise_licensev2_impl.cpp	.cpp	20750	547	AFA86CD0B04DB18B7A37C21452AF3FAEC5D290A21AADDCF3D0EAA6AFB5323FE4	src/core	UNKNOWN	UNKNOWN	PENDING
002432	src/core/enterprise_license_manifest.cpp	.cpp	8078	103	3E78EE0E71C4A92C51C579B1AE284939CCA654CE13D7192B086D76324B076136	src/core	UNKNOWN	UNKNOWN	PENDING
002433	src/core/enterprise_license_panel.cpp	.cpp	13245	304	891F1F7CE25B2D103C607633112BA386A5FC72A8EF717A13D1A457B1811D4BE5	src/core	UNKNOWN	UNKNOWN	PENDING
002434	src/core/enterprise_license_v2.cpp	.cpp	34772	853	B0C76B4250BC43DBB63A1601AA78BDC2E5753A4A816D2B2A8CF2446A2D82A249	src/core	UNKNOWN	UNKNOWN	PENDING
002435	src/core/enterprise_stress_tests.cpp	.cpp	32785	881	2C189F503142EAD1BAB44772EFEC243E8B28F090D85FA1B9983CC552A4169E1D	src/core	UNKNOWN	UNKNOWN	PENDING
002436	src/core/enterprise_telemetry_compliance.cpp	.cpp	34201	952	130C452A794080DFCE8EF6520E5133A2D2217917BECA57717764979E4557BB1F	src/core	UNKNOWN	UNKNOWN	PENDING
002437	src/core/enterprise_telemetry_compliance.hpp	.hpp	15397	414	3A0138283958DD88A268C25C62D834EEC04456CEC38D2A38329FE2775941BA4A	src/core	UNKNOWN	UNKNOWN	PENDING
002438	src/core/ErrorHandling.h	.h	8152	265	B361283D5E0AAB5C03C1031193E5E1012093E1021FFAFCB2081E647B18EECCB7	src/core	UNKNOWN	UNKNOWN	PENDING
002439	src/core/error_codes.cpp	.cpp	8018	261	CF3C691E8E7AE045489419F58BFD79FB46C8343B59F592282DEA3F1CB87C3752	src/core	UNKNOWN	UNKNOWN	PENDING
002440	src/core/event_bus.cpp	.cpp	8131	308	4922C4D5BCB91F388B604579FAA66CC1A3B9791484FE99E5946D55264D7CFA45	src/core	UNKNOWN	UNKNOWN	PENDING
002441	src/core/event_bus.h	.h	7113	281	4F05E574D5BBB0939D7BB299975FC273A66FF77A8B7E7D30D01B38CE274154F3	src/core	UNKNOWN	UNKNOWN	PENDING
002442	src/core/example_usage.cpp	.cpp	7741	221	048370432DB36C9E222A7B2D19839FDAF392EC08D11E9D8B6D4371CC24E4D1FC	src/core	UNKNOWN	UNKNOWN	PENDING
002443	src/core/ExecutionJournal.cpp	.cpp	18069	520	A68C76B57A08E38E1AF51850E47F69620977CEC39B5DB58CAEB999EFADE62965	src/core	UNKNOWN	UNKNOWN	PENDING
002444	src/core/ExecutionJournal.h	.h	10819	303	76E28F618C7C481C91B4760DABD72E48F0ACD1B09BD048B4CAC737413AC7D6F9	src/core	UNKNOWN	UNKNOWN	PENDING
002445	src/core/execution_governor.cpp	.cpp	29224	797	9B6484A8A0BA38B26AC1C36FBDADED44B8865307E2BA60201D62D13FBFBF658E	src/core	UNKNOWN	UNKNOWN	PENDING
002446	src/core/execution_governor.h	.h	13202	336	18539158585F768B977D478FCE1F56849A7B10C6F498C32B6D00FF855897C658	src/core	UNKNOWN	UNKNOWN	PENDING
002447	src/core/execution_scheduler.cpp	.cpp	35664	967	7CAC1A219C5CF6F71F352A9AF67E7FED66A23CA2F27872065EAA961529DB81E3	src/core	UNKNOWN	UNKNOWN	PENDING
002448	src/core/execution_scheduler.h	.h	13691	345	5ED22C11920F1E9C5765363071ECF8500AFC68A6CE85CFDD10E0A1EBB2119CE0	src/core	UNKNOWN	UNKNOWN	PENDING
002449	src/core/execution_scheduler_integration.cpp	.cpp	14202	358	0C3FE1F419D92D57EBAF1407CB08B457383888D337F9B956660EA1C7E5BC7C59	src/core	UNKNOWN	UNKNOWN	PENDING
002450	src/core/execution_scheduler_integration.hpp	.hpp	5630	152	A91961B59F6B6F728304EBBFBB81F282C08F74485E1035CFEDD165803C0575C7	src/core	UNKNOWN	UNKNOWN	PENDING
002451	src/core/extension_host_production.cpp	.cpp	1859	82	EA14D43D63A4B2FE1505DB1858944C72519DC5BFF0192E4CBE7303812F838AE5	src/core	UNKNOWN	UNKNOWN	PENDING
002452	src/core/extension_polyfill_engine.cpp	.cpp	67551	1870	7F51706AB0F723A55A40DFAA699326480F9638F2658DF5A636026D6CCB088543	src/core	UNKNOWN	UNKNOWN	PENDING
002453	src/core/FailureModeFirewall.cpp	.cpp	12188	383	2C2A973E74EFF49485B54474B8F6B5FC8E22B2C20141DBB45DA3942A9EF6765B	src/core	UNKNOWN	UNKNOWN	PENDING
002454	src/core/FaultManager.cpp	.cpp	17711	459	23E1EEF7797517E7F078F39CE3E4B80983A2D4B6609F76B802B8DEC7AAEE8DBD	src/core	UNKNOWN	UNKNOWN	PENDING
002455	src/core/FaultManager.hpp	.hpp	6571	263	81DBEE1BF997F0E63E57407179ED87C1A4AF980239185557220C360DFA651E68	src/core	UNKNOWN	UNKNOWN	PENDING
002456	src/core/feature_handlers.cpp	.cpp	157198	3630	C6277340044F56BD256F215534EBC146BA1DF32A246A495B486295AC5349C3FE	src/core	UNKNOWN	UNKNOWN	PENDING
002457	src/core/feature_handlers.h	.h	27559	506	6F9D2DF5175B05118E69F0DEF0DCDC07B9430928F50B9E11A6ABD915961ECADD	src/core	UNKNOWN	UNKNOWN	PENDING
002458	src/core/feature_handlers_model_load.cpp	.cpp	1922	49	9D0E6ECC524EA177EB1F384A24DDF84C30D4481B336BB454724EC4CEF4D9CB42	src/core	UNKNOWN	UNKNOWN	PENDING
002459	src/core/feature_reconciliation.cpp	.cpp	11533	309	C5231650DA26A5BBC1A90FDA4F9F3C90CEB785D20DC54E5E150F3A07CCAF0AFB	src/core	UNKNOWN	UNKNOWN	PENDING
002460	src/core/feature_registration.cpp	.cpp	2414	62	90AA7FD5396B88AD50D8C186E02E338D2B5E4692DDEA08EEFF3436427D48322F	src/core	UNKNOWN	UNKNOWN	PENDING
002461	src/core/feature_registry.cpp	.cpp	19704	500	A1A6E7DE3183B342E1ED9A1C3D4E787A8F178F793528E5156A0F0CD79DED2E4F	src/core	UNKNOWN	UNKNOWN	PENDING
002462	src/core/file_io.cpp	.cpp	9755	314	B9610D5B5B7527EBF15943E352DC376E91E3D3C5BCCD62BAEC07AFBEB451DD5E	src/core	UNKNOWN	UNKNOWN	PENDING
002463	src/core/file_system.hpp	.hpp	27792	836	414CEBB4E8B4FE23C7DFF16A0BABD89BE74A1F3CAC71B76DA5AD3BFF48A1DB88	src/core	UNKNOWN	UNKNOWN	PENDING
002464	src/core/file_watcher.cpp	.cpp	3640	76	BE3B0AE1660608D23A9F8792BF479DAC1A7707F2B4D2A9D8444BFA20741B16FC	src/core	UNKNOWN	UNKNOWN	PENDING
002465	src/core/file_watcher.h	.h	1839	60	80E6FCD0396C575E9847E8EF18A722A11A50721A6E48AFFF881128789BE9736D	src/core	UNKNOWN	UNKNOWN	PENDING
002466	src/core/FinalUltimate.asm	.asm	6571	278	22539D8D6A9247080088ABACC493C0CCA0F5263EE7E69B3A7365C626C8C10A47	src/core	UNKNOWN	UNKNOWN	PENDING
002467	src/core/final_gauntlet.cpp	.cpp	27930	736	C1AD749C97FB13D708C99806D747F1AE54EEE65B4137CA2A64E1A741E73EA239	src/core	UNKNOWN	UNKNOWN	PENDING
002468	src/core/flash_attention.cpp	.cpp	7843	178	2E307CBB94E9BF4E5B5863DD58E459A5F7953378811F2CB39E3DE2344B0C193D	src/core	UNKNOWN	UNKNOWN	PENDING
002469	src/core/flash_attention.h	.h	7257	179	A1D903B719BF3D7639DCA2F2AED6FB9120074DE638904D9B742BA5F657D12C27	src/core	UNKNOWN	UNKNOWN	PENDING
002470	src/core/flash_attention_bridge.cpp	.cpp	6732	214	8F8B4D827C833FE6BD356F33968230C1E71C5F41D816F842C2A88A74E217AB71	src/core	UNKNOWN	UNKNOWN	PENDING
002471	src/core/flash_attention_bridge.h	.h	3631	94	C1E64C5EC9F3399B5C1CA5674C34BDB8F864F43C8B0E433100FCAB9193D4305D	src/core	UNKNOWN	UNKNOWN	PENDING
002472	src/core/fp8_quantization.cpp	.cpp	22306	572	C001F759933ED043318B2838140E22FAB6127B5D7F86BAE91C19B682F2B49E61	src/core	UNKNOWN	UNKNOWN	PENDING
002473	src/core/fp8_quantization.h	.h	18348	500	981EBDFC3FB2CE0B3B6929792AF564B98B708FE2977406233C50FBA093E057C8	src/core	UNKNOWN	UNKNOWN	PENDING
002474	src/core/FullUltimate.asm	.asm	7173	304	18104D26B68062C7526B65628075B2D049876F0A20B3119E915FA45AF58C51CB	src/core	UNKNOWN	UNKNOWN	PENDING
002475	src/core/GGUFQuantizationDetector.cpp	.cpp	26885	742	086CEB66E8EA2B6A44759377C2D566434DA60797017963CC0E4798E01CD90A0E	src/core	UNKNOWN	UNKNOWN	PENDING
002476	src/core/GGUFQuantizationDetector.h	.h	7788	220	D0D5791D4EE4808AC115746C41ED5616CF4BE86CA1426E61B78A78A06DD88780	src/core	UNKNOWN	UNKNOWN	PENDING
002477	src/core/GGUFShardRouter_tree.hpp	.hpp	39258	888	64D09B91D6DC045CB067A64B983546233F86731DBF9987EDF96982554F326E83	src/core	UNKNOWN	UNKNOWN	PENDING
002478	src/core/gguf_d3d12_bridge_stub.cpp	.cpp	2763	82	D5E0E0DB701A1A3E9A7B92DD9142D3B06A5C0650A50CD7B5AD042496FEDF4A32	src/core	UNKNOWN	UNKNOWN	PENDING
002479	src/core/gguf_d3d12_bridge_stub.h	.h	1354	40	67C9D157AE43FFA8EEDB59D96CA29005BD8188830A679A534BA2FA0D1674C3FE	src/core	UNKNOWN	UNKNOWN	PENDING
002480	src/core/gguf_dml_bridge.cpp	.cpp	82537	2001	9F3E41BF9CB59E43B06C31D7218A199414FB4D51DB3DA96BC18276A1A9275652	src/core	UNKNOWN	UNKNOWN	PENDING
002481	src/core/gguf_dml_bridge.h	.h	16673	366	95FD5C19AF08E1F3FC6EDB4BE243C871DC5BA10A8546B758D75CB497E8C07CA4	src/core	UNKNOWN	UNKNOWN	PENDING
002482	src/core/GGUF_Dump.asm	.asm	3079	137	E6125B267579BF124E69537C8E99FC4245CE3FF488822065D93A39A5D82BF660	src/core	UNKNOWN	UNKNOWN	PENDING
002483	src/core/GGUF_DumpCRT.asm	.asm	1252	64	04E1A761B41BB72AB43D72DA7E7ED6D1102BC87873D0CE953EDE564B06A0800D	src/core	UNKNOWN	UNKNOWN	PENDING
002484	src/core/GGUF_DumpPure.asm	.asm	3463	144	3E438701DBAF79A4F2E610DD0A84B9EA06140A365954AA12EE4FF0BB6A10179A	src/core	UNKNOWN	UNKNOWN	PENDING
002485	src/core/GGUF_DumpReal.asm	.asm	1438	70	FACA140465FF13835B7B3A9E243E9E1D2F7CEED20346A330ACEBD17E8A36054D	src/core	UNKNOWN	UNKNOWN	PENDING
002486	src/core/GGUF_DumpSafe.asm	.asm	1901	79	CC11C27E0093A095F123B28E9FBA7B9CC46619F0F4E35AE220B7778CFDAE84A6	src/core	UNKNOWN	UNKNOWN	PENDING
002487	src/core/GGUF_DumpSilent.asm	.asm	1280	61	E76A877313D86F22EA7D9F1EEC3961F7B0D3B84F14A66C5E390346C25C133B75	src/core	UNKNOWN	UNKNOWN	PENDING
002488	src/core/GGUF_DumpSimple.asm	.asm	1248	61	751B2DC852CB7DE79A4C22E34ABE77661927F9C58297AC402C5944966188E08B	src/core	UNKNOWN	UNKNOWN	PENDING
002489	src/core/gguf_format.h	.h	7275	225	3B7D432C47E4F8E44E81CA75F7659142924E1FB6C62D677085DC156FA3046208	src/core	UNKNOWN	UNKNOWN	PENDING
002490	src/core/gguf_loader.asm	.asm	10741	379	2833F248F83E476E76BE964602654C30CD7531D44D06E104564C72F3354B95B0	src/core	UNKNOWN	UNKNOWN	PENDING
002491	src/core/gguf_loader.h	.h	14740	348	0653449BE28847387DA6CDCE44355FF16CB230D9A62CA7450CA0F2E2D7268C98	src/core	UNKNOWN	UNKNOWN	PENDING
002492	src/core/gguf_loader_production.cpp	.cpp	26819	809	95022BAB2CF8F9175B702C2EA297CFF895736517A6B6976A55DE45E1E230CB91	src/core	UNKNOWN	UNKNOWN	PENDING
002493	src/core/gguf_runner_stub.cpp	.cpp	1372	51	4EE39A165B2A9C6EAE7FA4821F4706E3C84000FE6E9D70C29CD9667C2EC0FDE1	src/core	UNKNOWN	UNKNOWN	PENDING
002494	src/core/gguf_swarm_plan_builder.cpp	.cpp	10796	307	4C6A98091C8A73C421ED043E3402F277F14E996BC2439290E8811B6A53ADDD84	src/core	UNKNOWN	UNKNOWN	PENDING
002495	src/core/gguf_swarm_plan_builder.hpp	.hpp	1382	28	7421FD72BE0223C3A88DECFE2EE066B9CB5FCC5EB47F7ADD26E73A091B110D7F	src/core	UNKNOWN	UNKNOWN	PENDING
002496	src/core/gguf_tensor_parallel_loader.cpp	.cpp	14898	412	D1ED6CCA37A6C3E983A3F3AD8BD5CCFF082C975672E87FD3F925F1FC7BA9B2DC	src/core	UNKNOWN	UNKNOWN	PENDING
002497	src/core/gguf_tensor_parallel_loader.h	.h	7094	172	8FEFAF2A02BA08DD4497E7C03F0A724DB92EB56AF593D4EA4AA041A4668A4072	src/core	UNKNOWN	UNKNOWN	PENDING
002498	src/core/ghost_pipeline_probe.cpp	.cpp	542	23	0C00718C3FF275F7F48B38190E9787CE0861EE0AECAE38C6EEEABEBE8836883E	src/core	UNKNOWN	UNKNOWN	PENDING
002499	src/core/GoldenInference.asm	.asm	4708	184	E4C49C0D53524E7A4344404FAB0ABC276F1FEEA2A0D7C861078C1C853A38B8B8	src/core	UNKNOWN	UNKNOWN	PENDING
002500	src/core/GoldMaster.asm	.asm	7154	295	DA95C2D2C58469A4635C455A741B53508F2C7A0594474EF19C0DD51B899CDDE3	src/core	UNKNOWN	UNKNOWN	PENDING
002501	src/core/gold_beacon_handlers.cpp	.cpp	2996	86	65A4E23FD1714DB5211805350833CA70D9983EDFBB0F4C384792AC469647F821	src/core	UNKNOWN	UNKNOWN	PENDING
002502	src/core/gold_command_providers.cpp	.cpp	10490	266	99A59A7AACBB7F1CFF1F955120498D66B1F87D464CCA47D21F8E2474A9425FC6	src/core	UNKNOWN	UNKNOWN	PENDING
002503	src/core/gold_enterprise_devunlock_impl.cpp	.cpp	237	8	5FC8584332C798665177B01A7EC5135B93FB7CBEC1BAF65B37F0A5385814CA98	src/core	UNKNOWN	UNKNOWN	PENDING
002504	src/core/gold_enterprise_devunlock_production.cpp	.cpp	2169	97	DAEE17961AED3DB9BFBFC8430F03839AC72EAF0CBDAADF8B81D926D214EB925F	src/core	UNKNOWN	UNKNOWN	PENDING
002505	src/core/gold_inference_profiler_minimal.cpp	.cpp	554	22	6BD80F0BA7C0011B73AA18B2D37E3A4731053827679480632212B76F74CD3BCA	src/core	UNKNOWN	UNKNOWN	PENDING
002506	src/core/gold_link_closure.cpp	.cpp	43874	1202	5912B08AE25C61F0C43ED6C65166514AC45DA680E55E04545BDCC3DDDBBA9791	src/core	UNKNOWN	UNKNOWN	PENDING
002507	src/core/gold_link_closure_v2.cpp	.cpp	13856	377	352A70C84AAD3EAFEDB85C6614B659AE38DE206B4144DCBFE65559890A69D325	src/core	UNKNOWN	UNKNOWN	PENDING
002508	src/core/gold_sentinel_hash_production.cpp	.cpp	2136	93	648D1A2FFBD4E455FA61906ACD93DA6683E1369FDA5D6440542FCBE32EF184D2	src/core	UNKNOWN	UNKNOWN	PENDING
002509	src/core/governor_throttling.cpp	.cpp	3979	133	5A86F1E421E0055ED4702E06A70696E73A349E8C940A644789B6BCC0B4A0FAFF	src/core	UNKNOWN	UNKNOWN	PENDING
002510	src/core/governor_throttling.h	.h	1306	58	AEB17556C8ACF3AAD3231A20AE0AA2EC6F028DB9CA438F0CC425EB60A28A38A0	src/core	UNKNOWN	UNKNOWN	PENDING
002511	src/core/GpuDecodeEfficiency.cpp	.cpp	8317	222	ED03C94169AFBC95178E77F73CCAC74D948DF10D1B001B441F0142ED29E3306A	src/core	UNKNOWN	UNKNOWN	PENDING
002512	src/core/GpuDecodeEfficiency.hpp	.hpp	2744	81	EC165273A5344740655B7AFAED90BD68F182D6C8776690934974835E4DAB4C55	src/core	UNKNOWN	UNKNOWN	PENDING
002513	src/core/gpu_backend_bridge.cpp	.cpp	51374	1260	E3CD800BAF60BDE63A6F50EE882FF8DC7D2DFBB01D5FA001F188C5F9E0309834	src/core	UNKNOWN	UNKNOWN	PENDING
002514	src/core/gpu_backend_bridge.h	.h	9206	218	BB17D89E5F000D15AD44924DFF5D9C431DE38B395CB8E2796D17C74FB3A9F6FF	src/core	UNKNOWN	UNKNOWN	PENDING
002515	src/core/gpu_kernel_autotuner.cpp	.cpp	40872	1044	B26C3D60DBB7E335B6DA4E94D22AA216CBE51A38C389C8B0D7DCAD1EBF312033	src/core	UNKNOWN	UNKNOWN	PENDING
002516	src/core/gpu_kernel_autotuner.h	.h	11577	312	AA1B0154FA6A25CAFDFB02E7366C2CBF579CBB650FEE4688CA3363AFE6A2532A	src/core	UNKNOWN	UNKNOWN	PENDING
002517	src/core/gpu_warming_engine.cpp	.cpp	19886	568	2F36F0312F15071199928B53E5DF37FC4D560CD9A5E404D441283A5F2D22A93B	src/core	UNKNOWN	UNKNOWN	PENDING
002518	src/core/gpu_warming_engine.h	.h	7047	190	6F748EE47D5060F971B2FA238752272D5D6048DBF1E4FDC3519D6D8840825762	src/core	UNKNOWN	UNKNOWN	PENDING
002519	src/core/gpu_warmup.cpp	.cpp	12660	325	9D5C2BAAC130B37951E5A7BC53E8DB4C4B8D37DC4D452BBE5F7D34B6D9224C70	src/core	UNKNOWN	UNKNOWN	PENDING
002520	src/core/gpu_warmup.hpp	.hpp	4215	105	3686A00CA3AE645BE5EA84142FE811C8E6F9E09EFB8B70202E1BFF8774B217D7	src/core	UNKNOWN	UNKNOWN	PENDING
002521	src/core/HardwareScout.cpp	.cpp	2756	78	CCD0DDAE0B1AB01F5967E8E9F17DF55C6701499467B4C5C3E74A3C21F2C88DD1	src/core	UNKNOWN	UNKNOWN	PENDING
002522	src/core/HardwareScout.h	.h	977	36	736516FB7B9C6A81AB6F9BCF672304C6F18268547230345F55605DA6E857A6FA	src/core	UNKNOWN	UNKNOWN	PENDING
002523	src/core/hardware_synthesizer.cpp	.cpp	17191	408	948B2529A6888DED7E906603A542583BFA396D40827FB13DE9701EA05685458E	src/core	UNKNOWN	UNKNOWN	PENDING
002524	src/core/hardware_synthesizer.hpp	.hpp	9616	238	CF6C5A80A3D8C445D6F0E9E9DC80E2F9718663BABD21877EA978FC1E303A5B6F	src/core	UNKNOWN	UNKNOWN	PENDING
002525	src/core/hash_chain.cpp	.cpp	43336	1244	3EC0B336324D12B9DCDC4478B9481582A3C2629C1825594D3A5E4F10291C1D86	src/core	UNKNOWN	UNKNOWN	PENDING
002526	src/core/hash_chain.hpp	.hpp	22482	640	0DECDAE53AF34267E38FB3E9390716E4EA127173016732889F2AFEC1F2BD2CE2	src/core	UNKNOWN	UNKNOWN	PENDING
002527	src/core/hash_check.cpp	.cpp	875	22	B614B8D196FAE022DA90CBB08909AE10AB6207A81CFEAB2D387B073BEDD7D00D	src/core	UNKNOWN	UNKNOWN	PENDING
002528	src/core/hash_kernel.asm	.asm	10476	470	5015D7DC6800E294690CB450F8FDFEB62CD628B199BBFC265F1A7668C0B4BB51	src/core	UNKNOWN	UNKNOWN	PENDING
002529	src/core/hash_kernel_simple.asm	.asm	5066	228	DF7B64A27534E3BE3A5ADD6608336CFC78893C1B1257262905FAE891E4FAF3F5	src/core	UNKNOWN	UNKNOWN	PENDING
002530	src/core/HeadlessIDEInterface.cpp	.cpp	17359	549	F9689B91B7AD08150E65B354F4BA11EE0A8193E5B68BE2252F122E7E6B13652D	src/core	UNKNOWN	UNKNOWN	PENDING
002531	src/core/HeadlessIDEInterface.hpp	.hpp	3725	90	C76E168BD45774D6F82B9820E14841BE1E0D6C1ADE761714C220D4076C6D19AA	src/core	UNKNOWN	UNKNOWN	PENDING
002532	src/core/headless_subsystem_impl.cpp	.cpp	4223	165	0CEB82DA5FCEC5D02F86BDCE9D6785EA891AE1D4E6E722C647F14802A1E73DE5	src/core	UNKNOWN	UNKNOWN	PENDING
002533	src/core/headless_subsystem_production.cpp	.cpp	2091	90	FDD459E42D15B10E5039EDDDB3E295E90EF1D0DEA4937E77D8D7DC42ECA67744	src/core	UNKNOWN	UNKNOWN	PENDING
002534	src/core/hermes_bridge.cpp	.cpp	1900	60	7DB8DE7B742D56275F8E8832DCB706EA8284259A0A43107AF2E49B857D62DF61	src/core	UNKNOWN	UNKNOWN	PENDING
002535	src/core/HexMagResidencyAuthority.cpp	.cpp	4852	144	4D52B3228A4C6F687EF066942F467541449D62071325059CFDC71B808D371C31	src/core	UNKNOWN	UNKNOWN	PENDING
002536	src/core/HexMagResidencyAuthority.hpp	.hpp	2146	69	9F3A37F8710A69904D8A79D3036C67C6755271FEEAF742B864DBA1FD31226F64	src/core	UNKNOWN	UNKNOWN	PENDING
002537	src/core/hexmag_authority.hpp	.hpp	8180	246	9D33783A727F0E4F598BF58BB86229A51740F7FE85B43B1E352592ECB9DDFC31	src/core	UNKNOWN	UNKNOWN	PENDING
002538	src/core/hexmag_constitution.hpp	.hpp	6482	169	3A0C98A890E675E2BAF5B688EB9E65215447CB7975070879520F6CA403260BDB	src/core	UNKNOWN	UNKNOWN	PENDING
002539	src/core/hexmag_control_plane.cpp	.cpp	13483	432	BA34DE54F6888C7FA633802D038602A6D4BBE53B767B760D4B1CF1A306D7135A	src/core	UNKNOWN	UNKNOWN	PENDING
002540	src/core/hexmag_control_plane.hpp	.hpp	2409	77	B0ADED5F9E54C073AC043AD14D4504967E633EEF85982EF30137BBFE05F73DB5	src/core	UNKNOWN	UNKNOWN	PENDING
002541	src/core/hexmag_finalize_policy.hpp	.hpp	2358	63	DA2B9DF1458E1097EAE3C90B906CAB3B2BA136F298E568577C8A1C3021A82E23	src/core	UNKNOWN	UNKNOWN	PENDING
002542	src/core/hexmag_ide_link_probe.cpp	.cpp	2003	75	3125AF7F85B2BA7BF5FBF8880A527DCA11B3C9C4C3B72161C8B8D944FB0DF927	src/core	UNKNOWN	UNKNOWN	PENDING
002543	src/core/hexmag_ide_link_probe.hpp	.hpp	318	12	75A61B3DF612B5939062B972679091EA4A675DF4A29F42197E250CF445B00BDE	src/core	UNKNOWN	UNKNOWN	PENDING
002544	src/core/hexmag_ide_send_path.hpp	.hpp	2190	65	19FB604C182F0F2FB9FF791AD7159C5310E8BE6B29798B02C65AC6204917A578	src/core	UNKNOWN	UNKNOWN	PENDING
002545	src/core/hexmag_oracle_binder.cpp	.cpp	14324	395	16CF722BD9DA76E4306E7BA01053C87089194A71087C4AB53DD4BCAF3368932D	src/core	UNKNOWN	UNKNOWN	PENDING
002546	src/core/hexmag_oracle_binder.hpp	.hpp	5642	149	170C3AD44BC0C7EF137B6055AC8D0407AE136626AF06AC3A66A7203B29562421	src/core	UNKNOWN	UNKNOWN	PENDING
002547	src/core/hexmag_repeat_tuner.hpp	.hpp	3282	78	0BCF2A3C0B7C7F6D21FF58F3AE012A2F969CFFC863E6ABF49A2065D55A0800B6	src/core	UNKNOWN	UNKNOWN	PENDING
002548	src/core/hexmag_runtime_controller.cpp	.cpp	16709	408	8702900AAF3065C438EC7068D532D8BEB71C8EA2B838F4E3F3B5A6B591D48E09	src/core	UNKNOWN	UNKNOWN	PENDING
002549	src/core/hexmag_runtime_controller.hpp	.hpp	7754	212	7D7A00137F417EFF2A63C91055F4A2456A370C04ABAB7CB395ABCCC05F369FC9	src/core	UNKNOWN	UNKNOWN	PENDING
002550	src/core/hexmag_swarm.hpp	.hpp	5341	128	DBC0F4159FC484EC1F0EA0A87994B8D282D4A8270B0AA90E3B0AEAE52F6ABEB9	src/core	UNKNOWN	UNKNOWN	PENDING
002551	src/core/hotpatch_control_plane.cpp	.cpp	38415	1006	A637678818925321D609916BAC8EAE93F877343DABF5688E8244A63AAB6575A6	src/core	UNKNOWN	UNKNOWN	PENDING
002552	src/core/hotpatch_control_plane.hpp	.hpp	16720	389	FA82FE6C6B0D27EA985F4522CDA4F51CC95F0279B172879913BF3F687D5DAF77	src/core	UNKNOWN	UNKNOWN	PENDING
002553	src/core/hotpatch_playback.c	.c	58427	1459	6E9C49F1C2675D96A0C837ABCF067210B8BDED5A664509C81DCC8E12B455E686	src/core	UNKNOWN	UNKNOWN	PENDING
002554	src/core/hotpatch_playback.h	.h	12254	384	34A53B63235460D85E06AF5F0D11DCCC7D4E7A1A697819D0EB0C424D2637D9E7	src/core	UNKNOWN	UNKNOWN	PENDING
002555	src/core/hotpatch_playback_integration.c	.c	59730	1608	C65F4B79AA2ED6F41B32ADFE080E7633244A8E5EF355B19B7B8E07725834C7E6	src/core	UNKNOWN	UNKNOWN	PENDING
002556	src/core/hotpatch_playback_integration.h	.h	15878	564	0BD94B54256326528184145C392088711622CA9D0E018A6E6BA90B938A8C7B9C	src/core	UNKNOWN	UNKNOWN	PENDING
002557	src/core/hotpatch_playback_test.c	.c	42563	1140	D3362A9B0CDC5F80422B53F5E7DC4B9EC4462779437BFDA62693473E1AAD70DF	src/core	UNKNOWN	UNKNOWN	PENDING
002558	src/core/hotpatch_recovery_journal.cpp	.cpp	25041	615	0B0F3FC7D15320934AC7F058C1810EFACC8FDAB18AB21A0560F916839F3BDF7A	src/core	UNKNOWN	UNKNOWN	PENDING
002559	src/core/hotpatch_recovery_journal.hpp	.hpp	8676	217	2EE6D64DBB5A108D33149F73D2B2209C680189FBC73E878E3265FB465B48C4D6	src/core	UNKNOWN	UNKNOWN	PENDING
002560	src/core/hotpatch_telemetry_safety.h	.h	4130	104	4ADBD0D47DF3491D66E92AED4600CF8402862F6B1449E1279DAFC60E4C6640F0	src/core	UNKNOWN	UNKNOWN	PENDING
002561	src/core/hotpatch_wiring.cpp	.cpp	11833	340	5915D8C2B49ABF15A42ACDFC669B87C192C4112EF6833CE74573AC84A7C66401	src/core	UNKNOWN	UNKNOWN	PENDING
002562	src/core/hotpatch_wiring.h	.h	12262	331	6E8A7BEB90BD3AACA3224AFDD69376F7BC1FA4490C35ACA379ADCBC1F7107133	src/core	UNKNOWN	UNKNOWN	PENDING
002563	src/core/hotswap_demo.c	.c	3107	73	55C887A4234FDD6B350338FFABBE336E7B20FECF4BC09F3ADE150FDAAF27069A	src/core	UNKNOWN	UNKNOWN	PENDING
002564	src/core/hwsynth_stubs.cpp	.cpp	1410	48	79E555965127DFC721E5F144970A3FC800CAFCA85E2AB0036DE12765B67379FD	src/core	UNKNOWN	UNKNOWN	PENDING
002565	src/core/IDECommandRouter.cpp	.cpp	6240	206	5B2FA71F851FAC69C4DAC8A08ED01A68A660D2EC7ED0B8B1ABB8BE182B094EFB	src/core	UNKNOWN	UNKNOWN	PENDING
002566	src/core/IDECommandRouter.hpp	.hpp	4394	134	A5281B5F901D005F8473CB45592BF60CAA43BFA2B65BD0EDDDDF0E63E51D14C9	src/core	UNKNOWN	UNKNOWN	PENDING
002567	src/core/IDEEngine.h	.h	14528	392	BBB8E8167433AEF4641B78EA5797646C2EAB4CD92E69B3DE72E66C72C9A823CD	src/core	UNKNOWN	UNKNOWN	PENDING
002568	src/core/IDEEventBus.cpp	.cpp	4630	181	E0532150B66CF67E9641B23F11A403014392A6DB0E2B29358DD2288067AB123F	src/core	UNKNOWN	UNKNOWN	PENDING
002569	src/core/IDEEventBus.hpp	.hpp	2982	95	E6EBE219EA196234DAA63C90FCA312856851BA9EF115EF35C1E11752631C3CDC	src/core	UNKNOWN	UNKNOWN	PENDING
002570	src/core/IDEStartupFinal.cpp	.cpp	4660	147	592BF29FCD91EB35ACAD2F5EA65A0E4DE72F91EB4E8A911DD482589BCF8695D9	src/core	UNKNOWN	UNKNOWN	PENDING
002571	src/core/ide_linker_bridge.cpp	.cpp	16809	155	3413E6778C9CABD50F3CE1802177078E2B9ECDF71FC05854A29F6502CC873A7B	src/core	UNKNOWN	UNKNOWN	PENDING
002572	src/core/ignite_800b.cpp	.cpp	632	18	64C364D26C13E13E37516F880A73A9A15A5A2C7D2D9F6923A0B213C80946EB98	src/core	UNKNOWN	UNKNOWN	PENDING
002573	src/core/IIDEInterface.hpp	.hpp	6078	189	7144CEBBE9F630F86F35AE6E7CA7DC8B4AF36B6D27B8FF2739577A01E09CB8AC	src/core	UNKNOWN	UNKNOWN	PENDING
002574	src/core/InferenceBackend.cpp	.cpp	11836	292	12B2543CB6E293DDEF27C7ACEC0FCD438DE6F0D4441D7910E657B632D7933A52	src/core	UNKNOWN	UNKNOWN	PENDING
002575	src/core/InferenceBackend.h	.h	5426	157	A0078825A94DE700521D919AAF9A2D041F69C8381F6691ED055001CE6747DA70	src/core	UNKNOWN	UNKNOWN	PENDING
002576	src/core/inference_cancellation.cpp	.cpp	883	21	65CCAEF13EC0A43515841795FE77DB102A264DD887C04C03CA9886712B1E13DF	src/core	UNKNOWN	UNKNOWN	PENDING
002577	src/core/inference_cancellation.h	.h	10760	282	429554D95BA740BD7085C52731172B25909B3957AF90184C41C2B3BDA29FA3D0	src/core	UNKNOWN	UNKNOWN	PENDING
002578	src/core/inference_gguf_loader.asm	.asm	19195	706	9F6637CED30DFE14B6ADD8D960D1561F5BEC43A6AE78273DEC5F1337786D0CE3	src/core	UNKNOWN	UNKNOWN	PENDING
002579	src/core/inference_handlers.cpp	.cpp	15803	394	F02447B2BB51C01EEA330D9422F1A5B2045D1CB0802340847B15550C07ABB1B9	src/core	UNKNOWN	UNKNOWN	PENDING
002580	src/core/inference_integration.hpp	.hpp	6184	162	494283DAE4D46162D0971297091AFD4B38214C7566ACC4B2F63FE324E5F89702	src/core	UNKNOWN	UNKNOWN	PENDING
002581	src/core/inference_latency_breakdown.h	.h	4934	149	630C8AA1793B056CA4FD7CFD8243195D4CF1B763F934B52D7182E03CF5C42143	src/core	UNKNOWN	UNKNOWN	PENDING
002582	src/core/inference_link_production.cpp	.cpp	13665	336	94A18447A53D8E8DC3096CF6F30013A9D6FFC9F022DA705A3C8242E13546F246	src/core	UNKNOWN	UNKNOWN	PENDING
002583	src/core/inference_parity_trace.h	.h	11138	283	0FC1CAEFF794C2B7DEC41CAF9FA252003246AECA20B8684034035B9EDE459CD6	src/core	UNKNOWN	UNKNOWN	PENDING
002584	src/core/inference_pipeline.cpp	.cpp	27017	824	768DB13B816A0B37E6135BD6C86DEB9019819323C5DC232A1BA9F16EADDDF972	src/core	UNKNOWN	UNKNOWN	PENDING
002585	src/core/inference_pipeline.hpp	.hpp	12079	337	95950B94D6F0FD6E70E11B6F6F739BF5E4E4F5D332A9253BD89D27A97F69FBD1	src/core	UNKNOWN	UNKNOWN	PENDING
002586	src/core/inference_playback_bridge.c	.c	40153	1142	7807912C51F48C220BBEB4584524FE7E8ADDE574D8E7364C93B1D9A238CCF55B	src/core	UNKNOWN	UNKNOWN	PENDING
002587	src/core/inference_playback_bridge.h	.h	19468	726	D273E363D1698D84FBA666534B003D0C74092C813C8F4BFC9EDDEF2694D2AC0A	src/core	UNKNOWN	UNKNOWN	PENDING
002588	src/core/inference_playback_bridge_test.c	.c	27159	690	29BDB934066243E160F70BDA8444441978C9EB27D46204866D1159D8C01A40F4	src/core	UNKNOWN	UNKNOWN	PENDING
002589	src/core/inference_state_machine.cpp	.cpp	21295	543	A884F3954DE510FF37CD7113D02F3B6AFF19244F7755230108E4F48DB0CDB67D	src/core	UNKNOWN	UNKNOWN	PENDING
002590	src/core/inference_state_machine.hpp	.hpp	10909	260	326D1CCE4FBCB629511CF55ABEF9BC5C16E8EE1E18658D0187BA05189DE0D4C2	src/core	UNKNOWN	UNKNOWN	PENDING
002591	src/core/inference_witness.cpp	.cpp	22190	577	7E622330048677D40B89517DFE4F3A4FB69261C684B62EC42C12C32DA81E3C84	src/core	UNKNOWN	UNKNOWN	PENDING
002592	src/core/inference_witness.h	.h	3429	107	7B0496781D4D194B28AE09272C177FA292A365140EA1B0FA351AEEC57EE5AB3A	src/core	UNKNOWN	UNKNOWN	PENDING
002593	src/core/input_guard_slicer.cpp	.cpp	31051	797	3257A9530819E7DD00A65DA7FB8E19BF89DE88F3EC104FDAA6C8147FE2431E1A	src/core	UNKNOWN	UNKNOWN	PENDING
002594	src/core/input_guard_slicer.hpp	.hpp	12011	299	C7DA3646B09791E49C48324041692848715FDCA367A9DAA22BB401A04A326C4D	src/core	UNKNOWN	UNKNOWN	PENDING
002595	src/core/instructions_provider.cpp	.cpp	21366	622	FC0FDCB5E447A5224BB3B1B1F6FCD4ADF0DDC522E998EF5C676220F71ADCA4CD	src/core	UNKNOWN	UNKNOWN	PENDING
002596	src/core/instructions_provider.hpp	.hpp	6585	174	59BE1BD09EA1171472A29016AEB8D438F222C415F03924A9465028A08B7F9972	src/core	UNKNOWN	UNKNOWN	PENDING
002597	src/core/integrated_runtime.cpp	.cpp	1987	81	F3BF76406E76B5916FC00AF925DF2395C4FA184A0A716E90BD6684BBE48E386D	src/core	UNKNOWN	UNKNOWN	PENDING
002598	src/core/integrated_runtime.hpp	.hpp	570	16	C7E9070071EB32BE459F8643124532706E1DC12D23D6250077DBA37A6CCD739C	src/core	UNKNOWN	UNKNOWN	PENDING
002599	src/core/IntegrationLayer.cpp	.cpp	3751	133	1C20603B709794EC19EEB57DEA6ACE4A264AB5CC4B0FECA51F7F8E6593226C3D	src/core	UNKNOWN	UNKNOWN	PENDING
002600	src/core/IntegrationLayer.hpp	.hpp	2174	66	0937B5597683E4C3DD52964F7ADD95105C4D8414B21276CB7B2E5B4524803965	src/core	UNKNOWN	UNKNOWN	PENDING
002601	src/core/intel_gpu_accelerator.cpp	.cpp	53754	1107	AE0431740504A10D1A148DD6E054366D2FA8169CA43A64C4009EA85F5AEA64ED	src/core	UNKNOWN	UNKNOWN	PENDING
002602	src/core/intel_gpu_accelerator.h	.h	15225	353	D5A3F0212E3A625011DF8D06598AA794535390E33E025CD52862EA99A7FAD347	src/core	UNKNOWN	UNKNOWN	PENDING
002603	src/core/intent_engine.cpp	.cpp	34737	742	22224C9B4F05956EBFEB484A207E01467F7448E418D647F1C3DF388658FAB772	src/core	UNKNOWN	UNKNOWN	PENDING
002604	src/core/intent_engine.hpp	.hpp	8658	226	6544CE9D5A58A95F9729FD13FE9B822244DCE0B07D040841BC8B68CC926D00F1	src/core	UNKNOWN	UNKNOWN	PENDING
002605	src/core/iterative_tensor_traversal.cpp	.cpp	38881	945	DD4927F0206F478770ACEF50430DF74B543627051A38131B1520E7A36B5B8B11	src/core	UNKNOWN	UNKNOWN	PENDING
002606	src/core/iterative_tensor_traversal.h	.h	27137	554	67B9527BB0AFF0E7CDB208B92E8B9F7BF8EFC27F352AA4E61BA5DAD4B991AF39	src/core	UNKNOWN	UNKNOWN	PENDING
002607	src/core/jsonrpc_parser.cpp	.cpp	10935	353	1B3827F149CC5D43DEC602C6BE26F846A7C6AD87A51B75349F7EBEDC6530283C	src/core	UNKNOWN	UNKNOWN	PENDING
002608	src/core/jsonrpc_parser.hpp	.hpp	6399	183	0A5B02E23711A0A988E2A36F882AEC4E846C6FE55324471A032B0E7635F6F904	src/core	UNKNOWN	UNKNOWN	PENDING
002609	src/core/json_instantiations.cpp	.cpp	716	15	2CF427138805D1636E18BB37AB0C835119DB0171A6C53B3D1A7F58480BC15209	src/core	UNKNOWN	UNKNOWN	PENDING
002610	src/core/js_extension_host.cpp	.cpp	135350	3141	E137B82ECF0F840FF6A9A8D498E123C54D62C3625DAE253405F23C028B06C7E1	src/core	UNKNOWN	UNKNOWN	PENDING
002611	src/core/js_extension_host.hpp	.hpp	18777	439	A8A82546D6287B7612CFD203435A674D46339C2FA9B7DBE6BBF10E33CF8F7493	src/core	UNKNOWN	UNKNOWN	PENDING
002612	src/core/js_extension_host_headless_impl.cpp	.cpp	4795	180	06732DB32C2EA5ABFE53F69C32A2E0A57F71241B809557EDEA21675DA4ACE18B	src/core	UNKNOWN	UNKNOWN	PENDING
002613	src/core/js_extension_host_production.cpp	.cpp	2139	98	E7A69A51C2A4AC9E99E1260BAD44511C6BDABAF389AB5720FBDFA0F872A4CE2B	src/core	UNKNOWN	UNKNOWN	PENDING
002614	src/core/knowledge_graph_core.cpp	.cpp	36392	971	5AA6198AEFB412EAC189EF7D74DCD4E7C802D605645B25E9FFC2CD98A845556B	src/core	UNKNOWN	UNKNOWN	PENDING
002615	src/core/knowledge_graph_core.hpp	.hpp	16858	373	0C49F8B12E2906DCC4001AC5701D94D8CED4F987F4F71217B7FF50FBB2CFAF17	src/core	UNKNOWN	UNKNOWN	PENDING
002616	src/core/kquant_dequantize_q4k.cpp	.cpp	13104	373	42E54DCDB5634A8544B9A6E6CD832790ED2AFA251B2D549FAC58F33698CEF0CC	src/core	UNKNOWN	UNKNOWN	PENDING
002617	src/core/kquant_nonmsvc.cpp	.cpp	4431	142	F97745BD7068CF8B4731A470A5E65C74E82CD613267CD8F662E821FC7B5CDC39	src/core	UNKNOWN	UNKNOWN	PENDING
002618	src/core/kv_cache_arena.asm	.asm	16294	574	5E0DB0185C1BE53C3AE6270CC7CDA5F5AEF5940677A9F31000006974A8A7C274	src/core	UNKNOWN	UNKNOWN	PENDING
002619	src/core/kv_cache_arena.cpp	.cpp	5001	173	FAA010E30FA882CFAA1D52988156EC23EAEB4B087E425E2F0789CAF1E22C5FE0	src/core	UNKNOWN	UNKNOWN	PENDING
002620	src/core/kv_cache_arena.h	.h	9414	308	05C12C6CA6C8F8AB5E028D51E216989360C38B971840F085D7486C9C2BFE86EF	src/core	UNKNOWN	UNKNOWN	PENDING
002621	src/core/kv_cache_calculator.cpp	.cpp	1604	46	7D3B7C26FE568D9A988EDF3E63187E683C9A2CEB398EC9D3025378AE690C8EEF	src/core	UNKNOWN	UNKNOWN	PENDING
002622	src/core/kv_cache_credit_bridge.cpp	.cpp	10152	233	BF46D697E9F2F9F6E3FB55F75922E3D6E8B2FF323D083CF15D4D36CFBDE967C9	src/core	UNKNOWN	UNKNOWN	PENDING
002623	src/core/kv_cache_credit_bridge.hpp	.hpp	4811	144	7BF8F736EAA00228774C47227085BB5B353F653C801851805DCC21BBA15A0192	src/core	UNKNOWN	UNKNOWN	PENDING
002624	src/core/kv_cache_fp8_quantization.cpp	.cpp	18650	529	0B3D13ED5914ADF31363AACA1B9DA10B3C68A6F72404D2455C5A2B5ED3D8ECA5	src/core	UNKNOWN	UNKNOWN	PENDING
002625	src/core/kv_cache_fp8_quantization.h	.h	8234	245	7E5341C41791682F6AF4FFD05EF48CDCBAE990866AD810FC3917C793AE915CF9	src/core	UNKNOWN	UNKNOWN	PENDING
002626	src/core/kv_cache_prefix_trie.cpp	.cpp	12951	350	DCFAA01B2FDE1041672433BC855D4AFEC51820CBA013C06CB25C544918C956E2	src/core	UNKNOWN	UNKNOWN	PENDING
002627	src/core/kv_cache_prefix_trie.h	.h	8667	190	D860D264A6A9648036C23EA3D12D910E38603B972E0855B900D96BB6CFD2B24E	src/core	UNKNOWN	UNKNOWN	PENDING
002628	src/core/kv_cache_serialization.cpp	.cpp	8333	248	24237C96C621AFC85982D39BDBAF26B34F0342E29DFE97ED357EB7711A49D544	src/core	UNKNOWN	UNKNOWN	PENDING
002629	src/core/kv_cache_serialization.h	.h	5512	156	272FD41874BCA4EAC24D40B4656038336A6BB8022F340977679C16654EDCC3C6	src/core	UNKNOWN	UNKNOWN	PENDING
002630	src/core/kv_cache_witness.cpp	.cpp	12933	369	2E273D1D0A4F6C7FA7E405138A3DBDECF3EEF4E95B99B349366922A6D17FB33E	src/core	UNKNOWN	UNKNOWN	PENDING
002631	src/core/layer_contribution_scorer.cpp	.cpp	18829	507	C71123ED598FC8A07113F8E227E7FC4A426D482F61E9BDBD65B602D1BF0E7A73	src/core	UNKNOWN	UNKNOWN	PENDING
002632	src/core/layer_contribution_scorer.h	.h	10772	284	55E9015589800D16825CD834201FFBBCBB76FA5FB19F2860AB3765699A0420ED	src/core	UNKNOWN	UNKNOWN	PENDING
002633	src/core/layer_latency_profiler.cpp	.cpp	17287	489	29868DDB20067F195EF230DA9BD9279B3F523BDD00C174437EBD962FBE93E115	src/core	UNKNOWN	UNKNOWN	PENDING
002634	src/core/layer_latency_profiler.h	.h	10279	247	1911FD99256D13D39A65C51FDBFA52647E0B7564B9294574C115D3C7FF8A1002	src/core	UNKNOWN	UNKNOWN	PENDING
002635	src/core/layer_offload_manager.cpp	.cpp	50348	1257	B14C059B4B8ABFED33C42F44B653B076BFA75E78A9F99CBD77C6028D0CFB8DE8	src/core	UNKNOWN	UNKNOWN	PENDING
002636	src/core/layer_offload_manager.hpp	.hpp	16058	378	E4EA8096EA062C31FC9ABA3DFC06F2BA537F240504F2F127EAC3B385C048C9F7	src/core	UNKNOWN	UNKNOWN	PENDING
002637	src/core/layer_witness_test.cpp	.cpp	9383	274	04A211CDC74271F51C248439CBE28A4038DCDCCBA8AD31091689A1231668204A	src/core	UNKNOWN	UNKNOWN	PENDING
002638	src/core/license_anti_tampering.cpp	.cpp	17985	449	C3830E1EF66C8BC8A4E9113B3FA00D79CFD4FD275FBB3AD34325DC6FA58F3071	src/core	UNKNOWN	UNKNOWN	PENDING
002639	src/core/license_anti_tampering.h	.h	2509	55	D62FBC5BC2BE84B1BE34D1B13CD89251D068417E7E6DC9751BE92C422C788A8B	src/core	UNKNOWN	UNKNOWN	PENDING
002640	src/core/license_audit_tracking_deployment.cpp	.cpp	9304	267	356EE0777BE816DDA013DE3EAC2543EA14C73800BEE95C24AAFD8565FA6835F6	src/core	UNKNOWN	UNKNOWN	PENDING
002641	src/core/license_audit_trail.cpp	.cpp	20881	651	74BB9931CB3A7B13A4D4FBD3EF59ED625F23710D63E3BA19C697A6AF265F0763	src/core	UNKNOWN	UNKNOWN	PENDING
002642	src/core/license_helper_utilities.cpp	.cpp	3206	90	1F61C087C949DCD4A41B03B9A016F6ED51CEA1244CF1638073E0EA9D15A579B3	src/core	UNKNOWN	UNKNOWN	PENDING
002643	src/core/license_manager_panel.cpp	.cpp	25373	708	CCFB711CA08B27D8C6A8063725CE62B39B023BD3A488599231575F3A994642A5	src/core	UNKNOWN	UNKNOWN	PENDING
002644	src/core/license_offline_sync_config.cpp	.cpp	9436	271	8C96EE237A44EE7B8FB1A4B02171AD9DC9894E790F575C57E79E3B0964C0F422	src/core	UNKNOWN	UNKNOWN	PENDING
002645	src/core/license_offline_validator.cpp	.cpp	20239	579	AC9923202A56181C5760889033B6CA4E7B7D6573445800B273D4E14DD6C89818	src/core	UNKNOWN	UNKNOWN	PENDING
002646	src/core/link_stubs.cpp	.cpp	1146	29	9C3D02459F59B5A266A8EF20D723120E6792C9C05F9666325A19A73102504A29	src/core	UNKNOWN	UNKNOWN	PENDING
002647	src/core/link_stubs_final.cpp	.cpp	24	1	46EBD083829A26079E35F3B811EE8DFF76B240D1747D75BF602A5BFED27178B9	src/core	UNKNOWN	UNKNOWN	PENDING
002648	src/core/link_stubs_production.cpp	.cpp	17135	546	E0AC019F1B05078095027E5BA90486EC229BB821770A12C7175686CF2C3CBF95	src/core	UNKNOWN	UNKNOWN	PENDING
002649	src/core/link_stubs_remaining_classes.cpp	.cpp	52	1	0F34429EBE96E2C191E307BDEA360B55B1DC19ADF1506D169BDCDA4AA8E333FB	src/core	UNKNOWN	UNKNOWN	PENDING
002650	src/core/link_symbols_impl.cpp	.cpp	8633	238	D33A4D32974F8E0D1FE397C8B7DE7048960C51D80F859BF56CEEF7092C97C0A4	src/core	UNKNOWN	UNKNOWN	PENDING
002651	src/core/link_tools.bat	.bat	377	11	392B1BE81944BA24DE800D1395F70EA5D639917E1D5A513247B326D810B2E282	src/core	UNKNOWN	UNKNOWN	PENDING
002652	src/core/live_binary_patcher.cpp	.cpp	28081	688	0380091F710CC42FB3A0C646C90B5C30F2F0A107A3003941DA8C26EA06320F85	src/core	UNKNOWN	UNKNOWN	PENDING
002653	src/core/live_binary_patcher.hpp	.hpp	10743	235	94AC0BE64604A156AE922FF78B0AC1301C4A638A2D9B78662701004F3E20A46F	src/core	UNKNOWN	UNKNOWN	PENDING
002654	src/core/live_hotpatch.c	.c	36094	1033	3898D032B7F2DED7C1A747F492E238F874B8AFF2E025BC06663C4316F5924A80	src/core	UNKNOWN	UNKNOWN	PENDING
002655	src/core/live_hotpatch.h	.h	9050	243	8C0FD7CD68A57CA946E7BCF9EA1D0C69ACCB7815DA9150E74C9BCC87A55D28D3	src/core	UNKNOWN	UNKNOWN	PENDING
002656	src/core/llama_decode_internal.cpp	.cpp	17435	490	1A89862ED05FA54A944E1E37B6AAE8913DDBC6382FDAA88F9B2DA927DD6EDC3B	src/core	UNKNOWN	UNKNOWN	PENDING
002657	src/core/llama_decode_internal.h	.h	8390	250	593D558F1292A08990CCE1F399CF5F1232BF229A3CE556CA45390285D9141BC8	src/core	UNKNOWN	UNKNOWN	PENDING
002658	src/core/local_ai_core.cpp	.cpp	59503	1648	CFDCD554A76C5D04CBD0C20818FC48C92AB57E8AAFBA67179AE6ECA2ECD27E04	src/core	UNKNOWN	UNKNOWN	PENDING
002659	src/core/local_ai_core.hpp	.hpp	21300	556	111DA1D2FB503A3EB563FAE91F51113A3E09D4D1BE188551016D2F86E88EBE77	src/core	UNKNOWN	UNKNOWN	PENDING
002660	src/core/local_gguf_loader.cpp	.cpp	19673	555	A73DFB82A43621C78CA28472513ED0DD5A06D07B92A49219FA0CA99816C2DFFC	src/core	UNKNOWN	UNKNOWN	PENDING
002661	src/core/local_gguf_loader.hpp	.hpp	6372	227	0DE3AC0AF7FECDB565806794C322A8C21CA11B899AF8D40598AD931583FA8460	src/core	UNKNOWN	UNKNOWN	PENDING
002662	src/core/local_parity_bridge.cpp	.cpp	4326	103	7066C420843CB7DF6915A3DADBA1269A7FEBB37F401A9584420B8B5A7D452075	src/core	UNKNOWN	UNKNOWN	PENDING
002663	src/core/lockfree_spsc_queue.hpp	.hpp	1789	62	ADCBEAF092DF6032E7A4CECDBAD5C2EED6FE73D682D7B9196DF300691D7797DD	src/core	UNKNOWN	UNKNOWN	PENDING
002664	src/core/lock_hierarchy.cpp	.cpp	13886	357	17CAF17DD3F1F88968423274627E716DE33F3340A098A667EAC28BA307D6EDB3	src/core	UNKNOWN	UNKNOWN	PENDING
002665	src/core/lock_hierarchy.hpp	.hpp	8837	228	4969B6DE950CE1F63B10DCD1A90093EB4F28C804AF147820C45035FC9370DB8A	src/core	UNKNOWN	UNKNOWN	PENDING
002666	src/core/Logger.h	.h	7604	248	A70DF9BB5F4F98029F37D0387965B672E20440C503DD71F19D74E009139F7447	src/core	UNKNOWN	UNKNOWN	PENDING
002667	src/core/logger_batch_replace.py	.py	1527	42	C4E6FFEB5AE1C151E2EB25DA434F9ECA89542CFC5C76500D36C6B1F248ACF3BF	src/core	UNKNOWN	UNKNOWN	PENDING
002668	src/core/lora_hotswap_manager.cpp	.cpp	15943	479	741B344445C76FE81EAA3AA2D7770AC091AA599AF068BDC5E5CC748C9C7A72EA	src/core	UNKNOWN	UNKNOWN	PENDING
002669	src/core/lora_hotswap_manager.h	.h	6587	154	64701A90891B8F81602B56E6B118AB6A336092C0AD94B20584BBB0790F973A05	src/core	UNKNOWN	UNKNOWN	PENDING
002670	src/core/manifest.json	.json	1113	34	3C4D850EE42C5DF0DAD56AC2E2878D7ABC080A3362DB086A735FB2E9D90E9563	src/core	UNKNOWN	UNKNOWN	PENDING
002671	src/core/MappedGGUFFile.cpp	.cpp	17776	576	A0B80E4C8B36276AF8A44A7A1FA91BFDFEA1AC656C7EB85DAC2390A032CA9936	src/core	UNKNOWN	UNKNOWN	PENDING
002672	src/core/MappedGGUFFile.h	.h	5287	173	7250697C8402BCE40B6943DC171AE9FE8A916CDF0DE74C6A184934C34515BCE4	src/core	UNKNOWN	UNKNOWN	PENDING
002673	src/core/masm_stress_harness.cpp	.cpp	20946	598	8DC49C43278026ABFA51876A9D0B5DFB9EFCBEF86A82BA1DCA6CEBF6E0C263BF	src/core	UNKNOWN	UNKNOWN	PENDING
002674	src/core/mega_test_harness.asm	.asm	5994	200	6B504065F1DD65179A4EEB55A11C41F38E1C4F64785DE94F0AB304D4288FFE48	src/core	UNKNOWN	UNKNOWN	PENDING
002675	src/core/memory_ownership.cpp	.cpp	21605	542	3557462B53694575841597AFE14AE84FC1B80440397E94E779A58DEFA15C2572	src/core	UNKNOWN	UNKNOWN	PENDING
002676	src/core/memory_ownership.hpp	.hpp	19313	506	199C1E88FA18C6083B7C4E92F648EF7EE7D037DE89C74736388F7513D893649B	src/core	UNKNOWN	UNKNOWN	PENDING
002677	src/core/memory_pressure_handler.cpp	.cpp	8685	246	150799F75772382B785BF5C89EFF6EBAD1599CC3FC91D7A3B8F4EBAFC8401BDD	src/core	UNKNOWN	UNKNOWN	PENDING
002678	src/core/memory_pressure_handler.hpp	.hpp	4772	126	B9BDE1C98DA808FB7CBCB050A2E6CF9C6A6D0925EA123B3C0FC14FD429A1F468	src/core	UNKNOWN	UNKNOWN	PENDING
002679	src/core/memory_production.cpp	.cpp	6018	182	601E73D8F96B0088CB494173181904505E7218BA8C976AA8E662687D3C23DE10	src/core	UNKNOWN	UNKNOWN	PENDING
002680	src/core/memory_stubs.cpp	.cpp	4155	122	38E705070D50902E42C943297F9B171FD822663920954C3C12732E48CA4A3D90	src/core	UNKNOWN	UNKNOWN	PENDING
002681	src/core/menu_auditor.cpp	.cpp	11943	337	D584E0872F901789E0890DCFBDAF15E4179644EE00D9C96DD7472F7C8ACCB168	src/core	UNKNOWN	UNKNOWN	PENDING
002682	src/core/mesh_brain.cpp	.cpp	28609	754	75D4183E782EC13949C4ECE53B1873E599950DEE3EC5E1197F248C98DE9C8DF3	src/core	UNKNOWN	UNKNOWN	PENDING
002683	src/core/mesh_brain.hpp	.hpp	11602	268	75E197ABE9DB3A75DE778E382AF46AEF18A7E0AD6C6293FBF06FE3B80A63ED09	src/core	UNKNOWN	UNKNOWN	PENDING
002684	src/core/mesh_brain_stubs.cpp	.cpp	2194	77	CF1A94FBCADD08211317A300E164BDD58D3613FCEF7F702B5737F77A5D2FA61D	src/core	UNKNOWN	UNKNOWN	PENDING
002685	src/core/minigw_runtime_symbol_batch7.cpp	.cpp	43009	1331	B955A948FB591AB5D7CFB04D0F0ED1DF67615512166895E24CB83F7ED84AD906	src/core	UNKNOWN	UNKNOWN	PENDING
002686	src/core/MinimalTest.asm	.asm	837	43	AAF7A0AAD30C8196AA294A6A7F353CDDEA65245CE8C6CCA02074CF6387E8312B	src/core	UNKNOWN	UNKNOWN	PENDING
002687	src/core/minimal_gold_main.cpp	.cpp	1337	40	5BB2C74873B699D6589B147F6CCA4531BF0183F21A0A425B6FFE03F657501EC4	src/core	UNKNOWN	UNKNOWN	PENDING
002688	src/core/minimal_json.cpp	.cpp	8458	300	AF9B38F79C0B7623F0A1B22BDE71622434C6DC9F7483CCE99E0250F91C4C551F	src/core	UNKNOWN	UNKNOWN	PENDING
002689	src/core/minimal_json.hpp	.hpp	6764	203	BC411563ABFF8BC57B9C22E20CB3B0A534FAE594022969B6C6426C15A8558EE6	src/core	UNKNOWN	UNKNOWN	PENDING
002690	src/core/missing_handler_stubs.cpp	.cpp	24	1	46EBD083829A26079E35F3B811EE8DFF76B240D1747D75BF602A5BFED27178B9	src/core	UNKNOWN	UNKNOWN	PENDING
002691	src/core/mnemosyne_store.cpp	.cpp	2297	74	F41A3635FFE61CCA61A52775ADEFBC5D3798BA8F98A703CE3EDE04B6A8794618	src/core	UNKNOWN	UNKNOWN	PENDING
002692	src/core/ModelDownloadSubsystem.cpp	.cpp	35554	1056	B2270347416DA5F16D0A96F8FE54C70D313CD3A51FEB6263898BA7907FDFD7F8	src/core	UNKNOWN	UNKNOWN	PENDING
002693	src/core/ModelDownloadSubsystem.h	.h	8827	213	C8F4BC4973283F2415C1FD26C05B83C93EB2A93711EEF640281FA24B0D55E7A2	src/core	UNKNOWN	UNKNOWN	PENDING
002694	src/core/ModelRegistry.cpp	.cpp	17055	501	F0F0D9A106BA836F66BE3CF5115B1CF3E8124AD9754F2727DD3C4A69BF99A48B	src/core	UNKNOWN	UNKNOWN	PENDING
002695	src/core/ModelRegistry.h	.h	6700	202	73F792FFD401AFE5CF627596D296D337E049B3A31E02AC88B6C1CC97FFA4E311	src/core	UNKNOWN	UNKNOWN	PENDING
002696	src/core/model_anatomy.cpp	.cpp	12691	438	D817CAB1ADA7AADA2923492C0158FF5F290900FE8981ACEEC6C0FF1BA81B1512	src/core	UNKNOWN	UNKNOWN	PENDING
002697	src/core/model_anatomy.hpp	.hpp	1264	44	93B3EBE1FB8F9AA1B981DAE4F2E3B383B2BD9659046BE0A218EFAFECB077C391	src/core	UNKNOWN	UNKNOWN	PENDING
002698	src/core/model_bruteforce_engine.cpp	.cpp	66371	1511	33D0CCA5F01B046A19CA3CBCD72361E5172470D401D7F235E045E78D7EB1598F	src/core	UNKNOWN	UNKNOWN	PENDING
002699	src/core/model_bruteforce_engine.hpp	.hpp	10624	239	DDDF3B677B7357D6F5D68A8C67BBE2E7D5D5D516F6A9D60EB2812297D6CAD177	src/core	UNKNOWN	UNKNOWN	PENDING
002700	src/core/model_downloader.cpp	.cpp	19214	582	C0775669F1B3EF7D03CBD986173D78191E063F7340FFEFADAE5E161C4BB0EF36	src/core	UNKNOWN	UNKNOWN	PENDING
002701	src/core/model_downloader.hpp	.hpp	7085	227	4EE1469F079B2F846788E92671CC9B4D6BB40A42438D560B82080816F886726A	src/core	UNKNOWN	UNKNOWN	PENDING
002702	src/core/model_inference.hpp	.hpp	542	11	04215D34C5D6AE96407C6AA1BA0A9BDA77652917D958CF3A080DA41A0BD7CD84	src/core	UNKNOWN	UNKNOWN	PENDING
002703	src/core/model_loader_bridge.cpp	.cpp	3473	122	49E424D5AFC7154F713BDC7FB7197BEFDA46CB655D44DA761FC267192E11FB1E	src/core	UNKNOWN	UNKNOWN	PENDING
002704	src/core/model_loader_chunked_bridge.cpp	.cpp	14029	429	C0193366A47ECC712F94190C7B0C015BAAFE65859AB4A9011978436537FD0F56	src/core	UNKNOWN	UNKNOWN	PENDING
002705	src/core/model_loader_fallbacks.cpp	.cpp	24	1	46EBD083829A26079E35F3B811EE8DFF76B240D1747D75BF602A5BFED27178B9	src/core	UNKNOWN	UNKNOWN	PENDING
002706	src/core/model_loader_impl.cpp	.cpp	3338	131	5BA085D1B7D24B94FC1C734DE66481EA64B10D224556F4C44EE5BB53873EF3E2	src/core	UNKNOWN	UNKNOWN	PENDING
002707	src/core/model_loader_production.cpp	.cpp	3747	155	B3E060E3098D42C916E0D134A435283AC4AF447AB8F3F13BA5FE26886308C8D6	src/core	UNKNOWN	UNKNOWN	PENDING
002708	src/core/model_memory_hotpatch.cpp	.cpp	41411	971	28235F2302141DD47D9181686FDABC32A1F827D065AB9AECBA22C6DE511FD17F	src/core	UNKNOWN	UNKNOWN	PENDING
002709	src/core/model_memory_hotpatch.hpp	.hpp	9515	190	1FD3677BBE225D22E24EB3E879F3C28446FD0E6411A04D295E3618EB92C6D4A4	src/core	UNKNOWN	UNKNOWN	PENDING
002710	src/core/model_name_util.h	.h	1859	41	94A63CB30222B9E94A5F582050AA1920A10CA22684BDEB580A96932B1BF97414	src/core	UNKNOWN	UNKNOWN	PENDING
002711	src/core/model_operations_bridge.cpp	.cpp	25658	729	479ADE2BDB9F64487707EF23FE7F543FDCEB8E46C545A1C0A89E33A6FA617503	src/core	UNKNOWN	UNKNOWN	PENDING
002712	src/core/model_operations_bridge.hpp	.hpp	8631	259	41646286662728AFCF089D440CFFA0EBB49F8D7A2400455A662615781DB4504E	src/core	UNKNOWN	UNKNOWN	PENDING
002713	src/core/model_registry.cpp	.cpp	20965	574	79D83C260035FCEEA84B9EB0E06CBDC9A85209296EC396A0A7199517C19AAB02	src/core	UNKNOWN	UNKNOWN	PENDING
002714	src/core/model_registry.hpp	.hpp	2300	76	3AA5A9D9D51AD9C2DBE977C31D8AF7263139CCEC6DC7916A61A4624AAC740F8E	src/core	UNKNOWN	UNKNOWN	PENDING
002715	src/core/model_reload_controller.cpp	.cpp	10939	258	D974810C51223B3E6CE921D142C56AC34DC52D1B295F2D3A7EB4A01533B9B541	src/core	UNKNOWN	UNKNOWN	PENDING
002716	src/core/model_reload_controller.h	.h	7092	178	BE730EB1FC14CD674F0168173AD0BFA1FF7076450E1114F9227B104A42B7E158	src/core	UNKNOWN	UNKNOWN	PENDING
002717	src/core/model_router_stubs.cpp	.cpp	804	29	A7C1ECD085616B8A640CB79FAFB059AAA5648B8227A7297B63782879A8219DB1	src/core	UNKNOWN	UNKNOWN	PENDING
002718	src/core/model_runtime_gate.cpp	.cpp	5691	180	5806438D458D3D98DE6C907FA50E946D535AF505AD0091379239C2A44BDB8A7F	src/core	UNKNOWN	UNKNOWN	PENDING
002719	src/core/model_runtime_gate.h	.h	3640	108	75957EF524973DFD70ED9141830987F5AB64488BDABAC7036EEB05B2A916F419	src/core	UNKNOWN	UNKNOWN	PENDING
002720	src/core/model_trainer.cpp	.cpp	38850	1130	4A36FEA6B09A487A4244A14DA0C23996E476A2FD9C1E8A4BB78371E0F5C17537	src/core	UNKNOWN	UNKNOWN	PENDING
002721	src/core/model_training_pipeline.cpp	.cpp	100862	2414	BCA101DD40B91E3721D0EA98C8777EC15D5D38254752E22EC3138412DD7EA3AE	src/core	UNKNOWN	UNKNOWN	PENDING
002722	src/core/model_training_pipeline.hpp	.hpp	21758	566	ADE624F7C6756F4EA69E6ED99FC3CB0F988D60E5E9262F99658AA49A0F7BCA16	src/core	UNKNOWN	UNKNOWN	PENDING
002723	src/core/MoERegistryIntegration.cpp	.cpp	14474	450	6EE8038FC5672A4C5C0A51EAD398918AE20C5F6F7751A8EDCB190430F381DBCD	src/core	UNKNOWN	UNKNOWN	PENDING
002724	src/core/moe_down_project_policy.hpp	.hpp	1734	51	8D7022A7A96C5624D866C16ACBD6B7758243FED63C0255786DEA09B9542139E9	src/core	UNKNOWN	UNKNOWN	PENDING
002725	src/core/moe_evolutionary_trainer.cpp	.cpp	6167	171	66F234DF0F487CA250D7506AA43066BF5E87ADACC3F48C7AA6BA0F7AFAF945C3	src/core	UNKNOWN	UNKNOWN	PENDING
002726	src/core/moe_evolutionary_trainer.h	.h	12175	341	DE7EFE466FFCA024A06D8732E0D4B15202E0E34D1B6D714D39BCE5B5BDC8037A	src/core	UNKNOWN	UNKNOWN	PENDING
002727	src/core/moe_evolutionary_trainer.hpp	.hpp	17716	514	13AF22B326922642743D1F9AD0F7E6CF853560EA73AC4B70DBB5901237589B4F	src/core	UNKNOWN	UNKNOWN	PENDING
002728	src/core/moe_expert_accumulation.hpp	.hpp	4134	105	03B54B7A0A5DFFDFFD7594884D7F542AA405532CA6963679EFFD9451A2FB9432	src/core	UNKNOWN	UNKNOWN	PENDING
002729	src/core/moe_expert_accumulation_cache.hpp	.hpp	4806	134	0C24E301944395A3AFD9D263EB6FCD60F71C4B6CF96351C19CAAC4BF7E7CC444	src/core	UNKNOWN	UNKNOWN	PENDING
002730	src/core/moe_plan_row_mixture_pack_cache.hpp	.hpp	9274	280	C4747222D56F7006778D9FDF0602422A6266EAB5AD523A8B317AB114A49153B7	src/core	UNKNOWN	UNKNOWN	PENDING
002731	src/core/moe_telemetry.cpp	.cpp	3452	95	CC9B597534E1FB28F8297654579F9D676AEB75EE17E35418FE7811FBE1272854	src/core	UNKNOWN	UNKNOWN	PENDING
002732	src/core/moe_telemetry.h	.h	9188	236	1A982D7B7A2BC3CDF4F6FEB65B1CFAF95FEB6DD83C7C012F1961BE6325D187B0	src/core	UNKNOWN	UNKNOWN	PENDING
002733	src/core/moe_telemetry_ui.hpp	.hpp	12745	361	2E10821EF342D16CE9D74B064D1779DDE77A4F4691E2317E8328048627434423	src/core	UNKNOWN	UNKNOWN	PENDING
002734	src/core/MonacoCoreEngine.cpp	.cpp	54211	1489	BC7E0EC56F1A842452FD4866AE8516B11327ED52A28E996278AC5E3626A5B869	src/core	UNKNOWN	UNKNOWN	PENDING
002735	src/core/monaco_core_nonmsvc.cpp	.cpp	12925	394	EC947A823EDCD135581BE654992ACFECA9B6617628D6E52DECCD1CA9E60935B7	src/core	UNKNOWN	UNKNOWN	PENDING
002736	src/core/monolithic_heap_globals.cpp	.cpp	415	12	EF381AD2DC8D10617D9C30AE12F736C8FE05BD86BCFAFA7A07D9FE3A3463D305	src/core	UNKNOWN	UNKNOWN	PENDING
002737	src/core/multifile_session.cpp	.cpp	17264	444	2BAAE3B9AB9FD9D217A2D3654E034C4930729C94C2FB60AFEA3E77054AFF6FCB	src/core	UNKNOWN	UNKNOWN	PENDING
002738	src/core/multiwindow_kernel.h	.h	5066	135	C5D9E811C4EB6D24021079F5456EE5ED26DB2E340060327475BE9230D1CBB466	src/core	UNKNOWN	UNKNOWN	PENDING
002739	src/core/multiwindow_scheduler.cpp	.cpp	13562	319	182E88C1DE4F07DCB761F5B3268CB8C67CFC3262F529846875BDAC894808054B	src/core	UNKNOWN	UNKNOWN	PENDING
002740	src/core/multiwindow_scheduler.hpp	.hpp	10445	204	3D966420F04B5DC1AC16F816741ABB8565D7888F22A3B3AE34C81A94F46C20F1	src/core	UNKNOWN	UNKNOWN	PENDING
002741	src/core/multi_gpu.cpp	.cpp	28062	733	AD58C635364150EA4E8292E03AB5DAE93E1882F97FA6AAC3807BD440F573B59B	src/core	UNKNOWN	UNKNOWN	PENDING
002742	src/core/multi_gpu_manager.cpp	.cpp	36502	928	4447EEE2E2E92C863BBB4B16923DE9F9C45D1D1B73D4EF6A78A1B913F46FD305	src/core	UNKNOWN	UNKNOWN	PENDING
002743	src/core/multi_gpu_manager.hpp	.hpp	275	15	522FF9A8BE877C3CF8751DF27767EE31EB46C2F424A8DB7925DB375455724532	src/core	UNKNOWN	UNKNOWN	PENDING
002744	src/core/multi_response_engine.cpp	.cpp	29611	635	311880A75F0D7B17A791260178AC7EEA0D86F753A23FB0820B9C95C10AFDC16B	src/core	UNKNOWN	UNKNOWN	PENDING
002745	src/core/multi_response_engine.h	.h	11225	223	6C08D2FDF6E766F543B4B53EAA9437397777016243127BCF3AD665E2271FB79A	src/core	UNKNOWN	UNKNOWN	PENDING
002746	src/core/multi_response_engine_runtime_ctor.cpp	.cpp	734	28	FC92C22D3157B183D61058CC3A10C936C6D82320B093FD1ED8221BA59E00AB01	src/core	UNKNOWN	UNKNOWN	PENDING
002747	src/core/NativeGGUFLoader.h	.h	4630	133	79C076AC3EA11E63D46A532D30584B2E4DE1A41697118D72E96325F3BC4E13E3	src/core	UNKNOWN	UNKNOWN	PENDING
002748	src/core/NativeInferenceBackend.cpp	.cpp	15251	482	27AAE2BF359FFCFE7B09A962EDD685950FC8EB50B83C18E0D202646315E01864	src/core	UNKNOWN	UNKNOWN	PENDING
002749	src/core/NativeInferenceBackend_Wrapper.cpp	.cpp	14708	434	2E1A6A8EA46BD162582CFBE9B2662BAFEE7C37EB85D2C337BE1DB31643727574	src/core	UNKNOWN	UNKNOWN	PENDING
002750	src/core/NativeLogImpl.cpp	.cpp	6111	171	1123E303BA0F277BE9FB72E040A068FE46FEE39C84E332338ED1A8D17990EF6D	src/core	UNKNOWN	UNKNOWN	PENDING
002751	src/core/NativeLogImpl.hpp	.hpp	3494	91	DCDA6CE06A113BA03FB6B274B4A1204D03EB2F5C586650560A6696D22A8CD6A3	src/core	UNKNOWN	UNKNOWN	PENDING
002752	src/core/native_debugger_conditional_bp.cpp	.cpp	3912	128	B9FFBDBD7E717D988A83D989E01585683D2FD143E5BB3505929177ABFAF40B5E	src/core	UNKNOWN	UNKNOWN	PENDING
002753	src/core/native_debugger_dump.cpp	.cpp	2164	80	2CB8824945D9DAA8141CA5E2E4E3375D600CBA27B32F2AEBB0F1A26F1ABEF4AF	src/core	UNKNOWN	UNKNOWN	PENDING
002754	src/core/native_debugger_dump_streams.cpp	.cpp	2431	85	362F8FB5099A5916358D21AAA0134A727B7EC201758FF24F92CD1D3C157F1E79	src/core	UNKNOWN	UNKNOWN	PENDING
002755	src/core/native_debugger_engine.cpp	.cpp	88196	2467	AABE088AF644B772400F7A215842C8115D63AE3F83887E3112DECA31A5A9556F	src/core	UNKNOWN	UNKNOWN	PENDING
002756	src/core/native_debugger_engine.h	.h	13066	288	A8DA884283D0F5B2F19B5AFB5C9A0F26FFC674C5E9A2D90CCAFD1621B09D74D2	src/core	UNKNOWN	UNKNOWN	PENDING
002757	src/core/native_debugger_engine_nonmsvc.cpp	.cpp	12936	360	247A660D8AAB7F966DFB9BA513304066EC6DCB23372B649D69BE218F039446CC	src/core	UNKNOWN	UNKNOWN	PENDING
002758	src/core/native_debugger_source_step.cpp	.cpp	5443	167	02BDF7622651FBDA177FB6A33842F4D0C3FC2C5EC32BF54B61A1FFC7C8F589AA	src/core	UNKNOWN	UNKNOWN	PENDING
002759	src/core/native_debugger_symbols.cpp	.cpp	5648	189	E4946AD3B5D86C8E8428B224DCCEE01546F814CA7A0D553B8DD841ADF0BE2B24	src/core	UNKNOWN	UNKNOWN	PENDING
002760	src/core/native_debugger_types.h	.h	17752	462	EC36568EB5CFC60E1888DFB8D8C9C873A6F3432E5A6491D6BA430AA5291EA842	src/core	UNKNOWN	UNKNOWN	PENDING
002761	src/core/native_gguf_loader_link_impl.cpp	.cpp	2285	99	5DDD93D20A3AB91BB0DB0685009848EBD162897DC3F5F040FDB15723C85330C8	src/core	UNKNOWN	UNKNOWN	PENDING
002762	src/core/native_gguf_loader_production.cpp	.cpp	3348	135	02F4CC8B7104B71329E9923FAFF1199A4E6DAF6BE980D866B43CED3A8826A711	src/core	UNKNOWN	UNKNOWN	PENDING
002763	src/core/native_ide_tools_demo.cpp	.cpp	16877	433	02CA3454CD69A9EF743AF64A9B53CA2849A6DBC45C01A57E3DD77F00572CC4C4	src/core	UNKNOWN	UNKNOWN	PENDING
002764	src/core/native_ide_tools_test.cpp	.cpp	20085	635	00948884B650D779CB3DA3B96A9AC8615088F9EA796E35384911D06577EBCD71	src/core	UNKNOWN	UNKNOWN	PENDING
002765	src/core/native_inference_pipeline.cpp	.cpp	15439	452	85BC7BC8362ACCFD15FF90AC5168E6A952D012E47EA06883C6CFF2C64338115F	src/core	UNKNOWN	UNKNOWN	PENDING
002766	src/core/native_inference_pipeline.hpp	.hpp	7607	205	105EA61F227D7200AA3D62BC4EB4529F90579635E61AD19D9932965F43137F92	src/core	UNKNOWN	UNKNOWN	PENDING
002767	src/core/native_log_stub.cpp	.cpp	691	25	CA81495517DC2E7D84EB656ACA6BCBB797754D8A586D8F3CEC4C9BE4189BEF33	src/core	UNKNOWN	UNKNOWN	PENDING
002768	src/core/native_speed_kernels_nonmsvc.cpp	.cpp	9233	271	A882E217BAFBFEA22DA3DF5792514AC2A2BE20136986FC10B9C96B6EBA44BD87	src/core	UNKNOWN	UNKNOWN	PENDING
002769	src/core/native_speed_layer.cpp	.cpp	50585	1360	CBD71EC079C4584CAB376C85808214E7877DF8D3BBB636F52F621AC0C7967CE4	src/core	UNKNOWN	UNKNOWN	PENDING
002770	src/core/native_speed_layer.hpp	.hpp	17147	425	FCF62A66BD27DF579010CAC453638E107273C14FA79D255B5AC058423BEFF9BD	src/core	UNKNOWN	UNKNOWN	PENDING
002771	src/core/native_speed_layer_FRESH.hpp	.hpp	2685	91	CF8523CB599C53925B6E0B044FFF5645C5F5870D22FD4CD160713C4A02EBDDCF	src/core	UNKNOWN	UNKNOWN	PENDING
002772	src/core/neural_bridge.cpp	.cpp	14356	371	799175F8C3BA71B350551AB9D88195D384D577EC8BA58FF90FF6D1B443AD5BD4	src/core	UNKNOWN	UNKNOWN	PENDING
002773	src/core/neural_bridge.hpp	.hpp	9238	270	D7467BF6F07E69A1C002FEE7F782F5C89CDD8321C65E00217CF486A045CAC6E3	src/core	UNKNOWN	UNKNOWN	PENDING
002774	src/core/neural_bridge_stubs.cpp	.cpp	1882	64	343CF912E74CCBF8214805EDCA3284AD2246257367B64374802C1BB7D46577E2	src/core	UNKNOWN	UNKNOWN	PENDING
002775	src/core/neurological_diff.cpp	.cpp	3441	84	36487FD79E39E16C757B64D2938930759011A226214C3FD3EF0832B484BBD3B9	src/core	UNKNOWN	UNKNOWN	PENDING
002776	src/core/neurological_diff.hpp	.hpp	771	37	603A8E3795A4EBC298DA3EE10DFE10E93431A648814D31BB2DA62DB8C909F5ED	src/core	UNKNOWN	UNKNOWN	PENDING
002777	src/core/nvidia_cuda_accelerator.h	.h	33344	714	8811B4847B41BD451173A9C410D795A95B685F07ED21D4E15D92DF48641B5199	src/core	UNKNOWN	UNKNOWN	PENDING
002778	src/core/obsidian_recovery.asm	.asm	1366	42	6545BE758761CFF350E676CE8FF65254A3F8B9E7D96E2925F3C1DCC6E57EEB80	src/core	UNKNOWN	UNKNOWN	PENDING
002779	src/core/obsidian_watchman.cpp	.cpp	1904	47	7851CDCE02F71D16767645B75338CF66228D5615843D49B920C5DBFF10FFD14D	src/core	UNKNOWN	UNKNOWN	PENDING
002780	src/core/offline_mode.cpp	.cpp	641	21	E74841BFAD6F903849A9D75D8800FDF4336F3B85B239B803493852A68F361D8D	src/core	UNKNOWN	UNKNOWN	PENDING
002781	src/core/OllamaInferenceBackend.cpp	.cpp	15944	491	05E1A9348CFBE4F3AD37EB88C0E71765B1E826C06ED6B2CE328D2BC00D48733D	src/core	UNKNOWN	UNKNOWN	PENDING
002782	src/core/omega_asm_native_kernel.cpp	.cpp	6937	260	21FE55968E203B1F47975B0E5FB129668A9DF6F93140F8A426A63C2DD3EA5502	src/core	UNKNOWN	UNKNOWN	PENDING
002783	src/core/omega_orchestrator.cpp	.cpp	14363	386	6023B2F3F6F7B0F457EF8DCF2E3D98B993E75B2D8F359175F8501E0FB3067F88	src/core	UNKNOWN	UNKNOWN	PENDING
002784	src/core/omega_orchestrator.hpp	.hpp	4728	128	669E6D2BBDD77A228FDE7D44EC18B0431C5CB082B4CDFE20763CFF96006D7DDD	src/core	UNKNOWN	UNKNOWN	PENDING
002785	src/core/omega_orchestrator_types.hpp	.hpp	3097	131	B76C64ED809B9DCCF49F8DC2BA0AA70127F6F10A1543BC3255C50347F16CEF1D	src/core	UNKNOWN	UNKNOWN	PENDING
002786	src/core/parity_cpu_fallback.h	.h	3445	98	20A84DA3DF3C8CB43229962EB0A4F1BD53BA74F1F1C6F01D9011BC95CB6A88AA	src/core	UNKNOWN	UNKNOWN	PENDING
002787	src/core/patch_result.hpp	.hpp	1208	47	AC35A9468F001B2CD7D47C57ED504DAD85630956B40A20F753BD0C7EFBAE26C8	src/core	UNKNOWN	UNKNOWN	PENDING
002788	src/core/patch_rollback_ledger.cpp	.cpp	21146	585	20F76AF73251F2B5129E45AAD63AD2D199D8345D105249BB81A907289AF78CAC	src/core	UNKNOWN	UNKNOWN	PENDING
002789	src/core/pattern_stubs.cpp	.cpp	597	20	F50EA3604384008D40DD644D5E2B19D6A2B3F7358FA129E9F763BA6A99D7D68C	src/core	UNKNOWN	UNKNOWN	PENDING
002790	src/core/pci_scanner.asm	.asm	1504	47	2F7B176F15828406C4403AD71A812674095ECF6841207BF1E9EF90E1FEC9EF6D	src/core	UNKNOWN	UNKNOWN	PENDING
002791	src/core/pdb_gsi_hash.cpp	.cpp	25676	682	91F7831304E2ACE5A36C1DADAE0770040C99369E0DB86D04D41BFDE99599CBCB	src/core	UNKNOWN	UNKNOWN	PENDING
002792	src/core/pdb_lsp_bridge.cpp	.cpp	28598	720	300C44FDFB1E1C3D11236BB6F5F609C9146FBE6AEB9B39ACF82E9B9A0F591F1D	src/core	UNKNOWN	UNKNOWN	PENDING
002793	src/core/pdb_native.cpp	.cpp	72989	1864	DBCE45B8E270FBDD97AD342CAA709CC2016BAA2F2DCB58D45C34418A83865031	src/core	UNKNOWN	UNKNOWN	PENDING
002794	src/core/pdb_reference_provider.cpp	.cpp	51894	1351	B1E5A129295726B225540BA0C869953FC2794245A6621D1D2E1ED65EB2A89D7D	src/core	UNKNOWN	UNKNOWN	PENDING
002795	src/core/PendingEditReviewGate.cpp	.cpp	3953	125	81F62D49EE4E3D1A024CE325FA0D30635442AE74A669188EA4369E4301384507	src/core	UNKNOWN	UNKNOWN	PENDING
002796	src/core/PendingEditReviewGate.hpp	.hpp	1744	65	90F5DA33A3D03C06D86648841B739C222C5C3811E2785D3C6E43B71A0EBA481A	src/core	UNKNOWN	UNKNOWN	PENDING
002797	src/core/performance_benchmark.cpp	.cpp	12466	338	68B1DBB67339A7F9048F9DB6E3A6E740DD6DAE0E536D2B57F6F1F34852B2AA2C	src/core	UNKNOWN	UNKNOWN	PENDING
002798	src/core/perf_telemetry.cpp	.cpp	21119	542	6E2476B652E2B7843424ADC2D9D8DA944F7350F2E865230E42E6407FA0F31C66	src/core	UNKNOWN	UNKNOWN	PENDING
002799	src/core/perf_telemetry.hpp	.hpp	10250	301	F41CE8C46ED89C1B8CFB74BBE782EED79E1BCD26BB4CDE254690A38CB28D6231	src/core	UNKNOWN	UNKNOWN	PENDING
002800	src/core/perf_telemetry_stubs.cpp	.cpp	1018	37	D11EA21623F2EFC9DDCD164FBBC2611933A3C1E164DAB66919175D99697ADF91	src/core	UNKNOWN	UNKNOWN	PENDING
002801	src/core/Phase5_Stubs.hpp	.hpp	1252	46	7A98E34D6381D9F298004CB01ACC9A6BDE780739AD765435343F8C0FD06899D3	src/core	UNKNOWN	UNKNOWN	PENDING
002802	src/core/plugin_signature.cpp	.cpp	22690	623	FA96227AC34EF7C6A44F6173DBFD950D2AF5767133E8AE183A889C969BBE5728	src/core	UNKNOWN	UNKNOWN	PENDING
002803	src/core/pqc_key_manager.cpp	.cpp	1960	56	0752FE28388A9C1A0C461DFF5D5380E6F7C90DC6F00A25875BEACF066C4D3DBB	src/core	UNKNOWN	UNKNOWN	PENDING
002804	src/core/priority_queuing.cpp	.cpp	2561	78	CAFBC39FD1B87118DADF0E2CBB2BB4E7998E4A2B7B9430682ED77E53FE54B1EB	src/core	UNKNOWN	UNKNOWN	PENDING
002805	src/core/priority_queuing.hpp	.hpp	2427	78	8862C6624D43F7BB647C85C4AA827100FAD7D90B78EF3C41988FA5D781988F57	src/core	UNKNOWN	UNKNOWN	PENDING
002806	src/core/problems_aggregator.cpp	.cpp	2194	59	5FC9CF0CEDCDFC2BF56BF4298425B7A898EE8E341CB21B02975970912FAB513A	src/core	UNKNOWN	UNKNOWN	PENDING
002807	src/core/problems_aggregator.hpp	.hpp	2195	57	ECE2B77E6772F42CD172BF1166048CBC2F302ACE13582432C4AD49D35DBCE2D5	src/core	UNKNOWN	UNKNOWN	PENDING
002808	src/core/problems_panel_bridge.cpp	.cpp	1995	71	5ED4FCC8AD1B3A2B1AFD52CBDFF10EA4445A9CD90FECDAEFE81905499DF2A263	src/core	UNKNOWN	UNKNOWN	PENDING
002809	src/core/production_release.cpp	.cpp	36319	848	6EFFE261F98C8FA3AE68E42ED6D653F9BBF02E966B5C7C2AE200FB51D9C77713	src/core	UNKNOWN	UNKNOWN	PENDING
002810	src/core/production_release.h	.h	11337	299	F251F5D4229FB5C8D60D3D722A1D36F3CA4992A2A013675DDF0F30A3079C9DFF	src/core	UNKNOWN	UNKNOWN	PENDING
002811	src/core/progressive_engine.c	.c	29377	855	B597FF649865325728172B1ADDBA667D1C03ED4BAD3D16A205C24F6C6D1BF4A4	src/core	UNKNOWN	UNKNOWN	PENDING
002812	src/core/progressive_engine.h	.h	7866	244	A890ABC858D455A7A970D6638B5035562E97FF67BE4910E15DBF927CC776A78D	src/core	UNKNOWN	UNKNOWN	PENDING
002813	src/core/progressive_system.c	.c	21282	595	47DB90AA59179847D0D6DFA117EB43D42E267FEEA0EEC965B7E4519A5062C10B	src/core	UNKNOWN	UNKNOWN	PENDING
002814	src/core/progressive_system.h	.h	4758	134	C2DDA88128524664833C6D1F79140437342CC18D0FFEC3DCC3BB236DC959E411	src/core	UNKNOWN	UNKNOWN	PENDING
002815	src/core/prompt_template_engine.cpp	.cpp	33188	904	6B2B7660A416D5642409B672B79409BBE097563DC7956BBECFCA6A6E2F1C3E0D	src/core	UNKNOWN	UNKNOWN	PENDING
002816	src/core/prompt_template_engine.h	.h	8341	238	3B8FA763AFAB5D342A256D2F0E4908E7F716B1243D04CC531D36963E519A2B02	src/core	UNKNOWN	UNKNOWN	PENDING
002817	src/core/proxy_hotpatcher.cpp	.cpp	17956	459	E290676F4DAA8216926ED1032856A2A5F55CD25510712E0AE308523FFBF48B63	src/core	UNKNOWN	UNKNOWN	PENDING
002818	src/core/proxy_hotpatcher.hpp	.hpp	5566	134	F5F1786E0CD3E33E1D728F33CA33D18DB778E92C2CB5DA49371602E9A801BE42	src/core	UNKNOWN	UNKNOWN	PENDING
002819	src/core/pty_terminal.hpp	.hpp	36865	1268	BD0DF45209EB7573B4C8D653BC00F5FE552653081925B10C6151192631915A36	src/core	UNKNOWN	UNKNOWN	PENDING
002820	src/core/pt_driver_contract.cpp	.cpp	50670	1185	CB138564DF3089CBAC20E9B13F9DB0F4115AC1A52684D4838F9541F5D7E3B65C	src/core	UNKNOWN	UNKNOWN	PENDING
002821	src/core/pt_driver_contract.hpp	.hpp	21828	435	1696DB1CCF89CDE48D8A6D40E25455DFC2DA34814FAAA20F733E66D89E856DE0	src/core	UNKNOWN	UNKNOWN	PENDING
002822	src/core/Pyre_Bootstrap.h	.h	6684	147	D6273795C5F2FC5DC8D636D150004D7506B3A2F367ACA0702247C111B48F1EC0	src/core	UNKNOWN	UNKNOWN	PENDING
002823	src/core/Q4KM_Dequant.asm	.asm	9312	301	ECE5A809D26370D08AB56CCCB59DC3E353A7E55FD98F086A8DD2B2135BA5AA2F	src/core	UNKNOWN	UNKNOWN	PENDING
002824	src/core/Q4KM_Simple.asm	.asm	2363	107	5BF2D60E58070DC85071D75FA22B213108E245691DE6E350311928E4CB9A0311	src/core	UNKNOWN	UNKNOWN	PENDING
002825	src/core/Q4KM_Test.asm	.asm	3174	127	37AF26210D0D165CF4CE1577E42CC83196999DEA8BBCE2F5589C9E93440563E4	src/core	UNKNOWN	UNKNOWN	PENDING
002826	src/core/quantum_beaconism_backend.cpp	.cpp	32587	822	E4AEAA232FF6FFA306431DFB9583EE7667C111F675E7C726851C299DE660CCD2	src/core	UNKNOWN	UNKNOWN	PENDING
002827	src/core/quantum_beaconism_backend.h	.h	7695	216	D52AE153CCDE98E06320865EDFE6562240AEB38E9750847999CAE6722BC0D597	src/core	UNKNOWN	UNKNOWN	PENDING
002828	src/core/quantum_safe_transport.cpp	.cpp	66688	1646	97A0FE8F05EABC1ACB2BFE4AE25F767F02F1942716BE34C09E0501D84DC4A772	src/core	UNKNOWN	UNKNOWN	PENDING
002829	src/core/quantum_safe_transport.h	.h	22406	472	E00CA92CA11577E5A7E83EE3DEC49E37F1F4B32BC43E455B9DA6F75F0C81E244	src/core	UNKNOWN	UNKNOWN	PENDING
002830	src/core/quant_hysteresis.cpp	.cpp	8404	226	42DE42D32C3261F02B6964F7199CB443D51DFDCF74A8939F7897532617821D60	src/core	UNKNOWN	UNKNOWN	PENDING
002831	src/core/quant_ops.c	.c	38847	1047	2E2BFBDD2EC4D6CE7747B0BB39F38702000358B2E99858DDDE8C975FD7981407	src/core	UNKNOWN	UNKNOWN	PENDING
002832	src/core/quant_ops.h	.h	6993	163	22C473383AB3F90B05172C2175DA87312C0CD3E91DCD778BAA605089A05CA9BB	src/core	UNKNOWN	UNKNOWN	PENDING
002833	src/core/quant_test.c	.c	6375	187	0994179F2B631F8F2CB6B135F57543E947FE490ACD110E20BFF19BB6CF75F1DF	src/core	UNKNOWN	UNKNOWN	PENDING
002834	src/core/quickjs_sandbox.cpp	.cpp	20533	584	62DB93B625F109FCC23AC84C08A7A72C5FF10BCD8AFB5E7F8FCEE45188D41E76	src/core	UNKNOWN	UNKNOWN	PENDING
002835	src/core/rate_limiting_engine.cpp	.cpp	4150	113	AE6B2D12C2ABBF3D54AA4C563075998F992FDEF807FA63811D0E5F947A10B733	src/core	UNKNOWN	UNKNOWN	PENDING
002836	src/core/rate_limiting_engine.hpp	.hpp	2152	64	AE5E28C965D273E44A1A18812DDBE6E00D596F6C998A7F54B1AC6250EED82A7E	src/core	UNKNOWN	UNKNOWN	PENDING
002837	src/core/rawrengine_command_handlers.cpp	.cpp	11889	293	08E7762403CF6941DF8A21F38D808836D00D7CBEFEA500D7A6EF0D877B782287	src/core	UNKNOWN	UNKNOWN	PENDING
002838	src/core/rawrxd.h	.h	34999	841	C08F7E83A02479B951AB488A5A16D790A5FD00EBDBF38AA2B10F55B06029A774	src/core	UNKNOWN	UNKNOWN	PENDING
002839	src/core/RawrXD_120B_Loader_C.h	.h	5392	124	A968ACFD7CBBC8E478DDFF3DA4C665835632AC5CAC0D0930CBF34F460C3ED0A9	src/core	UNKNOWN	UNKNOWN	PENDING
002840	src/core/rawrxd_cli_main.c	.c	21468	603	058EAB9320047D2CF44DD42B6DF290BEAB5600540105822D41507DE089A64372	src/core	UNKNOWN	UNKNOWN	PENDING
002841	src/core/rawrxd_core.h	.h	50511	1272	14D6BFE078AC13AE5CC55A02FEA1AC7AFDAB0B5000DCC0A6253569820380E64D	src/core	UNKNOWN	UNKNOWN	PENDING
002842	src/core/rawrxd_core_demo.c	.c	10572	277	1EA2ACD01D6709A6576C5F07BD0A1F5A111CA9A095E9263896609BC2F4D65AF1	src/core	UNKNOWN	UNKNOWN	PENDING
002843	src/core/rawrxd_core_test.c	.c	19612	517	72915D8F287AC6D5A6E8BE3CAC16B59AE87F307B9CA12BE8BF9A0ACC78F566AC	src/core	UNKNOWN	UNKNOWN	PENDING
002844	src/core/rawrxd_cot_impl.cpp	.cpp	2274	66	FBC8E90DF91CFDDEDBB367F3A01D38CAF5DE26FE61DFA6D98146808261BA6119	src/core	UNKNOWN	UNKNOWN	PENDING
002845	src/core/RawrXD_Cylinder.h	.h	2132	51	50DFED6A14422D44984B052361C47973F009D2118DD70CA4D834C3A55BA6FEC0	src/core	UNKNOWN	UNKNOWN	PENDING
002846	src/core/rawrxd_demo.c	.c	20005	408	844ECE8D9941E0AB862884530D21B579C515AE111677F78BBB5D98AF638C1CA7	src/core	UNKNOWN	UNKNOWN	PENDING
002847	src/core/RawrXD_FeatureRegistry.cpp	.cpp	8142	220	A35C4805A4A7C6988AF53A8E38AAFF13A4F6FD5BDDEDD069022102CCE78031FA	src/core	UNKNOWN	UNKNOWN	PENDING
002848	src/core/RawrXD_FeatureRegistry.hpp	.hpp	4016	94	2AD100756435C18F8EF245FD906C29D47C54DBDF8F134A6EFB287BA712C0F142	src/core	UNKNOWN	UNKNOWN	PENDING
002849	src/core/rawrxd_hardware_spoof.h	.h	29055	824	9B922EEEFB2F4899A6EE3C96ECACB0BE7BF444538E69B880796CDB68E2313EEB	src/core	UNKNOWN	UNKNOWN	PENDING
002850	src/core/rawrxd_hwsynth_bridge.cpp	.cpp	3997	142	EE66F5533E1D8E239C95319FAB4270A63F2A028CA5221092B410C44293A28E48	src/core	UNKNOWN	UNKNOWN	PENDING
002851	src/core/rawrxd_inference.c	.c	17938	521	15087E7822717764B3CCE88A70AB2CCFBF3FC0906413F7FE40C5C0AC50F62393	src/core	UNKNOWN	UNKNOWN	PENDING
002852	src/core/rawrxd_inference.h	.h	17658	490	15B99F05E689778832722721FF3BE8AEC51735FAC2805168C9097032357B8758	src/core	UNKNOWN	UNKNOWN	PENDING
002853	src/core/rawrxd_json.hpp	.hpp	10955	264	BD1C9CEB475EB21D5C3FE8D5F5336B69F2FDAD9FA0D7BAE0F9D776AC56290515	src/core	UNKNOWN	UNKNOWN	PENDING
002854	src/core/rawrxd_linker_closure.cpp	.cpp	21827	523	5EEB99C17EBB3A12CBC6014470A0946D4C61F3BCEF4FD8B02D971E86AB2AC2C0	src/core	UNKNOWN	UNKNOWN	PENDING
002855	src/core/rawrxd_mesh_bridge_a.cpp	.cpp	8949	218	7504197590095D01B9C29DFE0683A852F521C225A72384C6D8DD7AF3D913D11A	src/core	UNKNOWN	UNKNOWN	PENDING
002856	src/core/rawrxd_mesh_bridge_b.cpp	.cpp	3679	135	F61AE43737D61130347FB2926E532F8DFC337FCA24A87540255C8097FBC72D6F	src/core	UNKNOWN	UNKNOWN	PENDING
002857	src/core/rawrxd_model_stream.c	.c	20420	626	DB810DAB264DECAE8006B33C52D7733FEC90FD13F691798F17440A8953D88D91	src/core	UNKNOWN	UNKNOWN	PENDING
002858	src/core/rawrxd_model_stream.h	.h	11837	320	407259E26FF10FAFC1CE5B6E32195FAD2A9F62D32A0305B20C9659E2798009AE	src/core	UNKNOWN	UNKNOWN	PENDING
002859	src/core/rawrxd_moe_sparse_bridge.hpp	.hpp	4836	154	5595D8C438462C3027D449D4DE29B7AF1642F14A4F3C9D0D6C7C6EA8C4E7DB2A	src/core	UNKNOWN	UNKNOWN	PENDING
002860	src/core/rawrxd_native_log_bridge.cpp	.cpp	898	40	8D4F9233FBD144225D0BC118258139EE1576F5236F224BF10BB60D1322CD9188	src/core	UNKNOWN	UNKNOWN	PENDING
002861	src/core/rawrxd_native_log_impl.cpp	.cpp	6111	171	1123E303BA0F277BE9FB72E040A068FE46FEE39C84E332338ED1A8D17990EF6D	src/core	UNKNOWN	UNKNOWN	PENDING
002862	src/core/rawrxd_native_log_production.cpp	.cpp	4282	176	B6D756D6FB126C9AA4672EDD319F4B787789233AF95BA59BFB744CDEB92D3D9E	src/core	UNKNOWN	UNKNOWN	PENDING
002863	src/core/rawrxd_neural_bridge.cpp	.cpp	5464	192	C9267ED03D22B1776BD2AE2E31D09DE1596B1135104659A3E01C3C8E5E453C53	src/core	UNKNOWN	UNKNOWN	PENDING
002864	src/core/rawrxd_nexus.c	.c	45801	1125	7961C86DF41E798093CAE293DA54A0205D89011E3EC0FB0A78FF548720DCAA32	src/core	UNKNOWN	UNKNOWN	PENDING
002865	src/core/rawrxd_nexus.h	.h	18636	450	A43E13CDDAB98ECE8B6DCA35CD2C75842966E66EFC61D934E17B7EFB90896BD3	src/core	UNKNOWN	UNKNOWN	PENDING
002866	src/core/rawrxd_nexus_benchmark.c	.c	30440	680	417D01919825B2519FFA2B205C4EBE082C03E450ADE35E82B9CB1C9E38B2F594	src/core	UNKNOWN	UNKNOWN	PENDING
002867	src/core/rawrxd_nexus_test.c	.c	31152	798	85BA2150C0707BE09FE93E5265EC2E11BC793A0143C1F66E2E478C6B105135F2	src/core	UNKNOWN	UNKNOWN	PENDING
002868	src/core/RawrXD_Platform.asm	.asm	13890	519	03CA442122F9916AC24BB46392DDEBCF3BD0880E0958B1EE8CF1E0D89224E650	src/core	UNKNOWN	UNKNOWN	PENDING
002869	src/core/RawrXD_Platform_Simple.asm	.asm	3403	138	A688DCF4B1CBCA0872CF2748149152E532009DD837936358241D62BBD9E621AC	src/core	UNKNOWN	UNKNOWN	PENDING
002870	src/core/rawrxd_quant_avx2.c	.c	13060	351	3A96CAC7AAC63A8C8410B4D17C80E7FAEC2C2EABE4AC874D6909DEDE8E4827BB	src/core	UNKNOWN	UNKNOWN	PENDING
002871	src/core/RawrXD_Scheduler.h	.h	2845	76	354BAFE3138CDEF769AC252E3EC7797BD825B1B2A6A14B15D6082F2C25B1C254	src/core	UNKNOWN	UNKNOWN	PENDING
002872	src/core/RawrXD_Sovereign.asm	.asm	4346	182	07B4E5E393EE7EF6037B7B3FB6D22A07A9694210714440F9AB65D2F31E35DC8F	src/core	UNKNOWN	UNKNOWN	PENDING
002873	src/core/RawrXD_Sovereign_REAL.asm	.asm	10451	383	07A90175D341C4A62F39F217CB1EEA021F730F8A9300596B8289912BE3CFD7BF	src/core	UNKNOWN	UNKNOWN	PENDING
002874	src/core/rawrxd_speciator_bridge.cpp	.cpp	4893	172	054272154DAF4F3B6FA5884B4482DA4D60FD3B7B4124F06028DA24E6BBE5D04A	src/core	UNKNOWN	UNKNOWN	PENDING
002875	src/core/rawrxd_spengine_quadbuf_bridge.cpp	.cpp	7364	265	0A8D29302064C08E5AA331378A8DDF85C7F5D2AC9DEACADA8CCCC51B28885CEE	src/core	UNKNOWN	UNKNOWN	PENDING
002876	src/core/rawrxd_state_mmf.cpp	.cpp	35559	1086	1C08900C41623ECB86C995DDB58FF01322781F79FA05EE9CCCF011E0E14EA15E	src/core	UNKNOWN	UNKNOWN	PENDING
002877	src/core/rawrxd_state_mmf.hpp	.hpp	12063	300	6ABD668FD50C768484ECF4CD5C71EADDACD02219FB3B8D3C6C9774A8CE9CA2DD	src/core	UNKNOWN	UNKNOWN	PENDING
002878	src/core/rawrxd_subsystem_api.cpp	.cpp	24591	638	0FC2F0FC701412A64E0671AC90507E8EA1952FB79F493DFB4960067F4279121C	src/core	UNKNOWN	UNKNOWN	PENDING
002879	src/core/rawrxd_subsystem_api.hpp	.hpp	10714	307	4E759887DAFD32D5EABA7B0DD78EE0CF637029ABC8578977F15D04B53522ABFB	src/core	UNKNOWN	UNKNOWN	PENDING
002880	src/core/rawrxd_subsystem_api_impl.cpp	.cpp	3230	101	801DD21A06224C0B7D6BAB352F48CF36E3AD9C247C253A315FD37E2E8A9B6EB4	src/core	UNKNOWN	UNKNOWN	PENDING
002881	src/core/rawrxd_subsys_modes_a.cpp	.cpp	1172	54	6DC208D08463D88C4D1F50A2F0AFC41A87DC2B8AC500E95B02E5185676143899	src/core	UNKNOWN	UNKNOWN	PENDING
002882	src/core/rawrxd_subsys_modes_b.cpp	.cpp	1188	54	9B7E4486C7F44D72044AD1C6A24DDF628BF272F0B968D73353606B4A692A108B	src/core	UNKNOWN	UNKNOWN	PENDING
002883	src/core/rawrxd_subsys_modes_c.cpp	.cpp	1900	62	FFE53D8B1A1D665C20AD97D6580BB30F54653F458E284388C8C3C91807CD6270	src/core	UNKNOWN	UNKNOWN	PENDING
002884	src/core/rawrxd_subsys_modes_d.cpp	.cpp	12206	518	8B6FF00B07A13E45A73AE3E4A3DCF54CA4DCDA4CBB5C0ECF36B34B55C14E54D7	src/core	UNKNOWN	UNKNOWN	PENDING
002885	src/core/rawrxd_subsys_ops_impl.cpp	.cpp	4320	133	743CA04E56B3E3BF5440E6C036D596AC8DF24F69146932CB5BE30313C3788F07	src/core	UNKNOWN	UNKNOWN	PENDING
002886	src/core/rawrxd_swarm.h	.h	36148	1000	7E301621C2F08451B992394BA556E232804ABAF83E13ACA34B3400F29FC1AA5E	src/core	UNKNOWN	UNKNOWN	PENDING
002887	src/core/rawrxd_swarm_demo.c	.c	27836	391	72B8FE4A56C1238B53889FC069FFAD0B575688BDCCA238EB6687DBBF0366C883	src/core	UNKNOWN	UNKNOWN	PENDING
002888	src/core/rawrxd_swarm_test.c	.c	21024	531	4FFF0A5061E6025F2026F45B080D920BFD59F885E5E168E7CE67DF91CE34C74C	src/core	UNKNOWN	UNKNOWN	PENDING
002889	src/core/rawrxd_test.c	.c	18079	521	A03DAD0F058E6CA5EC073EEBE315FA331363649A7C477DA8F7CEC3583AF35D2D	src/core	UNKNOWN	UNKNOWN	PENDING
002890	src/core/RawrXD_Ultimate.asm	.asm	15379	558	239A18BABCEE85A47B44AE5FE432AB69298F36B7A1295C02D04AEA5F7A1EF01C	src/core	UNKNOWN	UNKNOWN	PENDING
002891	src/core/rawrxd_version.cpp	.cpp	1572	48	74F03AA65CD2E79EFAA75E074A9EEF51E8A76A07A83C8D86FC9B4A600F486F3E	src/core	UNKNOWN	UNKNOWN	PENDING
002892	src/core/rawrxd_watchdog_bridge.cpp	.cpp	4277	112	B471C53D955F82A6FEFBC08A1521FF5995A6DF5D15538AE4B299A0C4C447099E	src/core	UNKNOWN	UNKNOWN	PENDING
002893	src/core/rawr_engine_link_closure.cpp	.cpp	133351	3897	899B11D588BE1CA0E0163DC8D06C3BE67F0035EF58B811B7371B2B8A36EFBAB7	src/core	UNKNOWN	UNKNOWN	PENDING
002894	src/core/rawr_engine_link_production.cpp	.cpp	2394	107	AC07B320318BB80472CF310400BAB30CD64C5F04EBB5F6B000E19A88BFD40B0A	src/core	UNKNOWN	UNKNOWN	PENDING
002895	src/core/rawr_inference_pipeline.cpp	.cpp	8691	275	AF3D4595C235532E8DA34DCE0486D2BAE2E071EDDDAAA5FEC746225B7E28BCD0	src/core	UNKNOWN	UNKNOWN	PENDING
002896	src/core/rawr_inference_pipeline.h	.h	3376	70	82F0AF8083B6B2AC9866F2827B7AC9CC12BD15AA4FEF1A3A37287440D2E6FDD6	src/core	UNKNOWN	UNKNOWN	PENDING
002897	src/core/rawr_streaming_inference_core.hpp	.hpp	22027	613	361DAD0CCE01FA5AF0F13D0AE9B82F848B8625BF9DA84F274C0376F7EE0388B2	src/core	UNKNOWN	UNKNOWN	PENDING
002898	src/core/rdna3_stubs.cpp	.cpp	2696	95	B6BC266C01309011A3F8BA5019BC8DBD7C8D71E5288077E232C2D95F5661147E	src/core	UNKNOWN	UNKNOWN	PENDING
002899	src/core/reasoning_cot_bridge.cpp	.cpp	11253	293	22CDA501192EDD48C9091619C5C7E0D76A768DD3DA8040FC0C6F219D8293A7A6	src/core	UNKNOWN	UNKNOWN	PENDING
002900	src/core/reasoning_pipeline_orchestrator.cpp	.cpp	47193	1256	2FB1E10D221EAA655615E3DC0994FFF30E4CB8FE9706757D507A5BC04D090BE1	src/core	UNKNOWN	UNKNOWN	PENDING
002901	src/core/reasoning_profile.cpp	.cpp	43669	1083	D1F40A3CD363B98D702CC2F0C5F865777581562AEFB7B44A8146A636E9285C49	src/core	UNKNOWN	UNKNOWN	PENDING
002902	src/core/reasoning_schema_versioning.cpp	.cpp	24790	601	72A655AF2E5D752B5D87796E540E134346DC35CEB20B9B7655E2C5DEF1896283	src/core	UNKNOWN	UNKNOWN	PENDING
002903	src/core/reasoning_schema_versioning.hpp	.hpp	10900	286	CF432FC416E4355AE6E773C4AD0449D91005267AB406B38496DDF161BA1F966F	src/core	UNKNOWN	UNKNOWN	PENDING
002904	src/core/refactor_preview.cpp	.cpp	3339	112	9A83C1D5FC6CD9464ACFFC816AAF7648D29E7D1A0D4C2CA9C6CBA6C0CD479FC7	src/core	UNKNOWN	UNKNOWN	PENDING
002905	src/core/release_checklist.cpp	.cpp	18838	476	3C4856FB40BDB4AC7F48484D4AFD9F668C9574F9E3D6C8DDF348CB165D85B621	src/core	UNKNOWN	UNKNOWN	PENDING
002906	src/core/remaining_link_closures_nonmsvc.cpp	.cpp	5707	160	51B007E8D17767A7023110EB9C54B1AC8ADF97DA5CAED24311CB8FF33B7ED31D	src/core	UNKNOWN	UNKNOWN	PENDING
002907	src/core/RemoteCluster.cpp	.cpp	30514	887	E094F0E7C09C2550257DDE47746F306BA2C3BBEF1CE8C3D500A3A82BE6466944	src/core	UNKNOWN	UNKNOWN	PENDING
002908	src/core/RemoteCluster.h	.h	6639	186	96E1DA885C1E082C09EBC052DACCE24EAE98BA7455C407AEBF22110974A8738B	src/core	UNKNOWN	UNKNOWN	PENDING
002909	src/core/request_batch_scheduler.cpp	.cpp	8651	218	7B9C773DFF4D127E7E1DC3CE6CEC5A7DCF718FEFD076EA92D69679F0168E7584	src/core	UNKNOWN	UNKNOWN	PENDING
002910	src/core/request_batch_scheduler.h	.h	5483	133	384F52714BE72C366B20395594F3E128539696403F01B12891E3D165786C2564	src/core	UNKNOWN	UNKNOWN	PENDING
002911	src/core/resource_arbiter.cpp	.cpp	14905	441	97B96550A828D12290BAB01DC233E41EAF7ECCD76DEB74D050800DFA6AAE46BD	src/core	UNKNOWN	UNKNOWN	PENDING
002912	src/core/resource_arbiter.h	.h	5078	144	A5527F6F8BBB41CD8E12AEAE3C94437B0B951E67663844C970456081E78CCD45	src/core	UNKNOWN	UNKNOWN	PENDING
002913	src/core/reverse_engineered_bridge.cpp	.cpp	30327	817	1A2E0F573E4FF5CBB296FA0FD237C74ED3DAFA79DE241D1EBAEB29F8925E2A6C	src/core	UNKNOWN	UNKNOWN	PENDING
002914	src/core/RichEditEditorEngine.cpp	.cpp	26212	675	78A729415EC0403E8FF8B4300719592E02711139C7DD362FF0FC4566826162B5	src/core	UNKNOWN	UNKNOWN	PENDING
002915	src/core/rollback_engine.hpp	.hpp	2664	103	0C7457ADFA190503E993960CF4425C686C37C502218B4C711BFAA5C323D1AE6A	src/core	UNKNOWN	UNKNOWN	PENDING
002916	src/core/rtp_stubs.cpp	.cpp	2083	77	22338FD8DCB49875A5E936FFA6ED3CF2971099963305DF4F7944A1BCD291A469	src/core	UNKNOWN	UNKNOWN	PENDING
002917	src/core/runtime_symbol_bridge.cpp	.cpp	65074	1919	12A0EF76A4D4157CD78777FEC16A53B79EFCBBE15DA3CD03F690EC1217347FAD	src/core	UNKNOWN	UNKNOWN	PENDING
002918	src/core/rust_ast_nodes.hpp	.hpp	4664	127	F4C102A29ADCDF1876C180688559F28C0FB531BB789F83E7D04E9E0C4B4121EA	src/core	UNKNOWN	UNKNOWN	PENDING
002919	src/core/rust_parser.cpp	.cpp	38982	916	AB53802D9C3CBB56BDA1ACF6652DFECB34E2973D9FA9C919CC2B0CBEB9E92C73	src/core	UNKNOWN	UNKNOWN	PENDING
002920	src/core/rust_parser.hpp	.hpp	3973	88	C66BCF18971A73E4D71D5369F9BF3559258BE7F2FBEC267AB2C093360C2E16A2	src/core	UNKNOWN	UNKNOWN	PENDING
002921	src/core/rust_parser_v2.cpp	.cpp	28272	833	8F5221A31D0DD04C3B0B0F84F3A44F9660F56B7A7141F3AA85014FF56D817DF4	src/core	UNKNOWN	UNKNOWN	PENDING
002922	src/core/safe_inference_session.cpp	.cpp	21409	642	98D5C835BAD436657A933EFB32304664E7BDAD530597F05A19574652E0651CB5	src/core	UNKNOWN	UNKNOWN	PENDING
002923	src/core/safe_inference_session.hpp	.hpp	7772	261	066568AB7118E8BBC4A10213A3D347371B99507BBCCD2FBAA499B6212C4806F7	src/core	UNKNOWN	UNKNOWN	PENDING
002924	src/core/safe_refactor_engine.cpp	.cpp	23324	630	06C65DBE48A4C37478614F93B82C80D61518A4B844F2D2B9D164F018E8C00CDA	src/core	UNKNOWN	UNKNOWN	PENDING
002925	src/core/safe_refactor_engine.hpp	.hpp	11680	298	18EF9D2793329AECFF984F95A9BF5D849CAE53C218CB5EACAD205FC96D5AF4D1	src/core	UNKNOWN	UNKNOWN	PENDING
002926	src/core/sampling_chaos.asm	.asm	12641	456	C39893DCFA2C80DC5D9B288C78AA69D604B0D7AAD13E207608A4F39A6487740B	src/core	UNKNOWN	UNKNOWN	PENDING
002927	src/core/sandbox_integration.cpp	.cpp	39609	1013	9CC2E3232335D530DB493055C36A8DE5B2235E929D9594EFB4D9710B7D9A72E9	src/core	UNKNOWN	UNKNOWN	PENDING
002928	src/core/sandbox_integration.h	.h	8964	234	B548F709A05AE4585B0B22B7A4FE20F6EC8C9B9CC2C1CB38ED800D8D5BDCE713	src/core	UNKNOWN	UNKNOWN	PENDING
002929	src/core/scheduler_completion_integration.cpp	.cpp	13648	421	7376EFD10AF9D109AFB6AD419368FC58026B8E3CD8452467B716452B3FA5AD20	src/core	UNKNOWN	UNKNOWN	PENDING
002930	src/core/scheduler_completion_integration.h	.h	7917	197	A14E7BFE5FE3D25BF29C8652A5BEB358645975AEC9EE85A95EDBFC690E462AD4	src/core	UNKNOWN	UNKNOWN	PENDING
002931	src/core/scoped_instructions_provider.cpp	.cpp	13015	419	B164102A9FBF241E8E45B289F5BF2094BA5CF57EC816220ADD86B77F7D34B08B	src/core	UNKNOWN	UNKNOWN	PENDING
002932	src/core/scoped_instructions_provider.hpp	.hpp	4359	147	E8739B6301326D042568D38CB0B8C3040702ED6B4517E6239D5E6D1F9C4127B3	src/core	UNKNOWN	UNKNOWN	PENDING
002933	src/core/security_identity.asm	.asm	1638	63	F4CCBF943A76806BB8D86E0D1E74ACBC617CFCB0F178EFD29F4CF3F3299BC839	src/core	UNKNOWN	UNKNOWN	PENDING
002934	src/core/sekv_system_edition.cpp	.cpp	41322	1110	9C6C0FF530279EFC0623B1D299C92BB593E7A154F67B68B101BF5EA6EAC28F52	src/core	UNKNOWN	UNKNOWN	PENDING
002935	src/core/sekv_system_edition.h	.h	15433	408	1D937F1154F4E81CEE1D57381278F13A94A551DACA4AD5EE862C5D6C9C930BA9	src/core	UNKNOWN	UNKNOWN	PENDING
002936	src/core/self_evolving_watchdog.cpp	.cpp	2392	68	9C2A6DADC9AD3468B48A65ADAF3FB9DF853656750A47C9CAA28B1C834083466C	src/core	UNKNOWN	UNKNOWN	PENDING
002937	src/core/self_healing_heartbeat.cpp	.cpp	2036	71	D8BEC334F50BC62204BB56835B501E74CF6BD1CD4B4B30A4B50D7774646BC948	src/core	UNKNOWN	UNKNOWN	PENDING
002938	src/core/self_host_engine.cpp	.cpp	19820	572	ED44B46DA1F2F85A12CD0940E53B9509D1F3208CDA38A2C0E1B4343B62E28223	src/core	UNKNOWN	UNKNOWN	PENDING
002939	src/core/self_host_engine.hpp	.hpp	10796	288	CBBB3F20F6364034CF04E7A9FEA4D3B39BC201E7FB96A6AE42E904E27DDEDDB0	src/core	UNKNOWN	UNKNOWN	PENDING
002940	src/core/self_repair_loop_nonmsvc.cpp	.cpp	6905	210	69D517EC0CADE6A038C31456864E4FD5EB5AF60EAEBBF3A84485ADE6A656FB16	src/core	UNKNOWN	UNKNOWN	PENDING
002941	src/core/semantic_code_intelligence.cpp	.cpp	41095	1141	07EA3A61A2C0A0A11F7A5EC13F0FFFEEAD2ED09D01E2B18B6B7EB9FF1898DD5E	src/core	UNKNOWN	UNKNOWN	PENDING
002942	src/core/semantic_code_intelligence.hpp	.hpp	17227	426	6B8436650BFA3FF4D78A3AB1A504BF894680DD2BCB98A102C190B45A0894EC25	src/core	UNKNOWN	UNKNOWN	PENDING
002943	src/core/semantic_delta_tracker.cpp	.cpp	20924	554	E8F86FC473569FD0B8881376B1BE83DED2F85CFEC9EB20973D4DB7DF58234020	src/core	UNKNOWN	UNKNOWN	PENDING
002944	src/core/semantic_delta_tracker.h	.h	12125	290	A864AE7C0F81AEFB50CE377843ED3A1EA83C546EC74F51907D5151A3AE22EF50	src/core	UNKNOWN	UNKNOWN	PENDING
002945	src/core/semantic_search_impl.cpp	.cpp	12803	409	BD5A3C5551C367E6C7FC2FE2785961282989E21C7F88023B908F165F2E51AAC9	src/core	UNKNOWN	UNKNOWN	PENDING
002946	src/core/sentinel_watchdog.cpp	.cpp	28897	757	9E02BADCF956DB583D1866B713F49ABF97C7396AB298B547503E41BF622B875C	src/core	UNKNOWN	UNKNOWN	PENDING
002947	src/core/sentinel_watchdog.hpp	.hpp	9607	231	AC66092E047B84C472B0D1EE535C0AB1AD62CF85F85EE762E80104FC98A32ADA	src/core	UNKNOWN	UNKNOWN	PENDING
002948	src/core/session_manager.cpp	.cpp	2006	56	EC6E7213A199DDF8DA65E36DBBF153489DCC55DDA17C2401835F5CFACB4B6BA2	src/core	UNKNOWN	UNKNOWN	PENDING
002949	src/core/settings_persistence.cpp	.cpp	1998	64	45C6B40EB8B6EB85397F5588DD69ADD2863505B3167B825E39DAE2BD9FCDE752	src/core	UNKNOWN	UNKNOWN	PENDING
002950	src/core/settings_persistence.h	.h	1901	52	58F7E5BCC6BFB1E24C87A1C33E1B06366AC7BEBCE89ABDE5A1D412A081F9F531	src/core	UNKNOWN	UNKNOWN	PENDING
002951	src/core/shadow_page_detour.cpp	.cpp	34838	993	88B5BA661127C0DFB590DEE323463786D81BBC1D569998BE93BC443CF534D860	src/core	UNKNOWN	UNKNOWN	PENDING
002952	src/core/shadow_page_detour.hpp	.hpp	13404	318	E3384B4424361C57CED9803F406B02F4B436BE596D4C291C3D4E2E3E4B76E15B	src/core	UNKNOWN	UNKNOWN	PENDING
002953	src/core/SharedMemoryManager.cpp	.cpp	8741	243	41F3D82466130FED6EF2E1442EC381023AFD53590F65B722C61DD9925F050385	src/core	UNKNOWN	UNKNOWN	PENDING
002954	src/core/SharedMemoryManager.hpp	.hpp	3069	87	C44D3C8D9F596424312A029CEA71F4225E662BB181EB8E61B5B6A9F24CEEA693	src/core	UNKNOWN	UNKNOWN	PENDING
002955	src/core/SharedSessionLayout.hpp	.hpp	2256	53	B38388335806119ABDA6A1278D68444E7BA1334A0657C11DD711B80D96F2CE06	src/core	UNKNOWN	UNKNOWN	PENDING
002956	src/core/shared_feature_dispatch.cpp	.cpp	2849	69	1AA34FA72D541DCDE537B286F25B341DDFF2786CD0ECDF19D5842B7E02DF7C17	src/core	UNKNOWN	UNKNOWN	PENDING
002957	src/core/shared_feature_dispatch.h	.h	25147	562	E1B8D8975BF8DBAF8C4E3274D1605D1E228787B437630896BB9EAC522CC0C902	src/core	UNKNOWN	UNKNOWN	PENDING
002958	src/core/shortcut_manager.cpp	.cpp	16985	469	9E891D2622AFE3ED44CF5824A4C87396E2ABFF3C0AACD07184828E76684E0A03	src/core	UNKNOWN	UNKNOWN	PENDING
002959	src/core/shortcut_manager.hpp	.hpp	5154	140	2CC736359D4F912DCF69EA56FB52B95250FA2ED0570679E73B2D16AD570E6D6D	src/core	UNKNOWN	UNKNOWN	PENDING
002960	src/core/SimpleCRT.asm	.asm	331	25	B0FB9A77279992E643B836DB81344D4E78DFC9DB63690809F1F8069BC1FEBE30	src/core	UNKNOWN	UNKNOWN	PENDING
002961	src/core/SimpleTest.asm	.asm	660	33	FD6BD8EBC2C32FA882112F89830B0B8CC300C5F0B94F5530DF1DAA1CD70CD383	src/core	UNKNOWN	UNKNOWN	PENDING
002962	src/core/SimpleUltimate.asm	.asm	1525	74	558AE9149B69C03BB92153D83E64A38FE5B26A6FD26245AB37510237E252D0DE	src/core	UNKNOWN	UNKNOWN	PENDING
002963	src/core/slash_command_dag.cpp	.cpp	15381	449	FCB157D9703FBF625F947C265115AFE285FC1CC4EB0B3C734E136A2405E7FBFB	src/core	UNKNOWN	UNKNOWN	PENDING
002964	src/core/slash_command_dag.h	.h	11971	300	2DB1200898939D1EC7197819890C5ECDF0309CBA22A4184996A2A601C0C695D2	src/core	UNKNOWN	UNKNOWN	PENDING
002965	src/core/slo_tracker.hpp	.hpp	8058	232	895EFA2EDB003EA96E671F4FAB87F90964C44A3CEB5275E37CFE75EAAD0A42D6	src/core	UNKNOWN	UNKNOWN	PENDING
002966	src/core/SovereignAutoLoop.cpp	.cpp	22473	610	4ABBF99CD49199541E54773CC8857FB3555EA31B8CC56BFBA3409CAF78F8686A	src/core	UNKNOWN	UNKNOWN	PENDING
002967	src/core/SovereignAutoLoop.h	.h	8935	217	D5E5B1ABC7711405C96722A1403FBF52A3A66B3A3C715005D7B576A823288FFA	src/core	UNKNOWN	UNKNOWN	PENDING
002968	src/core/SovereignEvolutionaryDynamics.cpp	.cpp	25108	682	8DC736EBB28F8052557C3343ECAE60E6E38CBADB2C3E41E8033247E0AC503820	src/core	UNKNOWN	UNKNOWN	PENDING
002969	src/core/SovereignEvolutionaryDynamics.h	.h	8100	210	B72DD18A6A99FA59EF13652C1E51A57F557F9B35F1A16889ADC13E99E43D15DD	src/core	UNKNOWN	UNKNOWN	PENDING
002970	src/core/SovereignExploitDevelopment.cpp	.cpp	38779	1132	15AEA661E2ACB62FA187E58947F499119899F154F056CAB67236D9820383C171	src/core	UNKNOWN	UNKNOWN	PENDING
002971	src/core/SovereignExploitDevelopment.h	.h	12465	314	7BD7A70073AC1F7FFEDCF621D53EBB3E2572E20DB6E1E814F6519323E618AED3	src/core	UNKNOWN	UNKNOWN	PENDING
002972	src/core/SovereignHypervisor.cpp	.cpp	28904	971	9D9B805A6B8E4346FA51EC56E3E519C05F53139365B0C777AB4E6889C86B277B	src/core	UNKNOWN	UNKNOWN	PENDING
002973	src/core/SovereignHypervisor.h	.h	10601	313	B86B4217DF7DBBB837D9B026C91A2A8F8E9370BB8BEF882145A41915CEA93216	src/core	UNKNOWN	UNKNOWN	PENDING
002974	src/core/SovereignIntegrationMaster.cpp	.cpp	38792	1015	C7D4B44EA6A353885AF49FC01C2C797017862E54907F6ECDC473DEEE62D79CA6	src/core	UNKNOWN	UNKNOWN	PENDING
002975	src/core/SovereignIntegrationMaster.h	.h	10654	305	AD00D60D83C453BE268BD70C827DFF030FD1CC5C0883344E5DBE06FE8E3E4EBA	src/core	UNKNOWN	UNKNOWN	PENDING
002976	src/core/SovereignIntegration_Execute.cpp	.cpp	17595	382	75431291CEE0643C38B106C546765292A1DB3777D7DD3B6BD1C3BA654D26E8CC	src/core	UNKNOWN	UNKNOWN	PENDING
002977	src/core/SovereignK_Client.cpp	.cpp	7264	269	88110B8A305CD760D260524EA9D10F2949C448A36C2F37CACD1694F76C8620DA	src/core	UNKNOWN	UNKNOWN	PENDING
002978	src/core/SovereignNetworkProtocolAnalysis.cpp	.cpp	32850	939	9462BE8A13967EA8A60BA6E90D25F56F1A9883F0BC84522B507F4ADE35F2EA84	src/core	UNKNOWN	UNKNOWN	PENDING
002979	src/core/SovereignNetworkProtocolAnalysis.h	.h	10026	280	7656C738802C8579BA2D278C0AC8DC5963CF2D28FE6D5D4A822344EF08635B19	src/core	UNKNOWN	UNKNOWN	PENDING
002980	src/core/SovereignOrchestrator.cpp	.cpp	31776	929	08135EB98A27DF7E05762579461F4E17E72A26AD3779419BCA6F770AA6C80659	src/core	UNKNOWN	UNKNOWN	PENDING
002981	src/core/SovereignOrchestrator.hpp	.hpp	7217	298	083DA0927A702DEF9BBA9C44834A972AE383AD14365BE6A2E7008992C74708AF	src/core	UNKNOWN	UNKNOWN	PENDING
002982	src/core/SovereignSEG.cpp	.cpp	20343	583	A41696F4767166402B3D3C786681FC76F6585F62707646F407B8EDBF7F1C647C	src/core	UNKNOWN	UNKNOWN	PENDING
002983	src/core/SovereignSEG.h	.h	6541	166	9821923BDC04B206EFE40A3E9FB73A201C169559787030DB57E2274E836F0CB2	src/core	UNKNOWN	UNKNOWN	PENDING
002984	src/core/SovereignSelfBuildLoop.cpp	.cpp	14043	469	5BECBBA2BFD8B84DE03C2AAFD4C0DDA0A317DC61488689002810B55372CDF00D	src/core	UNKNOWN	UNKNOWN	PENDING
002985	src/core/SovereignSelfBuildLoop.h	.h	4774	133	226EB0F33D79363DF92B4ACA32B7E4B24201A657B2B3F4E68B4F13297B30EA07	src/core	UNKNOWN	UNKNOWN	PENDING
002986	src/core/SovereignState.cpp	.cpp	16057	374	CF51B59FD0A5D0DCE475EDF041A8707901ED051D1C6C3A818F9EA2E7C1E084C3	src/core	UNKNOWN	UNKNOWN	PENDING
002987	src/core/SovereignState.hpp	.hpp	5088	220	5D59D298847B6A608B0D497CFBC7861FF043FB7CD77653C411B4497F65A73CF3	src/core	UNKNOWN	UNKNOWN	PENDING
002988	src/core/SovereignSubsystemRegistry.cpp	.cpp	12450	401	943654A724F312BFCB36693B6818EED70F75AD0B978A62AC4B651BA39E024866	src/core	UNKNOWN	UNKNOWN	PENDING
002989	src/core/SovereignSubsystemRegistry.h	.h	7240	196	D9BADEF4475093426541778C77D5E39E768F1ADBD8B8E7B59D807D432303FCB6	src/core	UNKNOWN	UNKNOWN	PENDING
002990	src/core/SovereignTextBuffer.h	.h	36045	984	8FB373A97F698CC6547F727EF3D68A760F84861F3753EA9D23E100B9485C9071	src/core	UNKNOWN	UNKNOWN	PENDING
002991	src/core/sovereign_agentic_orchestrator.cpp	.cpp	3024	123	B156DBDC31DA8D38048D51DAC56C9CC3A7785875365C1D81A1E0F5F909D1ECEF	src/core	UNKNOWN	UNKNOWN	PENDING
002992	src/core/sovereign_arena_production.cpp	.cpp	1941	90	A862819C2D30D29B8E18F73DB947DB146C37BC169AC676A0699A6C4A845551E7	src/core	UNKNOWN	UNKNOWN	PENDING
002993	src/core/sovereign_audit_manager.cpp	.cpp	2976	80	7DDED1BE3ED5ABCF1F68782B6D310B00B76CEAF4F0245387BAEF9731648F4B94	src/core	UNKNOWN	UNKNOWN	PENDING
002994	src/core/sovereign_batch_processor.cpp	.cpp	15818	474	C9573E6F3F7E238DD90E953ECA5C7E957DE2B3E7486ACB4E3599C9C52FF8F1A9	src/core	UNKNOWN	UNKNOWN	PENDING
002995	src/core/sovereign_batch_processor.h	.h	6742	196	D37D51AC989C63BBFC0A37FF782CF1B11992FA7AAAA7736CA5D59FBE7B67284E	src/core	UNKNOWN	UNKNOWN	PENDING
002996	src/core/sovereign_batch_splitter.hpp	.hpp	3481	98	7042C398739E51F8DE55AD02191B7A9D49CC17BB6BDD93247C7201812D47242B	src/core	UNKNOWN	UNKNOWN	PENDING
002997	src/core/sovereign_benchmark_suite.cpp	.cpp	28019	731	5ACF19B8BC3AC439A135E464944403B352C23494F3803F2AEB06870E441957EF	src/core	UNKNOWN	UNKNOWN	PENDING
002998	src/core/sovereign_benchmark_suite.hpp	.hpp	6156	186	FE1C5DD5265EA274683C05E937722B432EB316191550822D677E62302133F207	src/core	UNKNOWN	UNKNOWN	PENDING
002999	src/core/sovereign_chat_main.cpp	.cpp	2453	85	1F54669A2FCE3B40087C451C6D3AF3ACE8467F6984B8171F2BBCDBDE313487FB	src/core	UNKNOWN	UNKNOWN	PENDING
003000	src/core/sovereign_config.h	.h	3444	113	B14677DFFCCCAE0EA261D923B565E9F85C6BB5AA431A2420C57931DB429EBC91	src/core	UNKNOWN	UNKNOWN	PENDING
003001	src/core/sovereign_context.cpp	.cpp	19517	572	A4ECB812F90F14CABE4B4673D530792093646201155B0AF52F73356DDD090DFB	src/core	UNKNOWN	UNKNOWN	PENDING
003002	src/core/sovereign_context.h	.h	5298	150	9C6C94B5FE1C8B92CE8D2105E1FA05690239BA0F203405C7A1C7AD3AD0B7308D	src/core	UNKNOWN	UNKNOWN	PENDING
003003	src/core/sovereign_detokenizer.cpp	.cpp	3682	106	FBC68B6B6B67A6F4F73C60063E1955451C654D07C5797FFD0B80764E89F95EC6	src/core	UNKNOWN	UNKNOWN	PENDING
003004	src/core/sovereign_detokenizer.h	.h	1493	49	9957A281678DEA965926CDCA153B1999B444A828B7C7D417E5E490BB991E6E87	src/core	UNKNOWN	UNKNOWN	PENDING
003005	src/core/sovereign_engine_controller.cpp	.cpp	25860	831	C583FABCA1900737D0BE8768A0DEF40646EB7DC20C1011555AD5C88F92DA847E	src/core	UNKNOWN	UNKNOWN	PENDING
003006	src/core/sovereign_engine_controller.h	.h	12127	356	8413A6411D9164D80AF98CAAD705FCF937E333AF597DD574A5D31277B62FD604	src/core	UNKNOWN	UNKNOWN	PENDING
003007	src/core/sovereign_engine_controller_integration.cpp	.cpp	14781	429	CF44CDAC9EA0DE96CD4405C5FE7BEB787F84DFBE323CC7F1D5A499B01A27D8CA	src/core	UNKNOWN	UNKNOWN	PENDING
003008	src/core/sovereign_engine_controller_integration.h	.h	6889	206	658B97CAF7A184775C847E4382F678FD74893A1F6AC65220E73E5AA4AD76C296	src/core	UNKNOWN	UNKNOWN	PENDING
003009	src/core/sovereign_engine_controller_ring_extension.cpp	.cpp	13077	364	D07AD3996CE88AC9D18040B925E9F9391872FD6B1019B241DEEFC67A25D57FA4	src/core	UNKNOWN	UNKNOWN	PENDING
003010	src/core/sovereign_engine_controller_ring_extension.h	.h	7050	172	5C197E6F21ECA4ADB94DA6290B590115557D184A7D36E3FE9271232577AB8977	src/core	UNKNOWN	UNKNOWN	PENDING
003011	src/core/sovereign_gguf_loader.cpp	.cpp	26322	792	FA34E55D150A78009BC6AEECFABC17C64DD10781A119CD9990796A2FBC973B3A	src/core	UNKNOWN	UNKNOWN	PENDING
003012	src/core/sovereign_gguf_loader.h	.h	11079	347	8103503D7D006CDF7DAD1EE0CA55CCF9CDCB9372D3BBA40285A66FF2E26F6F0D	src/core	UNKNOWN	UNKNOWN	PENDING
003013	src/core/sovereign_gguf_mapper.cpp	.cpp	66121	1261	B87C9BEB683A01B09C1611B0A87EB2B6CB3A0BF0CC73AEF95CFC28C01388435E	src/core	UNKNOWN	UNKNOWN	PENDING
003014	src/core/sovereign_gguf_mapper.h	.h	3078	75	0CFB18968EF829462B6F0D80C596297531EB14EF06320A9F53C2A6D878137E85	src/core	UNKNOWN	UNKNOWN	PENDING
003015	src/core/sovereign_gguf_tensor_mapper.cpp	.cpp	14732	340	4944EB95D8538692044EA780435F2F1633189B30EB9EED67E59C369E069BBB12	src/core	UNKNOWN	UNKNOWN	PENDING
003016	src/core/sovereign_gguf_tensor_mapper.h	.h	1095	32	BF96FCBF966C6E70CDBD9737FC895771FF7F4054561F83669466E9A523DE0B11	src/core	UNKNOWN	UNKNOWN	PENDING
003017	src/core/Sovereign_GPU_Bridge.cpp	.cpp	19838	555	E62B36154811E312B73E337B49A10D24560D89528511099909726E59CBC0C146	src/core	UNKNOWN	UNKNOWN	PENDING
003018	src/core/sovereign_http_splitter_client.cpp	.cpp	15230	463	47FAF6824980AFF6EB77DFC9B01635A6EDCCCE24E7CB655550E429357B973776	src/core	UNKNOWN	UNKNOWN	PENDING
003019	src/core/sovereign_http_splitter_client.hpp	.hpp	3737	109	41043B965D568D33004D2DA45034811E242B8C4D13913DDA37EA7D3F06BDC57B	src/core	UNKNOWN	UNKNOWN	PENDING
003020	src/core/sovereign_identity_manager.cpp	.cpp	2098	62	011E3C747409C510F3765292EE4FDAEC11FCE39C502D8B96CE85A4F8E8E761C7	src/core	UNKNOWN	UNKNOWN	PENDING
003021	src/core/sovereign_interface_contract.h	.h	8315	195	09E1B27CF8F8502044BB7FCE9EC0801CD40B646C78C36FF04CAE9A9FB909F0FB	src/core	UNKNOWN	UNKNOWN	PENDING
003022	src/core/sovereign_kv_cache.cpp	.cpp	26351	755	5D72A28C8F77409705019F2CF6808D51B717FE60DAB2AC35841A884D3FA7049E	src/core	UNKNOWN	UNKNOWN	PENDING
003023	src/core/sovereign_kv_cache.h	.h	11465	306	D9CE7D6F49A5D1C0699CFAA8B81ED72966E1000353EC79E744659411D89877B9	src/core	UNKNOWN	UNKNOWN	PENDING
003024	src/core/Sovereign_Memory_Manager.cpp	.cpp	9159	259	5268BCD15270051005DD1D875954D6E3D0A74A7FD93833925E7E30D7BBB39990	src/core	UNKNOWN	UNKNOWN	PENDING
003025	src/core/sovereign_memory_pool.cpp	.cpp	17425	484	A66C101FAE5034663ECD1332329841E912D16C8F2C9BA6A1F717ECD896D819DC	src/core	UNKNOWN	UNKNOWN	PENDING
003026	src/core/sovereign_memory_pool.h	.h	6199	157	A9CC516709968212B74B1BEA6AF47D63128391E6698E9C358F1C70169D3DAC55	src/core	UNKNOWN	UNKNOWN	PENDING
003027	src/core/sovereign_model_loader.cpp	.cpp	10488	308	A894BB10CF0168BF20B3B57E642BB29840660BF3B5850657B04263ACEEDAC43B	src/core	UNKNOWN	UNKNOWN	PENDING
003028	src/core/sovereign_model_loader.h	.h	6932	214	03EE6A597F5FB52297B87536F22FB41CDF3FB8AF658393FBB43720885563C48D	src/core	UNKNOWN	UNKNOWN	PENDING
003029	src/core/sovereign_production_monitor.cpp	.cpp	19667	552	422A7F4F2E211915CD33C3A43D6DB5031993A0C7CACEF9AE2D49305A078E52C6	src/core	UNKNOWN	UNKNOWN	PENDING
003030	src/core/sovereign_production_monitor.hpp	.hpp	6006	193	4A85A2B977ECE60F3465AA299231106180F9242446AB1135B9718980599A1C52	src/core	UNKNOWN	UNKNOWN	PENDING
003031	src/core/sovereign_q3_k_s_dequant.cpp	.cpp	8011	207	3115E579F16314B954FE862B02801C01385FB1359810BDC64F9F60BC272F9C72	src/core	UNKNOWN	UNKNOWN	PENDING
003032	src/core/sovereign_q3_k_s_dequant.h	.h	2267	60	2E591BC33B20BC78E3E9A12E2BE436F4AAE6F0BB9D3F7787F7AFB4EA15A0674C	src/core	UNKNOWN	UNKNOWN	PENDING
003033	src/core/sovereign_q4_0_dequant.h	.h	3885	116	BCDF765CC498D7CFBC12C9C438FA9815A5339187A6633BE72DF5410DA81FA860	src/core	UNKNOWN	UNKNOWN	PENDING
003034	src/core/sovereign_q6_k_dequant.cpp	.cpp	4158	113	596B153E9ECE9163488DC5B8620CA814D08E06AE33EBECE2DD1841B911CF05A8	src/core	UNKNOWN	UNKNOWN	PENDING
003035	src/core/sovereign_q6_k_dequant.h	.h	1671	46	BB7F1D0883FE12C9315EAB475A404C9859868D3220A164DF25F75744E6F7F975	src/core	UNKNOWN	UNKNOWN	PENDING
003036	src/core/sovereign_quantized_matmul.cpp	.cpp	11926	337	D6D114A6AFF0F6DD7FEC2F411087E3B4E05C3FC8FB8489F528FF4676BC8027D9	src/core	UNKNOWN	UNKNOWN	PENDING
003037	src/core/sovereign_quantized_matmul.h	.h	4371	146	38489C4218F79F81FAC0FE9266B3F37465079DAB0C726A845069C4219FCFB6FC	src/core	UNKNOWN	UNKNOWN	PENDING
003038	src/core/sovereign_ring_attention_integration.cpp	.cpp	13069	357	3DD4A4EBF95F6FAA534C39259DBD4AA35950A542D3417F826AEB3FB92920DFDB	src/core	UNKNOWN	UNKNOWN	PENDING
003039	src/core/sovereign_sdk.cpp	.cpp	17696	612	BD88ADACB91211249C83A309E702230DD38A93397537C91B09AD4A46AFB78145	src/core	UNKNOWN	UNKNOWN	PENDING
003040	src/core/sovereign_super_node.cpp	.cpp	85484	2077	9D9C0856FC9435F0A4E76363DA77958FD719E9F3DC6BC80F0DCEFF8028AF0EB8	src/core	UNKNOWN	UNKNOWN	PENDING
003041	src/core/sovereign_thread_pool.cpp	.cpp	16601	500	59CAFBE278FBC3E93EC936B0DD65B21EF5F86F25EC4A339AF5CC3AA3B9E65B8F	src/core	UNKNOWN	UNKNOWN	PENDING
003042	src/core/sovereign_thread_pool.h	.h	6981	195	5827749F1513BBC08FDF7A8C0AC38E1A27F6CDA28327D74B9C20F044376F9B6F	src/core	UNKNOWN	UNKNOWN	PENDING
003043	src/core/sovereign_tokenizer.cpp	.cpp	14166	408	F626C8C53F76B606276573036BD2A263D2E143F2CFF68FCC017C64B1171BC42E	src/core	UNKNOWN	UNKNOWN	PENDING
003044	src/core/sovereign_tokenizer.h	.h	4373	134	8C508C0B5640DA39C1D9380A833376296106AE6A2E412F014F9A7442B1CCE8FB	src/core	UNKNOWN	UNKNOWN	PENDING
003045	src/core/sovereign_transformer_forward.cpp	.cpp	74702	1785	7972DA2599D2B264B9CFC42E7E508C86A6B30A90903998903F29932BF1197BA3	src/core	UNKNOWN	UNKNOWN	PENDING
003046	src/core/sovereign_transformer_forward.h	.h	10755	235	324D5968A953FCC696888D8BE5405762DA94133F5152B65ECC5A0F6229D1BE4B	src/core	UNKNOWN	UNKNOWN	PENDING
003047	src/core/sparse_expert_scheduler.cpp	.cpp	13579	414	97FA3EDEFF8F61E3A9BB862A73DA0663E1C349213384E040081B03C97E5CEABA	src/core	UNKNOWN	UNKNOWN	PENDING
003048	src/core/sparse_expert_scheduler.h	.h	8894	192	EA4B3AE42605137F2DB76776F57D3BA1951CE0A40006942B76053081457FD597	src/core	UNKNOWN	UNKNOWN	PENDING
003049	src/core/speciator_engine.cpp	.cpp	18279	447	C88B0D904F9F19B6E3C934076A903A42D7047A6ABD479C7860C72B83D3C51E5A	src/core	UNKNOWN	UNKNOWN	PENDING
003050	src/core/speciator_engine.hpp	.hpp	9552	229	6B39000B4D99AC2A46CD5C5F5661DA6513A27384FD6C0E5532F15CECB716983E	src/core	UNKNOWN	UNKNOWN	PENDING
003051	src/core/speciator_stubs.cpp	.cpp	1741	60	E42D7404635A04686531CB1B91728FFC8A772F04B1474FFC57EF42E323BAFDD6	src/core	UNKNOWN	UNKNOWN	PENDING
003052	src/core/SpeculativeEngine_GGUFBridge.hpp	.hpp	21149	451	317459CEE1A10C74337816EEB29FB54E153C2ACF490BC6F1142EB555A1475D85	src/core	UNKNOWN	UNKNOWN	PENDING
003053	src/core/speculative_inference_engine.cpp	.cpp	33710	967	2A64267DDB3367C9D5496DD0988DCF72DDC397C6C68F3B33600B7B9B6DE69176	src/core	UNKNOWN	UNKNOWN	PENDING
003054	src/core/speculative_inference_engine.hpp	.hpp	12843	359	4E4CF552F4AFF68FC9923FD97C62838ADF440C8E354A42DB4FA92573EB6B759A	src/core	UNKNOWN	UNKNOWN	PENDING
003055	src/core/spengine_stubs.cpp	.cpp	573	19	50A02D0F906F83F0EBF0B989E3106CF79E81D70C09F94A743286A99CC4EDAB1C	src/core	UNKNOWN	UNKNOWN	PENDING
003056	src/core/sqlite3.c	.c	9455951	260493	F96BAE8F39ABE04057FF954A3D61E62AADFC73DCF7DFB7E4DAC516EF66D847ED	src/core	UNKNOWN	UNKNOWN	PENDING
003057	src/core/sqlite_wrapper.cpp	.cpp	13958	435	28470A589BE959C664AC4D395DEEC1A44B8B350F692748DD67D0EFDFC50419CC	src/core	UNKNOWN	UNKNOWN	PENDING
003058	src/core/sqlite_wrapper.hpp	.hpp	6602	208	4A12EFAAD25A56A685A85AAAD155E540A5BE76BBC56007C3C1BB8E88717C1E73	src/core	UNKNOWN	UNKNOWN	PENDING
003059	src/core/ssot_auto_missing_handlers.cpp	.cpp	14723	304	4E5E12EB01B5F6672A9833A7B35DEC2F7AF206CA540A4E6F3979CA1FA8AB30E2	src/core	UNKNOWN	UNKNOWN	PENDING
003060	src/core/ssot_beacon.cpp	.cpp	2199	74	CF700F4BB9554044EF8123C966BF04EFE620F26716F1E7A3C31EB25769BD9780	src/core	UNKNOWN	UNKNOWN	PENDING
003061	src/core/ssot_beacon.h	.h	817	32	382757C0FC2BD89C3F074DFDAD71679BA65FD8466DDDB9DCB333339EB1075AE6	src/core	UNKNOWN	UNKNOWN	PENDING
003062	src/core/ssot_beacon_table.inc	.inc	21276	634	07B3E021AF4CB86D8E863978FBD865FAE99C60B7F043C37287FDFD71D2739BFA	src/core	UNKNOWN	UNKNOWN	PENDING
003063	src/core/ssot_handlers.cpp	.cpp	335903	9291	961A5847D94EE99C15B71CB33191A950E709B93A514D2926352B5308ADE09C5F	src/core	UNKNOWN	UNKNOWN	PENDING
003064	src/core/ssot_handlers.h	.h	18011	307	3B41363EB78226804F18ABE0FA493E1D47039A501ACA9D9412CE16E35A14CB03	src/core	UNKNOWN	UNKNOWN	PENDING
003065	src/core/ssot_handlers_ext.cpp	.cpp	1007337	27390	A93FC5C75CA1823050A13218E3E30020332EF2797435EAFDD75150D3F7BD289F	src/core	UNKNOWN	UNKNOWN	PENDING
003066	src/core/ssot_handlers_ext_dedicated.cpp	.cpp	54946	1355	2828B56C41B587AF497568395E548E52999506ACA2A518F045620BADE822E675	src/core	UNKNOWN	UNKNOWN	PENDING
003067	src/core/ssot_handlers_ext_isolated.cpp	.cpp	31231	798	F6E87EA85753B7D2DED137236E80B783FDB8BA5A9FE2206EE55ED71F709554FE	src/core	UNKNOWN	UNKNOWN	PENDING
003068	src/core/ssot_handlers_ext_runtime_minimal.cpp	.cpp	18292	456	E1D43273F16D533CB9ABAD825E57BECEA042C7E11A3F91B4E5548B6123A71F16	src/core	UNKNOWN	UNKNOWN	PENDING
003069	src/core/ssot_linker_gap_handlers.cpp	.cpp	6287	140	609A5732CB2AFBF7B40827AE4CD64DD4488BC21D6F16D5A21408E93BAE1F2BFE	src/core	UNKNOWN	UNKNOWN	PENDING
003070	src/core/ssot_missing_handlers_provider.cpp	.cpp	4372	68	C83F9D2643A5C86D230617BEF60730F45FC90876189A4F496041502D153A2C85	src/core	UNKNOWN	UNKNOWN	PENDING
003071	src/core/ssot_validation.cpp	.cpp	3226	69	966E26B8D1506BB2281D19D0F5565B139CF26E02C45AD4CA223DEE04544D8504	src/core	UNKNOWN	UNKNOWN	PENDING
003072	src/core/StagedVramPacer.cpp	.cpp	1866	55	75B38937A89A197CAAAF4BE272CB4AF1E078CF14C3A40FD1878FB40C9E755D83	src/core	UNKNOWN	UNKNOWN	PENDING
003073	src/core/StagedVramPacer.h	.h	588	22	0F5AE735EE2F67B335839FBAA6A132B5269387CFFF54C963F5FC7E7E5FA9E04F	src/core	UNKNOWN	UNKNOWN	PENDING
003074	src/core/startup_phase_registry.cpp	.cpp	3010	107	4C17043C662064348C60693556F463EBE15DDA7BF730119291DF9DE5B8A2493B	src/core	UNKNOWN	UNKNOWN	PENDING
003075	src/core/state_subscription_engine.hpp	.hpp	13651	440	1F547AF874BFF163CE5B1BEAC07474C052667EA9F369A4F0CCA5618D34D2758E	src/core	UNKNOWN	UNKNOWN	PENDING
003076	src/core/static_analysis_engine.cpp	.cpp	53423	1393	E0F2F38C135D00EEB6BC8EE86ACB606E5D13E1B1653794A8195E60AAB6092546	src/core	UNKNOWN	UNKNOWN	PENDING
003077	src/core/static_analysis_engine.hpp	.hpp	15499	385	7762A4139A5E59EDC4CA8415F766B00C362BA5388256F6C020F9EC1755532FB0	src/core	UNKNOWN	UNKNOWN	PENDING
003078	src/core/StepByStep.asm	.asm	3364	156	1BD4D58145251D39170BEB5F58B0EE85CB5B57ACA1BBFF9AF7DC810B87E24092	src/core	UNKNOWN	UNKNOWN	PENDING
003079	src/core/streaming_engine_registry.cpp	.cpp	44011	1091	E1E6C1DD679E585DB0EF6000A1B92621AEDC39EA929F3703C66F106755FBB3F2	src/core	UNKNOWN	UNKNOWN	PENDING
003080	src/core/streaming_engine_registry.h	.h	14670	349	06DF7E13EB0B01158B065781428B7EA1E24CA53F7A3990F64793E3560407D92B	src/core	UNKNOWN	UNKNOWN	PENDING
003081	src/core/streaming_loader.cpp	.cpp	27409	769	E84A17524D96941B4D806A17B6FB0D892A9635F11924218A7CC069D0A826D1DB	src/core	UNKNOWN	UNKNOWN	PENDING
003082	src/core/streaming_loader.hpp	.hpp	9361	274	13B2C1CE838801D15D94586F9B01DE9CDD2D94847B97E28683C5462B3458156C	src/core	UNKNOWN	UNKNOWN	PENDING
003083	src/core/streaming_orchestrator.cpp	.cpp	9753	350	A87390C91362B703CE1074EFE6A8532AC986E48CFB5A742762544D3C0C9ADDF9	src/core	UNKNOWN	UNKNOWN	PENDING
003084	src/core/streaming_orchestrator.h	.h	6401	165	CE2DD4DA84147B204065BE2E813304ED5A6A086A81E5BE92222ABAFA288A73E8	src/core	UNKNOWN	UNKNOWN	PENDING
003085	src/core/stubs.cpp	.cpp	24	1	46EBD083829A26079E35F3B811EE8DFF76B240D1747D75BF602A5BFED27178B9	src/core	UNKNOWN	UNKNOWN	PENDING
003086	src/core/subsystem_agent_bridge.hpp	.hpp	7343	180	D8FCAB0A4D2E5B36442BA39C51B4A1149BB32950F6B4DF2649741E6B50F35D0E	src/core	UNKNOWN	UNKNOWN	PENDING
003087	src/core/subsystem_api_stubs.cpp	.cpp	1922	72	EEE0E743DE3B00674E6DA7314765536BD584EC8AD044D58F080DDA6BB21BAF07	src/core	UNKNOWN	UNKNOWN	PENDING
003088	src/core/subsystem_health_monitor.cpp	.cpp	21228	559	C74935C6720A7D5177B9910C2C0C855B124BA48E57B5BD7D6535FDA2F4B6E372	src/core	UNKNOWN	UNKNOWN	PENDING
003089	src/core/subsystem_health_monitor.hpp	.hpp	10262	263	5053C5061B48357E5B76D01623CACA0DFD960259CE716D9B3CC1C31ADED9665C	src/core	UNKNOWN	UNKNOWN	PENDING
003090	src/core/subsystem_mode_fallbacks.cpp	.cpp	24	1	46EBD083829A26079E35F3B811EE8DFF76B240D1747D75BF602A5BFED27178B9	src/core	UNKNOWN	UNKNOWN	PENDING
003091	src/core/subsystem_mode_impl.cpp	.cpp	15558	374	20DB2266CF3901A558E8D15BD61E758CA9608DE32D24332356D8686C0D3160FF	src/core	UNKNOWN	UNKNOWN	PENDING
003092	src/core/subsystem_mode_runtime.cpp	.cpp	5145	116	AF5F1FB3C71713311A17CD40D0C0312EC342CE500F3E6A397AC4C6A10A8DFF14	src/core	UNKNOWN	UNKNOWN	PENDING
003093	src/core/subsystem_registry.cpp	.cpp	2520	89	FDF800B29D5542CA5D10D1F5202F931B3161360158E7977C6FDA47634D3AE840	src/core	UNKNOWN	UNKNOWN	PENDING
003094	src/core/subsystem_runtime_bridge.cpp	.cpp	10392	336	FF7D7A736D570B84558EBFE15D11B0D5328F51037AAFF0835D2D8755EF90D6F8	src/core	UNKNOWN	UNKNOWN	PENDING
003095	src/core/super_node_parallel_stress_test.cpp	.cpp	31573	701	5DDFBD98076EF012C790CBBE9C11ABBEFD4BAF8899205EF0C515ADE7CCF8FBB4	src/core	UNKNOWN	UNKNOWN	PENDING
003096	src/core/support_tier.cpp	.cpp	13479	340	F93E594F75F246CD84C777CC63C254EA673593177AB9B123B73583E494EAF7CF	src/core	UNKNOWN	UNKNOWN	PENDING
003097	src/core/swarmlink_v2.cpp	.cpp	2028	66	4EEAF19FD4B9C98B49683771A390B300DE0C9BCD2FFFAAA8079F7243D93C8C8C	src/core	UNKNOWN	UNKNOWN	PENDING
003098	src/core/swarmlink_v2.hpp	.hpp	831	31	B90053F6E48C5469CAD78191F17CF4EC0335C6F794E74D4A50B70A5771FD6795	src/core	UNKNOWN	UNKNOWN	PENDING
003099	src/core/swarmlink_v2_prefetch.cpp	.cpp	4401	115	55E2CEC59B55519CE1E0FB977B1C220B2FC09A8F2598DEB4190378E5E95272A8	src/core	UNKNOWN	UNKNOWN	PENDING
003100	src/core/swarmlink_v2_prefetch.hpp	.hpp	930	18	C64B4A1DA398210199FD057FDA75C78E44B57AE13536064B3A991FF8C1E8FE32	src/core	UNKNOWN	UNKNOWN	PENDING
003101	src/core/swarmlink_v2_residency.cpp	.cpp	3236	93	23537C7E9DCB2B277812E5516C0ED894834205737DF2DCC4E22598C8BD6B257C	src/core	UNKNOWN	UNKNOWN	PENDING
003102	src/core/swarmlink_v2_residency.hpp	.hpp	1714	58	21C4D77F9CDFB5EE8A4B5D0C6C0B1179EF8B0AD769D2C42E45535DC77373E73C	src/core	UNKNOWN	UNKNOWN	PENDING
003103	src/core/swarmlink_v2_speculative.cpp	.cpp	3634	98	F49EF0AF7B472F381620ADCCE30C5666997673CC94B09F17CA19B3C70ADEC21C	src/core	UNKNOWN	UNKNOWN	PENDING
003104	src/core/swarmlink_v2_speculative.hpp	.hpp	442	11	24317F45705BEC0C8C648BFFA8EF2655D8941148DB9D8EFE209980C41076EE43	src/core	UNKNOWN	UNKNOWN	PENDING
003105	src/core/swarm_broadcast_task.cpp	.cpp	10997	282	734C525EF586961BB34C3124BA6B478F35CB82A555A11CC98D56C1C48DFE1915	src/core	UNKNOWN	UNKNOWN	PENDING
003106	src/core/swarm_conflict_resolver.cpp	.cpp	28286	795	0B723D5030D2D6C19E3E95EEA4BEB6340889CB0F5D6CBDC33393A181BB88FC58	src/core	UNKNOWN	UNKNOWN	PENDING
003107	src/core/swarm_conflict_resolver.hpp	.hpp	16021	379	7E385E2B7888D0664F8A8733BABACE69818E874EBD1F0A6770E361878EC4461D	src/core	UNKNOWN	UNKNOWN	PENDING
003108	src/core/swarm_coordinator.cpp	.cpp	87856	2245	5A8639DD8309C8C4975709042B3B0E4853C84A8B63ECCD041C1DB4FE2AC9D1BB	src/core	UNKNOWN	UNKNOWN	PENDING
003109	src/core/swarm_coordinator.h	.h	16345	373	8C68D0181658A809E93888CF3057A3F5D09C085E9DFCC70697BF83050B7CC9AA	src/core	UNKNOWN	UNKNOWN	PENDING
003110	src/core/swarm_decision_bridge.cpp	.cpp	30315	781	45BE9FDB862D9311EE05A6CCB784FF931947E588299B3C75AE48EC905025684B	src/core	UNKNOWN	UNKNOWN	PENDING
003111	src/core/swarm_decision_bridge.h	.h	13073	315	D00BE9B7A552EE608773344F09838359EA0ABA2477894A2B891EF81106B5ADC5	src/core	UNKNOWN	UNKNOWN	PENDING
003112	src/core/swarm_network_nonmsvc.cpp	.cpp	7820	263	24682E91F05BA0C9C23302A0C576D3608157402DF2AB053796F810A0D9E7A81A	src/core	UNKNOWN	UNKNOWN	PENDING
003113	src/core/swarm_protocol.h	.h	19389	428	D9AC5232A0743B702D1CE57E0687A464FDB790D013501496AC2C651AEE68C462	src/core	UNKNOWN	UNKNOWN	PENDING
003114	src/core/swarm_reconciliation.cpp	.cpp	24696	703	8AB06600096A5BD9D161474BF7D21B91AD34E33A5F3C5BD1DC26CAA082F13B82	src/core	UNKNOWN	UNKNOWN	PENDING
003115	src/core/swarm_scheduler.cpp	.cpp	53866	1478	60F443497C96588C4C44AFA27A84CB2D271DDB2A41D60FDB4528D13866651589	src/core	UNKNOWN	UNKNOWN	PENDING
003116	src/core/swarm_scheduler.hpp	.hpp	33304	727	FDFD49B52374047712C97B9556E51E71CF80CE790B5FA418DEC094B19BDF65CD	src/core	UNKNOWN	UNKNOWN	PENDING
003117	src/core/swarm_scheduler_compat.hpp	.hpp	2696	75	29B90640FF275562C040208C8C90D134DB3787984AD66000CD537FCD75920FF0	src/core	UNKNOWN	UNKNOWN	PENDING
003118	src/core/swarm_types.h	.h	18420	429	C30F723F3BCF86E431B03C94DC090BF148D374F4B46CDCD91E2D3C00093B6102	src/core	UNKNOWN	UNKNOWN	PENDING
003119	src/core/swarm_worker.cpp	.cpp	28722	781	3227F2437F5505CCBE718204BB1AF1CB5E3627A452545D009DB804380A4BDC11	src/core	UNKNOWN	UNKNOWN	PENDING
003120	src/core/swarm_worker.h	.h	4915	138	76C737A581FBD8C6C97B5427A60501557ED0C96D2C826F78FCD442BBF42F3059	src/core	UNKNOWN	UNKNOWN	PENDING
003121	src/core/symbol_index_impl.cpp	.cpp	3785	113	4C5236433F88B41D8B362DCCC76059C923A5B13B63F9D1E04429680FFAB0AADD	src/core	UNKNOWN	UNKNOWN	PENDING
003122	src/core/symbol_table.cpp	.cpp	4133	131	8EDFD3EF22DD71497E532334A21615E72E3C62EE71F7186DD320FFA7DBC8500F	src/core	UNKNOWN	UNKNOWN	PENDING
003123	src/core/symbol_table.hpp	.hpp	2631	78	7321DB23B966F4A38A12D680331EB080A2C0DAB0B414B9EBF8779665E99DDC78	src/core	UNKNOWN	UNKNOWN	PENDING
003124	src/core/system_integrity_audit_trail.h	.h	6519	186	A5322F846C6549677C51399453A694578B684823479C7812966813044991DE34	src/core	UNKNOWN	UNKNOWN	PENDING
003125	src/core/task_config_bridge.cpp	.cpp	1877	47	F88A918F48FF46ECB98A263643D51FC007B9EC4C833567BC10D6C8116094251B	src/core	UNKNOWN	UNKNOWN	PENDING
003126	src/core/task_system.hpp	.hpp	51818	1482	1112763822EA26F0A5B0C2D86249872B82400D9FC4ACE9D1CDB9179C053BA991	src/core	UNKNOWN	UNKNOWN	PENDING
003127	src/core/tensor_residency_pipeline.cpp	.cpp	26225	816	2E073EB08D141BBDBF01B3F6B82E71A3D954F509F7E48D624EE5272CDD45B12B	src/core	UNKNOWN	UNKNOWN	PENDING
003128	src/core/tensor_residency_pipeline.hpp	.hpp	9605	304	3B6B8F460145524ADF3358DDD0F9B5150D35619E876A98A6BF5FDCECC71F9AE7	src/core	UNKNOWN	UNKNOWN	PENDING
003129	src/core/test_all_phases.cpp	.cpp	8808	250	0B2C680E03096BB35425F19AF8268A6F3063AB8868E09E588FD55607E96C6369	src/core	UNKNOWN	UNKNOWN	PENDING
003130	src/core/test_avx512_intrinsics.cpp	.cpp	5625	162	74EEEF64A16F271E4A1D584F91C715605CDE67EE9C847241114B0DCE687F0B3D	src/core	UNKNOWN	UNKNOWN	PENDING
003131	src/core/test_benchmark_suite.cpp	.cpp	4859	132	7091663F2140BC2B0C368829CFF4523E4D8C49CF26181972D6047C9E732C4CDA	src/core	UNKNOWN	UNKNOWN	PENDING
003132	src/core/test_command_router.cpp	.cpp	4239	120	9B870E8B633E4B067888A6062A579D6306DE0FF1EF09F8083437BF2DB2D0B2F2	src/core	UNKNOWN	UNKNOWN	PENDING
003133	src/core/test_distillation.cpp	.cpp	3233	68	D3A3694FA7A3CA63EB9B03DEBD25D83E82304EDFAE25F3757452C97E5BBA8AF7	src/core	UNKNOWN	UNKNOWN	PENDING
003134	src/core/test_e2e_splitter_decoder.cpp	.cpp	13781	407	BD39FFE253861689407AE5D6C29B811851310783C35791D91E6B12E2FDA5B338	src/core	UNKNOWN	UNKNOWN	PENDING
003135	src/core/test_event_bus.cpp	.cpp	2961	85	FADD38400A5CDA4EF4EEA3DAA67850E57F5116CD2613A52D0A5CBEA7BCD05B1C	src/core	UNKNOWN	UNKNOWN	PENDING
003136	src/core/test_gguf_bridge.cpp	.cpp	6272	195	524AC57B16232FD22031BC87B67EE1C18D4C16C778C8CB94A967EFCE11B82110	src/core	UNKNOWN	UNKNOWN	PENDING
003137	src/core/test_headless_interface.cpp	.cpp	4367	122	2604F1F10126DB88D3046ABC800FA987A0EB9794AE52828820685FF9FF9570E0	src/core	UNKNOWN	UNKNOWN	PENDING
003138	src/core/test_http_splitter_client.cpp	.cpp	4834	137	522EC3E77293DDB304B235C2E46D2BE134B59450D68BD5E3F31BC63F033502D4	src/core	UNKNOWN	UNKNOWN	PENDING
003139	src/core/test_kimi_k2_smoke.cpp	.cpp	6167	150	6565D45FF3D1412FACFA285A3B27F497F0D53F5F49A2F660E1F7214A1159957E	src/core	UNKNOWN	UNKNOWN	PENDING
003140	src/core/test_llama_decode.cpp	.cpp	4317	121	CC2DF3B4264F54C12E3B11B5642239E52426FD3369A5F9BCC268168D540CAE23	src/core	UNKNOWN	UNKNOWN	PENDING
003141	src/core/test_mapped_gguf.cpp	.cpp	7174	183	4D88F4F40E19F745ED09AC10FBE31B36DD4F135E6FC57977BB8225F734F3B1CB	src/core	UNKNOWN	UNKNOWN	PENDING
003142	src/core/test_phase12_final_integration.cpp	.cpp	11382	289	628775A3C4A50CD8EB3F256E64D9E424FD5ED5F8593F9C93CD7FA4383F0CB24A	src/core	UNKNOWN	UNKNOWN	PENDING
003143	src/core/test_production_monitor.cpp	.cpp	4740	118	241DE729826D071B9BD240206AD5835E9F414FE71AC93107E83CB2B464E1BF3C	src/core	UNKNOWN	UNKNOWN	PENDING
003144	src/core/test_quick_validate.cpp	.cpp	4900	106	59930BBFA26EBDABC3066A191806736CD7DE758F652AE07B288DCB4FEC141A3B	src/core	UNKNOWN	UNKNOWN	PENDING
003145	src/core/test_streaming_inference.cpp	.cpp	11321	221	1BC95920D18FD7F453093C4DC12FCC7E65678477E70BEBFB4BA9CC302AE39EB2	src/core	UNKNOWN	UNKNOWN	PENDING
003146	src/core/test_ui_mode_adapter.cpp	.cpp	5696	154	8AE42756BE4EED2A1D74AEF907C2FCD7D1954F884642F900A47C22F5D8F4E49B	src/core	UNKNOWN	UNKNOWN	PENDING
003147	src/core/test_unified_config.cpp	.cpp	4266	128	DC47B3D21EEEED0822CE72EAD10736858877F090BF6842F88D873DA5DBDB1E8B	src/core	UNKNOWN	UNKNOWN	PENDING
003148	src/core/test_unified_session.cpp	.cpp	4113	105	BFD5482E80C0A47445CD9BE4601E41AE73A28CEF540FBE3AB1376FBCC594B5B8	src/core	UNKNOWN	UNKNOWN	PENDING
003149	src/core/test_version.cpp	.cpp	2406	60	328502D20AAB83BC72B5716F7D76851D04F0BC14578FB8C70655A62BD0EFB0FC	src/core	UNKNOWN	UNKNOWN	PENDING
003150	src/core/thermal_plugin_loader.hpp	.hpp	18497	536	C76C42DA20340318D600CFEEAAAC659736136E9D7D86C0F03A3145B0CAF34D63	src/core	UNKNOWN	UNKNOWN	PENDING
003151	src/core/thread_contention_profiler.cpp	.cpp	17962	477	2D6056B6695E4592336A6F86427E1CE4B1DC84E6DE42913CA2B592E446702CAE	src/core	UNKNOWN	UNKNOWN	PENDING
003152	src/core/thread_contention_profiler.hpp	.hpp	9051	234	BBB975BE665DDBFF1FA21383D8B8010B714B3672A58C826C759EC2D354BBB5F5	src/core	UNKNOWN	UNKNOWN	PENDING
003153	src/core/thread_lifecycle_registry.cpp	.cpp	5645	168	240773CC01137FA3C71AA9898C7B3C7BBB9F95C185B1EE1589D481A1442D4C1B	src/core	UNKNOWN	UNKNOWN	PENDING
003154	src/core/thread_pool.cpp	.cpp	7491	234	28FF247E58820037683EE077B52932BF20AC545B02FC23C0D6880B16990A772B	src/core	UNKNOWN	UNKNOWN	PENDING
003155	src/core/thread_pool.hpp	.hpp	6010	175	B6A88E4248A32A3BA7862EB40F96CACAB1ECC80C013C4660D89B37F579928B08	src/core	UNKNOWN	UNKNOWN	PENDING
003156	src/core/titan_hardening_audit_v4.cpp	.cpp	3157	81	1BDB0C99EFA3FB43B9BA513295C6751387192FAB85FC2E9CB877FFAB4DE9D347	src/core	UNKNOWN	UNKNOWN	PENDING
003157	src/core/ToolRegistry.cpp	.cpp	11327	327	707FFBF629A155C4F12BD24DBFEAB5FABCC75F08F6A046F6DB215010EF2ADA26	src/core	UNKNOWN	UNKNOWN	PENDING
003158	src/core/ToolRegistry.h	.h	1603	59	8AB1149963C8E75E1794B124B5FB73EA38B58D2ADCACEA9892F921888E20E597	src/core	UNKNOWN	UNKNOWN	PENDING
003159	src/core/tool_registry.asm	.asm	21461	929	322C51B91E77B4EEE613ADEF2EDC2ABE3989E11B243342DA0D7CCDF74CF0EB06	src/core	UNKNOWN	UNKNOWN	PENDING
003160	src/core/tool_registry_hardened.asm	.asm	17733	775	EAC340A26A1BFB4D710E9B984BECC369B4E9ABD95CE2B2EC057CA42DEF595F1B	src/core	UNKNOWN	UNKNOWN	PENDING
003161	src/core/tool_registry_hardened.cpp	.cpp	22034	615	8C0688E92B98F387BE253C46CFAC92436C2522C1201472A15E323580FF999B54	src/core	UNKNOWN	UNKNOWN	PENDING
003162	src/core/tool_registry_model_ops.cpp	.cpp	16803	474	CFCB3FEA5ADFDBC7FEF813C3A10BD9670B53BD95D07B4E0D7BDDEC62246E1BA1	src/core	UNKNOWN	UNKNOWN	PENDING
003163	src/core/tool_registry_model_ops.hpp	.hpp	3164	75	CE874FB1E8D379DA063441FE0030DE2E88546D2427632F1CDEA93A1B4A689063	src/core	UNKNOWN	UNKNOWN	PENDING
003164	src/core/tool_registry_verify.asm	.asm	4267	201	3F8FEE719B910E65F8BAF535BC54A9D1D60A5A3C1D8507B47C12ADD7B02EF54F	src/core	UNKNOWN	UNKNOWN	PENDING
003165	src/core/tool_schema_registry.cpp	.cpp	4139	131	D70C55E2408CED3249C13E61F5038EDBBFC1CDEF5FB20CFA0F6284C32E24BB5A	src/core	UNKNOWN	UNKNOWN	PENDING
003166	src/core/transaction_journal.cpp	.cpp	16228	419	64034655DBD3649B8F7BE2C816B3A2D5189C685B622179D65CF892022579E249	src/core	UNKNOWN	UNKNOWN	PENDING
003167	src/core/transaction_journal.hpp	.hpp	4996	136	FD2CCF84745C521AB0360C14893A6CFE92F00FAC42F507AABABBC84E1A3E8DD9	src/core	UNKNOWN	UNKNOWN	PENDING
003168	src/core/transcendence_coordinator.cpp	.cpp	17009	437	3D613B833122A2083FAAF790D56DBA7E3F887E316239743C2D716DE75FC68BDC	src/core	UNKNOWN	UNKNOWN	PENDING
003169	src/core/transcendence_coordinator.hpp	.hpp	6437	176	BB050AB539120C2E8EEFC8A2776C623D13998917AC399C92E938D05E19554B28	src/core	UNKNOWN	UNKNOWN	PENDING
003170	src/core/transformer_layers_avx512.asm	.asm	12899	481	116E9D000D05CA43F64A4485715554241FA2F66A51B211B289F96D4D1CF0D56D	src/core	UNKNOWN	UNKNOWN	PENDING
003171	src/core/traversal_strategy.cpp	.cpp	26892	703	C69984821FE6BB5E19787B3B7C4E045149B277AD33507B5086EC0E87CE99AC62	src/core	UNKNOWN	UNKNOWN	PENDING
003172	src/core/traversal_strategy.h	.h	14881	381	85E33D68EA190E68CCBFF044C185BC7C7AE0E14D83D73E8D6BE378EBE64880A6	src/core	UNKNOWN	UNKNOWN	PENDING
003173	src/core/tres_stabilization_layer.cpp	.cpp	15006	470	168F4FA184A9AC6E89BA4D1DAD8DD544DCDB555E5BA1FF39522DE86D9A78045C	src/core	UNKNOWN	UNKNOWN	PENDING
003174	src/core/tres_stabilization_layer.hpp	.hpp	9583	277	B5E922409679630B9205F1E48780306226921CD8C3F804459E1BCFF7276193C5	src/core	UNKNOWN	UNKNOWN	PENDING
003175	src/core/tres_stabilization_system.hpp	.hpp	9656	285	0FC6B616B269D12B207D0DFBAA667B19C054D16C395842C5B5F6DE47D22CFDA9	src/core	UNKNOWN	UNKNOWN	PENDING
003176	src/core/UIModeAdapter.hpp	.hpp	7050	211	F453662F55956F76F54DBF6FEA386A2287EDDC591CE7414C1635F6598AF8C066	src/core	UNKNOWN	UNKNOWN	PENDING
003177	src/core/UltraMinimal.asm	.asm	274	18	27EA42DBD96059CC7F1A7AA225C33027697E1AF2216C85648669D8B3E0823F21	src/core	UNKNOWN	UNKNOWN	PENDING
003178	src/core/UnifiedArchitecture.cpp	.cpp	16857	517	C1A0CC442CC8AD93E4562E22DE1C7014B80FAC244DC28A7942F1126379DE3C21	src/core	UNKNOWN	UNKNOWN	PENDING
003179	src/core/UnifiedConfig.cpp	.cpp	10661	368	4CAD768FA3462769B54464C39E13169DC6983C9CA7FE3B27BEBABA08A4F33328	src/core	UNKNOWN	UNKNOWN	PENDING
003180	src/core/UnifiedConfig.hpp	.hpp	5146	135	5A21B49BC26D30DAE633799B415C7DB9AF3ABEB1200CC2948596D2997F3CD801	src/core	UNKNOWN	UNKNOWN	PENDING
003181	src/core/UnifiedSessionState.cpp	.cpp	10568	295	4EECB9702F46E83CE9F3D6BC8683C2D326404037D612188EB93F14BCEEDD14AE	src/core	UNKNOWN	UNKNOWN	PENDING
003182	src/core/UnifiedSessionState.hpp	.hpp	5034	140	659B0DD740E658F641B880C389BCC24DEEF416B0559027C865E3E1138A37398D	src/core	UNKNOWN	UNKNOWN	PENDING
003183	src/core/unified_command_dispatch.cpp	.cpp	19804	480	6D66E71C5828C4387CD574EC746F47F309169544B6346059DA113A3AD12969DA	src/core	UNKNOWN	UNKNOWN	PENDING
003184	src/core/unified_command_dispatch.hpp	.hpp	21329	535	1D864BF51393A7EAFD41A355228CFD0AA868494B79A1769EE756902DBC4A525A	src/core	UNKNOWN	UNKNOWN	PENDING
003185	src/core/unified_dispatch.hpp	.hpp	15507	360	902E352DC570DF6AC368775A57B52E54FDD0A29BB32E5D7840FEAB98189E3D95	src/core	UNKNOWN	UNKNOWN	PENDING
003186	src/core/unified_hotpatch_manager.cpp	.cpp	59177	1384	659AC562DBC244A854011AD5B66268860CBF0D667019FC10A446909B48E35B0B	src/core	UNKNOWN	UNKNOWN	PENDING
003187	src/core/unified_hotpatch_manager.hpp	.hpp	16527	364	9F2EBB79227543E60CFEBA73BA9ECD38CD35536DABA8827E603293431AC823BA	src/core	UNKNOWN	UNKNOWN	PENDING
003188	src/core/unified_inference_engine.c	.c	54866	1541	D87D9941F0FC77F0C59E96D29776706691CD319F90125B9C038B871B1315AC34	src/core	UNKNOWN	UNKNOWN	PENDING
003189	src/core/unified_inference_engine.h	.h	18752	682	5C4DDD92A8EDBE5C066733CDD64E0A7813988C17C995E4E1085141CCE6066A7D	src/core	UNKNOWN	UNKNOWN	PENDING
003190	src/core/unified_inference_engine_test.c	.c	23051	620	D0A86288EFFD0EAF8B0F989212D10D53D94FAA7BE76D6F0669D6A4D0319D6291	src/core	UNKNOWN	UNKNOWN	PENDING
003191	src/core/unified_memory_executor.cpp	.cpp	22352	632	988542C0C15A1454F30869C0334378F249A78F98E04211BC924925919D752763	src/core	UNKNOWN	UNKNOWN	PENDING
003192	src/core/unified_memory_executor.h	.h	6905	187	9216D1E01041E8BF982B53B4F78B5AEDC372E9A8586F5CC5D39E327786A68940	src/core	UNKNOWN	UNKNOWN	PENDING
003193	src/core/unified_overclock_governor.cpp	.cpp	32877	803	F63DA0AA2B319D57863CEBAE46628D265835678203A3022B2AE22E113C1BCAFF	src/core	UNKNOWN	UNKNOWN	PENDING
003194	src/core/unified_overclock_governor.h	.h	10057	258	773FA9109EDF6300853B5E182101FCBEA498C7E7D3AAA510DFBFDA7CDB878C6E	src/core	UNKNOWN	UNKNOWN	PENDING
003195	src/core/universal_model_hotpatcher.cpp	.cpp	40734	1018	2F62BFEDF8E9F2C4D789F41C5A435A9F52C6C95D162DC77241FA9137D60B2396	src/core	UNKNOWN	UNKNOWN	PENDING
003196	src/core/universal_model_hotpatcher.h	.h	16166	399	AB9F262B2C6CD6DC669D2431ED297A3333AA87D9D62E078FBCB9B512487632CA	src/core	UNKNOWN	UNKNOWN	PENDING
003197	src/core/universal_model_hotpatcher_complete.cpp	.cpp	11505	346	2E50479B0DD96332816E541012976BEC54D1E6D488634F351A9959D8F62D518D	src/core	UNKNOWN	UNKNOWN	PENDING
003198	src/core/universal_model_merger.cpp	.cpp	77924	1986	BE35099FA26829CD0D073A210FB4CB01EC0C1339016D7444F92C2E2460DADD0D	src/core	UNKNOWN	UNKNOWN	PENDING
003199	src/core/universal_model_merger.h	.h	26045	577	F96E82C4DE2C13AD099AAAAED9C5A6915D5C48084E756F994879E3E134B5CD2D	src/core	UNKNOWN	UNKNOWN	PENDING
003200	src/core/universal_model_router.cpp	.cpp	18570	522	8570866897CA618DE94DEB6322D3A377ED5E3AE51A0FBADAC10335B0F5B5EDDD	src/core	UNKNOWN	UNKNOWN	PENDING
003201	src/core/universal_model_router.hpp	.hpp	153	10	B177FA39C5ADF2F6C265F1035E223B54A4FE14EAF570D3AB4E5EB4662986E25C	src/core	UNKNOWN	UNKNOWN	PENDING
003202	src/core/universal_stub.cpp	.cpp	24	1	46EBD083829A26079E35F3B811EE8DFF76B240D1747D75BF602A5BFED27178B9	src/core	UNKNOWN	UNKNOWN	PENDING
003203	src/core/unlinked_symbols_batch_001.cpp	.cpp	5001	175	8DE3A6C85CA08FD47C9B6311F671DEBCD7307DDCC13BCC4E28B409160A2D1E4B	src/core	UNKNOWN	UNKNOWN	PENDING
003204	src/core/unlinked_symbols_batch_002.cpp	.cpp	7276	241	B975A134BE5C5B8AFE83EC80A1E388DCC92A344B94FCBFDCE5F59A28AAC26787	src/core	UNKNOWN	UNKNOWN	PENDING
003205	src/core/unlinked_symbols_batch_003.cpp	.cpp	4537	153	A5DC6A5689DDB944BB90A5B1CD693F182BDE508692DE5C1461A53CCCD3223170	src/core	UNKNOWN	UNKNOWN	PENDING
003206	src/core/unlinked_symbols_batch_004.cpp	.cpp	5174	168	27DCEEA1949E583FF01277B336BC88B58243AEF296E66F20CF5434DBEC75712F	src/core	UNKNOWN	UNKNOWN	PENDING
003207	src/core/unlinked_symbols_batch_005.cpp	.cpp	3906	118	565AF8940A5D73CAE2F9DE4A022D1AC1B53DDE4AEAD0A98A59F5D96295FC6C36	src/core	UNKNOWN	UNKNOWN	PENDING
003208	src/core/unlinked_symbols_batch_006.cpp	.cpp	4107	131	7EE6C88C91407B2460B89E2BC4F80FBCFC799D0B179C74B30EACC432B670DF73	src/core	UNKNOWN	UNKNOWN	PENDING
003209	src/core/unlinked_symbols_batch_007.cpp	.cpp	6411	191	CBC258A5D6DE1C9C3645E174E1BE05D1CAE1E96625B129BBF3A045DC392FB028	src/core	UNKNOWN	UNKNOWN	PENDING
003210	src/core/unlinked_symbols_batch_008.cpp	.cpp	5920	173	F1A0DA23975EB4FABA3C1DDF473C24619EBF66389D12629DB9E3F2F300EB6EF0	src/core	UNKNOWN	UNKNOWN	PENDING
003211	src/core/unlinked_symbols_batch_009.cpp	.cpp	3574	137	972C65D0D7BB2B42A3FEBF8609D67A239F00DDC7DDF943D2B8FCE8B6D4DB7C7C	src/core	UNKNOWN	UNKNOWN	PENDING
003212	src/core/unlinked_symbols_batch_010.cpp	.cpp	1542	71	F2BCF8987E743BF3038C5C0A7831EB3C99874FD6B129272A5BB7C8C5F45D23AA	src/core	UNKNOWN	UNKNOWN	PENDING
003213	src/core/unlinked_symbols_batch_011.cpp	.cpp	8328	231	E1E7AABE3D84725C61C67BAC5A824CCD4B92FB79050F7078A56286E5C25F9561	src/core	UNKNOWN	UNKNOWN	PENDING
003214	src/core/unlinked_symbols_batch_012.cpp	.cpp	3060	105	CCB13205714EA35CCFFA424584F8C3F974B8F62AAE6939233F93397057BC810A	src/core	UNKNOWN	UNKNOWN	PENDING
003215	src/core/unlinked_symbols_batch_013.cpp	.cpp	6421	238	ABDFFDDD9E4DBAE6001C36B984F8A446B16D31548B75D3AD42EE117915372796	src/core	UNKNOWN	UNKNOWN	PENDING
003216	src/core/unlinked_symbols_batch_015.cpp	.cpp	758	34	72FA567C8BF852A31C552A751AC7F58AE54F20876FBB773943B5191F6936DABC	src/core	UNKNOWN	UNKNOWN	PENDING
003217	src/core/unlinked_symbols_batch_016.cpp	.cpp	743	29	AC54A8549E1231777D97716897B449CC73E37D5404FA83F9AA30FC2FCD58026C	src/core	UNKNOWN	UNKNOWN	PENDING
003218	src/core/unlinked_symbols_batch_017.cpp	.cpp	4763	161	19C26813B06CD9D8034439EB819653B0A582BBC13562F77720D541FE14F9883C	src/core	UNKNOWN	UNKNOWN	PENDING
003219	src/core/unlinked_symbols_batch_018.cpp	.cpp	5920	217	7D624337CDFD01D3F2A70C29E94D1C5395F66F78156E93010FF4CB1046752181	src/core	UNKNOWN	UNKNOWN	PENDING
003220	src/core/unlinked_symbols_batch_019.cpp	.cpp	4209	194	29E1DA443B9F44BECB3C275E0E4885DA6F43653E5BC8D7E6DA5D706B5BEB0392	src/core	UNKNOWN	UNKNOWN	PENDING
003221	src/core/unlinked_symbols_batch_020.cpp	.cpp	1031	41	3AE315CC1576C00D68476197F03C7381D19A30F6802ED204A68ABC557CAE284C	src/core	UNKNOWN	UNKNOWN	PENDING
003222	src/core/unlinked_symbols_batch_021.cpp	.cpp	4762	120	5A04EB29116A81A50AA945313349908BEE6A54681EF436B672B0F694CF088772	src/core	UNKNOWN	UNKNOWN	PENDING
003223	src/core/unlinked_symbols_batch_022.cpp	.cpp	15731	393	A1517EDA6B62B818FB3353A919CDBD8176DDD0B3799C080AB972E2086B5B99B0	src/core	UNKNOWN	UNKNOWN	PENDING
003224	src/core/update_signature.cpp	.cpp	32111	851	91280AF3A6384D969C6CA8A23E76E44B11574C3B58217638F58C15BAAE32600B	src/core	UNKNOWN	UNKNOWN	PENDING
003225	src/core/vector_index.cpp	.cpp	28874	840	5352AF61E32489895EE4C62138F928CF1349B0F373867CF8DAF7FE417ADDB0F0	src/core	UNKNOWN	UNKNOWN	PENDING
003226	src/core/vector_index.h	.h	9859	271	3581CD63DDD03208C565ED567A000574DD984456C6D014A63720F6CAE6D57DD2	src/core	UNKNOWN	UNKNOWN	PENDING
003227	src/core/vector_index_persistence.cpp	.cpp	2223	76	E56F7B39A6B851E67A96CA6C08153AE47D6E91021250E3A693293D55BCAC7FA7	src/core	UNKNOWN	UNKNOWN	PENDING
003228	src/core/vector_index_persistence.h	.h	685	16	8BD6A50522CD2A0697F98322CADB86B1F74DB23D0F9D4F4BB2A10CFC237EC581	src/core	UNKNOWN	UNKNOWN	PENDING
003229	src/core/Version.cpp	.cpp	773	33	08BA6CF64E3CC585907CD34EF6EE639550A2FB8D519F6C5F61336361C947B8E9	src/core	UNKNOWN	UNKNOWN	PENDING
003230	src/core/Version.hpp	.hpp	2228	73	BC4F4E4E08B922E0D9964DECD124A401392C3AABCD83BFCCC0AF72ADD4691C72	src/core	UNKNOWN	UNKNOWN	PENDING
003231	src/core/view_state.hpp	.hpp	2251	68	52B15A22D80AB4B94F6027C523089BA58A60CCB2346DD2AE8557F8DCDD863128	src/core	UNKNOWN	UNKNOWN	PENDING
003232	src/core/view_state_masm.hpp	.hpp	20705	403	A2B897173CE162542B9F12CAA6CB37DB8B1447DC1FF96D986B157FA3367AB17E	src/core	UNKNOWN	UNKNOWN	PENDING
003233	src/core/vision_embedding_cache.cpp	.cpp	18275	541	5EEA46245A2B65DBF7F25C444695F21F95D3661026FE27B546CA97C5D8F32CBB	src/core	UNKNOWN	UNKNOWN	PENDING
003234	src/core/vision_embedding_cache.hpp	.hpp	8088	199	22D21362AA16D1E4ACD0B80DD6F096E8EF88C002480B2BC8AF5759F06D1262CB	src/core	UNKNOWN	UNKNOWN	PENDING
003235	src/core/vision_encoder.cpp	.cpp	84183	2222	1EF27C13DCB22CE5B088A4B42CC1C033565D19C56600E21D0BB2D9C8BC93C1F7	src/core	UNKNOWN	UNKNOWN	PENDING
003236	src/core/vision_encoder.hpp	.hpp	12826	314	BFC105243973392D9DC36ADD4DB6EDDFAAE4D7B3ACA11B2EFE12D93B473CF284	src/core	UNKNOWN	UNKNOWN	PENDING
003237	src/core/vision_encoder_complete.cpp	.cpp	10780	298	8546525AE8753E7D4DAD4650D5AFB1B55F4C0007F7F67C70452A72444FF57614	src/core	UNKNOWN	UNKNOWN	PENDING
003238	src/core/vision_encoder_nonmsvc.cpp	.cpp	2683	84	1A46ED735BEE9FCEC082D5760B6682E31DF91758BB207B8DC0BDF6D3A0DFA37D	src/core	UNKNOWN	UNKNOWN	PENDING
003239	src/core/vision_gpu_staging.cpp	.cpp	28741	805	8D96955CF49F7248E80ECBA0A75F7A8EF9BFEF469BC023F913577FC52834A3A4	src/core	UNKNOWN	UNKNOWN	PENDING
003240	src/core/vision_gpu_staging.hpp	.hpp	10115	248	5AE9FFF84890C30AD4046022ED43BE9ED284CF7E23001DC5EBC7455F6BCA7868	src/core	UNKNOWN	UNKNOWN	PENDING
003241	src/core/vision_kv_isolation.cpp	.cpp	21413	574	F9C8353D527D0A738F7880CD4610CF53F87FEDA88D2BF91D46529F2A572C703C	src/core	UNKNOWN	UNKNOWN	PENDING
003242	src/core/vision_kv_isolation.hpp	.hpp	11350	276	50C669771AD0590983034D4D027760098C763DBEA0B7B14F841913CFDC25277C	src/core	UNKNOWN	UNKNOWN	PENDING
003243	src/core/vision_quantized_encoder.cpp	.cpp	24464	683	FDC4056D8B6E1C8FA27AC455BD4C944074D0294ADAC20063971DB4015F8ADEF0	src/core	UNKNOWN	UNKNOWN	PENDING
003244	src/core/vision_quantized_encoder.hpp	.hpp	11840	266	C2ACFEBFA460B5F338453B95DBC231A5E9DAF6FFCD2568857DCF1064CBD8E7E7	src/core	UNKNOWN	UNKNOWN	PENDING
003245	src/core/vision_token_gate.cpp	.cpp	23675	644	7ED556D895AAE0BC908138BD4F00B0EBE607E20E889D40131E64CFEFE078E9A5	src/core	UNKNOWN	UNKNOWN	PENDING
003246	src/core/vision_token_gate.hpp	.hpp	9470	209	4468AEC2C5A0CE58FF12D062CE1F1C882B0B672223F1AF81583DAC3C52AADC3C	src/core	UNKNOWN	UNKNOWN	PENDING
003247	src/core/voice_assistant_manager.hpp	.hpp	6456	184	49F2A70A9CB98AB0E1B854FCEA32735AE5530AC92049D909318B4536FD73B6AB	src/core	UNKNOWN	UNKNOWN	PENDING
003248	src/core/voice_assistant_masm_bridge.cpp	.cpp	12432	383	1FA794085B36512E2BAF8238CFDA22435637754CED3105DF62506A0EBF985961	src/core	UNKNOWN	UNKNOWN	PENDING
003249	src/core/voice_assistant_masm_bridge.hpp	.hpp	6501	187	0A086CD72A4FCD5D60396D0FCE7CEA20EF1D792AD8CF42D2766D0BC28E385C37	src/core	UNKNOWN	UNKNOWN	PENDING
003250	src/core/voice_assistant_stubs.hpp	.hpp	2583	92	A0BD471C6C6A42FEACB055395FDF043036E8816B869063B81C0DFDFC080CE4E4	src/core	UNKNOWN	UNKNOWN	PENDING
003251	src/core/voice_assistant_types.hpp	.hpp	6894	202	77BC1DFFE27A4C6FEF01D3248B88E9B326DE7AE5F55274648FD3F89D7C512A66	src/core	UNKNOWN	UNKNOWN	PENDING
003252	src/core/voice_automation.cpp	.cpp	39005	1134	C9CFD899FA36B8B3BDC427CCE6C8C907D4925EBA909CAD9494631CDF2B486090	src/core	UNKNOWN	UNKNOWN	PENDING
003253	src/core/voice_automation.hpp	.hpp	15054	339	CE83076EAD3FAFE775A3188654819FA67D4C77CC69A35F7F026CECFF99846E16	src/core	UNKNOWN	UNKNOWN	PENDING
003254	src/core/voice_chat.cpp	.cpp	43861	1248	889E0F005DD900D1D7FEF0784041D4820A18BCFA7ED2327AD23EFE0A26541B44	src/core	UNKNOWN	UNKNOWN	PENDING
003255	src/core/voice_chat.hpp	.hpp	11101	292	7919BE1DEEC4715385EA87E692233A5BF2436B8EE841DA882D6DE9695FF72A9B	src/core	UNKNOWN	UNKNOWN	PENDING
003256	src/core/vram_probe.cpp	.cpp	3010	89	5719D129F7A3A96BAF03C68ACEF196647C71F87D0AE2EBFEAAF799851F2485F3	src/core	UNKNOWN	UNKNOWN	PENDING
003257	src/core/vscext_registry.cpp	.cpp	5714	193	085D57A489797CB803EF4F64B8AC73C0F85BEDFE0E9ADA87438D5CE60F1DBB1E	src/core	UNKNOWN	UNKNOWN	PENDING
003258	src/core/vscode_marketplace.cpp	.cpp	52880	1338	EE5CB339CB767F4C111F4EE20D6E01CFEBFB12FB164FE5762F6628A80CB30383	src/core	UNKNOWN	UNKNOWN	PENDING
003259	src/core/VulkanMemoryManager.h	.h	1364	43	409A26DF70B6ED2AABEE76C69C99A94C51C20CC49976A3F6EDD76A03F3520BEB	src/core	UNKNOWN	UNKNOWN	PENDING
003260	src/core/WarmupEngine.cpp	.cpp	7015	191	D39572B14BFBB86DA1EDBC156BDADACF17E8B10DDFCA1CBDF95E417C7027CB87	src/core	UNKNOWN	UNKNOWN	PENDING
003261	src/core/WarmupEngine.h	.h	1417	40	7E1C27D1D1F4994B05E297CE1FEF32C9E74A4951FE6F42475FE055AE0F4FA8F3	src/core	UNKNOWN	UNKNOWN	PENDING
003262	src/core/watchdog_service.cpp	.cpp	13279	370	16A8401231CA85DA927AA024B567702BAD51CFD393D1AF2E18955A871D2A8E89	src/core	UNKNOWN	UNKNOWN	PENDING
003263	src/core/watchdog_service.hpp	.hpp	6641	183	F73EAF475A00231AE137522D20EB9F5299914AE5CA8BEF7C14019B193499C0C1	src/core	UNKNOWN	UNKNOWN	PENDING
003264	src/core/watchdog_stubs.cpp	.cpp	944	34	21A0BA1DFACCCB02E2F7DAF514DF72EE49F15735C2937CE510F459D3AD8EB165	src/core	UNKNOWN	UNKNOWN	PENDING
003265	src/core/webrtc_signaling.cpp	.cpp	21683	583	F76D74088CF6FA20F8A5E691F9C322F2ADE9F6396F0BA8D662FC3B3F76F0B001	src/core	UNKNOWN	UNKNOWN	PENDING
003266	src/core/webrtc_signaling.h	.h	11724	298	2B8B24F6056F1C135EBEBDB436D1A7103656BE10ABDA13288871284E5CAFD830	src/core	UNKNOWN	UNKNOWN	PENDING
003267	src/core/webrtc_signaling_complete.cpp	.cpp	12739	409	9E38E60F0F69ED318116CF72BECB86390CCF03594C11B57D58D2D2140AB588AF	src/core	UNKNOWN	UNKNOWN	PENDING
003268	src/core/WebView2Container.cpp	.cpp	6476	206	C9C91AD0B20E8D5FB0ABC173F005750778CC012A5F99D8B847178FD4BCFD6A44	src/core	UNKNOWN	UNKNOWN	PENDING
003269	src/core/WebView2Container.h	.h	4278	110	FBB01A53CC504699856C6EA89AAB2C3C2446110D1E18C134C5AA941D70CF4B37	src/core	UNKNOWN	UNKNOWN	PENDING
003270	src/core/WebView2EditorEngine.cpp	.cpp	29125	748	E5D3AD8C8290963B87B48D2B45CCBC961CA2CBA9F8EEB3C3DE25D1FA7D18FB94	src/core	UNKNOWN	UNKNOWN	PENDING
003271	src/core/weight_hotswap.c	.c	19783	586	A0963CBC8B576242D89AA61D5E6B7B195644DAE999466706E5F8784974C6366B	src/core	UNKNOWN	UNKNOWN	PENDING
003272	src/core/weight_hotswap.h	.h	10549	269	0D2788D75B9E2A6E6BC13DAC5380A38D2AF4F83F7E414EBA44AA8434D332805E	src/core	UNKNOWN	UNKNOWN	PENDING
003273	src/core/win32ide_asm_kernel_bridge.cpp	.cpp	25701	730	A465D4DBE29C6752DC6C920FB6FB4195037F0099D47A5CC60CC94811B4D9680B	src/core	UNKNOWN	UNKNOWN	PENDING
003274	src/core/win32ide_asm_runtime.cpp	.cpp	177	3	5E9D3AB4B22E38712482C29D2AC38976EB68160081E7313C10870C246D1E924C	src/core	UNKNOWN	UNKNOWN	PENDING
003275	src/core/win32ide_beacon_status.cpp	.cpp	199	9	DF010A391D738F3511635FF59E7380D4AE5E443B9D55AF435218B51749968A76	src/core	UNKNOWN	UNKNOWN	PENDING
003276	src/core/win32ide_debugger_bridge.cpp	.cpp	9281	222	4132654CDC7A490A9980EBC6B285AD81208E5D66B528B2A581645FFCE7E79F80	src/core	UNKNOWN	UNKNOWN	PENDING
003277	src/core/win32ide_handler_impls.cpp	.cpp	40904	408	8D74CCC78B4FC2A942E8B1898D5DD7578ADAEB3CDBB04D1C1575F033DDCD4477	src/core	UNKNOWN	UNKNOWN	PENDING
003278	src/core/win32ide_license_integration.cpp	.cpp	9139	239	3888E3072EBFB12A27CF591FEC1EEAB4FA6A82B13B6FF77A07F3AC07DD96BD85	src/core	UNKNOWN	UNKNOWN	PENDING
003279	src/core/win32ide_link_stubs.cpp	.cpp	10950	254	F0570DC50646F9EA96274C2A8ED405C8248680ABA66814ECDCE806EE1481792A	src/core	UNKNOWN	UNKNOWN	PENDING
003280	src/core/win32ide_missing_handlers.cpp	.cpp	4787	115	923B20DA7D4780258EE9C8354067F84F5B2B2C63A73678296870740A18F552A8	src/core	UNKNOWN	UNKNOWN	PENDING
003281	src/core/win32ide_quadbuffer_bridge.cpp	.cpp	8187	212	4C8EE9FBC1AEE180D395055EF5F1D9EC779E34BD37BBF4203198ED6D40DDEDCB	src/core	UNKNOWN	UNKNOWN	PENDING
003282	src/core/win32ide_strict_batch1_symbols.cpp	.cpp	445	24	A3692B62D50773D6A1D87C3329849DB6BB378069CB6B2CB28144B79C68B13E10	src/core	UNKNOWN	UNKNOWN	PENDING
003283	src/core/win32ide_symbol_impls_A.cpp	.cpp	14095	369	0A9CE74277BE54A07A3C87D35E5E3F791C94416D7E964E3937F4D67F992491B3	src/core	UNKNOWN	UNKNOWN	PENDING
003284	src/core/win32ide_symbol_impls_B.cpp	.cpp	6676	210	9CD136BABE325311861BCCEBB98A66DC9E97339B293AC32C61FCA9592F961838	src/core	UNKNOWN	UNKNOWN	PENDING
003285	src/core/win32ide_symbol_impls_C.cpp	.cpp	4844	155	164AACA2BE379BBA5887D1A90339F66506DEF272200312F8F21CD852A6F2E9A6	src/core	UNKNOWN	UNKNOWN	PENDING
003286	src/core/win32ide_symbol_impls_D.cpp	.cpp	5438	187	A8AB3DF3515562E8AA789B0E3A076F7FFBA45964779FCEB61EBE3D43343FC62E	src/core	UNKNOWN	UNKNOWN	PENDING
003287	src/core/win32ide_symbol_impls_E.cpp	.cpp	2244	90	80F4823FD5B1916598C6E99A973ED21D276AB533A8BE0DF6DD170A43310AF4B6	src/core	UNKNOWN	UNKNOWN	PENDING
003288	src/core/win32ide_symbol_impls_F.cpp	.cpp	6275	188	711B0C189AC0496A4C46018296420891497CE2DC3903A6FB30BE303E8B91B4CC	src/core	UNKNOWN	UNKNOWN	PENDING
003289	src/core/win32ide_symbol_impls_G.cpp	.cpp	5714	172	C7D9BCAB152245740277E387B65A46082450047C3734A146471D69728A6CD2E9	src/core	UNKNOWN	UNKNOWN	PENDING
003290	src/core/win32ide_symbol_impls_H.cpp	.cpp	2383	68	E2FB7B7756AA9F99C233C3280F76415E5759092B0AFFB40563F52BFCC120345C	src/core	UNKNOWN	UNKNOWN	PENDING
003291	src/core/win32ide_unique_impl.cpp	.cpp	40208	1077	CB0390CA4D68B1050E9FD0AB388D3107C442D80882969B0744EF877E2603C9F5	src/core	UNKNOWN	UNKNOWN	PENDING
003292	src/core/win32ide_watchdog_init.cpp	.cpp	262	8	2778CA55A329CD5C7CEF34135CF677D26CB8D553DD281150654A0AEE8F98683C	src/core	UNKNOWN	UNKNOWN	PENDING
003293	src/core/win32_kernel_bridge_nomasm.cpp	.cpp	12478	409	79A3663C52D3750EAD5D13CADC581E27E1E050AF958581DB7E526B36A417F894	src/core	UNKNOWN	UNKNOWN	PENDING
003294	src/core/workspace_model.cpp	.cpp	26978	710	0CBB167B398FEC9980CE77F9EE905845DEB38C09A2EA01DFBDE1C1B3DF76F6C3	src/core	UNKNOWN	UNKNOWN	PENDING
003295	src/core/workspace_model.h	.h	4298	98	E964662B58A5CE5A99FED221979A320AC3FBF261816F0583FF8E8CCCE0D164BD	src/core	UNKNOWN	UNKNOWN	PENDING
003296	src/core/workspace_reasoning_profiles.cpp	.cpp	19295	501	31C541A82E1E1EC45E1A3DB4218DBD90D056364F04E39B510A49BE316B2A29A8	src/core	UNKNOWN	UNKNOWN	PENDING
003297	src/core/workspace_reasoning_profiles.hpp	.hpp	6650	152	8AFBF404C316833E9335216C118AF566D965E44D59C9CD2B3E02BB810CAD3261	src/core	UNKNOWN	UNKNOWN	PENDING
003298	src/core/_test_uhm_include.cpp	.cpp	55	2	050AFEB2FAC33A3392289D58A7867E7051F62FFA212C6B14FDA3B4357FE41CE2	src/core	UNKNOWN	UNKNOWN	PENDING
003299	src/core/execution/Diagnostic.hpp	.hpp	3255	92	2AE6FCDD6B652E1AEECF9A99EC5AF5FF86A5949547BFB2955E2A533107BDC17D	src/core	UNKNOWN	UNKNOWN	PENDING
003300	src/core/execution/ExecutionRequest.hpp	.hpp	1635	51	0AFBFD54400FD93E796F3902DB6141B60305EAF48CD0F4F73970D50B578F91AA	src/core	UNKNOWN	UNKNOWN	PENDING
003301	src/core/execution/ExecutionResult.hpp	.hpp	2226	68	DF626E3DA8603E9F906999188C506D4308C97C07D97429AD4F946E1981E6D055	src/core	UNKNOWN	UNKNOWN	PENDING
003302	src/core/execution/ExecutionStatus.hpp	.hpp	2018	47	C4C69A87CF24F22BF2AA324088D58FFB45CF7707AE22744543BF960358EF5C50	src/core	UNKNOWN	UNKNOWN	PENDING
003303	src/core/execution/ExecutionTelemetry.hpp	.hpp	2081	61	4EE64501EA9C299E07E0C5681E27399F13D1158432FFD668CEAE35468CBD15AC	src/core	UNKNOWN	UNKNOWN	PENDING
003304	src/core/execution/IExecutionBackend.hpp	.hpp	2257	65	5B47B4C6D72A59F94A63470EBC4963C7BE65458F62C6D2C08DD45D3C78594708	src/core	UNKNOWN	UNKNOWN	PENDING
003305	src/core/execution/IKernelBackend.hpp	.hpp	6998	214	B7C0D86389674254E0BF5F628EBF89F9C4A9AFED9FE6774012225753AB25DF74	src/core	UNKNOWN	UNKNOWN	PENDING
003306	src/core/execution/IntrinsicsBackend.cpp	.cpp	10820	318	551C92CDA51B6A8319D9538E15AB84A05DFB027EFBB96309F050B01F9453753F	src/core	UNKNOWN	UNKNOWN	PENDING
003307	src/core/execution/KernelRegistry.cpp	.cpp	19039	548	C261857FD0C2433E766AB18C3EBC5489B142C6E8FFBF1C99DEB8A351DCD1BE8E	src/core	UNKNOWN	UNKNOWN	PENDING
003308	src/core/execution/KernelRegistry.hpp	.hpp	6818	194	824A29E5BA6CB2E1A05A6480B020CADDBDAE6D8B83AC22F24A0535C1940A5FE4	src/core	UNKNOWN	UNKNOWN	PENDING
003309	src/core/execution/MASM64KernelLoader.cpp	.cpp	15911	469	2A7F485C33067AD350A8F5F19B5B6FB2FC393AF1F294EEA1ADB6EA43A764112F	src/core	UNKNOWN	UNKNOWN	PENDING
003310	src/core/execution/MASM64KernelLoader.hpp	.hpp	5880	195	8B33ED50B3C3E91ECC5E778E77CEAADAADC6DEA35EA8CDE10A9F5C6E37761ED1	src/core	UNKNOWN	UNKNOWN	PENDING
003311	src/core/execution/MASMBackend.cpp	.cpp	10328	299	22824AA26E9645CF3850C87FF8EBF1E1990A4A096D6C95B63750CC701E613F5E	src/core	UNKNOWN	UNKNOWN	PENDING
003312	src/core/execution/MASMBackend.hpp	.hpp	3434	82	91622FE68207B85A65BBFB496BA88D73082D89EC4ABF67C2CBBA84EA61E8FBCC	src/core	UNKNOWN	UNKNOWN	PENDING
003313	src/core/execution/MemoryBridge.cpp	.cpp	7980	281	D53E771AC152658B1BB9F4420CCF046B84C156DD747C572D55014032683CF82A	src/core	UNKNOWN	UNKNOWN	PENDING
003314	src/core/execution/MemoryBridge.hpp	.hpp	5572	170	F3BB4649ABCF31B0513DA4DF5DE624318D5C149E1DA57104DA7B00EEBED2DCA0	src/core	UNKNOWN	UNKNOWN	PENDING
003315	src/core/execution/ReferenceBackend.cpp	.cpp	15123	410	F03A397EA47CBB9A1CFA8606611B9A5C874B7ABF89694B63795547F3EEBE48BD	src/core	UNKNOWN	UNKNOWN	PENDING
003316	src/core/execution/SimulatorBackend.cpp	.cpp	10462	289	D61733FF361307EB0843C96113120A47B170E477CD99C549916EC7205EBE1B3A	src/core	UNKNOWN	UNKNOWN	PENDING
003317	src/core/execution/SimulatorBackend.hpp	.hpp	4427	123	D529C172167D8918E0819965987B45BCDF9DB9429463994436C123DE4F6F5E15	src/core	UNKNOWN	UNKNOWN	PENDING
003318	src/core/execution/SovereignBackend.cpp	.cpp	20251	617	51B1B0B480649126672080E7C44BAA6ECA4A53843007854FD38C71D691229B89	src/core	UNKNOWN	UNKNOWN	PENDING
003319	src/core/execution/SovereignBackend.hpp	.hpp	6371	171	CAD6F85F223B5E41E0555EA689FBA47B8EDB0959C055B886FDED46328A29D57C	src/core	UNKNOWN	UNKNOWN	PENDING
003320	src/core/execution/SovereignGraphRunner.cpp	.cpp	17551	474	94C9C5C5032F37390B5A2B13752C9C4748599458D470D35111171D325DAFCC8E	src/core	UNKNOWN	UNKNOWN	PENDING
003321	src/core/execution/SovereignGraphRunner.hpp	.hpp	6118	174	70BC3563FE4DD4C6057ACCD01D0CE3A64A82906EA2351D5363034E0FA26105F1	src/core	UNKNOWN	UNKNOWN	PENDING
003322	src/core/execution/SovereignGraphRunner_v2.cpp	.cpp	22947	665	1139E734E7AF7FA0D8EC17ADFEA38270A7F1A2E938901FDA2C78E8172DF58A4E	src/core	UNKNOWN	UNKNOWN	PENDING
003323	src/core/execution/SovereignGraphRunner_v2.hpp	.hpp	8524	249	3C0EEB1BD150ECC6FF3F32B3866F8BACFA7F34B9E0597D87CD500348F504BD5D	src/core	UNKNOWN	UNKNOWN	PENDING
003324	src/core/execution/SovereignKernelTypes.hpp	.hpp	6726	213	41A4289B52CEEA63867AA14891285BECDCB7DD6EC49B0B830C60E5584A6A8517	src/core	UNKNOWN	UNKNOWN	PENDING
003325	src/core/execution/SovereignTitanDispatch.cpp	.cpp	21334	588	A81FD4DB2A7581C943898183D901CC5F5D3BB48DF8BE4D87BBFC5A36817E9103	src/core	UNKNOWN	UNKNOWN	PENDING
003326	src/core/execution/SovereignTitanDispatch.hpp	.hpp	6563	199	1EF05349D7E85F3FA935AA324B2DBF36482EC96B7EDCA3F3D428D2F68621039A	src/core	UNKNOWN	UNKNOWN	PENDING
003327	src/core/execution/test_execution_contracts.cpp	.cpp	4946	153	10DB9E394691AB34BBDCACE261D9F6B96D9A9597FD74A044605155D64CADCD52	src/core	UNKNOWN	UNKNOWN	PENDING
003328	src/core/execution/test_masm64_loader.cpp	.cpp	11520	345	CE14D4ED4F4619D44D0FCFFC345575FB863995F23348BA7E540B7683350BB81A	src/core	UNKNOWN	UNKNOWN	PENDING
003329	src/core/execution/test_sovereign_backend.cpp	.cpp	11132	326	FE018EF60E565509B7D0A770B2E8422314ED04D7CC63AC1DB68EABB4B6C77BD3	src/core	UNKNOWN	UNKNOWN	PENDING
003330	src/core/execution/test_sovereign_backend_real.cpp	.cpp	6301	181	AF137C757AA43621DB1F2C9296A92AD5E2A3BC99013D9CADD364E988BA24FE99	src/core	UNKNOWN	UNKNOWN	PENDING
003331	src/core/execution/test_transformer_loop.cpp	.cpp	12828	368	A445E459A46277D67970A4A0ABA32886F9AB08058DFF87D386580A92FC157067	src/core	UNKNOWN	UNKNOWN	PENDING
003332	src/core/execution/Titan_KernelIntegration.cpp	.cpp	35093	1062	B6B0BCDD81BA881B343AF64634A041E92651CE571B4B6FA6CD83A8F812493CDC	src/core	UNKNOWN	UNKNOWN	PENDING
003333	src/core/execution/Titan_KernelIntegration.h	.h	4736	172	E646D5E0760B706352E53D0630DBF03F58E61405BFA5B5DD4B3DDF87172DFE71	src/core	UNKNOWN	UNKNOWN	PENDING
003334	src/core/execution/Titan_KernelIntegration.hpp	.hpp	5346	163	215B5A12A3A664EC54F1B2E87A8E0650DBC73CC8D8E1F33154378C87213E7740	src/core	UNKNOWN	UNKNOWN	PENDING
003335	src/core/execution/UnifiedKernelInterface.cpp	.cpp	9221	222	A9AC5A0AAA107C6FD272CCF1A0080B3CF02E2C7FA3AA70BBCA5B9CD854891295	src/core	UNKNOWN	UNKNOWN	PENDING
003336	src/core/execution/UnifiedKernelInterface.hpp	.hpp	5189	121	E95E02A62D87C64F1767EF96D236E89EFA9920CBFC30083D5746296228C2CC48	src/core	UNKNOWN	UNKNOWN	PENDING
003337	src/core/executor/CMakeLists.txt	.txt	1062	51	58BFA23354860D8014AB18BACE3E75ECC4B20CDAA1E70F08B8EC794D5AA4AA9D	src/core	UNKNOWN	UNKNOWN	PENDING
003338	src/core/executor/executor.cpp	.cpp	16355	487	018F65C5FE404E4670034501B2C22D25154006573E16667C6EE32666EA070F9F	src/core	UNKNOWN	UNKNOWN	PENDING
003339	src/core/executor/executor.h	.h	13452	281	02C76B43AA612EE932F4B649808014E23B81299AA69E9A9F61B3AA77A4671978	src/core	UNKNOWN	UNKNOWN	PENDING
003340	src/core/p150_kernel_track/kernel_affinity.asm	.asm	768	31	AE92C02F0A91F23D8F610B86601528B61864EAED60AE138D243963F2F5B75D54	src/core	UNKNOWN	UNKNOWN	PENDING
003341	src/core/p150_kernel_track/kernel_fma_unroll.asm	.asm	2032	69	4C31CDF3B0E4933146969864CB5A38F6D49F60DCF398D292ACDEB79AF797C0DC	src/core	UNKNOWN	UNKNOWN	PENDING
003342	src/core/p150_kernel_track/kernel_vnni.asm	.asm	932	36	1C50CFA270EAC9C642C27CA47E9C03444B6117370542B978DC7026A3838A1067	src/core	UNKNOWN	UNKNOWN	PENDING
003343	src/core/p150_kernel_track/draft_integration/drafter_wiring.cpp	.cpp	1398	35	E3D6CD302EFD23EABF2BFF16F88DCFE079EEC4AD8B6FFEA121193A7FC5921705	src/core	UNKNOWN	UNKNOWN	PENDING
003344	src/core/p150_kernel_track/draft_integration/drafter_wiring.hpp	.hpp	891	21	75DC508DB419D871F192217275D32F694D842624B2D00496586E298CABBC0E8E	src/core	UNKNOWN	UNKNOWN	PENDING
003345	src/core/p150_kernel_track/overdrive_trace/tracer.cpp	.cpp	759	20	CF62222BC0B90CF2E3930F2A094DDEAD95D23AD83C03D96DB57715168665D845	src/core	UNKNOWN	UNKNOWN	PENDING
003346	src/core/p150_kernel_track/overdrive_trace/tracer.hpp	.hpp	424	16	621B53AE7C34605E9ECBDF49A102CFAC164229EE4B905734FC54E6E7768EEFF6	src/core	UNKNOWN	UNKNOWN	PENDING
003347	src/core/p24_d/p24_d_multiplex.cpp	.cpp	3365	85	F764FFB9B109711EBBC8BEA7486A43C1C03B8390DACCC0C44FB2FFECA67B44BA	src/core	UNKNOWN	UNKNOWN	PENDING
003348	src/core/p24_d/p24_d_multiplex.hpp	.hpp	1068	21	1C813FC4A8F8BDD7B81FD08EE6C7C451D2E1A18DCEE25BA8B863F34A05C61E6D	src/core	UNKNOWN	UNKNOWN	PENDING
003349	src/core/p27_zenith/zenith_moe_routing.cpp	.cpp	2927	72	2CB9C27E64E05FA1C375F9536DD8A396D881C26B89193A3E5A7ED42ECCA504FF	src/core	UNKNOWN	UNKNOWN	PENDING
003350	src/core/p27_zenith/zenith_moe_routing.hpp	.hpp	1603	54	DCCEA9D803883809EC49B78247839D9FD53196B1A22B6493738C41DF2E28A1E8	src/core	UNKNOWN	UNKNOWN	PENDING
003351	src/core/p28_hypervelocity/hyper_150tps.cpp	.cpp	2579	58	0833C7DA94A0EFFE75FF7A0CD94369D8FA9B4749F1E183324DE8F38E52BF1FC9	src/core	UNKNOWN	UNKNOWN	PENDING
003352	src/core/p28_hypervelocity/hyper_150tps.hpp	.hpp	1776	48	ACA26B1040968E53E28F57E2F58287E848AD10756BB881189B0CBBA65841A72C	src/core	UNKNOWN	UNKNOWN	PENDING
003353	src/core/p28_hypervelocity/benchmark_harness/p28_benchmark.cpp	.cpp	1998	57	83D54864E8A4C543045827C898004F3A984ACB78E12AE81980AD58D7112CEAD7	src/core	UNKNOWN	UNKNOWN	PENDING
003354	src/core/p28_hypervelocity/benchmark_harness/p28_benchmark.hpp	.hpp	749	29	9A5441D51CD95706229F7D51A7FA6194BED900D7A611288DFF8B3B4896FE154E	src/core	UNKNOWN	UNKNOWN	PENDING
003355	src/core/policy/CMakeLists.txt	.txt	1031	51	05592E345A883199CC4E1706F918042DB1FA6817962374F3B2A429D3FF23D25D	src/core	UNKNOWN	UNKNOWN	PENDING
003356	src/core/policy/policy.cpp	.cpp	15504	409	7A00B4A8CA8AE5B4167F59DDB858DF18A08CA48AC1841A99326DCDD158F386D0	src/core	UNKNOWN	UNKNOWN	PENDING
003357	src/core/policy/policy.h	.h	10914	206	4908EF4A8054D26C09D5A244A7EFB7E66E6D59FF395A89A106B2A42B09806529	src/core	UNKNOWN	UNKNOWN	PENDING
003358	src/core/router/CMakeLists.txt	.txt	3711	94	055527A76C598B5CB2F57B95077F60661D45C94B4EE6AE18A32C363FE10EE7E8	src/core	UNKNOWN	UNKNOWN	PENDING
003359	src/core/router/router.cpp	.cpp	14739	422	D03184AF4557394FD8A04C2FD2EFE46647234A965E6B1BC195F0AE6559224E32	src/core	UNKNOWN	UNKNOWN	PENDING
003360	src/core/router/router.h	.h	11829	227	306305EB7BEF1ED45BB344E82FA1F6A424DD911F4C43D10ECC9DC9FD860519C1	src/core	UNKNOWN	UNKNOWN	PENDING
003361	src/core/router/tests/router_test.cpp	.cpp	3920	135	3B98DCD3462855E89BEFD8FC0FC7297F9B9CB9A695900BFF76204C5332A75C04	src/core	UNKNOWN	UNKNOWN	PENDING
003362	src/core/scheduler/CMakeLists.txt	.txt	4992	103	8D2906CF3FAE5F24A316A1B926FDFEEE6DF4713E49B7C0AE36061F39A86F6EEF	src/core	UNKNOWN	UNKNOWN	PENDING
003363	src/core/scheduler/scheduler.cpp	.cpp	17117	491	6FDCE48A19E8DB485B4A9D4223F247006B959A50037051F6F956F0DB6819FC36	src/core	UNKNOWN	UNKNOWN	PENDING
003364	src/core/scheduler/scheduler.h	.h	11183	218	535F368FDC0B245814A853B7FBA72417C69C6B2F79D8C89FA5E7266901E0835D	src/core	UNKNOWN	UNKNOWN	PENDING
003365	src/core/scheduler/tests/scheduler_test.cpp	.cpp	4737	128	7A7970BF86D88663A055CDD0664B439DACED3E4EB0EE954E2E1E89DF937239C6	src/core	UNKNOWN	UNKNOWN	PENDING
003366	src/core/sdma/sdma_coordinator.cpp	.cpp	8313	237	BFFE7D01A0397F1F111B05843EEC835DE10556F4B02E2272D9C1DA8203863A40	src/core	UNKNOWN	UNKNOWN	PENDING
003367	src/core/sdma/sdma_coordinator.hpp	.hpp	4719	136	D41F22494BD77264AADB9A87E6A071D5A13FF6A23111A69439260DBFD497E8D0	src/core	UNKNOWN	UNKNOWN	PENDING
003368	src/core/sdma/sdma_ring_allocator.asm	.asm	5869	200	978733EF69F05937371A3F94103DD3C81E04AF3C29BDE105C842B6364E49E9A6	src/core	UNKNOWN	UNKNOWN	PENDING
003369	src/core/sdma/sdma_ring_allocator.cpp	.cpp	2922	58	3415607621311B10F10F98DFBCBEF8BEAD702E64E986ADBF9ACDDF5DD4FAA533	src/core	UNKNOWN	UNKNOWN	PENDING
003370	src/core/sdma/sdma_scheduler.asm	.asm	12273	311	D2581439114126337FEA76EBEA3A993B328855BA871C43CE452C12442B1F7FBA	src/core	UNKNOWN	UNKNOWN	PENDING
003371	src/core/sdma/sdma_scheduler.cpp	.cpp	7866	177	F247BD2CB3B2B40C77980254FC05182C69E11AEC893BA8C55D28D763BA9573FD	src/core	UNKNOWN	UNKNOWN	PENDING
003372	src/core/swarm48/ContinuousBatcher.cpp	.cpp	1742	42	7669A0C87928FB51329B52EE4A6056A114F43E20CD01E48F8E4093C052B6E3E5	src/core	UNKNOWN	UNKNOWN	PENDING
003373	src/core/swarm48/DeviceLeaseManager.cpp	.cpp	1691	44	E8133433ED3CD3757AD59B528F912D9471A25EBFE3AC50FD81A7FFBFAD9332BC	src/core	UNKNOWN	UNKNOWN	PENDING
003374	src/core/swarm48/PagedKVPool.cpp	.cpp	2374	66	05DEA0EB4C77FDB682A53815E4B4993C3E9E550BC20230AB1DBF3FA30BBC54E5	src/core	UNKNOWN	UNKNOWN	PENDING
003375	src/core/swarm48/ReceiptLedger.cpp	.cpp	890	23	2BE1A8CEFF9304A69467871AED9C392ABDF4676D32BF420C01BD08AF50B53F05	src/core	UNKNOWN	UNKNOWN	PENDING
003376	src/core/swarm48/SharedModelRegistry.cpp	.cpp	1842	51	D5F56ED81A1E4C59BCB7D978946BDA9C62AD69607E76A1F51BD59593C3C773AA	src/core	UNKNOWN	UNKNOWN	PENDING
003377	src/core/swarm48/SwarmRuntime.cpp	.cpp	7478	153	BFB96C461D24D016130AC6D6545793567614CA3293FB17BAD4E57EBA7691A3E1	src/core	UNKNOWN	UNKNOWN	PENDING
003378	src/core/swarm48/TeamCoordinator.cpp	.cpp	978	23	E537AA280766039F35FBE47EC1C1678B456479F6A1AEF5B49FC2EC2AA30E593D	src/core	UNKNOWN	UNKNOWN	PENDING
003379	src/debug/stress_memory.cpp	.cpp	24	1	46EBD083829A26079E35F3B811EE8DFF76B240D1747D75BF602A5BFED27178B9	src/debug	UNKNOWN	UNKNOWN	PENDING
003380	src/debug/stress_target.cpp	.cpp	24	1	46EBD083829A26079E35F3B811EE8DFF76B240D1747D75BF602A5BFED27178B9	src/debug	UNKNOWN	UNKNOWN	PENDING
003381	src/debug/test_debugbridge_telemetry.cpp	.cpp	51	1	744A6A21885A357CCF85ED35284FA23849969B193095190502A74D7497DD2A75	src/debug	UNKNOWN	UNKNOWN	PENDING
003382	src/deep2/AgenticRuntime.hpp	.hpp	4718	122	5C916D3DE8C5B8901D9AB7AA8EF2D53A9B27EA8BC5FC6049E490FE6320E261A8	src/deep2	UNKNOWN	UNKNOWN	PENDING
003383	src/deep2/AgentToolAuthority.cpp	.cpp	1578	54	295E6D99B3B5A2BE76979932B37AC9E162F046FEFF45971AB2BAE6A5EC191F33	src/deep2	UNKNOWN	UNKNOWN	PENDING
003384	src/deep2/AgentToolAuthority.hpp	.hpp	944	23	2E16BAFF4339EA8FD311AA842F5953C76B948B3719DC1689A0C2B1D7E83AD9D0	src/deep2	UNKNOWN	UNKNOWN	PENDING
003385	src/deep2/AgentToolRegistry.hpp	.hpp	17915	424	8E59D3350337F64DFB27D2B3F10F95290B4429A964543AAD49BB0869072104C8	src/deep2	UNKNOWN	UNKNOWN	PENDING
003386	src/deep2/agent_tool_authority_selftest.cpp	.cpp	4610	116	B092CCBDCDE91F20DB36FC0D8F3BE5DD5F345D02425611ED9C0F187AFB0AD1FF	src/deep2	UNKNOWN	UNKNOWN	PENDING
003387	src/deep2/AntiPatcher.cpp	.cpp	2205	69	F74CA9F148AA4625F3207E6CD3316477E499DF90D6E1D5A2444E2E8AF6E17BA1	src/deep2	UNKNOWN	UNKNOWN	PENDING
003388	src/deep2/AntiPatcher.hpp	.hpp	2148	54	479AF1694E24473A228A543332B0C87DB235B26016B26DA96FEB244C38EA2623	src/deep2	UNKNOWN	UNKNOWN	PENDING
003389	src/deep2/asm_stubs.cpp	.cpp	24	1	46EBD083829A26079E35F3B811EE8DFF76B240D1747D75BF602A5BFED27178B9	src/deep2	UNKNOWN	UNKNOWN	PENDING
003390	src/deep2/AttnCertProbe.cpp	.cpp	3554	96	C3EBFDE2785E9E2CF005CC6BAF26FAC45F00763C713DEA903D1BD8F8115641AB	src/deep2	UNKNOWN	UNKNOWN	PENDING
003391	src/deep2/AttnCertProbe.hpp	.hpp	2192	54	BE206B89E95A71B8003A4D59E38594AB8344051602317A061EB2806983A8486C	src/deep2	UNKNOWN	UNKNOWN	PENDING
003392	src/deep2/AttnCtx2Probe.h	.h	13101	292	2003486D52DAC9F550C5EC611F0D33F344722BE9189825ED952EF1A8454C7E71	src/deep2	UNKNOWN	UNKNOWN	PENDING
003393	src/deep2/AttnVisibilityTrace.h	.h	16562	404	EAD84A8BDBCEAA5C4F6854BD17AACFFAA46E3A380E34C4B9866EABF5834DFFF3	src/deep2	UNKNOWN	UNKNOWN	PENDING
003394	src/deep2/Batch10_PeerRowSplitCert.cpp	.cpp	3359	104	CBB3B86CDDAB33BEAAC7E9ADA3DBAF7BAD2929C8879EC2F0CCF297E38CB87A20	src/deep2	UNKNOWN	UNKNOWN	PENDING
003395	src/deep2/Batch10_RowSplitPlan_SELFTEST.cpp	.cpp	678	24	E9CEC3ACE98B20AD2E75B2C57F1C3D53F7B4FE1C6BB0AD2BB4DEBD93F4751206	src/deep2	UNKNOWN	UNKNOWN	PENDING
003396	src/deep2/Batch9_VulkanMultiGpuCert.cpp	.cpp	2926	83	94EEE5640BBC834EFC07A4B3CDCCB9233C12D1610F8094F14724539094A3F545	src/deep2	UNKNOWN	UNKNOWN	PENDING
003397	src/deep2/Beaconism.cpp	.cpp	17231	409	63CD397373FA171942F3DCCB7B6B5483731CCB151024022E6859B0CC1E47B634	src/deep2	UNKNOWN	UNKNOWN	PENDING
003398	src/deep2/Beaconism.hpp	.hpp	8710	235	532710FBC62982920BC75E35499F8AEDCC18A56ADDBC2486E3E3F17132CACA1E	src/deep2	UNKNOWN	UNKNOWN	PENDING
003399	src/deep2/BottleTTL.cpp	.cpp	34	1	449741E10F6C67E31644F6C80EF2F4715D319795C93A1E7117B42AF620B8DB0D	src/deep2	UNKNOWN	UNKNOWN	PENDING
003400	src/deep2/BP16Extractor.cpp	.cpp	38	1	12AF084984117AA478FF395AF9C387E4D698862553CBF20A44B34DA7C5F3E33D	src/deep2	UNKNOWN	UNKNOWN	PENDING
003401	src/deep2/BP16Streamer.cpp	.cpp	4144	130	DD4AB17CA4F957DA398FB1C3DF8E8B17676DFCFB51C375F334E36EF04A7E0CE7	src/deep2	UNKNOWN	UNKNOWN	PENDING
003402	src/deep2/BP16Streamer.hpp	.hpp	3131	107	EC343B9C10EBB4D9F8FE2D02154D99283E926FB0EB3512C38619175AE533A727	src/deep2	UNKNOWN	UNKNOWN	PENDING
003403	src/deep2/build_batch10_shaders.ps1	.ps1	1218	39	2AE692E736B92101C946F9683E8CE129EE62F781C51FAEB482A77948D14D53DD	src/deep2	UNKNOWN	UNKNOWN	PENDING
003404	src/deep2/build_batch9_shaders.ps1	.ps1	2079	55	6E7A62F5ECBA2B185174B81C6F1142F581AF3738B87A4668265BD9990F9ABFBB	src/deep2	UNKNOWN	UNKNOWN	PENDING
003405	src/deep2/Chamber.cpp	.cpp	4865	139	8DAB5E692F391168708D7128122B9E68EE0335A9CC94AEB120B1538B20F5CD5B	src/deep2	UNKNOWN	UNKNOWN	PENDING
003406	src/deep2/Chamber.hpp	.hpp	1475	44	3042071289A777A2F94AD0CC8C71D076D3B1BD30F87CDC561719EA7D2119632B	src/deep2	UNKNOWN	UNKNOWN	PENDING
003407	src/deep2/ChatTemplate.cpp	.cpp	30108	683	20E7089C1320BC0E184960F877D1014AA11EDF3D13BA3BB1F883A787669946BE	src/deep2	UNKNOWN	UNKNOWN	PENDING
003408	src/deep2/ChatTemplate.hpp	.hpp	13084	321	672A9FB2ECA1A18D8AD6DA90C2A38B388EEFB902256B6104B31827435DF851E5	src/deep2	UNKNOWN	UNKNOWN	PENDING
003409	src/deep2/CliSpecialToolProviders.hpp	.hpp	1660	49	D91F2A17E462DEFA64E18D65C4013A93044957120D2DF3BFF8B0FC02E3D41EFF	src/deep2	UNKNOWN	UNKNOWN	PENDING
003410	src/deep2/CompressedKVCache.cpp	.cpp	12044	344	7E3D71176D91379EBDBCBFDBBCD01FBC795F516C8D6F50FAF4ED0CB2883D4382	src/deep2	UNKNOWN	UNKNOWN	PENDING
003411	src/deep2/CompressedKVCache.h	.h	3894	122	11EEC644C10D8A7EEDBF7DF234D30C4756B51906034B05E0D32DD8DD0DF29959	src/deep2	UNKNOWN	UNKNOWN	PENDING
003412	src/deep2/CPUFrequency.cpp	.cpp	37	1	34E8FE824EA3FBEAD3CF92337D40AF0F69AE9C7F527933BFF537269694B3615D	src/deep2	UNKNOWN	UNKNOWN	PENDING
003413	src/deep2/CycloneScheduler.cpp	.cpp	6379	195	8F42817E6D832118F5C2D91B62527724906EBC9C5E531CAEFCA8FFD557CE18E8	src/deep2	UNKNOWN	UNKNOWN	PENDING
003414	src/deep2/CycloneScheduler.hpp	.hpp	3247	108	98C732193401E9306C0A8DA5085537B19F4101BD571DFBDB9FFF3A84D644592F	src/deep2	UNKNOWN	UNKNOWN	PENDING
003415	src/deep2/CycloneScheduler_test.cpp	.cpp	6067	168	12B700F3950CCAAA953B4983ED92438A732DD55E4EAE28A13FBC0CE8A272BA7E	src/deep2	UNKNOWN	UNKNOWN	PENDING
003416	src/deep2/d2_decode_contract.h	.h	2288	91	3A7F215A08B87F205AA8B495FA5B4E1148FF0F204F33375B6A1E656E9D56E190	src/deep2	UNKNOWN	UNKNOWN	PENDING
003417	src/deep2/d2_engine_ssvk_decode_bind.c	.c	3030	112	13F758EB01E191594563025810170EB2B6EE6252D8B71183AB5DD1966A34BF93	src/deep2	UNKNOWN	UNKNOWN	PENDING
003418	src/deep2/d2_engine_ssvk_decode_bind.h	.h	1896	58	C8AFCA867C201E924B0DA4AE8C478582B1402C96B6DD032DCB03983A42DC17AA	src/deep2	UNKNOWN	UNKNOWN	PENDING
003419	src/deep2/Deep2APIServer_Complete.cpp	.cpp	48	1	801C38C63DC7C9FA05F22D3EF077B785A56000BEBD0AF65CC12291FDC7FA29D1	src/deep2	UNKNOWN	UNKNOWN	PENDING
003420	src/deep2/Deep2ArchitectureRuntime.hpp	.hpp	16844	409	D4DF0525842E8E2B789E04B1C2AC3502E4478AC35E220525FA8F80BE6755927F	src/deep2	UNKNOWN	UNKNOWN	PENDING
003421	src/deep2/Deep2B21QuantPack.cpp	.cpp	1085	29	A6DF977512920E355D6FCABB99BA40E34971D9BFCAC9D7821FA9AA463ABC7679	src/deep2	UNKNOWN	UNKNOWN	PENDING
003422	src/deep2/Deep2B21QuantPack.hpp	.hpp	818	35	F9EB06FE003E5EB638382973B3E212E00BBFFCA51F9D5F1EA098A38F9AECCA83	src/deep2	UNKNOWN	UNKNOWN	PENDING
003423	src/deep2/Deep2B21_25Bind.hpp	.hpp	1368	33	09693270E9241E807DA29DB0ED29545809F94EDB45976878F1F920C02DEEE463	src/deep2	UNKNOWN	UNKNOWN	PENDING
003424	src/deep2/Deep2B22LdsReuse.cpp	.cpp	960	22	96D643855B8F1C5C8667221AA484C3C09C9AA3BD5ADEBB87F6955896C6815A9B	src/deep2	UNKNOWN	UNKNOWN	PENDING
003425	src/deep2/Deep2B22LdsReuse.hpp	.hpp	646	30	1F14263647F0FA705CEEDBD2582A948C6AB64EB263A60BBDB0737EC94053C58D	src/deep2	UNKNOWN	UNKNOWN	PENDING
003426	src/deep2/Deep2B23PersistentQueue.cpp	.cpp	1249	30	D13E7F1335F31E9055E309632C5FA67CB496D384328834BBF622C2DBD8A61589	src/deep2	UNKNOWN	UNKNOWN	PENDING
003427	src/deep2/Deep2B23PersistentQueue.hpp	.hpp	763	34	2C249407901412B1837B87CAFDFAEDE2B380225B8DF752A2697E5ABCB4A32109	src/deep2	UNKNOWN	UNKNOWN	PENDING
003428	src/deep2/Deep2B24SpecDecode.cpp	.cpp	990	29	567DBF70B71BA6F74C4BD3A15ED11C532F4A9625BA586A9EA552E5F731B26C81	src/deep2	UNKNOWN	UNKNOWN	PENDING
003429	src/deep2/Deep2B24SpecDecode.hpp	.hpp	887	40	50136B626DF5B83C19E9D142C68F3EDD2F0DA44C374D18655B0FF6B0822D9991	src/deep2	UNKNOWN	UNKNOWN	PENDING
003430	src/deep2/Deep2B25Autotune.cpp	.cpp	2301	60	38F0759AA2AA8D0A0E52060C0CB5D25E8F9765B191753D9A9B4D60E1EFFF04F7	src/deep2	UNKNOWN	UNKNOWN	PENDING
003431	src/deep2/Deep2B25Autotune.hpp	.hpp	1242	52	E4E292AE52FC9A099C517C251D00A3A3EEA6CDA5C6BDC49B7E089B26EB1E3A91	src/deep2	UNKNOWN	UNKNOWN	PENDING
003432	src/deep2/Deep2B26AttentionSuperkernel.cpp	.cpp	1226	32	0CD3741F52240C8F05625BF4C74C90821ABCDF54F75CD01E249467041FA6C61B	src/deep2	UNKNOWN	UNKNOWN	PENDING
003433	src/deep2/Deep2B26AttentionSuperkernel.hpp	.hpp	978	38	498647F84865C0E549A13E3228088E32AB2CAEF92CFA8744622ACAA71D30D8D1	src/deep2	UNKNOWN	UNKNOWN	PENDING
003434	src/deep2/Deep2B26_30Bind.hpp	.hpp	1146	29	9EE9650E1DBD4938B315E93EA48F02D9AB7C68D7965CA4DD8B8844B4EFAE7EDA	src/deep2	UNKNOWN	UNKNOWN	PENDING
003435	src/deep2/Deep2B27MoESuperkernel.cpp	.cpp	1428	34	F175FA65E1598E67A16EF25B894DB1C62289B3A26BBDE2BDCB52B7C844DC175C	src/deep2	UNKNOWN	UNKNOWN	PENDING
003436	src/deep2/Deep2B27MoESuperkernel.hpp	.hpp	1060	38	BE9C89A156A8FF178EFB45056DDAFDF94CB80CCFA0C06B9A7ACB9995F496FECA	src/deep2	UNKNOWN	UNKNOWN	PENDING
003437	src/deep2/Deep2B28DeviceLogits.cpp	.cpp	1276	38	1AD4C935BE5370FB95AB7F6918D2C1AD87AE64D4AE1680B09C5ADA7D9F36F05D	src/deep2	UNKNOWN	UNKNOWN	PENDING
003438	src/deep2/Deep2B28DeviceLogits.hpp	.hpp	1072	41	A19E3B64CB3A4BE353BDA56D3A85C854779D3666C386626AF14901CAF37AB8B6	src/deep2	UNKNOWN	UNKNOWN	PENDING
003439	src/deep2/Deep2B29LayerChain.cpp	.cpp	1286	33	8047ADAC6541DBAEECC0BABD5B5A064283C082153AB8003977E8563A2981573F	src/deep2	UNKNOWN	UNKNOWN	PENDING
003440	src/deep2/Deep2B29LayerChain.hpp	.hpp	862	33	7B6816A34E49919DA8E5A083D5164A566079AA562CD6FE7D9082003EF6356338	src/deep2	UNKNOWN	UNKNOWN	PENDING
003441	src/deep2/Deep2B30RooflineSeal.cpp	.cpp	3559	88	CF4EF3EEB3920342730D32E3197012858C23CD27EF8FA8F7EAAA82E97A38571E	src/deep2	UNKNOWN	UNKNOWN	PENDING
003442	src/deep2/Deep2B30RooflineSeal.hpp	.hpp	1859	69	F24AAB220524B4596364F17881E7103C329C931BE40A314C9F242A5AD0F32007	src/deep2	UNKNOWN	UNKNOWN	PENDING
003443	src/deep2/Deep2B31QuantSuperkernel.cpp	.cpp	1080	28	FC3A787683DCFB6C9F1C115F06558620B3253E1C6940D1564C27972C4392EA9F	src/deep2	UNKNOWN	UNKNOWN	PENDING
003444	src/deep2/Deep2B31QuantSuperkernel.hpp	.hpp	912	36	EFE3C4CD9AC3FF3B9E21816EC9A0E7B7C1DFC26D12A77F4C3F261E295FAC3829	src/deep2	UNKNOWN	UNKNOWN	PENDING
003445	src/deep2/Deep2B31_35Bind.hpp	.hpp	1422	33	F8922643479EA5B41521ABDF4C3E72C2851F67053C3D075D0071149B0321F907	src/deep2	UNKNOWN	UNKNOWN	PENDING
003446	src/deep2/Deep2B32FlashMLA.cpp	.cpp	785	24	60F7781047FD674019CD3A86E5C2C5391B99F6239DBCEAA0F0AA3E6A74CED4BD	src/deep2	UNKNOWN	UNKNOWN	PENDING
003447	src/deep2/Deep2B32FlashMLA.hpp	.hpp	881	35	E9763C370CF330C6F626931550699528A230AECC49AF37E84DC099FDF495AE5B	src/deep2	UNKNOWN	UNKNOWN	PENDING
003448	src/deep2/Deep2B33ExpertStriping.cpp	.cpp	1923	52	E3D681D008944BDE0222604A1EBA546D556C5E94C6A36940E7ECB6F6A79E1043	src/deep2	UNKNOWN	UNKNOWN	PENDING
003449	src/deep2/Deep2B33ExpertStriping.hpp	.hpp	927	43	B1152F40E424E189CD9261B41AEF0875B81BDE73450ECFAE3EF191469AD33538	src/deep2	UNKNOWN	UNKNOWN	PENDING
003450	src/deep2/Deep2B34FusedKvAttention.cpp	.cpp	759	23	3F9A7BE6386662204725E02A30E65686E4BDAF82203B195C1D1F8555DE3831BB	src/deep2	UNKNOWN	UNKNOWN	PENDING
003451	src/deep2/Deep2B34FusedKvAttention.hpp	.hpp	762	32	60F4714A4FFC55F9AA2CFE58151137672E8D7921C70AFEEB5D6CA49F58526BC8	src/deep2	UNKNOWN	UNKNOWN	PENDING
003452	src/deep2/Deep2B35DeviceTokenHandoff.cpp	.cpp	3136	83	44FFC6F420B61CC36815577B141F2FF00180DF8CF1F93054578CF4352F3F5A89	src/deep2	UNKNOWN	UNKNOWN	PENDING
003453	src/deep2/Deep2B35DeviceTokenHandoff.hpp	.hpp	2105	82	A9E4BDC9E2EDDFFA2E9E3C02B246DD19F8787E7CB639F2803619C167BEA5C474	src/deep2	UNKNOWN	UNKNOWN	PENDING
003454	src/deep2/Deep2B36WaveDot.cpp	.cpp	899	25	82C8AACA54603A877DAEEDB9C2ED634C97F58242A22B041B85A306C003257AB3	src/deep2	UNKNOWN	UNKNOWN	PENDING
003455	src/deep2/Deep2B36WaveDot.hpp	.hpp	904	35	026E0FD402B91240AA5398EEB624463E7AFEE1BA3200AE294DAA8932549F8399	src/deep2	UNKNOWN	UNKNOWN	PENDING
003456	src/deep2/Deep2B36_40Bind.hpp	.hpp	1360	33	FA6D76060D15BAE8A0095D77D16D669A135F0E4B738BA79904CE7A6E0F267D91	src/deep2	UNKNOWN	UNKNOWN	PENDING
003457	src/deep2/Deep2B37RegisterTune.cpp	.cpp	826	24	BA70F2B5DBE2EF0F39050EF322ABC22D343E25286C3E7615DCD913D536F8824E	src/deep2	UNKNOWN	UNKNOWN	PENDING
003458	src/deep2/Deep2B37RegisterTune.hpp	.hpp	765	32	C62321B0F331224CB404E5C223BD3EA191126A0A6918008A51A7D7D848887BD6	src/deep2	UNKNOWN	UNKNOWN	PENDING
003459	src/deep2/Deep2B38CoopGemv.cpp	.cpp	712	21	808D32F4494077740FF408CE6E14C0657370CB218EF4C01A94AFE5970658D0C7	src/deep2	UNKNOWN	UNKNOWN	PENDING
003460	src/deep2/Deep2B38CoopGemv.hpp	.hpp	700	31	1AF2E6659B73E2F3DED0DBD6DBB45A886B274655A760C64754F3353FD3E43B92	src/deep2	UNKNOWN	UNKNOWN	PENDING
003461	src/deep2/Deep2B39FamilySpecializer.cpp	.cpp	1008	29	AFC60BABD0DBD82826A3F1378F788557C529596EF6DD77CD0B9BE6DDE411D440	src/deep2	UNKNOWN	UNKNOWN	PENDING
003462	src/deep2/Deep2B39FamilySpecializer.hpp	.hpp	918	42	2B3AB0D360B1D00948C55972B255FCED051CFEFFF861FF401A8E76745FC38C02	src/deep2	UNKNOWN	UNKNOWN	PENDING
003463	src/deep2/Deep2B40PhysicalSeal.cpp	.cpp	2908	62	88FAE084DA786F90A972B326641B10C024569FA68444D6F6703AAF83886B8347	src/deep2	UNKNOWN	UNKNOWN	PENDING
003464	src/deep2/Deep2B40PhysicalSeal.hpp	.hpp	1911	70	F7CFDE12960DC509921C32C97174F0240EFAB6F30149DDC7F755D75E9EB97F2A	src/deep2	UNKNOWN	UNKNOWN	PENDING
003465	src/deep2/Deep2B41PackedDot.cpp	.cpp	1061	29	02A8BE4F37DB49E0083DF1C35B43C50F2DF9118C068CC346CD242818E487B2C0	src/deep2	UNKNOWN	UNKNOWN	PENDING
003466	src/deep2/Deep2B41PackedDot.hpp	.hpp	907	36	2E6303A122AC3ABA5196E5BF32D8812044720658ABF0282FA524F1B48E8FD0B7	src/deep2	UNKNOWN	UNKNOWN	PENDING
003467	src/deep2/Deep2B41_45Bind.hpp	.hpp	1267	33	1795215E242223A5EE07AD9A277881CD7FBBC2F838F57D202B5945E71B8D7E3D	src/deep2	UNKNOWN	UNKNOWN	PENDING
003468	src/deep2/Deep2B42AsyncLds.cpp	.cpp	1053	31	024FBF2BF3C067FECED3BCA98E2FA3ED7DB73FFA956A0806D3DCD0731B4D12A7	src/deep2	UNKNOWN	UNKNOWN	PENDING
003469	src/deep2/Deep2B42AsyncLds.hpp	.hpp	727	33	6EE12C230C0690E42B59B0F48F21638ADF64548E26D3543925A88289F15D082E	src/deep2	UNKNOWN	UNKNOWN	PENDING
003470	src/deep2/Deep2B43MoEWave.cpp	.cpp	1546	43	B7F5A644D308826B4C099FEA2CC7471968D1C5DA0159B50DF6CA976406CBEBC9	src/deep2	UNKNOWN	UNKNOWN	PENDING
003471	src/deep2/Deep2B43MoEWave.hpp	.hpp	941	41	C736676227A97914951D030B2903FF7D1D9A45F891764218A85F2F1C96B629CD	src/deep2	UNKNOWN	UNKNOWN	PENDING
003472	src/deep2/Deep2B44MlaComputeBalance.cpp	.cpp	1092	31	B74674AF63102CED4CA9A4922C655DDBEEDE88BB41E3E6FEE86A5D0EAB659B2D	src/deep2	UNKNOWN	UNKNOWN	PENDING
003473	src/deep2/Deep2B44MlaComputeBalance.hpp	.hpp	843	38	72E54C0872A3BCD369F8EFAACD49B0E7AB037C2E974A0621A38B628CFBA71981	src/deep2	UNKNOWN	UNKNOWN	PENDING
003474	src/deep2/Deep2B45KernelPlan.cpp	.cpp	4574	104	4381562E581539A9EC7C4E9A312372E23780AD2C88886AFC5A05E12A78139A5A	src/deep2	UNKNOWN	UNKNOWN	PENDING
003475	src/deep2/Deep2B45KernelPlan.hpp	.hpp	2935	113	031E2310B2896223C0EAA40AAAFDF7FEC45A7BCEA040DEE8CBD6522049641910	src/deep2	UNKNOWN	UNKNOWN	PENDING
003476	src/deep2/Deep2B46NativeQuant.cpp	.cpp	1018	27	176B51FD36D3524D47C21C2214D34444F4903BF31C7FC48A49BD2EF66D1A2260	src/deep2	UNKNOWN	UNKNOWN	PENDING
003477	src/deep2/Deep2B46NativeQuant.hpp	.hpp	915	39	F80C1F34EE90434D6BADC9034FA2F8A6411507774A5B708A960E4D57A035AAE9	src/deep2	UNKNOWN	UNKNOWN	PENDING
003478	src/deep2/Deep2B46_50Bind.hpp	.hpp	1171	30	E22CE22455B460B213C21288B6073C7AF12E2271815743E04739A558DC2D3AE6	src/deep2	UNKNOWN	UNKNOWN	PENDING
003479	src/deep2/Deep2B47RegisterExpert.cpp	.cpp	1481	34	B991FCE697741672B418BA5D803C9EC1C64DAB4AF7087613650D7798C67F764A	src/deep2	UNKNOWN	UNKNOWN	PENDING
003480	src/deep2/Deep2B47RegisterExpert.hpp	.hpp	1178	39	9ACF9F31E9531CC2D10DBB8FB9088661F5A6987FF453859ECF5BA38689703E4B	src/deep2	UNKNOWN	UNKNOWN	PENDING
003481	src/deep2/Deep2B48CrossLayerFusion.cpp	.cpp	1174	34	C12F7F8D81402B89C8A989886458F1828C3584B3B9C51E95435CE07D58534F0B	src/deep2	UNKNOWN	UNKNOWN	PENDING
003482	src/deep2/Deep2B48CrossLayerFusion.hpp	.hpp	948	36	0C3B4A3F93438B880EBF0AF40167EBED430C2C7D74D0D04BE983806277E1E0D3	src/deep2	UNKNOWN	UNKNOWN	PENDING
003483	src/deep2/Deep2B49ShaderSpecializer.cpp	.cpp	2405	56	6109159A841AB5716FDD027BBD0163636502EEEA131646AD23BDBAEE57946061	src/deep2	UNKNOWN	UNKNOWN	PENDING
003484	src/deep2/Deep2B49ShaderSpecializer.hpp	.hpp	1242	52	0B02D1EFE7534153A7C3CD9F36C44CCE131CA91D27AE66869B53B95BA0FE97B5	src/deep2	UNKNOWN	UNKNOWN	PENDING
003485	src/deep2/Deep2B50ChallengeSeal.cpp	.cpp	2923	72	8CCAD195D1315C896C47E4237CDE4945B1F5B4FA5264BBCF7668F02B3BAB23B6	src/deep2	UNKNOWN	UNKNOWN	PENDING
003486	src/deep2/Deep2B50ChallengeSeal.hpp	.hpp	1926	74	2C7295687062A7F702765E65D47CC38F1EE20A628B10D16BB47A879992349470	src/deep2	UNKNOWN	UNKNOWN	PENDING
003487	src/deep2/Deep2B51OwnerDirector.cpp	.cpp	1585	50	ACD22316C3F6B91F48AA07B88AE4929D87207985C3137152AB6192D291C344B7	src/deep2	UNKNOWN	UNKNOWN	PENDING
003488	src/deep2/Deep2B51OwnerDirector.hpp	.hpp	903	41	6DEE8792943F6E24D97D40D975013803E5C41E2FD96C9775F03D1B0F7B52AABE	src/deep2	UNKNOWN	UNKNOWN	PENDING
003489	src/deep2/Deep2B51_55Bind.hpp	.hpp	1148	30	41FFB4B4B5FF25BF011E9017D54E34344BF7D1E782D965D9DAF12F167F22288C	src/deep2	UNKNOWN	UNKNOWN	PENDING
003490	src/deep2/Deep2B52MemoryTail.cpp	.cpp	1138	29	F9AE5FDCCBAE785C6F3D36CADDCC16C5B76228F903ADDD7B806814096C53BA75	src/deep2	UNKNOWN	UNKNOWN	PENDING
003491	src/deep2/Deep2B52MemoryTail.hpp	.hpp	806	33	F2239E77A1DBBF0DD567A9630B81A2429AB8009C4FA7547ECE344C8B268EC3AD	src/deep2	UNKNOWN	UNKNOWN	PENDING
003492	src/deep2/Deep2B53ComputeTail.cpp	.cpp	1383	42	11FD811C23B0979D40440F479B5ED359177E4790B279560EEC39422D30B9DBB2	src/deep2	UNKNOWN	UNKNOWN	PENDING
003493	src/deep2/Deep2B53ComputeTail.hpp	.hpp	976	43	20D9C0B33A6611D5AFFC6D1CF2C632876DF5CCBCBD01A4A82AD7997DFF3443A9	src/deep2	UNKNOWN	UNKNOWN	PENDING
003494	src/deep2/Deep2B54DeviceGraph.cpp	.cpp	977	30	882A65A53095FD2966BD1694AE6CD6BFBAF5995438CF5314F7C29D3EAA4CFFD5	src/deep2	UNKNOWN	UNKNOWN	PENDING
003495	src/deep2/Deep2B54DeviceGraph.hpp	.hpp	927	43	CAF3C2E0D8D72A5C6B72F320839CC9D09E54AF7B8A7A3CF97E97A0E978C36A4C	src/deep2	UNKNOWN	UNKNOWN	PENDING
003496	src/deep2/Deep2B55AsymptoticSeal.cpp	.cpp	3072	75	F20427BA8475E7DD4A18B22C2F168853D2A549D702C90E869D833C5E95C06799	src/deep2	UNKNOWN	UNKNOWN	PENDING
003497	src/deep2/Deep2B55AsymptoticSeal.hpp	.hpp	2023	77	EE7796F4175B3ED698FED1AEA9FCB882F1FC7D930628260214FB9D43574B93F1	src/deep2	UNKNOWN	UNKNOWN	PENDING
003498	src/deep2/Deep2B56LayerPhasePlanner.cpp	.cpp	1047	32	9F48B3FBF6107E8F09526362A76571D3CB6B195F8E8E67AE8DF270BF8A3FE87D	src/deep2	UNKNOWN	UNKNOWN	PENDING
003499	src/deep2/Deep2B56LayerPhasePlanner.hpp	.hpp	890	42	A091B1A6852D4C419704AF7F520A2EDE288D8AACB614AE059CD74E80FEC8AE28	src/deep2	UNKNOWN	UNKNOWN	PENDING
003500	src/deep2/Deep2B56_60Bind.hpp	.hpp	1143	30	DC2313770F4599F1950E6FE76C0D59606D7DCEF5EB327B0327C21186A30BD42F	src/deep2	UNKNOWN	UNKNOWN	PENDING
003501	src/deep2/Deep2B57ContextKernel.cpp	.cpp	693	20	7136586487A017F729D1A8FD411558DAC3CAE2705C5A8717353F196A8CB6E778	src/deep2	UNKNOWN	UNKNOWN	PENDING
003502	src/deep2/Deep2B57ContextKernel.hpp	.hpp	611	30	69A844021F4BC3338A33868243780398954439DB7072A1D156C3178DF9EB99DC	src/deep2	UNKNOWN	UNKNOWN	PENDING
003503	src/deep2/Deep2B58RouteSpecializer.cpp	.cpp	932	26	D01CB8E7AD6D8B41D53B52A50ED277B4FD91220E24B1D6629BC2F3F478056C54	src/deep2	UNKNOWN	UNKNOWN	PENDING
003504	src/deep2/Deep2B58RouteSpecializer.hpp	.hpp	742	32	102F4EA7B39F78EC6DEE5860AF81397FE76012848C823D367495E94325D8CA8F	src/deep2	UNKNOWN	UNKNOWN	PENDING
003505	src/deep2/Deep2B59StabilityGovernor.cpp	.cpp	841	32	8284FEE13FD49B5E818EB61B99067AC0E989FDFE992C5E4E38188CFD9DB91FF3	src/deep2	UNKNOWN	UNKNOWN	PENDING
003506	src/deep2/Deep2B59StabilityGovernor.hpp	.hpp	710	31	57A51D9F52F4C8AD04DF736FA40B594A69613A2BABC6616C76CC57D7C89747D2	src/deep2	UNKNOWN	UNKNOWN	PENDING
003507	src/deep2/Deep2B60ModelContract.cpp	.cpp	3101	77	ADCC2D87F982D5E579192B7CBF9BAB91F34326BD90DFB108B368E9E6F94C5805	src/deep2	UNKNOWN	UNKNOWN	PENDING
003508	src/deep2/Deep2B60ModelContract.hpp	.hpp	2013	77	8661A2880715FAE12EF4811C621954ABB3A5DE7B69A19E97EA04887ECC15896B	src/deep2	UNKNOWN	UNKNOWN	PENDING
003509	src/deep2/Deep2B61QwenNext.cpp	.cpp	867	27	B45212EF0C1F3BA1AACB3008A29E5ED900CC1BB03A472A7F79E74848539E580D	src/deep2	UNKNOWN	UNKNOWN	PENDING
003510	src/deep2/Deep2B61QwenNext.hpp	.hpp	192	6	BA5586FFF74FDAAD282E2D2B8D283D8A6720B251543FDAC1B23E77030F94F902	src/deep2	UNKNOWN	UNKNOWN	PENDING
003511	src/deep2/Deep2B61_65Fleet.hpp	.hpp	505	21	2B2CFB46E67FDF9D4A0CEBA703E6B72A8397C63D851F9B39E39C85BE01EC85E1	src/deep2	UNKNOWN	UNKNOWN	PENDING
003512	src/deep2/Deep2B62Nemotron.cpp	.cpp	883	27	30D6619FA85E8929C315E0333C03526D5F009A378F4B1AB3421E2267FBEFDF21	src/deep2	UNKNOWN	UNKNOWN	PENDING
003513	src/deep2/Deep2B62Nemotron.hpp	.hpp	192	6	1970790A81E8F81AF2D2A56FC8BA0C108681DBEF4B8C61F4911C867D9A0FB712	src/deep2	UNKNOWN	UNKNOWN	PENDING
003514	src/deep2/Deep2B63GptOss.cpp	.cpp	844	27	9B235E2C588CAB60353D0D997487B1462B7FA795B6E3DBC436D3A0FF8CE19D36	src/deep2	UNKNOWN	UNKNOWN	PENDING
003515	src/deep2/Deep2B63GptOss.hpp	.hpp	188	6	CADEF54C277AD36AF634AE150A6F8D176DA65683FF874799EA0D3EF5CB4A6A26	src/deep2	UNKNOWN	UNKNOWN	PENDING
003516	src/deep2/Deep2B64Laguna.cpp	.cpp	862	27	808502224255A48EA32DA7000DF63F28C8B85A56DD477C5729038B5EAA3EBBE4	src/deep2	UNKNOWN	UNKNOWN	PENDING
003517	src/deep2/Deep2B64Laguna.hpp	.hpp	188	6	87DCFDB77666BE005286A25240BBD9076ACBFC1CAD635CE17F2E68318C5F9B90	src/deep2	UNKNOWN	UNKNOWN	PENDING
003518	src/deep2/Deep2B65DeepSeekFlash.cpp	.cpp	887	27	BB2B66235C9AE4CDABE6B2152DF8584CD5328F5860E187A8273611F352D1831F	src/deep2	UNKNOWN	UNKNOWN	PENDING
003519	src/deep2/Deep2B65DeepSeekFlash.hpp	.hpp	202	6	A54BC107C57D3DB38A1D1C5D284C1DC308827AF414092B9DBE50CA04E56CE969	src/deep2	UNKNOWN	UNKNOWN	PENDING
003520	src/deep2/Deep2B66RuntimeMeta.cpp	.cpp	2594	64	02B3A3BF40567607707142A71581F45ED5682DC64EDC73023AD3666705581A43	src/deep2	UNKNOWN	UNKNOWN	PENDING
003521	src/deep2/Deep2B66RuntimeMeta.hpp	.hpp	1341	56	76A9F1C09640A74E54AC05A10B1A28F10563F2688FD77A67E41085B6EC313B6E	src/deep2	UNKNOWN	UNKNOWN	PENDING
003522	src/deep2/Deep2B67LiveTelemetry.cpp	.cpp	1237	42	1210A4115B1EFFD7DF73496BD35CDE75AAA7701F818F4D3473CC16049DF5450D	src/deep2	UNKNOWN	UNKNOWN	PENDING
003523	src/deep2/Deep2B67LiveTelemetry.hpp	.hpp	1165	49	82AB7BBB7C6CBA8D68A52F02B2F56F87E3C0E72E621BC5A26DFEC19E4B92C556	src/deep2	UNKNOWN	UNKNOWN	PENDING
003524	src/deep2/Deep2B68TargetCalibrator.cpp	.cpp	2265	71	228C6C8EF572729F7BDDC9931550EE7D7C13F831A3ED2B36F308F894FD05E9A3	src/deep2	UNKNOWN	UNKNOWN	PENDING
003525	src/deep2/Deep2B68TargetCalibrator.hpp	.hpp	1050	39	B316C3E1B93A834B0F5FA12D445AE1C3204847BE5120A56D17E9B69144251332	src/deep2	UNKNOWN	UNKNOWN	PENDING
003526	src/deep2/Deep2B69ContractRunner.cpp	.cpp	3323	96	E149801BCEBB1323E9FB1EA94E974F988AB8806CA49865347726B023FF9E5017	src/deep2	UNKNOWN	UNKNOWN	PENDING
003527	src/deep2/Deep2B69ContractRunner.hpp	.hpp	1432	57	31ADB60D45A6D8DA6D851B41DE5B8DD427937FBE552255B7E4C0B429E6210893	src/deep2	UNKNOWN	UNKNOWN	PENDING
003528	src/deep2/Deep2B70Receipt.cpp	.cpp	5156	127	962B61A321225247FF076D283B5C8EE6DCF5DB9082F79B7955E8E1119747D51B	src/deep2	UNKNOWN	UNKNOWN	PENDING
003529	src/deep2/Deep2B70Receipt.hpp	.hpp	583	24	A125BBC60DF50AEB7A1EF90C86B9FA4495E9D86EBB3E1BF7FCABD979AE6FFDA2	src/deep2	UNKNOWN	UNKNOWN	PENDING
003530	src/deep2/Deep2B71GpuCounterAdapter.cpp	.cpp	1340	29	6C9F7ADFD9A77588E94E2C64388C9A2F71D74661ADADEA2ADE424B92A34F38C4	src/deep2	UNKNOWN	UNKNOWN	PENDING
003531	src/deep2/Deep2B71GpuCounterAdapter.hpp	.hpp	2794	82	8937CFFB8956B69004C2A3CFE38E72CE0E96782CBFA94E3B729625098091996D	src/deep2	UNKNOWN	UNKNOWN	PENDING
003532	src/deep2/Deep2B71_75Authority.hpp	.hpp	208	6	7A5AA63D0FFB5ECA858B1FB388B0B1CCF71E861ABD1DA125058CF74DA736F3CA	src/deep2	UNKNOWN	UNKNOWN	PENDING
003533	src/deep2/Deep2B72RawrBenchCli.cpp	.cpp	1676	55	8F98AFD8217C19699BC07B5345918D9B404BB991F58491CF15890380D8E455BE	src/deep2	UNKNOWN	UNKNOWN	PENDING
003534	src/deep2/Deep2B72RawrBenchCli.hpp	.hpp	658	28	894777A05C6F8D1201949FFDE6834C41B8D3AD879FAE3EE3D15AB10885FCCCDE	src/deep2	UNKNOWN	UNKNOWN	PENDING
003535	src/deep2/Deep2B73EvidenceStore.cpp	.cpp	2316	73	945910A1AC5484CBEFFE83F592400A92BB4BDE2400B46B68BC1665A01E2D54A8	src/deep2	UNKNOWN	UNKNOWN	PENDING
003536	src/deep2/Deep2B73EvidenceStore.hpp	.hpp	672	25	F1D5C8D32696B63F901DFCE0B4FCE052E788D4F014266A09402D1DE0712D6287	src/deep2	UNKNOWN	UNKNOWN	PENDING
003537	src/deep2/Deep2B74ReceiptReplay.cpp	.cpp	2447	78	420BC7F69B47AA81DEAB9495E53124B14627A11F5E231F4D0B22A0762304840C	src/deep2	UNKNOWN	UNKNOWN	PENDING
003538	src/deep2/Deep2B74ReceiptReplay.hpp	.hpp	936	32	AB81F7D8D56A20EF6B3EBD8D6BE2D330A4862453473FCB8EB191CC3581302A0A	src/deep2	UNKNOWN	UNKNOWN	PENDING
003539	src/deep2/Deep2B75FleetPromotion.cpp	.cpp	583	21	07B71E57BF610C870463FFB4E94BCC99E7DEF25E8FEADB3323303C876B02A099	src/deep2	UNKNOWN	UNKNOWN	PENDING
003540	src/deep2/Deep2B75FleetPromotion.hpp	.hpp	543	27	F3EA4E7C091C0DA7E11214E0AEB6F7CAF946474B27495E66DE420A34F3BF8575	src/deep2	UNKNOWN	UNKNOWN	PENDING
003541	src/deep2/Deep2Bridge.cpp	.cpp	36	1	FEA5917EDC04D2EB2084E17A4AD9F864F871E9A2432AA6D92604014AA6139FA3	src/deep2	UNKNOWN	UNKNOWN	PENDING
003542	src/deep2/Deep2CommandBatch.cpp	.cpp	377	17	BBF396F8697981B2E6E4F01903B29B3F154E70EDD094243D826EACF9319A0D43	src/deep2	UNKNOWN	UNKNOWN	PENDING
003543	src/deep2/Deep2CommandBatch.hpp	.hpp	1141	50	A2A26CC9EC222A2CCF37FED062FBE02F5598398B2041DC27B783406DC2873F35	src/deep2	UNKNOWN	UNKNOWN	PENDING
003544	src/deep2/Deep2Determinism.cpp	.cpp	41	1	FAD199E519AF1F75A8EA34974BD9D4A2BCBDF6399782376C1A70EDFA94FED93B	src/deep2	UNKNOWN	UNKNOWN	PENDING
003545	src/deep2/Deep2DeviceManager.cpp	.cpp	5308	152	3846E12772B256DD2F07AF3CC9ED956BAC3C677763F8CFA379E2FDC8AEEAFEEC	src/deep2	UNKNOWN	UNKNOWN	PENDING
003546	src/deep2/Deep2DeviceManager.hpp	.hpp	2877	86	C0B0F7030AB154C991EC4B33CF23C52393B2D69EE6FA5281CB854643279EF528	src/deep2	UNKNOWN	UNKNOWN	PENDING
003547	src/deep2/Deep2Diag.h	.h	13935	332	3D9F5AD50BFABA27264BC657A875EC53CD9B110FC51024A36A9B0BEBDD61BFBB	src/deep2	UNKNOWN	UNKNOWN	PENDING
003548	src/deep2/Deep2DualGpuBalancer.cpp	.cpp	1337	33	18DE8AC68699F27C8EEF5275FA59CA2E902476FE6740F6A7EA7B9501FB2B2947	src/deep2	UNKNOWN	UNKNOWN	PENDING
003549	src/deep2/Deep2DualGpuBalancer.hpp	.hpp	734	27	F99F12A9DB697F3F3F5CF406E8CF13444A7468E9C2A167DB497D2D35A905BC40	src/deep2	UNKNOWN	UNKNOWN	PENDING
003550	src/deep2/Deep2DualGpuRowSplit.cpp	.cpp	62182	1526	9C51E9B0559D228CFD303F38761D04C54637ECF37D7D51FA22A6D4AD217E0A44	src/deep2	UNKNOWN	UNKNOWN	PENDING
003551	src/deep2/Deep2DualGpuRowSplit.hpp	.hpp	4190	130	3F134972BDA791BDB804B3ACBAD161B54BAAF0255106AD13F01DA453800E3CF8	src/deep2	UNKNOWN	UNKNOWN	PENDING
003552	src/deep2/Deep2Engine.cpp	.cpp	319429	6838	7BFD7E06ED69AB1C5013CBB807D9D69B6330C39E0E960DBA5ADBD28DA2F99698	src/deep2	UNKNOWN	UNKNOWN	PENDING
003553	src/deep2/Deep2Engine.h	.h	77476	1643	487C9C855C97B78CB87F417178065070C49AE2BD7930742DE0FDCE3D3482797F	src/deep2	UNKNOWN	UNKNOWN	PENDING
003554	src/deep2/Deep2Engine_GpuForward.cpp	.cpp	151841	2951	4F835B564B96C8A4CF516543D8ABEE8E0104DB90D9A09F739F15F141776240F3	src/deep2	UNKNOWN	UNKNOWN	PENDING
003555	src/deep2/Deep2Engine_GpuMoEMLA.cpp	.cpp	17324	461	56916C46BFEAEAAD9DAA30813ECAF363189D69E5AE02CC4ABEDD87E2CCAAB4BF	src/deep2	UNKNOWN	UNKNOWN	PENDING
003556	src/deep2/Deep2Engine_GpuToken.cpp	.cpp	45	1	F234B37CE10A0B7C1CD4A69A0E82C66BBA4FF0D8B9439403B31EBA9870F193EA	src/deep2	UNKNOWN	UNKNOWN	PENDING
003557	src/deep2/Deep2Engine_KernelTest.cpp	.cpp	1597	28	6D2E7A43B116C6A2108386A2A010A829A4A8BEA1E6B0C8147AEEFF1B67659728	src/deep2	UNKNOWN	UNKNOWN	PENDING
003558	src/deep2/Deep2Engine_MetadataRegressionTest.cpp	.cpp	59	1	D896CD5687C4D8C630500FB79868116A3A06C9B20815673251E3D6702D0C2F35	src/deep2	UNKNOWN	UNKNOWN	PENDING
003559	src/deep2/Deep2Engine_RouterSmokeTest.cpp	.cpp	25	1	493B0BF92174B1FF34C14D049B2266D7F31DDC5580B77D3AD1697C2486F0D0F5	src/deep2	UNKNOWN	UNKNOWN	PENDING
003560	src/deep2/Deep2Engine_Speculative.cpp	.cpp	29064	708	4CB7E692CBDA2BD756971C31D96FE516C6D8665C6D88ECC8F005122E130FBE0C	src/deep2	UNKNOWN	UNKNOWN	PENDING
003561	src/deep2/Deep2Engine_SsVkDecodeBind.cpp	.cpp	5969	165	D6D687EEAE12B9227C562C7DF7E42DE3223DCB87CBC2307D06F405491B0A9227	src/deep2	UNKNOWN	UNKNOWN	PENDING
003562	src/deep2/Deep2Engine_SsVkDecodeBind.hpp	.hpp	909	32	AA1192E0DA34AF5F71E56DA93D16EDE710DD78AAA079278D66D477235EBD8926	src/deep2	UNKNOWN	UNKNOWN	PENDING
003563	src/deep2/Deep2Engine_VulkanRuntime.cpp	.cpp	38511	883	577A49E997D89E59C3AD85A5B491712F662580F8DBE04ABF1859C3430EE2019C	src/deep2	UNKNOWN	UNKNOWN	PENDING
003564	src/deep2/Deep2ExecutionGraph.cpp	.cpp	7741	235	C2A3AB9E2A13BAAE71EFBDEBBD3C4F8EF779EB4ECCD65A14094262ED73A692A7	src/deep2	UNKNOWN	UNKNOWN	PENDING
003565	src/deep2/Deep2ExecutionGraph.hpp	.hpp	3027	99	CBE788C98786498B32DF50DF27F204AAC22E698CA910D0E158C250D851F1F1E7	src/deep2	UNKNOWN	UNKNOWN	PENDING
003566	src/deep2/Deep2ExpertResidency.cpp	.cpp	2003	64	DABF2D316850C7D8C146CE9EFADA1E8C300041C8F245BFD47CC7A9033F9AFC5B	src/deep2	UNKNOWN	UNKNOWN	PENDING
003567	src/deep2/Deep2ExpertResidency.hpp	.hpp	1526	48	A09F68000E8F7BC2EB80CAED076629EFF0A345A60962914646E90291DF0B5710	src/deep2	UNKNOWN	UNKNOWN	PENDING
003568	src/deep2/Deep2FleetContract.cpp	.cpp	5938	143	4869813B361A69494F5B9D6157A09521DC20EB5481A10DEC8D024BA660CE3EE0	src/deep2	UNKNOWN	UNKNOWN	PENDING
003569	src/deep2/Deep2FleetContract.hpp	.hpp	4084	133	A0C2D20E97F95F54980A4D5B6F37A16CA06CA5404056AC8E0090358F6656F53D	src/deep2	UNKNOWN	UNKNOWN	PENDING
003570	src/deep2/Deep2GenerationCert.cpp	.cpp	44	1	09D7F19C7AAAE796D45937D10EAA9C89D8D15D6DC95B19470288A0D45DB49F07	src/deep2	UNKNOWN	UNKNOWN	PENDING
003571	src/deep2/Deep2GpuForward.hpp	.hpp	11178	217	147F524906B01DA399139BB2A0BF496A5502698CEE61A046E11E04630024A8A5	src/deep2	UNKNOWN	UNKNOWN	PENDING
003572	src/deep2/Deep2GpuOverlapWitness.hpp	.hpp	4798	136	4CAD2575FF39854CDAE698D1084F75465078716739323B040EF6B01DDEBC83F8	src/deep2	UNKNOWN	UNKNOWN	PENDING
003573	src/deep2/Deep2IDEIntegration.cpp	.cpp	44	1	22B08EB0C47D13980C8582747BC9713C53FEEAD0FDCAD1815EDF61C3C8F670B7	src/deep2	UNKNOWN	UNKNOWN	PENDING
003574	src/deep2/Deep2InferenceEndpoint.cpp	.cpp	3846	115	864B7F6DCFC7F7D2C05C0C2D46F809466E401FD3AD34CEBBA2420DD258588616	src/deep2	UNKNOWN	UNKNOWN	PENDING
003575	src/deep2/Deep2InferenceEndpoint.hpp	.hpp	2553	71	59C39AA5563B4A953AC9A3A3C9C97D4BDB47DD28931A1CD71C38F737B8E87E10	src/deep2	UNKNOWN	UNKNOWN	PENDING
003576	src/deep2/Deep2KvMlaTraffic.cpp	.cpp	1134	32	FAC98D5BF3E361D8AB240AFCFF62B88ED54AB1F8D0751C1864E9EDCF938FDBB0	src/deep2	UNKNOWN	UNKNOWN	PENDING
003577	src/deep2/Deep2KvMlaTraffic.hpp	.hpp	690	32	6494CBDE06F8D4CEC686077B4F93711FBC75C17A096B473CF97064F15ECA957C	src/deep2	UNKNOWN	UNKNOWN	PENDING
003578	src/deep2/Deep2LaunchAmortizer.cpp	.cpp	862	25	4657437576AADCAFDE63FDD26C00C2E58AA3164D3ABA006830CAD4C3F969564C	src/deep2	UNKNOWN	UNKNOWN	PENDING
003579	src/deep2/Deep2LaunchAmortizer.hpp	.hpp	485	23	97ED28B8EC86C7262A6A547BC2BCF023BF1807DD443D4C6A85DC57DC01B1890F	src/deep2	UNKNOWN	UNKNOWN	PENDING
003580	src/deep2/Deep2LivePath.cpp	.cpp	38	1	7F03320EFB2D84065FDB302B0A692C6B4542F04969E9FD7C199B28CF3DE91778	src/deep2	UNKNOWN	UNKNOWN	PENDING
003581	src/deep2/Deep2LivePath.hpp	.hpp	130	6	2E553E71AFCAC7CD193CD7437D825D423B255D3F7DD3F2AFFC7F559C488CF469	src/deep2	UNKNOWN	UNKNOWN	PENDING
003582	src/deep2/Deep2LivePath_Emit.cpp	.cpp	43	1	A820367CEC84F00B84AA1618903F537A7318518B63161BD9EDFEF86F9B54A3B5	src/deep2	UNKNOWN	UNKNOWN	PENDING
003583	src/deep2/Deep2LivePath_Gate.cpp	.cpp	43	1	89FDEDE99DDE8F4C4980A83EBC4881A691E75C610FB3301A51707EC0CCF5D6E8	src/deep2	UNKNOWN	UNKNOWN	PENDING
003584	src/deep2/Deep2LivePath_Mech.cpp	.cpp	43	1	9F94F4B417938162D79BA295B177AC5E598051AA860048C06EA8B9DFC012FCF6	src/deep2	UNKNOWN	UNKNOWN	PENDING
003585	src/deep2/Deep2LivePath_MechEnd.cpp	.cpp	46	1	76088F6A12425F867F6C7794D0762838136BD5B6F5A7F5C9DD43F436B78634A4	src/deep2	UNKNOWN	UNKNOWN	PENDING
003586	src/deep2/Deep2LivePath_Pinball.cpp	.cpp	46	1	BD752C934E1534C0DB6E567EB481C1230A616E0B80AC2C90DADE1155DD1D838D	src/deep2	UNKNOWN	UNKNOWN	PENDING
003587	src/deep2/Deep2LivePath_Thermal.cpp	.cpp	46	1	25FAA2270850176F3A5B05671CACD909632D495DCA686713DCEE2E84B6CF5E2B	src/deep2	UNKNOWN	UNKNOWN	PENDING
003588	src/deep2/Deep2ModelArchitecture.hpp	.hpp	7935	153	0560016A56F8A6703432648377E95F482904CDD214220D30FD280AF46520E7D1	src/deep2	UNKNOWN	UNKNOWN	PENDING
003589	src/deep2/Deep2ModelRegistry.hpp	.hpp	12632	324	01C897DB9A57CDBBFC94950BEFED56FFF00299EFD64CA587D48443FFB7CF4B9F	src/deep2	UNKNOWN	UNKNOWN	PENDING
003590	src/deep2/Deep2ModelRuntime.cpp	.cpp	5980	180	F0716E46DA7097F1D82125C19268A68356C250F830A6029D82CFC1DF1966A1FE	src/deep2	UNKNOWN	UNKNOWN	PENDING
003591	src/deep2/Deep2ModelRuntime.hpp	.hpp	3189	98	E927A17BD681271175EE706987693CB88DE0A38F3DB1C85FAB4D3473F0B513EF	src/deep2	UNKNOWN	UNKNOWN	PENDING
003592	src/deep2/Deep2MoEMathPlan.cpp	.cpp	857	26	1FCFC19467117621AA4B03A0F6BDB38D170B0BA7DE7345FF582406F0B6071F34	src/deep2	UNKNOWN	UNKNOWN	PENDING
003593	src/deep2/Deep2MoEMathPlan.hpp	.hpp	637	30	3B35EA6B8D499BA615FAC9B61F619CD848B5D70ED370E92962DDA4FE2DCEEA35	src/deep2	UNKNOWN	UNKNOWN	PENDING
003594	src/deep2/Deep2MultiGpuLayerPlan.cpp	.cpp	288	7	7148D384E82294A9CC0F581045C9AA3255FF5B807393931217BA68C91BE2180E	src/deep2	UNKNOWN	UNKNOWN	PENDING
003595	src/deep2/Deep2MultiGpuLayerPlan.hpp	.hpp	9515	265	1CA5D1747F48DB56A81E0B0BE164F46EC402F08FF2BAAF281DAF97066D069FEE	src/deep2	UNKNOWN	UNKNOWN	PENDING
003596	src/deep2/Deep2MultiGpu_CostCut.cpp	.cpp	46	1	3C2F42A44CDA778C3A3D6A4D40ABF62C95E107F5E94B358F70F5D782D28ECF68	src/deep2	UNKNOWN	UNKNOWN	PENDING
003597	src/deep2/Deep2NoDepSha256.hpp	.hpp	679	22	ED570801FA2042E01D346EB4DEA06FDE5D32B308B4BC66EB1F398CDC77BEF25D	src/deep2	UNKNOWN	UNKNOWN	PENDING
003598	src/deep2/Deep2OuterEngineBridge.cpp	.cpp	47	1	057BF22DF26F442A8150903C2323EF721616B08D1D49AC3F64AA84AF9C6623F4	src/deep2	UNKNOWN	UNKNOWN	PENDING
003599	src/deep2/Deep2PeerDeviceGroup.hpp	.hpp	5244	158	5E819BA1E93252F77ED97DAA9299EA368C7F1C82D77370B6A5741DC4255C74A1	src/deep2	UNKNOWN	UNKNOWN	PENDING
003600	src/deep2/Deep2PersistentDecode.cpp	.cpp	1121	36	D969A11BA4A75119430E23318E0BB6DA83CB071D20F74D86049E30821DDCDDFA	src/deep2	UNKNOWN	UNKNOWN	PENDING
003601	src/deep2/Deep2PersistentDecode.hpp	.hpp	1021	31	640DDB71D3E40A6486EEA1D2807015A49E2BB762765AD7AD4614DD656107D058	src/deep2	UNKNOWN	UNKNOWN	PENDING
003602	src/deep2/Deep2PredictiveRouter.cpp	.cpp	1236	32	55A49374DF67E45F529880838E99A29F74A526C7BD903B8A49C6D15AD0A6C4A7	src/deep2	UNKNOWN	UNKNOWN	PENDING
003603	src/deep2/Deep2PredictiveRouter.hpp	.hpp	505	21	1F13BB8F9C9E324E0556BAD4FF53C16060C42C08E97D604411980E18BC2F8A43	src/deep2	UNKNOWN	UNKNOWN	PENDING
003604	src/deep2/Deep2ProductionCert.cpp	.cpp	44	1	C2BA9F8039BC63944A55EE82834F0E41ABBDB8325DE700A74DE4AE0AD66FE56F	src/deep2	UNKNOWN	UNKNOWN	PENDING
003605	src/deep2/Deep2ProductQ2kPacked.hpp	.hpp	888	19	31C9D42D083E7B88A11A607256E1A3FE56A169DC38B702223AEA99528D705629	src/deep2	UNKNOWN	UNKNOWN	PENDING
003606	src/deep2/Deep2Q40Reference.hpp	.hpp	138	6	21A776F8FC01CE78E886F7AA1C42A1A882BA83205F0C8B858BD4ACEFD2BDBED3	src/deep2	UNKNOWN	UNKNOWN	PENDING
003607	src/deep2/Deep2QuantCert.cpp	.cpp	39	1	D00D6D1654A65DC43F6403F7EA9F90AF39A3BA39D661762A1B68D2CBC1109154	src/deep2	UNKNOWN	UNKNOWN	PENDING
003608	src/deep2/Deep2QuantGemvRoofline.cpp	.cpp	1720	41	40EB193358F8E1560282A5C530819A1E16A652248347BC26F15A27901636E5F7	src/deep2	UNKNOWN	UNKNOWN	PENDING
003609	src/deep2/Deep2QuantGemvRoofline.hpp	.hpp	897	33	5209FE744AF26E81CD450693590686A08F31021363E3E4C22513747FC26E11F7	src/deep2	UNKNOWN	UNKNOWN	PENDING
003610	src/deep2/Deep2ReadyRing.cpp	.cpp	6730	165	F37D898B357B715E88962168171A056BCC3AD43E7112E07820DCDD538CB80406	src/deep2	UNKNOWN	UNKNOWN	PENDING
003611	src/deep2/Deep2ReadyRing.hpp	.hpp	5968	150	B7918F4706A74685429D9F29DBEBEF725158B834BFD9C2931AE774E82B149F87	src/deep2	UNKNOWN	UNKNOWN	PENDING
003612	src/deep2/Deep2RecurrentMath.hpp	.hpp	6372	183	F1D67260C422891D3C40F5072BCF2E0C7C7C3AB0E1C0820E11E0BFF2F22052EC	src/deep2	UNKNOWN	UNKNOWN	PENDING
003613	src/deep2/Deep2RooflineBind.hpp	.hpp	1823	44	4BB1A136FFC7A326A4B84F8C962A8138A08C27EE9DBBE7E5DA705F8791EBA063	src/deep2	UNKNOWN	UNKNOWN	PENDING
003614	src/deep2/Deep2RooflineCert.cpp	.cpp	4100	79	922B75EF53A9D66BF26618F7D2FCAF37A27D5E7A9EB3232EEF71FFD1B4F3EFC5	src/deep2	UNKNOWN	UNKNOWN	PENDING
003615	src/deep2/Deep2RooflineCert.hpp	.hpp	760	27	D4433568F8A2C404E3EC222EFDF5C088265783F2F2119B98687410000BC8F26B	src/deep2	UNKNOWN	UNKNOWN	PENDING
003616	src/deep2/Deep2RooflineCommon.hpp	.hpp	3746	117	89FCB52C9E45CBDAB5DD42C823AF6DC0B6A732A3F84FCA14CECEBD211DF88D27	src/deep2	UNKNOWN	UNKNOWN	PENDING
003617	src/deep2/Deep2RooflineGovernor.cpp	.cpp	2272	43	B38100D21CC101968F89EC0F0B05AC8E4D127DC090337FB1A63E20246EB7DECF	src/deep2	UNKNOWN	UNKNOWN	PENDING
003618	src/deep2/Deep2RooflineGovernor.hpp	.hpp	882	29	DD5B0B986093CCE4ADBF4715FF0D80A4C5F958E5531BDA5CB6F9D612B97DE514	src/deep2	UNKNOWN	UNKNOWN	PENDING
003619	src/deep2/Deep2RooflineRatchet.cpp	.cpp	1671	42	AF07A8E0C58D75F81730EBBBC36CDA4646CEB0F5FFFFAC22C66B2815E45F2A8A	src/deep2	UNKNOWN	UNKNOWN	PENDING
003620	src/deep2/Deep2RooflineRatchet.hpp	.hpp	1159	41	7105D4D08AE75C61A5326DF0121AC5D1AF5F41B1AB83D676383CA26963D3B013	src/deep2	UNKNOWN	UNKNOWN	PENDING
003621	src/deep2/Deep2RooflineRuntime.cpp	.cpp	3280	85	E0CC1710512C9C4E30453865C4BB119A87BFB0FF5C701B26E49977D8643DD8C3	src/deep2	UNKNOWN	UNKNOWN	PENDING
003622	src/deep2/Deep2RooflineRuntime.hpp	.hpp	1712	48	558E45766B786BFA062B01D8FF9F15C5870A2A98F36BE902B4B5320397E7F406	src/deep2	UNKNOWN	UNKNOWN	PENDING
003623	src/deep2/Deep2RooflineTypes.hpp	.hpp	1778	64	588E0F29A86B0FD357B801E18B2170D822AA0E14A22C38F5924A4309BAC79529	src/deep2	UNKNOWN	UNKNOWN	PENDING
003624	src/deep2/Deep2RowSplitPlan.hpp	.hpp	1433	51	9918B1965764BCAF67BDAB8AB7F9F5987238E53B7ACEE259EB22EBE8E8CBD28D	src/deep2	UNKNOWN	UNKNOWN	PENDING
003625	src/deep2/Deep2Server_Minimal.cpp	.cpp	1594	28	004D4E4DB08C2DC7BE01CD018E26943B2876AA2CE1BB2FE548AA44BB18A18FC7	src/deep2	UNKNOWN	UNKNOWN	PENDING
003626	src/deep2/Deep2Server_Sovereign.cpp	.cpp	2381	44	665E96F3EB79CEFDE76713FC3967B5CD690EF611C22364683E973D6A00CFE201	src/deep2	UNKNOWN	UNKNOWN	PENDING
003627	src/deep2/Deep2Speculative.hpp	.hpp	5412	160	860B90EAA6273F38D7B82BF68D76BEDD39CFF41FE21D8B2AB0940BAF732C5C0C	src/deep2	UNKNOWN	UNKNOWN	PENDING
003628	src/deep2/Deep2StackGuard.cpp	.cpp	1525	42	4C5B0C90F5EEE5AA1AD7CE42972B34C81C1D1B2172989337BC7BAD43DACE56C9	src/deep2	UNKNOWN	UNKNOWN	PENDING
003629	src/deep2/Deep2StackGuard.h	.h	1571	51	7B2787428506F6BDA3EEFBFB10901663C37AE4279095DD7A4D78D4431887D686	src/deep2	UNKNOWN	UNKNOWN	PENDING
003630	src/deep2/Deep2StreamApi.cpp	.cpp	39	1	24518C30A0954187CCE74D22689B9982E876EB0807188D58434D72A3A1CC2BAE	src/deep2	UNKNOWN	UNKNOWN	PENDING
003631	src/deep2/Deep2WaveOccupancy.cpp	.cpp	1505	36	560EDC0088F0E0E2B61EBEF0E300F4A54921E9CFBB6A8F505636B2FE3C04CA03	src/deep2	UNKNOWN	UNKNOWN	PENDING
003632	src/deep2/Deep2WaveOccupancy.hpp	.hpp	738	30	FFCC07D4C23248443EE061D9432304AFFE925F8D8C4878748CDAAD2436E62B57	src/deep2	UNKNOWN	UNKNOWN	PENDING
003633	src/deep2/deep2_185in30_gate.cpp	.cpp	7044	207	BB9102CBC5A6A26B61F558FCC2CA81AFCB9CD30A5A4CA8BC21440A8FA3D7EA0A	src/deep2	UNKNOWN	UNKNOWN	PENDING
003634	src/deep2/deep2_benchmark_main.cpp	.cpp	7271	222	1D46FF1BB05B5571E55F80753318B1B63ED2106441E37D9ADC386B0AC18D3C2B	src/deep2	UNKNOWN	UNKNOWN	PENDING
003635	src/deep2/deep2_cpu_mla.cpp	.cpp	12250	268	473A654569F62E9F756600118139774376B118C851A4BA6A1F93DCD7D85DA70F	src/deep2	UNKNOWN	UNKNOWN	PENDING
003636	src/deep2/deep2_deepseek_live_gen_perf_cert.cpp	.cpp	58	1	E84B8523AD7BA0B2E3AAF5295EB69B2552305E9D82B269CD86F78907D891080C	src/deep2	UNKNOWN	UNKNOWN	PENDING
003637	src/deep2/deep2_e2e_audit.cpp	.cpp	5415	52	12F874A72E39B616F7044E84A9B4A732E274A640A6C20CA015E8C7A010E5936C	src/deep2	UNKNOWN	UNKNOWN	PENDING
003638	src/deep2/deep2_e2e_trace.hpp	.hpp	4214	69	D398D86AA5039171BA7CFFF95A7642C55218B14A085E010566F275829BBA94A9	src/deep2	UNKNOWN	UNKNOWN	PENDING
003639	src/deep2/deep2_end_to_end_bench.cpp	.cpp	16937	411	949A472778FDA8C85E6A3D771BDF756B7CECD9652E5718D1F3DF28D8884A8E24	src/deep2	UNKNOWN	UNKNOWN	PENDING
003640	src/deep2/deep2_engine_ssvk_decode_bind_cert.cpp	.cpp	4445	115	47CBCA0CCE0CE74458AA8D06CA298108C46854E237B8919DFF27C7BB8A16FD1C	src/deep2	UNKNOWN	UNKNOWN	PENDING
003641	src/deep2/deep2_execution_policy_smoke.cpp	.cpp	53	1	43CA4D0AD7CAEB34AF006B33238203EBA29EE623F2ECB194BAEA1EE341EBA6D7	src/deep2	UNKNOWN	UNKNOWN	PENDING
003642	src/deep2/deep2_giant_moe_paragraph_perf_cert.cpp	.cpp	60	1	59A53C6E69127A1C618676863BC5F4DC112B1C885C52654C655DE666B2796852	src/deep2	UNKNOWN	UNKNOWN	PENDING
003643	src/deep2/deep2_gpu_dynamic_window_cert.cpp	.cpp	54	1	5FD95C03C46D143AA2EAFE69E0D4479C971F9452C286C2C3949E2B3B6338428F	src/deep2	UNKNOWN	UNKNOWN	PENDING
003644	src/deep2/deep2_gpu_forward_ops_cert.cpp	.cpp	51	1	F704AA878DD87780DC045BC85FB893795E75568A61A1D3962AA3CFA289F78B17	src/deep2	UNKNOWN	UNKNOWN	PENDING
003645	src/deep2/deep2_gpu_numeric_parity_cert.cpp	.cpp	54	1	9F7B045A2ED47234692DB1FE3BECDC0DE4A228513957A23D63FA9ECB13F909F5	src/deep2	UNKNOWN	UNKNOWN	PENDING
003646	src/deep2/deep2_gpu_packed_forward_cert.cpp	.cpp	54	1	DE0DFC22135FBB9D653E53AAD685F47975317F6D3637857D0A8D4D0F1E0DA8DC	src/deep2	UNKNOWN	UNKNOWN	PENDING
003647	src/deep2/deep2_gpu_q4k_gemv_cert.cpp	.cpp	48	1	DFC25CEB12F76FF4499B4FF81EFA23F2AAE3FCBBFA45C0CAFB224A840C3FABC2	src/deep2	UNKNOWN	UNKNOWN	PENDING
003648	src/deep2/deep2_gpu_q6k_gemv_cert.cpp	.cpp	48	1	32E2720A4E9795B97ABA63BD9DC0FEBEDF78C3C7696185CCA06E1159359E44F3	src/deep2	UNKNOWN	UNKNOWN	PENDING
003649	src/deep2/deep2_gpu_quant_family_cert.cpp	.cpp	52	1	0430F655594BB19BFACA861C657A210C62D55D6DC924A884ED4B60F6FA416310	src/deep2	UNKNOWN	UNKNOWN	PENDING
003650	src/deep2/deep2_gpu_resident_decode_cert.cpp	.cpp	55	1	90ED50EC2D057103BD9A92F683611879DF48DAE6A6F24F4179F9D35650E4E9CE	src/deep2	UNKNOWN	UNKNOWN	PENDING
003651	src/deep2/deep2_gpu_solo_cert.cpp	.cpp	44	1	B6A504C08817FFB1C964D287F0BB25FD042006CB52A0D7C187232337F77349CF	src/deep2	UNKNOWN	UNKNOWN	PENDING
003652	src/deep2/deep2_gpu_solo_decode_cert.cpp	.cpp	51	1	53822D0D34DDC9657BC010A003D0D326202888B0BB58614F13C6880DEA041A3C	src/deep2	UNKNOWN	UNKNOWN	PENDING
003653	src/deep2/deep2_gpu_transfer_counter_cert.cpp	.cpp	56	1	3DB999E466C95D0F45A096C3B43C8D2A81192400668A4EA1B075AB40E085D955	src/deep2	UNKNOWN	UNKNOWN	PENDING
003654	src/deep2/deep2_gpu_transfer_overlap_cert.cpp	.cpp	56	1	CD29A14B2DA1EBB2D80B65996E58015FCE76444B48F65848C761F801C868CD5B	src/deep2	UNKNOWN	UNKNOWN	PENDING
003655	src/deep2/deep2_gpu_weight_prefetch_cert.cpp	.cpp	55	1	672CBAAF810BB0E26CADFBEDA7A73145DD8303F4EDF54FC101FDBF953F1EAAAB	src/deep2	UNKNOWN	UNKNOWN	PENDING
003656	src/deep2/deep2_gpu_weight_window_cert.cpp	.cpp	53	1	2AE64DFD6064BA3D7ED1928EF6B30264D833C945DBF3C764F920D93D60A0BDEB	src/deep2	UNKNOWN	UNKNOWN	PENDING
003657	src/deep2/deep2_hybrid_all_hw_cert.cpp	.cpp	49	1	43663341E99F3024A15D3B778944FB53CD6B254D1393567E0531A4A0FDA155F7	src/deep2	UNKNOWN	UNKNOWN	PENDING
003658	src/deep2/deep2_k2_auto_workload_policy_cert.cpp	.cpp	59	1	EBDFDB8468DD24959ECC681AA06561000A3839F9CCD9A689477A1921BBC95A27	src/deep2	UNKNOWN	UNKNOWN	PENDING
003659	src/deep2/deep2_k2_e2e_model_size_matrix_cert.cpp	.cpp	60	1	17A4F94C000CFE2CC05194B48DCC3112E080010574DDF4E80B57C292C6336E71	src/deep2	UNKNOWN	UNKNOWN	PENDING
003660	src/deep2/deep2_k2_full_depth_combined_policy_cert.cpp	.cpp	65	1	4835B39C881B781352BC9D8AEA554BED42BFD22F2B16CAF9F66A458B6D963103	src/deep2	UNKNOWN	UNKNOWN	PENDING
003661	src/deep2/deep2_k2_full_depth_effectiveness_cert.cpp	.cpp	63	1	A52322C9AAEFD0526C68EB73D3F811B20E7BA154013837A04DD0258507B61CAF	src/deep2	UNKNOWN	UNKNOWN	PENDING
003662	src/deep2/deep2_k2_full_depth_fused_rebench_cert.cpp	.cpp	63	1	8861D2DA90F4661F2FBA26B91FA0E319CA58BC5D0EA4A501B061BF9689ED6472	src/deep2	UNKNOWN	UNKNOWN	PENDING
003663	src/deep2/deep2_k2_full_depth_trampoline_promotion_cert.cpp	.cpp	70	1	99A19A28B1CA99CAECD4D06161981F72A67D5CAA97AD7E4D830F949A367D92EC	src/deep2	UNKNOWN	UNKNOWN	PENDING
003664	src/deep2/deep2_k2_gpu_copy_compute_overlap_cert.cpp	.cpp	63	1	265E5EA33BC773A9605A7FD3C8082F043228C6AC23D560E4E554656AF567FC07	src/deep2	UNKNOWN	UNKNOWN	PENDING
003665	src/deep2/deep2_k2_gpu_mla_full_cert.cpp	.cpp	51	1	0CAFAA702EAD67E690E382BCBFA7139AAD36707711D88FCDA6F849CB8DE14369	src/deep2	UNKNOWN	UNKNOWN	PENDING
003666	src/deep2/deep2_k2_gpu_mla_full_depth_cert.cpp	.cpp	57	1	8AD4A88376DD90D1B3A809F6F4F4B77F0E05C5EB8E5420ECE750D7D047D43FDD	src/deep2	UNKNOWN	UNKNOWN	PENDING
003667	src/deep2/deep2_k2_gpu_mla_nu_bridge_cert.cpp	.cpp	56	1	CB786DCF2655C2A2EA7E8A8AF3A891D297973D860F483F5B2406BAC61DB887EC	src/deep2	UNKNOWN	UNKNOWN	PENDING
003668	src/deep2/deep2_k2_gpu_mla_re_cert.cpp	.cpp	49	1	DEAED44D9B3696344E8E024CB0C42C67095F353C8DFFB5541A7376D96AEB174E	src/deep2	UNKNOWN	UNKNOWN	PENDING
003669	src/deep2/deep2_k2_gpu_mla_slot_reuse_cert.cpp	.cpp	57	1	DAC160C1E40BF8B43EB843F656B7D728DB3076D988422A08DCA6085FD7560D38	src/deep2	UNKNOWN	UNKNOWN	PENDING
003670	src/deep2/deep2_k2_gpu_stream_compute_cert.cpp	.cpp	57	1	98070391DB0EE12F70551512B7EA2BD634C973957CFCEC296760FAF4DEF9C6ED	src/deep2	UNKNOWN	UNKNOWN	PENDING
003671	src/deep2/deep2_k2_gpu_stream_copy_cert.cpp	.cpp	54	1	8F938BDE6295E7EBC693366D0D07DC1233666FF21CD077688A3B2AC3F49A845A	src/deep2	UNKNOWN	UNKNOWN	PENDING
003672	src/deep2/deep2_k2_gpu_stream_mla_cert.cpp	.cpp	53	1	21B769CE7124910E4D3E65B728862BB448C15E6563E378FB3840811C00C03B3A	src/deep2	UNKNOWN	UNKNOWN	PENDING
003673	src/deep2/deep2_k2_live_decode_mla_cert.cpp	.cpp	54	1	12A56A1C40F4BA1086AC507C59B99B63296539363F77866BD511B141EDE4B331	src/deep2	UNKNOWN	UNKNOWN	PENDING
003674	src/deep2/deep2_k2_live_decode_sustained_cert.cpp	.cpp	60	1	5E16F1621C26DBD7D0DEA7401D9180DF83155F18E84DC931030E8F88C9E6921A	src/deep2	UNKNOWN	UNKNOWN	PENDING
003675	src/deep2/deep2_k2_live_generate_policy_cert.cpp	.cpp	59	1	A679BB2B4E09269326FEA22D2EE0FDA0C58F36652C328E58FDBF88AE3159AA56	src/deep2	UNKNOWN	UNKNOWN	PENDING
003676	src/deep2/deep2_k2_live_gen_perf_cert.cpp	.cpp	52	1	60CA5FFF57E6B545139E9AEDC6181D1FAC2C52CE73265B07AA72C506EAEDCCEE	src/deep2	UNKNOWN	UNKNOWN	PENDING
003677	src/deep2/deep2_k2_live_gpu_stream_e2e_cert.cpp	.cpp	58	1	9024F23C17F106324D45C76F1E0125C60FC17EE085D290508ABA9CF5A7F419B2	src/deep2	UNKNOWN	UNKNOWN	PENDING
003678	src/deep2/deep2_k2_live_policy_crossover_cert.cpp	.cpp	60	1	7C8B1A226211A4A03BA4D2ACC85124C7709E2C195E8B7448F30F46954D2F11AA	src/deep2	UNKNOWN	UNKNOWN	PENDING
003679	src/deep2/deep2_k2_live_policy_e2e_cert.cpp	.cpp	54	1	7146B351DECD1F58B04F8A9E8DD4D9148716686DDF4D61C1497CD508233465C0	src/deep2	UNKNOWN	UNKNOWN	PENDING
003680	src/deep2/deep2_k2_live_policy_split_cert.cpp	.cpp	56	1	02E40474B98B2855FB59BBDDB8855746BCDF01B2CAD503DCAF8A073DA0651B84	src/deep2	UNKNOWN	UNKNOWN	PENDING
003681	src/deep2/deep2_k2_logits_climb_cert.cpp	.cpp	51	1	A2011671BFEE375C9FCB48B3ADB5B9C84DE8D33D6BD5987CA503ECC2CD255A6A	src/deep2	UNKNOWN	UNKNOWN	PENDING
003682	src/deep2/deep2_k2_logits_gpu_range_attribution_001.cpp	.cpp	66	1	E223F819DB99F45E0DF87BB780FE4145B9CC513DB8581909EC4DA19EAEEFB8EE	src/deep2	UNKNOWN	UNKNOWN	PENDING
003683	src/deep2/deep2_k2_logits_q6k_resident_cert.cpp	.cpp	58	1	0C98327B3B35CCBCC85E5792774B660C8EEDBEB9B6777923D9321C75CDA7A18D	src/deep2	UNKNOWN	UNKNOWN	PENDING
003684	src/deep2/deep2_k2_logits_vwa_lineage_001.cpp	.cpp	56	1	895C1265590585E007D87A2E93ABE30EB2D34216BDF0EBCDD31B9E39DF6781C9	src/deep2	UNKNOWN	UNKNOWN	PENDING
003685	src/deep2/deep2_k2_mla_full_depth_soak_cert.cpp	.cpp	58	1	785D740BCE08B493736DF3E51B7CC9DE30CC81997A7CEB006ED384A41D558819	src/deep2	UNKNOWN	UNKNOWN	PENDING
003686	src/deep2/deep2_k2_mla_fused_q4kt_cert.cpp	.cpp	53	1	AE4504387F38041CFB455DB22941A5F90C55FC67EFD521B434582394F3F332B4	src/deep2	UNKNOWN	UNKNOWN	PENDING
003687	src/deep2/deep2_k2_mla_kv_expand_cert.cpp	.cpp	52	1	FE6E122C29CB0CB4046AB7C87B3131CE737D57866E73F4758AA0FE8C3807D58C	src/deep2	UNKNOWN	UNKNOWN	PENDING
003688	src/deep2/deep2_k2_mla_kv_expand_opt_cert.cpp	.cpp	56	1	A29F2CF9B0B377FE4737D7CE29A1854178DB77903A63DE3DF9B4CFC9D6EA6DBB	src/deep2	UNKNOWN	UNKNOWN	PENDING
003689	src/deep2/deep2_k2_mla_qa_critical_cert.cpp	.cpp	54	1	B9A15C5FECC721FF9EA33D52D5168A11E6F448402FD2FE30DCA9E438E06A6072	src/deep2	UNKNOWN	UNKNOWN	PENDING
003690	src/deep2/deep2_k2_mla_qkv_proj_cert.cpp	.cpp	51	1	7715B42F478FB9B045E81D8EAE0E41CFC33004866D7247B05CC81F2792965F44	src/deep2	UNKNOWN	UNKNOWN	PENDING
003691	src/deep2/deep2_k2_mla_rebench_promote_cert.cpp	.cpp	58	1	E3C879B23620973C103F8665605802D8F94FBEA2C0DE9F1A4B7C9DD0DF18A342	src/deep2	UNKNOWN	UNKNOWN	PENDING
003692	src/deep2/deep2_k2_mla_reuse_promote_cert.cpp	.cpp	56	1	B7B1FB202AB7B40C96EB9FA23A57CBE3D5B82CE8C685497D94EFC7AB3457E479	src/deep2	UNKNOWN	UNKNOWN	PENDING
003693	src/deep2/deep2_k2_policy_hysteresis_cert.cpp	.cpp	56	1	DEEEDCACCE1081684EBEF9261F929979C287A30392865804BB9194EDDC467D6B	src/deep2	UNKNOWN	UNKNOWN	PENDING
003694	src/deep2/deep2_k2_semantic_seal_cert.cpp	.cpp	52	1	8CCE17E8D44B238EC33A58A1471BE47B6371CFEE8CFFBA32F9080026817DBEDC	src/deep2	UNKNOWN	UNKNOWN	PENDING
003695	src/deep2/deep2_k2_serverless_stream_latency_cert.cpp	.cpp	64	1	476E7BC85C6D0777E83EA1C8312EFC80AE4B7AEE46099077C5B6AA9862A6F8AF	src/deep2	UNKNOWN	UNKNOWN	PENDING
003696	src/deep2/deep2_k2_shard_attn_residency_cert.cpp	.cpp	59	1	AF1CD34CC3B001DD76926A2F105B6F4A98F6F349EF8B91FCB194B2CC2C8EE066	src/deep2	UNKNOWN	UNKNOWN	PENDING
003697	src/deep2/deep2_k2_stream_miss_reality_cert.cpp	.cpp	58	1	98DA7674D2778701C666A19E01D1B9EFB8AC1A234A7C22080C324D3313B9782E	src/deep2	UNKNOWN	UNKNOWN	PENDING
003698	src/deep2/deep2_k2_tps_rainbow_cert.cpp	.cpp	50	1	D75790BE7FCC93CF47DBB29E4D6A9015B2B6C47EE16372183F12B57B372B06FF	src/deep2	UNKNOWN	UNKNOWN	PENDING
003699	src/deep2/deep2_k2_trampoline_full_depth_opt_cert.cpp	.cpp	64	1	7BD7CB6415D19A8480AAD7CD85336438DD2BDFD2062FF54F77C4F7700D8F652A	src/deep2	UNKNOWN	UNKNOWN	PENDING
003700	src/deep2/deep2_k2_trygpu_logits_split_cert.cpp	.cpp	58	1	23D2A1A404B8113975461C1DF7D5CBE11935AA230DD874A86AB5A0A79969DB2A	src/deep2	UNKNOWN	UNKNOWN	PENDING
003701	src/deep2/deep2_k2_useful_tps_001.cpp	.cpp	48	1	5065037F61766BA1A5F2490BDF4977F52DE3E45424602F4AE86BF3FBA3263435	src/deep2	UNKNOWN	UNKNOWN	PENDING
003702	src/deep2/deep2_k2_wall_attribution_cert.cpp	.cpp	55	1	41C9F95B5244A0DF329BF74F9606BA07FED2B997E62F36DC9A5B2E422080F2DC	src/deep2	UNKNOWN	UNKNOWN	PENDING
003703	src/deep2/deep2_live_path_effectiveness_cert.cpp	.cpp	59	1	C2EE29AE390DE35A272A78CDD68D791D93ADB61C83C8C5AE2983B05A55699DA9	src/deep2	UNKNOWN	UNKNOWN	PENDING
003704	src/deep2/deep2_live_path_fused_control_cert.cpp	.cpp	59	1	610090C8DA21B9A13A81B20D52113EA7CAE8CE2F2B5FD8F847A444B4F9173E3A	src/deep2	UNKNOWN	UNKNOWN	PENDING
003705	src/deep2/deep2_live_path_interaction_bounds_cert.cpp	.cpp	64	1	68C3660E82A511C1B987599D28FC9081B464B16E8C5479AE8AF29F9BD5E48AC0	src/deep2	UNKNOWN	UNKNOWN	PENDING
003706	src/deep2/deep2_local_agent_audit_001.cpp	.cpp	52	1	E91CAC2BF4A06994908F3B5F09FBAD28FAED1A3B5AC915C079EC1EE6DD94D51D	src/deep2	UNKNOWN	UNKNOWN	PENDING
003707	src/deep2/deep2_mars_e2e.cpp	.cpp	39	1	F089A619FAA86B1E2606B55BDE1C67138A9CA64E6D91F961C88EDBC116616F68	src/deep2	UNKNOWN	UNKNOWN	PENDING
003708	src/deep2/deep2_mla_weight_skimmer.cpp	.cpp	6144	148	DC8FD99A48EA491D3D0294C30B64BF47D1E6978728ABAD9AF48C67A0E97A807E	src/deep2	UNKNOWN	UNKNOWN	PENDING
003709	src/deep2/deep2_mla_weight_skimmer.h	.h	3286	95	28F192A0CEC1D5FE2C72C35F1C2CAF445C575B88D3FE27563E7F941BA3922276	src/deep2	UNKNOWN	UNKNOWN	PENDING
003710	src/deep2/deep2_moe_bench_standalone.cpp	.cpp	1601	28	FC7EC93EC95A8E4E6684D53F499386B4AD19E0C5394555F106E6E2B2F8D4177B	src/deep2	UNKNOWN	UNKNOWN	PENDING
003711	src/deep2/deep2_multi_gpu_layer_cert.cpp	.cpp	51	1	364511450C4D90939C78A80113EF7186DA53749ECC4C7B9C889FBD183887FCE2	src/deep2	UNKNOWN	UNKNOWN	PENDING
003712	src/deep2/deep2_nu_gemv_parity_cert.cpp	.cpp	50	1	89706498288B817251CF59E7CABB914F74ADA8E08F463923157CD491342B6804	src/deep2	UNKNOWN	UNKNOWN	PENDING
003713	src/deep2/deep2_nu_gpu_gemv_cert.cpp	.cpp	47	1	D010FCCCAD465CB932C310EEF2EB9F06F18F30CC370B4E3ACA633472517A168C	src/deep2	UNKNOWN	UNKNOWN	PENDING
003714	src/deep2/deep2_nu_live_consumer_cert.cpp	.cpp	52	1	452B28B04DCEAAC2D90D67D22BDDEB36A48188C3F839E29A65E127129F70B0E8	src/deep2	UNKNOWN	UNKNOWN	PENDING
003715	src/deep2/deep2_nu_pack_format_cert.cpp	.cpp	50	1	577C060A0DD29BBA2F229DFAFC93C365CD2C854329EE3670F903BA28E5877152	src/deep2	UNKNOWN	UNKNOWN	PENDING
003716	src/deep2/deep2_nu_perf_cert.cpp	.cpp	43	1	85FD8F96CD0D0EEFB0F32646F3EF435131E8C889F0929B3B42365E1282FD42C8	src/deep2	UNKNOWN	UNKNOWN	PENDING
003717	src/deep2/deep2_openai_server.cpp	.cpp	63312	1417	2B10CC53D67B67633DAFC290A1ABE284A435720FCB587F2E98CA3961F9A68899	src/deep2	UNKNOWN	UNKNOWN	PENDING
003718	src/deep2/deep2_openai_server.h	.h	3955	123	0372917B872DDF7A415F8317925A2B262847968A389BD2F4374D5C10E1B7727D	src/deep2	UNKNOWN	UNKNOWN	PENDING
003719	src/deep2/deep2_openai_server_main.cpp	.cpp	9574	228	0EE67476EE5704CF5EF516AE9D0A60FD30220FA82C41D5EA0A3EAE2FC95CB9EF	src/deep2	UNKNOWN	UNKNOWN	PENDING
003720	src/deep2/deep2_outer_engine_bridge_cert.cpp	.cpp	55	1	B148A82AC3A6EB6B7C77840E37033230B029DB82564DDA94112AEBA4A7FB98DD	src/deep2	UNKNOWN	UNKNOWN	PENDING
003721	src/deep2/deep2_parity_cert.cpp	.cpp	42	1	CB685689C08C5B046BDD6D5435A1AD9F863D3015C92886CE52B3C839E5CBE723	src/deep2	UNKNOWN	UNKNOWN	PENDING
003722	src/deep2/deep2_placement_cost_cert.cpp	.cpp	50	1	EA8AC05ABE1AF461062C8145C2DE3BD4F8564D28C90749B64A0594EB17E454EF	src/deep2	UNKNOWN	UNKNOWN	PENDING
003723	src/deep2/Deep2_PreparedWeightCache.hpp	.hpp	9935	246	5F17C108BAC9017B8CAA83A8D00C88D442015AC1BBA8A0C6C5A32036E8146C0F	src/deep2	UNKNOWN	UNKNOWN	PENDING
003724	src/deep2/deep2_remote64_integration_cert.cpp	.cpp	9687	204	88C8BA04A24CD94A5610432B80BDA8AE2593A35E23032BC7BB2E8393DCF1B56B	src/deep2	UNKNOWN	UNKNOWN	PENDING
003725	src/deep2/deep2_remote_bridge.h	.h	4238	98	957B05696FCB75E99F4205145B4AEBA4925B68912BD48CD789C2EE75E96BF5D6	src/deep2	UNKNOWN	UNKNOWN	PENDING
003726	src/deep2/deep2_rmv_mount_001.cpp	.cpp	44	1	85938A071C1BBCB1930709BCE3059905D2F4D858D6C1BFC0D62DC3BB6CCD4FCE	src/deep2	UNKNOWN	UNKNOWN	PENDING
003727	src/deep2/deep2_runtime_batch1_cert.cpp	.cpp	50	1	8DB9C4BFE6CC681B89A86479202D08FF9B82F30280174E993E42E7EFC44CFD79	src/deep2	UNKNOWN	UNKNOWN	PENDING
003728	src/deep2/deep2_runtime_batch2_cert.cpp	.cpp	50	1	F49F04CE8D14AE7F7B3073DAF3A640DBEE0867B8A30EC68D2478101743E82A36	src/deep2	UNKNOWN	UNKNOWN	PENDING
003729	src/deep2/deep2_runtime_batch3_cert.cpp	.cpp	50	1	55613191E3765F5AF90F21AF66639BEF34D468C60EB70C298F57F87D130C2BDB	src/deep2	UNKNOWN	UNKNOWN	PENDING
003730	src/deep2/deep2_server_main.cpp	.cpp	42	1	55B365C14C59377FF027AA3476240EECA221989AD991310D9D0D06D8E0560535	src/deep2	UNKNOWN	UNKNOWN	PENDING
003731	src/deep2/deep2_sha256.hpp	.hpp	3950	70	F623E4B4831476ED8A1B9A655B3037537E41868C836A6EB63C68EE5EE164C286	src/deep2	UNKNOWN	UNKNOWN	PENDING
003732	src/deep2/deep2_streamer_cert.cpp	.cpp	48033	1043	DCE5380FB03B361E822EA97FAA21A7D90AC7E3C9422E90DB83F4D7894C9E441F	src/deep2	UNKNOWN	UNKNOWN	PENDING
003733	src/deep2/deep2_streamer_parity.cpp	.cpp	46	1	355DD4A2A337D890CBE438323BA1123545F754AE85485F2EAE7C720365948BB0	src/deep2	UNKNOWN	UNKNOWN	PENDING
003734	src/deep2/deep2_tensor_type_authority.cpp	.cpp	3637	116	F9182B34A1BFD401095AAB37E41602960685076AA1D8D32A8DD49161B2F67A4E	src/deep2	UNKNOWN	UNKNOWN	PENDING
003735	src/deep2/deep2_topology_portability_cert.cpp	.cpp	56	1	623CBC73FB9E1B3B79C14BC678EBEAD3B5637D9FCDD00155D14B05FE1F552794	src/deep2	UNKNOWN	UNKNOWN	PENDING
003736	src/deep2/deep2_ucf_bouncehouse_example.cpp	.cpp	54	1	0E7E006B61622971A80357755B35173CDDEBCB3CC557B1C305DF3D619A0DB5E8	src/deep2	UNKNOWN	UNKNOWN	PENDING
003737	src/deep2/deep2_ucf_bounce_smoke.cpp	.cpp	47	1	9A32FDDB38A0DE2BC6456684F91F31CAD526EC1E5795B4EA03717C9EC350BDD0	src/deep2	UNKNOWN	UNKNOWN	PENDING
003738	src/deep2/deep2_ucf_generation_ticket_001.cpp	.cpp	56	1	1CA972F6A9DC3D6B6F7097F88D03F04C3BE54F5EB01CE76B3A7255F0D78A26F0	src/deep2	UNKNOWN	UNKNOWN	PENDING
003739	src/deep2/deep2_ucf_gpu_ready_e2e.cpp	.cpp	48	1	232DCA1A727CDDC273193CDA6431F4F656163093A3D8E97AAC3FA6D3C69C96DC	src/deep2	UNKNOWN	UNKNOWN	PENDING
003740	src/deep2/deep2_ucf_halo_spark_001.cpp	.cpp	49	1	0CB0C2C0FAE3C7E79BF199089889880258EDCF4B75BBAC730BA8618150858E6B	src/deep2	UNKNOWN	UNKNOWN	PENDING
003741	src/deep2/deep2_ucf_logits_range_bounce_001.cpp	.cpp	58	1	E3667371893607398DE71C46F4802EE1F44703C8722B74D41CFDEAE0AE0F18B1	src/deep2	UNKNOWN	UNKNOWN	PENDING
003742	src/deep2/deep2_ucf_mobility_fault_001.cpp	.cpp	53	1	7142024398ACE35120A7F3A68E57CA10B15AF0CEE1E4782455E4C362ECE948CE	src/deep2	UNKNOWN	UNKNOWN	PENDING
003743	src/deep2/deep2_ucf_no_stale_dispatch_001.cpp	.cpp	56	1	AE8CF5B72D0D2C806DC28C9B62D13022B5EAEB2A10595750414901B9F8997824	src/deep2	UNKNOWN	UNKNOWN	PENDING
003744	src/deep2/deep2_ucf_read_converge_001.cpp	.cpp	52	1	47593082C09E10E2B30399AE333FD1619A3B86B06CF5396157D14DD6F0895B9A	src/deep2	UNKNOWN	UNKNOWN	PENDING
003745	src/deep2/deep2_ucf_semantic_abi_v1_cert.cpp	.cpp	55	1	C552D229A3CAEBE6B3D2E96CD2AFF04E8412FD0C94BA74811E7DD8EF30661223	src/deep2	UNKNOWN	UNKNOWN	PENDING
003746	src/deep2/deep2_vwa_e2e_001.cpp	.cpp	42	1	3AC1A78E949E78FE8BA8EE8A2975DBA8711A36D197FDE22B8A88400477C814C3	src/deep2	UNKNOWN	UNKNOWN	PENDING
003747	src/deep2/deep2_vwa_iocp_range_001.cpp	.cpp	49	1	DF1C80979C53948E4CBF0A6447881B08041F6F0288547099023E21644FD2A3F5	src/deep2	UNKNOWN	UNKNOWN	PENDING
003748	src/deep2/deep2_vwa_poc_1_001.cpp	.cpp	44	1	BCF4F74CE7B69E01C482E0F7855DB2171FC99801C96C5CE52336EF0680BC1FBB	src/deep2	UNKNOWN	UNKNOWN	PENDING
003749	src/deep2/deep2_vwa_range_contract_001.cpp	.cpp	53	1	B9D6DA793343BA7B0E2384A40446B551894344D9A460614D6383C077B585975C	src/deep2	UNKNOWN	UNKNOWN	PENDING
003750	src/deep2/DeepSeekMoELoader.cpp	.cpp	42	1	9A3AA2655CC59664D3216F06E304D6FAAE7D8296A10907837E6FB162383398F8	src/deep2	UNKNOWN	UNKNOWN	PENDING
003751	src/deep2/DualGPUHook.cpp	.cpp	36	1	194D316D7185739D63F83F90A575FE7DF7ABF310AEF6BBB2887CFA5E39870AF1	src/deep2	UNKNOWN	UNKNOWN	PENDING
003752	src/deep2/DualLaneChoreographer.cpp	.cpp	46	1	DBC9BC718803C23A24D5097D3D82FF9C00B012CA99FD9A72D3579E3D4256C968	src/deep2	UNKNOWN	UNKNOWN	PENDING
003753	src/deep2/dump_qwen35_meta.cpp	.cpp	41	1	8DAF708BCF6E69DDD46512E96CF083EBB272BC5DC8B7F45E8B25E6A602811D13	src/deep2	UNKNOWN	UNKNOWN	PENDING
003754	src/deep2/dump_tensors.cpp	.cpp	3166	57	9280EF4ECCBF5BA0AEE4FDD27EC4479BD06C91A849E8BABC51F8D2CCD96D04CF	src/deep2	UNKNOWN	UNKNOWN	PENDING
003755	src/deep2/ElasticDynamicBudget.cpp	.cpp	45	1	5935DB797D27ADA7500A0121C418A4ECEF8BFC75FEF9C45A25B0351324F218D0	src/deep2	UNKNOWN	UNKNOWN	PENDING
003756	src/deep2/ElasticResidencyManager.cpp	.cpp	8755	229	D95BF6C73A92FE971D29C65B730B0BA0A283A7F8BE42B347837055610A221326	src/deep2	UNKNOWN	UNKNOWN	PENDING
003757	src/deep2/ElasticResidencyManager.hpp	.hpp	4231	130	9C55D0EA023B8EFD91CE9B6F09CA329A0321CEA2B8E9D0235CA0FA729B90F46B	src/deep2	UNKNOWN	UNKNOWN	PENDING
003758	src/deep2/ElasticResidencyManager_test.cpp	.cpp	9213	217	A053BF1CA2A7D813012F323A34188638BA234853AE0EB0ADB563486657ADA0AD	src/deep2	UNKNOWN	UNKNOWN	PENDING
003759	src/deep2/FabricTensorTable.cpp	.cpp	42	1	DF64879F45298D9D439515BC12480E40BAEB7AC4DF3891CDA537D7FB9A2D5C4D	src/deep2	UNKNOWN	UNKNOWN	PENDING
003760	src/deep2/FinalNormAcquire.hpp	.hpp	419	17	74CD6E3305BC83338C47C91B4C0C704E574A5E06569AFD763130F5AAE30F4BB3	src/deep2	UNKNOWN	UNKNOWN	PENDING
003761	src/deep2/FinalNormProduce.hpp	.hpp	394	15	7FFC8D4E106A5AAB51FE56C010D7190AFB59A0B3CB1856A3DDAB41BA8E738063	src/deep2	UNKNOWN	UNKNOWN	PENDING
003762	src/deep2/FusedInferenceKernel.cpp	.cpp	45	1	85F36338E84D83E57E3D36E8AED47B3BA66AFB50399B509860C2DB017ACF0E3D	src/deep2	UNKNOWN	UNKNOWN	PENDING
003763	src/deep2/FusedLiveController.cpp	.cpp	44	1	D757145DE9E0326D4A316032321530D1DAFBD9C9A618E1C5E82147861AC653FB	src/deep2	UNKNOWN	UNKNOWN	PENDING
003764	src/deep2/FusedLiveController_Cheap.cpp	.cpp	50	1	F6460E31313C8D86FA48B85FF4E706CE47B5E75A8ACA0DCECA29EE7C0FE83B06	src/deep2	UNKNOWN	UNKNOWN	PENDING
003765	src/deep2/FusedLiveController_Decide.cpp	.cpp	51	1	2D8AAF9B72570FE1B93798BAD2460997081E02FE84312883B7ADCBD42AB809F4	src/deep2	UNKNOWN	UNKNOWN	PENDING
003766	src/deep2/FusedLiveController_Emit.cpp	.cpp	49	1	DE5A9BBCC349A9ADB8B61A9B4CBE9CC89FFC99776163CBAC74842D6C18C2311D	src/deep2	UNKNOWN	UNKNOWN	PENDING
003767	src/deep2/FusedLiveController_Law.cpp	.cpp	48	1	91E4CBD4EE18AE42318114173028ED66AC6EE5BC4B2C633A66E81E4EED413519	src/deep2	UNKNOWN	UNKNOWN	PENDING
003768	src/deep2/GGUFLoader.cpp	.cpp	35	1	7A8B45314BFD941E1ECC9C6C6F5095AC771A0B2D8C3F1E232E58C94B160D8B36	src/deep2	UNKNOWN	UNKNOWN	PENDING
003769	src/deep2/GGUFLoader.hpp	.hpp	34528	929	5F878A795D8CC68007971AA5B90B3C4CA88CF24EFF33010917F1180A064CEB95	src/deep2	UNKNOWN	UNKNOWN	PENDING
003770	src/deep2/GGUFLoader_Fixed.cpp	.cpp	1591	28	2ED680960A7D9708E1EBCD163D2A5A201238FDFFDCB0F9FBF95C4E92A8048CF4	src/deep2	UNKNOWN	UNKNOWN	PENDING
003771	src/deep2/GGUFStream.hpp	.hpp	6685	162	CA25C0F1AFBF35477B024EEA94EE07F9E978254215AB977AEA2BD99E9E3E5AF4	src/deep2	UNKNOWN	UNKNOWN	PENDING
003772	src/deep2/GGUFVerifier.cpp	.cpp	1587	28	8C0643F5AACC1982AEADC6A14D6D7EC20E110D1BB123055A091E0499B0A3C8EE	src/deep2	UNKNOWN	UNKNOWN	PENDING
003773	src/deep2/GhostCache.cpp	.cpp	35	1	0F6A6D3F54A3A53AC0C39453629FFEFC0153BF4263620E02EC59223953522ED2	src/deep2	UNKNOWN	UNKNOWN	PENDING
003774	src/deep2/GoalSystem.cpp	.cpp	35	1	64DE00F937EEC35B6C37E4C2708C09A96EC7D31E0B15D0F6100526BA6B2C3FBD	src/deep2	UNKNOWN	UNKNOWN	PENDING
003775	src/deep2/GPUForwardChildIgnoreHooks.hpp	.hpp	200	6	CA4DA1A30E9604036D3D8B8653E7FC0D3259C6F8C418C93BB8149A1A68F530BF	src/deep2	UNKNOWN	UNKNOWN	PENDING
003776	src/deep2/GpuScheduler.cpp	.cpp	11860	292	47FDD47E828EFDEDE199E0013CE73666C9069B69621B21398237CB02F538DA7E	src/deep2	UNKNOWN	UNKNOWN	PENDING
003777	src/deep2/GpuScheduler.hpp	.hpp	7693	190	B7E30B042F0029CD566EAA1B5C0E3937B14585AAD92FF3D301E18DB35C1699AC	src/deep2	UNKNOWN	UNKNOWN	PENDING
003778	src/deep2/GpuTransferCounters.hpp	.hpp	174	6	672A5238878B9C3B07FD311A206C8BE873EEF396CDCF592742BD8558888A1E42	src/deep2	UNKNOWN	UNKNOWN	PENDING
003779	src/deep2/GpuTransfer_Emit.cpp	.cpp	41	1	9985CA26F6192C2DB3E3DD5FB870DB84EB63A4ED03EFE3D2AC3DBE300FDD02F3	src/deep2	UNKNOWN	UNKNOWN	PENDING
003780	src/deep2/HeadlessIDE_AutonomousWorkflowMode.cpp	.cpp	18141	443	2CDD14DF32C736CA66A603002041667A48EDA4C307181BDA0E5F5328BE8EC55F	src/deep2	UNKNOWN	UNKNOWN	PENDING
003781	src/deep2/HostExchangeDiscover.cpp	.cpp	45	1	717D89040C539121C6AC34861C5A75F90D19CEFEE4DEECE3EA468D9E264BB085	src/deep2	UNKNOWN	UNKNOWN	PENDING
003782	src/deep2/HotPatcher.cpp	.cpp	35	1	5275A847AEF702457E7830DC1320AD7FCC3D995379F84E3074122DAB963B4174	src/deep2	UNKNOWN	UNKNOWN	PENDING
003783	src/deep2/HotPatcherSafety.cpp	.cpp	41	1	B77FF30CFC3F17B5A507C5EB4B7A3FE54D1D1EC90D19A046A017769AEAFF151E	src/deep2	UNKNOWN	UNKNOWN	PENDING
003784	src/deep2/InferenceSession.cpp	.cpp	41	1	0D8479EBF1C51146FF405F49052D728152CB60C5284784C851E65578AD0EB28B	src/deep2	UNKNOWN	UNKNOWN	PENDING
003785	src/deep2/InferenceWire.cpp	.cpp	24413	625	2E1C902D3A3CA1A20FAEC797A429359D65A00024CD29171FA52A9F5088A8D013	src/deep2	UNKNOWN	UNKNOWN	PENDING
003786	src/deep2/InferenceWire.hpp	.hpp	19074	414	548C18D10353A742FDAB7F692706457A0FB3C249D12E289C613445A861A45DCB	src/deep2	UNKNOWN	UNKNOWN	PENDING
003787	src/deep2/IOCPGGUFLoader.cpp	.cpp	39	1	6E28B8F933AD7FE79FE50F019CB9FB64218DA6E4A00AD4241D3D523BC6878F34	src/deep2	UNKNOWN	UNKNOWN	PENDING
003788	src/deep2/IQQuantKernels.cpp	.cpp	39	1	088409B80298365DD41428D281530938FE2CE905DFA22CAA454C7270B0515A4A	src/deep2	UNKNOWN	UNKNOWN	PENDING
003789	src/deep2/K2BraidExecutionPolicy.cpp	.cpp	47	1	B5AE13071304D698BF2F54B14EFF1A8F6CE5104E2AFBB2C5703B7F7D1256F03D	src/deep2	UNKNOWN	UNKNOWN	PENDING
003790	src/deep2/K2FullDepthCombined_Arm.cpp	.cpp	48	1	4C725E757C3E6ED9B2FFCBB03DC923A3CD64D1004B9FF6659B09ED5244794804	src/deep2	UNKNOWN	UNKNOWN	PENDING
003791	src/deep2/K2FullDepthCombined_Proof.cpp	.cpp	50	1	4CE751659E4C19AD6F211AFA3AEF9CB2403638F1415C0035E9D78233020CC45F	src/deep2	UNKNOWN	UNKNOWN	PENDING
003792	src/deep2/K2GlobalTensorIndex.cpp	.cpp	44	1	04970BA69C36310344E3F0C5311EBEA40628DC24FB86D58A4D8541CFDD28A193	src/deep2	UNKNOWN	UNKNOWN	PENDING
003793	src/deep2/K2GlobalTensorIndex.hpp	.hpp	200	9	75E16FAF82799B427CCACE9A9A77509098FD00682EEDDF26BC16C672EDEAEAC2	src/deep2	UNKNOWN	UNKNOWN	PENDING
003794	src/deep2/K2GpuStreamCopy.cpp	.cpp	40	1	4F2E688211C6C757A07FCE49449A87905A0939DBC8A0FA86435EED9EFECE34C1	src/deep2	UNKNOWN	UNKNOWN	PENDING
003795	src/deep2/K2GpuStreamCopy_Overlap.cpp	.cpp	48	1	FB7CF625E1F8E05D64BE6E7AAAA5C4C0D213460D74F12F188A7E12BC37EA3D1C	src/deep2	UNKNOWN	UNKNOWN	PENDING
003796	src/deep2/K2LivePathTensorCache.cpp	.cpp	46	1	55B8AC9F0B854D03E6AD28289DF0793314AAA7897E1040767E52B2936DB9C978	src/deep2	UNKNOWN	UNKNOWN	PENDING
003797	src/deep2/K2LivePathTensorCache_Emit.cpp	.cpp	51	1	1AFCCEB164585FBBC834763BC97EEE40B825CE008D2AEE76D3FEBC80CCE1C8E8	src/deep2	UNKNOWN	UNKNOWN	PENDING
003798	src/deep2/K2LivePathTensorCache_Prefetch.cpp	.cpp	55	1	31A8D16BC880F1115E0B762E801F11CCF87FF671BEA91A3051B9EC8F5C1683A8	src/deep2	UNKNOWN	UNKNOWN	PENDING
003799	src/deep2/K2LivePolicy.cpp	.cpp	37	1	4F68B2B982A924A956403AE76D8FE35587CF17704B809B7B4280D47357689966	src/deep2	UNKNOWN	UNKNOWN	PENDING
003800	src/deep2/K2LivePolicy_Apply.cpp	.cpp	43	1	BCB960B21A06B9D698A69C40FAD1111286151CE58A46D346B18EBC93A5A0F39F	src/deep2	UNKNOWN	UNKNOWN	PENDING
003801	src/deep2/K2LivePolicy_Hysteresis.cpp	.cpp	48	1	C9BEEEA69524E01FF79A99AA27B212142DEC7D73C8C4D644A5F5669084C7BB41	src/deep2	UNKNOWN	UNKNOWN	PENDING
003802	src/deep2/K2LogitsClimb.cpp	.cpp	38	1	76A40287E1146E93DB2E6CFDC62BD7FA097B747DD9C86718546D122ECDC36536	src/deep2	UNKNOWN	UNKNOWN	PENDING
003803	src/deep2/K2LogitsLineage.cpp	.cpp	40	1	62587A64EA302330E2ACD7D488AF857783134914A056A46F69A7950DD428AD74	src/deep2	UNKNOWN	UNKNOWN	PENDING
003804	src/deep2/K2LogitsSplit.cpp	.cpp	38	1	DB74283B4D56A40575F84ABD1C4AFB6E4F15E3D4A78E20AAEA50A0D3D5209168	src/deep2	UNKNOWN	UNKNOWN	PENDING
003805	src/deep2/K2MLAAttention.cpp	.cpp	39	1	24BFA57DDB826658E105304FEF0C17BC10B44E72315CEFB78347743DEAB3FBF1	src/deep2	UNKNOWN	UNKNOWN	PENDING
003806	src/deep2/K2MLAWeights.cpp	.cpp	37	1	1296B50BB1535883015F0A567487C78C1574DAACC19CF6DF8B40A8A5C2179BF9	src/deep2	UNKNOWN	UNKNOWN	PENDING
003807	src/deep2/K2MLA_FusedQ4KT.cpp	.cpp	40	1	751767E97EB546992A5448DBB3B5BD7AE3E0452AA62CEDA57E2F750D9710D26C	src/deep2	UNKNOWN	UNKNOWN	PENDING
003808	src/deep2/K2MLA_GpuGemv.cpp	.cpp	38	1	81DAD641C90200F633AB5C844C5EA0C6A13426726251A048B22EAF91ADAE34D9	src/deep2	UNKNOWN	UNKNOWN	PENDING
003809	src/deep2/K2MLA_KvExpand_Fused.cpp	.cpp	45	1	8C80AA793E75BDE85475AB70D425D85FBD3096E74B9A4655EFA841BCD96961BA	src/deep2	UNKNOWN	UNKNOWN	PENDING
003810	src/deep2/K2MLA_PathB.cpp	.cpp	36	1	F994582CDC0E27B389AB281B42A77C67F78F1B1381B153DB2234BC2F354DC51B	src/deep2	UNKNOWN	UNKNOWN	PENDING
003811	src/deep2/K2MLA_PathB_Attn.cpp	.cpp	41	1	07F024188296EBE721A88D8C45D28B25445E81D2501CD84250DE26017F33DE65	src/deep2	UNKNOWN	UNKNOWN	PENDING
003812	src/deep2/K2MLA_QaCritical.cpp	.cpp	41	1	95B65C7AB8F21032E3B0B8B14A6A09AB35E315E424F92BA808056B8D0892E1E5	src/deep2	UNKNOWN	UNKNOWN	PENDING
003813	src/deep2/K2MLA_QPathDevice.cpp	.cpp	42	1	07FFEAC419914D10E812958F8A88206B80A60D6FAABA1FE011FFC46536B15EE5	src/deep2	UNKNOWN	UNKNOWN	PENDING
003814	src/deep2/K2MLA_QPathDevice_Emit.cpp	.cpp	47	1	D7D18C10777D509526E1F442E7346C4AEB40431CD84A5469299B99F071943373	src/deep2	UNKNOWN	UNKNOWN	PENDING
003815	src/deep2/K2MoEWeights.cpp	.cpp	37	1	4222872B48CC161B561A0C9657D770E87E9FE1182353467BAE9F8280B0768931	src/deep2	UNKNOWN	UNKNOWN	PENDING
003816	src/deep2/K2NativeStreamGate.cpp	.cpp	43	1	6C72A165DF07977A8855F4C81F4D290DD0B5006C4D89BA0188CFD30265ECE841	src/deep2	UNKNOWN	UNKNOWN	PENDING
003817	src/deep2/K2NativeStreamGate.hpp	.hpp	249	8	3EF0B87C23B36B065F7F32479996EC8F999C23A6072B28508C339AE7C3B6A8C6	src/deep2	UNKNOWN	UNKNOWN	PENDING
003818	src/deep2/K2QbHostShrinkD2h.cpp	.cpp	42	1	DE80BEFAB27910BFD17A8ED908CA8D8EAC26EE37CBA0F0BF5B44E235BC5A3307	src/deep2	UNKNOWN	UNKNOWN	PENDING
003819	src/deep2/K2ShardIo.cpp	.cpp	34	1	B6D15B5B0C87741C03CD0574AC4F88500A1C2906BF69C2C60F4E7CCC70C56E25	src/deep2	UNKNOWN	UNKNOWN	PENDING
003820	src/deep2/K2TimeLimitedServing.cpp	.cpp	45	1	9946143972AC689E12F7FC8527E004F3CDC45F62C7F03489D760DA3D7FD3A41E	src/deep2	UNKNOWN	UNKNOWN	PENDING
003821	src/deep2/K2TokenEmbedding.cpp	.cpp	41	1	A9153FC95D9F8245E1163E343C4E69070194315AFD50EB35774EE334CA635DA2	src/deep2	UNKNOWN	UNKNOWN	PENDING
003822	src/deep2/K2WeightResolve.cpp	.cpp	40	1	3F61B3E77614D8B3BE5A91EE2710922DBC02DDE80673C2537655B501E711A74D	src/deep2	UNKNOWN	UNKNOWN	PENDING
003823	src/deep2/KimiK2Config.cpp	.cpp	37	1	16D6D5F4F600C8C9C2884DFA23305F2071A6E73631E9E88B37A2C0204D5F673D	src/deep2	UNKNOWN	UNKNOWN	PENDING
003824	src/deep2/KimiK2Config.hpp	.hpp	280	13	B20D693A319A079C8354933F63EE936470C06F48F60FBF9E27BEF157CDFDB483	src/deep2	UNKNOWN	UNKNOWN	PENDING
003825	src/deep2/KVCache.cpp	.cpp	32	1	5831FFB803DAF1850736F91DBB7338952BA6CA7B384FD2A0EEB94D2A61DE2101	src/deep2	UNKNOWN	UNKNOWN	PENDING
003826	src/deep2/KVCache.h	.h	8239	242	21AD3B2656B0E85637197B14FE7D0C0EA0BCE945AA86438DB9A3144CF525CFF4	src/deep2	UNKNOWN	UNKNOWN	PENDING
003827	src/deep2/KvPrefixAuthority.cpp	.cpp	2042	46	FEF303CDB35F40D369DD14E21E66F123A83E45F204BF7BE7710DDA16A2678CAF	src/deep2	UNKNOWN	UNKNOWN	PENDING
003828	src/deep2/KvPrefixAuthority.h	.h	490	11	9691999252A5F114FC8B544CAFB445A15CE28BD6B8D72129138B08C9F79DF95B	src/deep2	UNKNOWN	UNKNOWN	PENDING
003829	src/deep2/KVSpecTransaction.hpp	.hpp	1206	50	39D26E053A515A4E8E739B9D72284E0FCDCE07382353DBEA5B4520471372D85B	src/deep2	UNKNOWN	UNKNOWN	PENDING
003830	src/deep2/k_quant_gemv_avx512.h	.h	25936	528	19BE38ACB0DCB63C912A3D8E785C5ADBCAB1748B17E0A0636AAD9D73E70DF3D7	src/deep2	UNKNOWN	UNKNOWN	PENDING
003831	src/deep2/Layer0Guard.cpp	.cpp	20644	443	469E950363C4E43F56B093F7490ADCEA9D6C1C0798919B3137C01D2D80B04B7B	src/deep2	UNKNOWN	UNKNOWN	PENDING
003832	src/deep2/Layer0Guard.hpp	.hpp	5486	116	60C844A8E9F79084BF1983D57AE047C1F6014A4C1601FCAC44CDFC7690B36AF0	src/deep2	UNKNOWN	UNKNOWN	PENDING
003833	src/deep2/layer_harness.cpp	.cpp	38	1	B937BBACA18F84A11DCD42A17B7F2DC4E38D3577CB580F92334D93416E3C9928	src/deep2	UNKNOWN	UNKNOWN	PENDING
003834	src/deep2/LegacyRawrXDToolProviders.cpp	.cpp	2874	89	AACEF35187CF10FE0FD6F07EDC99F31CEE3F0D127160D852EE0E82FF39EE2D39	src/deep2	UNKNOWN	UNKNOWN	PENDING
003835	src/deep2/LegacyRawrXDToolProviders.hpp	.hpp	267	9	5D88B17FF958BDC885A52582C0B1135A8984936719934EA1312D0DBADFD96B54	src/deep2	UNKNOWN	UNKNOWN	PENDING
003836	src/deep2/LivePathEffect.cpp	.cpp	39	1	24B70B2C234D39FD425EDDA5CEFEA47617706892177E5AEAEF27F5D329B25B2B	src/deep2	UNKNOWN	UNKNOWN	PENDING
003837	src/deep2/LivePathFusedCert_Arm.cpp	.cpp	46	1	C02DB89B4CC510C4A3966CC4ED46BF8FA0DB51DF584DFBB4D4828350EB38C118	src/deep2	UNKNOWN	UNKNOWN	PENDING
003838	src/deep2/LivePath_FusedTick.cpp	.cpp	43	1	62E3830DC94E38854614CB180E613C5E3333C276E787E01BBC4E455C16B36515	src/deep2	UNKNOWN	UNKNOWN	PENDING
003839	src/deep2/LlamaNativeBridge.cpp	.cpp	42	1	5DEDB57B2140DDA495EEB0B3BFF10AC74D399335F00E9D0212C9C02048201A02	src/deep2	UNKNOWN	UNKNOWN	PENDING
003840	src/deep2/MASMKernelStubs.cpp	.cpp	40	1	8CE444C1FDBE5FDFA66E3398D5199F6A859547B703128E44F15CB149DBDBFE7E	src/deep2	UNKNOWN	UNKNOWN	PENDING
003841	src/deep2/MedusaDecoder.cpp	.cpp	38	1	77BD3EB60BE338F646385DFCBECFB77ACEE75747F4F45F5BC875B6FF9F49DA6B	src/deep2	UNKNOWN	UNKNOWN	PENDING
003842	src/deep2/MedusaDecoder.hpp	.hpp	5356	164	07E7E8AD329356F5D42410DDB337CFF053E69EC49FDD9F16348E726E672CE79D	src/deep2	UNKNOWN	UNKNOWN	PENDING
003843	src/deep2/MlaCertAuthority.cpp	.cpp	41	1	268C171BBF6856BDA9D81AC19F2608E9407188838AF07F3192061C43CAF16CF4	src/deep2	UNKNOWN	UNKNOWN	PENDING
003844	src/deep2/MlaCertProbe.cpp	.cpp	37	1	4564AABEFD90FF44E96C24E131B2590022D08A979F2F9121E732AB3C7392C6FB	src/deep2	UNKNOWN	UNKNOWN	PENDING
003845	src/deep2/ModelLoader.cpp	.cpp	36	1	DD2EECC128AC77138155F91810CFA0267A4E191417EAEA55693870C75BF58BC0	src/deep2	UNKNOWN	UNKNOWN	PENDING
003846	src/deep2/ModelRegistry.cpp	.cpp	44279	1007	ED7ACB296191133C8CDF38BAA5FA9C773614832F4B6C7A2F9403DD9E351E4A5E	src/deep2	UNKNOWN	UNKNOWN	PENDING
003847	src/deep2/MoEArchitectureParser.cpp	.cpp	46	1	64D90F5F7A033783D9C5E5269FA0427DE50327360E09AEA30B910EF2DE3282C3	src/deep2	UNKNOWN	UNKNOWN	PENDING
003848	src/deep2/MoEEliminate.cpp	.cpp	37	1	F9E3FFAAB4F449A0709F0C197E3896C820FD73BC82887E2A83B4A211A35DA9C9	src/deep2	UNKNOWN	UNKNOWN	PENDING
003849	src/deep2/MoERouter.cpp	.cpp	26	1	DF4267186C08B162EE5021A191DCD931DC585EAA217EBB5C48C79B2CADEDD0D3	src/deep2	UNKNOWN	UNKNOWN	PENDING
003850	src/deep2/MoERouter.hpp	.hpp	14062	394	79E4FABF482BCFC184AB1F710AFCCCF83400706F02683A91BD68BC6FA504F1B3	src/deep2	UNKNOWN	UNKNOWN	PENDING
003851	src/deep2/MoEWeightProxy.cpp	.cpp	39	1	9DC155763D1361147C9AB598FE0C9BFE1274EDB7E81DA4C6CFDAD86A536805EF	src/deep2	UNKNOWN	UNKNOWN	PENDING
003852	src/deep2/MoEWeightProxy.hpp	.hpp	233	5	CB4F853B3A81DF93F065ACEF3BC9F8CCCE88FEAB2BBDDD2D3D16E7EBB8EFA8BA	src/deep2	UNKNOWN	UNKNOWN	PENDING
003853	src/deep2/MoEWeightsLoader.cpp	.cpp	41	1	6DD660A07154531149B1EC58D6FF718CD96EB1A5F07060A17E6A9641388C8263	src/deep2	UNKNOWN	UNKNOWN	PENDING
003854	src/deep2/moe_microbench.cpp	.cpp	1589	28	E03C69A432B51C4E353A8A4797FB77F6CEA55FA36005CBDB470F20152D574D76	src/deep2	UNKNOWN	UNKNOWN	PENDING
003855	src/deep2/moe_simple_bench.cpp	.cpp	1591	28	6F661C825E7F12DC5742DD7DEE110C029DCA69E1C7A2FA0756B8817D417A6875	src/deep2	UNKNOWN	UNKNOWN	PENDING
003856	src/deep2/moe_test.cpp	.cpp	1583	28	A1F29F92F0CE67651C2D0D23AEE0A375784EFB5D3CBC04D4CD89541D6D2C2391	src/deep2	UNKNOWN	UNKNOWN	PENDING
003857	src/deep2/moe_validation_test.cpp	.cpp	1594	28	8AAEB878E6E6820EE3F0F177DB19609E70D9CC62EB8EC3893D436884BFCDCAFC	src/deep2	UNKNOWN	UNKNOWN	PENDING
003858	src/deep2/NUFusedPacker.cpp	.cpp	38	1	F6C3D51479C11A5FB59AFD57EC442CA9F93D80A6E01C6FC7FDB5528E3A3152B5	src/deep2	UNKNOWN	UNKNOWN	PENDING
003859	src/deep2/NUFusedPacker.hpp	.hpp	199	10	2183D9BD5EAC23DB410C823853C98DA96CE049C0B70519975561CE933C4EE2C0	src/deep2	UNKNOWN	UNKNOWN	PENDING
003860	src/deep2/NUGemv.cpp	.cpp	31	1	59BEC1C5C5D2524E5AFE062E2AFA4A40D6BC10267A3EDEB24E4D6862B37F1155	src/deep2	UNKNOWN	UNKNOWN	PENDING
003861	src/deep2/NULiveConsumer.cpp	.cpp	39	1	B7B002DB3133FDC70AB40D219FEF4674B8E5C527444ABD9A5B155096A15BC4C2	src/deep2	UNKNOWN	UNKNOWN	PENDING
003862	src/deep2/NVMeStream.cpp	.cpp	10628	333	73AB87A5475596C02925AC141B68B0CE87D4F6197F2FB99D79701931F3B91393	src/deep2	UNKNOWN	UNKNOWN	PENDING
003863	src/deep2/NVMeStream.h	.h	4217	143	0153FE2B7A74B1DCEF6E70BE52A3ECB05C58BEF2679054885F6894B11CFC3262	src/deep2	UNKNOWN	UNKNOWN	PENDING
003864	src/deep2/OutOfCoreRuntime.cpp	.cpp	41	1	CDBFC2EF52891FE3440ED9286D5E3373B276024F68EEAA0334A03634EDC68CAC	src/deep2	UNKNOWN	UNKNOWN	PENDING
003865	src/deep2/p0_process_alive_001.cpp	.cpp	45	1	EA628178D4EC6CED17926D3C9173C7D0AE00AC6FF80C5FC07F925B089E885E4C	src/deep2	UNKNOWN	UNKNOWN	PENDING
003866	src/deep2/p1_ide_exec_policy_apply_001.cpp	.cpp	53	1	4A1CEDF10FEBD9F6C8E649B55AF9F6754E5980CD4FF2E54D173C439E71909F3F	src/deep2	UNKNOWN	UNKNOWN	PENDING
003867	src/deep2/p1_ide_exec_policy_live_gguf_001.cpp	.cpp	57	1	BF40F04DA4DF38C3EFF7F2DE217D9019171DBFE612AF650AE604BF36AD6DA9CE	src/deep2	UNKNOWN	UNKNOWN	PENDING
003868	src/deep2/p1_policy_sha_lifecycle_diag_001.cpp	.cpp	57	1	031A4F6D34853F10980AC62B337D4A946379507A588AF13AC6C8A45D0A96B281	src/deep2	UNKNOWN	UNKNOWN	PENDING
003869	src/deep2/p1_real_speedup_001.cpp	.cpp	44	1	948A64A2DF8A62E9951FD51F4C213EDC87C9917E92C52BA2BBC4139ED2C99C96	src/deep2	UNKNOWN	UNKNOWN	PENDING
003870	src/deep2/p1_repeatability_state_drift_diag_001.cpp	.cpp	62	1	1448A5D5FB0AB7CEB5DAD32AAC7484C4397FEB857D05E51261371660F2F1766C	src/deep2	UNKNOWN	UNKNOWN	PENDING
003871	src/deep2/p1_repeatability_trial_validity_diag_001.cpp	.cpp	65	1	B0FB9DB0DA8D7421F25F21068A0D0492C28B00667A8B5745D5B7585B7612B7B0	src/deep2	UNKNOWN	UNKNOWN	PENDING
003872	src/deep2/PatchCache.cpp	.cpp	35	1	A659E26DCF34665E1C3AEA455AE85C5DDF0272DE07E78F14AA4BF862FFCC3028	src/deep2	UNKNOWN	UNKNOWN	PENDING
003873	src/deep2/PerfPolicy.hpp	.hpp	9753	224	769D448BE426DC3853F909A956FCBFA2E1F5F22771A68CEBE813C1F116F826D3	src/deep2	UNKNOWN	UNKNOWN	PENDING
003874	src/deep2/PlasmaGovernor.cpp	.cpp	4337	134	7BDBE2F56997BAC5D05A0E2C1A9CDBD0DF5515CFA10861667DB258EA225D17BC	src/deep2	UNKNOWN	UNKNOWN	PENDING
003875	src/deep2/PlasmaGovernor.hpp	.hpp	2520	84	981AF2BC7B0B735750D460D6C515F1D62CA9DFDD0E5B97DE2BDDE8179F162F6C	src/deep2	UNKNOWN	UNKNOWN	PENDING
003876	src/deep2/ProductionBenchmark.cpp	.cpp	44	1	BB09F931A157313AEBBDC8C65994FC655A28C3BD9BAF48CB6EAE0C5733B61A6E	src/deep2	UNKNOWN	UNKNOWN	PENDING
003877	src/deep2/ProductionProfiler.cpp	.cpp	12053	331	E4724C319D4840DEC4BACF720DE2EA33E27A3557DAD21B5D3AE20BFCA2F33676	src/deep2	UNKNOWN	UNKNOWN	PENDING
003878	src/deep2/ProductionProfiler.hpp	.hpp	5099	156	5F6E1F147CBAE83B2C1ABBE3E26EB45BEF2B5FCF81D4D11D7B83A2A6183BEE2F	src/deep2	UNKNOWN	UNKNOWN	PENDING
003879	src/deep2/QuantKB.asm	.asm	131	8	D2B5969E05DD731B63100E1C0C01B449F349A4943A0B7CC70CEFCDCA90A664C7	src/deep2	UNKNOWN	UNKNOWN	PENDING
003880	src/deep2/QuantKernelMASM.cpp	.cpp	40	1	9E613B84B48F999B3F763D26CA1FC45B4AE9AC835DEAD7D59E9BB05E637A2EFF	src/deep2	UNKNOWN	UNKNOWN	PENDING
003881	src/deep2/QuantKernelRegistry.cpp	.cpp	92932	2227	3FB66B2D1803FCA4884EEEED7744FF65F53D65523659287F072437E860493A9F	src/deep2	UNKNOWN	UNKNOWN	PENDING
003882	src/deep2/QuantKernelRegistry.hpp	.hpp	9531	271	238B989CC3E8B42AF84F105E36B0B4E102BCC6789A5F9021FFEB357221950947	src/deep2	UNKNOWN	UNKNOWN	PENDING
003883	src/deep2/QuantKernelRegistry_K.h	.h	158	6	E6385B98745CBEAE01669E0D5195D6655B98B8EFF394E932B456A46350467BFE	src/deep2	UNKNOWN	UNKNOWN	PENDING
003884	src/deep2/qwen35_attn_contract.cpp	.cpp	45	1	6CA94BFEBE479572FC963AEBF43F688EC342C467CE7BF186F64D5DA0365463FA	src/deep2	UNKNOWN	UNKNOWN	PENDING
003885	src/deep2/RawrRuntime.cpp	.cpp	36	1	27A95B54A15D9C0350DB40F1668A3537A1D72F6705777F5A61ADA7527C1578D8	src/deep2	UNKNOWN	UNKNOWN	PENDING
003886	src/deep2/RawrXDInferenceAdapter.cpp	.cpp	47	1	51CE1DE2014E2B23120DE597AC37587693BC0E092156F273A713BA520BE0B369	src/deep2	UNKNOWN	UNKNOWN	PENDING
003887	src/deep2/rawrxd_normal_gguf_final_001.cpp	.cpp	53	1	ECDBF91E18899C5041DAC20EAFF873FB9CDD2CD86E3F0AF6CDDDD4B4E5C7C729	src/deep2	UNKNOWN	UNKNOWN	PENDING
003888	src/deep2/rawrxd_run_modelname_001.cpp	.cpp	35521	791	56E49959E73E4FAC6A63A8414186E89E097EFE668D96C702414068CD3B18CFAD	src/deep2	UNKNOWN	UNKNOWN	PENDING
003889	src/deep2/rawrxd_run_modelname_001.h	.h	710	17	59021418642C1DE67EE6C85F3D647D97914096C38B43F5389798E0849BCB5301	src/deep2	UNKNOWN	UNKNOWN	PENDING
003890	src/deep2/rawr_run.cpp	.cpp	12626	283	48FCC538E67F24EFE4D3B9487D43271C9F1303AAD059B1516CBCCCA6AE8F0A40	src/deep2	UNKNOWN	UNKNOWN	PENDING
003891	src/deep2/rawr_run.h	.h	247	7	213EAD913B206B2C5866F20D48A954ED9C2196C7FB6B173367435225C55247AB	src/deep2	UNKNOWN	UNKNOWN	PENDING
003892	src/deep2/RealGGUFParity.cpp	.cpp	29165	485	3AFAC5AB8CA250206C7FAFF99D99B569D7E05EC847BE0CEF4C90A8C5602527EC	src/deep2	UNKNOWN	UNKNOWN	PENDING
003893	src/deep2/RealGGUFParity.hpp	.hpp	2629	91	3F54D4755D9AABFAA6CAAB4C8BED908F62A6C565FD186A69A6BAD8B9DDAA4E41	src/deep2	UNKNOWN	UNKNOWN	PENDING
003894	src/deep2/ReceiptAuthority.cpp	.cpp	9238	255	13C87FB705EB3200AD4AE08EC11E1B4B9A429335C1A95115DF370FDD675429D5	src/deep2	UNKNOWN	UNKNOWN	PENDING
003895	src/deep2/ReceiptAuthority.h	.h	2856	59	8AF3CB18260E8CB1D5C02C1C98F3E547017E62988CCBB631895F14AE5313792B	src/deep2	UNKNOWN	UNKNOWN	PENDING
003896	src/deep2/ResidencyLease.cpp	.cpp	39	1	F0912508B8FF63447D95A7B6D817219A011C6EBA5BB9A46C0A5DC9583ADD55DB	src/deep2	UNKNOWN	UNKNOWN	PENDING
003897	src/deep2/ResidencyManager.cpp	.cpp	41	1	046B08F1958DF458AFCA145713F2E64ECA366E03C4CC6827909AEC19C589136D	src/deep2	UNKNOWN	UNKNOWN	PENDING
003898	src/deep2/ResidencyManager.hpp	.hpp	136	6	B6EC90155C7474E19499CEDC615A55E05A2C1A1D69C241EB4563395167EE8615	src/deep2	UNKNOWN	UNKNOWN	PENDING
003899	src/deep2/ResidencyTrace.asm	.asm	159	8	B8E98AB90C51396B94E5FA9D8ADC7D352186A728882D7127B6F14D184F30C6DB	src/deep2	UNKNOWN	UNKNOWN	PENDING
003900	src/deep2/ReverseHotpatchEngine.cpp	.cpp	46	1	A40CC4DDD7DE4FDF88E7BFFB7D384E25D0F40912B5EB04A5C1AE2CD65B6E87C4	src/deep2	UNKNOWN	UNKNOWN	PENDING
003901	src/deep2/ReverseIntegration.cpp	.cpp	43	1	0974F803EED2D922BD0D78FA43489FEEE30965CBC2B79F753870D57D2BBE8C4E	src/deep2	UNKNOWN	UNKNOWN	PENDING
003902	src/deep2/ReverseIntegration.hpp	.hpp	297	10	BCEEBB57EA2816BCB11530D761DC023CF443DFBE75307A0A14AE0805B3794274	src/deep2	UNKNOWN	UNKNOWN	PENDING
003903	src/deep2/ReverseTensorRecovery.cpp	.cpp	46	1	2FFBD27DA3FBBCF5BC937C2F10B3F67E17D97AD10AE94E05A9F0C94180D28DFF	src/deep2	UNKNOWN	UNKNOWN	PENDING
003904	src/deep2/RouterPrefetchTelemetry.cpp	.cpp	48	1	71C937FEFDBA49010667F9CA9E446CDFFF1A492A232BA2D6CD2B76E28391442E	src/deep2	UNKNOWN	UNKNOWN	PENDING
003905	src/deep2/RouterPrefetchTelemetry.hpp	.hpp	150	6	2AE8BB50BBA61E50360B59EAC5B80630F625E350B72B3A5C336A30FCC422B14E	src/deep2	UNKNOWN	UNKNOWN	PENDING
003906	src/deep2/router_bench.cpp	.cpp	1587	28	DAF3D4B7DF2BCEADF3DF0A0EE6AEA017C731A6F120A5DA9C892A3E1F5128070F	src/deep2	UNKNOWN	UNKNOWN	PENDING
003907	src/deep2/router_latency_test.cpp	.cpp	1594	28	D114EF5FFF86189E6EA87BE83520B0B668BF5350002644E0293612AD129F5EB9	src/deep2	UNKNOWN	UNKNOWN	PENDING
003908	src/deep2/RuntimePlanner.cpp	.cpp	39	1	2D589A471CA430B54D5165DD1EF982AB70136805A8C45883271B35D9C94E8915	src/deep2	UNKNOWN	UNKNOWN	PENDING
003909	src/deep2/Sampler.cpp	.cpp	10162	260	105681A7F832F85457B629E8405FF89E64A6EBDA2CA48DCDDBD4D207C3C650B0	src/deep2	UNKNOWN	UNKNOWN	PENDING
003910	src/deep2/Sampler.hpp	.hpp	4037	106	EE75498C931D548DE8332F91A87226B0F81D64F4C1EACBF4D683B25E0014AAF1	src/deep2	UNKNOWN	UNKNOWN	PENDING
003911	src/deep2/ShardRouterIntegration.cpp	.cpp	47	1	E1854EE3C947BA1A3BFB6A83D957954F4F68D540EB38587770022259EE538B88	src/deep2	UNKNOWN	UNKNOWN	PENDING
003912	src/deep2/SlidingWindowEngine.cpp	.cpp	44	1	83E4000558902A9B64DF7502ADD550E33608459EDA17E717882C8D929E509020	src/deep2	UNKNOWN	UNKNOWN	PENDING
003913	src/deep2/SlidingWindowEngine.h	.h	294	12	374239324D1F699EB4DC8DBA77597EDED7951536E1809E0631B62B38FCDF8C8B	src/deep2	UNKNOWN	UNKNOWN	PENDING
003914	src/deep2/SovereignOutOfCoreRuntime.cpp	.cpp	132	2	7495F03C123DCA23AE11E45A74B2D9316CD96DC68BAE049AF1E047661E9859E5	src/deep2	UNKNOWN	UNKNOWN	PENDING
003915	src/deep2/SovereignOutOfCoreRuntime.hpp	.hpp	196	5	592833E035C5D2172C8BFE66299B486C48899ED6EDE2E319E96DD0F7FAA22DE7	src/deep2	UNKNOWN	UNKNOWN	PENDING
003916	src/deep2/Sovereign_Attention_KV_AVX512.asm	.asm	219	8	734C648D08458B48D917CD56989A87B62C69A8F07F7F0B16A30156A64330CA8D	src/deep2	UNKNOWN	UNKNOWN	PENDING
003917	src/deep2/sovereign_deep2_kernels.asm	.asm	195	8	EEAF919A57C263549FCB71A5CFDDE15F2D9585DA1B81F84F238F533C5DF2E4A6	src/deep2	UNKNOWN	UNKNOWN	PENDING
003918	src/deep2/sovereign_fp16_gemv.asm	.asm	179	8	25B6D866B3801B9614297B3419CEEEBC477BA7641A8F0668285E5483AFA15171	src/deep2	UNKNOWN	UNKNOWN	PENDING
003919	src/deep2/sovereign_fp8_gemv.asm	.asm	175	8	4C1657A5C8E6E886F143F7DB6A91768351AB54A9EA8017D71DCB85D13707FB06	src/deep2	UNKNOWN	UNKNOWN	PENDING
003920	src/deep2/sovereign_iq2_xxs_gemv.asm	.asm	191	8	641FCC96311EA0E845D591544847933B114D6C6C9D684EA6E757C8F9DEA54859	src/deep2	UNKNOWN	UNKNOWN	PENDING
003921	src/deep2/sovereign_iq3_xxs_gemv.asm	.asm	191	8	46677DF0913BEBFDCAD15707DF5E5AFFD4F108DA3231CF785DD8271447518FF4	src/deep2	UNKNOWN	UNKNOWN	PENDING
003922	src/deep2/sovereign_iq4_nl_gemv.asm	.asm	187	8	AC618DB6FE9642CC92FA542EEABE7D90A98C914B153C6005CE64962AA463A0D4	src/deep2	UNKNOWN	UNKNOWN	PENDING
003923	src/deep2/sovereign_moe_fused.asm	.asm	179	8	DBB7EBBF650350A89F8FC395FFBEA03BB4028432F5A5C34D6E3DE439593B3DEF	src/deep2	UNKNOWN	UNKNOWN	PENDING
003924	src/deep2/sovereign_q2k_gemv_v2.asm	.asm	187	8	21C5DEB0F18B9F6591C1EBA3A3F47B4F8ED3B2EE07A51EF8CC13D0CCE91897B7	src/deep2	UNKNOWN	UNKNOWN	PENDING
003925	src/deep2/sovereign_q2_k_gemv.asm	.asm	179	8	F75995DB1ED2375A863BE6CEBB73FCFB56FC1B96ADD34FF4544579685B64BDB1	src/deep2	UNKNOWN	UNKNOWN	PENDING
003926	src/deep2/sovereign_q3k_gemv_v2.asm	.asm	187	8	C7E07E67603FA740C8FCC8ADFA69301C19425C7C50F5A8B295BA2C6B637CCB68	src/deep2	UNKNOWN	UNKNOWN	PENDING
003927	src/deep2/sovereign_q3_k_gemv.asm	.asm	179	8	26EBC21DEF90AC353A6ECF7B77B22BBA093A4D3BDA105A66DAEC430802B730E0	src/deep2	UNKNOWN	UNKNOWN	PENDING
003928	src/deep2/sovereign_q4k_gemv.asm	.asm	175	8	D7927D00865D93AE8D2589BE0B28B6368FDABB8577B04BE4EF34A176097C8936	src/deep2	UNKNOWN	UNKNOWN	PENDING
003929	src/deep2/sovereign_q4k_gemv_v2.asm	.asm	187	8	FC61E4FABC77090AA1737FF4B47D5C766B47B9DAFD264863F0E099DE40822C52	src/deep2	UNKNOWN	UNKNOWN	PENDING
003930	src/deep2/sovereign_q4_0_gemv.asm	.asm	179	8	1E05CEA5B068EA549E1573DB707DB7AD814D88BCCF4B9B1BA7F0902FED7FF989	src/deep2	UNKNOWN	UNKNOWN	PENDING
003931	src/deep2/sovereign_q4_1_gemv.asm	.asm	179	8	014CBB8EA90F7E556422F5F8BD04E3BF6492ABF30D03BD2180B669B59BA7D4BD	src/deep2	UNKNOWN	UNKNOWN	PENDING
003932	src/deep2/sovereign_q5_k_gemv.asm	.asm	179	8	6E2A7B9951766BBF71D532ADF4BCD4849CC847E2221B6ED742DD6A62D92C623E	src/deep2	UNKNOWN	UNKNOWN	PENDING
003933	src/deep2/sovereign_q6_k_gemv.asm	.asm	179	8	75F162595ED2170822B0339589968194C88C5660FE4C7AB9EE9B45B8A5FAC5A8	src/deep2	UNKNOWN	UNKNOWN	PENDING
003934	src/deep2/sovereign_q8_0_gemv.asm	.asm	179	8	4CCD258BADA95BD681E33B40F83996C392CE5880E789235CADE6E8A00CC33371	src/deep2	UNKNOWN	UNKNOWN	PENDING
003935	src/deep2/SpeculativeGenerationAuthority.cpp	.cpp	1531	25	4641B704CB0A930F0FE69B0594DE3F9DDA2970F2DA3BFAAC388DF8407244B960	src/deep2	UNKNOWN	UNKNOWN	PENDING
003936	src/deep2/SpeculativeGenerationAuthority.h	.h	365	11	EEB6391B9F5587AEB3585A318FD5C686C70DAE927633E9BC0CE26875748852B4	src/deep2	UNKNOWN	UNKNOWN	PENDING
003937	src/deep2/SsmCertProbe.cpp	.cpp	37	1	D26F98658AA08A8E9106BEB7D3F0AFF6AEE192FA5E4AB8D103452FE164ABF313	src/deep2	UNKNOWN	UNKNOWN	PENDING
003938	src/deep2/StreamEngine.cpp	.cpp	3889	121	5550787EF53D29D4FD0C7B5E8FFF7A6D947D8791B7A3491DEC4D40AC516B9054	src/deep2	UNKNOWN	UNKNOWN	PENDING
003939	src/deep2/StreamEngine.h	.h	1872	64	FAA212215705814AE5F76F6BA30B5620F80F36332E51CB1AD340C1D2220A7588	src/deep2	UNKNOWN	UNKNOWN	PENDING
003940	src/deep2/StreamerGpuSoloGate.cpp	.cpp	2461	67	499FB3AE281EDF2695D3EDACC1B3E495DAF7BC749D4BF3F345688DADD4DD2BE9	src/deep2	UNKNOWN	UNKNOWN	PENDING
003941	src/deep2/StreamerGpuSoloGate.h	.h	898	29	22257C8FC08DC8D96CCC8A67FC5CD6EF0BBD6FC827B804A1F3A8414AB66183D8	src/deep2	UNKNOWN	UNKNOWN	PENDING
003942	src/deep2/StreamerGpuSoloVk.cpp	.cpp	42	1	B40F2EBE27FCE64DF3BA3436D3C9D2B6172C8A66F1B7067B9E3BF81C5EFC83F8	src/deep2	UNKNOWN	UNKNOWN	PENDING
003943	src/deep2/StreamerParity_Harness.cpp	.cpp	47	1	009D7DA9AD059CE1A4BBE6BFB4B1F5677FD27A66DBA24471044A42AEBE33EC17	src/deep2	UNKNOWN	UNKNOWN	PENDING
003944	src/deep2/StreamerParity_Post.cpp	.cpp	44	1	732B33E9CE00287C453EF3C4E390C32A437EDC929762FFD3B3ECE31AF6B98014	src/deep2	UNKNOWN	UNKNOWN	PENDING
003945	src/deep2/StreamRouter.cpp	.cpp	4606	139	81FFDB8114D93CEDBA601877B716C6DE5DA6D2A582367B7F66D038BBFFA532FA	src/deep2	UNKNOWN	UNKNOWN	PENDING
003946	src/deep2/StreamRouter.h	.h	2217	67	4B0C9857DC68C23036FAE18043F70C56FD4B5E432C63255C156941E5180D036B	src/deep2	UNKNOWN	UNKNOWN	PENDING
003947	src/deep2/strict_gpu_violations.cpp	.cpp	212	5	02C79BC18B4AFF00744E20CFB3E4A231308C193C41E5F84555D073633CAA04DC	src/deep2	UNKNOWN	UNKNOWN	PENDING
003948	src/deep2/TensorHop.cpp	.cpp	34	1	31A6E97EA4514C2D219A03B1A4B0F0A35107797CD825E90FE091C33F8B6C8630	src/deep2	UNKNOWN	UNKNOWN	PENDING
003949	src/deep2/TensorResidencyCache.hpp	.hpp	240	9	68D3C2DDF4D0BC83CBF57C814C49C6680AE7DB8C58B8D780390D1C6077360216	src/deep2	UNKNOWN	UNKNOWN	PENDING
003950	src/deep2/test_api_server.cpp	.cpp	1590	28	420124F82E8488C7BC275CE23F7929D6AB0B431566A3B0ECB609D64C58D20227	src/deep2	UNKNOWN	UNKNOWN	PENDING
003951	src/deep2/test_attn_out_bisect.cpp	.cpp	25	1	493B0BF92174B1FF34C14D049B2266D7F31DDC5580B77D3AD1697C2486F0D0F5	src/deep2	UNKNOWN	UNKNOWN	PENDING
003952	src/deep2/test_chat_template.cpp	.cpp	43	1	AA0EA558510729E53683B7A694330AD7B32B1650236C310228999883382BF959	src/deep2	UNKNOWN	UNKNOWN	PENDING
003953	src/deep2/test_chat_template_unit.cpp	.cpp	48	1	1D74FD4B2ED676E0D559855004B5CD2E7292CEDFDE59D6411A6AC277D120C75A	src/deep2	UNKNOWN	UNKNOWN	PENDING
003954	src/deep2/test_deterministic_replay.cpp	.cpp	50	1	D23741605CE1147EC1ADA0ACB2D98A0BAFF3240A7DFC08A7193E6751D70EE618	src/deep2	UNKNOWN	UNKNOWN	PENDING
003955	src/deep2/test_embed_q4k_token.cpp	.cpp	45	1	E12E43496CEEB2E87D4C624AC81B7113462E9C401BEE25EBB6A6B3C00600677E	src/deep2	UNKNOWN	UNKNOWN	PENDING
003956	src/deep2/test_generate_313_tokens.cpp	.cpp	3006	93	035BB5926BDDECF3274E0506266852CD14C5FB91FB40679D4423775A0BB1B18E	src/deep2	UNKNOWN	UNKNOWN	PENDING
003957	src/deep2/test_generate_one_token.cpp	.cpp	2672	85	E1CE27AAF2CD121DFA9ADDE001353AE303D30AE5D313C4EAA2DC30C6F6F41559	src/deep2	UNKNOWN	UNKNOWN	PENDING
003958	src/deep2/test_gguf_alignment_diagnostic.cpp	.cpp	25	1	493B0BF92174B1FF34C14D049B2266D7F31DDC5580B77D3AD1697C2486F0D0F5	src/deep2	UNKNOWN	UNKNOWN	PENDING
003959	src/deep2/test_l10_ffn_inp_same_source.cpp	.cpp	53	1	095EF85322D34DDE43ABC29B4FCBAEE165AA18DAF541C3E6730F2722779AB3B9	src/deep2	UNKNOWN	UNKNOWN	PENDING
003960	src/deep2/test_o_proj_gemv.cpp	.cpp	25	1	493B0BF92174B1FF34C14D049B2266D7F31DDC5580B77D3AD1697C2486F0D0F5	src/deep2	UNKNOWN	UNKNOWN	PENDING
003961	src/deep2/test_o_proj_mulmat_002.cpp	.cpp	25	1	493B0BF92174B1FF34C14D049B2266D7F31DDC5580B77D3AD1697C2486F0D0F5	src/deep2	UNKNOWN	UNKNOWN	PENDING
003962	src/deep2/test_q2k_single_tensor_oracle.cpp	.cpp	9582	212	021308BA4838E93A5DC84ECF6372E8308863BE8157D19A50C42D69A0F4D84A2C	src/deep2	UNKNOWN	UNKNOWN	PENDING
003963	src/deep2/test_q4k_gemv_parity.cpp	.cpp	45	1	B3C5EE3D9E17484ECA12DA28C6BE3DB98DEDE39A71F798419E9DC33DE1379FC4	src/deep2	UNKNOWN	UNKNOWN	PENDING
003964	src/deep2/test_q4_0_gemv_certification.cpp	.cpp	53	1	4DA1A869276DCD90950898A67A35DBF62C6848532D0450C7F6674BA7A81955F1	src/deep2	UNKNOWN	UNKNOWN	PENDING
003965	src/deep2/test_q_elemdiff.cpp	.cpp	40	1	E36D3C2738B62DB4E6CB28A35270D8B7C158575D32FD57CB1A89A3ED2A935505	src/deep2	UNKNOWN	UNKNOWN	PENDING
003966	src/deep2/test_real_gguf_load.cpp	.cpp	1594	28	B40324948C461BFBEC00E04F6F166BCE34BEADEA3870764D6FF77031C04FB4DB	src/deep2	UNKNOWN	UNKNOWN	PENDING
003967	src/deep2/test_real_gguf_validate.cpp	.cpp	1598	28	CDABE99A3AE4FDEDFFE5CFC79746CE31C06CAFE84BFEEEECB52C073E6D3249BD	src/deep2	UNKNOWN	UNKNOWN	PENDING
003968	src/deep2/test_streaming.cpp	.cpp	39	1	9CFB57CEAED60F24BC08AD5AA34607637D13D96073B3F63F506F5638F6A4961E	src/deep2	UNKNOWN	UNKNOWN	PENDING
003969	src/deep2/test_tokenizer.cpp	.cpp	3377	90	82A51DD706BB027364185EB58DB8867C6B0CFC3B8EDA17146B40870D5AFB8A10	src/deep2	UNKNOWN	UNKNOWN	PENDING
003970	src/deep2/test_tool_limit_hotpatch.cpp	.cpp	1599	28	C716A64BAA560E8990AE80EC596BE6F56014D48D32B1114E23D7C94E8C15FE90	src/deep2	UNKNOWN	UNKNOWN	PENDING
003971	src/deep2/test_val_051_3_multi_token.cpp	.cpp	51	1	0228C36D6C6F18D806CE2B89544F4E4F0F411C218B8FD1CCF0D0CE444391726A	src/deep2	UNKNOWN	UNKNOWN	PENDING
003972	src/deep2/test_v_proj_parity.cpp	.cpp	25	1	493B0BF92174B1FF34C14D049B2266D7F31DDC5580B77D3AD1697C2486F0D0F5	src/deep2	UNKNOWN	UNKNOWN	PENDING
003973	src/deep2/TheDualityExample.cpp	.cpp	1592	28	374E8BB7C303DF71EA75E4F9915CEA7E6CE2EEE3F398200D407D1687018D592B	src/deep2	UNKNOWN	UNKNOWN	PENDING
003974	src/deep2/ThreadPool.cpp	.cpp	35	1	5BE016CE9E502AD859B121562009D6F4BD666E8871C3710189B00F8996D58341	src/deep2	UNKNOWN	UNKNOWN	PENDING
003975	src/deep2/ThreadPool.h	.h	6154	198	79598C0D92ACDF45884CD923420A4F9BEA44271B1AF382FBD0C68F97C90C01D8	src/deep2	UNKNOWN	UNKNOWN	PENDING
003976	src/deep2/TimeReverseDigest.cpp	.cpp	12604	286	7D9BC61B2230543B8BD0CD4D5F4E43FE15F79CCDD366A0950A9861483449E0EA	src/deep2	UNKNOWN	UNKNOWN	PENDING
003977	src/deep2/TimeReverseDigest.hpp	.hpp	7735	182	B57F19FEEA14FAE13EE57E27B2742DD131157E1AF9AB86300ACB3B9A21E576EB	src/deep2	UNKNOWN	UNKNOWN	PENDING
003978	src/deep2/Tokenizer.cpp	.cpp	28789	822	5050E49250C535EEAE10E0FCF6C870AF89027FEAC5CE3B77D64200B8DA14242D	src/deep2	UNKNOWN	UNKNOWN	PENDING
003979	src/deep2/Tokenizer.hpp	.hpp	5026	139	B10091D96612DC6D08C4E6518D88CC1E54AD7BCF04997171C0820DDD50895BFE	src/deep2	UNKNOWN	UNKNOWN	PENDING
003980	src/deep2/TokenReplayCacheAuthority.cpp	.cpp	1891	41	3320DE241B2FD83658470EB4F77C64AF45CAB4BDA790DD8B45CD9EF0115E362E	src/deep2	UNKNOWN	UNKNOWN	PENDING
003981	src/deep2/TokenReplayCacheAuthority.h	.h	447	11	F3EA16BF0CA362523B732107C03C73778F56FB00232E0F1E6016B4137A54BF82	src/deep2	UNKNOWN	UNKNOWN	PENDING
003982	src/deep2/ToroidalKVCache.cpp	.cpp	3487	101	4F8909163B51E057D39B81E44836F18F994831D09A710DE84871C4D69D3086A2	src/deep2	UNKNOWN	UNKNOWN	PENDING
003983	src/deep2/ToroidalKVCache.hpp	.hpp	2384	75	1D7F67E26396F185016359E2FA07BD5BB380A0861AEE60B0CFAA2AE73A7DFD81	src/deep2	UNKNOWN	UNKNOWN	PENDING
003984	src/deep2/TpsScaleHotpatch.cpp	.cpp	41	1	07BA08511E631F64DAF6A1D01780EA865475F8B6BA28C23740B88F70C0FB1F97	src/deep2	UNKNOWN	UNKNOWN	PENDING
003985	src/deep2/TraceProfilePolicy.cpp	.cpp	6307	155	3D8C93FA73597E019B973CCF7A5C1FADEBFEDC1A2C7D8F420118D4234F68EEAA	src/deep2	UNKNOWN	UNKNOWN	PENDING
003986	src/deep2/TraceProfilePolicy.h	.h	2740	74	5715E0F3103E82088CF5D68A81663A864535E0D4F47574DE92036272EE9A2B53	src/deep2	UNKNOWN	UNKNOWN	PENDING
003987	src/deep2/TrailBrake.cpp	.cpp	35	1	CB8400A02F6D94BB03F165878DCC1CC2A1BEE5D49E73DD358B9FB3FEA1718A7C	src/deep2	UNKNOWN	UNKNOWN	PENDING
003988	src/deep2/UniversalModelLoader.cpp	.cpp	45	1	4D037B81962A5B1A4534ACD59E3544274355B70CD2B0AB10203DEF0F13BCF872	src/deep2	UNKNOWN	UNKNOWN	PENDING
003989	src/deep2/VAL038_Benchmark_Harness.cpp	.cpp	1599	28	15680786C86FA9BEDCDB724E67F8EBF935F87B66494575D6F60F185014921CE8	src/deep2	UNKNOWN	UNKNOWN	PENDING
003990	src/deep2/VAL0517BaselineFixture.cpp	.cpp	47	1	E82347604F082A56A84C409333F0C0B11EBAAAFED3DD6D47CE5D8342D79967A3	src/deep2	UNKNOWN	UNKNOWN	PENDING
003991	src/deep2/VAL063_Deep2Certification.cpp	.cpp	1600	28	8F70B19BA16E45D31A3F3230CE21D4D9C6F9C06C1453FAEED4B5C98652AF8EDB	src/deep2	UNKNOWN	UNKNOWN	PENDING
003992	src/deep2/VirtualTensorDesc.hpp	.hpp	218	10	46992A336DEE04A59E53F57225BF3A5E17F1271C0113EA0FDDBF96FB4179A7B1	src/deep2	UNKNOWN	UNKNOWN	PENDING
003993	src/deep2/VramStreamingController.cpp	.cpp	15682	441	960012E2555FF78C6A5E1EF4A098C9C186A356E6C9871068B418AEDD7738BD48	src/deep2	UNKNOWN	UNKNOWN	PENDING
003994	src/deep2/VramStreamingController.hpp	.hpp	8038	219	D49405CA8AEDC5C4A02D24B90408929018FB38199BBB9CA262A05147CFEF82E3	src/deep2	UNKNOWN	UNKNOWN	PENDING
003995	src/deep2/vulkan_compute.cpp	.cpp	284622	7254	06A2B881D8FE5F1A98309538F82A66D03C2FBFEA1F03830F5817E13B56F25BE6	src/deep2	UNKNOWN	UNKNOWN	PENDING
003996	src/deep2/vulkan_compute.h	.h	75574	1681	4CF8313DD2157B30FF39064E3F2667739BFF7EEBE419280F8C59E8DA7240EA8C	src/deep2	UNKNOWN	UNKNOWN	PENDING
003997	src/deep2/vulkan_compute_batch10.h	.h	31278	389	03EF76E5D423DE5352E693F049387ADFCE669A977081736483EC6F9C0F08F7B7	src/deep2	UNKNOWN	UNKNOWN	PENDING
003998	src/deep2/vulkan_compute_batch10_utf8.h	.h	16033	778	161C3BF864597A5DBAB0162533BE517D4373DBF8BC7289F77E2A3E279BFF6280	src/deep2	UNKNOWN	UNKNOWN	PENDING
003999	src/deep2/vulkan_compute_from_batch10.h	.h	17200	1556	01554A13682438F65F1376582F9EE25C82C3A81EC32E7C77D632F1775C7F40A2	src/deep2	UNKNOWN	UNKNOWN	PENDING
004000	src/deep2/vulkan_compute_patched.h	.h	16559	802	8DE74509B12B0E90EB2649D6368888AFFD155B9FD153C9F1C67736BEEB2DC67C	src/deep2	UNKNOWN	UNKNOWN	PENDING
004001	src/deep2/VwaRangeX64.asm	.asm	28	2	B10E8506987E81682166A4AA9A880EE3F7D79E9BC0BA7D7449B5C0EB5B37CC46	src/deep2	UNKNOWN	UNKNOWN	PENDING
004002	src/deep2/vwa_address_contract_001.cpp	.cpp	49	1	B5F50547223F0D708B49668D03247923765F5887AC9AC200E3DD2D10A329B7BF	src/deep2	UNKNOWN	UNKNOWN	PENDING
004003	src/deep2/vwa_poc_1_001.cpp	.cpp	38	1	1DE864077E3F70FF2754A6F491A9D1CBB804EF4F475B72A2805468F2D407EBC9	src/deep2	UNKNOWN	UNKNOWN	PENDING
004004	src/deep2/vwa_range_contract_001.cpp	.cpp	47	1	E58933F5E6DD2EF2C466111CC7FA562C29E97C0B9D6FD72FA65B89FF0EB7D9AB	src/deep2	UNKNOWN	UNKNOWN	PENDING
004005	src/deep2/WarmupScheduler.cpp	.cpp	40	1	D95CA046BE9659938AB08B9AC0C129160A062DC5A174CFA19A6CC4869667F311	src/deep2	UNKNOWN	UNKNOWN	PENDING
004006	src/deep2/WarmupScheduler.hpp	.hpp	212	10	A557698AA3E91A07F0921B110657ACEBC452A6B0500E24686417A155FBE032C9	src/deep2	UNKNOWN	UNKNOWN	PENDING
004007	src/deep2/weight_projection.cpp	.cpp	4290	122	8BA62F1BA139AED259DF88A699FDF4DC43755704375CFC12B58E8B26CE7CA5BC	src/deep2	UNKNOWN	UNKNOWN	PENDING
004008	src/deep2/weight_projection.h	.h	1949	48	C065F9F011106A6EB5DB9BD0846CB7C139B64FC571C2B59CFC2746C76955F80B	src/deep2	UNKNOWN	UNKNOWN	PENDING
004009	src/deep2/ZlibRuntimeLoader.cpp	.cpp	42	1	1B8F2C9CADF194514757FA477744037F776B03F9D7AD186784474DD9ACE5982B	src/deep2	UNKNOWN	UNKNOWN	PENDING
004010	src/deep2/_probe_chat_quality.cpp	.cpp	25	1	493B0BF92174B1FF34C14D049B2266D7F31DDC5580B77D3AD1697C2486F0D0F5	src/deep2	UNKNOWN	UNKNOWN	PENDING
004011	src/deep2/_rawrxd_run_modelname_001_main.cpp	.cpp	1377	37	12054B3D12BBB6C015F1FB5A7758904C56595F6C2108979954A8D4C5FE0834DC	src/deep2	UNKNOWN	UNKNOWN	PENDING
004012	src/deep2/_rng_audit.cpp	.cpp	921	31	17B3C756F4C0BA8102DF9421D0AA5F5D496DAE5FEEF297EE7495324688B1CFE9	src/deep2	UNKNOWN	UNKNOWN	PENDING
004013	src/deep2/execution_policy/ExecutionPolicy.cpp	.cpp	57	1	A49FC69A439A9B1C4FC39E5C57A04EDB13F7F7129ABA8A91BC1A5742AA5E9E5B	src/deep2	UNKNOWN	UNKNOWN	PENDING
004014	src/deep2/execution_policy/ExecutionPolicyApply.cpp	.cpp	62	1	81390E13E95B016513EFEBA2A4DB670F67298F5C4AA811C85A6E4FDE6599A4F6	src/deep2	UNKNOWN	UNKNOWN	PENDING
004015	src/deep2/execution_policy/ExecutionPolicyStore.cpp	.cpp	62	1	B7DA024A865D64F2C3477406B3990BE2C65451689128E212551B3CE822AEA0D2	src/deep2	UNKNOWN	UNKNOWN	PENDING
004016	src/deep2/execution_policy/PlacementPlan.cpp	.cpp	55	1	8D25E2011E06285B51B2C38256E7EBDF73D80F48160C46B3E5C060CAB42960AE	src/deep2	UNKNOWN	UNKNOWN	PENDING
004017	src/deep2/expert_cache/Deep2Batch005Integration.h	.h	783	25	1B17D6527767556735C10D0803ECA7848CFE236F152D278BC54D5B5D945EA128	src/deep2	UNKNOWN	UNKNOWN	PENDING
004018	src/deep2/expert_cache/Deep2ExpertCacheBridge.cpp	.cpp	4359	122	FC171CDCE58945A093E36515F869E4ACD50A1E9070EAA8F0DF1B48A0E565718E	src/deep2	UNKNOWN	UNKNOWN	PENDING
004019	src/deep2/expert_cache/Deep2ExpertCacheBridge.h	.h	2474	74	FCD32ECE887122A56E7E2D20B7D8B83EDAA1E4AEB83317E796C181E678FDECF7	src/deep2	UNKNOWN	UNKNOWN	PENDING
004020	src/deep2/expert_cache/Deep2MultiGpuExpertCache.cpp	.cpp	9530	270	2BB53354D59AB4BBA17AE542D0608B6A005C3CA9BBAE7C9404E47DB2784738FC	src/deep2	UNKNOWN	UNKNOWN	PENDING
004021	src/deep2/expert_cache/Deep2MultiGpuExpertCache.h	.h	4560	135	DBAFD8747EE63B2412C2A15C9294705052DD5E6C0560EE3113BCEE14D20E3D0C	src/deep2	UNKNOWN	UNKNOWN	PENDING
004022	src/deep2/expert_cache/Deep2StackGuard.cpp	.cpp	1525	42	4C5B0C90F5EEE5AA1AD7CE42972B34C81C1D1B2172989337BC7BAD43DACE56C9	src/deep2	UNKNOWN	UNKNOWN	PENDING
004023	src/deep2/expert_cache/Deep2StackGuard.h	.h	1571	51	7B2787428506F6BDA3EEFBFB10901663C37AE4279095DD7A4D78D4431887D686	src/deep2	UNKNOWN	UNKNOWN	PENDING
004024	src/deep2/expert_cache/ExpertCache.cpp	.cpp	13298	352	5F5D21C41BFD776E8B94C379F5F7B3AAE688E1520CC863A94F0BE06382E54D9D	src/deep2	UNKNOWN	UNKNOWN	PENDING
004025	src/deep2/expert_cache/ExpertCache.h	.h	8808	233	74D2D3B93B6B29CBB0C6DFE22B8E3B14AED484D49A0D923528DDC5A95F9AB4A4	src/deep2	UNKNOWN	UNKNOWN	PENDING
004026	src/deep2/expert_cache/ExpertCacheBenchmark.cpp	.cpp	3210	66	A19305ADD70A0CA3EBE77271A5862A08DE8EB6E857F10FEB4AF52AA7BC4BB9D8	src/deep2	UNKNOWN	UNKNOWN	PENDING
004027	src/deep2/expert_cache/ExpertCacheBenchmark.h	.h	1302	37	56950BB8317747773E23F6A81AAEC91A6BCD19C6EAD27CA1344CC4BF6B336FC9	src/deep2	UNKNOWN	UNKNOWN	PENDING
004028	src/deep2/expert_cache/ExpertCacheEnv.h	.h	1234	35	1DE2C8E8F551ED87F07A2365845436BCD1C38FAF5B0246EFB819B918BAB9011E	src/deep2	UNKNOWN	UNKNOWN	PENDING
004029	src/deep2/expert_cache/ExpertScheduler.cpp	.cpp	1410	27	296F19E7A2312952AEAFE6ADFCCD26A9EB381018ADFC407C5320FF79C566850F	src/deep2	UNKNOWN	UNKNOWN	PENDING
004030	src/deep2/expert_cache/ExpertScheduler.h	.h	1092	47	3A4081152E09CE33A36C6A3650B2FDECD4FFA11C02826F173AD04E074B469C2B	src/deep2	UNKNOWN	UNKNOWN	PENDING
004031	src/deep2/expert_cache/ExpertTensorCatalog.cpp	.cpp	3667	115	ECECDC11AD3D5A59D0880AF09A7D6E52C535CE79BAD8EF20BFDFE15FD942C66C	src/deep2	UNKNOWN	UNKNOWN	PENDING
004032	src/deep2/expert_cache/ExpertTensorCatalog.h	.h	1482	54	2488B8C15A50702430A537F761DB654F8120E7D33DC98FCE9FA4D15E6AE640A4	src/deep2	UNKNOWN	UNKNOWN	PENDING
004033	src/deep2/expert_cache/HostStagingRing.cpp	.cpp	2260	73	817F9357587F5B42F44BC90C4FBC46362752A16B5F45B2A3A78DD3B16F644625	src/deep2	UNKNOWN	UNKNOWN	PENDING
004034	src/deep2/expert_cache/HostStagingRing.h	.h	1305	45	ED6DA166EDF68683F8FC9240683C7B1DE327F6FEF2CC161074DE74848E8DD513	src/deep2	UNKNOWN	UNKNOWN	PENDING
004035	src/deep2/expert_cache/PackedExpertSlicer.cpp	.cpp	7176	153	397A5A4D63D33924AACE5A2B5CB85C49DEA5B2C977EEB6EE9CB136F1F57EAB8F	src/deep2	UNKNOWN	UNKNOWN	PENDING
004036	src/deep2/expert_cache/PackedExpertSlicer.h	.h	1688	60	D3D9831C932AAE3A02292EFD485C7CCE14DFB2C54244E0295C9980EFB8600C2A	src/deep2	UNKNOWN	UNKNOWN	PENDING
004037	src/deep2/expert_cache/VulkanExpertTransport.cpp	.cpp	16817	173	990AFECD40719A55F0EF531A07993D04325B7C7FDF36B6A5E501D5980BA19143	src/deep2	UNKNOWN	UNKNOWN	PENDING
004038	src/deep2/expert_cache/VulkanExpertTransport.h	.h	2051	61	E8D431B1132C53825A1D0BD7408CFCE064242FA097DE7252B23504F804422EB7	src/deep2	UNKNOWN	UNKNOWN	PENDING
004039	src/deep2/kernels/flash_attn_asm_fallback.cpp	.cpp	1104	35	E35AF9394CC41E6EE2B8E26E8464259DF535DF8A26BA51E31EA2F961CB07B6F3	src/deep2	UNKNOWN	UNKNOWN	PENDING
004040	src/deep2/kernels/masm_kernels.cpp	.cpp	4385	141	FD80136293FFD57DC65FFE3CD95D9E139EF459FB295632962820B36C8DC58E48	src/deep2	UNKNOWN	UNKNOWN	PENDING
004041	src/deep2/lavapath/BatchD_UnifiedAsyncMove.hpp	.hpp	244	7	E6D29AD19BCDE93F869E39DE87C879708EB369E55D68B351F9B02F2EA155F92A	src/deep2	UNKNOWN	UNKNOWN	PENDING
004042	src/deep2/lavapath/DualStickEnvSnap.cpp	.cpp	637	29	5140D026F7FAE1768CCDF72F5495BC39DD4CA3075C55E6956BA681774F2E85CF	src/deep2	UNKNOWN	UNKNOWN	PENDING
004043	src/deep2/lavapath/DualStickStreamWindow.cpp	.cpp	1492	49	2F295EA8B62EB0BC90CEE1FDA7723B7101350B7FFFB70968DAEEC809349FDF27	src/deep2	UNKNOWN	UNKNOWN	PENDING
004044	src/deep2/lavapath/DualStickStreamWindow.hpp	.hpp	3144	83	8B749E76C9D1D5DAAD96BD485A026B428C01FBBC01B8E38EECC5A3D707CD0723	src/deep2	UNKNOWN	UNKNOWN	PENDING
004045	src/deep2/lavapath/DualStickStreamWindow_Acquire.cpp	.cpp	4781	174	7DEBC47C314C01FA550DCD2F7288F58E9FEE88C3D363EF87B2ECBADB259AAA68	src/deep2	UNKNOWN	UNKNOWN	PENDING
004046	src/deep2/lavapath/DualStickStreamWindow_Emit.cpp	.cpp	2016	39	EB8A42EDC609C8B5D92F20FEFB70CFD7AE49BC4AB65178514F24B1850BD9602D	src/deep2	UNKNOWN	UNKNOWN	PENDING
004047	src/deep2/lavapath/FreeTokenMicroZone.cpp	.cpp	52	1	316D93CA919071FF191FBF208E4C7054C741823305A3EFFACAEF833E2CF1E595	src/deep2	UNKNOWN	UNKNOWN	PENDING
004048	src/deep2/lavapath/FreeTokenMicroZone_Query.cpp	.cpp	58	1	25D0189E903A11EC2A9EEB9366DCA79DF15DDE73E9663CB7B9595A3CCA07EAAF	src/deep2	UNKNOWN	UNKNOWN	PENDING
004049	src/deep2/lavapath/FutureConsumer_Advance.cpp	.cpp	56	1	6A208AD2BDE9B01C2C08C3A6D7C43860521063764815CD82C21F1917B5F8D38E	src/deep2	UNKNOWN	UNKNOWN	PENDING
004050	src/deep2/lavapath/FutureConsumer_Chair.cpp	.cpp	54	1	B2DF43D5A4A717FA4ED9137E324328743EFC08E5BEE7F38AD1A6224F9E51B70A	src/deep2	UNKNOWN	UNKNOWN	PENDING
004051	src/deep2/lavapath/FutureConsumer_Emit.cpp	.cpp	53	1	4904F8C96373637D4470817C307FA31B117D28E80B8F6EF2D376EC18F7401C18	src/deep2	UNKNOWN	UNKNOWN	PENDING
004052	src/deep2/lavapath/FutureConsumer_EmitExec.cpp	.cpp	57	1	73597BE56E62C86103E5F04161A63D181840E28FC6526B79AA1A9FC6A22CA90B	src/deep2	UNKNOWN	UNKNOWN	PENDING
004053	src/deep2/lavapath/FutureConsumer_Notes.cpp	.cpp	54	1	42B2538097231C5740D6FF70A0F5BC9C239B524D006CD953F05A474631D7A32C	src/deep2	UNKNOWN	UNKNOWN	PENDING
004054	src/deep2/lavapath/FutureConsumer_Register.cpp	.cpp	57	1	A9936CF3EEDB545B4F8F8D2B353D9A64D514823F5A75000D6E4DE76A8A37FCED	src/deep2	UNKNOWN	UNKNOWN	PENDING
004055	src/deep2/lavapath/FutureConsumer_Space.cpp	.cpp	54	1	DDD40F4C62E6216E3ADFD7A8545B2AA6F83A599AE10A9EA045DE9C2C74C56430	src/deep2	UNKNOWN	UNKNOWN	PENDING
004056	src/deep2/lavapath/GgufDynamicGeometry.hpp	.hpp	123	5	005562F46F912C0494615DEA9EC714270081A712DB6CF5EC14C662EC20D3BDE5	src/deep2	UNKNOWN	UNKNOWN	PENDING
004057	src/deep2/lavapath/GgufDynamicGeometry_arrays.cpp	.cpp	60	1	E15374B420BD216874787844A0C43518337E1D2192C2204C90B56A2C2C322231	src/deep2	UNKNOWN	UNKNOWN	PENDING
004058	src/deep2/lavapath/GgufDynamicGeometry_finalize.cpp	.cpp	62	1	2B95DF67E1230B846F66B1410C489B90DEF086828E10E484BE75701B2B814879	src/deep2	UNKNOWN	UNKNOWN	PENDING
004059	src/deep2/lavapath/GgufDynamicGeometry_io.cpp	.cpp	56	1	DBFDBB0E53AE1D457A67F70A1D17DA4B2902655A43A94AEF9B26E16BCC8338D7	src/deep2	UNKNOWN	UNKNOWN	PENDING
004060	src/deep2/lavapath/GgufDynamicGeometry_keys.cpp	.cpp	58	1	914A6F354D56182DDDDBD1709B3F32CB27F7E39EBF8618C38814A5DA9ACF1F1C	src/deep2	UNKNOWN	UNKNOWN	PENDING
004061	src/deep2/lavapath/GgufDynamicGeometry_resolve.cpp	.cpp	61	1	8CCFBB00B0C15A6EF529506161D81F8A182BB26019AE108A8514037E75E994A3	src/deep2	UNKNOWN	UNKNOWN	PENDING
004062	src/deep2/lavapath/GpuForwardChildLadder.hpp	.hpp	1526	49	5B3A1152D9B0B4CDC102EBFA72E6FE49CC7F17E7CE4EC5B7390A8BBDEE9D9446	src/deep2	UNKNOWN	UNKNOWN	PENDING
004063	src/deep2/lavapath/HostFutureConsumerPrefetch.cpp	.cpp	60	1	569E4AFCD0183320E220F3D240E8A18593B3289EE15B5338448DEFAC1B1E645D	src/deep2	UNKNOWN	UNKNOWN	PENDING
004064	src/deep2/lavapath/HostFutureConsumerPrefetch_KnO3.cpp	.cpp	65	1	834844A2682CBCA2C72735AEEB75D39C6BF8B7F2AD1CD858D05AF19006F5BC2D	src/deep2	UNKNOWN	UNKNOWN	PENDING
004065	src/deep2/lavapath/HostFutureConsumerPrefetch_Move.cpp	.cpp	65	1	CE2AD752BACB6A81270223A35E09ED68F7DFA5AF4438C4EA945569702410ABBA	src/deep2	UNKNOWN	UNKNOWN	PENDING
004066	src/deep2/lavapath/HostFutureConsumerPrefetch_Nvme.cpp	.cpp	65	1	1C020C2F6B822CB0F252D67037F4C2FB6E9620F89B21362CB334F9ADF189B32F	src/deep2	UNKNOWN	UNKNOWN	PENDING
004067	src/deep2/lavapath/HostFutureConsumerPrefetch_Seal.cpp	.cpp	65	1	210547B7BBA8088DB4D7E718DCD04FB83AE7A07AF4C797BE1CAB240B4F83ED97	src/deep2	UNKNOWN	UNKNOWN	PENDING
004068	src/deep2/lavapath/HostFutureConsumerPrefetch_Worker.cpp	.cpp	67	1	24A1240AF7D8B67C10736C3EDEE3C17D1A1650943BC978E02E993BFAE1BB96F2	src/deep2	UNKNOWN	UNKNOWN	PENDING
004069	src/deep2/lavapath/k3c_token.cpp	.cpp	43	1	6610974F7DE58C3EF6D9791B534CC540C6FD7545F916E3EA976FA359C68CB14D	src/deep2	UNKNOWN	UNKNOWN	PENDING
004070	src/deep2/lavapath/KN_O3KKEN.asm	.asm	192	9	910A940EF83B8D95D48D4EFA8AB7FAC19C3B24870B53C1BEC64741B8C5B37620	src/deep2	UNKNOWN	UNKNOWN	PENDING
004071	src/deep2/lavapath/LocalModelAuthority_Bundle.hpp	.hpp	203	8	76F876E02D358E84F5934B214B6FD4E225185E5527DE15F0A7C718E56B78C874	src/deep2	UNKNOWN	UNKNOWN	PENDING
004072	src/deep2/lavapath/ParseMibBudget.hpp	.hpp	512	18	268708905710F38A79E66A0E53CE7928E8FE428D2AC7AD57A92BD38A02F7F7A3	src/deep2	UNKNOWN	UNKNOWN	PENDING
004073	src/deep2/lavapath/r25_productopen_masm.asm	.asm	236	9	B51AFB623B1FADE35E6FA70FEB3B5ADF4D47F621598AC8EA982CD183E609E30A	src/deep2	UNKNOWN	UNKNOWN	PENDING
004074	src/deep2/mars/DualGPUBackend.cpp	.cpp	44	1	CC3FC3A4A5BDA5DED2171797D227EC8D44218CBFC80E17C3430925D35360911A	src/deep2	UNKNOWN	UNKNOWN	PENDING
004075	src/deep2/mars/MARSController.cpp	.cpp	9437	273	7939B99199126D36F5C782E199B5262BA8CACB4A9B23FEE8E0A62441045E286F	src/deep2	UNKNOWN	UNKNOWN	PENDING
004076	src/deep2/mars/MARSController.hpp	.hpp	3632	126	5D1F5CEAFB4552BEEA30087337654C8E8E97571B0C7552B9FFDB19A968BF0AEF	src/deep2	UNKNOWN	UNKNOWN	PENDING
004077	src/deep2/mars/TensorHotpatch.cpp	.cpp	44	1	ABDC263AE8A3AE2A6AC8E116594C3931FC849779C351A5D323108129C03D6683	src/deep2	UNKNOWN	UNKNOWN	PENDING
004078	src/deep2/mars/test_mars_controller.cpp	.cpp	50	1	6261D607EF40D84D66D9EF841B64E51860F432DDF35D3F57F96C6C8ED2E9CE93	src/deep2	UNKNOWN	UNKNOWN	PENDING
004079	src/deep2/mars/VRAMManager.cpp	.cpp	41	1	1A49DC7390604141D961AC835F8F398628E0E9B6518C64D1194AE505475B4334	src/deep2	UNKNOWN	UNKNOWN	PENDING
004080	src/deep2/ModelRegistry/GGUFModelRegistry.cpp	.cpp	56	1	99AEFC318BBBE37D0FA5F4F5755AF57BDB3E00C8B2473544D56D3D672801E8BE	src/deep2	UNKNOWN	UNKNOWN	PENDING
004081	src/deep2/shaders/deep2_argmax.comp	.comp	1090	35	2D0784A3B2B9A0B78A31EA4E070A95E88870681560982F9208BF3591FC3059C9	src/deep2	UNKNOWN	UNKNOWN	PENDING
004082	src/deep2/shaders/deep2_b21_q4_swizzled_gemv.comp	.comp	1245	35	D05500D400F83B74A6D93127C8C6AE126FEE6AC80612DEB4C1085452BFA00964	src/deep2	UNKNOWN	UNKNOWN	PENDING
004083	src/deep2/shaders/deep2_b22_lds_reuse_gemv.comp	.comp	1068	31	262541D1E4FAC6D5356C0CA5AD0D1EAC1218099A3070A5887F4A3FCCBAB666F8	src/deep2	UNKNOWN	UNKNOWN	PENDING
004084	src/deep2/shaders/deep2_b23_persistent_queue.comp	.comp	919	23	068BC3C860FB494666002D81BC5B590D2717A1CC0EFD7A1F0F262948E8A1C808	src/deep2	UNKNOWN	UNKNOWN	PENDING
004085	src/deep2/shaders/deep2_b24_verify_logits.comp	.comp	1198	35	5821A5A54B1849B446D55C560F622D267EC338061CEA7098ED0B1614532E7169	src/deep2	UNKNOWN	UNKNOWN	PENDING
004086	src/deep2/shaders/deep2_b26_rms_qkv_rope_superkernel.comp	.comp	2261	65	4A6D254CD0EFADA7430EBBF8B5F68147CAF661BD4DE9E8C6BBDA1C8DB92B0117	src/deep2	UNKNOWN	UNKNOWN	PENDING
004087	src/deep2/shaders/deep2_b27_moe_expert_superkernel.comp	.comp	1348	39	3C08415B9BB97B0B11294AD76118EBA1F714A30D73607EEBF5DD5F4026C47556	src/deep2	UNKNOWN	UNKNOWN	PENDING
004088	src/deep2/shaders/deep2_b28_finalnorm_lmhead_argmax.comp	.comp	1400	41	1BF9D7F4B25BE8E8165FFEFD48764588B7920D257687F234153B4C6E2DB57D72	src/deep2	UNKNOWN	UNKNOWN	PENDING
004089	src/deep2/shaders/deep2_b29_activation_chain.comp	.comp	550	12	26A562A259D9442685582841895F7EC22C01D2C582CC28B3A1A5DFB82398CD11	src/deep2	UNKNOWN	UNKNOWN	PENDING
004090	src/deep2/shaders/deep2_b31_q4k_superkernel.comp	.comp	1351	47	2FCA0D3F7D333F761BD75EC6389C725DE134869F69ECD0D8C051A3DF3B797B6A	src/deep2	UNKNOWN	UNKNOWN	PENDING
004091	src/deep2/shaders/deep2_b32_flash_mla.comp	.comp	1521	54	67A4BF6271643DF4FA70786D872121FC127B75293D15E84AF857ABD9B6C5403E	src/deep2	UNKNOWN	UNKNOWN	PENDING
004092	src/deep2/shaders/deep2_b34_kvwrite_attention.comp	.comp	1536	48	9B2655FDDDDBAD6948ABA56B426F6780FE588F63A5D5C4FBC87B42418F9AB710	src/deep2	UNKNOWN	UNKNOWN	PENDING
004093	src/deep2/shaders/deep2_b35_device_token_ring.comp	.comp	909	38	21E3B95AB323A8C3947729CA84E3242335EFF3741C7A9EF0060FE66024B4E319	src/deep2	UNKNOWN	UNKNOWN	PENDING
004094	src/deep2/shaders/deep2_b41_packed_dot.comp	.comp	1635	53	B926F17D2BAC35802EB4E71535E41C7F1E5661DE0F9291C8293599CA58D8292E	src/deep2	UNKNOWN	UNKNOWN	PENDING
004095	src/deep2/shaders/deep2_b42_multistage_lds.comp	.comp	1592	53	E2480B1D065C4897F028A9E4EDE10D14BA3DF4AD509CA5F29505C8A18269DC76	src/deep2	UNKNOWN	UNKNOWN	PENDING
004096	src/deep2/shaders/deep2_b43_moe_wave.comp	.comp	1123	39	7E6E7271A50867159BE8038D175A288D2CCF9AAC348BCB545F0343838866796F	src/deep2	UNKNOWN	UNKNOWN	PENDING
004097	src/deep2/shaders/deep2_b46_q4k_native.comp	.comp	1729	55	BF520570BFA06AE423483AC41C1ADF81ECC4DCC955A9C4CFB2208EBB828D8CAD	src/deep2	UNKNOWN	UNKNOWN	PENDING
004098	src/deep2/shaders/deep2_b47_register_expert.comp	.comp	1207	44	7D750220E453D5C7084C82CF3FE5A2C985997A1E7CCE302B9053499299B479E3	src/deep2	UNKNOWN	UNKNOWN	PENDING
004099	src/deep2/shaders/deep2_b52_coalesced_q4.comp	.comp	1770	59	CC762FCE793083CDB654D54F34D5E236A653D733C055AD3C91FF9A083FDF7BE2	src/deep2	UNKNOWN	UNKNOWN	PENDING
004100	src/deep2/shaders/deep2_b53_compute_unroll.comp	.comp	1273	36	E29937C4882EAD6C73CA0BD702C77C5356EBA4BA8E752222B858144565AED65E	src/deep2	UNKNOWN	UNKNOWN	PENDING
004101	src/deep2/shaders/deep2_b54_device_epoch.comp	.comp	751	27	F1362AE17616A51AC7618DE492BD6B588E67FAEEBDFAF8E6359150D4FC966487	src/deep2	UNKNOWN	UNKNOWN	PENDING
004102	src/deep2/shaders/deep2_b57_context_stream.comp	.comp	1298	44	441E7AB56F6ECC298AF608D4CC994E29FFA87CF640C17C95178FE23B00C73307	src/deep2	UNKNOWN	UNKNOWN	PENDING
004103	src/deep2/shaders/deep2_b58_route_hotset.comp	.comp	649	22	1306E512238286BE6807F093BA50C2C530F3D26B3FA8E52C42EF5D41323E4437	src/deep2	UNKNOWN	UNKNOWN	PENDING
004104	src/deep2/shaders/deep2_mla_fused_gather_dot.comp	.comp	1055	30	D72F1EE8D3F43AB5E263A94B988F70AC412FA9A97E4A9DDC0D43F373A5AB6689	src/deep2	UNKNOWN	UNKNOWN	PENDING
004105	src/deep2/shaders/deep2_moe_gate_up_fused.comp	.comp	1208	31	7A069CD0CC3A385CD2874B6624DA66E2F89A1F21FB1749609F3CF7DDF64D9ED7	src/deep2	UNKNOWN	UNKNOWN	PENDING
004106	src/deep2/shaders/deep2_ops.comp	.comp	8653	239	EC3AFA2097D4372AD06E43762513CAB0165FEFB08BECF425A36DE16569FF6072	src/deep2	UNKNOWN	UNKNOWN	PENDING
004107	src/deep2/shaders/deep2_q4_gemv_roofline.comp	.comp	1324	42	562C480E9B4EFD7B99CFF1FA97341831B5273E665A8867BF2B3259BA49A90502	src/deep2	UNKNOWN	UNKNOWN	PENDING
004108	src/deep2/shaders/deep2_qgemv.comp	.comp	18673	495	0E0730911AF8D9480108A18F305EBF94F641C891310C67F8EEF7162AE21C7805	src/deep2	UNKNOWN	UNKNOWN	PENDING
004109	src/deep2/shaders/deep2_qgemv_batch.comp	.comp	3271	108	DFD6A29D88900E8CC66614D3CD3888A095A73C77DA256D02389830A32DA4BA24	src/deep2	UNKNOWN	UNKNOWN	PENDING
004110	src/deep2/shaders/deep2_qgemv_batch4row.comp	.comp	3932	135	D46101CBBFDBC0939AD0DFC00B2B93A212530245175CDFF7EFAEE9827C025836	src/deep2	UNKNOWN	UNKNOWN	PENDING
004111	src/deep2/shaders/deep2_qgemv_batch8row.comp	.comp	3466	117	4FACA5BB652537E87943E80CA455130E1A8B9464EAB7A6F4CF0364B7755190A3	src/deep2	UNKNOWN	UNKNOWN	PENDING
004112	src/deep2/shaders/deep2_spec_accept.comp	.comp	1027	30	A9EA8092C97C93A6A5FC76EA97FC4A3FA794E260D4B6D879001B698178F1212D	src/deep2	UNKNOWN	UNKNOWN	PENDING
004113	src/deep2/shaders/deep2_spec_attn.comp	.comp	1742	59	5CB9D46FE811F406DFCDBF828F9A50192153697EC055E8FCA3524FD0BE04CAE7	src/deep2	UNKNOWN	UNKNOWN	PENDING
004114	src/deep2/shaders/deep2_spec_ops.comp	.comp	1891	64	4337FAD95FD04581B7BABD205C32B1154AA68DC8F3F930987954A854CD48AB07	src/deep2	UNKNOWN	UNKNOWN	PENDING
004115	src/deep2/special_graph/FleetSpecialGraph.cpp	.cpp	8486	177	0085CBC27ED58B6309191CAE6EF078CE3C9C6500A874A5525933C0F7E27AFED8	src/deep2	UNKNOWN	UNKNOWN	PENDING
004116	src/deep2/special_graph/FleetSpecialGraph.hpp	.hpp	1700	81	1B39579442FBA815030753C1CD8A1C377CD1A5F9E815B93C5475141D6D5901CF	src/deep2	UNKNOWN	UNKNOWN	PENDING
004117	src/deep2/special_graph/FleetSpecialGraphExecutor.cpp	.cpp	2062	59	878D9A282FADF83C13D4DC535C18AD942C68D8C351DF9B316640DE8A7485719B	src/deep2	UNKNOWN	UNKNOWN	PENDING
004118	src/deep2/special_graph/FleetSpecialGraphExecutor.hpp	.hpp	722	32	CB6D33B21ADFC9684354C7E1BEDEA2DA3D700953BABF8D54F2D34FF56ED03368	src/deep2	UNKNOWN	UNKNOWN	PENDING
004119	src/deep2/speculative/AcceptanceOracle.cpp	.cpp	1222	45	0A76BB619BAAC0327BA18740989D6EB2CDC2C201D61C6271E97784238D54DD7B	src/deep2	UNKNOWN	UNKNOWN	PENDING
004120	src/deep2/speculative/AcceptanceOracle.hpp	.hpp	837	30	96DA43EF1F81213049562EE4B253E2B0BE679FF0902EBE4623EABE999A1188FA	src/deep2	UNKNOWN	UNKNOWN	PENDING
004121	src/deep2/speculative/Deep2SpeculativeAdapter.hpp	.hpp	1655	55	AFB58400C07BEEA2C90551D360E12D7F86FB34FA716E507F2906C2C1EBF3DAF7	src/deep2	UNKNOWN	UNKNOWN	PENDING
004122	src/deep2/speculative/DraftPolicy.cpp	.cpp	1053	35	A3D0505B7003048BE1E3D807DE110A62A9B5D7C080762447398EE5F18CB5B9C4	src/deep2	UNKNOWN	UNKNOWN	PENDING
004123	src/deep2/speculative/DraftPolicy.hpp	.hpp	763	30	96414983D52314358727450E13CB1E78C184BFD2EC40011CBD35533D1A86F280	src/deep2	UNKNOWN	UNKNOWN	PENDING
004124	src/deep2/speculative/DualGpuOverlap.cpp	.cpp	2287	68	D5814C26F4E53352B27A7B3A551EBFDD61010D3E45E726A3B0F8F18982928AC0	src/deep2	UNKNOWN	UNKNOWN	PENDING
004125	src/deep2/speculative/DualGpuOverlap.hpp	.hpp	1017	46	D4EEBE62537CB9DC29A30B3A9431E55B965C57D6FCEB057BD4A4F237D08D035E	src/deep2	UNKNOWN	UNKNOWN	PENDING
004126	src/deep2/speculative/KvTransaction.cpp	.cpp	900	32	67155C1BEF439876D2F1515E2F5C8D337BA98F6E0982044574D4292E95981437	src/deep2	UNKNOWN	UNKNOWN	PENDING
004127	src/deep2/speculative/KvTransaction.hpp	.hpp	976	35	96B4A8BB18F0B0A7F33E39468CBC44526FF7E84A7D6F1883449FD3C055443601	src/deep2	UNKNOWN	UNKNOWN	PENDING
004128	src/deep2/speculative/SpecialGraph.cpp	.cpp	4853	149	F4A154E877E315205D814B8F9739B3238DB4B19E9A4D740A9EBBA32DE50BD3C8	src/deep2	UNKNOWN	UNKNOWN	PENDING
004129	src/deep2/speculative/SpecialGraph.hpp	.hpp	1489	62	3C5CB9CFA03F85E99C34FA7866099F6B95130260512E2591469168859719EA32	src/deep2	UNKNOWN	UNKNOWN	PENDING
004130	src/deep2/speculative/SpeculativeBatch.cpp	.cpp	2131	67	8F374340111E03C1065E01F574E38904148FB61D3FFE69EB4F0CAE94A0497495	src/deep2	UNKNOWN	UNKNOWN	PENDING
004131	src/deep2/speculative/SpeculativeBatch.hpp	.hpp	1721	69	6E27C4CFBE0CF0F8FDC147964ACA44AD4B30C98F54C6FDB6AF71FFC2DEC66496	src/deep2	UNKNOWN	UNKNOWN	PENDING
004132	src/deep2/speculative/SpeculativeCert.cpp	.cpp	1534	38	291421F5F34CF6E39AF286A56014F00550BCFA32E813D0A02342E4E9B179C1F0	src/deep2	UNKNOWN	UNKNOWN	PENDING
004133	src/deep2/speculative/SpeculativeCert.hpp	.hpp	563	26	B459F37841FE8597BFD86DDB5577725D7E977C554090E379B15C216A26555A5D	src/deep2	UNKNOWN	UNKNOWN	PENDING
004134	src/deep2/speculative/SpeculativeExecutor.cpp	.cpp	9817	257	AB5F1D62D746D2D156CCBF95EE2A727E39E0C50392298D68E4A3359A1402DE3C	src/deep2	UNKNOWN	UNKNOWN	PENDING
004135	src/deep2/speculative/SpeculativeExecutor.hpp	.hpp	2798	97	E7C994482EEC21E523EAD17A4A036BEA8F7A8FEBB3934DBCDB8D6752C2487FB1	src/deep2	UNKNOWN	UNKNOWN	PENDING
004136	src/deep2/speculative/VerifyBatch.cpp	.cpp	914	35	BDFE8044053B1C7ECD3B9D907588F1620E6343C8C9DACAD843445D5C94FCA066	src/deep2	UNKNOWN	UNKNOWN	PENDING
004137	src/deep2/speculative/VerifyBatch.hpp	.hpp	795	32	1184014C7C6CCCF0C006041D43C42E079990300BF785C7DA9C1B22855F339A36	src/deep2	UNKNOWN	UNKNOWN	PENDING
004138	src/deep2/streaming/ContinuousExecution.cpp	.cpp	15773	456	7F4E5AA3C6B2CF72ABB7C2A8FFF1FDC6ABD806D37704A79D5A924F3E427589D8	src/deep2	UNKNOWN	UNKNOWN	PENDING
004139	src/deep2/streaming/ContinuousExecution.hpp	.hpp	8130	263	90F1670D181FBCE76336A2AA866B04E372CCA3B168E04FD94B1F169396148C66	src/deep2	UNKNOWN	UNKNOWN	PENDING
004140	src/deep2/streaming/EventLedger.cpp	.cpp	2231	77	8797433194B9A17E8B6363352C594E4B4A1A00D5860C18147B72D5BDA6AA4EC3	src/deep2	UNKNOWN	UNKNOWN	PENDING
004141	src/deep2/streaming/EventLedger.hpp	.hpp	1693	58	5B6CFDBD8172DD5AB753D75911096A5E7313EA67B3B388098D9E1F35CCDF1B98	src/deep2	UNKNOWN	UNKNOWN	PENDING
004142	src/deep2/streaming/rawrxd_continuous_c_api.h	.h	525	25	1359DC1A08177969B9C8EDBC2EF50441A1E36E794BAC4391F1A9074324443663	src/deep2	UNKNOWN	UNKNOWN	PENDING
004143	src/deep2/streaming/Win32ContinuousBridge.cpp	.cpp	2623	71	059F49DE81816B718406029478A8FC001EF41CE27F116351FFB256E8594419C0	src/deep2	UNKNOWN	UNKNOWN	PENDING
004144	src/deep2/streaming/Win32ContinuousBridge.hpp	.hpp	1697	57	1F7F90A2C8A78AC09A47538737F697379BCEB3C3D038AAB42A6FD271B11BC260	src/deep2	UNKNOWN	UNKNOWN	PENDING
004145	src/deep2/trailforge/TrailForge.cpp	.cpp	15963	464	6E892FAB1806B85ACFB85D4C505C2AD0E3C4D05CFBB7AB603A8AF2FEE2CFCE3C	src/deep2	UNKNOWN	UNKNOWN	PENDING
004146	src/deep2/trailforge/TrailForge.h	.h	7479	179	F10B716A6B83A387B2A1BB7C412A5B4B012C73348768B90A2FC70B7C1FB0A6FC	src/deep2	UNKNOWN	UNKNOWN	PENDING
004147	src/deep2/trailforge/TrailForge_Gate.cpp	.cpp	11215	277	65420B7C46906E422F1DEA186453A3C51E7374D52D96238C139ABC893C4716BB	src/deep2	UNKNOWN	UNKNOWN	PENDING
004148	src/deep2/vwa/VwaScheduler_Fulfill.cpp	.cpp	49	1	F9109090C841EFD95C9B23549242085238E06968F96AD1AA38AAB073ECE3B30C	src/deep2	UNKNOWN	UNKNOWN	PENDING
004149	src/deep2/vwa/VwaScheduler_Lease.cpp	.cpp	47	1	2F62A9DE42DB6AE74F0170CA582810DAAC339FD1B5BB2A16A6F5AD9D6DF1D272	src/deep2	UNKNOWN	UNKNOWN	PENDING
004150	src/diagnostics/DiagnosticsEngine.cpp	.cpp	10455	287	38518B37C5B4C5243600C571D43A7A158E72ED33BC1461FE156AE86986DC362B	src/diagnostics	UNKNOWN	UNKNOWN	PENDING
004151	src/diagnostics/DiagnosticsEngine.hpp	.hpp	5598	130	2E107A338BA79367B593963AACC194088FE881A1B5619F2BBB0663EBB0D31B5A	src/diagnostics	UNKNOWN	UNKNOWN	PENDING
004152	src/diagnostics/IdeGenerationDiag.cpp	.cpp	2031	38	A1ABAE4666E0667A3EDAF9EF25B440EA81B012A446FC81CB0184091E48DEBB54	src/diagnostics	UNKNOWN	UNKNOWN	PENDING
004153	src/diagnostics/IdeGenerationDiag.h	.h	399	11	E39719008FCAE2833628F0506CDB195AF05428025A2A46D8A53014D60FA91FB3	src/diagnostics	UNKNOWN	UNKNOWN	PENDING
004154	src/diagnostics/IdeResponseHangAuthority.cpp	.cpp	4111	92	50855D138A12E12C2DA1E93372278FBD05A10E2792D797DE689ACF3DAC8F3AB1	src/diagnostics	UNKNOWN	UNKNOWN	PENDING
004155	src/diagnostics/IdeResponseHangAuthority.h	.h	405	15	2255A882A50762FC62DA2310F42D2DE25EE47433EAEB16AE9BCA4319796CBB21	src/diagnostics	UNKNOWN	UNKNOWN	PENDING
004156	src/engine/bpe_tokenizer.cpp	.cpp	39	1	E11046F22A1C0D2983D8090BF86E824F97847E4DAE119E8EA57B2276A53E392A	src/engine	UNKNOWN	UNKNOWN	PENDING
004157	src/engine/core_generator.cpp	.cpp	40	1	5C005C62B8FC3674D467208CE9BB6FF369BAE1619EA77CDF9F44FDF47CD853B0	src/engine	UNKNOWN	UNKNOWN	PENDING
004158	src/engine/GGUFCore.hpp	.hpp	3981	101	A03493A169F1D2CB87C2CD9EDB9E64B3370E16BA177DD45FCB2FC66C241477C7	src/engine	UNKNOWN	UNKNOWN	PENDING
004159	src/engine/gguf_core.cpp	.cpp	12632	335	7244AFCAE84978666DF29315E4AF1AD1467DF6E5B63A2EA68BB79B877070ED51	src/engine	UNKNOWN	UNKNOWN	PENDING
004160	src/engine/inference_kernels.cpp	.cpp	43	1	C311AD726161CAB235BD7894A245D944425AA0E08046AABEAA0E74AE90014E2F	src/engine	UNKNOWN	UNKNOWN	PENDING
004161	src/engine/Omega1Engine_Server.cpp	.cpp	45	1	9FB53B64507E5F891CEAC29A57D0F0289743A1F180158556D28916624D2D3688	src/engine	UNKNOWN	UNKNOWN	PENDING
004162	src/engine/pyre_compute.cpp	.cpp	38	1	60AA3039BF127F5EC191ED99A0C4D1D7A393ED57329ED370EFE2BFB79D2D5F23	src/engine	UNKNOWN	UNKNOWN	PENDING
004163	src/engine/pyre_compute.h	.h	5304	133	5DFE83B2BB954FEAEE8DB555AD652BA4F8235FEBF431ECB2A35DC1049049CAD8	src/engine	UNKNOWN	UNKNOWN	PENDING
004164	src/engine/rawr_engine.cpp	.cpp	37	1	A7ABF00AC5B9A7163804F53E531CEDD8F8E1824F8658CDE171C92658D39E7496	src/engine	UNKNOWN	UNKNOWN	PENDING
004165	src/engine/react_ide_generator.cpp	.cpp	45	1	F7555EBFE66AC232CE90F2634DDF49563DC9F0358851A28FF5131A109F4405E8	src/engine	UNKNOWN	UNKNOWN	PENDING
004166	src/engine/sampler.cpp	.cpp	33	1	DB8297F0636BF60C50F85D74166DB2FBDBEEC8DF924047A1B98CB8A5BDBD950A	src/engine	UNKNOWN	UNKNOWN	PENDING
004167	src/engine/sovereign_engines.cpp	.cpp	43	1	204DFD67DD913472DEA5EA5650B39A7BB6997824781E4E3EFB37A917F100B21A	src/engine	UNKNOWN	UNKNOWN	PENDING
004168	src/engine/transformer.cpp	.cpp	8551	208	19D596BAF5413D026D8CFCACA8E99FD39D95E1BBD79E525FCC133641E33C3070	src/engine	UNKNOWN	UNKNOWN	PENDING
004169	src/engine/Transformer.hpp	.hpp	6436	133	88508DD494D181A53067C4293C794825EF7BE55AD6ECB40BEB7EC62CCE2A66AE	src/engine	UNKNOWN	UNKNOWN	PENDING
004170	src/generation/CMakeLists.txt	.txt	640	28	7FA901E2B4D5694D8DD2D653FBBD854A7ACD77E4AD1CEC67D112593E918AD199	src/generation	UNKNOWN	UNKNOWN	PENDING
004171	src/generation/generation_engine.h	.h	17766	528	BAAEDCB58E93550921D19AB548F165A7E01AE1726DF300482581F53DAC67789C	src/generation	UNKNOWN	UNKNOWN	PENDING
004172	src/generation/module1_types.h	.h	2221	76	B73630622BC14CF6FCD54EA0149EC870F0DD268D9027BCD6711E5D20D670EEEE	src/generation	UNKNOWN	UNKNOWN	PENDING
004173	src/generation/module2_cancel.h	.h	2794	87	CF815E16C5B102002E1FF96ADF021632F26707C5A554BBCA11498041F5C21E1E	src/generation	UNKNOWN	UNKNOWN	PENDING
004174	src/generation/module3_utf8.h	.h	4544	126	A13150CBAC7EB551BA707BBA37BA4D1C1273BB22E36F418CE213F1EEADB27D17	src/generation	UNKNOWN	UNKNOWN	PENDING
004175	src/generation/module4_stopstring.h	.h	1897	57	4F490DFEA9DC65196813983CDEE5C0EE34256EF719608962F1925D726E74A313	src/generation	UNKNOWN	UNKNOWN	PENDING
004176	src/generation/module5_context.h	.h	4587	134	1EB4D0D949E7C472B9FFBC8F21B8036449A78CD97B636332CC18ECBBB1E48A84	src/generation	UNKNOWN	UNKNOWN	PENDING
004177	src/generation/module6_generate.h	.h	10745	307	78D90FB810515CB5CDFAFC0663DDF007DCD8AF56026A6680B90D7E4CC9BD922D	src/generation	UNKNOWN	UNKNOWN	PENDING
004178	src/generation/module7_glue.h	.h	3498	83	E497368C56FE6A19AB041416B397B2D4794A34DACA57F57E710957245D0C5657	src/generation	UNKNOWN	UNKNOWN	PENDING
004179	src/generation/test_generation.cpp	.cpp	9761	279	EE8DA8B0F17D858D7AC19CEA3CF56B259064AA8AB4E7DC71CCAB0F1E139AF633	src/generation	UNKNOWN	UNKNOWN	PENDING
004180	src/generation/integration/Deep2GenerationAdapter.h	.h	5029	143	799BAAD2A393832D35792D80B862D7672965845C520C86142EF9407F70D62F68	src/generation	UNKNOWN	UNKNOWN	PENDING
004181	src/generation/integration/RawrXDEngineAdapter.cpp	.cpp	3974	112	FC4E6181208AD5F484CE1B203DB1FED6A9E8F18695C3A959D671276DC64ACC10	src/generation	UNKNOWN	UNKNOWN	PENDING
004182	src/generation/integration/RawrXDEngineAdapter.h	.h	3260	77	30ACE22F53880D0A93F50238E3F7633232797513D6F9D70BDC4D99C488B7293C	src/generation	UNKNOWN	UNKNOWN	PENDING
004183	src/ggml/ggml_nanoquant.cpp	.cpp	38	1	14D0045B665121CEC728421B1DE43E97D4FDF669EEAA2B9A1EA5150A7678260D	src/ggml	UNKNOWN	UNKNOWN	PENDING
004184	src/git/git_context.cpp	.cpp	34	1	9AB02E7C88A3B3FB6EC95D043B8111336BE2FC23B8DA124634717DEEF9C000DE	src/git	UNKNOWN	UNKNOWN	PENDING
004185	src/gold_stubs/gold_link_stubs.cpp	.cpp	45	1	94D025C95019B20B9D8FC3E5B8784657BE730CE17174E006DBEC567FA5BC2EF0	src/gold_stubs	UNKNOWN	UNKNOWN	PENDING
004186	src/gpu/GPUBackend.hpp	.hpp	5473	119	5B471E42FB0BDB372C736EA0A392387884E566B2508352E21F5342A94FFAD70A	src/gpu	UNKNOWN	UNKNOWN	PENDING
004187	src/gpu/GpuCacheResidencyAuthority.cpp	.cpp	1806	28	EA1900CE7C2AA60617D4562471FD2BD4D2A8CDB8F703BF164C677CA7747DC8EC	src/gpu	UNKNOWN	UNKNOWN	PENDING
004188	src/gpu/GpuCacheResidencyAuthority.h	.h	417	12	EA5B80D4C8C4724FAD07BC47142D306EEA839729A89DCC3733E44B17F43B6DB7	src/gpu	UNKNOWN	UNKNOWN	PENDING
004189	src/gpu/gpu_backend.cpp	.cpp	914	28	5FF103F0DB7990B6D0DA3C1F7D1C0C0D9FB20938C4B0607C2C3F5A27A7140B7C	src/gpu	UNKNOWN	UNKNOWN	PENDING
004190	src/gpu/kv_cache_optimizer.cpp	.cpp	41	1	05A7001B687240E4327B42D4E3FF440D6958FFF617541EAB08C11564C165D30A	src/gpu	UNKNOWN	UNKNOWN	PENDING
004191	src/gpu/shader_matmul.c	.c	24	1	46EBD083829A26079E35F3B811EE8DFF76B240D1747D75BF602A5BFED27178B9	src/gpu	UNKNOWN	UNKNOWN	PENDING
004192	src/gpu/speculative_decoder.cpp	.cpp	42	1	7FA4E72B48B5E42E9010D1B8E1DBE8B0247F16D1421A266549BA4237F1CFBA73	src/gpu	UNKNOWN	UNKNOWN	PENDING
004193	src/gpu/speculative_decoder_v2.cpp	.cpp	45	1	67358A9FC6E6EE58FB662BD5C6E2467212CF94C218B94012EBF55E777E0A9B54	src/gpu	UNKNOWN	UNKNOWN	PENDING
004194	src/gpu_masm/deflate_brutal_masm.asm	.asm	28	2	B10E8506987E81682166A4AA9A880EE3F7D79E9BC0BA7D7449B5C0EB5B37CC46	src/gpu_masm	UNKNOWN	UNKNOWN	PENDING
004195	src/guardrails/capability_policy.cpp	.cpp	47	1	EE912EE8397AE1629B383E3D3005574A09752E548BD8064819CA5A175A1AF3F2	src/guardrails	UNKNOWN	UNKNOWN	PENDING
004196	src/guardrails/capability_policy.hpp	.hpp	61	2	D1C44A0262CE4A02AB06567E157F5EB0DD56BD38E82AC8281B3DE1EE60190EE4	src/guardrails	UNKNOWN	UNKNOWN	PENDING
004197	src/guardrails/patch_firewall.cpp	.cpp	44	1	06ABFEF3FEED91176A5C1512D05EA96ACC8DB52A9D9E066B3D7254A527F91391	src/guardrails	UNKNOWN	UNKNOWN	PENDING
004198	src/guardrails/patch_firewall.hpp	.hpp	61	2	D1C44A0262CE4A02AB06567E157F5EB0DD56BD38E82AC8281B3DE1EE60190EE4	src/guardrails	UNKNOWN	UNKNOWN	PENDING
004199	src/hotpatch/patch_transaction.cpp	.cpp	45	1	60F23BE1A792B5F0F2AB19CE510ED8720C27B73A6AF3B545B4BB98F7948DA93F	src/hotpatch	UNKNOWN	UNKNOWN	PENDING
004200	src/hotpatch/patch_transaction.hpp	.hpp	61	2	D1C44A0262CE4A02AB06567E157F5EB0DD56BD38E82AC8281B3DE1EE60190EE4	src/hotpatch	UNKNOWN	UNKNOWN	PENDING
004201	src/ide/IDEShell.cpp	.cpp	31	1	25B49383682D1DBB178E4573BD844B9536C13C4452F1AB862CAD4B45B6A9EAE4	src/ide	UNKNOWN	UNKNOWN	PENDING
004202	src/ide/language_plugin.cpp	.cpp	38	1	0EFEF6CFBC7122A28B245676427AB4367FDFD3A7AA6AA3DD722C89472BAB46F5	src/ide	UNKNOWN	UNKNOWN	PENDING
004203	src/ide/refactoring_plugin.cpp	.cpp	41	1	37BAE4E831DF2D34F49900269B0F91BF0247FDFA7C7A401B5C2C7C72F4379AB8	src/ide	UNKNOWN	UNKNOWN	PENDING
004204	src/ide/resource_generator.cpp	.cpp	41	1	69A29B331E4DD602572E3FB4B7BA479A1DFC41D43225E04821126E553C1B83BD	src/ide	UNKNOWN	UNKNOWN	PENDING
004205	src/ide/SovereignSharedMemoryBridge.cpp	.cpp	50	1	6BD9F22ABD28EA353CABF47B6EE3D472AD7F2FA454A5713FF9B185EDB098C7E5	src/ide	UNKNOWN	UNKNOWN	PENDING
004206	src/ide/test_sovereign_bridge.cpp	.cpp	44	1	65187638054768B89BB38D43F7AA8CE5A25F98EF4B7BFC28EF5ED331F264B46D	src/ide	UNKNOWN	UNKNOWN	PENDING
004207	src/inference/Deep2Engine.cpp	.cpp	40	1	8A4D6272CBD86FB987D7C1C6683B3FBA540B7A7734D5B2E5A7FCA87AEC953A7C	src/inference	UNKNOWN	UNKNOWN	PENDING
004208	src/inference/DualGpuPipeline.cpp	.cpp	44	1	274C7C9B5E5D6A7C4028116CE0C504FEAF448C57BA82E57E4EC088EC81EE4D8F	src/inference	UNKNOWN	UNKNOWN	PENDING
004209	src/inference/gguf_d3d12_bridge_link_fallback.cpp	.cpp	60	1	9FD2060188D7987D0CDF9E4E4B49DEA8114544381AF4429978A9C15F3CA24D74	src/inference	UNKNOWN	UNKNOWN	PENDING
004210	src/inference/gpu_dispatch_gate.cpp	.cpp	46	1	AF412C3B9D6E6B7DFAB0174099FDEFD259F518E44B75EED9D52C95114B43796C	src/inference	UNKNOWN	UNKNOWN	PENDING
004211	src/inference/inference_standalone_link_shims.cpp	.cpp	60	1	430B00C3C92AD48D6440B99ECFC81AB82B7B514516B4925AC2C5FE2827D66923	src/inference	UNKNOWN	UNKNOWN	PENDING
004212	src/inference/inference_standalone_main.cpp	.cpp	54	1	567C01CB98BE75EFDDACA390C56FD9415AFEF4C185BE23204312AB6C878A38F2	src/inference	UNKNOWN	UNKNOWN	PENDING
004213	src/inference/MemoryPressureGuard.cpp	.cpp	48	1	62FF361CFD3B5E8441E806932ED9D0E8772055BA70499F10FC84622E38FFAD9B	src/inference	UNKNOWN	UNKNOWN	PENDING
004214	src/inference/NegativeSpaceProfiler.cpp	.cpp	2	1	7EB70257593DA06F682A3DDDA54A9D260D4FC514F645237F5CA74B08F8DA61A6	src/inference	UNKNOWN	UNKNOWN	EXCLUDED_WITH_REASON
004215	src/inference/ollama_blob_parser.cpp	.cpp	47	1	9870CFC993C1AF2D225BCF928DEFED174476199D27DC22CB66E92C8D3313E208	src/inference	UNKNOWN	UNKNOWN	PENDING
004216	src/inference/OutOfCoreScheduler.cpp	.cpp	47	1	543E32427E6286B1E3B591B44C97AF3860EADD974D7A9597E940F0D5F40A740A	src/inference	UNKNOWN	UNKNOWN	PENDING
004217	src/inference/PerformanceMonitor.cpp	.cpp	47	1	C8A2188C8849441D14DB82FF7CF710BE329A25A40D1B70E8EABAFF10FB9D8E19	src/inference	UNKNOWN	UNKNOWN	PENDING
004218	src/inference/polymorphic_loader.cpp	.cpp	47	1	8E7E31805A0637B4F7E552284C1333A0B164837B0C95F8BB5026C445968FEDB6	src/inference	UNKNOWN	UNKNOWN	PENDING
004219	src/install/InstallAuthority.cpp	.cpp	1568	27	DB98690B1F6CE0B8BD60F7AD68DC7EE3CE2545B0864C9F1E7AAB803FA4B6E434	src/install	UNKNOWN	UNKNOWN	PENDING
004220	src/install/InstallAuthority.h	.h	478	10	60C6BF7DA9B2ECDFD3C9DA8C76A6904B843F4E8729EF262AD820E1C52EF6E425	src/install	UNKNOWN	UNKNOWN	PENDING
004221	src/install/InstalledBinaryTruthAuthority.cpp	.cpp	4916	92	0D292571E5DF50A64696CA450A83CDF27D6BD675B1A027D3D4092DBDE103D695	src/install	UNKNOWN	UNKNOWN	PENDING
004222	src/install/InstalledBinaryTruthAuthority.h	.h	372	13	C98A4C5F6811931A2A72FA84149BF830B5202704C8AFEBEC2EAA7904B430F651	src/install	UNKNOWN	UNKNOWN	PENDING
004223	src/install/InstallRebootRawrE2EAuthority.cpp	.cpp	5456	102	B2EE9EE11B21793AD2AABB5B03EF05611047754F1163C605400E8119889AB967	src/install	UNKNOWN	UNKNOWN	PENDING
004224	src/install/InstallRebootRawrE2EAuthority.h	.h	387	13	CFBF02E9A68DF35BE837600CE602A1A3EB6322B6C7C0D8DEFE23F113F40BB805	src/install	UNKNOWN	UNKNOWN	PENDING
004225	src/install/RebootPersistenceAuthority.cpp	.cpp	1335	19	64B21996CA38E613C65163066DEF46EBA0C77AF486DA2A42F453885AA572D8AB	src/install	UNKNOWN	UNKNOWN	PENDING
004226	src/install/RebootPersistenceAuthority.h	.h	435	9	2E578AA06D8CFB2938D5B267CA8721649241002A3D87DB383846D441E1F35379	src/install	UNKNOWN	UNKNOWN	PENDING
004227	src/intent/intent_abi.hpp	.hpp	61	2	D1C44A0262CE4A02AB06567E157F5EB0DD56BD38E82AC8281B3DE1EE60190EE4	src/intent	UNKNOWN	UNKNOWN	PENDING
004228	src/intent/intent_config.hpp	.hpp	61	2	D1C44A0262CE4A02AB06567E157F5EB0DD56BD38E82AC8281B3DE1EE60190EE4	src/intent	UNKNOWN	UNKNOWN	PENDING
004229	src/intent/model_adapter.hpp	.hpp	61	2	D1C44A0262CE4A02AB06567E157F5EB0DD56BD38E82AC8281B3DE1EE60190EE4	src/intent	UNKNOWN	UNKNOWN	PENDING
004230	src/kernel/AgentKernel.hpp	.hpp	61	2	D1C44A0262CE4A02AB06567E157F5EB0DD56BD38E82AC8281B3DE1EE60190EE4	src/kernel	UNKNOWN	UNKNOWN	PENDING
004231	src/kernel/BuildTelemetry.hpp	.hpp	61	2	D1C44A0262CE4A02AB06567E157F5EB0DD56BD38E82AC8281B3DE1EE60190EE4	src/kernel	UNKNOWN	UNKNOWN	PENDING
004232	src/kernel/IntentExecutionPipeline.hpp	.hpp	61	2	D1C44A0262CE4A02AB06567E157F5EB0DD56BD38E82AC8281B3DE1EE60190EE4	src/kernel	UNKNOWN	UNKNOWN	PENDING
004233	src/kernel/IntentReplayEngine.hpp	.hpp	61	2	D1C44A0262CE4A02AB06567E157F5EB0DD56BD38E82AC8281B3DE1EE60190EE4	src/kernel	UNKNOWN	UNKNOWN	PENDING
004234	src/kernel/TelemetryInjector.hpp	.hpp	61	2	D1C44A0262CE4A02AB06567E157F5EB0DD56BD38E82AC8281B3DE1EE60190EE4	src/kernel	UNKNOWN	UNKNOWN	PENDING
004235	src/kernels/KernelDictionaryAuthority.cpp	.cpp	1682	37	2DD5AC42A503DB6FC0A7A8DD1459D16F121E212DA8E380E233C120E0526B87B4	src/kernels	UNKNOWN	UNKNOWN	PENDING
004236	src/kernels/KernelDictionaryAuthority.h	.h	616	11	B739EE0C862BD75CD72CD8E311450E48B636CB6150F6AA2E7C3BE7578C8CF5A8	src/kernels	UNKNOWN	UNKNOWN	PENDING
004237	src/kernels/q4_preprocessed_avx512.asm	.asm	28	2	B10E8506987E81682166A4AA9A880EE3F7D79E9BC0BA7D7449B5C0EB5B37CC46	src/kernels	UNKNOWN	UNKNOWN	PENDING
004238	src/kernels/rdna3/RDNA3_Full_Test.asm	.asm	28	2	B10E8506987E81682166A4AA9A880EE3F7D79E9BC0BA7D7449B5C0EB5B37CC46	src/kernels	UNKNOWN	UNKNOWN	PENDING
004239	src/llm_adapter/gguf_k_quants.hpp	.hpp	2517	50	0A2DE7EF162FD4C6C294DA71A28F101377674B989B7263A8DEA7C54402DFF31B	src/llm_adapter	UNKNOWN	UNKNOWN	PENDING
004240	src/logging/Logger.cpp	.cpp	2	1	7EB70257593DA06F682A3DDDA54A9D260D4FC514F645237F5CA74B08F8DA61A6	src/logging	UNKNOWN	UNKNOWN	EXCLUDED_WITH_REASON
004241	src/logging/Logger.h	.h	1525	54	7F4C4AD98CC3E952D18186FC2FFEDA8F337F2D1A6E29EE4CE74E75F69629307E	src/logging	UNKNOWN	UNKNOWN	PENDING
004242	src/lsp/diagnostic_consumer.h	.h	970	35	2B6CEDC5C3B7BACD3AC3CADABCADD0F3E22A801A245D2CBBBA1F521C56495339	src/lsp	UNKNOWN	UNKNOWN	PENDING
004243	src/lsp/hotpatch_symbol_provider.hpp	.hpp	1117	40	724F4B8F18301A19A560C21504705D62B6A33E64756A66F5150DDF35D7FD8B74	src/lsp	UNKNOWN	UNKNOWN	PENDING
004244	src/lsp/lsp_hotpatch_bridge.hpp	.hpp	1172	43	9397BA5A4C050D9C0ECDA494C28603D75B340F93A68F54FF67049116FED53AED	src/lsp	UNKNOWN	UNKNOWN	PENDING
004245	src/lsp/lsp_hotpatch_bridge_impl.cpp	.cpp	2125	57	7F31C025BA215352BE1ABB1465EE9E277728FA91DCC445134142698343BE7E8F	src/lsp	UNKNOWN	UNKNOWN	PENDING
004246	src/lsp/lsp_hotpatch_impl.cpp	.cpp	3651	106	3B2F84FEB23E0D56395DF9108C94AA191E4EC70AF3EDD05629250AC9CB8C43BF	src/lsp	UNKNOWN	UNKNOWN	PENDING
004247	src/masm/cf_probe.asm	.asm	3149	173	2AB1CE9D1ACB03A38125BC0C87E3B0203087684731094C361B4BB3645B19AB12	src/masm	UNKNOWN	UNKNOWN	PENDING
004248	src/masm/gguf_memory_x64.asm	.asm	39035	1643	939C7C7A526865FC30AB0AAC4D06D9ED9E3DE00BF20579A1F58ACD15CF47F54A	src/masm	UNKNOWN	UNKNOWN	PENDING
004249	src/masm/gguf_reader_x64.asm	.asm	36363	1616	5EF95F3B92657C0ED223E3730393DCDEEC2EC00D6B64542FEC84D8032ABFA3CF	src/masm	UNKNOWN	UNKNOWN	PENDING
004250	src/masm/gguf_stream_x64.asm	.asm	10782	415	73339548C53CC5849446761EB32C0B9D1823A51C7884DD3179ECD3736B5C87A3	src/masm	UNKNOWN	UNKNOWN	PENDING
004251	src/masm/MASMCompilerWidget.h	.h	61	2	D1C44A0262CE4A02AB06567E157F5EB0DD56BD38E82AC8281B3DE1EE60190EE4	src/masm	UNKNOWN	UNKNOWN	PENDING
004252	src/masm/rawrxd_math_masm.asm	.asm	12378	357	26EB41D8284B054A464FB203018DA982D76C9E327C2DC8D0F0AB4DD534EBD755	src/masm	UNKNOWN	UNKNOWN	PENDING
004253	src/masm/rawrxd_transformer_full.asm	.asm	14440	422	AB474FD8C79BB9C3C6B880865BC6C88773056E1BD48922E6B97F923C8C47BCDF	src/masm	UNKNOWN	UNKNOWN	PENDING
004254	src/masm/rawrxd_transformer_masm_fixed.asm	.asm	13615	381	7CFA22B7070FF5711F27DB427F61CA33DB3AEEE531518FC0176D244ABAD28F9B	src/masm	UNKNOWN	UNKNOWN	PENDING
004255	src/masm/legacy/gguf_reader_x64.regressed.asm	.asm	36363	1616	5EF95F3B92657C0ED223E3730393DCDEEC2EC00D6B64542FEC84D8032ABFA3CF	src/masm	UNKNOWN	UNKNOWN	PENDING
004256	src/memory/RepositoryMemoryGraph.hpp	.hpp	61	2	D1C44A0262CE4A02AB06567E157F5EB0DD56BD38E82AC8281B3DE1EE60190EE4	src/memory	UNKNOWN	UNKNOWN	PENDING
004257	src/metrics/MetricsRegistry.hpp	.hpp	1556	54	FCA582092A8ABE0AD9615E480BF488B5994B69FBA757366633E19442F3C1782F	src/metrics	UNKNOWN	UNKNOWN	PENDING
004258	src/models/GgufMetadataProbe.cpp	.cpp	10669	257	72D105F5FD7AD04759CD56C37D24EBF55129A02FDFFFDDA153D82692DCAA936A	src/models	UNKNOWN	UNKNOWN	PENDING
004259	src/models/GgufMetadataProbe.h	.h	1538	42	F4A502DD780BA244D288588E269A54EB609B80E2336778C02EA4D235D6760491	src/models	UNKNOWN	UNKNOWN	PENDING
004260	src/models/ModelCatalogAuthority.cpp	.cpp	23258	539	48F645553F6445C7E8742707B3AA107FBDF1AA80C904A0341344C2649621CD8F	src/models	UNKNOWN	UNKNOWN	PENDING
004261	src/models/ModelCatalogAuthority.h	.h	3007	75	B46F2CEA409608056DE69F5F39088F5E1C231312D72B444EE44D19AD2966DD19	src/models	UNKNOWN	UNKNOWN	PENDING
004262	src/models/ModelClassificationAuthority.cpp	.cpp	6127	154	8348B390CFA3538C5F836434A7152A5847B48B506399DBA55C14939A06DF038D	src/models	UNKNOWN	UNKNOWN	PENDING
004263	src/models/ModelClassificationAuthority.h	.h	842	27	B1F5E9689266601C5F087E2E7AEC8639070C7DB8D267D9F7180A328512491E82	src/models	UNKNOWN	UNKNOWN	PENDING
004264	src/models/ModelnameAuthority.cpp	.cpp	1671	30	B8D21B3B44E88F1767DC895FB211888929D66B8F54DA34B69794ED15A3B054DE	src/models	UNKNOWN	UNKNOWN	PENDING
004265	src/models/ModelnameAuthority.h	.h	562	10	776216298D0C98212CB9B413E6B67896BE382196EFA91F316D72691EA06F0AC3	src/models	UNKNOWN	UNKNOWN	PENDING
004266	src/models/OllamaCatalogReader.cpp	.cpp	3447	95	65606EEED06E2CF71F19F8C5B440194BBDB06C0730D809AF7F07980ABDDCB017	src/models	UNKNOWN	UNKNOWN	PENDING
004267	src/models/OllamaCatalogReader.h	.h	717	27	2310455C6E026104A114255D146663E9256AED31AB3975126172E3A020FABC8C	src/models	UNKNOWN	UNKNOWN	PENDING
004268	src/models/RawrDumpRules.cpp	.cpp	4844	120	01E020C27D29D18C65F66E00A376F68AAA1D6850945A37D26E920161B0C4C1B5	src/models	UNKNOWN	UNKNOWN	PENDING
004269	src/models/RawrDumpRules.h	.h	687	27	9C29BFA02555EF4CF579D2930B96D06790CD4B10E9E014DE438D1BFA3906934B	src/models	UNKNOWN	UNKNOWN	PENDING
004270	src/modules/ExtensionLoader.hpp	.hpp	774	27	B5B17CB0D2F9E59569BDBC8AA3DF1F36B0612B9538F316F5898113E1EFFA9081	src/modules	UNKNOWN	UNKNOWN	PENDING
004271	src/modules/ReverseEngineering.hpp	.hpp	457	9	23ED681AF02C547A3E203A98598D43CFAC41BA7B6E3DF552EAE33E338C4D3FC1	src/modules	UNKNOWN	UNKNOWN	PENDING
004272	src/omega1_modules/OmegaPowerShellBridge.h	.h	61	2	D1C44A0262CE4A02AB06567E157F5EB0DD56BD38E82AC8281B3DE1EE60190EE4	src/omega1_modules	UNKNOWN	UNKNOWN	PENDING
004273	src/perf/EffectiveTpsAuthority.cpp	.cpp	3118	54	105E225BBDE0891FCABCD11B128F6E8E202088A61BC1E508C03C44D2855C4046	src/perf	UNKNOWN	UNKNOWN	PENDING
004274	src/perf/EffectiveTpsAuthority.h	.h	1326	34	CFFBB726908D59CF5C8FF78A3844E9E14F8EE427B6E9A08F7A0A2D1D155CCD96	src/perf	UNKNOWN	UNKNOWN	PENDING
004275	src/perf/ForwardLogitsProfiler.cpp	.cpp	1703	33	20F5521C19A1FC9A5B3E1A7E524548100DBFB1C3CEEEBFD44711CF166CE0352C	src/perf	UNKNOWN	UNKNOWN	PENDING
004276	src/perf/ForwardLogitsProfiler.h	.h	527	15	8DF8A38CAD23AA91062DCE2E09C762A94CB5972523ECC22E1025BAC29A2F7D7B	src/perf	UNKNOWN	UNKNOWN	PENDING
004277	src/perf/HotpathWorkEliminator.cpp	.cpp	1631	29	FB0B185146F30D024A6A9491428A6243B01A44419D056DEE1A2DCAB7B2A2522F	src/perf	UNKNOWN	UNKNOWN	PENDING
004278	src/perf/HotpathWorkEliminator.h	.h	386	12	50F59E8087FD88BF8C2F805E87EA923F41CAB825A78C2173AD7552A6F8A959B6	src/perf	UNKNOWN	UNKNOWN	PENDING
004279	src/perf/TpsClassAuthority.cpp	.cpp	2732	50	495B611240D5673C8D38B1B4E4D70E6C8ED68E90383921635FD3B0A4C5657D83	src/perf	UNKNOWN	UNKNOWN	PENDING
004280	src/perf/TpsClassAuthority.h	.h	433	17	5A21D648B7EA7228B0045B8F0305EA5D99AE5C90ABBBC3C3FACD40572F3F40E2	src/perf	UNKNOWN	UNKNOWN	PENDING
004281	src/perf/TpsContaminationAuthority.cpp	.cpp	1805	36	B68BD163D68EED5B811DC861F03D5BBDF7EF7489FA98F9085D4E6251E7E124DB	src/perf	UNKNOWN	UNKNOWN	PENDING
004282	src/perf/TpsContaminationAuthority.h	.h	504	17	344C0F324BA15D87B559407AD623FF67CE06B6ABAD23474217C28EA689B8A666	src/perf	UNKNOWN	UNKNOWN	PENDING
004283	src/refactor/RefactorChain.cpp	.cpp	81723	2073	40EDCA2D8BF4D90598D96BC02874B972D6B942069B165C0782A32279C4A3184E	src/refactor	UNKNOWN	UNKNOWN	PENDING
004284	src/refactor/RefactorChain.h	.h	12975	307	0B7D1FD8ED20675D69B7E5CD8F245B74FAE17F264BE1756AC05846F410BE18DB	src/refactor	UNKNOWN	UNKNOWN	PENDING
004285	src/refactor/RefactorChainIdeSurface.cpp	.cpp	23178	541	E5B421F9AAA01DDE656BBD2F0BEDB92D4151E7726E6BDE73F36C9446BFEF7C7E	src/refactor	UNKNOWN	UNKNOWN	PENDING
004286	src/remote64/aead.asm	.asm	11774	406	A68A12820853CB9B6FB604519B5B527E2CE973D076015C3AB7035AA242AA1FAD	src/remote64	UNKNOWN	UNKNOWN	PENDING
004287	src/remote64/audit.asm	.asm	1075	54	C11EF93CC37A0E32951D3780D140784F11F56CE65FC6B55B7A18D77AF2BC2653	src/remote64	UNKNOWN	UNKNOWN	PENDING
004288	src/remote64/audit_source.ps1	.ps1	490	9	F07640F32B263A87EA02AE7C886C3347BEBB892CFE7A0016DDB1888EEC1498F6	src/remote64	UNKNOWN	UNKNOWN	PENDING
004289	src/remote64/auth.asm	.asm	1393	68	70896F909CA16D4022626BF4A6630BD9381D74784E308F058E1D63D19BF59DD1	src/remote64	UNKNOWN	UNKNOWN	PENDING
004290	src/remote64/authority.asm	.asm	1083	47	1C69902E29625CA778EEE19E10D1AE72B315C7A00BA3B257B7A1C6626DF2FD86	src/remote64	UNKNOWN	UNKNOWN	PENDING
004291	src/remote64/b31_damage.asm	.asm	477	25	40843B9F71C82790DCAC163B7A8DF0D171B4C455F93BD468D1F1F5CCCAC25AC0	src/remote64	UNKNOWN	UNKNOWN	PENDING
004292	src/remote64/b32_tilequeue.asm	.asm	1322	79	D3198768B38A959986104BADE7F1AE1980350D18BA79EC4E9C4194FA7A0CD463	src/remote64	UNKNOWN	UNKNOWN	PENDING
004293	src/remote64/b33_lz.asm	.asm	2545	110	4C3A1409CEE75B5369E26BBE3666BAEDE62DFAD8499257CF7403C4102FFB08B2	src/remote64	UNKNOWN	UNKNOWN	PENDING
004294	src/remote64/b34_colors.asm	.asm	463	27	66B8CE25984263645846A6483875D96859BE9503B325265831E699306A4B17C3	src/remote64	UNKNOWN	UNKNOWN	PENDING
004295	src/remote64/b35_bandwidth.asm	.asm	425	24	FE0C3FF98711CF7591908A5C0490A28C3D9BEACA574B08969C1D8DE74F405938	src/remote64	UNKNOWN	UNKNOWN	PENDING
004296	src/remote64/b36_latency.asm	.asm	363	20	342CBAC98AB30B2399460B179815693D3C7FA5388DFECF0E75BF1741245B2F5A	src/remote64	UNKNOWN	UNKNOWN	PENDING
004297	src/remote64/b37_window_capture.asm	.asm	225	12	68F7D8F08A18C6265E57C6C43626D0661CD03E55BC8B739DD734527C9AEDACD5	src/remote64	UNKNOWN	UNKNOWN	PENDING
004298	src/remote64/b38_dpi.asm	.asm	225	14	9A15A6118BA947C4C07814C00C40DCA06857CDCD78BD64F9B3C5EAC902EDA567	src/remote64	UNKNOWN	UNKNOWN	PENDING
004299	src/remote64/b39_clipboard_guard.asm	.asm	248	12	4471F6CFF79E3871F316164529DB233DB6C753CF4F9823CFAF1F3DC9E2DF809C	src/remote64	UNKNOWN	UNKNOWN	PENDING
004300	src/remote64/b40_file_guard.asm	.asm	251	14	F294598B1F323641451A5B8C7C7BB800A72057F64267F6B68AE2A3B512AA17ED	src/remote64	UNKNOWN	UNKNOWN	PENDING
004301	src/remote64/b41_session_limits.asm	.asm	234	12	793F1D0D62D02BAB7442D96E43D3196D323D164D5E3C6DFB3B5378A668F67077	src/remote64	UNKNOWN	UNKNOWN	PENDING
004302	src/remote64/b42_sequence.asm	.asm	291	16	204F07C09C1F37E32CBC75A9E346829F7009C28DAC26E4F0AE1B05A2322CDB08	src/remote64	UNKNOWN	UNKNOWN	PENDING
004303	src/remote64/b43_rate_limit.asm	.asm	681	39	2F54CC76CD9655A410DB9D53F8F36B828457BDB3950374CCDCB2E224E1A230CE	src/remote64	UNKNOWN	UNKNOWN	PENDING
004304	src/remote64/b44_health.asm	.asm	347	21	01D8099BDA1B98DF34AE94D006DEA2DD338D58B581BE489E37768ED7C7D08920	src/remote64	UNKNOWN	UNKNOWN	PENDING
004305	src/remote64/b45_parity_selftest2.asm	.asm	969	47	CEDFEFB78D88C0BD83ECB3AF194BC0ED4740A80E6B4517530A6561EC8FCD0A86	src/remote64	UNKNOWN	UNKNOWN	PENDING
004306	src/remote64/b46_crc32.asm	.asm	469	29	99769EAC09A284254E8E2102B7C58397F45B4FF05CFCB892EC99C8AA4F6DB89F	src/remote64	UNKNOWN	UNKNOWN	PENDING
004307	src/remote64/b47_packet_integrity.asm	.asm	320	18	246E3FC3A1E27BBB8C918C799979DCEF9D40B7B25D87E3A0BCB561CFA9A59FF0	src/remote64	UNKNOWN	UNKNOWN	PENDING
004308	src/remote64/b48_utf16.asm	.asm	651	38	862D4D039C377BA07B2A4B9A4DFACA889A8384FDD988256941D6A999EBB19FF3	src/remote64	UNKNOWN	UNKNOWN	PENDING
004309	src/remote64/b49_path_guard.asm	.asm	865	51	1A278F5088645F1414B12A64187B1206406E26B577CE5FE606AF40C5B7D79557	src/remote64	UNKNOWN	UNKNOWN	PENDING
004310	src/remote64/b50_rect_guard.asm	.asm	532	32	5AC7DF2A73DB5925F2D0BACBD9CE8AD0DAEEAE2D711CE1B930C9E36ACC54230B	src/remote64	UNKNOWN	UNKNOWN	PENDING
004311	src/remote64/b51_mul_guard.asm	.asm	267	17	63E204033E980AD794DE669CF363B458592B1B05EDB3D3AC1E36FD0F22FE0AAC	src/remote64	UNKNOWN	UNKNOWN	PENDING
004312	src/remote64/b52_copy_guard.asm	.asm	305	19	35D1834B6FB413842F0A7AEF6CDDFB4DA8C9DDAFCF2AA851B76C77E5B8E3327E	src/remote64	UNKNOWN	UNKNOWN	PENDING
004313	src/remote64/b53_nonce.asm	.asm	246	11	0DDA726E6D3893B349164B1F3D16DA29DD4CEE1A04820077644E2328BAB9AE9F	src/remote64	UNKNOWN	UNKNOWN	PENDING
004314	src/remote64/b54_auth_lockout.asm	.asm	462	20	500CE383C325A575D9F62822379E078E24355BA171534A3964027DD6DDBCFE68	src/remote64	UNKNOWN	UNKNOWN	PENDING
004315	src/remote64/b55_permission_transition.asm	.asm	346	13	2500054C226454B7C767CE6410D5B30AD5A458D9323207F5A5192CB2FFE104F0	src/remote64	UNKNOWN	UNKNOWN	PENDING
004316	src/remote64/b56_frame_id.asm	.asm	434	24	FCE251D19D430B1521726F67A9C725C23BCE3686D42EBB41BE30B36C53F1A63B	src/remote64	UNKNOWN	UNKNOWN	PENDING
004317	src/remote64/b57_tile_bounds.asm	.asm	431	21	B5934DA81D745FD5F6D22C64107D9FB8561F031945EDAF2AB955AC11F35EC90F	src/remote64	UNKNOWN	UNKNOWN	PENDING
004318	src/remote64/b58_zeroize.asm	.asm	314	17	7625D7E0CB0601B5184ECE2EB108700F7726A67D992E5104735BF82178E8E2C1	src/remote64	UNKNOWN	UNKNOWN	PENDING
004319	src/remote64/b59_close_state.asm	.asm	390	19	192938A0FEEA474A5403D1A07BD72E717F5966E5446A9C3A5222441C58A9FEF6	src/remote64	UNKNOWN	UNKNOWN	PENDING
004320	src/remote64/b60_final_selftest.asm	.asm	1663	74	36D6B32B2C6DC656D60528A5423169AB67F4F5767F6B80DF1E080A46F5AE420A	src/remote64	UNKNOWN	UNKNOWN	PENDING
004321	src/remote64/buffer.asm	.asm	1412	67	3DCB7841858FD6EAC2873C8114017291283C553154C03980D8354949AF46714C	src/remote64	UNKNOWN	UNKNOWN	PENDING
004322	src/remote64/build.bat	.bat	513	12	A13648CC8013FF11E6E29D3C2A86758EC65189FC9E23479635B90221074F004D	src/remote64	UNKNOWN	UNKNOWN	PENDING
004323	src/remote64/capture.asm	.asm	3878	171	C922455AF36E4546464F614B3BEC4F3F924A6CB07FB1D03AFB1C2AE79608B651	src/remote64	UNKNOWN	UNKNOWN	PENDING
004324	src/remote64/clipboard.asm	.asm	2179	117	41790FA8B48B6E430E3C3B2E5838F7D830521DCCDF539F366DD7ABAC63694BCD	src/remote64	UNKNOWN	UNKNOWN	PENDING
004325	src/remote64/codec.asm	.asm	1058	70	C5834C7325ED825F6ACEFB6D2A7F3EC6C2F93A49FA0702D737796E22A750AC49	src/remote64	UNKNOWN	UNKNOWN	PENDING
004326	src/remote64/consent.asm	.asm	703	25	961CBA5247B6995B37502BF6E583F0B4950BD0C7864A629BE979DC8D1A914A7E	src/remote64	UNKNOWN	UNKNOWN	PENDING
004327	src/remote64/crypto.asm	.asm	3154	147	6F23842F7CF9C77E055ABA3CA5272E85A9DE204B33D240135CF11AF10AB1E0D7	src/remote64	UNKNOWN	UNKNOWN	PENDING
004328	src/remote64/cursor.asm	.asm	641	33	7B5F48CCE22632DCAE8A204F63872B47BAC0AA35442CB09C552B1D03DADC6E66	src/remote64	UNKNOWN	UNKNOWN	PENDING
004329	src/remote64/deep2_bridge.asm	.asm	517	28	019125A937454B266D2B3654FD55BB1A8E9E859222D0E12CAC803DCD8A5F9E97	src/remote64	UNKNOWN	UNKNOWN	PENDING
004330	src/remote64/display.asm	.asm	605	31	EBE28CBAD9A8E52106B673137C89EE3D88275113B7E276BC18D17B2E256D4221	src/remote64	UNKNOWN	UNKNOWN	PENDING
004331	src/remote64/filexfer.asm	.asm	1603	74	DEA88D9C88B23DC8E6B00786C8E6C11339313F145AED4462A66F68813577F2B1	src/remote64	UNKNOWN	UNKNOWN	PENDING
004332	src/remote64/framepacer.asm	.asm	305	19	0016FC15EB98AF3E8C1A3A693F87379271536945FC6DF03B8D7CBA367E6CC099	src/remote64	UNKNOWN	UNKNOWN	PENDING
004333	src/remote64/hashfile.asm	.asm	4115	162	DCE1AE81BF3FC6116CBFA397D9F7549C463EBD91ABE60A6FBC1857585D88AA7D	src/remote64	UNKNOWN	UNKNOWN	PENDING
004334	src/remote64/input.asm	.asm	586	29	67D89A6F5EDA6DD6CB77DFB8C4FAC3D151D6FEF82ECE98A9439454C249DC34BD	src/remote64	UNKNOWN	UNKNOWN	PENDING
004335	src/remote64/keepalive.asm	.asm	261	13	3EB58D9F0565F7D72472DE37EC22C998826B95807F8E97ED4D8593BB0BA4019F	src/remote64	UNKNOWN	UNKNOWN	PENDING
004336	src/remote64/memory.asm	.asm	719	43	212E88B2595E9A6ECC199FCD590AA4BF5693BBD51ECF69CF3DA254F355146B4F	src/remote64	UNKNOWN	UNKNOWN	PENDING
004337	src/remote64/multimon.asm	.asm	713	31	91180F78B3B1A8DF9A659A034FCEFAF74AAECE36E4BCD817923EC56E5825169A	src/remote64	UNKNOWN	UNKNOWN	PENDING
004338	src/remote64/parity_selftest.asm	.asm	774	38	97E48EC9B9B7F08F7E4D88152F01EB11B079A418AAB6B9DC27FA738C14C231FE	src/remote64	UNKNOWN	UNKNOWN	PENDING
004339	src/remote64/permissions.asm	.asm	336	18	273C4FFAD0025DF44C7C648D71BFF646C5939354D5898E7C2E6A08C0421A494C	src/remote64	UNKNOWN	UNKNOWN	PENDING
004340	src/remote64/protocol.asm	.asm	1504	63	958B095AFEBA7A55313AC49AC2FBED8CBB787265290413DEC009A9C6769F2646	src/remote64	UNKNOWN	UNKNOWN	PENDING
004341	src/remote64/quality.asm	.asm	476	24	6865720F9BFA9974A0BF0DF5A025EFC07E75807E83CAD3E52426E0A608A72324	src/remote64	UNKNOWN	UNKNOWN	PENDING
004342	src/remote64/reconnect.asm	.asm	384	22	386E0DAF797AACECA62A7EB91F72B5DE500635C9B83946CAAB2A1A7D4B2FE244	src/remote64	UNKNOWN	UNKNOWN	PENDING
004343	src/remote64/remote.inc	.inc	2742	128	FE06F96B15BD49C5A371F391F0EA9B7A081163CB00D5CC27D079682CDF0034D2	src/remote64	UNKNOWN	UNKNOWN	PENDING
004344	src/remote64/remote64_bridge.cpp	.cpp	3100	82	1A12BA2C57D3CF0622F028C18905E9AC4C9D924012E0FD4BEEB18DC1082F000C	src/remote64	UNKNOWN	UNKNOWN	PENDING
004345	src/remote64/remote64_bridge.h	.h	3088	79	275939D43FF8E019E4C4F0A5ACF2427B35935878E845A03B622D86518EC98112	src/remote64	UNKNOWN	UNKNOWN	PENDING
004346	src/remote64/resume.asm	.asm	290	14	9C40930DE16C6E4F1519F847C55941A62233CB9BA4DBF9789F8348A24D755DD5	src/remote64	UNKNOWN	UNKNOWN	PENDING
004347	src/remote64/scale.asm	.asm	590	30	9A88455FD6513A617AC19DADB033C8A432D74EEEF2E2A64DD47C5C35A30728A0	src/remote64	UNKNOWN	UNKNOWN	PENDING
004348	src/remote64/selftest.asm	.asm	1672	79	21269883376237B754A900AC0273A1A8BCEF8ABE231A94A2A8B940DC0E8ED162	src/remote64	UNKNOWN	UNKNOWN	PENDING
004349	src/remote64/session.asm	.asm	1977	64	EA0CA4D9576E11A9FCAD77DE5536892DA555B63641CBBE19AC647E87EFD80E3A	src/remote64	UNKNOWN	UNKNOWN	PENDING
004350	src/remote64/shutdown.asm	.asm	343	19	2CB88118D0D18370D309EE6CBD282154CD131327A25A64F54673CA1AC5F0E2E2	src/remote64	UNKNOWN	UNKNOWN	PENDING
004351	src/remote64/stats.asm	.asm	624	31	2290BD45C0BF444BBF322328B71B26692504C8E77D3ACA472E8A05884E8F9D45	src/remote64	UNKNOWN	UNKNOWN	PENDING
004352	src/remote64/tiles.asm	.asm	1776	101	B73AD49C69B827275608947DC09362586E160DF90403C7170CA2582FBE007A1F	src/remote64	UNKNOWN	UNKNOWN	PENDING
004353	src/remote64/transport.asm	.asm	5472	284	BCCAA208EE96BCF574602F892D4AFCA13F089E1EF1AF53F9E67D25289362E24C	src/remote64	UNKNOWN	UNKNOWN	PENDING
004354	src/remote64/viewer.asm	.asm	3169	145	86AB1892794C933CE7DF435D9156C191F62D4AE2172B5064053FF1E52906B1B4	src/remote64	UNKNOWN	UNKNOWN	PENDING
004355	src/repo/ASTCache.cpp	.cpp	17657	485	E3C5C9C2DE88E6749ACB3F3F71D8AF08129A4F209A670DF7038253288CB5C2DD	src/repo	UNKNOWN	UNKNOWN	PENDING
004356	src/repo/ASTCache.hpp	.hpp	2193	75	CE3C9D3A1CFB339D4CF24C19FA3F72AB3644D656ED35C4245918F24A04442C0C	src/repo	UNKNOWN	UNKNOWN	PENDING
004357	src/repo/CallGraph.cpp	.cpp	13124	375	0F5522F767956F58C1BA2B7A105FC99CA35D9384DF26B36DFAAF678C2E95161D	src/repo	UNKNOWN	UNKNOWN	PENDING
004358	src/repo/CallGraph.hpp	.hpp	3031	75	82483E238B2BAD1DC8ADC62D12BC39CA98141BC8D624AD030304A67814FAEE30	src/repo	UNKNOWN	UNKNOWN	PENDING
004359	src/repo/EmbeddingIndex.cpp	.cpp	5646	168	3A4D445FC9E2BB677E1A220748EE8D43634DB100FD1F36C27E468726A85E5DCB	src/repo	UNKNOWN	UNKNOWN	PENDING
004360	src/repo/EmbeddingIndex.hpp	.hpp	1261	46	C81ACE52A97A6D183B7F936276AB1E46275E522468ECE06D48D95084296DCC5C	src/repo	UNKNOWN	UNKNOWN	PENDING
004361	src/repo/FileIndex.cpp	.cpp	14425	456	2295304FC5D7515894B4965DB2A37D02E2ADFCC35763C4F47B0011A9F0DCA321	src/repo	UNKNOWN	UNKNOWN	PENDING
004362	src/repo/FileIndex.hpp	.hpp	1500	58	F935C90E490FEA4A99AA78AFC266DEAA8CCE674A6DDE5320DFC9F4845E685B73	src/repo	UNKNOWN	UNKNOWN	PENDING
004363	src/repo/IncludeGraph.cpp	.cpp	11721	354	E9E4C5CE07B8D99C1A86CBB559AD7A51FCF0287A593316602D553F75509394AD	src/repo	UNKNOWN	UNKNOWN	PENDING
004364	src/repo/IncludeGraph.hpp	.hpp	2327	70	60D6D3BE669AB39E9BCCBD561B949F3FDE410311C1211BC57AFC7607C38C362A	src/repo	UNKNOWN	UNKNOWN	PENDING
004365	src/repo/RepositoryIntelligence.hpp	.hpp	14395	400	53B15DAF70A4C42D1B468D45559309C2F352312199F25F42E8F1B76EF4081404	src/repo	UNKNOWN	UNKNOWN	PENDING
004366	src/repo/SearchIndex.cpp	.cpp	9995	297	E6389CD03B0AB249952D7140203DC9B61971A8440C73E90268243D5175B277B9	src/repo	UNKNOWN	UNKNOWN	PENDING
004367	src/repo/SearchIndex.hpp	.hpp	1231	48	CA076B54ECA60F7435BF7F3279B85787D67051B2482E7C4CF2E85DBDC6D71B44	src/repo	UNKNOWN	UNKNOWN	PENDING
004368	src/repo/SymbolTable.cpp	.cpp	6428	163	98EE178BCE1CF0C2FA9EEC3421E6904CA999368CEA149E7DB615AFF33FC62E69	src/repo	UNKNOWN	UNKNOWN	PENDING
004369	src/repo/SymbolTable.hpp	.hpp	2099	73	1B9CFA27B8C71D6D41356D8AF45D017F62BC2E046082A7C9245DE3172E293FFE	src/repo	UNKNOWN	UNKNOWN	PENDING
004370	src/repo/TypeDatabase.cpp	.cpp	10666	313	3AE0448F0BA4F302ECDCF135566BA7D6A2599FEE839E794EEA058C1051C1C273	src/repo	UNKNOWN	UNKNOWN	PENDING
004371	src/repo/TypeDatabase.hpp	.hpp	3271	101	2479D399461CFF4BFCCC32AC4492A95D48CF8F0EC0EF04B2635D97D3F3F815C1	src/repo	UNKNOWN	UNKNOWN	PENDING
004372	src/repointel/RepoIntelCli.cpp	.cpp	14610	373	778C005952F6C4588EE2137DC39B773E0208CE68EAF1AB6953F8EE8BB35E635C	src/repointel	UNKNOWN	UNKNOWN	PENDING
004373	src/repointel/RepoIntelCli.hpp	.hpp	1612	40	32B189963FCE4183CB3522BE1C0B617DE2C5035662E2D9F7E1C3770E1207742A	src/repointel	UNKNOWN	UNKNOWN	PENDING
004374	src/repointel/RepositoryIntelligence.cpp	.cpp	58884	1598	5D966CEB08750683E45894205AC2DBCA389B47140F55FE42078B57B89B941605	src/repointel	UNKNOWN	UNKNOWN	PENDING
004375	src/repointel/RepositoryIntelligence.hpp	.hpp	12849	327	CAD29233F0282A243CCB1A403FDD7DC9C230D6082151EBF01263CAA030C54CB2	src/repointel	UNKNOWN	UNKNOWN	PENDING
004376	src/repointel/RepositoryUniverse.cpp	.cpp	13238	383	0D8B5228D1B5C6033D11C4FCE0C4D275F5EEC6094BB10E37149049A674C8BFA9	src/repointel	UNKNOWN	UNKNOWN	PENDING
004377	src/repointel/RepositoryUniverse.hpp	.hpp	4987	109	AC8D238621BE366E18FF7C570B8CAB06138899A8783A1872E0FFF4D21F1CE6A9	src/repointel	UNKNOWN	UNKNOWN	PENDING
004378	src/repointel/ScopeTree.cpp	.cpp	40564	996	9DE6287EF2831926B22FAB160B6B586C0D2887E7F295AF6C884A339EAB265810	src/repointel	UNKNOWN	UNKNOWN	PENDING
004379	src/repointel/ScopeTree.hpp	.hpp	4817	148	8262F1E2EAF58A783122ED76E13ED17965DDF3AC967CC04C656D8B213950647E	src/repointel	UNKNOWN	UNKNOWN	PENDING
004380	src/repository/CMakeLists.txt	.txt	1040	35	62E44B4DF5007CE0FAA5D6FFD7ACB70FCB765CA05A2EAA84F42A04EBAC4641F4	src/repository	UNKNOWN	UNKNOWN	PENDING
004381	src/repository/RepositoryIntelligence.cpp	.cpp	27111	821	A41A3BA194F916201178A245688A6D07C8A82F19627FB50A55F180E9266C838F	src/repository	UNKNOWN	UNKNOWN	PENDING
004382	src/repository/RepositoryIntelligence.hpp	.hpp	9159	244	B35BD0A243D09E79D65E2A0DA0B475C67E470B54B8835E76D16683D211B350F8	src/repository	UNKNOWN	UNKNOWN	PENDING
004383	src/res/Resource.rc	.rc	1889	54	4975CA5BC7C2170792491CF3EA969D425F4028F5149AFFA2EB9B50536CE75D9B	src/res	UNKNOWN	UNKNOWN	PENDING
004384	src/reverse_engineering/abi_validator.cpp	.cpp	16180	526	BF34833D0772BC8B23831DA08F227BB11E382864BCC2B7A6ACC24D8F0D7E7CFE	src/reverse_engineering	UNKNOWN	UNKNOWN	PENDING
004385	src/reverse_engineering/abi_validator_simple.cpp	.cpp	13056	391	3A05F0583BAF9047411E83A2461BBFEB7442B8D7AB60829C94DC82B9A65C3387	src/reverse_engineering	UNKNOWN	UNKNOWN	PENDING
004386	src/reverse_engineering/abi_validator_simple_backup.cpp	.cpp	13508	406	E35F265DCFC145F5DA0AB482F27495937554DEA413A75C2336BFBCA26F67346F	src/reverse_engineering	UNKNOWN	UNKNOWN	PENDING
004387	src/reverse_engineering/binary_patcher.cpp	.cpp	55065	1680	F601EC25FFD3695C2EC41D0B7B964D8C76A88662B2AB4D02C02C4A18905ABA85	src/reverse_engineering	UNKNOWN	UNKNOWN	PENDING
004388	src/reverse_engineering/binary_patcher.h	.h	13616	366	64DF5D73F14F39D7E71F5A864DD4BEF03DF1EC75F5B6B173D35E1C8752A357EF	src/reverse_engineering	UNKNOWN	UNKNOWN	PENDING
004389	src/reverse_engineering/build_abi_validator.bat	.bat	2603	76	12F543F57384ED483707ECA4D59F3C91EFED9DE627A441576570D5AD7A9FC230	src/reverse_engineering	UNKNOWN	UNKNOWN	PENDING
004390	src/reverse_engineering/build_codex_tools.bat	.bat	3769	104	2E7B3DB0C3FA41F980A2F3052D39838AE972B204DEC2149C743C64CF002DDE84	src/reverse_engineering	UNKNOWN	UNKNOWN	PENDING
004391	src/reverse_engineering/build_test_mips32_isolated.bat	.bat	669	21	E11A46DDDF7D2FF428A207E6736009D4C1DC6E8B5F1232CD8519367E12F2823E	src/reverse_engineering	UNKNOWN	UNKNOWN	PENDING
004392	src/reverse_engineering/build_test_mips32_isolated_clean.bat	.bat	550	21	A76BDB407CB4CE8CCC23DB3CD79331EBC8FA009DECD4FA81243FB07B1D1DEF9F	src/reverse_engineering	UNKNOWN	UNKNOWN	PENDING
004393	src/reverse_engineering/check_offsets.cpp	.cpp	1231	29	733A158EB5E0984DBFACD20A05BD95A867AA1257C242E4D6CBBCEFFF888F9647	src/reverse_engineering	UNKNOWN	UNKNOWN	PENDING
004394	src/reverse_engineering/CMakeLists.txt	.txt	9234	193	CFC5994DF8F470D0BED30F2D5B6483A776A49E9F2E0832BFE836FCE716FE0D14	src/reverse_engineering	UNKNOWN	UNKNOWN	PENDING
004395	src/reverse_engineering/cmake_install.cmake	.cmake	1471	45	706A158DEB00189D54CD45B88D03D13667B3604B34722FE6718EB010CE6D4B7C	src/reverse_engineering	UNKNOWN	UNKNOWN	PENDING
004396	src/reverse_engineering/codex_corpus_validator.cpp	.cpp	12592	247	A47BD0B3CD703DB7223B4BB6CC04D9EA279BE71E122C6A0DE651795DE3E00562	src/reverse_engineering	UNKNOWN	UNKNOWN	PENDING
004397	src/reverse_engineering/codex_fuzz_harness.cpp	.cpp	9401	274	B6187D697CB502EC872AF1B828D97DA28A45706192855909F932F1DB9F90E332	src/reverse_engineering	UNKNOWN	UNKNOWN	PENDING
004398	src/reverse_engineering/codex_ide_integration.cpp	.cpp	10856	314	AFB1DF0F37BF7284D63FEA5EE9779A057206822439F927368B33114EBBD1A8AD	src/reverse_engineering	UNKNOWN	UNKNOWN	PENDING
004399	src/reverse_engineering/decompiler.cpp	.cpp	42486	1210	D398F58A1B1BAFCFD9524AE79ADD74FBB8FA20EBE67FFB1CFEA87C1FA1F19970	src/reverse_engineering	UNKNOWN	UNKNOWN	PENDING
004400	src/reverse_engineering/decompiler.h	.h	8511	195	E3A092CEB167C60940A38BFCB8F7BF9CAE340E6C5032F5AEA8AEB444A543211A	src/reverse_engineering	UNKNOWN	UNKNOWN	PENDING
004401	src/reverse_engineering/disassembler.cpp	.cpp	56096	1728	190D15C2B1E2377566FCA12C9B78DC3E527681ADA41C6F2B156549208FC1E6F9	src/reverse_engineering	UNKNOWN	UNKNOWN	PENDING
004402	src/reverse_engineering/disassembler.h	.h	12758	305	A72CB1F8B2511624C231F2743F813CBCA6469A4F04729A8FAAF9DB4A02A125F1	src/reverse_engineering	UNKNOWN	UNKNOWN	PENDING
004403	src/reverse_engineering/fuzzing_engine.cpp	.cpp	19964	624	B0CC052E5F9E93780705445874131C8DFF96553ACA5B405670542A8F91B042D7	src/reverse_engineering	UNKNOWN	UNKNOWN	PENDING
004404	src/reverse_engineering/mips32_standalone_test.cpp	.cpp	1586	47	0F0C87661562E26A3605F30FC8DDA9EB5EC8F8FE4C988B64981262136C9E7623	src/reverse_engineering	UNKNOWN	UNKNOWN	PENDING
004405	src/reverse_engineering/pe_analyzer.cpp	.cpp	62914	1844	2D72493B7CFF51DAA8C8BDC1CCDB0D277ABC7ACB343C6926F18C68362F666AC0	src/reverse_engineering	UNKNOWN	UNKNOWN	PENDING
004406	src/reverse_engineering/pe_analyzer.h	.h	13429	303	3222081FBF241722EF74376D0803A3A4F33FAF1012906CB98E3B381FDDE41386	src/reverse_engineering	UNKNOWN	UNKNOWN	PENDING
004407	src/reverse_engineering/RawrCodex.hpp	.hpp	131173	2959	DD010CF1644F9CD492F725022EBDB17ADB2357A1636619DF081D951BBD3560F6	src/reverse_engineering	UNKNOWN	UNKNOWN	PENDING
004408	src/reverse_engineering/RawrCodex_Multi.cpp	.cpp	4150	148	DB49C90C15D2D403C3A2558CB82FE69D94FF5CB2F37637E28ACC2DE8F6A3E7F0	src/reverse_engineering	UNKNOWN	UNKNOWN	PENDING
004409	src/reverse_engineering/RawrCodex_Multi.hpp	.hpp	6306	225	BCBF98C7B6537FA9E9DEE03B23F99074F7808BDB33CC6E5393D94D7613370BD1	src/reverse_engineering	UNKNOWN	UNKNOWN	PENDING
004410	src/reverse_engineering/RawrCodex_Multi_Structured.hpp	.hpp	9334	316	FFD3FD127EFEA95956E5C29B4BD92D04A68E68BC8A74512A44803790A8F45074	src/reverse_engineering	UNKNOWN	UNKNOWN	PENDING
004411	src/reverse_engineering/RawrCodex_Multi_v2.hpp	.hpp	21038	628	1328959B295085908ED9E23098B76B88065E4929163D5420C0F20DBA3A3438DC	src/reverse_engineering	UNKNOWN	UNKNOWN	PENDING
004412	src/reverse_engineering/RawrCompiler.hpp	.hpp	24426	674	A4AF633C55047E43A1D547B4CF422AC40D8418B043836B63F61F3FFA8E23ECAC	src/reverse_engineering	UNKNOWN	UNKNOWN	PENDING
004413	src/reverse_engineering/RawrDumpBin.hpp	.hpp	10687	315	8B684D009ECEB1E822B8F65532556AAB28206A160E51B70BB1DF9CF699AD67C7	src/reverse_engineering	UNKNOWN	UNKNOWN	PENDING
004414	src/reverse_engineering/RawrReverseEngine.hpp	.hpp	38944	1010	ABE71ACDEAFAEF779FCEA74E72168164729365A10CA4DAAAFEDF0281AE650122	src/reverse_engineering	UNKNOWN	UNKNOWN	PENDING
004415	src/reverse_engineering/re_api.hpp	.hpp	3552	119	4F9BDFB1BA5A48F2B413DE435697BE3A184FB67983FB148EDECC3B0461975D23	src/reverse_engineering	UNKNOWN	UNKNOWN	PENDING
004416	src/reverse_engineering/re_api_bridge.cpp	.cpp	22312	529	399810D58199B75D612ACC45F1CF011F2886F4649C6BB1F53ED558FEC545984E	src/reverse_engineering	UNKNOWN	UNKNOWN	PENDING
004417	src/reverse_engineering/simple_mips32_test.cpp	.cpp	863	29	C3E4028E7FFD6A5ADC98D1F650D8A73D4326A23518D133169313F818514CE484	src/reverse_engineering	UNKNOWN	UNKNOWN	PENDING
004418	src/reverse_engineering/test_mips32_isolated.cpp	.cpp	990	31	F7F7A98D905EB0761DF19802854D9145EB7493064B89ADC28683967E5079A7D5	src/reverse_engineering	UNKNOWN	UNKNOWN	PENDING
004419	src/reverse_engineering/test_multi_arch.cpp	.cpp	5537	164	7394E9271C8A9AECCD0A6B722CBF966639A631568ACE4E0561B796EF1B1023B0	src/reverse_engineering	UNKNOWN	UNKNOWN	PENDING
004420	src/reverse_engineering/test_multi_arch_simple.cpp	.cpp	7448	261	5936A73B021B7A74E90E6475F9654CF5553C2E0BD83B6882F4F2A9C963071E63	src/reverse_engineering	UNKNOWN	UNKNOWN	PENDING
004421	src/reverse_engineering/test_simple_decoder.cpp	.cpp	3032	89	710E8CB90F38BA67CDF727BD6A12DEF9D8FF0DABB579CED35EF3366B64B66C71	src/reverse_engineering	UNKNOWN	UNKNOWN	PENDING
004422	src/reverse_engineering/deobfuscator/build_deobf.bat	.bat	1686	57	982F6E2D25271F655FD9411FA35E589C0CD8EE6D0AA7A22AEB8E361F5BACCF10	src/reverse_engineering	UNKNOWN	UNKNOWN	PENDING
004423	src/reverse_engineering/deobfuscator/RawrXD_Deobfuscator.inc	.inc	6275	251	E3BCBFD8EF229E9600D4C86E4C3DFEF1B7C58152CC26E2607350ABAED933FDD5	src/reverse_engineering	UNKNOWN	UNKNOWN	PENDING
004424	src/reverse_engineering/deobfuscator/RawrXD_MetaReverse.asm	.asm	19560	951	AC134C379D96F9D99DB8793A9D7BAC68855FE0582D678D97B9F6A640A78A557F	src/reverse_engineering	UNKNOWN	UNKNOWN	PENDING
004425	src/reverse_engineering/deobfuscator/RawrXD_OmegaDeobfuscator.asm	.asm	29811	1299	D3ABCC60A9F947A77F5100033515FBC0F61F65923A4EC757511E91FF110A4E25	src/reverse_engineering	UNKNOWN	UNKNOWN	PENDING
004426	src/reverse_engineering/deobfuscator/RawrXD_Titan_MetaReverse.asm	.asm	13660	426	7EF0B0EA996137CF5C205FD132E969278B221E942602C87CD654C8B8A8039C7E	src/reverse_engineering	UNKNOWN	UNKNOWN	PENDING
004427	src/reverse_engineering/deobfuscator/test_deobf.cpp	.cpp	1990	56	152DBE2B7A1240E44205C8E051EF20938CBA42B07D6AB1385C4654F66A1EBD84	src/reverse_engineering	UNKNOWN	UNKNOWN	PENDING
004428	src/reverse_engineering/model_reverse/model-llm-harvester.asm	.asm	3959	129	A5053716E56704A2750B0DDBDF0C272B1D5D61D9143345A938F052F3BCED219B	src/reverse_engineering	UNKNOWN	UNKNOWN	PENDING
004429	src/reverse_engineering/omega_suite/build_omega_suite.bat	.bat	3704	119	78EC8EF9AC8336B91718437A16BAA26825BCB84C511923D15DA6AE5F6E292B6A	src/reverse_engineering	UNKNOWN	UNKNOWN	PENDING
004430	src/reverse_engineering/omega_suite/src_variants/CodexPro.asm	.asm	26997	988	5C0058D8F80BEFC547F9947E79AD528D7A7EE45B7284BCF5612FDC9206E33FA5	src/reverse_engineering	UNKNOWN	UNKNOWN	PENDING
004431	src/reverse_engineering/omega_suite/src_variants/CodexUltimate.asm	.asm	45047	1560	07E9F3B92B93B569A28AE5D3E905D36A8DD20DC546C6F4CE26F719812D95C7B0	src/reverse_engineering	UNKNOWN	UNKNOWN	PENDING
004432	src/reverse_engineering/omega_suite/src_variants/CodexUltimate_fixed.asm	.asm	27950	1035	1873C937A1E90A066A3BE78854D129EF3E0F364C200A7BAA4DC936563F7693F4	src/reverse_engineering	UNKNOWN	UNKNOWN	PENDING
004433	src/reverse_engineering/omega_suite/src_variants/CodexUltimate_simple.asm	.asm	27476	1015	7853DB20E07A07D9F94D536218B6166DF1E5E565743AA878DFFCFB17CD2179DD	src/reverse_engineering	UNKNOWN	UNKNOWN	PENDING
004434	src/reverse_engineering/omega_suite/src_variants/OmegaPro.asm	.asm	24539	992	A7FB61A103D1713426C93D18BABA6996152A013A8C86A3DFE1253C3D5E2CD7B0	src/reverse_engineering	UNKNOWN	UNKNOWN	PENDING
004435	src/reverse_engineering/omega_suite/src_variants/omega_crx.asm	.asm	8690	80	3ABA9B83A2953FD9C93F6518496F1949D6675C9E77ECCD81E1BFDCBF8B44F5D2	src/reverse_engineering	UNKNOWN	UNKNOWN	PENDING
004436	src/reverse_engineering/omega_suite/src_variants/omega_final.asm	.asm	16664	663	9C6D96FF0222F8214253E58D0155BAAD25208A1195FAB164F154395920360478	src/reverse_engineering	UNKNOWN	UNKNOWN	PENDING
004437	src/reverse_engineering/omega_suite/src_variants/omega_final_working.asm	.asm	19945	699	7DB43BA800DB6472E9B41C9D7D679B6D4E955D7F2A63BD5038A810D233807698	src/reverse_engineering	UNKNOWN	UNKNOWN	PENDING
004438	src/reverse_engineering/omega_suite/src_variants/omega_max_v31.asm	.asm	20199	313	F80149D67A919F129069CA9269FF8C25F5791A02CE07451D632F7A42EC7B86A1	src/reverse_engineering	UNKNOWN	UNKNOWN	PENDING
004439	src/reverse_engineering/omega_suite/src_variants/omega_pro.asm	.asm	15392	125	E0B274125E62CE34FA5E8AE56B5B08003D6C1051EC3C3FC6A392935CD714D963	src/reverse_engineering	UNKNOWN	UNKNOWN	PENDING
004440	src/reverse_engineering/omega_suite/src_variants/omega_professional.asm	.asm	30478	1223	959F39E54A75D2D8E45BAAAD1B29298EE5B9872C0267B370839345935E3E05B9	src/reverse_engineering	UNKNOWN	UNKNOWN	PENDING
004441	src/reverse_engineering/omega_suite/src_variants/omega_pro_maximum.asm	.asm	26171	1312	F23B65F6E22A22723B6A2EEEEE103B62273332A0E6411928E30C50B7BC1D67E1	src/reverse_engineering	UNKNOWN	UNKNOWN	PENDING
004442	src/reverse_engineering/omega_suite/src_variants/omega_pro_v4.asm	.asm	14908	204	179ACEB8642F638EDD8F10D3CE3F990AC95E9A3208131ECEFDBCF16B7BD48C1C	src/reverse_engineering	UNKNOWN	UNKNOWN	PENDING
004443	src/reverse_engineering/omega_suite/src_variants/omega_simple.asm	.asm	8509	331	6328A95E40B26CEEBDD7AE05B0AAAF4F765512A4110977D2F1D01F26904875C4	src/reverse_engineering	UNKNOWN	UNKNOWN	PENDING
004444	src/reverse_engineering/omega_suite/v3/OmegaProProfessional.asm	.asm	16181	295	4C99EC0D59BEA7A3C50B1D54AE58720E56F528D781CDDC6E3B54F8BAD549905A	src/reverse_engineering	UNKNOWN	UNKNOWN	PENDING
004445	src/reverse_engineering/omega_suite/v3/OmegaProProfessional_fixed.asm	.asm	13329	718	D62A215FA39E1A82BB75152EE70B668141BD02083B45851E56ADBC0C64CD630C	src/reverse_engineering	UNKNOWN	UNKNOWN	PENDING
004446	src/reverse_engineering/omega_suite/v3/OmegaPro_v3_fixed.asm	.asm	16131	778	18132B7DA6FD542804D5E5786A8D7BFA02861369DD9DB67FEF6FFA0DF3E71286	src/reverse_engineering	UNKNOWN	UNKNOWN	PENDING
004447	src/reverse_engineering/omega_suite/v3/omega_pro.asm	.asm	10904	438	4750F1BDA8009E8C8D4BF0B709B1AD20DD4912B64C789BA71309E2328056986E	src/reverse_engineering	UNKNOWN	UNKNOWN	PENDING
004448	src/reverse_engineering/omega_suite/v3/omega_pro_root.asm	.asm	15107	704	32DA2F3A820C3282F9CEF8D0F91F58813CA77F9020093B62C15C6A392C3668ED	src/reverse_engineering	UNKNOWN	UNKNOWN	PENDING
004449	src/reverse_engineering/omega_suite/v3/omega_pro_v3.asm	.asm	15189	779	A5FD2DD8F3CFB7EDB5064F6F580E7DE1F0A7FF519021AF837C90B0455E355507	src/reverse_engineering	UNKNOWN	UNKNOWN	PENDING
004450	src/reverse_engineering/omega_suite/v3/omega_simple.asm	.asm	4245	191	A778322A817F774C6E6D930C670536951A37903F92654BBFB1799D5530075E89	src/reverse_engineering	UNKNOWN	UNKNOWN	PENDING
004451	src/reverse_engineering/omega_suite/v3/test_omega.asm	.asm	2153	109	1E079B94E0EAEC48F5D3F48BEF45E9FCE45EAE2623835FCAD2700FD14F961BC7	src/reverse_engineering	UNKNOWN	UNKNOWN	PENDING
004452	src/reverse_engineering/omega_suite/v4/OmegaPolyglotMax.asm	.asm	9753	114	014C1250424477A25A6D4D84FA13C4A4C19827AA8DD5AD162671DC4597812892	src/reverse_engineering	UNKNOWN	UNKNOWN	PENDING
004453	src/reverse_engineering/omega_suite/v4/OmegaPolyglotPro.asm	.asm	50174	1224	7E2D02922044C19B7807FF401CD24B343D428ACAE7DE11FF8E01B8762736D846	src/reverse_engineering	UNKNOWN	UNKNOWN	PENDING
004454	src/reverse_engineering/omega_suite/v4/OmegaPolyglot_v4.asm	.asm	16961	887	A6DD20AB8F05EB7FF30D7BC381B3194429942D0B00C024DD64225B577CA9472A	src/reverse_engineering	UNKNOWN	UNKNOWN	PENDING
004455	src/reverse_engineering/omega_suite/v4/OmegaPolyglot_v4_fixed.asm	.asm	11493	340	178A4EAA1030F14CA10D3C5F9862966071967695B58A44FEBC08FDB984C48FF4	src/reverse_engineering	UNKNOWN	UNKNOWN	PENDING
004456	src/reverse_engineering/omega_suite/v4/omega_pro_v4.asm	.asm	14281	138	BA4E3D990AE4920459BEA9D3292D78B4A5B7D2E8E142853AC8DB33BF725005C4	src/reverse_engineering	UNKNOWN	UNKNOWN	PENDING
004457	src/reverse_engineering/omega_suite/v5/Omega-Install-Reverser-Protected.asm	.asm	13698	537	7B5F9CD2A11FBA272A9B37B2766D0703431BF1EAF87672C59324C77719A133ED	src/reverse_engineering	UNKNOWN	UNKNOWN	PENDING
004458	src/reverse_engineering/omega_suite/v7/CodexAIReverseEngine.asm	.asm	41194	1206	2EA94C168F66DBEE72C486FE2F25B75214C710AC0EE2B6FA297AD61B02A48D6D	src/reverse_engineering	UNKNOWN	UNKNOWN	PENDING
004459	src/reverse_engineering/omega_suite/v7/CodexPro.asm	.asm	39283	1289	63CD32D4CF200E58F7D88DBB7E8C66996C91E83BCB55FFC86A18BB31C5022355	src/reverse_engineering	UNKNOWN	UNKNOWN	PENDING
004460	src/reverse_engineering/omega_suite/v7/CodexProfessional.asm	.asm	29883	1001	36831C16E9DF055DE24FC0651C9946E4B7316CDAD664C1A629B6C0906DB31F0B	src/reverse_engineering	UNKNOWN	UNKNOWN	PENDING
004461	src/reverse_engineering/omega_suite/v7/CodexReverse.asm	.asm	42793	1506	3995B855F2C70A8B9BD4F091F54A79CFA285412E181BE8D67DA2DED1DFACB0DC	src/reverse_engineering	UNKNOWN	UNKNOWN	PENDING
004462	src/reverse_engineering/omega_suite/v7/CodexUltimate.asm	.asm	70056	2349	DAB0E830E6EBB5CA71D9044CB7E5DFCF95E46490DF1B2057CCEEF1DC3E83E589	src/reverse_engineering	UNKNOWN	UNKNOWN	PENDING
004463	src/reverse_engineering/omega_suite/v7/CodexUltra.asm	.asm	30403	996	9E65E13BB753CC6E3A86453471E37E6D9DAE89802D5DBD1B46B64DD370EE7F7D	src/reverse_engineering	UNKNOWN	UNKNOWN	PENDING
004464	src/reverse_engineering/pe_tools/re_tools.cpp	.cpp	4126	114	D3832FBBBEA0941CEEC4DAC71C27B004FCD42B6EEC1644FADF1574F0E547A4A6	src/reverse_engineering	UNKNOWN	UNKNOWN	PENDING
004465	src/reverse_engineering/pe_tools/re_tools.h	.h	119	5	C450D5DE0FE37F4C7A51380AFDDFDA606248E10BBC6FD4AC00EB0DB65497135B	src/reverse_engineering	UNKNOWN	UNKNOWN	PENDING
004466	src/reverse_engineering/reverser_compiler/bootstrap_reverser.asm	.asm	10390	460	29147683C19636219F8EBC39E334AFA384D466158F372C47E93C17666B79EE2E	src/reverse_engineering	UNKNOWN	UNKNOWN	PENDING
004467	src/reverse_engineering/reverser_compiler/build_reverser.bat	.bat	3608	113	39BE6599A3BB00DD663E862793B84B3EA2DB6BC83F89240C6E9B9F5A0F559D9E	src/reverse_engineering	UNKNOWN	UNKNOWN	PENDING
004468	src/reverse_engineering/reverser_compiler/reverser_ast.asm	.asm	208	9	C79063A01FF305CAFF9B55DF20B21EC70FC3751C27D6BE11DE07D8E9AC2F6427	src/reverse_engineering	UNKNOWN	UNKNOWN	PENDING
004469	src/reverse_engineering/reverser_compiler/reverser_bytecode_gen.asm	.asm	241	9	D00E8478F29BA4CD09768CE409B80B86464635647315216389CACFF6CB11CDB8	src/reverse_engineering	UNKNOWN	UNKNOWN	PENDING
004470	src/reverse_engineering/reverser_compiler/reverser_compiler.asm	.asm	228	9	776C9FAA9E197E8ACFAE57D64FFDCCD7AB36D2064EFC66890FB4773C34D464D4	src/reverse_engineering	UNKNOWN	UNKNOWN	PENDING
004471	src/reverse_engineering/reverser_compiler/reverser_compiler_from_scratch.asm	.asm	1968	1	04147A05066A13F7CAEF7209C2ED8DC1C255B43EFE3316F90C4456515F5CF56D	src/reverse_engineering	UNKNOWN	UNKNOWN	PENDING
004472	src/reverse_engineering/reverser_compiler/reverser_compiler_from_scratch_patched.asm	.asm	2048	6	C4CA7DBDF413F76A31782C29CE6296DC4F80C01A2DEDE330D7E34FFB3ABBE155	src/reverse_engineering	UNKNOWN	UNKNOWN	PENDING
004473	src/reverse_engineering/reverser_compiler/reverser_compiler_patched.asm	.asm	22131	6	BDF72C200C783957A9CDC7330D6A6C879F7B509FA695FED702398B0EA3F2CD61	src/reverse_engineering	UNKNOWN	UNKNOWN	PENDING
004474	src/reverse_engineering/reverser_compiler/reverser_lexer.asm	.asm	216	9	477BE02990B096A91F23211BCC8AEA50FA9554162EDC2AAECA3082044AA5F90A	src/reverse_engineering	UNKNOWN	UNKNOWN	PENDING
004475	src/reverse_engineering/reverser_compiler/reverser_parser.asm	.asm	220	9	CDF382A5833846E7AF358D8595FDC323C006A93B555907AF46F390E6B1C10207	src/reverse_engineering	UNKNOWN	UNKNOWN	PENDING
004476	src/reverse_engineering/reverser_compiler/reverser_platform.asm	.asm	228	9	8F9770BB9DB2FB1C16C8F03A84F83501FEBAE82AF709A19B0E4314F2F11CD476	src/reverse_engineering	UNKNOWN	UNKNOWN	PENDING
004477	src/reverse_engineering/reverser_compiler/reverser_runtime.asm	.asm	224	9	372673E7649EE4CFB1D171CB9305A9CA0E071387F60E6DC6AD936DE0F2D44F85	src/reverse_engineering	UNKNOWN	UNKNOWN	PENDING
004478	src/reverse_engineering/reverser_compiler/reverser_syscalls.asm	.asm	228	9	762A93A33F9263887406E88F29BEC698E2A9322E0B15CAE28D24069432BF554E	src/reverse_engineering	UNKNOWN	UNKNOWN	PENDING
004479	src/reverse_engineering/reverser_compiler/reverser_test_suite.asm	.asm	233	9	B2170C0FD4926268406818E9C96827A5B5AF6665A6865216D3DBC0EBBAABE0A8	src/reverse_engineering	UNKNOWN	UNKNOWN	PENDING
004480	src/reverse_engineering/reverser_compiler/reverser_vtable.asm	.asm	220	9	8A4272384BDAD8F201D3FA17E0575FC57FE4FEB3C457CAF34E979EFBF4437CAE	src/reverse_engineering	UNKNOWN	UNKNOWN	PENDING
004481	src/reverse_engineering/reverser_compiler/tests/reverser_test_suite.asm	.asm	17857	1	80CC18494382ACAA125A7DF15FCB22D4E733CDBB1777193731B0828A3291F3F4	src/reverse_engineering	UNKNOWN	UNKNOWN	PENDING
004482	src/reverse_engineering/reverser_compiler/tests/test_reverser_lexer.asm	.asm	233	9	4559246AAE76E0144131A0D314B5E765CE67D10B185E631C32EC5D9F30CECDC5	src/reverse_engineering	UNKNOWN	UNKNOWN	PENDING
004483	src/reverse_engineering/reverser_compiler/tests/test_reverser_parser.asm	.asm	4296	216	8ADE0E49D54135771FE0BBA24AC7A78D56DC6E8FEE9C3F28013A4E543AE7F905	src/reverse_engineering	UNKNOWN	UNKNOWN	PENDING
004484	src/reverse_engineering/reverser_compiler/tests/test_reverser_platform.asm	.asm	5831	274	9AAB6D99B1BC2894DAE373A72EB55776376E578B0BF14A21FBF838D66EFD05CD	src/reverse_engineering	UNKNOWN	UNKNOWN	PENDING
004485	src/reverse_engineering/reverser_compiler/tests/test_reverser_runtime.asm	.asm	6303	296	E62027AE003866E328B83F258095D9B7D9890D49FFFEBD20AFA374D6D827B141	src/reverse_engineering	UNKNOWN	UNKNOWN	PENDING
004486	src/reverse_engineering/reverser_compiler/tests/test_reverser_vtable.asm	.asm	237	9	8ADD971E5BF89A5F5AA52D5CE97C8AB2EA7E5BA12E3DCA7D2D11A51A283F13C1	src/reverse_engineering	UNKNOWN	UNKNOWN	PENDING
004487	src/reverse_engineering/re_modules/gpu_dma_complete_reverse_engineered.asm	.asm	20640	782	320B6F36F30D8C9C90E82B2941F1E2A7716789EDB17FF9C6058C7A15F5EA189D	src/reverse_engineering	UNKNOWN	UNKNOWN	PENDING
004488	src/reverse_engineering/security_toolkit/RawrXD_IDE_unified.asm	.asm	24138	1093	85D00FCEC9226B2206CD3BE78888E5EB9E00597CDFFC12D648746FA5647D6A6C	src/reverse_engineering	UNKNOWN	UNKNOWN	PENDING
004489	src/runtime/CpuRouteProof.cpp	.cpp	1345	24	382B799FE4B762684D8D05604321EC63748E382793FC20FB75B27078F468AC0B	src/runtime	UNKNOWN	UNKNOWN	PENDING
004490	src/runtime/CpuRouteProof.h	.h	376	10	860A44119DA50B4F1D77A2AFD1C9557DA2036B5E77DEDAC0E72DEFE31DEDF39E	src/runtime	UNKNOWN	UNKNOWN	PENDING
004491	src/runtime/GpuRouteProof.cpp	.cpp	2125	34	DABDE77A7C80D32F20F9B3F9A3990036451BC42D6F65664BA9D98C1717BC9B77	src/runtime	UNKNOWN	UNKNOWN	PENDING
004492	src/runtime/GpuRouteProof.h	.h	474	13	2F5AB7CB87CF0E707FF068656C61A81BF0358F789BBAA6DA820EDAEF14BFDC4A	src/runtime	UNKNOWN	UNKNOWN	PENDING
004493	src/runtime/RouteTruthAuthority.cpp	.cpp	1492	33	74CC3510E2765109421B57BB3439370F2C05FB5BE18187E274CE2C1114E2CC09	src/runtime	UNKNOWN	UNKNOWN	PENDING
004494	src/runtime/RouteTruthAuthority.h	.h	542	16	7F9296D594078BE0F44BD0B0ACB2ED0F0035211E8102A82CC5E80FDAE0A58E97	src/runtime	UNKNOWN	UNKNOWN	PENDING
004495	src/runtime/ShutdownReasonAuthority.cpp	.cpp	1460	25	4329003596B604BE13D3DE640CAF0D8304AAB5F547FCA0020DA3A2331D9E8F02	src/runtime	UNKNOWN	UNKNOWN	PENDING
004496	src/runtime/ShutdownReasonAuthority.h	.h	567	15	6BFD3300BE0AF2B4D6A5472949AD4827DA5ADD92A58AA562B829A27E1A34BE48	src/runtime	UNKNOWN	UNKNOWN	PENDING
004497	src/runtime/StartupModeAuthority.cpp	.cpp	1805	37	D7F6DAC730B5AE09EC8E84A713A7F760A8E34DF3B2EC20321DD751C1658F592C	src/runtime	UNKNOWN	UNKNOWN	PENDING
004498	src/runtime/StartupModeAuthority.h	.h	462	11	9A507D857F03B6582CB621A3ABD39F397EB0B4C17F8409F969E8F13D53FF4CFF	src/runtime	UNKNOWN	UNKNOWN	PENDING
004499	src/runtime/StreamRouterAdapter.cpp	.cpp	2	1	7EB70257593DA06F682A3DDDA54A9D260D4FC514F645237F5CA74B08F8DA61A6	src/runtime	UNKNOWN	UNKNOWN	EXCLUDED_WITH_REASON
004500	src/runtime/TensorExecutionRouter.cpp	.cpp	2	1	7EB70257593DA06F682A3DDDA54A9D260D4FC514F645237F5CA74B08F8DA61A6	src/runtime	UNKNOWN	UNKNOWN	EXCLUDED_WITH_REASON
004501	src/runtime/memory/CapacityManager.cpp	.cpp	2	1	7EB70257593DA06F682A3DDDA54A9D260D4FC514F645237F5CA74B08F8DA61A6	src/runtime	UNKNOWN	UNKNOWN	EXCLUDED_WITH_REASON
004502	src/runtime/memory/PredictiveMemoryManager.cpp	.cpp	2	1	7EB70257593DA06F682A3DDDA54A9D260D4FC514F645237F5CA74B08F8DA61A6	src/runtime	UNKNOWN	UNKNOWN	EXCLUDED_WITH_REASON
004503	src/runtime/memory/ResidencyTracker.cpp	.cpp	2	1	7EB70257593DA06F682A3DDDA54A9D260D4FC514F645237F5CA74B08F8DA61A6	src/runtime	UNKNOWN	UNKNOWN	EXCLUDED_WITH_REASON
004504	src/runtime/memory/TensorPlacementManager.cpp	.cpp	2	1	7EB70257593DA06F682A3DDDA54A9D260D4FC514F645237F5CA74B08F8DA61A6	src/runtime	UNKNOWN	UNKNOWN	EXCLUDED_WITH_REASON
004505	src/runtime/memory/TransferScheduler.cpp	.cpp	5392	159	50F6044FA853AEE75E3D9EDF5C9AA865ED564968F98865871C198AE81E3B71CB	src/runtime	UNKNOWN	UNKNOWN	PENDING
004506	src/runtime/memory/TransferScheduler.hpp	.hpp	1276	57	78FF1F78BA826F975E2DB240C7CFCDDCE63BB7CE92C67B523A0F33198C6F5B89	src/runtime	UNKNOWN	UNKNOWN	PENDING
004507	src/runtime/memory/WorkingSetPredictor.cpp	.cpp	2	1	7EB70257593DA06F682A3DDDA54A9D260D4FC514F645237F5CA74B08F8DA61A6	src/runtime	UNKNOWN	UNKNOWN	EXCLUDED_WITH_REASON
004508	src/runtime/os/Artifact.hpp	.hpp	2399	86	6CD668847317C8846FC4B0998850E13AEBB6BF4C15F25E335417F6A5CC23D05C	src/runtime	UNKNOWN	UNKNOWN	PENDING
004509	src/runtime/os/capabilities.yaml	.yaml	28332	354	D741A7DAD09FB3153EBF584E524D6473CB436B93DB36AA7653B9CEE7DE9DFEF6	src/runtime	UNKNOWN	UNKNOWN	PENDING
004510	src/runtime/os/CapabilitySolver.cpp	.cpp	5505	147	640BC6AB209A152260B9E29EC44B90A48D63D24C4B344F6FC14208B18DA9052D	src/runtime	UNKNOWN	UNKNOWN	PENDING
004511	src/runtime/os/CapabilitySolver.hpp	.hpp	3838	92	58C6A9C69FF25415E29508506FF053A3DD641B973815EB2BBA326CD75CE0C219	src/runtime	UNKNOWN	UNKNOWN	PENDING
004512	src/runtime/os/CertificationCore.cpp	.cpp	6629	181	041E4F0CDE1D5560F179BBC26F7DF04C963681B828EBB43637F82E428C928033	src/runtime	UNKNOWN	UNKNOWN	PENDING
004513	src/runtime/os/CertificationCore.hpp	.hpp	5412	136	D5011312B010D5B97368C005A5B3E9EEF8D12E2B20DF29E1A80D8C3F108F4968	src/runtime	UNKNOWN	UNKNOWN	PENDING
004514	src/runtime/os/CMakeLists.txt	.txt	1321	36	8E28BD6FABC321F3D5EC76C5F03364D335BE99ECA92C29EFAD170819E419E622	src/runtime	UNKNOWN	UNKNOWN	PENDING
004515	src/runtime/os/ConstraintSolver.cpp	.cpp	4094	108	5FDC3D038C0299D1CE89768D850AB6684DE8D06452DC3C42B8C6E4FC4299B11C	src/runtime	UNKNOWN	UNKNOWN	PENDING
004516	src/runtime/os/ConstraintSolver.hpp	.hpp	3438	85	19F75A05E46A791AE253B0A1D5B03C8004D77FD36CAB91B4FCED39DD57D5553C	src/runtime	UNKNOWN	UNKNOWN	PENDING
004517	src/runtime/os/GenerationCore.cpp	.cpp	4804	133	793CAA5768FCAEF862C527E715A1845AE36872050412D472AF57AE2DCB4DAAE8	src/runtime	UNKNOWN	UNKNOWN	PENDING
004518	src/runtime/os/GenerationCore.hpp	.hpp	4639	122	BA40BF637D1BD78570E7EE4983B41CBA8CB0B2763A75AC82A615BF141F4E037E	src/runtime	UNKNOWN	UNKNOWN	PENDING
004519	src/runtime/os/OSAdmission.hpp	.hpp	3499	91	1074334403E58DB5496414E25521AA26975C465232C4CE68C65BE74EEFA052EB	src/runtime	UNKNOWN	UNKNOWN	PENDING
004520	src/runtime/os/OSAuthority.hpp	.hpp	3463	86	8166EEB3F74133633FAA1923244F143D9FA57896C1AC666C043DB3A9800B6E64	src/runtime	UNKNOWN	UNKNOWN	PENDING
004521	src/runtime/os/OSCapability.hpp	.hpp	7259	158	27ED795B388BE75C15AC07AC0D4DD5C7C5E9EDFC27EDA897E34D5444C4C5FF7B	src/runtime	UNKNOWN	UNKNOWN	PENDING
004522	src/runtime/os/OSEvidence.hpp	.hpp	3593	95	AF769BD4C3CD76B35BDA000FFF4B5803A22A6243B6E93438349857D37734B85B	src/runtime	UNKNOWN	UNKNOWN	PENDING
004523	src/runtime/os/OSLifecycle.hpp	.hpp	3432	89	52BBAAB7A71B82E6DE869E5BBD65DA37A95FC9CFCD44F3DF23B817E16A2CC9BA	src/runtime	UNKNOWN	UNKNOWN	PENDING
004524	src/runtime/os/OSPolicy.hpp	.hpp	4328	100	D3A5090839D763902323CB43746209C5EB1D425A0FEFACE3B3397A2805C0060A	src/runtime	UNKNOWN	UNKNOWN	PENDING
004525	src/runtime/os/OSResource.hpp	.hpp	4782	134	FAA98111D31C305D9119F38A91A5F4B959ECA21F3D9E9F106B8EF91F8248FD4A	src/runtime	UNKNOWN	UNKNOWN	PENDING
004526	src/runtime/os/os_runtime_certification_gate.cpp	.cpp	20110	499	B562C008BBC8EEEBACC313B5462F4F81BD1D129DCA993A659F689BEDB2A31695	src/runtime	UNKNOWN	UNKNOWN	PENDING
004527	src/runtime/os/PlatformEmitter.hpp	.hpp	563	16	0B21B3D16A55428A0C4D838B9830B459E41D0CCAB194A4CE4CA8E18E7DDBC1B1	src/runtime	UNKNOWN	UNKNOWN	PENDING
004528	src/runtime/os/RootAuthority.cpp	.cpp	5098	131	671ADA98186469E938458D37B4E4BB2EFCB6611BBD020890BB78F29162A333F2	src/runtime	UNKNOWN	UNKNOWN	PENDING
004529	src/runtime/os/RootAuthority.hpp	.hpp	3393	98	14DF591B32834AC4506C26B717DD27336E6967F5D5CD28E93661EF2D66DF81C7	src/runtime	UNKNOWN	UNKNOWN	PENDING
004530	src/runtime/os/RuntimeCapability.hpp	.hpp	2600	71	2034F5937BF9A9E546FD6F6635F961A48AF5479F8EE207C32C0B535CAE455ACC	src/runtime	UNKNOWN	UNKNOWN	PENDING
004531	src/runtime/os/RuntimeCapabilityCMake.cmake	.cmake	47037	638	1BA22B0D73DA4EDEF9430DCF3FDA3B80E3A1B89C2C2968879433054183E6995A	src/runtime	UNKNOWN	UNKNOWN	PENDING
004532	src/runtime/os/RuntimeCapabilityForward.hpp	.hpp	12179	328	C085D29BFE69C7D6D0B0D7DC6F8A2B0B6B0A9E252E326C51C468DA6DEA56A7C5	src/runtime	UNKNOWN	UNKNOWN	PENDING
004533	src/runtime/os/RuntimeCapabilityIds.hpp	.hpp	14511	324	56762EF27852138093A77C8282690D7A7FC14738759284E1FC1E252D73E268DC	src/runtime	UNKNOWN	UNKNOWN	PENDING
004534	src/runtime/os/RuntimeCapabilityRegistration.cpp	.cpp	44108	638	A00B3BBC8F30C31E1D1B1BAB2590120D8ECBFEA6907DBFCB32C9C11D29786B3A	src/runtime	UNKNOWN	UNKNOWN	PENDING
004535	src/runtime/os/RuntimeContext.hpp	.hpp	1589	47	0DDDAEF53A96DD15BB06EAB7FB344C31CAF9A3E007C2A052E38040E255A5C889	src/runtime	UNKNOWN	UNKNOWN	PENDING
004536	src/runtime/os/RuntimeKernel.cpp	.cpp	3076	92	B896F2185339477D09F35427E90B68A03D7AE21F5FC57144F397864BFC6CBFCB	src/runtime	UNKNOWN	UNKNOWN	PENDING
004537	src/runtime/os/RuntimeKernel.hpp	.hpp	2325	66	106590C870254B1E4736E44EC03D700B2C09F1F3FC13ABE84AD9AD2288936A59	src/runtime	UNKNOWN	UNKNOWN	PENDING
004538	src/runtime/os/RuntimeRegistry.hpp	.hpp	2342	69	E2BCFD9116715A0C6F8E9E32E765FD53E144B501442A2B9FE162C59BE87B4CF0	src/runtime	UNKNOWN	UNKNOWN	PENDING
004539	src/runtime/os/RuntimeState.hpp	.hpp	1398	43	C43ACABE87599ED30E97D09089296E60E04C2A0F299C48781A2F3A518692C0FD	src/runtime	UNKNOWN	UNKNOWN	PENDING
004540	src/runtime/os/UniversalGraph.cpp	.cpp	14482	395	EF0182BF37CBC612E951938C905884D8708EA3BD7785100CF2D89D4D4341D123	src/runtime	UNKNOWN	UNKNOWN	PENDING
004541	src/runtime/os/UniversalGraph.hpp	.hpp	6401	183	FE25CCDC78C50F064CB024E9F78D6698BD2D52E70B78A15D277162CCE721A2F3	src/runtime	UNKNOWN	UNKNOWN	PENDING
004542	src/runtime/os/WindowsEmitter.cpp	.cpp	4223	119	450D9CDEBEF38FFD7522BA51F6F65C2ED23285667ECEF2071C73B448EA61A02C	src/runtime	UNKNOWN	UNKNOWN	PENDING
004543	src/runtime/os/WindowsEmitter.hpp	.hpp	568	15	47E7EFD336BB833C805B58BB251EF390C4EE6AFC99A2B55D4F8B93FF61AB33B3	src/runtime	UNKNOWN	UNKNOWN	PENDING
004544	src/runtime/os/generated/AdaptationEngineCapability.cpp	.cpp	2934	77	603D05F5C60FA334C6B098C511312FCBCA0D18C60A899D386FF59DECE63EB499	src/runtime	UNKNOWN	UNKNOWN	PENDING
004545	src/runtime/os/generated/AdaptationEngineCapability.hpp	.hpp	1501	31	50E29E42ADD00CE8750D8FFF5E582B081E31F12FDF986FA5F1BCAF7F65CB090D	src/runtime	UNKNOWN	UNKNOWN	PENDING
004546	src/runtime/os/generated/AdmissionRegistryCapability.cpp	.cpp	2951	77	6E24BC5542DDFC9E873D22F14D500C5626381E17DD93D7B46995B42CCCE805A1	src/runtime	UNKNOWN	UNKNOWN	PENDING
004547	src/runtime/os/generated/AdmissionRegistryCapability.hpp	.hpp	1503	31	296FD9F1135D768664EE8D73912B99466500F05CC94BAA1559064859EEA650C4	src/runtime	UNKNOWN	UNKNOWN	PENDING
004548	src/runtime/os/generated/AssemblerCapability.cpp	.cpp	2743	77	6F150F05F5F2161274925955AC2510BC06CDC862806AD87D9EFBDAEB39BC9AA1	src/runtime	UNKNOWN	UNKNOWN	PENDING
004549	src/runtime/os/generated/AssemblerCapability.hpp	.hpp	1469	31	F216C7995918DA9DE472D2C37490E559D3D4E7485E80B085DC9EFCC48DEA2CEA	src/runtime	UNKNOWN	UNKNOWN	PENDING
004550	src/runtime/os/generated/AttentionEngineCapability.cpp	.cpp	2908	77	02F493B990F4DB370D59A5259F13D9F5FB5EECA184A146C043A8F4D93D376D5C	src/runtime	UNKNOWN	UNKNOWN	PENDING
004551	src/runtime/os/generated/AttentionEngineCapability.hpp	.hpp	1503	31	30D127B9AA3C7C41401BC3A32C2D00AEF8B00E0D2C28E01CBE9981EF92A09EDE	src/runtime	UNKNOWN	UNKNOWN	PENDING
004552	src/runtime/os/generated/AuthorityCapability.cpp	.cpp	2743	77	77BB3B508F9D5ED766558DC2BEA936C9AF2795CD333BEC35A58171A5ABB63475	src/runtime	UNKNOWN	UNKNOWN	PENDING
004553	src/runtime/os/generated/AuthorityCapability.hpp	.hpp	1471	31	F3B8D73EB0A87D7665A889C081307601E31F6B1AADD976F2DAC703E667418AB6	src/runtime	UNKNOWN	UNKNOWN	PENDING
004554	src/runtime/os/generated/AuthorityGraphCapability.cpp	.cpp	2873	77	A8119AE14245547B884268A57FA9DF07856D2E38CCABF340C50C744873246D6A	src/runtime	UNKNOWN	UNKNOWN	PENDING
004555	src/runtime/os/generated/AuthorityGraphCapability.hpp	.hpp	1491	31	8D336ADBD5B82BE5111B35FEB31B4BFC80F3B18FE06A74C0C4E9007CF114589C	src/runtime	UNKNOWN	UNKNOWN	PENDING
004556	src/runtime/os/generated/AuthorityPipelineCapability.cpp	.cpp	2969	77	543AC18DE30B3597363BC8F84FA2420DA30385592B7A9371159BDCBE0F128C52	src/runtime	UNKNOWN	UNKNOWN	PENDING
004557	src/runtime/os/generated/AuthorityPipelineCapability.hpp	.hpp	1512	31	398927995898DFB683FA12569F66D48A9B9473BFF110268A8D2ADB98714663D7	src/runtime	UNKNOWN	UNKNOWN	PENDING
004558	src/runtime/os/generated/AuthorityRegistryCapability.cpp	.cpp	2969	77	B31DF9F87782DFD2FD2AD9ACD536C8DB2D08AE7905056D4E9F2CC16C0BB02FDA	src/runtime	UNKNOWN	UNKNOWN	PENDING
004559	src/runtime/os/generated/AuthorityRegistryCapability.hpp	.hpp	1512	31	5DFA71D1F5939E050E1EFE824C672935B3A4D38C614ADC25557835E4276787AB	src/runtime	UNKNOWN	UNKNOWN	PENDING
004560	src/runtime/os/generated/BeaconConsensusCapability.cpp	.cpp	2899	77	DBAD6EFF41627B35D6572C1163747BAA244ADD7457442662DCF91A82895B7178	src/runtime	UNKNOWN	UNKNOWN	PENDING
004561	src/runtime/os/generated/BeaconConsensusCapability.hpp	.hpp	1495	31	A3A1AF0080F48D96BF7AABF64328E7E76E27B1DBA34283B97337C340D1BD9FF8	src/runtime	UNKNOWN	UNKNOWN	PENDING
004562	src/runtime/os/generated/BeaconDispatcherCapability.cpp	.cpp	2925	77	4DC5130F8A5C76AFCC0B286A29171BF7E8589984F73BC28387B62789EAC1AB51	src/runtime	UNKNOWN	UNKNOWN	PENDING
004563	src/runtime/os/generated/BeaconDispatcherCapability.hpp	.hpp	1499	31	07D7E627EBBC2097600AF008B2B96CD92A95656C2DBB726526F9355B3A0A96DF	src/runtime	UNKNOWN	UNKNOWN	PENDING
004564	src/runtime/os/generated/BeaconExecutorCapability.cpp	.cpp	2873	77	64F659F78CC5F59508436A26D083AEEC39F78C966A3FA7595FAE9CB1916E8DAB	src/runtime	UNKNOWN	UNKNOWN	PENDING
004565	src/runtime/os/generated/BeaconExecutorCapability.hpp	.hpp	1491	31	DDF05DE1A0C7A833E549B2ACD5A00F6ED4F3C530FE4F4F7206F3D05FC312590B	src/runtime	UNKNOWN	UNKNOWN	PENDING
004566	src/runtime/os/generated/BeaconPlannerCapability.cpp	.cpp	2847	77	FDDE62ECC76D9ADDF2059A01AB2A79B1CE7FB8D5EFCC0C77A1C18F4A4522F690	src/runtime	UNKNOWN	UNKNOWN	PENDING
004567	src/runtime/os/generated/BeaconPlannerCapability.hpp	.hpp	1487	31	49F646CCF5AA0BBFC1ED13E4D13EC9221F2D3F5ABD6783C4E01015089451F2B8	src/runtime	UNKNOWN	UNKNOWN	PENDING
004568	src/runtime/os/generated/BeaconReplicationCapability.cpp	.cpp	2951	77	6E79BF9D64F60D71150F4785620B59EE1C6BAAB9B3B89398ABA64EE5F8C61724	src/runtime	UNKNOWN	UNKNOWN	PENDING
004569	src/runtime/os/generated/BeaconReplicationCapability.hpp	.hpp	1503	31	08DCE150B6F16F991EF2EF1EE5BE913D6E427198F7252233882153B625621324	src/runtime	UNKNOWN	UNKNOWN	PENDING
004570	src/runtime/os/generated/BeaconResolverCapability.cpp	.cpp	2873	77	CF742B28119B08CFF5B38E2AA377AEA041ADEDC973C1F4674C043E9E4E6D98FA	src/runtime	UNKNOWN	UNKNOWN	PENDING
004571	src/runtime/os/generated/BeaconResolverCapability.hpp	.hpp	1491	31	74A6F7B6D78040E68E9322314EC8BF0300C2C7C4E503B358ADE7CA4232738DA0	src/runtime	UNKNOWN	UNKNOWN	PENDING
004572	src/runtime/os/generated/BeaconSchedulerCapability.cpp	.cpp	2899	77	737D48B4255DAD948DEB810467642FC5C10BE06FD9ACE9BF8233A12BF7F3CA37	src/runtime	UNKNOWN	UNKNOWN	PENDING
004573	src/runtime/os/generated/BeaconSchedulerCapability.hpp	.hpp	1495	31	9BC092079657192A78F376D88D651541B2A96AD211BB4407EA5E93BE5A99A535	src/runtime	UNKNOWN	UNKNOWN	PENDING
004574	src/runtime/os/generated/BeaconSynchronizationCapability.cpp	.cpp	3055	77	97DDEF8946B85A64D0C6C9356D660E8E8A153C5039DE9CD9FCED642200D7D6D8	src/runtime	UNKNOWN	UNKNOWN	PENDING
004575	src/runtime/os/generated/BeaconSynchronizationCapability.hpp	.hpp	1519	31	5B28D25F105C2FF5960AD53C82FF1975D6B7876268EFC49B6CD125F638D71770	src/runtime	UNKNOWN	UNKNOWN	PENDING
004576	src/runtime/os/generated/BootstrapCapability.cpp	.cpp	2743	77	394DD593135B6D88F2BAA9DB531BF7BA0F21017D19DEB206D264034F336680F9	src/runtime	UNKNOWN	UNKNOWN	PENDING
004577	src/runtime/os/generated/BootstrapCapability.hpp	.hpp	1471	31	52BC0DF57FB145D79EFB55C5EF37F9D2A1A17CEFFC800F18FC649723404DDFD1	src/runtime	UNKNOWN	UNKNOWN	PENDING
004578	src/runtime/os/generated/BuilderCapability.cpp	.cpp	2691	77	F80EA2EFE24C96511338865E897FE0D2C57D9F7417F1AD6453DF5E74D80D7799	src/runtime	UNKNOWN	UNKNOWN	PENDING
004579	src/runtime/os/generated/BuilderCapability.hpp	.hpp	1461	31	BCE0CA1DF47B6168E43D6DE46C39F89CB2AA5384A26DE94A6BB39F9C1C56E0E4	src/runtime	UNKNOWN	UNKNOWN	PENDING
004580	src/runtime/os/generated/CacheManagerCapability.cpp	.cpp	2821	77	0FE1C58636AB9F6DD32230D1D6F7BF2CD2110E0A4BE9B8EEFE46B014CBE93AEB	src/runtime	UNKNOWN	UNKNOWN	PENDING
004581	src/runtime/os/generated/CacheManagerCapability.hpp	.hpp	1483	31	FF7D0D03FF8F19661877770B5261CA66F27BA3B5C37801ACB0F2F89F7963E2EF	src/runtime	UNKNOWN	UNKNOWN	PENDING
004582	src/runtime/os/generated/CapabilityAdmissionCapability.cpp	.cpp	2893	77	EF80550085784FE5FC8F68765070837795B8AFBB79A852183E37A96C51907D1E	src/runtime	UNKNOWN	UNKNOWN	PENDING
004583	src/runtime/os/generated/CapabilityAdmissionCapability.hpp	.hpp	1511	31	318F0EBCC38C708B00DDB89C63EC6EF4F85F6B214226A120F3472CBC306D7AEF	src/runtime	UNKNOWN	UNKNOWN	PENDING
004584	src/runtime/os/generated/CapabilityArbitratorCapability.cpp	.cpp	2928	77	667AC5A17E125CA0DC3CCD5CE75BE28B08840B86B96AC5F0FC54DBE95B122099	src/runtime	UNKNOWN	UNKNOWN	PENDING
004585	src/runtime/os/generated/CapabilityArbitratorCapability.hpp	.hpp	1517	31	187FF276E1D403D15C658EDEF458668A1705FD6797CC58146C6AE97AFD7DDF35	src/runtime	UNKNOWN	UNKNOWN	PENDING
004586	src/runtime/os/generated/CapabilityAuthorityCapability.cpp	.cpp	2893	77	60737DE3EC22055601595EAD6C87FD446FB3ED38E8D0E48F983D31317E4FC8ED	src/runtime	UNKNOWN	UNKNOWN	PENDING
004587	src/runtime/os/generated/CapabilityAuthorityCapability.hpp	.hpp	1511	31	BD67332059957813A36AE2E25F1523B21C8D46FCC62EFC827F4C29B9A27BC58D	src/runtime	UNKNOWN	UNKNOWN	PENDING
004588	src/runtime/os/generated/CapabilityCheckpointCapability.cpp	.cpp	2919	77	CCAB7AAD8B54DEDD21EF0EB4C9F2CC50355463F063EA2D517BE3F78883A6853F	src/runtime	UNKNOWN	UNKNOWN	PENDING
004589	src/runtime/os/generated/CapabilityCheckpointCapability.hpp	.hpp	1515	31	C98FBCF21E32DB2D55BD5BF4E605969DB327987CC4E943D2469B9E3812C54255	src/runtime	UNKNOWN	UNKNOWN	PENDING
004590	src/runtime/os/generated/CapabilityCompositionCapability.cpp	.cpp	2945	77	26154E1DB3BBBD9465FD2DFC6B9BFA6F3959B3D875B854331CA1FAC70F524ACA	src/runtime	UNKNOWN	UNKNOWN	PENDING
004591	src/runtime/os/generated/CapabilityCompositionCapability.hpp	.hpp	1519	31	CE308900B99378DD4E7C7AB2F9DD84C2D0578F3339CD79B804D4FD1AD439207E	src/runtime	UNKNOWN	UNKNOWN	PENDING
004592	src/runtime/os/generated/CapabilityContextCapability.cpp	.cpp	2841	77	6AA686FD40FFE71F22E936717FEB36DB4AA9912D70CB94583589E1A54C190B9F	src/runtime	UNKNOWN	UNKNOWN	PENDING
004593	src/runtime/os/generated/CapabilityContextCapability.hpp	.hpp	1503	31	C4D4EF5DD9E2A89F6AFE1BDA737DCBFD8F0B312108885A3B97FA38E6A3366670	src/runtime	UNKNOWN	UNKNOWN	PENDING
004594	src/runtime/os/generated/CapabilityContractCapability.cpp	.cpp	2867	77	649BF6FC2ECE675CEFDE98557FA3E3EF8E25078B4B1156285362DC88BCB79BAE	src/runtime	UNKNOWN	UNKNOWN	PENDING
004595	src/runtime/os/generated/CapabilityContractCapability.hpp	.hpp	1507	31	9000A62AD108100E9757F5063A40DC5A6FCC7596C1D90E163568A79A01E3A0DF	src/runtime	UNKNOWN	UNKNOWN	PENDING
004596	src/runtime/os/generated/CapabilityDatabaseCapability.cpp	.cpp	2867	77	ED21EE917AAE5EDAAD34E549872DEF75CE9698B31B9CE354D7DF0F7E5B35A4CA	src/runtime	UNKNOWN	UNKNOWN	PENDING
004597	src/runtime/os/generated/CapabilityDatabaseCapability.hpp	.hpp	1507	31	173ABE74558C34FF6C08421191E43463E0F8A60E0AEBE5544D0CD1D93B66D756	src/runtime	UNKNOWN	UNKNOWN	PENDING
004598	src/runtime/os/generated/CapabilityDependencyGraphCapability.cpp	.cpp	3049	77	8591D1C1333580D923CACC50813252BFC4F727DA4EC7511D1C4AA487F3CB5DA4	src/runtime	UNKNOWN	UNKNOWN	PENDING
004599	src/runtime/os/generated/CapabilityDependencyGraphCapability.hpp	.hpp	1535	31	374F9037F2665A189CE0BFCC1C6E596A657FD8D464138B93A3271E2CED2D3FAE	src/runtime	UNKNOWN	UNKNOWN	PENDING
004600	src/runtime/os/generated/CapabilityDescriptorCapability.cpp	.cpp	2919	77	7E48205BCCE8FE218E5DF08C19B566DF08AB93BE86637F5961E94ACCE753838C	src/runtime	UNKNOWN	UNKNOWN	PENDING
004601	src/runtime/os/generated/CapabilityDescriptorCapability.hpp	.hpp	1515	31	AABBDAC519F664914B0A02D1994C3F5DDAA19B313DCF44B7292FC49AFF6CF36E	src/runtime	UNKNOWN	UNKNOWN	PENDING
004602	src/runtime/os/generated/CapabilityDiscoveryCapability.cpp	.cpp	2893	77	834B487B0A639E56E979053DA40C645E7C10E3C37050052A27CECE9D46BD1AEC	src/runtime	UNKNOWN	UNKNOWN	PENDING
004603	src/runtime/os/generated/CapabilityDiscoveryCapability.hpp	.hpp	1511	31	0383838DD82EB732F2F104914C0B06266E0BFDBDEEC8B91CC10E44A257270E90	src/runtime	UNKNOWN	UNKNOWN	PENDING
004604	src/runtime/os/generated/CapabilityDispatcherCapability.cpp	.cpp	2919	77	58F06FE60136C9AFF9E54E9A8A8D532F41246EC691FB847D3BF384B260963D3E	src/runtime	UNKNOWN	UNKNOWN	PENDING
004605	src/runtime/os/generated/CapabilityDispatcherCapability.hpp	.hpp	1515	31	1B963B52FDAB42FCB3F51A930F8FEB46BF90311403B3E22261ACA5B2873D5EA3	src/runtime	UNKNOWN	UNKNOWN	PENDING
004606	src/runtime/os/generated/CapabilityEvidenceCapability.cpp	.cpp	2867	77	0B39F711D56CCD00F59159D2B71B118FEBEB5BEB5FE16CFA3E314E85458A8511	src/runtime	UNKNOWN	UNKNOWN	PENDING
004607	src/runtime/os/generated/CapabilityEvidenceCapability.hpp	.hpp	1507	31	BB4FBADA0E6AC89A4D4505D4B0C6B65194D20F39573F538BD0251CEB0A5A7094	src/runtime	UNKNOWN	UNKNOWN	PENDING
004608	src/runtime/os/generated/CapabilityExecutionGraphCapability.cpp	.cpp	3023	77	51099E87404101D6B63C343B546C00E928F8EE54090FA3DBB3FE5283E688A605	src/runtime	UNKNOWN	UNKNOWN	PENDING
004609	src/runtime/os/generated/CapabilityExecutionGraphCapability.hpp	.hpp	1531	31	B440EF7203CA4BF35ADEF529D7E81EE5B3D98B4CBD285D563C7220D0F3D79F6C	src/runtime	UNKNOWN	UNKNOWN	PENDING
004610	src/runtime/os/generated/CapabilityExecutorCapability.cpp	.cpp	2867	77	62A98027FFAE82C0D57468963C03D10F3EB6891F173973587CF709ED9B5BD4D3	src/runtime	UNKNOWN	UNKNOWN	PENDING
004611	src/runtime/os/generated/CapabilityExecutorCapability.hpp	.hpp	1507	31	C95E06FC4484787864F8A741B93B78DC9A3F44FF1CBF965A4A49FDC5998A8647	src/runtime	UNKNOWN	UNKNOWN	PENDING
004612	src/runtime/os/generated/CapabilityGraphCapability.cpp	.cpp	2789	77	03F5301CCD1FA47728CC502149A2C8CC52020CFD418E687546DB726B95D5F51E	src/runtime	UNKNOWN	UNKNOWN	PENDING
004613	src/runtime/os/generated/CapabilityGraphCapability.hpp	.hpp	1495	31	B3253A03BBB8C7F5C8C7833C064A2951F3FEF531CF2634FD147424D4831EB643	src/runtime	UNKNOWN	UNKNOWN	PENDING
004614	src/runtime/os/generated/CapabilityHealthCapability.cpp	.cpp	2815	77	F6699441CF1A661D05961CA12024F9C30A8E50CBBFD7768046EF0B2ED731E259	src/runtime	UNKNOWN	UNKNOWN	PENDING
004615	src/runtime/os/generated/CapabilityHealthCapability.hpp	.hpp	1499	31	48AD7FDEF91FF0678A3E4D1B0014E7AAE81CDCC2211BD993643B7E6DB64F7954	src/runtime	UNKNOWN	UNKNOWN	PENDING
004616	src/runtime/os/generated/CapabilityLifecycleCapability.cpp	.cpp	2893	77	8E7F382D393502A0443C728922F482768801959F28C67979F442C40C4DF31FF6	src/runtime	UNKNOWN	UNKNOWN	PENDING
004617	src/runtime/os/generated/CapabilityLifecycleCapability.hpp	.hpp	1511	31	C15DA990E8EF5FE8E45C12693CE9376981A20D1667BB07DDBDCBE705A451541C	src/runtime	UNKNOWN	UNKNOWN	PENDING
004618	src/runtime/os/generated/CapabilityManifestCapability.cpp	.cpp	2867	77	5087ED01623C4770A75D4F39A24B8A0F8165890B9FF168EC41D289F497255DE5	src/runtime	UNKNOWN	UNKNOWN	PENDING
004619	src/runtime/os/generated/CapabilityManifestCapability.hpp	.hpp	1507	31	0098761B2C0675CA2810D7DF8B98067438881DB57217C82238360801E2487E81	src/runtime	UNKNOWN	UNKNOWN	PENDING
004620	src/runtime/os/generated/CapabilityMetricsCapability.cpp	.cpp	2841	77	1C51E290DFE4ACE33D9B897AB7D59B1F16C2D48CA135FD59C8778310017B94EA	src/runtime	UNKNOWN	UNKNOWN	PENDING
004621	src/runtime/os/generated/CapabilityMetricsCapability.hpp	.hpp	1503	31	FD8F4F311E676B2E7230A74C05CE6866F2C7B8805BF23835722B4A69F927E3D7	src/runtime	UNKNOWN	UNKNOWN	PENDING
004622	src/runtime/os/generated/CapabilityMigrationCapability.cpp	.cpp	2893	77	3E686434CD4BD90A0580794D5C9BCA0AE706902169143BFA0DB0A761E601DFE6	src/runtime	UNKNOWN	UNKNOWN	PENDING
004623	src/runtime/os/generated/CapabilityMigrationCapability.hpp	.hpp	1511	31	4E5F54557A1A6FF9C67A8DCDB8026A682A5D3A0F515F76E7C2671EFE77F96F42	src/runtime	UNKNOWN	UNKNOWN	PENDING
004624	src/runtime/os/generated/CapabilityNegotiationGraphCapability.cpp	.cpp	3075	77	844BF732676734C80F1AB7E793784DA0F09AE785BA789274031346989783BC82	src/runtime	UNKNOWN	UNKNOWN	PENDING
004625	src/runtime/os/generated/CapabilityNegotiationGraphCapability.hpp	.hpp	1539	31	1F4B14BE2AD73190B25F0951FE055B37F4DCCF6637626D5B0F8901B96CF28DED	src/runtime	UNKNOWN	UNKNOWN	PENDING
004626	src/runtime/os/generated/CapabilityNegotiatorCapability.cpp	.cpp	2919	77	41879678B60853B4F7B988F977603DBCA09C3E120290F7F039CC1172BD74EB93	src/runtime	UNKNOWN	UNKNOWN	PENDING
004627	src/runtime/os/generated/CapabilityNegotiatorCapability.hpp	.hpp	1515	31	2BDA0EE8CBCCF1544FEE6BE13E32EE07CAC197CD2B71AF7FF7F265CFA40631F2	src/runtime	UNKNOWN	UNKNOWN	PENDING
004628	src/runtime/os/generated/CapabilityPolicyCapability.cpp	.cpp	2815	77	62C200CDC194CB86BB0607DBE9E31166AE0340F06EE2002D6DD489A476A0E89A	src/runtime	UNKNOWN	UNKNOWN	PENDING
004629	src/runtime/os/generated/CapabilityPolicyCapability.hpp	.hpp	1499	31	1F512D77843F8C1BE9C65666DBAD504691A5F66AFC2BDCF939C92292D52B6A60	src/runtime	UNKNOWN	UNKNOWN	PENDING
004630	src/runtime/os/generated/CapabilityReplayCapability.cpp	.cpp	2815	77	CFC3852B839E0D6C40053F31887638B1130A56C467D23E8F935FDDFE58053B9C	src/runtime	UNKNOWN	UNKNOWN	PENDING
004631	src/runtime/os/generated/CapabilityReplayCapability.hpp	.hpp	1499	31	3A019AFEEA24C070362E7D31979BF4943B0E1154F8D5AA909DCDD21CE1ECE41C	src/runtime	UNKNOWN	UNKNOWN	PENDING
004632	src/runtime/os/generated/CapabilityReplicationCapability.cpp	.cpp	2945	77	E38F52383D68F61441280DAEDDD3C93CCE86C010D21BCB3A1CAC48A3A20EA8CB	src/runtime	UNKNOWN	UNKNOWN	PENDING
004633	src/runtime/os/generated/CapabilityReplicationCapability.hpp	.hpp	1519	31	D004E4D9C901449A45493B5BB4103537330300FA263B2DA488DA795FE443C09A	src/runtime	UNKNOWN	UNKNOWN	PENDING
004634	src/runtime/os/generated/CapabilityResolverCapability.cpp	.cpp	2867	77	BF9D3C5F12C38F0CA5D24F34B1A8D7B2F4D88DE51312D647F5F789F4D8EB4859	src/runtime	UNKNOWN	UNKNOWN	PENDING
004635	src/runtime/os/generated/CapabilityResolverCapability.hpp	.hpp	1507	31	0F7040C533C8197FDC58ABE3125F39FA99CA3D826864FD13BE5B1DE7AF7E2BC5	src/runtime	UNKNOWN	UNKNOWN	PENDING
004636	src/runtime/os/generated/CapabilityResourceMapCapability.cpp	.cpp	2945	77	E3F98D61963B52ED4435920EAEA4BDC85F388FA5C4F3B3D52042E7DD10364BDF	src/runtime	UNKNOWN	UNKNOWN	PENDING
004637	src/runtime/os/generated/CapabilityResourceMapCapability.hpp	.hpp	1519	31	98F2B34E75FDDD038A028916992AA774D7524AFFD3E3A735F405B35E97FCECA3	src/runtime	UNKNOWN	UNKNOWN	PENDING
004638	src/runtime/os/generated/CapabilityRollbackCapability.cpp	.cpp	2867	77	CAC49BD0563568A8E0ED5B570A0721A54057CDD8B0F9B260B889FBDFF0653E0E	src/runtime	UNKNOWN	UNKNOWN	PENDING
004639	src/runtime/os/generated/CapabilityRollbackCapability.hpp	.hpp	1507	31	9CCABAA2D3307F3E79934C7AEAE136C2AE94A0ED0DE3CA5DF37D4A209DF9BB4A	src/runtime	UNKNOWN	UNKNOWN	PENDING
004640	src/runtime/os/generated/CapabilitySchedulerCapability.cpp	.cpp	2893	77	D5387C46A712096BD860592858C4A3DA273BF57349F9BD609A8627ED40A98A3B	src/runtime	UNKNOWN	UNKNOWN	PENDING
004641	src/runtime/os/generated/CapabilitySchedulerCapability.hpp	.hpp	1511	31	6A6C8106A607F0304EF3DB3524D251038698BE5F43C8AC875F691F78D621B067	src/runtime	UNKNOWN	UNKNOWN	PENDING
004642	src/runtime/os/generated/CapabilitySnapshotCapability.cpp	.cpp	2867	77	92ECA224A353E45C1504359DE6962CD6C7344255D519BBCE82A6068D52F3A5DC	src/runtime	UNKNOWN	UNKNOWN	PENDING
004643	src/runtime/os/generated/CapabilitySnapshotCapability.hpp	.hpp	1507	31	0C34FD0576F238E33FCD87065349A82EE94D74E4CE5BD06582D35EB32325A762	src/runtime	UNKNOWN	UNKNOWN	PENDING
004644	src/runtime/os/generated/CapabilityStateCapability.cpp	.cpp	2789	77	B8A529B6F5441C1980112655F0DF5888839A104D30F99F90BB37DB49271415F7	src/runtime	UNKNOWN	UNKNOWN	PENDING
004645	src/runtime/os/generated/CapabilityStateCapability.hpp	.hpp	1495	31	7A9BF50DBB4302FC98E788A8A614F4570BDE909A1185E383369CC0F4EA7CD1C1	src/runtime	UNKNOWN	UNKNOWN	PENDING
004646	src/runtime/os/generated/CapabilitySynchronizationCapability.cpp	.cpp	3049	77	FCFD1522C15331D7DEEF1B4292D176B61B8C64422B47A821E7852A0560C15CF8	src/runtime	UNKNOWN	UNKNOWN	PENDING
004647	src/runtime/os/generated/CapabilitySynchronizationCapability.hpp	.hpp	1535	31	692A6436EAC1B89931D9F4563434234D55EC8413F518B088BA7212DA04CD3A4F	src/runtime	UNKNOWN	UNKNOWN	PENDING
004648	src/runtime/os/generated/CertificationAuthorityCapability.cpp	.cpp	3099	77	44E077F6BB0CA32BE99CC62D0BBD9E860DDA05FBBEDDA5F6DA849242618DA2EF	src/runtime	UNKNOWN	UNKNOWN	PENDING
004649	src/runtime/os/generated/CertificationAuthorityCapability.hpp	.hpp	1532	31	A6D26C1E01A66B5E7A2B740CB49F63877DC1A2BC05CA9387732B5E484A4BBC0B	src/runtime	UNKNOWN	UNKNOWN	PENDING
004650	src/runtime/os/generated/CertificationEngineCapability.cpp	.cpp	3003	77	37C52DE246D5AEB74BFED7F44F3C17C68A4F59A123C304873CA954989D5A5936	src/runtime	UNKNOWN	UNKNOWN	PENDING
004651	src/runtime/os/generated/CertificationEngineCapability.hpp	.hpp	1508	31	ADED41E1CCB8661490CC6F1A41625E5BEB8616A654CD92362A1EADB9C042E888	src/runtime	UNKNOWN	UNKNOWN	PENDING
004652	src/runtime/os/generated/CertificationKernelCapability.cpp	.cpp	3021	77	20EFDCAE2CBBB5A70EE004E468BC7A201F65C68125210F1C7C656CE274D909AD	src/runtime	UNKNOWN	UNKNOWN	PENDING
004653	src/runtime/os/generated/CertificationKernelCapability.hpp	.hpp	1520	31	7F56BB467E8577778D183672C6C890D2F5CB08A784E3B411D25A7CBAC26BDDB0	src/runtime	UNKNOWN	UNKNOWN	PENDING
004654	src/runtime/os/generated/CertificationLedgerCapability.cpp	.cpp	3021	77	CE31FC985FFC8D79E9570E00F88A24C7D996072D58F61DE46CC9BE4A5328CF22	src/runtime	UNKNOWN	UNKNOWN	PENDING
004655	src/runtime/os/generated/CertificationLedgerCapability.hpp	.hpp	1520	31	67B10693476D9E3A9F625B4914C3FBD75A9E79FFA94A3891233EDC36EF477398	src/runtime	UNKNOWN	UNKNOWN	PENDING
004656	src/runtime/os/generated/ClockCapability.cpp	.cpp	2639	77	74EF98A3CFDB55E8147C063C7A361A9D433E1F2BFD9FF9142CAC85F7226628ED	src/runtime	UNKNOWN	UNKNOWN	PENDING
004657	src/runtime/os/generated/ClockCapability.hpp	.hpp	1456	31	EAB6EF9DBD874EC3F1DB25B305D7A37309C016B1B91294C051ED82A105A81B68	src/runtime	UNKNOWN	UNKNOWN	PENDING
004658	src/runtime/os/generated/CodeGenCapability.cpp	.cpp	2691	77	7E98E68CE20B591A5736CA8D059395A2D3F3D4D731A0F2A730136BB8C1B1A26D	src/runtime	UNKNOWN	UNKNOWN	PENDING
004659	src/runtime/os/generated/CodeGenCapability.hpp	.hpp	1461	31	350B08630615932D7C5E4AFA74BC43D1C8933224C3EFE5BB6CDA2FF2648EBFC7	src/runtime	UNKNOWN	UNKNOWN	PENDING
004660	src/runtime/os/generated/CommitLogCapability.cpp	.cpp	2743	77	E23C6CAD44F5CE7A5FBDF9F2A8F83F0F90A037AD8C06C0DAC871427B08E79829	src/runtime	UNKNOWN	UNKNOWN	PENDING
004661	src/runtime/os/generated/CommitLogCapability.hpp	.hpp	1471	31	995B078A25F81974687F2B2F72979E392EBCBF03634E4568EEDECFEF3B0FC824	src/runtime	UNKNOWN	UNKNOWN	PENDING
004662	src/runtime/os/generated/CompilerCapability.cpp	.cpp	2717	77	AEFA8F824EAA5D193712896FCCD5B554953F7EEA03FF04952D09849701E7E559	src/runtime	UNKNOWN	UNKNOWN	PENDING
004663	src/runtime/os/generated/CompilerCapability.hpp	.hpp	1465	31	723A82161A1FB1DF91DEBD110A1E71F35CF7F89CDA71F6F903EBCDA7329DCF87	src/runtime	UNKNOWN	UNKNOWN	PENDING
004664	src/runtime/os/generated/CompositionEngineCapability.cpp	.cpp	2960	77	A63DEF82CEDE32215379672AE5B1C58972BCF12BCEC403DD3293B89D1493A548	src/runtime	UNKNOWN	UNKNOWN	PENDING
004665	src/runtime/os/generated/CompositionEngineCapability.hpp	.hpp	1505	31	6B97477479A191FE0484C5F9DECAB160677CBD0E831B571B24C0B4ACF2E66D23	src/runtime	UNKNOWN	UNKNOWN	PENDING
004666	src/runtime/os/generated/ConfidenceEngineCapability.cpp	.cpp	2934	77	D1592453BF86E916E60624A66E73580476C64A4F4CAD59AD0592277755C1EF3F	src/runtime	UNKNOWN	UNKNOWN	PENDING
004667	src/runtime/os/generated/ConfidenceEngineCapability.hpp	.hpp	1501	31	47FE2475CA4647519F46681C67732C199B959367EFA04768D5680E3CC5773F19	src/runtime	UNKNOWN	UNKNOWN	PENDING
004668	src/runtime/os/generated/ConflictResolverCapability.cpp	.cpp	2925	77	34D410CBCA4E3CE32BF355FBA6115C38DAE2C2DA642ABCEA49009E10D70D14C6	src/runtime	UNKNOWN	UNKNOWN	PENDING
004669	src/runtime/os/generated/ConflictResolverCapability.hpp	.hpp	1499	31	DE689709E4AAA54D0D5D5F893908145CDFC7C7CF92F0BBDBDE3A875C84FF61E4	src/runtime	UNKNOWN	UNKNOWN	PENDING
004670	src/runtime/os/generated/ConsistencyEngineCapability.cpp	.cpp	2960	77	A984F7DD5625A346C229CC7A89F74D28B242BE8C131E8D9F86AB442B22ED31E3	src/runtime	UNKNOWN	UNKNOWN	PENDING
004671	src/runtime/os/generated/ConsistencyEngineCapability.hpp	.hpp	1505	31	20889314DFA0EC554F4D963319FFC562D2436F88F6D5D4C3B4B3BAD926AF9B43	src/runtime	UNKNOWN	UNKNOWN	PENDING
004672	src/runtime/os/generated/ConsoleCapability.cpp	.cpp	2691	77	1A97EA46CAA990AE198C0E622EA5004E4C2BCA340382DD6AE47AB08DE358FEB2	src/runtime	UNKNOWN	UNKNOWN	PENDING
004673	src/runtime/os/generated/ConsoleCapability.hpp	.hpp	1464	31	255427819D605D1D297D89D7DD270990E3CB9EB59C97961A45E372465BE8831F	src/runtime	UNKNOWN	UNKNOWN	PENDING
004674	src/runtime/os/generated/ConstraintGraphCapability.cpp	.cpp	2908	77	EED76C9FECAE3A113D2B69AB913120F3408290FC225AC3A6572A1438C8AFA491	src/runtime	UNKNOWN	UNKNOWN	PENDING
004675	src/runtime/os/generated/ConstraintGraphCapability.hpp	.hpp	1497	31	6C1F88FF2E31C1085986C15A9DD712EC3E281E59523F1EA87065F128D08C6476	src/runtime	UNKNOWN	UNKNOWN	PENDING
004676	src/runtime/os/generated/ConstraintRegistryCapability.cpp	.cpp	2977	77	243D33049CAABCA89DE1443E2BE63BA00FA7E0F18B57C0A509489B489D1B18C7	src/runtime	UNKNOWN	UNKNOWN	PENDING
004677	src/runtime/os/generated/ConstraintRegistryCapability.hpp	.hpp	1507	31	1E9A834ADF0909AA189C4416E1935C252EC8AB0F4F89776D99E17B01838EB954	src/runtime	UNKNOWN	UNKNOWN	PENDING
004678	src/runtime/os/generated/ConstraintTruthEngineCapability.cpp	.cpp	3073	77	046BBAC2ECF16D6F1722DFF4F2AB6DF686F4FB1D7BC6849CAAD8D903897C61E3	src/runtime	UNKNOWN	UNKNOWN	PENDING
004679	src/runtime/os/generated/ConstraintTruthEngineCapability.hpp	.hpp	1528	31	8FC850CA6164E0BAAEB0D22DC639CB99BEA9E325FAA1BED8B8F69747A3A05063	src/runtime	UNKNOWN	UNKNOWN	PENDING
004680	src/runtime/os/generated/ContextGraphCapability.cpp	.cpp	2830	77	930C45EDD86835FC6B48F09290B2EF5D6581A54AB3EDDCDF0D8FACA0A3948DC4	src/runtime	UNKNOWN	UNKNOWN	PENDING
004681	src/runtime/os/generated/ContextGraphCapability.hpp	.hpp	1485	31	085015DA51A3C6C9BB69A4310139CD75ED21E8487D877881448D3BD506FFF323	src/runtime	UNKNOWN	UNKNOWN	PENDING
004682	src/runtime/os/generated/CoordinationEngineCapability.cpp	.cpp	2986	77	A0FD636DED13786DDD15E9CB4F13296053F5E242DF53044AB74729E7290DD3AA	src/runtime	UNKNOWN	UNKNOWN	PENDING
004683	src/runtime/os/generated/CoordinationEngineCapability.hpp	.hpp	1509	31	016FCD087266FBF9964BE4BC7E442FFF50F269EEC91A54FFB8F978B097942004	src/runtime	UNKNOWN	UNKNOWN	PENDING
004684	src/runtime/os/generated/CrashHandlerCapability.cpp	.cpp	2821	77	805A91C95E9B4FD605FB26E46D7FF3BC63FFB5E60EF92816663009D8DB6B8859	src/runtime	UNKNOWN	UNKNOWN	PENDING
004685	src/runtime/os/generated/CrashHandlerCapability.hpp	.hpp	1484	31	B119C130C830D977D15E75668D928041E1D428620AD5722FB5347EB96B7E2006	src/runtime	UNKNOWN	UNKNOWN	PENDING
004686	src/runtime/os/generated/DebuggerCapability.cpp	.cpp	2717	77	287D5E985DB6DA83EF4AC77C640DF1EE6495CF3A31B12D8662E88AFA6B8AB48A	src/runtime	UNKNOWN	UNKNOWN	PENDING
004687	src/runtime/os/generated/DebuggerCapability.hpp	.hpp	1463	31	10631DD1700C2638CCA8BDC15980158F899DF9BE4A35536106F219B48BCBD0A4	src/runtime	UNKNOWN	UNKNOWN	PENDING
004688	src/runtime/os/generated/DecisionEngineCapability.cpp	.cpp	2882	77	EBB7FF53033F1F107138BF74BB2DD94ECAB33E9A66494A8FE1A389DA256A0762	src/runtime	UNKNOWN	UNKNOWN	PENDING
004689	src/runtime/os/generated/DecisionEngineCapability.hpp	.hpp	1493	31	14A026E5C3F375E454EB52CE49EE473AEC5927F6672B99388F90385C8489BEB1	src/runtime	UNKNOWN	UNKNOWN	PENDING
004690	src/runtime/os/generated/DecodeEngineCapability.cpp	.cpp	2830	77	7094C8FA4594AB0447D6E807BC5CC43F132464740B06BBD4A64E0C9FD11CAF28	src/runtime	UNKNOWN	UNKNOWN	PENDING
004691	src/runtime/os/generated/DecodeEngineCapability.hpp	.hpp	1491	31	746EC354974705255A34F73E9AFD41196AA3676D26F53F65C3B862D344A2EDF0	src/runtime	UNKNOWN	UNKNOWN	PENDING
004692	src/runtime/os/generated/DeltaEngineCapability.cpp	.cpp	2795	77	10C4B6DA7A33759FB5E619FCA442B73018BB81AD957CED30F8D3B4C0779788E5	src/runtime	UNKNOWN	UNKNOWN	PENDING
004693	src/runtime/os/generated/DeltaEngineCapability.hpp	.hpp	1479	31	0AEC3422275F263B887506CB16A2F4D90A8C57D8B525E959E48A9FDCF677124F	src/runtime	UNKNOWN	UNKNOWN	PENDING
004694	src/runtime/os/generated/DeterminismEngineCapability.cpp	.cpp	2951	77	3B19904CCA053FDF64F9E22ACD87DC747ED70BD6F5195EF90766A25487340BB5	src/runtime	UNKNOWN	UNKNOWN	PENDING
004695	src/runtime/os/generated/DeterminismEngineCapability.hpp	.hpp	1503	31	B3528587E3E91DC1FE71F88E85C59B4A66FF89F53C524DF5F9117454EE245368	src/runtime	UNKNOWN	UNKNOWN	PENDING
004696	src/runtime/os/generated/DeviceCapability.cpp	.cpp	2665	77	B3DA37C77898D683F782A6CBD2A4130E4F1B95310845B2AE57D643260EEA32FD	src/runtime	UNKNOWN	UNKNOWN	PENDING
004697	src/runtime/os/generated/DeviceCapability.hpp	.hpp	1460	31	331F8618B3E16AE6EA8430C2EB3F34447B611230118E50FBDB044CBE01A17628	src/runtime	UNKNOWN	UNKNOWN	PENDING
004698	src/runtime/os/generated/DiagnosticsCapability.cpp	.cpp	2795	77	A5A131A511B77127EF63B5698A43DD0ED487F6447EB943A489B05E00521737E0	src/runtime	UNKNOWN	UNKNOWN	PENDING
004699	src/runtime/os/generated/DiagnosticsCapability.hpp	.hpp	1480	31	600A184717A37887E69B58A31EC9B0AAFC36D1AB49EFCF60D20B7C8C1B3F1B22	src/runtime	UNKNOWN	UNKNOWN	PENDING
004700	src/runtime/os/generated/DiscoveryRegistryCapability.cpp	.cpp	2951	77	69169B28856311013F171B020EA48706CABCF057191FD8900054FA371DED3191	src/runtime	UNKNOWN	UNKNOWN	PENDING
004701	src/runtime/os/generated/DiscoveryRegistryCapability.hpp	.hpp	1503	31	88CCCFBB7AED4BD9572F02B45D28EA530869DCDD156A2226C1DB86794199798F	src/runtime	UNKNOWN	UNKNOWN	PENDING
004702	src/runtime/os/generated/DisplayCapability.cpp	.cpp	2691	77	C6D9AD6F8A14F0A92E348F93AE8417828516D00E5AC6CBD952EE61CEA3656EC6	src/runtime	UNKNOWN	UNKNOWN	PENDING
004703	src/runtime/os/generated/DisplayCapability.hpp	.hpp	1464	31	336249CCB1023D86D829ADB71E3A27FCB92B72F20693DAD2FB61A2351B8B89EC	src/runtime	UNKNOWN	UNKNOWN	PENDING
004704	src/runtime/os/generated/EmitterCapability.cpp	.cpp	2691	77	6F1E188F36230A60FA63A6F350FA7BAF904E1FB7ED39DDD10481FC345C15D851	src/runtime	UNKNOWN	UNKNOWN	PENDING
004705	src/runtime/os/generated/EmitterCapability.hpp	.hpp	1461	31	DF341BE8FC303F78D647F520086E756C3CF0A746CC721372FAE83478C5981444	src/runtime	UNKNOWN	UNKNOWN	PENDING
004706	src/runtime/os/generated/EntityRegistryCapability.cpp	.cpp	2873	77	2E0EEDC27DC1705F22BE90551758D99BCECFA79C6D45F6AA1BAE11D4AC74DEB9	src/runtime	UNKNOWN	UNKNOWN	PENDING
004707	src/runtime/os/generated/EntityRegistryCapability.hpp	.hpp	1491	31	305517901C40222F7B6F8516E98ECBC5033E484841D824A6C6FDCF8959856A3A	src/runtime	UNKNOWN	UNKNOWN	PENDING
004708	src/runtime/os/generated/EventLoopCapability.cpp	.cpp	2743	77	B584BB6E3AF3EF7F1761EE4DF4795B7C133F57E1715F33F6A6214D1A6CA72B0E	src/runtime	UNKNOWN	UNKNOWN	PENDING
004709	src/runtime/os/generated/EventLoopCapability.hpp	.hpp	1472	31	B35629131F710CA19EC37D427CA33C097F864938FDB8ECE8BAE7386845363F69	src/runtime	UNKNOWN	UNKNOWN	PENDING
004710	src/runtime/os/generated/EvidenceCapability.cpp	.cpp	2717	77	E315B3E51269636FCA77810EFEFAF84263A29C6E94EA9D4E65FEC75959F4E71F	src/runtime	UNKNOWN	UNKNOWN	PENDING
004711	src/runtime/os/generated/EvidenceCapability.hpp	.hpp	1467	31	7EEC5BA0F533013285F76468085219CEDC20FD7CBCC2D5C2BCE7A34D42DD8869	src/runtime	UNKNOWN	UNKNOWN	PENDING
004712	src/runtime/os/generated/EvidenceChainCapability.cpp	.cpp	2865	77	73BB031AC2EE883ED0BCA68A84526D70FE6FC987EFF15507C4153D82E8D2EF2B	src/runtime	UNKNOWN	UNKNOWN	PENDING
004713	src/runtime/os/generated/EvidenceChainCapability.hpp	.hpp	1496	31	AD225D01BF7F169E68D9B9196D7D3CC954226645B46745B9EB49772604D6B50E	src/runtime	UNKNOWN	UNKNOWN	PENDING
004714	src/runtime/os/generated/EvidenceGraphCapability.cpp	.cpp	2856	77	281B7FC298B16D200B38DE592381DD47DA0CD1F0499647FF388CC4C9141B9449	src/runtime	UNKNOWN	UNKNOWN	PENDING
004715	src/runtime/os/generated/EvidenceGraphCapability.hpp	.hpp	1489	31	971DD29D4B2A4A50D32821D07720033A0B3865D526086C916CCAADE7468D1019	src/runtime	UNKNOWN	UNKNOWN	PENDING
004716	src/runtime/os/generated/EvidenceRegistryCapability.cpp	.cpp	2925	77	CF34B6D81EB69444895114BB67101324A6D987EABDC2460FCD0E1E17ED34C183	src/runtime	UNKNOWN	UNKNOWN	PENDING
004717	src/runtime/os/generated/EvidenceRegistryCapability.hpp	.hpp	1499	31	4BB833E8D54C60231E8FAE467A4DA70ED346B079580816E93F5F67E9767D29CF	src/runtime	UNKNOWN	UNKNOWN	PENDING
004718	src/runtime/os/generated/ExceptionCapability.cpp	.cpp	2743	77	AC74B863426E34F69C58CCDD79CA71850063CAAB07B176DB5BBCD80144B87013	src/runtime	UNKNOWN	UNKNOWN	PENDING
004719	src/runtime/os/generated/ExceptionCapability.hpp	.hpp	1472	31	8E901F5878481583824124CD06B4D24A491D9CD154486F620BFA1B47B7DEC51E	src/runtime	UNKNOWN	UNKNOWN	PENDING
004720	src/runtime/os/generated/ExecutionEngineCapability.cpp	.cpp	2899	77	BE857A5E39B9A4049D41F0427766D7CB910F018FF2DDB38C35802336BD64F6E5	src/runtime	UNKNOWN	UNKNOWN	PENDING
004721	src/runtime/os/generated/ExecutionEngineCapability.hpp	.hpp	1493	31	3CB46AD3D634EC59A982BD65355BEF89C4535B49A148BCBCFF4DED519A55DF0F	src/runtime	UNKNOWN	UNKNOWN	PENDING
004722	src/runtime/os/generated/ExecutionGraphCapability.cpp	.cpp	2873	77	96EEB4F9963324DF31BF0B3F6E1EF1280B350F2996C4FEB35BDC9F0769287030	src/runtime	UNKNOWN	UNKNOWN	PENDING
004723	src/runtime/os/generated/ExecutionGraphCapability.hpp	.hpp	1491	31	262F1DE308CDAEEDA9BB78BA67F7C5CD2BA5C06C282BB7F86B6FDF46F8EF488A	src/runtime	UNKNOWN	UNKNOWN	PENDING
004724	src/runtime/os/generated/ExecutionRegistryCapability.cpp	.cpp	2951	77	E82BBFE800030073A6E65F901BC02398D8BCEBDFB0B78BEFA864B5DCBCFDDC07	src/runtime	UNKNOWN	UNKNOWN	PENDING
004725	src/runtime/os/generated/ExecutionRegistryCapability.hpp	.hpp	1503	31	4F94A961584BDF6A31E752C8E09FBDEB843966CD122E678B0A1EECAB1165D4F3	src/runtime	UNKNOWN	UNKNOWN	PENDING
004726	src/runtime/os/generated/ExternalOracleRegistryCapability.cpp	.cpp	3099	77	96A32E692A0CD401F8BC4D67EEF93C6DBDCDDF860DD2E7AFAB98A6C0554B51D8	src/runtime	UNKNOWN	UNKNOWN	PENDING
004727	src/runtime/os/generated/ExternalOracleRegistryCapability.hpp	.hpp	1532	31	5CC21FE90982EAAE6E5590790EF09DD919695A90751563D55F25E3E49739B12C	src/runtime	UNKNOWN	UNKNOWN	PENDING
004728	src/runtime/os/generated/FiberCapability.cpp	.cpp	2639	77	7667F0A7D0C64997A4994EC5C69C1ABBAAC5E7208D20B15122D5554464693336	src/runtime	UNKNOWN	UNKNOWN	PENDING
004729	src/runtime/os/generated/FiberCapability.hpp	.hpp	1456	31	07F84FD711DA83948C6C5CF3931996AA0AC55E6512D7C20BE1C3A6F10FAAB33C	src/runtime	UNKNOWN	UNKNOWN	PENDING
004730	src/runtime/os/generated/FilesystemCapability.cpp	.cpp	2769	77	8F6734FCB57F49EB863E1183841AC3D484A415B91B32932A150875F8ACAB15B6	src/runtime	UNKNOWN	UNKNOWN	PENDING
004731	src/runtime/os/generated/FilesystemCapability.hpp	.hpp	1476	31	383DCEA9129957A3F7AF6C4002DD815B07F4583846A9FEDD6DEBC4841356EC1B	src/runtime	UNKNOWN	UNKNOWN	PENDING
004732	src/runtime/os/generated/GenerationArchiveCapability.cpp	.cpp	2960	77	37757FBBAA320B887ABB8E0E99BCDA86ADD68C577C94A1D782EC481923968B43	src/runtime	UNKNOWN	UNKNOWN	PENDING
004733	src/runtime/os/generated/GenerationArchiveCapability.hpp	.hpp	1505	31	3023A4175E2D080E9083A01DA0569C4B9537A61BFCBA93F1679D2A93B86C8FD3	src/runtime	UNKNOWN	UNKNOWN	PENDING
004734	src/runtime/os/generated/GenerationAuthorityBoundaryCapability.cpp	.cpp	3220	77	85AFB844C59C187621468782C63CA25F965713B8E98889DA435843522A8BC03F	src/runtime	UNKNOWN	UNKNOWN	PENDING
004735	src/runtime/os/generated/GenerationAuthorityBoundaryCapability.hpp	.hpp	1545	31	B30AAA7BA8B338FEF91E156941EBE0AA47D0D6819C77A022764DF5EA1514C4C2	src/runtime	UNKNOWN	UNKNOWN	PENDING
004736	src/runtime/os/generated/GenerationAuthorityCapability.cpp	.cpp	3012	77	B05085025A1F5ED0A84F1D522D39DE842099112BF415E0E94863228E94FCD47B	src/runtime	UNKNOWN	UNKNOWN	PENDING
004737	src/runtime/os/generated/GenerationAuthorityCapability.hpp	.hpp	1513	31	AC6CD4F35D1B9DB06E757E4BFE887F8956424713F6CD589482728BFD532304FB	src/runtime	UNKNOWN	UNKNOWN	PENDING
004738	src/runtime/os/generated/GenerationCapability.cpp	.cpp	2769	77	98A98951ED06CBED9AFC0A6B13A34CB6B7118ADB6311F1CC6AE1B80EE49816BE	src/runtime	UNKNOWN	UNKNOWN	PENDING
004739	src/runtime/os/generated/GenerationCapability.hpp	.hpp	1471	31	47A3E94C3FE8ECB8A607D357067FE254A40D6A999CBE7AC757D7697EF65E3D10	src/runtime	UNKNOWN	UNKNOWN	PENDING
004740	src/runtime/os/generated/GenerationContractCapability.cpp	.cpp	2986	77	4B550C76D6CBC5584303276150D8773643F91292BC45E44DE566C058E6C98C4A	src/runtime	UNKNOWN	UNKNOWN	PENDING
004741	src/runtime/os/generated/GenerationContractCapability.hpp	.hpp	1509	31	C8E5E42415E6B16A9D957655558C50448D7B7F76618CC71DCC1F564BFD058386	src/runtime	UNKNOWN	UNKNOWN	PENDING
004742	src/runtime/os/generated/GenerationEvidenceCapability.cpp	.cpp	2986	77	7592510B4390DE7F8F3C74D4432D86CDEAD04CA2ABF7BB949AEFE700711D98A1	src/runtime	UNKNOWN	UNKNOWN	PENDING
004743	src/runtime/os/generated/GenerationEvidenceCapability.hpp	.hpp	1509	31	2C4EF81B589F4744F8D57DABD8077140109F6CCFFFB858AF4D2DB8E64A9A154C	src/runtime	UNKNOWN	UNKNOWN	PENDING
004744	src/runtime/os/generated/GenerationHistoryCapability.cpp	.cpp	2960	77	0DFE0216011002C28D52C0D8BE9ED920807DEAC1D53B2653A366E50B96D625E8	src/runtime	UNKNOWN	UNKNOWN	PENDING
004745	src/runtime/os/generated/GenerationHistoryCapability.hpp	.hpp	1505	31	34C07C271C2707B89CD92E35FB965B7953905BA078E96F40715449FCD78444AC	src/runtime	UNKNOWN	UNKNOWN	PENDING
004746	src/runtime/os/generated/GenerationIdentityCapability.cpp	.cpp	2986	77	F5DF0116643783BDAA81BBB21370ABA3F51802D084FC0EBFBBAAE27A2BF02B43	src/runtime	UNKNOWN	UNKNOWN	PENDING
004747	src/runtime/os/generated/GenerationIdentityCapability.hpp	.hpp	1509	31	DF7686993DBC035D7D2F94B6C356B229AF5DF8B1E88900C69C06191DF3337E4D	src/runtime	UNKNOWN	UNKNOWN	PENDING
004748	src/runtime/os/generated/GenerationKernelCapability.cpp	.cpp	2934	77	36D10007EC83ED4A621F8CD7ED6E5765C7DE2E991B919B6F12F5EA3EA11721E6	src/runtime	UNKNOWN	UNKNOWN	PENDING
004749	src/runtime/os/generated/GenerationKernelCapability.hpp	.hpp	1501	31	10E08A5EBB38D5AF27C017C1E9C7D71F55B5FF42FCAA229301B955B584E2AD1F	src/runtime	UNKNOWN	UNKNOWN	PENDING
004750	src/runtime/os/generated/GenerationLedgerCapability.cpp	.cpp	2934	77	258F7E90A891C7C04C0A913941CFAB1EB3EA32E4FFA6B301498F543E42D20E5C	src/runtime	UNKNOWN	UNKNOWN	PENDING
004751	src/runtime/os/generated/GenerationLedgerCapability.hpp	.hpp	1501	31	CA1DC82FBDA3F1692E90CD0E5714B37825E2E6907B2525B7860C7F58AF5488A9	src/runtime	UNKNOWN	UNKNOWN	PENDING
004752	src/runtime/os/generated/GenerationManifestCapability.cpp	.cpp	2986	77	91AC2D80AB962712E060F0B1A3E691DA9CAC127A0C72435EEAE06AEC11AAD996	src/runtime	UNKNOWN	UNKNOWN	PENDING
004753	src/runtime/os/generated/GenerationManifestCapability.hpp	.hpp	1509	31	BD694BAC4747FA8BEB03296934988777BB1E0BAE8CF77CEB4CB4B273EE185086	src/runtime	UNKNOWN	UNKNOWN	PENDING
004754	src/runtime/os/generated/GenerationOrchestratorCapability.cpp	.cpp	3090	77	CC941F1C790A9ABAC6F2AC3E76B91A205AF53E9FC922350F6E719B4E7AAA08D5	src/runtime	UNKNOWN	UNKNOWN	PENDING
004755	src/runtime/os/generated/GenerationOrchestratorCapability.hpp	.hpp	1525	31	49AB6B32065023EFCBC0F8D58B91EE10D22DB3F454C39A8DF9E6135DAF9BE548	src/runtime	UNKNOWN	UNKNOWN	PENDING
004756	src/runtime/os/generated/GenerationPipelineCapability.cpp	.cpp	2977	77	2F709E58694A67A28E359A33F7C5A0A67616231208F36453714344ADAE03F9ED	src/runtime	UNKNOWN	UNKNOWN	PENDING
004757	src/runtime/os/generated/GenerationPipelineCapability.hpp	.hpp	1503	31	9B62F8207C13B1705CC741582D0BB40D3D54ABB3B77D46BF43447B6E47F773E5	src/runtime	UNKNOWN	UNKNOWN	PENDING
004758	src/runtime/os/generated/GenerationRegistryCapability.cpp	.cpp	2977	77	F937C52A36D76B9FA001E09E1BFF5C339E68E91807D455ED14F990D3D1373E3C	src/runtime	UNKNOWN	UNKNOWN	PENDING
004759	src/runtime/os/generated/GenerationRegistryCapability.hpp	.hpp	1503	31	78B8FD56AFDFC1793FFC2ED7FF3F7F456E74755C8E40031D494B8009D13ED6E7	src/runtime	UNKNOWN	UNKNOWN	PENDING
004760	src/runtime/os/generated/GenerationReplayCapability.cpp	.cpp	2934	77	B4C6279633E8717C72BC65FF64C274652A68C6F9AADBEE863644C31C40F8E1E8	src/runtime	UNKNOWN	UNKNOWN	PENDING
004761	src/runtime/os/generated/GenerationReplayCapability.hpp	.hpp	1501	31	934DAC5C93BECFBC85576E61D359FE7A43313F1F711D1679A3A6E5E2FA35FE84	src/runtime	UNKNOWN	UNKNOWN	PENDING
004762	src/runtime/os/generated/GenerationStateCapability.cpp	.cpp	2908	77	2C8100DBCB71494E96F3A97DAEA23B0855237708443671AC72AFA9F76CE60055	src/runtime	UNKNOWN	UNKNOWN	PENDING
004763	src/runtime/os/generated/GenerationStateCapability.hpp	.hpp	1497	31	258479564263D51DE364FEBA14F2FDA710C4F2613D8FEC5354CA24D725612049	src/runtime	UNKNOWN	UNKNOWN	PENDING
004764	src/runtime/os/generated/GenerationSubjectCapability.cpp	.cpp	2960	77	3A77F5AE9F4BCEACC919F14586E37A2FC3C9124C08F8ECF9EC96637030FAE664	src/runtime	UNKNOWN	UNKNOWN	PENDING
004765	src/runtime/os/generated/GenerationSubjectCapability.hpp	.hpp	1505	31	5C294A433FE9C0D5B170F55F92B787F375B9525F8FC9A6469050588F214EE0FD	src/runtime	UNKNOWN	UNKNOWN	PENDING
004766	src/runtime/os/generated/GoalEngineCapability.cpp	.cpp	2778	77	0E620014B9A3F3E093CC9E325BE49D7FD88D8A431316071622B8F47CF6069BA9	src/runtime	UNKNOWN	UNKNOWN	PENDING
004767	src/runtime/os/generated/GoalEngineCapability.hpp	.hpp	1477	31	E1BE51710AE7281271A7E458B1119857E87642DE26C8EA9FF1C932D35C620F76	src/runtime	UNKNOWN	UNKNOWN	PENDING
004768	src/runtime/os/generated/GraphOptimizerCapability.cpp	.cpp	2882	77	87CC06B0645DDD59EF7477587B9549EA7A285DCA5E148A21CC6F87DC4DF1252F	src/runtime	UNKNOWN	UNKNOWN	PENDING
004769	src/runtime/os/generated/GraphOptimizerCapability.hpp	.hpp	1499	31	15109E5835AC70D0BCE762EE255A9B85481C72649EAA7179E7E37E01AFC3B221	src/runtime	UNKNOWN	UNKNOWN	PENDING
004770	src/runtime/os/generated/HandleTableCapability.cpp	.cpp	2795	77	DAA76D6D99AF786BD0CCFC1C33F2D70D931D92AB519013DF454BE4EDFED7CF75	src/runtime	UNKNOWN	UNKNOWN	PENDING
004771	src/runtime/os/generated/HandleTableCapability.hpp	.hpp	1479	31	D9EE214D62507BAD9ED7F8D6F2999401399F9A119ABB60A26DA2390C1A82C31B	src/runtime	UNKNOWN	UNKNOWN	PENDING
004772	src/runtime/os/generated/HashDatabaseCapability.cpp	.cpp	2821	77	49E8C12547A017547A08403D3E58C11C2EE1F32C85528143F3244589B467DD30	src/runtime	UNKNOWN	UNKNOWN	PENDING
004773	src/runtime/os/generated/HashDatabaseCapability.hpp	.hpp	1483	31	298E248CE264E83EF4DBA0846CAC15C7024D83CD97A50A2802117F16742476EB	src/runtime	UNKNOWN	UNKNOWN	PENDING
004774	src/runtime/os/generated/HealthCapability.cpp	.cpp	2665	77	3CF1360EC989BB85834A685035582C0AF41DC9ECDB68C5CBBA307D31987B600B	src/runtime	UNKNOWN	UNKNOWN	PENDING
004775	src/runtime/os/generated/HealthCapability.hpp	.hpp	1460	31	86BB7B2906A51683D5841F7C27A10448AA6E995D3D74929DB96FF06BA1F5EE52	src/runtime	UNKNOWN	UNKNOWN	PENDING
004776	src/runtime/os/generated/HistoryRegistryCapability.cpp	.cpp	2899	77	74AC6137C9F482CCB7DEF65D76B174EE8D7B53210838ADA100EF1F8EF825EB0E	src/runtime	UNKNOWN	UNKNOWN	PENDING
004777	src/runtime/os/generated/HistoryRegistryCapability.hpp	.hpp	1495	31	D77EB5A97F9B7773C4E27997A183B46B0A01536092B4FCC82BF909333FE628E7	src/runtime	UNKNOWN	UNKNOWN	PENDING
004778	src/runtime/os/generated/HypothesisEngineCapability.cpp	.cpp	2934	77	C00225CA57E068076166CD96B2AE3F23F10888C7BFA74559B2019D5C5F15DB5D	src/runtime	UNKNOWN	UNKNOWN	PENDING
004779	src/runtime/os/generated/HypothesisEngineCapability.hpp	.hpp	1501	31	0BD55CF3904A6B1E24F3C5FB3D6EB03FE928449FE9C1B4546792E527F5E92C3F	src/runtime	UNKNOWN	UNKNOWN	PENDING
004780	src/runtime/os/generated/IdentityManagerCapability.cpp	.cpp	2899	77	83FD43EF3BF40B3063D7751D0FDD8EC2353FB34D59CA91DD569C95A362A047AD	src/runtime	UNKNOWN	UNKNOWN	PENDING
004781	src/runtime/os/generated/IdentityManagerCapability.hpp	.hpp	1495	31	B5326C2C50CA0BB789EFA86719421C1FE117EDB0CC94D667740F58FCDB0EE154	src/runtime	UNKNOWN	UNKNOWN	PENDING
004782	src/runtime/os/generated/ImmutableReceiptCapability.cpp	.cpp	2943	77	76DE3AA727B4C3A605DEE107FF5DC1EA7D3BF86EBFEE0322FCE5670CE36CFA25	src/runtime	UNKNOWN	UNKNOWN	PENDING
004783	src/runtime/os/generated/ImmutableReceiptCapability.hpp	.hpp	1508	31	F537883C05836FB0344035DF2A64CE636FDBC5A5ACC20FB5D3C8C956A5F80B01	src/runtime	UNKNOWN	UNKNOWN	PENDING
004784	src/runtime/os/generated/IndependentProbeCapability.cpp	.cpp	2943	77	EE75D7AFADFDB0DA74ED3E8A5B3526EA68DF414865BB1D4227ECB217FC6F187C	src/runtime	UNKNOWN	UNKNOWN	PENDING
004785	src/runtime/os/generated/IndependentProbeCapability.hpp	.hpp	1508	31	B0B810996A0D8A981D35F2AA5C2FDD18739FBDE76475C1DA1C713397E338AD31	src/runtime	UNKNOWN	UNKNOWN	PENDING
004786	src/runtime/os/generated/InferenceKernelCapability.cpp	.cpp	2908	77	DF2D563AD811CC4D629AFEA596095756B458D614DDB0F6C35EFA26E768C2A156	src/runtime	UNKNOWN	UNKNOWN	PENDING
004787	src/runtime/os/generated/InferenceKernelCapability.hpp	.hpp	1503	31	68FBFA82A3F40F7B31CBF14B80B58818BBDBB0617E58C847512D6A668D807A19	src/runtime	UNKNOWN	UNKNOWN	PENDING
004788	src/runtime/os/generated/InferencePlannerCapability.cpp	.cpp	2934	77	D611DD3D402589257EE58F19F93EBBAC83B1C7B3B9431FC95C59D349B99C284E	src/runtime	UNKNOWN	UNKNOWN	PENDING
004789	src/runtime/os/generated/InferencePlannerCapability.hpp	.hpp	1507	31	FC397832D5809498253AFC9F31FDB38E85AD280C32EBF56701757B7B045396CD	src/runtime	UNKNOWN	UNKNOWN	PENDING
004790	src/runtime/os/generated/InferenceSchedulerCapability.cpp	.cpp	2986	77	A8F6D351FAC4A444CCB9ABC1D2275239A75B8F2C2043FA017CA8BA3DF457F1C8	src/runtime	UNKNOWN	UNKNOWN	PENDING
004791	src/runtime/os/generated/InferenceSchedulerCapability.hpp	.hpp	1515	31	2AA9CDC313E321A20609F42BAAC30CC38E025DDA721866C299D0FAA103DE7E5C	src/runtime	UNKNOWN	UNKNOWN	PENDING
004792	src/runtime/os/generated/InputCapability.cpp	.cpp	2639	77	3EE1477363F93B7FB3B4CFC455D395815FD928266A2860181DEE7EBF5AFA12E0	src/runtime	UNKNOWN	UNKNOWN	PENDING
004793	src/runtime/os/generated/InputCapability.hpp	.hpp	1456	31	3ED41D35D63C2506BF955F7153950652B36DBEEAC2828E2C6C8896CA43620904	src/runtime	UNKNOWN	UNKNOWN	PENDING
004794	src/runtime/os/generated/InstructionSetCapability.cpp	.cpp	2873	77	9DEFD9E0AB79BAE27CD39A70C920D18C9CEEC83B7C27C372A8BB56F6002C5DCB	src/runtime	UNKNOWN	UNKNOWN	PENDING
004795	src/runtime/os/generated/InstructionSetCapability.hpp	.hpp	1489	31	5191436FA0B13C4BF154531EAA0EB0A1BB95B0281A36F0008402BF61D1AE49EE	src/runtime	UNKNOWN	UNKNOWN	PENDING
004796	src/runtime/os/generated/IPCCapability.cpp	.cpp	2587	77	9A11A454493A5877579B830011FC0CAACF56F26F021A7AA03644A31A1685D7D4	src/runtime	UNKNOWN	UNKNOWN	PENDING
004797	src/runtime/os/generated/IPCCapability.hpp	.hpp	1448	31	AD7DFEF6FB4FFDB5C348A242A14C41CC8176FC903908E0A0BE4B062D68D6EFA4	src/runtime	UNKNOWN	UNKNOWN	PENDING
004798	src/runtime/os/generated/IRCapability.cpp	.cpp	2561	77	094B144F74F1C2BAF0E02609951490B9DA05DAD20D91ABAD51B419A3054B5031	src/runtime	UNKNOWN	UNKNOWN	PENDING
004799	src/runtime/os/generated/IRCapability.hpp	.hpp	1441	31	27841DD86EB84DF75A0FABB43205F9471BC19BD7D6D7716F5AAA670C4A8532B3	src/runtime	UNKNOWN	UNKNOWN	PENDING
004800	src/runtime/os/generated/IRDatabaseCapability.cpp	.cpp	2769	77	9A45F346F5717AABB8BE455488C4AA5AB6CA99C4A994FE87B2DE3BB3C6F8383C	src/runtime	UNKNOWN	UNKNOWN	PENDING
004801	src/runtime/os/generated/IRDatabaseCapability.hpp	.hpp	1473	31	CDA508C2B11589FE38D5AD6374A1A33B393528DE11DC23CEC2015D006DFECC4B	src/runtime	UNKNOWN	UNKNOWN	PENDING
004802	src/runtime/os/generated/KernelABICapability.cpp	.cpp	2740	77	53D4CBD71C25EA0BCD93AF3E5EC52B86195C01FDD2BC3B8BC70A880E169E3A8C	src/runtime	UNKNOWN	UNKNOWN	PENDING
004803	src/runtime/os/generated/KernelABICapability.hpp	.hpp	1468	31	AE157E1E859CD286329C4F6D54BF788D9F77B24C6B26CE5F1F5D5337358054B4	src/runtime	UNKNOWN	UNKNOWN	PENDING
004804	src/runtime/os/generated/KernelAdmissionCapability.cpp	.cpp	2896	77	DE7794006A9A83C0007145402A5C59CFA792FC4237CC6C090B140E22E39EE459	src/runtime	UNKNOWN	UNKNOWN	PENDING
004805	src/runtime/os/generated/KernelAdmissionCapability.hpp	.hpp	1492	31	B40D407588F1B65270B936735FD18A216AB1FFA09C5E0D19320A130DD5A5E7BF	src/runtime	UNKNOWN	UNKNOWN	PENDING
004806	src/runtime/os/generated/KernelArtifactCapability.cpp	.cpp	2870	77	83F82B6726CCC96B879F1807657E3414BCAFEB0E9A801DB018AC32F5FDEC1E5E	src/runtime	UNKNOWN	UNKNOWN	PENDING
004807	src/runtime/os/generated/KernelArtifactCapability.hpp	.hpp	1488	31	18E95E089C2FAC0AAF6D09EE96216A0BFACE7F447B8B14CC02810515CB6D15ED	src/runtime	UNKNOWN	UNKNOWN	PENDING
004808	src/runtime/os/generated/KernelAuthorityCapability.cpp	.cpp	2896	77	6C03B0ED97045E5E1566F4F8FE1D2FBC02A5A94740EE4D31AA8B73631EBFD787	src/runtime	UNKNOWN	UNKNOWN	PENDING
004809	src/runtime/os/generated/KernelAuthorityCapability.hpp	.hpp	1492	31	2F1BD325E97E89017AE71C8109E1E221BFA5A970593FD94B0783FCE00D872D16	src/runtime	UNKNOWN	UNKNOWN	PENDING
004810	src/runtime/os/generated/KernelBootCapability.cpp	.cpp	2766	77	57C8A3E96647EB561527C8665C4868C3E1BB92961F25F1BF9C6B02F6D5E9D345	src/runtime	UNKNOWN	UNKNOWN	PENDING
004811	src/runtime/os/generated/KernelBootCapability.hpp	.hpp	1472	31	369A9601170C46583562323319ED99D9AB24A8138C0E5246C012EF3572DF99C1	src/runtime	UNKNOWN	UNKNOWN	PENDING
004812	src/runtime/os/generated/KernelBootstrapCapability.cpp	.cpp	2896	77	565DF123A647153231D35D491F7CF0C999C0D4A30045C0AF0EF1F4FFAB064315	src/runtime	UNKNOWN	UNKNOWN	PENDING
004813	src/runtime/os/generated/KernelBootstrapCapability.hpp	.hpp	1492	31	33D7F1D8C3AE98B4152D5FA8A6488EDCB4A14323E7B2B7F958D1CF303A3029B9	src/runtime	UNKNOWN	UNKNOWN	PENDING
004814	src/runtime/os/generated/KernelCapabilitiesCapability.cpp	.cpp	2974	77	CA5A9BFDF32B77240599ECC6FB05E5007A4DE6C6737B8E4A8F14E58451B963AB	src/runtime	UNKNOWN	UNKNOWN	PENDING
004815	src/runtime/os/generated/KernelCapabilitiesCapability.hpp	.hpp	1504	31	F3D3FC8FB55727663D036E4937EBCE906E7738E0126F7F94646FAB3EBEBDA158	src/runtime	UNKNOWN	UNKNOWN	PENDING
004816	src/runtime/os/generated/KernelCertificationCapability.cpp	.cpp	3000	77	5BE1016757D5B4BA0471405610EAC4179D57F7B03A5832666F4ACEF9180F38E6	src/runtime	UNKNOWN	UNKNOWN	PENDING
004817	src/runtime/os/generated/KernelCertificationCapability.hpp	.hpp	1508	31	7AF2AA0D7524BA31510E3794449CB478BABAA6A520165D6EE543249BDD6E5ECE	src/runtime	UNKNOWN	UNKNOWN	PENDING
004818	src/runtime/os/generated/KernelCompatibilityCapability.cpp	.cpp	3000	77	9B9BCE1FB892C7E44FB5D93CD2E5FEA1B5C41C78AAC78DED8341C933B70AEC74	src/runtime	UNKNOWN	UNKNOWN	PENDING
004819	src/runtime/os/generated/KernelCompatibilityCapability.hpp	.hpp	1508	31	78CAAEF211B802AE71E3D631F7CBAF176D7617A243DD20423C0D259BEA374886	src/runtime	UNKNOWN	UNKNOWN	PENDING
004820	src/runtime/os/generated/KernelCompositionCapability.cpp	.cpp	2948	77	61F2D76034F7AD4EA1D3E418982DE432706C02140BDFBF683A44F429DCD7BC8B	src/runtime	UNKNOWN	UNKNOWN	PENDING
004821	src/runtime/os/generated/KernelCompositionCapability.hpp	.hpp	1500	31	62C12130C130D90D127B79A946D07CF0B44443B342BC8584EDEB5E43CFB3E20F	src/runtime	UNKNOWN	UNKNOWN	PENDING
004822	src/runtime/os/generated/KernelConfigurationCapability.cpp	.cpp	3000	77	AFA51709B5F9319CB3B316C1B0D4FD56F48DF3F4903B3E16BDD57D6044F141C3	src/runtime	UNKNOWN	UNKNOWN	PENDING
004823	src/runtime/os/generated/KernelConfigurationCapability.hpp	.hpp	1508	31	40BE6B96D61BBA2EBABA8B0D3252F79DBAE079773C62D768F5B11353898CA8B3	src/runtime	UNKNOWN	UNKNOWN	PENDING
004824	src/runtime/os/generated/KernelContractsCapability.cpp	.cpp	2896	77	061E05DD9330F7F822B838CA2D95C96BBB96320BE8D142DDDD87F9EBDF019473	src/runtime	UNKNOWN	UNKNOWN	PENDING
004825	src/runtime/os/generated/KernelContractsCapability.hpp	.hpp	1492	31	85B6C0E4BB7E1A7D877CFCE3BF48768A73083C9D00CDEC8EC639EA5320FA1D82	src/runtime	UNKNOWN	UNKNOWN	PENDING
004826	src/runtime/os/generated/KernelCoordinatorCapability.cpp	.cpp	2948	77	A856B60F2F2B008DE234987B5F6EEA6FC9460DFCF4CAADDC4639ED7F19671D78	src/runtime	UNKNOWN	UNKNOWN	PENDING
004827	src/runtime/os/generated/KernelCoordinatorCapability.hpp	.hpp	1500	31	A61CB88ABCC660F05BE5E9A573A8998CF2892BE6E61668F29EFE43781A96BBD2	src/runtime	UNKNOWN	UNKNOWN	PENDING
004828	src/runtime/os/generated/KernelCoreCapability.cpp	.cpp	2766	77	4F9B174D8B8EBFA742193204A125B4080B4A34DEA91DE719E9F2B8AEF9BB3EC6	src/runtime	UNKNOWN	UNKNOWN	PENDING
004829	src/runtime/os/generated/KernelCoreCapability.hpp	.hpp	1472	31	957B00F7468EB4206103ED8E2FA9DC8054C059271AD2D730CA067A0E3F955F32	src/runtime	UNKNOWN	UNKNOWN	PENDING
004830	src/runtime/os/generated/KernelDecisionsCapability.cpp	.cpp	2896	77	8BF106228600BF9ECFA9905B68BC2CC99DE8F6C5E7398AAFD0E56A228AFB1518	src/runtime	UNKNOWN	UNKNOWN	PENDING
004831	src/runtime/os/generated/KernelDecisionsCapability.hpp	.hpp	1492	31	684BA0E28A0D2CBC3690881E9FB31BA57E22389F6387962FA755BADD2A3F977C	src/runtime	UNKNOWN	UNKNOWN	PENDING
004832	src/runtime/os/generated/KernelDescriptorCapability.cpp	.cpp	2922	77	0D96717067638BA5EAEECD06D799CFCECCDD5DDB8A7AA9263CE158F70A1AD30F	src/runtime	UNKNOWN	UNKNOWN	PENDING
004833	src/runtime/os/generated/KernelDescriptorCapability.hpp	.hpp	1496	31	DBB09A863CCBD55C0CCFCF2E67D986CB01BCADCDC7DDF73F332BF381060E73BE	src/runtime	UNKNOWN	UNKNOWN	PENDING
004834	src/runtime/os/generated/KernelDeserializerCapability.cpp	.cpp	2974	77	530EDFE0A52BBC1DA845B29A271B1808238A116E7000FBA18C241C3BA99E2255	src/runtime	UNKNOWN	UNKNOWN	PENDING
004835	src/runtime/os/generated/KernelDeserializerCapability.hpp	.hpp	1504	31	78C6895695C173560E9A465499508B265C5F57D8C65221EBAE4C7E4B93C2BA34	src/runtime	UNKNOWN	UNKNOWN	PENDING
004836	src/runtime/os/generated/KernelDeviceCapability.cpp	.cpp	2818	77	A603668CEC58E99C01F9C17B578F59CF7519B1DB096C5D6F54F4AB3530700779	src/runtime	UNKNOWN	UNKNOWN	PENDING
004837	src/runtime/os/generated/KernelDeviceCapability.hpp	.hpp	1480	31	9F6D96F8431B8654AEC1152A276DC5184D73B66E4C18AB62FE0D115541EDB594	src/runtime	UNKNOWN	UNKNOWN	PENDING
004838	src/runtime/os/generated/KernelDiagnosticsCapability.cpp	.cpp	2948	77	71EB419397F217BD1DA4AAB6FB86788F656453846BB8CF2125666DD98EE9E8E4	src/runtime	UNKNOWN	UNKNOWN	PENDING
004839	src/runtime/os/generated/KernelDiagnosticsCapability.hpp	.hpp	1500	31	1610C9115D048A3B7058DDFB75EFD2AEC4679E851B5F30477F61EDEA37CE69FB	src/runtime	UNKNOWN	UNKNOWN	PENDING
004840	src/runtime/os/generated/KernelDispatcherCapability.cpp	.cpp	2922	77	1E5121E14BA986C6BAC2172A451BCE9B911992B32EF898E4E60FE8B2FAA5F441	src/runtime	UNKNOWN	UNKNOWN	PENDING
004841	src/runtime/os/generated/KernelDispatcherCapability.hpp	.hpp	1496	31	5CC739366A8F5D3AD8406712BE049D5209C27947D4C14F1360915BAADE7CC737	src/runtime	UNKNOWN	UNKNOWN	PENDING
004842	src/runtime/os/generated/KernelEmitterCapability.cpp	.cpp	2844	77	14604DB9072A7EA2956F7B18B272DB4D22A56AC0108A22A6A65D24FA626727DC	src/runtime	UNKNOWN	UNKNOWN	PENDING
004843	src/runtime/os/generated/KernelEmitterCapability.hpp	.hpp	1484	31	8211A40C15DE88F1A554D3E13FCEBB876E568881EBE4970DD26B3D51C9C20FB3	src/runtime	UNKNOWN	UNKNOWN	PENDING
004844	src/runtime/os/generated/KernelEnvironmentCapability.cpp	.cpp	2948	77	5188802DC3CA9871ED86D3E0DC26EF8BA4050D49D9A89634F203C1442E285227	src/runtime	UNKNOWN	UNKNOWN	PENDING
004845	src/runtime/os/generated/KernelEnvironmentCapability.hpp	.hpp	1500	31	B78550DCACC99A32BEC58BE35E9FDFDB2E11E3D8B1C483EA5371ABF9B465552B	src/runtime	UNKNOWN	UNKNOWN	PENDING
004846	src/runtime/os/generated/KernelEvidenceCapability.cpp	.cpp	2870	77	C9D7B1222586733CF0F2458FF04020392C86BDD2E01F54B24D91A04011E21E42	src/runtime	UNKNOWN	UNKNOWN	PENDING
004847	src/runtime/os/generated/KernelEvidenceCapability.hpp	.hpp	1488	31	0D6B5090D955C7CC03717067F2EF6CE60C52051348D3DA46BDBC5E3E24AD4D3D	src/runtime	UNKNOWN	UNKNOWN	PENDING
004848	src/runtime/os/generated/KernelExecutionCapability.cpp	.cpp	2896	77	0C6945BAE4090DE7FFB0F772458B5DD879F6A0976C86010B21496E3E67F0E6D1	src/runtime	UNKNOWN	UNKNOWN	PENDING
004849	src/runtime/os/generated/KernelExecutionCapability.hpp	.hpp	1492	31	EC35B61D041F36071623F04BA1C44C6D8B9758CB3D8864809945019E22A18F67	src/runtime	UNKNOWN	UNKNOWN	PENDING
004850	src/runtime/os/generated/KernelExecutorCapability.cpp	.cpp	2870	77	6DB6CC73B56B3D209262B724B09C96FF2D78F215C29206897F8FF3E304C21D6A	src/runtime	UNKNOWN	UNKNOWN	PENDING
004851	src/runtime/os/generated/KernelExecutorCapability.hpp	.hpp	1488	31	A1618FF5EB30E5D01E4122FE2C33ECF3B3B8670FBD8BA270A248AB10B95B5B41	src/runtime	UNKNOWN	UNKNOWN	PENDING
004852	src/runtime/os/generated/KernelFiberCapability.cpp	.cpp	2792	77	B17097954867806BFC65A5886C5DC1D71D1AB8D71A39CDD177C2E6C0A9FE51B5	src/runtime	UNKNOWN	UNKNOWN	PENDING
004853	src/runtime/os/generated/KernelFiberCapability.hpp	.hpp	1476	31	6A49B9BE401B916AB7431F30826CF426DCAEA4958C601D94238892BD6BF53DC7	src/runtime	UNKNOWN	UNKNOWN	PENDING
004854	src/runtime/os/generated/KernelFusionCapability.cpp	.cpp	2830	77	B1AEEB3E5B06A82211DA4372863E10F912C2F8C8BB36D0104C8E88E043F6618D	src/runtime	UNKNOWN	UNKNOWN	PENDING
004855	src/runtime/os/generated/KernelFusionCapability.hpp	.hpp	1491	31	D7ED50637E29379071AA5A8FD4F15BF59C7432F368A5EB15931412D70E898E31	src/runtime	UNKNOWN	UNKNOWN	PENDING
004856	src/runtime/os/generated/KernelGenerationCapability.cpp	.cpp	2922	77	E34AFF47030031DE1B351F61318435F90080D5E65228EAFBDA83A1FCB4040D04	src/runtime	UNKNOWN	UNKNOWN	PENDING
004857	src/runtime/os/generated/KernelGenerationCapability.hpp	.hpp	1496	31	FE018DE027FDCF6C794FE1F09C10A6F460B8B193A8577DEA9E817B9217C67909	src/runtime	UNKNOWN	UNKNOWN	PENDING
004858	src/runtime/os/generated/KernelGoalsCapability.cpp	.cpp	2792	77	9A6A2E574DC3B61BAD4EB64D36B945D614A7AC947A7908D0F7A2D05DE1733409	src/runtime	UNKNOWN	UNKNOWN	PENDING
004859	src/runtime/os/generated/KernelGoalsCapability.hpp	.hpp	1476	31	C3D19DAFB93A609560DBD103004511273C881862B1F235403B5C4246F33C084B	src/runtime	UNKNOWN	UNKNOWN	PENDING
004860	src/runtime/os/generated/KernelGraphCapability.cpp	.cpp	2792	77	3BD5FFC31EEDD216864B7F840FAF64CC34C2DDFD99E8CDE9FF839173C3261D2D	src/runtime	UNKNOWN	UNKNOWN	PENDING
004861	src/runtime/os/generated/KernelGraphCapability.hpp	.hpp	1476	31	7FB7E2CEB3ADAF68BE62C1E81C6BD6A498A1E98B3CB17DD43A11CAC0604AC900	src/runtime	UNKNOWN	UNKNOWN	PENDING
004862	src/runtime/os/generated/KernelHostCapability.cpp	.cpp	2766	77	142BAA4542FA68C56742F97EFC7B2F55F7BA16ED05861126A267B96FEE1AAA23	src/runtime	UNKNOWN	UNKNOWN	PENDING
004863	src/runtime/os/generated/KernelHostCapability.hpp	.hpp	1472	31	420DC7B735C9ACBC1AEE7A36BBFAB2461EC70E6A2224F684B6181A48E370F4D0	src/runtime	UNKNOWN	UNKNOWN	PENDING
004864	src/runtime/os/generated/KernelHotPatchCapability.cpp	.cpp	2870	77	ECA24632B88C5837DCDC35AE5228AE86BAB8531849DF2CE668971048EB70F2AE	src/runtime	UNKNOWN	UNKNOWN	PENDING
004865	src/runtime/os/generated/KernelHotPatchCapability.hpp	.hpp	1488	31	A885731C8D04AA7C67D8F322A1A25DD085661FC2AF17E7435FC19C78544B02E8	src/runtime	UNKNOWN	UNKNOWN	PENDING
004866	src/runtime/os/generated/KernelIdentityCapability.cpp	.cpp	2870	77	17C0E23ECE6435660D15BAAC04138AAFE86399ACB0AEB9AE09288E2BE6B16CAF	src/runtime	UNKNOWN	UNKNOWN	PENDING
004867	src/runtime/os/generated/KernelIdentityCapability.hpp	.hpp	1488	31	2BE24F68492EF8518B10EBCC863429AEE10E605362187DC83B89AB302D1026B9	src/runtime	UNKNOWN	UNKNOWN	PENDING
004868	src/runtime/os/generated/KernelImageCapability.cpp	.cpp	2792	77	4E6F30178F3A92038084A6260C891AB5B34896A2F20B08B162B55E19A772D3F7	src/runtime	UNKNOWN	UNKNOWN	PENDING
004869	src/runtime/os/generated/KernelImageCapability.hpp	.hpp	1476	31	6782E8A56E237DD4B4276D438EEB56914B0223E8C4BE04F3DC9F57E3D087F063	src/runtime	UNKNOWN	UNKNOWN	PENDING
004870	src/runtime/os/generated/KernelInvariantsCapability.cpp	.cpp	2922	77	07498839078B9E47EC2517277263DFE4940AAE49654D3DEA609643F08CC6491C	src/runtime	UNKNOWN	UNKNOWN	PENDING
004871	src/runtime/os/generated/KernelInvariantsCapability.hpp	.hpp	1496	31	E097E6667802E8B13F81A588CF7E34B6B49502EDBE38F6349FD3F57BEDEAB2CF	src/runtime	UNKNOWN	UNKNOWN	PENDING
004872	src/runtime/os/generated/KernelKnowledgeCapability.cpp	.cpp	2896	77	E68CF691D571983072CA13F4F446034EEC5BFDB8331A38D3698620508C728895	src/runtime	UNKNOWN	UNKNOWN	PENDING
004873	src/runtime/os/generated/KernelKnowledgeCapability.hpp	.hpp	1492	31	F6E5ADFB829C57287D7FD855538470B27841633C95BE4FF62925F222929309B1	src/runtime	UNKNOWN	UNKNOWN	PENDING
004874	src/runtime/os/generated/KernelLifecycleCapability.cpp	.cpp	2896	77	87E4561DAE569CBD571FEB3957AA2B3F6D2790DB36BE642B215DAF40CAB2D38E	src/runtime	UNKNOWN	UNKNOWN	PENDING
004875	src/runtime/os/generated/KernelLifecycleCapability.hpp	.hpp	1492	31	0A9A657AE26D7D9A4963CBC853D2F51A30BEBD187BA123EEA274D154A52BA4F8	src/runtime	UNKNOWN	UNKNOWN	PENDING
004876	src/runtime/os/generated/KernelLoaderCapability.cpp	.cpp	2818	77	F732D5C71340CD9C6080FAF566C69B948F975012FC814D683BC561C5F519D88E	src/runtime	UNKNOWN	UNKNOWN	PENDING
004877	src/runtime/os/generated/KernelLoaderCapability.hpp	.hpp	1480	31	C04571AA4ED6A66DC2CEA72A19D7F259BD94A80AED76448849635E2A20E9CBC8	src/runtime	UNKNOWN	UNKNOWN	PENDING
004878	src/runtime/os/generated/KernelManifestCapability.cpp	.cpp	2870	77	777339B555677AB0FEE6875315A26B06F7B03EC286680317C267BB42F8DCF10F	src/runtime	UNKNOWN	UNKNOWN	PENDING
004879	src/runtime/os/generated/KernelManifestCapability.hpp	.hpp	1488	31	B63AF6F5AFE5E2797852BF12E7F807EE85CDB49226C74D87B42D8B707346349F	src/runtime	UNKNOWN	UNKNOWN	PENDING
004880	src/runtime/os/generated/KernelMemoryCapability.cpp	.cpp	2818	77	56668BB723A2D41E579B94E58E931EDE31BE5B3E6B5E68F7818C8F06F5E85E06	src/runtime	UNKNOWN	UNKNOWN	PENDING
004881	src/runtime/os/generated/KernelMemoryCapability.hpp	.hpp	1480	31	2EC7D3973DFEEE1013073F34C5D5C348FF8F9834545B6F593CC10684B3DAFF27	src/runtime	UNKNOWN	UNKNOWN	PENDING
004882	src/runtime/os/generated/KernelMetadataCapability.cpp	.cpp	2870	77	9C02366CD6FE3B14A558B714ADD1E6D84786E7885D53DCC95940665AAD3577F0	src/runtime	UNKNOWN	UNKNOWN	PENDING
004883	src/runtime/os/generated/KernelMetadataCapability.hpp	.hpp	1488	31	01FBB733682DA22EC145A88CCC9176FCDA10138012BD70B88D18B12163D6F377	src/runtime	UNKNOWN	UNKNOWN	PENDING
004884	src/runtime/os/generated/KernelMigrationCapability.cpp	.cpp	2896	77	31E18CCC8F26C6BD71BA10CA50CCAF87C754A6A0082AF91F4980768AF54B175F	src/runtime	UNKNOWN	UNKNOWN	PENDING
004885	src/runtime/os/generated/KernelMigrationCapability.hpp	.hpp	1492	31	BA081A75D0727B54A413FCC82388198E3F5C19DF4C38EAA8BC0093710A9A5691	src/runtime	UNKNOWN	UNKNOWN	PENDING
004886	src/runtime/os/generated/KernelModuleCapability.cpp	.cpp	2818	77	34D88ADC65457819BA8E6DC2DA5263047FC5270F5DADE6B3FD87D1108C36D520	src/runtime	UNKNOWN	UNKNOWN	PENDING
004887	src/runtime/os/generated/KernelModuleCapability.hpp	.hpp	1480	31	301DF8C7AE4FEC837B8E4D5F12ECA4CDC8445B95F97F95FFF810EA43725A3AB4	src/runtime	UNKNOWN	UNKNOWN	PENDING
004888	src/runtime/os/generated/KernelNamespaceCapability.cpp	.cpp	2896	77	E73E464D693411E7FCF067448EEBF133267804A177504219E332E4885846C0F6	src/runtime	UNKNOWN	UNKNOWN	PENDING
004889	src/runtime/os/generated/KernelNamespaceCapability.hpp	.hpp	1492	31	B85F3AA4FD9CE0E3C51B0AE0A2EAC8AD62ADC36C33E978DDBF33CBC2897DD7FC	src/runtime	UNKNOWN	UNKNOWN	PENDING
004890	src/runtime/os/generated/KernelNegotiationCapability.cpp	.cpp	2948	77	79F73D33B4322967C03D7ECB1BFAAD35EDC63A30AF166AD19E53973E6FDA6CF9	src/runtime	UNKNOWN	UNKNOWN	PENDING
004891	src/runtime/os/generated/KernelNegotiationCapability.hpp	.hpp	1500	31	3467B5773863A7177CB5381B8F6FB0B1E49047DCEF0E0C69371C796F380E8600	src/runtime	UNKNOWN	UNKNOWN	PENDING
004892	src/runtime/os/generated/KernelObservationCapability.cpp	.cpp	2948	77	98252EA6166D641FDA1FC69D33C8ABEA1CD1C379E38366CD36D984B68AFD25B2	src/runtime	UNKNOWN	UNKNOWN	PENDING
004893	src/runtime/os/generated/KernelObservationCapability.hpp	.hpp	1500	31	DD1BB4B63781D31903DB1E798870D7F6057BE7657C2E18041EA657D2834CDC51	src/runtime	UNKNOWN	UNKNOWN	PENDING
004894	src/runtime/os/generated/KernelOptimizerCapability.cpp	.cpp	2896	77	4F62BA43C8301343751F8C2C789A442DA902B618CE4C0462CA6783B7FB5BA560	src/runtime	UNKNOWN	UNKNOWN	PENDING
004895	src/runtime/os/generated/KernelOptimizerCapability.hpp	.hpp	1492	31	66F92DE9C42EF01B8935F56F237A3A8CDB6DDBFBA06377D201612582E9D7A5F9	src/runtime	UNKNOWN	UNKNOWN	PENDING
004896	src/runtime/os/generated/KernelPackageCapability.cpp	.cpp	2844	77	ECDBE77ED119846EB53799D4C398CC0724808F2767FFDFEAD605F812B65EA4C1	src/runtime	UNKNOWN	UNKNOWN	PENDING
004897	src/runtime/os/generated/KernelPackageCapability.hpp	.hpp	1484	31	B73EF243F589743CF02A7A4AE178226D138989477057BE374AB450E1CBC48426	src/runtime	UNKNOWN	UNKNOWN	PENDING
004898	src/runtime/os/generated/KernelPersistenceCapability.cpp	.cpp	2948	77	BC61E37E17A52D1F5536129421A9DDE5D4ADF317831EBDFC8BADB72C197E4CB3	src/runtime	UNKNOWN	UNKNOWN	PENDING
004899	src/runtime/os/generated/KernelPersistenceCapability.hpp	.hpp	1500	31	CA5EE4AFE2F481D240D3FA39035E7BC2B7ED4C2E4C9156F48599207392AF54DA	src/runtime	UNKNOWN	UNKNOWN	PENDING
004900	src/runtime/os/generated/KernelPlannerCapability.cpp	.cpp	2844	77	42C1A77C55B4594475CF19CCD51EDF479DE07B4D0B5837B3864D25B6D7633028	src/runtime	UNKNOWN	UNKNOWN	PENDING
004901	src/runtime/os/generated/KernelPlannerCapability.hpp	.hpp	1484	31	0BCE51A009AE8D70F50ACE7D7868575BEDE4F5C27CA779DF4072BC6FCF3252D4	src/runtime	UNKNOWN	UNKNOWN	PENDING
004902	src/runtime/os/generated/KernelPlatformCapability.cpp	.cpp	2870	77	21DB75EF92DBDC78843270E6D2284E0CC8164D3D304EF7669AB2481067F7687A	src/runtime	UNKNOWN	UNKNOWN	PENDING
004903	src/runtime/os/generated/KernelPlatformCapability.hpp	.hpp	1488	31	BD5204AC21F67BAF6B9E6869FAACD4EB8460542494B6B20DBAE5FFDE673DDAA1	src/runtime	UNKNOWN	UNKNOWN	PENDING
004904	src/runtime/os/generated/KernelPoliciesCapability.cpp	.cpp	2870	77	340E38857B103475BFBC89EC656644CAE790C7C50E4C72DA9053E18D9644B63F	src/runtime	UNKNOWN	UNKNOWN	PENDING
004905	src/runtime/os/generated/KernelPoliciesCapability.hpp	.hpp	1488	31	8A4B40C6B5C343FE265FB5216E46F5E54B065647CE11F4A7FA1842F52FF3FD22	src/runtime	UNKNOWN	UNKNOWN	PENDING
004906	src/runtime/os/generated/KernelProcessCapability.cpp	.cpp	2844	77	F5491D11AC4955DBD975AD013C09E0FC9EEA41270DEB88A398CDE8D3876F29A9	src/runtime	UNKNOWN	UNKNOWN	PENDING
004907	src/runtime/os/generated/KernelProcessCapability.hpp	.hpp	1484	31	A4164C007A50DFD822C85DBEA9EAAFFE3CA399ABE1BE496B7502673AF5C5E7AC	src/runtime	UNKNOWN	UNKNOWN	PENDING
004908	src/runtime/os/generated/KernelProfilerCapability.cpp	.cpp	2870	77	ACF9A81741919638EABC21FE0FEC6D9E5CA7D7B211E07340627CC33C78E63144	src/runtime	UNKNOWN	UNKNOWN	PENDING
004909	src/runtime/os/generated/KernelProfilerCapability.hpp	.hpp	1488	31	0291F2FED7C20CF4E2B9188B0CB5F6890E0B0FCFD302561D24814356D597496E	src/runtime	UNKNOWN	UNKNOWN	PENDING
004910	src/runtime/os/generated/KernelProjectCapability.cpp	.cpp	2844	77	C42C473C656A8F276440249038C5555B98AB50B603A1804751FF00A87AD503D0	src/runtime	UNKNOWN	UNKNOWN	PENDING
004911	src/runtime/os/generated/KernelProjectCapability.hpp	.hpp	1484	31	6185395220245081B78DF066C753AE41202784C1488F38F70D468185B99D8C15	src/runtime	UNKNOWN	UNKNOWN	PENDING
004912	src/runtime/os/generated/KernelRealityCapability.cpp	.cpp	2844	77	EF885A6452D8A1BB9D769885F19CB2AD0E1C9EF3684B5345B29AEA8449FB111D	src/runtime	UNKNOWN	UNKNOWN	PENDING
004913	src/runtime/os/generated/KernelRealityCapability.hpp	.hpp	1484	31	7ADD5D2A89A80E2BBB25D8750C3F477F2E1293A60D9C5F99AEE84D28C3BA4B66	src/runtime	UNKNOWN	UNKNOWN	PENDING
004914	src/runtime/os/generated/KernelReasonerCapability.cpp	.cpp	2870	77	AA62DB9089C82BD3FFDFE831D71042AE6D41C39D1563DBA718ACF9D0A6311CC2	src/runtime	UNKNOWN	UNKNOWN	PENDING
004915	src/runtime/os/generated/KernelReasonerCapability.hpp	.hpp	1488	31	4D84DC1930B69416D82392457B69A8E1888F8CC748834C78D6416DC2656DD133	src/runtime	UNKNOWN	UNKNOWN	PENDING
004916	src/runtime/os/generated/KernelRecoveryCapability.cpp	.cpp	2870	77	297C1AA6E3B8810EA86B1BB67D5B56423FAE435C16AD701D5511D8DBB291E40A	src/runtime	UNKNOWN	UNKNOWN	PENDING
004917	src/runtime/os/generated/KernelRecoveryCapability.hpp	.hpp	1488	31	3A185434C37326885B76F3476D9102E1855927FE94AC28D5AF0EDF7A53C83B5F	src/runtime	UNKNOWN	UNKNOWN	PENDING
004918	src/runtime/os/generated/KernelRegistryCapability.cpp	.cpp	2870	77	B779F64CA4359C4AF936F1D6369CDC69D16C276FADAC6D2EAD13846E7E7FA735	src/runtime	UNKNOWN	UNKNOWN	PENDING
004919	src/runtime/os/generated/KernelRegistryCapability.hpp	.hpp	1488	31	9FE87B3776A6826B4B5B28B469C55BB0EF06ABB4C5BFD7A4D21DBA08384EAA0B	src/runtime	UNKNOWN	UNKNOWN	PENDING
004920	src/runtime/os/generated/KernelReplayCapability.cpp	.cpp	2818	77	473E5D394132DF7E3C7D16F11B8BDA5D3FA8794C1747D92F0C374EE49A798BCB	src/runtime	UNKNOWN	UNKNOWN	PENDING
004921	src/runtime/os/generated/KernelReplayCapability.hpp	.hpp	1480	31	09789D0D8569CBBBD89ABAFB744D935E4481ADA548874C333D77E5C50A4BFF54	src/runtime	UNKNOWN	UNKNOWN	PENDING
004922	src/runtime/os/generated/KernelResolverCapability.cpp	.cpp	2870	77	A1B596411526606341D7043B6F217637316A39F1D02EA35686E3C0223783F89D	src/runtime	UNKNOWN	UNKNOWN	PENDING
004923	src/runtime/os/generated/KernelResolverCapability.hpp	.hpp	1488	31	CC2AE461CDB7F1A0D7009643CFCF3CDCEE8EB40131339695F791CA6EE208959B	src/runtime	UNKNOWN	UNKNOWN	PENDING
004924	src/runtime/os/generated/KernelResourcesCapability.cpp	.cpp	2896	77	087D600AA395B480493581C44A8D5EA7596A344CDA4DC1204B73517665A3ACD3	src/runtime	UNKNOWN	UNKNOWN	PENDING
004925	src/runtime/os/generated/KernelResourcesCapability.hpp	.hpp	1492	31	4900EF4092827E6B6FAB5AF6E830C4D806F84C411976A64AD1D3B679A53C64A3	src/runtime	UNKNOWN	UNKNOWN	PENDING
004926	src/runtime/os/generated/KernelRootAuthorityCapability.cpp	.cpp	3000	77	46D1666E1478B033B03BA5E4D6D68981855817A79E278CD4558E189563EE69D1	src/runtime	UNKNOWN	UNKNOWN	PENDING
004927	src/runtime/os/generated/KernelRootAuthorityCapability.hpp	.hpp	1508	31	AD4E52A95803A708DB2869BDC3DDBE1B23657836AD61B4B1ED5CA6CCBF1820AA	src/runtime	UNKNOWN	UNKNOWN	PENDING
004928	src/runtime/os/generated/KernelRootCapability.cpp	.cpp	2766	77	914583E450721D07B62ACEE760F3158DE22C833361F3A559072CD7D52D6A87E6	src/runtime	UNKNOWN	UNKNOWN	PENDING
004929	src/runtime/os/generated/KernelRootCapability.hpp	.hpp	1472	31	9FF9085D3B9779CFFCF6754DD265EA736EEA13EB27EC6EE0BD073439CEF8BEFE	src/runtime	UNKNOWN	UNKNOWN	PENDING
004930	src/runtime/os/generated/KernelSchedulerCapability.cpp	.cpp	2896	77	34DAB248DCB640B993EB14770D8D36256A497B69A2CCCBE28FB3C3E20BA8A208	src/runtime	UNKNOWN	UNKNOWN	PENDING
004931	src/runtime/os/generated/KernelSchedulerCapability.hpp	.hpp	1492	31	A1E397E25DDB13DBBE876681F647AC1B9D28E86B07448289EB445C80BB4CC17E	src/runtime	UNKNOWN	UNKNOWN	PENDING
004932	src/runtime/os/generated/KernelSealCapability.cpp	.cpp	2766	77	465D59166163D28DDF075B19A439864B22EE1DB787CB2B5C1A9AF20C88E3C727	src/runtime	UNKNOWN	UNKNOWN	PENDING
004933	src/runtime/os/generated/KernelSealCapability.hpp	.hpp	1472	31	AFF4797C0C34116F1DA3FBFECD0F78383AAEF2D5AFD1C09CC136DC91E39AF69C	src/runtime	UNKNOWN	UNKNOWN	PENDING
004934	src/runtime/os/generated/KernelSerializerCapability.cpp	.cpp	2922	77	A3EB951693D822F79F296B27F14DF4D52923DF9538DAF55AB299782E6C4B0050	src/runtime	UNKNOWN	UNKNOWN	PENDING
004935	src/runtime/os/generated/KernelSerializerCapability.hpp	.hpp	1496	31	B76580A25455E86C1FE53CB326D97788507C0060989F4B94A1F4363CF73AF35E	src/runtime	UNKNOWN	UNKNOWN	PENDING
004936	src/runtime/os/generated/KernelServiceCapability.cpp	.cpp	2844	77	A163C3ACB1FAFA129422C85B20BFA41AA3F38EF0D0E401C72D0F97F2AAA4420F	src/runtime	UNKNOWN	UNKNOWN	PENDING
004937	src/runtime/os/generated/KernelServiceCapability.hpp	.hpp	1484	31	6AC4C95029991AF2BBDAA75E681CBA23C0E7B830AD83C63FC269E74ECEA92030	src/runtime	UNKNOWN	UNKNOWN	PENDING
004938	src/runtime/os/generated/KernelServicesCapability.cpp	.cpp	2873	77	61FE17B1B39FEBF98018F5E78FF3A32A4992E7EA54D1A1734FC4FCFACB57E206	src/runtime	UNKNOWN	UNKNOWN	PENDING
004939	src/runtime/os/generated/KernelServicesCapability.hpp	.hpp	1491	31	B82CFC04B5146449ED80B121A5F3DD2D1830D7578A0D704F4916DCFD5127227B	src/runtime	UNKNOWN	UNKNOWN	PENDING
004940	src/runtime/os/generated/KernelSessionCapability.cpp	.cpp	2844	77	CD7FB17D265E85DCAC307B9D276B8EE1518DE00E523AC44E091BEB5963C85FEF	src/runtime	UNKNOWN	UNKNOWN	PENDING
004941	src/runtime/os/generated/KernelSessionCapability.hpp	.hpp	1484	31	53497BE6EB40C0804F2941E864715F1C67A653AA0DAEAAA84AF42A57891203FB	src/runtime	UNKNOWN	UNKNOWN	PENDING
004942	src/runtime/os/generated/KernelSnapshotCapability.cpp	.cpp	2870	77	F6F7427876C44EA72C0A0275C44BFD9B25D2B8C422CB07DBD4682A765F47B1ED	src/runtime	UNKNOWN	UNKNOWN	PENDING
004943	src/runtime/os/generated/KernelSnapshotCapability.hpp	.hpp	1488	31	3E83EC11C629D2DD419EC3DE808181BFA0435EA8422AD122F539B0B0EF18699C	src/runtime	UNKNOWN	UNKNOWN	PENDING
004944	src/runtime/os/generated/KernelThreadCapability.cpp	.cpp	2818	77	52C975F0989776F9743A9359327E174F599B854A1B9F5176659318C1F0D25F7B	src/runtime	UNKNOWN	UNKNOWN	PENDING
004945	src/runtime/os/generated/KernelThreadCapability.hpp	.hpp	1480	31	FA1469EB918E85E1DC2C7C93271B5AB5EF438FC9859076DC47AF09DDD1B7BDE4	src/runtime	UNKNOWN	UNKNOWN	PENDING
004946	src/runtime/os/generated/KernelTopologyCapability.cpp	.cpp	2870	77	2A0A2D39D05201F2AC7094441DFF5B2272FDC6D56085762B2163E374D54DBCCD	src/runtime	UNKNOWN	UNKNOWN	PENDING
004947	src/runtime/os/generated/KernelTopologyCapability.hpp	.hpp	1488	31	2A41E8BE043AF39B392E79872D4CE09E40775F4568B252559AB630410939FD94	src/runtime	UNKNOWN	UNKNOWN	PENDING
004948	src/runtime/os/generated/KernelTypeSystemCapability.cpp	.cpp	2922	77	CD1FEB061617F8F17D6C356132D7F612372A899169EAC97F6F4500A7A8F48268	src/runtime	UNKNOWN	UNKNOWN	PENDING
004949	src/runtime/os/generated/KernelTypeSystemCapability.hpp	.hpp	1496	31	681BD3DE5F474FB5E5A88D2832AF3DA6E446B05220AF2E8FA788A9BBEF3514D3	src/runtime	UNKNOWN	UNKNOWN	PENDING
004950	src/runtime/os/generated/KernelUniverseCapability.cpp	.cpp	2870	77	2B3D31891E3C4DEE378F36763989794CB3036CBC0CF28FDB793F33452BA19E18	src/runtime	UNKNOWN	UNKNOWN	PENDING
004951	src/runtime/os/generated/KernelUniverseCapability.hpp	.hpp	1488	31	B7D6C7EB5CAC76037393C20935FEF94D8554379D74ACB287CDD13F26C0EBF4FE	src/runtime	UNKNOWN	UNKNOWN	PENDING
004952	src/runtime/os/generated/KernelVerificationCapability.cpp	.cpp	2974	77	9D799984FFCAC9FD0CDE051294632DB5115604CB4FB19EEAB881B3268AC87E8D	src/runtime	UNKNOWN	UNKNOWN	PENDING
004953	src/runtime/os/generated/KernelVerificationCapability.hpp	.hpp	1504	31	04F61D0D7B0C71B9C689A3CAE7A988BB22A280EA51B46D5F32C4852FDCA9CF36	src/runtime	UNKNOWN	UNKNOWN	PENDING
004954	src/runtime/os/generated/KernelWorkspaceCapability.cpp	.cpp	2896	77	4433686D0127ADF626103CD9C2FEC384B13FFACCAE66F7E9BC4DD3D62DFB36AA	src/runtime	UNKNOWN	UNKNOWN	PENDING
004955	src/runtime/os/generated/KernelWorkspaceCapability.hpp	.hpp	1492	31	7F9DDFD58C8748004D01B80ED9F8B222142DD61B05E61FC4C23AFBE21E75715C	src/runtime	UNKNOWN	UNKNOWN	PENDING
004956	src/runtime/os/generated/KnowledgeEngineCapability.cpp	.cpp	2908	77	9D735DACD711140A423E10D63A6B5B0E5FEC3575058C7F523F8876B603C4F1C6	src/runtime	UNKNOWN	UNKNOWN	PENDING
004957	src/runtime/os/generated/KnowledgeEngineCapability.hpp	.hpp	1497	31	314540A47F61B24E423A97B033349709D2CDD1A77029955F638EC012AA2175A2	src/runtime	UNKNOWN	UNKNOWN	PENDING
004958	src/runtime/os/generated/KnowledgeRegistryCapability.cpp	.cpp	2951	77	DB29A87F1A796459B03A707E5A234B7D554036A36212C5ACF097DD7CE6D32E4A	src/runtime	UNKNOWN	UNKNOWN	PENDING
004959	src/runtime/os/generated/KnowledgeRegistryCapability.hpp	.hpp	1503	31	50A8FE024A1EE8D23864BA47EE7A165C66FF82BE2063AF6F9A0E71548F491538	src/runtime	UNKNOWN	UNKNOWN	PENDING
004960	src/runtime/os/generated/KVEngineCapability.cpp	.cpp	2726	77	357CA3CFDA326E1D95D8416CC88D26B1F58085D8E071967C40184A98CB3598B4	src/runtime	UNKNOWN	UNKNOWN	PENDING
004961	src/runtime/os/generated/KVEngineCapability.hpp	.hpp	1475	31	70DC4A9F6DDC06603B51B4ECE7C6CC5144B7432643B94498B5F075D2D620B698	src/runtime	UNKNOWN	UNKNOWN	PENDING
004962	src/runtime/os/generated/LearningEngineCapability.cpp	.cpp	2882	77	61511E939A623F6B15D74B2634DD691333B047CE7311AC35490255D8B083A05F	src/runtime	UNKNOWN	UNKNOWN	PENDING
004963	src/runtime/os/generated/LearningEngineCapability.hpp	.hpp	1493	31	E2B01990B95B4FC6A82BFC04E9D4AD81797B6AD8C5882CC67763F3EFF9211D15	src/runtime	UNKNOWN	UNKNOWN	PENDING
004964	src/runtime/os/generated/LexerCapability.cpp	.cpp	2639	77	315398B1D991854C8E089B2B82C397DFA56074D324BFAE4940B5DCC8E18551D4	src/runtime	UNKNOWN	UNKNOWN	PENDING
004965	src/runtime/os/generated/LexerCapability.hpp	.hpp	1453	31	9DC0B9A450BF2836464016A2B1FC9015A35F5BC01599CB905275ACB93995F7A7	src/runtime	UNKNOWN	UNKNOWN	PENDING
004966	src/runtime/os/generated/LifecycleRegistryCapability.cpp	.cpp	2951	77	DAE2841442A5FFC06D1CA9F698F80E071CC3DE4F7635AB86C23DE9EE965B9790	src/runtime	UNKNOWN	UNKNOWN	PENDING
004967	src/runtime/os/generated/LifecycleRegistryCapability.hpp	.hpp	1503	31	0EA602C84678C6FE694A6E47AA360FA1E48AF16F9E14C1DFD607C51035738E14	src/runtime	UNKNOWN	UNKNOWN	PENDING
004968	src/runtime/os/generated/LinkerCapability.cpp	.cpp	2665	77	3474AEC305A551026CF175734D12DCD4BC1749EDF4329D120443492B306B2720	src/runtime	UNKNOWN	UNKNOWN	PENDING
004969	src/runtime/os/generated/LinkerCapability.hpp	.hpp	1457	31	93D8A4C7A1D6FCB5053388C247F4CECCEE43B75C31AD8B7182C42F44E22BC004	src/runtime	UNKNOWN	UNKNOWN	PENDING
004970	src/runtime/os/generated/LoaderCapability.cpp	.cpp	2665	77	126B96A7610945C1D81E98AEC4D394DD942AE7682BF43030DA60F281283DA65A	src/runtime	UNKNOWN	UNKNOWN	PENDING
004971	src/runtime/os/generated/LoaderCapability.hpp	.hpp	1457	31	6168CD10FAE5C2008245266088A2E50F80B0EC40F86F2BEE3B29E99F88F747EA	src/runtime	UNKNOWN	UNKNOWN	PENDING
004972	src/runtime/os/generated/MemoryEngineCapability.cpp	.cpp	2830	77	F9780CFE95BFF15D5C4648077D40E59BB053FE54382175C1D41AA9C1F605E93D	src/runtime	UNKNOWN	UNKNOWN	PENDING
004973	src/runtime/os/generated/MemoryEngineCapability.hpp	.hpp	1485	31	C75D37057AE0FD725AE5D0017A3A76D1F5162B8B284C24D6E73C6045B260816B	src/runtime	UNKNOWN	UNKNOWN	PENDING
004974	src/runtime/os/generated/MergeEngineCapability.cpp	.cpp	2795	77	75883FFDA8CBF4930F2D11F202C8F0C09C6216B7795CEA9023FCB6BDA2D3DE67	src/runtime	UNKNOWN	UNKNOWN	PENDING
004975	src/runtime/os/generated/MergeEngineCapability.hpp	.hpp	1479	31	E81FC6C0AB96EA82AFF05C6E9512EF8A3B42E146B0D31D40A81B9CC5F5DADE0D	src/runtime	UNKNOWN	UNKNOWN	PENDING
004976	src/runtime/os/generated/MessageQueueCapability.cpp	.cpp	2821	77	41DDE07A52517BC4CCA3900B86217A60059B9633D5ADE878EB3C270796ACD88A	src/runtime	UNKNOWN	UNKNOWN	PENDING
004977	src/runtime/os/generated/MessageQueueCapability.hpp	.hpp	1484	31	A7CE94EB1240D1786223C8FBB282A85C02C02413C4CF8CB0607318F3404EF2E3	src/runtime	UNKNOWN	UNKNOWN	PENDING
004978	src/runtime/os/generated/MetadataCapability.cpp	.cpp	2717	77	98D8C47AB43322425E1E5581CC6B3B8D3AA34FF034FD945A010EBFA953A2D65B	src/runtime	UNKNOWN	UNKNOWN	PENDING
004979	src/runtime/os/generated/MetadataCapability.hpp	.hpp	1467	31	B37F34DF2D947484B432A11CDF63406962C47079E323C86D731066893588710A	src/runtime	UNKNOWN	UNKNOWN	PENDING
004980	src/runtime/os/generated/ModelAdmissionEngineCapability.cpp	.cpp	3038	77	6174D3659F5C44B5476738FF6F64A5661446DAA978A951E43764A4EBDCAE23E3	src/runtime	UNKNOWN	UNKNOWN	PENDING
004981	src/runtime/os/generated/ModelAdmissionEngineCapability.hpp	.hpp	1523	31	CD53E98DD2573B0587D61839B3CCDD632A8DCB55A9B47B40FE3E2AE062AA82AF	src/runtime	UNKNOWN	UNKNOWN	PENDING
004982	src/runtime/os/generated/ModelCapabilityEngineCapability.cpp	.cpp	2954	77	41DE115BC706DEA49486974FA61A0B87386599CB8FC8FF579B92783E74870403	src/runtime	UNKNOWN	UNKNOWN	PENDING
004983	src/runtime/os/generated/ModelCapabilityEngineCapability.hpp	.hpp	1527	31	F4D1B32EE31FC9AB2FCFEF07BA4132D8E17E2D74DCD69A9D6C8CB3C94DB431DB	src/runtime	UNKNOWN	UNKNOWN	PENDING
004984	src/runtime/os/generated/ModelTranslationEngineCapability.cpp	.cpp	3090	77	03C95D3EFD5C9E731E5674268BD3ACE412F93EEAA87E74830422FFB0B7458413	src/runtime	UNKNOWN	UNKNOWN	PENDING
004985	src/runtime/os/generated/ModelTranslationEngineCapability.hpp	.hpp	1531	31	FB07C52086CBE009BD07172BD34DD414400B79BD6AF52A63A8A5F48FA948E31C	src/runtime	UNKNOWN	UNKNOWN	PENDING
004986	src/runtime/os/generated/ModuleDatabaseCapability.cpp	.cpp	2873	77	A73521373C14E26469C651610856E88F897CB1B679F2E21DD6027288A3FC689A	src/runtime	UNKNOWN	UNKNOWN	PENDING
004987	src/runtime/os/generated/ModuleDatabaseCapability.hpp	.hpp	1491	31	69BCD0D0E881E73F7C4B9BC69CD4136B18AF39A49017C78B950A9C1C52909823	src/runtime	UNKNOWN	UNKNOWN	PENDING
004988	src/runtime/os/generated/MoEEngineCapability.cpp	.cpp	2752	77	F12FB92516307613BF7C768E6590825A8031173AA1955A24775B37B4B9BE5C62	src/runtime	UNKNOWN	UNKNOWN	PENDING
004989	src/runtime/os/generated/MoEEngineCapability.hpp	.hpp	1479	31	1A92307565FBD83F01C3324B7932DFBCE3678767991F5882E9534A756108CED1	src/runtime	UNKNOWN	UNKNOWN	PENDING
004990	src/runtime/os/generated/NetworkCapability.cpp	.cpp	2691	77	8E829FBCEAD16CDFC05833891D406F8A4D25D80AE3B5DBF61B63ADBA4D30C604	src/runtime	UNKNOWN	UNKNOWN	PENDING
004991	src/runtime/os/generated/NetworkCapability.hpp	.hpp	1464	31	CE6CFF1863A3D4FFF4898DE23BFB789EF0647C12363554269D8767A94722B045	src/runtime	UNKNOWN	UNKNOWN	PENDING
004992	src/runtime/os/generated/NumericalTruthEngineCapability.cpp	.cpp	3047	77	093EB2D4658DF0D44AA46E4F2F6F792D345065EA876BDA92941F9BAB63474C6E	src/runtime	UNKNOWN	UNKNOWN	PENDING
004993	src/runtime/os/generated/NumericalTruthEngineCapability.hpp	.hpp	1524	31	507C8C6A4A772B87BB2D7EA6DD4DC5F0D281DEB1120E5814863967B80F871A0A	src/runtime	UNKNOWN	UNKNOWN	PENDING
004994	src/runtime/os/generated/ObjectCacheCapability.cpp	.cpp	2795	77	3829BD048346018267ED02449B57E20B3FACDF8A7B8036E7CE75591B737F9E35	src/runtime	UNKNOWN	UNKNOWN	PENDING
004995	src/runtime/os/generated/ObjectCacheCapability.hpp	.hpp	1479	31	F49BF7B97F284B9DE3DBA0D81AD770E946853E8B623781C320FA2F5A55AB8F54	src/runtime	UNKNOWN	UNKNOWN	PENDING
004996	src/runtime/os/generated/ObjectFactoryCapability.cpp	.cpp	2847	77	9EE5FAD2B573C64CE607CFF9D38C32EF3BED1B9C7C396E45B357CEBC39843353	src/runtime	UNKNOWN	UNKNOWN	PENDING
004997	src/runtime/os/generated/ObjectFactoryCapability.hpp	.hpp	1487	31	CB1A75406B06432CC2C41855D0104F2C2B9AD39C40DCD1C1049C1064691A861A	src/runtime	UNKNOWN	UNKNOWN	PENDING
004998	src/runtime/os/generated/ObjectRegistryCapability.cpp	.cpp	2873	77	6A46576BCC97A8F1B2D910AD89E1ACBF0BB84B92041D4F31564D091A3C2DE285	src/runtime	UNKNOWN	UNKNOWN	PENDING
004999	src/runtime/os/generated/ObjectRegistryCapability.hpp	.hpp	1491	31	35CB0C7A294A166356E81FEFAA930434FC0CBB9300D698F95A52A2D4DB56F728	src/runtime	UNKNOWN	UNKNOWN	PENDING
005000	src/runtime/os/generated/OpcodeRegistryCapability.cpp	.cpp	2873	77	B61088D6C9F8794008E6B16A71482F57B40336784F2DEEDD3A0B097A54BECB5E	src/runtime	UNKNOWN	UNKNOWN	PENDING
005001	src/runtime/os/generated/OpcodeRegistryCapability.hpp	.hpp	1489	31	D4ACE6C08ED5FF37C086C40F1D82A00A32181AAB022740BB25CD60133123F66A	src/runtime	UNKNOWN	UNKNOWN	PENDING
005002	src/runtime/os/generated/OperationFusionCapability.cpp	.cpp	2908	77	A3968F1E854671FD0B457E71376CD2BB7E8164DBD5C9B18E56657144A3E52D0B	src/runtime	UNKNOWN	UNKNOWN	PENDING
005003	src/runtime/os/generated/OperationFusionCapability.hpp	.hpp	1503	31	96CBCC512863BBDAD5042AFCA8FB39FB88FF457E9DCD3AF8B567DAD19AC3A2AB	src/runtime	UNKNOWN	UNKNOWN	PENDING
005004	src/runtime/os/generated/OperationRegistryCapability.cpp	.cpp	2960	77	360D01758E58CE6637386231004DB92DEEFE7ED0C2C3E01E76C505B3BD3875DD	src/runtime	UNKNOWN	UNKNOWN	PENDING
005005	src/runtime/os/generated/OperationRegistryCapability.hpp	.hpp	1511	31	99A303A14DB824996663927EC5DBA8E5FE05E9A1972DEFD924E2567411029E80	src/runtime	UNKNOWN	UNKNOWN	PENDING
005006	src/runtime/os/generated/OperationSchedulerCapability.cpp	.cpp	2986	77	1709C4877C83B5943DDC542292DA60C8A0507F79EC93000B9EED58DCC27E644C	src/runtime	UNKNOWN	UNKNOWN	PENDING
005007	src/runtime/os/generated/OperationSchedulerCapability.hpp	.hpp	1515	31	78C5208BD1FAFE28A69C336AAB188A729500E83FB3732FCB0DFE0B19BABDAD61	src/runtime	UNKNOWN	UNKNOWN	PENDING
005008	src/runtime/os/generated/OptimizationEngineCapability.cpp	.cpp	2986	77	D096D594A0D23BD51350D3893C00A47E64E8D13390A98675D85DB5CC4E331A62	src/runtime	UNKNOWN	UNKNOWN	PENDING
005009	src/runtime/os/generated/OptimizationEngineCapability.hpp	.hpp	1509	31	4E2239EE089FF0814B839B9507EBF1F7BE4DBFCB585D4A6E94376C95F43DF898	src/runtime	UNKNOWN	UNKNOWN	PENDING
005010	src/runtime/os/generated/OptimizerCapability.cpp	.cpp	2743	77	6A61C34B648C74880266ABF14A53E02DAB4A41AD3428BCA49F202FA329764653	src/runtime	UNKNOWN	UNKNOWN	PENDING
005011	src/runtime/os/generated/OptimizerCapability.hpp	.hpp	1469	31	9BE3F6EE5416CF72EC78A3A437CAD33071FB484541BE063AC350CC9461585C83	src/runtime	UNKNOWN	UNKNOWN	PENDING
005012	src/runtime/os/generated/OracleCheckpointRegistryCapability.cpp	.cpp	3151	77	3AF6D5FFC888A34146A3AB3AC683A950EA4BC8DB40F9B6EB0BFEC7A1663DA7EC	src/runtime	UNKNOWN	UNKNOWN	PENDING
005013	src/runtime/os/generated/OracleCheckpointRegistryCapability.hpp	.hpp	1540	31	BF14A83E8496AFA26FA289298C495E00DF73723733828285AAE1AA8798A7EF0F	src/runtime	UNKNOWN	UNKNOWN	PENDING
005014	src/runtime/os/generated/OracleComparisonCapability.cpp	.cpp	2943	77	EBEED41CD35F7815E1516A976B9C88CA5BDB1EDFC98C3B6FE99B943311161777	src/runtime	UNKNOWN	UNKNOWN	PENDING
005015	src/runtime/os/generated/OracleComparisonCapability.hpp	.hpp	1508	31	1F9CCE7D700EE9777B16B23D3125364C679D96AB523816022BA59684868F443A	src/runtime	UNKNOWN	UNKNOWN	PENDING
005016	src/runtime/os/generated/OracleDeterminismCapability.cpp	.cpp	2969	77	A4D92658B2EB1E7D23A3CA06EE434592494EE187FB02679FB9A97C511A6E80D2	src/runtime	UNKNOWN	UNKNOWN	PENDING
005017	src/runtime/os/generated/OracleDeterminismCapability.hpp	.hpp	1512	31	666B3161D187B66F9412E6749072699DAC683964E938C2C4668FF57395D020E0	src/runtime	UNKNOWN	UNKNOWN	PENDING
005018	src/runtime/os/generated/OracleEvidenceCapability.cpp	.cpp	2891	77	19B7499C09DF70ED28F4BCFD177D2C5837B7E2224420E68554EE64379CC43921	src/runtime	UNKNOWN	UNKNOWN	PENDING
005019	src/runtime/os/generated/OracleEvidenceCapability.hpp	.hpp	1500	31	2FC17CF4A055B8DF1C8F14EB6BD86BAC96F11878A13B107AD9809B1599CCA2FA	src/runtime	UNKNOWN	UNKNOWN	PENDING
005020	src/runtime/os/generated/OracleExecutionCapability.cpp	.cpp	2917	77	E6AE4B673194E9BD331F1DCB8178BFD7FD2D11833F868DBD9381C5ED7D85997C	src/runtime	UNKNOWN	UNKNOWN	PENDING
005021	src/runtime/os/generated/OracleExecutionCapability.hpp	.hpp	1504	31	057E6F08A8D40FCCA3C60CC8745AB3E8BD7C5F4811761B591377C9BE099E60FD	src/runtime	UNKNOWN	UNKNOWN	PENDING
005022	src/runtime/os/generated/OracleHiddenParityCapability.cpp	.cpp	2995	77	4254BFFF1A9F382607DD4B20960D3195787B87951E2239164EE05D85D0AC2C3F	src/runtime	UNKNOWN	UNKNOWN	PENDING
005023	src/runtime/os/generated/OracleHiddenParityCapability.hpp	.hpp	1516	31	3296E02F02F6AC17EE9C5D81156A47E5E7F2836F9B897E6EE4E1E8C5CDF92D25	src/runtime	UNKNOWN	UNKNOWN	PENDING
005024	src/runtime/os/generated/OracleIsolationCapability.cpp	.cpp	2917	77	DA51CE02CACB7291BE10A7BCA741C443247ED9BCAA63F3C4A4FB003D5EAA1AF7	src/runtime	UNKNOWN	UNKNOWN	PENDING
005025	src/runtime/os/generated/OracleIsolationCapability.hpp	.hpp	1504	31	EE3EFDA3A3C9F1182B18CCA189E2E8628EB49536D635BC1FFF28229FB17EC6DA	src/runtime	UNKNOWN	UNKNOWN	PENDING
005026	src/runtime/os/generated/OracleLogitsParityCapability.cpp	.cpp	2995	77	8F97E9E8CED4F8DC512FE01EB2D969F5E2CE928A20DA9114EB3CAC1DEC71A482	src/runtime	UNKNOWN	UNKNOWN	PENDING
005027	src/runtime/os/generated/OracleLogitsParityCapability.hpp	.hpp	1516	31	E4352D0964CA18F92752D768E71CD37E9C04F58A8B99EFDF996F240E39E1249A	src/runtime	UNKNOWN	UNKNOWN	PENDING
005028	src/runtime/os/generated/OracleReceiptCapability.cpp	.cpp	2865	77	4F2CB2B8C67EFB5051DDA88D93A73BC63E73C86B13D10AD1F33DE05183977E5B	src/runtime	UNKNOWN	UNKNOWN	PENDING
005029	src/runtime/os/generated/OracleReceiptCapability.hpp	.hpp	1496	31	87347ECD12495EE634AC7BA42195B154825840805D5F0F4996101C97D33C88D7	src/runtime	UNKNOWN	UNKNOWN	PENDING
005030	src/runtime/os/generated/OracleRegistryCapability.cpp	.cpp	2891	77	497493FDC896B3E6D0FD191289774F1024CE29599D9DE824B6B7467C36906645	src/runtime	UNKNOWN	UNKNOWN	PENDING
005031	src/runtime/os/generated/OracleRegistryCapability.hpp	.hpp	1500	31	868D16066DEAECA6A3DE75513E2F0B365A6653225DC8AD8970A1CDBD7D3105C9	src/runtime	UNKNOWN	UNKNOWN	PENDING
005032	src/runtime/os/generated/OracleStateCaptureCapability.cpp	.cpp	2995	77	48610116A73D0B52DB13B65FB612FEBA6B16113148D55E149014ADB794415125	src/runtime	UNKNOWN	UNKNOWN	PENDING
005033	src/runtime/os/generated/OracleStateCaptureCapability.hpp	.hpp	1516	31	91DD17D2427F03B1230E01B9D3FB9F062896DE1A71A2E883532438F69A5313AB	src/runtime	UNKNOWN	UNKNOWN	PENDING
005034	src/runtime/os/generated/OracleSubjectCapability.cpp	.cpp	2865	77	5ACE2FE8ECE2323B51A3E8B9DC304804668D9FB4AC38EDCDD72D0EADD5599418	src/runtime	UNKNOWN	UNKNOWN	PENDING
005035	src/runtime/os/generated/OracleSubjectCapability.hpp	.hpp	1496	31	1DD5A0BEC3CE004838DB7863AF95AC0B29DEA10E478AD62F4A6759F2943329B8	src/runtime	UNKNOWN	UNKNOWN	PENDING
005036	src/runtime/os/generated/OracleTruthEngineCapability.cpp	.cpp	2969	77	D4B9F70A2D9152C7DF1B4D3EB60A00C09B4A4B362CA916A70885F1BD80A9C3A3	src/runtime	UNKNOWN	UNKNOWN	PENDING
005037	src/runtime/os/generated/OracleTruthEngineCapability.hpp	.hpp	1512	31	9CA56BFDFB33AF0253542B61D57A8ECA1562A17AAEDE78EC0CB54CB6427A22A4	src/runtime	UNKNOWN	UNKNOWN	PENDING
005038	src/runtime/os/generated/PackageCapability.cpp	.cpp	2691	77	349765BC6EA58EEBBA6870869767C118494FE64AEA642D32C48B33266BCEAB20	src/runtime	UNKNOWN	UNKNOWN	PENDING
005039	src/runtime/os/generated/PackageCapability.hpp	.hpp	1461	31	196C43BFF5C9C73ED75295A0961192F67B7C8E0DE95B85E9AFEA1617E538AD28	src/runtime	UNKNOWN	UNKNOWN	PENDING
005040	src/runtime/os/generated/PackageDatabaseCapability.cpp	.cpp	2899	77	19D1CE6639B452A4B59E70872D4E030059206E8DB6B35A881F2905E10A8D92F2	src/runtime	UNKNOWN	UNKNOWN	PENDING
005041	src/runtime/os/generated/PackageDatabaseCapability.hpp	.hpp	1495	31	8B3F9372AB99642FEF5FE78F0E6DBC7D2D84D4340521142106D84F5EDF26BE45	src/runtime	UNKNOWN	UNKNOWN	PENDING
005042	src/runtime/os/generated/ParserCapability.cpp	.cpp	2665	77	3E83A770F712B0719FC5FDAB62311CB4291CE3A280933F23D545DAAAC4996F98	src/runtime	UNKNOWN	UNKNOWN	PENDING
005043	src/runtime/os/generated/ParserCapability.hpp	.hpp	1457	31	01CB835FE604117C0A71CD41EB9E796C605472DB47D3BC5F92B8AF275A80AD48	src/runtime	UNKNOWN	UNKNOWN	PENDING
005044	src/runtime/os/generated/PlanningGraphCapability.cpp	.cpp	2856	77	C384FE0022685860FC77B1951277C91B0F4178E8ADDD06B79078B0BA40CF5390	src/runtime	UNKNOWN	UNKNOWN	PENDING
005045	src/runtime/os/generated/PlanningGraphCapability.hpp	.hpp	1489	31	E0184331C5C7B5E8F4052003E6ABDB4C418219F73ECEE948D50C22A57883F7F8	src/runtime	UNKNOWN	UNKNOWN	PENDING
005046	src/runtime/os/generated/PowerCapability.cpp	.cpp	2639	77	4F8DD0660AF5086C229D0F84933379343D1C73A62BB1AE154F1CF1EF8020E39F	src/runtime	UNKNOWN	UNKNOWN	PENDING
005047	src/runtime/os/generated/PowerCapability.hpp	.hpp	1456	31	0498589ECBCC348C61B472A329707CA0C5CE83D1C1114AFFFD4EC4A32F057F44	src/runtime	UNKNOWN	UNKNOWN	PENDING
005048	src/runtime/os/generated/PredictionEngineCapability.cpp	.cpp	2934	77	95CAD46658D8E2190E1F3DAA2061924BC1B998DBA118644773E267E90FFDE211	src/runtime	UNKNOWN	UNKNOWN	PENDING
005049	src/runtime/os/generated/PredictionEngineCapability.hpp	.hpp	1501	31	012ABA4258953F75CFF7D31D33576966F403B70E42356001E47307D5CF499926	src/runtime	UNKNOWN	UNKNOWN	PENDING
005050	src/runtime/os/generated/ProcessCapability.cpp	.cpp	2691	77	421BEA46A13786CE6513D2988AA1DF6C139A3D1EF53B32759C3EE7F3ABEE6879	src/runtime	UNKNOWN	UNKNOWN	PENDING
005051	src/runtime/os/generated/ProcessCapability.hpp	.hpp	1464	31	F146286E3B9B3D0CD2DB011D705BC88FC1175CBE276007BB5DEFFBD41D64903F	src/runtime	UNKNOWN	UNKNOWN	PENDING
005052	src/runtime/os/generated/ProducerBoundaryCapability.cpp	.cpp	2934	77	C801FB9DDD97301B8D6E20D9C043925ABE31EF25C43B1A687F0B01D7D6E6EBF9	src/runtime	UNKNOWN	UNKNOWN	PENDING
005053	src/runtime/os/generated/ProducerBoundaryCapability.hpp	.hpp	1501	31	70BB7A8FC053FDFF9028DC21C971288A9157EFA8D8796606D64853E3EA9AE444	src/runtime	UNKNOWN	UNKNOWN	PENDING
005054	src/runtime/os/generated/ProfilerCapability.cpp	.cpp	2717	77	4FE5AF620BCB95569EA95DCBCFAE6D674F242419BB41A4D7E48733BDC546DCC4	src/runtime	UNKNOWN	UNKNOWN	PENDING
005055	src/runtime/os/generated/ProfilerCapability.hpp	.hpp	1463	31	07260C0C8F07C5AEF313F9DAC78244C38FFC9E17BA160870E3B143111CF9D48E	src/runtime	UNKNOWN	UNKNOWN	PENDING
005056	src/runtime/os/generated/ProjectDatabaseCapability.cpp	.cpp	2899	77	6801835796BBFE6E336A61CBDFCDA96C8179A869ADACC19E93EBDB94A132B73B	src/runtime	UNKNOWN	UNKNOWN	PENDING
005057	src/runtime/os/generated/ProjectDatabaseCapability.hpp	.hpp	1495	31	174BC9CE8E54331670B7DDA4495081B050EA904F6FBB297F204BC56AE5E56A0E	src/runtime	UNKNOWN	UNKNOWN	PENDING
005058	src/runtime/os/generated/QualityEngineCapability.cpp	.cpp	2856	77	99B08C24F2C90C7D6A992715BC375A4630B20739ACBC8769115DF77AA396640B	src/runtime	UNKNOWN	UNKNOWN	PENDING
005059	src/runtime/os/generated/QualityEngineCapability.hpp	.hpp	1489	31	E40C45B08AFA9113E86249055F2A6237C4CF3C082537DF06BFA30836803B8FE6	src/runtime	UNKNOWN	UNKNOWN	PENDING
005060	src/runtime/os/generated/RealityEngineCapability.cpp	.cpp	2847	77	404606D2533714E2B6B992CB23F7AD03F6FDB2DBD98D7AB0193B0C2424877D5F	src/runtime	UNKNOWN	UNKNOWN	PENDING
005061	src/runtime/os/generated/RealityEngineCapability.hpp	.hpp	1487	31	AB5A194345C09E9E230727605BD431C9C7F4019FBB2EA50E901C217B14D6A56D	src/runtime	UNKNOWN	UNKNOWN	PENDING
005062	src/runtime/os/generated/RealityGraphCapability.cpp	.cpp	2830	77	2D3E8E12E0141A61049C4A885816320443251FE2BE127888C9EAF139080CB700	src/runtime	UNKNOWN	UNKNOWN	PENDING
005063	src/runtime/os/generated/RealityGraphCapability.hpp	.hpp	1485	31	4E6E495C8A026731F16547A6257CA786ACE42C646EC41BBBF3533E819713CE22	src/runtime	UNKNOWN	UNKNOWN	PENDING
005064	src/runtime/os/generated/ReasoningGraphCapability.cpp	.cpp	2882	77	390695301A192C9C323AFD26BC59D599364BF1B31BC469358B4996FE256101AB	src/runtime	UNKNOWN	UNKNOWN	PENDING
005065	src/runtime/os/generated/ReasoningGraphCapability.hpp	.hpp	1493	31	DA21F0326B7AA38D20B0B1BD56A4D1496E3FAF57C32CC587CF0AD6AB37C7C614	src/runtime	UNKNOWN	UNKNOWN	PENDING
005066	src/runtime/os/generated/ReceiptCapability.cpp	.cpp	2691	77	9449DC861F0EAE13637DCB588560E111DDE2C2903B8AD463760809D32DEBA23F	src/runtime	UNKNOWN	UNKNOWN	PENDING
005067	src/runtime/os/generated/ReceiptCapability.hpp	.hpp	1463	31	990558F521677D5369FFC479B1B0D75AC83C66C8CD308986DE848943E8203327	src/runtime	UNKNOWN	UNKNOWN	PENDING
005068	src/runtime/os/generated/ReceiptRegistryCapability.cpp	.cpp	2899	77	74AC219F35AFD47D2389D702F084B118A5B30629CEE56D02BBADF6F74DB7B8AD	src/runtime	UNKNOWN	UNKNOWN	PENDING
005069	src/runtime/os/generated/ReceiptRegistryCapability.hpp	.hpp	1495	31	36CEED229CE80491DBC0AF4231FCC3BCCB77B19C736CA49BFE2D8F7EE8AAA75D	src/runtime	UNKNOWN	UNKNOWN	PENDING
005070	src/runtime/os/generated/RecoveryCapability.cpp	.cpp	2717	77	1460D7BA7FFBDA5BCFA1DB4FAA56D885CB58E64439B3D9B331EF060A7270CB78	src/runtime	UNKNOWN	UNKNOWN	PENDING
005071	src/runtime/os/generated/RecoveryCapability.hpp	.hpp	1467	31	D8A8BCA052B7379A58D0AF083EBE6CD5826AB7C57F17B694D2C41149184D1957	src/runtime	UNKNOWN	UNKNOWN	PENDING
005072	src/runtime/os/generated/ReflectionCapability.cpp	.cpp	2769	77	65FEB295A80CE709BF1295AA1D47E5DBD972683B8DE68B45727E01D5BEC9D02A	src/runtime	UNKNOWN	UNKNOWN	PENDING
005073	src/runtime/os/generated/ReflectionCapability.hpp	.hpp	1475	31	7A055C11D77810FBF01CE74BEACECC333A380E25253C4C7D058D4D846E876429	src/runtime	UNKNOWN	UNKNOWN	PENDING
005074	src/runtime/os/generated/ReflectionEngineCapability.cpp	.cpp	2934	77	E68380089BC9EBC511E791C6E446227A776D3B816AE7AB3177EC19C2BF11769E	src/runtime	UNKNOWN	UNKNOWN	PENDING
005075	src/runtime/os/generated/ReflectionEngineCapability.hpp	.hpp	1501	31	9C98315B002F244214CE68A9B9F59EE084F3BD351CFE41798458281E77202CB7	src/runtime	UNKNOWN	UNKNOWN	PENDING
005076	src/runtime/os/generated/RelationshipRegistryCapability.cpp	.cpp	3029	77	C699C2048E98B1EA9F33D6B5F487CFA7A419EC86B02C318B25B824B6EB1BA55E	src/runtime	UNKNOWN	UNKNOWN	PENDING
005077	src/runtime/os/generated/RelationshipRegistryCapability.hpp	.hpp	1515	31	05C6A19C3C484004393DD7232BBF51CE23D7819A2693761B89299F19173722CA	src/runtime	UNKNOWN	UNKNOWN	PENDING
005078	src/runtime/os/generated/ResourceGraphCapability.cpp	.cpp	2847	77	85862946655612DC68820C610DABE68DE8616F971AEBC8F53E0B56AACD4DC112	src/runtime	UNKNOWN	UNKNOWN	PENDING
005079	src/runtime/os/generated/ResourceGraphCapability.hpp	.hpp	1487	31	40C537DF6658FAE51DE57EF9DB85C697E8F252066C8D864E3E970D89BB5378A1	src/runtime	UNKNOWN	UNKNOWN	PENDING
005080	src/runtime/os/generated/ResourceSchedulerCapability.cpp	.cpp	2951	77	C2EB695FB3B11247B142F9ACF29F9426800E51843019DEB6259C3B4495B957F3	src/runtime	UNKNOWN	UNKNOWN	PENDING
005081	src/runtime/os/generated/ResourceSchedulerCapability.hpp	.hpp	1504	31	A648E3ADD7B2FF105D327621B654F1D2257D358401504EE7B77C105A10DFD1C1	src/runtime	UNKNOWN	UNKNOWN	PENDING
005082	src/runtime/os/generated/SamplingEngineCapability.cpp	.cpp	2882	77	B9E694DD4BD7390503786C03742F8615BDCC27B60CE5968FC9917358E6BFCE14	src/runtime	UNKNOWN	UNKNOWN	PENDING
005083	src/runtime/os/generated/SamplingEngineCapability.hpp	.hpp	1499	31	5024579015782ED8F3BF02293A18E011D5FDD3BAC5F20B33F17861A624AC7459	src/runtime	UNKNOWN	UNKNOWN	PENDING
005084	src/runtime/os/generated/SecurityCapability.cpp	.cpp	2717	77	E0BB3DDCED0930BB75E715E64D01114C28562DD2FB4EC912C812D7E65F524C27	src/runtime	UNKNOWN	UNKNOWN	PENDING
005085	src/runtime/os/generated/SecurityCapability.hpp	.hpp	1468	31	1CFC01EE269B917C3E4380D0DA0CB59924536A02DA2FE78633F27FFE04D61F5D	src/runtime	UNKNOWN	UNKNOWN	PENDING
005086	src/runtime/os/generated/SelfCertificationCapability.cpp	.cpp	2951	77	3AC2FFF36F4B77D90013EB7C36BBCD134CA4A9FC265BD7F6EEC6D90DC54076F4	src/runtime	UNKNOWN	UNKNOWN	PENDING
005087	src/runtime/os/generated/SelfCertificationCapability.hpp	.hpp	1503	31	466EC1692D081A379F58FCA07380498B944DBA051CE08D703799EA87BB0C593C	src/runtime	UNKNOWN	UNKNOWN	PENDING
005088	src/runtime/os/generated/SelfHostCapability.cpp	.cpp	2717	77	E539E42B26A76A3B46C9ED016CE4D7A2BB5325927A96C840C9F3A6C92A217163	src/runtime	UNKNOWN	UNKNOWN	PENDING
005089	src/runtime/os/generated/SelfHostCapability.hpp	.hpp	1465	31	22852E77B2C95BAC7D2151F0EBE1CF5A7E18A5675073421CD6F5D554CEDDFDDB	src/runtime	UNKNOWN	UNKNOWN	PENDING
005090	src/runtime/os/generated/SelfImprovementEngineCapability.cpp	.cpp	3064	77	A631412573EDAE9D7F846D9E9E46CBE3778589CBC12281EC7F5427297B93DF24	src/runtime	UNKNOWN	UNKNOWN	PENDING
005091	src/runtime/os/generated/SelfImprovementEngineCapability.hpp	.hpp	1521	31	861F17B35F9EB90B7A01EC9F06D119D3CF45A58B8DCDC6F53301D2F23E9A308C	src/runtime	UNKNOWN	UNKNOWN	PENDING
005092	src/runtime/os/generated/SemanticCapability.cpp	.cpp	2717	77	4D3AD838461548C87ABCC593AED4367CA13963D279FB9F837B27EDD3490AA4A9	src/runtime	UNKNOWN	UNKNOWN	PENDING
005093	src/runtime/os/generated/SemanticCapability.hpp	.hpp	1465	31	06B1E1136A33930D474E2A96F47220391B710C5B7C8F314814BD40070B02C8EA	src/runtime	UNKNOWN	UNKNOWN	PENDING
005094	src/runtime/os/generated/ServiceRegistryCapability.cpp	.cpp	2899	77	499173F3C3D87F8877E8CC8ACE3E67C4ABB9AD2FBF1A32F84986F891DB8F1A96	src/runtime	UNKNOWN	UNKNOWN	PENDING
005095	src/runtime/os/generated/ServiceRegistryCapability.hpp	.hpp	1495	31	D4C465C8DD39AEBC81140664176F808721B67825184DA9EF1A8B60DB0C69EC5C	src/runtime	UNKNOWN	UNKNOWN	PENDING
005096	src/runtime/os/generated/SessionDatabaseCapability.cpp	.cpp	2899	77	64B0CC1B156A45E9C3333505101BEFDB8B08FE1AD4763BFDB4AB6FB2490BBCFB	src/runtime	UNKNOWN	UNKNOWN	PENDING
005097	src/runtime/os/generated/SessionDatabaseCapability.hpp	.hpp	1495	31	7E9A779596CE742F8583A476E218C59AA5D2FEA6FC12C841E05EAA019088F772	src/runtime	UNKNOWN	UNKNOWN	PENDING
005098	src/runtime/os/generated/SimulationEngineCapability.cpp	.cpp	2934	77	CCCD29E159DED1F7F8CB912FC69A350F41772815348510DDB70104699B9CD895	src/runtime	UNKNOWN	UNKNOWN	PENDING
005099	src/runtime/os/generated/SimulationEngineCapability.hpp	.hpp	1501	31	6F244C5FCD6AB4FB0BE5DD27224E911976368C4C36AE33FBADEDC89D7C42BEB1	src/runtime	UNKNOWN	UNKNOWN	PENDING
005100	src/runtime/os/generated/SnapshotCapability.cpp	.cpp	2717	77	7BBDF3DF8322C390C96EDF64BFB40A3C45939BC2E302DCBBEA643DA5F842CAFA	src/runtime	UNKNOWN	UNKNOWN	PENDING
005101	src/runtime/os/generated/SnapshotCapability.hpp	.hpp	1467	31	38DDDE8C21AB9512FA27CFBD7CAD1029453103B1B8FC2219A0ABA1C504D0CCA6	src/runtime	UNKNOWN	UNKNOWN	PENDING
005102	src/runtime/os/generated/SnapshotRegistryCapability.cpp	.cpp	2925	77	39CC82BAF25C523F0B1E2C27472E2779A3A2D874B5B06A2C9FD2AF996632056B	src/runtime	UNKNOWN	UNKNOWN	PENDING
005103	src/runtime/os/generated/SnapshotRegistryCapability.hpp	.hpp	1499	31	DBCF2EFAB34EEE80006C5D16D192FB9C95100D7B4B56AD38578CBEDC5A4C6086	src/runtime	UNKNOWN	UNKNOWN	PENDING
005104	src/runtime/os/generated/SSACapability.cpp	.cpp	2587	77	F2BF94E91838CBC683AAE97D8D1A3DEBA8B877A2ECFA5B66B4D9FEC78F9C9FAF	src/runtime	UNKNOWN	UNKNOWN	PENDING
005105	src/runtime/os/generated/SSACapability.hpp	.hpp	1445	31	96A3E7B14F7792A010C8B4D78C54B56872022B27581E6FBFEBECE4B0F5DF4ADD	src/runtime	UNKNOWN	UNKNOWN	PENDING
005106	src/runtime/os/generated/StateGraphCapability.cpp	.cpp	2769	77	83A8BA6CB0808396CB39FF3171476DDA0B39AC5DC13FDEBC9ECAA4CD7CBD3275	src/runtime	UNKNOWN	UNKNOWN	PENDING
005107	src/runtime/os/generated/StateGraphCapability.hpp	.hpp	1475	31	D2E9140AC0BE40A0FD9FC0C2BA0D6A317DCF638F97082A0D6DBCE3D514FDD580	src/runtime	UNKNOWN	UNKNOWN	PENDING
005108	src/runtime/os/generated/StateStoreCapability.cpp	.cpp	2769	77	9932F6546000947A9BCB1657533ADC113D03BC3829AD12965EB2ABDD13EA296F	src/runtime	UNKNOWN	UNKNOWN	PENDING
005109	src/runtime/os/generated/StateStoreCapability.hpp	.hpp	1475	31	8968D0E370A2810014B8A42C9B8C79873D866F294225DF2C6655BA105EDF8C96	src/runtime	UNKNOWN	UNKNOWN	PENDING
005110	src/runtime/os/generated/StorageCapability.cpp	.cpp	2691	77	C1AB8A9BE89478742F4058EADB06DF467D4C380330EC8E52023B0D4CD833DD74	src/runtime	UNKNOWN	UNKNOWN	PENDING
005111	src/runtime/os/generated/StorageCapability.hpp	.hpp	1464	31	3F2609263AC34EA11BD3DF0BFA5636261695BB0F2CB778C142151B858BD4BA1C	src/runtime	UNKNOWN	UNKNOWN	PENDING
005112	src/runtime/os/generated/StreamEngineCapability.cpp	.cpp	2830	77	65B115AF00153F120BFA8BAC79E857992F26758ACA6FCA07A88A11DDF14103B2	src/runtime	UNKNOWN	UNKNOWN	PENDING
005113	src/runtime/os/generated/StreamEngineCapability.hpp	.hpp	1491	31	96E789ECB742D373AFDCCEFFA82BE577E2D23FDAE903EF579AD32CAFB6A7FD1F	src/runtime	UNKNOWN	UNKNOWN	PENDING
005114	src/runtime/os/generated/StringPoolCapability.cpp	.cpp	2769	77	EAD4A1B5AA352B8298B50C289E48DD9F2EA6C1351E1CD2778AE6BE9462566065	src/runtime	UNKNOWN	UNKNOWN	PENDING
005115	src/runtime/os/generated/StringPoolCapability.hpp	.hpp	1475	31	0D6AEB3E07E119DC81918410A017961D61B03996F74C2890F4987BF4D5A5C569	src/runtime	UNKNOWN	UNKNOWN	PENDING
005116	src/runtime/os/generated/StructuralTruthEngineCapability.cpp	.cpp	3073	77	3FDDC6638B10F571F7D143AF2E270E28B597B3336662ED98B50A90962A44777B	src/runtime	UNKNOWN	UNKNOWN	PENDING
005117	src/runtime/os/generated/StructuralTruthEngineCapability.hpp	.hpp	1528	31	5A37398C44623E250E43D850C48A5A61AE0D12F74062AB33E8AB8D3196CF564E	src/runtime	UNKNOWN	UNKNOWN	PENDING
005118	src/runtime/os/generated/SubjectFingerprintCapability.cpp	.cpp	2995	77	93B032D8DFE81DF5B5A459059D7369ADEB772B0B6E1CF20DE5B951D51F4AF0F6	src/runtime	UNKNOWN	UNKNOWN	PENDING
005119	src/runtime/os/generated/SubjectFingerprintCapability.hpp	.hpp	1516	31	2548C3231FA5827B9866994554FAB5C166961B99906AEC2116A9825A5CDDDC67	src/runtime	UNKNOWN	UNKNOWN	PENDING
005120	src/runtime/os/generated/SubjectFreezeEngineCapability.cpp	.cpp	3021	77	2D839D4FC825493AD0778B3C0C9AFCA95E5D9E22C4665001844A7C85C9BB78AE	src/runtime	UNKNOWN	UNKNOWN	PENDING
005121	src/runtime/os/generated/SubjectFreezeEngineCapability.hpp	.hpp	1520	31	8AEA3B6A32FC4C77D8D5DF5BC39BD5B47BEEFEFEAA33F53CAA8CC46A34D19D55	src/runtime	UNKNOWN	UNKNOWN	PENDING
005122	src/runtime/os/generated/SubjectRegistryCapability.cpp	.cpp	2917	77	DBCB8595E5D84B464A2F57231679D844AF8809C0577864D6427F8D0BED25A3CB	src/runtime	UNKNOWN	UNKNOWN	PENDING
005123	src/runtime/os/generated/SubjectRegistryCapability.hpp	.hpp	1504	31	CEB21C600A5CEDD45B7E003BEB8478D8EE2CDE875452DBFD66C8BD60261829AC	src/runtime	UNKNOWN	UNKNOWN	PENDING
005124	src/runtime/os/generated/SymbolDatabaseCapability.cpp	.cpp	2873	77	D1EFF8062E3E68205915BC004C97E88487026C44C36901107B9FBE0657A2A793	src/runtime	UNKNOWN	UNKNOWN	PENDING
005125	src/runtime/os/generated/SymbolDatabaseCapability.hpp	.hpp	1489	31	D7F03216FE68061D4BDA9803FB4AB326B2659267509E1077169B50B92AA42A33	src/runtime	UNKNOWN	UNKNOWN	PENDING
005126	src/runtime/os/generated/TaskSchedulerCapability.cpp	.cpp	2847	77	2AA2720F30F8DB26C6478D241E8BDDAE7EBFE9F7BC5CFCBA531B510F7E40E540	src/runtime	UNKNOWN	UNKNOWN	PENDING
005127	src/runtime/os/generated/TaskSchedulerCapability.hpp	.hpp	1488	31	103C890E729F9D9156130E7A0AFE4D730A38C9332DA6D3C1D7A9CED186240E9A	src/runtime	UNKNOWN	UNKNOWN	PENDING
005128	src/runtime/os/generated/TelemetryCapability.cpp	.cpp	2743	77	82332E82ABFD2B283244EBB07F947C64232FB20F1A201D9EBE44C8D4ED21E76E	src/runtime	UNKNOWN	UNKNOWN	PENDING
005129	src/runtime/os/generated/TelemetryCapability.hpp	.hpp	1472	31	36CB2A2F984F9C0D0365E3923573D84FE31563B33C936484E5A1EC58DF2F12C5	src/runtime	UNKNOWN	UNKNOWN	PENDING
005130	src/runtime/os/generated/TensorMemoryCapability.cpp	.cpp	2830	77	F4B624A449A42C5868E754AC2265E4230AB287BF34E6AFBE20EB7714C9902930	src/runtime	UNKNOWN	UNKNOWN	PENDING
005131	src/runtime/os/generated/TensorMemoryCapability.hpp	.hpp	1491	31	FE38350584779F92D94E961A6E8B564ECC3D4EE345E6449F63F6F60DCBD9FD9C	src/runtime	UNKNOWN	UNKNOWN	PENDING
005132	src/runtime/os/generated/TensorRegistryCapability.cpp	.cpp	2882	77	72EED57B37304C9BE4875298622FD45EB71F11E462AA861856D6F8B9E419CB3E	src/runtime	UNKNOWN	UNKNOWN	PENDING
005133	src/runtime/os/generated/TensorRegistryCapability.hpp	.hpp	1499	31	03A05DC6EE59211DADE2275F03F98DD1AB2DCCBF63CC00246DF3602977E37574	src/runtime	UNKNOWN	UNKNOWN	PENDING
005134	src/runtime/os/generated/TensorSchedulerCapability.cpp	.cpp	2908	77	4424BA3C85CBC3CD1279EE9B46DC35B29AA536E4AF3626995F8BE1D6B4E17325	src/runtime	UNKNOWN	UNKNOWN	PENDING
005135	src/runtime/os/generated/TensorSchedulerCapability.hpp	.hpp	1503	31	F26E39D7A79ED120EBA4A9DEB54C49AB5187153A6C2592E42FD573CF21B21DB5	src/runtime	UNKNOWN	UNKNOWN	PENDING
005136	src/runtime/os/generated/ThreadCapability.cpp	.cpp	2665	77	C13B1690D2ACACB35D51369CFB2D4BD76406BEB55D950542995CEC6D163C3BB5	src/runtime	UNKNOWN	UNKNOWN	PENDING
005137	src/runtime/os/generated/ThreadCapability.hpp	.hpp	1460	31	F143B6DD417031D86247647F51B6625F176C1F34FCE93AA1EE89F5301F126DEE	src/runtime	UNKNOWN	UNKNOWN	PENDING
005138	src/runtime/os/generated/TimerCapability.cpp	.cpp	2639	77	41FED82144997E2368909AC865B6EEF4957B61F62ADF9FE398062577D7926C73	src/runtime	UNKNOWN	UNKNOWN	PENDING
005139	src/runtime/os/generated/TimerCapability.hpp	.hpp	1456	31	093FE70C19419D0AC141FE53C01F375F4C5C121D9B6DB9B47FF8AB010EC673E4	src/runtime	UNKNOWN	UNKNOWN	PENDING
005140	src/runtime/os/generated/TokenizerEngineCapability.cpp	.cpp	2908	77	970B164476C81FBC46B7931087E9E897417CA1E6DE8B6078FA546347D96D2670	src/runtime	UNKNOWN	UNKNOWN	PENDING
005141	src/runtime/os/generated/TokenizerEngineCapability.hpp	.hpp	1503	31	ED8CEFBFD653CD4CBD46D22CF18564D3224BDB6F8985DB1AEC4EF5FEDA919391	src/runtime	UNKNOWN	UNKNOWN	PENDING
005142	src/runtime/os/generated/TransactionEngineCapability.cpp	.cpp	2951	77	BFC122007B2846994A4C8C582FC8EDFFD86EE7A9A6411C909EC4EB0ED7170541	src/runtime	UNKNOWN	UNKNOWN	PENDING
005143	src/runtime/os/generated/TransactionEngineCapability.hpp	.hpp	1503	31	1D618740AB46D07596A77189A13FF7816FE8604158ECB108C3DF4154B1A9D464	src/runtime	UNKNOWN	UNKNOWN	PENDING
005144	src/runtime/os/generated/TransitionRegistryCapability.cpp	.cpp	2977	77	8D39A6488C6B46057A3176F7F5CCBF3E68202CF93018724739E0E4998267F488	src/runtime	UNKNOWN	UNKNOWN	PENDING
005145	src/runtime/os/generated/TransitionRegistryCapability.hpp	.hpp	1507	31	9314ABCC3D30A48795B0E1516B12827CC2FCAED81A44BE91C4BCD4361A6CF953	src/runtime	UNKNOWN	UNKNOWN	PENDING
005146	src/runtime/os/generated/TruthConsensusEngineCapability.cpp	.cpp	3047	77	9685C7843319224AF2D9B9DA5D1C7E6CB0AEBB1241D918214D8B021B48EF9CCE	src/runtime	UNKNOWN	UNKNOWN	PENDING
005147	src/runtime/os/generated/TruthConsensusEngineCapability.hpp	.hpp	1524	31	DC61B02E6F9CDCF7F5BAF9D5D0558347622A4C6BC15AFF95745488257B79F4C7	src/runtime	UNKNOWN	UNKNOWN	PENDING
005148	src/runtime/os/generated/TruthRegistryCapability.cpp	.cpp	2865	77	C7CE928D5F3222F9D6204904D84800F884E3E4FEBF376AA122C38F2896CCD196	src/runtime	UNKNOWN	UNKNOWN	PENDING
005149	src/runtime/os/generated/TruthRegistryCapability.hpp	.hpp	1496	31	D1534F2427E74DB226BD7F4C51AEF07BC4D9374F226F6153421835309E58FCF5	src/runtime	UNKNOWN	UNKNOWN	PENDING
005150	src/runtime/os/generated/TypeDatabaseCapability.cpp	.cpp	2821	77	D8B6469760664814C429A05AA25BABF70DC91DF6A3D9CF7374784C104365F5C7	src/runtime	UNKNOWN	UNKNOWN	PENDING
005151	src/runtime/os/generated/TypeDatabaseCapability.hpp	.hpp	1481	31	189721D556BC6F6E558B18ABFF101E7020147F5E37FAFDDAF2E11FFFB8B6E804	src/runtime	UNKNOWN	UNKNOWN	PENDING
005152	src/runtime/os/generated/UniversalCapabilityRegistryCapability.cpp	.cpp	3110	77	D10D7E6A3EA9E85858659FCB1445A2EF52515DFB3C3F0AB1E0219A9001FFDD86	src/runtime	UNKNOWN	UNKNOWN	PENDING
005153	src/runtime/os/generated/UniversalCapabilityRegistryCapability.hpp	.hpp	1545	31	9BC9F07451BE5FCA54835602F3FA40A239EA1144138200D090889CA80B0BA936	src/runtime	UNKNOWN	UNKNOWN	PENDING
005154	src/runtime/os/generated/UUIDRegistryCapability.cpp	.cpp	2821	77	8967C64320FFC0617104BB5F74CA05A78A8D0FB72D5CC92EC1DA5736681E2FFF	src/runtime	UNKNOWN	UNKNOWN	PENDING
005155	src/runtime/os/generated/UUIDRegistryCapability.hpp	.hpp	1483	31	C8BA26508CEAA906CE234892C6AFFD8EE9CDBDF6135BE595C444A965FB27CDC4	src/runtime	UNKNOWN	UNKNOWN	PENDING
005156	src/runtime/os/generated/VerdictRegistryCapability.cpp	.cpp	2917	77	2464D1D4ABF831AD04EB779ABAD71AE7080F2B6C3CAC16F66E28FB50DA37BF32	src/runtime	UNKNOWN	UNKNOWN	PENDING
005157	src/runtime/os/generated/VerdictRegistryCapability.hpp	.hpp	1504	31	496EF292AFCF54C339463E6780A9732979E7AE04B6BAAD19BECA2FBA05DE1C4E	src/runtime	UNKNOWN	UNKNOWN	PENDING
005158	src/runtime/os/generated/VerificationRegistryCapability.cpp	.cpp	3029	77	4B086F6FD04CBD2B9B9CB03BADFD50606FBD72CCDE1644621D99AC39F842744B	src/runtime	UNKNOWN	UNKNOWN	PENDING
005159	src/runtime/os/generated/VerificationRegistryCapability.hpp	.hpp	1515	31	8DA47528AAE4A9E0D5008A16BFECB56BC8316E655617D9729B3D19D5FD723730	src/runtime	UNKNOWN	UNKNOWN	PENDING
005160	src/runtime/os/generated/VersionCapability.cpp	.cpp	2691	77	0BE2B8A4C92FC9940E086B8CE537E84BAA5E0CFE24BB761635B02A64A5DD4F82	src/runtime	UNKNOWN	UNKNOWN	PENDING
005161	src/runtime/os/generated/VersionCapability.hpp	.hpp	1463	31	6F3AC3803A31ED2EDFA52D90F674DC45DFA2F986701A041D226485A3E1D839D9	src/runtime	UNKNOWN	UNKNOWN	PENDING
005162	src/runtime/os/generated/WindowingCapability.cpp	.cpp	2743	77	A3675EBB7D1A98B3BA211FA8668BECF0DBEC00E125DC8DDF59C2F1F9E8A50A70	src/runtime	UNKNOWN	UNKNOWN	PENDING
005163	src/runtime/os/generated/WindowingCapability.hpp	.hpp	1472	31	EFDB0A81C79283D7BFEDB6CF8E1595B2944F1667B95F021A79F8A58EB56E1C82	src/runtime	UNKNOWN	UNKNOWN	PENDING
005164	src/runtime/os/generated/WorkspaceDatabaseCapability.cpp	.cpp	2951	77	03DDC36F37BCA25F08DD0A59F684202717E7845939EBC8A7F90E93C2718FFB7C	src/runtime	UNKNOWN	UNKNOWN	PENDING
005165	src/runtime/os/generated/WorkspaceDatabaseCapability.hpp	.hpp	1503	31	A21D052700CBD8F00EB7F7B9297F07F11E9336B4DD446EF6CA56248FAA206D10	src/runtime	UNKNOWN	UNKNOWN	PENDING
005166	src/runtime/os/generated/WorldStateGraphCapability.cpp	.cpp	2908	77	F0252544F56DE28C24CB9B9A5443AEE89AE05130346B7C8FABE889AB8EC8387B	src/runtime	UNKNOWN	UNKNOWN	PENDING
005167	src/runtime/os/generated/WorldStateGraphCapability.hpp	.hpp	1497	31	2CF927E682AEA1D5256AA61A6FF283C80522ED1E80C13EF43CDAC309A554B810	src/runtime	UNKNOWN	UNKNOWN	PENDING
005168	src/runtime/shared/BP1BraidStreamer.cpp	.cpp	6272	157	2E996C07A4E48A87864E5407D54A42B9A5EA03EE83D7AF5694B687660AE59D7A	src/runtime	UNKNOWN	UNKNOWN	PENDING
005169	src/sampling/advanced_sampler.hpp	.hpp	123	3	AC2D49A8A14F3FE9C489C8405D954043AF36A87DC31CC852B957DAFE5C8EB030	src/sampling	UNKNOWN	UNKNOWN	PENDING
005170	src/screenpilot/rawrxd_screenpilot_agent_v2.cpp	.cpp	26855	805	672EB259CF3F297471760C9E3763CAACA6D9A4EDDF13E0F3D176E9C7F3581599	src/screenpilot	UNKNOWN	UNKNOWN	PENDING
005171	src/screenpilot/ScreenPilotToolAuthorityBridge.cpp	.cpp	6671	166	2DCF54F3A86C03577A0DD003AC5B8EF9D9A547656D8104E2FEEB8BC802135986	src/screenpilot	UNKNOWN	UNKNOWN	PENDING
005172	src/screenpilot/ScreenPilotToolAuthorityBridge.hpp	.hpp	2188	67	706FC2398820626E99DF87E02525949858F57E467D1E776FDE5231CD5634DA4B	src/screenpilot	UNKNOWN	UNKNOWN	PENDING
005173	src/security/JwtValidator.cpp	.cpp	26504	642	4747C58761B7F3BFF79C83444E81755AE353FAE0BFDB359F28D5A7FBB93753A1	src/security	UNKNOWN	UNKNOWN	PENDING
005174	src/serve/rawrxd_serve_main.cpp	.cpp	25	1	493B0BF92174B1FF34C14D049B2266D7F31DDC5580B77D3AD1697C2486F0D0F5	src/serve	UNKNOWN	UNKNOWN	PENDING
005175	src/server/gguf_server_hotpatch.hpp	.hpp	5403	139	2CBA80E13B2E28FB866AC80F13960D6C1A35C2529AFA65515D7D391055805F7C	src/server	UNKNOWN	UNKNOWN	PENDING
005176	src/shaders/test_vec_add.c	.c	24	1	46EBD083829A26079E35F3B811EE8DFF76B240D1747D75BF602A5BFED27178B9	src/shaders	UNKNOWN	UNKNOWN	PENDING
005177	src/soloide/AI/AdvancedCodingAgent.h	.h	38	2	1E06BCC1D93D67C5D5D39D0CE3C65FD4081C1D09EF3EF6A6B0682D0F7996CA81	src/soloide	UNKNOWN	UNKNOWN	PENDING
005178	src/soloide/AI/AdvancedCodingAgent.hpp	.hpp	61	2	D1C44A0262CE4A02AB06567E157F5EB0DD56BD38E82AC8281B3DE1EE60190EE4	src/soloide	UNKNOWN	UNKNOWN	PENDING
005179	src/soloide/AI/CompletionEngine.h	.h	38	2	1E06BCC1D93D67C5D5D39D0CE3C65FD4081C1D09EF3EF6A6B0682D0F7996CA81	src/soloide	UNKNOWN	UNKNOWN	PENDING
005180	src/soloide/AI/CompletionEngine.hpp	.hpp	61	2	D1C44A0262CE4A02AB06567E157F5EB0DD56BD38E82AC8281B3DE1EE60190EE4	src/soloide	UNKNOWN	UNKNOWN	PENDING
005181	src/soloide/AI/MultiModalModelRouter.h	.h	38	2	1E06BCC1D93D67C5D5D39D0CE3C65FD4081C1D09EF3EF6A6B0682D0F7996CA81	src/soloide	UNKNOWN	UNKNOWN	PENDING
005182	src/soloide/AI/MultiModalModelRouter.hpp	.hpp	61	2	D1C44A0262CE4A02AB06567E157F5EB0DD56BD38E82AC8281B3DE1EE60190EE4	src/soloide	UNKNOWN	UNKNOWN	PENDING
005183	src/soloide/Core/Bus.h	.h	38	2	1E06BCC1D93D67C5D5D39D0CE3C65FD4081C1D09EF3EF6A6B0682D0F7996CA81	src/soloide	UNKNOWN	UNKNOWN	PENDING
005184	src/soloide/Core/Bus.hpp	.hpp	61	2	D1C44A0262CE4A02AB06567E157F5EB0DD56BD38E82AC8281B3DE1EE60190EE4	src/soloide	UNKNOWN	UNKNOWN	PENDING
005185	src/soloide/Debug/DAPClient.h	.h	38	2	1E06BCC1D93D67C5D5D39D0CE3C65FD4081C1D09EF3EF6A6B0682D0F7996CA81	src/soloide	UNKNOWN	UNKNOWN	PENDING
005186	src/soloide/Debug/DAPClient.hpp	.hpp	61	2	D1C44A0262CE4A02AB06567E157F5EB0DD56BD38E82AC8281B3DE1EE60190EE4	src/soloide	UNKNOWN	UNKNOWN	PENDING
005187	src/soloide/LSP/LSPClient.h	.h	38	2	1E06BCC1D93D67C5D5D39D0CE3C65FD4081C1D09EF3EF6A6B0682D0F7996CA81	src/soloide	UNKNOWN	UNKNOWN	PENDING
005188	src/soloide/LSP/LSPClient.hpp	.hpp	61	2	D1C44A0262CE4A02AB06567E157F5EB0DD56BD38E82AC8281B3DE1EE60190EE4	src/soloide	UNKNOWN	UNKNOWN	PENDING
005189	src/soloide/UI/SoloIDE.h	.h	38	2	1E06BCC1D93D67C5D5D39D0CE3C65FD4081C1D09EF3EF6A6B0682D0F7996CA81	src/soloide	UNKNOWN	UNKNOWN	PENDING
005190	src/soloide/UI/SoloIDE.hpp	.hpp	61	2	D1C44A0262CE4A02AB06567E157F5EB0DD56BD38E82AC8281B3DE1EE60190EE4	src/soloide	UNKNOWN	UNKNOWN	PENDING
005191	src/soloide/UI/Panels/ChatPanel.h	.h	38	2	1E06BCC1D93D67C5D5D39D0CE3C65FD4081C1D09EF3EF6A6B0682D0F7996CA81	src/soloide	UNKNOWN	UNKNOWN	PENDING
005192	src/soloide/UI/Panels/ChatPanel.hpp	.hpp	61	2	D1C44A0262CE4A02AB06567E157F5EB0DD56BD38E82AC8281B3DE1EE60190EE4	src/soloide	UNKNOWN	UNKNOWN	PENDING
005193	src/soloide/UI/Panels/DebugPanel.h	.h	38	2	1E06BCC1D93D67C5D5D39D0CE3C65FD4081C1D09EF3EF6A6B0682D0F7996CA81	src/soloide	UNKNOWN	UNKNOWN	PENDING
005194	src/soloide/UI/Panels/DebugPanel.hpp	.hpp	61	2	D1C44A0262CE4A02AB06567E157F5EB0DD56BD38E82AC8281B3DE1EE60190EE4	src/soloide	UNKNOWN	UNKNOWN	PENDING
005195	src/soloide/UI/Panels/EditorPanel.h	.h	38	2	1E06BCC1D93D67C5D5D39D0CE3C65FD4081C1D09EF3EF6A6B0682D0F7996CA81	src/soloide	UNKNOWN	UNKNOWN	PENDING
005196	src/soloide/UI/Panels/EditorPanel.hpp	.hpp	61	2	D1C44A0262CE4A02AB06567E157F5EB0DD56BD38E82AC8281B3DE1EE60190EE4	src/soloide	UNKNOWN	UNKNOWN	PENDING
005197	src/soloide/UI/Panels/ProjectPanel.h	.h	38	2	1E06BCC1D93D67C5D5D39D0CE3C65FD4081C1D09EF3EF6A6B0682D0F7996CA81	src/soloide	UNKNOWN	UNKNOWN	PENDING
005198	src/soloide/UI/Panels/ProjectPanel.hpp	.hpp	61	2	D1C44A0262CE4A02AB06567E157F5EB0DD56BD38E82AC8281B3DE1EE60190EE4	src/soloide	UNKNOWN	UNKNOWN	PENDING
005199	src/soloide/UI/Panels/StatusPanel.h	.h	38	2	1E06BCC1D93D67C5D5D39D0CE3C65FD4081C1D09EF3EF6A6B0682D0F7996CA81	src/soloide	UNKNOWN	UNKNOWN	PENDING
005200	src/soloide/UI/Panels/StatusPanel.hpp	.hpp	61	2	D1C44A0262CE4A02AB06567E157F5EB0DD56BD38E82AC8281B3DE1EE60190EE4	src/soloide	UNKNOWN	UNKNOWN	PENDING
005201	src/soloide/UI/Panels/TerminalPanel.h	.h	38	2	1E06BCC1D93D67C5D5D39D0CE3C65FD4081C1D09EF3EF6A6B0682D0F7996CA81	src/soloide	UNKNOWN	UNKNOWN	PENDING
005202	src/soloide/UI/Panels/TerminalPanel.hpp	.hpp	61	2	D1C44A0262CE4A02AB06567E157F5EB0DD56BD38E82AC8281B3DE1EE60190EE4	src/soloide	UNKNOWN	UNKNOWN	PENDING
005203	src/sovereign/patcher/AntiHallucinationHotPatcher.asm	.asm	28	2	B10E8506987E81682166A4AA9A880EE3F7D79E9BC0BA7D7449B5C0EB5B37CC46	src/sovereign	UNKNOWN	UNKNOWN	PENDING
005204	src/sovereign/puppeteer/AutonomousPuppeteer.hpp	.hpp	61	2	D1C44A0262CE4A02AB06567E157F5EB0DD56BD38E82AC8281B3DE1EE60190EE4	src/sovereign	UNKNOWN	UNKNOWN	PENDING
005205	src/sovereign/puppeteer/JITAssembler.cpp	.cpp	5339	160	38A0AA2C885D5DD4E888A37E0FC0543B188B5F85B4E44456D8FD7D179A3D434B	src/sovereign	UNKNOWN	UNKNOWN	PENDING
005206	src/sovereign/puppeteer/JITAssembler.hpp	.hpp	3141	92	68B6F511CB18346BDBE4897FB560763A7C001D0AED7D22272992F98CFD102909	src/sovereign	UNKNOWN	UNKNOWN	PENDING
005207	src/sovereign/puppeteer/PuppeteerAPI.hpp	.hpp	61	2	D1C44A0262CE4A02AB06567E157F5EB0DD56BD38E82AC8281B3DE1EE60190EE4	src/sovereign	UNKNOWN	UNKNOWN	PENDING
005208	src/sovereign/puppeteer/Puppeteer_CaptureState.asm	.asm	242	10	C7FBAD4C656AF05F169D88BD13798E626ACCB72ED952006E12E05437B584AFBD	src/sovereign	UNKNOWN	UNKNOWN	PENDING
005209	src/sovereign/puppeteer/SymbolTableGenerator.hpp	.hpp	61	2	D1C44A0262CE4A02AB06567E157F5EB0DD56BD38E82AC8281B3DE1EE60190EE4	src/sovereign	UNKNOWN	UNKNOWN	PENDING
005210	src/sovereign/puppeteer/VEH_Watchdog.hpp	.hpp	61	2	D1C44A0262CE4A02AB06567E157F5EB0DD56BD38E82AC8281B3DE1EE60190EE4	src/sovereign	UNKNOWN	UNKNOWN	PENDING
005211	src/streamer/ModelInventory.cpp	.cpp	29515	710	29C584F18EF2A4E504FAFBB48EE3030E22D7131EDBBA933476259A07D6364409	src/streamer	UNKNOWN	UNKNOWN	PENDING
005212	src/streamer/ModelInventory.h	.h	6732	164	CF5C45E39B74FE7F04BA4CF01C2B4BE9BBDA21BAF2C48D0BB8E431388222619A	src/streamer	UNKNOWN	UNKNOWN	PENDING
005213	src/sunshine/core/Audio.hpp	.hpp	310	19	A0DBFF43DC95F0973430856FDFE2844D7B65A0C350178AFF3893CB5892018593	src/sunshine	UNKNOWN	UNKNOWN	PENDING
005214	src/sunshine/core/Camera.cpp	.cpp	2191	77	63B409C8DD7FD145DB3BDBB34D2C625F24A3DBBA04D902D149150682AC51625D	src/sunshine	UNKNOWN	UNKNOWN	PENDING
005215	src/sunshine/core/Camera.hpp	.hpp	967	38	1B55580DF5605C43DD7C801D9ECF2B57FB75B0B594AF86BE645665B5201EDF8A	src/sunshine	UNKNOWN	UNKNOWN	PENDING
005216	src/sunshine/core/GameLoop.cpp	.cpp	4532	141	92CA1CB0346893764C7503F0DCACBC2449158826F7015E11870C9F8E66ED014E	src/sunshine	UNKNOWN	UNKNOWN	PENDING
005217	src/sunshine/core/GameLoop.hpp	.hpp	1196	50	732006C1B8521723434B75FED5480974D847D79B26318B3C664E70DEEAA32484	src/sunshine	UNKNOWN	UNKNOWN	PENDING
005218	src/sunshine/core/Input.cpp	.cpp	1620	61	01F318642A5129AE35F526139386E4D666A3FF70D901F6CA933A5A47069A1513	src/sunshine	UNKNOWN	UNKNOWN	PENDING
005219	src/sunshine/core/Input.hpp	.hpp	884	35	B10E1F3376BBC5422283D8A2223CD90E6A8EEDE91B73BCDD4653BD9219A60C49	src/sunshine	UNKNOWN	UNKNOWN	PENDING
005220	src/sunshine/core/math.hpp	.hpp	5872	143	AB148440C07FB9EE948A8CF46BE740847CCB7DD7960EAF853DB7B75E33471EFF	src/sunshine	UNKNOWN	UNKNOWN	PENDING
005221	src/sunshine/core/Primitives.cpp	.cpp	5479	168	9CF32898DDB004D0AD274B9753C7D5256FD1481BD15BBD2C5A0700DBE2C00999	src/sunshine	UNKNOWN	UNKNOWN	PENDING
005222	src/sunshine/core/Primitives.hpp	.hpp	1103	45	004AC9A7B2E6813335D1482FA36931EDB1DF468A745168A4DD3AD9CC13686791	src/sunshine	UNKNOWN	UNKNOWN	PENDING
005223	src/sunshine/core/RendererD3D11.cpp	.cpp	12221	339	265BB4593F5902D23BE6B60F22FFEADD98D95AF7B546E866D13F906E2CA218BC	src/sunshine	UNKNOWN	UNKNOWN	PENDING
005224	src/sunshine/core/RendererD3D11.hpp	.hpp	2363	64	DE0443FF6A7CC52C0A5D3B3A5650D816935E731680DEE372D36EA9F3A75C965E	src/sunshine	UNKNOWN	UNKNOWN	PENDING
005225	src/sunshine/core/Timer.cpp	.cpp	953	42	CE061666002761563F2DF7C50CBE96CB830ED1840C3ED358575619D76123D021	src/sunshine	UNKNOWN	UNKNOWN	PENDING
005226	src/sunshine/core/Timer.hpp	.hpp	411	22	A8D85AC3880263A07BFF8D9B71BCC752DADA321B637A8D42AE2F655C4E7300A1	src/sunshine	UNKNOWN	UNKNOWN	PENDING
005227	src/sunshine/core/WindowWin32.cpp	.cpp	2476	88	D4ED17BADC20B87B9A7E7990E52C2A8B2F1A2A96BF2A027238D5B6B1C671580F	src/sunshine	UNKNOWN	UNKNOWN	PENDING
005228	src/sunshine/core/WindowWin32.hpp	.hpp	1120	43	E99593B7CA489870BFF8C9BAC334FD309CB20A8BAC0C3FA20A324DB2A0B74D82	src/sunshine	UNKNOWN	UNKNOWN	PENDING
005229	src/sunshine/instagib/Arena.cpp	.cpp	555	23	395706B18D2C73C20A1DAFD3EEDB2D727B0C6EADF498EDF1D53C8A6D7E0AAFBE	src/sunshine	UNKNOWN	UNKNOWN	PENDING
005230	src/sunshine/instagib/Arena.hpp	.hpp	460	23	61F45B9F55E3FB8FABC3F355C269CD9B9B80E3046121FD616E64A0381E7580DC	src/sunshine	UNKNOWN	UNKNOWN	PENDING
005231	src/sunshine/instagib/Bot.cpp	.cpp	2745	93	494E363B8E485EFA3CB1BACDAB729571964EED52CF4FCE4E5B155286DE0A71DB	src/sunshine	UNKNOWN	UNKNOWN	PENDING
005232	src/sunshine/instagib/Bot.hpp	.hpp	758	33	8191B06A0AF1914121539087EA6A9B475C6000B4205388DAB2CD307390865CE0	src/sunshine	UNKNOWN	UNKNOWN	PENDING
005233	src/sunshine/instagib/Game.cpp	.cpp	4478	135	8A8FD4DF2EC839AEF2D8FC6365EC53C96B34261335214D219F712C9756DF4426	src/sunshine	UNKNOWN	UNKNOWN	PENDING
005234	src/sunshine/instagib/Game.hpp	.hpp	661	32	8A5B04614D2BE50CEE455B9DFDB3A0CD3CEC083BB391C8CFF35882C8902053FA	src/sunshine	UNKNOWN	UNKNOWN	PENDING
005235	src/sunshine/instagib/HUD.cpp	.cpp	5403	169	904A13AC893F54C0E7593C2C47C4C87BF27073BE45628A61BF0086FCF4A524F3	src/sunshine	UNKNOWN	UNKNOWN	PENDING
005236	src/sunshine/instagib/HUD.hpp	.hpp	1005	28	9B940BA390BA30B0676BA96811F38721C6F8D66BD27D220E1B4676DD827BFAA3	src/sunshine	UNKNOWN	UNKNOWN	PENDING
005237	src/sunshine/instagib/main_instagib.cpp	.cpp	11706	307	BB56FD67E39D7DF9DE020FCBB2917FAD312DF35831577DE7311D1004634FD5CD	src/sunshine	UNKNOWN	UNKNOWN	PENDING
005238	src/sunshine/instagib/Player.cpp	.cpp	1350	56	8BAD3450DF9844918C291E6539AC1F4DAE9CF33C122F89701D8AB5B3CF5DDB5A	src/sunshine	UNKNOWN	UNKNOWN	PENDING
005239	src/sunshine/instagib/Player.hpp	.hpp	493	25	27E0AEA5374935EEA9641182667E519AC407971E2FE5C83A2A7621E8D5CFE19F	src/sunshine	UNKNOWN	UNKNOWN	PENDING
005240	src/sunshine/instagib/Weapon.cpp	.cpp	1166	48	64FB0C0D0A4CC110B545FCB6B965EBBC72C3DC55D6599B1E249247D5A5F42D87	src/sunshine	UNKNOWN	UNKNOWN	PENDING
005241	src/sunshine/instagib/Weapon.hpp	.hpp	735	24	1034DBFFD5EAD7CDF7EC75B7F36C1F7A0448D48027516A84EE52D8F90ACBAEE9	src/sunshine	UNKNOWN	UNKNOWN	PENDING
005242	src/sunshine/neonsiege/HUD.cpp	.cpp	5981	165	BBC1319F031C10CC6AC58E5C12304E64BE2C87B50A52923F39725FA2EDEB120B	src/sunshine	UNKNOWN	UNKNOWN	PENDING
005243	src/sunshine/neonsiege/HUD.hpp	.hpp	1056	28	3E735D46A1ECC049F5BCDEB781BADC2DAAFDA0C449C3959FDAD31A726EF029F7	src/sunshine	UNKNOWN	UNKNOWN	PENDING
005244	src/sunshine/neonsiege/main_neonsiege.cpp	.cpp	11285	313	697D3223E83092C0EE4D567A8FA8B1A70700407793CB64683955FACEEB5CD645	src/sunshine	UNKNOWN	UNKNOWN	PENDING
005245	src/sunshine/neonsiege/neonsiege_core.cpp	.cpp	16270	524	9E3187CCB228E2A05799006F8915FB9DDED93F0DC81487421267021DB787C214	src/sunshine	UNKNOWN	UNKNOWN	PENDING
005246	src/sunshine/neonsiege/neonsiege_core.hpp	.hpp	4711	171	5A86264E4A49A62E3B328DACFDD848D86E25276635E345969A7E9A1D43B88FD5	src/sunshine	UNKNOWN	UNKNOWN	PENDING
005247	src/test/GGUFShardedLoader_test.cpp	.cpp	6418	210	EEF5184345956CF50D2B80F3CF3969E20E66FF6264E3B9C996907295E5A2A0E7	src/test	UNKNOWN	UNKNOWN	PENDING
005248	src/tests/rawrxd_closure/DualGpuIndependentAgentSchedulerSelfTest.cpp	.cpp	2026	58	136A8A845118B7482CEBE5DBEA2F2A430F681D5EECBA1C0F413B281297E9602E	src/tests	UNKNOWN	UNKNOWN	PENDING
005249	src/tests/rawrxd_closure/FleetSpecialGraphExecutorSelfTest.cpp	.cpp	1000	28	9DBA35055F0EBEBBD1F933A764A10391A39A9BCC4B11A546062C58708EDBB552	src/tests	UNKNOWN	UNKNOWN	PENDING
005250	src/tests/rawrxd_closure/FleetSpecialGraphSelfTest.cpp	.cpp	1451	36	DE034F26FC763144971462B8B7BA73657D86EA4F7A3220E115F704B3145DE1DB	src/tests	UNKNOWN	UNKNOWN	PENDING
005251	src/tests/rawrxd_closure/HexMagResidencyAuthoritySelfTest.cpp	.cpp	1533	34	8327D0F25BE1C907818EDAFF70BCB6974ED6FA34E91FE8F3C4AA8A8ED6D8C3C5	src/tests	UNKNOWN	UNKNOWN	PENDING
005252	src/tests/rawrxd_closure/MultiAgentMergeAuthoritySelfTest.cpp	.cpp	1529	42	EFF65EC9444C556281958025729273F844403F2514861D2FAF403FBA9488907C	src/tests	UNKNOWN	UNKNOWN	PENDING
005253	src/tests/rawrxd_closure/ScreenPilotToolAuthorityBridgeSelfTest.cpp	.cpp	1743	41	D4274A77F210AFA5F6D1723420D97D3934684925D744D1122BD2C8686E486671	src/tests	UNKNOWN	UNKNOWN	PENDING
005254	src/tokenizer/gguf_embedded_tokenizer.cpp	.cpp	25	1	493B0BF92174B1FF34C14D049B2266D7F31DDC5580B77D3AD1697C2486F0D0F5	src/tokenizer	UNKNOWN	UNKNOWN	PENDING
005255	src/tools/RawrXD_TpsSmoke.cpp	.cpp	8526	220	2F2D5A9E2B6DD7C4B102B87A923D3DCA3B4225F796044877381338D9C1119BFC	src/tools	UNKNOWN	UNKNOWN	PENDING
005256	src/tools/ToolRegistryAuthority.cpp	.cpp	1964	45	2CDD4D615EE246162BB6B86604D67F006F91DCD828B3D0CD9E2C05979D18FC7C	src/tools	UNKNOWN	UNKNOWN	PENDING
005257	src/tools/ToolRegistryAuthority.h	.h	401	10	F748E299F92E4090D94376E0F69E74EACC439F7A1D4D5C90A4F8F182869F7B69	src/tools	UNKNOWN	UNKNOWN	PENDING
005258	src/utils/Expected.h	.h	6059	156	91509A2CA2AA4D160A88297C26EFE558F7BDFDC6439E694710BA1C7057DB029B	src/utils	UNKNOWN	UNKNOWN	PENDING
005259	src/win32app/CICDSettings.cpp	.cpp	7745	211	02E146A15CC3AE0B984FAEEB8CEF6D8AC9B805B7AFB2AF34F2C7DDB7235F0A75	src/win32app	UNKNOWN	UNKNOWN	PENDING
005260	src/win32app/cli_main_headless.cpp	.cpp	23083	510	6E13CDAFCF5FED0CBB93B02D7854DBD9C930E701AC0C95CAE5A9443FAE4C154E	src/win32app	UNKNOWN	UNKNOWN	PENDING
005261	src/win32app/IdeChatAuthority.cpp	.cpp	1430	29	B71B1448F830E28414D873A5820B214945FC05565B6A1B3892CDBCB27949A2CF	src/win32app	UNKNOWN	UNKNOWN	PENDING
005262	src/win32app/IdeChatAuthority.h	.h	350	10	4AAEE003A9AA2CD6D77C19AAF9F321C8D481A162AE85A775D4B25FC57C2A1DA0	src/win32app	UNKNOWN	UNKNOWN	PENDING
005263	src/win32app/IDEDiagnosticAutoHealer.h	.h	61	2	D1C44A0262CE4A02AB06567E157F5EB0DD56BD38E82AC8281B3DE1EE60190EE4	src/win32app	UNKNOWN	UNKNOWN	PENDING
005264	src/win32app/IDELogger.cpp	.cpp	1642	48	38094D8AD4941F31796425847C17AE0811E70CBED65A6761B14AC1665B748742	src/win32app	UNKNOWN	UNKNOWN	PENDING
005265	src/win32app/IDELogger.h	.h	304	11	0AA75233E5593BADD65323B2C22176E0F51453AFD6F8A7C25D80E250FDC6A2C3	src/win32app	UNKNOWN	UNKNOWN	PENDING
005266	src/win32app/IdeResponseCompletionAuthority.cpp	.cpp	5373	128	6C1364D4528F119A478E1E308B693CF3F9A758FB9FC7A31F58B713C81EA21805	src/win32app	UNKNOWN	UNKNOWN	PENDING
005267	src/win32app/IdeResponseCompletionAuthority.h	.h	964	37	3EF1DEB1062C4877B2F864DE87A9D3445458DCB5985E3F757E454BB11F7AABDE	src/win32app	UNKNOWN	UNKNOWN	PENDING
005268	src/win32app/ide_agentic_gate.cpp	.cpp	16078	392	A10AF54637A283BB75A6F5C90D6FDBC6C25BF8A941874EDE54B213151E1F35B0	src/win32app	UNKNOWN	UNKNOWN	PENDING
005269	src/win32app/ide_agentic_gate.hpp	.hpp	1326	42	888F8F188E000014AD2F1601650D3F4A00F957D94BA88C23FF32DC3CE3ADA260	src/win32app	UNKNOWN	UNKNOWN	PENDING
005270	src/win32app/ide_inference_gate.cpp	.cpp	26788	604	170FCB37AEE1815A4AE50B47ECC2227769FC50CFF857C9D8130CC75B0AB76F8B	src/win32app	UNKNOWN	UNKNOWN	PENDING
005271	src/win32app/ide_inference_gate.hpp	.hpp	4202	109	7C019EB780B295D543A4A6C93EFF43B8AEC0C5F7254148FB143D70DEF90C25CE	src/win32app	UNKNOWN	UNKNOWN	PENDING
005272	src/win32app/ide_toolchain_gate.cpp	.cpp	7750	243	6A6BDB340F2634D97E0AD09C0ED701366804BEBA940403F8C15F9CD56364F726	src/win32app	UNKNOWN	UNKNOWN	PENDING
005273	src/win32app/ide_toolchain_gate.hpp	.hpp	708	23	9924BB71300AAA6E13860DCC916418E2A6AD69A67C37F92CAD7096E7865CEA33	src/win32app	UNKNOWN	UNKNOWN	PENDING
005274	src/win32app/launch_config.cpp	.cpp	13184	345	E32D0D0B4B98D3F3CA4EBC1DAAA2FD4E93052DD531C84D9616EDA9597AE12608	src/win32app	UNKNOWN	UNKNOWN	PENDING
005275	src/win32app/launch_config.h	.h	4892	118	E39B8C6872923DFDCF67EC7D6B9EEC27EA428F1851CB4A0CDCFCDC33CABBB978	src/win32app	UNKNOWN	UNKNOWN	PENDING
005276	src/win32app/main_win32.cpp	.cpp	168858	3215	AA79E2011B3381A8C630036B2381D099C4F9397D66BCA94E4C4034ADB992BB92	src/win32app	UNKNOWN	UNKNOWN	PENDING
005277	src/win32app/RawrXD-Win32IDE.rc	.rc	3492	85	16AC5B35632692787CE3D8DA0395DAAFCD347B3A5C59B18A85F7A8DB3F0232D3	src/win32app	UNKNOWN	UNKNOWN	PENDING
005278	src/win32app/test_string.cpp	.cpp	37	3	EF28097466A51E19C7020D4BF44ED524469B6FCE9B6E20B099C4B28CA2D4065E	src/win32app	UNKNOWN	UNKNOWN	PENDING
005279	src/win32app/W8LifecycleAuthority.cpp	.cpp	3953	88	FB2BA4C63011F89D7E1F6DC69AA617E4E958B7A4162AF71374A85D91C6CC0FF7	src/win32app	UNKNOWN	UNKNOWN	PENDING
005280	src/win32app/W8LifecycleAuthority.h	.h	1031	25	98E50AE9241482D9C579F8043CACD4BB877A50574078854FFE24BF7371E6FA61	src/win32app	UNKNOWN	UNKNOWN	PENDING
005281	src/win32app/Win32IDE_AgenticBridge.cpp	.cpp	5281	119	D5A69ACC82C9C0819DB31E9547786929ECBD50E9E8911714E8669DE6B9FB978D	src/win32app	UNKNOWN	UNKNOWN	PENDING
005282	src/win32app/Win32IDE_AgentPanel.cpp	.cpp	14298	360	812E90A207AEA1EFB6ABDC8A92DA47F0A37FBD380CD7F0E644E7353E771FD58D	src/win32app	UNKNOWN	UNKNOWN	PENDING
005283	src/win32app/Win32IDE_AutoSave.cpp	.cpp	1458	52	77F0C76EC30CF87744015E16B82A9808718E1BA18C530466F40D1D3F910E3A08	src/win32app	UNKNOWN	UNKNOWN	PENDING
005284	src/win32app/Win32IDE_BuildRunner.cpp	.cpp	6857	194	16497AF619906F04F270CD23EA7AF6C352741B3E3438143E85B5C6AD4C4E17D6	src/win32app	UNKNOWN	UNKNOWN	PENDING
005285	src/win32app/Win32IDE_ChatPanel.cpp	.cpp	15132	398	5D353889A5976DDBF175BDD8282613C8BA66F9014FBCC5A916A8DDE0B73579E1	src/win32app	UNKNOWN	UNKNOWN	PENDING
005286	src/win32app/Win32IDE_ChatPanel.h	.h	982	27	B2BBDD2348F8EC0500D9B3027A9A0852C73968CAE0E2C3E2071BD07F42569510	src/win32app	UNKNOWN	UNKNOWN	PENDING
005287	src/win32app/Win32IDE_Commands.cpp	.cpp	28260	712	3CB80132D5BF8781BBBFA0628B2784DDA003983CED131676212645FC0E97A22F	src/win32app	UNKNOWN	UNKNOWN	PENDING
005288	src/win32app/Win32IDE_Core.cpp	.cpp	5965	174	259BEBC986184075B527081E80BDE04B85C925A5EF6F5163ECD68F50223BCCF8	src/win32app	UNKNOWN	UNKNOWN	PENDING
005289	src/win32app/Win32IDE_EditorEngine.cpp	.cpp	39288	966	A09B85D3C22109BF4448D690E6743AD23306D8EB6EA0C9F4D83950FC25685DC0	src/win32app	UNKNOWN	UNKNOWN	PENDING
005290	src/win32app/Win32IDE_FileOps.cpp	.cpp	2177	71	ABAF1AA078432A39B712E5B41D5AC06367B2AD2083CA1F58415948F7F7EAEF28	src/win32app	UNKNOWN	UNKNOWN	PENDING
005291	src/win32app/Win32IDE_GhostText.cpp	.cpp	5731	153	343CDDA2BF1DF4590D24FF0A494B2AF61CF200F5376ACC4CB9C5ECCAD9A3E56D	src/win32app	UNKNOWN	UNKNOWN	PENDING
005292	src/win32app/Win32IDE_GitPanel.cpp	.cpp	16353	402	B4051E21A5492F7EF159AA57CBC3DA448FBA2C4D95DB0B9230C698CAC116128F	src/win32app	UNKNOWN	UNKNOWN	PENDING
005293	src/win32app/Win32IDE_Logger.cpp	.cpp	1665	53	BABBC6A2A76BDAE7A12B188D9DCB74187E02770C31C613A4953685D3CBB51651	src/win32app	UNKNOWN	UNKNOWN	PENDING
005294	src/win32app/Win32IDE_logMessage.cpp	.cpp	1416	41	14CF02DEE8793B718EB396AA32D22992CC6BFF8AA65935756D845A89090B9BE8	src/win32app	UNKNOWN	UNKNOWN	PENDING
005295	src/win32app/Win32IDE_LSPClient.cpp	.cpp	13540	308	E45FB5DA89AAC5E7888C8754DBEA56B3047632B1DFE1ED647E2F65A4A20AE0E9	src/win32app	UNKNOWN	UNKNOWN	PENDING
005296	src/win32app/Win32IDE_LSPServer.cpp	.cpp	10608	272	1FDE94482DE0211F22C974365A903D3DFBBAA346FA62236DCDAE770176C8D466	src/win32app	UNKNOWN	UNKNOWN	PENDING
005297	src/win32app/Win32IDE_LSP_AI_Bridge.cpp	.cpp	4926	146	510ACF9FAA1395D01A7D686FF066D16F2558E6C18D6CF706F544D4FF5399B7A3	src/win32app	UNKNOWN	UNKNOWN	PENDING
005298	src/win32app/Win32IDE_MCP.cpp	.cpp	8798	233	5A8864637FC5459C7BBF6D3F75F6C93966D699E569DD0EAF8054C995E4BA5003	src/win32app	UNKNOWN	UNKNOWN	PENDING
005299	src/win32app/Win32IDE_MCPHooks.cpp	.cpp	14618	365	7E83F9ACD07FCF4225AD2A705B496500BF25DB77BB018316A95D5A819ED04BBB	src/win32app	UNKNOWN	UNKNOWN	PENDING
005300	src/win32app/Win32IDE_MCPHooks.h	.h	2927	90	DF00201CAA8A246ACA3C7F95467BFCAF245F0640E29A4A2AC461AB28345FA849	src/win32app	UNKNOWN	UNKNOWN	PENDING
005301	src/win32app/Win32IDE_RuntimeCert.cpp	.cpp	25196	532	B91EC47C950290577579359F927A6CF0BCE14ADFF564BBDA8EB768FF0540CA9C	src/win32app	UNKNOWN	UNKNOWN	PENDING
005302	src/win32app/Win32IDE_SearchPanel.cpp	.cpp	12154	310	B87DD759CF5A8DC97E8050F2E4B15C0E0C67B8F53404247B9EF03949ACBB3FFC	src/win32app	UNKNOWN	UNKNOWN	PENDING
005303	src/win32app/Win32IDE_Session.cpp	.cpp	6154	186	BDF39316AB6BC563ABC936C99CB1C6970FC5326790609350D1DC68931F6335C6	src/win32app	UNKNOWN	UNKNOWN	PENDING
005304	src/win32app/Win32IDE_Session.h	.h	2209	66	B224B4F3712803E93C5BD1A96AC3E058F56AF906240704B94F890379D9B8D348	src/win32app	UNKNOWN	UNKNOWN	PENDING
005305	src/win32app/Win32IDE_Settings.cpp	.cpp	20621	529	0857ACD5D906A8AD5A17B132A1B900FC071C62A3B1DB0EA5E7B05B7BC56E7C7D	src/win32app	UNKNOWN	UNKNOWN	PENDING
005306	src/win32app/Win32IDE_Settings.h	.h	3802	95	F48222A72945C5410BEAAD5EF80695DCEE5E8DDADE37A4512AAE01940C978081	src/win32app	UNKNOWN	UNKNOWN	PENDING
005307	src/win32app/Win32IDE_SettingsGUI.cpp	.cpp	14959	349	B485A2A96A4F5BBACCCBB4330AD68784CC7711F6F476046B59EE61A0053E1A11	src/win32app	UNKNOWN	UNKNOWN	PENDING
005308	src/win32app/Win32IDE_ShellLayout.cpp	.cpp	6301	153	8801503CD9AF51170E4856DF109E0C81F23C4CF7D98239F57ABB008180AEBE06	src/win32app	UNKNOWN	UNKNOWN	PENDING
005309	src/win32app/Win32IDE_Sidebar.cpp	.cpp	18673	398	E0D2ED56A3B14FB332EA5D10E5E6C08C81217D38BB6DD916DAB0CF32BD72CA86	src/win32app	UNKNOWN	UNKNOWN	PENDING
005310	src/win32app/Win32IDE_StatusBar.cpp	.cpp	6929	220	58651BAA521B09C11CBAE3624557D4F43DFB38E5D4D81669744EDED9BA74F14C	src/win32app	UNKNOWN	UNKNOWN	PENDING
005311	src/win32app/Win32IDE_StreamingUX.cpp	.cpp	2314	71	258B6020E1877A1B12ABDD8183C1D9C04FE0D600C262247C94603C7FB11A7B19	src/win32app	UNKNOWN	UNKNOWN	PENDING
005312	src/win32app/Win32IDE_SyntaxHighlight.cpp	.cpp	3528	82	8D2EB9D6886EB553713FFA02B3A98258535C41853C8A21C033D0611BEF69354F	src/win32app	UNKNOWN	UNKNOWN	PENDING
005313	src/win32app/Win32IDE_TabManager.cpp	.cpp	9452	260	37E285EB33D1D3037147F6767E7C4D7686B371EB4D7C3D9C925ECC5013AD6070	src/win32app	UNKNOWN	UNKNOWN	PENDING
005314	src/win32app/Win32IDE_TerminalSplit.cpp	.cpp	9146	253	31272DE4623A4BEF29E9A482E5F1227C885438E924EEB3CCDF9E393AD7040865	src/win32app	UNKNOWN	UNKNOWN	PENDING
005315	src/win32app/Win32IDE_Watchdog.cpp	.cpp	1194	42	2734140191C61B066FE268541CFFDE338E7E506297EC692E918163D100DD439A	src/win32app	UNKNOWN	UNKNOWN	PENDING
005316	src/x64/rawrxd_quantum_beaconism.asm	.asm	28	2	B10E8506987E81682166A4AA9A880EE3F7D79E9BC0BA7D7449B5C0EB5B37CC46	src/x64	UNKNOWN	UNKNOWN	PENDING
005317	tests/attn_q_row_probe.cpp	.cpp	5020	133	462C78ABB7EC1F4CC1844BE79D3FF18980BFECBD29646BB5E0C925A37153D787	tests/attn_q_row_probe.cpp	UNKNOWN	UNKNOWN	PENDING
005318	tests/b004_transformer_router_streaming_integration.cpp	.cpp	63	1	E8C64AA438AE1BFDF34C9A315FA8895C94DDE18CEB033D199CAA1793EE1FB8C3	tests/b004_transformer_router_streaming_integration.cpp	UNKNOWN	UNKNOWN	PENDING
005319	tests/b004_transformer_router_streaming_integration_cpu.cpp	.cpp	67	1	692E625523F4EA40150B58D5E4624174A2B8CADB7ACCD46C0BFC1E8A7F9F8821	tests/b004_transformer_router_streaming_integration_cpu.cpp	UNKNOWN	UNKNOWN	PENDING
005320	tests/b005_canonical_model_certification.cpp	.cpp	58	1	9DA39E9C0826D23509D61823F4902B9057C43C18720A71298537B5EDFEAB37F1	tests/b005_canonical_model_certification.cpp	UNKNOWN	UNKNOWN	PENDING
005321	tests/b006_kv_cache_verification.cpp	.cpp	50	1	BDDDFE5C06A7E7ACCE2027E6804E37FDD70F8A18E45232A2D4AF24D82D4FE1AC	tests/b006_kv_cache_verification.cpp	UNKNOWN	UNKNOWN	PENDING
005322	tests/b007_performance_baseline.cpp	.cpp	49	1	D5A1CC00D932A13E421AAE8960F14B3A9E6330CFE75502FF03C2CDEC48F75619	tests/b007_performance_baseline.cpp	UNKNOWN	UNKNOWN	PENDING
005323	tests/b008_ci_integration.cpp	.cpp	43	1	94671F177C242BBFE752964CF40A8FC93EC96E7A33C87DB35DC059DCF3D9E5DE	tests/b008_ci_integration.cpp	UNKNOWN	UNKNOWN	PENDING
005324	tests/b010_b011_fast_experiment.cpp	.cpp	28	1	1FE00CCEFE9D804F0D84DC0B8EB7DC20643F24A44B7B03561D6031D98E190015	tests/b010_b011_fast_experiment.cpp	UNKNOWN	UNKNOWN	PENDING
005325	tests/b011_weight_residency_optimization.cpp	.cpp	58	1	79B533DE10F0CB5DDE2165C82B6F621AB879987BCDF41F6346C773E21ACC5D4C	tests/b011_weight_residency_optimization.cpp	UNKNOWN	UNKNOWN	PENDING
005326	tests/b012_amortization_test.cpp	.cpp	40	1	4E075F9DF3CE836FD88EFA89777ED542B37D1D7ED57A8F8CD86571718A6E4685	tests/b012_amortization_test.cpp	UNKNOWN	UNKNOWN	PENDING
005327	tests/b013_stability_test.cpp	.cpp	37	1	E770FCC014D32586E92C961FC6FBDF70EA13F6ECF6944AB012071FB34D34F1AE	tests/b013_stability_test.cpp	UNKNOWN	UNKNOWN	PENDING
005328	tests/b014_boundary_probe.cpp	.cpp	37	1	E66B1E7B7057FC707ECA5116985B64390281C014747DA5774EC3ED965BD0A2AA	tests/b014_boundary_probe.cpp	UNKNOWN	UNKNOWN	PENDING
005329	tests/b014_compute_decomposition.cpp	.cpp	44	1	0E1B08282129FDF922857392B01B72F52EE496949F333078F8FFC198B4A8C30A	tests/b014_compute_decomposition.cpp	UNKNOWN	UNKNOWN	PENDING
005330	tests/b014_lifetime_probe.cpp	.cpp	37	1	4CF116F3942DA8DD381DE6C5D82B6945C8ABD3074EB5F94FC35EFD1C65CD6EDD	tests/b014_lifetime_probe.cpp	UNKNOWN	UNKNOWN	PENDING
005331	tests/b014_single_boundary.cpp	.cpp	38	1	0497B3CED3DAA47AF92B4B05C2E1976C72A2C824D358E3C527AAF623888B6B28	tests/b014_single_boundary.cpp	UNKNOWN	UNKNOWN	PENDING
005332	tests/backend_orchestrator_shard_smoke.cpp	.cpp	24	1	46EBD083829A26079E35F3B811EE8DFF76B240D1747D75BF602A5BFED27178B9	tests/backend_orchestrator_shard_smoke.cpp	UNKNOWN	UNKNOWN	PENDING
005333	tests/backend_orchestrator_shard_smoke_stubs.cpp	.cpp	24	1	46EBD083829A26079E35F3B811EE8DFF76B240D1747D75BF602A5BFED27178B9	tests/backend_orchestrator_shard_smoke_stubs.cpp	UNKNOWN	UNKNOWN	PENDING
005334	tests/benchmark_dispatch_overhead.cpp	.cpp	51	1	86ADC02BA93E75B97C1C8CE9158BB690959C909F32CE23CF141FEC48CE3652E0	tests/benchmark_dispatch_overhead.cpp	UNKNOWN	UNKNOWN	PENDING
005335	tests/benchmark_dispatch_pmc.cpp	.cpp	46	1	66DDD199206A8C257917E33D56B162860C3AD26C989465F7F2613776A93443E9	tests/benchmark_dispatch_pmc.cpp	UNKNOWN	UNKNOWN	PENDING
005336	tests/benchmark_planner_amortization.cpp	.cpp	54	1	DD8BF0BB044B7613771C297740C7009E4C7C09192F17386B48B5E7EAA5982A28	tests/benchmark_planner_amortization.cpp	UNKNOWN	UNKNOWN	PENDING
005337	tests/bp1_smoke_test.cpp	.cpp	25	1	493B0BF92174B1FF34C14D049B2266D7F31DDC5580B77D3AD1697C2486F0D0F5	tests/bp1_smoke_test.cpp	UNKNOWN	UNKNOWN	PENDING
005338	tests/comprehensive_dual_gpu_test.cpp	.cpp	25	1	493B0BF92174B1FF34C14D049B2266D7F31DDC5580B77D3AD1697C2486F0D0F5	tests/comprehensive_dual_gpu_test.cpp	UNKNOWN	UNKNOWN	PENDING
005339	tests/Deep2Engine_IntegrationTest_Minimal.cpp	.cpp	24	1	46EBD083829A26079E35F3B811EE8DFF76B240D1747D75BF602A5BFED27178B9	tests/Deep2Engine_IntegrationTest_Minimal.cpp	UNKNOWN	UNKNOWN	PENDING
005340	tests/deep2_link_stubs.cpp	.cpp	40	1	1DCA67ECE5C5851B60696D06E1812B1D52F1C430A28FFA8DC3386174C71035A0	tests/deep2_link_stubs.cpp	UNKNOWN	UNKNOWN	PENDING
005341	tests/dual_gpu_smoke_test.cpp	.cpp	25	1	493B0BF92174B1FF34C14D049B2266D7F31DDC5580B77D3AD1697C2486F0D0F5	tests/dual_gpu_smoke_test.cpp	UNKNOWN	UNKNOWN	PENDING
005342	tests/elastic_path_validation_test.cpp	.cpp	25	1	493B0BF92174B1FF34C14D049B2266D7F31DDC5580B77D3AD1697C2486F0D0F5	tests/elastic_path_validation_test.cpp	UNKNOWN	UNKNOWN	PENDING
005343	tests/fleet_gate.cpp	.cpp	11997	304	DAC8CAF2041FB0C435E791B6E58D670E4145CBC84EA4CB6773EE4440FC0B8A40	tests/fleet_gate.cpp	UNKNOWN	UNKNOWN	PENDING
005344	tests/fused_qkv_gguf_validation.cpp	.cpp	25	1	493B0BF92174B1FF34C14D049B2266D7F31DDC5580B77D3AD1697C2486F0D0F5	tests/fused_qkv_gguf_validation.cpp	UNKNOWN	UNKNOWN	PENDING
005345	tests/generation_quality_gate.cpp	.cpp	41754	917	7A6A19F08A43426D4E4A3197E349136BD9DE12AF365D81E96BB169E1794563DA	tests/generation_quality_gate.cpp	UNKNOWN	UNKNOWN	PENDING
005346	tests/gguf_link_impl.cpp	.cpp	38	1	DF7EBB8D1C163669E03E433FBC44858622817781C3D921FFC2C62DE0948B3AA7	tests/gguf_link_impl.cpp	UNKNOWN	UNKNOWN	PENDING
005347	tests/gguf_stream_probe.cpp	.cpp	6093	121	725AB0A643B41D1541075CB25B80408EF51260BB52DB56628D9C70ABDB11E0AA	tests/gguf_stream_probe.cpp	UNKNOWN	UNKNOWN	PENDING
005348	tests/hexmag_ide_e2e_cert.cpp	.cpp	43	1	82A60327D5FDF753E30B9457DF31ECADE807041D8A2DF204D1F2D23152F754C5	tests/hexmag_ide_e2e_cert.cpp	UNKNOWN	UNKNOWN	PENDING
005349	tests/hexmag_repeat_tuner_cert.cpp	.cpp	48	1	5E987CA4DAAEE25D1CEEAC2132F4874439A54AE6EB49A73EC952B0151077FFAD	tests/hexmag_repeat_tuner_cert.cpp	UNKNOWN	UNKNOWN	PENDING
005350	tests/hexmag_runtime_controller_cert.cpp	.cpp	54	1	69331B60878571AF3229D14AF90A6088BD56BB8627C94D9068412C61AA756043	tests/hexmag_runtime_controller_cert.cpp	UNKNOWN	UNKNOWN	PENDING
005351	tests/inference_routing_test.cpp	.cpp	24	1	46EBD083829A26079E35F3B811EE8DFF76B240D1747D75BF602A5BFED27178B9	tests/inference_routing_test.cpp	UNKNOWN	UNKNOWN	PENDING
005352	tests/k2_002_tensor_streaming.cpp	.cpp	41	1	21BA3A972E778C7BBEC2DAD0239D2EA35A61A0AD2036A8055AA0351D5E2BCAEA	tests/k2_002_tensor_streaming.cpp	UNKNOWN	UNKNOWN	PENDING
005353	tests/k2_003b_native_gemv_validation.cpp	.cpp	48	1	DF751AEF43721BF4267040A159FD72BF0773BFA5B0C0ED24FE760EAA1AA70890	tests/k2_003b_native_gemv_validation.cpp	UNKNOWN	UNKNOWN	PENDING
005354	tests/k2_003c_single_layer_forward.cpp	.cpp	46	1	AB6028DD46E046C5FA1C46F3A082E44200F027519F7144BFB51A6CB338CEBDB9	tests/k2_003c_single_layer_forward.cpp	UNKNOWN	UNKNOWN	PENDING
005355	tests/k2_003_layer_execution.cpp	.cpp	40	1	CE4B420C19335D3D0882C05ADE4DD5263302433622BBE514BFADB14C058BE067	tests/k2_003_layer_execution.cpp	UNKNOWN	UNKNOWN	PENDING
005356	tests/k2_004_bounded_multi_layer_prefill.cpp	.cpp	52	1	5604CE5F3B03F30746F911772A54B996DBB2FC11714A5BBB69AFF42121944B72	tests/k2_004_bounded_multi_layer_prefill.cpp	UNKNOWN	UNKNOWN	PENDING
005357	tests/k2_004_bounded_prefill.cpp	.cpp	40	1	87481F9E79F06C5B059CD2425AD148D44D4B5CC91D8864A6B036859A84C2CF14	tests/k2_004_bounded_prefill.cpp	UNKNOWN	UNKNOWN	PENDING
005358	tests/k2_005_autoregressive_kv_cache.cpp	.cpp	48	1	7F1A2FC0A4E63DE278D5C251F2F4A4D85D084E5228F1FF8ACBC999CB4C4C7633	tests/k2_005_autoregressive_kv_cache.cpp	UNKNOWN	UNKNOWN	PENDING
005359	tests/k2_006_bounded_token_generation.cpp	.cpp	49	1	CD6456B4E3EDD44AD791DE96EFCEAF343004AC9F1844F65AC87ED26AF6AA5FE4	tests/k2_006_bounded_token_generation.cpp	UNKNOWN	UNKNOWN	PENDING
005360	tests/k2_007a_tokenizer_metadata.cpp	.cpp	44	1	823F4100ACB837B1C8DE072D6ED53DD4BBD3C6705298C71674B496E2212FC5D6	tests/k2_007a_tokenizer_metadata.cpp	UNKNOWN	UNKNOWN	PENDING
005361	tests/k2_007b_projection_logits_interface.cpp	.cpp	53	1	FA9DC14EECF51985AAED6248C51C9F012CACB61F979642B1CFE95D46E2C7A9BE	tests/k2_007b_projection_logits_interface.cpp	UNKNOWN	UNKNOWN	PENDING
005362	tests/k2_007_real_output_projection.cpp	.cpp	47	1	96138A7BB219DFCD41445A5AA608D4E8C13E39DB209F38DEA2099B52F2F2A3E9	tests/k2_007_real_output_projection.cpp	UNKNOWN	UNKNOWN	PENDING
005363	tests/k2_008_end_to_end_semantic_generation.cpp	.cpp	55	1	141F49CEEC259E7DC45109B44334045DD5CE894B084C1EB820406ACDB1E5F145	tests/k2_008_end_to_end_semantic_generation.cpp	UNKNOWN	UNKNOWN	PENDING
005364	tests/k2_009_token_embedding_lookup.cpp	.cpp	47	1	A3F4621E06DF8A95260AAF3097DAA9483ADD8CCCA9D30693643820E08E11A803	tests/k2_009_token_embedding_lookup.cpp	UNKNOWN	UNKNOWN	PENDING
005365	tests/k2_native_smoke_test.cpp	.cpp	38	1	9C9D8EA98DCB038FDE1B39061CF3AF58F9CD45A815B73E8D482269F81E3E275F	tests/k2_native_smoke_test.cpp	UNKNOWN	UNKNOWN	PENDING
005366	tests/k2_runtime_validation.cpp	.cpp	39	1	F98D67FC4F6FE436536D85E066E6D7F39C328B7A77111BAEC45C826DD13CEE16	tests/k2_runtime_validation.cpp	UNKNOWN	UNKNOWN	PENDING
005367	tests/k2_tls_smoke_test.cpp	.cpp	35	1	7F603D1594EC568A6E920CB1EA79A737D2E8FF818842D507D40209C587050C8A	tests/k2_tls_smoke_test.cpp	UNKNOWN	UNKNOWN	PENDING
005368	tests/minimal_1token_profiler.cpp	.cpp	47	1	A1856A3B888EFAF05A6EEC5E840B0F14A3B6A0BE7425E3419A790FDD33B29BDF	tests/minimal_1token_profiler.cpp	UNKNOWN	UNKNOWN	PENDING
005369	tests/nevm_determinism_validation.cpp	.cpp	51	1	8AFD018F284F664464A48EACEB1911927503E2E5BD75082CB6F7AAA56DC4D598	tests/nevm_determinism_validation.cpp	UNKNOWN	UNKNOWN	PENDING
005370	tests/nevm_stress_test.cpp	.cpp	40	1	D2328E6F924B165CD290F631E3E758AA9C95172562254159B78FC38303B8A4E6	tests/nevm_stress_test.cpp	UNKNOWN	UNKNOWN	PENDING
005371	tests/q4k_gemv_bench.cpp	.cpp	38	1	4734638E39EAECDE07A6E072559B6CE1DD594388EA393F3B3781CFE6328830A7	tests/q4k_gemv_bench.cpp	UNKNOWN	UNKNOWN	PENDING
005372	tests/q4k_kernel_parity_test.cpp	.cpp	5193	141	D2A40970B78FBA632BB0F90E78E2CE3F2D0ADB6995F3BC0154B3C18C5D695DB8	tests/q4k_kernel_parity_test.cpp	UNKNOWN	UNKNOWN	PENDING
005373	tests/q4k_vecdot_parity_gate.cpp	.cpp	8001	220	D637BA8E748EA02CE8FF688DF450872A7159F593DF40293081FBE74749402CF8	tests/q4k_vecdot_parity_gate.cpp	UNKNOWN	UNKNOWN	PENDING
005374	tests/q5k_gemv_bench.cpp	.cpp	38	1	DFDBF855B28095477DC0E795EB697E0B149E2593CC45AA50F8A03192B1AFB1AE	tests/q5k_gemv_bench.cpp	UNKNOWN	UNKNOWN	PENDING
005375	tests/q6k_kernel_parity_test.cpp	.cpp	6522	164	D71EF044EBAC988B7A8B82584243015A815CC5499505DFBABC77C2F523B87EC6	tests/q6k_kernel_parity_test.cpp	UNKNOWN	UNKNOWN	PENDING
005376	tests/quick_1layer_profiler.cpp	.cpp	45	1	B4C5912A86C4F886CE1A148F6E6B2B4216A86F29E85712D59D75D62144DD0BFD	tests/quick_1layer_profiler.cpp	UNKNOWN	UNKNOWN	PENDING
005377	tests/qwen2_final_logits_dump.cpp	.cpp	2229	56	7B6D3C7E8E71DF04D1E43906DD24BE65CFB68803829CF1CAB01848E27F53E2CA	tests/qwen2_final_logits_dump.cpp	UNKNOWN	UNKNOWN	PENDING
005378	tests/qwen2_oracle_gate.cpp	.cpp	3020	95	111F19F96940A597FE6EAAE92FCA067873532F7D197E227228026E76BFF88BB0	tests/qwen2_oracle_gate.cpp	UNKNOWN	UNKNOWN	PENDING
005379	tests/qwen2_top10_check.cpp	.cpp	2766	72	A6EACAA34A9C5893FE5CFDF86AFC3CEEFAD6F83C3B1C93B1AED77AD42E482342	tests/qwen2_top10_check.cpp	UNKNOWN	UNKNOWN	PENDING
005380	tests/rawrxd_agentic_e2e_gate.cpp	.cpp	1486	44	D6F3C1399071B93BCED6ED8893D6A853110232FD9416C6D3D617B2C26ABB9EFD	tests/rawrxd_agentic_e2e_gate.cpp	UNKNOWN	UNKNOWN	PENDING
005381	tests/residency_ab_cert.cpp	.cpp	25	1	493B0BF92174B1FF34C14D049B2266D7F31DDC5580B77D3AD1697C2486F0D0F5	tests/residency_ab_cert.cpp	UNKNOWN	UNKNOWN	PENDING
005382	tests/SovereignTest_AntiHallucination.cpp	.cpp	24	1	46EBD083829A26079E35F3B811EE8DFF76B240D1747D75BF602A5BFED27178B9	tests/SovereignTest_AntiHallucination.cpp	UNKNOWN	UNKNOWN	PENDING
005383	tests/SovereignTest_AtomicRollback.cpp	.cpp	24	1	46EBD083829A26079E35F3B811EE8DFF76B240D1747D75BF602A5BFED27178B9	tests/SovereignTest_AtomicRollback.cpp	UNKNOWN	UNKNOWN	PENDING
005384	tests/SovereignTest_AutonomousAgent.cpp	.cpp	24	1	46EBD083829A26079E35F3B811EE8DFF76B240D1747D75BF602A5BFED27178B9	tests/SovereignTest_AutonomousAgent.cpp	UNKNOWN	UNKNOWN	PENDING
005385	tests/SovereignTest_CacheCoherency.cpp	.cpp	24	1	46EBD083829A26079E35F3B811EE8DFF76B240D1747D75BF602A5BFED27178B9	tests/SovereignTest_CacheCoherency.cpp	UNKNOWN	UNKNOWN	PENDING
005386	tests/SovereignTest_Correctness.cpp	.cpp	24	1	46EBD083829A26079E35F3B811EE8DFF76B240D1747D75BF602A5BFED27178B9	tests/SovereignTest_Correctness.cpp	UNKNOWN	UNKNOWN	PENDING
005387	tests/SovereignTest_Deep2_Batch.cpp	.cpp	24	1	46EBD083829A26079E35F3B811EE8DFF76B240D1747D75BF602A5BFED27178B9	tests/SovereignTest_Deep2_Batch.cpp	UNKNOWN	UNKNOWN	PENDING
005388	tests/SovereignTest_HotPatcher.cpp	.cpp	24	1	46EBD083829A26079E35F3B811EE8DFF76B240D1747D75BF602A5BFED27178B9	tests/SovereignTest_HotPatcher.cpp	UNKNOWN	UNKNOWN	PENDING
005389	tests/SovereignTest_Main.cpp	.cpp	24	1	46EBD083829A26079E35F3B811EE8DFF76B240D1747D75BF602A5BFED27178B9	tests/SovereignTest_Main.cpp	UNKNOWN	UNKNOWN	PENDING
005390	tests/SovereignTest_PatchRegistry.cpp	.cpp	24	1	46EBD083829A26079E35F3B811EE8DFF76B240D1747D75BF602A5BFED27178B9	tests/SovereignTest_PatchRegistry.cpp	UNKNOWN	UNKNOWN	PENDING
005391	tests/SovereignTest_VAL038_E2E.cpp	.cpp	24	1	46EBD083829A26079E35F3B811EE8DFF76B240D1747D75BF602A5BFED27178B9	tests/SovereignTest_VAL038_E2E.cpp	UNKNOWN	UNKNOWN	PENDING
005392	tests/SwarmSmokeTest.cpp	.cpp	24	1	46EBD083829A26079E35F3B811EE8DFF76B240D1747D75BF602A5BFED27178B9	tests/SwarmSmokeTest.cpp	UNKNOWN	UNKNOWN	PENDING
005393	tests/swarm_smoke_stubs.cpp	.cpp	24	1	46EBD083829A26079E35F3B811EE8DFF76B240D1747D75BF602A5BFED27178B9	tests/swarm_smoke_stubs.cpp	UNKNOWN	UNKNOWN	PENDING
005394	tests/test_autonomous_pipeline.cpp	.cpp	48	1	1F020CC0C4DD2F088B68DE3D77879F6C5E51940FE8A563007595724A6C5A22DA	tests/test_autonomous_pipeline.cpp	UNKNOWN	UNKNOWN	PENDING
005395	tests/test_deep2_production.cpp	.cpp	45	1	1385161ADEBCC6798F9D9BA2E3B3C47A9AE3C0C94443E8A9FE2BB640C18D6254	tests/test_deep2_production.cpp	UNKNOWN	UNKNOWN	PENDING
005396	tests/test_device_fault_recovery.cpp	.cpp	3931	97	A4005C26FC57CC7CA97C4D497C2AECDE98F03AA5A46F29CA50B7666A18B68FA2	tests/test_device_fault_recovery.cpp	UNKNOWN	UNKNOWN	PENDING
005397	tests/test_embed_parity.cpp	.cpp	10498	276	1AEF68DF1ADFF5186E78BB61FA17FCB56FF40B10D8BB2CA13BB4E15F8A08414B	tests/test_embed_parity.cpp	UNKNOWN	UNKNOWN	PENDING
005398	tests/test_generation.cpp	.cpp	33	1	BDF608D4B7D8C17ABFA32E3E9168C7678108ADF94DBA2218002A62745AA8940A	tests/test_generation.cpp	UNKNOWN	UNKNOWN	PENDING
005399	tests/test_gguf_metadata_bounds.cpp	.cpp	25	1	493B0BF92174B1FF34C14D049B2266D7F31DDC5580B77D3AD1697C2486F0D0F5	tests/test_gguf_metadata_bounds.cpp	UNKNOWN	UNKNOWN	PENDING
005400	tests/test_gguf_tensor_bounds.cpp	.cpp	25	1	493B0BF92174B1FF34C14D049B2266D7F31DDC5580B77D3AD1697C2486F0D0F5	tests/test_gguf_tensor_bounds.cpp	UNKNOWN	UNKNOWN	PENDING
005401	tests/test_gguf_tokenizer_bounds.cpp	.cpp	25	1	493B0BF92174B1FF34C14D049B2266D7F31DDC5580B77D3AD1697C2486F0D0F5	tests/test_gguf_tokenizer_bounds.cpp	UNKNOWN	UNKNOWN	PENDING
005402	tests/test_llama_native.cpp	.cpp	35	1	26AB07E9A2F19F98FBEFDF9E0A26CAAD171AB965750124554682C247DDC1A932	tests/test_llama_native.cpp	UNKNOWN	UNKNOWN	PENDING
005403	tests/test_omega1_bridge.cpp	.cpp	25	1	493B0BF92174B1FF34C14D049B2266D7F31DDC5580B77D3AD1697C2486F0D0F5	tests/test_omega1_bridge.cpp	UNKNOWN	UNKNOWN	PENDING
005404	tests/test_parseheader_bounds.cpp	.cpp	25	1	493B0BF92174B1FF34C14D049B2266D7F31DDC5580B77D3AD1697C2486F0D0F5	tests/test_parseheader_bounds.cpp	UNKNOWN	UNKNOWN	PENDING
005405	tests/test_parseheader_fuzz.cpp	.cpp	25	1	493B0BF92174B1FF34C14D049B2266D7F31DDC5580B77D3AD1697C2486F0D0F5	tests/test_parseheader_fuzz.cpp	UNKNOWN	UNKNOWN	PENDING
005406	tests/test_q4k_decoder.cpp	.cpp	34	1	46559FB64E2FF3E7CEF905F10D7956EEEB2CE1EEBB24E63A2A2D0F3632F7A1C2	tests/test_q4k_decoder.cpp	UNKNOWN	UNKNOWN	PENDING
005407	tests/test_q4_asm_debug.cpp	.cpp	41	1	0BEFB34F22FEC6B6870D6417748D5064F04C8136ECD54CCB90315C2C625BC0F5	tests/test_q4_asm_debug.cpp	UNKNOWN	UNKNOWN	PENDING
005408	tests/test_q4_cache_alignment.cpp	.cpp	47	1	246D0DA11728454BADFBEB2F7AE537E6A4F3E5457CEA053D96FBA2A69BCBDF67	tests/test_q4_cache_alignment.cpp	UNKNOWN	UNKNOWN	PENDING
005409	tests/test_q4_fused_pipeline.cpp	.cpp	46	1	D3E7315AB757FCE02137A3D80D8283C87053D5811918109973785ED68A0F37F0	tests/test_q4_fused_pipeline.cpp	UNKNOWN	UNKNOWN	PENDING
005410	tests/test_q4_scalar_simd.cpp	.cpp	43	1	FFD4788B5E913B16ACF83E9E7C8E306726E99975297345313BD2E2350D519E08	tests/test_q4_scalar_simd.cpp	UNKNOWN	UNKNOWN	PENDING
005411	tests/test_q6k_asm_certification.cpp	.cpp	44	1	32B0D03DBCEC3B0B311877A1A631BD980EF37980FCA2B91C56D3EAA52EB012ED	tests/test_q6k_asm_certification.cpp	UNKNOWN	UNKNOWN	PENDING
005412	tests/test_quant_dequant_crosscheck.cpp	.cpp	47	1	1862A67D96C78F61086DF1FFC53D8478203B2D66278CB4493CDF1BA2253A7B54	tests/test_quant_dequant_crosscheck.cpp	UNKNOWN	UNKNOWN	PENDING
005413	tests/test_receipt_immutability.cpp	.cpp	15322	348	EF13803AAB6B41A725C3EF0FF714B82F8310A7DA126E9C0E7279821B01C9FD7C	tests/test_receipt_immutability.cpp	UNKNOWN	UNKNOWN	PENDING
005414	tests/test_single_writer_authority.cpp	.cpp	18675	445	4BA5993FDEC32D3EC6BC90EEA66F81D74E9A9AE0DC92C85F1EA8DA035C245CA0	tests/test_single_writer_authority.cpp	UNKNOWN	UNKNOWN	PENDING
005415	tests/tok_probe.cpp	.cpp	1586	41	5CAF6DFE860A318AFCC98A0D3F45767CF90A6E6C6E8095A602C52E6C82A74C88	tests/tok_probe.cpp	UNKNOWN	UNKNOWN	PENDING
005416	tests/validate_end_to_end.cpp	.cpp	43	1	CBC69447EE73680829381E64B13AD5CEFA8FDD593F0598A5DB93777AEE973EE0	tests/validate_end_to_end.cpp	UNKNOWN	UNKNOWN	PENDING
005417	tests/validate_val051_evidence.cpp	.cpp	25	1	493B0BF92174B1FF34C14D049B2266D7F31DDC5580B77D3AD1697C2486F0D0F5	tests/validate_val051_evidence.cpp	UNKNOWN	UNKNOWN	PENDING
005418	tests/val_051_2_a_real_token.cpp	.cpp	25	1	493B0BF92174B1FF34C14D049B2266D7F31DDC5580B77D3AD1697C2486F0D0F5	tests/val_051_2_a_real_token.cpp	UNKNOWN	UNKNOWN	PENDING
005419	tests/val_051_5_32_token_kv_stability.cpp	.cpp	25	1	493B0BF92174B1FF34C14D049B2266D7F31DDC5580B77D3AD1697C2486F0D0F5	tests/val_051_5_32_token_kv_stability.cpp	UNKNOWN	UNKNOWN	PENDING
005420	tests/val_051_5_bp16_bench.cpp	.cpp	44	1	3FA1BF1D1B7968A261A126034EE1140545F5A324CF1CF719E6858DB0EF1109BD	tests/val_051_5_bp16_bench.cpp	UNKNOWN	UNKNOWN	PENDING
005421	tests/val_051_5_bp16_compare.cpp	.cpp	46	1	D6A82B44EF84C02EFD8E9E20C297610B055AAC4E966FB5F3E75A2882965BC5B2	tests/val_051_5_bp16_compare.cpp	UNKNOWN	UNKNOWN	PENDING
005422	tests/val_051_5_bp16_diag.cpp	.cpp	43	1	1F9225849A68B7F15AE0E9A0E90DE5A31849E504AB423F07DA2AD8AA063630F9	tests/val_051_5_bp16_diag.cpp	UNKNOWN	UNKNOWN	PENDING
005423	tests/val_051_5_bp16_e2e.cpp	.cpp	42	1	7BAFF627886BB7B5172BC1038D430D81CA078EBE94A6D9A17693C82F5E60281B	tests/val_051_5_bp16_e2e.cpp	UNKNOWN	UNKNOWN	PENDING
005424	tests/val_051_5_bp16_loadbench.cpp	.cpp	48	1	1151329DD66EEF99CA96C5C7556545CD13CEAFEE4C6321C2CD5BE43416302416	tests/val_051_5_bp16_loadbench.cpp	UNKNOWN	UNKNOWN	PENDING
005425	tests/val_051_5_bp16_logits.cpp	.cpp	45	1	4F07E372DFE011EB63F0CDA885897DA374DB3C952C831AB44E6E51FB8EF7BAF0	tests/val_051_5_bp16_logits.cpp	UNKNOWN	UNKNOWN	PENDING
005426	tests/val_051_5_bp16_streamer.cpp	.cpp	47	1	7943EE56ED9E963AFD37CC4C0C7685916C320F354E0EBD07C82ABFD89DD46CC5	tests/val_051_5_bp16_streamer.cpp	UNKNOWN	UNKNOWN	PENDING
005427	tests/val_051_5_bp16_verify.cpp	.cpp	45	1	DBB36B3B10F7FC99BB9C1F74FEA7261AD0236AF45345F00E947E673E36818B04	tests/val_051_5_bp16_verify.cpp	UNKNOWN	UNKNOWN	PENDING
005428	tests/val_051_5_bp16_weights.cpp	.cpp	46	1	5A6FB3C5B47711C9225AB54027912503CC7880E9F2DB580779E272D319A22822	tests/val_051_5_bp16_weights.cpp	UNKNOWN	UNKNOWN	PENDING
005429	tests/val_051_5_diag_1_token.cpp	.cpp	46	1	A6308226D522597F030DDB861D43BD2BB4F04D88D3986BD6935D445369AA4827	tests/val_051_5_diag_1_token.cpp	UNKNOWN	UNKNOWN	PENDING
005430	tests/val_051_5_fifteen_token.cpp	.cpp	47	1	02806F579E9D4719A9EA9B0F601970B388B44F41301FCAFB98DA42BA254DED42	tests/val_051_5_fifteen_token.cpp	UNKNOWN	UNKNOWN	PENDING
005431	tests/val_051_5_q2k_gemv_bench.cpp	.cpp	48	1	16D73F7054B12E69ECF98EB55C28DE5312BDC5D8EFE62929FF4F67717BDD2B56	tests/val_051_5_q2k_gemv_bench.cpp	UNKNOWN	UNKNOWN	PENDING
005432	tests/val_051_5_q2k_gemv_verify.cpp	.cpp	49	1	83AB0295AED9D0A130952ED44BD11F46B0DE0B5574089FEAE5D305D1F8A05DA7	tests/val_051_5_q2k_gemv_verify.cpp	UNKNOWN	UNKNOWN	PENDING
005433	tests/val_051_5_q2k_profile.cpp	.cpp	45	1	A4019135310823A873A7F7B41AF69A5388DFA51019A7871F76B2FF2FD106CD10	tests/val_051_5_q2k_profile.cpp	UNKNOWN	UNKNOWN	PENDING
005434	tests/val_051_5_q4k_fused_verify.cpp	.cpp	50	1	1A8DC307F3D2C63A98F027DDB0AC1FAAEB896F85CC53043F096FFF9BCDBD1979	tests/val_051_5_q4k_fused_verify.cpp	UNKNOWN	UNKNOWN	PENDING
005435	tests/val_051_5_q4k_gemv_bench.cpp	.cpp	48	1	81D4C2C086CD33D6CC94B521C483113AF07E1B2031188BBB480E09DDD0EE4D47	tests/val_051_5_q4k_gemv_bench.cpp	UNKNOWN	UNKNOWN	PENDING
005436	tests/val_051_5_q5k_forward_bench.cpp	.cpp	51	1	CB26967525CB013BB30F37CDF96F6C999479EC1C2BA450F356775905A5643466	tests/val_051_5_q5k_forward_bench.cpp	UNKNOWN	UNKNOWN	PENDING
005437	tests/val_051_5_q5k_gemv_bench.cpp	.cpp	48	1	4766DB696858C81F941813167D3D1970AF86FF5229FF77136B869D85E5E2B338	tests/val_051_5_q5k_gemv_bench.cpp	UNKNOWN	UNKNOWN	PENDING
005438	tests/val_051_5_q5k_gemv_verify.cpp	.cpp	49	1	10EBC48372FC86AD27A83E644C29874A5C667D3F8E4869AA10E1D011E2391CF8	tests/val_051_5_q5k_gemv_verify.cpp	UNKNOWN	UNKNOWN	PENDING
005439	tests/val_051_5_q6k_synthetic.cpp	.cpp	47	1	4272055726C82C645F612EF2ACFC9A0309B3429897C4B6CDA4AE66D073A7B10D	tests/val_051_5_q6k_synthetic.cpp	UNKNOWN	UNKNOWN	PENDING
005440	tests/val_051_6_15_token_kv.cpp	.cpp	25	1	493B0BF92174B1FF34C14D049B2266D7F31DDC5580B77D3AD1697C2486F0D0F5	tests/val_051_6_15_token_kv.cpp	UNKNOWN	UNKNOWN	PENDING
005441	tests/val_051_6_bp16_perf.cpp	.cpp	43	1	D4E88F54028747B750813A462FDBC2FCDB6A92E06F57A0AE9A2FCFA72ECE2288	tests/val_051_6_bp16_perf.cpp	UNKNOWN	UNKNOWN	PENDING
005442	tests/val_051_7_bp16_lightweight_profile.cpp	.cpp	58	1	92AD8A70A686BA4BDCBF1CD236F47E65CE19F3BC97833E6AF2E7E2D9A537B84F	tests/val_051_7_bp16_lightweight_profile.cpp	UNKNOWN	UNKNOWN	PENDING
005443	tests/val_051_7_bp16_profile.cpp	.cpp	46	1	E7E42737FF21800D6830794AE5C01C4CD9CD1ED31005A0FEA4BF3DCB93214884	tests/val_051_7_bp16_profile.cpp	UNKNOWN	UNKNOWN	PENDING
005444	tests/val_051_7_residency_baseline.cpp	.cpp	52	1	F318A35318D1F1DDD8122CC398035CB0D675F33A8325CCDCA8F295392FFC7586	tests/val_051_7_residency_baseline.cpp	UNKNOWN	UNKNOWN	PENDING
005445	tests/val_051_7_residency_baseline_fixture.cpp	.cpp	25	1	493B0BF92174B1FF34C14D049B2266D7F31DDC5580B77D3AD1697C2486F0D0F5	tests/val_051_7_residency_baseline_fixture.cpp	UNKNOWN	UNKNOWN	PENDING
005446	tests/val_051_8_layer_profile.cpp	.cpp	47	1	A4C9665FC1480DC579FCAE50896546B781972A5A8E801BDDE05334B0E397F353	tests/val_051_8_layer_profile.cpp	UNKNOWN	UNKNOWN	PENDING
005447	tests/val_051_8_linearw_thread_scaling.cpp	.cpp	56	1	46FC1A33A30005F2368E0343572D01021C77AEFDAE6815C0F1942B28D1C147BA	tests/val_051_8_linearw_thread_scaling.cpp	UNKNOWN	UNKNOWN	PENDING
005448	tests/val_bp16_int_1_token.cpp	.cpp	44	1	7BFAAD771029AB034E7E8C1E79B32F5498CB8B6E289A76D07C640CACFE567BD8	tests/val_bp16_int_1_token.cpp	UNKNOWN	UNKNOWN	PENDING
005449	tests/vulkan_compute_diagnostic.cpp	.cpp	25	1	493B0BF92174B1FF34C14D049B2266D7F31DDC5580B77D3AD1697C2486F0D0F5	tests/vulkan_compute_diagnostic.cpp	UNKNOWN	UNKNOWN	PENDING
005450	tests/vulkan_gemm_test.cpp	.cpp	25	1	493B0BF92174B1FF34C14D049B2266D7F31DDC5580B77D3AD1697C2486F0D0F5	tests/vulkan_gemm_test.cpp	UNKNOWN	UNKNOWN	PENDING
005451	tests/vulkan_gemv_isolated_test.cpp	.cpp	25	1	493B0BF92174B1FF34C14D049B2266D7F31DDC5580B77D3AD1697C2486F0D0F5	tests/vulkan_gemv_isolated_test.cpp	UNKNOWN	UNKNOWN	PENDING
005452	tests/vulkan_real_gemm_test.cpp	.cpp	25	1	493B0BF92174B1FF34C14D049B2266D7F31DDC5580B77D3AD1697C2486F0D0F5	tests/vulkan_real_gemm_test.cpp	UNKNOWN	UNKNOWN	PENDING
005453	tests/vulkan_tensor_upload_test.cpp	.cpp	25	1	493B0BF92174B1FF34C14D049B2266D7F31DDC5580B77D3AD1697C2486F0D0F5	tests/vulkan_tensor_upload_test.cpp	UNKNOWN	UNKNOWN	PENDING
005454	tests/vulkan_transformer_gemm_test.cpp	.cpp	25	1	493B0BF92174B1FF34C14D049B2266D7F31DDC5580B77D3AD1697C2486F0D0F5	tests/vulkan_transformer_gemm_test.cpp	UNKNOWN	UNKNOWN	PENDING
005455	tests/w9_gpu_vulkan_correctness_gate.cpp	.cpp	5031	151	7059FCDD35D3CB0B696DFE3A5A5D943AB56FE9B7872020798D0D421E56B6BF7B	tests/w9_gpu_vulkan_correctness_gate.cpp	UNKNOWN	UNKNOWN	PENDING
005456	tests/autonomy/recovery/GoldenRecoveryTests.cpp	.cpp	61	1	D8ACA865E292F35A8CA5153FE2831CA70B8889BAE9504F8C9B88E07CCE20DDA5	tests/autonomy	UNKNOWN	UNKNOWN	PENDING
005457	tests/b005/b005_canonical_model_certification.cpp	.cpp	28	1	1FE00CCEFE9D804F0D84DC0B8EB7DC20643F24A44B7B03561D6031D98E190015	tests/b005	UNKNOWN	UNKNOWN	PENDING
005458	tests/b006/b006_kv_cache_verification.cpp	.cpp	28	1	1FE00CCEFE9D804F0D84DC0B8EB7DC20643F24A44B7B03561D6031D98E190015	tests/b006	UNKNOWN	UNKNOWN	PENDING
005459	tests/b007/b007_performance_baseline.cpp	.cpp	28	1	1FE00CCEFE9D804F0D84DC0B8EB7DC20643F24A44B7B03561D6031D98E190015	tests/b007	UNKNOWN	UNKNOWN	PENDING
005460	tests/b008/b008_ci_integration.cpp	.cpp	28	1	1FE00CCEFE9D804F0D84DC0B8EB7DC20643F24A44B7B03561D6031D98E190015	tests/b008	UNKNOWN	UNKNOWN	PENDING
005461	tests/b009/b009a_fast_validation.cpp	.cpp	28	1	1FE00CCEFE9D804F0D84DC0B8EB7DC20643F24A44B7B03561D6031D98E190015	tests/b009	UNKNOWN	UNKNOWN	PENDING
005462	tests/b009/b009b_batched_gemm.cpp	.cpp	28	1	1FE00CCEFE9D804F0D84DC0B8EB7DC20643F24A44B7B03561D6031D98E190015	tests/b009	UNKNOWN	UNKNOWN	PENDING
005463	tests/b009/b009_batched_prefill_certification.cpp	.cpp	28	1	1FE00CCEFE9D804F0D84DC0B8EB7DC20643F24A44B7B03561D6031D98E190015	tests/b009	UNKNOWN	UNKNOWN	PENDING
005464	tests/b009/b009_t128_certification.cpp	.cpp	28	1	1FE00CCEFE9D804F0D84DC0B8EB7DC20643F24A44B7B03561D6031D98E190015	tests/b009	UNKNOWN	UNKNOWN	PENDING
005465	tests/b009/b009_t128_instrumented.cpp	.cpp	28	1	1FE00CCEFE9D804F0D84DC0B8EB7DC20643F24A44B7B03561D6031D98E190015	tests/b009	UNKNOWN	UNKNOWN	PENDING
005466	tests/b010/b010_weight_residency_profile.cpp	.cpp	24	1	46EBD083829A26079E35F3B811EE8DFF76B240D1747D75BF602A5BFED27178B9	tests/b010	UNKNOWN	UNKNOWN	PENDING
005467	tests/b011/b011_weight_residency_optimization.cpp	.cpp	28	1	1FE00CCEFE9D804F0D84DC0B8EB7DC20643F24A44B7B03561D6031D98E190015	tests/b011	UNKNOWN	UNKNOWN	PENDING
005468	tests/b015/b015_pool_direct_test.cpp	.cpp	28	1	1FE00CCEFE9D804F0D84DC0B8EB7DC20643F24A44B7B03561D6031D98E190015	tests/b015	UNKNOWN	UNKNOWN	PENDING
005469	tests/b015/b015_pool_microbench.cpp	.cpp	7523	186	149FC9F8BDF24DA218E1638C2E060C48DBFA39977B4CABE43C8A6B9ABE251F72	tests/b015	UNKNOWN	UNKNOWN	PENDING
005470	tests/b015/b015_residency_validation.cpp	.cpp	28	1	1FE00CCEFE9D804F0D84DC0B8EB7DC20643F24A44B7B03561D6031D98E190015	tests/b015	UNKNOWN	UNKNOWN	PENDING
005471	tests/b016/b016_gemm_efficiency_probe.cpp	.cpp	28	1	1FE00CCEFE9D804F0D84DC0B8EB7DC20643F24A44B7B03561D6031D98E190015	tests/b016	UNKNOWN	UNKNOWN	PENDING
005472	tests/deep2/BP16Streamer_test.cpp	.cpp	6009	186	B8E448AD847E8101F3F53713E8296FC4DD4D477BD8467FEE6E6B6C06ED933418	tests/deep2	UNKNOWN	UNKNOWN	PENDING
005473	tests/deep2/CompressedKVCache_test.cpp	.cpp	5317	148	6F81CFB20416D41AB07E6F0DCC722E272D2B82A95A4186F2B810E0F132A707F7	tests/deep2	UNKNOWN	UNKNOWN	PENDING
005474	tests/deep2/DualGpuIndependentAgentSchedulerSelfTest.cpp	.cpp	1968	58	2699C7D8C41640EB4CA83495AF5CE6A72758DDE77AD78D2F6687E2FC44FE1B97	tests/deep2	UNKNOWN	UNKNOWN	PENDING
005475	tests/deep2/FleetSpecialGraphExecutorSelfTest.cpp	.cpp	972	28	6B4A21BE2445416DD3D651D1B3E4C2043BF874318C947D84DE3020235AFD373C	tests/deep2	UNKNOWN	UNKNOWN	PENDING
005476	tests/deep2/FleetSpecialGraphSelfTest.cpp	.cpp	1415	36	6D7A19AD70662BC4A2F392DDF74328FA369964DAB281DDB9822549E5BB1AE5EA	tests/deep2	UNKNOWN	UNKNOWN	PENDING
005477	tests/deep2/HexMagResidencyAuthoritySelfTest.cpp	.cpp	1499	34	E329802C17B2066701D142C9D53F75321A4A9D11218086BAFC6D20FDC2781094	tests/deep2	UNKNOWN	UNKNOWN	PENDING
005478	tests/deep2/MARSController_test.cpp	.cpp	5568	157	FDC06DB94A18D026D1F83487527CA09554CE651FACEA0096592740A10F7F7327	tests/deep2	UNKNOWN	UNKNOWN	PENDING
005479	tests/deep2/MultiAgentMergeAuthoritySelfTest.cpp	.cpp	1487	42	85F9F21055D376D7F33DD72645E01D16ED0C022D67E98656BE85F26297A64427	tests/deep2	UNKNOWN	UNKNOWN	PENDING
005480	tests/deep2/NVMeStream_test.cpp	.cpp	4737	170	48DBEF407D2AEBAE9B784CC1D8DEE68537969A5F06AFA9F2B83AB4AF94154BD2	tests/deep2	UNKNOWN	UNKNOWN	PENDING
005481	tests/deep2/ProductionProfiler_test.cpp	.cpp	5082	158	6D3AFCFE168ED19051453C8CC98F83B427039FE5489EC12FC0B091F139B0DAA5	tests/deep2	UNKNOWN	UNKNOWN	PENDING
005482	tests/deep2/ScreenPilotToolAuthorityBridgeSelfTest.cpp	.cpp	1702	41	E718369B79E7990A2C0557011147E81543D7C3D6314F5DCA76A59D4C1C20C6F4	tests/deep2	UNKNOWN	UNKNOWN	PENDING
005483	tests/deep2/SpeculativeGraphSelfTest.cpp	.cpp	3569	129	97AF302EBD6BBF14DA5284192137414C535EDBCB8002F92BBEF894E96CC1433E	tests/deep2	UNKNOWN	UNKNOWN	PENDING
005484	tests/deep2/SpeculativeInfrastructureSelfTest.cpp	.cpp	3011	96	923C6AAB38D0C429A936731C7A1A130E1135BE45BE6FB8E8C2357B65F11716CA	tests/deep2	UNKNOWN	UNKNOWN	PENDING
005485	tests/deep2/test_layer0_final_evidence.cpp	.cpp	16366	363	F9711361FB62F8085FE1FCBFD433E3AFE5D1D1070AFA40A593EFA4371F75EFC4	tests/deep2	UNKNOWN	UNKNOWN	PENDING
005486	tests/deep2/test_layer0_providers.cpp	.cpp	7094	203	E61B7E041C49ACA9090E2D31B8ADCD4CFE77DD43D9342ED59FD4A20B9141CAF5	tests/deep2	UNKNOWN	UNKNOWN	PENDING
005487	tests/deep2/_build_bp16_test.bat	.bat	323	3	97AE659FA47D84D275D6985908663713493F9D33BF64C153DD8E986EA69CD613	tests/deep2	UNKNOWN	UNKNOWN	PENDING
005488	tests/deep2/_build_kv_test.bat	.bat	338	3	2B915CD2F2C42E6532FB4C193E294F144A48426C516097DB2A82E84F1DAB3E81	tests/deep2	UNKNOWN	UNKNOWN	PENDING
005489	tests/deep2/_build_mars_test.bat	.bat	334	3	D0A4E11C7A800C1F6E8050E2A597B9D31D40058057D4E760ED1D241FB21EE501	tests/deep2	UNKNOWN	UNKNOWN	PENDING
005490	tests/deep2/_build_nvme_test.bat	.bat	317	3	1C34823BF1C37098AFFD80B9CD1E0A2FB2D67E171C75884ACFF5D722166031EA	tests/deep2	UNKNOWN	UNKNOWN	PENDING
005491	tests/deep2/_build_pp_test.bat	.bat	341	3	73180277D81A46888BB86FE604579D942254F9FB07DB8711D9D8E390AFB65B82	tests/deep2	UNKNOWN	UNKNOWN	PENDING
005492	tests/fixtures/deep2/AgentToolRegistry.hpp	.hpp	1979	52	A43E277C5575FEE6342ED758892666223237FE5D95496F7609D976FB948BE922	tests/fixtures	UNKNOWN	UNKNOWN	PENDING
005493	tests/fixtures/screenpilot/rawrxd_screenpilot_agent_v2.h	.h	1055	28	C5E7764FE4F544B2BBCA33743900F70B75C931DE2D9C5E426EF068EA597E5F5F	tests/fixtures	UNKNOWN	UNKNOWN	PENDING
005494	tools/arena_streamer_experiment.cpp	.cpp	23580	577	8EB4144324B3F9B2A418BB4D9B44D3A383E36A34FF8427F666F2935D379B9C3A	tools/arena_streamer_experiment.cpp	UNKNOWN	UNKNOWN	PENDING
005495	tools/attn_ctx2_classify.ps1	.ps1	14313	322	D867FBB1DF90E9596F18EBC28F28DF4B0271574C4B28857E002B6AD3477175EB	tools/attn_ctx2_classify.ps1	UNKNOWN	UNKNOWN	PENDING
005496	tools/attn_visibility_analyze.ps1	.ps1	7950	165	53315686DB2C9BC451A6A1C64D9B44364782990E838DF8199FED5800D6C4033F	tools/attn_visibility_analyze.ps1	UNKNOWN	UNKNOWN	PENDING
005497	tools/audit_agent_mode_honesty.ps1	.ps1	3777	87	B2F657D2428399862DE6ECD30E74572E10CEFA56D2717A993616EB62ADA0B50A	tools/audit_agent_mode_honesty.ps1	UNKNOWN	UNKNOWN	PENDING
005498	tools/audit_compute_build_inclusion.ps1	.ps1	3280	83	18D9EAC3A3E8D0E6CD8B93D5D6DA1B7510C6BEA891B50F933960470413FD35EA	tools/audit_compute_build_inclusion.ps1	UNKNOWN	UNKNOWN	PENDING
005499	tools/audit_compute_dictionary.ps1	.ps1	2261	52	9A8899A3958BB4C81A4D35FE4A6735A5F4F0291F315848C1161FA37241C9F5BA	tools/audit_compute_dictionary.ps1	UNKNOWN	UNKNOWN	PENDING
005500	tools/audit_compute_trace_policy.ps1	.ps1	3212	92	D9C828F12A1F844D9A6700E760143C1F26C75288576C202CE2E92DCC694BBA6C	tools/audit_compute_trace_policy.ps1	UNKNOWN	UNKNOWN	PENDING
005501	tools/audit_trace_policy.ps1	.ps1	2493	89	06EEAB5AE60C29518BC66EBB74CC0B5002D98E75BA9F2E429F7337712CF18BC9	tools/audit_trace_policy.ps1	UNKNOWN	UNKNOWN	PENDING
005502	tools/authority_census.ps1	.ps1	13391	297	9E0F369D7AB06D90412F111BF2C5C7ACD759B45B96238DEB2392367FDB6490F5	tools/authority_census.ps1	UNKNOWN	UNKNOWN	PENDING
005503	tools/b3_continuation_test.bat	.bat	629	17	C1E57707B6E755D45548F9CB826AB271BEE3F7B353DE274FC24729B7B1621D67	tools/b3_continuation_test.bat	UNKNOWN	UNKNOWN	PENDING
005504	tools/b3_continuation_test.cpp	.cpp	10501	240	08839F7F1F498F64AC6BC9BA848F6D5067949D908502615EC567188800AAA86F	tools/b3_continuation_test.cpp	UNKNOWN	UNKNOWN	PENDING
005505	tools/BeaconModelServer.cpp	.cpp	17530	370	A48360F3E2E746A506C9C783D111E88E854D6201CD70933AA9982961991BEC81	tools/BeaconModelServer.cpp	UNKNOWN	UNKNOWN	PENDING
005506	tools/BeaconResidency.cpp	.cpp	12722	262	A05FB276F2E7D10B6238761CBCE75C312DAED5104E40F3122A3A602F53C2F1FC	tools/BeaconResidency.cpp	UNKNOWN	UNKNOWN	PENDING
005507	tools/BeaconWindowed.cpp	.cpp	11994	252	EB04403430E3D7FB434788CD4FA7C336742A9BD49D5DB92D1FBD00F9F207ACA4	tools/BeaconWindowed.cpp	UNKNOWN	UNKNOWN	PENDING
005508	tools/build_regime_sweep.ps1	.ps1	7639	169	C1788F961D8D9DD3A96509E9471AB6AFD39F364189C546DE4F3F02D4B51B3C9D	tools/build_regime_sweep.ps1	UNKNOWN	UNKNOWN	PENDING
005509	tools/cert_git_transaction_authority.ps1	.ps1	11072	208	07327B49FB8024BE3305D02D5A71848733923470ADBF9D59127269AA7407C21F	tools/cert_git_transaction_authority.ps1	UNKNOWN	UNKNOWN	PENDING
005510	tools/cert_journal_closure_probe.ps1	.ps1	9213	182	72DD77AAEE927B47081EAF08D3190B80ED54A11749A939103360B59EBD66AA82	tools/cert_journal_closure_probe.ps1	UNKNOWN	UNKNOWN	PENDING
005511	tools/cert_tool_sandbox_matrix.ps1	.ps1	14566	263	652E818159D8F5A546167B91DE359C5299209C0D24D714466F2B211BDCB9E005	tools/cert_tool_sandbox_matrix.ps1	UNKNOWN	UNKNOWN	PENDING
005512	tools/cert_write_transactional_profile.ps1	.ps1	24836	494	DE12F825BB14A212D3A1748B0F9237778F6E7DC41528063D5718002884B8A913	tools/cert_write_transactional_profile.ps1	UNKNOWN	UNKNOWN	PENDING
005513	tools/ckpt_journal_closure_probe.cpp	.cpp	9464	211	2A95E1455C7F86642A1D71FD4A10B314881889AB83E74AD35827F9CB942A61CA	tools/ckpt_journal_closure_probe.cpp	UNKNOWN	UNKNOWN	PENDING
005514	tools/ckpt_rollback_crash_cert.cpp	.cpp	21513	513	784FDDFEAF8DA9E90FD7AC2F982338C6E7E754921FCDD102DB1F8231F694104D	tools/ckpt_rollback_crash_cert.cpp	UNKNOWN	UNKNOWN	PENDING
005515	tools/command_authority_census.ps1	.ps1	5935	139	EEBBDCE0A506FBD5651DCAE6C3CDE8929CFA6D7EC42292956C7E67552CB9B2AE	tools/command_authority_census.ps1	UNKNOWN	UNKNOWN	PENDING
005516	tools/command_reachability_census.ps1	.ps1	5155	118	B698B0C1D932629EF142A84DB3C24B8214FEA065AB57E19FE062BDA971C794EA	tools/command_reachability_census.ps1	UNKNOWN	UNKNOWN	PENDING
005517	tools/command_reachability_census2.ps1	.ps1	12997	275	D339779E3D665B025BB45B0BC9FAFE50E85A36724E137014FD7EA1C6A2EE1B41	tools/command_reachability_census2.ps1	UNKNOWN	UNKNOWN	PENDING
005518	tools/command_reachability_census3.ps1	.ps1	10335	222	7DE9D66A415EED1C64A11E10A3623CDC059CCCC68FBF608DAFD32984C31A666A	tools/command_reachability_census3.ps1	UNKNOWN	UNKNOWN	PENDING
005519	tools/command_type_binding_census.ps1	.ps1	5577	116	B9A66ADBA94AF05C7FDC2F16714F9D6ACF36E3F55C3EABBF40BBFB18B103B446	tools/command_type_binding_census.ps1	UNKNOWN	UNKNOWN	PENDING
005520	tools/compare_parity_grid.py	.py	18965	472	5BBBCB8D34354519DC105DFCBA37D7BE89B7DE42EE9C8DD465754A39922C14C6	tools/compare_parity_grid.py	UNKNOWN	UNKNOWN	PENDING
005521	tools/DecodaPlaneInstrument.cpp	.cpp	9540	186	1B3FF0190C60FABA2FD5C26F814DFC47BACC51D1DB8F44F651BAC9C69D71AD86	tools/DecodaPlaneInstrument.cpp	UNKNOWN	UNKNOWN	PENDING
005522	tools/DecodaStream.cpp	.cpp	8087	178	4C01DC370B3731A0C729BE66416B7F3005617628F8F283A53388FD86CF816C98	tools/DecodaStream.cpp	UNKNOWN	UNKNOWN	PENDING
005523	tools/decoda_beacon_x64.asm	.asm	5930	186	B70136880088E12AEA7570C42C5426E9A03603FCEDDBE9BD089CE983223B9A5F	tools/decoda_beacon_x64.asm	UNKNOWN	UNKNOWN	PENDING
005524	tools/decode_step_instrument.cpp	.cpp	9003	226	C062F02714686A4CFB34C27E945F3D37F444A6F2110C83F9961C19F88E597E96	tools/decode_step_instrument.cpp	UNKNOWN	UNKNOWN	PENDING
005525	tools/deep2_bounded_stream_gate.cpp	.cpp	32196	758	CE72111A93677D80AB057FA95B0A4C7DF818CB6E74EC87B7F4FA91102C7A5085	tools/deep2_bounded_stream_gate.cpp	UNKNOWN	UNKNOWN	PENDING
005526	tools/deep2_build_graph_census.ps1	.ps1	2687	69	9C44CCAD93CF60DBE68324B25C559C3CF46B87243B784C9B879EA2C76272173B	tools/deep2_build_graph_census.ps1	UNKNOWN	UNKNOWN	PENDING
005527	tools/deep2_canonical_inference_probe.cpp	.cpp	9927	243	39982E160923DA128DB9C9361A4ED0852BC40CF5786EE4773956666CA4A3308A	tools/deep2_canonical_inference_probe.cpp	UNKNOWN	UNKNOWN	PENDING
005528	tools/deep2_expert_control_plane_cert.cpp	.cpp	18405	387	60A4569F6895E00F5C6B8EE408A94A427170511DA2D2ACCF02916320889806E9	tools/deep2_expert_control_plane_cert.cpp	UNKNOWN	UNKNOWN	PENDING
005529	tools/deep2_generation_lifecycle_test.cpp	.cpp	18455	391	DC82B4CB80FFE55A7CF92C99CE433E760F8574B5372555A1BF61C056C072BAAA	tools/deep2_generation_lifecycle_test.cpp	UNKNOWN	UNKNOWN	PENDING
005530	tools/deep2_loader_admission_probe.cpp	.cpp	3394	81	29E6AF8B502CDC3C557ECF4A84AE76393777842A6C3DA7C00959B27157A7CFE3	tools/deep2_loader_admission_probe.cpp	UNKNOWN	UNKNOWN	PENDING
005531	tools/deep2_model_registry_admission_test.cpp	.cpp	23533	557	998E3AB3BC099BEE5871BEBD961F8FCAE90A52C59AD1C1D9675FEAFEDCD9C8D6	tools/deep2_model_registry_admission_test.cpp	UNKNOWN	UNKNOWN	PENDING
005532	tools/deep2_ssm_norm_layout_gate.cpp	.cpp	10619	229	9DDEB2032D90E86ABC78D7264833723986F33D29237D1C043C0277F72F4EC41F	tools/deep2_ssm_norm_layout_gate.cpp	UNKNOWN	UNKNOWN	PENDING
005533	tools/deep2_streamer_cert.cpp	.cpp	47972	958	397503231B50B300CD34A5A70F4CE51835A7B0BB0AE3092968A27DCAAE0ADACE	tools/deep2_streamer_cert.cpp	UNKNOWN	UNKNOWN	PENDING
005534	tools/deep2_streamer_parity.cpp	.cpp	8902	221	6ABC1937081638AC0C8AA46A154433B26E9641B711F1197861BE92CF78B4D3B2	tools/deep2_streamer_parity.cpp	UNKNOWN	UNKNOWN	PENDING
005535	tools/dumpbin_ide_hang_audit.ps1	.ps1	2203	55	576702C3E36333FB935E3A3FC94C6B2555BBB15F19BD6B534BD8D4C8DE5FD8CC	tools/dumpbin_ide_hang_audit.ps1	UNKNOWN	UNKNOWN	PENDING
005536	tools/EmitEnhancements.cpp	.cpp	9384	191	E2F241D670D3AAD9F15B2E4EE933A2D5E23AE0C7A0EAA5392FF75D367B57FC9B	tools/EmitEnhancements.cpp	UNKNOWN	UNKNOWN	PENDING
005537	tools/EmitProbe.cpp	.cpp	11660	244	46F7F3D7DAEB2394FE98E28BFD2FD5D6D1FE616C2E5721FE2DE4501444D7A4A5	tools/EmitProbe.cpp	UNKNOWN	UNKNOWN	PENDING
005538	tools/ev512_ide_gui_lifecycle_smoke.cpp	.cpp	25	1	493B0BF92174B1FF34C14D049B2266D7F31DDC5580B77D3AD1697C2486F0D0F5	tools/ev512_ide_gui_lifecycle_smoke.cpp	UNKNOWN	UNKNOWN	PENDING
005539	tools/ev512_ide_restore_reload_fault_smoke.cpp	.cpp	25	1	493B0BF92174B1FF34C14D049B2266D7F31DDC5580B77D3AD1697C2486F0D0F5	tools/ev512_ide_restore_reload_fault_smoke.cpp	UNKNOWN	UNKNOWN	PENDING
005540	tools/ev512_ide_workflow_smoke.cpp	.cpp	25	1	493B0BF92174B1FF34C14D049B2266D7F31DDC5580B77D3AD1697C2486F0D0F5	tools/ev512_ide_workflow_smoke.cpp	UNKNOWN	UNKNOWN	PENDING
005541	tools/ev512_ops_remaining_smoke.cpp	.cpp	25	1	493B0BF92174B1FF34C14D049B2266D7F31DDC5580B77D3AD1697C2486F0D0F5	tools/ev512_ops_remaining_smoke.cpp	UNKNOWN	UNKNOWN	PENDING
005542	tools/FakeWorkTaxonomy.cpp	.cpp	5619	111	E6AD6BF77D834FD7C581D0DD936197A7BE3A5D1C6458620717D7B3C3F138735C	tools/FakeWorkTaxonomy.cpp	UNKNOWN	UNKNOWN	PENDING
005543	tools/fwht8_measure.cpp	.cpp	8383	200	AECC1FF4CC11EE6D08D42AB42B10060A0B750047BFCD9168F8232A4B9239032F	tools/fwht8_measure.cpp	UNKNOWN	UNKNOWN	PENDING
005544	tools/gate1_policy_smoke.cpp	.cpp	9662	209	3CCBF9654DB9FAA009D6F406034A13B0B5A1C6C47E3A1AA9D2046090069C15DA	tools/gate1_policy_smoke.cpp	UNKNOWN	UNKNOWN	PENDING
005545	tools/gate1_runtime_smoke.ps1	.ps1	7412	164	3101AC1AE190DF9640FC9330C4D41037AA4DA3F579A1F69E73152610932FEEC3	tools/gate1_runtime_smoke.ps1	UNKNOWN	UNKNOWN	PENDING
005546	tools/generate_runtime_registry.py	.py	13304	358	157A898D4160CB1E968C37DF191655012332E66BA48AD0A680909E9F49E1044B	tools/generate_runtime_registry.py	UNKNOWN	UNKNOWN	PENDING
005547	tools/gguf_inspector.cpp	.cpp	25	1	493B0BF92174B1FF34C14D049B2266D7F31DDC5580B77D3AD1697C2486F0D0F5	tools/gguf_inspector.cpp	UNKNOWN	UNKNOWN	PENDING
005548	tools/gguf_layout_probe.cpp	.cpp	7270	177	0EBAC591A04736FB23EBD4037AB683D0B4817D53C1F3DFA1D51A6FA6E81FAD83	tools/gguf_layout_probe.cpp	UNKNOWN	UNKNOWN	PENDING
005549	tools/gguf_ooc_probe.cpp	.cpp	22453	512	18272C257BEF87C51969284B77FAC096460CB74E0DD0EE4E6E08F58C92C9D14A	tools/gguf_ooc_probe.cpp	UNKNOWN	UNKNOWN	PENDING
005550	tools/git_safety_authority_cert.cpp	.cpp	91617	1843	206A3E373821D3CA78382881B49D87164810719283F86BACC708A745B229749B	tools/git_safety_authority_cert.cpp	UNKNOWN	UNKNOWN	PENDING
005551	tools/git_safety_seal.ps1	.ps1	4402	101	B6E7B7D319D65AE9AA523FAC7F757D674E6982B6D1280038957D6B1CF652A107	tools/git_safety_seal.ps1	UNKNOWN	UNKNOWN	PENDING
005552	tools/git_transaction_gate_driver.cpp	.cpp	29145	550	FE3F715F7AE99C9C2DEFC7BEFCDBB94C9DF85BE12B894C72C110FA8A8692CDAE	tools/git_transaction_gate_driver.cpp	UNKNOWN	UNKNOWN	PENDING
005553	tools/iq_table_extract.ps1	.ps1	5989	147	2296629DE356A72B4D7004F1F6760AA18AADEDC70A083D1D38B9193D1D12E272	tools/iq_table_extract.ps1	UNKNOWN	UNKNOWN	PENDING
005554	tools/mla_forward_chain_cert.cpp	.cpp	4017	98	0AF9D8C03DAAD2FEED64A9D96FB53466B03DEA7B08C9CAB0BB2B5FB708389C86	tools/mla_forward_chain_cert.cpp	UNKNOWN	UNKNOWN	PENDING
005555	tools/mla_upload_contract_cert.cpp	.cpp	3864	92	AB329E25122C03C3530648CF56292659B5BA06DB1C55E85775815C7EB2587563	tools/mla_upload_contract_cert.cpp	UNKNOWN	UNKNOWN	PENDING
005556	tools/model_tool_protocol_cert.cpp	.cpp	50901	935	B697F184A83F454DA825105381E2161E74035AB40265BC258C0461A867791B80	tools/model_tool_protocol_cert.cpp	UNKNOWN	UNKNOWN	PENDING
005557	tools/MsbInjection.cpp	.cpp	7668	173	5AC3D369B61DE2C63BA3B4FDE7F550D005C5B66BEA2C1D504A13666E6D4E9BC4	tools/MsbInjection.cpp	UNKNOWN	UNKNOWN	PENDING
005558	tools/mtp_false_positive_probe.cpp	.cpp	22395	431	D6DA63D8827311CBE6246172057CFBB491E53010CE24ADF946A1E85591D2AA7E	tools/mtp_false_positive_probe.cpp	UNKNOWN	UNKNOWN	PENDING
005559	tools/New-RawrResponseAgent.ps1	.ps1	3105	83	AA473C738A8928A605DE0FF6D194B674031A5FAEAD32BAC2787CEFCFB65E47A8	tools/New-RawrResponseAgent.ps1	UNKNOWN	UNKNOWN	PENDING
005560	tools/p1_cpu_loadmodel_harness.cpp	.cpp	25	1	493B0BF92174B1FF34C14D049B2266D7F31DDC5580B77D3AD1697C2486F0D0F5	tools/p1_cpu_loadmodel_harness.cpp	UNKNOWN	UNKNOWN	PENDING
005561	tools/prepared_cache_unit.cpp	.cpp	11147	247	956C7044A94066F8B574347B50128D1E55731D2940E58F654F51727B1E96CC81	tools/prepared_cache_unit.cpp	UNKNOWN	UNKNOWN	PENDING
005562	tools/q1_gate_verifier_test.bat	.bat	679	18	F960B096C7055E2F97A11441D34B78AC7F700EFB41FFEA1614D5C9149F872A37	tools/q1_gate_verifier_test.bat	UNKNOWN	UNKNOWN	PENDING
005563	tools/q1_gate_verifier_test.cpp	.cpp	5679	149	BB15D822C9651CDC9590A44D10688937B96B2E3ECA836621F3C4215BB61A762E	tools/q1_gate_verifier_test.cpp	UNKNOWN	UNKNOWN	PENDING
005564	tools/q2_5_build_authority_gate.ps1	.ps1	6241	120	832BB26025A6886C92642D67AF60ADB56DE9E05E0238754DCDA73A044DE79570	tools/q2_5_build_authority_gate.ps1	UNKNOWN	UNKNOWN	PENDING
005565	tools/q2_6_duplicate_authority_gate.ps1	.ps1	13311	309	C56F980AB657445AC661C765E27B4F80C3CA24D827B7CE75F886F2CB083A32F5	tools/q2_6_duplicate_authority_gate.ps1	UNKNOWN	UNKNOWN	PENDING
005566	tools/q2_agent_stack_gate.ps1	.ps1	5416	117	54794C0D9CB575459593F3A696106409D97968E63D313DD46F4FB050AB431AF0	tools/q2_agent_stack_gate.ps1	UNKNOWN	UNKNOWN	PENDING
005567	tools/q3k_block_diff.cpp	.cpp	17962	435	CBCEDB87D2A2509E3AD824E97706E00DCE48FCA800A26A918362ABC31DAC2812	tools/q3k_block_diff.cpp	UNKNOWN	UNKNOWN	PENDING
005568	tools/q4k_gemv_parity.cpp	.cpp	34139	682	F8FFF6E8F7E0044F40B7E528528C979DE5277CCE0091F0464B4B7876B44E1A77	tools/q4k_gemv_parity.cpp	UNKNOWN	UNKNOWN	PENDING
005569	tools/RateMatch.cpp	.cpp	7885	177	656109E68BD4CF9B63685E4CB65A55D2C42BF42AC15E0FA8F90F738BE0C811B3	tools/RateMatch.cpp	UNKNOWN	UNKNOWN	PENDING
005570	tools/RateMatched.cpp	.cpp	10985	227	2BD7D196D030982BFF7FB20B02AACE37D7EA3AF4E1258A37B93B90851FD20DC1	tools/RateMatched.cpp	UNKNOWN	UNKNOWN	PENDING
005571	tools/rawrxd_masm_all_gate.cpp	.cpp	13664	296	49CE2B79EBAEED14FED3DBA8C11BEADED94968D4DFDB95EC656D214EF675B403	tools/rawrxd_masm_all_gate.cpp	UNKNOWN	UNKNOWN	PENDING
005572	tools/rawrxd_masm_f16_gate.cpp	.cpp	5572	135	F581FC914600774EC861EA7A99658368468016F244032595DD47B64E59926D88	tools/rawrxd_masm_f16_gate.cpp	UNKNOWN	UNKNOWN	PENDING
005573	tools/rawrxd_masm_gemv_gate.cpp	.cpp	5173	137	8FB4CFC86E9D83BCE0B80C5B04C3B0D45ADD142E1637CB560847A96AF5716F34	tools/rawrxd_masm_gemv_gate.cpp	UNKNOWN	UNKNOWN	PENDING
005574	tools/rawrxd_masm_parity_test.cpp	.cpp	19072	431	3BF11229054799DA6B21FE667E5071F5BD6DDFB4E70C4A1D83DF304A59ED7F8F	tools/rawrxd_masm_parity_test.cpp	UNKNOWN	UNKNOWN	PENDING
005575	tools/rawrxd_masm_rmsnorm_gate.cpp	.cpp	8422	211	831D94BDBD34DDE41144B65CCFF816AB9D99757437480EE170CC3772F0E94561	tools/rawrxd_masm_rmsnorm_gate.cpp	UNKNOWN	UNKNOWN	PENDING
005576	tools/rawrxd_masm_softmax_gate.cpp	.cpp	10264	221	1D29F8EA6706D2A1369FEB645F5F108F5B51C991373DD6C9044BD88278ADD1C2	tools/rawrxd_masm_softmax_gate.cpp	UNKNOWN	UNKNOWN	PENDING
005577	tools/rawrxd_softmax_stage_trace.cpp	.cpp	4836	117	3598FE5607D338A21C5C5D622CE2CB7DE36EAEDAD6A53B22203EAF73B907E75D	tools/rawrxd_softmax_stage_trace.cpp	UNKNOWN	UNKNOWN	PENDING
005578	tools/rawr_response_agent.ps1	.ps1	7977	222	311D17EA1BA896C6AB8BC516F2B5747C400B4730FBB5E1506F555FEACA9F720E	tools/rawr_response_agent.ps1	UNKNOWN	UNKNOWN	PENDING
005579	tools/rawr_response_agent.template.ps1	.ps1	7923	221	AC25260F460CB10F94FC6E24ED6D8C1F6B44EE78C74C5A9D59E1633B43A9389C	tools/rawr_response_agent.template.ps1	UNKNOWN	UNKNOWN	PENDING
005580	tools/real_gguf_parity_main.cpp	.cpp	130	4	0D574DF3298473F872031EAA2600022C7D6A659AB8A63C54C9B7BCD06C69CE74	tools/real_gguf_parity_main.cpp	UNKNOWN	UNKNOWN	PENDING
005581	tools/refactor_chain_cert.cpp	.cpp	57440	1260	E68DF17EE9E258857FEA851B88191096C0EB1728C796F67F69A6FCFB730DC17B	tools/refactor_chain_cert.cpp	UNKNOWN	UNKNOWN	PENDING
005582	tools/remote64_aead_probe.bat	.bat	813	16	9A66F4BECE0B05A5D93234B7D508201140251F36A5823BEE87631245FA0BF60E	tools/remote64_aead_probe.bat	UNKNOWN	UNKNOWN	PENDING
005583	tools/remote64_aead_probe.cpp	.cpp	9377	194	99A2CF4C2933BB53858E048876092D47C59D6A85688A0F4D6B5E89D6DE69FF3D	tools/remote64_aead_probe.cpp	UNKNOWN	UNKNOWN	PENDING
005584	tools/remote64_build.bat	.bat	697	29	22E384788323D1DB4745E794D23BDCDAEF10067B3F176EFA34FA62FF34892FC7	tools/remote64_build.bat	UNKNOWN	UNKNOWN	PENDING
005585	tools/remote64_cert_build.bat	.bat	966	33	20D63E0D342CDF959E5BDB355F14548F4793BAA712924080C58A0FDFBD698B9B	tools/remote64_cert_build.bat	UNKNOWN	UNKNOWN	PENDING
005586	tools/remote64_cert_driver.cpp	.cpp	24156	595	500883ACFB6FB8DB12B79E97C8CBAA3519FFE0684C2045E0AE2E1C3145B5999F	tools/remote64_cert_driver.cpp	UNKNOWN	UNKNOWN	PENDING
005587	tools/remote64_rename_fields.ps1	.ps1	1654	38	5018D8C1DAC36015272CB3EB4BF4F4891D54C2587B5B28DA179B1AF8E14F7616	tools/remote64_rename_fields.ps1	UNKNOWN	UNKNOWN	PENDING
005588	tools/repo_intelligence_cert.cpp	.cpp	43437	923	13FFD4410A8D92CBBA3F8B59CD586FF0AFF16190A7992F9E65A225ABC337701D	tools/repo_intelligence_cert.cpp	UNKNOWN	UNKNOWN	PENDING
005589	tools/request_geometry_probe.cpp	.cpp	4382	99	17D42EDCA83EDE51824842EEFF7C88B910E9268ABB811EB21C800967BC7D9A55	tools/request_geometry_probe.cpp	UNKNOWN	UNKNOWN	PENDING
005590	tools/residual_overlay_fusion_001.cpp	.cpp	19211	416	9938E872381C36C5CE704D08203500CE79E7A493861C1507793EB2984FC315B4	tools/residual_overlay_fusion_001.cpp	UNKNOWN	UNKNOWN	PENDING
005591	tools/reveng_helper.cpp	.cpp	41119	1039	A5BB90A7AF4EE576A53639D10A59F11A9F25C0791CF93415D8F30A3E3EB1F17C	tools/reveng_helper.cpp	UNKNOWN	UNKNOWN	PENDING
005592	tools/reveng_helper.h	.h	10215	265	977E8F256CA893EF526F09D7A8E89A224561DD619B974E4A2198530E1A8A8EFC	tools/reveng_helper.h	UNKNOWN	UNKNOWN	PENDING
005593	tools/Reversal.cpp	.cpp	8669	202	CA7F57E3290545054D6A036308D4F3ABBC0949AAF205FB6F5F0EC034300B3B16	tools/Reversal.cpp	UNKNOWN	UNKNOWN	PENDING
005594	tools/Reversal2.cpp	.cpp	7518	168	D98AC8D21456359545FC7D50783D441EC1B89967FF49356F4119E1D21C825322	tools/Reversal2.cpp	UNKNOWN	UNKNOWN	PENDING
005595	tools/ReversedLloyd.cpp	.cpp	10137	235	FDEBE7D2560ACA0EE03CBB7D37CADF0E30706E19572F3B9BDDB4C7984CF89BE7	tools/ReversedLloyd.cpp	UNKNOWN	UNKNOWN	PENDING
005596	tools/run_185in30_existing_gate.ps1	.ps1	1977	62	D780C32FF418A96F0FA35CC94CD78536F086A7303E538787E3D9A04DE33BDB9B	tools/run_185in30_existing_gate.ps1	UNKNOWN	UNKNOWN	PENDING
005597	tools/run_real_gguf_parity_matrix.ps1	.ps1	1324	31	78BD77E5D1CBE412533674BCF8F512C2BA56AE846B0C1B65DF8FA1AA1AC0CBA9	tools/run_real_gguf_parity_matrix.ps1	UNKNOWN	UNKNOWN	PENDING
005598	tools/semantic_code_intelligence_cert.cpp	.cpp	9777	223	F68AFEC13659B10807F060EF03A789917D746F71D4948689CC136D0D31830487	tools/semantic_code_intelligence_cert.cpp	UNKNOWN	UNKNOWN	PENDING
005599	tools/server_generation_parity.cpp	.cpp	6396	153	370C0D2DD4D7470D1EBE8D27FA1A797B1C9B72AC74EC962CB73F39930105882C	tools/server_generation_parity.cpp	UNKNOWN	UNKNOWN	PENDING
005600	tools/SignPlaneDensity.cpp	.cpp	5168	116	25597AB96E319C693B7D0C3B3012AB61971C735A4AAE8F01AAD869B60415C90D	tools/SignPlaneDensity.cpp	UNKNOWN	UNKNOWN	PENDING
005601	tools/single_writer_adversarial_test.cpp	.cpp	19197	414	AB0BB936DA95FF742CA7C53059343A9D6F815707ECFDAF0D179BF0F6ECEF28BD	tools/single_writer_adversarial_test.cpp	UNKNOWN	UNKNOWN	PENDING
005602	tools/stale_build_blocker.ps1	.ps1	4904	130	810B55EE7A2A8EF5889F8A481B8F760BFFFC4FA5E2238F2251199203B8E5600C	tools/stale_build_blocker.ps1	UNKNOWN	UNKNOWN	PENDING
005603	tools/streamer_status.cpp	.cpp	8091	203	40D23F51998F1F99877882CA70AC3C9216D9782852004A6DCB736E3157B633FB	tools/streamer_status.cpp	UNKNOWN	UNKNOWN	PENDING
005604	tools/StreamingIntegrity.cpp	.cpp	9879	234	6D7AB76ED5BB4DCE33C46E15291E375EEC1E057BB983DD047F20BEC9E66DDEED	tools/StreamingIntegrity.cpp	UNKNOWN	UNKNOWN	PENDING
005605	tools/stub_census_canonical.ps1	.ps1	10324	247	4EFF22D68D1FA9F20BA1332AA54FB4B7D4A624780CE64C91156ABC660F709E73	tools/stub_census_canonical.ps1	UNKNOWN	UNKNOWN	PENDING
005606	tools/thread_geometry_probe.cpp	.cpp	6217	156	4BC3754C95D8BDD0682D2E4E5B77C6D5BCB008D8C28050E90FA8A4FA52E6F122	tools/thread_geometry_probe.cpp	UNKNOWN	UNKNOWN	PENDING
005607	tools/tool_sandbox_matrix_cert.cpp	.cpp	14917	282	3CA5B8312E9D462E2C7167BFA594BB70EA0CE9CF5ABFE2FA734AFCF9BEC2936D	tools/tool_sandbox_matrix_cert.cpp	UNKNOWN	UNKNOWN	PENDING
005608	tools/V6BitAccount.cpp	.cpp	7237	130	41866AE70611258AEDB8C1008F158446E7F2545D09F27C1CFBF330294F64BB9B	tools/V6BitAccount.cpp	UNKNOWN	UNKNOWN	PENDING
005609	tools/V6Parity.cpp	.cpp	8315	151	DBA3AAB9E757FA46F3A63A9476AEFC034765226E772322F24DD158C0E8D13251	tools/V6Parity.cpp	UNKNOWN	UNKNOWN	PENDING
005610	tools/vulkan_cap_probe.cpp	.cpp	10202	217	C2E27002F0E88D413D68844215E0854EF1F84C8CD31F3D81FB895846AA913187	tools/vulkan_cap_probe.cpp	UNKNOWN	UNKNOWN	PENDING
005611	tools/vulkan_grid_layer_bisect.ps1	.ps1	9832	214	EB686216CA25C243EB7CAA59A04AFA5342594D294EFE30E28540D513B9DD1D47	tools/vulkan_grid_layer_bisect.ps1	UNKNOWN	UNKNOWN	PENDING
005612	tools/vulkan_kv_split_analyze.ps1	.ps1	9827	206	9E94DEDBBA5EC2ABB06A324446146B444C9C4AF0ACF8990575FA79DC808E766F	tools/vulkan_kv_split_analyze.ps1	UNKNOWN	UNKNOWN	PENDING
005613	tools/WeightsPerByte.cpp	.cpp	5198	114	A648DC6DF2E362AFC9DD8ED75EEE0902D821E0AC9646B4EB080483D529EDC20F	tools/WeightsPerByte.cpp	UNKNOWN	UNKNOWN	PENDING
005614	tools/workerpool_geometry_probe.cpp	.cpp	5300	136	C8D520133A02C9C37FC6E28A52A8CD7B3E145722B3D1A5C24636DBA9FB850A08	tools/workerpool_geometry_probe.cpp	UNKNOWN	UNKNOWN	PENDING
005615	tools/workspace_load_driver.cpp	.cpp	4991	106	E7B5B75294BF5BFC46F2E40A88F9FE9FC106C2945548C1B83C143E8A05229158	tools/workspace_load_driver.cpp	UNKNOWN	UNKNOWN	PENDING
005616	tools/reveng_out/rawrxd_forward.h	.h	507	24	314F3EA12BC2B1044839716AF3D0A1AFAC8850E4FC7D738DB0A5B594F533C792	tools/reveng_out	UNKNOWN	UNKNOWN	PENDING
005617	tools/reveng_out/rawrxd_model_introspection.h	.h	632	27	660B8389F7750BCB8BFA4FF4558DDCFCBB90E3F6A48EB15B12B5D05B7AE12914	tools/reveng_out	UNKNOWN	UNKNOWN	PENDING
005618	tools/reveng_out/rawrxd_stubs.cpp	.cpp	101	5	3ED2A9AB01D64A65F791E8A112A1D343AE5835FBA51CD431B70179D22DFABED2	tools/reveng_out	UNKNOWN	UNKNOWN	PENDING
005619	validation/fault_injection/ExceptionStormInjector.cpp	.cpp	50	1	4CA3090418E04B53D6902D801DA13965E8F2A75E1167B3FBE362FFABF7B4D8CE	validation/fault_injection	UNKNOWN	UNKNOWN	PENDING
005620	validation/fault_injection/FaultInjector.cpp	.cpp	41	1	0F4F2FAC27883B66728AB3460E2D374BFECB12703B96D3B803803516E9A042C9	validation/fault_injection	UNKNOWN	UNKNOWN	PENDING
005621	validation/fault_injection/MemoryPressureInjector.cpp	.cpp	50	1	023CE0996158737D643322CD6B9FDFE0769457B2298DDEA11803BF35C38FA9CA	validation/fault_injection	UNKNOWN	UNKNOWN	PENDING
005622	validation/fault_injection/ServiceKillInjector.cpp	.cpp	47	1	C57F5071A3CDB48823F10027EC543B2A4E1D97303E7384606239F8239C381C0E	validation/fault_injection	UNKNOWN	UNKNOWN	PENDING
005623	validation/fault_injection/StateCorruptionInjector.cpp	.cpp	51	1	A35B578CC45237AB96D0AA96C30F9D465552F152ADB6F2DD56CBF3B2240A0F8A	validation/fault_injection	UNKNOWN	UNKNOWN	PENDING
005624	validation/fault_injection/WorkerCrashInjector.cpp	.cpp	47	1	047FFCB65EF0B94901C21A04721B37F8E85DCF046B7554B38BA08C52D0D0F209	validation/fault_injection	UNKNOWN	UNKNOWN	PENDING
005625	validation/recovery_telemetry/RecoveryTelemetry.cpp	.cpp	45	1	8FC2777C043DA7D8A8BCE8259497337A0B979F183FC05362D694BC3C1B4A328A	validation/recovery_telemetry	UNKNOWN	UNKNOWN	PENDING
005626	win32ide_strict/CMakeLists.txt	.txt	15625	305	938563E5AC7ECB39157FCAEB9CE3E149FC561CBB0B703790E48BF8238050FB63	win32ide_strict/CMakeLists.txt	UNKNOWN	UNKNOWN	PENDING
005627	win32ide_strict/deep2_extern_definitions.cpp	.cpp	178	5	4C1E993536D10672849190FB1691A164E98DAD82A7840C216215BCDF1025CFB6	win32ide_strict/deep2_extern_definitions.cpp	UNKNOWN	UNKNOWN	PENDING
005628	win32ide_strict/trigger_build.ps1	.ps1	518	13	2D1918838C579EACAE1A04EF847B8560E2BEB0164EC92D5FA3E41AD3E2C4DB4F	win32ide_strict/trigger_build.ps1	UNKNOWN	UNKNOWN	PENDING
005629	win32ide_strict/_build.bat	.bat	218	1	F9D8EC689735FBC9F07A83539214F9F0623A0094063968898DE7DB6A2337F11E	win32ide_strict/_build.bat	UNKNOWN	UNKNOWN	PENDING
005630	win32ide_strict/_fix_gguf.py	.py	4632	116	FF0EA72E064BA4A3ABCD375726524BF643C6342D7C7EE28B1E9D73FA477299F5	win32ide_strict/_fix_gguf.py	UNKNOWN	UNKNOWN	PENDING
005631	win32ide_strict/_inspect.py	.py	2230	55	925D3948EA9D09FA35742C3895FDA87225CC5FF26ED45AFE044A3AEAB0FF4E5B	win32ide_strict/_inspect.py	UNKNOWN	UNKNOWN	PENDING
005632	win32ide_strict/_inspect_original.py	.py	1962	51	BA836710143D24576DB88E77105E6A2280C3C490D889A98172AA589075A95F92	win32ide_strict/_inspect_original.py	UNKNOWN	UNKNOWN	PENDING
005633	win32ide_strict/_inspect_tensors.py	.py	791	21	95007C3DC3F750AA08EFE6492D88934D8F149AF91AF2E55D4834C5940D4D1319	win32ide_strict/_inspect_tensors.py	UNKNOWN	UNKNOWN	PENDING
005634	win32ide_strict/_tmp_gguf.py	.py	3640	89	CBD6E97CE342A896C40D5E93269E838CFCFAF3F4B7A3E097F2890B511F97E174	win32ide_strict/_tmp_gguf.py	UNKNOWN	UNKNOWN	PENDING
005635	win32ide_strict/_tmp_gguf2.py	.py	3749	90	93AED155CCAF9590C8F9335DE130483E91D3582D86F76BA8FA8AFACDCA96C39A	win32ide_strict/_tmp_gguf2.py	UNKNOWN	UNKNOWN	PENDING
005636	win32ide_strict/build/cmake_install.cmake	.cmake	1916	56	1101184A40FCB1C9C0D049AF7E93FEE8D82D2776F6AD156542D2B06706101F70	win32ide_strict/build	UNKNOWN	UNKNOWN	PENDING
005637	win32ide_strict/build/CMakeFiles/CMakeConfigureLog.yaml	.yaml	61508	1033	CDD3445476BC033380439ADA3E391D8CCEA742643EA7B370C445292E61958A5A	win32ide_strict/build	UNKNOWN	UNKNOWN	PENDING
005638	win32ide_strict/build/CMakeFiles/InstallScripts.json	.json	120	7	3248880135F92F84B055A1FEF2C7AE58D9D63E518C190F6EB6BA45F1B3FA2483	win32ide_strict/build	UNKNOWN	UNKNOWN	PENDING
005639	win32ide_strict/build/CMakeFiles/4.4.2/CMakeCXXCompiler.cmake	.cmake	6583	103	9E0F5834D6AC8D07A1A30F5389CDD7A07E3A667703253D80A019B8B9A823B946	win32ide_strict/build	UNKNOWN	UNKNOWN	PENDING
005640	win32ide_strict/build/CMakeFiles/4.4.2/CMakeRCCompiler.cmake	.cmake	212	6	85223E3627AB66035651F1BC87D7AB01C67BCCD4C1132EA0EBCF6FD87DE0C7D1	win32ide_strict/build	UNKNOWN	UNKNOWN	PENDING
005641	win32ide_strict/build/CMakeFiles/4.4.2/CMakeSystem.cmake	.cmake	395	15	CB655F074177502B26612FA979EE72C606731A0B59F300E936EBBA161D8CCE09	win32ide_strict/build	UNKNOWN	UNKNOWN	PENDING
005642	win32ide_strict/build/CMakeFiles/4.4.2/CompilerIdCXX/CMakeCXXCompilerId.cpp	.cpp	30605	954	C260F5F6368FE636DA54C24D6ABD310AC6FCC3ACDC4BDC674D9B7223569A85EB	win32ide_strict/build	UNKNOWN	UNKNOWN	PENDING
005643	win32ide_strict/build_v2/cmake_install.cmake	.cmake	1922	56	0238B93A8786E727C1F61A72A1E575DD2369CD1A9A8055CB9ECC432AE99BDF68	win32ide_strict/build_v2	UNKNOWN	UNKNOWN	PENDING
005644	win32ide_strict/build_v2/CMakeFiles/CMakeConfigureLog.yaml	.yaml	61557	1033	ABEA3EB9DC6D2F7B3AF55D3868A11196002A2E559877108ABAABD7CF020A4C5F	win32ide_strict/build_v2	UNKNOWN	UNKNOWN	PENDING
005645	win32ide_strict/build_v2/CMakeFiles/InstallScripts.json	.json	123	7	28DC8C1D35E262AA58A9374605FF0DE303B8A3AF1D83C2C345B594641A0B9C27	win32ide_strict/build_v2	UNKNOWN	UNKNOWN	PENDING
005646	win32ide_strict/build_v2/CMakeFiles/4.4.2/CMakeCXXCompiler.cmake	.cmake	6583	103	9E0F5834D6AC8D07A1A30F5389CDD7A07E3A667703253D80A019B8B9A823B946	win32ide_strict/build_v2	UNKNOWN	UNKNOWN	PENDING
005647	win32ide_strict/build_v2/CMakeFiles/4.4.2/CMakeRCCompiler.cmake	.cmake	212	6	85223E3627AB66035651F1BC87D7AB01C67BCCD4C1132EA0EBCF6FD87DE0C7D1	win32ide_strict/build_v2	UNKNOWN	UNKNOWN	PENDING
005648	win32ide_strict/build_v2/CMakeFiles/4.4.2/CMakeSystem.cmake	.cmake	395	15	CB655F074177502B26612FA979EE72C606731A0B59F300E936EBBA161D8CCE09	win32ide_strict/build_v2	UNKNOWN	UNKNOWN	PENDING
005649	win32ide_strict/build_v2/CMakeFiles/4.4.2/CompilerIdCXX/CMakeCXXCompilerId.cpp	.cpp	30605	954	C260F5F6368FE636DA54C24D6ABD310AC6FCC3ACDC4BDC674D9B7223569A85EB	win32ide_strict/build_v2	UNKNOWN	UNKNOWN	PENDING
005650	win32ide_strict/build_v4/cmake_install.cmake	.cmake	1922	56	3D38F9FCA65CBC886DE6E97365D23EDC1304599C2287A92DE2EEFA1828625762	win32ide_strict/build_v4	UNKNOWN	UNKNOWN	PENDING
005651	win32ide_strict/build_v4/CMakeFiles/CMakeConfigureLog.yaml	.yaml	68960	1099	F730DB6145736513AFECA8E39F2A4CB97E448DE8E382651F2EB2974F0C700F8A	win32ide_strict/build_v4	UNKNOWN	UNKNOWN	PENDING
005652	win32ide_strict/build_v4/CMakeFiles/InstallScripts.json	.json	123	7	7BB49AA77FBFD927C162A96062773AF520678852050FC860007772684D6D01E2	win32ide_strict/build_v4	UNKNOWN	UNKNOWN	PENDING
005653	win32ide_strict/build_v4/CMakeFiles/4.4.2/CMakeCXXCompiler.cmake	.cmake	6583	103	9E0F5834D6AC8D07A1A30F5389CDD7A07E3A667703253D80A019B8B9A823B946	win32ide_strict/build_v4	UNKNOWN	UNKNOWN	PENDING
005654	win32ide_strict/build_v4/CMakeFiles/4.4.2/CMakeRCCompiler.cmake	.cmake	212	6	85223E3627AB66035651F1BC87D7AB01C67BCCD4C1132EA0EBCF6FD87DE0C7D1	win32ide_strict/build_v4	UNKNOWN	UNKNOWN	PENDING
005655	win32ide_strict/build_v4/CMakeFiles/4.4.2/CMakeSystem.cmake	.cmake	395	15	CB655F074177502B26612FA979EE72C606731A0B59F300E936EBBA161D8CCE09	win32ide_strict/build_v4	UNKNOWN	UNKNOWN	PENDING
005656	win32ide_strict/build_v4/CMakeFiles/4.4.2/CompilerIdCXX/CMakeCXXCompilerId.cpp	.cpp	30605	954	C260F5F6368FE636DA54C24D6ABD310AC6FCC3ACDC4BDC674D9B7223569A85EB	win32ide_strict/build_v4	UNKNOWN	UNKNOWN	PENDING
005657	win32ide_strict/build_v4/Release/.rawr/agentic_gate/agentic_probe.cpp	.cpp	84	5	E0BC05FFEEFD383003CA02D428A4E95ED9A4DF7D75FD9D56A4F88C5A99DF4760	win32ide_strict/build_v4	UNKNOWN	UNKNOWN	PENDING
005658	win32ide_strict/build_v4/Release/.rawr/agentic_gate/CMakeLists.txt	.txt	219	4	080417B9598CCF026DF2364FB9A9AFE7D066156E6CD0517F6F1AB26F154C9D0F	win32ide_strict/build_v4	UNKNOWN	UNKNOWN	PENDING
