STEP=0 CP=EMBED COUNT=1536 MIN=-0.0493164062 MAX=0.0617294312 MEAN=8.49518692e-05 L2=0.629158085 FIRST8=0.0179386139,0.00448465347,-0.0033634901,-0.00784814358,0.0112116337,0.00672698021,-0.0100904703,-0.0190597773 HASH=a7365f615419d751
STEP=0 CP=ATTN_NORM COUNT=1536 MIN=-2.64693189 MAX=3.38648295 MEAN=0.00724759202 L2=19.7228771 FIRST8=0.670910299,0.0860420689,-0.0984310359,-0.285899282,0.276369303,0.282631844,-0.160512015,-0.435111463 HASH=3541fd8903ceafb6
STEP=0 CP=LAYER_0_ATTN_NORM COUNT=1536 MIN=-2.64693189 MAX=3.38648295 MEAN=0.00724759202 L2=19.7228771 FIRST8=0.670910299,0.0860420689,-0.0984310359,-0.285899282,0.276369303,0.282631844,-0.160512015,-0.435111463 HASH=3541fd8903ceafb6
STEP=0 VEC=LAYER_0_ATTN_NORM N=1536
0.670910299,0.0860420689,-0.0984310359,-0.285899282,0.276369303,0.282631844,-0.160512015,-0.435111463,0.573432267,-0.480310768,-0.422314078,0.941561639,0.438923448,0.595078886,-0.122528255,0.0991117433
-0.375280261,-0.29032734,-0.16818963,1.71135819,-0.166044354,-0.0587805621,-0,-1.37440681,-0.32908535,0.254572749,0.561490238,1.09151638,-0.125284106,0.218818143,0.498276114,-0.0908166841
0.0598030053,0.538178205,0.256982058,-0.0298770927,-0.0361258984,0.196837306,-0.492483824,-0.274166256,-0,0.267136365,0.0833824724,0.192931816,-0.262449771,-0.181020036,1.14977992,-0.0361258984
0.848077118,-0.103501312,-0.675926924,0.269314647,0.146802887,0.456250697,-0.456250697,0.37739256,0.0524547473,1.8587991,0.248191923,-0.453434318,0.298534393,0.2587533,-0.171270028,0.110894263
-0.404219508,0.378030628,-0.0828681588,0.573877811,0,-0.0857780352,0.366897196,-0.335521162,-1.37649703,-0.124492012,0.361836553,-0.124492012,-0.190406993,-0.80894506,-0.116394967,0.201793462
0.233075976,0.701876521,-0.486163527,1.33724403,-0.0949078351,0.265447646,0.264859051,0.247201785,-0.0603290126,-0.239550322,0.344316781,-0.135960981,-0.0940249637,0.661853373,0.687014997,0.504997969
0.186275959,0.150664374,-0.425170302,-0.25167802,0.112770006,0.3949233,-0.477103859,-0.428366214,1.13957059,-1.36967623,-0.210701853,0.610647321,-0.477103859,-0.219148189,0.373921603,0.0305894334
0.23852168,-0.544570029,-0.0785088465,-0.289166689,-0.129789189,0.217555732,-0.935208261,0.0548200496,-0.136777833,0.424038529,-0.0144311059,-0.147033915,-0.101834595,-0.211383939,-0.0306774452,-0.747150123
0.352980405,-0.242911249,-0.646751165,-0.145177424,0.120032318,0.13379097,-0.217861012,0.0370060131,0.190723285,0,-0.737273574,0.264165998,0.437240243,-0.247086287,-0.778075099,0.192146584
0.175857618,0.516186416,0.420666605,-0.892698765,-0.140053526,-0.237977117,0.412949085,0.611326635,-0.971644998,0.203691199,0.892698884,0.735565603,-0.494172543,-0.518337131,0.684200048,0.0955197886
0.619555652,-0.786359131,-0.157083705,-1.47740197,-0.710168839,0.421084642,-0.174014881,-0.200665817,0.353516728,0,0.0184204951,0.0222613644,-0.0272780098,0.178482831,0.0365274511,-0.0846558884
-0.557936728,-0.838637888,0.0407189876,-0.0550139509,-0.46090427,0.258464485,-0.196375251,-0.0684425533,-0.34885487,-0.619448423,-0.510575652,-0.416142285,-1.25680172,-0.660745025,0.306691945,0.348566055
-0.0371524654,-0.202027231,-0.178057909,-0.712231636,0.575263977,-0.715884089,-0.112770006,0.077614978,-1.02451777,-0.239236772,-0.0362964161,0.452906251,0.044172056,0.0602657534,-0.149979547,-0.243117526
0.227003202,0.0404467024,-0.105976634,0.314480931,0.223240718,0.400077462,-0.640876412,0.544933081,-0.822729826,-0.974483311,0.21477513,-1.18518245,0,-0.0247696862,0.359317213,0.458709508
-1.25231314,0.386298209,0.855470002,0.115250826,-0.493083417,0.300602674,0.513282001,0.643830299,0.190698534,-0.0378723703,0.237482041,0.962403774,0.215352699,-0.790121615,0.109310061,-0.402338237
-0.750846565,0.496988922,0.117165066,0.0173959881,-0.374048084,0.126516283,0.117990173,0.578811944,0.389725119,-0.053631898,0.202151,0.040980272,-0.686350822,-0.660084903,-0.684838116,0.22429134
-0.55781132,-0.0403311886,0.418823868,-0.0247157793,0.0599797145,0.0862466916,-0.0678391233,0.0825238153,0.314583272,-0.0773531497,0.502795458,0.114168286,0.203000307,-0.605795145,0.113651216,0.418823868
0.295283079,0.107049093,-0.271574199,-1.36816883,-0.934943318,-0.0790295303,-0.423885673,0.449270904,-0.282350987,-0.27013731,0.0423885658,-0.696178377,0.297438443,0.732819319,-1.47521794,0.0438254662
-0.102977879,-0.430049658,0.0516059585,0.207242981,0.107424647,-0.518751025,-0.59539938,0.307646394,-0.0851907879,-0.0325316489,0.180211276,-0.418347627,0.232636392,-0.565442204,0,0.224678993
0.0303490832,0.270240724,-0.443520606,0.0836831331,-0.131215155,-0.0319111682,0.461930901,0.372222573,-0.852898538,-0.383826643,-0.306949735,-0.220477164,0.326475799,-0.522294283,0.556994915,-0.968939126
-0.438613892,-0.172158659,-0.618316293,0.486570477,0.632056653,0.206913695,-0.475254864,1.24148214,0.232912615,-0.0598109886,0.771076798,0.54422611,-0.719078898,0.245171174,0.306463957,-0.403589457
0.974316597,1.56125784,0.699509323,0.547263205,0.484366149,-0.243358716,-0,-0.0455562808,-0.426024705,-0.0678935573,0.365038067,0.305667967,-0.34916684,0.19515723,0.343582541,-0.533449352
-0.0542266704,0.134562477,0.909468293,-0.386616051,-0.445194274,-0.183768168,0.158663213,-0.748461902,-0.639339149,-1.07649982,0,0,0.160504252,-0.430800766,0.128537297,-0.0451888926
0.927900314,0.321873903,0.153370097,0.365919799,0.411659777,0.45536685,0.564691007,-0.708348453,-0.0484504923,0.446331799,0.086736545,-0.52177453,-0.25004521,-0.0494669341,0.274439871,-0.0420130156
-0.755025923,-0.675082028,-0.0843852535,0,-0.704690874,-0.176820427,0.415911973,0,-0.769830406,-0.0447834022,0.126762941,0,0.268145263,-0.263148755,-0.404160947,-0.0527407862
0.169162393,-0.0397760198,0.0268602446,-0.106526583,-0.0177163314,-1.18505108,0.326437682,-0.122414127,0.232255384,0.105612196,-0.636416376,0.18653582,0.213967562,0.0256029572,0.195679739,-0.333295643
-0.371504098,-0.16337125,1.22267175,0.0252546184,0.41861704,-0.833228171,0.484191954,0.655226648,-0,0.0870848894,0.312112242,0.785854042,0.33336094,-0.181833252,0.40868938,-0.0235129204
-0.353640854,-0.159202054,1.28380537,0.0809454024,1.62117219,0.750584662,0.22585465,0.285290062,-0.639921546,0.643034816,-0.0384915173,-0.72525382,0.829124272,0.418878317,0.0455671661,-0.0631147698
-0.218917802,0.193992466,0.0765149593,0.0553574152,-0.782539308,0.0490777753,0.275337934,-0.0431845784,-0.210222915,-0.213314429,0.765149534,0.375618875,-0.591251969,-0.0817318857,-0.340839356,0.26277864
0.319775701,0.253155768,0.689516366,0.152531892,-0.53087765,1.26133752,-0.125328749,0.174877346,0.229838789,0.444132924,0.2213725,-0.127410635,0.176126465,-0.710890234,0.216514796,-0.166411042
-0.127786174,-0.578381062,-0.372214407,0.0302130114,0.0648836792,-0.71570164,0.0175829828,0.0950966924,-0.152674779,-0.0456909873,0.209014609,0.333705217,-0.285290092,-0.667905688,0.107107602,0.149207696
-0.0940843299,0.138552055,0.352933258,1.19360721,-1.2806704,-0.376805425,-0.530804157,1.66402888,-0.167339042,-0.23731719,0.487389594,0.317944199,-0.155402988,0.0926800892,0.987183392,0.344975889
0.255921394,-0.0919154286,-0.206809714,-0.202754617,0.492355824,0.0565460138,-0.50801301,0.175720677,-0.998679161,-0.0301879123,-0.236547068,-0.0973222181,0.310890436,-0.645210326,0.860355556,-0.0486611091
0.468457311,-0.574762344,-0.436273217,0.235691562,0.462280542,-0.0516895987,0.15726316,0.337932944,-0.0219436977,0.785096705,-0.193104535,-0.293232828,0.0186927803,0.247719973,-0.00995593704,-0.395555466
0,-0.15719901,-0.679698586,0.225019142,-1.29352319,-0.105547898,-0.130250603,-0.385362118,-0.0615321808,-2.64693189,-0.0904268548,-0.0261998344,0.0407220274,-0.273975402,-0.082641758,-0.560526729
-0.366541028,0,-0.0425328426,-0.0283100773,0.305586278,-1.02403927,-0.0455128513,-1.23101425,0.184489608,-0.301522672,-0.683234632,-0.198170543,-0.191804171,1.32203996,-1.0971849,0.107280292
0.859474301,0.297779828,-0.799269617,0.272608012,-0.747368991,0.0638377666,2.22549868,-0.059945222,0.555855632,-1.09821713,0.531981409,0.0216685105,-0.245230436,1.37017643,0.27714932,0.259762615
-1.43186402,-0.0860067457,-0.765163481,0.331051826,0.16712001,-0.617320836,0.0984628946,-1.13884795,0.469181627,-0.0830409974,0.852801383,-0.090751946,0.145914897,0.0358855724,-0.1886217,0.30028218
0.0704935938,0.969286919,-0.625043213,0.366566688,0.529876828,0.0910542235,0.97281158,0.102215707,-1.85163176,0.211480781,0.333082229,0.662639797,-0.493455172,0.0514015779,0.252455175,0
0.197826922,0.245273218,0.157484159,0.0554880425,-0.0924800634,-0.52097106,0.0162175186,-0.124915101,0.0884591937,-0.0616533756,-0.159494609,0.189785182,0.508975446,-0.320865631,-0.140730545,0.370992482
-0.0510223024,0.632389128,-0.107793599,-0.319069058,-0.306612909,-0.317512035,0.126597598,0.0991701111,0.456326246,0.837436497,1.1038065,-0.0176062882,-0.138933972,0.368654132,-0.59478116,0.186842248
0.367216855,0,-0.148755178,0.0574899204,-0.510582387,-0.274873674,-0.664547563,-0.341346383,0.403148055,0.353563011,-0.520283759,-0.902591705,-0.3470954,0.0325177349,0.119471245,-0.0287449583
-0.399634808,-0.228881747,0.172829077,0.0459320508,-0.118333422,-0.252496511,0.489682376,0.499283999,-0.668480039,0.186842248,0.0603344738,0.396910012,0.130789563,-0.572204351,-0.0700658411,0.256908089
1.3030479,0.042033799,-0.0417201146,0.0894002467,0.0708928257,0.037642207,0.132688791,0.603530109,-0.434140146,-0,-0.0574043691,0.178173125,0.0936350003,0.244203851,-0.136139318,-0.595687985
0.110234648,0.743718863,-0.300042629,0.257335842,-0.0257335845,0.521972001,0.210248858,2.00904465,0.175024882,-0,-1.65205956,0.809786618,0.0881512091,0.267191231,0.713970006,-0.310263067
0.128824756,0.439301699,0.131605148,0.662659705,-0.534947097,-0.255054504,-0,-0.442452818,-0.303062558,0.343378216,-0.16978918,0.112235099,0.192403018,0.936620891,0.252088726,-0.810761869
0.994455874,-0.361989737,0.130686909,-0.314688891,-0,-0.345897704,-0.181401238,0.401488394,-0.176524863,0.886850476,0.796474934,0.14710404,0.0261698924,0.247069776,1.42325199,-0.0794849545
1.88402677,-0,-0.385330766,0.542966068,0.0339749455,-0.101924837,-0.258294016,0.139276177,0.112265043,-0.471006721,-0.0548663735,-1.05322337,-0.100658685,-0.133684024,-0,-0
-0.265508473,0.996798396,0.456648469,0.164393455,0.339224577,0.374451727,-0.406090975,0.653659701,0.285405278,0.155260488,-0.305954456,-1.02811146,-0.212667719,0.46578145,-1.5265106,0.0278881751
1.09830713,-0.50753808,0.382262379,0.553443849,-0.273504227,-0.302463502,-0.264923692,0.412937731,-0.146941483,-0.380975306,-0.731489718,-0,-0.695022523,-0.073363483,0.0884866565,0.320911616
0.119610161,-0.117071271,0.661993325,-0,-0.206684858,-0.0921524838,-0.223422751,0.214583635,1.57411492,0.453239769,0.744742513,0.44233191,0.230381206,-0.167002872,0.432552487,-0.248811707
0.0896150619,-0.0823554024,-0.499844939,-0.218027607,0.222252488,0.298478842,-0.109132811,-0.478423029,0.291338176,0.128293529,0.390117109,0,-0.184109554,-1.02468216,-0.697283685,-0.894722521
0.0263851136,0.0630668551,-0.276078373,-0.212367982,-0.376470536,0.0703603029,-0.35888046,0.0978179798,0.0135679543,0.17643705,-0.199711725,0.0572750047,0.755086184,0.56459856,0.401568562,-0.460130662
0.662651598,0.548374832,-0.0664696768,0.65856111,0.345514506,0.932620764,-0.214748204,-0.0147639383,0.45838514,-0.131916761,0.553999245,-0.304865748,0.148406357,0.464776486,-0.420548558,-0.161061153
-0.341164023,-0.113721341,0.518569291,0.855184495,1.2130276,0.451094627,0,0.451094657,-0.614095271,0.200907692,-0.173993662,0.379071146,-0.305152267,0.126357034,-1.36667776,0.19673793
-1.81277096,0.310870647,-0.340419084,-0.484139949,0.884005606,-0.597962677,-0.0223798882,0,0,-0.0583975203,-0.902189255,-0.0839245915,0.141622737,0.159456715,0.38920027,-0.0243031606
-0.349286139,0.0993107557,-0.815667033,-0.679789186,-0.944151521,-1.05505192,-0.18183659,-0.571486413,0.380458117,-0.119892254,0.79728359,-0.486263037,0.074033469,-0.149865329,0.107103758,0.291737825
0.700911283,-0.484082639,-0.561095774,0.255106062,0.126750812,0.218662336,-0.315616399,-0.225538492,0.384378105,0.24204132,-0.150588214,-0.24204132,1.04151106,0.396067619,-0.226913735,0.510212123
0,0.232238367,0.490244746,-0.743195355,-0.324872792,-0.62234664,0.542759299,-0.197337374,-0.0340855457,0.394022405,1.89346027,0.0782825947,0,0.536235809,-0.394674748,-0.140908673
-0.873326957,0.181188643,-0.0197322685,-0.82875526,0.141143754,0.327555656,0.0292501859,-0.387216747,0.118393615,0.464288652,-0.0756790489,-0.210322767,0.490288794,-0.381761342,0.0849648267,0.0291341133
0.290760785,-0.490288824,-0.23121576,-0.0682504326,1.15050733,0.372823775,0.445717126,0.333127111,0.251992673,0.291341126,-0.0219376385,0.644200504,-0.292501867,0.522092581,-0.0171786807,0
-0.0618414879,0.109163672,0.273178041,0.139815524,0.142683536,-0.0113376053,-0.0604971051,0.136230528,-0.243512064,0.785834968,0.352765352,-0.098229371,0.109701417,0.2868011,0.170646653,0.299348652
0.179162532,0.333517939,-0.190187916,-0.403214127,-0.148645833,-0.15908058,0.0590645708,0.809972167,-0.323772281,-0.21853891,-0.240983456,-0.0137817329,-0.371614605,1.04367101,-0.0939126685,0.759373486
0.628138483,0.501590431,-0.709436059,0.0600783639,-0.451993823,0.0267156977,-0.530990481,0.209635139,0.224590823,0.155372873,1.31149793,-0.323911875,-0.0269713514,0.132939354,-0.322122306,-0.154669836
0.161422744,0.256403565,-0.342822671,-0.231164515,0.607520342,0.0149828857,-0.0231877994,0.359589249,-0.0134667605,-0,-0.144477814,0.351027578,-0.0353167988,0.0717038065,-0.224743277,-0.0615368485
0.154770508,0.0605368242,-0.317671388,0.0374681801,-0.0262522139,-0.0270358622,-0.0135179311,0.264481276,0.132436544,0.202964872,0.582838356,0.121955246,-0.398093283,-0.105302721,-0.426108718,-0.0710181147
-0.33131212,0.206532225,0.0590433553,0.0784057528,-0.208444566,0.205576062,0.883339643,1.44253826,1.10915458,0.0975291058,-0.160954893,0.0430275463,0.852901578,-0.0640632361,-0.385016859,0.239041924
-0.0723704919,0.629912734,-0.179382339,-0.357461989,-0.0349308252,-0.0764232427,-0.150723621,-0.435187906,0,-0.0590543225,0.301061243,0.145705923,-0.349694222,0.176584005,0.0142811108,0.578963935
-0.211023584,-0.70057559,-0.22038351,-0.311429948,-0.0433959812,0,-0.357378662,-0.256121367,-1.1334008,-0.256759554,0.291008323,-0.0516213626,-0.251866847,-1.35236621,-0.814029157,0.389287472
-0.0704581589,3.38648295,-0.0729845464,0.0200707503,0.218111515,-0.373344034,-0.354676813,-1.35638976,-0.722546995,-0.286323965,-0.222602874,0.85223496,0.304850817,1.15596282,0.751600444,0.185268462
-0.479545861,0.3393372,0.0315798521,0.495335817,-0.200298131,-0.409368426,-0.149858087,0.205707639,-0.69709599,1.01406407,0.1456182,-0.0546068251,-0.129243463,0.27895534,0.453521758,-0.64212364
0.769285202,-0.477368921,0.0348518714,-0.910855055,-0.415042579,0.507514536,-0.0833137929,0.0321807452,0.0507514514,0,0.268639266,-0.0747280195,0.33885181,-0.415169775,-0.254647642,-0.325623333
-0.021614654,0.114827849,0.59890604,-0.0670954883,0.174605876,0.249018818,-0.29123494,0.0260051303,0.142296478,-0.837117493,-0.365873069,-0.771260381,0.406625688,-0.524380505,0.3940171,0.0427227132
-0.769144833,-0.552436829,0.33329612,-0.474212408,-0.0699903071,0.247024611,0.563290954,-0.654615223,-0.0580133572,-0.599596083,-0.336851746,0.0797215775,-0.119020946,-0.730593979,-0.663597941,-0.293809593
-0.136442512,0.28794682,-0.437679172,-0.185467303,0.264763415,-0.454808354,0.15357165,0.708792269,-0.459385961,0.467802852,-0.935605705,0.178822383,-0.114588082,-0.0448901765,-0.419073403,0.45894295
-0.854761362,-0.125161469,0,0.375908405,-0.0525746047,-0.0153483925,0.349027544,0.11617291,0.179092854,-0.52150619,-0.0251001343,0.203260198,0.184519902,-0.518283844,-0.139916286,0.363273561
0.0396678038,-0.0745635405,-0.887604415,-0.447381228,-0.331062108,-0.465872973,-0.0557735302,-0.456328869,0.662124217,-0.0365361348,0,-0.566086411,0.755477786,0.563700318,-0.406818658,0.128845796
0.0522120222,-1.21884191,-0.277902693,1.1767354,-0.31018433,0.242813975,0.118389361,0.619807184,0.0517909564,-0.379800349,-0.022035718,-0.143723413,-0,-0.218953624,-0.494049221,0.0996519774
-0.351273209,0.572791219,0.0282347277,-0.571753204,0.378677487,0.222348467,-0.45507738,0.716248572,-0.190999627,0.504488111,0.170653999,-1.06565332,-0.327086836,0.26034081,1.18959546,-0.266465217
0.119320668,-0.681311905,-0.296935409,0.281060666,0.0299277566,0.0806748196,-0.0326602906,-0.0377349965,0.320617348,-0.184250876,-0.24670881,0.728675783,0.569278002,-0.665176928,0.0759904757,-0.447354883
-0.516846478,0,-0.153977185,1.06814945,0.263161004,0.382897079,-0.877992988,-0.651657283,-1.10260582,-0.088509962,-0.126627386,0.127919495,0,-0.423491091,-0.359208316,-0.330135673
-0.468807697,-0.209232152,0.18295534,0.449407071,-0,-1.43220878,-0.185656697,0.612961769,-0.185411111,0.116035432,-0.0523080342,-0.429760873,1.18663108,-0,0.304516256,-0.0486243702
-0.297897011,0.518463552,0.538245738,-0.276951134,-0,-0.312601447,-0.325507492,-0.469695568,-0.0883323848,0.380834252,0.0637368411,0.182165712,-0.139956594,-0.0154449446,-0.611450553,-0.756379128
-0.0894053727,0.26461935,0.170846477,0.205015764,-0.487105161,0.0187545754,0,0.316644013,0.152605712,0.36147517,-0.285172313,-0.467579812,0.480939269,0.478627026,0.239891574,-0.130254373
0.463650584,0.10699629,0.267156363,-0.609878838,0.88762337,-0.345731735,-0.102983929,0.640417397,-0.156036258,-0.0852626711,-0.0141547173,-0.254116178,-0.104544289,-0.780181229,-0,0.193596408
-0.345471084,-0.156686097,0.181712329,0.110985979,0.0722224936,0.156686082,-0.289434016,-0.264407784,-0.61980772,-0.589477003,-0.166478977,0.0794311389,0.297050714,0.0476042777,0.154509887,0.304667383
0.112822145,1.23176074,-0.0606954582,0,0.0742626786,0.88662976,-0.185656682,-0.552209675,-0.408444732,-1.35576987,-0.211839035,-0.238497451,0.0368933156,-0.124961242,-0.145669103,0.363696694
-0.423149168,-0.187016815,-0.717370093,-0.100309022,0.171432078,-0.405203104,0.0275802575,0.179082781,-0.112587899,0.315472811,0.18295534,0.150180176,-0.146118686,0.18890588,0.498239249,-0.0256912
-0.135196149,-0.0514126197,0.294738501,0.24046962,-0.295962602,-0.0918082595,0.361792535,-1.30163705,0.877006829,0.249174401,1.18901885,-0.0364512764,-0.141860753,0.36396873,1.10333121,-0
1.25348866,1.88144207,-0.705087364,-0.05633929,0.802290857,0.251471519,-0.123317748,-0.452165097,0.137825727,0.0696382672,0.236479923,0.382043242,1.05037713,0.541630924,-0.0928510129,0.231885746
-0.348009944,0.818510294,0.218269408,-0.138898715,0.3243514,-0.422038406,-1.31305075,0.0511330441,0.538041711,-0.233532995,0,0.645650029,0.602912009,-0.0587648377,0.668545425,-0.108371526
-0.09932293,-0.142336801,-0.422317982,-0.36991924,0.0192910675,0.0550056137,-0.233317643,0.155110613,-0.0504435375,0.214287266,-0.176747888,0.650682509,-1.86028469,0.146638185,-0.209855542,-0.285455674
-0,0.221246555,0.366024017,1.41482949,0.253889501,-0.848716259,-0.284870058,0.100497924,-0.500524998,-0.195857614,0.329149604,0.495689005,-0.413477182,0.0309805628,-0.123317748,0.155960694
-0.236887962,0.33566308,0.345282167,0,0.668167651,0.140697092,-0.222674683,0,0.17443569,0.685395837,0.0519717857,-1.45090294,1.00785065,0.115572609,0.0325900428,-0.0445062257
-0.251350611,0,0.0173491165,-0.337673038,-0.316515565,-0.451500148,-0.298320144,-0.403366953,-0.691002607,0.538668871,0.248917505,-0.447268665,0.0173491165,-0.252196908,0.145457521,0.170105964
-0.311195999,0.0147346593,-0.218662336,0.0522589236,0.895277858,0.178780511,0.403140247,-0.43938753,-0.571115375,-0.277011573,-0.036738418,0.160313085,-0.913548827,0.642529309,-0.371313393,-0.194497481
STEP=0 CP=Q COUNT=1536 MIN=-22.7074814 MAX=27.268177 MEAN=0.0660608569 L2=110.20518 FIRST8=0.0641878992,-0.656107485,-0.38976565,0.0929324031,0.94402045,-0.0188303441,-0.426506877,-1.29238117 HASH=0d4684c252c5f6fb
STEP=0 CP=K COUNT=256 MIN=-353.64679 MAX=316.209106 MEAN=5.73280253 L2=1236.15452 FIRST8=5.27876711,0.298732519,-2.05687737,1.31355441,3.02679086,-0.412768811,0.366077363,-3.90271473 HASH=412e48bb351239e1
STEP=0 CP=V COUNT=256 MIN=-0.960570812 MAX=2.06359482 MEAN=0.000463130375 L2=5.10338232 FIRST8=-0.349498987,0.397680312,-0.349339575,-0.465925694,-0.194402874,-0.118571565,-0.709268153,0.112094685 HASH=3681497767e64144
STEP=0 CP=LAYER_0_Q COUNT=1536 MIN=-22.7074814 MAX=27.268177 MEAN=0.0660608569 L2=110.20518 FIRST8=0.0641878992,-0.656107485,-0.38976565,0.0929324031,0.94402045,-0.0188303441,-0.426506877,-1.29238117 HASH=0d4684c252c5f6fb
STEP=0 VEC=LAYER_0_Q N=1536
0.0641878992,-0.656107485,-0.38976565,0.0929324031,0.94402045,-0.0188303441,-0.426506877,-1.29238117,-1.10877275,-0.639724374,0.499049217,0.195799053,0.720577002,-1.80179691,0.748688698,0.49689883
0.430340946,0.47594291,0.450909138,0.923855543,-0.200087309,-0.957207918,-0.891706586,0.449992001,1.20013964,-0.930509806,-0.619232416,-0.788353145,1.2642864,-0.0533171594,0.425429881,0.526776791
-1.704368,-0.602363229,-0.0698556006,1.38669181,1.24709547,-0.289316028,0.595971584,-0.960758269,0.289314181,0.359679401,-0.0921760201,-0.994706571,-0.773889124,-1.10600936,0.887818635,-1.45817292
0.112958595,-6.59696484,-1.13654327,0.158398151,1.09079885,0.270586967,1.25368476,0.803114295,0.636484742,1.58938396,1.90553713,0.698146701,-0.798514843,0.850594282,-0.943309963,-1.19545484
-0.322419554,-0.331919938,-0.215157583,0.147369742,-0.102430597,0.34527877,0.582740784,0.349767625,-0.161194906,0.484038591,0.691520631,0.0385701284,0.385412991,0.156647056,-0.248472571,0.68566829
-0.152380526,1.40848088,0.500747204,1.04736102,0.534858584,-0.349711001,-0.0717658401,1.18871641,-0.494908303,-1.27814806,-0.0634797812,0.487356424,0.782418489,1.08171868,-0.0267106891,0.276793987
2.29035282,0.0188632905,0.932871044,1.76812816,0.867914975,0.908740401,1.38947237,1.50088799,-0.175936311,1.0809021,-0.338677973,0.286412716,-2.20775938,-0.644337654,-1.64993429,-0.70703876
-0.610955477,7.24375677,-1.75028229,-2.97784662,-0.292687774,1.23123312,-1.14404774,-2.84545135,1.41476035,0.165639073,-1.05266631,1.23204672,-0.891239405,-0.402291656,0.546953559,0.761512339
16.3119793,8.47030926,-0.187912017,-4.46872473,12.8005829,-1.7994132,2.07195616,-14.4132261,0.787122369,-2.11996508,-0.828629971,2.41741323,1.82606101,-11.3335505,-1.96649623,1.49118102
0.195227087,1.09937668,-2.10099006,2.19650006,-0.0194362402,-0.794798315,-2.31544733,0.432388335,1.4472636,-4.4043746,-0.126880646,-1.45445347,-0.58821106,-0.324217319,-3.93564558,0.405660748
-0.54258579,-2.28400183,-2.93519878,1.89087808,-0.935012221,-0.167222798,-1.39391983,1.35158658,-1.81284451,0.0102760792,-0.308090538,-3.57101083,1.14191389,-0.114091218,1.70957124,-0.699946165
1.14813852,-0.333299398,-1.74398887,-1.6105963,-0.725712657,-0.494962811,3.50895214,-1.32448506,2.17267704,11.6466999,11.7654324,2.59616661,0.00470733643,8.80124092,-9.70721626,-10.3159695
1.6653471,0.553799689,-20.9042892,-2.18180656,7.73725653,0.849672139,0.763629079,-5.11493635,-1.32473445,0.230760157,1.5254966,0.733687401,0.855131626,-0.598104715,1.27334261,-1.09512806
-0.843224764,11.8503895,1.60189331,2.15754938,0.683341086,-4.15089798,-1.36598182,1.41138959,2.02560091,-10.5249844,-0.491968423,3.32263446,-0.68753773,1.03621066,0.530251265,-0.970402718
3.38116646,3.07327223,0.514596224,5.30961943,-1.96259356,-4.03016329,1.94400823,2.3122108,1.08021772,-0.785833001,-0.591297865,-1.83894682,15.1223373,0.136919826,-1.71481097,-0.599031866
0.459925264,3.07280684,-0.552807987,1.26276088,-0.251452029,-0.413983285,-2.51743078,-11.0996351,12.2101231,2.90095305,-7.76737213,10.0644922,-8.62297153,-2.1011107,2.81881618,2.88812447
0.854084671,-0.951120138,-1.9373014,-0.331787437,2.17410564,1.18605971,0.233447433,-1.77330756,-0.868945181,-0.34225744,-0.350185215,0.219586611,-0.265903592,-4.76420546,-1.59829092,-0.813810885
0.229943737,-0.0446326137,-0.809544802,0.233525157,0.943792224,-0.907041669,-0.609952807,-1.2316339,-1.444103,-1.89595854,-1.16548729,0.363092065,0.362603307,0.689116716,-0.0238567442,1.02315819
-1.19350171,-0.214361563,0.141251072,-1.27603102,0.667421401,-0.0350485742,-2.02199697,-0.0579097867,-1.19375443,-1.83925915,-0.534772873,-1.62269342,-2.18704915,-0.555258811,-1.00811291,-0.252939194
-0.960441351,-1.70981455,0.194857389,0.00195438415,0.676647007,-0.292107046,0.28558284,0.326971114,-0.639238238,-0.12002787,0.821965516,-0.192915276,0.893657982,0.658054113,-0.28055051,-0.269727051
-0.941689014,-1.00092459,-1.19905531,-0.333328664,-1.81299853,1.07670617,1.24062383,1.91448832,-0.169721276,0.0506904945,0.410574436,0.931409955,1.52204847,-0.407664001,0.15635094,0.347726852
0.47784245,3.69164228,0.340278924,1.83209813,1.34406769,-0.523875833,0.20586428,-0.528212965,-0.271580577,-5.21070385,0.296703994,0.747155964,1.05066156,1.19981778,-0.658596575,0.516175866
0.504995227,-0.268439889,0.818689108,5.7766943,-0.215322405,-1.39901185,0.5215078,1.56891537,0.965968966,-0.192824423,-0.640163362,0.580031037,-0.831687093,0.123796344,0.532572746,0.168495625
1.21474802,0.767322481,-1.70216143,-1.20070744,0.213668928,-0.638039172,-1.12346482,-0.489146829,0.356215149,0.399617553,-0.338854462,0.595756888,-0.604467511,0.920434117,-0.181290284,0.199678481
27.268177,9.07016563,0.934632182,-6.61005306,20.6100864,0.319030881,-0.021790266,-16.5985565,1.73377585,-0.79259032,-0.802195787,4.83933449,-1.40581679,-12.4949188,-2.62349987,0.0296622813
-1.46363056,0.759663343,1.38812625,0.17077738,-0.00671315193,-2.7458601,0.176561654,1.64128351,-1.51111174,-3.81993437,0.688967705,-1.38323092,2.1235013,0.304473966,-1.17329645,-1.65213883
-1.15856886,-0.388036072,-1.58093548,2.91698384,-1.26504278,0.480164319,-0.510433078,-0.542999625,-1.45812058,-0.250303507,-0.481895685,-0.477579832,-2.29576731,-0.17089197,-0.0633804798,-0.991152108
-1.29343462,-7.14504814,0.238521099,0.000754214823,-1.83321238,-1.53778446,3.0570538,0.282855153,-0.0120638609,7.80551434,9.66513443,-0.0896720886,3.03175735,6.12488651,-5.52150011,-5.04267693
0.578384042,6.33191347,-22.7074814,-10.0670824,8.31345749,0.578151226,1.0086602,-7.33641434,-2.35193157,-1.34104979,0.315992773,-0.592339516,1.18108153,-2.75693011,2.05540323,0.694573939
0.603852808,15.5258636,0.224011242,3.23978448,0.513092637,-2.15701056,0.964172125,-1.68032098,1.89842474,-15.7510586,-0.895389378,0.242292166,-2.21774483,1.82421827,-2.08907604,1.6366899
2.29697919,0.0977561772,0.58051008,9.77474308,-0.926270902,-0.65312469,1.54376554,-0.201017499,0.993222475,-0.147931635,1.68004763,-1.82329118,18.2495537,-0.0889345706,1.18682694,0.148737133
-0.134921253,-4.78738928,-2.59522939,-0.736534715,-0.202941656,-0.973172069,-1.57551539,-8.35415745,9.78479767,3.78137636,-4.97595787,8.38719845,-5.64312649,3.08560395,-1.11530828,-1.31303978
-0.258713037,-0.307487249,-0.121317513,-0.263032496,0.0958441794,0.350473672,-0.189025,-0.221954823,-0.466130257,-0.93446964,-0.421412319,0.875252128,0.732143402,-1.06208849,-0.581216395,-0.681880951
0.466142267,0.21269457,1.03523374,0.0519944429,-0.258042037,-2.46737099,-1.42262197,-0.245799705,0.20855692,-1.2934978,0.176220745,-0.6247859,0.121280827,-0.13839069,-0.690530539,0.599972665
-1.37839806,-0.154898465,-0.178611994,0.0136984289,0.0762661621,-0.159930915,0.195296377,-0.545550942,-0.0503555611,0.192916974,-1.00780237,-0.605692267,1.73792768,-1.05288887,-0.527707636,0.00503596663
0.467200905,4.46831608,-0.0843096226,0.101338148,0.311515033,-0.881803632,1.02407444,1.66045833,-0.483311445,1.47276354,1.72524095,-0.00720611215,0.132815689,0.897548556,-0.832901835,-1.02520847
-0.0789798498,-0.233980596,0.348370194,0.240518302,-0.396996319,-0.358409673,-0.229767695,0.255174518,-0.682335258,0.0247624442,0.520621777,-0.295106202,-0.54105705,0.272586703,0.763991952,0.333541572
-0.420474946,1.0061276,0.719588161,1.20261335,-0.352705359,-3.28393412,-0.0163604841,0.500528395,0.886291981,-1.45046663,-0.183606416,0.0714925677,-0.0410415381,1.17343783,-1.21678448,0.19420296
1.55781734,0.31710133,-0.01965186,1.40828538,-0.209552959,0.465943635,0.873996139,0.111206442,-0.177678704,0.520549715,-0.188905627,-0.22069931,-9.6012249,0.221991062,0.814850807,-0.695987105
1.75504899,-3.44236279,-0.943658888,-3.31446362,-0.364691019,-0.120163485,-0.209687293,-2.07186818,1.40047717,1.41659927,-0.815408587,1.14162076,-1.08111954,0.14889133,0.361594051,0.300627828
1.65767467,-1.08829939,-3.23395061,-0.800349236,5.02175903,0.150330722,0.648949742,-2.35448766,-0.989295423,-0.939827502,-0.651437759,0.777395964,0.70179379,-3.30791235,-0.238651872,0.207594141
0.111728907,0.643763244,0.284259945,1.14695144,-0.0792702213,-0.771057129,-0.367105126,0.139892891,0.204123512,-0.776951432,-0.210776076,-0.365173221,0.619577348,-0.0974014774,-0.0819675326,0.0103222206
-0.577441931,-0.0909571648,-0.438961267,-0.367303133,0.422483742,0.0887077898,-0.565330386,-0.396344185,0.701768458,-0.40103814,-0.0980357081,-1.16628778,-2.28145099,-0.0478028655,-0.176205069,-0.44654727
-0.0631000102,-2.11385417,0.107771605,0.339086324,0.615610361,0.422531366,-0.450865209,2.01603317,-0.45031184,0.731635571,0.923775911,0.0254345238,0.506864548,0.583288074,-0.71378094,-0.92712146
-3.95173097,-1.45337701,-4.25635958,-0.728834629,0.270054638,-0.0483185947,0.594246566,0.345952213,-0.674540579,0.548561215,0.871525645,0.291823626,-0.0448735654,0.897618532,-1.39905238,0.118489549
0.251904309,4.36251974,-0.373496145,1.30501533,0.288435102,0.183808118,-0.744102716,-0.0810541809,0.894151866,-4.00814152,-0.308161855,0.417878389,-0.625567198,1.12546611,-0.438368738,0.315798014
0.552268207,-0.196609855,0.148401469,7.99323082,0.4392187,-0.000279899687,0.164625555,0.0917784274,-0.696176767,-0.25190571,0.225551829,-0.582656026,3.60026598,0.225110441,-0.479608297,0.224182218
0.409710526,-0.620241523,-0.797901213,-1.72644246,0.902666748,-0.316872925,-1.77195787,-1.50697768,0.995624125,0.0314716585,-0.935433865,1.37226856,-0.924046278,-0.0135956407,0.188977316,0.220605522
14.1039381,3.04446697,4.35169935,3.40861464,-4.16599941,4.24541235,-3.78530741,-4.24121571,-0.147684216,-1.48264599,2.98237276,-2.86171985,8.19748306,-0.267436326,0.774655461,-0.584315956
0.970499516,1.17038333,-1.27184761,-1.3593297,1.49790585,2.21376109,1.5345006,0.21203208,-0.318387419,0.364809394,-0.188799053,3.07431531,-0.243465304,0.516809225,-3.38049626,-0.354316741
-0.794149578,0.418958962,1.5512507,0.202410817,0.405853629,0.307876885,-0.664110303,1.19440997,0.0300882757,0.931198955,-0.744987607,0.172837555,-0.507830501,0.683682978,-0.136708379,0.501763523
1.82928848,-1.42274189,-0.662079811,2.01303625,-0.883943737,-1.16226625,2.19844627,5.10866928,-1.27287769,-5.29685163,-3.23438692,-5.08585501,3.2265358,1.73271632,-2.73775363,-3.30540085
0.0676434338,-3.48642612,6.40049601,-9.14380264,-0.192335367,4.04527283,-4.17073727,2.04958725,-4.75793362,4.51857042,-2.01341033,1.28633094,1.17957282,2.09206867,4.31165409,2.12927008
-2.58165789,-0.052603662,0.917292774,-1.64208698,-1.42004573,6.51127815,0.0622956753,0.020709008,-1.86077118,-2.98256612,0.165178537,1.23157239,-0.0126083791,0.543179393,0.496995211,-0.149245769
0.0987680927,0.485472053,0.879685938,0.933190286,1.38781166,1.28700209,1.09992838,0.745637298,1.02258146,-2.32705641,0.272393942,0.544152319,-0.426519722,-0.789458632,0.832807302,0.198123425
0.844594717,-1.75440145,-0.415578365,1.01790535,1.41396725,-2.66213846,5.53343964,-1.02418482,3.65892553,2.90695381,-6.02877474,1.78759646,-1.64279842,3.80791998,1.51384676,1.5498724
2.45671153,0.227368802,1.32223916,-1.60558772,-3.39915872,-1.57619858,-2.63340569,-1.73093915,-0.46084249,-0.712094665,1.58560479,-0.550728261,3.51376796,-0.653102756,1.72653544,0.184747607
-1.46791828,-1.27319908,0.06016469,0.0395250767,-0.423083127,0.502189159,-0.203816801,1.00642562,-0.590338826,1.40842843,0.356541842,-0.0448347256,0.365917891,0.812055707,-3.32374001,0.67079401
0.958722591,-0.0689947158,0.763828635,-0.59073478,-0.129340291,0.0326756462,-0.979347467,-0.375244886,-0.298175663,-0.151711524,0.308892161,-0.736704111,0.757272124,0.629696488,1.44750118,0.0522775501
-0.837250531,-0.185999155,0.10420166,1.57316089,-0.419585556,-0.00926554203,0.707467735,1.45751154,0.0429022014,-0.818338454,-1.42220247,0.193660423,-0.352111399,0.777462542,0.477916032,0.70361042
-0.753950953,-3.40197706,1.29592633,-3.05993366,-1.33821774,-0.0259461701,0.166248649,1.35069239,-0.931750059,2.24221587,0.542147875,1.51968884,0.875832617,0.383959413,0.490648389,1.72261655
-0.292945921,-0.514273047,2.05508947,-1.99180329,0.136971474,3.58526754,0.665506065,-1.09994686,-0.255173653,1.13362515,-1.12470543,-0.165772825,-0.196164906,-0.19474335,-1.11666274,0.313333452
-1.53099954,0.559985399,0.505590975,0.418217838,0.531457603,-1.23772085,-0.449182093,-0.596519113,-0.970866382,1.13085628,-0.478282154,-0.59217751,0.442079067,0.00791454315,-1.76752257,0.166210562
0.204275325,0.157594249,-0.679637194,0.508787453,0.587542057,-1.83760858,2.05778241,-0.437548697,0.878057957,1.15911508,-0.168137848,0.951248467,-1.04967666,-0.022287488,0.89644295,0.803182781
0.250712276,-1.11683333,3.53000736,-1.48626018,-2.76615047,0.299651265,-2.55188799,-0.312097639,-0.134573817,-0.41523993,0.260641485,0.174981773,2.6522603,-1.91045535,1.41261709,-0.173207074
-0.570846796,-1.30437732,-0.376397371,-1.18091083,-1.64051771,0.558271408,0.0819256306,0.535571337,0.0695474222,1.70317531,-0.349386662,0.281739593,1.3975755,-0.0228570774,-4.56499958,0.776702464
-0.268001676,0.543037415,0.00426825136,-0.5665043,-0.598616958,-0.307385206,-0.0230425708,0.0988591015,0.432197541,0.0664197132,0.137269944,-0.3469643,0.204004377,-0.151958302,-0.331425309,0.113519147
-0.10422878,-0.611043334,0.232886553,2.57660127,-0.452838689,-0.821147621,1.36152601,2.27788353,0.704394937,-1.08540428,-2.86266994,0.164005071,-0.268783152,1.48205256,0.546336651,1.53594971
-13.9515877,-1.15385497,2.25982332,-1.24100196,0.00340944529,1.15438199,1.53320074,1.64161837,-1.54197669,3.31359434,-0.561156154,1.1529901,-0.773990214,0.946689963,-0.765278459,1.59048319
-1.27279544,-2.32229829,0.994607329,0.0148482621,-0.554581523,3.30425,0.0743876398,-0.656363547,-0.205518425,0.0787783861,-1.29657638,0.145117253,0.590304971,-0.186804935,0.312190622,1.09393609
0.263033807,1.2445364,0.274946749,0.22558035,0.16359216,0.0209069401,0.14208138,-0.339102715,-0.396180987,0.0219539702,-0.937363505,0.30780381,0.0276980586,0.522951365,-0.868709445,0.093150042
0.297421098,0.0344686508,-0.69855839,0.437350243,0.516062975,-2.89147377,2.53907728,-1.25749385,2.18555808,2.17402649,-0.189482987,1.62686443,-1.77521956,-0.460540116,1.4467032,1.63633811
-0.337443292,-0.265082151,0.023830615,-0.105863899,0.274100333,1.67442095,0.48056978,1.16662455,-1.30045998,1.51452231,-0.929996908,1.32466578,0.593639135,1.0757668,0.751016855,1.60885286
-1.64182568,-1.71605611,1.42862892,-1.62216544,-1.67695367,1.15645957,0.112064257,-0.237619758,0.024621807,1.1658529,-0.72815764,-0.798179269,0.355063498,0.53189683,-1.66458106,0.051310692
-0.742237508,-1.04747963,0.560493052,1.27564931,-0.377620876,0.82094264,0.910564661,-1.38913643,-0.534276724,2.27433872,-0.792408168,-0.138139352,2.48189187,1.63701653,-0.939999402,0.640880883
1.20198667,1.74056435,1.04918921,0.350604028,1.59779322,1.65007699,-0.478586972,0.452621192,-0.414929897,-0.286213309,-0.704542518,-1.05235839,0.997319758,0.126379907,-0.571538925,0.12716198
0.0729921758,0.918761134,-1.12998796,0.76216203,1.09584522,0.108059578,1.12574792,-0.477572024,0.220947206,0.31821236,-0.351549864,0.968185246,-1.23079252,1.25371444,-1.30993915,0.636454761
-0.0787275732,0.604799092,0.0275083184,0.674007952,0.617581308,-0.177089632,-0.674663067,-2.34766722,-0.252570063,-1.61686492,-0.108153731,-0.399539798,0.251085103,0.244413584,1.13866341,0.225025699
-0.600252807,-0.197735369,-0.515806854,-0.236196324,0.610407233,0.782325149,0.736661375,-0.0107933879,0.15965341,2.95599151,-0.606414557,-0.103885472,1.71831465,-1.78634393,-0.699911356,-0.977393389
1.05840516,-0.264912993,-2.31616187,-2.03216791,2.61030483,-2.73226953,2.36140728,1.10620916,0.462432206,-0.382297277,-0.382147074,0.353435487,-0.3332614,0.449402243,0.305852085,0.283140808
12.6347704,0.52692318,-5.30199718,2.20919394,-5.94004202,-5.45716381,-2.32700181,0.154528737,3.22157359,-4.24629068,3.73260522,-1.86789751,6.42417479,-1.16945601,3.31997299,-0.161098123
0.999008358,-0.612256289,1.97653019,2.43322325,0.323323905,-0.305005431,-0.284586102,3.35009503,1.40656149,2.37150097,-1.04426324,0.574544072,-0.160200775,0.681959212,1.48771966,-0.979808092
0.768060863,-1.29246664,0.703860521,0.727036357,-0.11594823,-0.562664628,-0.106452286,-1.35515451,-0.810537934,-0.906786084,-1.03694332,-0.528653324,-0.0210534036,0.0655345768,0.34218052,-0.816805065
-0.206314236,-0.746245384,-0.662005842,5.67388058,1.0823493,-5.71352816,4.17649031,10.17309,-0.503660679,-6.25843239,-6.01157093,-3.6667254,4.7067194,4.91357994,-4.122334,-3.05932355
5.48513079,-7.11923218,7.55130863,-9.43592262,-5.15346813,3.39506626,-6.57136154,6.94049978,-4.16495466,5.29443455,-1.2465086,1.47901487,1.22249806,-0.177048713,2.64020681,1.89819503
-3.32636976,-1.65972829,1.490201,-2.69868898,-2.16467261,8.19067669,0.40318048,0.312606663,-0.5381037,-4.60671186,0.0953837037,-0.748744726,-0.0496568382,0.371504933,1.66713917,-1.22667837
-0.528357267,-0.142632559,0.594974339,-0.206537575,0.912541449,1.30551648,0.282069832,0.585906506,-0.243226707,-2.39907074,0.549677551,-0.585944712,0.72745806,0.236593604,0.719222009,0.579339623
-0.269987404,0.820749938,-0.254990339,-3.32559562,1.46107078,-6.97053242,8.7761879,-4.9678545,9.11753273,5.93772316,-5.41926813,5.4378891,-5.72752428,4.55359364,4.70937443,4.35472488
0.904693723,-1.95655847,4.2940464,-1.52451313,-1.39318073,0.385128051,-2.05421495,0.66329658,-2.0150876,2.19931769,0.327925384,0.188870594,1.84566462,-0.869243205,0.874233484,-0.726333499
-0.284213156,-2.13063216,0.463278472,0.264903307,-0.842042267,0.250958323,0.25749588,1.30152762,0.32639423,0.38688004,-0.0113524534,-0.860519946,-0.958732247,-0.155178547,-5.13062906,0.0958059207
-0.0124839097,0.538079381,-0.491355777,0.347694159,1.16962349,-0.449483246,0.0470028818,0.478280097,0.498868763,-0.53565526,0.0808610842,0.295713097,-0.182520777,-0.0454342514,-0.468843073,-0.0823109746
-0.0700291246,-0.19289428,-0.316523105,0.109337121,0.14086017,0.319816679,-0.293372393,0.676162124,-0.811973214,-0.765061259,-0.468902797,-0.912358224,0.603995562,0.184876651,-0.274538547,-0.220835328
-0.944872916,-0.28579706,0.966193557,-0.068497628,3.6472404,-0.0136970878,3.65038013,-0.785302758,-0.661509752,0.354256988,-1.40453279,1.0031209,-2.38525796,1.91607296,-0.741112292,1.55823064
-1.08885455,-0.771465421,1.72086453,-0.54704535,-0.887066007,3.12415695,0.745202065,-0.358735502,-0.3575252,-0.0440218151,0.508538008,0.345051885,-0.190173641,0.32854414,0.202729568,0.146283135
-0.22490181,-0.39862442,-0.196515143,0.187265545,-0.422331333,0.430588901,0.111602463,0.244880408,-0.0159153342,0.84057337,0.22793977,0.178012148,-0.104805768,0.0384763628,-0.116808951,-0.0678355545
0.0381503999,-0.0197154954,0.230327129,0.936635196,0.171770692,-0.732028067,0.720546126,0.22082682,0.462666333,0.242310882,-0.920925856,0.145184755,0.0589846969,0.447261691,0.197212353,0.17541033
STEP=0 CP=LAYER_0_K COUNT=256 MIN=-353.64679 MAX=316.209106 MEAN=5.73280253 L2=1236.15452 FIRST8=5.27876711,0.298732519,-2.05687737,1.31355441,3.02679086,-0.412768811,0.366077363,-3.90271473 HASH=412e48bb351239e1
STEP=0 VEC=LAYER_0_K N=256
5.27876711,0.298732519,-2.05687737,1.31355441,3.02679086,-0.412768811,0.366077363,-3.90271473,-0.78259486,0.671857655,0.985947967,0.611536384,-0.141739443,-3.36944675,-0.778717101,0.633406818
0.412346542,1.97350323,0.156606585,1.13572216,-2.50556588,-0.548687816,0.0922697783,1.27369463,1.95699859,-3.69724798,0.00278420746,-0.72385025,2.30425596,0.983206749,-1.05991578,-0.107262969
0.359603763,0.259040833,-1.60725558,5.7366724,-1.01619434,-0.43339923,1.27575874,-0.250980467,-0.171454877,-0.443394482,2.67225599,-1.05413628,-1.6117537,1.88743424,-0.0256917477,0.320229113
1.43623745,-6.91121006,-1.72441149,-1.01063108,-3.56565332,-2.86373448,7.28746653,-11.008009,65.6912079,150.346954,111.011528,207.655167,-174.871185,316.209106,-321.110474,-353.64679
-2.07076597,-1.26314342,-3.36298609,0.0186986402,1.44141281,1.31585789,1.19174242,0.411781132,0.419764876,2.47533941,2.2310648,2.02463889,0.466396958,1.8339622,0.218752503,0.0164418519
0.113380536,4.12158966,-1.70227671,1.39963412,0.933470845,-1.75728631,0.550679564,-1.08768594,-1.14892447,-3.25778246,1.55787933,2.05331182,-0.762955725,0.260690331,-1.05573392,-0.45127213
0.728461146,1.03653765,-0.746695161,4.70892572,-0.776324272,-0.478641808,-0.592797518,-0.0317280293,0.580797791,0.0907038152,-0.123736978,-0.92759347,10.4701681,1.25421548,-0.511825144,0.934565783
-0.999564171,-0.73773998,-3.27438331,-3.96087551,0.191781223,-2.06812668,-3.98577547,-75.1699524,137.61644,-37.200016,-166.427216,220.737747,-280.851807,-222.643875,275.1586,287.190063
5.85405445,-0.475331694,1.31849754,-2.13680267,-2.7645483,-0.792205513,-2.77443433,0.507148325,-0.508083105,-0.321959347,0.365111172,-0.688255906,2.85252619,-1.90210915,2.74176073,-0.312278211
-0.216547698,-1.48110676,0.598144174,-1.41615832,-1.70802522,1.17901969,0.526645303,3.21972466,0.0491166487,0.944518328,-1.32841372,0.837414622,0.114418447,0.719905496,-4.38401127,-0.369176865
-0.506168842,-0.178133428,0.298580438,0.676154137,-1.00797737,0.34948796,0.193815365,-0.711204469,-0.771052003,-0.197532415,-1.05384636,0.520739794,1.82047975,2.32206941,-0.458726227,0.30546993
0.502565622,0.836787105,0.282426596,67.1563873,-0.14522779,-75.4801941,87.2332764,59.706871,68.6807175,17.3685856,-245.026581,81.1698303,-125.166924,287.090759,176.337708,211.308395
-2.38435245,-1.97557664,2.24577665,-2.72643948,-1.15567756,1.34369159,0.162280321,2.64896059,-1.990116,2.58358693,-2.16630173,2.21078277,-0.216095477,1.94363618,-0.0627316236,2.90792322
-1.96083653,-1.74856091,1.98591042,-2.44078302,-1.79188251,4.396245,0.221484497,-1.10372305,-0.758362412,0.855629861,-0.452888966,-1.8158648,0.671795487,0.110330358,2.35501099,-0.0621307343
-1.34449232,-0.97713995,0.314993978,0.535279989,-0.0682782531,1.5809654,1.42959166,-1.17249262,0.0500872135,2.96971273,-0.886614084,-0.867429256,2.06331277,0.159413278,-1.28507829,0.334279895
2.18947744,-0.0962986797,-2.32566071,-23.6543827,5.15929985,-50.6011391,85.999588,-119.268547,127.859085,203.76442,53.8683243,275.917267,-275.946014,-151.906113,289.70166,292.024567
STEP=0 CP=LAYER_0_V COUNT=256 MIN=-0.960570812 MAX=2.06359482 MEAN=0.000463130375 L2=5.10338232 FIRST8=-0.349498987,0.397680312,-0.349339575,-0.465925694,-0.194402874,-0.118571565,-0.709268153,0.112094685 HASH=3681497767e64144
STEP=0 VEC=LAYER_0_V N=256
-0.349498987,0.397680312,-0.349339575,-0.465925694,-0.194402874,-0.118571565,-0.709268153,0.112094685,-0.158084646,0.0835708603,-0.0160078406,0.198312163,-0.1573852,-0.155415699,0.0506490842,-0.115510911
-0.170834869,0.173538536,0.36964187,-0.0957457125,0.618334115,-0.176411122,0.2097826,0.196071744,0.0450402498,-0.134483308,0.289922297,0.121177733,-0.156758517,0.230964601,-0.0349784121,0.0454961732
-0.00932386518,-0.150085479,-0.0808928311,-0.2540797,-0.050004743,-0.209404185,-0.442356914,0.323096842,-0.171246991,0.291771829,0.39285937,0.192560792,-0.260980755,0.0480356961,0.261454999,0.356798708
0.106626734,-0.516397715,-0.127496958,0.00427059084,0.016496852,-0.11279954,0.135659263,0.0070541352,-0.075728476,0.546990037,-0.0273364633,-0.198390305,0.336586028,0.799724877,0.531618178,-0.462297201
-0.149922326,0.380233526,0.338625461,0.0821991116,0.0243339017,0.085453704,-0.297906578,-0.321314752,0.219681591,-0.174256742,-0.225581244,-0.611889184,0.157231137,0.243550003,0.312848747,-0.151796818
0.357258469,-0.172869921,-0.632314801,0.233890817,-0.0470243841,-0.139225513,0.00555365533,-0.329552114,-0.265433967,-0.250487,0.145756513,0.0116109885,0.0957632959,0.709134758,-0.0263306424,0.390728623
-0.33216545,-0.158074483,2.06359482,0.0896235257,0.0376405418,-0.439329088,-0.352721512,0.130356327,-0.257062972,0.215491116,0.322307497,-0.248450577,-0.550500035,-0.40448904,0.489618301,-0.375365436
-0.201276332,0.231072009,0.115167126,-0.236341491,0.202599972,0.0471469536,0.117644735,0.290512353,0.280068368,0.510791302,-0.135299832,0.549725056,0.0956277028,-0.524657965,-0.350678921,-0.165145725
-0.255985558,0.0889978558,-0.291653395,-0.0270772651,-0.22191295,0.159469306,-0.179092675,0.0812410861,0.682393372,-0.413816631,-0.103876539,-0.0546303242,-0.142628774,-0.564775348,-0.960570812,-0.343389571
-0.280586004,-0.221753076,-0.0613996908,-0.357963055,0.174305975,0.164071798,0.124755383,-0.620507717,0.294496715,-0.275457799,0.025342077,-0.246414572,-0.194678456,-0.24211356,0.130346268,0.0422142297
0.0993324518,-0.295554519,0.418127745,-0.26766032,-0.110888436,0.382662952,0.0846828371,0.0457754731,-0.193552494,-0.191905081,-0.196582347,-0.0334137529,0.202744782,0.147443861,-0.11378552,0.0978450626
0.0892871469,0.423031867,0.090169929,0.154575795,0.724957705,-0.233407021,0.331399918,0.325001001,0.295476288,0.265684903,-0.367382854,0.332958668,-0.0452362448,0.375950813,-0.285606086,0.290929735
-0.413836539,-0.550324023,0.168317497,0.0105572417,-0.557774782,-0.416458994,-0.0990206748,0.266237319,0.388798356,-0.136051416,0.0947733819,-0.0443453342,0.201780826,0.220667273,-0.171158448,0.068257302
-0.0308516808,-0.146663308,-0.478015661,-0.156883359,-0.164028496,-0.0401232541,0.0239846334,-0.142222643,0.341882259,-0.0280592591,-0.132901222,0.243871331,0.482892394,0.568820059,0.103629529,-0.213738024
0.093952775,-0.640506625,-0.130277395,0.0397232547,-0.222312808,0.143877789,0.358826578,0.120216161,0.0204809122,-0.667914569,0.352859259,0.197062209,-0.0315472111,-0.0315362588,-0.351604611,0.142518729
-0.280999184,0.0160922185,0.227111995,-0.205515504,0.287123442,-0.0677410662,-0.130509958,0.244088992,0.57611829,-0.340756714,0.29808107,0.00828364491,-0.0371461287,0.50488323,-0.111843824,-0.116768062
STEP=0 CP=Q_ROPE COUNT=1536 MIN=-22.7074814 MAX=27.268177 MEAN=0.0660608569 L2=110.20518 FIRST8=0.0641878992,-0.656107485,-0.38976565,0.0929324031,0.94402045,-0.0188303441,-0.426506877,-1.29238117 HASH=0d4684c252c5f6fb
STEP=0 CP=K_ROPE COUNT=256 MIN=-353.64679 MAX=316.209106 MEAN=5.73280253 L2=1236.15452 FIRST8=5.27876711,0.298732519,-2.05687737,1.31355441,3.02679086,-0.412768811,0.366077363,-3.90271473 HASH=412e48bb351239e1
STEP=0 CP=LAYER_0_Q_ROPE COUNT=1536 MIN=-22.7074814 MAX=27.268177 MEAN=0.0660608569 L2=110.20518 FIRST8=0.0641878992,-0.656107485,-0.38976565,0.0929324031,0.94402045,-0.0188303441,-0.426506877,-1.29238117 HASH=0d4684c252c5f6fb
STEP=0 VEC=LAYER_0_Q_ROPE N=1536
0.0641878992,-0.656107485,-0.38976565,0.0929324031,0.94402045,-0.0188303441,-0.426506877,-1.29238117,-1.10877275,-0.639724374,0.499049217,0.195799053,0.720577002,-1.80179691,0.748688698,0.49689883
0.430340946,0.47594291,0.450909138,0.923855543,-0.200087309,-0.957207918,-0.891706586,0.449992001,1.20013964,-0.930509806,-0.619232416,-0.788353145,1.2642864,-0.0533171594,0.425429881,0.526776791
-1.704368,-0.602363229,-0.0698556006,1.38669181,1.24709547,-0.289316028,0.595971584,-0.960758269,0.289314181,0.359679401,-0.0921760201,-0.994706571,-0.773889124,-1.10600936,0.887818635,-1.45817292
0.112958595,-6.59696484,-1.13654327,0.158398151,1.09079885,0.270586967,1.25368476,0.803114295,0.636484742,1.58938396,1.90553713,0.698146701,-0.798514843,0.850594282,-0.943309963,-1.19545484
-0.322419554,-0.331919938,-0.215157583,0.147369742,-0.102430597,0.34527877,0.582740784,0.349767625,-0.161194906,0.484038591,0.691520631,0.0385701284,0.385412991,0.156647056,-0.248472571,0.68566829
-0.152380526,1.40848088,0.500747204,1.04736102,0.534858584,-0.349711001,-0.0717658401,1.18871641,-0.494908303,-1.27814806,-0.0634797812,0.487356424,0.782418489,1.08171868,-0.0267106891,0.276793987
2.29035282,0.0188632905,0.932871044,1.76812816,0.867914975,0.908740401,1.38947237,1.50088799,-0.175936311,1.0809021,-0.338677973,0.286412716,-2.20775938,-0.644337654,-1.64993429,-0.70703876
-0.610955477,7.24375677,-1.75028229,-2.97784662,-0.292687774,1.23123312,-1.14404774,-2.84545135,1.41476035,0.165639073,-1.05266631,1.23204672,-0.891239405,-0.402291656,0.546953559,0.761512339
16.3119793,8.47030926,-0.187912017,-4.46872473,12.8005829,-1.7994132,2.07195616,-14.4132261,0.787122369,-2.11996508,-0.828629971,2.41741323,1.82606101,-11.3335505,-1.96649623,1.49118102
0.195227087,1.09937668,-2.10099006,2.19650006,-0.0194362402,-0.794798315,-2.31544733,0.432388335,1.4472636,-4.4043746,-0.126880646,-1.45445347,-0.58821106,-0.324217319,-3.93564558,0.405660748
-0.54258579,-2.28400183,-2.93519878,1.89087808,-0.935012221,-0.167222798,-1.39391983,1.35158658,-1.81284451,0.0102760792,-0.308090538,-3.57101083,1.14191389,-0.114091218,1.70957124,-0.699946165
1.14813852,-0.333299398,-1.74398887,-1.6105963,-0.725712657,-0.494962811,3.50895214,-1.32448506,2.17267704,11.6466999,11.7654324,2.59616661,0.00470733643,8.80124092,-9.70721626,-10.3159695
1.6653471,0.553799689,-20.9042892,-2.18180656,7.73725653,0.849672139,0.763629079,-5.11493635,-1.32473445,0.230760157,1.5254966,0.733687401,0.855131626,-0.598104715,1.27334261,-1.09512806
-0.843224764,11.8503895,1.60189331,2.15754938,0.683341086,-4.15089798,-1.36598182,1.41138959,2.02560091,-10.5249844,-0.491968423,3.32263446,-0.68753773,1.03621066,0.530251265,-0.970402718
3.38116646,3.07327223,0.514596224,5.30961943,-1.96259356,-4.03016329,1.94400823,2.3122108,1.08021772,-0.785833001,-0.591297865,-1.83894682,15.1223373,0.136919826,-1.71481097,-0.599031866
0.459925264,3.07280684,-0.552807987,1.26276088,-0.251452029,-0.413983285,-2.51743078,-11.0996351,12.2101231,2.90095305,-7.76737213,10.0644922,-8.62297153,-2.1011107,2.81881618,2.88812447
0.854084671,-0.951120138,-1.9373014,-0.331787437,2.17410564,1.18605971,0.233447433,-1.77330756,-0.868945181,-0.34225744,-0.350185215,0.219586611,-0.265903592,-4.76420546,-1.59829092,-0.813810885
0.229943737,-0.0446326137,-0.809544802,0.233525157,0.943792224,-0.907041669,-0.609952807,-1.2316339,-1.444103,-1.89595854,-1.16548729,0.363092065,0.362603307,0.689116716,-0.0238567442,1.02315819
-1.19350171,-0.214361563,0.141251072,-1.27603102,0.667421401,-0.0350485742,-2.02199697,-0.0579097867,-1.19375443,-1.83925915,-0.534772873,-1.62269342,-2.18704915,-0.555258811,-1.00811291,-0.252939194
-0.960441351,-1.70981455,0.194857389,0.00195438415,0.676647007,-0.292107046,0.28558284,0.326971114,-0.639238238,-0.12002787,0.821965516,-0.192915276,0.893657982,0.658054113,-0.28055051,-0.269727051
-0.941689014,-1.00092459,-1.19905531,-0.333328664,-1.81299853,1.07670617,1.24062383,1.91448832,-0.169721276,0.0506904945,0.410574436,0.931409955,1.52204847,-0.407664001,0.15635094,0.347726852
0.47784245,3.69164228,0.340278924,1.83209813,1.34406769,-0.523875833,0.20586428,-0.528212965,-0.271580577,-5.21070385,0.296703994,0.747155964,1.05066156,1.19981778,-0.658596575,0.516175866
0.504995227,-0.268439889,0.818689108,5.7766943,-0.215322405,-1.39901185,0.5215078,1.56891537,0.965968966,-0.192824423,-0.640163362,0.580031037,-0.831687093,0.123796344,0.532572746,0.168495625
1.21474802,0.767322481,-1.70216143,-1.20070744,0.213668928,-0.638039172,-1.12346482,-0.489146829,0.356215149,0.399617553,-0.338854462,0.595756888,-0.604467511,0.920434117,-0.181290284,0.199678481
27.268177,9.07016563,0.934632182,-6.61005306,20.6100864,0.319030881,-0.021790266,-16.5985565,1.73377585,-0.79259032,-0.802195787,4.83933449,-1.40581679,-12.4949188,-2.62349987,0.0296622813
-1.46363056,0.759663343,1.38812625,0.17077738,-0.00671315193,-2.7458601,0.176561654,1.64128351,-1.51111174,-3.81993437,0.688967705,-1.38323092,2.1235013,0.304473966,-1.17329645,-1.65213883
-1.15856886,-0.388036072,-1.58093548,2.91698384,-1.26504278,0.480164319,-0.510433078,-0.542999625,-1.45812058,-0.250303507,-0.481895685,-0.477579832,-2.29576731,-0.17089197,-0.0633804798,-0.991152108
-1.29343462,-7.14504814,0.238521099,0.000754214823,-1.83321238,-1.53778446,3.0570538,0.282855153,-0.0120638609,7.80551434,9.66513443,-0.0896720886,3.03175735,6.12488651,-5.52150011,-5.04267693
0.578384042,6.33191347,-22.7074814,-10.0670824,8.31345749,0.578151226,1.0086602,-7.33641434,-2.35193157,-1.34104979,0.315992773,-0.592339516,1.18108153,-2.75693011,2.05540323,0.694573939
0.603852808,15.5258636,0.224011242,3.23978448,0.513092637,-2.15701056,0.964172125,-1.68032098,1.89842474,-15.7510586,-0.895389378,0.242292166,-2.21774483,1.82421827,-2.08907604,1.6366899
2.29697919,0.0977561772,0.58051008,9.77474308,-0.926270902,-0.65312469,1.54376554,-0.201017499,0.993222475,-0.147931635,1.68004763,-1.82329118,18.2495537,-0.0889345706,1.18682694,0.148737133
-0.134921253,-4.78738928,-2.59522939,-0.736534715,-0.202941656,-0.973172069,-1.57551539,-8.35415745,9.78479767,3.78137636,-4.97595787,8.38719845,-5.64312649,3.08560395,-1.11530828,-1.31303978
-0.258713037,-0.307487249,-0.121317513,-0.263032496,0.0958441794,0.350473672,-0.189025,-0.221954823,-0.466130257,-0.93446964,-0.421412319,0.875252128,0.732143402,-1.06208849,-0.581216395,-0.681880951
0.466142267,0.21269457,1.03523374,0.0519944429,-0.258042037,-2.46737099,-1.42262197,-0.245799705,0.20855692,-1.2934978,0.176220745,-0.6247859,0.121280827,-0.13839069,-0.690530539,0.599972665
-1.37839806,-0.154898465,-0.178611994,0.0136984289,0.0762661621,-0.159930915,0.195296377,-0.545550942,-0.0503555611,0.192916974,-1.00780237,-0.605692267,1.73792768,-1.05288887,-0.527707636,0.00503596663
0.467200905,4.46831608,-0.0843096226,0.101338148,0.311515033,-0.881803632,1.02407444,1.66045833,-0.483311445,1.47276354,1.72524095,-0.00720611215,0.132815689,0.897548556,-0.832901835,-1.02520847
-0.0789798498,-0.233980596,0.348370194,0.240518302,-0.396996319,-0.358409673,-0.229767695,0.255174518,-0.682335258,0.0247624442,0.520621777,-0.295106202,-0.54105705,0.272586703,0.763991952,0.333541572
-0.420474946,1.0061276,0.719588161,1.20261335,-0.352705359,-3.28393412,-0.0163604841,0.500528395,0.886291981,-1.45046663,-0.183606416,0.0714925677,-0.0410415381,1.17343783,-1.21678448,0.19420296
1.55781734,0.31710133,-0.01965186,1.40828538,-0.209552959,0.465943635,0.873996139,0.111206442,-0.177678704,0.520549715,-0.188905627,-0.22069931,-9.6012249,0.221991062,0.814850807,-0.695987105
1.75504899,-3.44236279,-0.943658888,-3.31446362,-0.364691019,-0.120163485,-0.209687293,-2.07186818,1.40047717,1.41659927,-0.815408587,1.14162076,-1.08111954,0.14889133,0.361594051,0.300627828
1.65767467,-1.08829939,-3.23395061,-0.800349236,5.02175903,0.150330722,0.648949742,-2.35448766,-0.989295423,-0.939827502,-0.651437759,0.777395964,0.70179379,-3.30791235,-0.238651872,0.207594141
0.111728907,0.643763244,0.284259945,1.14695144,-0.0792702213,-0.771057129,-0.367105126,0.139892891,0.204123512,-0.776951432,-0.210776076,-0.365173221,0.619577348,-0.0974014774,-0.0819675326,0.0103222206
-0.577441931,-0.0909571648,-0.438961267,-0.367303133,0.422483742,0.0887077898,-0.565330386,-0.396344185,0.701768458,-0.40103814,-0.0980357081,-1.16628778,-2.28145099,-0.0478028655,-0.176205069,-0.44654727
-0.0631000102,-2.11385417,0.107771605,0.339086324,0.615610361,0.422531366,-0.450865209,2.01603317,-0.45031184,0.731635571,0.923775911,0.0254345238,0.506864548,0.583288074,-0.71378094,-0.92712146
-3.95173097,-1.45337701,-4.25635958,-0.728834629,0.270054638,-0.0483185947,0.594246566,0.345952213,-0.674540579,0.548561215,0.871525645,0.291823626,-0.0448735654,0.897618532,-1.39905238,0.118489549
0.251904309,4.36251974,-0.373496145,1.30501533,0.288435102,0.183808118,-0.744102716,-0.0810541809,0.894151866,-4.00814152,-0.308161855,0.417878389,-0.625567198,1.12546611,-0.438368738,0.315798014
0.552268207,-0.196609855,0.148401469,7.99323082,0.4392187,-0.000279899687,0.164625555,0.0917784274,-0.696176767,-0.25190571,0.225551829,-0.582656026,3.60026598,0.225110441,-0.479608297,0.224182218
0.409710526,-0.620241523,-0.797901213,-1.72644246,0.902666748,-0.316872925,-1.77195787,-1.50697768,0.995624125,0.0314716585,-0.935433865,1.37226856,-0.924046278,-0.0135956407,0.188977316,0.220605522
14.1039381,3.04446697,4.35169935,3.40861464,-4.16599941,4.24541235,-3.78530741,-4.24121571,-0.147684216,-1.48264599,2.98237276,-2.86171985,8.19748306,-0.267436326,0.774655461,-0.584315956
0.970499516,1.17038333,-1.27184761,-1.3593297,1.49790585,2.21376109,1.5345006,0.21203208,-0.318387419,0.364809394,-0.188799053,3.07431531,-0.243465304,0.516809225,-3.38049626,-0.354316741
-0.794149578,0.418958962,1.5512507,0.202410817,0.405853629,0.307876885,-0.664110303,1.19440997,0.0300882757,0.931198955,-0.744987607,0.172837555,-0.507830501,0.683682978,-0.136708379,0.501763523
1.82928848,-1.42274189,-0.662079811,2.01303625,-0.883943737,-1.16226625,2.19844627,5.10866928,-1.27287769,-5.29685163,-3.23438692,-5.08585501,3.2265358,1.73271632,-2.73775363,-3.30540085
0.0676434338,-3.48642612,6.40049601,-9.14380264,-0.192335367,4.04527283,-4.17073727,2.04958725,-4.75793362,4.51857042,-2.01341033,1.28633094,1.17957282,2.09206867,4.31165409,2.12927008
-2.58165789,-0.052603662,0.917292774,-1.64208698,-1.42004573,6.51127815,0.0622956753,0.020709008,-1.86077118,-2.98256612,0.165178537,1.23157239,-0.0126083791,0.543179393,0.496995211,-0.149245769
0.0987680927,0.485472053,0.879685938,0.933190286,1.38781166,1.28700209,1.09992838,0.745637298,1.02258146,-2.32705641,0.272393942,0.544152319,-0.426519722,-0.789458632,0.832807302,0.198123425
0.844594717,-1.75440145,-0.415578365,1.01790535,1.41396725,-2.66213846,5.53343964,-1.02418482,3.65892553,2.90695381,-6.02877474,1.78759646,-1.64279842,3.80791998,1.51384676,1.5498724
2.45671153,0.227368802,1.32223916,-1.60558772,-3.39915872,-1.57619858,-2.63340569,-1.73093915,-0.46084249,-0.712094665,1.58560479,-0.550728261,3.51376796,-0.653102756,1.72653544,0.184747607
-1.46791828,-1.27319908,0.06016469,0.0395250767,-0.423083127,0.502189159,-0.203816801,1.00642562,-0.590338826,1.40842843,0.356541842,-0.0448347256,0.365917891,0.812055707,-3.32374001,0.67079401
0.958722591,-0.0689947158,0.763828635,-0.59073478,-0.129340291,0.0326756462,-0.979347467,-0.375244886,-0.298175663,-0.151711524,0.308892161,-0.736704111,0.757272124,0.629696488,1.44750118,0.0522775501
-0.837250531,-0.185999155,0.10420166,1.57316089,-0.419585556,-0.00926554203,0.707467735,1.45751154,0.0429022014,-0.818338454,-1.42220247,0.193660423,-0.352111399,0.777462542,0.477916032,0.70361042
-0.753950953,-3.40197706,1.29592633,-3.05993366,-1.33821774,-0.0259461701,0.166248649,1.35069239,-0.931750059,2.24221587,0.542147875,1.51968884,0.875832617,0.383959413,0.490648389,1.72261655
-0.292945921,-0.514273047,2.05508947,-1.99180329,0.136971474,3.58526754,0.665506065,-1.09994686,-0.255173653,1.13362515,-1.12470543,-0.165772825,-0.196164906,-0.19474335,-1.11666274,0.313333452
-1.53099954,0.559985399,0.505590975,0.418217838,0.531457603,-1.23772085,-0.449182093,-0.596519113,-0.970866382,1.13085628,-0.478282154,-0.59217751,0.442079067,0.00791454315,-1.76752257,0.166210562
0.204275325,0.157594249,-0.679637194,0.508787453,0.587542057,-1.83760858,2.05778241,-0.437548697,0.878057957,1.15911508,-0.168137848,0.951248467,-1.04967666,-0.022287488,0.89644295,0.803182781
0.250712276,-1.11683333,3.53000736,-1.48626018,-2.76615047,0.299651265,-2.55188799,-0.312097639,-0.134573817,-0.41523993,0.260641485,0.174981773,2.6522603,-1.91045535,1.41261709,-0.173207074
-0.570846796,-1.30437732,-0.376397371,-1.18091083,-1.64051771,0.558271408,0.0819256306,0.535571337,0.0695474222,1.70317531,-0.349386662,0.281739593,1.3975755,-0.0228570774,-4.56499958,0.776702464
-0.268001676,0.543037415,0.00426825136,-0.5665043,-0.598616958,-0.307385206,-0.0230425708,0.0988591015,0.432197541,0.0664197132,0.137269944,-0.3469643,0.204004377,-0.151958302,-0.331425309,0.113519147
-0.10422878,-0.611043334,0.232886553,2.57660127,-0.452838689,-0.821147621,1.36152601,2.27788353,0.704394937,-1.08540428,-2.86266994,0.164005071,-0.268783152,1.48205256,0.546336651,1.53594971
-13.9515877,-1.15385497,2.25982332,-1.24100196,0.00340944529,1.15438199,1.53320074,1.64161837,-1.54197669,3.31359434,-0.561156154,1.1529901,-0.773990214,0.946689963,-0.765278459,1.59048319
-1.27279544,-2.32229829,0.994607329,0.0148482621,-0.554581523,3.30425,0.0743876398,-0.656363547,-0.205518425,0.0787783861,-1.29657638,0.145117253,0.590304971,-0.186804935,0.312190622,1.09393609
0.263033807,1.2445364,0.274946749,0.22558035,0.16359216,0.0209069401,0.14208138,-0.339102715,-0.396180987,0.0219539702,-0.937363505,0.30780381,0.0276980586,0.522951365,-0.868709445,0.093150042
0.297421098,0.0344686508,-0.69855839,0.437350243,0.516062975,-2.89147377,2.53907728,-1.25749385,2.18555808,2.17402649,-0.189482987,1.62686443,-1.77521956,-0.460540116,1.4467032,1.63633811
-0.337443292,-0.265082151,0.023830615,-0.105863899,0.274100333,1.67442095,0.48056978,1.16662455,-1.30045998,1.51452231,-0.929996908,1.32466578,0.593639135,1.0757668,0.751016855,1.60885286
-1.64182568,-1.71605611,1.42862892,-1.62216544,-1.67695367,1.15645957,0.112064257,-0.237619758,0.024621807,1.1658529,-0.72815764,-0.798179269,0.355063498,0.53189683,-1.66458106,0.051310692
-0.742237508,-1.04747963,0.560493052,1.27564931,-0.377620876,0.82094264,0.910564661,-1.38913643,-0.534276724,2.27433872,-0.792408168,-0.138139352,2.48189187,1.63701653,-0.939999402,0.640880883
1.20198667,1.74056435,1.04918921,0.350604028,1.59779322,1.65007699,-0.478586972,0.452621192,-0.414929897,-0.286213309,-0.704542518,-1.05235839,0.997319758,0.126379907,-0.571538925,0.12716198
0.0729921758,0.918761134,-1.12998796,0.76216203,1.09584522,0.108059578,1.12574792,-0.477572024,0.220947206,0.31821236,-0.351549864,0.968185246,-1.23079252,1.25371444,-1.30993915,0.636454761
-0.0787275732,0.604799092,0.0275083184,0.674007952,0.617581308,-0.177089632,-0.674663067,-2.34766722,-0.252570063,-1.61686492,-0.108153731,-0.399539798,0.251085103,0.244413584,1.13866341,0.225025699
-0.600252807,-0.197735369,-0.515806854,-0.236196324,0.610407233,0.782325149,0.736661375,-0.0107933879,0.15965341,2.95599151,-0.606414557,-0.103885472,1.71831465,-1.78634393,-0.699911356,-0.977393389
1.05840516,-0.264912993,-2.31616187,-2.03216791,2.61030483,-2.73226953,2.36140728,1.10620916,0.462432206,-0.382297277,-0.382147074,0.353435487,-0.3332614,0.449402243,0.305852085,0.283140808
12.6347704,0.52692318,-5.30199718,2.20919394,-5.94004202,-5.45716381,-2.32700181,0.154528737,3.22157359,-4.24629068,3.73260522,-1.86789751,6.42417479,-1.16945601,3.31997299,-0.161098123
0.999008358,-0.612256289,1.97653019,2.43322325,0.323323905,-0.305005431,-0.284586102,3.35009503,1.40656149,2.37150097,-1.04426324,0.574544072,-0.160200775,0.681959212,1.48771966,-0.979808092
0.768060863,-1.29246664,0.703860521,0.727036357,-0.11594823,-0.562664628,-0.106452286,-1.35515451,-0.810537934,-0.906786084,-1.03694332,-0.528653324,-0.0210534036,0.0655345768,0.34218052,-0.816805065
-0.206314236,-0.746245384,-0.662005842,5.67388058,1.0823493,-5.71352816,4.17649031,10.17309,-0.503660679,-6.25843239,-6.01157093,-3.6667254,4.7067194,4.91357994,-4.122334,-3.05932355
5.48513079,-7.11923218,7.55130863,-9.43592262,-5.15346813,3.39506626,-6.57136154,6.94049978,-4.16495466,5.29443455,-1.2465086,1.47901487,1.22249806,-0.177048713,2.64020681,1.89819503
-3.32636976,-1.65972829,1.490201,-2.69868898,-2.16467261,8.19067669,0.40318048,0.312606663,-0.5381037,-4.60671186,0.0953837037,-0.748744726,-0.0496568382,0.371504933,1.66713917,-1.22667837
-0.528357267,-0.142632559,0.594974339,-0.206537575,0.912541449,1.30551648,0.282069832,0.585906506,-0.243226707,-2.39907074,0.549677551,-0.585944712,0.72745806,0.236593604,0.719222009,0.579339623
-0.269987404,0.820749938,-0.254990339,-3.32559562,1.46107078,-6.97053242,8.7761879,-4.9678545,9.11753273,5.93772316,-5.41926813,5.4378891,-5.72752428,4.55359364,4.70937443,4.35472488
0.904693723,-1.95655847,4.2940464,-1.52451313,-1.39318073,0.385128051,-2.05421495,0.66329658,-2.0150876,2.19931769,0.327925384,0.188870594,1.84566462,-0.869243205,0.874233484,-0.726333499
-0.284213156,-2.13063216,0.463278472,0.264903307,-0.842042267,0.250958323,0.25749588,1.30152762,0.32639423,0.38688004,-0.0113524534,-0.860519946,-0.958732247,-0.155178547,-5.13062906,0.0958059207
-0.0124839097,0.538079381,-0.491355777,0.347694159,1.16962349,-0.449483246,0.0470028818,0.478280097,0.498868763,-0.53565526,0.0808610842,0.295713097,-0.182520777,-0.0454342514,-0.468843073,-0.0823109746
-0.0700291246,-0.19289428,-0.316523105,0.109337121,0.14086017,0.319816679,-0.293372393,0.676162124,-0.811973214,-0.765061259,-0.468902797,-0.912358224,0.603995562,0.184876651,-0.274538547,-0.220835328
-0.944872916,-0.28579706,0.966193557,-0.068497628,3.6472404,-0.0136970878,3.65038013,-0.785302758,-0.661509752,0.354256988,-1.40453279,1.0031209,-2.38525796,1.91607296,-0.741112292,1.55823064
-1.08885455,-0.771465421,1.72086453,-0.54704535,-0.887066007,3.12415695,0.745202065,-0.358735502,-0.3575252,-0.0440218151,0.508538008,0.345051885,-0.190173641,0.32854414,0.202729568,0.146283135
-0.22490181,-0.39862442,-0.196515143,0.187265545,-0.422331333,0.430588901,0.111602463,0.244880408,-0.0159153342,0.84057337,0.22793977,0.178012148,-0.104805768,0.0384763628,-0.116808951,-0.0678355545
0.0381503999,-0.0197154954,0.230327129,0.936635196,0.171770692,-0.732028067,0.720546126,0.22082682,0.462666333,0.242310882,-0.920925856,0.145184755,0.0589846969,0.447261691,0.197212353,0.17541033
STEP=0 CP=LAYER_0_K_ROPE COUNT=256 MIN=-353.64679 MAX=316.209106 MEAN=5.73280253 L2=1236.15452 FIRST8=5.27876711,0.298732519,-2.05687737,1.31355441,3.02679086,-0.412768811,0.366077363,-3.90271473 HASH=412e48bb351239e1
STEP=0 VEC=LAYER_0_K_ROPE N=256
5.27876711,0.298732519,-2.05687737,1.31355441,3.02679086,-0.412768811,0.366077363,-3.90271473,-0.78259486,0.671857655,0.985947967,0.611536384,-0.141739443,-3.36944675,-0.778717101,0.633406818
0.412346542,1.97350323,0.156606585,1.13572216,-2.50556588,-0.548687816,0.0922697783,1.27369463,1.95699859,-3.69724798,0.00278420746,-0.72385025,2.30425596,0.983206749,-1.05991578,-0.107262969
0.359603763,0.259040833,-1.60725558,5.7366724,-1.01619434,-0.43339923,1.27575874,-0.250980467,-0.171454877,-0.443394482,2.67225599,-1.05413628,-1.6117537,1.88743424,-0.0256917477,0.320229113
1.43623745,-6.91121006,-1.72441149,-1.01063108,-3.56565332,-2.86373448,7.28746653,-11.008009,65.6912079,150.346954,111.011528,207.655167,-174.871185,316.209106,-321.110474,-353.64679
-2.07076597,-1.26314342,-3.36298609,0.0186986402,1.44141281,1.31585789,1.19174242,0.411781132,0.419764876,2.47533941,2.2310648,2.02463889,0.466396958,1.8339622,0.218752503,0.0164418519
0.113380536,4.12158966,-1.70227671,1.39963412,0.933470845,-1.75728631,0.550679564,-1.08768594,-1.14892447,-3.25778246,1.55787933,2.05331182,-0.762955725,0.260690331,-1.05573392,-0.45127213
0.728461146,1.03653765,-0.746695161,4.70892572,-0.776324272,-0.478641808,-0.592797518,-0.0317280293,0.580797791,0.0907038152,-0.123736978,-0.92759347,10.4701681,1.25421548,-0.511825144,0.934565783
-0.999564171,-0.73773998,-3.27438331,-3.96087551,0.191781223,-2.06812668,-3.98577547,-75.1699524,137.61644,-37.200016,-166.427216,220.737747,-280.851807,-222.643875,275.1586,287.190063
5.85405445,-0.475331694,1.31849754,-2.13680267,-2.7645483,-0.792205513,-2.77443433,0.507148325,-0.508083105,-0.321959347,0.365111172,-0.688255906,2.85252619,-1.90210915,2.74176073,-0.312278211
-0.216547698,-1.48110676,0.598144174,-1.41615832,-1.70802522,1.17901969,0.526645303,3.21972466,0.0491166487,0.944518328,-1.32841372,0.837414622,0.114418447,0.719905496,-4.38401127,-0.369176865
-0.506168842,-0.178133428,0.298580438,0.676154137,-1.00797737,0.34948796,0.193815365,-0.711204469,-0.771052003,-0.197532415,-1.05384636,0.520739794,1.82047975,2.32206941,-0.458726227,0.30546993
0.502565622,0.836787105,0.282426596,67.1563873,-0.14522779,-75.4801941,87.2332764,59.706871,68.6807175,17.3685856,-245.026581,81.1698303,-125.166924,287.090759,176.337708,211.308395
-2.38435245,-1.97557664,2.24577665,-2.72643948,-1.15567756,1.34369159,0.162280321,2.64896059,-1.990116,2.58358693,-2.16630173,2.21078277,-0.216095477,1.94363618,-0.0627316236,2.90792322
-1.96083653,-1.74856091,1.98591042,-2.44078302,-1.79188251,4.396245,0.221484497,-1.10372305,-0.758362412,0.855629861,-0.452888966,-1.8158648,0.671795487,0.110330358,2.35501099,-0.0621307343
-1.34449232,-0.97713995,0.314993978,0.535279989,-0.0682782531,1.5809654,1.42959166,-1.17249262,0.0500872135,2.96971273,-0.886614084,-0.867429256,2.06331277,0.159413278,-1.28507829,0.334279895
2.18947744,-0.0962986797,-2.32566071,-23.6543827,5.15929985,-50.6011391,85.999588,-119.268547,127.859085,203.76442,53.8683243,275.917267,-275.946014,-151.906113,289.70166,292.024567
STEP=0 CP=KV_WRITE LAYER=0 COUNT=256 K_MIN=-353.64679 K_MAX=316.209106 K_MEAN=5.73280253 K_L2=1236.15452 K_HASH=412e48bb351239e1 V_MIN=-0.960570812 V_MAX=2.06359482 V_MEAN=0.000463130375 V_L2=5.10338232 V_HASH=3681497767e64144
STEP=0 CP=ATTN_SCORES COUNT=1 MIN=302.598267 MAX=302.598267 MEAN=302.598267 L2=302.598267 FIRST8=302.598267,0,0,0,0,0,0,0 HASH=0218281d76dc26e5
STEP=0 CP=LAYER_0_ATTN_SCORES COUNT=1 MIN=302.598267 MAX=302.598267 MEAN=302.598267 L2=302.598267 FIRST8=302.598267,0,0,0,0,0,0,0 HASH=0218281d76dc26e5
STEP=0 VEC=LAYER_0_ATTN_SCORES N=1
302.598267
STEP=0 CP=ATTN_PROBS COUNT=1 MIN=1 MAX=1 MEAN=1 L2=1 FIRST8=1,0,0,0,0,0,0,0 HASH=2fa183a08531045a
STEP=0 CP=LAYER_0_ATTN_PROBS COUNT=1 MIN=1 MAX=1 MEAN=1 L2=1 FIRST8=1,0,0,0,0,0,0,0 HASH=2fa183a08531045a
STEP=0 VEC=LAYER_0_ATTN_PROBS N=1
1
STEP=0 CP=LAYER_0_ATTN_SCORES COUNT=1 MIN=2155.76416 MAX=2155.76416 MEAN=2155.76416 L2=2155.76416 FIRST8=2155.76416,0,0,0,0,0,0,0 HASH=acdd4b6564d1e8d4
STEP=0 VEC=LAYER_0_ATTN_SCORES N=1
2155.76416
STEP=0 CP=LAYER_0_ATTN_PROBS COUNT=1 MIN=1 MAX=1 MEAN=1 L2=1 FIRST8=1,0,0,0,0,0,0,0 HASH=2fa183a08531045a
STEP=0 VEC=LAYER_0_ATTN_PROBS N=1
1
STEP=0 CP=LAYER_0_ATTN_SCORES COUNT=1 MIN=51.4827766 MAX=51.4827766 MEAN=51.4827766 L2=51.4827766 FIRST8=51.4827766,0,0,0,0,0,0,0 HASH=4617c79a1fe4dc73
STEP=0 VEC=LAYER_0_ATTN_SCORES N=1
51.4827766
STEP=0 CP=LAYER_0_ATTN_PROBS COUNT=1 MIN=1 MAX=1 MEAN=1 L2=1 FIRST8=1,0,0,0,0,0,0,0 HASH=2fa183a08531045a
STEP=0 VEC=LAYER_0_ATTN_PROBS N=1
1
STEP=0 CP=LAYER_0_ATTN_SCORES COUNT=1 MIN=1131.99023 MAX=1131.99023 MEAN=1131.99023 L2=1131.99023 FIRST8=1131.99023,0,0,0,0,0,0,0 HASH=b7420d06715288fb
STEP=0 VEC=LAYER_0_ATTN_SCORES N=1
1131.99023
STEP=0 CP=LAYER_0_ATTN_PROBS COUNT=1 MIN=1 MAX=1 MEAN=1 L2=1 FIRST8=1,0,0,0,0,0,0,0 HASH=2fa183a08531045a
STEP=0 VEC=LAYER_0_ATTN_PROBS N=1
1
STEP=0 CP=LAYER_0_ATTN_SCORES COUNT=1 MIN=204.460571 MAX=204.460571 MEAN=204.460571 L2=204.460571 FIRST8=204.460571,0,0,0,0,0,0,0 HASH=acba81d7956755b9
STEP=0 VEC=LAYER_0_ATTN_SCORES N=1
204.460571
STEP=0 CP=LAYER_0_ATTN_PROBS COUNT=1 MIN=1 MAX=1 MEAN=1 L2=1 FIRST8=1,0,0,0,0,0,0,0 HASH=2fa183a08531045a
STEP=0 VEC=LAYER_0_ATTN_PROBS N=1
1
STEP=0 CP=LAYER_0_ATTN_SCORES COUNT=1 MIN=188.190674 MAX=188.190674 MEAN=188.190674 L2=188.190674 FIRST8=188.190674,0,0,0,0,0,0,0 HASH=d2441e114831aa72
STEP=0 VEC=LAYER_0_ATTN_SCORES N=1
188.190674
STEP=0 CP=LAYER_0_ATTN_PROBS COUNT=1 MIN=1 MAX=1 MEAN=1 L2=1 FIRST8=1,0,0,0,0,0,0,0 HASH=2fa183a08531045a
STEP=0 VEC=LAYER_0_ATTN_PROBS N=1
1
STEP=0 CP=LAYER_0_ATTN_SCORES COUNT=1 MIN=249.219162 MAX=249.219162 MEAN=249.219162 L2=249.219162 FIRST8=249.219162,0,0,0,0,0,0,0 HASH=aadb4e505cda4038
STEP=0 VEC=LAYER_0_ATTN_SCORES N=1
249.219162
STEP=0 CP=LAYER_0_ATTN_PROBS COUNT=1 MIN=1 MAX=1 MEAN=1 L2=1 FIRST8=1,0,0,0,0,0,0,0 HASH=2fa183a08531045a
STEP=0 VEC=LAYER_0_ATTN_PROBS N=1
1
STEP=0 CP=LAYER_0_ATTN_SCORES COUNT=1 MIN=261.965485 MAX=261.965485 MEAN=261.965485 L2=261.965485 FIRST8=261.965485,0,0,0,0,0,0,0 HASH=ee48e514de21ab08
STEP=0 VEC=LAYER_0_ATTN_SCORES N=1
261.965485
STEP=0 CP=LAYER_0_ATTN_PROBS COUNT=1 MIN=1 MAX=1 MEAN=1 L2=1 FIRST8=1,0,0,0,0,0,0,0 HASH=2fa183a08531045a
STEP=0 VEC=LAYER_0_ATTN_PROBS N=1
1
STEP=0 CP=LAYER_0_ATTN_SCORES COUNT=1 MIN=478.225281 MAX=478.225281 MEAN=478.225281 L2=478.225281 FIRST8=478.225281,0,0,0,0,0,0,0 HASH=955216211cee7083
STEP=0 VEC=LAYER_0_ATTN_SCORES N=1
478.225281
STEP=0 CP=LAYER_0_ATTN_PROBS COUNT=1 MIN=1 MAX=1 MEAN=1 L2=1 FIRST8=1,0,0,0,0,0,0,0 HASH=2fa183a08531045a
STEP=0 VEC=LAYER_0_ATTN_PROBS N=1
1
STEP=0 CP=LAYER_0_ATTN_SCORES COUNT=1 MIN=31.1842957 MAX=31.1842957 MEAN=31.1842957 L2=31.1842957 FIRST8=31.1842957,0,0,0,0,0,0,0 HASH=2ab5fc4488542cbe
STEP=0 VEC=LAYER_0_ATTN_SCORES N=1
31.1842957
STEP=0 CP=LAYER_0_ATTN_PROBS COUNT=1 MIN=1 MAX=1 MEAN=1 L2=1 FIRST8=1,0,0,0,0,0,0,0 HASH=2fa183a08531045a
STEP=0 VEC=LAYER_0_ATTN_PROBS N=1
1
STEP=0 CP=LAYER_0_ATTN_SCORES COUNT=1 MIN=1012.0318 MAX=1012.0318 MEAN=1012.0318 L2=1012.0318 FIRST8=1012.0318,0,0,0,0,0,0,0 HASH=8023a6dad88771bd
STEP=0 VEC=LAYER_0_ATTN_SCORES N=1
1012.0318
STEP=0 CP=LAYER_0_ATTN_PROBS COUNT=1 MIN=1 MAX=1 MEAN=1 L2=1 FIRST8=1,0,0,0,0,0,0,0 HASH=2fa183a08531045a
STEP=0 VEC=LAYER_0_ATTN_PROBS N=1
1
STEP=0 CP=LAYER_0_ATTN_SCORES COUNT=1 MIN=11.7092667 MAX=11.7092667 MEAN=11.7092667 L2=11.7092667 FIRST8=11.7092667,0,0,0,0,0,0,0 HASH=0d0e35ef0cff8c68
STEP=0 VEC=LAYER_0_ATTN_SCORES N=1
11.7092667
STEP=0 CP=LAYER_0_ATTN_PROBS COUNT=1 MIN=1 MAX=1 MEAN=1 L2=1 FIRST8=1,0,0,0,0,0,0,0 HASH=2fa183a08531045a
STEP=0 VEC=LAYER_0_ATTN_PROBS N=1
1
STEP=0 CP=ATTN_VALUE COUNT=1536 MIN=-0.960570812 MAX=2.06359482 MEAN=0.000463130375 L2=12.5006826 FIRST8=-0.349498987,0.397680312,-0.349339575,-0.465925694,-0.194402874,-0.118571565,-0.709268153,0.112094685 HASH=2a9e15321980406f
STEP=0 CP=LAYER_0_ATTN_VALUE COUNT=1536 MIN=-0.960570812 MAX=2.06359482 MEAN=0.000463130375 L2=12.5006826 FIRST8=-0.349498987,0.397680312,-0.349339575,-0.465925694,-0.194402874,-0.118571565,-0.709268153,0.112094685 HASH=2a9e15321980406f
STEP=0 VEC=LAYER_0_ATTN_VALUE N=1536
-0.349498987,0.397680312,-0.349339575,-0.465925694,-0.194402874,-0.118571565,-0.709268153,0.112094685,-0.158084646,0.0835708603,-0.0160078406,0.198312163,-0.1573852,-0.155415699,0.0506490842,-0.115510911
-0.170834869,0.173538536,0.36964187,-0.0957457125,0.618334115,-0.176411122,0.2097826,0.196071744,0.0450402498,-0.134483308,0.289922297,0.121177733,-0.156758517,0.230964601,-0.0349784121,0.0454961732
-0.00932386518,-0.150085479,-0.0808928311,-0.2540797,-0.050004743,-0.209404185,-0.442356914,0.323096842,-0.171246991,0.291771829,0.39285937,0.192560792,-0.260980755,0.0480356961,0.261454999,0.356798708
0.106626734,-0.516397715,-0.127496958,0.00427059084,0.016496852,-0.11279954,0.135659263,0.0070541352,-0.075728476,0.546990037,-0.0273364633,-0.198390305,0.336586028,0.799724877,0.531618178,-0.462297201
-0.149922326,0.380233526,0.338625461,0.0821991116,0.0243339017,0.085453704,-0.297906578,-0.321314752,0.219681591,-0.174256742,-0.225581244,-0.611889184,0.157231137,0.243550003,0.312848747,-0.151796818
0.357258469,-0.172869921,-0.632314801,0.233890817,-0.0470243841,-0.139225513,0.00555365533,-0.329552114,-0.265433967,-0.250487,0.145756513,0.0116109885,0.0957632959,0.709134758,-0.0263306424,0.390728623
-0.33216545,-0.158074483,2.06359482,0.0896235257,0.0376405418,-0.439329088,-0.352721512,0.130356327,-0.257062972,0.215491116,0.322307497,-0.248450577,-0.550500035,-0.40448904,0.489618301,-0.375365436
-0.201276332,0.231072009,0.115167126,-0.236341491,0.202599972,0.0471469536,0.117644735,0.290512353,0.280068368,0.510791302,-0.135299832,0.549725056,0.0956277028,-0.524657965,-0.350678921,-0.165145725
-0.349498987,0.397680312,-0.349339575,-0.465925694,-0.194402874,-0.118571565,-0.709268153,0.112094685,-0.158084646,0.0835708603,-0.0160078406,0.198312163,-0.1573852,-0.155415699,0.0506490842,-0.115510911
-0.170834869,0.173538536,0.36964187,-0.0957457125,0.618334115,-0.176411122,0.2097826,0.196071744,0.0450402498,-0.134483308,0.289922297,0.121177733,-0.156758517,0.230964601,-0.0349784121,0.0454961732
-0.00932386518,-0.150085479,-0.0808928311,-0.2540797,-0.050004743,-0.209404185,-0.442356914,0.323096842,-0.171246991,0.291771829,0.39285937,0.192560792,-0.260980755,0.0480356961,0.261454999,0.356798708
0.106626734,-0.516397715,-0.127496958,0.00427059084,0.016496852,-0.11279954,0.135659263,0.0070541352,-0.075728476,0.546990037,-0.0273364633,-0.198390305,0.336586028,0.799724877,0.531618178,-0.462297201
-0.149922326,0.380233526,0.338625461,0.0821991116,0.0243339017,0.085453704,-0.297906578,-0.321314752,0.219681591,-0.174256742,-0.225581244,-0.611889184,0.157231137,0.243550003,0.312848747,-0.151796818
0.357258469,-0.172869921,-0.632314801,0.233890817,-0.0470243841,-0.139225513,0.00555365533,-0.329552114,-0.265433967,-0.250487,0.145756513,0.0116109885,0.0957632959,0.709134758,-0.0263306424,0.390728623
-0.33216545,-0.158074483,2.06359482,0.0896235257,0.0376405418,-0.439329088,-0.352721512,0.130356327,-0.257062972,0.215491116,0.322307497,-0.248450577,-0.550500035,-0.40448904,0.489618301,-0.375365436
-0.201276332,0.231072009,0.115167126,-0.236341491,0.202599972,0.0471469536,0.117644735,0.290512353,0.280068368,0.510791302,-0.135299832,0.549725056,0.0956277028,-0.524657965,-0.350678921,-0.165145725
-0.349498987,0.397680312,-0.349339575,-0.465925694,-0.194402874,-0.118571565,-0.709268153,0.112094685,-0.158084646,0.0835708603,-0.0160078406,0.198312163,-0.1573852,-0.155415699,0.0506490842,-0.115510911
-0.170834869,0.173538536,0.36964187,-0.0957457125,0.618334115,-0.176411122,0.2097826,0.196071744,0.0450402498,-0.134483308,0.289922297,0.121177733,-0.156758517,0.230964601,-0.0349784121,0.0454961732
-0.00932386518,-0.150085479,-0.0808928311,-0.2540797,-0.050004743,-0.209404185,-0.442356914,0.323096842,-0.171246991,0.291771829,0.39285937,0.192560792,-0.260980755,0.0480356961,0.261454999,0.356798708
0.106626734,-0.516397715,-0.127496958,0.00427059084,0.016496852,-0.11279954,0.135659263,0.0070541352,-0.075728476,0.546990037,-0.0273364633,-0.198390305,0.336586028,0.799724877,0.531618178,-0.462297201
-0.149922326,0.380233526,0.338625461,0.0821991116,0.0243339017,0.085453704,-0.297906578,-0.321314752,0.219681591,-0.174256742,-0.225581244,-0.611889184,0.157231137,0.243550003,0.312848747,-0.151796818
0.357258469,-0.172869921,-0.632314801,0.233890817,-0.0470243841,-0.139225513,0.00555365533,-0.329552114,-0.265433967,-0.250487,0.145756513,0.0116109885,0.0957632959,0.709134758,-0.0263306424,0.390728623
-0.33216545,-0.158074483,2.06359482,0.0896235257,0.0376405418,-0.439329088,-0.352721512,0.130356327,-0.257062972,0.215491116,0.322307497,-0.248450577,-0.550500035,-0.40448904,0.489618301,-0.375365436
-0.201276332,0.231072009,0.115167126,-0.236341491,0.202599972,0.0471469536,0.117644735,0.290512353,0.280068368,0.510791302,-0.135299832,0.549725056,0.0956277028,-0.524657965,-0.350678921,-0.165145725
-0.349498987,0.397680312,-0.349339575,-0.465925694,-0.194402874,-0.118571565,-0.709268153,0.112094685,-0.158084646,0.0835708603,-0.0160078406,0.198312163,-0.1573852,-0.155415699,0.0506490842,-0.115510911
-0.170834869,0.173538536,0.36964187,-0.0957457125,0.618334115,-0.176411122,0.2097826,0.196071744,0.0450402498,-0.134483308,0.289922297,0.121177733,-0.156758517,0.230964601,-0.0349784121,0.0454961732
-0.00932386518,-0.150085479,-0.0808928311,-0.2540797,-0.050004743,-0.209404185,-0.442356914,0.323096842,-0.171246991,0.291771829,0.39285937,0.192560792,-0.260980755,0.0480356961,0.261454999,0.356798708
0.106626734,-0.516397715,-0.127496958,0.00427059084,0.016496852,-0.11279954,0.135659263,0.0070541352,-0.075728476,0.546990037,-0.0273364633,-0.198390305,0.336586028,0.799724877,0.531618178,-0.462297201
-0.149922326,0.380233526,0.338625461,0.0821991116,0.0243339017,0.085453704,-0.297906578,-0.321314752,0.219681591,-0.174256742,-0.225581244,-0.611889184,0.157231137,0.243550003,0.312848747,-0.151796818
0.357258469,-0.172869921,-0.632314801,0.233890817,-0.0470243841,-0.139225513,0.00555365533,-0.329552114,-0.265433967,-0.250487,0.145756513,0.0116109885,0.0957632959,0.709134758,-0.0263306424,0.390728623
-0.33216545,-0.158074483,2.06359482,0.0896235257,0.0376405418,-0.439329088,-0.352721512,0.130356327,-0.257062972,0.215491116,0.322307497,-0.248450577,-0.550500035,-0.40448904,0.489618301,-0.375365436
-0.201276332,0.231072009,0.115167126,-0.236341491,0.202599972,0.0471469536,0.117644735,0.290512353,0.280068368,0.510791302,-0.135299832,0.549725056,0.0956277028,-0.524657965,-0.350678921,-0.165145725
-0.349498987,0.397680312,-0.349339575,-0.465925694,-0.194402874,-0.118571565,-0.709268153,0.112094685,-0.158084646,0.0835708603,-0.0160078406,0.198312163,-0.1573852,-0.155415699,0.0506490842,-0.115510911
-0.170834869,0.173538536,0.36964187,-0.0957457125,0.618334115,-0.176411122,0.2097826,0.196071744,0.0450402498,-0.134483308,0.289922297,0.121177733,-0.156758517,0.230964601,-0.0349784121,0.0454961732
-0.00932386518,-0.150085479,-0.0808928311,-0.2540797,-0.050004743,-0.209404185,-0.442356914,0.323096842,-0.171246991,0.291771829,0.39285937,0.192560792,-0.260980755,0.0480356961,0.261454999,0.356798708
0.106626734,-0.516397715,-0.127496958,0.00427059084,0.016496852,-0.11279954,0.135659263,0.0070541352,-0.075728476,0.546990037,-0.0273364633,-0.198390305,0.336586028,0.799724877,0.531618178,-0.462297201
-0.149922326,0.380233526,0.338625461,0.0821991116,0.0243339017,0.085453704,-0.297906578,-0.321314752,0.219681591,-0.174256742,-0.225581244,-0.611889184,0.157231137,0.243550003,0.312848747,-0.151796818
0.357258469,-0.172869921,-0.632314801,0.233890817,-0.0470243841,-0.139225513,0.00555365533,-0.329552114,-0.265433967,-0.250487,0.145756513,0.0116109885,0.0957632959,0.709134758,-0.0263306424,0.390728623
-0.33216545,-0.158074483,2.06359482,0.0896235257,0.0376405418,-0.439329088,-0.352721512,0.130356327,-0.257062972,0.215491116,0.322307497,-0.248450577,-0.550500035,-0.40448904,0.489618301,-0.375365436
-0.201276332,0.231072009,0.115167126,-0.236341491,0.202599972,0.0471469536,0.117644735,0.290512353,0.280068368,0.510791302,-0.135299832,0.549725056,0.0956277028,-0.524657965,-0.350678921,-0.165145725
-0.349498987,0.397680312,-0.349339575,-0.465925694,-0.194402874,-0.118571565,-0.709268153,0.112094685,-0.158084646,0.0835708603,-0.0160078406,0.198312163,-0.1573852,-0.155415699,0.0506490842,-0.115510911
-0.170834869,0.173538536,0.36964187,-0.0957457125,0.618334115,-0.176411122,0.2097826,0.196071744,0.0450402498,-0.134483308,0.289922297,0.121177733,-0.156758517,0.230964601,-0.0349784121,0.0454961732
-0.00932386518,-0.150085479,-0.0808928311,-0.2540797,-0.050004743,-0.209404185,-0.442356914,0.323096842,-0.171246991,0.291771829,0.39285937,0.192560792,-0.260980755,0.0480356961,0.261454999,0.356798708
0.106626734,-0.516397715,-0.127496958,0.00427059084,0.016496852,-0.11279954,0.135659263,0.0070541352,-0.075728476,0.546990037,-0.0273364633,-0.198390305,0.336586028,0.799724877,0.531618178,-0.462297201
-0.149922326,0.380233526,0.338625461,0.0821991116,0.0243339017,0.085453704,-0.297906578,-0.321314752,0.219681591,-0.174256742,-0.225581244,-0.611889184,0.157231137,0.243550003,0.312848747,-0.151796818
0.357258469,-0.172869921,-0.632314801,0.233890817,-0.0470243841,-0.139225513,0.00555365533,-0.329552114,-0.265433967,-0.250487,0.145756513,0.0116109885,0.0957632959,0.709134758,-0.0263306424,0.390728623
-0.33216545,-0.158074483,2.06359482,0.0896235257,0.0376405418,-0.439329088,-0.352721512,0.130356327,-0.257062972,0.215491116,0.322307497,-0.248450577,-0.550500035,-0.40448904,0.489618301,-0.375365436
-0.201276332,0.231072009,0.115167126,-0.236341491,0.202599972,0.0471469536,0.117644735,0.290512353,0.280068368,0.510791302,-0.135299832,0.549725056,0.0956277028,-0.524657965,-0.350678921,-0.165145725
-0.255985558,0.0889978558,-0.291653395,-0.0270772651,-0.22191295,0.159469306,-0.179092675,0.0812410861,0.682393372,-0.413816631,-0.103876539,-0.0546303242,-0.142628774,-0.564775348,-0.960570812,-0.343389571
-0.280586004,-0.221753076,-0.0613996908,-0.357963055,0.174305975,0.164071798,0.124755383,-0.620507717,0.294496715,-0.275457799,0.025342077,-0.246414572,-0.194678456,-0.24211356,0.130346268,0.0422142297
0.0993324518,-0.295554519,0.418127745,-0.26766032,-0.110888436,0.382662952,0.0846828371,0.0457754731,-0.193552494,-0.191905081,-0.196582347,-0.0334137529,0.202744782,0.147443861,-0.11378552,0.0978450626
0.0892871469,0.423031867,0.090169929,0.154575795,0.724957705,-0.233407021,0.331399918,0.325001001,0.295476288,0.265684903,-0.367382854,0.332958668,-0.0452362448,0.375950813,-0.285606086,0.290929735
-0.413836539,-0.550324023,0.168317497,0.0105572417,-0.557774782,-0.416458994,-0.0990206748,0.266237319,0.388798356,-0.136051416,0.0947733819,-0.0443453342,0.201780826,0.220667273,-0.171158448,0.068257302
-0.0308516808,-0.146663308,-0.478015661,-0.156883359,-0.164028496,-0.0401232541,0.0239846334,-0.142222643,0.341882259,-0.0280592591,-0.132901222,0.243871331,0.482892394,0.568820059,0.103629529,-0.213738024
0.093952775,-0.640506625,-0.130277395,0.0397232547,-0.222312808,0.143877789,0.358826578,0.120216161,0.0204809122,-0.667914569,0.352859259,0.197062209,-0.0315472111,-0.0315362588,-0.351604611,0.142518729
-0.280999184,0.0160922185,0.227111995,-0.205515504,0.287123442,-0.0677410662,-0.130509958,0.244088992,0.57611829,-0.340756714,0.29808107,0.00828364491,-0.0371461287,0.50488323,-0.111843824,-0.116768062
-0.255985558,0.0889978558,-0.291653395,-0.0270772651,-0.22191295,0.159469306,-0.179092675,0.0812410861,0.682393372,-0.413816631,-0.103876539,-0.0546303242,-0.142628774,-0.564775348,-0.960570812,-0.343389571
-0.280586004,-0.221753076,-0.0613996908,-0.357963055,0.174305975,0.164071798,0.124755383,-0.620507717,0.294496715,-0.275457799,0.025342077,-0.246414572,-0.194678456,-0.24211356,0.130346268,0.0422142297
0.0993324518,-0.295554519,0.418127745,-0.26766032,-0.110888436,0.382662952,0.0846828371,0.0457754731,-0.193552494,-0.191905081,-0.196582347,-0.0334137529,0.202744782,0.147443861,-0.11378552,0.0978450626
0.0892871469,0.423031867,0.090169929,0.154575795,0.724957705,-0.233407021,0.331399918,0.325001001,0.295476288,0.265684903,-0.367382854,0.332958668,-0.0452362448,0.375950813,-0.285606086,0.290929735
-0.413836539,-0.550324023,0.168317497,0.0105572417,-0.557774782,-0.416458994,-0.0990206748,0.266237319,0.388798356,-0.136051416,0.0947733819,-0.0443453342,0.201780826,0.220667273,-0.171158448,0.068257302
-0.0308516808,-0.146663308,-0.478015661,-0.156883359,-0.164028496,-0.0401232541,0.0239846334,-0.142222643,0.341882259,-0.0280592591,-0.132901222,0.243871331,0.482892394,0.568820059,0.103629529,-0.213738024
0.093952775,-0.640506625,-0.130277395,0.0397232547,-0.222312808,0.143877789,0.358826578,0.120216161,0.0204809122,-0.667914569,0.352859259,0.197062209,-0.0315472111,-0.0315362588,-0.351604611,0.142518729
-0.280999184,0.0160922185,0.227111995,-0.205515504,0.287123442,-0.0677410662,-0.130509958,0.244088992,0.57611829,-0.340756714,0.29808107,0.00828364491,-0.0371461287,0.50488323,-0.111843824,-0.116768062
-0.255985558,0.0889978558,-0.291653395,-0.0270772651,-0.22191295,0.159469306,-0.179092675,0.0812410861,0.682393372,-0.413816631,-0.103876539,-0.0546303242,-0.142628774,-0.564775348,-0.960570812,-0.343389571
-0.280586004,-0.221753076,-0.0613996908,-0.357963055,0.174305975,0.164071798,0.124755383,-0.620507717,0.294496715,-0.275457799,0.025342077,-0.246414572,-0.194678456,-0.24211356,0.130346268,0.0422142297
0.0993324518,-0.295554519,0.418127745,-0.26766032,-0.110888436,0.382662952,0.0846828371,0.0457754731,-0.193552494,-0.191905081,-0.196582347,-0.0334137529,0.202744782,0.147443861,-0.11378552,0.0978450626
0.0892871469,0.423031867,0.090169929,0.154575795,0.724957705,-0.233407021,0.331399918,0.325001001,0.295476288,0.265684903,-0.367382854,0.332958668,-0.0452362448,0.375950813,-0.285606086,0.290929735
-0.413836539,-0.550324023,0.168317497,0.0105572417,-0.557774782,-0.416458994,-0.0990206748,0.266237319,0.388798356,-0.136051416,0.0947733819,-0.0443453342,0.201780826,0.220667273,-0.171158448,0.068257302
-0.0308516808,-0.146663308,-0.478015661,-0.156883359,-0.164028496,-0.0401232541,0.0239846334,-0.142222643,0.341882259,-0.0280592591,-0.132901222,0.243871331,0.482892394,0.568820059,0.103629529,-0.213738024
0.093952775,-0.640506625,-0.130277395,0.0397232547,-0.222312808,0.143877789,0.358826578,0.120216161,0.0204809122,-0.667914569,0.352859259,0.197062209,-0.0315472111,-0.0315362588,-0.351604611,0.142518729
-0.280999184,0.0160922185,0.227111995,-0.205515504,0.287123442,-0.0677410662,-0.130509958,0.244088992,0.57611829,-0.340756714,0.29808107,0.00828364491,-0.0371461287,0.50488323,-0.111843824,-0.116768062
-0.255985558,0.0889978558,-0.291653395,-0.0270772651,-0.22191295,0.159469306,-0.179092675,0.0812410861,0.682393372,-0.413816631,-0.103876539,-0.0546303242,-0.142628774,-0.564775348,-0.960570812,-0.343389571
-0.280586004,-0.221753076,-0.0613996908,-0.357963055,0.174305975,0.164071798,0.124755383,-0.620507717,0.294496715,-0.275457799,0.025342077,-0.246414572,-0.194678456,-0.24211356,0.130346268,0.0422142297
0.0993324518,-0.295554519,0.418127745,-0.26766032,-0.110888436,0.382662952,0.0846828371,0.0457754731,-0.193552494,-0.191905081,-0.196582347,-0.0334137529,0.202744782,0.147443861,-0.11378552,0.0978450626
0.0892871469,0.423031867,0.090169929,0.154575795,0.724957705,-0.233407021,0.331399918,0.325001001,0.295476288,0.265684903,-0.367382854,0.332958668,-0.0452362448,0.375950813,-0.285606086,0.290929735
-0.413836539,-0.550324023,0.168317497,0.0105572417,-0.557774782,-0.416458994,-0.0990206748,0.266237319,0.388798356,-0.136051416,0.0947733819,-0.0443453342,0.201780826,0.220667273,-0.171158448,0.068257302
-0.0308516808,-0.146663308,-0.478015661,-0.156883359,-0.164028496,-0.0401232541,0.0239846334,-0.142222643,0.341882259,-0.0280592591,-0.132901222,0.243871331,0.482892394,0.568820059,0.103629529,-0.213738024
0.093952775,-0.640506625,-0.130277395,0.0397232547,-0.222312808,0.143877789,0.358826578,0.120216161,0.0204809122,-0.667914569,0.352859259,0.197062209,-0.0315472111,-0.0315362588,-0.351604611,0.142518729
-0.280999184,0.0160922185,0.227111995,-0.205515504,0.287123442,-0.0677410662,-0.130509958,0.244088992,0.57611829,-0.340756714,0.29808107,0.00828364491,-0.0371461287,0.50488323,-0.111843824,-0.116768062
-0.255985558,0.0889978558,-0.291653395,-0.0270772651,-0.22191295,0.159469306,-0.179092675,0.0812410861,0.682393372,-0.413816631,-0.103876539,-0.0546303242,-0.142628774,-0.564775348,-0.960570812,-0.343389571
-0.280586004,-0.221753076,-0.0613996908,-0.357963055,0.174305975,0.164071798,0.124755383,-0.620507717,0.294496715,-0.275457799,0.025342077,-0.246414572,-0.194678456,-0.24211356,0.130346268,0.0422142297
0.0993324518,-0.295554519,0.418127745,-0.26766032,-0.110888436,0.382662952,0.0846828371,0.0457754731,-0.193552494,-0.191905081,-0.196582347,-0.0334137529,0.202744782,0.147443861,-0.11378552,0.0978450626
0.0892871469,0.423031867,0.090169929,0.154575795,0.724957705,-0.233407021,0.331399918,0.325001001,0.295476288,0.265684903,-0.367382854,0.332958668,-0.0452362448,0.375950813,-0.285606086,0.290929735
-0.413836539,-0.550324023,0.168317497,0.0105572417,-0.557774782,-0.416458994,-0.0990206748,0.266237319,0.388798356,-0.136051416,0.0947733819,-0.0443453342,0.201780826,0.220667273,-0.171158448,0.068257302
-0.0308516808,-0.146663308,-0.478015661,-0.156883359,-0.164028496,-0.0401232541,0.0239846334,-0.142222643,0.341882259,-0.0280592591,-0.132901222,0.243871331,0.482892394,0.568820059,0.103629529,-0.213738024
0.093952775,-0.640506625,-0.130277395,0.0397232547,-0.222312808,0.143877789,0.358826578,0.120216161,0.0204809122,-0.667914569,0.352859259,0.197062209,-0.0315472111,-0.0315362588,-0.351604611,0.142518729
-0.280999184,0.0160922185,0.227111995,-0.205515504,0.287123442,-0.0677410662,-0.130509958,0.244088992,0.57611829,-0.340756714,0.29808107,0.00828364491,-0.0371461287,0.50488323,-0.111843824,-0.116768062
-0.255985558,0.0889978558,-0.291653395,-0.0270772651,-0.22191295,0.159469306,-0.179092675,0.0812410861,0.682393372,-0.413816631,-0.103876539,-0.0546303242,-0.142628774,-0.564775348,-0.960570812,-0.343389571
-0.280586004,-0.221753076,-0.0613996908,-0.357963055,0.174305975,0.164071798,0.124755383,-0.620507717,0.294496715,-0.275457799,0.025342077,-0.246414572,-0.194678456,-0.24211356,0.130346268,0.0422142297
0.0993324518,-0.295554519,0.418127745,-0.26766032,-0.110888436,0.382662952,0.0846828371,0.0457754731,-0.193552494,-0.191905081,-0.196582347,-0.0334137529,0.202744782,0.147443861,-0.11378552,0.0978450626
0.0892871469,0.423031867,0.090169929,0.154575795,0.724957705,-0.233407021,0.331399918,0.325001001,0.295476288,0.265684903,-0.367382854,0.332958668,-0.0452362448,0.375950813,-0.285606086,0.290929735
-0.413836539,-0.550324023,0.168317497,0.0105572417,-0.557774782,-0.416458994,-0.0990206748,0.266237319,0.388798356,-0.136051416,0.0947733819,-0.0443453342,0.201780826,0.220667273,-0.171158448,0.068257302
-0.0308516808,-0.146663308,-0.478015661,-0.156883359,-0.164028496,-0.0401232541,0.0239846334,-0.142222643,0.341882259,-0.0280592591,-0.132901222,0.243871331,0.482892394,0.568820059,0.103629529,-0.213738024
0.093952775,-0.640506625,-0.130277395,0.0397232547,-0.222312808,0.143877789,0.358826578,0.120216161,0.0204809122,-0.667914569,0.352859259,0.197062209,-0.0315472111,-0.0315362588,-0.351604611,0.142518729
-0.280999184,0.0160922185,0.227111995,-0.205515504,0.287123442,-0.0677410662,-0.130509958,0.244088992,0.57611829,-0.340756714,0.29808107,0.00828364491,-0.0371461287,0.50488323,-0.111843824,-0.116768062
STEP=0 CP=O_PROJ COUNT=1536 MIN=-1.21462941 MAX=1.28114617 MEAN=0.00111082011 L2=8.48843167 FIRST8=-0.614069819,-0.0529735722,0.117036365,-0.0728918687,0.281024843,-0.118225642,0.0674426779,-0.0100843869 HASH=c094bf93469daa41
STEP=0 CP=LAYER_0_O_PROJ COUNT=1536 MIN=-1.21462941 MAX=1.28114617 MEAN=0.00111082011 L2=8.48843167 FIRST8=-0.614069819,-0.0529735722,0.117036365,-0.0728918687,0.281024843,-0.118225642,0.0674426779,-0.0100843869 HASH=c094bf93469daa41
STEP=0 VEC=LAYER_0_O_PROJ N=1536
-0.614069819,-0.0529735722,0.117036365,-0.0728918687,0.281024843,-0.118225642,0.0674426779,-0.0100843869,-0.124707513,-0.0607701167,0.0427934118,-0.286663353,0.00811357424,0.098666504,0.0762344152,-0.111471571
-0.081400983,0.0343843922,-0.0600266978,-0.48609525,-0.115930095,0.00169755484,0.00504007656,-0.061015673,-0.0838371068,-0.10494554,0.0493365861,-0.225589573,-0.0868741423,0.102861568,0.118781552,0.011496705
0.0447440967,-0.213500395,-0.0943763033,0.139968291,-0.0198611058,0.0477246232,0.145508036,-0.0874205679,0.112509385,-0.0388653316,-0.00868619792,0.0960471705,-0.0770855173,-0.149168,0.174191371,-0.00771370251
0.000392794842,-0.116700917,-0.0992613062,0.503713667,0.026215706,0.268450975,0.0480673499,0.223103434,-0.320649475,-0.718791544,-0.17579259,0.0436765701,-0.183737427,-0.100533463,0.138259768,-0.142951384
-0.0801930279,0.138593301,0.225234374,0.602208257,0.0220918767,-0.103808768,0.120883502,0.0887903944,-0.377584875,0.0687651709,0.0862027705,0.279552937,-0.0967839062,-0.0468214154,0.114947997,0.108975962
-0.0713557675,-0.193567276,-0.0706356913,0.0509823374,-0.0410021469,0.0786133185,0.0812307969,-0.144612744,0.0355889536,0.0494365655,0.133995622,-0.189943656,0.250821739,-0.136381477,0.0567056797,0.0176761448
0.0547219552,-0.345887482,-0.211439788,0.139891475,-0.035048347,-0.232142791,-0.15674445,-0.0580736287,-0.170535043,-0.0493079536,-0.0118220374,-0.10347221,-0.0859960243,0.0895897299,0.0142647699,0.0236483403
0.0640518889,-0.0467343368,0.0399114005,0.129030585,0.170797199,0.0164246969,-0.0422190055,-0.735073388,0.00606246339,-0.139309064,0.188501969,-0.0508554764,-0.160759613,0.0372347385,-0.0851631463,-0.135715663
0.212004408,0.106045343,-0.0284545198,0.0871172845,0.0774263665,-0.0329617821,-0.01606136,-0.114674151,0.0073215845,0.0947405696,-0.319320679,-0.0186718758,0.265599191,-0.0818992481,-0.0906851366,0.262729615
0.0977936909,-0.375744551,0.0302049015,1.00634396,0.166915596,-0.00255039544,-0.0664910749,-0.0759008825,-0.370295346,-0.145767674,0.050336726,0.00670251343,0.144688219,-0.00484869583,0.0347713679,-0.0645156354
-0.0163292289,-0.169113323,-0.0696967691,-0.314823866,-0.0424635671,0.0446555577,-0.0240851231,-0.0541706011,-0.0862067342,-0.0358615518,0.0381413437,-0.075327307,0.0795141309,-0.042283278,0.19659166,-0.0109843407
0.0971018448,0.0749625862,0.10404145,0.15270032,-0.221398994,-0.112051576,-0.026937915,0.0304079857,0.00724711223,0.279886723,0.106266402,0.101628818,0.015306076,0.0172507633,0.141848087,0.323856592
-0.0685553849,0.00292907609,0.0145730693,0.0267927647,-0.0909375995,-0.114928164,-0.027101744,-0.170186743,0.0444069877,0.00342163793,-0.138571665,0.04510938,-0.100549504,-0.0346775874,0.0316140987,0.0448327921
0.0365758836,0.0342590436,0.0302099846,0.0336042233,-0.800956786,0.04586716,-0.0199738201,0.655480683,-0.112139866,0.0203475729,-0.0387368165,0.113484062,-0.0563384853,0.181863397,0.068913646,-0.318419963
0.204016834,0.0147805223,-0.0281774011,0.395968378,-0.0400507003,-0.0593293719,-0.0526393503,0.00651685614,0.0757770836,0.0315208882,0.0134478817,0.0586028732,-0.0100506479,-0.0205087103,0.0582486838,0.121102087
-0.198064551,-0.0193018038,0.000604427769,-0.0213788599,0.173874721,-0.108430512,0.132095054,0.147616223,-0.201230809,-0.0229168478,-0.110390462,0.362074733,-0.0483627953,0.0681190863,0.293591112,-0.0392767414
0.0109977238,0.021873001,0.140689149,-0.0451054834,0.0622806698,0.0732472092,-0.114848271,0.14004299,0.00300571322,0.162964568,-0.0511779077,-0.125731021,0.0366864875,-0.143001035,0.0855927318,-0.162652001
0.241420642,0.078725487,-0.293787152,-0.205447644,-0.100532152,-0.08439219,-0.0805670172,-0.0634640157,-0.0180180185,0.0657799095,0.0106496355,0.0143637834,-0.0239367895,0.559083104,-0.139244333,0.134387016
-0.31907177,0.0304106139,-0.206193551,0.0100295963,-0.153243974,0.0139041375,-0.283844858,0.0241509229,0.0428021364,0.0318395197,0.0766696781,0.0349907354,0.206163645,-0.219980568,-0.0514878221,0.755243897
0.0145246023,-0.0353659652,-0.10327974,-0.080211103,-0.0653888434,-0.535758018,0.205520794,-0.0343199559,0.175441951,-0.188392058,-0.00923990831,0.000342041603,0.595145047,0.225230485,0.153591692,0.763662934
-0.0187120456,-0.00926344004,-0.0956641734,0.344270587,-0.196836084,-0.12649776,-0.0476774685,-0.325730145,0.128121927,0.0287417695,0.286569834,0.0680399388,-0.539960325,-0.114499554,-0.0858923793,0.382869363
-0.108541854,0.0932072923,-0.00615789648,-0.123604208,-0.0938904732,0.00392044662,0.0444907658,0.0245131943,-0.0666470304,-0.147495136,-0.0324156545,0.04968898,0.171762735,0.0335394219,-0.0960247144,-0.828047693
-0.21597372,0.00542552629,0.0188620612,0.067752406,0.0732428133,0.0335062519,0.0906643495,-0.291158676,0.271308005,-0.0704464838,0.0956622809,0.33448109,0.00584729481,-0.127242535,0.0269334149,0.00610081851
0.0634892657,0.15140155,0.10912773,-0.069657281,-0.0346200541,-0.139889747,0.200024679,0.00962717831,-0.0922037587,-0.307425678,0.0391723663,-0.18488355,0.0547749251,-0.0421159863,-0.0290080272,-0.0369599983
0.0339220911,-0.0272977352,-0.109702088,-0.0275417082,0.0960589126,-0.00583947031,0.00484130578,0.0383739732,-0.038220983,-0.0454333052,-0.364632964,0.850210309,-0.0284578744,0.141940296,0.00441818312,-0.0408359393
0.282291681,-0.090387404,-0.202222794,-0.0119146928,-0.0507618822,-0.10284362,0.0474743433,0.0452634059,-0.406196922,-0.988405168,0.240619689,0.286721677,-0.0576664284,0.00696201436,-0.187126935,0.0997097939
-0.00578591507,0.0216969829,0.134169757,0.0297193062,-0.0015861619,-0.0850370526,0.0325170197,-0.0484302491,-0.00404730579,-0.0489841886,-0.087390624,0.0761622116,0.207240224,0.160583124,-0.18988885,0.000349108974
-0.00909657404,0.0823133066,-0.0757001266,-0.418327034,0.0548718758,0.188769326,-0.154664457,0.107294329,0.0473785959,-0.239667505,0.0794701353,0.0273327976,-0.014816069,0.121396162,1.03718102,-0.187007472
0.0158850662,-0.20495519,-0.0170002785,-0.00423820829,-0.218295261,0.0316144787,0.0762264654,0.00991039071,0.0535298809,0.105266221,0.838128567,-0.0452195108,0.173841119,-0.146232083,-0.0139140924,-0.0332773142
-0.126174495,-0.41911307,-0.152438074,0.068253547,-0.0087397173,-0.115666077,0.0502853915,0.0755388215,0.0859259069,-0.0679904446,-0.134146512,0.118070163,0.030151125,-0.465257406,-0.139760971,-0.00561655685
0.00533492211,-0.0151092466,0.104248114,0.108790115,0.0414144807,-0.207689092,0.0331446603,0.192901298,-0.0413174108,-0.0905719846,-0.0376338027,0.0643255264,-0.0645067543,-0.0272590667,0.115111224,-0.0537992194
0.144631386,-0.0398528948,0.077922374,0.387754917,0.275878102,0.0402730331,0.0621082149,0.150832415,-0.179312661,0.0639156401,0.0357592478,0.0963625759,-0.042529542,-0.179108322,-0.0495532826,-0.129000902
0.173705474,-0.107535943,0.544441521,-0.00305997697,-0.0532116704,-0.0690277144,-0.329277277,-0.120313674,0.0990960374,-0.204130843,-0.0791794881,0.384125382,0.0457414687,-0.0643029585,0.0902768523,-0.0922919065
0.0912228301,0.0475842021,0.0436959229,0.14829798,-0.422769725,0.00774058513,-0.0376162566,0.0328511335,-0.0365055241,0.192210749,-0.00268213451,-0.938253105,0.0275761932,0.174253002,0.0410279371,0.0106676174
-0.0981595293,-0.349499643,0.298160702,-0.0926980004,-0.400868654,0.0542370863,-0.306767911,-0.0959456936,0.00952672679,0.673050702,0.000131352921,0.142344788,-0.0560736395,-0.0598438345,-0.0602760985,0.297197521
-0.0593704954,-0.0124148959,0.0393822081,0.00969225913,-0.00213473849,-0.0571352318,0.647464871,-0.000215908512,-0.171570539,-0.00935015455,-0.360322863,0.0205002073,-0.190231606,0.72165364,0.0404659174,0.0572624207
-0.0869585946,0.0173505303,0.882376254,-0.227730542,0.172379762,-0.118642971,0.0694053099,-0.0326844156,0.0862833485,-0.347765684,-0.292963505,-0.139242351,-0.30768463,0.0636148676,0.0458264984,-0.107966006
0.0666944832,-0.0960003585,-0.11060483,-0.0833152384,-0.020461427,-0.0737590715,-0.142761886,-0.358238041,0.102073997,-0.0469423532,0.0347116962,0.152046725,0.0188762508,0.305865407,0.959818244,-0.0742400661
0.142488867,0.801739514,-0.0661023334,0.099391304,-0.115096465,-0.642148137,-0.0955164135,-0.171393245,0.0207093768,-0.0604544245,-0.180298015,0.149801314,0.00460646488,-0.342259258,-0.0480321348,0.0661173612
-0.0458760895,-0.162895575,-0.0259315707,0.052950684,0.028870225,-0.00761172362,-0.0412763581,-0.0132495565,-0.527969003,-0.0244662371,-0.0251408815,-0.0771869123,0.0128573552,-0.0269850213,-0.0450975783,-0.167272836
-0.00586849265,0.179667756,0.00189802074,0.530880392,0.845888555,0.108731017,0.0207545906,-0.00416983245,0.035772834,-0.224991977,0.105800308,-0.0966389477,-0.143887982,-0.00100924738,0.274092585,-0.0965162292
-0.161587551,-0.00337084499,-0.195444912,-0.0772097185,0.0481184088,0.769178569,0.224019185,0.125427648,-0.191479772,0.0695455,-0.0286653414,0.105035841,-0.00409846194,-0.0974435136,0.061170198,0.0544176064
-0.0392636545,-0.0332894959,-0.0837569013,0.116297148,0.568692088,-0.0964940265,0.113483168,-0.216184631,-0.0747722685,0.037348602,-0.0295466073,-0.0254070237,0.0573244356,0.0104530901,0.153231084,0.0790446922
0.343690902,0.0122865541,0.137231231,-0.108340196,0.171378031,0.0186277498,0.191548437,-0.00398621615,-0.333432496,-0.00344811962,-0.038611792,-0.0437864214,-0.0336674973,-0.174432442,0.0013904036,-0.053297054
-0.197684437,0.0383760892,0.304780185,0.0330360048,0.0064311563,0.160080761,0.924562931,-0.347783446,-0.0224263668,0.252754837,0.338619739,0.0266901068,-0.16155766,-0.115931056,1.11320412,0.00748592475
0.16296187,0.706656396,-0.0703068301,0.471896261,-0.0124660684,0.135682076,0.0266571268,-0.0764334872,0.0624099076,-0.00699948054,-0.489344627,-0.0879800618,0.0770951658,0.235880375,0.0434328169,-0.411635399
0.0376243517,0.0755208954,-0.186458126,0.0035526976,0.18207863,-0.0941673294,0.274744719,-0.0107777789,0.012299059,-0.100040436,-0.0771528855,0.13704215,-0.0212668069,-0.0270942897,0.302783936,0.0528078564
0.12845777,0.110501513,-0.184795037,-0.0293213185,0.118199073,-0.305736601,0.102915473,0.319889814,0.00537685584,-0.303134859,-0.169139296,-0.161322966,-0.022791991,-0.0537991412,-0.0226700958,0.0963349491
0.0483435057,-0.184612498,-0.548124552,0.117029771,-0.03363337,-0.420088023,0.167740256,0.460364312,-0.25797835,-0.769810021,-0.0286840554,-0.0966762155,-0.583609641,-0.00713012926,0.255961895,-0.149899215
-0.195612147,-0.0798118338,-0.0597525798,0.460439533,0.0818070248,0.178088456,0.106243834,-0.0307439603,-0.0323951021,-0.0256709456,0.0227853917,-0.0251885559,-0.306048155,-0.451018065,0.170184091,0.0178996343
0.000301998341,0.0821720883,0.102852851,0.0575833172,-0.113585316,-0.0400420167,-0.250039876,0.0385650359,0.154584333,0.160649002,0.0404262543,-0.3110497,-0.00650807843,0.632275224,0.19612366,-0.124174304
-0.108675264,0.0879432037,0.0383355916,-0.0386576504,-0.144388586,0.0832297653,0.0818119496,0.0710716397,0.0488626361,-0.158607394,-0.113416441,0.09882503,-0.078746736,-0.410692394,-0.0607677996,-0.0995722115
-0.169501379,-0.376651794,-0.0968356133,0.0852744207,-0.0582973771,-0.214645088,0.144013971,-0.114300594,0.119592741,0.0615842268,0.241261974,0.117325857,-0.0229553878,-0.157568991,0.0840030909,-0.101033628
-0.0718748868,0.423571587,-0.00421889266,-0.183479726,-0.00250794739,-0.236817136,-0.0484235436,0.00056803762,0.35694471,-0.0355151258,0.115926713,-0.0218421873,0.0511169583,-0.0308093056,0.0619128868,-0.122207306
0.312254578,0.112679556,0.081913121,-0.149995193,0.0196899213,-0.015232509,0.164001182,0.18423672,-0.100668035,-0.0340444967,-0.00582733005,0.181370303,0.0880876109,0.0340110734,-0.149900287,0.0296300836
-0.919567764,0.0243644267,0.0550450981,0.0677766651,-0.0560568683,0.153777957,0.0987729877,-0.0819510296,-0.0376783945,-0.0673820078,0.431717098,0.00914575346,0.124519564,0.908099592,0.185797185,0.0104697132
-0.0645173863,-0.0365708806,-0.113234796,0.02823928,0.144611269,-0.00567145832,0.0210012551,0.0277617555,-0.246912986,0.136076018,-0.159601524,0.0201386698,0.11282099,-0.10185051,-0.0950247422,0.0839932635
0.0360694528,-0.0363413766,-0.615483582,0.102518886,0.0376961753,-0.378372729,-0.101777077,-0.0633678138,0.147744939,0.0218142103,-0.0735793561,-0.000121951103,0.335607409,0.122085333,0.111611977,0.283521324
-0.044095777,0.0379261188,0.0517675094,-0.0149291325,0.135623783,-0.054822132,-0.0226948932,0.000183156808,-0.202340528,0.0647903606,0.602150321,-0.0873243436,0.163745672,0.0401063561,0.0170104336,0.233287975
0.119154818,-0.036700137,-0.101979181,0.11134553,-0.00767017994,0.0963659883,0.139960065,0.344511151,-0.0196095221,-0.147615463,0.0964190811,0.000250181067,0.0179136358,0.149243027,-0.444117635,-0.127385527
-0.0498701781,0.0576411933,0.0706871673,0.0498194359,0.0106355837,0.111505896,0.00624799402,0.0768356547,0.0168373361,0.760084271,0.0842011794,-0.0303670801,-0.000743729877,0.0074856095,-0.0915385112,-0.0213323589
0.116019286,0.0608624406,-0.105003811,0.0141351921,-0.366325825,0.0111464867,-0.0472061522,-0.023127947,-0.118726142,0.0639840364,-0.00770008564,0.14029929,0.00821081921,0.522727489,0.0449059159,-0.299216032
0.0956307724,0.110277906,-0.15272139,-0.02422476,0.260556459,0.0489327312,0.0750872716,0.164757937,0.00777619518,-0.0412789509,-0.134196296,-0.203201696,-0.0171023291,-0.130162001,-0.00747628044,-0.270385414
-0.050448399,-0.0326662064,-0.191863969,0.0238046311,0.00918524154,-0.0193705112,-0.187588677,0.00855839718,0.086668849,0.209631771,0.132413,-0.185255468,0.145057246,-0.0363813788,0.0641603991,0.329890192
0.0480412096,0.0106042894,0.0157724004,-0.0655272156,-0.500534356,0.0890490338,0.415491223,-0.0106708016,-0.148502022,0.0253247414,0.0002858894,0.0234502722,0.0377145968,0.0799480379,0.0629781708,0.122954242
0.0378802828,0.0249060225,-0.00613715034,-0.0482769087,-0.155927926,-0.00496389717,-0.136910826,0.0199910682,0.0130002592,0.073592037,-0.071057044,0.157619566,-0.0952477008,0.0013644608,0.011942381,-0.0381522626
0.0278731808,-0.170187712,0.0303115286,-0.201619223,0.00253654714,-0.232329726,-0.344311148,-0.00277566467,0.262689352,-0.0405543186,0.0864545703,0.0469826087,-0.147921056,-0.039027296,-0.0409625545,-0.0233153254
-0.09993577,0.182728767,-0.0774771571,-0.0353654437,0.119719476,0.0363573767,0.0881543308,0.0408931337,-0.0605850406,-0.402347952,-0.0997428522,-0.0688556656,-0.106386952,-0.174210206,0.0673947483,-0.526470184
-0.0575857088,-0.0494807474,0.116941579,0.0199088566,-0.0219324846,0.579951584,0.0969200432,0.0243927091,-0.125805408,-0.0692022145,-1.00701869,-0.336390734,0.0101773916,0.493151098,-0.146285415,0.212177396
0.0675788969,0.10589575,0.0495417044,0.0589714386,-0.116687618,-0.0277145822,-0.0526645295,0.160563484,-0.43506366,0.0172701553,0.173744053,0.0451419018,-0.0939596519,0.202511832,0.353912681,0.0624189451
0.0210430827,-0.111758679,0.00365284318,0.23662433,0.136504948,-0.430432945,-0.169212237,0.246866748,-0.187068671,0.189182162,-0.0224979855,0.141752169,-0.149342313,-0.0413260683,-0.0336121917,0.0507667623
0.103600912,-0.0413702168,-0.0209210999,0.522729397,0.0150058372,-0.0344440565,0.025061043,-0.0838995054,-0.040935073,0.0113258353,-0.0710421577,0.0238031466,0.385540009,0.0394778512,-0.0624826327,-0.0847098082
0.0567531511,0.167507276,-0.000530317717,0.883472919,0.0821602196,-0.463895887,0.0666678771,0.010210447,0.846011102,0.596410155,-0.101320684,0.0438427031,0.0799697712,-0.338071197,0.11567466,0.0648081601
-0.0194446072,-0.242187604,0.0625902712,0.0730030537,0.0765602887,-1.20621157,0.203722253,0.0190858282,-0.0410933457,0.0620568432,-0.0945373923,-0.124240182,-0.0901358947,0.0737430602,0.0270213336,-0.0361286923
0.0452428497,-0.0118618757,0.0825065747,-0.115667701,-0.00220606523,0.0171604138,0.0559969917,0.0215329211,0.0915974826,0.139537424,-0.10929887,0.0342730246,-0.276173174,0.632115901,0.149086908,-0.00215859618
-0.185068876,-0.0499253348,-0.00227515353,0.0114296339,0.0377800614,-0.0564289615,-0.0627095476,-0.0279605854,0.102751657,-0.176369578,-0.0651933998,0.0150768459,-0.109959766,-0.217535481,-0.422771394,-0.414575875
0.270407289,0.0692312643,0.102951773,0.408320874,-0.0430064835,0.294227332,-0.119703256,-0.1547627,0.441729873,0.402921677,-0.146227911,-0.153439581,-0.0451752134,0.382344455,-0.212844431,0.0464667678
0.402583927,-0.141508266,0.0774110481,0.449589163,-0.0324091874,-0.0226761922,0.192778036,-0.0547422767,0.0428857617,-0.0971366614,0.135811135,-0.388925701,-0.025579555,-0.104851447,-0.0913983956,-0.00749538792
-0.052574832,-0.109282926,-0.0467232354,-0.237235859,0.158322304,-0.13062638,-0.095350869,0.247547612,-0.128788158,-0.188336074,-0.0969057009,-0.0566586889,-0.0751828849,-0.140455887,0.0714174137,-0.0381376334
-0.08411365,0.0296225976,-0.423488259,-0.121213503,-0.216078252,0.0506957993,0.0126470448,-0.0515411198,0.000230661593,0.163279772,-0.0223079417,0.00733078457,-0.0916531086,0.203319788,-0.131584093,0.0968863666
0.0726539493,0.0598789155,0.245981604,-0.086504966,-0.047334671,-0.165707842,-0.828224957,-0.151882604,0.00801189896,0.0616001263,0.00114461768,-0.221479774,-0.198673159,0.112214893,-0.0930457115,0.0606926456
0.0260043684,-0.0882730559,0.131189287,-0.335527331,-0.0460050181,-0.604664087,-0.0769652724,-0.678888619,0.0972632617,0.00523087941,-0.118610673,-0.0184763297,0.374630749,0.0906508937,-0.128162995,-0.00909695029
-0.00470091775,-0.146706313,-0.0624019131,-0.046003826,-0.0946241096,0.126875535,-0.0696108118,0.188557133,0.111161478,-0.0163902845,0.131018788,0.114733592,-0.111901477,-0.0252812561,-0.715942085,-0.0601967871
-0.0734837949,0.0742167011,-0.139830753,0.185690627,0.0916334167,-0.0914439633,-0.0785860345,0.0969886705,0.021938296,-0.0928324163,-0.161231786,-0.108834215,0.844794214,0.0393112265,-0.315025866,-0.193859383
-0.0933354422,0.0723682493,0.0334976353,-0.0380326733,-0.00800319109,0.00220605265,0.216292962,0.113496728,0.122417472,-0.0645382404,0.0199749228,0.00599038508,0.0436733328,0.347244173,0.759927332,-0.0230774339
0.102593482,0.109162979,0.0140154976,0.0131588429,0.0707649216,-0.0960794836,-0.0646984279,0.18114832,-0.0752161816,0.153672233,-0.000436611415,0.177008256,-0.114528343,0.00952555891,-0.00849837437,0.0948421508
0.00903734565,0.32258746,-0.0275236368,0.016720254,-0.0147906104,0.271530122,0.0553186312,-0.36341095,-0.0256340746,-0.0680467039,0.108244441,0.160209581,-1.14192605,-0.102389991,0.142270848,-0.300474435
0.032846462,0.180829912,0.0104758535,-0.156862676,-0.188911125,-0.0153743513,-0.0856470391,-0.148803413,-0.478263468,0.319152087,0.0624739528,0.0907060131,-0.20271951,-0.10656327,-0.0645969287,-0.0850266144
-0.14056994,-0.0596097074,-0.202467158,0.0206489097,-0.14204888,0.0937616229,0.456630111,0.379137903,-0.00363445538,0.0815227032,-0.045733165,0.0423237905,-0.15296638,-0.559168041,0.455223203,0.00936294906
0.124520995,0.0825564265,-0.0571536459,0.0150202671,-0.0010372079,-0.0235715769,0.100639671,-0.123673283,-0.0240241289,0.162033454,-1.21462941,0.42494294,0.20549652,-0.0697918907,-0.0522507541,0.0117150825
1.28114617,-0.153064087,-0.158867583,-0.176887229,-0.0538763143,-0.00232737651,0.0739921033,-0.0406259485,0.0985521302,-0.0792692155,-0.0752321184,-0.0151226204,0.132834673,-0.0166874696,-0.0370077193,-0.096919328
0.0238493774,0.285471261,-0.0464453064,-0.164393708,0.044330664,-0.0636571348,-0.161224425,0.00350394659,-0.0164701268,0.0986057818,0.0593292937,-0.116219424,-0.313475907,-0.0428119823,-0.0115738204,-0.0177738219
-0.0945082009,0.141082853,-0.0896078274,1.09041131,-0.012288942,-0.2952483,-0.0175625384,0.109506391,0.0914505869,-0.0710247606,-0.110469989,-0.153526396,-0.388628334,0.0262653418,0.0693715885,-0.0158303585
0.0168990195,0.0591382161,0.0865894333,-0.121232018,0.0357629694,-0.0246443059,0.0989302099,-0.153265014,0.014839326,0.0217996426,-0.172001868,-0.33263129,0.0751187876,-0.0658855662,-0.145764932,-0.0367985629
-0.0590635017,0.115608543,-0.0207833033,0.0198567417,-0.050264895,-0.0825241208,-0.0631870255,-0.170002893,-0.0487517491,0.0468178205,-0.034420602,-0.102394491,0.133981019,-0.0762008652,0.0251117703,-0.00220136205
-0.0127911801,0.0761979297,0.588661551,-0.12323761,-0.0535277277,-0.103689924,0.0227965284,0.119454391,0.00453194138,0.210177913,0.01011365,-0.0134142637,-0.0449932143,0.00112685515,0.0177829992,-0.191008151
STEP=0 CP=ATTN_RESIDUAL COUNT=1536 MIN=-1.2086556 MAX=1.27171874 MEAN=0.00119577203 L2=8.54835042 FIRST8=-0.596131206,-0.0484889187,0.113672875,-0.0807400122,0.292236477,-0.111498661,0.0573522076,-0.0291441642 HASH=ca3a533cb2c65597
STEP=0 CP=LAYER_0_ATTN_RESIDUAL COUNT=1536 MIN=-1.2086556 MAX=1.27171874 MEAN=0.00119577203 L2=8.54835042 FIRST8=-0.596131206,-0.0484889187,0.113672875,-0.0807400122,0.292236477,-0.111498661,0.0573522076,-0.0291441642 HASH=ca3a533cb2c65597
STEP=0 VEC=LAYER_0_ATTN_RESIDUAL N=1536
-0.596131206,-0.0484889187,0.113672875,-0.0807400122,0.292236477,-0.111498661,0.0573522076,-0.0291441642,-0.110132389,-0.0742240772,0.0181278177,-0.270967066,0.0372638218,0.133422568,0.069507435,-0.106986918
-0.100245588,0.0226065144,-0.0694490001,-0.449583828,-0.126530185,-0.00183580851,0.00504007656,-0.0975270942,-0.099148348,-0.0931676626,0.0646478236,-0.197322667,-0.0892297179,0.116995022,0.149404034,0.0056077661
0.04876443,-0.203047529,-0.08311937,0.138360158,-0.0214692391,0.0589815564,0.135055169,-0.0946571678,0.112509385,-0.0243921317,-0.00305773132,0.106500037,-0.0835180506,-0.1564046,0.199921504,-0.00932183582
0.0322836637,-0.121049672,-0.116656326,0.512411177,0.0349132158,0.280047655,0.0219748206,0.234700114,-0.31919989,-0.672404826,-0.168544665,0.0335294753,-0.172140747,-0.0932855383,0.128112674,-0.135703459
-0.0958213657,0.151095971,0.220024928,0.614710927,0.0220918767,-0.106934436,0.131302387,0.0762877241,-0.410925329,0.0656395033,0.0976635516,0.276427269,-0.104077131,-0.0707848668,0.109738551,0.120436743
-0.0568146184,-0.17539084,-0.0876003653,0.0897587389,-0.047060959,0.0919427052,0.0921366587,-0.130071595,0.0331654288,0.0361071788,0.146113247,-0.193578944,0.247186452,-0.120628566,0.0918467939,0.0334290564
0.0622416772,-0.341187656,-0.23493892,0.131431788,-0.027528625,-0.222743139,-0.167084068,-0.0834526867,-0.140456155,-0.0775069147,-0.0240415856,-0.0799730793,-0.096335642,0.0754902512,0.0227244571,0.0255282708
0.0775058493,-0.0542087592,0.0361741893,0.115576625,0.167059988,0.0291312151,-0.0661371574,-0.733578503,-0.00215940131,-0.127349988,0.187754527,-0.0545926876,-0.165244266,0.0245282203,-0.0866580307,-0.156644046
0.227632746,0.0904170051,-0.0534598604,0.0793031156,0.081333451,-0.0235847794,-0.0270011965,-0.1123299,0.0112286694,0.0947405696,-0.335730433,-0.0092948731,0.278101861,-0.0912762508,-0.110220559,0.269762367
0.108212583,-0.363241881,0.0500007942,0.984464288,0.157538593,-0.0140111763,-0.0487789586,-0.0425604284,-0.395300686,-0.135348782,0.0597137287,0.0244146287,0.122808546,-0.0225608125,0.0618604869,-0.0593061894
0.000454246998,-0.200098202,-0.0774429888,-0.354846001,-0.0618291162,0.0666031837,-0.0318313427,-0.0670809671,-0.0720053315,-0.0358615518,0.0394323803,-0.0740362704,0.0782230943,-0.0306639485,0.197882697,-0.0161484871
0.0697522536,0.0618823469,0.106419675,0.149132982,-0.24637036,-0.106106013,-0.0388290435,0.0268406477,-0.00226578908,0.262050033,0.0908079371,0.075468339,-0.00371972658,-0.020800842,0.156117439,0.344071507
-0.0713752806,-0.00647057639,0.00517341681,0.00423359871,-0.0721382946,-0.141247183,-0.034621466,-0.168306813,0.0218478218,-0.0116178058,-0.140451595,0.0751882643,-0.0977296084,-0.0318576917,0.0231544115,0.0307333134
0.0417400301,0.0368411168,0.0250458382,0.0555518456,-0.795792639,0.0600685626,-0.0561228469,0.669682086,-0.153453037,-0.0158014521,-0.0258264504,0.0941185132,-0.0563384853,0.180572361,0.0766598657,-0.30421856
0.166101128,0.0355730057,-0.00616182946,0.398414552,-0.0522815734,-0.0495446734,-0.0306237787,0.0273093395,0.0831156075,0.0290747136,0.0293480158,0.0806184411,-0.00393521134,-0.0437473692,0.0631410331,0.0954172537
-0.229774222,-0.00457945652,0.00739935739,-0.0202463716,0.162549838,-0.103900559,0.138889983,0.173663452,-0.186508462,-0.0263143126,-0.0990655795,0.363207221,-0.0834699273,0.0409393683,0.276603788,-0.0313493237
-0.0154028423,0.0193181075,0.166238084,-0.0459571145,0.0656871945,0.0783569962,-0.118254796,0.142597884,0.0183350742,0.159558043,-0.0367001779,-0.118917972,0.0477576926,-0.167698339,0.09155415,-0.141361222
0.25029552,0.0846420825,-0.300689846,-0.234044522,-0.13208732,-0.0893226862,-0.0904280096,-0.0358532369,-0.0357678048,0.0578911155,0.0126218339,-0.00239990372,-0.0150618963,0.576832891,-0.166855112,0.136359215
-0.322926521,0.010173168,-0.203302488,0.0235212259,-0.147461846,-0.0159701873,-0.299263865,0.0347514898,0.0389473848,0.0299121439,0.087270245,0.0108985379,0.21290946,-0.235399574,-0.0514878221,0.761026025
0.0163623318,-0.0289339088,-0.12625137,-0.0756167769,-0.072739765,-0.536676884,0.219303772,-0.012267191,0.151551455,-0.206769362,-0.0285360776,-0.0116032064,0.605252564,0.196745664,0.16553694,0.739772439
-0.043118,-0.0192476958,-0.112304598,0.35980165,-0.171320766,-0.117622867,-0.0632085353,-0.290230572,0.142543629,0.0265230462,0.306538343,0.0902271718,-0.558819473,-0.106734022,-0.0714706779,0.375103831
-0.0770763233,0.131934106,0.0180463567,-0.10666123,-0.0745270699,-0.0106021054,0.0444907658,0.0220927689,-0.0823797956,-0.151125774,-0.017893102,0.0593706816,0.164501458,0.0432211235,-0.0875532255,-0.846200883
-0.217352018,0.0136953127,0.0340233371,0.0470779389,0.0663513243,0.025236465,0.0961775407,-0.309076548,0.257525027,-0.114552014,0.0956622809,0.33448109,0.0154953795,-0.139647216,0.0352032036,0.00472252071
0.0876711085,0.169072896,0.115638226,-0.0603565723,-0.00950814039,-0.128728896,0.218626097,-0.0201350898,-0.0949939713,-0.295334756,0.0447527915,-0.197904542,0.0380336493,-0.044906199,-0.015056964,-0.0397502109
0.0110625178,-0.0516812801,-0.112750031,-0.0275417082,0.0747233108,-0.0157452859,0.0269388929,0.0383739732,-0.0626045316,-0.0484812483,-0.360823035,0.850210309,-0.0147421304,0.137368381,-0.0115835182,-0.0431218967
0.286998063,-0.0932112336,-0.201281518,-0.0137972459,-0.0517031588,-0.132964462,0.063476041,0.03867447,-0.39866671,-0.985581338,0.21049884,0.292369336,-0.0454298332,0.00884456746,-0.179596722,0.091238305
-0.0316037871,0.0116566997,0.159987628,0.0311536323,0.0256660357,-0.103683293,0.0612035431,-0.0326526612,-0.00404730579,-0.0432468839,-0.0773503408,0.122060649,0.223017812,0.151977167,-0.162636653,-0.00108521723
-0.0289082043,0.0718247965,-0.0430692062,-0.415996253,0.0921643525,0.208580956,-0.140679777,0.115452059,0.0275669657,-0.230344385,0.0783047453,-0.00180195272,0.0213110223,0.144703954,1.03834641,-0.189338252
0.00713343546,-0.192225546,-0.0122266617,-0.00185139989,-0.242163345,0.0347968899,0.0913429186,0.00752358232,0.0400046334,0.0925365761,0.850062609,-0.0197602212,0.160315871,-0.1510057,-0.0330085605,-0.0269124918
-0.117030665,-0.412255198,-0.13872233,0.0762543976,-0.0281703547,-0.0790907592,0.0422845408,0.0823966935,0.0904978216,-0.0451308712,-0.121573746,0.111212291,0.0404379331,-0.480116129,-0.134046078,-0.0181893222
-0.00282280799,-0.0426415876,0.0858932212,0.110829547,0.0434539132,-0.225024268,0.0341643766,0.195960447,-0.0504948571,-0.0936311334,-0.0335549377,0.0755424052,-0.082861647,-0.0588702708,0.120209806,-0.0436020568
0.138849258,-0.0321433917,0.0904503167,0.416665554,0.245040089,0.0181082115,0.0351249538,0.165287733,-0.18894954,0.0523513854,0.0521419421,0.106963143,-0.0463842936,-0.173326194,-0.0312432125,-0.107799768
0.188547507,-0.113101706,0.538875759,0.00807154831,-0.0244552307,-0.0671724603,-0.339481175,-0.115675539,0.0703395978,-0.205986097,-0.0856728777,0.3813425,0.0680045187,-0.0791449919,0.107901767,-0.0950747877
0.105947442,0.0261665843,0.0363336168,0.154990986,-0.410722315,0.00573268346,-0.0275767483,0.0475757457,-0.0378441252,0.212289765,-0.0174067467,-0.945615411,0.0282454938,0.182284608,0.0403586365,-0.0100806998
-0.0981595293,-0.355664253,0.285831481,-0.0816017017,-0.440322161,0.0505383201,-0.310466677,-0.107041992,0.00582796056,0.64839226,-0.00233449135,0.141111866,-0.0536077954,-0.072173059,-0.0652077869,0.281169534
-0.0839115158,-0.0124148959,0.0371512063,0.00857675821,0.0157132763,-0.0906002596,0.64634937,-0.03591194,-0.164877534,-0.0249671675,-0.374824375,0.00822969712,-0.196924612,0.743963659,0.0103473924,0.0594934225
-0.0527655557,0.0333785191,0.861005604,-0.215976685,0.153146178,-0.116505906,0.103598349,-0.035890013,0.101242803,-0.372341931,-0.271592855,-0.138173819,-0.322644085,0.0796428546,0.058648888,-0.0930065513
0.0459344238,-0.0984427184,-0.135028422,-0.0601128191,-0.0119131673,-0.101846211,-0.137877166,-0.3973158,0.136267036,-0.0518270731,0.0676835552,0.149604365,0.0286456905,0.307086587,0.954933524,-0.0559223667
0.146117181,0.807786703,-0.0830344632,0.106647931,-0.101792648,-0.639729261,-0.0737465322,-0.166555494,-0.0179926343,-0.048360046,-0.171831951,0.169152319,-0.00748791359,-0.34104982,-0.0371471941,0.0661173612
-0.0359422602,-0.146339193,-0.0204127766,0.0562619604,0.0233514309,-0.0329981744,-0.0401725993,-0.0176645927,-0.525761485,-0.0255699959,-0.0328671932,-0.0705643594,0.0470738783,-0.0347113311,-0.0517201312,-0.149612695
-0.00882750563,0.195449159,-0.00402000546,0.522003353,0.837997854,0.087031588,0.0276589543,0.00174819352,0.0505678989,-0.202306211,0.137363106,-0.0976252854,-0.147833332,0.00786779169,0.261270195,-0.0836938396
-0.14087446,-0.00337084499,-0.199883431,-0.0735109523,0.0266655646,0.76030153,0.204045847,0.111372337,-0.178903967,0.0872995779,-0.0523374453,0.0813637376,-0.0129755009,-0.0967037603,0.0648689643,0.0536778532
-0.0606343038,-0.0482489504,-0.0741401091,0.119502746,0.565486491,-0.111453481,0.131648213,-0.202293709,-0.108965307,0.0469653942,-0.0263410099,-0.000830776989,0.0648041666,-0.00557489693,0.148956954,0.0907985494
0.383731514,0.0148698194,0.134647965,-0.104465298,0.173961297,0.0212110151,0.195423335,0.0128050083,-0.343765557,-0.00344811962,-0.04248669,-0.0386198908,-0.0297925994,-0.162807748,-0.00377612701,-0.0765464455
-0.194678456,0.075950861,0.295762241,0.048065912,0.00492816558,0.176613659,0.930574894,-0.299687743,-0.0119054317,0.252754837,0.292027026,0.0702768415,-0.157048687,-0.106913112,1.13124001,-0.00754398247
0.170594245,0.718104959,-0.0664906427,0.490977198,-0.0323102437,0.129576176,0.0266571268,-0.100093849,0.0509613454,0.00444908161,-0.495450526,-0.0826373994,0.0862540156,0.259540737,0.056407854,-0.432242811
0.0684121773,0.0527646765,-0.178426519,-0.0178649202,0.18207863,-0.104876138,0.270728916,0.0026082322,0.00426745228,-0.0585438013,-0.0436878577,0.143735155,-0.0199282058,-0.0137082785,0.332233161,0.048792053
0.149311766,0.110501513,-0.194353119,-0.00238490663,0.119936906,-0.308343351,0.0959641412,0.326841146,0.0123281879,-0.318775356,-0.170877129,-0.188259378,-0.0253987405,-0.0598815568,-0.0226700958,0.0963349491
0.0335697196,-0.141634211,-0.534693837,0.121058986,-0.016173441,-0.410686523,0.147594184,0.476481169,-0.251262993,-0.764437735,-0.0474870577,-0.118165359,-0.588981926,0.0157020856,0.215669751,-0.148556143
-0.167347148,-0.092177771,-0.0359039865,0.473688751,0.0667912439,0.169255644,0.0885782093,-0.00866192952,-0.0412279144,-0.030970633,0.00335320458,-0.0251885559,-0.327246904,-0.452784628,0.174600497,0.0276157279
0.00339953252,0.0744282529,0.115242988,0.0575833172,-0.124426685,-0.046237085,-0.254686177,0.0494064055,0.202596113,0.176136672,0.0559139252,-0.292464495,0.0043332912,0.627628922,0.211611331,-0.135015666
-0.105735026,0.0859830454,0.0236344039,-0.0543389171,-0.129687399,0.0949907154,0.0749513954,0.0416692644,0.0665040612,-0.151746839,-0.10263557,0.09882503,-0.0856072903,-0.431274056,-0.091150254,-0.120153874
-0.168618098,-0.374885231,-0.106551707,0.0755583271,-0.0812626928,-0.212878525,0.119282097,-0.109000906,0.120476022,0.0677671954,0.235079005,0.119975701,-0.00352320075,-0.145203054,0.11226809,-0.112516284
-0.0529266894,0.437256396,-0.00842960365,-0.149794042,0.0153875723,-0.216816261,-0.0610556751,-0.000484640012,0.368524164,-0.0386731587,0.127506167,-0.0376323536,0.0605910569,-0.0118611082,0.0324379131,-0.129576057
0.302889377,0.1105984,0.110008724,-0.131264791,0.0363391675,0.0024573151,0.164001182,0.206088856,-0.110033236,-0.0236387178,-0.015192531,0.193857238,0.0724789426,0.0392139629,-0.18319878,0.0389952846
-0.965643585,0.0445225984,0.0392065346,0.0490583628,-0.0330189578,0.132179916,0.0973331183,-0.0819510296,-0.0376783945,-0.0702617466,0.40291971,0.00482614525,0.131718904,0.9124192,0.195876271,0.00902984384
-0.0834413841,-0.0308114029,-0.134627134,0.0109608471,0.122396141,-0.0237726737,0.01277343,0.0113061052,-0.240330726,0.131962106,-0.134918049,-0.00536758825,0.115289338,-0.104318857,-0.0884424821,0.0922210887
0.0568326116,-0.0589920953,-0.630584061,0.115731806,0.0443026349,-0.372710049,-0.117821336,-0.078468293,0.172283217,0.0369146913,-0.0820733756,-0.0105035305,0.365808368,0.133410692,0.105949298,0.296734244
-0.044095777,0.0432984047,0.0759427994,-0.056564346,0.127565354,-0.0709389895,0.0122249648,-0.00653220061,-0.2036836,0.086279504,0.63841325,-0.0819520578,0.163745672,0.0562232137,0.00223664753,0.229258761
0.100993104,-0.0233178213,-0.102935061,0.0912720561,-2.31424347e-05,0.112615943,0.141871825,0.333040595,-0.0138742439,-0.117027313,0.0925955623,-0.00548509695,0.038942989,0.136816591,-0.442205876,-0.126429647
-0.0355319828,0.0270530432,0.0649518892,0.0459959172,0.0374002159,0.122020572,0.0349243842,0.0835268125,0.0292637721,0.76486367,0.0832452998,-0.00647008792,-0.0179495644,0.0323384814,-0.0924943909,-0.0213323589
0.11159078,0.0660290271,-0.0961467996,0.0200398676,-0.363373488,0.0104084024,-0.0494204052,-0.0194375254,-0.12832123,0.0876027346,0.00115692616,0.137346953,0.0141154937,0.530108333,0.0552390963,-0.291835189
0.106169648,0.132977024,-0.164070949,-0.0371956825,0.252449632,0.042447269,0.07751932,0.182592958,-0.0133015569,-0.0510071442,-0.139060393,-0.204012379,-0.0373694003,-0.105030835,-0.0123403771,-0.246875614
-0.022026103,-0.013718009,-0.207654133,0.0259099863,-0.00765760057,-0.0183178335,-0.220221683,0.0169798173,0.101406336,0.221211225,0.160835296,-0.199992955,0.144004568,-0.0342760235,0.0452122018,0.324626803
0.0553856939,0.0274966024,-0.006995501,-0.0787472874,-0.481438696,0.0897834823,0.414756775,0.0128315482,-0.14923647,0.0253247414,-0.00705859484,0.0410770327,0.0355112515,0.0843547285,0.0541647896,0.120750897
0.0459471755,0.0273260903,-0.0246910043,-0.0458568409,-0.156734616,-0.00577058643,-0.137717515,0.0345114768,0.0234872196,0.0848856866,-0.0573433265,0.161653012,-0.121061757,-0.00266898563,-0.00822485052,-0.0421857089
0.0134370551,-0.158376336,0.0342486538,-0.196369722,-0.00140057807,-0.219205976,-0.314126521,0.0379079618,0.288936853,-0.0366171934,0.079892695,0.0482949838,-0.132172555,-0.0429644212,-0.0514615551,-0.0101915747
-0.104703665,0.196237803,-0.0862182975,-0.0599995665,0.118924826,0.031589482,0.0794131905,0.023410853,-0.0605850406,-0.40393725,-0.0894124135,-0.0609091744,-0.125458539,-0.166263714,0.0681893975,-0.510577202
-0.0669288561,-0.0798459798,0.108766325,0.00589413568,-0.023100378,0.579951584,0.0852411091,0.0162174553,-0.15733853,-0.0890564024,-1.00001132,-0.337558627,-0.00383732934,0.455778509,-0.162635922,0.229695797
0.0652671903,0.135947943,0.0449182913,0.0601272918,-0.108596645,-0.039273113,-0.0746257454,0.123576179,-0.455869019,-6.76438212e-05,0.15871796,0.0717265308,-0.0800894126,0.236031577,0.3781856,0.0739774778
0.00900294445,-0.0985145271,0.00485685701,0.249868482,0.12446481,-0.442473084,-0.175232306,0.255294859,-0.225597113,0.209650397,-0.0128658749,0.138140127,-0.154158369,-0.0341019854,-0.0203680396,0.0218704306
0.125598252,-0.0696524978,-0.0188261159,0.490257144,0.00138844084,-0.0124467239,0.0198235828,-0.0828520134,-0.037792597,0.0113258353,-0.0626622215,0.0185656864,0.394967437,0.0269079469,-0.0761000291,-0.101469681
0.0558260605,0.17306982,0.0254282206,0.881618738,0.0923582166,-0.457406253,0.0546156988,0.0120646283,0.849719465,0.584357977,-0.12449795,0.0151028931,0.0994386747,-0.353831738,0.124945566,0.067589432
-0.0425616726,-0.256057858,0.0826250613,0.0514271259,0.0734780133,-1.20004702,0.225298181,-0.0148192011,-0.0441756211,0.0481866039,-0.113031045,-0.119616769,-0.0963004455,0.024426654,0.0131510943,-0.0438343808
0.0403786339,0.00637893379,0.0594015494,-0.125396132,0.0111705288,-0.00716066547,0.0657254234,0.0604466498,0.0709245652,0.168722719,-0.138484165,0.0427854024,-0.278605282,0.630899847,0.135710314,0.0233785361
-0.20462206,-0.0562102869,-0.00227515353,0.0330778025,0.0349867493,-0.0571272895,-0.0431563631,-0.0209773052,0.113924906,-0.186844498,-0.0665900558,0.0269484222,-0.104373142,-0.239881977,-0.426263034,-0.404799283
0.272863477,0.0667750761,0.0636527613,0.396039933,-0.0577436127,0.267209262,-0.12093135,-0.169499829,0.466291755,0.401693583,-0.146227911,-0.185370028,-0.0242976137,0.393397301,-0.226353467,0.0562915206
0.404895633,-0.171560451,0.060073249,0.486576468,-0.052058693,-0.0168969259,0.200869009,-0.0270017982,0.0463533215,-0.109851047,0.134655282,-0.393549114,-0.025579555,-0.111786567,-0.104112782,-0.00171612157
-0.0577039309,-0.0827825814,-0.0450135358,-0.252623141,0.1788387,-0.115239084,-0.122706063,0.260370374,-0.137336656,-0.172948778,-0.0866475031,-0.0814493299,-0.0948444307,-0.131052539,0.0842401609,-0.0526700802
-0.0766126439,-0.000381426886,-0.430989265,-0.112640925,-0.215006679,0.0549820885,0.0105039002,-0.0536842644,0.00773166772,0.158993483,-0.0351668075,0.0416210964,-0.064863801,0.184031487,-0.129440948,0.0775980651
0.0460518003,0.0598789155,0.241547912,-0.0723171532,-0.0358070731,-0.159500673,-0.852166891,-0.166957155,-0.0203637257,0.0562796965,-0.00506255031,-0.213499129,-0.198673159,0.0953668654,-0.103686571,0.0482783094
0.00274693407,-0.0943402126,0.136245251,-0.325415403,-0.0460050181,-0.631966293,-0.089099586,-0.662709534,0.0871513337,0.012309229,-0.120633058,-0.0437561497,0.406988919,0.0906508937,-0.11198391,-0.0121305287
-0.0142839141,-0.12144205,-0.0345241055,-0.0555868223,-0.0946241096,0.113807812,-0.0844208971,0.171133503,0.10680557,0.00103334524,0.135374695,0.126930133,-0.117999747,-0.0261524376,-0.73075217,-0.0819763243
-0.0777152479,0.0847953334,-0.129252121,0.192037806,0.0577817932,-0.0903861001,-0.0785860345,0.114972346,0.0314590633,-0.0706172884,-0.171810418,-0.129991472,0.858546436,0.0678735375,-0.299157917,-0.197032973
-0.0639641806,0.0751218051,0.049101118,-0.0527183041,0.0121895513,-0.0179866888,0.213539407,0.129100204,0.118746065,-0.070045352,0.0190570708,-0.0077773938,0.0372483693,0.324297875,0.759927332,-0.0148167666
0.0969930291,0.105802707,0.0229762215,0.0198793858,0.0741251931,-0.0871187598,-0.0826198757,0.174427778,-0.109938987,0.129030243,-0.0105174258,0.179248437,-0.0988470763,0.0106456494,0.000462349504,0.110523418
0.0149178207,0.345129281,-0.0304638743,0.016720254,-0.0128304521,0.296032101,0.0455178395,-0.379092216,-0.038375102,-0.0994092375,0.0984436497,0.154329106,-1.14094591,-0.108270466,0.138350531,-0.292633802
0.0110669248,0.176940709,-0.0136372056,-0.159196198,-0.180354878,-0.0270419605,-0.0840913579,-0.144136369,-0.48137483,0.334708899,0.0725858808,0.0984844193,-0.212831438,-0.100340545,-0.0451509133,-0.085804455
-0.148410574,-0.0618498884,-0.190146163,0.0296096336,-0.151009604,0.0881611705,0.467831016,0.346655279,0.0310883503,0.090483427,-0.01101036,0.0400836095,-0.160807014,-0.555807769,0.484345555,0.00936294906
0.130494803,0.144285858,-0.0810489058,0.0110377232,0.0129016954,-0.00764140114,0.0946658552,-0.145577282,-0.018050313,0.164024726,-1.2086556,0.4348993,0.229391783,-0.0538617149,-0.05822457,0.0256539863
1.27171874,-0.132637993,-0.152582631,-0.183172181,-0.0460201241,-0.0133260433,0.0252837241,-0.0374834724,0.114264511,-0.0855541676,-0.0752321184,0.0037322361,0.148547053,-0.0198299456,-0.0181528628,-0.10320428
0.0174088571,0.282251,-0.0571795069,-0.188008949,0.045404084,-0.0615102947,-0.166591525,0.0110178869,-0.019690387,0.105046302,0.0528887734,-0.0883105025,-0.347825348,-0.0331512019,-0.0169409215,-0.0231409222
-0.0945082009,0.151039213,-0.0808960125,1.1289922,-0.0048216721,-0.311427385,-0.0337416232,0.115729116,0.0814942271,-0.0784920305,-0.0967799947,-0.133613676,-0.399829239,0.0275098868,0.0668824986,-0.00836308859
0.00507584214,0.0756906644,0.101959564,-0.121232018,0.0511330999,-0.0163680818,0.0859247148,-0.153265014,0.0254801847,0.0478106327,-0.169637233,-0.36928314,0.0964005068,-0.0599739775,-0.143400297,-0.0391631983
-0.0747447684,0.115608543,-0.0199121218,0.00330429338,-0.0694308877,-0.101690114,-0.0806106552,-0.197009519,-0.0687889233,0.0633702725,-0.0230952427,-0.114591032,0.134852201,-0.090139769,0.0346947685,0.00825281627
-0.0216896757,0.0770068839,0.582998872,-0.120001793,-0.0365396887,-0.0996451527,0.0325039774,0.102466352,-0.00922028068,0.202088371,0.00849574152,-0.00856053829,-0.0692618415,0.026204437,0.000794960186,-0.203142464
STEP=0 CP=FFN_NORM COUNT=1536 MIN=-3.69654059 MAX=1.9358815 MEAN=-0.00308290013 L2=16.4395207 FIRST8=-1.00888681,-0.139809638,0.235129759,-0.229908332,0.000168661965,-0.214657903,0.171528131,-0.0887297541 HASH=d59eb6c4d0654057
STEP=0 CP=LAYER_0_FFN_NORM COUNT=1536 MIN=-3.69654059 MAX=1.9358815 MEAN=-0.00308290013 L2=16.4395207 FIRST8=-1.00888681,-0.139809638,0.235129759,-0.229908332,0.000168661965,-0.214657903,0.171528131,-0.0887297541 HASH=d59eb6c4d0654057
STEP=0 VEC=LAYER_0_FFN_NORM N=1536
-1.00888681,-0.139809638,0.235129759,-0.229908332,0.000168661965,-0.214657903,0.171528131,-0.0887297541,-0.315575868,-0.138908833,0.0551903546,-0.555636525,0.108111314,0.38470155,0.206636995,-0.295066655
-0.287246019,0.0619432218,-0.200244516,-0.865541518,-0.362562507,-0.00519461324,0.0148932626,-0.149334505,-0.282326311,-0.275307387,0.156299084,-0.381653696,-0.239700824,0.354097486,0.433457077,0.0157673359
0.136237457,0.000250354642,-0.238172144,0.421239138,-0.0615184531,0.177457467,0.255171657,-0.184777364,0.316342205,-0.0703306124,-0.00898073614,0.312796861,-0.134614438,-0.411751926,0.576440036,-0.026711002
0.0901936963,-0.325179845,-0.18280375,1.06449914,0.103167422,0.752301514,0.0637542456,0.441338032,-0.583084702,-1.05367732,-0.336557001,0.0636504367,-0.155683935,-0.171240672,0.323504239,-0.396138698
-0.264272422,0.301714718,0.598941267,1.14491439,0.0648851395,-0.21448867,0.373885393,0.172827929,-0.629213154,0.139888167,0.272851199,0.551981509,-0.31872797,-0.200293228,0.302655578,0.364514202
-0.165850371,-0.268560261,-0.171001986,0.234692022,-0.138220787,0.260161549,0.27061078,-0.386686772,0.0980027616,0.10087578,0.416059524,-0.353612036,0.444897026,-0.3305296,0.261535048,0.0682492256
0.175004706,-0.669077098,-0.631124437,0.324824125,-0.0828252062,-0.458744586,-0.318678975,-0.23165451,-0.264118493,-0.229030401,-0.0680281967,-0.219131097,-0.175977007,0.220367342,0.042935323,0.0758923888
0.183221802,-0.0815487877,0.102358669,0.331175923,0.457754523,0.0839949548,-0.104231015,-1.12983179,-0.00603290834,-0.20982416,0.366509885,-0.102657937,-0.467576027,0.0689659044,-0.260727495,-0.272116184
0.46677652,0.265560031,-0.145525858,0.208773971,0.254903615,-0.0654684827,-0.0778534114,-0.329919487,0.0225224216,0.291832179,-0.643343985,-0.0271331239,0.445754439,-0.25010246,-0.228975669,0.509685874
0.302322954,-0.705820739,0.140587047,0.718449652,0.442950666,-0.0406497978,-0.111817881,-0.115855947,-0.661923707,-0.387831509,0.167896882,0.0478776693,0.34969905,-0.0404039212,0.172825053,-0.172061533
0.00087858655,-0.356561959,-0.224680752,-0.584650695,-0.117926501,0.194424659,-0.0934905186,-0.192215353,-0.205036193,-0.11239212,0.11793378,-0.218774766,0.236750245,-0.0873160213,0.538666725,-0.0471398495
0.198620513,0.179535598,0.320184261,0.419316649,-0.719191909,-0.30593884,-0.109870866,0.0778711811,-0.00657359976,0.54204452,0.157748163,0.228412703,-0.0108584389,-0.0581131317,0.452934295,0.591546237
-0.213468134,-0.0190044623,0.0139901759,0.012585965,-0.204122901,-0.409792095,-0.100445203,-0.418972224,0.0590818189,-0.0334979892,-0.40496859,0.220832333,-0.28528735,-0.0924268365,0.0696645454,0.0902655423
0.092318438,0.106884956,0.0717669204,0.159179538,-1.63182724,0.174273372,-0.159810603,1.15135336,-0.434211522,-0.0455608293,-0.076778844,0.266318232,-0.159415677,0.504480779,0.107772127,-0.487615496
0.313829511,0.101931706,-0.011586912,0.774165273,-0.102993563,-0.141079158,-0.0904922709,0.0782528073,0.23816137,0.0822699592,0.0846200734,0.147266284,-0.0112055698,-0.12613818,0.186579689,0.276828438
-0.395040214,-0.0132040931,0.0217323471,-0.0576518252,0.457040787,-0.288415343,0.42533955,0.503839493,-0.44090116,-0.0768154189,-0.243059233,0.497604936,-0.24216634,0.0960464254,0.423538625,-0.0516517162
-0.0413771793,0.0557005145,0.467411011,-0.130863532,0.183516055,0.232945651,-0.32190752,0.300068021,0.0525377393,0.448628753,-0.0693408847,-0.349269062,0.130858973,-0.480526686,0.254143208,-0.405059695
0.463940352,0.237987816,-0.570812404,-0.429626524,-0.235370994,-0.251148283,-0.168424428,-0.102092594,-0.101208761,0.160698712,0.0318720751,-0.00657588197,-0.0428889617,0.950400352,-4.63257056e-05,0.383400679
-0.879055023,0.0291504301,-0.600752234,0.0652920604,-0.406695306,-0.0466193669,-0.487713128,0.0977106318,0.110205717,0.0873180255,0.250066161,0.0316192806,0.329822153,-0.389956474,-0.152144834,1.32202601
0.04717803,-0.0813533664,-0.377590716,-0.148286298,-0.213640958,-0.802542627,0.433987409,-0.0351506919,0.261912465,-0.622105777,-0.0833010823,-0.033871498,0.877991676,0.574330032,0.477297932,1.13937151
-0.122006923,-0.0579104275,-0.303698927,0.654030442,-0.48170197,-0.341252267,-0.181119174,-0.447002918,0.40078941,0.0750497505,0.461140037,0.261770725,-0.950744689,-0.296280682,-0.203513756,-0.5206213
-0.219475925,0.202018872,0.0462162122,-0.186242998,-0.202874005,-0.0313288756,0.121110618,0.0633051321,-0.234577626,-0.411387295,-0.048066847,0.110047735,0.310807139,0.125394881,-0.155230165,-1.66699743
-0.406769812,0.0404692031,0.0731184334,0.134055093,0.13189894,0.074120976,0.287646383,-0.611641705,0.544214606,-0.328239977,0.275826097,0.934469044,0.0463433526,-0.390144616,0.102132969,0.0136165945
0.137383088,0.466297925,0.327210516,-0.111875162,-0.0272448435,-0.246676967,0.599048734,-0.0573349521,-0.280704081,-0.626760542,0.118618004,-0.377462775,0.113750473,-0.125458375,-0.041256994,-0.107494228
0.0205051564,-0.141609848,-0.201922834,-0.0789186433,0.131813869,-0.0434250198,0.0800859928,0.110644899,-0.180509642,-0.138919279,-0.736661315,1.40843511,-0.0440905467,0.364097148,-0.0346438177,-0.125107005
0.565379977,-0.230364785,-0.365880013,-0.0387936644,-0.143521681,-0.214312166,0.184159264,0.10943348,-1.03525352,-1.65033782,0.482534558,0.547163188,-0.122039706,0.0250266343,-0.46959129,0.214050993
-0.0928221792,0.033192616,0.323767751,0.0942896754,0.0749230012,-0.199611694,0.177566215,-0.0646174178,-0.0108724153,-0.123146117,-0.148222715,0.358499289,0.423364252,0.443644106,-0.480585992,-0.00318734651
-0.085422799,0.205808416,-0.0767465234,-0.771078348,0.177435368,0.392222673,-0.385471135,0.337021828,0.0691171438,-0.482649952,0.126912788,-0.00535698235,0.059538465,0.396497607,1.7107985,-0.542534173
0.0196737982,-0.564577699,-0.0365673192,-0.00533820037,-0.689563572,0.102823675,0.261736095,0.0208845511,0.110331558,0.270128101,1.33968389,-0.0576830432,0.308641076,-0.402947396,-0.0886720195,-0.0694041029
-0.324862927,-0.719845891,-0.260858178,0.223963633,-0.0817289799,-0.229461342,0.124192171,0.234625742,0.183951244,-0.131743774,-0.357069194,0.298753351,0.115147583,-0.877031624,-0.222057059,-0.0491883494
-0.00808853842,-0.118367866,0.246120408,0.325512886,0.0898834318,-0.40299356,0.100954615,0.491320878,-0.146497741,-0.275000125,-0.0949472263,0.209696531,-0.232981786,-0.166579619,0.359521687,-0.121814877
0.400348485,-0.0874991938,0.169275895,0.731277883,0.399344146,0.0515633859,0.0987607092,0.482499599,-0.538036466,0.0970369801,0.15501155,0.222208619,-0.0838998258,-0.543214083,-0.0635068119,-0.316614211
0.560528398,-0.328135282,0.84925878,0.0225501899,-0.0709505081,-0.193680495,-0.54109621,-0.251701951,0.201552689,-0.582859337,-0.25009194,0.662453949,0.200951129,-0.14173992,0.316913784,-0.282645583
0.29599461,0.0763841718,0.096953541,0.302553147,-0.6730358,0.0107799321,-0.0785251856,0.1414368,-0.105050698,0.615903735,-0.0489424877,-1.48180604,0.0794177502,0.528851509,0.117812894,-0.0265385229
-0.26193136,-0.652879179,0.511892557,-0.232362002,-0.851653695,0.142098412,-0.567131698,-0.302886575,0.0170126893,1.75341022,-0.00388815859,0.381600767,-0.155529127,-0.204221264,-0.183344498,0.465777755
-0.246453032,-0.0351292528,0.107784599,0.0236544386,0.047276441,-0.264475733,1.07072461,-0.104832329,-0.484254986,-0.0710943639,-0.735039532,0.0240237173,-0.352670193,1.11251771,0.012045172,0.175801113
-0.154030561,0.100425757,1.44173801,-0.599525034,0.326378763,-0.220124885,0.285721093,-0.103482813,0.3027955,-0.740173757,-0.552055776,-0.383553714,-0.000657382945,0.208242044,0.168053865,-0.276496977
0.12586312,-0.193048522,-0.22126618,-0.176554874,-0.0341362618,-0.295480371,-0.407422513,-0.711548626,0.390462697,-0.149434641,0.19515416,0.22773613,0.0856731087,0.577455997,1.47930586,-0.160241246
0.43438831,-0.000379676727,-0.158371389,0.294131756,-0.155865967,-1.27743804,-0.192824945,-0.474269122,-0.050589826,-0.140304133,-0.341582537,0.466516942,-0.0136111751,-0.604674637,-0.104446627,0.177613318
-0.106851891,-0.421944439,-0.0617813729,0.171290219,0.0652389377,-0.0904169977,-0.117269829,-0.0417586379,-0.781511903,-0.0718950629,-0.0894694924,-0.20598793,0.130671367,-0.0630966127,-0.14820005,-0.431383044
-0.0246621743,0.295773506,-0.0120949661,0.916153252,1.26063955,0.266527355,0.0802452862,0.00513454713,0.105051354,-0.369554192,0.233702019,-0.291976243,-0.263429374,0.0143721513,0.512357056,-0.235321656
-0.3960962,-0.00947779231,-0.565591216,-0.198791474,0.0594550706,1.49777758,0.308782876,0.315139741,-0.360446841,0.237642691,-0.152780831,0.206913099,-0.0334622674,-0.245923743,0.191685691,0.111992724
-0.175914705,-0.139981821,-0.21642606,0.314603835,0.962087512,-0.321357369,0.374870151,-0.365908504,-0.273202717,0.137099013,-0.0750063956,-0.0024400407,0.183370203,-0.0158745963,0.450833589,0.269932866
0.755942762,0.0439398289,0.385823369,-0.286241263,0.341142267,0.0581194684,0.390229464,0.0380677059,-0.69260186,-0.00660746451,-0.120981447,-0.108587399,-0.0869690552,-0.457765967,-0.0108878277,-0.227563113
-0.352134049,0.224432334,0.561458111,0.139450788,0.0143860523,0.358995408,1.67488945,-0.442783773,-0.033900883,-6.57544588e-05,0.470689297,0.213958681,-0.455636084,-0.312095374,1.89424062,-0.0214815959
0.494934976,1.18316281,-0.18456994,0.914457321,-0.0891106725,0.366649419,0.0494108647,-0.302944362,0.135986537,0.0126688229,-0.953844368,-0.236791089,0.24097538,0.481077075,0.166683361,-0.805063009
0.158049047,0.146468326,-0.536830842,-0.0489509627,0.440211594,-0.185943335,0.584238887,0.00474112108,0.0125337569,-0.17089811,-0.120489784,0.406713754,-0.0549613871,-0.039280016,0.639617324,0.142431304
0.300825953,0.207790792,-0.536019981,-0.00666292198,0.360853434,-0.607429683,0.188187972,0.734597087,0.0366501771,-0.63654387,-0.403949082,-0.288264722,-0.060496822,-0.172658414,-0.0649594143,0.274315119
0.0625244379,-0.408378422,-0.833092391,0.329540938,-0.0469230451,-0.786978722,0.409703523,0.900257945,-0.467983603,-1.45800996,-0.142874032,-0.228550762,-1.10754144,0.045274321,0.37851584,-0.401731908
-0.316183746,-0.267429888,-0.105452105,0.903465211,0.194973648,0.353132635,0.249055013,-0.024975216,-0.121088795,-0.0765416622,0.00645561004,-0.0708225667,-0.641738951,-0.83521384,0.490923584,0.0776470453
0.00669700513,0.218600124,0.218770683,0.15881303,-0.354306757,-0.137457132,-0.481201082,0.151303202,0.341057599,0.331213355,0.160217047,-0.534246981,0.0125719206,1.23641539,0.4036057,-0.374787092
-0.306762755,0.241758212,0.0677225664,-0.154730842,-0.390189707,0.267085046,0.221478939,0.115668818,0.196517348,-0.327472955,-0.207704112,0.153976679,-0.236102298,-0.849600494,-0.262816429,-0.219485939
-0.425786674,-0.785512209,-0.299591035,0.205681235,-0.245949909,-0.419366062,0.348202288,-0.308429539,0.364633083,0.196608946,0.446260542,0.34807837,-0.00552095473,-0.291247725,0.333759159,-0.198481649
-0.153553069,0.653869987,-0.0240034144,-0.421175361,0.0416117348,-0.417415977,-0.170576587,-0.0014841716,0.633586526,-0.0768778771,0.263743609,-0.113898188,0.183385074,-0.0297387056,0.0929483399,-0.373610795
0.452938557,0.249567568,0.321131915,-0.276219845,0.0846032575,0.00668918435,0.455247343,0.608985841,-0.17538105,-0.0698516369,-0.0424446985,0.545067668,0.188212559,0.111662313,-0.357616723,0.121515058
-1.54777789,0.125981376,0.101811118,0.0962046236,-0.0957959518,0.362181008,0.278900534,-0.245097935,-0.102566309,-0.215171039,0.732408404,0.0136560854,0.367994606,1.47880781,0.498125672,0.0273297541
-0.248060912,-0.0866323113,-0.270034581,0.0169796608,0.339756817,-0.0436385833,0.0361437649,0.0259174183,-0.492814571,0.36867407,-0.269409984,-0.0149959,0.328288019,-0.282103539,-0.261344641,0.179196179
0.159796029,-0.16375488,-1.18577158,0.341983706,0.130119428,-0.56402272,-0.333387882,-0.226250127,0.502920508,0.102470696,-0.229295552,-0.0297208447,0.769768715,0.396613508,0.202076793,0.571274579
-0.131091297,0.129496232,0.225768566,-0.168158799,0.363244146,-0.112433828,0.0339350179,-0.0191854555,-0.583639681,0.258043468,1.17191064,-0.245101005,-0.00268049166,0.157075703,0.00652910862,0.408524215
0.285770625,-0.0672330186,-0.298639387,0.176534802,-6.67273198e-05,0.31059137,0.43447122,0.548723757,-0.0412464105,-0.335332751,0.265325457,-0.0149312671,0.112285562,0.271975964,-0.898853898,-0.33510384
-0.10054148,0.0818788186,0.187277839,0.135092691,0.080375582,0.36275208,0.100073136,0.216901541,0.0838530809,0.00802609045,0.172936425,-0.01865541,-0.0523974635,0.0926634297,-0.271661431,-0.0351475812
0.309762448,0.192748606,-0.165300757,0.0430670232,-0.719091654,0.0287060589,-0.142495424,-0.0365509801,-0.303348064,0.15845567,0.00317004789,0.386177897,0.041458033,0.892403424,0.161251187,-0.459927201
0.306122333,0.359602183,-0.467194349,-0.0646149516,0.705290616,0.12162938,0.220737353,0.403849691,-0.0369235054,-0.146157041,-0.260248661,-0.599196315,-0.109086871,-0.201265499,-0.0351393968,-0.424441814
-0.0654808804,-0.0246902741,-0.416511834,0.0728510097,-0.0216679871,-0.0541285984,-0.631028295,0.034666229,0.299652427,0.645748675,0.329803765,-0.399354249,0.373949587,-0.0988291502,0.132790878,0.604625463
0.15671964,0.0709104538,-0.0206714775,-0.227054551,-0.909624636,0.237972587,0.817061841,0.0369976126,-0.419607639,0.0721125528,-0.0200994499,0.125059515,0.102390729,0.238690585,0.125134051,0.337352335
0.125075191,0.047959242,-0.0689814165,-0.129756749,-0.463145703,-0.0160184465,-0.40201804,0.0750945807,0.0673008189,0.232591942,-0.157124206,0.337270588,-0.338220805,-0.00779116806,-0.0220946968,-0.119368896
0.0356151313,-0.465160578,0.101203658,-0.580266118,-0.00406341394,-0.628117859,-0.523186207,0.0655128509,0.51486671,-0.104267977,0.224634007,0.137520641,-0.314819515,-0.121572353,-0.127183497,-0.0304808114
-0.285019279,0.426999837,-0.236243367,-0.166551515,0.321601629,0.093345888,0.234663382,0.0700168312,-0.175771788,-0.745109141,-0.264210761,-0.17671217,-0.377466381,-0.431751877,0.199055046,-0.82752049
-0.179793254,-0.223072693,0.32334885,0.0178392082,-0.0645375475,1.11652625,0.17937243,0.0455985591,-0.300091326,-0.255184263,-1.39690948,-0.643824577,-0.0110642938,0.710136533,-0.243204549,0.658175647
0.12740609,0.370070934,0.127101034,0.176597387,-0.307285637,-0.0717404783,-0.215170786,0.327540666,-0.738851905,-0.000191405314,0.449109167,0.205526859,-0.213712603,0.471317708,0.734858096,0.206677347
0.0228950549,-0.280521512,0.0112205409,0.478810877,0.000103941442,-0.633936286,-0.527220428,0.690379322,-0.646431148,0.570700228,-0.0384790674,0.000173948691,-0.444489747,-0.0964951515,-0.0395774432,0.063843064
0.36214143,-0.199583858,-0.0549562462,0.970185876,0.00390387396,-0.036556758,0.0589330606,-0.189924851,-0.109645426,0.0322504751,-0.116709955,0.0515360869,0.721489847,0.0493938848,-0.211244434,-0.245323315
0.162964612,0.418431014,0.0724072158,1.39731026,0.279531658,-0.696289361,0.156497076,0.0337060057,1.35436058,1.02559006,-0.356739283,0.034350466,0.2973997,-3.07477058e-05,0.187961489,0.196093217
-0.107474774,-0.481499881,0.224917948,0.149202481,0.197386488,-3.69654059,0.637504876,-0.0419324897,-0.122626156,0.093200624,-0.325906038,-0.342752635,-0.277666152,0.0682428777,0.0261428934,-0.0694747344
0.107024223,0.0181641039,0.167019114,-0.34808445,0.0314081348,-0.0212877728,0.19657062,0.171040148,0.198148146,0.486483604,-0.37945503,0.118000835,-0.556330621,1.02253401,0.30137226,0.0594530888
-0.633967996,-0.152006269,-0.00611182256,0.0971514359,0.0958658159,-0.153462991,-0.121342584,-0.0604845323,0.338684678,-0.528696179,-0.1824608,0.0810795575,-0.261689037,-0.438194096,-0.572542429,0.000130087588
0.762322545,0.139916524,0.157313168,0.762458503,-0.171664611,0.794380069,0.000155451547,-0.317215443,0.93111074,0.73377651,-0.445192635,-0.541122854,-0.0661417916,1.52178705,-0.640490949,0.160290897
0.757753849,-0.256550223,0.176438659,0.888832748,-0.15383175,-0.0487194434,0.593561411,-0.0826908723,0.138632834,-0.332475513,0.402725011,-0.690706849,-0.0723800436,-0.210207254,-0.194844916,-0.00510181719
-0.114708908,9.121123e-05,-0.127370536,-0.384557098,0.525259733,-0.33227253,-0.366987497,0.433653921,-0.381229848,-0.320572734,-0.251385272,-0.175040081,-0.275166512,-0.375520945,0.128989413,-0.143375963
-0.218155578,-0.00109978032,-0.806587517,-0.314694792,-0.45243749,0.160500944,0.0316030234,-0.154789552,0.0228468273,0.330298096,-0.100137979,0.121498212,-0.182377309,0.359242231,-0.22022368,0.150087103
0.124535255,0.176940247,0.454214871,-0.120446183,-0.100678615,-0.348490626,-1.22853994,-0.322921932,-0.0299047288,0.162273049,-0.0141436895,-0.573529959,-0.576398671,0.247647673,-0.293392062,0.140931606
0.00782193337,-0.179090053,0.383080244,-0.562385559,-0.128528237,-1.34116137,-0.26009503,-1.03255033,0.259090126,0.0361529253,-0.35646674,-0.13399975,0.798115015,0.271117359,-0.320881277,-0.0345418528
-0.0429759286,-0.352332622,-0.100162745,-0.0940746069,-0.274527341,0.319992989,-0.247949123,0.330999672,0.311781436,0.00299798325,0.392754585,0.365981698,-0.352911919,-0.0758745149,-1.15165269,-0.207002833
-0.222687051,0.230825767,-0.361102939,0.369712323,0.171778128,-0.242807254,-0.237848729,0.325326353,0.0884533301,-0.182113558,-0.455386311,-0.381792575,1.45299578,0.201779634,-0.766134977,-0.386386365
-0.182138905,0.219291791,0.142454162,-0.140674844,0.0231399462,-0.0518615916,0.418755859,0.241608366,0.224357426,-0.21450834,0.0546065681,-0.0218676683,0.107399411,0.563358128,1.20443702,-0.0411295444
0.31614089,0.308853924,0.0633677244,0.0587429404,0.229657531,-0.251192302,-0.241179779,0.32487607,-0.305177271,0.369726241,-0.0290067419,0.420528471,-0.293860137,0.0291697253,0.00127514591,0.30482024
0.0419443808,0.648992777,-0.0862007365,0.0467128344,-0.0333179832,0.413525373,0.133688554,-0.627993822,-0.0690691918,-0.274167657,0.278556645,0.319226235,-1.95135903,-0.271460593,0.218038037,-0.552898884
0.0319096148,0.507009983,-0.0398090445,-0.459015459,-0.311690778,-0.0564199686,-0.242463291,-0.307177424,-0.750017524,-0.000278054329,0.207989246,0.289254487,-0.60222894,-0.291112095,-0.132610872,-0.244329393
-0.438548416,-0.178333744,-0.524417341,0.0885560513,-0.000212602943,0.260513395,0.82107693,0.599092543,0.0885245129,0.159615129,-0.0311549716,0.114856496,-0.469419748,-0.000120900055,0.871746302,0.0205408074
0.00471055089,0.372096002,-0.248205855,0.0314300731,0.0328098238,-0.0213484485,0.269562364,-0.409319103,-0.0494589545,0.306968898,-1.9697572,0.825587928,0.649088144,-0.15337199,-0.167880759,0.0725906566
1.9358815,-0.190031976,-0.256863087,-0.508463681,-0.0890103057,-0.0310251098,0.0706373528,-0.112776309,0.237376705,-0.223698348,-0.214224517,0.0105607547,0.232777417,-0.0578865781,-0.0510403365,-0.293875635
0.0495719649,0.55350095,-0.106498249,-0.569028437,0.130101904,-0.176253006,-0.337132096,0.0217049979,-0.0578318201,0.163669884,0.150601521,-0.248302311,-0.990437627,-0.0985544175,-0.0479361229,-0.0428933278
-0.274191052,0.438201129,-0.224557504,1.64784861,-0.0132116741,-0.61908251,-0.097892575,0.339903176,0.16492027,-0.201015875,-0.280782074,-0.375681102,-0.665926456,0.0778421164,0.135350451,-0.024413107
0.0134536019,0.208752558,0.227334872,-0.349552155,0.0869950354,-0.0463152118,0.244671836,-0.414465845,0.0780310482,0.133572742,-0.47089237,-0.704332709,0.171779424,-0.177221149,-0.408334374,-0.102399953
-0.214175373,0.339549065,-0.0570566542,0.00952737499,-0.203922585,-0.284100562,-0.238201872,-0.582156718,-0.130584955,0.119163595,-0.0670048594,-0.220611349,0.398483872,-0.242145538,0.103764594,0.0239434075
-0.0598194636,0.222036391,1.10673165,-0.335259497,-0.0857244805,-0.174884379,0.0948839709,0.297279567,-0.0182463154,0.35106039,0.0249524899,-0.0239163246,-0.101092838,0.0793104321,0.00214976538,-0.614831626
STEP=0 CP=FFN_GATE COUNT=8960 MIN=-3.95159411 MAX=3.31720614 MEAN=-0.179507052 L2=54.7469742 FIRST8=-0.0130230924,-0.151965424,-0.0752809793,-0.216069594,0.331897676,-0.395128012,0.352164596,0.0742805079 HASH=348d56e1f2e10805
STEP=0 CP=FFN_UP COUNT=8960 MIN=-2.01632285 MAX=2.97435498 MEAN=0.00035212999 L2=34.8878598 FIRST8=-0.0857401639,-0.266516596,0.0180329327,-0.0187799092,-0.430364877,-0.411006689,0.265271902,-0.301088393 HASH=4e8e1e697caad6f0
STEP=0 CP=LAYER_0_FFN_GATE COUNT=8960 MIN=-3.95159411 MAX=3.31720614 MEAN=-0.179507052 L2=54.7469742 FIRST8=-0.0130230924,-0.151965424,-0.0752809793,-0.216069594,0.331897676,-0.395128012,0.352164596,0.0742805079 HASH=348d56e1f2e10805
STEP=0 VEC=LAYER_0_FFN_GATE N=8960
-0.0130230924,-0.151965424,-0.0752809793,-0.216069594,0.331897676,-0.395128012,0.352164596,0.0742805079,0.156609192,0.359095603,-0.504664004,-0.619714022,0.437675238,-0.0600710399,0.0806482136,-0.705980003
0.490700752,-0.298940986,0.15538618,-0.0414468944,0.209577769,0.422595143,0.716185391,-0.401210576,-1.03956759,-0.52998805,-0.310419977,-0.616015434,-0.657505989,-0.290779293,0.113438651,-0.100916415
-0.549791276,-0.308463365,0.101605855,-0.130753383,0.115917206,-0.175014451,-0.0629460663,0.483050019,-0.358499557,0.249148995,-0.559304416,-0.345237374,-1.61583221,-0.165524289,0.14071238,0.200827762
-0.604560018,-0.0265516229,0.190292642,-0.59784472,0.585802495,-0.315545768,-0.0832213238,-0.934872329,-0.00591433188,0.0867140889,-0.398100227,0.439640582,0.107418761,0.515313387,-1.13877952,-0.190426067
0.0315656736,-0.670232117,0.144632623,-0.122972347,0.0996135548,-0.51315695,-0.062472906,-0.108849049,-0.0513188615,0.34341222,-0.23376897,0.0257744398,0.0518793426,-0.064682804,-0.0441006124,0.421664923
0.153405085,0.74406445,-0.559217095,-0.696028113,0.428675354,0.260330558,-0.703808188,-1.07109821,-0.0944207311,-0.141527951,-0.541711807,-0.0373900868,0.0566425361,-0.36186558,0.0199453812,0.409265399
0.0343692154,0.0922692865,0.0726098865,-0.462512583,-0.395793945,0.168626353,-0.520453751,0.0178035945,0.777199328,0.534193635,-0.998980582,-0.160760179,-0.0415373147,0.117372662,0.253068715,-0.259210765
-0.204185367,-0.726595044,-0.440901071,-2.10268688,0.692059815,-2.91260386,-0.107113898,-0.511492789,-1.41883707,-0.438856989,0.124925397,-0.0100181578,0.742224753,0.239879221,-0.608871341,-0.77713877
-0.0699190795,-0.151082203,0.110205188,0.247391656,0.152401984,-0.191119194,-0.208000705,-0.315416366,0.573747575,0.0158753693,0.616183162,-0.467660844,-0.356562495,-0.516878366,-0.474430799,-1.39359069
0.142877951,-0.162268057,-0.0682202056,-0.597244442,-0.681845307,-0.310854733,-0.299052298,-0.483082771,0.272098243,-0.158408791,-0.862499297,-0.887498677,0.0459720045,-0.0512346998,0.503414989,-0.418754548
0.268045247,-0.177220583,-0.179619089,0.451024622,-0.774652541,-0.0721527487,-0.640371442,-0.0136167696,0.0140501857,-0.591535389,-0.615404069,0.411921054,0.16124922,-0.287169397,-0.11444214,-0.935477614
-0.333632916,0.161967069,-0.159848794,-0.407090843,-0.383888751,-0.0924756676,-0.0566577762,-0.127518207,-0.406819671,-1.08846509,0.436908126,-0.315601081,0.296418965,0.0734877139,0.0536979549,-0.886505246
0.516431749,0.0477163792,-0.348059416,-0.573850036,0.341537476,-0.0195627268,0.45462054,0.648526669,-0.00416619331,-0.802171588,-0.355206043,-0.103491522,-0.252352774,0.206603944,0.682560027,-0.375929236
-0.701260209,-0.577872932,0.0157692656,0.143657044,0.0920827612,-0.986243844,-0.911867142,0.686450779,-0.367626965,0.356243879,-0.0936286673,0.117243059,-0.411911607,-0.301977068,-0.333236217,-0.70181644
0.454575598,0.578353465,-0.11242073,-0.311614394,-0.00800235011,-0.578565419,-0.312436879,-0.265099972,-0.236255348,0.479683012,0.312894255,-0.145413101,-0.301121086,0.0999945775,0.286143899,-0.485639989
-0.291957617,-0.0500624441,-0.355563402,0.638899207,-0.644452512,-0.189851761,-0.0410709456,0.133782804,-1.89394999,-0.52635783,0.0871805996,-1.30023134,-0.344204217,-0.467514515,0.750741601,-0.150211543
-0.204352781,-0.146139845,0.276864767,0.276766628,-0.0348052457,0.363806129,-0.109296188,-1.02222919,-0.0769417435,-0.330656856,-0.455063194,0.159565866,0.312818289,0.684744656,0.341561228,0.186693966
-0.533951759,-0.197566152,-0.928373039,-0.188486472,0.0410124697,-0.466284484,-0.898483932,0.000320862513,0.114398636,-0.813400924,-0.750993967,0.310398757,0.231974766,-0.666789949,-0.210176378,-1.19871557
-0.700206637,-0.248572364,-0.419162333,0.167301774,0.261027485,-0.572014689,0.688454688,0.196512207,0.241715357,-0.948930502,0.358953595,0.162446797,0.394956172,0.548777342,-2.0464828,-0.845957518
0.902926922,-0.0162069239,0.0644202009,-0.746898592,-0.0713237077,-1.28237271,-1.49661756,-0.131729603,-0.418975651,0.828425288,0.0282030907,-1.09315193,-0.10046646,0.0197912622,0.659511328,0.0393321626
-0.380500764,-0.559640765,0.786216199,0.385793984,-0.632749319,-0.620454609,-0.06422057,-0.546461821,0.892126143,-1.06484663,-0.395371765,-0.710202098,-0.118519522,0.0912652686,-0.452660918,-0.512038052
0.397238106,-0.309658587,0.389130801,0.792643249,0.296797216,-0.111613035,0.0340091214,0.0301115755,-0.0516124517,1.07418978,-0.259938538,-0.163260221,-0.392546147,-1.13597071,-0.456905067,-0.267549247
-0.469846308,-0.184550986,0.923654914,-0.200561762,-0.383530855,0.320227206,-0.436397225,-0.845340312,-0.716507614,-0.554852426,-0.0514840484,0.39798981,-0.551947176,-1.11110294,-0.383339018,-0.436797768
-0.890393198,-0.735788703,-0.113274515,-0.595519304,0.146924481,-0.478746802,-0.321904719,0.0972332507,-0.135342792,0.387780756,0.0130018089,-1.24654019,0.463689178,-0.642189026,0.630733073,0.36239779
0.0818267316,-0.434535921,-0.135196,-0.183764115,0.0180816147,0.318830818,-0.926052034,0.0358599871,0.522697389,-0.189098924,-0.0608789884,-0.755132079,-1.71214223,0.0887848362,-0.476768911,-0.119241938
-0.257899493,0.046323102,-0.394806236,-0.0122312289,-0.57898587,0.0402269177,0.172741488,-1.19716835,-0.443758875,-0.0834979489,-0.107225351,-0.682817698,0.377495736,-0.213831037,-0.587434292,-0.890256464
0.444980741,-1.60301757,0.302598953,0.102518767,-0.186665237,-0.0121289408,-0.530397654,-0.708299756,0.15247795,0.468454778,-1.24067426,-0.233682707,-0.224824309,-0.225032568,-0.228517115,0.138283566
-0.681147337,-0.211944312,-0.708766401,-0.338608056,-0.363222122,-0.278315604,-0.424924523,-0.092079863,0.280068994,0.39309749,-0.496087104,-0.108951077,-1.75297511,0.289816022,-0.571914852,0.0585395172
0.259827107,-1.26045668,0.191345781,-0.0208385009,-3.25981116,-0.077583015,0.480882227,0.0512070172,0.447707325,-0.853285849,-0.102320962,-0.304591894,-0.419536948,-0.599495053,-0.465151787,-0.0101250559
0.36602661,-0.548262119,-0.52583909,0.316378772,-0.912415147,-2.37153935,0.209341735,0.157563552,-0.391051143,0.158532158,-1.12945879,0.308460444,-0.387358308,-0.0335735232,-0.387224615,-0.0904938281
0.382712662,-0.673349559,0.0752204135,-0.390531063,-0.149962008,0.0814573467,-0.286634862,0.283352047,-0.225290924,0.291970938,-0.269966155,0.294843137,0.383457512,-2.39537692,-0.183434755,-0.557191014
-0.136076152,-0.391743839,-1.16107297,0.0739436522,-0.488110095,-0.147680104,0.578305364,-0.212252378,0.357232094,0.338221133,0.186109111,-0.0140161552,0.0272770077,0.775476635,-0.829280972,-0.11678718
-0.808712602,-1.24277556,0.587976873,0.768610716,-0.0931306332,-0.220894501,-0.660769343,-0.942010641,0.287193686,-0.31120953,-0.395858258,-0.106368355,-0.672274053,-0.388537496,0.126410604,-0.149697736
-0.259129763,-1.6372385,0.0203920603,-0.106752276,0.367668837,-0.180605397,-1.03927112,0.0241391193,-1.39738822,-0.027918715,0.00194587372,0.36386326,-0.244967729,0.140688032,-0.829454064,-0.449888408
-0.644042611,-0.339542836,0.502714396,0.601945221,0.233434871,0.37065348,0.126299009,0.220645994,-0.609237432,0.0741589814,0.651466072,0.0211946703,-0.119590744,0.328676075,0.723957598,0.121480539
0.27820313,0.502652466,0.186895356,-0.336623847,-0.647624493,0.204587236,-0.00133848749,0.54551667,0.451552272,0.255696237,-0.309465468,-0.934296608,0.0155770648,-0.582083523,-0.654871106,-0.917327881
0.324823171,-0.317497283,-0.408205241,0.0598060861,-0.110628776,0.142742023,-1.38245332,0.135695353,-0.0785521567,0.296609789,-0.371734083,-0.0695478767,0.690365374,0.312519461,-0.17317459,-0.547218144
-1.01406837,-0.778991044,-0.588096797,-0.458024621,-0.127129972,-0.0596178323,-0.0796594247,-0.20531787,0.49710533,-0.828119934,-2.06215429,0.2993882,0.160774037,0.32855317,-0.146910951,-0.212060586
-0.626497984,0.342121571,-0.410045207,-0.282997191,0.0927859545,-0.731400013,-0.623114765,0.104972757,0.653105915,0.0305939093,-0.96652633,-0.611289918,0.390037537,-1.41893566,0.753274381,0.618994296
-0.749519527,0.0839507952,0.85037756,-0.235844225,-0.410656184,-0.727003336,1.11076951,-0.938477516,0.566260397,0.594516039,1.22371519,-0.367319375,-0.375787348,-0.28968361,-0.321586132,-0.298992574
-0.165235475,0.104045354,-0.256570697,0.142033428,-0.0166503396,0.0496262461,-0.667931557,-0.314667463,0.136261389,-0.141693667,0.313335896,-0.415913582,-0.313095182,-0.25781402,-0.475735664,-0.430284113
0.0289308764,-0.342958033,-0.135519579,-0.384840876,-0.337755322,-1.43502569,-0.717819333,-0.0958757699,-0.309216887,0.621192694,0.620111585,0.142584115,0.374170512,-0.291366935,-0.491118938,-0.330318421
0.111536518,0.12912491,-0.448912859,-1.90349615,0.658917189,0.51105547,0.447515398,-0.43103826,0.00910360273,-0.42213738,-0.87701565,-0.029677568,-0.677923977,-9.614788e-05,-0.128952965,-0.566399276
-0.350788116,-0.212887317,-0.101661272,-0.12909545,-0.172084615,-0.00184378214,0.58623302,0.346328944,0.0942010805,0.310710996,0.893936872,0.0629823953,-0.0810536742,-0.162882358,-0.75903517,-0.974955142
0.0295440666,0.0700097978,-0.175278693,-0.340992004,0.0117936488,-0.204215333,-0.83333987,0.233801529,-0.670974016,0.200521976,-0.319877356,0.216149002,0.237681195,-0.0609053224,-0.313582778,0.699567139
-0.113648772,-1.05563283,0.180602297,-0.0774757564,-0.163762674,0.190538645,-0.240430117,-0.679249942,-0.0723469183,-0.0435920656,0.11577677,-0.481473476,0.0503249802,0.272456199,0.135825738,-0.216276541
-0.0444460586,0.170246854,-0.299155414,0.588011503,-0.749861777,-0.619848669,-0.160417184,-0.14630127,-0.245866179,-0.135614991,0.614176273,-0.337928027,0.0863081515,-0.642291188,-0.311423093,0.0359081104
0.131733701,-0.128714338,-0.44773984,-0.230567127,0.0743828118,-0.334863842,-1.22500324,-0.111859962,-0.142674387,-0.0436947197,0.0591903329,-0.174738169,0.253079146,0.125952154,0.307039976,-0.0032799961
-0.546269536,-1.11892414,-0.061234396,0.0912610963,-0.281284541,-0.299815357,0.195234567,-0.237329125,0.644751489,0.348037064,-0.702052474,-0.434454381,0.308616698,-0.112839065,0.370257825,-2.73526311
-0.234273523,0.293447971,0.22820279,-0.0899021626,0.647256017,-0.818972826,0.026890235,0.114052266,0.332693875,-2.02503014,0.200882778,0.781826556,0.425872773,0.109333262,-0.471407294,0.0733739361
-0.00320519228,-0.00847086124,-0.496613175,0.0141681246,0.0408948436,-0.241900653,-0.0790254697,0.355693579,-1.53560758,0.465144962,0.500506163,-0.331670612,0.107160375,-0.312450796,-0.126806244,-0.814034343
0.252824843,0.13144055,0.271194935,0.649882197,-0.504084885,0.237348646,0.611762762,0.387270272,0.721767426,-0.0076251938,-0.295369297,0.182962805,-0.152331248,-0.642144859,-0.899123192,-0.791739881
0.242184401,-2.45215797,-0.108274177,0.440927416,-0.18562679,0.018235743,-0.443283647,-0.504298687,-0.952899396,-0.135551453,-0.212851614,-0.149785012,0.646249592,-0.146083325,-0.219815463,-0.869373322
1.14824855,0.56574595,-0.975914657,0.410351634,-1.25821877,-0.0983062163,0.376764059,-0.320219636,0.0962767005,0.067958273,0.00781796873,0.63353008,-0.415763885,0.223221362,0.0277181193,-0.628285587
-0.721522033,-0.107578181,0.403611124,-0.407087833,-0.190598533,0.873679161,0.259751767,0.0445237234,-0.219755501,-0.211465195,0.0996060297,0.316932559,-0.215732589,0.603440523,0.335705429,-0.838256836
-0.137687281,-0.234515831,0.044261165,-0.29458788,-0.102275833,-1.56653035,0.0140476283,0.192706123,0.0771836117,-0.274307877,0.00575743895,-0.202416912,-0.310281813,-0.266439497,-0.983118176,-0.222176775
0.211241439,0.368222088,-0.457693577,-2.37239885,-0.443364978,0.907132208,0.040157754,-0.447181493,-0.648976326,-0.907200634,-0.900358915,0.896004975,-0.0911774486,-0.144424289,-0.166857094,0.405344307
-0.657035172,0.183503091,0.890521049,0.290019512,0.794862092,-1.77299237,-0.978694201,0.365190268,0.640681565,-0.140691087,0.508696377,-0.84672159,0.4935444,0.187446624,0.173072577,-0.219152033
-0.74336499,0.272565573,0.272852182,0.096906729,0.263021946,-0.414542586,-0.210193813,0.250894278,0.0984857306,-0.285444856,-0.441481978,-1.15980256,0.515689313,-2.33606648,-0.440424412,-0.565942109
-0.635655165,-1.25739205,-1.02400756,0.197590038,-0.293230385,-0.0209952071,-0.311666578,-0.704761088,0.100046307,0.22394751,-0.224115223,0.170087174,-0.642150044,-0.0466623604,0.241102025,-0.163717687
-0.479956359,-0.00584980473,0.0393715613,0.504382551,-0.00440598652,0.130706251,0.592174888,-0.43447426,-0.0994869024,0.0540050007,0.451883703,0.203508705,-0.424133271,0.0994191319,-0.355764806,-0.331731111
-0.751775563,0.152521014,0.560936868,-0.590175509,-0.303458959,0.543125033,-0.291603357,-0.264033556,0.427613944,-0.129032418,-0.197267488,0.707536876,0.406317711,-1.27752304,-0.383862197,0.702721119
-0.824788392,-0.0950792879,-0.387925684,-0.612077296,-0.712665141,-0.662902236,0.792650461,-0.0572006665,-0.328818768,-0.270002902,0.113633849,1.25944877,-0.537769854,-0.154379904,-0.518886983,-0.0458631516
0.0721935704,-0.403292298,0.627430558,0.491417557,-0.0622103736,-0.406601131,-0.573762178,-0.751483262,0.382820338,0.825776398,0.111883201,0.632012725,0.230303794,0.0644535795,0.496436864,-0.71480912
-0.534899414,0.321633488,0.135993317,-0.346909732,0.38863644,0.643366456,0.519368827,0.150316998,0.33941716,-0.130680397,-0.378951728,-1.0071044,-0.592175961,-0.45745939,0.0829669833,-1.17886174
-0.335133314,-0.296908766,-0.701092243,-0.530133247,0.170069844,0.0491186604,-0.456029654,0.262978584,0.491849542,-0.0312302019,-1.70890665,-0.247506231,0.123920664,-1.06001258,0.472953856,0.418920904
0.554472327,0.225430578,0.230334803,-0.30145216,-0.158132002,-0.388327718,-0.202270657,-0.164994255,-0.117081068,0.182888672,0.175147876,-0.468915731,-0.251422822,0.272249818,-0.317795247,-0.508244753
-0.444199741,0.701725781,-0.598777235,0.794721544,0.325593591,0.331206679,0.265721887,-0.271892607,-0.208310649,-0.156824455,-0.131946713,-0.00578919426,0.664499462,0.366959125,-0.224241778,0.703275144
0.166829839,0.270115793,0.58610642,0.926882565,0.312829614,-0.362563014,0.439770162,-1.68928409,0.345772862,0.0769861639,0.582601428,0.396161526,0.156595126,-0.478741467,-0.432491571,0.37061581
-0.452575296,0.016905576,-0.694845498,0.107331909,-0.358438939,0.220926389,0.189110681,0.286799014,0.142663419,-0.238718629,-0.537393272,0.350726187,-0.410419434,-0.270750761,0.341353565,-0.148901165
-0.223952785,-0.047103852,0.806964755,-0.267602593,-0.215649843,-0.684915066,-0.38689816,-0.066039294,0.278208822,0.291388541,-0.355498999,0.103993848,0.368387103,-0.213842049,-0.440440506,-0.0847186968
0.849001765,-1.34357262,-1.77843893,-0.415211201,0.504034281,-0.0718169063,-0.116574824,-0.0755430982,0.507447839,0.105233461,0.287157983,-1.07590401,-0.49244377,-0.107674666,0.0967313573,0.309528321
0.799897194,-0.190983057,-0.145692945,-0.109666735,-0.111699462,-0.754033446,-0.691861212,-0.207500622,-0.532733262,-0.533567965,-2.36490631,-0.00398694118,-0.881483018,-0.23261188,-0.602078378,0.168328717
-0.589673519,-0.257226974,-0.995525718,0.0101890992,-0.482334465,-0.403079271,-0.156243622,-0.622034192,0.271110415,-0.314849406,0.32380724,0.620283544,-0.477016628,-0.207033798,0.198069245,0.239132613
-0.287621945,-0.745655179,-1.82498503,-0.646624029,-0.731841922,0.830968976,-0.216674626,-0.00502669532,-0.259570926,0.00165337301,-0.586403906,-0.559896529,0.0871146545,0.108339123,0.438937843,0.287923574
0.464012295,-0.623559356,0.171971276,-0.340914249,-0.409080267,0.307497799,-0.327897012,0.45310542,0.224113807,-0.42720896,0.106612444,-0.598395646,0.036780335,-0.611985683,0.681250155,-0.390476882
-0.360310882,-0.0493132956,-0.120706357,0.759226143,-0.200964406,0.0313740782,-1.26457357,-0.328955621,-0.384696186,-0.345600098,1.02169132,-0.511223197,-0.117787518,0.807050645,0.00914399233,-0.430469573
0.116739295,-0.754728854,0.124035716,0.329182297,-0.187537849,-0.536538303,-0.294095188,-1.48777473,0.32813251,-0.430188,-0.450786591,0.108791307,-0.294635683,0.0584116802,0.0834904015,-1.36922228
0.239620686,-0.249436513,-0.292792201,-0.154154792,-0.115308627,-1.25160551,-0.835682213,-0.199092388,0.401563615,0.472583443,0.145683676,0.121276207,0.635122359,-0.490955323,-0.167534918,-0.675962448
-0.0607345961,0.174888343,-0.162250936,-0.44696492,-0.566852093,-0.326296091,-0.785843253,0.338997185,-0.111377165,0.372438878,0.337712944,0.327002227,-0.606882453,0.152011588,-0.156533852,-0.0197649542
-0.200458452,-1.03423464,-0.0987682566,0.0825234726,-0.336495966,-0.062786147,0.817606747,-0.34407112,-0.450520396,-0.132608742,0.549027026,-1.77592754,0.240645796,0.924378932,-0.522505403,-0.0976189896
0.58542186,0.582629442,-0.314268798,-0.318287104,0.35884738,-0.361961782,-0.0163606927,0.179195479,-0.149048463,-0.042186223,-1.34251988,0.36767149,-0.649251521,-1.0849663,0.155395418,-0.373147696
-0.0495750457,0.0623240098,0.206036761,-0.186590567,-0.129611477,-0.323001713,0.220126644,-0.677495539,0.169151202,0.263159484,-0.231076732,0.14035207,0.0342228301,-0.469728559,-0.113039479,-0.668436706
-0.275250882,-0.40413475,-0.289547056,-0.93606776,-0.0515849106,0.00683534751,0.263701648,0.493391573,-0.0370456651,-0.357011974,-0.968186438,-0.329644889,-1.3697592,-0.456709594,0.408765972,0.774728
-0.344820976,-0.368923634,-0.342150301,0.0231128298,0.553421855,-0.400661916,0.295719594,0.531457603,-0.252036631,-0.346045405,-0.512038708,0.460881472,-1.8482393,-0.375389963,0.519087076,-0.764928102
-0.72309643,-0.847160876,-0.0297114551,-0.707672536,-0.205809563,-0.682607889,-0.0745720118,0.0494749099,0.416315109,0.229292691,-0.29636398,-0.279071867,-0.358844191,0.00612329319,-0.94747746,-0.517003477
-0.174437106,-0.540504694,-0.113525793,0.654089689,-0.280497968,0.0684045255,-0.694605112,-0.00594130531,-1.00889993,-0.193205804,-0.436735541,-0.123061806,0.51473999,-0.474699736,0.102224812,-0.31812185
-0.495391816,-0.165244207,0.0155144911,0.0691532865,-0.946044147,-0.596859396,0.26288116,0.421112448,-0.853110313,-0.58881855,-0.922533274,0.192022353,-0.0154694226,-0.420907736,-0.0398679152,-0.167900011
0.0035557081,-0.765969992,-0.707693398,0.142809063,-0.136597529,0.0371753313,-0.0411207713,-0.294487059,0.187507734,0.166183606,-0.323437572,0.332229912,0.750081658,-0.699828029,0.0311366003,0.122334167
0.0857353806,0.516077399,-0.470611244,-0.772629559,-0.134732977,-0.590068161,0.0253311396,0.55077517,-0.440029055,0.112093672,0.0449191704,-0.623286545,-0.860098124,-0.263266981,-0.349929094,0.185236946
-0.665715039,-2.4287641,-3.5410502,-0.656381965,0.737035334,-0.136794686,0.815736175,-0.161211208,-0.203464404,-1.06172419,-0.537334502,-0.165897071,0.436098605,0.00414848141,0.314442903,-0.651846468
-1.81637943,-0.459001422,-0.889626503,-0.336199552,-0.159381554,-1.9988724,-0.141655907,-0.520991623,0.179065004,-0.129869223,-0.192129239,-0.0555626005,-0.24568297,-0.100121796,-2.43074751,-0.0429513305
-0.113728322,-0.565778971,-0.158703983,-1.06169164,-1.48463082,0.255774975,-0.533792019,0.134893,0.190272614,0.2233776,-0.816517174,-0.0346499681,-0.473579079,-0.359563529,-0.19362241,-0.411358297
-0.321374744,0.172760785,0.130374104,0.0179927312,0.507652402,0.262849718,0.149115607,0.0156764369,0.16630733,-0.146706492,-0.792030215,-0.770772815,0.0580780506,-0.552264869,0.140440822,-0.635463893
0.20380196,0.934657454,0.385283768,-1.42572582,0.151382908,0.0624564551,-0.110411935,-0.6800614,0.0777078494,-0.377395272,-0.972770512,-0.435795307,0.032179825,0.124898888,0.434099913,0.655001163
1.1650399,-0.105870932,-0.791019797,-0.399127156,-0.278546035,-0.364219695,-0.0539067462,0.479136914,0.0557769537,0.0704896748,-0.264058232,-1.24083328,0.1132726,0.0560947657,-0.208883449,-0.0847105235
0.44993633,0.185912371,-0.447448313,-0.974526584,0.215689778,-0.217132971,0.662112951,-1.69612741,-0.0471050292,0.266480416,-1.95993686,-0.347738862,0.301584601,0.156546965,-1.19761944,0.431228995
-0.179655612,0.585123897,0.589456737,0.683175206,0.102246583,-0.0317357406,-0.408993244,0.183253691,-0.578311861,-0.255517304,-1.07326555,0.0220857933,0.30803594,-0.685030878,0.224017084,-0.0834482163
0.227581561,-0.696503818,0.27600497,-0.39050144,-0.400892735,-0.63977164,-0.164838821,-0.418102294,-0.220155418,0.472891003,-0.602689862,0.456375003,-1.81038928,0.516541243,-0.899673462,-0.393011272
-0.101583101,-0.749167264,-0.639935732,-0.416483104,0.840511024,-0.546658993,0.437393039,0.329051912,0.145486891,0.436708182,-0.243044883,0.0321341343,-0.235505462,-0.385079145,-0.377265334,0.335887134
-1.2734375,0.198413238,-0.0361771621,0.397925824,0.806708932,-0.59978056,-0.180259034,0.0592103302,0.275837481,-0.276136994,0.277656585,-1.14012647,-0.44536984,-0.693419218,-0.586152852,-0.282980114
-0.572819948,0.400341243,0.435084522,0.384556741,-0.658623934,-0.265534073,-0.0246736109,-0.495834768,-0.649700046,-0.193473876,0.448910594,0.130254745,0.310759276,-0.473645419,-1.00149226,-0.578919291
0.126942009,0.000960543752,-0.0727796406,-0.034899015,0.0141386017,-0.070812121,-1.24162209,0.0910222828,-0.729155898,-0.413055748,0.20972161,-0.241288483,-0.46084699,-0.240162745,-0.761699259,-0.0087597426
0.229802459,-0.651783645,-0.38997215,0.0566913411,-0.338468581,-0.209321335,0.909320474,0.476210654,-1.0728972,-0.165511608,-0.0403899476,0.323596627,-0.52213335,-0.0960945189,0.880903602,0.188511625
-0.782314301,-0.5819152,-0.143811733,0.290270776,-0.264356941,-0.340871662,0.427378088,-0.437955707,0.187925845,0.401626348,-0.377411723,-0.802103281,-0.813667059,0.246858105,0.823889554,0.897004008
-1.12266421,-0.0577410348,-0.0540517941,-0.52566123,-0.493746102,-1.03878427,0.0637648478,-0.234603137,-0.254922807,-0.396664828,-0.216917455,-0.349670231,-0.446279883,-0.606146038,-0.324456602,0.369127214
0.0972263291,0.220550716,-0.570070028,0.737887919,-0.0746356025,-0.590527117,-0.0540177636,-2.61999941,-0.334277391,-0.408060223,0.331176162,-0.526879132,-1.05945492,-1.0456661,0.266023099,-0.716577649
0.490147024,0.342487246,-0.92696774,-0.389562696,-0.561452746,-0.403691322,-0.0225236006,-0.0625332594,-0.0656419322,0.121115878,0.385154188,-0.215987116,0.200998738,-0.747095406,-0.0685466826,-0.563641131
-0.505555928,0.380123049,0.421682805,-0.0100705214,0.21922344,0.247190833,-0.529080451,0.473369837,0.217006564,-0.525971532,-0.117274739,-0.631882071,-1.49147427,-1.14388227,0.429401278,-0.606419265
-0.251180917,-0.506351173,-0.623774111,-0.225814894,-0.0298414137,-0.949414551,0.0260181408,-0.351986229,0.430325508,-0.0170337036,-0.446060747,-1.17805707,-0.218811691,-0.347053349,-2.66524482,0.187951058
-1.41093624,0.00585718313,-0.158307105,-2.59620619,0.423124671,-1.18213785,-0.990070343,0.172941059,-0.414594889,-0.192005143,-0.622836471,0.142830342,-1.47507322,-0.155877113,0.472547144,0.667424858
-1.23668098,-0.492107272,0.303927451,-1.62127936,0.48607865,-0.00698819663,0.054502096,0.153763741,-0.318913728,-0.127124131,0.0880393535,-0.248480499,0.342857182,0.0117727928,-0.453213841,-0.0614584647
-0.0622152388,-0.307827324,0.511084497,-0.0581449568,-1.27329743,-0.149291188,-0.0428398177,-0.178492621,0.193238646,-0.492340118,0.54529196,-0.248314261,-0.176173136,-0.795957863,-0.0623002686,0.158853516
-0.69244951,0.24926959,-0.807918847,-1.05819142,0.469506055,0.434283912,0.400974303,-1.8218559,-0.294703037,-0.167804569,-0.930930674,-0.430083483,0.0760367066,-0.488170028,-0.0582414903,-0.297181219
0.797092795,-0.297638595,0.578443825,-0.0888033435,0.736520171,-0.634245157,-0.7737782,0.49713549,0.0505628139,0.0318413228,0.0760025159,-0.0879294425,0.106368013,-0.481378376,-0.0838882178,0.578653812
0.626374364,0.131246328,0.392655581,-0.313941598,-1.60210323,-1.8592056,-0.743243039,0.264725775,-1.25562859,2.22022963,-0.634046078,-0.4839423,-1.52686894,0.216658249,0.0596292429,-0.31437397
0.0348296463,0.662288904,0.155000582,-0.527020156,-0.459984213,-0.167252988,-0.646566093,-0.138139889,-0.663479209,0.18679595,-0.233968586,-0.896847129,-1.02019691,0.498079598,-0.0438104905,-0.589567542
0.180850521,0.191052124,-1.45539427,-0.242476478,-0.108642638,0.678822994,-0.0530086979,-2.31557679,-0.239907086,-0.646240771,-0.546594918,0.366975456,-0.737244546,-0.632509053,-0.412543356,-0.160715193
0.0313063823,-0.42331928,-0.18938899,-0.218171164,-0.19070968,1.47425413,-0.236381829,0.400047988,-0.762281597,-1.0687027,-0.202569723,0.0599963963,0.18067579,-1.16253281,-0.382021576,0.324928492
-0.944951117,-1.22989094,-0.177130133,-0.48583895,-0.812220633,0.0688348785,-0.365256101,0.233721405,-0.0456648394,-0.198092163,-0.227394536,-0.867790878,0.391552329,-0.0811664686,-0.0918120891,0.123197109
0.200994581,-0.751495063,2.03474355,-0.360200673,-0.232065499,-0.204229087,-0.268290967,-0.651108444,0.441609114,-0.181285053,-0.27029109,-0.395712316,0.0609408021,0.298352063,0.127378657,-0.0217277743
0.754414916,-0.361252904,-0.0935839862,-1.12132597,-0.505109549,-0.505869329,-0.234075934,-1.14317238,-0.772547603,-0.848224759,-0.164200708,-0.574250937,-0.719675004,0.145681262,0.241967097,-0.805920422
-0.890115678,-0.693806469,0.312496752,0.159904167,0.199494451,-0.438179761,-0.10901475,-0.252931923,-0.726867676,0.69597739,-0.549320698,-0.928669095,-0.0463525504,-0.255956829,-0.215280935,-0.785422683
-0.311110079,-0.628546536,-0.315529883,-1.46468771,0.122409783,-2.02532649,0.540684581,-0.879176378,-0.273691058,1.16273379,0.0768288746,-0.505892456,0.0520431921,-0.208876386,-0.498392045,-0.526564956
-0.485095173,-0.375208408,0.397580743,-0.542291939,0.276996374,-0.399065495,-1.49162161,-0.71844703,-0.259445667,-0.458975762,-0.747613311,-0.187869146,0.486435324,0.465728045,0.0529043935,-0.728044033
-0.686947346,-0.0995637104,-0.171185866,0.501279175,0.402721137,-0.43182233,0.226289362,0.55934155,-0.0186075643,0.408583045,-1.21678936,-0.776189148,-0.371532857,-0.0707204044,-0.135453165,-2.56839776
0.430949152,-0.992328882,-0.280921042,0.848308802,-0.20194678,0.0850359276,0.129878208,-0.972032905,-0.601071,-0.685916245,0.52475661,-0.444528729,0.280604869,-0.423949242,0.882224023,0.165859848
-0.170311078,0.212836117,-0.0554687567,-0.297188729,-0.0549023598,-0.631221473,0.153313786,-0.423077434,-0.153621837,0.349179626,-0.294939876,-0.737932384,0.328511775,-0.910519779,-0.24594909,-1.62695348
-2.12102485,-0.782308459,0.0259567946,-0.13931635,-0.313429713,-0.157374486,0.772937059,-0.787265122,-0.368712246,-0.763596833,0.16162841,0.0742775127,0.0940657854,0.390277058,-0.796110928,-0.311001807
-0.398945749,-0.0680050179,-0.714046657,0.36159724,-0.292402089,0.201666176,-0.275753498,0.156340733,-0.838086367,-0.304759383,-0.27823633,-0.242576554,0.116590463,-0.136064917,-0.850872099,0.449082941
0.314620256,-0.508586645,0.147671208,-0.609785616,0.684536695,-0.166752174,-1.29315054,-0.472367257,0.380239129,-1.45442164,0.288374096,-0.0982585847,-0.81438452,-0.369359344,0.0180809926,0.222412303
-0.727153003,0.467784286,0.363371551,0.566998839,-0.29995212,-0.507847428,-0.417271405,0.257346869,0.164973259,-0.20205161,-0.0621465109,-0.116050772,0.455377489,-0.295888186,0.358124644,0.921924829
-0.0724952817,-0.09307345,-0.0169135462,-0.448281527,-0.377492785,-0.440254956,0.8632254,-0.10797222,-0.0862378553,-0.771555543,0.0756961703,-0.632860124,0.341556728,-0.237248898,-0.363278747,-0.399972171
0.405388564,-0.435396791,-0.878066838,-0.16779539,0.4000175,-0.2769005,0.8871755,0.165558621,0.233686179,-0.0367123559,-0.232350245,-0.0396418162,0.264328122,-0.804578304,-0.651903391,0.492814004
-0.041722361,-0.167903006,-0.282774478,-0.223966077,0.494888753,-0.327205539,-0.546300232,-0.239110187,0.911557138,-0.163107887,0.32833904,-0.529164791,0.353618383,0.0695261285,-0.313094169,-1.06096554
0.287127137,-0.45826605,-0.572205782,0.455697864,-0.608645737,0.566078901,-0.23780489,-0.0494073927,-1.87157512,-0.429062128,-0.00260116253,-1.02042627,-0.851057351,-0.325788438,-0.268235356,0.0464988016
-0.480050623,0.122663319,-0.397769928,0.54068017,0.111841626,-0.0353674144,-0.288401306,0.683582067,-0.289562523,-0.385949939,0.185907096,-0.999909937,0.261574984,0.410941213,-1.87203968,0.506235361
-1.22360802,1.15101349,-0.0265958644,0.422548294,-0.167542979,0.115993388,-0.467487574,0.642575324,0.145529002,-1.13291037,-0.395606637,0.313803077,-0.557594359,-0.137567133,0.344952404,-0.581540883
-0.703794479,-0.0823996887,-2.42882299,0.237497687,-0.337472439,-0.17594713,-0.101329215,-0.386944085,-0.646563292,0.483128667,0.315096289,-0.278175682,0.032026995,-0.0325680077,-0.823177278,-0.143589601
-0.114878349,-0.557134628,0.236632794,0.512204051,-0.0137225334,-0.971758187,-0.315138221,0.384440333,-1.6598109,-0.232572153,-0.577019393,-0.233572781,-1.14138842,-0.130935371,-0.0205931421,0.284046978
0.733390033,-0.30740571,0.171810776,0.0704026967,-0.738010943,0.0393884592,0.249673843,-0.567573488,0.549368024,-0.28981638,0.376076907,-1.44969571,-0.0256528482,-0.363684505,-1.05625749,0.506255865
0.905071616,0.394698858,-1.07989073,0.147413209,-0.932887435,-0.370931655,-0.369175017,-0.086797379,-0.0582868159,-0.753817677,-0.47179687,-0.905380905,-0.656431377,-1.49994469,0.230009153,0.0197295882
0.436720639,0.0332484059,-0.396786422,-0.729648948,0.0767738,0.643378079,-0.119451761,0.558900535,0.64745152,-0.344870836,-0.298854023,-0.231143713,-0.423681796,-0.244992629,0.222250327,-0.777146041
-0.0160151925,0.0351036228,0.0624774359,-2.2917099,0.301626027,0.702380002,-1.02419794,-1.11727083,-0.45397976,-0.42284584,0.149311006,0.344297618,-0.577304184,0.446330398,-0.298711449,-0.450720519
-0.238148332,-3.95159411,-0.209102064,-0.172750652,-0.148907289,-0.243276864,-0.713618815,0.307191133,-0.172387838,-0.615518987,-0.128862217,0.453881353,-0.552217782,-0.336242855,-0.227607563,0.16526489
-0.683116794,0.0201627277,-0.0110685593,0.0905548781,-0.190602303,0.50357306,0.650670588,-0.342217714,-1.5889405,-0.152649075,-0.0199199636,0.284747839,-0.130692914,-0.325311363,0.041732762,0.00379614299
0.244087726,1.17575192,0.124220006,0.1401283,0.199974462,0.471830219,-0.453294665,-0.221043304,0.363973677,-0.524869621,0.538933337,-0.806127548,0.802613139,-2.36716914,-1.15701044,0.16969493
0.605061471,0.897963464,-0.545143723,-0.278327286,-0.222958058,1.37572014,-0.0420381539,-0.71576184,-0.798966885,0.436828226,-0.186777338,-0.0308619477,0.175536692,-0.157954469,-0.657042325,-0.2212933
0.191282079,-0.484978706,-0.405497342,0.284020931,-1.15086794,-0.471757054,-0.984380066,-0.260697305,0.90999186,-1.11562741,-0.491023928,0.532083213,0.0720623732,0.46109575,-0.0410154387,-0.51734072
0.145261288,0.0752500892,0.366232723,-0.824890733,0.429297835,0.220457137,-0.746705055,-0.167973369,-0.183015555,-1.10726237,-1.81116581,-0.250615865,0.52201736,0.306254268,-0.485099971,-0.697406888
-0.512783349,-0.893149734,-0.0229608025,-0.358604014,0.506834269,-0.50376159,-0.0442180261,0.0811736286,-0.150961637,0.366919607,-0.104440816,0.138147846,0.458023846,0.265308231,-0.560737371,0.231145009
-0.0461001433,-0.648716986,0.4834539,0.0200102925,-0.0465482287,0.105062068,0.358218819,-0.74735117,-0.55856812,-0.482060224,0.159050658,-0.158420622,0.938911974,0.229875088,-0.255746424,-0.62690866
0.140583381,0.491197854,-0.337762594,-0.0193716865,-0.243058264,0.271436781,-0.245629147,-1.7102133,-0.0831026658,-0.140722573,0.279769301,-0.506080031,-0.140467614,-0.115868434,-0.529166937,-1.38438606
-0.423478901,0.279538095,0.294735909,0.1610284,0.056264773,-0.216861248,0.0885480419,-0.868877649,-0.367393255,-1.7163223,-0.0674771443,-1.48459053,-0.504488587,-0.334643751,-0.354120642,0.604949832
-0.223462999,0.57702297,0.213332653,-0.889439285,-0.115085766,-0.281643271,0.0278718323,0.355325103,0.422342539,-0.554102421,0.0715800226,-0.448717266,0.408216834,-1.4948045,0.178473413,-0.142095119
-0.68815732,-0.275307477,-0.248173416,0.865517139,0.457847655,-0.16516985,-0.843827963,-0.151052326,-0.289547235,-0.0543214418,-0.181562632,0.316970229,-0.446521193,-0.535339475,-0.112469941,-0.202048033
0.192938879,0.122133888,0.258660436,0.297573179,-0.246210709,0.41765818,-0.249597386,0.665823579,0.265013605,-0.812045097,-1.32760274,-0.0620792024,-0.191547006,0.157694578,0.158004954,-0.524999082
-1.62494981,0.188330188,-0.312445939,0.555954337,-0.535132527,-0.399035692,-0.414809525,-0.0141259637,-0.471200019,-0.848041415,1.05680335,-0.554657102,-0.618601739,-0.167394534,-0.226753712,0.0664128214
0.0260117445,0.128766596,0.572708666,-0.481580675,0.25684306,-0.0924369991,-0.000959168188,-0.548569083,-0.765950561,0.324137777,-0.0462472253,-0.492317647,-0.541505635,-0.620117724,0.220022142,-0.799592912
-0.647798717,0.095350422,-1.18812668,-0.26871708,-0.126029938,-0.641169965,-0.457231194,0.727625668,0.072503522,-0.0323448703,-1.22128391,1.1002183,-1.35969961,-0.155255988,0.0364203081,0.303025335
-0.218447313,0.636270404,0.288799912,0.295985848,0.321263075,-0.228386328,-0.072150059,-0.276868165,0.158221215,-0.0455352664,0.678034961,0.0898668617,-0.657238781,0.160354957,-0.546108782,1.08718038
-0.182124868,-0.0387075394,-1.16837895,0.467191845,-0.00670881197,-0.322738856,-1.60737526,-0.0907442272,-0.150051177,-0.214182079,-0.668345094,-0.187785998,-0.816192746,-0.251154423,-0.993965626,-0.299294621
0.265952051,-0.10061229,0.197764292,-0.958485365,0.0303332247,-0.0415657498,-0.680233717,0.131273121,-0.437023759,-0.154214621,-0.210271835,-0.0735028684,0.149007201,-0.29492718,0.346791536,0.417939305
0.202540919,0.249570176,-0.341379195,-0.620395482,0.0739891976,-0.59270376,0.0572263785,-0.0759620965,0.879139721,0.0862142667,-0.414405793,-0.185597718,-2.41045046,0.0433219373,-0.604069412,1.09961128
-0.82662034,0.122968167,0.442324847,-0.789383054,0.0174745694,-0.29412663,0.471034437,-0.0845801756,0.0343054123,-1.64079189,-0.807195604,-0.0835263655,-0.553735912,0.307505369,0.297633976,0.136933982
-0.486877948,-0.588681698,-0.333618879,-0.464171559,0.348103791,-0.180547461,-0.00462556258,0.346605957,-0.267433286,0.0297441706,-0.381686956,-0.624989867,-0.655343354,0.57656461,-0.226569027,-0.299609601
-0.166321635,-0.474721014,0.390794337,-0.221191227,-1.00564361,-3.11423182,-0.0125759076,0.80502516,-0.148843274,0.322039396,-0.128152624,-0.320709139,0.447096616,0.0678025559,0.135231733,-0.245282382
0.374504358,0.115720049,-0.689367354,-0.263452917,-0.159619272,-0.233734652,-0.257817894,0.953943014,-1.20201206,0.0260256119,0.183625773,-0.0798489973,-0.25443399,0.227008164,0.391503632,0.0361729115
0.219707385,0.0402970612,-0.694184363,-0.276146084,-0.303806484,0.531264246,0.111583047,0.037268132,-0.875483155,-0.513691783,-0.83056277,0.289554447,-1.11723471,0.286002874,-0.588390112,-0.556022525
-0.332734108,-0.345521778,-1.41290557,0.409986407,0.107380792,0.020130517,-0.961172044,0.480356038,-0.697424293,-0.178559974,-0.322246701,-0.211428881,-0.338050604,0.376566201,-0.569271445,-0.0437066108
1.2386359,-0.384145826,-0.378554851,0.158939973,0.118947774,-0.136825666,-0.180027202,-0.123841748,0.857298255,-0.301059276,0.897839904,-0.0379449725,0.279680699,-0.619202495,0.224211931,-0.927978575
-0.0999673828,-1.18800187,-0.71747005,0.748959899,-0.304446757,1.2350769,0.0366977677,0.711346388,0.02055512,1.12337434,-0.244582996,-0.163050845,-0.147566378,-0.623110175,-0.42573899,-0.385286689
0.380208254,-0.187237099,-0.157768369,-0.376043916,-0.315653622,-0.581684649,0.438478261,-0.763426483,0.454742134,0.0607587062,-0.465398043,0.720956624,0.48955521,-0.686467171,0.642702758,-0.577116549
-1.45086443,-0.00266192947,-0.16734834,0.0530267954,-0.0329178609,-0.299095452,-0.108282886,-0.798684657,-0.925795972,-0.357694864,0.0934970528,-0.0154502122,0.0462483987,0.0536440834,-1.37087405,0.199045226
-0.420313716,-0.177263439,-0.000387296081,-0.362909406,0.118579403,0.69763267,-0.18555738,-0.280356616,-0.457264394,-0.614687502,-0.524446964,0.333301723,0.862410665,-0.053670153,-0.0988631472,0.200474158
-0.768063903,-0.536964893,-0.545872986,-0.312671155,-1.23064065,0.44377929,-0.0185884144,0.148280174,-0.693845451,0.0708846897,-0.0377765074,-1.41296482,0.0926938727,0.282437742,-1.17002273,0.632999897
0.0602351949,0.573315084,0.425154805,-0.15666838,0.197156325,-0.495454878,-0.390196502,-0.306014299,0.585204899,-0.123653546,-0.106565222,-0.381225616,-0.91793561,-2.00517249,0.164567336,-0.153724998
-0.0260166321,0.253503084,-0.258828253,-0.434164762,1.25928307,0.724646389,-0.189674363,0.0317144804,0.0777267143,-0.195812047,0.250023842,1.3579365,0.199381098,-0.665941358,0.322955966,-0.564725518
-0.811245143,-0.305929631,0.457807213,-0.963537693,-2.03606606,-1.11147738,0.0416687317,0.203541502,0.139660358,0.369783938,-0.248513401,-0.00141395302,-0.69351393,-1.05634916,-0.406671762,-0.499024183
-0.152915269,-0.070320636,0.205063596,-0.537037134,-0.4781515,-1.48083305,-0.632435322,0.387149543,-0.747126579,0.464609534,0.108306423,-0.116351455,-0.213843331,0.740641356,-0.556198597,-0.25011763
-0.0706953108,-1.19431746,0.359932989,-0.660238445,0.700466931,0.282306194,-0.520550072,0.185115263,0.332553238,0.100863591,-0.0611260682,-0.706558347,0.445731252,-0.119374372,-1.24195516,-0.253639221
-0.588266432,-0.949692011,0.0762090385,0.326769173,0.28572908,0.273815066,-0.0357927456,-0.122417994,-1.12957573,0.123015635,0.313736081,-0.546718061,0.157963157,-0.058009658,-0.225904316,0.660621881
-0.108899765,-0.357998967,0.380939096,-1.01382923,-0.89222765,-0.288766891,-0.560007274,-0.290169626,0.496533871,-0.78382802,-1.06744337,-0.557829976,-0.998655975,-0.355834693,0.30599764,-0.0977899283
-0.323628694,0.41579926,0.616793752,-0.172606677,-0.561190963,-0.29078263,0.422681868,-0.215911314,-1.00905895,0.179495886,1.13932288,-0.0774342567,-0.353587896,-0.492135614,-0.558838069,-0.457682729
0.408733338,-1.03772068,-0.543191075,0.173662558,-0.470342994,-1.00529933,-0.263244063,-1.01392126,-0.219992712,0.388624847,0.248366088,-0.375874221,0.219859332,-0.0296916869,0.388973176,0.198846579
-0.116342746,-0.414816469,0.562431812,-0.270923108,-0.118790947,-0.286948323,-1.2096957,0.773465931,-0.355370045,0.281768411,-0.0246595796,-0.39288792,-0.980573714,-0.121479966,0.105819084,0.616490304
0.439244926,0.0505688898,0.272716105,-0.434800178,-0.592273772,0.0864979774,-0.439228356,-0.981056094,-0.322048306,-1.05244505,0.0862833709,-0.474013984,-0.164211348,-2.24377012,0.329458386,-0.20747
0.362332135,-0.43785429,-0.0206304453,0.406153619,-0.275407344,-1.39801192,0.20379512,0.13524507,-1.30573606,-0.237479508,-0.210960791,-0.0501391515,-0.196626738,-0.448580801,0.106247775,-0.435086668
0.191754311,-0.184188545,-0.220815659,0.0986876935,0.235884756,-0.588230669,0.300010562,0.359849632,-0.520080924,0.208166897,-0.519537508,-0.0216347687,-0.41608268,0.652232289,-0.267989516,-0.365203142
-0.495960474,-0.185805097,-0.322028458,-0.26120168,0.40111655,0.231069818,-1.19525957,-0.135041416,0.484762639,0.148111671,-0.4532727,-1.05996704,0.0844364762,0.157538772,-0.8883968,-0.592806101
-0.49612838,-0.364690065,-0.359883249,-0.876005232,-0.679867208,-1.82013071,-0.22636719,-0.381420106,-0.267156452,-0.834948599,0.390672207,-0.141610652,-0.0852978379,-0.798824251,-0.0756508484,0.187136576
-0.676254272,0.298728675,0.164464042,-0.0697614104,0.0932914764,0.573720932,-2.01247668,-0.976332366,-0.334279478,0.528306723,-0.313566804,0.124014623,-1.25715947,-0.563694417,0.151352569,-0.204262912
-0.738786697,-2.7245748,0.172458962,-0.401698142,-1.90162289,-0.828524649,-0.332239807,-0.0936811492,-0.691173732,0.306245685,-0.00282723177,-0.440081894,-0.123228766,-0.729023099,-0.490395099,0.664579153
-1.08369637,0.000441083685,0.216960549,0.968667924,0.634905457,0.274698764,-0.93115592,-0.753031254,-0.194612965,-0.257177413,0.0524515063,-0.552151203,-0.0149509795,-2.21405673,0.10491427,-0.512291789
-0.0106413979,-0.267803609,-0.55603224,-1.77819991,0.535425067,-0.731477857,-0.237575337,-0.0855190381,-0.201829717,0.559147537,-0.242747977,0.0785739645,-0.0266970694,-0.392724276,0.018845845,-0.555521011
0.253981382,0.681639314,-1.03490472,0.20734781,-0.010600714,-0.571993411,-0.191949695,0.955575407,-0.847770989,-0.557953596,-0.799661338,-1.29220128,-0.340636373,0.429265261,-0.340881407,-0.162403181
-1.61163533,-0.0330557264,0.417630523,-0.588518322,0.766522646,0.643375814,0.445927978,0.222399071,0.252427161,0.135537088,-0.231869712,0.365544915,-0.760627031,-0.389079988,-0.255920142,-0.14989695
0.0891041905,-0.596653104,-1.12443972,0.0477842316,0.515648425,-0.327866435,0.314586222,0.173570663,0.630637825,-1.18209958,-0.345433176,-1.32757759,-0.754560173,0.105813913,-0.386859685,-0.0840311572
0.578418791,0.185556516,-1.68624914,-0.626899302,0.647413552,-0.212091401,0.405425191,0.305300266,-0.420528919,-0.528416514,-0.514460504,0.583120406,0.796566188,0.242666498,-0.769953072,0.765604138
-0.44745478,-0.137488857,0.818268299,0.228157833,-0.0900212973,-0.000508159399,-0.669239819,-0.407393038,0.475414604,-0.927865982,-0.499735117,0.229338095,0.445623636,-0.0639109015,-0.576723337,-0.667865813
0.214996681,-0.0840468109,-1.9769671,-0.535904706,-0.712688208,-0.0431222729,-0.424703538,0.0991728902,-0.178249463,-0.814747453,0.672936618,-1.22672915,0.534572423,0.0243427679,-0.567418396,0.105442755
0.309049428,-0.0687643215,0.242091089,-0.792826593,0.673420906,-0.28806895,-0.0223430134,-0.407358736,-0.100407362,0.6039536,0.185273111,-0.0613882616,0.326980919,-0.0726026893,-0.0996929631,0.388335556
0.78824842,-0.233280838,0.538980722,-0.848291337,-0.108715765,-0.19182305,-1.2562356,-0.00042509567,-0.265120387,-0.567307055,-0.79502964,0.513683856,0.168045878,-0.3406789,-0.0925361589,-0.360769033
-0.0510004088,-0.105970807,-0.202349901,-0.00517258141,-0.327856362,-0.646013677,0.358601809,-0.115819223,-0.372146547,-0.165371343,0.0372190922,0.201846823,0.318869948,0.599449992,-0.691011906,-0.236836448
-2.65917826,0.27931568,-0.117916435,0.136904702,0.019202577,-0.576332271,-0.256583959,-0.0871002376,0.539693058,0.513837874,-0.807628453,-0.129195124,0.503005028,-0.402632535,-0.174351722,-0.830456078
-0.478092462,-1.29970658,-0.504687607,0.148256198,0.155231997,-0.0158924051,-0.368956536,-0.504194975,-0.246281207,-0.0443496928,-0.420561612,-0.043107409,-0.778729856,0.495443642,-0.524264574,-0.551298738
-0.473542541,0.686853647,-0.239653915,-0.266642869,0.190157071,0.15304406,-0.520513177,0.640531719,-0.769467592,-0.080240801,-0.0886240155,0.228696853,-0.0051222574,-0.311633617,-0.928196907,-0.738470972
-0.594236553,0.260937095,-0.266227216,0.908762574,0.0509877205,-0.00529998029,0.150589377,0.0724398866,-0.41247499,-0.130897909,-0.221398622,0.193012685,-0.308739275,-0.296252608,-0.303777009,-0.678584278
-0.444020033,-0.329820067,0.442588896,-0.124991737,-0.425859481,-1.29072475,-0.569159627,0.066128619,-0.266625822,-0.383696705,-0.0680745617,-0.319537729,-0.248145446,0.132311821,-0.0366973318,0.0157533921
-0.474999845,1.20530951,0.120970197,-0.900352716,-0.438447475,0.25887984,-0.265533954,-0.231549039,0.527953923,0.289687783,0.209697276,-0.696288347,0.442017078,-0.746982217,-0.537275374,-0.629213154
-0.625158131,0.377724946,-0.0771934018,-0.607636511,0.348930687,-0.31539157,-0.698309541,-0.152474731,-0.261672288,-0.0214560907,-0.220459595,-0.550196886,0.632646084,-0.246915087,0.803341508,-0.104286253
-1.70403349,0.212716937,-0.743071198,-0.390971839,-0.0943125486,-0.727851212,-0.0931387022,-0.798995793,-0.757505357,0.251225293,0.326505512,-0.80694139,-0.286912918,-0.704345405,0.410075098,-1.54956722
0.133942723,1.13673496,-0.584420204,-0.210821971,0.135846749,0.411502212,0.0672368184,0.306280315,0.101329319,-0.0154951271,-0.873691261,-0.341045052,-0.00217544893,-0.350523621,-0.479304612,-0.50846231
0.128784567,0.127232164,0.00715542957,0.281671315,-0.430063009,0.071457155,-0.395594656,-1.30250716,0.243735969,-0.930127263,0.532156765,-0.0129105207,-0.670545042,-0.128260255,0.0686298683,-0.07616207
-0.220341802,0.0836630315,-0.917423725,0.72644192,-0.161401689,-0.301901072,-0.104242221,-0.539968729,-0.338429838,-0.395492524,0.421370685,0.750067294,-1.21332812,0.286608607,0.0335316956,0.244988367
-0.516659617,-0.664454937,-2.18004203,0.00795443356,-1.72775495,-0.248317093,0.0362669043,-0.115258709,-0.302809328,0.516943395,0.149417847,-0.189442441,-0.0355300419,0.161614329,-0.19295527,-1.92717314
-0.173423856,-0.14615649,-0.328712016,-0.635542333,-1.07114446,-0.370145053,-1.48374796,0.221623585,0.235775873,0.12566565,-0.87925452,0.0154788764,-0.229592785,-0.187430128,0.0631235316,-1.17588651
-0.144457832,-0.265532076,0.482720733,0.0442565493,-1.09769845,-0.368184835,-0.370957792,-0.0451048501,0.482881278,0.0378677472,0.175660521,-0.00800364651,0.0846801847,-1.59831405,-0.786440551,-0.188247785
-0.759244502,0.672856271,-0.206128523,-0.430477858,0.549408853,-0.664201915,0.0718440115,-0.293865323,-0.0341581851,-0.154388681,-0.557936549,-0.512890041,0.0660559833,0.1809728,-0.147630483,-0.404086471
-0.638156831,-0.611587942,1.07134235,-0.239840701,-0.396493196,-0.000968123786,0.535863101,0.572058499,-0.676886082,0.0201076828,0.15336436,1.00280952,-0.299532354,0.812139273,-0.833096683,0.510234416
0.0854952484,-0.0285003446,0.890352666,-1.75722671,0.171836227,-0.0669731796,0.0481200032,0.0435402207,-0.0939205214,0.0989582688,-0.315273881,-0.574308991,0.44263643,-0.253764272,-0.305715233,-1.1355207
-0.184650674,0.221956357,-0.139732018,0.0221128985,0.0852074102,0.449171573,0.100640751,-0.0770532191,-0.0719464272,0.0409189984,-0.764865935,0.154092133,0.270534992,0.0789357871,0.180125952,-1.84259653
-0.557278275,-0.196594656,-0.0971620679,-0.687909722,-0.00639474485,-0.411664695,0.234005511,0.15911667,0.669230044,-0.288561553,-0.279402494,-0.690963328,0.0104542188,0.203236327,-1.17552936,-0.247717604
-0.114746526,0.357857645,-0.613100111,-0.230232432,0.226855129,-0.598506987,-0.281620532,-0.645432889,-0.345057398,-0.440846115,0.0360847674,-0.776733875,-0.736357272,0.665787518,0.191751882,-0.640583992
-0.60752964,-0.0343945324,-0.0197209623,0.300110161,-0.58564961,-0.578930855,-0.331589401,-0.984764934,-0.351716697,-0.638371229,-0.707081914,-2.03396487,-0.121250771,0.45191285,0.164345026,-0.133716613
0.498190314,-0.432421952,0.394825667,-0.138272479,0.0503500402,0.464021981,0.218788818,-0.126085266,-0.586378813,0.113264725,0.492337346,-0.98177737,0.16438964,0.27190727,0.287563711,0.0785957053
0.0727516785,-0.71177423,0.299920917,0.169639379,-0.250117064,0.0675858632,0.225494742,0.0363141075,-0.0698133856,-0.248136103,-0.60891813,-0.887162268,-0.0249194112,0.658648193,0.0256023314,0.273682684
-0.00970012415,0.118040197,-0.634315252,-0.417227685,0.0835403278,-0.357107371,-0.388695151,-0.20375371,-1.06741953,-0.0537168644,0.0600293502,0.374893486,-0.152922347,0.59797138,-0.247939438,0.0766208619
-0.380644143,-0.834093571,-0.422166407,0.109023899,-0.151239023,-0.556869626,-2.00501871,-0.72827071,0.414859354,-0.0939070061,0.382119179,-0.68344593,-0.990332663,-0.808433473,-0.206210911,-0.37292394
0.566777468,0.222220823,0.0318469368,-0.164071128,-0.229799673,0.912802577,-0.511662066,-0.113046482,-0.52695483,-1.62350547,0.0329741463,-0.690896749,0.436371744,-0.286361188,-0.941159666,-0.127017185
0.487400502,-0.339672148,0.131432652,-0.841386795,-0.234843269,-0.928969324,-0.317787498,0.619759619,-0.959755957,0.0563936047,-0.668039203,0.13563475,-0.155278385,0.123397604,0.0570779331,0.264397413
-0.0306752697,-1.16432619,-0.554830134,-0.0639377758,-0.276917636,0.45373702,-0.578607857,-1.48288691,0.308700979,-0.547215343,-0.383860946,0.650687933,0.00545988232,-0.623977363,0.135518223,0.462768763
-0.696655631,-0.154711545,-0.0680856481,-0.614150345,-0.312522709,-0.128879488,-0.297836214,-0.4398036,-0.536535323,0.172475338,-0.511862636,-0.458741903,0.0338733345,-1.51180446,0.880589247,0.347507387
0.21176897,0.0375802033,-0.364166707,-0.85209018,-1.20592809,0.52800554,-0.568260133,-2.48074484,-0.667536378,-0.0162144825,-1.00131428,0.43802923,-0.161226153,0.566807985,1.56603944,-0.0248480737
-0.720991135,-1.0632627,-0.950002253,-0.00938351359,0.341249049,-0.238520697,-0.404194802,-1.70489585,0.301772922,0.187100112,0.287692994,-0.45573312,-0.1894214,-0.324781448,0.250262916,-0.545024514
0.396131545,-0.289381504,-0.495818615,-0.0889448673,0.0780262873,-0.42928046,0.37129885,0.0816837475,0.441249728,0.657637656,-0.258157223,0.0656756759,-0.17110312,-0.454935849,-0.729298949,-0.587007284
0.252528518,0.108177863,-0.126748338,-0.165633649,-1.04139233,-0.345194459,-0.208226278,-0.324441403,-1.56186998,-0.686846077,-1.33064568,0.351482958,-0.297404021,-0.0120435348,0.0884452239,0.533906043
0.137547642,-0.190990344,-0.612028301,0.124667354,-0.0449942574,-0.260962546,0.718972981,-0.023394648,-0.962723672,0.310852349,0.0548853949,-0.0504957177,-0.256599605,0.520426571,0.288118094,0.0531873703
-0.223794878,-0.745293617,-0.240193099,-1.55194247,-0.395319015,0.0538051315,0.580330968,-0.222735628,0.170795172,-0.460990816,0.0948443711,-0.0721580312,-0.340250522,-0.107421428,-1.1304065,-0.105735585
0.762272298,0.3505238,0.605032027,-0.685872018,-0.936114132,0.412704855,-0.592037559,0.371269256,-1.05801058,-0.51374805,-0.103067145,0.264242083,-0.385857493,-1.44544017,0.139897585,0.136777446
0.866404414,-0.405805111,-0.174684674,0.24258332,-0.274854749,-0.357173532,0.871934295,0.0465432368,0.2435489,-0.247492507,0.109135047,-0.378117681,-0.541042984,-0.424787521,-0.0716855004,0.548806429
0.0576937273,0.533154845,-0.276982486,-0.0401401483,-0.327570051,0.419290394,-0.178553566,-0.250982136,0.497368783,0.787553906,-0.781081378,-1.02838194,0.0822837353,-0.443849087,0.359672785,0.009825591
-0.0603854507,-0.586897671,-0.291733146,0.0648581386,-0.412562519,0.301017851,-0.439539373,0.348228633,0.382647336,-1.03106594,-0.0955727175,-0.0876142383,-0.500673115,1.11711287,0.614619553,0.0834200457
-0.139161617,-0.253615588,0.452486604,-0.544961095,-0.479943424,0.596570492,0.0705063865,-0.16824168,-0.471281618,0.245872974,-0.020649774,0.106667697,0.101474077,-1.18320775,-0.49044922,-0.565941572
0.535195649,0.00554328226,-0.105785176,-0.610432386,-0.253296256,-0.20629853,0.0503541827,-0.164160341,-0.437908709,-0.116838992,-0.0522473492,-1.20220077,-0.70010519,0.251628965,-0.175763682,-0.257570863
0.322271138,-0.454126805,0.358761668,0.316846579,0.105579019,0.132115304,-1.96236646,-0.373541355,-0.382300675,0.251829714,0.786426306,-0.731380284,-0.3814255,-0.750848472,-0.235725567,-0.792506337
0.476281822,0.384177476,-0.106030762,0.0733729005,-0.0262139998,0.0837371498,-0.563979924,-0.530041635,0.295751184,-0.660332799,-0.206219047,-1.03664446,-0.198872074,-0.221826762,-0.0545487516,-0.638638139
0.168856055,-0.281834573,0.213316843,1.16194773,0.496016264,0.0936587676,0.0438491851,0.0443722755,0.0822023526,0.83768028,0.22889334,-0.471039355,-0.208505422,-0.00303930813,-0.498482823,0.680270433
0.495982677,0.0127994958,-0.190960601,0.281532317,0.740437508,0.354067832,0.5791803,-0.119890124,-0.213924021,0.741356015,-0.442323714,-0.249384537,-0.084053643,-0.282394737,-0.71474576,0.798848093
0.292198837,-1.08831584,-0.352266192,0.205748066,-0.204569697,-1.01020443,-0.164105818,-0.505174577,-0.197835401,0.271972448,-0.362162977,0.429740608,-0.951992929,0.338335633,-0.338635772,-0.559809029
-0.390141129,0.0152402548,0.363136232,-0.826414526,0.314340502,-0.38039729,-1.45725274,0.630141854,-0.291161507,0.306783199,-0.127779543,0.0271622352,-0.168108061,-1.33303499,-0.133582011,-1.14174771
-0.321003199,-0.248304933,-0.747802913,-0.0653588846,-0.893190682,0.033818543,0.0135993138,-0.225971296,-1.26579022,-0.836007118,0.401400656,-0.372835577,0.286562294,0.166869923,0.196470499,0.817856252
-0.494178116,-0.136601508,-0.0470675491,0.5779199,0.0325150229,-1.23887515,-0.283690661,-0.180532515,-0.375762492,0.387244523,0.0620342083,-0.264645934,-0.989603221,0.127990454,0.518766284,0.413235843
-1.94760072,0.102048732,-0.0191003457,-0.723858833,-3.04654074,-0.953681886,0.30547902,0.212828264,-0.851321161,0.171451628,-0.030889269,0.237498581,0.144364938,-0.557918906,0.463712245,0.150366887
-0.523890972,0.759367466,0.233158737,-0.453424692,0.424036652,-0.108165927,-0.207442299,-0.549382269,0.427536696,0.509721816,-0.195571989,-0.417156339,-0.298326552,0.0922816023,-0.206075683,-0.436999798
0.178381205,-0.115271628,0.548503995,0.207285956,0.361744881,0.60069263,0.386321127,-0.428781837,-0.259418994,-0.901991069,0.0368830524,-0.0340947732,0.151035547,-1.16712141,0.0337351784,0.227435097
0.0165813472,-0.281466395,0.371005297,-0.276957214,-0.328035444,-0.384349793,0.728215933,0.734512568,-0.1178215,-0.74420929,-0.0980531797,-0.569092631,-0.13155131,-0.407484412,-0.180683881,-0.498840839
-1.08163619,-0.833809793,0.238701358,0.413114339,-0.541831136,-0.0208701063,-0.366690129,-0.130623698,-0.453078985,-1.37801325,0.0880841687,0.252373338,-0.482795626,0.0656676069,-2.00304127,0.247059077
-0.967607617,-0.394218564,0.949709415,-0.465448678,0.406949162,-0.0694959238,0.387575328,-0.777803242,0.057507135,-0.811652303,0.502010107,0.00862029847,-0.792640746,-0.726217389,-0.711973011,0.530641198
-0.51279664,0.155332148,-0.255844742,-0.691313267,0.191045254,-0.170123264,-0.0792426839,-0.772246599,0.0835453123,-0.757769048,-0.595512986,-0.198654145,-0.331748486,-0.709693968,0.57921052,0.377759427
-0.24837856,0.147821441,0.0722338557,-0.0310644843,-0.0458756834,-0.806868553,0.455962509,-0.189847767,-0.595330596,-0.0557372496,0.744581759,-0.263932645,-0.0584327504,0.214519665,-0.621167898,0.262852669
-0.283587813,0.606937587,-0.874212921,0.0161295813,-0.0278533362,-0.278577387,-0.370658308,1.00369954,-0.256071478,-0.398422956,0.129080385,-0.144434541,0.527054787,-0.819882095,-0.95007962,0.00371729396
0.61760509,0.669963002,-2.21264982,0.165557399,-0.207959488,-0.566097617,0.0803993493,0.672452509,0.206972554,-0.476773113,0.303056806,-0.791881621,0.0017781835,-0.619235873,-0.213319629,-0.163598955
0.276180923,-0.220965952,0.105204411,-0.491470277,0.116388083,0.244415522,0.429250687,-0.52527535,-0.668402016,-0.348018706,-0.644556344,0.154094487,-0.459644198,-0.73952949,0.23427172,-0.701476157
-0.143068478,-0.116214231,-0.301887989,0.00407615677,0.352343947,-0.053003639,0.0268469863,-0.817065775,-1.56936097,0.600589931,0.0538063385,0.314543307,-0.271471381,0.448400915,-0.556120157,0.155468926
-0.611275554,0.104922138,-1.2374469,0.0260269325,-0.532921016,0.175064325,-1.4608196,0.111892164,0.178003654,0.0581487343,-0.362554461,-0.0679612905,-0.338019639,-0.12400718,0.476621062,-0.63098973
-0.0474581867,-0.10138569,-0.594304681,-0.324233949,-0.5999192,-0.263152301,-0.329286933,-0.719476342,1.03760576,-1.03830564,-1.13841224,-0.653281033,-0.16068998,-0.0482221097,-0.420313865,-0.93185246
-0.879385293,-0.518893659,0.783364356,-0.557557166,-0.222664461,-0.333714306,-0.411392391,0.182288125,-0.655148387,-0.194045901,-0.580749035,-0.0713296086,0.419541121,0.0152094476,0.688459337,-0.383761495
0.237267151,-0.371526986,0.435297072,-0.29353407,-1.40001118,-0.294257849,-1.15062213,-0.287864685,-0.421502084,-0.528937757,0.0635147169,0.0911706463,-0.0523876995,0.426177591,-1.58035696,-0.0504150242
-0.16317977,-0.210862905,-0.735359311,-0.0356479436,-0.164202794,-0.0801949874,-1.02303016,0.0294043235,-0.199249014,-0.49750334,-0.385346681,-0.264558077,0.521826923,-0.337656826,-0.787787139,0.0874784291
-0.131963238,0.303089112,0.255307645,-0.305937588,-1.10050046,-0.23266606,-0.0361249968,-0.311639547,-0.673166454,-0.14304924,-0.314988315,-0.300118417,0.24372828,0.105268128,-0.338936508,-0.538172185
0.00775794499,-0.0116979498,0.308248848,-0.3848885,-0.00747923926,-0.17046757,-1.09469986,-0.199213728,0.0730684474,-0.062059883,0.0447135642,0.0131838471,-0.168180987,0.243953988,-0.37491253,-0.353594303
-0.677495122,0.565521657,-0.344142079,-0.302218914,0.652130246,0.0270538833,0.682952762,-1.28226185,-0.239285186,-0.227300495,0.0116351768,0.589830458,0.0721887052,-0.567794085,-0.795801342,0.0323461592
0.0359738693,-0.179284215,-0.375202,-0.0337122492,-0.308887482,-0.239497691,1.33800232,0.306677282,0.11407619,0.0842283368,-0.609216154,-0.148516759,-0.564442635,0.400212228,-0.456157655,1.26803243
-0.0510674194,0.5362553,-0.57207638,0.05721692,-0.343747675,-0.956186354,-0.168343112,0.19613649,0.0423773564,0.19164288,0.390075356,0.461937487,-1.13512659,-0.520213008,0.403256625,-0.420475453
-0.0861199498,0.924024403,0.369677246,0.00821648166,0.114116013,-0.271974742,-0.279368997,-0.466713607,-0.391407281,-1.54945672,0.174893662,-0.384637237,-0.296521425,-1.02562034,-0.22924912,-0.567241788
0.307254076,-0.0987521261,-0.0200825445,-0.338812888,-0.146607608,-1.30008173,-0.559982002,-0.169134602,-0.741636217,-0.2175778,0.0430103019,0.0934396982,-0.385193437,-0.431996495,0.0166036487,-0.369388252
-0.152772754,-0.196412787,0.171466157,-0.618681192,-0.734481633,-0.0772670433,0.381168485,-0.30119735,-0.127170652,0.230415359,0.265210122,-0.030345846,-0.455837637,0.809550822,-0.231328771,-0.0891239047
-0.336151987,0.714035809,-0.467361033,-0.317532539,-0.349634081,0.201848119,0.0836049169,-0.0603902787,-0.0368742347,-0.135876015,-0.801523328,0.391449869,-0.38512361,-0.229421705,-0.175502419,0.0858096927
-0.430504292,0.00896617211,0.138937056,-0.973506749,0.757844269,0.130692765,-0.00174251106,-0.0513454191,-0.372708917,-0.333771944,0.0768842027,-0.0899544507,-0.324442148,-0.193272471,0.396903515,0.133419052
-0.460919678,-0.0998076126,-0.078719303,0.0557800531,-0.31002751,-0.995802224,-0.348591924,0.294243723,-0.462255955,1.3343873,0.106768474,0.0744134709,0.655366957,0.385080844,-0.456629127,-0.464532912
0.568586469,-0.206700534,-0.0593290851,-0.738090277,0.295445442,-1.82430589,-0.594541013,0.221525759,-0.288080603,-0.981055617,-0.0939117223,0.0548402146,-0.183755547,-0.143834203,-0.285130531,-0.640446067
0.0938895941,0.0211942904,-0.0823568553,0.330859214,-0.351307511,0.550702929,-0.583993733,-0.0107595818,1.03587377,0.16600585,0.365855366,0.167969227,-0.327406734,-0.120400041,-0.141381189,-0.827584982
0.213118091,-0.89902842,0.126902044,-0.240778521,-0.355162323,-0.451222926,-0.333521158,0.097341083,0.748772919,-0.335820526,-0.869268298,0.274269074,-0.614597499,-0.674968302,-1.47695589,-0.389755249
-0.624952435,0.799068153,-0.153473794,0.869928837,-0.42499885,0.377257466,-0.734360337,0.347535551,-0.243039712,-0.383453846,-0.628939509,0.408032954,0.284937292,-0.630014062,0.3163912,-0.611544907
0.215945795,0.248103499,0.162980676,0.730788171,-0.580467224,-0.0441468023,-0.25526318,-0.812002122,-0.67114836,-0.149891913,-0.800528705,-0.262524277,0.478175044,-0.0343245789,-0.166106403,-0.435354859
0.513859451,0.713734388,-0.311398,-0.595248878,-0.168208435,-0.910749733,-0.629847884,-0.146971837,-0.771396458,0.179912522,-0.319526017,-0.356682986,0.65987736,-0.927110434,-0.042461291,0.118976794
-0.590821683,0.462995499,0.636199296,0.0242456608,0.456511825,-1.07533514,-0.695674837,-0.299854964,0.25039804,0.717814922,-0.255628347,-2.72024822,-0.223329127,-0.205294222,-0.221120417,-0.872634351
0.257792741,-0.598338962,0.0817093998,0.632667005,-0.618133783,-0.828768134,0.282924801,-0.0669152811,0.601539373,0.618208289,-0.236091703,0.265117675,-0.391064435,-0.0183698311,-0.549042642,-1.96548831
-0.312310457,0.813673854,-0.668786168,0.119728796,-0.331894308,0.189341664,-0.714431226,-0.698112965,-0.191243708,-0.63531369,-0.428115785,-0.168151617,0.0888546556,-0.801610708,-0.297894061,0.317714363
0.514613092,0.264050454,-0.958334029,-0.0148302764,-0.65964967,-0.383212686,0.730418921,0.0854733363,0.177407339,-0.0504366495,-0.327529073,0.819100559,0.0758232251,-0.41338253,0.0012362795,-0.818244219
-0.0992732644,-0.338105321,-0.317383528,-0.485340118,-0.0198457651,-0.404761404,0.23552388,-0.409493953,-0.330186546,0.156582087,-0.492396563,0.588789999,-0.438930869,-0.719932258,0.598747611,0.122081406
0.411523014,-0.884062707,-0.26564306,-0.24706322,0.193951294,-0.321686983,-0.332900405,-0.383097202,0.132002279,-1.11646783,-0.221623674,-0.816602707,-0.435592115,-0.013095431,0.230598137,-0.271580964
-0.109865546,-0.018538367,-0.527633786,0.368221462,0.084380284,0.199089676,0.606235325,0.0227071643,-0.0711032674,0.409341633,-0.871650755,-0.887669683,0.31567055,-0.316664159,-0.72597605,0.883208692
-0.362808108,0.167110369,-0.370890498,0.27620548,0.300720781,-0.468957663,0.238232389,-0.0872365683,-1.25737715,-0.0693135038,-0.105247758,0.143346444,0.155672416,-0.212833673,0.438029677,-0.324450165
-0.992547452,-0.403291941,-0.772096395,-0.778306484,0.015081984,-0.30121085,0.286970854,-3.31307745,-0.201553941,-0.694398105,0.298575401,-0.444002986,0.0517963432,0.245172828,-1.17403996,-0.304782629
0.961945713,-0.388777137,0.149255872,-0.198669344,0.656155527,-0.0489232801,0.282588959,0.603016734,0.31090793,-0.545992851,0.142692193,-0.241962448,-0.427553684,-0.141908377,-0.767365932,0.102790929
0.961098075,0.183663622,-0.0691506937,-0.568324149,0.101264194,-0.00684511103,-0.871118665,-0.183020979,-1.53546894,-0.288577944,0.055555433,0.193018675,0.0468715169,0.486699283,0.242384836,0.452835232
-0.981360793,-0.515271544,-0.0213664733,-0.157272458,0.241098747,-0.449676037,-0.42003414,-0.524396181,0.409283012,-0.864938915,-0.949112833,0.016111698,0.197035313,-0.680018783,-0.169840962,0.0920376927
0.642326117,-0.179913223,-0.429552883,-0.13083829,0.0411362797,0.346206218,0.301858217,-0.0828791261,-1.71701705,-0.261456221,0.23660329,-0.050194595,-0.248172686,-0.783179641,0.242342114,0.000152211636
-0.119191363,0.0196887143,-0.0860629529,0.35705483,-0.446505874,0.331265271,0.283560127,-0.16045019,-0.0109526999,-0.405487508,-1.20745063,-0.180996805,-0.0441627242,-0.242983803,0.00340014091,-1.19784808
0.106142275,-0.65382421,-1.96473122,-0.159721971,0.384971827,-0.351602793,-0.876725197,-0.0669802427,-0.960113883,0.551484644,0.170144364,-0.521789789,-0.0274698511,0.442037165,-1.27639079,-0.0720790103
-0.261267215,-0.276495904,-0.435511559,-0.270756125,0.440427721,-0.31885615,-0.484102994,-1.01679575,0.0319684707,-0.142763838,-0.762303174,-0.488602161,0.0655060336,-0.351771593,0.0174855813,-0.614865541
-0.0818161815,-0.241287947,0.624565423,-1.19940281,-0.32281515,0.783499479,0.0649454296,-0.81118387,-0.256264001,-0.566075385,-0.644510329,-0.222521424,0.0140315611,0.764509261,-0.194260567,0.00801267102
-0.489184916,-1.12426698,0.760967791,-0.0535865687,0.953970313,-0.0527806208,0.288925201,-0.904227197,0.757881939,-0.959161878,-0.737892449,-0.339716315,0.191677272,0.346403301,-0.292233676,-0.202286556
-0.651571512,-0.403981835,-0.25799489,-0.384591639,-0.0816986784,0.573426783,-0.0645052344,-0.102294728,-0.498167723,-0.257264614,-0.547590375,-0.256942034,-0.106782906,-0.396328211,-0.483867496,-0.187054217
0.117811844,0.135025784,0.453258753,-0.190074876,-0.84423846,0.317107409,-0.263300717,1.22609699,-0.831543744,0.126185462,-0.840128183,0.679372847,-0.579630315,0.221692637,0.0866392404,-0.208447397
-0.524354815,-0.0606601909,-0.24993068,-0.347336859,0.447028458,-1.05776787,0.540826917,-0.217047945,-0.995324075,-0.483499438,-0.502378583,0.0494746119,-0.097628966,-0.52090776,-0.239810497,-0.212664515
-1.39409649,-0.395623147,-0.698720515,-1.00337791,-0.29135111,-1.04485798,-0.256472051,0.549686551,-0.18553476,0.600312471,-1.68638361,-0.0954887569,0.348472655,-0.799124837,0.00292866305,-1.32881284
-0.0688943118,-0.615331769,0.526638508,-0.269852191,0.232236817,-0.196497411,-0.33433941,-0.420990229,-0.203974918,-0.272538006,-0.657483757,-1.52377582,-1.19060647,-0.0336622335,-0.345081598,-1.49820065
-1.24864054,0.053662315,-0.599898577,0.173037112,-0.026793642,-0.430954754,-0.604909658,-0.247412309,0.037204206,-0.456018567,0.138936251,0.490848333,0.395193964,-0.33305639,-1.00831044,0.0598850101
0.243618593,-0.410689801,-0.103358015,-0.210356116,0.201280013,-0.470550358,0.234705403,-0.249116078,0.484783888,-0.260357678,-0.439261645,-0.340919912,-0.175147831,-0.775176585,-0.16730307,0.381185651
-0.579653919,0.0772159472,-0.232071549,0.347421944,0.0902951062,0.51254642,0.410638034,-0.129822269,-0.265941083,0.223102808,0.349405885,0.150198251,0.153658718,0.198015079,-0.0935616642,0.0423257649
0.421643466,0.13936834,-0.0406609401,-0.159308359,-0.0219257772,0.144918069,0.00976408552,-0.345828593,-0.447003245,0.353792489,0.288921475,-0.0311961956,-0.741701961,-0.910744011,-0.342151582,0.417898238
-0.0271154419,0.104508877,-0.351255625,-0.31453532,-0.0200262237,-0.0280673541,-0.397148907,-1.35050488,-0.042379234,0.578626335,0.372085571,-0.0370800123,-0.460138679,-1.9889158,0.65300411,-0.198594302
-0.336721689,-0.450101495,-0.455859184,-0.576805174,-0.00464247819,-0.0641417056,0.736160696,0.0985612199,-0.300392032,-0.302674443,-0.446152121,0.0143069802,-0.682771027,-0.0551144108,-0.23072128,0.111619011
0.0591286719,-0.38303712,0.0363805071,-0.448227793,-0.48891741,-0.63787353,0.959363222,-0.481976867,-1.62172484,-0.0203279629,0.745147705,-0.160343334,-0.0345817059,-0.0717927963,0.0760779008,-0.64065975
-0.605533242,0.0522524491,0.0919945762,0.269781291,-0.105843775,-0.383368164,-0.247963518,0.133845061,0.0903292522,0.625781775,-0.295926183,-0.120461568,-0.367657304,0.334707767,-0.577918947,-0.0847164989
-1.05454385,-0.501893818,-0.143620953,0.103787549,-0.541304886,0.0822585076,0.0308764074,-0.492074966,-0.570156574,-1.58155382,0.201361358,0.712073565,0.353301316,-0.0627139509,0.346468389,-0.605178475
-0.311663091,-0.143251091,-0.261234879,-0.105619371,0.191432282,-0.335954726,0.426965117,0.000811516598,0.415116191,-0.799399793,-0.00311202044,-0.430346906,-1.41715002,0.0860517174,0.0209019072,-0.0016673021
-0.512702346,-0.402951419,0.0125948396,0.150787726,-0.0347265638,0.179393992,-0.0948254988,-1.25188696,-1.40888655,0.163912714,-0.0435755588,-0.323830545,0.327889681,0.147937387,0.0120416256,0.282718986
-0.577846944,-0.814271569,-0.0676426142,-0.562221587,0.344775438,0.016954314,0.268514484,1.0166086,-0.584548235,-0.225335374,0.627606153,0.427861631,-0.602652669,0.102384433,-0.671799958,-1.84325421
-0.0902001262,0.947869658,0.489697427,0.203736678,0.0283006616,-2.23422265,-0.0514331572,-0.376560092,-0.74026674,-0.964923203,-0.524562895,-0.975628138,-1.26883411,0.106101237,-0.575407386,0.392530113
-0.0858206153,-0.584437132,0.168099254,0.159076914,-1.89325857,-0.0355480276,-0.848622739,-0.340512276,0.203506276,0.213712171,0.765838563,-0.417716056,0.26232931,0.352316588,-0.70354414,-0.798373401
-0.46807459,0.353820443,0.416801184,-0.113836892,0.124999672,-0.276245832,0.0396160781,0.418118417,0.0200766642,-0.197127983,0.439789474,-0.256123006,-0.75981909,-0.410042167,0.387325048,-1.11275411
0.570538461,-0.28490147,0.400242865,-0.829448998,-0.88675046,0.00973221473,-0.795161247,-0.132474989,0.150388122,0.357270509,-0.23109822,-0.091255635,-0.537393928,0.00912720338,-0.0270084515,0.363097847
-0.569051027,-0.424221128,-0.168466285,-0.00930321589,0.0168119539,0.0580294728,0.0814010352,-0.124677241,0.161260813,-0.0403173752,-0.288810968,-0.532762587,-0.505573094,0.506362319,0.174844936,-0.0762944445
-0.149325266,-0.137975216,-0.0427562408,0.187429145,1.30335617,-0.770211041,0.246586308,0.0734217912,-0.0168027803,0.455268472,0.690280557,-0.631559134,-0.368738055,0.228034616,-0.498548001,0.853315055
-0.289450049,0.796666205,0.241154939,-1.00464034,-1.56299317,-0.163440987,-0.0491317436,-0.96602273,-0.668127298,-1.29084241,0.336946368,-0.288165957,-0.264862776,-2.42746663,-0.292087823,-0.198249698
-0.044492498,-1.16064417,-0.16287908,-0.0249826387,-0.34624812,0.0629459843,0.19457069,0.17676352,0.288445622,0.0843163729,0.115132198,-1.23007035,-0.978715241,0.130595401,0.13805002,-0.337649405
0.117052369,-0.0290032066,-0.134445086,-0.496564507,0.515793025,-0.068402648,0.21921657,0.615995824,-0.348242193,0.306085885,-0.0227218214,0.279259562,-0.705019355,-0.793826461,-0.686422348,-0.0664523095
-0.332979143,0.473420292,-0.968994796,0.158024758,-1.79468405,1.07150793,0.512263,0.276183158,0.0569912829,0.244092658,-0.032178361,-1.34344113,-0.780741572,-1.03976774,-0.655761838,-0.305007607
-0.610216379,-0.46093151,-0.314250261,-1.17245257,-0.306379676,-0.918915689,0.238919586,-0.453691751,-0.489731044,-0.223583803,0.0251177493,-0.101266235,0.0682191849,-0.281603217,0.801297784,-0.749835491
-0.174542129,0.00833377335,-0.294054747,-0.596305192,-0.0225406718,-0.336856395,-0.00639048591,-0.148748338,-0.639757752,-0.0856555179,-1.20669067,0.205976993,0.190727353,-0.0166810285,0.344895184,1.03085494
0.662287474,0.798188806,0.120395534,0.383706778,0.578962028,0.19110097,-0.0552950799,0.0500712208,0.357402265,-0.394455403,-0.5780949,0.202366859,0.986888885,-0.261022091,0.795683801,-0.259188086
-0.384435087,-1.41938174,0.352124184,-0.595157623,-0.0782417133,-1.19685531,-0.0605100766,0.0657639056,-0.0228716228,0.192462295,-0.0660106838,-0.35698095,0.0949908644,0.496548653,0.693051517,0.0186310038
-0.0187542867,0.206898332,-0.368216902,0.118653655,-0.119266674,-0.428417027,0.381918132,-0.947449148,-0.663908839,-0.117177717,-0.0695587844,0.474337727,0.0703705773,-0.274945647,0.0759410933,-0.234385431
-0.357318908,0.244810104,-0.240943938,0.19405435,0.326274842,0.402283996,0.426934302,0.158636555,-0.607686281,-0.66909343,-0.609036922,0.51344651,-0.331029534,0.239434302,-0.291385591,-0.208729804
0.295266122,-0.507696271,-0.0809631646,0.386955172,0.44833228,0.0645347312,0.0950800776,0.166216582,-0.402517378,0.169198722,-0.151567638,-0.267128617,-0.348070711,-0.238174796,-0.472987264,-1.48170996
-0.145973936,-0.0722471774,0.195247829,0.239269122,0.0523424484,-0.253402621,-0.0372293703,0.104583874,-0.488671929,-0.0809681043,0.156084657,-1.20391703,0.650811732,-0.606939614,-0.0996250734,-0.0267547444
0.3940579,-0.0901463106,0.0304542296,0.457994372,-0.226080656,0.472587138,-0.0333885774,-0.317369461,0.0757599175,0.928352773,-1.3047682,-0.455197841,-0.294450104,-0.779806674,0.44500494,0.0195261687
-0.207886726,0.437458843,-0.660278499,-0.0933085755,0.407797456,-0.387568742,0.0562768951,0.254001737,-0.4870902,-1.4759537,-1.12606239,0.284157157,0.63579309,0.343405813,-0.278235376,-1.36008346
0.461405456,-1.03507936,-1.48886347,-0.107997127,-0.190028012,-0.242224485,-0.0400034413,0.218491375,0.182286724,0.590808809,-0.0415321738,-0.560398757,0.145288616,0.54933387,-0.411459327,-0.147364303
0.551479042,0.0398251414,-0.160663784,-0.0979076326,-0.0822908729,-0.435729682,-0.0697868913,-0.0877950713,-0.231229976,-0.662795007,-0.452056199,0.416043937,-0.775761187,-0.376088053,-0.116962068,-0.166556239
0.0654490069,-0.371760547,-0.443561077,-0.0747833997,0.0175434109,-0.0281676315,0.490452677,-0.911127031,-1.110358,-0.0476263911,-0.0345892012,-1.12005365,0.496756434,-0.973026693,0.356485218,0.533189893
0.198580772,0.540755332,-0.381689698,-0.111438885,0.0562912375,-0.289811462,-0.616742015,-0.39168191,-0.162766755,-0.181091696,-0.596515179,-0.371911317,0.384804428,-0.154291824,-0.379130632,-0.500782847
0.357660204,0.173043177,0.0733844787,0.510581911,-0.130323485,-0.209930211,-0.322226912,-1.49586093,-0.993088126,0.161907747,-1.40679526,0.058182478,-2.06230907e-05,-0.608944654,0.733281672,-0.124028102
-0.370712072,0.137451664,-0.825772583,-0.236553535,-0.515339732,-1.00542641,-0.610097468,0.550138056,-0.54023391,0.0362645425,0.290601701,-0.567863166,-0.162410527,0.188496947,0.0623810589,0.245750666
-0.20078975,-0.129057929,-0.39106071,-1.72180927,-0.432993442,-0.596233845,0.298991591,-0.60190165,-1.25476968,-1.34692991,-0.776064992,0.0272427388,-0.00309401099,-0.8170802,0.0975340754,-0.129369885
-0.0769011378,-0.426603258,-0.122163013,-0.709780991,-0.166964144,-0.220822006,0.0309833847,-0.604013979,0.441963464,0.713413239,-1.17025805,-1.37182009,0.0314446129,-0.135027304,0.097084403,-0.673917115
0.0669899136,-0.221163541,-0.0660671741,0.882010758,-0.346458912,-0.116930842,-0.0921100527,-0.57590133,-0.818904638,-0.150447652,-0.509975135,-0.623508751,-0.171349898,-0.510104656,-0.173089892,-0.491972923
0.511444867,0.246569008,0.16865778,0.319585979,-0.370332301,-0.668341696,0.0967490152,-0.261043876,-0.550814509,-0.516563654,0.629556954,-0.134262457,-0.154478878,-0.818618536,-0.853697121,-0.0304130949
0.112039164,-0.0578744747,-0.264378607,-0.0794144869,-0.0795218423,0.405356407,-0.00689091906,-0.969639659,-0.115471587,-0.106492311,0.601833463,-0.533715844,0.348484188,0.0495215952,-0.908217669,-0.447501391
-0.831849039,-0.923153996,-0.101554319,-0.341689587,-0.653025448,0.186152428,0.556874812,-0.899230778,-1.12757707,-0.270008951,0.172749102,-0.117545173,-0.154227927,-1.50560594,-0.851930618,0.129692838
-0.0931221172,-0.274439186,-0.491160989,-1.15338922,-0.293304592,-0.447827637,-0.431076914,0.146884114,-0.371422827,-0.171095401,-0.203480154,0.300901383,0.516772866,0.204741597,-0.326922446,0.0186826959
-0.694915295,-0.60633868,0.0378844365,-1.40726411,-0.235392332,-0.301673979,-0.425495028,-0.106599055,-1.90081084,0.285744905,0.710788667,-0.303869456,-0.0617701113,-0.0182530489,-0.638664246,0.827958345
-0.316483289,-0.0217189156,0.589611053,-0.388988256,-0.0701547191,-0.280788332,-0.115967609,-0.583611608,-0.402504295,-0.309573799,0.2924698,-0.124859989,-0.541920304,-0.269012958,-0.449415028,-0.279580891
0.54779613,0.383349031,-0.786664069,0.256473184,-0.251678973,0.0487522185,-0.257914633,-0.160939783,-0.0417686142,-0.343960106,0.53313148,-0.100398593,0.14223662,-1.02056742,-0.06929297,-0.406796306
-0.188049331,0.46693933,-0.386029184,-2.26329684,-1.48631358,-0.516894639,-1.78502202,-0.147662729,0.251620531,-0.313776433,0.0107648037,0.213923126,1.43031931,-0.922174573,-0.125002891,-0.342464209
0.0811388791,-0.746903598,0.511109471,0.311398447,0.100541778,1.23838317,-0.443145305,-0.159486666,0.0591970347,-0.212624043,-0.635853291,-1.21752846,-0.703298271,-1.22530949,-0.396987915,-0.272391558
-0.278630853,0.225581869,0.22074841,0.313095123,-1.4263339,-0.765033066,-0.24235867,-0.267748803,-0.156847656,-0.224319205,-1.21885002,-0.14836216,0.127117038,0.131095856,0.509741724,-0.0534695238
-0.709287941,0.836708665,-0.281627536,-2.25793386,0.373343408,0.438177496,-1.40888834,0.728711665,-0.358032703,-0.033391133,-0.339935929,0.138566315,-0.769602001,0.05719354,-0.609209776,-0.203157589
-1.01642919,0.0483345352,-0.711969733,-0.225176796,1.69854611e-05,-1.99291265,-0.772507548,-0.105255641,-0.229883596,-0.487105638,0.0457389541,-0.316625953,-0.405590951,0.750107169,-0.640141547,0.311872363
0.186634451,0.536443114,0.173094511,-0.510961771,-0.992536068,-0.81801486,0.172023043,0.584913015,0.0506208837,-0.373394638,0.046099335,-0.0836710185,-0.154218584,-0.829898477,-0.176462099,-0.319091767
-0.205814958,0.304494619,-0.84167248,-0.290082395,-0.0714800805,0.0260112137,0.0649768859,0.32243675,-0.349772483,0.646720231,-0.307543486,0.0674663708,-0.0478766672,0.236195356,-0.411286682,-0.0289993454
-0.125998184,-0.138421878,-0.346555471,-0.661914945,-0.123104125,-0.452065378,-1.18143678,0.0940308198,-0.405846357,-0.132421881,-0.972442031,1.39147246,-0.747584581,0.115265071,0.60659945,0.104657911
-0.467930675,-0.79979986,-0.515242398,-0.551443517,-0.48402372,-0.345380366,-0.135041416,0.0501455292,-0.312818438,-0.64714247,-0.451381028,0.166070834,0.0349228717,-0.910420597,-0.508039892,0.506975353
0.275459081,-0.153123587,-0.0110294605,-0.148726553,-0.0415617116,-0.422463506,-0.35694474,0.444800973,0.345741361,-0.174708679,-0.417240113,0.229692042,-0.0280379523,0.0626415536,-0.366824239,0.0119011281
0.299450576,-0.153425485,-0.0528016835,-1.58933508,0.602279782,-0.397078216,0.749061882,0.424886107,0.311147362,-0.0454024188,0.362694919,-0.381311953,-1.11543965,0.165856034,0.644338846,0.0419685692
-2.20357108,0.00748529658,-1.47195542,-0.187063605,-0.358770221,-0.30492264,-0.436073661,0.140930623,-1.23674214,0.384271026,-0.166558579,-0.0486829393,0.42889902,-0.438775122,0.251960784,-0.505562723
0.761755228,-0.235044986,-0.769106269,0.222658098,-1.33364975,0.566518009,-0.222980976,1.26691449,-1.01667809,-0.138005257,-0.089714691,0.421159506,0.410573006,0.0201567151,-0.898448527,-0.0133109549
-0.441130012,-0.147744611,0.117980629,0.105206177,0.214322388,0.216594875,0.661791086,0.0442846343,0.21617654,-0.442648739,0.0275352877,-0.833371878,-1.25394547,-0.0991795436,-0.404367447,-0.300950974
0.296716362,-0.287418306,0.157836407,-0.765659034,-0.363176703,-0.0164677799,-0.0354068764,-0.278755546,0.214519635,-0.106299311,-0.264127165,0.126750976,-0.101027258,-0.473574013,-0.0221513361,-0.484430075
-0.285418957,-0.389800817,-1.28087354,-0.577840984,-0.253252804,0.196640939,0.0551575869,0.660621941,0.00905709155,-1.61607838,-0.275693178,-0.054214593,-0.5888924,0.151912242,-0.155288771,-3.26260161
-0.0001411126,0.115990341,-1.09434199,0.453990132,-1.07884407,0.0401380137,0.306854218,0.118620269,0.11679969,-0.777777851,-0.230695575,-0.707805932,0.163013801,-1.72969401,-0.420702487,0.549660265
0.117185377,-0.0259022564,1.02470779,0.592235506,-0.51809442,-1.3327198,-0.198951647,1.01168764,-0.140770912,0.706541896,0.49733445,-0.260135353,-0.266092688,-0.281559378,0.596703708,-0.127811998
0.27481088,-0.778893232,-0.147899747,-0.0637959614,-0.0830794647,-0.682996392,-0.169901431,0.132230878,0.321995407,0.098291114,-0.0357000902,-0.152165964,0.36699754,-0.462795883,0.191270664,-0.318086267
-0.00950628519,-0.310172439,0.0759420097,-0.0295173824,0.309232891,-0.382604629,-0.337278813,1.37994039,-0.219942272,-0.398757935,-0.101534627,-0.45608151,-0.131075546,-0.0944855958,-0.180755764,-0.5390082
-0.314542115,-0.595381796,-0.307061672,0.219002366,-0.261996865,-0.0246313401,-0.479619443,-0.827905238,-0.781796038,0.551849663,0.0184590854,0.0650666431,0.00833154377,0.277322024,-0.193245605,-0.489889026
0.38235569,0.480732352,-0.311931759,-0.928489327,0.176234052,0.259335995,-0.324809909,-0.529812753,-0.753258049,-0.165133834,-0.525998175,-0.40711534,-0.307078212,-0.806732893,0.057793133,-0.233356208
-0.211606666,-0.710335612,-0.855316222,-0.563730359,-0.314125508,0.0774038211,0.476472855,-0.490364969,-0.614865363,0.749492526,-0.445801675,-0.817662418,-0.0600669794,0.559885323,-0.268227518,-0.121689349
0.719379544,0.134282261,-1.10051775,-0.35233444,0.373952866,0.073125869,0.338319063,-1.73568177,0.290314555,-0.635166109,0.0774893761,-0.483283758,-0.471525609,0.375052273,0.0939013734,-0.0844309255
-1.02089322,0.555106163,-0.038233187,0.309618354,-0.0490582474,-0.506746352,-0.556594431,-0.351789474,0.561282873,-0.735227525,-0.0306988358,0.356126934,0.0930327997,-0.777839661,-0.0268408507,-0.332172066
-0.18136479,0.00981824286,-0.426991403,0.479838878,-0.737089753,-0.121558785,-0.156102553,-0.598749816,0.184513956,-0.127303079,0.601180136,0.078086324,0.0360004753,-1.30123353,-0.293941706,-0.317714781
-0.938880742,0.0548932105,-0.432640195,-0.180240586,-0.571358144,0.00590218231,0.292690605,0.720548689,0.411609054,-0.348392934,-1.3724556,-0.189691111,0.00315609947,0.261596948,-0.938709378,-1.02257252
-0.887051344,-0.131218508,-0.261455148,0.259363979,-1.14634526,-0.191642329,-2.91460228,-0.670100331,-0.616265118,-0.291238487,-0.0789728984,-0.393553197,-1.47466969,-0.18599759,-0.286368161,0.0363783948
-0.40785861,-0.527591348,0.556604862,-0.109861687,-0.634795368,-0.401198596,0.638538361,-0.0383390822,-0.451711208,-0.494517803,0.702907979,-0.632034004,-0.026883848,-0.298956901,-0.77567637,-0.105645239
-0.0962699354,-0.285387278,-0.0684083849,0.646203279,-0.122459345,-0.431769103,-0.361437947,-0.264100969,-0.368215799,0.305063933,0.291638106,-0.806953609,-0.719718933,-0.263680577,-0.67549175,-0.255191535
0.00783887878,-0.46414575,-0.0862220377,-0.202267334,-0.684939444,0.0374099091,-0.313760936,-0.568154514,-0.129763424,0.159054905,0.0132473214,-0.256561399,0.146726057,-0.257964015,0.773787379,0.553663969
-0.266627222,0.189723969,0.375967056,-0.0951232687,0.0557606444,-0.880069613,0.141379982,0.00524557941,-0.485634714,-0.157728985,-0.917841017,-0.174027368,0.649825692,-0.956888318,-0.0511944219,-0.153082699
-0.226532549,0.314629942,-0.503669977,0.368619829,-0.380257547,0.588735104,0.201365292,0.405796885,-0.294773966,0.636448205,-0.982132494,-0.99636519,-0.323771358,0.318579257,0.018863041,0.0288000163
-0.0665453076,-0.269792497,0.478933364,0.171651602,0.128172144,0.330093801,0.119536445,-0.389637798,-0.111050576,-0.485487282,-0.279747784,0.144509107,-0.135072619,-0.0641099885,0.790263116,-0.249929011
0.0431545116,0.0263111629,-0.566165984,1.03999329,-0.268745452,-0.326662213,-0.0292621776,0.251597971,-0.566718698,-0.0688163936,-0.143197685,-0.00775978714,0.174699947,0.0608776398,0.216485962,0.0289471298
-0.393381417,-1.04452753,1.29412723,-0.0364482068,-0.606589198,-0.438740343,0.353383213,0.125430107,-0.129931018,0.609777331,-0.150569156,-0.0796898156,0.17793034,0.412262261,-0.441676706,-0.371741802
0.0286865719,0.437349081,-0.4023076,0.0441822372,-0.773654401,-0.183244377,-0.30885306,-0.536258399,0.0320205912,0.0912006944,0.239856943,0.0499398671,-0.295964062,0.38552022,-0.685286939,-0.263681889
0.279687524,-0.332660347,-0.829943001,0.595369637,0.902914941,0.287497789,0.289831549,-0.487557262,0.404714227,0.0323095843,0.107824363,0.0655139536,-0.498698831,0.326715529,-0.27085188,-0.56555903
-0.192457601,-0.468404114,0.431025386,0.195231706,-0.85126251,0.025644036,-0.254818469,0.498631626,0.383357853,0.0801411644,0.028550392,0.110535257,-0.141676545,0.105828449,-0.314386308,-0.0536494032
0.310976386,-0.208651766,0.0467956364,-0.255397022,0.515406966,-0.0995180979,-0.916286349,-0.391933352,0.107865572,0.601334393,-0.586994588,0.188603178,0.46931982,-0.197059035,-0.0291964654,-0.184113875
-0.227478519,0.0290661827,-0.127774626,0.342082113,0.0299606808,-0.752589762,-0.284042835,-0.421724945,-0.171927869,-0.259268463,0.695876837,-0.551390767,-0.162078306,-0.113230549,-0.404707313,-0.798024535
0.0303867962,-0.214111969,-0.281127721,0.661233127,0.449141443,-0.0620495304,0.272801846,-0.503151238,-0.0751034319,0.642879546,-0.685378134,0.479261786,0.456595182,0.205566645,0.0393866859,0.33927992
-0.596804857,-0.709990382,-0.0205581933,-0.603153467,-0.298271596,-0.0470952913,-1.49610484,-0.46515733,0.669269383,0.0668767765,0.154992476,-0.53338778,0.522214055,0.255428851,-2.29342055,0.105174728
-0.549584627,-0.362058669,-1.16573954,0.300434262,-0.100066565,-0.35067293,0.149479419,-0.117836468,-0.690978944,0.582196593,-0.026942106,0.603204072,-0.528318822,0.50599879,-0.270800263,0.144311696
0.204596102,-1.47054911,-1.05024779,0.1334216,-0.132065147,-0.486526161,0.0746522024,-0.0871177465,0.494253159,-1.27842128,0.461058378,-0.0815621167,0.431364566,-0.472258538,-0.587507188,-0.510888517
-0.628624797,0.419432342,0.0654001981,-0.161808297,-0.249744609,-0.524900675,-0.828821301,0.385139197,-0.784260213,-0.160968885,-0.194968566,-0.868672431,0.187805057,-0.0735671595,-0.146473408,-0.153987393
-0.545606792,0.272040486,-0.132545963,-0.134809345,0.0386589393,0.329659849,-0.112201266,0.316166848,-0.263202399,0.338762164,-0.055468712,-0.153180465,0.167925552,-0.245294094,-0.221439809,-0.367126107
-0.211888403,-0.259743303,-1.70050943,-0.458228797,0.294667542,-0.0209329575,-0.286034971,0.386225462,-0.923413575,-0.300109148,0.10393963,0.270358473,-0.201344743,-0.559081495,-0.136029258,-0.124610208
-0.0852708146,0.742314219,0.290232122,0.416934341,-0.239388883,-0.710765004,-0.461990803,-0.260894775,-0.871137559,0.323156625,-0.0697948113,-0.0372211188,0.251808077,-1.27133453,-0.102137886,0.884803236
0.497515112,-0.0524887294,0.035215646,0.234914333,-0.693970084,0.647921205,-0.333751887,-0.108322658,1.4406122,-0.543465972,0.941926837,0.0314938203,-0.678321481,-0.0897125527,-0.376991302,-0.456146508
-0.222028285,-0.478890181,-0.49869436,-0.634624004,-0.0497465208,0.253514588,-0.195490554,-0.313290864,-0.672795177,-0.580879211,-0.80888021,0.0658423454,-0.356756359,-0.395764232,-0.66171515,0.00724760303
0.0494881794,0.0494374633,-0.592065811,-0.15939188,-0.199499786,-0.869536519,-1.31718075,0.228308275,-0.136424094,-0.473840207,0.0676197261,-0.478491306,-0.266672045,-0.0149747711,-0.58543998,-0.226518333
0.243899882,-0.468598306,0.0496215858,0.793797135,0.171173528,0.35888055,-0.906579375,-0.0853960961,0.274381399,-0.253451347,-0.114228711,-0.729276776,-0.466250658,0.210890159,0.0784039944,0.315724939
-0.0694129765,-0.698551834,-0.141603231,-0.684002399,0.107469536,-0.148882791,0.246368334,-0.904821932,-0.391354144,0.10535913,0.393452346,-1.77961719,-0.113388382,0.0779984593,0.350331724,-2.02037001
0.0747837648,0.519658566,-0.75549531,0.53842175,0.0412749574,0.234259561,-0.732596636,-0.347611636,-0.290128857,0.0370759964,0.188170791,0.351798266,0.0822809786,-0.501811504,0.199384913,0.132354751
-0.792966485,-0.626323283,-0.181408301,0.099231109,0.0376063175,-0.681493044,0.0895466134,-0.856878698,-0.590915084,-0.358518094,0.226307347,0.430733114,-0.491811872,0.263430566,0.388135344,-0.52080214
0.382653743,0.167714402,-0.621970117,-0.623358607,-0.225911155,0.336362094,0.193295717,-0.729600489,-0.869313955,-1.96770477,0.141580656,0.282685041,-0.130231008,-0.797227144,-2.29998565,-0.137649894
-0.497276962,-0.114861026,0.584980488,-0.299119443,0.396512091,-0.656817317,-0.10761109,0.329520047,-0.282594919,-0.223791435,0.737654984,0.000716644339,0.0862885416,0.285014868,-1.28167009,-0.783645749
-0.209123731,-0.492500126,-0.0260727499,-1.22209442,-0.362237811,0.484290689,0.64362812,0.538033068,0.0553861111,0.14071317,-0.778686166,0.287898302,0.254059881,0.342232585,0.0205317009,-0.627038658
-0.729593873,-0.230973095,-0.249883354,-0.733697712,0.331976533,-0.0154773528,-0.0639404207,0.257683963,0.0337287523,-0.331784636,-0.237483919,-0.0958162695,-1.49044132,-0.187120259,-0.536111951,-0.980903387
-0.645614386,0.0215242729,-0.713320017,0.224221736,0.365836829,0.19645524,0.135351837,0.62744987,0.394437581,0.574694991,0.116513707,-0.187043533,-0.250582993,-0.669672072,-0.0403099433,-1.71829391
-0.652275264,-0.500027895,-0.790560365,-0.34706077,0.6238814,-0.121165626,-0.533050358,-0.353497177,0.180077553,-0.509800494,0.560682237,-0.51814878,-0.501663923,0.36650762,0.0351234376,0.530073881
-0.523873448,-0.189429685,-0.0325176343,-0.0895771757,-0.0263476726,0.0883565471,0.108322807,-1.33810997,0.55190891,0.682638586,-1.34826434,0.0321753509,0.404895574,-0.683328748,-0.179026201,-0.407126188
-0.215642512,0.452652901,-0.593873203,0.0384746641,0.420981735,0.397689998,-0.236969799,0.094350405,-0.286761016,-0.291870862,-0.180886954,0.321499974,-0.752080858,-0.0993418247,-0.0563413948,0.420219421
0.287151277,-0.241522476,-2.94242764,0.720881283,0.157549009,-0.295409977,0.0937996209,-0.463589609,-0.0645993873,-0.48812905,-0.978469908,0.298084289,-0.178718537,-0.0360539854,0.168352872,-0.262285888
0.426441193,-0.499873966,-1.34660578,0.340179712,-1.13019514,-0.248966739,0.235811934,-0.106797233,0.0564228483,-0.531214297,-0.264789164,0.24046661,-0.694436431,-0.51383853,0.0298283566,0.486845821
0.532726228,0.489083797,-0.220860884,-0.0179212689,-0.14816764,-0.0812711865,0.204356894,0.904863894,-0.704380572,0.0497072637,-0.97635746,-0.676276684,-0.140411213,-0.315747708,-0.166596979,-0.593484879
-0.25104171,0.596115828,-0.579464555,0.0984610394,-0.918926001,-0.332626939,-0.489301652,-0.416786492,0.000421888428,-0.510565102,-1.41300738,-0.474545717,-0.971000314,-0.751397252,-0.40102309,-0.539964855
-0.506883383,-0.336507976,0.807158053,-0.374593019,-0.718938529,-1.22598374,-0.268120497,-2.05897331,0.252631485,0.285040706,-0.35602954,-0.535306871,0.0329224654,0.527089775,-0.172994047,0.00247625727
-0.294131428,-0.223470643,-0.446522325,-0.273062736,-0.0230435431,-0.643925965,-0.309838712,-1.0693357,-0.275977135,0.181217998,0.275911152,0.450973988,-0.901789665,-0.328938752,-0.779055536,-0.873273909
-0.268674821,-0.871241331,0.492905825,-0.317616105,0.404249549,0.266062528,0.350378424,-0.220974311,0.523302019,0.5263322,0.35195443,-0.0473584048,-0.250455856,0.0984962806,0.27565214,0.697182775
-0.149057001,-0.257011503,0.053607177,-0.564322412,-0.314931482,0.052337192,-0.128825068,-0.320868969,0.544988394,-0.14247337,0.0784436762,-0.217285797,-0.748358965,0.394456029,-0.9573704,-1.14204979
-0.920416176,0.225504383,-0.19145605,0.466320843,0.538608611,0.127212986,0.616776049,0.167417109,-0.681518018,-0.176669627,0.201048419,-0.0588838719,-0.910899878,-0.252595156,-1.04642868,-0.284290284
-0.11687398,0.242354527,-0.96401149,0.426494032,0.771253288,0.479429096,-0.00481855823,0.40857175,-0.265841663,0.174871042,-0.541462064,-0.102665246,-0.0995362401,-0.133869961,0.133670509,0.633385956
0.523491859,-0.367250681,-0.121940568,-0.250357091,-0.393636614,-1.23673403,-0.22476992,-0.125576943,-0.284210652,0.205627561,-0.340207815,-0.429861546,0.217189297,-0.295043647,0.105552018,0.373328209
-0.0707722977,-0.85347271,0.0785407349,0.368058354,-0.0836946219,-0.000287473202,-0.139389217,0.392012775,-0.367883116,-0.552329481,0.339692265,-0.420443892,-0.166491628,0.387023956,-0.475342572,0.712187588
1.06527162,-0.813756168,0.558146179,0.58386302,-0.803939044,0.000711832196,-1.33796954,0.314051181,-0.109853871,0.903615952,0.339745343,-0.805451334,-0.490979612,-0.0189001169,0.265234709,-0.796892345
0.0455655307,0.40178439,0.0260284804,0.380096287,0.111317307,0.122792013,-0.0401765555,0.0618594848,-0.64982295,0.097130537,-1.81251943,-0.209216624,-0.371188909,-0.100848898,0.199964821,0.0519737229
-0.0548972376,-0.331942558,0.127557471,0.193413734,-0.404411077,-0.611770034,0.441356808,-0.676952481,0.341509223,-0.798828423,0.15060626,0.666358471,-0.760547698,0.2229231,0.228286982,-0.110133097
-1.83637989,-0.129254237,-1.02103138,-0.10101793,-1.05283427,-1.89444351,-0.791599274,-0.294678539,0.300396264,-0.636311293,0.0662430376,-0.889307439,-0.910462856,-0.0130987307,-1.38793039,0.169118479
0.183391422,-0.44385922,0.0753925815,-0.445413411,-0.439222693,0.089630805,-1.59757864,-0.722144425,0.299082518,-0.311971992,-0.261524439,0.245176807,-0.339610606,0.181796327,0.293333977,0.621631503
0.0279497337,0.114295237,-1.00965071,0.413716227,-2.23354912,-0.499004066,-0.19766362,0.388014257,-0.189203903,-0.0311266147,0.444443077,-0.0966542885,-1.63818967,-0.18281287,-0.528499424,0.030274611
-0.116535813,0.425237447,-0.487535954,-0.0376696475,-0.0710729808,0.36836797,0.705948472,0.032256972,1.30689025,0.0336516276,-0.507371008,0.0836921632,0.166320756,0.230696306,0.588448346,0.419594556
-0.467515975,0.711903751,-0.495046377,0.389361471,0.416351467,0.163805977,-0.719599128,0.217191905,-0.650389135,0.176318511,-0.450872242,-0.436390191,0.250063568,0.176524132,-0.593362331,-0.805968463
-1.06520426,-0.124856979,-0.59818387,0.135108367,0.201435953,-0.140143648,-0.175744757,-0.771833897,-0.0752558708,-0.152600124,-0.0184759069,0.600967884,-0.372997046,-0.421323895,-0.303390592,-0.0998222232
-0.150027022,-0.309984475,-0.212355167,-0.218960375,-0.613170624,-0.149886698,-0.952839255,-0.493105769,-0.654310048,-0.748385608,-0.548471391,-0.397883832,-0.0794970244,0.343118578,0.849050283,0.241542906
0.507417738,-0.111381255,-0.289459795,-0.083641924,-0.228043616,0.149447501,0.264787644,0.249726117,0.407494724,0.677224576,0.240998626,0.047270529,-0.0280777197,0.345913112,0.0824249983,-0.731932163
-0.434995621,-0.115395337,-0.258955508,-0.422492832,-0.672896385,-0.414938301,-0.00064927747,0.0577602163,-0.601189673,-0.0133477394,-0.787916899,-1.28869283,0.152200669,-0.36671561,-0.118392184,-0.761977851
-0.899399281,-0.594712436,0.636436462,-0.0988931358,0.112316631,-0.358576328,-0.218152866,-0.409125328,0.175974116,0.288933337,0.340073377,-0.344306201,-0.663844943,0.331110656,-0.0720765889,-0.645116746
-2.30272198,-0.384046137,-0.332881659,-0.825862408,-0.299524844,-0.214535803,0.279622346,0.0607545897,0.264171869,-1.37128687,-0.258533537,0.456106395,0.0221950673,0.71793288,-0.00220676046,0.784467041
-0.632145286,0.865831733,0.0901859179,-0.000592901371,-0.423058748,0.385864407,-1.52044058,-0.00881680101,0.0189386439,-0.650673628,0.951941609,-1.02569008,-0.0284170024,-0.409769893,0.503899634,-0.141922489
-0.961272299,0.45573926,0.142014295,-0.782708406,-0.459179044,0.436579347,0.259509921,-0.827858269,-0.632336855,-0.150081411,0.196023464,-0.19191134,-1.27708864,-0.0168853495,0.191948816,-0.0248620957
-1.09347296,0.643088818,-0.759537637,-0.207475558,-0.0688345805,-0.0539363176,-0.150131583,-0.992514014,-0.267433792,-0.739408135,-0.693294942,-0.647287965,-0.361340702,-0.264490694,-0.541829526,-1.80362153
-1.04924583,-0.279005051,0.31062746,-0.257758677,-0.809502959,0.375596702,-0.169787541,0.232982814,-0.357402742,-0.604316652,-0.0710786879,1.36000776,0.00926499069,-0.615276277,-0.0103748459,0.161145881
-0.696832776,-0.511306167,0.11528261,-0.363540024,-0.19137466,0.443428695,0.368497401,-0.0563353859,-0.718905568,-0.550269544,-0.127961457,0.00610197894,0.1818728,-0.127608046,-1.52440858,-1.10535252
0.193523258,-0.612072289,0.383429945,0.84247905,0.214527011,-0.0973564088,-1.54784226,0.196561068,-0.261825144,-0.526542842,0.513077497,-0.431002706,0.224433184,0.436903805,-0.403561532,-0.325792432
-0.880920053,0.999163568,-2.31060719,-0.239078537,-0.0641412735,-0.49056676,0.258630484,-0.338979751,0.00525285397,-0.727580965,-0.109472714,-0.295447767,0.0360471718,-0.849184752,0.0790801868,-0.811617613
0.502180576,-0.176203355,-0.280788571,-1.00704741,0.0532672405,-0.314204276,-0.0380610935,0.51352495,0.169852749,-0.22010687,0.0622360334,-0.315040469,-0.257351995,-0.107875228,-0.62206614,0.275765955
0.172298163,-0.177507877,-0.447949708,-0.0923877135,0.141181603,0.151081651,0.0377317816,-0.011548141,-0.73332417,1.28170025,0.0178229883,0.18376261,0.053486824,0.0803484246,0.950219095,-0.474698275
0.112762377,0.114256196,-0.278852224,-0.49712038,-0.685833275,0.286624104,-0.235506281,-0.757398307,-0.615523994,0.081132561,-0.188127145,-0.437375247,-0.156876251,-0.0852665901,0.0856514052,-0.545658469
-1.48187137,0.210042283,-0.280195951,-0.251727939,-0.482602268,-0.0581191368,-0.436398238,-0.140365809,0.122443721,0.305395693,-0.46354416,-0.162419438,-0.392919898,0.0726903304,-0.9419294,-0.445776433
0.167613685,-0.361581653,-0.564901471,0.216751754,-0.842140555,-2.15402961,-0.358485937,-0.394937545,-0.0852421001,-0.292150885,0.498410583,0.0853237957,-0.582255602,-0.247670934,0.00070282165,0.434097499
-0.197052181,-0.364212811,-0.444602728,0.4712843,-0.221659362,-0.437788188,-0.816897929,0.354708821,1.20718801,-0.241218388,-0.386087894,-0.896609545,-0.693708837,-0.570891857,-0.149316579,0.301902622
0.491878241,0.0273416042,-0.131321594,-0.255992085,-0.197479367,0.131572962,0.0195796564,-0.12567842,0.298312873,0.198234409,-0.206474051,0.237523198,0.798435152,-0.974224985,-2.01528788,-0.308171898
0.187619418,0.514603734,-0.836633563,-0.332636923,0.332633108,-0.863444746,-0.459077686,0.238074869,0.11594297,-0.807933807,0.133092344,-0.0542069823,-0.891739964,0.244767457,-2.2456913,-0.320258796
-0.777693272,-0.647711754,-0.151095569,-0.145166546,-1.33317506,-0.203898072,-0.914752126,-0.0755293816,-0.0396952406,-0.45476079,0.341767758,0.0370416269,-0.38141349,0.137740985,-0.210829809,-0.749811649
0.325566918,-0.447784305,0.326582313,-0.0303291045,-0.79370296,0.2934075,-0.0870870501,0.0138192028,0.433754444,0.058586821,-0.131143361,0.196904838,-0.189152509,0.233719394,0.132879317,0.204736575
-0.75877279,-0.120324865,-0.578338265,-0.135634169,0.365004778,-1.43410873,-0.666734517,0.620386004,0.0106512345,-0.800614893,-0.332885712,-0.578974128,-0.976320803,-0.819670737,-0.605205774,0.621852994
-0.363070577,0.0993712023,-0.546443582,-0.493008792,-0.0369000807,-0.139710903,-0.0410567187,0.0182516202,0.359156847,0.06653855,-0.688010275,-0.105476499,-0.35932368,-0.677066743,0.978567779,-0.0604362562
-1.39429569,0.00639884174,0.825097203,-0.275257975,-0.488077015,3.31720614,0.209628463,0.202044263,-0.223112136,-0.211493418,-0.0523320772,-0.562381089,-0.649539948,-1.21417844,0.512503743,-0.522545516
-0.404218465,-0.208725363,-0.457341522,-0.217990264,1.07194018,0.0795496926,0.882542312,0.463422924,-0.00740012759,-0.569919467,-0.442783773,0.0663485155,-0.274059236,0.0321977139,0.57814312,-0.418059975
0.121501185,-0.025289515,-0.332204223,-0.161086202,-1.2520231,0.316248208,-0.320171565,-0.501705647,0.0597096011,-0.0197884459,-0.109134696,0.0166514143,0.278864831,-0.304540277,-0.532608092,0.411009908
0.104694396,0.00222403836,-0.766800523,-0.229906842,0.565861285,-0.405203253,0.282887638,1.44006681,0.0561770797,-0.974182963,-0.0915701985,0.206758857,0.424582601,0.35823983,-1.3923955,-0.954477906
0.196670622,-2.06979465,0.747636318,-0.0386912748,-0.0809749141,-0.294157416,0.154404432,-1.67083645,0.134796411,-0.71530813,-0.0562765263,0.543756664,-0.763685524,0.455024004,0.325754493,0.611297846
-0.189430684,0.467822105,-0.252148211,-0.315355867,-0.554465711,0.172457755,0.256201565,0.434335738,-0.984403014,-0.00793541688,-0.359413207,-1.08214557,0.25872463,0.0188546386,0.617012024,0.257197559
0.34330228,-0.77526176,-0.011306433,0.0470601022,-0.0624538176,0.0960657522,0.257956386,0.0572314933,0.0150768841,-0.0889898986,-0.244592577,0.59800446,0.139173701,-0.229435265,0.411203861,-0.665826738
0.173156664,-0.174870208,-1.86108029,-0.300474018,-1.05544162,0.400939286,-0.640124023,-0.681333065,-1.19626117,0.351282358,-0.423221022,-0.496242166,-0.618523538,0.233624116,-0.964107156,-0.120417625
-0.500250459,0.128686637,-0.472206384,0.256711692,-0.464257479,0.241219759,-0.442979246,-0.157105625,-0.426433504,0.163011432,-0.869994223,0.133929998,-1.61545312,0.543404818,-1.74680853,0.303245246
0.220319927,-0.894038856,0.0147141814,0.902380347,0.2355268,-0.791898608,-0.15176335,-0.246950433,-0.158367947,-0.224689141,0.457265258,0.0998174101,-0.0245577767,-0.877236485,0.144259036,-0.0686243922
-0.13816303,0.183817863,0.206146494,-0.321464956,-0.0800907463,0.224162683,0.0339790061,0.311700493,-1.22725439,-2.79061675,-0.146461844,0.0146320835,-0.770484447,-0.375190794,-0.865598917,-0.409118742
-0.0747492239,-0.225352213,-1.37828469,-0.0405696779,-0.213043779,-0.378505558,-0.422218293,-0.43128562,0.0300059076,0.14736703,-0.37379846,-0.117661051,-0.51033026,-0.179591164,-0.372900188,-0.00680363271
-0.580398202,0.376167178,-0.1949341,-0.112190023,0.325468093,0.337317348,0.412046254,0.612894416,0.546965361,-0.09906324,-1.20096028,0.246394649,-1.25262284,-0.274376959,0.357922614,0.222039714
1.38438141,-0.037355423,0.211241767,0.323417127,-0.214221537,0.0264160223,-1.31548274,-0.685768485,-0.269653261,-0.800695539,0.533489883,0.382107586,0.253311455,-0.66691798,-0.122798659,0.152937725
-0.283290476,-0.185325071,-0.0745289028,-0.423144251,-0.0712765232,0.474663526,-0.50889492,-0.0336256772,-0.137817144,-0.706839025,0.0359439701,0.171198606,-0.762056231,-0.512019098,-0.0977973863,-0.178132728
0.237963974,-0.119711131,-0.36071074,-0.18451564,-0.0300293844,0.356715769,0.702850163,-0.612390399,-0.0543216802,-0.391422272,-1.81293368,-0.0253158398,-0.929171145,-0.0260268599,-0.116335563,-0.133503884
0.0495842546,-0.121978492,0.774269879,-0.340620399,-0.448863566,-0.149172336,0.130118474,0.0461267941,-1.95049143,-0.23521392,-0.00960563123,-0.47887066,-0.572339118,0.28275615,-1.48296654,-0.39478603
0.162506014,-0.330304414,-0.103165627,-0.105115682,-0.344590098,0.488858759,-0.463656902,-1.02099359,-0.603350997,0.425930023,-0.360637605,0.787349582,-0.138350606,0.756908357,0.0194498487,-0.420198619
0.214402795,0.499951303,0.500191987,-0.0907687023,0.373550594,-0.282656848,-0.428323299,-0.0663233474,0.381794125,0.641653001,-0.51593256,0.0470801815,0.371442735,0.174884543,-0.110557914,0.193858802
-0.630740345,0.537943363,0.233335599,0.0182060692,0.497925788,-0.149490237,-0.337830514,0.211478069,0.180890739,0.0113671394,-0.225204259,-0.336565375,0.323838025,-0.728724301,-0.134287283,-0.46231097
-0.00150299422,0.116706222,-0.658226371,0.00514675723,-0.392630547,-0.547961831,0.393237919,-0.14361836,0.109236009,0.183965281,-0.65394789,0.192904651,-0.414105862,0.283717573,0.351560265,0.142848015
0.247527733,-0.195655957,-0.943394899,-0.605375528,-0.1854074,-0.676337421,0.0201821979,0.457064837,-0.554549038,-0.591870546,-0.91281426,-0.142702565,0.368575871,0.051361341,0.129758164,0.153411865
-0.301286638,-0.549402237,-0.808687806,-0.0279139336,-0.475487441,0.00060659938,-0.333325446,-0.637693584,-0.568970084,0.436525047,-0.634973347,-0.328635365,-0.723926067,-0.646892667,0.4297297,0.231138825
-0.460316271,-0.465414852,0.0918612853,-1.3736937,-0.456445664,-0.385937303,0.281650901,-0.188170686,0.52064997,-1.14675999,0.388958901,0.331841081,-0.623427749,-0.484648228,0.60587728,-0.29337436
0.674821794,-0.723598719,-0.157242075,-0.572920918,-0.0410827845,0.383014828,-0.235735714,0.092225872,0.114154816,0.0874527469,0.615413904,0.248239055,0.0479888022,-0.0458143875,0.890562236,-0.0242262594
0.151808038,0.644528508,-0.301189393,-0.844797015,-0.272152126,-1.14803112,0.418900669,-0.462394893,-0.0913812146,-0.157967895,-0.614839375,-0.196030006,-0.189422145,0.017960513,-0.452519208,0.104341559
0.457743347,0.493844479,-0.27759853,-0.815225899,-1.34229672,-0.355588078,-2.31178761,1.19729531,-0.134758905,-0.15704684,-0.174547911,-0.360023201,-0.447230607,-0.927017331,0.611099184,-0.141575128
0.308390081,-0.22120586,0.591689467,0.960375011,0.0653520748,-0.763484299,-1.42471647,-0.508571565,-2.04010653,0.139958054,-0.238468423,-0.18862766,0.163199812,-1.19441593,-0.452958703,-0.267118692
-0.0744139776,0.0254215896,0.634935975,-0.141083241,-0.51829201,-0.108924836,-0.181577668,-0.487439156,0.494591862,-0.548104346,0.365630239,0.162288785,-1.72588444,-0.808983982,-0.560342729,-1.1791904
0.196829244,0.40971598,-0.324979782,0.0549514703,0.0733868554,-0.622906804,-0.715245247,-0.330775589,-0.241200075,-0.476678401,-0.27475515,0.189136788,0.102161959,0.688553989,-0.823280871,-0.226646066
0.351902366,-0.229388326,0.264792204,0.644415796,0.521677554,-0.802087784,-0.0320344567,-0.324416876,-0.411233664,-1.40002131,-0.211657867,-0.016722573,-0.133639976,-0.0199071467,0.243789122,-0.560520053
-1.53475547,-0.88345933,0.0657184497,-0.0611332916,-0.223625377,0.289625376,-0.356258541,-0.707404435,0.00623107934,-0.856986046,-0.41828689,0.551709056,-0.205190599,-0.00175273698,-1.0275948,-0.321984857
0.0839049071,0.0513234399,-0.596081793,0.235918939,-1.67824125,0.0521445274,0.416954637,-0.867468536,-0.548098445,-0.0401437655,-0.610851526,-0.194600046,-0.0899737924,-0.0633032173,-0.240344644,-1.5835948
-0.182574481,0.138947099,0.0706304759,-0.0394459702,0.242587,-0.607623458,-0.41681549,-3.41173124,-0.830768585,0.559405088,-0.511180162,-0.283562422,0.445453227,-0.0785916299,0.203761458,-0.410507739
-0.407057852,-0.110124096,-0.157339096,0.0619529448,-0.124286421,-0.832101524,-0.655117571,-0.986905754,0.0016178973,-0.0943588093,-0.208763525,-1.11786664,-0.232390612,-0.5395298,-0.41265744,-0.401180089
0.175203323,0.436487108,-0.22395882,0.0413621254,0.0685688853,-1.40272427,-0.335816383,0.129181132,-0.921254098,0.494899958,0.969873786,-0.589638531,0.459334403,-1.4243964,-0.13536118,-0.214773834
0.55972141,-0.0170275532,0.112621494,-0.23748666,-0.366359234,-0.304889917,0.659983814,-0.355662823,-0.638557613,0.202905953,-0.0533079989,-0.916260958,-0.187116206,-0.00622240361,-0.0983442888,0.374563217
-2.49615693,-0.260669827,0.724859476,0.550179303,-0.365985006,0.0652013943,0.30381909,-0.209700733,0.168595135,-0.515531123,-0.265448004,-0.158030108,-0.397542804,0.579540849,0.0581761971,0.528271794
-1.30668521,0.122193508,0.0162753575,0.0665024519,0.818973422,0.20024325,-0.544777215,-0.665944159,0.411238462,0.425594896,0.545312941,-0.0612474531,-0.275095254,-0.524229348,-0.498417288,-1.05072367
-0.0621930622,0.265671879,-0.901615262,-0.0438077673,-0.105275899,-0.270436704,0.0800903067,-1.46515131,-0.0754280239,0.235602424,0.365389198,0.0916745961,0.0798877105,-0.236829832,-0.519931614,1.49323237
-0.0479919501,0.0511815995,-0.18995215,0.214897394,-0.57753855,-0.359028131,-0.528556883,-0.190059125,-0.844256341,0.763553739,0.116314225,0.0969369933,0.501472712,-0.349906653,-0.0563958734,-1.76621234
-0.506848812,0.802679181,-1.35997593,1.38674545,-0.151614204,-0.316488117,0.384810716,0.121538252,0.550551236,0.381573081,0.137576237,-0.0215092115,-0.654907823,0.0873069689,0.238653362,0.31692785
-0.327003241,-0.277658284,-0.202961653,-0.013155831,0.221531942,0.571365416,-0.280515134,0.255731493,0.361119092,-0.131611601,-0.634659708,-0.00641641486,-0.29502967,-0.886473954,-0.168776378,-0.396131516
-0.440707743,-0.644542813,-2.3841517,-0.405087024,-1.21728897,0.369965672,-0.370268315,0.638220251,0.627353966,-0.789511025,-0.811622739,0.419756353,-0.41682744,-1.25815904,0.0371608026,-0.786142945
-0.0968681648,-0.188088983,-0.420210093,-0.821748257,-0.0264174938,0.132508218,-1.02969778,-0.0565024205,0.285300165,-0.888162732,0.109334759,-0.430478781,-0.891026855,-0.226359501,0.458794236,0.00110213831
-0.0108864736,-0.748695612,0.399312764,0.0691405386,-0.36123988,-0.44778648,-0.621738613,-0.995922863,-0.460387439,0.71439904,0.422617346,-0.170302004,-0.660235286,-0.0102431625,0.34171024,-0.278819978
-0.132394701,0.383227289,-0.155877709,0.68331933,-0.231230006,-0.357542276,0.0199441966,-0.288303554,-0.426727891,0.885995328,-0.286755264,-0.190268219,0.129659459,0.0288751572,0.132416159,-0.0638978481
-0.819702268,-0.342966795,0.117479898,-0.431747347,-0.000834532082,0.0745318085,0.0279158726,-0.108958744,0.500177681,0.388296187,0.127199754,0.372098029,-0.544911623,-2.00857615,-0.191080838,0.477952152
-0.727698267,0.212544143,-0.135288879,0.84987396,-0.386144459,-0.885391176,1.00298095,0.0524575822,-1.37749147,-0.665069282,-0.246480763,0.348154038,-0.469868541,-0.473358899,1.21029949,-0.379487813
-0.615717888,0.31580478,0.0324772783,0.181829453,-0.0121091027,0.642968059,-0.222877041,-0.319015056,-0.0951548144,-0.311732978,-0.163432047,0.404489845,-2.06137562,-0.491533309,-0.322500378,-0.829067051
-0.129067048,-0.595945716,0.0839220583,0.221750394,-0.677563429,-0.248756811,0.313875377,-1.29226506,-0.264791161,0.108641379,-0.989559352,0.0847016498,0.326998055,0.583496451,0.46046254,-0.475687295
-0.430868894,-0.843657076,-0.125995293,-0.0517180115,-0.853456497,0.296909481,-0.105412647,-0.400099725,-0.191363692,-0.0536654852,0.0689725131,-0.814190388,-0.0312798917,0.426097274,0.284552157,0.324692875
1.17904902,-0.113430142,-0.528783381,-0.199230745,0.848407149,-0.180168003,-0.555915236,-0.0179859791,0.49311018,-1.67658174,0.461115867,0.301148087,-0.395441383,0.281469464,0.798096955,-0.562054217
-2.28450871,-0.476365089,0.326436996,0.0945502296,-0.609504998,-0.533394694,-0.181452081,0.269095242,0.628918052,-1.40120959,0.238566518,0.00417853147,-0.443601251,-0.318371564,-0.197321743,-0.761658669
0.0362948142,-0.457431674,-2.12036824,-0.447286636,0.244164228,-0.329301983,0.149382994,0.519055247,-0.562834024,-0.571526706,0.355094135,0.789849937,-0.142192245,-0.116505139,-0.412535876,-0.0432858244
-1.12643063,-0.0345403403,-0.192713544,-0.281777531,-1.9897294,-0.686687231,0.00471189665,-0.393495619,-0.424651742,-0.15279296,0.235413328,-0.0371089689,-0.0470640361,0.158831954,0.259670824,-0.136681005
0.225539327,0.279468387,-0.0294966362,0.363556504,-1.28050864,0.173893452,-0.357758462,0.0593602769,-0.551618159,-1.05688918,-0.307563931,0.239495009,0.234881237,0.248431176,0.349200219,-0.482516408
-1.05357659,-0.0546598211,-0.533634841,1.14468837,-0.968882084,0.298882604,-0.0165795851,0.291006267,-0.199173003,-0.113309138,-0.536692858,0.408962011,-0.102744989,-0.852481604,-0.194785193,0.298369229
-0.752413392,-1.38376784,-0.560062349,0.36723718,-0.455904573,-0.051631093,-0.250282347,-0.375552446,-0.4801341,-1.19605899,0.178868771,-1.75875425,-0.504830778,-0.81494081,-1.16703081,0.100376479
-0.0908756927,-0.852185249,0.909340203,-0.95983994,-2.406358,-0.203967512,0.247634977,-0.600859523,-0.565686226,0.193006694,-0.0270917676,-0.173355654,-0.409731686,-0.262483954,-0.322264194,0.118093885
-0.689653933,-0.900304675,-0.0682433173,-0.448065102,-0.523273945,0.237352952,-0.242755517,0.435778767,-0.63516897,-0.106536582,-0.20366846,-0.20291087,0.493167818,-0.562831461,-0.213862389,0.582406938
-0.361880183,-0.30813989,-0.635706902,-0.0770834535,-0.471269161,0.214551315,-0.34067443,-0.274187237,-0.611186326,0.121707313,-0.199114993,0.116421081,-0.548027039,-0.515430629,-0.643410146,0.836218238
0.117691778,0.479587018,-0.255538791,0.386570096,-0.102097444,-0.78931874,-0.134812027,-0.411592543,0.481578946,-0.158879474,-1.0673635,-0.265650034,-0.37068525,-0.177985683,0.11412999,-0.511897087
-1.45727253,-0.144687071,-0.452080071,-0.389947385,0.0372269154,-0.925770283,-0.255448252,-0.188245922,-0.346567303,-0.615117013,-0.253284782,-0.220042095,0.0830215812,1.1419574,0.112910911,-0.252119035
-1.01853979,0.928037703,-0.784733057,0.158264607,0.0364342034,1.07946193,-1.01116252,-0.315291166,-0.0901825503,0.421371281,0.154176816,-0.444528252,-0.0869761482,0.422183305,0.43427217,0.778000653
-0.44511956,0.608325899,0.291190892,0.275764197,0.123655364,0.447916567,-0.212487206,-0.680534482,0.260448843,-0.233907372,-0.0376287103,0.197568998,0.116357587,0.139011681,-0.071272403,0.17620939
-0.183308125,-1.11897779,-0.254493654,0.104744747,0.502064168,0.771637559,-0.486654043,-0.599316955,0.248444915,-0.861768365,-0.629602909,0.420470834,-0.447450727,0.587948084,0.109615192,0.117990293
-0.430446774,-0.319854677,0.0674559921,0.145347282,0.203727022,0.132113725,0.674156845,-0.530331671,0.337904453,0.26356712,0.0241817124,0.255149841,0.383744478,0.375965834,0.0454938859,-0.168977737
0.283097714,0.307270914,-0.0413887203,0.414773643,0.17874299,-0.200443268,-0.459416837,0.364539266,0.276077092,-0.545570731,0.355979919,0.0914551765,-0.181957036,0.877705753,-0.721130252,-1.51173878
-0.136710972,0.70338887,0.702120602,-0.295058668,-0.358151585,-2.63881421,0.506056011,-1.75560224,-0.828256428,0.0733667836,0.00309564732,0.0160002206,0.134798408,0.312730104,-0.626058757,0.00198542327
-0.208123714,0.205339283,0.648253798,0.015437318,-0.248267367,-0.218858093,-0.0207725018,0.279526293,0.150540695,-0.437363565,-0.466309905,0.548028409,-0.342553109,0.0525054485,-0.288213372,-0.105239078
-0.0117831137,-0.471094996,0.219541669,0.603217185,0.136140004,0.416773587,-0.211440116,0.318287641,-0.867693722,0.572169244,-0.0215558317,0.627475858,0.398525208,-0.0620371029,-1.03937602,0.101166397
-0.162442967,-0.515535176,0.167819127,0.18940261,0.278366446,0.0298913792,0.176436752,0.620581448,0.0609694123,0.744728506,-0.401260167,0.00915077329,0.118569106,-0.873384893,-1.03997183,-0.0242320187
0.00719835982,1.04278362,-0.494273245,-1.73846662,-0.251024365,0.224626645,-0.627973318,-0.342565089,-0.143465266,-0.601000011,-0.626957476,-0.506937802,0.115501881,-2.268188,-0.877637088,0.100655995
-0.495061249,-0.442676246,-0.829102039,0.171846852,-0.620950103,-0.556620359,-1.19661713,0.0804675072,0.0714907348,-0.101489842,0.033283744,-0.0152067626,-0.222223252,0.187245429,-0.596564651,0.46394968
0.512483776,0.275239944,-1.50427628,0.14987427,0.0380918346,-0.24027057,-0.425561845,-0.404824466,-0.984133422,-0.535238981,0.322768927,-1.07267427,-0.771343291,0.425190181,-0.23948808,0.542697668
0.0464279577,-0.680283606,-0.922888577,0.375898153,-1.05309844,-0.193766162,0.424538672,-0.223220542,0.174276978,0.128107548,-0.336634099,-0.757333636,0.487639934,-0.17649439,-0.407521427,-0.32302323
-0.207095489,-0.581129432,-0.0603286475,0.0416927263,0.162740096,-0.224110931,-0.572861195,-0.40844807,-0.554188192,0.192240193,1.19458902,-1.20676243,0.587834895,0.540694594,0.175793037,-0.536954701
0.203025118,-1.40352952,0.135879472,0.151245847,0.195863217,-0.188177288,-0.142903551,-0.352193147,0.13051936,-0.0319829695,-0.213834122,0.148911342,0.104595639,0.00937775336,-0.486696005,0.593524098
-0.600035191,-0.356791824,-0.82415843,-0.225631639,-1.81639719,0.36715585,0.0604427978,0.016341893,-1.33740461,-0.841005862,0.222788036,-0.017692795,-0.848319411,-0.400361776,-0.529030442,0.176465258
0.127159894,0.244223714,-0.847648501,-0.0642426983,0.255207568,0.281247616,-0.178495422,-0.412032604,0.20081155,0.537684441,-0.112289622,-0.10476464,-0.281488448,0.5760988,0.147513121,-0.713709772
-0.719487071,-0.0255141798,0.142459601,-0.145593986,0.106948212,-0.0785887092,0.23020044,-0.1468741,-0.192015052,-0.288793892,-0.57279563,0.258915246,-0.505686939,-0.293598861,0.232092336,-0.509456396
-0.342079461,0.296051502,0.325437486,-0.670715988,-0.0806122273,-0.257350147,-0.0814066678,-0.106902711,-0.305697292,-0.0482402779,-0.512699723,0.158459529,0.0131830079,-0.469959646,-0.310118735,-0.382655203
-0.152011558,0.0862609744,0.201301396,0.51485312,-0.849261761,-0.304046124,0.377004147,0.306417227,-0.555464149,-0.302915275,-0.384879112,0.690566897,-0.722463608,-0.504116356,0.14040941,-0.434376359
-0.239074156,0.276737064,-1.35347319,0.119479999,0.644194067,0.115642071,0.743669689,-0.499260306,0.0443978123,-0.486650616,-0.951798797,-0.666619956,0.250130564,1.04181516,0.154806733,-1.33236289
-2.47086668,-0.121031113,-0.420470864,-0.302205175,-0.645897746,-0.649205446,-0.795611024,0.209960416,-0.697867095,0.187604219,0.0955551863,-0.440403432,-0.783690572,0.559947789,-0.49580735,-0.222429365
0.430996925,0.329479158,0.363663614,-0.449340343,0.267266273,-0.103974849,0.393464178,-0.269516379,-0.710185528,-0.203062698,-0.00385049824,-0.353841871,0.0807915106,-0.141297668,0.399462909,-0.381210417
-0.476430476,0.144005805,0.208065256,0.395642847,0.491701722,-0.0743136406,-0.926314473,-0.368785203,-0.588877261,0.132492512,-0.688905895,0.142314076,0.485147119,-0.243248492,-0.0760932565,0.31782645
0.198562905,-0.385962069,-0.744099855,0.416120172,-0.205422238,0.195718795,-0.842065454,0.0859343112,0.223954037,-0.21703577,-0.0767525584,-1.03393495,-0.927850902,-1.76697862,-0.0399953574,-0.373990208
0.0745040104,-0.158937961,0.344172865,-0.0124425348,-0.580924273,0.0938231498,0.309315324,0.314285457,-0.71578449,0.746840179,-0.767222643,0.0693371296,-0.0863598585,-0.635458946,-0.942877233,-0.305085957
-1.02220523,-0.834139943,0.474888086,-0.322917432,0.347303391,-1.66549122,0.0672655702,0.814874589,-0.295995176,0.00995857548,-0.296126872,-0.20659849,0.0145235574,-0.673419714,-0.0383080505,-0.555475056
0.346448898,-0.231063336,-0.0822760537,-0.551281035,0.0961117223,0.119629517,-0.466328889,-0.342900097,-0.493661791,-0.29404977,0.0395735055,-0.212067828,-0.68124336,0.213711023,-0.0928556025,-0.315424949
-0.563002229,-1.36236417,-0.86794734,0.0378161073,-0.295754373,-0.64477843,0.229692519,-0.0505026244,0.362230629,-0.0104557034,-0.355880827,-0.0757566243,0.250189722,-0.111820206,-0.0602626167,0.41989547
STEP=0 CP=LAYER_0_FFN_UP COUNT=8960 MIN=-2.01632285 MAX=2.97435498 MEAN=0.00035212999 L2=34.8878598 FIRST8=-0.0857401639,-0.266516596,0.0180329327,-0.0187799092,-0.430364877,-0.411006689,0.265271902,-0.301088393 HASH=4e8e1e697caad6f0
STEP=0 VEC=LAYER_0_FFN_UP N=8960
-0.0857401639,-0.266516596,0.0180329327,-0.0187799092,-0.430364877,-0.411006689,0.265271902,-0.301088393,-0.390243798,0.0417595655,-0.112991318,0.11521709,0.0595499799,0.415139556,0.146386862,0.505691588
0.234450132,0.0968732163,0.0776235908,-0.336950094,0.0943855196,0.0520252325,-0.239421114,-0.324903101,-0.268408298,0.059414193,-0.474860579,0.20559904,-0.764608502,-0.471773058,0.80157131,0.222875059
-0.176093325,-0.578570008,-0.766061544,-0.0591747239,-0.0908172429,0.143692479,-0.291254431,0.0717815682,-0.405547857,-0.260520995,0.0967813358,-0.131774291,-0.268542022,0.423493445,-0.0639802739,-0.16086027
0.178810671,0.264622927,-0.434215426,0.233165368,-0.471904993,0.352309406,-0.115952954,0.315559298,0.0607954152,-0.194723472,-0.151601702,0.0669677109,0.577100277,-0.952896237,-0.369373977,-0.352918357
-0.878444552,0.232379094,-0.40503183,-0.180931464,-0.503689647,0.441803128,-0.405865014,0.631312072,0.371668965,-0.355920345,-0.147995427,0.10001795,-0.0227907822,0.169984728,-0.151266977,-0.354533523
0.27915436,0.367021143,0.318926454,0.200241745,0.256956428,0.0769547522,0.431262016,0.0594027266,-0.728389859,-0.389587641,0.0261033438,-0.729608476,0.456213862,0.00412192848,-0.154591173,-0.183463126
0.568459213,0.157288551,-0.453694612,0.0779553652,-0.393891871,-0.21374239,0.129496485,-0.644372702,0.0118810367,0.0267016403,0.0464725345,-0.0930474848,0.264851511,-0.538348913,-0.405075282,-0.0187429171
-0.102539457,0.756898344,-0.00260848179,-0.287724525,0.00394599373,0.0351801179,0.247440353,1.0207876,-0.0976234674,-0.606837928,0.343565285,0.703175306,-0.0161573403,0.136236563,-0.384736806,-0.11789225
-0.381874949,-0.729956329,-0.567575097,-0.94547379,-0.363476485,0.60577637,0.426087081,0.345834583,0.0970572233,0.230508357,-0.126992986,-0.102123126,0.00155434944,0.184959665,-0.400255919,-0.190619066
-0.167709365,-0.695885181,0.15846087,0.189372346,0.15834941,-0.0804027468,0.025007844,0.351167947,-0.325974226,-0.136805654,-0.090788804,-0.786309958,0.189941317,0.349724293,0.0499909036,-0.371484131
-0.129487902,0.346743613,-0.110808134,0.174803913,0.609448373,-0.232357129,-0.206400856,-0.218601629,0.277264744,0.0119510377,0.0216210224,0.332327545,-0.231336847,-0.0798060969,0.105451703,0.430224031
0.347802013,0.354542285,-0.123012893,0.324193388,0.0291831661,-0.179885715,-0.312045008,0.0886611789,0.0166345835,-0.428137302,0.118193172,0.762987733,-0.30710569,0.0969249085,0.160452262,0.040733505
0.578267634,0.56708473,-0.393840432,0.0618878379,-0.413997829,0.375612915,-0.223395705,-0.478080511,-0.0520388447,0.210396618,0.198953837,0.147528693,-0.213276908,-0.128615469,-0.421682328,-0.23501277
0.131180286,-0.0673787296,0.239214897,0.340163976,0.130463079,-0.544713914,0.465455264,-0.101282559,-0.210750416,-0.39159134,-0.061435394,0.504791796,-0.211121276,0.362166464,-0.337234944,0.561849177
0.0482432209,0.000680924393,0.432369083,0.0963791162,0.15037936,-0.0448785201,-0.155913293,0.110361136,-0.571184695,-0.0349835753,-0.201443657,-0.131855175,1.1935364,-0.549887598,0.38742274,-0.291816324
0.573997915,0.204902381,-0.027425142,0.381888896,-0.599264622,0.313088089,0.0802833587,0.0525523126,-0.510822594,0.351140052,0.140772,0.0369627699,-0.121697307,-0.319373995,-0.49496904,-1.10463893
0.197792664,-1.00771463,-0.21224536,-0.298426062,-0.419662386,-0.113610059,0.548101723,-0.318343639,-0.544107914,0.418701857,0.260783345,0.363769948,0.439455658,-0.208624572,-0.232242018,-0.157389536
-0.0478208475,0.550920784,-0.40495038,-0.171090245,-0.149509504,0.109723106,0.406412601,-0.389104754,0.236725464,-0.310901344,0.494827837,0.283657908,0.126409873,0.0166467242,-0.206128776,0.11602208
0.228679925,-0.382188529,-0.105049431,0.22688964,-0.409164548,0.230647668,0.84916079,0.485172361,0.420865923,0.549352527,0.136188611,0.190406084,-0.335426003,0.772083402,-0.209378719,0.0865843594
-0.360584229,0.166454419,-0.309036463,-0.0986097082,0.421131939,0.174054772,-0.950131714,-0.675120056,0.329710931,0.340503633,0.642787576,0.295985848,0.223345131,0.213524923,0.18984963,-0.428578436
-0.207650274,0.607350469,-0.570002854,-0.133116394,0.14316088,-0.244459197,0.155690059,-0.337453514,0.106220871,0.0503752753,-0.16640678,0.161995947,0.226278871,0.270538449,-0.183209911,0.359657735
-0.173828363,-0.31272459,-0.0827298462,0.03436362,-0.108158961,0.269531667,-0.286548346,-0.14235054,0.262454838,0.377251267,-0.0526273772,0.379620701,-0.285073102,-0.45091024,-0.175465047,-0.826771498
0.113928281,0.313520879,-0.190052584,0.0180831496,-0.208457008,-0.0100825187,-0.126775354,0.195382282,-0.0240260735,0.131763771,0.452810168,0.170328483,-0.381325275,0.236928821,0.268304616,-0.5517506
-0.19822377,0.109155111,0.133175269,0.620262265,0.050058715,-0.373793721,-0.164802879,-0.552072108,0.0563607588,-0.532811522,-0.403383464,-0.180523753,0.0292024277,0.690609515,-0.0217589363,-0.400186479
0.180931911,0.132147327,0.00159065542,-0.567332447,-0.0565947667,-0.242917702,-0.293994963,-0.645738006,0.467083752,-0.497371405,-0.0957606286,0.989032745,-0.228028238,-0.0711010098,-0.029063005,-0.35615626
0.736841619,0.430769265,0.460916042,0.127013087,0.281001985,-0.0345050544,-0.683600545,-0.870040536,0.0503644571,0.361684084,-0.736237824,-0.276134044,-0.217065066,0.156753615,-0.0648991913,-0.200072616
0.0640252754,0.170485258,-0.16714257,0.813774049,0.354366064,0.100084901,0.428664267,-0.223774999,0.179646417,0.448233098,-0.252603829,0.0472431928,-1.12772655,0.343104362,-0.105685763,-0.611585796
-0.395097256,-0.167219788,-0.10444919,-0.0331540368,-0.15544492,0.0562320501,0.644712389,0.156058341,0.281704068,0.00558502553,0.252836168,0.346272409,0.619387329,-0.748595953,0.2371407,-0.180553004
1.05687237,0.665651619,-0.121416166,0.0459372476,0.243108571,0.451604694,-0.223407865,-0.0589286424,-0.0470015481,-0.208064288,0.756780386,0.900002122,0.041109778,-0.508865416,-0.464641511,0.063024126
0.0126832072,0.19030112,0.106987059,-0.591691017,0.176228285,0.132821292,0.105226628,-0.0113116382,-0.44796589,-0.465858072,-0.350023478,0.301347464,0.241020828,-0.946740568,0.178533942,-0.273155898
0.169391498,0.886686802,0.176124826,0.216357425,0.125713482,0.561974347,0.270494699,-0.687834978,-0.0297903493,0.186393082,0.153054237,0.794847131,-0.278729558,0.180219918,-0.0112501057,0.0605625026
0.379556149,-0.379675835,0.225029498,-0.0145602282,-0.0461463779,0.0292741694,0.572258949,-0.174976319,0.366773248,-0.725793719,0.325820684,0.399218112,0.414526582,0.245136678,0.0657310635,-0.103410996
0.422581851,-0.1571583,-0.449314743,-0.0795026794,0.520788014,0.170460239,0.370984077,-0.685884595,0.40112105,0.304926634,-0.381885111,0.0994418859,-0.00307260547,-0.107563347,-0.205968782,-0.577551484
0.321405858,0.141832694,0.960792124,0.00394681143,-0.332958788,-0.598507464,0.47973913,0.360600919,0.104191244,0.0558315739,-0.217685238,0.351389915,-0.361314476,0.559414089,-0.513442576,-0.321846128
-0.0849404335,-0.467015147,-0.52059263,0.390252203,-0.638270795,0.104237624,0.313698441,0.422090024,0.485902309,-0.139647201,-0.246146575,-0.0968459621,-0.212889433,0.121090882,-0.385265768,0.181442723
-0.652085006,-0.447121441,-0.259547859,0.707750738,0.262971222,-0.423810989,0.0899912864,-0.198493704,-0.367819786,-0.0658161491,0.156283483,-0.288486868,0.49609533,0.751567483,0.240989834,-0.0405249521
0.235546663,0.321063727,0.235376954,0.54079181,-0.22578837,-0.627913356,0.648457825,-0.440821528,0.18383576,0.251125306,-0.145309702,-0.000840653665,0.095681943,0.376330078,-0.163182855,0.342975944
-0.0744395256,0.0368162692,0.279169053,0.0373226702,0.106475674,0.21048452,-0.109651372,-0.493669003,0.603771389,-0.302959621,0.538918614,0.0264092218,0.515948772,-0.0960488617,0.0191684291,0.0450728983
-0.0551224053,-0.151896849,-0.0813167319,-0.342031509,0.293896973,-0.0159011539,0.380514592,0.383597761,0.288065851,0.389353067,0.161965758,0.0538070686,0.721991658,0.591371417,0.275338233,0.478684455
-0.245323494,0.499231726,0.0983400717,0.570612848,-0.124254897,0.0811494887,-0.337547004,-0.0358328968,-0.432556063,0.287535727,1.41312647,0.0850507021,-0.0624756999,0.227266401,-0.302775919,0.0352230892
-0.550037503,0.322983921,-0.252002746,-0.166224316,-0.0645586476,-0.589864552,0.423708349,-0.639573038,0.072125189,-0.359262109,0.541590869,-0.330157578,-0.663042843,-0.497723281,-0.207812026,-0.00160123594
-0.218229756,0.0588605888,0.0654496923,0.530139863,-0.0972546488,-0.0919012502,0.295926213,-0.427272677,0.404376179,-0.293853641,0.0357130915,0.167469561,-0.346720845,-0.20113416,-0.0736549571,-0.326120913
-0.841882825,-0.307070941,-0.413117468,0.447369426,-0.319953024,0.0939742625,0.328436971,-0.159766912,0.0780131295,-0.181518793,0.441340059,0.303163379,0.415352196,-0.406354427,-0.298130304,0.310251653
-0.167066023,0.159978032,-0.225233823,-0.115851767,0.0232704841,-0.381279439,0.0100605171,-0.0817213133,-0.147579625,0.415009111,0.769985259,0.0349938869,0.151759461,-0.00728907576,-0.491984874,-0.11252524
0.206372529,0.0249097608,0.0319890752,-0.07733576,-0.00473712664,0.0560322888,0.125746623,0.167037204,-0.387845278,0.550015986,0.297111452,-0.333686233,-0.0589562356,-0.216041192,0.299988717,0.0383809395
0.0261844918,0.115050375,0.418930531,-0.441111803,0.385563403,-0.141448468,0.144743115,0.134896368,-0.115233645,-0.565721154,-0.367927611,0.130566075,-0.0549343601,0.365803272,0.00291052973,0.144525364
0.357960403,0.473545104,-0.300033391,-0.0250549726,-0.00321337581,-0.0179597437,0.129289851,-0.172232941,0.187087893,0.254461735,0.345538884,-0.122724183,0.59127748,0.0836603567,-0.123524494,-0.498019785
-0.00441164989,0.281748623,0.164886221,0.0917083174,-0.42967248,-0.140335366,0.0564857274,0.934701741,0.211922616,0.0127432514,0.547889352,0.118589595,-0.0401108414,-0.185675904,0.367874175,0.0687938705
-0.460747182,0.137019441,-0.0971460119,-0.361739665,0.449023783,-0.318141013,0.126493424,0.00808344036,0.444705099,-0.00369494502,0.160357326,0.0494835712,0.0321830474,0.0724863335,0.230766967,0.0782506317
0.623788536,-0.160593569,-0.0504039414,-0.598506033,-0.0242955983,0.332256883,0.131554112,-0.17159456,-0.207051232,0.073267594,0.163100913,0.458551407,-0.545268655,0.28383556,-0.228180513,-0.157788008
0.245733649,0.213550046,-0.0766326711,-0.149379298,0.262442201,0.518366635,-0.465734422,0.0955125764,-2.01632285,-0.029394839,-0.0238221604,0.00024508778,-0.117941,-0.30428493,0.111667491,0.79436636
0.250162423,0.199761391,0.291788936,0.194371209,0.339147508,-0.183820933,-0.345933825,-0.200503439,-0.132195979,-0.111801274,-0.645164311,0.239443079,-0.171185732,-0.261250108,-0.538553119,0.22671628
0.044622384,0.0439682566,-0.266528249,-0.510815263,-0.166130081,0.201735884,-0.298367709,-0.285507113,-0.352805853,0.796824694,0.137850523,-0.0965756997,0.406797707,0.405353427,0.434302598,-0.878745914
0.115673013,-0.641999543,0.10816244,-0.875631809,0.507566273,0.114868812,0.119515598,-0.0928035602,0.348622948,0.0428263992,-0.621632874,-0.641961753,-0.485308439,0.053535305,0.527885854,0.246150419
-0.398230672,0.0704661608,-0.25767988,-0.00160261709,0.128805369,-0.288462847,-0.486007154,-0.609664381,0.0368959606,-0.224108487,0.388899326,-0.0808100104,0.41557616,0.0123585369,-0.199592769,0.385947794
0.344493985,-0.262311816,0.233543873,0.165222093,0.520645738,0.201361418,-0.100027174,-0.490279824,0.209001169,-0.0329470113,-0.66942203,0.226925567,-0.424515903,0.357087582,-0.876277804,0.033134602
0.254030943,0.0741262212,-0.215495065,0.187663898,-0.203021139,-0.156444848,0.746407926,-0.538548946,0.215073794,-0.316049188,-0.0914113298,-0.174461797,0.0432584099,0.435443819,0.140876234,-0.000207718927
-0.0290143266,0.509542346,-0.789102256,0.173887789,-0.487511158,-0.530749738,0.0420700535,0.0682793334,0.228097171,-0.466880053,0.0440479144,-0.326891005,-0.195204124,-0.0619733669,-0.0290772356,-0.211394578
0.165310308,-0.526038826,-1.16063774,0.364765346,0.155504629,-0.0424891226,0.316461325,-0.965603709,0.188904777,0.222960368,-0.334973276,-0.578208148,-0.513156116,0.609512031,0.239419848,0.366090268
-0.164035842,0.262659818,0.508753419,0.532722771,0.564295173,0.333590806,0.226803109,-0.282562047,0.111944959,0.241788745,-0.279387295,-0.0144727565,0.455674142,-0.182934895,0.652178705,0.674349666
-0.413958639,-0.419653803,0.225212321,-0.131590307,0.110013366,-0.460112661,-0.336595893,-0.00549846981,0.543033063,0.248724833,-0.108842283,-0.327010602,0.673945248,-0.424984217,-0.14286232,-0.0202657804
0.627876043,0.332282305,0.132507756,-0.326875001,0.0180182979,0.0191743262,-0.224384964,-0.254487187,-0.115842946,0.322517812,-0.0579535551,-0.015976375,0.236953437,0.0435533263,-0.150314271,0.887719929
0.269432098,0.351186574,-0.0599196441,0.0709043667,0.069375664,0.358690619,0.585897684,-0.219858155,-0.0725108385,-0.622105002,-0.297388405,0.181160882,0.300799131,-0.422386229,0.693145812,-0.341373831
0.299309909,-0.0339019299,-0.308011383,-0.0811273605,-0.22239916,0.0693796352,0.0184095707,0.548675001,0.00821157452,0.661234498,0.279652059,-0.281868637,-0.229311645,0.391561568,-0.0291849636,0.0499348156
-0.00212102733,0.418755621,0.228746831,0.198195785,-0.3376683,-0.746915221,0.0549904481,0.339772016,0.0821205974,-0.219099998,0.0712453201,0.69701153,0.312503338,-0.417982012,-0.353022814,-0.0218708124
-0.157770827,0.447856218,-0.415861905,-0.678033054,-0.0415039547,-0.00538499886,-0.107236519,0.231239557,0.542627931,-0.514872551,-0.399146706,-0.0310164355,0.0160616525,0.0336407535,-0.442777425,0.242937684
-0.0796573982,-0.533860624,0.544536531,0.0750460476,-0.36973536,-0.0743095502,0.276734352,-0.0974361748,0.941649199,0.401907653,0.125955537,-0.204342067,0.722201705,-0.154443368,-0.0183593053,0.240285456
-0.364653796,-0.165783763,0.451800078,-0.0346769094,0.423384875,-0.481283754,-0.154990807,0.0828043371,0.120452568,0.169777647,0.763377011,0.153122962,-0.109154597,-0.82800591,-0.439954638,0.259931564
-0.252406836,0.345543414,0.454122663,-0.428043485,-0.274845541,0.151613161,0.246382788,-0.289140105,-0.749498606,0.666843176,0.116698965,0.535952926,0.287178993,0.603421688,-0.402710259,0.0494692251
0.637239695,0.185274154,0.0192979425,-0.514554858,-0.0462823026,0.171462774,-0.042996686,0.243265152,-0.02092552,-0.0719514787,-0.508349836,-0.111589499,-0.18224749,0.539293289,0.615297079,-0.354802996
0.148480311,0.0168949068,0.39304933,-0.234453723,0.439142495,0.390828371,-0.389014214,-0.507454753,-0.33839789,0.274050623,-0.195540175,0.298384368,-0.342274904,-0.360727668,-0.406998008,0.467419297
0.273012996,0.596996009,0.277908951,0.162109628,0.0239877962,0.203015879,-0.14040187,0.165849894,0.54856509,-0.227654234,-0.348805755,-0.00478118844,0.367828578,0.478681117,0.169784576,-0.0379953124
0.529143333,-0.558147252,-0.315061092,0.399189979,-0.365335345,-0.147761822,-0.60886389,-0.172954172,0.0362024754,-0.437882304,0.848126054,0.644496739,-0.281738669,0.320026457,0.0294873677,0.104910873
-0.00254011154,0.178852051,0.0622139573,-0.621038675,-0.362001836,-0.274965227,-0.0193173178,0.444066465,-0.0432425067,0.316882849,-0.112298585,0.464680344,0.33459416,0.922362208,-0.313960344,0.106314376
0.688882113,0.624160886,0.379277825,0.174066335,0.340277523,0.450627059,-0.482428581,-0.0344579965,0.142579585,0.429210633,0.324567348,-0.280442655,0.20288074,-0.0648163483,0.0189044159,0.253132015
-0.629350126,-0.47549209,0.154961675,-0.263430327,0.383109748,-0.0385528058,-0.296163857,-0.100833796,0.088372156,0.300584018,-0.368420422,0.400057077,-0.0992855877,-0.309254587,0.110741764,0.168875977
-0.396979839,-0.0499078482,-0.533430576,0.257458508,0.00692674518,0.167474806,-0.354822785,0.0864635855,-0.17873624,0.363787323,0.0735346675,-0.185151011,0.532200515,0.226140097,0.293255001,0.0798756629
-0.551886499,0.17917046,0.393560797,-0.709616721,-0.213045791,0.526931167,0.426518023,0.308711976,0.0679808035,-0.422661334,0.0791385993,-0.163785473,-0.284573048,0.142011225,-0.217240497,1.60570884
0.544008613,-0.0139226634,-0.230576813,0.0712715387,0.0581371523,-0.610326588,0.193656504,0.492728978,-0.173877031,-1.15636992,-0.168902427,0.229929358,0.398035318,0.155396864,-0.0364648551,-0.776441216
-0.310593009,-0.39201802,-0.143787012,-0.0780327246,-0.390188038,-0.13299334,-0.309243143,-0.253433645,0.300403982,0.174661964,-0.1267993,-0.462031692,0.167006806,-0.0195659101,-0.450036854,-0.310696185
-0.116227575,0.0191757027,0.149574816,-0.644284546,-0.0789156109,-0.221334338,0.10267055,0.137114808,-0.541840851,-0.291056693,0.33615616,0.427795023,-0.0816511437,0.696362138,-0.676670194,-0.114832729
0.257270336,-0.0119422851,0.0635380894,-0.205095485,-0.208849937,-0.138624743,0.47975257,-0.0689021349,0.0470536426,-0.299867511,-0.338347107,0.842128217,-0.32265082,-0.0398259312,0.0426111557,0.379635245
-0.0516196787,-0.146732613,-0.157860935,-0.946567774,-0.105811961,0.0942284763,-0.189027935,0.533781767,0.0103177736,0.0463488214,-0.388630897,-0.265686393,-0.434144557,0.161126107,-0.00381528586,0.259236336
-0.261105806,0.287814856,0.0863393471,0.705081701,-0.483188003,0.180444315,-0.477617294,-0.295945406,-0.101609923,0.423097879,-0.0536653772,-0.0381597243,-0.045203954,-0.148153126,-0.16707921,-0.260446817
0.0432224423,0.355266124,0.357381016,-0.209743321,0.0846998245,-0.162959367,-0.432376176,0.354417622,-8.99676234e-05,-0.334048152,-0.018541798,-0.0225009546,0.246433616,-0.365697086,-0.0925180539,-0.0104146125
-0.0613461509,0.162357479,-0.102197714,-0.0948216766,-0.36362958,0.195742175,-0.0911676288,-0.356852859,-0.245428219,-0.529537439,0.41723603,0.240720317,-0.42463544,0.253774613,0.468777597,0.283622295
0.416619122,-0.0408986509,-0.246600464,-0.0200319812,0.662949085,0.276274443,0.357217312,0.0388424844,0.356408,0.543623209,-0.490789443,-0.332233101,-0.401553601,0.18264243,0.292335004,-0.165754274
0.0300492384,-0.271635562,-0.0598778166,-0.429975331,-0.0032852143,-0.539900184,0.360901028,0.111063659,-0.0758660212,0.0271461345,0.104713611,0.110446453,0.486193568,0.593378663,0.343766242,0.606717646
-0.0819578171,0.0512769036,0.149834514,-0.829650819,-0.52386713,-0.351252764,-0.130390033,-0.193861067,-0.284072876,0.245601103,-0.27351898,0.141553491,-0.0124560166,0.185900658,0.403110832,0.00387233123
0.262719959,0.872038543,0.15014565,-0.222692952,0.00778305717,0.0925702974,0.196446314,-0.350227714,0.413728595,0.0602537878,0.0809534788,0.0224309117,0.240191534,-0.397010088,0.421567649,0.196378991
-0.0728166476,0.241308972,-0.292392701,0.237983584,0.314809054,0.418119907,-0.210020423,0.0812847018,-0.290955782,0.110733151,0.304940194,-0.149866447,-0.803994,0.163807958,-0.281045318,-0.0843433961
0.544438839,-0.565130293,-0.170611322,-0.122078374,0.244688705,-0.250601828,0.150040567,-0.398995847,-0.362870723,-0.417352051,0.0332410075,0.710557163,-0.827171445,-0.120074332,0.178233191,-0.253418714
-0.518949687,0.718718767,0.18899183,0.458281934,0.254217952,-0.167186931,0.229804546,-0.28240788,-0.577852488,-0.444643945,0.105221055,0.00469713006,0.323877275,-0.146975517,-0.0607328601,0.320980221
1.08523405,-0.335337609,0.128496543,-0.181841806,0.341396719,0.544047594,-0.185212865,0.150986448,0.217630446,0.108378179,-0.0142575102,0.569057226,0.0321479253,0.131411642,0.498802096,-0.305528939
0.37759167,-0.249186352,-0.55253005,-0.42966339,0.155524462,-0.258611679,0.29856354,0.399937153,0.512281775,0.00253990851,-0.129206553,-0.116494112,0.138902396,0.205361307,-0.293454468,-1.00497961
-0.398253053,-0.697805345,-0.350407004,-0.21358934,-0.593634248,0.231627405,0.0200856626,-0.316789448,-0.208115205,0.758133173,0.277324259,0.0369222648,0.296670973,0.638220787,-0.673084021,-0.0073943492
0.00406072661,-0.121141896,0.151737675,-0.0567218922,0.192107856,0.197106689,1.1835382,0.196175963,0.0576315001,-0.593577445,-0.482702374,-0.165739149,-0.289919436,-0.301129818,-0.651645541,0.62243408
-0.205292284,0.787890375,-0.0350912251,-0.113014385,0.837345362,-0.162651405,0.35785681,-0.217360049,0.12585862,-0.196484119,-0.248611227,-0.440006196,-0.292361021,-0.00096850004,-0.0409805253,-0.238704473
0.0983792245,0.289202213,-0.200047016,-0.219049677,0.222424626,-0.00818320177,0.424806803,-0.201678365,0.439545959,-0.0526588932,0.507992506,0.594212353,0.250035971,-0.3584598,0.412280083,0.0934931859
-0.439229369,-0.415872723,0.061028108,-0.10923636,-0.139512226,0.212035552,-0.329515308,-0.0263881981,0.178085148,-0.325160861,-0.264249563,0.0944864824,0.335508764,-0.706386805,0.367266595,-0.510157049
0.190857217,-0.110394351,-0.174247876,0.0327922329,0.253755063,-0.146466061,0.115796015,-0.164692566,0.28017962,0.404965878,0.0407878384,-0.318627715,0.019173421,0.0249205064,0.190718055,-0.454951406
0.0469756797,-0.50916183,-0.0132388836,0.739715099,0.531467855,-0.215377808,-0.191315636,-0.116680369,-0.140626922,-0.479759812,0.109326228,0.243037358,-0.472190768,-0.218546107,-0.170419306,0.118211254
-0.311440289,-0.104521215,-0.0654197112,-0.30280742,-0.0762214959,0.217029378,0.067319721,-0.486515403,0.109756708,0.00661231391,0.640201986,-0.53829217,-0.107722469,-0.18713899,-0.487142563,-0.0661977753
0.279140174,0.63332516,-0.753113091,-0.27935192,0.1396669,-0.138920814,-0.938202977,0.700551212,0.528044045,-0.468822956,-0.0479097888,-0.322054714,0.365513116,0.0525488704,-0.0101823751,-0.125017375
0.0038204249,-0.634216189,0.506380558,0.510031819,-0.283691138,-0.380687863,-0.0321786627,-0.137643635,-0.362209886,0.220491588,0.11367441,0.119889177,0.165382013,-1.04580235,0.0921446308,0.349286795
-0.296009839,0.0643371493,-0.400853992,-0.455330878,0.211529702,0.113435254,-0.334321141,-0.480995536,-0.0268851873,0.697226286,0.357344508,-0.408377081,-0.21574454,-0.714911759,0.0844113976,0.590043604
-0.293273985,-0.135724306,-0.118509412,0.859743357,-0.0152781419,0.0133421039,0.0232858062,-0.0235349983,0.262602001,-0.129916027,0.540553451,-0.438574582,0.369879305,-0.215509117,-0.641633987,0.198708951
0.400097728,-0.0795781687,0.539631307,0.626113653,0.283751994,-0.233884916,0.432344645,-0.237539276,-0.0248622559,-0.714708328,-0.771041811,-0.680499852,-0.26476118,-0.327708602,-0.243416473,-0.160842553
-0.32078886,-0.247742429,-0.319228828,-0.117005274,0.49212721,-0.118326247,0.23401852,-0.350643724,-0.577902615,-0.504199147,0.0455353037,-0.107213706,-0.693213165,0.019803986,-0.699156523,0.494223624
-0.259591162,0.281055331,-0.0812168643,-0.764744759,-0.0426654443,0.0420483202,-0.0394223854,-0.28332448,0.287643611,0.172069028,-0.0902660266,-0.158827513,0.563559771,-0.508959234,-0.113253787,-0.142075032
0.111305326,-0.0942986757,0.438431263,0.202619165,0.319960833,-1.15613973,-0.0900967643,0.533071101,0.328632504,0.0391431153,-0.190091848,-0.00439855177,-0.608718753,0.347140074,0.305391908,0.712398231
0.150183499,0.0807461292,0.226643771,0.27893132,0.102977805,-0.253189266,0.128732905,0.0614160895,-0.19493565,0.241154492,-0.402674705,0.0731256381,0.0663980916,-1.38779318,-0.522873163,0.326626539
-0.0513325371,0.410059839,-0.796646774,0.25573799,1.136217,-0.776527345,-0.365246087,0.19723244,0.700086772,0.340451926,0.107600942,-0.63131696,-0.390702784,-0.636526167,-0.526478291,0.17729044
0.620651782,-0.0575202331,0.592218637,0.33151862,-0.391398281,-0.165989727,-0.311758965,-0.16244483,-0.924983382,0.269083411,-0.676213562,0.352643341,0.103047632,0.603221595,-0.0999439284,0.334947139
-0.171104833,-0.410506368,0.202158406,0.32331118,0.235725448,-0.291581124,0.168724552,-0.500982225,-0.699483514,-0.113628618,0.387483478,0.222368822,0.436805099,0.0194238462,0.214835882,0.581236362
-0.190113872,-0.0189247485,-0.642489195,0.780687511,-0.249774694,-0.0595352016,0.488468766,0.508932173,0.152412936,-1.54118121,0.0645677075,-0.322107881,0.345249385,-0.194551334,-0.515698671,-0.78154093
0.484888703,-0.801113784,-0.0407650992,0.323209465,-0.386610061,-0.152700305,-0.222473547,-0.830231369,0.149320632,-0.320398688,0.0149343479,-0.293324709,0.106242239,-0.605813026,-0.4557603,-0.742001593
0.568869412,0.0789409056,-0.087109752,-0.0229053851,0.338343322,0.230288893,0.241149947,0.90539515,-0.117663167,-0.305931658,0.255673528,-0.39865163,-0.351059407,0.429453164,-0.103303514,0.0299707912
0.083144784,-0.251367122,-0.139243647,0.28145507,-0.568987489,-1.5445888,-0.0596655123,0.0365833752,0.0357731991,-0.221786186,-0.137619257,0.0378343649,0.241325498,0.62192136,-0.613965392,-0.365043819
-0.106759138,-0.343282789,0.416170478,-0.46804896,-0.404079288,-0.00149501488,-0.0134877134,-0.17559655,-0.454224735,-0.505182087,0.452243894,-0.216885969,0.19322367,-0.0615197495,-0.260982901,0.230942979
0.274258345,-0.051572226,-1.26634586,-0.215137586,-0.0901432335,-0.464084774,0.0632288679,-0.143388689,-0.543153644,0.362762511,-0.32860142,0.490430474,-0.478955746,0.192725837,0.401041985,0.219352305
0.278921336,0.0751554146,-0.512893498,0.0173037928,0.126907602,0.612549305,-0.477539808,0.0687992647,-0.226986066,-0.380729049,0.23671338,-0.13060911,-0.738864243,0.044098489,0.285199612,-0.4642573
0.512409508,0.0356820375,-0.105436131,0.112303443,-0.196243733,0.105795518,0.0370100401,0.586818635,-0.470306426,0.0550880209,0.172983423,0.214932844,0.326178282,-0.0663274154,0.569190085,0.222483397
-0.123071596,0.000529077253,0.202024624,0.0451964065,-0.66982162,0.532131553,-0.416095108,-0.57001847,0.35347569,-0.880451798,0.53977555,-0.221263021,-1.00394738,-0.287848413,0.441012949,-0.154499188
0.290836126,0.000283568166,0.439794332,-0.314831227,0.440274715,-0.708502233,0.425023645,0.177233115,0.141796395,-0.215226203,0.0233186558,-0.480854958,0.128159866,-0.165894657,0.415561587,-0.119010925
0.774604559,0.267347723,-0.622006476,-0.237005726,0.384097755,0.0742736012,-0.224553913,0.00899058953,0.403101414,-0.245867029,0.22196418,-0.0164797902,-0.414618909,0.744196951,-0.255662829,-0.398236901
-0.00781039335,0.587152481,-0.494269103,-0.510750949,-0.30699861,-0.278690666,0.230774283,0.0300638899,-0.398036152,-0.0224367771,0.0340835452,-0.198233917,0.171369135,0.896890759,0.342142045,-0.306372464
-0.200038806,0.017845504,0.37227428,0.144613847,0.285760045,0.0489786044,-0.263279438,-0.177091986,0.109812319,0.126557738,-0.0241523311,0.173990861,0.301811546,0.283888638,0.654804111,0.648283362
0.274074674,-0.160108164,0.448010623,-0.0447284169,0.245036781,-0.235049084,-0.0393948108,-0.883816719,-0.23167187,0.0616309159,-0.102219835,-0.203836218,0.0943941772,-0.14019005,-0.213072166,-0.350307971
0.272260189,-0.428681672,-0.0621643513,-0.38777265,-0.11714378,0.0612605438,-0.481745899,-0.235034928,-0.353583723,0.504548967,-0.154774219,0.0521929041,0.186440542,0.133958414,-0.359844893,1.06863582
-0.311902493,0.510436893,-0.228068799,-0.0596749038,-0.118829839,0.319877684,0.137680188,-1.03152752,0.549875677,0.227945045,-0.249380231,-0.049401693,-0.204338774,-0.158943519,-0.639174223,0.777524352
0.259913802,0.915130138,0.566017389,0.340072393,-0.225763053,0.0887221023,0.192884356,0.192931235,-0.419391841,-0.0309673361,-0.105965614,0.364760906,-0.334459305,0.165425688,-0.29093048,-0.269791871
-0.00441967696,-0.259331137,-0.417663395,0.148555368,-0.325985074,0.408097923,-0.0687106401,0.267745674,-0.118541881,-0.0541144125,-0.686944604,0.290334731,0.0532755107,0.0685218573,-0.430839896,-0.167029604
0.0900705233,-0.339297116,-0.499273062,0.507006586,0.120827608,-0.455706447,0.665884674,0.803439081,0.0613771714,0.730950892,0.0358448103,-0.074884668,0.263434887,-0.165482283,-0.460168391,0.186716735
-0.22638616,-0.0970052481,0.392258614,0.715006053,-0.377648473,0.476338953,-0.407954365,0.438306272,-0.668278217,-0.0372454152,-0.29682374,-0.260286242,0.330477983,-0.193107978,0.0632889569,0.159274712
-0.027165629,0.381552637,0.593474805,0.022526348,0.590703487,-0.769961476,-0.107869856,0.207851261,-0.443345815,-0.104026243,0.446446687,-0.312497735,-0.610119939,0.254909128,0.233030275,-0.427009463
0.132820815,-0.483146697,-0.222297221,-0.403263658,-0.452004611,-0.73883599,0.0741850138,-0.49850738,0.168500572,0.382464141,1.06360757,-0.423473388,-0.385296524,0.00834252685,-0.343981743,0.259404272
-0.0234810412,-0.267142296,-0.529164255,-0.163287416,0.483957589,0.138112128,0.113917269,-0.933418036,0.149242833,-0.290206969,0.432034105,0.0824443474,0.358399928,0.12364807,0.435188323,-0.65400064
-0.229917288,0.0178607702,0.300400972,0.228639781,0.106266245,-0.170695603,0.487485915,-0.277966201,-0.224494636,0.168253705,-0.13206467,-0.496124089,-0.0584461018,-0.133639261,-0.428538203,0.376810312
0.768530667,-0.0888025612,0.382166117,-0.591740012,-0.160383582,-0.12597613,0.524645805,-1.10142982,0.0427503325,-0.259492368,0.43841058,0.107237205,-0.0880494118,-0.162135452,-0.453512043,0.322600424
-0.638277411,0.158397377,0.177706748,0.515859544,0.0595366806,-0.194539905,-0.285566688,-0.431140721,0.508958936,-0.117975645,0.153031781,-0.0718719661,0.114982732,0.237970397,-0.169080481,0.816446424
-0.146892354,0.00923905522,0.18283172,-0.741892517,-0.0039283447,-0.42412588,0.151652515,-0.986050367,-0.120623566,0.163684011,0.586032271,-0.0410766676,0.115075015,-0.304536313,0.0612025708,-0.110549629
0.252317697,-0.237233937,0.00411678478,-0.423324257,0.099967666,-0.0653931275,-0.312773645,0.166553289,-0.351496875,0.0758556947,0.133373111,-0.0208710469,0.0699905753,0.326734841,0.559027731,0.144180208
-0.146280676,0.222776592,0.0125401821,0.134447142,0.359306514,0.115417153,0.219461113,0.254059732,-0.299269497,0.275176257,-0.345776796,-0.530848682,0.119456179,0.356846511,0.674404502,0.427036315
-0.0986514688,0.260160238,0.180226907,0.349539965,-0.593377888,0.174538076,0.592504382,0.483878434,-0.117775984,-0.0513329506,-0.334622294,0.523619235,-0.126188546,-0.58091259,0.0342924371,-0.0381684303
-0.398055077,-0.356372982,-0.164451346,-0.0373453349,-0.0135893384,-0.184710905,0.261297315,0.712006152,0.266979635,-1.09334457,0.156310305,0.317637861,0.0728373528,0.0443117395,0.281723708,-0.544561923
-0.69031918,0.0717219636,0.0802281722,-0.375160754,-0.34050259,-0.788771451,0.352621377,-0.137687773,0.472164989,-0.627462685,-0.194566414,-0.0925774276,-0.166100204,0.0633957386,0.101860046,-0.0507511906
0.479699761,0.229761332,-0.321557492,-0.14931193,0.147371829,0.573363185,-0.269596517,-0.0380642377,0.289456636,-0.49708426,-0.019704178,0.152872264,0.249102786,-0.242378578,-0.691245675,0.233480245
0.184785977,-0.620815754,0.397836238,-0.257830232,-0.44336164,-0.77060467,-0.127732545,-0.769491255,0.302629054,0.770642579,-0.175039619,-0.0593641475,-0.274857789,-0.527571142,0.0874598622,0.433055371
-0.362746239,0.0341144167,0.0926123112,0.436747134,0.33320719,0.311986804,-0.330622494,-0.00017245044,0.0281007178,-0.329186767,0.429349571,-0.313658327,0.0994797051,-0.192003086,0.184964344,0.422831506
-0.0988760144,-0.0858550966,-0.147294283,-0.318606555,-0.957526326,0.432673424,0.000821534544,-0.420804948,0.493785918,-0.032797128,0.475372583,-0.63890481,-0.186093614,0.0822862461,-0.335068971,-0.500334263
0.126301885,-0.17697306,-0.270244747,-0.169438288,0.224116549,-0.0721102655,0.282865554,-0.05310902,-0.628851295,-0.470110446,0.328522533,0.561568022,-0.0980876684,-0.0442711785,0.0422774367,0.190688342
0.0914990231,-0.109698944,0.671318591,-0.201690763,0.210129663,0.309934884,-0.326389194,-0.341851622,0.257737875,-0.243838906,0.246916384,0.31423071,0.340174258,-0.228588894,0.0203037597,0.180202603
-0.249334872,0.0515261814,-0.429768562,0.230936185,0.247336149,0.0155574149,0.0685025156,-0.252648294,0.249679193,0.0229790621,0.31753394,-0.227937639,0.330821872,-0.485214502,0.00557578448,-0.338636905
-0.00597583782,0.0562173277,0.175705358,0.217685103,-0.533542097,-0.341399372,-0.863999367,0.0825692341,-0.0415434428,-0.4834961,-0.0816594362,0.462640941,-0.32608071,0.238690242,0.279114991,-0.720611751
-0.27300629,0.77857852,-0.084105432,0.361895978,-0.195126072,-0.363079667,-0.503938556,-0.262050092,0.0882961974,-0.319725424,0.325708777,-0.150329769,-0.146545246,0.382207006,-0.597623229,-0.430103332
-0.284063131,-0.276787579,-0.130986914,0.482804239,-0.0046823672,-0.153114319,-0.219543204,-0.435650587,-0.140780345,-0.196370795,-0.59392184,-0.508192718,-0.379726261,0.451044202,-0.316798985,-0.202160314
0.0702944994,0.1676009,-0.534196675,0.0611497238,-0.330522507,0.272906482,0.377267241,0.25371778,-0.397572339,0.382185251,-0.0656357408,-0.354090095,0.155872852,0.601509511,-0.279399782,-0.50306356
0.22967653,-0.2880615,0.00915477332,0.262190878,0.177838162,-0.412024736,-0.288002372,-0.0802764893,-0.0254339762,-0.242474064,0.291041285,0.310895562,0.214506343,0.710027218,0.0145828091,0.588917851
0.392748028,-0.266507179,0.216536134,-0.222483486,0.00942065101,-0.490001589,-0.144073054,-0.0068995608,-0.197589383,0.0448603034,0.867372453,0.195668012,-0.364377826,-0.246822923,-0.103065431,0.159508094
-0.594167233,-0.30660975,-0.371859133,-0.348665833,0.380644381,0.134489298,-0.545099139,-0.239241943,0.40885365,-0.530324042,0.545773327,0.00113295263,0.230897069,0.0405830368,-0.389491528,-0.28113389
0.51810509,0.253511965,-0.296372741,0.0764064565,0.308885276,0.115574978,0.302099288,-0.441880226,-0.200459436,-0.119318537,-0.11497625,-0.297378004,0.317259878,0.115501478,0.273822397,0.363362432
0.301069915,-0.0254493151,-0.221308365,-0.619722724,-0.220838115,0.29266721,-0.241447985,-0.455588281,0.304652661,-0.400101006,0.859527826,0.0287475698,-0.485592604,0.391823143,-0.0604743473,-0.055593729
-0.523725092,-0.444346726,0.842594683,-0.16892615,-0.0652070791,0.263064712,-0.123302937,-0.426127821,-0.677158833,-0.274412602,0.295510769,-0.689566433,-0.401729614,-0.179773241,0.383432359,0.424078137
-0.0455853716,0.0643544495,-0.276341736,0.296402276,-0.51372236,-0.515790105,0.221289828,-0.288112253,0.0982509702,0.392304778,-0.0117399292,0.375503302,0.340397179,0.112812333,-0.00806561857,-0.764604509
0.0696017668,0.271891952,-0.0227340106,0.123932898,-0.201853409,0.362268746,-0.558887899,0.0998251587,0.438630939,0.299800783,0.0482064262,0.0216950662,-0.460796356,0.0995246917,0.0789487511,-0.474397987
-0.494248927,0.130247772,0.613581181,-0.546449006,-0.437141865,-0.607794046,-0.207447872,0.255310029,0.220428675,-0.736300528,0.70549655,0.235764176,-0.315250546,-0.233048603,0.538708508,-0.0835078731
0.0828868225,0.429506898,-0.00984254945,0.368725181,0.377742201,-0.285370469,0.257916003,-0.426453531,0.204387099,-0.283225715,-0.28450501,0.389278978,-0.427606732,0.332008243,0.0149409827,0.150305837
0.307109058,0.122671098,-0.0530009679,-0.314679891,-0.603763878,-0.617134094,-0.069488734,0.0198546909,0.254712552,-0.0416781381,-0.236813948,-0.0999123752,-0.705466926,-0.362152278,0.780020714,0.00520677678
0.316871256,-0.826717734,-0.06248983,0.9669047,0.0417195484,-0.226486072,0.5989784,0.43459025,-0.18897903,-0.0291966833,0.0444920398,-0.23515366,-0.033729285,0.0608399138,-0.330826581,0.105632767
0.0771609619,-0.14763996,-0.241272569,-0.145281971,-0.21228677,-0.0691750273,0.514716327,0.326842636,-0.568008304,-0.641151011,0.703637898,-0.0425511859,-0.0753979981,-0.0697670877,-0.445406586,0.0328125879
0.0583886057,0.155616134,0.61244446,-0.168734923,-0.0487567522,-0.228854477,-0.241029084,-0.25150016,0.109296136,0.168494523,-0.00551126804,0.234554037,0.173112839,0.425931811,-0.15679653,-0.0614109039
-0.174211845,0.557282686,0.58548224,-0.0964560807,-0.252276182,-0.0649541467,-0.479853004,0.220149204,-0.629075885,0.62845856,0.617694259,0.240317687,0.185455233,0.467088699,0.172584489,0.108561277
-0.204266787,0.245604381,0.153477386,-0.423375607,0.304622054,0.548181653,0.0871556252,-0.330593199,-0.600201547,0.288544655,0.420176476,-0.0759562775,-0.0642367974,-0.302703261,-0.0374670699,0.386374742
-0.172047779,0.270163178,0.13816832,0.50714004,0.177169442,-0.261649072,-0.0179751888,-0.360815942,0.0595305711,0.131126702,0.0372516215,-0.363379717,-0.0246768501,-0.262088925,-0.29144609,0.0350524411
0.442208529,0.0920487717,-0.0673734322,-0.215427861,-0.13754335,0.417493612,-0.781038284,-0.173572868,-0.0246578325,0.369920045,0.12697719,-0.771541357,0.0396876261,0.111915201,0.22357522,0.390491664
-0.25500679,0.29010421,-0.223298743,0.269300491,-0.706842601,-0.0291227549,0.738885105,-0.468978256,-0.28674534,0.142295539,0.402137339,0.108222015,-0.545044541,-0.415578306,-0.150898859,-0.253460824
0.114322498,0.555524588,-0.283889532,-0.643979967,0.649825454,0.00619333796,0.27630651,-0.299058616,-0.0441750884,0.432191253,0.0555858985,0.0519871004,-0.650184095,-0.49555254,0.28339991,0.0837397501
-0.0253841262,0.352958471,-0.484412491,-0.0310182702,0.00404216442,0.169463158,-0.332385629,0.117554002,0.668587089,-0.0209940411,-0.373193651,0.0612286404,0.275329113,0.333469927,0.0226531271,-0.455810398
-0.514684498,-0.210144073,0.138265684,-0.159274772,0.0173786134,-0.524045169,0.215677887,0.272135377,-0.015337104,-0.492589056,0.266408145,0.0818217248,-0.0499110185,0.14008683,-0.110404164,-0.460950911
-0.471435845,0.284206748,-0.311024725,0.332584858,-0.576853156,-0.0162085053,0.0976546705,-0.013115339,-0.323298693,-0.0428191498,-0.00808908138,0.106656931,-0.312000781,-0.196328118,0.293568432,-0.218086764
0.0176980346,-0.303616881,-0.224219739,0.236223534,-0.0973734632,0.387691796,-0.31667003,0.0516264476,-0.360609114,-0.392264724,-0.847047389,-0.659045219,-0.375628054,-0.303234488,0.25463444,-0.267625779
-0.362866193,-0.382690459,0.0154789016,-0.576091826,-0.00204269914,0.296156585,-0.00498709828,0.611144543,0.330889761,-0.30139634,-0.130403325,-0.269438773,-0.33379814,0.234783992,-0.00987687055,-0.00533524342
-0.22175394,-0.246339679,0.687439799,0.348661929,0.155947417,0.362044364,0.354472309,-0.47980237,0.479500979,0.174375445,0.615737855,0.083110489,0.27512598,0.664430916,-0.257748663,-0.620389104
-0.0153534971,0.0711879134,-0.594708741,-0.0321648568,-0.161063224,-0.184045494,-0.0272051543,0.695052564,-0.414978832,0.51075083,0.2080428,0.0729516298,0.097009033,-0.240302339,-0.0358865932,-0.480066568
-0.0778841823,0.0609173179,-0.514685273,-0.194850624,-0.392890573,-0.572901487,0.766652703,-0.62880528,-0.241858631,0.222740069,-0.157815933,-0.0406471081,-0.284577042,-0.285559565,-0.142878279,0.281967819
0.505125761,-0.0790900066,0.245596021,0.490796208,0.0131489811,-0.456572592,-0.231911942,0.345322311,-0.178291723,0.290685862,-0.106547199,-0.0969202071,0.382514596,0.115705714,-0.154164061,-0.372218728
0.279645711,-0.0194417816,-0.134357065,-0.558328509,-0.55012548,0.506905675,-0.404661685,0.461863697,0.0297127124,-0.132606506,-0.224599689,0.20119895,-0.089341335,0.392861515,0.326917052,0.0560305193
-0.0182271432,-0.846110702,-0.274820238,1.30514431,0.0941431969,-0.122004457,-0.285321772,0.529402375,0.0137190241,0.281175405,0.371046126,0.750021279,0.507619917,0.307340294,-0.0108210538,-0.152756333
0.0568837039,-0.712324619,-0.0236147363,-0.425417811,0.0441538617,-0.312389076,0.383548141,-0.239036888,0.906706512,-0.0635848269,-0.12631461,-0.356916487,-0.108013019,0.326827556,0.517645359,0.024194533
0.473349184,0.565630555,-0.243792057,0.696493149,-0.206252098,0.334263831,0.183190078,-0.0731755942,0.508012712,0.55057174,-0.280354619,0.420676708,-0.559127808,-0.200555146,-1.06097507,0.248951629
-0.463768333,0.223021716,0.0261643846,0.386577725,0.569701374,-0.889371455,0.895592332,-0.490380555,0.256006509,-0.307587326,0.416806668,-0.368304074,-0.164875001,0.4175255,-0.18292889,0.0889480561
-0.0391783156,-0.852643371,0.010915136,-0.0769036412,0.0115376879,-0.668148756,0.681582987,-0.504288852,-0.105973437,0.16061765,0.030280441,-0.417944074,0.50237453,0.438985735,0.202685565,0.474962115
0.211099297,0.415779978,-0.0956060216,0.662615418,0.149659902,0.366350889,0.660180748,-0.09963689,0.123011649,0.321391135,-0.233295023,0.297803551,0.222919986,-0.574804723,-0.368436664,0.555887818
0.12802203,0.507769644,-0.56307435,0.0387694314,0.0748246834,0.24574706,-0.0432162285,-0.0774871409,0.157122865,0.0216437485,0.000753292814,-0.307717443,0.469006747,-0.307235271,0.337633848,0.0382409543
0.461720288,-0.52573514,0.241052434,0.187848136,0.322811514,-0.195088357,-0.511738122,-0.523876071,0.188687593,0.0485694371,-0.648854136,-0.0751844496,-0.301131278,-0.019134853,0.386568934,-0.116084121
0.0199759658,-0.0241319686,0.206861228,-0.274568081,-0.225953937,-0.10392379,0.245601863,-0.194097236,0.171460092,0.507061839,-0.301155388,0.16492103,-0.143394619,0.393965006,0.0108668916,-0.179766446
-0.164709613,0.613522232,0.182568908,0.195346624,0.127383739,-0.409381866,0.472208053,0.00527915545,-0.0407597609,0.103487134,0.18579483,0.380683601,0.21578224,0.500075579,0.207577109,-0.598666012
-0.615264714,-0.192930028,-0.506335616,0.1739382,0.215581819,0.152521059,-0.23121959,-0.296962798,-0.106916465,0.0671615079,-0.0323027298,0.274495333,-0.00848965906,-0.156662226,0.333087295,0.483825415
0.510269523,-0.288865834,-0.761944115,0.513857067,0.533468485,-0.0783288255,-0.469681859,0.00867112167,-0.226793528,-0.407339096,0.624014974,-0.017128706,-0.595437109,-0.270481378,-0.697701037,-0.584707856
0.17663002,-0.231921032,0.133462802,0.435091317,-0.264580131,-0.589141369,-0.0417678356,0.520674884,0.210978672,0.0830560848,0.101481028,0.241722077,-0.616333485,-0.239334881,-0.159951985,0.522534013
0.416942149,-0.280799687,-0.0294765811,0.175787762,0.358593374,0.131617188,0.667601705,-0.221949667,-0.00633665873,0.110969029,0.0277823489,-0.0972002074,0.528108835,-0.570284426,-0.0600293614,0.167214647
0.0270320401,0.415418267,0.376016259,0.453760535,-0.259232134,0.685257494,-0.126924813,0.275731683,0.0540771708,0.60177511,-0.396651506,0.320991904,0.0899536014,0.113623917,-0.291666508,0.00740946177
-0.140427247,-0.253901631,-0.264362186,-0.550584972,-0.807946026,-0.312159359,0.386420578,0.176478937,0.325838089,-0.690540373,0.0264660604,0.160243958,-0.123169661,0.338727921,0.111758143,0.622304738
0.0893554688,-0.16740571,-0.358566731,0.155060172,0.181103975,0.197506949,0.356056482,0.0686836466,-0.623632312,-0.293726146,-0.417686522,-0.328917176,0.222527012,0.238642544,-0.0544869937,-0.101205975
0.0875471532,-0.466371983,0.260957003,-0.288814336,0.24409318,-0.313108891,0.00364581402,-0.101983733,0.326096952,-0.617274523,0.176659659,-0.266063392,0.311969489,-0.007513077,0.369515032,-0.17707181
0.0666039363,0.479152828,-0.0732750744,0.0571475439,0.173022985,-0.825800061,0.0635911599,-0.184251904,-0.065563716,-0.0908514932,0.339899659,-0.0339406542,-0.61003387,0.246934071,0.38506946,-0.903986454
-0.131752297,0.350231707,0.346550703,-0.457689732,-0.445625037,0.346010119,-0.130869061,-0.0334089175,-0.204613134,-0.383617073,0.525732338,0.136428773,-0.660528302,0.243045211,-0.20742467,-0.46804741
-0.409705848,-0.0773290917,0.319384485,-0.108616441,-0.232979685,-0.118719533,-0.187836081,-0.0125526926,-0.655033231,0.847846687,-0.113669574,0.0596541166,-0.0938456655,-0.779771924,-0.849764824,0.286684692
0.327255011,-0.99495095,-0.271746159,-0.101761296,-0.185129091,0.0733497292,-0.324781656,0.572222292,0.152594045,0.180515662,-0.203566328,-0.610455275,-0.114992701,-0.0070361346,0.282298744,-0.0478829294
-0.39176634,0.428626001,0.101879157,-0.0373446085,0.00388165237,0.173445672,0.208437324,-0.141541705,-0.263059676,0.281110942,-0.336562306,-0.37580663,0.196722463,-0.174714655,0.394860417,-0.282071501
0.441580534,-0.747635245,0.170576558,-0.324276716,0.0751357749,-0.0723855644,-0.30005464,0.0437187292,-0.358892888,-0.148401365,-0.0326046422,-0.245094791,-0.794333577,0.220925614,0.123287559,0.0937379524
-0.146234512,-0.836424232,0.61868763,0.628540516,0.543411493,-0.354476422,-0.274581224,0.291180223,-0.179207936,-0.0768396705,-0.167874396,-0.260841608,-0.0832203254,-0.445209473,-0.239677534,0.00817452837
0.277223319,-0.28059864,0.137689874,-0.365469456,-0.0822803751,0.219226494,0.632128656,-0.108517833,-0.0747343451,0.169081926,-0.277481586,-0.179180384,-0.5110659,-0.114570864,-0.279713959,-0.820295036
-0.0939865708,0.391472667,0.268537641,0.314847946,-0.0801048651,-0.128906623,0.16602014,-0.194673255,0.0256083496,0.16388388,-0.0496788472,-0.390876889,0.199792355,0.0838472396,0.215263054,-0.096938014
0.914972246,0.373741001,0.437695235,-0.252687037,0.146410465,0.375964493,0.0679604113,0.0463265479,-0.431441367,0.845125973,-0.144406125,-0.0743801892,-0.0778490528,0.0824798867,-0.196571454,-0.560657978
0.265708506,-0.505067706,-0.357275099,0.398187011,-0.675596952,0.434530348,0.351460755,0.121065184,0.0435957499,-0.350094289,0.411465943,0.110845178,0.293466747,-0.453088701,-0.489450961,0.391734809
-0.420673162,-0.283939451,-0.107361428,0.476904631,0.0170206111,-0.329513043,-0.933148563,-0.129640877,-0.119888857,0.0449059866,-0.882903576,-0.284362257,0.0397393294,0.329195797,-0.556903243,-0.183362931
0.175821126,0.467051744,-0.372854829,0.0132030761,0.399548262,0.143895522,0.608565748,-0.289602011,-0.0691114441,0.223926857,-0.314792007,-0.117546856,-0.19343105,0.498346776,0.074664101,0.384334415
0.271471977,0.323321491,-0.110152856,0.31869638,0.168441236,-0.545232594,0.207729191,-0.51173234,0.296610743,-0.062897861,-0.0442730039,-0.222204104,0.121758841,-0.201851994,-0.228949726,0.633076429
0.77234304,0.0213384815,-0.373602331,0.682676435,0.0281191021,-0.116744287,-0.125097111,-0.417136103,0.152037829,-0.259595364,-0.0605450906,0.488481373,-0.162797689,0.252626777,0.589131117,0.477167934
0.456130087,0.30681327,0.115800053,0.438563585,-0.0173678361,-0.120863698,0.201348141,0.23103109,0.0434442982,-0.213315278,-0.653675973,-0.258657753,0.553837299,0.358862191,0.542911053,-0.269174993
-0.481667012,0.675660312,0.0281238016,-0.202445179,-0.300645977,0.101923436,0.56216234,0.258216977,-0.518228471,0.260250062,-0.583103061,-0.498624831,-0.418924272,-0.0103568071,0.713501751,-0.5677526
0.441370577,-0.372178584,0.365879178,0.108636945,0.566305041,-0.0183387455,0.389001459,0.0705174133,-0.179447904,0.49567616,-0.00437848922,-0.328019351,0.399010062,-0.308737159,-0.280370265,-0.0920877159
-0.222139075,-0.143066615,-0.20457755,0.10582076,-0.050494954,-0.504531324,-0.398153871,-0.202823117,-0.280796289,0.41985321,-0.113939598,-1.25447476,0.257101655,0.249007523,0.0413529575,0.169386089
0.0438989028,0.448167682,0.170014977,0.444529682,0.11157658,-0.0269724932,-0.529116094,0.0487011932,0.348301768,-0.0939439312,-0.527983427,0.165845186,0.263893634,0.118626595,0.597610414,0.384906173
-0.220192268,0.516881049,-0.122153535,0.0681575835,0.314714611,0.158709541,0.288784653,-0.537723899,0.240645081,-0.443365425,-0.352588207,0.100251757,-0.163191989,-0.253806233,0.220287547,0.0398697257
0.409676731,-0.685027421,-0.0470165387,0.085865058,0.501306891,0.243296862,0.077116549,0.501367688,0.0333236828,-0.0294599384,0.150335416,-0.046190735,0.342037231,0.476550609,0.152300924,-1.0395509
-0.919277966,0.371908128,-0.636962891,-0.159687474,0.119742364,0.607982218,0.732468843,0.667879283,-0.326039314,0.189589381,-0.416640192,-0.0710747093,0.102748305,-0.283120871,-0.0754909143,-0.426191956
-0.128110737,0.370063633,0.0190901179,0.263080448,0.459513098,-0.158187136,-0.316437304,0.732806325,0.261443466,0.332842827,0.159291491,0.0717104748,-0.24443078,-0.0599060096,0.319191873,0.324742287
0.350656569,0.283435762,-0.154497042,0.254119366,0.0888202488,-0.0800606161,-0.264024019,0.214496717,-0.642172158,-0.480782241,0.205233306,-0.535332203,-0.712323606,0.301151663,-0.53868711,0.0646861345
0.138240442,0.177306503,-0.0774837583,-0.13490212,-0.328218848,-0.00852207094,-0.276667774,-0.493060946,-0.691086292,-0.361531645,0.247902974,-0.646410704,0.56563437,-0.367894441,0.517429888,0.399729788
0.0520937033,0.63498348,0.170326635,-0.190963224,-0.36357677,0.134525448,-0.136791721,0.00676854793,0.259595931,-0.427494258,-0.375313967,0.48059687,-0.000704791397,-0.482919186,-0.668550253,-0.23218742
0.198916048,0.461620837,0.67837894,-0.244105399,0.854570746,0.487969011,0.540117979,0.100457065,0.0246179793,-0.0706036091,0.563432038,0.0754293725,0.376383096,-0.142126158,-1.49967945,0.125358477
0.493898183,0.366090268,0.666343033,0.0144455433,0.496994704,-0.0415924899,-0.020135846,0.821598828,0.0783032626,0.336827725,0.465568066,-0.0307717249,0.0839256272,-0.203211993,0.0371219143,0.517220259
0.0965221599,-0.322620511,-0.390494883,0.679215074,-0.167583138,0.20344457,0.462018937,0.0436300263,-0.249538332,-0.242174461,0.0876577049,-0.166177422,0.451057464,0.0465168208,-0.0379595421,0.0766627192
-0.123512991,0.265133739,0.329482973,0.181509927,-0.134329826,0.0662505031,0.108645573,-0.258205473,0.447747827,-0.219699323,-0.0070989402,0.0180955343,0.00574811129,-0.0326138847,-0.243318737,-0.705630302
-0.57122457,-0.166282877,0.282631695,-0.282616079,-0.389494658,-0.052718319,0.0581803657,-0.239292249,0.107633904,0.0428013392,0.548233926,-0.315760434,-0.0826378167,-0.109989703,-0.920029163,-0.00573359802
-0.662549615,0.883629024,0.223672226,-0.0915021896,0.105252847,0.499927014,0.25556618,0.246370852,-0.440312475,0.29530251,-0.0267092045,-0.447382092,-0.108016506,0.517864168,0.410175085,0.401286572
0.233831525,0.461491078,-0.102979273,0.0624511652,0.553790092,0.364906579,-0.0622918308,0.409955889,-0.454447806,-0.42831549,-0.749986827,0.440000355,-0.202023625,0.743929088,0.116099618,-0.406175375
-0.668119013,-0.105401009,-0.201248363,-0.274453521,-0.0677852109,-0.475299239,-0.781241417,0.226754978,-0.0279563535,-0.0822099447,0.0755045265,-0.209536642,-0.21889697,0.11564263,0.42532447,0.286545515
0.24319768,0.384754032,-0.21460107,-0.212352723,0.0159776621,-0.0494706742,0.335862249,-0.048403956,-0.106068537,0.499902785,0.109119855,0.0297371987,-0.232840002,0.800211787,-0.0513875522,0.580101788
-0.134938776,-0.313965946,-0.239352867,0.404432386,0.636434197,-0.140773579,-0.0670070201,0.26593408,0.241452768,-0.112719432,0.0254032239,0.29609707,-0.308479697,0.219120488,0.0357200503,0.586326957
-0.14026466,-0.0527071953,-0.0706977323,0.697622538,-0.151013374,-0.105341054,-0.305524439,0.852865577,0.250839978,0.016462341,0.155973062,-0.447659701,0.167436272,-0.297056586,0.246970996,-0.0467183888
0.412159383,-0.0441869535,0.132240757,0.277525514,-0.0938496292,0.388288736,-0.170026451,0.29952994,0.177974179,-0.238617718,0.294959068,0.0377415717,-0.0469142869,0.377967179,-0.405910194,-0.217535481
-0.567563117,-0.0581552424,-0.585038185,-0.493412346,-0.714446485,-0.133052051,0.248038486,-0.022154728,0.0700964406,-0.152988568,0.139372528,-0.048277799,-0.264527649,0.103447385,-0.116482899,-0.272458017
0.202636331,-0.405204087,0.239693716,0.590973318,-0.153467119,0.473687112,0.233565062,-0.421150982,-0.269121706,-0.120382801,-0.341424584,0.702108085,-0.270430088,-0.246243745,0.283979684,0.268953681
-0.0967220068,-0.57280165,-0.649965584,0.659501731,-0.536233723,-0.518343389,0.0368908271,-0.236007497,0.406569749,0.10038548,0.193209708,0.133872002,0.507609785,-0.0493955575,-0.264798343,-0.333914131
0.209747374,0.67213428,-0.501606524,-0.0243247747,-0.598775089,0.261331469,0.229028448,0.306040168,-0.341899812,-0.0812245011,0.082439281,-1.14733684,-0.120310307,-0.0109208561,0.232143536,-0.693817198
-0.240919635,-0.341302991,0.101800978,0.179897785,0.0339666195,-0.20368807,-0.09595754,0.825639188,0.102610856,0.0104247825,0.164096788,-0.0376805142,-0.301100194,0.267408013,0.229799271,-0.387523115
-0.253861189,-0.217641845,-0.00685335323,0.16377537,-0.0185201187,0.119601972,1.00147331,-0.139233768,-0.128311232,0.208730489,-0.138951987,-0.0859491676,-0.0320683978,-0.498089522,-0.584577918,-0.420868605
-0.0897924602,0.300359666,-0.432415783,0.0983954817,0.0261187889,-0.705167294,-0.253986508,0.431238025,0.166038647,0.131254494,0.402083069,-0.119661033,-0.128982514,-0.719511867,-0.236260012,0.734837472
-0.1818472,-0.0111652184,-0.101846226,0.159100741,0.595228195,-0.120396443,0.248860598,-0.101506703,-0.0250908025,0.434565336,-0.199912444,0.0116251912,0.210720867,-0.361830771,0.980156422,0.0357454494
-0.696344852,-0.485250324,-0.00157583598,-0.255285203,0.137078926,-0.307976454,-0.141263664,-0.26889044,0.0368234441,-0.0019035954,1.07833409,0.282076061,0.466469586,-0.168592304,-0.183228254,0.583220899
0.204036206,-0.447529107,-0.214375988,0.110970564,-0.00239344873,-0.303959638,-0.101460107,-0.30459097,0.0567089841,0.328525305,-0.280197352,0.265021235,-0.0514391325,0.0277779605,0.108265944,-0.00367422029
0.967505217,0.2549375,-0.606295228,-0.653876305,-0.0675985441,0.174050033,0.293940812,0.1578798,-0.574642301,0.752048314,-0.174723476,0.0645339638,0.189301148,0.0312331021,0.25648886,0.56773293
-0.554843187,-0.449943721,-0.128600672,0.0502496064,0.783031225,-0.136140838,0.162945494,-0.366607904,0.641815066,-0.723352194,-0.300912738,0.0570873767,0.381780744,0.216014341,-0.139364526,0.101828501
-0.570239544,0.111820251,0.176171154,0.0959259272,0.214503571,-0.097423315,0.506278038,0.515910745,0.683245897,-0.155704662,-0.155950382,-0.425785273,-0.266053349,0.751837313,-0.111717872,-0.099280946
0.0695874393,0.0246277433,0.931674123,0.338165045,0.159595609,0.372281313,-0.557818174,-0.0952746347,-0.684088051,-0.0378259942,-0.0607645214,0.162197739,-0.178762108,-0.250266463,-0.0651886165,-0.210035622
0.480701238,-0.302453458,-0.982396901,0.121825188,0.00552420272,-0.706169784,-0.369045079,0.586741328,-0.222221062,0.040458113,0.117222041,-0.208859891,0.108165756,0.602164388,0.233547151,-0.0306723174
-0.648708224,0.14540866,-0.44535163,0.028801512,0.262523383,-0.23742485,0.0534140579,0.14214468,-0.0093716234,0.415541559,-0.217505053,-0.27345565,0.235664487,-0.1934921,-0.398145318,0.769132674
0.373864144,-0.231074557,0.158858076,0.194909364,-0.383372545,0.401879668,0.358803034,0.0168778189,-0.433578134,0.876549363,-0.134869993,0.301606297,1.4602983,-0.250369877,-0.030591717,0.190883934
0.732139111,0.714940071,0.16309391,-0.107659318,-0.0983268172,0.302336842,-0.364733964,0.211499572,0.386848629,-0.276537269,-0.274030834,-0.291201621,-0.33102116,-0.14167507,-0.0373917669,0.227375329
0.199075088,0.280300021,-0.571963251,-0.323558927,0.22750096,-0.221279204,0.778585374,0.134732559,0.0211384408,0.142403662,0.0606556386,0.620987713,-0.248966128,0.656359315,-0.0159566477,-0.252794504
0.563685834,0.0920731574,-0.665131748,-0.107496932,-0.153708607,-0.198371589,0.037031088,-0.478970885,0.327384681,-0.326299608,-0.025119463,0.0375081599,-0.101856716,0.23092261,-0.264248163,-0.108831517
0.341335326,-0.498651892,-0.123456128,0.583855391,0.0798875168,-0.332082123,-0.327337444,0.289130121,-0.115425237,0.371523827,0.17832011,-0.79773128,0.0507140532,0.0375666618,0.137555361,-0.837728322
0.0175485946,-0.385201275,0.203039601,0.462069511,-0.311802477,0.663195848,0.14952758,0.0710321739,-0.367792219,-0.585677266,-0.49971801,0.368497759,-0.0261802003,0.0933923051,-0.0702354088,0.500798166
0.0486395806,0.396779478,0.122509427,0.148252204,0.16336675,-0.118020028,-0.662898719,0.439770848,0.178499401,0.0376972109,-0.42566973,-0.145421237,-0.088526547,0.446077138,-0.0258701574,0.0330198072
0.27769962,-0.179609656,0.302031249,0.0612671599,0.648834705,-0.348650068,-0.23636815,0.168304279,-0.0908563212,-0.470925033,-0.0929010212,0.160566762,-0.191874221,0.446256578,0.432880938,-0.297863752
0.179368943,0.522522211,-0.0235763416,-0.313785344,0.0144009367,-0.0712395236,0.262420386,0.407732338,0.0187246744,-0.099682726,-0.478335708,-0.533235013,-0.160718575,-0.569395781,-0.0983526707,0.0874743238
-0.210989952,-0.283484459,0.145544142,0.300250441,-0.606969476,0.0793031454,-0.280003041,-0.691381872,0.79804951,0.130555794,0.140186906,-0.689263821,0.649829209,0.0110434517,-0.237842977,-0.401823282
-0.090248473,0.0831716359,0.236905932,-0.158000648,0.269760668,0.0217118468,0.00622112537,-0.233762443,0.624364138,0.00427740812,-0.309995413,-0.601236999,-0.0784554556,-0.632533014,0.235127687,-0.626147151
-0.275393486,-0.0143999662,0.166899845,0.225354508,-0.25374651,-0.154035032,-0.150347754,-0.460471511,-0.230772719,0.336351365,0.379417181,0.0789980292,-0.227417633,0.249002486,0.201880097,0.0944340751
-0.0177076571,-0.180845961,0.401584506,-0.153795123,0.254366785,0.272415608,0.423838496,-0.0401366837,0.431630492,-0.0782545581,-0.0796966851,0.17041041,0.0332466587,0.531898677,0.312143892,-0.414835691
-0.0598429441,0.507114291,0.0474341847,-0.0112384921,0.766056061,0.811956227,-0.00617394922,-0.497032493,0.15609543,0.0642683282,-0.0954337344,0.506656766,-0.232529327,-0.0559104085,-0.106436595,-0.262629926
-0.288920581,-0.162645787,-0.10171745,-0.194606483,-0.442516387,-0.268228531,0.363896817,0.00537255872,0.63322854,-0.36071834,-0.627572954,-0.307798296,0.496286333,0.123746507,-0.330556512,0.460853517
-0.241434008,-0.395319372,0.254680634,-0.0487699211,-0.657570064,0.115431175,-0.510133207,0.054214824,0.208801478,-0.0599110723,-0.31588766,-0.104699522,-0.280095816,0.260088593,0.120650791,0.162596822
0.135898754,0.297320336,-0.424510211,0.0691415295,-0.674473882,0.0084398333,0.344478935,0.0779613405,-0.0518970042,-0.474270463,-0.472715139,0.128865227,-0.180496827,0.529963851,-0.0338270292,0.416150361
-0.537509143,0.606434166,-0.150244102,-0.413753033,0.619719326,-0.303260565,-0.249764889,0.411948472,-1.08273458,0.307635754,-0.175398827,-0.340783268,-0.01478347,0.626524389,0.493106842,0.113145746
-0.235199258,0.0600320175,-0.3213875,-0.20928821,0.180812269,0.404690176,-0.402293265,0.472257584,-0.364948541,-0.0572249293,-0.138865292,-0.048744522,0.457581133,0.155436203,-0.439637184,-0.238573179
0.424304724,0.241602316,0.362973213,-0.372733027,0.323019713,0.186667383,-0.164072603,-0.165783688,-0.0508855321,-0.0313875265,-0.123480245,-0.348289341,0.225518078,0.132854864,-0.141187385,0.216104954
0.201725468,0.0622117333,-0.276446342,-0.0943047106,0.389982164,0.055518508,0.714511037,0.0329520591,0.220615447,-0.492518961,-0.253867924,-0.301481456,-0.180727646,0.151544511,-0.00113421492,0.100787446
0.341514498,-0.292139322,-0.0894607455,-0.196754396,-0.713577211,0.359735161,0.273693234,0.24550733,-0.114994168,0.0640234426,0.218905181,-0.418264478,0.308935344,-0.242307812,0.344887078,-0.0921940356
0.0343597233,-0.499239355,0.406772554,0.0686986968,-0.405398607,-0.444090635,-0.0855460539,-0.196436211,0.168030247,-0.233722985,-0.0836999342,-0.315204024,0.127212957,-0.681675315,0.177137136,0.3716304
0.517829537,0.201176956,0.259807259,0.707752466,0.186428472,-0.205637679,0.313741088,0.163913786,-0.555725038,0.150473461,-0.038463179,0.324914783,-0.509916544,0.131257594,0.172340393,-0.379201174
-0.236879155,0.0682373941,-0.0587742403,0.103910573,0.322572738,0.322308451,0.124781616,0.142570376,0.593748868,0.0480269343,-0.00799862854,0.78618449,0.371786505,-0.234765694,0.0859528705,0.822872579
0.737936556,-0.656670034,0.403839737,-0.385136038,0.251270562,0.802813709,0.149255335,-0.363740504,0.491015136,-0.147752911,0.105676986,0.118068583,0.006102819,0.208964646,-0.0977740735,-0.166892543
-0.0775644779,-0.550849199,0.87879473,-0.264264196,0.0749398693,-0.132989138,0.392764986,0.00928888284,-0.306764334,0.285886675,-0.0260450114,-0.443759114,0.272360981,0.0342932642,0.32139647,0.404276103
0.377368718,-0.342259467,-0.222853005,0.586948812,-0.301039308,0.177406013,0.658937037,-0.0732951835,-0.519552112,0.724800467,0.122117922,-0.280736119,0.191585451,0.141200021,0.223437637,0.0511531495
-0.315126717,0.229297712,-0.100417271,0.147976577,0.143868104,0.29514882,0.251393706,-0.171426967,0.197335094,0.321662515,-0.692272246,-0.65056926,-0.032379888,0.1360818,0.13229081,0.165486366
-0.0439447537,-0.697412968,0.248985872,0.155240044,0.552471161,0.47184813,-0.234805092,-0.20941484,0.360978216,-0.0370264165,-0.11294955,0.308822542,0.352817595,0.514694929,-0.170778424,-0.269884437
-0.183080494,0.402058572,-0.166624337,0.266570002,-0.642507732,-0.363336951,-0.89119339,-0.0213042609,0.0680067018,-0.129633039,-0.153186917,-0.0935761184,0.19483012,0.0402622223,-0.394939572,-0.372508705
-0.122220084,-0.0753047317,-0.446300507,0.252215862,-0.318903983,-0.18992196,-0.0745367855,0.722826898,0.183797449,0.114540182,-0.147474349,0.240440816,0.400482148,0.420505673,-0.705077529,0.777573645
-0.0655173361,-0.0212974604,0.068560563,-0.645023465,0.0672559068,0.0145725328,-0.119265012,-0.182544485,0.0663876757,0.42844364,0.20224458,-0.107077323,0.314302087,0.393480211,-0.0182598457,-0.660660684
-0.204261869,0.480482042,0.317121416,0.0196147021,-0.224340513,0.346697837,0.663992047,0.335669875,-0.149710566,-0.233297452,0.0350697413,0.200565383,-0.0421460606,-0.37210837,-0.133374125,-0.0747940913
-0.00432269834,0.132034466,0.634245813,0.704641581,-0.232205451,-0.254703522,0.0451776758,0.376360267,0.258749247,-0.367094189,-0.234360591,0.958302736,-0.522185683,0.390197963,-0.210286275,-0.21767804
-0.0920423791,0.492601752,-0.119212136,0.234253585,0.468708605,0.278401554,0.0639308617,0.228410378,-0.305006802,-0.234183878,-0.812525868,0.142635301,-0.0909099728,0.195569515,-0.0854414329,0.501875401
0.0602316931,-0.692438483,-0.363292366,0.304901809,0.103039198,-0.425631851,-0.46574223,-0.103663117,-0.307973027,-0.224036723,0.487326205,-0.161624685,-0.324353039,-0.586218715,0.797984123,0.282732546
0.195621297,-0.378356278,-0.520466089,-0.183948949,0.0101404116,0.396892101,0.517340422,0.380473226,-0.0236775577,-0.405621797,0.285931617,-0.484545261,0.658656716,-0.537549734,0.300299525,-0.0683132783
-1.26441312,-0.407027453,0.375363201,0.0305754151,0.54910773,-0.135964423,-0.160456672,-0.299404085,-0.476252198,5.97052276e-05,0.150631174,-0.362597108,-0.0914253518,0.00882175006,0.247727484,-0.125865802
-0.702126086,-1.04612446,-0.129557341,0.667610884,-0.206041142,0.0503033921,-0.576627314,-0.0296481773,0.0140202958,-0.203757823,-0.221556634,0.247198537,0.0679488927,0.547146857,-0.71011889,-0.0453205109
-0.157311067,0.0938347876,0.059458185,0.0959255472,0.200251654,0.44149074,-0.378396869,-0.377616853,-0.0266901962,-0.529615521,0.0247142464,-0.133572653,0.369808495,0.0610909387,0.514931917,0.288204849
-0.437235147,-0.119418927,-0.0777400509,0.0939515159,-0.205512181,-0.0792824998,0.444385141,0.319950879,-0.00377968745,-0.748842597,0.145882189,0.0356508084,0.0651647672,-0.0744048357,0.481175929,-0.613776684
0.399430931,-0.332193434,-0.0868541226,-0.411916673,-0.364486277,-0.736493945,0.10438218,0.759696424,0.524349272,-0.10019251,0.446750849,0.238459229,-0.659391761,0.0781657994,0.379384995,0.0783438459
0.260995567,-0.346482933,-0.613289833,-0.438978672,-0.335601211,0.121908277,-0.14144972,-0.654860735,0.310916275,0.681758046,-0.603810728,0.024707403,0.47750771,-0.11966043,-0.397094488,-0.15442504
0.211704284,0.668381989,-0.129227817,0.0791215897,0.0934126675,0.099219203,-0.333124161,-0.655443192,0.18215692,-0.228203058,0.0221955068,-0.308850408,-0.104761779,0.154674947,0.188027769,0.020279333
0.00511768414,-0.0400290899,-0.240940019,-0.170476511,-0.205891162,0.427458495,-0.140569925,-0.612765431,-0.0251975358,-0.957495987,-0.149275884,-0.218851924,0.419215739,0.233819678,0.272658616,0.0531579405
0.611271083,0.542849183,-0.0538725108,0.489002198,0.883412063,0.444230586,-0.134423569,-0.344348639,1.34453321,-0.0825008154,0.0522023849,0.309015244,0.142286435,-0.41232127,0.312511593,0.0776496306
0.715142369,0.17905876,-0.180974618,-0.648597181,0.173428491,0.06371025,-0.0518298149,-0.51606828,-0.395186067,-0.156505898,0.389598519,-0.341391981,-0.207178175,-0.240986854,-0.0185242482,0.198224694
0.223335221,-0.706017315,0.443615496,0.604670346,0.0380066969,-0.396240324,-0.116262227,-0.604309916,0.0140614603,-0.193345428,0.166176334,0.957215667,0.396276802,0.795850396,0.0335480757,-0.324259222
0.435165435,-0.209655061,0.192873538,-0.144655794,-0.19478637,-0.0550722107,0.0832164735,0.384722918,-0.27167362,-0.319821566,0.271201879,0.0491587892,0.121233396,-0.163158417,0.183824241,0.445978761
0.0693524927,0.0758762211,0.0960613415,-0.526620269,-0.204027519,-0.204288974,0.0949955359,-0.319147319,0.277785212,0.417030185,0.157192022,-0.523106456,-0.224590093,-0.262912631,0.0280138422,-0.822528481
-0.014956315,-0.592658043,0.111001648,0.336189508,-0.154332206,0.165624201,0.0495852232,-0.363255411,0.237064466,-0.319819927,-0.23212342,0.448163271,-0.730124176,0.44318819,-0.28117457,0.536218345
0.910564482,0.223485529,0.0898792297,-0.313416719,0.45925191,0.011819154,-0.389442772,-0.0661201626,-0.0255636107,-0.118107557,0.28646186,0.136337161,0.474137515,0.476658911,0.405977547,0.115901753
-0.130243883,0.575972438,0.445565552,0.728547513,-0.0209132768,-0.338566244,0.00606389251,-0.556627333,-0.0847333148,0.070760034,0.296110064,0.18244198,-0.372921526,1.31469679,-0.132177979,0.454571187
-0.0920599476,0.0808229148,-0.0865064785,-0.144567519,0.461501092,0.0185635351,0.150334775,-0.0100647509,-0.191710919,0.165720031,-1.08255303,0.414680749,-0.283404559,-0.394183785,0.246688575,-0.347115517
-0.239941388,-0.437055707,-0.022272585,0.448039889,-0.00183154643,-0.236183837,-0.137957364,-0.0737550259,-0.049728822,0.212637305,-0.179223195,0.330570191,-0.13170743,0.347629845,0.264731288,0.0300402418
0.55798316,-0.00157489069,-0.0722434074,-0.0818820149,0.497914016,0.0399306864,0.0324666314,0.162133887,0.307855159,-0.558769464,-0.0397092588,-0.183396727,0.610912442,-0.0751322508,0.277884632,-0.0472916216
-0.144308329,0.0812268853,0.00627058139,-0.207021996,0.186895713,-0.0930896848,0.103284851,0.213227019,-0.151877433,-0.00398679357,-0.00792973302,0.715749145,0.169351414,-0.249995828,-0.206947386,-0.092203401
-0.167949259,0.196500421,0.37362349,-0.0249463487,0.250346959,0.586661041,-0.0542458929,-0.296845645,1.01094735,-0.494408578,0.121374369,0.135227099,-0.463627011,0.381571114,0.34516257,0.52227968
-0.212197408,-0.130479485,0.203903899,-0.206220224,-0.410739988,-0.477294266,0.0441474877,0.377804577,0.293284565,0.397753328,0.0294734165,0.023627812,-0.415233523,0.601791501,0.142065629,-0.364502668
0.31561026,-0.0977455005,-0.642162383,-0.0289534591,0.637677014,0.0227029976,0.34800747,1.36966538,-0.0571005382,-0.155587107,-0.409070045,-0.0452383794,-0.353521526,0.00382191967,0.190449029,-0.260919958
0.546635091,0.136516571,-0.393538386,0.252410263,-0.293068409,-0.319957227,0.0371685214,0.323400795,0.996664345,0.342867702,0.244208038,-0.261105031,-0.111197025,0.367510617,-0.291666806,-0.258302867
-0.151025921,0.223454833,0.13377212,-0.339773357,-0.171419472,-0.0553904325,-0.00130181201,-0.375830203,0.346408933,0.548938751,0.563529909,-0.296492547,-0.414490283,-1.1105572,-0.193764433,0.247160777
0.239348605,0.575372159,0.0994678289,0.656493962,-0.335904658,-0.587401092,0.416808456,0.195614293,0.283943832,0.578913331,-0.0993042812,0.246550635,0.427884191,0.0120170796,0.320334882,-0.150986627
-0.0282509439,-0.582899272,0.547783434,-0.345240712,-0.222529069,-0.0689511225,0.0649540797,0.847829998,0.310799927,-0.234394148,-0.169963762,0.118804269,0.0875511169,-0.365044951,-0.0421470478,-0.028654471
0.766038358,-0.289880931,0.292050183,0.285074681,-0.101212524,-0.600765526,0.494021207,0.164407268,0.48119089,0.776548445,0.288969785,0.120886341,-0.0787072182,-0.6581285,-0.0821273848,0.408415437
-0.245293334,0.420810878,0.345884323,0.319840103,-0.327482253,0.439458102,-0.528157711,0.192805484,-0.0629912913,-0.23555398,-0.339860499,-0.165929958,0.565890372,0.482505739,-0.76862973,0.353763103
0.00142242294,0.662736952,0.0101665678,-0.395741314,0.205555454,0.22599493,-0.0426023416,1.09286654,0.176079556,-0.355983704,-0.247859254,-0.103108898,0.648003638,0.167100087,-0.00233839778,0.235588506
-0.183774829,-0.325602233,0.0822619721,-0.162126929,-0.203299463,0.298027128,0.182522073,0.319825888,-0.357756644,-0.231224626,0.123411722,-0.0198208001,0.805908203,-0.100164942,-0.394759446,-0.00876734126
0.21858032,-0.097358048,0.32969746,-0.265547574,0.126057208,-0.058476828,-0.401890785,0.188068837,-0.279751092,-0.191313952,-0.252052128,0.413588047,-0.472515404,-0.324037462,-0.391514659,-0.480058372
-0.193783298,-0.128177881,-0.246971145,-0.185423061,0.153866932,-0.0692374557,-0.154022396,0.301106304,-0.449310422,0.145104527,0.46277836,0.378427684,-0.35047555,-0.0112649705,-0.443553865,-0.438475937
0.139619738,0.311426371,-0.00896880496,-0.508676469,-0.022821527,0.167739853,0.486771762,0.112362124,-0.298802793,0.00948787667,0.106535718,-0.204559088,-0.0841648951,0.299690276,0.423373371,-0.484660208
0.195938751,0.0834634677,0.0664619878,0.246373117,0.0339838862,-0.419912755,0.757139146,0.0374171101,-0.0155947367,-0.595467508,0.104956269,-0.472520024,0.127303496,0.00922667794,0.273327172,0.788268983
-0.170851856,0.012106603,0.289422959,0.0532280505,-0.100282155,0.02617101,0.450881869,0.2648215,-0.223475203,-0.223495856,0.0242942236,-0.0513515919,0.623755336,-0.451991111,-0.428468168,-0.191344664
0.228399932,0.654264569,-0.593889773,-0.353859335,0.0723427981,0.195785418,-0.461821586,0.0259147063,-0.373191357,0.18156758,0.669269562,0.0825613663,0.0108148102,0.349967629,-1.23396194,0.0927221552
0.166516885,0.403699726,0.0508167259,-0.545421481,-0.389759809,0.0811251253,-0.124073006,0.0524900928,0.149344966,0.283062339,0.427691221,0.223426625,-0.177764222,-0.0985297635,-0.537943363,0.0762185305
0.38744998,0.626131833,0.139064223,-0.273075998,-0.256506622,0.663829207,-0.0358860493,0.0538368337,0.166757122,-0.538143933,0.0378072262,-0.142664865,0.0476339534,0.502675235,-0.437359422,0.14020282
0.131862983,-0.311292052,0.454799831,-0.297158688,-0.451215029,-0.299345315,0.171425343,0.381723285,-0.0786806643,-0.155344784,-0.336189836,-0.174714744,0.357371569,-0.433977127,-0.392945528,0.0875175744
0.203845322,0.237449437,-0.288612485,0.00598171726,-0.185712561,0.130595595,-0.133500874,-0.426438898,-0.358198076,0.225039184,0.278810352,0.0545339286,-0.274056435,-0.2987324,0.287786901,0.0784948468
-0.460876644,0.110360056,0.297843277,-0.0493979082,0.478094429,-0.337836772,0.162914708,-0.536782563,0.176930174,0.253863245,-0.432944834,0.548624158,0.196511641,-0.952746391,-0.474779546,-0.0361022986
-0.30944261,0.265737087,0.488995492,-0.645995617,0.109470673,-0.722433507,0.530121386,0.203487083,0.163285434,0.497057021,0.259261698,-0.315312386,-0.125610411,0.433521926,0.0855062008,-0.29251489
0.272014469,-0.481860489,0.373161018,-0.751636028,0.441342324,-0.0795263648,-0.494477928,0.113637932,-0.0340306796,0.281560302,0.0492742062,0.678417563,0.00359350722,-0.226558849,-0.208614647,0.746297419
-0.24095577,-0.457916766,0.593391597,-0.44464758,-0.210313812,0.0520232841,0.480433762,0.0757723302,0.360051394,0.748910606,-0.057254903,-0.227360994,0.760474384,-0.413648963,-0.157783657,-0.124618635
0.634561062,-0.114830121,0.00877306424,0.13809976,-0.0950930491,-0.134819776,0.0412543565,0.457453519,-0.108281888,0.159704119,0.226419091,-0.335061014,0.245144293,-0.00729496963,0.446459532,0.0450661033
-0.272218853,-0.405338824,0.0923589468,-0.807018518,-0.438634366,-0.196106523,-0.172122657,0.00469277613,0.0299701672,-0.251603037,0.393830091,0.319896758,0.0705468506,-0.231214017,-0.0701644123,-0.266399145
-0.117553368,0.165454954,0.0550581329,0.249021888,0.0492469035,0.3527897,-1.08254671,0.348590016,0.512908041,-0.0644237325,-0.0812411904,0.604632735,-0.0187777728,0.12071351,0.679063916,0.344443977
-0.0811563209,-0.152409494,0.504628241,0.402023554,-0.0114755668,-0.122071989,-0.704684377,-0.186233848,-0.113842972,-0.38802287,-0.0888897255,-0.177901924,-0.18977429,0.209895462,-0.102669515,-0.0680193976
0.296279043,0.0965202376,0.317850262,0.189369187,0.782628298,0.210456848,0.0428961925,0.358033836,-0.115196876,0.212303981,-0.0736738518,0.530105114,0.129103959,-0.104768984,0.47651121,-0.331415087
-0.170777589,1.03664327,0.200738415,-0.0709404796,-0.0311877728,0.114345454,-0.0594865233,-0.975052357,0.173543766,-0.540453911,-0.0400708206,0.0976230428,0.762387812,0.0258866642,0.0860384703,-0.00287782308
-0.470096856,0.365535289,-0.0826879665,0.25819692,-0.285271049,-0.732683778,0.137524158,-0.503831565,0.114843309,-0.256958306,0.47378397,0.810759008,0.393127948,0.56480974,0.396426797,0.191120505
-0.3153328,0.149920568,-0.346009254,0.189258903,0.351412505,0.230466232,0.235905647,-0.11942856,0.461922467,0.403539807,0.12098524,-0.578804553,0.337122291,0.590132236,-0.25847891,0.316067696
0.350038141,0.437626481,-0.158654839,0.164570779,-0.342052907,0.189694867,0.221395433,-0.0960404426,0.699035347,0.287710577,0.175024405,0.128411353,0.00339864055,-0.540875435,-0.0304191075,0.0369655155
-0.545419633,-0.202131093,0.726798952,0.567103386,0.0348351449,-0.262256354,-0.581079304,0.151149854,0.370259166,0.211320296,-0.437418759,-0.139944285,0.289095819,0.149080142,0.307766765,-0.754303217
-0.130084991,-0.245083481,-0.712812483,-0.183128938,0.186586529,-0.517229319,0.393291265,0.0896500275,-0.0838957503,-0.563381195,0.0139631322,-0.363950074,0.751608849,0.202622801,-0.0267980453,0.627260268
-0.110447593,-0.529690325,-0.0578637272,-0.0250565372,0.465445668,-0.454710662,0.338508308,0.996428192,0.163256109,-0.467823565,-0.39631772,0.337504536,0.0757441074,0.173280746,0.972559035,-0.117651135
0.483858287,0.0941110253,-0.428300679,0.329117596,-0.0914596915,0.254613996,-0.0608563423,-0.252862185,-0.413767606,-0.146363705,-0.224742278,0.418148339,0.293592304,0.310632616,0.31218338,-0.54093349
-0.274752229,-0.319240004,0.741622388,0.151623532,0.727781653,-0.325933129,-0.239002928,0.266635478,-0.130499691,0.217198327,0.125085577,0.436440706,-0.253018558,0.28967312,-0.0661331937,-0.164398611
0.342373818,-0.383618951,-0.287536502,-0.459859312,-0.224332243,-0.0511984006,-0.0528631471,0.568655968,-0.0484861732,-0.616526961,-0.0664479285,0.561824024,-0.0120454673,-0.604309559,-0.278568208,-0.469978958
0.045003742,-0.366972208,0.692526758,-0.0860328227,-0.163409084,0.137515977,-0.332736582,0.300276488,-0.319714963,-0.265662014,0.496352643,-0.365102828,-0.036641676,-0.221821293,0.485471785,0.231860235
0.211278021,-0.144102588,0.286996394,0.787070036,-0.41901511,-0.2053819,0.467540413,0.18933557,0.26272136,-0.360274583,0.656477988,0.873394012,0.725281894,-0.429921746,0.359693855,-0.0762937069
0.351124942,-0.267485917,-0.017883949,0.121901229,-0.155906156,0.183932707,-0.202442721,0.774832487,-0.0972536653,0.17950058,0.568125248,0.630630016,0.199882969,0.645533383,0.0567727238,0.185713068
-0.442045778,-0.19939521,0.363993287,-0.0287953913,-0.306821316,1.15897822,0.748483479,-0.0219316762,0.255537748,-0.421266824,-0.215218633,-0.00297012157,-0.945913255,-0.130906612,0.189421058,0.21585463
0.443280339,0.0259020813,-0.0503460169,0.310386449,0.118334256,-0.660555422,0.476844341,0.222215027,0.122451484,0.575789511,0.064249523,-0.535901904,-0.275927901,-0.132606626,-0.46190086,0.057164602
-0.197180122,-0.849196911,0.0416245684,-0.477054745,-0.648679018,-0.103690781,-0.143009365,0.271460801,-0.201596394,-0.493901432,-0.259396136,0.0664968863,0.0691132918,-0.543438077,-0.231630161,-0.524503291
0.498786986,-0.0102176191,-0.0995414257,-0.00741981901,-0.41647765,0.518042684,0.169465259,0.045550406,-0.274621934,0.306482792,-0.160164341,-1.01612377,-0.328316242,-0.0753414333,0.0141997375,-0.810520291
-0.578498542,0.463849664,0.576673806,0.0980447158,-0.325926423,0.223435372,-0.180718318,-0.496163189,0.0250814687,0.656099379,-0.505456865,0.420002133,-0.591604888,0.753959835,0.144535169,-0.321337402
-0.353803784,-0.365762115,-0.134841099,0.204485521,-0.368265837,-0.628717422,0.344396859,-0.36837092,0.479103595,0.574160159,-0.260701895,-0.50041306,-0.0675506741,-0.145832047,-0.3594971,-0.117046334
0.146093771,0.0754421577,-0.631628931,0.55897826,-0.240602881,-0.155312926,-0.73392725,-0.368110329,0.110093608,-0.0677528307,0.255181283,-0.130125806,-0.274733871,0.112638511,-0.0715583414,0.0729626119
0.155899182,-0.361342669,0.0552127175,0.0342092402,0.141280636,0.072490871,-0.0396085419,0.502024472,-0.0767213181,-0.304045111,0.0572540946,-0.130109385,0.214469388,-0.0160176568,-0.431114316,-0.233142793
0.654695511,0.475538939,-0.0111458944,0.0585366376,0.305156767,-0.191925973,0.339043081,-0.811483502,-0.0860455781,0.161737233,-0.157863021,-0.511812627,0.00578076858,0.145843029,0.225595966,-0.13362807
-0.0978471562,0.168381825,-0.548055172,-0.832558036,-0.151202157,-0.0177687816,0.523943663,-0.153646365,-0.134067237,0.119240522,0.044841975,-0.836121321,-0.33196184,-0.315962255,-0.348115832,0.0481506176
0.410950184,-0.355769873,0.244155273,-0.391405582,0.458408356,0.106367543,0.484636247,0.11480993,-0.127867669,-0.307603806,-0.15115051,-0.0723385289,-0.0221959986,-0.183511838,0.072216332,0.339763343
-0.0832341909,0.521460533,-0.240994915,0.216332972,0.120548725,0.252998292,-0.206243455,-0.608913541,0.113574594,-0.170850366,0.822022498,-0.106371932,-0.305339366,-0.0454975255,-0.0963824615,0.0490200073
0.616478324,0.0511081889,-0.192633897,0.14447692,0.558619857,-0.680337369,0.133582354,-0.153651267,-0.114988536,0.00946498103,0.257612318,-0.0932995528,0.256083846,-0.800672531,-0.620547473,0.171841726
-0.58447367,-0.499409139,-0.170393676,-0.645791411,-0.409168512,0.238478273,-0.0190709401,0.0673568845,0.421338826,-0.125969902,0.258521706,-0.10789708,0.672271729,0.326276481,0.737665057,-0.26875487
-0.363803715,0.212457582,0.0572093166,0.519004226,0.401848435,0.303679198,-0.30308339,0.0179132223,-0.327844441,0.638537407,-0.305092007,0.54420191,-0.0265371967,-0.249497399,-0.478424668,-0.610384405
-0.233673602,0.346360028,-0.384359211,0.179936379,-0.878701985,-0.0157965533,-0.00736363558,0.0745003968,-0.0119313262,-0.322957993,-0.643414497,0.186929271,0.260613441,0.376779109,-0.0180702582,0.0524811894
-0.0806069151,-0.00974546,-0.506447256,-0.206025541,0.339145243,-0.229386806,-0.209064379,-0.151001588,-0.662093163,-0.513420999,-0.143665209,0.484155685,-0.0619884357,-0.478643268,0.603031874,-0.726524591
-0.521771073,0.259120822,-0.392417848,0.458346158,-0.224697545,0.685922027,0.053197179,0.193388358,0.627720952,-0.212382212,0.820755661,0.0139027052,-0.0399635434,0.352001131,0.625395417,-0.16995427
-0.0939266607,-0.175401345,-0.149018243,0.321430445,0.594685316,-0.905436218,0.194295987,-0.127156377,-0.0928004086,0.182208717,0.53922838,-0.0563811585,0.0576108471,-0.0576421805,0.0616012774,-0.10369508
-0.0505732223,0.113394886,-0.0610426962,-0.147093251,0.136277884,0.541408718,0.342196405,-0.166515231,-0.736117005,-0.217311934,-0.143505916,0.134299755,-0.0710768625,-0.626966894,0.151465952,-0.276529938
-0.602116227,-0.336277932,-0.526196718,0.350573987,-0.171965852,0.0750070661,-0.00852337852,0.216283455,-0.255459517,0.585077286,-0.00194935966,0.153290853,-0.3350811,-0.292835534,0.768810809,-0.470391273
-0.191033557,0.209442407,0.0524784587,-0.0780161023,0.549277484,-0.231272236,0.113063842,0.351929456,-0.326609164,0.259461641,1.03142607,0.805037737,-0.143380687,0.421242476,-0.348484099,-0.574271619
0.413731903,0.0897094831,-0.0785679147,0.000371410977,0.649843693,0.161108077,0.0702206194,-0.0187484697,0.163178355,0.223823458,-0.0440568067,0.332497597,0.107845157,0.638124049,-0.393716365,-0.19023408
-0.285045058,0.127824396,0.0377199017,0.228479743,-0.629356503,-0.236035347,0.682739675,-0.239551201,-0.013649093,-0.468757659,-0.564724147,-0.526610732,0.545815468,-0.368271083,-0.203331709,-0.237709984
-0.129610047,0.250822335,0.277585536,0.0437389612,-0.608261526,0.171067983,-0.103028648,-0.296571165,0.317283124,-0.112106346,-0.54255271,0.232307896,0.335829616,-0.175562084,0.189844236,0.1506892
0.747555912,0.119060449,0.029279422,0.259904385,-0.933829367,-0.732827365,-0.193120569,0.355252475,0.247392595,0.605091512,-0.121161647,-0.25053829,0.289289445,-0.380880624,0.00827583484,0.194813788
0.0682720318,0.151092246,0.108725913,-0.422463924,0.251709759,0.526256144,0.220187142,0.477106124,0.411204666,0.217458382,0.45155561,-0.1506024,-0.462912977,-0.120703317,0.468044072,-0.536481857
0.203920975,0.126646355,0.135390893,-0.417735606,0.10125497,0.265096575,-0.23666811,0.236021996,-0.0571691729,-0.081149973,0.0420813411,0.59060508,-0.168601692,0.277912498,0.120812982,-0.163217083
0.20603922,0.34496069,-0.257036686,-0.0236675534,0.438246727,-0.590652704,0.387347549,-0.186633289,0.0831928998,0.346260607,-0.22017245,-0.489961952,0.128724188,-0.117226034,0.52107054,0.495326996
-0.449129194,0.0147687476,0.0779706836,0.786307037,-0.0900787264,-0.450458825,-0.558660567,-0.33709681,-0.300170183,0.243457839,-0.221539333,-0.419599503,0.146108672,0.244599819,-0.367995381,0.30924502
0.108506575,0.115982123,1.00237799,0.613948405,-0.15012072,-0.0691876635,-0.277246863,0.0153125236,-0.47291559,0.357179761,-0.155129731,-0.28696239,-0.191972002,0.0168223809,-0.135952532,-0.675704479
0.545316815,-0.171392247,-1.25579238,0.245177433,-0.149673015,0.0334591456,0.062976703,-0.139381528,0.566763222,-0.00169657264,0.173786029,0.328762621,-0.231178999,0.231346667,0.00447403826,0.665941238
-0.145249218,0.737118959,-0.260292768,0.583582878,0.192036316,-0.434560627,-0.0995101482,0.101674639,0.154557705,-0.0165240858,-0.343977839,0.173686713,0.153622389,-0.160230517,-0.0689485818,-0.152912021
-0.295925021,-0.305761755,0.00933843292,0.201151639,0.235985696,0.281216055,-0.277795196,0.0686097816,0.470120788,-0.0733850375,0.16744715,-0.234386101,0.163666412,-0.40026316,0.163113669,0.551160634
0.058454819,-0.532475829,-0.440417856,-0.266360253,0.338459194,0.321346045,0.129963949,0.317101896,0.789934933,-1.14447021,-0.0409444906,-0.351342916,0.533154488,0.15945667,-0.276949525,0.273658454
-0.140996173,-0.440876961,0.317734033,0.104783207,-0.476487577,-0.258597851,0.653201997,0.328590184,0.306474447,-0.385179162,-0.482798874,0.0700895563,0.173077062,-0.113976292,-0.0482970439,0.26830858
-0.262302965,0.3078219,-0.177748829,0.237151146,-0.462938845,0.20498243,-0.711346924,0.414807796,-0.220836282,0.597094357,-0.289090961,0.098370783,0.609816134,0.67550987,-0.0523259826,-0.110151812
0.0563176423,0.0495846495,0.54128474,0.0477101021,-0.171828985,0.384592712,0.528153062,0.421677977,-0.373134285,-0.0443691872,0.0463101044,-0.56368202,0.202114969,-0.0355279036,-0.103401385,0.12486884
-0.6663661,0.117973536,-0.350701183,-0.552510262,-0.0291734394,-0.498085499,0.637444794,0.0602592714,0.00573526509,-0.0320579074,0.110917285,-0.0573940128,0.285038024,-0.478143781,0.25161624,0.442795873
-0.291242689,0.00812655315,-0.276144296,-0.510729909,0.379256517,0.192644566,-0.211049676,0.111903019,0.379990041,0.436459631,-0.366144121,0.182413846,0.0801062733,0.108787537,-0.24746871,0.341752023
0.0648006201,-0.00116905198,0.106249534,0.453050703,0.981360734,0.648206651,0.00100244209,-0.312570333,0.23196286,-0.131948337,0.0669273883,-0.210125476,-0.27248466,0.0153151648,0.631702781,0.703481436
-0.197824612,-0.641285479,-0.645173669,0.17046243,0.16430597,0.242094755,0.278907657,0.286352038,0.0817046016,-0.513838351,-0.736069083,-0.56691891,0.013190113,-0.0758060515,0.183974326,-0.626899421
0.76032871,0.227342784,0.463276476,-0.246894091,-0.171276927,0.416242182,0.0669191554,0.453936398,-0.300198466,0.0707111508,0.419920146,-0.105033949,0.476499081,0.432178527,0.344234586,0.0792626664
0.149946272,0.653552353,0.584408939,0.338431746,-0.388418734,-0.108263962,0.440778673,0.998270869,0.489845693,-0.0777294338,0.171666577,-0.165472791,0.185384423,0.107017525,0.409324497,-0.0773380995
0.361845106,0.0575210825,0.0475622751,-0.358727902,-0.194463864,0.187934086,-0.27067259,-0.0698957965,0.219475582,0.143547505,0.270364314,0.684563398,0.0997830406,-0.141334042,0.243050605,-0.0958581716
0.810070515,0.119822919,-0.254036635,-0.337254316,-0.529286325,-0.241820306,-0.237214729,0.0218336787,0.402493596,0.34210971,0.227003336,0.269070327,0.39921242,-0.913121462,0.428353995,-0.00307823252
-0.326015055,0.18832013,-0.0888779834,-0.135844171,0.0530592948,0.0716967434,0.212818965,0.538659215,-0.0305386055,0.225216374,0.0816084296,-0.202462301,0.301948249,-0.126067683,-0.0159248896,0.116526715
0.102753818,0.162952885,-0.588078022,-0.294184506,-0.186010405,0.0881369561,-0.0581843182,-0.0350049995,-0.0736890584,0.0119056199,-0.140540376,-0.0109655447,-0.0826018006,-0.312828183,-0.223819569,-0.260071218
0.292597413,-0.341527462,0.642419934,-0.178312927,0.357466459,0.427553773,0.395626307,0.072752282,0.281601369,-0.55383718,0.597008765,0.0997839198,0.282494694,0.607793212,-0.420655936,0.25878045
-0.148110494,-0.154079631,-0.457796127,-0.0726983026,0.165751651,0.102867097,0.620825946,0.0211480614,-0.76936841,-0.298945576,0.124999657,-0.142381296,0.0049316478,-0.0404591486,-0.491783798,-0.0928349271
0.249522418,-1.05625129,-0.154514045,0.0264205318,-0.155273885,0.343727231,-0.60615617,-0.666716278,0.649545848,-0.530390859,-0.283965409,-0.332149684,0.418389469,0.577712059,-0.217950284,-0.056776613
-0.0181029346,-0.360213786,0.314214289,-0.0880101174,-0.19240956,0.298379928,-0.68317318,0.202492148,-0.484854132,0.307631701,-0.498382121,0.637393475,-0.546940506,-0.296820253,-0.247690082,-0.586773932
-0.484081805,0.416553438,0.0852990225,0.00933702197,-0.263530344,-0.160489231,-0.707834125,-0.0493976772,-0.14646554,-0.672335625,-0.848142505,-0.0243052337,-0.368694574,0.326805502,-0.182817563,0.252251178
0.527262211,-0.0544724986,-0.0268299151,-0.689436555,-0.0895816758,-0.467090666,0.176264495,-0.370995909,0.575243294,-0.345592618,-0.117370524,0.507536888,-0.0220284257,-0.416719019,-0.381241351,-0.110538557
-0.144115061,0.282797843,-0.13108556,-0.256759137,0.852829516,-0.400119811,-0.156999618,-0.233246624,-0.206323206,-0.0561376661,0.25399363,0.245593518,-0.448208064,-0.156000689,0.109061092,-0.386387646
0.473287314,-0.41993624,0.203712195,0.580776274,-0.517914534,0.663355827,0.0793367475,0.102326393,0.702468395,-0.302342564,0.439136863,-0.15201138,-0.565426469,0.278727561,0.135781884,0.343676805
0.0266542807,-0.43433392,-0.398473263,0.773010314,0.299554974,0.266723573,-0.332406491,0.0636671335,0.249999046,-0.270289838,0.155113533,0.269815326,0.908227205,-0.439816773,0.167928651,-0.48758924
-0.491689861,0.33157438,0.0518476665,-0.232720762,-0.357495308,0.284994513,0.130193204,0.29910323,-0.339289486,0.301513314,-0.129515901,-0.42440474,-0.322851151,0.199242339,0.0759178549,-0.479487121
-0.109287173,-0.382857233,-0.168786943,-0.254279196,0.296402752,-0.263470709,-0.0477621257,-0.0801296309,-0.0896116793,0.0408283472,-0.0781694576,0.273856521,-0.252184689,0.289271921,0.144862279,0.162377
0.425255209,0.109538786,0.216595232,0.0990961865,-0.169096202,0.402006179,0.357469201,-0.631447852,-0.591161788,0.541855752,-0.21256724,-0.120268576,0.241890416,0.453560323,0.275382519,-0.134550035
-0.116295502,-0.0262296833,-0.393800169,0.717493713,-0.0843608826,0.0375850908,-0.0463001281,-0.0160931144,0.647430062,-0.216064572,0.0619389229,-0.584432065,0.0389445275,0.470675081,-0.138977304,-0.40597716
-0.333132088,0.038851589,1.00084066,0.381368697,-0.00688630762,0.134392172,0.608301342,-0.593134701,-0.00838019326,0.130166531,-0.03080252,-0.448476136,-0.0256160386,-0.815324843,0.170743033,-0.267448246
0.0372005589,-0.169067994,-0.0358716026,-0.184915632,-0.491418153,0.394856632,-0.0728850365,-0.595109403,-0.294293106,0.0574513674,-0.20173952,-0.291536659,-0.488033742,0.415748477,-0.93693465,-0.50785023
0.212056011,-0.0500827506,0.77960211,-0.789741457,0.136507124,-0.00445734151,0.445871919,0.230807394,-0.220073819,0.242781192,0.382506341,0.2502186,-0.211684629,-0.514783919,0.0209684204,0.350422621
-0.180789962,-0.203615054,0.464586049,-0.480131626,-0.567618012,-0.0217963066,0.0053179604,0.0922103673,-0.796532154,0.0612819195,-0.344145,0.0381846316,-0.0937551931,-0.286287308,-0.270865381,0.00454289513
-0.456083417,0.261025608,0.31640929,0.448253334,0.132700324,-0.242560327,0.807345867,0.0564931706,0.175706014,-0.386583358,0.0419497117,-0.035761077,-0.38082993,0.0623152144,-0.108871832,0.355747581
0.0643996149,0.394409955,0.335630268,-0.0984270349,-0.134260759,0.173728824,-0.164734319,-0.13544023,0.275968999,0.00422461238,0.388352275,0.403906196,0.56537044,-0.445820332,0.265151769,0.63754946
0.244941294,-0.208132014,-0.0500617623,-0.422123253,-0.618023992,0.0909237713,0.414424181,0.159433022,-0.115672782,0.372966826,0.345448256,-0.290067554,-0.324562192,-0.209600687,0.0207063984,0.325093597
0.304497838,0.53148973,-0.205366507,-0.110616542,0.102873065,0.126447573,0.482589066,-0.259925425,0.81066674,-0.139596716,-0.342363894,-0.247380525,-0.0231937338,0.460042804,-0.0286034904,0.174092814
-0.0974135324,-0.218192682,-0.580415726,-1.03066599,-0.945369422,-0.304305613,-0.16364193,-0.701415777,0.389921099,-0.282986492,0.266448766,0.102659658,0.414132833,0.0309198964,0.0916037112,-0.401682705
0.132162988,-0.175148934,-0.130957752,0.202881262,0.171436235,0.380577207,-0.205741689,0.252399772,-0.36609894,-0.305066347,0.312829971,-0.0727854595,-0.584117472,-0.227554262,0.170523807,0.249516472
-0.431931019,-0.489268392,-0.104083829,0.0961047262,-0.15744099,-0.765709996,0.175254509,-0.624820173,0.10950876,-0.290148914,-0.189332023,-0.194012031,0.354471296,-0.0889216587,-0.0164312888,0.342148364
-0.521633089,-0.345040262,-0.135316491,-0.126712307,-0.146032825,0.0384133831,0.261293203,-0.327413112,-0.367472559,0.158003241,0.195210025,-0.199201092,0.152281523,-0.566898882,-0.119153559,0.229569435
-0.351684362,0.0111645032,-0.276081145,0.236492142,-0.14932543,0.268304765,0.637332141,0.151555777,-0.0164758172,0.0531800315,-0.00760958716,0.316121578,0.103030443,0.0568005145,0.408637255,0.35906437
0.137784213,0.0245505236,0.163930908,0.0367455594,-0.0176190622,0.100375637,-0.385075212,0.26582095,-0.12557894,0.221560299,0.30332461,0.117853567,-0.235035002,0.0502248369,-0.421804041,-0.131812036
0.183286726,-0.654208124,-0.0723264813,0.479277849,-0.574076414,0.285539061,-0.710409641,-0.275350004,0.401787549,-0.23183246,0.136713773,-0.347388893,0.29234466,-0.183098003,0.581875384,0.0134312715
-0.367419481,-0.22644496,-0.458006829,-0.028615091,0.527334929,-0.403353721,-0.327692688,-0.0173913315,0.134496585,-0.347300828,0.510165393,0.244621754,-0.682597697,-0.147534966,-0.0900544077,0.0490274839
-0.773953855,0.206950456,0.159997702,0.0412332937,-0.011334761,-0.571549416,0.345560282,-0.254261553,-0.17336376,-0.128003672,-0.0741491765,0.157350153,1.02152455,0.158473924,-0.843035042,0.000414138194
0.588033497,-0.812492251,0.116273209,-0.125693217,0.269449145,1.34049451,-0.524039149,0.910592854,-0.456312448,0.110813409,0.101734936,-0.100726314,-0.259016424,-0.590900779,-0.168260694,0.159289733
-0.100631408,0.127451435,0.120824926,0.440159798,-0.597073078,0.0167871229,-0.095442988,0.768101275,0.275314093,0.180228636,-0.0838107541,-0.245895043,-0.593007267,-0.0362647176,0.572611332,-0.331169337
0.0511680394,-0.187467873,0.211092994,-0.310772806,-0.193995386,0.372128576,0.83862865,-0.750365853,-0.40545252,0.264318883,0.784629583,0.636313379,-0.469811827,-0.141711682,0.516840577,0.00930096023
-0.316213965,0.180933207,-0.610118806,-0.0888244733,0.0447136983,-0.0734347329,0.504537106,0.571167111,-0.175464109,-0.24488081,0.27293998,-0.337557822,0.0225291234,-0.463908464,-0.0524892882,-0.3739627
0.270473629,0.128403172,-0.623801947,0.276404947,-0.261167794,0.0080102589,0.446370095,0.155487552,1.28637552,-0.544907033,-0.153544843,0.0458639115,0.233813092,0.483280689,0.521181881,0.0346294418
-0.0801959857,0.289767534,0.122101478,-0.704048932,-0.497108608,0.12346977,-0.124530777,0.399496853,-0.522993445,-0.0272983909,0.412998557,0.155334637,0.0187191814,0.473750949,-0.152812719,-0.261046529
-0.551362216,-0.128748566,0.217940763,0.0979233906,0.470831454,0.61296761,-0.116298877,0.651165605,-0.577687204,0.20792985,0.333502889,-0.376965731,-0.890592217,0.883942962,0.747399092,0.252021611
0.154218718,-0.578754783,0.446888417,0.255158335,0.428657025,-0.571525037,-0.033597514,-0.191129804,0.0746866763,0.306062847,-0.25998804,0.27778995,-1.2238456,-0.15645133,0.211035341,0.0112894028
-0.0456916727,0.518604934,0.682098806,0.437851518,0.491218388,0.423141927,-0.0163964964,-0.36902371,0.391593695,0.522022009,-0.0759367272,-0.335927576,0.671242595,-0.0450851396,0.0303823687,-0.637521505
-0.258808255,0.297276229,0.393009365,0.0211002082,0.362784117,0.024206223,-0.228044987,-0.353049755,0.382260859,0.0829559863,0.398957968,-0.327602178,0.0941824913,-0.0781400055,-0.0775767341,-0.0922108367
0.588280082,0.316661745,-0.00851008855,-0.171467856,0.752001524,-0.0370824821,0.33782959,0.176514536,0.120320931,0.0866231322,-0.14811483,-0.116467886,0.0452135801,-0.102560177,-0.0487045571,-0.371619552
-0.506515086,-0.427714199,0.0927542523,0.118095823,-0.707224488,-0.0796080232,-0.0170312915,0.808098197,0.563081086,0.0586970225,0.327778876,0.654543638,-0.129261434,-0.0022976608,0.261910468,0.277825534
-0.0436931029,0.208131224,0.246329412,-0.742380559,-0.04167483,0.583945036,-0.132370219,-0.214818835,-0.0946359262,-0.177130759,0.122101925,0.3029688,-0.103523716,-0.304564327,0.133296758,-0.253620028
-0.145588487,-0.021827057,0.0705494136,-0.0437636264,-0.0411938988,-0.0170306936,0.172234386,-0.349962026,0.490614057,0.0978835225,-0.897830486,-0.0802217945,-0.377145767,0.582084239,0.138931617,0.711172342
0.697454631,0.143501982,-1.3984828,-0.158337429,0.017275067,0.313276231,-0.0427750945,0.304786801,0.230151817,-0.114984825,-0.343895912,0.00136896921,0.00354396645,-0.198395342,0.0624080002,0.221282616
-0.0307865478,-0.226716816,0.0265468806,0.665316582,0.178279027,0.0766782314,0.32768786,0.410296798,-0.21909672,-0.0295188557,0.0304900259,0.0823845416,0.056460198,-0.579086781,0.476578206,0.129555807
0.484973043,0.842914224,0.249395296,-0.519642115,-0.360281318,0.390847951,0.277364343,0.0742686763,0.521868706,-0.722435713,0.270288855,-0.110720851,0.796417475,0.253500938,-0.271832734,0.074956201
-0.293347597,-0.291232377,-0.156279221,-0.0387587622,-0.216437623,-0.248346493,0.531915784,0.0151672456,-0.170720667,-0.716580689,0.92353636,0.381529897,0.164410412,0.916462302,-0.285145611,-0.195184276
-0.44191426,-0.0490472168,0.522292256,-0.0112127522,-0.30394873,-0.320994437,-0.0541458428,0.211237237,0.0896889865,-0.143607184,0.510867476,0.616024673,0.386170954,0.521240056,-0.543229699,0.0366698056
0.0410414264,-0.382468581,0.0301875509,0.0074641183,-0.287033439,-0.206828818,-0.452412963,-0.0943617448,0.079233408,0.238955498,-0.0427852236,0.38061583,-0.200029418,0.260541558,-0.307979077,-0.267335206
-0.562728763,-0.877003372,0.218544304,-0.205366254,-0.630717754,-0.0792333037,-0.254855305,-0.00475632586,0.272724897,0.0944076478,-0.247492298,0.29088822,0.337971121,0.448464453,-0.326521993,-0.367326856
-0.379484564,-0.209952205,-0.0402718298,0.128945082,-0.373146921,-0.210323274,0.325085819,-0.0164515637,0.740855694,-0.355539769,0.3440983,-0.0738304257,1.09592593,-0.456236243,-0.125351101,0.705215156
0.429936588,-0.0449479111,-0.00929129496,-0.118604749,0.438440114,0.00278320722,-0.493402481,-0.170349017,-0.279473752,0.432229668,0.361896902,0.428401947,0.13504836,0.302143067,0.33131364,0.137325853
-0.166635126,-0.555367708,0.224072695,-0.460699946,-0.524498761,0.497610092,-0.0853423625,-0.487412602,-0.32033816,0.812069654,0.10820204,0.710102081,-0.105734855,0.203530356,-0.524638772,0.224075332
-0.0753318295,0.463024974,-0.252817571,0.0967495739,0.27260077,0.200069025,0.140754983,0.344409257,0.0834223628,0.0481502116,-0.382967412,0.431742847,0.390029848,0.611885607,-0.644531727,0.423725605
-0.0219158605,-0.354442149,-0.378368229,-0.0418502875,-0.174808398,0.107767582,0.552681208,-0.230846494,0.547962368,0.066778183,0.127061561,-0.270035833,-0.0906715542,-0.0739066601,0.054227829,0.253744692
-0.350609541,-0.0893937275,0.766812384,-0.118260697,0.401133537,0.267793059,-0.535895348,0.131481349,0.200876579,0.632603884,-0.212801665,0.151064202,-0.0834631622,-0.0842339396,0.0581853129,0.0437163599
-0.0859300867,0.143522099,-0.640655935,0.259999186,-0.669128656,2.97435498,-0.00371939968,0.0746330544,0.525085866,0.622703314,-0.0863507241,0.436205029,-0.0216301568,0.382438332,-0.730995178,0.429642439
-0.0740683079,-0.41378504,0.183264866,-0.716861188,0.00768018933,0.104635119,0.244965404,0.000847110059,-0.00914860889,-1.03439915,-0.0203975476,0.0492688194,0.36368233,-0.155890942,-0.0361619331,-0.393663824
-0.172947213,-0.246691972,-0.103900872,-0.261816084,-0.0450353362,-0.053563837,-0.0599785298,0.243765593,0.266918451,-0.26102975,0.202919886,-0.499566674,0.346271962,0.0812911987,0.218041599,-0.431746513
0.157441869,-0.232595459,0.476750612,0.485762388,-0.117170304,-0.539078772,-0.085983023,0.443973452,0.27689001,-0.0168182775,0.431717843,-0.000364726409,0.461643934,0.188864022,0.366501153,-0.13639909
-0.239965245,-0.0210521054,-0.106441289,0.00917324051,0.229234144,-0.0953581259,0.238352463,0.203818381,-0.29282251,0.213925555,0.195806772,0.0349309258,-0.125556946,-0.0565556884,-0.579378843,-0.0728541464
-0.468026847,-0.737059355,-0.657428741,-0.0894248858,-0.294656068,0.24654156,-0.200228289,-0.0666329786,-0.442828655,-0.436129361,-0.636350453,0.0134681957,-0.142753989,-0.224127412,0.399043649,0.56998837
-0.0178846605,0.524653554,-0.210191861,0.534672379,-0.27786082,-0.130155995,0.0098102577,-0.270991981,-0.511504292,0.261386275,-0.484340489,0.416615278,0.0492836945,-0.593555212,0.333963007,-0.124633752
1.19066155,-0.126199752,-0.0102817146,0.448011905,0.118079498,0.0498276018,-0.322357625,-0.203147545,-0.0871843547,0.246567622,0.124511935,0.09000092,-0.119691998,-0.300743461,-0.392118484,0.173385486
0.825143635,0.306684792,-0.394050688,-0.0403272584,-0.113803566,-0.779613733,0.157309934,-0.307332039,0.054532066,-0.439293444,0.111488581,-0.681021512,0.48519209,-0.730719566,-0.0575818941,-0.38786602
-0.476353467,-0.458256155,-0.467994392,-0.528778434,-0.41469568,-0.489514649,0.49537468,-0.125276461,0.563751042,0.0167337153,-0.0474487022,0.143573597,-0.140876114,-0.583997369,0.260937035,0.183452979
-0.0188345872,-0.14529188,0.00235914858,-0.219769806,0.0215090383,-0.303564936,0.321860313,-0.278799385,-0.254653782,-0.271250546,-0.243289217,0.276163161,0.63576901,0.042826768,0.412813962,0.0999198183
0.238892823,-0.560554504,-0.677384198,-0.0413561575,0.320732892,0.4821347,-0.309118867,0.429518968,-0.208021492,-0.339175969,0.387627482,-0.302878469,-0.236177877,-0.0288218893,-0.953806341,0.442156851
-0.148855373,0.539048076,-0.36666888,-0.606756806,0.340226829,0.315202743,0.169223607,-0.121410221,0.291597515,-0.348867893,-0.147744745,0.000869392417,-0.0239281617,0.262393415,0.165107936,-0.445225239
0.416135192,0.555855095,-0.0876552835,0.522126555,-0.133413941,0.216300935,-0.0247489326,0.0310311634,0.231596917,0.0310964026,0.162216961,-0.290393889,0.23643671,0.125156015,-0.299329609,0.251267821
-0.228211269,-0.486117929,-0.0627333149,-0.471217513,-0.11712721,-0.315087676,0.274931848,0.340046108,-0.312933147,0.186360136,-0.154964685,-0.366761863,-0.236937016,0.0413301066,0.654938579,-0.665072322
0.201016873,0.474169612,-0.318252355,-0.599320889,0.288098633,-0.378280967,-0.293642968,-0.114524655,0.0338566974,0.672434211,0.322659016,-0.146487609,-0.200238407,-0.754933476,0.0448678322,-0.0137880035
-0.376792312,0.646237671,-0.724797606,0.187458381,0.130777434,-0.0143992081,-0.511336327,0.36457783,0.00700802263,0.128650919,-0.206764668,-0.176985875,0.209449872,-0.0791911036,0.157965794,-0.429944754
-0.137737453,-0.337450773,-0.562704206,-0.400540143,0.526072145,1.16113937,0.245721176,-0.871877015,0.262880385,0.118633226,0.19102782,0.78287226,0.277603805,-0.12784408,0.205244005,0.0549993962
0.193552732,0.160406709,-0.572144032,-0.0839725584,-0.464030832,-0.538539946,-0.725206792,0.0908559039,-0.0364693329,0.541637957,0.155442223,-0.58493346,-0.563469231,0.0590998232,-0.0166569501,-0.166690603
-0.162143648,-0.363329411,0.393901974,-0.383669198,-0.409167945,0.0580222979,-0.0690947697,-0.201838925,-0.350712478,0.172430828,-0.113950662,0.231267676,-0.769336104,-0.170246586,-0.206506863,0.247803956
-0.234328791,0.0415361784,-0.424588144,0.113557458,0.01926158,0.673859119,-0.426345646,0.108509921,-0.158986941,0.289661378,0.215851545,0.228139132,-0.491075128,0.0725853741,0.192456976,-0.241041154
-0.046016302,-0.506239414,0.390512407,0.408314496,0.000571466982,-0.142230779,-0.265970856,-0.247656256,0.0675999299,-0.524116755,0.0512929931,-0.498606831,0.00572213717,-0.470093608,-0.397643358,0.343781948
0.334384829,-0.189264968,-0.0310402438,-0.347975522,-0.355024189,-0.462942094,-0.167267695,-0.388907969,0.459787279,0.159253761,0.105351649,0.231904477,-0.0830987841,0.366195321,-0.222284466,0.262025505
-0.531837106,-0.251684994,0.795410216,-0.488653094,-0.111029096,-0.0724001601,0.308362037,-0.0959614143,0.151754856,-0.281589895,-1.05561376,0.112902783,1.00596201,-0.0988500789,0.0468223393,0.562368333
-0.0106570553,0.541788578,-0.464074224,-0.322647125,-0.277639598,-0.375488192,0.203837976,0.110258974,-0.162377268,-0.301640004,0.0532519072,-0.106744468,-0.13792491,0.192780629,-0.166217014,0.722572327
0.0610082373,-0.316047311,0.27019769,0.191005141,0.232173726,0.121510021,0.307385087,-0.253974497,-0.0582148544,0.292410702,-0.120404847,0.019148238,-0.249582246,-0.253595591,0.332923442,-0.472355306
-0.393368572,0.0370855667,0.122645333,0.279822856,-0.13214992,0.0864223987,-0.360164672,-0.681265116,-0.160143226,0.315995812,0.190912873,-0.309446871,-0.430191368,0.0122239161,-0.766647935,-0.304687351
0.443801224,-0.482401103,-0.256017476,0.409739196,0.0411112159,0.208530545,0.231505096,0.0110265538,0.0210751072,-0.0767497569,-0.333712518,0.528257489,-0.133456618,0.403535903,-0.0927945524,0.00999180041
0.616465867,0.122318387,0.38633278,0.176185474,-0.256691307,0.445037693,-0.48296386,0.163887754,-0.235881478,0.357104778,0.0774742365,0.606449842,-0.23076047,0.288587511,-0.0980417877,-0.593433082
0.348782033,0.165296942,0.133708522,0.316185296,0.157180667,0.112073153,0.497448385,0.145546228,-0.19412294,0.364333093,-0.428094894,0.461725086,-0.408593535,0.0192562155,0.148251623,0.244670361
-0.0223149937,-0.0814603865,0.594624817,0.00733313616,1.00465047,0.218549177,0.689077616,0.0425941497,-0.435031146,-0.279544145,-0.623966575,0.489808917,0.47311461,0.0691372827,-0.538187027,-0.19456853
0.438169956,-0.081702821,-0.0543361157,0.179716483,-0.091961287,-0.20265004,0.301886141,-0.0648195222,-0.321861684,0.0341844968,-0.125942916,-0.46812135,-0.640961528,0.273865253,0.515635192,-0.215453655
-0.228069067,-0.449665815,-0.325471371,0.0722305402,-0.144242078,-0.173296005,0.46503219,0.285338253,-0.150681615,0.248820722,-0.0254796483,0.309862494,-0.62872541,0.418944746,-0.684152246,-0.426869869
-0.359351158,0.489241272,-0.468806922,-0.236445516,0.251058936,0.333306581,0.428992867,0.20378378,-0.451490849,0.0267504044,-0.727787912,-0.0711144432,0.816875875,-0.618471801,-0.0407504104,0.361721486
-0.078769736,-0.218778148,-0.290571332,-0.148968905,-0.831195235,0.13077563,-0.384026021,0.395784527,0.583240867,-0.109281495,-0.335102797,0.35562259,0.440089285,0.14565368,0.663133025,0.18003802
-0.0241442006,-0.224387586,0.353898674,-0.219116524,-0.0669198185,-0.0500319451,0.297721028,0.9017272,0.0614995025,-0.00549604651,-0.0458274595,0.531696558,-0.834871471,-0.508043647,-0.382031769,0.0995650589
-0.147098497,-0.173098192,-0.409806877,0.175426826,0.0823462456,0.00212357054,-0.408107758,0.43012324,-0.13933377,0.308882415,0.0238984525,-0.326613069,-0.528159201,0.207908392,-0.426007003,0.297917098
0.869048297,-1.1316967,-0.220029786,-0.475583613,-0.13897042,0.00512394868,-0.609896064,0.294172823,0.0521104261,-0.671167433,-0.674353004,-0.416909337,-0.109155342,0.352308422,-0.308562309,0.368429393
0.351031274,0.398840606,0.703186929,-0.801060379,0.234276488,0.0447912142,0.127562076,0.0594749786,0.200480208,-0.130806446,-0.357564658,-0.133917361,-0.0318472795,0.42030552,0.197648138,0.78467536
-0.410742462,0.362688512,0.33696416,0.0277784336,-0.519479036,0.235002533,-0.0561773293,0.519597173,-0.0648983493,0.253607243,0.234267145,0.0149861369,0.146632805,-1.00909364,-0.157165155,-0.840163231
0.334971368,-0.1330847,-0.111361347,-0.409796417,-0.0325714052,0.27562955,0.221152648,0.0604220331,-0.569421709,0.187264264,-0.167599455,-0.30133909,-0.452713221,0.0515032485,0.241132051,0.152666613
0.319263011,0.0506796688,-0.811878026,0.961182952,0.0932995155,-0.0427515581,0.00518150628,0.23850897,0.426628679,-0.416562706,-0.512372792,-0.340348482,-0.209772944,0.0514461175,0.186661512,0.00328210322
0.119342163,-0.195381939,0.0365473256,-0.175546929,0.315568179,0.332060575,0.0678483099,-0.352462262,-0.385503292,0.509337902,-0.102748811,-0.00390712591,0.524508476,-0.119495511,-0.00653414521,0.0132024148
-0.228489235,-0.082815975,0.394853562,0.210187256,0.022252487,-0.19084093,-0.19074586,-0.501365066,-0.737423301,0.102281936,-0.292494714,0.455354214,-0.26310572,-0.0033644014,-0.177453995,0.154262438
-0.610302925,-0.411532223,-0.137635767,0.226158485,-0.265969306,0.0775455087,0.38195917,-0.616739392,0.269442677,-0.435580254,-0.210386261,0.0183100346,-0.00141735841,-0.127582863,-0.239117146,-0.047147885
0.0691138133,0.668920517,0.223806992,0.417658627,0.180448711,-0.0463887975,0.401175141,0.478313357,-0.409903944,0.0603403822,-0.529263973,0.370476633,0.359109908,-0.118249774,0.176890165,-0.293872446
-0.493498087,0.033729326,-0.075899981,-0.610689342,-0.478184462,-0.442039281,-0.132136852,-0.358438015,-0.0382091701,0.158418402,0.0303037949,-0.660136878,-0.414339304,-0.243401632,-0.104829244,-0.129767582
0.12064565,0.0659427121,0.453378707,0.156484023,0.510591805,0.661159039,-0.336353451,-0.37234199,0.266320646,-0.0864941999,-0.0298584625,0.0999622345,-0.222685426,0.290257215,-0.0598481633,0.473332196
-0.67299813,-0.0621126816,-0.294947833,-0.244492903,0.105582751,0.032763835,0.0794297531,-0.0696445927,0.250908673,-0.164730519,-0.286525577,-0.178116903,0.367748171,-0.181935236,0.145662531,-0.156014532
0.0942263827,0.00237923302,-0.815974772,0.350506037,-0.342623949,0.858573258,0.166567758,-0.154370204,-0.0158642009,-0.494439155,-0.106662393,-0.00860899873,-1.0976876,-0.544543505,-0.107285976,-0.364324838
0.695861101,0.142536134,0.293810964,0.0940011814,-0.131263345,0.357232869,0.2412204,-0.0595705807,-0.391515642,-0.214111343,-0.130989522,-0.161690474,-0.381520957,-0.432062238,-0.708681285,-0.457383901
0.206667453,0.949945331,-0.439744532,-0.717471778,-0.148335814,-0.0543580502,-0.0320143476,0.840927958,-0.0887220725,-0.705290854,-0.486698002,-0.163867399,-0.187808037,-0.262698621,0.00082220044,-0.0352754071
-1.19298077,-0.00465540774,0.290893048,0.341380566,-0.297933787,-0.488513201,-0.145244494,0.20214811,-0.35446763,-0.277172357,0.520433307,-0.174913883,-0.435585469,0.263813972,0.554676056,-0.470749468
-0.372029185,-0.221605077,0.285563618,-0.0921944231,-0.455305517,0.23900108,0.378866822,-0.207401261,-0.884611428,0.665024936,0.592557907,0.170964733,0.153951228,-0.3220357,-0.655711055,-0.0760299861
-0.0249100719,-0.135247052,-0.41719684,-0.363661408,0.105807073,0.321028113,-0.321366578,0.186067656,-0.128494263,-0.23129788,-0.0358312577,-0.342193395,-0.53459841,-0.168651536,0.384181827,-0.483262748
-0.356269658,0.457585931,-0.101672351,0.0643846244,-0.458141804,-0.711762846,0.187741399,-0.21073103,0.138158977,0.0345969908,-0.232463852,0.164643392,0.716706991,0.477075398,-0.111875765,-0.458332986
0.0146410782,0.152420938,-0.243469864,0.458761811,0.513312578,0.932988048,-0.546994388,0.486610591,0.0949841738,-0.777766109,0.150994092,0.523209572,0.245374158,0.474500805,-0.0397598185,-0.247007117
0.097482428,0.0880838558,0.148619294,0.341042578,-0.232732326,0.207494095,0.375117451,0.00616627559,0.0172343962,-0.0554629304,-0.167156234,-0.869456112,0.172294647,-0.132200256,-0.496890068,-0.147024304
0.796256483,-0.965779364,0.759381711,0.218697131,0.111839093,0.676611483,-0.123068228,-0.182061866,-0.153159127,-1.08557975,-0.059172269,-0.194937482,-0.192197487,0.102661565,0.49451533,0.0263536256
-0.106207006,0.395660609,0.196894839,-0.43358317,-0.074873209,-0.179231241,0.302877128,0.936558545,0.228474215,-0.640418172,-0.163408339,0.416714728,0.375558704,0.192335188,0.302105278,0.169761673
-0.390499622,-0.303287655,0.281569898,-0.261152685,0.0364144966,0.0870118514,-0.420396507,0.102329873,0.0609716028,-0.0670215115,0.0501623675,0.0918097943,0.263011485,0.239583805,-0.00889164768,-0.379700303
-0.0946310312,-0.142105743,0.36922732,-0.426051497,0.460944682,-0.207384914,0.209198236,-0.221013874,-0.178105012,-0.433659971,-0.123946957,-0.213912383,-0.0756848678,0.143291801,0.0689643174,0.29613167
0.252076983,-0.166085348,-0.139877304,-0.404969662,0.0521381609,0.0751191229,-0.237943307,0.140941516,-0.00168311968,-0.304529607,-0.348863333,0.0547868311,0.278349638,0.60410434,-0.462300152,0.226121157
-0.610165417,-0.0118202483,-0.454612166,0.0927218869,0.385537326,-0.275254637,-0.0278368704,-0.030756088,0.20380573,0.508298159,-0.384519428,-0.449857473,-0.189448148,0.188777372,0.264281213,-0.5133937
0.0539101735,0.189155892,0.0505542234,0.181389794,-0.216073245,0.293853551,0.713552535,0.09630353,-0.0836582184,-0.133376345,-0.220326886,0.343308479,-0.227213219,0.315305054,-0.320963562,-0.0331214517
-0.62031132,-0.207881883,-0.0837834701,0.377329826,0.0652858615,-0.410302222,-0.362722516,-0.0736367926,0.118662089,-0.556262732,0.109250546,-0.0276979115,-0.576177835,-0.608873785,-0.311596572,0.716030478
-0.239489496,0.0837593228,-0.0712779537,0.0562566221,-0.0718451738,0.285855442,0.258622855,0.200879291,-0.273193568,1.24994218,0.11955896,0.398980945,0.155094206,-0.145500526,-0.141391531,-0.0706022233
0.341273546,0.370663196,-0.409911662,0.247581989,0.308301955,0.803046465,0.19231528,0.617419124,0.052164007,0.119381137,0.585402727,0.547374785,0.105392635,0.00830952637,0.97799319,0.0444414467
-0.741486788,0.714140534,0.521033049,0.402195662,0.485998124,-0.254369289,0.116030082,0.306426316,-0.773332477,0.0681189001,0.518041432,-0.532915115,-0.282009035,0.260904551,0.290638626,-0.195756987
-0.130559459,0.218903348,0.523162961,0.981168687,-0.0838486254,0.0231531002,-0.0554403737,0.00129395444,-0.318541229,-0.272975713,0.609852433,-0.033241678,0.231656775,0.408937693,0.253703088,0.470334411
-0.3544617,-0.0211557038,0.663360715,0.292832583,-0.00488724187,0.245500207,0.209884837,0.492290765,-0.155964717,0.223454073,0.219015479,-0.756856322,-0.286874831,-0.0993656516,0.145636454,-0.0516540334
0.649433076,-0.556595504,0.363883436,-0.403081775,0.38118118,-0.485640883,-0.0561281145,-0.0677335262,-0.166276351,-0.189307392,0.0291689001,-0.075452283,-0.198473513,0.0943036899,-0.1800102,0.167687565
0.150284722,0.207579255,-1.21328104,-0.0942913741,0.1163463,0.632734179,0.0629997775,0.0146572199,0.192590788,-0.356020212,0.477384657,0.535118639,0.0241638348,-0.513024867,0.238491565,0.468213648
-0.180812374,0.430863321,-0.087923117,0.0111679304,0.26560691,0.458411813,0.468453437,0.421890169,0.363064975,-0.223501727,0.287273556,-0.328237772,0.289601833,0.159543082,0.209784269,-0.0445990078
0.146799877,-0.672655165,0.00371769909,-0.481101453,-0.11940226,-0.332781434,-0.293217361,0.161316708,-0.415875584,-0.0421838239,0.506656885,0.574470043,0.232511282,0.332213342,-0.0222475715,-0.181127816
-0.185230762,0.0755361989,0.422843724,0.26267162,-0.457462609,-0.279932827,0.186035439,0.212568164,-0.521302223,0.00609889533,0.201184332,-0.412101567,0.193166763,-0.148854941,0.290976524,-1.04685473
-0.405499071,0.0888487622,0.817303836,0.235063702,0.00870153494,-0.119339362,-0.612250268,0.297882617,0.464101404,0.231058016,-0.170212865,0.677397966,-0.142755568,0.226063088,-0.572954118,0.0275907684
0.237435937,-0.333516359,-0.131473124,-0.00290382048,0.244496182,-0.219066978,0.0300202966,0.16040726,0.380651295,-0.187629074,-0.0136537058,-0.37952435,0.0823925361,0.423740923,0.152798429,-0.128312841
0.45508042,0.253476918,0.364074916,0.077267468,-0.13201651,0.42077747,0.391761094,-0.214769989,0.601579964,-0.44676742,-0.00616866257,-0.414384425,-0.461919785,0.0436648466,-0.562106431,-0.0612560548
0.158304483,0.175545156,-0.307412446,0.47540769,-0.623972714,-0.662952423,0.0472373404,0.247754067,-0.285122961,-0.0868781358,0.240984634,0.698279023,0.504772305,-0.318823516,-0.33979094,-0.32857725
-0.299710602,0.108821653,0.143331438,0.371942014,0.188815996,-0.25109756,0.107680224,-0.0605161563,0.190368354,0.317046851,0.0551667474,0.121387325,0.110036477,0.647715151,0.654240429,-0.293196261
0.399591714,0.323138356,0.089591682,-0.0496946089,-0.551703513,0.321930677,-0.500279546,-0.604404807,0.0676178411,0.282844692,0.477585614,0.179707095,0.359512866,0.221733928,0.715313852,-0.14120093
-0.325664908,0.117803261,-0.224848941,-0.0333603136,-0.134920746,0.311588049,0.054033123,-0.157714576,0.00233558379,0.00269279722,0.153669432,-0.327444494,-0.0910175741,-0.0543739237,0.614550889,0.330264598
0.402617902,-0.413509965,0.0111949164,-0.470469654,-0.0658089966,0.486347377,-0.00441029202,-0.0759239942,-0.0162782781,0.378927767,-0.132301942,-0.366772562,-0.0870982781,-0.242298424,-0.256726563,-0.0863986909
0.222925514,0.748996079,0.0278287698,-0.651022136,-0.490798354,0.338784933,0.566516638,-0.364316463,-0.633803844,0.0206844267,0.494694412,-0.507992625,0.11349193,-0.810031652,0.036764279,-0.0182075761
-0.602162421,-0.86749953,-0.267485768,0.314773828,0.15858604,0.476864159,-0.0694480762,-0.280801624,-0.163136989,0.319512606,0.396268457,0.640034318,-0.0619976446,0.657658756,0.273002386,0.0666610971
-0.208415702,0.0436026193,-0.736760855,-0.572080433,0.568150938,0.256305963,-0.914018631,-0.186535269,-0.215026855,0.34165287,-0.436790526,0.140343592,-0.403247535,0.308942944,-0.0942079574,0.276195049
0.218970507,0.113027886,0.129548714,0.363074541,0.0918599144,0.146632418,0.259543538,-0.0204645228,0.346748948,-0.383044541,-0.0991935953,0.234401852,0.423647463,0.657852888,-0.128733486,0.20385924
0.365940183,0.441679776,-0.483951151,-0.00505581498,0.180987328,0.123897739,0.0306703728,-0.140785724,0.0828407854,-0.277969658,0.246514052,-0.454449296,-0.514020979,0.244589105,-0.18921873,-0.0266950708
0.21807909,0.058960028,0.136282638,0.227821216,-0.0115258498,0.0793094784,-0.350436717,0.164770827,-0.0318670571,0.0218819566,-0.502950549,0.550400317,0.167749912,0.253380567,-0.0320070051,0.0805715472
-1.01718771,0.365397811,-0.615498543,-0.337656856,-0.0368725285,-1.2462374,0.238830119,0.149538875,0.1033419,-0.563022256,-0.35168615,0.329975635,0.506542325,-0.179007232,0.091730535,-0.0620265752
-0.294568539,-0.492037803,-0.341549367,-0.274386108,0.245896339,-0.481865197,0.658716738,-0.430970132,0.80153513,-0.0699513331,0.0272913016,0.260555506,-0.0292012114,0.617517054,-0.0829500854,-0.00557037676
0.772656441,-0.93504858,-0.0961990803,0.328765988,0.187585086,-0.24973695,-0.182424054,-0.0374824032,-0.63022083,-0.0273579229,-0.324648768,-0.496541023,-0.105649173,0.0623770654,-0.289634526,0.0292898379
STEP=0 CP=SWIGLU COUNT=8960 MIN=-3.08661819 MAX=9.5213623 MEAN=-0.00134375857 L2=13.5678324 FIRST8=0.00055466569,0.0187149085,-0.000653231342,0.00181054254,-0.0831627697,0.0653634146,0.054850474,-0.0115976287 HASH=0f84c79e67ba2bc9
STEP=0 CP=LAYER_0_SWIGLU COUNT=8960 MIN=-3.08661819 MAX=9.5213623 MEAN=-0.00134375857 L2=13.5678324 FIRST8=0.00055466569,0.0187149085,-0.000653231342,0.00181054254,-0.0831627697,0.0653634146,0.054850474,-0.0115976287 HASH=0f84c79e67ba2bc9
STEP=0 VEC=LAYER_0_SWIGLU N=8960
0.00055466569,0.0187149085,-0.000653231342,0.00181054254,-0.0831627697,0.0653634146,0.054850474,-0.0115976287,-0.0329458266,0.00882977713,0.021465905,-0.0249796156,0.0158389471,-0.0120945331,0.00614082068,-0.117986813
0.0713590458,-0.0123313749,0.00649842899,0.00683808094,0.0109231966,0.0132815978,-0.115187734,0.0522749797,0.072891593,-0.0116672236,0.062354628,-0.0444154255,0.171583369,0.0586881861,0.0480405428,-0.0106789116
0.0354256965,0.0755792484,-0.0408936292,0.00361608807,-0.00556837255,-0.0114766024,0.00887825247,0.0214448068,0.0598017015,-0.0364764631,-0.0196876191,0.0188587382,0.0719352663,-0.0321550816,-0.00481758872,-0.0177691206
-0.0381924808,-0.00346644805,-0.0452330559,-0.049463097,-0.177587479,-0.0468871333,0.00462422846,-0.0831736475,-0.000179250477,-0.00880845264,0.0242478251,0.017905673,0.0326588601,-0.30741632,0.102022842,0.0304126721
-0.014083147,-0.0527120903,-0.0314048976,0.0104416236,-0.0263356362,-0.0848940387,0.012281904,-0.0324907377,-0.0092921583,-0.0715053603,0.0152856158,0.00130556349,-0.000606517133,-0.00531980768,0.00326194684,-0.0902768821
0.0230509806,0.185121551,-0.0648706853,-0.0463687778,0.0667026788,0.0113133667,-0.100457445,-0.0162370317,0.0327653103,0.0256211422,-0.00520072272,0.01338509,0.0132863838,-0.000612307223,-0.00155706424,-0.0451195203
0.00993660372,0.00759098819,-0.0170690846,-0.0139314206,0.0627222061,-0.0195371415,-0.0251219459,-0.0057871351,0.00632594852,0.00899279397,-0.0124949552,0.00687928079,-0.00538638653,-0.0334457159,-0.0577071831,0.00211609877
0.00940346625,-0.179254815,0.000450287509,0.0658451617,0.00181991584,-0.00528047141,-0.0125430841,-0.195715427,0.0269881897,0.10439907,0.0227987245,-0.00350461761,-0.00812462252,0.0182906482,0.0825320259,0.028854087
0.0128836455,0.0509841479,-0.0329964422,-0.131344199,-0.029803751,-0.0523727946,-0.0397211611,-0.046009995,0.0356185138,0.0018442258,-0.0508122444,0.0183953326,-0.000228224439,-0.0357151031,0.0728371739,0.0528195538
-0.0128354412,0.0518891662,-0.00522081926,-0.0401481614,-0.0362616107,0.0105699357,-0.00318432972,-0.0647230148,-0.0503451303,0.00997917075,0.023242373,0.203511119,0.00446633063,-0.00872955378,0.0156851057,0.0617287755
-0.0196663514,-0.0280096009,0.00906027202,0.0481625311,-0.148938447,0.0080803195,0.0456212498,0.001478191,0.00196149386,-0.00251872651,-0.00466799224,0.0823475942,-0.0201519597,0.00982482173,-0.00568916043,-0.113420554
-0.0484293513,0.0310322233,0.0090476051,-0.0527389832,-0.00453937193,0.00793321524,0.00858953036,-0.00529301772,-0.00270471047,0.117392018,0.0313721672,-0.101556852,-0.0522129089,0.00369219552,0.00442361599,-0.0105381738
0.18703948,0.0138523458,0.056730926,-0.012797554,-0.0826548636,-0.00363807078,-0.0621282049,-0.203601807,0.000108176144,-0.0522459373,-0.0291243959,-0.00723931007,0.0235329438,-0.0146538643,-0.191203967,0.0359673426
-0.0304982122,0.0139945848,0.00190099259,0.0261854846,0.00628306158,0.145938501,-0.121650204,-0.0462467521,0.0316971876,-0.0820454434,0.00274151447,0.0313243903,0.0346508622,-0.0464886539,0.0469129533,-0.130679786
0.0134152817,0.00025231269,-0.0229389444,-0.0126956226,-0.000599286635,0.00932831503,0.0205822457,-0.0127006536,0.0595391952,-0.0103651881,-0.0364059173,0.00889094174,-0.152846441,-0.0288663134,0.0633060336,0.0539832674
-0.0716458932,-0.00500059966,0.00401789881,0.159691602,0.132944942,-0.0269073956,-0.00161480566,0.00375009119,0.126540318,-0.068637982,0.00640360732,-0.0102909319,0.0173749644,0.0575156771,-0.252438664,0.0767453164
-0.0181519389,0.0682627782,-0.0334232152,-0.0469758287,0.00717614358,-0.0243843086,-0.0283174813,0.0861040354,0.0201274175,-0.0578818843,-0.046063792,0.0313332416,0.0793988258,-0.0949692577,-0.0463709161,-0.0160593074
0.00943726487,-0.0490631312,0.106488273,0.0146089932,-0.00312873791,-0.0197228175,-0.105662085,-6.24345776e-05,0.0143142007,0.0776784867,-0.119140804,0.0508016236,0.0163549669,-0.00376525288,0.0193936545,-0.0322247781
-0.0531234965,0.0416272767,0.0174685549,0.0205634795,-0.0603319332,-0.047598049,0.389129072,0.0523401089,0.0569825284,-0.145494059,0.0287830885,0.0167188291,-0.0791526586,0.268564224,0.04902279,-0.0219946299
-0.231667489,-0.00133792707,-0.0102746068,0.0236787554,-0.0144829908,-0.0484677926,0.260124266,0.0415420905,-0.0548090264,0.196335107,0.00919211097,-0.0812210888,-0.0106562367,0.00213387236,0.0825309157,-0.00859419163
0.0320789851,-0.123597331,-0.307884157,-0.0305703785,-0.0314227752,0.0530377142,-0.00483877957,0.0676188394,0.0672177076,-0.013752955,0.0264765508,-0.0379151627,-0.0126155335,0.0129083442,0.0322380029,-0.0690070912
-0.0412942953,0.0409815907,-0.0191892311,0.0187506657,-0.0184151996,-0.0142030735,-0.00495547755,-0.00217546453,-0.006598223,0.302062601,0.00595593173,-0.0284644905,0.0451091453,0.124500863,0.0310838725,0.0958930701
-0.0205899887,-0.0262682904,-0.12565127,-0.00163215259,0.0324016586,-0.00187064114,0.0217203517,-0.0496172793,0.00564927328,-0.0266658925,-0.0113562606,0.0405516885,0.0769089311,-0.0651984736,-0.0416880064,0.0945948735
0.0513657182,-0.0260161255,-0.00711594149,-0.131265715,0.00394709222,0.0684579536,0.022292573,-0.0281437188,-0.00355630531,-0.123089984,-0.00263940473,0.0502491407,0.00831257924,-0.152898088,-0.00895709917,-0.0855107456
0.00770522747,-0.0225696545,-0.000100267695,0.0473515131,-0.000516288099,-0.0448463894,0.0772458166,-0.0117856506,0.15326795,0.0425930992,0.00282620406,-0.238771111,0.0596892834,-0.00329637155,0.00530719012,0.0199698638
-0.0828307718,0.010208332,-0.0732550174,-0.000772012747,-0.0584349297,-0.000707973144,-0.064130038,0.241626188,-0.00873527303,-0.0144698992,0.037357524,0.0632832795,-0.048613131,-0.014974351,0.0136188017,0.05184187
0.0173631031,-0.0457926989,-0.0290858019,0.0438498966,-0.0299959686,-0.000603281078,-0.0842205659,0.0523009077,0.0147382142,0.129139587,0.0703012645,-0.00487791793,0.112579383,-0.0342793949,0.0107017457,-0.0452052206
0.0904255509,0.0158497449,0.0244204123,0.00467176689,0.0231591742,-0.00674317591,-0.108304732,-0.00685435673,0.0449365824,0.00131075107,-0.0474698544,-0.017836798,-0.160338297,-0.124087706,-0.0489325821,-0.00543938158
0.155039772,-0.185336679,-0.0127242161,-0.000473644875,-0.0293029845,-0.0168392025,-0.0663888082,-0.00154740154,-0.012838169,0.0530385077,-0.0367381833,-0.116351888,-0.00684066396,0.108132146,0.0833748057,-0.000317446131
0.00274132541,-0.038214501,-0.020899158,-0.108283363,-0.04606824,-0.0268904176,0.0121628325,-0.0009612125,0.0706778914,-0.0398476683,0.0965654328,0.0535887294,-0.0377510078,0.0156259462,-0.0279562846,0.011800616
0.0385421701,-0.20165205,0.00687310705,-0.0341010094,-0.00872066524,0.0238201711,-0.0332484059,-0.111164376,0.00297932886,0.0311550666,-0.0178878326,0.134328052,-0.0635628179,-0.0360576846,0.000937457895,-0.0122898063
-0.0240699425,0.0599847324,-0.06230703,-0.000558211759,0.00856694765,-0.00200228253,0.21202603,0.0166062191,0.0770901367,-0.14330028,0.033132311,-0.00277814502,0.00573062338,0.130160779,-0.0165598355,0.00568632735
-0.105314516,0.0437408611,-0.169845819,-0.0417492762,-0.0231222324,-0.0167559031,-0.0834848061,0.181230396,0.0658144653,-0.0401239172,0.060817834,-0.00500772288,0.000698158809,0.0168870278,-0.0138400523,0.0399994515
-0.0362774394,-0.0378139913,0.0098961452,-0.000199431714,-0.0723365918,0.0491794907,-0.130274042,0.0044048219,-0.0288615506,-0.000768494036,-0.000212000057,0.075432986,0.0388615876,0.0421150103,0.129364625,0.056381274
0.018836841,0.0659532025,-0.163070351,0.151775926,-0.0831531957,0.0228577331,0.0210592262,0.0516828224,-0.104271546,-0.00536995847,-0.105408631,-0.00103718485,0.0119695244,0.0231410135,-0.187843814,0.0116894692
-0.103242643,-0.140035734,-0.0265140645,-0.0992602855,-0.0585045852,-0.0477725081,-6.01857973e-05,-0.0685525313,-0.101482272,-0.00948442239,-0.0204699747,0.0760226175,0.00389394769,-0.156814396,-0.053956572,0.0106134675
0.0444145873,-0.0429445542,-0.0383696742,0.0166547485,0.0117992088,-0.048007872,-0.179844096,-0.0319348462,-0.00693690637,0.0427263044,0.0220453534,2.82167057e-05,0.0439961478,0.067920059,0.0129091702,-0.0687875897
0.0200934019,-0.0090207886,-0.0586234592,-0.00662341993,-0.00633848738,-0.00608733995,0.00419352297,0.0454950295,0.186619446,0.0762803406,-0.125391752,0.00454070978,0.0448025167,-0.0183475632,-0.00130478444,-0.00427425466
0.0120283933,-0.0303855147,0.0133007793,0.0415942147,0.0142668579,0.0037784765,-0.0827667862,0.0211894307,0.123739928,0.00604701648,-0.0431394093,-0.0115701566,0.167918041,-0.163484082,0.141013116,0.192593887
0.059010189,0.0218345467,0.0585923828,-0.0593897216,0.02034688,-0.0192239881,-0.282054752,0.0094565656,-0.156246781,0.110156812,1.33623147,-0.0127833765,0.00955873914,-0.0281828847,0.0409229435,-0.00448432751
0.041696988,0.0176758114,0.0282036215,-0.0126416292,0.000532987411,-0.0149994818,-0.0959284976,0.0849238411,0.00524821272,0.0236523598,0.098035492,0.0545828342,0.0876799226,0.0559348539,0.0378904194,0.000271500903
-0.00320245023,-0.00837932527,-0.00413481146,-0.0826197118,0.0136765391,0.0253628716,-0.0696473718,0.0195014104,-0.0529301465,-0.118740231,0.0144003676,0.012788984,-0.0768622681,0.0250630639,0.0137324864,0.0450461023
-0.0495659672,-0.0211034454,0.072256349,-0.110459425,-0.13893567,0.0300188754,0.0896652713,0.0271246936,0.000356716599,0.030344259,-0.113717534,-0.00443182746,-0.0948140249,1.95341181e-05,0.0179847144,-0.0636248961
0.024214983,-0.0152228717,0.0108673312,0.00699595129,-0.00183039205,0.000351174094,0.00378934341,-0.0165775158,-0.00727823796,0.0744105205,0.488500774,0.00113669119,-0.00590121327,0.000545391522,0.119071528,0.0300481003
0.00309357163,0.000902474159,-0.00255843136,0.0109589063,-2.80987224e-05,-0.00513915671,-0.031744916,0.0217991304,0.0880316794,0.0606555976,-0.039983537,-0.0399453603,-0.00783514045,0.0063787424,-0.0397207104,0.0179382935
-0.00140345853,-0.0313519463,0.0412367359,0.0164261237,-0.0289911795,-0.0147556504,-0.0153185409,-0.0308264084,0.00401767995,0.0120617645,-0.022530308,-0.0240080673,-0.00141705968,0.0565796085,0.000211065664,-0.0139452172
-0.0077782101,0.0437328294,0.0382151306,-0.00947172567,0.000773119682,0.00389426318,-0.00954016019,0.0116789676,-0.0201860759,-0.0160862263,0.1377092,0.0172653031,0.0266164728,-0.018523762,0.0162631758,-0.0091019934
-0.00030969354,-0.0169671923,-0.0287846811,-0.00935900118,-0.0165741723,0.019598892,-0.0157112647,-0.049356997,-0.0140413176,-0.00027232492,0.0166946203,-0.00945812464,-0.00571446773,-0.0124285556,0.0650787577,-0.000112636779
0.0923031494,-0.0377476625,0.00288330135,-0.017259052,-0.0543280244,0.0405954942,0.0135495039,-0.000845923962,0.188041449,-0.000753764994,-0.0373039618,-0.00845021196,0.0057264003,-0.00385915348,0.0505415127,-0.0130400071
-0.064548485,-0.0269955788,-0.00640454236,0.0256949682,-0.0103220725,-0.0832604915,0.00179254031,-0.0103427926,-0.0401194468,-0.0172998141,0.0180220101,0.245962664,-0.140464038,0.0163637158,0.0413357913,-0.00600104034
-0.0003931807,-0.000900645624,0.0143982908,-0.00106570858,0.00547597744,-0.055150196,0.0176756866,0.0199761651,0.548582613,-0.00839833543,-0.00742308609,-3.3965076e-05,-0.00665756688,0.0401703753,-0.00663176924,-0.198539287
0.0356000997,0.0139899338,0.0448982231,0.0829891488,-0.0643799976,-0.024391599,-0.137208417,-0.0462497286,-0.0642137527,0.000424628088,0.0813107565,0.0239028782,0.012047301,0.0578373894,0.140052915,-0.0559673384
0.00605455553,-0.00854783598,0.0136486785,-0.137049437,0.0139920926,0.00185617292,0.0517088138,0.0542132594,0.0935619622,-0.0503507145,-0.0131153632,0.006692125,0.172501042,-0.0274489317,-0.0425079875,0.225661576
0.100836769,-0.231647551,-0.0288913678,-0.21601136,-0.141316339,-0.00536885625,0.0267064646,0.0124998502,0.0175893754,0.0015046316,-0.00243945187,-0.265694201,0.0802112818,0.00663924264,0.00741738826,-0.0538035966
0.0939742699,-0.00358662964,-0.0623551942,0.00026070833,-0.0111087821,-0.177805617,-0.0712726638,-0.0138743594,-0.00361037976,0.0211994722,0.0203321651,-0.0148181096,-0.0400100425,0.00482094102,-0.0390733965,-0.0976723731
-0.022086082,0.0271679424,0.00528282439,-0.0207773373,-0.0252643917,-0.0544799305,-0.000707506901,-0.0517776422,0.00837684888,0.00390289631,-0.00193262566,-0.0206502583,0.0557234287,-0.041270934,0.234559447,-0.00327364122
0.0296543408,0.0161320921,0.0382226631,-0.0379775167,0.0351894237,-0.101102911,0.0152879162,0.0939308479,-0.0479059294,0.0824529454,0.0237836521,-0.111006223,-0.00188225275,-0.0291776117,-0.0107748248,-5.05161697e-05
0.006508369,0.051028803,-0.498221278,0.028846493,-0.266941696,0.136607736,-0.0112466412,0.0147190066,0.0957066417,0.0305363778,0.013993199,0.0830691978,-0.0598226376,-0.00635113847,-0.00273343991,0.0206356943
-0.0396022871,-0.0814001113,-0.179810122,0.0185298081,0.0231246408,0.00700708292,-0.0297764894,-0.136248708,0.0097599104,-0.0273103993,0.057880275,0.160076097,-0.165694684,-0.12555556,-0.0412969962,-0.0750372857
0.0361014158,-0.0731286258,-0.137664318,0.0578131229,-0.0706903189,-0.00346514396,-0.0298799388,0.0658666268,0.00587972812,0.0300929621,0.0278138425,-0.00133523648,-0.100880824,0.0041685258,0.0880529732,-0.0506928191
0.0759486929,0.00122385623,0.00452074595,-0.0413821004,-0.00024182479,-0.032032162,-0.128337309,0.000938994344,-0.0256697591,0.00689750211,-0.0300557371,-0.0366489664,-0.113058783,-0.0221750718,0.0209393036,0.00280891242
-0.151252121,0.0272687227,0.0473226644,0.0687919557,-0.00232224679,0.00658729812,0.0279792137,0.0291868541,-0.0299843624,-0.0194670577,0.00515418919,-0.00757197523,0.0577867217,-0.0121280542,0.0233797785,0.417204767
-0.0677224919,-0.0159021951,0.00939576328,-0.0152584417,-0.0162667967,-0.0808650255,0.319701314,0.00610822579,0.00997893326,0.0727153569,-0.0178556796,0.177723169,-0.0596422255,0.0300922617,-0.134195268,0.00764875673
0.0111939507,0.0054760864,-0.125984713,-0.0247353464,0.00670265872,-0.0112762442,-0.00380647695,-0.132147834,0.00186901214,0.379743934,0.0165184326,-0.116318733,-0.0294329673,0.0130252931,-0.00900635868,-0.0117267566
0.000419069256,0.0780803785,0.0166100152,-0.0284740776,-0.0782072246,-0.315000832,0.0179073289,0.0274524521,0.0162792783,0.0133819534,-0.0109716589,-0.187808126,-0.0659053996,0.0741107613,-0.0152517799,0.00606554979
0.0220481511,-0.0566879176,0.096671775,0.133170336,-0.00382867688,-0.000135499344,0.0189708602,0.0343806446,0.165617272,0.00791425444,0.104570426,0.0033657793,0.00105676858,-0.00917547196,-0.129015908,0.0613912232
-0.0280541889,-0.0669282377,0.0699035674,-0.00961926952,0.0269269217,0.0116614699,-0.0251666941,0.00737657631,-0.0519012995,0.0401036181,0.0119939381,0.036878217,-0.0794355273,-0.0238678791,0.00245756796,-0.0458703302
0.0632918403,-0.0777779445,-0.0959354416,-0.0189835038,0.080048494,-0.0927818045,-0.0233121421,-0.00973596144,-0.0112437718,-0.0122709032,-0.0470447689,-0.000441946322,-0.0478915051,-0.179488137,0.0438204519,0.122279666
-0.0228066929,0.0529332496,0.171002865,-0.2842457,-0.0496598631,-0.0225560721,0.0659000278,0.0761331171,-0.151759878,0.0266564339,0.0436262041,0.126919821,0.0242423788,-0.110512003,0.0685409084,0.0108465832
-0.112114705,0.00157932052,-0.00446463702,-0.0290945917,0.00682383357,0.021024067,-0.00444884598,0.039852459,-0.00159894628,0.0075678518,0.100748591,-0.0229655541,0.0298302695,-0.0631836131,0.122768834,0.0244522821
-0.0147722811,-0.000388537825,0.219315916,0.0271977093,-0.0422646366,-0.0897184312,0.0608754642,0.0162029024,-0.0535787381,0.0457040146,0.0286433529,0.0163210779,-0.0745277181,0.0344611369,0.0702040419,-0.0189613812
0.162334874,-0.165974602,-0.0714162961,-0.0267666057,0.00753740827,-0.00702832639,0.00770719675,-0.00602790341,0.173759639,-0.0126081062,-0.0572227798,0.00130805152,-0.0687077343,-0.0243848171,0.00860860385,-0.00678317714
0.2920295,0.048224207,0.0212821364,-0.0206898879,0.0192655139,0.0356472135,0.140536845,0.0160889998,-0.00713359565,0.0863732249,-0.1722693,-0.00128222408,0.0727337673,-0.0329113714,-0.00628247485,0.0095711574
0.000534292893,-0.0200605206,-0.0167115871,-0.00318003073,0.0666472763,0.0443965904,0.00139144913,-0.0964904577,-0.00665150583,-0.0420962684,-0.0210997518,0.187433392,-0.0611225814,-0.0856314301,-0.0341621973,0.0142242964
-0.0849190429,-0.149754018,-0.0960995406,-0.0386910252,-0.0808824077,0.260831773,0.0466248132,8.63872629e-05,-0.0161165018,0.000355115975,-0.0680345669,0.0570875704,0.00922161341,-0.0037010808,0.00504515041,0.0416515507
-0.179294035,0.103469454,0.0144673763,0.0373227224,-0.0625531226,-0.0068316767,0.0406655669,-0.0279328134,0.011007756,-0.0506962352,-0.0206849948,-0.0849150866,-0.00185945292,0.0665448084,0.0500953794,-0.026614422
0.0587713122,0.00120022485,0.0302535631,0.133150831,-0.000626311928,0.00266839308,0.0987980589,-0.0119031128,0.0278470926,-0.0521066748,0.0552430339,0.0354862399,-0.0294994973,0.126199722,0.0013468907,-0.0135478014
-0.0340915732,-0.0432438813,0.0259195808,-0.135848597,0.018109316,-0.104321308,-0.0535617508,-0.0846276358,0.0129670007,0.0716533959,-0.0138836261,-0.00939336326,0.0357910208,0.00426865555,-0.00944710523,-0.445750743
0.0729496926,0.0015209642,0.0288488697,-0.00507084234,-0.00315882266,0.169905797,-0.0489462689,-0.044182688,-0.0418282114,-0.336629748,-0.0131977657,0.0147868907,0.165243462,-0.0289660208,0.00279929163,0.176958367
0.00914553832,-0.0372696333,0.0107205473,0.0136052584,0.0800586939,0.0181887597,0.0760792494,-0.0501688011,-0.0157984141,0.0385132693,-0.0249922741,-0.0877851099,-0.0357545428,-0.00159993547,0.0324718207,0.00304010534
0.0104856836,-0.00520126475,-0.00702213682,-0.0276805907,0.0110643404,0.00673030643,0.0582344048,-0.0195701085,0.0950167999,0.0180206373,0.116993651,-0.110014446,-0.0110009434,0.460848153,0.13161999,0.00533157121
0.0967399925,-0.00446470873,-0.00842797291,0.0274886508,-0.0441248678,0.0205968358,-0.00389243895,-0.00672512967,-0.00324578979,0.00619174168,0.0940707996,0.182957143,0.0718853101,0.0109133823,0.00356751354,-0.0577662103
0.00124781427,-0.00471492391,-0.0179320201,0.0800951868,0.00641345605,-0.0127814114,-0.0230857134,-0.121806011,0.000946259766,0.00689641479,0.0397368632,-0.0199510939,-0.0075559332,-0.0291147511,0.000203464064,-0.0587164462
0.0310202464,-0.0465635359,-0.01070257,-0.185920104,0.0121412352,0.000618807506,-0.0712296516,-0.0906626806,0.00184724585,-0.0621851496,0.0143010551,0.00526220212,0.0125483312,0.0262374394,-0.0410318635,-0.138123915
-0.00617977977,-0.05357996,-0.0507805012,-0.00245189108,0.029762134,0.0261919443,-0.0733155981,0.118632175,9.91634261e-06,0.0478961729,0.00355759542,-0.00635929266,-0.0619800091,0.0559054092,-0.0301084705,0.0025299571
0.0144926552,-0.0412668251,0.0014956689,0.0221514944,0.0335821398,-0.0448518693,0.00327258976,-0.00904596038,-0.0615710579,-0.0676393211,-0.052731704,-0.0289324261,0.0626638159,0.000779347029,-0.124093883,-0.0547754914
-0.0331756771,0.00813652761,0.0132040558,-0.00862068683,-0.0800227001,0.00977226906,-0.0826279595,-0.000115044757,-0.0960780457,-0.0474581458,0.0841345787,0.0191863365,-0.12937434,-0.0332499556,0.0157050006,0.0222063959
-0.00563625572,0.0205930118,-0.000468090002,-0.0153809525,0.000869237003,0.114416949,0.0536365323,0.0282375328,0.0193377156,-0.00570483739,-0.0274776071,0.0116190882,-0.00373148057,-0.0989788622,-0.00671603996,-0.0466680601
-0.000145968079,-0.0124644795,-0.0350037068,-0.0634637177,0.0333395787,-0.00665031327,0.00262575736,0.0243718661,-0.0291225817,0.0220992379,0.0371415392,0.0273846686,-0.00634575263,-0.0431732312,0.00637344504,0.000251329126
0.0117446864,0.281828195,-0.027166849,0.0543553047,-0.000489049125,-0.0194795337,0.00251961616,-0.122357368,-0.0713161975,0.00356610841,0.00185901031,-0.00487980945,-0.0614225939,0.0454201363,-0.0609842129,0.0198680963
0.0164552238,-0.047475867,0.0291629788,-0.0533533245,0.156929731,-0.0266452897,-0.118782252,-0.00602501538,0.0265986882,-0.0302126538,-0.0604309738,0.0114024105,-0.212942094,0.000340481929,-0.0510767139,0.018834332
-0.138317391,0.100443877,0.0441964529,0.0171038453,-0.0179487895,0.0597705841,-0.0098756291,0.0774579048,-0.0353897773,0.0253432952,-0.00288746296,-0.0191919357,0.0891913325,0.00571036199,-0.0350308642,0.00532547571
0.0278334059,-0.147288173,-0.0138093382,-0.125037745,-0.06972038,-0.0241006836,-0.0453420691,-0.0203301627,-0.0601891242,-0.0551854633,-0.0263331831,-7.99679692e-05,-0.0588631369,0.0217235796,0.00531217968,-0.0526285134
-0.146600917,-0.0314625353,0.00892156549,-0.00165063213,0.108190343,0.0808447003,-0.0148367342,0.00119274086,0.0195981227,-0.00736778416,0.00352020608,-0.138738796,0.000960646023,-0.0265141316,0.0374815986,0.0672297403
0.0423842855,-0.167229474,-0.12669538,0.118697308,0.0126612047,-0.00832810067,-0.015573482,-0.0914532319,0.0206771232,-0.000389895053,0.0344799086,0.0199386328,0.00227088411,0.0136245545,-0.0773060322,-0.433226824
-0.353668034,0.0349851102,0.0864658803,0.0342294797,0.0712364018,-0.0345837474,-0.000526788004,-0.0937342346,-0.00596583961,0.0276616421,-0.0318085402,-0.0102757504,0.0177529547,0.0184023511,0.062982589,0.000299932319
0.00111565203,-0.0123046534,-0.0264767613,0.0151447449,0.0229435433,-0.019085031,0.516991973,-0.0515652001,-0.00132540334,-0.0895642117,0.116814464,0.0238564666,-0.0502603836,-0.0254116654,0.180979386,0.162702292
0.0167888869,0.296083868,-0.0133052738,-0.0513010435,0.044994425,0.00253998092,-0.0584205203,-0.0217357669,-0.0261533819,0.021912815,0.0679825842,-0.00491259759,-0.051909782,0.000222349045,-0.00510216737,0.00954441074
0.0124630267,-0.0669933185,-0.0313928165,0.0345233344,-0.0357652642,0.00180776732,-0.0321331471,0.0334734581,-0.043079596,-0.0153412679,-0.108298212,0.166006133,-0.0636403039,-0.115972407,-0.10723877,-0.0148075111
0.0211769976,0.100011051,-0.0134838494,0.0180778708,-0.0819157511,-0.0424976498,-0.0875774175,-0.00504946383,0.0138952257,-0.0862616152,0.028228987,0.00154251035,-0.0348763913,0.110139474,-0.0563631207,-0.0999328196
-0.0531464368,-0.0120347962,0.00309488969,0.00780569669,0.14153564,0.0311326142,-0.0094985282,-0.00502005592,0.0439379439,-0.0482418835,0.00644361041,0.0880207047,-0.00333425915,-0.00575907482,-0.0399669185,0.0553235225
-0.00970287714,-0.12205229,-0.00349684223,0.169247091,-0.119379848,0.0248207413,0.00233110762,0.0218989663,0.0313435234,0.0419348404,0.0299560558,0.0168577898,-0.0846779794,0.0397236459,0.0458511487,-0.0245804936
-0.0210204031,-5.02227122e-05,0.00229401956,0.00519164838,-0.000542641792,-0.00741220359,-0.0187360365,-0.0231488775,-0.0260400791,-0.00108752982,0.0741459355,0.0571447834,0.0192013849,0.0197863448,0.118098803,0.000288667856
0.0357427038,-0.141417116,0.118570969,-0.00814280938,-0.0196740907,0.0130233597,-0.608161151,0.20578818,-0.144383371,0.0355943888,0.000948000117,-0.0604660735,-0.0710624009,-0.00240361132,-0.00634165574,-0.0128910113
-0.000937940669,0.132305086,-0.0337980203,0.0846923217,0.0325701125,0.0539303385,-0.00832363777,0.0236442275,-0.0372228809,0.0530515239,-0.0174504668,-0.0297698919,-0.0413264818,-0.14493449,0.0527669713,0.222555742
0.081590265,-0.00180383632,0.0105407266,0.0889254883,-0.0395847037,-0.0308001954,-0.0109986868,0.0498333871,0.00299238623,-0.111210704,-0.0345699899,0.0590413176,0.0375738069,0.152942851,-0.0114916619,0.128774509
-0.0149495089,-0.016610885,0.0244035851,0.429189146,0.000548879965,-0.00280892826,-0.000611941214,0.00418450544,-0.0366226323,0.0211724155,0.104196869,0.085785754,-0.100872792,0.0586042628,-0.096630089,-0.0467249863
0.121613823,-0.0159382895,-0.141832769,-0.0984965786,-0.0578644164,0.0378071293,-0.00481414795,0.00719490927,0.000789230748,-0.0458990894,-0.176731467,0.0655839071,-0.0292734839,0.0787015781,0.00805687625,0.0328819565
0.0610167012,-0.0559293702,-0.0812910646,0.000586185546,0.0598321185,-0.0164229665,-0.0459019653,-0.102276295,-0.0694813803,0.0985083058,-0.00251368387,0.0235136896,0.189929754,-0.00547325565,-0.181851685,-0.105759434
0.0285290442,-0.0535165891,0.0176768079,0.0766375586,0.000627100817,-0.0111381412,-0.000519519905,0.0411770828,0.075004898,-0.00145300548,0.0157150012,0.0440455154,-0.0549379103,0.0731444657,0.0196369719,-0.0146026174
-0.0307943374,-0.000276971055,-0.0319622159,-0.0364983007,0.0818027556,0.320724666,0.0241646934,0.0500708856,-0.0542014763,-0.00339818187,0.0413364284,-0.000336518424,0.167165384,-0.0249511804,0.0888942778,0.314252138
-0.0417916849,-0.015075638,0.0396355949,-0.0746301115,0.030993361,0.000881577027,0.00360368239,0.00508408993,0.0261688828,-0.0143552897,-0.0185053833,-0.00796217844,0.0133149298,-0.00821718667,0.0920871198,-0.00972865056
0.00154717534,-0.0534757189,-0.254495829,-0.00721884612,-0.316392839,0.0536455847,0.00765598379,-0.0160354879,0.0741571635,-0.0635846779,0.0371430963,0.0687004551,0.0313919261,0.157512218,0.0158891752,0.0151977148
-0.143323302,-0.00805793423,-0.147526979,-0.0903880671,-0.113063805,-0.0437491238,-0.0748696104,0.04119974,0.116358124,-0.0206869077,0.177984521,-0.0597725697,0.00406657439,-0.111996017,0.00282571139,-0.0424285941
-0.0940183029,0.0520662405,0.0749228001,-0.013718565,0.117405489,0.0640885904,-0.0412114188,-0.154859528,-0.0181309078,-0.00183784135,0.0152841536,-0.0093468437,0.0244654026,-0.0035710982,-0.0086333584,0.215508983
-0.0776020885,-0.0013232826,-0.15058963,-0.103465587,0.0671027899,0.0149202868,-0.117009662,0.0762284771,-0.0424328521,-3.08661819,-0.0141891651,0.0594410412,-0.0940712094,-0.0233497843,-0.0158336367,0.103695422
0.00859129056,-0.350055695,-0.00340366527,-0.063231498,0.068820104,0.0117043806,0.0494483076,0.0533895753,-0.0336800739,-0.0327113867,-0.00154363003,0.0762103274,-0.0287216343,-0.187686622,0.00976488367,0.156056926
0.0560790151,0.00825908501,0.0239831414,0.002441969,-0.0173818525,0.103718139,-0.00622215867,-0.188352913,0.0124291498,0.0679785013,-0.0512399487,-0.0864207596,0.0837548673,-0.0942408517,0.0169745255,-0.0022152646
0.00132185174,0.0421082824,0.0119407214,-0.0273666903,0.0490977913,-1.85289681,0.00622230768,0.00876202621,-0.00867574289,0.0605950281,0.0125317713,0.00116899936,0.0237649381,-0.172224879,0.0951419175,-0.0688578784
0.0282370523,0.0955019444,-0.0336023271,0.0866094455,0.100894891,-5.32248232e-05,0.00201831455,-0.0229075011,0.0101342956,0.0450965501,-0.0455977693,0.0556568541,0.0451413356,0.00239540311,0.0114310915,0.0151009327
0.0303228609,0.012421215,-2.27881598,0.0318426043,0.00925133284,0.0425673649,-0.00735083921,0.0319987312,-0.145989954,-0.0299093667,0.0384436138,-0.0780824423,-0.015038521,0.0330073647,0.027166659,-0.00235713087
0.143116683,-0.0111493655,0.022877153,-0.00476863328,-0.0241242796,-0.11656139,0.0493787043,-0.0190125834,0.0554004014,0.0968202949,-0.0178422686,0.0270201061,0.1741267,0.00344572472,0.038658686,0.115524113
-0.132765397,-0.00824851636,-0.0190275516,0.00969524961,-0.0215208475,-0.0181802269,-0.00190747017,-0.0648769364,0.1114031,0.0255841129,-0.0347806476,-0.0565261059,-0.00738442596,0.00740802754,-0.0546983331,-0.0547213405
0.016190188,-0.000115674135,-0.0268853623,-0.0124288844,-0.0435024127,-0.125631467,-0.14217858,0.147010654,-0.041793149,-0.779908061,0.0215313118,0.0421052352,-0.0268039554,0.0269340742,-0.0830655098,0.0302081853
-0.0537597127,-4.33337664e-05,0.104581125,0.0627698228,0.0693688989,0.113530055,-0.116447441,-0.0417313576,-0.0160213746,0.0382518619,-0.00560205616,0.0409384221,0.0386059843,-0.0474674962,0.0112832254,0.0282137636
-0.178104728,-0.0126470625,0.0486935414,-0.073987633,0.0927086771,-0.0126268603,-0.0282695536,0.00319983298,-0.00371547649,-0.0603494085,-0.0617146417,0.00403111568,0.0628764704,-0.0253848396,0.0161442626,0.0728257447
-0.00204006233,-0.157578617,0.0597374141,-0.303384125,0.02787924,-0.012352868,0.0159581043,-0.00802102219,0.0847174004,0.00515467534,0.0112367738,0.0344254337,0.0273949057,-0.150410816,0.213490441,-0.027509667
0.0155873336,0.00210042135,-0.0100385183,-0.0183189847,-0.00762916496,-0.0107351951,-0.0217262618,0.0296533164,-0.00778817246,0.0259146485,0.00304026739,-0.0415297039,0.0576447509,-0.0741580203,-0.0706714243,-0.173236921
-0.0622418746,0.0393075235,0.00588991819,0.00289901625,-0.0324316993,0.0170430113,-0.0208323468,0.217615157,0.034924265,-0.0149591397,-0.00892695598,-0.00785124395,0.00464828638,-0.0326280408,0.052730564,0.046070192
-0.043616876,0.0140808132,0.0145906517,-0.0826479942,0.0146403136,0.00679784222,0.057321161,-0.0198060535,0.0894743949,-0.0652574524,0.0185556021,-0.0055663283,0.0115014659,-0.00849446002,0.0916249454,0.292944878
-0.056720864,-0.097486794,-0.0180807039,0.0128128259,-0.0540730543,-0.0244516358,-0.0383358337,0.187135115,0.124181561,-0.0627655834,-0.0411063582,0.00230792584,0.0510808155,0.0239934195,-0.0058306912,0.0960415378
-0.0615790002,0.263211071,0.121318482,0.123033151,0.0288187396,-0.0169279482,-0.031966269,0.0280019455,-0.0374413282,0.00281351153,0.00319041451,-0.0199386403,-0.0931981653,-0.0208791923,-0.0613244474,-0.177948371
0.00015439844,0.0115072029,0.00350221526,-0.0259565488,0.0500511937,-0.0703720674,-0.0417166911,-0.0136749595,0.00489113759,0.0131996777,-0.0269831028,-0.0637329221,0.0106371669,-0.00716864271,0.064197138,0.0268109981
0.0219074637,0.0580335706,0.128703386,-0.0389763042,0.0289366674,0.0544128641,0.418436974,0.0720010847,0.00800564606,-0.0131711988,-0.00368265505,0.00145486603,0.0393915214,0.0411475897,0.102763198,0.0571210757
0.0046241763,0.00746166008,-0.0476708077,-0.0711395219,-0.116109274,-0.0652932972,0.0817299709,-0.0461665317,-0.434535056,0.00279033743,-0.0566581935,0.0510597192,0.068656452,-0.00694629597,-0.00836922787,-0.0434502587
-0.00445607677,-0.0677374154,-0.122499526,0.00628223736,-0.126686633,-0.278016061,0.0113080945,-0.00500787469,0.110655777,0.0176013205,-0.000579885032,0.0844857022,0.155364484,-0.0348185301,-0.0270867888,-0.0101584857
-0.0243719071,-0.0314473063,0.0355326869,-0.137792766,-0.0266884752,0.0128343394,-0.00916554127,-0.226454973,-0.0208881535,-0.0597374924,0.108029671,0.113886774,-0.056945283,0.00206147623,0.085841991,0.0819333941
0.00653075194,-0.233594656,0.0069432212,-0.041680485,-0.0371535197,0.00847408269,-0.0205143802,-0.393064529,0.0116483802,0.0800984651,-0.0687710121,0.014948776,-0.0727632418,-0.00792087521,0.0878787637,0.136377335
0.0535559915,-0.000705560728,-0.0591000468,0.0303597543,-0.0149337528,0.0136990249,-0.0234480239,0.043501921,0.0498974025,0.0502756387,-0.0240577199,0.0594685078,-0.00095091277,0.00214074831,0.107624307,-0.0251140837
-0.0416109674,0.0180193186,0.0505415462,-0.189530179,0.00109288434,0.0336075313,-0.069748804,-0.251919389,-0.0113381073,0.0266821068,-0.0909732506,-0.011067844,0.0243272427,0.00992070884,0.00462153926,0.0522805005
-0.316228628,-0.0206332523,0.0165741798,0.018797908,-0.0142115075,-0.0039067585,-0.0400766321,0.0885331631,0.177266955,0.014635534,0.0341239423,0.0198016148,-0.00145590166,-0.0354898013,0.0460813902,0.257888794
-0.0946578011,0.00217855396,-0.0500558726,-0.058705546,0.00103468972,0.0642369613,-0.0228838678,0.0409372859,0.00341296056,-0.0394828953,-0.106224284,0.0107087195,-0.0257996693,0.0833334923,0.00784449372,-0.00110130699
0.0669393539,-0.00400938187,-0.000656799064,0.100469328,0.00398468412,-0.0275792312,0.0175662879,0.0592215993,-0.149389848,-0.0108468095,-0.0169735011,0.00213456876,-0.0117320856,-0.0351454243,0.0689970925,-0.035288211
0.00116197695,0.00397875579,0.000403972663,-0.0282885097,0.0622989684,0.0542105362,-0.0593870245,-0.0699749589,0.0527709499,-0.0460583381,-0.0277377348,-0.106963202,-0.0247957036,0.0971183777,-0.0857930109,-0.07490886
0.0103546688,-0.0193904601,-0.0168800112,-0.027590286,0.0408959128,-0.0186607502,-0.13902384,0.0856481194,0.00927873049,0.0110840583,0.0201728642,0.145344362,0.0254588891,0.0813974366,-0.00346038491,-0.0034139778
0.0912464708,-0.00362894405,0.00090508291,-0.00176740845,0.0011720293,-0.0579763912,0.111729607,-0.101185359,-0.0719184056,0.0770921484,-0.00154134212,0.0516188145,-0.00444907742,-0.00604543742,0.00600120053,-0.00103557936
-0.0944805667,0.0644414499,0.00529206684,-0.0281239711,-0.0374387689,-0.229186207,-0.0621108003,0.0135424342,0.10139516,0.122418918,-0.0662247688,0.0230392553,-0.0920578837,-0.0128624737,-0.0281917565,-0.00467059808
0.187736213,0.146594793,0.0643318519,0.0179056618,-0.0146049429,0.629691005,0.00554757891,0.00894524343,-0.071749568,-0.131913468,0.00166879583,-0.00232256972,0.0237773359,0.0176337101,0.15505822,-0.0229869932
0.0193582643,0.114735641,-0.06452737,-0.041779574,0.122628853,0.139671534,0.0342035256,0.0873014405,0.196352631,-0.212206289,0.0326306075,-0.0198986176,-0.0102601312,-0.149185538,-0.00175682479,-0.0836721212
-0.0282566994,0.0013318276,0.0200300161,-0.109783404,0.0866432935,0.0381653272,0.0793809071,1.3269967e-05,-0.00233678264,0.0905341357,-0.109253958,0.0344044045,0.0325923562,-0.0338680968,-0.0341900364,-0.0980162621
0.0189899802,0.0222729165,0.00167158502,0.0469922237,-0.302862763,-0.0820977762,-1.77618094e-05,-0.0177719388,-0.0344634242,-0.00710860407,-0.0235289987,-0.047175169,-0.0522104874,0.0123551758,0.0682733133,-0.0644782558
-0.00284417439,0.0394102596,-0.0808158144,-0.00171221548,-0.00509473635,-0.00398683315,0.0596424565,0.0127566652,0.127814725,0.0865163505,0.0281991605,-0.0409658961,-0.0662057325,-0.00567070907,-0.00471859286,-0.0416266955
0.00688296743,-0.0334289484,-0.0944065154,0.00193462393,-0.02244859,0.0477379113,0.0351868905,0.0895293429,-0.0102646211,0.0159516316,0.0393401347,-0.059811689,-0.0222164802,0.0124767469,-0.00398295,-0.0499702021
0.0417795628,0.00820184499,-0.0726005435,0.0200874694,0.00715385377,-0.00150470203,0.00316707208,0.0648656413,-0.0375334434,-0.00600842619,-0.010351833,0.0625132397,-0.0628340244,0.0677280128,-0.000814251369,-0.132499903
0.000593396311,0.0207731556,0.0207334217,-0.0563864186,0.0289368406,0.041350618,-0.0122084096,0.0172485951,-0.0105982861,0.0977625474,-0.00302714715,-0.0808926597,-0.07995487,-0.0653655007,0.0271240659,0.0475663468
0.0628322586,-0.0925137922,0.00914795883,0.220453069,-0.054719843,0.0275142193,0.127881318,0.0182996858,-0.010945146,0.00844816864,-0.0268913768,-0.0275696442,0.0255321842,-0.0755570158,0.0317194089,0.0390760675
-0.0300388318,-0.0179334804,-0.0191193577,0.0824446678,0.000505819859,-0.0385565758,0.0239970256,-0.191608414,-0.0211118162,0.0490273535,0.165233433,0.0152846342,0.0328952633,0.0383619107,-0.027001068,0.039448306
-0.018792687,0.0172639061,0.0705214292,0.0216052867,0.0653229728,-0.0437279157,-0.062246982,-0.00177934743,0.071999304,-0.0971820801,-0.0514736325,0.0716431811,-0.0337577239,-0.0461408049,0.0281012859,-0.0172594432
0.00302599184,-0.0197387766,0.00335232238,-0.0482183509,0.025755154,0.0181636438,0.000138055111,0.0161262676,0.00618246058,-0.0456112213,-0.00657433365,-0.0580627285,-0.042726662,-0.153997138,0.00178004953,-0.146030337
-0.0873902217,-0.0133110788,-0.0600973107,0.0259002298,-0.000556283165,0.10838452,0.0255358554,-0.00338510633,-0.00742251892,-0.000713768299,-0.241215646,0.16152294,0.101213895,0.0176759679,-0.00191101106,0.0278014131
0.0578368679,-0.127569124,-0.061396759,-0.0591812506,0.0708814636,-0.0136115905,0.0189553779,0.0285634715,0.0348981433,0.011799369,0.245456412,5.31933547e-05,-0.0518029444,0.00351417274,0.0780132264,-0.228575438
-0.0428954326,-0.00481146667,0.082118623,0.0219432972,-0.00103265094,-0.0156665388,-0.0810703635,0.0191399958,0.0139133446,0.0114147505,0.0260398705,0.0253077354,-0.0793854669,-0.0126924515,-0.0735211596,-0.0462991633
0.0453276262,0.00121590646,-0.0240403023,0.16464451,-0.0034001607,-0.00595607283,0.0552193485,-0.0318631828,-0.0522510223,0.0284765996,-0.0809012502,-0.00101770344,-0.0388688408,-0.049320478,-0.012286217,-0.0140103558
-0.0583907664,-0.062331222,-0.11950887,0.0366480239,-0.00250151148,-0.0555096157,-0.0036290125,0.0155703602,-0.420677274,-0.0123387454,-0.0487220138,0.0580696687,0.0797718987,-0.00397839863,-0.0818574876,0.349828124
0.011468838,0.004199747,-0.0744169056,-0.0730706379,-0.00452775555,0.0647782236,0.0641701221,0.0116693247,0.00171417405,-0.104507871,0.00292336545,-0.0150276544,-0.068798542,0.0199912526,-0.00137761922,-0.0559288375
-0.0128986007,-0.0571306162,0.00316546764,-0.0222048946,-0.0411869213,-0.0297590885,0.00128959597,0.0202684775,-0.0508558899,0.00452496763,-0.00746515347,-0.00472737895,0.10321261,0.036740616,-0.00793480407,0.0604998395
0.0376919135,-0.0237122905,0.143024936,0.0537781529,0.11774189,0.0804899409,0.0012962207,0.142031863,-0.01518605,-0.137485906,-0.0423129648,-0.0317949504,-0.0859707147,-0.00816838536,0.0388844199,0.00899173412
0.0183935314,0.0262875725,0.00226741354,-0.042209547,-0.0277465042,0.0294705499,-0.0289853401,-0.293680876,-0.0567799583,-0.00373351807,-0.028512774,-0.0149216009,0.047515478,0.041943334,0.00349004217,0.00276766252
0.0374283679,0.0025214355,0.0122556696,0.0374875329,0.0778882653,-0.206479788,-0.0040929555,0.000376866927,-0.065586552,0.00801426638,0.0597001947,-0.0165447332,0.194303811,-0.0591440238,-0.163849458,-0.00105516671
-0.0440266058,0.118392594,0.0172855146,0.238280609,0.00236008689,-0.00230258517,-0.159269616,0.128977388,0.0438076742,0.00237457152,-0.0060235532,0.0222409125,0.00474654511,0.0135868033,0.0680634379,-0.00225798646
0.0741013139,0.0229769107,0.0371253975,-0.0124611547,-0.0133755254,0.00440920237,-0.0421722382,-0.0189868025,-0.341887385,0.0820930302,0.448864788,0.000791987055,-0.0120085785,0.0151183791,-0.0555071607,-0.00862737466
-0.00277272286,-0.043189209,-0.144104838,-0.0858030245,0.00630077533,-0.218972862,-0.00450375536,-0.119990475,0.00113484205,0.142835185,0.000591967488,-0.017566625,-0.0118321041,-0.0926452056,0.0263776183,0.00957913511
-0.0393395722,-0.0473019518,-0.0425495356,0.0147655448,0.0335835852,0.0135468468,-0.127904505,-0.053429205,-0.175006285,0.0196719952,-0.110880345,0.116571456,0.0562903062,-0.107356854,0.0726933405,-0.0225296132
0.0562700927,-0.000326455687,-0.0117700417,-0.0115226721,-0.00493123988,-0.069810085,-0.00446350174,0.0819333643,0.157685474,-0.0424731299,0.0205602273,0.000582237553,-0.00151976768,-0.00833683833,0.0103998361,0.0422673821
0.0286683012,-0.0218282808,-2.67508422e-05,-0.0755058303,0.0111263935,-0.121871777,0.0015134284,0.0435346253,-0.0105518941,-0.0282905307,-0.00726392446,-0.07055711,-0.0149644408,0.00684448518,0.0136950752,0.00386456773
-0.107632659,-0.0182333048,0.0134907514,0.0284562875,0.038265951,0.112861976,0.00719166594,-0.0138210505,0.00570025342,0.0135753183,-0.00235308148,0.213417351,0.00192458939,0.0180217177,-0.0619573705,0.161451161
-0.00791143067,0.106366985,-0.0574096441,-0.0194463152,-0.076525934,0.00546295894,-0.116382256,0.0608625785,-0.107775003,-0.00825443491,-0.0202863235,-0.0167433843,0.142779484,0.0988808721,-0.0134358881,0.0179871675
-0.00146779895,0.0792911425,0.0320110954,0.109917201,0.637387097,0.00302323513,-0.0237264298,-0.00481743691,-0.00178347912,-0.0381845087,0.00781309884,0.0561531112,-0.0712575465,0.112007089,0.0530889742,-0.017140476
0.00633484917,-0.0457954369,-0.135831237,0.00825398136,-0.000950314163,-0.0466357321,-0.00706930179,0.0131769124,0.0499424674,-0.00459124381,0.0406392813,-4.32566121e-05,-0.0636326298,-0.0908859819,-0.00368228741,0.0859277174
0.0363486782,0.00712904939,0.0156251136,0.0315524414,-0.00317999418,0.143798396,-0.0473259464,0.0627502948,0.00368339196,-0.140545517,0.015207354,-0.00448343158,0.00476813875,0.0702556446,0.0223782677,0.0504741892
0.0160753578,-0.0789140016,-0.0659401119,-0.0748096555,-0.270034164,-0.00260869437,-0.0189470872,-0.00132596295,-0.0626140758,-0.00226825918,0.000239673231,-0.024895696,-0.0847794712,0.0110196713,-0.0817050785,0.0241688266
-0.00371712469,0.0804322138,-0.00886918418,0.0448456369,-0.0158852227,0.0602996312,0.00556583283,-0.00296682375,0.0994873419,-0.0256094988,-0.15354915,0.132099777,-0.0320060402,0.0085402308,-0.0255265832,-0.116581567
0.0186832622,0.0563689768,0.00350311957,0.155494615,0.000529725512,-0.0366288014,0.00101531472,-0.0758929551,0.102134921,0.0740610734,0.0356193595,0.0547170453,0.0897396132,-0.0344175957,-0.00174056634,0.000248121622
0.030126743,-0.0617104881,0.275388896,-0.0275001898,-0.0317922086,-0.0450384542,0.0905154347,0.0462271832,-0.129265934,0.0170506183,0.531443357,-0.0030932778,-0.0401297323,-0.124056965,0.05240402,0.110037416
-0.00377021241,-0.0193244833,0.118699796,-0.00303482055,0.0291304383,0.0495672226,0.00311218901,-0.187608019,0.0406454019,0.118290715,0.029027313,-0.0111635551,0.01183178,0.00351453247,-0.00832001306,-0.0524596758
0.00426737359,-0.0100511424,-0.184400171,0.0228410009,0.0219515022,0.0704837292,-0.213078454,-0.332801253,0.0354180634,0.035772562,0.00192184653,0.00643616868,0.07611835,0.0162926503,-0.00795922801,0.112888947
0.134916902,-0.00205029873,0.0380273946,-0.0838614032,-0.00277333823,-0.0205997787,0.0399223678,-0.0923794582,0.0241259318,-0.079161413,-0.00479480857,0.0176262315,-0.0288337357,-0.0248942077,-0.029541241,0.0346209891
0.0597414933,0.0033391139,0.00137162744,-0.136097759,0.0653880909,-0.140408099,-0.0454212017,0.0333411954,-0.00827156007,0.013884766,0.021201171,-0.0049175485,0.00792268943,-0.068676576,0.0182888452,-0.00957846921
-0.00191460678,0.0707660094,0.0270058233,0.0675760508,0.0124070039,0.0256236717,-0.0491722412,0.112208359,-0.00266016671,0.0323008262,-0.0718964636,-0.00802550651,-0.0839471072,0.131803334,0.00125683134,0.0228560083
-0.0106779989,0.0600464083,0.00319531932,0.0483447239,0.0106080147,-0.0402432568,-0.106504485,0.0150518119,0.27201736,-0.00505690789,0.0222483017,0.0973476246,-0.00475252513,0.0277676601,-0.13402617,-0.00510586426
-0.088876158,-0.0845385715,0.0360587053,-0.179382518,0.0471560732,-0.0848225653,-0.0183973219,0.0113257039,-0.0588484257,-0.139104813,-0.0653266385,-0.0276806504,0.022829799,0.0497089662,0.0386145525,0.025467217
0.105722412,0.0382503681,0.00232807873,-0.0130139599,0.0278128125,-0.326367438,-0.212496564,0.131002307,-0.0357030034,-0.102227099,-0.0551859587,-0.024251828,0.0459036082,-0.0853622854,-0.014889,-0.00815980416
0.00935684796,0.142960057,0.00102216576,0.0123847593,-0.00285059563,0.168263897,-0.0945867822,0.0225155596,0.0244474839,0.0283310115,-4.27444029e-05,0.0720491707,-0.029048726,-0.10414093,-0.0377506502,0.208419949
-0.0578340702,9.17171055e-05,-0.0114920642,0.465250582,0.0621050857,0.0571860932,-0.173778534,0.0240215939,-0.0108087519,-0.0360421501,-0.00627875887,-0.0600779876,-0.00165397895,0.125350028,-0.0203400496,-0.106693447
-0.000677542412,-0.0589411445,0.114109747,-0.00996356271,0.0252696462,-0.0583982468,0.00452660443,0.00317172357,-0.0142613333,0.00769999158,-8.03870789e-05,-0.0125639969,-0.00617698859,0.0486329161,0.00321147568,-0.00774510577
0.0660404041,-0.237989634,-0.0653936863,0.0214867909,-0.00170194742,0.040258836,0.0444146991,-0.361553103,-0.0479732677,-0.00986478571,0.160898551,0.0209346693,0.0426363312,-0.00497516152,-0.0547647327,0.00866246969
-0.00535584381,0.000392258371,0.0520868637,0.0576829836,-0.118254639,-0.0438291579,0.0667715743,-0.0239737574,0.0243575182,0.0366880037,0.0308846496,0.035591796,0.0347398445,-0.0619173124,-0.00121356093,0.0124653103
-0.00766487233,-0.129991472,-0.0503342338,0.00477873301,0.0411274619,0.0562070273,0.0858626291,0.000497814734,-0.0167757291,-0.0287082735,-0.0266018622,-0.105909072,-0.0520746931,0.0278559569,-0.032480523,0.0240970924
-0.228013992,-0.0195556674,0.133424371,-0.0379698537,0.0916179642,-0.0144653991,-0.0562444516,-0.052198004,0.0178222861,-0.013162476,0.00621777866,0.102726579,-0.0046610334,-0.0213034283,-0.0811673403,0.252836436
-0.0890380517,0.0184949432,-0.432609558,0.0652787313,-0.0229317043,1.98967082e-05,0.106453158,-0.0014113877,-0.0664893538,0.107096829,-0.11775253,-0.00218837569,-0.161751315,0.00836724602,0.144730985,0.132371858
0.0210207254,0.00933678821,-0.0320955701,-0.0860716254,0.0620382391,0.0124287186,0.00701383408,0.0270976126,-0.0171319917,-0.0207664724,0.0452191345,-0.0672389194,-0.207750037,-0.00294849067,0.0328398272,0.0289997756
0.0743050799,0.00932268891,-0.00399780367,-0.0434221588,0.159927472,-0.0162456166,-0.00737480214,0.0361241698,0.000302166009,0.0433325656,0.00281139649,0.00289192959,0.100332208,0.0199509095,0.00284322258,0.0386938266
0.0146482689,-0.0428282917,0.127998531,-0.115396053,0.0133260908,-0.0594396517,0.0353371575,-5.85937087e-05,-0.00622375216,-0.123535313,0.0981020555,0.103165634,0.00819173548,-0.0160892978,0.0128709134,-0.00109804026
0.00348962913,0.0127409296,0.0240499172,0.00142028998,0.110926054,0.0693482682,0.081577085,-0.00962866191,-0.0494766012,0.0523873568,0.000501685892,0.017799018,-0.0227422025,0.131075263,-0.0257787276,-0.0650062859
-0.0155459056,-0.0266235881,0.0198954921,0.01133967,0.00175552594,-0.0409532785,-0.0398508608,-0.00286099687,-0.212625086,-0.094436273,0.104032956,0.0198766328,0.069752261,-0.038499441,0.00433691591,0.025512388
-0.0160182621,0.129845351,-0.0495777726,-0.0229933839,0.0204130672,0.00246825675,-0.0005498869,0.0193623584,-0.035235811,0.0133844903,-0.0294497292,0.0056110681,-0.0764273778,-0.00231299619,-0.0720372126,0.0356860794
-0.012104284,0.21894449,0.00773321604,-0.00660919398,0.0180101916,-0.0680180565,-0.0123374518,-0.077287659,0.0159719139,0.00349883782,-0.0143946614,-0.00432292977,0.00155837368,-0.0325292498,-0.10125383,0.215850413
0.0278456081,0.0516222827,-0.0400260165,-0.296453714,-0.011650268,-0.000914493634,-0.0105942804,-0.00125387858,0.0336172283,0.0234664287,-0.0517818928,0.0144329378,0.0863489881,-0.0307072997,0.0267565753,0.106900208
0.0710903928,0.0106682125,0.0860682577,0.00636440329,0.0392020196,0.0330572464,0.0386400931,-0.000428764324,0.075751394,-0.131829619,0.00373736373,-0.00802095886,0.010206392,-0.0549943075,0.0153059894,0.00227591442
-0.0596032366,-0.922764301,-0.0174295511,0.0264764726,0.0318274051,0.0107165165,0.0374287292,-0.0586129352,0.0506743528,0.0299075004,-0.0235733408,0.141387761,-0.0309414621,0.00168965221,-0.0559399724,0.0104753701
0.0853799507,0.0960608125,-0.00378050492,0.00800114777,0.000794179854,-0.0230738129,-0.0483510904,0.00996969827,0.0299401507,-0.00298341876,0.0330262408,0.0756394714,0.0812806711,0.0189203303,0.219091877,0.0139418589
-0.115834318,-0.087942943,-0.0408558697,0.0511548594,-0.00337616634,0.0171580371,0.013323091,-0.0108370315,0.0867755339,-0.0209704079,-0.00618412113,0.0610226803,0.0977163166,-0.0514828116,0.0303902049,-0.0254409313
-0.0104484316,-0.719825864,-0.129413009,-0.0592968129,0.0394135676,-0.0877319202,-0.00954119861,0.0513672307,-0.00953912642,0.00059070799,0.0431924947,0.0369673036,9.0422327e-05,0.0644911751,0.0439314321,-0.00156096765
0.0189989265,-0.0189846419,0.000494377513,-0.0586725548,0.0139459213,0.00811238121,-0.100619651,0.0302116107,-0.0102122016,-0.0444908626,-0.0930260718,0.00114918954,0.115958579,0.00687689614,-0.00992760435,0.0300486982
0.00921840407,0.0170605239,-0.0703324154,0.154161915,0.00594396656,0.0165433567,-0.00820255,0.0387037098,-0.00360697275,-0.0260812212,-0.0126397079,-0.199128598,-0.055540055,0.0137258759,0.00366957113,-0.0133216493
-0.176627547,-0.0843689069,-0.0969051719,-0.00100898813,-0.038165547,-0.0409131795,0.00125470129,-0.00251608202,0.0555070303,0.273677379,-0.0115929227,0.00638002343,0.00135842373,0.00720237335,0.0171407294,0.137290537
-0.0210472383,0.0342169739,0.0491552427,-0.0876248926,0.184668049,-0.0657037944,-0.0964016765,0.0148959858,0.00574249635,-0.0233777575,-0.106122717,0.000864518748,-0.0298384558,0.0384935886,-0.015935339,-0.108614482
0.0281939134,0.0327217653,-0.032048434,0.0107865604,-0.00467407657,0.0496181138,0.141339928,0.00285779033,-0.0358020887,0.000866340706,-0.084339045,0.00113341364,0.00175376434,-0.088508971,0.137055874,0.0156391449
-0.0425583795,0.208084002,0.0344814174,-0.00223942054,0.139172375,-0.032476265,0.0226458535,0.036344327,0.00116020313,-0.0159541555,0.0639351681,0.0225790665,-0.00659956643,0.049162861,-0.00510526402,-0.0621731319
-0.0598832928,-0.0695444122,-0.0879010558,-0.0336568877,-0.0268582571,0.000263798574,0.070222646,-0.187131062,-0.0676513538,-0.000638722617,-0.00365477358,-0.163023621,-0.015524555,-0.113533556,0.057791613,0.201841086
0.0344263203,-0.000299744192,-0.235827878,-0.176509306,0.00262300391,0.0037785056,-0.00308223953,-0.00927876402,-0.00680469768,-0.0134795727,0.00805197284,-0.101062335,-0.0438765176,-0.0280084535,-0.0763940886,-0.13174355
-0.0382353328,0.0378129035,-0.0075261551,0.00490256585,-0.000771439052,-0.0331400149,0.0106413262,-0.0085580945,-0.00150663522,-0.00445360318,0.15878728,-0.0214609504,0.0849885494,0.0147222495,0.05328805,0.0678226575
0.0977534503,-0.0599080734,-0.00129996019,0.0465835631,0.000958203571,-0.0167209208,0.0734354183,0.0221742652,-0.229358807,-0.0321687534,0.0701535866,0.115011089,-0.00220120908,-0.00115902012,-0.197823197,0.0616555288
-0.0238716062,-0.0783834159,-0.0788155645,-0.0110725714,0.071489498,0.00389297935,-0.0471130349,-0.0156577919,0.0256708134,-0.0855579749,-8.0423546e-05,0.0802630559,-0.095137313,-0.135780171,-0.029450113,0.0203582775
0.0475886017,0.00241804775,0.00199734303,0.018243935,0.0105760675,0.104912043,0.0551665798,0.054316882,0.0407848433,-0.0926324502,0.0266059823,0.295171082,-0.0146430824,0.068766214,0.00367667805,-0.010568832
0.0136038875,-0.0762686655,0.0401041806,-0.0286117196,0.00287964288,-0.00768431742,-0.0641892105,-0.00287695066,-0.0730077326,-0.0056212442,-0.161337256,-0.0443756729,0.0234695487,0.0183069278,0.0981956348,0.0157200992
-0.00830090791,-0.121116094,-0.0210447982,0.00627028383,-0.0344612226,0.00554443244,0.0362152569,-0.00994073786,-0.00810702238,0.048217617,0.0756391659,-0.0259432998,0.00200799084,-0.11015714,0.00285603385,0.0061977841
-0.00197732076,-0.0428138264,0.0103347516,-0.0142290965,0.0218138173,-0.0357662961,-0.0121107735,-0.0458920524,-0.00910224393,0.000770001207,0.0046476624,-0.0102625294,-0.0241567995,0.183856264,-0.0165519845,-0.0413506329
0.142056659,-0.0939242914,0.106485702,-0.00917892624,-0.00837143697,-0.123330452,-0.174290657,-0.15835835,-0.0814609453,-0.00848421734,-0.0946296379,0.0162967965,-0.0275599752,0.0705477595,0.00698383246,0.0648200959
-0.0463267528,0.045667842,0.00030882092,-0.0198154263,-0.046758052,-0.103035443,0.0606841259,-0.0390818529,-0.0511435904,-0.0890111774,0.00266954582,-0.0165396314,-0.0647863001,0.00735758757,-0.0843150616,-0.0193158872
0.105877817,-0.0400398187,-0.0108192349,-0.0644095317,-0.00921037793,0.0210577566,0.0353414305,0.0864304453,0.170678049,-0.013938671,-0.04646945,-0.0387631543,0.0510190614,0.0197256505,-0.0158121996,0.00967537053
-0.00208776398,-0.0491089933,0.0156804845,0.00417484622,0.0391924642,-0.00236464106,0.0575099923,0.135257408,-0.123004489,0.0725088939,-0.0385585651,-0.276411444,0.00154836394,0.0800875276,0.0374326333,0.113518335
-0.0120688453,-0.0453275144,-0.00560108246,0.0411785841,0.048006881,-0.00811094325,0.0173594188,-0.0011662863,-0.0513943583,-0.0400374979,0.07199426,-0.0853845477,-1.21389676e-05,0.131904557,-0.416190952,-0.0472835377
0.0232839771,0.00883686729,-0.101275615,0.0621908158,-0.237461939,0.162066653,-0.110996768,-0.0192436464,-0.00557172205,0.000567759969,-0.151583612,0.0200815219,-0.0279007703,-0.051398281,-1.94276941,-0.00153810938
-0.116505697,-0.0999152288,-0.176541433,-6.74569965e-05,0.0991295651,0.00437155226,0.00325800315,-0.215471596,0.013584204,0.0344494693,0.0765378848,0.00544117298,-0.00719807576,0.0276875086,0.00522335479,-0.103461973
0.0228555538,0.0399727486,0.0732877478,-0.0288638826,-0.00679288106,-0.0344359428,0.10151691,0.00185466895,-0.0670074075,-0.104911268,-0.00986230187,-0.00563603593,-0.0352953784,-0.00821489748,0.00900690351,-0.0160800442
-0.0175540056,0.0151157239,-0.0195591804,-0.0137900049,0.0364947133,-0.00948043168,-0.0101380004,0.0351504311,-0.121247724,0.0505113937,0.00197474705,0.00373333413,-0.000728580402,0.000195210596,-0.0112357242,-0.237494677
-0.0419828445,0.0143674156,-0.0608186945,-0.01871318,0.00856541283,0.00598626351,0.0281257629,0.00276633864,-0.0286341179,0.0076781665,0.0154577903,0.00777103473,0.00924954191,-0.035904631,-0.151500896,-0.000156531474
0.0658762455,-0.211956993,-0.0236516185,0.0248235092,-0.0167448018,0.0138110528,0.0950898975,-0.0243946686,-0.04080493,-0.0526490621,-0.00132662931,0.0155590018,0.0152798714,-0.026322335,-0.113174066,-0.0200945809
0.121534631,0.0949139297,-0.0402997807,-0.0143471686,-0.146029025,0.0906207114,0.0131351389,0.0900691077,0.123899996,0.0823666826,0.0366595164,0.0657695532,0.031548474,-0.20506531,0.00868815929,-0.0296745487
-0.407516569,0.0171054155,0.0160461348,-0.0373069085,0.00804333203,0.0698824525,-0.48034063,0.00539973658,-0.00381689752,0.00892066676,0.00434469571,0.0322132111,0.0435767099,-0.0194220617,-0.0146986172,0.0996793583
0.00721780909,0.129278928,0.0256304722,0.00417640945,-0.00219208421,-0.0125142774,-0.0273148511,0.00531597435,-0.0328053236,0.27059257,-0.0267700907,-0.00805502385,-0.00997336768,-0.138810292,-0.0108855963,0.00286392262
0.00395119656,0.0658468604,0.0298566744,0.0135405362,-0.104580626,-0.0243527498,0.0115408748,0.0542844459,0.0549276657,0.0305519272,-0.00115596247,-0.0124032935,0.058285784,0.184431911,0.0142481681,0.0254751686
0.00908173248,0.00584065402,-0.0195531193,-0.13953805,0.0277057905,-0.0405258797,-0.0111502567,-0.0657228157,-0.0454320461,0.00227137818,-0.00159377744,-0.0251475759,0.00892587379,0.0824135169,-0.0460024513,0.0095758317
0.139122233,-0.000122809826,-0.00662493939,-0.059625838,0.0103885531,-0.035934981,-0.00438852608,-0.022572007,-0.0305697452,0.0131264878,-0.00750416704,-0.010484959,0.0108975852,0.0535053238,0.0325452499,0.0244272389
-0.106064968,0.0102570597,-0.123570345,-0.0904490724,-0.039704401,-0.00936885085,-0.0599721037,0.00337388646,-0.0108684879,-0.0216763597,0.0753064305,0.0114717474,0.0409425385,-0.0249048956,0.0121183125,0.0672887787
0.0595353097,-0.092605181,-0.0120343948,0.0224757455,0.00198513037,0.0206624828,-0.0477674194,0.0827074051,-0.0456389412,0.0270803757,0.0315870531,-0.19054611,0.0242253896,0.0242948495,-0.00753417006,-0.0593538396
-0.00885385834,0.0694178417,-0.0766904056,0.583685279,-0.165313005,-0.0254095923,0.000826546515,-0.00535224471,0.0173969287,0.0586934909,0.0246318858,-0.0242379997,-0.0474225767,7.49500905e-05,0.0498814695,-0.150783226
0.0646568462,0.00432901829,0.0433344953,-0.00390294474,-0.300192267,0.0543704219,0.0850117728,-0.0172471851,0.0326735117,-0.0407840163,-0.0142645892,0.125316933,0.00484388648,0.00132570579,-0.0545143746,-0.38228488
-0.0403043814,0.093580313,-0.0148046222,0.0204039924,-0.00312013971,0.0549273007,0.00722899009,-0.15696229,-0.00914927386,0.00160922506,-0.0243921261,-0.00980981626,0.0798261762,0.0528172702,-0.0323833562,0.0788771883
0.0399814807,-0.00167109608,-0.00146783434,-0.0411999337,-0.0033645744,-0.0184728969,-0.275662929,-0.057250306,0.0159792975,0.0368905626,0.00831119251,-0.00118313776,0.00246944441,0.138542667,0.0364405923,0.116287053
0.0121183712,-0.0326843411,0.103896216,-0.00311046559,-0.00677596778,-0.0121254697,-0.00173876411,-0.0432419367,-0.0462329537,-0.0331796668,0.0966803357,0.0181960445,-0.021110734,-0.0650296584,-0.0254817046,0.416956484
0.0340506919,0.000710588007,0.00234042993,0.0589005128,0.00983423833,0.0335052237,-0.0303259268,0.00833779294,0.00383867812,0.100232616,-0.00639297161,-0.00133590982,-0.0565096475,-0.0246352591,0.318740427,0.00889030751
0.169274598,-0.0260218382,1.4905786e-05,0.0603421777,-0.0189460311,0.0816943944,-0.0248467419,-0.0316472054,-0.0093781082,-0.000177142443,-0.016397275,0.037455406,0.0360971652,0.0342408791,-0.0521596558,0.0471390411
-0.0397579819,-0.231503934,-0.0278922189,-0.0195504315,-0.000613461074,0.0155508323,0.00943594053,0.0612465963,0.0146752456,0.104616992,0.0247286092,-0.0439122766,0.00653673802,0.00134079403,-0.0100101028,0.000630140712
0.0939684957,-0.0138475941,-0.210769728,-0.0747684985,-0.014414385,0.0675203055,0.0676105991,-0.0267004669,0.0649223179,-0.195797339,-0.00328158261,-0.00108138274,0.0153731257,-0.00865301304,0.00439931685,0.071871452
-0.00463816011,0.0544688813,-0.0282310005,-0.00600100541,-0.107552931,0.021196004,0.080025591,-0.18197675,-0.0355849713,0.173386201,0.0140300291,-0.0117426664,-0.023462506,-0.0351663418,0.0114560993,-0.0191914756
0.156169504,-0.028235849,0.0235237833,0.0238497201,-0.0427430011,0.00100600929,-0.0759930015,-0.0314975232,-0.120305672,0.0431976132,-0.00717068277,-0.060472481,0.0490152836,0.025495911,0.0266033243,-0.0137714529
-0.0185407475,-0.00390972011,0.638005197,-0.0607076548,0.0389915071,-0.0124866981,-0.128788054,0.0233277492,-0.0202353969,0.00944191031,-0.0190021563,0.000702109712,0.044152163,0.0592544079,0.0152772907,-0.0701747909
-0.0923243985,-0.025311118,0.109681599,-0.0281074569,0.000577939616,0.0549707599,0.0140430173,-0.143179432,-0.00967030507,-0.00978388358,-0.0248074643,0.0186916087,-0.0149928089,-0.140883774,0.0866945088,-0.00687480066
0.0706087127,0.011540154,-0.0166654121,-0.000440404227,-0.00588361872,0.0591106936,0.0149065042,-0.012215958,0.00198292336,-0.0112579204,-0.109801807,0.0313521288,-0.00668415707,-0.022971496,0.0864405558,0.114293471
-0.0455449,-0.0907742754,-0.0408820361,0.00158458005,0.00526475068,-0.0482303239,-0.0543120764,0.0123966327,0.0484443717,-0.140285626,-0.00926554855,-0.0202109348,0.48395732,0.0627703965,0.00810520072,0.000355445256
0.2937648,0.316845059,-0.0355890691,-0.00964793377,0.00916472357,-0.061980661,-0.0152512835,0.0941593125,0.0441617221,0.0504987352,-0.0477677174,0.0718920901,-0.000294569851,0.0307016745,0.00356442435,-0.0170811638
0.031262584,-0.0275607537,-0.031667687,0.0603554547,0.0140087744,-0.0303304307,0.202428222,-0.0263001397,-0.00478767091,-0.0205106903,-0.0134575116,0.0515244678,0.0442947075,-0.156835213,-0.00208703778,0.058782015
-0.0374432839,-0.00503957551,0.0853572711,-0.000219533686,-0.0318009853,0.00511791557,0.000503758783,0.119904719,-0.0885289684,-0.126557171,-0.000693969778,0.00681913691,0.0119604049,0.0631898195,0.0535566472,-0.00911626872
-0.0733964294,-0.0275309253,0.0343551151,0.00769685302,-0.0157452933,-0.0316057615,0.0900615603,0.0170797203,-0.0111849708,0.0111157876,-0.0265288744,0.0261866506,-0.00713619776,-0.00218502968,0.0404483192,0.183574751
-0.000406533014,0.01853792,-0.0429150835,-0.0628705248,0.0662856773,-0.0758451223,-0.0206016582,-0.0167376306,-0.281785995,0.159007341,0.13801834,-0.0823908597,0.00193480926,-0.00219750474,0.0117033198,-0.131857157
-0.0125455223,-0.0768184662,0.0658739358,-0.030097235,-0.0161714014,0.0164368097,0.108696878,0.0437257029,-0.0399748646,-0.0033037432,0.0886881426,0.00500152586,-0.0224096086,0.00341809029,-0.0118551329,-0.00513483863
0.0368345901,0.027237257,0.0798224285,-0.00768166501,-0.179689765,0.0438033007,0.0653750226,-0.0207616314,0.0151712922,0.0923537835,-0.00304395286,0.00765291741,0.00489430595,0.115054153,-0.116807707,0.00731917564
-0.0134432893,-0.0493034534,0.00561755756,0.00549322367,-0.00108548289,0.00274204789,-0.0709919631,0.00608267309,-0.00168020581,0.0187522862,0.0746217966,0.0612594485,-0.0526329987,0.0800531358,0.0242239628,0.00399330026
0.0130042294,-0.0494215749,0.0209381822,-0.0389575437,0.166756198,-0.00815715175,0.00496621197,0.0910788998,-0.181466609,-0.00867119618,-0.0186298322,0.0880251601,0.0887939185,0.000611827709,0.0335407555,0.0797125772
-0.000351429248,-0.000483623502,0.042096395,0.0246259775,-0.00100502977,-0.00169323164,-0.00170756702,0.0209727045,0.0236436594,-0.000128610511,-0.00708541786,-0.00398943387,0.00604388677,-0.0865191519,-0.0359092429,0.0913308114
0.0628432259,-0.00519334292,-0.0238251854,-0.028946247,-0.108798727,-0.00211180607,-0.0682206005,0.128224269,0.0243225545,-0.0339005813,0.00222013402,0.0299760718,-0.00850464404,-0.0511444211,-0.0499520041,0.00155198853
-0.000324234803,0.0147620691,-0.0613677427,0.00254869624,-0.0332657658,-0.0287336372,0.449232161,-0.00709090056,0.0260221027,-0.00343433605,0.0171020404,-0.0117164282,-0.00680299196,0.127454907,-0.0552315228,-0.410513014
0.00148900505,0.171579793,-0.00978951622,-0.00033071154,-0.109255463,-0.215556413,0.000476032437,-0.0535079874,0.00337752607,0.00674658036,-0.0221981034,0.143579692,0.0641969815,0.0108430786,-0.0257300027,0.0437745564
0.0119055379,-0.107585862,-0.0222374778,-0.000802774739,-0.0266882051,0.0315458104,-0.0437762998,-0.000966355728,-0.0999774858,0.0979026332,-0.0596660897,0.0479492843,-0.0627500117,-0.0334977023,0.0335657038,-0.0945992991
-0.0427445285,0.0185563099,-0.00253163977,0.00687555037,0.0446752869,-0.0321376696,0.103854127,-0.0041979989,-0.0499633327,0.00581139512,-0.00693927892,-0.00511991186,0.0436823852,-0.0442294404,0.00100993679,-0.0245464053
-0.00958940014,-0.0263404381,-0.0395071618,-0.0149752805,0.160610974,-0.000313469907,0.0780152231,-0.00998596102,0.00309034577,-0.0609068014,-0.0709483102,-0.00192559755,0.0319214091,0.296896547,0.00346204359,-0.017718643
0.0752993748,0.29068011,0.0270509478,0.0553474165,-0.0895888656,-0.0336847529,-0.0108769825,-0.0120633626,0.0195944961,-0.0194824263,0.0435395278,-0.07959041,0.00230523618,-0.0636609495,-0.0394833796,0.00506265415
0.0398947857,0.000270335207,-0.0238748025,0.0558628142,0.0933000743,0.0281706732,0.000350194867,-0.0118129412,0.0554805659,0.00797090307,-0.00554338749,0.00209385226,-0.0622922741,-0.0135737201,-0.104337275,-0.0169752203
-0.0756403059,-0.0114556905,-0.013724477,-0.0106853908,-0.0423721522,-0.0501454137,0.0236626845,-0.0279530976,0.00909014978,-0.0331532285,-0.006943468,-0.0134406388,0.0972828418,0.0304451305,0.0250006579,-0.0387407839
0.0732276738,-0.00576745439,0.00795745756,0.0225119069,0.0660580546,-0.0140699968,-0.151058331,0.00405248953,-0.0272316691,0.131756991,0.0113612562,-0.00849326979,0.0150835142,-0.0101161916,0.000138801814,-0.0222787857
0.0167844109,-0.00312864874,0.00353224366,-0.0378849842,0.103549317,0.125659138,-0.0572232381,-0.00131367275,-0.0879164711,0.00575421145,0.0472883135,-0.0380710587,-0.0423678309,0.0137098609,-0.0226596836,0.023206614
0.00405001827,0.129824281,0.0274456162,-0.00727967825,0.0593395941,0.0779633597,0.0119085619,-0.0100256111,0.0854182392,0.0327161737,0.0214931034,-0.0491161644,-0.0274437238,0.155234069,-0.0486326255,-0.0584849268
-0.11283163,0.110884175,-0.0184099097,0.433898777,-0.0313220434,-0.0460203663,-0.0747042596,0.0333831273,0.059365347,-0.0233853217,0.00841244962,0.0796272457,-0.0829275921,-0.0287368186,0.0315408334,0.0815603063
-0.0283274204,0.00950970873,-0.00517897168,0.0512555614,-0.0671874508,-0.006957429,-0.0139043713,-0.0355943255,-0.134786367,-0.00333016599,0.00198441022,-0.0897277519,0.109745987,0.00395997474,-0.00654713158,-0.140734628
0.237266809,-0.314595461,-0.0531658381,0.0814832896,-0.0193597265,-0.209731311,-0.0326720662,0.0247690696,-0.119757563,-0.0144837191,-0.014208666,-0.0173405875,0.00265480438,-0.0549255833,0.00203174283,-0.0105180852
0.0163347851,-0.156524733,0.365584552,-0.0032424652,0.0209434703,0.0363797545,-0.0909254998,-0.00118541147,-0.0431900956,0.13792941,0.00290574017,0.0745877549,-0.0270310529,-0.00316003989,-0.0316209793,-0.103968076
0.054876674,0.0726428851,-0.00947635062,0.242521957,0.0651672333,-0.044682771,0.106313944,0.00237026694,-0.201897696,0.291165769,-0.0127216829,-0.0421184152,-0.0302282143,-0.00128499873,-0.0449103191,-0.0123538971
0.0415863432,0.129275292,0.0227509197,0.00938820653,-0.0199485663,0.0305794012,-0.0590213872,0.0397598408,-0.0170706864,-0.0707700476,0.116941646,0.0501092374,-0.00150242099,-0.0337814428,-0.0167909358,0.0304300673
-0.0141541567,-0.104162328,-0.0661459789,-0.00114259077,-0.124206945,-0.0732950643,-0.115748979,-0.00933193974,0.0348529667,0.00091020175,0.015494749,0.17556344,0.0138827423,-0.08470238,-0.000105630184,0.0676045492
0.00863679592,-0.0565869436,0.0222806688,-0.0492916368,0.00631226785,0.0588507503,-0.117250808,0.00348115456,-0.00939053018,-0.0109420707,0.0286123101,-0.0354319885,-0.0335222855,-0.00949026924,-0.152610019,-0.0241244268
-0.0302509069,0.0194620471,0.051450856,-0.0273272619,-0.0339156128,0.0256762486,0.0103604347,-0.112255,0.0129303299,-0.0315438882,0.0145384017,-0.0601767376,-0.068521291,-0.00273532327,-0.0906266794,-0.0913368613
0.00340154208,0.000195580287,-0.0134233702,-0.14037621,0.00295718131,0.00159454718,-0.0467857197,-0.00209606346,-0.00227631698,0.105390996,-0.0519888587,0.0277155135,0.0573734678,-0.0525179803,0.00432256376,-0.412819356
0.0304049719,0.0434934497,-0.0480261929,0.00308058271,-0.038765993,-0.0625735745,0.0884690657,-0.0140031176,0.0416817702,0.00780523289,-0.00174847781,0.0154037206,-0.00353531609,0.0354004763,-0.035508167,0.0101822102
0.00116018613,-0.0213271547,-0.154757485,-0.172581777,-0.00176426396,0.0326258354,0.00740612857,-0.0437980779,-0.0234569665,0.0848989859,-0.0401718467,-0.166275904,-0.0138738137,0.0536674447,0.0582957268,0.0281558521
-0.0640595108,-0.0773732141,-0.00955925696,-0.0209656078,0.202486962,-0.00664360402,0.0103009753,0.0890246779,-0.0547264814,0.0468993559,-0.0620995164,-0.0151786432,0.0153419655,-0.0128935315,0.0207872819,0.0271186549
0.0418732092,-0.0694109127,0.0121268341,-0.0626632422,0.00548101729,0.00145176286,0.119695194,0.00862058531,0.0837924704,0.0276938397,0.0139127346,-0.0170990154,-0.00777957262,-0.176701993,0.108373061,0.0782671869
-0.0523365997,0.0729055479,0.00550086331,0.0133299148,0.00136907259,-0.0695040748,-0.0861615613,-0.0741860121,-0.00582336914,0.103956312,-0.0757325739,-0.00393486815,0.0712614581,0.122916743,-0.0233411659,-0.00328826555
-0.532195091,0.033329919,-0.0635654926,-0.00186955137,0.0115263909,-0.0275697857,-0.0278452169,0.0118933199,0.124504611,-6.79057212e-06,0.0199182611,0.00887186546,0.00994410366,-0.00216690893,0.0336369462,-9.57984867e-06
0.0393529274,-0.0103998017,0.00533528905,0.140241742,0.0358970948,0.00969943218,-0.0932683349,0.00218811841,-7.63595745e-05,0.0330480561,0.0615700893,-0.0203520358,-0.00146727846,-0.0584373698,-0.00120930455,0.0125869093
-0.00879133493,-0.0209900681,-0.0143636316,-0.0070502148,0.0458748192,-0.0641087741,0.0974870324,0.0122230612,0.00709459279,-0.185315639,0.00228092843,0.0259574614,-0.00500953291,0.0164388176,-0.143390045,-0.0100125875
0.0496982858,0.0142414588,0.0132992808,-0.0110075464,-0.0550647341,0.0106416093,-0.0820248723,-0.0864231661,-6.13810262e-05,0.0496446528,-0.0353799351,-0.00662312657,0.002204224,0.010808426,0.00424359832,0.132445112
-0.0156718921,0.0352653936,-0.0353280939,0.114413753,0.0494167134,-0.396101594,0.0034996029,-0.189583153,-0.0586240627,0.0205394831,-0.0991153792,-0.023591388,-0.00465860358,0.0407751165,-0.0332817584,0.000315129175
-0.0485274643,0.0955230817,-0.318081588,0.0114466203,-0.231123015,-0.00313231419,-0.0233658049,0.170645252,0.160444319,-0.18116492,0.144119054,-0.00349067827,0.0501362421,-0.0242795851,0.0496039949,0.0140446564
-0.0472633056,-0.108101808,0.0145315137,-0.0123245558,-0.00366005744,0.0363873653,0.0103977192,0.0318110101,-0.0342988968,0.0255990643,-0.0044535296,0.0346086696,0.00529502751,-0.0246553645,-0.0346944518,-0.00171979284
0.000319199287,-0.00288465503,-0.0667713806,0.014666507,0.0522581115,0.0784319714,0.0160837267,-0.580863774,0.00635539321,-0.0642174855,0.0378123559,-0.0986652151,-0.0872377455,0.0287792627,0.0123228161,-0.00496496679
-0.119181491,-0.0159654468,0.005895257,-0.0703220889,0.240868643,-0.121108413,-0.0459466726,0.0333303809,-0.361141473,0.015214744,-0.00988648552,0.00783326291,-0.00660686009,0.0800361186,-0.0330001265,-0.00738200545
-0.198153839,-0.0285034068,0.0419937596,0.174592003,-0.0216097161,-0.0173219517,0.00579877663,-0.179868296,0.0332692079,-0.0606676973,-0.102659538,0.0155219277,-0.0423246548,0.0597403347,-2.71653607e-05,-0.0551450513
-0.00742835738,0.152418837,0.146879748,-0.0706440732,0.0049234489,0.0351175256,0.0162164234,0.10081698,-0.00128833822,0.0227787681,-0.0372903906,-0.260949343,-0.110002667,-0.0131696183,-0.00479946937,0.0887537524
-0.121135414,-0.00577618461,-0.0410018675,-0.0135955317,0.00257456093,0.00934863836,-0.0177806113,-0.0417349488,-0.00514769973,0.0565775931,0.0201465562,0.0149676856,0.0286282003,0.022687193,-0.0495465323,0.0137534458
0.00947173685,-0.0124255819,-0.0047080298,0.0495845862,-0.0225928556,0.0369599685,0.0124502555,0.0348263383,0.0833415538,-0.0472609438,-0.0270612445,0.0741145387,0.0179501977,0.064271614,-0.00214782776,-0.186290279
0.00311245187,-0.0237642899,-0.0113922739,0.0684436634,-0.00728208339,0.0530905351,0.0122422129,0.0220509041,-0.0273555461,-0.0396396853,-0.0475661047,0.0361795165,-0.0603962503,0.0482091829,0.0125386938,0.0115880445
0.231848434,0.0166568682,-0.0017901425,0.0229805857,-0.00497953454,0.000918350357,-0.0019105582,0.00947564188,0.00445737643,-0.0245505646,0.0473193973,-0.00209343224,-0.113459617,-0.124524638,-0.0576857887,0.0292054322
0.00174187135,0.0316683911,-0.0646497607,-0.0967048183,0.000207310222,0.00468465546,-0.000968117965,0.154696465,0.00175742689,0.0262346752,0.0652214512,-0.00331977173,0.0663994178,-0.314750254,-0.0567667894,-0.0406702608
0.0129141966,-0.0141634876,0.0152994534,0.0299917422,-0.00106876774,-0.000576261547,0.0748305321,-0.000520420319,0.0245016702,-0.021312844,0.188496798,0.00298763439,0.0649470836,0.0105633354,-0.0251896884,-0.0204523858
-0.00730336737,0.0678665191,-0.000412512833,-0.0782775953,0.000340413593,0.0520857051,-0.0956891775,0.0135717904,0.0133040156,-0.00213927543,-0.0905614644,-0.0243821628,0.00223796046,-0.0120309116,0.0104529718,-0.00664159749
-0.119297326,-4.22206904e-05,-0.00347574218,-0.0125260297,-0.0249573309,-0.00620462094,-0.00352875167,0.0115754651,0.0145317139,-0.22781986,0.0050124363,0.0103816148,-0.0918881148,-0.0146585014,-0.0577196293,0.00191838935
0.0393160991,-0.0153731629,-0.000418013078,-0.0113001559,-0.0372179374,-0.00398609275,0.00161914725,-0.0398085527,0.0312777832,0.00107553473,-0.000878480962,0.341914117,0.0351464339,0.00759338355,-0.0419994816,0.0197061449
0.0221260972,-0.0130680799,-0.042463392,0.00124790159,0.0262488388,-0.0821462721,-0.014015913,-0.00012049645,0.252767473,0.122582167,-0.000188565886,-0.0229311902,0.128192112,0.0171233639,0.00364497607,-0.000435036025
0.0407499485,0.021062484,0.00129215454,-0.0167177282,0.0070079756,-0.0466416925,-0.00199398585,-0.105175763,-0.0811574236,0.0352640934,-0.000628171198,-0.00321162073,-0.079137072,0.0478003621,0.000860500324,-0.0587614588
-0.0655505061,0.024433041,0.0209844913,0.00590955466,0.128692359,0.000194088308,0.0529579408,1.02246523,0.0119455485,0.0155629301,-0.167377383,-0.0117172636,0.0753639191,0.000205659671,-0.043256972,0.0657288134
-0.0235421658,0.0932567716,-0.119489908,0.0283228904,-0.00420569303,0.0691401958,-0.000931271526,-0.049559135,-0.238268614,-0.091276899,-0.0476266928,0.0697380453,0.0309632998,0.0205300059,0.0604161322,-0.0605198257
0.00620265631,-0.046741657,0.0121862888,-0.0291700568,0.0424738266,0.000967013475,0.000331116898,0.0531972088,0.0388224833,0.0649016052,0.294600308,0.0491761826,-0.0614568181,-0.229744285,0.045126196,-0.0612449571
-0.0431407765,0.119611233,0.0249876492,-0.0352420621,-0.0223044027,0.0699978694,0.00841967482,0.0493220277,0.00287893391,-0.0514540896,-0.0265622921,-0.0275522359,-0.103609316,-0.00196559355,0.0739030987,0.0415588319
-0.0102977464,0.0712854862,0.131272912,0.0869850442,0.0575764626,-0.000337156263,-0.0160660055,-0.0524437912,0.0251243133,-0.0492721461,0.0173799191,-0.00517361239,-0.017351551,-0.00167352229,0.000561477558,-0.00613639876
-0.157563999,0.0486369431,-0.0225330293,-0.00131988747,-0.00085794169,-0.0179366693,0.0209248289,-0.00961084384,0.0419202037,-0.0153386742,-0.035744492,-0.0238211825,0.0149711138,-0.207933366,-0.00780585874,-0.0149858715
0.016949391,-0.0270311441,-0.00723630283,0.0327744558,-0.335655689,-0.107104972,-0.073106423,0.00733778765,0.000524768373,-0.0656193942,-0.156249896,0.036380183,-0.0853119791,0.0612595156,0.144803926,0.211690947
-0.000176273345,0.363916039,0.00137295783,0.106562771,-0.0556516498,-0.0169625189,0.00102085911,-0.291038334,-0.0398713164,0.099122934,-0.0487268716,0.0127303973,-0.0745172575,-0.032897424,0.000291985081,-0.0210453961
0.00399736641,0.0901501253,-0.00615498563,0.00199988368,0.0291629042,0.00967491884,0.0194787607,0.0307585597,-0.0589869171,-0.0101587269,0.00751284929,0.00551422453,-0.215445787,-0.0069670165,-0.0291261058,0.00123260624
0.013540525,0.00139137509,-0.0206754804,0.0498895794,0.0407127962,0.00193160947,-0.0488596223,0.0752220079,0.040313717,-0.0337255709,0.00283101085,0.0657607168,0.110167019,0.0800878033,0.0899835303,0.0154207163
0.0269405469,-0.0373918265,0.0658306479,-0.015805902,-0.0393501483,-0.0552617833,-0.0493390597,0.0472859032,-0.013168131,0.0198601838,-0.0073259389,-0.105209738,0.0859638825,0.00305936253,0.0993865654,0.0567497648
-0.0299906209,-0.0555186383,0.0011896044,0.140995875,0.00296462071,-0.0439571254,0.0650633425,-0.0198040158,0.0556002334,-0.000942585233,0.00135477132,0.00983348116,-0.00296871527,-0.0362944417,0.234166726,0.11660444
-0.0156112444,0.000349231967,-0.00834528357,-0.0521821566,-0.000378693367,0.0589244179,-0.00241151336,-0.0025762741,0.00344502064,0.024410991,-0.0291658062,-0.053658329,0.0132943597,-7.63134085e-05,0.0551832356,0.598945856
-0.074655436,0.00666372292,0.0184701532,0.0121474965,-0.0372062214,0.00273886696,-0.0121212145,0.00679591857,-0.0469967462,0.035496857,-0.00504713925,-0.00571988523,0.448431343,0.0513344258,-0.23491466,0.0216014385
-0.0355660655,-0.180862725,-0.122782908,0.0748590007,-0.00271945214,-0.0543720499,0.0135498215,0.000880135631,0.00421894295,0.0191486795,-0.0213606637,-0.0121336896,0.000538031978,0.108027466,-0.570114613,0.000871799537
-0.00154681108,0.0460673384,-0.00765250996,-0.0342755839,0.0218582805,-0.0137111517,-0.0281630307,-0.0138949407,-0.0336978175,-0.0156137561,-0.0143577121,0.0653269216,-0.00647466723,0.0116947144,-0.0212012175,-0.00789022725
-0.0569844358,0.0859764591,-0.0147447409,-0.0290585682,-0.0486125275,0.160024762,-0.0092713628,0.0046082451,-0.0357297771,0.121955171,-0.00811157282,-0.0458267182,-0.00659097126,0.0673490688,0.0545016825,-0.0131106805
0.022320658,0.0593816414,-0.0176661164,-0.0684805065,-0.123448588,-0.00997064915,0.00853670668,0.0343548767,0.0126905451,-0.0142512349,0.0235506371,0.0202372447,-0.0514790863,0.0455555581,0.0713527352,-0.0240119472
-0.013794072,-0.00826780964,-0.0309173763,0.000800826878,-0.00498749688,-0.0144612985,0.00243882346,-0.0234643277,0.0665518492,-0.00874186959,0.0234536938,-0.0151516479,-0.117216446,0.063959375,-0.013621904,-0.0010360087
-0.108469486,-0.0047502215,0.00460434798,-0.0138580445,-0.0479606949,-0.0983482599,-0.00267434516,0.0717748851,0.00695586205,0.168917671,0.120527551,-0.0969276056,-0.0247025136,0.233557433,-0.128764346,-0.000355910859
0.0288332049,0.0706391186,-0.109995492,0.0287333969,0.0268101003,0.113201775,0.0153364185,0.029107593,-0.0302692726,-0.136484638,-0.0714939386,-0.0511216484,-0.0522140749,0.0870938748,-0.0102511551,0.0812505111
0.0769806132,0.130726278,-0.102279112,0.0383977368,-0.0379613638,0.00847077928,0.00969261024,0.013765309,-0.00338358711,0.107053563,-0.00100198702,-0.138179973,0.000279978209,-0.0789030269,0.0342111662,-0.0509444252
-0.0843108296,-0.0092998445,-0.0438471995,0.0207024589,0.00829760358,-0.0089030955,-0.0161792729,-0.00318029942,-0.0368359238,-0.168822855,0.0100649539,-0.0569952056,-0.18597129,0.0633273572,0.00868833996,0.00951573718
0.0214450005,0.0174221769,-0.00152111612,-0.00497079222,-0.000841444766,0.00187203649,0.0125489626,-0.119524941,0.0297939032,-0.0037125193,-0.00384811172,0.0923209339,0.0757083669,0.00194687757,0.0936139897,0.0151435882
-0.0297036227,-0.13852492,-0.0143026076,0.0424636938,-0.0126930187,0.0243277606,0.0372098461,-0.0007413188,-0.00224101054,0.0207244493,-0.0834318101,-0.0485505052,0.0161531605,0.0164638702,0.0108091542,0.0503424518
-0.0247418918,0.0155509366,0.00209429883,0.0794590339,-0.00300020445,-0.0331579,0.146553218,-0.0954466909,-0.137682095,-0.00563663337,0.0224853605,0.0181010719,1.9362588e-07,-0.0258968137,0.336374372,-0.0200374201
0.0122860381,-0.0111932047,-0.126904175,-0.0419520624,0.00221142755,0.0328775831,0.151349902,-0.0649732128,0.0226408653,-0.00716329599,-0.0147793265,0.0365433954,0.0141619882,0.0216412805,-0.00330216577,-0.00937975012
-0.0267686546,-0.00582699943,-0.0501498207,-0.0494428091,-0.133316591,-0.0445717499,0.00736440811,-0.0762677416,0.0320711285,-0.0590140596,0.0180199835,0.00731910812,-0.000199415532,0.0262278821,0.0243703946,0.0200528074
0.00631413423,-0.174655423,-0.0115133906,0.0165984649,0.00238676788,-0.0112366956,-0.000935822143,0.208148524,0.0466893427,-0.258775175,0.0111047011,-0.0270957425,0.0121749332,-0.00162988843,0.00437907409,0.000654785545
-0.0162730832,-0.0359697826,0.00264128274,0.161061212,0.0409414209,0.0403350517,-0.00604218664,0.104420707,-0.0287776329,0.0178780928,-0.090654932,-0.176416695,-0.0308026206,-0.108090729,-0.0313468799,-0.0356762223
-0.100820497,0.0207500607,-0.0316333584,0.0350340307,-0.0531568341,-0.0521959439,0.0119634308,0.0135649405,-0.0930401161,-0.077890113,0.0496905781,0.0362513289,-0.0240318794,-0.147854045,0.0659026504,-0.00473321648
0.0207063295,-0.0122973509,0.0182161704,-0.00627531484,0.013059862,0.0461344086,-0.000760180876,0.0256048329,-0.0380317643,-0.0145045482,0.0680547357,-0.0253340714,0.00069433829,-0.0137240486,0.00793907326,-0.00645068195
0.137588516,0.0530527718,-0.0350324735,-0.0804932639,-0.00778690539,-0.0266752653,-0.205714598,-0.0393088274,-0.102123015,-0.0247008502,-0.041037146,0.00774204498,-0.0205776002,-0.0407591611,-0.0784039274,-0.0520813093
0.00577508332,0.0290442742,0.132907152,0.0506652109,-0.0233789682,0.0903071389,-0.0667761043,0.00706676347,0.0127197523,0.0440829396,-0.00127657375,-0.0629331023,0.24329792,0.0228587128,0.00367071875,0.00591419032
0.0255537592,0.113339849,-0.00111682678,0.00693467073,-0.0483632423,0.0583194569,-0.0569224507,-0.0502811335,-0.0403466597,-0.0763241127,-0.188899845,-0.0435470566,-0.00226713251,-0.00156701822,-0.214633554,-0.0677900314
-0.0645506456,-0.00101089687,-0.162446976,-0.0517162345,0.00309567642,-0.0307604577,0.00332430471,0.0528462939,0.06673567,0.0191761982,-0.0376372337,-0.0244773757,-0.0585089289,-0.0361957885,-0.05464679,0.0651150718
-0.0953656286,-0.0727772191,-0.182539761,0.0219234973,-0.0801192746,-0.00813861098,0.0268684477,-0.0197332725,0.00266848598,-0.0309922695,0.0420270637,-0.0208101217,-0.0192718208,-0.0783176273,0.00221192976,0.0267293341
-0.0291736685,-0.110101901,0.0449177511,0.0980521962,0.0615093671,0.00988645293,0.0135583039,-0.038890481,-0.00686348462,0.0816739723,-0.000359574449,0.0664968714,-0.0139028504,0.158554226,0.0163241234,0.066828616
0.00189980667,0.088119857,0.221246675,-0.015464182,-0.00862733368,0.132028639,0.0576519929,-0.0220396239,-0.00974310003,0.0252517499,-0.109258413,0.101516485,0.00853197649,0.0616994724,-0.0774830058,-0.0273039397
-0.0253599603,-0.0180789754,0.035159193,0.14234668,0.115748256,0.0498954207,-0.0498240851,-0.021973975,-0.0189911034,0.03589499,-0.182544917,-0.0599919669,0.0490238108,-0.0300250128,0.114547767,0.00198517623
-0.0821253508,-0.156166703,0.00216601952,-0.026056692,-0.034473788,0.0489877351,0.0560197495,0.380855292,0.0143261943,-0.00294683431,-0.0803066939,0.0467143245,-0.0486973301,0.0189879276,-0.0121827303,-0.0169548392
0.119391769,-0.00493527297,-0.0853035152,0.00287854695,-2.60577281e-06,-0.277051419,-0.182677612,0.00109352847,-0.026010694,0.0780946761,-0.00503448024,0.000396384363,0.153449953,-0.0666935593,-0.0418594331,0.0388661548
0.0452146567,0.0087675266,-0.00473348377,-0.0594682954,-0.0317600965,0.165445387,0.0445331186,0.0834705085,0.0031777292,-0.087658681,0.00151505903,0.0214823335,0.0196392238,0.0334185138,0.0371675305,-0.00767748104
0.018210521,-0.148820996,-0.0105517097,0.0592266023,0.022355577,-0.00136609934,-0.00479704421,0.0507596061,0.0291526746,-0.209623486,0.0338020734,0.00231879158,-0.00161485968,-0.0717230961,0.0379735343,0.00749486219
-0.029446112,0.000658305071,0.0142891221,0.00167135871,0.0240591578,-0.0910691023,-0.0470086858,0.00224218378,0.0445715263,-0.018950887,0.0427370183,-1.1322962,0.0788729489,-0.00459208805,0.00557438703,-0.0446311161
0.104247153,-0.115031287,-0.111115143,-0.0197627656,0.0601527914,-0.0319872834,0.0113795744,-0.0127520263,-0.00331433886,-0.145903379,0.0887591764,0.0377642773,-0.0105106337,-0.196943536,-0.0275840722,-0.101671755
-0.0553985722,0.0258635916,0.00073951151,-0.0140775098,0.00749386894,0.105162345,-0.0506104641,-0.099851653,0.0969996899,-0.0457851961,0.0432030782,-0.0640418306,0.000933716248,-0.00471058628,0.0539764501,-0.000700636185
0.0251247566,-0.00534427818,0.0162353888,-0.150564417,-0.0936377719,0.0247927904,-0.37327081,-0.0945705548,0.0197709911,0.00150316127,0.0545777977,0.0201357175,0.0756494552,0.0101137394,-0.0302344467,0.00156319188
-0.0341577679,-0.00135744002,-0.0151688103,-0.00290125236,-0.0208455157,-0.00937997829,0.00678241113,0.0378639251,0.0213493463,-0.0695059001,-0.00437191362,0.00308997813,0.0557075292,0.00275526545,-0.0611182228,0.0443461016
0.339993209,-0.049348671,0.0027146358,0.00723935803,-0.0848766267,-0.0693650171,-0.033603102,-0.802122712,0.0232414212,-0.0103914244,0.00676388061,-0.130143493,0.00142696477,0.00148467149,-0.0586512387,0.000883439556
0.0168972183,-0.0115215415,-0.0342348926,-0.0460967608,-0.0179327205,-0.00213190075,0.228732258,-0.00347740413,-0.0160513427,-0.0206434391,0.000625867513,0.211083427,0.092417635,0.0148921357,0.0563437752,-0.00616337406
0.0699471161,0.0438300818,0.0207857657,0.0951251164,-0.0682898909,-0.000868607487,-0.00842785183,-0.0137859676,-0.0151805226,0.0154809086,0.0173405129,-0.00487464527,0.00106461265,0.0333521403,-0.00079098565,-0.0627433956
0.0101945754,-0.082071647,0.0671083853,-0.0449308679,-0.0133420089,0.0273127742,-0.00584477233,-0.265251338,0.000516656903,0.0457638465,-0.0977913737,0.0028053117,0.0641729459,-0.00371780223,0.00690366561,-0.00589779159
-4.34933609e-05,0.00313573494,0.0528708063,0.0401146971,-0.152910754,-0.0139276749,0.0236152243,-0.00965294149,-0.00710704084,-0.00231744093,-0.0263025723,0.0217980687,0.0225701034,0.208605722,0.103473097,0.0598895587
-0.0362501517,0.00638415013,-0.128488898,-0.246257961,0.079134658,-0.0663331524,0.0017090023,0.0499735139,-0.0275722053,-0.0595996752,0.079950124,0.0122187864,-0.0776129216,-0.0395090356,0.283864796,0.0160789527
-0.0568144098,-0.05205369,-0.0039183367,-0.0160272885,-0.0159996655,-0.0696059167,0.0235651564,0.00126252987,-0.0612073466,0.0329222865,0.00534870662,-0.0382603928,-0.00575320236,0.0446072891,-0.0501167364,0.0817668289
0.00110540481,-0.0454512574,-0.0151484078,-0.00261643482,-0.156702444,0.0024507679,0.00103434571,0.0821401626,0.00116838701,0.0517202616,0.0310075637,-0.0330717564,-0.0159622394,-0.0169597957,0.00148595148,-0.0104217399
0.0106996652,0.00206213235,0.0659103617,-0.025020564,-0.0386406258,0.00279026153,0.0383379422,0.0380155854,0.162498534,-0.179791957,-0.00133820192,0.0162634496,-0.000259305409,-0.0755134448,-0.052654203,0.135219678
-0.118592277,0.0769730061,0.0517347455,-0.120534606,-0.0215398669,0.100410871,-0.00724859722,-0.0379674956,-0.151360333,0.016091153,-0.16036123,-0.00226176041,0.00520118978,-0.0876297653,0.0185938478,0.0175266638
0.00889021251,0.041056741,0.0380230434,-0.0657185093,-0.0788522512,-0.0363976322,0.0571119599,0.0236821547,0.0200251304,0.0927363113,-0.0938380659,0.0141188223,-0.00167830475,-0.0205393843,-0.00716018304,0.00592587981
-0.0244653746,0.00812387094,0.0167706534,0.0213946309,0.0301903002,0.0205189493,0.0675853714,0.0433128104,-0.122255169,0.0478050299,-0.00577540835,-0.0247597247,0.0128781442,-0.139365762,0.00744507182,0.0111813163
0.162804455,-0.118595056,0.00986681692,0.0626074001,0.00411472423,-0.0142899426,0.00172843284,-0.0314197056,-0.0913003311,-0.139394358,2.94622932e-05,0.0321051069,-0.0163112842,0.0717015937,-0.0101793082,0.0652678832
0.0157567468,0.00103322568,-0.00884762779,-0.0231240634,-0.131031439,0.0132032856,-0.00813738722,-0.0747267678,-0.0329039991,-0.0154653369,0.400521338,0.0326577723,-0.00262733805,-0.117277548,0.043743331,0.0768558457
-0.109202154,0.00252978341,0.0133755747,-3.04633304e-05,-0.134008542,0.000476847723,0.0117697231,-0.00908800494,0.0403983928,-0.032265339,0.0122276414,-0.0285538156,0.000170453583,0.0943209976,0.103913009,0.0514578708
0.0737609565,-0.00783702172,-0.00429005688,0.0334507525,0.173985288,0.020456586,-0.102354087,0.0543330349,0.00294932188,0.0583898127,0.0214189012,0.0834929273,-0.1498992,0.0310728233,0.0249734782,-0.00440239068
0.0211146716,-0.0491054915,0.0982139558,-0.00227077282,0.133761793,-0.027523201,-0.0430530086,0.00557616539,-0.0557450205,0.0210017897,-0.255068928,-0.0509560592,-0.00445352076,0.0223489795,-0.0464233495,-0.00753973145
-0.0342528485,-0.0145812444,-0.000967237516,0.110201821,0.0536814332,0.124572746,0.0286611374,-0.0407523625,-0.0372548625,0.106265679,-0.0202258546,0.0623783953,-0.0681784227,0.0436330922,-0.00188541645,-0.0217028148
0.000268636853,-0.0270699207,-0.0044853366,0.0384190306,-0.0577835366,0.0100277001,-0.0291679539,-0.0980359241,-0.0249510668,0.0186663605,0.00301076192,0.0168545842,-0.0364477001,0.0135715548,0.247844934,-0.188610092
-0.0235825721,0.0131501826,0.0301801041,0.0189239364,0.00290170754,-0.068396017,-0.0179107487,0.000620659674,0.0105756782,0.00589617435,-0.0110232066,-0.0469302759,-0.0719788894,-0.0737963468,-0.003013334,0.0115384972
-0.0207052138,0.0627348348,0.0487654358,-0.00515717315,-0.0676693246,-0.223621562,0.0429125018,-0.0454471558,-0.01046733,0.144115523,0.05891826,0.131641269,-0.0174942929,-0.0216223858,0.00496083731,0.00723541668
0.0144466851,-0.00172512012,0.0230590049,0.0732632428,-0.00614224141,-0.0865073279,-0.035383448,0.0530379713,0.0157425441,-0.0450275019,0.0266812649,-0.0325047821,-0.009202227,-0.00758939981,-0.200046867,-0.0338404253
0.00239178445,0.00154588406,-0.205508694,0.471756548,0.0174777452,0.00947101507,0.0039970777,0.00216735643,0.0970181376,-0.0118672047,0.0103132101,0.00110906374,-0.0182297844,0.000527634926,-0.0163026098,-0.00992139243
-0.0864298642,0.0465958714,-1.27549481,-0.00438671978,0.0320341438,-0.00575511577,0.0130733754,-0.00928881485,-0.0344313867,-0.000670262671,-0.0121002859,-0.0125778439,-0.0223918036,0.0573807806,-0.000773321546,-0.101033501
-0.00211323122,0.195885822,0.041966483,0.0131767513,-0.0469018519,0.0361775942,0.0130126197,-0.0201224964,0.00251412881,-0.000787840283,-0.0461765304,0.00444521662,-0.0193935689,-0.036766991,0.0158324931,0.0175174363
-0.0471330285,0.0424754433,-0.00235345401,0.0771965757,0.151613146,0.0461957753,-0.0460502692,-0.0127271498,0.114124447,-0.00120467017,0.00951366033,-0.00792919099,-0.0308399256,-0.0759734139,-0.0191164427,-0.112922147
-0.00508541148,0.0960228518,-0.11506024,-0.0285310615,-0.086195603,0.00417313259,-0.0144602302,0.098370567,0.180086434,-0.0476962253,-0.000592833792,-0.0204899795,-0.0350968055,0.00888357498,0.0367470495,-0.00714393798
-0.0253048372,0.0412137546,0.00760819763,-0.0116811963,-0.153754175,0.0122278314,-0.171006277,-0.0519329868,0.0174196139,-0.149618581,0.101265937,0.00723100733,0.049973622,0.0101271067,0.000694759714,-0.0224322919
0.0264553875,0.00453861477,0.0106313834,0.0474335738,-0.00703886151,-0.0494053438,0.0867742673,-0.0692923814,0.0173560306,-0.0674255118,-0.13423644,-0.0198272578,-0.045422852,-0.0360812806,0.00847453438,0.0272895955
0.000868655683,-0.00474220561,-0.0654601529,0.020806754,-0.0471106432,-0.0115618333,0.0818064809,-0.0799449161,0.0134859104,-0.0186947752,-0.0106348461,-0.166838273,0.0564972721,-0.00402569119,-0.00207641581,0.024742106
0.141209975,-0.0276074018,0.00356783741,0.117844187,0.00370671134,0.0114526069,-0.174531057,-0.0108129559,0.00253851037,-0.00110779621,0.00926047377,0.0113185532,0.0934285223,-0.0688227192,-0.0528988764,0.0245088618
0.0585766025,-0.00120769592,0.0764947161,-0.0881591812,-0.0180268344,-0.0279151201,-0.0169505291,-0.00620512152,-0.0876482651,0.163027033,0.00486590667,0.07112398,-0.0156974848,0.0343416631,0.0289979279,0.0264356472
0.00730475271,0.000321238622,-0.0289211888,0.0322366171,-0.0605289564,-0.120065041,3.88132466e-05,0.0130225234,0.071209006,0.0367429294,0.0189237893,0.00821987446,-0.0712528229,-0.00277795526,-0.132570207,-0.134769931
0.0432543121,-0.162285894,-0.0217868797,-0.0126777869,-0.0179684609,-0.0472349301,-0.0702496171,0.0656321645,-0.0200820975,0.0380346514,0.0647822395,0.145539016,0.00135455059,0.00268589635,-0.012488666,0.0445583537
-0.152198464,0.0351036564,-0.0286709256,0.0155217741,-0.00337467808,0.079816699,-0.00354381395,0.0830102935,0.0343371853,0.0139866499,-0.0113232974,0.00742963981,0.0433595143,-0.0465368666,-0.0339108445,-0.0119085098
-0.0142091829,-0.0739162415,-0.153440386,-0.0600786172,-0.0655982196,0.00112128304,-0.0540843382,0.229550883,-0.12858066,0.00992649142,0.00938471127,-0.0253739581,-0.0167905539,-0.0217643119,-0.0259494409,0.00451872544
-0.0147700589,0.0289284531,0.00789667573,-0.0901508182,0.0205034353,-0.0440042354,0.0483328551,0.00793504156,-0.0564054325,0.02690956,-0.00910589006,-0.0125030354,0.0141365258,0.0393557325,-0.0117790028,-0.0600339025
0.250629604,-0.00306216534,-0.0045517846,-0.0442444794,0.122369133,-0.102867313,0.0330402181,-0.00111855555,0.468827009,-0.0683054328,0.153841451,0.0043037408,-0.0911591426,0.039123185,-0.0657009184,0.000544660608
0.0321908519,-0.0344969146,0.0167473163,0.0298685487,-0.00128693774,0.010233935,-0.0187751967,-0.0712680519,0.00694197929,-0.0469303578,-0.0203400515,-0.00688464614,-0.0443539806,0.020073507,0.00358656677,0.000423799909
0.00260544987,0.00412753504,0.124008454,0.0215807613,0.0167098232,-0.0226351805,0.0161929354,-0.0044501503,0.00468414603,-0.00216463418,-0.00491224229,0.00200751517,0.00955390185,0.00232472783,0.0468680933,0.026133541
0.0400122404,0.061606776,0.0163343251,-0.0974739194,0.0332065001,0.0903412178,-0.103188507,-0.00297382451,0.0439001843,0.0613384098,-0.0321524143,-0.0236760005,-0.0507760234,0.0708217174,-0.0171366837,0.0472476371
0.00496206153,0.0357483849,0.0301216599,0.0166764762,0.00938476156,-0.00708858017,0.0858491808,-0.00551210577,0.121459328,-0.0165771712,0.0293668844,0.0365761109,-0.000263761263,-0.00163938035,-0.101080716,0.0219597686
0.00967882108,-0.344191343,0.0373113155,0.00898255315,-0.00327058416,0.0449549779,0.144155651,0.0959390774,-0.0806522369,-0.0100146374,-0.0292232856,-0.0685970262,0.0179204904,-0.109326623,-0.0238869693,-0.00400561467
0.00447204895,0.0785901397,-0.0259224903,-0.00458314829,-0.00368592748,-0.0683089197,-0.0319565311,-0.051704932,0.102118455,-0.0453649275,-0.0627478287,0.166388541,0.102073483,-0.0442157015,-0.0572818294,0.113883764
-0.110125035,0.0378533751,-0.0185333453,-0.00203139381,0.0264190771,-0.0314883441,-0.075001888,0.0117233628,0.0376112945,0.162241787,-0.0642834753,-0.00391771784,0.0224466641,-0.0809281096,0.0383156799,-0.0161681753
-0.099157244,0.00294891628,-0.0100795124,0.0878045037,-0.0212357398,0.104756065,-0.00897420757,-0.0711061582,-0.0698715299,0.0343612581,-0.058569178,0.000181926895,-0.00099137926,-0.067791611,0.106161773,0.027159337
0.0134990206,-0.0528287999,0.00168660411,0.0714072064,-0.126789227,-0.119899891,-0.0662452579,-0.0792314783,-0.00587191014,-0.00422708085,-0.0622226223,0.0404071473,-0.0641297475,-0.0312180147,0.00113109814,0.0843576118
-0.112322964,0.0429210067,-0.0222885534,-0.138224542,-0.100107744,-0.0050937701,-0.00245535071,0.0148732429,0.0120464601,0.0419112593,-0.0459812358,0.00693395361,0.154941455,-0.0236450378,-0.0268678293,-0.0919351578
-0.00591931539,-0.00472466508,0.0934764296,0.096338205,0.0647066683,0.0287649035,-0.0240160245,0.0260424968,0.0589041486,-0.099389948,0.00956226513,-0.022880571,-0.0996099636,0.0997201204,-0.00331638986,0.127425179
0.10983824,-0.0625938177,-0.0127904592,0.0334457569,-0.145218059,-0.016221039,-0.0256643444,-0.0436181724,-0.0332924165,-0.0576788038,-0.0462289043,0.0820872113,0.0610842183,0.0431289598,0.00135665969,-0.159996063
0.0212949477,0.0328379236,0.00269966153,0.0108790575,-0.00385332364,-0.0121535687,-0.0027268352,0.0222830418,-0.0313846469,0.0185154714,0.0217272379,0.00447658636,-0.0612511188,-0.0663212612,-0.0118094394,-0.0264168195
-0.0409268476,0.030308621,-0.04575973,0.00194301479,-0.0429765247,0.0956257433,-0.0373596624,-0.0311929248,0.0726905912,-0.0676172003,0.0174912401,-0.0224144831,-0.0582817234,-0.0214106496,-0.00753923506,-0.0341242366
-0.0190781746,0.00278686266,0.0580472276,0.347991407,-0.00716790138,-0.00473743211,-0.00227323407,0.00288079632,-0.0202365834,0.0401128791,-0.0165571142,-0.0999920443,-0.00316990423,-0.00833191629,-0.0126810428,0.0462986082
-0.085950397,-0.00733275432,-0.278207928,0.0757949725,0.00189999433,-0.0146577265,0.0801398903,0.0299829077,-0.000243085087,-0.0256003011,0.00354130287,-0.0603739023,0.00592447491,0.156808764,0.00258446811,-0.0806448236
0.012487513,-0.0512577705,0.00352563662,0.00164211425,0.0337139517,-0.015393584,-0.00820559449,-0.383379042,0.0685816184,0.00146335573,0.0538939461,0.0664610341,0.0318612158,-0.0553588793,0.0715591833,0.107249379
-0.0232938435,-0.0192496032,-0.162204102,-0.0407918915,-0.0357725583,0.000619149359,-0.082915701,-0.0382178798,-4.64330915e-05,-0.0464909188,-0.105805278,-0.0455417112,0.0564595722,0.123978257,-0.00337249669,-0.0696684867
0.0344494991,0.0285486057,0.259309947,0.0732781962,0.133698732,0.00606280612,-0.000617920421,-0.0214822832,-0.113256589,0.00997032225,0.0504709482,-0.00754826609,-0.00156872883,-0.0948859826,0.0214075465,5.63165258e-06
0.0572804175,-0.0259204283,-0.0551272407,-0.0528963692,-0.00151132746,0.0537858307,-0.105850726,-0.0154365748,-0.0209209044,-0.0381931178,0.00658054603,-0.00985170528,0.0991419181,-0.00857834332,0.0266770031,-0.0915137082
-0.00749602821,-0.101368397,0.102699973,0.0131693352,-0.0325490758,0.0261678901,-0.0338644832,0.0133177256,0.090681091,0.00139778375,0.0802450106,-0.00933774747,-0.0619800724,-0.0230362341,0.041550003,0.296723992
-0.0168970954,0.0233279224,-0.00137779221,0.086363852,0.0821188316,0.0024415974,-0.0249770489,-0.0215097219,-0.0399027653,-0.0246794336,0.0140802646,0.0281034391,0.0780108497,-0.0493882671,-0.00549919112,-0.0898273662
-0.0798398852,0.0666550025,0.0177831072,-0.0316982791,0.0349897258,0.00855377782,0.193318784,-0.0235750694,-0.185591847,0.0112447953,-0.0378638804,0.00706898747,0.0060596047,-0.0508028828,0.00777954375,-0.0212523621
0.00536027597,-0.0296283271,0.154471949,-0.265957475,-0.498565882,-0.0901053995,0.000393309165,-0.172160819,-0.0449798182,-0.0269009992,-0.0530700609,-0.00499951467,-0.0195857063,-0.00193129899,0.00653093867,-0.166201726
0.0434464663,0.0263215564,0.00749831507,-0.022233801,-0.0271852296,-0.105903722,0.0205345601,-0.0148540428,0.0446809977,-0.0345784649,-0.0442480668,0.0123323305,-0.0702934638,0.0286526419,0.00947408658,0.0551702045
0.0147437463,0.124732353,-0.00424784189,0.0209045745,0.00631293235,0.000110044726,-0.0113644004,-0.146170646,-0.0164792687,0.0585460439,-0.0375671834,0.0323356725,-0.0270574689,-0.0204962958,0.00299417111,0.163476959
-0.413258016,0.0862244964,-0.048036553,-0.0474935807,0.0362986103,1.36768067e-05,-0.072662808,-0.0594195724,0.0190766007,0.101611294,0.038740404,0.0495556965,-0.0283862986,0.00530660339,-0.0178852268,-0.0568384118
-0.00819485448,0.00268746959,-0.00363974366,0.053385213,-0.00877336878,0.0174829401,-0.0125457505,0.00483252062,0.00367259816,0.00270803343,0.00193555886,-0.0296222214,-0.0156131592,-0.00271983421,0.0449279137,0.00957338326
-0.00367820216,-0.0034045435,0.0111212293,0.00389613304,0.00285194023,-0.0215940438,-0.10343194,-0.0606320575,-0.0250695292,-0.0549153723,0.0245580692,0.0518855751,0.0569384657,0.00621954398,-0.0536180139,0.00685914047
-0.046273578,0.039550975,0.0195568055,-0.022986155,0.15634881,-0.0707214549,0.175358042,0.034635216,0.0693443045,0.0510530211,0.0046780929,0.0899783298,-0.0763652399,0.00119132188,-0.161309212,0.00123154698
-0.0367714614,0.039281372,-0.0179156829,0.00497652171,-0.0907769501,-0.0188860204,0.0881181806,0.00410581753,0.0230982583,0.045791544,-0.0580365472,0.0336456411,0.0964138135,-0.0146263149,-0.0151314149,0.0198280364
-0.0109670432,0.01250186,-0.0431394465,0.0102690831,0.00245010294,0.107743435,-0.0307879541,-0.0587803572,0.0148536377,0.00196115836,-0.0200801026,-0.00723707583,-0.272289783,-0.0131651415,0.165237367,6.36382401e-06
-0.0322692804,-0.208937541,-0.0215680804,0.00232282514,-0.00923514925,0.291864872,-0.247679889,0.0149233341,-0.469323099,0.00189589499,-0.0193983205,-0.00439128,-0.0233270526,-0.0759866834,-0.0636660829,0.0403285846
0.0181226265,0.060865771,-0.0226518661,0.102165341,-0.149804145,0.00148727407,0.0224916395,0.0924355313,-0.061400447,0.0172859523,0.0147053069,0.0421285629,-0.0833672062,-0.00348257669,-0.120910399,0.0824091583
-0.013970363,0.0109736612,-0.0447963178,-0.0224100836,-0.0215001069,-0.0242515374,-0.0672333911,0.183061659,0.0146825491,-0.0186317414,-0.00718141347,0.246986166,0.0714652166,0.0236557219,-0.0665994212,-0.000441070675
0.0219443031,-0.0237312336,0.0579283871,0.00866411068,-0.00963263214,0.00509176822,-0.133797526,-0.106789447,0.0392664857,0.0588598922,-0.054822918,0.0539680794,-0.000859923195,-0.0931094363,-0.031212626,-0.0505921766
0.0856672898,-0.0067530293,0.0773066506,-0.0110763721,0.0263980255,0.00064319995,0.0668752715,0.0218263045,0.314770043,-0.244707108,-0.020720806,0.00110962172,-0.00323638972,0.0979009569,0.0223639179,-0.00823177304
0.0137074674,-0.0157553386,-0.0137738194,0.117768757,0.113011234,-0.0203765649,4.04143902e-05,0.0118706236,0.11132656,0.000180970033,-0.101727955,-0.0432534218,0.00153273484,-0.0711145177,0.00851105805,0.063297078
0.14339985,0.0272242166,0.0907060802,-0.00460275123,0.0279244315,-0.0904029012,0.0113072423,-0.106329404,-0.0552897863,0.0343486182,0.0662582591,0.0538328774,0.200940073,0.170350119,-0.0259647183,-0.0559434444
-0.0322798789,0.090052411,-0.0621135943,-0.0641703233,-0.0546537004,0.0547551997,-0.00534979813,-0.00598232308,0.0111605693,-0.0849523172,0.0292874761,0.0775528997,-0.013732384,-0.0754971206,-0.000232595296,0.00608101487
0.0100233713,0.316058397,0.032143876,-0.000129762891,-0.0822497681,0.0971956849,0.00447233999,0.00161963271,0.00374323945,-0.116450317,-0.052155707,0.0909358189,-0.00940184854,0.00737073412,0.00954366662,0.0420344584
0.0688198432,0.0829144344,0.0298847109,-0.00518145505,-0.0644976497,0.00641942676,-0.0334080122,0.0888803229,-0.0838713944,-0.00575881638,0.0429228507,0.028428115,-0.0262264665,0.000654141011,-0.00815776084,0.00113202864
-0.161437765,0.133477181,0.00206029299,0.0159490295,-0.0249914229,0.000973083312,-0.0234593842,-0.0473749936,-0.0139503088,-0.0206966568,0.0342257135,0.0259034801,-0.0067087533,0.0117798327,0.00970508251,0.0947821438
0.137844443,0.0513970628,0.0166256409,-0.0132693434,0.176328048,-0.017725341,0.001323401,0.105053253,-0.0828308165,-0.0125341238,-0.0112352213,0.708374023,-0.000601576932,0.000496004533,-0.0013515926,0.0241849683
0.0101240082,-0.0398950577,0.0150162783,0.11068064,0.00360733597,0.157712832,-0.0288325232,0.00588055467,0.0222903509,0.0356545821,-0.00731302286,0.000927174813,-0.0102678044,0.0181942433,-0.0363346227,0.0697311908
-0.0154462587,0.00469710492,0.0160870887,-0.0257716104,-0.00489074737,0.000788700068,-0.0467596799,-0.0377639197,-0.0558670647,-0.0191379674,-0.28815341,0.0136189591,-0.0470514074,0.154501602,-0.0224526022,-0.0971413627
-0.180011839,0.104797021,0.291623265,0.0166756734,-0.000536260603,-0.0583626255,-0.00624281447,-0.0429856144,0.000606064568,0.0272504725,0.0177942999,-0.000172570741,6.50261136e-05,0.0504755564,0.00256513734,-0.0552342832
-0.00963139441,0.0182189159,-0.00320718787,-0.179265335,0.00487464853,-0.0101692313,-0.00611741794,0.131819278,-0.0201835334,0.00289256265,0.000978304073,-0.010949797,-0.0063353572,0.0295514725,-0.103558041,0.0203111265
0.0453704111,-0.0681894794,-0.0435525142,0.0228962135,-0.0272248741,0.0317510851,0.00533143338,-0.000426356506,-0.124172673,-0.724774063,0.0024301419,-0.0111052794,0.021868391,0.0105931228,-0.186275899,-0.0136457076
-0.0174708031,-0.0175869912,0.0187709276,0.00728741009,0.0497215986,-0.040657036,-0.055293221,-0.00366698764,0.0368630141,-0.0302475877,-0.0787237361,-0.0654748976,-0.0118865734,-0.0374070592,-0.0127342101,0.039073348
0.121244028,-0.00568997813,-0.0629873723,0.00123458414,0.0559810512,0.00905696955,0.00927679334,-0.0137864687,0.00582667207,-0.0252511576,-0.0914429426,-0.045973409,-0.0611511171,0.0196327977,0.143532872,-0.0063811224
0.00372713734,0.0567801408,-0.00618024496,0.00089625729,0.0727788135,0.0463136733,0.0667103902,0.0150010558,-0.00323316641,-0.0298426524,-0.0132657345,0.0169301089,0.0417438224,-0.0282891225,-0.000108265216,-0.0704248622
0.0499984473,0.130941376,-0.0379571579,-0.0595898814,0.0621865727,0.0136067625,0.0637943447,-0.000991614535,0.253441781,-0.010019742,0.0386667401,-0.0755700245,-0.0781219229,-0.0924328715,0.0225609597,-0.0637554899
-0.115831755,-0.00290945079,0.0024709038,-0.0144034168,0.0332181789,-0.0147453668,0.0032136899,0.000968925306,0.126864538,-0.0387216173,-0.0318692997,-0.00980467908,0.603452444,0.121804029,0.0297097396,-0.0920514613
0.0441047177,-0.0144769484,0.00234946841,0.0164752547,0.0849370286,-0.000712821435,0.0877057537,-0.0226804055,-0.0171396825,-0.107673161,0.0256831143,-0.011296561,-0.0350145549,0.0414803699,-0.0712196901,-0.0184984654
0.0407974869,0.123565137,-0.0156517345,0.0310162436,0.145887509,-0.0455767512,0.0223294087,0.0177121833,0.0062317769,-0.143372148,0.0216192249,0.01339522,0.0163648222,0.0149810873,0.0494963042,-0.0539094619
-0.0142415054,-0.0808374807,-0.0479647219,-0.00144491682,-0.0673701614,0.0336261317,-0.00586226024,0.00239617331,0.0219558589,0.00145178998,0.0234675482,0.0466774888,-0.0334092379,0.079822965,-0.0456633978,0.0478009507
0.00530325109,0.0200427379,0.0786270574,0.00264598313,-0.0376615226,-0.0297446679,-0.125002831,-0.0931329206,0.00293377927,-0.0165680517,-0.0176606234,0.0561537817,0.0242222957,0.0185271315,-0.0115901465,0.1026657
0.0522189178,-0.00466208253,-0.153650299,0.0221078377,-0.00726439804,-0.0174021535,0.0107752504,0.00121082331,0.0424823016,0.0217462089,0.0489705205,-0.00754709262,0.012329706,0.0192150101,0.0413841009,-0.00128111988
0.0238093734,0.000460656709,-0.367547095,-0.0308894515,0.124216013,9.5213623,-0.000430558459,0.0082986746,-0.0520689189,-0.058911372,0.00220034877,-0.0890479684,0.00482033985,-0.106318399,-0.234295905,-0.0835746229
0.0119848698,0.038693238,-0.0324879475,0.0696516708,0.00613308186,0.00432729535,0.152923375,0.000240969748,3.37251877e-05,0.212968826,0.0035320993,0.00168865861,-0.0430487655,-0.00255006505,-0.0133937141,0.065333195
-0.0111441454,0.00307991891,0.0144176129,0.0193926934,0.0125372745,-0.00979795121,0.00807761028,-0.046123676,0.00820663385,0.00255713356,-0.0104691852,-0.00419387361,0.0549702607,-0.010507823,-0.0429577753,-0.106707275
0.00867267326,-0.000258938235,-0.115949266,-0.0494491644,-0.0422880128,0.0873883143,-0.0138705941,0.516893268,0.00799583551,0.00449001649,-0.0188618749,-4.15893228e-05,0.118501157,0.0398248285,-0.101565674,0.0361908674
-0.0259100292,0.00488317618,-0.0540076084,-0.000174029468,-0.00890554488,0.0119770952,0.0198191479,-0.0539129376,-0.0210638531,-0.0502567813,-0.00535467081,0.0120171877,0.0304770507,-0.0157450307,-0.109603472,-0.0288696028
0.0401431657,-0.212014318,0.0724901333,0.0118952636,0.0596045442,0.0230876114,-0.0289172549,-0.0175645892,0.118579037,0.0017235683,0.0940241888,-0.00368882134,-0.0208426826,-0.00213283929,0.159925997,0.0826744437
-0.00359176262,-0.128263414,0.00118154264,0.0128768422,0.00840587541,-0.00655182591,0.00142760773,-0.00797648169,-0.00388501305,-0.011113218,0.0520249605,0.160743609,0.00366776041,0.0603140704,0.082585156,0.0281675849
0.111988224,0.0100719556,0.00257514743,-0.0572712235,-0.032176137,0.0119649963,0.0712354407,0.046501141,0.0242112055,0.0508367307,-0.0208542701,-0.016901277,0.0259199962,-0.0392155573,0.104361624,-0.00981155224
-0.155816376,0.0210010614,0.0714696497,-0.00583701488,0.0203927327,-0.105315283,-0.0272490289,0.0222492795,-0.00918494444,-0.0387167893,-0.0286381356,-0.0486539602,-0.129980668,-0.251192242,0.0149317952,-0.0676583722
-0.0582324639,0.11892616,-0.00346840778,-0.339469433,-0.0545606241,0.120852947,-0.0347429439,0.0135682048,-0.0411126427,-0.00166962482,-0.0132862702,0.00752290012,0.00170856307,0.150489643,0.0201764796,-0.00607877458
0.00121138094,-0.0145774949,0.000268140546,0.0296948031,-0.000826863281,-0.0378215276,0.00556114037,-0.0501684919,0.0708376393,0.0437773131,0.0165139195,0.00203520246,-0.15497601,-0.00654437765,-0.105831139,-0.0163157955
-0.00859498233,0.0560743213,0.187925026,0.00082188833,-0.0305394493,-0.074180156,0.0516823716,-0.0729532093,-0.0031677566,-0.0268298276,-0.059062425,0.0167714376,0.0452122688,0.00235630292,0.145058453,-0.00149901956
0.0310022067,0.120233439,0.0322658308,0.0321287811,0.0642978027,0.0620437935,0.0419468321,-0.0482634529,0.101028323,0.0164247863,0.0410416313,0.000120235745,0.00666138344,-0.0310896821,0.0347801298,-0.0548939891
0.460695446,-0.0101882098,-0.0102324709,0.0979679897,0.0127652762,0.00289463694,0.00688806875,-0.00712833414,-0.0270407386,-0.0077155442,0.054546576,-0.0659535676,0.0337187536,-0.0283115543,0.0172516163,0.0206805915
0.0277767275,0.0408828519,0.00225064903,0.0789126903,0.00402551144,-0.0922021717,-0.0525301099,-0.0056210286,0.0200801957,-0.0435089953,-0.00283507025,-0.0340753645,0.0574539788,-0.00792975817,-0.0304608755,0.0539735854
0.0267497711,-0.0266849156,0.0471571907,0.0502053387,-0.00426076818,-0.0793770924,-0.138035625,0.0246530212,-0.000894605997,-0.106170595,-0.0820604116,0.00183075899,0.0526710637,0.00969643332,-0.00245822337,0.00085903029
-0.00957303122,-0.0370127223,-0.384102315,-0.0265407059,-0.0228718165,0.000994025846,-0.0354284383,0.00860229507,-0.00170179852,-0.0133589804,0.000988283195,0.0324197523,-0.0432390757,-0.012768276,-0.0433329828,0.0683299676
-0.0120989354,0.0466094576,0.0275299568,0.0199461188,-0.0751755834,0.351840347,-0.0439906232,0.235750079,-0.0560806096,0.0305653363,-0.0283011179,0.423624247,-0.017877046,-0.0658670589,0.00201539253,-0.00916266907
0.0229649767,0.0499175452,-0.178149492,0.00363819744,-0.102671571,0.0654254109,0.122549079,-0.00291305664,-0.00827498082,0.227685228,-0.0299782082,-0.0140934587,-0.12386328,0.00561856059,0.000869930955,-0.0177184436
0.0355229229,-0.123394601,0.0512930341,-0.00352434604,-0.126717582,-0.00401332509,0.00971826166,-0.0235905908,-0.0345814787,0.000985592604,0.0113923559,-0.0324301943,-0.14456597,0.0403793156,0.0129360305,-0.044271268
0.000175965062,0.00256503932,0.0953396186,0.000292978337,-0.00304839876,-0.135269746,-0.100100584,-0.00723343017,-0.00915735587,0.0290876981,-0.0482894145,0.0241203811,0.080921486,0.0117478548,0.0397162773,-0.0184436813
-0.00639643334,0.044694908,-0.10323333,-0.0872841924,-4.80799499e-05,0.0324256755,-0.00271102134,-0.0693112686,-0.0136757931,0.110498339,-0.0134106642,0.0330421254,0.00124668586,-0.0123822754,-0.0274701901,0.0283889007
-0.0428413898,0.0380579531,0.0077356468,0.00478890259,0.0647077858,-0.000140452787,0.0232737307,0.0857519135,-0.0945636109,0.0422275215,-0.0231715068,-0.031900268,0.0196431279,-0.0814164281,-0.0578682423,0.0337663256
0.0947209001,0.0451803431,0.038210541,0.135610387,0.019654708,0.0113079753,0.0495004915,0.00818160549,0.0495636761,0.0778490454,-0.244725019,0.0218128506,-0.218874902,0.018260194,0.0183544718,-0.0704777166
-0.00476503372,-0.128039852,0.0336233228,0.0666505545,0.00558597082,-0.0855139196,-0.0212071016,0.00531865424,-0.00979649741,-0.0137659907,0.0212747324,-0.014885149,-0.00338881812,-0.00431492086,-0.104951769,-0.00864659622
0.0049815909,-0.133582652,-0.0346084982,-0.0484929606,-0.0273205377,-0.0335977674,0.0776729286,0.0453795604,0.00253842538,-0.0212753415,0.0259811524,-0.00169344537,0.0214060731,-0.00229780423,-0.0585686453,-0.0259276312
-0.110284045,0.0113735199,-0.0146753471,-0.0699818432,0.0367420949,-0.0126619395,0.0750622451,-0.626474082,0.0100644119,-0.0228686593,-0.0152112683,0.0457835793,0.075037688,-0.00321290293,-0.303676397,0.0200438686
0.0789009705,0.0474777035,-0.0975174904,0.28458035,0.0013872314,-0.0506112464,-0.0639615357,-0.00210588519,-0.00494688097,-0.00574610941,0.0350679792,-0.0451369695,-0.0117767071,-0.112048179,0.0163360927,-0.00115731591
-0.0220838208,0.00157452514,0.160327762,-0.0115531404,0.0496577993,-0.022919083,0.0398777425,-0.0303961225,-0.072470881,-0.0716969967,0.0167242922,0.0531943776,0.0601838566,-0.0719314963,0.0199678503,0.164584503
0.0376924947,0.0407039449,-0.018226726,0.00892605726,0.00597903132,-0.024372505,-0.116858475,-0.0201263316,0.0206014477,-0.0665218905,0.05078182,0.0477816276,-0.02193656,0.00882575195,-0.0372343436,-0.0245980844
-0.00461015338,0.00827611424,0.0890885442,0.00309880963,0.328895986,-0.0542678609,-0.0108603435,-0.00579813821,0.0713122413,0.0774175301,0.0590714179,-0.00406119041,-0.0295042358,-0.000681313511,-0.0735592395,0.0396352038
-0.11923068,0.0211101938,-0.00184408971,-0.00532546919,0.00913749821,-0.0335665531,-0.0442959443,0.0151396096,-0.00100589707,-0.0087292036,0.020910209,-0.16387853,0.0590365902,-0.000239796529,-0.139646024,0.0291499086
-0.00996922515,-0.0118352482,0.0689193681,0.00952068809,0.0380849801,-0.00463599246,0.116872445,-0.0732123703,0.0302525852,-0.0048940694,0.00547652552,-0.0272252876,0.0270128325,-0.0128407059,0.0723833367,0.115112104
0.0298178643,0.0363468975,-0.0171404667,0.00457144668,0.034127418,-0.0714105889,-0.071037814,-0.0222000908,0.113831587,0.0095220143,0.139480606,0.00866265781,0.221805826,0.0233488251,-0.00457320036,-0.0592161678
0.0128132822,0.0113837449,0.0210644994,-0.00475742714,0.0484473743,-0.0329938941,0.0860001668,-0.106057703,0.000472193613,0.00491276709,0.0313406959,-0.0979563743,-0.0452211052,-0.0289424341,-0.108986683,-0.02896538
-0.0022998834,-0.0594922639,-0.0352101475,-0.00462526642,-0.00237293681,0.0138526242,-0.0416741036,0.0619997978,-0.0161302928,-0.00168982323,-0.0322281606,-0.111834154,-0.235021308,0.140369847,0.024108842,-0.00954819843
-0.0523964912,0.00146117283,-0.0243746173,-0.0183688123,-0.0123515399,-0.00027475573,-0.177567184,-0.0630287901,0.0307465121,0.0345054157,-0.000620015024,0.0855054781,0.0448039733,-0.0006448325,0.019918466,0.0661231801
-0.165143073,0.128383368,-0.107445076,-0.16593644,0.0208282042,0.000172488144,-0.106616028,-0.02762191,0.00476220855,0.129371524,0.0776929185,0.0303445924,0.0174401402,0.130869716,-0.00923649687,0.122438371
-0.0977196991,0.0258548148,0.00576887419,-0.0275216009,0.133158684,0.00493207714,-0.0255092494,-0.0134428432,0.0495812707,-0.0336707383,-0.123434529,0.00397549896,0.00378175895,-0.0819351673,-0.0372286513,-0.21361059
0.0123756081,0.0545404665,-0.0877161995,-0.000595130143,0.025906289,-0.0275058653,-0.00233966834,-0.142879158,0.0023553127,0.0333783925,0.0505327024,0.000718388765,0.00609091017,0.105407901,0.0304689743,-1.02442622
-0.00784512237,-0.00349288061,0.00957514253,-0.0487451591,0.00676262612,-0.040691331,-0.0433497243,-0.00519786775,0.144528612,0.097534515,-0.0103133256,-0.015312802,-0.141391352,-0.00745010888,-0.00660774764,-0.0393714532
-0.0608326793,0.0280911271,0.225513101,1.06642914,-0.00653762463,0.00570347812,0.00118643558,0.0153736863,0.148976415,-0.0944559053,-0.0376657955,0.00362094957,0.0469687469,0.00234377733,0.0249190014,0.000601828273
-0.0163504183,0.0233830158,-0.00333376182,0.00114713726,0.0388101973,0.12125098,-0.0081901988,-0.0507992804,-0.0820395574,-0.0313149281,0.0225924961,1.24946564e-05,-0.0660412237,0.0309142992,0.000504982716,-0.00210368307
0.0394301489,0.0183739457,-0.0794432312,-0.034065377,-0.00618720846,-0.0417591371,0.0288495105,-0.20938012,-0.301580548,-0.0252169464,0.073009707,0.11533732,0.0435691476,0.000936714059,-0.00335842185,-0.0379579291
0.0281288959,0.0350732915,0.022930013,-0.0567558073,0.00346671976,0.00547760585,-0.103494689,0.0169315264,0.043882031,0.112767272,-0.0121293841,-0.00310563482,0.000367376342,0.0128124468,-0.0672196895,-2.59960634e-05
-0.000374155148,-0.160815418,0.0534893535,0.0149375172,-0.026768947,0.00809884444,-0.087146014,-0.128496021,0.0730125457,0.0289409254,-0.135124847,-0.0288667176,-0.0807758197,0.000602524029,0.0353366099,0.0352940187
0.0305088684,0.00768646039,0.00545543712,-0.277284384,0.0489218161,0.0650452748,-0.00133082119,0.044272393,0.00643894216,0.0993822888,-0.00372616109,0.0568449236,-0.0286004934,-0.00356486184,-0.00739939325,0.0040135216
-0.0302442927,-0.00938771944,0.0281939749,-0.0265996046,-0.000212963714,0.0255564488,-0.00476032542,0.0191809367,0.0829219073,-0.0200125966,-0.00201960769,0.0220186133,0.0445387587,-0.0689724982,0.00517328223,0.139643773
0.159508184,-0.00729969982,0.0186040234,-0.145564064,-0.0164974872,-0.00847236626,0.0582875609,-0.00187459448,-0.0696129948,0.0372058228,0.0309816152,-0.0363496356,-0.0664644837,0.0330549665,0.135809407,0.0240523051
-0.0203497633,0.000434520218,-0.0134654678,0.0347553082,0.00206187461,0.361817151,-0.0165020563,0.0207285956,0.000718894182,0.0651507527,0.00800536945,-0.00208853628,0.255482107,0.101586133,0.0145342043,0.0917755067
-0.0420124196,-0.0301781353,0.012845628,0.0115732728,0.0299552102,-0.0389339887,0.043749392,0.0165870655,0.0450120419,-0.0122618414,0.03512742,-0.00713755889,-0.0724871829,-0.161820173,-0.200075313,0.083388932
-0.0350771248,-0.241041601,0.0259599593,0.0180734489,0.037815921,-0.00925897248,0.00159850647,-0.135015503,0.00767930876,0.0184172038,-0.0173629932,0.0409594811,0.00289137173,-0.0677142143,0.000133511436,-0.00664848555
-1.07572186,0.000249073229,-0.057036344,-0.0306303184,-0.176997274,0.0400535613,0.0294304974,-0.00180156785,-0.108517408,0.0732131749,0.147174701,-0.0302735306,0.0693141967,0.0423187353,0.305261284,0.0960641056
0.0785431042,0.0404430628,0.0541499145,-0.0045643975,0.097731635,-0.0471333079,-0.0312630832,-0.0316374488,-0.362874776,-0.184154019,0.0790736824,0.000357937039,-0.0266945697,0.0431713238,0.0583309866,0.0184316058
-0.000460255891,0.023979079,0.094770886,0.0634387359,0.0144863147,-0.0442323461,-0.0257928707,0.0605482124,0.0262446906,0.0477063879,-0.00747952145,-0.185899317,0.0353102051,0.00925273541,-0.0631267503,0.0102328807
0.0982496366,-0.00776612107,0.00885574054,-0.007801448,0.109649636,0.163621888,0.000443351135,0.0334071815,-0.0231981426,-0.00244155736,-0.0305685066,-0.00299819838,-0.016468754,0.0408899672,-0.0164008271,0.0291854218
0.00183647475,0.024255313,0.00353781716,0.0983871445,-0.142939121,0.0881556794,0.0805276558,0.0148712043,-0.0191497952,0.212000653,-0.0196772106,0.0701199323,0.0321856923,0.0662242845,-0.00814198609,0.0454879142
-0.0265532881,-0.00234154821,-0.0293179099,0.296124279,0.0620331094,0.0356079005,-0.00308386795,0.00102684612,-0.00154595438,0.00296439743,0.0330997296,-0.213643014,-0.00839689746,0.0336869322,0.0436950997,-0.0251818839
-0.191893622,0.267823517,-0.154611006,0.0474486388,-0.019781176,-0.0170162749,0.0134836137,0.0278418083,0.0281073172,0.30146268,-0.00576406764,0.0503801629,0.0365216322,-0.0256710704,-0.137002453,0.00138896739
0.00460669352,-0.100807115,0.12763451,0.115241855,0.0148982489,0.0164209828,0.042121239,-0.199292764,-0.0468166769,-0.0677481964,0.00218352838,-0.0329969451,-0.0613938235,-0.0219484717,-0.0409023166,0.010615102
0.0899790451,0.0789085105,-0.00927993096,0.0456142724,-0.00709002791,0.0115460223,0.0448635072,0.0270793345,-0.0134127801,0.00338012679,-0.00458984263,-0.00837281533,0.0805300176,-0.0489343591,0.000849510659,-0.141888157
0.0140577648,0.0185474213,-0.0812643245,0.0157881901,-0.0834845677,-0.0246248394,-0.0296224393,0.0261715408,0.0382940732,-0.0279937331,0.0111153685,-0.0131759727,0.015194078,-0.0276167002,-0.0152852098,0.172764048
0.0157055892,-0.0491973162,0.0156008834,-0.0932182595,-0.00252583367,-0.0185180698,0.0149593316,-0.0231189337,-0.000501020753,0.0222739968,0.0952897295,-0.00631613098,-0.0421362221,-0.048989214,-0.0278849639,-0.0433774702
0.16795212,0.000793363957,0.0799202323,-0.0145975268,0.00730974087,0.072314471,0.003103778,0.00262318342,-0.0292570069,-0.109711148,0.0425621867,0.0440703034,-0.00819040183,0.163414776,0.0157615449,0.0566027574
-0.0145681864,0.125808194,-0.0124291312,0.015487276,-0.00400792714,0.236758366,-0.192466542,-0.0128081096,0.00360227493,-0.0339347757,-0.0182913803,-0.0596191287,0.00945162773,0.0804031268,-0.0845921636,-0.0176578481
0.107828014,-0.0818902478,-0.0139620928,0.0591555052,0.00428572157,-0.112132929,0.0344579816,0.0168448761,0.0174537227,0.0574828275,-0.0020168107,-0.00300553511,-0.0354693644,-0.0452570617,0.0107085761,0.0686294585
0.0199439768,-0.0230751392,0.00792196766,0.00310045597,-0.0224701557,0.150846958,-0.0479125977,-0.0426783822,-0.0381309316,-0.319884419,-0.0261655189,0.101259157,-0.0270625502,-0.0549975112,-0.00817362685,-0.00441062963
-0.0578815266,-0.0498788282,-0.0142916283,0.0192979816,0.0345926955,0.0565457419,0.0858849213,-0.121295579,0.0102882311,0.0177938323,0.00716359494,0.0786919966,0.0240550227,0.00185227708,0.0227523055,-0.00343832071
-0.119714662,0.126442388,-0.0105593409,0.100464426,0.0473058708,0.0229468439,-0.0206361078,0.0659211203,-0.121392369,-0.0136350794,0.108446807,-0.0254824795,0.0233289693,0.161751553,-0.0685655922,0.0534696206
0.00831536762,0.102999285,0.245613709,-0.123549707,0.0123547688,-0.0040740394,-0.0175035782,-0.00033471224,0.080209136,-0.0103808446,0.000945405045,-0.000268064585,0.0166642275,0.0738614053,-0.0553381853,0.000467369944
0.0330613218,-0.00239427155,0.282362401,0.00227772072,0.000531747413,-0.0239367355,-0.00215727603,0.0783582553,-0.0126214903,-0.0383465216,-0.0393697433,-0.262836188,0.040800605,-0.00267708651,-0.0179835558,0.00257512275
-0.00380363013,0.100782037,0.0443109237,-0.157167539,0.0277104918,-0.121990077,0.0053088651,-0.0124805057,0.0426676609,-0.069242388,-0.000310991745,-0.0308646709,-0.0473261885,-0.0028344586,0.0488832444,0.00891086366
-0.0112171061,-0.0400123522,-0.110328384,-0.00977263413,0.0184328686,0.0095979739,0.00604676455,0.00591558963,0.00604999578,-0.179771528,-0.0768155754,0.00245957682,0.00151737034,0.131978676,-0.0647729486,-0.00560415164
-0.000653118535,0.332204401,0.0164657049,-0.00290270522,-0.0291745514,0.057244096,-0.102364585,-0.060004767,-0.024178626,0.0475663282,-0.0627138391,0.0625502393,0.0176895764,-0.0339409001,-0.0540684648,-0.00235744845
-0.0275221393,0.116458289,-0.00093652634,-0.0448810644,0.0259177741,0.0674858764,0.0814287961,0.00675136829,-0.0153967757,0.00203208276,0.00857202616,-0.00433470448,-0.0229759272,0.0340061598,0.00471332669,-0.0515928566
-0.0593667328,0.0118169263,-0.115630962,0.0211561564,-0.00887871813,0.0296090078,-0.0312867574,-0.0344343521,0.139581561,-0.00120551686,0.0376628377,0.112676457,-0.047111433,-0.03827402,-0.0306903291,-0.359305233
-0.00963172689,-0.020320598,-0.214494482,0.0523871854,-0.00236997986,0.0104452977,-0.157141894,-0.0295514092,0.0439561792,0.0157468487,0.0238725189,-0.163767844,-0.0431289524,-0.0181935076,0.0932812318,-0.00374268997
-0.0220491942,0.0695165768,0.00384620856,-6.17958285e-05,0.0215099324,0.0218084101,-0.00620100787,-0.026160324,-0.0769751295,-0.0197631251,-0.0125193531,0.105464689,0.03113617,0.14479436,0.0146079091,0.0254162829
0.0508698486,-0.0701764748,0.0264130738,0.00628423085,-0.0141906748,-0.03587633,-0.0259953421,0.0312282424,0.0418173112,0.00703023421,0.0005892872,-0.0331462361,-0.0254196264,0.000205699063,0.104142383,-0.0234201737
-0.0336577259,-0.0257883184,0.0772437677,-0.047608342,0.158522487,-0.143797845,0.00147070887,0.0020409259,0.0792916045,0.0220161695,0.0298222285,-0.00612260867,-0.128370613,0.0512143187,0.066644676,-0.031542588
-0.0202655066,0.0149030704,-0.0364394598,-0.0115636485,0.0271514971,-0.0402432904,-0.00875479449,0.0099345753,0.0210268237,0.107613936,-0.00292361039,-0.00602577813,-0.0133215729,0.238877833,0.0518071689,0.068799451
-0.0941583067,-0.00406971946,0.00683539035,0.00335473055,-0.0310779344,-0.0121532371,-0.0641809031,0.0411319956,-0.00587046612,-0.0349851139,-0.0986431688,0.0262594987,-0.0683944523,-0.0278060641,0.0925993472,0.0269989818
0.0462662764,0.0200004876,-0.0424885564,0.00757038034,0.00521905953,-0.0349628516,-0.00210985774,0.00797988847,-0.000302846252,-6.33843301e-05,-0.0295102559,-0.0279945452,-0.000603897206,0.00982855447,-0.0806332678,-0.0512443744
-0.0282798801,-0.018603636,0.00123980548,-0.151617765,0.0167436786,-0.0627818331,-0.000986230094,-0.0134005509,0.00329669169,-0.0487649851,0.0206201915,-0.168708697,0.0205671918,0.0459972098,-0.0192866679,0.0147521822
-0.0234775431,0.117886834,-0.00773284398,-0.0412127115,-0.207312554,0.0207202844,0.285557091,0.0687020198,-0.0143820336,-0.00383198797,-0.131142527,0.114884339,0.0159598663,-0.623813331,0.0030655053,0.00506454241
0.115943119,0.0493241884,0.044583559,-0.0404304303,-0.035227295,-0.106239095,0.0171819609,-0.0325619653,0.0378299952,0.0327740796,0.0198366269,-0.110394225,0.0152332317,0.234372109,-0.0512360483,-0.00659256382
-0.0544449091,0.00835582335,-0.158060983,0.100128941,0.0860097632,-0.0126325944,-0.214743093,0.0217700768,0.050326433,-0.0311785638,0.000839311513,-0.0204820894,-0.0169471577,-0.0202870052,-0.0225253068,-0.0427297316
-0.0399661288,0.00872330926,0.0148743354,0.0858497471,0.0280268695,-0.00524604227,-0.0682003722,0.00308548007,-0.0728747919,-0.0270538274,0.0228428021,0.0178641938,0.127216205,-0.0703273043,0.00471161725,0.0375011675
0.0399262719,-0.0689881295,0.115993761,-0.00126767019,-0.016686758,0.0133072864,-0.00777634652,-0.00630891742,0.0103106722,0.0269040614,-0.00909741968,0.123257473,0.135144696,-0.0630635917,0.00370827573,0.00406912621
0.00842637382,-0.00431392435,0.0274488572,-0.00140851911,0.00240186183,0.00389494072,-0.0625136197,0.0299281999,0.00748900557,0.0110881012,0.122353338,0.0197428558,-0.00693085324,-0.055754561,0.00845967233,-0.0104301833
0.275122374,-0.0922822729,-0.180210292,0.0457909927,-0.00750382151,0.330074459,0.00830257591,0.0844637603,-0.0130472071,-0.00281740888,0.0444177762,-0.0305776224,0.00370510947,0.0407125205,-0.00172335934,0.0125618372
-0.0597781427,0.0503075011,0.013472978,0.055297114,0.0123841884,-0.0305446163,-0.118412919,0.0613441169,-0.149977878,0.00878329761,0.000550689816,-0.0247091725,0.00668377057,0.07300926,0.00367251597,0.000741102092
-0.157843754,0.259687841,0.0246881526,0.00633384986,-0.0236671474,0.0554195158,-0.0233463105,0.000922584964,-0.134592503,0.000142275472,0.0475959852,0.0180960558,-0.0148608731,-0.00329272402,0.00846418925,0.00742173428
STEP=0 CP=FFN_DOWN COUNT=1536 MIN=-3.55101395 MAX=3.29534864 MEAN=0.00468164457 L2=13.8733698 FIRST8=-0.764807045,-0.425568402,0.180602998,-0.189780563,-0.642020881,0.195093811,0.511492252,0.22614269 HASH=83f9bd77cfe83b1c
STEP=0 CP=LAYER_0_FFN_DOWN COUNT=1536 MIN=-3.55101395 MAX=3.29534864 MEAN=0.00468164457 L2=13.8733698 FIRST8=-0.764807045,-0.425568402,0.180602998,-0.189780563,-0.642020881,0.195093811,0.511492252,0.22614269 HASH=83f9bd77cfe83b1c
STEP=0 VEC=LAYER_0_FFN_DOWN N=1536
-0.764807045,-0.425568402,0.180602998,-0.189780563,-0.642020881,0.195093811,0.511492252,0.22614269,0.301730931,-0.0832978562,-0.260815203,0.123530746,-0.565960407,0.0978692397,-0.23662205,0.129493892
0.303259969,-0.682942986,-0.491165638,-0.699359179,-0.2307996,0.551165462,0.42228508,-0.179733813,-0.491169184,-0.527399063,0.0352936164,-0.0595819391,-0.532247901,0.421244919,0.18441321,0.255953461
-0.366719097,-0.632641912,-0.0169241093,-0.169252127,0.105287142,0.0728772134,-0.0844630152,-0.117978215,-0.303411961,0.322356731,-0.115327179,-0.307371736,-0.0755580813,-0.0493001938,-0.404356629,-0.335243374
0.211816818,0.180657893,-0.147600651,0.220114231,-0.163018689,0.102459572,-0.0605016649,-0.116944753,-0.270349413,-0.00683944859,0.0647100061,0.546778023,0.00674749166,0.363090515,0.120158091,0.183907002
0.0634799674,0.0927143246,-0.00841931067,0.127344728,-0.263701349,0.192739576,-0.187767774,-0.34532696,-0.780460835,0.415200561,-0.104538411,-0.0147723705,0.253062695,-0.228286803,0.547177315,-0.226322353
-0.00732343458,-0.190783262,0.133803338,0.279275864,0.151413709,-0.978793085,-0.129870638,-0.215290204,-0.230375856,-0.00961223245,0.017087698,-0.325508535,0.499873608,-0.295853198,0.0967306346,-0.0182072334
-0.357987702,-0.759211123,0.261561453,-0.880914748,0.340864271,-0.0715540648,-0.231328323,-0.00734471157,0.394017071,0.035071075,-0.527099967,-0.338169008,0.466508269,0.0896514505,-0.454642862,0.25512141
-0.677957416,0.0520920418,-0.084999308,-0.24963817,-0.198922172,-0.072705552,-0.317399055,-0.0799180716,0.626850069,0.0967894867,0.276378512,0.675183594,0.14885509,-0.136501476,0.0188689958,0.75938201
-0.125461876,0.49010393,0.668300986,0.20218277,0.002142841,-0.0602206662,0.41952461,0.0431558155,0.176345944,-0.102413081,0.460755229,-0.106652245,0.283938974,0.0205542296,0.0655025765,-0.220001787
-0.158357531,0.0555700548,0.0459102318,0.0269816108,-0.205322385,-0.0289330296,-0.385710418,0.116621844,0.506215096,-0.436716378,-0.0969165489,-0.226247862,-0.140095323,0.27575618,-0.112928025,0.234314099
-0.0641702116,-0.449287266,-0.744836092,-0.370745569,-0.455997288,-0.0697130933,-0.144239917,-0.412024498,-0.106059402,0.00486117601,-0.300326943,-0.381989062,0.174113661,-0.157973781,0.0367952213,-0.328080177
-0.0694169253,0.331457466,0.372845918,0.481797457,-0.0868175775,0.297219098,-0.0184657425,0.0919599533,0.472919881,0.22826159,-0.384523422,-0.00409051776,0.612889946,-0.0624047741,0.0392197035,0.150871441
0.150586352,0.554138184,0.34411487,-0.0962432176,0.00452398509,0.268469125,0.107886881,-0.194256693,-0.659051657,0.463665366,0.0161714703,-0.135681719,0.35048449,0.117507413,-0.557520926,0.100919724
0.0956493542,0.149360523,-0.394772738,0.36301738,-0.642276645,-0.226762101,0.365424305,-0.166200802,-0.104399383,-0.0106153563,0.0038368199,-0.386346042,0.0912587196,-0.0707700849,0.0915237367,-1.10510862
0.665823996,0.800053,0.204794854,0.132509112,-0.290469915,-0.367200851,0.200730443,0.342543751,-0.51626116,-0.340715855,-0.475087792,-0.758499324,0.115655527,0.101622365,-0.0984196961,0.734731913
-0.183137596,-0.287950963,-0.142368287,0.352197647,-0.021600455,-0.319190413,0.263132215,-0.083286725,-0.199488521,0.278994232,0.741963387,1.11624575,0.125379309,-0.104847245,0.14782384,0.474794
0.0741192698,-1.03544736,-0.184733391,-0.770775974,0.0255683567,-0.303349912,0.606756508,-0.328323781,0.0927576572,-0.189257249,0.164460182,0.0798998699,-0.351707339,-0.343254238,-0.371919453,-0.0526270159
-0.119940363,-0.479286224,-0.309708416,-0.22444354,-0.587712288,-0.189460993,-0.858897924,-0.0171973109,0.123757146,-0.0245978199,-0.062223509,-0.287308842,-0.0597748086,0.407861352,0.182842672,0.194721252
0.252090514,-0.253012568,0.138937205,-0.0701285303,-0.396986037,0.170591488,0.0798731223,0.3198421,0.560286582,-0.064990826,-0.0835715458,0.47338444,0.212627292,-0.676402509,-0.0992033333,0.680110276
0.357428282,-0.451311707,0.093279928,-0.335721523,0.715432107,-0.475241482,-0.179914415,-0.299360901,0.298187971,-0.216066927,0.310681373,-0.163018182,0.0810260698,-0.11771211,0.825743914,0.715202749
-0.169288307,-0.379932702,-0.0479449928,-0.167964146,0.730696976,-0.0580830425,-0.372171789,-0.445226163,0.183327243,0.226490781,0.420589566,-0.259097338,0.122247517,-0.0154172592,-0.0717414767,0.598131418
-0.0888653323,-0.169859648,-0.0322029851,-0.0242882334,0.118603639,-0.459485888,0.304252177,-0.150476128,-0.147577152,0.0522500761,-0.46727556,0.0239736736,0.555689633,0.153200015,0.0393902659,-0.598346949
-0.272796541,-0.110663384,0.239053324,-0.263104022,0.0293540452,0.111679792,-0.223383129,-0.478880703,0.269536376,0.0898657516,-0.262144148,0.257754683,0.774591982,0.00879117101,-0.186040267,-0.216781735
0.433383584,-0.0903850272,0.0857851282,0.256680787,-0.231886491,0.201201767,-0.135320872,0.431043148,0.0294614695,0.372055531,0.515706956,0.540134549,0.371513963,0.0739281476,-0.151124671,-0.0691859722
0.742580473,0.579102397,-0.528085828,0.652750015,-0.292521924,0.306174368,0.425589532,-0.356995821,0.0857709423,0.156594321,0.24399218,0.73958385,0.0520735793,0.209848881,-0.185624331,0.434045136
-0.356786877,-0.093987897,-0.714427054,-0.202948287,-0.552948475,-0.204764396,0.270470202,-0.198191777,-0.708901286,-0.216827124,0.182494968,0.61351794,0.129743829,-0.474896133,0.447713852,-0.371611118
0.109604314,-0.375592351,0.156359166,-0.110369086,0.196430266,-0.000102974474,-0.30409658,0.327284276,0.171522632,0.151541099,0.25760448,0.384986788,-0.117539465,-0.277998358,0.415554136,0.199616745
0.0551617891,-0.170203507,-0.576304138,-0.226881891,0.609217703,-0.27654475,-0.595452547,0.190783635,-0.182212576,-0.0412374884,-0.974912465,0.779691041,0.107563399,0.010426145,0.532595158,0.00838807225
-0.246350095,-0.0346805491,-0.147267148,-0.0636917725,-0.152400002,-0.0628023297,-0.593581915,-0.283817202,0.0735725239,-0.0258495584,0.177000433,-0.199507713,-0.205285221,-0.0543856323,-0.338222951,0.274354488
-0.227753133,-0.413984954,-0.791069984,0.675106645,0.366608828,0.165143698,0.538049459,-0.725929797,-0.513081551,0.0355063826,0.0877312124,0.141991615,0.440851569,-0.106547698,0.370014906,-0.45546636
0.334657192,-0.187593251,0.030616831,0.196068093,-0.551976383,0.2419606,-0.232001454,-0.698562324,0.0811023563,-0.0862610042,0.353000462,0.363858581,0.354909509,-0.768870234,0.0283832774,0.0717081279
-0.33288765,0.0959212929,0.119165868,0.997487485,0.673112035,0.0324405953,-0.235062197,0.130456507,-0.238929838,0.0878846422,-0.380250573,0.213675737,-0.166941285,0.354737312,0.0616653562,-0.0647324324
-0.689175069,-0.231218636,0.201844022,-0.233765677,-0.236229837,0.171004012,-0.383732349,-0.112276703,0.798161626,0.442532629,-0.0203576535,-0.0172444023,0.12517488,0.390086412,-0.233336717,-0.0469411798
0.253080845,-0.0836494938,0.0185676608,0.451263249,0.274096936,0.362158507,0.127025157,0.198884249,-0.226183206,-0.301597923,0.183052838,-0.302538067,-0.238953471,-0.0136061162,-0.347836107,-0.182179198
0.638216436,-0.344966054,0.398221046,0.185290724,0.134104356,-0.178226247,-0.265947253,-0.0904634073,-0.192260206,0.603017211,-0.273464292,-0.0496562496,0.052649565,0.162362248,-0.370063007,0.704878151
0.030317571,-0.174983352,0.540753901,0.0168449283,0.163534045,-0.194761544,0.404658318,0.298333138,-0.471217275,0.0241466761,-0.321940809,0.0706689954,-0.0802098811,0.410038799,-0.669484377,0.0761032254
-0.209229112,0.420495272,0.254047483,-0.150607452,-0.235432386,0.265104026,0.403239667,0.592390537,0.14419274,0.443205416,-0.364085197,-0.444566905,0.261084437,1.04456615,0.107066959,0.494493037
0.0830692872,0.624649405,-0.246452868,-0.116074711,0.11155168,0.550231338,0.224994525,0.175429106,0.232085302,-0.275629431,0.239227682,0.672985971,0.544513464,0.0766882002,-0.308111191,0.318069011
0.109772779,3.29534864,0.186173871,-0.0664555281,0.145437673,-0.138703778,0.319256008,0.631487727,-0.255627811,0.283780456,-0.326730967,0.211658195,-0.804548204,0.267352164,-0.231686443,0.0533969402
-0.162482649,-0.00182829052,-0.0125544891,0.0716601536,-0.409707427,-0.394478351,-0.512777388,-0.123690851,-0.715297043,0.344574004,-0.481586039,0.13985163,-0.310252368,-0.451489776,-0.112281412,-0.496098995
0.0574696362,-0.803751945,-0.0632480755,-0.463169038,0.77869767,0.105769254,-0.125100493,0.251004666,0.42024219,-0.358077794,-0.521664441,-0.119377702,-0.239656195,-0.425212145,0.275338262,-0.371208578
-0.132576153,0.0405505113,0.564218104,0.402396053,-0.583480716,0.687216878,-0.149021596,-0.145009547,-0.313095242,-0.225218505,-0.0822867155,0.648788512,0.215443656,0.184175283,-0.102695897,-0.422547132
-0.184723556,-0.199245766,0.190171376,0.0959131122,0.224935591,-0.0962741151,0.0935320333,-0.675854146,-0.317914248,-0.230106339,0.168947384,0.332650989,-0.423842371,-0.354913145,-0.525492132,-0.117365681
-0.262459219,-0.354577452,0.328449607,0.0143974349,0.626128078,0.228987947,1.13461947,0.155872971,-0.165433392,0.226160303,0.0217331015,0.186126098,0.253893465,0.54661572,-0.199234426,0.0622497499
-0.429691017,-0.0684238151,-0.595055461,-0.191334262,0.109287813,0.0378750339,0.0233755819,0.0974776,-0.159891874,-0.172535002,0.298807263,-0.205716282,0.175623417,0.168622538,1.35254836,0.186403081
0.299516022,0.0211760998,0.29580608,0.442863226,-0.199426889,0.00170734152,0.23275128,0.0275857039,0.330652297,0.250012428,-0.632576168,0.493456155,-0.390732408,0.120165393,0.137007609,-0.140464306
-0.0303453505,-0.14179793,0.022217961,0.0741235539,-0.363961607,-0.0647333264,0.328183651,-0.159937352,0.267213523,-0.337936282,-0.32540229,-0.381606698,0.0782390535,0.550463259,0.238966271,-0.120490901
-0.241829783,0.645533144,0.419070184,-0.384425998,-0.0294870883,-0.254542768,0.46598509,0.409009248,0.00777447969,0.052787587,-0.0679789558,0.950298309,0.318357706,-0.355730981,0.0292239562,0.0565243885
0.166574657,0.333737433,-0.0667913854,-0.0891051739,0.155153483,-0.166998789,0.238461435,0.0499737337,0.0119411834,0.00567020848,0.267963707,-0.231988564,-0.281077743,0.0852949843,-0.187666863,-0.362898827
-0.120093539,0.0710625052,-0.00636219978,0.142182574,0.168904662,0.188579544,-0.162872076,0.273410261,0.0321724042,-0.241338819,-0.185730129,0.305073947,-0.127836764,-0.620472789,-0.113827765,0.209210843
-0.0730390325,-0.194202289,0.0697353482,-0.0876289755,-0.241674915,-0.416811317,-0.0162638426,-0.40487209,-0.0624009669,0.238903552,-0.312511533,-0.187285915,0.0544676334,0.208323419,-0.0738286003,0.175355494
-0.204251498,0.109777763,-0.00839332025,0.267295897,0.234115571,0.0881493241,-0.340439141,-0.30610922,0.318478614,0.0189678092,0.169034436,0.44489786,0.00572621077,0.0999556109,-0.0533586368,-0.214966312
-0.389990151,-0.0508719161,0.095145978,0.335269183,-0.0475428253,0.287113905,-0.0322877318,0.31336394,-0.046199806,0.285971671,-0.345489502,0.192823082,0.335255027,-0.376872987,-0.0465189293,0.199758202
0.349369884,-0.0838779807,-0.355269998,0.0407361016,0.394102663,-1.00492799,0.0782707408,-0.0503595434,-0.635253668,-0.272035182,0.167335615,-0.89512831,0.0793461278,0.15026173,0.0855950788,-0.230675429
0.469638407,-0.214650393,-0.0189691857,-0.0158435069,0.384838879,0.497756124,-0.1203309,0.148351029,0.870757639,-0.626850367,0.647878587,-0.118562341,-0.184564665,0.177270412,0.176322073,0.25136888
-0.19113259,-0.280055404,0.270526946,-0.519812942,-0.0617681295,0.207575083,0.476218611,0.182179004,-0.109301023,0.143625021,0.0642289966,0.106202729,-0.0654360801,0.731704056,-0.313011408,0.0406562686
-0.00887606572,-0.143781692,-0.554574788,0.0819938332,0.21805349,-0.193546057,-0.111790836,-0.367944062,-0.0527062453,0.348972201,0.473320156,0.440445393,0.0908650085,0.135655314,-0.0489335656,-0.207680687
0.249047577,-0.0815727562,0.38503775,-0.383069664,-0.019845318,-0.334939152,0.0485601053,-0.323640466,0.413444132,-0.192062646,-0.106497213,-0.0744327679,-0.327886611,-0.441782326,0.471973896,-0.820121944
-0.0389644131,0.296981454,-0.20976077,-0.134186089,-0.0450971574,0.43674019,0.196091831,0.257238984,-0.00262157619,0.279809296,0.16796881,-0.242785737,0.899217546,0.149514586,0.137051031,0.170040697
0.042054221,0.17171447,0.0581257306,-0.248486429,0.02501514,-0.420008779,-0.12992543,-0.240079865,0.11899814,0.0469959006,0.510523617,-0.0342063606,0.249400973,-0.0927928388,-0.208829954,0.43490985
0.0209925249,0.536211252,-0.283566475,0.124969356,-0.142088234,0.122902907,-0.294010222,0.0877109766,0.370273352,0.585964799,-0.0848401487,-0.030844992,-0.0168385096,-0.477084845,0.0970174223,0.298407167
0.255398095,0.417800903,-0.115125634,-0.354972243,-0.235081702,-0.578945398,-0.428126574,0.241051167,0.140226588,0.638961136,0.00338442437,-0.0838335678,-0.0252154842,-0.00129075348,0.162056208,0.429771125
0.252663672,0.229494333,0.0873440504,0.120136522,-0.535514891,0.440296859,-0.277782321,-0.280481994,-0.31943059,0.508087695,-0.326330692,-0.11406903,-0.511083782,0.312663525,-0.119785488,-0.145768523
0.155047923,0.515075922,0.60645175,-0.0705536157,-0.0647926852,-0.229429901,-0.282448292,0.163890064,-0.385567486,0.0845355764,0.328782558,0.0495481044,0.169465482,0.1525677,-0.335397303,-0.397019207
-0.206099764,-0.216405362,-0.206694067,0.271544874,-0.184661955,-0.0241600648,0.140244514,0.260391682,-0.287751079,-0.352582335,0.118711412,-0.424818546,-0.0383313969,-0.465942591,-0.257612973,0.291914493
0.321145684,0.285288036,0.268854439,0.963067234,-0.405150384,0.177418247,0.0155824721,-0.0678396821,0.0246368125,0.0868628472,-0.129988328,0.169064835,0.133376837,-0.269407958,-0.488035887,0.32974571
-0.0946015194,0.581296444,-0.544812679,0.296522141,0.0639236197,-0.0152680948,0.302971661,0.59564501,0.0675153881,0.0622294843,-0.157981992,-0.413000286,-0.365339935,0.220980808,-0.368992686,0.610123456
-0.171426386,-0.1775603,0.114855722,-0.0516357161,-0.0758046508,-0.220420942,0.0633644909,0.00593202561,-0.00625932589,-0.297236979,0.167415559,-0.215432376,-0.0623993538,0.403872967,-0.25217849,-0.615026593
0.221746162,-0.168313697,-0.270256579,-0.228435695,0.058040116,0.28382048,0.14246355,-0.536253512,0.445937663,-0.129508317,-0.455185384,0.542935789,0.12067315,-0.0404217094,-0.325296462,0.0791816115
-0.171866089,0.504582882,0.123084113,0.478392959,-0.229952857,-0.0827796161,0.39087069,-0.481457949,-0.677914798,-0.0829604566,-0.227106154,-0.314704001,-0.731315434,-0.102405772,9.30423848e-05,0.0775706768
0.0740350485,0.0678079501,-0.294030458,-0.434447616,0.215498522,-0.486581236,0.348092705,0.637794852,0.182764262,0.0906011537,0.442624211,-0.659938097,-0.212712348,-0.330474734,-0.245342299,-0.00711707771
-0.168357998,-0.2911461,0.156634629,0.333154976,0.131849289,0.220109165,-0.0637272224,-0.236816093,-0.230921671,0.107536815,-0.461079717,0.0598597974,0.0479006879,0.263086975,0.283009112,-0.42694819
-0.162353039,0.268664062,0.0431552306,0.228108272,-0.354812682,-0.277522653,0.220080853,0.178447485,0.669975519,0.16482234,0.186097905,-0.0415455587,0.136398956,0.184671432,-0.110293806,0.1218879
0.105586417,0.0786299556,-0.244090214,0.0198930502,0.125852674,0.677459776,-0.0630732477,0.511832654,0.414918512,-0.360192001,0.530645192,-0.525418758,-0.141398787,0.276017636,0.172998413,-0.151911557
-0.351578921,0.662691295,-0.242884636,0.0888872519,-0.271793216,0.375705898,-0.382299721,0.00483712927,0.275238842,0.180816144,0.0709884167,-0.42945531,-0.718861818,0.699015617,0.272876918,-0.0413835309
-0.285881072,0.185319424,0.00687269494,0.090422824,0.102906436,-0.256279945,0.186889008,-0.0116287898,-0.222585618,0.5313133,0.103715874,0.50669235,0.255968302,0.0682590455,-0.737631619,-0.283356667
-0.0654891729,-0.454347759,-0.26673463,0.312357485,0.0346269608,0.241033629,0.334459484,-0.61221391,-0.0772130191,0.090415433,-0.0574069768,0.13741827,0.125979587,0.279987812,-0.00359993428,-0.316560805
-0.296344042,0.36542505,0.315149933,0.77472353,-0.469804347,-0.374738872,-0.375372767,0.233141392,-0.364292234,0.223238856,-0.131673902,-0.39061904,0.00553523377,0.0871929526,-0.365064591,-0.287918925
-0.60603565,0.630325139,0.0747677088,0.312811941,0.858940125,-0.110939801,-0.0316941589,-0.649021149,-0.183592319,0.00410754234,-0.126034439,0.311261505,-0.0591991097,-0.22891812,0.296932161,0.578743696
-0.124207675,0.00159518421,-0.160517648,-0.252091765,0.500078499,0.422851652,0.254915476,-0.113091297,-0.110166058,0.247774571,-0.055270046,0.0154205561,-0.300131738,-0.104403637,-0.350455999,0.363224357
-0.0672007725,-0.389915228,-0.205857903,-0.157322764,0.229865447,-0.330807239,-0.0795238018,0.0094075501,-0.242007673,0.270335287,0.0378716737,-0.312063783,-0.163639292,0.528818846,0.0189756844,0.174728617
0.246935427,-0.713460684,-0.000175900757,-0.211106896,0.444050282,-0.882480621,0.333615184,-0.116928197,-0.000652775168,0.223987892,0.0231664889,-0.309494793,0.77810961,0.270214111,-0.0408948883,0.245912582
-0.0496718325,0.183488414,0.293388993,-0.141959772,-0.0761967301,-0.325432301,0.31935814,-0.26161021,-0.243925363,0.0732410103,-0.592164338,-0.251918972,-0.0587363765,0.110757895,-0.74773705,0.164536193
0.138026819,-0.064967759,-0.180963054,-0.418634951,-0.236228228,0.159615457,-0.143568352,-0.425771415,-0.0462508537,-0.0952097774,0.761283457,-0.124497473,0.210385263,-0.154010251,-0.0466587208,-0.0844473541
-0.0370260179,0.307653308,-0.722299933,-0.155403912,0.490320802,0.102418579,0.0988010764,0.0837077126,-0.0127451718,0.343423277,-0.313197792,0.0457033664,0.177340388,-0.486134648,0.398094773,0.12342155
0.683350444,0.103360064,0.0958115458,-0.189214975,0.562882841,0.0953785628,-0.1505647,0.128310472,0.141348124,0.0736568421,-0.13245219,0.0272643231,0.24056223,-0.05353567,-0.116813049,0.148234963
-0.192874312,0.0126478933,0.206474066,-0.0758535489,-0.235339746,0.408751458,-0.132194102,-0.0910723358,0.882880569,-0.16285713,0.247965157,-0.210172415,0.0720228553,-0.0877753496,0.0123931989,-0.00107023865
-0.203353614,0.185469747,-0.317774266,0.0371913314,0.195595562,0.919270158,0.48486048,-0.248325318,-0.380985081,0.16758354,0.322969735,0.321514815,0.0643314794,0.577757597,0.077433683,-0.657035649
0.129386738,0.0955495164,0.0590587221,0.196702898,-1.04576182,0.298115194,0.41206187,0.314712435,-0.0508161932,-0.340808511,0.389737397,-0.217862457,0.258984149,-3.55101395,0.182814494,-0.0237359889
0.118599355,0.575193882,-0.504010618,0.323802948,0.196949571,0.0447540656,-0.359168082,-0.179993659,-0.0394023359,0.041657947,-0.341122687,0.0312830359,0.324208528,0.0795985013,-0.0775682926,-0.031221956
0.373385251,0.350317955,-0.39847821,0.061073713,0.106250301,0.181718498,0.604811549,0.127810508,-0.328112513,-0.0826176852,0.13789244,-0.448364884,0.111621596,0.0354124121,0.538973272,0.205616176
0.210003763,0.368153453,0.0893897563,-0.219478458,-0.404591471,-0.257935941,0.197845489,-0.899906218,0.321540147,-0.218230784,0.176692858,0.305316865,-0.217183456,0.25126043,-0.331916869,0.19853285
-0.0615853779,-0.189061001,0.142891571,0.232729614,0.254331887,0.0244286507,-0.173532948,0.460940152,0.0718907788,-0.0865618959,-0.330016911,-0.353315055,-0.498347223,0.161376759,-0.0317205861,0.133994535
0.0195737835,0.180503964,0.00211904198,-0.160126299,0.400784731,0.262549907,-0.280771703,0.0629657656,0.285942882,-0.21883902,0.00223948061,0.00924818963,-0.29567048,-0.190247089,0.496388078,0.477156997
0.664536238,-0.112823203,0.138814017,0.575595617,-0.0374614559,0.353474855,-0.691870213,-0.321413755,-0.423275739,0.175931364,0.393051535,-0.373660892,-0.633585811,-0.24948664,-0.16980952,0.102574512
0.269516975,-0.00349269435,0.019892469,-0.0534367412,-0.489051104,0.0406715125,-0.0627468899,0.192707643,0.304136395,-0.296605378,0.00748115778,0.295255542,-0.38808161,0.144152746,-0.4282341,0.273890853
STEP=0 CP=LAYER_RESIDUAL COUNT=1536 MIN=-4.10682154 MAX=4.10313511 MEAN=0.00587741652 L2=17.9089611 FIRST8=-1.36093831,-0.474057317,0.29427588,-0.270520568,-0.349784404,0.0835951492,0.568844438,0.196998522 HASH=e4069c01ccf71d7f
STEP=0 CP=LAYER_0_LAYER_RESIDUAL COUNT=1536 MIN=-4.10682154 MAX=4.10313511 MEAN=0.00587741652 L2=17.9089611 FIRST8=-1.36093831,-0.474057317,0.29427588,-0.270520568,-0.349784404,0.0835951492,0.568844438,0.196998522 HASH=e4069c01ccf71d7f
STEP=0 VEC=LAYER_0_LAYER_RESIDUAL N=1536
-1.36093831,-0.474057317,0.29427588,-0.270520568,-0.349784404,0.0835951492,0.568844438,0.196998522,0.191598535,-0.157521933,-0.242687389,-0.147436321,-0.528696597,0.231291801,-0.167114615,0.0225069746
0.203014374,-0.660336494,-0.560614645,-1.14894295,-0.357329786,0.549329638,0.427325159,-0.2772609,-0.590317547,-0.620566726,0.0999414399,-0.256904602,-0.621477604,0.538239956,0.333817244,0.261561215
-0.317954659,-0.835689425,-0.100043476,-0.0308919698,0.0838178992,0.131858766,0.0505921543,-0.212635383,-0.190902576,0.297964603,-0.118384913,-0.200871706,-0.159076124,-0.205704793,-0.204435125,-0.344565213
0.244100481,0.0596082211,-0.264256984,0.732525408,-0.128105476,0.382507235,-0.0385268442,0.117755361,-0.589549303,-0.67924428,-0.103834659,0.580307484,-0.165393263,0.269804984,0.248270765,0.0482035428
-0.0323413983,0.243810296,0.211605623,0.742055655,-0.241609469,0.0858051404,-0.0564653873,-0.269039243,-1.19138622,0.480840057,-0.00687485933,0.261654913,0.148985565,-0.29907167,0.656915843,-0.10588561
-0.0641380548,-0.366174102,0.0462029725,0.369034588,0.10435275,-0.886850357,-0.0377339795,-0.345361799,-0.197210431,0.0264949463,0.163200945,-0.519087493,0.747060061,-0.416481763,0.188577428,0.015221823
-0.295746028,-1.10039878,0.0266225338,-0.749482989,0.313335657,-0.294297218,-0.398412406,-0.0907973945,0.253560901,-0.0424358398,-0.55114156,-0.41814208,0.37017262,0.165141702,-0.431918412,0.280649692
-0.600451589,-0.0021167174,-0.0488251187,-0.134061545,-0.0318621844,-0.0435743369,-0.38353622,-0.81349659,0.624690652,-0.0305605009,0.464133024,0.620590925,-0.0163891762,-0.111973256,-0.0677890331,0.602737963
0.10217087,0.580520928,0.614841104,0.281485885,0.0834762901,-0.0838054419,0.392523408,-0.0691740811,0.18757461,-0.00767251104,0.125024796,-0.11594712,0.562040806,-0.0707220212,-0.0447179824,0.0497605801
-0.0501449481,-0.307671815,0.095911026,1.01144588,-0.047783792,-0.0429442078,-0.434489369,0.0740614161,0.110914409,-0.572065175,-0.0372028202,-0.201833233,-0.0172867775,0.253195375,-0.0510675386,0.17500791
-0.0637159646,-0.649385452,-0.822279096,-0.72559154,-0.517826378,-0.00310990959,-0.176071256,-0.479105473,-0.178064734,-0.0310003757,-0.260894567,-0.456025332,0.25233674,-0.188637733,0.234677911,-0.344228655
0.000335328281,0.393339813,0.4792656,0.630930424,-0.333187938,0.191113085,-0.057294786,0.118800603,0.4706541,0.490311623,-0.293715477,0.0713778213,0.609170198,-0.083205618,0.195337147,0.494942963
0.0792110711,0.547667623,0.349288285,-0.0920096189,-0.0676143095,0.127221942,0.0732654184,-0.362563491,-0.637203813,0.452047557,-0.124280125,-0.0604934543,0.252754867,0.0856497213,-0.534366488,0.131653041
0.137389392,0.186201632,-0.369726896,0.418569237,-1.43806934,-0.166693538,0.309301466,0.503481269,-0.257852435,-0.0264168084,-0.0219896305,-0.292227536,0.0349202342,0.109802276,0.168183595,-1.40932715
0.831925154,0.835626006,0.19863303,0.530923665,-0.342751503,-0.416745514,0.170106664,0.369853079,-0.433145553,-0.311641157,-0.445739776,-0.677880883,0.111720316,0.0578749962,-0.035278663,0.830149174
-0.412911832,-0.292530417,-0.134968936,0.331951261,0.140949383,-0.423090965,0.402022183,0.0903767273,-0.385996997,0.252679914,0.642897785,1.47945297,0.0419093817,-0.0639078766,0.424427629,0.443444669
0.0587164275,-1.01612926,-0.0184953064,-0.816733062,0.0912555531,-0.224992916,0.488501728,-0.185725898,0.111092731,-0.0296992064,0.127760008,-0.039018102,-0.303949654,-0.510952592,-0.280365288,-0.193988234
0.13035515,-0.394644141,-0.610398293,-0.458488047,-0.719799638,-0.278783679,-0.949325919,-0.0530505478,0.0879893452,0.0332932957,-0.0496016741,-0.289708734,-0.0748367012,0.984694242,0.0159875602,0.331080467
-0.0708360076,-0.242839396,-0.0643652827,-0.0466073044,-0.544447899,0.154621303,-0.21939075,0.354593575,0.599233985,-0.035078682,0.00369869918,0.48428297,0.425536752,-0.911802053,-0.150691152,1.44113636
0.373790622,-0.48024562,-0.0329714417,-0.4113383,0.642692327,-1.01191831,0.039389357,-0.311628103,0.449739426,-0.422836304,0.282145292,-0.174621388,0.686278641,0.0790335536,0.991280854,1.45497513
-0.212406307,-0.399180412,-0.160249591,0.191837505,0.55937624,-0.17570591,-0.43538034,-0.735456705,0.325870872,0.253013819,0.72712791,-0.168870166,-0.436571956,-0.122151285,-0.143212155,0.97323525
-0.165941656,-0.0379255414,-0.0141566284,-0.130949467,0.0440765694,-0.470088005,0.348742932,-0.128383353,-0.229956955,-0.0988757014,-0.485168666,0.0833443552,0.720191121,0.196421146,-0.0481629595,-1.44454789
-0.490148544,-0.0969680697,0.273076653,-0.216026083,0.0957053676,0.13691625,-0.12720558,-0.787957251,0.527061403,-0.024686262,-0.166481867,0.592235804,0.790087342,-0.130856037,-0.150837064,-0.212059215
0.521054685,0.078687869,0.201423347,0.196324214,-0.241394639,0.0724728703,0.0833052248,0.410908043,-0.0655325055,0.0767207742,0.560459733,0.342230022,0.409547627,0.0290219486,-0.166181639,-0.108936183
0.753642976,0.527421117,-0.640835881,0.625208318,-0.21779862,0.290429085,0.452528417,-0.318621844,0.0231664106,0.108113073,-0.116830856,1.58979416,0.037331447,0.347217262,-0.197207853,0.390923232
-0.0697888136,-0.187199131,-0.915708542,-0.216745526,-0.60465163,-0.337728858,0.333946228,-0.159517303,-1.10756803,-1.20240843,0.392993808,0.905887246,0.0843139961,-0.466051579,0.26811713,-0.280372798
0.0780005306,-0.363935649,0.316346794,-0.0792154521,0.222096294,-0.103786267,-0.24289304,0.2946316,0.167475328,0.108294219,0.180254132,0.507047415,0.105478346,-0.126021191,0.252917469,0.198531523
0.0262535848,-0.0983787104,-0.619373322,-0.642878175,0.701382041,-0.0679637939,-0.736132324,0.306235701,-0.154645607,-0.271581888,-0.896607697,0.777889073,0.128874421,0.155130103,1.57094157,-0.18095018
-0.239216655,-0.226906091,-0.159493804,-0.0655431747,-0.394563347,-0.0280054398,-0.502238989,-0.276293606,0.113577157,0.0666870177,1.02706301,-0.219267935,-0.0449693501,-0.205391333,-0.371231496,0.247441992
-0.344783783,-0.826240182,-0.929792285,0.751361012,0.338438481,0.0860529393,0.580334008,-0.643533111,-0.422583729,-0.00962448865,-0.0338425338,0.253203899,0.481289506,-0.586663842,0.235968828,-0.473655671
0.331834376,-0.230234832,0.116510049,0.30689764,-0.508522451,0.016936332,-0.197837085,-0.502601862,0.0306074992,-0.179892138,0.319445521,0.439400971,0.272047877,-0.82774049,0.148593083,0.0281060711
-0.194038391,0.0637779012,0.209616184,1.4141531,0.918152094,0.0505488068,-0.199937239,0.29574424,-0.427879393,0.14023602,-0.328108639,0.320638895,-0.213325575,0.181411117,0.0304221436,-0.172532201
-0.500627577,-0.344320357,0.740719795,-0.225694135,-0.260685056,0.103831552,-0.723213553,-0.227952242,0.868501246,0.236546531,-0.106030531,0.364098102,0.193179399,0.310941428,-0.12543495,-0.142015964
0.35902828,-0.0574829094,0.0549012795,0.60625422,-0.136625379,0.367891192,0.0994484127,0.246459991,-0.264027327,-0.0893081576,0.165646091,-1.24815345,-0.210707977,0.168678492,-0.307477474,-0.192259893
0.540056884,-0.700630307,0.684052527,0.103689022,-0.30621779,-0.127687931,-0.576413929,-0.1975054,-0.186432242,1.25140953,-0.275798798,0.0914556161,-0.000958230346,0.0901891887,-0.435270786,0.986047685
-0.0535939448,-0.187398255,0.577905118,0.0254216865,0.17924732,-0.285361797,1.05100775,0.262421191,-0.636094809,-0.000820491463,-0.696765184,0.0788986906,-0.277134478,1.15400243,-0.659137011,0.135596648
-0.26199466,0.453873783,1.11505306,-0.366584122,-0.0822862089,0.14859812,0.506838024,0.556500554,0.245435536,0.0708634853,-0.635678053,-0.582740724,-0.0615596473,1.12420905,0.165715843,0.401486486
0.129003704,0.526206672,-0.38148129,-0.17618753,0.0996385142,0.448385119,0.087117359,-0.221886694,0.368352354,-0.327456504,0.30691123,0.822590351,0.573159158,0.383774787,0.646822333,0.262146652
0.255889952,4.10313511,0.103139408,0.0401924029,0.0436450243,-0.778433025,0.245509475,0.464932233,-0.273620456,0.235420406,-0.498562932,0.380810499,-0.812036097,-0.0736976564,-0.268833637,0.119514301
-0.198424906,-0.148167491,-0.0329672657,0.127922118,-0.386355996,-0.427476525,-0.552949965,-0.14135544,-1.24105859,0.319003999,-0.514453232,0.0692872703,-0.263178498,-0.486201108,-0.164001539,-0.64571166
0.0486421287,-0.608302772,-0.067268081,0.0588343143,1.61669552,0.19280085,-0.0974415392,0.25275287,0.470810086,-0.560384035,-0.384301335,-0.217002988,-0.387489527,-0.417344362,0.536608458,-0.454902411
-0.273450613,0.0371796675,0.364334673,0.328885108,-0.556815147,1.44751835,0.0550242513,-0.0336372107,-0.491999209,-0.137918919,-0.134624153,0.730152249,0.202468157,0.0874715224,-0.037826933,-0.368869275
-0.245357856,-0.247494712,0.116031267,0.215415865,0.790422082,-0.207727596,0.225180238,-0.87814784,-0.426879555,-0.183140948,0.142606378,0.33182022,-0.359038204,-0.360488057,-0.376535177,-0.0265671313
0.121272296,-0.339707643,0.463097572,-0.0900678635,0.800089359,0.25019896,1.33004284,0.168677986,-0.509198964,0.222712189,-0.0207535885,0.147506207,0.224100858,0.383807957,-0.203010559,-0.0142966956
-0.624369502,0.00752704591,-0.29929322,-0.143268347,0.114215977,0.214488685,0.953950465,-0.202210143,-0.171797305,0.080219835,0.59083426,-0.135439441,0.0185747296,0.0617094263,2.48378849,0.1788591
0.470110267,0.739281058,0.22931543,0.933840394,-0.231737137,0.131283522,0.259408414,-0.0725081414,0.381613642,0.254461497,-1.12802672,0.410818756,-0.304478407,0.379706144,0.193415463,-0.572707117
0.0380668268,-0.0890332535,-0.15620856,0.0562586337,-0.181882977,-0.169609457,0.598912597,-0.157329112,0.271480978,-0.396480083,-0.36909014,-0.237871543,0.0583108477,0.536754966,0.571199417,-0.0716988444
-0.0925180167,0.756034672,0.224717066,-0.386810899,0.0904498175,-0.562886119,0.561949253,0.735850394,0.0201026686,-0.265987754,-0.238856077,0.762038946,0.292958975,-0.415612549,0.00655386038,0.15285933
0.20014438,0.192103222,-0.601485252,0.0319538116,0.138980046,-0.577685297,0.386055619,0.526454926,-0.239321813,-0.758767545,0.220476657,-0.350153923,-0.870059669,0.100997068,0.028002888,-0.51145494
-0.287440687,-0.0211152658,-0.0422661863,0.61587131,0.235695899,0.357835174,-0.0742938668,0.264748335,-0.00905551016,-0.272309452,-0.182376921,0.279885381,-0.455083668,-1.07325745,0.0607727319,0.236826569
-0.0696394965,-0.119774036,0.184978336,-0.0300456583,-0.366101593,-0.463048398,-0.270950019,-0.35546568,0.140195146,0.415040225,-0.256597608,-0.479750395,0.0588009246,0.835952342,0.137782723,0.0403398275
-0.309986532,0.195760816,0.0152410837,0.21295698,0.104428172,0.183140039,-0.265487731,-0.26443994,0.384982675,-0.132779032,0.0663988665,0.543722868,-0.0798810795,-0.331318438,-0.144508898,-0.335120201
-0.558608234,-0.42575714,-0.0114057288,0.410827518,-0.128805518,0.0742353797,0.0869943649,0.204363033,0.0742762163,0.353738874,-0.110410497,0.312798798,0.331731826,-0.522076011,0.0657491609,0.0872419178
0.296443194,0.353378415,-0.363699615,-0.109057941,0.409490228,-1.2217443,0.0172150657,-0.0508441851,-0.266729504,-0.310708344,0.294841766,-0.932760656,0.139937192,0.138400614,0.118032992,-0.360251486
0.772527814,-0.104051992,0.0910395384,-0.147108302,0.421178043,0.500213444,0.0436702818,0.354439884,0.760724425,-0.650489092,0.632686079,0.075294897,-0.112085722,0.216484368,-0.00687670708,0.290364176
-1.15677619,-0.235532805,0.30973348,-0.470754564,-0.094787091,0.339754999,0.573551714,0.100227974,-0.146979421,0.0733632743,0.467148721,0.111028872,0.0662828237,1.64412332,-0.117135137,0.0496861115
-0.0923174471,-0.174593091,-0.689201951,0.0929546803,0.340449631,-0.217318729,-0.099017404,-0.356637955,-0.293036968,0.480934322,0.338402092,0.435077816,0.206154346,0.0313364565,-0.13737604,-0.115459599
0.305880189,-0.140564859,-0.245546311,-0.267337859,0.0244573168,-0.707649231,-0.0692612305,-0.402108759,0.585727334,-0.155147955,-0.188570589,-0.0849362984,0.0379217565,-0.308371633,0.577923179,-0.523387671
-0.0830601901,0.340279847,-0.133817971,-0.190750435,0.0824681967,0.365801215,0.208316803,0.250706792,-0.206305176,0.366088808,0.80638206,-0.324737787,1.06296325,0.205737799,0.13928768,0.399299443
0.143047333,0.148396641,-0.0448093303,-0.157214373,0.0249919966,-0.307392836,0.011946395,0.0929607302,0.105123892,-0.0700314119,0.603119195,-0.0396914557,0.288343966,0.0440237522,-0.651035845,0.308480203
-0.0145394579,0.56326431,-0.218614578,0.170965269,-0.104688019,0.244923472,-0.259085834,0.171237797,0.399537116,1.35082841,-0.00159484893,-0.0373150781,-0.0347880721,-0.444746375,0.00452303141,0.277074814
0.366988868,0.483829916,-0.211272433,-0.334932387,-0.598455191,-0.568536997,-0.47754699,0.221613646,0.0119053572,0.726563871,0.00454135053,0.0535133854,-0.0110999905,0.528817594,0.217295304,0.137935936
0.358833313,0.362471342,-0.0767268986,0.0829408392,-0.283065259,0.482744128,-0.200262994,-0.0978890359,-0.332732141,0.457080543,-0.465391099,-0.318081409,-0.548453212,0.207632691,-0.132125869,-0.392644137
0.133021817,0.501357913,0.398797631,-0.0446436293,-0.0724502876,-0.247747734,-0.50266999,0.180869877,-0.28416115,0.305746794,0.489617854,-0.15044485,0.313470066,0.118291676,-0.290185094,-0.0723924041
-0.15071407,-0.188908756,-0.213689566,0.192797586,-0.666100621,0.0656234175,0.555001259,0.273223221,-0.436987549,-0.327257603,0.111652814,-0.383741498,-0.00282014534,-0.381587863,-0.203448176,0.412665397
0.367092848,0.312614113,0.244163439,0.9172104,-0.561884999,0.171647668,-0.122135043,-0.0333282053,0.0481240302,0.171748534,-0.187331647,0.330717862,0.0123150796,-0.272076935,-0.496260732,0.287559986
-0.0811644644,0.422920108,-0.510564029,0.100152418,0.0625230446,-0.234474063,-0.0111548603,0.633552969,0.356452227,0.0256122909,-0.0780892968,-0.364705294,-0.49751249,0.178016394,-0.420454234,0.599931896
-0.27613005,0.0186775029,0.0286374241,-0.111635283,0.0431201756,-0.188831463,0.142777681,0.0293428786,-0.0668443665,-0.701174259,0.0780031458,-0.276341558,-0.187857896,0.237609252,-0.183989093,-1.1256038
0.154817313,-0.248159677,-0.161490262,-0.222541556,0.0349397361,0.863772035,0.227704659,-0.520036042,0.288599133,-0.218564719,-1.45519674,0.205377162,0.116835818,0.415356815,-0.487932384,0.308877409
-0.106598899,0.640530825,0.168002397,0.538520277,-0.338549495,-0.122052729,0.31624496,-0.357881784,-1.13378382,-0.0830281004,-0.0683881938,-0.24297747,-0.811404824,0.133625805,0.378278643,0.151548147
0.0830379948,-0.030706577,-0.289173603,-0.184579134,0.339963317,-0.92905432,0.172860399,0.893089712,-0.0428328514,0.300251544,0.42975834,-0.521797955,-0.366870701,-0.364576727,-0.265710354,0.0147533529
-0.0427597463,-0.360798597,0.137808517,0.82341212,0.133237734,0.207662433,-0.0439036414,-0.319668114,-0.268714279,0.118862651,-0.523741961,0.0784254819,0.442868114,0.289994925,0.20690909,-0.528417885
-0.106526978,0.441733897,0.0685834512,1.10972703,-0.26245445,-0.734928906,0.274696559,0.190512121,1.51969504,0.749180317,0.061599955,-0.0264426656,0.235837638,-0.169160306,0.0146517605,0.189477324
0.0630247444,-0.177427903,-0.161465153,0.0713201761,0.199330688,-0.52258724,0.162224934,0.49701345,0.370742887,-0.312005401,0.417614162,-0.645035505,-0.23769924,0.300444305,0.186149508,-0.195745945
-0.311200291,0.669070244,-0.183483094,-0.0365088806,-0.26062268,0.368545234,-0.316574305,0.0652837753,0.346163392,0.349538863,-0.0674957484,-0.386669904,-0.997467101,1.32991552,0.408587217,-0.0180049948
-0.490503132,0.129109144,0.00459754141,0.12350063,0.137893185,-0.313407242,0.143732637,-0.0326060951,-0.108660713,0.344468802,0.0371258184,0.533640742,0.15159516,-0.171622932,-1.16389465,-0.688155949
0.207374305,-0.387572676,-0.203081876,0.708397388,-0.0231166519,0.508242905,0.213528126,-0.781713724,0.389078736,0.492109001,-0.203634888,-0.0479517579,0.101681978,0.673385143,-0.229953408,-0.260269284
0.108551592,0.193864599,0.37522319,1.26129997,-0.521863043,-0.391635805,-0.174503759,0.206139594,-0.317938924,0.113387808,0.00298137963,-0.784168124,-0.0200443212,-0.024593614,-0.469177365,-0.289635032
-0.663739562,0.547542572,0.029754173,0.0601888001,1.03777885,-0.226178885,-0.154400229,-0.388650775,-0.320928991,-0.168841243,-0.212681949,0.229812175,-0.15404354,-0.359970659,0.381172329,0.526073635
-0.200820327,0.00121375732,-0.591506898,-0.364732683,0.28507182,0.477833748,0.265419364,-0.166775554,-0.102434389,0.406768054,-0.0904368535,0.0570416525,-0.364995539,0.0796278492,-0.479896963,0.440822423
-0.0211489722,-0.330036312,0.0356900096,-0.229639918,0.194058374,-0.490307927,-0.931690693,-0.157549605,-0.262371391,0.326614976,0.0328091234,-0.525562882,-0.362312436,0.624185681,-0.0847108886,0.223006934
0.249682367,-0.807800889,0.136069357,-0.536522269,0.398045272,-1.51444697,0.244515598,-0.779637754,0.0864985585,0.236297116,-0.0974665731,-0.353250951,1.18509853,0.360864997,-0.152878791,0.233782053
-0.0639557466,0.0620463639,0.25886488,-0.197546601,-0.170820832,-0.211624488,0.234937251,-0.0904767066,-0.1371198,0.0742743537,-0.456789643,-0.124988839,-0.176736116,0.0846054554,-1.47848916,0.0825598687
0.0603115708,0.0198275745,-0.310215175,-0.226597145,-0.178446442,0.0692293569,-0.222154379,-0.310799062,-0.0147917904,-0.165827066,0.589473009,-0.254488945,1.0689317,-0.0861367136,-0.345816642,-0.281480312
-0.100990199,0.382775128,-0.673198819,-0.208122224,0.502510369,0.0844318867,0.312340498,0.212807924,0.106000893,0.273377925,-0.294140726,0.0379259735,0.214588761,-0.161836773,1.15802217,0.108604781
0.780343473,0.209162772,0.118787766,-0.169335589,0.637008011,0.00825980306,-0.233184576,0.302738249,0.031409137,0.202687085,-0.142969608,0.206512764,0.141715154,-0.0428900197,-0.116350695,0.258758366
-0.177956492,0.357777178,0.176010191,-0.059133295,-0.248170197,0.704783559,-0.0866762623,-0.470164537,0.844505489,-0.262266368,0.346408814,-0.0558433086,-1.068923,-0.196045816,0.150743723,-0.293704033
-0.192286685,0.362410456,-0.331411481,-0.122004867,0.0152406842,0.892228186,0.400769114,-0.392461687,-0.862359881,0.502292454,0.395555615,0.419999242,-0.148499966,0.477417052,0.0322827697,-0.742840111
-0.0190238357,0.033699628,-0.131087437,0.226312533,-1.19677138,0.386276364,0.879892886,0.661367714,-0.0197278429,-0.250325084,0.378727049,-0.17777884,0.098177135,-4.10682154,0.667160034,-0.0143730398
0.249094158,0.71947974,-0.585059524,0.334840685,0.209851265,0.0371126644,-0.264502227,-0.325570941,-0.0574526489,0.205682665,-1.54977822,0.466182351,0.553600311,0.0257367864,-0.135792866,-0.00556796975
1.64510393,0.217679963,-0.551060855,-0.122098468,0.0602301769,0.16839245,0.630095243,0.0903270394,-0.213847995,-0.168171853,0.0626603216,-0.444632649,0.260168642,0.0155824665,0.520820379,0.102411896
0.227412626,0.650404453,0.0322102495,-0.407487392,-0.359187394,-0.319446236,0.0312539637,-0.888888359,0.301849753,-0.113184482,0.229581624,0.217006356,-0.565008819,0.21810922,-0.34885779,0.175391927
-0.156093583,-0.038021788,0.0619955584,1.36172175,0.249510214,-0.286998749,-0.207274571,0.576669276,0.153385013,-0.165053934,-0.426796913,-0.486928731,-0.898176432,0.188886642,0.0351619124,0.125631452
0.0246496256,0.256194621,0.104078606,-0.281358302,0.451917827,0.246181831,-0.194846988,-0.0902992487,0.311423063,-0.171028391,-0.167397752,-0.360034943,-0.19926998,-0.250221074,0.352987766,0.437993795
0.589791477,0.00278533995,0.118901893,0.57889992,-0.106892347,0.251784742,-0.772480845,-0.518423259,-0.492064655,0.239301637,0.369956285,-0.488251925,-0.49873361,-0.339626402,-0.135114759,0.110827327
0.247827291,0.0735141933,0.602891326,-0.173438534,-0.525590777,-0.0589736402,-0.0302429125,0.295174003,0.294916123,-0.0945170075,0.0159768984,0.286695004,-0.457343459,0.170357183,-0.427439153,0.0707483888
STEP=0 CP=LAYER_1_ATTN_NORM COUNT=1536 MIN=-3.56605244 MAX=3.2819736 MEAN=0.00879583418 L2=15.5729212 FIRST8=-0.738748014,-0.551129878,0.294323355,-0.230095208,-1.05251265,0.062885128,0.508152425,-0.200398341 HASH=5d6abb7817316531
STEP=0 CP=LAYER_1_Q COUNT=1536 MIN=-12.2220974 MAX=10.4139433 MEAN=0.0307216234 L2=48.5767722 FIRST8=-0.0599311888,0.356236398,-2.76519608,-1.60249984,-0.684385061,0.75147146,-2.06518698,-1.12570632 HASH=2150ffeb56984c96
STEP=0 CP=LAYER_1_K COUNT=256 MIN=-61.3676033 MAX=111.636765 MEAN=0.75351294 L2=173.000608 FIRST8=-4.14548254,-1.71521878,2.62436652,1.4472003,1.73273921,-1.9674468,-0.0841502249,1.53763545 HASH=505a335e510002f4
STEP=0 CP=LAYER_1_V COUNT=256 MIN=-1.76901519 MAX=0.912039757 MEAN=0.00733613805 L2=4.95680621 FIRST8=-0.940639496,-0.0913747251,0.0283692256,-0.283541322,-0.144641787,0.307958305,-0.091415301,-0.160977975 HASH=999059412ad98a76
STEP=0 CP=LAYER_1_Q_ROPE COUNT=1536 MIN=-12.2220974 MAX=10.4139433 MEAN=0.0307216234 L2=48.5767722 FIRST8=-0.0599311888,0.356236398,-2.76519608,-1.60249984,-0.684385061,0.75147146,-2.06518698,-1.12570632 HASH=2150ffeb56984c96
STEP=0 CP=LAYER_1_K_ROPE COUNT=256 MIN=-61.3676033 MAX=111.636765 MEAN=0.75351294 L2=173.000608 FIRST8=-4.14548254,-1.71521878,2.62436652,1.4472003,1.73273921,-1.9674468,-0.0841502249,1.53763545 HASH=505a335e510002f4
STEP=0 CP=KV_WRITE LAYER=1 COUNT=256 K_MIN=-61.3676033 K_MAX=111.636765 K_MEAN=0.75351294 K_L2=173.000608 K_HASH=505a335e510002f4 V_MIN=-1.76901519 V_MAX=0.912039757 V_MEAN=0.00733613805 V_L2=4.95680621 V_HASH=999059412ad98a76
STEP=0 CP=LAYER_1_ATTN_SCORES COUNT=1 MIN=42.7449341 MAX=42.7449341 MEAN=42.7449341 L2=42.7449341 FIRST8=42.7449341,0,0,0,0,0,0,0 HASH=1cbd1114d82f7ce1
STEP=0 CP=LAYER_1_ATTN_PROBS COUNT=1 MIN=1 MAX=1 MEAN=1 L2=1 FIRST8=1,0,0,0,0,0,0,0 HASH=2fa183a08531045a
STEP=0 CP=LAYER_1_ATTN_SCORES COUNT=1 MIN=45.0081711 MAX=45.0081711 MEAN=45.0081711 L2=45.0081711 FIRST8=45.0081711,0,0,0,0,0,0,0 HASH=b4101f8efc30b68b
STEP=0 CP=LAYER_1_ATTN_PROBS COUNT=1 MIN=1 MAX=1 MEAN=1 L2=1 FIRST8=1,0,0,0,0,0,0,0 HASH=2fa183a08531045a
STEP=0 CP=LAYER_1_ATTN_SCORES COUNT=1 MIN=114.895851 MAX=114.895851 MEAN=114.895851 L2=114.895851 FIRST8=114.895851,0,0,0,0,0,0,0 HASH=3a6195df62b34c67
STEP=0 CP=LAYER_1_ATTN_PROBS COUNT=1 MIN=1 MAX=1 MEAN=1 L2=1 FIRST8=1,0,0,0,0,0,0,0 HASH=2fa183a08531045a
STEP=0 CP=LAYER_1_ATTN_SCORES COUNT=1 MIN=96.6693192 MAX=96.6693192 MEAN=96.6693192 L2=96.6693192 FIRST8=96.6693192,0,0,0,0,0,0,0 HASH=a78ba9fb978ae7a3
STEP=0 CP=LAYER_1_ATTN_PROBS COUNT=1 MIN=1 MAX=1 MEAN=1 L2=1 FIRST8=1,0,0,0,0,0,0,0 HASH=2fa183a08531045a
STEP=0 CP=LAYER_1_ATTN_SCORES COUNT=1 MIN=99.4062042 MAX=99.4062042 MEAN=99.4062042 L2=99.4062042 FIRST8=99.4062042,0,0,0,0,0,0,0 HASH=89a7e34bcb723164
STEP=0 CP=LAYER_1_ATTN_PROBS COUNT=1 MIN=1 MAX=1 MEAN=1 L2=1 FIRST8=1,0,0,0,0,0,0,0 HASH=2fa183a08531045a
STEP=0 CP=LAYER_1_ATTN_SCORES COUNT=1 MIN=106.065102 MAX=106.065102 MEAN=106.065102 L2=106.065102 FIRST8=106.065102,0,0,0,0,0,0,0 HASH=02119e53e11a9d2f
STEP=0 CP=LAYER_1_ATTN_PROBS COUNT=1 MIN=1 MAX=1 MEAN=1 L2=1 FIRST8=1,0,0,0,0,0,0,0 HASH=2fa183a08531045a
STEP=0 CP=LAYER_1_ATTN_SCORES COUNT=1 MIN=7.45413589 MAX=7.45413589 MEAN=7.45413589 L2=7.45413589 FIRST8=7.45413589,0,0,0,0,0,0,0 HASH=1fe19cf67891b4fd
STEP=0 CP=LAYER_1_ATTN_PROBS COUNT=1 MIN=1 MAX=1 MEAN=1 L2=1 FIRST8=1,0,0,0,0,0,0,0 HASH=2fa183a08531045a
STEP=0 CP=LAYER_1_ATTN_SCORES COUNT=1 MIN=8.02900505 MAX=8.02900505 MEAN=8.02900505 L2=8.02900505 FIRST8=8.02900505,0,0,0,0,0,0,0 HASH=9eb3c9dd4e5c4418
STEP=0 CP=LAYER_1_ATTN_PROBS COUNT=1 MIN=1 MAX=1 MEAN=1 L2=1 FIRST8=1,0,0,0,0,0,0,0 HASH=2fa183a08531045a
STEP=0 CP=LAYER_1_ATTN_SCORES COUNT=1 MIN=-0.157909185 MAX=-0.157909185 MEAN=-0.157909185 L2=0.157909185 FIRST8=-0.157909185,0,0,0,0,0,0,0 HASH=d54fd40dcce4b7a8
STEP=0 CP=LAYER_1_ATTN_PROBS COUNT=1 MIN=1 MAX=1 MEAN=1 L2=1 FIRST8=1,0,0,0,0,0,0,0 HASH=2fa183a08531045a
STEP=0 CP=LAYER_1_ATTN_SCORES COUNT=1 MIN=11.1654949 MAX=11.1654949 MEAN=11.1654949 L2=11.1654949 FIRST8=11.1654949,0,0,0,0,0,0,0 HASH=b158cb66b3a4a507
STEP=0 CP=LAYER_1_ATTN_PROBS COUNT=1 MIN=1 MAX=1 MEAN=1 L2=1 FIRST8=1,0,0,0,0,0,0,0 HASH=2fa183a08531045a
STEP=0 CP=LAYER_1_ATTN_SCORES COUNT=1 MIN=14.1300459 MAX=14.1300459 MEAN=14.1300459 L2=14.1300459 FIRST8=14.1300459,0,0,0,0,0,0,0 HASH=ec9428a9a7c2c449
STEP=0 CP=LAYER_1_ATTN_PROBS COUNT=1 MIN=1 MAX=1 MEAN=1 L2=1 FIRST8=1,0,0,0,0,0,0,0 HASH=2fa183a08531045a
STEP=0 CP=LAYER_1_ATTN_SCORES COUNT=1 MIN=10.1399326 MAX=10.1399326 MEAN=10.1399326 L2=10.1399326 FIRST8=10.1399326,0,0,0,0,0,0,0 HASH=3a2eeddceb31b433
STEP=0 CP=LAYER_1_ATTN_PROBS COUNT=1 MIN=1 MAX=1 MEAN=1 L2=1 FIRST8=1,0,0,0,0,0,0,0 HASH=2fa183a08531045a
STEP=0 CP=LAYER_1_ATTN_VALUE COUNT=1536 MIN=-1.76901519 MAX=0.912039757 MEAN=0.00733613805 L2=12.141646 FIRST8=-0.940639496,-0.0913747251,0.0283692256,-0.283541322,-0.144641787,0.307958305,-0.091415301,-0.160977975 HASH=67165593985f22c3
STEP=0 CP=LAYER_1_O_PROJ COUNT=1536 MIN=-1.07746649 MAX=1.99513471 MEAN=0.0051264444 L2=9.15178752 FIRST8=-0.190932333,-0.0139077026,-0.0959296897,0.0301560573,0.588950753,0.193758637,0.187794089,-0.0937969759 HASH=dbacc04d6f5a85eb
STEP=0 CP=LAYER_1_ATTN_RESIDUAL COUNT=1536 MIN=-3.94147086 MAX=4.12734032 MEAN=0.0110038608 L2=19.941815 FIRST8=-1.55187058,-0.487965018,0.198346198,-0.240364507,0.239166349,0.277353793,0.756638527,0.103201546 HASH=47d8b9adfde21939
STEP=0 CP=LAYER_1_FFN_NORM COUNT=1536 MIN=-27.4185791 MAX=38.1030006 MEAN=0.0516238586 L2=78.836056 FIRST8=-3.0260725,-1.67825055,0.62126112,-0.789776504,0.984135687,0.860212207,2.54420829,0.354939491 HASH=2fd6bc7153aff299
STEP=0 CP=LAYER_1_FFN_GATE COUNT=8960 MIN=-9.25682163 MAX=11.4141798 MEAN=-3.53634863 L2=383.97197 FIRST8=-3.32648253,-3.69991446,-2.37134552,-3.45459819,-4.11122274,-2.84916043,-4.38136959,-5.21987391 HASH=504fd1c1fb9bb9ab
STEP=0 CP=LAYER_1_FFN_UP COUNT=8960 MIN=-87.8241272 MAX=40.5810165 MEAN=0.0364514535 L2=170.612334 FIRST8=-0.401086211,0.589097559,1.21612132,1.63726556,-1.11619186,0.752714932,-0.812520444,-0.905988932 HASH=63f2adae6fa9e027
STEP=0 CP=LAYER_1_SWIGLU COUNT=8960 MIN=-808.707336 MAX=347.058594 MEAN=-0.0288699792 L2=1050.25532 FIRST8=0.0462619662,-0.0525919013,-0.246234119,-0.173257649,0.0739893317,-0.117362961,0.043978557,0.0254377145 HASH=9f8df8506cae18ed
STEP=0 CP=LAYER_1_FFN_DOWN COUNT=1536 MIN=-1171.97375 MAX=704.433044 MEAN=0.102974271 L2=1731.8838 FIRST8=-3.34405446,4.44836426,3.30585814,-7.99628782,-3.57326913,4.67122841,1.81572855,-2.84166336 HASH=20d65eb7a616be37
STEP=0 CP=LAYER_1_LAYER_RESIDUAL COUNT=1536 MIN=-1174.09961 MAX=706.146851 MEAN=0.113978197 L2=1735.73655 FIRST8=-4.89592505,3.96039915,3.50420427,-8.23665237,-3.33410287,4.94858217,2.57236719,-2.73846173 HASH=be9d5f3a250b3376
STEP=0 CP=LAYER_2_ATTN_NORM COUNT=1536 MIN=-18.0188084 MAX=3.65386319 MEAN=-0.0071418121 L2=19.9685385 FIRST8=-0.054409802,0.0771974772,0.0605783351,-0.132219031,-0.0811633393,0.0628514215,0.047872629,-0.0458914861 HASH=69920f2703d32da0
STEP=0 CP=LAYER_2_Q COUNT=1536 MIN=-14.3552237 MAX=9.17880726 MEAN=-0.06761625 L2=50.6112619 FIRST8=-1.15768957,0.84201014,-1.07168233,0.807338476,1.06948209,1.26209307,-0.420755684,-0.488969773 HASH=6b76f6ddd82105a3
STEP=0 CP=LAYER_2_K COUNT=256 MIN=-4.68292999 MAX=9.74587059 MEAN=0.0959020772 L2=19.336989 FIRST8=0.0199461579,-0.0252249241,-0.01642102,0.00362128019,0.011192508,-0.0281368494,0.0190974772,0.00276648998 HASH=603d0269f7b93df4
STEP=0 CP=LAYER_2_V COUNT=256 MIN=-0.230337471 MAX=1.05962157 MEAN=0.00844287479 L2=1.363863 FIRST8=-0.230337471,-0.00707800686,0.0260789245,0.0694336295,-0.00321303308,0.0379520804,-0.012893891,0.03994672 HASH=fb4ea1e7600ad942
STEP=0 CP=LAYER_2_Q_ROPE COUNT=1536 MIN=-14.3552237 MAX=9.17880726 MEAN=-0.06761625 L2=50.6112619 FIRST8=-1.15768957,0.84201014,-1.07168233,0.807338476,1.06948209,1.26209307,-0.420755684,-0.488969773 HASH=6b76f6ddd82105a3
STEP=0 CP=LAYER_2_K_ROPE COUNT=256 MIN=-4.68292999 MAX=9.74587059 MEAN=0.0959020772 L2=19.336989 FIRST8=0.0199461579,-0.0252249241,-0.01642102,0.00362128019,0.011192508,-0.0281368494,0.0190974772,0.00276648998 HASH=603d0269f7b93df4
STEP=0 CP=KV_WRITE LAYER=2 COUNT=256 K_MIN=-4.68292999 K_MAX=9.74587059 K_MEAN=0.0959020772 K_L2=19.336989 K_HASH=603d0269f7b93df4 V_MIN=-0.230337471 V_MAX=1.05962157 V_MEAN=0.00844287479 V_L2=1.363863 V_HASH=fb4ea1e7600ad942
STEP=0 CP=LAYER_2_ATTN_SCORES COUNT=1 MIN=0.392876595 MAX=0.392876595 MEAN=0.392876595 L2=0.392876595 FIRST8=0.392876595,0,0,0,0,0,0,0 HASH=dc5ce0718926a7fa
STEP=0 CP=LAYER_2_ATTN_PROBS COUNT=1 MIN=1 MAX=1 MEAN=1 L2=1 FIRST8=1,0,0,0,0,0,0,0 HASH=2fa183a08531045a
STEP=0 CP=LAYER_2_ATTN_SCORES COUNT=1 MIN=0.45455277 MAX=0.45455277 MEAN=0.45455277 L2=0.45455277 FIRST8=0.45455277,0,0,0,0,0,0,0 HASH=4c713ccb4c487098
STEP=0 CP=LAYER_2_ATTN_PROBS COUNT=1 MIN=1 MAX=1 MEAN=1 L2=1 FIRST8=1,0,0,0,0,0,0,0 HASH=2fa183a08531045a
STEP=0 CP=LAYER_2_ATTN_SCORES COUNT=1 MIN=0.370573968 MAX=0.370573968 MEAN=0.370573968 L2=0.370573968 FIRST8=0.370573968,0,0,0,0,0,0,0 HASH=127eba5e5e63e33a
STEP=0 CP=LAYER_2_ATTN_PROBS COUNT=1 MIN=1 MAX=1 MEAN=1 L2=1 FIRST8=1,0,0,0,0,0,0,0 HASH=2fa183a08531045a
STEP=0 CP=LAYER_2_ATTN_SCORES COUNT=1 MIN=0.257518768 MAX=0.257518768 MEAN=0.257518768 L2=0.257518768 FIRST8=0.257518768,0,0,0,0,0,0,0 HASH=dc4abf78a0956005
STEP=0 CP=LAYER_2_ATTN_PROBS COUNT=1 MIN=1 MAX=1 MEAN=1 L2=1 FIRST8=1,0,0,0,0,0,0,0 HASH=2fa183a08531045a
STEP=0 CP=LAYER_2_ATTN_SCORES COUNT=1 MIN=0.350218713 MAX=0.350218713 MEAN=0.350218713 L2=0.350218713 FIRST8=0.350218713,0,0,0,0,0,0,0 HASH=a71aa864fb38809d
STEP=0 CP=LAYER_2_ATTN_PROBS COUNT=1 MIN=1 MAX=1 MEAN=1 L2=1 FIRST8=1,0,0,0,0,0,0,0 HASH=2fa183a08531045a
STEP=0 CP=LAYER_2_ATTN_SCORES COUNT=1 MIN=0.442506373 MAX=0.442506373 MEAN=0.442506373 L2=0.442506373 FIRST8=0.442506373,0,0,0,0,0,0,0 HASH=29398a1de157659d
STEP=0 CP=LAYER_2_ATTN_PROBS COUNT=1 MIN=1 MAX=1 MEAN=1 L2=1 FIRST8=1,0,0,0,0,0,0,0 HASH=2fa183a08531045a
STEP=0 CP=LAYER_2_ATTN_SCORES COUNT=1 MIN=4.52142334 MAX=4.52142334 MEAN=4.52142334 L2=4.52142334 FIRST8=4.52142334,0,0,0,0,0,0,0 HASH=85d7d1786faa71e2
STEP=0 CP=LAYER_2_ATTN_PROBS COUNT=1 MIN=1 MAX=1 MEAN=1 L2=1 FIRST8=1,0,0,0,0,0,0,0 HASH=2fa183a08531045a
STEP=0 CP=LAYER_2_ATTN_SCORES COUNT=1 MIN=7.85596132 MAX=7.85596132 MEAN=7.85596132 L2=7.85596132 FIRST8=7.85596132,0,0,0,0,0,0,0 HASH=313238d8f95ca15d
STEP=0 CP=LAYER_2_ATTN_PROBS COUNT=1 MIN=1 MAX=1 MEAN=1 L2=1 FIRST8=1,0,0,0,0,0,0,0 HASH=2fa183a08531045a
STEP=0 CP=LAYER_2_ATTN_SCORES COUNT=1 MIN=8.9535675 MAX=8.9535675 MEAN=8.9535675 L2=8.9535675 FIRST8=8.9535675,0,0,0,0,0,0,0 HASH=5405a31191a3307c
STEP=0 CP=LAYER_2_ATTN_PROBS COUNT=1 MIN=1 MAX=1 MEAN=1 L2=1 FIRST8=1,0,0,0,0,0,0,0 HASH=2fa183a08531045a
STEP=0 CP=LAYER_2_ATTN_SCORES COUNT=1 MIN=6.68603706 MAX=6.68603706 MEAN=6.68603706 L2=6.68603706 FIRST8=6.68603706,0,0,0,0,0,0,0 HASH=2f79ecc2b8482266
STEP=0 CP=LAYER_2_ATTN_PROBS COUNT=1 MIN=1 MAX=1 MEAN=1 L2=1 FIRST8=1,0,0,0,0,0,0,0 HASH=2fa183a08531045a
STEP=0 CP=LAYER_2_ATTN_SCORES COUNT=1 MIN=7.19886303 MAX=7.19886303 MEAN=7.19886303 L2=7.19886303 FIRST8=7.19886303,0,0,0,0,0,0,0 HASH=b3f4ac37ddfa2b10
STEP=0 CP=LAYER_2_ATTN_PROBS COUNT=1 MIN=1 MAX=1 MEAN=1 L2=1 FIRST8=1,0,0,0,0,0,0,0 HASH=2fa183a08531045a
STEP=0 CP=LAYER_2_ATTN_SCORES COUNT=1 MIN=8.24225616 MAX=8.24225616 MEAN=8.24225616 L2=8.24225616 FIRST8=8.24225616,0,0,0,0,0,0,0 HASH=9b7f17f47ab82953
STEP=0 CP=LAYER_2_ATTN_PROBS COUNT=1 MIN=1 MAX=1 MEAN=1 L2=1 FIRST8=1,0,0,0,0,0,0,0 HASH=2fa183a08531045a
STEP=0 CP=LAYER_2_ATTN_VALUE COUNT=1536 MIN=-0.230337471 MAX=1.05962157 MEAN=0.00844287479 L2=3.34076843 FIRST8=-0.230337471,-0.00707800686,0.0260789245,0.0694336295,-0.00321303308,0.0379520804,-0.012893891,0.03994672 HASH=773eb3c162b339eb
STEP=0 CP=LAYER_2_O_PROJ COUNT=1536 MIN=-0.689921677 MAX=0.589842081 MEAN=-0.000283899402 L2=2.29958827 FIRST8=-0.06270428,0.0368280858,-0.0464479104,0.0714285225,0.0409741588,-0.0804135948,-0.013323891,0.0625481308 HASH=bcefe0987a1ffed0
STEP=0 CP=LAYER_2_ATTN_RESIDUAL COUNT=1536 MIN=-1174.04114 MAX=705.960266 MEAN=0.113694309 L2=1735.39576 FIRST8=-4.95862913,3.99722719,3.45775628,-8.16522408,-3.29312873,4.86816835,2.55904341,-2.67591357 HASH=5a62816dc98247ea
STEP=0 CP=LAYER_2_FFN_NORM COUNT=1536 MIN=-136.714432 MAX=60.0363693 MEAN=-0.0607874248 L2=156.134508 FIRST8=-0.126857683,0.131882608,0.10493248,-0.262196332,-0.112138078,0.148593158,0.0830773413,-0.0863993093 HASH=acbaee8e214d0749
STEP=0 CP=LAYER_2_FFN_GATE COUNT=8960 MIN=-7.56061649 MAX=47.0908813 MEAN=-3.3508037 L2=350.430094 FIRST8=-4.11357117,-4.00880146,-1.30394697,-1.2532388,-1.76232171,-4.09621429,-3.10524058,-3.26003814 HASH=3a301ac402c586e3
STEP=0 CP=LAYER_2_FFN_UP COUNT=8960 MIN=-34.812603 MAX=68.6968689 MEAN=-0.0130019608 L2=121.236972 FIRST8=0.891641617,-0.340721309,-1.11123157,-0.202746689,-0.20202674,0.346143156,0.0459016338,-0.249569133 HASH=a3e61044165809c6
STEP=0 CP=LAYER_2_SWIGLU COUNT=8960 MIN=-1458.65222 MAX=3234.99609 MEAN=0.144755388 L2=3667.96253 FIRST8=-0.0590017773,0.0243556388,0.309360921,0.0564435497,0.05215922,-0.0232011676,-0.00611358136,0.0300772246 HASH=f68546709026473b
STEP=0 CP=LAYER_2_FFN_DOWN COUNT=1536 MIN=-2736.96606 MAX=1649.82715 MEAN=-0.418663086 L2=4098.37361 FIRST8=-11.318861,3.97636724,5.02682781,-21.1767941,4.76208115,-3.47498178,1.4607935,-3.29314637 HASH=e5b1ef638d2b3c74
STEP=0 CP=LAYER_2_LAYER_RESIDUAL COUNT=1536 MIN=-3911.00732 MAX=2355.78735 MEAN=-0.304968894 L2=5825.78896 FIRST8=-16.2774906,7.97359467,8.48458385,-29.3420181,1.46895242,1.39318657,4.0198369,-5.96905994 HASH=80205caa77b9ab37
STEP=0 CP=LAYER_3_ATTN_NORM COUNT=1536 MIN=-13.3608131 MAX=4.09862471 MEAN=-0.0172705154 L2=17.7101065 FIRST8=-0.0607402697,0.042535454,0.0410250649,-0.132623136,0.0087626297,0.00545502128,0.0196481775,-0.0324696191 HASH=e658c794920ac5db
STEP=0 CP=LAYER_3_Q COUNT=1536 MIN=-5.82335281 MAX=16.3070202 MEAN=0.114610807 L2=58.5200998 FIRST8=0.525887072,-0.651882887,-0.98662442,1.73487055,0.516592622,1.33925056,0.412534505,0.778190851 HASH=37f5faadd7e49504
STEP=0 CP=LAYER_3_K COUNT=256 MIN=-2.34921837 MAX=1.38320744 MEAN=-0.0222646915 L2=4.89941155 FIRST8=-0.0291297436,0.0250979066,0.0400871038,0.0707923919,-0.025837183,0.0348556042,-0.0204927921,-0.0259586573 HASH=e109396ae000e0ae
STEP=0 CP=LAYER_3_V COUNT=256 MIN=-0.255744517 MAX=0.967918873 MEAN=0.00956146788 L2=1.6503041 FIRST8=0.00247398764,-0.00156800263,-0.0466442294,-0.00218903273,0.077064991,0.00397400931,0.0371322408,-0.0170802772 HASH=aa7474507b362ac7
STEP=0 CP=LAYER_3_Q_ROPE COUNT=1536 MIN=-5.82335281 MAX=16.3070202 MEAN=0.114610807 L2=58.5200998 FIRST8=0.525887072,-0.651882887,-0.98662442,1.73487055,0.516592622,1.33925056,0.412534505,0.778190851 HASH=37f5faadd7e49504
STEP=0 CP=LAYER_3_K_ROPE COUNT=256 MIN=-2.34921837 MAX=1.38320744 MEAN=-0.0222646915 L2=4.89941155 FIRST8=-0.0291297436,0.0250979066,0.0400871038,0.0707923919,-0.025837183,0.0348556042,-0.0204927921,-0.0259586573 HASH=e109396ae000e0ae
STEP=0 CP=KV_WRITE LAYER=3 COUNT=256 K_MIN=-2.34921837 K_MAX=1.38320744 K_MEAN=-0.0222646915 K_L2=4.89941155 K_HASH=e109396ae000e0ae V_MIN=-0.255744517 V_MAX=0.967918873 V_MEAN=0.00956146788 V_L2=1.6503041 V_HASH=aa7474507b362ac7
STEP=0 CP=LAYER_3_ATTN_SCORES COUNT=1 MIN=0.993845344 MAX=0.993845344 MEAN=0.993845344 L2=0.993845344 FIRST8=0.993845344,0,0,0,0,0,0,0 HASH=f6c46090078c239e
STEP=0 CP=LAYER_3_ATTN_PROBS COUNT=1 MIN=1 MAX=1 MEAN=1 L2=1 FIRST8=1,0,0,0,0,0,0,0 HASH=2fa183a08531045a
STEP=0 CP=LAYER_3_ATTN_SCORES COUNT=1 MIN=0.733902872 MAX=0.733902872 MEAN=0.733902872 L2=0.733902872 FIRST8=0.733902872,0,0,0,0,0,0,0 HASH=44b9d2e747c4e329
STEP=0 CP=LAYER_3_ATTN_PROBS COUNT=1 MIN=1 MAX=1 MEAN=1 L2=1 FIRST8=1,0,0,0,0,0,0,0 HASH=2fa183a08531045a
STEP=0 CP=LAYER_3_ATTN_SCORES COUNT=1 MIN=1.20313931 MAX=1.20313931 MEAN=1.20313931 L2=1.20313931 FIRST8=1.20313931,0,0,0,0,0,0,0 HASH=3065d788f12722fc
STEP=0 CP=LAYER_3_ATTN_PROBS COUNT=1 MIN=1 MAX=1 MEAN=1 L2=1 FIRST8=1,0,0,0,0,0,0,0 HASH=2fa183a08531045a
STEP=0 CP=LAYER_3_ATTN_SCORES COUNT=1 MIN=0.828013957 MAX=0.828013957 MEAN=0.828013957 L2=0.828013957 FIRST8=0.828013957,0,0,0,0,0,0,0 HASH=c402233f7c739994
STEP=0 CP=LAYER_3_ATTN_PROBS COUNT=1 MIN=1 MAX=1 MEAN=1 L2=1 FIRST8=1,0,0,0,0,0,0,0 HASH=2fa183a08531045a
STEP=0 CP=LAYER_3_ATTN_SCORES COUNT=1 MIN=1.16683257 MAX=1.16683257 MEAN=1.16683257 L2=1.16683257 FIRST8=1.16683257,0,0,0,0,0,0,0 HASH=932929a292162718
STEP=0 CP=LAYER_3_ATTN_PROBS COUNT=1 MIN=1 MAX=1 MEAN=1 L2=1 FIRST8=1,0,0,0,0,0,0,0 HASH=2fa183a08531045a
STEP=0 CP=LAYER_3_ATTN_SCORES COUNT=1 MIN=1.72100246 MAX=1.72100246 MEAN=1.72100246 L2=1.72100246 FIRST8=1.72100246,0,0,0,0,0,0,0 HASH=4d3138d7694636ea
STEP=0 CP=LAYER_3_ATTN_PROBS COUNT=1 MIN=1 MAX=1 MEAN=1 L2=1 FIRST8=1,0,0,0,0,0,0,0 HASH=2fa183a08531045a
STEP=0 CP=LAYER_3_ATTN_SCORES COUNT=1 MIN=1.94826961 MAX=1.94826961 MEAN=1.94826961 L2=1.94826961 FIRST8=1.94826961,0,0,0,0,0,0,0 HASH=b2e04ea8447f09b9
STEP=0 CP=LAYER_3_ATTN_PROBS COUNT=1 MIN=1 MAX=1 MEAN=1 L2=1 FIRST8=1,0,0,0,0,0,0,0 HASH=2fa183a08531045a
STEP=0 CP=LAYER_3_ATTN_SCORES COUNT=1 MIN=1.24800444 MAX=1.24800444 MEAN=1.24800444 L2=1.24800444 FIRST8=1.24800444,0,0,0,0,0,0,0 HASH=7f543e5be7ac6ac7
STEP=0 CP=LAYER_3_ATTN_PROBS COUNT=1 MIN=1 MAX=1 MEAN=1 L2=1 FIRST8=1,0,0,0,0,0,0,0 HASH=2fa183a08531045a
STEP=0 CP=LAYER_3_ATTN_SCORES COUNT=1 MIN=1.80816793 MAX=1.80816793 MEAN=1.80816793 L2=1.80816793 FIRST8=1.80816793,0,0,0,0,0,0,0 HASH=f53dee0272e7fbe3
STEP=0 CP=LAYER_3_ATTN_PROBS COUNT=1 MIN=1 MAX=1 MEAN=1 L2=1 FIRST8=1,0,0,0,0,0,0,0 HASH=2fa183a08531045a
STEP=0 CP=LAYER_3_ATTN_SCORES COUNT=1 MIN=1.94516289 MAX=1.94516289 MEAN=1.94516289 L2=1.94516289 FIRST8=1.94516289,0,0,0,0,0,0,0 HASH=8e75fd5e91423ade
STEP=0 CP=LAYER_3_ATTN_PROBS COUNT=1 MIN=1 MAX=1 MEAN=1 L2=1 FIRST8=1,0,0,0,0,0,0,0 HASH=2fa183a08531045a
STEP=0 CP=LAYER_3_ATTN_SCORES COUNT=1 MIN=1.63946605 MAX=1.63946605 MEAN=1.63946605 L2=1.63946605 FIRST8=1.63946605,0,0,0,0,0,0,0 HASH=0e30c5ad0323a14f
STEP=0 CP=LAYER_3_ATTN_PROBS COUNT=1 MIN=1 MAX=1 MEAN=1 L2=1 FIRST8=1,0,0,0,0,0,0,0 HASH=2fa183a08531045a
STEP=0 CP=LAYER_3_ATTN_SCORES COUNT=1 MIN=1.08552265 MAX=1.08552265 MEAN=1.08552265 L2=1.08552265 FIRST8=1.08552265,0,0,0,0,0,0,0 HASH=f3ac19051d435722
STEP=0 CP=LAYER_3_ATTN_PROBS COUNT=1 MIN=1 MAX=1 MEAN=1 L2=1 FIRST8=1,0,0,0,0,0,0,0 HASH=2fa183a08531045a
STEP=0 CP=LAYER_3_ATTN_VALUE COUNT=1536 MIN=-0.255744517 MAX=0.967918873 MEAN=0.00956146788 L2=4.04240297 FIRST8=0.00247398764,-0.00156800263,-0.0466442294,-0.00218903273,0.077064991,0.00397400931,0.0371322408,-0.0170802772 HASH=8835f306ce9164c3
STEP=0 CP=LAYER_3_O_PROJ COUNT=1536 MIN=-0.676792443 MAX=0.565680563 MEAN=-0.00600281159 L2=3.65740621 FIRST8=-0.0398056731,0.127151117,0.126691759,-0.0572775565,0.00932982471,0.0295777563,0.0217750594,0.0559103526 HASH=6c3e803ae27f40c5
STEP=0 CP=LAYER_3_ATTN_RESIDUAL COUNT=1536 MIN=-3910.48926 MAX=2355.44775 MEAN=-0.310971779 L2=5825.18148 FIRST8=-16.317297,8.10074615,8.61127567,-29.3992958,1.47828221,1.4227643,4.04161215,-5.91314936 HASH=d299308d8b302b33
STEP=0 CP=LAYER_3_FFN_NORM COUNT=1536 MIN=-96.6062317 MAX=40.1138802 MEAN=-0.0549622812 L2=112.038582 FIRST8=-0.08748319,0.0694046915,0.0674419254,-0.237976387,0.0120438477,0.0112176128,0.0333526619,-0.0491079874 HASH=7aaf78ab1756a6a3
STEP=0 CP=LAYER_3_FFN_GATE COUNT=8960 MIN=-8.8944416 MAX=19.6885834 MEAN=-2.44360573 L2=270.491242 FIRST8=-2.63124299,-3.13505316,0.267542779,-3.00279212,-2.56460738,-1.34803653,0.192175925,-3.75226974 HASH=f7c9bbe64afd93eb
STEP=0 CP=LAYER_3_FFN_UP COUNT=8960 MIN=-19.0732784 MAX=8.30434608 MEAN=-0.00545727406 L2=58.0958952 FIRST8=0.295332313,-0.212235972,0.112949856,-0.482131004,0.784526706,-0.0821541175,-0.618646443,-0.571725726 HASH=96b6655d28fdb14f
STEP=0 CP=LAYER_3_SWIGLU COUNT=8960 MIN=-375.525818 MAX=6.16190863 MEAN=-0.0410070982 L2=375.683773 FIRST8=-0.0521851964,0.0277355146,0.0171187017,0.0684779063,-0.143760145,0.0228350442,-0.0651388615,0.0491834506 HASH=2fc2923a74f68877
STEP=0 CP=LAYER_3_FFN_DOWN COUNT=1536 MIN=-144.187607 MAX=98.468071 MEAN=-0.14533463 L2=271.542426 FIRST8=0.486878067,-4.9379158,-4.7887001,6.86571741,3.99791384,-5.20035362,-1.3854574,-2.82519579 HASH=8781124369a0babb
STEP=0 CP=LAYER_3_LAYER_RESIDUAL COUNT=1536 MIN=-4054.67676 MAX=2449.97974 MEAN=-0.456306302 L2=6055.2088 FIRST8=-15.8304186,3.16283035,3.82257557,-22.5335789,5.47619629,-3.77758932,2.65615463,-8.73834515 HASH=6c9a09c3fb915765
STEP=0 CP=LAYER_4_ATTN_NORM COUNT=1536 MIN=-5.11125278 MAX=4.59706736 MEAN=-0.005486769 L2=13.1146056 FIRST8=-0.0490292236,0.0174324699,0.0218419321,-0.122488461,0.0354442261,-0.0197702255,0.0149084637,-0.0479419231 HASH=b359a1694cd647f2
STEP=0 CP=LAYER_4_Q COUNT=1536 MIN=-12.5030975 MAX=18.3948898 MEAN=0.0289397572 L2=66.1460568 FIRST8=0.200757965,-0.556028724,-0.761394322,-0.977820456,0.247472435,0.250547081,1.09198284,1.36274028 HASH=5a97bcf0e0a29cdc
STEP=0 CP=LAYER_4_K COUNT=256 MIN=-2.56998158 MAX=2.91557169 MEAN=0.00144399531 L2=4.12682988 FIRST8=-0.0159330368,0.00154542923,-0.00116918981,-0.00420270115,0.0249890089,-0.0189144611,0.00311397016,-0.014628496 HASH=2ace840df22187e9
STEP=0 CP=LAYER_4_V COUNT=256 MIN=-0.120050728 MAX=1.10316992 MEAN=0.00944889615 L2=1.49756579 FIRST8=0.060272146,0.0269180611,0.0120635796,0.0232355837,-0.0548868924,0.00094997324,0.051075764,-0.0284502544 HASH=65221fed057d5499
STEP=0 CP=LAYER_4_Q_ROPE COUNT=1536 MIN=-12.5030975 MAX=18.3948898 MEAN=0.0289397572 L2=66.1460568 FIRST8=0.200757965,-0.556028724,-0.761394322,-0.977820456,0.247472435,0.250547081,1.09198284,1.36274028 HASH=5a97bcf0e0a29cdc
STEP=0 CP=LAYER_4_K_ROPE COUNT=256 MIN=-2.56998158 MAX=2.91557169 MEAN=0.00144399531 L2=4.12682988 FIRST8=-0.0159330368,0.00154542923,-0.00116918981,-0.00420270115,0.0249890089,-0.0189144611,0.00311397016,-0.014628496 HASH=2ace840df22187e9
STEP=0 CP=KV_WRITE LAYER=4 COUNT=256 K_MIN=-2.56998158 K_MAX=2.91557169 K_MEAN=0.00144399531 K_L2=4.12682988 K_HASH=2ace840df22187e9 V_MIN=-0.120050728 V_MAX=1.10316992 V_MEAN=0.00944889615 V_L2=1.49756579 V_HASH=65221fed057d5499
STEP=0 CP=LAYER_4_ATTN_SCORES COUNT=1 MIN=0.397485286 MAX=0.397485286 MEAN=0.397485286 L2=0.397485286 FIRST8=0.397485286,0,0,0,0,0,0,0 HASH=dd22252aca306eb6
STEP=0 CP=LAYER_4_ATTN_PROBS COUNT=1 MIN=1 MAX=1 MEAN=1 L2=1 FIRST8=1,0,0,0,0,0,0,0 HASH=2fa183a08531045a
STEP=0 CP=LAYER_4_ATTN_SCORES COUNT=1 MIN=-0.200743437 MAX=-0.200743437 MEAN=-0.200743437 L2=0.200743437 FIRST8=-0.200743437,0,0,0,0,0,0,0 HASH=c549a70313fd4009
STEP=0 CP=LAYER_4_ATTN_PROBS COUNT=1 MIN=1 MAX=1 MEAN=1 L2=1 FIRST8=1,0,0,0,0,0,0,0 HASH=2fa183a08531045a
STEP=0 CP=LAYER_4_ATTN_SCORES COUNT=1 MIN=1.36022544 MAX=1.36022544 MEAN=1.36022544 L2=1.36022544 FIRST8=1.36022544,0,0,0,0,0,0,0 HASH=26d41b6420ac76c3
STEP=0 CP=LAYER_4_ATTN_PROBS COUNT=1 MIN=1 MAX=1 MEAN=1 L2=1 FIRST8=1,0,0,0,0,0,0,0 HASH=2fa183a08531045a
STEP=0 CP=LAYER_4_ATTN_SCORES COUNT=1 MIN=-0.390676379 MAX=-0.390676379 MEAN=-0.390676379 L2=0.390676379 FIRST8=-0.390676379,0,0,0,0,0,0,0 HASH=a0acd86995e9a3df
STEP=0 CP=LAYER_4_ATTN_PROBS COUNT=1 MIN=1 MAX=1 MEAN=1 L2=1 FIRST8=1,0,0,0,0,0,0,0 HASH=2fa183a08531045a
STEP=0 CP=LAYER_4_ATTN_SCORES COUNT=1 MIN=1.73471165 MAX=1.73471165 MEAN=1.73471165 L2=1.73471165 FIRST8=1.73471165,0,0,0,0,0,0,0 HASH=7e4c24e363c4cdbd
STEP=0 CP=LAYER_4_ATTN_PROBS COUNT=1 MIN=1 MAX=1 MEAN=1 L2=1 FIRST8=1,0,0,0,0,0,0,0 HASH=2fa183a08531045a
STEP=0 CP=LAYER_4_ATTN_SCORES COUNT=1 MIN=-0.0445395038 MAX=-0.0445395038 MEAN=-0.0445395038 L2=0.0445395038 FIRST8=-0.0445395038,0,0,0,0,0,0,0 HASH=b933eaf5c084fde5
STEP=0 CP=LAYER_4_ATTN_PROBS COUNT=1 MIN=1 MAX=1 MEAN=1 L2=1 FIRST8=1,0,0,0,0,0,0,0 HASH=2fa183a08531045a
STEP=0 CP=LAYER_4_ATTN_SCORES COUNT=1 MIN=0.430639595 MAX=0.430639595 MEAN=0.430639595 L2=0.430639595 FIRST8=0.430639595,0,0,0,0,0,0,0 HASH=92bbdab3ab561f6a
STEP=0 CP=LAYER_4_ATTN_PROBS COUNT=1 MIN=1 MAX=1 MEAN=1 L2=1 FIRST8=1,0,0,0,0,0,0,0 HASH=2fa183a08531045a
STEP=0 CP=LAYER_4_ATTN_SCORES COUNT=1 MIN=0.36288622 MAX=0.36288622 MEAN=0.36288622 L2=0.36288622 FIRST8=0.36288622,0,0,0,0,0,0,0 HASH=a58ed46e7dc6cdc9
STEP=0 CP=LAYER_4_ATTN_PROBS COUNT=1 MIN=1 MAX=1 MEAN=1 L2=1 FIRST8=1,0,0,0,0,0,0,0 HASH=2fa183a08531045a
STEP=0 CP=LAYER_4_ATTN_SCORES COUNT=1 MIN=0.37823233 MAX=0.37823233 MEAN=0.37823233 L2=0.37823233 FIRST8=0.37823233,0,0,0,0,0,0,0 HASH=26c4eca6f397384e
STEP=0 CP=LAYER_4_ATTN_PROBS COUNT=1 MIN=1 MAX=1 MEAN=1 L2=1 FIRST8=1,0,0,0,0,0,0,0 HASH=2fa183a08531045a
STEP=0 CP=LAYER_4_ATTN_SCORES COUNT=1 MIN=0.514199197 MAX=0.514199197 MEAN=0.514199197 L2=0.514199197 FIRST8=0.514199197,0,0,0,0,0,0,0 HASH=24ac37c2547484f4
STEP=0 CP=LAYER_4_ATTN_PROBS COUNT=1 MIN=1 MAX=1 MEAN=1 L2=1 FIRST8=1,0,0,0,0,0,0,0 HASH=2fa183a08531045a
STEP=0 CP=LAYER_4_ATTN_SCORES COUNT=1 MIN=0.414181709 MAX=0.414181709 MEAN=0.414181709 L2=0.414181709 FIRST8=0.414181709,0,0,0,0,0,0,0 HASH=18c1c48023446994
STEP=0 CP=LAYER_4_ATTN_PROBS COUNT=1 MIN=1 MAX=1 MEAN=1 L2=1 FIRST8=1,0,0,0,0,0,0,0 HASH=2fa183a08531045a
STEP=0 CP=LAYER_4_ATTN_SCORES COUNT=1 MIN=0.59751308 MAX=0.59751308 MEAN=0.59751308 L2=0.59751308 FIRST8=0.59751308,0,0,0,0,0,0,0 HASH=09f23650358dc8fa
STEP=0 CP=LAYER_4_ATTN_PROBS COUNT=1 MIN=1 MAX=1 MEAN=1 L2=1 FIRST8=1,0,0,0,0,0,0,0 HASH=2fa183a08531045a
STEP=0 CP=LAYER_4_ATTN_VALUE COUNT=1536 MIN=-0.120050728 MAX=1.10316992 MEAN=0.00944889615 L2=3.66827205 FIRST8=0.060272146,0.0269180611,0.0120635796,0.0232355837,-0.0548868924,0.00094997324,0.051075764,-0.0284502544 HASH=2dc9d8b881386ecf
STEP=0 CP=LAYER_4_O_PROJ COUNT=1536 MIN=-0.584942281 MAX=0.555694342 MEAN=-0.00379621841 L2=2.94025004 FIRST8=-0.0151922842,0.0930802822,0.029635584,-0.0544317812,0.0908826739,-0.0876842812,-0.0500540957,0.110916391 HASH=a09aacdf1516b059
STEP=0 CP=LAYER_4_ATTN_RESIDUAL COUNT=1536 MIN=-4054.14648 MAX=2449.65454 MEAN=-0.460102562 L2=6054.69534 FIRST8=-15.8456106,3.25591063,3.85221124,-22.5880108,5.56707907,-3.86527371,2.60610056,-8.62742901 HASH=6a440f8024ebc3dd
STEP=0 CP=LAYER_4_FFN_NORM COUNT=1536 MIN=-49.6144447 MAX=30.9697857 MEAN=-0.0227705137 L2=64.8091105 FIRST8=-0.0633037463,0.0230512172,0.024740424,-0.14963825,0.0365985669,-0.0254107174,0.0179235246,-0.0584627874 HASH=43e3954f3f9dbd63
STEP=0 CP=LAYER_4_FFN_GATE COUNT=8960 MIN=-8.41563129 MAX=17.8485222 MEAN=-0.92959652 L2=130.763912 FIRST8=0.00226030056,-0.0801179633,-1.8176651,-2.25620008,0.229626521,-1.92242658,-3.42503738,-1.15031028 HASH=8e450a8f82668be2
STEP=0 CP=LAYER_4_FFN_UP COUNT=8960 MIN=-7.69679642 MAX=23.2145424 MEAN=-0.000844890091 L2=46.4024489 FIRST8=0.116909146,0.248539433,0.278863609,0.47841233,-0.368776172,-0.281403631,0.309795409,0.52369386 HASH=f6bfaf4baa88769c
STEP=0 CP=LAYER_4_SWIGLU COUNT=8960 MIN=-47.1133347 MAX=278.562653 MEAN=0.0255363438 L2=282.692836 FIRST8=0.000132274232,-0.00955761224,-0.0708184689,-0.102343813,-0.0471803881,0.0690240189,-0.0334468484,-0.144838989 HASH=f00d0b13e9ca3393
STEP=0 CP=LAYER_4_FFN_DOWN COUNT=1536 MIN=-130.235214 MAX=82.4464798 MEAN=-0.116071949 L2=221.288361 FIRST8=0.53454262,-1.51313591,-1.54721797,2.43165135,0.663649738,-0.823831499,-0.328966469,-1.99637675 HASH=715ca9909cc1d1b2
STEP=0 CP=LAYER_4_LAYER_RESIDUAL COUNT=1536 MIN=-4184.38184 MAX=2530.27002 MEAN=-0.576174534 L2=6261.97969 FIRST8=-15.3110676,1.74277472,2.30499315,-20.1563587,6.23072863,-4.68910503,2.27713418,-10.623806 HASH=fb6b111f491ea2b7
STEP=0 CP=LAYER_5_ATTN_NORM COUNT=1536 MIN=-5.96953201 MAX=4.18100834 MEAN=-0.0118988825 L2=13.8529762 FIRST8=-0.0801056623,0.0109074991,0.0116649792,-0.0818020403,0.0333600678,-0.0204058141,0.0106332488,-0.0490891971 HASH=d2b50182efc3d4fc
STEP=0 CP=LAYER_5_Q COUNT=1536 MIN=-14.992033 MAX=21.7908669 MEAN=-0.0989543744 L2=83.6535765 FIRST8=1.14226961,-1.16102839,0.697554708,-1.53317559,-1.09104848,0.390271008,1.50389719,0.708202481 HASH=83e65084b32b9244
STEP=0 CP=LAYER_5_K COUNT=256 MIN=-0.659902096 MAX=0.284430981 MEAN=-0.00545756158 L2=1.25002365 FIRST8=-0.0044683814,0.0107939988,-0.0043925643,0.0196428597,0.0203839391,0.00106689334,0.0137180686,0.0322773755 HASH=44f670dd64ffd95c
STEP=0 CP=LAYER_5_V COUNT=256 MIN=-2.52847052 MAX=0.260163426 MEAN=-0.0114798264 L2=2.95902119 FIRST8=0.036564514,-0.0648226887,-0.0395210683,-0.0184444413,0.0237849653,0.00646984763,-0.0461693592,0.014637284 HASH=e9db93018b2f8766
STEP=0 CP=LAYER_5_Q_ROPE COUNT=1536 MIN=-14.992033 MAX=21.7908669 MEAN=-0.0989543744 L2=83.6535765 FIRST8=1.14226961,-1.16102839,0.697554708,-1.53317559,-1.09104848,0.390271008,1.50389719,0.708202481 HASH=83e65084b32b9244
STEP=0 CP=LAYER_5_K_ROPE COUNT=256 MIN=-0.659902096 MAX=0.284430981 MEAN=-0.00545756158 L2=1.25002365 FIRST8=-0.0044683814,0.0107939988,-0.0043925643,0.0196428597,0.0203839391,0.00106689334,0.0137180686,0.0322773755 HASH=44f670dd64ffd95c
STEP=0 CP=KV_WRITE LAYER=5 COUNT=256 K_MIN=-0.659902096 K_MAX=0.284430981 K_MEAN=-0.00545756158 K_L2=1.25002365 K_HASH=44f670dd64ffd95c V_MIN=-2.52847052 V_MAX=0.260163426 V_MEAN=-0.0114798264 V_L2=2.95902119 V_HASH=e9db93018b2f8766
STEP=0 CP=LAYER_5_ATTN_SCORES COUNT=1 MIN=0.859318256 MAX=0.859318256 MEAN=0.859318256 L2=0.859318256 FIRST8=0.859318256,0,0,0,0,0,0,0 HASH=799731f467b961e1
STEP=0 CP=LAYER_5_ATTN_PROBS COUNT=1 MIN=1 MAX=1 MEAN=1 L2=1 FIRST8=1,0,0,0,0,0,0,0 HASH=2fa183a08531045a
STEP=0 CP=LAYER_5_ATTN_SCORES COUNT=1 MIN=0.499931872 MAX=0.499931872 MEAN=0.499931872 L2=0.499931872 FIRST8=0.499931872,0,0,0,0,0,0,0 HASH=999212162e0e8dc5
STEP=0 CP=LAYER_5_ATTN_PROBS COUNT=1 MIN=1 MAX=1 MEAN=1 L2=1 FIRST8=1,0,0,0,0,0,0,0 HASH=2fa183a08531045a
STEP=0 CP=LAYER_5_ATTN_SCORES COUNT=1 MIN=0.0261240024 MAX=0.0261240024 MEAN=0.0261240024 L2=0.0261240024 FIRST8=0.0261240024,0,0,0,0,0,0,0 HASH=810fdc98277deaf6
STEP=0 CP=LAYER_5_ATTN_PROBS COUNT=1 MIN=1 MAX=1 MEAN=1 L2=1 FIRST8=1,0,0,0,0,0,0,0 HASH=2fa183a08531045a
STEP=0 CP=LAYER_5_ATTN_SCORES COUNT=1 MIN=0.452741861 MAX=0.452741861 MEAN=0.452741861 L2=0.452741861 FIRST8=0.452741861,0,0,0,0,0,0,0 HASH=bc8f35cf1b325db5
STEP=0 CP=LAYER_5_ATTN_PROBS COUNT=1 MIN=1 MAX=1 MEAN=1 L2=1 FIRST8=1,0,0,0,0,0,0,0 HASH=2fa183a08531045a
STEP=0 CP=LAYER_5_ATTN_SCORES COUNT=1 MIN=0.248217627 MAX=0.248217627 MEAN=0.248217627 L2=0.248217627 FIRST8=0.248217627,0,0,0,0,0,0,0 HASH=d16b8a72cfc68b50
STEP=0 CP=LAYER_5_ATTN_PROBS COUNT=1 MIN=1 MAX=1 MEAN=1 L2=1 FIRST8=1,0,0,0,0,0,0,0 HASH=2fa183a08531045a
STEP=0 CP=LAYER_5_ATTN_SCORES COUNT=1 MIN=0.219540969 MAX=0.219540969 MEAN=0.219540969 L2=0.219540969 FIRST8=0.219540969,0,0,0,0,0,0,0 HASH=4a8e6c76ce321355
STEP=0 CP=LAYER_5_ATTN_PROBS COUNT=1 MIN=1 MAX=1 MEAN=1 L2=1 FIRST8=1,0,0,0,0,0,0,0 HASH=2fa183a08531045a
STEP=0 CP=LAYER_5_ATTN_SCORES COUNT=1 MIN=0.643365443 MAX=0.643365443 MEAN=0.643365443 L2=0.643365443 FIRST8=0.643365443,0,0,0,0,0,0,0 HASH=555f01374b7fc7b2
STEP=0 CP=LAYER_5_ATTN_PROBS COUNT=1 MIN=1 MAX=1 MEAN=1 L2=1 FIRST8=1,0,0,0,0,0,0,0 HASH=2fa183a08531045a
STEP=0 CP=LAYER_5_ATTN_SCORES COUNT=1 MIN=1.14989638 MAX=1.14989638 MEAN=1.14989638 L2=1.14989638 FIRST8=1.14989638,0,0,0,0,0,0,0 HASH=9240a6defadd16da
STEP=0 CP=LAYER_5_ATTN_PROBS COUNT=1 MIN=1 MAX=1 MEAN=1 L2=1 FIRST8=1,0,0,0,0,0,0,0 HASH=2fa183a08531045a
STEP=0 CP=LAYER_5_ATTN_SCORES COUNT=1 MIN=0.95596832 MAX=0.95596832 MEAN=0.95596832 L2=0.95596832 FIRST8=0.95596832,0,0,0,0,0,0,0 HASH=50e6164538ebf8d7
STEP=0 CP=LAYER_5_ATTN_PROBS COUNT=1 MIN=1 MAX=1 MEAN=1 L2=1 FIRST8=1,0,0,0,0,0,0,0 HASH=2fa183a08531045a
STEP=0 CP=LAYER_5_ATTN_SCORES COUNT=1 MIN=1.2724514 MAX=1.2724514 MEAN=1.2724514 L2=1.2724514 FIRST8=1.2724514,0,0,0,0,0,0,0 HASH=77edf6049a84906d
STEP=0 CP=LAYER_5_ATTN_PROBS COUNT=1 MIN=1 MAX=1 MEAN=1 L2=1 FIRST8=1,0,0,0,0,0,0,0 HASH=2fa183a08531045a
STEP=0 CP=LAYER_5_ATTN_SCORES COUNT=1 MIN=1.36467826 MAX=1.36467826 MEAN=1.36467826 L2=1.36467826 FIRST8=1.36467826,0,0,0,0,0,0,0 HASH=360f3491445c17c8
STEP=0 CP=LAYER_5_ATTN_PROBS COUNT=1 MIN=1 MAX=1 MEAN=1 L2=1 FIRST8=1,0,0,0,0,0,0,0 HASH=2fa183a08531045a
STEP=0 CP=LAYER_5_ATTN_SCORES COUNT=1 MIN=1.2232343 MAX=1.2232343 MEAN=1.2232343 L2=1.2232343 FIRST8=1.2232343,0,0,0,0,0,0,0 HASH=a2c76b10023ec3dd
STEP=0 CP=LAYER_5_ATTN_PROBS COUNT=1 MIN=1 MAX=1 MEAN=1 L2=1 FIRST8=1,0,0,0,0,0,0,0 HASH=2fa183a08531045a
STEP=0 CP=LAYER_5_ATTN_VALUE COUNT=1536 MIN=-2.52847052 MAX=0.260163426 MEAN=-0.0114798264 L2=7.24809205 FIRST8=0.036564514,-0.0648226887,-0.0395210683,-0.0184444413,0.0237849653,0.00646984763,-0.0461693592,0.014637284 HASH=551175be69136b1b
STEP=0 CP=LAYER_5_O_PROJ COUNT=1536 MIN=-2.86582804 MAX=6.59817791 MEAN=0.00420881102 L2=8.54462646 FIRST8=0.0878953338,0.052792944,-0.0319176838,0.180240273,0.226023093,-0.136761084,-0.19915466,-0.0608431548 HASH=21d0e90598fab2b2
STEP=0 CP=LAYER_5_ATTN_RESIDUAL COUNT=1536 MIN=-4184.14941 MAX=2529.66797 MEAN=-0.571965937 L2=6259.4647 FIRST8=-15.2231722,1.79556763,2.27307558,-19.9761181,6.45675182,-4.82586622,2.07797956,-10.6846495 HASH=76398fc69e568ec4
STEP=0 CP=LAYER_5_FFN_NORM COUNT=1536 MIN=-79.4122162 MAX=44.5465889 MEAN=-0.0444324304 L2=103.495898 FIRST8=-0.0677633658,0.0215187129,0.0212371238,-0.199337795,0.0615881495,-0.0462678969,0.0218538605,-0.104006812 HASH=990c659687dfbe16
STEP=0 CP=LAYER_5_FFN_GATE COUNT=8960 MIN=-7.49273443 MAX=5.23593426 MEAN=-1.72296186 L2=211.742682 FIRST8=0.375467777,-0.273312688,-3.22141647,-2.65621948,-1.65913773,-3.702672,-1.10415041,-3.1826508 HASH=f20484ff0e62e07c
STEP=0 CP=LAYER_5_FFN_UP COUNT=8960 MIN=-6.63303709 MAX=16.0600605 MEAN=0.00696053536 L2=56.8564016 FIRST8=0.111433573,0.0866332799,-0.224192366,-0.402635038,-0.324013621,0.111376211,0.354012638,0.705998182 HASH=7991d6aa19776ae3
STEP=0 CP=LAYER_5_SWIGLU COUNT=8960 MIN=-2.86913562 MAX=44.2512245 MEAN=0.00389905874 L2=45.7849803 FIRST8=0.0248017274,-0.0102311121,0.027709797,0.0701655224,0.0859476179,-0.00992382132,-0.0973154679,-0.0894820243 HASH=44e2bd02f99e6899
STEP=0 CP=LAYER_5_FFN_DOWN COUNT=1536 MIN=-18.4199123 MAX=11.6365604 MEAN=-0.0136839641 L2=41.4915263 FIRST8=-0.0176371336,0.223783702,-0.210590273,0.677710533,0.428182602,-0.285494685,1.2212913,-0.306961864 HASH=094b7495411e2031
STEP=0 CP=LAYER_5_LAYER_RESIDUAL COUNT=1536 MIN=-4202.56934 MAX=2539.92822 MEAN=-0.585649943 L2=6287.2847 FIRST8=-15.2408094,2.01935124,2.06248522,-19.2984085,6.88493443,-5.11136103,3.29927087,-10.9916115 HASH=28286baf78ba384c
STEP=0 CP=LAYER_6_ATTN_NORM COUNT=1536 MIN=-5.9195528 MAX=4.17609882 MEAN=-0.0128023539 L2=13.456615 FIRST8=-0.117270187,0.0100799464,0.0106970239,-0.0817642137,0.0318526737,-0.020784786,0.015745867,-0.0481755175 HASH=96eb5904a8586a22
STEP=0 CP=LAYER_6_Q COUNT=1536 MIN=-11.987463 MAX=12.8847198 MEAN=0.131349547 L2=88.1475476 FIRST8=1.04363549,-2.31575203,-0.487960577,-0.778061986,1.80544829,-0.99020195,0.854247332,-0.396772742 HASH=a8875fd103d499a3
STEP=0 CP=LAYER_6_K COUNT=256 MIN=-0.318887979 MAX=0.508786917 MEAN=0.00421910337 L2=1.17811745 FIRST8=-0.00779151917,0.0230616927,0.0106722042,0.00753337145,-0.0226914585,-0.0477600396,-0.00868988782,-0.00241054129 HASH=633e6d6a7922c346
STEP=0 CP=LAYER_6_V COUNT=256 MIN=-0.680044532 MAX=1.37605715 MEAN=0.00911674087 L2=1.85043811 FIRST8=-0.00817533582,0.026803799,0.0317061245,-0.0434694365,-0.0458705127,0.0208908729,-0.00401476584,0.0169215333 HASH=88f36639d8208738
STEP=0 CP=LAYER_6_Q_ROPE COUNT=1536 MIN=-11.987463 MAX=12.8847198 MEAN=0.131349547 L2=88.1475476 FIRST8=1.04363549,-2.31575203,-0.487960577,-0.778061986,1.80544829,-0.99020195,0.854247332,-0.396772742 HASH=a8875fd103d499a3
STEP=0 CP=LAYER_6_K_ROPE COUNT=256 MIN=-0.318887979 MAX=0.508786917 MEAN=0.00421910337 L2=1.17811745 FIRST8=-0.00779151917,0.0230616927,0.0106722042,0.00753337145,-0.0226914585,-0.0477600396,-0.00868988782,-0.00241054129 HASH=633e6d6a7922c346
STEP=0 CP=KV_WRITE LAYER=6 COUNT=256 K_MIN=-0.318887979 K_MAX=0.508786917 K_MEAN=0.00421910337 K_L2=1.17811745 K_HASH=633e6d6a7922c346 V_MIN=-0.680044532 V_MAX=1.37605715 V_MEAN=0.00911674087 V_L2=1.85043811 V_HASH=88f36639d8208738
STEP=0 CP=LAYER_6_ATTN_SCORES COUNT=1 MIN=1.30957949 MAX=1.30957949 MEAN=1.30957949 L2=1.30957949 FIRST8=1.30957949,0,0,0,0,0,0,0 HASH=785a5814d83c0aac
STEP=0 CP=LAYER_6_ATTN_PROBS COUNT=1 MIN=1 MAX=1 MEAN=1 L2=1 FIRST8=1,0,0,0,0,0,0,0 HASH=2fa183a08531045a
STEP=0 CP=LAYER_6_ATTN_SCORES COUNT=1 MIN=1.14444435 MAX=1.14444435 MEAN=1.14444435 L2=1.14444435 FIRST8=1.14444435,0,0,0,0,0,0,0 HASH=130607b45ab1b034
STEP=0 CP=LAYER_6_ATTN_PROBS COUNT=1 MIN=1 MAX=1 MEAN=1 L2=1 FIRST8=1,0,0,0,0,0,0,0 HASH=2fa183a08531045a
STEP=0 CP=LAYER_6_ATTN_SCORES COUNT=1 MIN=0.372505635 MAX=0.372505635 MEAN=0.372505635 L2=0.372505635 FIRST8=0.372505635,0,0,0,0,0,0,0 HASH=42216be8fa30899f
STEP=0 CP=LAYER_6_ATTN_PROBS COUNT=1 MIN=1 MAX=1 MEAN=1 L2=1 FIRST8=1,0,0,0,0,0,0,0 HASH=2fa183a08531045a
STEP=0 CP=LAYER_6_ATTN_SCORES COUNT=1 MIN=1.18265545 MAX=1.18265545 MEAN=1.18265545 L2=1.18265545 FIRST8=1.18265545,0,0,0,0,0,0,0 HASH=afbc78ae615a3e0b
STEP=0 CP=LAYER_6_ATTN_PROBS COUNT=1 MIN=1 MAX=1 MEAN=1 L2=1 FIRST8=1,0,0,0,0,0,0,0 HASH=2fa183a08531045a
STEP=0 CP=LAYER_6_ATTN_SCORES COUNT=1 MIN=0.697056055 MAX=0.697056055 MEAN=0.697056055 L2=0.697056055 FIRST8=0.697056055,0,0,0,0,0,0,0 HASH=61415fd8626c580e
STEP=0 CP=LAYER_6_ATTN_PROBS COUNT=1 MIN=1 MAX=1 MEAN=1 L2=1 FIRST8=1,0,0,0,0,0,0,0 HASH=2fa183a08531045a
STEP=0 CP=LAYER_6_ATTN_SCORES COUNT=1 MIN=0.929534256 MAX=0.929534256 MEAN=0.929534256 L2=0.929534256 FIRST8=0.929534256,0,0,0,0,0,0,0 HASH=b2c86233f0550af5
STEP=0 CP=LAYER_6_ATTN_PROBS COUNT=1 MIN=1 MAX=1 MEAN=1 L2=1 FIRST8=1,0,0,0,0,0,0,0 HASH=2fa183a08531045a
STEP=0 CP=LAYER_6_ATTN_SCORES COUNT=1 MIN=0.50385499 MAX=0.50385499 MEAN=0.50385499 L2=0.50385499 FIRST8=0.50385499,0,0,0,0,0,0,0 HASH=a00a2ca3c471cd7a
STEP=0 CP=LAYER_6_ATTN_PROBS COUNT=1 MIN=1 MAX=1 MEAN=1 L2=1 FIRST8=1,0,0,0,0,0,0,0 HASH=2fa183a08531045a
STEP=0 CP=LAYER_6_ATTN_SCORES COUNT=1 MIN=0.409455746 MAX=0.409455746 MEAN=0.409455746 L2=0.409455746 FIRST8=0.409455746,0,0,0,0,0,0,0 HASH=172147f9521542a7
STEP=0 CP=LAYER_6_ATTN_PROBS COUNT=1 MIN=1 MAX=1 MEAN=1 L2=1 FIRST8=1,0,0,0,0,0,0,0 HASH=2fa183a08531045a
STEP=0 CP=LAYER_6_ATTN_SCORES COUNT=1 MIN=0.519437492 MAX=0.519437492 MEAN=0.519437492 L2=0.519437492 FIRST8=0.519437492,0,0,0,0,0,0,0 HASH=8b0ce1399acf1d6e
STEP=0 CP=LAYER_6_ATTN_PROBS COUNT=1 MIN=1 MAX=1 MEAN=1 L2=1 FIRST8=1,0,0,0,0,0,0,0 HASH=2fa183a08531045a
STEP=0 CP=LAYER_6_ATTN_SCORES COUNT=1 MIN=0.278433293 MAX=0.278433293 MEAN=0.278433293 L2=0.278433293 FIRST8=0.278433293,0,0,0,0,0,0,0 HASH=594cfcd890ebc10a
STEP=0 CP=LAYER_6_ATTN_PROBS COUNT=1 MIN=1 MAX=1 MEAN=1 L2=1 FIRST8=1,0,0,0,0,0,0,0 HASH=2fa183a08531045a
STEP=0 CP=LAYER_6_ATTN_SCORES COUNT=1 MIN=0.561000884 MAX=0.561000884 MEAN=0.561000884 L2=0.561000884 FIRST8=0.561000884,0,0,0,0,0,0,0 HASH=9d7f88857e2a5c0f
STEP=0 CP=LAYER_6_ATTN_PROBS COUNT=1 MIN=1 MAX=1 MEAN=1 L2=1 FIRST8=1,0,0,0,0,0,0,0 HASH=2fa183a08531045a
STEP=0 CP=LAYER_6_ATTN_SCORES COUNT=1 MIN=0.296418518 MAX=0.296418518 MEAN=0.296418518 L2=0.296418518 FIRST8=0.296418518,0,0,0,0,0,0,0 HASH=9f0cd7d64b464165
STEP=0 CP=LAYER_6_ATTN_PROBS COUNT=1 MIN=1 MAX=1 MEAN=1 L2=1 FIRST8=1,0,0,0,0,0,0,0 HASH=2fa183a08531045a
STEP=0 CP=LAYER_6_ATTN_VALUE COUNT=1536 MIN=-0.680044532 MAX=1.37605715 MEAN=0.00911674087 L2=4.53262918 FIRST8=-0.00817533582,0.026803799,0.0317061245,-0.0434694365,-0.0458705127,0.0208908729,-0.00401476584,0.0169215333 HASH=9f359bbc147e6097
STEP=0 CP=LAYER_6_O_PROJ COUNT=1536 MIN=-0.747421026 MAX=1.63296854 MEAN=-0.00183150592 L2=3.85881899 FIRST8=-0.00262988405,0.0913474858,0.107251599,0.0724234655,-0.0105844177,-0.0311678424,-0.0644014552,0.0498003997 HASH=49181740d8cbe892
STEP=0 CP=LAYER_6_ATTN_RESIDUAL COUNT=1536 MIN=-4202.08008 MAX=2539.61182 MEAN=-0.587481385 L2=6286.34729 FIRST8=-15.2434397,2.1106987,2.16973686,-19.2259846,6.87435007,-5.14252901,3.23486948,-10.9418106 HASH=3c7684de55d425c3
STEP=0 CP=LAYER_6_FFN_NORM COUNT=1536 MIN=-25.4812622 MAX=20.2860947 MEAN=-0.00444324162 L2=37.0474103 FIRST8=-0.0399069674,0.0152151147,0.0129986852,-0.119394965,0.0405139178,-0.0303074494,0.0214280635,-0.0671501532 HASH=9357ec2b6da155d3
STEP=0 CP=LAYER_6_FFN_GATE COUNT=8960 MIN=-5.5915513 MAX=1.75871313 MEAN=-0.46003593 L2=68.3157326 FIRST8=-0.688247442,0.21582371,-0.0701482594,-0.452164978,-0.140648946,0.175965697,0.227893367,-0.176270321 HASH=278818112acf8788
STEP=0 CP=LAYER_6_FFN_UP COUNT=8960 MIN=-2.41292119 MAX=4.09451437 MEAN=0.00502982472 L2=34.7696763 FIRST8=0.321830839,-0.450092882,-0.0395699888,0.926196098,0.118305303,0.49323234,0.36106807,0.547731042 HASH=1e38259b9b7d4245
STEP=0 CP=LAYER_6_SWIGLU COUNT=8960 MIN=-1.94924426 MAX=5.09759426 MEAN=-1.37193138e-05 L2=10.2110263 FIRST8=-0.0740744621,-0.0537914261,0.00133922417,-0.162846223,-0.00773563795,0.0472042672,0.0458103754,-0.0440306775 HASH=8643edebd99337ac
STEP=0 CP=LAYER_6_FFN_DOWN COUNT=1536 MIN=-5.67360973 MAX=3.02180767 MEAN=-0.0113138146 L2=15.3052813 FIRST8=0.117230333,0.169909358,0.119105697,-0.259887695,-0.0752702057,-0.351445198,0.156661645,-0.355365992 HASH=3064afb09375d958
STEP=0 CP=LAYER_6_LAYER_RESIDUAL COUNT=1536 MIN=-4206.04639 MAX=2541.65869 MEAN=-0.598795185 L2=6292.49044 FIRST8=-15.1262093,2.28060818,2.28884268,-19.4858723,6.7990799,-5.49397421,3.39153123,-11.2971764 HASH=a1428b75b6e5dc35
STEP=0 CP=LAYER_7_ATTN_NORM COUNT=1536 MIN=-16.2706261 MAX=8.96640396 MEAN=-0.00688190985 L2=22.9545895 FIRST8=-0.0193206836,0.0123179024,0.0130863003,-0.0782234371,0.03738451,-0.0248618033,0.018565705,-0.048374407 HASH=e4142f7605a803dc
STEP=0 CP=LAYER_7_Q COUNT=1536 MIN=-13.0838623 MAX=9.75700951 MEAN=-0.113864951 L2=55.7420968 FIRST8=1.64650297,1.16745853,1.16400218,1.3509376,-0.453832686,-1.25423932,0.90302664,-1.44169009 HASH=652bcc10bba66d0b
STEP=0 CP=LAYER_7_K COUNT=256 MIN=-19.9706039 MAX=45.3061485 MEAN=0.368044561 L2=72.9434955 FIRST8=-0.0270234942,0.00726461411,-0.0706818104,-0.0146163702,-0.0641027242,-0.0413503647,-0.0158368945,0.0456007719 HASH=b9ef9e7e0df953a8
STEP=0 CP=LAYER_7_V COUNT=256 MIN=-0.968750834 MAX=2.20672107 MEAN=-0.00888947257 L2=2.85946914 FIRST8=-0.025857091,0.0441485047,0.00032643415,-0.00285027921,0.0843487978,0.0347571,0.0101408064,0.0300932229 HASH=eeb0138f95d3ee43
STEP=0 CP=LAYER_7_Q_ROPE COUNT=1536 MIN=-13.0838623 MAX=9.75700951 MEAN=-0.113864951 L2=55.7420968 FIRST8=1.64650297,1.16745853,1.16400218,1.3509376,-0.453832686,-1.25423932,0.90302664,-1.44169009 HASH=652bcc10bba66d0b
STEP=0 CP=LAYER_7_K_ROPE COUNT=256 MIN=-19.9706039 MAX=45.3061485 MEAN=0.368044561 L2=72.9434955 FIRST8=-0.0270234942,0.00726461411,-0.0706818104,-0.0146163702,-0.0641027242,-0.0413503647,-0.0158368945,0.0456007719 HASH=b9ef9e7e0df953a8
STEP=0 CP=KV_WRITE LAYER=7 COUNT=256 K_MIN=-19.9706039 K_MAX=45.3061485 K_MEAN=0.368044561 K_L2=72.9434955 K_HASH=b9ef9e7e0df953a8 V_MIN=-0.968750834 V_MAX=2.20672107 V_MEAN=-0.00888947257 V_L2=2.85946914 V_HASH=eeb0138f95d3ee43
STEP=0 CP=LAYER_7_ATTN_SCORES COUNT=1 MIN=1.73150754 MAX=1.73150754 MEAN=1.73150754 L2=1.73150754 FIRST8=1.73150754,0,0,0,0,0,0,0 HASH=a15255d0abee1067
STEP=0 CP=LAYER_7_ATTN_PROBS COUNT=1 MIN=1 MAX=1 MEAN=1 L2=1 FIRST8=1,0,0,0,0,0,0,0 HASH=2fa183a08531045a
STEP=0 CP=LAYER_7_ATTN_SCORES COUNT=1 MIN=1.18256998 MAX=1.18256998 MEAN=1.18256998 L2=1.18256998 FIRST8=1.18256998,0,0,0,0,0,0,0 HASH=8437a568a13cedd7
STEP=0 CP=LAYER_7_ATTN_PROBS COUNT=1 MIN=1 MAX=1 MEAN=1 L2=1 FIRST8=1,0,0,0,0,0,0,0 HASH=2fa183a08531045a
STEP=0 CP=LAYER_7_ATTN_SCORES COUNT=1 MIN=0.437674224 MAX=0.437674224 MEAN=0.437674224 L2=0.437674224 FIRST8=0.437674224,0,0,0,0,0,0,0 HASH=c87ba92139ae460d
STEP=0 CP=LAYER_7_ATTN_PROBS COUNT=1 MIN=1 MAX=1 MEAN=1 L2=1 FIRST8=1,0,0,0,0,0,0,0 HASH=2fa183a08531045a
STEP=0 CP=LAYER_7_ATTN_SCORES COUNT=1 MIN=1.71020138 MAX=1.71020138 MEAN=1.71020138 L2=1.71020138 FIRST8=1.71020138,0,0,0,0,0,0,0 HASH=4ed6ff8cb1e61b1c
STEP=0 CP=LAYER_7_ATTN_PROBS COUNT=1 MIN=1 MAX=1 MEAN=1 L2=1 FIRST8=1,0,0,0,0,0,0,0 HASH=2fa183a08531045a
STEP=0 CP=LAYER_7_ATTN_SCORES COUNT=1 MIN=2.14036584 MAX=2.14036584 MEAN=2.14036584 L2=2.14036584 FIRST8=2.14036584,0,0,0,0,0,0,0 HASH=c3f0758624eb0927
STEP=0 CP=LAYER_7_ATTN_PROBS COUNT=1 MIN=1 MAX=1 MEAN=1 L2=1 FIRST8=1,0,0,0,0,0,0,0 HASH=2fa183a08531045a
STEP=0 CP=LAYER_7_ATTN_SCORES COUNT=1 MIN=2.5922327 MAX=2.5922327 MEAN=2.5922327 L2=2.5922327 FIRST8=2.5922327,0,0,0,0,0,0,0 HASH=2d0df4c986cdb71b
STEP=0 CP=LAYER_7_ATTN_PROBS COUNT=1 MIN=1 MAX=1 MEAN=1 L2=1 FIRST8=1,0,0,0,0,0,0,0 HASH=2fa183a08531045a
STEP=0 CP=LAYER_7_ATTN_SCORES COUNT=1 MIN=25.4606361 MAX=25.4606361 MEAN=25.4606361 L2=25.4606361 FIRST8=25.4606361,0,0,0,0,0,0,0 HASH=a9f345b36dce4064
STEP=0 CP=LAYER_7_ATTN_PROBS COUNT=1 MIN=1 MAX=1 MEAN=1 L2=1 FIRST8=1,0,0,0,0,0,0,0 HASH=2fa183a08531045a
STEP=0 CP=LAYER_7_ATTN_SCORES COUNT=1 MIN=23.0617599 MAX=23.0617599 MEAN=23.0617599 L2=23.0617599 FIRST8=23.0617599,0,0,0,0,0,0,0 HASH=cb844ba9c7625b46
STEP=0 CP=LAYER_7_ATTN_PROBS COUNT=1 MIN=1 MAX=1 MEAN=1 L2=1 FIRST8=1,0,0,0,0,0,0,0 HASH=2fa183a08531045a
STEP=0 CP=LAYER_7_ATTN_SCORES COUNT=1 MIN=26.7268066 MAX=26.7268066 MEAN=26.7268066 L2=26.7268066 FIRST8=26.7268066,0,0,0,0,0,0,0 HASH=27ea2578cac17e81
STEP=0 CP=LAYER_7_ATTN_PROBS COUNT=1 MIN=1 MAX=1 MEAN=1 L2=1 FIRST8=1,0,0,0,0,0,0,0 HASH=2fa183a08531045a
STEP=0 CP=LAYER_7_ATTN_SCORES COUNT=1 MIN=20.5284615 MAX=20.5284615 MEAN=20.5284615 L2=20.5284615 FIRST8=20.5284615,0,0,0,0,0,0,0 HASH=37cf29e8d2ba568c
STEP=0 CP=LAYER_7_ATTN_PROBS COUNT=1 MIN=1 MAX=1 MEAN=1 L2=1 FIRST8=1,0,0,0,0,0,0,0 HASH=2fa183a08531045a
STEP=0 CP=LAYER_7_ATTN_SCORES COUNT=1 MIN=26.4283619 MAX=26.4283619 MEAN=26.4283619 L2=26.4283619 FIRST8=26.4283619,0,0,0,0,0,0,0 HASH=48871af0d8ec6add
STEP=0 CP=LAYER_7_ATTN_PROBS COUNT=1 MIN=1 MAX=1 MEAN=1 L2=1 FIRST8=1,0,0,0,0,0,0,0 HASH=2fa183a08531045a
STEP=0 CP=LAYER_7_ATTN_SCORES COUNT=1 MIN=26.8813972 MAX=26.8813972 MEAN=26.8813972 L2=26.8813972 FIRST8=26.8813972,0,0,0,0,0,0,0 HASH=c85c7957d91938aa
STEP=0 CP=LAYER_7_ATTN_PROBS COUNT=1 MIN=1 MAX=1 MEAN=1 L2=1 FIRST8=1,0,0,0,0,0,0,0 HASH=2fa183a08531045a
STEP=0 CP=LAYER_7_ATTN_VALUE COUNT=1536 MIN=-0.968750834 MAX=2.20672107 MEAN=-0.00888947257 L2=7.00424034 FIRST8=-0.025857091,0.0441485047,0.00032643415,-0.00285027921,0.0843487978,0.0347571,0.0101408064,0.0300932229 HASH=d52733bf24fb1c7f
STEP=0 CP=LAYER_7_O_PROJ COUNT=1536 MIN=-1.25341165 MAX=2.83384323 MEAN=-0.00351515256 L2=4.94376905 FIRST8=-0.0101027396,0.0416441634,0.155524403,-5.68466057e-05,0.0488236025,0.00374465389,-0.099220261,-0.0118853571 HASH=456693f90940c061
STEP=0 CP=LAYER_7_ATTN_RESIDUAL COUNT=1536 MIN=-4205.92822 MAX=2541.51782 MEAN=-0.602310342 L2=6291.52806 FIRST8=-15.1363115,2.32225227,2.44436717,-19.4859295,6.84790373,-5.49022961,3.29231095,-11.309062 HASH=52d2701b8ffcaabd
STEP=0 CP=LAYER_7_FFN_NORM COUNT=1536 MIN=-24.5625019 MAX=19.0477371 MEAN=-0.00507551286 L2=34.7046915 FIRST8=-0.0371998288,0.0166133121,0.0149293076,-0.121383764,0.0396583006,-0.0328643583,0.0225917287,-0.0693468377 HASH=55c0e14c6a3aecb3
STEP=0 CP=LAYER_7_FFN_GATE COUNT=8960 MIN=-4.63278103 MAX=4.70936871 MEAN=-0.47730108 L2=68.3572339 FIRST8=-0.775195241,-0.338607341,-0.129893541,0.0209514983,-2.02634239,-0.480005503,-0.116405658,-1.05940235 HASH=354ed31e313157cd
STEP=0 CP=LAYER_7_FFN_UP COUNT=8960 MIN=-2.73889375 MAX=3.07721424 MEAN=0.00529405422 L2=33.1838237 FIRST8=0.364821047,-0.0919513255,-0.0669557229,0.767939806,-0.212618515,0.0504248105,-0.0844562873,0.0364621468 HASH=baa15412cb8b49c5
STEP=0 CP=LAYER_7_SWIGLU COUNT=8960 MIN=-1.60369182 MAX=2.32525849 MEAN=9.50934355e-05 L2=7.85717605 FIRST8=-0.0891851485,0.0129569266,0.00406652968,0.0081290165,0.0501774326,-0.00925207138,0.00462981593,-0.00994378421 HASH=45729ecd5920548b
STEP=0 CP=LAYER_7_FFN_DOWN COUNT=1536 MIN=-4.96800995 MAX=2.70635486 MEAN=-0.00402195814 L2=11.4595745 FIRST8=-0.0697473809,0.148293912,-0.052743189,-0.269596279,0.0418197997,0.060948927,0.125668406,-0.303614736 HASH=3eaa74ac9dd14503
STEP=0 CP=LAYER_7_LAYER_RESIDUAL COUNT=1536 MIN=-4208.02832 MAX=2542.54224 MEAN=-0.606332321 L2=6295.60952 FIRST8=-15.2060585,2.47054625,2.39162397,-19.7555256,6.8897233,-5.42928076,3.41797924,-11.6126766 HASH=04b74fcfdc7f7737
STEP=0 CP=LAYER_8_ATTN_NORM COUNT=1536 MIN=-5.00543404 MAX=4.18172026 MEAN=-0.00779619977 L2=11.993442 FIRST8=-0.0539867692,0.0171821248,0.019890096,-0.108571261,0.0459060781,-0.0281215832,0.0219427571,-0.0666441768 HASH=5b47add87a1f88f3
STEP=0 CP=LAYER_8_Q COUNT=1536 MIN=-17.0765095 MAX=11.4684401 MEAN=0.0386074938 L2=59.7925527 FIRST8=0.829229951,1.14829826,0.37729013,0.581201315,1.72813058,1.74736905,1.01380134,-1.23703623 HASH=998ac857c7025e07
STEP=0 CP=LAYER_8_K COUNT=256 MIN=-0.618077993 MAX=0.716411114 MEAN=0.00399379358 L2=1.46093316 FIRST8=0.00510178506,0.0238237381,0.0156628489,0.0272422135,0.0258701146,-0.00970156491,-0.00603599101,-0.023993507 HASH=d4b161cd9f260cb0
STEP=0 CP=LAYER_8_V COUNT=256 MIN=-1.87750053 MAX=0.19208762 MEAN=-0.00981687035 L2=2.35042581 FIRST8=0.00630698726,-0.000396249816,-0.00277818553,-0.0426184982,-0.0404892862,-0.036679104,-0.0118679237,0.00937561691 HASH=badddf26bc8a1241
STEP=0 CP=LAYER_8_Q_ROPE COUNT=1536 MIN=-17.0765095 MAX=11.4684401 MEAN=0.0386074938 L2=59.7925527 FIRST8=0.829229951,1.14829826,0.37729013,0.581201315,1.72813058,1.74736905,1.01380134,-1.23703623 HASH=998ac857c7025e07
STEP=0 CP=LAYER_8_K_ROPE COUNT=256 MIN=-0.618077993 MAX=0.716411114 MEAN=0.00399379358 L2=1.46093316 FIRST8=0.00510178506,0.0238237381,0.0156628489,0.0272422135,0.0258701146,-0.00970156491,-0.00603599101,-0.023993507 HASH=d4b161cd9f260cb0
STEP=0 CP=KV_WRITE LAYER=8 COUNT=256 K_MIN=-0.618077993 K_MAX=0.716411114 K_MEAN=0.00399379358 K_L2=1.46093316 K_HASH=d4b161cd9f260cb0 V_MIN=-1.87750053 V_MAX=0.19208762 V_MEAN=-0.00981687035 V_L2=2.35042581 V_HASH=badddf26bc8a1241
STEP=0 CP=LAYER_8_ATTN_SCORES COUNT=1 MIN=0.875042319 MAX=0.875042319 MEAN=0.875042319 L2=0.875042319 FIRST8=0.875042319,0,0,0,0,0,0,0 HASH=61b85b9b9c2adb2e
STEP=0 CP=LAYER_8_ATTN_PROBS COUNT=1 MIN=1 MAX=1 MEAN=1 L2=1 FIRST8=1,0,0,0,0,0,0,0 HASH=2fa183a08531045a
STEP=0 CP=LAYER_8_ATTN_SCORES COUNT=1 MIN=0.892976582 MAX=0.892976582 MEAN=0.892976582 L2=0.892976582 FIRST8=0.892976582,0,0,0,0,0,0,0 HASH=84c5ec839324c0a9
STEP=0 CP=LAYER_8_ATTN_PROBS COUNT=1 MIN=1 MAX=1 MEAN=1 L2=1 FIRST8=1,0,0,0,0,0,0,0 HASH=2fa183a08531045a
STEP=0 CP=LAYER_8_ATTN_SCORES COUNT=1 MIN=0.715370476 MAX=0.715370476 MEAN=0.715370476 L2=0.715370476 FIRST8=0.715370476,0,0,0,0,0,0,0 HASH=ece08f8dc71ed76e
STEP=0 CP=LAYER_8_ATTN_PROBS COUNT=1 MIN=1 MAX=1 MEAN=1 L2=1 FIRST8=1,0,0,0,0,0,0,0 HASH=2fa183a08531045a
STEP=0 CP=LAYER_8_ATTN_SCORES COUNT=1 MIN=1.08975101 MAX=1.08975101 MEAN=1.08975101 L2=1.08975101 FIRST8=1.08975101,0,0,0,0,0,0,0 HASH=80b0d32b47afbb9b
STEP=0 CP=LAYER_8_ATTN_PROBS COUNT=1 MIN=1 MAX=1 MEAN=1 L2=1 FIRST8=1,0,0,0,0,0,0,0 HASH=2fa183a08531045a
STEP=0 CP=LAYER_8_ATTN_SCORES COUNT=1 MIN=1.1858083 MAX=1.1858083 MEAN=1.1858083 L2=1.1858083 FIRST8=1.1858083,0,0,0,0,0,0,0 HASH=acbc11f16492d258
STEP=0 CP=LAYER_8_ATTN_PROBS COUNT=1 MIN=1 MAX=1 MEAN=1 L2=1 FIRST8=1,0,0,0,0,0,0,0 HASH=2fa183a08531045a
STEP=0 CP=LAYER_8_ATTN_SCORES COUNT=1 MIN=1.00202107 MAX=1.00202107 MEAN=1.00202107 L2=1.00202107 FIRST8=1.00202107,0,0,0,0,0,0,0 HASH=b6361761739a4bda
STEP=0 CP=LAYER_8_ATTN_PROBS COUNT=1 MIN=1 MAX=1 MEAN=1 L2=1 FIRST8=1,0,0,0,0,0,0,0 HASH=2fa183a08531045a
STEP=0 CP=LAYER_8_ATTN_SCORES COUNT=1 MIN=0.83433789 MAX=0.83433789 MEAN=0.83433789 L2=0.83433789 FIRST8=0.83433789,0,0,0,0,0,0,0 HASH=57e981d744ba1505
STEP=0 CP=LAYER_8_ATTN_PROBS COUNT=1 MIN=1 MAX=1 MEAN=1 L2=1 FIRST8=1,0,0,0,0,0,0,0 HASH=2fa183a08531045a
STEP=0 CP=LAYER_8_ATTN_SCORES COUNT=1 MIN=0.900943398 MAX=0.900943398 MEAN=0.900943398 L2=0.900943398 FIRST8=0.900943398,0,0,0,0,0,0,0 HASH=7c53ed65da35232a
STEP=0 CP=LAYER_8_ATTN_PROBS COUNT=1 MIN=1 MAX=1 MEAN=1 L2=1 FIRST8=1,0,0,0,0,0,0,0 HASH=2fa183a08531045a
STEP=0 CP=LAYER_8_ATTN_SCORES COUNT=1 MIN=0.735340714 MAX=0.735340714 MEAN=0.735340714 L2=0.735340714 FIRST8=0.735340714,0,0,0,0,0,0,0 HASH=53119ae8e287152d
STEP=0 CP=LAYER_8_ATTN_PROBS COUNT=1 MIN=1 MAX=1 MEAN=1 L2=1 FIRST8=1,0,0,0,0,0,0,0 HASH=2fa183a08531045a
STEP=0 CP=LAYER_8_ATTN_SCORES COUNT=1 MIN=0.34581092 MAX=0.34581092 MEAN=0.34581092 L2=0.34581092 FIRST8=0.34581092,0,0,0,0,0,0,0 HASH=a3eec1a3029688ef
STEP=0 CP=LAYER_8_ATTN_PROBS COUNT=1 MIN=1 MAX=1 MEAN=1 L2=1 FIRST8=1,0,0,0,0,0,0,0 HASH=2fa183a08531045a
STEP=0 CP=LAYER_8_ATTN_SCORES COUNT=1 MIN=0.840012908 MAX=0.840012908 MEAN=0.840012908 L2=0.840012908 FIRST8=0.840012908,0,0,0,0,0,0,0 HASH=12b8cd366156035a
STEP=0 CP=LAYER_8_ATTN_PROBS COUNT=1 MIN=1 MAX=1 MEAN=1 L2=1 FIRST8=1,0,0,0,0,0,0,0 HASH=2fa183a08531045a
STEP=0 CP=LAYER_8_ATTN_SCORES COUNT=1 MIN=0.806385875 MAX=0.806385875 MEAN=0.806385875 L2=0.806385875 FIRST8=0.806385875,0,0,0,0,0,0,0 HASH=6416eb08dac60e37
STEP=0 CP=LAYER_8_ATTN_PROBS COUNT=1 MIN=1 MAX=1 MEAN=1 L2=1 FIRST8=1,0,0,0,0,0,0,0 HASH=2fa183a08531045a
STEP=0 CP=LAYER_8_ATTN_VALUE COUNT=1536 MIN=-1.87750053 MAX=0.19208762 MEAN=-0.00981687035 L2=5.75734392 FIRST8=0.00630698726,-0.000396249816,-0.00277818553,-0.0426184982,-0.0404892862,-0.036679104,-0.0118679237,0.00937561691 HASH=2e3a013e68dc2c53
STEP=0 CP=LAYER_8_O_PROJ COUNT=1536 MIN=-0.882261038 MAX=2.51835799 MEAN=-0.00186770685 L2=4.39156967 FIRST8=0.0291178897,-0.046413023,0.0946415439,0.114885062,0.0534453392,-0.00835710205,-0.0331656933,0.0110998573 HASH=d54a84f7e60d2d17
STEP=0 CP=LAYER_8_ATTN_RESIDUAL COUNT=1536 MIN=-4207.46045 MAX=2542.35767 MEAN=-0.608199867 L2=6294.48349 FIRST8=-15.1769409,2.4241333,2.48626542,-19.6406403,6.94316864,-5.43763781,3.38481355,-11.6015768 HASH=c9fa008883f63ff2
STEP=0 CP=LAYER_8_FFN_NORM COUNT=1536 MIN=-23.638916 MAX=19.7871017 MEAN=-0.00528364986 L2=34.2134554 FIRST8=-0.0302686896,0.0182773713,0.0152990185,-0.13375476,0.0405288711,-0.0333277769,0.0243681185,-0.0744931772 HASH=397498f8e77ac5e3
STEP=0 CP=LAYER_8_FFN_GATE COUNT=8960 MIN=-4.02737474 MAX=1.58024585 MEAN=-0.454674659 L2=65.4569474 FIRST8=-0.42681092,-0.757329047,-0.429819703,-1.08692336,0.0557175502,-0.546603322,0.2951819,0.115907788 HASH=5a76f08b5cfc5fdc
STEP=0 CP=LAYER_8_FFN_UP COUNT=8960 MIN=-3.34667373 MAX=2.35522819 MEAN=-0.00737544233 L2=31.375298 FIRST8=0.581352413,0.00692808628,0.769742429,-0.0303354692,0.255496472,-0.0404596217,-0.361590058,0.303088129 HASH=92a7a8dec5625a64
STEP=0 CP=LAYER_8_SWIGLU COUNT=8960 MIN=-1.12726951 MAX=1.52834642 MEAN=-0.000180796548 L2=6.37364246 FIRST8=-0.0979826152,-0.00167493033,-0.130411118,0.00831555761,0.0073160613,0.00810866058,-0.0611872673,0.0185819678 HASH=822d9bbc2c36de53
STEP=0 CP=LAYER_8_FFN_DOWN COUNT=1536 MIN=-4.2684164 MAX=2.13578677 MEAN=-0.00536282842 L2=8.75835801 FIRST8=-0.0293816868,-0.185015514,-0.257668257,0.0115976855,0.230840206,-0.134840623,0.108410329,-0.00651077367 HASH=0768664363cc779b
STEP=0 CP=LAYER_8_LAYER_RESIDUAL COUNT=1536 MIN=-4208.3252 MAX=2542.8689 MEAN=-0.61356266 L2=6296.81651 FIRST8=-15.2063227,2.23911786,2.22859716,-19.6290417,7.17400885,-5.57247829,3.49322391,-11.6080875 HASH=260c65a668fa724c
STEP=0 CP=LAYER_9_ATTN_NORM COUNT=1536 MIN=-5.03418732 MAX=4.1422286 MEAN=-0.0104192766 L2=13.0175131 FIRST8=-0.0245855805,0.0151340924,0.0166884847,-0.11692296,0.0470934287,-0.0331931971,0.0239502545,-0.0697095469 HASH=5d5aaacfe3276861
STEP=0 CP=LAYER_9_Q COUNT=1536 MIN=-14.4410839 MAX=21.5523071 MEAN=0.054126267 L2=69.6839741 FIRST8=1.70959687,0.146911919,1.34210527,-2.00469494,-1.00751185,1.9924984,-0.484639794,0.7732687 HASH=b7c8342ce0cfc510
STEP=0 CP=LAYER_9_K COUNT=256 MIN=-2.43419123 MAX=2.04302883 MEAN=0.00220061041 L2=3.36302156 FIRST8=-0.0409175232,-0.0470531732,0.00997442007,0.0207338333,0.0271281898,-0.0202862024,0.0349095464,0.00560420007 HASH=ec934883183f31f7
STEP=0 CP=LAYER_9_V COUNT=256 MIN=-3.17268467 MAX=1.9150846 MEAN=-0.00661888832 L2=3.78572016 FIRST8=-0.0299816635,0.018560037,0.0260777101,-0.00110370107,0.0112839127,-0.0620218217,-0.0417391509,-0.0330802388 HASH=d5e8d4635a94e568
STEP=0 CP=LAYER_9_Q_ROPE COUNT=1536 MIN=-14.4410839 MAX=21.5523071 MEAN=0.054126267 L2=69.6839741 FIRST8=1.70959687,0.146911919,1.34210527,-2.00469494,-1.00751185,1.9924984,-0.484639794,0.7732687 HASH=b7c8342ce0cfc510
STEP=0 CP=LAYER_9_K_ROPE COUNT=256 MIN=-2.43419123 MAX=2.04302883 MEAN=0.00220061041 L2=3.36302156 FIRST8=-0.0409175232,-0.0470531732,0.00997442007,0.0207338333,0.0271281898,-0.0202862024,0.0349095464,0.00560420007 HASH=ec934883183f31f7
STEP=0 CP=KV_WRITE LAYER=9 COUNT=256 K_MIN=-2.43419123 K_MAX=2.04302883 K_MEAN=0.00220061041 K_L2=3.36302156 K_HASH=ec934883183f31f7 V_MIN=-3.17268467 V_MAX=1.9150846 V_MEAN=-0.00661888832 V_L2=3.78572016 V_HASH=d5e8d4635a94e568
STEP=0 CP=LAYER_9_ATTN_SCORES COUNT=1 MIN=0.361170232 MAX=0.361170232 MEAN=0.361170232 L2=0.361170232 FIRST8=0.361170232,0,0,0,0,0,0,0 HASH=dbd28e0b62b031ae
STEP=0 CP=LAYER_9_ATTN_PROBS COUNT=1 MIN=1 MAX=1 MEAN=1 L2=1 FIRST8=1,0,0,0,0,0,0,0 HASH=2fa183a08531045a
STEP=0 CP=LAYER_9_ATTN_SCORES COUNT=1 MIN=1.28764713 MAX=1.28764713 MEAN=1.28764713 L2=1.28764713 FIRST8=1.28764713,0,0,0,0,0,0,0 HASH=2864bf44547559ba
STEP=0 CP=LAYER_9_ATTN_PROBS COUNT=1 MIN=1 MAX=1 MEAN=1 L2=1 FIRST8=1,0,0,0,0,0,0,0 HASH=2fa183a08531045a
STEP=0 CP=LAYER_9_ATTN_SCORES COUNT=1 MIN=1.24832535 MAX=1.24832535 MEAN=1.24832535 L2=1.24832535 FIRST8=1.24832535,0,0,0,0,0,0,0 HASH=61e193a771bdf326
STEP=0 CP=LAYER_9_ATTN_PROBS COUNT=1 MIN=1 MAX=1 MEAN=1 L2=1 FIRST8=1,0,0,0,0,0,0,0 HASH=2fa183a08531045a
STEP=0 CP=LAYER_9_ATTN_SCORES COUNT=1 MIN=0.807860315 MAX=0.807860315 MEAN=0.807860315 L2=0.807860315 FIRST8=0.807860315,0,0,0,0,0,0,0 HASH=e368a7dfaf966cf6
STEP=0 CP=LAYER_9_ATTN_PROBS COUNT=1 MIN=1 MAX=1 MEAN=1 L2=1 FIRST8=1,0,0,0,0,0,0,0 HASH=2fa183a08531045a
STEP=0 CP=LAYER_9_ATTN_SCORES COUNT=1 MIN=1.27066648 MAX=1.27066648 MEAN=1.27066648 L2=1.27066648 FIRST8=1.27066648,0,0,0,0,0,0,0 HASH=e453901ad6803558
STEP=0 CP=LAYER_9_ATTN_PROBS COUNT=1 MIN=1 MAX=1 MEAN=1 L2=1 FIRST8=1,0,0,0,0,0,0,0 HASH=2fa183a08531045a
STEP=0 CP=LAYER_9_ATTN_SCORES COUNT=1 MIN=1.40388751 MAX=1.40388751 MEAN=1.40388751 L2=1.40388751 FIRST8=1.40388751,0,0,0,0,0,0,0 HASH=85422a08b12f7bf9
STEP=0 CP=LAYER_9_ATTN_PROBS COUNT=1 MIN=1 MAX=1 MEAN=1 L2=1 FIRST8=1,0,0,0,0,0,0,0 HASH=2fa183a08531045a
STEP=0 CP=LAYER_9_ATTN_SCORES COUNT=1 MIN=0.2303918 MAX=0.2303918 MEAN=0.2303918 L2=0.2303918 FIRST8=0.2303918,0,0,0,0,0,0,0 HASH=95bc0c2ed0189267
STEP=0 CP=LAYER_9_ATTN_PROBS COUNT=1 MIN=1 MAX=1 MEAN=1 L2=1 FIRST8=1,0,0,0,0,0,0,0 HASH=2fa183a08531045a
STEP=0 CP=LAYER_9_ATTN_SCORES COUNT=1 MIN=0.482505113 MAX=0.482505113 MEAN=0.482505113 L2=0.482505113 FIRST8=0.482505113,0,0,0,0,0,0,0 HASH=380783cfe79ac0fd
STEP=0 CP=LAYER_9_ATTN_PROBS COUNT=1 MIN=1 MAX=1 MEAN=1 L2=1 FIRST8=1,0,0,0,0,0,0,0 HASH=2fa183a08531045a
STEP=0 CP=LAYER_9_ATTN_SCORES COUNT=1 MIN=0.380929142 MAX=0.380929142 MEAN=0.380929142 L2=0.380929142 FIRST8=0.380929142,0,0,0,0,0,0,0 HASH=5c0636c479fbc668
STEP=0 CP=LAYER_9_ATTN_PROBS COUNT=1 MIN=1 MAX=1 MEAN=1 L2=1 FIRST8=1,0,0,0,0,0,0,0 HASH=2fa183a08531045a
STEP=0 CP=LAYER_9_ATTN_SCORES COUNT=1 MIN=0.435135216 MAX=0.435135216 MEAN=0.435135216 L2=0.435135216 FIRST8=0.435135216,0,0,0,0,0,0,0 HASH=99a0facdc3eb3512
STEP=0 CP=LAYER_9_ATTN_PROBS COUNT=1 MIN=1 MAX=1 MEAN=1 L2=1 FIRST8=1,0,0,0,0,0,0,0 HASH=2fa183a08531045a
STEP=0 CP=LAYER_9_ATTN_SCORES COUNT=1 MIN=0.495637208 MAX=0.495637208 MEAN=0.495637208 L2=0.495637208 FIRST8=0.495637208,0,0,0,0,0,0,0 HASH=f0f33be1e90fa7f5
STEP=0 CP=LAYER_9_ATTN_PROBS COUNT=1 MIN=1 MAX=1 MEAN=1 L2=1 FIRST8=1,0,0,0,0,0,0,0 HASH=2fa183a08531045a
STEP=0 CP=LAYER_9_ATTN_SCORES COUNT=1 MIN=0.385126561 MAX=0.385126561 MEAN=0.385126561 L2=0.385126561 FIRST8=0.385126561,0,0,0,0,0,0,0 HASH=f9d90a00a3802a46
STEP=0 CP=LAYER_9_ATTN_PROBS COUNT=1 MIN=1 MAX=1 MEAN=1 L2=1 FIRST8=1,0,0,0,0,0,0,0 HASH=2fa183a08531045a
STEP=0 CP=LAYER_9_ATTN_VALUE COUNT=1536 MIN=-3.17268467 MAX=1.9150846 MEAN=-0.00661888832 L2=9.27308269 FIRST8=-0.0299816635,0.018560037,0.0260777101,-0.00110370107,0.0112839127,-0.0620218217,-0.0417391509,-0.0330802388 HASH=d2b03ad4507ac86f
STEP=0 CP=LAYER_9_O_PROJ COUNT=1536 MIN=-2.01245761 MAX=5.65565968 MEAN=-0.00316707378 L2=7.67505173 FIRST8=0.0717803091,0.106225751,0.203387469,0.130263403,0.0535667464,-0.0297731217,-0.108571775,0.018659113 HASH=10a3d5afa8641acc
STEP=0 CP=LAYER_9_ATTN_RESIDUAL COUNT=1536 MIN=-4207.56104 MAX=2542.75073 MEAN=-0.61672953 L2=6294.7471 FIRST8=-15.1345425,2.34534359,2.43198466,-19.4987774,7.22757578,-5.60225153,3.38465214,-11.5894289 HASH=c45fd5b6688e22a2
STEP=0 CP=LAYER_9_FFN_NORM COUNT=1536 MIN=-22.4105167 MAX=18.0577641 MEAN=-0.00581425111 L2=31.9409642 FIRST8=-0.0244775694,0.0181389004,0.0143729011,-0.131834626,0.0416599102,-0.0329727605,0.0243659355,-0.0738483295 HASH=1d5728b57ddaa459
STEP=0 CP=LAYER_9_FFN_GATE COUNT=8960 MIN=-3.26468992 MAX=3.09844875 MEAN=-0.399322639 L2=59.8403878 FIRST8=0.420897007,-0.118206643,0.0182167869,0.148906961,-0.930066168,-0.148523554,-0.498217434,-0.237457618 HASH=228a2b4241da4398
STEP=0 CP=LAYER_9_FFN_UP COUNT=8960 MIN=-2.4083941 MAX=1.66236079 MEAN=0.00658793972 L2=30.6306844 FIRST8=-0.018475458,-0.343462676,0.00765212486,0.248285666,0.102925681,-0.295175642,0.161327064,0.0478837937 HASH=281b4d79264dacd6
STEP=0 CP=LAYER_9_SWIGLU COUNT=8960 MIN=-1.679281 MAX=1.66865182 MEAN=-0.00121910711 L2=6.63351016 FIRST8=-0.00469451491,0.0191013943,7.03333862e-05,0.0198595207,-0.0270824451,0.0202954169,-0.0303788707,-0.00501334481 HASH=fdd5df117ba29dba
STEP=0 CP=LAYER_9_FFN_DOWN COUNT=1536 MIN=-6.06099129 MAX=2.29748034 MEAN=-0.00287767401 L2=10.4607018 FIRST8=-0.138678178,-0.0143781155,0.0307558849,0.0566437542,0.0866965801,-0.0739102662,0.249613568,-0.0682994425 HASH=e6284f703fd21aed
STEP=0 CP=LAYER_9_LAYER_RESIDUAL COUNT=1536 MIN=-4209.25684 MAX=2544.01782 MEAN=-0.619607131 L2=6298.61026 FIRST8=-15.273221,2.33096552,2.46274066,-19.4421329,7.3142724,-5.67616177,3.63426566,-11.6577282 HASH=dca539b5be30d519
STEP=0 CP=LAYER_10_ATTN_NORM COUNT=1536 MIN=-4.34182549 MAX=3.15178823 MEAN=-0.00918447193 L2=11.1798677 FIRST8=-0.0167052913,0.0206228234,0.0232252982,-0.132316142,0.0522672161,-0.0342150629,0.0318002142,-0.0725378692 HASH=59e19cfcb41ce496
STEP=0 CP=LAYER_10_Q COUNT=1536 MIN=-5.0574522 MAX=16.6326332 MEAN=0.120328913 L2=57.3209193 FIRST8=-0.0632773116,-0.220352277,-0.117677577,0.170239553,0.285595059,-0.0880119726,-0.222253591,-0.38466078 HASH=818a513bf053767d
STEP=0 CP=LAYER_10_K COUNT=256 MIN=-0.454359531 MAX=0.457331657 MEAN=0.0125141573 L2=1.37379026 FIRST8=-0.00460892916,-0.00801050663,-0.0346464738,-0.0155422464,0.0269358754,-0.0172149837,-0.0144516081,0.00508494675 HASH=4babb897e1e35642
STEP=0 CP=LAYER_10_V COUNT=256 MIN=-2.75900531 MAX=0.472869664 MEAN=-0.0136861475 L2=3.25198075 FIRST8=-0.0542863309,0.131243035,0.0247637518,0.0280816033,-0.0661263689,0.0375173166,0.00169256516,0.0200523436 HASH=c7a8ffc8ec526c60
STEP=0 CP=LAYER_10_Q_ROPE COUNT=1536 MIN=-5.0574522 MAX=16.6326332 MEAN=0.120328913 L2=57.3209193 FIRST8=-0.0632773116,-0.220352277,-0.117677577,0.170239553,0.285595059,-0.0880119726,-0.222253591,-0.38466078 HASH=818a513bf053767d
STEP=0 CP=LAYER_10_K_ROPE COUNT=256 MIN=-0.454359531 MAX=0.457331657 MEAN=0.0125141573 L2=1.37379026 FIRST8=-0.00460892916,-0.00801050663,-0.0346464738,-0.0155422464,0.0269358754,-0.0172149837,-0.0144516081,0.00508494675 HASH=4babb897e1e35642
STEP=0 CP=KV_WRITE LAYER=10 COUNT=256 K_MIN=-0.454359531 K_MAX=0.457331657 K_MEAN=0.0125141573 K_L2=1.37379026 K_HASH=4babb897e1e35642 V_MIN=-2.75900531 V_MAX=0.472869664 V_MEAN=-0.0136861475 V_L2=3.25198075 V_HASH=c7a8ffc8ec526c60
STEP=0 CP=LAYER_10_ATTN_SCORES COUNT=1 MIN=0.386386067 MAX=0.386386067 MEAN=0.386386067 L2=0.386386067 FIRST8=0.386386067,0,0,0,0,0,0,0 HASH=2ad41dd5f6c3b431
STEP=0 CP=LAYER_10_ATTN_PROBS COUNT=1 MIN=1 MAX=1 MEAN=1 L2=1 FIRST8=1,0,0,0,0,0,0,0 HASH=2fa183a08531045a
STEP=0 CP=LAYER_10_ATTN_SCORES COUNT=1 MIN=0.660214007 MAX=0.660214007 MEAN=0.660214007 L2=0.660214007 FIRST8=0.660214007,0,0,0,0,0,0,0 HASH=8985b2c54f7b504f
STEP=0 CP=LAYER_10_ATTN_PROBS COUNT=1 MIN=1 MAX=1 MEAN=1 L2=1 FIRST8=1,0,0,0,0,0,0,0 HASH=2fa183a08531045a
STEP=0 CP=LAYER_10_ATTN_SCORES COUNT=1 MIN=0.541454315 MAX=0.541454315 MEAN=0.541454315 L2=0.541454315 FIRST8=0.541454315,0,0,0,0,0,0,0 HASH=308c4d8822f72a90
STEP=0 CP=LAYER_10_ATTN_PROBS COUNT=1 MIN=1 MAX=1 MEAN=1 L2=1 FIRST8=1,0,0,0,0,0,0,0 HASH=2fa183a08531045a
STEP=0 CP=LAYER_10_ATTN_SCORES COUNT=1 MIN=0.626331866 MAX=0.626331866 MEAN=0.626331866 L2=0.626331866 FIRST8=0.626331866,0,0,0,0,0,0,0 HASH=03e4c2f14224a38a
STEP=0 CP=LAYER_10_ATTN_PROBS COUNT=1 MIN=1 MAX=1 MEAN=1 L2=1 FIRST8=1,0,0,0,0,0,0,0 HASH=2fa183a08531045a
STEP=0 CP=LAYER_10_ATTN_SCORES COUNT=1 MIN=0.578090191 MAX=0.578090191 MEAN=0.578090191 L2=0.578090191 FIRST8=0.578090191,0,0,0,0,0,0,0 HASH=5c16044aa2d7558e
STEP=0 CP=LAYER_10_ATTN_PROBS COUNT=1 MIN=1 MAX=1 MEAN=1 L2=1 FIRST8=1,0,0,0,0,0,0,0 HASH=2fa183a08531045a
STEP=0 CP=LAYER_10_ATTN_SCORES COUNT=1 MIN=0.661643386 MAX=0.661643386 MEAN=0.661643386 L2=0.661643386 FIRST8=0.661643386,0,0,0,0,0,0,0 HASH=50978a564837d092
STEP=0 CP=LAYER_10_ATTN_PROBS COUNT=1 MIN=1 MAX=1 MEAN=1 L2=1 FIRST8=1,0,0,0,0,0,0,0 HASH=2fa183a08531045a
STEP=0 CP=LAYER_10_ATTN_SCORES COUNT=1 MIN=0.347051948 MAX=0.347051948 MEAN=0.347051948 L2=0.347051948 FIRST8=0.347051948,0,0,0,0,0,0,0 HASH=32f740b76ba9234f
STEP=0 CP=LAYER_10_ATTN_PROBS COUNT=1 MIN=1 MAX=1 MEAN=1 L2=1 FIRST8=1,0,0,0,0,0,0,0 HASH=2fa183a08531045a
STEP=0 CP=LAYER_10_ATTN_SCORES COUNT=1 MIN=0.370491922 MAX=0.370491922 MEAN=0.370491922 L2=0.370491922 FIRST8=0.370491922,0,0,0,0,0,0,0 HASH=b2464877b9ee90a9
STEP=0 CP=LAYER_10_ATTN_PROBS COUNT=1 MIN=1 MAX=1 MEAN=1 L2=1 FIRST8=1,0,0,0,0,0,0,0 HASH=2fa183a08531045a
STEP=0 CP=LAYER_10_ATTN_SCORES COUNT=1 MIN=0.0680931434 MAX=0.0680931434 MEAN=0.0680931434 L2=0.0680931434 FIRST8=0.0680931434,0,0,0,0,0,0,0 HASH=fe5026eaed86d820
STEP=0 CP=LAYER_10_ATTN_PROBS COUNT=1 MIN=1 MAX=1 MEAN=1 L2=1 FIRST8=1,0,0,0,0,0,0,0 HASH=2fa183a08531045a
STEP=0 CP=LAYER_10_ATTN_SCORES COUNT=1 MIN=0.41748938 MAX=0.41748938 MEAN=0.41748938 L2=0.41748938 FIRST8=0.41748938,0,0,0,0,0,0,0 HASH=8444dad63be1a41c
STEP=0 CP=LAYER_10_ATTN_PROBS COUNT=1 MIN=1 MAX=1 MEAN=1 L2=1 FIRST8=1,0,0,0,0,0,0,0 HASH=2fa183a08531045a
STEP=0 CP=LAYER_10_ATTN_SCORES COUNT=1 MIN=0.399482369 MAX=0.399482369 MEAN=0.399482369 L2=0.399482369 FIRST8=0.399482369,0,0,0,0,0,0,0 HASH=4e37c43f1992c39d
STEP=0 CP=LAYER_10_ATTN_PROBS COUNT=1 MIN=1 MAX=1 MEAN=1 L2=1 FIRST8=1,0,0,0,0,0,0,0 HASH=2fa183a08531045a
STEP=0 CP=LAYER_10_ATTN_SCORES COUNT=1 MIN=0.389981508 MAX=0.389981508 MEAN=0.389981508 L2=0.389981508 FIRST8=0.389981508,0,0,0,0,0,0,0 HASH=ed8702c6236cb48f
STEP=0 CP=LAYER_10_ATTN_PROBS COUNT=1 MIN=1 MAX=1 MEAN=1 L2=1 FIRST8=1,0,0,0,0,0,0,0 HASH=2fa183a08531045a
STEP=0 CP=LAYER_10_ATTN_VALUE COUNT=1536 MIN=-2.75900531 MAX=0.472869664 MEAN=-0.0136861475 L2=7.96569349 FIRST8=-0.0542863309,0.131243035,0.0247637518,0.0280816033,-0.0661263689,0.0375173166,0.00169256516,0.0200523436 HASH=3317bd54995b42eb
STEP=0 CP=LAYER_10_O_PROJ COUNT=1536 MIN=-2.70159316 MAX=7.23296213 MEAN=0.00173621367 L2=8.76850266 FIRST8=0.113759294,-0.0212168898,0.0867127031,0.0767020434,0.0943929553,-0.055453591,-0.0123704327,0.00550871575 HASH=cd99208bf6b3f0dd
STEP=0 CP=LAYER_10_ATTN_RESIDUAL COUNT=1536 MIN=-4208.56543 MAX=2543.64453 MEAN=-0.61787084 L2=6295.77769 FIRST8=-15.159462,2.30974865,2.54945326,-19.3654308,7.40866518,-5.73161554,3.62189531,-11.6522198 HASH=4453f3acc0196ef1
STEP=0 CP=LAYER_10_FFN_NORM COUNT=1536 MIN=-21.4911499 MAX=18.9271011 MEAN=-0.00619070315 L2=31.7892925 FIRST8=-0.0232236572,0.0179730151,0.0145067181,-0.126202568,0.0399944037,-0.0333105028,0.0253649857,-0.071969524 HASH=03aa3a0bea0090e2
STEP=0 CP=LAYER_10_FFN_GATE COUNT=8960 MIN=-3.0088408 MAX=2.58624601 MEAN=-0.347728148 L2=57.4425273 FIRST8=0.0212296024,0.305055976,-0.376489729,-0.978921652,0.185902134,-0.680268586,-0.120112829,-0.510945976 HASH=9ed7743030ed573b
STEP=0 CP=LAYER_10_FFN_UP COUNT=8960 MIN=-3.24647188 MAX=4.159554 MEAN=-0.00488940182 L2=34.3431888 FIRST8=-0.31318,0.622296691,-0.428371578,0.0560296401,0.108224556,-0.804628134,0.177946791,0.216708437 HASH=d169cd5f02e433d4
STEP=0 CP=LAYER_10_SWIGLU COUNT=8960 MIN=-0.937948048 MAX=1.33664203 MEAN=5.62166607e-05 L2=7.15637003 FIRST8=-0.00335962931,0.109284021,0.0656357184,-0.0149794789,0.0109919533,0.184024274,-0.0100458032,-0.0415192395 HASH=5c5bb469191cc4cb
STEP=0 CP=LAYER_10_FFN_DOWN COUNT=1536 MIN=-6.7051878 MAX=2.07170296 MEAN=-0.00281713957 L2=11.7207097 FIRST8=-0.127383202,0.0268769544,0.0110668615,0.178662419,-0.0484329611,0.120774552,0.310836792,0.103971913 HASH=ea57b987d6209831
STEP=0 CP=LAYER_10_LAYER_RESIDUAL COUNT=1536 MIN=-4211.06592 MAX=2544.96606 MEAN=-0.620688032 L2=6300.11826 FIRST8=-15.2868452,2.33662558,2.56052017,-19.1867676,7.36023235,-5.6108408,3.93273211,-11.5482483 HASH=7abf3d90f872b03d
STEP=0 CP=LAYER_11_ATTN_NORM COUNT=1536 MIN=-5.613657 MAX=3.58686519 MEAN=-0.0132335673 L2=13.3059502 FIRST8=-0.0149517041,0.0212357529,0.0219016988,-0.123087138,0.048648268,-0.0346312858,0.0305809733,-0.0695944726 HASH=cbf8979790400606
STEP=0 CP=LAYER_11_Q COUNT=1536 MIN=-22.0228405 MAX=6.48517323 MEAN=-0.134650766 L2=62.9964182 FIRST8=0.100879289,0.265338451,-0.276905149,-0.143488586,0.52827394,-0.196781427,-0.21956113,0.257245004 HASH=0379f6592be04e38
STEP=0 CP=LAYER_11_K COUNT=256 MIN=-0.544137359 MAX=1.75112343 MEAN=0.00984887129 L2=2.73742499 FIRST8=0.0203337073,0.0564830899,-0.0214667916,-0.0140139125,-0.00524641573,-0.0504090488,-0.0148800015,0.0119696707 HASH=bf17bd7eb48d11a6
STEP=0 CP=LAYER_11_V COUNT=256 MIN=-2.89288568 MAX=1.78370595 MEAN=-0.0120599738 L2=4.41538661 FIRST8=0.0694127902,0.119332485,0.0859246328,0.0217287689,0.113804996,-0.00300816353,0.000490244478,0.0213780385 HASH=2befd50a0453a508
STEP=0 CP=LAYER_11_Q_ROPE COUNT=1536 MIN=-22.0228405 MAX=6.48517323 MEAN=-0.134650766 L2=62.9964182 FIRST8=0.100879289,0.265338451,-0.276905149,-0.143488586,0.52827394,-0.196781427,-0.21956113,0.257245004 HASH=0379f6592be04e38
STEP=0 CP=LAYER_11_K_ROPE COUNT=256 MIN=-0.544137359 MAX=1.75112343 MEAN=0.00984887129 L2=2.73742499 FIRST8=0.0203337073,0.0564830899,-0.0214667916,-0.0140139125,-0.00524641573,-0.0504090488,-0.0148800015,0.0119696707 HASH=bf17bd7eb48d11a6
STEP=0 CP=KV_WRITE LAYER=11 COUNT=256 K_MIN=-0.544137359 K_MAX=1.75112343 K_MEAN=0.00984887129 K_L2=2.73742499 K_HASH=bf17bd7eb48d11a6 V_MIN=-2.89288568 V_MAX=1.78370595 V_MEAN=-0.0120599738 V_L2=4.41538661 V_HASH=2befd50a0453a508
STEP=0 CP=LAYER_11_ATTN_SCORES COUNT=1 MIN=0.235233083 MAX=0.235233083 MEAN=0.235233083 L2=0.235233083 FIRST8=0.235233083,0,0,0,0,0,0,0 HASH=52c3ec10f69be1b8
STEP=0 CP=LAYER_11_ATTN_PROBS COUNT=1 MIN=1 MAX=1 MEAN=1 L2=1 FIRST8=1,0,0,0,0,0,0,0 HASH=2fa183a08531045a
STEP=0 CP=LAYER_11_ATTN_SCORES COUNT=1 MIN=0.375345469 MAX=0.375345469 MEAN=0.375345469 L2=0.375345469 FIRST8=0.375345469,0,0,0,0,0,0,0 HASH=7760d7f85c8c94a6
STEP=0 CP=LAYER_11_ATTN_PROBS COUNT=1 MIN=1 MAX=1 MEAN=1 L2=1 FIRST8=1,0,0,0,0,0,0,0 HASH=2fa183a08531045a
STEP=0 CP=LAYER_11_ATTN_SCORES COUNT=1 MIN=0.495010853 MAX=0.495010853 MEAN=0.495010853 L2=0.495010853 FIRST8=0.495010853,0,0,0,0,0,0,0 HASH=b5f62525a3cdc13e
STEP=0 CP=LAYER_11_ATTN_PROBS COUNT=1 MIN=1 MAX=1 MEAN=1 L2=1 FIRST8=1,0,0,0,0,0,0,0 HASH=2fa183a08531045a
STEP=0 CP=LAYER_11_ATTN_SCORES COUNT=1 MIN=0.272029191 MAX=0.272029191 MEAN=0.272029191 L2=0.272029191 FIRST8=0.272029191,0,0,0,0,0,0,0 HASH=8c6692fc56279caa
STEP=0 CP=LAYER_11_ATTN_PROBS COUNT=1 MIN=1 MAX=1 MEAN=1 L2=1 FIRST8=1,0,0,0,0,0,0,0 HASH=2fa183a08531045a
STEP=0 CP=LAYER_11_ATTN_SCORES COUNT=1 MIN=0.45795691 MAX=0.45795691 MEAN=0.45795691 L2=0.45795691 FIRST8=0.45795691,0,0,0,0,0,0,0 HASH=4a722c5c056b07fc
STEP=0 CP=LAYER_11_ATTN_PROBS COUNT=1 MIN=1 MAX=1 MEAN=1 L2=1 FIRST8=1,0,0,0,0,0,0,0 HASH=2fa183a08531045a
STEP=0 CP=LAYER_11_ATTN_SCORES COUNT=1 MIN=0.344810784 MAX=0.344810784 MEAN=0.344810784 L2=0.344810784 FIRST8=0.344810784,0,0,0,0,0,0,0 HASH=3c1ec3cfe1068bea
STEP=0 CP=LAYER_11_ATTN_PROBS COUNT=1 MIN=1 MAX=1 MEAN=1 L2=1 FIRST8=1,0,0,0,0,0,0,0 HASH=2fa183a08531045a
STEP=0 CP=LAYER_11_ATTN_SCORES COUNT=1 MIN=0.653007567 MAX=0.653007567 MEAN=0.653007567 L2=0.653007567 FIRST8=0.653007567,0,0,0,0,0,0,0 HASH=bbcba86c9b2eb11d
STEP=0 CP=LAYER_11_ATTN_PROBS COUNT=1 MIN=1 MAX=1 MEAN=1 L2=1 FIRST8=1,0,0,0,0,0,0,0 HASH=2fa183a08531045a
STEP=0 CP=LAYER_11_ATTN_SCORES COUNT=1 MIN=0.845678329 MAX=0.845678329 MEAN=0.845678329 L2=0.845678329 FIRST8=0.845678329,0,0,0,0,0,0,0 HASH=a9c484c12076d188
STEP=0 CP=LAYER_11_ATTN_PROBS COUNT=1 MIN=1 MAX=1 MEAN=1 L2=1 FIRST8=1,0,0,0,0,0,0,0 HASH=2fa183a08531045a
STEP=0 CP=LAYER_11_ATTN_SCORES COUNT=1 MIN=1.33315492 MAX=1.33315492 MEAN=1.33315492 L2=1.33315492 FIRST8=1.33315492,0,0,0,0,0,0,0 HASH=a919b9fcb112ae66
STEP=0 CP=LAYER_11_ATTN_PROBS COUNT=1 MIN=1 MAX=1 MEAN=1 L2=1 FIRST8=1,0,0,0,0,0,0,0 HASH=2fa183a08531045a
STEP=0 CP=LAYER_11_ATTN_SCORES COUNT=1 MIN=0.905706406 MAX=0.905706406 MEAN=0.905706406 L2=0.905706406 FIRST8=0.905706406,0,0,0,0,0,0,0 HASH=58e6d2bf3faa33d5
STEP=0 CP=LAYER_11_ATTN_PROBS COUNT=1 MIN=1 MAX=1 MEAN=1 L2=1 FIRST8=1,0,0,0,0,0,0,0 HASH=2fa183a08531045a
STEP=0 CP=LAYER_11_ATTN_SCORES COUNT=1 MIN=0.605499506 MAX=0.605499506 MEAN=0.605499506 L2=0.605499506 FIRST8=0.605499506,0,0,0,0,0,0,0 HASH=c2e6adc1e990f5bf
STEP=0 CP=LAYER_11_ATTN_PROBS COUNT=1 MIN=1 MAX=1 MEAN=1 L2=1 FIRST8=1,0,0,0,0,0,0,0 HASH=2fa183a08531045a
STEP=0 CP=LAYER_11_ATTN_SCORES COUNT=1 MIN=0.905109346 MAX=0.905109346 MEAN=0.905109346 L2=0.905109346 FIRST8=0.905109346,0,0,0,0,0,0,0 HASH=69db807d314e19d9
STEP=0 CP=LAYER_11_ATTN_PROBS COUNT=1 MIN=1 MAX=1 MEAN=1 L2=1 FIRST8=1,0,0,0,0,0,0,0 HASH=2fa183a08531045a
STEP=0 CP=LAYER_11_ATTN_VALUE COUNT=1536 MIN=-2.89288568 MAX=1.78370595 MEAN=-0.0120599738 L2=10.8154442 FIRST8=0.0694127902,0.119332485,0.0859246328,0.0217287689,0.113804996,-0.00300816353,0.000490244478,0.0213780385 HASH=38aa9e1c00d5ba23
STEP=0 CP=LAYER_11_O_PROJ COUNT=1536 MIN=-4.44930553 MAX=11.2385406 MEAN=-0.00324402435 L2=13.5908194 FIRST8=0.101545647,0.21854724,0.120343506,-0.119035229,0.191683665,-0.112961866,0.0590413623,-0.00238180999 HASH=aabc9ea3cc3f404c
STEP=0 CP=LAYER_11_ATTN_RESIDUAL COUNT=1536 MIN=-4209.97852 MAX=2544.42896 MEAN=-0.623932149 L2=6295.51506 FIRST8=-15.1852999,2.55517292,2.68086362,-19.3058033,7.55191612,-5.72380257,3.99177337,-11.5506306 HASH=1b2e00e9fa27322e
STEP=0 CP=LAYER_11_FFN_NORM COUNT=1536 MIN=-23.4444332 MAX=19.1812286 MEAN=-0.0085225006 L2=33.5565448 FIRST8=-0.0247413032,0.0202564001,0.0141468197,-0.122063436,0.0381983742,-0.0302042998,0.026985785,-0.0685361773 HASH=c8024672762f58f7
STEP=0 CP=LAYER_11_FFN_GATE COUNT=8960 MIN=-4.08765316 MAX=2.41820502 MEAN=-0.404128974 L2=64.1899896 FIRST8=-0.535955667,-0.762709677,0.106779389,0.292195082,-0.124236293,-0.206261516,-0.970565677,0.325778306 HASH=bb6c170c78dcfe8b
STEP=0 CP=LAYER_11_FFN_UP COUNT=8960 MIN=-2.73171544 MAX=1.76325309 MEAN=-0.00652736307 L2=35.2850987 FIRST8=0.0486194827,-0.311290354,-0.357069075,0.735298753,-0.104711466,0.18609643,-0.346743852,-0.727852166 HASH=1b4a13a674a98f7e
STEP=0 CP=LAYER_11_SWIGLU COUNT=8960 MIN=-1.71851981 MAX=1.30439591 MEAN=-0.000480058536 L2=8.00669218 FIRST8=-0.00961871911,0.0755147189,-0.020080654,0.123009205,0.00610095449,-0.0172199421,0.0924696997,-0.137702227 HASH=3e02398bd67ea876
STEP=0 CP=LAYER_11_FFN_DOWN COUNT=1536 MIN=-7.55159807 MAX=2.8469224 MEAN=-0.00399519464 L2=13.1456136 FIRST8=0.0854006559,-0.229809031,0.0347812288,-0.0484282151,0.0865907818,-0.0910353363,0.193450555,0.0241499841 HASH=0c9dcec0f10a984e
STEP=0 CP=LAYER_11_LAYER_RESIDUAL COUNT=1536 MIN=-4212.48584 MAX=2545.77173 MEAN=-0.627927254 L2=6300.04766 FIRST8=-15.0998993,2.32536387,2.71564484,-19.3542309,7.63850689,-5.81483793,4.18522406,-11.5264807 HASH=e2d1bbda9c0af0bf
STEP=0 CP=LAYER_12_ATTN_NORM COUNT=1536 MIN=-4.65939617 MAX=3.50896263 MEAN=-0.0092034878 L2=11.9709256 FIRST8=-0.0664147362,0.0223767981,0.0310157761,-0.129806623,0.0597690232,-0.0322169401,0.0343753584,-0.0823485404 HASH=5c00729fe564b342
STEP=0 CP=LAYER_12_Q COUNT=1536 MIN=-14.5201187 MAX=12.2065535 MEAN=-0.128599261 L2=57.8573117 FIRST8=0.227287233,-0.911284447,-0.901959836,0.960309684,-0.718903244,0.547456384,-1.1214478,-0.951588631 HASH=489def07d324204c
STEP=0 CP=LAYER_12_K COUNT=256 MIN=-1.40530825 MAX=2.32168221 MEAN=0.00944804109 L2=3.37943302 FIRST8=0.0305947065,-0.0347578228,-0.0135116875,0.00839076191,-0.00546357036,-0.00874832273,0.00310826302,0.0184948444 HASH=5e2549c2103f4bb8
STEP=0 CP=LAYER_12_V COUNT=256 MIN=-1.84477472 MAX=0.868084371 MEAN=-0.00464462135 L2=2.81203427 FIRST8=-0.052938953,0.021648854,0.0946755931,0.00561685488,0.0746961683,-0.0266974233,-0.00661524385,0.027726382 HASH=010d5761dd9901bc
STEP=0 CP=LAYER_12_Q_ROPE COUNT=1536 MIN=-14.5201187 MAX=12.2065535 MEAN=-0.128599261 L2=57.8573117 FIRST8=0.227287233,-0.911284447,-0.901959836,0.960309684,-0.718903244,0.547456384,-1.1214478,-0.951588631 HASH=489def07d324204c
STEP=0 CP=LAYER_12_K_ROPE COUNT=256 MIN=-1.40530825 MAX=2.32168221 MEAN=0.00944804109 L2=3.37943302 FIRST8=0.0305947065,-0.0347578228,-0.0135116875,0.00839076191,-0.00546357036,-0.00874832273,0.00310826302,0.0184948444 HASH=5e2549c2103f4bb8
STEP=0 CP=KV_WRITE LAYER=12 COUNT=256 K_MIN=-1.40530825 K_MAX=2.32168221 K_MEAN=0.00944804109 K_L2=3.37943302 K_HASH=5e2549c2103f4bb8 V_MIN=-1.84477472 V_MAX=0.868084371 V_MEAN=-0.00464462135 V_L2=2.81203427 V_HASH=010d5761dd9901bc
STEP=0 CP=LAYER_12_ATTN_SCORES COUNT=1 MIN=2.5663476 MAX=2.5663476 MEAN=2.5663476 L2=2.5663476 FIRST8=2.5663476,0,0,0,0,0,0,0 HASH=54b869d3555dab38
STEP=0 CP=LAYER_12_ATTN_PROBS COUNT=1 MIN=1 MAX=1 MEAN=1 L2=1 FIRST8=1,0,0,0,0,0,0,0 HASH=2fa183a08531045a
STEP=0 CP=LAYER_12_ATTN_SCORES COUNT=1 MIN=2.57128644 MAX=2.57128644 MEAN=2.57128644 L2=2.57128644 FIRST8=2.57128644,0,0,0,0,0,0,0 HASH=1c83bb31e8317eeb
STEP=0 CP=LAYER_12_ATTN_PROBS COUNT=1 MIN=1 MAX=1 MEAN=1 L2=1 FIRST8=1,0,0,0,0,0,0,0 HASH=2fa183a08531045a
STEP=0 CP=LAYER_12_ATTN_SCORES COUNT=1 MIN=2.89502406 MAX=2.89502406 MEAN=2.89502406 L2=2.89502406 FIRST8=2.89502406,0,0,0,0,0,0,0 HASH=c06bb10e485a68b9
STEP=0 CP=LAYER_12_ATTN_PROBS COUNT=1 MIN=1 MAX=1 MEAN=1 L2=1 FIRST8=1,0,0,0,0,0,0,0 HASH=2fa183a08531045a
STEP=0 CP=LAYER_12_ATTN_SCORES COUNT=1 MIN=2.03562808 MAX=2.03562808 MEAN=2.03562808 L2=2.03562808 FIRST8=2.03562808,0,0,0,0,0,0,0 HASH=b9ec0930a141c737
STEP=0 CP=LAYER_12_ATTN_PROBS COUNT=1 MIN=1 MAX=1 MEAN=1 L2=1 FIRST8=1,0,0,0,0,0,0,0 HASH=2fa183a08531045a
STEP=0 CP=LAYER_12_ATTN_SCORES COUNT=1 MIN=1.61844742 MAX=1.61844742 MEAN=1.61844742 L2=1.61844742 FIRST8=1.61844742,0,0,0,0,0,0,0 HASH=40a5a0efb26a4ea3
STEP=0 CP=LAYER_12_ATTN_PROBS COUNT=1 MIN=1 MAX=1 MEAN=1 L2=1 FIRST8=1,0,0,0,0,0,0,0 HASH=2fa183a08531045a
STEP=0 CP=LAYER_12_ATTN_SCORES COUNT=1 MIN=2.56414127 MAX=2.56414127 MEAN=2.56414127 L2=2.56414127 FIRST8=2.56414127,0,0,0,0,0,0,0 HASH=92a55bb797e91031
STEP=0 CP=LAYER_12_ATTN_PROBS COUNT=1 MIN=1 MAX=1 MEAN=1 L2=1 FIRST8=1,0,0,0,0,0,0,0 HASH=2fa183a08531045a
STEP=0 CP=LAYER_12_ATTN_SCORES COUNT=1 MIN=1.4923352 MAX=1.4923352 MEAN=1.4923352 L2=1.4923352 FIRST8=1.4923352,0,0,0,0,0,0,0 HASH=adbc14189d82115e
STEP=0 CP=LAYER_12_ATTN_PROBS COUNT=1 MIN=1 MAX=1 MEAN=1 L2=1 FIRST8=1,0,0,0,0,0,0,0 HASH=2fa183a08531045a
STEP=0 CP=LAYER_12_ATTN_SCORES COUNT=1 MIN=1.19269955 MAX=1.19269955 MEAN=1.19269955 L2=1.19269955 FIRST8=1.19269955,0,0,0,0,0,0,0 HASH=2f4486bbb4b95551
STEP=0 CP=LAYER_12_ATTN_PROBS COUNT=1 MIN=1 MAX=1 MEAN=1 L2=1 FIRST8=1,0,0,0,0,0,0,0 HASH=2fa183a08531045a
STEP=0 CP=LAYER_12_ATTN_SCORES COUNT=1 MIN=1.1953063 MAX=1.1953063 MEAN=1.1953063 L2=1.1953063 FIRST8=1.1953063,0,0,0,0,0,0,0 HASH=3114d6f18f12fc9f
STEP=0 CP=LAYER_12_ATTN_PROBS COUNT=1 MIN=1 MAX=1 MEAN=1 L2=1 FIRST8=1,0,0,0,0,0,0,0 HASH=2fa183a08531045a
STEP=0 CP=LAYER_12_ATTN_SCORES COUNT=1 MIN=1.06121922 MAX=1.06121922 MEAN=1.06121922 L2=1.06121922 FIRST8=1.06121922,0,0,0,0,0,0,0 HASH=57e9d9e6b3c4cf3b
STEP=0 CP=LAYER_12_ATTN_PROBS COUNT=1 MIN=1 MAX=1 MEAN=1 L2=1 FIRST8=1,0,0,0,0,0,0,0 HASH=2fa183a08531045a
STEP=0 CP=LAYER_12_ATTN_SCORES COUNT=1 MIN=0.703540444 MAX=0.703540444 MEAN=0.703540444 L2=0.703540444 FIRST8=0.703540444,0,0,0,0,0,0,0 HASH=0705566232164bf9
STEP=0 CP=LAYER_12_ATTN_PROBS COUNT=1 MIN=1 MAX=1 MEAN=1 L2=1 FIRST8=1,0,0,0,0,0,0,0 HASH=2fa183a08531045a
STEP=0 CP=LAYER_12_ATTN_SCORES COUNT=1 MIN=1.18672514 MAX=1.18672514 MEAN=1.18672514 L2=1.18672514 FIRST8=1.18672514,0,0,0,0,0,0,0 HASH=6415b65cfa270ab7
STEP=0 CP=LAYER_12_ATTN_PROBS COUNT=1 MIN=1 MAX=1 MEAN=1 L2=1 FIRST8=1,0,0,0,0,0,0,0 HASH=2fa183a08531045a
STEP=0 CP=LAYER_12_ATTN_VALUE COUNT=1536 MIN=-1.84477472 MAX=0.868084371 MEAN=-0.00464462135 L2=6.8880491 FIRST8=-0.052938953,0.021648854,0.0946755931,0.00561685488,0.0746961683,-0.0266974233,-0.00661524385,0.027726382 HASH=8eb50ee4cb9c3ddf
STEP=0 CP=LAYER_12_O_PROJ COUNT=1536 MIN=-1.71115148 MAX=4.87531042 MEAN=-0.000165483868 L2=6.2451897 FIRST8=0.0245827511,0.00509106833,0.164411142,0.0156468246,0.167147011,-0.0641300157,-0.048384808,0.0127211828 HASH=d658cc36c2a7cdf9
STEP=0 CP=LAYER_12_ATTN_RESIDUAL COUNT=1536 MIN=-4212.14502 MAX=2545.64941 MEAN=-0.628092839 L2=6298.31508 FIRST8=-15.0753164,2.33045483,2.8800559,-19.3385849,7.80565405,-5.87896776,4.13683939,-11.5137596 HASH=a44e790a831d8472
STEP=0 CP=LAYER_12_FFN_NORM COUNT=1536 MIN=-21.6031475 MAX=15.531148 MEAN=-0.00873746656 L2=29.3326987 FIRST8=-0.0213448741,0.0185800027,0.014911172,-0.122216344,0.0390847884,-0.0290087052,0.0285573713,-0.0680071637 HASH=97f046a2aaf34f0a
STEP=0 CP=LAYER_12_FFN_GATE COUNT=8960 MIN=-3.90609741 MAX=1.65704942 MEAN=-0.318701038 L2=55.0049591 FIRST8=-0.403069288,-0.33918044,-0.20642665,0.218060359,-1.28543031,-0.605499566,-0.134551555,-0.825038314 HASH=9ebf26dff1c56a5f
STEP=0 CP=LAYER_12_FFN_UP COUNT=8960 MIN=-3.70634294 MAX=3.39020038 MEAN=-0.002161666 L2=34.5293145 FIRST8=0.108724788,0.0783314928,-0.321231097,-0.430969715,0.549888492,0.193890676,-0.0740413144,0.288473636 HASH=5b3bf1200e3ce390
STEP=0 CP=LAYER_12_SWIGLU COUNT=8960 MIN=-0.903772891 MAX=0.543459952 MEAN=-0.000105003338 L2=6.29231654 FIRST8=-0.0175546538,-0.0110527277,0.0297453571,-0.0520916879,-0.153121561,-0.041452609,0.00464657834,-0.0725180134 HASH=73fd2700526ece0f
STEP=0 CP=LAYER_12_FFN_DOWN COUNT=1536 MIN=-2.37787342 MAX=0.948430777 MEAN=-0.00778962542 L2=8.02587454 FIRST8=0.018611744,0.0525648557,-0.0969252959,-0.239409715,-0.0477242544,0.31882,-0.096194841,0.0398536213 HASH=91ff097b4f992ddc
STEP=0 CP=LAYER_12_LAYER_RESIDUAL COUNT=1536 MIN=-4212.67139 MAX=2546.58301 MEAN=-0.635882621 L2=6299.67144 FIRST8=-15.0567045,2.38301969,2.78313065,-19.5779953,7.7579298,-5.56014776,4.04064465,-11.4739056 HASH=a1d5322505c1db7d
STEP=0 CP=LAYER_13_ATTN_NORM COUNT=1536 MIN=-17.5061817 MAX=3.01320457 MEAN=-0.0202698752 L2=19.9824488 FIRST8=-0.0145447003,0.0203848742,0.0225900821,-0.114662923,0.0480754972,-0.0228355117,0.0294584315,-0.0699878633 HASH=fc343c992f1b7152
STEP=0 CP=LAYER_13_Q COUNT=1536 MIN=-23.2543297 MAX=19.5807228 MEAN=-0.0500671074 L2=72.674185 FIRST8=-1.07621193,2.59094572,3.932091,-0.215282083,-4.2526083,0.29074508,-0.773100853,0.948328257 HASH=f9f3d1fd4a00e329
STEP=0 CP=LAYER_13_K COUNT=256 MIN=-7.84951305 MAX=13.173871 MEAN=0.125450796 L2=27.1193326 FIRST8=-0.00510835648,0.00825280696,-0.0489756763,0.0259475634,0.0492579341,0.00657152012,0.00771903992,-0.0503904223 HASH=684d6c7ecd8176d4
STEP=0 CP=LAYER_13_V COUNT=256 MIN=-0.755132854 MAX=3.7768445 MEAN=-5.39770681e-05 L2=4.33875819 FIRST8=0.00595422089,-0.161974832,0.0263331234,-0.0650125667,-0.00852544978,-0.755132854,0.12986204,-0.00636204798 HASH=eee625e287c4c0fe
STEP=0 CP=LAYER_13_Q_ROPE COUNT=1536 MIN=-23.2543297 MAX=19.5807228 MEAN=-0.0500671074 L2=72.674185 FIRST8=-1.07621193,2.59094572,3.932091,-0.215282083,-4.2526083,0.29074508,-0.773100853,0.948328257 HASH=f9f3d1fd4a00e329
STEP=0 CP=LAYER_13_K_ROPE COUNT=256 MIN=-7.84951305 MAX=13.173871 MEAN=0.125450796 L2=27.1193326 FIRST8=-0.00510835648,0.00825280696,-0.0489756763,0.0259475634,0.0492579341,0.00657152012,0.00771903992,-0.0503904223 HASH=684d6c7ecd8176d4
STEP=0 CP=KV_WRITE LAYER=13 COUNT=256 K_MIN=-7.84951305 K_MAX=13.173871 K_MEAN=0.125450796 K_L2=27.1193326 K_HASH=684d6c7ecd8176d4 V_MIN=-0.755132854 V_MAX=3.7768445 V_MEAN=-5.39770681e-05 V_L2=4.33875819 V_HASH=eee625e287c4c0fe
STEP=0 CP=LAYER_13_ATTN_SCORES COUNT=1 MIN=1.38625717 MAX=1.38625717 MEAN=1.38625717 L2=1.38625717 FIRST8=1.38625717,0,0,0,0,0,0,0 HASH=bee9529610640e43
STEP=0 CP=LAYER_13_ATTN_PROBS COUNT=1 MIN=1 MAX=1 MEAN=1 L2=1 FIRST8=1,0,0,0,0,0,0,0 HASH=2fa183a08531045a
STEP=0 CP=LAYER_13_ATTN_SCORES COUNT=1 MIN=1.31862831 MAX=1.31862831 MEAN=1.31862831 L2=1.31862831 FIRST8=1.31862831,0,0,0,0,0,0,0 HASH=6a1fda13e196fb7a
STEP=0 CP=LAYER_13_ATTN_PROBS COUNT=1 MIN=1 MAX=1 MEAN=1 L2=1 FIRST8=1,0,0,0,0,0,0,0 HASH=2fa183a08531045a
STEP=0 CP=LAYER_13_ATTN_SCORES COUNT=1 MIN=1.25293851 MAX=1.25293851 MEAN=1.25293851 L2=1.25293851 FIRST8=1.25293851,0,0,0,0,0,0,0 HASH=318d69e9f2219b74
STEP=0 CP=LAYER_13_ATTN_PROBS COUNT=1 MIN=1 MAX=1 MEAN=1 L2=1 FIRST8=1,0,0,0,0,0,0,0 HASH=2fa183a08531045a
STEP=0 CP=LAYER_13_ATTN_SCORES COUNT=1 MIN=1.4605943 MAX=1.4605943 MEAN=1.4605943 L2=1.4605943 FIRST8=1.4605943,0,0,0,0,0,0,0 HASH=63253785edaab9c1
STEP=0 CP=LAYER_13_ATTN_PROBS COUNT=1 MIN=1 MAX=1 MEAN=1 L2=1 FIRST8=1,0,0,0,0,0,0,0 HASH=2fa183a08531045a
STEP=0 CP=LAYER_13_ATTN_SCORES COUNT=1 MIN=2.17559743 MAX=2.17559743 MEAN=2.17559743 L2=2.17559743 FIRST8=2.17559743,0,0,0,0,0,0,0 HASH=7978387712893bc1
STEP=0 CP=LAYER_13_ATTN_PROBS COUNT=1 MIN=1 MAX=1 MEAN=1 L2=1 FIRST8=1,0,0,0,0,0,0,0 HASH=2fa183a08531045a
STEP=0 CP=LAYER_13_ATTN_SCORES COUNT=1 MIN=1.07653987 MAX=1.07653987 MEAN=1.07653987 L2=1.07653987 FIRST8=1.07653987,0,0,0,0,0,0,0 HASH=72e36de7f2a162f4
STEP=0 CP=LAYER_13_ATTN_PROBS COUNT=1 MIN=1 MAX=1 MEAN=1 L2=1 FIRST8=1,0,0,0,0,0,0,0 HASH=2fa183a08531045a
STEP=0 CP=LAYER_13_ATTN_SCORES COUNT=1 MIN=8.34355736 MAX=8.34355736 MEAN=8.34355736 L2=8.34355736 FIRST8=8.34355736,0,0,0,0,0,0,0 HASH=b8923843391685aa
STEP=0 CP=LAYER_13_ATTN_PROBS COUNT=1 MIN=1 MAX=1 MEAN=1 L2=1 FIRST8=1,0,0,0,0,0,0,0 HASH=2fa183a08531045a
STEP=0 CP=LAYER_13_ATTN_SCORES COUNT=1 MIN=7.86676311 MAX=7.86676311 MEAN=7.86676311 L2=7.86676311 FIRST8=7.86676311,0,0,0,0,0,0,0 HASH=c1f01c8766a16132
STEP=0 CP=LAYER_13_ATTN_PROBS COUNT=1 MIN=1 MAX=1 MEAN=1 L2=1 FIRST8=1,0,0,0,0,0,0,0 HASH=2fa183a08531045a
STEP=0 CP=LAYER_13_ATTN_SCORES COUNT=1 MIN=9.9777317 MAX=9.9777317 MEAN=9.9777317 L2=9.9777317 FIRST8=9.9777317,0,0,0,0,0,0,0 HASH=7ec097c022c71705
STEP=0 CP=LAYER_13_ATTN_PROBS COUNT=1 MIN=1 MAX=1 MEAN=1 L2=1 FIRST8=1,0,0,0,0,0,0,0 HASH=2fa183a08531045a
STEP=0 CP=LAYER_13_ATTN_SCORES COUNT=1 MIN=9.4398241 MAX=9.4398241 MEAN=9.4398241 L2=9.4398241 FIRST8=9.4398241,0,0,0,0,0,0,0 HASH=622b388e9aca2339
STEP=0 CP=LAYER_13_ATTN_PROBS COUNT=1 MIN=1 MAX=1 MEAN=1 L2=1 FIRST8=1,0,0,0,0,0,0,0 HASH=2fa183a08531045a
STEP=0 CP=LAYER_13_ATTN_SCORES COUNT=1 MIN=9.03229332 MAX=9.03229332 MEAN=9.03229332 L2=9.03229332 FIRST8=9.03229332,0,0,0,0,0,0,0 HASH=f8c7d3c4390c1c06
STEP=0 CP=LAYER_13_ATTN_PROBS COUNT=1 MIN=1 MAX=1 MEAN=1 L2=1 FIRST8=1,0,0,0,0,0,0,0 HASH=2fa183a08531045a
STEP=0 CP=LAYER_13_ATTN_SCORES COUNT=1 MIN=8.33021355 MAX=8.33021355 MEAN=8.33021355 L2=8.33021355 FIRST8=8.33021355,0,0,0,0,0,0,0 HASH=e362d5ca2b0ee51b
STEP=0 CP=LAYER_13_ATTN_PROBS COUNT=1 MIN=1 MAX=1 MEAN=1 L2=1 FIRST8=1,0,0,0,0,0,0,0 HASH=2fa183a08531045a
STEP=0 CP=LAYER_13_ATTN_VALUE COUNT=1536 MIN=-0.755132854 MAX=3.7768445 MEAN=-5.39770681e-05 L2=10.6277437 FIRST8=0.00595422089,-0.161974832,0.0263331234,-0.0650125667,-0.00852544978,-0.755132854,0.12986204,-0.00636204798 HASH=79d2d9b83a065497
STEP=0 CP=LAYER_13_O_PROJ COUNT=1536 MIN=-1.55422282 MAX=4.42544508 MEAN=0.00144074648 L2=7.266081 FIRST8=0.0528785698,0.133473918,0.265892297,-0.0353239402,0.094492957,-0.119095176,-0.0544945374,0.105449423 HASH=ef95b36261bd0f63
STEP=0 CP=LAYER_13_ATTN_RESIDUAL COUNT=1536 MIN=-4212.38184 MAX=2546.74268 MEAN=-0.634441858 L2=6298.4281 FIRST8=-15.0038261,2.51649356,3.04902291,-19.6133194,7.85242271,-5.67924309,3.98615003,-11.3684559 HASH=83826bfee1825807
STEP=0 CP=LAYER_13_FFN_NORM COUNT=1536 MIN=-18.3275433 MAX=13.6804638 MEAN=-0.00687923283 L2=25.3577761 FIRST8=-0.0189639516,0.0201852098,0.0147481393,-0.121566735,0.0389365368,-0.0259520579,0.0265477486,-0.066318728 HASH=9c910559f99ddf9b
STEP=0 CP=LAYER_13_FFN_GATE COUNT=8960 MIN=-3.07110047 MAX=1.60999429 MEAN=-0.230160968 L2=45.6983362 FIRST8=-0.404267907,-0.0575278476,-0.139162093,-0.198394388,-0.621829569,0.0668796226,0.25679484,-0.513623834 HASH=d1bee6f15419270c
STEP=0 CP=LAYER_13_FFN_UP COUNT=8960 MIN=-2.0848341 MAX=2.11205745 MEAN=0.00236492329 L2=32.6140142 FIRST8=-0.181797802,-0.478091717,0.469211936,0.361265123,-0.151251093,0.209776908,-0.496941954,0.0977472067 HASH=df1fbe286de0e11a
STEP=0 CP=LAYER_13_SWIGLU COUNT=8960 MIN=-0.996815264 MAX=0.817893684 MEAN=-0.000699925704 L2=5.83139068 FIRST8=0.0294191297,0.0133563476,-0.0303802174,-0.0322932191,0.0328586586,0.00724939024,-0.0719538704,-0.0187940709 HASH=0b98d751a77b15c7
STEP=0 CP=LAYER_13_FFN_DOWN COUNT=1536 MIN=-4.6202693 MAX=1.54774737 MEAN=-0.00319926038 L2=8.78623608 FIRST8=0.0124979941,-0.179628775,0.0316216201,-0.183253422,-0.224871293,0.317209989,0.245919243,-0.0569332913 HASH=4924a87437bc1fee
STEP=0 CP=LAYER_13_LAYER_RESIDUAL COUNT=1536 MIN=-4213.83105 MAX=2547.88135 MEAN=-0.637641093 L2=6301.32227 FIRST8=-14.9913282,2.33686471,3.08064461,-19.7965736,7.62755156,-5.36203289,4.23206949,-11.4253893 HASH=7339322c2e81dc31
STEP=0 CP=LAYER_14_ATTN_NORM COUNT=1536 MIN=-6.16129684 MAX=3.62851644 MEAN=-0.0121609806 L2=13.4463597 FIRST8=-0.0200321134,0.0253216717,0.0410153195,-0.12889877,0.0522586517,-0.0224069059,0.0355756506,-0.0766132772 HASH=3ef179f7c9ce8f96
STEP=0 CP=LAYER_14_Q COUNT=1536 MIN=-11.9439621 MAX=10.9176521 MEAN=0.0282539165 L2=56.0823613 FIRST8=0.0645667315,-0.35347116,0.323493063,-0.097635448,-0.116723359,-0.44896245,0.166344628,-0.110400558 HASH=7c9ef158756c2d82
STEP=0 CP=LAYER_14_K COUNT=256 MIN=-0.916976452 MAX=0.941166401 MEAN=-0.0116852773 L2=2.09284517 FIRST8=-0.0104204956,0.00103312731,0.0208186209,0.0149049982,-0.00131603796,-0.0138170496,0.000913374126,-0.0422862023 HASH=2069866e0d44426b
STEP=0 CP=LAYER_14_V COUNT=256 MIN=-3.05946755 MAX=0.680099845 MEAN=-0.0108078534 L2=3.3213899 FIRST8=0.677856922,-0.128290012,0.0197779611,-0.0799431428,-0.0833315998,-0.00240020035,0.0037538819,-0.0151431262 HASH=a5930b7eca94e3c5
STEP=0 CP=LAYER_14_Q_ROPE COUNT=1536 MIN=-11.9439621 MAX=10.9176521 MEAN=0.0282539165 L2=56.0823613 FIRST8=0.0645667315,-0.35347116,0.323493063,-0.097635448,-0.116723359,-0.44896245,0.166344628,-0.110400558 HASH=7c9ef158756c2d82
STEP=0 CP=LAYER_14_K_ROPE COUNT=256 MIN=-0.916976452 MAX=0.941166401 MEAN=-0.0116852773 L2=2.09284517 FIRST8=-0.0104204956,0.00103312731,0.0208186209,0.0149049982,-0.00131603796,-0.0138170496,0.000913374126,-0.0422862023 HASH=2069866e0d44426b
STEP=0 CP=KV_WRITE LAYER=14 COUNT=256 K_MIN=-0.916976452 K_MAX=0.941166401 K_MEAN=-0.0116852773 K_L2=2.09284517 K_HASH=2069866e0d44426b V_MIN=-3.05946755 V_MAX=0.680099845 V_MEAN=-0.0108078534 V_L2=3.3213899 V_HASH=a5930b7eca94e3c5
STEP=0 CP=LAYER_14_ATTN_SCORES COUNT=1 MIN=1.5571903 MAX=1.5571903 MEAN=1.5571903 L2=1.5571903 FIRST8=1.5571903,0,0,0,0,0,0,0 HASH=151023891417b3d4
STEP=0 CP=LAYER_14_ATTN_PROBS COUNT=1 MIN=1 MAX=1 MEAN=1 L2=1 FIRST8=1,0,0,0,0,0,0,0 HASH=2fa183a08531045a
STEP=0 CP=LAYER_14_ATTN_SCORES COUNT=1 MIN=1.58691883 MAX=1.58691883 MEAN=1.58691883 L2=1.58691883 FIRST8=1.58691883,0,0,0,0,0,0,0 HASH=433314ee99eba7c5
STEP=0 CP=LAYER_14_ATTN_PROBS COUNT=1 MIN=1 MAX=1 MEAN=1 L2=1 FIRST8=1,0,0,0,0,0,0,0 HASH=2fa183a08531045a
STEP=0 CP=LAYER_14_ATTN_SCORES COUNT=1 MIN=1.29350543 MAX=1.29350543 MEAN=1.29350543 L2=1.29350543 FIRST8=1.29350543,0,0,0,0,0,0,0 HASH=a2fff309530069b6
STEP=0 CP=LAYER_14_ATTN_PROBS COUNT=1 MIN=1 MAX=1 MEAN=1 L2=1 FIRST8=1,0,0,0,0,0,0,0 HASH=2fa183a08531045a
STEP=0 CP=LAYER_14_ATTN_SCORES COUNT=1 MIN=1.23624635 MAX=1.23624635 MEAN=1.23624635 L2=1.23624635 FIRST8=1.23624635,0,0,0,0,0,0,0 HASH=c2676d2ab0c86789
STEP=0 CP=LAYER_14_ATTN_PROBS COUNT=1 MIN=1 MAX=1 MEAN=1 L2=1 FIRST8=1,0,0,0,0,0,0,0 HASH=2fa183a08531045a
STEP=0 CP=LAYER_14_ATTN_SCORES COUNT=1 MIN=1.41271198 MAX=1.41271198 MEAN=1.41271198 L2=1.41271198 FIRST8=1.41271198,0,0,0,0,0,0,0 HASH=e55fd24cb1e4f674
STEP=0 CP=LAYER_14_ATTN_PROBS COUNT=1 MIN=1 MAX=1 MEAN=1 L2=1 FIRST8=1,0,0,0,0,0,0,0 HASH=2fa183a08531045a
STEP=0 CP=LAYER_14_ATTN_SCORES COUNT=1 MIN=1.39535427 MAX=1.39535427 MEAN=1.39535427 L2=1.39535427 FIRST8=1.39535427,0,0,0,0,0,0,0 HASH=68f67d60c9ccf442
STEP=0 CP=LAYER_14_ATTN_PROBS COUNT=1 MIN=1 MAX=1 MEAN=1 L2=1 FIRST8=1,0,0,0,0,0,0,0 HASH=2fa183a08531045a
STEP=0 CP=LAYER_14_ATTN_SCORES COUNT=1 MIN=0.991796315 MAX=0.991796315 MEAN=0.991796315 L2=0.991796315 FIRST8=0.991796315,0,0,0,0,0,0,0 HASH=8a1d0a9a460f11fc
STEP=0 CP=LAYER_14_ATTN_PROBS COUNT=1 MIN=1 MAX=1 MEAN=1 L2=1 FIRST8=1,0,0,0,0,0,0,0 HASH=2fa183a08531045a
STEP=0 CP=LAYER_14_ATTN_SCORES COUNT=1 MIN=1.16913867 MAX=1.16913867 MEAN=1.16913867 L2=1.16913867 FIRST8=1.16913867,0,0,0,0,0,0,0 HASH=d3acfc48f7118b3f
STEP=0 CP=LAYER_14_ATTN_PROBS COUNT=1 MIN=1 MAX=1 MEAN=1 L2=1 FIRST8=1,0,0,0,0,0,0,0 HASH=2fa183a08531045a
STEP=0 CP=LAYER_14_ATTN_SCORES COUNT=1 MIN=1.28797901 MAX=1.28797901 MEAN=1.28797901 L2=1.28797901 FIRST8=1.28797901,0,0,0,0,0,0,0 HASH=e74e0194ba484511
STEP=0 CP=LAYER_14_ATTN_PROBS COUNT=1 MIN=1 MAX=1 MEAN=1 L2=1 FIRST8=1,0,0,0,0,0,0,0 HASH=2fa183a08531045a
STEP=0 CP=LAYER_14_ATTN_SCORES COUNT=1 MIN=1.17901695 MAX=1.17901695 MEAN=1.17901695 L2=1.17901695 FIRST8=1.17901695,0,0,0,0,0,0,0 HASH=de67c3aa97b0e069
STEP=0 CP=LAYER_14_ATTN_PROBS COUNT=1 MIN=1 MAX=1 MEAN=1 L2=1 FIRST8=1,0,0,0,0,0,0,0 HASH=2fa183a08531045a
STEP=0 CP=LAYER_14_ATTN_SCORES COUNT=1 MIN=1.03367996 MAX=1.03367996 MEAN=1.03367996 L2=1.03367996 FIRST8=1.03367996,0,0,0,0,0,0,0 HASH=ed53057ee85d8d57
STEP=0 CP=LAYER_14_ATTN_PROBS COUNT=1 MIN=1 MAX=1 MEAN=1 L2=1 FIRST8=1,0,0,0,0,0,0,0 HASH=2fa183a08531045a
STEP=0 CP=LAYER_14_ATTN_SCORES COUNT=1 MIN=1.22870338 MAX=1.22870338 MEAN=1.22870338 L2=1.22870338 FIRST8=1.22870338,0,0,0,0,0,0,0 HASH=e7a188b4d1ffb992
STEP=0 CP=LAYER_14_ATTN_PROBS COUNT=1 MIN=1 MAX=1 MEAN=1 L2=1 FIRST8=1,0,0,0,0,0,0,0 HASH=2fa183a08531045a
STEP=0 CP=LAYER_14_ATTN_VALUE COUNT=1536 MIN=-3.05946755 MAX=0.680099845 MEAN=-0.0108078534 L2=8.13571048 FIRST8=0.677856922,-0.128290012,0.0197779611,-0.0799431428,-0.0833315998,-0.00240020035,0.0037538819,-0.0151431262 HASH=e86d370273a9ad5f
STEP=0 CP=LAYER_14_O_PROJ COUNT=1536 MIN=-1.99328876 MAX=4.79545689 MEAN=-0.00185157025 L2=6.50931478 FIRST8=0.0488472432,0.103196561,0.194569468,0.0288924575,0.0320571996,-0.0281317011,-0.00941183791,-0.034690056 HASH=f7ac8cddda590256
STEP=0 CP=LAYER_14_ATTN_RESIDUAL COUNT=1536 MIN=-4213.48877 MAX=2547.86597 MEAN=-0.639492849 L2=6299.64502 FIRST8=-14.942481,2.44006133,3.2752142,-19.7676811,7.65960884,-5.39016438,4.22265768,-11.4600792 HASH=d4858e14b0454ba7
STEP=0 CP=LAYER_14_FFN_NORM COUNT=1536 MIN=-18.9431896 MAX=14.9222107 MEAN=-0.00707866844 L2=26.7835083 FIRST8=-0.0188827664,0.0217030793,0.0152820107,-0.127784133,0.0400206931,-0.0255432501,0.0297593493,-0.0712963268 HASH=4bd986a29a364732
STEP=0 CP=LAYER_14_FFN_GATE COUNT=8960 MIN=-2.56033254 MAX=1.9997468 MEAN=-0.240313579 L2=49.0312565 FIRST8=-0.0900262892,-0.448614001,-0.463937223,0.074053444,-0.18566829,-0.134979889,-0.168554693,-0.229716212 HASH=c37b0634b69b93ba
STEP=0 CP=LAYER_14_FFN_UP COUNT=8960 MIN=-2.05759215 MAX=3.98707795 MEAN=0.00454548259 L2=33.0895626 FIRST8=-0.0189227574,0.44765982,0.263658583,0.775582135,0.358671248,-0.442599922,-0.52179426,-0.303844988 HASH=2871009ef9ebdb98
STEP=0 CP=LAYER_14_SWIGLU COUNT=8960 MIN=-0.906657577 MAX=0.951893032 MEAN=-0.000915722123 L2=6.10159308 FIRST8=0.000813457766,-0.0782601312,-0.0472223088,0.0297800843,-0.0302146953,0.0278581064,0.0402780548,0.0309081543 HASH=a68d6793705fa25e
STEP=0 CP=LAYER_14_FFN_DOWN COUNT=1536 MIN=-1.19498014 MAX=1.14941525 MEAN=-0.00334261257 L2=7.54319953 FIRST8=0.0410774909,-0.0321204178,-0.403619587,-0.206980497,-0.0269530211,-0.0322576016,0.0797094703,0.0152683146 HASH=762cd74273e58080
STEP=0 CP=LAYER_14_LAYER_RESIDUAL COUNT=1536 MIN=-4214.55713 MAX=2548.86719 MEAN=-0.642835464 L2=6301.062 FIRST8=-14.9014034,2.40794086,2.87159467,-19.9746609,7.63265562,-5.42242193,4.30236721,-11.4448109 HASH=ccbba9cb0af192df
STEP=0 CP=LAYER_15_ATTN_NORM COUNT=1536 MIN=-17.1005592 MAX=2.30645299 MEAN=-0.0206665462 L2=20.0087073 FIRST8=-0.0100016426,0.0264439397,0.0265123732,-0.138799325,0.0454342812,-0.0260855742,0.0344955698,-0.0717414618 HASH=f4f81f63c23fb35a
STEP=0 CP=LAYER_15_Q COUNT=1536 MIN=-25.0252285 MAX=16.688715 MEAN=-0.0617280375 L2=78.0585427 FIRST8=1.51113188,-0.961506009,0.0654439554,0.15162392,0.174198419,1.01456714,-0.495103955,0.325614691 HASH=7a172dc51c6c1612
STEP=0 CP=LAYER_15_K COUNT=256 MIN=-48.759079 MAX=44.5098343 MEAN=-0.052482549 L2=81.137197 FIRST8=-0.062764585,-0.0327102542,0.00419601146,0.0262049437,0.0171027817,-0.0126222968,0.0210391209,-0.0824239403 HASH=3a183a988b68f8fe
STEP=0 CP=LAYER_15_V COUNT=256 MIN=-0.374517918 MAX=3.12773395 MEAN=0.0106933223 L2=3.59421007 FIRST8=0.0104834996,0.0593204945,0.0282797515,0.105483472,-0.0591194034,0.0194215998,-0.00867868681,0.139992908 HASH=abe03ef8e202716f
STEP=0 CP=LAYER_15_Q_ROPE COUNT=1536 MIN=-25.0252285 MAX=16.688715 MEAN=-0.0617280375 L2=78.0585427 FIRST8=1.51113188,-0.961506009,0.0654439554,0.15162392,0.174198419,1.01456714,-0.495103955,0.325614691 HASH=7a172dc51c6c1612
STEP=0 CP=LAYER_15_K_ROPE COUNT=256 MIN=-48.759079 MAX=44.5098343 MEAN=-0.052482549 L2=81.137197 FIRST8=-0.062764585,-0.0327102542,0.00419601146,0.0262049437,0.0171027817,-0.0126222968,0.0210391209,-0.0824239403 HASH=3a183a988b68f8fe
STEP=0 CP=KV_WRITE LAYER=15 COUNT=256 K_MIN=-48.759079 K_MAX=44.5098343 K_MEAN=-0.052482549 K_L2=81.137197 K_HASH=3a183a988b68f8fe V_MIN=-0.374517918 V_MAX=3.12773395 V_MEAN=0.0106933223 V_L2=3.59421007 V_HASH=abe03ef8e202716f
STEP=0 CP=LAYER_15_ATTN_SCORES COUNT=1 MIN=0.784832537 MAX=0.784832537 MEAN=0.784832537 L2=0.784832537 FIRST8=0.784832537,0,0,0,0,0,0,0 HASH=fd1561c34d3d7ef9
STEP=0 CP=LAYER_15_ATTN_PROBS COUNT=1 MIN=1 MAX=1 MEAN=1 L2=1 FIRST8=1,0,0,0,0,0,0,0 HASH=2fa183a08531045a
STEP=0 CP=LAYER_15_ATTN_SCORES COUNT=1 MIN=0.657613158 MAX=0.657613158 MEAN=0.657613158 L2=0.657613158 FIRST8=0.657613158,0,0,0,0,0,0,0 HASH=826af14b0ca46713
STEP=0 CP=LAYER_15_ATTN_PROBS COUNT=1 MIN=1 MAX=1 MEAN=1 L2=1 FIRST8=1,0,0,0,0,0,0,0 HASH=2fa183a08531045a
STEP=0 CP=LAYER_15_ATTN_SCORES COUNT=1 MIN=0.572402 MAX=0.572402 MEAN=0.572402 L2=0.572402 FIRST8=0.572402,0,0,0,0,0,0,0 HASH=40dddb1d6fd18d24
STEP=0 CP=LAYER_15_ATTN_PROBS COUNT=1 MIN=1 MAX=1 MEAN=1 L2=1 FIRST8=1,0,0,0,0,0,0,0 HASH=2fa183a08531045a
STEP=0 CP=LAYER_15_ATTN_SCORES COUNT=1 MIN=0.742601395 MAX=0.742601395 MEAN=0.742601395 L2=0.742601395 FIRST8=0.742601395,0,0,0,0,0,0,0 HASH=6a1995aadd122315
STEP=0 CP=LAYER_15_ATTN_PROBS COUNT=1 MIN=1 MAX=1 MEAN=1 L2=1 FIRST8=1,0,0,0,0,0,0,0 HASH=2fa183a08531045a
STEP=0 CP=LAYER_15_ATTN_SCORES COUNT=1 MIN=0.529586315 MAX=0.529586315 MEAN=0.529586315 L2=0.529586315 FIRST8=0.529586315,0,0,0,0,0,0,0 HASH=22383560a152430f
STEP=0 CP=LAYER_15_ATTN_PROBS COUNT=1 MIN=1 MAX=1 MEAN=1 L2=1 FIRST8=1,0,0,0,0,0,0,0 HASH=2fa183a08531045a
STEP=0 CP=LAYER_15_ATTN_SCORES COUNT=1 MIN=0.836023033 MAX=0.836023033 MEAN=0.836023033 L2=0.836023033 FIRST8=0.836023033,0,0,0,0,0,0,0 HASH=7db95b2495bbc7e4
STEP=0 CP=LAYER_15_ATTN_PROBS COUNT=1 MIN=1 MAX=1 MEAN=1 L2=1 FIRST8=1,0,0,0,0,0,0,0 HASH=2fa183a08531045a
STEP=0 CP=LAYER_15_ATTN_SCORES COUNT=1 MIN=8.92169094 MAX=8.92169094 MEAN=8.92169094 L2=8.92169094 FIRST8=8.92169094,0,0,0,0,0,0,0 HASH=c1ecb47d6398b764
STEP=0 CP=LAYER_15_ATTN_PROBS COUNT=1 MIN=1 MAX=1 MEAN=1 L2=1 FIRST8=1,0,0,0,0,0,0,0 HASH=2fa183a08531045a
STEP=0 CP=LAYER_15_ATTN_SCORES COUNT=1 MIN=-260.142578 MAX=-260.142578 MEAN=-260.142578 L2=260.142578 FIRST8=-260.142578,0,0,0,0,0,0,0 HASH=b8739bb5d0d77e5e
STEP=0 CP=LAYER_15_ATTN_PROBS COUNT=1 MIN=1 MAX=1 MEAN=1 L2=1 FIRST8=1,0,0,0,0,0,0,0 HASH=2fa183a08531045a
STEP=0 CP=LAYER_15_ATTN_SCORES COUNT=1 MIN=6.04454041 MAX=6.04454041 MEAN=6.04454041 L2=6.04454041 FIRST8=6.04454041,0,0,0,0,0,0,0 HASH=255e93964a00cd9e
STEP=0 CP=LAYER_15_ATTN_PROBS COUNT=1 MIN=1 MAX=1 MEAN=1 L2=1 FIRST8=1,0,0,0,0,0,0,0 HASH=2fa183a08531045a
STEP=0 CP=LAYER_15_ATTN_SCORES COUNT=1 MIN=10.0311699 MAX=10.0311699 MEAN=10.0311699 L2=10.0311699 FIRST8=10.0311699,0,0,0,0,0,0,0 HASH=b470fbe31be49a49
STEP=0 CP=LAYER_15_ATTN_PROBS COUNT=1 MIN=1 MAX=1 MEAN=1 L2=1 FIRST8=1,0,0,0,0,0,0,0 HASH=2fa183a08531045a
STEP=0 CP=LAYER_15_ATTN_SCORES COUNT=1 MIN=8.11039829 MAX=8.11039829 MEAN=8.11039829 L2=8.11039829 FIRST8=8.11039829,0,0,0,0,0,0,0 HASH=9816552980e2ce1c
STEP=0 CP=LAYER_15_ATTN_PROBS COUNT=1 MIN=1 MAX=1 MEAN=1 L2=1 FIRST8=1,0,0,0,0,0,0,0 HASH=2fa183a08531045a
STEP=0 CP=LAYER_15_ATTN_SCORES COUNT=1 MIN=7.98960257 MAX=7.98960257 MEAN=7.98960257 L2=7.98960257 FIRST8=7.98960257,0,0,0,0,0,0,0 HASH=3c26a0f4777fe0f9
STEP=0 CP=LAYER_15_ATTN_PROBS COUNT=1 MIN=1 MAX=1 MEAN=1 L2=1 FIRST8=1,0,0,0,0,0,0,0 HASH=2fa183a08531045a
STEP=0 CP=LAYER_15_ATTN_VALUE COUNT=1536 MIN=-0.374517918 MAX=3.12773395 MEAN=0.0106933223 L2=8.80398071 FIRST8=0.0104834996,0.0593204945,0.0282797515,0.105483472,-0.0591194034,0.0194215998,-0.00867868681,0.139992908 HASH=91e85e02b081d3e3
STEP=0 CP=LAYER_15_O_PROJ COUNT=1536 MIN=-3.09915042 MAX=7.13556814 MEAN=0.00322571062 L2=8.78767232 FIRST8=0.0148888994,-0.0377269015,0.128909752,-0.0791976899,0.0980151296,-0.035252545,0.0529184677,-0.0829688013 HASH=287faa99cb1acfc7
STEP=0 CP=LAYER_15_ATTN_RESIDUAL COUNT=1536 MIN=-4213.98535 MAX=2548.46655 MEAN=-0.639609711 L2=6298.11833 FIRST8=-14.8865147,2.37021399,3.00050449,-20.0538578,7.73067093,-5.4576745,4.35528564,-11.5277796 HASH=b1c0cc757a9c0682
STEP=0 CP=LAYER_15_FFN_NORM COUNT=1536 MIN=-17.5159607 MAX=16.2302437 MEAN=-0.0056071395 L2=27.0727262 FIRST8=-0.0182738155,0.0212021656,0.0134201366,-0.124790847,0.037958879,-0.0264000967,0.0292193517,-0.0680921003 HASH=ef324066ccc3f7f1
STEP=0 CP=LAYER_15_FFN_GATE COUNT=8960 MIN=-3.08259797 MAX=2.25050378 MEAN=-0.157781293 L2=44.7049744 FIRST8=0.506112814,-0.123379983,-0.797318757,-0.153890699,0.0901010707,-0.34198761,-0.432703584,-0.490700275 HASH=114c0545b1e7f015
STEP=0 CP=LAYER_15_FFN_UP COUNT=8960 MIN=-1.69169056 MAX=2.55597019 MEAN=-4.52892389e-05 L2=33.8917734 FIRST8=-0.394841909,0.891013861,-0.113511607,0.163269237,0.488283873,-0.141173676,0.0200320166,-0.597814202 HASH=0a29dcaf589f6f15
STEP=0 CP=LAYER_15_SWIGLU COUNT=8960 MIN=-0.681364 MAX=0.777354836 MEAN=0.000569487893 L2=6.23462185 FIRST8=-0.124675736,-0.0515800416,0.0281107761,-0.0115980636,0.0229877774,0.0200518277,-0.00341066322,0.111392476 HASH=ea63e3d15fc6f9f7
STEP=0 CP=LAYER_15_FFN_DOWN COUNT=1536 MIN=-1.11013401 MAX=1.11166239 MEAN=-0.00336358327 L2=7.67406603 FIRST8=0.0615064353,-0.0550714694,-0.0745560005,-0.0301141106,0.11378853,0.217266172,-0.0654033124,-0.120075949 HASH=70cde9b885ede50f
STEP=0 CP=LAYER_15_LAYER_RESIDUAL COUNT=1536 MIN=-4215.07324 MAX=2549.57812 MEAN=-0.642973443 L2=6299.0588 FIRST8=-14.8250084,2.31514263,2.92594838,-20.083971,7.84445953,-5.24040842,4.28988218,-11.6478558 HASH=75668c8bca83a33f
STEP=0 CP=LAYER_16_ATTN_NORM COUNT=1536 MIN=-4.91242981 MAX=2.82074332 MEAN=-0.0119774588 L2=11.9065549 FIRST8=-0.0143222762,0.0310596675,0.0386852622,-0.157175705,0.0636780113,-0.0303125195,0.0398280174,-0.0934200063 HASH=c69378cd37e98010
STEP=0 CP=LAYER_16_Q COUNT=1536 MIN=-13.2129431 MAX=12.9839687 MEAN=-0.0159642315 L2=52.2906673 FIRST8=1.01317692,1.00836015,1.13870835,-0.846612573,1.15673137,0.793567061,-1.19124269,0.971773326 HASH=f016d048006b7fcf
STEP=0 CP=LAYER_16_K COUNT=256 MIN=-3.45225191 MAX=1.16074181 MEAN=-0.0134401117 L2=4.37779174 FIRST8=-0.0428402945,-0.00188465416,-0.00267702341,-0.0195395797,-0.0183982253,0.00105294585,0.0036458075,0.00715307891 HASH=27cba769f1f82f4d
STEP=0 CP=LAYER_16_V COUNT=256 MIN=-3.63721609 MAX=1.95140159 MEAN=-0.00828774907 L2=4.27437722 FIRST8=-0.019054763,0.0268451273,-0.0174445324,0.0482507572,0.118321151,-0.0157842413,0.0821689665,0.0802073777 HASH=09a9ba405864d156
STEP=0 CP=LAYER_16_Q_ROPE COUNT=1536 MIN=-13.2129431 MAX=12.9839687 MEAN=-0.0159642315 L2=52.2906673 FIRST8=1.01317692,1.00836015,1.13870835,-0.846612573,1.15673137,0.793567061,-1.19124269,0.971773326 HASH=f016d048006b7fcf
STEP=0 CP=LAYER_16_K_ROPE COUNT=256 MIN=-3.45225191 MAX=1.16074181 MEAN=-0.0134401117 L2=4.37779174 FIRST8=-0.0428402945,-0.00188465416,-0.00267702341,-0.0195395797,-0.0183982253,0.00105294585,0.0036458075,0.00715307891 HASH=27cba769f1f82f4d
STEP=0 CP=KV_WRITE LAYER=16 COUNT=256 K_MIN=-3.45225191 K_MAX=1.16074181 K_MEAN=-0.0134401117 K_L2=4.37779174 K_HASH=27cba769f1f82f4d V_MIN=-3.63721609 V_MAX=1.95140159 V_MEAN=-0.00828774907 V_L2=4.27437722 V_HASH=09a9ba405864d156
STEP=0 CP=LAYER_16_ATTN_SCORES COUNT=1 MIN=4.46899605 MAX=4.46899605 MEAN=4.46899605 L2=4.46899605 FIRST8=4.46899605,0,0,0,0,0,0,0 HASH=c455aac1eac8b85a
STEP=0 CP=LAYER_16_ATTN_PROBS COUNT=1 MIN=1 MAX=1 MEAN=1 L2=1 FIRST8=1,0,0,0,0,0,0,0 HASH=2fa183a08531045a
STEP=0 CP=LAYER_16_ATTN_SCORES COUNT=1 MIN=3.68857551 MAX=3.68857551 MEAN=3.68857551 L2=3.68857551 FIRST8=3.68857551,0,0,0,0,0,0,0 HASH=501b92458c3324cb
STEP=0 CP=LAYER_16_ATTN_PROBS COUNT=1 MIN=1 MAX=1 MEAN=1 L2=1 FIRST8=1,0,0,0,0,0,0,0 HASH=2fa183a08531045a
STEP=0 CP=LAYER_16_ATTN_SCORES COUNT=1 MIN=4.77714443 MAX=4.77714443 MEAN=4.77714443 L2=4.77714443 FIRST8=4.77714443,0,0,0,0,0,0,0 HASH=e261d78df502955b
STEP=0 CP=LAYER_16_ATTN_PROBS COUNT=1 MIN=1 MAX=1 MEAN=1 L2=1 FIRST8=1,0,0,0,0,0,0,0 HASH=2fa183a08531045a
STEP=0 CP=LAYER_16_ATTN_SCORES COUNT=1 MIN=3.14728689 MAX=3.14728689 MEAN=3.14728689 L2=3.14728689 FIRST8=3.14728689,0,0,0,0,0,0,0 HASH=ea19d6bb1c5f1757
STEP=0 CP=LAYER_16_ATTN_PROBS COUNT=1 MIN=1 MAX=1 MEAN=1 L2=1 FIRST8=1,0,0,0,0,0,0,0 HASH=2fa183a08531045a
STEP=0 CP=LAYER_16_ATTN_SCORES COUNT=1 MIN=4.25743437 MAX=4.25743437 MEAN=4.25743437 L2=4.25743437 FIRST8=4.25743437,0,0,0,0,0,0,0 HASH=e13ded9d8e48c1f8
STEP=0 CP=LAYER_16_ATTN_PROBS COUNT=1 MIN=1 MAX=1 MEAN=1 L2=1 FIRST8=1,0,0,0,0,0,0,0 HASH=2fa183a08531045a
STEP=0 CP=LAYER_16_ATTN_SCORES COUNT=1 MIN=4.23843956 MAX=4.23843956 MEAN=4.23843956 L2=4.23843956 FIRST8=4.23843956,0,0,0,0,0,0,0 HASH=3b725817073a1e4b
STEP=0 CP=LAYER_16_ATTN_PROBS COUNT=1 MIN=1 MAX=1 MEAN=1 L2=1 FIRST8=1,0,0,0,0,0,0,0 HASH=2fa183a08531045a
STEP=0 CP=LAYER_16_ATTN_SCORES COUNT=1 MIN=0.918993652 MAX=0.918993652 MEAN=0.918993652 L2=0.918993652 FIRST8=0.918993652,0,0,0,0,0,0,0 HASH=3fdeadd3d0dc5fd3
STEP=0 CP=LAYER_16_ATTN_PROBS COUNT=1 MIN=1 MAX=1 MEAN=1 L2=1 FIRST8=1,0,0,0,0,0,0,0 HASH=2fa183a08531045a
STEP=0 CP=LAYER_16_ATTN_SCORES COUNT=1 MIN=1.06453145 MAX=1.06453145 MEAN=1.06453145 L2=1.06453145 FIRST8=1.06453145,0,0,0,0,0,0,0 HASH=ae51f7f3aa7429b9
STEP=0 CP=LAYER_16_ATTN_PROBS COUNT=1 MIN=1 MAX=1 MEAN=1 L2=1 FIRST8=1,0,0,0,0,0,0,0 HASH=2fa183a08531045a
STEP=0 CP=LAYER_16_ATTN_SCORES COUNT=1 MIN=1.19405222 MAX=1.19405222 MEAN=1.19405222 L2=1.19405222 FIRST8=1.19405222,0,0,0,0,0,0,0 HASH=3f58d727cea74304
STEP=0 CP=LAYER_16_ATTN_PROBS COUNT=1 MIN=1 MAX=1 MEAN=1 L2=1 FIRST8=1,0,0,0,0,0,0,0 HASH=2fa183a08531045a
STEP=0 CP=LAYER_16_ATTN_SCORES COUNT=1 MIN=0.737238169 MAX=0.737238169 MEAN=0.737238169 L2=0.737238169 FIRST8=0.737238169,0,0,0,0,0,0,0 HASH=f5e139a5171c4a77
STEP=0 CP=LAYER_16_ATTN_PROBS COUNT=1 MIN=1 MAX=1 MEAN=1 L2=1 FIRST8=1,0,0,0,0,0,0,0 HASH=2fa183a08531045a
STEP=0 CP=LAYER_16_ATTN_SCORES COUNT=1 MIN=1.28137028 MAX=1.28137028 MEAN=1.28137028 L2=1.28137028 FIRST8=1.28137028,0,0,0,0,0,0,0 HASH=87b1a412c708222a
STEP=0 CP=LAYER_16_ATTN_PROBS COUNT=1 MIN=1 MAX=1 MEAN=1 L2=1 FIRST8=1,0,0,0,0,0,0,0 HASH=2fa183a08531045a
STEP=0 CP=LAYER_16_ATTN_SCORES COUNT=1 MIN=1.3803153 MAX=1.3803153 MEAN=1.3803153 L2=1.3803153 FIRST8=1.3803153,0,0,0,0,0,0,0 HASH=c1ce5312362dadcc
STEP=0 CP=LAYER_16_ATTN_PROBS COUNT=1 MIN=1 MAX=1 MEAN=1 L2=1 FIRST8=1,0,0,0,0,0,0,0 HASH=2fa183a08531045a
STEP=0 CP=LAYER_16_ATTN_VALUE COUNT=1536 MIN=-3.63721609 MAX=1.95140159 MEAN=-0.00828774907 L2=10.4700432 FIRST8=-0.019054763,0.0268451273,-0.0174445324,0.0482507572,0.118321151,-0.0157842413,0.0821689665,0.0802073777 HASH=d2a1392936338317
STEP=0 CP=LAYER_16_O_PROJ COUNT=1536 MIN=-2.71413064 MAX=6.48715401 MEAN=0.00074835639 L2=8.11703139 FIRST8=0.05079614,0.0957513899,0.0860487744,0.0452631824,0.0242221728,0.109043635,0.0798488706,0.0144096753 HASH=5ded41a4761db4da
STEP=0 CP=LAYER_16_ATTN_RESIDUAL COUNT=1536 MIN=-4214.79834 MAX=2549.38086 MEAN=-0.642224905 L2=6296.69232 FIRST8=-14.7742119,2.41089392,3.01199722,-20.0387077,7.86868191,-5.13136482,4.36973095,-11.6334457 HASH=33078fb2d2a183d5
STEP=0 CP=LAYER_16_FFN_NORM COUNT=1536 MIN=-19.9827194 MAX=15.4339561 MEAN=-0.00783093775 L2=29.0822169 FIRST8=-0.023168996,0.0214537084,0.0123761194,-0.129596874,0.039601855,-0.0264491625,0.0303853285,-0.0715602934 HASH=f66fbe39f4e4dc4d
STEP=0 CP=LAYER_16_FFN_GATE COUNT=8960 MIN=-2.95878315 MAX=2.16921139 MEAN=-0.134995737 L2=44.2353855 FIRST8=0.0402822196,0.371391565,-0.83848238,0.342725962,-0.619513094,0.474842846,-0.286471784,0.54006058 HASH=0c3186b86e57b438
STEP=0 CP=LAYER_16_FFN_UP COUNT=8960 MIN=-2.90929651 MAX=2.60624599 MEAN=-0.00142767227 L2=36.8330464 FIRST8=-0.499896556,-0.28706184,0.143672884,0.345232517,-0.0328772105,0.150887683,0.598965824,-0.0440836102 HASH=9531ad884f6d1993
STEP=0 CP=LAYER_16_SWIGLU COUNT=8960 MIN=-0.987622678 MAX=0.571642399 MEAN=-0.000459346984 L2=6.59809389 FIRST8=-0.0102712344,-0.0630926713,-0.0363635607,0.0691998377,0.00712655624,0.0441730581,-0.0735880658,-0.015042413 HASH=d0a04367e8ddb6fd
STEP=0 CP=LAYER_16_FFN_DOWN COUNT=1536 MIN=-0.968497276 MAX=0.905334711 MEAN=-0.00276989563 L2=7.5274452 FIRST8=-0.0502423942,-0.115791991,-0.0767187029,-0.0345227458,-0.0928433537,0.0683633834,0.124764144,-0.00557268411 HASH=0ae65782b3ae6022
STEP=0 CP=LAYER_16_LAYER_RESIDUAL COUNT=1536 MIN=-4215.6084 MAX=2549.90894 MEAN=-0.644994784 L2=6297.08686 FIRST8=-14.8244543,2.29510188,2.93527842,-20.0732307,7.77583838,-5.06300163,4.49449492,-11.6390181 HASH=bb5ee1e105d86f9e
STEP=0 CP=LAYER_17_ATTN_NORM COUNT=1536 MIN=-15.988246 MAX=3.41657472 MEAN=-0.0231453522 L2=20.4999114 FIRST8=-0.0212640855,0.0285685305,0.0282592382,-0.162020996,0.0597379431,-0.0269567892,0.0393368304,-0.0933783576 HASH=35e0bb0d9cf2b08b
STEP=0 CP=LAYER_17_Q COUNT=1536 MIN=-15.6304111 MAX=9.79318237 MEAN=-0.0568760495 L2=52.841316 FIRST8=1.3513149,-1.45511341,1.16999865,0.0577389598,-0.458745897,-1.0921036,0.843062222,1.41190064 HASH=0444b9a2a41b08ad
STEP=0 CP=LAYER_17_K COUNT=256 MIN=-1.24626493 MAX=1.4592793 MEAN=-0.00937299064 L2=2.7480072 FIRST8=0.0239144638,-0.0226343423,0.00809408724,0.0132078528,0.0169089139,-2.78279185e-05,0.0570740029,0.0116262436 HASH=b95bd3fb5b2356b2
STEP=0 CP=LAYER_17_V COUNT=256 MIN=-3.56066489 MAX=1.16306651 MEAN=-0.0168741526 L2=4.05258894 FIRST8=0.0420955531,-0.0719674379,0.098762393,-0.0457926206,0.0945280641,0.063470982,-0.00971720181,-0.0924718007 HASH=985a61cffe8729a8
STEP=0 CP=LAYER_17_Q_ROPE COUNT=1536 MIN=-15.6304111 MAX=9.79318237 MEAN=-0.0568760495 L2=52.841316 FIRST8=1.3513149,-1.45511341,1.16999865,0.0577389598,-0.458745897,-1.0921036,0.843062222,1.41190064 HASH=0444b9a2a41b08ad
STEP=0 CP=LAYER_17_K_ROPE COUNT=256 MIN=-1.24626493 MAX=1.4592793 MEAN=-0.00937299064 L2=2.7480072 FIRST8=0.0239144638,-0.0226343423,0.00809408724,0.0132078528,0.0169089139,-2.78279185e-05,0.0570740029,0.0116262436 HASH=b95bd3fb5b2356b2
STEP=0 CP=KV_WRITE LAYER=17 COUNT=256 K_MIN=-1.24626493 K_MAX=1.4592793 K_MEAN=-0.00937299064 K_L2=2.7480072 K_HASH=b95bd3fb5b2356b2 V_MIN=-3.56066489 V_MAX=1.16306651 V_MEAN=-0.0168741526 V_L2=4.05258894 V_HASH=985a61cffe8729a8
STEP=0 CP=LAYER_17_ATTN_SCORES COUNT=1 MIN=1.62234128 MAX=1.62234128 MEAN=1.62234128 L2=1.62234128 FIRST8=1.62234128,0,0,0,0,0,0,0 HASH=9a3d548bbc114860
STEP=0 CP=LAYER_17_ATTN_PROBS COUNT=1 MIN=1 MAX=1 MEAN=1 L2=1 FIRST8=1,0,0,0,0,0,0,0 HASH=2fa183a08531045a
STEP=0 CP=LAYER_17_ATTN_SCORES COUNT=1 MIN=1.42497325 MAX=1.42497325 MEAN=1.42497325 L2=1.42497325 FIRST8=1.42497325,0,0,0,0,0,0,0 HASH=0a7e7e8429da4735
STEP=0 CP=LAYER_17_ATTN_PROBS COUNT=1 MIN=1 MAX=1 MEAN=1 L2=1 FIRST8=1,0,0,0,0,0,0,0 HASH=2fa183a08531045a
STEP=0 CP=LAYER_17_ATTN_SCORES COUNT=1 MIN=1.62307608 MAX=1.62307608 MEAN=1.62307608 L2=1.62307608 FIRST8=1.62307608,0,0,0,0,0,0,0 HASH=e9d16532ee1ad43c
STEP=0 CP=LAYER_17_ATTN_PROBS COUNT=1 MIN=1 MAX=1 MEAN=1 L2=1 FIRST8=1,0,0,0,0,0,0,0 HASH=2fa183a08531045a
STEP=0 CP=LAYER_17_ATTN_SCORES COUNT=1 MIN=0.981766462 MAX=0.981766462 MEAN=0.981766462 L2=0.981766462 FIRST8=0.981766462,0,0,0,0,0,0,0 HASH=cf40ef02eecdbd92
STEP=0 CP=LAYER_17_ATTN_PROBS COUNT=1 MIN=1 MAX=1 MEAN=1 L2=1 FIRST8=1,0,0,0,0,0,0,0 HASH=2fa183a08531045a
STEP=0 CP=LAYER_17_ATTN_SCORES COUNT=1 MIN=1.55971825 MAX=1.55971825 MEAN=1.55971825 L2=1.55971825 FIRST8=1.55971825,0,0,0,0,0,0,0 HASH=04b1784792a0adac
STEP=0 CP=LAYER_17_ATTN_PROBS COUNT=1 MIN=1 MAX=1 MEAN=1 L2=1 FIRST8=1,0,0,0,0,0,0,0 HASH=2fa183a08531045a
STEP=0 CP=LAYER_17_ATTN_SCORES COUNT=1 MIN=1.40041983 MAX=1.40041983 MEAN=1.40041983 L2=1.40041983 FIRST8=1.40041983,0,0,0,0,0,0,0 HASH=3a0b65355e4469b0
STEP=0 CP=LAYER_17_ATTN_PROBS COUNT=1 MIN=1 MAX=1 MEAN=1 L2=1 FIRST8=1,0,0,0,0,0,0,0 HASH=2fa183a08531045a
STEP=0 CP=LAYER_17_ATTN_SCORES COUNT=1 MIN=1.41490984 MAX=1.41490984 MEAN=1.41490984 L2=1.41490984 FIRST8=1.41490984,0,0,0,0,0,0,0 HASH=89b55aaccb7cf446
STEP=0 CP=LAYER_17_ATTN_PROBS COUNT=1 MIN=1 MAX=1 MEAN=1 L2=1 FIRST8=1,0,0,0,0,0,0,0 HASH=2fa183a08531045a
STEP=0 CP=LAYER_17_ATTN_SCORES COUNT=1 MIN=0.66080457 MAX=0.66080457 MEAN=0.66080457 L2=0.66080457 FIRST8=0.66080457,0,0,0,0,0,0,0 HASH=cde0dfa25eda1e6c
STEP=0 CP=LAYER_17_ATTN_PROBS COUNT=1 MIN=1 MAX=1 MEAN=1 L2=1 FIRST8=1,0,0,0,0,0,0,0 HASH=2fa183a08531045a
STEP=0 CP=LAYER_17_ATTN_SCORES COUNT=1 MIN=1.61226797 MAX=1.61226797 MEAN=1.61226797 L2=1.61226797 FIRST8=1.61226797,0,0,0,0,0,0,0 HASH=fe171fefc04c007e
STEP=0 CP=LAYER_17_ATTN_PROBS COUNT=1 MIN=1 MAX=1 MEAN=1 L2=1 FIRST8=1,0,0,0,0,0,0,0 HASH=2fa183a08531045a
STEP=0 CP=LAYER_17_ATTN_SCORES COUNT=1 MIN=1.7122798 MAX=1.7122798 MEAN=1.7122798 L2=1.7122798 FIRST8=1.7122798,0,0,0,0,0,0,0 HASH=874bac7fa62f081c
STEP=0 CP=LAYER_17_ATTN_PROBS COUNT=1 MIN=1 MAX=1 MEAN=1 L2=1 FIRST8=1,0,0,0,0,0,0,0 HASH=2fa183a08531045a
STEP=0 CP=LAYER_17_ATTN_SCORES COUNT=1 MIN=1.7680887 MAX=1.7680887 MEAN=1.7680887 L2=1.7680887 FIRST8=1.7680887,0,0,0,0,0,0,0 HASH=04e79f30cae222f3
STEP=0 CP=LAYER_17_ATTN_PROBS COUNT=1 MIN=1 MAX=1 MEAN=1 L2=1 FIRST8=1,0,0,0,0,0,0,0 HASH=2fa183a08531045a
STEP=0 CP=LAYER_17_ATTN_SCORES COUNT=1 MIN=1.24705279 MAX=1.24705279 MEAN=1.24705279 L2=1.24705279 FIRST8=1.24705279,0,0,0,0,0,0,0 HASH=c4d63c1f3a83883d
STEP=0 CP=LAYER_17_ATTN_PROBS COUNT=1 MIN=1 MAX=1 MEAN=1 L2=1 FIRST8=1,0,0,0,0,0,0,0 HASH=2fa183a08531045a
STEP=0 CP=LAYER_17_ATTN_VALUE COUNT=1536 MIN=-3.56066489 MAX=1.16306651 MEAN=-0.0168741526 L2=9.92677504 FIRST8=0.0420955531,-0.0719674379,0.098762393,-0.0457926206,0.0945280641,0.063470982,-0.00971720181,-0.0924718007 HASH=88fcf1cb2996463f
STEP=0 CP=LAYER_17_O_PROJ COUNT=1536 MIN=-1.78163624 MAX=4.5246067 MEAN=0.00486026472 L2=6.66811663 FIRST8=0.0156036606,0.28816393,0.0325417742,0.135041565,0.0242825206,-0.120136164,-0.0989576653,0.018129535 HASH=aff857dd583b946e
STEP=0 CP=LAYER_17_ATTN_RESIDUAL COUNT=1536 MIN=-4215.22266 MAX=2549.78418 MEAN=-0.64013424 L2=6295.38837 FIRST8=-14.8088503,2.58326578,2.96782017,-19.9381886,7.80012083,-5.18313789,4.39553738,-11.6208887 HASH=a71f52ec40f73778
STEP=0 CP=LAYER_17_FFN_NORM COUNT=1536 MIN=-18.7587852 MAX=15.2535753 MEAN=-0.00806424074 L2=28.665611 FIRST8=-0.0264692605,0.0228667054,0.0123414677,-0.128003761,0.040403042,-0.0267215576,0.0303573199,-0.0720630512 HASH=46a01257dc920cd3
STEP=0 CP=LAYER_17_FFN_GATE COUNT=8960 MIN=-2.61169648 MAX=2.97840977 MEAN=-0.0294420066 L2=42.8475579 FIRST8=0.553247869,0.0222309101,-0.301612586,-0.441826701,0.101711869,0.0794546753,0.0533363558,0.234083578 HASH=40769ad64b249f64
STEP=0 CP=LAYER_17_FFN_UP COUNT=8960 MIN=-1.98099875 MAX=2.8731041 MEAN=-1.28751565e-05 L2=37.933478 FIRST8=-0.368766278,-0.0615720563,0.422192037,-0.130880281,-0.236708879,-0.495986074,0.349819303,0.196115389 HASH=52e20a0e484d6413
STEP=0 CP=LAYER_17_SWIGLU COUNT=8960 MIN=-0.916089714 MAX=0.634263277 MEAN=-0.000128577387 L2=7.16865329 FIRST8=-0.129529476,-0.000692008529,-0.0541396327,0.0226278044,-0.0126497308,-0.0204865914,0.00957777351,0.0256280359 HASH=b0b72b0cb09581b4
STEP=0 CP=LAYER_17_FFN_DOWN COUNT=1536 MIN=-1.60177827 MAX=3.43709636 MEAN=-0.00216843362 L2=9.08708582 FIRST8=-0.0441664942,-0.136898711,0.110070899,-0.0729638785,-0.355016023,-0.0511892252,-0.0225605108,0.0624824129 HASH=d730b0cda8f46d16
STEP=0 CP=LAYER_17_LAYER_RESIDUAL COUNT=1536 MIN=-4216.71289 MAX=2550.63452 MEAN=-0.642302732 L2=6295.40369 FIRST8=-14.8530169,2.44636703,3.07789111,-20.0111523,7.4451046,-5.23432732,4.37297678,-11.5584059 HASH=15ac8ccfcbebd037
STEP=0 CP=LAYER_18_ATTN_NORM COUNT=1536 MIN=-20.9187737 MAX=4.2537055 MEAN=-0.0226178383 L2=24.3185296 FIRST8=-0.0190532543,0.0245104283,0.0302389488,-0.13723132,0.0535913333,-0.023548577,0.0344551578,-0.0803888887 HASH=d97339e741f2a2d7
STEP=0 CP=LAYER_18_Q COUNT=1536 MIN=-20.5016308 MAX=13.9547482 MEAN=0.02782569 L2=65.3463744 FIRST8=0.280888736,-0.785735309,0.612638831,-0.180664852,0.484911174,0.173473224,0.621430039,-0.320780039 HASH=3712d7953fbdd99f
STEP=0 CP=LAYER_18_K COUNT=256 MIN=-8.15142345 MAX=6.63523197 MEAN=0.00933045859 L2=11.1720035 FIRST8=0.0647817254,-0.0130449533,-0.0343502536,0.0380441099,-0.00136847049,0.0254087299,0.0149185658,0.000567674637 HASH=5442beb57e72bd07
STEP=0 CP=LAYER_18_V COUNT=256 MIN=-2.22745132 MAX=1.75370789 MEAN=-0.0116635013 L2=3.36524267 FIRST8=0.0771141946,0.031776309,0.00488096708,-0.0383769274,-0.0532514304,0.0451757908,-0.0200290941,0.0352954045 HASH=723dec545812b45d
STEP=0 CP=LAYER_18_Q_ROPE COUNT=1536 MIN=-20.5016308 MAX=13.9547482 MEAN=0.02782569 L2=65.3463744 FIRST8=0.280888736,-0.785735309,0.612638831,-0.180664852,0.484911174,0.173473224,0.621430039,-0.320780039 HASH=3712d7953fbdd99f
STEP=0 CP=LAYER_18_K_ROPE COUNT=256 MIN=-8.15142345 MAX=6.63523197 MEAN=0.00933045859 L2=11.1720035 FIRST8=0.0647817254,-0.0130449533,-0.0343502536,0.0380441099,-0.00136847049,0.0254087299,0.0149185658,0.000567674637 HASH=5442beb57e72bd07
STEP=0 CP=KV_WRITE LAYER=18 COUNT=256 K_MIN=-8.15142345 K_MAX=6.63523197 K_MEAN=0.00933045859 K_L2=11.1720035 K_HASH=5442beb57e72bd07 V_MIN=-2.22745132 V_MAX=1.75370789 V_MEAN=-0.0116635013 V_L2=3.36524267 V_HASH=723dec545812b45d
STEP=0 CP=LAYER_18_ATTN_SCORES COUNT=1 MIN=0.772029579 MAX=0.772029579 MEAN=0.772029579 L2=0.772029579 FIRST8=0.772029579,0,0,0,0,0,0,0 HASH=ad522a312b5cee79
STEP=0 CP=LAYER_18_ATTN_PROBS COUNT=1 MIN=1 MAX=1 MEAN=1 L2=1 FIRST8=1,0,0,0,0,0,0,0 HASH=2fa183a08531045a
STEP=0 CP=LAYER_18_ATTN_SCORES COUNT=1 MIN=0.539283335 MAX=0.539283335 MEAN=0.539283335 L2=0.539283335 FIRST8=0.539283335,0,0,0,0,0,0,0 HASH=15b7438055096333
STEP=0 CP=LAYER_18_ATTN_PROBS COUNT=1 MIN=1 MAX=1 MEAN=1 L2=1 FIRST8=1,0,0,0,0,0,0,0 HASH=2fa183a08531045a
STEP=0 CP=LAYER_18_ATTN_SCORES COUNT=1 MIN=0.880328894 MAX=0.880328894 MEAN=0.880328894 L2=0.880328894 FIRST8=0.880328894,0,0,0,0,0,0,0 HASH=f32ce89602dfb1d4
STEP=0 CP=LAYER_18_ATTN_PROBS COUNT=1 MIN=1 MAX=1 MEAN=1 L2=1 FIRST8=1,0,0,0,0,0,0,0 HASH=2fa183a08531045a
STEP=0 CP=LAYER_18_ATTN_SCORES COUNT=1 MIN=0.673870802 MAX=0.673870802 MEAN=0.673870802 L2=0.673870802 FIRST8=0.673870802,0,0,0,0,0,0,0 HASH=18bddbf181c12044
STEP=0 CP=LAYER_18_ATTN_PROBS COUNT=1 MIN=1 MAX=1 MEAN=1 L2=1 FIRST8=1,0,0,0,0,0,0,0 HASH=2fa183a08531045a
STEP=0 CP=LAYER_18_ATTN_SCORES COUNT=1 MIN=0.922811151 MAX=0.922811151 MEAN=0.922811151 L2=0.922811151 FIRST8=0.922811151,0,0,0,0,0,0,0 HASH=2508ed6c7926817f
STEP=0 CP=LAYER_18_ATTN_PROBS COUNT=1 MIN=1 MAX=1 MEAN=1 L2=1 FIRST8=1,0,0,0,0,0,0,0 HASH=2fa183a08531045a
STEP=0 CP=LAYER_18_ATTN_SCORES COUNT=1 MIN=0.746428907 MAX=0.746428907 MEAN=0.746428907 L2=0.746428907 FIRST8=0.746428907,0,0,0,0,0,0,0 HASH=2d9b6e231cbaab79
STEP=0 CP=LAYER_18_ATTN_PROBS COUNT=1 MIN=1 MAX=1 MEAN=1 L2=1 FIRST8=1,0,0,0,0,0,0,0 HASH=2fa183a08531045a
STEP=0 CP=LAYER_18_ATTN_SCORES COUNT=1 MIN=3.28257799 MAX=3.28257799 MEAN=3.28257799 L2=3.28257799 FIRST8=3.28257799,0,0,0,0,0,0,0 HASH=8102417a0c134ec0
STEP=0 CP=LAYER_18_ATTN_PROBS COUNT=1 MIN=1 MAX=1 MEAN=1 L2=1 FIRST8=1,0,0,0,0,0,0,0 HASH=2fa183a08531045a
STEP=0 CP=LAYER_18_ATTN_SCORES COUNT=1 MIN=9.67285156 MAX=9.67285156 MEAN=9.67285156 L2=9.67285156 FIRST8=9.67285156,0,0,0,0,0,0,0 HASH=29e5f59f60819832
STEP=0 CP=LAYER_18_ATTN_PROBS COUNT=1 MIN=1 MAX=1 MEAN=1 L2=1 FIRST8=1,0,0,0,0,0,0,0 HASH=2fa183a08531045a
STEP=0 CP=LAYER_18_ATTN_SCORES COUNT=1 MIN=10.3522797 MAX=10.3522797 MEAN=10.3522797 L2=10.3522797 FIRST8=10.3522797,0,0,0,0,0,0,0 HASH=82284f1d03c29867
STEP=0 CP=LAYER_18_ATTN_PROBS COUNT=1 MIN=1 MAX=1 MEAN=1 L2=1 FIRST8=1,0,0,0,0,0,0,0 HASH=2fa183a08531045a
STEP=0 CP=LAYER_18_ATTN_SCORES COUNT=1 MIN=8.25408649 MAX=8.25408649 MEAN=8.25408649 L2=8.25408649 FIRST8=8.25408649,0,0,0,0,0,0,0 HASH=881ee160fb9b553d
STEP=0 CP=LAYER_18_ATTN_PROBS COUNT=1 MIN=1 MAX=1 MEAN=1 L2=1 FIRST8=1,0,0,0,0,0,0,0 HASH=2fa183a08531045a
STEP=0 CP=LAYER_18_ATTN_SCORES COUNT=1 MIN=10.5369272 MAX=10.5369272 MEAN=10.5369272 L2=10.5369272 FIRST8=10.5369272,0,0,0,0,0,0,0 HASH=9b1714ab804744b0
STEP=0 CP=LAYER_18_ATTN_PROBS COUNT=1 MIN=1 MAX=1 MEAN=1 L2=1 FIRST8=1,0,0,0,0,0,0,0 HASH=2fa183a08531045a
STEP=0 CP=LAYER_18_ATTN_SCORES COUNT=1 MIN=8.00502205 MAX=8.00502205 MEAN=8.00502205 L2=8.00502205 FIRST8=8.00502205,0,0,0,0,0,0,0 HASH=a0f185ea84d4890a
STEP=0 CP=LAYER_18_ATTN_PROBS COUNT=1 MIN=1 MAX=1 MEAN=1 L2=1 FIRST8=1,0,0,0,0,0,0,0 HASH=2fa183a08531045a
STEP=0 CP=LAYER_18_ATTN_VALUE COUNT=1536 MIN=-2.22745132 MAX=1.75370789 MEAN=-0.0116635013 L2=8.24312741 FIRST8=0.0771141946,0.031776309,0.00488096708,-0.0383769274,-0.0532514304,0.0451757908,-0.0200290941,0.0352954045 HASH=672bbd304e4e3ebf
STEP=0 CP=LAYER_18_O_PROJ COUNT=1536 MIN=-1.53182304 MAX=2.92724442 MEAN=0.00334960746 L2=5.0908371 FIRST8=0.0877825171,0.050507281,0.0523593053,-0.0864181072,-0.0357967466,-0.117796339,-0.0173189882,-0.0481186844 HASH=c83b93203e639ee6
STEP=0 CP=LAYER_18_ATTN_RESIDUAL COUNT=1536 MIN=-4216.71973 MAX=2550.69092 MEAN=-0.638953207 L2=6294.52279 FIRST8=-14.765234,2.49687433,3.13025045,-20.0975704,7.40930796,-5.35212374,4.35565758,-11.6065245 HASH=7f79f86272fb71d2
STEP=0 CP=LAYER_18_FFN_NORM COUNT=1536 MIN=-19.0757008 MAX=14.5786905 MEAN=-0.00831845166 L2=28.2938422 FIRST8=-0.031242976,0.0210119132,0.0139323063,-0.121712647,0.0394652262,-0.0272060335,0.029238537,-0.0702901334 HASH=afa41b5ec3c228c3
STEP=0 CP=LAYER_18_FFN_GATE COUNT=8960 MIN=-1.98857725 MAX=2.32027745 MEAN=-0.00884713027 L2=41.7703478 FIRST8=0.326409459,-0.307999909,0.170875207,-0.0507591181,-0.716551006,-0.425404578,-0.0989767313,-0.0823847726 HASH=4dea9763e233884b
STEP=0 CP=LAYER_18_FFN_UP COUNT=8960 MIN=-2.53710341 MAX=3.99947572 MEAN=0.00305676087 L2=38.6376724 FIRST8=0.484969437,0.251160026,-0.260496914,7.2276569e-05,-0.449926853,0.505718172,0.501096845,0.0864288136 HASH=8f9c4ffaba1aa322
STEP=0 CP=LAYER_18_SWIGLU COUNT=8960 MIN=-0.653556883 MAX=2.07558942 MEAN=5.29496285e-05 L2=7.42961372 FIRST8=0.091953367,-0.0327687711,-0.0241531394,-1.78780249e-06,0.105795041,-0.0850264877,-0.0235722288,-0.00341363833 HASH=25b79faf41263ee3
STEP=0 CP=LAYER_18_FFN_DOWN COUNT=1536 MIN=-2.43529987 MAX=3.04121971 MEAN=0.00490507059 L2=9.68436801 FIRST8=0.0433070548,0.00197798503,-0.0741548762,-0.23580201,0.135152027,-0.00880641397,0.0137828672,-0.538946271 HASH=fe7ba99d78120b0a
STEP=0 CP=LAYER_18_LAYER_RESIDUAL COUNT=1536 MIN=-4219.15479 MAX=2551.36255 MEAN=-0.634047974 L2=6295.45428 FIRST8=-14.7219267,2.49885225,3.0560956,-20.3333721,7.54445982,-5.36092997,4.36944056,-12.1454706 HASH=a81338520eaf2675
STEP=0 CP=LAYER_19_ATTN_NORM COUNT=1536 MIN=-18.3656807 MAX=4.04008102 MEAN=-0.0269300938 L2=23.4592374 FIRST8=-0.0537012592,0.0274667703,0.031659577,-0.148340315,0.0565076731,-0.0303755812,0.0378272161,-0.0850619674 HASH=f30bd2312ffb6314
STEP=0 CP=LAYER_19_Q COUNT=1536 MIN=-20.4073524 MAX=9.95494461 MEAN=-0.144544356 L2=65.3547724 FIRST8=0.077670157,0.130291849,-0.71658808,-0.051756233,-0.303687513,0.459394902,0.0822519585,-0.68376255 HASH=ad9b714aa648a86f
STEP=0 CP=LAYER_19_K COUNT=256 MIN=-4.54497814 MAX=2.75812626 MEAN=0.0220715874 L2=6.81436949 FIRST8=0.0170214325,-0.0284270868,-0.0226775706,-0.0164469033,0.0201493278,-0.0356910527,-0.0091942586,-0.028876245 HASH=6c96d210941e2268
STEP=0 CP=LAYER_19_V COUNT=256 MIN=-1.75535142 MAX=0.633669615 MEAN=-0.00444577719 L2=2.32601697 FIRST8=-0.0444976687,0.069522351,-0.00622713566,-0.0890876949,0.0699830875,-0.0361166,0.123594373,0.00722615048 HASH=4fc090ac9cfa5653
STEP=0 CP=LAYER_19_Q_ROPE COUNT=1536 MIN=-20.4073524 MAX=9.95494461 MEAN=-0.144544356 L2=65.3547724 FIRST8=0.077670157,0.130291849,-0.71658808,-0.051756233,-0.303687513,0.459394902,0.0822519585,-0.68376255 HASH=ad9b714aa648a86f
STEP=0 CP=LAYER_19_K_ROPE COUNT=256 MIN=-4.54497814 MAX=2.75812626 MEAN=0.0220715874 L2=6.81436949 FIRST8=0.0170214325,-0.0284270868,-0.0226775706,-0.0164469033,0.0201493278,-0.0356910527,-0.0091942586,-0.028876245 HASH=6c96d210941e2268
STEP=0 CP=KV_WRITE LAYER=19 COUNT=256 K_MIN=-4.54497814 K_MAX=2.75812626 K_MEAN=0.0220715874 K_L2=6.81436949 K_HASH=6c96d210941e2268 V_MIN=-1.75535142 V_MAX=0.633669615 V_MEAN=-0.00444577719 V_L2=2.32601697 V_HASH=4fc090ac9cfa5653
STEP=0 CP=LAYER_19_ATTN_SCORES COUNT=1 MIN=5.25899124 MAX=5.25899124 MEAN=5.25899124 L2=5.25899124 FIRST8=5.25899124,0,0,0,0,0,0,0 HASH=98c890c43f544b60
STEP=0 CP=LAYER_19_ATTN_PROBS COUNT=1 MIN=1 MAX=1 MEAN=1 L2=1 FIRST8=1,0,0,0,0,0,0,0 HASH=2fa183a08531045a
STEP=0 CP=LAYER_19_ATTN_SCORES COUNT=1 MIN=5.63226414 MAX=5.63226414 MEAN=5.63226414 L2=5.63226414 FIRST8=5.63226414,0,0,0,0,0,0,0 HASH=8187f963ee0b8fcc
STEP=0 CP=LAYER_19_ATTN_PROBS COUNT=1 MIN=1 MAX=1 MEAN=1 L2=1 FIRST8=1,0,0,0,0,0,0,0 HASH=2fa183a08531045a
STEP=0 CP=LAYER_19_ATTN_SCORES COUNT=1 MIN=3.72085524 MAX=3.72085524 MEAN=3.72085524 L2=3.72085524 FIRST8=3.72085524,0,0,0,0,0,0,0 HASH=48855898f5a2a139
STEP=0 CP=LAYER_19_ATTN_PROBS COUNT=1 MIN=1 MAX=1 MEAN=1 L2=1 FIRST8=1,0,0,0,0,0,0,0 HASH=2fa183a08531045a
STEP=0 CP=LAYER_19_ATTN_SCORES COUNT=1 MIN=5.06572914 MAX=5.06572914 MEAN=5.06572914 L2=5.06572914 FIRST8=5.06572914,0,0,0,0,0,0,0 HASH=7d17a4677b5efe17
STEP=0 CP=LAYER_19_ATTN_PROBS COUNT=1 MIN=1 MAX=1 MEAN=1 L2=1 FIRST8=1,0,0,0,0,0,0,0 HASH=2fa183a08531045a
STEP=0 CP=LAYER_19_ATTN_SCORES COUNT=1 MIN=4.12955093 MAX=4.12955093 MEAN=4.12955093 L2=4.12955093 FIRST8=4.12955093,0,0,0,0,0,0,0 HASH=364761f838ddd538
STEP=0 CP=LAYER_19_ATTN_PROBS COUNT=1 MIN=1 MAX=1 MEAN=1 L2=1 FIRST8=1,0,0,0,0,0,0,0 HASH=2fa183a08531045a
STEP=0 CP=LAYER_19_ATTN_SCORES COUNT=1 MIN=5.4980588 MAX=5.4980588 MEAN=5.4980588 L2=5.4980588 FIRST8=5.4980588,0,0,0,0,0,0,0 HASH=d9b2cd5ebb1a901d
STEP=0 CP=LAYER_19_ATTN_PROBS COUNT=1 MIN=1 MAX=1 MEAN=1 L2=1 FIRST8=1,0,0,0,0,0,0,0 HASH=2fa183a08531045a
STEP=0 CP=LAYER_19_ATTN_SCORES COUNT=1 MIN=1.10520875 MAX=1.10520875 MEAN=1.10520875 L2=1.10520875 FIRST8=1.10520875,0,0,0,0,0,0,0 HASH=d4b1a46e8572a16d
STEP=0 CP=LAYER_19_ATTN_PROBS COUNT=1 MIN=1 MAX=1 MEAN=1 L2=1 FIRST8=1,0,0,0,0,0,0,0 HASH=2fa183a08531045a
STEP=0 CP=LAYER_19_ATTN_SCORES COUNT=1 MIN=1.41544628 MAX=1.41544628 MEAN=1.41544628 L2=1.41544628 FIRST8=1.41544628,0,0,0,0,0,0,0 HASH=7b0ab97dc34dcb94
STEP=0 CP=LAYER_19_ATTN_PROBS COUNT=1 MIN=1 MAX=1 MEAN=1 L2=1 FIRST8=1,0,0,0,0,0,0,0 HASH=2fa183a08531045a
STEP=0 CP=LAYER_19_ATTN_SCORES COUNT=1 MIN=1.42246246 MAX=1.42246246 MEAN=1.42246246 L2=1.42246246 FIRST8=1.42246246,0,0,0,0,0,0,0 HASH=aba69eb5c86c03c5
STEP=0 CP=LAYER_19_ATTN_PROBS COUNT=1 MIN=1 MAX=1 MEAN=1 L2=1 FIRST8=1,0,0,0,0,0,0,0 HASH=2fa183a08531045a
STEP=0 CP=LAYER_19_ATTN_SCORES COUNT=1 MIN=1.27651024 MAX=1.27651024 MEAN=1.27651024 L2=1.27651024 FIRST8=1.27651024,0,0,0,0,0,0,0 HASH=6ce96506483c6ff9
STEP=0 CP=LAYER_19_ATTN_PROBS COUNT=1 MIN=1 MAX=1 MEAN=1 L2=1 FIRST8=1,0,0,0,0,0,0,0 HASH=2fa183a08531045a
STEP=0 CP=LAYER_19_ATTN_SCORES COUNT=1 MIN=1.59788465 MAX=1.59788465 MEAN=1.59788465 L2=1.59788465 FIRST8=1.59788465,0,0,0,0,0,0,0 HASH=ebe434acaff84d4b
STEP=0 CP=LAYER_19_ATTN_PROBS COUNT=1 MIN=1 MAX=1 MEAN=1 L2=1 FIRST8=1,0,0,0,0,0,0,0 HASH=2fa183a08531045a
STEP=0 CP=LAYER_19_ATTN_SCORES COUNT=1 MIN=1.2902776 MAX=1.2902776 MEAN=1.2902776 L2=1.2902776 FIRST8=1.2902776,0,0,0,0,0,0,0 HASH=7e635f088ca7c677
STEP=0 CP=LAYER_19_ATTN_PROBS COUNT=1 MIN=1 MAX=1 MEAN=1 L2=1 FIRST8=1,0,0,0,0,0,0,0 HASH=2fa183a08531045a
STEP=0 CP=LAYER_19_ATTN_VALUE COUNT=1536 MIN=-1.75535142 MAX=0.633669615 MEAN=-0.00444577719 L2=5.69755471 FIRST8=-0.0444976687,0.069522351,-0.00622713566,-0.0890876949,0.0699830875,-0.0361166,0.123594373,0.00722615048 HASH=f02b7f29011a5803
STEP=0 CP=LAYER_19_O_PROJ COUNT=1536 MIN=-1.20327592 MAX=1.73973811 MEAN=-0.000305144852 L2=4.00867005 FIRST8=0.0351244397,-0.00621150807,0.042518016,-0.0347425602,0.0275308993,-0.000529256999,0.126425266,0.0157873202 HASH=add9cacb497f41cc
STEP=0 CP=LAYER_19_ATTN_RESIDUAL COUNT=1536 MIN=-4219.10059 MAX=2551.40869 MEAN=-0.634353081 L2=6294.86864 FIRST8=-14.6868019,2.49264073,3.0986135,-20.3681145,7.57199049,-5.36145926,4.49586582,-12.1296835 HASH=948548f92df2da7c
STEP=0 CP=LAYER_19_FFN_NORM COUNT=1536 MIN=-18.9828148 MAX=17.9947987 MEAN=-0.00656478969 L2=31.5725263 FIRST8=-0.0453628078,0.020853892,0.0129617853,-0.127802551,0.0427235216,-0.0292078797,0.0310527924,-0.0796493515 HASH=6154d87acb62cf44
STEP=0 CP=LAYER_19_FFN_GATE COUNT=8960 MIN=-3.23461008 MAX=2.14204884 MEAN=-0.0286673374 L2=46.8548613 FIRST8=-0.531476259,0.349826097,-0.401667744,0.132037923,0.108790219,0.123902455,0.205547258,-0.602903843 HASH=359e30cabae36431
STEP=0 CP=LAYER_19_FFN_UP COUNT=8960 MIN=-1.92642868 MAX=2.91119003 MEAN=0.00509261994 L2=41.1317712 FIRST8=-0.133492842,-0.0554825887,-0.214655399,0.48751092,0.268421471,-0.0653236061,-0.230835468,0.317086637 HASH=58081dcd09f35a3c
STEP=0 CP=LAYER_19_SWIGLU COUNT=8960 MIN=-0.820794046 MAX=0.678669214 MEAN=0.000290005728 L2=8.24582836 FIRST8=0.0262631122,-0.0113849938,0.0345666669,0.0343067013,0.0153942462,-0.00429726671,-0.0261534322,-0.0676139072 HASH=f86b4ce0b96b78b5
STEP=0 CP=LAYER_19_FFN_DOWN COUNT=1536 MIN=-4.3768816 MAX=6.17380238 MEAN=-0.00178485822 L2=13.0030013 FIRST8=0.0315819345,-0.0274593011,0.0124989487,-0.288535804,-0.433632493,-0.229571268,-0.157725915,-0.240748256 HASH=11af16b2d146a869
STEP=0 CP=LAYER_19_LAYER_RESIDUAL COUNT=1536 MIN=-4221.35791 MAX=2552.62256 MEAN=-0.63613794 L2=6294.62659 FIRST8=-14.65522,2.46518135,3.11111236,-20.6566505,7.13835812,-5.5910306,4.33814001,-12.3704319 HASH=69c8587d3082e5a4
STEP=0 CP=LAYER_20_ATTN_NORM COUNT=1536 MIN=-13.7575989 MAX=2.8923068 MEAN=-0.0197625087 L2=18.65817 FIRST8=-0.0445541367,0.0235028546,0.0329904221,-0.165790454,0.0670148879,-0.047049351,0.037772201,-0.100488648 HASH=512d5c3737e7480f
STEP=0 CP=LAYER_20_Q COUNT=1536 MIN=-13.053278 MAX=14.5040045 MEAN=-0.076189443 L2=54.4307442 FIRST8=0.241082564,-0.20473069,0.722790897,-0.14234136,-0.385951608,-0.894254327,-0.503600359,1.40710831 HASH=58bd9ff8d66d714b
STEP=0 CP=LAYER_20_K COUNT=256 MIN=-1.89236403 MAX=0.398591995 MEAN=-0.0162362342 L2=2.77539398 FIRST8=0.015509963,0.0086800158,-0.00775682926,0.0209938735,0.00442922115,0.00888597965,-0.00322404504,-0.0184877366 HASH=57d804a32749d995
STEP=0 CP=LAYER_20_V COUNT=256 MIN=-1.60763776 MAX=0.37139231 MEAN=-0.0237640216 L2=2.75828199 FIRST8=0.0223993547,-0.0116565078,0.0134473415,-0.0775972456,0.0744278207,-0.111760423,0.139355034,-0.0229206439 HASH=399a7a24b7e82302
STEP=0 CP=LAYER_20_Q_ROPE COUNT=1536 MIN=-13.053278 MAX=14.5040045 MEAN=-0.076189443 L2=54.4307442 FIRST8=0.241082564,-0.20473069,0.722790897,-0.14234136,-0.385951608,-0.894254327,-0.503600359,1.40710831 HASH=58bd9ff8d66d714b
STEP=0 CP=LAYER_20_K_ROPE COUNT=256 MIN=-1.89236403 MAX=0.398591995 MEAN=-0.0162362342 L2=2.77539398 FIRST8=0.015509963,0.0086800158,-0.00775682926,0.0209938735,0.00442922115,0.00888597965,-0.00322404504,-0.0184877366 HASH=57d804a32749d995
STEP=0 CP=KV_WRITE LAYER=20 COUNT=256 K_MIN=-1.89236403 K_MAX=0.398591995 K_MEAN=-0.0162362342 K_L2=2.77539398 K_HASH=57d804a32749d995 V_MIN=-1.60763776 V_MAX=0.37139231 V_MEAN=-0.0237640216 V_L2=2.75828199 V_HASH=399a7a24b7e82302
STEP=0 CP=LAYER_20_ATTN_SCORES COUNT=1 MIN=0.872713625 MAX=0.872713625 MEAN=0.872713625 L2=0.872713625 FIRST8=0.872713625,0,0,0,0,0,0,0 HASH=2387e4e4d9c14012
STEP=0 CP=LAYER_20_ATTN_PROBS COUNT=1 MIN=1 MAX=1 MEAN=1 L2=1 FIRST8=1,0,0,0,0,0,0,0 HASH=2fa183a08531045a
STEP=0 CP=LAYER_20_ATTN_SCORES COUNT=1 MIN=0.837864995 MAX=0.837864995 MEAN=0.837864995 L2=0.837864995 FIRST8=0.837864995,0,0,0,0,0,0,0 HASH=e716042be866f614
STEP=0 CP=LAYER_20_ATTN_PROBS COUNT=1 MIN=1 MAX=1 MEAN=1 L2=1 FIRST8=1,0,0,0,0,0,0,0 HASH=2fa183a08531045a
STEP=0 CP=LAYER_20_ATTN_SCORES COUNT=1 MIN=1.00736594 MAX=1.00736594 MEAN=1.00736594 L2=1.00736594 FIRST8=1.00736594,0,0,0,0,0,0,0 HASH=da80898e80ace83b
STEP=0 CP=LAYER_20_ATTN_PROBS COUNT=1 MIN=1 MAX=1 MEAN=1 L2=1 FIRST8=1,0,0,0,0,0,0,0 HASH=2fa183a08531045a
STEP=0 CP=LAYER_20_ATTN_SCORES COUNT=1 MIN=1.09360814 MAX=1.09360814 MEAN=1.09360814 L2=1.09360814 FIRST8=1.09360814,0,0,0,0,0,0,0 HASH=c48e376b1fe6208a
STEP=0 CP=LAYER_20_ATTN_PROBS COUNT=1 MIN=1 MAX=1 MEAN=1 L2=1 FIRST8=1,0,0,0,0,0,0,0 HASH=2fa183a08531045a
STEP=0 CP=LAYER_20_ATTN_SCORES COUNT=1 MIN=1.01292181 MAX=1.01292181 MEAN=1.01292181 L2=1.01292181 FIRST8=1.01292181,0,0,0,0,0,0,0 HASH=00bb7427e90900a6
STEP=0 CP=LAYER_20_ATTN_PROBS COUNT=1 MIN=1 MAX=1 MEAN=1 L2=1 FIRST8=1,0,0,0,0,0,0,0 HASH=2fa183a08531045a
STEP=0 CP=LAYER_20_ATTN_SCORES COUNT=1 MIN=1.16547227 MAX=1.16547227 MEAN=1.16547227 L2=1.16547227 FIRST8=1.16547227,0,0,0,0,0,0,0 HASH=5a333320d0abfb1b
STEP=0 CP=LAYER_20_ATTN_PROBS COUNT=1 MIN=1 MAX=1 MEAN=1 L2=1 FIRST8=1,0,0,0,0,0,0,0 HASH=2fa183a08531045a
STEP=0 CP=LAYER_20_ATTN_SCORES COUNT=1 MIN=1.78332329 MAX=1.78332329 MEAN=1.78332329 L2=1.78332329 FIRST8=1.78332329,0,0,0,0,0,0,0 HASH=112d0c19ef389a43
STEP=0 CP=LAYER_20_ATTN_PROBS COUNT=1 MIN=1 MAX=1 MEAN=1 L2=1 FIRST8=1,0,0,0,0,0,0,0 HASH=2fa183a08531045a
STEP=0 CP=LAYER_20_ATTN_SCORES COUNT=1 MIN=1.48694992 MAX=1.48694992 MEAN=1.48694992 L2=1.48694992 FIRST8=1.48694992,0,0,0,0,0,0,0 HASH=ef729ac1d7f2821c
STEP=0 CP=LAYER_20_ATTN_PROBS COUNT=1 MIN=1 MAX=1 MEAN=1 L2=1 FIRST8=1,0,0,0,0,0,0,0 HASH=2fa183a08531045a
STEP=0 CP=LAYER_20_ATTN_SCORES COUNT=1 MIN=1.70914626 MAX=1.70914626 MEAN=1.70914626 L2=1.70914626 FIRST8=1.70914626,0,0,0,0,0,0,0 HASH=7143d50a95afd461
STEP=0 CP=LAYER_20_ATTN_PROBS COUNT=1 MIN=1 MAX=1 MEAN=1 L2=1 FIRST8=1,0,0,0,0,0,0,0 HASH=2fa183a08531045a
STEP=0 CP=LAYER_20_ATTN_SCORES COUNT=1 MIN=2.22441626 MAX=2.22441626 MEAN=2.22441626 L2=2.22441626 FIRST8=2.22441626,0,0,0,0,0,0,0 HASH=6a897d1fe2946bff
STEP=0 CP=LAYER_20_ATTN_PROBS COUNT=1 MIN=1 MAX=1 MEAN=1 L2=1 FIRST8=1,0,0,0,0,0,0,0 HASH=2fa183a08531045a
STEP=0 CP=LAYER_20_ATTN_SCORES COUNT=1 MIN=1.91794169 MAX=1.91794169 MEAN=1.91794169 L2=1.91794169 FIRST8=1.91794169,0,0,0,0,0,0,0 HASH=1b74597f60650b73
STEP=0 CP=LAYER_20_ATTN_PROBS COUNT=1 MIN=1 MAX=1 MEAN=1 L2=1 FIRST8=1,0,0,0,0,0,0,0 HASH=2fa183a08531045a
STEP=0 CP=LAYER_20_ATTN_SCORES COUNT=1 MIN=1.87295759 MAX=1.87295759 MEAN=1.87295759 L2=1.87295759 FIRST8=1.87295759,0,0,0,0,0,0,0 HASH=d0224709ca2f27d5
STEP=0 CP=LAYER_20_ATTN_PROBS COUNT=1 MIN=1 MAX=1 MEAN=1 L2=1 FIRST8=1,0,0,0,0,0,0,0 HASH=2fa183a08531045a
STEP=0 CP=LAYER_20_ATTN_VALUE COUNT=1536 MIN=-1.60763776 MAX=0.37139231 MEAN=-0.0237640216 L2=6.75638344 FIRST8=0.0223993547,-0.0116565078,0.0134473415,-0.0775972456,0.0744278207,-0.111760423,0.139355034,-0.0229206439 HASH=b0db61394200daf3
STEP=0 CP=LAYER_20_O_PROJ COUNT=1536 MIN=-3.67719674 MAX=5.43648005 MEAN=0.0041488702 L2=7.97778538 FIRST8=0.0850387663,0.050113447,0.136328682,-0.165343627,0.0393128619,0.105058096,-0.0390875228,0.126848519 HASH=0324f22712078d17
STEP=0 CP=LAYER_20_ATTN_RESIDUAL COUNT=1536 MIN=-4221.55469 MAX=2552.56079 MEAN=-0.631989066 L2=6292.57677 FIRST8=-14.5701809,2.51529479,3.24744105,-20.8219948,7.17767096,-5.4859724,4.29905272,-12.2435837 HASH=7617a7f7a7d61f49
STEP=0 CP=LAYER_20_FFN_NORM COUNT=1536 MIN=-20.5413761 MAX=22.8534107 MEAN=-0.00305269922 L2=37.0719191 FIRST8=-0.0421831496,0.0210510828,0.0130362399,-0.140829697,0.0445298105,-0.0352358446,0.0322144404,-0.0869798213 HASH=262627b13f394230
STEP=0 CP=LAYER_20_FFN_GATE COUNT=8960 MIN=-3.37127233 MAX=2.27968311 MEAN=-0.145967045 L2=51.9920253 FIRST8=1.79939651,-0.640393555,-0.838817418,-0.0150076393,0.544100106,0.225511357,-0.00440252339,-2.18984556 HASH=388482fa91546c29
STEP=0 CP=LAYER_20_FFN_UP COUNT=8960 MIN=-2.20344067 MAX=2.32702184 MEAN=-0.0015266888 L2=43.6052205 FIRST8=-0.0426931344,-0.189541787,-0.196642637,-0.0332357809,-0.145356581,0.289750814,-0.236222699,1.88932157 HASH=d544c6f28e326f7d
STEP=0 CP=LAYER_20_SWIGLU COUNT=8960 MIN=-1.13555849 MAX=0.900167704 MEAN=0.00168257046 L2=8.4682434 FIRST8=-0.0659189671,0.0418956913,0.0497784279,0.000247523916,-0.0500445105,0.0363393649,0.000518843357,-0.416488022 HASH=67929f7d6e68de77
STEP=0 CP=LAYER_20_FFN_DOWN COUNT=1536 MIN=-3.4555099 MAX=4.64612913 MEAN=-0.005204687 L2=11.5864013 FIRST8=0.0905742943,-0.0829810053,-0.362056106,-0.317998737,0.16609773,0.10246449,-0.0843269974,0.0841637552 HASH=16c731ed49f21bd2
STEP=0 CP=LAYER_20_LAYER_RESIDUAL COUNT=1536 MIN=-4222.45557 MAX=2552.79663 MEAN=-0.637193837 L2=6291.318 FIRST8=-14.4796066,2.43231368,2.88538504,-21.1399937,7.3437686,-5.38350773,4.21472549,-12.15942 HASH=0c612403bec6126c
STEP=0 CP=LAYER_21_ATTN_NORM COUNT=1536 MIN=-10.8914309 MAX=3.49747992 MEAN=-0.0208265696 L2=18.5081792 FIRST8=-0.0350585431,0.0216628034,0.0332809836,-0.160499409,0.0679073185,-0.0335366204,0.0358964354,-0.10001003 HASH=f41f998728376825
STEP=0 CP=LAYER_21_Q COUNT=1536 MIN=-6.75411463 MAX=11.7982969 MEAN=0.150484294 L2=52.9108046 FIRST8=0.331705868,0.894700646,0.514984488,0.0485628657,0.53558296,0.516198874,0.178431123,0.675095201 HASH=d51e70fe2eb91b17
STEP=0 CP=LAYER_21_K COUNT=256 MIN=-0.535785913 MAX=1.05431938 MEAN=0.0153574691 L2=2.04607534 FIRST8=0.0348781347,-0.0285121202,-0.0134522915,-0.0247217342,-0.0126067102,-0.0573484525,0.0200416148,0.0128536373 HASH=e6b10e6ebcc4d7b9
STEP=0 CP=LAYER_21_V COUNT=256 MIN=-2.90670586 MAX=2.40645528 MEAN=-0.0118815673 L2=4.58738428 FIRST8=0.0197930858,0.00671381503,0.0466462746,0.0561300889,-0.0417561308,-0.0457525589,0.0153663196,0.0155286267 HASH=9a5428037a75bfc9
STEP=0 CP=LAYER_21_Q_ROPE COUNT=1536 MIN=-6.75411463 MAX=11.7982969 MEAN=0.150484294 L2=52.9108046 FIRST8=0.331705868,0.894700646,0.514984488,0.0485628657,0.53558296,0.516198874,0.178431123,0.675095201 HASH=d51e70fe2eb91b17
STEP=0 CP=LAYER_21_K_ROPE COUNT=256 MIN=-0.535785913 MAX=1.05431938 MEAN=0.0153574691 L2=2.04607534 FIRST8=0.0348781347,-0.0285121202,-0.0134522915,-0.0247217342,-0.0126067102,-0.0573484525,0.0200416148,0.0128536373 HASH=e6b10e6ebcc4d7b9
STEP=0 CP=KV_WRITE LAYER=21 COUNT=256 K_MIN=-0.535785913 K_MAX=1.05431938 K_MEAN=0.0153574691 K_L2=2.04607534 K_HASH=e6b10e6ebcc4d7b9 V_MIN=-2.90670586 V_MAX=2.40645528 V_MEAN=-0.0118815673 V_L2=4.58738428 V_HASH=9a5428037a75bfc9
STEP=0 CP=LAYER_21_ATTN_SCORES COUNT=1 MIN=0.80051744 MAX=0.80051744 MEAN=0.80051744 L2=0.80051744 FIRST8=0.80051744,0,0,0,0,0,0,0 HASH=8d49ef1a47fb5316
STEP=0 CP=LAYER_21_ATTN_PROBS COUNT=1 MIN=1 MAX=1 MEAN=1 L2=1 FIRST8=1,0,0,0,0,0,0,0 HASH=2fa183a08531045a
STEP=0 CP=LAYER_21_ATTN_SCORES COUNT=1 MIN=0.695927441 MAX=0.695927441 MEAN=0.695927441 L2=0.695927441 FIRST8=0.695927441,0,0,0,0,0,0,0 HASH=e04490123ea52cf9
STEP=0 CP=LAYER_21_ATTN_PROBS COUNT=1 MIN=1 MAX=1 MEAN=1 L2=1 FIRST8=1,0,0,0,0,0,0,0 HASH=2fa183a08531045a
STEP=0 CP=LAYER_21_ATTN_SCORES COUNT=1 MIN=0.589077353 MAX=0.589077353 MEAN=0.589077353 L2=0.589077353 FIRST8=0.589077353,0,0,0,0,0,0,0 HASH=80d4d89f1396106d
STEP=0 CP=LAYER_21_ATTN_PROBS COUNT=1 MIN=1 MAX=1 MEAN=1 L2=1 FIRST8=1,0,0,0,0,0,0,0 HASH=2fa183a08531045a
STEP=0 CP=LAYER_21_ATTN_SCORES COUNT=1 MIN=0.805555761 MAX=0.805555761 MEAN=0.805555761 L2=0.805555761 FIRST8=0.805555761,0,0,0,0,0,0,0 HASH=02cd409da0fc19cb
STEP=0 CP=LAYER_21_ATTN_PROBS COUNT=1 MIN=1 MAX=1 MEAN=1 L2=1 FIRST8=1,0,0,0,0,0,0,0 HASH=2fa183a08531045a
STEP=0 CP=LAYER_21_ATTN_SCORES COUNT=1 MIN=0.552453816 MAX=0.552453816 MEAN=0.552453816 L2=0.552453816 FIRST8=0.552453816,0,0,0,0,0,0,0 HASH=b9ee37549dc04935
STEP=0 CP=LAYER_21_ATTN_PROBS COUNT=1 MIN=1 MAX=1 MEAN=1 L2=1 FIRST8=1,0,0,0,0,0,0,0 HASH=2fa183a08531045a
STEP=0 CP=LAYER_21_ATTN_SCORES COUNT=1 MIN=0.776604116 MAX=0.776604116 MEAN=0.776604116 L2=0.776604116 FIRST8=0.776604116,0,0,0,0,0,0,0 HASH=07d52479e89ca056
STEP=0 CP=LAYER_21_ATTN_PROBS COUNT=1 MIN=1 MAX=1 MEAN=1 L2=1 FIRST8=1,0,0,0,0,0,0,0 HASH=2fa183a08531045a
STEP=0 CP=LAYER_21_ATTN_SCORES COUNT=1 MIN=0.920242369 MAX=0.920242369 MEAN=0.920242369 L2=0.920242369 FIRST8=0.920242369,0,0,0,0,0,0,0 HASH=abd94295fb0b923b
STEP=0 CP=LAYER_21_ATTN_PROBS COUNT=1 MIN=1 MAX=1 MEAN=1 L2=1 FIRST8=1,0,0,0,0,0,0,0 HASH=2fa183a08531045a
STEP=0 CP=LAYER_21_ATTN_SCORES COUNT=1 MIN=0.939674258 MAX=0.939674258 MEAN=0.939674258 L2=0.939674258 FIRST8=0.939674258,0,0,0,0,0,0,0 HASH=2a4fd5973127b43a
STEP=0 CP=LAYER_21_ATTN_PROBS COUNT=1 MIN=1 MAX=1 MEAN=1 L2=1 FIRST8=1,0,0,0,0,0,0,0 HASH=2fa183a08531045a
STEP=0 CP=LAYER_21_ATTN_SCORES COUNT=1 MIN=0.978050649 MAX=0.978050649 MEAN=0.978050649 L2=0.978050649 FIRST8=0.978050649,0,0,0,0,0,0,0 HASH=c60ade7d28afdc78
STEP=0 CP=LAYER_21_ATTN_PROBS COUNT=1 MIN=1 MAX=1 MEAN=1 L2=1 FIRST8=1,0,0,0,0,0,0,0 HASH=2fa183a08531045a
STEP=0 CP=LAYER_21_ATTN_SCORES COUNT=1 MIN=1.0043999 MAX=1.0043999 MEAN=1.0043999 L2=1.0043999 FIRST8=1.0043999,0,0,0,0,0,0,0 HASH=44968704dab8274f
STEP=0 CP=LAYER_21_ATTN_PROBS COUNT=1 MIN=1 MAX=1 MEAN=1 L2=1 FIRST8=1,0,0,0,0,0,0,0 HASH=2fa183a08531045a
STEP=0 CP=LAYER_21_ATTN_SCORES COUNT=1 MIN=0.995664477 MAX=0.995664477 MEAN=0.995664477 L2=0.995664477 FIRST8=0.995664477,0,0,0,0,0,0,0 HASH=eb3c2367f5eb512b
STEP=0 CP=LAYER_21_ATTN_PROBS COUNT=1 MIN=1 MAX=1 MEAN=1 L2=1 FIRST8=1,0,0,0,0,0,0,0 HASH=2fa183a08531045a
STEP=0 CP=LAYER_21_ATTN_SCORES COUNT=1 MIN=1.03383422 MAX=1.03383422 MEAN=1.03383422 L2=1.03383422 FIRST8=1.03383422,0,0,0,0,0,0,0 HASH=9d42a8d1f5f25008
STEP=0 CP=LAYER_21_ATTN_PROBS COUNT=1 MIN=1 MAX=1 MEAN=1 L2=1 FIRST8=1,0,0,0,0,0,0,0 HASH=2fa183a08531045a
STEP=0 CP=LAYER_21_ATTN_VALUE COUNT=1536 MIN=-2.90670586 MAX=2.40645528 MEAN=-0.0118815673 L2=11.2367507 FIRST8=0.0197930858,0.00671381503,0.0466462746,0.0561300889,-0.0417561308,-0.0457525589,0.0153663196,0.0155286267 HASH=7748de06197164f7
STEP=0 CP=LAYER_21_O_PROJ COUNT=1536 MIN=-1.78067493 MAX=2.7119236 MEAN=0.00494988386 L2=9.4838075 FIRST8=0.196093455,0.0931789726,-0.0593198873,-0.0962106064,-0.185296804,0.259276479,-0.210495055,-0.261041552 HASH=e1f55b1e8e451da7
STEP=0 CP=LAYER_21_ATTN_RESIDUAL COUNT=1536 MIN=-4223.5752 MAX=2553.69653 MEAN=-0.632243823 L2=6291.28968 FIRST8=-14.2835131,2.52549267,2.82606506,-21.2362041,7.15847158,-5.12423134,4.0042305,-12.4204617 HASH=f493d9a27acea775
STEP=0 CP=LAYER_21_FFN_NORM COUNT=1536 MIN=-24.2553864 MAX=24.4839497 MEAN=0.000249156334 L2=41.8309245 FIRST8=-0.0615211241,0.0233531594,0.0128599629,-0.163297653,0.0519101843,-0.0354130268,0.0335191898,-0.100344092 HASH=fe45b66c55919294
STEP=0 CP=LAYER_21_FFN_GATE COUNT=8960 MIN=-3.83117414 MAX=2.62897325 MEAN=-0.333084798 L2=64.6484318 FIRST8=-0.414838642,0.0542657189,0.0777428597,-0.357718587,-0.461794376,0.211449251,-0.24616614,-0.0527368449 HASH=e113cb64f378617e
STEP=0 CP=LAYER_21_FFN_UP COUNT=8960 MIN=-3.84621882 MAX=2.35024619 MEAN=0.00252905472 L2=48.982796 FIRST8=0.0617054217,-0.157133609,-0.981826186,-0.127204597,0.072845526,0.0738894939,0.294354349,0.0926241651 HASH=eee6432314bde0a8
STEP=0 CP=LAYER_21_SWIGLU COUNT=8960 MIN=-1.26538932 MAX=0.811914921 MEAN=0.00147212688 L2=10.0109597 FIRST8=-0.0101815863,-0.00437913602,-0.0396477655,0.0187252108,-0.0130037535,0.00863478985,-0.0317931138,-0.00237796688 HASH=c853b55a37893aaa
STEP=0 CP=LAYER_21_FFN_DOWN COUNT=1536 MIN=-7.23855877 MAX=8.47189236 MEAN=-0.00228234976 L2=16.616871 FIRST8=0.166441545,-0.500634909,-0.284928769,0.0476920195,-0.302474141,-0.0867787376,0.354128778,0.145832986 HASH=58195689e67d3c02
STEP=0 CP=LAYER_21_LAYER_RESIDUAL COUNT=1536 MIN=-4223.10449 MAX=2553.8645 MEAN=-0.634526065 L2=6286.76035 FIRST8=-14.1170712,2.02485776,2.54113626,-21.1885128,6.85599756,-5.21100998,4.35835934,-12.2746286 HASH=25c989764ae06d0f
STEP=0 CP=LAYER_22_ATTN_NORM COUNT=1536 MIN=-14.5003901 MAX=4.48206806 MEAN=-0.0240644448 L2=20.9109684 FIRST8=-0.108632661,0.0162718594,0.0280939341,-0.134153664,0.0554290526,-0.0279172938,0.0299295969,-0.0813028887 HASH=58fc39e99b3f024b
STEP=0 CP=LAYER_22_Q COUNT=1536 MIN=-17.6330051 MAX=10.7964821 MEAN=-0.0988690455 L2=61.177427 FIRST8=-1.36408627,2.5051074,-2.5678823,1.02964187,-1.29832482,0.205692366,-1.5049417,-0.550478041 HASH=a1d0170dea70e23d
STEP=0 CP=LAYER_22_K COUNT=256 MIN=-0.781466603 MAX=0.911174774 MEAN=0.00463751582 L2=1.91744248 FIRST8=0.00119815208,0.00218197703,0.0478433371,0.00401559472,-0.0168000758,-0.0264022946,-0.00592282414,-0.00172206759 HASH=266943755158d0c3
STEP=0 CP=LAYER_22_V COUNT=256 MIN=-0.95034194 MAX=1.29866278 MEAN=-0.00488801246 L2=2.41956963 FIRST8=-0.107425958,-0.147212371,0.104401521,0.00828668475,0.00252400339,0.169953346,0.0727346092,-0.0853249133 HASH=b1a02ebc17291d83
STEP=0 CP=LAYER_22_Q_ROPE COUNT=1536 MIN=-17.6330051 MAX=10.7964821 MEAN=-0.0988690455 L2=61.177427 FIRST8=-1.36408627,2.5051074,-2.5678823,1.02964187,-1.29832482,0.205692366,-1.5049417,-0.550478041 HASH=a1d0170dea70e23d
STEP=0 CP=LAYER_22_K_ROPE COUNT=256 MIN=-0.781466603 MAX=0.911174774 MEAN=0.00463751582 L2=1.91744248 FIRST8=0.00119815208,0.00218197703,0.0478433371,0.00401559472,-0.0168000758,-0.0264022946,-0.00592282414,-0.00172206759 HASH=266943755158d0c3
STEP=0 CP=KV_WRITE LAYER=22 COUNT=256 K_MIN=-0.781466603 K_MAX=0.911174774 K_MEAN=0.00463751582 K_L2=1.91744248 K_HASH=266943755158d0c3 V_MIN=-0.95034194 V_MAX=1.29866278 V_MEAN=-0.00488801246 V_L2=2.41956963 V_HASH=b1a02ebc17291d83
STEP=0 CP=LAYER_22_ATTN_SCORES COUNT=1 MIN=0.565338969 MAX=0.565338969 MEAN=0.565338969 L2=0.565338969 FIRST8=0.565338969,0,0,0,0,0,0,0 HASH=dabbe5f1dc7e438e
STEP=0 CP=LAYER_22_ATTN_PROBS COUNT=1 MIN=1 MAX=1 MEAN=1 L2=1 FIRST8=1,0,0,0,0,0,0,0 HASH=2fa183a08531045a
STEP=0 CP=LAYER_22_ATTN_SCORES COUNT=1 MIN=0.449873716 MAX=0.449873716 MEAN=0.449873716 L2=0.449873716 FIRST8=0.449873716,0,0,0,0,0,0,0 HASH=d6601249bc12f701
STEP=0 CP=LAYER_22_ATTN_PROBS COUNT=1 MIN=1 MAX=1 MEAN=1 L2=1 FIRST8=1,0,0,0,0,0,0,0 HASH=2fa183a08531045a
STEP=0 CP=LAYER_22_ATTN_SCORES COUNT=1 MIN=0.598700464 MAX=0.598700464 MEAN=0.598700464 L2=0.598700464 FIRST8=0.598700464,0,0,0,0,0,0,0 HASH=d732690d09540a4c
STEP=0 CP=LAYER_22_ATTN_PROBS COUNT=1 MIN=1 MAX=1 MEAN=1 L2=1 FIRST8=1,0,0,0,0,0,0,0 HASH=2fa183a08531045a
STEP=0 CP=LAYER_22_ATTN_SCORES COUNT=1 MIN=0.475539595 MAX=0.475539595 MEAN=0.475539595 L2=0.475539595 FIRST8=0.475539595,0,0,0,0,0,0,0 HASH=1e4584efc7c58310
STEP=0 CP=LAYER_22_ATTN_PROBS COUNT=1 MIN=1 MAX=1 MEAN=1 L2=1 FIRST8=1,0,0,0,0,0,0,0 HASH=2fa183a08531045a
STEP=0 CP=LAYER_22_ATTN_SCORES COUNT=1 MIN=0.481788486 MAX=0.481788486 MEAN=0.481788486 L2=0.481788486 FIRST8=0.481788486,0,0,0,0,0,0,0 HASH=c4bf0c41ad803250
STEP=0 CP=LAYER_22_ATTN_PROBS COUNT=1 MIN=1 MAX=1 MEAN=1 L2=1 FIRST8=1,0,0,0,0,0,0,0 HASH=2fa183a08531045a
STEP=0 CP=LAYER_22_ATTN_SCORES COUNT=1 MIN=0.271872699 MAX=0.271872699 MEAN=0.271872699 L2=0.271872699 FIRST8=0.271872699,0,0,0,0,0,0,0 HASH=e996aba6afa2997e
STEP=0 CP=LAYER_22_ATTN_PROBS COUNT=1 MIN=1 MAX=1 MEAN=1 L2=1 FIRST8=1,0,0,0,0,0,0,0 HASH=2fa183a08531045a
STEP=0 CP=LAYER_22_ATTN_SCORES COUNT=1 MIN=-0.00418630149 MAX=-0.00418630149 MEAN=-0.00418630149 L2=0.00418630149 FIRST8=-0.00418630149,0,0,0,0,0,0,0 HASH=7321e0837f01dd4a
STEP=0 CP=LAYER_22_ATTN_PROBS COUNT=1 MIN=1 MAX=1 MEAN=1 L2=1 FIRST8=1,0,0,0,0,0,0,0 HASH=2fa183a08531045a
STEP=0 CP=LAYER_22_ATTN_SCORES COUNT=1 MIN=0.508500218 MAX=0.508500218 MEAN=0.508500218 L2=0.508500218 FIRST8=0.508500218,0,0,0,0,0,0,0 HASH=3b1bdb14d684f045
STEP=0 CP=LAYER_22_ATTN_PROBS COUNT=1 MIN=1 MAX=1 MEAN=1 L2=1 FIRST8=1,0,0,0,0,0,0,0 HASH=2fa183a08531045a
STEP=0 CP=LAYER_22_ATTN_SCORES COUNT=1 MIN=0.597815454 MAX=0.597815454 MEAN=0.597815454 L2=0.597815454 FIRST8=0.597815454,0,0,0,0,0,0,0 HASH=25e2670c13d6c442
STEP=0 CP=LAYER_22_ATTN_PROBS COUNT=1 MIN=1 MAX=1 MEAN=1 L2=1 FIRST8=1,0,0,0,0,0,0,0 HASH=2fa183a08531045a
STEP=0 CP=LAYER_22_ATTN_SCORES COUNT=1 MIN=0.358752459 MAX=0.358752459 MEAN=0.358752459 L2=0.358752459 FIRST8=0.358752459,0,0,0,0,0,0,0 HASH=b64463cad53ff087
STEP=0 CP=LAYER_22_ATTN_PROBS COUNT=1 MIN=1 MAX=1 MEAN=1 L2=1 FIRST8=1,0,0,0,0,0,0,0 HASH=2fa183a08531045a
STEP=0 CP=LAYER_22_ATTN_SCORES COUNT=1 MIN=0.562997699 MAX=0.562997699 MEAN=0.562997699 L2=0.562997699 FIRST8=0.562997699,0,0,0,0,0,0,0 HASH=88d95c4eca66e2b0
STEP=0 CP=LAYER_22_ATTN_PROBS COUNT=1 MIN=1 MAX=1 MEAN=1 L2=1 FIRST8=1,0,0,0,0,0,0,0 HASH=2fa183a08531045a
STEP=0 CP=LAYER_22_ATTN_SCORES COUNT=1 MIN=0.302496403 MAX=0.302496403 MEAN=0.302496403 L2=0.302496403 FIRST8=0.302496403,0,0,0,0,0,0,0 HASH=3e3b26d913a442d4
STEP=0 CP=LAYER_22_ATTN_PROBS COUNT=1 MIN=1 MAX=1 MEAN=1 L2=1 FIRST8=1,0,0,0,0,0,0,0 HASH=2fa183a08531045a
STEP=0 CP=LAYER_22_ATTN_VALUE COUNT=1536 MIN=-0.95034194 MAX=1.29866278 MEAN=-0.00488801246 L2=5.92671099 FIRST8=-0.107425958,-0.147212371,0.104401521,0.00828668475,0.00252400339,0.169953346,0.0727346092,-0.0853249133 HASH=0e5c8ca29043baeb
STEP=0 CP=LAYER_22_O_PROJ COUNT=1536 MIN=-3.41649008 MAX=3.00184369 MEAN=-0.00147449931 L2=6.63010279 FIRST8=0.117501654,0.154490605,0.171125576,-0.0959041491,0.00172312954,0.0747454315,0.212049857,0.172051951 HASH=f5fa54182c5db988
STEP=0 CP=LAYER_22_ATTN_RESIDUAL COUNT=1536 MIN=-4223.93311 MAX=2554.19531 MEAN=-0.63600044 L2=6286.16851 FIRST8=-13.9995699,2.17934847,2.71226192,-21.2844162,6.85772085,-5.13626432,4.5704093,-12.1025763 HASH=a93f52d51c288560
STEP=0 CP=LAYER_22_FFN_NORM COUNT=1536 MIN=-27.5690269 MAX=27.9921494 MEAN=0.00267982371 L2=47.7223835 FIRST8=-0.0654614419,0.0208057016,0.0136071909,-0.166911885,0.0531100295,-0.0365258083,0.0407385714,-0.101981997 HASH=674239116d14c73e
STEP=0 CP=LAYER_22_FFN_GATE COUNT=8960 MIN=-3.85328269 MAX=1.90872383 MEAN=-0.542960296 L2=84.6901113 FIRST8=-0.0201225709,0.127260447,0.130495995,-1.44562507,-1.59828973,-2.05620623,0.22348623,-0.777266085 HASH=ea88ac04de04c47d
STEP=0 CP=LAYER_22_FFN_UP COUNT=8960 MIN=-3.60779762 MAX=5.30428934 MEAN=0.00709443663 L2=54.098384 FIRST8=0.238563582,1.31270695,-0.0819976702,0.370626479,0.62104696,0.350853026,-0.291067868,0.440298766 HASH=f7e3cdd31ada91d8
STEP=0 CP=LAYER_22_SWIGLU COUNT=8960 MIN=-5.48610592 MAX=1.1710608 MEAN=-0.00161364138 L2=12.6893105 FIRST8=-0.00237610727,0.0888355672,-0.0056987782,-0.102161594,-0.166978136,-0.0818290487,-0.0361442044,-0.107771233 HASH=4fff15beaf0ff9ae
STEP=0 CP=LAYER_22_FFN_DOWN COUNT=1536 MIN=-12.0818291 MAX=11.0515604 MEAN=0.00385389808 L2=21.5252372 FIRST8=0.302596241,-0.495691985,-0.0768033043,0.186832801,-0.371220022,0.110832393,-0.264898181,0.0891748518 HASH=8cb05fd4bf7b56d1
STEP=0 CP=LAYER_22_LAYER_RESIDUAL COUNT=1536 MIN=-4222.98877 MAX=2554.0188 MEAN=-0.632146533 L2=6278.70895 FIRST8=-13.6969738,1.68365645,2.63545871,-21.0975838,6.48650074,-5.02543211,4.305511,-12.013401 HASH=37275cbcc8d9215c
STEP=0 CP=LAYER_23_ATTN_NORM COUNT=1536 MIN=-10.4513235 MAX=6.06044579 MEAN=-0.0163984169 L2=21.7534298 FIRST8=-0.1235696,0.0110841533,0.0362427048,-0.132720411,0.0518763736,-0.0267125405,0.0310743246,-0.0790888071 HASH=3e499d116a543475
STEP=0 CP=LAYER_23_Q COUNT=1536 MIN=-10.0226946 MAX=11.6223021 MEAN=-0.0798357285 L2=54.0139211 FIRST8=-0.113684572,-0.365162849,0.0184446853,0.0663317889,0.55952549,-0.446704507,-0.162844643,0.707505167 HASH=7c752b71c3e6b07a
STEP=0 CP=LAYER_23_K COUNT=256 MIN=-2.69432449 MAX=1.57767677 MEAN=-0.00215229531 L2=3.66997009 FIRST8=0.00789050013,0.00732459128,-0.0166094787,0.00693336129,-0.0233905315,0.0223368555,-0.00164683163,-0.019109726 HASH=be8b3e6eac8fe158
STEP=0 CP=LAYER_23_V COUNT=256 MIN=-0.550671756 MAX=4.37433481 MEAN=0.00771699035 L2=4.68600712 FIRST8=0.0164397731,0.0175828263,-0.0812779814,-0.0189748183,0.0941146314,0.0215968415,-0.0596187487,0.04911891 HASH=c232fbd526875ff3
STEP=0 CP=LAYER_23_Q_ROPE COUNT=1536 MIN=-10.0226946 MAX=11.6223021 MEAN=-0.0798357285 L2=54.0139211 FIRST8=-0.113684572,-0.365162849,0.0184446853,0.0663317889,0.55952549,-0.446704507,-0.162844643,0.707505167 HASH=7c752b71c3e6b07a
STEP=0 CP=LAYER_23_K_ROPE COUNT=256 MIN=-2.69432449 MAX=1.57767677 MEAN=-0.00215229531 L2=3.66997009 FIRST8=0.00789050013,0.00732459128,-0.0166094787,0.00693336129,-0.0233905315,0.0223368555,-0.00164683163,-0.019109726 HASH=be8b3e6eac8fe158
STEP=0 CP=KV_WRITE LAYER=23 COUNT=256 K_MIN=-2.69432449 K_MAX=1.57767677 K_MEAN=-0.00215229531 K_L2=3.66997009 K_HASH=be8b3e6eac8fe158 V_MIN=-0.550671756 V_MAX=4.37433481 V_MEAN=0.00771699035 V_L2=4.68600712 V_HASH=c232fbd526875ff3
STEP=0 CP=LAYER_23_ATTN_SCORES COUNT=1 MIN=1.20156026 MAX=1.20156026 MEAN=1.20156026 L2=1.20156026 FIRST8=1.20156026,0,0,0,0,0,0,0 HASH=52b0c133dad23d21
STEP=0 CP=LAYER_23_ATTN_PROBS COUNT=1 MIN=1 MAX=1 MEAN=1 L2=1 FIRST8=1,0,0,0,0,0,0,0 HASH=2fa183a08531045a
STEP=0 CP=LAYER_23_ATTN_SCORES COUNT=1 MIN=1.86968458 MAX=1.86968458 MEAN=1.86968458 L2=1.86968458 FIRST8=1.86968458,0,0,0,0,0,0,0 HASH=a5c8b8f5d6135b31
STEP=0 CP=LAYER_23_ATTN_PROBS COUNT=1 MIN=1 MAX=1 MEAN=1 L2=1 FIRST8=1,0,0,0,0,0,0,0 HASH=2fa183a08531045a
STEP=0 CP=LAYER_23_ATTN_SCORES COUNT=1 MIN=1.25877416 MAX=1.25877416 MEAN=1.25877416 L2=1.25877416 FIRST8=1.25877416,0,0,0,0,0,0,0 HASH=5e70f45cff699da1
STEP=0 CP=LAYER_23_ATTN_PROBS COUNT=1 MIN=1 MAX=1 MEAN=1 L2=1 FIRST8=1,0,0,0,0,0,0,0 HASH=2fa183a08531045a
STEP=0 CP=LAYER_23_ATTN_SCORES COUNT=1 MIN=1.18455887 MAX=1.18455887 MEAN=1.18455887 L2=1.18455887 FIRST8=1.18455887,0,0,0,0,0,0,0 HASH=e19db58247ab6100
STEP=0 CP=LAYER_23_ATTN_PROBS COUNT=1 MIN=1 MAX=1 MEAN=1 L2=1 FIRST8=1,0,0,0,0,0,0,0 HASH=2fa183a08531045a
STEP=0 CP=LAYER_23_ATTN_SCORES COUNT=1 MIN=0.217142716 MAX=0.217142716 MEAN=0.217142716 L2=0.217142716 FIRST8=0.217142716,0,0,0,0,0,0,0 HASH=86d42fb8d3bcc1f8
STEP=0 CP=LAYER_23_ATTN_PROBS COUNT=1 MIN=1 MAX=1 MEAN=1 L2=1 FIRST8=1,0,0,0,0,0,0,0 HASH=2fa183a08531045a
STEP=0 CP=LAYER_23_ATTN_SCORES COUNT=1 MIN=1.82900441 MAX=1.82900441 MEAN=1.82900441 L2=1.82900441 FIRST8=1.82900441,0,0,0,0,0,0,0 HASH=28ff2007ca46b999
STEP=0 CP=LAYER_23_ATTN_PROBS COUNT=1 MIN=1 MAX=1 MEAN=1 L2=1 FIRST8=1,0,0,0,0,0,0,0 HASH=2fa183a08531045a
STEP=0 CP=LAYER_23_ATTN_SCORES COUNT=1 MIN=1.29799592 MAX=1.29799592 MEAN=1.29799592 L2=1.29799592 FIRST8=1.29799592,0,0,0,0,0,0,0 HASH=6199d32ebc936afb
STEP=0 CP=LAYER_23_ATTN_PROBS COUNT=1 MIN=1 MAX=1 MEAN=1 L2=1 FIRST8=1,0,0,0,0,0,0,0 HASH=2fa183a08531045a
STEP=0 CP=LAYER_23_ATTN_SCORES COUNT=1 MIN=0.628534555 MAX=0.628534555 MEAN=0.628534555 L2=0.628534555 FIRST8=0.628534555,0,0,0,0,0,0,0 HASH=d93cfda353f68437
STEP=0 CP=LAYER_23_ATTN_PROBS COUNT=1 MIN=1 MAX=1 MEAN=1 L2=1 FIRST8=1,0,0,0,0,0,0,0 HASH=2fa183a08531045a
STEP=0 CP=LAYER_23_ATTN_SCORES COUNT=1 MIN=1.13258433 MAX=1.13258433 MEAN=1.13258433 L2=1.13258433 FIRST8=1.13258433,0,0,0,0,0,0,0 HASH=bb28f386410f5650
STEP=0 CP=LAYER_23_ATTN_PROBS COUNT=1 MIN=1 MAX=1 MEAN=1 L2=1 FIRST8=1,0,0,0,0,0,0,0 HASH=2fa183a08531045a
STEP=0 CP=LAYER_23_ATTN_SCORES COUNT=1 MIN=1.06355238 MAX=1.06355238 MEAN=1.06355238 L2=1.06355238 FIRST8=1.06355238,0,0,0,0,0,0,0 HASH=d373a1aaedf077b0
STEP=0 CP=LAYER_23_ATTN_PROBS COUNT=1 MIN=1 MAX=1 MEAN=1 L2=1 FIRST8=1,0,0,0,0,0,0,0 HASH=2fa183a08531045a
STEP=0 CP=LAYER_23_ATTN_SCORES COUNT=1 MIN=1.22252655 MAX=1.22252655 MEAN=1.22252655 L2=1.22252655 FIRST8=1.22252655,0,0,0,0,0,0,0 HASH=5836b289ed0678a3
STEP=0 CP=LAYER_23_ATTN_PROBS COUNT=1 MIN=1 MAX=1 MEAN=1 L2=1 FIRST8=1,0,0,0,0,0,0,0 HASH=2fa183a08531045a
STEP=0 CP=LAYER_23_ATTN_SCORES COUNT=1 MIN=1.34259164 MAX=1.34259164 MEAN=1.34259164 L2=1.34259164 FIRST8=1.34259164,0,0,0,0,0,0,0 HASH=0fbd6bcd760456f8
STEP=0 CP=LAYER_23_ATTN_PROBS COUNT=1 MIN=1 MAX=1 MEAN=1 L2=1 FIRST8=1,0,0,0,0,0,0,0 HASH=2fa183a08531045a
STEP=0 CP=LAYER_23_ATTN_VALUE COUNT=1536 MIN=-0.550671756 MAX=4.37433481 MEAN=0.00771699035 L2=11.4783264 FIRST8=0.0164397731,0.0175828263,-0.0812779814,-0.0189748183,0.0941146314,0.0215968415,-0.0596187487,0.04911891 HASH=0a474ce8f0f1ce7f
STEP=0 CP=LAYER_23_O_PROJ COUNT=1536 MIN=-1.76930988 MAX=1.6915046 MEAN=0.00573673695 L2=8.95028678 FIRST8=0.126752615,0.0802883506,-0.127109155,-0.291348904,0.00474916957,-0.0919034407,-0.0110861883,-0.302340031 HASH=60511668da358b23
STEP=0 CP=LAYER_23_ATTN_RESIDUAL COUNT=1536 MIN=-4224.75488 MAX=2554.99121 MEAN=-0.626409655 L2=6279.82899 FIRST8=-13.5702209,1.76394486,2.50834966,-21.3889332,6.49125004,-5.11733532,4.29442501,-12.3157406 HASH=f347258ddf50cc31
STEP=0 CP=LAYER_23_FFN_NORM COUNT=1536 MIN=-38.7255135 MAX=30.8943386 MEAN=-0.00221444344 L2=58.4242251 FIRST8=-0.07542748,0.0175449848,0.0114961853,-0.172072262,0.0541205592,-0.0391725078,0.0410392024,-0.109887786 HASH=5799dd1aa0361b22
STEP=0 CP=LAYER_23_FFN_GATE COUNT=8960 MIN=-5.62212324 MAX=3.61245322 MEAN=-1.06306922 L2=133.725002 FIRST8=-2.92848682,0.0981412381,-0.496924579,-2.25524402,-2.37965608,-1.32276928,-0.272797227,-1.20111501 HASH=f26a6b85dcae0c4c
STEP=0 CP=LAYER_23_FFN_UP COUNT=8960 MIN=-2.62575245 MAX=6.50945663 MEAN=0.0123408304 L2=60.513112 FIRST8=0.595281541,-1.05491722,1.68615878,-0.592262387,0.592131257,-0.886396885,-0.100154415,0.372289866 HASH=84e4cbcd29f3ca8a
STEP=0 CP=LAYER_23_SWIGLU COUNT=8960 MIN=-1.21923935 MAX=1.95811021 MEAN=-0.00231131395 L2=14.033998 FIRST8=-0.0884941593,-0.0543035641,-0.316944748,0.126755014,-0.119400591,0.246644378,0.0118090622,-0.103418469 HASH=6759a12407b1e4ae
STEP=0 CP=LAYER_23_FFN_DOWN COUNT=1536 MIN=-12.3247652 MAX=14.2091703 MEAN=0.000829347415 L2=26.0075721 FIRST8=0.290877044,-0.592860699,-0.395163894,-0.261214346,-0.066213049,0.612099648,0.550608158,0.427445829 HASH=d0d3083fca0b1191
STEP=0 CP=LAYER_23_LAYER_RESIDUAL COUNT=1536 MIN=-4223.01904 MAX=2554.48267 MEAN=-0.625580255 L2=6271.14799 FIRST8=-13.2793436,1.17108417,2.11318588,-21.6501484,6.42503691,-4.50523567,4.84503317,-11.8882952 HASH=d380f28dde2cffcc
STEP=0 CP=LAYER_24_ATTN_NORM COUNT=1536 MIN=-10.4124517 MAX=4.74697828 MEAN=-0.0183976188 L2=18.7730053 FIRST8=-0.165979758,0.00766181154,0.0282700676,-0.142703027,0.0505056642,-0.0281556826,0.0314620472,-0.0789399892 HASH=3a259de64f3c5e1a
STEP=0 CP=LAYER_24_Q COUNT=1536 MIN=-13.2915821 MAX=9.6352253 MEAN=-0.0527860165 L2=56.9495784 FIRST8=-1.84531093,-0.500854731,1.04659128,-0.00281574577,-0.53126657,1.08538365,-0.00558562577,0.662478924 HASH=9f3eadf36d97ee29
STEP=0 CP=LAYER_24_K COUNT=256 MIN=-0.851170778 MAX=0.39334625 MEAN=-0.00104581791 L2=2.01919637 FIRST8=-0.0106387138,-0.0182318687,0.0231142268,0.0823521018,-9.01296735e-05,-0.00728541613,0.00486686826,0.00594529323 HASH=d9b4b50001b04be3
STEP=0 CP=LAYER_24_V COUNT=256 MIN=-3.33370733 MAX=0.758962154 MEAN=-0.00891061953 L2=3.67106369 FIRST8=-0.0460650697,-0.129633412,-0.0244797803,0.0105149522,0.0105985738,-0.00282706134,-0.0251793936,0.0274508595 HASH=fa99b9a3efd6d022
STEP=0 CP=LAYER_24_Q_ROPE COUNT=1536 MIN=-13.2915821 MAX=9.6352253 MEAN=-0.0527860165 L2=56.9495784 FIRST8=-1.84531093,-0.500854731,1.04659128,-0.00281574577,-0.53126657,1.08538365,-0.00558562577,0.662478924 HASH=9f3eadf36d97ee29
STEP=0 CP=LAYER_24_K_ROPE COUNT=256 MIN=-0.851170778 MAX=0.39334625 MEAN=-0.00104581791 L2=2.01919637 FIRST8=-0.0106387138,-0.0182318687,0.0231142268,0.0823521018,-9.01296735e-05,-0.00728541613,0.00486686826,0.00594529323 HASH=d9b4b50001b04be3
STEP=0 CP=KV_WRITE LAYER=24 COUNT=256 K_MIN=-0.851170778 K_MAX=0.39334625 K_MEAN=-0.00104581791 K_L2=2.01919637 K_HASH=d9b4b50001b04be3 V_MIN=-3.33370733 V_MAX=0.758962154 V_MEAN=-0.00891061953 V_L2=3.67106369 V_HASH=fa99b9a3efd6d022
STEP=0 CP=LAYER_24_ATTN_SCORES COUNT=1 MIN=1.23014665 MAX=1.23014665 MEAN=1.23014665 L2=1.23014665 FIRST8=1.23014665,0,0,0,0,0,0,0 HASH=d541e637c7b5c096
STEP=0 CP=LAYER_24_ATTN_PROBS COUNT=1 MIN=1 MAX=1 MEAN=1 L2=1 FIRST8=1,0,0,0,0,0,0,0 HASH=2fa183a08531045a
STEP=0 CP=LAYER_24_ATTN_SCORES COUNT=1 MIN=1.15410686 MAX=1.15410686 MEAN=1.15410686 L2=1.15410686 FIRST8=1.15410686,0,0,0,0,0,0,0 HASH=d7b30c9d0053a7c4
STEP=0 CP=LAYER_24_ATTN_PROBS COUNT=1 MIN=1 MAX=1 MEAN=1 L2=1 FIRST8=1,0,0,0,0,0,0,0 HASH=2fa183a08531045a
STEP=0 CP=LAYER_24_ATTN_SCORES COUNT=1 MIN=0.933481872 MAX=0.933481872 MEAN=0.933481872 L2=0.933481872 FIRST8=0.933481872,0,0,0,0,0,0,0 HASH=f07fb6a52206ebef
STEP=0 CP=LAYER_24_ATTN_PROBS COUNT=1 MIN=1 MAX=1 MEAN=1 L2=1 FIRST8=1,0,0,0,0,0,0,0 HASH=2fa183a08531045a
STEP=0 CP=LAYER_24_ATTN_SCORES COUNT=1 MIN=1.17515767 MAX=1.17515767 MEAN=1.17515767 L2=1.17515767 FIRST8=1.17515767,0,0,0,0,0,0,0 HASH=0e4e08f470ed17f4
STEP=0 CP=LAYER_24_ATTN_PROBS COUNT=1 MIN=1 MAX=1 MEAN=1 L2=1 FIRST8=1,0,0,0,0,0,0,0 HASH=2fa183a08531045a
STEP=0 CP=LAYER_24_ATTN_SCORES COUNT=1 MIN=1.13819242 MAX=1.13819242 MEAN=1.13819242 L2=1.13819242 FIRST8=1.13819242,0,0,0,0,0,0,0 HASH=3cceb9e69270d73d
STEP=0 CP=LAYER_24_ATTN_PROBS COUNT=1 MIN=1 MAX=1 MEAN=1 L2=1 FIRST8=1,0,0,0,0,0,0,0 HASH=2fa183a08531045a
STEP=0 CP=LAYER_24_ATTN_SCORES COUNT=1 MIN=1.12242365 MAX=1.12242365 MEAN=1.12242365 L2=1.12242365 FIRST8=1.12242365,0,0,0,0,0,0,0 HASH=69b1c91f639d89f0
STEP=0 CP=LAYER_24_ATTN_PROBS COUNT=1 MIN=1 MAX=1 MEAN=1 L2=1 FIRST8=1,0,0,0,0,0,0,0 HASH=2fa183a08531045a
STEP=0 CP=LAYER_24_ATTN_SCORES COUNT=1 MIN=0.834401786 MAX=0.834401786 MEAN=0.834401786 L2=0.834401786 FIRST8=0.834401786,0,0,0,0,0,0,0 HASH=02fc5767cfef4d11
STEP=0 CP=LAYER_24_ATTN_PROBS COUNT=1 MIN=1 MAX=1 MEAN=1 L2=1 FIRST8=1,0,0,0,0,0,0,0 HASH=2fa183a08531045a
STEP=0 CP=LAYER_24_ATTN_SCORES COUNT=1 MIN=0.65784955 MAX=0.65784955 MEAN=0.65784955 L2=0.65784955 FIRST8=0.65784955,0,0,0,0,0,0,0 HASH=e20962313f603826
STEP=0 CP=LAYER_24_ATTN_PROBS COUNT=1 MIN=1 MAX=1 MEAN=1 L2=1 FIRST8=1,0,0,0,0,0,0,0 HASH=2fa183a08531045a
STEP=0 CP=LAYER_24_ATTN_SCORES COUNT=1 MIN=0.394068599 MAX=0.394068599 MEAN=0.394068599 L2=0.394068599 FIRST8=0.394068599,0,0,0,0,0,0,0 HASH=3b6bd89bdaf0c765
STEP=0 CP=LAYER_24_ATTN_PROBS COUNT=1 MIN=1 MAX=1 MEAN=1 L2=1 FIRST8=1,0,0,0,0,0,0,0 HASH=2fa183a08531045a
STEP=0 CP=LAYER_24_ATTN_SCORES COUNT=1 MIN=0.64718461 MAX=0.64718461 MEAN=0.64718461 L2=0.64718461 FIRST8=0.64718461,0,0,0,0,0,0,0 HASH=357735ba382b1628
STEP=0 CP=LAYER_24_ATTN_PROBS COUNT=1 MIN=1 MAX=1 MEAN=1 L2=1 FIRST8=1,0,0,0,0,0,0,0 HASH=2fa183a08531045a
STEP=0 CP=LAYER_24_ATTN_SCORES COUNT=1 MIN=0.377630562 MAX=0.377630562 MEAN=0.377630562 L2=0.377630562 FIRST8=0.377630562,0,0,0,0,0,0,0 HASH=5adc18b2faad3257
STEP=0 CP=LAYER_24_ATTN_PROBS COUNT=1 MIN=1 MAX=1 MEAN=1 L2=1 FIRST8=1,0,0,0,0,0,0,0 HASH=2fa183a08531045a
STEP=0 CP=LAYER_24_ATTN_SCORES COUNT=1 MIN=0.729848504 MAX=0.729848504 MEAN=0.729848504 L2=0.729848504 FIRST8=0.729848504,0,0,0,0,0,0,0 HASH=4402436bf9bf7d1f
STEP=0 CP=LAYER_24_ATTN_PROBS COUNT=1 MIN=1 MAX=1 MEAN=1 L2=1 FIRST8=1,0,0,0,0,0,0,0 HASH=2fa183a08531045a
STEP=0 CP=LAYER_24_ATTN_VALUE COUNT=1536 MIN=-3.33370733 MAX=0.758962154 MEAN=-0.00891061953 L2=8.99223286 FIRST8=-0.0460650697,-0.129633412,-0.0244797803,0.0105149522,0.0105985738,-0.00282706134,-0.0251793936,0.0274508595 HASH=e960a7d86a0119d3
STEP=0 CP=LAYER_24_O_PROJ COUNT=1536 MIN=-0.999395847 MAX=0.733168602 MEAN=-0.00282337803 L2=6.17757736 FIRST8=-0.0411753096,0.142794088,-0.139125153,-0.0259953626,-0.154483214,0.110763855,-0.143635929,-0.295817733 HASH=9f1c2b900334b3e7
STEP=0 CP=LAYER_24_ATTN_RESIDUAL COUNT=1536 MIN=-4224.01855 MAX=2555.17505 MEAN=-0.628403695 L2=6272.17548 FIRST8=-13.3205185,1.3138783,1.97406077,-21.6761436,6.27055359,-4.39447165,4.70139742,-12.1841125 HASH=457ad5d60a1357c5
STEP=0 CP=LAYER_24_FFN_NORM COUNT=1536 MIN=-50.5195351 MAX=34.4268417 MEAN=-0.00983905456 L2=69.09357 FIRST8=-0.0721791163,0.01359748,0.0105039934,-0.182002738,0.0557114817,-0.0351817943,0.0465897545,-0.114793859 HASH=500fe06dcc1fb321
STEP=0 CP=LAYER_24_FFN_GATE COUNT=8960 MIN=-4.71699476 MAX=29.1970062 MEAN=-1.47189843 L2=175.067917 FIRST8=-1.90008461,-2.26004028,-2.20949602,-1.58345282,-0.376189768,0.415612698,-2.80780411,-2.2658143 HASH=cbc9493d4cd92f5e
STEP=0 CP=LAYER_24_FFN_UP COUNT=8960 MIN=-3.46147537 MAX=4.57147551 MEAN=-0.00453465137 L2=66.717487 FIRST8=0.384097874,-0.29754743,-0.377189904,-0.514954269,0.692622483,0.14634195,0.26667583,-0.388677657 HASH=d317cf4fb27960f3
STEP=0 CP=LAYER_24_SWIGLU COUNT=8960 MIN=-6.88398075 MAX=14.7336588 MEAN=0.00164749546 L2=22.3726276 FIRST8=-0.0949485824,0.0635395423,0.0824240372,0.138869345,-0.106058933,0.0366409197,-0.0426081382,0.0827778801 HASH=4d3b9a1cfc6e556f
STEP=0 CP=LAYER_24_FFN_DOWN COUNT=1536 MIN=-14.1162586 MAX=17.0226326 MEAN=0.00805170382 L2=34.4974998 FIRST8=0.265437245,0.562026262,-0.0974245667,0.679744363,0.461582303,-0.687600613,-0.0966160148,0.112274051 HASH=59df7737f171dd6d
STEP=0 CP=LAYER_24_LAYER_RESIDUAL COUNT=1536 MIN=-4222.16113 MAX=2553.10889 MEAN=-0.620352063 L2=6261.56493 FIRST8=-13.0550814,1.87590456,1.87663627,-20.9963989,6.73213577,-5.08207226,4.60478163,-12.0718384 HASH=84b6c4195620e7c5
STEP=0 CP=LAYER_25_ATTN_NORM COUNT=1536 MIN=-9.96173191 MAX=6.99047947 MEAN=-0.0228789901 L2=21.8129827 FIRST8=-0.263014406,0.010182078,0.0206473991,-0.116531521,0.0413141996,-0.0257207677,0.0238680877,-0.065818958 HASH=70a6075dfbc702cb
STEP=0 CP=LAYER_25_Q COUNT=1536 MIN=-12.9082661 MAX=14.0002527 MEAN=-0.034138259 L2=53.1237474 FIRST8=1.41402614,-0.653499246,-0.166251794,-0.11409162,-0.64567697,0.51530683,0.344196171,-0.635038257 HASH=327d9725317a2065
STEP=0 CP=LAYER_25_K COUNT=256 MIN=-0.594265461 MAX=1.02343822 MEAN=0.00944509246 L2=2.04158997 FIRST8=0.118652001,-0.0666465312,0.0097053647,-0.0255532265,0.0637490153,0.00773542374,0.0128753558,0.0127608478 HASH=32fa6bd329f36351
STEP=0 CP=LAYER_25_V COUNT=256 MIN=-0.508161604 MAX=4.13540268 MEAN=0.0162616101 L2=4.75289894 FIRST8=-0.113927856,0.171840593,-0.00991523638,0.00905524194,0.0888658017,-0.0518750995,0.0742267668,0.104262695 HASH=590b5032d64c0d30
STEP=0 CP=LAYER_25_Q_ROPE COUNT=1536 MIN=-12.9082661 MAX=14.0002527 MEAN=-0.034138259 L2=53.1237474 FIRST8=1.41402614,-0.653499246,-0.166251794,-0.11409162,-0.64567697,0.51530683,0.344196171,-0.635038257 HASH=327d9725317a2065
STEP=0 CP=LAYER_25_K_ROPE COUNT=256 MIN=-0.594265461 MAX=1.02343822 MEAN=0.00944509246 L2=2.04158997 FIRST8=0.118652001,-0.0666465312,0.0097053647,-0.0255532265,0.0637490153,0.00773542374,0.0128753558,0.0127608478 HASH=32fa6bd329f36351
STEP=0 CP=KV_WRITE LAYER=25 COUNT=256 K_MIN=-0.594265461 K_MAX=1.02343822 K_MEAN=0.00944509246 K_L2=2.04158997 K_HASH=32fa6bd329f36351 V_MIN=-0.508161604 V_MAX=4.13540268 V_MEAN=0.0162616101 V_L2=4.75289894 V_HASH=590b5032d64c0d30
STEP=0 CP=LAYER_25_ATTN_SCORES COUNT=1 MIN=0.48739168 MAX=0.48739168 MEAN=0.48739168 L2=0.48739168 FIRST8=0.48739168,0,0,0,0,0,0,0 HASH=f89ececb8c5bbc7e
STEP=0 CP=LAYER_25_ATTN_PROBS COUNT=1 MIN=1 MAX=1 MEAN=1 L2=1 FIRST8=1,0,0,0,0,0,0,0 HASH=2fa183a08531045a
STEP=0 CP=LAYER_25_ATTN_SCORES COUNT=1 MIN=0.477005601 MAX=0.477005601 MEAN=0.477005601 L2=0.477005601 FIRST8=0.477005601,0,0,0,0,0,0,0 HASH=93226747c34014af
STEP=0 CP=LAYER_25_ATTN_PROBS COUNT=1 MIN=1 MAX=1 MEAN=1 L2=1 FIRST8=1,0,0,0,0,0,0,0 HASH=2fa183a08531045a
STEP=0 CP=LAYER_25_ATTN_SCORES COUNT=1 MIN=0.369449288 MAX=0.369449288 MEAN=0.369449288 L2=0.369449288 FIRST8=0.369449288,0,0,0,0,0,0,0 HASH=6b2e926006856065
STEP=0 CP=LAYER_25_ATTN_PROBS COUNT=1 MIN=1 MAX=1 MEAN=1 L2=1 FIRST8=1,0,0,0,0,0,0,0 HASH=2fa183a08531045a
STEP=0 CP=LAYER_25_ATTN_SCORES COUNT=1 MIN=0.481220454 MAX=0.481220454 MEAN=0.481220454 L2=0.481220454 FIRST8=0.481220454,0,0,0,0,0,0,0 HASH=cf13867d2de8bc1e
STEP=0 CP=LAYER_25_ATTN_PROBS COUNT=1 MIN=1 MAX=1 MEAN=1 L2=1 FIRST8=1,0,0,0,0,0,0,0 HASH=2fa183a08531045a
STEP=0 CP=LAYER_25_ATTN_SCORES COUNT=1 MIN=0.373548776 MAX=0.373548776 MEAN=0.373548776 L2=0.373548776 FIRST8=0.373548776,0,0,0,0,0,0,0 HASH=c7bcc3c6956ef998
STEP=0 CP=LAYER_25_ATTN_PROBS COUNT=1 MIN=1 MAX=1 MEAN=1 L2=1 FIRST8=1,0,0,0,0,0,0,0 HASH=2fa183a08531045a
STEP=0 CP=LAYER_25_ATTN_SCORES COUNT=1 MIN=0.816654742 MAX=0.816654742 MEAN=0.816654742 L2=0.816654742 FIRST8=0.816654742,0,0,0,0,0,0,0 HASH=0655cff021f3da5a
STEP=0 CP=LAYER_25_ATTN_PROBS COUNT=1 MIN=1 MAX=1 MEAN=1 L2=1 FIRST8=1,0,0,0,0,0,0,0 HASH=2fa183a08531045a
STEP=0 CP=LAYER_25_ATTN_SCORES COUNT=1 MIN=1.4110136 MAX=1.4110136 MEAN=1.4110136 L2=1.4110136 FIRST8=1.4110136,0,0,0,0,0,0,0 HASH=7624906b976007c2
STEP=0 CP=LAYER_25_ATTN_PROBS COUNT=1 MIN=1 MAX=1 MEAN=1 L2=1 FIRST8=1,0,0,0,0,0,0,0 HASH=2fa183a08531045a
STEP=0 CP=LAYER_25_ATTN_SCORES COUNT=1 MIN=1.11637843 MAX=1.11637843 MEAN=1.11637843 L2=1.11637843 FIRST8=1.11637843,0,0,0,0,0,0,0 HASH=231006a16c6d90d2
STEP=0 CP=LAYER_25_ATTN_PROBS COUNT=1 MIN=1 MAX=1 MEAN=1 L2=1 FIRST8=1,0,0,0,0,0,0,0 HASH=2fa183a08531045a
STEP=0 CP=LAYER_25_ATTN_SCORES COUNT=1 MIN=1.06702042 MAX=1.06702042 MEAN=1.06702042 L2=1.06702042 FIRST8=1.06702042,0,0,0,0,0,0,0 HASH=75c8d8a8a0036a76
STEP=0 CP=LAYER_25_ATTN_PROBS COUNT=1 MIN=1 MAX=1 MEAN=1 L2=1 FIRST8=1,0,0,0,0,0,0,0 HASH=2fa183a08531045a
STEP=0 CP=LAYER_25_ATTN_SCORES COUNT=1 MIN=1.12030506 MAX=1.12030506 MEAN=1.12030506 L2=1.12030506 FIRST8=1.12030506,0,0,0,0,0,0,0 HASH=a2644aeff21436c3
STEP=0 CP=LAYER_25_ATTN_PROBS COUNT=1 MIN=1 MAX=1 MEAN=1 L2=1 FIRST8=1,0,0,0,0,0,0,0 HASH=2fa183a08531045a
STEP=0 CP=LAYER_25_ATTN_SCORES COUNT=1 MIN=0.933368266 MAX=0.933368266 MEAN=0.933368266 L2=0.933368266 FIRST8=0.933368266,0,0,0,0,0,0,0 HASH=b72d186faa1ad7f2
STEP=0 CP=LAYER_25_ATTN_PROBS COUNT=1 MIN=1 MAX=1 MEAN=1 L2=1 FIRST8=1,0,0,0,0,0,0,0 HASH=2fa183a08531045a
STEP=0 CP=LAYER_25_ATTN_SCORES COUNT=1 MIN=1.31875813 MAX=1.31875813 MEAN=1.31875813 L2=1.31875813 FIRST8=1.31875813,0,0,0,0,0,0,0 HASH=3cd19b215b7bc59c
STEP=0 CP=LAYER_25_ATTN_PROBS COUNT=1 MIN=1 MAX=1 MEAN=1 L2=1 FIRST8=1,0,0,0,0,0,0,0 HASH=2fa183a08531045a
STEP=0 CP=LAYER_25_ATTN_VALUE COUNT=1536 MIN=-0.508161604 MAX=4.13540268 MEAN=0.0162616101 L2=11.6421772 FIRST8=-0.113927856,0.171840593,-0.00991523638,0.00905524194,0.0888658017,-0.0518750995,0.0742267668,0.104262695 HASH=df3b17edee6ad96b
STEP=0 CP=LAYER_25_O_PROJ COUNT=1536 MIN=-3.00055075 MAX=4.49669075 MEAN=-0.00437929244 L2=10.9827969 FIRST8=0.0669111088,0.0892919675,-0.17141363,0.118338019,-0.00778881833,-0.126289561,-0.185396999,-0.099871397 HASH=4d072541b42d20c7
STEP=0 CP=LAYER_25_ATTN_RESIDUAL COUNT=1536 MIN=-4223.72949 MAX=2554.03491 MEAN=-0.624731146 L2=6261.47058 FIRST8=-12.9881706,1.96519649,1.70522261,-20.8780613,6.72434711,-5.20836163,4.41938448,-12.17171 HASH=cd7f9d291a851714
STEP=0 CP=LAYER_25_FFN_NORM COUNT=1536 MIN=-65.2668228 MAX=35.7192345 MEAN=-0.0191045011 L2=81.8738047 FIRST8=-0.0978088155,0.0203728192,0.00996456295,-0.185810745,0.062147148,-0.0443159081,0.0445182733,-0.117849045 HASH=55db41fd6726653a
STEP=0 CP=LAYER_25_FFN_GATE COUNT=8960 MIN=-6.26030827 MAX=4.51306772 MEAN=-2.09088399 L2=226.321859 FIRST8=-2.31621242,-2.25042677,-0.303291321,-1.68900764,-1.29614258,-0.330514699,-2.64651775,-1.30609274 HASH=077b5a04d02048ad
STEP=0 CP=LAYER_25_FFN_UP COUNT=8960 MIN=-9.2320528 MAX=6.75957632 MEAN=-0.00648137376 L2=82.7067492 FIRST8=0.271953434,0.298893273,-0.95105499,-0.622258127,-0.0395420603,-0.0927923247,-0.608415008,0.217679039 HASH=6105f54cfdcc8a74
STEP=0 CP=LAYER_25_SWIGLU COUNT=8960 MIN=-8.02507687 MAX=5.66828966 MEAN=0.00248055124 L2=21.3579427 FIRST8=-0.0565583445,-0.0641108602,0.122518636,0.16385743,0.0110097257,0.0128232753,0.106600367,-0.0605980232 HASH=ca90d6befdca21b7
STEP=0 CP=LAYER_25_FFN_DOWN COUNT=1536 MIN=-18.8011799 MAX=21.6329899 MEAN=-0.00593002183 L2=34.9851676 FIRST8=-0.138877988,0.0547407344,0.603654265,-0.76299274,-0.546452463,0.176603094,0.248841599,-0.382712156 HASH=df1d6ea45f4a12ec
STEP=0 CP=LAYER_25_LAYER_RESIDUAL COUNT=1536 MIN=-4222.25098 MAX=2552.61572 MEAN=-0.630661146 L2=6248.975 FIRST8=-13.1270485,2.01993728,2.30887699,-21.6410542,6.17789459,-5.03175831,4.66822624,-12.5544224 HASH=27d358c6fc46d0ba
STEP=0 CP=LAYER_26_ATTN_NORM COUNT=1536 MIN=-13.0335112 MAX=7.33277893 MEAN=-0.019956766 L2=23.3067968 FIRST8=-0.339607954,0.00836317986,0.0504559651,-0.103385553,0.0352649502,-0.0203399826,0.0188704692,-0.0492111556 HASH=c7837cfa7fbc41b9
STEP=0 CP=LAYER_26_Q COUNT=1536 MIN=-8.44849873 MAX=9.93367863 MEAN=-0.0246100359 L2=47.3736278 FIRST8=0.424620092,0.687092781,0.85316354,0.890834033,1.42836332,-0.213102788,-0.427246988,1.44239748 HASH=46929493d0f273ac
STEP=0 CP=LAYER_26_K COUNT=256 MIN=-1.50109553 MAX=4.7221117 MEAN=0.0419057796 L2=8.28449087 FIRST8=0.0138585269,0.0201616716,-0.00746943988,0.0372238979,-0.0168004632,-0.0198992491,-0.0189110935,0.0268477499 HASH=194c7dfa5850bb2e
STEP=0 CP=LAYER_26_V COUNT=256 MIN=-6.21376705 MAX=2.15470552 MEAN=-0.0281502517 L2=8.25246917 FIRST8=0.27182582,0.239526495,-0.370818883,0.204412729,0.0350151695,-0.0225794613,0.069685936,0.0455439687 HASH=13f7e6a1e28dafb0
STEP=0 CP=LAYER_26_Q_ROPE COUNT=1536 MIN=-8.44849873 MAX=9.93367863 MEAN=-0.0246100359 L2=47.3736278 FIRST8=0.424620092,0.687092781,0.85316354,0.890834033,1.42836332,-0.213102788,-0.427246988,1.44239748 HASH=46929493d0f273ac
STEP=0 CP=LAYER_26_K_ROPE COUNT=256 MIN=-1.50109553 MAX=4.7221117 MEAN=0.0419057796 L2=8.28449087 FIRST8=0.0138585269,0.0201616716,-0.00746943988,0.0372238979,-0.0168004632,-0.0198992491,-0.0189110935,0.0268477499 HASH=194c7dfa5850bb2e
STEP=0 CP=KV_WRITE LAYER=26 COUNT=256 K_MIN=-1.50109553 K_MAX=4.7221117 K_MEAN=0.0419057796 K_L2=8.28449087 K_HASH=194c7dfa5850bb2e V_MIN=-6.21376705 V_MAX=2.15470552 V_MEAN=-0.0281502517 V_L2=8.25246917 V_HASH=13f7e6a1e28dafb0
STEP=0 CP=LAYER_26_ATTN_SCORES COUNT=1 MIN=3.08469653 MAX=3.08469653 MEAN=3.08469653 L2=3.08469653 FIRST8=3.08469653,0,0,0,0,0,0,0 HASH=e78c0aa7f15022ac
STEP=0 CP=LAYER_26_ATTN_PROBS COUNT=1 MIN=1 MAX=1 MEAN=1 L2=1 FIRST8=1,0,0,0,0,0,0,0 HASH=2fa183a08531045a
STEP=0 CP=LAYER_26_ATTN_SCORES COUNT=1 MIN=1.81040049 MAX=1.81040049 MEAN=1.81040049 L2=1.81040049 FIRST8=1.81040049,0,0,0,0,0,0,0 HASH=094d3e4ed5e15198
STEP=0 CP=LAYER_26_ATTN_PROBS COUNT=1 MIN=1 MAX=1 MEAN=1 L2=1 FIRST8=1,0,0,0,0,0,0,0 HASH=2fa183a08531045a
STEP=0 CP=LAYER_26_ATTN_SCORES COUNT=1 MIN=2.16746259 MAX=2.16746259 MEAN=2.16746259 L2=2.16746259 FIRST8=2.16746259,0,0,0,0,0,0,0 HASH=77d2cd1d1e946d4d
STEP=0 CP=LAYER_26_ATTN_PROBS COUNT=1 MIN=1 MAX=1 MEAN=1 L2=1 FIRST8=1,0,0,0,0,0,0,0 HASH=2fa183a08531045a
STEP=0 CP=LAYER_26_ATTN_SCORES COUNT=1 MIN=2.43310285 MAX=2.43310285 MEAN=2.43310285 L2=2.43310285 FIRST8=2.43310285,0,0,0,0,0,0,0 HASH=76b04932ac2e0774
STEP=0 CP=LAYER_26_ATTN_PROBS COUNT=1 MIN=1 MAX=1 MEAN=1 L2=1 FIRST8=1,0,0,0,0,0,0,0 HASH=2fa183a08531045a
STEP=0 CP=LAYER_26_ATTN_SCORES COUNT=1 MIN=2.49764633 MAX=2.49764633 MEAN=2.49764633 L2=2.49764633 FIRST8=2.49764633,0,0,0,0,0,0,0 HASH=ec820142b27a5727
STEP=0 CP=LAYER_26_ATTN_PROBS COUNT=1 MIN=1 MAX=1 MEAN=1 L2=1 FIRST8=1,0,0,0,0,0,0,0 HASH=2fa183a08531045a
STEP=0 CP=LAYER_26_ATTN_SCORES COUNT=1 MIN=2.60085249 MAX=2.60085249 MEAN=2.60085249 L2=2.60085249 FIRST8=2.60085249,0,0,0,0,0,0,0 HASH=169c8990e71b46e7
STEP=0 CP=LAYER_26_ATTN_PROBS COUNT=1 MIN=1 MAX=1 MEAN=1 L2=1 FIRST8=1,0,0,0,0,0,0,0 HASH=2fa183a08531045a
STEP=0 CP=LAYER_26_ATTN_SCORES COUNT=1 MIN=0.551674426 MAX=0.551674426 MEAN=0.551674426 L2=0.551674426 FIRST8=0.551674426,0,0,0,0,0,0,0 HASH=9d4d8faeaa8c58e4
STEP=0 CP=LAYER_26_ATTN_PROBS COUNT=1 MIN=1 MAX=1 MEAN=1 L2=1 FIRST8=1,0,0,0,0,0,0,0 HASH=2fa183a08531045a
STEP=0 CP=LAYER_26_ATTN_SCORES COUNT=1 MIN=1.56754494 MAX=1.56754494 MEAN=1.56754494 L2=1.56754494 FIRST8=1.56754494,0,0,0,0,0,0,0 HASH=07a70139ad1245a1
STEP=0 CP=LAYER_26_ATTN_PROBS COUNT=1 MIN=1 MAX=1 MEAN=1 L2=1 FIRST8=1,0,0,0,0,0,0,0 HASH=2fa183a08531045a
STEP=0 CP=LAYER_26_ATTN_SCORES COUNT=1 MIN=0.991388857 MAX=0.991388857 MEAN=0.991388857 L2=0.991388857 FIRST8=0.991388857,0,0,0,0,0,0,0 HASH=700ee9bb9c30886b
STEP=0 CP=LAYER_26_ATTN_PROBS COUNT=1 MIN=1 MAX=1 MEAN=1 L2=1 FIRST8=1,0,0,0,0,0,0,0 HASH=2fa183a08531045a
STEP=0 CP=LAYER_26_ATTN_SCORES COUNT=1 MIN=1.28853691 MAX=1.28853691 MEAN=1.28853691 L2=1.28853691 FIRST8=1.28853691,0,0,0,0,0,0,0 HASH=65821d9280389c1b
STEP=0 CP=LAYER_26_ATTN_PROBS COUNT=1 MIN=1 MAX=1 MEAN=1 L2=1 FIRST8=1,0,0,0,0,0,0,0 HASH=2fa183a08531045a
STEP=0 CP=LAYER_26_ATTN_SCORES COUNT=1 MIN=2.12434101 MAX=2.12434101 MEAN=2.12434101 L2=2.12434101 FIRST8=2.12434101,0,0,0,0,0,0,0 HASH=66240b4d57998e5f
STEP=0 CP=LAYER_26_ATTN_PROBS COUNT=1 MIN=1 MAX=1 MEAN=1 L2=1 FIRST8=1,0,0,0,0,0,0,0 HASH=2fa183a08531045a
STEP=0 CP=LAYER_26_ATTN_SCORES COUNT=1 MIN=1.44381261 MAX=1.44381261 MEAN=1.44381261 L2=1.44381261 FIRST8=1.44381261,0,0,0,0,0,0,0 HASH=3f923045f445137e
STEP=0 CP=LAYER_26_ATTN_PROBS COUNT=1 MIN=1 MAX=1 MEAN=1 L2=1 FIRST8=1,0,0,0,0,0,0,0 HASH=2fa183a08531045a
STEP=0 CP=LAYER_26_ATTN_VALUE COUNT=1536 MIN=-6.21376705 MAX=2.15470552 MEAN=-0.0281502517 L2=20.2143386 FIRST8=0.27182582,0.239526495,-0.370818883,0.204412729,0.0350151695,-0.0225794613,0.069685936,0.0455439687 HASH=a421cda89ae3d993
STEP=0 CP=LAYER_26_O_PROJ COUNT=1536 MIN=-1.57228506 MAX=1.7613852 MEAN=-0.00165045475 L2=14.6812567 FIRST8=-0.512346268,-0.163409173,-0.799016833,0.492375165,0.351116925,-0.151931629,0.0175466053,-0.610237956 HASH=84f6599182168253
STEP=0 CP=LAYER_26_ATTN_RESIDUAL COUNT=1536 MIN=-4223.21045 MAX=2553.47168 MEAN=-0.632311616 L2=6251.21192 FIRST8=-13.6393948,1.85652804,1.50986016,-21.1486797,6.52901173,-5.18369007,4.6857729,-13.1646605 HASH=d686055d2e16390d
STEP=0 CP=LAYER_26_FFN_NORM COUNT=1536 MIN=-158.863937 MAX=53.2797318 MEAN=-0.0664871511 L2=173.012869 FIRST8=-0.110230163,0.0187322572,0.0103534749,-0.204066098,0.06267941,-0.0484946482,0.0470496602,-0.130251408 HASH=f80e75e646b6fcbb
STEP=0 CP=LAYER_26_FFN_GATE COUNT=8960 MIN=-15.2543631 MAX=70.9096222 MEAN=-3.23156932 L2=347.549128 FIRST8=-3.69340849,-2.16978335,-2.46517897,-4.12720823,-4.27018356,-4.88950729,-3.46439099,-4.36379242 HASH=d7e3898ed4db0717
STEP=0 CP=LAYER_26_FFN_UP COUNT=8960 MIN=-73.15905 MAX=50.5306168 MEAN=0.0138272299 L2=154.295819 FIRST8=0.674246073,-0.783999681,0.318656832,0.702295184,0.270746797,2.76419234,0.960623026,3.30397987 HASH=71a5d1dd36d6219e
STEP=0 CP=LAYER_26_SWIGLU COUNT=8960 MIN=-5187.68066 MAX=2302.4978 MEAN=-0.393255605 L2=5721.28805 FIRST8=-0.0604704022,0.174358547,-0.0615362264,-0.0460048877,-0.0159390941,-0.100946546,-0.100979291,-0.18123281 HASH=ca4f9061701f0ba6
STEP=0 CP=LAYER_26_FFN_DOWN COUNT=1536 MIN=-2613.13818 MAX=4304.01514 MEAN=0.867208925 L2=6378.58618 FIRST8=13.3303337,-14.1912975,-0.288224757,16.7001019,-22.2929955,10.18223,-10.860815,3.51687074 HASH=de0b9ed5900ab4b0
STEP=0 CP=LAYER_26_LAYER_RESIDUAL COUNT=1536 MIN=-69.7692871 MAX=80.8046875 MEAN=0.234897313 L2=476.439573 FIRST8=-0.30906105,-12.3347692,1.22163534,-4.44857788,-15.7639837,4.99853992,-6.17504215,-9.64778996 HASH=9eac45451a6d5a43
STEP=0 CP=LAYER_27_ATTN_NORM COUNT=1536 MIN=-8.1057806 MAX=7.82847929 MEAN=0.0413188557 L2=55.7773901 FIRST8=-0.127116546,-0.630196452,0.395685315,-0.311620116,-1.36765814,0.282685578,-0.335331559,-0.548717678 HASH=e612454fa237a075
STEP=0 CP=LAYER_27_Q COUNT=1536 MIN=-6.15062428 MAX=7.75519371 MEAN=0.100978857 L2=48.6650119 FIRST8=-0.292096615,0.314300656,-0.0181341618,0.138079599,1.02254832,-0.616484046,0.318086803,0.96259892 HASH=6037c6161ccee0f9
STEP=0 CP=LAYER_27_K COUNT=256 MIN=-4.72324038 MAX=4.86693048 MEAN=0.181128511 L2=17.8953853 FIRST8=0.608090758,-0.108723074,-0.328198373,0.226017296,-0.560922682,0.334581316,-0.0754394233,-0.289812565 HASH=74787a8bb53448c5
STEP=0 CP=LAYER_27_V COUNT=256 MIN=-9.80651951 MAX=6.93588591 MEAN=0.102901858 L2=49.9559851 FIRST8=-0.210734561,-3.72129297,-3.43378806,-0.463710785,4.10542727,0.411053717,3.48395252,-2.12291169 HASH=0f0605badf8e887c
STEP=0 CP=LAYER_27_Q_ROPE COUNT=1536 MIN=-6.15062428 MAX=7.75519371 MEAN=0.100978857 L2=48.6650119 FIRST8=-0.292096615,0.314300656,-0.0181341618,0.138079599,1.02254832,-0.616484046,0.318086803,0.96259892 HASH=6037c6161ccee0f9
STEP=0 CP=LAYER_27_K_ROPE COUNT=256 MIN=-4.72324038 MAX=4.86693048 MEAN=0.181128511 L2=17.8953853 FIRST8=0.608090758,-0.108723074,-0.328198373,0.226017296,-0.560922682,0.334581316,-0.0754394233,-0.289812565 HASH=74787a8bb53448c5
STEP=0 CP=KV_WRITE LAYER=27 COUNT=256 K_MIN=-4.72324038 K_MAX=4.86693048 K_MEAN=0.181128511 K_L2=17.8953853 K_HASH=74787a8bb53448c5 V_MIN=-9.80651951 V_MAX=6.93588591 V_MEAN=0.102901858 V_L2=49.9559851 V_HASH=0f0605badf8e887c
STEP=0 CP=LAYER_27_ATTN_SCORES COUNT=1 MIN=3.83767891 MAX=3.83767891 MEAN=3.83767891 L2=3.83767891 FIRST8=3.83767891,0,0,0,0,0,0,0 HASH=bae258b594803e92
STEP=0 CP=LAYER_27_ATTN_PROBS COUNT=1 MIN=1 MAX=1 MEAN=1 L2=1 FIRST8=1,0,0,0,0,0,0,0 HASH=2fa183a08531045a
STEP=0 CP=LAYER_27_ATTN_SCORES COUNT=1 MIN=4.6038518 MAX=4.6038518 MEAN=4.6038518 L2=4.6038518 FIRST8=4.6038518,0,0,0,0,0,0,0 HASH=37d8a48422f88727
STEP=0 CP=LAYER_27_ATTN_PROBS COUNT=1 MIN=1 MAX=1 MEAN=1 L2=1 FIRST8=1,0,0,0,0,0,0,0 HASH=2fa183a08531045a
STEP=0 CP=LAYER_27_ATTN_SCORES COUNT=1 MIN=4.31575394 MAX=4.31575394 MEAN=4.31575394 L2=4.31575394 FIRST8=4.31575394,0,0,0,0,0,0,0 HASH=fd9efdc2c56445b3
STEP=0 CP=LAYER_27_ATTN_PROBS COUNT=1 MIN=1 MAX=1 MEAN=1 L2=1 FIRST8=1,0,0,0,0,0,0,0 HASH=2fa183a08531045a
STEP=0 CP=LAYER_27_ATTN_SCORES COUNT=1 MIN=3.95132232 MAX=3.95132232 MEAN=3.95132232 L2=3.95132232 FIRST8=3.95132232,0,0,0,0,0,0,0 HASH=cc1fd44e02059896
STEP=0 CP=LAYER_27_ATTN_PROBS COUNT=1 MIN=1 MAX=1 MEAN=1 L2=1 FIRST8=1,0,0,0,0,0,0,0 HASH=2fa183a08531045a
STEP=0 CP=LAYER_27_ATTN_SCORES COUNT=1 MIN=4.52454424 MAX=4.52454424 MEAN=4.52454424 L2=4.52454424 FIRST8=4.52454424,0,0,0,0,0,0,0 HASH=5c990e216cab6345
STEP=0 CP=LAYER_27_ATTN_PROBS COUNT=1 MIN=1 MAX=1 MEAN=1 L2=1 FIRST8=1,0,0,0,0,0,0,0 HASH=2fa183a08531045a
STEP=0 CP=LAYER_27_ATTN_SCORES COUNT=1 MIN=3.74690437 MAX=3.74690437 MEAN=3.74690437 L2=3.74690437 FIRST8=3.74690437,0,0,0,0,0,0,0 HASH=0ed1fbf54cb6c513
STEP=0 CP=LAYER_27_ATTN_PROBS COUNT=1 MIN=1 MAX=1 MEAN=1 L2=1 FIRST8=1,0,0,0,0,0,0,0 HASH=2fa183a08531045a
STEP=0 CP=LAYER_27_ATTN_SCORES COUNT=1 MIN=3.68362713 MAX=3.68362713 MEAN=3.68362713 L2=3.68362713 FIRST8=3.68362713,0,0,0,0,0,0,0 HASH=de9b10dab0b3abec
STEP=0 CP=LAYER_27_ATTN_PROBS COUNT=1 MIN=1 MAX=1 MEAN=1 L2=1 FIRST8=1,0,0,0,0,0,0,0 HASH=2fa183a08531045a
STEP=0 CP=LAYER_27_ATTN_SCORES COUNT=1 MIN=5.26043558 MAX=5.26043558 MEAN=5.26043558 L2=5.26043558 FIRST8=5.26043558,0,0,0,0,0,0,0 HASH=d7a0b5a2f496de1d
STEP=0 CP=LAYER_27_ATTN_PROBS COUNT=1 MIN=1 MAX=1 MEAN=1 L2=1 FIRST8=1,0,0,0,0,0,0,0 HASH=2fa183a08531045a
STEP=0 CP=LAYER_27_ATTN_SCORES COUNT=1 MIN=5.01698875 MAX=5.01698875 MEAN=5.01698875 L2=5.01698875 FIRST8=5.01698875,0,0,0,0,0,0,0 HASH=c664fb11a7b79292
STEP=0 CP=LAYER_27_ATTN_PROBS COUNT=1 MIN=1 MAX=1 MEAN=1 L2=1 FIRST8=1,0,0,0,0,0,0,0 HASH=2fa183a08531045a
STEP=0 CP=LAYER_27_ATTN_SCORES COUNT=1 MIN=8.58099556 MAX=8.58099556 MEAN=8.58099556 L2=8.58099556 FIRST8=8.58099556,0,0,0,0,0,0,0 HASH=f38d08792b3c1756
STEP=0 CP=LAYER_27_ATTN_PROBS COUNT=1 MIN=1 MAX=1 MEAN=1 L2=1 FIRST8=1,0,0,0,0,0,0,0 HASH=2fa183a08531045a
STEP=0 CP=LAYER_27_ATTN_SCORES COUNT=1 MIN=9.56482792 MAX=9.56482792 MEAN=9.56482792 L2=9.56482792 FIRST8=9.56482792,0,0,0,0,0,0,0 HASH=5717c4afa4c9b27f
STEP=0 CP=LAYER_27_ATTN_PROBS COUNT=1 MIN=1 MAX=1 MEAN=1 L2=1 FIRST8=1,0,0,0,0,0,0,0 HASH=2fa183a08531045a
STEP=0 CP=LAYER_27_ATTN_SCORES COUNT=1 MIN=4.41737413 MAX=4.41737413 MEAN=4.41737413 L2=4.41737413 FIRST8=4.41737413,0,0,0,0,0,0,0 HASH=2f47daa22f76e81a
STEP=0 CP=LAYER_27_ATTN_PROBS COUNT=1 MIN=1 MAX=1 MEAN=1 L2=1 FIRST8=1,0,0,0,0,0,0,0 HASH=2fa183a08531045a
STEP=0 CP=LAYER_27_ATTN_VALUE COUNT=1536 MIN=-9.80651951 MAX=6.93588591 MEAN=0.102901858 L2=122.366673 FIRST8=-0.210734561,-3.72129297,-3.43378806,-0.463710785,4.10542727,0.411053717,3.48395252,-2.12291169 HASH=c14488058dc0b52f
STEP=0 CP=LAYER_27_O_PROJ COUNT=1536 MIN=-8.6576786 MAX=24.9015369 MEAN=0.0460230532 L2=61.7368409 FIRST8=-0.876199186,-0.293394923,3.55486131,-0.667412221,-1.03993201,-0.374843776,0.315770656,0.516992331 HASH=0d2540dd4a4a8e20
STEP=0 CP=LAYER_27_ATTN_RESIDUAL COUNT=1536 MIN=-67.6244812 MAX=84.0543289 MEAN=0.280920363 L2=481.183855 FIRST8=-1.1852603,-12.6281643,4.77649689,-5.11599016,-16.803915,4.62369633,-5.85927153,-9.13079739 HASH=19f833632cb00ce7
STEP=0 CP=LAYER_27_FFN_NORM COUNT=1536 MIN=-8.33194733 MAX=11.5928984 MEAN=0.0559244562 L2=71.0922217 FIRST8=-0.212685257,-1.80799532,0.525811613,-0.722698689,-2.35238123,0.620792329,-0.835153282,-1.30146134 HASH=04d190c2bc459606
STEP=0 CP=LAYER_27_FFN_GATE COUNT=8960 MIN=-11.9464989 MAX=5.96937227 MEAN=-0.588661447 L2=161.407539 FIRST8=-1.98419559,-1.61979914,-0.222025558,0.372176379,-2.84977508,-1.6839453,-2.4635222,1.12286341 HASH=ffbb064d7052c40f
STEP=0 CP=LAYER_27_FFN_UP COUNT=8960 MIN=-7.01632023 MAX=12.5136328 MEAN=-0.0320076752 L2=154.536987 FIRST8=2.73195839,2.64906907,1.29202271,-0.00547835603,-2.0027287,-2.3826263,-1.34049618,-0.462120265 HASH=d0e30d53487aeeb4
STEP=0 CP=LAYER_27_SWIGLU COUNT=8960 MIN=-15.6496964 MAX=15.8765726 MEAN=0.00220664693 L2=106.696413 FIRST8=-0.65521729,-0.70900631,-0.127573445,-0.00120700651,0.312150508,0.628207088,0.259086251,-0.391518593 HASH=957ea509ee9c87b9
STEP=0 CP=LAYER_27_FFN_DOWN COUNT=1536 MIN=-28.928791 MAX=28.974659 MEAN=-0.0754982652 L2=93.3227157 FIRST8=1.90392828,0.265737772,-0.684929073,-2.02583408,-1.45635879,-3.73686361,1.0208714,1.08095813 HASH=d5d9e28afbb3fce6
STEP=0 CP=LAYER_27_LAYER_RESIDUAL COUNT=1536 MIN=-61.2314644 MAX=81.6124191 MEAN=0.205422097 L2=478.523948 FIRST8=0.718667984,-12.3624268,4.09156799,-7.14182425,-18.260273,0.886832714,-4.83839989,-8.04983902 HASH=8170250d0bcdbd19
STEP=0 CP=HIDDEN_FINAL COUNT=1536 MIN=-61.2314644 MAX=81.6124191 MEAN=0.205422097 L2=478.523948 FIRST8=0.718667984,-12.3624268,4.09156799,-7.14182425,-18.260273,0.886832714,-4.83839989,-8.04983902 HASH=8170250d0bcdbd19
STEP=0 CP=FINAL_NORM COUNT=1536 MIN=-22.0971222 MAX=27.781126 MEAN=0.112378968 L2=183.58362 FIRST8=0.25935185,-4.65117884,1.11003733,-2.70528364,-6.77668333,0.347276241,-1.8203758,-3.09044075 HASH=498a5e11eb5b2864
STEP=0 CP=LOGITS COUNT=151936 MIN=-15.3220825 MAX=13.1935215 MEAN=-0.542019111 L2=1105.70427 FIRST8=2.52895498,-6.29901266,-1.59514284,0.979105592,0.534222603,-2.7379384,-3.89113474,0.317366749 HASH=4bd585c5717aa211
STEP=0 CP=LOGITS_TOP10 TOP10=117612:13.193521,113799:12.487507,126421:11.809283,87751:11.596653,91771:11.405159,91853:11.117395,39042:10.992432,14615:10.955885,2203:10.894286,20390:10.806076,74825:10.714120,24619:10.705895,6154:10.619072,62125:10.614849,87087:10.582986,107307:10.551107,3394:10.476334,101576:10.413760,94013:10.349990,99383:10.295946,10134:10.162067,19282:10.117654,2882:10.110348,19493:10.065625,72043:10.011896,32140:9.997281,10686:9.971006,31792:9.934164,14023:9.918763,2566:9.904446,77875:9.887989,136469:9.835336,10665:9.832457,18553:9.796814,11196:9.782857,64069:9.762846,86242:9.758137,16755:9.744574,87378:9.739850,32612:9.717342,80877:9.678025,32865:9.625442,2678:9.618244,29444:9.610321,1733:9.601888,42605:9.598179,125093:9.572628,3986:9.567221,3127:9.566252,93741:9.558225
