STEP=0 CP=EMBED COUNT=1536 MIN=-0.0612792969 MAX=0.0529785156 MEAN=0.000393233611 L2=0.708443437 FIRST8=0.0389903784,-0.0116971135,-0.023394227,-0.0103974342,0.023394227,0.00909775496,0.00389903784,-0.00779807568 HASH=1b82f77f069ef1fb
STEP=0 CP=ATTN_NORM COUNT=1536 MIN=-2.11010313 MAX=4.29683065 MEAN=0.0174371289 L2=19.0871562 FIRST8=1.29558265,-0.199385121,-0.608250797,-0.33651498,0.512344062,0.339599699,0.0551043227,-0.158162028 HASH=e0aaf4cea41ef20e
STEP=0 CP=LAYER_0_ATTN_NORM COUNT=1536 MIN=-2.11010313 MAX=4.29683065 MEAN=0.0174371289 L2=19.0871562 FIRST8=1.29558265,-0.199385121,-0.608250797,-0.33651498,0.512344062,0.339599699,0.0551043227,-0.158162028 HASH=e0aaf4cea41ef20e
STEP=0 CP=Q COUNT=1536 MIN=-22.8769608 MAX=27.4870224 MEAN=0.0740068838 L2=110.887753 FIRST8=-0.136786669,-0.635796428,-0.407785058,0.0264239311,0.568734169,-0.439732432,0.332945764,-0.827561975 HASH=b01b533cedfbc2c1
STEP=0 CP=K COUNT=256 MIN=-354.437073 MAX=317.470001 MEAN=5.68786264 L2=1236.62727 FIRST8=6.01900911,-0.777697682,-0.723091006,-1.20931685,2.57602501,-1.03333402,-0.0661324263,-2.92458677 HASH=0ec865af9af5f361
STEP=0 CP=V COUNT=256 MIN=-0.745873213 MAX=2.08078194 MEAN=0.00186612581 L2=4.87823599 FIRST8=-0.180931866,0.396732152,-0.319838911,0.296107173,0.0295375809,0.24581787,-0.582302332,-0.139744788 HASH=564e2faccd14c256
STEP=0 CP=LAYER_0_Q COUNT=1536 MIN=-22.8769608 MAX=27.4870224 MEAN=0.0740068838 L2=110.887753 FIRST8=-0.136786669,-0.635796428,-0.407785058,0.0264239311,0.568734169,-0.439732432,0.332945764,-0.827561975 HASH=b01b533cedfbc2c1
STEP=0 CP=LAYER_0_K COUNT=256 MIN=-354.437073 MAX=317.470001 MEAN=5.68786264 L2=1236.62727 FIRST8=6.01900911,-0.777697682,-0.723091006,-1.20931685,2.57602501,-1.03333402,-0.0661324263,-2.92458677 HASH=0ec865af9af5f361
STEP=0 CP=LAYER_0_V COUNT=256 MIN=-0.745873213 MAX=2.08078194 MEAN=0.00186612581 L2=4.87823599 FIRST8=-0.180931866,0.396732152,-0.319838911,0.296107173,0.0295375809,0.24581787,-0.582302332,-0.139744788 HASH=564e2faccd14c256
STEP=0 CP=Q_ROPE COUNT=1536 MIN=-22.8769608 MAX=27.4870224 MEAN=0.0740068838 L2=110.887753 FIRST8=-0.136786669,-0.635796428,-0.407785058,0.0264239311,0.568734169,-0.439732432,0.332945764,-0.827561975 HASH=b01b533cedfbc2c1
STEP=0 CP=K_ROPE COUNT=256 MIN=-354.437073 MAX=317.470001 MEAN=5.68786264 L2=1236.62727 FIRST8=6.01900911,-0.777697682,-0.723091006,-1.20931685,2.57602501,-1.03333402,-0.0661324263,-2.92458677 HASH=0ec865af9af5f361
STEP=0 CP=LAYER_0_Q_ROPE COUNT=1536 MIN=-22.8769608 MAX=27.4870224 MEAN=0.0740068838 L2=110.887753 FIRST8=-0.136786669,-0.635796428,-0.407785058,0.0264239311,0.568734169,-0.439732432,0.332945764,-0.827561975 HASH=b01b533cedfbc2c1
STEP=0 CP=LAYER_0_K_ROPE COUNT=256 MIN=-354.437073 MAX=317.470001 MEAN=5.68786264 L2=1236.62727 FIRST8=6.01900911,-0.777697682,-0.723091006,-1.20931685,2.57602501,-1.03333402,-0.0661324263,-2.92458677 HASH=0ec865af9af5f361
STEP=0 CP=KV_WRITE LAYER=0 COUNT=256 K_MIN=-354.437073 K_MAX=317.470001 K_MEAN=5.68786264 K_L2=1236.62727 K_HASH=0ec865af9af5f361 V_MIN=-0.745873213 V_MAX=2.08078194 V_MEAN=0.00186612581 V_L2=4.87823599 V_HASH=564e2faccd14c256
STEP=0 CP=LAYER_0_ATTN_SCORES COUNT=1 MIN=324.092407 MAX=324.092407 MEAN=324.092407 L2=324.092407 FIRST8=324.092407,0,0,0,0,0,0,0 HASH=01733f31e29cbdb1
STEP=0 CP=LAYER_0_ATTN_PROBS COUNT=1 MIN=1 MAX=1 MEAN=1 L2=1 FIRST8=1,0,0,0,0,0,0,0 HASH=2fa183a08531045a
STEP=0 CP=LAYER_0_ATTN_SCORES COUNT=1 MIN=2529.104 MAX=2529.104 MEAN=2529.104 L2=2529.104 FIRST8=2529.104,0,0,0,0,0,0,0 HASH=752911b2815c0dcf
STEP=0 CP=LAYER_0_ATTN_PROBS COUNT=1 MIN=1 MAX=1 MEAN=1 L2=1 FIRST8=1,0,0,0,0,0,0,0 HASH=2fa183a08531045a
STEP=0 CP=LAYER_0_ATTN_SCORES COUNT=1 MIN=68.5435867 MAX=68.5435867 MEAN=68.5435867 L2=68.5435867 FIRST8=68.5435867,0,0,0,0,0,0,0 HASH=d2f09f32b6d3798b
STEP=0 CP=LAYER_0_ATTN_PROBS COUNT=1 MIN=1 MAX=1 MEAN=1 L2=1 FIRST8=1,0,0,0,0,0,0,0 HASH=2fa183a08531045a
STEP=0 CP=LAYER_0_ATTN_SCORES COUNT=1 MIN=1164.03064 MAX=1164.03064 MEAN=1164.03064 L2=1164.03064 FIRST8=1164.03064,0,0,0,0,0,0,0 HASH=faebac425cb7511d
STEP=0 CP=LAYER_0_ATTN_PROBS COUNT=1 MIN=1 MAX=1 MEAN=1 L2=1 FIRST8=1,0,0,0,0,0,0,0 HASH=2fa183a08531045a
STEP=0 CP=LAYER_0_ATTN_SCORES COUNT=1 MIN=249.568634 MAX=249.568634 MEAN=249.568634 L2=249.568634 FIRST8=249.568634,0,0,0,0,0,0,0 HASH=213996e7f8956c9a
STEP=0 CP=LAYER_0_ATTN_PROBS COUNT=1 MIN=1 MAX=1 MEAN=1 L2=1 FIRST8=1,0,0,0,0,0,0,0 HASH=2fa183a08531045a
STEP=0 CP=LAYER_0_ATTN_SCORES COUNT=1 MIN=225.97702 MAX=225.97702 MEAN=225.97702 L2=225.97702 FIRST8=225.97702,0,0,0,0,0,0,0 HASH=c5d68a76a3612343
STEP=0 CP=LAYER_0_ATTN_PROBS COUNT=1 MIN=1 MAX=1 MEAN=1 L2=1 FIRST8=1,0,0,0,0,0,0,0 HASH=2fa183a08531045a
STEP=0 CP=LAYER_0_ATTN_SCORES COUNT=1 MIN=-228.398544 MAX=-228.398544 MEAN=-228.398544 L2=228.398544 FIRST8=-228.398544,0,0,0,0,0,0,0 HASH=aa5203a8359fbad7
STEP=0 CP=LAYER_0_ATTN_PROBS COUNT=1 MIN=1 MAX=1 MEAN=1 L2=1 FIRST8=1,0,0,0,0,0,0,0 HASH=2fa183a08531045a
STEP=0 CP=LAYER_0_ATTN_SCORES COUNT=1 MIN=121.083481 MAX=121.083481 MEAN=121.083481 L2=121.083481 FIRST8=121.083481,0,0,0,0,0,0,0 HASH=90e9105873d0cf87
STEP=0 CP=LAYER_0_ATTN_PROBS COUNT=1 MIN=1 MAX=1 MEAN=1 L2=1 FIRST8=1,0,0,0,0,0,0,0 HASH=2fa183a08531045a
STEP=0 CP=LAYER_0_ATTN_SCORES COUNT=1 MIN=969.687927 MAX=969.687927 MEAN=969.687927 L2=969.687927 FIRST8=969.687927,0,0,0,0,0,0,0 HASH=5324f6a8041757d6
STEP=0 CP=LAYER_0_ATTN_PROBS COUNT=1 MIN=1 MAX=1 MEAN=1 L2=1 FIRST8=1,0,0,0,0,0,0,0 HASH=2fa183a08531045a
STEP=0 CP=LAYER_0_ATTN_SCORES COUNT=1 MIN=48.1275749 MAX=48.1275749 MEAN=48.1275749 L2=48.1275749 FIRST8=48.1275749,0,0,0,0,0,0,0 HASH=ba4d7369ae61f210
STEP=0 CP=LAYER_0_ATTN_PROBS COUNT=1 MIN=1 MAX=1 MEAN=1 L2=1 FIRST8=1,0,0,0,0,0,0,0 HASH=2fa183a08531045a
STEP=0 CP=LAYER_0_ATTN_SCORES COUNT=1 MIN=366.182098 MAX=366.182098 MEAN=366.182098 L2=366.182098 FIRST8=366.182098,0,0,0,0,0,0,0 HASH=534ae70166de45db
STEP=0 CP=LAYER_0_ATTN_PROBS COUNT=1 MIN=1 MAX=1 MEAN=1 L2=1 FIRST8=1,0,0,0,0,0,0,0 HASH=2fa183a08531045a
STEP=0 CP=LAYER_0_ATTN_SCORES COUNT=1 MIN=3.75265288 MAX=3.75265288 MEAN=3.75265288 L2=3.75265288 FIRST8=3.75265288,0,0,0,0,0,0,0 HASH=b75d4f4f178e7a8d
STEP=0 CP=LAYER_0_ATTN_PROBS COUNT=1 MIN=1 MAX=1 MEAN=1 L2=1 FIRST8=1,0,0,0,0,0,0,0 HASH=2fa183a08531045a
STEP=0 CP=LAYER_0_ATTN_VALUE COUNT=1536 MIN=-0.745873213 MAX=2.08078194 MEAN=0.00186612581 L2=11.949189 FIRST8=-0.180931866,0.396732152,-0.319838911,0.296107173,0.0295375809,0.24581787,-0.582302332,-0.139744788 HASH=60fdd3881ffa167b
STEP=0 CP=LAYER_0_O_PROJ COUNT=1536 MIN=-2.05190444 MAX=2.02046585 MEAN=0.00154644206 L2=8.71352493 FIRST8=-0.355079442,-0.132019579,0.144142404,-0.124750368,-0.0429515839,0.0927068442,-0.0590052158,-0.0503827706 HASH=b814cf8b00ba38f8
STEP=0 CP=ATTN_RESIDUAL COUNT=1536 MIN=-2.05009365 MAX=2.02472973 MEAN=0.00193967566 L2=8.7786569 FIRST8=-0.316089064,-0.143716693,0.120748177,-0.13514781,-0.0195573568,0.101804599,-0.0551061779,-0.0581808463 HASH=82b98c4f685a0074
STEP=0 CP=LAYER_0_ATTN_RESIDUAL COUNT=1536 MIN=-2.05009365 MAX=2.02472973 MEAN=0.00193967566 L2=8.7786569 FIRST8=-0.316089064,-0.143716693,0.120748177,-0.13514781,-0.0195573568,0.101804599,-0.0551061779,-0.0581808463 HASH=82b98c4f685a0074
STEP=0 CP=FFN_NORM COUNT=1536 MIN=-3.7707119 MAX=2.78405762 MEAN=-0.00221316712 L2=15.3891086 FIRST8=-0.52091223,-0.403511882,0.243212476,-0.374739408,-1.0991258e-05,0.190853059,-0.160487056,-0.172485352 HASH=7ae2b59077f6888a
STEP=0 CP=LAYER_0_FFN_NORM COUNT=1536 MIN=-3.7707119 MAX=2.78405762 MEAN=-0.00221316712 L2=15.3891086 FIRST8=-0.52091223,-0.403511882,0.243212476,-0.374739408,-1.0991258e-05,0.190853059,-0.160487056,-0.172485352 HASH=7ae2b59077f6888a
STEP=0 CP=FFN_GATE COUNT=8960 MIN=-3.60110807 MAX=3.35459661 MEAN=-0.229576173 L2=49.7097878 FIRST8=-0.717323065,-0.143882602,-0.383538902,0.135202199,-0.529093862,-0.277071387,-0.143336952,0.148046553 HASH=7b4b0922a87d1fcd
STEP=0 CP=FFN_UP COUNT=8960 MIN=-2.46293902 MAX=2.39787793 MEAN=-0.00437226895 L2=31.3092412 FIRST8=-0.0343046188,-0.584342897,-0.0215904415,0.0212737322,0.147252887,-0.340024889,0.12375325,0.0127429068 HASH=e4dff078ed801692
STEP=0 CP=LAYER_0_FFN_GATE COUNT=8960 MIN=-3.60110807 MAX=3.35459661 MEAN=-0.229576173 L2=49.7097878 FIRST8=-0.717323065,-0.143882602,-0.383538902,0.135202199,-0.529093862,-0.277071387,-0.143336952,0.148046553 HASH=7b4b0922a87d1fcd
STEP=0 CP=LAYER_0_FFN_UP COUNT=8960 MIN=-2.46293902 MAX=2.39787793 MEAN=-0.00437226895 L2=31.3092412 FIRST8=-0.0343046188,-0.584342897,-0.0215904415,0.0212737322,0.147252887,-0.340024889,0.12375325,0.0127429068 HASH=e4dff078ed801692
STEP=0 CP=SWIGLU COUNT=8960 MIN=-4.1170373 MAX=6.31772232 MEAN=0.000137989269 L2=11.5432997 FIRST8=0.00807083398,0.0390193015,0.00335597945,0.00153519888,-0.0288836621,0.0406212062,-0.00823465083,0.00101296848 HASH=d138728e56cce469
STEP=0 CP=LAYER_0_SWIGLU COUNT=8960 MIN=-4.1170373 MAX=6.31772232 MEAN=0.000137989269 L2=11.5432997 FIRST8=0.00807083398,0.0390193015,0.00335597945,0.00153519888,-0.0288836621,0.0406212062,-0.00823465083,0.00101296848 HASH=d138728e56cce469
STEP=0 CP=FFN_DOWN COUNT=1536 MIN=-1.54410279 MAX=1.29228914 MEAN=0.00480925741 L2=11.4072301 FIRST8=-0.433531493,-0.2802504,0.0554074198,0.00886356086,-0.430686116,0.0249098614,0.12576358,0.230990782 HASH=20ac018727b29349
STEP=0 CP=LAYER_0_FFN_DOWN COUNT=1536 MIN=-1.54410279 MAX=1.29228914 MEAN=0.00480925741 L2=11.4072301 FIRST8=-0.433531493,-0.2802504,0.0554074198,0.00886356086,-0.430686116,0.0249098614,0.12576358,0.230990782 HASH=20ac018727b29349
STEP=0 CP=LAYER_RESIDUAL COUNT=1536 MIN=-3.59419632 MAX=3.31701899 MEAN=0.00674893312 L2=15.2496165 FIRST8=-0.749620557,-0.423967093,0.176155597,-0.126284242,-0.450243473,0.126714468,0.0706574023,0.172809929 HASH=c1881f24f3211af1
STEP=0 CP=LAYER_0_LAYER_RESIDUAL COUNT=1536 MIN=-3.59419632 MAX=3.31701899 MEAN=0.00674893312 L2=15.2496165 FIRST8=-0.749620557,-0.423967093,0.176155597,-0.126284242,-0.450243473,0.126714468,0.0706574023,0.172809929 HASH=c1881f24f3211af1
STEP=0 CP=LAYER_1_ATTN_NORM COUNT=1536 MIN=-4.5871315 MAX=2.37202382 MEAN=0.00563850611 L2=16.487409 FIRST8=-0.477870822,-0.578850448,0.206908152,-0.126144275,-1.59105575,0.111944862,0.0741257742,-0.206448123 HASH=518b6182f44b79ff
STEP=0 CP=LAYER_1_Q COUNT=1536 MIN=-10.805562 MAX=9.4099617 MEAN=0.0399470495 L2=49.4477804 FIRST8=0.13435784,0.751023889,-3.23921943,-1.25090373,-0.357936263,0.421733439,-2.21747875,-1.47143304 HASH=d9089f1edf42a446
STEP=0 CP=LAYER_1_K COUNT=256 MIN=-61.7069778 MAX=111.921051 MEAN=0.669638611 L2=172.68635 FIRST8=-4.09439659,-1.57292783,2.00466537,1.9905858,1.47454035,-2.18808889,0.980610013,1.80047667 HASH=2e6db2d79c9bd178
STEP=0 CP=LAYER_1_V COUNT=256 MIN=-1.72244537 MAX=1.27797103 MEAN=0.0274037506 L2=5.38963063 FIRST8=-0.88868928,0.0792471692,-0.0332291275,-0.0637105256,-0.138941541,0.337824672,-0.0472272709,-0.192479938 HASH=d91efea334c8c990
STEP=0 CP=LAYER_1_Q_ROPE COUNT=1536 MIN=-10.805562 MAX=9.4099617 MEAN=0.0399470495 L2=49.4477804 FIRST8=0.13435784,0.751023889,-3.23921943,-1.25090373,-0.357936263,0.421733439,-2.21747875,-1.47143304 HASH=d9089f1edf42a446
STEP=0 CP=LAYER_1_K_ROPE COUNT=256 MIN=-61.7069778 MAX=111.921051 MEAN=0.669638611 L2=172.68635 FIRST8=-4.09439659,-1.57292783,2.00466537,1.9905858,1.47454035,-2.18808889,0.980610013,1.80047667 HASH=2e6db2d79c9bd178
STEP=0 CP=KV_WRITE LAYER=1 COUNT=256 K_MIN=-61.7069778 K_MAX=111.921051 K_MEAN=0.669638611 K_L2=172.68635 K_HASH=2e6db2d79c9bd178 V_MIN=-1.72244537 V_MAX=1.27797103 V_MEAN=0.0274037506 V_L2=5.38963063 V_HASH=d91efea334c8c990
STEP=0 CP=LAYER_1_ATTN_SCORES COUNT=1 MIN=42.7420731 MAX=42.7420731 MEAN=42.7420731 L2=42.7420731 FIRST8=42.7420731,0,0,0,0,0,0,0 HASH=05ad7281b87ac050
STEP=0 CP=LAYER_1_ATTN_PROBS COUNT=1 MIN=1 MAX=1 MEAN=1 L2=1 FIRST8=1,0,0,0,0,0,0,0 HASH=2fa183a08531045a
STEP=0 CP=LAYER_1_ATTN_SCORES COUNT=1 MIN=50.0328217 MAX=50.0328217 MEAN=50.0328217 L2=50.0328217 FIRST8=50.0328217,0,0,0,0,0,0,0 HASH=94d1aa5e371a9a32
STEP=0 CP=LAYER_1_ATTN_PROBS COUNT=1 MIN=1 MAX=1 MEAN=1 L2=1 FIRST8=1,0,0,0,0,0,0,0 HASH=2fa183a08531045a
STEP=0 CP=LAYER_1_ATTN_SCORES COUNT=1 MIN=144.466293 MAX=144.466293 MEAN=144.466293 L2=144.466293 FIRST8=144.466293,0,0,0,0,0,0,0 HASH=26d2e7858eba5c78
STEP=0 CP=LAYER_1_ATTN_PROBS COUNT=1 MIN=1 MAX=1 MEAN=1 L2=1 FIRST8=1,0,0,0,0,0,0,0 HASH=2fa183a08531045a
STEP=0 CP=LAYER_1_ATTN_SCORES COUNT=1 MIN=105.506401 MAX=105.506401 MEAN=105.506401 L2=105.506401 FIRST8=105.506401,0,0,0,0,0,0,0 HASH=ea9d29be798cf238
STEP=0 CP=LAYER_1_ATTN_PROBS COUNT=1 MIN=1 MAX=1 MEAN=1 L2=1 FIRST8=1,0,0,0,0,0,0,0 HASH=2fa183a08531045a
STEP=0 CP=LAYER_1_ATTN_SCORES COUNT=1 MIN=98.9238739 MAX=98.9238739 MEAN=98.9238739 L2=98.9238739 FIRST8=98.9238739,0,0,0,0,0,0,0 HASH=18d79bad09bc0795
STEP=0 CP=LAYER_1_ATTN_PROBS COUNT=1 MIN=1 MAX=1 MEAN=1 L2=1 FIRST8=1,0,0,0,0,0,0,0 HASH=2fa183a08531045a
STEP=0 CP=LAYER_1_ATTN_SCORES COUNT=1 MIN=145.478622 MAX=145.478622 MEAN=145.478622 L2=145.478622 FIRST8=145.478622,0,0,0,0,0,0,0 HASH=15a2637d563b46be
STEP=0 CP=LAYER_1_ATTN_PROBS COUNT=1 MIN=1 MAX=1 MEAN=1 L2=1 FIRST8=1,0,0,0,0,0,0,0 HASH=2fa183a08531045a
STEP=0 CP=LAYER_1_ATTN_SCORES COUNT=1 MIN=4.53212595 MAX=4.53212595 MEAN=4.53212595 L2=4.53212595 FIRST8=4.53212595,0,0,0,0,0,0,0 HASH=287e97070ebdc296
STEP=0 CP=LAYER_1_ATTN_PROBS COUNT=1 MIN=1 MAX=1 MEAN=1 L2=1 FIRST8=1,0,0,0,0,0,0,0 HASH=2fa183a08531045a
STEP=0 CP=LAYER_1_ATTN_SCORES COUNT=1 MIN=6.02444267 MAX=6.02444267 MEAN=6.02444267 L2=6.02444267 FIRST8=6.02444267,0,0,0,0,0,0,0 HASH=42f640935c24b517
STEP=0 CP=LAYER_1_ATTN_PROBS COUNT=1 MIN=1 MAX=1 MEAN=1 L2=1 FIRST8=1,0,0,0,0,0,0,0 HASH=2fa183a08531045a
STEP=0 CP=LAYER_1_ATTN_SCORES COUNT=1 MIN=-2.21395588 MAX=-2.21395588 MEAN=-2.21395588 L2=2.21395588 FIRST8=-2.21395588,0,0,0,0,0,0,0 HASH=b1960d64327385a9
STEP=0 CP=LAYER_1_ATTN_PROBS COUNT=1 MIN=1 MAX=1 MEAN=1 L2=1 FIRST8=1,0,0,0,0,0,0,0 HASH=2fa183a08531045a
STEP=0 CP=LAYER_1_ATTN_SCORES COUNT=1 MIN=11.6552811 MAX=11.6552811 MEAN=11.6552811 L2=11.6552811 FIRST8=11.6552811,0,0,0,0,0,0,0 HASH=23fe1de3c1efe102
STEP=0 CP=LAYER_1_ATTN_PROBS COUNT=1 MIN=1 MAX=1 MEAN=1 L2=1 FIRST8=1,0,0,0,0,0,0,0 HASH=2fa183a08531045a
STEP=0 CP=LAYER_1_ATTN_SCORES COUNT=1 MIN=12.7099657 MAX=12.7099657 MEAN=12.7099657 L2=12.7099657 FIRST8=12.7099657,0,0,0,0,0,0,0 HASH=180547baaed0bb56
STEP=0 CP=LAYER_1_ATTN_PROBS COUNT=1 MIN=1 MAX=1 MEAN=1 L2=1 FIRST8=1,0,0,0,0,0,0,0 HASH=2fa183a08531045a
STEP=0 CP=LAYER_1_ATTN_SCORES COUNT=1 MIN=9.01230335 MAX=9.01230335 MEAN=9.01230335 L2=9.01230335 FIRST8=9.01230335,0,0,0,0,0,0,0 HASH=88c028da2248aba3
STEP=0 CP=LAYER_1_ATTN_PROBS COUNT=1 MIN=1 MAX=1 MEAN=1 L2=1 FIRST8=1,0,0,0,0,0,0,0 HASH=2fa183a08531045a
STEP=0 CP=LAYER_1_ATTN_VALUE COUNT=1536 MIN=-1.72244537 MAX=1.27797103 MEAN=0.0274037506 L2=13.2018449 FIRST8=-0.88868928,0.0792471692,-0.0332291275,-0.0637105256,-0.138941541,0.337824672,-0.0472272709,-0.192479938 HASH=5ec86ae05d6667b7
STEP=0 CP=LAYER_1_O_PROJ COUNT=1536 MIN=-1.31890249 MAX=2.13767958 MEAN=0.00744776038 L2=9.64857594 FIRST8=-0.282984197,-0.0456787646,-0.0398412049,0.0495834947,0.677279949,-0.113452107,0.229897261,-0.201153904 HASH=188d928d2f1632ab
STEP=0 CP=LAYER_1_ATTN_RESIDUAL COUNT=1536 MIN=-4.00901031 MAX=4.05550432 MEAN=0.0141966936 L2=17.6627122 FIRST8=-1.03260469,-0.469645858,0.136314392,-0.076700747,0.227036476,0.0132623613,0.300554663,-0.0283439755 HASH=f161cebe0d52ebc8
STEP=0 CP=LAYER_1_FFN_NORM COUNT=1536 MIN=-26.5575962 MAX=44.3349953 MEAN=0.072365079 L2=82.2207178 FIRST8=-2.27334332,-1.82366765,0.48205775,-0.28453818,1.05476964,0.0464407727,1.14102399,-0.110061631 HASH=3110249750d1f905
STEP=0 CP=LAYER_1_FFN_GATE COUNT=8960 MIN=-9.21385384 MAX=10.1234665 MEAN=-3.70506567 L2=399.179035 FIRST8=-4.848598,-3.57118964,-4.64208031,-2.7743156,-3.49496961,-2.97722912,-3.25136495,-5.78830242 HASH=35d74cac55dead35
STEP=0 CP=LAYER_1_FFN_UP COUNT=8960 MIN=-91.4321365 MAX=42.4895363 MEAN=0.0273491912 L2=173.806407 FIRST8=-0.640655041,-1.38758934,-0.382071346,2.72665668,-0.642863452,-0.858689964,-1.48108876,-1.9892813 HASH=dee9012709fb70bf
STEP=0 CP=LAYER_1_SWIGLU COUNT=8960 MIN=-719.923462 MAX=325.38681 MEAN=-0.0141162884 L2=938.189256 FIRST8=0.024161825,0.13554424,0.0169301853,-0.44425416,0.0661807209,0.123902231,0.179513827,0.0351634361 HASH=722d9f506dfebdee
STEP=0 CP=LAYER_1_FFN_DOWN COUNT=1536 MIN=-1055.00305 MAX=634.938843 MEAN=0.0859273367 L2=1561.34368 FIRST8=-3.43820405,5.70830631,5.50876999,-8.88102531,-1.98365533,2.52065325,1.1403712,-2.96641064 HASH=3b037cac1237d6b1
STEP=0 CP=LAYER_1_LAYER_RESIDUAL COUNT=1536 MIN=-1056.8269 MAX=636.722595 MEAN=0.100124017 L2=1564.72377 FIRST8=-4.47080898,5.23866034,5.64508438,-8.95772648,-1.75661886,2.53391552,1.44092584,-2.99475455 HASH=70531c9abfe7018e
STEP=0 CP=LAYER_2_ATTN_NORM COUNT=1536 MIN=-17.9916534 MAX=3.5070684 MEAN=-0.00719294486 L2=19.9033619 FIRST8=-0.0551156104,0.113274068,0.10825412,-0.159509718,-0.0474356189,0.0357003585,0.0297469217,-0.055671487 HASH=9fa516eb02c757a3
STEP=0 CP=LAYER_2_Q COUNT=1536 MIN=-14.3526459 MAX=9.19157314 MEAN=-0.067507667 L2=50.5565954 FIRST8=-1.15747559,0.856831193,-1.02191067,0.855989456,1.08825266,1.28643548,-0.451577306,-0.432257652 HASH=069501d82ba351c0
STEP=0 CP=LAYER_2_K COUNT=256 MIN=-4.65542269 MAX=9.73518467 MEAN=0.0936409757 L2=19.3701852 FIRST8=0.0143353343,-0.0108126104,-0.0322456062,-0.00906091928,0.00619696826,-0.0252139568,0.0524144173,0.0210396349 HASH=f56801407dfff785
STEP=0 CP=LAYER_2_V COUNT=256 MIN=-0.24808237 MAX=1.05544138 MEAN=0.00809096906 L2=1.39284314 FIRST8=-0.24808237,-0.0218582898,0.044120416,0.0740048811,0.0332178026,0.0662994385,0.0144458488,0.0427334793 HASH=beae4af303b267ff
STEP=0 CP=LAYER_2_Q_ROPE COUNT=1536 MIN=-14.3526459 MAX=9.19157314 MEAN=-0.067507667 L2=50.5565954 FIRST8=-1.15747559,0.856831193,-1.02191067,0.855989456,1.08825266,1.28643548,-0.451577306,-0.432257652 HASH=069501d82ba351c0
STEP=0 CP=LAYER_2_K_ROPE COUNT=256 MIN=-4.65542269 MAX=9.73518467 MEAN=0.0936409757 L2=19.3701852 FIRST8=0.0143353343,-0.0108126104,-0.0322456062,-0.00906091928,0.00619696826,-0.0252139568,0.0524144173,0.0210396349 HASH=f56801407dfff785
STEP=0 CP=KV_WRITE LAYER=2 COUNT=256 K_MIN=-4.65542269 K_MAX=9.73518467 K_MEAN=0.0936409757 K_L2=19.3701852 K_HASH=f56801407dfff785 V_MIN=-0.24808237 V_MAX=1.05544138 V_MEAN=0.00809096906 V_L2=1.39284314 V_HASH=beae4af303b267ff
STEP=0 CP=LAYER_2_ATTN_SCORES COUNT=1 MIN=0.38473776 MAX=0.38473776 MEAN=0.38473776 L2=0.38473776 FIRST8=0.38473776,0,0,0,0,0,0,0 HASH=c9d9037685a40738
STEP=0 CP=LAYER_2_ATTN_PROBS COUNT=1 MIN=1 MAX=1 MEAN=1 L2=1 FIRST8=1,0,0,0,0,0,0,0 HASH=2fa183a08531045a
STEP=0 CP=LAYER_2_ATTN_SCORES COUNT=1 MIN=0.444442898 MAX=0.444442898 MEAN=0.444442898 L2=0.444442898 FIRST8=0.444442898,0,0,0,0,0,0,0 HASH=1036a0b743d60f11
STEP=0 CP=LAYER_2_ATTN_PROBS COUNT=1 MIN=1 MAX=1 MEAN=1 L2=1 FIRST8=1,0,0,0,0,0,0,0 HASH=2fa183a08531045a
STEP=0 CP=LAYER_2_ATTN_SCORES COUNT=1 MIN=0.391511291 MAX=0.391511291 MEAN=0.391511291 L2=0.391511291 FIRST8=0.391511291,0,0,0,0,0,0,0 HASH=aa0425d2eb57414e
STEP=0 CP=LAYER_2_ATTN_PROBS COUNT=1 MIN=1 MAX=1 MEAN=1 L2=1 FIRST8=1,0,0,0,0,0,0,0 HASH=2fa183a08531045a
STEP=0 CP=LAYER_2_ATTN_SCORES COUNT=1 MIN=0.22560434 MAX=0.22560434 MEAN=0.22560434 L2=0.22560434 FIRST8=0.22560434,0,0,0,0,0,0,0 HASH=764d04f76ea0508d
STEP=0 CP=LAYER_2_ATTN_PROBS COUNT=1 MIN=1 MAX=1 MEAN=1 L2=1 FIRST8=1,0,0,0,0,0,0,0 HASH=2fa183a08531045a
STEP=0 CP=LAYER_2_ATTN_SCORES COUNT=1 MIN=0.334416419 MAX=0.334416419 MEAN=0.334416419 L2=0.334416419 FIRST8=0.334416419,0,0,0,0,0,0,0 HASH=77076378edd6aa67
STEP=0 CP=LAYER_2_ATTN_PROBS COUNT=1 MIN=1 MAX=1 MEAN=1 L2=1 FIRST8=1,0,0,0,0,0,0,0 HASH=2fa183a08531045a
STEP=0 CP=LAYER_2_ATTN_SCORES COUNT=1 MIN=0.420865834 MAX=0.420865834 MEAN=0.420865834 L2=0.420865834 FIRST8=0.420865834,0,0,0,0,0,0,0 HASH=f190b33677b9c071
STEP=0 CP=LAYER_2_ATTN_PROBS COUNT=1 MIN=1 MAX=1 MEAN=1 L2=1 FIRST8=1,0,0,0,0,0,0,0 HASH=2fa183a08531045a
STEP=0 CP=LAYER_2_ATTN_SCORES COUNT=1 MIN=4.54674196 MAX=4.54674196 MEAN=4.54674196 L2=4.54674196 FIRST8=4.54674196,0,0,0,0,0,0,0 HASH=cf77b5d160d4ac99
STEP=0 CP=LAYER_2_ATTN_PROBS COUNT=1 MIN=1 MAX=1 MEAN=1 L2=1 FIRST8=1,0,0,0,0,0,0,0 HASH=2fa183a08531045a
STEP=0 CP=LAYER_2_ATTN_SCORES COUNT=1 MIN=7.83203745 MAX=7.83203745 MEAN=7.83203745 L2=7.83203745 FIRST8=7.83203745,0,0,0,0,0,0,0 HASH=7a412eff4b489244
STEP=0 CP=LAYER_2_ATTN_PROBS COUNT=1 MIN=1 MAX=1 MEAN=1 L2=1 FIRST8=1,0,0,0,0,0,0,0 HASH=2fa183a08531045a
STEP=0 CP=LAYER_2_ATTN_SCORES COUNT=1 MIN=9.03161907 MAX=9.03161907 MEAN=9.03161907 L2=9.03161907 FIRST8=9.03161907,0,0,0,0,0,0,0 HASH=b13e985ee1db6628
STEP=0 CP=LAYER_2_ATTN_PROBS COUNT=1 MIN=1 MAX=1 MEAN=1 L2=1 FIRST8=1,0,0,0,0,0,0,0 HASH=2fa183a08531045a
STEP=0 CP=LAYER_2_ATTN_SCORES COUNT=1 MIN=6.5906477 MAX=6.5906477 MEAN=6.5906477 L2=6.5906477 FIRST8=6.5906477,0,0,0,0,0,0,0 HASH=02d3ad09896eea81
STEP=0 CP=LAYER_2_ATTN_PROBS COUNT=1 MIN=1 MAX=1 MEAN=1 L2=1 FIRST8=1,0,0,0,0,0,0,0 HASH=2fa183a08531045a
STEP=0 CP=LAYER_2_ATTN_SCORES COUNT=1 MIN=7.18403292 MAX=7.18403292 MEAN=7.18403292 L2=7.18403292 FIRST8=7.18403292,0,0,0,0,0,0,0 HASH=f5fc1e3837b558c2
STEP=0 CP=LAYER_2_ATTN_PROBS COUNT=1 MIN=1 MAX=1 MEAN=1 L2=1 FIRST8=1,0,0,0,0,0,0,0 HASH=2fa183a08531045a
STEP=0 CP=LAYER_2_ATTN_SCORES COUNT=1 MIN=8.31875992 MAX=8.31875992 MEAN=8.31875992 L2=8.31875992 FIRST8=8.31875992,0,0,0,0,0,0,0 HASH=7a6e8da1fc221006
STEP=0 CP=LAYER_2_ATTN_PROBS COUNT=1 MIN=1 MAX=1 MEAN=1 L2=1 FIRST8=1,0,0,0,0,0,0,0 HASH=2fa183a08531045a
STEP=0 CP=LAYER_2_ATTN_VALUE COUNT=1536 MIN=-0.24808237 MAX=1.05544138 MEAN=0.00809096906 L2=3.411755 FIRST8=-0.24808237,-0.0218582898,0.044120416,0.0740048811,0.0332178026,0.0662994385,0.0144458488,0.0427334793 HASH=ede500c3f493c527
STEP=0 CP=LAYER_2_O_PROJ COUNT=1536 MIN=-0.689226091 MAX=0.596094429 MEAN=-0.000488381125 L2=2.32157605 FIRST8=-0.0611041561,0.0293263495,-0.0354498625,0.0648489967,0.0357032306,-0.0848852694,-0.00228992105,0.0696468875 HASH=a694e6a3563c9391
STEP=0 CP=LAYER_2_ATTN_RESIDUAL COUNT=1536 MIN=-1056.73193 MAX=636.562439 MEAN=0.0996356794 L2=1564.35827 FIRST8=-4.53191328,5.26798677,5.6096344,-8.89287758,-1.72091568,2.44903016,1.43863595,-2.92510772 HASH=8c33f2e1f78a4163
STEP=0 CP=LAYER_2_FFN_NORM COUNT=1536 MIN=-136.508026 MAX=60.0533791 MEAN=-0.0610725205 L2=155.924235 FIRST8=-0.128617182,0.192812726,0.188848004,-0.316783935,-0.065007925,0.0829257965,0.051810544,-0.104771309 HASH=af4383b8826bd720
STEP=0 CP=LAYER_2_FFN_GATE COUNT=8960 MIN=-7.65712929 MAX=46.0850754 MEAN=-3.380775 L2=352.958329 FIRST8=-4.00461054,-4.21152687,-1.32704353,-1.10334218,-1.69437444,-4.0344429,-2.96855664,-3.28809094 HASH=68d36450d674cf5f
STEP=0 CP=LAYER_2_FFN_UP COUNT=8960 MIN=-34.1968727 MAX=67.5080185 MEAN=-0.0137729772 L2=120.087349 FIRST8=0.895201743,-0.373955637,-1.18029892,-0.304355174,-0.215898931,0.329785496,0.115343362,-0.221835732 HASH=e9b9effad63fe19e
STEP=0 CP=LAYER_2_SWIGLU COUNT=8960 MIN=-1416.87561 MAX=3111.11206 MEAN=0.138059051 L2=3536.82849 FIRST8=-0.0641880929,0.023005208,0.328374624,0.0836545154,0.0567747988,-0.0231345445,-0.0167321414,0.0262458548 HASH=190783e87824e4f4
STEP=0 CP=LAYER_2_FFN_DOWN COUNT=1536 MIN=-2652.6521 MAX=1598.74768 MEAN=-0.401217971 L2=3972.3663 FIRST8=-10.7576399,3.84159803,4.83601046,-20.2947502,4.64058971,-3.51464462,1.42419422,-3.13580036 HASH=ca8fadb97f74a79a
STEP=0 CP=LAYER_2_LAYER_RESIDUAL COUNT=1536 MIN=-3709.38403 MAX=2235.31006 MEAN=-0.301582406 L2=5529.34147 FIRST8=-15.2895527,9.10958481,10.4456444,-29.1876278,2.91967392,-1.06561446,2.86283016,-6.06090832 HASH=6b7d8c11de29e22e
STEP=0 CP=LAYER_3_ATTN_NORM COUNT=1536 MIN=-13.3514175 MAX=4.05919313 MEAN=-0.017357228 L2=17.6930681 FIRST8=-0.0601125807,0.0512008108,0.0532151498,-0.1389983,0.0183502696,-0.00439611031,0.014743166,-0.0347368382 HASH=e1a345db74257090
STEP=0 CP=LAYER_3_Q COUNT=1536 MIN=-5.83950043 MAX=16.3085117 MEAN=0.114795931 L2=58.541114 FIRST8=0.515323102,-0.647305608,-0.97381109,1.72674,0.503223658,1.33168614,0.426893294,0.784787118 HASH=32b485bf6d4bb9e2
STEP=0 CP=LAYER_3_K COUNT=256 MIN=-2.3505435 MAX=1.382658 MEAN=-0.0225999388 L2=4.90902143 FIRST8=-0.0221731663,0.0195301771,0.0332597494,0.0830741525,-0.00765907764,0.0396505594,-0.0231848359,-0.0164141655 HASH=ea369e497ab387b0
STEP=0 CP=LAYER_3_V COUNT=256 MIN=-0.258285999 MAX=0.960887551 MEAN=0.00991013314 L2=1.65161718 FIRST8=0.0127336457,0.00594472513,-0.0540316291,-0.0132373534,0.0840396285,-0.00809859112,0.0403305292,-0.0110973306 HASH=35cc5cb46264ca1a
STEP=0 CP=LAYER_3_Q_ROPE COUNT=1536 MIN=-5.83950043 MAX=16.3085117 MEAN=0.114795931 L2=58.541114 FIRST8=0.515323102,-0.647305608,-0.97381109,1.72674,0.503223658,1.33168614,0.426893294,0.784787118 HASH=32b485bf6d4bb9e2
STEP=0 CP=LAYER_3_K_ROPE COUNT=256 MIN=-2.3505435 MAX=1.382658 MEAN=-0.0225999388 L2=4.90902143 FIRST8=-0.0221731663,0.0195301771,0.0332597494,0.0830741525,-0.00765907764,0.0396505594,-0.0231848359,-0.0164141655 HASH=ea369e497ab387b0
STEP=0 CP=KV_WRITE LAYER=3 COUNT=256 K_MIN=-2.3505435 K_MAX=1.382658 K_MEAN=-0.0225999388 K_L2=4.90902143 K_HASH=ea369e497ab387b0 V_MIN=-0.258285999 V_MAX=0.960887551 V_MEAN=0.00991013314 V_L2=1.65161718 V_HASH=35cc5cb46264ca1a
STEP=0 CP=LAYER_3_ATTN_SCORES COUNT=1 MIN=1.0036974 MAX=1.0036974 MEAN=1.0036974 L2=1.0036974 FIRST8=1.0036974,0,0,0,0,0,0,0 HASH=23cae3efab50ab95
STEP=0 CP=LAYER_3_ATTN_PROBS COUNT=1 MIN=1 MAX=1 MEAN=1 L2=1 FIRST8=1,0,0,0,0,0,0,0 HASH=2fa183a08531045a
STEP=0 CP=LAYER_3_ATTN_SCORES COUNT=1 MIN=0.721594989 MAX=0.721594989 MEAN=0.721594989 L2=0.721594989 FIRST8=0.721594989,0,0,0,0,0,0,0 HASH=dba3cf2b472b49f7
STEP=0 CP=LAYER_3_ATTN_PROBS COUNT=1 MIN=1 MAX=1 MEAN=1 L2=1 FIRST8=1,0,0,0,0,0,0,0 HASH=2fa183a08531045a
STEP=0 CP=LAYER_3_ATTN_SCORES COUNT=1 MIN=1.208722 MAX=1.208722 MEAN=1.208722 L2=1.208722 FIRST8=1.208722,0,0,0,0,0,0,0 HASH=92d763cb53531e9a
STEP=0 CP=LAYER_3_ATTN_PROBS COUNT=1 MIN=1 MAX=1 MEAN=1 L2=1 FIRST8=1,0,0,0,0,0,0,0 HASH=2fa183a08531045a
STEP=0 CP=LAYER_3_ATTN_SCORES COUNT=1 MIN=0.813246608 MAX=0.813246608 MEAN=0.813246608 L2=0.813246608 FIRST8=0.813246608,0,0,0,0,0,0,0 HASH=d15f6ee831f9dd10
STEP=0 CP=LAYER_3_ATTN_PROBS COUNT=1 MIN=1 MAX=1 MEAN=1 L2=1 FIRST8=1,0,0,0,0,0,0,0 HASH=2fa183a08531045a
STEP=0 CP=LAYER_3_ATTN_SCORES COUNT=1 MIN=1.15437853 MAX=1.15437853 MEAN=1.15437853 L2=1.15437853 FIRST8=1.15437853,0,0,0,0,0,0,0 HASH=826960df8c45d4aa
STEP=0 CP=LAYER_3_ATTN_PROBS COUNT=1 MIN=1 MAX=1 MEAN=1 L2=1 FIRST8=1,0,0,0,0,0,0,0 HASH=2fa183a08531045a
STEP=0 CP=LAYER_3_ATTN_SCORES COUNT=1 MIN=1.73672998 MAX=1.73672998 MEAN=1.73672998 L2=1.73672998 FIRST8=1.73672998,0,0,0,0,0,0,0 HASH=0ec737d3b5dee494
STEP=0 CP=LAYER_3_ATTN_PROBS COUNT=1 MIN=1 MAX=1 MEAN=1 L2=1 FIRST8=1,0,0,0,0,0,0,0 HASH=2fa183a08531045a
STEP=0 CP=LAYER_3_ATTN_SCORES COUNT=1 MIN=1.95591903 MAX=1.95591903 MEAN=1.95591903 L2=1.95591903 FIRST8=1.95591903,0,0,0,0,0,0,0 HASH=415758c9cffdb17f
STEP=0 CP=LAYER_3_ATTN_PROBS COUNT=1 MIN=1 MAX=1 MEAN=1 L2=1 FIRST8=1,0,0,0,0,0,0,0 HASH=2fa183a08531045a
STEP=0 CP=LAYER_3_ATTN_SCORES COUNT=1 MIN=1.24420035 MAX=1.24420035 MEAN=1.24420035 L2=1.24420035 FIRST8=1.24420035,0,0,0,0,0,0,0 HASH=46140e356609c0d7
STEP=0 CP=LAYER_3_ATTN_PROBS COUNT=1 MIN=1 MAX=1 MEAN=1 L2=1 FIRST8=1,0,0,0,0,0,0,0 HASH=2fa183a08531045a
STEP=0 CP=LAYER_3_ATTN_SCORES COUNT=1 MIN=1.80974877 MAX=1.80974877 MEAN=1.80974877 L2=1.80974877 FIRST8=1.80974877,0,0,0,0,0,0,0 HASH=0ec3214798baa387
STEP=0 CP=LAYER_3_ATTN_PROBS COUNT=1 MIN=1 MAX=1 MEAN=1 L2=1 FIRST8=1,0,0,0,0,0,0,0 HASH=2fa183a08531045a
STEP=0 CP=LAYER_3_ATTN_SCORES COUNT=1 MIN=1.9393034 MAX=1.9393034 MEAN=1.9393034 L2=1.9393034 FIRST8=1.9393034,0,0,0,0,0,0,0 HASH=f153f56876e43507
STEP=0 CP=LAYER_3_ATTN_PROBS COUNT=1 MIN=1 MAX=1 MEAN=1 L2=1 FIRST8=1,0,0,0,0,0,0,0 HASH=2fa183a08531045a
STEP=0 CP=LAYER_3_ATTN_SCORES COUNT=1 MIN=1.64230573 MAX=1.64230573 MEAN=1.64230573 L2=1.64230573 FIRST8=1.64230573,0,0,0,0,0,0,0 HASH=ef00d10c1f21753e
STEP=0 CP=LAYER_3_ATTN_PROBS COUNT=1 MIN=1 MAX=1 MEAN=1 L2=1 FIRST8=1,0,0,0,0,0,0,0 HASH=2fa183a08531045a
STEP=0 CP=LAYER_3_ATTN_SCORES COUNT=1 MIN=1.08608699 MAX=1.08608699 MEAN=1.08608699 L2=1.08608699 FIRST8=1.08608699,0,0,0,0,0,0,0 HASH=511fcaa65a41b393
STEP=0 CP=LAYER_3_ATTN_PROBS COUNT=1 MIN=1 MAX=1 MEAN=1 L2=1 FIRST8=1,0,0,0,0,0,0,0 HASH=2fa183a08531045a
STEP=0 CP=LAYER_3_ATTN_VALUE COUNT=1536 MIN=-0.258285999 MAX=0.960887551 MEAN=0.00991013314 L2=4.04561933 FIRST8=0.0127336457,0.00594472513,-0.0540316291,-0.0132373534,0.0840396285,-0.00809859112,0.0403305292,-0.0110973306 HASH=bf6d1a65fca8ee57
STEP=0 CP=LAYER_3_O_PROJ COUNT=1536 MIN=-0.673452854 MAX=0.523773789 MEAN=-0.00578326739 L2=3.64583429 FIRST8=-0.0379683226,0.116221778,0.121519022,-0.0573947988,0.0130951405,0.0325320326,0.0328899063,0.0563546792 HASH=482dd0dc147abfcf
STEP=0 CP=LAYER_3_ATTN_RESIDUAL COUNT=1536 MIN=-3708.87402 MAX=2234.98047 MEAN=-0.30736566 L2=5528.75457 FIRST8=-15.3275213,9.22580624,10.5671635,-29.2450218,2.93276906,-1.03308249,2.89572001,-6.00455379 HASH=5956e018c5f9ecf8
STEP=0 CP=LAYER_3_FFN_NORM COUNT=1536 MIN=-96.538002 MAX=40.1030235 MEAN=-0.0551184395 L2=111.971733 FIRST8=-0.0865825713,0.0832818374,0.0871973038,-0.249419853,0.0251749102,-0.00858192332,0.0251776129,-0.0525407381 HASH=5018496ce74411c5
STEP=0 CP=LAYER_3_FFN_GATE COUNT=8960 MIN=-8.78097153 MAX=18.6846123 MEAN=-2.44003822 L2=270.022319 FIRST8=-2.54282451,-3.15793514,0.302574515,-3.04580379,-2.68350363,-1.42104208,0.122935057,-3.7770412 HASH=df85b51e7fc2348b
STEP=0 CP=LAYER_3_FFN_UP COUNT=8960 MIN=-18.0137424 MAX=8.29884529 MEAN=-0.00454272877 L2=57.6823968 FIRST8=0.303611755,-0.133734554,0.177599519,-0.490178227,0.727123082,-0.0553160943,-0.592054665,-0.627079606 HASH=99c68f28fe98f2b1
STEP=0 CP=LAYER_3_SWIGLU COUNT=8960 MIN=-336.579803 MAX=6.22140741 MEAN=-0.0367498336 L2=336.757976 FIRST8=-0.0562888309,0.0172223095,0.0309026837,0.06778007,-0.124789074,0.0152888279,-0.0386262573,0.0530025996 HASH=cf2262940809690e
STEP=0 CP=LAYER_3_FFN_DOWN COUNT=1536 MIN=-129.229416 MAX=88.6893311 MEAN=-0.130528142 L2=243.872401 FIRST8=0.444724798,-4.45811796,-4.3546195,6.19130325,3.62665844,-4.7125659,-1.22381246,-2.57922745 HASH=5f3d1f14b6186ce4
STEP=0 CP=LAYER_3_LAYER_RESIDUAL COUNT=1536 MIN=-3838.10352 MAX=2319.63281 MEAN=-0.437893932 L2=5735.20658 FIRST8=-14.8827963,4.76768827,6.21254396,-23.0537186,6.55942726,-5.74564838,1.67190754,-8.58378124 HASH=d41749fa9282891f
STEP=0 CP=LAYER_4_ATTN_NORM COUNT=1536 MIN=-5.09816551 MAX=4.62444878 MEAN=-0.00551083501 L2=13.1046761 FIRST8=-0.0486661755,0.0277441181,0.0374787003,-0.132307976,0.0448241942,-0.0317479707,0.00990767684,-0.0497215874 HASH=6169935fd262685c
STEP=0 CP=LAYER_4_Q COUNT=1536 MIN=-12.5003929 MAX=18.3977699 MEAN=0.028669926 L2=66.1180396 FIRST8=0.201721683,-0.56143266,-0.759426415,-0.981933773,0.247067913,0.258833468,1.09139168,1.36391735 HASH=e34b95d7b1a381ab
STEP=0 CP=LAYER_4_K COUNT=256 MIN=-2.57120109 MAX=2.93187761 MEAN=0.00161452503 L2=4.14098765 FIRST8=-0.0110092759,-0.00405192375,0.00206409395,0.00147276372,0.0167515874,-0.0287040472,0.0120661557,-0.00989440084 HASH=6da7effa5ab68677
STEP=0 CP=LAYER_4_V COUNT=256 MIN=-0.122172788 MAX=1.10251796 MEAN=0.00927875785 L2=1.50121787 FIRST8=0.0739298165,0.0418892503,0.0246562548,0.0136062838,-0.0632848442,-0.009723939,0.0518069901,-0.0327804312 HASH=122690b58439f9a0
STEP=0 CP=LAYER_4_Q_ROPE COUNT=1536 MIN=-12.5003929 MAX=18.3977699 MEAN=0.028669926 L2=66.1180396 FIRST8=0.201721683,-0.56143266,-0.759426415,-0.981933773,0.247067913,0.258833468,1.09139168,1.36391735 HASH=e34b95d7b1a381ab
STEP=0 CP=LAYER_4_K_ROPE COUNT=256 MIN=-2.57120109 MAX=2.93187761 MEAN=0.00161452503 L2=4.14098765 FIRST8=-0.0110092759,-0.00405192375,0.00206409395,0.00147276372,0.0167515874,-0.0287040472,0.0120661557,-0.00989440084 HASH=6da7effa5ab68677
STEP=0 CP=KV_WRITE LAYER=4 COUNT=256 K_MIN=-2.57120109 K_MAX=2.93187761 K_MEAN=0.00161452503 K_L2=4.14098765 K_HASH=6da7effa5ab68677 V_MIN=-0.122172788 V_MAX=1.10251796 V_MEAN=0.00927875785 V_L2=1.50121787 V_HASH=122690b58439f9a0
STEP=0 CP=LAYER_4_ATTN_SCORES COUNT=1 MIN=0.376819849 MAX=0.376819849 MEAN=0.376819849 L2=0.376819849 FIRST8=0.376819849,0,0,0,0,0,0,0 HASH=6e638eb68bdab68b
STEP=0 CP=LAYER_4_ATTN_PROBS COUNT=1 MIN=1 MAX=1 MEAN=1 L2=1 FIRST8=1,0,0,0,0,0,0,0 HASH=2fa183a08531045a
STEP=0 CP=LAYER_4_ATTN_SCORES COUNT=1 MIN=-0.201748461 MAX=-0.201748461 MEAN=-0.201748461 L2=0.201748461 FIRST8=-0.201748461,0,0,0,0,0,0,0 HASH=fd41c0bdfc2d3c54
STEP=0 CP=LAYER_4_ATTN_PROBS COUNT=1 MIN=1 MAX=1 MEAN=1 L2=1 FIRST8=1,0,0,0,0,0,0,0 HASH=2fa183a08531045a
STEP=0 CP=LAYER_4_ATTN_SCORES COUNT=1 MIN=1.34226108 MAX=1.34226108 MEAN=1.34226108 L2=1.34226108 FIRST8=1.34226108,0,0,0,0,0,0,0 HASH=c2dc2a3fd894336a
STEP=0 CP=LAYER_4_ATTN_PROBS COUNT=1 MIN=1 MAX=1 MEAN=1 L2=1 FIRST8=1,0,0,0,0,0,0,0 HASH=2fa183a08531045a
STEP=0 CP=LAYER_4_ATTN_SCORES COUNT=1 MIN=-0.399173796 MAX=-0.399173796 MEAN=-0.399173796 L2=0.399173796 FIRST8=-0.399173796,0,0,0,0,0,0,0 HASH=085174655b945e33
STEP=0 CP=LAYER_4_ATTN_PROBS COUNT=1 MIN=1 MAX=1 MEAN=1 L2=1 FIRST8=1,0,0,0,0,0,0,0 HASH=2fa183a08531045a
STEP=0 CP=LAYER_4_ATTN_SCORES COUNT=1 MIN=1.7360853 MAX=1.7360853 MEAN=1.7360853 L2=1.7360853 FIRST8=1.7360853,0,0,0,0,0,0,0 HASH=97c4f9ca5dfe511f
STEP=0 CP=LAYER_4_ATTN_PROBS COUNT=1 MIN=1 MAX=1 MEAN=1 L2=1 FIRST8=1,0,0,0,0,0,0,0 HASH=2fa183a08531045a
STEP=0 CP=LAYER_4_ATTN_SCORES COUNT=1 MIN=-0.0613694564 MAX=-0.0613694564 MEAN=-0.0613694564 L2=0.0613694564 FIRST8=-0.0613694564,0,0,0,0,0,0,0 HASH=209c5ba66881e633
STEP=0 CP=LAYER_4_ATTN_PROBS COUNT=1 MIN=1 MAX=1 MEAN=1 L2=1 FIRST8=1,0,0,0,0,0,0,0 HASH=2fa183a08531045a
STEP=0 CP=LAYER_4_ATTN_SCORES COUNT=1 MIN=0.433909416 MAX=0.433909416 MEAN=0.433909416 L2=0.433909416 FIRST8=0.433909416,0,0,0,0,0,0,0 HASH=cb4fb4c010e2683c
STEP=0 CP=LAYER_4_ATTN_PROBS COUNT=1 MIN=1 MAX=1 MEAN=1 L2=1 FIRST8=1,0,0,0,0,0,0,0 HASH=2fa183a08531045a
STEP=0 CP=LAYER_4_ATTN_SCORES COUNT=1 MIN=0.370356411 MAX=0.370356411 MEAN=0.370356411 L2=0.370356411 FIRST8=0.370356411,0,0,0,0,0,0,0 HASH=24c87a67e2d60172
STEP=0 CP=LAYER_4_ATTN_PROBS COUNT=1 MIN=1 MAX=1 MEAN=1 L2=1 FIRST8=1,0,0,0,0,0,0,0 HASH=2fa183a08531045a
STEP=0 CP=LAYER_4_ATTN_SCORES COUNT=1 MIN=0.381558746 MAX=0.381558746 MEAN=0.381558746 L2=0.381558746 FIRST8=0.381558746,0,0,0,0,0,0,0 HASH=706a50a83e595910
STEP=0 CP=LAYER_4_ATTN_PROBS COUNT=1 MIN=1 MAX=1 MEAN=1 L2=1 FIRST8=1,0,0,0,0,0,0,0 HASH=2fa183a08531045a
STEP=0 CP=LAYER_4_ATTN_SCORES COUNT=1 MIN=0.518394947 MAX=0.518394947 MEAN=0.518394947 L2=0.518394947 FIRST8=0.518394947,0,0,0,0,0,0,0 HASH=593dfab4cc9f4085
STEP=0 CP=LAYER_4_ATTN_PROBS COUNT=1 MIN=1 MAX=1 MEAN=1 L2=1 FIRST8=1,0,0,0,0,0,0,0 HASH=2fa183a08531045a
STEP=0 CP=LAYER_4_ATTN_SCORES COUNT=1 MIN=0.402032465 MAX=0.402032465 MEAN=0.402032465 L2=0.402032465 FIRST8=0.402032465,0,0,0,0,0,0,0 HASH=8421f11b321e1632
STEP=0 CP=LAYER_4_ATTN_PROBS COUNT=1 MIN=1 MAX=1 MEAN=1 L2=1 FIRST8=1,0,0,0,0,0,0,0 HASH=2fa183a08531045a
STEP=0 CP=LAYER_4_ATTN_SCORES COUNT=1 MIN=0.594079554 MAX=0.594079554 MEAN=0.594079554 L2=0.594079554 FIRST8=0.594079554,0,0,0,0,0,0,0 HASH=04704f356aa4b6cc
STEP=0 CP=LAYER_4_ATTN_PROBS COUNT=1 MIN=1 MAX=1 MEAN=1 L2=1 FIRST8=1,0,0,0,0,0,0,0 HASH=2fa183a08531045a
STEP=0 CP=LAYER_4_ATTN_VALUE COUNT=1536 MIN=-0.122172788 MAX=1.10251796 MEAN=0.00927875785 L2=3.67721776 FIRST8=0.0739298165,0.0418892503,0.0246562548,0.0136062838,-0.0632848442,-0.009723939,0.0518069901,-0.0327804312 HASH=08a1ef870d1b6f6b
STEP=0 CP=LAYER_4_O_PROJ COUNT=1536 MIN=-0.589675665 MAX=0.558808982 MEAN=-0.00402658669 L2=2.93582151 FIRST8=-0.0165718906,0.102971226,0.0209295899,-0.0480904654,0.0827363133,-0.0935861468,-0.0528279133,0.11189425 HASH=ae47fb96bb9555b7
STEP=0 CP=LAYER_4_ATTN_RESIDUAL COUNT=1536 MIN=-3837.56494 MAX=2319.32886 MEAN=-0.441920532 L2=5734.70709 FIRST8=-14.8993683,4.87065935,6.23347378,-23.1018085,6.64216375,-5.83923435,1.61907959,-8.47188663 HASH=70b6e16d4ee5277e
STEP=0 CP=LAYER_4_FFN_NORM COUNT=1536 MIN=-49.5844498 MAX=30.9582748 MEAN=-0.0228320625 L2=64.7659972 FIRST8=-0.062844798,0.0364074446,0.0422676653,-0.161581516,0.0461028032,-0.0405297279,0.0117565943,-0.0606121011 HASH=79470faae6b87b2a
STEP=0 CP=LAYER_4_FFN_GATE COUNT=8960 MIN=-8.44231892 MAX=17.8695202 MEAN=-0.93239614 L2=130.843666 FIRST8=0.00830403715,-0.0824325755,-1.83529568,-2.28921771,0.262005657,-1.8901304,-3.40530825,-1.21441507 HASH=6956414e03b693b5
STEP=0 CP=LAYER_4_FFN_UP COUNT=8960 MIN=-7.68052864 MAX=23.1327229 MEAN=-0.000886001196 L2=46.3790863 FIRST8=0.13962619,0.217044413,0.306161076,0.457664073,-0.40765214,-0.258229285,0.273373216,0.589038193 HASH=ee150f180a95338c
STEP=0 CP=LAYER_4_SWIGLU COUNT=8960 MIN=-46.5498428 MAX=278.209717 MEAN=0.025561395 L2=282.253209 FIRST8=0.000582137611,-0.00857726205,-0.0773217455,-0.0964085683,-0.0603598543,0.0640514642,-0.0299104452,-0.163755476 HASH=8005597778c376c6
STEP=0 CP=LAYER_4_FFN_DOWN COUNT=1536 MIN=-129.810181 MAX=82.1993484 MEAN=-0.114290454 L2=220.47486 FIRST8=0.541045129,-1.4937309,-1.55318546,2.43864226,0.688313365,-0.84578836,-0.297975361,-1.93007398 HASH=2cc0b20e1667b885
STEP=0 CP=LAYER_4_LAYER_RESIDUAL COUNT=1536 MIN=-3967.375 MAX=2399.69287 MEAN=-0.556210874 L2=5941.33794 FIRST8=-14.3583231,3.37692833,4.68028831,-20.663166,7.33047724,-6.68502283,1.32110429,-10.4019604 HASH=ebb9b25d6931e804
STEP=0 CP=LAYER_5_ATTN_NORM COUNT=1536 MIN=-6.00621128 MAX=4.1425724 MEAN=-0.0118748838 L2=13.8505234 FIRST8=-0.0791751444,0.0222757943,0.0249640103,-0.0883845538,0.0413664021,-0.0306615625,0.00650192332,-0.0506580397 HASH=3066511163e8e6cd
STEP=0 CP=LAYER_5_Q COUNT=1536 MIN=-14.9698896 MAX=21.7951393 MEAN=-0.0985322617 L2=83.6266335 FIRST8=1.1415205,-1.15493369,0.692288876,-1.54574203,-1.08878303,0.384518147,1.50390315,0.716404676 HASH=6a4ef235cdb94790
STEP=0 CP=LAYER_5_K COUNT=256 MIN=-0.656539917 MAX=0.281195998 MEAN=-0.00520019393 L2=1.25193294 FIRST8=-0.00983536243,0.0141917467,-0.00832332671,0.0139590204,0.0311737359,0.00404217094,0.0128383636,0.0323781371 HASH=5cd3b49599846dfa
STEP=0 CP=LAYER_5_V COUNT=256 MIN=-2.5368824 MAX=0.251416326 MEAN=-0.0119114565 L2=2.97599263 FIRST8=0.0561751314,-0.0688960552,-0.0385578312,-0.0280515552,0.0233312547,0.0054981932,-0.0368512459,0.0145031512 HASH=86a3bb5eda210eec
STEP=0 CP=LAYER_5_Q_ROPE COUNT=1536 MIN=-14.9698896 MAX=21.7951393 MEAN=-0.0985322617 L2=83.6266335 FIRST8=1.1415205,-1.15493369,0.692288876,-1.54574203,-1.08878303,0.384518147,1.50390315,0.716404676 HASH=6a4ef235cdb94790
STEP=0 CP=LAYER_5_K_ROPE COUNT=256 MIN=-0.656539917 MAX=0.281195998 MEAN=-0.00520019393 L2=1.25193294 FIRST8=-0.00983536243,0.0141917467,-0.00832332671,0.0139590204,0.0311737359,0.00404217094,0.0128383636,0.0323781371 HASH=5cd3b49599846dfa
STEP=0 CP=KV_WRITE LAYER=5 COUNT=256 K_MIN=-0.656539917 K_MAX=0.281195998 K_MEAN=-0.00520019393 K_L2=1.25193294 K_HASH=5cd3b49599846dfa V_MIN=-2.5368824 V_MAX=0.251416326 V_MEAN=-0.0119114565 V_L2=2.97599263 V_HASH=86a3bb5eda210eec
STEP=0 CP=LAYER_5_ATTN_SCORES COUNT=1 MIN=0.822668433 MAX=0.822668433 MEAN=0.822668433 L2=0.822668433 FIRST8=0.822668433,0,0,0,0,0,0,0 HASH=e1ba48d37ab6c5d8
STEP=0 CP=LAYER_5_ATTN_PROBS COUNT=1 MIN=1 MAX=1 MEAN=1 L2=1 FIRST8=1,0,0,0,0,0,0,0 HASH=2fa183a08531045a
STEP=0 CP=LAYER_5_ATTN_SCORES COUNT=1 MIN=0.495901972 MAX=0.495901972 MEAN=0.495901972 L2=0.495901972 FIRST8=0.495901972,0,0,0,0,0,0,0 HASH=e4ff076a44a3b4af
STEP=0 CP=LAYER_5_ATTN_PROBS COUNT=1 MIN=1 MAX=1 MEAN=1 L2=1 FIRST8=1,0,0,0,0,0,0,0 HASH=2fa183a08531045a
STEP=0 CP=LAYER_5_ATTN_SCORES COUNT=1 MIN=0.0330114663 MAX=0.0330114663 MEAN=0.0330114663 L2=0.0330114663 FIRST8=0.0330114663,0,0,0,0,0,0,0 HASH=bcbc52e2656133f6
STEP=0 CP=LAYER_5_ATTN_PROBS COUNT=1 MIN=1 MAX=1 MEAN=1 L2=1 FIRST8=1,0,0,0,0,0,0,0 HASH=2fa183a08531045a
STEP=0 CP=LAYER_5_ATTN_SCORES COUNT=1 MIN=0.433326632 MAX=0.433326632 MEAN=0.433326632 L2=0.433326632 FIRST8=0.433326632,0,0,0,0,0,0,0 HASH=e41ce27a2424c839
STEP=0 CP=LAYER_5_ATTN_PROBS COUNT=1 MIN=1 MAX=1 MEAN=1 L2=1 FIRST8=1,0,0,0,0,0,0,0 HASH=2fa183a08531045a
STEP=0 CP=LAYER_5_ATTN_SCORES COUNT=1 MIN=0.244716525 MAX=0.244716525 MEAN=0.244716525 L2=0.244716525 FIRST8=0.244716525,0,0,0,0,0,0,0 HASH=45feda60b5e76b79
STEP=0 CP=LAYER_5_ATTN_PROBS COUNT=1 MIN=1 MAX=1 MEAN=1 L2=1 FIRST8=1,0,0,0,0,0,0,0 HASH=2fa183a08531045a
STEP=0 CP=LAYER_5_ATTN_SCORES COUNT=1 MIN=0.215230316 MAX=0.215230316 MEAN=0.215230316 L2=0.215230316 FIRST8=0.215230316,0,0,0,0,0,0,0 HASH=0389644a3347d068
STEP=0 CP=LAYER_5_ATTN_PROBS COUNT=1 MIN=1 MAX=1 MEAN=1 L2=1 FIRST8=1,0,0,0,0,0,0,0 HASH=2fa183a08531045a
STEP=0 CP=LAYER_5_ATTN_SCORES COUNT=1 MIN=0.63761878 MAX=0.63761878 MEAN=0.63761878 L2=0.63761878 FIRST8=0.63761878,0,0,0,0,0,0,0 HASH=1cce657ffb817c87
STEP=0 CP=LAYER_5_ATTN_PROBS COUNT=1 MIN=1 MAX=1 MEAN=1 L2=1 FIRST8=1,0,0,0,0,0,0,0 HASH=2fa183a08531045a
STEP=0 CP=LAYER_5_ATTN_SCORES COUNT=1 MIN=1.14398527 MAX=1.14398527 MEAN=1.14398527 L2=1.14398527 FIRST8=1.14398527,0,0,0,0,0,0,0 HASH=6d6cf28a5ed8778a
STEP=0 CP=LAYER_5_ATTN_PROBS COUNT=1 MIN=1 MAX=1 MEAN=1 L2=1 FIRST8=1,0,0,0,0,0,0,0 HASH=2fa183a08531045a
STEP=0 CP=LAYER_5_ATTN_SCORES COUNT=1 MIN=0.950876653 MAX=0.950876653 MEAN=0.950876653 L2=0.950876653 FIRST8=0.950876653,0,0,0,0,0,0,0 HASH=805fca88eaab7362
STEP=0 CP=LAYER_5_ATTN_PROBS COUNT=1 MIN=1 MAX=1 MEAN=1 L2=1 FIRST8=1,0,0,0,0,0,0,0 HASH=2fa183a08531045a
STEP=0 CP=LAYER_5_ATTN_SCORES COUNT=1 MIN=1.25915015 MAX=1.25915015 MEAN=1.25915015 L2=1.25915015 FIRST8=1.25915015,0,0,0,0,0,0,0 HASH=3bd36328e6534893
STEP=0 CP=LAYER_5_ATTN_PROBS COUNT=1 MIN=1 MAX=1 MEAN=1 L2=1 FIRST8=1,0,0,0,0,0,0,0 HASH=2fa183a08531045a
STEP=0 CP=LAYER_5_ATTN_SCORES COUNT=1 MIN=1.35390067 MAX=1.35390067 MEAN=1.35390067 L2=1.35390067 FIRST8=1.35390067,0,0,0,0,0,0,0 HASH=69c0a04d052b4f91
STEP=0 CP=LAYER_5_ATTN_PROBS COUNT=1 MIN=1 MAX=1 MEAN=1 L2=1 FIRST8=1,0,0,0,0,0,0,0 HASH=2fa183a08531045a
STEP=0 CP=LAYER_5_ATTN_SCORES COUNT=1 MIN=1.22774291 MAX=1.22774291 MEAN=1.22774291 L2=1.22774291 FIRST8=1.22774291,0,0,0,0,0,0,0 HASH=289f06d2d5017e9f
STEP=0 CP=LAYER_5_ATTN_PROBS COUNT=1 MIN=1 MAX=1 MEAN=1 L2=1 FIRST8=1,0,0,0,0,0,0,0 HASH=2fa183a08531045a
STEP=0 CP=LAYER_5_ATTN_VALUE COUNT=1536 MIN=-2.5368824 MAX=0.251416326 MEAN=-0.0119114565 L2=7.28966341 FIRST8=0.0561751314,-0.0688960552,-0.0385578312,-0.0280515552,0.0233312547,0.0054981932,-0.0368512459,0.0145031512 HASH=0e4761e6e4c6784f
STEP=0 CP=LAYER_5_O_PROJ COUNT=1536 MIN=-2.86478925 MAX=6.58641624 MEAN=0.00407519041 L2=8.5464964 FIRST8=0.0867596716,0.0559390076,-0.0163357742,0.171309739,0.234754696,-0.133448362,-0.194279611,-0.0451777838 HASH=4b474355f3dc5a1b
STEP=0 CP=LAYER_5_ATTN_RESIDUAL COUNT=1536 MIN=-3967.11816 MAX=2399.10815 MEAN=-0.552135697 L2=5938.80754 FIRST8=-14.2715635,3.43286729,4.66395235,-20.4918556,7.5652318,-6.81847095,1.12682462,-10.4471378 HASH=dd49578279857eed
STEP=0 CP=LAYER_5_FFN_NORM COUNT=1536 MIN=-79.3584595 MAX=44.5285645 MEAN=-0.0446275351 L2=103.440601 FIRST8=-0.0669575185,0.0433620177,0.0459276102,-0.215525076,0.0760577098,-0.0689016208,0.0124905379,-0.107185677 HASH=dacb0ec9ddf978af
STEP=0 CP=LAYER_5_FFN_GATE COUNT=8960 MIN=-7.43916368 MAX=5.23224735 MEAN=-1.710763 L2=210.833041 FIRST8=0.249466151,-0.271269113,-3.22085285,-2.54062819,-1.54757798,-3.70980644,-1.12261724,-3.09935474 HASH=7e79d72bcd592b61
STEP=0 CP=LAYER_5_FFN_UP COUNT=8960 MIN=-6.64102936 MAX=15.8747492 MEAN=0.00794653352 L2=56.6807874 FIRST8=0.0809219629,0.059512578,-0.2613222,-0.399040222,-0.314906001,0.193018556,0.396854728,0.755477071 HASH=f2ec6100cbade8e7
STEP=0 CP=LAYER_5_SWIGLU COUNT=8960 MIN=-3.26017618 MAX=44.4803848 MEAN=0.00364176645 L2=46.0665552 FIRST8=0.0113461679,-0.00698379008,0.032310836,0.074067764,0.0854974389,-0.0171118658,-0.109385803,-0.100997612 HASH=0fd56991e1504c94
STEP=0 CP=LAYER_5_FFN_DOWN COUNT=1536 MIN=-18.4715748 MAX=11.7613878 MEAN=-0.0141864077 L2=41.6683476 FIRST8=-0.0155805796,0.232624978,-0.217523694,0.679129541,0.458957314,-0.276722372,1.24746954,-0.316639155 HASH=c72926c7174c1d8f
STEP=0 CP=LAYER_5_LAYER_RESIDUAL COUNT=1536 MIN=-3985.58984 MAX=2409.44971 MEAN=-0.566322077 L2=5966.64885 FIRST8=-14.2871437,3.6654923,4.44642878,-19.812727,8.024189,-7.09519339,2.37429428,-10.7637768 HASH=f96604b2442f341d
STEP=0 CP=LAYER_6_ATTN_NORM COUNT=1536 MIN=-5.90507507 MAX=4.13769722 MEAN=-0.0127708735 L2=13.4483889 FIRST8=-0.115839757,0.0192801915,0.0243005492,-0.0884542391,0.0391182937,-0.030402258,0.0119403144,-0.0497121252 HASH=2021a1b03b954082
STEP=0 CP=LAYER_6_Q COUNT=1536 MIN=-11.9903793 MAX=12.8846092 MEAN=0.131377991 L2=88.1289901 FIRST8=1.04414737,-2.32095385,-0.490959674,-0.780726135,1.79613018,-0.987901092,0.857831478,-0.398936927 HASH=0f3593c9bb198f02
STEP=0 CP=LAYER_6_K COUNT=256 MIN=-0.315878749 MAX=0.5127666 MEAN=0.00441793253 L2=1.19126271 FIRST8=-0.0107999742,0.017903626,0.0213378072,0.00622267276,-0.0216978788,-0.0586607158,-0.0128808767,-0.000421393663 HASH=1d5f5d0e53819071
STEP=0 CP=LAYER_6_V COUNT=256 MIN=-0.655967236 MAX=1.40486467 MEAN=0.00822328799 L2=1.86263528 FIRST8=-0.00590989552,0.0263351314,0.0218063295,-0.0572967306,-0.0483234674,0.0117341429,-0.00622128882,-0.00341877714 HASH=c84710c70c4f9ffe
STEP=0 CP=LAYER_6_Q_ROPE COUNT=1536 MIN=-11.9903793 MAX=12.8846092 MEAN=0.131377991 L2=88.1289901 FIRST8=1.04414737,-2.32095385,-0.490959674,-0.780726135,1.79613018,-0.987901092,0.857831478,-0.398936927 HASH=0f3593c9bb198f02
STEP=0 CP=LAYER_6_K_ROPE COUNT=256 MIN=-0.315878749 MAX=0.5127666 MEAN=0.00441793253 L2=1.19126271 FIRST8=-0.0107999742,0.017903626,0.0213378072,0.00622267276,-0.0216978788,-0.0586607158,-0.0128808767,-0.000421393663 HASH=1d5f5d0e53819071
STEP=0 CP=KV_WRITE LAYER=6 COUNT=256 K_MIN=-0.315878749 K_MAX=0.5127666 K_MEAN=0.00441793253 K_L2=1.19126271 K_HASH=1d5f5d0e53819071 V_MIN=-0.655967236 V_MAX=1.40486467 V_MEAN=0.00822328799 V_L2=1.86263528 V_HASH=c84710c70c4f9ffe
STEP=0 CP=LAYER_6_ATTN_SCORES COUNT=1 MIN=1.32460964 MAX=1.32460964 MEAN=1.32460964 L2=1.32460964 FIRST8=1.32460964,0,0,0,0,0,0,0 HASH=4b0b2bd889b6eb94
STEP=0 CP=LAYER_6_ATTN_PROBS COUNT=1 MIN=1 MAX=1 MEAN=1 L2=1 FIRST8=1,0,0,0,0,0,0,0 HASH=2fa183a08531045a
STEP=0 CP=LAYER_6_ATTN_SCORES COUNT=1 MIN=1.14904547 MAX=1.14904547 MEAN=1.14904547 L2=1.14904547 FIRST8=1.14904547,0,0,0,0,0,0,0 HASH=31b663f98274104c
STEP=0 CP=LAYER_6_ATTN_PROBS COUNT=1 MIN=1 MAX=1 MEAN=1 L2=1 FIRST8=1,0,0,0,0,0,0,0 HASH=2fa183a08531045a
STEP=0 CP=LAYER_6_ATTN_SCORES COUNT=1 MIN=0.402376026 MAX=0.402376026 MEAN=0.402376026 L2=0.402376026 FIRST8=0.402376026,0,0,0,0,0,0,0 HASH=73cd765a742be9c0
STEP=0 CP=LAYER_6_ATTN_PROBS COUNT=1 MIN=1 MAX=1 MEAN=1 L2=1 FIRST8=1,0,0,0,0,0,0,0 HASH=2fa183a08531045a
STEP=0 CP=LAYER_6_ATTN_SCORES COUNT=1 MIN=1.20667994 MAX=1.20667994 MEAN=1.20667994 L2=1.20667994 FIRST8=1.20667994,0,0,0,0,0,0,0 HASH=e828cda39016771d
STEP=0 CP=LAYER_6_ATTN_PROBS COUNT=1 MIN=1 MAX=1 MEAN=1 L2=1 FIRST8=1,0,0,0,0,0,0,0 HASH=2fa183a08531045a
STEP=0 CP=LAYER_6_ATTN_SCORES COUNT=1 MIN=0.703050375 MAX=0.703050375 MEAN=0.703050375 L2=0.703050375 FIRST8=0.703050375,0,0,0,0,0,0,0 HASH=68677d8d3178ce54
STEP=0 CP=LAYER_6_ATTN_PROBS COUNT=1 MIN=1 MAX=1 MEAN=1 L2=1 FIRST8=1,0,0,0,0,0,0,0 HASH=2fa183a08531045a
STEP=0 CP=LAYER_6_ATTN_SCORES COUNT=1 MIN=0.943598151 MAX=0.943598151 MEAN=0.943598151 L2=0.943598151 FIRST8=0.943598151,0,0,0,0,0,0,0 HASH=9b24058e200ef164
STEP=0 CP=LAYER_6_ATTN_PROBS COUNT=1 MIN=1 MAX=1 MEAN=1 L2=1 FIRST8=1,0,0,0,0,0,0,0 HASH=2fa183a08531045a
STEP=0 CP=LAYER_6_ATTN_SCORES COUNT=1 MIN=0.527701139 MAX=0.527701139 MEAN=0.527701139 L2=0.527701139 FIRST8=0.527701139,0,0,0,0,0,0,0 HASH=0a6fc4248807772c
STEP=0 CP=LAYER_6_ATTN_PROBS COUNT=1 MIN=1 MAX=1 MEAN=1 L2=1 FIRST8=1,0,0,0,0,0,0,0 HASH=2fa183a08531045a
STEP=0 CP=LAYER_6_ATTN_SCORES COUNT=1 MIN=0.410349369 MAX=0.410349369 MEAN=0.410349369 L2=0.410349369 FIRST8=0.410349369,0,0,0,0,0,0,0 HASH=6b43843b98e433a8
STEP=0 CP=LAYER_6_ATTN_PROBS COUNT=1 MIN=1 MAX=1 MEAN=1 L2=1 FIRST8=1,0,0,0,0,0,0,0 HASH=2fa183a08531045a
STEP=0 CP=LAYER_6_ATTN_SCORES COUNT=1 MIN=0.521770179 MAX=0.521770179 MEAN=0.521770179 L2=0.521770179 FIRST8=0.521770179,0,0,0,0,0,0,0 HASH=4381b132112a4b4a
STEP=0 CP=LAYER_6_ATTN_PROBS COUNT=1 MIN=1 MAX=1 MEAN=1 L2=1 FIRST8=1,0,0,0,0,0,0,0 HASH=2fa183a08531045a
STEP=0 CP=LAYER_6_ATTN_SCORES COUNT=1 MIN=0.277719438 MAX=0.277719438 MEAN=0.277719438 L2=0.277719438 FIRST8=0.277719438,0,0,0,0,0,0,0 HASH=deb34783bcf5d08e
STEP=0 CP=LAYER_6_ATTN_PROBS COUNT=1 MIN=1 MAX=1 MEAN=1 L2=1 FIRST8=1,0,0,0,0,0,0,0 HASH=2fa183a08531045a
STEP=0 CP=LAYER_6_ATTN_SCORES COUNT=1 MIN=0.570275903 MAX=0.570275903 MEAN=0.570275903 L2=0.570275903 FIRST8=0.570275903,0,0,0,0,0,0,0 HASH=529e272d0a2e6872
STEP=0 CP=LAYER_6_ATTN_PROBS COUNT=1 MIN=1 MAX=1 MEAN=1 L2=1 FIRST8=1,0,0,0,0,0,0,0 HASH=2fa183a08531045a
STEP=0 CP=LAYER_6_ATTN_SCORES COUNT=1 MIN=0.289903134 MAX=0.289903134 MEAN=0.289903134 L2=0.289903134 FIRST8=0.289903134,0,0,0,0,0,0,0 HASH=f0b21ff5d6e4f300
STEP=0 CP=LAYER_6_ATTN_PROBS COUNT=1 MIN=1 MAX=1 MEAN=1 L2=1 FIRST8=1,0,0,0,0,0,0,0 HASH=2fa183a08531045a
STEP=0 CP=LAYER_6_ATTN_VALUE COUNT=1536 MIN=-0.655967236 MAX=1.40486467 MEAN=0.00822328799 L2=4.56250602 FIRST8=-0.00590989552,0.0263351314,0.0218063295,-0.0572967306,-0.0483234674,0.0117341429,-0.00622128882,-0.00341877714 HASH=bab09397b53d7d87
STEP=0 CP=LAYER_6_O_PROJ COUNT=1536 MIN=-0.749693155 MAX=1.62645316 MEAN=-0.00188907873 L2=3.87039149 FIRST8=0.00126689626,0.094434537,0.113368213,0.0752802119,0.000407395884,-0.0314852893,-0.062932983,0.0507132113 HASH=cee275654d833033
STEP=0 CP=LAYER_6_ATTN_RESIDUAL COUNT=1536 MIN=-3985.10449 MAX=2409.14331 MEAN=-0.568211109 L2=5965.71696 FIRST8=-14.2858772,3.7599268,4.55979681,-19.7374458,8.02459621,-7.12667847,2.31136131,-10.7130632 HASH=46ebee127af9f761
STEP=0 CP=LAYER_6_FFN_NORM COUNT=1536 MIN=-25.4643173 MAX=20.2782021 MEAN=-0.00453495516 L2=37.0177166 FIRST8=-0.0394101739,0.028560387,0.0287854858,-0.129158825,0.0498346612,-0.0442583784,0.0161335412,-0.0692798868 HASH=67dff05eebb4dfe8
STEP=0 CP=LAYER_6_FFN_GATE COUNT=8960 MIN=-5.59522009 MAX=1.7521615 MEAN=-0.455287515 L2=67.9515407 FIRST8=-0.616355896,0.226409972,-0.0839118212,-0.471826673,-0.187922597,0.169477895,0.194715366,-0.140982702 HASH=d7968807d09748df
STEP=0 CP=LAYER_6_FFN_UP COUNT=8960 MIN=-2.42550874 MAX=4.10204744 MEAN=0.00551363212 L2=34.771967 FIRST8=0.321688384,-0.433956772,-0.0161348786,0.958992302,0.160057962,0.4985376,0.3887375,0.594604075 HASH=2f8b3cbe6b49bbaf
STEP=0 CP=LAYER_6_SWIGLU COUNT=8960 MIN=-1.97059381 MAX=5.13915396 MEAN=-4.46134482e-05 L2=10.2037311 FIRST8=-0.0695171729,-0.0546637513,0.000648567977,-0.173834845,-0.0136302896,0.0458168499,0.0415196419,-0.0389647223 HASH=f5d21280f8baef9e
STEP=0 CP=LAYER_6_FFN_DOWN COUNT=1536 MIN=-5.65060902 MAX=3.01424694 MEAN=-0.0114515454 L2=15.2645285 FIRST8=0.140078098,0.166763961,0.128042072,-0.259379297,-0.0949995667,-0.340789765,0.147268981,-0.358748138 HASH=c8efb0b893b0aa54
STEP=0 CP=LAYER_6_LAYER_RESIDUAL COUNT=1536 MIN=-3989.06958 MAX=2411.18042 MEAN=-0.57966256 L2=5971.85271 FIRST8=-14.1457987,3.92669082,4.68783903,-19.9968243,7.92959642,-7.46746826,2.45863032,-11.0718117 HASH=c2dcd06399d3ce88
STEP=0 CP=LAYER_7_ATTN_NORM COUNT=1536 MIN=-16.2598019 MAX=8.96281147 MEAN=-0.00687923837 L2=22.9387272 FIRST8=-0.0190385263,0.022347359,0.0282414556,-0.0845846385,0.045941595,-0.0356067941,0.014181504,-0.0499548763 HASH=20a3692eb84f7cab
STEP=0 CP=LAYER_7_Q COUNT=1536 MIN=-13.0924397 MAX=9.75835419 MEAN=-0.113818173 L2=55.7711122 FIRST8=1.63911533,1.17582345,1.15739012,1.35377932,-0.46073854,-1.26098669,0.905660272,-1.43524623 HASH=55adc15b75c03c13
STEP=0 CP=LAYER_7_K COUNT=256 MIN=-19.9671593 MAX=45.3131752 MEAN=0.367655333 L2=72.9413858 FIRST8=-0.0361725092,0.0151779652,-0.05998528,-0.0144702196,-0.038026914,-0.0419775248,-0.0050945878,0.0534891486 HASH=7d1e3dbdfd3cb781
STEP=0 CP=LAYER_7_V COUNT=256 MIN=-0.977831006 MAX=2.19608474 MEAN=-0.00842469834 L2=2.86044377 FIRST8=-0.03311719,0.0633331239,0.0034255553,0.00457754731,0.0847223103,0.0163512081,-5.69671392e-05,0.0407529771 HASH=b3b3a32ccbd9b6b6
STEP=0 CP=LAYER_7_Q_ROPE COUNT=1536 MIN=-13.0924397 MAX=9.75835419 MEAN=-0.113818173 L2=55.7711122 FIRST8=1.63911533,1.17582345,1.15739012,1.35377932,-0.46073854,-1.26098669,0.905660272,-1.43524623 HASH=55adc15b75c03c13
STEP=0 CP=LAYER_7_K_ROPE COUNT=256 MIN=-19.9671593 MAX=45.3131752 MEAN=0.367655333 L2=72.9413858 FIRST8=-0.0361725092,0.0151779652,-0.05998528,-0.0144702196,-0.038026914,-0.0419775248,-0.0050945878,0.0534891486 HASH=7d1e3dbdfd3cb781
STEP=0 CP=KV_WRITE LAYER=7 COUNT=256 K_MIN=-19.9671593 K_MAX=45.3131752 K_MEAN=0.367655333 K_L2=72.9413858 K_HASH=7d1e3dbdfd3cb781 V_MIN=-0.977831006 V_MAX=2.19608474 V_MEAN=-0.00842469834 V_L2=2.86044377 V_HASH=b3b3a32ccbd9b6b6
STEP=0 CP=LAYER_7_ATTN_SCORES COUNT=1 MIN=1.77004266 MAX=1.77004266 MEAN=1.77004266 L2=1.77004266 FIRST8=1.77004266,0,0,0,0,0,0,0 HASH=bb9a457c7137907a
STEP=0 CP=LAYER_7_ATTN_PROBS COUNT=1 MIN=1 MAX=1 MEAN=1 L2=1 FIRST8=1,0,0,0,0,0,0,0 HASH=2fa183a08531045a
STEP=0 CP=LAYER_7_ATTN_SCORES COUNT=1 MIN=1.16787362 MAX=1.16787362 MEAN=1.16787362 L2=1.16787362 FIRST8=1.16787362,0,0,0,0,0,0,0 HASH=bb9fd28464146185
STEP=0 CP=LAYER_7_ATTN_PROBS COUNT=1 MIN=1 MAX=1 MEAN=1 L2=1 FIRST8=1,0,0,0,0,0,0,0 HASH=2fa183a08531045a
STEP=0 CP=LAYER_7_ATTN_SCORES COUNT=1 MIN=0.441151351 MAX=0.441151351 MEAN=0.441151351 L2=0.441151351 FIRST8=0.441151351,0,0,0,0,0,0,0 HASH=7134ccfef5fbd601
STEP=0 CP=LAYER_7_ATTN_PROBS COUNT=1 MIN=1 MAX=1 MEAN=1 L2=1 FIRST8=1,0,0,0,0,0,0,0 HASH=2fa183a08531045a
STEP=0 CP=LAYER_7_ATTN_SCORES COUNT=1 MIN=1.70946169 MAX=1.70946169 MEAN=1.70946169 L2=1.70946169 FIRST8=1.70946169,0,0,0,0,0,0,0 HASH=096da5a2de479ec9
STEP=0 CP=LAYER_7_ATTN_PROBS COUNT=1 MIN=1 MAX=1 MEAN=1 L2=1 FIRST8=1,0,0,0,0,0,0,0 HASH=2fa183a08531045a
STEP=0 CP=LAYER_7_ATTN_SCORES COUNT=1 MIN=2.17723775 MAX=2.17723775 MEAN=2.17723775 L2=2.17723775 FIRST8=2.17723775,0,0,0,0,0,0,0 HASH=cbeda86d0b23af5c
STEP=0 CP=LAYER_7_ATTN_PROBS COUNT=1 MIN=1 MAX=1 MEAN=1 L2=1 FIRST8=1,0,0,0,0,0,0,0 HASH=2fa183a08531045a
STEP=0 CP=LAYER_7_ATTN_SCORES COUNT=1 MIN=2.54355788 MAX=2.54355788 MEAN=2.54355788 L2=2.54355788 FIRST8=2.54355788,0,0,0,0,0,0,0 HASH=162e868c14af4c85
STEP=0 CP=LAYER_7_ATTN_PROBS COUNT=1 MIN=1 MAX=1 MEAN=1 L2=1 FIRST8=1,0,0,0,0,0,0,0 HASH=2fa183a08531045a
STEP=0 CP=LAYER_7_ATTN_SCORES COUNT=1 MIN=25.4067516 MAX=25.4067516 MEAN=25.4067516 L2=25.4067516 FIRST8=25.4067516,0,0,0,0,0,0,0 HASH=b236eca7a9f8a52f
STEP=0 CP=LAYER_7_ATTN_PROBS COUNT=1 MIN=1 MAX=1 MEAN=1 L2=1 FIRST8=1,0,0,0,0,0,0,0 HASH=2fa183a08531045a
STEP=0 CP=LAYER_7_ATTN_SCORES COUNT=1 MIN=22.9871521 MAX=22.9871521 MEAN=22.9871521 L2=22.9871521 FIRST8=22.9871521,0,0,0,0,0,0,0 HASH=0ee5ce03cecfd018
STEP=0 CP=LAYER_7_ATTN_PROBS COUNT=1 MIN=1 MAX=1 MEAN=1 L2=1 FIRST8=1,0,0,0,0,0,0,0 HASH=2fa183a08531045a
STEP=0 CP=LAYER_7_ATTN_SCORES COUNT=1 MIN=26.7666988 MAX=26.7666988 MEAN=26.7666988 L2=26.7666988 FIRST8=26.7666988,0,0,0,0,0,0,0 HASH=740f57185279da13
STEP=0 CP=LAYER_7_ATTN_PROBS COUNT=1 MIN=1 MAX=1 MEAN=1 L2=1 FIRST8=1,0,0,0,0,0,0,0 HASH=2fa183a08531045a
STEP=0 CP=LAYER_7_ATTN_SCORES COUNT=1 MIN=20.5019264 MAX=20.5019264 MEAN=20.5019264 L2=20.5019264 FIRST8=20.5019264,0,0,0,0,0,0,0 HASH=d9e5560a69fce7b7
STEP=0 CP=LAYER_7_ATTN_PROBS COUNT=1 MIN=1 MAX=1 MEAN=1 L2=1 FIRST8=1,0,0,0,0,0,0,0 HASH=2fa183a08531045a
STEP=0 CP=LAYER_7_ATTN_SCORES COUNT=1 MIN=26.3599014 MAX=26.3599014 MEAN=26.3599014 L2=26.3599014 FIRST8=26.3599014,0,0,0,0,0,0,0 HASH=956e0946a2ef7971
STEP=0 CP=LAYER_7_ATTN_PROBS COUNT=1 MIN=1 MAX=1 MEAN=1 L2=1 FIRST8=1,0,0,0,0,0,0,0 HASH=2fa183a08531045a
STEP=0 CP=LAYER_7_ATTN_SCORES COUNT=1 MIN=26.7818718 MAX=26.7818718 MEAN=26.7818718 L2=26.7818718 FIRST8=26.7818718,0,0,0,0,0,0,0 HASH=90a112c7f4b3b29f
STEP=0 CP=LAYER_7_ATTN_PROBS COUNT=1 MIN=1 MAX=1 MEAN=1 L2=1 FIRST8=1,0,0,0,0,0,0,0 HASH=2fa183a08531045a
STEP=0 CP=LAYER_7_ATTN_VALUE COUNT=1536 MIN=-0.977831006 MAX=2.19608474 MEAN=-0.00842469834 L2=7.00662768 FIRST8=-0.03311719,0.0633331239,0.0034255553,0.00457754731,0.0847223103,0.0163512081,-5.69671392e-05,0.0407529771 HASH=033b352f7c61aa1f
STEP=0 CP=LAYER_7_O_PROJ COUNT=1536 MIN=-1.26874793 MAX=2.79336023 MEAN=-0.0033949292 L2=4.92542011 FIRST8=-0.0133846849,0.0432226993,0.153655499,-0.00808797777,0.0587450042,0.000913977623,-0.091133073,-0.00239787996 HASH=db6f0f61210912a6
STEP=0 CP=LAYER_7_ATTN_RESIDUAL COUNT=1536 MIN=-3988.95361 MAX=2411.03101 MEAN=-0.583057567 L2=5970.89569 FIRST8=-14.1591835,3.96991348,4.84149456,-20.0049114,7.98834133,-7.46655416,2.36749721,-11.0742092 HASH=f8ba5246385f7ae7
STEP=0 CP=LAYER_7_FFN_NORM COUNT=1536 MIN=-24.54632 MAX=19.0401192 MEAN=-0.00518809799 L2=34.679044 FIRST8=-0.036667034,0.029925717,0.0311579835,-0.131308481,0.048747208,-0.0470946431,0.0171180684,-0.0715532601 HASH=be3f9cf56ce59d92
STEP=0 CP=LAYER_7_FFN_GATE COUNT=8960 MIN=-4.61909008 MAX=4.74685478 MEAN=-0.472503371 L2=67.9733585 FIRST8=-0.725530326,-0.30885309,-0.118860558,0.00440874696,-2.07091403,-0.491343141,-0.120016046,-1.05155885 HASH=56e6aeb789d9a5d1
STEP=0 CP=LAYER_7_FFN_UP COUNT=8960 MIN=-2.73174596 MAX=3.06532526 MEAN=0.00509567009 L2=33.2029112 FIRST8=0.375959605,-0.0762247294,-0.0416670963,0.739402711,-0.184168309,0.0531934872,-0.0955706984,0.0469024032 HASH=7a44fbed1dd7a2d9
STEP=0 CP=LAYER_7_SWIGLU COUNT=8960 MIN=-1.54597807 MAX=2.33110476 MEAN=0.000188701899 L2=7.84924795 FIRST8=-0.0889711455,0.00996766146,0.00232929364,0.00163351267,0.0426997058,-0.00992072746,0.00539127458,-0.0127703892 HASH=e3434452f01b72f2
STEP=0 CP=LAYER_7_FFN_DOWN COUNT=1536 MIN=-4.99314928 MAX=2.72911096 MEAN=-0.00380181479 L2=11.4849432 FIRST8=-0.0904302597,0.137813941,-0.0222093053,-0.275444776,0.0499381572,0.0689232796,0.140221298,-0.306698978 HASH=2d3e7aff9020df88
STEP=0 CP=LAYER_7_LAYER_RESIDUAL COUNT=1536 MIN=-3991.08008 MAX=2412.04956 MEAN=-0.586859301 L2=5975.00935 FIRST8=-14.2496138,4.10772753,4.81928539,-20.2803555,8.03827953,-7.39763069,2.50771856,-11.380908 HASH=68c79664d70f8267
STEP=0 CP=LAYER_8_ATTN_NORM COUNT=1536 MIN=-4.99289608 MAX=4.14334726 MEAN=-0.00780885152 L2=11.9795003 FIRST8=-0.0533056222,0.0301012639,0.0422304571,-0.11743594,0.0564326867,-0.0403728411,0.0169628877,-0.0688186213 HASH=2802a2f1f59fdc2e
STEP=0 CP=LAYER_8_Q COUNT=1536 MIN=-17.0863495 MAX=11.4396982 MEAN=0.0386984191 L2=59.769571 FIRST8=0.834486008,1.14381385,0.377441853,0.570739746,1.72612906,1.73404002,1.02420139,-1.21947253 HASH=7da03d7d5f4a4a9f
STEP=0 CP=LAYER_8_K COUNT=256 MIN=-0.62151432 MAX=0.718705654 MEAN=0.00464657215 L2=1.47849825 FIRST8=0.00888898224,0.0315060616,0.0144459009,0.0337620676,0.0288163722,-0.0117918849,-0.00544223189,-0.0263887495 HASH=94b185da827df5b1
STEP=0 CP=LAYER_8_V COUNT=256 MIN=-1.88706803 MAX=0.200264245 MEAN=-0.00925061254 L2=2.36044296 FIRST8=0.00599100068,0.000911731273,0.00398860313,-0.0389168859,-0.0296647847,-0.0404082909,-0.00495696813,0.00752064958 HASH=bc2813f81ae12249
STEP=0 CP=LAYER_8_Q_ROPE COUNT=1536 MIN=-17.0863495 MAX=11.4396982 MEAN=0.0386984191 L2=59.769571 FIRST8=0.834486008,1.14381385,0.377441853,0.570739746,1.72612906,1.73404002,1.02420139,-1.21947253 HASH=7da03d7d5f4a4a9f
STEP=0 CP=LAYER_8_K_ROPE COUNT=256 MIN=-0.62151432 MAX=0.718705654 MEAN=0.00464657215 L2=1.47849825 FIRST8=0.00888898224,0.0315060616,0.0144459009,0.0337620676,0.0288163722,-0.0117918849,-0.00544223189,-0.0263887495 HASH=94b185da827df5b1
STEP=0 CP=KV_WRITE LAYER=8 COUNT=256 K_MIN=-0.62151432 K_MAX=0.718705654 K_MEAN=0.00464657215 K_L2=1.47849825 K_HASH=94b185da827df5b1 V_MIN=-1.88706803 V_MAX=0.200264245 V_MEAN=-0.00925061254 V_L2=2.36044296 V_HASH=bc2813f81ae12249
STEP=0 CP=LAYER_8_ATTN_SCORES COUNT=1 MIN=0.910344839 MAX=0.910344839 MEAN=0.910344839 L2=0.910344839 FIRST8=0.910344839,0,0,0,0,0,0,0 HASH=4723829f46ca11c3
STEP=0 CP=LAYER_8_ATTN_PROBS COUNT=1 MIN=1 MAX=1 MEAN=1 L2=1 FIRST8=1,0,0,0,0,0,0,0 HASH=2fa183a08531045a
STEP=0 CP=LAYER_8_ATTN_SCORES COUNT=1 MIN=0.917592824 MAX=0.917592824 MEAN=0.917592824 L2=0.917592824 FIRST8=0.917592824,0,0,0,0,0,0,0 HASH=94b3339a4c999218
STEP=0 CP=LAYER_8_ATTN_PROBS COUNT=1 MIN=1 MAX=1 MEAN=1 L2=1 FIRST8=1,0,0,0,0,0,0,0 HASH=2fa183a08531045a
STEP=0 CP=LAYER_8_ATTN_SCORES COUNT=1 MIN=0.725158513 MAX=0.725158513 MEAN=0.725158513 L2=0.725158513 FIRST8=0.725158513,0,0,0,0,0,0,0 HASH=72ca4c79e3c13b5b
STEP=0 CP=LAYER_8_ATTN_PROBS COUNT=1 MIN=1 MAX=1 MEAN=1 L2=1 FIRST8=1,0,0,0,0,0,0,0 HASH=2fa183a08531045a
STEP=0 CP=LAYER_8_ATTN_SCORES COUNT=1 MIN=1.10948491 MAX=1.10948491 MEAN=1.10948491 L2=1.10948491 FIRST8=1.10948491,0,0,0,0,0,0,0 HASH=d7d2e92cc432f437
STEP=0 CP=LAYER_8_ATTN_PROBS COUNT=1 MIN=1 MAX=1 MEAN=1 L2=1 FIRST8=1,0,0,0,0,0,0,0 HASH=2fa183a08531045a
STEP=0 CP=LAYER_8_ATTN_SCORES COUNT=1 MIN=1.22043848 MAX=1.22043848 MEAN=1.22043848 L2=1.22043848 FIRST8=1.22043848,0,0,0,0,0,0,0 HASH=1ec0d35d0ed3f8e3
STEP=0 CP=LAYER_8_ATTN_PROBS COUNT=1 MIN=1 MAX=1 MEAN=1 L2=1 FIRST8=1,0,0,0,0,0,0,0 HASH=2fa183a08531045a
STEP=0 CP=LAYER_8_ATTN_SCORES COUNT=1 MIN=1.00955403 MAX=1.00955403 MEAN=1.00955403 L2=1.00955403 FIRST8=1.00955403,0,0,0,0,0,0,0 HASH=67db0f1e0cfbcbd1
STEP=0 CP=LAYER_8_ATTN_PROBS COUNT=1 MIN=1 MAX=1 MEAN=1 L2=1 FIRST8=1,0,0,0,0,0,0,0 HASH=2fa183a08531045a
STEP=0 CP=LAYER_8_ATTN_SCORES COUNT=1 MIN=0.841109157 MAX=0.841109157 MEAN=0.841109157 L2=0.841109157 FIRST8=0.841109157,0,0,0,0,0,0,0 HASH=00c8fcea002a3a85
STEP=0 CP=LAYER_8_ATTN_PROBS COUNT=1 MIN=1 MAX=1 MEAN=1 L2=1 FIRST8=1,0,0,0,0,0,0,0 HASH=2fa183a08531045a
STEP=0 CP=LAYER_8_ATTN_SCORES COUNT=1 MIN=0.90788126 MAX=0.90788126 MEAN=0.90788126 L2=0.90788126 FIRST8=0.90788126,0,0,0,0,0,0,0 HASH=72f1ecd805632dfc
STEP=0 CP=LAYER_8_ATTN_PROBS COUNT=1 MIN=1 MAX=1 MEAN=1 L2=1 FIRST8=1,0,0,0,0,0,0,0 HASH=2fa183a08531045a
STEP=0 CP=LAYER_8_ATTN_SCORES COUNT=1 MIN=0.734424651 MAX=0.734424651 MEAN=0.734424651 L2=0.734424651 FIRST8=0.734424651,0,0,0,0,0,0,0 HASH=876886adb8fed032
STEP=0 CP=LAYER_8_ATTN_PROBS COUNT=1 MIN=1 MAX=1 MEAN=1 L2=1 FIRST8=1,0,0,0,0,0,0,0 HASH=2fa183a08531045a
STEP=0 CP=LAYER_8_ATTN_SCORES COUNT=1 MIN=0.322967499 MAX=0.322967499 MEAN=0.322967499 L2=0.322967499 FIRST8=0.322967499,0,0,0,0,0,0,0 HASH=d2979b674e6125e2
STEP=0 CP=LAYER_8_ATTN_PROBS COUNT=1 MIN=1 MAX=1 MEAN=1 L2=1 FIRST8=1,0,0,0,0,0,0,0 HASH=2fa183a08531045a
STEP=0 CP=LAYER_8_ATTN_SCORES COUNT=1 MIN=0.851374507 MAX=0.851374507 MEAN=0.851374507 L2=0.851374507 FIRST8=0.851374507,0,0,0,0,0,0,0 HASH=e2feb1d3cfbdc4b0
STEP=0 CP=LAYER_8_ATTN_PROBS COUNT=1 MIN=1 MAX=1 MEAN=1 L2=1 FIRST8=1,0,0,0,0,0,0,0 HASH=2fa183a08531045a
STEP=0 CP=LAYER_8_ATTN_SCORES COUNT=1 MIN=0.804779828 MAX=0.804779828 MEAN=0.804779828 L2=0.804779828 FIRST8=0.804779828,0,0,0,0,0,0,0 HASH=235a87fc458b6b13
STEP=0 CP=LAYER_8_ATTN_PROBS COUNT=1 MIN=1 MAX=1 MEAN=1 L2=1 FIRST8=1,0,0,0,0,0,0,0 HASH=2fa183a08531045a
STEP=0 CP=LAYER_8_ATTN_VALUE COUNT=1536 MIN=-1.88706803 MAX=0.200264245 MEAN=-0.00925061254 L2=5.78188082 FIRST8=0.00599100068,0.000911731273,0.00398860313,-0.0389168859,-0.0296647847,-0.0404082909,-0.00495696813,0.00752064958 HASH=41a067172525af37
STEP=0 CP=LAYER_8_O_PROJ COUNT=1536 MIN=-0.9084481 MAX=2.57954764 MEAN=-0.0018582834 L2=4.43706244 FIRST8=0.027736783,-0.0497936606,0.10580343,0.121030211,0.0664584935,-0.0077804029,-0.0290615559,0.021586597 HASH=de88d08ad53f0871
STEP=0 CP=LAYER_8_ATTN_RESIDUAL COUNT=1536 MIN=-3990.51636 MAX=2411.86963 MEAN=-0.588717482 L2=5973.86161 FIRST8=-14.2218771,4.05793381,4.92508888,-20.1593246,8.10473824,-7.40541124,2.47865701,-11.3593216 HASH=c49138a4e108a007
STEP=0 CP=LAYER_8_FFN_NORM COUNT=1536 MIN=-23.6233521 MAX=19.7789974 MEAN=-0.00541949197 L2=34.1905462 FIRST8=-0.0298862364,0.0322379284,0.0319326557,-0.144655347,0.0498483405,-0.0478244759,0.0188021977,-0.0768522844 HASH=8fad8cbf497fdade
STEP=0 CP=LAYER_8_FFN_GATE COUNT=8960 MIN=-4.05888987 MAX=1.60160053 MEAN=-0.451753058 L2=65.2700283 FIRST8=-0.418349177,-0.752045572,-0.418692678,-1.08670998,0.0584260039,-0.507659376,0.312538564,0.140258253 HASH=837a5bca5eab4548
STEP=0 CP=LAYER_8_FFN_UP COUNT=8960 MIN=-3.35482621 MAX=2.32179284 MEAN=-0.00736495737 L2=31.4491055 FIRST8=0.579449236,0.0289415568,0.751641452,-0.0363597199,0.233428359,-0.0366291367,-0.351349086,0.297490507 HASH=4a9509ebf331ef3b
STEP=0 CP=LAYER_8_SWIGLU COUNT=8960 MIN=-1.11384571 MAX=1.52826166 MEAN=-0.000176593049 L2=6.40430598 FIRST8=-0.0962162316,-0.00697309664,-0.124884963,0.00996655878,0.00701829419,0.00698697614,-0.063415885,0.0223234426 HASH=a32106db6d379c49
STEP=0 CP=LAYER_8_FFN_DOWN COUNT=1536 MIN=-4.35625362 MAX=2.17430329 MEAN=-0.00579564637 L2=8.82368152 FIRST8=-0.0393040627,-0.175730526,-0.250049263,-0.00156973628,0.212529033,-0.12172585,0.0920539722,-0.00828316342 HASH=edf289d49955ea60
STEP=0 CP=LAYER_8_LAYER_RESIDUAL COUNT=1536 MIN=-3991.4314 MAX=2412.40356 MEAN=-0.59451299 L2=5976.27788 FIRST8=-14.2611809,3.88220334,4.67503977,-20.1608944,8.31726742,-7.52713728,2.5707109,-11.3676052 HASH=1cf02e92904ebf2a
STEP=0 CP=LAYER_9_ATTN_NORM COUNT=1536 MIN=-5.06405354 MAX=4.10436153 MEAN=-0.0104538787 L2=13.0052453 FIRST8=-0.0242941659,0.0276469942,0.0368859433,-0.126532108,0.0575266778,-0.0472411849,0.0185706541,-0.0719268098 HASH=28b8bf96532e647f
STEP=0 CP=LAYER_9_Q COUNT=1536 MIN=-14.4746408 MAX=21.5069256 MEAN=0.054389896 L2=69.6742161 FIRST8=1.71700454,0.163897172,1.35262418,-2.02254701,-1.01268864,2.00438261,-0.465159208,0.76126647 HASH=22abf5d0dd45ec7d
STEP=0 CP=LAYER_9_K COUNT=256 MIN=-2.45709419 MAX=2.04544449 MEAN=0.00289256546 L2=3.3865214 FIRST8=-0.0364725478,-0.0443795025,0.00927740335,0.026789248,0.0168628395,-0.0240749717,0.028549701,0.00818894804 HASH=5424d8a92f00f8d8
STEP=0 CP=LAYER_9_V COUNT=256 MIN=-3.17137766 MAX=1.9074316 MEAN=-0.00603229426 L2=3.78111322 FIRST8=-0.0328232944,0.00840886682,0.0505191982,-0.00299612992,0.0280690622,-0.0608647168,-0.034910243,-0.0182970203 HASH=3840b73cc900c642
STEP=0 CP=LAYER_9_Q_ROPE COUNT=1536 MIN=-14.4746408 MAX=21.5069256 MEAN=0.054389896 L2=69.6742161 FIRST8=1.71700454,0.163897172,1.35262418,-2.02254701,-1.01268864,2.00438261,-0.465159208,0.76126647 HASH=22abf5d0dd45ec7d
STEP=0 CP=LAYER_9_K_ROPE COUNT=256 MIN=-2.45709419 MAX=2.04544449 MEAN=0.00289256546 L2=3.3865214 FIRST8=-0.0364725478,-0.0443795025,0.00927740335,0.026789248,0.0168628395,-0.0240749717,0.028549701,0.00818894804 HASH=5424d8a92f00f8d8
STEP=0 CP=KV_WRITE LAYER=9 COUNT=256 K_MIN=-2.45709419 K_MAX=2.04544449 K_MEAN=0.00289256546 K_L2=3.3865214 K_HASH=5424d8a92f00f8d8 V_MIN=-3.17137766 V_MAX=1.9074316 V_MEAN=-0.00603229426 V_L2=3.78111322 V_HASH=3840b73cc900c642
STEP=0 CP=LAYER_9_ATTN_SCORES COUNT=1 MIN=0.357151836 MAX=0.357151836 MEAN=0.357151836 L2=0.357151836 FIRST8=0.357151836,0,0,0,0,0,0,0 HASH=3a06b921090af480
STEP=0 CP=LAYER_9_ATTN_PROBS COUNT=1 MIN=1 MAX=1 MEAN=1 L2=1 FIRST8=1,0,0,0,0,0,0,0 HASH=2fa183a08531045a
STEP=0 CP=LAYER_9_ATTN_SCORES COUNT=1 MIN=1.29216278 MAX=1.29216278 MEAN=1.29216278 L2=1.29216278 FIRST8=1.29216278,0,0,0,0,0,0,0 HASH=78035b013dd847ff
STEP=0 CP=LAYER_9_ATTN_PROBS COUNT=1 MIN=1 MAX=1 MEAN=1 L2=1 FIRST8=1,0,0,0,0,0,0,0 HASH=2fa183a08531045a
STEP=0 CP=LAYER_9_ATTN_SCORES COUNT=1 MIN=1.24563181 MAX=1.24563181 MEAN=1.24563181 L2=1.24563181 FIRST8=1.24563181,0,0,0,0,0,0,0 HASH=9e01a46c607bde44
STEP=0 CP=LAYER_9_ATTN_PROBS COUNT=1 MIN=1 MAX=1 MEAN=1 L2=1 FIRST8=1,0,0,0,0,0,0,0 HASH=2fa183a08531045a
STEP=0 CP=LAYER_9_ATTN_SCORES COUNT=1 MIN=0.813812971 MAX=0.813812971 MEAN=0.813812971 L2=0.813812971 FIRST8=0.813812971,0,0,0,0,0,0,0 HASH=eb6dea02ff61caa4
STEP=0 CP=LAYER_9_ATTN_PROBS COUNT=1 MIN=1 MAX=1 MEAN=1 L2=1 FIRST8=1,0,0,0,0,0,0,0 HASH=2fa183a08531045a
STEP=0 CP=LAYER_9_ATTN_SCORES COUNT=1 MIN=1.28071642 MAX=1.28071642 MEAN=1.28071642 L2=1.28071642 FIRST8=1.28071642,0,0,0,0,0,0,0 HASH=5179ed929541072b
STEP=0 CP=LAYER_9_ATTN_PROBS COUNT=1 MIN=1 MAX=1 MEAN=1 L2=1 FIRST8=1,0,0,0,0,0,0,0 HASH=2fa183a08531045a
STEP=0 CP=LAYER_9_ATTN_SCORES COUNT=1 MIN=1.39269197 MAX=1.39269197 MEAN=1.39269197 L2=1.39269197 FIRST8=1.39269197,0,0,0,0,0,0,0 HASH=95c90a308c5da732
STEP=0 CP=LAYER_9_ATTN_PROBS COUNT=1 MIN=1 MAX=1 MEAN=1 L2=1 FIRST8=1,0,0,0,0,0,0,0 HASH=2fa183a08531045a
STEP=0 CP=LAYER_9_ATTN_SCORES COUNT=1 MIN=0.243862867 MAX=0.243862867 MEAN=0.243862867 L2=0.243862867 FIRST8=0.243862867,0,0,0,0,0,0,0 HASH=24356332ed657045
STEP=0 CP=LAYER_9_ATTN_PROBS COUNT=1 MIN=1 MAX=1 MEAN=1 L2=1 FIRST8=1,0,0,0,0,0,0,0 HASH=2fa183a08531045a
STEP=0 CP=LAYER_9_ATTN_SCORES COUNT=1 MIN=0.496394187 MAX=0.496394187 MEAN=0.496394187 L2=0.496394187 FIRST8=0.496394187,0,0,0,0,0,0,0 HASH=7c1ec4b90b8029cb
STEP=0 CP=LAYER_9_ATTN_PROBS COUNT=1 MIN=1 MAX=1 MEAN=1 L2=1 FIRST8=1,0,0,0,0,0,0,0 HASH=2fa183a08531045a
STEP=0 CP=LAYER_9_ATTN_SCORES COUNT=1 MIN=0.400001019 MAX=0.400001019 MEAN=0.400001019 L2=0.400001019 FIRST8=0.400001019,0,0,0,0,0,0,0 HASH=cae1abdfa21b6b26
STEP=0 CP=LAYER_9_ATTN_PROBS COUNT=1 MIN=1 MAX=1 MEAN=1 L2=1 FIRST8=1,0,0,0,0,0,0,0 HASH=2fa183a08531045a
STEP=0 CP=LAYER_9_ATTN_SCORES COUNT=1 MIN=0.44362238 MAX=0.44362238 MEAN=0.44362238 L2=0.44362238 FIRST8=0.44362238,0,0,0,0,0,0,0 HASH=95ba50812f5c79c1
STEP=0 CP=LAYER_9_ATTN_PROBS COUNT=1 MIN=1 MAX=1 MEAN=1 L2=1 FIRST8=1,0,0,0,0,0,0,0 HASH=2fa183a08531045a
STEP=0 CP=LAYER_9_ATTN_SCORES COUNT=1 MIN=0.514933586 MAX=0.514933586 MEAN=0.514933586 L2=0.514933586 FIRST8=0.514933586,0,0,0,0,0,0,0 HASH=a48dc304b42a4e3b
STEP=0 CP=LAYER_9_ATTN_PROBS COUNT=1 MIN=1 MAX=1 MEAN=1 L2=1 FIRST8=1,0,0,0,0,0,0,0 HASH=2fa183a08531045a
STEP=0 CP=LAYER_9_ATTN_SCORES COUNT=1 MIN=0.384629518 MAX=0.384629518 MEAN=0.384629518 L2=0.384629518 FIRST8=0.384629518,0,0,0,0,0,0,0 HASH=ac86bfe2527532e6
STEP=0 CP=LAYER_9_ATTN_PROBS COUNT=1 MIN=1 MAX=1 MEAN=1 L2=1 FIRST8=1,0,0,0,0,0,0,0 HASH=2fa183a08531045a
STEP=0 CP=LAYER_9_ATTN_VALUE COUNT=1536 MIN=-3.17137766 MAX=1.9074316 MEAN=-0.00603229426 L2=9.26179805 FIRST8=-0.0328232944,0.00840886682,0.0505191982,-0.00299612992,0.0280690622,-0.0608647168,-0.034910243,-0.0182970203 HASH=7c534a42f9ca6fff
STEP=0 CP=LAYER_9_O_PROJ COUNT=1536 MIN=-2.0077765 MAX=5.64344645 MEAN=-0.00330263403 L2=7.66534228 FIRST8=0.0723440871,0.110513508,0.201964274,0.132690191,0.0470647812,-0.0316693038,-0.122153506,0.0204995424 HASH=118c161c79fce0f8
STEP=0 CP=LAYER_9_ATTN_RESIDUAL COUNT=1536 MIN=-3990.66797 MAX=2412.28369 MEAN=-0.597815698 L2=5974.20028 FIRST8=-14.1888371,3.99271679,4.87700415,-20.028204,8.3643322,-7.55880642,2.44855738,-11.347106 HASH=0c841c8ebd6f4170
STEP=0 CP=LAYER_9_FFN_NORM COUNT=1536 MIN=-22.3957481 MAX=18.0504112 MEAN=-0.00597226282 L2=31.9203934 FIRST8=-0.024179332,0.0325365514,0.0303693339,-0.142679855,0.0507990383,-0.0468753465,0.0185728204,-0.0761837363 HASH=64171e340d36be2f
STEP=0 CP=LAYER_9_FFN_GATE COUNT=8960 MIN=-3.27521157 MAX=3.11808467 MEAN=-0.39351714 L2=59.4153748 FIRST8=0.468414158,-0.117167212,-0.00489148125,0.191861033,-0.934238374,-0.132507876,-0.468947113,-0.237858832 HASH=e95a897cd905159f
STEP=0 CP=LAYER_9_FFN_UP COUNT=8960 MIN=-2.36605048 MAX=1.67089665 MEAN=0.00613985826 L2=30.6524567 FIRST8=-0.0118710175,-0.327395946,0.0257263407,0.28083846,0.0704222918,-0.303471386,0.172350809,0.0672260672 HASH=e3dd4a22e2650318
STEP=0 CP=LAYER_9_SWIGLU COUNT=8960 MIN=-1.70294142 MAX=1.66768622 MEAN=-0.00113127863 L2=6.64332323 FIRST8=-0.00341978623,0.0180576835,-6.27660775e-05,0.0295175426,-0.0185574386,0.0187760089,-0.0311061423,-0.00704875542 HASH=116eefb684ef3b86
STEP=0 CP=LAYER_9_FFN_DOWN COUNT=1536 MIN=-5.93328428 MAX=2.2533946 MEAN=-0.00314737035 L2=10.3844511 FIRST8=-0.130916655,-0.00259176269,0.0298733041,0.0540009253,0.0733750463,-0.0707611293,0.25736469,-0.0756798834 HASH=fa2cd6c2085906c2
STEP=0 CP=LAYER_9_LAYER_RESIDUAL COUNT=1536 MIN=-3992.37378 MAX=2413.5625 MEAN=-0.60096304 L2=5978.05008 FIRST8=-14.3197536,3.99012494,4.90687752,-19.9742031,8.43770695,-7.62956762,2.70592213,-11.4227858 HASH=db120025f74a1e83
STEP=0 CP=LAYER_10_ATTN_NORM COUNT=1536 MIN=-4.36760855 MAX=3.1230855 MEAN=-0.00927311877 L2=11.1755251 FIRST8=-0.0165022872,0.0371949486,0.0487565584,-0.143226564,0.0635283887,-0.0484560132,0.0249467436,-0.0748872831 HASH=9c1b0d07f583b9c1
STEP=0 CP=LAYER_10_Q COUNT=1536 MIN=-5.06290913 MAX=16.6340809 MEAN=0.120914218 L2=57.3021201 FIRST8=-0.0640697554,-0.217886344,-0.121146053,0.168767616,0.280363798,-0.103990614,-0.221699789,-0.38999784 HASH=6cd7abb35545be1b
STEP=0 CP=LAYER_10_K COUNT=256 MIN=-0.472247601 MAX=0.480115891 MEAN=0.0128654857 L2=1.39591582 FIRST8=-0.00783377886,-0.00893497467,-0.0358999595,-0.0148011595,0.0327316523,-0.0281784236,-0.0108369142,0.0114003867 HASH=cc3e8bbdcbaabc87
STEP=0 CP=LAYER_10_V COUNT=256 MIN=-2.75809479 MAX=0.481447697 MEAN=-0.0142487992 L2=3.25650762 FIRST8=-0.0562666878,0.132513955,0.0182923302,0.0306070894,-0.0650361329,0.0309874937,0.00574300811,0.0294740424 HASH=427fcab7c2b37b27
STEP=0 CP=LAYER_10_Q_ROPE COUNT=1536 MIN=-5.06290913 MAX=16.6340809 MEAN=0.120914218 L2=57.3021201 FIRST8=-0.0640697554,-0.217886344,-0.121146053,0.168767616,0.280363798,-0.103990614,-0.221699789,-0.38999784 HASH=6cd7abb35545be1b
STEP=0 CP=LAYER_10_K_ROPE COUNT=256 MIN=-0.472247601 MAX=0.480115891 MEAN=0.0128654857 L2=1.39591582 FIRST8=-0.00783377886,-0.00893497467,-0.0358999595,-0.0148011595,0.0327316523,-0.0281784236,-0.0108369142,0.0114003867 HASH=cc3e8bbdcbaabc87
STEP=0 CP=KV_WRITE LAYER=10 COUNT=256 K_MIN=-0.472247601 K_MAX=0.480115891 K_MEAN=0.0128654857 K_L2=1.39591582 K_HASH=cc3e8bbdcbaabc87 V_MIN=-2.75809479 V_MAX=0.481447697 V_MEAN=-0.0142487992 V_L2=3.25650762 V_HASH=427fcab7c2b37b27
STEP=0 CP=LAYER_10_ATTN_SCORES COUNT=1 MIN=0.388890445 MAX=0.388890445 MEAN=0.388890445 L2=0.388890445 FIRST8=0.388890445,0,0,0,0,0,0,0 HASH=81a9ef90564df78c
STEP=0 CP=LAYER_10_ATTN_PROBS COUNT=1 MIN=1 MAX=1 MEAN=1 L2=1 FIRST8=1,0,0,0,0,0,0,0 HASH=2fa183a08531045a
STEP=0 CP=LAYER_10_ATTN_SCORES COUNT=1 MIN=0.671651721 MAX=0.671651721 MEAN=0.671651721 L2=0.671651721 FIRST8=0.671651721,0,0,0,0,0,0,0 HASH=dcb8098e828f06fc
STEP=0 CP=LAYER_10_ATTN_PROBS COUNT=1 MIN=1 MAX=1 MEAN=1 L2=1 FIRST8=1,0,0,0,0,0,0,0 HASH=2fa183a08531045a
STEP=0 CP=LAYER_10_ATTN_SCORES COUNT=1 MIN=0.540099442 MAX=0.540099442 MEAN=0.540099442 L2=0.540099442 FIRST8=0.540099442,0,0,0,0,0,0,0 HASH=33633c355b10ac2c
STEP=0 CP=LAYER_10_ATTN_PROBS COUNT=1 MIN=1 MAX=1 MEAN=1 L2=1 FIRST8=1,0,0,0,0,0,0,0 HASH=2fa183a08531045a
STEP=0 CP=LAYER_10_ATTN_SCORES COUNT=1 MIN=0.633297503 MAX=0.633297503 MEAN=0.633297503 L2=0.633297503 FIRST8=0.633297503,0,0,0,0,0,0,0 HASH=97b736c4c6ba5b34
STEP=0 CP=LAYER_10_ATTN_PROBS COUNT=1 MIN=1 MAX=1 MEAN=1 L2=1 FIRST8=1,0,0,0,0,0,0,0 HASH=2fa183a08531045a
STEP=0 CP=LAYER_10_ATTN_SCORES COUNT=1 MIN=0.583471298 MAX=0.583471298 MEAN=0.583471298 L2=0.583471298 FIRST8=0.583471298,0,0,0,0,0,0,0 HASH=bdee24c1bc9834fd
STEP=0 CP=LAYER_10_ATTN_PROBS COUNT=1 MIN=1 MAX=1 MEAN=1 L2=1 FIRST8=1,0,0,0,0,0,0,0 HASH=2fa183a08531045a
STEP=0 CP=LAYER_10_ATTN_SCORES COUNT=1 MIN=0.649445474 MAX=0.649445474 MEAN=0.649445474 L2=0.649445474 FIRST8=0.649445474,0,0,0,0,0,0,0 HASH=b88c1bea5eb85c39
STEP=0 CP=LAYER_10_ATTN_PROBS COUNT=1 MIN=1 MAX=1 MEAN=1 L2=1 FIRST8=1,0,0,0,0,0,0,0 HASH=2fa183a08531045a
STEP=0 CP=LAYER_10_ATTN_SCORES COUNT=1 MIN=0.340857536 MAX=0.340857536 MEAN=0.340857536 L2=0.340857536 FIRST8=0.340857536,0,0,0,0,0,0,0 HASH=1bedc78ae3309fd2
STEP=0 CP=LAYER_10_ATTN_PROBS COUNT=1 MIN=1 MAX=1 MEAN=1 L2=1 FIRST8=1,0,0,0,0,0,0,0 HASH=2fa183a08531045a
STEP=0 CP=LAYER_10_ATTN_SCORES COUNT=1 MIN=0.372194439 MAX=0.372194439 MEAN=0.372194439 L2=0.372194439 FIRST8=0.372194439,0,0,0,0,0,0,0 HASH=dc71f6d13e33c9e2
STEP=0 CP=LAYER_10_ATTN_PROBS COUNT=1 MIN=1 MAX=1 MEAN=1 L2=1 FIRST8=1,0,0,0,0,0,0,0 HASH=2fa183a08531045a
STEP=0 CP=LAYER_10_ATTN_SCORES COUNT=1 MIN=0.0497062132 MAX=0.0497062132 MEAN=0.0497062132 L2=0.0497062132 FIRST8=0.0497062132,0,0,0,0,0,0,0 HASH=eeb0d756f65584bd
STEP=0 CP=LAYER_10_ATTN_PROBS COUNT=1 MIN=1 MAX=1 MEAN=1 L2=1 FIRST8=1,0,0,0,0,0,0,0 HASH=2fa183a08531045a
STEP=0 CP=LAYER_10_ATTN_SCORES COUNT=1 MIN=0.426890463 MAX=0.426890463 MEAN=0.426890463 L2=0.426890463 FIRST8=0.426890463,0,0,0,0,0,0,0 HASH=8f0c7ea5b88839bf
STEP=0 CP=LAYER_10_ATTN_PROBS COUNT=1 MIN=1 MAX=1 MEAN=1 L2=1 FIRST8=1,0,0,0,0,0,0,0 HASH=2fa183a08531045a
STEP=0 CP=LAYER_10_ATTN_SCORES COUNT=1 MIN=0.398741335 MAX=0.398741335 MEAN=0.398741335 L2=0.398741335 FIRST8=0.398741335,0,0,0,0,0,0,0 HASH=7abddff6e009bcbf
STEP=0 CP=LAYER_10_ATTN_PROBS COUNT=1 MIN=1 MAX=1 MEAN=1 L2=1 FIRST8=1,0,0,0,0,0,0,0 HASH=2fa183a08531045a
STEP=0 CP=LAYER_10_ATTN_SCORES COUNT=1 MIN=0.38593176 MAX=0.38593176 MEAN=0.38593176 L2=0.38593176 FIRST8=0.38593176,0,0,0,0,0,0,0 HASH=81f485486a9d3261
STEP=0 CP=LAYER_10_ATTN_PROBS COUNT=1 MIN=1 MAX=1 MEAN=1 L2=1 FIRST8=1,0,0,0,0,0,0,0 HASH=2fa183a08531045a
STEP=0 CP=LAYER_10_ATTN_VALUE COUNT=1536 MIN=-2.75809479 MAX=0.481447697 MEAN=-0.0142487992 L2=7.976782 FIRST8=-0.0562666878,0.132513955,0.0182923302,0.0306070894,-0.0650361329,0.0309874937,0.00574300811,0.0294740424 HASH=cdfb31738f5fbe9b
STEP=0 CP=LAYER_10_O_PROJ COUNT=1536 MIN=-2.70285439 MAX=7.23491526 MEAN=0.00166707068 L2=8.76970949 FIRST8=0.112241045,-0.0166557133,0.0914897397,0.0741529912,0.0960974321,-0.0574186072,-0.00882936269,0.00940898061 HASH=fa9b59f675bde62a
STEP=0 CP=LAYER_10_ATTN_RESIDUAL COUNT=1536 MIN=-3991.67163 MAX=2413.19165 MEAN=-0.599296063 L2=5975.19348 FIRST8=-14.2075129,3.97346926,4.99836731,-19.9000492,8.53380394,-7.68698645,2.69709277,-11.4133768 HASH=2ffc3388086d0943
STEP=0 CP=LAYER_10_FFN_NORM COUNT=1536 MIN=-21.4772053 MAX=18.9198151 MEAN=-0.00636293296 L2=31.7712713 FIRST8=-0.0229330752,0.0325779319,0.0299673062,-0.136644647,0.0485399477,-0.0470714606,0.019901786,-0.0742765144 HASH=a8dcf0bc8dc874e2
STEP=0 CP=LAYER_10_FFN_GATE COUNT=8960 MIN=-3.00955749 MAX=2.59451675 MEAN=-0.346003112 L2=57.3684088 FIRST8=0.0113840625,0.292267382,-0.351285875,-0.971240342,0.183305338,-0.724721491,-0.122287124,-0.507469654 HASH=54ee198f62897930
STEP=0 CP=LAYER_10_FFN_UP COUNT=8960 MIN=-3.22861433 MAX=4.12465954 MEAN=-0.00497724497 L2=34.2930509 FIRST8=-0.310596585,0.610411227,-0.44864428,0.0573767871,0.11939197,-0.77865237,0.205365315,0.205387801 HASH=0fb30ee4b5d0d648
STEP=0 CP=LAYER_10_SWIGLU COUNT=8960 MIN=-0.964931667 MAX=1.40323687 MEAN=8.12459996e-06 L2=7.13772378 FIRST8=-0.00177798839,0.102145001,0.0651009232,-0.0153043969,0.0119427117,0.18416363,-0.0117899561,-0.0391675457 HASH=0570885354c0e20f
STEP=0 CP=LAYER_10_FFN_DOWN COUNT=1536 MIN=-6.58773756 MAX=2.03118515 MEAN=-0.00289864978 L2=11.6086153 FIRST8=-0.12646687,0.014949169,0.000751970336,0.182104439,-0.0571066551,0.122921489,0.322365701,0.0850847065 HASH=6d6bda281c379fce
STEP=0 CP=LAYER_10_LAYER_RESIDUAL COUNT=1536 MIN=-3994.1814 MAX=2414.50537 MEAN=-0.60219474 L2=5979.50442 FIRST8=-14.3339796,3.98841834,4.99911928,-19.7179451,8.47669697,-7.56406498,3.01945853,-11.3282919 HASH=91f6898b47499ddb
STEP=0 CP=LAYER_11_ATTN_NORM COUNT=1536 MIN=-5.64672565 MAX=3.55413795 MEAN=-0.0133577279 L2=13.3025593 FIRST8=-0.0147714494,0.0381911509,0.0450532958,-0.133277252,0.0590317957,-0.0491902903,0.0247382782,-0.0719294176 HASH=b711c2b9f5770293
STEP=0 CP=LAYER_11_Q COUNT=1536 MIN=-22.0249672 MAX=6.48878574 MEAN=-0.134625032 L2=63.0335431 FIRST8=0.104562588,0.261524469,-0.271084607,-0.143565699,0.526900887,-0.195708096,-0.223236039,0.254077703 HASH=c109dde8a1edebbd
STEP=0 CP=LAYER_11_K COUNT=256 MIN=-0.544023156 MAX=1.7642889 MEAN=0.010110835 L2=2.76783087 FIRST8=0.0210873485,0.0483357906,-0.0207909346,-0.00287387148,-0.00149124861,-0.0438531339,-0.00742542744,0.0163872391 HASH=802e47b3e3539106
STEP=0 CP=LAYER_11_V COUNT=256 MIN=-2.89589453 MAX=1.77053714 MEAN=-0.0118889809 L2=4.41649836 FIRST8=0.0606230795,0.113519207,0.0827851743,0.0274518207,0.116429314,0.00823209994,-0.00803721696,0.0229371265 HASH=29ec65546150aef6
STEP=0 CP=LAYER_11_Q_ROPE COUNT=1536 MIN=-22.0249672 MAX=6.48878574 MEAN=-0.134625032 L2=63.0335431 FIRST8=0.104562588,0.261524469,-0.271084607,-0.143565699,0.526900887,-0.195708096,-0.223236039,0.254077703 HASH=c109dde8a1edebbd
STEP=0 CP=LAYER_11_K_ROPE COUNT=256 MIN=-0.544023156 MAX=1.7642889 MEAN=0.010110835 L2=2.76783087 FIRST8=0.0210873485,0.0483357906,-0.0207909346,-0.00287387148,-0.00149124861,-0.0438531339,-0.00742542744,0.0163872391 HASH=802e47b3e3539106
STEP=0 CP=KV_WRITE LAYER=11 COUNT=256 K_MIN=-0.544023156 K_MAX=1.7642889 K_MEAN=0.010110835 K_L2=2.76783087 K_HASH=802e47b3e3539106 V_MIN=-2.89589453 V_MAX=1.77053714 V_MEAN=-0.0118889809 V_L2=4.41649836 V_HASH=29ec65546150aef6
STEP=0 CP=LAYER_11_ATTN_SCORES COUNT=1 MIN=0.243898556 MAX=0.243898556 MEAN=0.243898556 L2=0.243898556 FIRST8=0.243898556,0,0,0,0,0,0,0 HASH=2ae9ee9de2007b27
STEP=0 CP=LAYER_11_ATTN_PROBS COUNT=1 MIN=1 MAX=1 MEAN=1 L2=1 FIRST8=1,0,0,0,0,0,0,0 HASH=2fa183a08531045a
STEP=0 CP=LAYER_11_ATTN_SCORES COUNT=1 MIN=0.374434859 MAX=0.374434859 MEAN=0.374434859 L2=0.374434859 FIRST8=0.374434859,0,0,0,0,0,0,0 HASH=5f15b0eecb663038
STEP=0 CP=LAYER_11_ATTN_PROBS COUNT=1 MIN=1 MAX=1 MEAN=1 L2=1 FIRST8=1,0,0,0,0,0,0,0 HASH=2fa183a08531045a
STEP=0 CP=LAYER_11_ATTN_SCORES COUNT=1 MIN=0.480358243 MAX=0.480358243 MEAN=0.480358243 L2=0.480358243 FIRST8=0.480358243,0,0,0,0,0,0,0 HASH=9e51df92c07698cf
STEP=0 CP=LAYER_11_ATTN_PROBS COUNT=1 MIN=1 MAX=1 MEAN=1 L2=1 FIRST8=1,0,0,0,0,0,0,0 HASH=2fa183a08531045a
STEP=0 CP=LAYER_11_ATTN_SCORES COUNT=1 MIN=0.271638066 MAX=0.271638066 MEAN=0.271638066 L2=0.271638066 FIRST8=0.271638066,0,0,0,0,0,0,0 HASH=aa72dbc416a0e49f
STEP=0 CP=LAYER_11_ATTN_PROBS COUNT=1 MIN=1 MAX=1 MEAN=1 L2=1 FIRST8=1,0,0,0,0,0,0,0 HASH=2fa183a08531045a
STEP=0 CP=LAYER_11_ATTN_SCORES COUNT=1 MIN=0.440888345 MAX=0.440888345 MEAN=0.440888345 L2=0.440888345 FIRST8=0.440888345,0,0,0,0,0,0,0 HASH=e16f1377d5bb9a7a
STEP=0 CP=LAYER_11_ATTN_PROBS COUNT=1 MIN=1 MAX=1 MEAN=1 L2=1 FIRST8=1,0,0,0,0,0,0,0 HASH=2fa183a08531045a
STEP=0 CP=LAYER_11_ATTN_SCORES COUNT=1 MIN=0.341451228 MAX=0.341451228 MEAN=0.341451228 L2=0.341451228 FIRST8=0.341451228,0,0,0,0,0,0,0 HASH=9814f3f6694d906b
STEP=0 CP=LAYER_11_ATTN_PROBS COUNT=1 MIN=1 MAX=1 MEAN=1 L2=1 FIRST8=1,0,0,0,0,0,0,0 HASH=2fa183a08531045a
STEP=0 CP=LAYER_11_ATTN_SCORES COUNT=1 MIN=0.640390694 MAX=0.640390694 MEAN=0.640390694 L2=0.640390694 FIRST8=0.640390694,0,0,0,0,0,0,0 HASH=73e6129849f67420
STEP=0 CP=LAYER_11_ATTN_PROBS COUNT=1 MIN=1 MAX=1 MEAN=1 L2=1 FIRST8=1,0,0,0,0,0,0,0 HASH=2fa183a08531045a
STEP=0 CP=LAYER_11_ATTN_SCORES COUNT=1 MIN=0.845136523 MAX=0.845136523 MEAN=0.845136523 L2=0.845136523 FIRST8=0.845136523,0,0,0,0,0,0,0 HASH=5c3904656195a956
STEP=0 CP=LAYER_11_ATTN_PROBS COUNT=1 MIN=1 MAX=1 MEAN=1 L2=1 FIRST8=1,0,0,0,0,0,0,0 HASH=2fa183a08531045a
STEP=0 CP=LAYER_11_ATTN_SCORES COUNT=1 MIN=1.34238434 MAX=1.34238434 MEAN=1.34238434 L2=1.34238434 FIRST8=1.34238434,0,0,0,0,0,0,0 HASH=d9975eb705741270
STEP=0 CP=LAYER_11_ATTN_PROBS COUNT=1 MIN=1 MAX=1 MEAN=1 L2=1 FIRST8=1,0,0,0,0,0,0,0 HASH=2fa183a08531045a
STEP=0 CP=LAYER_11_ATTN_SCORES COUNT=1 MIN=0.905414522 MAX=0.905414522 MEAN=0.905414522 L2=0.905414522 FIRST8=0.905414522,0,0,0,0,0,0,0 HASH=48cddc7d1f09664d
STEP=0 CP=LAYER_11_ATTN_PROBS COUNT=1 MIN=1 MAX=1 MEAN=1 L2=1 FIRST8=1,0,0,0,0,0,0,0 HASH=2fa183a08531045a
STEP=0 CP=LAYER_11_ATTN_SCORES COUNT=1 MIN=0.615937889 MAX=0.615937889 MEAN=0.615937889 L2=0.615937889 FIRST8=0.615937889,0,0,0,0,0,0,0 HASH=a973e052a030c8e6
STEP=0 CP=LAYER_11_ATTN_PROBS COUNT=1 MIN=1 MAX=1 MEAN=1 L2=1 FIRST8=1,0,0,0,0,0,0,0 HASH=2fa183a08531045a
STEP=0 CP=LAYER_11_ATTN_SCORES COUNT=1 MIN=0.897034645 MAX=0.897034645 MEAN=0.897034645 L2=0.897034645 FIRST8=0.897034645,0,0,0,0,0,0,0 HASH=1472a82426ec8a6b
STEP=0 CP=LAYER_11_ATTN_PROBS COUNT=1 MIN=1 MAX=1 MEAN=1 L2=1 FIRST8=1,0,0,0,0,0,0,0 HASH=2fa183a08531045a
STEP=0 CP=LAYER_11_ATTN_VALUE COUNT=1536 MIN=-2.89589453 MAX=1.77053714 MEAN=-0.0118889809 L2=10.8181674 FIRST8=0.0606230795,0.113519207,0.0827851743,0.0274518207,0.116429314,0.00823209994,-0.00803721696,0.0229371265 HASH=8db4e3f1ef506013
STEP=0 CP=LAYER_11_O_PROJ COUNT=1536 MIN=-4.45575809 MAX=11.2514439 MEAN=-0.00348710236 L2=13.6056528 FIRST8=0.104082465,0.215010703,0.113029227,-0.130185395,0.188377082,-0.119221061,0.0600667298,-0.0067429319 HASH=a08c11c7ff2871c2
STEP=0 CP=LAYER_11_ATTN_RESIDUAL COUNT=1536 MIN=-3993.08911 MAX=2413.97876 MEAN=-0.605681889 L2=5974.87829 FIRST8=-14.2298975,4.20342922,5.11214828,-19.8481312,8.66507435,-7.68328619,3.07952523,-11.3350344 HASH=aecbc40dd19c01f9
STEP=0 CP=LAYER_11_FFN_NORM COUNT=1536 MIN=-23.4299335 MAX=19.1743965 MEAN=-0.00871542301 L2=33.5396157 FIRST8=-0.0244288575,0.0351113789,0.0284242984,-0.132226825,0.0461808816,-0.0427202061,0.0219358839,-0.0708662122 HASH=05c83f5c5b0335be
STEP=0 CP=LAYER_11_FFN_GATE COUNT=8960 MIN=-4.10828638 MAX=2.45709634 MEAN=-0.400266975 L2=63.9636713 FIRST8=-0.533292174,-0.745131433,0.141523033,0.322455734,-0.104472354,-0.162964031,-0.968438208,0.356693447 HASH=56061d3e38b78107
STEP=0 CP=LAYER_11_FFN_UP COUNT=8960 MIN=-2.71935415 MAX=1.78905427 MEAN=-0.00616064998 L2=35.2777536 FIRST8=0.0392291173,-0.31565854,-0.351745069,0.732393861,-0.11843808,0.184204519,-0.33913359,-0.692939639 HASH=0f00c3f454c01323
STEP=0 CP=LAYER_11_SWIGLU COUNT=8960 MIN=-1.84064269 MAX=1.30934906 MEAN=-0.000559351193 L2=8.04775501 FIRST8=-0.00773537206,0.075709179,-0.0266483352,0.136957198,0.00586387422,-0.0137890633,0.0903812647,-0.145393476 HASH=968ee494941c3714
STEP=0 CP=LAYER_11_FFN_DOWN COUNT=1536 MIN=-7.64907932 MAX=2.89493966 MEAN=-0.00436193184 L2=13.229737 FIRST8=0.0790277049,-0.231544688,0.0465210974,-0.0434029326,0.0646379218,-0.0747645646,0.202826679,0.0302304924 HASH=ca5ae94b834c710b
STEP=0 CP=LAYER_11_LAYER_RESIDUAL COUNT=1536 MIN=-3995.64355 MAX=2415.31152 MEAN=-0.610043787 L2=5979.49055 FIRST8=-14.1508694,3.97188449,5.15866947,-19.8915348,8.72971249,-7.75805092,3.28235197,-11.3048038 HASH=e05dda2a850a2210
STEP=0 CP=LAYER_12_ATTN_NORM COUNT=1536 MIN=-4.64791203 MAX=3.47702789 MEAN=-0.00933356664 L2=11.9624098 FIRST8=-0.0655772462,0.0402701534,0.0620764755,-0.140562296,0.0719693005,-0.0452875607,0.0284049027,-0.0850945637 HASH=da76b144db0311c7
STEP=0 CP=LAYER_12_Q COUNT=1536 MIN=-14.4782381 MAX=12.2511663 MEAN=-0.128618439 L2=57.8356781 FIRST8=0.225750387,-0.895689309,-0.890798748,0.953410268,-0.712298572,0.540620267,-1.11039233,-0.936544061 HASH=1462b260fb5ca5f8
STEP=0 CP=LAYER_12_K COUNT=256 MIN=-1.39210176 MAX=2.31650972 MEAN=0.00941655578 L2=3.38664099 FIRST8=0.0392927229,-0.0328255296,-0.0127715468,0.00106082112,-0.00836107135,-0.00261735916,0.00520688295,0.0257721394 HASH=7ec7b4382e938c92
STEP=0 CP=LAYER_12_V COUNT=256 MIN=-1.83844864 MAX=0.847466052 MEAN=-0.00412716669 L2=2.81456374 FIRST8=-0.0403288677,0.0277609192,0.0827177688,0.00474792719,0.0739825368,-0.0207971558,-0.0119190626,0.019856371 HASH=1913b8fb37a092d3
STEP=0 CP=LAYER_12_Q_ROPE COUNT=1536 MIN=-14.4782381 MAX=12.2511663 MEAN=-0.128618439 L2=57.8356781 FIRST8=0.225750387,-0.895689309,-0.890798748,0.953410268,-0.712298572,0.540620267,-1.11039233,-0.936544061 HASH=1462b260fb5ca5f8
STEP=0 CP=LAYER_12_K_ROPE COUNT=256 MIN=-1.39210176 MAX=2.31650972 MEAN=0.00941655578 L2=3.38664099 FIRST8=0.0392927229,-0.0328255296,-0.0127715468,0.00106082112,-0.00836107135,-0.00261735916,0.00520688295,0.0257721394 HASH=7ec7b4382e938c92
STEP=0 CP=KV_WRITE LAYER=12 COUNT=256 K_MIN=-1.39210176 K_MAX=2.31650972 K_MEAN=0.00941655578 K_L2=3.38664099 K_HASH=7ec7b4382e938c92 V_MIN=-1.83844864 V_MAX=0.847466052 V_MEAN=-0.00412716669 V_L2=2.81456374 V_HASH=1913b8fb37a092d3
STEP=0 CP=LAYER_12_ATTN_SCORES COUNT=1 MIN=2.55538845 MAX=2.55538845 MEAN=2.55538845 L2=2.55538845 FIRST8=2.55538845,0,0,0,0,0,0,0 HASH=c66ad7ac99f20ab9
STEP=0 CP=LAYER_12_ATTN_PROBS COUNT=1 MIN=1 MAX=1 MEAN=1 L2=1 FIRST8=1,0,0,0,0,0,0,0 HASH=2fa183a08531045a
STEP=0 CP=LAYER_12_ATTN_SCORES COUNT=1 MIN=2.55160952 MAX=2.55160952 MEAN=2.55160952 L2=2.55160952 FIRST8=2.55160952,0,0,0,0,0,0,0 HASH=282ccde91e4cca31
STEP=0 CP=LAYER_12_ATTN_PROBS COUNT=1 MIN=1 MAX=1 MEAN=1 L2=1 FIRST8=1,0,0,0,0,0,0,0 HASH=2fa183a08531045a
STEP=0 CP=LAYER_12_ATTN_SCORES COUNT=1 MIN=2.87856269 MAX=2.87856269 MEAN=2.87856269 L2=2.87856269 FIRST8=2.87856269,0,0,0,0,0,0,0 HASH=b05ec386fe9ae462
STEP=0 CP=LAYER_12_ATTN_PROBS COUNT=1 MIN=1 MAX=1 MEAN=1 L2=1 FIRST8=1,0,0,0,0,0,0,0 HASH=2fa183a08531045a
STEP=0 CP=LAYER_12_ATTN_SCORES COUNT=1 MIN=2.03461528 MAX=2.03461528 MEAN=2.03461528 L2=2.03461528 FIRST8=2.03461528,0,0,0,0,0,0,0 HASH=02cafc921e95f32f
STEP=0 CP=LAYER_12_ATTN_PROBS COUNT=1 MIN=1 MAX=1 MEAN=1 L2=1 FIRST8=1,0,0,0,0,0,0,0 HASH=2fa183a08531045a
STEP=0 CP=LAYER_12_ATTN_SCORES COUNT=1 MIN=1.61538756 MAX=1.61538756 MEAN=1.61538756 L2=1.61538756 FIRST8=1.61538756,0,0,0,0,0,0,0 HASH=14d612b86a07ceda
STEP=0 CP=LAYER_12_ATTN_PROBS COUNT=1 MIN=1 MAX=1 MEAN=1 L2=1 FIRST8=1,0,0,0,0,0,0,0 HASH=2fa183a08531045a
STEP=0 CP=LAYER_12_ATTN_SCORES COUNT=1 MIN=2.55608416 MAX=2.55608416 MEAN=2.55608416 L2=2.55608416 FIRST8=2.55608416,0,0,0,0,0,0,0 HASH=239081825a6b413c
STEP=0 CP=LAYER_12_ATTN_PROBS COUNT=1 MIN=1 MAX=1 MEAN=1 L2=1 FIRST8=1,0,0,0,0,0,0,0 HASH=2fa183a08531045a
STEP=0 CP=LAYER_12_ATTN_SCORES COUNT=1 MIN=1.47254884 MAX=1.47254884 MEAN=1.47254884 L2=1.47254884 FIRST8=1.47254884,0,0,0,0,0,0,0 HASH=74c9e16e4ef3684d
STEP=0 CP=LAYER_12_ATTN_PROBS COUNT=1 MIN=1 MAX=1 MEAN=1 L2=1 FIRST8=1,0,0,0,0,0,0,0 HASH=2fa183a08531045a
STEP=0 CP=LAYER_12_ATTN_SCORES COUNT=1 MIN=1.18858194 MAX=1.18858194 MEAN=1.18858194 L2=1.18858194 FIRST8=1.18858194,0,0,0,0,0,0,0 HASH=a1030866fdb7bf03
STEP=0 CP=LAYER_12_ATTN_PROBS COUNT=1 MIN=1 MAX=1 MEAN=1 L2=1 FIRST8=1,0,0,0,0,0,0,0 HASH=2fa183a08531045a
STEP=0 CP=LAYER_12_ATTN_SCORES COUNT=1 MIN=1.19325435 MAX=1.19325435 MEAN=1.19325435 L2=1.19325435 FIRST8=1.19325435,0,0,0,0,0,0,0 HASH=c26819c2ae4f64fd
STEP=0 CP=LAYER_12_ATTN_PROBS COUNT=1 MIN=1 MAX=1 MEAN=1 L2=1 FIRST8=1,0,0,0,0,0,0,0 HASH=2fa183a08531045a
STEP=0 CP=LAYER_12_ATTN_SCORES COUNT=1 MIN=1.05032647 MAX=1.05032647 MEAN=1.05032647 L2=1.05032647 FIRST8=1.05032647,0,0,0,0,0,0,0 HASH=379097613466b76a
STEP=0 CP=LAYER_12_ATTN_PROBS COUNT=1 MIN=1 MAX=1 MEAN=1 L2=1 FIRST8=1,0,0,0,0,0,0,0 HASH=2fa183a08531045a
STEP=0 CP=LAYER_12_ATTN_SCORES COUNT=1 MIN=0.706031561 MAX=0.706031561 MEAN=0.706031561 L2=0.706031561 FIRST8=0.706031561,0,0,0,0,0,0,0 HASH=4c7cc5ad76f657a8
STEP=0 CP=LAYER_12_ATTN_PROBS COUNT=1 MIN=1 MAX=1 MEAN=1 L2=1 FIRST8=1,0,0,0,0,0,0,0 HASH=2fa183a08531045a
STEP=0 CP=LAYER_12_ATTN_SCORES COUNT=1 MIN=1.18043995 MAX=1.18043995 MEAN=1.18043995 L2=1.18043995 FIRST8=1.18043995,0,0,0,0,0,0,0 HASH=efca28c2be8c3b51
STEP=0 CP=LAYER_12_ATTN_PROBS COUNT=1 MIN=1 MAX=1 MEAN=1 L2=1 FIRST8=1,0,0,0,0,0,0,0 HASH=2fa183a08531045a
STEP=0 CP=LAYER_12_ATTN_VALUE COUNT=1536 MIN=-1.83844864 MAX=0.847466052 MEAN=-0.00412716669 L2=6.89424502 FIRST8=-0.0403288677,0.0277609192,0.0827177688,0.00474792719,0.0739825368,-0.0207971558,-0.0119190626,0.019856371 HASH=30f3da29d198363b
STEP=0 CP=LAYER_12_O_PROJ COUNT=1536 MIN=-1.6835146 MAX=4.80488968 MEAN=-7.83066838e-05 L2=6.18077438 FIRST8=0.0241380855,0.00722035766,0.155264169,0.0123779178,0.161379457,-0.0605410039,-0.0524103045,0.0179992914 HASH=2755d416125bcdd6
STEP=0 CP=LAYER_12_ATTN_RESIDUAL COUNT=1536 MIN=-3995.30762 MAX=2415.18848 MEAN=-0.610122023 L2=5977.77382 FIRST8=-14.1267309,3.97910476,5.31393385,-19.8791561,8.8910923,-7.81859207,3.22994161,-11.2868042 HASH=0946e8e91574f535
STEP=0 CP=LAYER_12_FFN_NORM COUNT=1536 MIN=-21.5898094 MAX=15.5253315 MEAN=-0.0089349022 L2=29.3159849 FIRST8=-0.0210743286,0.033425305,0.0289875735,-0.132369354,0.0469070859,-0.0406481437,0.0234924965,-0.0702414364 HASH=fe54810d7bfc671f
STEP=0 CP=LAYER_12_FFN_GATE COUNT=8960 MIN=-3.9536109 MAX=1.64015031 MEAN=-0.318185076 L2=54.9676821 FIRST8=-0.462247282,-0.357380033,-0.220545828,0.230793625,-1.29372859,-0.609962881,-0.0771622956,-0.812167764 HASH=b20e8b8106199cbc
STEP=0 CP=LAYER_12_FFN_UP COUNT=8960 MIN=-3.69177008 MAX=3.381284 MEAN=-0.00251446349 L2=34.5116165 FIRST8=0.10473606,0.0670647025,-0.336036623,-0.426823378,0.524718463,0.162115753,-0.10713277,0.298930079 HASH=4e92247be279771e
STEP=0 CP=LAYER_12_SWIGLU COUNT=8960 MIN=-0.88587296 MAX=0.551263809 MEAN=-0.000125467081 L2=6.30780908 FIRST8=-0.0187097117,-0.0098649133,0.0329859778,-0.0549127199,-0.146102265,-0.0348140709,0.00397391664,-0.0746379718 HASH=ae782910ad648792
STEP=0 CP=LAYER_12_FFN_DOWN COUNT=1536 MIN=-2.46793318 MAX=0.962394297 MEAN=-0.00771332779 L2=8.10221402 FIRST8=0.0163891241,0.0445957072,-0.0902508497,-0.244372949,-0.0717702433,0.322759926,-0.0876299217,0.0440540388 HASH=63733e2cc0167c1b
STEP=0 CP=LAYER_12_LAYER_RESIDUAL COUNT=1536 MIN=-3995.8562 MAX=2416.15088 MEAN=-0.617835236 L2=5979.18395 FIRST8=-14.110342,4.02370024,5.22368288,-20.1235294,8.81932163,-7.49583197,3.14231157,-11.2427502 HASH=63f1a9800f667ede
STEP=0 CP=LAYER_13_ATTN_NORM COUNT=1536 MIN=-17.4952316 MAX=2.98575139 MEAN=-0.020449125 L2=19.9677651 FIRST8=-0.0143611226,0.0362645239,0.0446721651,-0.124175213,0.0575823113,-0.0324354768,0.0241370518,-0.0722536817 HASH=f264060905124b9f
STEP=0 CP=LAYER_13_Q COUNT=1536 MIN=-23.2660999 MAX=19.5599041 MEAN=-0.0505629132 L2=72.6704612 FIRST8=-1.08194447,2.59120202,3.924196,-0.205971599,-4.24607706,0.285795808,-0.781157196,0.963764846 HASH=a9d633df6f936dc3
STEP=0 CP=LAYER_13_K COUNT=256 MIN=-7.8363533 MAX=13.1738071 MEAN=0.129178442 L2=27.1035884 FIRST8=-0.01258564,0.0267822072,-0.0658763945,0.0102958977,0.0525601506,0.0246740729,0.00864958763,-0.0146356821 HASH=323035c30c637346
STEP=0 CP=LAYER_13_V COUNT=256 MIN=-0.769727111 MAX=3.77841783 MEAN=-0.000462737695 L2=4.35450039 FIRST8=0.0294223428,-0.150836259,0.0282686241,-0.0648763552,-0.00440234691,-0.769727111,0.135855243,0.00978974812 HASH=5899c28b2155a342
STEP=0 CP=LAYER_13_Q_ROPE COUNT=1536 MIN=-23.2660999 MAX=19.5599041 MEAN=-0.0505629132 L2=72.6704612 FIRST8=-1.08194447,2.59120202,3.924196,-0.205971599,-4.24607706,0.285795808,-0.781157196,0.963764846 HASH=a9d633df6f936dc3
STEP=0 CP=LAYER_13_K_ROPE COUNT=256 MIN=-7.8363533 MAX=13.1738071 MEAN=0.129178442 L2=27.1035884 FIRST8=-0.01258564,0.0267822072,-0.0658763945,0.0102958977,0.0525601506,0.0246740729,0.00864958763,-0.0146356821 HASH=323035c30c637346
STEP=0 CP=KV_WRITE LAYER=13 COUNT=256 K_MIN=-7.8363533 K_MAX=13.1738071 K_MEAN=0.129178442 K_L2=27.1035884 K_HASH=323035c30c637346 V_MIN=-0.769727111 V_MAX=3.77841783 V_MEAN=-0.000462737695 V_L2=4.35450039 V_HASH=5899c28b2155a342
STEP=0 CP=LAYER_13_ATTN_SCORES COUNT=1 MIN=1.35848391 MAX=1.35848391 MEAN=1.35848391 L2=1.35848391 FIRST8=1.35848391,0,0,0,0,0,0,0 HASH=e9c241e604db7cb0
STEP=0 CP=LAYER_13_ATTN_PROBS COUNT=1 MIN=1 MAX=1 MEAN=1 L2=1 FIRST8=1,0,0,0,0,0,0,0 HASH=2fa183a08531045a
STEP=0 CP=LAYER_13_ATTN_SCORES COUNT=1 MIN=1.30750251 MAX=1.30750251 MEAN=1.30750251 L2=1.30750251 FIRST8=1.30750251,0,0,0,0,0,0,0 HASH=49ec7585accb1177
STEP=0 CP=LAYER_13_ATTN_PROBS COUNT=1 MIN=1 MAX=1 MEAN=1 L2=1 FIRST8=1,0,0,0,0,0,0,0 HASH=2fa183a08531045a
STEP=0 CP=LAYER_13_ATTN_SCORES COUNT=1 MIN=1.24542022 MAX=1.24542022 MEAN=1.24542022 L2=1.24542022 FIRST8=1.24542022,0,0,0,0,0,0,0 HASH=c1a0dde9dbad93a0
STEP=0 CP=LAYER_13_ATTN_PROBS COUNT=1 MIN=1 MAX=1 MEAN=1 L2=1 FIRST8=1,0,0,0,0,0,0,0 HASH=2fa183a08531045a
STEP=0 CP=LAYER_13_ATTN_SCORES COUNT=1 MIN=1.45481086 MAX=1.45481086 MEAN=1.45481086 L2=1.45481086 FIRST8=1.45481086,0,0,0,0,0,0,0 HASH=aa16d2839efa7d73
STEP=0 CP=LAYER_13_ATTN_PROBS COUNT=1 MIN=1 MAX=1 MEAN=1 L2=1 FIRST8=1,0,0,0,0,0,0,0 HASH=2fa183a08531045a
STEP=0 CP=LAYER_13_ATTN_SCORES COUNT=1 MIN=2.16552973 MAX=2.16552973 MEAN=2.16552973 L2=2.16552973 FIRST8=2.16552973,0,0,0,0,0,0,0 HASH=e1ae82d03f14563b
STEP=0 CP=LAYER_13_ATTN_PROBS COUNT=1 MIN=1 MAX=1 MEAN=1 L2=1 FIRST8=1,0,0,0,0,0,0,0 HASH=2fa183a08531045a
STEP=0 CP=LAYER_13_ATTN_SCORES COUNT=1 MIN=1.06815147 MAX=1.06815147 MEAN=1.06815147 L2=1.06815147 FIRST8=1.06815147,0,0,0,0,0,0,0 HASH=aaed2432a8b26b15
STEP=0 CP=LAYER_13_ATTN_PROBS COUNT=1 MIN=1 MAX=1 MEAN=1 L2=1 FIRST8=1,0,0,0,0,0,0,0 HASH=2fa183a08531045a
STEP=0 CP=LAYER_13_ATTN_SCORES COUNT=1 MIN=8.22968006 MAX=8.22968006 MEAN=8.22968006 L2=8.22968006 FIRST8=8.22968006,0,0,0,0,0,0,0 HASH=109a85a125b1b62e
STEP=0 CP=LAYER_13_ATTN_PROBS COUNT=1 MIN=1 MAX=1 MEAN=1 L2=1 FIRST8=1,0,0,0,0,0,0,0 HASH=2fa183a08531045a
STEP=0 CP=LAYER_13_ATTN_SCORES COUNT=1 MIN=7.88280249 MAX=7.88280249 MEAN=7.88280249 L2=7.88280249 FIRST8=7.88280249,0,0,0,0,0,0,0 HASH=aa240ebe7f2546c1
STEP=0 CP=LAYER_13_ATTN_PROBS COUNT=1 MIN=1 MAX=1 MEAN=1 L2=1 FIRST8=1,0,0,0,0,0,0,0 HASH=2fa183a08531045a
STEP=0 CP=LAYER_13_ATTN_SCORES COUNT=1 MIN=9.95439434 MAX=9.95439434 MEAN=9.95439434 L2=9.95439434 FIRST8=9.95439434,0,0,0,0,0,0,0 HASH=a615d219009e72e3
STEP=0 CP=LAYER_13_ATTN_PROBS COUNT=1 MIN=1 MAX=1 MEAN=1 L2=1 FIRST8=1,0,0,0,0,0,0,0 HASH=2fa183a08531045a
STEP=0 CP=LAYER_13_ATTN_SCORES COUNT=1 MIN=9.39283085 MAX=9.39283085 MEAN=9.39283085 L2=9.39283085 FIRST8=9.39283085,0,0,0,0,0,0,0 HASH=29f0f0d9858f29e8
STEP=0 CP=LAYER_13_ATTN_PROBS COUNT=1 MIN=1 MAX=1 MEAN=1 L2=1 FIRST8=1,0,0,0,0,0,0,0 HASH=2fa183a08531045a
STEP=0 CP=LAYER_13_ATTN_SCORES COUNT=1 MIN=9.02136803 MAX=9.02136803 MEAN=9.02136803 L2=9.02136803 FIRST8=9.02136803,0,0,0,0,0,0,0 HASH=8224ae846d2a119b
STEP=0 CP=LAYER_13_ATTN_PROBS COUNT=1 MIN=1 MAX=1 MEAN=1 L2=1 FIRST8=1,0,0,0,0,0,0,0 HASH=2fa183a08531045a
STEP=0 CP=LAYER_13_ATTN_SCORES COUNT=1 MIN=8.30760574 MAX=8.30760574 MEAN=8.30760574 L2=8.30760574 FIRST8=8.30760574,0,0,0,0,0,0,0 HASH=6983c23fb94f9ae1
STEP=0 CP=LAYER_13_ATTN_PROBS COUNT=1 MIN=1 MAX=1 MEAN=1 L2=1 FIRST8=1,0,0,0,0,0,0,0 HASH=2fa183a08531045a
STEP=0 CP=LAYER_13_ATTN_VALUE COUNT=1536 MIN=-0.769727111 MAX=3.77841783 MEAN=-0.000462737695 L2=10.666304 FIRST8=0.0294223428,-0.150836259,0.0282686241,-0.0648763552,-0.00440234691,-0.769727111,0.135855243,0.00978974812 HASH=16dc66a8a9258a0f
STEP=0 CP=LAYER_13_O_PROJ COUNT=1536 MIN=-1.54327798 MAX=4.3600502 MEAN=0.00165479044 L2=7.24431319 FIRST8=0.056156829,0.131842941,0.258411944,-0.035944283,0.0962687731,-0.111603826,-0.0568823218,0.105539143 HASH=83da7346482fba0f
STEP=0 CP=LAYER_13_ATTN_RESIDUAL COUNT=1536 MIN=-3995.57471 MAX=2416.31323 MEAN=-0.616180429 L2=5977.95759 FIRST8=-14.0541849,4.15554333,5.48209476,-20.1594734,8.91559029,-7.6074357,3.08542919,-11.1372108 HASH=f844e3812dc8948f
STEP=0 CP=LAYER_13_FFN_NORM COUNT=1536 MIN=-18.3161888 MAX=13.6756601 MEAN=-0.00708496894 L2=25.3434206 FIRST8=-0.0187159479,0.0351191983,0.0279384572,-0.131650388,0.0465782434,-0.0366267972,0.0216505509,-0.0684526861 HASH=d6ef52417b228ec4
STEP=0 CP=LAYER_13_FFN_GATE COUNT=8960 MIN=-3.0981884 MAX=1.53412509 MEAN=-0.227998744 L2=45.5749395 FIRST8=-0.410993367,-0.0305638909,-0.133636579,-0.180665851,-0.620007694,0.0811765939,0.248365402,-0.4962762 HASH=960990059e002339
STEP=0 CP=LAYER_13_FFN_UP COUNT=8960 MIN=-2.00662637 MAX=2.08602476 MEAN=0.00276203991 L2=32.6755465 FIRST8=-0.186841279,-0.500023723,0.496987075,0.388103276,-0.154031351,0.194651574,-0.490010649,0.119628295 HASH=bea02deb24edcd32
STEP=0 CP=LAYER_13_SWIGLU COUNT=8960 MIN=-0.974082351 MAX=0.779355884 MEAN=-0.000714896021 L2=5.82159199 FIRST8=0.0306143817,0.00752456952,-0.0309922341,-0.0319001526,0.0334041752,0.00822107028,-0.068368867,-0.0224660672 HASH=49588ce33e25ed1d
STEP=0 CP=LAYER_13_FFN_DOWN COUNT=1536 MIN=-4.59790039 MAX=1.55498815 MEAN=-0.00315387209 L2=8.76977464 FIRST8=0.0167715568,-0.192734241,0.0282531437,-0.177989498,-0.230394155,0.327657133,0.255524009,-0.0681000426 HASH=856788d71db7ab82
STEP=0 CP=LAYER_13_LAYER_RESIDUAL COUNT=1536 MIN=-3997.0293 MAX=2417.46021 MEAN=-0.619334313 L2=5980.86574 FIRST8=-14.0374136,3.96280909,5.51034784,-20.3374634,8.68519592,-7.27977848,3.34095311,-11.2053108 HASH=296c55af36f083c0
STEP=0 CP=LAYER_14_ATTN_NORM COUNT=1536 MIN=-6.14613438 MAX=3.59540129 MEAN=-0.0123837257 L2=13.4358501 FIRST8=-0.0197624769,0.04524073,0.0772949606,-0.139515728,0.0626931787,-0.0320507511,0.0295895282,-0.0791634247 HASH=7c854bc3f9150608
STEP=0 CP=LAYER_14_Q COUNT=1536 MIN=-11.9520502 MAX=10.9132357 MEAN=0.0281448141 L2=56.1128406 FIRST8=0.0774063468,-0.367524564,0.328049004,-0.0822166353,-0.122300103,-0.447200507,0.165713221,-0.10917601 HASH=e83e3165cc5b86fd
STEP=0 CP=LAYER_14_K COUNT=256 MIN=-0.928245068 MAX=0.941981792 MEAN=-0.0115551737 L2=2.09370482 FIRST8=-0.0146495029,-0.00205916166,0.0259184986,0.0128109306,-0.00803814828,-0.0190595239,-0.00105207413,-0.0462998003 HASH=f7fc75cc90b75299
STEP=0 CP=LAYER_14_V COUNT=256 MIN=-3.07507658 MAX=0.68343544 MEAN=-0.0102735973 L2=3.33938724 FIRST8=0.68343544,-0.132195294,0.0321214721,-0.0758188888,-0.0838754401,-0.00253181905,-0.012479499,-0.0162494816 HASH=a909eb03b159fcb0
STEP=0 CP=LAYER_14_Q_ROPE COUNT=1536 MIN=-11.9520502 MAX=10.9132357 MEAN=0.0281448141 L2=56.1128406 FIRST8=0.0774063468,-0.367524564,0.328049004,-0.0822166353,-0.122300103,-0.447200507,0.165713221,-0.10917601 HASH=e83e3165cc5b86fd
STEP=0 CP=LAYER_14_K_ROPE COUNT=256 MIN=-0.928245068 MAX=0.941981792 MEAN=-0.0115551737 L2=2.09370482 FIRST8=-0.0146495029,-0.00205916166,0.0259184986,0.0128109306,-0.00803814828,-0.0190595239,-0.00105207413,-0.0462998003 HASH=f7fc75cc90b75299
STEP=0 CP=KV_WRITE LAYER=14 COUNT=256 K_MIN=-0.928245068 K_MAX=0.941981792 K_MEAN=-0.0115551737 K_L2=2.09370482 K_HASH=f7fc75cc90b75299 V_MIN=-3.07507658 V_MAX=0.68343544 V_MEAN=-0.0102735973 V_L2=3.33938724 V_HASH=a909eb03b159fcb0
STEP=0 CP=LAYER_14_ATTN_SCORES COUNT=1 MIN=1.57309842 MAX=1.57309842 MEAN=1.57309842 L2=1.57309842 FIRST8=1.57309842,0,0,0,0,0,0,0 HASH=468596e96cae3aec
STEP=0 CP=LAYER_14_ATTN_PROBS COUNT=1 MIN=1 MAX=1 MEAN=1 L2=1 FIRST8=1,0,0,0,0,0,0,0 HASH=2fa183a08531045a
STEP=0 CP=LAYER_14_ATTN_SCORES COUNT=1 MIN=1.58576524 MAX=1.58576524 MEAN=1.58576524 L2=1.58576524 FIRST8=1.58576524,0,0,0,0,0,0,0 HASH=3d1a8e69a4c401b1
STEP=0 CP=LAYER_14_ATTN_PROBS COUNT=1 MIN=1 MAX=1 MEAN=1 L2=1 FIRST8=1,0,0,0,0,0,0,0 HASH=2fa183a08531045a
STEP=0 CP=LAYER_14_ATTN_SCORES COUNT=1 MIN=1.29370725 MAX=1.29370725 MEAN=1.29370725 L2=1.29370725 FIRST8=1.29370725,0,0,0,0,0,0,0 HASH=6206db19fcb006c8
STEP=0 CP=LAYER_14_ATTN_PROBS COUNT=1 MIN=1 MAX=1 MEAN=1 L2=1 FIRST8=1,0,0,0,0,0,0,0 HASH=2fa183a08531045a
STEP=0 CP=LAYER_14_ATTN_SCORES COUNT=1 MIN=1.24181473 MAX=1.24181473 MEAN=1.24181473 L2=1.24181473 FIRST8=1.24181473,0,0,0,0,0,0,0 HASH=bdd242c328aa105c
STEP=0 CP=LAYER_14_ATTN_PROBS COUNT=1 MIN=1 MAX=1 MEAN=1 L2=1 FIRST8=1,0,0,0,0,0,0,0 HASH=2fa183a08531045a
STEP=0 CP=LAYER_14_ATTN_SCORES COUNT=1 MIN=1.41096342 MAX=1.41096342 MEAN=1.41096342 L2=1.41096342 FIRST8=1.41096342,0,0,0,0,0,0,0 HASH=c3f52f2aa80c0cf3
STEP=0 CP=LAYER_14_ATTN_PROBS COUNT=1 MIN=1 MAX=1 MEAN=1 L2=1 FIRST8=1,0,0,0,0,0,0,0 HASH=2fa183a08531045a
STEP=0 CP=LAYER_14_ATTN_SCORES COUNT=1 MIN=1.38845479 MAX=1.38845479 MEAN=1.38845479 L2=1.38845479 FIRST8=1.38845479,0,0,0,0,0,0,0 HASH=63d9f87f0c07e82c
STEP=0 CP=LAYER_14_ATTN_PROBS COUNT=1 MIN=1 MAX=1 MEAN=1 L2=1 FIRST8=1,0,0,0,0,0,0,0 HASH=2fa183a08531045a
STEP=0 CP=LAYER_14_ATTN_SCORES COUNT=1 MIN=1.00110459 MAX=1.00110459 MEAN=1.00110459 L2=1.00110459 FIRST8=1.00110459,0,0,0,0,0,0,0 HASH=26813d20b377e3c0
STEP=0 CP=LAYER_14_ATTN_PROBS COUNT=1 MIN=1 MAX=1 MEAN=1 L2=1 FIRST8=1,0,0,0,0,0,0,0 HASH=2fa183a08531045a
STEP=0 CP=LAYER_14_ATTN_SCORES COUNT=1 MIN=1.16607475 MAX=1.16607475 MEAN=1.16607475 L2=1.16607475 FIRST8=1.16607475,0,0,0,0,0,0,0 HASH=fcc8ba19e2cd1798
STEP=0 CP=LAYER_14_ATTN_PROBS COUNT=1 MIN=1 MAX=1 MEAN=1 L2=1 FIRST8=1,0,0,0,0,0,0,0 HASH=2fa183a08531045a
STEP=0 CP=LAYER_14_ATTN_SCORES COUNT=1 MIN=1.30104733 MAX=1.30104733 MEAN=1.30104733 L2=1.30104733 FIRST8=1.30104733,0,0,0,0,0,0,0 HASH=cb9d994ae1b4ba58
STEP=0 CP=LAYER_14_ATTN_PROBS COUNT=1 MIN=1 MAX=1 MEAN=1 L2=1 FIRST8=1,0,0,0,0,0,0,0 HASH=2fa183a08531045a
STEP=0 CP=LAYER_14_ATTN_SCORES COUNT=1 MIN=1.1935668 MAX=1.1935668 MEAN=1.1935668 L2=1.1935668 FIRST8=1.1935668,0,0,0,0,0,0,0 HASH=1ed0f7f2a6ba408c
STEP=0 CP=LAYER_14_ATTN_PROBS COUNT=1 MIN=1 MAX=1 MEAN=1 L2=1 FIRST8=1,0,0,0,0,0,0,0 HASH=2fa183a08531045a
STEP=0 CP=LAYER_14_ATTN_SCORES COUNT=1 MIN=1.04202187 MAX=1.04202187 MEAN=1.04202187 L2=1.04202187 FIRST8=1.04202187,0,0,0,0,0,0,0 HASH=7e18dd54e33ec786
STEP=0 CP=LAYER_14_ATTN_PROBS COUNT=1 MIN=1 MAX=1 MEAN=1 L2=1 FIRST8=1,0,0,0,0,0,0,0 HASH=2fa183a08531045a
STEP=0 CP=LAYER_14_ATTN_SCORES COUNT=1 MIN=1.24377036 MAX=1.24377036 MEAN=1.24377036 L2=1.24377036 FIRST8=1.24377036,0,0,0,0,0,0,0 HASH=f947736498997352
STEP=0 CP=LAYER_14_ATTN_PROBS COUNT=1 MIN=1 MAX=1 MEAN=1 L2=1 FIRST8=1,0,0,0,0,0,0,0 HASH=2fa183a08531045a
STEP=0 CP=LAYER_14_ATTN_VALUE COUNT=1536 MIN=-3.07507658 MAX=0.68343544 MEAN=-0.0102735973 L2=8.17979478 FIRST8=0.68343544,-0.132195294,0.0321214721,-0.0758188888,-0.0838754401,-0.00253181905,-0.012479499,-0.0162494816 HASH=4bd247be869f978f
STEP=0 CP=LAYER_14_O_PROJ COUNT=1536 MIN=-2.0175972 MAX=4.84413338 MEAN=-0.00210535251 L2=6.57205346 FIRST8=0.0502442271,0.09751378,0.195727095,0.0284992233,0.0353762507,-0.0292218924,-0.0090659596,-0.0337100923 HASH=7cebabcdf9648d36
STEP=0 CP=LAYER_14_ATTN_RESIDUAL COUNT=1536 MIN=-3996.68042 MAX=2417.43921 MEAN=-0.621439572 L2=5979.15613 FIRST8=-13.9871693,4.06032276,5.70607471,-20.3089638,8.72057247,-7.30900049,3.33188725,-11.2390213 HASH=131e2269d6684c5d
STEP=0 CP=LAYER_14_FFN_NORM COUNT=1536 MIN=-18.9315815 MAX=14.9172363 MEAN=-0.00731298719 L2=26.7688278 FIRST8=-0.0186229683,0.038050238,0.028051395,-0.138320059,0.0480064079,-0.0364928991,0.0247402471,-0.0736689046 HASH=5fe08f43b3a7e072
STEP=0 CP=LAYER_14_FFN_GATE COUNT=8960 MIN=-2.55760241 MAX=1.99150753 MEAN=-0.238283677 L2=48.9073875 FIRST8=-0.131793872,-0.456881076,-0.474536449,0.0908410698,-0.203451097,-0.124727838,-0.162370667,-0.216113761 HASH=9deab5bd967c400e
STEP=0 CP=LAYER_14_FFN_UP COUNT=8960 MIN=-2.02275944 MAX=3.94984937 MEAN=0.00438112893 L2=33.0928075 FIRST8=-0.0119892322,0.455123544,0.297320038,0.770753503,0.362273872,-0.414013326,-0.490553975,-0.306587845 HASH=2ee0b109e304848c
STEP=0 CP=LAYER_14_SWIGLU COUNT=8960 MIN=-0.916755676 MAX=0.982017517 MEAN=-0.00093969885 L2=6.13869586 FIRST8=0.000738066854,-0.0806227028,-0.0541137867,0.0365970284,-0.0331165455,0.0242113713,0.0365996026,0.0295629855 HASH=2db6902ac6673ee8
STEP=0 CP=LAYER_14_FFN_DOWN COUNT=1536 MIN=-1.13335216 MAX=1.17550492 MEAN=-0.0028607381 L2=7.61648425 FIRST8=0.0514315069,-0.0329000279,-0.396444082,-0.192379445,-0.0283947401,-0.0347773135,0.0829833224,-0.018723242 HASH=c23372774d5e4f5f
STEP=0 CP=LAYER_14_LAYER_RESIDUAL COUNT=1536 MIN=-3997.75684 MAX=2418.45068 MEAN=-0.624300281 L2=5980.56177 FIRST8=-13.9357376,4.0274229,5.30963039,-20.5013428,8.69217777,-7.34377766,3.4148705,-11.2577448 HASH=7bd827784f1e4bcc
STEP=0 CP=LAYER_15_ATTN_NORM COUNT=1536 MIN=-17.0901756 MAX=2.30706429 MEAN=-0.0208962133 L2=19.9978782 FIRST8=-0.0098547563,0.0465992913,0.0516489558,-0.150093541,0.0545140356,-0.0372218825,0.0288470779,-0.0743506476 HASH=b1d02fe64d235369
STEP=0 CP=LAYER_15_Q COUNT=1536 MIN=-25.1576843 MAX=16.7050285 MEAN=-0.0622970317 L2=78.1705992 FIRST8=1.52176476,-0.967702389,0.0720248073,0.148388505,0.201498166,1.01860011,-0.488847166,0.345956087 HASH=435befc708d82de6
STEP=0 CP=LAYER_15_K COUNT=256 MIN=-48.802494 MAX=44.5240479 MEAN=-0.052323036 L2=81.1578577 FIRST8=-0.0577778816,-0.0462076664,0.0183924325,0.0282369256,0.0356850438,-0.00685864687,0.0075365752,-0.0825226903 HASH=520d945dafaf7403
STEP=0 CP=LAYER_15_V COUNT=256 MIN=-0.350364447 MAX=3.13591981 MEAN=0.0116182247 L2=3.61803004 FIRST8=0.0359154902,0.0596981198,0.0457352996,0.119582407,-0.0594651178,0.00856348407,0.00662991777,0.133511111 HASH=a297a54b4b28e2bd
STEP=0 CP=LAYER_15_Q_ROPE COUNT=1536 MIN=-25.1576843 MAX=16.7050285 MEAN=-0.0622970317 L2=78.1705992 FIRST8=1.52176476,-0.967702389,0.0720248073,0.148388505,0.201498166,1.01860011,-0.488847166,0.345956087 HASH=435befc708d82de6
STEP=0 CP=LAYER_15_K_ROPE COUNT=256 MIN=-48.802494 MAX=44.5240479 MEAN=-0.052323036 L2=81.1578577 FIRST8=-0.0577778816,-0.0462076664,0.0183924325,0.0282369256,0.0356850438,-0.00685864687,0.0075365752,-0.0825226903 HASH=520d945dafaf7403
STEP=0 CP=KV_WRITE LAYER=15 COUNT=256 K_MIN=-48.802494 K_MAX=44.5240479 K_MEAN=-0.052323036 K_L2=81.1578577 K_HASH=520d945dafaf7403 V_MIN=-0.350364447 V_MAX=3.13591981 V_MEAN=0.0116182247 V_L2=3.61803004 V_HASH=a297a54b4b28e2bd
STEP=0 CP=LAYER_15_ATTN_SCORES COUNT=1 MIN=0.791891634 MAX=0.791891634 MEAN=0.791891634 L2=0.791891634 FIRST8=0.791891634,0,0,0,0,0,0,0 HASH=87af91f8edcd5f26
STEP=0 CP=LAYER_15_ATTN_PROBS COUNT=1 MIN=1 MAX=1 MEAN=1 L2=1 FIRST8=1,0,0,0,0,0,0,0 HASH=2fa183a08531045a
STEP=0 CP=LAYER_15_ATTN_SCORES COUNT=1 MIN=0.668635905 MAX=0.668635905 MEAN=0.668635905 L2=0.668635905 FIRST8=0.668635905,0,0,0,0,0,0,0 HASH=5a5aaa406263fb79
STEP=0 CP=LAYER_15_ATTN_PROBS COUNT=1 MIN=1 MAX=1 MEAN=1 L2=1 FIRST8=1,0,0,0,0,0,0,0 HASH=2fa183a08531045a
STEP=0 CP=LAYER_15_ATTN_SCORES COUNT=1 MIN=0.587717831 MAX=0.587717831 MEAN=0.587717831 L2=0.587717831 FIRST8=0.587717831,0,0,0,0,0,0,0 HASH=d556c6dce5c24101
STEP=0 CP=LAYER_15_ATTN_PROBS COUNT=1 MIN=1 MAX=1 MEAN=1 L2=1 FIRST8=1,0,0,0,0,0,0,0 HASH=2fa183a08531045a
STEP=0 CP=LAYER_15_ATTN_SCORES COUNT=1 MIN=0.754987538 MAX=0.754987538 MEAN=0.754987538 L2=0.754987538 FIRST8=0.754987538,0,0,0,0,0,0,0 HASH=4ea8266d55697dd0
STEP=0 CP=LAYER_15_ATTN_PROBS COUNT=1 MIN=1 MAX=1 MEAN=1 L2=1 FIRST8=1,0,0,0,0,0,0,0 HASH=2fa183a08531045a
STEP=0 CP=LAYER_15_ATTN_SCORES COUNT=1 MIN=0.530741155 MAX=0.530741155 MEAN=0.530741155 L2=0.530741155 FIRST8=0.530741155,0,0,0,0,0,0,0 HASH=8652cc8c541220b4
STEP=0 CP=LAYER_15_ATTN_PROBS COUNT=1 MIN=1 MAX=1 MEAN=1 L2=1 FIRST8=1,0,0,0,0,0,0,0 HASH=2fa183a08531045a
STEP=0 CP=LAYER_15_ATTN_SCORES COUNT=1 MIN=0.836244285 MAX=0.836244285 MEAN=0.836244285 L2=0.836244285 FIRST8=0.836244285,0,0,0,0,0,0,0 HASH=fd0b464ffa3db53b
STEP=0 CP=LAYER_15_ATTN_PROBS COUNT=1 MIN=1 MAX=1 MEAN=1 L2=1 FIRST8=1,0,0,0,0,0,0,0 HASH=2fa183a08531045a
STEP=0 CP=LAYER_15_ATTN_SCORES COUNT=1 MIN=8.81690884 MAX=8.81690884 MEAN=8.81690884 L2=8.81690884 FIRST8=8.81690884,0,0,0,0,0,0,0 HASH=6d3ae5ebe6fad4f4
STEP=0 CP=LAYER_15_ATTN_PROBS COUNT=1 MIN=1 MAX=1 MEAN=1 L2=1 FIRST8=1,0,0,0,0,0,0,0 HASH=2fa183a08531045a
STEP=0 CP=LAYER_15_ATTN_SCORES COUNT=1 MIN=-261.694489 MAX=-261.694489 MEAN=-261.694489 L2=261.694489 FIRST8=-261.694489,0,0,0,0,0,0,0 HASH=f8aea8afd6b8a3b5
STEP=0 CP=LAYER_15_ATTN_PROBS COUNT=1 MIN=1 MAX=1 MEAN=1 L2=1 FIRST8=1,0,0,0,0,0,0,0 HASH=2fa183a08531045a
STEP=0 CP=LAYER_15_ATTN_SCORES COUNT=1 MIN=6.00192165 MAX=6.00192165 MEAN=6.00192165 L2=6.00192165 FIRST8=6.00192165,0,0,0,0,0,0,0 HASH=7c4c7758f991d738
STEP=0 CP=LAYER_15_ATTN_PROBS COUNT=1 MIN=1 MAX=1 MEAN=1 L2=1 FIRST8=1,0,0,0,0,0,0,0 HASH=2fa183a08531045a
STEP=0 CP=LAYER_15_ATTN_SCORES COUNT=1 MIN=10.0804806 MAX=10.0804806 MEAN=10.0804806 L2=10.0804806 FIRST8=10.0804806,0,0,0,0,0,0,0 HASH=fa8b6d8f786564c8
STEP=0 CP=LAYER_15_ATTN_PROBS COUNT=1 MIN=1 MAX=1 MEAN=1 L2=1 FIRST8=1,0,0,0,0,0,0,0 HASH=2fa183a08531045a
STEP=0 CP=LAYER_15_ATTN_SCORES COUNT=1 MIN=8.08236504 MAX=8.08236504 MEAN=8.08236504 L2=8.08236504 FIRST8=8.08236504,0,0,0,0,0,0,0 HASH=1bc4db90592087a8
STEP=0 CP=LAYER_15_ATTN_PROBS COUNT=1 MIN=1 MAX=1 MEAN=1 L2=1 FIRST8=1,0,0,0,0,0,0,0 HASH=2fa183a08531045a
STEP=0 CP=LAYER_15_ATTN_SCORES COUNT=1 MIN=8.01585484 MAX=8.01585484 MEAN=8.01585484 L2=8.01585484 FIRST8=8.01585484,0,0,0,0,0,0,0 HASH=bc0d5b14070feb45
STEP=0 CP=LAYER_15_ATTN_PROBS COUNT=1 MIN=1 MAX=1 MEAN=1 L2=1 FIRST8=1,0,0,0,0,0,0,0 HASH=2fa183a08531045a
STEP=0 CP=LAYER_15_ATTN_VALUE COUNT=1536 MIN=-0.350364447 MAX=3.13591981 MEAN=0.0116182247 L2=8.86232747 FIRST8=0.0359154902,0.0596981198,0.0457352996,0.119582407,-0.0594651178,0.00856348407,0.00662991777,0.133511111 HASH=78140cd64ac59adb
STEP=0 CP=LAYER_15_O_PROJ COUNT=1536 MIN=-3.11577296 MAX=7.16198111 MEAN=0.00322586995 L2=8.83182956 FIRST8=0.0199810266,-0.0472099781,0.121131659,-0.069950223,0.0903137922,-0.0381957293,0.0458549261,-0.0756599903 HASH=5b4e75eba47f7ae5
STEP=0 CP=LAYER_15_ATTN_RESIDUAL COUNT=1536 MIN=-3997.1792 MAX=2418.05908 MEAN=-0.621074499 L2=5977.59672 FIRST8=-13.9157562,3.98021293,5.43076229,-20.5712929,8.78249168,-7.38197327,3.46072531,-11.3334045 HASH=5e2c3120bfb9abbc
STEP=0 CP=LAYER_15_FFN_NORM COUNT=1536 MIN=-17.5056725 MAX=16.2254696 MEAN=-0.00583430408 L2=27.0595693 FIRST8=-0.0179981235,0.0375131182,0.0255922042,-0.134874731,0.0454357974,-0.0376231,0.0244627502,-0.0705335513 HASH=e7122492b300bf2e
STEP=0 CP=LAYER_15_FFN_GATE COUNT=8960 MIN=-3.18276381 MAX=2.31547737 MEAN=-0.156089121 L2=44.6618105 FIRST8=0.549883187,-0.0945487469,-0.787435114,-0.16502741,0.0489178188,-0.293957859,-0.43345502,-0.470099479 HASH=b66ebbf63a59336b
STEP=0 CP=LAYER_15_FFN_UP COUNT=8960 MIN=-1.7366116 MAX=2.56916237 MEAN=0.000380438112 L2=33.9243786 FIRST8=-0.387143999,0.922142088,-0.115773112,0.176448256,0.49329114,-0.14741984,0.00929659419,-0.573717177 HASH=2b6b069ed5218d45
STEP=0 CP=LAYER_15_SWIGLU COUNT=8960 MIN=-0.712359369 MAX=0.802749574 MEAN=0.000597235627 L2=6.25562924 FIRST8=-0.134991542,-0.0415343605,0.0285087172,-0.0133607676,0.0123604108,0.0185056664,-0.00158486993,0.103726238 HASH=a15b6a6a7d7acbc5
STEP=0 CP=LAYER_15_FFN_DOWN COUNT=1536 MIN=-1.12298417 MAX=1.12613904 MEAN=-0.00373715148 L2=7.67926769 FIRST8=0.0413125791,-0.0430909507,-0.089852497,-0.0374842957,0.116614595,0.186541498,-0.0885552689,-0.12444555 HASH=65fbecc30b28d45e
STEP=0 CP=LAYER_15_LAYER_RESIDUAL COUNT=1536 MIN=-3998.2981 MAX=2419.1853 MEAN=-0.62481152 L2=5978.5702 FIRST8=-13.874444,3.93712187,5.34090996,-20.608778,8.89910603,-7.19543171,3.37216997,-11.4578505 HASH=eaa1aeff123e14cf
STEP=0 CP=LAYER_16_ATTN_NORM COUNT=1536 MIN=-4.9004426 MAX=2.79538965 MEAN=-0.0122550961 L2=11.9043391 FIRST8=-0.0141224833,0.0556514226,0.0743999183,-0.169928581,0.0761116594,-0.0438522771,0.0329861119,-0.0968223065 HASH=834eccf1ee0d9891
STEP=0 CP=LAYER_16_Q COUNT=1536 MIN=-13.2168913 MAX=12.976676 MEAN=-0.0163595762 L2=52.2686806 FIRST8=1.00923491,1.01090753,1.13022304,-0.834535956,1.15016079,0.783087373,-1.19260645,0.964357615 HASH=c520b9171151e9be
STEP=0 CP=LAYER_16_K COUNT=256 MIN=-3.46480179 MAX=1.14226913 MEAN=-0.0139479837 L2=4.40214273 FIRST8=-0.0396894552,1.57132745e-05,0.00351560116,-0.0256357342,-0.00929009914,0.00573176146,-0.00419718027,0.0116063207 HASH=371ee918b901808d
STEP=0 CP=LAYER_16_V COUNT=256 MIN=-3.6526649 MAX=1.95079041 MEAN=-0.00806118148 L2=4.28890247 FIRST8=-0.0310227014,0.0200832784,-0.0235618427,0.0403300449,0.138754427,-0.0151063092,0.0802801028,0.0670634285 HASH=b4f8b9a341fee0ed
STEP=0 CP=LAYER_16_Q_ROPE COUNT=1536 MIN=-13.2168913 MAX=12.976676 MEAN=-0.0163595762 L2=52.2686806 FIRST8=1.00923491,1.01090753,1.13022304,-0.834535956,1.15016079,0.783087373,-1.19260645,0.964357615 HASH=c520b9171151e9be
STEP=0 CP=LAYER_16_K_ROPE COUNT=256 MIN=-3.46480179 MAX=1.14226913 MEAN=-0.0139479837 L2=4.40214273 FIRST8=-0.0396894552,1.57132745e-05,0.00351560116,-0.0256357342,-0.00929009914,0.00573176146,-0.00419718027,0.0116063207 HASH=371ee918b901808d
STEP=0 CP=KV_WRITE LAYER=16 COUNT=256 K_MIN=-3.46480179 K_MAX=1.14226913 K_MEAN=-0.0139479837 K_L2=4.40214273 K_HASH=371ee918b901808d V_MIN=-3.6526649 V_MAX=1.95079041 V_MEAN=-0.00806118148 V_L2=4.28890247 V_HASH=b4f8b9a341fee0ed
STEP=0 CP=LAYER_16_ATTN_SCORES COUNT=1 MIN=4.49913263 MAX=4.49913263 MEAN=4.49913263 L2=4.49913263 FIRST8=4.49913263,0,0,0,0,0,0,0 HASH=0a5223b070b4aeb9
STEP=0 CP=LAYER_16_ATTN_PROBS COUNT=1 MIN=1 MAX=1 MEAN=1 L2=1 FIRST8=1,0,0,0,0,0,0,0 HASH=2fa183a08531045a
STEP=0 CP=LAYER_16_ATTN_SCORES COUNT=1 MIN=3.69723678 MAX=3.69723678 MEAN=3.69723678 L2=3.69723678 FIRST8=3.69723678,0,0,0,0,0,0,0 HASH=bd16b37b715c55ed
STEP=0 CP=LAYER_16_ATTN_PROBS COUNT=1 MIN=1 MAX=1 MEAN=1 L2=1 FIRST8=1,0,0,0,0,0,0,0 HASH=2fa183a08531045a
STEP=0 CP=LAYER_16_ATTN_SCORES COUNT=1 MIN=4.80352592 MAX=4.80352592 MEAN=4.80352592 L2=4.80352592 FIRST8=4.80352592,0,0,0,0,0,0,0 HASH=908c1ead9d290718
STEP=0 CP=LAYER_16_ATTN_PROBS COUNT=1 MIN=1 MAX=1 MEAN=1 L2=1 FIRST8=1,0,0,0,0,0,0,0 HASH=2fa183a08531045a
STEP=0 CP=LAYER_16_ATTN_SCORES COUNT=1 MIN=3.16476631 MAX=3.16476631 MEAN=3.16476631 L2=3.16476631 FIRST8=3.16476631,0,0,0,0,0,0,0 HASH=2dc339b5d636c324
STEP=0 CP=LAYER_16_ATTN_PROBS COUNT=1 MIN=1 MAX=1 MEAN=1 L2=1 FIRST8=1,0,0,0,0,0,0,0 HASH=2fa183a08531045a
STEP=0 CP=LAYER_16_ATTN_SCORES COUNT=1 MIN=4.28582144 MAX=4.28582144 MEAN=4.28582144 L2=4.28582144 FIRST8=4.28582144,0,0,0,0,0,0,0 HASH=9122772df26274f6
STEP=0 CP=LAYER_16_ATTN_PROBS COUNT=1 MIN=1 MAX=1 MEAN=1 L2=1 FIRST8=1,0,0,0,0,0,0,0 HASH=2fa183a08531045a
STEP=0 CP=LAYER_16_ATTN_SCORES COUNT=1 MIN=4.26083565 MAX=4.26083565 MEAN=4.26083565 L2=4.26083565 FIRST8=4.26083565,0,0,0,0,0,0,0 HASH=ab3eacae006f7b87
STEP=0 CP=LAYER_16_ATTN_PROBS COUNT=1 MIN=1 MAX=1 MEAN=1 L2=1 FIRST8=1,0,0,0,0,0,0,0 HASH=2fa183a08531045a
STEP=0 CP=LAYER_16_ATTN_SCORES COUNT=1 MIN=0.904208302 MAX=0.904208302 MEAN=0.904208302 L2=0.904208302 FIRST8=0.904208302,0,0,0,0,0,0,0 HASH=9956df1fd2e058f1
STEP=0 CP=LAYER_16_ATTN_PROBS COUNT=1 MIN=1 MAX=1 MEAN=1 L2=1 FIRST8=1,0,0,0,0,0,0,0 HASH=2fa183a08531045a
STEP=0 CP=LAYER_16_ATTN_SCORES COUNT=1 MIN=1.08349514 MAX=1.08349514 MEAN=1.08349514 L2=1.08349514 FIRST8=1.08349514,0,0,0,0,0,0,0 HASH=0a320861242cf06d
STEP=0 CP=LAYER_16_ATTN_PROBS COUNT=1 MIN=1 MAX=1 MEAN=1 L2=1 FIRST8=1,0,0,0,0,0,0,0 HASH=2fa183a08531045a
STEP=0 CP=LAYER_16_ATTN_SCORES COUNT=1 MIN=1.20351338 MAX=1.20351338 MEAN=1.20351338 L2=1.20351338 FIRST8=1.20351338,0,0,0,0,0,0,0 HASH=d1d7013788d991e6
STEP=0 CP=LAYER_16_ATTN_PROBS COUNT=1 MIN=1 MAX=1 MEAN=1 L2=1 FIRST8=1,0,0,0,0,0,0,0 HASH=2fa183a08531045a
STEP=0 CP=LAYER_16_ATTN_SCORES COUNT=1 MIN=0.749283791 MAX=0.749283791 MEAN=0.749283791 L2=0.749283791 FIRST8=0.749283791,0,0,0,0,0,0,0 HASH=34708b22861e517e
STEP=0 CP=LAYER_16_ATTN_PROBS COUNT=1 MIN=1 MAX=1 MEAN=1 L2=1 FIRST8=1,0,0,0,0,0,0,0 HASH=2fa183a08531045a
STEP=0 CP=LAYER_16_ATTN_SCORES COUNT=1 MIN=1.29588807 MAX=1.29588807 MEAN=1.29588807 L2=1.29588807 FIRST8=1.29588807,0,0,0,0,0,0,0 HASH=c3aab5bb3ac94487
STEP=0 CP=LAYER_16_ATTN_PROBS COUNT=1 MIN=1 MAX=1 MEAN=1 L2=1 FIRST8=1,0,0,0,0,0,0,0 HASH=2fa183a08531045a
STEP=0 CP=LAYER_16_ATTN_SCORES COUNT=1 MIN=1.39663935 MAX=1.39663935 MEAN=1.39663935 L2=1.39663935 FIRST8=1.39663935,0,0,0,0,0,0,0 HASH=58ec2f45ee56cc7b
STEP=0 CP=LAYER_16_ATTN_PROBS COUNT=1 MIN=1 MAX=1 MEAN=1 L2=1 FIRST8=1,0,0,0,0,0,0,0 HASH=2fa183a08531045a
STEP=0 CP=LAYER_16_ATTN_VALUE COUNT=1536 MIN=-3.6526649 MAX=1.95079041 MEAN=-0.00806118148 L2=10.5056226 FIRST8=-0.0310227014,0.0200832784,-0.0235618427,0.0403300449,0.138754427,-0.0151063092,0.0802801028,0.0670634285 HASH=6049169a8ba9333b
STEP=0 CP=LAYER_16_O_PROJ COUNT=1536 MIN=-2.68310142 MAX=6.39583015 MEAN=0.000627808246 L2=8.03269908 FIRST8=0.048005268,0.0863833949,0.0761972889,0.0428761058,0.0365060382,0.112036273,0.0884522051,0.0181053914 HASH=e39c8cb63ed1af90
STEP=0 CP=LAYER_16_ATTN_RESIDUAL COUNT=1536 MIN=-3998.02808 MAX=2419.00708 MEAN=-0.624183627 L2=5976.22643 FIRST8=-13.8264389,4.02350521,5.41710711,-20.5659027,8.93561172,-7.08339548,3.46062207,-11.4397449 HASH=e387c87b62a4c006
STEP=0 CP=LAYER_16_FFN_NORM COUNT=1536 MIN=-19.971426 MAX=15.4299707 MEAN=-0.00805971724 L2=29.0649565 FIRST8=-0.0228453949,0.0377237014,0.0234521553,-0.140138671,0.0473830774,-0.0384685621,0.0253541376,-0.0741422027 HASH=a88fe497205ff024
STEP=0 CP=LAYER_16_FFN_GATE COUNT=8960 MIN=-3.02212119 MAX=2.15599751 MEAN=-0.139044323 L2=44.3671517 FIRST8=0.0192143712,0.377638042,-0.865194917,0.352489591,-0.595753968,0.485629141,-0.296808004,0.520392716 HASH=ad330a49f0eddf56
STEP=0 CP=LAYER_16_FFN_UP COUNT=8960 MIN=-2.91505075 MAX=2.63695121 MEAN=-0.00118370124 L2=36.7865606 FIRST8=-0.457969159,-0.266410947,0.126559377,0.330168366,-0.0258615278,0.133631915,0.615532458,-0.0344790369 HASH=18c7d7c5e9f21e27
STEP=0 CP=LAYER_16_SWIGLU COUNT=8960 MIN=-1.01437068 MAX=0.591486037 MEAN=-0.000491700264 L2=6.57516889 FIRST8=-0.00444206316,-0.0596904121,-0.0324395001,0.0683413371,0.00547438767,0.0401752926,-0.0778898001,-0.0112543339 HASH=befac33ee601506e
STEP=0 CP=LAYER_16_FFN_DOWN COUNT=1536 MIN=-0.980584562 MAX=0.888510346 MEAN=-0.00263083916 L2=7.49021086 FIRST8=-0.0526615307,-0.104378983,-0.0773538649,-0.023652222,-0.102406815,0.0810971409,0.125886396,0.0124825872 HASH=b1da409ddf3aa1e1
STEP=0 CP=LAYER_16_LAYER_RESIDUAL COUNT=1536 MIN=-3998.78979 MAX=2419.48608 MEAN=-0.626814365 L2=5976.59659 FIRST8=-13.8791008,3.91912627,5.33975315,-20.5895557,8.83320522,-7.00229836,3.58650851,-11.4272623 HASH=f3e4da35a58e29b7
STEP=0 CP=LAYER_17_ATTN_NORM COUNT=1536 MIN=-15.9791937 MAX=3.38591194 MEAN=-0.0233958101 L2=20.4867884 FIRST8=-0.0209756307,0.0513997376,0.0541649163,-0.175100237,0.0715001747,-0.0392813534,0.0330731869,-0.096595712 HASH=3e8a60909700aa96
STEP=0 CP=LAYER_17_Q COUNT=1536 MIN=-15.587513 MAX=9.78612804 MEAN=-0.0568062485 L2=52.8619358 FIRST8=1.34177184,-1.48341,1.19126701,0.0674702525,-0.4736965,-1.09215426,0.843432903,1.38786185 HASH=086c190f0fad0cc5
STEP=0 CP=LAYER_17_K COUNT=256 MIN=-1.24259806 MAX=1.47267556 MEAN=-0.00745668223 L2=2.77045672 FIRST8=0.0336201936,-0.0215866119,-0.00285159051,0.0296338797,0.0127365291,-0.00144933909,0.0575084984,0.0124354362 HASH=b840e61a49ec071d
STEP=0 CP=LAYER_17_V COUNT=256 MIN=-3.55383205 MAX=1.17178822 MEAN=-0.0153575107 L2=4.06050761 FIRST8=0.0338551179,-0.0822873712,0.117801383,-0.0509285443,0.0862782523,0.0723773167,-0.00902369618,-0.114357784 HASH=d874a79aba04b76e
STEP=0 CP=LAYER_17_Q_ROPE COUNT=1536 MIN=-15.587513 MAX=9.78612804 MEAN=-0.0568062485 L2=52.8619358 FIRST8=1.34177184,-1.48341,1.19126701,0.0674702525,-0.4736965,-1.09215426,0.843432903,1.38786185 HASH=086c190f0fad0cc5
STEP=0 CP=LAYER_17_K_ROPE COUNT=256 MIN=-1.24259806 MAX=1.47267556 MEAN=-0.00745668223 L2=2.77045672 FIRST8=0.0336201936,-0.0215866119,-0.00285159051,0.0296338797,0.0127365291,-0.00144933909,0.0575084984,0.0124354362 HASH=b840e61a49ec071d
STEP=0 CP=KV_WRITE LAYER=17 COUNT=256 K_MIN=-1.24259806 K_MAX=1.47267556 K_MEAN=-0.00745668223 K_L2=2.77045672 K_HASH=b840e61a49ec071d V_MIN=-3.55383205 V_MAX=1.17178822 V_MEAN=-0.0153575107 V_L2=4.06050761 V_HASH=d874a79aba04b76e
STEP=0 CP=LAYER_17_ATTN_SCORES COUNT=1 MIN=1.60879564 MAX=1.60879564 MEAN=1.60879564 L2=1.60879564 FIRST8=1.60879564,0,0,0,0,0,0,0 HASH=e2ecf6c28d527570
STEP=0 CP=LAYER_17_ATTN_PROBS COUNT=1 MIN=1 MAX=1 MEAN=1 L2=1 FIRST8=1,0,0,0,0,0,0,0 HASH=2fa183a08531045a
STEP=0 CP=LAYER_17_ATTN_SCORES COUNT=1 MIN=1.4285183 MAX=1.4285183 MEAN=1.4285183 L2=1.4285183 FIRST8=1.4285183,0,0,0,0,0,0,0 HASH=474000047fe0d7b7
STEP=0 CP=LAYER_17_ATTN_PROBS COUNT=1 MIN=1 MAX=1 MEAN=1 L2=1 FIRST8=1,0,0,0,0,0,0,0 HASH=2fa183a08531045a
STEP=0 CP=LAYER_17_ATTN_SCORES COUNT=1 MIN=1.62777495 MAX=1.62777495 MEAN=1.62777495 L2=1.62777495 FIRST8=1.62777495,0,0,0,0,0,0,0 HASH=47dfc4ea28f03b0e
STEP=0 CP=LAYER_17_ATTN_PROBS COUNT=1 MIN=1 MAX=1 MEAN=1 L2=1 FIRST8=1,0,0,0,0,0,0,0 HASH=2fa183a08531045a
STEP=0 CP=LAYER_17_ATTN_SCORES COUNT=1 MIN=0.982820809 MAX=0.982820809 MEAN=0.982820809 L2=0.982820809 FIRST8=0.982820809,0,0,0,0,0,0,0 HASH=0fb72cc693c29232
STEP=0 CP=LAYER_17_ATTN_PROBS COUNT=1 MIN=1 MAX=1 MEAN=1 L2=1 FIRST8=1,0,0,0,0,0,0,0 HASH=2fa183a08531045a
STEP=0 CP=LAYER_17_ATTN_SCORES COUNT=1 MIN=1.56632602 MAX=1.56632602 MEAN=1.56632602 L2=1.56632602 FIRST8=1.56632602,0,0,0,0,0,0,0 HASH=5d738985ae6be7b2
STEP=0 CP=LAYER_17_ATTN_PROBS COUNT=1 MIN=1 MAX=1 MEAN=1 L2=1 FIRST8=1,0,0,0,0,0,0,0 HASH=2fa183a08531045a
STEP=0 CP=LAYER_17_ATTN_SCORES COUNT=1 MIN=1.40358531 MAX=1.40358531 MEAN=1.40358531 L2=1.40358531 FIRST8=1.40358531,0,0,0,0,0,0,0 HASH=d7dbaec989c0f4be
STEP=0 CP=LAYER_17_ATTN_PROBS COUNT=1 MIN=1 MAX=1 MEAN=1 L2=1 FIRST8=1,0,0,0,0,0,0,0 HASH=2fa183a08531045a
STEP=0 CP=LAYER_17_ATTN_SCORES COUNT=1 MIN=1.42944503 MAX=1.42944503 MEAN=1.42944503 L2=1.42944503 FIRST8=1.42944503,0,0,0,0,0,0,0 HASH=152077f31f32cd2a
STEP=0 CP=LAYER_17_ATTN_PROBS COUNT=1 MIN=1 MAX=1 MEAN=1 L2=1 FIRST8=1,0,0,0,0,0,0,0 HASH=2fa183a08531045a
STEP=0 CP=LAYER_17_ATTN_SCORES COUNT=1 MIN=0.672567487 MAX=0.672567487 MEAN=0.672567487 L2=0.672567487 FIRST8=0.672567487,0,0,0,0,0,0,0 HASH=64367db101a671e7
STEP=0 CP=LAYER_17_ATTN_PROBS COUNT=1 MIN=1 MAX=1 MEAN=1 L2=1 FIRST8=1,0,0,0,0,0,0,0 HASH=2fa183a08531045a
STEP=0 CP=LAYER_17_ATTN_SCORES COUNT=1 MIN=1.6337254 MAX=1.6337254 MEAN=1.6337254 L2=1.6337254 FIRST8=1.6337254,0,0,0,0,0,0,0 HASH=508789c7fa9d93c2
STEP=0 CP=LAYER_17_ATTN_PROBS COUNT=1 MIN=1 MAX=1 MEAN=1 L2=1 FIRST8=1,0,0,0,0,0,0,0 HASH=2fa183a08531045a
STEP=0 CP=LAYER_17_ATTN_SCORES COUNT=1 MIN=1.73086143 MAX=1.73086143 MEAN=1.73086143 L2=1.73086143 FIRST8=1.73086143,0,0,0,0,0,0,0 HASH=ebfde2664463d041
STEP=0 CP=LAYER_17_ATTN_PROBS COUNT=1 MIN=1 MAX=1 MEAN=1 L2=1 FIRST8=1,0,0,0,0,0,0,0 HASH=2fa183a08531045a
STEP=0 CP=LAYER_17_ATTN_SCORES COUNT=1 MIN=1.78012693 MAX=1.78012693 MEAN=1.78012693 L2=1.78012693 FIRST8=1.78012693,0,0,0,0,0,0,0 HASH=a13b961b41079d2b
STEP=0 CP=LAYER_17_ATTN_PROBS COUNT=1 MIN=1 MAX=1 MEAN=1 L2=1 FIRST8=1,0,0,0,0,0,0,0 HASH=2fa183a08531045a
STEP=0 CP=LAYER_17_ATTN_SCORES COUNT=1 MIN=1.26162052 MAX=1.26162052 MEAN=1.26162052 L2=1.26162052 FIRST8=1.26162052,0,0,0,0,0,0,0 HASH=d2672dcbc20cf167
STEP=0 CP=LAYER_17_ATTN_PROBS COUNT=1 MIN=1 MAX=1 MEAN=1 L2=1 FIRST8=1,0,0,0,0,0,0,0 HASH=2fa183a08531045a
STEP=0 CP=LAYER_17_ATTN_VALUE COUNT=1536 MIN=-3.55383205 MAX=1.17178822 MEAN=-0.0153575107 L2=9.94617175 FIRST8=0.0338551179,-0.0822873712,0.117801383,-0.0509285443,0.0862782523,0.0723773167,-0.00902369618,-0.114357784 HASH=5175f2f7ab18a68f
STEP=0 CP=LAYER_17_O_PROJ COUNT=1536 MIN=-1.80285811 MAX=4.55474567 MEAN=0.0050482219 L2=6.70482337 FIRST8=0.0120788515,0.283270091,0.0313905329,0.0971993506,0.0451127887,-0.126641184,-0.114722133,0.0160857141 HASH=9591b2187f2e09cb
STEP=0 CP=LAYER_17_ATTN_RESIDUAL COUNT=1536 MIN=-3998.39185 MAX=2419.36523 MEAN=-0.621766201 L2=5974.87681 FIRST8=-13.8670216,4.20239639,5.37114382,-20.4923573,8.87831783,-7.12893963,3.4717865,-11.4111767 HASH=4f5617352889411a
STEP=0 CP=LAYER_17_FFN_NORM COUNT=1536 MIN=-18.7483521 MAX=15.2497673 MEAN=-0.00828264054 L2=28.6484423 FIRST8=-0.0261154305,0.0391944945,0.0235336628,-0.138618931,0.0484548174,-0.038724646,0.0252637602,-0.0745585263 HASH=9cd9350fd8422f20
STEP=0 CP=LAYER_17_FFN_GATE COUNT=8960 MIN=-2.65260363 MAX=2.99295521 MEAN=-0.0322846449 L2=42.855645 FIRST8=0.557514787,0.0309621766,-0.256138444,-0.45836252,0.092103444,0.0741581544,0.053683266,0.226803437 HASH=f98bdb77bcad3fa2
STEP=0 CP=LAYER_17_FFN_UP COUNT=8960 MIN=-1.95528877 MAX=2.85520911 MEAN=0.000299984766 L2=37.9261377 FIRST8=-0.377868056,-0.0689400956,0.414132565,-0.102054507,-0.269173473,-0.514940917,0.355529457,0.184725702 HASH=67b652452dc635b6
STEP=0 CP=LAYER_17_SWIGLU COUNT=8960 MIN=-0.982069135 MAX=0.62441361 MEAN=-0.000110080588 L2=7.16696704 FIRST8=-0.133958384,-0.00108378881,-0.0462820381,0.0181205831,-0.0129663507,-0.0198011789,0.00979907904,0.0233136453 HASH=0e1d132067986b8b
STEP=0 CP=LAYER_17_FFN_DOWN COUNT=1536 MIN=-1.61592031 MAX=3.48941827 MEAN=-0.00243921107 L2=9.06101938 FIRST8=-0.0351087861,-0.146312833,0.101559952,-0.0577519685,-0.357902169,-0.0389894992,-0.0585580915,0.0652861744 HASH=33a449ae9c1a3d7b
STEP=0 CP=LAYER_17_LAYER_RESIDUAL COUNT=1536 MIN=-3999.85522 MAX=2420.20923 MEAN=-0.624205274 L2=5974.84443 FIRST8=-13.9021301,4.05608368,5.47270393,-20.5501099,8.52041531,-7.16792917,3.41322851,-11.34589 HASH=e47178a81073a171
STEP=0 CP=LAYER_18_ATTN_NORM COUNT=1536 MIN=-20.9075661 MAX=4.24296618 MEAN=-0.0228718797 L2=24.3023165 FIRST8=-0.0187902618,0.0428186692,0.0566516258,-0.148488328,0.0646221712,-0.0339777395,0.0283360574,-0.0831445232 HASH=7210222d50a1927e
STEP=0 CP=LAYER_18_Q COUNT=1536 MIN=-20.4607258 MAX=13.9638853 MEAN=0.0281028765 L2=65.3616043 FIRST8=0.273240417,-0.779657006,0.618207693,-0.173330888,0.485573351,0.169858515,0.62838316,-0.324444532 HASH=07cc4df25ec405e1
STEP=0 CP=LAYER_18_K COUNT=256 MIN=-8.14133358 MAX=6.63085461 MEAN=0.00675818741 L2=11.1591432 FIRST8=0.0667245984,-0.0104677081,-0.0296682566,0.0443436801,0.0112092942,0.0212797821,0.0108807087,-0.0163398981 HASH=2b5ad4659102c6cb
STEP=0 CP=LAYER_18_V COUNT=256 MIN=-2.21224976 MAX=1.72524714 MEAN=-0.0117718281 L2=3.34245656 FIRST8=0.0821373463,0.0289550275,0.0181180239,-0.017684117,-0.0710753202,0.0516723022,0.000210409984,0.0661020279 HASH=6e143eb8759efb8e
STEP=0 CP=LAYER_18_Q_ROPE COUNT=1536 MIN=-20.4607258 MAX=13.9638853 MEAN=0.0281028765 L2=65.3616043 FIRST8=0.273240417,-0.779657006,0.618207693,-0.173330888,0.485573351,0.169858515,0.62838316,-0.324444532 HASH=07cc4df25ec405e1
STEP=0 CP=LAYER_18_K_ROPE COUNT=256 MIN=-8.14133358 MAX=6.63085461 MEAN=0.00675818741 L2=11.1591432 FIRST8=0.0667245984,-0.0104677081,-0.0296682566,0.0443436801,0.0112092942,0.0212797821,0.0108807087,-0.0163398981 HASH=2b5ad4659102c6cb
STEP=0 CP=KV_WRITE LAYER=18 COUNT=256 K_MIN=-8.14133358 K_MAX=6.63085461 K_MEAN=0.00675818741 K_L2=11.1591432 K_HASH=2b5ad4659102c6cb V_MIN=-2.21224976 V_MAX=1.72524714 V_MEAN=-0.0117718281 V_L2=3.34245656 V_HASH=6e143eb8759efb8e
STEP=0 CP=LAYER_18_ATTN_SCORES COUNT=1 MIN=0.816001177 MAX=0.816001177 MEAN=0.816001177 L2=0.816001177 FIRST8=0.816001177,0,0,0,0,0,0,0 HASH=42fcd265a68d2aed
STEP=0 CP=LAYER_18_ATTN_PROBS COUNT=1 MIN=1 MAX=1 MEAN=1 L2=1 FIRST8=1,0,0,0,0,0,0,0 HASH=2fa183a08531045a
STEP=0 CP=LAYER_18_ATTN_SCORES COUNT=1 MIN=0.576964676 MAX=0.576964676 MEAN=0.576964676 L2=0.576964676 FIRST8=0.576964676,0,0,0,0,0,0,0 HASH=5425ac3298a55abd
STEP=0 CP=LAYER_18_ATTN_PROBS COUNT=1 MIN=1 MAX=1 MEAN=1 L2=1 FIRST8=1,0,0,0,0,0,0,0 HASH=2fa183a08531045a
STEP=0 CP=LAYER_18_ATTN_SCORES COUNT=1 MIN=0.890809774 MAX=0.890809774 MEAN=0.890809774 L2=0.890809774 FIRST8=0.890809774,0,0,0,0,0,0,0 HASH=4a210089bac353fe
STEP=0 CP=LAYER_18_ATTN_PROBS COUNT=1 MIN=1 MAX=1 MEAN=1 L2=1 FIRST8=1,0,0,0,0,0,0,0 HASH=2fa183a08531045a
STEP=0 CP=LAYER_18_ATTN_SCORES COUNT=1 MIN=0.696346283 MAX=0.696346283 MEAN=0.696346283 L2=0.696346283 FIRST8=0.696346283,0,0,0,0,0,0,0 HASH=10b6ea89c3e78f11
STEP=0 CP=LAYER_18_ATTN_PROBS COUNT=1 MIN=1 MAX=1 MEAN=1 L2=1 FIRST8=1,0,0,0,0,0,0,0 HASH=2fa183a08531045a
STEP=0 CP=LAYER_18_ATTN_SCORES COUNT=1 MIN=0.950058758 MAX=0.950058758 MEAN=0.950058758 L2=0.950058758 FIRST8=0.950058758,0,0,0,0,0,0,0 HASH=c9c2e0fd34390059
STEP=0 CP=LAYER_18_ATTN_PROBS COUNT=1 MIN=1 MAX=1 MEAN=1 L2=1 FIRST8=1,0,0,0,0,0,0,0 HASH=2fa183a08531045a
STEP=0 CP=LAYER_18_ATTN_SCORES COUNT=1 MIN=0.772684634 MAX=0.772684634 MEAN=0.772684634 L2=0.772684634 FIRST8=0.772684634,0,0,0,0,0,0,0 HASH=45331cbb840ad250
STEP=0 CP=LAYER_18_ATTN_PROBS COUNT=1 MIN=1 MAX=1 MEAN=1 L2=1 FIRST8=1,0,0,0,0,0,0,0 HASH=2fa183a08531045a
STEP=0 CP=LAYER_18_ATTN_SCORES COUNT=1 MIN=3.29197526 MAX=3.29197526 MEAN=3.29197526 L2=3.29197526 FIRST8=3.29197526,0,0,0,0,0,0,0 HASH=e34bed3ddb0c61a9
STEP=0 CP=LAYER_18_ATTN_PROBS COUNT=1 MIN=1 MAX=1 MEAN=1 L2=1 FIRST8=1,0,0,0,0,0,0,0 HASH=2fa183a08531045a
STEP=0 CP=LAYER_18_ATTN_SCORES COUNT=1 MIN=9.69834805 MAX=9.69834805 MEAN=9.69834805 L2=9.69834805 FIRST8=9.69834805,0,0,0,0,0,0,0 HASH=06b3030c93102168
STEP=0 CP=LAYER_18_ATTN_PROBS COUNT=1 MIN=1 MAX=1 MEAN=1 L2=1 FIRST8=1,0,0,0,0,0,0,0 HASH=2fa183a08531045a
STEP=0 CP=LAYER_18_ATTN_SCORES COUNT=1 MIN=10.3718252 MAX=10.3718252 MEAN=10.3718252 L2=10.3718252 FIRST8=10.3718252,0,0,0,0,0,0,0 HASH=184ab5640f2c37fc
STEP=0 CP=LAYER_18_ATTN_PROBS COUNT=1 MIN=1 MAX=1 MEAN=1 L2=1 FIRST8=1,0,0,0,0,0,0,0 HASH=2fa183a08531045a
STEP=0 CP=LAYER_18_ATTN_SCORES COUNT=1 MIN=8.27627563 MAX=8.27627563 MEAN=8.27627563 L2=8.27627563 FIRST8=8.27627563,0,0,0,0,0,0,0 HASH=b715ef7e3918e5d5
STEP=0 CP=LAYER_18_ATTN_PROBS COUNT=1 MIN=1 MAX=1 MEAN=1 L2=1 FIRST8=1,0,0,0,0,0,0,0 HASH=2fa183a08531045a
STEP=0 CP=LAYER_18_ATTN_SCORES COUNT=1 MIN=10.5325451 MAX=10.5325451 MEAN=10.5325451 L2=10.5325451 FIRST8=10.5325451,0,0,0,0,0,0,0 HASH=99c04b0bce15fc21
STEP=0 CP=LAYER_18_ATTN_PROBS COUNT=1 MIN=1 MAX=1 MEAN=1 L2=1 FIRST8=1,0,0,0,0,0,0,0 HASH=2fa183a08531045a
STEP=0 CP=LAYER_18_ATTN_SCORES COUNT=1 MIN=8.01060486 MAX=8.01060486 MEAN=8.01060486 L2=8.01060486 FIRST8=8.01060486,0,0,0,0,0,0,0 HASH=dd2e0e457ecd5309
STEP=0 CP=LAYER_18_ATTN_PROBS COUNT=1 MIN=1 MAX=1 MEAN=1 L2=1 FIRST8=1,0,0,0,0,0,0,0 HASH=2fa183a08531045a
STEP=0 CP=LAYER_18_ATTN_VALUE COUNT=1536 MIN=-2.21224976 MAX=1.72524714 MEAN=-0.0117718281 L2=8.18731306 FIRST8=0.0821373463,0.0289550275,0.0181180239,-0.017684117,-0.0710753202,0.0516723022,0.000210409984,0.0661020279 HASH=767a62c21dd85c43
STEP=0 CP=LAYER_18_O_PROJ COUNT=1536 MIN=-1.52321005 MAX=2.86884189 MEAN=0.00316754515 L2=5.04160629 FIRST8=0.0864748657,0.0590720177,0.0659687668,-0.0972461998,-0.0339090228,-0.121733874,-0.0208638757,-0.0419062972 HASH=c14d7a15e99c8c45
STEP=0 CP=LAYER_18_ATTN_RESIDUAL COUNT=1536 MIN=-3999.87622 MAX=2420.25024 MEAN=-0.621037463 L2=5973.97826 FIRST8=-13.8156557,4.1151557,5.53867292,-20.647356,8.48650646,-7.28966284,3.39236474,-11.3877964 HASH=87480a931029acbf
STEP=0 CP=LAYER_18_FFN_NORM COUNT=1536 MIN=-19.0656433 MAX=14.575388 MEAN=-0.00852407043 L2=28.2774188 FIRST8=-0.0308022723,0.0364883617,0.0259745959,-0.131751567,0.0476282984,-0.0390432291,0.0239940528,-0.072665967 HASH=9e3fabf685d74e0a
STEP=0 CP=LAYER_18_FFN_GATE COUNT=8960 MIN=-2.04623222 MAX=2.29240894 MEAN=-0.0113481582 L2=41.7281186 FIRST8=0.344284296,-0.30887565,0.156190202,-0.0307433791,-0.701840639,-0.429296881,-0.125960141,-0.0923132002 HASH=02d8af9c894d8ef5
STEP=0 CP=LAYER_18_FFN_UP COUNT=8960 MIN=-2.52342319 MAX=3.95579696 MEAN=0.00341066387 L2=38.6024494 FIRST8=0.523570895,0.256846428,-0.255449712,0.0140831154,-0.422756553,0.517722011,0.548349619,0.0905746967 HASH=c0bc2cbbdfb52caf
STEP=0 CP=LAYER_18_SWIGLU COUNT=8960 MIN=-0.642448187 MAX=2.00326824 MEAN=-6.13721912e-05 L2=7.3642842 FIRST8=0.1054921,-0.0335889906,-0.02150416,-0.000213153849,0.0983301997,-0.0876344293,-0.0323629491,-0.00398779381 HASH=c4ee24e8f3280b1a
STEP=0 CP=LAYER_18_FFN_DOWN COUNT=1536 MIN=-2.3876307 MAX=3.02764368 MEAN=0.00444323447 L2=9.62536938 FIRST8=0.0337925106,0.00998407789,-0.065260075,-0.23306255,0.136426821,-0.0295032151,0.045233421,-0.519612551 HASH=02a4cbd9f54432c4
STEP=0 CP=LAYER_18_LAYER_RESIDUAL COUNT=1536 MIN=-4002.26392 MAX=2420.9248 MEAN=-0.616594311 L2=5974.85449 FIRST8=-13.7818632,4.12513971,5.47341299,-20.8804188,8.62293339,-7.31916618,3.43759823,-11.9074087 HASH=666430e025217767
STEP=0 CP=LAYER_19_ATTN_NORM COUNT=1536 MIN=-18.3563805 MAX=4.00467682 MEAN=-0.0272095253 L2=23.4427647 FIRST8=-0.0529696979,0.0477755181,0.0597442538,-0.160505086,0.0680509284,-0.0436964184,0.0313569196,-0.0878694803 HASH=0edeb15f00b4f6be
STEP=0 CP=LAYER_19_Q COUNT=1536 MIN=-20.3534927 MAX=9.91118336 MEAN=-0.144296146 L2=65.3585806 FIRST8=0.0728374645,0.116758637,-0.739494324,-0.0548877977,-0.30628109,0.471631944,0.0738530159,-0.695685625 HASH=9c1e319ddfbad7d4
STEP=0 CP=LAYER_19_K COUNT=256 MIN=-4.55323696 MAX=2.7418108 MEAN=0.0234727987 L2=6.83258022 FIRST8=0.0152703822,-0.0288041923,-0.0109483004,-0.0155181885,0.0323000699,-0.0280662775,-0.0121836886,-0.0288626403 HASH=21576ca2a230e68c
STEP=0 CP=LAYER_19_V COUNT=256 MIN=-1.73960781 MAX=0.627822518 MEAN=-0.00472908379 L2=2.331939 FIRST8=-0.0409794301,0.0459719151,-0.0109513476,-0.100567415,0.103853375,-0.0250905715,0.10266906,0.0418414325 HASH=c2d1adaed7b8f1be
STEP=0 CP=LAYER_19_Q_ROPE COUNT=1536 MIN=-20.3534927 MAX=9.91118336 MEAN=-0.144296146 L2=65.3585806 FIRST8=0.0728374645,0.116758637,-0.739494324,-0.0548877977,-0.30628109,0.471631944,0.0738530159,-0.695685625 HASH=9c1e319ddfbad7d4
STEP=0 CP=LAYER_19_K_ROPE COUNT=256 MIN=-4.55323696 MAX=2.7418108 MEAN=0.0234727987 L2=6.83258022 FIRST8=0.0152703822,-0.0288041923,-0.0109483004,-0.0155181885,0.0323000699,-0.0280662775,-0.0121836886,-0.0288626403 HASH=21576ca2a230e68c
STEP=0 CP=KV_WRITE LAYER=19 COUNT=256 K_MIN=-4.55323696 K_MAX=2.7418108 K_MEAN=0.0234727987 K_L2=6.83258022 K_HASH=21576ca2a230e68c V_MIN=-1.73960781 V_MAX=0.627822518 V_MEAN=-0.00472908379 V_L2=2.331939 V_HASH=c2d1adaed7b8f1be
STEP=0 CP=LAYER_19_ATTN_SCORES COUNT=1 MIN=5.27325964 MAX=5.27325964 MEAN=5.27325964 L2=5.27325964 FIRST8=5.27325964,0,0,0,0,0,0,0 HASH=7740089cea83860a
STEP=0 CP=LAYER_19_ATTN_PROBS COUNT=1 MIN=1 MAX=1 MEAN=1 L2=1 FIRST8=1,0,0,0,0,0,0,0 HASH=2fa183a08531045a
STEP=0 CP=LAYER_19_ATTN_SCORES COUNT=1 MIN=5.70013666 MAX=5.70013666 MEAN=5.70013666 L2=5.70013666 FIRST8=5.70013666,0,0,0,0,0,0,0 HASH=4482938f1b4f6b81
STEP=0 CP=LAYER_19_ATTN_PROBS COUNT=1 MIN=1 MAX=1 MEAN=1 L2=1 FIRST8=1,0,0,0,0,0,0,0 HASH=2fa183a08531045a
STEP=0 CP=LAYER_19_ATTN_SCORES COUNT=1 MIN=3.73813534 MAX=3.73813534 MEAN=3.73813534 L2=3.73813534 FIRST8=3.73813534,0,0,0,0,0,0,0 HASH=b8d59e5e4be3f6f7
STEP=0 CP=LAYER_19_ATTN_PROBS COUNT=1 MIN=1 MAX=1 MEAN=1 L2=1 FIRST8=1,0,0,0,0,0,0,0 HASH=2fa183a08531045a
STEP=0 CP=LAYER_19_ATTN_SCORES COUNT=1 MIN=5.11073494 MAX=5.11073494 MEAN=5.11073494 L2=5.11073494 FIRST8=5.11073494,0,0,0,0,0,0,0 HASH=a882e4ca5d41ae51
STEP=0 CP=LAYER_19_ATTN_PROBS COUNT=1 MIN=1 MAX=1 MEAN=1 L2=1 FIRST8=1,0,0,0,0,0,0,0 HASH=2fa183a08531045a
STEP=0 CP=LAYER_19_ATTN_SCORES COUNT=1 MIN=4.16588497 MAX=4.16588497 MEAN=4.16588497 L2=4.16588497 FIRST8=4.16588497,0,0,0,0,0,0,0 HASH=abd225ea606a4d0e
STEP=0 CP=LAYER_19_ATTN_PROBS COUNT=1 MIN=1 MAX=1 MEAN=1 L2=1 FIRST8=1,0,0,0,0,0,0,0 HASH=2fa183a08531045a
STEP=0 CP=LAYER_19_ATTN_SCORES COUNT=1 MIN=5.53906345 MAX=5.53906345 MEAN=5.53906345 L2=5.53906345 FIRST8=5.53906345,0,0,0,0,0,0,0 HASH=1d37289115774e58
STEP=0 CP=LAYER_19_ATTN_PROBS COUNT=1 MIN=1 MAX=1 MEAN=1 L2=1 FIRST8=1,0,0,0,0,0,0,0 HASH=2fa183a08531045a
STEP=0 CP=LAYER_19_ATTN_SCORES COUNT=1 MIN=1.10428464 MAX=1.10428464 MEAN=1.10428464 L2=1.10428464 FIRST8=1.10428464,0,0,0,0,0,0,0 HASH=3fc2c418c71ef097
STEP=0 CP=LAYER_19_ATTN_PROBS COUNT=1 MIN=1 MAX=1 MEAN=1 L2=1 FIRST8=1,0,0,0,0,0,0,0 HASH=2fa183a08531045a
STEP=0 CP=LAYER_19_ATTN_SCORES COUNT=1 MIN=1.4154501 MAX=1.4154501 MEAN=1.4154501 L2=1.4154501 FIRST8=1.4154501,0,0,0,0,0,0,0 HASH=a598ba89c4be3f74
STEP=0 CP=LAYER_19_ATTN_PROBS COUNT=1 MIN=1 MAX=1 MEAN=1 L2=1 FIRST8=1,0,0,0,0,0,0,0 HASH=2fa183a08531045a
STEP=0 CP=LAYER_19_ATTN_SCORES COUNT=1 MIN=1.4408052 MAX=1.4408052 MEAN=1.4408052 L2=1.4408052 FIRST8=1.4408052,0,0,0,0,0,0,0 HASH=7fb1e608eade2d2c
STEP=0 CP=LAYER_19_ATTN_PROBS COUNT=1 MIN=1 MAX=1 MEAN=1 L2=1 FIRST8=1,0,0,0,0,0,0,0 HASH=2fa183a08531045a
STEP=0 CP=LAYER_19_ATTN_SCORES COUNT=1 MIN=1.28986752 MAX=1.28986752 MEAN=1.28986752 L2=1.28986752 FIRST8=1.28986752,0,0,0,0,0,0,0 HASH=4c9a76b8ef6595b4
STEP=0 CP=LAYER_19_ATTN_PROBS COUNT=1 MIN=1 MAX=1 MEAN=1 L2=1 FIRST8=1,0,0,0,0,0,0,0 HASH=2fa183a08531045a
STEP=0 CP=LAYER_19_ATTN_SCORES COUNT=1 MIN=1.63707042 MAX=1.63707042 MEAN=1.63707042 L2=1.63707042 FIRST8=1.63707042,0,0,0,0,0,0,0 HASH=685c68885552c938
STEP=0 CP=LAYER_19_ATTN_PROBS COUNT=1 MIN=1 MAX=1 MEAN=1 L2=1 FIRST8=1,0,0,0,0,0,0,0 HASH=2fa183a08531045a
STEP=0 CP=LAYER_19_ATTN_SCORES COUNT=1 MIN=1.32095277 MAX=1.32095277 MEAN=1.32095277 L2=1.32095277 FIRST8=1.32095277,0,0,0,0,0,0,0 HASH=0031854535a27b68
STEP=0 CP=LAYER_19_ATTN_PROBS COUNT=1 MIN=1 MAX=1 MEAN=1 L2=1 FIRST8=1,0,0,0,0,0,0,0 HASH=2fa183a08531045a
STEP=0 CP=LAYER_19_ATTN_VALUE COUNT=1536 MIN=-1.73960781 MAX=0.627822518 MEAN=-0.00472908379 L2=5.71206067 FIRST8=-0.0409794301,0.0459719151,-0.0109513476,-0.100567415,0.103853375,-0.0250905715,0.10266906,0.0418414325 HASH=3e70adcfef880d9f
STEP=0 CP=LAYER_19_O_PROJ COUNT=1536 MIN=-1.19649804 MAX=1.74914432 MEAN=-7.59613358e-05 L2=4.04002695 FIRST8=0.0406273156,-0.0244103074,0.0428701788,-0.0131333023,0.0399916321,-0.0141117424,0.141203046,0.0334602594 HASH=16d9aeee4eb2d3e1
STEP=0 CP=LAYER_19_ATTN_RESIDUAL COUNT=1536 MIN=-4002.1958 MAX=2420.9751 MEAN=-0.616670335 L2=5974.25506 FIRST8=-13.7412357,4.10072947,5.51628304,-20.8935528,8.66292477,-7.3332777,3.57880116,-11.8739481 HASH=b97a17cfc8caddf4
STEP=0 CP=LAYER_19_FFN_NORM COUNT=1536 MIN=-18.973259 MAX=17.9912033 MEAN=-0.00677121058 L2=31.5552233 FIRST8=-0.0447199568,0.0361485966,0.0243134648,-0.138135046,0.0515020341,-0.0420937911,0.0260452051,-0.0821543857 HASH=0fdd0d2f210e012d
STEP=0 CP=LAYER_19_FFN_GATE COUNT=8960 MIN=-3.27960157 MAX=2.1118331 MEAN=-0.0303076335 L2=46.9270028 FIRST8=-0.513191521,0.345917076,-0.407396942,0.0995064378,0.113760591,0.136235774,0.17846787,-0.608700991 HASH=8ddfa0d4e9b451d0
STEP=0 CP=LAYER_19_FFN_UP COUNT=8960 MIN=-1.93309975 MAX=2.90612602 MEAN=0.00483831465 L2=41.0883412 FIRST8=-0.118015066,-0.0249310024,-0.210351065,0.533848941,0.23412855,-0.048906859,-0.259079367,0.305887014 HASH=d2d59c01b415db28
STEP=0 CP=LAYER_19_SWIGLU COUNT=8960 MIN=-0.866159439 MAX=0.697192013 MEAN=0.00026204845 L2=8.24429386 FIRST8=0.0226780511,-0.00505048316,0.0342388265,0.0278810933,0.0140739772,-0.00355801173,-0.0251761824,-0.0656063929 HASH=0fe829da87333a1e
STEP=0 CP=LAYER_19_FFN_DOWN COUNT=1536 MIN=-4.39668608 MAX=6.16927004 MEAN=-0.00186857822 L2=13.0043385 FIRST8=0.0217717551,-0.0359707326,0.0280804373,-0.295416564,-0.422434628,-0.23986806,-0.18205063,-0.261770248 HASH=dc9165cf390e3120
STEP=0 CP=LAYER_19_LAYER_RESIDUAL COUNT=1536 MIN=-4004.39844 MAX=2422.18237 MEAN=-0.618538953 L2=5973.94495 FIRST8=-13.7194643,4.06475878,5.5443635,-21.1889687,8.24048996,-7.57314587,3.39675045,-12.1357183 HASH=469955433b0485be
STEP=0 CP=LAYER_20_ATTN_NORM COUNT=1536 MIN=-13.751071 MAX=2.86733413 MEAN=-0.0198961521 L2=18.6449517 FIRST8=-0.0439482518,0.0408333726,0.0619487613,-0.179191828,0.0815144777,-0.0671501309,0.0311631318,-0.103873886 HASH=a243edc682376ac6
STEP=0 CP=LAYER_20_Q COUNT=1536 MIN=-13.0850267 MAX=14.4955406 MEAN=-0.0759897981 L2=54.4173053 FIRST8=0.224525824,-0.190163374,0.730021119,-0.134073764,-0.378655314,-0.907350421,-0.497294188,1.39431822 HASH=731474ef7f9f83d8
STEP=0 CP=LAYER_20_K COUNT=256 MIN=-1.89378214 MAX=0.404751778 MEAN=-0.0164838294 L2=2.78693974 FIRST8=0.0160044432,-0.0155789554,-0.00742799044,0.0035970211,-0.00164854527,0.0214468539,-0.00612717122,-0.00818529725 HASH=6383c16e1b828178
STEP=0 CP=LAYER_20_V COUNT=256 MIN=-1.63425207 MAX=0.346169591 MEAN=-0.021668155 L2=2.76964068 FIRST8=0.0542168245,-0.012866728,0.0358819515,-0.0836896822,0.0933401957,-0.0995986313,0.105567224,-0.052781187 HASH=2d732305110b18d3
STEP=0 CP=LAYER_20_Q_ROPE COUNT=1536 MIN=-13.0850267 MAX=14.4955406 MEAN=-0.0759897981 L2=54.4173053 FIRST8=0.224525824,-0.190163374,0.730021119,-0.134073764,-0.378655314,-0.907350421,-0.497294188,1.39431822 HASH=731474ef7f9f83d8
STEP=0 CP=LAYER_20_K_ROPE COUNT=256 MIN=-1.89378214 MAX=0.404751778 MEAN=-0.0164838294 L2=2.78693974 FIRST8=0.0160044432,-0.0155789554,-0.00742799044,0.0035970211,-0.00164854527,0.0214468539,-0.00612717122,-0.00818529725 HASH=6383c16e1b828178
STEP=0 CP=KV_WRITE LAYER=20 COUNT=256 K_MIN=-1.89378214 K_MAX=0.404751778 K_MEAN=-0.0164838294 K_L2=2.78693974 K_HASH=6383c16e1b828178 V_MIN=-1.63425207 V_MAX=0.346169591 V_MEAN=-0.021668155 V_L2=2.76964068 V_HASH=2d732305110b18d3
STEP=0 CP=LAYER_20_ATTN_SCORES COUNT=1 MIN=0.885814548 MAX=0.885814548 MEAN=0.885814548 L2=0.885814548 FIRST8=0.885814548,0,0,0,0,0,0,0 HASH=26381957a6b3227a
STEP=0 CP=LAYER_20_ATTN_PROBS COUNT=1 MIN=1 MAX=1 MEAN=1 L2=1 FIRST8=1,0,0,0,0,0,0,0 HASH=2fa183a08531045a
STEP=0 CP=LAYER_20_ATTN_SCORES COUNT=1 MIN=0.830938995 MAX=0.830938995 MEAN=0.830938995 L2=0.830938995 FIRST8=0.830938995,0,0,0,0,0,0,0 HASH=c001fcebec075f19
STEP=0 CP=LAYER_20_ATTN_PROBS COUNT=1 MIN=1 MAX=1 MEAN=1 L2=1 FIRST8=1,0,0,0,0,0,0,0 HASH=2fa183a08531045a
STEP=0 CP=LAYER_20_ATTN_SCORES COUNT=1 MIN=1.01052701 MAX=1.01052701 MEAN=1.01052701 L2=1.01052701 FIRST8=1.01052701,0,0,0,0,0,0,0 HASH=e05f1900bdf6838c
STEP=0 CP=LAYER_20_ATTN_PROBS COUNT=1 MIN=1 MAX=1 MEAN=1 L2=1 FIRST8=1,0,0,0,0,0,0,0 HASH=2fa183a08531045a
STEP=0 CP=LAYER_20_ATTN_SCORES COUNT=1 MIN=1.07813132 MAX=1.07813132 MEAN=1.07813132 L2=1.07813132 FIRST8=1.07813132,0,0,0,0,0,0,0 HASH=120c2749b4da0701
STEP=0 CP=LAYER_20_ATTN_PROBS COUNT=1 MIN=1 MAX=1 MEAN=1 L2=1 FIRST8=1,0,0,0,0,0,0,0 HASH=2fa183a08531045a
STEP=0 CP=LAYER_20_ATTN_SCORES COUNT=1 MIN=1.01603079 MAX=1.01603079 MEAN=1.01603079 L2=1.01603079 FIRST8=1.01603079,0,0,0,0,0,0,0 HASH=40ddf919e045b8ab
STEP=0 CP=LAYER_20_ATTN_PROBS COUNT=1 MIN=1 MAX=1 MEAN=1 L2=1 FIRST8=1,0,0,0,0,0,0,0 HASH=2fa183a08531045a
STEP=0 CP=LAYER_20_ATTN_SCORES COUNT=1 MIN=1.181759 MAX=1.181759 MEAN=1.181759 L2=1.181759 FIRST8=1.181759,0,0,0,0,0,0,0 HASH=b1b8038e9d183e25
STEP=0 CP=LAYER_20_ATTN_PROBS COUNT=1 MIN=1 MAX=1 MEAN=1 L2=1 FIRST8=1,0,0,0,0,0,0,0 HASH=2fa183a08531045a
STEP=0 CP=LAYER_20_ATTN_SCORES COUNT=1 MIN=1.80793452 MAX=1.80793452 MEAN=1.80793452 L2=1.80793452 FIRST8=1.80793452,0,0,0,0,0,0,0 HASH=5601b8d32b416b25
STEP=0 CP=LAYER_20_ATTN_PROBS COUNT=1 MIN=1 MAX=1 MEAN=1 L2=1 FIRST8=1,0,0,0,0,0,0,0 HASH=2fa183a08531045a
STEP=0 CP=LAYER_20_ATTN_SCORES COUNT=1 MIN=1.51731098 MAX=1.51731098 MEAN=1.51731098 L2=1.51731098 FIRST8=1.51731098,0,0,0,0,0,0,0 HASH=252e527ac60cd13a
STEP=0 CP=LAYER_20_ATTN_PROBS COUNT=1 MIN=1 MAX=1 MEAN=1 L2=1 FIRST8=1,0,0,0,0,0,0,0 HASH=2fa183a08531045a
STEP=0 CP=LAYER_20_ATTN_SCORES COUNT=1 MIN=1.69696617 MAX=1.69696617 MEAN=1.69696617 L2=1.69696617 FIRST8=1.69696617,0,0,0,0,0,0,0 HASH=d8f40b307f011179
STEP=0 CP=LAYER_20_ATTN_PROBS COUNT=1 MIN=1 MAX=1 MEAN=1 L2=1 FIRST8=1,0,0,0,0,0,0,0 HASH=2fa183a08531045a
STEP=0 CP=LAYER_20_ATTN_SCORES COUNT=1 MIN=2.23387861 MAX=2.23387861 MEAN=2.23387861 L2=2.23387861 FIRST8=2.23387861,0,0,0,0,0,0,0 HASH=548f846831f7d64e
STEP=0 CP=LAYER_20_ATTN_PROBS COUNT=1 MIN=1 MAX=1 MEAN=1 L2=1 FIRST8=1,0,0,0,0,0,0,0 HASH=2fa183a08531045a
STEP=0 CP=LAYER_20_ATTN_SCORES COUNT=1 MIN=1.91083562 MAX=1.91083562 MEAN=1.91083562 L2=1.91083562 FIRST8=1.91083562,0,0,0,0,0,0,0 HASH=625b099ff083df47
STEP=0 CP=LAYER_20_ATTN_PROBS COUNT=1 MIN=1 MAX=1 MEAN=1 L2=1 FIRST8=1,0,0,0,0,0,0,0 HASH=2fa183a08531045a
STEP=0 CP=LAYER_20_ATTN_SCORES COUNT=1 MIN=1.878685 MAX=1.878685 MEAN=1.878685 L2=1.878685 FIRST8=1.878685,0,0,0,0,0,0,0 HASH=4cf30989e5e86932
STEP=0 CP=LAYER_20_ATTN_PROBS COUNT=1 MIN=1 MAX=1 MEAN=1 L2=1 FIRST8=1,0,0,0,0,0,0,0 HASH=2fa183a08531045a
STEP=0 CP=LAYER_20_ATTN_VALUE COUNT=1536 MIN=-1.63425207 MAX=0.346169591 MEAN=-0.021668155 L2=6.78420643 FIRST8=0.0542168245,-0.012866728,0.0358819515,-0.0836896822,0.0933401957,-0.0995986313,0.105567224,-0.052781187 HASH=749559df305e222f
STEP=0 CP=LAYER_20_O_PROJ COUNT=1536 MIN=-3.65080047 MAX=5.37229824 MEAN=0.00402398188 L2=7.91429114 FIRST8=0.079279907,0.0558644496,0.133210808,-0.165648207,0.0472711399,0.108757377,-0.0359177701,0.141254053 HASH=86262cff12bbdae3
STEP=0 CP=LAYER_20_ATTN_RESIDUAL COUNT=1536 MIN=-4004.60791 MAX=2422.1189 MEAN=-0.614514953 L2=5971.91752 FIRST8=-13.6401844,4.12062311,5.67757416,-21.3546162,8.28776073,-7.46438837,3.36083269,-11.9944639 HASH=6480a2e0de627b8a
STEP=0 CP=LAYER_20_FFN_NORM COUNT=1536 MIN=-20.5320282 MAX=22.8499432 MEAN=-0.00327094155 L2=37.0531085 FIRST8=-0.0416110866,0.0363381803,0.0240153335,-0.152187303,0.0541775338,-0.0505172834,0.0265362449,-0.0897853673 HASH=68e9f1f4bf482b40
STEP=0 CP=LAYER_20_FFN_GATE COUNT=8960 MIN=-3.41764903 MAX=2.22597671 MEAN=-0.149645731 L2=52.1306911 FIRST8=1.80100226,-0.638231575,-0.795303822,-0.0220401175,0.533472538,0.20703879,-0.0651314408,-2.18249345 HASH=3db75d802ece2096
STEP=0 CP=LAYER_20_FFN_UP COUNT=8960 MIN=-2.23228621 MAX=2.33997202 MEAN=-0.00137487188 L2=43.5590874 FIRST8=-0.0684461296,-0.191766933,-0.216154173,-0.00396135636,-0.166623533,0.333428651,-0.237714916,1.88368034 HASH=9b880d64f2cbddc6
STEP=0 CP=LAYER_20_SWIGLU COUNT=8960 MIN=-1.14512908 MAX=0.913272083 MEAN=0.00177236067 L2=8.44983034 FIRST8=-0.105800457,0.0423042551,0.0534687862,4.31733279e-05,-0.0560261346,0.038076736,0.00748934411,-0.416594744 HASH=8c0dd7918381fb35
STEP=0 CP=LAYER_20_FFN_DOWN COUNT=1536 MIN=-3.44041348 MAX=4.65119743 MEAN=-0.00514218733 L2=11.5432358 FIRST8=0.0934393331,-0.066878587,-0.357510835,-0.335777342,0.144768149,0.101219766,-0.0918761045,0.0852803737 HASH=aa8b673bb172506e
STEP=0 CP=LAYER_20_LAYER_RESIDUAL COUNT=1536 MIN=-4005.51831 MAX=2422.35107 MEAN=-0.619657286 L2=5970.64111 FIRST8=-13.5467453,4.05374432,5.32006311,-21.6903934,8.4325285,-7.36316872,3.26895666,-11.9091835 HASH=3be7d7e22d6447fd
STEP=0 CP=LAYER_21_ATTN_NORM COUNT=1536 MIN=-10.886775 MAX=3.46778011 MEAN=-0.0209181949 L2=18.4997491 FIRST8=-0.0345615111,0.0380427688,0.0646591187,-0.173522845,0.0821629539,-0.0483325124,0.0293367393,-0.103212744 HASH=d67c972415c6f275
STEP=0 CP=LAYER_21_Q COUNT=1536 MIN=-6.75104475 MAX=11.8224411 MEAN=0.15043543 L2=52.9244337 FIRST8=0.342234075,0.909316957,0.507270217,0.0422537476,0.542179286,0.508532643,0.182382122,0.671682119 HASH=84e79d61b2a694a8
STEP=0 CP=LAYER_21_K COUNT=256 MIN=-0.530426502 MAX=1.04769135 MEAN=0.014267679 L2=2.02808291 FIRST8=0.0205379128,-0.0298970342,-0.0259209722,-0.0373025313,-0.0133984685,-0.0541397221,0.0206553191,0.00593063235 HASH=84c15c7984de212c
STEP=0 CP=LAYER_21_V COUNT=256 MIN=-2.91925669 MAX=2.37737322 MEAN=-0.0135423534 L2=4.57808248 FIRST8=0.0241897851,-0.00492254458,0.0331087559,0.0515459031,-0.046354983,-0.0547077507,0.0144107044,-0.0032746885 HASH=945cc978ba8224b7
STEP=0 CP=LAYER_21_Q_ROPE COUNT=1536 MIN=-6.75104475 MAX=11.8224411 MEAN=0.15043543 L2=52.9244337 FIRST8=0.342234075,0.909316957,0.507270217,0.0422537476,0.542179286,0.508532643,0.182382122,0.671682119 HASH=84e79d61b2a694a8
STEP=0 CP=LAYER_21_K_ROPE COUNT=256 MIN=-0.530426502 MAX=1.04769135 MEAN=0.014267679 L2=2.02808291 FIRST8=0.0205379128,-0.0298970342,-0.0259209722,-0.0373025313,-0.0133984685,-0.0541397221,0.0206553191,0.00593063235 HASH=84c15c7984de212c
STEP=0 CP=KV_WRITE LAYER=21 COUNT=256 K_MIN=-0.530426502 K_MAX=1.04769135 K_MEAN=0.014267679 K_L2=2.02808291 K_HASH=84c15c7984de212c V_MIN=-2.91925669 V_MAX=2.37737322 V_MEAN=-0.0135423534 V_L2=4.57808248 V_HASH=945cc978ba8224b7
STEP=0 CP=LAYER_21_ATTN_SCORES COUNT=1 MIN=0.786028028 MAX=0.786028028 MEAN=0.786028028 L2=0.786028028 FIRST8=0.786028028,0,0,0,0,0,0,0 HASH=b6fd479b10f94ede
STEP=0 CP=LAYER_21_ATTN_PROBS COUNT=1 MIN=1 MAX=1 MEAN=1 L2=1 FIRST8=1,0,0,0,0,0,0,0 HASH=2fa183a08531045a
STEP=0 CP=LAYER_21_ATTN_SCORES COUNT=1 MIN=0.699412227 MAX=0.699412227 MEAN=0.699412227 L2=0.699412227 FIRST8=0.699412227,0,0,0,0,0,0,0 HASH=966ac0d3a4c2018b
STEP=0 CP=LAYER_21_ATTN_PROBS COUNT=1 MIN=1 MAX=1 MEAN=1 L2=1 FIRST8=1,0,0,0,0,0,0,0 HASH=2fa183a08531045a
STEP=0 CP=LAYER_21_ATTN_SCORES COUNT=1 MIN=0.59083885 MAX=0.59083885 MEAN=0.59083885 L2=0.59083885 FIRST8=0.59083885,0,0,0,0,0,0,0 HASH=aeb86437d1ed613d
STEP=0 CP=LAYER_21_ATTN_PROBS COUNT=1 MIN=1 MAX=1 MEAN=1 L2=1 FIRST8=1,0,0,0,0,0,0,0 HASH=2fa183a08531045a
STEP=0 CP=LAYER_21_ATTN_SCORES COUNT=1 MIN=0.806888819 MAX=0.806888819 MEAN=0.806888819 L2=0.806888819 FIRST8=0.806888819,0,0,0,0,0,0,0 HASH=8fe8edda2ff7a3a4
STEP=0 CP=LAYER_21_ATTN_PROBS COUNT=1 MIN=1 MAX=1 MEAN=1 L2=1 FIRST8=1,0,0,0,0,0,0,0 HASH=2fa183a08531045a
STEP=0 CP=LAYER_21_ATTN_SCORES COUNT=1 MIN=0.55943054 MAX=0.55943054 MEAN=0.55943054 L2=0.55943054 FIRST8=0.55943054,0,0,0,0,0,0,0 HASH=2108b617bd4facf4
STEP=0 CP=LAYER_21_ATTN_PROBS COUNT=1 MIN=1 MAX=1 MEAN=1 L2=1 FIRST8=1,0,0,0,0,0,0,0 HASH=2fa183a08531045a
STEP=0 CP=LAYER_21_ATTN_SCORES COUNT=1 MIN=0.766402185 MAX=0.766402185 MEAN=0.766402185 L2=0.766402185 FIRST8=0.766402185,0,0,0,0,0,0,0 HASH=821ccae1bc708117
STEP=0 CP=LAYER_21_ATTN_PROBS COUNT=1 MIN=1 MAX=1 MEAN=1 L2=1 FIRST8=1,0,0,0,0,0,0,0 HASH=2fa183a08531045a
STEP=0 CP=LAYER_21_ATTN_SCORES COUNT=1 MIN=0.92270124 MAX=0.92270124 MEAN=0.92270124 L2=0.92270124 FIRST8=0.92270124,0,0,0,0,0,0,0 HASH=c5ea0abc29b4606e
STEP=0 CP=LAYER_21_ATTN_PROBS COUNT=1 MIN=1 MAX=1 MEAN=1 L2=1 FIRST8=1,0,0,0,0,0,0,0 HASH=2fa183a08531045a
STEP=0 CP=LAYER_21_ATTN_SCORES COUNT=1 MIN=0.952110589 MAX=0.952110589 MEAN=0.952110589 L2=0.952110589 FIRST8=0.952110589,0,0,0,0,0,0,0 HASH=3806e690356c6ccf
STEP=0 CP=LAYER_21_ATTN_PROBS COUNT=1 MIN=1 MAX=1 MEAN=1 L2=1 FIRST8=1,0,0,0,0,0,0,0 HASH=2fa183a08531045a
STEP=0 CP=LAYER_21_ATTN_SCORES COUNT=1 MIN=0.982209623 MAX=0.982209623 MEAN=0.982209623 L2=0.982209623 FIRST8=0.982209623,0,0,0,0,0,0,0 HASH=17d21c2c243c7b34
STEP=0 CP=LAYER_21_ATTN_PROBS COUNT=1 MIN=1 MAX=1 MEAN=1 L2=1 FIRST8=1,0,0,0,0,0,0,0 HASH=2fa183a08531045a
STEP=0 CP=LAYER_21_ATTN_SCORES COUNT=1 MIN=1.01132441 MAX=1.01132441 MEAN=1.01132441 L2=1.01132441 FIRST8=1.01132441,0,0,0,0,0,0,0 HASH=6cda3548cece1bc2
STEP=0 CP=LAYER_21_ATTN_PROBS COUNT=1 MIN=1 MAX=1 MEAN=1 L2=1 FIRST8=1,0,0,0,0,0,0,0 HASH=2fa183a08531045a
STEP=0 CP=LAYER_21_ATTN_SCORES COUNT=1 MIN=1.01542366 MAX=1.01542366 MEAN=1.01542366 L2=1.01542366 FIRST8=1.01542366,0,0,0,0,0,0,0 HASH=3423adc9fb94fb2f
STEP=0 CP=LAYER_21_ATTN_PROBS COUNT=1 MIN=1 MAX=1 MEAN=1 L2=1 FIRST8=1,0,0,0,0,0,0,0 HASH=2fa183a08531045a
STEP=0 CP=LAYER_21_ATTN_SCORES COUNT=1 MIN=1.03316557 MAX=1.03316557 MEAN=1.03316557 L2=1.03316557 FIRST8=1.03316557,0,0,0,0,0,0,0 HASH=c7b06da33fe7526d
STEP=0 CP=LAYER_21_ATTN_PROBS COUNT=1 MIN=1 MAX=1 MEAN=1 L2=1 FIRST8=1,0,0,0,0,0,0,0 HASH=2fa183a08531045a
STEP=0 CP=LAYER_21_ATTN_VALUE COUNT=1536 MIN=-2.91925669 MAX=2.37737322 MEAN=-0.0135423534 L2=11.2139661 FIRST8=0.0241897851,-0.00492254458,0.0331087559,0.0515459031,-0.046354983,-0.0547077507,0.0144107044,-0.0032746885 HASH=1ec9a628cc9e68a7
STEP=0 CP=LAYER_21_O_PROJ COUNT=1536 MIN=-1.78819585 MAX=2.71173573 MEAN=0.00437085745 L2=9.5048646 FIRST8=0.192427307,0.0848513693,-0.0323754139,-0.0911000594,-0.183950618,0.244464755,-0.205451235,-0.274793565 HASH=f9ed27751ebba003
STEP=0 CP=LAYER_21_ATTN_RESIDUAL COUNT=1536 MIN=-4006.61841 MAX=2423.23242 MEAN=-0.615286469 L2=5970.60131 FIRST8=-13.3543177,4.13859558,5.28768778,-21.7814941,8.24857807,-7.11870384,3.06350541,-12.1839771 HASH=02095f3c44ae3dcf
STEP=0 CP=LAYER_21_FFN_NORM COUNT=1536 MIN=-24.2453003 MAX=24.4809837 MEAN=3.22671881e-05 L2=41.8065599 FIRST8=-0.0606083609,0.0403249823,0.0253539123,-0.17648685,0.0630279109,-0.0518390276,0.0270218253,-0.103720538 HASH=3e0499f254c80ab7
STEP=0 CP=LAYER_21_FFN_GATE COUNT=8960 MIN=-3.79532409 MAX=2.60134006 MEAN=-0.335164393 L2=64.8123409 FIRST8=-0.385290444,0.0838934779,0.0526105538,-0.262262136,-0.458954692,0.208147198,-0.266891956,-0.0291582439 HASH=0f7a007d6dd90bb9
STEP=0 CP=LAYER_21_FFN_UP COUNT=8960 MIN=-3.85838032 MAX=2.39238238 MEAN=0.00280684844 L2=48.9509694 FIRST8=0.0545625426,-0.148061633,-0.964593172,-0.100538954,0.074413754,0.108589455,0.28780514,0.0944662094 HASH=8ff671be9e78bc56
STEP=0 CP=LAYER_21_SWIGLU COUNT=8960 MIN=-1.33445847 MAX=0.811290443 MEAN=0.0014403811 L2=10.0486231 FIRST8=-0.0085109612,-0.0064710686,-0.0260412041,0.0114648193,-0.013225019,0.012473234,-0.0333114602,-0.0013571569 HASH=25cd16debfbf8062
STEP=0 CP=LAYER_21_FFN_DOWN COUNT=1536 MIN=-7.30226326 MAX=8.50814438 MEAN=-0.00244086227 L2=16.6676368 FIRST8=0.138482139,-0.482493401,-0.300133109,0.0977604613,-0.310203552,-0.0971945152,0.366621226,0.118157461 HASH=8aa281bcb4b92a4e
STEP=0 CP=LAYER_21_LAYER_RESIDUAL COUNT=1536 MIN=-4006.11108 MAX=2423.40234 MEAN=-0.617727369 L2=5965.98349 FIRST8=-13.2158356,3.65610218,4.98755455,-21.683733,7.93837452,-7.21589851,3.43012667,-12.0658197 HASH=2925d7b391518232
STEP=0 CP=LAYER_22_ATTN_NORM COUNT=1536 MIN=-14.494916 MAX=4.44424248 MEAN=-0.024145944 L2=20.8889516 FIRST8=-0.107165575,0.0309603512,0.0581054874,-0.144670844,0.0676306039,-0.0407367796,0.0248217788,-0.0842169151 HASH=834ea9f2f1b5da29
STEP=0 CP=LAYER_22_Q COUNT=1536 MIN=-17.620739 MAX=10.7368021 MEAN=-0.0987816689 L2=61.1758198 FIRST8=-1.36179912,2.53211737,-2.59522057,1.01786458,-1.26940179,0.191354871,-1.50422776,-0.569833636 HASH=1adc8727230c94a7
STEP=0 CP=LAYER_22_K COUNT=256 MIN=-0.780306578 MAX=0.913918972 MEAN=0.00412258683 L2=1.94294328 FIRST8=-0.00899597444,-0.0135162175,0.0410963297,0.01323108,-0.0352391899,-0.0178730786,0.00201630592,0.0147439241 HASH=f7dd00607edf20a0
STEP=0 CP=LAYER_22_V COUNT=256 MIN=-0.961418867 MAX=1.27081394 MEAN=-0.00412047432 L2=2.44221546 FIRST8=-0.0796044916,-0.124646232,0.103339814,0.0136983693,0.0143520534,0.16410315,0.0612953603,-0.0836893022 HASH=448d7ee6d9578e35
STEP=0 CP=LAYER_22_Q_ROPE COUNT=1536 MIN=-17.620739 MAX=10.7368021 MEAN=-0.0987816689 L2=61.1758198 FIRST8=-1.36179912,2.53211737,-2.59522057,1.01786458,-1.26940179,0.191354871,-1.50422776,-0.569833636 HASH=1adc8727230c94a7
STEP=0 CP=LAYER_22_K_ROPE COUNT=256 MIN=-0.780306578 MAX=0.913918972 MEAN=0.00412258683 L2=1.94294328 FIRST8=-0.00899597444,-0.0135162175,0.0410963297,0.01323108,-0.0352391899,-0.0178730786,0.00201630592,0.0147439241 HASH=f7dd00607edf20a0
STEP=0 CP=KV_WRITE LAYER=22 COUNT=256 K_MIN=-0.780306578 K_MAX=0.913918972 K_MEAN=0.00412258683 K_L2=1.94294328 K_HASH=f7dd00607edf20a0 V_MIN=-0.961418867 V_MAX=1.27081394 V_MEAN=-0.00412047432 V_L2=2.44221546 V_HASH=448d7ee6d9578e35
STEP=0 CP=LAYER_22_ATTN_SCORES COUNT=1 MIN=0.545036793 MAX=0.545036793 MEAN=0.545036793 L2=0.545036793 FIRST8=0.545036793,0,0,0,0,0,0,0 HASH=0a7d7cb5c20eecdc
STEP=0 CP=LAYER_22_ATTN_PROBS COUNT=1 MIN=1 MAX=1 MEAN=1 L2=1 FIRST8=1,0,0,0,0,0,0,0 HASH=2fa183a08531045a
STEP=0 CP=LAYER_22_ATTN_SCORES COUNT=1 MIN=0.416640818 MAX=0.416640818 MEAN=0.416640818 L2=0.416640818 FIRST8=0.416640818,0,0,0,0,0,0,0 HASH=9e9a1f0bfaf48bc5
STEP=0 CP=LAYER_22_ATTN_PROBS COUNT=1 MIN=1 MAX=1 MEAN=1 L2=1 FIRST8=1,0,0,0,0,0,0,0 HASH=2fa183a08531045a
STEP=0 CP=LAYER_22_ATTN_SCORES COUNT=1 MIN=0.579864025 MAX=0.579864025 MEAN=0.579864025 L2=0.579864025 FIRST8=0.579864025,0,0,0,0,0,0,0 HASH=f2d29a5ff5695529
STEP=0 CP=LAYER_22_ATTN_PROBS COUNT=1 MIN=1 MAX=1 MEAN=1 L2=1 FIRST8=1,0,0,0,0,0,0,0 HASH=2fa183a08531045a
STEP=0 CP=LAYER_22_ATTN_SCORES COUNT=1 MIN=0.454301596 MAX=0.454301596 MEAN=0.454301596 L2=0.454301596 FIRST8=0.454301596,0,0,0,0,0,0,0 HASH=bb7800716cf62a0f
STEP=0 CP=LAYER_22_ATTN_PROBS COUNT=1 MIN=1 MAX=1 MEAN=1 L2=1 FIRST8=1,0,0,0,0,0,0,0 HASH=2fa183a08531045a
STEP=0 CP=LAYER_22_ATTN_SCORES COUNT=1 MIN=0.443669885 MAX=0.443669885 MEAN=0.443669885 L2=0.443669885 FIRST8=0.443669885,0,0,0,0,0,0,0 HASH=ac4d87ed5669193d
STEP=0 CP=LAYER_22_ATTN_PROBS COUNT=1 MIN=1 MAX=1 MEAN=1 L2=1 FIRST8=1,0,0,0,0,0,0,0 HASH=2fa183a08531045a
STEP=0 CP=LAYER_22_ATTN_SCORES COUNT=1 MIN=0.280681431 MAX=0.280681431 MEAN=0.280681431 L2=0.280681431 FIRST8=0.280681431,0,0,0,0,0,0,0 HASH=e66d377b131e5753
STEP=0 CP=LAYER_22_ATTN_PROBS COUNT=1 MIN=1 MAX=1 MEAN=1 L2=1 FIRST8=1,0,0,0,0,0,0,0 HASH=2fa183a08531045a
STEP=0 CP=LAYER_22_ATTN_SCORES COUNT=1 MIN=0.010041968 MAX=0.010041968 MEAN=0.010041968 L2=0.010041968 FIRST8=0.010041968,0,0,0,0,0,0,0 HASH=ba13401feeeeacfb
STEP=0 CP=LAYER_22_ATTN_PROBS COUNT=1 MIN=1 MAX=1 MEAN=1 L2=1 FIRST8=1,0,0,0,0,0,0,0 HASH=2fa183a08531045a
STEP=0 CP=LAYER_22_ATTN_SCORES COUNT=1 MIN=0.501250505 MAX=0.501250505 MEAN=0.501250505 L2=0.501250505 FIRST8=0.501250505,0,0,0,0,0,0,0 HASH=48b2023d62b57941
STEP=0 CP=LAYER_22_ATTN_PROBS COUNT=1 MIN=1 MAX=1 MEAN=1 L2=1 FIRST8=1,0,0,0,0,0,0,0 HASH=2fa183a08531045a
STEP=0 CP=LAYER_22_ATTN_SCORES COUNT=1 MIN=0.582889497 MAX=0.582889497 MEAN=0.582889497 L2=0.582889497 FIRST8=0.582889497,0,0,0,0,0,0,0 HASH=75d5c37af47f4cb4
STEP=0 CP=LAYER_22_ATTN_PROBS COUNT=1 MIN=1 MAX=1 MEAN=1 L2=1 FIRST8=1,0,0,0,0,0,0,0 HASH=2fa183a08531045a
STEP=0 CP=LAYER_22_ATTN_SCORES COUNT=1 MIN=0.354659855 MAX=0.354659855 MEAN=0.354659855 L2=0.354659855 FIRST8=0.354659855,0,0,0,0,0,0,0 HASH=2b32134a73e942e9
STEP=0 CP=LAYER_22_ATTN_PROBS COUNT=1 MIN=1 MAX=1 MEAN=1 L2=1 FIRST8=1,0,0,0,0,0,0,0 HASH=2fa183a08531045a
STEP=0 CP=LAYER_22_ATTN_SCORES COUNT=1 MIN=0.54269594 MAX=0.54269594 MEAN=0.54269594 L2=0.54269594 FIRST8=0.54269594,0,0,0,0,0,0,0 HASH=98f1c0755a33cba9
STEP=0 CP=LAYER_22_ATTN_PROBS COUNT=1 MIN=1 MAX=1 MEAN=1 L2=1 FIRST8=1,0,0,0,0,0,0,0 HASH=2fa183a08531045a
STEP=0 CP=LAYER_22_ATTN_SCORES COUNT=1 MIN=0.286029041 MAX=0.286029041 MEAN=0.286029041 L2=0.286029041 FIRST8=0.286029041,0,0,0,0,0,0,0 HASH=146371d3072197d3
STEP=0 CP=LAYER_22_ATTN_PROBS COUNT=1 MIN=1 MAX=1 MEAN=1 L2=1 FIRST8=1,0,0,0,0,0,0,0 HASH=2fa183a08531045a
STEP=0 CP=LAYER_22_ATTN_VALUE COUNT=1536 MIN=-0.961418867 MAX=1.27081394 MEAN=-0.00412047432 L2=5.98218172 FIRST8=-0.0796044916,-0.124646232,0.103339814,0.0136983693,0.0143520534,0.16410315,0.0612953603,-0.0836893022 HASH=ca8deedf5599121f
STEP=0 CP=LAYER_22_O_PROJ COUNT=1536 MIN=-3.4349122 MAX=2.96037388 MEAN=-0.00156080692 L2=6.65320769 FIRST8=0.125251934,0.175621718,0.20874995,-0.121667176,0.00468337536,0.0528397262,0.207962215,0.175201625 HASH=a763bbb51b6c337b
STEP=0 CP=LAYER_22_ATTN_RESIDUAL COUNT=1536 MIN=-4006.93872 MAX=2423.72461 MEAN=-0.619288334 L2=5965.37839 FIRST8=-13.0905838,3.83172393,5.19630432,-21.8054008,7.94305801,-7.16305876,3.63808894,-11.8906183 HASH=686c405fea627c1c
STEP=0 CP=LAYER_22_FFN_NORM COUNT=1536 MIN=-27.5591068 MAX=27.9906807 MEAN=0.00245257865 L2=47.6974735 FIRST8=-0.0645027012,0.0385476537,0.027471317,-0.180192873,0.0648235083,-0.0536783338,0.0341721326,-0.105584025 HASH=597e1f3707d46b7e
STEP=0 CP=LAYER_22_FFN_GATE COUNT=8960 MIN=-3.93061876 MAX=1.89672351 MEAN=-0.543050666 L2=84.7184415 FIRST8=-0.0115353316,0.110245883,0.135820702,-1.50470138,-1.63502121,-1.96474254,0.222885385,-0.789277256 HASH=7b614e8db8f5835b
STEP=0 CP=LAYER_22_FFN_UP COUNT=8960 MIN=-3.57505369 MAX=5.30763245 MEAN=0.00709747378 L2=54.1211706 FIRST8=0.218005553,1.3780607,-0.133947089,0.356005043,0.661011755,0.365873933,-0.340017825,0.435662448 HASH=d6981f9abce6be01
STEP=0 CP=LAYER_22_SWIGLU COUNT=8960 MIN=-5.49249744 MAX=1.22171688 MEAN=-0.00174979823 L2=12.7168665 FIRST8=-0.00125013106,0.0801458135,-0.00971318502,-0.097346887,-0.176320493,-0.0883857608,-0.0420979485,-0.107395217 HASH=d1dbcb68fbb67a13
STEP=0 CP=LAYER_22_FFN_DOWN COUNT=1536 MIN=-12.0831623 MAX=11.0235214 MEAN=0.00424114437 L2=21.4973407 FIRST8=0.298768759,-0.487058043,-0.0705802888,0.18529962,-0.357044548,0.130427957,-0.248078763,0.0986123979 HASH=7a2161f2a295855f
STEP=0 CP=LAYER_22_LAYER_RESIDUAL COUNT=1536 MIN=-4005.95703 MAX=2423.57007 MEAN=-0.615047288 L2=5957.87637 FIRST8=-12.7918148,3.344666,5.12572384,-21.6201019,7.58601332,-7.03263092,3.39001012,-11.7920055 HASH=c2c6b02c646d5f77
STEP=0 CP=LAYER_23_ATTN_NORM COUNT=1536 MIN=-10.4480801 MAX=6.01051998 MEAN=-0.0164376691 L2=21.7211499 FIRST8=-0.12161804,0.0232049506,0.0742845386,-0.143331468,0.0639368966,-0.0393947586,0.02578439,-0.0818117335 HASH=b793eac5f6c38494
STEP=0 CP=LAYER_23_Q COUNT=1536 MIN=-9.99661827 MAX=11.630291 MEAN=-0.0795252288 L2=53.9620375 FIRST8=-0.115836218,-0.360509217,0.015702296,0.0636856183,0.554886103,-0.431759268,-0.165608853,0.695228219 HASH=6635c554fc1b90d1
STEP=0 CP=LAYER_23_K COUNT=256 MIN=-2.71602297 MAX=1.57372856 MEAN=-0.00149009397 L2=3.67232018 FIRST8=0.0103199184,0.00525802374,-0.0127355009,0.0089109838,-0.0202278048,0.0242275298,-0.00330001116,-0.0239745975 HASH=c1b5dfafa417d367
STEP=0 CP=LAYER_23_V COUNT=256 MIN=-0.562460899 MAX=4.36197948 MEAN=0.00731219282 L2=4.68775486 FIRST8=0.0140130371,0.00188545883,-0.106354773,-0.0172246397,0.103360832,0.0374395326,-0.0772537738,0.0357087553 HASH=5966dfdad477af99
STEP=0 CP=LAYER_23_Q_ROPE COUNT=1536 MIN=-9.99661827 MAX=11.630291 MEAN=-0.0795252288 L2=53.9620375 FIRST8=-0.115836218,-0.360509217,0.015702296,0.0636856183,0.554886103,-0.431759268,-0.165608853,0.695228219 HASH=6635c554fc1b90d1
STEP=0 CP=LAYER_23_K_ROPE COUNT=256 MIN=-2.71602297 MAX=1.57372856 MEAN=-0.00149009397 L2=3.67232018 FIRST8=0.0103199184,0.00525802374,-0.0127355009,0.0089109838,-0.0202278048,0.0242275298,-0.00330001116,-0.0239745975 HASH=c1b5dfafa417d367
STEP=0 CP=KV_WRITE LAYER=23 COUNT=256 K_MIN=-2.71602297 K_MAX=1.57372856 K_MEAN=-0.00149009397 K_L2=3.67232018 K_HASH=c1b5dfafa417d367 V_MIN=-0.562460899 V_MAX=4.36197948 V_MEAN=0.00731219282 V_L2=4.68775486 V_HASH=5966dfdad477af99
STEP=0 CP=LAYER_23_ATTN_SCORES COUNT=1 MIN=1.20977354 MAX=1.20977354 MEAN=1.20977354 L2=1.20977354 FIRST8=1.20977354,0,0,0,0,0,0,0 HASH=17174975c1b9f557
STEP=0 CP=LAYER_23_ATTN_PROBS COUNT=1 MIN=1 MAX=1 MEAN=1 L2=1 FIRST8=1,0,0,0,0,0,0,0 HASH=2fa183a08531045a
STEP=0 CP=LAYER_23_ATTN_SCORES COUNT=1 MIN=1.89862645 MAX=1.89862645 MEAN=1.89862645 L2=1.89862645 FIRST8=1.89862645,0,0,0,0,0,0,0 HASH=5d7ad9283dff2772
STEP=0 CP=LAYER_23_ATTN_PROBS COUNT=1 MIN=1 MAX=1 MEAN=1 L2=1 FIRST8=1,0,0,0,0,0,0,0 HASH=2fa183a08531045a
STEP=0 CP=LAYER_23_ATTN_SCORES COUNT=1 MIN=1.26682186 MAX=1.26682186 MEAN=1.26682186 L2=1.26682186 FIRST8=1.26682186,0,0,0,0,0,0,0 HASH=6f5bc27416d07e9d
STEP=0 CP=LAYER_23_ATTN_PROBS COUNT=1 MIN=1 MAX=1 MEAN=1 L2=1 FIRST8=1,0,0,0,0,0,0,0 HASH=2fa183a08531045a
STEP=0 CP=LAYER_23_ATTN_SCORES COUNT=1 MIN=1.16571319 MAX=1.16571319 MEAN=1.16571319 L2=1.16571319 FIRST8=1.16571319,0,0,0,0,0,0,0 HASH=1dec382d493bba2a
STEP=0 CP=LAYER_23_ATTN_PROBS COUNT=1 MIN=1 MAX=1 MEAN=1 L2=1 FIRST8=1,0,0,0,0,0,0,0 HASH=2fa183a08531045a
STEP=0 CP=LAYER_23_ATTN_SCORES COUNT=1 MIN=0.215730995 MAX=0.215730995 MEAN=0.215730995 L2=0.215730995 FIRST8=0.215730995,0,0,0,0,0,0,0 HASH=efe1e5097e3e4fdf
STEP=0 CP=LAYER_23_ATTN_PROBS COUNT=1 MIN=1 MAX=1 MEAN=1 L2=1 FIRST8=1,0,0,0,0,0,0,0 HASH=2fa183a08531045a
STEP=0 CP=LAYER_23_ATTN_SCORES COUNT=1 MIN=1.83424258 MAX=1.83424258 MEAN=1.83424258 L2=1.83424258 FIRST8=1.83424258,0,0,0,0,0,0,0 HASH=54964b57fdc8bfa6
STEP=0 CP=LAYER_23_ATTN_PROBS COUNT=1 MIN=1 MAX=1 MEAN=1 L2=1 FIRST8=1,0,0,0,0,0,0,0 HASH=2fa183a08531045a
STEP=0 CP=LAYER_23_ATTN_SCORES COUNT=1 MIN=1.29116571 MAX=1.29116571 MEAN=1.29116571 L2=1.29116571 FIRST8=1.29116571,0,0,0,0,0,0,0 HASH=a024d4c0bda36d54
STEP=0 CP=LAYER_23_ATTN_PROBS COUNT=1 MIN=1 MAX=1 MEAN=1 L2=1 FIRST8=1,0,0,0,0,0,0,0 HASH=2fa183a08531045a
STEP=0 CP=LAYER_23_ATTN_SCORES COUNT=1 MIN=0.640726924 MAX=0.640726924 MEAN=0.640726924 L2=0.640726924 FIRST8=0.640726924,0,0,0,0,0,0,0 HASH=3fa026d3738d2c4e
STEP=0 CP=LAYER_23_ATTN_PROBS COUNT=1 MIN=1 MAX=1 MEAN=1 L2=1 FIRST8=1,0,0,0,0,0,0,0 HASH=2fa183a08531045a
STEP=0 CP=LAYER_23_ATTN_SCORES COUNT=1 MIN=1.14370501 MAX=1.14370501 MEAN=1.14370501 L2=1.14370501 FIRST8=1.14370501,0,0,0,0,0,0,0 HASH=f6beb8efb2748475
STEP=0 CP=LAYER_23_ATTN_PROBS COUNT=1 MIN=1 MAX=1 MEAN=1 L2=1 FIRST8=1,0,0,0,0,0,0,0 HASH=2fa183a08531045a
STEP=0 CP=LAYER_23_ATTN_SCORES COUNT=1 MIN=1.04590762 MAX=1.04590762 MEAN=1.04590762 L2=1.04590762 FIRST8=1.04590762,0,0,0,0,0,0,0 HASH=a253181611e5023a
STEP=0 CP=LAYER_23_ATTN_PROBS COUNT=1 MIN=1 MAX=1 MEAN=1 L2=1 FIRST8=1,0,0,0,0,0,0,0 HASH=2fa183a08531045a
STEP=0 CP=LAYER_23_ATTN_SCORES COUNT=1 MIN=1.21528018 MAX=1.21528018 MEAN=1.21528018 L2=1.21528018 FIRST8=1.21528018,0,0,0,0,0,0,0 HASH=3261c2142081481e
STEP=0 CP=LAYER_23_ATTN_PROBS COUNT=1 MIN=1 MAX=1 MEAN=1 L2=1 FIRST8=1,0,0,0,0,0,0,0 HASH=2fa183a08531045a
STEP=0 CP=LAYER_23_ATTN_SCORES COUNT=1 MIN=1.31201589 MAX=1.31201589 MEAN=1.31201589 L2=1.31201589 FIRST8=1.31201589,0,0,0,0,0,0,0 HASH=4863f28e4f632bde
STEP=0 CP=LAYER_23_ATTN_PROBS COUNT=1 MIN=1 MAX=1 MEAN=1 L2=1 FIRST8=1,0,0,0,0,0,0,0 HASH=2fa183a08531045a
STEP=0 CP=LAYER_23_ATTN_VALUE COUNT=1536 MIN=-0.562460899 MAX=4.36197948 MEAN=0.00731219282 L2=11.4826075 FIRST8=0.0140130371,0.00188545883,-0.106354773,-0.0172246397,0.103360832,0.0374395326,-0.0772537738,0.0357087553 HASH=77e491d0c20be46f
STEP=0 CP=LAYER_23_O_PROJ COUNT=1536 MIN=-1.7811482 MAX=1.60074055 MEAN=0.00579157497 L2=8.89371163 FIRST8=0.116803914,0.0585013665,-0.130189687,-0.316869915,0.027312994,-0.101708263,0.00923894346,-0.327551067 HASH=1547454e8e547782
STEP=0 CP=LAYER_23_ATTN_RESIDUAL COUNT=1536 MIN=-4007.73828 MAX=2424.54492 MEAN=-0.609255851 L2=5959.05075 FIRST8=-12.6750107,3.40316749,4.99553394,-21.9369717,7.61332607,-7.13433933,3.39924908,-12.1195564 HASH=d066819a64e7bfaf
STEP=0 CP=LAYER_23_FFN_NORM COUNT=1536 MIN=-38.7137985 MAX=30.8951607 MEAN=-0.00242735824 L2=58.3919753 FIRST8=-0.0742440671,0.0356715582,0.0241278335,-0.185981259,0.066892758,-0.0575522073,0.0342332087,-0.113958411 HASH=3dcedf0ac8d3cf23
STEP=0 CP=LAYER_23_FFN_GATE COUNT=8960 MIN=-5.62651205 MAX=3.61213136 MEAN=-1.0581937 L2=133.436668 FIRST8=-2.83811021,0.0895346254,-0.502803624,-2.25130129,-2.41258478,-1.32004845,-0.277546346,-1.22979987 HASH=e72c0250ab02a703
STEP=0 CP=LAYER_23_FFN_UP COUNT=8960 MIN=-2.6396749 MAX=6.52697325 MEAN=0.0122433355 L2=60.6301362 FIRST8=0.616640568,-1.04922926,1.650365,-0.568807602,0.668382466,-0.918442309,-0.0914576352,0.39553085 HASH=c5ecb53480a71bb5
STEP=0 CP=LAYER_23_SWIGLU COUNT=8960 MIN=-1.32457662 MAX=1.84803927 MEAN=-0.00238586812 L2=14.1168158 FIRST8=-0.0967787579,-0.049072545,-0.312740296,0.121956788,-0.132579044,0.255583882,0.010941796,-0.110037073 HASH=58cb207da4604414
STEP=0 CP=LAYER_23_FFN_DOWN COUNT=1536 MIN=-12.5028601 MAX=14.3239069 MEAN=0.00160336164 L2=26.2103465 FIRST8=0.262036264,-0.618925333,-0.401279211,-0.254810393,-0.0793633908,0.560199797,0.507135451,0.490554482 HASH=3d72318d0e7b73a7
STEP=0 CP=LAYER_23_LAYER_RESIDUAL COUNT=1536 MIN=-4006.04053 MAX=2424.09082 MEAN=-0.607652547 L2=5950.31267 FIRST8=-12.4129744,2.78424215,4.59425449,-22.191782,7.53396273,-6.5741396,3.90638447,-11.6290016 HASH=dd3f55e8960a21e2
STEP=0 CP=LAYER_24_ATTN_NORM COUNT=1536 MIN=-10.4100437 MAX=4.70860767 MEAN=-0.0184210342 L2=18.7458866 FIRST8=-0.163516521,0.0191980712,0.064775601,-0.154160038,0.0624158941,-0.0433006808,0.0267345235,-0.0813817754 HASH=c87614efd92ee65d
STEP=0 CP=LAYER_24_Q COUNT=1536 MIN=-13.2734566 MAX=9.60253716 MEAN=-0.0523984913 L2=56.8831443 FIRST8=-1.84032226,-0.502013326,1.04726505,-0.000991538167,-0.531771183,1.08604228,-0.0228714645,0.646588564 HASH=53115b7e1b35093f
STEP=0 CP=LAYER_24_K COUNT=256 MIN=-0.821591377 MAX=0.408001989 MEAN=-0.000997583949 L2=1.99840774 FIRST8=-0.0333273411,-0.0369979739,0.00516171753,0.0757359862,0.010859035,0.00678342581,-0.00801768899,0.0123626813 HASH=bc354eb596c3de3a
STEP=0 CP=LAYER_24_V COUNT=256 MIN=-3.33005738 MAX=0.757311702 MEAN=-0.00397056312 L2=3.67204742 FIRST8=-0.0220219605,-0.0710024834,-0.0667642877,0.010572508,0.0131631456,-0.0188640505,-0.0248798449,0.0417943709 HASH=92a272b5cf0f4c20
STEP=0 CP=LAYER_24_Q_ROPE COUNT=1536 MIN=-13.2734566 MAX=9.60253716 MEAN=-0.0523984913 L2=56.8831443 FIRST8=-1.84032226,-0.502013326,1.04726505,-0.000991538167,-0.531771183,1.08604228,-0.0228714645,0.646588564 HASH=53115b7e1b35093f
STEP=0 CP=LAYER_24_K_ROPE COUNT=256 MIN=-0.821591377 MAX=0.408001989 MEAN=-0.000997583949 L2=1.99840774 FIRST8=-0.0333273411,-0.0369979739,0.00516171753,0.0757359862,0.010859035,0.00678342581,-0.00801768899,0.0123626813 HASH=bc354eb596c3de3a
STEP=0 CP=KV_WRITE LAYER=24 COUNT=256 K_MIN=-0.821591377 K_MAX=0.408001989 K_MEAN=-0.000997583949 K_L2=1.99840774 K_HASH=bc354eb596c3de3a V_MIN=-3.33005738 V_MAX=0.757311702 V_MEAN=-0.00397056312 V_L2=3.67204742 V_HASH=92a272b5cf0f4c20
STEP=0 CP=LAYER_24_ATTN_SCORES COUNT=1 MIN=1.19960892 MAX=1.19960892 MEAN=1.19960892 L2=1.19960892 FIRST8=1.19960892,0,0,0,0,0,0,0 HASH=d409efc2a4462d46
STEP=0 CP=LAYER_24_ATTN_PROBS COUNT=1 MIN=1 MAX=1 MEAN=1 L2=1 FIRST8=1,0,0,0,0,0,0,0 HASH=2fa183a08531045a
STEP=0 CP=LAYER_24_ATTN_SCORES COUNT=1 MIN=1.13261211 MAX=1.13261211 MEAN=1.13261211 L2=1.13261211 FIRST8=1.13261211,0,0,0,0,0,0,0 HASH=3a80ae10a70f91fe
STEP=0 CP=LAYER_24_ATTN_PROBS COUNT=1 MIN=1 MAX=1 MEAN=1 L2=1 FIRST8=1,0,0,0,0,0,0,0 HASH=2fa183a08531045a
STEP=0 CP=LAYER_24_ATTN_SCORES COUNT=1 MIN=0.92808646 MAX=0.92808646 MEAN=0.92808646 L2=0.92808646 FIRST8=0.92808646,0,0,0,0,0,0,0 HASH=adf9710a46e16c25
STEP=0 CP=LAYER_24_ATTN_PROBS COUNT=1 MIN=1 MAX=1 MEAN=1 L2=1 FIRST8=1,0,0,0,0,0,0,0 HASH=2fa183a08531045a
STEP=0 CP=LAYER_24_ATTN_SCORES COUNT=1 MIN=1.13078868 MAX=1.13078868 MEAN=1.13078868 L2=1.13078868 FIRST8=1.13078868,0,0,0,0,0,0,0 HASH=479343c9c8c77d4a
STEP=0 CP=LAYER_24_ATTN_PROBS COUNT=1 MIN=1 MAX=1 MEAN=1 L2=1 FIRST8=1,0,0,0,0,0,0,0 HASH=2fa183a08531045a
STEP=0 CP=LAYER_24_ATTN_SCORES COUNT=1 MIN=1.09879768 MAX=1.09879768 MEAN=1.09879768 L2=1.09879768 FIRST8=1.09879768,0,0,0,0,0,0,0 HASH=f32081caf7c8f46e
STEP=0 CP=LAYER_24_ATTN_PROBS COUNT=1 MIN=1 MAX=1 MEAN=1 L2=1 FIRST8=1,0,0,0,0,0,0,0 HASH=2fa183a08531045a
STEP=0 CP=LAYER_24_ATTN_SCORES COUNT=1 MIN=1.08714795 MAX=1.08714795 MEAN=1.08714795 L2=1.08714795 FIRST8=1.08714795,0,0,0,0,0,0,0 HASH=e5204db19e544646
STEP=0 CP=LAYER_24_ATTN_PROBS COUNT=1 MIN=1 MAX=1 MEAN=1 L2=1 FIRST8=1,0,0,0,0,0,0,0 HASH=2fa183a08531045a
STEP=0 CP=LAYER_24_ATTN_SCORES COUNT=1 MIN=0.834479153 MAX=0.834479153 MEAN=0.834479153 L2=0.834479153 FIRST8=0.834479153,0,0,0,0,0,0,0 HASH=4f41591e6699a16a
STEP=0 CP=LAYER_24_ATTN_PROBS COUNT=1 MIN=1 MAX=1 MEAN=1 L2=1 FIRST8=1,0,0,0,0,0,0,0 HASH=2fa183a08531045a
STEP=0 CP=LAYER_24_ATTN_SCORES COUNT=1 MIN=0.641942561 MAX=0.641942561 MEAN=0.641942561 L2=0.641942561 FIRST8=0.641942561,0,0,0,0,0,0,0 HASH=bb659a74c9a4a6a1
STEP=0 CP=LAYER_24_ATTN_PROBS COUNT=1 MIN=1 MAX=1 MEAN=1 L2=1 FIRST8=1,0,0,0,0,0,0,0 HASH=2fa183a08531045a
STEP=0 CP=LAYER_24_ATTN_SCORES COUNT=1 MIN=0.379613459 MAX=0.379613459 MEAN=0.379613459 L2=0.379613459 FIRST8=0.379613459,0,0,0,0,0,0,0 HASH=ba6131f4381900f9
STEP=0 CP=LAYER_24_ATTN_PROBS COUNT=1 MIN=1 MAX=1 MEAN=1 L2=1 FIRST8=1,0,0,0,0,0,0,0 HASH=2fa183a08531045a
STEP=0 CP=LAYER_24_ATTN_SCORES COUNT=1 MIN=0.644074976 MAX=0.644074976 MEAN=0.644074976 L2=0.644074976 FIRST8=0.644074976,0,0,0,0,0,0,0 HASH=3f7e8c5e643f1e0d
STEP=0 CP=LAYER_24_ATTN_PROBS COUNT=1 MIN=1 MAX=1 MEAN=1 L2=1 FIRST8=1,0,0,0,0,0,0,0 HASH=2fa183a08531045a
STEP=0 CP=LAYER_24_ATTN_SCORES COUNT=1 MIN=0.384082407 MAX=0.384082407 MEAN=0.384082407 L2=0.384082407 FIRST8=0.384082407,0,0,0,0,0,0,0 HASH=42ae3a2b814674a4
STEP=0 CP=LAYER_24_ATTN_PROBS COUNT=1 MIN=1 MAX=1 MEAN=1 L2=1 FIRST8=1,0,0,0,0,0,0,0 HASH=2fa183a08531045a
STEP=0 CP=LAYER_24_ATTN_SCORES COUNT=1 MIN=0.718729258 MAX=0.718729258 MEAN=0.718729258 L2=0.718729258 FIRST8=0.718729258,0,0,0,0,0,0,0 HASH=b2117ea3cedb3ba7
STEP=0 CP=LAYER_24_ATTN_PROBS COUNT=1 MIN=1 MAX=1 MEAN=1 L2=1 FIRST8=1,0,0,0,0,0,0,0 HASH=2fa183a08531045a
STEP=0 CP=LAYER_24_ATTN_VALUE COUNT=1536 MIN=-3.33005738 MAX=0.757311702 MEAN=-0.00397056312 L2=8.9946425 FIRST8=-0.0220219605,-0.0710024834,-0.0667642877,0.010572508,0.0131631456,-0.0188640505,-0.0248798449,0.0417943709 HASH=941b10e23adafb43
STEP=0 CP=LAYER_24_O_PROJ COUNT=1536 MIN=-0.992523968 MAX=0.724117219 MEAN=-0.00303250176 L2=6.17045293 FIRST8=-0.0405443273,0.154481024,-0.13350071,-0.00623224676,-0.154551953,0.0872014165,-0.143918976,-0.274726778 HASH=ec9aeab3fb9efe2a
STEP=0 CP=LAYER_24_ATTN_RESIDUAL COUNT=1536 MIN=-4007.03296 MAX=2424.7666 MEAN=-0.610685032 L2=5951.36522 FIRST8=-12.4535189,2.93872309,4.46075392,-22.1980133,7.37941074,-6.486938,3.76246548,-11.9037285 HASH=5dfcf6316fa5e888
STEP=0 CP=LAYER_24_FFN_NORM COUNT=1536 MIN=-50.5077515 MAX=34.4308777 MEAN=-0.0100557321 L2=69.0622857 FIRST8=-0.0711187497,0.032052625,0.0250151902,-0.196431726,0.0690974668,-0.0547334328,0.0392950289,-0.118197799 HASH=2dc839a9f89db893
STEP=0 CP=LAYER_24_FFN_GATE COUNT=8960 MIN=-4.73220634 MAX=29.1439819 MEAN=-1.4653037 L2=174.60482 FIRST8=-1.90318584,-2.27142048,-2.20195889,-1.47735369,-0.382751048,0.362033516,-2.77241445,-2.24031878 HASH=a227fd5761babe51
STEP=0 CP=LAYER_24_FFN_UP COUNT=8960 MIN=-3.48793197 MAX=4.57254219 MEAN=-0.00416430925 L2=66.8013137 FIRST8=0.431790829,-0.331931531,-0.389174134,-0.590284944,0.7312783,0.155083254,0.208883286,-0.36953783 HASH=9bf567985209e67f
STEP=0 CP=LAYER_24_SWIGLU COUNT=8960 MIN=-3.87415719 MAX=12.5045147 MEAN=0.00183286822 L2=20.2641321 FIRST8=-0.106624343,0.0705082566,0.0853300989,0.162052631,-0.113488249,0.0330995061,-0.0340709426,0.0796322227 HASH=352eb6b898e8be28
STEP=0 CP=LAYER_24_FFN_DOWN COUNT=1536 MIN=-13.7809582 MAX=16.7566338 MEAN=0.00655727191 L2=32.1342166 FIRST8=0.207707494,0.600967944,-0.044575993,0.661755264,0.432119012,-0.602458119,0.0094603179,0.0601095557 HASH=b6dd9dbeb410b8ce
STEP=0 CP=LAYER_24_LAYER_RESIDUAL COUNT=1536 MIN=-4005.24634 MAX=2422.84033 MEAN=-0.604127953 L2=5940.97389 FIRST8=-12.2458115,3.53969097,4.41617775,-21.5362587,7.81152964,-7.089396,3.77192569,-11.8436193 HASH=ad7d63fed84476d5
STEP=0 CP=LAYER_25_ATTN_NORM COUNT=1536 MIN=-9.95989037 MAX=6.93359423 MEAN=-0.0228003785 L2=21.7647472 FIRST8=-0.260023624,0.020249594,0.0512102693,-0.125977829,0.0505251735,-0.0378161743,0.0206061583,-0.0680592731 HASH=b6270aa766dc75c3
STEP=0 CP=LAYER_25_Q COUNT=1536 MIN=-12.8880262 MAX=13.9988356 MEAN=-0.0334430724 L2=53.0806203 FIRST8=1.4312166,-0.655297041,-0.168767557,-0.12713632,-0.65808934,0.52173996,0.337949514,-0.639603794 HASH=9e424831f1b5b383
STEP=0 CP=LAYER_25_K COUNT=256 MIN=-0.58211422 MAX=1.00650048 MEAN=0.00969331066 L2=2.02161105 FIRST8=0.112213835,-0.0675968677,-0.000159621239,-0.0517903864,0.0432364345,-0.00320202857,0.0131754763,0.00540018082 HASH=e192df6314b23e14
STEP=0 CP=LAYER_25_V COUNT=256 MIN=-0.452385664 MAX=4.19943285 MEAN=0.0159480217 L2=4.82092724 FIRST8=-0.115000874,0.103362009,0.0211074948,-0.00256217271,0.0441331416,-0.00729095936,0.0355975479,0.105602354 HASH=02eb80104b0fd3a5
STEP=0 CP=LAYER_25_Q_ROPE COUNT=1536 MIN=-12.8880262 MAX=13.9988356 MEAN=-0.0334430724 L2=53.0806203 FIRST8=1.4312166,-0.655297041,-0.168767557,-0.12713632,-0.65808934,0.52173996,0.337949514,-0.639603794 HASH=9e424831f1b5b383
STEP=0 CP=LAYER_25_K_ROPE COUNT=256 MIN=-0.58211422 MAX=1.00650048 MEAN=0.00969331066 L2=2.02161105 FIRST8=0.112213835,-0.0675968677,-0.000159621239,-0.0517903864,0.0432364345,-0.00320202857,0.0131754763,0.00540018082 HASH=e192df6314b23e14
STEP=0 CP=KV_WRITE LAYER=25 COUNT=256 K_MIN=-0.58211422 K_MAX=1.00650048 K_MEAN=0.00969331066 K_L2=2.02161105 K_HASH=e192df6314b23e14 V_MIN=-0.452385664 V_MAX=4.19943285 V_MEAN=0.0159480217 V_L2=4.82092724 V_HASH=02eb80104b0fd3a5
STEP=0 CP=LAYER_25_ATTN_SCORES COUNT=1 MIN=0.461805969 MAX=0.461805969 MEAN=0.461805969 L2=0.461805969 FIRST8=0.461805969,0,0,0,0,0,0,0 HASH=bda03e2a52130513
STEP=0 CP=LAYER_25_ATTN_PROBS COUNT=1 MIN=1 MAX=1 MEAN=1 L2=1 FIRST8=1,0,0,0,0,0,0,0 HASH=2fa183a08531045a
STEP=0 CP=LAYER_25_ATTN_SCORES COUNT=1 MIN=0.477957338 MAX=0.477957338 MEAN=0.477957338 L2=0.477957338 FIRST8=0.477957338,0,0,0,0,0,0,0 HASH=8eb624f41534d864
STEP=0 CP=LAYER_25_ATTN_PROBS COUNT=1 MIN=1 MAX=1 MEAN=1 L2=1 FIRST8=1,0,0,0,0,0,0,0 HASH=2fa183a08531045a
STEP=0 CP=LAYER_25_ATTN_SCORES COUNT=1 MIN=0.35999608 MAX=0.35999608 MEAN=0.35999608 L2=0.35999608 FIRST8=0.35999608,0,0,0,0,0,0,0 HASH=73fb7d0201225ee2
STEP=0 CP=LAYER_25_ATTN_PROBS COUNT=1 MIN=1 MAX=1 MEAN=1 L2=1 FIRST8=1,0,0,0,0,0,0,0 HASH=2fa183a08531045a
STEP=0 CP=LAYER_25_ATTN_SCORES COUNT=1 MIN=0.479491591 MAX=0.479491591 MEAN=0.479491591 L2=0.479491591 FIRST8=0.479491591,0,0,0,0,0,0,0 HASH=0a9258fb1fa34855
STEP=0 CP=LAYER_25_ATTN_PROBS COUNT=1 MIN=1 MAX=1 MEAN=1 L2=1 FIRST8=1,0,0,0,0,0,0,0 HASH=2fa183a08531045a
STEP=0 CP=LAYER_25_ATTN_SCORES COUNT=1 MIN=0.358463705 MAX=0.358463705 MEAN=0.358463705 L2=0.358463705 FIRST8=0.358463705,0,0,0,0,0,0,0 HASH=0f44a2cb665716b0
STEP=0 CP=LAYER_25_ATTN_PROBS COUNT=1 MIN=1 MAX=1 MEAN=1 L2=1 FIRST8=1,0,0,0,0,0,0,0 HASH=2fa183a08531045a
STEP=0 CP=LAYER_25_ATTN_SCORES COUNT=1 MIN=0.806414664 MAX=0.806414664 MEAN=0.806414664 L2=0.806414664 FIRST8=0.806414664,0,0,0,0,0,0,0 HASH=ce18882639411daa
STEP=0 CP=LAYER_25_ATTN_PROBS COUNT=1 MIN=1 MAX=1 MEAN=1 L2=1 FIRST8=1,0,0,0,0,0,0,0 HASH=2fa183a08531045a
STEP=0 CP=LAYER_25_ATTN_SCORES COUNT=1 MIN=1.41146207 MAX=1.41146207 MEAN=1.41146207 L2=1.41146207 FIRST8=1.41146207,0,0,0,0,0,0,0 HASH=04688bbfdd2d354e
STEP=0 CP=LAYER_25_ATTN_PROBS COUNT=1 MIN=1 MAX=1 MEAN=1 L2=1 FIRST8=1,0,0,0,0,0,0,0 HASH=2fa183a08531045a
STEP=0 CP=LAYER_25_ATTN_SCORES COUNT=1 MIN=1.06594491 MAX=1.06594491 MEAN=1.06594491 L2=1.06594491 FIRST8=1.06594491,0,0,0,0,0,0,0 HASH=50746684267718f4
STEP=0 CP=LAYER_25_ATTN_PROBS COUNT=1 MIN=1 MAX=1 MEAN=1 L2=1 FIRST8=1,0,0,0,0,0,0,0 HASH=2fa183a08531045a
STEP=0 CP=LAYER_25_ATTN_SCORES COUNT=1 MIN=1.04271805 MAX=1.04271805 MEAN=1.04271805 L2=1.04271805 FIRST8=1.04271805,0,0,0,0,0,0,0 HASH=f0239ec5893a844f
STEP=0 CP=LAYER_25_ATTN_PROBS COUNT=1 MIN=1 MAX=1 MEAN=1 L2=1 FIRST8=1,0,0,0,0,0,0,0 HASH=2fa183a08531045a
STEP=0 CP=LAYER_25_ATTN_SCORES COUNT=1 MIN=1.05329418 MAX=1.05329418 MEAN=1.05329418 L2=1.05329418 FIRST8=1.05329418,0,0,0,0,0,0,0 HASH=48e7b8822e09b246
STEP=0 CP=LAYER_25_ATTN_PROBS COUNT=1 MIN=1 MAX=1 MEAN=1 L2=1 FIRST8=1,0,0,0,0,0,0,0 HASH=2fa183a08531045a
STEP=0 CP=LAYER_25_ATTN_SCORES COUNT=1 MIN=0.896794558 MAX=0.896794558 MEAN=0.896794558 L2=0.896794558 FIRST8=0.896794558,0,0,0,0,0,0,0 HASH=55d88a5ee116f287
STEP=0 CP=LAYER_25_ATTN_PROBS COUNT=1 MIN=1 MAX=1 MEAN=1 L2=1 FIRST8=1,0,0,0,0,0,0,0 HASH=2fa183a08531045a
STEP=0 CP=LAYER_25_ATTN_SCORES COUNT=1 MIN=1.27741563 MAX=1.27741563 MEAN=1.27741563 L2=1.27741563 FIRST8=1.27741563,0,0,0,0,0,0,0 HASH=b6e2e667a55bbfa8
STEP=0 CP=LAYER_25_ATTN_PROBS COUNT=1 MIN=1 MAX=1 MEAN=1 L2=1 FIRST8=1,0,0,0,0,0,0,0 HASH=2fa183a08531045a
STEP=0 CP=LAYER_25_ATTN_VALUE COUNT=1536 MIN=-0.452385664 MAX=4.19943285 MEAN=0.0159480217 L2=11.8088118 FIRST8=-0.115000874,0.103362009,0.0211074948,-0.00256217271,0.0441331416,-0.00729095936,0.0355975479,0.105602354 HASH=b117e32fb88554d3
STEP=0 CP=LAYER_25_O_PROJ COUNT=1536 MIN=-2.93291545 MAX=4.44255304 MEAN=-0.00462744477 L2=10.939633 FIRST8=0.0614770651,0.0872550383,-0.162896767,0.13292259,0.00713418424,-0.147594839,-0.212601811,-0.0757642165 HASH=ede6b915e46f55cd
STEP=0 CP=LAYER_25_ATTN_RESIDUAL COUNT=1536 MIN=-4006.79956 MAX=2423.77173 MEAN=-0.608755311 L2=5940.89927 FIRST8=-12.1843348,3.62694597,4.25328112,-21.4033356,7.8186636,-7.23699093,3.55932379,-11.919384 HASH=37e1b81d99bd2377
STEP=0 CP=LAYER_25_FFN_NORM COUNT=1536 MIN=-65.255661 MAX=35.7265625 MEAN=-0.0193089908 L2=81.8458776 FIRST8=-0.0967065766,0.0396287553,0.0261954274,-0.200764224,0.0761601552,-0.0648994148,0.0377892442,-0.121633306 HASH=d346f517f449869b
STEP=0 CP=LAYER_25_FFN_GATE COUNT=8960 MIN=-6.3111515 MAX=4.53059626 MEAN=-2.09915304 L2=226.971914 FIRST8=-2.31531763,-2.29200864,-0.378097773,-1.61137605,-1.34000611,-0.346871555,-2.72534752,-1.36287975 HASH=853143de8da01018
STEP=0 CP=LAYER_25_FFN_UP COUNT=8960 MIN=-9.20730686 MAX=6.81083775 MEAN=-0.005606744 L2=82.7620864 FIRST8=0.271291107,0.327956229,-1.02209771,-0.616531134,-0.109146059,-0.111862302,-0.48957926,0.185131431 HASH=1055e8dde1ed324d
STEP=0 CP=LAYER_25_SWIGLU COUNT=8960 MIN=-8.00644684 MAX=5.96941519 MEAN=0.00249232599 L2=21.301174 FIRST8=-0.056444753,-0.0689942911,0.157126248,0.165309995,0.0303495228,0.0160694458,0.0820499882,-0.0514142588 HASH=eeab71f2b09d83fa
STEP=0 CP=LAYER_25_FFN_DOWN COUNT=1536 MIN=-18.8554344 MAX=21.7110214 MEAN=-0.00454508594 L2=34.9320278 FIRST8=-0.139951944,0.0294966213,0.579648077,-0.783423483,-0.525215805,0.211704627,0.203068674,-0.312292844 HASH=d0b4b87bf4d71fdb
STEP=0 CP=LAYER_25_LAYER_RESIDUAL COUNT=1536 MIN=-4005.30444 MAX=2422.32422 MEAN=-0.613300347 L2=5928.30595 FIRST8=-12.3242865,3.65644264,4.83292913,-22.1867599,7.29344797,-7.0252862,3.76239252,-12.2316771 HASH=c5b7c1654dd2a33d
STEP=0 CP=LAYER_26_ATTN_NORM COUNT=1536 MIN=-13.0326023 MAX=7.27397585 MEAN=-0.0198659124 L2=23.2586617 FIRST8=-0.336086243,0.0159577075,0.111326955,-0.111725815,0.0438847728,-0.0299345683,0.0160314608,-0.0505395085 HASH=c172225346b61725
STEP=0 CP=LAYER_26_Q COUNT=1536 MIN=-8.44468594 MAX=9.92846107 MEAN=-0.0251026154 L2=47.3596896 FIRST8=0.427092284,0.678736687,0.854623258,0.873150408,1.41337764,-0.238575906,-0.426706553,1.44143939 HASH=436c7d45505f7979
STEP=0 CP=LAYER_26_K COUNT=256 MIN=-1.51477265 MAX=4.7350955 MEAN=0.0432244222 L2=8.2983239 FIRST8=0.00428259373,0.026237525,-0.00681855343,0.0402376875,-0.00883511454,-0.0171353221,-0.0299906433,0.026384145 HASH=c819ca65f5cdef91
STEP=0 CP=LAYER_26_V COUNT=256 MIN=-6.2390008 MAX=2.19493842 MEAN=-0.0225541402 L2=8.30951518 FIRST8=0.26293081,0.23789084,-0.474466145,0.225677773,0.069588393,0.00688065588,0.0397208929,-0.00509157777 HASH=9e1e0765ad4b588b
STEP=0 CP=LAYER_26_Q_ROPE COUNT=1536 MIN=-8.44468594 MAX=9.92846107 MEAN=-0.0251026154 L2=47.3596896 FIRST8=0.427092284,0.678736687,0.854623258,0.873150408,1.41337764,-0.238575906,-0.426706553,1.44143939 HASH=436c7d45505f7979
STEP=0 CP=LAYER_26_K_ROPE COUNT=256 MIN=-1.51477265 MAX=4.7350955 MEAN=0.0432244222 L2=8.2983239 FIRST8=0.00428259373,0.026237525,-0.00681855343,0.0402376875,-0.00883511454,-0.0171353221,-0.0299906433,0.026384145 HASH=c819ca65f5cdef91
STEP=0 CP=KV_WRITE LAYER=26 COUNT=256 K_MIN=-1.51477265 K_MAX=4.7350955 K_MEAN=0.0432244222 K_L2=8.2983239 K_HASH=c819ca65f5cdef91 V_MIN=-6.2390008 V_MAX=2.19493842 V_MEAN=-0.0225541402 V_L2=8.30951518 V_HASH=9e1e0765ad4b588b
STEP=0 CP=LAYER_26_ATTN_SCORES COUNT=1 MIN=3.08760262 MAX=3.08760262 MEAN=3.08760262 L2=3.08760262 FIRST8=3.08760262,0,0,0,0,0,0,0 HASH=9f4459f630187b53
STEP=0 CP=LAYER_26_ATTN_PROBS COUNT=1 MIN=1 MAX=1 MEAN=1 L2=1 FIRST8=1,0,0,0,0,0,0,0 HASH=2fa183a08531045a
STEP=0 CP=LAYER_26_ATTN_SCORES COUNT=1 MIN=1.80713701 MAX=1.80713701 MEAN=1.80713701 L2=1.80713701 FIRST8=1.80713701,0,0,0,0,0,0,0 HASH=62a8add8f3855a25
STEP=0 CP=LAYER_26_ATTN_PROBS COUNT=1 MIN=1 MAX=1 MEAN=1 L2=1 FIRST8=1,0,0,0,0,0,0,0 HASH=2fa183a08531045a
STEP=0 CP=LAYER_26_ATTN_SCORES COUNT=1 MIN=2.17107701 MAX=2.17107701 MEAN=2.17107701 L2=2.17107701 FIRST8=2.17107701,0,0,0,0,0,0,0 HASH=f6a91fed6dd9ead2
STEP=0 CP=LAYER_26_ATTN_PROBS COUNT=1 MIN=1 MAX=1 MEAN=1 L2=1 FIRST8=1,0,0,0,0,0,0,0 HASH=2fa183a08531045a
STEP=0 CP=LAYER_26_ATTN_SCORES COUNT=1 MIN=2.44848919 MAX=2.44848919 MEAN=2.44848919 L2=2.44848919 FIRST8=2.44848919,0,0,0,0,0,0,0 HASH=9a12e3011e2b0a6f
STEP=0 CP=LAYER_26_ATTN_PROBS COUNT=1 MIN=1 MAX=1 MEAN=1 L2=1 FIRST8=1,0,0,0,0,0,0,0 HASH=2fa183a08531045a
STEP=0 CP=LAYER_26_ATTN_SCORES COUNT=1 MIN=2.49578118 MAX=2.49578118 MEAN=2.49578118 L2=2.49578118 FIRST8=2.49578118,0,0,0,0,0,0,0 HASH=10e7b58bfe8adbe3
STEP=0 CP=LAYER_26_ATTN_PROBS COUNT=1 MIN=1 MAX=1 MEAN=1 L2=1 FIRST8=1,0,0,0,0,0,0,0 HASH=2fa183a08531045a
STEP=0 CP=LAYER_26_ATTN_SCORES COUNT=1 MIN=2.59540296 MAX=2.59540296 MEAN=2.59540296 L2=2.59540296 FIRST8=2.59540296,0,0,0,0,0,0,0 HASH=d89ce43f5dd9a985
STEP=0 CP=LAYER_26_ATTN_PROBS COUNT=1 MIN=1 MAX=1 MEAN=1 L2=1 FIRST8=1,0,0,0,0,0,0,0 HASH=2fa183a08531045a
STEP=0 CP=LAYER_26_ATTN_SCORES COUNT=1 MIN=0.551252186 MAX=0.551252186 MEAN=0.551252186 L2=0.551252186 FIRST8=0.551252186,0,0,0,0,0,0,0 HASH=53638e6ba4ce7544
STEP=0 CP=LAYER_26_ATTN_PROBS COUNT=1 MIN=1 MAX=1 MEAN=1 L2=1 FIRST8=1,0,0,0,0,0,0,0 HASH=2fa183a08531045a
STEP=0 CP=LAYER_26_ATTN_SCORES COUNT=1 MIN=1.57327354 MAX=1.57327354 MEAN=1.57327354 L2=1.57327354 FIRST8=1.57327354,0,0,0,0,0,0,0 HASH=c5ba62a8458d2a1f
STEP=0 CP=LAYER_26_ATTN_PROBS COUNT=1 MIN=1 MAX=1 MEAN=1 L2=1 FIRST8=1,0,0,0,0,0,0,0 HASH=2fa183a08531045a
STEP=0 CP=LAYER_26_ATTN_SCORES COUNT=1 MIN=0.994871438 MAX=0.994871438 MEAN=0.994871438 L2=0.994871438 FIRST8=0.994871438,0,0,0,0,0,0,0 HASH=da1aa7b208a15d0c
STEP=0 CP=LAYER_26_ATTN_PROBS COUNT=1 MIN=1 MAX=1 MEAN=1 L2=1 FIRST8=1,0,0,0,0,0,0,0 HASH=2fa183a08531045a
STEP=0 CP=LAYER_26_ATTN_SCORES COUNT=1 MIN=1.29298615 MAX=1.29298615 MEAN=1.29298615 L2=1.29298615 FIRST8=1.29298615,0,0,0,0,0,0,0 HASH=a046b3e7afd2e311
STEP=0 CP=LAYER_26_ATTN_PROBS COUNT=1 MIN=1 MAX=1 MEAN=1 L2=1 FIRST8=1,0,0,0,0,0,0,0 HASH=2fa183a08531045a
STEP=0 CP=LAYER_26_ATTN_SCORES COUNT=1 MIN=2.12008667 MAX=2.12008667 MEAN=2.12008667 L2=2.12008667 FIRST8=2.12008667,0,0,0,0,0,0,0 HASH=83f923786e142dcd
STEP=0 CP=LAYER_26_ATTN_PROBS COUNT=1 MIN=1 MAX=1 MEAN=1 L2=1 FIRST8=1,0,0,0,0,0,0,0 HASH=2fa183a08531045a
STEP=0 CP=LAYER_26_ATTN_SCORES COUNT=1 MIN=1.4205519 MAX=1.4205519 MEAN=1.4205519 L2=1.4205519 FIRST8=1.4205519,0,0,0,0,0,0,0 HASH=7eae1697be4f46ae
STEP=0 CP=LAYER_26_ATTN_PROBS COUNT=1 MIN=1 MAX=1 MEAN=1 L2=1 FIRST8=1,0,0,0,0,0,0,0 HASH=2fa183a08531045a
STEP=0 CP=LAYER_26_ATTN_VALUE COUNT=1536 MIN=-6.2390008 MAX=2.19493842 MEAN=-0.0225541402 L2=20.3540722 FIRST8=0.26293081,0.23789084,-0.474466145,0.225677773,0.069588393,0.00688065588,0.0397208929,-0.00509157777 HASH=39d0da9a78ef75b7
STEP=0 CP=LAYER_26_O_PROJ COUNT=1536 MIN=-1.58482528 MAX=1.74966371 MEAN=-0.00244393268 L2=14.7424026 FIRST8=-0.503775954,-0.151061341,-0.803047061,0.484158456,0.354110777,-0.158946514,0.0240322053,-0.636358261 HASH=92992e98cf23e9fb
STEP=0 CP=LAYER_26_ATTN_RESIDUAL COUNT=1536 MIN=-4006.27295 MAX=2423.16797 MEAN=-0.615744266 L2=5930.59574 FIRST8=-12.8280621,3.50538135,4.02988195,-21.7026024,7.64755869,-7.18423271,3.78642464,-12.8680353 HASH=025877c19da3a113
STEP=0 CP=LAYER_26_FFN_NORM COUNT=1536 MIN=-158.850693 MAX=53.2942657 MEAN=-0.0666945415 L2=172.988913 FIRST8=-0.109277904,0.0372811928,0.0291278008,-0.220732033,0.0773866847,-0.0708436817,0.040074721,-0.134199515 HASH=e6d543f1636686dc
STEP=0 CP=LAYER_26_FFN_GATE COUNT=8960 MIN=-15.3021288 MAX=64.2881927 MEAN=-3.24017628 L2=346.48872 FIRST8=-3.67198157,-2.20146441,-2.40302372,-4.07991314,-4.30991983,-5.03906107,-3.54229832,-4.30080271 HASH=cbf9648f786cfbfa
STEP=0 CP=LAYER_26_FFN_UP COUNT=8960 MIN=-64.7939453 MAX=46.974205 MEAN=0.0140159699 L2=149.150426 FIRST8=0.601150334,-0.824134171,0.27336514,0.799127877,0.331105411,2.75139928,1.03608477,3.22344112 HASH=d206c5421c4c2fd6
STEP=0 CP=LAYER_26_SWIGLU COUNT=8960 MIN=-4165.48584 MAX=2054.5376 MEAN=-0.303809325 L2=4696.08564 FIRST8=-0.0547340885,0.180739075,-0.0544851124,-0.0542127416,-0.018917568,-0.0892609954,-0.103249252,-0.185441062 HASH=3aed1b6bd0b0b1f7
STEP=0 CP=LAYER_26_FFN_DOWN COUNT=1536 MIN=-2197.21851 MAX=3615.83154 MEAN=0.799339958 L2=5362.10294 FIRST8=10.5281467,-10.9659739,1.11256409,12.0858583,-19.4266987,8.72229671,-9.04612923,4.1824131 HASH=576487073f0f63b1
STEP=0 CP=LAYER_26_LAYER_RESIDUAL COUNT=1536 MIN=-390.441406 MAX=241.700195 MEAN=0.183595699 L2=698.350085 FIRST8=-2.29991531,-7.46059227,5.14244604,-9.61674404,-11.7791405,1.538064,-5.25970459,-8.68562222 HASH=8ceb188a1b8ea600
STEP=0 CP=LAYER_27_ATTN_NORM COUNT=1536 MIN=-17.3753815 MAX=7.74344254 MEAN=0.0100675981 L2=43.9159077 FIRST8=-0.645363331,-0.260047615,1.13635159,-0.459586233,-0.697203875,0.0593430065,-0.194863498,-0.337020755 HASH=cd255bce5092e85d
STEP=0 CP=LAYER_27_Q COUNT=1536 MIN=-5.99803352 MAX=5.86997175 MEAN=0.0310989382 L2=46.6374904 FIRST8=0.171307445,0.309384227,0.109275639,-0.676734209,0.706791103,0.0533646643,0.121655732,0.478877902 HASH=a4bf1a03c16564b4
STEP=0 CP=LAYER_27_K COUNT=256 MIN=-3.87538815 MAX=6.03797245 MEAN=0.159238267 L2=16.9100321 FIRST8=0.110256322,-0.0589012727,-0.201903611,0.106481716,-0.165537357,0.289690793,-0.0405306816,-0.132679343 HASH=3e680562324613b9
STEP=0 CP=LAYER_27_V COUNT=256 MIN=-9.53498745 MAX=5.13999701 MEAN=0.130321674 L2=33.8470898 FIRST8=-0.777068973,-1.4928503,-2.72155738,1.60370493,3.90167379,0.273895681,1.92114615,-1.79103947 HASH=a5eeed118161ec47
STEP=0 CP=LAYER_27_Q_ROPE COUNT=1536 MIN=-5.99803352 MAX=5.86997175 MEAN=0.0310989382 L2=46.6374904 FIRST8=0.171307445,0.309384227,0.109275639,-0.676734209,0.706791103,0.0533646643,0.121655732,0.478877902 HASH=a4bf1a03c16564b4
STEP=0 CP=LAYER_27_K_ROPE COUNT=256 MIN=-3.87538815 MAX=6.03797245 MEAN=0.159238267 L2=16.9100321 FIRST8=0.110256322,-0.0589012727,-0.201903611,0.106481716,-0.165537357,0.289690793,-0.0405306816,-0.132679343 HASH=3e680562324613b9
STEP=0 CP=KV_WRITE LAYER=27 COUNT=256 K_MIN=-3.87538815 K_MAX=6.03797245 K_MEAN=0.159238267 K_L2=16.9100321 K_HASH=3e680562324613b9 V_MIN=-9.53498745 V_MAX=5.13999701 V_MEAN=0.130321674 V_L2=33.8470898 V_HASH=a5eeed118161ec47
STEP=0 CP=LAYER_27_ATTN_SCORES COUNT=1 MIN=3.25236702 MAX=3.25236702 MEAN=3.25236702 L2=3.25236702 FIRST8=3.25236702,0,0,0,0,0,0,0 HASH=503806cd2a69aa8d
STEP=0 CP=LAYER_27_ATTN_PROBS COUNT=1 MIN=1 MAX=1 MEAN=1 L2=1 FIRST8=1,0,0,0,0,0,0,0 HASH=2fa183a08531045a
STEP=0 CP=LAYER_27_ATTN_SCORES COUNT=1 MIN=4.08719444 MAX=4.08719444 MEAN=4.08719444 L2=4.08719444 FIRST8=4.08719444,0,0,0,0,0,0,0 HASH=53214318c89d778f
STEP=0 CP=LAYER_27_ATTN_PROBS COUNT=1 MIN=1 MAX=1 MEAN=1 L2=1 FIRST8=1,0,0,0,0,0,0,0 HASH=2fa183a08531045a
STEP=0 CP=LAYER_27_ATTN_SCORES COUNT=1 MIN=4.6261034 MAX=4.6261034 MEAN=4.6261034 L2=4.6261034 FIRST8=4.6261034,0,0,0,0,0,0,0 HASH=a1b483d25e6d4d42
STEP=0 CP=LAYER_27_ATTN_PROBS COUNT=1 MIN=1 MAX=1 MEAN=1 L2=1 FIRST8=1,0,0,0,0,0,0,0 HASH=2fa183a08531045a
STEP=0 CP=LAYER_27_ATTN_SCORES COUNT=1 MIN=3.78128505 MAX=3.78128505 MEAN=3.78128505 L2=3.78128505 FIRST8=3.78128505,0,0,0,0,0,0,0 HASH=54cfeae1cd6babf2
STEP=0 CP=LAYER_27_ATTN_PROBS COUNT=1 MIN=1 MAX=1 MEAN=1 L2=1 FIRST8=1,0,0,0,0,0,0,0 HASH=2fa183a08531045a
STEP=0 CP=LAYER_27_ATTN_SCORES COUNT=1 MIN=3.61029291 MAX=3.61029291 MEAN=3.61029291 L2=3.61029291 FIRST8=3.61029291,0,0,0,0,0,0,0 HASH=b5d48bd26a9e8563
STEP=0 CP=LAYER_27_ATTN_PROBS COUNT=1 MIN=1 MAX=1 MEAN=1 L2=1 FIRST8=1,0,0,0,0,0,0,0 HASH=2fa183a08531045a
STEP=0 CP=LAYER_27_ATTN_SCORES COUNT=1 MIN=3.63826895 MAX=3.63826895 MEAN=3.63826895 L2=3.63826895 FIRST8=3.63826895,0,0,0,0,0,0,0 HASH=14ae8ed4b98dd8ea
STEP=0 CP=LAYER_27_ATTN_PROBS COUNT=1 MIN=1 MAX=1 MEAN=1 L2=1 FIRST8=1,0,0,0,0,0,0,0 HASH=2fa183a08531045a
STEP=0 CP=LAYER_27_ATTN_SCORES COUNT=1 MIN=3.63203216 MAX=3.63203216 MEAN=3.63203216 L2=3.63203216 FIRST8=3.63203216,0,0,0,0,0,0,0 HASH=49fce53829b0733d
STEP=0 CP=LAYER_27_ATTN_PROBS COUNT=1 MIN=1 MAX=1 MEAN=1 L2=1 FIRST8=1,0,0,0,0,0,0,0 HASH=2fa183a08531045a
STEP=0 CP=LAYER_27_ATTN_SCORES COUNT=1 MIN=5.55991697 MAX=5.55991697 MEAN=5.55991697 L2=5.55991697 FIRST8=5.55991697,0,0,0,0,0,0,0 HASH=60477516bf9af2cb
STEP=0 CP=LAYER_27_ATTN_PROBS COUNT=1 MIN=1 MAX=1 MEAN=1 L2=1 FIRST8=1,0,0,0,0,0,0,0 HASH=2fa183a08531045a
STEP=0 CP=LAYER_27_ATTN_SCORES COUNT=1 MIN=3.91787601 MAX=3.91787601 MEAN=3.91787601 L2=3.91787601 FIRST8=3.91787601,0,0,0,0,0,0,0 HASH=086f8472097d2458
STEP=0 CP=LAYER_27_ATTN_PROBS COUNT=1 MIN=1 MAX=1 MEAN=1 L2=1 FIRST8=1,0,0,0,0,0,0,0 HASH=2fa183a08531045a
STEP=0 CP=LAYER_27_ATTN_SCORES COUNT=1 MIN=7.58297729 MAX=7.58297729 MEAN=7.58297729 L2=7.58297729 FIRST8=7.58297729,0,0,0,0,0,0,0 HASH=2126df893d0ebde8
STEP=0 CP=LAYER_27_ATTN_PROBS COUNT=1 MIN=1 MAX=1 MEAN=1 L2=1 FIRST8=1,0,0,0,0,0,0,0 HASH=2fa183a08531045a
STEP=0 CP=LAYER_27_ATTN_SCORES COUNT=1 MIN=9.19915485 MAX=9.19915485 MEAN=9.19915485 L2=9.19915485 FIRST8=9.19915485,0,0,0,0,0,0,0 HASH=fccfd061cec3582f
STEP=0 CP=LAYER_27_ATTN_PROBS COUNT=1 MIN=1 MAX=1 MEAN=1 L2=1 FIRST8=1,0,0,0,0,0,0,0 HASH=2fa183a08531045a
STEP=0 CP=LAYER_27_ATTN_SCORES COUNT=1 MIN=3.16307211 MAX=3.16307211 MEAN=3.16307211 L2=3.16307211 FIRST8=3.16307211,0,0,0,0,0,0,0 HASH=0528839bf86af18a
STEP=0 CP=LAYER_27_ATTN_PROBS COUNT=1 MIN=1 MAX=1 MEAN=1 L2=1 FIRST8=1,0,0,0,0,0,0,0 HASH=2fa183a08531045a
STEP=0 CP=LAYER_27_ATTN_VALUE COUNT=1536 MIN=-9.53498745 MAX=5.13999701 MEAN=0.130321674 L2=82.9080993 FIRST8=-0.777068973,-1.4928503,-2.72155738,1.60370493,3.90167379,0.273895681,1.92114615,-1.79103947 HASH=49007e3097114e03
STEP=0 CP=LAYER_27_O_PROJ COUNT=1536 MIN=-8.32778168 MAX=25.7458687 MEAN=0.0612086935 L2=63.0813737 FIRST8=-0.228907108,0.133701086,3.18728924,0.097486496,-0.871315479,0.00826692581,-0.632199049,0.374274969 HASH=1bc3179f23dc40b2
STEP=0 CP=LAYER_27_ATTN_RESIDUAL COUNT=1536 MIN=-382.025055 MAX=238.290756 MEAN=0.244804372 L2=688.54268 FIRST8=-2.52882242,-7.32689095,8.3297348,-9.51925755,-12.6504555,1.54633093,-5.89190388,-8.31134701 HASH=e2c39fa7e2558fe2
STEP=0 CP=LAYER_27_FFN_NORM COUNT=1536 MIN=-31.4281178 MAX=24.0540295 MEAN=0.0201254947 L2=66.4361855 FIRST8=-0.317118973,-0.733089507,0.640814066,-0.939746737,-1.23760951,0.145090729,-0.586892366,-0.827893019 HASH=0442c0eea11e1a8f
STEP=0 CP=LAYER_27_FFN_GATE COUNT=8960 MIN=-5.65178251 MAX=15.3912506 MEAN=0.305631772 L2=165.873462 FIRST8=-1.36162758,-0.83168602,1.0619154,0.779906809,-0.994987845,0.0379795432,0.189934015,2.27221727 HASH=b9e00eab89060e7d
STEP=0 CP=LAYER_27_FFN_UP COUNT=8960 MIN=-23.6622047 MAX=22.3439865 MEAN=-0.0202486958 L2=232.57174 FIRST8=0.694878101,2.60407639,0.675015569,0.3932302,-1.82768857,-3.26110554,1.16504681,0.756066442 HASH=64e0adfd826af365
STEP=0 CP=LAYER_27_SWIGLU COUNT=8960 MIN=-52.4728165 MAX=46.8332481 MEAN=-0.0119108454 L2=266.870684 FIRST8=-0.192994907,-0.656854689,0.532629848,0.210280225,0.490871638,-0.0631035045,0.12111678,1.55740476 HASH=856e2f060a1e02c1
STEP=0 CP=LAYER_27_FFN_DOWN COUNT=1536 MIN=-71.1062469 MAX=126.380936 MEAN=0.152098925 L2=284.241332 FIRST8=5.0852313,5.85551357,7.93096495,-0.0105316639,3.69455266,-3.58156824,-1.60598707,4.80815887 HASH=5d1ceb975dd17572
STEP=0 CP=LAYER_27_LAYER_RESIDUAL COUNT=1536 MIN=-255.644119 MAX=167.184509 MEAN=0.396903305 L2=620.231325 FIRST8=2.55640888,-1.47137737,16.2607002,-9.52978897,-8.95590305,-2.03523731,-7.49789095,-3.50318813 HASH=8872076f76e391b9
STEP=0 CP=FINAL_NORM COUNT=1536 MIN=-67.1397018 MAX=51.1705017 MEAN=0.0724842254 L2=174.127906 FIRST8=0.711772799,-0.427103728,3.40358877,-2.78507543,-2.56430316,-0.61489141,-2.17644858,-1.03763998 HASH=670864a421eccb36
STEP=0 CP=LOGITS COUNT=151936 MIN=-16.7212486 MAX=11.6987963 MEAN=-1.84669783 L2=1228.13226 FIRST8=6.28270245,-0.515272975,1.52213836,4.42083597,3.1572516,3.24511099,0.312645972,4.32576561 HASH=92ad5bd7b2b73166
STEP=0 CP=LOGITS_TOP10 TOP10=15:11.698796,284:10.930491,18:10.817109,16:9.292418,304:8.920162,24:8.853895,20613:8.836272,21:8.811727,19:8.781776,1733:8.776906
