MODEL_DIGESTION_STREAM_BEGIN=1
MODEL_PATH=G:\~dev\rawrxd\llama3.2-3b-Q2_K.gguf
ARCH=llama
HIDDEN=3072 LAYERS=28 HEADS=24 KV_HEADS=8 HEAD_DIM=128 VOCAB=128256 INTERMEDIATE=8192
SPLIT_QKV_LAYERS=28 FUSED_QKV_LAYERS=0 PROJECTOR_BLOCK_LAYERS=0 MLA_LAYERS=0 BLOCKED_LAYERS=0
SPLIT_FFN_LAYERS=28 FUSED_FFN_LAYERS=0
ROOT_EMBED=token_embd.weight ROOT_FINAL_NORM=output_norm.weight ROOT_LM_HEAD=
MANIFEST_READY=1 BLOCKED_AT=NONE
AUTHORITY_CLASS=DISCOVERY_ONLY
PROMOTE=0
MODEL_DIGESTION_STREAM_END=1
MODEL_DIGESTION_STREAM_CACHE=G:\~dev\rawrxd\evidence\RAWRXD_MODEL_MANIFESTS\llama3.2-3b-Q2_K.gguf.514c00e0.1dcb4f40fcb8f4a.rmanifest.jsonl
[ModelOpenCompat] repaired metadata: arch=0 vocab=0 hidden=0 layers=0 inter=1 heads=0 kvHeads=0
GEMMA4_SCHEMA_BIND root=output_norm.weight rows=3072 cols=1 type=0
WEIGHT_BUDGET_ENV_PRESENT=1
WEIGHT_BUDGET_ENV_RAW="2048"
WEIGHT_BUDGET_PARSE_OK=1
WEIGHT_BUDGET_INPUT_MIB=2048
WEIGHT_BUDGET_EFFECTIVE_MIB=512
RESIDENCY_BUDGET_MIB=512
BUDGET_RELATION_VALID=1
FFN_INTER_INFERRED ok=1 why=SPLIT_GATE_MATCHES_DOWN inter=8192 old_meta=8192 old_model=8192 old_config=8192
PHI3_FUSED_FFN_RUNTIME layers=28 repaired=0 authority=UNOBSERVED
GEMMA4_SCHEMA_BINDER ok=1 why=GEOM_READY hidden=3072 layers=28 vocab=128256 tokenEmbed=1
GEMMA4_LAYER_TOPOLOGY_BIND ok=1 why=GEOM_READY_UNIFORM layers=28 split=28 fused_qkv=0 projector=0 ssm=0 ffn_only=0 ffn=28 unknown=0
GEMMA4_BIND_LLAMA_FALLBACK ok=1 why=ALIAS_BOUND_GEOM_READY tokenEmbed=1 hidden=3072 vocab=128256 layers=28
MODEL_PROVENANCE_BEGIN=1
MODEL_LOCATION=G:\~dev\rawrxd\llama3.2-3b-Q2_K.gguf
MODEL_CANONICAL=G:\~dev\rawrxd\llama3.2-3b-Q2_K.gguf
MODEL_EXISTS=1 MODEL_IS_DIRECTORY=0 MODEL_BYTES=1363935456 MODEL_WRITE_STAMP=134181049244290890
MODEL_LOCATOR_HASH=13890069492230924705 TENSOR_NAME_SHAPE_HASH=11603743402328447269 MODEL_EXPECTED_FP=15715361497692516295
DIGEST_FP=15715361497692516295 MANIFEST_FP=15715361497692516295 BIND_FP=15715361497692516295 AUTHORITY_FP=15715361497692516295 RUNTIME_FP=15715361497692516295
MANIFEST_LOADED=1 MANIFEST_THIS_RUN=1 MANIFEST_ID=llama3.2-3b-Q2_K.gguf:514c00e0:1dcb4f40fcb8f4a
SCHEMA_ALIAS_FALLBACK_USED=1 INHERITED_SCHEMA_AUTHORITY=0 RUNTIME_OVERLAY_SEPARATE=1
MODEL_PROVENANCE_MATCH=1 BLOCKED_AT=NONE WHY=SAME_MODEL_FINGERPRINT
AUTHORITY_CLASS=DISCOVERY_PROVENANCE PROMOTE=0
MODEL_PROVENANCE_END=1
[BUF] hidden=3072 heads=24 headDim=128 qOut=3072 headScratch=3072 kvDim=1024 ffn=8192 ffnGateScratch=8192
SSM_BUF stPer=32 cvPer=12288 inner=0 state=0 NOTE=STATE_NE_HEADS
SSM_MAMBA2_ARM=0 reason=GEO_OR_BUF
[BUF] hidden=3072 heads=24 headDim=128 qOut=3072 headScratch=3072 kvDim=1024 ffn=12288 ffnGateScratch=12288
SSM_BUF stPer=32 cvPer=12288 inner=0 state=0 NOTE=STATE_NE_HEADS
SSM_MAMBA2_ARM=0 reason=GEO_OR_BUF
REVERSE_COMPLETION_BEGIN
GOAL=GENERATION_COMPLETE
STREAM_STATUS=READY
TIMER_BASED_START=0
WOULD_START_STATUS=0
REVERSE_COMPLETION_PLAN=1
MODEL_INDEXED=1
TENSOR_MAP_COMPLETE=1
HYBRID_LAYER_ROUTE=1
CHOREOGRAPHY_READY=1
SPACE_SUFFICIENT=1
KV_HOTSET_READY=1
WEIGHT_WINDOW_READY=1
HOST_Q8_GEMV_SAFE=1
READY_REASON=ALL_COMPLETION_NEEDS_SATISFIED
NEXT_ACTION=CALL_GENERATE_STREAM
READY_WORK_ONLY=1
REVERSE_COMPLETION_END
STREAM_STATUS=READY
NEXT_ACTION=CALL_GENERATE_STREAM
GENERATE_STREAM_ENTER=1 ARCH=llama LAYERS=28 KV_HEADS=8 HEAD_DIM=128
WEIGHT_BUDGET_INPUT=2048
WEIGHT_BUDGET_PARSE=PASS
WEIGHT_BUDGET_MIB=2048
WEIGHT_BUDGET_BYTES=2147483648
WEIGHT_BUDGET_SOURCE=ENV
WEIGHT_BUDGET_INPUT=2048
WEIGHT_BUDGET_PARSE=PASS
WEIGHT_BUDGET_MIB=2048
WEIGHT_BUDGET_BYTES=2147483648
WEIGHT_BUDGET_SOURCE=ENV
WEIGHT_BUDGET_INPUT=2048
WEIGHT_BUDGET_PARSE=PASS
WEIGHT_BUDGET_MIB=2048
WEIGHT_BUDGET_BYTES=2147483648
WEIGHT_BUDGET_SOURCE=ENV
WEIGHT_BUDGET_INPUT=2048
WEIGHT_BUDGET_PARSE=PASS
WEIGHT_BUDGET_MIB=2048
WEIGHT_BUDGET_BYTES=2147483648
WEIGHT_BUDGET_SOURCE=ENV
WEIGHT_BUDGET_INPUT=2048
WEIGHT_BUDGET_PARSE=PASS
WEIGHT_BUDGET_MIB=2048
WEIGHT_BUDGET_BYTES=2147483648
WEIGHT_BUDGET_SOURCE=ENV
WEIGHT_BUDGET_INPUT=2048
WEIGHT_BUDGET_PARSE=PASS
WEIGHT_BUDGET_MIB=2048
WEIGHT_BUDGET_BYTES=2147483648
WEIGHT_BUDGET_SOURCE=ENV
WEIGHT_BUDGET_INPUT=2048
WEIGHT_BUDGET_PARSE=PASS
WEIGHT_BUDGET_MIB=2048
WEIGHT_BUDGET_BYTES=2147483648
WEIGHT_BUDGET_SOURCE=ENV
WEIGHT_BUDGET_INPUT=2048
WEIGHT_BUDGET_PARSE=PASS
WEIGHT_BUDGET_MIB=2048
WEIGHT_BUDGET_BYTES=2147483648
WEIGHT_BUDGET_SOURCE=ENV
WEIGHT_BUDGET_INPUT=2048
WEIGHT_BUDGET_PARSE=PASS
WEIGHT_BUDGET_MIB=2048
WEIGHT_BUDGET_BYTES=2147483648
WEIGHT_BUDGET_SOURCE=ENV
WEIGHT_BUDGET_INPUT=2048
WEIGHT_BUDGET_PARSE=PASS
WEIGHT_BUDGET_MIB=2048
WEIGHT_BUDGET_BYTES=2147483648
WEIGHT_BUDGET_SOURCE=ENV
WEIGHT_BUDGET_INPUT=2048
WEIGHT_BUDGET_PARSE=PASS
WEIGHT_BUDGET_MIB=2048
WEIGHT_BUDGET_BYTES=2147483648
WEIGHT_BUDGET_SOURCE=ENV
WEIGHT_BUDGET_INPUT=2048
WEIGHT_BUDGET_PARSE=PASS
WEIGHT_BUDGET_MIB=2048
WEIGHT_BUDGET_BYTES=2147483648
WEIGHT_BUDGET_SOURCE=ENV
WEIGHT_BUDGET_INPUT=2048
WEIGHT_BUDGET_PARSE=PASS
WEIGHT_BUDGET_MIB=2048
WEIGHT_BUDGET_BYTES=2147483648
WEIGHT_BUDGET_SOURCE=ENV
WEIGHT_BUDGET_INPUT=2048
WEIGHT_BUDGET_PARSE=PASS
WEIGHT_BUDGET_MIB=2048
WEIGHT_BUDGET_BYTES=2147483648
WEIGHT_BUDGET_SOURCE=ENV
WEIGHT_BUDGET_INPUT=2048
WEIGHT_BUDGET_PARSE=PASS
WEIGHT_BUDGET_MIB=2048
WEIGHT_BUDGET_BYTES=2147483648
WEIGHT_BUDGET_SOURCE=ENV
WEIGHT_BUDGET_INPUT=2048
WEIGHT_BUDGET_PARSE=PASS
WEIGHT_BUDGET_MIB=2048
WEIGHT_BUDGET_BYTES=2147483648
WEIGHT_BUDGET_SOURCE=ENV
WEIGHT_BUDGET_INPUT=2048
WEIGHT_BUDGET_PARSE=PASS
WEIGHT_BUDGET_MIB=2048
WEIGHT_BUDGET_BYTES=2147483648
WEIGHT_BUDGET_SOURCE=ENV
WEIGHT_BUDGET_INPUT=2048
WEIGHT_BUDGET_PARSE=PASS
WEIGHT_BUDGET_MIB=2048
WEIGHT_BUDGET_BYTES=2147483648
WEIGHT_BUDGET_SOURCE=ENV
WEIGHT_BUDGET_INPUT=2048
WEIGHT_BUDGET_PARSE=PASS
WEIGHT_BUDGET_MIB=2048
WEIGHT_BUDGET_BYTES=2147483648
WEIGHT_BUDGET_SOURCE=ENV
WEIGHT_BUDGET_INPUT=2048
WEIGHT_BUDGET_PARSE=PASS
WEIGHT_BUDGET_MIB=2048
WEIGHT_BUDGET_BYTES=2147483648
WEIGHT_BUDGET_SOURCE=ENV
WEIGHT_BUDGET_INPUT=2048
WEIGHT_BUDGET_PARSE=PASS
WEIGHT_BUDGET_MIB=2048
WEIGHT_BUDGET_BYTES=2147483648
WEIGHT_BUDGET_SOURCE=ENV
WEIGHT_BUDGET_INPUT=2048
WEIGHT_BUDGET_PARSE=PASS
WEIGHT_BUDGET_MIB=2048
WEIGHT_BUDGET_BYTES=2147483648
WEIGHT_BUDGET_SOURCE=ENV
WEIGHT_BUDGET_INPUT=2048
WEIGHT_BUDGET_PARSE=PASS
WEIGHT_BUDGET_MIB=2048
WEIGHT_BUDGET_BYTES=2147483648
WEIGHT_BUDGET_SOURCE=ENV
WEIGHT_BUDGET_INPUT=2048
WEIGHT_BUDGET_PARSE=PASS
WEIGHT_BUDGET_MIB=2048
WEIGHT_BUDGET_BYTES=2147483648
WEIGHT_BUDGET_SOURCE=ENV
WEIGHT_BUDGET_INPUT=2048
WEIGHT_BUDGET_PARSE=PASS
WEIGHT_BUDGET_MIB=2048
WEIGHT_BUDGET_BYTES=2147483648
WEIGHT_BUDGET_SOURCE=ENV
WEIGHT_BUDGET_INPUT=2048
WEIGHT_BUDGET_PARSE=PASS
WEIGHT_BUDGET_MIB=2048
WEIGHT_BUDGET_BYTES=2147483648
WEIGHT_BUDGET_SOURCE=ENV
WEIGHT_BUDGET_INPUT=2048
WEIGHT_BUDGET_PARSE=PASS
WEIGHT_BUDGET_MIB=2048
WEIGHT_BUDGET_BYTES=2147483648
WEIGHT_BUDGET_SOURCE=ENV
WEIGHT_BUDGET_INPUT=2048
WEIGHT_BUDGET_PARSE=PASS
WEIGHT_BUDGET_MIB=2048
WEIGHT_BUDGET_BYTES=2147483648
WEIGHT_BUDGET_SOURCE=ENV
WEIGHT_BUDGET_INPUT=2048
WEIGHT_BUDGET_PARSE=PASS
WEIGHT_BUDGET_MIB=2048
WEIGHT_BUDGET_BYTES=2147483648
WEIGHT_BUDGET_SOURCE=ENV
WEIGHT_BUDGET_INPUT=2048
WEIGHT_BUDGET_PARSE=PASS
WEIGHT_BUDGET_MIB=2048
WEIGHT_BUDGET_BYTES=2147483648
WEIGHT_BUDGET_SOURCE=ENV
HEAP_OK_FINAL_NORM_BEFORE=1
FINAL_NORM_SRC_PTR=000001FA434A2060
FINAL_NORM_DST_PTR=000001FA434A2060
FINAL_NORM_WEIGHT_PTR=000001FA6C200000
FINAL_NORM_WEIGHT_SOURCE=HOST_MAPPED
FINAL_NORM_WEIGHT_FULFILLED=1
FINAL_NORM_WEIGHT_BYTES=12288
FINAL_NORM_WEIGHT_0=1.765625
FINAL_NORM_WEIGHT_1=1.75
FINAL_NORM_WEIGHT_2=1.5625
FINAL_NORM_WEIGHT_3=1.7734375
FINAL_NORM_WEIGHT_L2=91.4481258
FINAL_NORM_SUMSQ=153091.848
FINAL_NORM_MEAN_SQ=49.834586
FINAL_NORM_EPS=9.99999975e-06
FINAL_NORM_INV_RMS=0.141655847
FINAL_NORM_SRC_0=-0.703046501
FINAL_NORM_DST_0=-0.175839737
FINAL_NORM_AFTER_L2=38.0376656
HEAP_OK_FINAL_NORM_AFTER=1
WEIGHT_BUDGET_INPUT=2048
WEIGHT_BUDGET_PARSE=PASS
WEIGHT_BUDGET_MIB=2048
WEIGHT_BUDGET_BYTES=2147483648
WEIGHT_BUDGET_SOURCE=ENV
WEIGHT_BUDGET_INPUT=2048
WEIGHT_BUDGET_PARSE=PASS
WEIGHT_BUDGET_MIB=2048
WEIGHT_BUDGET_BYTES=2147483648
WEIGHT_BUDGET_SOURCE=ENV
WEIGHT_BUDGET_INPUT=2048
WEIGHT_BUDGET_PARSE=PASS
WEIGHT_BUDGET_MIB=2048
WEIGHT_BUDGET_BYTES=2147483648
WEIGHT_BUDGET_SOURCE=ENV
WEIGHT_BUDGET_INPUT=2048
WEIGHT_BUDGET_PARSE=PASS
WEIGHT_BUDGET_MIB=2048
WEIGHT_BUDGET_BYTES=2147483648
WEIGHT_BUDGET_SOURCE=ENV
WEIGHT_BUDGET_INPUT=2048
WEIGHT_BUDGET_PARSE=PASS
WEIGHT_BUDGET_MIB=2048
WEIGHT_BUDGET_BYTES=2147483648
WEIGHT_BUDGET_SOURCE=ENV
WEIGHT_BUDGET_INPUT=2048
WEIGHT_BUDGET_PARSE=PASS
WEIGHT_BUDGET_MIB=2048
WEIGHT_BUDGET_BYTES=2147483648
WEIGHT_BUDGET_SOURCE=ENV
WEIGHT_BUDGET_INPUT=2048
WEIGHT_BUDGET_PARSE=PASS
WEIGHT_BUDGET_MIB=2048
WEIGHT_BUDGET_BYTES=2147483648
WEIGHT_BUDGET_SOURCE=ENV
WEIGHT_BUDGET_INPUT=2048
WEIGHT_BUDGET_PARSE=PASS
WEIGHT_BUDGET_MIB=2048
WEIGHT_BUDGET_BYTES=2147483648
WEIGHT_BUDGET_SOURCE=ENV
WEIGHT_BUDGET_INPUT=2048
WEIGHT_BUDGET_PARSE=PASS
WEIGHT_BUDGET_MIB=2048
WEIGHT_BUDGET_BYTES=2147483648
WEIGHT_BUDGET_SOURCE=ENV
WEIGHT_BUDGET_INPUT=2048
WEIGHT_BUDGET_PARSE=PASS
WEIGHT_BUDGET_MIB=2048
WEIGHT_BUDGET_BYTES=2147483648
WEIGHT_BUDGET_SOURCE=ENV
WEIGHT_BUDGET_INPUT=2048
WEIGHT_BUDGET_PARSE=PASS
WEIGHT_BUDGET_MIB=2048
WEIGHT_BUDGET_BYTES=2147483648
WEIGHT_BUDGET_SOURCE=ENV
WEIGHT_BUDGET_INPUT=2048
WEIGHT_BUDGET_PARSE=PASS
WEIGHT_BUDGET_MIB=2048
WEIGHT_BUDGET_BYTES=2147483648
WEIGHT_BUDGET_SOURCE=ENV
WEIGHT_BUDGET_INPUT=2048
WEIGHT_BUDGET_PARSE=PASS
WEIGHT_BUDGET_MIB=2048
WEIGHT_BUDGET_BYTES=2147483648
WEIGHT_BUDGET_SOURCE=ENV
WEIGHT_BUDGET_INPUT=2048
WEIGHT_BUDGET_PARSE=PASS
WEIGHT_BUDGET_MIB=2048
WEIGHT_BUDGET_BYTES=2147483648
WEIGHT_BUDGET_SOURCE=ENV
WEIGHT_BUDGET_INPUT=2048
WEIGHT_BUDGET_PARSE=PASS
WEIGHT_BUDGET_MIB=2048
WEIGHT_BUDGET_BYTES=2147483648
WEIGHT_BUDGET_SOURCE=ENV
WEIGHT_BUDGET_INPUT=2048
WEIGHT_BUDGET_PARSE=PASS
WEIGHT_BUDGET_MIB=2048
WEIGHT_BUDGET_BYTES=2147483648
WEIGHT_BUDGET_SOURCE=ENV
WEIGHT_BUDGET_INPUT=2048
WEIGHT_BUDGET_PARSE=PASS
WEIGHT_BUDGET_MIB=2048
WEIGHT_BUDGET_BYTES=2147483648
WEIGHT_BUDGET_SOURCE=ENV
WEIGHT_BUDGET_INPUT=2048
WEIGHT_BUDGET_PARSE=PASS
WEIGHT_BUDGET_MIB=2048
WEIGHT_BUDGET_BYTES=2147483648
WEIGHT_BUDGET_SOURCE=ENV
WEIGHT_BUDGET_INPUT=2048
WEIGHT_BUDGET_PARSE=PASS
WEIGHT_BUDGET_MIB=2048
WEIGHT_BUDGET_BYTES=2147483648
WEIGHT_BUDGET_SOURCE=ENV
WEIGHT_BUDGET_INPUT=2048
WEIGHT_BUDGET_PARSE=PASS
WEIGHT_BUDGET_MIB=2048
WEIGHT_BUDGET_BYTES=2147483648
WEIGHT_BUDGET_SOURCE=ENV
WEIGHT_BUDGET_INPUT=2048
WEIGHT_BUDGET_PARSE=PASS
WEIGHT_BUDGET_MIB=2048
WEIGHT_BUDGET_BYTES=2147483648
WEIGHT_BUDGET_SOURCE=ENV
WEIGHT_BUDGET_INPUT=2048
WEIGHT_BUDGET_PARSE=PASS
WEIGHT_BUDGET_MIB=2048
WEIGHT_BUDGET_BYTES=2147483648
WEIGHT_BUDGET_SOURCE=ENV
WEIGHT_BUDGET_INPUT=2048
WEIGHT_BUDGET_PARSE=PASS
WEIGHT_BUDGET_MIB=2048
WEIGHT_BUDGET_BYTES=2147483648
WEIGHT_BUDGET_SOURCE=ENV
WEIGHT_BUDGET_INPUT=2048
WEIGHT_BUDGET_PARSE=PASS
WEIGHT_BUDGET_MIB=2048
WEIGHT_BUDGET_BYTES=2147483648
WEIGHT_BUDGET_SOURCE=ENV
WEIGHT_BUDGET_INPUT=2048
WEIGHT_BUDGET_PARSE=PASS
WEIGHT_BUDGET_MIB=2048
WEIGHT_BUDGET_BYTES=2147483648
WEIGHT_BUDGET_SOURCE=ENV
WEIGHT_BUDGET_INPUT=2048
WEIGHT_BUDGET_PARSE=PASS
WEIGHT_BUDGET_MIB=2048
WEIGHT_BUDGET_BYTES=2147483648
WEIGHT_BUDGET_SOURCE=ENV
WEIGHT_BUDGET_INPUT=2048
WEIGHT_BUDGET_PARSE=PASS
WEIGHT_BUDGET_MIB=2048
WEIGHT_BUDGET_BYTES=2147483648
WEIGHT_BUDGET_SOURCE=ENV
WEIGHT_BUDGET_INPUT=2048
WEIGHT_BUDGET_PARSE=PASS
WEIGHT_BUDGET_MIB=2048
WEIGHT_BUDGET_BYTES=2147483648
WEIGHT_BUDGET_SOURCE=ENV
WEIGHT_BUDGET_INPUT=2048
WEIGHT_BUDGET_PARSE=PASS
WEIGHT_BUDGET_MIB=2048
WEIGHT_BUDGET_BYTES=2147483648
WEIGHT_BUDGET_SOURCE=ENV
WEIGHT_BUDGET_INPUT=2048
WEIGHT_BUDGET_PARSE=PASS
WEIGHT_BUDGET_MIB=2048
WEIGHT_BUDGET_BYTES=2147483648
WEIGHT_BUDGET_SOURCE=ENV
HEAP_OK_FINAL_NORM_BEFORE=1
FINAL_NORM_SRC_PTR=000001FA434A5060
FINAL_NORM_DST_PTR=000001FA434A5060
FINAL_NORM_WEIGHT_PTR=000001FA6C200000
FINAL_NORM_WEIGHT_SOURCE=HOST_MAPPED
FINAL_NORM_WEIGHT_FULFILLED=1
FINAL_NORM_WEIGHT_BYTES=12288
FINAL_NORM_WEIGHT_0=1.765625
FINAL_NORM_WEIGHT_1=1.75
FINAL_NORM_WEIGHT_2=1.5625
FINAL_NORM_WEIGHT_3=1.7734375
FINAL_NORM_WEIGHT_L2=91.4481258
FINAL_NORM_SUMSQ=1447.54564
FINAL_NORM_MEAN_SQ=0.471206264
FINAL_NORM_EPS=9.99999975e-06
FINAL_NORM_INV_RMS=1.45676613
FINAL_NORM_SRC_0=-0.908834934
FINAL_NORM_DST_0=-2.33761668
FINAL_NORM_AFTER_L2=87.1825933
HEAP_OK_FINAL_NORM_AFTER=1
WEIGHT_BUDGET_INPUT=2048
WEIGHT_BUDGET_PARSE=PASS
WEIGHT_BUDGET_MIB=2048
WEIGHT_BUDGET_BYTES=2147483648
WEIGHT_BUDGET_SOURCE=ENV
WEIGHT_BUDGET_INPUT=2048
WEIGHT_BUDGET_PARSE=PASS
WEIGHT_BUDGET_MIB=2048
WEIGHT_BUDGET_BYTES=2147483648
WEIGHT_BUDGET_SOURCE=ENV
WEIGHT_BUDGET_INPUT=2048
WEIGHT_BUDGET_PARSE=PASS
WEIGHT_BUDGET_MIB=2048
WEIGHT_BUDGET_BYTES=2147483648
WEIGHT_BUDGET_SOURCE=ENV
WEIGHT_BUDGET_INPUT=2048
WEIGHT_BUDGET_PARSE=PASS
WEIGHT_BUDGET_MIB=2048
WEIGHT_BUDGET_BYTES=2147483648
WEIGHT_BUDGET_SOURCE=ENV
WEIGHT_BUDGET_INPUT=2048
WEIGHT_BUDGET_PARSE=PASS
WEIGHT_BUDGET_MIB=2048
WEIGHT_BUDGET_BYTES=2147483648
WEIGHT_BUDGET_SOURCE=ENV
WEIGHT_BUDGET_INPUT=2048
WEIGHT_BUDGET_PARSE=PASS
WEIGHT_BUDGET_MIB=2048
WEIGHT_BUDGET_BYTES=2147483648
WEIGHT_BUDGET_SOURCE=ENV
WEIGHT_BUDGET_INPUT=2048
WEIGHT_BUDGET_PARSE=PASS
WEIGHT_BUDGET_MIB=2048
WEIGHT_BUDGET_BYTES=2147483648
WEIGHT_BUDGET_SOURCE=ENV
WEIGHT_BUDGET_INPUT=2048
WEIGHT_BUDGET_PARSE=PASS
WEIGHT_BUDGET_MIB=2048
WEIGHT_BUDGET_BYTES=2147483648
WEIGHT_BUDGET_SOURCE=ENV
WEIGHT_BUDGET_INPUT=2048
WEIGHT_BUDGET_PARSE=PASS
WEIGHT_BUDGET_MIB=2048
WEIGHT_BUDGET_BYTES=2147483648
WEIGHT_BUDGET_SOURCE=ENV
WEIGHT_BUDGET_INPUT=2048
WEIGHT_BUDGET_PARSE=PASS
WEIGHT_BUDGET_MIB=2048
WEIGHT_BUDGET_BYTES=2147483648
WEIGHT_BUDGET_SOURCE=ENV
WEIGHT_BUDGET_INPUT=2048
WEIGHT_BUDGET_PARSE=PASS
WEIGHT_BUDGET_MIB=2048
WEIGHT_BUDGET_BYTES=2147483648
WEIGHT_BUDGET_SOURCE=ENV
WEIGHT_BUDGET_INPUT=2048
WEIGHT_BUDGET_PARSE=PASS
WEIGHT_BUDGET_MIB=2048
WEIGHT_BUDGET_BYTES=2147483648
WEIGHT_BUDGET_SOURCE=ENV
WEIGHT_BUDGET_INPUT=2048
WEIGHT_BUDGET_PARSE=PASS
WEIGHT_BUDGET_MIB=2048
WEIGHT_BUDGET_BYTES=2147483648
WEIGHT_BUDGET_SOURCE=ENV
WEIGHT_BUDGET_INPUT=2048
WEIGHT_BUDGET_PARSE=PASS
WEIGHT_BUDGET_MIB=2048
WEIGHT_BUDGET_BYTES=2147483648
WEIGHT_BUDGET_SOURCE=ENV
WEIGHT_BUDGET_INPUT=2048
WEIGHT_BUDGET_PARSE=PASS
WEIGHT_BUDGET_MIB=2048
WEIGHT_BUDGET_BYTES=2147483648
WEIGHT_BUDGET_SOURCE=ENV
WEIGHT_BUDGET_INPUT=2048
WEIGHT_BUDGET_PARSE=PASS
WEIGHT_BUDGET_MIB=2048
WEIGHT_BUDGET_BYTES=2147483648
WEIGHT_BUDGET_SOURCE=ENV
WEIGHT_BUDGET_INPUT=2048
WEIGHT_BUDGET_PARSE=PASS
WEIGHT_BUDGET_MIB=2048
WEIGHT_BUDGET_BYTES=2147483648
WEIGHT_BUDGET_SOURCE=ENV
WEIGHT_BUDGET_INPUT=2048
WEIGHT_BUDGET_PARSE=PASS
WEIGHT_BUDGET_MIB=2048
WEIGHT_BUDGET_BYTES=2147483648
WEIGHT_BUDGET_SOURCE=ENV
WEIGHT_BUDGET_INPUT=2048
WEIGHT_BUDGET_PARSE=PASS
WEIGHT_BUDGET_MIB=2048
WEIGHT_BUDGET_BYTES=2147483648
WEIGHT_BUDGET_SOURCE=ENV
WEIGHT_BUDGET_INPUT=2048
WEIGHT_BUDGET_PARSE=PASS
WEIGHT_BUDGET_MIB=2048
WEIGHT_BUDGET_BYTES=2147483648
WEIGHT_BUDGET_SOURCE=ENV
WEIGHT_BUDGET_INPUT=2048
WEIGHT_BUDGET_PARSE=PASS
WEIGHT_BUDGET_MIB=2048
WEIGHT_BUDGET_BYTES=2147483648
WEIGHT_BUDGET_SOURCE=ENV
WEIGHT_BUDGET_INPUT=2048
WEIGHT_BUDGET_PARSE=PASS
WEIGHT_BUDGET_MIB=2048
WEIGHT_BUDGET_BYTES=2147483648
WEIGHT_BUDGET_SOURCE=ENV
WEIGHT_BUDGET_INPUT=2048
WEIGHT_BUDGET_PARSE=PASS
WEIGHT_BUDGET_MIB=2048
WEIGHT_BUDGET_BYTES=2147483648
WEIGHT_BUDGET_SOURCE=ENV
WEIGHT_BUDGET_INPUT=2048
WEIGHT_BUDGET_PARSE=PASS
WEIGHT_BUDGET_MIB=2048
WEIGHT_BUDGET_BYTES=2147483648
WEIGHT_BUDGET_SOURCE=ENV
WEIGHT_BUDGET_INPUT=2048
WEIGHT_BUDGET_PARSE=PASS
WEIGHT_BUDGET_MIB=2048
WEIGHT_BUDGET_BYTES=2147483648
WEIGHT_BUDGET_SOURCE=ENV
WEIGHT_BUDGET_INPUT=2048
WEIGHT_BUDGET_PARSE=PASS
WEIGHT_BUDGET_MIB=2048
WEIGHT_BUDGET_BYTES=2147483648
WEIGHT_BUDGET_SOURCE=ENV
WEIGHT_BUDGET_INPUT=2048
WEIGHT_BUDGET_PARSE=PASS
WEIGHT_BUDGET_MIB=2048
WEIGHT_BUDGET_BYTES=2147483648
WEIGHT_BUDGET_SOURCE=ENV
WEIGHT_BUDGET_INPUT=2048
WEIGHT_BUDGET_PARSE=PASS
WEIGHT_BUDGET_MIB=2048
WEIGHT_BUDGET_BYTES=2147483648
WEIGHT_BUDGET_SOURCE=ENV
WEIGHT_BUDGET_INPUT=2048
WEIGHT_BUDGET_PARSE=PASS
WEIGHT_BUDGET_MIB=2048
WEIGHT_BUDGET_BYTES=2147483648
WEIGHT_BUDGET_SOURCE=ENV
WEIGHT_BUDGET_INPUT=2048
WEIGHT_BUDGET_PARSE=PASS
WEIGHT_BUDGET_MIB=2048
WEIGHT_BUDGET_BYTES=2147483648
WEIGHT_BUDGET_SOURCE=ENV
HEAP_OK_FINAL_NORM_BEFORE=1
FINAL_NORM_SRC_PTR=000001FA434A8060
FINAL_NORM_DST_PTR=000001FA434A8060
FINAL_NORM_WEIGHT_PTR=000001FA6C200000
FINAL_NORM_WEIGHT_SOURCE=HOST_MAPPED
FINAL_NORM_WEIGHT_FULFILLED=1
FINAL_NORM_WEIGHT_BYTES=12288
FINAL_NORM_WEIGHT_0=1.765625
FINAL_NORM_WEIGHT_1=1.75
FINAL_NORM_WEIGHT_2=1.5625
FINAL_NORM_WEIGHT_3=1.7734375
FINAL_NORM_WEIGHT_L2=91.4481258
FINAL_NORM_SUMSQ=1197.82388
FINAL_NORM_MEAN_SQ=0.389916626
FINAL_NORM_EPS=9.99999975e-06
FINAL_NORM_INV_RMS=1.60143209
FINAL_NORM_SRC_0=-0.707633436
FINAL_NORM_DST_0=-2.00085378
FINAL_NORM_AFTER_L2=91.4141686
HEAP_OK_FINAL_NORM_AFTER=1
WEIGHT_BUDGET_INPUT=2048
WEIGHT_BUDGET_PARSE=PASS
WEIGHT_BUDGET_MIB=2048
WEIGHT_BUDGET_BYTES=2147483648
WEIGHT_BUDGET_SOURCE=ENV
WEIGHT_BUDGET_INPUT=2048
WEIGHT_BUDGET_PARSE=PASS
WEIGHT_BUDGET_MIB=2048
WEIGHT_BUDGET_BYTES=2147483648
WEIGHT_BUDGET_SOURCE=ENV
WEIGHT_BUDGET_INPUT=2048
WEIGHT_BUDGET_PARSE=PASS
WEIGHT_BUDGET_MIB=2048
WEIGHT_BUDGET_BYTES=2147483648
WEIGHT_BUDGET_SOURCE=ENV
WEIGHT_BUDGET_INPUT=2048
WEIGHT_BUDGET_PARSE=PASS
WEIGHT_BUDGET_MIB=2048
WEIGHT_BUDGET_BYTES=2147483648
WEIGHT_BUDGET_SOURCE=ENV
WEIGHT_BUDGET_INPUT=2048
WEIGHT_BUDGET_PARSE=PASS
WEIGHT_BUDGET_MIB=2048
WEIGHT_BUDGET_BYTES=2147483648
WEIGHT_BUDGET_SOURCE=ENV
WEIGHT_BUDGET_INPUT=2048
WEIGHT_BUDGET_PARSE=PASS
WEIGHT_BUDGET_MIB=2048
WEIGHT_BUDGET_BYTES=2147483648
WEIGHT_BUDGET_SOURCE=ENV
WEIGHT_BUDGET_INPUT=2048
WEIGHT_BUDGET_PARSE=PASS
WEIGHT_BUDGET_MIB=2048
WEIGHT_BUDGET_BYTES=2147483648
WEIGHT_BUDGET_SOURCE=ENV
WEIGHT_BUDGET_INPUT=2048
WEIGHT_BUDGET_PARSE=PASS
WEIGHT_BUDGET_MIB=2048
WEIGHT_BUDGET_BYTES=2147483648
WEIGHT_BUDGET_SOURCE=ENV
WEIGHT_BUDGET_INPUT=2048
WEIGHT_BUDGET_PARSE=PASS
WEIGHT_BUDGET_MIB=2048
WEIGHT_BUDGET_BYTES=2147483648
WEIGHT_BUDGET_SOURCE=ENV
WEIGHT_BUDGET_INPUT=2048
WEIGHT_BUDGET_PARSE=PASS
WEIGHT_BUDGET_MIB=2048
WEIGHT_BUDGET_BYTES=2147483648
WEIGHT_BUDGET_SOURCE=ENV
WEIGHT_BUDGET_INPUT=2048
WEIGHT_BUDGET_PARSE=PASS
WEIGHT_BUDGET_MIB=2048
WEIGHT_BUDGET_BYTES=2147483648
WEIGHT_BUDGET_SOURCE=ENV
WEIGHT_BUDGET_INPUT=2048
WEIGHT_BUDGET_PARSE=PASS
WEIGHT_BUDGET_MIB=2048
WEIGHT_BUDGET_BYTES=2147483648
WEIGHT_BUDGET_SOURCE=ENV
WEIGHT_BUDGET_INPUT=2048
WEIGHT_BUDGET_PARSE=PASS
WEIGHT_BUDGET_MIB=2048
WEIGHT_BUDGET_BYTES=2147483648
WEIGHT_BUDGET_SOURCE=ENV
WEIGHT_BUDGET_INPUT=2048
WEIGHT_BUDGET_PARSE=PASS
WEIGHT_BUDGET_MIB=2048
WEIGHT_BUDGET_BYTES=2147483648
WEIGHT_BUDGET_SOURCE=ENV
WEIGHT_BUDGET_INPUT=2048
WEIGHT_BUDGET_PARSE=PASS
WEIGHT_BUDGET_MIB=2048
WEIGHT_BUDGET_BYTES=2147483648
WEIGHT_BUDGET_SOURCE=ENV
WEIGHT_BUDGET_INPUT=2048
WEIGHT_BUDGET_PARSE=PASS
WEIGHT_BUDGET_MIB=2048
WEIGHT_BUDGET_BYTES=2147483648
WEIGHT_BUDGET_SOURCE=ENV
WEIGHT_BUDGET_INPUT=2048
WEIGHT_BUDGET_PARSE=PASS
WEIGHT_BUDGET_MIB=2048
WEIGHT_BUDGET_BYTES=2147483648
WEIGHT_BUDGET_SOURCE=ENV
WEIGHT_BUDGET_INPUT=2048
WEIGHT_BUDGET_PARSE=PASS
WEIGHT_BUDGET_MIB=2048
WEIGHT_BUDGET_BYTES=2147483648
WEIGHT_BUDGET_SOURCE=ENV
WEIGHT_BUDGET_INPUT=2048
WEIGHT_BUDGET_PARSE=PASS
WEIGHT_BUDGET_MIB=2048
WEIGHT_BUDGET_BYTES=2147483648
WEIGHT_BUDGET_SOURCE=ENV
WEIGHT_BUDGET_INPUT=2048
WEIGHT_BUDGET_PARSE=PASS
WEIGHT_BUDGET_MIB=2048
WEIGHT_BUDGET_BYTES=2147483648
WEIGHT_BUDGET_SOURCE=ENV
WEIGHT_BUDGET_INPUT=2048
WEIGHT_BUDGET_PARSE=PASS
WEIGHT_BUDGET_MIB=2048
WEIGHT_BUDGET_BYTES=2147483648
WEIGHT_BUDGET_SOURCE=ENV
WEIGHT_BUDGET_INPUT=2048
WEIGHT_BUDGET_PARSE=PASS
WEIGHT_BUDGET_MIB=2048
WEIGHT_BUDGET_BYTES=2147483648
WEIGHT_BUDGET_SOURCE=ENV
WEIGHT_BUDGET_INPUT=2048
WEIGHT_BUDGET_PARSE=PASS
WEIGHT_BUDGET_MIB=2048
WEIGHT_BUDGET_BYTES=2147483648
WEIGHT_BUDGET_SOURCE=ENV
WEIGHT_BUDGET_INPUT=2048
WEIGHT_BUDGET_PARSE=PASS
WEIGHT_BUDGET_MIB=2048
WEIGHT_BUDGET_BYTES=2147483648
WEIGHT_BUDGET_SOURCE=ENV
WEIGHT_BUDGET_INPUT=2048
WEIGHT_BUDGET_PARSE=PASS
WEIGHT_BUDGET_MIB=2048
WEIGHT_BUDGET_BYTES=2147483648
WEIGHT_BUDGET_SOURCE=ENV
WEIGHT_BUDGET_INPUT=2048
WEIGHT_BUDGET_PARSE=PASS
WEIGHT_BUDGET_MIB=2048
WEIGHT_BUDGET_BYTES=2147483648
WEIGHT_BUDGET_SOURCE=ENV
WEIGHT_BUDGET_INPUT=2048
WEIGHT_BUDGET_PARSE=PASS
WEIGHT_BUDGET_MIB=2048
WEIGHT_BUDGET_BYTES=2147483648
WEIGHT_BUDGET_SOURCE=ENV
WEIGHT_BUDGET_INPUT=2048
WEIGHT_BUDGET_PARSE=PASS
WEIGHT_BUDGET_MIB=2048
WEIGHT_BUDGET_BYTES=2147483648
WEIGHT_BUDGET_SOURCE=ENV
WEIGHT_BUDGET_INPUT=2048
WEIGHT_BUDGET_PARSE=PASS
WEIGHT_BUDGET_MIB=2048
WEIGHT_BUDGET_BYTES=2147483648
WEIGHT_BUDGET_SOURCE=ENV
WEIGHT_BUDGET_INPUT=2048
WEIGHT_BUDGET_PARSE=PASS
WEIGHT_BUDGET_MIB=2048
WEIGHT_BUDGET_BYTES=2147483648
WEIGHT_BUDGET_SOURCE=ENV
HEAP_OK_FINAL_NORM_BEFORE=1
FINAL_NORM_SRC_PTR=000001FA434AB060
FINAL_NORM_DST_PTR=000001FA434AB060
FINAL_NORM_WEIGHT_PTR=000001FA6C200000
FINAL_NORM_WEIGHT_SOURCE=HOST_MAPPED
FINAL_NORM_WEIGHT_FULFILLED=1
FINAL_NORM_WEIGHT_BYTES=12288
FINAL_NORM_WEIGHT_0=1.765625
FINAL_NORM_WEIGHT_1=1.75
FINAL_NORM_WEIGHT_2=1.5625
FINAL_NORM_WEIGHT_3=1.7734375
FINAL_NORM_WEIGHT_L2=91.4481258
FINAL_NORM_SUMSQ=1500.87525
FINAL_NORM_MEAN_SQ=0.488566162
FINAL_NORM_EPS=9.99999975e-06
FINAL_NORM_INV_RMS=1.43065155
FINAL_NORM_SRC_0=-0.270901203
FINAL_NORM_DST_0=-0.684294879
FINAL_NORM_AFTER_L2=90.4551587
HEAP_OK_FINAL_NORM_AFTER=1
WEIGHT_BUDGET_INPUT=2048
WEIGHT_BUDGET_PARSE=PASS
WEIGHT_BUDGET_MIB=2048
WEIGHT_BUDGET_BYTES=2147483648
WEIGHT_BUDGET_SOURCE=ENV
WEIGHT_BUDGET_INPUT=2048
WEIGHT_BUDGET_PARSE=PASS
WEIGHT_BUDGET_MIB=2048
WEIGHT_BUDGET_BYTES=2147483648
WEIGHT_BUDGET_SOURCE=ENV
WEIGHT_BUDGET_INPUT=2048
WEIGHT_BUDGET_PARSE=PASS
WEIGHT_BUDGET_MIB=2048
WEIGHT_BUDGET_BYTES=2147483648
WEIGHT_BUDGET_SOURCE=ENV
WEIGHT_BUDGET_INPUT=2048
WEIGHT_BUDGET_PARSE=PASS
WEIGHT_BUDGET_MIB=2048
WEIGHT_BUDGET_BYTES=2147483648
WEIGHT_BUDGET_SOURCE=ENV
WEIGHT_BUDGET_INPUT=2048
WEIGHT_BUDGET_PARSE=PASS
WEIGHT_BUDGET_MIB=2048
WEIGHT_BUDGET_BYTES=2147483648
WEIGHT_BUDGET_SOURCE=ENV
WEIGHT_BUDGET_INPUT=2048
WEIGHT_BUDGET_PARSE=PASS
WEIGHT_BUDGET_MIB=2048
WEIGHT_BUDGET_BYTES=2147483648
WEIGHT_BUDGET_SOURCE=ENV
WEIGHT_BUDGET_INPUT=2048
WEIGHT_BUDGET_PARSE=PASS
WEIGHT_BUDGET_MIB=2048
WEIGHT_BUDGET_BYTES=2147483648
WEIGHT_BUDGET_SOURCE=ENV
WEIGHT_BUDGET_INPUT=2048
WEIGHT_BUDGET_PARSE=PASS
WEIGHT_BUDGET_MIB=2048
WEIGHT_BUDGET_BYTES=2147483648
WEIGHT_BUDGET_SOURCE=ENV
WEIGHT_BUDGET_INPUT=2048
WEIGHT_BUDGET_PARSE=PASS
WEIGHT_BUDGET_MIB=2048
WEIGHT_BUDGET_BYTES=2147483648
WEIGHT_BUDGET_SOURCE=ENV
WEIGHT_BUDGET_INPUT=2048
WEIGHT_BUDGET_PARSE=PASS
WEIGHT_BUDGET_MIB=2048
WEIGHT_BUDGET_BYTES=2147483648
WEIGHT_BUDGET_SOURCE=ENV
WEIGHT_BUDGET_INPUT=2048
WEIGHT_BUDGET_PARSE=PASS
WEIGHT_BUDGET_MIB=2048
WEIGHT_BUDGET_BYTES=2147483648
WEIGHT_BUDGET_SOURCE=ENV
WEIGHT_BUDGET_INPUT=2048
WEIGHT_BUDGET_PARSE=PASS
WEIGHT_BUDGET_MIB=2048
WEIGHT_BUDGET_BYTES=2147483648
WEIGHT_BUDGET_SOURCE=ENV
WEIGHT_BUDGET_INPUT=2048
WEIGHT_BUDGET_PARSE=PASS
WEIGHT_BUDGET_MIB=2048
WEIGHT_BUDGET_BYTES=2147483648
WEIGHT_BUDGET_SOURCE=ENV
WEIGHT_BUDGET_INPUT=2048
WEIGHT_BUDGET_PARSE=PASS
WEIGHT_BUDGET_MIB=2048
WEIGHT_BUDGET_BYTES=2147483648
WEIGHT_BUDGET_SOURCE=ENV
WEIGHT_BUDGET_INPUT=2048
WEIGHT_BUDGET_PARSE=PASS
WEIGHT_BUDGET_MIB=2048
WEIGHT_BUDGET_BYTES=2147483648
WEIGHT_BUDGET_SOURCE=ENV
WEIGHT_BUDGET_INPUT=2048
WEIGHT_BUDGET_PARSE=PASS
WEIGHT_BUDGET_MIB=2048
WEIGHT_BUDGET_BYTES=2147483648
WEIGHT_BUDGET_SOURCE=ENV
WEIGHT_BUDGET_INPUT=2048
WEIGHT_BUDGET_PARSE=PASS
WEIGHT_BUDGET_MIB=2048
WEIGHT_BUDGET_BYTES=2147483648
WEIGHT_BUDGET_SOURCE=ENV
WEIGHT_BUDGET_INPUT=2048
WEIGHT_BUDGET_PARSE=PASS
WEIGHT_BUDGET_MIB=2048
WEIGHT_BUDGET_BYTES=2147483648
WEIGHT_BUDGET_SOURCE=ENV
WEIGHT_BUDGET_INPUT=2048
WEIGHT_BUDGET_PARSE=PASS
WEIGHT_BUDGET_MIB=2048
WEIGHT_BUDGET_BYTES=2147483648
WEIGHT_BUDGET_SOURCE=ENV
WEIGHT_BUDGET_INPUT=2048
WEIGHT_BUDGET_PARSE=PASS
WEIGHT_BUDGET_MIB=2048
WEIGHT_BUDGET_BYTES=2147483648
WEIGHT_BUDGET_SOURCE=ENV
WEIGHT_BUDGET_INPUT=2048
WEIGHT_BUDGET_PARSE=PASS
WEIGHT_BUDGET_MIB=2048
WEIGHT_BUDGET_BYTES=2147483648
WEIGHT_BUDGET_SOURCE=ENV
WEIGHT_BUDGET_INPUT=2048
WEIGHT_BUDGET_PARSE=PASS
WEIGHT_BUDGET_MIB=2048
WEIGHT_BUDGET_BYTES=2147483648
WEIGHT_BUDGET_SOURCE=ENV
WEIGHT_BUDGET_INPUT=2048
WEIGHT_BUDGET_PARSE=PASS
WEIGHT_BUDGET_MIB=2048
WEIGHT_BUDGET_BYTES=2147483648
WEIGHT_BUDGET_SOURCE=ENV
WEIGHT_BUDGET_INPUT=2048
WEIGHT_BUDGET_PARSE=PASS
WEIGHT_BUDGET_MIB=2048
WEIGHT_BUDGET_BYTES=2147483648
WEIGHT_BUDGET_SOURCE=ENV
WEIGHT_BUDGET_INPUT=2048
WEIGHT_BUDGET_PARSE=PASS
WEIGHT_BUDGET_MIB=2048
WEIGHT_BUDGET_BYTES=2147483648
WEIGHT_BUDGET_SOURCE=ENV
WEIGHT_BUDGET_INPUT=2048
WEIGHT_BUDGET_PARSE=PASS
WEIGHT_BUDGET_MIB=2048
WEIGHT_BUDGET_BYTES=2147483648
WEIGHT_BUDGET_SOURCE=ENV
WEIGHT_BUDGET_INPUT=2048
WEIGHT_BUDGET_PARSE=PASS
WEIGHT_BUDGET_MIB=2048
WEIGHT_BUDGET_BYTES=2147483648
WEIGHT_BUDGET_SOURCE=ENV
WEIGHT_BUDGET_INPUT=2048
WEIGHT_BUDGET_PARSE=PASS
WEIGHT_BUDGET_MIB=2048
WEIGHT_BUDGET_BYTES=2147483648
WEIGHT_BUDGET_SOURCE=ENV
WEIGHT_BUDGET_INPUT=2048
WEIGHT_BUDGET_PARSE=PASS
WEIGHT_BUDGET_MIB=2048
WEIGHT_BUDGET_BYTES=2147483648
WEIGHT_BUDGET_SOURCE=ENV
WEIGHT_BUDGET_INPUT=2048
WEIGHT_BUDGET_PARSE=PASS
WEIGHT_BUDGET_MIB=2048
WEIGHT_BUDGET_BYTES=2147483648
WEIGHT_BUDGET_SOURCE=ENV
HEAP_OK_FINAL_NORM_BEFORE=1
FINAL_NORM_SRC_PTR=000001FA434AE060
FINAL_NORM_DST_PTR=000001FA434AE060
FINAL_NORM_WEIGHT_PTR=000001FA6C200000
FINAL_NORM_WEIGHT_SOURCE=HOST_MAPPED
FINAL_NORM_WEIGHT_FULFILLED=1
FINAL_NORM_WEIGHT_BYTES=12288
FINAL_NORM_WEIGHT_0=1.765625
FINAL_NORM_WEIGHT_1=1.75
FINAL_NORM_WEIGHT_2=1.5625
FINAL_NORM_WEIGHT_3=1.7734375
FINAL_NORM_WEIGHT_L2=91.4481258
FINAL_NORM_SUMSQ=1057.67262
FINAL_NORM_MEAN_SQ=0.344294473
FINAL_NORM_EPS=9.99999975e-06
FINAL_NORM_INV_RMS=1.70423174
FINAL_NORM_SRC_0=0.699545383
FINAL_NORM_DST_0=2.10495591
FINAL_NORM_AFTER_L2=89.3614231
HEAP_OK_FINAL_NORM_AFTER=1
WEIGHT_BUDGET_INPUT=2048
WEIGHT_BUDGET_PARSE=PASS
WEIGHT_BUDGET_MIB=2048
WEIGHT_BUDGET_BYTES=2147483648
WEIGHT_BUDGET_SOURCE=ENV
WEIGHT_BUDGET_INPUT=2048
WEIGHT_BUDGET_PARSE=PASS
WEIGHT_BUDGET_MIB=2048
WEIGHT_BUDGET_BYTES=2147483648
WEIGHT_BUDGET_SOURCE=ENV
WEIGHT_BUDGET_INPUT=2048
WEIGHT_BUDGET_PARSE=PASS
WEIGHT_BUDGET_MIB=2048
WEIGHT_BUDGET_BYTES=2147483648
WEIGHT_BUDGET_SOURCE=ENV
WEIGHT_BUDGET_INPUT=2048
WEIGHT_BUDGET_PARSE=PASS
WEIGHT_BUDGET_MIB=2048
WEIGHT_BUDGET_BYTES=2147483648
WEIGHT_BUDGET_SOURCE=ENV
WEIGHT_BUDGET_INPUT=2048
WEIGHT_BUDGET_PARSE=PASS
WEIGHT_BUDGET_MIB=2048
WEIGHT_BUDGET_BYTES=2147483648
WEIGHT_BUDGET_SOURCE=ENV
WEIGHT_BUDGET_INPUT=2048
WEIGHT_BUDGET_PARSE=PASS
WEIGHT_BUDGET_MIB=2048
WEIGHT_BUDGET_BYTES=2147483648
WEIGHT_BUDGET_SOURCE=ENV
WEIGHT_BUDGET_INPUT=2048
WEIGHT_BUDGET_PARSE=PASS
WEIGHT_BUDGET_MIB=2048
WEIGHT_BUDGET_BYTES=2147483648
WEIGHT_BUDGET_SOURCE=ENV
WEIGHT_BUDGET_INPUT=2048
WEIGHT_BUDGET_PARSE=PASS
WEIGHT_BUDGET_MIB=2048
WEIGHT_BUDGET_BYTES=2147483648
WEIGHT_BUDGET_SOURCE=ENV
WEIGHT_BUDGET_INPUT=2048
WEIGHT_BUDGET_PARSE=PASS
WEIGHT_BUDGET_MIB=2048
WEIGHT_BUDGET_BYTES=2147483648
WEIGHT_BUDGET_SOURCE=ENV
WEIGHT_BUDGET_INPUT=2048
WEIGHT_BUDGET_PARSE=PASS
WEIGHT_BUDGET_MIB=2048
WEIGHT_BUDGET_BYTES=2147483648
WEIGHT_BUDGET_SOURCE=ENV
WEIGHT_BUDGET_INPUT=2048
WEIGHT_BUDGET_PARSE=PASS
WEIGHT_BUDGET_MIB=2048
WEIGHT_BUDGET_BYTES=2147483648
WEIGHT_BUDGET_SOURCE=ENV
WEIGHT_BUDGET_INPUT=2048
WEIGHT_BUDGET_PARSE=PASS
WEIGHT_BUDGET_MIB=2048
WEIGHT_BUDGET_BYTES=2147483648
WEIGHT_BUDGET_SOURCE=ENV
WEIGHT_BUDGET_INPUT=2048
WEIGHT_BUDGET_PARSE=PASS
WEIGHT_BUDGET_MIB=2048
WEIGHT_BUDGET_BYTES=2147483648
WEIGHT_BUDGET_SOURCE=ENV
WEIGHT_BUDGET_INPUT=2048
WEIGHT_BUDGET_PARSE=PASS
WEIGHT_BUDGET_MIB=2048
WEIGHT_BUDGET_BYTES=2147483648
WEIGHT_BUDGET_SOURCE=ENV
WEIGHT_BUDGET_INPUT=2048
WEIGHT_BUDGET_PARSE=PASS
WEIGHT_BUDGET_MIB=2048
WEIGHT_BUDGET_BYTES=2147483648
WEIGHT_BUDGET_SOURCE=ENV
WEIGHT_BUDGET_INPUT=2048
WEIGHT_BUDGET_PARSE=PASS
WEIGHT_BUDGET_MIB=2048
WEIGHT_BUDGET_BYTES=2147483648
WEIGHT_BUDGET_SOURCE=ENV
WEIGHT_BUDGET_INPUT=2048
WEIGHT_BUDGET_PARSE=PASS
WEIGHT_BUDGET_MIB=2048
WEIGHT_BUDGET_BYTES=2147483648
WEIGHT_BUDGET_SOURCE=ENV
WEIGHT_BUDGET_INPUT=2048
WEIGHT_BUDGET_PARSE=PASS
WEIGHT_BUDGET_MIB=2048
WEIGHT_BUDGET_BYTES=2147483648
WEIGHT_BUDGET_SOURCE=ENV
WEIGHT_BUDGET_INPUT=2048
WEIGHT_BUDGET_PARSE=PASS
WEIGHT_BUDGET_MIB=2048
WEIGHT_BUDGET_BYTES=2147483648
WEIGHT_BUDGET_SOURCE=ENV
WEIGHT_BUDGET_INPUT=2048
WEIGHT_BUDGET_PARSE=PASS
WEIGHT_BUDGET_MIB=2048
WEIGHT_BUDGET_BYTES=2147483648
WEIGHT_BUDGET_SOURCE=ENV
WEIGHT_BUDGET_INPUT=2048
WEIGHT_BUDGET_PARSE=PASS
WEIGHT_BUDGET_MIB=2048
WEIGHT_BUDGET_BYTES=2147483648
WEIGHT_BUDGET_SOURCE=ENV
WEIGHT_BUDGET_INPUT=2048
WEIGHT_BUDGET_PARSE=PASS
WEIGHT_BUDGET_MIB=2048
WEIGHT_BUDGET_BYTES=2147483648
WEIGHT_BUDGET_SOURCE=ENV
WEIGHT_BUDGET_INPUT=2048
WEIGHT_BUDGET_PARSE=PASS
WEIGHT_BUDGET_MIB=2048
WEIGHT_BUDGET_BYTES=2147483648
WEIGHT_BUDGET_SOURCE=ENV
WEIGHT_BUDGET_INPUT=2048
WEIGHT_BUDGET_PARSE=PASS
WEIGHT_BUDGET_MIB=2048
WEIGHT_BUDGET_BYTES=2147483648
WEIGHT_BUDGET_SOURCE=ENV
WEIGHT_BUDGET_INPUT=2048
WEIGHT_BUDGET_PARSE=PASS
WEIGHT_BUDGET_MIB=2048
WEIGHT_BUDGET_BYTES=2147483648
WEIGHT_BUDGET_SOURCE=ENV
WEIGHT_BUDGET_INPUT=2048
WEIGHT_BUDGET_PARSE=PASS
WEIGHT_BUDGET_MIB=2048
WEIGHT_BUDGET_BYTES=2147483648
WEIGHT_BUDGET_SOURCE=ENV
WEIGHT_BUDGET_INPUT=2048
WEIGHT_BUDGET_PARSE=PASS
WEIGHT_BUDGET_MIB=2048
WEIGHT_BUDGET_BYTES=2147483648
WEIGHT_BUDGET_SOURCE=ENV
WEIGHT_BUDGET_INPUT=2048
WEIGHT_BUDGET_PARSE=PASS
WEIGHT_BUDGET_MIB=2048
WEIGHT_BUDGET_BYTES=2147483648
WEIGHT_BUDGET_SOURCE=ENV
WEIGHT_BUDGET_INPUT=2048
WEIGHT_BUDGET_PARSE=PASS
WEIGHT_BUDGET_MIB=2048
WEIGHT_BUDGET_BYTES=2147483648
WEIGHT_BUDGET_SOURCE=ENV
WEIGHT_BUDGET_INPUT=2048
WEIGHT_BUDGET_PARSE=PASS
WEIGHT_BUDGET_MIB=2048
WEIGHT_BUDGET_BYTES=2147483648
WEIGHT_BUDGET_SOURCE=ENV
HEAP_OK_FINAL_NORM_BEFORE=1
FINAL_NORM_SRC_PTR=000001FA434B1060
FINAL_NORM_DST_PTR=000001FA434B1060
FINAL_NORM_WEIGHT_PTR=000001FA6C200000
FINAL_NORM_WEIGHT_SOURCE=HOST_MAPPED
FINAL_NORM_WEIGHT_FULFILLED=1
FINAL_NORM_WEIGHT_BYTES=12288
FINAL_NORM_WEIGHT_0=1.765625
FINAL_NORM_WEIGHT_1=1.75
FINAL_NORM_WEIGHT_2=1.5625
FINAL_NORM_WEIGHT_3=1.7734375
FINAL_NORM_WEIGHT_L2=91.4481258
FINAL_NORM_SUMSQ=1270.0619
FINAL_NORM_MEAN_SQ=0.413431608
FINAL_NORM_EPS=9.99999975e-06
FINAL_NORM_INV_RMS=1.55522382
FINAL_NORM_SRC_0=-0.185024053
FINAL_NORM_DST_0=-0.508065343
FINAL_NORM_AFTER_L2=87.3419781
HEAP_OK_FINAL_NORM_AFTER=1
WEIGHT_BUDGET_INPUT=2048
WEIGHT_BUDGET_PARSE=PASS
WEIGHT_BUDGET_MIB=2048
WEIGHT_BUDGET_BYTES=2147483648
WEIGHT_BUDGET_SOURCE=ENV
WEIGHT_BUDGET_INPUT=2048
WEIGHT_BUDGET_PARSE=PASS
WEIGHT_BUDGET_MIB=2048
WEIGHT_BUDGET_BYTES=2147483648
WEIGHT_BUDGET_SOURCE=ENV
WEIGHT_BUDGET_INPUT=2048
WEIGHT_BUDGET_PARSE=PASS
WEIGHT_BUDGET_MIB=2048
WEIGHT_BUDGET_BYTES=2147483648
WEIGHT_BUDGET_SOURCE=ENV
WEIGHT_BUDGET_INPUT=2048
WEIGHT_BUDGET_PARSE=PASS
WEIGHT_BUDGET_MIB=2048
WEIGHT_BUDGET_BYTES=2147483648
WEIGHT_BUDGET_SOURCE=ENV
WEIGHT_BUDGET_INPUT=2048
WEIGHT_BUDGET_PARSE=PASS
WEIGHT_BUDGET_MIB=2048
WEIGHT_BUDGET_BYTES=2147483648
WEIGHT_BUDGET_SOURCE=ENV
WEIGHT_BUDGET_INPUT=2048
WEIGHT_BUDGET_PARSE=PASS
WEIGHT_BUDGET_MIB=2048
WEIGHT_BUDGET_BYTES=2147483648
WEIGHT_BUDGET_SOURCE=ENV
WEIGHT_BUDGET_INPUT=2048
WEIGHT_BUDGET_PARSE=PASS
WEIGHT_BUDGET_MIB=2048
WEIGHT_BUDGET_BYTES=2147483648
WEIGHT_BUDGET_SOURCE=ENV
WEIGHT_BUDGET_INPUT=2048
WEIGHT_BUDGET_PARSE=PASS
WEIGHT_BUDGET_MIB=2048
WEIGHT_BUDGET_BYTES=2147483648
WEIGHT_BUDGET_SOURCE=ENV
WEIGHT_BUDGET_INPUT=2048
WEIGHT_BUDGET_PARSE=PASS
WEIGHT_BUDGET_MIB=2048
WEIGHT_BUDGET_BYTES=2147483648
WEIGHT_BUDGET_SOURCE=ENV
WEIGHT_BUDGET_INPUT=2048
WEIGHT_BUDGET_PARSE=PASS
WEIGHT_BUDGET_MIB=2048
WEIGHT_BUDGET_BYTES=2147483648
WEIGHT_BUDGET_SOURCE=ENV
WEIGHT_BUDGET_INPUT=2048
WEIGHT_BUDGET_PARSE=PASS
WEIGHT_BUDGET_MIB=2048
WEIGHT_BUDGET_BYTES=2147483648
WEIGHT_BUDGET_SOURCE=ENV
WEIGHT_BUDGET_INPUT=2048
WEIGHT_BUDGET_PARSE=PASS
WEIGHT_BUDGET_MIB=2048
WEIGHT_BUDGET_BYTES=2147483648
WEIGHT_BUDGET_SOURCE=ENV
WEIGHT_BUDGET_INPUT=2048
WEIGHT_BUDGET_PARSE=PASS
WEIGHT_BUDGET_MIB=2048
WEIGHT_BUDGET_BYTES=2147483648
WEIGHT_BUDGET_SOURCE=ENV
WEIGHT_BUDGET_INPUT=2048
WEIGHT_BUDGET_PARSE=PASS
WEIGHT_BUDGET_MIB=2048
WEIGHT_BUDGET_BYTES=2147483648
WEIGHT_BUDGET_SOURCE=ENV
WEIGHT_BUDGET_INPUT=2048
WEIGHT_BUDGET_PARSE=PASS
WEIGHT_BUDGET_MIB=2048
WEIGHT_BUDGET_BYTES=2147483648
WEIGHT_BUDGET_SOURCE=ENV
WEIGHT_BUDGET_INPUT=2048
WEIGHT_BUDGET_PARSE=PASS
WEIGHT_BUDGET_MIB=2048
WEIGHT_BUDGET_BYTES=2147483648
WEIGHT_BUDGET_SOURCE=ENV
WEIGHT_BUDGET_INPUT=2048
WEIGHT_BUDGET_PARSE=PASS
WEIGHT_BUDGET_MIB=2048
WEIGHT_BUDGET_BYTES=2147483648
WEIGHT_BUDGET_SOURCE=ENV
WEIGHT_BUDGET_INPUT=2048
WEIGHT_BUDGET_PARSE=PASS
WEIGHT_BUDGET_MIB=2048
WEIGHT_BUDGET_BYTES=2147483648
WEIGHT_BUDGET_SOURCE=ENV
WEIGHT_BUDGET_INPUT=2048
WEIGHT_BUDGET_PARSE=PASS
WEIGHT_BUDGET_MIB=2048
WEIGHT_BUDGET_BYTES=2147483648
WEIGHT_BUDGET_SOURCE=ENV
WEIGHT_BUDGET_INPUT=2048
WEIGHT_BUDGET_PARSE=PASS
WEIGHT_BUDGET_MIB=2048
WEIGHT_BUDGET_BYTES=2147483648
WEIGHT_BUDGET_SOURCE=ENV
WEIGHT_BUDGET_INPUT=2048
WEIGHT_BUDGET_PARSE=PASS
WEIGHT_BUDGET_MIB=2048
WEIGHT_BUDGET_BYTES=2147483648
WEIGHT_BUDGET_SOURCE=ENV
WEIGHT_BUDGET_INPUT=2048
WEIGHT_BUDGET_PARSE=PASS
WEIGHT_BUDGET_MIB=2048
WEIGHT_BUDGET_BYTES=2147483648
WEIGHT_BUDGET_SOURCE=ENV
WEIGHT_BUDGET_INPUT=2048
WEIGHT_BUDGET_PARSE=PASS
WEIGHT_BUDGET_MIB=2048
WEIGHT_BUDGET_BYTES=2147483648
WEIGHT_BUDGET_SOURCE=ENV
WEIGHT_BUDGET_INPUT=2048
WEIGHT_BUDGET_PARSE=PASS
WEIGHT_BUDGET_MIB=2048
WEIGHT_BUDGET_BYTES=2147483648
WEIGHT_BUDGET_SOURCE=ENV
WEIGHT_BUDGET_INPUT=2048
WEIGHT_BUDGET_PARSE=PASS
WEIGHT_BUDGET_MIB=2048
WEIGHT_BUDGET_BYTES=2147483648
WEIGHT_BUDGET_SOURCE=ENV
WEIGHT_BUDGET_INPUT=2048
WEIGHT_BUDGET_PARSE=PASS
WEIGHT_BUDGET_MIB=2048
WEIGHT_BUDGET_BYTES=2147483648
WEIGHT_BUDGET_SOURCE=ENV
WEIGHT_BUDGET_INPUT=2048
WEIGHT_BUDGET_PARSE=PASS
WEIGHT_BUDGET_MIB=2048
WEIGHT_BUDGET_BYTES=2147483648
WEIGHT_BUDGET_SOURCE=ENV
WEIGHT_BUDGET_INPUT=2048
WEIGHT_BUDGET_PARSE=PASS
WEIGHT_BUDGET_MIB=2048
WEIGHT_BUDGET_BYTES=2147483648
WEIGHT_BUDGET_SOURCE=ENV
WEIGHT_BUDGET_INPUT=2048
WEIGHT_BUDGET_PARSE=PASS
WEIGHT_BUDGET_MIB=2048
WEIGHT_BUDGET_BYTES=2147483648
WEIGHT_BUDGET_SOURCE=ENV
WEIGHT_BUDGET_INPUT=2048
WEIGHT_BUDGET_PARSE=PASS
WEIGHT_BUDGET_MIB=2048
WEIGHT_BUDGET_BYTES=2147483648
WEIGHT_BUDGET_SOURCE=ENV
HEAP_OK_FINAL_NORM_BEFORE=1
FINAL_NORM_SRC_PTR=000001FA434B4060
FINAL_NORM_DST_PTR=000001FA434B4060
FINAL_NORM_WEIGHT_PTR=000001FA6C200000
FINAL_NORM_WEIGHT_SOURCE=HOST_MAPPED
FINAL_NORM_WEIGHT_FULFILLED=1
FINAL_NORM_WEIGHT_BYTES=12288
FINAL_NORM_WEIGHT_0=1.765625
FINAL_NORM_WEIGHT_1=1.75
FINAL_NORM_WEIGHT_2=1.5625
FINAL_NORM_WEIGHT_3=1.7734375
FINAL_NORM_WEIGHT_L2=91.4481258
FINAL_NORM_SUMSQ=1557.69109
FINAL_NORM_MEAN_SQ=0.507060902
FINAL_NORM_EPS=9.99999975e-06
FINAL_NORM_INV_RMS=1.40431857
FINAL_NORM_SRC_0=0.332772523
FINAL_NORM_DST_0=0.825109422
FINAL_NORM_AFTER_L2=87.8856904
HEAP_OK_FINAL_NORM_AFTER=1
WEIGHT_BUDGET_INPUT=2048
WEIGHT_BUDGET_PARSE=PASS
WEIGHT_BUDGET_MIB=2048
WEIGHT_BUDGET_BYTES=2147483648
WEIGHT_BUDGET_SOURCE=ENV
WEIGHT_BUDGET_INPUT=2048
WEIGHT_BUDGET_PARSE=PASS
WEIGHT_BUDGET_MIB=2048
WEIGHT_BUDGET_BYTES=2147483648
WEIGHT_BUDGET_SOURCE=ENV
WEIGHT_BUDGET_INPUT=2048
WEIGHT_BUDGET_PARSE=PASS
WEIGHT_BUDGET_MIB=2048
WEIGHT_BUDGET_BYTES=2147483648
WEIGHT_BUDGET_SOURCE=ENV
WEIGHT_BUDGET_INPUT=2048
WEIGHT_BUDGET_PARSE=PASS
WEIGHT_BUDGET_MIB=2048
WEIGHT_BUDGET_BYTES=2147483648
WEIGHT_BUDGET_SOURCE=ENV
WEIGHT_BUDGET_INPUT=2048
WEIGHT_BUDGET_PARSE=PASS
WEIGHT_BUDGET_MIB=2048
WEIGHT_BUDGET_BYTES=2147483648
WEIGHT_BUDGET_SOURCE=ENV
WEIGHT_BUDGET_INPUT=2048
WEIGHT_BUDGET_PARSE=PASS
WEIGHT_BUDGET_MIB=2048
WEIGHT_BUDGET_BYTES=2147483648
WEIGHT_BUDGET_SOURCE=ENV
WEIGHT_BUDGET_INPUT=2048
WEIGHT_BUDGET_PARSE=PASS
WEIGHT_BUDGET_MIB=2048
WEIGHT_BUDGET_BYTES=2147483648
WEIGHT_BUDGET_SOURCE=ENV
WEIGHT_BUDGET_INPUT=2048
WEIGHT_BUDGET_PARSE=PASS
WEIGHT_BUDGET_MIB=2048
WEIGHT_BUDGET_BYTES=2147483648
WEIGHT_BUDGET_SOURCE=ENV
WEIGHT_BUDGET_INPUT=2048
WEIGHT_BUDGET_PARSE=PASS
WEIGHT_BUDGET_MIB=2048
WEIGHT_BUDGET_BYTES=2147483648
WEIGHT_BUDGET_SOURCE=ENV
WEIGHT_BUDGET_INPUT=2048
WEIGHT_BUDGET_PARSE=PASS
WEIGHT_BUDGET_MIB=2048
WEIGHT_BUDGET_BYTES=2147483648
WEIGHT_BUDGET_SOURCE=ENV
WEIGHT_BUDGET_INPUT=2048
WEIGHT_BUDGET_PARSE=PASS
WEIGHT_BUDGET_MIB=2048
WEIGHT_BUDGET_BYTES=2147483648
WEIGHT_BUDGET_SOURCE=ENV
WEIGHT_BUDGET_INPUT=2048
WEIGHT_BUDGET_PARSE=PASS
WEIGHT_BUDGET_MIB=2048
WEIGHT_BUDGET_BYTES=2147483648
WEIGHT_BUDGET_SOURCE=ENV
WEIGHT_BUDGET_INPUT=2048
WEIGHT_BUDGET_PARSE=PASS
WEIGHT_BUDGET_MIB=2048
WEIGHT_BUDGET_BYTES=2147483648
WEIGHT_BUDGET_SOURCE=ENV
WEIGHT_BUDGET_INPUT=2048
WEIGHT_BUDGET_PARSE=PASS
WEIGHT_BUDGET_MIB=2048
WEIGHT_BUDGET_BYTES=2147483648
WEIGHT_BUDGET_SOURCE=ENV
WEIGHT_BUDGET_INPUT=2048
WEIGHT_BUDGET_PARSE=PASS
WEIGHT_BUDGET_MIB=2048
WEIGHT_BUDGET_BYTES=2147483648
WEIGHT_BUDGET_SOURCE=ENV
WEIGHT_BUDGET_INPUT=2048
WEIGHT_BUDGET_PARSE=PASS
WEIGHT_BUDGET_MIB=2048
WEIGHT_BUDGET_BYTES=2147483648
WEIGHT_BUDGET_SOURCE=ENV
WEIGHT_BUDGET_INPUT=2048
WEIGHT_BUDGET_PARSE=PASS
WEIGHT_BUDGET_MIB=2048
WEIGHT_BUDGET_BYTES=2147483648
WEIGHT_BUDGET_SOURCE=ENV
WEIGHT_BUDGET_INPUT=2048
WEIGHT_BUDGET_PARSE=PASS
WEIGHT_BUDGET_MIB=2048
WEIGHT_BUDGET_BYTES=2147483648
WEIGHT_BUDGET_SOURCE=ENV
WEIGHT_BUDGET_INPUT=2048
WEIGHT_BUDGET_PARSE=PASS
WEIGHT_BUDGET_MIB=2048
WEIGHT_BUDGET_BYTES=2147483648
WEIGHT_BUDGET_SOURCE=ENV
WEIGHT_BUDGET_INPUT=2048
WEIGHT_BUDGET_PARSE=PASS
WEIGHT_BUDGET_MIB=2048
WEIGHT_BUDGET_BYTES=2147483648
WEIGHT_BUDGET_SOURCE=ENV
WEIGHT_BUDGET_INPUT=2048
WEIGHT_BUDGET_PARSE=PASS
WEIGHT_BUDGET_MIB=2048
WEIGHT_BUDGET_BYTES=2147483648
WEIGHT_BUDGET_SOURCE=ENV
WEIGHT_BUDGET_INPUT=2048
WEIGHT_BUDGET_PARSE=PASS
WEIGHT_BUDGET_MIB=2048
WEIGHT_BUDGET_BYTES=2147483648
WEIGHT_BUDGET_SOURCE=ENV
WEIGHT_BUDGET_INPUT=2048
WEIGHT_BUDGET_PARSE=PASS
WEIGHT_BUDGET_MIB=2048
WEIGHT_BUDGET_BYTES=2147483648
WEIGHT_BUDGET_SOURCE=ENV
WEIGHT_BUDGET_INPUT=2048
WEIGHT_BUDGET_PARSE=PASS
WEIGHT_BUDGET_MIB=2048
WEIGHT_BUDGET_BYTES=2147483648
WEIGHT_BUDGET_SOURCE=ENV
WEIGHT_BUDGET_INPUT=2048
WEIGHT_BUDGET_PARSE=PASS
WEIGHT_BUDGET_MIB=2048
WEIGHT_BUDGET_BYTES=2147483648
WEIGHT_BUDGET_SOURCE=ENV
WEIGHT_BUDGET_INPUT=2048
WEIGHT_BUDGET_PARSE=PASS
WEIGHT_BUDGET_MIB=2048
WEIGHT_BUDGET_BYTES=2147483648
WEIGHT_BUDGET_SOURCE=ENV
WEIGHT_BUDGET_INPUT=2048
WEIGHT_BUDGET_PARSE=PASS
WEIGHT_BUDGET_MIB=2048
WEIGHT_BUDGET_BYTES=2147483648
WEIGHT_BUDGET_SOURCE=ENV
WEIGHT_BUDGET_INPUT=2048
WEIGHT_BUDGET_PARSE=PASS
WEIGHT_BUDGET_MIB=2048
WEIGHT_BUDGET_BYTES=2147483648
WEIGHT_BUDGET_SOURCE=ENV
WEIGHT_BUDGET_INPUT=2048
WEIGHT_BUDGET_PARSE=PASS
WEIGHT_BUDGET_MIB=2048
WEIGHT_BUDGET_BYTES=2147483648
WEIGHT_BUDGET_SOURCE=ENV
WEIGHT_BUDGET_INPUT=2048
WEIGHT_BUDGET_PARSE=PASS
WEIGHT_BUDGET_MIB=2048
WEIGHT_BUDGET_BYTES=2147483648
WEIGHT_BUDGET_SOURCE=ENV
HEAP_OK_FINAL_NORM_BEFORE=1
FINAL_NORM_SRC_PTR=000001FA434B7060
FINAL_NORM_DST_PTR=000001FA434B7060
FINAL_NORM_WEIGHT_PTR=000001FA6C200000
FINAL_NORM_WEIGHT_SOURCE=HOST_MAPPED
FINAL_NORM_WEIGHT_FULFILLED=1
FINAL_NORM_WEIGHT_BYTES=12288
FINAL_NORM_WEIGHT_0=1.765625
FINAL_NORM_WEIGHT_1=1.75
FINAL_NORM_WEIGHT_2=1.5625
FINAL_NORM_WEIGHT_3=1.7734375
FINAL_NORM_WEIGHT_L2=91.4481258
FINAL_NORM_SUMSQ=2525.01018
FINAL_NORM_MEAN_SQ=0.821943419
FINAL_NORM_EPS=9.99999975e-06
FINAL_NORM_INV_RMS=1.10300231
FINAL_NORM_SRC_0=0.740914106
FINAL_NORM_DST_0=1.44292164
FINAL_NORM_AFTER_L2=79.9643082
HEAP_OK_FINAL_NORM_AFTER=1
WEIGHT_BUDGET_INPUT=2048
WEIGHT_BUDGET_PARSE=PASS
WEIGHT_BUDGET_MIB=2048
WEIGHT_BUDGET_BYTES=2147483648
WEIGHT_BUDGET_SOURCE=ENV
WEIGHT_BUDGET_INPUT=2048
WEIGHT_BUDGET_PARSE=PASS
WEIGHT_BUDGET_MIB=2048
WEIGHT_BUDGET_BYTES=2147483648
WEIGHT_BUDGET_SOURCE=ENV
WEIGHT_BUDGET_INPUT=2048
WEIGHT_BUDGET_PARSE=PASS
WEIGHT_BUDGET_MIB=2048
WEIGHT_BUDGET_BYTES=2147483648
WEIGHT_BUDGET_SOURCE=ENV
WEIGHT_BUDGET_INPUT=2048
WEIGHT_BUDGET_PARSE=PASS
WEIGHT_BUDGET_MIB=2048
WEIGHT_BUDGET_BYTES=2147483648
WEIGHT_BUDGET_SOURCE=ENV
WEIGHT_BUDGET_INPUT=2048
WEIGHT_BUDGET_PARSE=PASS
WEIGHT_BUDGET_MIB=2048
WEIGHT_BUDGET_BYTES=2147483648
WEIGHT_BUDGET_SOURCE=ENV
WEIGHT_BUDGET_INPUT=2048
WEIGHT_BUDGET_PARSE=PASS
WEIGHT_BUDGET_MIB=2048
WEIGHT_BUDGET_BYTES=2147483648
WEIGHT_BUDGET_SOURCE=ENV
WEIGHT_BUDGET_INPUT=2048
WEIGHT_BUDGET_PARSE=PASS
WEIGHT_BUDGET_MIB=2048
WEIGHT_BUDGET_BYTES=2147483648
WEIGHT_BUDGET_SOURCE=ENV
WEIGHT_BUDGET_INPUT=2048
WEIGHT_BUDGET_PARSE=PASS
WEIGHT_BUDGET_MIB=2048
WEIGHT_BUDGET_BYTES=2147483648
WEIGHT_BUDGET_SOURCE=ENV
WEIGHT_BUDGET_INPUT=2048
WEIGHT_BUDGET_PARSE=PASS
WEIGHT_BUDGET_MIB=2048
WEIGHT_BUDGET_BYTES=2147483648
WEIGHT_BUDGET_SOURCE=ENV
WEIGHT_BUDGET_INPUT=2048
WEIGHT_BUDGET_PARSE=PASS
WEIGHT_BUDGET_MIB=2048
WEIGHT_BUDGET_BYTES=2147483648
WEIGHT_BUDGET_SOURCE=ENV
WEIGHT_BUDGET_INPUT=2048
WEIGHT_BUDGET_PARSE=PASS
WEIGHT_BUDGET_MIB=2048
WEIGHT_BUDGET_BYTES=2147483648
WEIGHT_BUDGET_SOURCE=ENV
WEIGHT_BUDGET_INPUT=2048
WEIGHT_BUDGET_PARSE=PASS
WEIGHT_BUDGET_MIB=2048
WEIGHT_BUDGET_BYTES=2147483648
WEIGHT_BUDGET_SOURCE=ENV
WEIGHT_BUDGET_INPUT=2048
WEIGHT_BUDGET_PARSE=PASS
WEIGHT_BUDGET_MIB=2048
WEIGHT_BUDGET_BYTES=2147483648
WEIGHT_BUDGET_SOURCE=ENV
WEIGHT_BUDGET_INPUT=2048
WEIGHT_BUDGET_PARSE=PASS
WEIGHT_BUDGET_MIB=2048
WEIGHT_BUDGET_BYTES=2147483648
WEIGHT_BUDGET_SOURCE=ENV
WEIGHT_BUDGET_INPUT=2048
WEIGHT_BUDGET_PARSE=PASS
WEIGHT_BUDGET_MIB=2048
WEIGHT_BUDGET_BYTES=2147483648
WEIGHT_BUDGET_SOURCE=ENV
WEIGHT_BUDGET_INPUT=2048
WEIGHT_BUDGET_PARSE=PASS
WEIGHT_BUDGET_MIB=2048
WEIGHT_BUDGET_BYTES=2147483648
WEIGHT_BUDGET_SOURCE=ENV
WEIGHT_BUDGET_INPUT=2048
WEIGHT_BUDGET_PARSE=PASS
WEIGHT_BUDGET_MIB=2048
WEIGHT_BUDGET_BYTES=2147483648
WEIGHT_BUDGET_SOURCE=ENV
WEIGHT_BUDGET_INPUT=2048
WEIGHT_BUDGET_PARSE=PASS
WEIGHT_BUDGET_MIB=2048
WEIGHT_BUDGET_BYTES=2147483648
WEIGHT_BUDGET_SOURCE=ENV
WEIGHT_BUDGET_INPUT=2048
WEIGHT_BUDGET_PARSE=PASS
WEIGHT_BUDGET_MIB=2048
WEIGHT_BUDGET_BYTES=2147483648
WEIGHT_BUDGET_SOURCE=ENV
WEIGHT_BUDGET_INPUT=2048
WEIGHT_BUDGET_PARSE=PASS
WEIGHT_BUDGET_MIB=2048
WEIGHT_BUDGET_BYTES=2147483648
WEIGHT_BUDGET_SOURCE=ENV
WEIGHT_BUDGET_INPUT=2048
WEIGHT_BUDGET_PARSE=PASS
WEIGHT_BUDGET_MIB=2048
WEIGHT_BUDGET_BYTES=2147483648
WEIGHT_BUDGET_SOURCE=ENV
WEIGHT_BUDGET_INPUT=2048
WEIGHT_BUDGET_PARSE=PASS
WEIGHT_BUDGET_MIB=2048
WEIGHT_BUDGET_BYTES=2147483648
WEIGHT_BUDGET_SOURCE=ENV
WEIGHT_BUDGET_INPUT=2048
WEIGHT_BUDGET_PARSE=PASS
WEIGHT_BUDGET_MIB=2048
WEIGHT_BUDGET_BYTES=2147483648
WEIGHT_BUDGET_SOURCE=ENV
WEIGHT_BUDGET_INPUT=2048
WEIGHT_BUDGET_PARSE=PASS
WEIGHT_BUDGET_MIB=2048
WEIGHT_BUDGET_BYTES=2147483648
WEIGHT_BUDGET_SOURCE=ENV
WEIGHT_BUDGET_INPUT=2048
WEIGHT_BUDGET_PARSE=PASS
WEIGHT_BUDGET_MIB=2048
WEIGHT_BUDGET_BYTES=2147483648
WEIGHT_BUDGET_SOURCE=ENV
WEIGHT_BUDGET_INPUT=2048
WEIGHT_BUDGET_PARSE=PASS
WEIGHT_BUDGET_MIB=2048
WEIGHT_BUDGET_BYTES=2147483648
WEIGHT_BUDGET_SOURCE=ENV
WEIGHT_BUDGET_INPUT=2048
WEIGHT_BUDGET_PARSE=PASS
WEIGHT_BUDGET_MIB=2048
WEIGHT_BUDGET_BYTES=2147483648
WEIGHT_BUDGET_SOURCE=ENV
WEIGHT_BUDGET_INPUT=2048
WEIGHT_BUDGET_PARSE=PASS
WEIGHT_BUDGET_MIB=2048
WEIGHT_BUDGET_BYTES=2147483648
WEIGHT_BUDGET_SOURCE=ENV
WEIGHT_BUDGET_INPUT=2048
WEIGHT_BUDGET_PARSE=PASS
WEIGHT_BUDGET_MIB=2048
WEIGHT_BUDGET_BYTES=2147483648
WEIGHT_BUDGET_SOURCE=ENV
WEIGHT_BUDGET_INPUT=2048
WEIGHT_BUDGET_PARSE=PASS
WEIGHT_BUDGET_MIB=2048
WEIGHT_BUDGET_BYTES=2147483648
WEIGHT_BUDGET_SOURCE=ENV
HEAP_OK_FINAL_NORM_BEFORE=1
FINAL_NORM_SRC_PTR=000001FA434BA060
FINAL_NORM_DST_PTR=000001FA434BA060
FINAL_NORM_WEIGHT_PTR=000001FA6C200000
FINAL_NORM_WEIGHT_SOURCE=HOST_MAPPED
FINAL_NORM_WEIGHT_FULFILLED=1
FINAL_NORM_WEIGHT_BYTES=12288
FINAL_NORM_WEIGHT_0=1.765625
FINAL_NORM_WEIGHT_1=1.75
FINAL_NORM_WEIGHT_2=1.5625
FINAL_NORM_WEIGHT_3=1.7734375
FINAL_NORM_WEIGHT_L2=91.4481258
FINAL_NORM_SUMSQ=1292.11889
FINAL_NORM_MEAN_SQ=0.420611616
FINAL_NORM_EPS=9.99999975e-06
FINAL_NORM_INV_RMS=1.54189289
FINAL_NORM_SRC_0=0.491547406
FINAL_NORM_DST_0=1.33819091
FINAL_NORM_AFTER_L2=90.5765475
HEAP_OK_FINAL_NORM_AFTER=1
WEIGHT_BUDGET_INPUT=2048
WEIGHT_BUDGET_PARSE=PASS
WEIGHT_BUDGET_MIB=2048
WEIGHT_BUDGET_BYTES=2147483648
WEIGHT_BUDGET_SOURCE=ENV
WEIGHT_BUDGET_INPUT=2048
WEIGHT_BUDGET_PARSE=PASS
WEIGHT_BUDGET_MIB=2048
WEIGHT_BUDGET_BYTES=2147483648
WEIGHT_BUDGET_SOURCE=ENV
WEIGHT_BUDGET_INPUT=2048
WEIGHT_BUDGET_PARSE=PASS
WEIGHT_BUDGET_MIB=2048
WEIGHT_BUDGET_BYTES=2147483648
WEIGHT_BUDGET_SOURCE=ENV
WEIGHT_BUDGET_INPUT=2048
WEIGHT_BUDGET_PARSE=PASS
WEIGHT_BUDGET_MIB=2048
WEIGHT_BUDGET_BYTES=2147483648
WEIGHT_BUDGET_SOURCE=ENV
WEIGHT_BUDGET_INPUT=2048
WEIGHT_BUDGET_PARSE=PASS
WEIGHT_BUDGET_MIB=2048
WEIGHT_BUDGET_BYTES=2147483648
WEIGHT_BUDGET_SOURCE=ENV
WEIGHT_BUDGET_INPUT=2048
WEIGHT_BUDGET_PARSE=PASS
WEIGHT_BUDGET_MIB=2048
WEIGHT_BUDGET_BYTES=2147483648
WEIGHT_BUDGET_SOURCE=ENV
WEIGHT_BUDGET_INPUT=2048
WEIGHT_BUDGET_PARSE=PASS
WEIGHT_BUDGET_MIB=2048
WEIGHT_BUDGET_BYTES=2147483648
WEIGHT_BUDGET_SOURCE=ENV
WEIGHT_BUDGET_INPUT=2048
WEIGHT_BUDGET_PARSE=PASS
WEIGHT_BUDGET_MIB=2048
WEIGHT_BUDGET_BYTES=2147483648
WEIGHT_BUDGET_SOURCE=ENV
WEIGHT_BUDGET_INPUT=2048
WEIGHT_BUDGET_PARSE=PASS
WEIGHT_BUDGET_MIB=2048
WEIGHT_BUDGET_BYTES=2147483648
WEIGHT_BUDGET_SOURCE=ENV
WEIGHT_BUDGET_INPUT=2048
WEIGHT_BUDGET_PARSE=PASS
WEIGHT_BUDGET_MIB=2048
WEIGHT_BUDGET_BYTES=2147483648
WEIGHT_BUDGET_SOURCE=ENV
WEIGHT_BUDGET_INPUT=2048
WEIGHT_BUDGET_PARSE=PASS
WEIGHT_BUDGET_MIB=2048
WEIGHT_BUDGET_BYTES=2147483648
WEIGHT_BUDGET_SOURCE=ENV
WEIGHT_BUDGET_INPUT=2048
WEIGHT_BUDGET_PARSE=PASS
WEIGHT_BUDGET_MIB=2048
WEIGHT_BUDGET_BYTES=2147483648
WEIGHT_BUDGET_SOURCE=ENV
WEIGHT_BUDGET_INPUT=2048
WEIGHT_BUDGET_PARSE=PASS
WEIGHT_BUDGET_MIB=2048
WEIGHT_BUDGET_BYTES=2147483648
WEIGHT_BUDGET_SOURCE=ENV
WEIGHT_BUDGET_INPUT=2048
WEIGHT_BUDGET_PARSE=PASS
WEIGHT_BUDGET_MIB=2048
WEIGHT_BUDGET_BYTES=2147483648
WEIGHT_BUDGET_SOURCE=ENV
WEIGHT_BUDGET_INPUT=2048
WEIGHT_BUDGET_PARSE=PASS
WEIGHT_BUDGET_MIB=2048
WEIGHT_BUDGET_BYTES=2147483648
WEIGHT_BUDGET_SOURCE=ENV
WEIGHT_BUDGET_INPUT=2048
WEIGHT_BUDGET_PARSE=PASS
WEIGHT_BUDGET_MIB=2048
WEIGHT_BUDGET_BYTES=2147483648
WEIGHT_BUDGET_SOURCE=ENV
WEIGHT_BUDGET_INPUT=2048
WEIGHT_BUDGET_PARSE=PASS
WEIGHT_BUDGET_MIB=2048
WEIGHT_BUDGET_BYTES=2147483648
WEIGHT_BUDGET_SOURCE=ENV
WEIGHT_BUDGET_INPUT=2048
WEIGHT_BUDGET_PARSE=PASS
WEIGHT_BUDGET_MIB=2048
WEIGHT_BUDGET_BYTES=2147483648
WEIGHT_BUDGET_SOURCE=ENV
WEIGHT_BUDGET_INPUT=2048
WEIGHT_BUDGET_PARSE=PASS
WEIGHT_BUDGET_MIB=2048
WEIGHT_BUDGET_BYTES=2147483648
WEIGHT_BUDGET_SOURCE=ENV
WEIGHT_BUDGET_INPUT=2048
WEIGHT_BUDGET_PARSE=PASS
WEIGHT_BUDGET_MIB=2048
WEIGHT_BUDGET_BYTES=2147483648
WEIGHT_BUDGET_SOURCE=ENV
WEIGHT_BUDGET_INPUT=2048
WEIGHT_BUDGET_PARSE=PASS
WEIGHT_BUDGET_MIB=2048
WEIGHT_BUDGET_BYTES=2147483648
WEIGHT_BUDGET_SOURCE=ENV
WEIGHT_BUDGET_INPUT=2048
WEIGHT_BUDGET_PARSE=PASS
WEIGHT_BUDGET_MIB=2048
WEIGHT_BUDGET_BYTES=2147483648
WEIGHT_BUDGET_SOURCE=ENV
WEIGHT_BUDGET_INPUT=2048
WEIGHT_BUDGET_PARSE=PASS
WEIGHT_BUDGET_MIB=2048
WEIGHT_BUDGET_BYTES=2147483648
WEIGHT_BUDGET_SOURCE=ENV
WEIGHT_BUDGET_INPUT=2048
WEIGHT_BUDGET_PARSE=PASS
WEIGHT_BUDGET_MIB=2048
WEIGHT_BUDGET_BYTES=2147483648
WEIGHT_BUDGET_SOURCE=ENV
WEIGHT_BUDGET_INPUT=2048
WEIGHT_BUDGET_PARSE=PASS
WEIGHT_BUDGET_MIB=2048
WEIGHT_BUDGET_BYTES=2147483648
WEIGHT_BUDGET_SOURCE=ENV
WEIGHT_BUDGET_INPUT=2048
WEIGHT_BUDGET_PARSE=PASS
WEIGHT_BUDGET_MIB=2048
WEIGHT_BUDGET_BYTES=2147483648
WEIGHT_BUDGET_SOURCE=ENV
WEIGHT_BUDGET_INPUT=2048
WEIGHT_BUDGET_PARSE=PASS
WEIGHT_BUDGET_MIB=2048
WEIGHT_BUDGET_BYTES=2147483648
WEIGHT_BUDGET_SOURCE=ENV
WEIGHT_BUDGET_INPUT=2048
WEIGHT_BUDGET_PARSE=PASS
WEIGHT_BUDGET_MIB=2048
WEIGHT_BUDGET_BYTES=2147483648
WEIGHT_BUDGET_SOURCE=ENV
WEIGHT_BUDGET_INPUT=2048
WEIGHT_BUDGET_PARSE=PASS
WEIGHT_BUDGET_MIB=2048
WEIGHT_BUDGET_BYTES=2147483648
WEIGHT_BUDGET_SOURCE=ENV
WEIGHT_BUDGET_INPUT=2048
WEIGHT_BUDGET_PARSE=PASS
WEIGHT_BUDGET_MIB=2048
WEIGHT_BUDGET_BYTES=2147483648
WEIGHT_BUDGET_SOURCE=ENV
HEAP_OK_FINAL_NORM_BEFORE=1
FINAL_NORM_SRC_PTR=000001FA434BD060
FINAL_NORM_DST_PTR=000001FA434BD060
FINAL_NORM_WEIGHT_PTR=000001FA6C200000
FINAL_NORM_WEIGHT_SOURCE=HOST_MAPPED
FINAL_NORM_WEIGHT_FULFILLED=1
FINAL_NORM_WEIGHT_BYTES=12288
FINAL_NORM_WEIGHT_0=1.765625
FINAL_NORM_WEIGHT_1=1.75
FINAL_NORM_WEIGHT_2=1.5625
FINAL_NORM_WEIGHT_3=1.7734375
FINAL_NORM_WEIGHT_L2=91.4481258
FINAL_NORM_SUMSQ=1902.5955
FINAL_NORM_MEAN_SQ=0.619334472
FINAL_NORM_EPS=9.99999975e-06
FINAL_NORM_INV_RMS=1.27067316
FINAL_NORM_SRC_0=-0.557516277
FINAL_NORM_DST_0=-1.25080585
FINAL_NORM_AFTER_L2=88.4092944
HEAP_OK_FINAL_NORM_AFTER=1
WEIGHT_BUDGET_INPUT=2048
WEIGHT_BUDGET_PARSE=PASS
WEIGHT_BUDGET_MIB=2048
WEIGHT_BUDGET_BYTES=2147483648
WEIGHT_BUDGET_SOURCE=ENV
WEIGHT_BUDGET_INPUT=2048
WEIGHT_BUDGET_PARSE=PASS
WEIGHT_BUDGET_MIB=2048
WEIGHT_BUDGET_BYTES=2147483648
WEIGHT_BUDGET_SOURCE=ENV
WEIGHT_BUDGET_INPUT=2048
WEIGHT_BUDGET_PARSE=PASS
WEIGHT_BUDGET_MIB=2048
WEIGHT_BUDGET_BYTES=2147483648
WEIGHT_BUDGET_SOURCE=ENV
WEIGHT_BUDGET_INPUT=2048
WEIGHT_BUDGET_PARSE=PASS
WEIGHT_BUDGET_MIB=2048
WEIGHT_BUDGET_BYTES=2147483648
WEIGHT_BUDGET_SOURCE=ENV
WEIGHT_BUDGET_INPUT=2048
WEIGHT_BUDGET_PARSE=PASS
WEIGHT_BUDGET_MIB=2048
WEIGHT_BUDGET_BYTES=2147483648
WEIGHT_BUDGET_SOURCE=ENV
WEIGHT_BUDGET_INPUT=2048
WEIGHT_BUDGET_PARSE=PASS
WEIGHT_BUDGET_MIB=2048
WEIGHT_BUDGET_BYTES=2147483648
WEIGHT_BUDGET_SOURCE=ENV
WEIGHT_BUDGET_INPUT=2048
WEIGHT_BUDGET_PARSE=PASS
WEIGHT_BUDGET_MIB=2048
WEIGHT_BUDGET_BYTES=2147483648
WEIGHT_BUDGET_SOURCE=ENV
WEIGHT_BUDGET_INPUT=2048
WEIGHT_BUDGET_PARSE=PASS
WEIGHT_BUDGET_MIB=2048
WEIGHT_BUDGET_BYTES=2147483648
WEIGHT_BUDGET_SOURCE=ENV
WEIGHT_BUDGET_INPUT=2048
WEIGHT_BUDGET_PARSE=PASS
WEIGHT_BUDGET_MIB=2048
WEIGHT_BUDGET_BYTES=2147483648
WEIGHT_BUDGET_SOURCE=ENV
WEIGHT_BUDGET_INPUT=2048
WEIGHT_BUDGET_PARSE=PASS
WEIGHT_BUDGET_MIB=2048
WEIGHT_BUDGET_BYTES=2147483648
WEIGHT_BUDGET_SOURCE=ENV
WEIGHT_BUDGET_INPUT=2048
WEIGHT_BUDGET_PARSE=PASS
WEIGHT_BUDGET_MIB=2048
WEIGHT_BUDGET_BYTES=2147483648
WEIGHT_BUDGET_SOURCE=ENV
WEIGHT_BUDGET_INPUT=2048
WEIGHT_BUDGET_PARSE=PASS
WEIGHT_BUDGET_MIB=2048
WEIGHT_BUDGET_BYTES=2147483648
WEIGHT_BUDGET_SOURCE=ENV
WEIGHT_BUDGET_INPUT=2048
WEIGHT_BUDGET_PARSE=PASS
WEIGHT_BUDGET_MIB=2048
WEIGHT_BUDGET_BYTES=2147483648
WEIGHT_BUDGET_SOURCE=ENV
WEIGHT_BUDGET_INPUT=2048
WEIGHT_BUDGET_PARSE=PASS
WEIGHT_BUDGET_MIB=2048
WEIGHT_BUDGET_BYTES=2147483648
WEIGHT_BUDGET_SOURCE=ENV
WEIGHT_BUDGET_INPUT=2048
WEIGHT_BUDGET_PARSE=PASS
WEIGHT_BUDGET_MIB=2048
WEIGHT_BUDGET_BYTES=2147483648
WEIGHT_BUDGET_SOURCE=ENV
WEIGHT_BUDGET_INPUT=2048
WEIGHT_BUDGET_PARSE=PASS
WEIGHT_BUDGET_MIB=2048
WEIGHT_BUDGET_BYTES=2147483648
WEIGHT_BUDGET_SOURCE=ENV
WEIGHT_BUDGET_INPUT=2048
WEIGHT_BUDGET_PARSE=PASS
WEIGHT_BUDGET_MIB=2048
WEIGHT_BUDGET_BYTES=2147483648
WEIGHT_BUDGET_SOURCE=ENV
WEIGHT_BUDGET_INPUT=2048
WEIGHT_BUDGET_PARSE=PASS
WEIGHT_BUDGET_MIB=2048
WEIGHT_BUDGET_BYTES=2147483648
WEIGHT_BUDGET_SOURCE=ENV
WEIGHT_BUDGET_INPUT=2048
WEIGHT_BUDGET_PARSE=PASS
WEIGHT_BUDGET_MIB=2048
WEIGHT_BUDGET_BYTES=2147483648
WEIGHT_BUDGET_SOURCE=ENV
WEIGHT_BUDGET_INPUT=2048
WEIGHT_BUDGET_PARSE=PASS
WEIGHT_BUDGET_MIB=2048
WEIGHT_BUDGET_BYTES=2147483648
WEIGHT_BUDGET_SOURCE=ENV
WEIGHT_BUDGET_INPUT=2048
WEIGHT_BUDGET_PARSE=PASS
WEIGHT_BUDGET_MIB=2048
WEIGHT_BUDGET_BYTES=2147483648
WEIGHT_BUDGET_SOURCE=ENV
WEIGHT_BUDGET_INPUT=2048
WEIGHT_BUDGET_PARSE=PASS
WEIGHT_BUDGET_MIB=2048
WEIGHT_BUDGET_BYTES=2147483648
WEIGHT_BUDGET_SOURCE=ENV
WEIGHT_BUDGET_INPUT=2048
WEIGHT_BUDGET_PARSE=PASS
WEIGHT_BUDGET_MIB=2048
WEIGHT_BUDGET_BYTES=2147483648
WEIGHT_BUDGET_SOURCE=ENV
WEIGHT_BUDGET_INPUT=2048
WEIGHT_BUDGET_PARSE=PASS
WEIGHT_BUDGET_MIB=2048
WEIGHT_BUDGET_BYTES=2147483648
WEIGHT_BUDGET_SOURCE=ENV
WEIGHT_BUDGET_INPUT=2048
WEIGHT_BUDGET_PARSE=PASS
WEIGHT_BUDGET_MIB=2048
WEIGHT_BUDGET_BYTES=2147483648
WEIGHT_BUDGET_SOURCE=ENV
WEIGHT_BUDGET_INPUT=2048
WEIGHT_BUDGET_PARSE=PASS
WEIGHT_BUDGET_MIB=2048
WEIGHT_BUDGET_BYTES=2147483648
WEIGHT_BUDGET_SOURCE=ENV
WEIGHT_BUDGET_INPUT=2048
WEIGHT_BUDGET_PARSE=PASS
WEIGHT_BUDGET_MIB=2048
WEIGHT_BUDGET_BYTES=2147483648
WEIGHT_BUDGET_SOURCE=ENV
WEIGHT_BUDGET_INPUT=2048
WEIGHT_BUDGET_PARSE=PASS
WEIGHT_BUDGET_MIB=2048
WEIGHT_BUDGET_BYTES=2147483648
WEIGHT_BUDGET_SOURCE=ENV
WEIGHT_BUDGET_INPUT=2048
WEIGHT_BUDGET_PARSE=PASS
WEIGHT_BUDGET_MIB=2048
WEIGHT_BUDGET_BYTES=2147483648
WEIGHT_BUDGET_SOURCE=ENV
WEIGHT_BUDGET_INPUT=2048
WEIGHT_BUDGET_PARSE=PASS
WEIGHT_BUDGET_MIB=2048
WEIGHT_BUDGET_BYTES=2147483648
WEIGHT_BUDGET_SOURCE=ENV
HEAP_OK_FINAL_NORM_BEFORE=1
FINAL_NORM_SRC_PTR=000001FA434C0060
FINAL_NORM_DST_PTR=000001FA434C0060
FINAL_NORM_WEIGHT_PTR=000001FA6C200000
FINAL_NORM_WEIGHT_SOURCE=HOST_MAPPED
FINAL_NORM_WEIGHT_FULFILLED=1
FINAL_NORM_WEIGHT_BYTES=12288
FINAL_NORM_WEIGHT_0=1.765625
FINAL_NORM_WEIGHT_1=1.75
FINAL_NORM_WEIGHT_2=1.5625
FINAL_NORM_WEIGHT_3=1.7734375
FINAL_NORM_WEIGHT_L2=91.4481258
FINAL_NORM_SUMSQ=1310.65071
FINAL_NORM_MEAN_SQ=0.426644111
FINAL_NORM_EPS=9.99999975e-06
FINAL_NORM_INV_RMS=1.53095353
FINAL_NORM_SRC_0=-0.0367341749
FINAL_NORM_DST_0=-0.0992957801
FINAL_NORM_AFTER_L2=90.9886918
HEAP_OK_FINAL_NORM_AFTER=1
WEIGHT_BUDGET_INPUT=2048
WEIGHT_BUDGET_PARSE=PASS
WEIGHT_BUDGET_MIB=2048
WEIGHT_BUDGET_BYTES=2147483648
WEIGHT_BUDGET_SOURCE=ENV
WEIGHT_BUDGET_INPUT=2048
WEIGHT_BUDGET_PARSE=PASS
WEIGHT_BUDGET_MIB=2048
WEIGHT_BUDGET_BYTES=2147483648
WEIGHT_BUDGET_SOURCE=ENV
WEIGHT_BUDGET_INPUT=2048
WEIGHT_BUDGET_PARSE=PASS
WEIGHT_BUDGET_MIB=2048
WEIGHT_BUDGET_BYTES=2147483648
WEIGHT_BUDGET_SOURCE=ENV
WEIGHT_BUDGET_INPUT=2048
WEIGHT_BUDGET_PARSE=PASS
WEIGHT_BUDGET_MIB=2048
WEIGHT_BUDGET_BYTES=2147483648
WEIGHT_BUDGET_SOURCE=ENV
WEIGHT_BUDGET_INPUT=2048
WEIGHT_BUDGET_PARSE=PASS
WEIGHT_BUDGET_MIB=2048
WEIGHT_BUDGET_BYTES=2147483648
WEIGHT_BUDGET_SOURCE=ENV
WEIGHT_BUDGET_INPUT=2048
WEIGHT_BUDGET_PARSE=PASS
WEIGHT_BUDGET_MIB=2048
WEIGHT_BUDGET_BYTES=2147483648
WEIGHT_BUDGET_SOURCE=ENV
WEIGHT_BUDGET_INPUT=2048
WEIGHT_BUDGET_PARSE=PASS
WEIGHT_BUDGET_MIB=2048
WEIGHT_BUDGET_BYTES=2147483648
WEIGHT_BUDGET_SOURCE=ENV
WEIGHT_BUDGET_INPUT=2048
WEIGHT_BUDGET_PARSE=PASS
WEIGHT_BUDGET_MIB=2048
WEIGHT_BUDGET_BYTES=2147483648
WEIGHT_BUDGET_SOURCE=ENV
WEIGHT_BUDGET_INPUT=2048
WEIGHT_BUDGET_PARSE=PASS
WEIGHT_BUDGET_MIB=2048
WEIGHT_BUDGET_BYTES=2147483648
WEIGHT_BUDGET_SOURCE=ENV
WEIGHT_BUDGET_INPUT=2048
WEIGHT_BUDGET_PARSE=PASS
WEIGHT_BUDGET_MIB=2048
WEIGHT_BUDGET_BYTES=2147483648
WEIGHT_BUDGET_SOURCE=ENV
WEIGHT_BUDGET_INPUT=2048
WEIGHT_BUDGET_PARSE=PASS
WEIGHT_BUDGET_MIB=2048
WEIGHT_BUDGET_BYTES=2147483648
WEIGHT_BUDGET_SOURCE=ENV
WEIGHT_BUDGET_INPUT=2048
WEIGHT_BUDGET_PARSE=PASS
WEIGHT_BUDGET_MIB=2048
WEIGHT_BUDGET_BYTES=2147483648
WEIGHT_BUDGET_SOURCE=ENV
WEIGHT_BUDGET_INPUT=2048
WEIGHT_BUDGET_PARSE=PASS
WEIGHT_BUDGET_MIB=2048
WEIGHT_BUDGET_BYTES=2147483648
WEIGHT_BUDGET_SOURCE=ENV
WEIGHT_BUDGET_INPUT=2048
WEIGHT_BUDGET_PARSE=PASS
WEIGHT_BUDGET_MIB=2048
WEIGHT_BUDGET_BYTES=2147483648
WEIGHT_BUDGET_SOURCE=ENV
WEIGHT_BUDGET_INPUT=2048
WEIGHT_BUDGET_PARSE=PASS
WEIGHT_BUDGET_MIB=2048
WEIGHT_BUDGET_BYTES=2147483648
WEIGHT_BUDGET_SOURCE=ENV
WEIGHT_BUDGET_INPUT=2048
WEIGHT_BUDGET_PARSE=PASS
WEIGHT_BUDGET_MIB=2048
WEIGHT_BUDGET_BYTES=2147483648
WEIGHT_BUDGET_SOURCE=ENV
WEIGHT_BUDGET_INPUT=2048
WEIGHT_BUDGET_PARSE=PASS
WEIGHT_BUDGET_MIB=2048
WEIGHT_BUDGET_BYTES=2147483648
WEIGHT_BUDGET_SOURCE=ENV
WEIGHT_BUDGET_INPUT=2048
WEIGHT_BUDGET_PARSE=PASS
WEIGHT_BUDGET_MIB=2048
WEIGHT_BUDGET_BYTES=2147483648
WEIGHT_BUDGET_SOURCE=ENV
WEIGHT_BUDGET_INPUT=2048
WEIGHT_BUDGET_PARSE=PASS
WEIGHT_BUDGET_MIB=2048
WEIGHT_BUDGET_BYTES=2147483648
WEIGHT_BUDGET_SOURCE=ENV
WEIGHT_BUDGET_INPUT=2048
WEIGHT_BUDGET_PARSE=PASS
WEIGHT_BUDGET_MIB=2048
WEIGHT_BUDGET_BYTES=2147483648
WEIGHT_BUDGET_SOURCE=ENV
WEIGHT_BUDGET_INPUT=2048
WEIGHT_BUDGET_PARSE=PASS
WEIGHT_BUDGET_MIB=2048
WEIGHT_BUDGET_BYTES=2147483648
WEIGHT_BUDGET_SOURCE=ENV
WEIGHT_BUDGET_INPUT=2048
WEIGHT_BUDGET_PARSE=PASS
WEIGHT_BUDGET_MIB=2048
WEIGHT_BUDGET_BYTES=2147483648
WEIGHT_BUDGET_SOURCE=ENV
WEIGHT_BUDGET_INPUT=2048
WEIGHT_BUDGET_PARSE=PASS
WEIGHT_BUDGET_MIB=2048
WEIGHT_BUDGET_BYTES=2147483648
WEIGHT_BUDGET_SOURCE=ENV
WEIGHT_BUDGET_INPUT=2048
WEIGHT_BUDGET_PARSE=PASS
WEIGHT_BUDGET_MIB=2048
WEIGHT_BUDGET_BYTES=2147483648
WEIGHT_BUDGET_SOURCE=ENV
WEIGHT_BUDGET_INPUT=2048
WEIGHT_BUDGET_PARSE=PASS
WEIGHT_BUDGET_MIB=2048
WEIGHT_BUDGET_BYTES=2147483648
WEIGHT_BUDGET_SOURCE=ENV
WEIGHT_BUDGET_INPUT=2048
WEIGHT_BUDGET_PARSE=PASS
WEIGHT_BUDGET_MIB=2048
WEIGHT_BUDGET_BYTES=2147483648
WEIGHT_BUDGET_SOURCE=ENV
WEIGHT_BUDGET_INPUT=2048
WEIGHT_BUDGET_PARSE=PASS
WEIGHT_BUDGET_MIB=2048
WEIGHT_BUDGET_BYTES=2147483648
WEIGHT_BUDGET_SOURCE=ENV
WEIGHT_BUDGET_INPUT=2048
WEIGHT_BUDGET_PARSE=PASS
WEIGHT_BUDGET_MIB=2048
WEIGHT_BUDGET_BYTES=2147483648
WEIGHT_BUDGET_SOURCE=ENV
WEIGHT_BUDGET_INPUT=2048
WEIGHT_BUDGET_PARSE=PASS
WEIGHT_BUDGET_MIB=2048
WEIGHT_BUDGET_BYTES=2147483648
WEIGHT_BUDGET_SOURCE=ENV
WEIGHT_BUDGET_INPUT=2048
WEIGHT_BUDGET_PARSE=PASS
WEIGHT_BUDGET_MIB=2048
WEIGHT_BUDGET_BYTES=2147483648
WEIGHT_BUDGET_SOURCE=ENV
HEAP_OK_FINAL_NORM_BEFORE=1
FINAL_NORM_SRC_PTR=000001FA434C3060
FINAL_NORM_DST_PTR=000001FA434C3060
FINAL_NORM_WEIGHT_PTR=000001FA6C200000
FINAL_NORM_WEIGHT_SOURCE=HOST_MAPPED
FINAL_NORM_WEIGHT_FULFILLED=1
FINAL_NORM_WEIGHT_BYTES=12288
FINAL_NORM_WEIGHT_0=1.765625
FINAL_NORM_WEIGHT_1=1.75
FINAL_NORM_WEIGHT_2=1.5625
FINAL_NORM_WEIGHT_3=1.7734375
FINAL_NORM_WEIGHT_L2=91.4481258
FINAL_NORM_SUMSQ=1796.18986
FINAL_NORM_MEAN_SQ=0.58469722
FINAL_NORM_EPS=9.99999975e-06
FINAL_NORM_INV_RMS=1.30776811
FINAL_NORM_SRC_0=0.301234841
FINAL_NORM_DST_0=0.69555968
FINAL_NORM_AFTER_L2=89.1705083
HEAP_OK_FINAL_NORM_AFTER=1
WEIGHT_BUDGET_INPUT=2048
WEIGHT_BUDGET_PARSE=PASS
WEIGHT_BUDGET_MIB=2048
WEIGHT_BUDGET_BYTES=2147483648
WEIGHT_BUDGET_SOURCE=ENV
WEIGHT_BUDGET_INPUT=2048
WEIGHT_BUDGET_PARSE=PASS
WEIGHT_BUDGET_MIB=2048
WEIGHT_BUDGET_BYTES=2147483648
WEIGHT_BUDGET_SOURCE=ENV
WEIGHT_BUDGET_INPUT=2048
WEIGHT_BUDGET_PARSE=PASS
WEIGHT_BUDGET_MIB=2048
WEIGHT_BUDGET_BYTES=2147483648
WEIGHT_BUDGET_SOURCE=ENV
WEIGHT_BUDGET_INPUT=2048
WEIGHT_BUDGET_PARSE=PASS
WEIGHT_BUDGET_MIB=2048
WEIGHT_BUDGET_BYTES=2147483648
WEIGHT_BUDGET_SOURCE=ENV
WEIGHT_BUDGET_INPUT=2048
WEIGHT_BUDGET_PARSE=PASS
WEIGHT_BUDGET_MIB=2048
WEIGHT_BUDGET_BYTES=2147483648
WEIGHT_BUDGET_SOURCE=ENV
WEIGHT_BUDGET_INPUT=2048
WEIGHT_BUDGET_PARSE=PASS
WEIGHT_BUDGET_MIB=2048
WEIGHT_BUDGET_BYTES=2147483648
WEIGHT_BUDGET_SOURCE=ENV
WEIGHT_BUDGET_INPUT=2048
WEIGHT_BUDGET_PARSE=PASS
WEIGHT_BUDGET_MIB=2048
WEIGHT_BUDGET_BYTES=2147483648
WEIGHT_BUDGET_SOURCE=ENV
WEIGHT_BUDGET_INPUT=2048
WEIGHT_BUDGET_PARSE=PASS
WEIGHT_BUDGET_MIB=2048
WEIGHT_BUDGET_BYTES=2147483648
WEIGHT_BUDGET_SOURCE=ENV
WEIGHT_BUDGET_INPUT=2048
WEIGHT_BUDGET_PARSE=PASS
WEIGHT_BUDGET_MIB=2048
WEIGHT_BUDGET_BYTES=2147483648
WEIGHT_BUDGET_SOURCE=ENV
WEIGHT_BUDGET_INPUT=2048
WEIGHT_BUDGET_PARSE=PASS
WEIGHT_BUDGET_MIB=2048
WEIGHT_BUDGET_BYTES=2147483648
WEIGHT_BUDGET_SOURCE=ENV
WEIGHT_BUDGET_INPUT=2048
WEIGHT_BUDGET_PARSE=PASS
WEIGHT_BUDGET_MIB=2048
WEIGHT_BUDGET_BYTES=2147483648
WEIGHT_BUDGET_SOURCE=ENV
WEIGHT_BUDGET_INPUT=2048
WEIGHT_BUDGET_PARSE=PASS
WEIGHT_BUDGET_MIB=2048
WEIGHT_BUDGET_BYTES=2147483648
WEIGHT_BUDGET_SOURCE=ENV
WEIGHT_BUDGET_INPUT=2048
WEIGHT_BUDGET_PARSE=PASS
WEIGHT_BUDGET_MIB=2048
WEIGHT_BUDGET_BYTES=2147483648
WEIGHT_BUDGET_SOURCE=ENV
WEIGHT_BUDGET_INPUT=2048
WEIGHT_BUDGET_PARSE=PASS
WEIGHT_BUDGET_MIB=2048
WEIGHT_BUDGET_BYTES=2147483648
WEIGHT_BUDGET_SOURCE=ENV
WEIGHT_BUDGET_INPUT=2048
WEIGHT_BUDGET_PARSE=PASS
WEIGHT_BUDGET_MIB=2048
WEIGHT_BUDGET_BYTES=2147483648
WEIGHT_BUDGET_SOURCE=ENV
WEIGHT_BUDGET_INPUT=2048
WEIGHT_BUDGET_PARSE=PASS
WEIGHT_BUDGET_MIB=2048
WEIGHT_BUDGET_BYTES=2147483648
WEIGHT_BUDGET_SOURCE=ENV
WEIGHT_BUDGET_INPUT=2048
WEIGHT_BUDGET_PARSE=PASS
WEIGHT_BUDGET_MIB=2048
WEIGHT_BUDGET_BYTES=2147483648
WEIGHT_BUDGET_SOURCE=ENV
WEIGHT_BUDGET_INPUT=2048
WEIGHT_BUDGET_PARSE=PASS
WEIGHT_BUDGET_MIB=2048
WEIGHT_BUDGET_BYTES=2147483648
WEIGHT_BUDGET_SOURCE=ENV
WEIGHT_BUDGET_INPUT=2048
WEIGHT_BUDGET_PARSE=PASS
WEIGHT_BUDGET_MIB=2048
WEIGHT_BUDGET_BYTES=2147483648
WEIGHT_BUDGET_SOURCE=ENV
WEIGHT_BUDGET_INPUT=2048
WEIGHT_BUDGET_PARSE=PASS
WEIGHT_BUDGET_MIB=2048
WEIGHT_BUDGET_BYTES=2147483648
WEIGHT_BUDGET_SOURCE=ENV
WEIGHT_BUDGET_INPUT=2048
WEIGHT_BUDGET_PARSE=PASS
WEIGHT_BUDGET_MIB=2048
WEIGHT_BUDGET_BYTES=2147483648
WEIGHT_BUDGET_SOURCE=ENV
WEIGHT_BUDGET_INPUT=2048
WEIGHT_BUDGET_PARSE=PASS
WEIGHT_BUDGET_MIB=2048
WEIGHT_BUDGET_BYTES=2147483648
WEIGHT_BUDGET_SOURCE=ENV
WEIGHT_BUDGET_INPUT=2048
WEIGHT_BUDGET_PARSE=PASS
WEIGHT_BUDGET_MIB=2048
WEIGHT_BUDGET_BYTES=2147483648
WEIGHT_BUDGET_SOURCE=ENV
WEIGHT_BUDGET_INPUT=2048
WEIGHT_BUDGET_PARSE=PASS
WEIGHT_BUDGET_MIB=2048
WEIGHT_BUDGET_BYTES=2147483648
WEIGHT_BUDGET_SOURCE=ENV
WEIGHT_BUDGET_INPUT=2048
WEIGHT_BUDGET_PARSE=PASS
WEIGHT_BUDGET_MIB=2048
WEIGHT_BUDGET_BYTES=2147483648
WEIGHT_BUDGET_SOURCE=ENV
WEIGHT_BUDGET_INPUT=2048
WEIGHT_BUDGET_PARSE=PASS
WEIGHT_BUDGET_MIB=2048
WEIGHT_BUDGET_BYTES=2147483648
WEIGHT_BUDGET_SOURCE=ENV
WEIGHT_BUDGET_INPUT=2048
WEIGHT_BUDGET_PARSE=PASS
WEIGHT_BUDGET_MIB=2048
WEIGHT_BUDGET_BYTES=2147483648
WEIGHT_BUDGET_SOURCE=ENV
WEIGHT_BUDGET_INPUT=2048
WEIGHT_BUDGET_PARSE=PASS
WEIGHT_BUDGET_MIB=2048
WEIGHT_BUDGET_BYTES=2147483648
WEIGHT_BUDGET_SOURCE=ENV
WEIGHT_BUDGET_INPUT=2048
WEIGHT_BUDGET_PARSE=PASS
WEIGHT_BUDGET_MIB=2048
WEIGHT_BUDGET_BYTES=2147483648
WEIGHT_BUDGET_SOURCE=ENV
WEIGHT_BUDGET_INPUT=2048
WEIGHT_BUDGET_PARSE=PASS
WEIGHT_BUDGET_MIB=2048
WEIGHT_BUDGET_BYTES=2147483648
WEIGHT_BUDGET_SOURCE=ENV
HEAP_OK_FINAL_NORM_BEFORE=1
FINAL_NORM_SRC_PTR=000001FA434C6060
FINAL_NORM_DST_PTR=000001FA434C6060
FINAL_NORM_WEIGHT_PTR=000001FA6C200000
FINAL_NORM_WEIGHT_SOURCE=HOST_MAPPED
FINAL_NORM_WEIGHT_FULFILLED=1
FINAL_NORM_WEIGHT_BYTES=12288
FINAL_NORM_WEIGHT_0=1.765625
FINAL_NORM_WEIGHT_1=1.75
FINAL_NORM_WEIGHT_2=1.5625
FINAL_NORM_WEIGHT_3=1.7734375
FINAL_NORM_WEIGHT_L2=91.4481258
FINAL_NORM_SUMSQ=1537.69332
FINAL_NORM_MEAN_SQ=0.500551212
FINAL_NORM_EPS=9.99999975e-06
FINAL_NORM_INV_RMS=1.41342056
FINAL_NORM_SRC_0=-0.0863811076
FINAL_NORM_DST_0=-0.215570167
FINAL_NORM_AFTER_L2=88.9841422
HEAP_OK_FINAL_NORM_AFTER=1
WEIGHT_BUDGET_INPUT=2048
WEIGHT_BUDGET_PARSE=PASS
WEIGHT_BUDGET_MIB=2048
WEIGHT_BUDGET_BYTES=2147483648
WEIGHT_BUDGET_SOURCE=ENV
WEIGHT_BUDGET_INPUT=2048
WEIGHT_BUDGET_PARSE=PASS
WEIGHT_BUDGET_MIB=2048
WEIGHT_BUDGET_BYTES=2147483648
WEIGHT_BUDGET_SOURCE=ENV
WEIGHT_BUDGET_INPUT=2048
WEIGHT_BUDGET_PARSE=PASS
WEIGHT_BUDGET_MIB=2048
WEIGHT_BUDGET_BYTES=2147483648
WEIGHT_BUDGET_SOURCE=ENV
WEIGHT_BUDGET_INPUT=2048
WEIGHT_BUDGET_PARSE=PASS
WEIGHT_BUDGET_MIB=2048
WEIGHT_BUDGET_BYTES=2147483648
WEIGHT_BUDGET_SOURCE=ENV
WEIGHT_BUDGET_INPUT=2048
WEIGHT_BUDGET_PARSE=PASS
WEIGHT_BUDGET_MIB=2048
WEIGHT_BUDGET_BYTES=2147483648
WEIGHT_BUDGET_SOURCE=ENV
WEIGHT_BUDGET_INPUT=2048
WEIGHT_BUDGET_PARSE=PASS
WEIGHT_BUDGET_MIB=2048
WEIGHT_BUDGET_BYTES=2147483648
WEIGHT_BUDGET_SOURCE=ENV
WEIGHT_BUDGET_INPUT=2048
WEIGHT_BUDGET_PARSE=PASS
WEIGHT_BUDGET_MIB=2048
WEIGHT_BUDGET_BYTES=2147483648
WEIGHT_BUDGET_SOURCE=ENV
WEIGHT_BUDGET_INPUT=2048
WEIGHT_BUDGET_PARSE=PASS
WEIGHT_BUDGET_MIB=2048
WEIGHT_BUDGET_BYTES=2147483648
WEIGHT_BUDGET_SOURCE=ENV
WEIGHT_BUDGET_INPUT=2048
WEIGHT_BUDGET_PARSE=PASS
WEIGHT_BUDGET_MIB=2048
WEIGHT_BUDGET_BYTES=2147483648
WEIGHT_BUDGET_SOURCE=ENV
WEIGHT_BUDGET_INPUT=2048
WEIGHT_BUDGET_PARSE=PASS
WEIGHT_BUDGET_MIB=2048
WEIGHT_BUDGET_BYTES=2147483648
WEIGHT_BUDGET_SOURCE=ENV
WEIGHT_BUDGET_INPUT=2048
WEIGHT_BUDGET_PARSE=PASS
WEIGHT_BUDGET_MIB=2048
WEIGHT_BUDGET_BYTES=2147483648
WEIGHT_BUDGET_SOURCE=ENV
WEIGHT_BUDGET_INPUT=2048
WEIGHT_BUDGET_PARSE=PASS
WEIGHT_BUDGET_MIB=2048
WEIGHT_BUDGET_BYTES=2147483648
WEIGHT_BUDGET_SOURCE=ENV
WEIGHT_BUDGET_INPUT=2048
WEIGHT_BUDGET_PARSE=PASS
WEIGHT_BUDGET_MIB=2048
WEIGHT_BUDGET_BYTES=2147483648
WEIGHT_BUDGET_SOURCE=ENV
WEIGHT_BUDGET_INPUT=2048
WEIGHT_BUDGET_PARSE=PASS
WEIGHT_BUDGET_MIB=2048
WEIGHT_BUDGET_BYTES=2147483648
WEIGHT_BUDGET_SOURCE=ENV
WEIGHT_BUDGET_INPUT=2048
WEIGHT_BUDGET_PARSE=PASS
WEIGHT_BUDGET_MIB=2048
WEIGHT_BUDGET_BYTES=2147483648
WEIGHT_BUDGET_SOURCE=ENV
WEIGHT_BUDGET_INPUT=2048
WEIGHT_BUDGET_PARSE=PASS
WEIGHT_BUDGET_MIB=2048
WEIGHT_BUDGET_BYTES=2147483648
WEIGHT_BUDGET_SOURCE=ENV
WEIGHT_BUDGET_INPUT=2048
WEIGHT_BUDGET_PARSE=PASS
WEIGHT_BUDGET_MIB=2048
WEIGHT_BUDGET_BYTES=2147483648
WEIGHT_BUDGET_SOURCE=ENV
WEIGHT_BUDGET_INPUT=2048
WEIGHT_BUDGET_PARSE=PASS
WEIGHT_BUDGET_MIB=2048
WEIGHT_BUDGET_BYTES=2147483648
WEIGHT_BUDGET_SOURCE=ENV
WEIGHT_BUDGET_INPUT=2048
WEIGHT_BUDGET_PARSE=PASS
WEIGHT_BUDGET_MIB=2048
WEIGHT_BUDGET_BYTES=2147483648
WEIGHT_BUDGET_SOURCE=ENV
WEIGHT_BUDGET_INPUT=2048
WEIGHT_BUDGET_PARSE=PASS
WEIGHT_BUDGET_MIB=2048
WEIGHT_BUDGET_BYTES=2147483648
WEIGHT_BUDGET_SOURCE=ENV
WEIGHT_BUDGET_INPUT=2048
WEIGHT_BUDGET_PARSE=PASS
WEIGHT_BUDGET_MIB=2048
WEIGHT_BUDGET_BYTES=2147483648
WEIGHT_BUDGET_SOURCE=ENV
WEIGHT_BUDGET_INPUT=2048
WEIGHT_BUDGET_PARSE=PASS
WEIGHT_BUDGET_MIB=2048
WEIGHT_BUDGET_BYTES=2147483648
WEIGHT_BUDGET_SOURCE=ENV
WEIGHT_BUDGET_INPUT=2048
WEIGHT_BUDGET_PARSE=PASS
WEIGHT_BUDGET_MIB=2048
WEIGHT_BUDGET_BYTES=2147483648
WEIGHT_BUDGET_SOURCE=ENV
WEIGHT_BUDGET_INPUT=2048
WEIGHT_BUDGET_PARSE=PASS
WEIGHT_BUDGET_MIB=2048
WEIGHT_BUDGET_BYTES=2147483648
WEIGHT_BUDGET_SOURCE=ENV
WEIGHT_BUDGET_INPUT=2048
WEIGHT_BUDGET_PARSE=PASS
WEIGHT_BUDGET_MIB=2048
WEIGHT_BUDGET_BYTES=2147483648
WEIGHT_BUDGET_SOURCE=ENV
WEIGHT_BUDGET_INPUT=2048
WEIGHT_BUDGET_PARSE=PASS
WEIGHT_BUDGET_MIB=2048
WEIGHT_BUDGET_BYTES=2147483648
WEIGHT_BUDGET_SOURCE=ENV
WEIGHT_BUDGET_INPUT=2048
WEIGHT_BUDGET_PARSE=PASS
WEIGHT_BUDGET_MIB=2048
WEIGHT_BUDGET_BYTES=2147483648
WEIGHT_BUDGET_SOURCE=ENV
WEIGHT_BUDGET_INPUT=2048
WEIGHT_BUDGET_PARSE=PASS
WEIGHT_BUDGET_MIB=2048
WEIGHT_BUDGET_BYTES=2147483648
WEIGHT_BUDGET_SOURCE=ENV
WEIGHT_BUDGET_INPUT=2048
WEIGHT_BUDGET_PARSE=PASS
WEIGHT_BUDGET_MIB=2048
WEIGHT_BUDGET_BYTES=2147483648
WEIGHT_BUDGET_SOURCE=ENV
WEIGHT_BUDGET_INPUT=2048
WEIGHT_BUDGET_PARSE=PASS
WEIGHT_BUDGET_MIB=2048
WEIGHT_BUDGET_BYTES=2147483648
WEIGHT_BUDGET_SOURCE=ENV
HEAP_OK_FINAL_NORM_BEFORE=1
FINAL_NORM_SRC_PTR=000001FA434C9060
FINAL_NORM_DST_PTR=000001FA434C9060
FINAL_NORM_WEIGHT_PTR=000001FA6C200000
FINAL_NORM_WEIGHT_SOURCE=HOST_MAPPED
FINAL_NORM_WEIGHT_FULFILLED=1
FINAL_NORM_WEIGHT_BYTES=12288
FINAL_NORM_WEIGHT_0=1.765625
FINAL_NORM_WEIGHT_1=1.75
FINAL_NORM_WEIGHT_2=1.5625
FINAL_NORM_WEIGHT_3=1.7734375
FINAL_NORM_WEIGHT_L2=91.4481258
FINAL_NORM_SUMSQ=1217.9235
FINAL_NORM_MEAN_SQ=0.396459474
FINAL_NORM_EPS=9.99999975e-06
FINAL_NORM_INV_RMS=1.58816314
FINAL_NORM_SRC_0=0.31085372
FINAL_NORM_DST_0=0.871665061
FINAL_NORM_AFTER_L2=88.1104913
HEAP_OK_FINAL_NORM_AFTER=1
WEIGHT_BUDGET_INPUT=2048
WEIGHT_BUDGET_PARSE=PASS
WEIGHT_BUDGET_MIB=2048
WEIGHT_BUDGET_BYTES=2147483648
WEIGHT_BUDGET_SOURCE=ENV
WEIGHT_BUDGET_INPUT=2048
WEIGHT_BUDGET_PARSE=PASS
WEIGHT_BUDGET_MIB=2048
WEIGHT_BUDGET_BYTES=2147483648
WEIGHT_BUDGET_SOURCE=ENV
WEIGHT_BUDGET_INPUT=2048
WEIGHT_BUDGET_PARSE=PASS
WEIGHT_BUDGET_MIB=2048
WEIGHT_BUDGET_BYTES=2147483648
WEIGHT_BUDGET_SOURCE=ENV
WEIGHT_BUDGET_INPUT=2048
WEIGHT_BUDGET_PARSE=PASS
WEIGHT_BUDGET_MIB=2048
WEIGHT_BUDGET_BYTES=2147483648
WEIGHT_BUDGET_SOURCE=ENV
WEIGHT_BUDGET_INPUT=2048
WEIGHT_BUDGET_PARSE=PASS
WEIGHT_BUDGET_MIB=2048
WEIGHT_BUDGET_BYTES=2147483648
WEIGHT_BUDGET_SOURCE=ENV
WEIGHT_BUDGET_INPUT=2048
WEIGHT_BUDGET_PARSE=PASS
WEIGHT_BUDGET_MIB=2048
WEIGHT_BUDGET_BYTES=2147483648
WEIGHT_BUDGET_SOURCE=ENV
WEIGHT_BUDGET_INPUT=2048
WEIGHT_BUDGET_PARSE=PASS
WEIGHT_BUDGET_MIB=2048
WEIGHT_BUDGET_BYTES=2147483648
WEIGHT_BUDGET_SOURCE=ENV
WEIGHT_BUDGET_INPUT=2048
WEIGHT_BUDGET_PARSE=PASS
WEIGHT_BUDGET_MIB=2048
WEIGHT_BUDGET_BYTES=2147483648
WEIGHT_BUDGET_SOURCE=ENV
WEIGHT_BUDGET_INPUT=2048
WEIGHT_BUDGET_PARSE=PASS
WEIGHT_BUDGET_MIB=2048
WEIGHT_BUDGET_BYTES=2147483648
WEIGHT_BUDGET_SOURCE=ENV
WEIGHT_BUDGET_INPUT=2048
WEIGHT_BUDGET_PARSE=PASS
WEIGHT_BUDGET_MIB=2048
WEIGHT_BUDGET_BYTES=2147483648
WEIGHT_BUDGET_SOURCE=ENV
WEIGHT_BUDGET_INPUT=2048
WEIGHT_BUDGET_PARSE=PASS
WEIGHT_BUDGET_MIB=2048
WEIGHT_BUDGET_BYTES=2147483648
WEIGHT_BUDGET_SOURCE=ENV
WEIGHT_BUDGET_INPUT=2048
WEIGHT_BUDGET_PARSE=PASS
WEIGHT_BUDGET_MIB=2048
WEIGHT_BUDGET_BYTES=2147483648
WEIGHT_BUDGET_SOURCE=ENV
WEIGHT_BUDGET_INPUT=2048
WEIGHT_BUDGET_PARSE=PASS
WEIGHT_BUDGET_MIB=2048
WEIGHT_BUDGET_BYTES=2147483648
WEIGHT_BUDGET_SOURCE=ENV
WEIGHT_BUDGET_INPUT=2048
WEIGHT_BUDGET_PARSE=PASS
WEIGHT_BUDGET_MIB=2048
WEIGHT_BUDGET_BYTES=2147483648
WEIGHT_BUDGET_SOURCE=ENV
WEIGHT_BUDGET_INPUT=2048
WEIGHT_BUDGET_PARSE=PASS
WEIGHT_BUDGET_MIB=2048
WEIGHT_BUDGET_BYTES=2147483648
WEIGHT_BUDGET_SOURCE=ENV
WEIGHT_BUDGET_INPUT=2048
WEIGHT_BUDGET_PARSE=PASS
WEIGHT_BUDGET_MIB=2048
WEIGHT_BUDGET_BYTES=2147483648
WEIGHT_BUDGET_SOURCE=ENV
WEIGHT_BUDGET_INPUT=2048
WEIGHT_BUDGET_PARSE=PASS
WEIGHT_BUDGET_MIB=2048
WEIGHT_BUDGET_BYTES=2147483648
WEIGHT_BUDGET_SOURCE=ENV
WEIGHT_BUDGET_INPUT=2048
WEIGHT_BUDGET_PARSE=PASS
WEIGHT_BUDGET_MIB=2048
WEIGHT_BUDGET_BYTES=2147483648
WEIGHT_BUDGET_SOURCE=ENV
WEIGHT_BUDGET_INPUT=2048
WEIGHT_BUDGET_PARSE=PASS
WEIGHT_BUDGET_MIB=2048
WEIGHT_BUDGET_BYTES=2147483648
WEIGHT_BUDGET_SOURCE=ENV
WEIGHT_BUDGET_INPUT=2048
WEIGHT_BUDGET_PARSE=PASS
WEIGHT_BUDGET_MIB=2048
WEIGHT_BUDGET_BYTES=2147483648
WEIGHT_BUDGET_SOURCE=ENV
WEIGHT_BUDGET_INPUT=2048
WEIGHT_BUDGET_PARSE=PASS
WEIGHT_BUDGET_MIB=2048
WEIGHT_BUDGET_BYTES=2147483648
WEIGHT_BUDGET_SOURCE=ENV
WEIGHT_BUDGET_INPUT=2048
WEIGHT_BUDGET_PARSE=PASS
WEIGHT_BUDGET_MIB=2048
WEIGHT_BUDGET_BYTES=2147483648
WEIGHT_BUDGET_SOURCE=ENV
WEIGHT_BUDGET_INPUT=2048
WEIGHT_BUDGET_PARSE=PASS
WEIGHT_BUDGET_MIB=2048
WEIGHT_BUDGET_BYTES=2147483648
WEIGHT_BUDGET_SOURCE=ENV
WEIGHT_BUDGET_INPUT=2048
WEIGHT_BUDGET_PARSE=PASS
WEIGHT_BUDGET_MIB=2048
WEIGHT_BUDGET_BYTES=2147483648
WEIGHT_BUDGET_SOURCE=ENV
WEIGHT_BUDGET_INPUT=2048
WEIGHT_BUDGET_PARSE=PASS
WEIGHT_BUDGET_MIB=2048
WEIGHT_BUDGET_BYTES=2147483648
WEIGHT_BUDGET_SOURCE=ENV
WEIGHT_BUDGET_INPUT=2048
WEIGHT_BUDGET_PARSE=PASS
WEIGHT_BUDGET_MIB=2048
WEIGHT_BUDGET_BYTES=2147483648
WEIGHT_BUDGET_SOURCE=ENV
WEIGHT_BUDGET_INPUT=2048
WEIGHT_BUDGET_PARSE=PASS
WEIGHT_BUDGET_MIB=2048
WEIGHT_BUDGET_BYTES=2147483648
WEIGHT_BUDGET_SOURCE=ENV
WEIGHT_BUDGET_INPUT=2048
WEIGHT_BUDGET_PARSE=PASS
WEIGHT_BUDGET_MIB=2048
WEIGHT_BUDGET_BYTES=2147483648
WEIGHT_BUDGET_SOURCE=ENV
WEIGHT_BUDGET_INPUT=2048
WEIGHT_BUDGET_PARSE=PASS
WEIGHT_BUDGET_MIB=2048
WEIGHT_BUDGET_BYTES=2147483648
WEIGHT_BUDGET_SOURCE=ENV
WEIGHT_BUDGET_INPUT=2048
WEIGHT_BUDGET_PARSE=PASS
WEIGHT_BUDGET_MIB=2048
WEIGHT_BUDGET_BYTES=2147483648
WEIGHT_BUDGET_SOURCE=ENV
HEAP_OK_FINAL_NORM_BEFORE=1
FINAL_NORM_SRC_PTR=000001FA434CC060
FINAL_NORM_DST_PTR=000001FA434CC060
FINAL_NORM_WEIGHT_PTR=000001FA6C200000
FINAL_NORM_WEIGHT_SOURCE=HOST_MAPPED
FINAL_NORM_WEIGHT_FULFILLED=1
FINAL_NORM_WEIGHT_BYTES=12288
FINAL_NORM_WEIGHT_0=1.765625
FINAL_NORM_WEIGHT_1=1.75
FINAL_NORM_WEIGHT_2=1.5625
FINAL_NORM_WEIGHT_3=1.7734375
FINAL_NORM_WEIGHT_L2=91.4481258
FINAL_NORM_SUMSQ=1461.01376
FINAL_NORM_MEAN_SQ=0.475590418
FINAL_NORM_EPS=9.99999975e-06
FINAL_NORM_INV_RMS=1.45003629
FINAL_NORM_SRC_0=0.653247893
FINAL_NORM_DST_0=1.67245853
FINAL_NORM_AFTER_L2=86.2829768
HEAP_OK_FINAL_NORM_AFTER=1
WEIGHT_BUDGET_INPUT=2048
WEIGHT_BUDGET_PARSE=PASS
WEIGHT_BUDGET_MIB=2048
WEIGHT_BUDGET_BYTES=2147483648
WEIGHT_BUDGET_SOURCE=ENV
WEIGHT_BUDGET_INPUT=2048
WEIGHT_BUDGET_PARSE=PASS
WEIGHT_BUDGET_MIB=2048
WEIGHT_BUDGET_BYTES=2147483648
WEIGHT_BUDGET_SOURCE=ENV
WEIGHT_BUDGET_INPUT=2048
WEIGHT_BUDGET_PARSE=PASS
WEIGHT_BUDGET_MIB=2048
WEIGHT_BUDGET_BYTES=2147483648
WEIGHT_BUDGET_SOURCE=ENV
WEIGHT_BUDGET_INPUT=2048
WEIGHT_BUDGET_PARSE=PASS
WEIGHT_BUDGET_MIB=2048
WEIGHT_BUDGET_BYTES=2147483648
WEIGHT_BUDGET_SOURCE=ENV
WEIGHT_BUDGET_INPUT=2048
WEIGHT_BUDGET_PARSE=PASS
WEIGHT_BUDGET_MIB=2048
WEIGHT_BUDGET_BYTES=2147483648
WEIGHT_BUDGET_SOURCE=ENV
WEIGHT_BUDGET_INPUT=2048
WEIGHT_BUDGET_PARSE=PASS
WEIGHT_BUDGET_MIB=2048
WEIGHT_BUDGET_BYTES=2147483648
WEIGHT_BUDGET_SOURCE=ENV
WEIGHT_BUDGET_INPUT=2048
WEIGHT_BUDGET_PARSE=PASS
WEIGHT_BUDGET_MIB=2048
WEIGHT_BUDGET_BYTES=2147483648
WEIGHT_BUDGET_SOURCE=ENV
WEIGHT_BUDGET_INPUT=2048
WEIGHT_BUDGET_PARSE=PASS
WEIGHT_BUDGET_MIB=2048
WEIGHT_BUDGET_BYTES=2147483648
WEIGHT_BUDGET_SOURCE=ENV
WEIGHT_BUDGET_INPUT=2048
WEIGHT_BUDGET_PARSE=PASS
WEIGHT_BUDGET_MIB=2048
WEIGHT_BUDGET_BYTES=2147483648
WEIGHT_BUDGET_SOURCE=ENV
WEIGHT_BUDGET_INPUT=2048
WEIGHT_BUDGET_PARSE=PASS
WEIGHT_BUDGET_MIB=2048
WEIGHT_BUDGET_BYTES=2147483648
WEIGHT_BUDGET_SOURCE=ENV
WEIGHT_BUDGET_INPUT=2048
WEIGHT_BUDGET_PARSE=PASS
WEIGHT_BUDGET_MIB=2048
WEIGHT_BUDGET_BYTES=2147483648
WEIGHT_BUDGET_SOURCE=ENV
WEIGHT_BUDGET_INPUT=2048
WEIGHT_BUDGET_PARSE=PASS
WEIGHT_BUDGET_MIB=2048
WEIGHT_BUDGET_BYTES=2147483648
WEIGHT_BUDGET_SOURCE=ENV
WEIGHT_BUDGET_INPUT=2048
WEIGHT_BUDGET_PARSE=PASS
WEIGHT_BUDGET_MIB=2048
WEIGHT_BUDGET_BYTES=2147483648
WEIGHT_BUDGET_SOURCE=ENV
WEIGHT_BUDGET_INPUT=2048
WEIGHT_BUDGET_PARSE=PASS
WEIGHT_BUDGET_MIB=2048
WEIGHT_BUDGET_BYTES=2147483648
WEIGHT_BUDGET_SOURCE=ENV
WEIGHT_BUDGET_INPUT=2048
WEIGHT_BUDGET_PARSE=PASS
WEIGHT_BUDGET_MIB=2048
WEIGHT_BUDGET_BYTES=2147483648
WEIGHT_BUDGET_SOURCE=ENV
WEIGHT_BUDGET_INPUT=2048
WEIGHT_BUDGET_PARSE=PASS
WEIGHT_BUDGET_MIB=2048
WEIGHT_BUDGET_BYTES=2147483648
WEIGHT_BUDGET_SOURCE=ENV
WEIGHT_BUDGET_INPUT=2048
WEIGHT_BUDGET_PARSE=PASS
WEIGHT_BUDGET_MIB=2048
WEIGHT_BUDGET_BYTES=2147483648
WEIGHT_BUDGET_SOURCE=ENV
WEIGHT_BUDGET_INPUT=2048
WEIGHT_BUDGET_PARSE=PASS
WEIGHT_BUDGET_MIB=2048
WEIGHT_BUDGET_BYTES=2147483648
WEIGHT_BUDGET_SOURCE=ENV
WEIGHT_BUDGET_INPUT=2048
WEIGHT_BUDGET_PARSE=PASS
WEIGHT_BUDGET_MIB=2048
WEIGHT_BUDGET_BYTES=2147483648
WEIGHT_BUDGET_SOURCE=ENV
WEIGHT_BUDGET_INPUT=2048
WEIGHT_BUDGET_PARSE=PASS
WEIGHT_BUDGET_MIB=2048
WEIGHT_BUDGET_BYTES=2147483648
WEIGHT_BUDGET_SOURCE=ENV
WEIGHT_BUDGET_INPUT=2048
WEIGHT_BUDGET_PARSE=PASS
WEIGHT_BUDGET_MIB=2048
WEIGHT_BUDGET_BYTES=2147483648
WEIGHT_BUDGET_SOURCE=ENV
WEIGHT_BUDGET_INPUT=2048
WEIGHT_BUDGET_PARSE=PASS
WEIGHT_BUDGET_MIB=2048
WEIGHT_BUDGET_BYTES=2147483648
WEIGHT_BUDGET_SOURCE=ENV
WEIGHT_BUDGET_INPUT=2048
WEIGHT_BUDGET_PARSE=PASS
WEIGHT_BUDGET_MIB=2048
WEIGHT_BUDGET_BYTES=2147483648
WEIGHT_BUDGET_SOURCE=ENV
WEIGHT_BUDGET_INPUT=2048
WEIGHT_BUDGET_PARSE=PASS
WEIGHT_BUDGET_MIB=2048
WEIGHT_BUDGET_BYTES=2147483648
WEIGHT_BUDGET_SOURCE=ENV
WEIGHT_BUDGET_INPUT=2048
WEIGHT_BUDGET_PARSE=PASS
WEIGHT_BUDGET_MIB=2048
WEIGHT_BUDGET_BYTES=2147483648
WEIGHT_BUDGET_SOURCE=ENV
WEIGHT_BUDGET_INPUT=2048
WEIGHT_BUDGET_PARSE=PASS
WEIGHT_BUDGET_MIB=2048
WEIGHT_BUDGET_BYTES=2147483648
WEIGHT_BUDGET_SOURCE=ENV
WEIGHT_BUDGET_INPUT=2048
WEIGHT_BUDGET_PARSE=PASS
WEIGHT_BUDGET_MIB=2048
WEIGHT_BUDGET_BYTES=2147483648
WEIGHT_BUDGET_SOURCE=ENV
WEIGHT_BUDGET_INPUT=2048
WEIGHT_BUDGET_PARSE=PASS
WEIGHT_BUDGET_MIB=2048
WEIGHT_BUDGET_BYTES=2147483648
WEIGHT_BUDGET_SOURCE=ENV
WEIGHT_BUDGET_INPUT=2048
WEIGHT_BUDGET_PARSE=PASS
WEIGHT_BUDGET_MIB=2048
WEIGHT_BUDGET_BYTES=2147483648
WEIGHT_BUDGET_SOURCE=ENV
WEIGHT_BUDGET_INPUT=2048
WEIGHT_BUDGET_PARSE=PASS
WEIGHT_BUDGET_MIB=2048
WEIGHT_BUDGET_BYTES=2147483648
WEIGHT_BUDGET_SOURCE=ENV
HEAP_OK_FINAL_NORM_BEFORE=1
FINAL_NORM_SRC_PTR=000001FA434CF060
FINAL_NORM_DST_PTR=000001FA434CF060
FINAL_NORM_WEIGHT_PTR=000001FA6C200000
FINAL_NORM_WEIGHT_SOURCE=HOST_MAPPED
FINAL_NORM_WEIGHT_FULFILLED=1
FINAL_NORM_WEIGHT_BYTES=12288
FINAL_NORM_WEIGHT_0=1.765625
FINAL_NORM_WEIGHT_1=1.75
FINAL_NORM_WEIGHT_2=1.5625
FINAL_NORM_WEIGHT_3=1.7734375
FINAL_NORM_WEIGHT_L2=91.4481258
FINAL_NORM_SUMSQ=1421.45674
FINAL_NORM_MEAN_SQ=0.462713783
FINAL_NORM_EPS=9.99999975e-06
FINAL_NORM_INV_RMS=1.47007358
FINAL_NORM_SRC_0=-0.170562118
FINAL_NORM_DST_0=-0.442710787
FINAL_NORM_AFTER_L2=90.4613934
HEAP_OK_FINAL_NORM_AFTER=1
WEIGHT_BUDGET_INPUT=2048
WEIGHT_BUDGET_PARSE=PASS
WEIGHT_BUDGET_MIB=2048
WEIGHT_BUDGET_BYTES=2147483648
WEIGHT_BUDGET_SOURCE=ENV
WEIGHT_BUDGET_INPUT=2048
WEIGHT_BUDGET_PARSE=PASS
WEIGHT_BUDGET_MIB=2048
WEIGHT_BUDGET_BYTES=2147483648
WEIGHT_BUDGET_SOURCE=ENV
WEIGHT_BUDGET_INPUT=2048
WEIGHT_BUDGET_PARSE=PASS
WEIGHT_BUDGET_MIB=2048
WEIGHT_BUDGET_BYTES=2147483648
WEIGHT_BUDGET_SOURCE=ENV
WEIGHT_BUDGET_INPUT=2048
WEIGHT_BUDGET_PARSE=PASS
WEIGHT_BUDGET_MIB=2048
WEIGHT_BUDGET_BYTES=2147483648
WEIGHT_BUDGET_SOURCE=ENV
WEIGHT_BUDGET_INPUT=2048
WEIGHT_BUDGET_PARSE=PASS
WEIGHT_BUDGET_MIB=2048
WEIGHT_BUDGET_BYTES=2147483648
WEIGHT_BUDGET_SOURCE=ENV
WEIGHT_BUDGET_INPUT=2048
WEIGHT_BUDGET_PARSE=PASS
WEIGHT_BUDGET_MIB=2048
WEIGHT_BUDGET_BYTES=2147483648
WEIGHT_BUDGET_SOURCE=ENV
WEIGHT_BUDGET_INPUT=2048
WEIGHT_BUDGET_PARSE=PASS
WEIGHT_BUDGET_MIB=2048
WEIGHT_BUDGET_BYTES=2147483648
WEIGHT_BUDGET_SOURCE=ENV
WEIGHT_BUDGET_INPUT=2048
WEIGHT_BUDGET_PARSE=PASS
WEIGHT_BUDGET_MIB=2048
WEIGHT_BUDGET_BYTES=2147483648
WEIGHT_BUDGET_SOURCE=ENV
WEIGHT_BUDGET_INPUT=2048
WEIGHT_BUDGET_PARSE=PASS
WEIGHT_BUDGET_MIB=2048
WEIGHT_BUDGET_BYTES=2147483648
WEIGHT_BUDGET_SOURCE=ENV
WEIGHT_BUDGET_INPUT=2048
WEIGHT_BUDGET_PARSE=PASS
WEIGHT_BUDGET_MIB=2048
WEIGHT_BUDGET_BYTES=2147483648
WEIGHT_BUDGET_SOURCE=ENV
WEIGHT_BUDGET_INPUT=2048
WEIGHT_BUDGET_PARSE=PASS
WEIGHT_BUDGET_MIB=2048
WEIGHT_BUDGET_BYTES=2147483648
WEIGHT_BUDGET_SOURCE=ENV
WEIGHT_BUDGET_INPUT=2048
WEIGHT_BUDGET_PARSE=PASS
WEIGHT_BUDGET_MIB=2048
WEIGHT_BUDGET_BYTES=2147483648
WEIGHT_BUDGET_SOURCE=ENV
WEIGHT_BUDGET_INPUT=2048
WEIGHT_BUDGET_PARSE=PASS
WEIGHT_BUDGET_MIB=2048
WEIGHT_BUDGET_BYTES=2147483648
WEIGHT_BUDGET_SOURCE=ENV
WEIGHT_BUDGET_INPUT=2048
WEIGHT_BUDGET_PARSE=PASS
WEIGHT_BUDGET_MIB=2048
WEIGHT_BUDGET_BYTES=2147483648
WEIGHT_BUDGET_SOURCE=ENV
WEIGHT_BUDGET_INPUT=2048
WEIGHT_BUDGET_PARSE=PASS
WEIGHT_BUDGET_MIB=2048
WEIGHT_BUDGET_BYTES=2147483648
WEIGHT_BUDGET_SOURCE=ENV
WEIGHT_BUDGET_INPUT=2048
WEIGHT_BUDGET_PARSE=PASS
WEIGHT_BUDGET_MIB=2048
WEIGHT_BUDGET_BYTES=2147483648
WEIGHT_BUDGET_SOURCE=ENV
WEIGHT_BUDGET_INPUT=2048
WEIGHT_BUDGET_PARSE=PASS
WEIGHT_BUDGET_MIB=2048
WEIGHT_BUDGET_BYTES=2147483648
WEIGHT_BUDGET_SOURCE=ENV
WEIGHT_BUDGET_INPUT=2048
WEIGHT_BUDGET_PARSE=PASS
WEIGHT_BUDGET_MIB=2048
WEIGHT_BUDGET_BYTES=2147483648
WEIGHT_BUDGET_SOURCE=ENV
WEIGHT_BUDGET_INPUT=2048
WEIGHT_BUDGET_PARSE=PASS
WEIGHT_BUDGET_MIB=2048
WEIGHT_BUDGET_BYTES=2147483648
WEIGHT_BUDGET_SOURCE=ENV
WEIGHT_BUDGET_INPUT=2048
WEIGHT_BUDGET_PARSE=PASS
WEIGHT_BUDGET_MIB=2048
WEIGHT_BUDGET_BYTES=2147483648
WEIGHT_BUDGET_SOURCE=ENV
WEIGHT_BUDGET_INPUT=2048
WEIGHT_BUDGET_PARSE=PASS
WEIGHT_BUDGET_MIB=2048
WEIGHT_BUDGET_BYTES=2147483648
WEIGHT_BUDGET_SOURCE=ENV
WEIGHT_BUDGET_INPUT=2048
WEIGHT_BUDGET_PARSE=PASS
WEIGHT_BUDGET_MIB=2048
WEIGHT_BUDGET_BYTES=2147483648
WEIGHT_BUDGET_SOURCE=ENV
WEIGHT_BUDGET_INPUT=2048
WEIGHT_BUDGET_PARSE=PASS
WEIGHT_BUDGET_MIB=2048
WEIGHT_BUDGET_BYTES=2147483648
WEIGHT_BUDGET_SOURCE=ENV
WEIGHT_BUDGET_INPUT=2048
WEIGHT_BUDGET_PARSE=PASS
WEIGHT_BUDGET_MIB=2048
WEIGHT_BUDGET_BYTES=2147483648
WEIGHT_BUDGET_SOURCE=ENV
WEIGHT_BUDGET_INPUT=2048
WEIGHT_BUDGET_PARSE=PASS
WEIGHT_BUDGET_MIB=2048
WEIGHT_BUDGET_BYTES=2147483648
WEIGHT_BUDGET_SOURCE=ENV
WEIGHT_BUDGET_INPUT=2048
WEIGHT_BUDGET_PARSE=PASS
WEIGHT_BUDGET_MIB=2048
WEIGHT_BUDGET_BYTES=2147483648
WEIGHT_BUDGET_SOURCE=ENV
WEIGHT_BUDGET_INPUT=2048
WEIGHT_BUDGET_PARSE=PASS
WEIGHT_BUDGET_MIB=2048
WEIGHT_BUDGET_BYTES=2147483648
WEIGHT_BUDGET_SOURCE=ENV
WEIGHT_BUDGET_INPUT=2048
WEIGHT_BUDGET_PARSE=PASS
WEIGHT_BUDGET_MIB=2048
WEIGHT_BUDGET_BYTES=2147483648
WEIGHT_BUDGET_SOURCE=ENV
WEIGHT_BUDGET_INPUT=2048
WEIGHT_BUDGET_PARSE=PASS
WEIGHT_BUDGET_MIB=2048
WEIGHT_BUDGET_BYTES=2147483648
WEIGHT_BUDGET_SOURCE=ENV
WEIGHT_BUDGET_INPUT=2048
WEIGHT_BUDGET_PARSE=PASS
WEIGHT_BUDGET_MIB=2048
WEIGHT_BUDGET_BYTES=2147483648
WEIGHT_BUDGET_SOURCE=ENV
HEAP_OK_FINAL_NORM_BEFORE=1
FINAL_NORM_SRC_PTR=000001FA434D2060
FINAL_NORM_DST_PTR=000001FA434D2060
FINAL_NORM_WEIGHT_PTR=000001FA6C200000
FINAL_NORM_WEIGHT_SOURCE=HOST_MAPPED
FINAL_NORM_WEIGHT_FULFILLED=1
FINAL_NORM_WEIGHT_BYTES=12288
FINAL_NORM_WEIGHT_0=1.765625
FINAL_NORM_WEIGHT_1=1.75
FINAL_NORM_WEIGHT_2=1.5625
FINAL_NORM_WEIGHT_3=1.7734375
FINAL_NORM_WEIGHT_L2=91.4481258
FINAL_NORM_SUMSQ=1455.63615
FINAL_NORM_MEAN_SQ=0.473839892
FINAL_NORM_EPS=9.99999975e-06
FINAL_NORM_INV_RMS=1.4527123
FINAL_NORM_SRC_0=-0.0779343992
FINAL_NORM_DST_0=-0.199897453
FINAL_NORM_AFTER_L2=88.9268938
HEAP_OK_FINAL_NORM_AFTER=1
WEIGHT_BUDGET_INPUT=2048
WEIGHT_BUDGET_PARSE=PASS
WEIGHT_BUDGET_MIB=2048
WEIGHT_BUDGET_BYTES=2147483648
WEIGHT_BUDGET_SOURCE=ENV
WEIGHT_BUDGET_INPUT=2048
WEIGHT_BUDGET_PARSE=PASS
WEIGHT_BUDGET_MIB=2048
WEIGHT_BUDGET_BYTES=2147483648
WEIGHT_BUDGET_SOURCE=ENV
WEIGHT_BUDGET_INPUT=2048
WEIGHT_BUDGET_PARSE=PASS
WEIGHT_BUDGET_MIB=2048
WEIGHT_BUDGET_BYTES=2147483648
WEIGHT_BUDGET_SOURCE=ENV
WEIGHT_BUDGET_INPUT=2048
WEIGHT_BUDGET_PARSE=PASS
WEIGHT_BUDGET_MIB=2048
WEIGHT_BUDGET_BYTES=2147483648
WEIGHT_BUDGET_SOURCE=ENV
WEIGHT_BUDGET_INPUT=2048
WEIGHT_BUDGET_PARSE=PASS
WEIGHT_BUDGET_MIB=2048
WEIGHT_BUDGET_BYTES=2147483648
WEIGHT_BUDGET_SOURCE=ENV
WEIGHT_BUDGET_INPUT=2048
WEIGHT_BUDGET_PARSE=PASS
WEIGHT_BUDGET_MIB=2048
WEIGHT_BUDGET_BYTES=2147483648
WEIGHT_BUDGET_SOURCE=ENV
WEIGHT_BUDGET_INPUT=2048
WEIGHT_BUDGET_PARSE=PASS
WEIGHT_BUDGET_MIB=2048
WEIGHT_BUDGET_BYTES=2147483648
WEIGHT_BUDGET_SOURCE=ENV
WEIGHT_BUDGET_INPUT=2048
WEIGHT_BUDGET_PARSE=PASS
WEIGHT_BUDGET_MIB=2048
WEIGHT_BUDGET_BYTES=2147483648
WEIGHT_BUDGET_SOURCE=ENV
WEIGHT_BUDGET_INPUT=2048
WEIGHT_BUDGET_PARSE=PASS
WEIGHT_BUDGET_MIB=2048
WEIGHT_BUDGET_BYTES=2147483648
WEIGHT_BUDGET_SOURCE=ENV
WEIGHT_BUDGET_INPUT=2048
WEIGHT_BUDGET_PARSE=PASS
WEIGHT_BUDGET_MIB=2048
WEIGHT_BUDGET_BYTES=2147483648
WEIGHT_BUDGET_SOURCE=ENV
WEIGHT_BUDGET_INPUT=2048
WEIGHT_BUDGET_PARSE=PASS
WEIGHT_BUDGET_MIB=2048
WEIGHT_BUDGET_BYTES=2147483648
WEIGHT_BUDGET_SOURCE=ENV
WEIGHT_BUDGET_INPUT=2048
WEIGHT_BUDGET_PARSE=PASS
WEIGHT_BUDGET_MIB=2048
WEIGHT_BUDGET_BYTES=2147483648
WEIGHT_BUDGET_SOURCE=ENV
WEIGHT_BUDGET_INPUT=2048
WEIGHT_BUDGET_PARSE=PASS
WEIGHT_BUDGET_MIB=2048
WEIGHT_BUDGET_BYTES=2147483648
WEIGHT_BUDGET_SOURCE=ENV
WEIGHT_BUDGET_INPUT=2048
WEIGHT_BUDGET_PARSE=PASS
WEIGHT_BUDGET_MIB=2048
WEIGHT_BUDGET_BYTES=2147483648
WEIGHT_BUDGET_SOURCE=ENV
WEIGHT_BUDGET_INPUT=2048
WEIGHT_BUDGET_PARSE=PASS
WEIGHT_BUDGET_MIB=2048
WEIGHT_BUDGET_BYTES=2147483648
WEIGHT_BUDGET_SOURCE=ENV
WEIGHT_BUDGET_INPUT=2048
WEIGHT_BUDGET_PARSE=PASS
WEIGHT_BUDGET_MIB=2048
WEIGHT_BUDGET_BYTES=2147483648
WEIGHT_BUDGET_SOURCE=ENV
WEIGHT_BUDGET_INPUT=2048
WEIGHT_BUDGET_PARSE=PASS
WEIGHT_BUDGET_MIB=2048
WEIGHT_BUDGET_BYTES=2147483648
WEIGHT_BUDGET_SOURCE=ENV
WEIGHT_BUDGET_INPUT=2048
WEIGHT_BUDGET_PARSE=PASS
WEIGHT_BUDGET_MIB=2048
WEIGHT_BUDGET_BYTES=2147483648
WEIGHT_BUDGET_SOURCE=ENV
WEIGHT_BUDGET_INPUT=2048
WEIGHT_BUDGET_PARSE=PASS
WEIGHT_BUDGET_MIB=2048
WEIGHT_BUDGET_BYTES=2147483648
WEIGHT_BUDGET_SOURCE=ENV
WEIGHT_BUDGET_INPUT=2048
WEIGHT_BUDGET_PARSE=PASS
WEIGHT_BUDGET_MIB=2048
WEIGHT_BUDGET_BYTES=2147483648
WEIGHT_BUDGET_SOURCE=ENV
WEIGHT_BUDGET_INPUT=2048
WEIGHT_BUDGET_PARSE=PASS
WEIGHT_BUDGET_MIB=2048
WEIGHT_BUDGET_BYTES=2147483648
WEIGHT_BUDGET_SOURCE=ENV
WEIGHT_BUDGET_INPUT=2048
WEIGHT_BUDGET_PARSE=PASS
WEIGHT_BUDGET_MIB=2048
WEIGHT_BUDGET_BYTES=2147483648
WEIGHT_BUDGET_SOURCE=ENV
WEIGHT_BUDGET_INPUT=2048
WEIGHT_BUDGET_PARSE=PASS
WEIGHT_BUDGET_MIB=2048
WEIGHT_BUDGET_BYTES=2147483648
WEIGHT_BUDGET_SOURCE=ENV
WEIGHT_BUDGET_INPUT=2048
WEIGHT_BUDGET_PARSE=PASS
WEIGHT_BUDGET_MIB=2048
WEIGHT_BUDGET_BYTES=2147483648
WEIGHT_BUDGET_SOURCE=ENV
WEIGHT_BUDGET_INPUT=2048
WEIGHT_BUDGET_PARSE=PASS
WEIGHT_BUDGET_MIB=2048
WEIGHT_BUDGET_BYTES=2147483648
WEIGHT_BUDGET_SOURCE=ENV
WEIGHT_BUDGET_INPUT=2048
WEIGHT_BUDGET_PARSE=PASS
WEIGHT_BUDGET_MIB=2048
WEIGHT_BUDGET_BYTES=2147483648
WEIGHT_BUDGET_SOURCE=ENV
WEIGHT_BUDGET_INPUT=2048
WEIGHT_BUDGET_PARSE=PASS
WEIGHT_BUDGET_MIB=2048
WEIGHT_BUDGET_BYTES=2147483648
WEIGHT_BUDGET_SOURCE=ENV
WEIGHT_BUDGET_INPUT=2048
WEIGHT_BUDGET_PARSE=PASS
WEIGHT_BUDGET_MIB=2048
WEIGHT_BUDGET_BYTES=2147483648
WEIGHT_BUDGET_SOURCE=ENV
WEIGHT_BUDGET_INPUT=2048
WEIGHT_BUDGET_PARSE=PASS
WEIGHT_BUDGET_MIB=2048
WEIGHT_BUDGET_BYTES=2147483648
WEIGHT_BUDGET_SOURCE=ENV
WEIGHT_BUDGET_INPUT=2048
WEIGHT_BUDGET_PARSE=PASS
WEIGHT_BUDGET_MIB=2048
WEIGHT_BUDGET_BYTES=2147483648
WEIGHT_BUDGET_SOURCE=ENV
HEAP_OK_FINAL_NORM_BEFORE=1
FINAL_NORM_SRC_PTR=000001FA434D5060
FINAL_NORM_DST_PTR=000001FA434D5060
FINAL_NORM_WEIGHT_PTR=000001FA6C200000
FINAL_NORM_WEIGHT_SOURCE=HOST_MAPPED
FINAL_NORM_WEIGHT_FULFILLED=1
FINAL_NORM_WEIGHT_BYTES=12288
FINAL_NORM_WEIGHT_0=1.765625
FINAL_NORM_WEIGHT_1=1.75
FINAL_NORM_WEIGHT_2=1.5625
FINAL_NORM_WEIGHT_3=1.7734375
FINAL_NORM_WEIGHT_L2=91.4481258
FINAL_NORM_SUMSQ=2149.25999
FINAL_NORM_MEAN_SQ=0.699628902
FINAL_NORM_EPS=9.99999975e-06
FINAL_NORM_INV_RMS=1.19553697
FINAL_NORM_SRC_0=0.332438409
FINAL_NORM_DST_0=0.701734245
FINAL_NORM_AFTER_L2=86.8016864
HEAP_OK_FINAL_NORM_AFTER=1
WEIGHT_BUDGET_INPUT=2048
WEIGHT_BUDGET_PARSE=PASS
WEIGHT_BUDGET_MIB=2048
WEIGHT_BUDGET_BYTES=2147483648
WEIGHT_BUDGET_SOURCE=ENV
WEIGHT_BUDGET_INPUT=2048
WEIGHT_BUDGET_PARSE=PASS
WEIGHT_BUDGET_MIB=2048
WEIGHT_BUDGET_BYTES=2147483648
WEIGHT_BUDGET_SOURCE=ENV
WEIGHT_BUDGET_INPUT=2048
WEIGHT_BUDGET_PARSE=PASS
WEIGHT_BUDGET_MIB=2048
WEIGHT_BUDGET_BYTES=2147483648
WEIGHT_BUDGET_SOURCE=ENV
WEIGHT_BUDGET_INPUT=2048
WEIGHT_BUDGET_PARSE=PASS
WEIGHT_BUDGET_MIB=2048
WEIGHT_BUDGET_BYTES=2147483648
WEIGHT_BUDGET_SOURCE=ENV
WEIGHT_BUDGET_INPUT=2048
WEIGHT_BUDGET_PARSE=PASS
WEIGHT_BUDGET_MIB=2048
WEIGHT_BUDGET_BYTES=2147483648
WEIGHT_BUDGET_SOURCE=ENV
WEIGHT_BUDGET_INPUT=2048
WEIGHT_BUDGET_PARSE=PASS
WEIGHT_BUDGET_MIB=2048
WEIGHT_BUDGET_BYTES=2147483648
WEIGHT_BUDGET_SOURCE=ENV
WEIGHT_BUDGET_INPUT=2048
WEIGHT_BUDGET_PARSE=PASS
WEIGHT_BUDGET_MIB=2048
WEIGHT_BUDGET_BYTES=2147483648
WEIGHT_BUDGET_SOURCE=ENV
WEIGHT_BUDGET_INPUT=2048
WEIGHT_BUDGET_PARSE=PASS
WEIGHT_BUDGET_MIB=2048
WEIGHT_BUDGET_BYTES=2147483648
WEIGHT_BUDGET_SOURCE=ENV
WEIGHT_BUDGET_INPUT=2048
WEIGHT_BUDGET_PARSE=PASS
WEIGHT_BUDGET_MIB=2048
WEIGHT_BUDGET_BYTES=2147483648
WEIGHT_BUDGET_SOURCE=ENV
WEIGHT_BUDGET_INPUT=2048
WEIGHT_BUDGET_PARSE=PASS
WEIGHT_BUDGET_MIB=2048
WEIGHT_BUDGET_BYTES=2147483648
WEIGHT_BUDGET_SOURCE=ENV
WEIGHT_BUDGET_INPUT=2048
WEIGHT_BUDGET_PARSE=PASS
WEIGHT_BUDGET_MIB=2048
WEIGHT_BUDGET_BYTES=2147483648
WEIGHT_BUDGET_SOURCE=ENV
WEIGHT_BUDGET_INPUT=2048
WEIGHT_BUDGET_PARSE=PASS
WEIGHT_BUDGET_MIB=2048
WEIGHT_BUDGET_BYTES=2147483648
WEIGHT_BUDGET_SOURCE=ENV
WEIGHT_BUDGET_INPUT=2048
WEIGHT_BUDGET_PARSE=PASS
WEIGHT_BUDGET_MIB=2048
WEIGHT_BUDGET_BYTES=2147483648
WEIGHT_BUDGET_SOURCE=ENV
WEIGHT_BUDGET_INPUT=2048
WEIGHT_BUDGET_PARSE=PASS
WEIGHT_BUDGET_MIB=2048
WEIGHT_BUDGET_BYTES=2147483648
WEIGHT_BUDGET_SOURCE=ENV
WEIGHT_BUDGET_INPUT=2048
WEIGHT_BUDGET_PARSE=PASS
WEIGHT_BUDGET_MIB=2048
WEIGHT_BUDGET_BYTES=2147483648
WEIGHT_BUDGET_SOURCE=ENV
WEIGHT_BUDGET_INPUT=2048
WEIGHT_BUDGET_PARSE=PASS
WEIGHT_BUDGET_MIB=2048
WEIGHT_BUDGET_BYTES=2147483648
WEIGHT_BUDGET_SOURCE=ENV
WEIGHT_BUDGET_INPUT=2048
WEIGHT_BUDGET_PARSE=PASS
WEIGHT_BUDGET_MIB=2048
WEIGHT_BUDGET_BYTES=2147483648
WEIGHT_BUDGET_SOURCE=ENV
WEIGHT_BUDGET_INPUT=2048
WEIGHT_BUDGET_PARSE=PASS
WEIGHT_BUDGET_MIB=2048
WEIGHT_BUDGET_BYTES=2147483648
WEIGHT_BUDGET_SOURCE=ENV
WEIGHT_BUDGET_INPUT=2048
WEIGHT_BUDGET_PARSE=PASS
WEIGHT_BUDGET_MIB=2048
WEIGHT_BUDGET_BYTES=2147483648
WEIGHT_BUDGET_SOURCE=ENV
WEIGHT_BUDGET_INPUT=2048
WEIGHT_BUDGET_PARSE=PASS
WEIGHT_BUDGET_MIB=2048
WEIGHT_BUDGET_BYTES=2147483648
WEIGHT_BUDGET_SOURCE=ENV
WEIGHT_BUDGET_INPUT=2048
WEIGHT_BUDGET_PARSE=PASS
WEIGHT_BUDGET_MIB=2048
WEIGHT_BUDGET_BYTES=2147483648
WEIGHT_BUDGET_SOURCE=ENV
WEIGHT_BUDGET_INPUT=2048
WEIGHT_BUDGET_PARSE=PASS
WEIGHT_BUDGET_MIB=2048
WEIGHT_BUDGET_BYTES=2147483648
WEIGHT_BUDGET_SOURCE=ENV
WEIGHT_BUDGET_INPUT=2048
WEIGHT_BUDGET_PARSE=PASS
WEIGHT_BUDGET_MIB=2048
WEIGHT_BUDGET_BYTES=2147483648
WEIGHT_BUDGET_SOURCE=ENV
WEIGHT_BUDGET_INPUT=2048
WEIGHT_BUDGET_PARSE=PASS
WEIGHT_BUDGET_MIB=2048
WEIGHT_BUDGET_BYTES=2147483648
WEIGHT_BUDGET_SOURCE=ENV
WEIGHT_BUDGET_INPUT=2048
WEIGHT_BUDGET_PARSE=PASS
WEIGHT_BUDGET_MIB=2048
WEIGHT_BUDGET_BYTES=2147483648
WEIGHT_BUDGET_SOURCE=ENV
WEIGHT_BUDGET_INPUT=2048
WEIGHT_BUDGET_PARSE=PASS
WEIGHT_BUDGET_MIB=2048
WEIGHT_BUDGET_BYTES=2147483648
WEIGHT_BUDGET_SOURCE=ENV
WEIGHT_BUDGET_INPUT=2048
WEIGHT_BUDGET_PARSE=PASS
WEIGHT_BUDGET_MIB=2048
WEIGHT_BUDGET_BYTES=2147483648
WEIGHT_BUDGET_SOURCE=ENV
WEIGHT_BUDGET_INPUT=2048
WEIGHT_BUDGET_PARSE=PASS
WEIGHT_BUDGET_MIB=2048
WEIGHT_BUDGET_BYTES=2147483648
WEIGHT_BUDGET_SOURCE=ENV
WEIGHT_BUDGET_INPUT=2048
WEIGHT_BUDGET_PARSE=PASS
WEIGHT_BUDGET_MIB=2048
WEIGHT_BUDGET_BYTES=2147483648
WEIGHT_BUDGET_SOURCE=ENV
WEIGHT_BUDGET_INPUT=2048
WEIGHT_BUDGET_PARSE=PASS
WEIGHT_BUDGET_MIB=2048
WEIGHT_BUDGET_BYTES=2147483648
WEIGHT_BUDGET_SOURCE=ENV
HEAP_OK_FINAL_NORM_BEFORE=1
FINAL_NORM_SRC_PTR=000001FA434D8060
FINAL_NORM_DST_PTR=000001FA434D8060
FINAL_NORM_WEIGHT_PTR=000001FA6C200000
FINAL_NORM_WEIGHT_SOURCE=HOST_MAPPED
FINAL_NORM_WEIGHT_FULFILLED=1
FINAL_NORM_WEIGHT_BYTES=12288
FINAL_NORM_WEIGHT_0=1.765625
FINAL_NORM_WEIGHT_1=1.75
FINAL_NORM_WEIGHT_2=1.5625
FINAL_NORM_WEIGHT_3=1.7734375
FINAL_NORM_WEIGHT_L2=91.4481258
FINAL_NORM_SUMSQ=3401.98828
FINAL_NORM_MEAN_SQ=1.10741806
FINAL_NORM_EPS=9.99999975e-06
FINAL_NORM_INV_RMS=0.950259507
FINAL_NORM_SRC_0=-0.773463368
FINAL_NORM_DST_0=-1.29771829
FINAL_NORM_AFTER_L2=79.0427568
HEAP_OK_FINAL_NORM_AFTER=1
WEIGHT_BUDGET_INPUT=2048
WEIGHT_BUDGET_PARSE=PASS
WEIGHT_BUDGET_MIB=2048
WEIGHT_BUDGET_BYTES=2147483648
WEIGHT_BUDGET_SOURCE=ENV
WEIGHT_BUDGET_INPUT=2048
WEIGHT_BUDGET_PARSE=PASS
WEIGHT_BUDGET_MIB=2048
WEIGHT_BUDGET_BYTES=2147483648
WEIGHT_BUDGET_SOURCE=ENV
WEIGHT_BUDGET_INPUT=2048
WEIGHT_BUDGET_PARSE=PASS
WEIGHT_BUDGET_MIB=2048
WEIGHT_BUDGET_BYTES=2147483648
WEIGHT_BUDGET_SOURCE=ENV
WEIGHT_BUDGET_INPUT=2048
WEIGHT_BUDGET_PARSE=PASS
WEIGHT_BUDGET_MIB=2048
WEIGHT_BUDGET_BYTES=2147483648
WEIGHT_BUDGET_SOURCE=ENV
WEIGHT_BUDGET_INPUT=2048
WEIGHT_BUDGET_PARSE=PASS
WEIGHT_BUDGET_MIB=2048
WEIGHT_BUDGET_BYTES=2147483648
WEIGHT_BUDGET_SOURCE=ENV
WEIGHT_BUDGET_INPUT=2048
WEIGHT_BUDGET_PARSE=PASS
WEIGHT_BUDGET_MIB=2048
WEIGHT_BUDGET_BYTES=2147483648
WEIGHT_BUDGET_SOURCE=ENV
WEIGHT_BUDGET_INPUT=2048
WEIGHT_BUDGET_PARSE=PASS
WEIGHT_BUDGET_MIB=2048
WEIGHT_BUDGET_BYTES=2147483648
WEIGHT_BUDGET_SOURCE=ENV
WEIGHT_BUDGET_INPUT=2048
WEIGHT_BUDGET_PARSE=PASS
WEIGHT_BUDGET_MIB=2048
WEIGHT_BUDGET_BYTES=2147483648
WEIGHT_BUDGET_SOURCE=ENV
WEIGHT_BUDGET_INPUT=2048
WEIGHT_BUDGET_PARSE=PASS
WEIGHT_BUDGET_MIB=2048
WEIGHT_BUDGET_BYTES=2147483648
WEIGHT_BUDGET_SOURCE=ENV
WEIGHT_BUDGET_INPUT=2048
WEIGHT_BUDGET_PARSE=PASS
WEIGHT_BUDGET_MIB=2048
WEIGHT_BUDGET_BYTES=2147483648
WEIGHT_BUDGET_SOURCE=ENV
WEIGHT_BUDGET_INPUT=2048
WEIGHT_BUDGET_PARSE=PASS
WEIGHT_BUDGET_MIB=2048
WEIGHT_BUDGET_BYTES=2147483648
WEIGHT_BUDGET_SOURCE=ENV
WEIGHT_BUDGET_INPUT=2048
WEIGHT_BUDGET_PARSE=PASS
WEIGHT_BUDGET_MIB=2048
WEIGHT_BUDGET_BYTES=2147483648
WEIGHT_BUDGET_SOURCE=ENV
WEIGHT_BUDGET_INPUT=2048
WEIGHT_BUDGET_PARSE=PASS
WEIGHT_BUDGET_MIB=2048
WEIGHT_BUDGET_BYTES=2147483648
WEIGHT_BUDGET_SOURCE=ENV
WEIGHT_BUDGET_INPUT=2048
WEIGHT_BUDGET_PARSE=PASS
WEIGHT_BUDGET_MIB=2048
WEIGHT_BUDGET_BYTES=2147483648
WEIGHT_BUDGET_SOURCE=ENV
WEIGHT_BUDGET_INPUT=2048
WEIGHT_BUDGET_PARSE=PASS
WEIGHT_BUDGET_MIB=2048
WEIGHT_BUDGET_BYTES=2147483648
WEIGHT_BUDGET_SOURCE=ENV
WEIGHT_BUDGET_INPUT=2048
WEIGHT_BUDGET_PARSE=PASS
WEIGHT_BUDGET_MIB=2048
WEIGHT_BUDGET_BYTES=2147483648
WEIGHT_BUDGET_SOURCE=ENV
WEIGHT_BUDGET_INPUT=2048
WEIGHT_BUDGET_PARSE=PASS
WEIGHT_BUDGET_MIB=2048
WEIGHT_BUDGET_BYTES=2147483648
WEIGHT_BUDGET_SOURCE=ENV
WEIGHT_BUDGET_INPUT=2048
WEIGHT_BUDGET_PARSE=PASS
WEIGHT_BUDGET_MIB=2048
WEIGHT_BUDGET_BYTES=2147483648
WEIGHT_BUDGET_SOURCE=ENV
WEIGHT_BUDGET_INPUT=2048
WEIGHT_BUDGET_PARSE=PASS
WEIGHT_BUDGET_MIB=2048
WEIGHT_BUDGET_BYTES=2147483648
WEIGHT_BUDGET_SOURCE=ENV
WEIGHT_BUDGET_INPUT=2048
WEIGHT_BUDGET_PARSE=PASS
WEIGHT_BUDGET_MIB=2048
WEIGHT_BUDGET_BYTES=2147483648
WEIGHT_BUDGET_SOURCE=ENV
WEIGHT_BUDGET_INPUT=2048
WEIGHT_BUDGET_PARSE=PASS
WEIGHT_BUDGET_MIB=2048
WEIGHT_BUDGET_BYTES=2147483648
WEIGHT_BUDGET_SOURCE=ENV
WEIGHT_BUDGET_INPUT=2048
WEIGHT_BUDGET_PARSE=PASS
WEIGHT_BUDGET_MIB=2048
WEIGHT_BUDGET_BYTES=2147483648
WEIGHT_BUDGET_SOURCE=ENV
WEIGHT_BUDGET_INPUT=2048
WEIGHT_BUDGET_PARSE=PASS
WEIGHT_BUDGET_MIB=2048
WEIGHT_BUDGET_BYTES=2147483648
WEIGHT_BUDGET_SOURCE=ENV
WEIGHT_BUDGET_INPUT=2048
WEIGHT_BUDGET_PARSE=PASS
WEIGHT_BUDGET_MIB=2048
WEIGHT_BUDGET_BYTES=2147483648
WEIGHT_BUDGET_SOURCE=ENV
WEIGHT_BUDGET_INPUT=2048
WEIGHT_BUDGET_PARSE=PASS
WEIGHT_BUDGET_MIB=2048
WEIGHT_BUDGET_BYTES=2147483648
WEIGHT_BUDGET_SOURCE=ENV
WEIGHT_BUDGET_INPUT=2048
WEIGHT_BUDGET_PARSE=PASS
WEIGHT_BUDGET_MIB=2048
WEIGHT_BUDGET_BYTES=2147483648
WEIGHT_BUDGET_SOURCE=ENV
WEIGHT_BUDGET_INPUT=2048
WEIGHT_BUDGET_PARSE=PASS
WEIGHT_BUDGET_MIB=2048
WEIGHT_BUDGET_BYTES=2147483648
WEIGHT_BUDGET_SOURCE=ENV
WEIGHT_BUDGET_INPUT=2048
WEIGHT_BUDGET_PARSE=PASS
WEIGHT_BUDGET_MIB=2048
WEIGHT_BUDGET_BYTES=2147483648
WEIGHT_BUDGET_SOURCE=ENV
WEIGHT_BUDGET_INPUT=2048
WEIGHT_BUDGET_PARSE=PASS
WEIGHT_BUDGET_MIB=2048
WEIGHT_BUDGET_BYTES=2147483648
WEIGHT_BUDGET_SOURCE=ENV
WEIGHT_BUDGET_INPUT=2048
WEIGHT_BUDGET_PARSE=PASS
WEIGHT_BUDGET_MIB=2048
WEIGHT_BUDGET_BYTES=2147483648
WEIGHT_BUDGET_SOURCE=ENV
HEAP_OK_FINAL_NORM_BEFORE=1
FINAL_NORM_SRC_PTR=000001FA434DB060
FINAL_NORM_DST_PTR=000001FA434DB060
FINAL_NORM_WEIGHT_PTR=000001FA6C200000
FINAL_NORM_WEIGHT_SOURCE=HOST_MAPPED
FINAL_NORM_WEIGHT_FULFILLED=1
FINAL_NORM_WEIGHT_BYTES=12288
FINAL_NORM_WEIGHT_0=1.765625
FINAL_NORM_WEIGHT_1=1.75
FINAL_NORM_WEIGHT_2=1.5625
FINAL_NORM_WEIGHT_3=1.7734375
FINAL_NORM_WEIGHT_L2=91.4481258
FINAL_NORM_SUMSQ=1251.42508
FINAL_NORM_MEAN_SQ=0.407364935
FINAL_NORM_EPS=9.99999975e-06
FINAL_NORM_INV_RMS=1.56676137
FINAL_NORM_SRC_0=-1.27373886
FINAL_NORM_DST_0=-3.52356029
FINAL_NORM_AFTER_L2=90.0845257
HEAP_OK_FINAL_NORM_AFTER=1
WEIGHT_BUDGET_INPUT=2048
WEIGHT_BUDGET_PARSE=PASS
WEIGHT_BUDGET_MIB=2048
WEIGHT_BUDGET_BYTES=2147483648
WEIGHT_BUDGET_SOURCE=ENV
WEIGHT_BUDGET_INPUT=2048
WEIGHT_BUDGET_PARSE=PASS
WEIGHT_BUDGET_MIB=2048
WEIGHT_BUDGET_BYTES=2147483648
WEIGHT_BUDGET_SOURCE=ENV
WEIGHT_BUDGET_INPUT=2048
WEIGHT_BUDGET_PARSE=PASS
WEIGHT_BUDGET_MIB=2048
WEIGHT_BUDGET_BYTES=2147483648
WEIGHT_BUDGET_SOURCE=ENV
WEIGHT_BUDGET_INPUT=2048
WEIGHT_BUDGET_PARSE=PASS
WEIGHT_BUDGET_MIB=2048
WEIGHT_BUDGET_BYTES=2147483648
WEIGHT_BUDGET_SOURCE=ENV
WEIGHT_BUDGET_INPUT=2048
WEIGHT_BUDGET_PARSE=PASS
WEIGHT_BUDGET_MIB=2048
WEIGHT_BUDGET_BYTES=2147483648
WEIGHT_BUDGET_SOURCE=ENV
WEIGHT_BUDGET_INPUT=2048
WEIGHT_BUDGET_PARSE=PASS
WEIGHT_BUDGET_MIB=2048
WEIGHT_BUDGET_BYTES=2147483648
WEIGHT_BUDGET_SOURCE=ENV
WEIGHT_BUDGET_INPUT=2048
WEIGHT_BUDGET_PARSE=PASS
WEIGHT_BUDGET_MIB=2048
WEIGHT_BUDGET_BYTES=2147483648
WEIGHT_BUDGET_SOURCE=ENV
WEIGHT_BUDGET_INPUT=2048
WEIGHT_BUDGET_PARSE=PASS
WEIGHT_BUDGET_MIB=2048
WEIGHT_BUDGET_BYTES=2147483648
WEIGHT_BUDGET_SOURCE=ENV
WEIGHT_BUDGET_INPUT=2048
WEIGHT_BUDGET_PARSE=PASS
WEIGHT_BUDGET_MIB=2048
WEIGHT_BUDGET_BYTES=2147483648
WEIGHT_BUDGET_SOURCE=ENV
WEIGHT_BUDGET_INPUT=2048
WEIGHT_BUDGET_PARSE=PASS
WEIGHT_BUDGET_MIB=2048
WEIGHT_BUDGET_BYTES=2147483648
WEIGHT_BUDGET_SOURCE=ENV
WEIGHT_BUDGET_INPUT=2048
WEIGHT_BUDGET_PARSE=PASS
WEIGHT_BUDGET_MIB=2048
WEIGHT_BUDGET_BYTES=2147483648
WEIGHT_BUDGET_SOURCE=ENV
WEIGHT_BUDGET_INPUT=2048
WEIGHT_BUDGET_PARSE=PASS
WEIGHT_BUDGET_MIB=2048
WEIGHT_BUDGET_BYTES=2147483648
WEIGHT_BUDGET_SOURCE=ENV
WEIGHT_BUDGET_INPUT=2048
WEIGHT_BUDGET_PARSE=PASS
WEIGHT_BUDGET_MIB=2048
WEIGHT_BUDGET_BYTES=2147483648
WEIGHT_BUDGET_SOURCE=ENV
WEIGHT_BUDGET_INPUT=2048
WEIGHT_BUDGET_PARSE=PASS
WEIGHT_BUDGET_MIB=2048
WEIGHT_BUDGET_BYTES=2147483648
WEIGHT_BUDGET_SOURCE=ENV
WEIGHT_BUDGET_INPUT=2048
WEIGHT_BUDGET_PARSE=PASS
WEIGHT_BUDGET_MIB=2048
WEIGHT_BUDGET_BYTES=2147483648
WEIGHT_BUDGET_SOURCE=ENV
WEIGHT_BUDGET_INPUT=2048
WEIGHT_BUDGET_PARSE=PASS
WEIGHT_BUDGET_MIB=2048
WEIGHT_BUDGET_BYTES=2147483648
WEIGHT_BUDGET_SOURCE=ENV
WEIGHT_BUDGET_INPUT=2048
WEIGHT_BUDGET_PARSE=PASS
WEIGHT_BUDGET_MIB=2048
WEIGHT_BUDGET_BYTES=2147483648
WEIGHT_BUDGET_SOURCE=ENV
WEIGHT_BUDGET_INPUT=2048
WEIGHT_BUDGET_PARSE=PASS
WEIGHT_BUDGET_MIB=2048
WEIGHT_BUDGET_BYTES=2147483648
WEIGHT_BUDGET_SOURCE=ENV
WEIGHT_BUDGET_INPUT=2048
WEIGHT_BUDGET_PARSE=PASS
WEIGHT_BUDGET_MIB=2048
WEIGHT_BUDGET_BYTES=2147483648
WEIGHT_BUDGET_SOURCE=ENV
WEIGHT_BUDGET_INPUT=2048
WEIGHT_BUDGET_PARSE=PASS
WEIGHT_BUDGET_MIB=2048
WEIGHT_BUDGET_BYTES=2147483648
WEIGHT_BUDGET_SOURCE=ENV
WEIGHT_BUDGET_INPUT=2048
WEIGHT_BUDGET_PARSE=PASS
WEIGHT_BUDGET_MIB=2048
WEIGHT_BUDGET_BYTES=2147483648
WEIGHT_BUDGET_SOURCE=ENV
WEIGHT_BUDGET_INPUT=2048
WEIGHT_BUDGET_PARSE=PASS
WEIGHT_BUDGET_MIB=2048
WEIGHT_BUDGET_BYTES=2147483648
WEIGHT_BUDGET_SOURCE=ENV
WEIGHT_BUDGET_INPUT=2048
WEIGHT_BUDGET_PARSE=PASS
WEIGHT_BUDGET_MIB=2048
WEIGHT_BUDGET_BYTES=2147483648
WEIGHT_BUDGET_SOURCE=ENV
WEIGHT_BUDGET_INPUT=2048
WEIGHT_BUDGET_PARSE=PASS
WEIGHT_BUDGET_MIB=2048
WEIGHT_BUDGET_BYTES=2147483648
WEIGHT_BUDGET_SOURCE=ENV
WEIGHT_BUDGET_INPUT=2048
WEIGHT_BUDGET_PARSE=PASS
WEIGHT_BUDGET_MIB=2048
WEIGHT_BUDGET_BYTES=2147483648
WEIGHT_BUDGET_SOURCE=ENV
WEIGHT_BUDGET_INPUT=2048
WEIGHT_BUDGET_PARSE=PASS
WEIGHT_BUDGET_MIB=2048
WEIGHT_BUDGET_BYTES=2147483648
WEIGHT_BUDGET_SOURCE=ENV
WEIGHT_BUDGET_INPUT=2048
WEIGHT_BUDGET_PARSE=PASS
WEIGHT_BUDGET_MIB=2048
WEIGHT_BUDGET_BYTES=2147483648
WEIGHT_BUDGET_SOURCE=ENV
WEIGHT_BUDGET_INPUT=2048
WEIGHT_BUDGET_PARSE=PASS
WEIGHT_BUDGET_MIB=2048
WEIGHT_BUDGET_BYTES=2147483648
WEIGHT_BUDGET_SOURCE=ENV
WEIGHT_BUDGET_INPUT=2048
WEIGHT_BUDGET_PARSE=PASS
WEIGHT_BUDGET_MIB=2048
WEIGHT_BUDGET_BYTES=2147483648
WEIGHT_BUDGET_SOURCE=ENV
WEIGHT_BUDGET_INPUT=2048
WEIGHT_BUDGET_PARSE=PASS
WEIGHT_BUDGET_MIB=2048
WEIGHT_BUDGET_BYTES=2147483648
WEIGHT_BUDGET_SOURCE=ENV
HEAP_OK_FINAL_NORM_BEFORE=1
FINAL_NORM_SRC_PTR=000001FA434DE060
FINAL_NORM_DST_PTR=000001FA434DE060
FINAL_NORM_WEIGHT_PTR=000001FA6C200000
FINAL_NORM_WEIGHT_SOURCE=HOST_MAPPED
FINAL_NORM_WEIGHT_FULFILLED=1
FINAL_NORM_WEIGHT_BYTES=12288
FINAL_NORM_WEIGHT_0=1.765625
FINAL_NORM_WEIGHT_1=1.75
FINAL_NORM_WEIGHT_2=1.5625
FINAL_NORM_WEIGHT_3=1.7734375
FINAL_NORM_WEIGHT_L2=91.4481258
FINAL_NORM_SUMSQ=1676.6796
FINAL_NORM_MEAN_SQ=0.54579414
FINAL_NORM_EPS=9.99999975e-06
FINAL_NORM_INV_RMS=1.35357273
FINAL_NORM_SRC_0=-1.10194278
FINAL_NORM_DST_0=-2.63353515
FINAL_NORM_AFTER_L2=90.0767444
HEAP_OK_FINAL_NORM_AFTER=1
WEIGHT_BUDGET_INPUT=2048
WEIGHT_BUDGET_PARSE=PASS
WEIGHT_BUDGET_MIB=2048
WEIGHT_BUDGET_BYTES=2147483648
WEIGHT_BUDGET_SOURCE=ENV
WEIGHT_BUDGET_INPUT=2048
WEIGHT_BUDGET_PARSE=PASS
WEIGHT_BUDGET_MIB=2048
WEIGHT_BUDGET_BYTES=2147483648
WEIGHT_BUDGET_SOURCE=ENV
WEIGHT_BUDGET_INPUT=2048
WEIGHT_BUDGET_PARSE=PASS
WEIGHT_BUDGET_MIB=2048
WEIGHT_BUDGET_BYTES=2147483648
WEIGHT_BUDGET_SOURCE=ENV
WEIGHT_BUDGET_INPUT=2048
WEIGHT_BUDGET_PARSE=PASS
WEIGHT_BUDGET_MIB=2048
WEIGHT_BUDGET_BYTES=2147483648
WEIGHT_BUDGET_SOURCE=ENV
WEIGHT_BUDGET_INPUT=2048
WEIGHT_BUDGET_PARSE=PASS
WEIGHT_BUDGET_MIB=2048
WEIGHT_BUDGET_BYTES=2147483648
WEIGHT_BUDGET_SOURCE=ENV
WEIGHT_BUDGET_INPUT=2048
WEIGHT_BUDGET_PARSE=PASS
WEIGHT_BUDGET_MIB=2048
WEIGHT_BUDGET_BYTES=2147483648
WEIGHT_BUDGET_SOURCE=ENV
WEIGHT_BUDGET_INPUT=2048
WEIGHT_BUDGET_PARSE=PASS
WEIGHT_BUDGET_MIB=2048
WEIGHT_BUDGET_BYTES=2147483648
WEIGHT_BUDGET_SOURCE=ENV
WEIGHT_BUDGET_INPUT=2048
WEIGHT_BUDGET_PARSE=PASS
WEIGHT_BUDGET_MIB=2048
WEIGHT_BUDGET_BYTES=2147483648
WEIGHT_BUDGET_SOURCE=ENV
WEIGHT_BUDGET_INPUT=2048
WEIGHT_BUDGET_PARSE=PASS
WEIGHT_BUDGET_MIB=2048
WEIGHT_BUDGET_BYTES=2147483648
WEIGHT_BUDGET_SOURCE=ENV
WEIGHT_BUDGET_INPUT=2048
WEIGHT_BUDGET_PARSE=PASS
WEIGHT_BUDGET_MIB=2048
WEIGHT_BUDGET_BYTES=2147483648
WEIGHT_BUDGET_SOURCE=ENV
WEIGHT_BUDGET_INPUT=2048
WEIGHT_BUDGET_PARSE=PASS
WEIGHT_BUDGET_MIB=2048
WEIGHT_BUDGET_BYTES=2147483648
WEIGHT_BUDGET_SOURCE=ENV
WEIGHT_BUDGET_INPUT=2048
WEIGHT_BUDGET_PARSE=PASS
WEIGHT_BUDGET_MIB=2048
WEIGHT_BUDGET_BYTES=2147483648
WEIGHT_BUDGET_SOURCE=ENV
WEIGHT_BUDGET_INPUT=2048
WEIGHT_BUDGET_PARSE=PASS
WEIGHT_BUDGET_MIB=2048
WEIGHT_BUDGET_BYTES=2147483648
WEIGHT_BUDGET_SOURCE=ENV
WEIGHT_BUDGET_INPUT=2048
WEIGHT_BUDGET_PARSE=PASS
WEIGHT_BUDGET_MIB=2048
WEIGHT_BUDGET_BYTES=2147483648
WEIGHT_BUDGET_SOURCE=ENV
WEIGHT_BUDGET_INPUT=2048
WEIGHT_BUDGET_PARSE=PASS
WEIGHT_BUDGET_MIB=2048
WEIGHT_BUDGET_BYTES=2147483648
WEIGHT_BUDGET_SOURCE=ENV
WEIGHT_BUDGET_INPUT=2048
WEIGHT_BUDGET_PARSE=PASS
WEIGHT_BUDGET_MIB=2048
WEIGHT_BUDGET_BYTES=2147483648
WEIGHT_BUDGET_SOURCE=ENV
WEIGHT_BUDGET_INPUT=2048
WEIGHT_BUDGET_PARSE=PASS
WEIGHT_BUDGET_MIB=2048
WEIGHT_BUDGET_BYTES=2147483648
WEIGHT_BUDGET_SOURCE=ENV
WEIGHT_BUDGET_INPUT=2048
WEIGHT_BUDGET_PARSE=PASS
WEIGHT_BUDGET_MIB=2048
WEIGHT_BUDGET_BYTES=2147483648
WEIGHT_BUDGET_SOURCE=ENV
WEIGHT_BUDGET_INPUT=2048
WEIGHT_BUDGET_PARSE=PASS
WEIGHT_BUDGET_MIB=2048
WEIGHT_BUDGET_BYTES=2147483648
WEIGHT_BUDGET_SOURCE=ENV
WEIGHT_BUDGET_INPUT=2048
WEIGHT_BUDGET_PARSE=PASS
WEIGHT_BUDGET_MIB=2048
WEIGHT_BUDGET_BYTES=2147483648
WEIGHT_BUDGET_SOURCE=ENV
WEIGHT_BUDGET_INPUT=2048
WEIGHT_BUDGET_PARSE=PASS
WEIGHT_BUDGET_MIB=2048
WEIGHT_BUDGET_BYTES=2147483648
WEIGHT_BUDGET_SOURCE=ENV
WEIGHT_BUDGET_INPUT=2048
WEIGHT_BUDGET_PARSE=PASS
WEIGHT_BUDGET_MIB=2048
WEIGHT_BUDGET_BYTES=2147483648
WEIGHT_BUDGET_SOURCE=ENV
WEIGHT_BUDGET_INPUT=2048
WEIGHT_BUDGET_PARSE=PASS
WEIGHT_BUDGET_MIB=2048
WEIGHT_BUDGET_BYTES=2147483648
WEIGHT_BUDGET_SOURCE=ENV
WEIGHT_BUDGET_INPUT=2048
WEIGHT_BUDGET_PARSE=PASS
WEIGHT_BUDGET_MIB=2048
WEIGHT_BUDGET_BYTES=2147483648
WEIGHT_BUDGET_SOURCE=ENV
WEIGHT_BUDGET_INPUT=2048
WEIGHT_BUDGET_PARSE=PASS
WEIGHT_BUDGET_MIB=2048
WEIGHT_BUDGET_BYTES=2147483648
WEIGHT_BUDGET_SOURCE=ENV
WEIGHT_BUDGET_INPUT=2048
WEIGHT_BUDGET_PARSE=PASS
WEIGHT_BUDGET_MIB=2048
WEIGHT_BUDGET_BYTES=2147483648
WEIGHT_BUDGET_SOURCE=ENV
WEIGHT_BUDGET_INPUT=2048
WEIGHT_BUDGET_PARSE=PASS
WEIGHT_BUDGET_MIB=2048
WEIGHT_BUDGET_BYTES=2147483648
WEIGHT_BUDGET_SOURCE=ENV
WEIGHT_BUDGET_INPUT=2048
WEIGHT_BUDGET_PARSE=PASS
WEIGHT_BUDGET_MIB=2048
WEIGHT_BUDGET_BYTES=2147483648
WEIGHT_BUDGET_SOURCE=ENV
WEIGHT_BUDGET_INPUT=2048
WEIGHT_BUDGET_PARSE=PASS
WEIGHT_BUDGET_MIB=2048
WEIGHT_BUDGET_BYTES=2147483648
WEIGHT_BUDGET_SOURCE=ENV
WEIGHT_BUDGET_INPUT=2048
WEIGHT_BUDGET_PARSE=PASS
WEIGHT_BUDGET_MIB=2048
WEIGHT_BUDGET_BYTES=2147483648
WEIGHT_BUDGET_SOURCE=ENV
HEAP_OK_FINAL_NORM_BEFORE=1
FINAL_NORM_SRC_PTR=000001FA434E1060
FINAL_NORM_DST_PTR=000001FA434E1060
FINAL_NORM_WEIGHT_PTR=000001FA6C200000
FINAL_NORM_WEIGHT_SOURCE=HOST_MAPPED
FINAL_NORM_WEIGHT_FULFILLED=1
FINAL_NORM_WEIGHT_BYTES=12288
FINAL_NORM_WEIGHT_0=1.765625
FINAL_NORM_WEIGHT_1=1.75
FINAL_NORM_WEIGHT_2=1.5625
FINAL_NORM_WEIGHT_3=1.7734375
FINAL_NORM_WEIGHT_L2=91.4481258
FINAL_NORM_SUMSQ=1132.73342
FINAL_NORM_MEAN_SQ=0.368728325
FINAL_NORM_EPS=9.99999975e-06
FINAL_NORM_INV_RMS=1.64679992
FINAL_NORM_SRC_0=-0.272621423
FINAL_NORM_DST_0=-0.792682528
FINAL_NORM_AFTER_L2=90.7007806
HEAP_OK_FINAL_NORM_AFTER=1
WEIGHT_BUDGET_INPUT=2048
WEIGHT_BUDGET_PARSE=PASS
WEIGHT_BUDGET_MIB=2048
WEIGHT_BUDGET_BYTES=2147483648
WEIGHT_BUDGET_SOURCE=ENV
WEIGHT_BUDGET_INPUT=2048
WEIGHT_BUDGET_PARSE=PASS
WEIGHT_BUDGET_MIB=2048
WEIGHT_BUDGET_BYTES=2147483648
WEIGHT_BUDGET_SOURCE=ENV
WEIGHT_BUDGET_INPUT=2048
WEIGHT_BUDGET_PARSE=PASS
WEIGHT_BUDGET_MIB=2048
WEIGHT_BUDGET_BYTES=2147483648
WEIGHT_BUDGET_SOURCE=ENV
WEIGHT_BUDGET_INPUT=2048
WEIGHT_BUDGET_PARSE=PASS
WEIGHT_BUDGET_MIB=2048
WEIGHT_BUDGET_BYTES=2147483648
WEIGHT_BUDGET_SOURCE=ENV
WEIGHT_BUDGET_INPUT=2048
WEIGHT_BUDGET_PARSE=PASS
WEIGHT_BUDGET_MIB=2048
WEIGHT_BUDGET_BYTES=2147483648
WEIGHT_BUDGET_SOURCE=ENV
WEIGHT_BUDGET_INPUT=2048
WEIGHT_BUDGET_PARSE=PASS
WEIGHT_BUDGET_MIB=2048
WEIGHT_BUDGET_BYTES=2147483648
WEIGHT_BUDGET_SOURCE=ENV
WEIGHT_BUDGET_INPUT=2048
WEIGHT_BUDGET_PARSE=PASS
WEIGHT_BUDGET_MIB=2048
WEIGHT_BUDGET_BYTES=2147483648
WEIGHT_BUDGET_SOURCE=ENV
WEIGHT_BUDGET_INPUT=2048
WEIGHT_BUDGET_PARSE=PASS
WEIGHT_BUDGET_MIB=2048
WEIGHT_BUDGET_BYTES=2147483648
WEIGHT_BUDGET_SOURCE=ENV
WEIGHT_BUDGET_INPUT=2048
WEIGHT_BUDGET_PARSE=PASS
WEIGHT_BUDGET_MIB=2048
WEIGHT_BUDGET_BYTES=2147483648
WEIGHT_BUDGET_SOURCE=ENV
WEIGHT_BUDGET_INPUT=2048
WEIGHT_BUDGET_PARSE=PASS
WEIGHT_BUDGET_MIB=2048
WEIGHT_BUDGET_BYTES=2147483648
WEIGHT_BUDGET_SOURCE=ENV
WEIGHT_BUDGET_INPUT=2048
WEIGHT_BUDGET_PARSE=PASS
WEIGHT_BUDGET_MIB=2048
WEIGHT_BUDGET_BYTES=2147483648
WEIGHT_BUDGET_SOURCE=ENV
WEIGHT_BUDGET_INPUT=2048
WEIGHT_BUDGET_PARSE=PASS
WEIGHT_BUDGET_MIB=2048
WEIGHT_BUDGET_BYTES=2147483648
WEIGHT_BUDGET_SOURCE=ENV
WEIGHT_BUDGET_INPUT=2048
WEIGHT_BUDGET_PARSE=PASS
WEIGHT_BUDGET_MIB=2048
WEIGHT_BUDGET_BYTES=2147483648
WEIGHT_BUDGET_SOURCE=ENV
WEIGHT_BUDGET_INPUT=2048
WEIGHT_BUDGET_PARSE=PASS
WEIGHT_BUDGET_MIB=2048
WEIGHT_BUDGET_BYTES=2147483648
WEIGHT_BUDGET_SOURCE=ENV
WEIGHT_BUDGET_INPUT=2048
WEIGHT_BUDGET_PARSE=PASS
WEIGHT_BUDGET_MIB=2048
WEIGHT_BUDGET_BYTES=2147483648
WEIGHT_BUDGET_SOURCE=ENV
WEIGHT_BUDGET_INPUT=2048
WEIGHT_BUDGET_PARSE=PASS
WEIGHT_BUDGET_MIB=2048
WEIGHT_BUDGET_BYTES=2147483648
WEIGHT_BUDGET_SOURCE=ENV
WEIGHT_BUDGET_INPUT=2048
WEIGHT_BUDGET_PARSE=PASS
WEIGHT_BUDGET_MIB=2048
WEIGHT_BUDGET_BYTES=2147483648
WEIGHT_BUDGET_SOURCE=ENV
WEIGHT_BUDGET_INPUT=2048
WEIGHT_BUDGET_PARSE=PASS
WEIGHT_BUDGET_MIB=2048
WEIGHT_BUDGET_BYTES=2147483648
WEIGHT_BUDGET_SOURCE=ENV
WEIGHT_BUDGET_INPUT=2048
WEIGHT_BUDGET_PARSE=PASS
WEIGHT_BUDGET_MIB=2048
WEIGHT_BUDGET_BYTES=2147483648
WEIGHT_BUDGET_SOURCE=ENV
WEIGHT_BUDGET_INPUT=2048
WEIGHT_BUDGET_PARSE=PASS
WEIGHT_BUDGET_MIB=2048
WEIGHT_BUDGET_BYTES=2147483648
WEIGHT_BUDGET_SOURCE=ENV
WEIGHT_BUDGET_INPUT=2048
WEIGHT_BUDGET_PARSE=PASS
WEIGHT_BUDGET_MIB=2048
WEIGHT_BUDGET_BYTES=2147483648
WEIGHT_BUDGET_SOURCE=ENV
WEIGHT_BUDGET_INPUT=2048
WEIGHT_BUDGET_PARSE=PASS
WEIGHT_BUDGET_MIB=2048
WEIGHT_BUDGET_BYTES=2147483648
WEIGHT_BUDGET_SOURCE=ENV
WEIGHT_BUDGET_INPUT=2048
WEIGHT_BUDGET_PARSE=PASS
WEIGHT_BUDGET_MIB=2048
WEIGHT_BUDGET_BYTES=2147483648
WEIGHT_BUDGET_SOURCE=ENV
WEIGHT_BUDGET_INPUT=2048
WEIGHT_BUDGET_PARSE=PASS
WEIGHT_BUDGET_MIB=2048
WEIGHT_BUDGET_BYTES=2147483648
WEIGHT_BUDGET_SOURCE=ENV
WEIGHT_BUDGET_INPUT=2048
WEIGHT_BUDGET_PARSE=PASS
WEIGHT_BUDGET_MIB=2048
WEIGHT_BUDGET_BYTES=2147483648
WEIGHT_BUDGET_SOURCE=ENV
WEIGHT_BUDGET_INPUT=2048
WEIGHT_BUDGET_PARSE=PASS
WEIGHT_BUDGET_MIB=2048
WEIGHT_BUDGET_BYTES=2147483648
WEIGHT_BUDGET_SOURCE=ENV
WEIGHT_BUDGET_INPUT=2048
WEIGHT_BUDGET_PARSE=PASS
WEIGHT_BUDGET_MIB=2048
WEIGHT_BUDGET_BYTES=2147483648
WEIGHT_BUDGET_SOURCE=ENV
WEIGHT_BUDGET_INPUT=2048
WEIGHT_BUDGET_PARSE=PASS
WEIGHT_BUDGET_MIB=2048
WEIGHT_BUDGET_BYTES=2147483648
WEIGHT_BUDGET_SOURCE=ENV
WEIGHT_BUDGET_INPUT=2048
WEIGHT_BUDGET_PARSE=PASS
WEIGHT_BUDGET_MIB=2048
WEIGHT_BUDGET_BYTES=2147483648
WEIGHT_BUDGET_SOURCE=ENV
WEIGHT_BUDGET_INPUT=2048
WEIGHT_BUDGET_PARSE=PASS
WEIGHT_BUDGET_MIB=2048
WEIGHT_BUDGET_BYTES=2147483648
WEIGHT_BUDGET_SOURCE=ENV
HEAP_OK_FINAL_NORM_BEFORE=1
FINAL_NORM_SRC_PTR=000001FA434E4060
FINAL_NORM_DST_PTR=000001FA434E4060
FINAL_NORM_WEIGHT_PTR=000001FA6C200000
FINAL_NORM_WEIGHT_SOURCE=HOST_MAPPED
FINAL_NORM_WEIGHT_FULFILLED=1
FINAL_NORM_WEIGHT_BYTES=12288
FINAL_NORM_WEIGHT_0=1.765625
FINAL_NORM_WEIGHT_1=1.75
FINAL_NORM_WEIGHT_2=1.5625
FINAL_NORM_WEIGHT_3=1.7734375
FINAL_NORM_WEIGHT_L2=91.4481258
FINAL_NORM_SUMSQ=1309.20812
FINAL_NORM_MEAN_SQ=0.426174518
FINAL_NORM_EPS=9.99999975e-06
FINAL_NORM_INV_RMS=1.53179681
FINAL_NORM_SRC_0=-0.454596519
FINAL_NORM_DST_0=-1.22949207
FINAL_NORM_AFTER_L2=89.7426202
HEAP_OK_FINAL_NORM_AFTER=1
WEIGHT_BUDGET_INPUT=2048
WEIGHT_BUDGET_PARSE=PASS
WEIGHT_BUDGET_MIB=2048
WEIGHT_BUDGET_BYTES=2147483648
WEIGHT_BUDGET_SOURCE=ENV
WEIGHT_BUDGET_INPUT=2048
WEIGHT_BUDGET_PARSE=PASS
WEIGHT_BUDGET_MIB=2048
WEIGHT_BUDGET_BYTES=2147483648
WEIGHT_BUDGET_SOURCE=ENV
WEIGHT_BUDGET_INPUT=2048
WEIGHT_BUDGET_PARSE=PASS
WEIGHT_BUDGET_MIB=2048
WEIGHT_BUDGET_BYTES=2147483648
WEIGHT_BUDGET_SOURCE=ENV
WEIGHT_BUDGET_INPUT=2048
WEIGHT_BUDGET_PARSE=PASS
WEIGHT_BUDGET_MIB=2048
WEIGHT_BUDGET_BYTES=2147483648
WEIGHT_BUDGET_SOURCE=ENV
WEIGHT_BUDGET_INPUT=2048
WEIGHT_BUDGET_PARSE=PASS
WEIGHT_BUDGET_MIB=2048
WEIGHT_BUDGET_BYTES=2147483648
WEIGHT_BUDGET_SOURCE=ENV
WEIGHT_BUDGET_INPUT=2048
WEIGHT_BUDGET_PARSE=PASS
WEIGHT_BUDGET_MIB=2048
WEIGHT_BUDGET_BYTES=2147483648
WEIGHT_BUDGET_SOURCE=ENV
WEIGHT_BUDGET_INPUT=2048
WEIGHT_BUDGET_PARSE=PASS
WEIGHT_BUDGET_MIB=2048
WEIGHT_BUDGET_BYTES=2147483648
WEIGHT_BUDGET_SOURCE=ENV
WEIGHT_BUDGET_INPUT=2048
WEIGHT_BUDGET_PARSE=PASS
WEIGHT_BUDGET_MIB=2048
WEIGHT_BUDGET_BYTES=2147483648
WEIGHT_BUDGET_SOURCE=ENV
WEIGHT_BUDGET_INPUT=2048
WEIGHT_BUDGET_PARSE=PASS
WEIGHT_BUDGET_MIB=2048
WEIGHT_BUDGET_BYTES=2147483648
WEIGHT_BUDGET_SOURCE=ENV
WEIGHT_BUDGET_INPUT=2048
WEIGHT_BUDGET_PARSE=PASS
WEIGHT_BUDGET_MIB=2048
WEIGHT_BUDGET_BYTES=2147483648
WEIGHT_BUDGET_SOURCE=ENV
WEIGHT_BUDGET_INPUT=2048
WEIGHT_BUDGET_PARSE=PASS
WEIGHT_BUDGET_MIB=2048
WEIGHT_BUDGET_BYTES=2147483648
WEIGHT_BUDGET_SOURCE=ENV
WEIGHT_BUDGET_INPUT=2048
WEIGHT_BUDGET_PARSE=PASS
WEIGHT_BUDGET_MIB=2048
WEIGHT_BUDGET_BYTES=2147483648
WEIGHT_BUDGET_SOURCE=ENV
WEIGHT_BUDGET_INPUT=2048
WEIGHT_BUDGET_PARSE=PASS
WEIGHT_BUDGET_MIB=2048
WEIGHT_BUDGET_BYTES=2147483648
WEIGHT_BUDGET_SOURCE=ENV
WEIGHT_BUDGET_INPUT=2048
WEIGHT_BUDGET_PARSE=PASS
WEIGHT_BUDGET_MIB=2048
WEIGHT_BUDGET_BYTES=2147483648
WEIGHT_BUDGET_SOURCE=ENV
WEIGHT_BUDGET_INPUT=2048
WEIGHT_BUDGET_PARSE=PASS
WEIGHT_BUDGET_MIB=2048
WEIGHT_BUDGET_BYTES=2147483648
WEIGHT_BUDGET_SOURCE=ENV
WEIGHT_BUDGET_INPUT=2048
WEIGHT_BUDGET_PARSE=PASS
WEIGHT_BUDGET_MIB=2048
WEIGHT_BUDGET_BYTES=2147483648
WEIGHT_BUDGET_SOURCE=ENV
WEIGHT_BUDGET_INPUT=2048
WEIGHT_BUDGET_PARSE=PASS
WEIGHT_BUDGET_MIB=2048
WEIGHT_BUDGET_BYTES=2147483648
WEIGHT_BUDGET_SOURCE=ENV
WEIGHT_BUDGET_INPUT=2048
WEIGHT_BUDGET_PARSE=PASS
WEIGHT_BUDGET_MIB=2048
WEIGHT_BUDGET_BYTES=2147483648
WEIGHT_BUDGET_SOURCE=ENV
WEIGHT_BUDGET_INPUT=2048
WEIGHT_BUDGET_PARSE=PASS
WEIGHT_BUDGET_MIB=2048
WEIGHT_BUDGET_BYTES=2147483648
WEIGHT_BUDGET_SOURCE=ENV
WEIGHT_BUDGET_INPUT=2048
WEIGHT_BUDGET_PARSE=PASS
WEIGHT_BUDGET_MIB=2048
WEIGHT_BUDGET_BYTES=2147483648
WEIGHT_BUDGET_SOURCE=ENV
WEIGHT_BUDGET_INPUT=2048
WEIGHT_BUDGET_PARSE=PASS
WEIGHT_BUDGET_MIB=2048
WEIGHT_BUDGET_BYTES=2147483648
WEIGHT_BUDGET_SOURCE=ENV
WEIGHT_BUDGET_INPUT=2048
WEIGHT_BUDGET_PARSE=PASS
WEIGHT_BUDGET_MIB=2048
WEIGHT_BUDGET_BYTES=2147483648
WEIGHT_BUDGET_SOURCE=ENV
WEIGHT_BUDGET_INPUT=2048
WEIGHT_BUDGET_PARSE=PASS
WEIGHT_BUDGET_MIB=2048
WEIGHT_BUDGET_BYTES=2147483648
WEIGHT_BUDGET_SOURCE=ENV
WEIGHT_BUDGET_INPUT=2048
WEIGHT_BUDGET_PARSE=PASS
WEIGHT_BUDGET_MIB=2048
WEIGHT_BUDGET_BYTES=2147483648
WEIGHT_BUDGET_SOURCE=ENV
WEIGHT_BUDGET_INPUT=2048
WEIGHT_BUDGET_PARSE=PASS
WEIGHT_BUDGET_MIB=2048
WEIGHT_BUDGET_BYTES=2147483648
WEIGHT_BUDGET_SOURCE=ENV
WEIGHT_BUDGET_INPUT=2048
WEIGHT_BUDGET_PARSE=PASS
WEIGHT_BUDGET_MIB=2048
WEIGHT_BUDGET_BYTES=2147483648
WEIGHT_BUDGET_SOURCE=ENV
WEIGHT_BUDGET_INPUT=2048
WEIGHT_BUDGET_PARSE=PASS
WEIGHT_BUDGET_MIB=2048
WEIGHT_BUDGET_BYTES=2147483648
WEIGHT_BUDGET_SOURCE=ENV
WEIGHT_BUDGET_INPUT=2048
WEIGHT_BUDGET_PARSE=PASS
WEIGHT_BUDGET_MIB=2048
WEIGHT_BUDGET_BYTES=2147483648
WEIGHT_BUDGET_SOURCE=ENV
WEIGHT_BUDGET_INPUT=2048
WEIGHT_BUDGET_PARSE=PASS
WEIGHT_BUDGET_MIB=2048
WEIGHT_BUDGET_BYTES=2147483648
WEIGHT_BUDGET_SOURCE=ENV
WEIGHT_BUDGET_INPUT=2048
WEIGHT_BUDGET_PARSE=PASS
WEIGHT_BUDGET_MIB=2048
WEIGHT_BUDGET_BYTES=2147483648
WEIGHT_BUDGET_SOURCE=ENV
HEAP_OK_FINAL_NORM_BEFORE=1
FINAL_NORM_SRC_PTR=000001FA434E7060
FINAL_NORM_DST_PTR=000001FA434E7060
FINAL_NORM_WEIGHT_PTR=000001FA6C200000
FINAL_NORM_WEIGHT_SOURCE=HOST_MAPPED
FINAL_NORM_WEIGHT_FULFILLED=1
FINAL_NORM_WEIGHT_BYTES=12288
FINAL_NORM_WEIGHT_0=1.765625
FINAL_NORM_WEIGHT_1=1.75
FINAL_NORM_WEIGHT_2=1.5625
FINAL_NORM_WEIGHT_3=1.7734375
FINAL_NORM_WEIGHT_L2=91.4481258
FINAL_NORM_SUMSQ=1389.17414
FINAL_NORM_MEAN_SQ=0.452205125
FINAL_NORM_EPS=9.99999975e-06
FINAL_NORM_INV_RMS=1.48705637
FINAL_NORM_SRC_0=-0.123584077
FINAL_NORM_DST_0=-0.324480355
FINAL_NORM_AFTER_L2=89.9204318
HEAP_OK_FINAL_NORM_AFTER=1
WEIGHT_BUDGET_INPUT=2048
WEIGHT_BUDGET_PARSE=PASS
WEIGHT_BUDGET_MIB=2048
WEIGHT_BUDGET_BYTES=2147483648
WEIGHT_BUDGET_SOURCE=ENV
WEIGHT_BUDGET_INPUT=2048
WEIGHT_BUDGET_PARSE=PASS
WEIGHT_BUDGET_MIB=2048
WEIGHT_BUDGET_BYTES=2147483648
WEIGHT_BUDGET_SOURCE=ENV
WEIGHT_BUDGET_INPUT=2048
WEIGHT_BUDGET_PARSE=PASS
WEIGHT_BUDGET_MIB=2048
WEIGHT_BUDGET_BYTES=2147483648
WEIGHT_BUDGET_SOURCE=ENV
WEIGHT_BUDGET_INPUT=2048
WEIGHT_BUDGET_PARSE=PASS
WEIGHT_BUDGET_MIB=2048
WEIGHT_BUDGET_BYTES=2147483648
WEIGHT_BUDGET_SOURCE=ENV
WEIGHT_BUDGET_INPUT=2048
WEIGHT_BUDGET_PARSE=PASS
WEIGHT_BUDGET_MIB=2048
WEIGHT_BUDGET_BYTES=2147483648
WEIGHT_BUDGET_SOURCE=ENV
WEIGHT_BUDGET_INPUT=2048
WEIGHT_BUDGET_PARSE=PASS
WEIGHT_BUDGET_MIB=2048
WEIGHT_BUDGET_BYTES=2147483648
WEIGHT_BUDGET_SOURCE=ENV
WEIGHT_BUDGET_INPUT=2048
WEIGHT_BUDGET_PARSE=PASS
WEIGHT_BUDGET_MIB=2048
WEIGHT_BUDGET_BYTES=2147483648
WEIGHT_BUDGET_SOURCE=ENV
WEIGHT_BUDGET_INPUT=2048
WEIGHT_BUDGET_PARSE=PASS
WEIGHT_BUDGET_MIB=2048
WEIGHT_BUDGET_BYTES=2147483648
WEIGHT_BUDGET_SOURCE=ENV
WEIGHT_BUDGET_INPUT=2048
WEIGHT_BUDGET_PARSE=PASS
WEIGHT_BUDGET_MIB=2048
WEIGHT_BUDGET_BYTES=2147483648
WEIGHT_BUDGET_SOURCE=ENV
WEIGHT_BUDGET_INPUT=2048
WEIGHT_BUDGET_PARSE=PASS
WEIGHT_BUDGET_MIB=2048
WEIGHT_BUDGET_BYTES=2147483648
WEIGHT_BUDGET_SOURCE=ENV
WEIGHT_BUDGET_INPUT=2048
WEIGHT_BUDGET_PARSE=PASS
WEIGHT_BUDGET_MIB=2048
WEIGHT_BUDGET_BYTES=2147483648
WEIGHT_BUDGET_SOURCE=ENV
WEIGHT_BUDGET_INPUT=2048
WEIGHT_BUDGET_PARSE=PASS
WEIGHT_BUDGET_MIB=2048
WEIGHT_BUDGET_BYTES=2147483648
WEIGHT_BUDGET_SOURCE=ENV
WEIGHT_BUDGET_INPUT=2048
WEIGHT_BUDGET_PARSE=PASS
WEIGHT_BUDGET_MIB=2048
WEIGHT_BUDGET_BYTES=2147483648
WEIGHT_BUDGET_SOURCE=ENV
WEIGHT_BUDGET_INPUT=2048
WEIGHT_BUDGET_PARSE=PASS
WEIGHT_BUDGET_MIB=2048
WEIGHT_BUDGET_BYTES=2147483648
WEIGHT_BUDGET_SOURCE=ENV
WEIGHT_BUDGET_INPUT=2048
WEIGHT_BUDGET_PARSE=PASS
WEIGHT_BUDGET_MIB=2048
WEIGHT_BUDGET_BYTES=2147483648
WEIGHT_BUDGET_SOURCE=ENV
WEIGHT_BUDGET_INPUT=2048
WEIGHT_BUDGET_PARSE=PASS
WEIGHT_BUDGET_MIB=2048
WEIGHT_BUDGET_BYTES=2147483648
WEIGHT_BUDGET_SOURCE=ENV
WEIGHT_BUDGET_INPUT=2048
WEIGHT_BUDGET_PARSE=PASS
WEIGHT_BUDGET_MIB=2048
WEIGHT_BUDGET_BYTES=2147483648
WEIGHT_BUDGET_SOURCE=ENV
WEIGHT_BUDGET_INPUT=2048
WEIGHT_BUDGET_PARSE=PASS
WEIGHT_BUDGET_MIB=2048
WEIGHT_BUDGET_BYTES=2147483648
WEIGHT_BUDGET_SOURCE=ENV
WEIGHT_BUDGET_INPUT=2048
WEIGHT_BUDGET_PARSE=PASS
WEIGHT_BUDGET_MIB=2048
WEIGHT_BUDGET_BYTES=2147483648
WEIGHT_BUDGET_SOURCE=ENV
WEIGHT_BUDGET_INPUT=2048
WEIGHT_BUDGET_PARSE=PASS
WEIGHT_BUDGET_MIB=2048
WEIGHT_BUDGET_BYTES=2147483648
WEIGHT_BUDGET_SOURCE=ENV
WEIGHT_BUDGET_INPUT=2048
WEIGHT_BUDGET_PARSE=PASS
WEIGHT_BUDGET_MIB=2048
WEIGHT_BUDGET_BYTES=2147483648
WEIGHT_BUDGET_SOURCE=ENV
WEIGHT_BUDGET_INPUT=2048
WEIGHT_BUDGET_PARSE=PASS
WEIGHT_BUDGET_MIB=2048
WEIGHT_BUDGET_BYTES=2147483648
WEIGHT_BUDGET_SOURCE=ENV
WEIGHT_BUDGET_INPUT=2048
WEIGHT_BUDGET_PARSE=PASS
WEIGHT_BUDGET_MIB=2048
WEIGHT_BUDGET_BYTES=2147483648
WEIGHT_BUDGET_SOURCE=ENV
WEIGHT_BUDGET_INPUT=2048
WEIGHT_BUDGET_PARSE=PASS
WEIGHT_BUDGET_MIB=2048
WEIGHT_BUDGET_BYTES=2147483648
WEIGHT_BUDGET_SOURCE=ENV
WEIGHT_BUDGET_INPUT=2048
WEIGHT_BUDGET_PARSE=PASS
WEIGHT_BUDGET_MIB=2048
WEIGHT_BUDGET_BYTES=2147483648
WEIGHT_BUDGET_SOURCE=ENV
WEIGHT_BUDGET_INPUT=2048
WEIGHT_BUDGET_PARSE=PASS
WEIGHT_BUDGET_MIB=2048
WEIGHT_BUDGET_BYTES=2147483648
WEIGHT_BUDGET_SOURCE=ENV
WEIGHT_BUDGET_INPUT=2048
WEIGHT_BUDGET_PARSE=PASS
WEIGHT_BUDGET_MIB=2048
WEIGHT_BUDGET_BYTES=2147483648
WEIGHT_BUDGET_SOURCE=ENV
WEIGHT_BUDGET_INPUT=2048
WEIGHT_BUDGET_PARSE=PASS
WEIGHT_BUDGET_MIB=2048
WEIGHT_BUDGET_BYTES=2147483648
WEIGHT_BUDGET_SOURCE=ENV
WEIGHT_BUDGET_INPUT=2048
WEIGHT_BUDGET_PARSE=PASS
WEIGHT_BUDGET_MIB=2048
WEIGHT_BUDGET_BYTES=2147483648
WEIGHT_BUDGET_SOURCE=ENV
WEIGHT_BUDGET_INPUT=2048
WEIGHT_BUDGET_PARSE=PASS
WEIGHT_BUDGET_MIB=2048
WEIGHT_BUDGET_BYTES=2147483648
WEIGHT_BUDGET_SOURCE=ENV
HEAP_OK_FINAL_NORM_BEFORE=1
FINAL_NORM_SRC_PTR=000001FA434EA060
FINAL_NORM_DST_PTR=000001FA434EA060
FINAL_NORM_WEIGHT_PTR=000001FA6C200000
FINAL_NORM_WEIGHT_SOURCE=HOST_MAPPED
FINAL_NORM_WEIGHT_FULFILLED=1
FINAL_NORM_WEIGHT_BYTES=12288
FINAL_NORM_WEIGHT_0=1.765625
FINAL_NORM_WEIGHT_1=1.75
FINAL_NORM_WEIGHT_2=1.5625
FINAL_NORM_WEIGHT_3=1.7734375
FINAL_NORM_WEIGHT_L2=91.4481258
FINAL_NORM_SUMSQ=1037.33383
FINAL_NORM_MEAN_SQ=0.337673773
FINAL_NORM_EPS=9.99999975e-06
FINAL_NORM_INV_RMS=1.7208575
FINAL_NORM_SRC_0=-0.498518527
FINAL_NORM_DST_0=-1.51469326
FINAL_NORM_AFTER_L2=88.272616
HEAP_OK_FINAL_NORM_AFTER=1
WEIGHT_BUDGET_INPUT=2048
WEIGHT_BUDGET_PARSE=PASS
WEIGHT_BUDGET_MIB=2048
WEIGHT_BUDGET_BYTES=2147483648
WEIGHT_BUDGET_SOURCE=ENV
WEIGHT_BUDGET_INPUT=2048
WEIGHT_BUDGET_PARSE=PASS
WEIGHT_BUDGET_MIB=2048
WEIGHT_BUDGET_BYTES=2147483648
WEIGHT_BUDGET_SOURCE=ENV
WEIGHT_BUDGET_INPUT=2048
WEIGHT_BUDGET_PARSE=PASS
WEIGHT_BUDGET_MIB=2048
WEIGHT_BUDGET_BYTES=2147483648
WEIGHT_BUDGET_SOURCE=ENV
WEIGHT_BUDGET_INPUT=2048
WEIGHT_BUDGET_PARSE=PASS
WEIGHT_BUDGET_MIB=2048
WEIGHT_BUDGET_BYTES=2147483648
WEIGHT_BUDGET_SOURCE=ENV
WEIGHT_BUDGET_INPUT=2048
WEIGHT_BUDGET_PARSE=PASS
WEIGHT_BUDGET_MIB=2048
WEIGHT_BUDGET_BYTES=2147483648
WEIGHT_BUDGET_SOURCE=ENV
WEIGHT_BUDGET_INPUT=2048
WEIGHT_BUDGET_PARSE=PASS
WEIGHT_BUDGET_MIB=2048
WEIGHT_BUDGET_BYTES=2147483648
WEIGHT_BUDGET_SOURCE=ENV
WEIGHT_BUDGET_INPUT=2048
WEIGHT_BUDGET_PARSE=PASS
WEIGHT_BUDGET_MIB=2048
WEIGHT_BUDGET_BYTES=2147483648
WEIGHT_BUDGET_SOURCE=ENV
WEIGHT_BUDGET_INPUT=2048
WEIGHT_BUDGET_PARSE=PASS
WEIGHT_BUDGET_MIB=2048
WEIGHT_BUDGET_BYTES=2147483648
WEIGHT_BUDGET_SOURCE=ENV
WEIGHT_BUDGET_INPUT=2048
WEIGHT_BUDGET_PARSE=PASS
WEIGHT_BUDGET_MIB=2048
WEIGHT_BUDGET_BYTES=2147483648
WEIGHT_BUDGET_SOURCE=ENV
WEIGHT_BUDGET_INPUT=2048
WEIGHT_BUDGET_PARSE=PASS
WEIGHT_BUDGET_MIB=2048
WEIGHT_BUDGET_BYTES=2147483648
WEIGHT_BUDGET_SOURCE=ENV
WEIGHT_BUDGET_INPUT=2048
WEIGHT_BUDGET_PARSE=PASS
WEIGHT_BUDGET_MIB=2048
WEIGHT_BUDGET_BYTES=2147483648
WEIGHT_BUDGET_SOURCE=ENV
WEIGHT_BUDGET_INPUT=2048
WEIGHT_BUDGET_PARSE=PASS
WEIGHT_BUDGET_MIB=2048
WEIGHT_BUDGET_BYTES=2147483648
WEIGHT_BUDGET_SOURCE=ENV
WEIGHT_BUDGET_INPUT=2048
WEIGHT_BUDGET_PARSE=PASS
WEIGHT_BUDGET_MIB=2048
WEIGHT_BUDGET_BYTES=2147483648
WEIGHT_BUDGET_SOURCE=ENV
WEIGHT_BUDGET_INPUT=2048
WEIGHT_BUDGET_PARSE=PASS
WEIGHT_BUDGET_MIB=2048
WEIGHT_BUDGET_BYTES=2147483648
WEIGHT_BUDGET_SOURCE=ENV
WEIGHT_BUDGET_INPUT=2048
WEIGHT_BUDGET_PARSE=PASS
WEIGHT_BUDGET_MIB=2048
WEIGHT_BUDGET_BYTES=2147483648
WEIGHT_BUDGET_SOURCE=ENV
WEIGHT_BUDGET_INPUT=2048
WEIGHT_BUDGET_PARSE=PASS
WEIGHT_BUDGET_MIB=2048
WEIGHT_BUDGET_BYTES=2147483648
WEIGHT_BUDGET_SOURCE=ENV
WEIGHT_BUDGET_INPUT=2048
WEIGHT_BUDGET_PARSE=PASS
WEIGHT_BUDGET_MIB=2048
WEIGHT_BUDGET_BYTES=2147483648
WEIGHT_BUDGET_SOURCE=ENV
WEIGHT_BUDGET_INPUT=2048
WEIGHT_BUDGET_PARSE=PASS
WEIGHT_BUDGET_MIB=2048
WEIGHT_BUDGET_BYTES=2147483648
WEIGHT_BUDGET_SOURCE=ENV
WEIGHT_BUDGET_INPUT=2048
WEIGHT_BUDGET_PARSE=PASS
WEIGHT_BUDGET_MIB=2048
WEIGHT_BUDGET_BYTES=2147483648
WEIGHT_BUDGET_SOURCE=ENV
WEIGHT_BUDGET_INPUT=2048
WEIGHT_BUDGET_PARSE=PASS
WEIGHT_BUDGET_MIB=2048
WEIGHT_BUDGET_BYTES=2147483648
WEIGHT_BUDGET_SOURCE=ENV
WEIGHT_BUDGET_INPUT=2048
WEIGHT_BUDGET_PARSE=PASS
WEIGHT_BUDGET_MIB=2048
WEIGHT_BUDGET_BYTES=2147483648
WEIGHT_BUDGET_SOURCE=ENV
WEIGHT_BUDGET_INPUT=2048
WEIGHT_BUDGET_PARSE=PASS
WEIGHT_BUDGET_MIB=2048
WEIGHT_BUDGET_BYTES=2147483648
WEIGHT_BUDGET_SOURCE=ENV
WEIGHT_BUDGET_INPUT=2048
WEIGHT_BUDGET_PARSE=PASS
WEIGHT_BUDGET_MIB=2048
WEIGHT_BUDGET_BYTES=2147483648
WEIGHT_BUDGET_SOURCE=ENV
WEIGHT_BUDGET_INPUT=2048
WEIGHT_BUDGET_PARSE=PASS
WEIGHT_BUDGET_MIB=2048
WEIGHT_BUDGET_BYTES=2147483648
WEIGHT_BUDGET_SOURCE=ENV
WEIGHT_BUDGET_INPUT=2048
WEIGHT_BUDGET_PARSE=PASS
WEIGHT_BUDGET_MIB=2048
WEIGHT_BUDGET_BYTES=2147483648
WEIGHT_BUDGET_SOURCE=ENV
WEIGHT_BUDGET_INPUT=2048
WEIGHT_BUDGET_PARSE=PASS
WEIGHT_BUDGET_MIB=2048
WEIGHT_BUDGET_BYTES=2147483648
WEIGHT_BUDGET_SOURCE=ENV
WEIGHT_BUDGET_INPUT=2048
WEIGHT_BUDGET_PARSE=PASS
WEIGHT_BUDGET_MIB=2048
WEIGHT_BUDGET_BYTES=2147483648
WEIGHT_BUDGET_SOURCE=ENV
WEIGHT_BUDGET_INPUT=2048
WEIGHT_BUDGET_PARSE=PASS
WEIGHT_BUDGET_MIB=2048
WEIGHT_BUDGET_BYTES=2147483648
WEIGHT_BUDGET_SOURCE=ENV
WEIGHT_BUDGET_INPUT=2048
WEIGHT_BUDGET_PARSE=PASS
WEIGHT_BUDGET_MIB=2048
WEIGHT_BUDGET_BYTES=2147483648
WEIGHT_BUDGET_SOURCE=ENV
WEIGHT_BUDGET_INPUT=2048
WEIGHT_BUDGET_PARSE=PASS
WEIGHT_BUDGET_MIB=2048
WEIGHT_BUDGET_BYTES=2147483648
WEIGHT_BUDGET_SOURCE=ENV
HEAP_OK_FINAL_NORM_BEFORE=1
FINAL_NORM_SRC_PTR=000001FA434ED060
FINAL_NORM_DST_PTR=000001FA434ED060
FINAL_NORM_WEIGHT_PTR=000001FA6C200000
FINAL_NORM_WEIGHT_SOURCE=HOST_MAPPED
FINAL_NORM_WEIGHT_FULFILLED=1
FINAL_NORM_WEIGHT_BYTES=12288
FINAL_NORM_WEIGHT_0=1.765625
FINAL_NORM_WEIGHT_1=1.75
FINAL_NORM_WEIGHT_2=1.5625
FINAL_NORM_WEIGHT_3=1.7734375
FINAL_NORM_WEIGHT_L2=91.4481258
FINAL_NORM_SUMSQ=1383.33468
FINAL_NORM_MEAN_SQ=0.450304259
FINAL_NORM_EPS=9.99999975e-06
FINAL_NORM_INV_RMS=1.4901917
FINAL_NORM_SRC_0=0.139995873
FINAL_NORM_DST_0=0.368345886
FINAL_NORM_AFTER_L2=88.1379455
HEAP_OK_FINAL_NORM_AFTER=1
WEIGHT_BUDGET_INPUT=2048
WEIGHT_BUDGET_PARSE=PASS
WEIGHT_BUDGET_MIB=2048
WEIGHT_BUDGET_BYTES=2147483648
WEIGHT_BUDGET_SOURCE=ENV
WEIGHT_BUDGET_INPUT=2048
WEIGHT_BUDGET_PARSE=PASS
WEIGHT_BUDGET_MIB=2048
WEIGHT_BUDGET_BYTES=2147483648
WEIGHT_BUDGET_SOURCE=ENV
WEIGHT_BUDGET_INPUT=2048
WEIGHT_BUDGET_PARSE=PASS
WEIGHT_BUDGET_MIB=2048
WEIGHT_BUDGET_BYTES=2147483648
WEIGHT_BUDGET_SOURCE=ENV
WEIGHT_BUDGET_INPUT=2048
WEIGHT_BUDGET_PARSE=PASS
WEIGHT_BUDGET_MIB=2048
WEIGHT_BUDGET_BYTES=2147483648
WEIGHT_BUDGET_SOURCE=ENV
WEIGHT_BUDGET_INPUT=2048
WEIGHT_BUDGET_PARSE=PASS
WEIGHT_BUDGET_MIB=2048
WEIGHT_BUDGET_BYTES=2147483648
WEIGHT_BUDGET_SOURCE=ENV
WEIGHT_BUDGET_INPUT=2048
WEIGHT_BUDGET_PARSE=PASS
WEIGHT_BUDGET_MIB=2048
WEIGHT_BUDGET_BYTES=2147483648
WEIGHT_BUDGET_SOURCE=ENV
WEIGHT_BUDGET_INPUT=2048
WEIGHT_BUDGET_PARSE=PASS
WEIGHT_BUDGET_MIB=2048
WEIGHT_BUDGET_BYTES=2147483648
WEIGHT_BUDGET_SOURCE=ENV
WEIGHT_BUDGET_INPUT=2048
WEIGHT_BUDGET_PARSE=PASS
WEIGHT_BUDGET_MIB=2048
WEIGHT_BUDGET_BYTES=2147483648
WEIGHT_BUDGET_SOURCE=ENV
WEIGHT_BUDGET_INPUT=2048
WEIGHT_BUDGET_PARSE=PASS
WEIGHT_BUDGET_MIB=2048
WEIGHT_BUDGET_BYTES=2147483648
WEIGHT_BUDGET_SOURCE=ENV
WEIGHT_BUDGET_INPUT=2048
WEIGHT_BUDGET_PARSE=PASS
WEIGHT_BUDGET_MIB=2048
WEIGHT_BUDGET_BYTES=2147483648
WEIGHT_BUDGET_SOURCE=ENV
WEIGHT_BUDGET_INPUT=2048
WEIGHT_BUDGET_PARSE=PASS
WEIGHT_BUDGET_MIB=2048
WEIGHT_BUDGET_BYTES=2147483648
WEIGHT_BUDGET_SOURCE=ENV
WEIGHT_BUDGET_INPUT=2048
WEIGHT_BUDGET_PARSE=PASS
WEIGHT_BUDGET_MIB=2048
WEIGHT_BUDGET_BYTES=2147483648
WEIGHT_BUDGET_SOURCE=ENV
WEIGHT_BUDGET_INPUT=2048
WEIGHT_BUDGET_PARSE=PASS
WEIGHT_BUDGET_MIB=2048
WEIGHT_BUDGET_BYTES=2147483648
WEIGHT_BUDGET_SOURCE=ENV
WEIGHT_BUDGET_INPUT=2048
WEIGHT_BUDGET_PARSE=PASS
WEIGHT_BUDGET_MIB=2048
WEIGHT_BUDGET_BYTES=2147483648
WEIGHT_BUDGET_SOURCE=ENV
WEIGHT_BUDGET_INPUT=2048
WEIGHT_BUDGET_PARSE=PASS
WEIGHT_BUDGET_MIB=2048
WEIGHT_BUDGET_BYTES=2147483648
WEIGHT_BUDGET_SOURCE=ENV
WEIGHT_BUDGET_INPUT=2048
WEIGHT_BUDGET_PARSE=PASS
WEIGHT_BUDGET_MIB=2048
WEIGHT_BUDGET_BYTES=2147483648
WEIGHT_BUDGET_SOURCE=ENV
WEIGHT_BUDGET_INPUT=2048
WEIGHT_BUDGET_PARSE=PASS
WEIGHT_BUDGET_MIB=2048
WEIGHT_BUDGET_BYTES=2147483648
WEIGHT_BUDGET_SOURCE=ENV
WEIGHT_BUDGET_INPUT=2048
WEIGHT_BUDGET_PARSE=PASS
WEIGHT_BUDGET_MIB=2048
WEIGHT_BUDGET_BYTES=2147483648
WEIGHT_BUDGET_SOURCE=ENV
WEIGHT_BUDGET_INPUT=2048
WEIGHT_BUDGET_PARSE=PASS
WEIGHT_BUDGET_MIB=2048
WEIGHT_BUDGET_BYTES=2147483648
WEIGHT_BUDGET_SOURCE=ENV
WEIGHT_BUDGET_INPUT=2048
WEIGHT_BUDGET_PARSE=PASS
WEIGHT_BUDGET_MIB=2048
WEIGHT_BUDGET_BYTES=2147483648
WEIGHT_BUDGET_SOURCE=ENV
WEIGHT_BUDGET_INPUT=2048
WEIGHT_BUDGET_PARSE=PASS
WEIGHT_BUDGET_MIB=2048
WEIGHT_BUDGET_BYTES=2147483648
WEIGHT_BUDGET_SOURCE=ENV
WEIGHT_BUDGET_INPUT=2048
WEIGHT_BUDGET_PARSE=PASS
WEIGHT_BUDGET_MIB=2048
WEIGHT_BUDGET_BYTES=2147483648
WEIGHT_BUDGET_SOURCE=ENV
WEIGHT_BUDGET_INPUT=2048
WEIGHT_BUDGET_PARSE=PASS
WEIGHT_BUDGET_MIB=2048
WEIGHT_BUDGET_BYTES=2147483648
WEIGHT_BUDGET_SOURCE=ENV
WEIGHT_BUDGET_INPUT=2048
WEIGHT_BUDGET_PARSE=PASS
WEIGHT_BUDGET_MIB=2048
WEIGHT_BUDGET_BYTES=2147483648
WEIGHT_BUDGET_SOURCE=ENV
WEIGHT_BUDGET_INPUT=2048
WEIGHT_BUDGET_PARSE=PASS
WEIGHT_BUDGET_MIB=2048
WEIGHT_BUDGET_BYTES=2147483648
WEIGHT_BUDGET_SOURCE=ENV
WEIGHT_BUDGET_INPUT=2048
WEIGHT_BUDGET_PARSE=PASS
WEIGHT_BUDGET_MIB=2048
WEIGHT_BUDGET_BYTES=2147483648
WEIGHT_BUDGET_SOURCE=ENV
WEIGHT_BUDGET_INPUT=2048
WEIGHT_BUDGET_PARSE=PASS
WEIGHT_BUDGET_MIB=2048
WEIGHT_BUDGET_BYTES=2147483648
WEIGHT_BUDGET_SOURCE=ENV
WEIGHT_BUDGET_INPUT=2048
WEIGHT_BUDGET_PARSE=PASS
WEIGHT_BUDGET_MIB=2048
WEIGHT_BUDGET_BYTES=2147483648
WEIGHT_BUDGET_SOURCE=ENV
WEIGHT_BUDGET_INPUT=2048
WEIGHT_BUDGET_PARSE=PASS
WEIGHT_BUDGET_MIB=2048
WEIGHT_BUDGET_BYTES=2147483648
WEIGHT_BUDGET_SOURCE=ENV
WEIGHT_BUDGET_INPUT=2048
WEIGHT_BUDGET_PARSE=PASS
WEIGHT_BUDGET_MIB=2048
WEIGHT_BUDGET_BYTES=2147483648
WEIGHT_BUDGET_SOURCE=ENV
HEAP_OK_FINAL_NORM_BEFORE=1
FINAL_NORM_SRC_PTR=000001FA434F0060
FINAL_NORM_DST_PTR=000001FA434F0060
FINAL_NORM_WEIGHT_PTR=000001FA6C200000
FINAL_NORM_WEIGHT_SOURCE=HOST_MAPPED
FINAL_NORM_WEIGHT_FULFILLED=1
FINAL_NORM_WEIGHT_BYTES=12288
FINAL_NORM_WEIGHT_0=1.765625
FINAL_NORM_WEIGHT_1=1.75
FINAL_NORM_WEIGHT_2=1.5625
FINAL_NORM_WEIGHT_3=1.7734375
FINAL_NORM_WEIGHT_L2=91.4481258
FINAL_NORM_SUMSQ=1887.01955
FINAL_NORM_MEAN_SQ=0.614264175
FINAL_NORM_EPS=9.99999975e-06
FINAL_NORM_INV_RMS=1.27590644
FINAL_NORM_SRC_0=-0.519383132
FINAL_NORM_DST_0=-1.17005193
FINAL_NORM_AFTER_L2=88.9355149
HEAP_OK_FINAL_NORM_AFTER=1
WEIGHT_BUDGET_INPUT=2048
WEIGHT_BUDGET_PARSE=PASS
WEIGHT_BUDGET_MIB=2048
WEIGHT_BUDGET_BYTES=2147483648
WEIGHT_BUDGET_SOURCE=ENV
WEIGHT_BUDGET_INPUT=2048
WEIGHT_BUDGET_PARSE=PASS
WEIGHT_BUDGET_MIB=2048
WEIGHT_BUDGET_BYTES=2147483648
WEIGHT_BUDGET_SOURCE=ENV
WEIGHT_BUDGET_INPUT=2048
WEIGHT_BUDGET_PARSE=PASS
WEIGHT_BUDGET_MIB=2048
WEIGHT_BUDGET_BYTES=2147483648
WEIGHT_BUDGET_SOURCE=ENV
WEIGHT_BUDGET_INPUT=2048
WEIGHT_BUDGET_PARSE=PASS
WEIGHT_BUDGET_MIB=2048
WEIGHT_BUDGET_BYTES=2147483648
WEIGHT_BUDGET_SOURCE=ENV
WEIGHT_BUDGET_INPUT=2048
WEIGHT_BUDGET_PARSE=PASS
WEIGHT_BUDGET_MIB=2048
WEIGHT_BUDGET_BYTES=2147483648
WEIGHT_BUDGET_SOURCE=ENV
WEIGHT_BUDGET_INPUT=2048
WEIGHT_BUDGET_PARSE=PASS
WEIGHT_BUDGET_MIB=2048
WEIGHT_BUDGET_BYTES=2147483648
WEIGHT_BUDGET_SOURCE=ENV
WEIGHT_BUDGET_INPUT=2048
WEIGHT_BUDGET_PARSE=PASS
WEIGHT_BUDGET_MIB=2048
WEIGHT_BUDGET_BYTES=2147483648
WEIGHT_BUDGET_SOURCE=ENV
WEIGHT_BUDGET_INPUT=2048
WEIGHT_BUDGET_PARSE=PASS
WEIGHT_BUDGET_MIB=2048
WEIGHT_BUDGET_BYTES=2147483648
WEIGHT_BUDGET_SOURCE=ENV
WEIGHT_BUDGET_INPUT=2048
WEIGHT_BUDGET_PARSE=PASS
WEIGHT_BUDGET_MIB=2048
WEIGHT_BUDGET_BYTES=2147483648
WEIGHT_BUDGET_SOURCE=ENV
WEIGHT_BUDGET_INPUT=2048
WEIGHT_BUDGET_PARSE=PASS
WEIGHT_BUDGET_MIB=2048
WEIGHT_BUDGET_BYTES=2147483648
WEIGHT_BUDGET_SOURCE=ENV
WEIGHT_BUDGET_INPUT=2048
WEIGHT_BUDGET_PARSE=PASS
WEIGHT_BUDGET_MIB=2048
WEIGHT_BUDGET_BYTES=2147483648
WEIGHT_BUDGET_SOURCE=ENV
WEIGHT_BUDGET_INPUT=2048
WEIGHT_BUDGET_PARSE=PASS
WEIGHT_BUDGET_MIB=2048
WEIGHT_BUDGET_BYTES=2147483648
WEIGHT_BUDGET_SOURCE=ENV
WEIGHT_BUDGET_INPUT=2048
WEIGHT_BUDGET_PARSE=PASS
WEIGHT_BUDGET_MIB=2048
WEIGHT_BUDGET_BYTES=2147483648
WEIGHT_BUDGET_SOURCE=ENV
WEIGHT_BUDGET_INPUT=2048
WEIGHT_BUDGET_PARSE=PASS
WEIGHT_BUDGET_MIB=2048
WEIGHT_BUDGET_BYTES=2147483648
WEIGHT_BUDGET_SOURCE=ENV
WEIGHT_BUDGET_INPUT=2048
WEIGHT_BUDGET_PARSE=PASS
WEIGHT_BUDGET_MIB=2048
WEIGHT_BUDGET_BYTES=2147483648
WEIGHT_BUDGET_SOURCE=ENV
WEIGHT_BUDGET_INPUT=2048
WEIGHT_BUDGET_PARSE=PASS
WEIGHT_BUDGET_MIB=2048
WEIGHT_BUDGET_BYTES=2147483648
WEIGHT_BUDGET_SOURCE=ENV
WEIGHT_BUDGET_INPUT=2048
WEIGHT_BUDGET_PARSE=PASS
WEIGHT_BUDGET_MIB=2048
WEIGHT_BUDGET_BYTES=2147483648
WEIGHT_BUDGET_SOURCE=ENV
WEIGHT_BUDGET_INPUT=2048
WEIGHT_BUDGET_PARSE=PASS
WEIGHT_BUDGET_MIB=2048
WEIGHT_BUDGET_BYTES=2147483648
WEIGHT_BUDGET_SOURCE=ENV
WEIGHT_BUDGET_INPUT=2048
WEIGHT_BUDGET_PARSE=PASS
WEIGHT_BUDGET_MIB=2048
WEIGHT_BUDGET_BYTES=2147483648
WEIGHT_BUDGET_SOURCE=ENV
WEIGHT_BUDGET_INPUT=2048
WEIGHT_BUDGET_PARSE=PASS
WEIGHT_BUDGET_MIB=2048
WEIGHT_BUDGET_BYTES=2147483648
WEIGHT_BUDGET_SOURCE=ENV
WEIGHT_BUDGET_INPUT=2048
WEIGHT_BUDGET_PARSE=PASS
WEIGHT_BUDGET_MIB=2048
WEIGHT_BUDGET_BYTES=2147483648
WEIGHT_BUDGET_SOURCE=ENV
WEIGHT_BUDGET_INPUT=2048
WEIGHT_BUDGET_PARSE=PASS
WEIGHT_BUDGET_MIB=2048
WEIGHT_BUDGET_BYTES=2147483648
WEIGHT_BUDGET_SOURCE=ENV
WEIGHT_BUDGET_INPUT=2048
WEIGHT_BUDGET_PARSE=PASS
WEIGHT_BUDGET_MIB=2048
WEIGHT_BUDGET_BYTES=2147483648
WEIGHT_BUDGET_SOURCE=ENV
WEIGHT_BUDGET_INPUT=2048
WEIGHT_BUDGET_PARSE=PASS
WEIGHT_BUDGET_MIB=2048
WEIGHT_BUDGET_BYTES=2147483648
WEIGHT_BUDGET_SOURCE=ENV
WEIGHT_BUDGET_INPUT=2048
WEIGHT_BUDGET_PARSE=PASS
WEIGHT_BUDGET_MIB=2048
WEIGHT_BUDGET_BYTES=2147483648
WEIGHT_BUDGET_SOURCE=ENV
WEIGHT_BUDGET_INPUT=2048
WEIGHT_BUDGET_PARSE=PASS
WEIGHT_BUDGET_MIB=2048
WEIGHT_BUDGET_BYTES=2147483648
WEIGHT_BUDGET_SOURCE=ENV
WEIGHT_BUDGET_INPUT=2048
WEIGHT_BUDGET_PARSE=PASS
WEIGHT_BUDGET_MIB=2048
WEIGHT_BUDGET_BYTES=2147483648
WEIGHT_BUDGET_SOURCE=ENV
WEIGHT_BUDGET_INPUT=2048
WEIGHT_BUDGET_PARSE=PASS
WEIGHT_BUDGET_MIB=2048
WEIGHT_BUDGET_BYTES=2147483648
WEIGHT_BUDGET_SOURCE=ENV
WEIGHT_BUDGET_INPUT=2048
WEIGHT_BUDGET_PARSE=PASS
WEIGHT_BUDGET_MIB=2048
WEIGHT_BUDGET_BYTES=2147483648
WEIGHT_BUDGET_SOURCE=ENV
WEIGHT_BUDGET_INPUT=2048
WEIGHT_BUDGET_PARSE=PASS
WEIGHT_BUDGET_MIB=2048
WEIGHT_BUDGET_BYTES=2147483648
WEIGHT_BUDGET_SOURCE=ENV
HEAP_OK_FINAL_NORM_BEFORE=1
FINAL_NORM_SRC_PTR=000001FA434F3060
FINAL_NORM_DST_PTR=000001FA434F3060
FINAL_NORM_WEIGHT_PTR=000001FA6C200000
FINAL_NORM_WEIGHT_SOURCE=HOST_MAPPED
FINAL_NORM_WEIGHT_FULFILLED=1
FINAL_NORM_WEIGHT_BYTES=12288
FINAL_NORM_WEIGHT_0=1.765625
FINAL_NORM_WEIGHT_1=1.75
FINAL_NORM_WEIGHT_2=1.5625
FINAL_NORM_WEIGHT_3=1.7734375
FINAL_NORM_WEIGHT_L2=91.4481258
FINAL_NORM_SUMSQ=1181.0567
FINAL_NORM_MEAN_SQ=0.38445856
FINAL_NORM_EPS=9.99999975e-06
FINAL_NORM_INV_RMS=1.61275935
FINAL_NORM_SRC_0=-0.0701383129
FINAL_NORM_DST_0=-0.19972083
FINAL_NORM_AFTER_L2=90.4942034
HEAP_OK_FINAL_NORM_AFTER=1
WEIGHT_BUDGET_INPUT=2048
WEIGHT_BUDGET_PARSE=PASS
WEIGHT_BUDGET_MIB=2048
WEIGHT_BUDGET_BYTES=2147483648
WEIGHT_BUDGET_SOURCE=ENV
WEIGHT_BUDGET_INPUT=2048
WEIGHT_BUDGET_PARSE=PASS
WEIGHT_BUDGET_MIB=2048
WEIGHT_BUDGET_BYTES=2147483648
WEIGHT_BUDGET_SOURCE=ENV
WEIGHT_BUDGET_INPUT=2048
WEIGHT_BUDGET_PARSE=PASS
WEIGHT_BUDGET_MIB=2048
WEIGHT_BUDGET_BYTES=2147483648
WEIGHT_BUDGET_SOURCE=ENV
WEIGHT_BUDGET_INPUT=2048
WEIGHT_BUDGET_PARSE=PASS
WEIGHT_BUDGET_MIB=2048
WEIGHT_BUDGET_BYTES=2147483648
WEIGHT_BUDGET_SOURCE=ENV
WEIGHT_BUDGET_INPUT=2048
WEIGHT_BUDGET_PARSE=PASS
WEIGHT_BUDGET_MIB=2048
WEIGHT_BUDGET_BYTES=2147483648
WEIGHT_BUDGET_SOURCE=ENV
WEIGHT_BUDGET_INPUT=2048
WEIGHT_BUDGET_PARSE=PASS
WEIGHT_BUDGET_MIB=2048
WEIGHT_BUDGET_BYTES=2147483648
WEIGHT_BUDGET_SOURCE=ENV
WEIGHT_BUDGET_INPUT=2048
WEIGHT_BUDGET_PARSE=PASS
WEIGHT_BUDGET_MIB=2048
WEIGHT_BUDGET_BYTES=2147483648
WEIGHT_BUDGET_SOURCE=ENV
WEIGHT_BUDGET_INPUT=2048
WEIGHT_BUDGET_PARSE=PASS
WEIGHT_BUDGET_MIB=2048
WEIGHT_BUDGET_BYTES=2147483648
WEIGHT_BUDGET_SOURCE=ENV
WEIGHT_BUDGET_INPUT=2048
WEIGHT_BUDGET_PARSE=PASS
WEIGHT_BUDGET_MIB=2048
WEIGHT_BUDGET_BYTES=2147483648
WEIGHT_BUDGET_SOURCE=ENV
WEIGHT_BUDGET_INPUT=2048
WEIGHT_BUDGET_PARSE=PASS
WEIGHT_BUDGET_MIB=2048
WEIGHT_BUDGET_BYTES=2147483648
WEIGHT_BUDGET_SOURCE=ENV
WEIGHT_BUDGET_INPUT=2048
WEIGHT_BUDGET_PARSE=PASS
WEIGHT_BUDGET_MIB=2048
WEIGHT_BUDGET_BYTES=2147483648
WEIGHT_BUDGET_SOURCE=ENV
WEIGHT_BUDGET_INPUT=2048
WEIGHT_BUDGET_PARSE=PASS
WEIGHT_BUDGET_MIB=2048
WEIGHT_BUDGET_BYTES=2147483648
WEIGHT_BUDGET_SOURCE=ENV
WEIGHT_BUDGET_INPUT=2048
WEIGHT_BUDGET_PARSE=PASS
WEIGHT_BUDGET_MIB=2048
WEIGHT_BUDGET_BYTES=2147483648
WEIGHT_BUDGET_SOURCE=ENV
WEIGHT_BUDGET_INPUT=2048
WEIGHT_BUDGET_PARSE=PASS
WEIGHT_BUDGET_MIB=2048
WEIGHT_BUDGET_BYTES=2147483648
WEIGHT_BUDGET_SOURCE=ENV
WEIGHT_BUDGET_INPUT=2048
WEIGHT_BUDGET_PARSE=PASS
WEIGHT_BUDGET_MIB=2048
WEIGHT_BUDGET_BYTES=2147483648
WEIGHT_BUDGET_SOURCE=ENV
WEIGHT_BUDGET_INPUT=2048
WEIGHT_BUDGET_PARSE=PASS
WEIGHT_BUDGET_MIB=2048
WEIGHT_BUDGET_BYTES=2147483648
WEIGHT_BUDGET_SOURCE=ENV
WEIGHT_BUDGET_INPUT=2048
WEIGHT_BUDGET_PARSE=PASS
WEIGHT_BUDGET_MIB=2048
WEIGHT_BUDGET_BYTES=2147483648
WEIGHT_BUDGET_SOURCE=ENV
WEIGHT_BUDGET_INPUT=2048
WEIGHT_BUDGET_PARSE=PASS
WEIGHT_BUDGET_MIB=2048
WEIGHT_BUDGET_BYTES=2147483648
WEIGHT_BUDGET_SOURCE=ENV
WEIGHT_BUDGET_INPUT=2048
WEIGHT_BUDGET_PARSE=PASS
WEIGHT_BUDGET_MIB=2048
WEIGHT_BUDGET_BYTES=2147483648
WEIGHT_BUDGET_SOURCE=ENV
WEIGHT_BUDGET_INPUT=2048
WEIGHT_BUDGET_PARSE=PASS
WEIGHT_BUDGET_MIB=2048
WEIGHT_BUDGET_BYTES=2147483648
WEIGHT_BUDGET_SOURCE=ENV
WEIGHT_BUDGET_INPUT=2048
WEIGHT_BUDGET_PARSE=PASS
WEIGHT_BUDGET_MIB=2048
WEIGHT_BUDGET_BYTES=2147483648
WEIGHT_BUDGET_SOURCE=ENV
WEIGHT_BUDGET_INPUT=2048
WEIGHT_BUDGET_PARSE=PASS
WEIGHT_BUDGET_MIB=2048
WEIGHT_BUDGET_BYTES=2147483648
WEIGHT_BUDGET_SOURCE=ENV
WEIGHT_BUDGET_INPUT=2048
WEIGHT_BUDGET_PARSE=PASS
WEIGHT_BUDGET_MIB=2048
WEIGHT_BUDGET_BYTES=2147483648
WEIGHT_BUDGET_SOURCE=ENV
WEIGHT_BUDGET_INPUT=2048
WEIGHT_BUDGET_PARSE=PASS
WEIGHT_BUDGET_MIB=2048
WEIGHT_BUDGET_BYTES=2147483648
WEIGHT_BUDGET_SOURCE=ENV
WEIGHT_BUDGET_INPUT=2048
WEIGHT_BUDGET_PARSE=PASS
WEIGHT_BUDGET_MIB=2048
WEIGHT_BUDGET_BYTES=2147483648
WEIGHT_BUDGET_SOURCE=ENV
WEIGHT_BUDGET_INPUT=2048
WEIGHT_BUDGET_PARSE=PASS
WEIGHT_BUDGET_MIB=2048
WEIGHT_BUDGET_BYTES=2147483648
WEIGHT_BUDGET_SOURCE=ENV
WEIGHT_BUDGET_INPUT=2048
WEIGHT_BUDGET_PARSE=PASS
WEIGHT_BUDGET_MIB=2048
WEIGHT_BUDGET_BYTES=2147483648
WEIGHT_BUDGET_SOURCE=ENV
WEIGHT_BUDGET_INPUT=2048
WEIGHT_BUDGET_PARSE=PASS
WEIGHT_BUDGET_MIB=2048
WEIGHT_BUDGET_BYTES=2147483648
WEIGHT_BUDGET_SOURCE=ENV
WEIGHT_BUDGET_INPUT=2048
WEIGHT_BUDGET_PARSE=PASS
WEIGHT_BUDGET_MIB=2048
WEIGHT_BUDGET_BYTES=2147483648
WEIGHT_BUDGET_SOURCE=ENV
WEIGHT_BUDGET_INPUT=2048
WEIGHT_BUDGET_PARSE=PASS
WEIGHT_BUDGET_MIB=2048
WEIGHT_BUDGET_BYTES=2147483648
WEIGHT_BUDGET_SOURCE=ENV
HEAP_OK_FINAL_NORM_BEFORE=1
FINAL_NORM_SRC_PTR=000001FA434F6060
FINAL_NORM_DST_PTR=000001FA434F6060
FINAL_NORM_WEIGHT_PTR=000001FA6C200000
FINAL_NORM_WEIGHT_SOURCE=HOST_MAPPED
FINAL_NORM_WEIGHT_FULFILLED=1
FINAL_NORM_WEIGHT_BYTES=12288
FINAL_NORM_WEIGHT_0=1.765625
FINAL_NORM_WEIGHT_1=1.75
FINAL_NORM_WEIGHT_2=1.5625
FINAL_NORM_WEIGHT_3=1.7734375
FINAL_NORM_WEIGHT_L2=91.4481258
FINAL_NORM_SUMSQ=1517.48056
FINAL_NORM_MEAN_SQ=0.493971535
FINAL_NORM_EPS=9.99999975e-06
FINAL_NORM_INV_RMS=1.42280257
FINAL_NORM_SRC_0=-0.724266052
FINAL_NORM_DST_0=-1.81945479
FINAL_NORM_AFTER_L2=89.9899609
HEAP_OK_FINAL_NORM_AFTER=1
WEIGHT_BUDGET_INPUT=2048
WEIGHT_BUDGET_PARSE=PASS
WEIGHT_BUDGET_MIB=2048
WEIGHT_BUDGET_BYTES=2147483648
WEIGHT_BUDGET_SOURCE=ENV
WEIGHT_BUDGET_INPUT=2048
WEIGHT_BUDGET_PARSE=PASS
WEIGHT_BUDGET_MIB=2048
WEIGHT_BUDGET_BYTES=2147483648
WEIGHT_BUDGET_SOURCE=ENV
WEIGHT_BUDGET_INPUT=2048
WEIGHT_BUDGET_PARSE=PASS
WEIGHT_BUDGET_MIB=2048
WEIGHT_BUDGET_BYTES=2147483648
WEIGHT_BUDGET_SOURCE=ENV
WEIGHT_BUDGET_INPUT=2048
WEIGHT_BUDGET_PARSE=PASS
WEIGHT_BUDGET_MIB=2048
WEIGHT_BUDGET_BYTES=2147483648
WEIGHT_BUDGET_SOURCE=ENV
WEIGHT_BUDGET_INPUT=2048
WEIGHT_BUDGET_PARSE=PASS
WEIGHT_BUDGET_MIB=2048
WEIGHT_BUDGET_BYTES=2147483648
WEIGHT_BUDGET_SOURCE=ENV
WEIGHT_BUDGET_INPUT=2048
WEIGHT_BUDGET_PARSE=PASS
WEIGHT_BUDGET_MIB=2048
WEIGHT_BUDGET_BYTES=2147483648
WEIGHT_BUDGET_SOURCE=ENV
WEIGHT_BUDGET_INPUT=2048
WEIGHT_BUDGET_PARSE=PASS
WEIGHT_BUDGET_MIB=2048
WEIGHT_BUDGET_BYTES=2147483648
WEIGHT_BUDGET_SOURCE=ENV
WEIGHT_BUDGET_INPUT=2048
WEIGHT_BUDGET_PARSE=PASS
WEIGHT_BUDGET_MIB=2048
WEIGHT_BUDGET_BYTES=2147483648
WEIGHT_BUDGET_SOURCE=ENV
WEIGHT_BUDGET_INPUT=2048
WEIGHT_BUDGET_PARSE=PASS
WEIGHT_BUDGET_MIB=2048
WEIGHT_BUDGET_BYTES=2147483648
WEIGHT_BUDGET_SOURCE=ENV
WEIGHT_BUDGET_INPUT=2048
WEIGHT_BUDGET_PARSE=PASS
WEIGHT_BUDGET_MIB=2048
WEIGHT_BUDGET_BYTES=2147483648
WEIGHT_BUDGET_SOURCE=ENV
WEIGHT_BUDGET_INPUT=2048
WEIGHT_BUDGET_PARSE=PASS
WEIGHT_BUDGET_MIB=2048
WEIGHT_BUDGET_BYTES=2147483648
WEIGHT_BUDGET_SOURCE=ENV
WEIGHT_BUDGET_INPUT=2048
WEIGHT_BUDGET_PARSE=PASS
WEIGHT_BUDGET_MIB=2048
WEIGHT_BUDGET_BYTES=2147483648
WEIGHT_BUDGET_SOURCE=ENV
WEIGHT_BUDGET_INPUT=2048
WEIGHT_BUDGET_PARSE=PASS
WEIGHT_BUDGET_MIB=2048
WEIGHT_BUDGET_BYTES=2147483648
WEIGHT_BUDGET_SOURCE=ENV
WEIGHT_BUDGET_INPUT=2048
WEIGHT_BUDGET_PARSE=PASS
WEIGHT_BUDGET_MIB=2048
WEIGHT_BUDGET_BYTES=2147483648
WEIGHT_BUDGET_SOURCE=ENV
WEIGHT_BUDGET_INPUT=2048
WEIGHT_BUDGET_PARSE=PASS
WEIGHT_BUDGET_MIB=2048
WEIGHT_BUDGET_BYTES=2147483648
WEIGHT_BUDGET_SOURCE=ENV
WEIGHT_BUDGET_INPUT=2048
WEIGHT_BUDGET_PARSE=PASS
WEIGHT_BUDGET_MIB=2048
WEIGHT_BUDGET_BYTES=2147483648
WEIGHT_BUDGET_SOURCE=ENV
WEIGHT_BUDGET_INPUT=2048
WEIGHT_BUDGET_PARSE=PASS
WEIGHT_BUDGET_MIB=2048
WEIGHT_BUDGET_BYTES=2147483648
WEIGHT_BUDGET_SOURCE=ENV
WEIGHT_BUDGET_INPUT=2048
WEIGHT_BUDGET_PARSE=PASS
WEIGHT_BUDGET_MIB=2048
WEIGHT_BUDGET_BYTES=2147483648
WEIGHT_BUDGET_SOURCE=ENV
WEIGHT_BUDGET_INPUT=2048
WEIGHT_BUDGET_PARSE=PASS
WEIGHT_BUDGET_MIB=2048
WEIGHT_BUDGET_BYTES=2147483648
WEIGHT_BUDGET_SOURCE=ENV
WEIGHT_BUDGET_INPUT=2048
WEIGHT_BUDGET_PARSE=PASS
WEIGHT_BUDGET_MIB=2048
WEIGHT_BUDGET_BYTES=2147483648
WEIGHT_BUDGET_SOURCE=ENV
WEIGHT_BUDGET_INPUT=2048
WEIGHT_BUDGET_PARSE=PASS
WEIGHT_BUDGET_MIB=2048
WEIGHT_BUDGET_BYTES=2147483648
WEIGHT_BUDGET_SOURCE=ENV
WEIGHT_BUDGET_INPUT=2048
WEIGHT_BUDGET_PARSE=PASS
WEIGHT_BUDGET_MIB=2048
WEIGHT_BUDGET_BYTES=2147483648
WEIGHT_BUDGET_SOURCE=ENV
WEIGHT_BUDGET_INPUT=2048
WEIGHT_BUDGET_PARSE=PASS
WEIGHT_BUDGET_MIB=2048
WEIGHT_BUDGET_BYTES=2147483648
WEIGHT_BUDGET_SOURCE=ENV
WEIGHT_BUDGET_INPUT=2048
WEIGHT_BUDGET_PARSE=PASS
WEIGHT_BUDGET_MIB=2048
WEIGHT_BUDGET_BYTES=2147483648
WEIGHT_BUDGET_SOURCE=ENV
WEIGHT_BUDGET_INPUT=2048
WEIGHT_BUDGET_PARSE=PASS
WEIGHT_BUDGET_MIB=2048
WEIGHT_BUDGET_BYTES=2147483648
WEIGHT_BUDGET_SOURCE=ENV
WEIGHT_BUDGET_INPUT=2048
WEIGHT_BUDGET_PARSE=PASS
WEIGHT_BUDGET_MIB=2048
WEIGHT_BUDGET_BYTES=2147483648
WEIGHT_BUDGET_SOURCE=ENV
WEIGHT_BUDGET_INPUT=2048
WEIGHT_BUDGET_PARSE=PASS
WEIGHT_BUDGET_MIB=2048
WEIGHT_BUDGET_BYTES=2147483648
WEIGHT_BUDGET_SOURCE=ENV
WEIGHT_BUDGET_INPUT=2048
WEIGHT_BUDGET_PARSE=PASS
WEIGHT_BUDGET_MIB=2048
WEIGHT_BUDGET_BYTES=2147483648
WEIGHT_BUDGET_SOURCE=ENV
WEIGHT_BUDGET_INPUT=2048
WEIGHT_BUDGET_PARSE=PASS
WEIGHT_BUDGET_MIB=2048
WEIGHT_BUDGET_BYTES=2147483648
WEIGHT_BUDGET_SOURCE=ENV
WEIGHT_BUDGET_INPUT=2048
WEIGHT_BUDGET_PARSE=PASS
WEIGHT_BUDGET_MIB=2048
WEIGHT_BUDGET_BYTES=2147483648
WEIGHT_BUDGET_SOURCE=ENV
HEAP_OK_FINAL_NORM_BEFORE=1
FINAL_NORM_SRC_PTR=000001FA434F9060
FINAL_NORM_DST_PTR=000001FA434F9060
FINAL_NORM_WEIGHT_PTR=000001FA6C200000
FINAL_NORM_WEIGHT_SOURCE=HOST_MAPPED
FINAL_NORM_WEIGHT_FULFILLED=1
FINAL_NORM_WEIGHT_BYTES=12288
FINAL_NORM_WEIGHT_0=1.765625
FINAL_NORM_WEIGHT_1=1.75
FINAL_NORM_WEIGHT_2=1.5625
FINAL_NORM_WEIGHT_3=1.7734375
FINAL_NORM_WEIGHT_L2=91.4481258
FINAL_NORM_SUMSQ=1427.18728
FINAL_NORM_MEAN_SQ=0.464579192
FINAL_NORM_EPS=9.99999975e-06
FINAL_NORM_INV_RMS=1.46711946
FINAL_NORM_SRC_0=0.278241873
FINAL_NORM_DST_0=0.720752954
FINAL_NORM_AFTER_L2=90.7952718
HEAP_OK_FINAL_NORM_AFTER=1
WEIGHT_BUDGET_INPUT=2048
WEIGHT_BUDGET_PARSE=PASS
WEIGHT_BUDGET_MIB=2048
WEIGHT_BUDGET_BYTES=2147483648
WEIGHT_BUDGET_SOURCE=ENV
WEIGHT_BUDGET_INPUT=2048
WEIGHT_BUDGET_PARSE=PASS
WEIGHT_BUDGET_MIB=2048
WEIGHT_BUDGET_BYTES=2147483648
WEIGHT_BUDGET_SOURCE=ENV
WEIGHT_BUDGET_INPUT=2048
WEIGHT_BUDGET_PARSE=PASS
WEIGHT_BUDGET_MIB=2048
WEIGHT_BUDGET_BYTES=2147483648
WEIGHT_BUDGET_SOURCE=ENV
WEIGHT_BUDGET_INPUT=2048
WEIGHT_BUDGET_PARSE=PASS
WEIGHT_BUDGET_MIB=2048
WEIGHT_BUDGET_BYTES=2147483648
WEIGHT_BUDGET_SOURCE=ENV
WEIGHT_BUDGET_INPUT=2048
WEIGHT_BUDGET_PARSE=PASS
WEIGHT_BUDGET_MIB=2048
WEIGHT_BUDGET_BYTES=2147483648
WEIGHT_BUDGET_SOURCE=ENV
WEIGHT_BUDGET_INPUT=2048
WEIGHT_BUDGET_PARSE=PASS
WEIGHT_BUDGET_MIB=2048
WEIGHT_BUDGET_BYTES=2147483648
WEIGHT_BUDGET_SOURCE=ENV
WEIGHT_BUDGET_INPUT=2048
WEIGHT_BUDGET_PARSE=PASS
WEIGHT_BUDGET_MIB=2048
WEIGHT_BUDGET_BYTES=2147483648
WEIGHT_BUDGET_SOURCE=ENV
WEIGHT_BUDGET_INPUT=2048
WEIGHT_BUDGET_PARSE=PASS
WEIGHT_BUDGET_MIB=2048
WEIGHT_BUDGET_BYTES=2147483648
WEIGHT_BUDGET_SOURCE=ENV
WEIGHT_BUDGET_INPUT=2048
WEIGHT_BUDGET_PARSE=PASS
WEIGHT_BUDGET_MIB=2048
WEIGHT_BUDGET_BYTES=2147483648
WEIGHT_BUDGET_SOURCE=ENV
WEIGHT_BUDGET_INPUT=2048
WEIGHT_BUDGET_PARSE=PASS
WEIGHT_BUDGET_MIB=2048
WEIGHT_BUDGET_BYTES=2147483648
WEIGHT_BUDGET_SOURCE=ENV
WEIGHT_BUDGET_INPUT=2048
WEIGHT_BUDGET_PARSE=PASS
WEIGHT_BUDGET_MIB=2048
WEIGHT_BUDGET_BYTES=2147483648
WEIGHT_BUDGET_SOURCE=ENV
WEIGHT_BUDGET_INPUT=2048
WEIGHT_BUDGET_PARSE=PASS
WEIGHT_BUDGET_MIB=2048
WEIGHT_BUDGET_BYTES=2147483648
WEIGHT_BUDGET_SOURCE=ENV
WEIGHT_BUDGET_INPUT=2048
WEIGHT_BUDGET_PARSE=PASS
WEIGHT_BUDGET_MIB=2048
WEIGHT_BUDGET_BYTES=2147483648
WEIGHT_BUDGET_SOURCE=ENV
WEIGHT_BUDGET_INPUT=2048
WEIGHT_BUDGET_PARSE=PASS
WEIGHT_BUDGET_MIB=2048
WEIGHT_BUDGET_BYTES=2147483648
WEIGHT_BUDGET_SOURCE=ENV
WEIGHT_BUDGET_INPUT=2048
WEIGHT_BUDGET_PARSE=PASS
WEIGHT_BUDGET_MIB=2048
WEIGHT_BUDGET_BYTES=2147483648
WEIGHT_BUDGET_SOURCE=ENV
WEIGHT_BUDGET_INPUT=2048
WEIGHT_BUDGET_PARSE=PASS
WEIGHT_BUDGET_MIB=2048
WEIGHT_BUDGET_BYTES=2147483648
WEIGHT_BUDGET_SOURCE=ENV
WEIGHT_BUDGET_INPUT=2048
WEIGHT_BUDGET_PARSE=PASS
WEIGHT_BUDGET_MIB=2048
WEIGHT_BUDGET_BYTES=2147483648
WEIGHT_BUDGET_SOURCE=ENV
WEIGHT_BUDGET_INPUT=2048
WEIGHT_BUDGET_PARSE=PASS
WEIGHT_BUDGET_MIB=2048
WEIGHT_BUDGET_BYTES=2147483648
WEIGHT_BUDGET_SOURCE=ENV
WEIGHT_BUDGET_INPUT=2048
WEIGHT_BUDGET_PARSE=PASS
WEIGHT_BUDGET_MIB=2048
WEIGHT_BUDGET_BYTES=2147483648
WEIGHT_BUDGET_SOURCE=ENV
WEIGHT_BUDGET_INPUT=2048
WEIGHT_BUDGET_PARSE=PASS
WEIGHT_BUDGET_MIB=2048
WEIGHT_BUDGET_BYTES=2147483648
WEIGHT_BUDGET_SOURCE=ENV
WEIGHT_BUDGET_INPUT=2048
WEIGHT_BUDGET_PARSE=PASS
WEIGHT_BUDGET_MIB=2048
WEIGHT_BUDGET_BYTES=2147483648
WEIGHT_BUDGET_SOURCE=ENV
WEIGHT_BUDGET_INPUT=2048
WEIGHT_BUDGET_PARSE=PASS
WEIGHT_BUDGET_MIB=2048
WEIGHT_BUDGET_BYTES=2147483648
WEIGHT_BUDGET_SOURCE=ENV
WEIGHT_BUDGET_INPUT=2048
WEIGHT_BUDGET_PARSE=PASS
WEIGHT_BUDGET_MIB=2048
WEIGHT_BUDGET_BYTES=2147483648
WEIGHT_BUDGET_SOURCE=ENV
WEIGHT_BUDGET_INPUT=2048
WEIGHT_BUDGET_PARSE=PASS
WEIGHT_BUDGET_MIB=2048
WEIGHT_BUDGET_BYTES=2147483648
WEIGHT_BUDGET_SOURCE=ENV
WEIGHT_BUDGET_INPUT=2048
WEIGHT_BUDGET_PARSE=PASS
WEIGHT_BUDGET_MIB=2048
WEIGHT_BUDGET_BYTES=2147483648
WEIGHT_BUDGET_SOURCE=ENV
WEIGHT_BUDGET_INPUT=2048
WEIGHT_BUDGET_PARSE=PASS
WEIGHT_BUDGET_MIB=2048
WEIGHT_BUDGET_BYTES=2147483648
WEIGHT_BUDGET_SOURCE=ENV
WEIGHT_BUDGET_INPUT=2048
WEIGHT_BUDGET_PARSE=PASS
WEIGHT_BUDGET_MIB=2048
WEIGHT_BUDGET_BYTES=2147483648
WEIGHT_BUDGET_SOURCE=ENV
WEIGHT_BUDGET_INPUT=2048
WEIGHT_BUDGET_PARSE=PASS
WEIGHT_BUDGET_MIB=2048
WEIGHT_BUDGET_BYTES=2147483648
WEIGHT_BUDGET_SOURCE=ENV
WEIGHT_BUDGET_INPUT=2048
WEIGHT_BUDGET_PARSE=PASS
WEIGHT_BUDGET_MIB=2048
WEIGHT_BUDGET_BYTES=2147483648
WEIGHT_BUDGET_SOURCE=ENV
WEIGHT_BUDGET_INPUT=2048
WEIGHT_BUDGET_PARSE=PASS
WEIGHT_BUDGET_MIB=2048
WEIGHT_BUDGET_BYTES=2147483648
WEIGHT_BUDGET_SOURCE=ENV
HEAP_OK_FINAL_NORM_BEFORE=1
FINAL_NORM_SRC_PTR=000001FA434FC060
FINAL_NORM_DST_PTR=000001FA434FC060
FINAL_NORM_WEIGHT_PTR=000001FA6C200000
FINAL_NORM_WEIGHT_SOURCE=HOST_MAPPED
FINAL_NORM_WEIGHT_FULFILLED=1
FINAL_NORM_WEIGHT_BYTES=12288
FINAL_NORM_WEIGHT_0=1.765625
FINAL_NORM_WEIGHT_1=1.75
FINAL_NORM_WEIGHT_2=1.5625
FINAL_NORM_WEIGHT_3=1.7734375
FINAL_NORM_WEIGHT_L2=91.4481258
FINAL_NORM_SUMSQ=1834.06412
FINAL_NORM_MEAN_SQ=0.59702608
FINAL_NORM_EPS=9.99999975e-06
FINAL_NORM_INV_RMS=1.29419494
FINAL_NORM_SRC_0=0.763929129
FINAL_NORM_DST_0=1.74562609
FINAL_NORM_AFTER_L2=89.5187166
HEAP_OK_FINAL_NORM_AFTER=1
WEIGHT_BUDGET_INPUT=2048
WEIGHT_BUDGET_PARSE=PASS
WEIGHT_BUDGET_MIB=2048
WEIGHT_BUDGET_BYTES=2147483648
WEIGHT_BUDGET_SOURCE=ENV
WEIGHT_BUDGET_INPUT=2048
WEIGHT_BUDGET_PARSE=PASS
WEIGHT_BUDGET_MIB=2048
WEIGHT_BUDGET_BYTES=2147483648
WEIGHT_BUDGET_SOURCE=ENV
WEIGHT_BUDGET_INPUT=2048
WEIGHT_BUDGET_PARSE=PASS
WEIGHT_BUDGET_MIB=2048
WEIGHT_BUDGET_BYTES=2147483648
WEIGHT_BUDGET_SOURCE=ENV
WEIGHT_BUDGET_INPUT=2048
WEIGHT_BUDGET_PARSE=PASS
WEIGHT_BUDGET_MIB=2048
WEIGHT_BUDGET_BYTES=2147483648
WEIGHT_BUDGET_SOURCE=ENV
WEIGHT_BUDGET_INPUT=2048
WEIGHT_BUDGET_PARSE=PASS
WEIGHT_BUDGET_MIB=2048
WEIGHT_BUDGET_BYTES=2147483648
WEIGHT_BUDGET_SOURCE=ENV
WEIGHT_BUDGET_INPUT=2048
WEIGHT_BUDGET_PARSE=PASS
WEIGHT_BUDGET_MIB=2048
WEIGHT_BUDGET_BYTES=2147483648
WEIGHT_BUDGET_SOURCE=ENV
WEIGHT_BUDGET_INPUT=2048
WEIGHT_BUDGET_PARSE=PASS
WEIGHT_BUDGET_MIB=2048
WEIGHT_BUDGET_BYTES=2147483648
WEIGHT_BUDGET_SOURCE=ENV
WEIGHT_BUDGET_INPUT=2048
WEIGHT_BUDGET_PARSE=PASS
WEIGHT_BUDGET_MIB=2048
WEIGHT_BUDGET_BYTES=2147483648
WEIGHT_BUDGET_SOURCE=ENV
WEIGHT_BUDGET_INPUT=2048
WEIGHT_BUDGET_PARSE=PASS
WEIGHT_BUDGET_MIB=2048
WEIGHT_BUDGET_BYTES=2147483648
WEIGHT_BUDGET_SOURCE=ENV
WEIGHT_BUDGET_INPUT=2048
WEIGHT_BUDGET_PARSE=PASS
WEIGHT_BUDGET_MIB=2048
WEIGHT_BUDGET_BYTES=2147483648
WEIGHT_BUDGET_SOURCE=ENV
WEIGHT_BUDGET_INPUT=2048
WEIGHT_BUDGET_PARSE=PASS
WEIGHT_BUDGET_MIB=2048
WEIGHT_BUDGET_BYTES=2147483648
WEIGHT_BUDGET_SOURCE=ENV
WEIGHT_BUDGET_INPUT=2048
WEIGHT_BUDGET_PARSE=PASS
WEIGHT_BUDGET_MIB=2048
WEIGHT_BUDGET_BYTES=2147483648
WEIGHT_BUDGET_SOURCE=ENV
WEIGHT_BUDGET_INPUT=2048
WEIGHT_BUDGET_PARSE=PASS
WEIGHT_BUDGET_MIB=2048
WEIGHT_BUDGET_BYTES=2147483648
WEIGHT_BUDGET_SOURCE=ENV
WEIGHT_BUDGET_INPUT=2048
WEIGHT_BUDGET_PARSE=PASS
WEIGHT_BUDGET_MIB=2048
WEIGHT_BUDGET_BYTES=2147483648
WEIGHT_BUDGET_SOURCE=ENV
WEIGHT_BUDGET_INPUT=2048
WEIGHT_BUDGET_PARSE=PASS
WEIGHT_BUDGET_MIB=2048
WEIGHT_BUDGET_BYTES=2147483648
WEIGHT_BUDGET_SOURCE=ENV
WEIGHT_BUDGET_INPUT=2048
WEIGHT_BUDGET_PARSE=PASS
WEIGHT_BUDGET_MIB=2048
WEIGHT_BUDGET_BYTES=2147483648
WEIGHT_BUDGET_SOURCE=ENV
WEIGHT_BUDGET_INPUT=2048
WEIGHT_BUDGET_PARSE=PASS
WEIGHT_BUDGET_MIB=2048
WEIGHT_BUDGET_BYTES=2147483648
WEIGHT_BUDGET_SOURCE=ENV
WEIGHT_BUDGET_INPUT=2048
WEIGHT_BUDGET_PARSE=PASS
WEIGHT_BUDGET_MIB=2048
WEIGHT_BUDGET_BYTES=2147483648
WEIGHT_BUDGET_SOURCE=ENV
WEIGHT_BUDGET_INPUT=2048
WEIGHT_BUDGET_PARSE=PASS
WEIGHT_BUDGET_MIB=2048
WEIGHT_BUDGET_BYTES=2147483648
WEIGHT_BUDGET_SOURCE=ENV
WEIGHT_BUDGET_INPUT=2048
WEIGHT_BUDGET_PARSE=PASS
WEIGHT_BUDGET_MIB=2048
WEIGHT_BUDGET_BYTES=2147483648
WEIGHT_BUDGET_SOURCE=ENV
WEIGHT_BUDGET_INPUT=2048
WEIGHT_BUDGET_PARSE=PASS
WEIGHT_BUDGET_MIB=2048
WEIGHT_BUDGET_BYTES=2147483648
WEIGHT_BUDGET_SOURCE=ENV
WEIGHT_BUDGET_INPUT=2048
WEIGHT_BUDGET_PARSE=PASS
WEIGHT_BUDGET_MIB=2048
WEIGHT_BUDGET_BYTES=2147483648
WEIGHT_BUDGET_SOURCE=ENV
WEIGHT_BUDGET_INPUT=2048
WEIGHT_BUDGET_PARSE=PASS
WEIGHT_BUDGET_MIB=2048
WEIGHT_BUDGET_BYTES=2147483648
WEIGHT_BUDGET_SOURCE=ENV
WEIGHT_BUDGET_INPUT=2048
WEIGHT_BUDGET_PARSE=PASS
WEIGHT_BUDGET_MIB=2048
WEIGHT_BUDGET_BYTES=2147483648
WEIGHT_BUDGET_SOURCE=ENV
WEIGHT_BUDGET_INPUT=2048
WEIGHT_BUDGET_PARSE=PASS
WEIGHT_BUDGET_MIB=2048
WEIGHT_BUDGET_BYTES=2147483648
WEIGHT_BUDGET_SOURCE=ENV
WEIGHT_BUDGET_INPUT=2048
WEIGHT_BUDGET_PARSE=PASS
WEIGHT_BUDGET_MIB=2048
WEIGHT_BUDGET_BYTES=2147483648
WEIGHT_BUDGET_SOURCE=ENV
WEIGHT_BUDGET_INPUT=2048
WEIGHT_BUDGET_PARSE=PASS
WEIGHT_BUDGET_MIB=2048
WEIGHT_BUDGET_BYTES=2147483648
WEIGHT_BUDGET_SOURCE=ENV
WEIGHT_BUDGET_INPUT=2048
WEIGHT_BUDGET_PARSE=PASS
WEIGHT_BUDGET_MIB=2048
WEIGHT_BUDGET_BYTES=2147483648
WEIGHT_BUDGET_SOURCE=ENV
WEIGHT_BUDGET_INPUT=2048
WEIGHT_BUDGET_PARSE=PASS
WEIGHT_BUDGET_MIB=2048
WEIGHT_BUDGET_BYTES=2147483648
WEIGHT_BUDGET_SOURCE=ENV
WEIGHT_BUDGET_INPUT=2048
WEIGHT_BUDGET_PARSE=PASS
WEIGHT_BUDGET_MIB=2048
WEIGHT_BUDGET_BYTES=2147483648
WEIGHT_BUDGET_SOURCE=ENV
HEAP_OK_FINAL_NORM_BEFORE=1
FINAL_NORM_SRC_PTR=000001FA434FF060
FINAL_NORM_DST_PTR=000001FA434FF060
FINAL_NORM_WEIGHT_PTR=000001FA6C200000
FINAL_NORM_WEIGHT_SOURCE=HOST_MAPPED
FINAL_NORM_WEIGHT_FULFILLED=1
FINAL_NORM_WEIGHT_BYTES=12288
FINAL_NORM_WEIGHT_0=1.765625
FINAL_NORM_WEIGHT_1=1.75
FINAL_NORM_WEIGHT_2=1.5625
FINAL_NORM_WEIGHT_3=1.7734375
FINAL_NORM_WEIGHT_L2=91.4481258
FINAL_NORM_SUMSQ=1761.2857
FINAL_NORM_MEAN_SQ=0.573335187
FINAL_NORM_EPS=9.99999975e-06
FINAL_NORM_INV_RMS=1.32066274
FINAL_NORM_SRC_0=0.425972641
FINAL_NORM_DST_0=0.993281007
FINAL_NORM_AFTER_L2=88.5812985
HEAP_OK_FINAL_NORM_AFTER=1
WEIGHT_BUDGET_INPUT=2048
WEIGHT_BUDGET_PARSE=PASS
WEIGHT_BUDGET_MIB=2048
WEIGHT_BUDGET_BYTES=2147483648
WEIGHT_BUDGET_SOURCE=ENV
WEIGHT_BUDGET_INPUT=2048
WEIGHT_BUDGET_PARSE=PASS
WEIGHT_BUDGET_MIB=2048
WEIGHT_BUDGET_BYTES=2147483648
WEIGHT_BUDGET_SOURCE=ENV
WEIGHT_BUDGET_INPUT=2048
WEIGHT_BUDGET_PARSE=PASS
WEIGHT_BUDGET_MIB=2048
WEIGHT_BUDGET_BYTES=2147483648
WEIGHT_BUDGET_SOURCE=ENV
WEIGHT_BUDGET_INPUT=2048
WEIGHT_BUDGET_PARSE=PASS
WEIGHT_BUDGET_MIB=2048
WEIGHT_BUDGET_BYTES=2147483648
WEIGHT_BUDGET_SOURCE=ENV
WEIGHT_BUDGET_INPUT=2048
WEIGHT_BUDGET_PARSE=PASS
WEIGHT_BUDGET_MIB=2048
WEIGHT_BUDGET_BYTES=2147483648
WEIGHT_BUDGET_SOURCE=ENV
WEIGHT_BUDGET_INPUT=2048
WEIGHT_BUDGET_PARSE=PASS
WEIGHT_BUDGET_MIB=2048
WEIGHT_BUDGET_BYTES=2147483648
WEIGHT_BUDGET_SOURCE=ENV
WEIGHT_BUDGET_INPUT=2048
WEIGHT_BUDGET_PARSE=PASS
WEIGHT_BUDGET_MIB=2048
WEIGHT_BUDGET_BYTES=2147483648
WEIGHT_BUDGET_SOURCE=ENV
WEIGHT_BUDGET_INPUT=2048
WEIGHT_BUDGET_PARSE=PASS
WEIGHT_BUDGET_MIB=2048
WEIGHT_BUDGET_BYTES=2147483648
WEIGHT_BUDGET_SOURCE=ENV
WEIGHT_BUDGET_INPUT=2048
WEIGHT_BUDGET_PARSE=PASS
WEIGHT_BUDGET_MIB=2048
WEIGHT_BUDGET_BYTES=2147483648
WEIGHT_BUDGET_SOURCE=ENV
WEIGHT_BUDGET_INPUT=2048
WEIGHT_BUDGET_PARSE=PASS
WEIGHT_BUDGET_MIB=2048
WEIGHT_BUDGET_BYTES=2147483648
WEIGHT_BUDGET_SOURCE=ENV
WEIGHT_BUDGET_INPUT=2048
WEIGHT_BUDGET_PARSE=PASS
WEIGHT_BUDGET_MIB=2048
WEIGHT_BUDGET_BYTES=2147483648
WEIGHT_BUDGET_SOURCE=ENV
WEIGHT_BUDGET_INPUT=2048
WEIGHT_BUDGET_PARSE=PASS
WEIGHT_BUDGET_MIB=2048
WEIGHT_BUDGET_BYTES=2147483648
WEIGHT_BUDGET_SOURCE=ENV
WEIGHT_BUDGET_INPUT=2048
WEIGHT_BUDGET_PARSE=PASS
WEIGHT_BUDGET_MIB=2048
WEIGHT_BUDGET_BYTES=2147483648
WEIGHT_BUDGET_SOURCE=ENV
WEIGHT_BUDGET_INPUT=2048
WEIGHT_BUDGET_PARSE=PASS
WEIGHT_BUDGET_MIB=2048
WEIGHT_BUDGET_BYTES=2147483648
WEIGHT_BUDGET_SOURCE=ENV
WEIGHT_BUDGET_INPUT=2048
WEIGHT_BUDGET_PARSE=PASS
WEIGHT_BUDGET_MIB=2048
WEIGHT_BUDGET_BYTES=2147483648
WEIGHT_BUDGET_SOURCE=ENV
WEIGHT_BUDGET_INPUT=2048
WEIGHT_BUDGET_PARSE=PASS
WEIGHT_BUDGET_MIB=2048
WEIGHT_BUDGET_BYTES=2147483648
WEIGHT_BUDGET_SOURCE=ENV
WEIGHT_BUDGET_INPUT=2048
WEIGHT_BUDGET_PARSE=PASS
WEIGHT_BUDGET_MIB=2048
WEIGHT_BUDGET_BYTES=2147483648
WEIGHT_BUDGET_SOURCE=ENV
WEIGHT_BUDGET_INPUT=2048
WEIGHT_BUDGET_PARSE=PASS
WEIGHT_BUDGET_MIB=2048
WEIGHT_BUDGET_BYTES=2147483648
WEIGHT_BUDGET_SOURCE=ENV
WEIGHT_BUDGET_INPUT=2048
WEIGHT_BUDGET_PARSE=PASS
WEIGHT_BUDGET_MIB=2048
WEIGHT_BUDGET_BYTES=2147483648
WEIGHT_BUDGET_SOURCE=ENV
WEIGHT_BUDGET_INPUT=2048
WEIGHT_BUDGET_PARSE=PASS
WEIGHT_BUDGET_MIB=2048
WEIGHT_BUDGET_BYTES=2147483648
WEIGHT_BUDGET_SOURCE=ENV
WEIGHT_BUDGET_INPUT=2048
WEIGHT_BUDGET_PARSE=PASS
WEIGHT_BUDGET_MIB=2048
WEIGHT_BUDGET_BYTES=2147483648
WEIGHT_BUDGET_SOURCE=ENV
WEIGHT_BUDGET_INPUT=2048
WEIGHT_BUDGET_PARSE=PASS
WEIGHT_BUDGET_MIB=2048
WEIGHT_BUDGET_BYTES=2147483648
WEIGHT_BUDGET_SOURCE=ENV
WEIGHT_BUDGET_INPUT=2048
WEIGHT_BUDGET_PARSE=PASS
WEIGHT_BUDGET_MIB=2048
WEIGHT_BUDGET_BYTES=2147483648
WEIGHT_BUDGET_SOURCE=ENV
WEIGHT_BUDGET_INPUT=2048
WEIGHT_BUDGET_PARSE=PASS
WEIGHT_BUDGET_MIB=2048
WEIGHT_BUDGET_BYTES=2147483648
WEIGHT_BUDGET_SOURCE=ENV
WEIGHT_BUDGET_INPUT=2048
WEIGHT_BUDGET_PARSE=PASS
WEIGHT_BUDGET_MIB=2048
WEIGHT_BUDGET_BYTES=2147483648
WEIGHT_BUDGET_SOURCE=ENV
WEIGHT_BUDGET_INPUT=2048
WEIGHT_BUDGET_PARSE=PASS
WEIGHT_BUDGET_MIB=2048
WEIGHT_BUDGET_BYTES=2147483648
WEIGHT_BUDGET_SOURCE=ENV
WEIGHT_BUDGET_INPUT=2048
WEIGHT_BUDGET_PARSE=PASS
WEIGHT_BUDGET_MIB=2048
WEIGHT_BUDGET_BYTES=2147483648
WEIGHT_BUDGET_SOURCE=ENV
WEIGHT_BUDGET_INPUT=2048
WEIGHT_BUDGET_PARSE=PASS
WEIGHT_BUDGET_MIB=2048
WEIGHT_BUDGET_BYTES=2147483648
WEIGHT_BUDGET_SOURCE=ENV
WEIGHT_BUDGET_INPUT=2048
WEIGHT_BUDGET_PARSE=PASS
WEIGHT_BUDGET_MIB=2048
WEIGHT_BUDGET_BYTES=2147483648
WEIGHT_BUDGET_SOURCE=ENV
WEIGHT_BUDGET_INPUT=2048
WEIGHT_BUDGET_PARSE=PASS
WEIGHT_BUDGET_MIB=2048
WEIGHT_BUDGET_BYTES=2147483648
WEIGHT_BUDGET_SOURCE=ENV
HEAP_OK_FINAL_NORM_BEFORE=1
FINAL_NORM_SRC_PTR=000001FA43502060
FINAL_NORM_DST_PTR=000001FA43502060
FINAL_NORM_WEIGHT_PTR=000001FA6C200000
FINAL_NORM_WEIGHT_SOURCE=HOST_MAPPED
FINAL_NORM_WEIGHT_FULFILLED=1
FINAL_NORM_WEIGHT_BYTES=12288
FINAL_NORM_WEIGHT_0=1.765625
FINAL_NORM_WEIGHT_1=1.75
FINAL_NORM_WEIGHT_2=1.5625
FINAL_NORM_WEIGHT_3=1.7734375
FINAL_NORM_WEIGHT_L2=91.4481258
FINAL_NORM_SUMSQ=1218.39048
FINAL_NORM_MEAN_SQ=0.396611484
FINAL_NORM_EPS=9.99999975e-06
FINAL_NORM_INV_RMS=1.5878588
FINAL_NORM_SRC_0=0.223880827
FINAL_NORM_DST_0=0.62766403
FINAL_NORM_AFTER_L2=88.707888
HEAP_OK_FINAL_NORM_AFTER=1
WEIGHT_BUDGET_INPUT=2048
WEIGHT_BUDGET_PARSE=PASS
WEIGHT_BUDGET_MIB=2048
WEIGHT_BUDGET_BYTES=2147483648
WEIGHT_BUDGET_SOURCE=ENV
WEIGHT_BUDGET_INPUT=2048
WEIGHT_BUDGET_PARSE=PASS
WEIGHT_BUDGET_MIB=2048
WEIGHT_BUDGET_BYTES=2147483648
WEIGHT_BUDGET_SOURCE=ENV
WEIGHT_BUDGET_INPUT=2048
WEIGHT_BUDGET_PARSE=PASS
WEIGHT_BUDGET_MIB=2048
WEIGHT_BUDGET_BYTES=2147483648
WEIGHT_BUDGET_SOURCE=ENV
WEIGHT_BUDGET_INPUT=2048
WEIGHT_BUDGET_PARSE=PASS
WEIGHT_BUDGET_MIB=2048
WEIGHT_BUDGET_BYTES=2147483648
WEIGHT_BUDGET_SOURCE=ENV
WEIGHT_BUDGET_INPUT=2048
WEIGHT_BUDGET_PARSE=PASS
WEIGHT_BUDGET_MIB=2048
WEIGHT_BUDGET_BYTES=2147483648
WEIGHT_BUDGET_SOURCE=ENV
WEIGHT_BUDGET_INPUT=2048
WEIGHT_BUDGET_PARSE=PASS
WEIGHT_BUDGET_MIB=2048
WEIGHT_BUDGET_BYTES=2147483648
WEIGHT_BUDGET_SOURCE=ENV
WEIGHT_BUDGET_INPUT=2048
WEIGHT_BUDGET_PARSE=PASS
WEIGHT_BUDGET_MIB=2048
WEIGHT_BUDGET_BYTES=2147483648
WEIGHT_BUDGET_SOURCE=ENV
WEIGHT_BUDGET_INPUT=2048
WEIGHT_BUDGET_PARSE=PASS
WEIGHT_BUDGET_MIB=2048
WEIGHT_BUDGET_BYTES=2147483648
WEIGHT_BUDGET_SOURCE=ENV
WEIGHT_BUDGET_INPUT=2048
WEIGHT_BUDGET_PARSE=PASS
WEIGHT_BUDGET_MIB=2048
WEIGHT_BUDGET_BYTES=2147483648
WEIGHT_BUDGET_SOURCE=ENV
WEIGHT_BUDGET_INPUT=2048
WEIGHT_BUDGET_PARSE=PASS
WEIGHT_BUDGET_MIB=2048
WEIGHT_BUDGET_BYTES=2147483648
WEIGHT_BUDGET_SOURCE=ENV
WEIGHT_BUDGET_INPUT=2048
WEIGHT_BUDGET_PARSE=PASS
WEIGHT_BUDGET_MIB=2048
WEIGHT_BUDGET_BYTES=2147483648
WEIGHT_BUDGET_SOURCE=ENV
WEIGHT_BUDGET_INPUT=2048
WEIGHT_BUDGET_PARSE=PASS
WEIGHT_BUDGET_MIB=2048
WEIGHT_BUDGET_BYTES=2147483648
WEIGHT_BUDGET_SOURCE=ENV
WEIGHT_BUDGET_INPUT=2048
WEIGHT_BUDGET_PARSE=PASS
WEIGHT_BUDGET_MIB=2048
WEIGHT_BUDGET_BYTES=2147483648
WEIGHT_BUDGET_SOURCE=ENV
WEIGHT_BUDGET_INPUT=2048
WEIGHT_BUDGET_PARSE=PASS
WEIGHT_BUDGET_MIB=2048
WEIGHT_BUDGET_BYTES=2147483648
WEIGHT_BUDGET_SOURCE=ENV
WEIGHT_BUDGET_INPUT=2048
WEIGHT_BUDGET_PARSE=PASS
WEIGHT_BUDGET_MIB=2048
WEIGHT_BUDGET_BYTES=2147483648
WEIGHT_BUDGET_SOURCE=ENV
WEIGHT_BUDGET_INPUT=2048
WEIGHT_BUDGET_PARSE=PASS
WEIGHT_BUDGET_MIB=2048
WEIGHT_BUDGET_BYTES=2147483648
WEIGHT_BUDGET_SOURCE=ENV
WEIGHT_BUDGET_INPUT=2048
WEIGHT_BUDGET_PARSE=PASS
WEIGHT_BUDGET_MIB=2048
WEIGHT_BUDGET_BYTES=2147483648
WEIGHT_BUDGET_SOURCE=ENV
WEIGHT_BUDGET_INPUT=2048
WEIGHT_BUDGET_PARSE=PASS
WEIGHT_BUDGET_MIB=2048
WEIGHT_BUDGET_BYTES=2147483648
WEIGHT_BUDGET_SOURCE=ENV
WEIGHT_BUDGET_INPUT=2048
WEIGHT_BUDGET_PARSE=PASS
WEIGHT_BUDGET_MIB=2048
WEIGHT_BUDGET_BYTES=2147483648
WEIGHT_BUDGET_SOURCE=ENV
WEIGHT_BUDGET_INPUT=2048
WEIGHT_BUDGET_PARSE=PASS
WEIGHT_BUDGET_MIB=2048
WEIGHT_BUDGET_BYTES=2147483648
WEIGHT_BUDGET_SOURCE=ENV
WEIGHT_BUDGET_INPUT=2048
WEIGHT_BUDGET_PARSE=PASS
WEIGHT_BUDGET_MIB=2048
WEIGHT_BUDGET_BYTES=2147483648
WEIGHT_BUDGET_SOURCE=ENV
WEIGHT_BUDGET_INPUT=2048
WEIGHT_BUDGET_PARSE=PASS
WEIGHT_BUDGET_MIB=2048
WEIGHT_BUDGET_BYTES=2147483648
WEIGHT_BUDGET_SOURCE=ENV
WEIGHT_BUDGET_INPUT=2048
WEIGHT_BUDGET_PARSE=PASS
WEIGHT_BUDGET_MIB=2048
WEIGHT_BUDGET_BYTES=2147483648
WEIGHT_BUDGET_SOURCE=ENV
WEIGHT_BUDGET_INPUT=2048
WEIGHT_BUDGET_PARSE=PASS
WEIGHT_BUDGET_MIB=2048
WEIGHT_BUDGET_BYTES=2147483648
WEIGHT_BUDGET_SOURCE=ENV
WEIGHT_BUDGET_INPUT=2048
WEIGHT_BUDGET_PARSE=PASS
WEIGHT_BUDGET_MIB=2048
WEIGHT_BUDGET_BYTES=2147483648
WEIGHT_BUDGET_SOURCE=ENV
WEIGHT_BUDGET_INPUT=2048
WEIGHT_BUDGET_PARSE=PASS
WEIGHT_BUDGET_MIB=2048
WEIGHT_BUDGET_BYTES=2147483648
WEIGHT_BUDGET_SOURCE=ENV
WEIGHT_BUDGET_INPUT=2048
WEIGHT_BUDGET_PARSE=PASS
WEIGHT_BUDGET_MIB=2048
WEIGHT_BUDGET_BYTES=2147483648
WEIGHT_BUDGET_SOURCE=ENV
WEIGHT_BUDGET_INPUT=2048
WEIGHT_BUDGET_PARSE=PASS
WEIGHT_BUDGET_MIB=2048
WEIGHT_BUDGET_BYTES=2147483648
WEIGHT_BUDGET_SOURCE=ENV
WEIGHT_BUDGET_INPUT=2048
WEIGHT_BUDGET_PARSE=PASS
WEIGHT_BUDGET_MIB=2048
WEIGHT_BUDGET_BYTES=2147483648
WEIGHT_BUDGET_SOURCE=ENV
WEIGHT_BUDGET_INPUT=2048
WEIGHT_BUDGET_PARSE=PASS
WEIGHT_BUDGET_MIB=2048
WEIGHT_BUDGET_BYTES=2147483648
WEIGHT_BUDGET_SOURCE=ENV
HEAP_OK_FINAL_NORM_BEFORE=1
FINAL_NORM_SRC_PTR=000001FA43505060
FINAL_NORM_DST_PTR=000001FA43505060
FINAL_NORM_WEIGHT_PTR=000001FA6C200000
FINAL_NORM_WEIGHT_SOURCE=HOST_MAPPED
FINAL_NORM_WEIGHT_FULFILLED=1
FINAL_NORM_WEIGHT_BYTES=12288
FINAL_NORM_WEIGHT_0=1.765625
FINAL_NORM_WEIGHT_1=1.75
FINAL_NORM_WEIGHT_2=1.5625
FINAL_NORM_WEIGHT_3=1.7734375
FINAL_NORM_WEIGHT_L2=91.4481258
FINAL_NORM_SUMSQ=1183.1827
FINAL_NORM_MEAN_SQ=0.385150619
FINAL_NORM_EPS=9.99999975e-06
FINAL_NORM_INV_RMS=1.61130989
FINAL_NORM_SRC_0=0.0580271482
FINAL_NORM_DST_0=0.16508545
FINAL_NORM_AFTER_L2=88.4447873
HEAP_OK_FINAL_NORM_AFTER=1
WEIGHT_BUDGET_INPUT=2048
WEIGHT_BUDGET_PARSE=PASS
WEIGHT_BUDGET_MIB=2048
WEIGHT_BUDGET_BYTES=2147483648
WEIGHT_BUDGET_SOURCE=ENV
WEIGHT_BUDGET_INPUT=2048
WEIGHT_BUDGET_PARSE=PASS
WEIGHT_BUDGET_MIB=2048
WEIGHT_BUDGET_BYTES=2147483648
WEIGHT_BUDGET_SOURCE=ENV
WEIGHT_BUDGET_INPUT=2048
WEIGHT_BUDGET_PARSE=PASS
WEIGHT_BUDGET_MIB=2048
WEIGHT_BUDGET_BYTES=2147483648
WEIGHT_BUDGET_SOURCE=ENV
WEIGHT_BUDGET_INPUT=2048
WEIGHT_BUDGET_PARSE=PASS
WEIGHT_BUDGET_MIB=2048
WEIGHT_BUDGET_BYTES=2147483648
WEIGHT_BUDGET_SOURCE=ENV
WEIGHT_BUDGET_INPUT=2048
WEIGHT_BUDGET_PARSE=PASS
WEIGHT_BUDGET_MIB=2048
WEIGHT_BUDGET_BYTES=2147483648
WEIGHT_BUDGET_SOURCE=ENV
WEIGHT_BUDGET_INPUT=2048
WEIGHT_BUDGET_PARSE=PASS
WEIGHT_BUDGET_MIB=2048
WEIGHT_BUDGET_BYTES=2147483648
WEIGHT_BUDGET_SOURCE=ENV
WEIGHT_BUDGET_INPUT=2048
WEIGHT_BUDGET_PARSE=PASS
WEIGHT_BUDGET_MIB=2048
WEIGHT_BUDGET_BYTES=2147483648
WEIGHT_BUDGET_SOURCE=ENV
WEIGHT_BUDGET_INPUT=2048
WEIGHT_BUDGET_PARSE=PASS
WEIGHT_BUDGET_MIB=2048
WEIGHT_BUDGET_BYTES=2147483648
WEIGHT_BUDGET_SOURCE=ENV
WEIGHT_BUDGET_INPUT=2048
WEIGHT_BUDGET_PARSE=PASS
WEIGHT_BUDGET_MIB=2048
WEIGHT_BUDGET_BYTES=2147483648
WEIGHT_BUDGET_SOURCE=ENV
WEIGHT_BUDGET_INPUT=2048
WEIGHT_BUDGET_PARSE=PASS
WEIGHT_BUDGET_MIB=2048
WEIGHT_BUDGET_BYTES=2147483648
WEIGHT_BUDGET_SOURCE=ENV
WEIGHT_BUDGET_INPUT=2048
WEIGHT_BUDGET_PARSE=PASS
WEIGHT_BUDGET_MIB=2048
WEIGHT_BUDGET_BYTES=2147483648
WEIGHT_BUDGET_SOURCE=ENV
WEIGHT_BUDGET_INPUT=2048
WEIGHT_BUDGET_PARSE=PASS
WEIGHT_BUDGET_MIB=2048
WEIGHT_BUDGET_BYTES=2147483648
WEIGHT_BUDGET_SOURCE=ENV
WEIGHT_BUDGET_INPUT=2048
WEIGHT_BUDGET_PARSE=PASS
WEIGHT_BUDGET_MIB=2048
WEIGHT_BUDGET_BYTES=2147483648
WEIGHT_BUDGET_SOURCE=ENV
WEIGHT_BUDGET_INPUT=2048
WEIGHT_BUDGET_PARSE=PASS
WEIGHT_BUDGET_MIB=2048
WEIGHT_BUDGET_BYTES=2147483648
WEIGHT_BUDGET_SOURCE=ENV
WEIGHT_BUDGET_INPUT=2048
WEIGHT_BUDGET_PARSE=PASS
WEIGHT_BUDGET_MIB=2048
WEIGHT_BUDGET_BYTES=2147483648
WEIGHT_BUDGET_SOURCE=ENV
WEIGHT_BUDGET_INPUT=2048
WEIGHT_BUDGET_PARSE=PASS
WEIGHT_BUDGET_MIB=2048
WEIGHT_BUDGET_BYTES=2147483648
WEIGHT_BUDGET_SOURCE=ENV
WEIGHT_BUDGET_INPUT=2048
WEIGHT_BUDGET_PARSE=PASS
WEIGHT_BUDGET_MIB=2048
WEIGHT_BUDGET_BYTES=2147483648
WEIGHT_BUDGET_SOURCE=ENV
WEIGHT_BUDGET_INPUT=2048
WEIGHT_BUDGET_PARSE=PASS
WEIGHT_BUDGET_MIB=2048
WEIGHT_BUDGET_BYTES=2147483648
WEIGHT_BUDGET_SOURCE=ENV
WEIGHT_BUDGET_INPUT=2048
WEIGHT_BUDGET_PARSE=PASS
WEIGHT_BUDGET_MIB=2048
WEIGHT_BUDGET_BYTES=2147483648
WEIGHT_BUDGET_SOURCE=ENV
WEIGHT_BUDGET_INPUT=2048
WEIGHT_BUDGET_PARSE=PASS
WEIGHT_BUDGET_MIB=2048
WEIGHT_BUDGET_BYTES=2147483648
WEIGHT_BUDGET_SOURCE=ENV
WEIGHT_BUDGET_INPUT=2048
WEIGHT_BUDGET_PARSE=PASS
WEIGHT_BUDGET_MIB=2048
WEIGHT_BUDGET_BYTES=2147483648
WEIGHT_BUDGET_SOURCE=ENV
WEIGHT_BUDGET_INPUT=2048
WEIGHT_BUDGET_PARSE=PASS
WEIGHT_BUDGET_MIB=2048
WEIGHT_BUDGET_BYTES=2147483648
WEIGHT_BUDGET_SOURCE=ENV
WEIGHT_BUDGET_INPUT=2048
WEIGHT_BUDGET_PARSE=PASS
WEIGHT_BUDGET_MIB=2048
WEIGHT_BUDGET_BYTES=2147483648
WEIGHT_BUDGET_SOURCE=ENV
WEIGHT_BUDGET_INPUT=2048
WEIGHT_BUDGET_PARSE=PASS
WEIGHT_BUDGET_MIB=2048
WEIGHT_BUDGET_BYTES=2147483648
WEIGHT_BUDGET_SOURCE=ENV
WEIGHT_BUDGET_INPUT=2048
WEIGHT_BUDGET_PARSE=PASS
WEIGHT_BUDGET_MIB=2048
WEIGHT_BUDGET_BYTES=2147483648
WEIGHT_BUDGET_SOURCE=ENV
WEIGHT_BUDGET_INPUT=2048
WEIGHT_BUDGET_PARSE=PASS
WEIGHT_BUDGET_MIB=2048
WEIGHT_BUDGET_BYTES=2147483648
WEIGHT_BUDGET_SOURCE=ENV
WEIGHT_BUDGET_INPUT=2048
WEIGHT_BUDGET_PARSE=PASS
WEIGHT_BUDGET_MIB=2048
WEIGHT_BUDGET_BYTES=2147483648
WEIGHT_BUDGET_SOURCE=ENV
WEIGHT_BUDGET_INPUT=2048
WEIGHT_BUDGET_PARSE=PASS
WEIGHT_BUDGET_MIB=2048
WEIGHT_BUDGET_BYTES=2147483648
WEIGHT_BUDGET_SOURCE=ENV
WEIGHT_BUDGET_INPUT=2048
WEIGHT_BUDGET_PARSE=PASS
WEIGHT_BUDGET_MIB=2048
WEIGHT_BUDGET_BYTES=2147483648
WEIGHT_BUDGET_SOURCE=ENV
WEIGHT_BUDGET_INPUT=2048
WEIGHT_BUDGET_PARSE=PASS
WEIGHT_BUDGET_MIB=2048
WEIGHT_BUDGET_BYTES=2147483648
WEIGHT_BUDGET_SOURCE=ENV
HEAP_OK_FINAL_NORM_BEFORE=1
FINAL_NORM_SRC_PTR=000001FA43508060
FINAL_NORM_DST_PTR=000001FA43508060
FINAL_NORM_WEIGHT_PTR=000001FA6C200000
FINAL_NORM_WEIGHT_SOURCE=HOST_MAPPED
FINAL_NORM_WEIGHT_FULFILLED=1
FINAL_NORM_WEIGHT_BYTES=12288
FINAL_NORM_WEIGHT_0=1.765625
FINAL_NORM_WEIGHT_1=1.75
FINAL_NORM_WEIGHT_2=1.5625
FINAL_NORM_WEIGHT_3=1.7734375
FINAL_NORM_WEIGHT_L2=91.4481258
FINAL_NORM_SUMSQ=1473.51856
FINAL_NORM_MEAN_SQ=0.479660991
FINAL_NORM_EPS=9.99999975e-06
FINAL_NORM_INV_RMS=1.44387054
FINAL_NORM_SRC_0=-0.398768067
FINAL_NORM_DST_0=-1.01659298
FINAL_NORM_AFTER_L2=89.4077274
HEAP_OK_FINAL_NORM_AFTER=1
WEIGHT_BUDGET_INPUT=2048
WEIGHT_BUDGET_PARSE=PASS
WEIGHT_BUDGET_MIB=2048
WEIGHT_BUDGET_BYTES=2147483648
WEIGHT_BUDGET_SOURCE=ENV
WEIGHT_BUDGET_INPUT=2048
WEIGHT_BUDGET_PARSE=PASS
WEIGHT_BUDGET_MIB=2048
WEIGHT_BUDGET_BYTES=2147483648
WEIGHT_BUDGET_SOURCE=ENV
WEIGHT_BUDGET_INPUT=2048
WEIGHT_BUDGET_PARSE=PASS
WEIGHT_BUDGET_MIB=2048
WEIGHT_BUDGET_BYTES=2147483648
WEIGHT_BUDGET_SOURCE=ENV
WEIGHT_BUDGET_INPUT=2048
WEIGHT_BUDGET_PARSE=PASS
WEIGHT_BUDGET_MIB=2048
WEIGHT_BUDGET_BYTES=2147483648
WEIGHT_BUDGET_SOURCE=ENV
WEIGHT_BUDGET_INPUT=2048
WEIGHT_BUDGET_PARSE=PASS
WEIGHT_BUDGET_MIB=2048
WEIGHT_BUDGET_BYTES=2147483648
WEIGHT_BUDGET_SOURCE=ENV
WEIGHT_BUDGET_INPUT=2048
WEIGHT_BUDGET_PARSE=PASS
WEIGHT_BUDGET_MIB=2048
WEIGHT_BUDGET_BYTES=2147483648
WEIGHT_BUDGET_SOURCE=ENV
WEIGHT_BUDGET_INPUT=2048
WEIGHT_BUDGET_PARSE=PASS
WEIGHT_BUDGET_MIB=2048
WEIGHT_BUDGET_BYTES=2147483648
WEIGHT_BUDGET_SOURCE=ENV
WEIGHT_BUDGET_INPUT=2048
WEIGHT_BUDGET_PARSE=PASS
WEIGHT_BUDGET_MIB=2048
WEIGHT_BUDGET_BYTES=2147483648
WEIGHT_BUDGET_SOURCE=ENV
WEIGHT_BUDGET_INPUT=2048
WEIGHT_BUDGET_PARSE=PASS
WEIGHT_BUDGET_MIB=2048
WEIGHT_BUDGET_BYTES=2147483648
WEIGHT_BUDGET_SOURCE=ENV
WEIGHT_BUDGET_INPUT=2048
WEIGHT_BUDGET_PARSE=PASS
WEIGHT_BUDGET_MIB=2048
WEIGHT_BUDGET_BYTES=2147483648
WEIGHT_BUDGET_SOURCE=ENV
WEIGHT_BUDGET_INPUT=2048
WEIGHT_BUDGET_PARSE=PASS
WEIGHT_BUDGET_MIB=2048
WEIGHT_BUDGET_BYTES=2147483648
WEIGHT_BUDGET_SOURCE=ENV
WEIGHT_BUDGET_INPUT=2048
WEIGHT_BUDGET_PARSE=PASS
WEIGHT_BUDGET_MIB=2048
WEIGHT_BUDGET_BYTES=2147483648
WEIGHT_BUDGET_SOURCE=ENV
WEIGHT_BUDGET_INPUT=2048
WEIGHT_BUDGET_PARSE=PASS
WEIGHT_BUDGET_MIB=2048
WEIGHT_BUDGET_BYTES=2147483648
WEIGHT_BUDGET_SOURCE=ENV
WEIGHT_BUDGET_INPUT=2048
WEIGHT_BUDGET_PARSE=PASS
WEIGHT_BUDGET_MIB=2048
WEIGHT_BUDGET_BYTES=2147483648
WEIGHT_BUDGET_SOURCE=ENV
WEIGHT_BUDGET_INPUT=2048
WEIGHT_BUDGET_PARSE=PASS
WEIGHT_BUDGET_MIB=2048
WEIGHT_BUDGET_BYTES=2147483648
WEIGHT_BUDGET_SOURCE=ENV
WEIGHT_BUDGET_INPUT=2048
WEIGHT_BUDGET_PARSE=PASS
WEIGHT_BUDGET_MIB=2048
WEIGHT_BUDGET_BYTES=2147483648
WEIGHT_BUDGET_SOURCE=ENV
WEIGHT_BUDGET_INPUT=2048
WEIGHT_BUDGET_PARSE=PASS
WEIGHT_BUDGET_MIB=2048
WEIGHT_BUDGET_BYTES=2147483648
WEIGHT_BUDGET_SOURCE=ENV
WEIGHT_BUDGET_INPUT=2048
WEIGHT_BUDGET_PARSE=PASS
WEIGHT_BUDGET_MIB=2048
WEIGHT_BUDGET_BYTES=2147483648
WEIGHT_BUDGET_SOURCE=ENV
WEIGHT_BUDGET_INPUT=2048
WEIGHT_BUDGET_PARSE=PASS
WEIGHT_BUDGET_MIB=2048
WEIGHT_BUDGET_BYTES=2147483648
WEIGHT_BUDGET_SOURCE=ENV
WEIGHT_BUDGET_INPUT=2048
WEIGHT_BUDGET_PARSE=PASS
WEIGHT_BUDGET_MIB=2048
WEIGHT_BUDGET_BYTES=2147483648
WEIGHT_BUDGET_SOURCE=ENV
WEIGHT_BUDGET_INPUT=2048
WEIGHT_BUDGET_PARSE=PASS
WEIGHT_BUDGET_MIB=2048
WEIGHT_BUDGET_BYTES=2147483648
WEIGHT_BUDGET_SOURCE=ENV
WEIGHT_BUDGET_INPUT=2048
WEIGHT_BUDGET_PARSE=PASS
WEIGHT_BUDGET_MIB=2048
WEIGHT_BUDGET_BYTES=2147483648
WEIGHT_BUDGET_SOURCE=ENV
WEIGHT_BUDGET_INPUT=2048
WEIGHT_BUDGET_PARSE=PASS
WEIGHT_BUDGET_MIB=2048
WEIGHT_BUDGET_BYTES=2147483648
WEIGHT_BUDGET_SOURCE=ENV
WEIGHT_BUDGET_INPUT=2048
WEIGHT_BUDGET_PARSE=PASS
WEIGHT_BUDGET_MIB=2048
WEIGHT_BUDGET_BYTES=2147483648
WEIGHT_BUDGET_SOURCE=ENV
WEIGHT_BUDGET_INPUT=2048
WEIGHT_BUDGET_PARSE=PASS
WEIGHT_BUDGET_MIB=2048
WEIGHT_BUDGET_BYTES=2147483648
WEIGHT_BUDGET_SOURCE=ENV
WEIGHT_BUDGET_INPUT=2048
WEIGHT_BUDGET_PARSE=PASS
WEIGHT_BUDGET_MIB=2048
WEIGHT_BUDGET_BYTES=2147483648
WEIGHT_BUDGET_SOURCE=ENV
WEIGHT_BUDGET_INPUT=2048
WEIGHT_BUDGET_PARSE=PASS
WEIGHT_BUDGET_MIB=2048
WEIGHT_BUDGET_BYTES=2147483648
WEIGHT_BUDGET_SOURCE=ENV
WEIGHT_BUDGET_INPUT=2048
WEIGHT_BUDGET_PARSE=PASS
WEIGHT_BUDGET_MIB=2048
WEIGHT_BUDGET_BYTES=2147483648
WEIGHT_BUDGET_SOURCE=ENV
WEIGHT_BUDGET_INPUT=2048
WEIGHT_BUDGET_PARSE=PASS
WEIGHT_BUDGET_MIB=2048
WEIGHT_BUDGET_BYTES=2147483648
WEIGHT_BUDGET_SOURCE=ENV
WEIGHT_BUDGET_INPUT=2048
WEIGHT_BUDGET_PARSE=PASS
WEIGHT_BUDGET_MIB=2048
WEIGHT_BUDGET_BYTES=2147483648
WEIGHT_BUDGET_SOURCE=ENV
HEAP_OK_FINAL_NORM_BEFORE=1
FINAL_NORM_SRC_PTR=000001FA4350B060
FINAL_NORM_DST_PTR=000001FA4350B060
FINAL_NORM_WEIGHT_PTR=000001FA6C200000
FINAL_NORM_WEIGHT_SOURCE=HOST_MAPPED
FINAL_NORM_WEIGHT_FULFILLED=1
FINAL_NORM_WEIGHT_BYTES=12288
FINAL_NORM_WEIGHT_0=1.765625
FINAL_NORM_WEIGHT_1=1.75
FINAL_NORM_WEIGHT_2=1.5625
FINAL_NORM_WEIGHT_3=1.7734375
FINAL_NORM_WEIGHT_L2=91.4481258
FINAL_NORM_SUMSQ=1543.36134
FINAL_NORM_MEAN_SQ=0.502396269
FINAL_NORM_EPS=9.99999975e-06
FINAL_NORM_INV_RMS=1.41082275
FINAL_NORM_SRC_0=-0.338396072
FINAL_NORM_DST_0=-0.842939138
FINAL_NORM_AFTER_L2=87.7130337
HEAP_OK_FINAL_NORM_AFTER=1
WEIGHT_BUDGET_INPUT=2048
WEIGHT_BUDGET_PARSE=PASS
WEIGHT_BUDGET_MIB=2048
WEIGHT_BUDGET_BYTES=2147483648
WEIGHT_BUDGET_SOURCE=ENV
WEIGHT_BUDGET_INPUT=2048
WEIGHT_BUDGET_PARSE=PASS
WEIGHT_BUDGET_MIB=2048
WEIGHT_BUDGET_BYTES=2147483648
WEIGHT_BUDGET_SOURCE=ENV
WEIGHT_BUDGET_INPUT=2048
WEIGHT_BUDGET_PARSE=PASS
WEIGHT_BUDGET_MIB=2048
WEIGHT_BUDGET_BYTES=2147483648
WEIGHT_BUDGET_SOURCE=ENV
WEIGHT_BUDGET_INPUT=2048
WEIGHT_BUDGET_PARSE=PASS
WEIGHT_BUDGET_MIB=2048
WEIGHT_BUDGET_BYTES=2147483648
WEIGHT_BUDGET_SOURCE=ENV
WEIGHT_BUDGET_INPUT=2048
WEIGHT_BUDGET_PARSE=PASS
WEIGHT_BUDGET_MIB=2048
WEIGHT_BUDGET_BYTES=2147483648
WEIGHT_BUDGET_SOURCE=ENV
WEIGHT_BUDGET_INPUT=2048
WEIGHT_BUDGET_PARSE=PASS
WEIGHT_BUDGET_MIB=2048
WEIGHT_BUDGET_BYTES=2147483648
WEIGHT_BUDGET_SOURCE=ENV
WEIGHT_BUDGET_INPUT=2048
WEIGHT_BUDGET_PARSE=PASS
WEIGHT_BUDGET_MIB=2048
WEIGHT_BUDGET_BYTES=2147483648
WEIGHT_BUDGET_SOURCE=ENV
WEIGHT_BUDGET_INPUT=2048
WEIGHT_BUDGET_PARSE=PASS
WEIGHT_BUDGET_MIB=2048
WEIGHT_BUDGET_BYTES=2147483648
WEIGHT_BUDGET_SOURCE=ENV
WEIGHT_BUDGET_INPUT=2048
WEIGHT_BUDGET_PARSE=PASS
WEIGHT_BUDGET_MIB=2048
WEIGHT_BUDGET_BYTES=2147483648
WEIGHT_BUDGET_SOURCE=ENV
WEIGHT_BUDGET_INPUT=2048
WEIGHT_BUDGET_PARSE=PASS
WEIGHT_BUDGET_MIB=2048
WEIGHT_BUDGET_BYTES=2147483648
WEIGHT_BUDGET_SOURCE=ENV
WEIGHT_BUDGET_INPUT=2048
WEIGHT_BUDGET_PARSE=PASS
WEIGHT_BUDGET_MIB=2048
WEIGHT_BUDGET_BYTES=2147483648
WEIGHT_BUDGET_SOURCE=ENV
WEIGHT_BUDGET_INPUT=2048
WEIGHT_BUDGET_PARSE=PASS
WEIGHT_BUDGET_MIB=2048
WEIGHT_BUDGET_BYTES=2147483648
WEIGHT_BUDGET_SOURCE=ENV
WEIGHT_BUDGET_INPUT=2048
WEIGHT_BUDGET_PARSE=PASS
WEIGHT_BUDGET_MIB=2048
WEIGHT_BUDGET_BYTES=2147483648
WEIGHT_BUDGET_SOURCE=ENV
WEIGHT_BUDGET_INPUT=2048
WEIGHT_BUDGET_PARSE=PASS
WEIGHT_BUDGET_MIB=2048
WEIGHT_BUDGET_BYTES=2147483648
WEIGHT_BUDGET_SOURCE=ENV
WEIGHT_BUDGET_INPUT=2048
WEIGHT_BUDGET_PARSE=PASS
WEIGHT_BUDGET_MIB=2048
WEIGHT_BUDGET_BYTES=2147483648
WEIGHT_BUDGET_SOURCE=ENV
WEIGHT_BUDGET_INPUT=2048
WEIGHT_BUDGET_PARSE=PASS
WEIGHT_BUDGET_MIB=2048
WEIGHT_BUDGET_BYTES=2147483648
WEIGHT_BUDGET_SOURCE=ENV
WEIGHT_BUDGET_INPUT=2048
WEIGHT_BUDGET_PARSE=PASS
WEIGHT_BUDGET_MIB=2048
WEIGHT_BUDGET_BYTES=2147483648
WEIGHT_BUDGET_SOURCE=ENV
WEIGHT_BUDGET_INPUT=2048
WEIGHT_BUDGET_PARSE=PASS
WEIGHT_BUDGET_MIB=2048
WEIGHT_BUDGET_BYTES=2147483648
WEIGHT_BUDGET_SOURCE=ENV
WEIGHT_BUDGET_INPUT=2048
WEIGHT_BUDGET_PARSE=PASS
WEIGHT_BUDGET_MIB=2048
WEIGHT_BUDGET_BYTES=2147483648
WEIGHT_BUDGET_SOURCE=ENV
WEIGHT_BUDGET_INPUT=2048
WEIGHT_BUDGET_PARSE=PASS
WEIGHT_BUDGET_MIB=2048
WEIGHT_BUDGET_BYTES=2147483648
WEIGHT_BUDGET_SOURCE=ENV
WEIGHT_BUDGET_INPUT=2048
WEIGHT_BUDGET_PARSE=PASS
WEIGHT_BUDGET_MIB=2048
WEIGHT_BUDGET_BYTES=2147483648
WEIGHT_BUDGET_SOURCE=ENV
WEIGHT_BUDGET_INPUT=2048
WEIGHT_BUDGET_PARSE=PASS
WEIGHT_BUDGET_MIB=2048
WEIGHT_BUDGET_BYTES=2147483648
WEIGHT_BUDGET_SOURCE=ENV
WEIGHT_BUDGET_INPUT=2048
WEIGHT_BUDGET_PARSE=PASS
WEIGHT_BUDGET_MIB=2048
WEIGHT_BUDGET_BYTES=2147483648
WEIGHT_BUDGET_SOURCE=ENV
WEIGHT_BUDGET_INPUT=2048
WEIGHT_BUDGET_PARSE=PASS
WEIGHT_BUDGET_MIB=2048
WEIGHT_BUDGET_BYTES=2147483648
WEIGHT_BUDGET_SOURCE=ENV
WEIGHT_BUDGET_INPUT=2048
WEIGHT_BUDGET_PARSE=PASS
WEIGHT_BUDGET_MIB=2048
WEIGHT_BUDGET_BYTES=2147483648
WEIGHT_BUDGET_SOURCE=ENV
WEIGHT_BUDGET_INPUT=2048
WEIGHT_BUDGET_PARSE=PASS
WEIGHT_BUDGET_MIB=2048
WEIGHT_BUDGET_BYTES=2147483648
WEIGHT_BUDGET_SOURCE=ENV
WEIGHT_BUDGET_INPUT=2048
WEIGHT_BUDGET_PARSE=PASS
WEIGHT_BUDGET_MIB=2048
WEIGHT_BUDGET_BYTES=2147483648
WEIGHT_BUDGET_SOURCE=ENV
WEIGHT_BUDGET_INPUT=2048
WEIGHT_BUDGET_PARSE=PASS
WEIGHT_BUDGET_MIB=2048
WEIGHT_BUDGET_BYTES=2147483648
WEIGHT_BUDGET_SOURCE=ENV
WEIGHT_BUDGET_INPUT=2048
WEIGHT_BUDGET_PARSE=PASS
WEIGHT_BUDGET_MIB=2048
WEIGHT_BUDGET_BYTES=2147483648
WEIGHT_BUDGET_SOURCE=ENV
WEIGHT_BUDGET_INPUT=2048
WEIGHT_BUDGET_PARSE=PASS
WEIGHT_BUDGET_MIB=2048
WEIGHT_BUDGET_BYTES=2147483648
WEIGHT_BUDGET_SOURCE=ENV
HEAP_OK_FINAL_NORM_BEFORE=1
FINAL_NORM_SRC_PTR=000001FA4350E060
FINAL_NORM_DST_PTR=000001FA4350E060
FINAL_NORM_WEIGHT_PTR=000001FA6C200000
FINAL_NORM_WEIGHT_SOURCE=HOST_MAPPED
FINAL_NORM_WEIGHT_FULFILLED=1
FINAL_NORM_WEIGHT_BYTES=12288
FINAL_NORM_WEIGHT_0=1.765625
FINAL_NORM_WEIGHT_1=1.75
FINAL_NORM_WEIGHT_2=1.5625
FINAL_NORM_WEIGHT_3=1.7734375
FINAL_NORM_WEIGHT_L2=91.4481258
FINAL_NORM_SUMSQ=2967.7891
FINAL_NORM_MEAN_SQ=0.966077181
FINAL_NORM_EPS=9.99999975e-06
FINAL_NORM_INV_RMS=1.01740026
FINAL_NORM_SRC_0=-1.021263
FINAL_NORM_DST_0=-1.83454311
FINAL_NORM_AFTER_L2=84.1246491
HEAP_OK_FINAL_NORM_AFTER=1
HEAP_OK_AFTER_PREFILL=1
HEAP_OK_DECODE_ENTER=1
HEAP_OK_DECODE_FEEDBACK_INIT=1
HEAP_OK_DECODE_STEP0_ENTER=1
DECODE_STEP0_PTRS h=000001FA4350E060 logits=000001FA42B6A020 lmHead=000001FA00000000 vocab=128256 hiddenDim=3072 promptLen=37
HEAP_OK_DECODE_STEP0_H_READY=1
HEAP_OK_LOGITS_BEFORE=1
HEAP_OK_COMPUTE_LOGITS_ENTER=1
HEAP_OK_LOGITS_LINEARW_BEFORE=1
HEAP_OK_LOGITS_LINEARW_AFTER=1
HEAP_OK_LOGITS_AFTER=1
B3_NORM_BAND_ARCH=llama SQRT_H=55.426 WARN_GT=100.0 EXPL_GT=1000.0 OBS_NORM=84.125 B3_NORM_EXPLOSION=0
HEAP_OK_SAMPLE_BEFORE=1
HEAP_OK_SAMPLE_AFTER=1
[AGENT] TOKEN id=40 piece=I
WEIGHT_BUDGET_INPUT=2048
WEIGHT_BUDGET_PARSE=PASS
WEIGHT_BUDGET_MIB=2048
WEIGHT_BUDGET_BYTES=2147483648
WEIGHT_BUDGET_SOURCE=ENV
WEIGHT_BUDGET_INPUT=2048
WEIGHT_BUDGET_PARSE=PASS
WEIGHT_BUDGET_MIB=2048
WEIGHT_BUDGET_BYTES=2147483648
WEIGHT_BUDGET_SOURCE=ENV
WEIGHT_BUDGET_INPUT=2048
WEIGHT_BUDGET_PARSE=PASS
WEIGHT_BUDGET_MIB=2048
WEIGHT_BUDGET_BYTES=2147483648
WEIGHT_BUDGET_SOURCE=ENV
WEIGHT_BUDGET_INPUT=2048
WEIGHT_BUDGET_PARSE=PASS
WEIGHT_BUDGET_MIB=2048
WEIGHT_BUDGET_BYTES=2147483648
WEIGHT_BUDGET_SOURCE=ENV
WEIGHT_BUDGET_INPUT=2048
WEIGHT_BUDGET_PARSE=PASS
WEIGHT_BUDGET_MIB=2048
WEIGHT_BUDGET_BYTES=2147483648
WEIGHT_BUDGET_SOURCE=ENV
WEIGHT_BUDGET_INPUT=2048
WEIGHT_BUDGET_PARSE=PASS
WEIGHT_BUDGET_MIB=2048
WEIGHT_BUDGET_BYTES=2147483648
WEIGHT_BUDGET_SOURCE=ENV
WEIGHT_BUDGET_INPUT=2048
WEIGHT_BUDGET_PARSE=PASS
WEIGHT_BUDGET_MIB=2048
WEIGHT_BUDGET_BYTES=2147483648
WEIGHT_BUDGET_SOURCE=ENV
WEIGHT_BUDGET_INPUT=2048
WEIGHT_BUDGET_PARSE=PASS
WEIGHT_BUDGET_MIB=2048
WEIGHT_BUDGET_BYTES=2147483648
WEIGHT_BUDGET_SOURCE=ENV
WEIGHT_BUDGET_INPUT=2048
WEIGHT_BUDGET_PARSE=PASS
WEIGHT_BUDGET_MIB=2048
WEIGHT_BUDGET_BYTES=2147483648
WEIGHT_BUDGET_SOURCE=ENV
WEIGHT_BUDGET_INPUT=2048
WEIGHT_BUDGET_PARSE=PASS
WEIGHT_BUDGET_MIB=2048
WEIGHT_BUDGET_BYTES=2147483648
WEIGHT_BUDGET_SOURCE=ENV
WEIGHT_BUDGET_INPUT=2048
WEIGHT_BUDGET_PARSE=PASS
WEIGHT_BUDGET_MIB=2048
WEIGHT_BUDGET_BYTES=2147483648
WEIGHT_BUDGET_SOURCE=ENV
WEIGHT_BUDGET_INPUT=2048
WEIGHT_BUDGET_PARSE=PASS
WEIGHT_BUDGET_MIB=2048
WEIGHT_BUDGET_BYTES=2147483648
WEIGHT_BUDGET_SOURCE=ENV
WEIGHT_BUDGET_INPUT=2048
WEIGHT_BUDGET_PARSE=PASS
WEIGHT_BUDGET_MIB=2048
WEIGHT_BUDGET_BYTES=2147483648
WEIGHT_BUDGET_SOURCE=ENV
WEIGHT_BUDGET_INPUT=2048
WEIGHT_BUDGET_PARSE=PASS
WEIGHT_BUDGET_MIB=2048
WEIGHT_BUDGET_BYTES=2147483648
WEIGHT_BUDGET_SOURCE=ENV
WEIGHT_BUDGET_INPUT=2048
WEIGHT_BUDGET_PARSE=PASS
WEIGHT_BUDGET_MIB=2048
WEIGHT_BUDGET_BYTES=2147483648
WEIGHT_BUDGET_SOURCE=ENV
WEIGHT_BUDGET_INPUT=2048
WEIGHT_BUDGET_PARSE=PASS
WEIGHT_BUDGET_MIB=2048
WEIGHT_BUDGET_BYTES=2147483648
WEIGHT_BUDGET_SOURCE=ENV
WEIGHT_BUDGET_INPUT=2048
WEIGHT_BUDGET_PARSE=PASS
WEIGHT_BUDGET_MIB=2048
WEIGHT_BUDGET_BYTES=2147483648
WEIGHT_BUDGET_SOURCE=ENV
WEIGHT_BUDGET_INPUT=2048
WEIGHT_BUDGET_PARSE=PASS
WEIGHT_BUDGET_MIB=2048
WEIGHT_BUDGET_BYTES=2147483648
WEIGHT_BUDGET_SOURCE=ENV
WEIGHT_BUDGET_INPUT=2048
WEIGHT_BUDGET_PARSE=PASS
WEIGHT_BUDGET_MIB=2048
WEIGHT_BUDGET_BYTES=2147483648
WEIGHT_BUDGET_SOURCE=ENV
WEIGHT_BUDGET_INPUT=2048
WEIGHT_BUDGET_PARSE=PASS
WEIGHT_BUDGET_MIB=2048
WEIGHT_BUDGET_BYTES=2147483648
WEIGHT_BUDGET_SOURCE=ENV
WEIGHT_BUDGET_INPUT=2048
WEIGHT_BUDGET_PARSE=PASS
WEIGHT_BUDGET_MIB=2048
WEIGHT_BUDGET_BYTES=2147483648
WEIGHT_BUDGET_SOURCE=ENV
WEIGHT_BUDGET_INPUT=2048
WEIGHT_BUDGET_PARSE=PASS
WEIGHT_BUDGET_MIB=2048
WEIGHT_BUDGET_BYTES=2147483648
WEIGHT_BUDGET_SOURCE=ENV
WEIGHT_BUDGET_INPUT=2048
WEIGHT_BUDGET_PARSE=PASS
WEIGHT_BUDGET_MIB=2048
WEIGHT_BUDGET_BYTES=2147483648
WEIGHT_BUDGET_SOURCE=ENV
WEIGHT_BUDGET_INPUT=2048
WEIGHT_BUDGET_PARSE=PASS
WEIGHT_BUDGET_MIB=2048
WEIGHT_BUDGET_BYTES=2147483648
WEIGHT_BUDGET_SOURCE=ENV
WEIGHT_BUDGET_INPUT=2048
WEIGHT_BUDGET_PARSE=PASS
WEIGHT_BUDGET_MIB=2048
WEIGHT_BUDGET_BYTES=2147483648
WEIGHT_BUDGET_SOURCE=ENV
WEIGHT_BUDGET_INPUT=2048
WEIGHT_BUDGET_PARSE=PASS
WEIGHT_BUDGET_MIB=2048
WEIGHT_BUDGET_BYTES=2147483648
WEIGHT_BUDGET_SOURCE=ENV
WEIGHT_BUDGET_INPUT=2048
WEIGHT_BUDGET_PARSE=PASS
WEIGHT_BUDGET_MIB=2048
WEIGHT_BUDGET_BYTES=2147483648
WEIGHT_BUDGET_SOURCE=ENV
WEIGHT_BUDGET_INPUT=2048
WEIGHT_BUDGET_PARSE=PASS
WEIGHT_BUDGET_MIB=2048
WEIGHT_BUDGET_BYTES=2147483648
WEIGHT_BUDGET_SOURCE=ENV
WEIGHT_BUDGET_INPUT=2048
WEIGHT_BUDGET_PARSE=PASS
WEIGHT_BUDGET_MIB=2048
WEIGHT_BUDGET_BYTES=2147483648
WEIGHT_BUDGET_SOURCE=ENV
WEIGHT_BUDGET_INPUT=2048
WEIGHT_BUDGET_PARSE=PASS
WEIGHT_BUDGET_MIB=2048
WEIGHT_BUDGET_BYTES=2147483648
WEIGHT_BUDGET_SOURCE=ENV
HEAP_OK_FINAL_NORM_BEFORE=1
FINAL_NORM_SRC_PTR=000001FA43511060
FINAL_NORM_DST_PTR=000001FA43511060
FINAL_NORM_WEIGHT_PTR=000001FA6C200000
FINAL_NORM_WEIGHT_SOURCE=HOST_MAPPED
FINAL_NORM_WEIGHT_FULFILLED=1
FINAL_NORM_WEIGHT_BYTES=12288
FINAL_NORM_WEIGHT_0=1.765625
FINAL_NORM_WEIGHT_1=1.75
FINAL_NORM_WEIGHT_2=1.5625
FINAL_NORM_WEIGHT_3=1.7734375
FINAL_NORM_WEIGHT_L2=91.4481258
FINAL_NORM_SUMSQ=7372.90994
FINAL_NORM_MEAN_SQ=2.40003579
FINAL_NORM_EPS=9.99999975e-06
FINAL_NORM_INV_RMS=0.645491064
FINAL_NORM_SRC_0=0.037094716
FINAL_NORM_DST_0=0.0422766656
FINAL_NORM_AFTER_L2=74.5509511
HEAP_OK_FINAL_NORM_AFTER=1
HEAP_OK_COMPUTE_LOGITS_ENTER=1
HEAP_OK_LOGITS_LINEARW_BEFORE=1
HEAP_OK_LOGITS_LINEARW_AFTER=1
PERSISTENT_DECODE_TOKEN t=1 kv=38 devices=2 model=1 gpu_res=1 ssvk=1 bind=1 sealed=0 dev_create=1 model_load=1 cmd_rebuild=0 ds_reset=0
BATCH2_PRODUCT_DECODE_BIND=PASS token=1
WEIGHT_BUDGET_INPUT=2048
WEIGHT_BUDGET_PARSE=PASS
WEIGHT_BUDGET_MIB=2048
WEIGHT_BUDGET_BYTES=2147483648
WEIGHT_BUDGET_SOURCE=ENV
WEIGHT_BUDGET_INPUT=2048
WEIGHT_BUDGET_PARSE=PASS
WEIGHT_BUDGET_MIB=2048
WEIGHT_BUDGET_BYTES=2147483648
WEIGHT_BUDGET_SOURCE=ENV
WEIGHT_BUDGET_INPUT=2048
WEIGHT_BUDGET_PARSE=PASS
WEIGHT_BUDGET_MIB=2048
WEIGHT_BUDGET_BYTES=2147483648
WEIGHT_BUDGET_SOURCE=ENV
WEIGHT_BUDGET_INPUT=2048
WEIGHT_BUDGET_PARSE=PASS
WEIGHT_BUDGET_MIB=2048
WEIGHT_BUDGET_BYTES=2147483648
WEIGHT_BUDGET_SOURCE=ENV
WEIGHT_BUDGET_INPUT=2048
WEIGHT_BUDGET_PARSE=PASS
WEIGHT_BUDGET_MIB=2048
WEIGHT_BUDGET_BYTES=2147483648
WEIGHT_BUDGET_SOURCE=ENV
WEIGHT_BUDGET_INPUT=2048
WEIGHT_BUDGET_PARSE=PASS
WEIGHT_BUDGET_MIB=2048
WEIGHT_BUDGET_BYTES=2147483648
WEIGHT_BUDGET_SOURCE=ENV
WEIGHT_BUDGET_INPUT=2048
WEIGHT_BUDGET_PARSE=PASS
WEIGHT_BUDGET_MIB=2048
WEIGHT_BUDGET_BYTES=2147483648
WEIGHT_BUDGET_SOURCE=ENV
WEIGHT_BUDGET_INPUT=2048
WEIGHT_BUDGET_PARSE=PASS
WEIGHT_BUDGET_MIB=2048
WEIGHT_BUDGET_BYTES=2147483648
WEIGHT_BUDGET_SOURCE=ENV
WEIGHT_BUDGET_INPUT=2048
WEIGHT_BUDGET_PARSE=PASS
WEIGHT_BUDGET_MIB=2048
WEIGHT_BUDGET_BYTES=2147483648
WEIGHT_BUDGET_SOURCE=ENV
WEIGHT_BUDGET_INPUT=2048
WEIGHT_BUDGET_PARSE=PASS
WEIGHT_BUDGET_MIB=2048
WEIGHT_BUDGET_BYTES=2147483648
WEIGHT_BUDGET_SOURCE=ENV
WEIGHT_BUDGET_INPUT=2048
WEIGHT_BUDGET_PARSE=PASS
WEIGHT_BUDGET_MIB=2048
WEIGHT_BUDGET_BYTES=2147483648
WEIGHT_BUDGET_SOURCE=ENV
WEIGHT_BUDGET_INPUT=2048
WEIGHT_BUDGET_PARSE=PASS
WEIGHT_BUDGET_MIB=2048
WEIGHT_BUDGET_BYTES=2147483648
WEIGHT_BUDGET_SOURCE=ENV
WEIGHT_BUDGET_INPUT=2048
WEIGHT_BUDGET_PARSE=PASS
WEIGHT_BUDGET_MIB=2048
WEIGHT_BUDGET_BYTES=2147483648
WEIGHT_BUDGET_SOURCE=ENV
WEIGHT_BUDGET_INPUT=2048
WEIGHT_BUDGET_PARSE=PASS
WEIGHT_BUDGET_MIB=2048
WEIGHT_BUDGET_BYTES=2147483648
WEIGHT_BUDGET_SOURCE=ENV
WEIGHT_BUDGET_INPUT=2048
WEIGHT_BUDGET_PARSE=PASS
WEIGHT_BUDGET_MIB=2048
WEIGHT_BUDGET_BYTES=2147483648
WEIGHT_BUDGET_SOURCE=ENV
WEIGHT_BUDGET_INPUT=2048
WEIGHT_BUDGET_PARSE=PASS
WEIGHT_BUDGET_MIB=2048
WEIGHT_BUDGET_BYTES=2147483648
WEIGHT_BUDGET_SOURCE=ENV
WEIGHT_BUDGET_INPUT=2048
WEIGHT_BUDGET_PARSE=PASS
WEIGHT_BUDGET_MIB=2048
WEIGHT_BUDGET_BYTES=2147483648
WEIGHT_BUDGET_SOURCE=ENV
WEIGHT_BUDGET_INPUT=2048
WEIGHT_BUDGET_PARSE=PASS
WEIGHT_BUDGET_MIB=2048
WEIGHT_BUDGET_BYTES=2147483648
WEIGHT_BUDGET_SOURCE=ENV
WEIGHT_BUDGET_INPUT=2048
WEIGHT_BUDGET_PARSE=PASS
WEIGHT_BUDGET_MIB=2048
WEIGHT_BUDGET_BYTES=2147483648
WEIGHT_BUDGET_SOURCE=ENV
WEIGHT_BUDGET_INPUT=2048
WEIGHT_BUDGET_PARSE=PASS
WEIGHT_BUDGET_MIB=2048
WEIGHT_BUDGET_BYTES=2147483648
WEIGHT_BUDGET_SOURCE=ENV
WEIGHT_BUDGET_INPUT=2048
WEIGHT_BUDGET_PARSE=PASS
WEIGHT_BUDGET_MIB=2048
WEIGHT_BUDGET_BYTES=2147483648
WEIGHT_BUDGET_SOURCE=ENV
WEIGHT_BUDGET_INPUT=2048
WEIGHT_BUDGET_PARSE=PASS
WEIGHT_BUDGET_MIB=2048
WEIGHT_BUDGET_BYTES=2147483648
WEIGHT_BUDGET_SOURCE=ENV
WEIGHT_BUDGET_INPUT=2048
WEIGHT_BUDGET_PARSE=PASS
WEIGHT_BUDGET_MIB=2048
WEIGHT_BUDGET_BYTES=2147483648
WEIGHT_BUDGET_SOURCE=ENV
WEIGHT_BUDGET_INPUT=2048
WEIGHT_BUDGET_PARSE=PASS
WEIGHT_BUDGET_MIB=2048
WEIGHT_BUDGET_BYTES=2147483648
WEIGHT_BUDGET_SOURCE=ENV
WEIGHT_BUDGET_INPUT=2048
WEIGHT_BUDGET_PARSE=PASS
WEIGHT_BUDGET_MIB=2048
WEIGHT_BUDGET_BYTES=2147483648
WEIGHT_BUDGET_SOURCE=ENV
WEIGHT_BUDGET_INPUT=2048
WEIGHT_BUDGET_PARSE=PASS
WEIGHT_BUDGET_MIB=2048
WEIGHT_BUDGET_BYTES=2147483648
WEIGHT_BUDGET_SOURCE=ENV
WEIGHT_BUDGET_INPUT=2048
WEIGHT_BUDGET_PARSE=PASS
WEIGHT_BUDGET_MIB=2048
WEIGHT_BUDGET_BYTES=2147483648
WEIGHT_BUDGET_SOURCE=ENV
WEIGHT_BUDGET_INPUT=2048
WEIGHT_BUDGET_PARSE=PASS
WEIGHT_BUDGET_MIB=2048
WEIGHT_BUDGET_BYTES=2147483648
WEIGHT_BUDGET_SOURCE=ENV
WEIGHT_BUDGET_INPUT=2048
WEIGHT_BUDGET_PARSE=PASS
WEIGHT_BUDGET_MIB=2048
WEIGHT_BUDGET_BYTES=2147483648
WEIGHT_BUDGET_SOURCE=ENV
WEIGHT_BUDGET_INPUT=2048
WEIGHT_BUDGET_PARSE=PASS
WEIGHT_BUDGET_MIB=2048
WEIGHT_BUDGET_BYTES=2147483648
WEIGHT_BUDGET_SOURCE=ENV
HEAP_OK_FINAL_NORM_BEFORE=1
FINAL_NORM_SRC_PTR=000001FA43514060
FINAL_NORM_DST_PTR=000001FA43514060
FINAL_NORM_WEIGHT_PTR=000001FA6C200000
FINAL_NORM_WEIGHT_SOURCE=HOST_MAPPED
FINAL_NORM_WEIGHT_FULFILLED=1
FINAL_NORM_WEIGHT_BYTES=12288
FINAL_NORM_WEIGHT_0=1.765625
FINAL_NORM_WEIGHT_1=1.75
FINAL_NORM_WEIGHT_2=1.5625
FINAL_NORM_WEIGHT_3=1.7734375
FINAL_NORM_WEIGHT_L2=91.4481258
FINAL_NORM_SUMSQ=6761.79978
FINAL_NORM_MEAN_SQ=2.2011067
FINAL_NORM_EPS=9.99999975e-06
FINAL_NORM_INV_RMS=0.674028814
FINAL_NORM_SRC_0=0.753735006
FINAL_NORM_DST_0=0.897006571
FINAL_NORM_AFTER_L2=73.0849133
HEAP_OK_FINAL_NORM_AFTER=1
HEAP_OK_COMPUTE_LOGITS_ENTER=1
HEAP_OK_LOGITS_LINEARW_BEFORE=1
HEAP_OK_LOGITS_LINEARW_AFTER=1
PERSISTENT_DECODE_TOKEN t=2 kv=39 devices=2 model=1 gpu_res=1 ssvk=1 bind=1 sealed=0 dev_create=1 model_load=1 cmd_rebuild=0 ds_reset=0
BATCH2_PRODUCT_DECODE_BIND=PASS token=2
WEIGHT_BUDGET_INPUT=2048
WEIGHT_BUDGET_PARSE=PASS
WEIGHT_BUDGET_MIB=2048
WEIGHT_BUDGET_BYTES=2147483648
WEIGHT_BUDGET_SOURCE=ENV
WEIGHT_BUDGET_INPUT=2048
WEIGHT_BUDGET_PARSE=PASS
WEIGHT_BUDGET_MIB=2048
WEIGHT_BUDGET_BYTES=2147483648
WEIGHT_BUDGET_SOURCE=ENV
WEIGHT_BUDGET_INPUT=2048
WEIGHT_BUDGET_PARSE=PASS
WEIGHT_BUDGET_MIB=2048
WEIGHT_BUDGET_BYTES=2147483648
WEIGHT_BUDGET_SOURCE=ENV
WEIGHT_BUDGET_INPUT=2048
WEIGHT_BUDGET_PARSE=PASS
WEIGHT_BUDGET_MIB=2048
WEIGHT_BUDGET_BYTES=2147483648
WEIGHT_BUDGET_SOURCE=ENV
WEIGHT_BUDGET_INPUT=2048
WEIGHT_BUDGET_PARSE=PASS
WEIGHT_BUDGET_MIB=2048
WEIGHT_BUDGET_BYTES=2147483648
WEIGHT_BUDGET_SOURCE=ENV
WEIGHT_BUDGET_INPUT=2048
WEIGHT_BUDGET_PARSE=PASS
WEIGHT_BUDGET_MIB=2048
WEIGHT_BUDGET_BYTES=2147483648
WEIGHT_BUDGET_SOURCE=ENV
WEIGHT_BUDGET_INPUT=2048
WEIGHT_BUDGET_PARSE=PASS
WEIGHT_BUDGET_MIB=2048
WEIGHT_BUDGET_BYTES=2147483648
WEIGHT_BUDGET_SOURCE=ENV
WEIGHT_BUDGET_INPUT=2048
WEIGHT_BUDGET_PARSE=PASS
WEIGHT_BUDGET_MIB=2048
WEIGHT_BUDGET_BYTES=2147483648
WEIGHT_BUDGET_SOURCE=ENV
WEIGHT_BUDGET_INPUT=2048
WEIGHT_BUDGET_PARSE=PASS
WEIGHT_BUDGET_MIB=2048
WEIGHT_BUDGET_BYTES=2147483648
WEIGHT_BUDGET_SOURCE=ENV
WEIGHT_BUDGET_INPUT=2048
WEIGHT_BUDGET_PARSE=PASS
WEIGHT_BUDGET_MIB=2048
WEIGHT_BUDGET_BYTES=2147483648
WEIGHT_BUDGET_SOURCE=ENV
WEIGHT_BUDGET_INPUT=2048
WEIGHT_BUDGET_PARSE=PASS
WEIGHT_BUDGET_MIB=2048
WEIGHT_BUDGET_BYTES=2147483648
WEIGHT_BUDGET_SOURCE=ENV
WEIGHT_BUDGET_INPUT=2048
WEIGHT_BUDGET_PARSE=PASS
WEIGHT_BUDGET_MIB=2048
WEIGHT_BUDGET_BYTES=2147483648
WEIGHT_BUDGET_SOURCE=ENV
WEIGHT_BUDGET_INPUT=2048
WEIGHT_BUDGET_PARSE=PASS
WEIGHT_BUDGET_MIB=2048
WEIGHT_BUDGET_BYTES=2147483648
WEIGHT_BUDGET_SOURCE=ENV
WEIGHT_BUDGET_INPUT=2048
WEIGHT_BUDGET_PARSE=PASS
WEIGHT_BUDGET_MIB=2048
WEIGHT_BUDGET_BYTES=2147483648
WEIGHT_BUDGET_SOURCE=ENV
WEIGHT_BUDGET_INPUT=2048
WEIGHT_BUDGET_PARSE=PASS
WEIGHT_BUDGET_MIB=2048
WEIGHT_BUDGET_BYTES=2147483648
WEIGHT_BUDGET_SOURCE=ENV
WEIGHT_BUDGET_INPUT=2048
WEIGHT_BUDGET_PARSE=PASS
WEIGHT_BUDGET_MIB=2048
WEIGHT_BUDGET_BYTES=2147483648
WEIGHT_BUDGET_SOURCE=ENV
WEIGHT_BUDGET_INPUT=2048
WEIGHT_BUDGET_PARSE=PASS
WEIGHT_BUDGET_MIB=2048
WEIGHT_BUDGET_BYTES=2147483648
WEIGHT_BUDGET_SOURCE=ENV
WEIGHT_BUDGET_INPUT=2048
WEIGHT_BUDGET_PARSE=PASS
WEIGHT_BUDGET_MIB=2048
WEIGHT_BUDGET_BYTES=2147483648
WEIGHT_BUDGET_SOURCE=ENV
WEIGHT_BUDGET_INPUT=2048
WEIGHT_BUDGET_PARSE=PASS
WEIGHT_BUDGET_MIB=2048
WEIGHT_BUDGET_BYTES=2147483648
WEIGHT_BUDGET_SOURCE=ENV
WEIGHT_BUDGET_INPUT=2048
WEIGHT_BUDGET_PARSE=PASS
WEIGHT_BUDGET_MIB=2048
WEIGHT_BUDGET_BYTES=2147483648
WEIGHT_BUDGET_SOURCE=ENV
WEIGHT_BUDGET_INPUT=2048
WEIGHT_BUDGET_PARSE=PASS
WEIGHT_BUDGET_MIB=2048
WEIGHT_BUDGET_BYTES=2147483648
WEIGHT_BUDGET_SOURCE=ENV
WEIGHT_BUDGET_INPUT=2048
WEIGHT_BUDGET_PARSE=PASS
WEIGHT_BUDGET_MIB=2048
WEIGHT_BUDGET_BYTES=2147483648
WEIGHT_BUDGET_SOURCE=ENV
WEIGHT_BUDGET_INPUT=2048
WEIGHT_BUDGET_PARSE=PASS
WEIGHT_BUDGET_MIB=2048
WEIGHT_BUDGET_BYTES=2147483648
WEIGHT_BUDGET_SOURCE=ENV
WEIGHT_BUDGET_INPUT=2048
WEIGHT_BUDGET_PARSE=PASS
WEIGHT_BUDGET_MIB=2048
WEIGHT_BUDGET_BYTES=2147483648
WEIGHT_BUDGET_SOURCE=ENV
WEIGHT_BUDGET_INPUT=2048
WEIGHT_BUDGET_PARSE=PASS
WEIGHT_BUDGET_MIB=2048
WEIGHT_BUDGET_BYTES=2147483648
WEIGHT_BUDGET_SOURCE=ENV
WEIGHT_BUDGET_INPUT=2048
WEIGHT_BUDGET_PARSE=PASS
WEIGHT_BUDGET_MIB=2048
WEIGHT_BUDGET_BYTES=2147483648
WEIGHT_BUDGET_SOURCE=ENV
WEIGHT_BUDGET_INPUT=2048
WEIGHT_BUDGET_PARSE=PASS
WEIGHT_BUDGET_MIB=2048
WEIGHT_BUDGET_BYTES=2147483648
WEIGHT_BUDGET_SOURCE=ENV
WEIGHT_BUDGET_INPUT=2048
WEIGHT_BUDGET_PARSE=PASS
WEIGHT_BUDGET_MIB=2048
WEIGHT_BUDGET_BYTES=2147483648
WEIGHT_BUDGET_SOURCE=ENV
WEIGHT_BUDGET_INPUT=2048
WEIGHT_BUDGET_PARSE=PASS
WEIGHT_BUDGET_MIB=2048
WEIGHT_BUDGET_BYTES=2147483648
WEIGHT_BUDGET_SOURCE=ENV
WEIGHT_BUDGET_INPUT=2048
WEIGHT_BUDGET_PARSE=PASS
WEIGHT_BUDGET_MIB=2048
WEIGHT_BUDGET_BYTES=2147483648
WEIGHT_BUDGET_SOURCE=ENV
HEAP_OK_FINAL_NORM_BEFORE=1
FINAL_NORM_SRC_PTR=000001FA43517060
FINAL_NORM_DST_PTR=000001FA43517060
FINAL_NORM_WEIGHT_PTR=000001FA6C200000
FINAL_NORM_WEIGHT_SOURCE=HOST_MAPPED
FINAL_NORM_WEIGHT_FULFILLED=1
FINAL_NORM_WEIGHT_BYTES=12288
FINAL_NORM_WEIGHT_0=1.765625
FINAL_NORM_WEIGHT_1=1.75
FINAL_NORM_WEIGHT_2=1.5625
FINAL_NORM_WEIGHT_3=1.7734375
FINAL_NORM_WEIGHT_L2=91.4481258
FINAL_NORM_SUMSQ=6567.46531
FINAL_NORM_MEAN_SQ=2.13784678
FINAL_NORM_EPS=9.99999975e-06
FINAL_NORM_INV_RMS=0.68392849
FINAL_NORM_SRC_0=-0.169491678
FINAL_NORM_DST_0=-0.204671577
FINAL_NORM_AFTER_L2=71.7351867
HEAP_OK_FINAL_NORM_AFTER=1
HEAP_OK_COMPUTE_LOGITS_ENTER=1
HEAP_OK_LOGITS_LINEARW_BEFORE=1
HEAP_OK_LOGITS_LINEARW_AFTER=1
PERSISTENT_DECODE_TOKEN t=3 kv=40 devices=2 model=1 gpu_res=1 ssvk=1 bind=1 sealed=0 dev_create=1 model_load=1 cmd_rebuild=0 ds_reset=0
BATCH2_PRODUCT_DECODE_BIND=PASS token=3
WEIGHT_BUDGET_INPUT=2048
WEIGHT_BUDGET_PARSE=PASS
WEIGHT_BUDGET_MIB=2048
WEIGHT_BUDGET_BYTES=2147483648
WEIGHT_BUDGET_SOURCE=ENV
WEIGHT_BUDGET_INPUT=2048
WEIGHT_BUDGET_PARSE=PASS
WEIGHT_BUDGET_MIB=2048
WEIGHT_BUDGET_BYTES=2147483648
WEIGHT_BUDGET_SOURCE=ENV
WEIGHT_BUDGET_INPUT=2048
WEIGHT_BUDGET_PARSE=PASS
WEIGHT_BUDGET_MIB=2048
WEIGHT_BUDGET_BYTES=2147483648
WEIGHT_BUDGET_SOURCE=ENV
WEIGHT_BUDGET_INPUT=2048
WEIGHT_BUDGET_PARSE=PASS
WEIGHT_BUDGET_MIB=2048
WEIGHT_BUDGET_BYTES=2147483648
WEIGHT_BUDGET_SOURCE=ENV
WEIGHT_BUDGET_INPUT=2048
WEIGHT_BUDGET_PARSE=PASS
WEIGHT_BUDGET_MIB=2048
WEIGHT_BUDGET_BYTES=2147483648
WEIGHT_BUDGET_SOURCE=ENV
WEIGHT_BUDGET_INPUT=2048
WEIGHT_BUDGET_PARSE=PASS
WEIGHT_BUDGET_MIB=2048
WEIGHT_BUDGET_BYTES=2147483648
WEIGHT_BUDGET_SOURCE=ENV
WEIGHT_BUDGET_INPUT=2048
WEIGHT_BUDGET_PARSE=PASS
WEIGHT_BUDGET_MIB=2048
WEIGHT_BUDGET_BYTES=2147483648
WEIGHT_BUDGET_SOURCE=ENV
WEIGHT_BUDGET_INPUT=2048
WEIGHT_BUDGET_PARSE=PASS
WEIGHT_BUDGET_MIB=2048
WEIGHT_BUDGET_BYTES=2147483648
WEIGHT_BUDGET_SOURCE=ENV
WEIGHT_BUDGET_INPUT=2048
WEIGHT_BUDGET_PARSE=PASS
WEIGHT_BUDGET_MIB=2048
WEIGHT_BUDGET_BYTES=2147483648
WEIGHT_BUDGET_SOURCE=ENV
WEIGHT_BUDGET_INPUT=2048
WEIGHT_BUDGET_PARSE=PASS
WEIGHT_BUDGET_MIB=2048
WEIGHT_BUDGET_BYTES=2147483648
WEIGHT_BUDGET_SOURCE=ENV
WEIGHT_BUDGET_INPUT=2048
WEIGHT_BUDGET_PARSE=PASS
WEIGHT_BUDGET_MIB=2048
WEIGHT_BUDGET_BYTES=2147483648
WEIGHT_BUDGET_SOURCE=ENV
WEIGHT_BUDGET_INPUT=2048
WEIGHT_BUDGET_PARSE=PASS
WEIGHT_BUDGET_MIB=2048
WEIGHT_BUDGET_BYTES=2147483648
WEIGHT_BUDGET_SOURCE=ENV
WEIGHT_BUDGET_INPUT=2048
WEIGHT_BUDGET_PARSE=PASS
WEIGHT_BUDGET_MIB=2048
WEIGHT_BUDGET_BYTES=2147483648
WEIGHT_BUDGET_SOURCE=ENV
WEIGHT_BUDGET_INPUT=2048
WEIGHT_BUDGET_PARSE=PASS
WEIGHT_BUDGET_MIB=2048
WEIGHT_BUDGET_BYTES=2147483648
WEIGHT_BUDGET_SOURCE=ENV
WEIGHT_BUDGET_INPUT=2048
WEIGHT_BUDGET_PARSE=PASS
WEIGHT_BUDGET_MIB=2048
WEIGHT_BUDGET_BYTES=2147483648
WEIGHT_BUDGET_SOURCE=ENV
WEIGHT_BUDGET_INPUT=2048
WEIGHT_BUDGET_PARSE=PASS
WEIGHT_BUDGET_MIB=2048
WEIGHT_BUDGET_BYTES=2147483648
WEIGHT_BUDGET_SOURCE=ENV
WEIGHT_BUDGET_INPUT=2048
WEIGHT_BUDGET_PARSE=PASS
WEIGHT_BUDGET_MIB=2048
WEIGHT_BUDGET_BYTES=2147483648
WEIGHT_BUDGET_SOURCE=ENV
WEIGHT_BUDGET_INPUT=2048
WEIGHT_BUDGET_PARSE=PASS
WEIGHT_BUDGET_MIB=2048
WEIGHT_BUDGET_BYTES=2147483648
WEIGHT_BUDGET_SOURCE=ENV
WEIGHT_BUDGET_INPUT=2048
WEIGHT_BUDGET_PARSE=PASS
WEIGHT_BUDGET_MIB=2048
WEIGHT_BUDGET_BYTES=2147483648
WEIGHT_BUDGET_SOURCE=ENV
WEIGHT_BUDGET_INPUT=2048
WEIGHT_BUDGET_PARSE=PASS
WEIGHT_BUDGET_MIB=2048
WEIGHT_BUDGET_BYTES=2147483648
WEIGHT_BUDGET_SOURCE=ENV
WEIGHT_BUDGET_INPUT=2048
WEIGHT_BUDGET_PARSE=PASS
WEIGHT_BUDGET_MIB=2048
WEIGHT_BUDGET_BYTES=2147483648
WEIGHT_BUDGET_SOURCE=ENV
WEIGHT_BUDGET_INPUT=2048
WEIGHT_BUDGET_PARSE=PASS
WEIGHT_BUDGET_MIB=2048
WEIGHT_BUDGET_BYTES=2147483648
WEIGHT_BUDGET_SOURCE=ENV
WEIGHT_BUDGET_INPUT=2048
WEIGHT_BUDGET_PARSE=PASS
WEIGHT_BUDGET_MIB=2048
WEIGHT_BUDGET_BYTES=2147483648
WEIGHT_BUDGET_SOURCE=ENV
WEIGHT_BUDGET_INPUT=2048
WEIGHT_BUDGET_PARSE=PASS
WEIGHT_BUDGET_MIB=2048
WEIGHT_BUDGET_BYTES=2147483648
WEIGHT_BUDGET_SOURCE=ENV
WEIGHT_BUDGET_INPUT=2048
WEIGHT_BUDGET_PARSE=PASS
WEIGHT_BUDGET_MIB=2048
WEIGHT_BUDGET_BYTES=2147483648
WEIGHT_BUDGET_SOURCE=ENV
WEIGHT_BUDGET_INPUT=2048
WEIGHT_BUDGET_PARSE=PASS
WEIGHT_BUDGET_MIB=2048
WEIGHT_BUDGET_BYTES=2147483648
WEIGHT_BUDGET_SOURCE=ENV
WEIGHT_BUDGET_INPUT=2048
WEIGHT_BUDGET_PARSE=PASS
WEIGHT_BUDGET_MIB=2048
WEIGHT_BUDGET_BYTES=2147483648
WEIGHT_BUDGET_SOURCE=ENV
WEIGHT_BUDGET_INPUT=2048
WEIGHT_BUDGET_PARSE=PASS
WEIGHT_BUDGET_MIB=2048
WEIGHT_BUDGET_BYTES=2147483648
WEIGHT_BUDGET_SOURCE=ENV
WEIGHT_BUDGET_INPUT=2048
WEIGHT_BUDGET_PARSE=PASS
WEIGHT_BUDGET_MIB=2048
WEIGHT_BUDGET_BYTES=2147483648
WEIGHT_BUDGET_SOURCE=ENV
WEIGHT_BUDGET_INPUT=2048
WEIGHT_BUDGET_PARSE=PASS
WEIGHT_BUDGET_MIB=2048
WEIGHT_BUDGET_BYTES=2147483648
WEIGHT_BUDGET_SOURCE=ENV
HEAP_OK_FINAL_NORM_BEFORE=1
FINAL_NORM_SRC_PTR=000001FA4351A060
FINAL_NORM_DST_PTR=000001FA4351A060
FINAL_NORM_WEIGHT_PTR=000001FA6C200000
FINAL_NORM_WEIGHT_SOURCE=HOST_MAPPED
FINAL_NORM_WEIGHT_FULFILLED=1
FINAL_NORM_WEIGHT_BYTES=12288
FINAL_NORM_WEIGHT_0=1.765625
FINAL_NORM_WEIGHT_1=1.75
FINAL_NORM_WEIGHT_2=1.5625
FINAL_NORM_WEIGHT_3=1.7734375
FINAL_NORM_WEIGHT_L2=91.4481258
FINAL_NORM_SUMSQ=5832.35499
FINAL_NORM_MEAN_SQ=1.89855306
FINAL_NORM_EPS=9.99999975e-06
FINAL_NORM_INV_RMS=0.725750744
FINAL_NORM_SRC_0=-0.197792441
FINAL_NORM_DST_0=-0.253451943
FINAL_NORM_AFTER_L2=70.7717175
HEAP_OK_FINAL_NORM_AFTER=1
HEAP_OK_COMPUTE_LOGITS_ENTER=1
HEAP_OK_LOGITS_LINEARW_BEFORE=1
HEAP_OK_LOGITS_LINEARW_AFTER=1
PERSISTENT_DECODE_TOKEN t=4 kv=41 devices=2 model=1 gpu_res=1 ssvk=1 bind=1 sealed=0 dev_create=1 model_load=1 cmd_rebuild=0 ds_reset=0
BATCH2_PRODUCT_DECODE_BIND=PASS token=4
WEIGHT_BUDGET_INPUT=2048
WEIGHT_BUDGET_PARSE=PASS
WEIGHT_BUDGET_MIB=2048
WEIGHT_BUDGET_BYTES=2147483648
WEIGHT_BUDGET_SOURCE=ENV
WEIGHT_BUDGET_INPUT=2048
WEIGHT_BUDGET_PARSE=PASS
WEIGHT_BUDGET_MIB=2048
WEIGHT_BUDGET_BYTES=2147483648
WEIGHT_BUDGET_SOURCE=ENV
WEIGHT_BUDGET_INPUT=2048
WEIGHT_BUDGET_PARSE=PASS
WEIGHT_BUDGET_MIB=2048
WEIGHT_BUDGET_BYTES=2147483648
WEIGHT_BUDGET_SOURCE=ENV
WEIGHT_BUDGET_INPUT=2048
WEIGHT_BUDGET_PARSE=PASS
WEIGHT_BUDGET_MIB=2048
WEIGHT_BUDGET_BYTES=2147483648
WEIGHT_BUDGET_SOURCE=ENV
WEIGHT_BUDGET_INPUT=2048
WEIGHT_BUDGET_PARSE=PASS
WEIGHT_BUDGET_MIB=2048
WEIGHT_BUDGET_BYTES=2147483648
WEIGHT_BUDGET_SOURCE=ENV
WEIGHT_BUDGET_INPUT=2048
WEIGHT_BUDGET_PARSE=PASS
WEIGHT_BUDGET_MIB=2048
WEIGHT_BUDGET_BYTES=2147483648
WEIGHT_BUDGET_SOURCE=ENV
WEIGHT_BUDGET_INPUT=2048
WEIGHT_BUDGET_PARSE=PASS
WEIGHT_BUDGET_MIB=2048
WEIGHT_BUDGET_BYTES=2147483648
WEIGHT_BUDGET_SOURCE=ENV
WEIGHT_BUDGET_INPUT=2048
WEIGHT_BUDGET_PARSE=PASS
WEIGHT_BUDGET_MIB=2048
WEIGHT_BUDGET_BYTES=2147483648
WEIGHT_BUDGET_SOURCE=ENV
WEIGHT_BUDGET_INPUT=2048
WEIGHT_BUDGET_PARSE=PASS
WEIGHT_BUDGET_MIB=2048
WEIGHT_BUDGET_BYTES=2147483648
WEIGHT_BUDGET_SOURCE=ENV
WEIGHT_BUDGET_INPUT=2048
WEIGHT_BUDGET_PARSE=PASS
WEIGHT_BUDGET_MIB=2048
WEIGHT_BUDGET_BYTES=2147483648
WEIGHT_BUDGET_SOURCE=ENV
WEIGHT_BUDGET_INPUT=2048
WEIGHT_BUDGET_PARSE=PASS
WEIGHT_BUDGET_MIB=2048
WEIGHT_BUDGET_BYTES=2147483648
WEIGHT_BUDGET_SOURCE=ENV
WEIGHT_BUDGET_INPUT=2048
WEIGHT_BUDGET_PARSE=PASS
WEIGHT_BUDGET_MIB=2048
WEIGHT_BUDGET_BYTES=2147483648
WEIGHT_BUDGET_SOURCE=ENV
WEIGHT_BUDGET_INPUT=2048
WEIGHT_BUDGET_PARSE=PASS
WEIGHT_BUDGET_MIB=2048
WEIGHT_BUDGET_BYTES=2147483648
WEIGHT_BUDGET_SOURCE=ENV
WEIGHT_BUDGET_INPUT=2048
WEIGHT_BUDGET_PARSE=PASS
WEIGHT_BUDGET_MIB=2048
WEIGHT_BUDGET_BYTES=2147483648
WEIGHT_BUDGET_SOURCE=ENV
WEIGHT_BUDGET_INPUT=2048
WEIGHT_BUDGET_PARSE=PASS
WEIGHT_BUDGET_MIB=2048
WEIGHT_BUDGET_BYTES=2147483648
WEIGHT_BUDGET_SOURCE=ENV
WEIGHT_BUDGET_INPUT=2048
WEIGHT_BUDGET_PARSE=PASS
WEIGHT_BUDGET_MIB=2048
WEIGHT_BUDGET_BYTES=2147483648
WEIGHT_BUDGET_SOURCE=ENV
WEIGHT_BUDGET_INPUT=2048
WEIGHT_BUDGET_PARSE=PASS
WEIGHT_BUDGET_MIB=2048
WEIGHT_BUDGET_BYTES=2147483648
WEIGHT_BUDGET_SOURCE=ENV
WEIGHT_BUDGET_INPUT=2048
WEIGHT_BUDGET_PARSE=PASS
WEIGHT_BUDGET_MIB=2048
WEIGHT_BUDGET_BYTES=2147483648
WEIGHT_BUDGET_SOURCE=ENV
WEIGHT_BUDGET_INPUT=2048
WEIGHT_BUDGET_PARSE=PASS
WEIGHT_BUDGET_MIB=2048
WEIGHT_BUDGET_BYTES=2147483648
WEIGHT_BUDGET_SOURCE=ENV
WEIGHT_BUDGET_INPUT=2048
WEIGHT_BUDGET_PARSE=PASS
WEIGHT_BUDGET_MIB=2048
WEIGHT_BUDGET_BYTES=2147483648
WEIGHT_BUDGET_SOURCE=ENV
WEIGHT_BUDGET_INPUT=2048
WEIGHT_BUDGET_PARSE=PASS
WEIGHT_BUDGET_MIB=2048
WEIGHT_BUDGET_BYTES=2147483648
WEIGHT_BUDGET_SOURCE=ENV
WEIGHT_BUDGET_INPUT=2048
WEIGHT_BUDGET_PARSE=PASS
WEIGHT_BUDGET_MIB=2048
WEIGHT_BUDGET_BYTES=2147483648
WEIGHT_BUDGET_SOURCE=ENV
WEIGHT_BUDGET_INPUT=2048
WEIGHT_BUDGET_PARSE=PASS
WEIGHT_BUDGET_MIB=2048
WEIGHT_BUDGET_BYTES=2147483648
WEIGHT_BUDGET_SOURCE=ENV
WEIGHT_BUDGET_INPUT=2048
WEIGHT_BUDGET_PARSE=PASS
WEIGHT_BUDGET_MIB=2048
WEIGHT_BUDGET_BYTES=2147483648
WEIGHT_BUDGET_SOURCE=ENV
WEIGHT_BUDGET_INPUT=2048
WEIGHT_BUDGET_PARSE=PASS
WEIGHT_BUDGET_MIB=2048
WEIGHT_BUDGET_BYTES=2147483648
WEIGHT_BUDGET_SOURCE=ENV
WEIGHT_BUDGET_INPUT=2048
WEIGHT_BUDGET_PARSE=PASS
WEIGHT_BUDGET_MIB=2048
WEIGHT_BUDGET_BYTES=2147483648
WEIGHT_BUDGET_SOURCE=ENV
WEIGHT_BUDGET_INPUT=2048
WEIGHT_BUDGET_PARSE=PASS
WEIGHT_BUDGET_MIB=2048
WEIGHT_BUDGET_BYTES=2147483648
WEIGHT_BUDGET_SOURCE=ENV
WEIGHT_BUDGET_INPUT=2048
WEIGHT_BUDGET_PARSE=PASS
WEIGHT_BUDGET_MIB=2048
WEIGHT_BUDGET_BYTES=2147483648
WEIGHT_BUDGET_SOURCE=ENV
WEIGHT_BUDGET_INPUT=2048
WEIGHT_BUDGET_PARSE=PASS
WEIGHT_BUDGET_MIB=2048
WEIGHT_BUDGET_BYTES=2147483648
WEIGHT_BUDGET_SOURCE=ENV
WEIGHT_BUDGET_INPUT=2048
WEIGHT_BUDGET_PARSE=PASS
WEIGHT_BUDGET_MIB=2048
WEIGHT_BUDGET_BYTES=2147483648
WEIGHT_BUDGET_SOURCE=ENV
HEAP_OK_FINAL_NORM_BEFORE=1
FINAL_NORM_SRC_PTR=000001FA4351D060
FINAL_NORM_DST_PTR=000001FA4351D060
FINAL_NORM_WEIGHT_PTR=000001FA6C200000
FINAL_NORM_WEIGHT_SOURCE=HOST_MAPPED
FINAL_NORM_WEIGHT_FULFILLED=1
FINAL_NORM_WEIGHT_BYTES=12288
FINAL_NORM_WEIGHT_0=1.765625
FINAL_NORM_WEIGHT_1=1.75
FINAL_NORM_WEIGHT_2=1.5625
FINAL_NORM_WEIGHT_3=1.7734375
FINAL_NORM_WEIGHT_L2=91.4481258
FINAL_NORM_SUMSQ=5661.78776
FINAL_NORM_MEAN_SQ=1.84302987
FINAL_NORM_EPS=9.99999975e-06
FINAL_NORM_INV_RMS=0.736601591
FINAL_NORM_SRC_0=0.151742548
FINAL_NORM_DST_0=0.197350621
FINAL_NORM_AFTER_L2=69.05697
HEAP_OK_FINAL_NORM_AFTER=1
HEAP_OK_COMPUTE_LOGITS_ENTER=1
HEAP_OK_LOGITS_LINEARW_BEFORE=1
HEAP_OK_LOGITS_LINEARW_AFTER=1
PERSISTENT_DECODE_TOKEN t=5 kv=42 devices=2 model=1 gpu_res=1 ssvk=1 bind=1 sealed=0 dev_create=1 model_load=1 cmd_rebuild=0 ds_reset=0
BATCH2_PRODUCT_DECODE_BIND=PASS token=5
WEIGHT_BUDGET_INPUT=2048
WEIGHT_BUDGET_PARSE=PASS
WEIGHT_BUDGET_MIB=2048
WEIGHT_BUDGET_BYTES=2147483648
WEIGHT_BUDGET_SOURCE=ENV
WEIGHT_BUDGET_INPUT=2048
WEIGHT_BUDGET_PARSE=PASS
WEIGHT_BUDGET_MIB=2048
WEIGHT_BUDGET_BYTES=2147483648
WEIGHT_BUDGET_SOURCE=ENV
WEIGHT_BUDGET_INPUT=2048
WEIGHT_BUDGET_PARSE=PASS
WEIGHT_BUDGET_MIB=2048
WEIGHT_BUDGET_BYTES=2147483648
WEIGHT_BUDGET_SOURCE=ENV
WEIGHT_BUDGET_INPUT=2048
WEIGHT_BUDGET_PARSE=PASS
WEIGHT_BUDGET_MIB=2048
WEIGHT_BUDGET_BYTES=2147483648
WEIGHT_BUDGET_SOURCE=ENV
WEIGHT_BUDGET_INPUT=2048
WEIGHT_BUDGET_PARSE=PASS
WEIGHT_BUDGET_MIB=2048
WEIGHT_BUDGET_BYTES=2147483648
WEIGHT_BUDGET_SOURCE=ENV
WEIGHT_BUDGET_INPUT=2048
WEIGHT_BUDGET_PARSE=PASS
WEIGHT_BUDGET_MIB=2048
WEIGHT_BUDGET_BYTES=2147483648
WEIGHT_BUDGET_SOURCE=ENV
WEIGHT_BUDGET_INPUT=2048
WEIGHT_BUDGET_PARSE=PASS
WEIGHT_BUDGET_MIB=2048
WEIGHT_BUDGET_BYTES=2147483648
WEIGHT_BUDGET_SOURCE=ENV
WEIGHT_BUDGET_INPUT=2048
WEIGHT_BUDGET_PARSE=PASS
WEIGHT_BUDGET_MIB=2048
WEIGHT_BUDGET_BYTES=2147483648
WEIGHT_BUDGET_SOURCE=ENV
WEIGHT_BUDGET_INPUT=2048
WEIGHT_BUDGET_PARSE=PASS
WEIGHT_BUDGET_MIB=2048
WEIGHT_BUDGET_BYTES=2147483648
WEIGHT_BUDGET_SOURCE=ENV
WEIGHT_BUDGET_INPUT=2048
WEIGHT_BUDGET_PARSE=PASS
WEIGHT_BUDGET_MIB=2048
WEIGHT_BUDGET_BYTES=2147483648
WEIGHT_BUDGET_SOURCE=ENV
WEIGHT_BUDGET_INPUT=2048
WEIGHT_BUDGET_PARSE=PASS
WEIGHT_BUDGET_MIB=2048
WEIGHT_BUDGET_BYTES=2147483648
WEIGHT_BUDGET_SOURCE=ENV
WEIGHT_BUDGET_INPUT=2048
WEIGHT_BUDGET_PARSE=PASS
WEIGHT_BUDGET_MIB=2048
WEIGHT_BUDGET_BYTES=2147483648
WEIGHT_BUDGET_SOURCE=ENV
WEIGHT_BUDGET_INPUT=2048
WEIGHT_BUDGET_PARSE=PASS
WEIGHT_BUDGET_MIB=2048
WEIGHT_BUDGET_BYTES=2147483648
WEIGHT_BUDGET_SOURCE=ENV
WEIGHT_BUDGET_INPUT=2048
WEIGHT_BUDGET_PARSE=PASS
WEIGHT_BUDGET_MIB=2048
WEIGHT_BUDGET_BYTES=2147483648
WEIGHT_BUDGET_SOURCE=ENV
WEIGHT_BUDGET_INPUT=2048
WEIGHT_BUDGET_PARSE=PASS
WEIGHT_BUDGET_MIB=2048
WEIGHT_BUDGET_BYTES=2147483648
WEIGHT_BUDGET_SOURCE=ENV
WEIGHT_BUDGET_INPUT=2048
WEIGHT_BUDGET_PARSE=PASS
WEIGHT_BUDGET_MIB=2048
WEIGHT_BUDGET_BYTES=2147483648
WEIGHT_BUDGET_SOURCE=ENV
WEIGHT_BUDGET_INPUT=2048
WEIGHT_BUDGET_PARSE=PASS
WEIGHT_BUDGET_MIB=2048
WEIGHT_BUDGET_BYTES=2147483648
WEIGHT_BUDGET_SOURCE=ENV
WEIGHT_BUDGET_INPUT=2048
WEIGHT_BUDGET_PARSE=PASS
WEIGHT_BUDGET_MIB=2048
WEIGHT_BUDGET_BYTES=2147483648
WEIGHT_BUDGET_SOURCE=ENV
WEIGHT_BUDGET_INPUT=2048
WEIGHT_BUDGET_PARSE=PASS
WEIGHT_BUDGET_MIB=2048
WEIGHT_BUDGET_BYTES=2147483648
WEIGHT_BUDGET_SOURCE=ENV
WEIGHT_BUDGET_INPUT=2048
WEIGHT_BUDGET_PARSE=PASS
WEIGHT_BUDGET_MIB=2048
WEIGHT_BUDGET_BYTES=2147483648
WEIGHT_BUDGET_SOURCE=ENV
WEIGHT_BUDGET_INPUT=2048
WEIGHT_BUDGET_PARSE=PASS
WEIGHT_BUDGET_MIB=2048
WEIGHT_BUDGET_BYTES=2147483648
WEIGHT_BUDGET_SOURCE=ENV
WEIGHT_BUDGET_INPUT=2048
WEIGHT_BUDGET_PARSE=PASS
WEIGHT_BUDGET_MIB=2048
WEIGHT_BUDGET_BYTES=2147483648
WEIGHT_BUDGET_SOURCE=ENV
WEIGHT_BUDGET_INPUT=2048
WEIGHT_BUDGET_PARSE=PASS
WEIGHT_BUDGET_MIB=2048
WEIGHT_BUDGET_BYTES=2147483648
WEIGHT_BUDGET_SOURCE=ENV
WEIGHT_BUDGET_INPUT=2048
WEIGHT_BUDGET_PARSE=PASS
WEIGHT_BUDGET_MIB=2048
WEIGHT_BUDGET_BYTES=2147483648
WEIGHT_BUDGET_SOURCE=ENV
WEIGHT_BUDGET_INPUT=2048
WEIGHT_BUDGET_PARSE=PASS
WEIGHT_BUDGET_MIB=2048
WEIGHT_BUDGET_BYTES=2147483648
WEIGHT_BUDGET_SOURCE=ENV
WEIGHT_BUDGET_INPUT=2048
WEIGHT_BUDGET_PARSE=PASS
WEIGHT_BUDGET_MIB=2048
WEIGHT_BUDGET_BYTES=2147483648
WEIGHT_BUDGET_SOURCE=ENV
WEIGHT_BUDGET_INPUT=2048
WEIGHT_BUDGET_PARSE=PASS
WEIGHT_BUDGET_MIB=2048
WEIGHT_BUDGET_BYTES=2147483648
WEIGHT_BUDGET_SOURCE=ENV
WEIGHT_BUDGET_INPUT=2048
WEIGHT_BUDGET_PARSE=PASS
WEIGHT_BUDGET_MIB=2048
WEIGHT_BUDGET_BYTES=2147483648
WEIGHT_BUDGET_SOURCE=ENV
WEIGHT_BUDGET_INPUT=2048
WEIGHT_BUDGET_PARSE=PASS
WEIGHT_BUDGET_MIB=2048
WEIGHT_BUDGET_BYTES=2147483648
WEIGHT_BUDGET_SOURCE=ENV
WEIGHT_BUDGET_INPUT=2048
WEIGHT_BUDGET_PARSE=PASS
WEIGHT_BUDGET_MIB=2048
WEIGHT_BUDGET_BYTES=2147483648
WEIGHT_BUDGET_SOURCE=ENV
HEAP_OK_FINAL_NORM_BEFORE=1
FINAL_NORM_SRC_PTR=000001FA43520060
FINAL_NORM_DST_PTR=000001FA43520060
FINAL_NORM_WEIGHT_PTR=000001FA6C200000
FINAL_NORM_WEIGHT_SOURCE=HOST_MAPPED
FINAL_NORM_WEIGHT_FULFILLED=1
FINAL_NORM_WEIGHT_BYTES=12288
FINAL_NORM_WEIGHT_0=1.765625
FINAL_NORM_WEIGHT_1=1.75
FINAL_NORM_WEIGHT_2=1.5625
FINAL_NORM_WEIGHT_3=1.7734375
FINAL_NORM_WEIGHT_L2=91.4481258
FINAL_NORM_SUMSQ=5352.71312
FINAL_NORM_MEAN_SQ=1.74241964
FINAL_NORM_EPS=9.99999975e-06
FINAL_NORM_INV_RMS=0.757569313
FINAL_NORM_SRC_0=0.0413331389
FINAL_NORM_DST_0=0.0552865192
FINAL_NORM_AFTER_L2=63.6098699
HEAP_OK_FINAL_NORM_AFTER=1
HEAP_OK_COMPUTE_LOGITS_ENTER=1
HEAP_OK_LOGITS_LINEARW_BEFORE=1
HEAP_OK_LOGITS_LINEARW_AFTER=1
PERSISTENT_DECODE_TOKEN t=6 kv=43 devices=2 model=1 gpu_res=1 ssvk=1 bind=1 sealed=0 dev_create=1 model_load=1 cmd_rebuild=0 ds_reset=0
BATCH2_PRODUCT_DECODE_BIND=PASS token=6
WEIGHT_BUDGET_INPUT=2048
WEIGHT_BUDGET_PARSE=PASS
WEIGHT_BUDGET_MIB=2048
WEIGHT_BUDGET_BYTES=2147483648
WEIGHT_BUDGET_SOURCE=ENV
WEIGHT_BUDGET_INPUT=2048
WEIGHT_BUDGET_PARSE=PASS
WEIGHT_BUDGET_MIB=2048
WEIGHT_BUDGET_BYTES=2147483648
WEIGHT_BUDGET_SOURCE=ENV
WEIGHT_BUDGET_INPUT=2048
WEIGHT_BUDGET_PARSE=PASS
WEIGHT_BUDGET_MIB=2048
WEIGHT_BUDGET_BYTES=2147483648
WEIGHT_BUDGET_SOURCE=ENV
WEIGHT_BUDGET_INPUT=2048
WEIGHT_BUDGET_PARSE=PASS
WEIGHT_BUDGET_MIB=2048
WEIGHT_BUDGET_BYTES=2147483648
WEIGHT_BUDGET_SOURCE=ENV
WEIGHT_BUDGET_INPUT=2048
WEIGHT_BUDGET_PARSE=PASS
WEIGHT_BUDGET_MIB=2048
WEIGHT_BUDGET_BYTES=2147483648
WEIGHT_BUDGET_SOURCE=ENV
WEIGHT_BUDGET_INPUT=2048
WEIGHT_BUDGET_PARSE=PASS
WEIGHT_BUDGET_MIB=2048
WEIGHT_BUDGET_BYTES=2147483648
WEIGHT_BUDGET_SOURCE=ENV
WEIGHT_BUDGET_INPUT=2048
WEIGHT_BUDGET_PARSE=PASS
WEIGHT_BUDGET_MIB=2048
WEIGHT_BUDGET_BYTES=2147483648
WEIGHT_BUDGET_SOURCE=ENV
WEIGHT_BUDGET_INPUT=2048
WEIGHT_BUDGET_PARSE=PASS
WEIGHT_BUDGET_MIB=2048
WEIGHT_BUDGET_BYTES=2147483648
WEIGHT_BUDGET_SOURCE=ENV
WEIGHT_BUDGET_INPUT=2048
WEIGHT_BUDGET_PARSE=PASS
WEIGHT_BUDGET_MIB=2048
WEIGHT_BUDGET_BYTES=2147483648
WEIGHT_BUDGET_SOURCE=ENV
WEIGHT_BUDGET_INPUT=2048
WEIGHT_BUDGET_PARSE=PASS
WEIGHT_BUDGET_MIB=2048
WEIGHT_BUDGET_BYTES=2147483648
WEIGHT_BUDGET_SOURCE=ENV
WEIGHT_BUDGET_INPUT=2048
WEIGHT_BUDGET_PARSE=PASS
WEIGHT_BUDGET_MIB=2048
WEIGHT_BUDGET_BYTES=2147483648
WEIGHT_BUDGET_SOURCE=ENV
WEIGHT_BUDGET_INPUT=2048
WEIGHT_BUDGET_PARSE=PASS
WEIGHT_BUDGET_MIB=2048
WEIGHT_BUDGET_BYTES=2147483648
WEIGHT_BUDGET_SOURCE=ENV
WEIGHT_BUDGET_INPUT=2048
WEIGHT_BUDGET_PARSE=PASS
WEIGHT_BUDGET_MIB=2048
WEIGHT_BUDGET_BYTES=2147483648
WEIGHT_BUDGET_SOURCE=ENV
WEIGHT_BUDGET_INPUT=2048
WEIGHT_BUDGET_PARSE=PASS
WEIGHT_BUDGET_MIB=2048
WEIGHT_BUDGET_BYTES=2147483648
WEIGHT_BUDGET_SOURCE=ENV
WEIGHT_BUDGET_INPUT=2048
WEIGHT_BUDGET_PARSE=PASS
WEIGHT_BUDGET_MIB=2048
WEIGHT_BUDGET_BYTES=2147483648
WEIGHT_BUDGET_SOURCE=ENV
WEIGHT_BUDGET_INPUT=2048
WEIGHT_BUDGET_PARSE=PASS
WEIGHT_BUDGET_MIB=2048
WEIGHT_BUDGET_BYTES=2147483648
WEIGHT_BUDGET_SOURCE=ENV
WEIGHT_BUDGET_INPUT=2048
WEIGHT_BUDGET_PARSE=PASS
WEIGHT_BUDGET_MIB=2048
WEIGHT_BUDGET_BYTES=2147483648
WEIGHT_BUDGET_SOURCE=ENV
WEIGHT_BUDGET_INPUT=2048
WEIGHT_BUDGET_PARSE=PASS
WEIGHT_BUDGET_MIB=2048
WEIGHT_BUDGET_BYTES=2147483648
WEIGHT_BUDGET_SOURCE=ENV
WEIGHT_BUDGET_INPUT=2048
WEIGHT_BUDGET_PARSE=PASS
WEIGHT_BUDGET_MIB=2048
WEIGHT_BUDGET_BYTES=2147483648
WEIGHT_BUDGET_SOURCE=ENV
WEIGHT_BUDGET_INPUT=2048
WEIGHT_BUDGET_PARSE=PASS
WEIGHT_BUDGET_MIB=2048
WEIGHT_BUDGET_BYTES=2147483648
WEIGHT_BUDGET_SOURCE=ENV
WEIGHT_BUDGET_INPUT=2048
WEIGHT_BUDGET_PARSE=PASS
WEIGHT_BUDGET_MIB=2048
WEIGHT_BUDGET_BYTES=2147483648
WEIGHT_BUDGET_SOURCE=ENV
WEIGHT_BUDGET_INPUT=2048
WEIGHT_BUDGET_PARSE=PASS
WEIGHT_BUDGET_MIB=2048
WEIGHT_BUDGET_BYTES=2147483648
WEIGHT_BUDGET_SOURCE=ENV
WEIGHT_BUDGET_INPUT=2048
WEIGHT_BUDGET_PARSE=PASS
WEIGHT_BUDGET_MIB=2048
WEIGHT_BUDGET_BYTES=2147483648
WEIGHT_BUDGET_SOURCE=ENV
WEIGHT_BUDGET_INPUT=2048
WEIGHT_BUDGET_PARSE=PASS
WEIGHT_BUDGET_MIB=2048
WEIGHT_BUDGET_BYTES=2147483648
WEIGHT_BUDGET_SOURCE=ENV
WEIGHT_BUDGET_INPUT=2048
WEIGHT_BUDGET_PARSE=PASS
WEIGHT_BUDGET_MIB=2048
WEIGHT_BUDGET_BYTES=2147483648
WEIGHT_BUDGET_SOURCE=ENV
WEIGHT_BUDGET_INPUT=2048
WEIGHT_BUDGET_PARSE=PASS
WEIGHT_BUDGET_MIB=2048
WEIGHT_BUDGET_BYTES=2147483648
WEIGHT_BUDGET_SOURCE=ENV
WEIGHT_BUDGET_INPUT=2048
WEIGHT_BUDGET_PARSE=PASS
WEIGHT_BUDGET_MIB=2048
WEIGHT_BUDGET_BYTES=2147483648
WEIGHT_BUDGET_SOURCE=ENV
WEIGHT_BUDGET_INPUT=2048
WEIGHT_BUDGET_PARSE=PASS
WEIGHT_BUDGET_MIB=2048
WEIGHT_BUDGET_BYTES=2147483648
WEIGHT_BUDGET_SOURCE=ENV
WEIGHT_BUDGET_INPUT=2048
WEIGHT_BUDGET_PARSE=PASS
WEIGHT_BUDGET_MIB=2048
WEIGHT_BUDGET_BYTES=2147483648
WEIGHT_BUDGET_SOURCE=ENV
WEIGHT_BUDGET_INPUT=2048
WEIGHT_BUDGET_PARSE=PASS
WEIGHT_BUDGET_MIB=2048
WEIGHT_BUDGET_BYTES=2147483648
WEIGHT_BUDGET_SOURCE=ENV
HEAP_OK_FINAL_NORM_BEFORE=1
FINAL_NORM_SRC_PTR=000001FA43523060
FINAL_NORM_DST_PTR=000001FA43523060
FINAL_NORM_WEIGHT_PTR=000001FA6C200000
FINAL_NORM_WEIGHT_SOURCE=HOST_MAPPED
FINAL_NORM_WEIGHT_FULFILLED=1
FINAL_NORM_WEIGHT_BYTES=12288
FINAL_NORM_WEIGHT_0=1.765625
FINAL_NORM_WEIGHT_1=1.75
FINAL_NORM_WEIGHT_2=1.5625
FINAL_NORM_WEIGHT_3=1.7734375
FINAL_NORM_WEIGHT_L2=91.4481258
FINAL_NORM_SUMSQ=4951.88416
FINAL_NORM_MEAN_SQ=1.61194146
FINAL_NORM_EPS=9.99999975e-06
FINAL_NORM_INV_RMS=0.78763324
FINAL_NORM_SRC_0=-0.807012737
FINAL_NORM_DST_0=-1.12228429
FINAL_NORM_AFTER_L2=67.8841622
HEAP_OK_FINAL_NORM_AFTER=1
HEAP_OK_COMPUTE_LOGITS_ENTER=1
HEAP_OK_LOGITS_LINEARW_BEFORE=1
HEAP_OK_LOGITS_LINEARW_AFTER=1
PERSISTENT_DECODE_TOKEN t=7 kv=44 devices=2 model=1 gpu_res=1 ssvk=1 bind=1 sealed=0 dev_create=1 model_load=1 cmd_rebuild=0 ds_reset=0
BATCH2_PRODUCT_DECODE_BIND=PASS token=7
WEIGHT_BUDGET_INPUT=2048
WEIGHT_BUDGET_PARSE=PASS
WEIGHT_BUDGET_MIB=2048
WEIGHT_BUDGET_BYTES=2147483648
WEIGHT_BUDGET_SOURCE=ENV
WEIGHT_BUDGET_INPUT=2048
WEIGHT_BUDGET_PARSE=PASS
WEIGHT_BUDGET_MIB=2048
WEIGHT_BUDGET_BYTES=2147483648
WEIGHT_BUDGET_SOURCE=ENV
WEIGHT_BUDGET_INPUT=2048
WEIGHT_BUDGET_PARSE=PASS
WEIGHT_BUDGET_MIB=2048
WEIGHT_BUDGET_BYTES=2147483648
WEIGHT_BUDGET_SOURCE=ENV
WEIGHT_BUDGET_INPUT=2048
WEIGHT_BUDGET_PARSE=PASS
WEIGHT_BUDGET_MIB=2048
WEIGHT_BUDGET_BYTES=2147483648
WEIGHT_BUDGET_SOURCE=ENV
WEIGHT_BUDGET_INPUT=2048
WEIGHT_BUDGET_PARSE=PASS
WEIGHT_BUDGET_MIB=2048
WEIGHT_BUDGET_BYTES=2147483648
WEIGHT_BUDGET_SOURCE=ENV
WEIGHT_BUDGET_INPUT=2048
WEIGHT_BUDGET_PARSE=PASS
WEIGHT_BUDGET_MIB=2048
WEIGHT_BUDGET_BYTES=2147483648
WEIGHT_BUDGET_SOURCE=ENV
WEIGHT_BUDGET_INPUT=2048
WEIGHT_BUDGET_PARSE=PASS
WEIGHT_BUDGET_MIB=2048
WEIGHT_BUDGET_BYTES=2147483648
WEIGHT_BUDGET_SOURCE=ENV
WEIGHT_BUDGET_INPUT=2048
WEIGHT_BUDGET_PARSE=PASS
WEIGHT_BUDGET_MIB=2048
WEIGHT_BUDGET_BYTES=2147483648
WEIGHT_BUDGET_SOURCE=ENV
WEIGHT_BUDGET_INPUT=2048
WEIGHT_BUDGET_PARSE=PASS
WEIGHT_BUDGET_MIB=2048
WEIGHT_BUDGET_BYTES=2147483648
WEIGHT_BUDGET_SOURCE=ENV
WEIGHT_BUDGET_INPUT=2048
WEIGHT_BUDGET_PARSE=PASS
WEIGHT_BUDGET_MIB=2048
WEIGHT_BUDGET_BYTES=2147483648
WEIGHT_BUDGET_SOURCE=ENV
WEIGHT_BUDGET_INPUT=2048
WEIGHT_BUDGET_PARSE=PASS
WEIGHT_BUDGET_MIB=2048
WEIGHT_BUDGET_BYTES=2147483648
WEIGHT_BUDGET_SOURCE=ENV
WEIGHT_BUDGET_INPUT=2048
WEIGHT_BUDGET_PARSE=PASS
WEIGHT_BUDGET_MIB=2048
WEIGHT_BUDGET_BYTES=2147483648
WEIGHT_BUDGET_SOURCE=ENV
WEIGHT_BUDGET_INPUT=2048
WEIGHT_BUDGET_PARSE=PASS
WEIGHT_BUDGET_MIB=2048
WEIGHT_BUDGET_BYTES=2147483648
WEIGHT_BUDGET_SOURCE=ENV
WEIGHT_BUDGET_INPUT=2048
WEIGHT_BUDGET_PARSE=PASS
WEIGHT_BUDGET_MIB=2048
WEIGHT_BUDGET_BYTES=2147483648
WEIGHT_BUDGET_SOURCE=ENV
WEIGHT_BUDGET_INPUT=2048
WEIGHT_BUDGET_PARSE=PASS
WEIGHT_BUDGET_MIB=2048
WEIGHT_BUDGET_BYTES=2147483648
WEIGHT_BUDGET_SOURCE=ENV
WEIGHT_BUDGET_INPUT=2048
WEIGHT_BUDGET_PARSE=PASS
WEIGHT_BUDGET_MIB=2048
WEIGHT_BUDGET_BYTES=2147483648
WEIGHT_BUDGET_SOURCE=ENV
WEIGHT_BUDGET_INPUT=2048
WEIGHT_BUDGET_PARSE=PASS
WEIGHT_BUDGET_MIB=2048
WEIGHT_BUDGET_BYTES=2147483648
WEIGHT_BUDGET_SOURCE=ENV
WEIGHT_BUDGET_INPUT=2048
WEIGHT_BUDGET_PARSE=PASS
WEIGHT_BUDGET_MIB=2048
WEIGHT_BUDGET_BYTES=2147483648
WEIGHT_BUDGET_SOURCE=ENV
WEIGHT_BUDGET_INPUT=2048
WEIGHT_BUDGET_PARSE=PASS
WEIGHT_BUDGET_MIB=2048
WEIGHT_BUDGET_BYTES=2147483648
WEIGHT_BUDGET_SOURCE=ENV
WEIGHT_BUDGET_INPUT=2048
WEIGHT_BUDGET_PARSE=PASS
WEIGHT_BUDGET_MIB=2048
WEIGHT_BUDGET_BYTES=2147483648
WEIGHT_BUDGET_SOURCE=ENV
WEIGHT_BUDGET_INPUT=2048
WEIGHT_BUDGET_PARSE=PASS
WEIGHT_BUDGET_MIB=2048
WEIGHT_BUDGET_BYTES=2147483648
WEIGHT_BUDGET_SOURCE=ENV
WEIGHT_BUDGET_INPUT=2048
WEIGHT_BUDGET_PARSE=PASS
WEIGHT_BUDGET_MIB=2048
WEIGHT_BUDGET_BYTES=2147483648
WEIGHT_BUDGET_SOURCE=ENV
WEIGHT_BUDGET_INPUT=2048
WEIGHT_BUDGET_PARSE=PASS
WEIGHT_BUDGET_MIB=2048
WEIGHT_BUDGET_BYTES=2147483648
WEIGHT_BUDGET_SOURCE=ENV
WEIGHT_BUDGET_INPUT=2048
WEIGHT_BUDGET_PARSE=PASS
WEIGHT_BUDGET_MIB=2048
WEIGHT_BUDGET_BYTES=2147483648
WEIGHT_BUDGET_SOURCE=ENV
WEIGHT_BUDGET_INPUT=2048
WEIGHT_BUDGET_PARSE=PASS
WEIGHT_BUDGET_MIB=2048
WEIGHT_BUDGET_BYTES=2147483648
WEIGHT_BUDGET_SOURCE=ENV
WEIGHT_BUDGET_INPUT=2048
WEIGHT_BUDGET_PARSE=PASS
WEIGHT_BUDGET_MIB=2048
WEIGHT_BUDGET_BYTES=2147483648
WEIGHT_BUDGET_SOURCE=ENV
WEIGHT_BUDGET_INPUT=2048
WEIGHT_BUDGET_PARSE=PASS
WEIGHT_BUDGET_MIB=2048
WEIGHT_BUDGET_BYTES=2147483648
WEIGHT_BUDGET_SOURCE=ENV
WEIGHT_BUDGET_INPUT=2048
WEIGHT_BUDGET_PARSE=PASS
WEIGHT_BUDGET_MIB=2048
WEIGHT_BUDGET_BYTES=2147483648
WEIGHT_BUDGET_SOURCE=ENV
WEIGHT_BUDGET_INPUT=2048
WEIGHT_BUDGET_PARSE=PASS
WEIGHT_BUDGET_MIB=2048
WEIGHT_BUDGET_BYTES=2147483648
WEIGHT_BUDGET_SOURCE=ENV
WEIGHT_BUDGET_INPUT=2048
WEIGHT_BUDGET_PARSE=PASS
WEIGHT_BUDGET_MIB=2048
WEIGHT_BUDGET_BYTES=2147483648
WEIGHT_BUDGET_SOURCE=ENV
HEAP_OK_FINAL_NORM_BEFORE=1
FINAL_NORM_SRC_PTR=000001FA43526060
FINAL_NORM_DST_PTR=000001FA43526060
FINAL_NORM_WEIGHT_PTR=000001FA6C200000
FINAL_NORM_WEIGHT_SOURCE=HOST_MAPPED
FINAL_NORM_WEIGHT_FULFILLED=1
FINAL_NORM_WEIGHT_BYTES=12288
FINAL_NORM_WEIGHT_0=1.765625
FINAL_NORM_WEIGHT_1=1.75
FINAL_NORM_WEIGHT_2=1.5625
FINAL_NORM_WEIGHT_3=1.7734375
FINAL_NORM_WEIGHT_L2=91.4481258
FINAL_NORM_SUMSQ=6402.11265
FINAL_NORM_MEAN_SQ=2.08402105
FINAL_NORM_EPS=9.99999975e-06
FINAL_NORM_INV_RMS=0.69270432
FINAL_NORM_SRC_0=-0.761285901
FINAL_NORM_DST_0=-0.931095302
FINAL_NORM_AFTER_L2=67.4727882
HEAP_OK_FINAL_NORM_AFTER=1
HEAP_OK_COMPUTE_LOGITS_ENTER=1
HEAP_OK_LOGITS_LINEARW_BEFORE=1
HEAP_OK_LOGITS_LINEARW_AFTER=1
PERSISTENT_DECODE_TOKEN t=8 kv=45 devices=2 model=1 gpu_res=1 ssvk=1 bind=1 sealed=0 dev_create=1 model_load=1 cmd_rebuild=0 ds_reset=0
BATCH2_PRODUCT_DECODE_BIND=PASS token=8
WEIGHT_BUDGET_INPUT=2048
WEIGHT_BUDGET_PARSE=PASS
WEIGHT_BUDGET_MIB=2048
WEIGHT_BUDGET_BYTES=2147483648
WEIGHT_BUDGET_SOURCE=ENV
WEIGHT_BUDGET_INPUT=2048
WEIGHT_BUDGET_PARSE=PASS
WEIGHT_BUDGET_MIB=2048
WEIGHT_BUDGET_BYTES=2147483648
WEIGHT_BUDGET_SOURCE=ENV
WEIGHT_BUDGET_INPUT=2048
WEIGHT_BUDGET_PARSE=PASS
WEIGHT_BUDGET_MIB=2048
WEIGHT_BUDGET_BYTES=2147483648
WEIGHT_BUDGET_SOURCE=ENV
WEIGHT_BUDGET_INPUT=2048
WEIGHT_BUDGET_PARSE=PASS
WEIGHT_BUDGET_MIB=2048
WEIGHT_BUDGET_BYTES=2147483648
WEIGHT_BUDGET_SOURCE=ENV
WEIGHT_BUDGET_INPUT=2048
WEIGHT_BUDGET_PARSE=PASS
WEIGHT_BUDGET_MIB=2048
WEIGHT_BUDGET_BYTES=2147483648
WEIGHT_BUDGET_SOURCE=ENV
WEIGHT_BUDGET_INPUT=2048
WEIGHT_BUDGET_PARSE=PASS
WEIGHT_BUDGET_MIB=2048
WEIGHT_BUDGET_BYTES=2147483648
WEIGHT_BUDGET_SOURCE=ENV
WEIGHT_BUDGET_INPUT=2048
WEIGHT_BUDGET_PARSE=PASS
WEIGHT_BUDGET_MIB=2048
WEIGHT_BUDGET_BYTES=2147483648
WEIGHT_BUDGET_SOURCE=ENV
WEIGHT_BUDGET_INPUT=2048
WEIGHT_BUDGET_PARSE=PASS
WEIGHT_BUDGET_MIB=2048
WEIGHT_BUDGET_BYTES=2147483648
WEIGHT_BUDGET_SOURCE=ENV
WEIGHT_BUDGET_INPUT=2048
WEIGHT_BUDGET_PARSE=PASS
WEIGHT_BUDGET_MIB=2048
WEIGHT_BUDGET_BYTES=2147483648
WEIGHT_BUDGET_SOURCE=ENV
WEIGHT_BUDGET_INPUT=2048
WEIGHT_BUDGET_PARSE=PASS
WEIGHT_BUDGET_MIB=2048
WEIGHT_BUDGET_BYTES=2147483648
WEIGHT_BUDGET_SOURCE=ENV
WEIGHT_BUDGET_INPUT=2048
WEIGHT_BUDGET_PARSE=PASS
WEIGHT_BUDGET_MIB=2048
WEIGHT_BUDGET_BYTES=2147483648
WEIGHT_BUDGET_SOURCE=ENV
WEIGHT_BUDGET_INPUT=2048
WEIGHT_BUDGET_PARSE=PASS
WEIGHT_BUDGET_MIB=2048
WEIGHT_BUDGET_BYTES=2147483648
WEIGHT_BUDGET_SOURCE=ENV
WEIGHT_BUDGET_INPUT=2048
WEIGHT_BUDGET_PARSE=PASS
WEIGHT_BUDGET_MIB=2048
WEIGHT_BUDGET_BYTES=2147483648
WEIGHT_BUDGET_SOURCE=ENV
WEIGHT_BUDGET_INPUT=2048
WEIGHT_BUDGET_PARSE=PASS
WEIGHT_BUDGET_MIB=2048
WEIGHT_BUDGET_BYTES=2147483648
WEIGHT_BUDGET_SOURCE=ENV
WEIGHT_BUDGET_INPUT=2048
WEIGHT_BUDGET_PARSE=PASS
WEIGHT_BUDGET_MIB=2048
WEIGHT_BUDGET_BYTES=2147483648
WEIGHT_BUDGET_SOURCE=ENV
WEIGHT_BUDGET_INPUT=2048
WEIGHT_BUDGET_PARSE=PASS
WEIGHT_BUDGET_MIB=2048
WEIGHT_BUDGET_BYTES=2147483648
WEIGHT_BUDGET_SOURCE=ENV
WEIGHT_BUDGET_INPUT=2048
WEIGHT_BUDGET_PARSE=PASS
WEIGHT_BUDGET_MIB=2048
WEIGHT_BUDGET_BYTES=2147483648
WEIGHT_BUDGET_SOURCE=ENV
WEIGHT_BUDGET_INPUT=2048
WEIGHT_BUDGET_PARSE=PASS
WEIGHT_BUDGET_MIB=2048
WEIGHT_BUDGET_BYTES=2147483648
WEIGHT_BUDGET_SOURCE=ENV
WEIGHT_BUDGET_INPUT=2048
WEIGHT_BUDGET_PARSE=PASS
WEIGHT_BUDGET_MIB=2048
WEIGHT_BUDGET_BYTES=2147483648
WEIGHT_BUDGET_SOURCE=ENV
WEIGHT_BUDGET_INPUT=2048
WEIGHT_BUDGET_PARSE=PASS
WEIGHT_BUDGET_MIB=2048
WEIGHT_BUDGET_BYTES=2147483648
WEIGHT_BUDGET_SOURCE=ENV
WEIGHT_BUDGET_INPUT=2048
WEIGHT_BUDGET_PARSE=PASS
WEIGHT_BUDGET_MIB=2048
WEIGHT_BUDGET_BYTES=2147483648
WEIGHT_BUDGET_SOURCE=ENV
WEIGHT_BUDGET_INPUT=2048
WEIGHT_BUDGET_PARSE=PASS
WEIGHT_BUDGET_MIB=2048
WEIGHT_BUDGET_BYTES=2147483648
WEIGHT_BUDGET_SOURCE=ENV
WEIGHT_BUDGET_INPUT=2048
WEIGHT_BUDGET_PARSE=PASS
WEIGHT_BUDGET_MIB=2048
WEIGHT_BUDGET_BYTES=2147483648
WEIGHT_BUDGET_SOURCE=ENV
WEIGHT_BUDGET_INPUT=2048
WEIGHT_BUDGET_PARSE=PASS
WEIGHT_BUDGET_MIB=2048
WEIGHT_BUDGET_BYTES=2147483648
WEIGHT_BUDGET_SOURCE=ENV
WEIGHT_BUDGET_INPUT=2048
WEIGHT_BUDGET_PARSE=PASS
WEIGHT_BUDGET_MIB=2048
WEIGHT_BUDGET_BYTES=2147483648
WEIGHT_BUDGET_SOURCE=ENV
WEIGHT_BUDGET_INPUT=2048
WEIGHT_BUDGET_PARSE=PASS
WEIGHT_BUDGET_MIB=2048
WEIGHT_BUDGET_BYTES=2147483648
WEIGHT_BUDGET_SOURCE=ENV
WEIGHT_BUDGET_INPUT=2048
WEIGHT_BUDGET_PARSE=PASS
WEIGHT_BUDGET_MIB=2048
WEIGHT_BUDGET_BYTES=2147483648
WEIGHT_BUDGET_SOURCE=ENV
WEIGHT_BUDGET_INPUT=2048
WEIGHT_BUDGET_PARSE=PASS
WEIGHT_BUDGET_MIB=2048
WEIGHT_BUDGET_BYTES=2147483648
WEIGHT_BUDGET_SOURCE=ENV
WEIGHT_BUDGET_INPUT=2048
WEIGHT_BUDGET_PARSE=PASS
WEIGHT_BUDGET_MIB=2048
WEIGHT_BUDGET_BYTES=2147483648
WEIGHT_BUDGET_SOURCE=ENV
WEIGHT_BUDGET_INPUT=2048
WEIGHT_BUDGET_PARSE=PASS
WEIGHT_BUDGET_MIB=2048
WEIGHT_BUDGET_BYTES=2147483648
WEIGHT_BUDGET_SOURCE=ENV
HEAP_OK_FINAL_NORM_BEFORE=1
FINAL_NORM_SRC_PTR=000001FA43529060
FINAL_NORM_DST_PTR=000001FA43529060
FINAL_NORM_WEIGHT_PTR=000001FA6C200000
FINAL_NORM_WEIGHT_SOURCE=HOST_MAPPED
FINAL_NORM_WEIGHT_FULFILLED=1
FINAL_NORM_WEIGHT_BYTES=12288
FINAL_NORM_WEIGHT_0=1.765625
FINAL_NORM_WEIGHT_1=1.75
FINAL_NORM_WEIGHT_2=1.5625
FINAL_NORM_WEIGHT_3=1.7734375
FINAL_NORM_WEIGHT_L2=91.4481258
FINAL_NORM_SUMSQ=6235.55357
FINAL_NORM_MEAN_SQ=2.02980259
FINAL_NORM_EPS=9.99999975e-06
FINAL_NORM_INV_RMS=0.70189482
FINAL_NORM_SRC_0=-0.66720134
FINAL_NORM_DST_0=-0.826851308
FINAL_NORM_AFTER_L2=66.1913782
HEAP_OK_FINAL_NORM_AFTER=1
HEAP_OK_COMPUTE_LOGITS_ENTER=1
HEAP_OK_LOGITS_LINEARW_BEFORE=1
HEAP_OK_LOGITS_LINEARW_AFTER=1
PERSISTENT_DECODE_TOKEN t=9 kv=46 devices=2 model=1 gpu_res=1 ssvk=1 bind=1 sealed=0 dev_create=1 model_load=1 cmd_rebuild=0 ds_reset=0
BATCH2_PRODUCT_DECODE_BIND=PASS token=9
WEIGHT_BUDGET_INPUT=2048
WEIGHT_BUDGET_PARSE=PASS
WEIGHT_BUDGET_MIB=2048
WEIGHT_BUDGET_BYTES=2147483648
WEIGHT_BUDGET_SOURCE=ENV
WEIGHT_BUDGET_INPUT=2048
WEIGHT_BUDGET_PARSE=PASS
WEIGHT_BUDGET_MIB=2048
WEIGHT_BUDGET_BYTES=2147483648
WEIGHT_BUDGET_SOURCE=ENV
WEIGHT_BUDGET_INPUT=2048
WEIGHT_BUDGET_PARSE=PASS
WEIGHT_BUDGET_MIB=2048
WEIGHT_BUDGET_BYTES=2147483648
WEIGHT_BUDGET_SOURCE=ENV
WEIGHT_BUDGET_INPUT=2048
WEIGHT_BUDGET_PARSE=PASS
WEIGHT_BUDGET_MIB=2048
WEIGHT_BUDGET_BYTES=2147483648
WEIGHT_BUDGET_SOURCE=ENV
WEIGHT_BUDGET_INPUT=2048
WEIGHT_BUDGET_PARSE=PASS
WEIGHT_BUDGET_MIB=2048
WEIGHT_BUDGET_BYTES=2147483648
WEIGHT_BUDGET_SOURCE=ENV
WEIGHT_BUDGET_INPUT=2048
WEIGHT_BUDGET_PARSE=PASS
WEIGHT_BUDGET_MIB=2048
WEIGHT_BUDGET_BYTES=2147483648
WEIGHT_BUDGET_SOURCE=ENV
WEIGHT_BUDGET_INPUT=2048
WEIGHT_BUDGET_PARSE=PASS
WEIGHT_BUDGET_MIB=2048
WEIGHT_BUDGET_BYTES=2147483648
WEIGHT_BUDGET_SOURCE=ENV
WEIGHT_BUDGET_INPUT=2048
WEIGHT_BUDGET_PARSE=PASS
WEIGHT_BUDGET_MIB=2048
WEIGHT_BUDGET_BYTES=2147483648
WEIGHT_BUDGET_SOURCE=ENV
WEIGHT_BUDGET_INPUT=2048
WEIGHT_BUDGET_PARSE=PASS
WEIGHT_BUDGET_MIB=2048
WEIGHT_BUDGET_BYTES=2147483648
WEIGHT_BUDGET_SOURCE=ENV
WEIGHT_BUDGET_INPUT=2048
WEIGHT_BUDGET_PARSE=PASS
WEIGHT_BUDGET_MIB=2048
WEIGHT_BUDGET_BYTES=2147483648
WEIGHT_BUDGET_SOURCE=ENV
WEIGHT_BUDGET_INPUT=2048
WEIGHT_BUDGET_PARSE=PASS
WEIGHT_BUDGET_MIB=2048
WEIGHT_BUDGET_BYTES=2147483648
WEIGHT_BUDGET_SOURCE=ENV
WEIGHT_BUDGET_INPUT=2048
WEIGHT_BUDGET_PARSE=PASS
WEIGHT_BUDGET_MIB=2048
WEIGHT_BUDGET_BYTES=2147483648
WEIGHT_BUDGET_SOURCE=ENV
WEIGHT_BUDGET_INPUT=2048
WEIGHT_BUDGET_PARSE=PASS
WEIGHT_BUDGET_MIB=2048
WEIGHT_BUDGET_BYTES=2147483648
WEIGHT_BUDGET_SOURCE=ENV
WEIGHT_BUDGET_INPUT=2048
WEIGHT_BUDGET_PARSE=PASS
WEIGHT_BUDGET_MIB=2048
WEIGHT_BUDGET_BYTES=2147483648
WEIGHT_BUDGET_SOURCE=ENV
WEIGHT_BUDGET_INPUT=2048
WEIGHT_BUDGET_PARSE=PASS
WEIGHT_BUDGET_MIB=2048
WEIGHT_BUDGET_BYTES=2147483648
WEIGHT_BUDGET_SOURCE=ENV
WEIGHT_BUDGET_INPUT=2048
WEIGHT_BUDGET_PARSE=PASS
WEIGHT_BUDGET_MIB=2048
WEIGHT_BUDGET_BYTES=2147483648
WEIGHT_BUDGET_SOURCE=ENV
WEIGHT_BUDGET_INPUT=2048
WEIGHT_BUDGET_PARSE=PASS
WEIGHT_BUDGET_MIB=2048
WEIGHT_BUDGET_BYTES=2147483648
WEIGHT_BUDGET_SOURCE=ENV
WEIGHT_BUDGET_INPUT=2048
WEIGHT_BUDGET_PARSE=PASS
WEIGHT_BUDGET_MIB=2048
WEIGHT_BUDGET_BYTES=2147483648
WEIGHT_BUDGET_SOURCE=ENV
WEIGHT_BUDGET_INPUT=2048
WEIGHT_BUDGET_PARSE=PASS
WEIGHT_BUDGET_MIB=2048
WEIGHT_BUDGET_BYTES=2147483648
WEIGHT_BUDGET_SOURCE=ENV
WEIGHT_BUDGET_INPUT=2048
WEIGHT_BUDGET_PARSE=PASS
WEIGHT_BUDGET_MIB=2048
WEIGHT_BUDGET_BYTES=2147483648
WEIGHT_BUDGET_SOURCE=ENV
WEIGHT_BUDGET_INPUT=2048
WEIGHT_BUDGET_PARSE=PASS
WEIGHT_BUDGET_MIB=2048
WEIGHT_BUDGET_BYTES=2147483648
WEIGHT_BUDGET_SOURCE=ENV
WEIGHT_BUDGET_INPUT=2048
WEIGHT_BUDGET_PARSE=PASS
WEIGHT_BUDGET_MIB=2048
WEIGHT_BUDGET_BYTES=2147483648
WEIGHT_BUDGET_SOURCE=ENV
WEIGHT_BUDGET_INPUT=2048
WEIGHT_BUDGET_PARSE=PASS
WEIGHT_BUDGET_MIB=2048
WEIGHT_BUDGET_BYTES=2147483648
WEIGHT_BUDGET_SOURCE=ENV
WEIGHT_BUDGET_INPUT=2048
WEIGHT_BUDGET_PARSE=PASS
WEIGHT_BUDGET_MIB=2048
WEIGHT_BUDGET_BYTES=2147483648
WEIGHT_BUDGET_SOURCE=ENV
WEIGHT_BUDGET_INPUT=2048
WEIGHT_BUDGET_PARSE=PASS
WEIGHT_BUDGET_MIB=2048
WEIGHT_BUDGET_BYTES=2147483648
WEIGHT_BUDGET_SOURCE=ENV
WEIGHT_BUDGET_INPUT=2048
WEIGHT_BUDGET_PARSE=PASS
WEIGHT_BUDGET_MIB=2048
WEIGHT_BUDGET_BYTES=2147483648
WEIGHT_BUDGET_SOURCE=ENV
WEIGHT_BUDGET_INPUT=2048
WEIGHT_BUDGET_PARSE=PASS
WEIGHT_BUDGET_MIB=2048
WEIGHT_BUDGET_BYTES=2147483648
WEIGHT_BUDGET_SOURCE=ENV
WEIGHT_BUDGET_INPUT=2048
WEIGHT_BUDGET_PARSE=PASS
WEIGHT_BUDGET_MIB=2048
WEIGHT_BUDGET_BYTES=2147483648
WEIGHT_BUDGET_SOURCE=ENV
WEIGHT_BUDGET_INPUT=2048
WEIGHT_BUDGET_PARSE=PASS
WEIGHT_BUDGET_MIB=2048
WEIGHT_BUDGET_BYTES=2147483648
WEIGHT_BUDGET_SOURCE=ENV
WEIGHT_BUDGET_INPUT=2048
WEIGHT_BUDGET_PARSE=PASS
WEIGHT_BUDGET_MIB=2048
WEIGHT_BUDGET_BYTES=2147483648
WEIGHT_BUDGET_SOURCE=ENV
HEAP_OK_FINAL_NORM_BEFORE=1
FINAL_NORM_SRC_PTR=000001FA4352C060
FINAL_NORM_DST_PTR=000001FA4352C060
FINAL_NORM_WEIGHT_PTR=000001FA6C200000
FINAL_NORM_WEIGHT_SOURCE=HOST_MAPPED
FINAL_NORM_WEIGHT_FULFILLED=1
FINAL_NORM_WEIGHT_BYTES=12288
FINAL_NORM_WEIGHT_0=1.765625
FINAL_NORM_WEIGHT_1=1.75
FINAL_NORM_WEIGHT_2=1.5625
FINAL_NORM_WEIGHT_3=1.7734375
FINAL_NORM_WEIGHT_L2=91.4481258
FINAL_NORM_SUMSQ=6689.7625
FINAL_NORM_MEAN_SQ=2.17765707
FINAL_NORM_EPS=9.99999975e-06
FINAL_NORM_INV_RMS=0.677648187
FINAL_NORM_SRC_0=-0.91012603
FINAL_NORM_DST_0=-1.08894086
FINAL_NORM_AFTER_L2=66.1776257
HEAP_OK_FINAL_NORM_AFTER=1
HEAP_OK_COMPUTE_LOGITS_ENTER=1
HEAP_OK_LOGITS_LINEARW_BEFORE=1
HEAP_OK_LOGITS_LINEARW_AFTER=1
PERSISTENT_DECODE_TOKEN t=10 kv=47 devices=2 model=1 gpu_res=1 ssvk=1 bind=1 sealed=0 dev_create=1 model_load=1 cmd_rebuild=0 ds_reset=0
BATCH2_PRODUCT_DECODE_BIND=PASS token=10
WEIGHT_BUDGET_INPUT=2048
WEIGHT_BUDGET_PARSE=PASS
WEIGHT_BUDGET_MIB=2048
WEIGHT_BUDGET_BYTES=2147483648
WEIGHT_BUDGET_SOURCE=ENV
WEIGHT_BUDGET_INPUT=2048
WEIGHT_BUDGET_PARSE=PASS
WEIGHT_BUDGET_MIB=2048
WEIGHT_BUDGET_BYTES=2147483648
WEIGHT_BUDGET_SOURCE=ENV
WEIGHT_BUDGET_INPUT=2048
WEIGHT_BUDGET_PARSE=PASS
WEIGHT_BUDGET_MIB=2048
WEIGHT_BUDGET_BYTES=2147483648
WEIGHT_BUDGET_SOURCE=ENV
WEIGHT_BUDGET_INPUT=2048
WEIGHT_BUDGET_PARSE=PASS
WEIGHT_BUDGET_MIB=2048
WEIGHT_BUDGET_BYTES=2147483648
WEIGHT_BUDGET_SOURCE=ENV
WEIGHT_BUDGET_INPUT=2048
WEIGHT_BUDGET_PARSE=PASS
WEIGHT_BUDGET_MIB=2048
WEIGHT_BUDGET_BYTES=2147483648
WEIGHT_BUDGET_SOURCE=ENV
WEIGHT_BUDGET_INPUT=2048
WEIGHT_BUDGET_PARSE=PASS
WEIGHT_BUDGET_MIB=2048
WEIGHT_BUDGET_BYTES=2147483648
WEIGHT_BUDGET_SOURCE=ENV
WEIGHT_BUDGET_INPUT=2048
WEIGHT_BUDGET_PARSE=PASS
WEIGHT_BUDGET_MIB=2048
WEIGHT_BUDGET_BYTES=2147483648
WEIGHT_BUDGET_SOURCE=ENV
WEIGHT_BUDGET_INPUT=2048
WEIGHT_BUDGET_PARSE=PASS
WEIGHT_BUDGET_MIB=2048
WEIGHT_BUDGET_BYTES=2147483648
WEIGHT_BUDGET_SOURCE=ENV
WEIGHT_BUDGET_INPUT=2048
WEIGHT_BUDGET_PARSE=PASS
WEIGHT_BUDGET_MIB=2048
WEIGHT_BUDGET_BYTES=2147483648
WEIGHT_BUDGET_SOURCE=ENV
WEIGHT_BUDGET_INPUT=2048
WEIGHT_BUDGET_PARSE=PASS
WEIGHT_BUDGET_MIB=2048
WEIGHT_BUDGET_BYTES=2147483648
WEIGHT_BUDGET_SOURCE=ENV
WEIGHT_BUDGET_INPUT=2048
WEIGHT_BUDGET_PARSE=PASS
WEIGHT_BUDGET_MIB=2048
WEIGHT_BUDGET_BYTES=2147483648
WEIGHT_BUDGET_SOURCE=ENV
WEIGHT_BUDGET_INPUT=2048
WEIGHT_BUDGET_PARSE=PASS
WEIGHT_BUDGET_MIB=2048
WEIGHT_BUDGET_BYTES=2147483648
WEIGHT_BUDGET_SOURCE=ENV
WEIGHT_BUDGET_INPUT=2048
WEIGHT_BUDGET_PARSE=PASS
WEIGHT_BUDGET_MIB=2048
WEIGHT_BUDGET_BYTES=2147483648
WEIGHT_BUDGET_SOURCE=ENV
WEIGHT_BUDGET_INPUT=2048
WEIGHT_BUDGET_PARSE=PASS
WEIGHT_BUDGET_MIB=2048
WEIGHT_BUDGET_BYTES=2147483648
WEIGHT_BUDGET_SOURCE=ENV
WEIGHT_BUDGET_INPUT=2048
WEIGHT_BUDGET_PARSE=PASS
WEIGHT_BUDGET_MIB=2048
WEIGHT_BUDGET_BYTES=2147483648
WEIGHT_BUDGET_SOURCE=ENV
WEIGHT_BUDGET_INPUT=2048
WEIGHT_BUDGET_PARSE=PASS
WEIGHT_BUDGET_MIB=2048
WEIGHT_BUDGET_BYTES=2147483648
WEIGHT_BUDGET_SOURCE=ENV
WEIGHT_BUDGET_INPUT=2048
WEIGHT_BUDGET_PARSE=PASS
WEIGHT_BUDGET_MIB=2048
WEIGHT_BUDGET_BYTES=2147483648
WEIGHT_BUDGET_SOURCE=ENV
WEIGHT_BUDGET_INPUT=2048
WEIGHT_BUDGET_PARSE=PASS
WEIGHT_BUDGET_MIB=2048
WEIGHT_BUDGET_BYTES=2147483648
WEIGHT_BUDGET_SOURCE=ENV
WEIGHT_BUDGET_INPUT=2048
WEIGHT_BUDGET_PARSE=PASS
WEIGHT_BUDGET_MIB=2048
WEIGHT_BUDGET_BYTES=2147483648
WEIGHT_BUDGET_SOURCE=ENV
WEIGHT_BUDGET_INPUT=2048
WEIGHT_BUDGET_PARSE=PASS
WEIGHT_BUDGET_MIB=2048
WEIGHT_BUDGET_BYTES=2147483648
WEIGHT_BUDGET_SOURCE=ENV
WEIGHT_BUDGET_INPUT=2048
WEIGHT_BUDGET_PARSE=PASS
WEIGHT_BUDGET_MIB=2048
WEIGHT_BUDGET_BYTES=2147483648
WEIGHT_BUDGET_SOURCE=ENV
WEIGHT_BUDGET_INPUT=2048
WEIGHT_BUDGET_PARSE=PASS
WEIGHT_BUDGET_MIB=2048
WEIGHT_BUDGET_BYTES=2147483648
WEIGHT_BUDGET_SOURCE=ENV
WEIGHT_BUDGET_INPUT=2048
WEIGHT_BUDGET_PARSE=PASS
WEIGHT_BUDGET_MIB=2048
WEIGHT_BUDGET_BYTES=2147483648
WEIGHT_BUDGET_SOURCE=ENV
WEIGHT_BUDGET_INPUT=2048
WEIGHT_BUDGET_PARSE=PASS
WEIGHT_BUDGET_MIB=2048
WEIGHT_BUDGET_BYTES=2147483648
WEIGHT_BUDGET_SOURCE=ENV
WEIGHT_BUDGET_INPUT=2048
WEIGHT_BUDGET_PARSE=PASS
WEIGHT_BUDGET_MIB=2048
WEIGHT_BUDGET_BYTES=2147483648
WEIGHT_BUDGET_SOURCE=ENV
WEIGHT_BUDGET_INPUT=2048
WEIGHT_BUDGET_PARSE=PASS
WEIGHT_BUDGET_MIB=2048
WEIGHT_BUDGET_BYTES=2147483648
WEIGHT_BUDGET_SOURCE=ENV
WEIGHT_BUDGET_INPUT=2048
WEIGHT_BUDGET_PARSE=PASS
WEIGHT_BUDGET_MIB=2048
WEIGHT_BUDGET_BYTES=2147483648
WEIGHT_BUDGET_SOURCE=ENV
WEIGHT_BUDGET_INPUT=2048
WEIGHT_BUDGET_PARSE=PASS
WEIGHT_BUDGET_MIB=2048
WEIGHT_BUDGET_BYTES=2147483648
WEIGHT_BUDGET_SOURCE=ENV
WEIGHT_BUDGET_INPUT=2048
WEIGHT_BUDGET_PARSE=PASS
WEIGHT_BUDGET_MIB=2048
WEIGHT_BUDGET_BYTES=2147483648
WEIGHT_BUDGET_SOURCE=ENV
WEIGHT_BUDGET_INPUT=2048
WEIGHT_BUDGET_PARSE=PASS
WEIGHT_BUDGET_MIB=2048
WEIGHT_BUDGET_BYTES=2147483648
WEIGHT_BUDGET_SOURCE=ENV
HEAP_OK_FINAL_NORM_BEFORE=1
FINAL_NORM_SRC_PTR=000001FA4352F060
FINAL_NORM_DST_PTR=000001FA4352F060
FINAL_NORM_WEIGHT_PTR=000001FA6C200000
FINAL_NORM_WEIGHT_SOURCE=HOST_MAPPED
FINAL_NORM_WEIGHT_FULFILLED=1
FINAL_NORM_WEIGHT_BYTES=12288
FINAL_NORM_WEIGHT_0=1.765625
FINAL_NORM_WEIGHT_1=1.75
FINAL_NORM_WEIGHT_2=1.5625
FINAL_NORM_WEIGHT_3=1.7734375
FINAL_NORM_WEIGHT_L2=91.4481258
FINAL_NORM_SUMSQ=6877.61324
FINAL_NORM_MEAN_SQ=2.23880639
FINAL_NORM_EPS=9.99999975e-06
FINAL_NORM_INV_RMS=0.668329656
FINAL_NORM_SRC_0=-0.695542216
FINAL_NORM_DST_0=-0.820753455
FINAL_NORM_AFTER_L2=66.6190636
HEAP_OK_FINAL_NORM_AFTER=1
HEAP_OK_COMPUTE_LOGITS_ENTER=1
HEAP_OK_LOGITS_LINEARW_BEFORE=1
HEAP_OK_LOGITS_LINEARW_AFTER=1
PERSISTENT_DECODE_TOKEN t=11 kv=48 devices=2 model=1 gpu_res=1 ssvk=1 bind=1 sealed=0 dev_create=1 model_load=1 cmd_rebuild=0 ds_reset=0
BATCH2_PRODUCT_DECODE_BIND=PASS token=11
WEIGHT_BUDGET_INPUT=2048
WEIGHT_BUDGET_PARSE=PASS
WEIGHT_BUDGET_MIB=2048
WEIGHT_BUDGET_BYTES=2147483648
WEIGHT_BUDGET_SOURCE=ENV
WEIGHT_BUDGET_INPUT=2048
WEIGHT_BUDGET_PARSE=PASS
WEIGHT_BUDGET_MIB=2048
WEIGHT_BUDGET_BYTES=2147483648
WEIGHT_BUDGET_SOURCE=ENV
WEIGHT_BUDGET_INPUT=2048
WEIGHT_BUDGET_PARSE=PASS
WEIGHT_BUDGET_MIB=2048
WEIGHT_BUDGET_BYTES=2147483648
WEIGHT_BUDGET_SOURCE=ENV
WEIGHT_BUDGET_INPUT=2048
WEIGHT_BUDGET_PARSE=PASS
WEIGHT_BUDGET_MIB=2048
WEIGHT_BUDGET_BYTES=2147483648
WEIGHT_BUDGET_SOURCE=ENV
WEIGHT_BUDGET_INPUT=2048
WEIGHT_BUDGET_PARSE=PASS
WEIGHT_BUDGET_MIB=2048
WEIGHT_BUDGET_BYTES=2147483648
WEIGHT_BUDGET_SOURCE=ENV
WEIGHT_BUDGET_INPUT=2048
WEIGHT_BUDGET_PARSE=PASS
WEIGHT_BUDGET_MIB=2048
WEIGHT_BUDGET_BYTES=2147483648
WEIGHT_BUDGET_SOURCE=ENV
WEIGHT_BUDGET_INPUT=2048
WEIGHT_BUDGET_PARSE=PASS
WEIGHT_BUDGET_MIB=2048
WEIGHT_BUDGET_BYTES=2147483648
WEIGHT_BUDGET_SOURCE=ENV
WEIGHT_BUDGET_INPUT=2048
WEIGHT_BUDGET_PARSE=PASS
WEIGHT_BUDGET_MIB=2048
WEIGHT_BUDGET_BYTES=2147483648
WEIGHT_BUDGET_SOURCE=ENV
WEIGHT_BUDGET_INPUT=2048
WEIGHT_BUDGET_PARSE=PASS
WEIGHT_BUDGET_MIB=2048
WEIGHT_BUDGET_BYTES=2147483648
WEIGHT_BUDGET_SOURCE=ENV
WEIGHT_BUDGET_INPUT=2048
WEIGHT_BUDGET_PARSE=PASS
WEIGHT_BUDGET_MIB=2048
WEIGHT_BUDGET_BYTES=2147483648
WEIGHT_BUDGET_SOURCE=ENV
WEIGHT_BUDGET_INPUT=2048
WEIGHT_BUDGET_PARSE=PASS
WEIGHT_BUDGET_MIB=2048
WEIGHT_BUDGET_BYTES=2147483648
WEIGHT_BUDGET_SOURCE=ENV
WEIGHT_BUDGET_INPUT=2048
WEIGHT_BUDGET_PARSE=PASS
WEIGHT_BUDGET_MIB=2048
WEIGHT_BUDGET_BYTES=2147483648
WEIGHT_BUDGET_SOURCE=ENV
WEIGHT_BUDGET_INPUT=2048
WEIGHT_BUDGET_PARSE=PASS
WEIGHT_BUDGET_MIB=2048
WEIGHT_BUDGET_BYTES=2147483648
WEIGHT_BUDGET_SOURCE=ENV
WEIGHT_BUDGET_INPUT=2048
WEIGHT_BUDGET_PARSE=PASS
WEIGHT_BUDGET_MIB=2048
WEIGHT_BUDGET_BYTES=2147483648
WEIGHT_BUDGET_SOURCE=ENV
WEIGHT_BUDGET_INPUT=2048
WEIGHT_BUDGET_PARSE=PASS
WEIGHT_BUDGET_MIB=2048
WEIGHT_BUDGET_BYTES=2147483648
WEIGHT_BUDGET_SOURCE=ENV
WEIGHT_BUDGET_INPUT=2048
WEIGHT_BUDGET_PARSE=PASS
WEIGHT_BUDGET_MIB=2048
WEIGHT_BUDGET_BYTES=2147483648
WEIGHT_BUDGET_SOURCE=ENV
WEIGHT_BUDGET_INPUT=2048
WEIGHT_BUDGET_PARSE=PASS
WEIGHT_BUDGET_MIB=2048
WEIGHT_BUDGET_BYTES=2147483648
WEIGHT_BUDGET_SOURCE=ENV
WEIGHT_BUDGET_INPUT=2048
WEIGHT_BUDGET_PARSE=PASS
WEIGHT_BUDGET_MIB=2048
WEIGHT_BUDGET_BYTES=2147483648
WEIGHT_BUDGET_SOURCE=ENV
WEIGHT_BUDGET_INPUT=2048
WEIGHT_BUDGET_PARSE=PASS
WEIGHT_BUDGET_MIB=2048
WEIGHT_BUDGET_BYTES=2147483648
WEIGHT_BUDGET_SOURCE=ENV
WEIGHT_BUDGET_INPUT=2048
WEIGHT_BUDGET_PARSE=PASS
WEIGHT_BUDGET_MIB=2048
WEIGHT_BUDGET_BYTES=2147483648
WEIGHT_BUDGET_SOURCE=ENV
WEIGHT_BUDGET_INPUT=2048
WEIGHT_BUDGET_PARSE=PASS
WEIGHT_BUDGET_MIB=2048
WEIGHT_BUDGET_BYTES=2147483648
WEIGHT_BUDGET_SOURCE=ENV
WEIGHT_BUDGET_INPUT=2048
WEIGHT_BUDGET_PARSE=PASS
WEIGHT_BUDGET_MIB=2048
WEIGHT_BUDGET_BYTES=2147483648
WEIGHT_BUDGET_SOURCE=ENV
WEIGHT_BUDGET_INPUT=2048
WEIGHT_BUDGET_PARSE=PASS
WEIGHT_BUDGET_MIB=2048
WEIGHT_BUDGET_BYTES=2147483648
WEIGHT_BUDGET_SOURCE=ENV
WEIGHT_BUDGET_INPUT=2048
WEIGHT_BUDGET_PARSE=PASS
WEIGHT_BUDGET_MIB=2048
WEIGHT_BUDGET_BYTES=2147483648
WEIGHT_BUDGET_SOURCE=ENV
WEIGHT_BUDGET_INPUT=2048
WEIGHT_BUDGET_PARSE=PASS
WEIGHT_BUDGET_MIB=2048
WEIGHT_BUDGET_BYTES=2147483648
WEIGHT_BUDGET_SOURCE=ENV
WEIGHT_BUDGET_INPUT=2048
WEIGHT_BUDGET_PARSE=PASS
WEIGHT_BUDGET_MIB=2048
WEIGHT_BUDGET_BYTES=2147483648
WEIGHT_BUDGET_SOURCE=ENV
WEIGHT_BUDGET_INPUT=2048
WEIGHT_BUDGET_PARSE=PASS
WEIGHT_BUDGET_MIB=2048
WEIGHT_BUDGET_BYTES=2147483648
WEIGHT_BUDGET_SOURCE=ENV
WEIGHT_BUDGET_INPUT=2048
WEIGHT_BUDGET_PARSE=PASS
WEIGHT_BUDGET_MIB=2048
WEIGHT_BUDGET_BYTES=2147483648
WEIGHT_BUDGET_SOURCE=ENV
WEIGHT_BUDGET_INPUT=2048
WEIGHT_BUDGET_PARSE=PASS
WEIGHT_BUDGET_MIB=2048
WEIGHT_BUDGET_BYTES=2147483648
WEIGHT_BUDGET_SOURCE=ENV
WEIGHT_BUDGET_INPUT=2048
WEIGHT_BUDGET_PARSE=PASS
WEIGHT_BUDGET_MIB=2048
WEIGHT_BUDGET_BYTES=2147483648
WEIGHT_BUDGET_SOURCE=ENV
HEAP_OK_FINAL_NORM_BEFORE=1
FINAL_NORM_SRC_PTR=000001FA43532060
FINAL_NORM_DST_PTR=000001FA43532060
FINAL_NORM_WEIGHT_PTR=000001FA6C200000
FINAL_NORM_WEIGHT_SOURCE=HOST_MAPPED
FINAL_NORM_WEIGHT_FULFILLED=1
FINAL_NORM_WEIGHT_BYTES=12288
FINAL_NORM_WEIGHT_0=1.765625
FINAL_NORM_WEIGHT_1=1.75
FINAL_NORM_WEIGHT_2=1.5625
FINAL_NORM_WEIGHT_3=1.7734375
FINAL_NORM_WEIGHT_L2=91.4481258
FINAL_NORM_SUMSQ=8462.78021
FINAL_NORM_MEAN_SQ=2.75481126
FINAL_NORM_EPS=9.99999975e-06
FINAL_NORM_INV_RMS=0.602494776
FINAL_NORM_SRC_0=-0.502160907
FINAL_NORM_DST_0=-0.534188688
FINAL_NORM_AFTER_L2=63.4836627
HEAP_OK_FINAL_NORM_AFTER=1
HEAP_OK_COMPUTE_LOGITS_ENTER=1
HEAP_OK_LOGITS_LINEARW_BEFORE=1
HEAP_OK_LOGITS_LINEARW_AFTER=1
PERSISTENT_DECODE_TOKEN t=12 kv=49 devices=2 model=1 gpu_res=1 ssvk=1 bind=1 sealed=0 dev_create=1 model_load=1 cmd_rebuild=0 ds_reset=0
BATCH2_PRODUCT_DECODE_BIND=PASS token=12
WEIGHT_BUDGET_INPUT=2048
WEIGHT_BUDGET_PARSE=PASS
WEIGHT_BUDGET_MIB=2048
WEIGHT_BUDGET_BYTES=2147483648
WEIGHT_BUDGET_SOURCE=ENV
WEIGHT_BUDGET_INPUT=2048
WEIGHT_BUDGET_PARSE=PASS
WEIGHT_BUDGET_MIB=2048
WEIGHT_BUDGET_BYTES=2147483648
WEIGHT_BUDGET_SOURCE=ENV
WEIGHT_BUDGET_INPUT=2048
WEIGHT_BUDGET_PARSE=PASS
WEIGHT_BUDGET_MIB=2048
WEIGHT_BUDGET_BYTES=2147483648
WEIGHT_BUDGET_SOURCE=ENV
WEIGHT_BUDGET_INPUT=2048
WEIGHT_BUDGET_PARSE=PASS
WEIGHT_BUDGET_MIB=2048
WEIGHT_BUDGET_BYTES=2147483648
WEIGHT_BUDGET_SOURCE=ENV
WEIGHT_BUDGET_INPUT=2048
WEIGHT_BUDGET_PARSE=PASS
WEIGHT_BUDGET_MIB=2048
WEIGHT_BUDGET_BYTES=2147483648
WEIGHT_BUDGET_SOURCE=ENV
WEIGHT_BUDGET_INPUT=2048
WEIGHT_BUDGET_PARSE=PASS
WEIGHT_BUDGET_MIB=2048
WEIGHT_BUDGET_BYTES=2147483648
WEIGHT_BUDGET_SOURCE=ENV
WEIGHT_BUDGET_INPUT=2048
WEIGHT_BUDGET_PARSE=PASS
WEIGHT_BUDGET_MIB=2048
WEIGHT_BUDGET_BYTES=2147483648
WEIGHT_BUDGET_SOURCE=ENV
WEIGHT_BUDGET_INPUT=2048
WEIGHT_BUDGET_PARSE=PASS
WEIGHT_BUDGET_MIB=2048
WEIGHT_BUDGET_BYTES=2147483648
WEIGHT_BUDGET_SOURCE=ENV
WEIGHT_BUDGET_INPUT=2048
WEIGHT_BUDGET_PARSE=PASS
WEIGHT_BUDGET_MIB=2048
WEIGHT_BUDGET_BYTES=2147483648
WEIGHT_BUDGET_SOURCE=ENV
WEIGHT_BUDGET_INPUT=2048
WEIGHT_BUDGET_PARSE=PASS
WEIGHT_BUDGET_MIB=2048
WEIGHT_BUDGET_BYTES=2147483648
WEIGHT_BUDGET_SOURCE=ENV
WEIGHT_BUDGET_INPUT=2048
WEIGHT_BUDGET_PARSE=PASS
WEIGHT_BUDGET_MIB=2048
WEIGHT_BUDGET_BYTES=2147483648
WEIGHT_BUDGET_SOURCE=ENV
WEIGHT_BUDGET_INPUT=2048
WEIGHT_BUDGET_PARSE=PASS
WEIGHT_BUDGET_MIB=2048
WEIGHT_BUDGET_BYTES=2147483648
WEIGHT_BUDGET_SOURCE=ENV
WEIGHT_BUDGET_INPUT=2048
WEIGHT_BUDGET_PARSE=PASS
WEIGHT_BUDGET_MIB=2048
WEIGHT_BUDGET_BYTES=2147483648
WEIGHT_BUDGET_SOURCE=ENV
WEIGHT_BUDGET_INPUT=2048
WEIGHT_BUDGET_PARSE=PASS
WEIGHT_BUDGET_MIB=2048
WEIGHT_BUDGET_BYTES=2147483648
WEIGHT_BUDGET_SOURCE=ENV
WEIGHT_BUDGET_INPUT=2048
WEIGHT_BUDGET_PARSE=PASS
WEIGHT_BUDGET_MIB=2048
WEIGHT_BUDGET_BYTES=2147483648
WEIGHT_BUDGET_SOURCE=ENV
WEIGHT_BUDGET_INPUT=2048
WEIGHT_BUDGET_PARSE=PASS
WEIGHT_BUDGET_MIB=2048
WEIGHT_BUDGET_BYTES=2147483648
WEIGHT_BUDGET_SOURCE=ENV
WEIGHT_BUDGET_INPUT=2048
WEIGHT_BUDGET_PARSE=PASS
WEIGHT_BUDGET_MIB=2048
WEIGHT_BUDGET_BYTES=2147483648
WEIGHT_BUDGET_SOURCE=ENV
WEIGHT_BUDGET_INPUT=2048
WEIGHT_BUDGET_PARSE=PASS
WEIGHT_BUDGET_MIB=2048
WEIGHT_BUDGET_BYTES=2147483648
WEIGHT_BUDGET_SOURCE=ENV
WEIGHT_BUDGET_INPUT=2048
WEIGHT_BUDGET_PARSE=PASS
WEIGHT_BUDGET_MIB=2048
WEIGHT_BUDGET_BYTES=2147483648
WEIGHT_BUDGET_SOURCE=ENV
WEIGHT_BUDGET_INPUT=2048
WEIGHT_BUDGET_PARSE=PASS
WEIGHT_BUDGET_MIB=2048
WEIGHT_BUDGET_BYTES=2147483648
WEIGHT_BUDGET_SOURCE=ENV
WEIGHT_BUDGET_INPUT=2048
WEIGHT_BUDGET_PARSE=PASS
WEIGHT_BUDGET_MIB=2048
WEIGHT_BUDGET_BYTES=2147483648
WEIGHT_BUDGET_SOURCE=ENV
WEIGHT_BUDGET_INPUT=2048
WEIGHT_BUDGET_PARSE=PASS
WEIGHT_BUDGET_MIB=2048
WEIGHT_BUDGET_BYTES=2147483648
WEIGHT_BUDGET_SOURCE=ENV
WEIGHT_BUDGET_INPUT=2048
WEIGHT_BUDGET_PARSE=PASS
WEIGHT_BUDGET_MIB=2048
WEIGHT_BUDGET_BYTES=2147483648
WEIGHT_BUDGET_SOURCE=ENV
WEIGHT_BUDGET_INPUT=2048
WEIGHT_BUDGET_PARSE=PASS
WEIGHT_BUDGET_MIB=2048
WEIGHT_BUDGET_BYTES=2147483648
WEIGHT_BUDGET_SOURCE=ENV
WEIGHT_BUDGET_INPUT=2048
WEIGHT_BUDGET_PARSE=PASS
WEIGHT_BUDGET_MIB=2048
WEIGHT_BUDGET_BYTES=2147483648
WEIGHT_BUDGET_SOURCE=ENV
WEIGHT_BUDGET_INPUT=2048
WEIGHT_BUDGET_PARSE=PASS
WEIGHT_BUDGET_MIB=2048
WEIGHT_BUDGET_BYTES=2147483648
WEIGHT_BUDGET_SOURCE=ENV
WEIGHT_BUDGET_INPUT=2048
WEIGHT_BUDGET_PARSE=PASS
WEIGHT_BUDGET_MIB=2048
WEIGHT_BUDGET_BYTES=2147483648
WEIGHT_BUDGET_SOURCE=ENV
WEIGHT_BUDGET_INPUT=2048
WEIGHT_BUDGET_PARSE=PASS
WEIGHT_BUDGET_MIB=2048
WEIGHT_BUDGET_BYTES=2147483648
WEIGHT_BUDGET_SOURCE=ENV
WEIGHT_BUDGET_INPUT=2048
WEIGHT_BUDGET_PARSE=PASS
WEIGHT_BUDGET_MIB=2048
WEIGHT_BUDGET_BYTES=2147483648
WEIGHT_BUDGET_SOURCE=ENV
WEIGHT_BUDGET_INPUT=2048
WEIGHT_BUDGET_PARSE=PASS
WEIGHT_BUDGET_MIB=2048
WEIGHT_BUDGET_BYTES=2147483648
WEIGHT_BUDGET_SOURCE=ENV
HEAP_OK_FINAL_NORM_BEFORE=1
FINAL_NORM_SRC_PTR=000001FA43535060
FINAL_NORM_DST_PTR=000001FA43535060
FINAL_NORM_WEIGHT_PTR=000001FA6C200000
FINAL_NORM_WEIGHT_SOURCE=HOST_MAPPED
FINAL_NORM_WEIGHT_FULFILLED=1
FINAL_NORM_WEIGHT_BYTES=12288
FINAL_NORM_WEIGHT_0=1.765625
FINAL_NORM_WEIGHT_1=1.75
FINAL_NORM_WEIGHT_2=1.5625
FINAL_NORM_WEIGHT_3=1.7734375
FINAL_NORM_WEIGHT_L2=91.4481258
FINAL_NORM_SUMSQ=8872.68515
FINAL_NORM_MEAN_SQ=2.88824386
FINAL_NORM_EPS=9.99999975e-06
FINAL_NORM_INV_RMS=0.58841306
FINAL_NORM_SRC_0=-0.0939869881
FINAL_NORM_DST_0=-0.0976446643
FINAL_NORM_AFTER_L2=62.3839548
HEAP_OK_FINAL_NORM_AFTER=1
HEAP_OK_COMPUTE_LOGITS_ENTER=1
HEAP_OK_LOGITS_LINEARW_BEFORE=1
HEAP_OK_LOGITS_LINEARW_AFTER=1
PERSISTENT_DECODE_TOKEN t=13 kv=50 devices=2 model=1 gpu_res=1 ssvk=1 bind=1 sealed=0 dev_create=1 model_load=1 cmd_rebuild=0 ds_reset=0
BATCH2_PRODUCT_DECODE_BIND=PASS token=13
WEIGHT_BUDGET_INPUT=2048
WEIGHT_BUDGET_PARSE=PASS
WEIGHT_BUDGET_MIB=2048
WEIGHT_BUDGET_BYTES=2147483648
WEIGHT_BUDGET_SOURCE=ENV
WEIGHT_BUDGET_INPUT=2048
WEIGHT_BUDGET_PARSE=PASS
WEIGHT_BUDGET_MIB=2048
WEIGHT_BUDGET_BYTES=2147483648
WEIGHT_BUDGET_SOURCE=ENV
WEIGHT_BUDGET_INPUT=2048
WEIGHT_BUDGET_PARSE=PASS
WEIGHT_BUDGET_MIB=2048
WEIGHT_BUDGET_BYTES=2147483648
WEIGHT_BUDGET_SOURCE=ENV
WEIGHT_BUDGET_INPUT=2048
WEIGHT_BUDGET_PARSE=PASS
WEIGHT_BUDGET_MIB=2048
WEIGHT_BUDGET_BYTES=2147483648
WEIGHT_BUDGET_SOURCE=ENV
WEIGHT_BUDGET_INPUT=2048
WEIGHT_BUDGET_PARSE=PASS
WEIGHT_BUDGET_MIB=2048
WEIGHT_BUDGET_BYTES=2147483648
WEIGHT_BUDGET_SOURCE=ENV
WEIGHT_BUDGET_INPUT=2048
WEIGHT_BUDGET_PARSE=PASS
WEIGHT_BUDGET_MIB=2048
WEIGHT_BUDGET_BYTES=2147483648
WEIGHT_BUDGET_SOURCE=ENV
WEIGHT_BUDGET_INPUT=2048
WEIGHT_BUDGET_PARSE=PASS
WEIGHT_BUDGET_MIB=2048
WEIGHT_BUDGET_BYTES=2147483648
WEIGHT_BUDGET_SOURCE=ENV
WEIGHT_BUDGET_INPUT=2048
WEIGHT_BUDGET_PARSE=PASS
WEIGHT_BUDGET_MIB=2048
WEIGHT_BUDGET_BYTES=2147483648
WEIGHT_BUDGET_SOURCE=ENV
WEIGHT_BUDGET_INPUT=2048
WEIGHT_BUDGET_PARSE=PASS
WEIGHT_BUDGET_MIB=2048
WEIGHT_BUDGET_BYTES=2147483648
WEIGHT_BUDGET_SOURCE=ENV
WEIGHT_BUDGET_INPUT=2048
WEIGHT_BUDGET_PARSE=PASS
WEIGHT_BUDGET_MIB=2048
WEIGHT_BUDGET_BYTES=2147483648
WEIGHT_BUDGET_SOURCE=ENV
WEIGHT_BUDGET_INPUT=2048
WEIGHT_BUDGET_PARSE=PASS
WEIGHT_BUDGET_MIB=2048
WEIGHT_BUDGET_BYTES=2147483648
WEIGHT_BUDGET_SOURCE=ENV
WEIGHT_BUDGET_INPUT=2048
WEIGHT_BUDGET_PARSE=PASS
WEIGHT_BUDGET_MIB=2048
WEIGHT_BUDGET_BYTES=2147483648
WEIGHT_BUDGET_SOURCE=ENV
WEIGHT_BUDGET_INPUT=2048
WEIGHT_BUDGET_PARSE=PASS
WEIGHT_BUDGET_MIB=2048
WEIGHT_BUDGET_BYTES=2147483648
WEIGHT_BUDGET_SOURCE=ENV
WEIGHT_BUDGET_INPUT=2048
WEIGHT_BUDGET_PARSE=PASS
WEIGHT_BUDGET_MIB=2048
WEIGHT_BUDGET_BYTES=2147483648
WEIGHT_BUDGET_SOURCE=ENV
WEIGHT_BUDGET_INPUT=2048
WEIGHT_BUDGET_PARSE=PASS
WEIGHT_BUDGET_MIB=2048
WEIGHT_BUDGET_BYTES=2147483648
WEIGHT_BUDGET_SOURCE=ENV
WEIGHT_BUDGET_INPUT=2048
WEIGHT_BUDGET_PARSE=PASS
WEIGHT_BUDGET_MIB=2048
WEIGHT_BUDGET_BYTES=2147483648
WEIGHT_BUDGET_SOURCE=ENV
WEIGHT_BUDGET_INPUT=2048
WEIGHT_BUDGET_PARSE=PASS
WEIGHT_BUDGET_MIB=2048
WEIGHT_BUDGET_BYTES=2147483648
WEIGHT_BUDGET_SOURCE=ENV
WEIGHT_BUDGET_INPUT=2048
WEIGHT_BUDGET_PARSE=PASS
WEIGHT_BUDGET_MIB=2048
WEIGHT_BUDGET_BYTES=2147483648
WEIGHT_BUDGET_SOURCE=ENV
WEIGHT_BUDGET_INPUT=2048
WEIGHT_BUDGET_PARSE=PASS
WEIGHT_BUDGET_MIB=2048
WEIGHT_BUDGET_BYTES=2147483648
WEIGHT_BUDGET_SOURCE=ENV
WEIGHT_BUDGET_INPUT=2048
WEIGHT_BUDGET_PARSE=PASS
WEIGHT_BUDGET_MIB=2048
WEIGHT_BUDGET_BYTES=2147483648
WEIGHT_BUDGET_SOURCE=ENV
WEIGHT_BUDGET_INPUT=2048
WEIGHT_BUDGET_PARSE=PASS
WEIGHT_BUDGET_MIB=2048
WEIGHT_BUDGET_BYTES=2147483648
WEIGHT_BUDGET_SOURCE=ENV
WEIGHT_BUDGET_INPUT=2048
WEIGHT_BUDGET_PARSE=PASS
WEIGHT_BUDGET_MIB=2048
WEIGHT_BUDGET_BYTES=2147483648
WEIGHT_BUDGET_SOURCE=ENV
WEIGHT_BUDGET_INPUT=2048
WEIGHT_BUDGET_PARSE=PASS
WEIGHT_BUDGET_MIB=2048
WEIGHT_BUDGET_BYTES=2147483648
WEIGHT_BUDGET_SOURCE=ENV
WEIGHT_BUDGET_INPUT=2048
WEIGHT_BUDGET_PARSE=PASS
WEIGHT_BUDGET_MIB=2048
WEIGHT_BUDGET_BYTES=2147483648
WEIGHT_BUDGET_SOURCE=ENV
WEIGHT_BUDGET_INPUT=2048
WEIGHT_BUDGET_PARSE=PASS
WEIGHT_BUDGET_MIB=2048
WEIGHT_BUDGET_BYTES=2147483648
WEIGHT_BUDGET_SOURCE=ENV
WEIGHT_BUDGET_INPUT=2048
WEIGHT_BUDGET_PARSE=PASS
WEIGHT_BUDGET_MIB=2048
WEIGHT_BUDGET_BYTES=2147483648
WEIGHT_BUDGET_SOURCE=ENV
WEIGHT_BUDGET_INPUT=2048
WEIGHT_BUDGET_PARSE=PASS
WEIGHT_BUDGET_MIB=2048
WEIGHT_BUDGET_BYTES=2147483648
WEIGHT_BUDGET_SOURCE=ENV
WEIGHT_BUDGET_INPUT=2048
WEIGHT_BUDGET_PARSE=PASS
WEIGHT_BUDGET_MIB=2048
WEIGHT_BUDGET_BYTES=2147483648
WEIGHT_BUDGET_SOURCE=ENV
WEIGHT_BUDGET_INPUT=2048
WEIGHT_BUDGET_PARSE=PASS
WEIGHT_BUDGET_MIB=2048
WEIGHT_BUDGET_BYTES=2147483648
WEIGHT_BUDGET_SOURCE=ENV
WEIGHT_BUDGET_INPUT=2048
WEIGHT_BUDGET_PARSE=PASS
WEIGHT_BUDGET_MIB=2048
WEIGHT_BUDGET_BYTES=2147483648
WEIGHT_BUDGET_SOURCE=ENV
HEAP_OK_FINAL_NORM_BEFORE=1
FINAL_NORM_SRC_PTR=000001FA43538060
FINAL_NORM_DST_PTR=000001FA43538060
FINAL_NORM_WEIGHT_PTR=000001FA6C200000
FINAL_NORM_WEIGHT_SOURCE=HOST_MAPPED
FINAL_NORM_WEIGHT_FULFILLED=1
FINAL_NORM_WEIGHT_BYTES=12288
FINAL_NORM_WEIGHT_0=1.765625
FINAL_NORM_WEIGHT_1=1.75
FINAL_NORM_WEIGHT_2=1.5625
FINAL_NORM_WEIGHT_3=1.7734375
FINAL_NORM_WEIGHT_L2=91.4481258
FINAL_NORM_SUMSQ=8436.82316
FINAL_NORM_MEAN_SQ=2.7463617
FINAL_NORM_EPS=9.99999975e-06
FINAL_NORM_INV_RMS=0.603420854
FINAL_NORM_SRC_0=-0.143951684
FINAL_NORM_DST_0=-0.153368279
FINAL_NORM_AFTER_L2=61.4565316
HEAP_OK_FINAL_NORM_AFTER=1
HEAP_OK_COMPUTE_LOGITS_ENTER=1
HEAP_OK_LOGITS_LINEARW_BEFORE=1
HEAP_OK_LOGITS_LINEARW_AFTER=1
PERSISTENT_DECODE_TOKEN t=14 kv=51 devices=2 model=1 gpu_res=1 ssvk=1 bind=1 sealed=0 dev_create=1 model_load=1 cmd_rebuild=0 ds_reset=0
BATCH2_PRODUCT_DECODE_BIND=PASS token=14
WEIGHT_BUDGET_INPUT=2048
WEIGHT_BUDGET_PARSE=PASS
WEIGHT_BUDGET_MIB=2048
WEIGHT_BUDGET_BYTES=2147483648
WEIGHT_BUDGET_SOURCE=ENV
WEIGHT_BUDGET_INPUT=2048
WEIGHT_BUDGET_PARSE=PASS
WEIGHT_BUDGET_MIB=2048
WEIGHT_BUDGET_BYTES=2147483648
WEIGHT_BUDGET_SOURCE=ENV
WEIGHT_BUDGET_INPUT=2048
WEIGHT_BUDGET_PARSE=PASS
WEIGHT_BUDGET_MIB=2048
WEIGHT_BUDGET_BYTES=2147483648
WEIGHT_BUDGET_SOURCE=ENV
WEIGHT_BUDGET_INPUT=2048
WEIGHT_BUDGET_PARSE=PASS
WEIGHT_BUDGET_MIB=2048
WEIGHT_BUDGET_BYTES=2147483648
WEIGHT_BUDGET_SOURCE=ENV
WEIGHT_BUDGET_INPUT=2048
WEIGHT_BUDGET_PARSE=PASS
WEIGHT_BUDGET_MIB=2048
WEIGHT_BUDGET_BYTES=2147483648
WEIGHT_BUDGET_SOURCE=ENV
WEIGHT_BUDGET_INPUT=2048
WEIGHT_BUDGET_PARSE=PASS
WEIGHT_BUDGET_MIB=2048
WEIGHT_BUDGET_BYTES=2147483648
WEIGHT_BUDGET_SOURCE=ENV
WEIGHT_BUDGET_INPUT=2048
WEIGHT_BUDGET_PARSE=PASS
WEIGHT_BUDGET_MIB=2048
WEIGHT_BUDGET_BYTES=2147483648
WEIGHT_BUDGET_SOURCE=ENV
WEIGHT_BUDGET_INPUT=2048
WEIGHT_BUDGET_PARSE=PASS
WEIGHT_BUDGET_MIB=2048
WEIGHT_BUDGET_BYTES=2147483648
WEIGHT_BUDGET_SOURCE=ENV
WEIGHT_BUDGET_INPUT=2048
WEIGHT_BUDGET_PARSE=PASS
WEIGHT_BUDGET_MIB=2048
WEIGHT_BUDGET_BYTES=2147483648
WEIGHT_BUDGET_SOURCE=ENV
WEIGHT_BUDGET_INPUT=2048
WEIGHT_BUDGET_PARSE=PASS
WEIGHT_BUDGET_MIB=2048
WEIGHT_BUDGET_BYTES=2147483648
WEIGHT_BUDGET_SOURCE=ENV
WEIGHT_BUDGET_INPUT=2048
WEIGHT_BUDGET_PARSE=PASS
WEIGHT_BUDGET_MIB=2048
WEIGHT_BUDGET_BYTES=2147483648
WEIGHT_BUDGET_SOURCE=ENV
WEIGHT_BUDGET_INPUT=2048
WEIGHT_BUDGET_PARSE=PASS
WEIGHT_BUDGET_MIB=2048
WEIGHT_BUDGET_BYTES=2147483648
WEIGHT_BUDGET_SOURCE=ENV
WEIGHT_BUDGET_INPUT=2048
WEIGHT_BUDGET_PARSE=PASS
WEIGHT_BUDGET_MIB=2048
WEIGHT_BUDGET_BYTES=2147483648
WEIGHT_BUDGET_SOURCE=ENV
WEIGHT_BUDGET_INPUT=2048
WEIGHT_BUDGET_PARSE=PASS
WEIGHT_BUDGET_MIB=2048
WEIGHT_BUDGET_BYTES=2147483648
WEIGHT_BUDGET_SOURCE=ENV
WEIGHT_BUDGET_INPUT=2048
WEIGHT_BUDGET_PARSE=PASS
WEIGHT_BUDGET_MIB=2048
WEIGHT_BUDGET_BYTES=2147483648
WEIGHT_BUDGET_SOURCE=ENV
WEIGHT_BUDGET_INPUT=2048
WEIGHT_BUDGET_PARSE=PASS
WEIGHT_BUDGET_MIB=2048
WEIGHT_BUDGET_BYTES=2147483648
WEIGHT_BUDGET_SOURCE=ENV
WEIGHT_BUDGET_INPUT=2048
WEIGHT_BUDGET_PARSE=PASS
WEIGHT_BUDGET_MIB=2048
WEIGHT_BUDGET_BYTES=2147483648
WEIGHT_BUDGET_SOURCE=ENV
WEIGHT_BUDGET_INPUT=2048
WEIGHT_BUDGET_PARSE=PASS
WEIGHT_BUDGET_MIB=2048
WEIGHT_BUDGET_BYTES=2147483648
WEIGHT_BUDGET_SOURCE=ENV
WEIGHT_BUDGET_INPUT=2048
WEIGHT_BUDGET_PARSE=PASS
WEIGHT_BUDGET_MIB=2048
WEIGHT_BUDGET_BYTES=2147483648
WEIGHT_BUDGET_SOURCE=ENV
WEIGHT_BUDGET_INPUT=2048
WEIGHT_BUDGET_PARSE=PASS
WEIGHT_BUDGET_MIB=2048
WEIGHT_BUDGET_BYTES=2147483648
WEIGHT_BUDGET_SOURCE=ENV
WEIGHT_BUDGET_INPUT=2048
WEIGHT_BUDGET_PARSE=PASS
WEIGHT_BUDGET_MIB=2048
WEIGHT_BUDGET_BYTES=2147483648
WEIGHT_BUDGET_SOURCE=ENV
WEIGHT_BUDGET_INPUT=2048
WEIGHT_BUDGET_PARSE=PASS
WEIGHT_BUDGET_MIB=2048
WEIGHT_BUDGET_BYTES=2147483648
WEIGHT_BUDGET_SOURCE=ENV
WEIGHT_BUDGET_INPUT=2048
WEIGHT_BUDGET_PARSE=PASS
WEIGHT_BUDGET_MIB=2048
WEIGHT_BUDGET_BYTES=2147483648
WEIGHT_BUDGET_SOURCE=ENV
WEIGHT_BUDGET_INPUT=2048
WEIGHT_BUDGET_PARSE=PASS
WEIGHT_BUDGET_MIB=2048
WEIGHT_BUDGET_BYTES=2147483648
WEIGHT_BUDGET_SOURCE=ENV
WEIGHT_BUDGET_INPUT=2048
WEIGHT_BUDGET_PARSE=PASS
WEIGHT_BUDGET_MIB=2048
WEIGHT_BUDGET_BYTES=2147483648
WEIGHT_BUDGET_SOURCE=ENV
WEIGHT_BUDGET_INPUT=2048
WEIGHT_BUDGET_PARSE=PASS
WEIGHT_BUDGET_MIB=2048
WEIGHT_BUDGET_BYTES=2147483648
WEIGHT_BUDGET_SOURCE=ENV
WEIGHT_BUDGET_INPUT=2048
WEIGHT_BUDGET_PARSE=PASS
WEIGHT_BUDGET_MIB=2048
WEIGHT_BUDGET_BYTES=2147483648
WEIGHT_BUDGET_SOURCE=ENV
WEIGHT_BUDGET_INPUT=2048
WEIGHT_BUDGET_PARSE=PASS
WEIGHT_BUDGET_MIB=2048
WEIGHT_BUDGET_BYTES=2147483648
WEIGHT_BUDGET_SOURCE=ENV
WEIGHT_BUDGET_INPUT=2048
WEIGHT_BUDGET_PARSE=PASS
WEIGHT_BUDGET_MIB=2048
WEIGHT_BUDGET_BYTES=2147483648
WEIGHT_BUDGET_SOURCE=ENV
WEIGHT_BUDGET_INPUT=2048
WEIGHT_BUDGET_PARSE=PASS
WEIGHT_BUDGET_MIB=2048
WEIGHT_BUDGET_BYTES=2147483648
WEIGHT_BUDGET_SOURCE=ENV
HEAP_OK_FINAL_NORM_BEFORE=1
FINAL_NORM_SRC_PTR=000001FA4353B060
FINAL_NORM_DST_PTR=000001FA4353B060
FINAL_NORM_WEIGHT_PTR=000001FA6C200000
FINAL_NORM_WEIGHT_SOURCE=HOST_MAPPED
FINAL_NORM_WEIGHT_FULFILLED=1
FINAL_NORM_WEIGHT_BYTES=12288
FINAL_NORM_WEIGHT_0=1.765625
FINAL_NORM_WEIGHT_1=1.75
FINAL_NORM_WEIGHT_2=1.5625
FINAL_NORM_WEIGHT_3=1.7734375
FINAL_NORM_WEIGHT_L2=91.4481258
FINAL_NORM_SUMSQ=8270.48956
FINAL_NORM_MEAN_SQ=2.69221665
FINAL_NORM_EPS=9.99999975e-06
FINAL_NORM_INV_RMS=0.609458566
FINAL_NORM_SRC_0=-0.254547179
FINAL_NORM_DST_0=-0.273911923
FINAL_NORM_AFTER_L2=60.9493752
HEAP_OK_FINAL_NORM_AFTER=1
HEAP_OK_COMPUTE_LOGITS_ENTER=1
HEAP_OK_LOGITS_LINEARW_BEFORE=1
HEAP_OK_LOGITS_LINEARW_AFTER=1
PERSISTENT_DECODE_TOKEN t=15 kv=52 devices=2 model=1 gpu_res=1 ssvk=1 bind=1 sealed=0 dev_create=1 model_load=1 cmd_rebuild=0 ds_reset=0
BATCH2_PRODUCT_DECODE_BIND=PASS token=15
WEIGHT_BUDGET_INPUT=2048
WEIGHT_BUDGET_PARSE=PASS
WEIGHT_BUDGET_MIB=2048
WEIGHT_BUDGET_BYTES=2147483648
WEIGHT_BUDGET_SOURCE=ENV
WEIGHT_BUDGET_INPUT=2048
WEIGHT_BUDGET_PARSE=PASS
WEIGHT_BUDGET_MIB=2048
WEIGHT_BUDGET_BYTES=2147483648
WEIGHT_BUDGET_SOURCE=ENV
WEIGHT_BUDGET_INPUT=2048
WEIGHT_BUDGET_PARSE=PASS
WEIGHT_BUDGET_MIB=2048
WEIGHT_BUDGET_BYTES=2147483648
WEIGHT_BUDGET_SOURCE=ENV
WEIGHT_BUDGET_INPUT=2048
WEIGHT_BUDGET_PARSE=PASS
WEIGHT_BUDGET_MIB=2048
WEIGHT_BUDGET_BYTES=2147483648
WEIGHT_BUDGET_SOURCE=ENV
WEIGHT_BUDGET_INPUT=2048
WEIGHT_BUDGET_PARSE=PASS
WEIGHT_BUDGET_MIB=2048
WEIGHT_BUDGET_BYTES=2147483648
WEIGHT_BUDGET_SOURCE=ENV
WEIGHT_BUDGET_INPUT=2048
WEIGHT_BUDGET_PARSE=PASS
WEIGHT_BUDGET_MIB=2048
WEIGHT_BUDGET_BYTES=2147483648
WEIGHT_BUDGET_SOURCE=ENV
WEIGHT_BUDGET_INPUT=2048
WEIGHT_BUDGET_PARSE=PASS
WEIGHT_BUDGET_MIB=2048
WEIGHT_BUDGET_BYTES=2147483648
WEIGHT_BUDGET_SOURCE=ENV
WEIGHT_BUDGET_INPUT=2048
WEIGHT_BUDGET_PARSE=PASS
WEIGHT_BUDGET_MIB=2048
WEIGHT_BUDGET_BYTES=2147483648
WEIGHT_BUDGET_SOURCE=ENV
WEIGHT_BUDGET_INPUT=2048
WEIGHT_BUDGET_PARSE=PASS
WEIGHT_BUDGET_MIB=2048
WEIGHT_BUDGET_BYTES=2147483648
WEIGHT_BUDGET_SOURCE=ENV
WEIGHT_BUDGET_INPUT=2048
WEIGHT_BUDGET_PARSE=PASS
WEIGHT_BUDGET_MIB=2048
WEIGHT_BUDGET_BYTES=2147483648
WEIGHT_BUDGET_SOURCE=ENV
WEIGHT_BUDGET_INPUT=2048
WEIGHT_BUDGET_PARSE=PASS
WEIGHT_BUDGET_MIB=2048
WEIGHT_BUDGET_BYTES=2147483648
WEIGHT_BUDGET_SOURCE=ENV
WEIGHT_BUDGET_INPUT=2048
WEIGHT_BUDGET_PARSE=PASS
WEIGHT_BUDGET_MIB=2048
WEIGHT_BUDGET_BYTES=2147483648
WEIGHT_BUDGET_SOURCE=ENV
WEIGHT_BUDGET_INPUT=2048
WEIGHT_BUDGET_PARSE=PASS
WEIGHT_BUDGET_MIB=2048
WEIGHT_BUDGET_BYTES=2147483648
WEIGHT_BUDGET_SOURCE=ENV
WEIGHT_BUDGET_INPUT=2048
WEIGHT_BUDGET_PARSE=PASS
WEIGHT_BUDGET_MIB=2048
WEIGHT_BUDGET_BYTES=2147483648
WEIGHT_BUDGET_SOURCE=ENV
WEIGHT_BUDGET_INPUT=2048
WEIGHT_BUDGET_PARSE=PASS
WEIGHT_BUDGET_MIB=2048
WEIGHT_BUDGET_BYTES=2147483648
WEIGHT_BUDGET_SOURCE=ENV
WEIGHT_BUDGET_INPUT=2048
WEIGHT_BUDGET_PARSE=PASS
WEIGHT_BUDGET_MIB=2048
WEIGHT_BUDGET_BYTES=2147483648
WEIGHT_BUDGET_SOURCE=ENV
WEIGHT_BUDGET_INPUT=2048
WEIGHT_BUDGET_PARSE=PASS
WEIGHT_BUDGET_MIB=2048
WEIGHT_BUDGET_BYTES=2147483648
WEIGHT_BUDGET_SOURCE=ENV
WEIGHT_BUDGET_INPUT=2048
WEIGHT_BUDGET_PARSE=PASS
WEIGHT_BUDGET_MIB=2048
WEIGHT_BUDGET_BYTES=2147483648
WEIGHT_BUDGET_SOURCE=ENV
WEIGHT_BUDGET_INPUT=2048
WEIGHT_BUDGET_PARSE=PASS
WEIGHT_BUDGET_MIB=2048
WEIGHT_BUDGET_BYTES=2147483648
WEIGHT_BUDGET_SOURCE=ENV
WEIGHT_BUDGET_INPUT=2048
WEIGHT_BUDGET_PARSE=PASS
WEIGHT_BUDGET_MIB=2048
WEIGHT_BUDGET_BYTES=2147483648
WEIGHT_BUDGET_SOURCE=ENV
WEIGHT_BUDGET_INPUT=2048
WEIGHT_BUDGET_PARSE=PASS
WEIGHT_BUDGET_MIB=2048
WEIGHT_BUDGET_BYTES=2147483648
WEIGHT_BUDGET_SOURCE=ENV
WEIGHT_BUDGET_INPUT=2048
WEIGHT_BUDGET_PARSE=PASS
WEIGHT_BUDGET_MIB=2048
WEIGHT_BUDGET_BYTES=2147483648
WEIGHT_BUDGET_SOURCE=ENV
WEIGHT_BUDGET_INPUT=2048
WEIGHT_BUDGET_PARSE=PASS
WEIGHT_BUDGET_MIB=2048
WEIGHT_BUDGET_BYTES=2147483648
WEIGHT_BUDGET_SOURCE=ENV
WEIGHT_BUDGET_INPUT=2048
WEIGHT_BUDGET_PARSE=PASS
WEIGHT_BUDGET_MIB=2048
WEIGHT_BUDGET_BYTES=2147483648
WEIGHT_BUDGET_SOURCE=ENV
WEIGHT_BUDGET_INPUT=2048
WEIGHT_BUDGET_PARSE=PASS
WEIGHT_BUDGET_MIB=2048
WEIGHT_BUDGET_BYTES=2147483648
WEIGHT_BUDGET_SOURCE=ENV
WEIGHT_BUDGET_INPUT=2048
WEIGHT_BUDGET_PARSE=PASS
WEIGHT_BUDGET_MIB=2048
WEIGHT_BUDGET_BYTES=2147483648
WEIGHT_BUDGET_SOURCE=ENV
WEIGHT_BUDGET_INPUT=2048
WEIGHT_BUDGET_PARSE=PASS
WEIGHT_BUDGET_MIB=2048
WEIGHT_BUDGET_BYTES=2147483648
WEIGHT_BUDGET_SOURCE=ENV
WEIGHT_BUDGET_INPUT=2048
WEIGHT_BUDGET_PARSE=PASS
WEIGHT_BUDGET_MIB=2048
WEIGHT_BUDGET_BYTES=2147483648
WEIGHT_BUDGET_SOURCE=ENV
WEIGHT_BUDGET_INPUT=2048
WEIGHT_BUDGET_PARSE=PASS
WEIGHT_BUDGET_MIB=2048
WEIGHT_BUDGET_BYTES=2147483648
WEIGHT_BUDGET_SOURCE=ENV
WEIGHT_BUDGET_INPUT=2048
WEIGHT_BUDGET_PARSE=PASS
WEIGHT_BUDGET_MIB=2048
WEIGHT_BUDGET_BYTES=2147483648
WEIGHT_BUDGET_SOURCE=ENV
HEAP_OK_FINAL_NORM_BEFORE=1
FINAL_NORM_SRC_PTR=000001FA4353E060
FINAL_NORM_DST_PTR=000001FA4353E060
FINAL_NORM_WEIGHT_PTR=000001FA6C200000
FINAL_NORM_WEIGHT_SOURCE=HOST_MAPPED
FINAL_NORM_WEIGHT_FULFILLED=1
FINAL_NORM_WEIGHT_BYTES=12288
FINAL_NORM_WEIGHT_0=1.765625
FINAL_NORM_WEIGHT_1=1.75
FINAL_NORM_WEIGHT_2=1.5625
FINAL_NORM_WEIGHT_3=1.7734375
FINAL_NORM_WEIGHT_L2=91.4481258
FINAL_NORM_SUMSQ=9001.20824
FINAL_NORM_MEAN_SQ=2.93008081
FINAL_NORM_EPS=9.99999975e-06
FINAL_NORM_INV_RMS=0.584197164
FINAL_NORM_SRC_0=-0.0751621425
FINAL_NORM_DST_0=-0.0775277242
FINAL_NORM_AFTER_L2=61.6095045
HEAP_OK_FINAL_NORM_AFTER=1
HEAP_OK_COMPUTE_LOGITS_ENTER=1
HEAP_OK_LOGITS_LINEARW_BEFORE=1
HEAP_OK_LOGITS_LINEARW_AFTER=1
PERSISTENT_DECODE_TOKEN t=16 kv=53 devices=2 model=1 gpu_res=1 ssvk=1 bind=1 sealed=0 dev_create=1 model_load=1 cmd_rebuild=0 ds_reset=0
BATCH2_PRODUCT_DECODE_BIND=PASS token=16
BIND16_WINDOW_AUTHORITY=1
GPU_FORWARD_CHILD_ONE_IGNORE
GPU_ISO_RUN=G0
IGNORED_GPU_OWNER=NONE
DIAGNOSTIC_ONLY=1
PROMOTE=0
GPU_FORWARD_CHILD_ONE_IGNORE_END=1
GPU_FORWARD_CHILD_IGNORE_DROP=1
GPU_FORWARD_IGNORE_ARMED=1
GPU_FORWARD_IGNORE_VALID=1
GPU_FORWARD_IGNORE_CHILD=NONE
GPU_FORWARD_ONE_IGNORE_ONLY=1
GPU_FORWARD_LAYERS=1484
GPU_CHILD=QKV ATTEMPTED=1484 EXECUTED=1484 IGNORED=0 NS=6320565100 MS=6320.565
GPU_CHILD=KV_UPDATE ATTEMPTED=1484 EXECUTED=1484 IGNORED=0 NS=1303300 MS=1.303
GPU_CHILD=DEVICE_ATTN ATTEMPTED=1484 EXECUTED=1484 IGNORED=0 NS=1023300 MS=1.023
GPU_CHILD=ATTN_OUTPUT_PROJ ATTEMPTED=1484 EXECUTED=1484 IGNORED=0 NS=296896500 MS=296.897
GPU_CHILD=FFN ATTEMPTED=1484 EXECUTED=1484 IGNORED=0 NS=12967551200 MS=12967.551
GPU_CHILD=SYNC_WAIT ATTEMPTED=1484 EXECUTED=1484 IGNORED=0 NS=155000 MS=0.155
SELECTED_CHILD_EVIDENCE_FIRED=0
CLAIM_AUTHORITY=OWN_RUNTIME_EMISSION_ONLY
PROMOTE=0
GATE=G0_REFERENCE
DEEP2_GPU_ISO_RUN=1
GPU_FORWARD_CHILD_IGNORE=NONE
GPU_FORWARD_CALLS=1484
GPU_FORWARD_MS=27823.395
QKV_CALLS=1484
QKV_MS=6320.565
QKV_IGNORE_REQUESTED=0
QKV_IGNORE_APPLIED=0
DEVICE_ATTENTION_CALLS=1484
DEVICE_ATTENTION_MS=1.023
DEVICE_ATTENTION_IGNORE_REQUESTED=0
DEVICE_ATTENTION_IGNORE_APPLIED=0
FFN_CALLS=1484
FFN_MS=12967.551
FFN_IGNORE_REQUESTED=0
FFN_IGNORE_APPLIED=0
GEMV_CALLS=0
GEMV_MS=0.000
GEMV_IGNORE_REQUESTED=0
GEMV_IGNORE_APPLIED=0
OUTPUT_PROJECTION_CALLS=1484
OUTPUT_PROJECTION_MS=296.897
OUTPUT_PROJECTION_IGNORE_REQUESTED=0
OUTPUT_PROJECTION_IGNORE_APPLIED=0
KV_CALLS=1484
KV_MS=1.303
KV_IGNORE_REQUESTED=0
KV_IGNORE_APPLIED=0
SYNC_CALLS=1484
SYNC_MS=0.155
SYNC_IGNORE_REQUESTED=0
SYNC_IGNORE_APPLIED=0
READBACK_CALLS=0
READBACK_MS=0.000
READBACK_IGNORE_REQUESTED=0
READBACK_IGNORE_APPLIED=0
IGNORE_REQUESTED=0
IGNORE_APPLIED=0
BLOCKED_AT=NONE
GATE_BLOCKED_AT=NONE
CLAIM_AUTHORITY=OWN_RUNTIME_EMISSION_ONLY
RUNTIME_AUTHORITY=1
OLLAMA_HTTP=0
PROMOTE=0
TOKENS_COMMITTED=17
PRODUCT_ENTRY_PATH=1
STREAM_RUNTIME_PATH=1
MODEL_GRAPH_COMPLETE=1
NEMOTRON_SSM_REAL=0
SSM_REAL_LAYERS=0 SSM_IDENTITY_LAYERS=0 SSM_HYBRID_LAYERS=0 SSM_MAMBA_ARMED=0
NUMERIC_PARITY=UNPROVEN
FUNCTIONAL_MODEL_PASS=0
GATE=NEMOTRON_H_REAL_SSM_001
PRODUCTION_DECODE_PATH=0
PROMOTE=0
SSM_CERT=NOT_CERTIFIED
RAWRXD_PRODUCT_PATH_001=1
PRODUCT_PATH=CLI|IDE|Bridge→Deep2Engine::generateStream→token_commit→stream→receipt
SYNTHETIC_TOKEN_PATH=0
PATH=generateStream
MODEL=llama
RAWRXD_FUNCTIONAL_CHAMPION_001
RAWRXD_TPS_KILLER_SEAL_001
MODEL=llama
PATH=generateStream
TOKENS_REQUESTED=17
TOKENS_COMMITTED=17
GENERATION_WALL_NS=30206173700
DECODE_TPS_REAL=0.562799
PRODUCT_FLOOR_TPS=5.000
PRODUCT_WALL_MAX_NS=12800000000
PARITY_PASS=1
FUNCTIONAL_PASS=1
CANDIDATE_BEATS_CHAMPION=0
CANDIDATE_KILLED=1
FUNCTIONAL_CHAMPION=0
TPS_PRODUCT_SEAL=0
SPIN_CLOSE_BLOCKER=NONE
SPIN_CLOSE_BLOCKER_OWNER=NONE
SPIN_CLOSE_BLOCKER_US=0
BLOCKED_AT=64_TOKEN_PRODUCT_RUN
DO_NOT_REOPEN=KvaInversion
DO_NOT_REOPEN=KVA_CLIMB
DO_NOT_REOPEN=BATCH_007
RAWRXD_PERFORMANCE_001=OPEN
RAWRXD_PRODUCT_TPS_001=OPEN
PROMOTE=0
NOTE=TPS_PRODUCT_SEAL_NE_PRODUCT_PASS;FINAL_READY=PRODUCT_OPEN_PASS&&SESSION_ENTER_PASS&&GENERATED_TOKENS>0&&TOKEN_COMMIT_PASS
RECEIPT_END=RAWRXD_TPS_KILLER_SEAL_001
DECODE_LOOP_ATTRIBUTION_BEGIN=1
TOKENS_REQUESTED=17
TOKENS_COMMITTED=17
TOKENS_DECODED=17
TOKENIZER_SINGLE_CALLS=17
TOKENIZER_SEQUENCE_CALLS=0
DETOK_WALL_NS=3700
CALLBACK_WALL_NS=5900
DETOK_RAW_BYTES=19
DETOK_EMITTED_BYTES=19
DETOK_UTF8_PENDING_BYTES=0
DETOK_UTF8_ERRORS=0
DECODE_REPLAY_FACTOR=1.000000
DECODE_LOOP_ATTRIBUTION_END=1
MODEL_RUNTIME_OVERLAY_BEGIN=1
MODEL_LOCATION=G:\~dev\rawrxd\llama3.2-3b-Q2_K.gguf
MODEL_FINGERPRINT=15715361497692516295 RUN_ID=generateStream
PREFILL=OBSERVED DECODE=OBSERVED TOKENS_COMMITTED=17
STREAMER_TPS=0.529693 FORWARD_MS=0.000 LOGITS_MS=0.000 SAMPLE_MS=0.000 DETOK_MS=0.000 CALLBACK_MS=0.000 RECEIPT_MS=0.000
CLEAN_EXIT=1 CRASH_OBSERVED=0 BLOCKED_AT=NONE DISPOSITION=CLEAN_EXIT
DISCOVERY_MUTATION=0 AUTHORITY_CLASS=RUNTIME_OVERLAY PROMOTE=0
MODEL_RUNTIME_OVERLAY_END=1
ONE_BY_ONE_IGNORE_LADDER_001
ISOLATION_RUN=A0
IGNORED_OWNER=NONE
DIAGNOSTIC_ONLY=1
PROMOTE=0
TOKENS_REQUESTED=17
TOKENS_COMMITTED=17
TOKENS_DECODED=17
TOTAL_WALL_MS=30206.078
PREFILL_MS=11489.563
DECODE_MS=18701.164
FORWARD_MS=27823.395
LOGITS_MS=2293.377
SAMPLE_MS=7.168
DETOK_MS=0.016
CALLBACK_MS=0.006
RECEIPT_MS=0.171
KV_MS=4.287
TPS=0.856
DELTA_VS_BASELINE_PCT=0.000
ONE_BY_ONE_IGNORE_LADDER_END=1
DECODE_BLOCKER_ATTRIBUTION_BEGIN=1
IGNORED_OWNER=NONE DIAGNOSTIC_ONLY=1 PROMOTE=0
TOKENS_REQUESTED=17 TOKENS_COMMITTED=17 TOKENS_DECODED=17
TOKENIZER_SINGLE_CALLS=17 TOKENIZER_SEQUENCE_CALLS=0 DECODE_REPLAY_FACTOR=1.000000
TOTAL_WALL_MS=30206.174 PREFILL_MS=11489.563 DECODE_MS=18701.164 ACCOUNTED_MS=30128.796
FORWARD_MS=27823.753 LOGITS_MS=2293.378 SAMPLE_MS=7.169 DETOK_MS=0.033 CALLBACK_MS=0.006 RECEIPT_MS=0.171 KV_MS=4.287 OTHER_MS=0.000
DECODE_OWNER=FORWARD
DECODE_BLOCKER_ATTRIBUTION_END=1
RXEV_SURFACE ARMED=0 DISPOSITION=NO_RUN_STATE
RXOW stage=NONE br=BR_NO_RUN_STATE layers=0 tensors=0 graph=0 decode0=0 note=norun_unclassified
[LIFE] ~Deep2Engine BEGIN
[LIFE] disableMARS
[LIFE] shutdown cyclone before elastic
TD=03 KV_RELEASE_BEGIN
TD=04 KV_RELEASE_END
[LIFE] unloadModel
[LIFE] unloadModel BEGIN
[LIFE] unloadModel close bp16Streamer
[LIFE] unloadModel clear weight aliases (no alignedFree) layers=28
[LIFE] unloadModel FreeTensorData ggufResult (255 tensors)
[LIFE] unloadModel reset kvCache
[LIFE] unloadModel deallocateBuffers
[LIFE] unloadModel END
RXEV_SURFACE ARMED=0 DISPOSITION=NO_RUN_STATE
RXOW stage=NONE br=BR_NO_RUN_STATE layers=0 tensors=0 graph=0 decode0=0 note=norun_unclassified
[LIFE] release MoE
TD=05 WINDOW_RELEASE_BEGIN
TD=06 WINDOW_RELEASE_END
TD=07 GPU_DESTROY_BEGIN
[LIFE] release vulkan devices
TD=08 GPU_DESTROY_END
[LIFE] stop telemetryController
TD=09 MODEL_DESTROY_BEGIN
TD=10 MODEL_DESTROY_END
[LIFE] ~Deep2Engine END
TD=11 CLEAN_EXIT
[StreamEngine] Shutdown
