=== NOTE: 19.85GB model will take 30-90s to load on CPU ===
PROMPT: 'Reply with exactly one line: BRANCH=model-correctness'
=== run ===
MODEL=F:\models\Qwen2.5-Coder-32B-Instruct-Q4_K_M.gguf
PLANNED_GENERATIONS=1
MAX_TOKENS_PER_GENERATION=32
EOS_PROBE_MAX_TOKENS=32
CUSTOM_PROMPT=Reply with exactly one line: BRANCH=model-correctness
CUSTOM_EOS_PROMPT=(none)
ENGINE_INSTANCES=1
ENGINE_RECONSTRUCTED_BETWEEN_GENERATIONS=0
[INIT] Deep2Engine::initialize hiddenDim=0 vocabSize=0 numLayers=0 numHeads=0 maxSeqLen=4096 numThreads=0
ENGINE_INIT=PASS
[QuantKernelRegistry] CPU features: AVX512F=1 AVX512BW=1 AVX512DQ=1 AVX512VNNI=1 AVX2=1 FMA=1 F16C=1
[QuantKernelRegistry] Registered 14 GEMV kernels, 14 dequant kernels
[INIT] KVCache+tokenizer+sampler created
[INIT] Deep2Engine::initialize SUCCESS
[Deep2Engine] ROPE_ARCH=qwen2 ROPE_THETA_GLOBAL=1000000.0 ROPE_THETA_LOCAL=1000000.0 SLIDING_WINDOW=0 SLIDING_WINDOW_PATTERN=0
[ALLOC] allocateBuffers H=5120 V=152064 I=27648
[ALLOC] qDim=5120 kvDim=1024 numHeads=40 headDim=128 numKVHeads=8
[ALLOC] all buffers allocated OK
[Deep2Engine] GGUF mapped: arch=qwen2 shards=1 tensors=771 layers=64 hidden=5120 heads=40 kv_heads=8 vocab=152064
MODEL_LOAD=PASS loadMs=908 kvAtLoad=0
ARCH=qwen2
HIDDEN=5120
LAYERS=64
HEADS=40
KV_HEADS=8
HEAD_DIM=128
GQA_GROUP=5
FFN_DIM=27648
ROPE_THETA=1e+06
ROPE_SCALING=1
ROPE_DIM=128
ROPE_NEOX=1
RMS_EPS=1e-06
Q_BIAS=present
K_BIAS=present
V_BIAS=present
TIE_EMBED=0
[TOKENIZE] text='Reply with exactly one line: BRANCH=model-correctness' -> 13 tokens
[FWD_ALL] seqLen=1 numLayers=64 isMoE=0 useMLA=0 vulkan=0/0
FWD_LAYER layer=0 seqLen=1
FWD_LAYER layer=0 ATTENTION
LINEARW name=blk.0.attn_q.weight rows=5120 cols=5120 type=12
LINEARW_RESULT=CPU_FALLBACK name=blk.0.attn_q.weight
LINEAR_CPU_BEGIN name=blk.0.attn_q.weight type=12 rows=5120 cols=5120 inputFinite=1 inputBad=18446744073709551615 inputMin=-0.553740084 inputMax=0.465903699
LINEARW name=blk.0.attn_k.weight rows=1024 cols=5120 type=12
LINEARW_RESULT=CPU_FALLBACK name=blk.0.attn_k.weight
LINEAR_CPU_BEGIN name=blk.0.attn_k.weight type=12 rows=1024 cols=5120 inputFinite=1 inputBad=18446744073709551615 inputMin=-0.553740084 inputMax=0.465903699
LINEARW name=blk.0.attn_v.weight rows=1024 cols=5120 type=14
LINEARW_RESULT=CPU_FALLBACK name=blk.0.attn_v.weight
LINEAR_CPU_BEGIN name=blk.0.attn_v.weight type=14 rows=1024 cols=5120 inputFinite=1 inputBad=18446744073709551615 inputMin=-0.553740084 inputMax=0.465903699
ROPE layer=0 theta=1000000.0 local=no
LINEARW name=blk.0.attn_output.weight rows=5120 cols=5120 type=12
LINEARW_RESULT=CPU_FALLBACK name=blk.0.attn_output.weight
LINEAR_CPU_BEGIN name=blk.0.attn_output.weight type=12 rows=5120 cols=5120 inputFinite=1 inputBad=18446744073709551615 inputMin=-2.11929893 inputMax=3.67598629
FWD_LAYER layer=0 FFN_ENTER
LINEARW name=blk.0.ffn_gate.weight rows=27648 cols=5120 type=12
LINEARW_RESULT=CPU_FALLBACK name=blk.0.ffn_gate.weight
LINEAR_CPU_BEGIN name=blk.0.ffn_gate.weight type=12 rows=27648 cols=5120 inputFinite=1 inputBad=18446744073709551615 inputMin=-1.6782428 inputMax=0.776110232
LINEARW name=blk.0.ffn_up.weight rows=27648 cols=5120 type=12
LINEARW_RESULT=CPU_FALLBACK name=blk.0.ffn_up.weight
LINEAR_CPU_BEGIN name=blk.0.ffn_up.weight type=12 rows=27648 cols=5120 inputFinite=1 inputBad=18446744073709551615 inputMin=-1.6782428 inputMax=0.776110232
LINEARW name=blk.0.ffn_down.weight rows=5120 cols=27648 type=14
LINEARW_RESULT=CPU_FALLBACK name=blk.0.ffn_down.weight
LINEAR_CPU_BEGIN name=blk.0.ffn_down.weight type=14 rows=5120 cols=27648 inputFinite=1 inputBad=18446744073709551615 inputMin=-8.72946167 inputMax=2.5349896
FWD_LAYER layer=0 DONE
FWD_LAYER layer=1 seqLen=1
FWD_LAYER layer=1 ATTENTION
LINEARW name=blk.1.attn_q.weight rows=5120 cols=5120 type=12
LINEARW_RESULT=CPU_FALLBACK name=blk.1.attn_q.weight
LINEAR_CPU_BEGIN name=blk.1.attn_q.weight type=12 rows=5120 cols=5120 inputFinite=1 inputBad=18446744073709551615 inputMin=-0.524161577 inputMax=0.943578184
LINEARW name=blk.1.attn_k.weight rows=1024 cols=5120 type=12
LINEARW_RESULT=CPU_FALLBACK name=blk.1.attn_k.weight
LINEAR_CPU_BEGIN name=blk.1.attn_k.weight type=12 rows=1024 cols=5120 inputFinite=1 inputBad=18446744073709551615 inputMin=-0.524161577 inputMax=0.943578184
LINEARW name=blk.1.attn_v.weight rows=1024 cols=5120 type=14
LINEARW_RESULT=CPU_FALLBACK name=blk.1.attn_v.weight
LINEAR_CPU_BEGIN name=blk.1.attn_v.weight type=14 rows=1024 cols=5120 inputFinite=1 inputBad=18446744073709551615 inputMin=-0.524161577 inputMax=0.943578184
ROPE layer=1 theta=1000000.0 local=no
LINEARW name=blk.1.attn_output.weight rows=5120 cols=5120 type=12
LINEARW_RESULT=CPU_FALLBACK name=blk.1.attn_output.weight
LINEAR_CPU_BEGIN name=blk.1.attn_output.weight type=12 rows=5120 cols=5120 inputFinite=1 inputBad=18446744073709551615 inputMin=-0.918695927 inputMax=0.19555065
FWD_LAYER layer=1 FFN_ENTER
LINEARW name=blk.1.ffn_gate.weight rows=27648 cols=5120 type=12
LINEARW_RESULT=CPU_FALLBACK name=blk.1.ffn_gate.weight
LINEAR_CPU_BEGIN name=blk.1.ffn_gate.weight type=12 rows=27648 cols=5120 inputFinite=1 inputBad=18446744073709551615 inputMin=-5.27349424 inputMax=26.6649628
LINEARW name=blk.1.ffn_up.weight rows=27648 cols=5120 type=12
LINEARW_RESULT=CPU_FALLBACK name=blk.1.ffn_up.weight
LINEAR_CPU_BEGIN name=blk.1.ffn_up.weight type=12 rows=27648 cols=5120 inputFinite=1 inputBad=18446744073709551615 inputMin=-5.27349424 inputMax=26.6649628
LINEARW name=blk.1.ffn_down.weight rows=5120 cols=27648 type=14
LINEARW_RESULT=CPU_FALLBACK name=blk.1.ffn_down.weight
LINEAR_CPU_BEGIN name=blk.1.ffn_down.weight type=14 rows=5120 cols=27648 inputFinite=1 inputBad=18446744073709551615 inputMin=-6.8718648 inputMax=3.57827568
FWD_LAYER layer=1 DONE
FWD_LAYER layer=2 seqLen=1
FWD_LAYER layer=2 ATTENTION
LINEARW name=blk.2.attn_q.weight rows=5120 cols=5120 type=12
LINEARW_RESULT=CPU_FALLBACK name=blk.2.attn_q.weight
LINEAR_CPU_BEGIN name=blk.2.attn_q.weight type=12 rows=5120 cols=5120 inputFinite=1 inputBad=18446744073709551615 inputMin=-2.2399745 inputMax=2.25147557
LINEARW name=blk.2.attn_k.weight rows=1024 cols=5120 type=12
LINEARW_RESULT=CPU_FALLBACK name=blk.2.attn_k.weight
LINEAR_CPU_BEGIN name=blk.2.attn_k.weight type=12 rows=1024 cols=5120 inputFinite=1 inputBad=18446744073709551615 inputMin=-2.2399745 inputMax=2.25147557
LINEARW name=blk.2.attn_v.weight rows=1024 cols=5120 type=14
LINEARW_RESULT=CPU_FALLBACK name=blk.2.attn_v.weight
LINEAR_CPU_BEGIN name=blk.2.attn_v.weight type=14 rows=1024 cols=5120 inputFinite=1 inputBad=18446744073709551615 inputMin=-2.2399745 inputMax=2.25147557
ROPE layer=2 theta=1000000.0 local=no
LINEARW name=blk.2.attn_output.weight rows=5120 cols=5120 type=12
LINEARW_RESULT=CPU_FALLBACK name=blk.2.attn_output.weight
LINEAR_CPU_BEGIN name=blk.2.attn_output.weight type=12 rows=5120 cols=5120 inputFinite=1 inputBad=18446744073709551615 inputMin=-0.333620876 inputMax=0.80347842
FWD_LAYER layer=2 FFN_ENTER
LINEARW name=blk.2.ffn_gate.weight rows=27648 cols=5120 type=12
LINEARW_RESULT=CPU_FALLBACK name=blk.2.ffn_gate.weight
LINEAR_CPU_BEGIN name=blk.2.ffn_gate.weight type=12 rows=27648 cols=5120 inputFinite=1 inputBad=18446744073709551615 inputMin=-3.98593664 inputMax=3.22867131
LINEARW name=blk.2.ffn_up.weight rows=27648 cols=5120 type=12
LINEARW_RESULT=CPU_FALLBACK name=blk.2.ffn_up.weight
LINEAR_CPU_BEGIN name=blk.2.ffn_up.weight type=12 rows=27648 cols=5120 inputFinite=1 inputBad=18446744073709551615 inputMin=-3.98593664 inputMax=3.22867131
LINEARW name=blk.2.ffn_down.weight rows=5120 cols=27648 type=14
LINEARW_RESULT=CPU_FALLBACK name=blk.2.ffn_down.weight
LINEAR_CPU_BEGIN name=blk.2.ffn_down.weight type=14 rows=5120 cols=27648 inputFinite=1 inputBad=18446744073709551615 inputMin=-6.17646122 inputMax=2.62840199
FWD_LAYER layer=2 DONE
FWD_LAYER layer=3 seqLen=1
FWD_LAYER layer=3 ATTENTION
LINEARW name=blk.3.attn_q.weight rows=5120 cols=5120 type=12
LINEARW_RESULT=CPU_FALLBACK name=blk.3.attn_q.weight
LINEAR_CPU_BEGIN name=blk.3.attn_q.weight type=12 rows=5120 cols=5120 inputFinite=1 inputBad=18446744073709551615 inputMin=-4.28440094 inputMax=3.33557773
LINEARW name=blk.3.attn_k.weight rows=1024 cols=5120 type=12
LINEARW_RESULT=CPU_FALLBACK name=blk.3.attn_k.weight
LINEAR_CPU_BEGIN name=blk.3.attn_k.weight type=12 rows=1024 cols=5120 inputFinite=1 inputBad=18446744073709551615 inputMin=-4.28440094 inputMax=3.33557773
LINEARW name=blk.3.attn_v.weight rows=1024 cols=5120 type=14
LINEARW_RESULT=CPU_FALLBACK name=blk.3.attn_v.weight
LINEAR_CPU_BEGIN name=blk.3.attn_v.weight type=14 rows=1024 cols=5120 inputFinite=1 inputBad=18446744073709551615 inputMin=-4.28440094 inputMax=3.33557773
ROPE layer=3 theta=1000000.0 local=no
LINEARW name=blk.3.attn_output.weight rows=5120 cols=5120 type=12
LINEARW_RESULT=CPU_FALLBACK name=blk.3.attn_output.weight
LINEAR_CPU_BEGIN name=blk.3.attn_output.weight type=12 rows=5120 cols=5120 inputFinite=1 inputBad=18446744073709551615 inputMin=-0.921288967 inputMax=0.649073958
FWD_LAYER layer=3 FFN_ENTER
LINEARW name=blk.3.ffn_gate.weight rows=27648 cols=5120 type=12
LINEARW_RESULT=CPU_FALLBACK name=blk.3.ffn_gate.weight
LINEAR_CPU_BEGIN name=blk.3.ffn_gate.weight type=12 rows=27648 cols=5120 inputFinite=1 inputBad=18446744073709551615 inputMin=-3.4828918 inputMax=4.81152296
LINEARW name=blk.3.ffn_up.weight rows=27648 cols=5120 type=12
LINEARW_RESULT=CPU_FALLBACK name=blk.3.ffn_up.weight
LINEAR_CPU_BEGIN name=blk.3.ffn_up.weight type=12 rows=27648 cols=5120 inputFinite=1 inputBad=18446744073709551615 inputMin=-3.4828918 inputMax=4.81152296
LINEARW name=blk.3.ffn_down.weight rows=5120 cols=27648 type=14
LINEARW_RESULT=CPU_FALLBACK name=blk.3.ffn_down.weight
LINEAR_CPU_BEGIN name=blk.3.ffn_down.weight type=14 rows=5120 cols=27648 inputFinite=1 inputBad=18446744073709551615 inputMin=-6.94753456 inputMax=7.15040827
FWD_LAYER layer=3 DONE
FWD_LAYER layer=4 seqLen=1
FWD_LAYER layer=4 ATTENTION
LINEARW name=blk.4.attn_q.weight rows=5120 cols=5120 type=12
LINEARW_RESULT=CPU_FALLBACK name=blk.4.attn_q.weight
LINEAR_CPU_BEGIN name=blk.4.attn_q.weight type=12 rows=5120 cols=5120 inputFinite=1 inputBad=18446744073709551615 inputMin=-3.79958344 inputMax=2.42632294
LINEARW name=blk.4.attn_k.weight rows=1024 cols=5120 type=12
LINEARW_RESULT=CPU_FALLBACK name=blk.4.attn_k.weight
LINEAR_CPU_BEGIN name=blk.4.attn_k.weight type=12 rows=1024 cols=5120 inputFinite=1 inputBad=18446744073709551615 inputMin=-3.79958344 inputMax=2.42632294
LINEARW name=blk.4.attn_v.weight rows=1024 cols=5120 type=14
LINEARW_RESULT=CPU_FALLBACK name=blk.4.attn_v.weight
LINEAR_CPU_BEGIN name=blk.4.attn_v.weight type=14 rows=1024 cols=5120 inputFinite=1 inputBad=18446744073709551615 inputMin=-3.79958344 inputMax=2.42632294
ROPE layer=4 theta=1000000.0 local=no
LINEARW name=blk.4.attn_output.weight rows=5120 cols=5120 type=12
LINEARW_RESULT=CPU_FALLBACK name=blk.4.attn_output.weight
LINEAR_CPU_BEGIN name=blk.4.attn_output.weight type=12 rows=5120 cols=5120 inputFinite=1 inputBad=18446744073709551615 inputMin=-1.05850995 inputMax=0.691427231
FWD_LAYER layer=4 FFN_ENTER
LINEARW name=blk.4.ffn_gate.weight rows=27648 cols=5120 type=12
LINEARW_RESULT=CPU_FALLBACK name=blk.4.ffn_gate.weight
LINEAR_CPU_BEGIN name=blk.4.ffn_gate.weight type=12 rows=27648 cols=5120 inputFinite=1 inputBad=18446744073709551615 inputMin=-5.49965954 inputMax=7.85066652
LINEARW name=blk.4.ffn_up.weight rows=27648 cols=5120 type=12
LINEARW_RESULT=CPU_FALLBACK name=blk.4.ffn_up.weight
LINEAR_CPU_BEGIN name=blk.4.ffn_up.weight type=12 rows=27648 cols=5120 inputFinite=1 inputBad=18446744073709551615 inputMin=-5.49965954 inputMax=7.85066652
LINEARW name=blk.4.ffn_down.weight rows=5120 cols=27648 type=14
LINEARW_RESULT=CPU_FALLBACK name=blk.4.ffn_down.weight
LINEAR_CPU_BEGIN name=blk.4.ffn_down.weight type=14 rows=5120 cols=27648 inputFinite=1 inputBad=18446744073709551615 inputMin=-1225.04358 inputMax=785.456116
FWD_LAYER layer=4 DONE
FWD_LAYER layer=5 seqLen=1
FWD_LAYER layer=5 ATTENTION
LINEARW name=blk.5.attn_q.weight rows=5120 cols=5120 type=12
LINEARW_RESULT=CPU_FALLBACK name=blk.5.attn_q.weight
LINEAR_CPU_BEGIN name=blk.5.attn_q.weight type=12 rows=5120 cols=5120 inputFinite=1 inputBad=18446744073709551615 inputMin=-0.438164234 inputMax=0.639591575
LINEARW name=blk.5.attn_k.weight rows=1024 cols=5120 type=12
LINEARW_RESULT=CPU_FALLBACK name=blk.5.attn_k.weight
LINEAR_CPU_BEGIN name=blk.5.attn_k.weight type=12 rows=1024 cols=5120 inputFinite=1 inputBad=18446744073709551615 inputMin=-0.438164234 inputMax=0.639591575
LINEARW name=blk.5.attn_v.weight rows=1024 cols=5120 type=14
LINEARW_RESULT=CPU_FALLBACK name=blk.5.attn_v.weight
LINEAR_CPU_BEGIN name=blk.5.attn_v.weight type=14 rows=1024 cols=5120 inputFinite=1 inputBad=18446744073709551615 inputMin=-0.438164234 inputMax=0.639591575
ROPE layer=5 theta=1000000.0 local=no
LINEARW name=blk.5.attn_output.weight rows=5120 cols=5120 type=12
LINEARW_RESULT=CPU_FALLBACK name=blk.5.attn_output.weight
LINEAR_CPU_BEGIN name=blk.5.attn_output.weight type=12 rows=5120 cols=5120 inputFinite=1 inputBad=18446744073709551615 inputMin=-0.323991567 inputMax=0.470977545
FWD_LAYER layer=5 FFN_ENTER
LINEARW name=blk.5.ffn_gate.weight rows=27648 cols=5120 type=12
LINEARW_RESULT=CPU_FALLBACK name=blk.5.ffn_gate.weight
LINEAR_CPU_BEGIN name=blk.5.ffn_gate.weight type=12 rows=27648 cols=5120 inputFinite=1 inputBad=18446744073709551615 inputMin=-131.65921 inputMax=64.0184937
LINEARW name=blk.5.ffn_up.weight rows=27648 cols=5120 type=12
LINEARW_RESULT=CPU_FALLBACK name=blk.5.ffn_up.weight
LINEAR_CPU_BEGIN name=blk.5.ffn_up.weight type=12 rows=27648 cols=5120 inputFinite=1 inputBad=18446744073709551615 inputMin=-131.65921 inputMax=64.0184937
LINEARW name=blk.5.ffn_down.weight rows=5120 cols=27648 type=14
LINEARW_RESULT=CPU_FALLBACK name=blk.5.ffn_down.weight
LINEAR_CPU_BEGIN name=blk.5.ffn_down.weight type=14 rows=5120 cols=27648 inputFinite=1 inputBad=18446744073709551615 inputMin=-2.34569168 inputMax=2516.56445
FWD_LAYER layer=5 DONE
FWD_LAYER layer=6 seqLen=1
FWD_LAYER layer=6 ATTENTION
LINEARW name=blk.6.attn_q.weight rows=5120 cols=5120 type=12
LINEARW_RESULT=CPU_FALLBACK name=blk.6.attn_q.weight
LINEAR_CPU_BEGIN name=blk.6.attn_q.weight type=12 rows=5120 cols=5120 inputFinite=1 inputBad=18446744073709551615 inputMin=-0.640694141 inputMax=0.966466784
LINEARW name=blk.6.attn_k.weight rows=1024 cols=5120 type=12
LINEARW_RESULT=CPU_FALLBACK name=blk.6.attn_k.weight
LINEAR_CPU_BEGIN name=blk.6.attn_k.weight type=12 rows=1024 cols=5120 inputFinite=1 inputBad=18446744073709551615 inputMin=-0.640694141 inputMax=0.966466784
LINEARW name=blk.6.attn_v.weight rows=1024 cols=5120 type=14
LINEARW_RESULT=CPU_FALLBACK name=blk.6.attn_v.weight
LINEAR_CPU_BEGIN name=blk.6.attn_v.weight type=14 rows=1024 cols=5120 inputFinite=1 inputBad=18446744073709551615 inputMin=-0.640694141 inputMax=0.966466784
ROPE layer=6 theta=1000000.0 local=no
LINEARW name=blk.6.attn_output.weight rows=5120 cols=5120 type=12
LINEARW_RESULT=CPU_FALLBACK name=blk.6.attn_output.weight
LINEAR_CPU_BEGIN name=blk.6.attn_output.weight type=12 rows=5120 cols=5120 inputFinite=1 inputBad=18446744073709551615 inputMin=-0.455708355 inputMax=0.565658212
FWD_LAYER layer=6 FFN_ENTER
LINEARW name=blk.6.ffn_gate.weight rows=27648 cols=5120 type=12
LINEARW_RESULT=CPU_FALLBACK name=blk.6.ffn_gate.weight
LINEAR_CPU_BEGIN name=blk.6.ffn_gate.weight type=12 rows=27648 cols=5120 inputFinite=1 inputBad=18446744073709551615 inputMin=-110.747215 inputMax=68.9960403
LINEARW name=blk.6.ffn_up.weight rows=27648 cols=5120 type=12
LINEARW_RESULT=CPU_FALLBACK name=blk.6.ffn_up.weight
LINEAR_CPU_BEGIN name=blk.6.ffn_up.weight type=12 rows=27648 cols=5120 inputFinite=1 inputBad=18446744073709551615 inputMin=-110.747215 inputMax=68.9960403
LINEARW name=blk.6.ffn_down.weight rows=5120 cols=27648 type=14
LINEARW_RESULT=CPU_FALLBACK name=blk.6.ffn_down.weight
LINEAR_CPU_BEGIN name=blk.6.ffn_down.weight type=14 rows=5120 cols=27648 inputFinite=1 inputBad=18446744073709551615 inputMin=-766.326538 inputMax=31.8436146
FWD_LAYER layer=6 DONE
FWD_LAYER layer=7 seqLen=1
FWD_LAYER layer=7 ATTENTION
LINEARW name=blk.7.attn_q.weight rows=5120 cols=5120 type=12
LINEARW_RESULT=CPU_FALLBACK name=blk.7.attn_q.weight
LINEAR_CPU_BEGIN name=blk.7.attn_q.weight type=12 rows=5120 cols=5120 inputFinite=1 inputBad=18446744073709551615 inputMin=-0.484015763 inputMax=1.13337553
LINEARW name=blk.7.attn_k.weight rows=1024 cols=5120 type=12
LINEARW_RESULT=CPU_FALLBACK name=blk.7.attn_k.weight
LINEAR_CPU_BEGIN name=blk.7.attn_k.weight type=12 rows=1024 cols=5120 inputFinite=1 inputBad=18446744073709551615 inputMin=-0.484015763 inputMax=1.13337553
LINEARW name=blk.7.attn_v.weight rows=1024 cols=5120 type=14
LINEARW_RESULT=CPU_FALLBACK name=blk.7.attn_v.weight
LINEAR_CPU_BEGIN name=blk.7.attn_v.weight type=14 rows=1024 cols=5120 inputFinite=1 inputBad=18446744073709551615 inputMin=-0.484015763 inputMax=1.13337553
ROPE layer=7 theta=1000000.0 local=no
LINEARW name=blk.7.attn_output.weight rows=5120 cols=5120 type=12
LINEARW_RESULT=CPU_FALLBACK name=blk.7.attn_output.weight
LINEAR_CPU_BEGIN name=blk.7.attn_output.weight type=12 rows=5120 cols=5120 inputFinite=1 inputBad=18446744073709551615 inputMin=-0.480160356 inputMax=0.357418865
FWD_LAYER layer=7 FFN_ENTER
LINEARW name=blk.7.ffn_gate.weight rows=27648 cols=5120 type=12
LINEARW_RESULT=CPU_FALLBACK name=blk.7.ffn_gate.weight
LINEAR_CPU_BEGIN name=blk.7.ffn_gate.weight type=12 rows=27648 cols=5120 inputFinite=1 inputBad=18446744073709551615 inputMin=-98.4388504 inputMax=51.3769188
LINEARW name=blk.7.ffn_up.weight rows=27648 cols=5120 type=12
LINEARW_RESULT=CPU_FALLBACK name=blk.7.ffn_up.weight
LINEAR_CPU_BEGIN name=blk.7.ffn_up.weight type=12 rows=27648 cols=5120 inputFinite=1 inputBad=18446744073709551615 inputMin=-98.4388504 inputMax=51.3769188
LINEARW name=blk.7.ffn_down.weight rows=5120 cols=27648 type=14
LINEARW_RESULT=CPU_FALLBACK name=blk.7.ffn_down.weight
LINEAR_CPU_BEGIN name=blk.7.ffn_down.weight type=14 rows=5120 cols=27648 inputFinite=1 inputBad=18446744073709551615 inputMin=-39.9948616 inputMax=12.421876
FWD_LAYER layer=7 DONE
FWD_LAYER layer=8 seqLen=1
FWD_LAYER layer=8 ATTENTION
LINEARW name=blk.8.attn_q.weight rows=5120 cols=5120 type=12
LINEARW_RESULT=CPU_FALLBACK name=blk.8.attn_q.weight
LINEAR_CPU_BEGIN name=blk.8.attn_q.weight type=12 rows=5120 cols=5120 inputFinite=1 inputBad=18446744073709551615 inputMin=-0.807365239 inputMax=1.69903731
LINEARW name=blk.8.attn_k.weight rows=1024 cols=5120 type=12
LINEARW_RESULT=CPU_FALLBACK name=blk.8.attn_k.weight
LINEAR_CPU_BEGIN name=blk.8.attn_k.weight type=12 rows=1024 cols=5120 inputFinite=1 inputBad=18446744073709551615 inputMin=-0.807365239 inputMax=1.69903731
LINEARW name=blk.8.attn_v.weight rows=1024 cols=5120 type=12
LINEARW_RESULT=CPU_FALLBACK name=blk.8.attn_v.weight
LINEAR_CPU_BEGIN name=blk.8.attn_v.weight type=12 rows=1024 cols=5120 inputFinite=1 inputBad=18446744073709551615 inputMin=-0.807365239 inputMax=1.69903731
ROPE layer=8 theta=1000000.0 local=no
LINEARW name=blk.8.attn_output.weight rows=5120 cols=5120 type=12
LINEARW_RESULT=CPU_FALLBACK name=blk.8.attn_output.weight
LINEAR_CPU_BEGIN name=blk.8.attn_output.weight type=12 rows=5120 cols=5120 inputFinite=1 inputBad=18446744073709551615 inputMin=-1.59724903 inputMax=1.04479194
FWD_LAYER layer=8 FFN_ENTER
LINEARW name=blk.8.ffn_gate.weight rows=27648 cols=5120 type=12
LINEARW_RESULT=CPU_FALLBACK name=blk.8.ffn_gate.weight
LINEAR_CPU_BEGIN name=blk.8.ffn_gate.weight type=12 rows=27648 cols=5120 inputFinite=1 inputBad=18446744073709551615 inputMin=-77.7429276 inputMax=25.8055477
LINEARW name=blk.8.ffn_up.weight rows=27648 cols=5120 type=12
LINEARW_RESULT=CPU_FALLBACK name=blk.8.ffn_up.weight
LINEAR_CPU_BEGIN name=blk.8.ffn_up.weight type=12 rows=27648 cols=5120 inputFinite=1 inputBad=18446744073709551615 inputMin=-77.7429276 inputMax=25.8055477
LINEARW name=blk.8.ffn_down.weight rows=5120 cols=27648 type=12
LINEARW_RESULT=CPU_FALLBACK name=blk.8.ffn_down.weight
LINEAR_CPU_BEGIN name=blk.8.ffn_down.weight type=12 rows=5120 cols=27648 inputFinite=1 inputBad=18446744073709551615 inputMin=-502.234375 inputMax=4.38596678
FWD_LAYER layer=8 DONE
FWD_LAYER layer=9 seqLen=1
FWD_LAYER layer=9 ATTENTION
LINEARW name=blk.9.attn_q.weight rows=5120 cols=5120 type=12
LINEARW_RESULT=CPU_FALLBACK name=blk.9.attn_q.weight
LINEAR_CPU_BEGIN name=blk.9.attn_q.weight type=12 rows=5120 cols=5120 inputFinite=1 inputBad=18446744073709551615 inputMin=-2.23121071 inputMax=3.98150849
LINEARW name=blk.9.attn_k.weight rows=1024 cols=5120 type=12
LINEARW_RESULT=CPU_FALLBACK name=blk.9.attn_k.weight
LINEAR_CPU_BEGIN name=blk.9.attn_k.weight type=12 rows=1024 cols=5120 inputFinite=1 inputBad=18446744073709551615 inputMin=-2.23121071 inputMax=3.98150849
LINEARW name=blk.9.attn_v.weight rows=1024 cols=5120 type=12
LINEARW_RESULT=CPU_FALLBACK name=blk.9.attn_v.weight
LINEAR_CPU_BEGIN name=blk.9.attn_v.weight type=12 rows=1024 cols=5120 inputFinite=1 inputBad=18446744073709551615 inputMin=-2.23121071 inputMax=3.98150849
ROPE layer=9 theta=1000000.0 local=no
LINEARW name=blk.9.attn_output.weight rows=5120 cols=5120 type=12
LINEARW_RESULT=CPU_FALLBACK name=blk.9.attn_output.weight
LINEAR_CPU_BEGIN name=blk.9.attn_output.weight type=12 rows=5120 cols=5120 inputFinite=1 inputBad=18446744073709551615 inputMin=-1.13857675 inputMax=0.38710022
FWD_LAYER layer=9 FFN_ENTER
LINEARW name=blk.9.ffn_gate.weight rows=27648 cols=5120 type=12
LINEARW_RESULT=CPU_FALLBACK name=blk.9.ffn_gate.weight
LINEAR_CPU_BEGIN name=blk.9.ffn_gate.weight type=12 rows=27648 cols=5120 inputFinite=1 inputBad=18446744073709551615 inputMin=-3.86954188 inputMax=8.03219223
LINEARW name=blk.9.ffn_up.weight rows=27648 cols=5120 type=12
LINEARW_RESULT=CPU_FALLBACK name=blk.9.ffn_up.weight
LINEAR_CPU_BEGIN name=blk.9.ffn_up.weight type=12 rows=27648 cols=5120 inputFinite=1 inputBad=18446744073709551615 inputMin=-3.86954188 inputMax=8.03219223
LINEARW name=blk.9.ffn_down.weight rows=5120 cols=27648 type=12
LINEARW_RESULT=CPU_FALLBACK name=blk.9.ffn_down.weight
LINEAR_CPU_BEGIN name=blk.9.ffn_down.weight type=12 rows=5120 cols=27648 inputFinite=1 inputBad=18446744073709551615 inputMin=-3.87605572 inputMax=23.0039425
FWD_LAYER layer=9 DONE
FWD_LAYER layer=10 seqLen=1
FWD_LAYER layer=10 ATTENTION
LINEARW name=blk.10.attn_q.weight rows=5120 cols=5120 type=12
LINEARW_RESULT=CPU_FALLBACK name=blk.10.attn_q.weight
LINEAR_CPU_BEGIN name=blk.10.attn_q.weight type=12 rows=5120 cols=5120 inputFinite=1 inputBad=18446744073709551615 inputMin=-2.30676079 inputMax=4.30733061
LINEARW name=blk.10.attn_k.weight rows=1024 cols=5120 type=12
LINEARW_RESULT=CPU_FALLBACK name=blk.10.attn_k.weight
LINEAR_CPU_BEGIN name=blk.10.attn_k.weight type=12 rows=1024 cols=5120 inputFinite=1 inputBad=18446744073709551615 inputMin=-2.30676079 inputMax=4.30733061
LINEARW name=blk.10.attn_v.weight rows=1024 cols=5120 type=14
LINEARW_RESULT=CPU_FALLBACK name=blk.10.attn_v.weight
LINEAR_CPU_BEGIN name=blk.10.attn_v.weight type=14 rows=1024 cols=5120 inputFinite=1 inputBad=18446744073709551615 inputMin=-2.30676079 inputMax=4.30733061
ROPE layer=10 theta=1000000.0 local=no
LINEARW name=blk.10.attn_output.weight rows=5120 cols=5120 type=12
LINEARW_RESULT=CPU_FALLBACK name=blk.10.attn_output.weight
LINEAR_CPU_BEGIN name=blk.10.attn_output.weight type=12 rows=5120 cols=5120 inputFinite=1 inputBad=18446744073709551615 inputMin=-0.567399621 inputMax=0.101797879
FWD_LAYER layer=10 FFN_ENTER
LINEARW name=blk.10.ffn_gate.weight rows=27648 cols=5120 type=12
LINEARW_RESULT=CPU_FALLBACK name=blk.10.ffn_gate.weight
LINEAR_CPU_BEGIN name=blk.10.ffn_gate.weight type=12 rows=27648 cols=5120 inputFinite=1 inputBad=18446744073709551615 inputMin=-7.4787817 inputMax=9.64045143
LINEARW name=blk.10.ffn_up.weight rows=27648 cols=5120 type=12
LINEARW_RESULT=CPU_FALLBACK name=blk.10.ffn_up.weight
LINEAR_CPU_BEGIN name=blk.10.ffn_up.weight type=12 rows=27648 cols=5120 inputFinite=1 inputBad=18446744073709551615 inputMin=-7.4787817 inputMax=9.64045143
LINEARW name=blk.10.ffn_down.weight rows=5120 cols=27648 type=14
LINEARW_RESULT=CPU_FALLBACK name=blk.10.ffn_down.weight
LINEAR_CPU_BEGIN name=blk.10.ffn_down.weight type=14 rows=5120 cols=27648 inputFinite=1 inputBad=18446744073709551615 inputMin=-134.307602 inputMax=8.21744728
FWD_LAYER layer=10 DONE
FWD_LAYER layer=11 seqLen=1
FWD_LAYER layer=11 ATTENTION
LINEARW name=blk.11.attn_q.weight rows=5120 cols=5120 type=12
LINEARW_RESULT=CPU_FALLBACK name=blk.11.attn_q.weight
LINEAR_CPU_BEGIN name=blk.11.attn_q.weight type=12 rows=5120 cols=5120 inputFinite=1 inputBad=18446744073709551615 inputMin=-1.46592212 inputMax=5.23294497
LINEARW name=blk.11.attn_k.weight rows=1024 cols=5120 type=12
LINEARW_RESULT=CPU_FALLBACK name=blk.11.attn_k.weight
LINEAR_CPU_BEGIN name=blk.11.attn_k.weight type=12 rows=1024 cols=5120 inputFinite=1 inputBad=18446744073709551615 inputMin=-1.46592212 inputMax=5.23294497
LINEARW name=blk.11.attn_v.weight rows=1024 cols=5120 type=12
LINEARW_RESULT=CPU_FALLBACK name=blk.11.attn_v.weight
LINEAR_CPU_BEGIN name=blk.11.attn_v.weight type=12 rows=1024 cols=5120 inputFinite=1 inputBad=18446744073709551615 inputMin=-1.46592212 inputMax=5.23294497
ROPE layer=11 theta=1000000.0 local=no
LINEARW name=blk.11.attn_output.weight rows=5120 cols=5120 type=12
LINEARW_RESULT=CPU_FALLBACK name=blk.11.attn_output.weight
LINEAR_CPU_BEGIN name=blk.11.attn_output.weight type=12 rows=5120 cols=5120 inputFinite=1 inputBad=18446744073709551615 inputMin=-1.29216766 inputMax=0.417613357
FWD_LAYER layer=11 FFN_ENTER
LINEARW name=blk.11.ffn_gate.weight rows=27648 cols=5120 type=12
LINEARW_RESULT=CPU_FALLBACK name=blk.11.ffn_gate.weight
LINEAR_CPU_BEGIN name=blk.11.ffn_gate.weight type=12 rows=27648 cols=5120 inputFinite=1 inputBad=18446744073709551615 inputMin=-5.55351305 inputMax=6.43008995
LINEARW name=blk.11.ffn_up.weight rows=27648 cols=5120 type=12
LINEARW_RESULT=CPU_FALLBACK name=blk.11.ffn_up.weight
LINEAR_CPU_BEGIN name=blk.11.ffn_up.weight type=12 rows=27648 cols=5120 inputFinite=1 inputBad=18446744073709551615 inputMin=-5.55351305 inputMax=6.43008995
LINEARW name=blk.11.ffn_down.weight rows=5120 cols=27648 type=12
LINEARW_RESULT=CPU_FALLBACK name=blk.11.ffn_down.weight
LINEAR_CPU_BEGIN name=blk.11.ffn_down.weight type=12 rows=5120 cols=27648 inputFinite=1 inputBad=18446744073709551615 inputMin=-13.4120846 inputMax=1.7599982
FWD_LAYER layer=11 DONE
FWD_LAYER layer=12 seqLen=1
FWD_LAYER layer=12 ATTENTION
LINEARW name=blk.12.attn_q.weight rows=5120 cols=5120 type=12
LINEARW_RESULT=CPU_FALLBACK name=blk.12.attn_q.weight
LINEAR_CPU_BEGIN name=blk.12.attn_q.weight type=12 rows=5120 cols=5120 inputFinite=1 inputBad=18446744073709551615 inputMin=-2.15060019 inputMax=4.16840601
LINEARW name=blk.12.attn_k.weight rows=1024 cols=5120 type=12
LINEARW_RESULT=CPU_FALLBACK name=blk.12.attn_k.weight
LINEAR_CPU_BEGIN name=blk.12.attn_k.weight type=12 rows=1024 cols=5120 inputFinite=1 inputBad=18446744073709551615 inputMin=-2.15060019 inputMax=4.16840601
LINEARW name=blk.12.attn_v.weight rows=1024 cols=5120 type=12
LINEARW_RESULT=CPU_FALLBACK name=blk.12.attn_v.weight
LINEAR_CPU_BEGIN name=blk.12.attn_v.weight type=12 rows=1024 cols=5120 inputFinite=1 inputBad=18446744073709551615 inputMin=-2.15060019 inputMax=4.16840601
ROPE layer=12 theta=1000000.0 local=no
LINEARW name=blk.12.attn_output.weight rows=5120 cols=5120 type=12
LINEARW_RESULT=CPU_FALLBACK name=blk.12.attn_output.weight
LINEAR_CPU_BEGIN name=blk.12.attn_output.weight type=12 rows=5120 cols=5120 inputFinite=1 inputBad=18446744073709551615 inputMin=-0.1105607 inputMax=0.663660288
FWD_LAYER layer=12 FFN_ENTER
LINEARW name=blk.12.ffn_gate.weight rows=27648 cols=5120 type=12
LINEARW_RESULT=CPU_FALLBACK name=blk.12.ffn_gate.weight
LINEAR_CPU_BEGIN name=blk.12.ffn_gate.weight type=12 rows=27648 cols=5120 inputFinite=1 inputBad=18446744073709551615 inputMin=-7.17409325 inputMax=7.16947556
LINEARW name=blk.12.ffn_up.weight rows=27648 cols=5120 type=12
LINEARW_RESULT=CPU_FALLBACK name=blk.12.ffn_up.weight
LINEAR_CPU_BEGIN name=blk.12.ffn_up.weight type=12 rows=27648 cols=5120 inputFinite=1 inputBad=18446744073709551615 inputMin=-7.17409325 inputMax=7.16947556
LINEARW name=blk.12.ffn_down.weight rows=5120 cols=27648 type=12
LINEARW_RESULT=CPU_FALLBACK name=blk.12.ffn_down.weight
LINEAR_CPU_BEGIN name=blk.12.ffn_down.weight type=12 rows=5120 cols=27648 inputFinite=1 inputBad=18446744073709551615 inputMin=-4.14984608 inputMax=37.2459259
FWD_LAYER layer=12 DONE
FWD_LAYER layer=13 seqLen=1
FWD_LAYER layer=13 ATTENTION
LINEARW name=blk.13.attn_q.weight rows=5120 cols=5120 type=12
LINEARW_RESULT=CPU_FALLBACK name=blk.13.attn_q.weight
LINEAR_CPU_BEGIN name=blk.13.attn_q.weight type=12 rows=5120 cols=5120 inputFinite=1 inputBad=18446744073709551615 inputMin=-2.24474764 inputMax=4.05006695
LINEARW name=blk.13.attn_k.weight rows=1024 cols=5120 type=12
LINEARW_RESULT=CPU_FALLBACK name=blk.13.attn_k.weight
LINEAR_CPU_BEGIN name=blk.13.attn_k.weight type=12 rows=1024 cols=5120 inputFinite=1 inputBad=18446744073709551615 inputMin=-2.24474764 inputMax=4.05006695
LINEARW name=blk.13.attn_v.weight rows=1024 cols=5120 type=14
LINEARW_RESULT=CPU_FALLBACK name=blk.13.attn_v.weight
LINEAR_CPU_BEGIN name=blk.13.attn_v.weight type=14 rows=1024 cols=5120 inputFinite=1 inputBad=18446744073709551615 inputMin=-2.24474764 inputMax=4.05006695
ROPE layer=13 theta=1000000.0 local=no
LINEARW name=blk.13.attn_output.weight rows=5120 cols=5120 type=12
LINEARW_RESULT=CPU_FALLBACK name=blk.13.attn_output.weight
LINEAR_CPU_BEGIN name=blk.13.attn_output.weight type=12 rows=5120 cols=5120 inputFinite=1 inputBad=18446744073709551615 inputMin=-0.104166813 inputMax=0.559015393
FWD_LAYER layer=13 FFN_ENTER
LINEARW name=blk.13.ffn_gate.weight rows=27648 cols=5120 type=12
LINEARW_RESULT=CPU_FALLBACK name=blk.13.ffn_gate.weight
LINEAR_CPU_BEGIN name=blk.13.ffn_gate.weight type=12 rows=27648 cols=5120 inputFinite=1 inputBad=18446744073709551615 inputMin=-7.28234148 inputMax=7.35089779
LINEARW name=blk.13.ffn_up.weight rows=27648 cols=5120 type=12
LINEARW_RESULT=CPU_FALLBACK name=blk.13.ffn_up.weight
LINEAR_CPU_BEGIN name=blk.13.ffn_up.weight type=12 rows=27648 cols=5120 inputFinite=1 inputBad=18446744073709551615 inputMin=-7.28234148 inputMax=7.35089779
LINEARW name=blk.13.ffn_down.weight rows=5120 cols=27648 type=14
LINEARW_RESULT=CPU_FALLBACK name=blk.13.ffn_down.weight
LINEAR_CPU_BEGIN name=blk.13.ffn_down.weight type=14 rows=5120 cols=27648 inputFinite=1 inputBad=18446744073709551615 inputMin=-2.0428102 inputMax=10.5597305
FWD_LAYER layer=13 DONE
FWD_LAYER layer=14 seqLen=1
FWD_LAYER layer=14 ATTENTION
LINEARW name=blk.14.attn_q.weight rows=5120 cols=5120 type=12
LINEARW_RESULT=CPU_FALLBACK name=blk.14.attn_q.weight
LINEAR_CPU_BEGIN name=blk.14.attn_q.weight type=12 rows=5120 cols=5120 inputFinite=1 inputBad=18446744073709551615 inputMin=-2.0204289 inputMax=3.61448479
LINEARW name=blk.14.attn_k.weight rows=1024 cols=5120 type=12
LINEARW_RESULT=CPU_FALLBACK name=blk.14.attn_k.weight
LINEAR_CPU_BEGIN name=blk.14.attn_k.weight type=12 rows=1024 cols=5120 inputFinite=1 inputBad=18446744073709551615 inputMin=-2.0204289 inputMax=3.61448479
LINEARW name=blk.14.attn_v.weight rows=1024 cols=5120 type=12
LINEARW_RESULT=CPU_FALLBACK name=blk.14.attn_v.weight
LINEAR_CPU_BEGIN name=blk.14.attn_v.weight type=12 rows=1024 cols=5120 inputFinite=1 inputBad=18446744073709551615 inputMin=-2.0204289 inputMax=3.61448479
ROPE layer=14 theta=1000000.0 local=no
LINEARW name=blk.14.attn_output.weight rows=5120 cols=5120 type=12
LINEARW_RESULT=CPU_FALLBACK name=blk.14.attn_output.weight
LINEAR_CPU_BEGIN name=blk.14.attn_output.weight type=12 rows=5120 cols=5120 inputFinite=1 inputBad=18446744073709551615 inputMin=-0.487375945 inputMax=0.258179992
FWD_LAYER layer=14 FFN_ENTER
LINEARW name=blk.14.ffn_gate.weight rows=27648 cols=5120 type=12
LINEARW_RESULT=CPU_FALLBACK name=blk.14.ffn_gate.weight
LINEAR_CPU_BEGIN name=blk.14.ffn_gate.weight type=12 rows=27648 cols=5120 inputFinite=1 inputBad=18446744073709551615 inputMin=-8.1995821 inputMax=7.72406197
LINEARW name=blk.14.ffn_up.weight rows=27648 cols=5120 type=12
LINEARW_RESULT=CPU_FALLBACK name=blk.14.ffn_up.weight
LINEAR_CPU_BEGIN name=blk.14.ffn_up.weight type=12 rows=27648 cols=5120 inputFinite=1 inputBad=18446744073709551615 inputMin=-8.1995821 inputMax=7.72406197
LINEARW name=blk.14.ffn_down.weight rows=5120 cols=27648 type=12
LINEARW_RESULT=CPU_FALLBACK name=blk.14.ffn_down.weight
LINEAR_CPU_BEGIN name=blk.14.ffn_down.weight type=12 rows=5120 cols=27648 inputFinite=1 inputBad=18446744073709551615 inputMin=-7.5069356 inputMax=34.2265587
FWD_LAYER layer=14 DONE
FWD_LAYER layer=15 seqLen=1
FWD_LAYER layer=15 ATTENTION
LINEARW name=blk.15.attn_q.weight rows=5120 cols=5120 type=12
LINEARW_RESULT=CPU_FALLBACK name=blk.15.attn_q.weight
LINEAR_CPU_BEGIN name=blk.15.attn_q.weight type=12 rows=5120 cols=5120 inputFinite=1 inputBad=18446744073709551615 inputMin=-1.99305034 inputMax=3.95013738
LINEARW name=blk.15.attn_k.weight rows=1024 cols=5120 type=12
LINEARW_RESULT=CPU_FALLBACK name=blk.15.attn_k.weight
LINEAR_CPU_BEGIN name=blk.15.attn_k.weight type=12 rows=1024 cols=5120 inputFinite=1 inputBad=18446744073709551615 inputMin=-1.99305034 inputMax=3.95013738
LINEARW name=blk.15.attn_v.weight rows=1024 cols=5120 type=12
LINEARW_RESULT=CPU_FALLBACK name=blk.15.attn_v.weight
LINEAR_CPU_BEGIN name=blk.15.attn_v.weight type=12 rows=1024 cols=5120 inputFinite=1 inputBad=18446744073709551615 inputMin=-1.99305034 inputMax=3.95013738
ROPE layer=15 theta=1000000.0 local=no
LINEARW name=blk.15.attn_output.weight rows=5120 cols=5120 type=12
LINEARW_RESULT=CPU_FALLBACK name=blk.15.attn_output.weight
LINEAR_CPU_BEGIN name=blk.15.attn_output.weight type=12 rows=5120 cols=5120 inputFinite=1 inputBad=18446744073709551615 inputMin=-0.431850553 inputMax=0.442707986
FWD_LAYER layer=15 FFN_ENTER
LINEARW name=blk.15.ffn_gate.weight rows=27648 cols=5120 type=12
LINEARW_RESULT=CPU_FALLBACK name=blk.15.ffn_gate.weight
LINEAR_CPU_BEGIN name=blk.15.ffn_gate.weight type=12 rows=27648 cols=5120 inputFinite=1 inputBad=18446744073709551615 inputMin=-9.31248188 inputMax=7.55134821
LINEARW name=blk.15.ffn_up.weight rows=27648 cols=5120 type=12
LINEARW_RESULT=CPU_FALLBACK name=blk.15.ffn_up.weight
LINEAR_CPU_BEGIN name=blk.15.ffn_up.weight type=12 rows=27648 cols=5120 inputFinite=1 inputBad=18446744073709551615 inputMin=-9.31248188 inputMax=7.55134821
LINEARW name=blk.15.ffn_down.weight rows=5120 cols=27648 type=12
LINEARW_RESULT=CPU_FALLBACK name=blk.15.ffn_down.weight
LINEAR_CPU_BEGIN name=blk.15.ffn_down.weight type=12 rows=5120 cols=27648 inputFinite=1 inputBad=18446744073709551615 inputMin=-5.99778891 inputMax=9.92351627
FWD_LAYER layer=15 DONE
FWD_LAYER layer=16 seqLen=1
FWD_LAYER layer=16 ATTENTION
LINEARW name=blk.16.attn_q.weight rows=5120 cols=5120 type=12
LINEARW_RESULT=CPU_FALLBACK name=blk.16.attn_q.weight
LINEAR_CPU_BEGIN name=blk.16.attn_q.weight type=12 rows=5120 cols=5120 inputFinite=1 inputBad=18446744073709551615 inputMin=-2.30820966 inputMax=3.74894619
LINEARW name=blk.16.attn_k.weight rows=1024 cols=5120 type=12
LINEARW_RESULT=CPU_FALLBACK name=blk.16.attn_k.weight
LINEAR_CPU_BEGIN name=blk.16.attn_k.weight type=12 rows=1024 cols=5120 inputFinite=1 inputBad=18446744073709551615 inputMin=-2.30820966 inputMax=3.74894619
LINEARW name=blk.16.attn_v.weight rows=1024 cols=5120 type=14
LINEARW_RESULT=CPU_FALLBACK name=blk.16.attn_v.weight
LINEAR_CPU_BEGIN name=blk.16.attn_v.weight type=14 rows=1024 cols=5120 inputFinite=1 inputBad=18446744073709551615 inputMin=-2.30820966 inputMax=3.74894619
ROPE layer=16 theta=1000000.0 local=no
LINEARW name=blk.16.attn_output.weight rows=5120 cols=5120 type=12
LINEARW_RESULT=CPU_FALLBACK name=blk.16.attn_output.weight
LINEAR_CPU_BEGIN name=blk.16.attn_output.weight type=12 rows=5120 cols=5120 inputFinite=1 inputBad=18446744073709551615 inputMin=-0.444546372 inputMax=0.483954787
FWD_LAYER layer=16 FFN_ENTER
LINEARW name=blk.16.ffn_gate.weight rows=27648 cols=5120 type=12
LINEARW_RESULT=CPU_FALLBACK name=blk.16.ffn_gate.weight
LINEAR_CPU_BEGIN name=blk.16.ffn_gate.weight type=12 rows=27648 cols=5120 inputFinite=1 inputBad=18446744073709551615 inputMin=-7.64906788 inputMax=6.47954798
LINEARW name=blk.16.ffn_up.weight rows=27648 cols=5120 type=12
LINEARW_RESULT=CPU_FALLBACK name=blk.16.ffn_up.weight
LINEAR_CPU_BEGIN name=blk.16.ffn_up.weight type=12 rows=27648 cols=5120 inputFinite=1 inputBad=18446744073709551615 inputMin=-7.64906788 inputMax=6.47954798
LINEARW name=blk.16.ffn_down.weight rows=5120 cols=27648 type=14
LINEARW_RESULT=CPU_FALLBACK name=blk.16.ffn_down.weight
LINEAR_CPU_BEGIN name=blk.16.ffn_down.weight type=14 rows=5120 cols=27648 inputFinite=1 inputBad=18446744073709551615 inputMin=-1.19290328 inputMax=13.9397392
FWD_LAYER layer=16 DONE
FWD_LAYER layer=17 seqLen=1
FWD_LAYER layer=17 ATTENTION
LINEARW name=blk.17.attn_q.weight rows=5120 cols=5120 type=12
LINEARW_RESULT=CPU_FALLBACK name=blk.17.attn_q.weight
LINEAR_CPU_BEGIN name=blk.17.attn_q.weight type=12 rows=5120 cols=5120 inputFinite=1 inputBad=18446744073709551615 inputMin=-2.02366948 inputMax=3.27199483
LINEARW name=blk.17.attn_k.weight rows=1024 cols=5120 type=12
LINEARW_RESULT=CPU_FALLBACK name=blk.17.attn_k.weight
LINEAR_CPU_BEGIN name=blk.17.attn_k.weight type=12 rows=1024 cols=5120 inputFinite=1 inputBad=18446744073709551615 inputMin=-2.02366948 inputMax=3.27199483
LINEARW name=blk.17.attn_v.weight rows=1024 cols=5120 type=12
LINEARW_RESULT=CPU_FALLBACK name=blk.17.attn_v.weight
LINEAR_CPU_BEGIN name=blk.17.attn_v.weight type=12 rows=1024 cols=5120 inputFinite=1 inputBad=18446744073709551615 inputMin=-2.02366948 inputMax=3.27199483
ROPE layer=17 theta=1000000.0 local=no
LINEARW name=blk.17.attn_output.weight rows=5120 cols=5120 type=12
LINEARW_RESULT=CPU_FALLBACK name=blk.17.attn_output.weight
LINEAR_CPU_BEGIN name=blk.17.attn_output.weight type=12 rows=5120 cols=5120 inputFinite=1 inputBad=18446744073709551615 inputMin=-0.328179449 inputMax=1.33934617
FWD_LAYER layer=17 FFN_ENTER
LINEARW name=blk.17.ffn_gate.weight rows=27648 cols=5120 type=12
LINEARW_RESULT=CPU_FALLBACK name=blk.17.ffn_gate.weight
LINEAR_CPU_BEGIN name=blk.17.ffn_gate.weight type=12 rows=27648 cols=5120 inputFinite=1 inputBad=18446744073709551615 inputMin=-6.7844696 inputMax=6.66707182
LINEARW name=blk.17.ffn_up.weight rows=27648 cols=5120 type=12
LINEARW_RESULT=CPU_FALLBACK name=blk.17.ffn_up.weight
LINEAR_CPU_BEGIN name=blk.17.ffn_up.weight type=12 rows=27648 cols=5120 inputFinite=1 inputBad=18446744073709551615 inputMin=-6.7844696 inputMax=6.66707182
LINEARW name=blk.17.ffn_down.weight rows=5120 cols=27648 type=12
LINEARW_RESULT=CPU_FALLBACK name=blk.17.ffn_down.weight
LINEAR_CPU_BEGIN name=blk.17.ffn_down.weight type=12 rows=5120 cols=27648 inputFinite=1 inputBad=18446744073709551615 inputMin=-1.41248357 inputMax=11.8597612
FWD_LAYER layer=17 DONE
FWD_LAYER layer=18 seqLen=1
FWD_LAYER layer=18 ATTENTION
LINEARW name=blk.18.attn_q.weight rows=5120 cols=5120 type=12
LINEARW_RESULT=CPU_FALLBACK name=blk.18.attn_q.weight
LINEAR_CPU_BEGIN name=blk.18.attn_q.weight type=12 rows=5120 cols=5120 inputFinite=1 inputBad=18446744073709551615 inputMin=-2.47997403 inputMax=3.63094759
LINEARW name=blk.18.attn_k.weight rows=1024 cols=5120 type=12
LINEARW_RESULT=CPU_FALLBACK name=blk.18.attn_k.weight
LINEAR_CPU_BEGIN name=blk.18.attn_k.weight type=12 rows=1024 cols=5120 inputFinite=1 inputBad=18446744073709551615 inputMin=-2.47997403 inputMax=3.63094759
LINEARW name=blk.18.attn_v.weight rows=1024 cols=5120 type=12
LINEARW_RESULT=CPU_FALLBACK name=blk.18.attn_v.weight
LINEAR_CPU_BEGIN name=blk.18.attn_v.weight type=12 rows=1024 cols=5120 inputFinite=1 inputBad=18446744073709551615 inputMin=-2.47997403 inputMax=3.63094759
ROPE layer=18 theta=1000000.0 local=no
LINEARW name=blk.18.attn_output.weight rows=5120 cols=5120 type=12
LINEARW_RESULT=CPU_FALLBACK name=blk.18.attn_output.weight
LINEAR_CPU_BEGIN name=blk.18.attn_output.weight type=12 rows=5120 cols=5120 inputFinite=1 inputBad=18446744073709551615 inputMin=-0.377581 inputMax=0.645833969
FWD_LAYER layer=18 FFN_ENTER
LINEARW name=blk.18.ffn_gate.weight rows=27648 cols=5120 type=12
LINEARW_RESULT=CPU_FALLBACK name=blk.18.ffn_gate.weight
LINEAR_CPU_BEGIN name=blk.18.ffn_gate.weight type=12 rows=27648 cols=5120 inputFinite=1 inputBad=18446744073709551615 inputMin=-6.51112461 inputMax=7.37622786
LINEARW name=blk.18.ffn_up.weight rows=27648 cols=5120 type=12
LINEARW_RESULT=CPU_FALLBACK name=blk.18.ffn_up.weight
LINEAR_CPU_BEGIN name=blk.18.ffn_up.weight type=12 rows=27648 cols=5120 inputFinite=1 inputBad=18446744073709551615 inputMin=-6.51112461 inputMax=7.37622786
LINEARW name=blk.18.ffn_down.weight rows=5120 cols=27648 type=12
LINEARW_RESULT=CPU_FALLBACK name=blk.18.ffn_down.weight
LINEAR_CPU_BEGIN name=blk.18.ffn_down.weight type=12 rows=5120 cols=27648 inputFinite=1 inputBad=18446744073709551615 inputMin=-17.4311676 inputMax=2.03947234
FWD_LAYER layer=18 DONE
FWD_LAYER layer=19 seqLen=1
FWD_LAYER layer=19 ATTENTION
LINEARW name=blk.19.attn_q.weight rows=5120 cols=5120 type=12
LINEARW_RESULT=CPU_FALLBACK name=blk.19.attn_q.weight
LINEAR_CPU_BEGIN name=blk.19.attn_q.weight type=12 rows=5120 cols=5120 inputFinite=1 inputBad=18446744073709551615 inputMin=-2.34765148 inputMax=3.54764628
LINEARW name=blk.19.attn_k.weight rows=1024 cols=5120 type=12
LINEARW_RESULT=CPU_FALLBACK name=blk.19.attn_k.weight
LINEAR_CPU_BEGIN name=blk.19.attn_k.weight type=12 rows=1024 cols=5120 inputFinite=1 inputBad=18446744073709551615 inputMin=-2.34765148 inputMax=3.54764628
LINEARW name=blk.19.attn_v.weight rows=1024 cols=5120 type=14
LINEARW_RESULT=CPU_FALLBACK name=blk.19.attn_v.weight
LINEAR_CPU_BEGIN name=blk.19.attn_v.weight type=14 rows=1024 cols=5120 inputFinite=1 inputBad=18446744073709551615 inputMin=-2.34765148 inputMax=3.54764628
ROPE layer=19 theta=1000000.0 local=no
LINEARW name=blk.19.attn_output.weight rows=5120 cols=5120 type=12
LINEARW_RESULT=CPU_FALLBACK name=blk.19.attn_output.weight
LINEAR_CPU_BEGIN name=blk.19.attn_output.weight type=12 rows=5120 cols=5120 inputFinite=1 inputBad=18446744073709551615 inputMin=-0.522649765 inputMax=0.874476373
FWD_LAYER layer=19 FFN_ENTER
LINEARW name=blk.19.ffn_gate.weight rows=27648 cols=5120 type=12
LINEARW_RESULT=CPU_FALLBACK name=blk.19.ffn_gate.weight
LINEAR_CPU_BEGIN name=blk.19.ffn_gate.weight type=12 rows=27648 cols=5120 inputFinite=1 inputBad=18446744073709551615 inputMin=-6.82943869 inputMax=8.13111496
LINEARW name=blk.19.ffn_up.weight rows=27648 cols=5120 type=12
LINEARW_RESULT=CPU_FALLBACK name=blk.19.ffn_up.weight
LINEAR_CPU_BEGIN name=blk.19.ffn_up.weight type=12 rows=27648 cols=5120 inputFinite=1 inputBad=18446744073709551615 inputMin=-6.82943869 inputMax=8.13111496
LINEARW name=blk.19.ffn_down.weight rows=5120 cols=27648 type=14
LINEARW_RESULT=CPU_FALLBACK name=blk.19.ffn_down.weight
LINEAR_CPU_BEGIN name=blk.19.ffn_down.weight type=14 rows=5120 cols=27648 inputFinite=1 inputBad=18446744073709551615 inputMin=-23.106163 inputMax=2.22925663
FWD_LAYER layer=19 DONE
FWD_LAYER layer=20 seqLen=1
FWD_LAYER layer=20 ATTENTION
LINEARW name=blk.20.attn_q.weight rows=5120 cols=5120 type=12
LINEARW_RESULT=CPU_FALLBACK name=blk.20.attn_q.weight
LINEAR_CPU_BEGIN name=blk.20.attn_q.weight type=12 rows=5120 cols=5120 inputFinite=1 inputBad=18446744073709551615 inputMin=-2.00531411 inputMax=3.23299265
LINEARW name=blk.20.attn_k.weight rows=1024 cols=5120 type=12
LINEARW_RESULT=CPU_FALLBACK name=blk.20.attn_k.weight
LINEAR_CPU_BEGIN name=blk.20.attn_k.weight type=12 rows=1024 cols=5120 inputFinite=1 inputBad=18446744073709551615 inputMin=-2.00531411 inputMax=3.23299265
LINEARW name=blk.20.attn_v.weight rows=1024 cols=5120 type=12
LINEARW_RESULT=CPU_FALLBACK name=blk.20.attn_v.weight
LINEAR_CPU_BEGIN name=blk.20.attn_v.weight type=12 rows=1024 cols=5120 inputFinite=1 inputBad=18446744073709551615 inputMin=-2.00531411 inputMax=3.23299265
ROPE layer=20 theta=1000000.0 local=no
LINEARW name=blk.20.attn_output.weight rows=5120 cols=5120 type=12
LINEARW_RESULT=CPU_FALLBACK name=blk.20.attn_output.weight
LINEAR_CPU_BEGIN name=blk.20.attn_output.weight type=12 rows=5120 cols=5120 inputFinite=1 inputBad=18446744073709551615 inputMin=-0.532256186 inputMax=1.04854953
FWD_LAYER layer=20 FFN_ENTER
LINEARW name=blk.20.ffn_gate.weight rows=27648 cols=5120 type=12
LINEARW_RESULT=CPU_FALLBACK name=blk.20.ffn_gate.weight
LINEAR_CPU_BEGIN name=blk.20.ffn_gate.weight type=12 rows=27648 cols=5120 inputFinite=1 inputBad=18446744073709551615 inputMin=-6.52193689 inputMax=9.53424931
LINEARW name=blk.20.ffn_up.weight rows=27648 cols=5120 type=12
LINEARW_RESULT=CPU_FALLBACK name=blk.20.ffn_up.weight
LINEAR_CPU_BEGIN name=blk.20.ffn_up.weight type=12 rows=27648 cols=5120 inputFinite=1 inputBad=18446744073709551615 inputMin=-6.52193689 inputMax=9.53424931
LINEARW name=blk.20.ffn_down.weight rows=5120 cols=27648 type=12
LINEARW_RESULT=CPU_FALLBACK name=blk.20.ffn_down.weight
LINEAR_CPU_BEGIN name=blk.20.ffn_down.weight type=12 rows=5120 cols=27648 inputFinite=1 inputBad=18446744073709551615 inputMin=-21.9924221 inputMax=2.05068922
FWD_LAYER layer=20 DONE
FWD_LAYER layer=21 seqLen=1
FWD_LAYER layer=21 ATTENTION
LINEARW name=blk.21.attn_q.weight rows=5120 cols=5120 type=12
LINEARW_RESULT=CPU_FALLBACK name=blk.21.attn_q.weight
LINEAR_CPU_BEGIN name=blk.21.attn_q.weight type=12 rows=5120 cols=5120 inputFinite=1 inputBad=18446744073709551615 inputMin=-2.08399034 inputMax=3.42582726
LINEARW name=blk.21.attn_k.weight rows=1024 cols=5120 type=12
LINEARW_RESULT=CPU_FALLBACK name=blk.21.attn_k.weight
LINEAR_CPU_BEGIN name=blk.21.attn_k.weight type=12 rows=1024 cols=5120 inputFinite=1 inputBad=18446744073709551615 inputMin=-2.08399034 inputMax=3.42582726
LINEARW name=blk.21.attn_v.weight rows=1024 cols=5120 type=12
LINEARW_RESULT=CPU_FALLBACK name=blk.21.attn_v.weight
LINEAR_CPU_BEGIN name=blk.21.attn_v.weight type=12 rows=1024 cols=5120 inputFinite=1 inputBad=18446744073709551615 inputMin=-2.08399034 inputMax=3.42582726
ROPE layer=21 theta=1000000.0 local=no
LINEARW name=blk.21.attn_output.weight rows=5120 cols=5120 type=12
LINEARW_RESULT=CPU_FALLBACK name=blk.21.attn_output.weight
LINEAR_CPU_BEGIN name=blk.21.attn_output.weight type=12 rows=5120 cols=5120 inputFinite=1 inputBad=18446744073709551615 inputMin=-1.00928521 inputMax=1.34311867
FWD_LAYER layer=21 FFN_ENTER
LINEARW name=blk.21.ffn_gate.weight rows=27648 cols=5120 type=12
LINEARW_RESULT=CPU_FALLBACK name=blk.21.ffn_gate.weight
LINEAR_CPU_BEGIN name=blk.21.ffn_gate.weight type=12 rows=27648 cols=5120 inputFinite=1 inputBad=18446744073709551615 inputMin=-5.78713322 inputMax=8.68009758
LINEARW name=blk.21.ffn_up.weight rows=27648 cols=5120 type=12
LINEARW_RESULT=CPU_FALLBACK name=blk.21.ffn_up.weight
LINEAR_CPU_BEGIN name=blk.21.ffn_up.weight type=12 rows=27648 cols=5120 inputFinite=1 inputBad=18446744073709551615 inputMin=-5.78713322 inputMax=8.68009758
LINEARW name=blk.21.ffn_down.weight rows=5120 cols=27648 type=12
LINEARW_RESULT=CPU_FALLBACK name=blk.21.ffn_down.weight
LINEAR_CPU_BEGIN name=blk.21.ffn_down.weight type=12 rows=5120 cols=27648 inputFinite=1 inputBad=18446744073709551615 inputMin=-1.99090016 inputMax=1.93131995
FWD_LAYER layer=21 DONE
FWD_LAYER layer=22 seqLen=1
FWD_LAYER layer=22 ATTENTION
LINEARW name=blk.22.attn_q.weight rows=5120 cols=5120 type=12
LINEARW_RESULT=CPU_FALLBACK name=blk.22.attn_q.weight
LINEAR_CPU_BEGIN name=blk.22.attn_q.weight type=12 rows=5120 cols=5120 inputFinite=1 inputBad=18446744073709551615 inputMin=-1.86668026 inputMax=2.64364529
LINEARW name=blk.22.attn_k.weight rows=1024 cols=5120 type=12
LINEARW_RESULT=CPU_FALLBACK name=blk.22.attn_k.weight
LINEAR_CPU_BEGIN name=blk.22.attn_k.weight type=12 rows=1024 cols=5120 inputFinite=1 inputBad=18446744073709551615 inputMin=-1.86668026 inputMax=2.64364529
LINEARW name=blk.22.attn_v.weight rows=1024 cols=5120 type=14
LINEARW_RESULT=CPU_FALLBACK name=blk.22.attn_v.weight
LINEAR_CPU_BEGIN name=blk.22.attn_v.weight type=14 rows=1024 cols=5120 inputFinite=1 inputBad=18446744073709551615 inputMin=-1.86668026 inputMax=2.64364529
ROPE layer=22 theta=1000000.0 local=no
LINEARW name=blk.22.attn_output.weight rows=5120 cols=5120 type=12
LINEARW_RESULT=CPU_FALLBACK name=blk.22.attn_output.weight
LINEAR_CPU_BEGIN name=blk.22.attn_output.weight type=12 rows=5120 cols=5120 inputFinite=1 inputBad=18446744073709551615 inputMin=-0.815119863 inputMax=0.106815189
FWD_LAYER layer=22 FFN_ENTER
LINEARW name=blk.22.ffn_gate.weight rows=27648 cols=5120 type=12
LINEARW_RESULT=CPU_FALLBACK name=blk.22.ffn_gate.weight
LINEAR_CPU_BEGIN name=blk.22.ffn_gate.weight type=12 rows=27648 cols=5120 inputFinite=1 inputBad=18446744073709551615 inputMin=-6.2742815 inputMax=9.71237946
LINEARW name=blk.22.ffn_up.weight rows=27648 cols=5120 type=12
LINEARW_RESULT=CPU_FALLBACK name=blk.22.ffn_up.weight
LINEAR_CPU_BEGIN name=blk.22.ffn_up.weight type=12 rows=27648 cols=5120 inputFinite=1 inputBad=18446744073709551615 inputMin=-6.2742815 inputMax=9.71237946
LINEARW name=blk.22.ffn_down.weight rows=5120 cols=27648 type=14
LINEARW_RESULT=CPU_FALLBACK name=blk.22.ffn_down.weight
LINEAR_CPU_BEGIN name=blk.22.ffn_down.weight type=14 rows=5120 cols=27648 inputFinite=1 inputBad=18446744073709551615 inputMin=-5.99730825 inputMax=8.39614105
FWD_LAYER layer=22 DONE
FWD_LAYER layer=23 seqLen=1
FWD_LAYER layer=23 ATTENTION
LINEARW name=blk.23.attn_q.weight rows=5120 cols=5120 type=12
LINEARW_RESULT=CPU_FALLBACK name=blk.23.attn_q.weight
LINEAR_CPU_BEGIN name=blk.23.attn_q.weight type=12 rows=5120 cols=5120 inputFinite=1 inputBad=18446744073709551615 inputMin=-1.83554256 inputMax=3.23183775
LINEARW name=blk.23.attn_k.weight rows=1024 cols=5120 type=12
LINEARW_RESULT=CPU_FALLBACK name=blk.23.attn_k.weight
LINEAR_CPU_BEGIN name=blk.23.attn_k.weight type=12 rows=1024 cols=5120 inputFinite=1 inputBad=18446744073709551615 inputMin=-1.83554256 inputMax=3.23183775
LINEARW name=blk.23.attn_v.weight rows=1024 cols=5120 type=12
LINEARW_RESULT=CPU_FALLBACK name=blk.23.attn_v.weight
LINEAR_CPU_BEGIN name=blk.23.attn_v.weight type=12 rows=1024 cols=5120 inputFinite=1 inputBad=18446744073709551615 inputMin=-1.83554256 inputMax=3.23183775
ROPE layer=23 theta=1000000.0 local=no
LINEARW name=blk.23.attn_output.weight rows=5120 cols=5120 type=12
LINEARW_RESULT=CPU_FALLBACK name=blk.23.attn_output.weight
LINEAR_CPU_BEGIN name=blk.23.attn_output.weight type=12 rows=5120 cols=5120 inputFinite=1 inputBad=18446744073709551615 inputMin=-0.557815671 inputMax=0.115627378
FWD_LAYER layer=23 FFN_ENTER
LINEARW name=blk.23.ffn_gate.weight rows=27648 cols=5120 type=12
LINEARW_RESULT=CPU_FALLBACK name=blk.23.ffn_gate.weight
LINEAR_CPU_BEGIN name=blk.23.ffn_gate.weight type=12 rows=27648 cols=5120 inputFinite=1 inputBad=18446744073709551615 inputMin=-5.92573166 inputMax=8.28923607
LINEARW name=blk.23.ffn_up.weight rows=27648 cols=5120 type=12
LINEARW_RESULT=CPU_FALLBACK name=blk.23.ffn_up.weight
LINEAR_CPU_BEGIN name=blk.23.ffn_up.weight type=12 rows=27648 cols=5120 inputFinite=1 inputBad=18446744073709551615 inputMin=-5.92573166 inputMax=8.28923607
LINEARW name=blk.23.ffn_down.weight rows=5120 cols=27648 type=12
LINEARW_RESULT=CPU_FALLBACK name=blk.23.ffn_down.weight
LINEAR_CPU_BEGIN name=blk.23.ffn_down.weight type=12 rows=5120 cols=27648 inputFinite=1 inputBad=18446744073709551615 inputMin=-1.12628913 inputMax=1.92081428
FWD_LAYER layer=23 DONE
FWD_LAYER layer=24 seqLen=1
FWD_LAYER layer=24 ATTENTION
LINEARW name=blk.24.attn_q.weight rows=5120 cols=5120 type=12
LINEARW_RESULT=CPU_FALLBACK name=blk.24.attn_q.weight
LINEAR_CPU_BEGIN name=blk.24.attn_q.weight type=12 rows=5120 cols=5120 inputFinite=1 inputBad=18446744073709551615 inputMin=-1.7468015 inputMax=3.07542181
LINEARW name=blk.24.attn_k.weight rows=1024 cols=5120 type=12
LINEARW_RESULT=CPU_FALLBACK name=blk.24.attn_k.weight
LINEAR_CPU_BEGIN name=blk.24.attn_k.weight type=12 rows=1024 cols=5120 inputFinite=1 inputBad=18446744073709551615 inputMin=-1.7468015 inputMax=3.07542181
LINEARW name=blk.24.attn_v.weight rows=1024 cols=5120 type=12
LINEARW_RESULT=CPU_FALLBACK name=blk.24.attn_v.weight
LINEAR_CPU_BEGIN name=blk.24.attn_v.weight type=12 rows=1024 cols=5120 inputFinite=1 inputBad=18446744073709551615 inputMin=-1.7468015 inputMax=3.07542181
ROPE layer=24 theta=1000000.0 local=no
LINEARW name=blk.24.attn_output.weight rows=5120 cols=5120 type=12
LINEARW_RESULT=CPU_FALLBACK name=blk.24.attn_output.weight
LINEAR_CPU_BEGIN name=blk.24.attn_output.weight type=12 rows=5120 cols=5120 inputFinite=1 inputBad=18446744073709551615 inputMin=-0.309482008 inputMax=0.986851096
FWD_LAYER layer=24 FFN_ENTER
LINEARW name=blk.24.ffn_gate.weight rows=27648 cols=5120 type=12
LINEARW_RESULT=CPU_FALLBACK name=blk.24.ffn_gate.weight
LINEAR_CPU_BEGIN name=blk.24.ffn_gate.weight type=12 rows=27648 cols=5120 inputFinite=1 inputBad=18446744073709551615 inputMin=-4.78928661 inputMax=7.75742531
LINEARW name=blk.24.ffn_up.weight rows=27648 cols=5120 type=12
LINEARW_RESULT=CPU_FALLBACK name=blk.24.ffn_up.weight
LINEAR_CPU_BEGIN name=blk.24.ffn_up.weight type=12 rows=27648 cols=5120 inputFinite=1 inputBad=18446744073709551615 inputMin=-4.78928661 inputMax=7.75742531
LINEARW name=blk.24.ffn_down.weight rows=5120 cols=27648 type=12
LINEARW_RESULT=CPU_FALLBACK name=blk.24.ffn_down.weight
LINEAR_CPU_BEGIN name=blk.24.ffn_down.weight type=12 rows=5120 cols=27648 inputFinite=1 inputBad=18446744073709551615 inputMin=-1.17391098 inputMax=2.40593362
FWD_LAYER layer=24 DONE
FWD_LAYER layer=25 seqLen=1
FWD_LAYER layer=25 ATTENTION
LINEARW name=blk.25.attn_q.weight rows=5120 cols=5120 type=12
LINEARW_RESULT=CPU_FALLBACK name=blk.25.attn_q.weight
LINEAR_CPU_BEGIN name=blk.25.attn_q.weight type=12 rows=5120 cols=5120 inputFinite=1 inputBad=18446744073709551615 inputMin=-1.63999963 inputMax=2.88587904
LINEARW name=blk.25.attn_k.weight rows=1024 cols=5120 type=12
LINEARW_RESULT=CPU_FALLBACK name=blk.25.attn_k.weight
LINEAR_CPU_BEGIN name=blk.25.attn_k.weight type=12 rows=1024 cols=5120 inputFinite=1 inputBad=18446744073709551615 inputMin=-1.63999963 inputMax=2.88587904
LINEARW name=blk.25.attn_v.weight rows=1024 cols=5120 type=14
LINEARW_RESULT=CPU_FALLBACK name=blk.25.attn_v.weight
LINEAR_CPU_BEGIN name=blk.25.attn_v.weight type=14 rows=1024 cols=5120 inputFinite=1 inputBad=18446744073709551615 inputMin=-1.63999963 inputMax=2.88587904
ROPE layer=25 theta=1000000.0 local=no
LINEARW name=blk.25.attn_output.weight rows=5120 cols=5120 type=12
LINEARW_RESULT=CPU_FALLBACK name=blk.25.attn_output.weight
LINEAR_CPU_BEGIN name=blk.25.attn_output.weight type=12 rows=5120 cols=5120 inputFinite=1 inputBad=18446744073709551615 inputMin=-0.977694213 inputMax=0.168749735
FWD_LAYER layer=25 FFN_ENTER
LINEARW name=blk.25.ffn_gate.weight rows=27648 cols=5120 type=12
LINEARW_RESULT=CPU_FALLBACK name=blk.25.ffn_gate.weight
LINEAR_CPU_BEGIN name=blk.25.ffn_gate.weight type=12 rows=27648 cols=5120 inputFinite=1 inputBad=18446744073709551615 inputMin=-5.70954323 inputMax=9.48104
LINEARW name=blk.25.ffn_up.weight rows=27648 cols=5120 type=12
LINEARW_RESULT=CPU_FALLBACK name=blk.25.ffn_up.weight
LINEAR_CPU_BEGIN name=blk.25.ffn_up.weight type=12 rows=27648 cols=5120 inputFinite=1 inputBad=18446744073709551615 inputMin=-5.70954323 inputMax=9.48104
LINEARW name=blk.25.ffn_down.weight rows=5120 cols=27648 type=14
LINEARW_RESULT=CPU_FALLBACK name=blk.25.ffn_down.weight
LINEAR_CPU_BEGIN name=blk.25.ffn_down.weight type=14 rows=5120 cols=27648 inputFinite=1 inputBad=18446744073709551615 inputMin=-29.7955399 inputMax=15.7752867
FWD_LAYER layer=25 DONE
FWD_LAYER layer=26 seqLen=1
FWD_LAYER layer=26 ATTENTION
LINEARW name=blk.26.attn_q.weight rows=5120 cols=5120 type=12
LINEARW_RESULT=CPU_FALLBACK name=blk.26.attn_q.weight
LINEAR_CPU_BEGIN name=blk.26.attn_q.weight type=12 rows=5120 cols=5120 inputFinite=1 inputBad=18446744073709551615 inputMin=-1.89293385 inputMax=4.98006487
LINEARW name=blk.26.attn_k.weight rows=1024 cols=5120 type=12
LINEARW_RESULT=CPU_FALLBACK name=blk.26.attn_k.weight
LINEAR_CPU_BEGIN name=blk.26.attn_k.weight type=12 rows=1024 cols=5120 inputFinite=1 inputBad=18446744073709551615 inputMin=-1.89293385 inputMax=4.98006487
LINEARW name=blk.26.attn_v.weight rows=1024 cols=5120 type=12
LINEARW_RESULT=CPU_FALLBACK name=blk.26.attn_v.weight
LINEAR_CPU_BEGIN name=blk.26.attn_v.weight type=12 rows=1024 cols=5120 inputFinite=1 inputBad=18446744073709551615 inputMin=-1.89293385 inputMax=4.98006487
ROPE layer=26 theta=1000000.0 local=no
LINEARW name=blk.26.attn_output.weight rows=5120 cols=5120 type=12
LINEARW_RESULT=CPU_FALLBACK name=blk.26.attn_output.weight
LINEAR_CPU_BEGIN name=blk.26.attn_output.weight type=12 rows=5120 cols=5120 inputFinite=1 inputBad=18446744073709551615 inputMin=-1.35204744 inputMax=0.731417537
FWD_LAYER layer=26 FFN_ENTER
LINEARW name=blk.26.ffn_gate.weight rows=27648 cols=5120 type=12
LINEARW_RESULT=CPU_FALLBACK name=blk.26.ffn_gate.weight
LINEAR_CPU_BEGIN name=blk.26.ffn_gate.weight type=12 rows=27648 cols=5120 inputFinite=1 inputBad=18446744073709551615 inputMin=-5.10482025 inputMax=8.91781425
LINEARW name=blk.26.ffn_up.weight rows=27648 cols=5120 type=12
LINEARW_RESULT=CPU_FALLBACK name=blk.26.ffn_up.weight
LINEAR_CPU_BEGIN name=blk.26.ffn_up.weight type=12 rows=27648 cols=5120 inputFinite=1 inputBad=18446744073709551615 inputMin=-5.10482025 inputMax=8.91781425
LINEARW name=blk.26.ffn_down.weight rows=5120 cols=27648 type=12
LINEARW_RESULT=CPU_FALLBACK name=blk.26.ffn_down.weight
LINEAR_CPU_BEGIN name=blk.26.ffn_down.weight type=12 rows=5120 cols=27648 inputFinite=1 inputBad=18446744073709551615 inputMin=-5.31554556 inputMax=4.67224407
FWD_LAYER layer=26 DONE
FWD_LAYER layer=27 seqLen=1
FWD_LAYER layer=27 ATTENTION
LINEARW name=blk.27.attn_q.weight rows=5120 cols=5120 type=12
LINEARW_RESULT=CPU_FALLBACK name=blk.27.attn_q.weight
LINEAR_CPU_BEGIN name=blk.27.attn_q.weight type=12 rows=5120 cols=5120 inputFinite=1 inputBad=18446744073709551615 inputMin=-1.83238149 inputMax=6.3949337
LINEARW name=blk.27.attn_k.weight rows=1024 cols=5120 type=12
LINEARW_RESULT=CPU_FALLBACK name=blk.27.attn_k.weight
LINEAR_CPU_BEGIN name=blk.27.attn_k.weight type=12 rows=1024 cols=5120 inputFinite=1 inputBad=18446744073709551615 inputMin=-1.83238149 inputMax=6.3949337
LINEARW name=blk.27.attn_v.weight rows=1024 cols=5120 type=12
LINEARW_RESULT=CPU_FALLBACK name=blk.27.attn_v.weight
LINEAR_CPU_BEGIN name=blk.27.attn_v.weight type=12 rows=1024 cols=5120 inputFinite=1 inputBad=18446744073709551615 inputMin=-1.83238149 inputMax=6.3949337
ROPE layer=27 theta=1000000.0 local=no
LINEARW name=blk.27.attn_output.weight rows=5120 cols=5120 type=12
LINEARW_RESULT=CPU_FALLBACK name=blk.27.attn_output.weight
LINEAR_CPU_BEGIN name=blk.27.attn_output.weight type=12 rows=5120 cols=5120 inputFinite=1 inputBad=18446744073709551615 inputMin=-3.44656038 inputMax=0.899026036
FWD_LAYER layer=27 FFN_ENTER
LINEARW name=blk.27.ffn_gate.weight rows=27648 cols=5120 type=12
LINEARW_RESULT=CPU_FALLBACK name=blk.27.ffn_gate.weight
LINEAR_CPU_BEGIN name=blk.27.ffn_gate.weight type=12 rows=27648 cols=5120 inputFinite=1 inputBad=18446744073709551615 inputMin=-5.48615694 inputMax=9.49028587
LINEARW name=blk.27.ffn_up.weight rows=27648 cols=5120 type=12
LINEARW_RESULT=CPU_FALLBACK name=blk.27.ffn_up.weight
LINEAR_CPU_BEGIN name=blk.27.ffn_up.weight type=12 rows=27648 cols=5120 inputFinite=1 inputBad=18446744073709551615 inputMin=-5.48615694 inputMax=9.49028587
LINEARW name=blk.27.ffn_down.weight rows=5120 cols=27648 type=12
LINEARW_RESULT=CPU_FALLBACK name=blk.27.ffn_down.weight
LINEAR_CPU_BEGIN name=blk.27.ffn_down.weight type=12 rows=5120 cols=27648 inputFinite=1 inputBad=18446744073709551615 inputMin=-4.83670807 inputMax=2.131464
FWD_LAYER layer=27 DONE
FWD_LAYER layer=28 seqLen=1
FWD_LAYER layer=28 ATTENTION
LINEARW name=blk.28.attn_q.weight rows=5120 cols=5120 type=12
LINEARW_RESULT=CPU_FALLBACK name=blk.28.attn_q.weight
LINEAR_CPU_BEGIN name=blk.28.attn_q.weight type=12 rows=5120 cols=5120 inputFinite=1 inputBad=18446744073709551615 inputMin=-1.95601416 inputMax=4.94122982
LINEARW name=blk.28.attn_k.weight rows=1024 cols=5120 type=12
LINEARW_RESULT=CPU_FALLBACK name=blk.28.attn_k.weight
LINEAR_CPU_BEGIN name=blk.28.attn_k.weight type=12 rows=1024 cols=5120 inputFinite=1 inputBad=18446744073709551615 inputMin=-1.95601416 inputMax=4.94122982
LINEARW name=blk.28.attn_v.weight rows=1024 cols=5120 type=14
LINEARW_RESULT=CPU_FALLBACK name=blk.28.attn_v.weight
LINEAR_CPU_BEGIN name=blk.28.attn_v.weight type=14 rows=1024 cols=5120 inputFinite=1 inputBad=18446744073709551615 inputMin=-1.95601416 inputMax=4.94122982
ROPE layer=28 theta=1000000.0 local=no
LINEARW name=blk.28.attn_output.weight rows=5120 cols=5120 type=12
LINEARW_RESULT=CPU_FALLBACK name=blk.28.attn_output.weight
LINEAR_CPU_BEGIN name=blk.28.attn_output.weight type=12 rows=5120 cols=5120 inputFinite=1 inputBad=18446744073709551615 inputMin=-0.53523922 inputMax=0.350397944
FWD_LAYER layer=28 FFN_ENTER
LINEARW name=blk.28.ffn_gate.weight rows=27648 cols=5120 type=12
LINEARW_RESULT=CPU_FALLBACK name=blk.28.ffn_gate.weight
LINEAR_CPU_BEGIN name=blk.28.ffn_gate.weight type=12 rows=27648 cols=5120 inputFinite=1 inputBad=18446744073709551615 inputMin=-6.21199322 inputMax=9.82435226
LINEARW name=blk.28.ffn_up.weight rows=27648 cols=5120 type=12
LINEARW_RESULT=CPU_FALLBACK name=blk.28.ffn_up.weight
LINEAR_CPU_BEGIN name=blk.28.ffn_up.weight type=12 rows=27648 cols=5120 inputFinite=1 inputBad=18446744073709551615 inputMin=-6.21199322 inputMax=9.82435226
LINEARW name=blk.28.ffn_down.weight rows=5120 cols=27648 type=14
LINEARW_RESULT=CPU_FALLBACK name=blk.28.ffn_down.weight
LINEAR_CPU_BEGIN name=blk.28.ffn_down.weight type=14 rows=5120 cols=27648 inputFinite=1 inputBad=18446744073709551615 inputMin=-3.01907444 inputMax=3.84757066
FWD_LAYER layer=28 DONE
FWD_LAYER layer=29 seqLen=1
FWD_LAYER layer=29 ATTENTION
LINEARW name=blk.29.attn_q.weight rows=5120 cols=5120 type=12
LINEARW_RESULT=CPU_FALLBACK name=blk.29.attn_q.weight
LINEAR_CPU_BEGIN name=blk.29.attn_q.weight type=12 rows=5120 cols=5120 inputFinite=1 inputBad=18446744073709551615 inputMin=-1.92691231 inputMax=5.25366306
LINEARW name=blk.29.attn_k.weight rows=1024 cols=5120 type=12
LINEARW_RESULT=CPU_FALLBACK name=blk.29.attn_k.weight
LINEAR_CPU_BEGIN name=blk.29.attn_k.weight type=12 rows=1024 cols=5120 inputFinite=1 inputBad=18446744073709551615 inputMin=-1.92691231 inputMax=5.25366306
LINEARW name=blk.29.attn_v.weight rows=1024 cols=5120 type=12
LINEARW_RESULT=CPU_FALLBACK name=blk.29.attn_v.weight
LINEAR_CPU_BEGIN name=blk.29.attn_v.weight type=12 rows=1024 cols=5120 inputFinite=1 inputBad=18446744073709551615 inputMin=-1.92691231 inputMax=5.25366306
ROPE layer=29 theta=1000000.0 local=no
LINEARW name=blk.29.attn_output.weight rows=5120 cols=5120 type=12
LINEARW_RESULT=CPU_FALLBACK name=blk.29.attn_output.weight
LINEAR_CPU_BEGIN name=blk.29.attn_output.weight type=12 rows=5120 cols=5120 inputFinite=1 inputBad=18446744073709551615 inputMin=-1.05435646 inputMax=0.657637358
FWD_LAYER layer=29 FFN_ENTER
LINEARW name=blk.29.ffn_gate.weight rows=27648 cols=5120 type=12
LINEARW_RESULT=CPU_FALLBACK name=blk.29.ffn_gate.weight
LINEAR_CPU_BEGIN name=blk.29.ffn_gate.weight type=12 rows=27648 cols=5120 inputFinite=1 inputBad=18446744073709551615 inputMin=-6.93296337 inputMax=10.3918276
LINEARW name=blk.29.ffn_up.weight rows=27648 cols=5120 type=12
LINEARW_RESULT=CPU_FALLBACK name=blk.29.ffn_up.weight
LINEAR_CPU_BEGIN name=blk.29.ffn_up.weight type=12 rows=27648 cols=5120 inputFinite=1 inputBad=18446744073709551615 inputMin=-6.93296337 inputMax=10.3918276
LINEARW name=blk.29.ffn_down.weight rows=5120 cols=27648 type=12
LINEARW_RESULT=CPU_FALLBACK name=blk.29.ffn_down.weight
LINEAR_CPU_BEGIN name=blk.29.ffn_down.weight type=12 rows=5120 cols=27648 inputFinite=1 inputBad=18446744073709551615 inputMin=-20.5089149 inputMax=6.52439022
FWD_LAYER layer=29 DONE
FWD_LAYER layer=30 seqLen=1
FWD_LAYER layer=30 ATTENTION
LINEARW name=blk.30.attn_q.weight rows=5120 cols=5120 type=12
LINEARW_RESULT=CPU_FALLBACK name=blk.30.attn_q.weight
LINEAR_CPU_BEGIN name=blk.30.attn_q.weight type=12 rows=5120 cols=5120 inputFinite=1 inputBad=18446744073709551615 inputMin=-2.01036596 inputMax=4.32352448
LINEARW name=blk.30.attn_k.weight rows=1024 cols=5120 type=12
LINEARW_RESULT=CPU_FALLBACK name=blk.30.attn_k.weight
LINEAR_CPU_BEGIN name=blk.30.attn_k.weight type=12 rows=1024 cols=5120 inputFinite=1 inputBad=18446744073709551615 inputMin=-2.01036596 inputMax=4.32352448
LINEARW name=blk.30.attn_v.weight rows=1024 cols=5120 type=12
LINEARW_RESULT=CPU_FALLBACK name=blk.30.attn_v.weight
LINEAR_CPU_BEGIN name=blk.30.attn_v.weight type=12 rows=1024 cols=5120 inputFinite=1 inputBad=18446744073709551615 inputMin=-2.01036596 inputMax=4.32352448
ROPE layer=30 theta=1000000.0 local=no
LINEARW name=blk.30.attn_output.weight rows=5120 cols=5120 type=12
LINEARW_RESULT=CPU_FALLBACK name=blk.30.attn_output.weight
LINEAR_CPU_BEGIN name=blk.30.attn_output.weight type=12 rows=5120 cols=5120 inputFinite=1 inputBad=18446744073709551615 inputMin=-0.65703851 inputMax=0.966966748
FWD_LAYER layer=30 FFN_ENTER
LINEARW name=blk.30.ffn_gate.weight rows=27648 cols=5120 type=12
LINEARW_RESULT=CPU_FALLBACK name=blk.30.ffn_gate.weight
LINEAR_CPU_BEGIN name=blk.30.ffn_gate.weight type=12 rows=27648 cols=5120 inputFinite=1 inputBad=18446744073709551615 inputMin=-6.99421167 inputMax=9.39569473
LINEARW name=blk.30.ffn_up.weight rows=27648 cols=5120 type=12
LINEARW_RESULT=CPU_FALLBACK name=blk.30.ffn_up.weight
LINEAR_CPU_BEGIN name=blk.30.ffn_up.weight type=12 rows=27648 cols=5120 inputFinite=1 inputBad=18446744073709551615 inputMin=-6.99421167 inputMax=9.39569473
LINEARW name=blk.30.ffn_down.weight rows=5120 cols=27648 type=12
LINEARW_RESULT=CPU_FALLBACK name=blk.30.ffn_down.weight
LINEAR_CPU_BEGIN name=blk.30.ffn_down.weight type=12 rows=5120 cols=27648 inputFinite=1 inputBad=18446744073709551615 inputMin=-10.2025881 inputMax=7.59396935
FWD_LAYER layer=30 DONE
FWD_LAYER layer=31 seqLen=1
FWD_LAYER layer=31 ATTENTION
LINEARW name=blk.31.attn_q.weight rows=5120 cols=5120 type=12
LINEARW_RESULT=CPU_FALLBACK name=blk.31.attn_q.weight
LINEAR_CPU_BEGIN name=blk.31.attn_q.weight type=12 rows=5120 cols=5120 inputFinite=1 inputBad=18446744073709551615 inputMin=-2.02064466 inputMax=3.0029068
LINEARW name=blk.31.attn_k.weight rows=1024 cols=5120 type=12
LINEARW_RESULT=CPU_FALLBACK name=blk.31.attn_k.weight
LINEAR_CPU_BEGIN name=blk.31.attn_k.weight type=12 rows=1024 cols=5120 inputFinite=1 inputBad=18446744073709551615 inputMin=-2.02064466 inputMax=3.0029068
LINEARW name=blk.31.attn_v.weight rows=1024 cols=5120 type=14
LINEARW_RESULT=CPU_FALLBACK name=blk.31.attn_v.weight
LINEAR_CPU_BEGIN name=blk.31.attn_v.weight type=14 rows=1024 cols=5120 inputFinite=1 inputBad=18446744073709551615 inputMin=-2.02064466 inputMax=3.0029068
ROPE layer=31 theta=1000000.0 local=no
LINEARW name=blk.31.attn_output.weight rows=5120 cols=5120 type=12
LINEARW_RESULT=CPU_FALLBACK name=blk.31.attn_output.weight
LINEAR_CPU_BEGIN name=blk.31.attn_output.weight type=12 rows=5120 cols=5120 inputFinite=1 inputBad=18446744073709551615 inputMin=-0.740307212 inputMax=0.987360001
FWD_LAYER layer=31 FFN_ENTER
LINEARW name=blk.31.ffn_gate.weight rows=27648 cols=5120 type=12
LINEARW_RESULT=CPU_FALLBACK name=blk.31.ffn_gate.weight
LINEAR_CPU_BEGIN name=blk.31.ffn_gate.weight type=12 rows=27648 cols=5120 inputFinite=1 inputBad=18446744073709551615 inputMin=-8.43789673 inputMax=10.0678005
LINEARW name=blk.31.ffn_up.weight rows=27648 cols=5120 type=12
LINEARW_RESULT=CPU_FALLBACK name=blk.31.ffn_up.weight
LINEAR_CPU_BEGIN name=blk.31.ffn_up.weight type=12 rows=27648 cols=5120 inputFinite=1 inputBad=18446744073709551615 inputMin=-8.43789673 inputMax=10.0678005
LINEARW name=blk.31.ffn_down.weight rows=5120 cols=27648 type=14
LINEARW_RESULT=CPU_FALLBACK name=blk.31.ffn_down.weight
LINEAR_CPU_BEGIN name=blk.31.ffn_down.weight type=14 rows=5120 cols=27648 inputFinite=1 inputBad=18446744073709551615 inputMin=-5.11634111 inputMax=23.3647633
FWD_LAYER layer=31 DONE
FWD_LAYER layer=32 seqLen=1
FWD_LAYER layer=32 ATTENTION
LINEARW name=blk.32.attn_q.weight rows=5120 cols=5120 type=12
LINEARW_RESULT=CPU_FALLBACK name=blk.32.attn_q.weight
LINEAR_CPU_BEGIN name=blk.32.attn_q.weight type=12 rows=5120 cols=5120 inputFinite=1 inputBad=18446744073709551615 inputMin=-4.02701426 inputMax=2.64036584
LINEARW name=blk.32.attn_k.weight rows=1024 cols=5120 type=12
LINEARW_RESULT=CPU_FALLBACK name=blk.32.attn_k.weight
LINEAR_CPU_BEGIN name=blk.32.attn_k.weight type=12 rows=1024 cols=5120 inputFinite=1 inputBad=18446744073709551615 inputMin=-4.02701426 inputMax=2.64036584
LINEARW name=blk.32.attn_v.weight rows=1024 cols=5120 type=12
LINEARW_RESULT=CPU_FALLBACK name=blk.32.attn_v.weight
LINEAR_CPU_BEGIN name=blk.32.attn_v.weight type=12 rows=1024 cols=5120 inputFinite=1 inputBad=18446744073709551615 inputMin=-4.02701426 inputMax=2.64036584
ROPE layer=32 theta=1000000.0 local=no
LINEARW name=blk.32.attn_output.weight rows=5120 cols=5120 type=12
LINEARW_RESULT=CPU_FALLBACK name=blk.32.attn_output.weight
LINEAR_CPU_BEGIN name=blk.32.attn_output.weight type=12 rows=5120 cols=5120 inputFinite=1 inputBad=18446744073709551615 inputMin=-2.49515843 inputMax=1.04977977
FWD_LAYER layer=32 FFN_ENTER
LINEARW name=blk.32.ffn_gate.weight rows=27648 cols=5120 type=12
LINEARW_RESULT=CPU_FALLBACK name=blk.32.ffn_gate.weight
LINEAR_CPU_BEGIN name=blk.32.ffn_gate.weight type=12 rows=27648 cols=5120 inputFinite=1 inputBad=18446744073709551615 inputMin=-10.8101254 inputMax=13.2143354
LINEARW name=blk.32.ffn_up.weight rows=27648 cols=5120 type=12
LINEARW_RESULT=CPU_FALLBACK name=blk.32.ffn_up.weight
LINEAR_CPU_BEGIN name=blk.32.ffn_up.weight type=12 rows=27648 cols=5120 inputFinite=1 inputBad=18446744073709551615 inputMin=-10.8101254 inputMax=13.2143354
LINEARW name=blk.32.ffn_down.weight rows=5120 cols=27648 type=12
LINEARW_RESULT=CPU_FALLBACK name=blk.32.ffn_down.weight
LINEAR_CPU_BEGIN name=blk.32.ffn_down.weight type=12 rows=5120 cols=27648 inputFinite=1 inputBad=18446744073709551615 inputMin=-2.52955055 inputMax=53.9345474
FWD_LAYER layer=32 DONE
FWD_LAYER layer=33 seqLen=1
FWD_LAYER layer=33 ATTENTION
LINEARW name=blk.33.attn_q.weight rows=5120 cols=5120 type=12
LINEARW_RESULT=CPU_FALLBACK name=blk.33.attn_q.weight
LINEAR_CPU_BEGIN name=blk.33.attn_q.weight type=12 rows=5120 cols=5120 inputFinite=1 inputBad=18446744073709551615 inputMin=-2.84998035 inputMax=2.41636086
LINEARW name=blk.33.attn_k.weight rows=1024 cols=5120 type=12
LINEARW_RESULT=CPU_FALLBACK name=blk.33.attn_k.weight
LINEAR_CPU_BEGIN name=blk.33.attn_k.weight type=12 rows=1024 cols=5120 inputFinite=1 inputBad=18446744073709551615 inputMin=-2.84998035 inputMax=2.41636086
LINEARW name=blk.33.attn_v.weight rows=1024 cols=5120 type=12
LINEARW_RESULT=CPU_FALLBACK name=blk.33.attn_v.weight
LINEAR_CPU_BEGIN name=blk.33.attn_v.weight type=12 rows=1024 cols=5120 inputFinite=1 inputBad=18446744073709551615 inputMin=-2.84998035 inputMax=2.41636086
ROPE layer=33 theta=1000000.0 local=no
LINEARW name=blk.33.attn_output.weight rows=5120 cols=5120 type=12
LINEARW_RESULT=CPU_FALLBACK name=blk.33.attn_output.weight
LINEAR_CPU_BEGIN name=blk.33.attn_output.weight type=12 rows=5120 cols=5120 inputFinite=1 inputBad=18446744073709551615 inputMin=-2.30963278 inputMax=3.67809319
FWD_LAYER layer=33 FFN_ENTER
LINEARW name=blk.33.ffn_gate.weight rows=27648 cols=5120 type=12
LINEARW_RESULT=CPU_FALLBACK name=blk.33.ffn_gate.weight
LINEAR_CPU_BEGIN name=blk.33.ffn_gate.weight type=12 rows=27648 cols=5120 inputFinite=1 inputBad=18446744073709551615 inputMin=-8.44181347 inputMax=10.8824139
LINEARW name=blk.33.ffn_up.weight rows=27648 cols=5120 type=12
LINEARW_RESULT=CPU_FALLBACK name=blk.33.ffn_up.weight
LINEAR_CPU_BEGIN name=blk.33.ffn_up.weight type=12 rows=27648 cols=5120 inputFinite=1 inputBad=18446744073709551615 inputMin=-8.44181347 inputMax=10.8824139
LINEARW name=blk.33.ffn_down.weight rows=5120 cols=27648 type=12
LINEARW_RESULT=CPU_FALLBACK name=blk.33.ffn_down.weight
LINEAR_CPU_BEGIN name=blk.33.ffn_down.weight type=12 rows=5120 cols=27648 inputFinite=1 inputBad=18446744073709551615 inputMin=-8.13272381 inputMax=13.8507509
FWD_LAYER layer=33 DONE
FWD_LAYER layer=34 seqLen=1
FWD_LAYER layer=34 ATTENTION
LINEARW name=blk.34.attn_q.weight rows=5120 cols=5120 type=12
LINEARW_RESULT=CPU_FALLBACK name=blk.34.attn_q.weight
LINEAR_CPU_BEGIN name=blk.34.attn_q.weight type=12 rows=5120 cols=5120 inputFinite=1 inputBad=18446744073709551615 inputMin=-3.61229324 inputMax=3.7839036
LINEARW name=blk.34.attn_k.weight rows=1024 cols=5120 type=12
LINEARW_RESULT=CPU_FALLBACK name=blk.34.attn_k.weight
LINEAR_CPU_BEGIN name=blk.34.attn_k.weight type=12 rows=1024 cols=5120 inputFinite=1 inputBad=18446744073709551615 inputMin=-3.61229324 inputMax=3.7839036
LINEARW name=blk.34.attn_v.weight rows=1024 cols=5120 type=14
LINEARW_RESULT=CPU_FALLBACK name=blk.34.attn_v.weight
LINEAR_CPU_BEGIN name=blk.34.attn_v.weight type=14 rows=1024 cols=5120 inputFinite=1 inputBad=18446744073709551615 inputMin=-3.61229324 inputMax=3.7839036
ROPE layer=34 theta=1000000.0 local=no
LINEARW name=blk.34.attn_output.weight rows=5120 cols=5120 type=12
LINEARW_RESULT=CPU_FALLBACK name=blk.34.attn_output.weight
LINEAR_CPU_BEGIN name=blk.34.attn_output.weight type=12 rows=5120 cols=5120 inputFinite=1 inputBad=18446744073709551615 inputMin=-1.73708284 inputMax=1.75677609
FWD_LAYER layer=34 FFN_ENTER
LINEARW name=blk.34.ffn_gate.weight rows=27648 cols=5120 type=12
LINEARW_RESULT=CPU_FALLBACK name=blk.34.ffn_gate.weight
LINEAR_CPU_BEGIN name=blk.34.ffn_gate.weight type=12 rows=27648 cols=5120 inputFinite=1 inputBad=18446744073709551615 inputMin=-8.57666111 inputMax=11.1326838
LINEARW name=blk.34.ffn_up.weight rows=27648 cols=5120 type=12
LINEARW_RESULT=CPU_FALLBACK name=blk.34.ffn_up.weight
LINEAR_CPU_BEGIN name=blk.34.ffn_up.weight type=12 rows=27648 cols=5120 inputFinite=1 inputBad=18446744073709551615 inputMin=-8.57666111 inputMax=11.1326838
LINEARW name=blk.34.ffn_down.weight rows=5120 cols=27648 type=14
LINEARW_RESULT=CPU_FALLBACK name=blk.34.ffn_down.weight
LINEAR_CPU_BEGIN name=blk.34.ffn_down.weight type=14 rows=5120 cols=27648 inputFinite=1 inputBad=18446744073709551615 inputMin=-3.69447923 inputMax=3.56657171
FWD_LAYER layer=34 DONE
FWD_LAYER layer=35 seqLen=1
FWD_LAYER layer=35 ATTENTION
LINEARW name=blk.35.attn_q.weight rows=5120 cols=5120 type=12
LINEARW_RESULT=CPU_FALLBACK name=blk.35.attn_q.weight
LINEAR_CPU_BEGIN name=blk.35.attn_q.weight type=12 rows=5120 cols=5120 inputFinite=1 inputBad=18446744073709551615 inputMin=-4.08929396 inputMax=2.48984671
LINEARW name=blk.35.attn_k.weight rows=1024 cols=5120 type=12
LINEARW_RESULT=CPU_FALLBACK name=blk.35.attn_k.weight
LINEAR_CPU_BEGIN name=blk.35.attn_k.weight type=12 rows=1024 cols=5120 inputFinite=1 inputBad=18446744073709551615 inputMin=-4.08929396 inputMax=2.48984671
LINEARW name=blk.35.attn_v.weight rows=1024 cols=5120 type=12
LINEARW_RESULT=CPU_FALLBACK name=blk.35.attn_v.weight
LINEAR_CPU_BEGIN name=blk.35.attn_v.weight type=12 rows=1024 cols=5120 inputFinite=1 inputBad=18446744073709551615 inputMin=-4.08929396 inputMax=2.48984671
ROPE layer=35 theta=1000000.0 local=no
LINEARW name=blk.35.attn_output.weight rows=5120 cols=5120 type=12
LINEARW_RESULT=CPU_FALLBACK name=blk.35.attn_output.weight
LINEAR_CPU_BEGIN name=blk.35.attn_output.weight type=12 rows=5120 cols=5120 inputFinite=1 inputBad=18446744073709551615 inputMin=-4.15450764 inputMax=1.01830089
FWD_LAYER layer=35 FFN_ENTER
LINEARW name=blk.35.ffn_gate.weight rows=27648 cols=5120 type=12
LINEARW_RESULT=CPU_FALLBACK name=blk.35.ffn_gate.weight
LINEAR_CPU_BEGIN name=blk.35.ffn_gate.weight type=12 rows=27648 cols=5120 inputFinite=1 inputBad=18446744073709551615 inputMin=-7.67376328 inputMax=12.0214186
LINEARW name=blk.35.ffn_up.weight rows=27648 cols=5120 type=12
LINEARW_RESULT=CPU_FALLBACK name=blk.35.ffn_up.weight
LINEAR_CPU_BEGIN name=blk.35.ffn_up.weight type=12 rows=27648 cols=5120 inputFinite=1 inputBad=18446744073709551615 inputMin=-7.67376328 inputMax=12.0214186
LINEARW name=blk.35.ffn_down.weight rows=5120 cols=27648 type=12
LINEARW_RESULT=CPU_FALLBACK name=blk.35.ffn_down.weight
LINEAR_CPU_BEGIN name=blk.35.ffn_down.weight type=12 rows=5120 cols=27648 inputFinite=1 inputBad=18446744073709551615 inputMin=-13.5040684 inputMax=17.1048031
FWD_LAYER layer=35 DONE
FWD_LAYER layer=36 seqLen=1
FWD_LAYER layer=36 ATTENTION
LINEARW name=blk.36.attn_q.weight rows=5120 cols=5120 type=12
LINEARW_RESULT=CPU_FALLBACK name=blk.36.attn_q.weight
LINEAR_CPU_BEGIN name=blk.36.attn_q.weight type=12 rows=5120 cols=5120 inputFinite=1 inputBad=18446744073709551615 inputMin=-5.45774412 inputMax=2.5141995
LINEARW name=blk.36.attn_k.weight rows=1024 cols=5120 type=12
LINEARW_RESULT=CPU_FALLBACK name=blk.36.attn_k.weight
LINEAR_CPU_BEGIN name=blk.36.attn_k.weight type=12 rows=1024 cols=5120 inputFinite=1 inputBad=18446744073709551615 inputMin=-5.45774412 inputMax=2.5141995
LINEARW name=blk.36.attn_v.weight rows=1024 cols=5120 type=12
LINEARW_RESULT=CPU_FALLBACK name=blk.36.attn_v.weight
LINEAR_CPU_BEGIN name=blk.36.attn_v.weight type=12 rows=1024 cols=5120 inputFinite=1 inputBad=18446744073709551615 inputMin=-5.45774412 inputMax=2.5141995
ROPE layer=36 theta=1000000.0 local=no
LINEARW name=blk.36.attn_output.weight rows=5120 cols=5120 type=12
LINEARW_RESULT=CPU_FALLBACK name=blk.36.attn_output.weight
LINEAR_CPU_BEGIN name=blk.36.attn_output.weight type=12 rows=5120 cols=5120 inputFinite=1 inputBad=18446744073709551615 inputMin=-3.600564 inputMax=4.10022736
FWD_LAYER layer=36 FFN_ENTER
LINEARW name=blk.36.ffn_gate.weight rows=27648 cols=5120 type=12
LINEARW_RESULT=CPU_FALLBACK name=blk.36.ffn_gate.weight
LINEAR_CPU_BEGIN name=blk.36.ffn_gate.weight type=12 rows=27648 cols=5120 inputFinite=1 inputBad=18446744073709551615 inputMin=-7.19069719 inputMax=12.6639576
LINEARW name=blk.36.ffn_up.weight rows=27648 cols=5120 type=12
LINEARW_RESULT=CPU_FALLBACK name=blk.36.ffn_up.weight
LINEAR_CPU_BEGIN name=blk.36.ffn_up.weight type=12 rows=27648 cols=5120 inputFinite=1 inputBad=18446744073709551615 inputMin=-7.19069719 inputMax=12.6639576
LINEARW name=blk.36.ffn_down.weight rows=5120 cols=27648 type=12
LINEARW_RESULT=CPU_FALLBACK name=blk.36.ffn_down.weight
LINEAR_CPU_BEGIN name=blk.36.ffn_down.weight type=12 rows=5120 cols=27648 inputFinite=1 inputBad=18446744073709551615 inputMin=-25.2691441 inputMax=3.22297859
FWD_LAYER layer=36 DONE
FWD_LAYER layer=37 seqLen=1
FWD_LAYER layer=37 ATTENTION
LINEARW name=blk.37.attn_q.weight rows=5120 cols=5120 type=12
LINEARW_RESULT=CPU_FALLBACK name=blk.37.attn_q.weight
LINEAR_CPU_BEGIN name=blk.37.attn_q.weight type=12 rows=5120 cols=5120 inputFinite=1 inputBad=18446744073709551615 inputMin=-3.92323089 inputMax=7.54685116
LINEARW name=blk.37.attn_k.weight rows=1024 cols=5120 type=12
LINEARW_RESULT=CPU_FALLBACK name=blk.37.attn_k.weight
LINEAR_CPU_BEGIN name=blk.37.attn_k.weight type=12 rows=1024 cols=5120 inputFinite=1 inputBad=18446744073709551615 inputMin=-3.92323089 inputMax=7.54685116
LINEARW name=blk.37.attn_v.weight rows=1024 cols=5120 type=14
LINEARW_RESULT=CPU_FALLBACK name=blk.37.attn_v.weight
LINEAR_CPU_BEGIN name=blk.37.attn_v.weight type=14 rows=1024 cols=5120 inputFinite=1 inputBad=18446744073709551615 inputMin=-3.92323089 inputMax=7.54685116
ROPE layer=37 theta=1000000.0 local=no
LINEARW name=blk.37.attn_output.weight rows=5120 cols=5120 type=12
LINEARW_RESULT=CPU_FALLBACK name=blk.37.attn_output.weight
LINEAR_CPU_BEGIN name=blk.37.attn_output.weight type=12 rows=5120 cols=5120 inputFinite=1 inputBad=18446744073709551615 inputMin=-3.43338013 inputMax=5.35902262
FWD_LAYER layer=37 FFN_ENTER
LINEARW name=blk.37.ffn_gate.weight rows=27648 cols=5120 type=12
LINEARW_RESULT=CPU_FALLBACK name=blk.37.ffn_gate.weight
LINEAR_CPU_BEGIN name=blk.37.ffn_gate.weight type=12 rows=27648 cols=5120 inputFinite=1 inputBad=18446744073709551615 inputMin=-7.09232569 inputMax=14.0681524
LINEARW name=blk.37.ffn_up.weight rows=27648 cols=5120 type=12
LINEARW_RESULT=CPU_FALLBACK name=blk.37.ffn_up.weight
LINEAR_CPU_BEGIN name=blk.37.ffn_up.weight type=12 rows=27648 cols=5120 inputFinite=1 inputBad=18446744073709551615 inputMin=-7.09232569 inputMax=14.0681524
LINEARW name=blk.37.ffn_down.weight rows=5120 cols=27648 type=14
LINEARW_RESULT=CPU_FALLBACK name=blk.37.ffn_down.weight
LINEAR_CPU_BEGIN name=blk.37.ffn_down.weight type=14 rows=5120 cols=27648 inputFinite=1 inputBad=18446744073709551615 inputMin=-5.59663773 inputMax=21.8795815
FWD_LAYER layer=37 DONE
FWD_LAYER layer=38 seqLen=1
FWD_LAYER layer=38 ATTENTION
LINEARW name=blk.38.attn_q.weight rows=5120 cols=5120 type=12
LINEARW_RESULT=CPU_FALLBACK name=blk.38.attn_q.weight
LINEAR_CPU_BEGIN name=blk.38.attn_q.weight type=12 rows=5120 cols=5120 inputFinite=1 inputBad=18446744073709551615 inputMin=-4.59683084 inputMax=8.08065414
LINEARW name=blk.38.attn_k.weight rows=1024 cols=5120 type=12
LINEARW_RESULT=CPU_FALLBACK name=blk.38.attn_k.weight
LINEAR_CPU_BEGIN name=blk.38.attn_k.weight type=12 rows=1024 cols=5120 inputFinite=1 inputBad=18446744073709551615 inputMin=-4.59683084 inputMax=8.08065414
LINEARW name=blk.38.attn_v.weight rows=1024 cols=5120 type=12
LINEARW_RESULT=CPU_FALLBACK name=blk.38.attn_v.weight
LINEAR_CPU_BEGIN name=blk.38.attn_v.weight type=12 rows=1024 cols=5120 inputFinite=1 inputBad=18446744073709551615 inputMin=-4.59683084 inputMax=8.08065414
ROPE layer=38 theta=1000000.0 local=no
LINEARW name=blk.38.attn_output.weight rows=5120 cols=5120 type=12
LINEARW_RESULT=CPU_FALLBACK name=blk.38.attn_output.weight
LINEAR_CPU_BEGIN name=blk.38.attn_output.weight type=12 rows=5120 cols=5120 inputFinite=1 inputBad=18446744073709551615 inputMin=-2.09961176 inputMax=1.66253304
FWD_LAYER layer=38 FFN_ENTER
LINEARW name=blk.38.ffn_gate.weight rows=27648 cols=5120 type=12
LINEARW_RESULT=CPU_FALLBACK name=blk.38.ffn_gate.weight
LINEAR_CPU_BEGIN name=blk.38.ffn_gate.weight type=12 rows=27648 cols=5120 inputFinite=1 inputBad=18446744073709551615 inputMin=-7.88863659 inputMax=17.4252472
LINEARW name=blk.38.ffn_up.weight rows=27648 cols=5120 type=12
LINEARW_RESULT=CPU_FALLBACK name=blk.38.ffn_up.weight
LINEAR_CPU_BEGIN name=blk.38.ffn_up.weight type=12 rows=27648 cols=5120 inputFinite=1 inputBad=18446744073709551615 inputMin=-7.88863659 inputMax=17.4252472
LINEARW name=blk.38.ffn_down.weight rows=5120 cols=27648 type=12
LINEARW_RESULT=CPU_FALLBACK name=blk.38.ffn_down.weight
LINEAR_CPU_BEGIN name=blk.38.ffn_down.weight type=12 rows=5120 cols=27648 inputFinite=1 inputBad=18446744073709551615 inputMin=-12.6774035 inputMax=12.5052814
FWD_LAYER layer=38 DONE
FWD_LAYER layer=39 seqLen=1
FWD_LAYER layer=39 ATTENTION
LINEARW name=blk.39.attn_q.weight rows=5120 cols=5120 type=12
LINEARW_RESULT=CPU_FALLBACK name=blk.39.attn_q.weight
LINEAR_CPU_BEGIN name=blk.39.attn_q.weight type=12 rows=5120 cols=5120 inputFinite=1 inputBad=18446744073709551615 inputMin=-4.01732159 inputMax=8.6308794
LINEARW name=blk.39.attn_k.weight rows=1024 cols=5120 type=12
LINEARW_RESULT=CPU_FALLBACK name=blk.39.attn_k.weight
LINEAR_CPU_BEGIN name=blk.39.attn_k.weight type=12 rows=1024 cols=5120 inputFinite=1 inputBad=18446744073709551615 inputMin=-4.01732159 inputMax=8.6308794
LINEARW name=blk.39.attn_v.weight rows=1024 cols=5120 type=12
LINEARW_RESULT=CPU_FALLBACK name=blk.39.attn_v.weight
LINEAR_CPU_BEGIN name=blk.39.attn_v.weight type=12 rows=1024 cols=5120 inputFinite=1 inputBad=18446744073709551615 inputMin=-4.01732159 inputMax=8.6308794
ROPE layer=39 theta=1000000.0 local=no
LINEARW name=blk.39.attn_output.weight rows=5120 cols=5120 type=12
LINEARW_RESULT=CPU_FALLBACK name=blk.39.attn_output.weight
LINEAR_CPU_BEGIN name=blk.39.attn_output.weight type=12 rows=5120 cols=5120 inputFinite=1 inputBad=18446744073709551615 inputMin=-1.94968319 inputMax=2.94130516
FWD_LAYER layer=39 FFN_ENTER
LINEARW name=blk.39.ffn_gate.weight rows=27648 cols=5120 type=12
LINEARW_RESULT=CPU_FALLBACK name=blk.39.ffn_gate.weight
LINEAR_CPU_BEGIN name=blk.39.ffn_gate.weight type=12 rows=27648 cols=5120 inputFinite=1 inputBad=18446744073709551615 inputMin=-8.79332924 inputMax=19.2930012
LINEARW name=blk.39.ffn_up.weight rows=27648 cols=5120 type=12
LINEARW_RESULT=CPU_FALLBACK name=blk.39.ffn_up.weight
LINEAR_CPU_BEGIN name=blk.39.ffn_up.weight type=12 rows=27648 cols=5120 inputFinite=1 inputBad=18446744073709551615 inputMin=-8.79332924 inputMax=19.2930012
LINEARW name=blk.39.ffn_down.weight rows=5120 cols=27648 type=12
LINEARW_RESULT=CPU_FALLBACK name=blk.39.ffn_down.weight
LINEAR_CPU_BEGIN name=blk.39.ffn_down.weight type=12 rows=5120 cols=27648 inputFinite=1 inputBad=18446744073709551615 inputMin=-41.2259254 inputMax=32.8566284
FWD_LAYER layer=39 DONE
FWD_LAYER layer=40 seqLen=1
FWD_LAYER layer=40 ATTENTION
LINEARW name=blk.40.attn_q.weight rows=5120 cols=5120 type=12
LINEARW_RESULT=CPU_FALLBACK name=blk.40.attn_q.weight
LINEAR_CPU_BEGIN name=blk.40.attn_q.weight type=12 rows=5120 cols=5120 inputFinite=1 inputBad=18446744073709551615 inputMin=-6.51447535 inputMax=9.28686142
LINEARW name=blk.40.attn_k.weight rows=1024 cols=5120 type=12
LINEARW_RESULT=CPU_FALLBACK name=blk.40.attn_k.weight
LINEAR_CPU_BEGIN name=blk.40.attn_k.weight type=12 rows=1024 cols=5120 inputFinite=1 inputBad=18446744073709551615 inputMin=-6.51447535 inputMax=9.28686142
LINEARW name=blk.40.attn_v.weight rows=1024 cols=5120 type=14
LINEARW_RESULT=CPU_FALLBACK name=blk.40.attn_v.weight
LINEAR_CPU_BEGIN name=blk.40.attn_v.weight type=14 rows=1024 cols=5120 inputFinite=1 inputBad=18446744073709551615 inputMin=-6.51447535 inputMax=9.28686142
ROPE layer=40 theta=1000000.0 local=no
LINEARW name=blk.40.attn_output.weight rows=5120 cols=5120 type=12
LINEARW_RESULT=CPU_FALLBACK name=blk.40.attn_output.weight
LINEAR_CPU_BEGIN name=blk.40.attn_output.weight type=12 rows=5120 cols=5120 inputFinite=1 inputBad=18446744073709551615 inputMin=-3.26877141 inputMax=2.20256424
FWD_LAYER layer=40 FFN_ENTER
LINEARW name=blk.40.ffn_gate.weight rows=27648 cols=5120 type=12
LINEARW_RESULT=CPU_FALLBACK name=blk.40.ffn_gate.weight
LINEAR_CPU_BEGIN name=blk.40.ffn_gate.weight type=12 rows=27648 cols=5120 inputFinite=1 inputBad=18446744073709551615 inputMin=-8.2638073 inputMax=19.8426743
LINEARW name=blk.40.ffn_up.weight rows=27648 cols=5120 type=12
LINEARW_RESULT=CPU_FALLBACK name=blk.40.ffn_up.weight
LINEAR_CPU_BEGIN name=blk.40.ffn_up.weight type=12 rows=27648 cols=5120 inputFinite=1 inputBad=18446744073709551615 inputMin=-8.2638073 inputMax=19.8426743
LINEARW name=blk.40.ffn_down.weight rows=5120 cols=27648 type=14
LINEARW_RESULT=CPU_FALLBACK name=blk.40.ffn_down.weight
LINEAR_CPU_BEGIN name=blk.40.ffn_down.weight type=14 rows=5120 cols=27648 inputFinite=1 inputBad=18446744073709551615 inputMin=-18.6540413 inputMax=14.030715
FWD_LAYER layer=40 DONE
FWD_LAYER layer=41 seqLen=1
FWD_LAYER layer=41 ATTENTION
LINEARW name=blk.41.attn_q.weight rows=5120 cols=5120 type=12
LINEARW_RESULT=CPU_FALLBACK name=blk.41.attn_q.weight
LINEAR_CPU_BEGIN name=blk.41.attn_q.weight type=12 rows=5120 cols=5120 inputFinite=1 inputBad=18446744073709551615 inputMin=-7.45729828 inputMax=9.50136852
LINEARW name=blk.41.attn_k.weight rows=1024 cols=5120 type=12
LINEARW_RESULT=CPU_FALLBACK name=blk.41.attn_k.weight
LINEAR_CPU_BEGIN name=blk.41.attn_k.weight type=12 rows=1024 cols=5120 inputFinite=1 inputBad=18446744073709551615 inputMin=-7.45729828 inputMax=9.50136852
LINEARW name=blk.41.attn_v.weight rows=1024 cols=5120 type=12
LINEARW_RESULT=CPU_FALLBACK name=blk.41.attn_v.weight
LINEAR_CPU_BEGIN name=blk.41.attn_v.weight type=12 rows=1024 cols=5120 inputFinite=1 inputBad=18446744073709551615 inputMin=-7.45729828 inputMax=9.50136852
ROPE layer=41 theta=1000000.0 local=no
LINEARW name=blk.41.attn_output.weight rows=5120 cols=5120 type=12
LINEARW_RESULT=CPU_FALLBACK name=blk.41.attn_output.weight
LINEAR_CPU_BEGIN name=blk.41.attn_output.weight type=12 rows=5120 cols=5120 inputFinite=1 inputBad=18446744073709551615 inputMin=-2.92715764 inputMax=1.83745718
FWD_LAYER layer=41 FFN_ENTER
LINEARW name=blk.41.ffn_gate.weight rows=27648 cols=5120 type=12
LINEARW_RESULT=CPU_FALLBACK name=blk.41.ffn_gate.weight
LINEAR_CPU_BEGIN name=blk.41.ffn_gate.weight type=12 rows=27648 cols=5120 inputFinite=1 inputBad=18446744073709551615 inputMin=-7.96865606 inputMax=20.4401684
LINEARW name=blk.41.ffn_up.weight rows=27648 cols=5120 type=12
LINEARW_RESULT=CPU_FALLBACK name=blk.41.ffn_up.weight
LINEAR_CPU_BEGIN name=blk.41.ffn_up.weight type=12 rows=27648 cols=5120 inputFinite=1 inputBad=18446744073709551615 inputMin=-7.96865606 inputMax=20.4401684
LINEARW name=blk.41.ffn_down.weight rows=5120 cols=27648 type=12
LINEARW_RESULT=CPU_FALLBACK name=blk.41.ffn_down.weight
LINEAR_CPU_BEGIN name=blk.41.ffn_down.weight type=12 rows=5120 cols=27648 inputFinite=1 inputBad=18446744073709551615 inputMin=-15.9676237 inputMax=12.5460739
FWD_LAYER layer=41 DONE
FWD_LAYER layer=42 seqLen=1
FWD_LAYER layer=42 ATTENTION
LINEARW name=blk.42.attn_q.weight rows=5120 cols=5120 type=12
LINEARW_RESULT=CPU_FALLBACK name=blk.42.attn_q.weight
LINEAR_CPU_BEGIN name=blk.42.attn_q.weight type=12 rows=5120 cols=5120 inputFinite=1 inputBad=18446744073709551615 inputMin=-4.96652031 inputMax=15.8394918
LINEARW name=blk.42.attn_k.weight rows=1024 cols=5120 type=12
LINEARW_RESULT=CPU_FALLBACK name=blk.42.attn_k.weight
LINEAR_CPU_BEGIN name=blk.42.attn_k.weight type=12 rows=1024 cols=5120 inputFinite=1 inputBad=18446744073709551615 inputMin=-4.96652031 inputMax=15.8394918
LINEARW name=blk.42.attn_v.weight rows=1024 cols=5120 type=12
LINEARW_RESULT=CPU_FALLBACK name=blk.42.attn_v.weight
LINEAR_CPU_BEGIN name=blk.42.attn_v.weight type=12 rows=1024 cols=5120 inputFinite=1 inputBad=18446744073709551615 inputMin=-4.96652031 inputMax=15.8394918
ROPE layer=42 theta=1000000.0 local=no
LINEARW name=blk.42.attn_output.weight rows=5120 cols=5120 type=12
LINEARW_RESULT=CPU_FALLBACK name=blk.42.attn_output.weight
LINEAR_CPU_BEGIN name=blk.42.attn_output.weight type=12 rows=5120 cols=5120 inputFinite=1 inputBad=18446744073709551615 inputMin=-5.570786 inputMax=5.14837599
FWD_LAYER layer=42 FFN_ENTER
LINEARW name=blk.42.ffn_gate.weight rows=27648 cols=5120 type=12
LINEARW_RESULT=CPU_FALLBACK name=blk.42.ffn_gate.weight
LINEAR_CPU_BEGIN name=blk.42.ffn_gate.weight type=12 rows=27648 cols=5120 inputFinite=1 inputBad=18446744073709551615 inputMin=-7.52119684 inputMax=20.9876804
LINEARW name=blk.42.ffn_up.weight rows=27648 cols=5120 type=12
LINEARW_RESULT=CPU_FALLBACK name=blk.42.ffn_up.weight
LINEAR_CPU_BEGIN name=blk.42.ffn_up.weight type=12 rows=27648 cols=5120 inputFinite=1 inputBad=18446744073709551615 inputMin=-7.52119684 inputMax=20.9876804
LINEARW name=blk.42.ffn_down.weight rows=5120 cols=27648 type=12
LINEARW_RESULT=CPU_FALLBACK name=blk.42.ffn_down.weight
LINEAR_CPU_BEGIN name=blk.42.ffn_down.weight type=12 rows=5120 cols=27648 inputFinite=1 inputBad=18446744073709551615 inputMin=-13.5502396 inputMax=9.48661804
FWD_LAYER layer=42 DONE
FWD_LAYER layer=43 seqLen=1
FWD_LAYER layer=43 ATTENTION
LINEARW name=blk.43.attn_q.weight rows=5120 cols=5120 type=12
LINEARW_RESULT=CPU_FALLBACK name=blk.43.attn_q.weight
LINEAR_CPU_BEGIN name=blk.43.attn_q.weight type=12 rows=5120 cols=5120 inputFinite=1 inputBad=18446744073709551615 inputMin=-4.63091469 inputMax=21.1131306
LINEARW name=blk.43.attn_k.weight rows=1024 cols=5120 type=12
LINEARW_RESULT=CPU_FALLBACK name=blk.43.attn_k.weight
LINEAR_CPU_BEGIN name=blk.43.attn_k.weight type=12 rows=1024 cols=5120 inputFinite=1 inputBad=18446744073709551615 inputMin=-4.63091469 inputMax=21.1131306
LINEARW name=blk.43.attn_v.weight rows=1024 cols=5120 type=14
LINEARW_RESULT=CPU_FALLBACK name=blk.43.attn_v.weight
LINEAR_CPU_BEGIN name=blk.43.attn_v.weight type=14 rows=1024 cols=5120 inputFinite=1 inputBad=18446744073709551615 inputMin=-4.63091469 inputMax=21.1131306
ROPE layer=43 theta=1000000.0 local=no
LINEARW name=blk.43.attn_output.weight rows=5120 cols=5120 type=12
LINEARW_RESULT=CPU_FALLBACK name=blk.43.attn_output.weight
LINEAR_CPU_BEGIN name=blk.43.attn_output.weight type=12 rows=5120 cols=5120 inputFinite=1 inputBad=18446744073709551615 inputMin=-4.77458286 inputMax=2.33924842
FWD_LAYER layer=43 FFN_ENTER
LINEARW name=blk.43.ffn_gate.weight rows=27648 cols=5120 type=12
LINEARW_RESULT=CPU_FALLBACK name=blk.43.ffn_gate.weight
LINEAR_CPU_BEGIN name=blk.43.ffn_gate.weight type=12 rows=27648 cols=5120 inputFinite=1 inputBad=18446744073709551615 inputMin=-8.04685879 inputMax=25.4515457
LINEARW name=blk.43.ffn_up.weight rows=27648 cols=5120 type=12
LINEARW_RESULT=CPU_FALLBACK name=blk.43.ffn_up.weight
LINEAR_CPU_BEGIN name=blk.43.ffn_up.weight type=12 rows=27648 cols=5120 inputFinite=1 inputBad=18446744073709551615 inputMin=-8.04685879 inputMax=25.4515457
LINEARW name=blk.43.ffn_down.weight rows=5120 cols=27648 type=14
LINEARW_RESULT=CPU_FALLBACK name=blk.43.ffn_down.weight
LINEAR_CPU_BEGIN name=blk.43.ffn_down.weight type=14 rows=5120 cols=27648 inputFinite=1 inputBad=18446744073709551615 inputMin=-39.8132668 inputMax=13.6649647
FWD_LAYER layer=43 DONE
FWD_LAYER layer=44 seqLen=1
FWD_LAYER layer=44 ATTENTION
LINEARW name=blk.44.attn_q.weight rows=5120 cols=5120 type=12
LINEARW_RESULT=CPU_FALLBACK name=blk.44.attn_q.weight
LINEAR_CPU_BEGIN name=blk.44.attn_q.weight type=12 rows=5120 cols=5120 inputFinite=1 inputBad=18446744073709551615 inputMin=-3.6690011 inputMax=21.3018589
LINEARW name=blk.44.attn_k.weight rows=1024 cols=5120 type=12
LINEARW_RESULT=CPU_FALLBACK name=blk.44.attn_k.weight
LINEAR_CPU_BEGIN name=blk.44.attn_k.weight type=12 rows=1024 cols=5120 inputFinite=1 inputBad=18446744073709551615 inputMin=-3.6690011 inputMax=21.3018589
LINEARW name=blk.44.attn_v.weight rows=1024 cols=5120 type=12
LINEARW_RESULT=CPU_FALLBACK name=blk.44.attn_v.weight
LINEAR_CPU_BEGIN name=blk.44.attn_v.weight type=12 rows=1024 cols=5120 inputFinite=1 inputBad=18446744073709551615 inputMin=-3.6690011 inputMax=21.3018589
ROPE layer=44 theta=1000000.0 local=no
LINEARW name=blk.44.attn_output.weight rows=5120 cols=5120 type=12
LINEARW_RESULT=CPU_FALLBACK name=blk.44.attn_output.weight
LINEAR_CPU_BEGIN name=blk.44.attn_output.weight type=12 rows=5120 cols=5120 inputFinite=1 inputBad=18446744073709551615 inputMin=-3.52168965 inputMax=1.71416342
FWD_LAYER layer=44 FFN_ENTER
LINEARW name=blk.44.ffn_gate.weight rows=27648 cols=5120 type=12
LINEARW_RESULT=CPU_FALLBACK name=blk.44.ffn_gate.weight
LINEAR_CPU_BEGIN name=blk.44.ffn_gate.weight type=12 rows=27648 cols=5120 inputFinite=1 inputBad=18446744073709551615 inputMin=-10.3500261 inputMax=27.6304741
LINEARW name=blk.44.ffn_up.weight rows=27648 cols=5120 type=12
LINEARW_RESULT=CPU_FALLBACK name=blk.44.ffn_up.weight
LINEAR_CPU_BEGIN name=blk.44.ffn_up.weight type=12 rows=27648 cols=5120 inputFinite=1 inputBad=18446744073709551615 inputMin=-10.3500261 inputMax=27.6304741
LINEARW name=blk.44.ffn_down.weight rows=5120 cols=27648 type=12
LINEARW_RESULT=CPU_FALLBACK name=blk.44.ffn_down.weight
LINEAR_CPU_BEGIN name=blk.44.ffn_down.weight type=12 rows=5120 cols=27648 inputFinite=1 inputBad=18446744073709551615 inputMin=-10.7785912 inputMax=85.4572296
FWD_LAYER layer=44 DONE
FWD_LAYER layer=45 seqLen=1
FWD_LAYER layer=45 ATTENTION
LINEARW name=blk.45.attn_q.weight rows=5120 cols=5120 type=12
LINEARW_RESULT=CPU_FALLBACK name=blk.45.attn_q.weight
LINEAR_CPU_BEGIN name=blk.45.attn_q.weight type=12 rows=5120 cols=5120 inputFinite=1 inputBad=18446744073709551615 inputMin=-3.5242908 inputMax=22.3346481
LINEARW name=blk.45.attn_k.weight rows=1024 cols=5120 type=12
LINEARW_RESULT=CPU_FALLBACK name=blk.45.attn_k.weight
LINEAR_CPU_BEGIN name=blk.45.attn_k.weight type=12 rows=1024 cols=5120 inputFinite=1 inputBad=18446744073709551615 inputMin=-3.5242908 inputMax=22.3346481
LINEARW name=blk.45.attn_v.weight rows=1024 cols=5120 type=12
LINEARW_RESULT=CPU_FALLBACK name=blk.45.attn_v.weight
LINEAR_CPU_BEGIN name=blk.45.attn_v.weight type=12 rows=1024 cols=5120 inputFinite=1 inputBad=18446744073709551615 inputMin=-3.5242908 inputMax=22.3346481
ROPE layer=45 theta=1000000.0 local=no
LINEARW name=blk.45.attn_output.weight rows=5120 cols=5120 type=12
LINEARW_RESULT=CPU_FALLBACK name=blk.45.attn_output.weight
LINEAR_CPU_BEGIN name=blk.45.attn_output.weight type=12 rows=5120 cols=5120 inputFinite=1 inputBad=18446744073709551615 inputMin=-2.93064356 inputMax=2.93979979
FWD_LAYER layer=45 FFN_ENTER
LINEARW name=blk.45.ffn_gate.weight rows=27648 cols=5120 type=12
LINEARW_RESULT=CPU_FALLBACK name=blk.45.ffn_gate.weight
LINEAR_CPU_BEGIN name=blk.45.ffn_gate.weight type=12 rows=27648 cols=5120 inputFinite=1 inputBad=18446744073709551615 inputMin=-10.4163094 inputMax=21.5668907
LINEARW name=blk.45.ffn_up.weight rows=27648 cols=5120 type=12
LINEARW_RESULT=CPU_FALLBACK name=blk.45.ffn_up.weight
LINEAR_CPU_BEGIN name=blk.45.ffn_up.weight type=12 rows=27648 cols=5120 inputFinite=1 inputBad=18446744073709551615 inputMin=-10.4163094 inputMax=21.5668907
LINEARW name=blk.45.ffn_down.weight rows=5120 cols=27648 type=12
LINEARW_RESULT=CPU_FALLBACK name=blk.45.ffn_down.weight
LINEAR_CPU_BEGIN name=blk.45.ffn_down.weight type=12 rows=5120 cols=27648 inputFinite=1 inputBad=18446744073709551615 inputMin=-3.1091547 inputMax=263.762878
FWD_LAYER layer=45 DONE
FWD_LAYER layer=46 seqLen=1
FWD_LAYER layer=46 ATTENTION
LINEARW name=blk.46.attn_q.weight rows=5120 cols=5120 type=12
LINEARW_RESULT=CPU_FALLBACK name=blk.46.attn_q.weight
LINEAR_CPU_BEGIN name=blk.46.attn_q.weight type=12 rows=5120 cols=5120 inputFinite=1 inputBad=18446744073709551615 inputMin=-2.88024473 inputMax=19.6675224
LINEARW name=blk.46.attn_k.weight rows=1024 cols=5120 type=12
LINEARW_RESULT=CPU_FALLBACK name=blk.46.attn_k.weight
LINEAR_CPU_BEGIN name=blk.46.attn_k.weight type=12 rows=1024 cols=5120 inputFinite=1 inputBad=18446744073709551615 inputMin=-2.88024473 inputMax=19.6675224
LINEARW name=blk.46.attn_v.weight rows=1024 cols=5120 type=14
LINEARW_RESULT=CPU_FALLBACK name=blk.46.attn_v.weight
LINEAR_CPU_BEGIN name=blk.46.attn_v.weight type=14 rows=1024 cols=5120 inputFinite=1 inputBad=18446744073709551615 inputMin=-2.88024473 inputMax=19.6675224
ROPE layer=46 theta=1000000.0 local=no
LINEARW name=blk.46.attn_output.weight rows=5120 cols=5120 type=12
LINEARW_RESULT=CPU_FALLBACK name=blk.46.attn_output.weight
LINEAR_CPU_BEGIN name=blk.46.attn_output.weight type=12 rows=5120 cols=5120 inputFinite=1 inputBad=18446744073709551615 inputMin=-1.88771796 inputMax=4.82261372
FWD_LAYER layer=46 FFN_ENTER
LINEARW name=blk.46.ffn_gate.weight rows=27648 cols=5120 type=12
LINEARW_RESULT=CPU_FALLBACK name=blk.46.ffn_gate.weight
LINEAR_CPU_BEGIN name=blk.46.ffn_gate.weight type=12 rows=27648 cols=5120 inputFinite=1 inputBad=18446744073709551615 inputMin=-12.5465651 inputMax=20.0102005
LINEARW name=blk.46.ffn_up.weight rows=27648 cols=5120 type=12
LINEARW_RESULT=CPU_FALLBACK name=blk.46.ffn_up.weight
LINEAR_CPU_BEGIN name=blk.46.ffn_up.weight type=12 rows=27648 cols=5120 inputFinite=1 inputBad=18446744073709551615 inputMin=-12.5465651 inputMax=20.0102005
LINEARW name=blk.46.ffn_down.weight rows=5120 cols=27648 type=14
LINEARW_RESULT=CPU_FALLBACK name=blk.46.ffn_down.weight
LINEAR_CPU_BEGIN name=blk.46.ffn_down.weight type=14 rows=5120 cols=27648 inputFinite=1 inputBad=18446744073709551615 inputMin=-147.102234 inputMax=24.9794388
FWD_LAYER layer=46 DONE
FWD_LAYER layer=47 seqLen=1
FWD_LAYER layer=47 ATTENTION
LINEARW name=blk.47.attn_q.weight rows=5120 cols=5120 type=12
LINEARW_RESULT=CPU_FALLBACK name=blk.47.attn_q.weight
LINEAR_CPU_BEGIN name=blk.47.attn_q.weight type=12 rows=5120 cols=5120 inputFinite=1 inputBad=18446744073709551615 inputMin=-2.95360041 inputMax=16.0931873
LINEARW name=blk.47.attn_k.weight rows=1024 cols=5120 type=12
LINEARW_RESULT=CPU_FALLBACK name=blk.47.attn_k.weight
LINEAR_CPU_BEGIN name=blk.47.attn_k.weight type=12 rows=1024 cols=5120 inputFinite=1 inputBad=18446744073709551615 inputMin=-2.95360041 inputMax=16.0931873
LINEARW name=blk.47.attn_v.weight rows=1024 cols=5120 type=12
LINEARW_RESULT=CPU_FALLBACK name=blk.47.attn_v.weight
LINEAR_CPU_BEGIN name=blk.47.attn_v.weight type=12 rows=1024 cols=5120 inputFinite=1 inputBad=18446744073709551615 inputMin=-2.95360041 inputMax=16.0931873
ROPE layer=47 theta=1000000.0 local=no
LINEARW name=blk.47.attn_output.weight rows=5120 cols=5120 type=12
LINEARW_RESULT=CPU_FALLBACK name=blk.47.attn_output.weight
LINEAR_CPU_BEGIN name=blk.47.attn_output.weight type=12 rows=5120 cols=5120 inputFinite=1 inputBad=18446744073709551615 inputMin=-1.7469877 inputMax=2.88464284
FWD_LAYER layer=47 FFN_ENTER
LINEARW name=blk.47.ffn_gate.weight rows=27648 cols=5120 type=12
LINEARW_RESULT=CPU_FALLBACK name=blk.47.ffn_gate.weight
LINEAR_CPU_BEGIN name=blk.47.ffn_gate.weight type=12 rows=27648 cols=5120 inputFinite=1 inputBad=18446744073709551615 inputMin=-12.3679094 inputMax=14.1798496
LINEARW name=blk.47.ffn_up.weight rows=27648 cols=5120 type=12
LINEARW_RESULT=CPU_FALLBACK name=blk.47.ffn_up.weight
LINEAR_CPU_BEGIN name=blk.47.ffn_up.weight type=12 rows=27648 cols=5120 inputFinite=1 inputBad=18446744073709551615 inputMin=-12.3679094 inputMax=14.1798496
LINEARW name=blk.47.ffn_down.weight rows=5120 cols=27648 type=12
LINEARW_RESULT=CPU_FALLBACK name=blk.47.ffn_down.weight
LINEAR_CPU_BEGIN name=blk.47.ffn_down.weight type=12 rows=5120 cols=27648 inputFinite=1 inputBad=18446744073709551615 inputMin=-1.71988523 inputMax=15.6875286
FWD_LAYER layer=47 DONE
FWD_LAYER layer=48 seqLen=1
FWD_LAYER layer=48 ATTENTION
LINEARW name=blk.48.attn_q.weight rows=5120 cols=5120 type=12
LINEARW_RESULT=CPU_FALLBACK name=blk.48.attn_q.weight
LINEAR_CPU_BEGIN name=blk.48.attn_q.weight type=12 rows=5120 cols=5120 inputFinite=1 inputBad=18446744073709551615 inputMin=-3.04425001 inputMax=14.3856936
LINEARW name=blk.48.attn_k.weight rows=1024 cols=5120 type=12
LINEARW_RESULT=CPU_FALLBACK name=blk.48.attn_k.weight
LINEAR_CPU_BEGIN name=blk.48.attn_k.weight type=12 rows=1024 cols=5120 inputFinite=1 inputBad=18446744073709551615 inputMin=-3.04425001 inputMax=14.3856936
LINEARW name=blk.48.attn_v.weight rows=1024 cols=5120 type=12
LINEARW_RESULT=CPU_FALLBACK name=blk.48.attn_v.weight
LINEAR_CPU_BEGIN name=blk.48.attn_v.weight type=12 rows=1024 cols=5120 inputFinite=1 inputBad=18446744073709551615 inputMin=-3.04425001 inputMax=14.3856936
ROPE layer=48 theta=1000000.0 local=no
LINEARW name=blk.48.attn_output.weight rows=5120 cols=5120 type=12
LINEARW_RESULT=CPU_FALLBACK name=blk.48.attn_output.weight
LINEAR_CPU_BEGIN name=blk.48.attn_output.weight type=12 rows=5120 cols=5120 inputFinite=1 inputBad=18446744073709551615 inputMin=-1.83964348 inputMax=2.66576982
FWD_LAYER layer=48 FFN_ENTER
LINEARW name=blk.48.ffn_gate.weight rows=27648 cols=5120 type=12
LINEARW_RESULT=CPU_FALLBACK name=blk.48.ffn_gate.weight
LINEAR_CPU_BEGIN name=blk.48.ffn_gate.weight type=12 rows=27648 cols=5120 inputFinite=1 inputBad=18446744073709551615 inputMin=-12.9005127 inputMax=13.3768988
LINEARW name=blk.48.ffn_up.weight rows=27648 cols=5120 type=12
LINEARW_RESULT=CPU_FALLBACK name=blk.48.ffn_up.weight
LINEAR_CPU_BEGIN name=blk.48.ffn_up.weight type=12 rows=27648 cols=5120 inputFinite=1 inputBad=18446744073709551615 inputMin=-12.9005127 inputMax=13.3768988
LINEARW name=blk.48.ffn_down.weight rows=5120 cols=27648 type=12
LINEARW_RESULT=CPU_FALLBACK name=blk.48.ffn_down.weight
LINEAR_CPU_BEGIN name=blk.48.ffn_down.weight type=12 rows=5120 cols=27648 inputFinite=1 inputBad=18446744073709551615 inputMin=-3.20504355 inputMax=0.94751513
FWD_LAYER layer=48 DONE
FWD_LAYER layer=49 seqLen=1
FWD_LAYER layer=49 ATTENTION
LINEARW name=blk.49.attn_q.weight rows=5120 cols=5120 type=12
LINEARW_RESULT=CPU_FALLBACK name=blk.49.attn_q.weight
LINEAR_CPU_BEGIN name=blk.49.attn_q.weight type=12 rows=5120 cols=5120 inputFinite=1 inputBad=18446744073709551615 inputMin=-3.42108822 inputMax=14.2226734
LINEARW name=blk.49.attn_k.weight rows=1024 cols=5120 type=12
LINEARW_RESULT=CPU_FALLBACK name=blk.49.attn_k.weight
LINEAR_CPU_BEGIN name=blk.49.attn_k.weight type=12 rows=1024 cols=5120 inputFinite=1 inputBad=18446744073709551615 inputMin=-3.42108822 inputMax=14.2226734
LINEARW name=blk.49.attn_v.weight rows=1024 cols=5120 type=14
LINEARW_RESULT=CPU_FALLBACK name=blk.49.attn_v.weight
LINEAR_CPU_BEGIN name=blk.49.attn_v.weight type=14 rows=1024 cols=5120 inputFinite=1 inputBad=18446744073709551615 inputMin=-3.42108822 inputMax=14.2226734
ROPE layer=49 theta=1000000.0 local=no
LINEARW name=blk.49.attn_output.weight rows=5120 cols=5120 type=12
LINEARW_RESULT=CPU_FALLBACK name=blk.49.attn_output.weight
LINEAR_CPU_BEGIN name=blk.49.attn_output.weight type=12 rows=5120 cols=5120 inputFinite=1 inputBad=18446744073709551615 inputMin=-1.51307237 inputMax=3.34662533
FWD_LAYER layer=49 FFN_ENTER
LINEARW name=blk.49.ffn_gate.weight rows=27648 cols=5120 type=12
LINEARW_RESULT=CPU_FALLBACK name=blk.49.ffn_gate.weight
LINEAR_CPU_BEGIN name=blk.49.ffn_gate.weight type=12 rows=27648 cols=5120 inputFinite=1 inputBad=18446744073709551615 inputMin=-15.600585 inputMax=14.618578
LINEARW name=blk.49.ffn_up.weight rows=27648 cols=5120 type=12
LINEARW_RESULT=CPU_FALLBACK name=blk.49.ffn_up.weight
LINEAR_CPU_BEGIN name=blk.49.ffn_up.weight type=12 rows=27648 cols=5120 inputFinite=1 inputBad=18446744073709551615 inputMin=-15.600585 inputMax=14.618578
LINEARW name=blk.49.ffn_down.weight rows=5120 cols=27648 type=14
LINEARW_RESULT=CPU_FALLBACK name=blk.49.ffn_down.weight
LINEAR_CPU_BEGIN name=blk.49.ffn_down.weight type=14 rows=5120 cols=27648 inputFinite=1 inputBad=18446744073709551615 inputMin=-1.95267415 inputMax=28.7256184
FWD_LAYER layer=49 DONE
FWD_LAYER layer=50 seqLen=1
FWD_LAYER layer=50 ATTENTION
LINEARW name=blk.50.attn_q.weight rows=5120 cols=5120 type=12
LINEARW_RESULT=CPU_FALLBACK name=blk.50.attn_q.weight
LINEAR_CPU_BEGIN name=blk.50.attn_q.weight type=12 rows=5120 cols=5120 inputFinite=1 inputBad=18446744073709551615 inputMin=-3.5176661 inputMax=11.8731222
LINEARW name=blk.50.attn_k.weight rows=1024 cols=5120 type=12
LINEARW_RESULT=CPU_FALLBACK name=blk.50.attn_k.weight
LINEAR_CPU_BEGIN name=blk.50.attn_k.weight type=12 rows=1024 cols=5120 inputFinite=1 inputBad=18446744073709551615 inputMin=-3.5176661 inputMax=11.8731222
LINEARW name=blk.50.attn_v.weight rows=1024 cols=5120 type=12
LINEARW_RESULT=CPU_FALLBACK name=blk.50.attn_v.weight
LINEAR_CPU_BEGIN name=blk.50.attn_v.weight type=12 rows=1024 cols=5120 inputFinite=1 inputBad=18446744073709551615 inputMin=-3.5176661 inputMax=11.8731222
ROPE layer=50 theta=1000000.0 local=no
LINEARW name=blk.50.attn_output.weight rows=5120 cols=5120 type=12
LINEARW_RESULT=CPU_FALLBACK name=blk.50.attn_output.weight
LINEAR_CPU_BEGIN name=blk.50.attn_output.weight type=12 rows=5120 cols=5120 inputFinite=1 inputBad=18446744073709551615 inputMin=-1.12030625 inputMax=1.15860713
FWD_LAYER layer=50 FFN_ENTER
LINEARW name=blk.50.ffn_gate.weight rows=27648 cols=5120 type=12
LINEARW_RESULT=CPU_FALLBACK name=blk.50.ffn_gate.weight
LINEAR_CPU_BEGIN name=blk.50.ffn_gate.weight type=12 rows=27648 cols=5120 inputFinite=1 inputBad=18446744073709551615 inputMin=-18.8497429 inputMax=15.7583542
LINEARW name=blk.50.ffn_up.weight rows=27648 cols=5120 type=12
LINEARW_RESULT=CPU_FALLBACK name=blk.50.ffn_up.weight
LINEAR_CPU_BEGIN name=blk.50.ffn_up.weight type=12 rows=27648 cols=5120 inputFinite=1 inputBad=18446744073709551615 inputMin=-18.8497429 inputMax=15.7583542
LINEARW name=blk.50.ffn_down.weight rows=5120 cols=27648 type=12
LINEARW_RESULT=CPU_FALLBACK name=blk.50.ffn_down.weight
LINEAR_CPU_BEGIN name=blk.50.ffn_down.weight type=12 rows=5120 cols=27648 inputFinite=1 inputBad=18446744073709551615 inputMin=-1.63012314 inputMax=2.03941941
FWD_LAYER layer=50 DONE
FWD_LAYER layer=51 seqLen=1
FWD_LAYER layer=51 ATTENTION
LINEARW name=blk.51.attn_q.weight rows=5120 cols=5120 type=12
LINEARW_RESULT=CPU_FALLBACK name=blk.51.attn_q.weight
LINEAR_CPU_BEGIN name=blk.51.attn_q.weight type=12 rows=5120 cols=5120 inputFinite=1 inputBad=18446744073709551615 inputMin=-5.24666977 inputMax=12.2736568
LINEARW name=blk.51.attn_k.weight rows=1024 cols=5120 type=12
LINEARW_RESULT=CPU_FALLBACK name=blk.51.attn_k.weight
LINEAR_CPU_BEGIN name=blk.51.attn_k.weight type=12 rows=1024 cols=5120 inputFinite=1 inputBad=18446744073709551615 inputMin=-5.24666977 inputMax=12.2736568
LINEARW name=blk.51.attn_v.weight rows=1024 cols=5120 type=12
LINEARW_RESULT=CPU_FALLBACK name=blk.51.attn_v.weight
LINEAR_CPU_BEGIN name=blk.51.attn_v.weight type=12 rows=1024 cols=5120 inputFinite=1 inputBad=18446744073709551615 inputMin=-5.24666977 inputMax=12.2736568
ROPE layer=51 theta=1000000.0 local=no
LINEARW name=blk.51.attn_output.weight rows=5120 cols=5120 type=12
LINEARW_RESULT=CPU_FALLBACK name=blk.51.attn_output.weight
LINEAR_CPU_BEGIN name=blk.51.attn_output.weight type=12 rows=5120 cols=5120 inputFinite=1 inputBad=18446744073709551615 inputMin=-1.95457864 inputMax=3.17649102
FWD_LAYER layer=51 FFN_ENTER
LINEARW name=blk.51.ffn_gate.weight rows=27648 cols=5120 type=12
LINEARW_RESULT=CPU_FALLBACK name=blk.51.ffn_gate.weight
LINEAR_CPU_BEGIN name=blk.51.ffn_gate.weight type=12 rows=27648 cols=5120 inputFinite=1 inputBad=18446744073709551615 inputMin=-21.7844429 inputMax=16.552866
LINEARW name=blk.51.ffn_up.weight rows=27648 cols=5120 type=12
LINEARW_RESULT=CPU_FALLBACK name=blk.51.ffn_up.weight
LINEAR_CPU_BEGIN name=blk.51.ffn_up.weight type=12 rows=27648 cols=5120 inputFinite=1 inputBad=18446744073709551615 inputMin=-21.7844429 inputMax=16.552866
LINEARW name=blk.51.ffn_down.weight rows=5120 cols=27648 type=12
LINEARW_RESULT=CPU_FALLBACK name=blk.51.ffn_down.weight
LINEAR_CPU_BEGIN name=blk.51.ffn_down.weight type=12 rows=5120 cols=27648 inputFinite=1 inputBad=18446744073709551615 inputMin=-1.15049052 inputMax=3.58861375
FWD_LAYER layer=51 DONE
FWD_LAYER layer=52 seqLen=1
FWD_LAYER layer=52 ATTENTION
LINEARW name=blk.52.attn_q.weight rows=5120 cols=5120 type=12
LINEARW_RESULT=CPU_FALLBACK name=blk.52.attn_q.weight
LINEAR_CPU_BEGIN name=blk.52.attn_q.weight type=12 rows=5120 cols=5120 inputFinite=1 inputBad=18446744073709551615 inputMin=-3.85454154 inputMax=8.05399704
LINEARW name=blk.52.attn_k.weight rows=1024 cols=5120 type=12
LINEARW_RESULT=CPU_FALLBACK name=blk.52.attn_k.weight
LINEAR_CPU_BEGIN name=blk.52.attn_k.weight type=12 rows=1024 cols=5120 inputFinite=1 inputBad=18446744073709551615 inputMin=-3.85454154 inputMax=8.05399704
LINEARW name=blk.52.attn_v.weight rows=1024 cols=5120 type=14
LINEARW_RESULT=CPU_FALLBACK name=blk.52.attn_v.weight
LINEAR_CPU_BEGIN name=blk.52.attn_v.weight type=14 rows=1024 cols=5120 inputFinite=1 inputBad=18446744073709551615 inputMin=-3.85454154 inputMax=8.05399704
ROPE layer=52 theta=1000000.0 local=no
LINEARW name=blk.52.attn_output.weight rows=5120 cols=5120 type=12
LINEARW_RESULT=CPU_FALLBACK name=blk.52.attn_output.weight
LINEAR_CPU_BEGIN name=blk.52.attn_output.weight type=12 rows=5120 cols=5120 inputFinite=1 inputBad=18446744073709551615 inputMin=-0.753221095 inputMax=1.02156699
FWD_LAYER layer=52 FFN_ENTER
LINEARW name=blk.52.ffn_gate.weight rows=27648 cols=5120 type=12
LINEARW_RESULT=CPU_FALLBACK name=blk.52.ffn_gate.weight
LINEAR_CPU_BEGIN name=blk.52.ffn_gate.weight type=12 rows=27648 cols=5120 inputFinite=1 inputBad=18446744073709551615 inputMin=-24.0057049 inputMax=17.7997704
LINEARW name=blk.52.ffn_up.weight rows=27648 cols=5120 type=12
LINEARW_RESULT=CPU_FALLBACK name=blk.52.ffn_up.weight
LINEAR_CPU_BEGIN name=blk.52.ffn_up.weight type=12 rows=27648 cols=5120 inputFinite=1 inputBad=18446744073709551615 inputMin=-24.0057049 inputMax=17.7997704
LINEARW name=blk.52.ffn_down.weight rows=5120 cols=27648 type=14
LINEARW_RESULT=CPU_FALLBACK name=blk.52.ffn_down.weight
LINEAR_CPU_BEGIN name=blk.52.ffn_down.weight type=14 rows=5120 cols=27648 inputFinite=1 inputBad=18446744073709551615 inputMin=-2.7045126 inputMax=2.09862423
FWD_LAYER layer=52 DONE
FWD_LAYER layer=53 seqLen=1
FWD_LAYER layer=53 ATTENTION
LINEARW name=blk.53.attn_q.weight rows=5120 cols=5120 type=12
LINEARW_RESULT=CPU_FALLBACK name=blk.53.attn_q.weight
LINEAR_CPU_BEGIN name=blk.53.attn_q.weight type=12 rows=5120 cols=5120 inputFinite=1 inputBad=18446744073709551615 inputMin=-4.21144867 inputMax=6.00182581
LINEARW name=blk.53.attn_k.weight rows=1024 cols=5120 type=12
LINEARW_RESULT=CPU_FALLBACK name=blk.53.attn_k.weight
LINEAR_CPU_BEGIN name=blk.53.attn_k.weight type=12 rows=1024 cols=5120 inputFinite=1 inputBad=18446744073709551615 inputMin=-4.21144867 inputMax=6.00182581
LINEARW name=blk.53.attn_v.weight rows=1024 cols=5120 type=12
LINEARW_RESULT=CPU_FALLBACK name=blk.53.attn_v.weight
LINEAR_CPU_BEGIN name=blk.53.attn_v.weight type=12 rows=1024 cols=5120 inputFinite=1 inputBad=18446744073709551615 inputMin=-4.21144867 inputMax=6.00182581
ROPE layer=53 theta=1000000.0 local=no
LINEARW name=blk.53.attn_output.weight rows=5120 cols=5120 type=12
LINEARW_RESULT=CPU_FALLBACK name=blk.53.attn_output.weight
LINEAR_CPU_BEGIN name=blk.53.attn_output.weight type=12 rows=5120 cols=5120 inputFinite=1 inputBad=18446744073709551615 inputMin=-0.835086346 inputMax=2.0753665
FWD_LAYER layer=53 FFN_ENTER
LINEARW name=blk.53.ffn_gate.weight rows=27648 cols=5120 type=12
LINEARW_RESULT=CPU_FALLBACK name=blk.53.ffn_gate.weight
LINEAR_CPU_BEGIN name=blk.53.ffn_gate.weight type=12 rows=27648 cols=5120 inputFinite=1 inputBad=18446744073709551615 inputMin=-25.7437572 inputMax=18.5957737
LINEARW name=blk.53.ffn_up.weight rows=27648 cols=5120 type=12
LINEARW_RESULT=CPU_FALLBACK name=blk.53.ffn_up.weight
LINEAR_CPU_BEGIN name=blk.53.ffn_up.weight type=12 rows=27648 cols=5120 inputFinite=1 inputBad=18446744073709551615 inputMin=-25.7437572 inputMax=18.5957737
LINEARW name=blk.53.ffn_down.weight rows=5120 cols=27648 type=12
LINEARW_RESULT=CPU_FALLBACK name=blk.53.ffn_down.weight
LINEAR_CPU_BEGIN name=blk.53.ffn_down.weight type=12 rows=5120 cols=27648 inputFinite=1 inputBad=18446744073709551615 inputMin=-1.97489977 inputMax=0.802533507
FWD_LAYER layer=53 DONE
FWD_LAYER layer=54 seqLen=1
FWD_LAYER layer=54 ATTENTION
LINEARW name=blk.54.attn_q.weight rows=5120 cols=5120 type=12
LINEARW_RESULT=CPU_FALLBACK name=blk.54.attn_q.weight
LINEAR_CPU_BEGIN name=blk.54.attn_q.weight type=12 rows=5120 cols=5120 inputFinite=1 inputBad=18446744073709551615 inputMin=-3.33653712 inputMax=5.77909756
LINEARW name=blk.54.attn_k.weight rows=1024 cols=5120 type=12
LINEARW_RESULT=CPU_FALLBACK name=blk.54.attn_k.weight
LINEAR_CPU_BEGIN name=blk.54.attn_k.weight type=12 rows=1024 cols=5120 inputFinite=1 inputBad=18446744073709551615 inputMin=-3.33653712 inputMax=5.77909756
LINEARW name=blk.54.attn_v.weight rows=1024 cols=5120 type=12
LINEARW_RESULT=CPU_FALLBACK name=blk.54.attn_v.weight
LINEAR_CPU_BEGIN name=blk.54.attn_v.weight type=12 rows=1024 cols=5120 inputFinite=1 inputBad=18446744073709551615 inputMin=-3.33653712 inputMax=5.77909756
ROPE layer=54 theta=1000000.0 local=no
LINEARW name=blk.54.attn_output.weight rows=5120 cols=5120 type=12
LINEARW_RESULT=CPU_FALLBACK name=blk.54.attn_output.weight
LINEAR_CPU_BEGIN name=blk.54.attn_output.weight type=12 rows=5120 cols=5120 inputFinite=1 inputBad=18446744073709551615 inputMin=-0.43443346 inputMax=1.58038592
FWD_LAYER layer=54 FFN_ENTER
LINEARW name=blk.54.ffn_gate.weight rows=27648 cols=5120 type=12
LINEARW_RESULT=CPU_FALLBACK name=blk.54.ffn_gate.weight
LINEAR_CPU_BEGIN name=blk.54.ffn_gate.weight type=12 rows=27648 cols=5120 inputFinite=1 inputBad=18446744073709551615 inputMin=-28.2861633 inputMax=20.6394196
LINEARW name=blk.54.ffn_up.weight rows=27648 cols=5120 type=12
LINEARW_RESULT=CPU_FALLBACK name=blk.54.ffn_up.weight
LINEAR_CPU_BEGIN name=blk.54.ffn_up.weight type=12 rows=27648 cols=5120 inputFinite=1 inputBad=18446744073709551615 inputMin=-28.2861633 inputMax=20.6394196
LINEARW name=blk.54.ffn_down.weight rows=5120 cols=27648 type=12
LINEARW_RESULT=CPU_FALLBACK name=blk.54.ffn_down.weight
LINEAR_CPU_BEGIN name=blk.54.ffn_down.weight type=12 rows=5120 cols=27648 inputFinite=1 inputBad=18446744073709551615 inputMin=-1.05572605 inputMax=1.97085035
FWD_LAYER layer=54 DONE
FWD_LAYER layer=55 seqLen=1
FWD_LAYER layer=55 ATTENTION
LINEARW name=blk.55.attn_q.weight rows=5120 cols=5120 type=12
LINEARW_RESULT=CPU_FALLBACK name=blk.55.attn_q.weight
LINEAR_CPU_BEGIN name=blk.55.attn_q.weight type=12 rows=5120 cols=5120 inputFinite=1 inputBad=18446744073709551615 inputMin=-3.67405581 inputMax=5.61325216
LINEARW name=blk.55.attn_k.weight rows=1024 cols=5120 type=12
LINEARW_RESULT=CPU_FALLBACK name=blk.55.attn_k.weight
LINEAR_CPU_BEGIN name=blk.55.attn_k.weight type=12 rows=1024 cols=5120 inputFinite=1 inputBad=18446744073709551615 inputMin=-3.67405581 inputMax=5.61325216
LINEARW name=blk.55.attn_v.weight rows=1024 cols=5120 type=14
LINEARW_RESULT=CPU_FALLBACK name=blk.55.attn_v.weight
LINEAR_CPU_BEGIN name=blk.55.attn_v.weight type=14 rows=1024 cols=5120 inputFinite=1 inputBad=18446744073709551615 inputMin=-3.67405581 inputMax=5.61325216
ROPE layer=55 theta=1000000.0 local=no
LINEARW name=blk.55.attn_output.weight rows=5120 cols=5120 type=12
LINEARW_RESULT=CPU_FALLBACK name=blk.55.attn_output.weight
LINEAR_CPU_BEGIN name=blk.55.attn_output.weight type=12 rows=5120 cols=5120 inputFinite=1 inputBad=18446744073709551615 inputMin=-2.21589994 inputMax=2.5159173
FWD_LAYER layer=55 FFN_ENTER
LINEARW name=blk.55.ffn_gate.weight rows=27648 cols=5120 type=12
LINEARW_RESULT=CPU_FALLBACK name=blk.55.ffn_gate.weight
LINEAR_CPU_BEGIN name=blk.55.ffn_gate.weight type=12 rows=27648 cols=5120 inputFinite=1 inputBad=18446744073709551615 inputMin=-27.6494312 inputMax=19.9766712
LINEARW name=blk.55.ffn_up.weight rows=27648 cols=5120 type=12
LINEARW_RESULT=CPU_FALLBACK name=blk.55.ffn_up.weight
LINEAR_CPU_BEGIN name=blk.55.ffn_up.weight type=12 rows=27648 cols=5120 inputFinite=1 inputBad=18446744073709551615 inputMin=-27.6494312 inputMax=19.9766712
LINEARW name=blk.55.ffn_down.weight rows=5120 cols=27648 type=14
LINEARW_RESULT=CPU_FALLBACK name=blk.55.ffn_down.weight
LINEAR_CPU_BEGIN name=blk.55.ffn_down.weight type=14 rows=5120 cols=27648 inputFinite=1 inputBad=18446744073709551615 inputMin=-4.70494747 inputMax=6.33230114
FWD_LAYER layer=55 DONE
FWD_LAYER layer=56 seqLen=1
FWD_LAYER layer=56 ATTENTION
LINEARW name=blk.56.attn_q.weight rows=5120 cols=5120 type=12
LINEARW_RESULT=CPU_FALLBACK name=blk.56.attn_q.weight
LINEAR_CPU_BEGIN name=blk.56.attn_q.weight type=12 rows=5120 cols=5120 inputFinite=1 inputBad=18446744073709551615 inputMin=-3.11671829 inputMax=5.02887106
LINEARW name=blk.56.attn_k.weight rows=1024 cols=5120 type=12
LINEARW_RESULT=CPU_FALLBACK name=blk.56.attn_k.weight
LINEAR_CPU_BEGIN name=blk.56.attn_k.weight type=12 rows=1024 cols=5120 inputFinite=1 inputBad=18446744073709551615 inputMin=-3.11671829 inputMax=5.02887106
LINEARW name=blk.56.attn_v.weight rows=1024 cols=5120 type=14
LINEARW_RESULT=CPU_FALLBACK name=blk.56.attn_v.weight
LINEAR_CPU_BEGIN name=blk.56.attn_v.weight type=14 rows=1024 cols=5120 inputFinite=1 inputBad=18446744073709551615 inputMin=-3.11671829 inputMax=5.02887106
ROPE layer=56 theta=1000000.0 local=no
LINEARW name=blk.56.attn_output.weight rows=5120 cols=5120 type=12
LINEARW_RESULT=CPU_FALLBACK name=blk.56.attn_output.weight
LINEAR_CPU_BEGIN name=blk.56.attn_output.weight type=12 rows=5120 cols=5120 inputFinite=1 inputBad=18446744073709551615 inputMin=-0.619336665 inputMax=0.93857336
FWD_LAYER layer=56 FFN_ENTER
LINEARW name=blk.56.ffn_gate.weight rows=27648 cols=5120 type=12
LINEARW_RESULT=CPU_FALLBACK name=blk.56.ffn_gate.weight
LINEAR_CPU_BEGIN name=blk.56.ffn_gate.weight type=12 rows=27648 cols=5120 inputFinite=1 inputBad=18446744073709551615 inputMin=-28.3063145 inputMax=20.3458862
LINEARW name=blk.56.ffn_up.weight rows=27648 cols=5120 type=12
LINEARW_RESULT=CPU_FALLBACK name=blk.56.ffn_up.weight
LINEAR_CPU_BEGIN name=blk.56.ffn_up.weight type=12 rows=27648 cols=5120 inputFinite=1 inputBad=18446744073709551615 inputMin=-28.3063145 inputMax=20.3458862
LINEARW name=blk.56.ffn_down.weight rows=5120 cols=27648 type=14
LINEARW_RESULT=CPU_FALLBACK name=blk.56.ffn_down.weight
LINEAR_CPU_BEGIN name=blk.56.ffn_down.weight type=14 rows=5120 cols=27648 inputFinite=1 inputBad=18446744073709551615 inputMin=-7.89916849 inputMax=4.1840663
FWD_LAYER layer=56 DONE
FWD_LAYER layer=57 seqLen=1
FWD_LAYER layer=57 ATTENTION
LINEARW name=blk.57.attn_q.weight rows=5120 cols=5120 type=12
LINEARW_RESULT=CPU_FALLBACK name=blk.57.attn_q.weight
LINEAR_CPU_BEGIN name=blk.57.attn_q.weight type=12 rows=5120 cols=5120 inputFinite=1 inputBad=18446744073709551615 inputMin=-2.93712664 inputMax=4.50230169
LINEARW name=blk.57.attn_k.weight rows=1024 cols=5120 type=12
LINEARW_RESULT=CPU_FALLBACK name=blk.57.attn_k.weight
LINEAR_CPU_BEGIN name=blk.57.attn_k.weight type=12 rows=1024 cols=5120 inputFinite=1 inputBad=18446744073709551615 inputMin=-2.93712664 inputMax=4.50230169
LINEARW name=blk.57.attn_v.weight rows=1024 cols=5120 type=14
LINEARW_RESULT=CPU_FALLBACK name=blk.57.attn_v.weight
LINEAR_CPU_BEGIN name=blk.57.attn_v.weight type=14 rows=1024 cols=5120 inputFinite=1 inputBad=18446744073709551615 inputMin=-2.93712664 inputMax=4.50230169
ROPE layer=57 theta=1000000.0 local=no
LINEARW name=blk.57.attn_output.weight rows=5120 cols=5120 type=12
LINEARW_RESULT=CPU_FALLBACK name=blk.57.attn_output.weight
LINEAR_CPU_BEGIN name=blk.57.attn_output.weight type=12 rows=5120 cols=5120 inputFinite=1 inputBad=18446744073709551615 inputMin=-1.60031259 inputMax=0.765925884
FWD_LAYER layer=57 FFN_ENTER
LINEARW name=blk.57.ffn_gate.weight rows=27648 cols=5120 type=12
LINEARW_RESULT=CPU_FALLBACK name=blk.57.ffn_gate.weight
LINEAR_CPU_BEGIN name=blk.57.ffn_gate.weight type=12 rows=27648 cols=5120 inputFinite=1 inputBad=18446744073709551615 inputMin=-28.4903011 inputMax=20.3847866
LINEARW name=blk.57.ffn_up.weight rows=27648 cols=5120 type=12
LINEARW_RESULT=CPU_FALLBACK name=blk.57.ffn_up.weight
LINEAR_CPU_BEGIN name=blk.57.ffn_up.weight type=12 rows=27648 cols=5120 inputFinite=1 inputBad=18446744073709551615 inputMin=-28.4903011 inputMax=20.3847866
LINEARW name=blk.57.ffn_down.weight rows=5120 cols=27648 type=14
LINEARW_RESULT=CPU_FALLBACK name=blk.57.ffn_down.weight
LINEAR_CPU_BEGIN name=blk.57.ffn_down.weight type=14 rows=5120 cols=27648 inputFinite=1 inputBad=18446744073709551615 inputMin=-17.427557 inputMax=18.2739754
FWD_LAYER layer=57 DONE
FWD_LAYER layer=58 seqLen=1
FWD_LAYER layer=58 ATTENTION
LINEARW name=blk.58.attn_q.weight rows=5120 cols=5120 type=12
LINEARW_RESULT=CPU_FALLBACK name=blk.58.attn_q.weight
LINEAR_CPU_BEGIN name=blk.58.attn_q.weight type=12 rows=5120 cols=5120 inputFinite=1 inputBad=18446744073709551615 inputMin=-3.44823956 inputMax=5.94485378
LINEARW name=blk.58.attn_k.weight rows=1024 cols=5120 type=12
LINEARW_RESULT=CPU_FALLBACK name=blk.58.attn_k.weight
LINEAR_CPU_BEGIN name=blk.58.attn_k.weight type=12 rows=1024 cols=5120 inputFinite=1 inputBad=18446744073709551615 inputMin=-3.44823956 inputMax=5.94485378
LINEARW name=blk.58.attn_v.weight rows=1024 cols=5120 type=14
LINEARW_RESULT=CPU_FALLBACK name=blk.58.attn_v.weight
LINEAR_CPU_BEGIN name=blk.58.attn_v.weight type=14 rows=1024 cols=5120 inputFinite=1 inputBad=18446744073709551615 inputMin=-3.44823956 inputMax=5.94485378
ROPE layer=58 theta=1000000.0 local=no
LINEARW name=blk.58.attn_output.weight rows=5120 cols=5120 type=12
LINEARW_RESULT=CPU_FALLBACK name=blk.58.attn_output.weight
LINEAR_CPU_BEGIN name=blk.58.attn_output.weight type=12 rows=5120 cols=5120 inputFinite=1 inputBad=18446744073709551615 inputMin=-0.342218518 inputMax=2.83869171
FWD_LAYER layer=58 FFN_ENTER
LINEARW name=blk.58.ffn_gate.weight rows=27648 cols=5120 type=12
LINEARW_RESULT=CPU_FALLBACK name=blk.58.ffn_gate.weight
LINEAR_CPU_BEGIN name=blk.58.ffn_gate.weight type=12 rows=27648 cols=5120 inputFinite=1 inputBad=18446744073709551615 inputMin=-27.9485893 inputMax=20.1376839
LINEARW name=blk.58.ffn_up.weight rows=27648 cols=5120 type=12
LINEARW_RESULT=CPU_FALLBACK name=blk.58.ffn_up.weight
LINEAR_CPU_BEGIN name=blk.58.ffn_up.weight type=12 rows=27648 cols=5120 inputFinite=1 inputBad=18446744073709551615 inputMin=-27.9485893 inputMax=20.1376839
LINEARW name=blk.58.ffn_down.weight rows=5120 cols=27648 type=14
LINEARW_RESULT=CPU_FALLBACK name=blk.58.ffn_down.weight
LINEAR_CPU_BEGIN name=blk.58.ffn_down.weight type=14 rows=5120 cols=27648 inputFinite=1 inputBad=18446744073709551615 inputMin=-5.771029 inputMax=15.8465014
FWD_LAYER layer=58 DONE
FWD_LAYER layer=59 seqLen=1
FWD_LAYER layer=59 ATTENTION
LINEARW name=blk.59.attn_q.weight rows=5120 cols=5120 type=12
LINEARW_RESULT=CPU_FALLBACK name=blk.59.attn_q.weight
LINEAR_CPU_BEGIN name=blk.59.attn_q.weight type=12 rows=5120 cols=5120 inputFinite=1 inputBad=18446744073709551615 inputMin=-3.36858082 inputMax=6.43745184
LINEARW name=blk.59.attn_k.weight rows=1024 cols=5120 type=12
LINEARW_RESULT=CPU_FALLBACK name=blk.59.attn_k.weight
LINEAR_CPU_BEGIN name=blk.59.attn_k.weight type=12 rows=1024 cols=5120 inputFinite=1 inputBad=18446744073709551615 inputMin=-3.36858082 inputMax=6.43745184
LINEARW name=blk.59.attn_v.weight rows=1024 cols=5120 type=14
LINEARW_RESULT=CPU_FALLBACK name=blk.59.attn_v.weight
LINEAR_CPU_BEGIN name=blk.59.attn_v.weight type=14 rows=1024 cols=5120 inputFinite=1 inputBad=18446744073709551615 inputMin=-3.36858082 inputMax=6.43745184
ROPE layer=59 theta=1000000.0 local=no
LINEARW name=blk.59.attn_output.weight rows=5120 cols=5120 type=12
LINEARW_RESULT=CPU_FALLBACK name=blk.59.attn_output.weight
LINEAR_CPU_BEGIN name=blk.59.attn_output.weight type=12 rows=5120 cols=5120 inputFinite=1 inputBad=18446744073709551615 inputMin=-1.08620107 inputMax=2.24211359
FWD_LAYER layer=59 FFN_ENTER
LINEARW name=blk.59.ffn_gate.weight rows=27648 cols=5120 type=12
LINEARW_RESULT=CPU_FALLBACK name=blk.59.ffn_gate.weight
LINEAR_CPU_BEGIN name=blk.59.ffn_gate.weight type=12 rows=27648 cols=5120 inputFinite=1 inputBad=18446744073709551615 inputMin=-33.5814819 inputMax=21.7635994
LINEARW name=blk.59.ffn_up.weight rows=27648 cols=5120 type=12
LINEARW_RESULT=CPU_FALLBACK name=blk.59.ffn_up.weight
LINEAR_CPU_BEGIN name=blk.59.ffn_up.weight type=12 rows=27648 cols=5120 inputFinite=1 inputBad=18446744073709551615 inputMin=-33.5814819 inputMax=21.7635994
LINEARW name=blk.59.ffn_down.weight rows=5120 cols=27648 type=14
LINEARW_RESULT=CPU_FALLBACK name=blk.59.ffn_down.weight
LINEAR_CPU_BEGIN name=blk.59.ffn_down.weight type=14 rows=5120 cols=27648 inputFinite=1 inputBad=18446744073709551615 inputMin=-19.9210262 inputMax=18.0316467
FWD_LAYER layer=59 DONE
FWD_LAYER layer=60 seqLen=1
FWD_LAYER layer=60 ATTENTION
LINEARW name=blk.60.attn_q.weight rows=5120 cols=5120 type=12
LINEARW_RESULT=CPU_FALLBACK name=blk.60.attn_q.weight
LINEAR_CPU_BEGIN name=blk.60.attn_q.weight type=12 rows=5120 cols=5120 inputFinite=1 inputBad=18446744073709551615 inputMin=-3.93838429 inputMax=5.32115507
LINEARW name=blk.60.attn_k.weight rows=1024 cols=5120 type=12
LINEARW_RESULT=CPU_FALLBACK name=blk.60.attn_k.weight
LINEAR_CPU_BEGIN name=blk.60.attn_k.weight type=12 rows=1024 cols=5120 inputFinite=1 inputBad=18446744073709551615 inputMin=-3.93838429 inputMax=5.32115507
LINEARW name=blk.60.attn_v.weight rows=1024 cols=5120 type=14
LINEARW_RESULT=CPU_FALLBACK name=blk.60.attn_v.weight
LINEAR_CPU_BEGIN name=blk.60.attn_v.weight type=14 rows=1024 cols=5120 inputFinite=1 inputBad=18446744073709551615 inputMin=-3.93838429 inputMax=5.32115507
ROPE layer=60 theta=1000000.0 local=no
LINEARW name=blk.60.attn_output.weight rows=5120 cols=5120 type=12
LINEARW_RESULT=CPU_FALLBACK name=blk.60.attn_output.weight
LINEAR_CPU_BEGIN name=blk.60.attn_output.weight type=12 rows=5120 cols=5120 inputFinite=1 inputBad=18446744073709551615 inputMin=-3.73395205 inputMax=3.97471333
FWD_LAYER layer=60 FFN_ENTER
LINEARW name=blk.60.ffn_gate.weight rows=27648 cols=5120 type=12
LINEARW_RESULT=CPU_FALLBACK name=blk.60.ffn_gate.weight
LINEAR_CPU_BEGIN name=blk.60.ffn_gate.weight type=12 rows=27648 cols=5120 inputFinite=1 inputBad=18446744073709551615 inputMin=-54.3565025 inputMax=27.1576786
LINEARW name=blk.60.ffn_up.weight rows=27648 cols=5120 type=12
LINEARW_RESULT=CPU_FALLBACK name=blk.60.ffn_up.weight
LINEAR_CPU_BEGIN name=blk.60.ffn_up.weight type=12 rows=27648 cols=5120 inputFinite=1 inputBad=18446744073709551615 inputMin=-54.3565025 inputMax=27.1576786
LINEARW name=blk.60.ffn_down.weight rows=5120 cols=27648 type=14
LINEARW_RESULT=CPU_FALLBACK name=blk.60.ffn_down.weight
LINEAR_CPU_BEGIN name=blk.60.ffn_down.weight type=14 rows=5120 cols=27648 inputFinite=1 inputBad=18446744073709551615 inputMin=-873.76825 inputMax=85.8779144
FWD_LAYER layer=60 DONE
FWD_LAYER layer=61 seqLen=1
FWD_LAYER layer=61 ATTENTION
LINEARW name=blk.61.attn_q.weight rows=5120 cols=5120 type=12
LINEARW_RESULT=CPU_FALLBACK name=blk.61.attn_q.weight
LINEAR_CPU_BEGIN name=blk.61.attn_q.weight type=12 rows=5120 cols=5120 inputFinite=1 inputBad=18446744073709551615 inputMin=-4.26841784 inputMax=5.39141464
LINEARW name=blk.61.attn_k.weight rows=1024 cols=5120 type=12
LINEARW_RESULT=CPU_FALLBACK name=blk.61.attn_k.weight
LINEAR_CPU_BEGIN name=blk.61.attn_k.weight type=12 rows=1024 cols=5120 inputFinite=1 inputBad=18446744073709551615 inputMin=-4.26841784 inputMax=5.39141464
LINEARW name=blk.61.attn_v.weight rows=1024 cols=5120 type=14
LINEARW_RESULT=CPU_FALLBACK name=blk.61.attn_v.weight
LINEAR_CPU_BEGIN name=blk.61.attn_v.weight type=14 rows=1024 cols=5120 inputFinite=1 inputBad=18446744073709551615 inputMin=-4.26841784 inputMax=5.39141464
ROPE layer=61 theta=1000000.0 local=no
LINEARW name=blk.61.attn_output.weight rows=5120 cols=5120 type=12
LINEARW_RESULT=CPU_FALLBACK name=blk.61.attn_output.weight
LINEAR_CPU_BEGIN name=blk.61.attn_output.weight type=12 rows=5120 cols=5120 inputFinite=1 inputBad=18446744073709551615 inputMin=-4.63380432 inputMax=3.8910172
FWD_LAYER layer=61 FFN_ENTER
LINEARW name=blk.61.ffn_gate.weight rows=27648 cols=5120 type=12
LINEARW_RESULT=CPU_FALLBACK name=blk.61.ffn_gate.weight
LINEAR_CPU_BEGIN name=blk.61.ffn_gate.weight type=12 rows=27648 cols=5120 inputFinite=1 inputBad=18446744073709551615 inputMin=-58.7452812 inputMax=21.8614788
LINEARW name=blk.61.ffn_up.weight rows=27648 cols=5120 type=12
LINEARW_RESULT=CPU_FALLBACK name=blk.61.ffn_up.weight
LINEAR_CPU_BEGIN name=blk.61.ffn_up.weight type=12 rows=27648 cols=5120 inputFinite=1 inputBad=18446744073709551615 inputMin=-58.7452812 inputMax=21.8614788
LINEARW name=blk.61.ffn_down.weight rows=5120 cols=27648 type=14
LINEARW_RESULT=CPU_FALLBACK name=blk.61.ffn_down.weight
LINEAR_CPU_BEGIN name=blk.61.ffn_down.weight type=14 rows=5120 cols=27648 inputFinite=1 inputBad=18446744073709551615 inputMin=-58.9367218 inputMax=118.707672
FWD_LAYER layer=61 DONE
FWD_LAYER layer=62 seqLen=1
FWD_LAYER layer=62 ATTENTION
LINEARW name=blk.62.attn_q.weight rows=5120 cols=5120 type=12
LINEARW_RESULT=CPU_FALLBACK name=blk.62.attn_q.weight
LINEAR_CPU_BEGIN name=blk.62.attn_q.weight type=12 rows=5120 cols=5120 inputFinite=1 inputBad=18446744073709551615 inputMin=-5.18105221 inputMax=7.21265411
LINEARW name=blk.62.attn_k.weight rows=1024 cols=5120 type=12
LINEARW_RESULT=CPU_FALLBACK name=blk.62.attn_k.weight
LINEAR_CPU_BEGIN name=blk.62.attn_k.weight type=12 rows=1024 cols=5120 inputFinite=1 inputBad=18446744073709551615 inputMin=-5.18105221 inputMax=7.21265411
LINEARW name=blk.62.attn_v.weight rows=1024 cols=5120 type=14
LINEARW_RESULT=CPU_FALLBACK name=blk.62.attn_v.weight
LINEAR_CPU_BEGIN name=blk.62.attn_v.weight type=14 rows=1024 cols=5120 inputFinite=1 inputBad=18446744073709551615 inputMin=-5.18105221 inputMax=7.21265411
ROPE layer=62 theta=1000000.0 local=no
LINEARW name=blk.62.attn_output.weight rows=5120 cols=5120 type=12
LINEARW_RESULT=CPU_FALLBACK name=blk.62.attn_output.weight
LINEAR_CPU_BEGIN name=blk.62.attn_output.weight type=12 rows=5120 cols=5120 inputFinite=1 inputBad=18446744073709551615 inputMin=-2.10323882 inputMax=6.67565107
FWD_LAYER layer=62 FFN_ENTER
LINEARW name=blk.62.ffn_gate.weight rows=27648 cols=5120 type=12
LINEARW_RESULT=CPU_FALLBACK name=blk.62.ffn_gate.weight
LINEAR_CPU_BEGIN name=blk.62.ffn_gate.weight type=12 rows=27648 cols=5120 inputFinite=1 inputBad=18446744073709551615 inputMin=-113.786835 inputMax=24.570406
LINEARW name=blk.62.ffn_up.weight rows=27648 cols=5120 type=12
LINEARW_RESULT=CPU_FALLBACK name=blk.62.ffn_up.weight
LINEAR_CPU_BEGIN name=blk.62.ffn_up.weight type=12 rows=27648 cols=5120 inputFinite=1 inputBad=18446744073709551615 inputMin=-113.786835 inputMax=24.570406
LINEARW name=blk.62.ffn_down.weight rows=5120 cols=27648 type=14
LINEARW_RESULT=CPU_FALLBACK name=blk.62.ffn_down.weight
LINEAR_CPU_BEGIN name=blk.62.ffn_down.weight type=14 rows=5120 cols=27648 inputFinite=1 inputBad=18446744073709551615 inputMin=-268.97644 inputMax=208.178482
FWD_LAYER layer=62 DONE
FWD_LAYER layer=63 seqLen=1
FWD_LAYER layer=63 ATTENTION
LINEARW name=blk.63.attn_q.weight rows=5120 cols=5120 type=12
LINEARW_RESULT=CPU_FALLBACK name=blk.63.attn_q.weight
LINEAR_CPU_BEGIN name=blk.63.attn_q.weight type=12 rows=5120 cols=5120 inputFinite=1 inputBad=18446744073709551615 inputMin=-67.9855728 inputMax=11.6140299
LINEARW name=blk.63.attn_k.weight rows=1024 cols=5120 type=12
LINEARW_RESULT=CPU_FALLBACK name=blk.63.attn_k.weight
LINEAR_CPU_BEGIN name=blk.63.attn_k.weight type=12 rows=1024 cols=5120 inputFinite=1 inputBad=18446744073709551615 inputMin=-67.9855728 inputMax=11.6140299
LINEARW name=blk.63.attn_v.weight rows=1024 cols=5120 type=14
LINEARW_RESULT=CPU_FALLBACK name=blk.63.attn_v.weight
LINEAR_CPU_BEGIN name=blk.63.attn_v.weight type=14 rows=1024 cols=5120 inputFinite=1 inputBad=18446744073709551615 inputMin=-67.9855728 inputMax=11.6140299
ROPE layer=63 theta=1000000.0 local=no
LINEARW name=blk.63.attn_output.weight rows=5120 cols=5120 type=12
LINEARW_RESULT=CPU_FALLBACK name=blk.63.attn_output.weight
LINEAR_CPU_BEGIN name=blk.63.attn_output.weight type=12 rows=5120 cols=5120 inputFinite=1 inputBad=18446744073709551615 inputMin=-15.8379154 inputMax=15.843749
FWD_LAYER layer=63 FFN_ENTER
LINEARW name=blk.63.ffn_gate.weight rows=27648 cols=5120 type=12
LINEARW_RESULT=CPU_FALLBACK name=blk.63.ffn_gate.weight
LINEAR_CPU_BEGIN name=blk.63.ffn_gate.weight type=12 rows=27648 cols=5120 inputFinite=1 inputBad=18446744073709551615 inputMin=-23.1377373 inputMax=20.6524105
LINEARW name=blk.63.ffn_up.weight rows=27648 cols=5120 type=12
LINEARW_RESULT=CPU_FALLBACK name=blk.63.ffn_up.weight
LINEAR_CPU_BEGIN name=blk.63.ffn_up.weight type=12 rows=27648 cols=5120 inputFinite=1 inputBad=18446744073709551615 inputMin=-23.1377373 inputMax=20.6524105
LINEARW name=blk.63.ffn_down.weight rows=5120 cols=27648 type=14
LINEARW_RESULT=CPU_FALLBACK name=blk.63.ffn_down.weight
LINEAR_CPU_BEGIN name=blk.63.ffn_down.weight type=14 rows=5120 cols=27648 inputFinite=1 inputBad=18446744073709551615 inputMin=-83.2170181 inputMax=82.2549362
FWD_LAYER layer=63 DONE
[FWD_ALL] seqLen=2 numLayers=64 isMoE=0 useMLA=0 vulkan=0/0
FWD_LAYER layer=0 seqLen=2
FWD_LAYER layer=0 ATTENTION
LINEARW name=blk.0.attn_q.weight rows=5120 cols=5120 type=12
LINEARW_RESULT=CPU_FALLBACK name=blk.0.attn_q.weight
LINEAR_CPU_BEGIN name=blk.0.attn_q.weight type=12 rows=5120 cols=5120 inputFinite=1 inputBad=18446744073709551615 inputMin=-1.14221644 inputMax=1.30564988
LINEARW name=blk.0.attn_k.weight rows=1024 cols=5120 type=12
LINEARW_RESULT=CPU_FALLBACK name=blk.0.attn_k.weight
LINEAR_CPU_BEGIN name=blk.0.attn_k.weight type=12 rows=1024 cols=5120 inputFinite=1 inputBad=18446744073709551615 inputMin=-1.14221644 inputMax=1.30564988
LINEARW name=blk.0.attn_v.weight rows=1024 cols=5120 type=14
LINEARW_RESULT=CPU_FALLBACK name=blk.0.attn_v.weight
LINEAR_CPU_BEGIN name=blk.0.attn_v.weight type=14 rows=1024 cols=5120 inputFinite=1 inputBad=18446744073709551615 inputMin=-1.14221644 inputMax=1.30564988
ROPE layer=0 theta=1000000.0 local=no
LINEARW name=blk.0.attn_output.weight rows=5120 cols=5120 type=12
LINEARW_RESULT=CPU_FALLBACK name=blk.0.attn_output.weight
LINEAR_CPU_BEGIN name=blk.0.attn_output.weight type=12 rows=5120 cols=5120 inputFinite=1 inputBad=18446744073709551615 inputMin=-1.22478795 inputMax=3.21175861
FWD_LAYER layer=0 FFN_ENTER
LINEARW name=blk.0.ffn_gate.weight rows=27648 cols=5120 type=12
LINEARW_RESULT=CPU_FALLBACK name=blk.0.ffn_gate.weight
LINEAR_CPU_BEGIN name=blk.0.ffn_gate.weight type=12 rows=27648 cols=5120 inputFinite=1 inputBad=18446744073709551615 inputMin=-0.694902897 inputMax=0.674190879
LINEARW name=blk.0.ffn_up.weight rows=27648 cols=5120 type=12
LINEARW_RESULT=CPU_FALLBACK name=blk.0.ffn_up.weight
LINEAR_CPU_BEGIN name=blk.0.ffn_up.weight type=12 rows=27648 cols=5120 inputFinite=1 inputBad=18446744073709551615 inputMin=-0.694902897 inputMax=0.674190879
LINEARW name=blk.0.ffn_down.weight rows=5120 cols=27648 type=14
LINEARW_RESULT=CPU_FALLBACK name=blk.0.ffn_down.weight
LINEAR_CPU_BEGIN name=blk.0.ffn_down.weight type=14 rows=5120 cols=27648 inputFinite=1 inputBad=18446744073709551615 inputMin=-12.4457169 inputMax=1.37635577
FWD_LAYER layer=0 DONE
FWD_LAYER layer=1 seqLen=2
FWD_LAYER layer=1 ATTENTION
LINEARW name=blk.1.attn_q.weight rows=5120 cols=5120 type=12
LINEARW_RESULT=CPU_FALLBACK name=blk.1.attn_q.weight
LINEAR_CPU_BEGIN name=blk.1.attn_q.weight type=12 rows=5120 cols=5120 inputFinite=1 inputBad=18446744073709551615 inputMin=-0.366852671 inputMax=0.905142903
LINEARW name=blk.1.attn_k.weight rows=1024 cols=5120 type=12
LINEARW_RESULT=CPU_FALLBACK name=blk.1.attn_k.weight
LINEAR_CPU_BEGIN name=blk.1.attn_k.weight type=12 rows=1024 cols=5120 inputFinite=1 inputBad=18446744073709551615 inputMin=-0.366852671 inputMax=0.905142903
LINEARW name=blk.1.attn_v.weight rows=1024 cols=5120 type=14
LINEARW_RESULT=CPU_FALLBACK name=blk.1.attn_v.weight
LINEAR_CPU_BEGIN name=blk.1.attn_v.weight type=14 rows=1024 cols=5120 inputFinite=1 inputBad=18446744073709551615 inputMin=-0.366852671 inputMax=0.905142903
ROPE layer=1 theta=1000000.0 local=no
LINEARW name=blk.1.attn_output.weight rows=5120 cols=5120 type=12
LINEARW_RESULT=CPU_FALLBACK name=blk.1.attn_output.weight
LINEAR_CPU_BEGIN name=blk.1.attn_output.weight type=12 rows=5120 cols=5120 inputFinite=1 inputBad=18446744073709551615 inputMin=-0.908434808 inputMax=0.214022681
FWD_LAYER layer=1 FFN_ENTER
LINEARW name=blk.1.ffn_gate.weight rows=27648 cols=5120 type=12
LINEARW_RESULT=CPU_FALLBACK name=blk.1.ffn_gate.weight
LINEAR_CPU_BEGIN name=blk.1.ffn_gate.weight type=12 rows=27648 cols=5120 inputFinite=1 inputBad=18446744073709551615 inputMin=-6.62057781 inputMax=27.0955772
LINEARW name=blk.1.ffn_up.weight rows=27648 cols=5120 type=12
LINEARW_RESULT=CPU_FALLBACK name=blk.1.ffn_up.weight
LINEAR_CPU_BEGIN name=blk.1.ffn_up.weight type=12 rows=27648 cols=5120 inputFinite=1 inputBad=18446744073709551615 inputMin=-6.62057781 inputMax=27.0955772
LINEARW name=blk.1.ffn_down.weight rows=5120 cols=27648 type=14
LINEARW_RESULT=CPU_FALLBACK name=blk.1.ffn_down.weight
LINEAR_CPU_BEGIN name=blk.1.ffn_down.weight type=14 rows=5120 cols=27648 inputFinite=1 inputBad=18446744073709551615 inputMin=-1.05631602 inputMax=2.19880652
FWD_LAYER layer=1 DONE
FWD_LAYER layer=2 seqLen=2
FWD_LAYER layer=2 ATTENTION
LINEARW name=blk.2.attn_q.weight rows=5120 cols=5120 type=12
LINEARW_RESULT=CPU_FALLBACK name=blk.2.attn_q.weight
LINEAR_CPU_BEGIN name=blk.2.attn_q.weight type=12 rows=5120 cols=5120 inputFinite=1 inputBad=18446744073709551615 inputMin=-0.90057224 inputMax=1.28945899
LINEARW name=blk.2.attn_k.weight rows=1024 cols=5120 type=12
LINEARW_RESULT=CPU_FALLBACK name=blk.2.attn_k.weight
LINEAR_CPU_BEGIN name=blk.2.attn_k.weight type=12 rows=1024 cols=5120 inputFinite=1 inputBad=18446744073709551615 inputMin=-0.90057224 inputMax=1.28945899
LINEARW name=blk.2.attn_v.weight rows=1024 cols=5120 type=14
LINEARW_RESULT=CPU_FALLBACK name=blk.2.attn_v.weight
LINEAR_CPU_BEGIN name=blk.2.attn_v.weight type=14 rows=1024 cols=5120 inputFinite=1 inputBad=18446744073709551615 inputMin=-0.90057224 inputMax=1.28945899
ROPE layer=2 theta=1000000.0 local=no
LINEARW name=blk.2.attn_output.weight rows=5120 cols=5120 type=12
LINEARW_RESULT=CPU_FALLBACK name=blk.2.attn_output.weight
LINEAR_CPU_BEGIN name=blk.2.attn_output.weight type=12 rows=5120 cols=5120 inputFinite=1 inputBad=18446744073709551615 inputMin=-0.607621551 inputMax=0.626306653
FWD_LAYER layer=2 FFN_ENTER
LINEARW name=blk.2.ffn_gate.weight rows=27648 cols=5120 type=12
LINEARW_RESULT=CPU_FALLBACK name=blk.2.ffn_gate.weight
LINEAR_CPU_BEGIN name=blk.2.ffn_gate.weight type=12 rows=27648 cols=5120 inputFinite=1 inputBad=18446744073709551615 inputMin=-3.59491396 inputMax=6.10848808
LINEARW name=blk.2.ffn_up.weight rows=27648 cols=5120 type=12
LINEARW_RESULT=CPU_FALLBACK name=blk.2.ffn_up.weight
LINEAR_CPU_BEGIN name=blk.2.ffn_up.weight type=12 rows=27648 cols=5120 inputFinite=1 inputBad=18446744073709551615 inputMin=-3.59491396 inputMax=6.10848808
LINEARW name=blk.2.ffn_down.weight rows=5120 cols=27648 type=14
LINEARW_RESULT=CPU_FALLBACK name=blk.2.ffn_down.weight
LINEAR_CPU_BEGIN name=blk.2.ffn_down.weight type=14 rows=5120 cols=27648 inputFinite=1 inputBad=18446744073709551615 inputMin=-1.18442905 inputMax=0.847716272
FWD_LAYER layer=2 DONE
FWD_LAYER layer=3 seqLen=2
FWD_LAYER layer=3 ATTENTION
LINEARW name=blk.3.attn_q.weight rows=5120 cols=5120 type=12
LINEARW_RESULT=CPU_FALLBACK name=blk.3.attn_q.weight
LINEAR_CPU_BEGIN name=blk.3.attn_q.weight type=12 rows=5120 cols=5120 inputFinite=1 inputBad=18446744073709551615 inputMin=-1.3538034 inputMax=1.43241346
LINEARW name=blk.3.attn_k.weight rows=1024 cols=5120 type=12
LINEARW_RESULT=CPU_FALLBACK name=blk.3.attn_k.weight
LINEAR_CPU_BEGIN name=blk.3.attn_k.weight type=12 rows=1024 cols=5120 inputFinite=1 inputBad=18446744073709551615 inputMin=-1.3538034 inputMax=1.43241346
LINEARW name=blk.3.attn_v.weight rows=1024 cols=5120 type=14
LINEARW_RESULT=CPU_FALLBACK name=blk.3.attn_v.weight
LINEAR_CPU_BEGIN name=blk.3.attn_v.weight type=14 rows=1024 cols=5120 inputFinite=1 inputBad=18446744073709551615 inputMin=-1.3538034 inputMax=1.43241346
ROPE layer=3 theta=1000000.0 local=no
LINEARW name=blk.3.attn_output.weight rows=5120 cols=5120 type=12
LINEARW_RESULT=CPU_FALLBACK name=blk.3.attn_output.weight
LINEAR_CPU_BEGIN name=blk.3.attn_output.weight type=12 rows=5120 cols=5120 inputFinite=1 inputBad=18446744073709551615 inputMin=-0.886729658 inputMax=1.22948003
FWD_LAYER layer=3 FFN_ENTER
LINEARW name=blk.3.ffn_gate.weight rows=27648 cols=5120 type=12
LINEARW_RESULT=CPU_FALLBACK name=blk.3.ffn_gate.weight
LINEAR_CPU_BEGIN name=blk.3.ffn_gate.weight type=12 rows=27648 cols=5120 inputFinite=1 inputBad=18446744073709551615 inputMin=-4.00458002 inputMax=4.81857538
LINEARW name=blk.3.ffn_up.weight rows=27648 cols=5120 type=12
LINEARW_RESULT=CPU_FALLBACK name=blk.3.ffn_up.weight
LINEAR_CPU_BEGIN name=blk.3.ffn_up.weight type=12 rows=27648 cols=5120 inputFinite=1 inputBad=18446744073709551615 inputMin=-4.00458002 inputMax=4.81857538
LINEARW name=blk.3.ffn_down.weight rows=5120 cols=27648 type=14
LINEARW_RESULT=CPU_FALLBACK name=blk.3.ffn_down.weight
LINEAR_CPU_BEGIN name=blk.3.ffn_down.weight type=14 rows=5120 cols=27648 inputFinite=1 inputBad=18446744073709551615 inputMin=-3.44920421 inputMax=2.39341354
FWD_LAYER layer=3 DONE
FWD_LAYER layer=4 seqLen=2
FWD_LAYER layer=4 ATTENTION
LINEARW name=blk.4.attn_q.weight rows=5120 cols=5120 type=12
LINEARW_RESULT=CPU_FALLBACK name=blk.4.attn_q.weight
LINEAR_CPU_BEGIN name=blk.4.attn_q.weight type=12 rows=5120 cols=5120 inputFinite=1 inputBad=18446744073709551615 inputMin=-1.02514815 inputMax=1.56696188
LINEARW name=blk.4.attn_k.weight rows=1024 cols=5120 type=12
LINEARW_RESULT=CPU_FALLBACK name=blk.4.attn_k.weight
LINEAR_CPU_BEGIN name=blk.4.attn_k.weight type=12 rows=1024 cols=5120 inputFinite=1 inputBad=18446744073709551615 inputMin=-1.02514815 inputMax=1.56696188
LINEARW name=blk.4.attn_v.weight rows=1024 cols=5120 type=14
LINEARW_RESULT=CPU_FALLBACK name=blk.4.attn_v.weight
LINEAR_CPU_BEGIN name=blk.4.attn_v.weight type=14 rows=1024 cols=5120 inputFinite=1 inputBad=18446744073709551615 inputMin=-1.02514815 inputMax=1.56696188
ROPE layer=4 theta=1000000.0 local=no
LINEARW name=blk.4.attn_output.weight rows=5120 cols=5120 type=12
LINEARW_RESULT=CPU_FALLBACK name=blk.4.attn_output.weight
LINEAR_CPU_BEGIN name=blk.4.attn_output.weight type=12 rows=5120 cols=5120 inputFinite=1 inputBad=18446744073709551615 inputMin=-1.03940439 inputMax=1.02219844
FWD_LAYER layer=4 FFN_ENTER
LINEARW name=blk.4.ffn_gate.weight rows=27648 cols=5120 type=12
LINEARW_RESULT=CPU_FALLBACK name=blk.4.ffn_gate.weight
LINEAR_CPU_BEGIN name=blk.4.ffn_gate.weight type=12 rows=27648 cols=5120 inputFinite=1 inputBad=18446744073709551615 inputMin=-4.73215342 inputMax=5.29708576
LINEARW name=blk.4.ffn_up.weight rows=27648 cols=5120 type=12
LINEARW_RESULT=CPU_FALLBACK name=blk.4.ffn_up.weight
LINEAR_CPU_BEGIN name=blk.4.ffn_up.weight type=12 rows=27648 cols=5120 inputFinite=1 inputBad=18446744073709551615 inputMin=-4.73215342 inputMax=5.29708576
LINEARW name=blk.4.ffn_down.weight rows=5120 cols=27648 type=14
LINEARW_RESULT=CPU_FALLBACK name=blk.4.ffn_down.weight
LINEAR_CPU_BEGIN name=blk.4.ffn_down.weight type=14 rows=5120 cols=27648 inputFinite=1 inputBad=18446744073709551615 inputMin=-2.44705272 inputMax=18.2246723
FWD_LAYER layer=4 DONE
FWD_LAYER layer=5 seqLen=2
FWD_LAYER layer=5 ATTENTION
LINEARW name=blk.5.attn_q.weight rows=5120 cols=5120 type=12
LINEARW_RESULT=CPU_FALLBACK name=blk.5.attn_q.weight
LINEAR_CPU_BEGIN name=blk.5.attn_q.weight type=12 rows=5120 cols=5120 inputFinite=1 inputBad=18446744073709551615 inputMin=-2.64053082 inputMax=2.32905936
LINEARW name=blk.5.attn_k.weight rows=1024 cols=5120 type=12
LINEARW_RESULT=CPU_FALLBACK name=blk.5.attn_k.weight
LINEAR_CPU_BEGIN name=blk.5.attn_k.weight type=12 rows=1024 cols=5120 inputFinite=1 inputBad=18446744073709551615 inputMin=-2.64053082 inputMax=2.32905936
LINEARW name=blk.5.attn_v.weight rows=1024 cols=5120 type=14
LINEARW_RESULT=CPU_FALLBACK name=blk.5.attn_v.weight
LINEAR_CPU_BEGIN name=blk.5.attn_v.weight type=14 rows=1024 cols=5120 inputFinite=1 inputBad=18446744073709551615 inputMin=-2.64053082 inputMax=2.32905936
ROPE layer=5 theta=1000000.0 local=no
LINEARW name=blk.5.attn_output.weight rows=5120 cols=5120 type=12
LINEARW_RESULT=CPU_FALLBACK name=blk.5.attn_output.weight
LINEAR_CPU_BEGIN name=blk.5.attn_output.weight type=12 rows=5120 cols=5120 inputFinite=1 inputBad=18446744073709551615 inputMin=-0.781463683 inputMax=1.07293832
FWD_LAYER layer=5 FFN_ENTER
LINEARW name=blk.5.ffn_gate.weight rows=27648 cols=5120 type=12
LINEARW_RESULT=CPU_FALLBACK name=blk.5.ffn_gate.weight
LINEAR_CPU_BEGIN name=blk.5.ffn_gate.weight type=12 rows=27648 cols=5120 inputFinite=1 inputBad=18446744073709551615 inputMin=-21.626833 inputMax=6.85200787
LINEARW name=blk.5.ffn_up.weight rows=27648 cols=5120 type=12
LINEARW_RESULT=CPU_FALLBACK name=blk.5.ffn_up.weight
LINEAR_CPU_BEGIN name=blk.5.ffn_up.weight type=12 rows=27648 cols=5120 inputFinite=1 inputBad=18446744073709551615 inputMin=-21.626833 inputMax=6.85200787
LINEARW name=blk.5.ffn_down.weight rows=5120 cols=27648 type=14
LINEARW_RESULT=CPU_FALLBACK name=blk.5.ffn_down.weight
LINEAR_CPU_BEGIN name=blk.5.ffn_down.weight type=14 rows=5120 cols=27648 inputFinite=1 inputBad=18446744073709551615 inputMin=-3.51508808 inputMax=8.07368755
FWD_LAYER layer=5 DONE
FWD_LAYER layer=6 seqLen=2
FWD_LAYER layer=6 ATTENTION
LINEARW name=blk.6.attn_q.weight rows=5120 cols=5120 type=12
LINEARW_RESULT=CPU_FALLBACK name=blk.6.attn_q.weight
LINEAR_CPU_BEGIN name=blk.6.attn_q.weight type=12 rows=5120 cols=5120 inputFinite=1 inputBad=18446744073709551615 inputMin=-2.31061482 inputMax=3.35203695
LINEARW name=blk.6.attn_k.weight rows=1024 cols=5120 type=12
LINEARW_RESULT=CPU_FALLBACK name=blk.6.attn_k.weight
LINEAR_CPU_BEGIN name=blk.6.attn_k.weight type=12 rows=1024 cols=5120 inputFinite=1 inputBad=18446744073709551615 inputMin=-2.31061482 inputMax=3.35203695
LINEARW name=blk.6.attn_v.weight rows=1024 cols=5120 type=14
LINEARW_RESULT=CPU_FALLBACK name=blk.6.attn_v.weight
LINEAR_CPU_BEGIN name=blk.6.attn_v.weight type=14 rows=1024 cols=5120 inputFinite=1 inputBad=18446744073709551615 inputMin=-2.31061482 inputMax=3.35203695
ROPE layer=6 theta=1000000.0 local=no
LINEARW name=blk.6.attn_output.weight rows=5120 cols=5120 type=12
LINEARW_RESULT=CPU_FALLBACK name=blk.6.attn_output.weight
LINEAR_CPU_BEGIN name=blk.6.attn_output.weight type=12 rows=5120 cols=5120 inputFinite=1 inputBad=18446744073709551615 inputMin=-0.871638417 inputMax=0.735836565
FWD_LAYER layer=6 FFN_ENTER
LINEARW name=blk.6.ffn_gate.weight rows=27648 cols=5120 type=12
LINEARW_RESULT=CPU_FALLBACK name=blk.6.ffn_gate.weight
LINEAR_CPU_BEGIN name=blk.6.ffn_gate.weight type=12 rows=27648 cols=5120 inputFinite=1 inputBad=18446744073709551615 inputMin=-18.2875233 inputMax=8.32675934
LINEARW name=blk.6.ffn_up.weight rows=27648 cols=5120 type=12
LINEARW_RESULT=CPU_FALLBACK name=blk.6.ffn_up.weight
LINEAR_CPU_BEGIN name=blk.6.ffn_up.weight type=12 rows=27648 cols=5120 inputFinite=1 inputBad=18446744073709551615 inputMin=-18.2875233 inputMax=8.32675934
LINEARW name=blk.6.ffn_down.weight rows=5120 cols=27648 type=14
LINEARW_RESULT=CPU_FALLBACK name=blk.6.ffn_down.weight
LINEAR_CPU_BEGIN name=blk.6.ffn_down.weight type=14 rows=5120 cols=27648 inputFinite=1 inputBad=18446744073709551615 inputMin=-43.4441223 inputMax=6.75309134
FWD_LAYER layer=6 DONE
FWD_LAYER layer=7 seqLen=2
FWD_LAYER layer=7 ATTENTION
LINEARW name=blk.7.attn_q.weight rows=5120 cols=5120 type=12
LINEARW_RESULT=CPU_FALLBACK name=blk.7.attn_q.weight
LINEAR_CPU_BEGIN name=blk.7.attn_q.weight type=12 rows=5120 cols=5120 inputFinite=1 inputBad=18446744073709551615 inputMin=-2.48271942 inputMax=2.22687888
LINEARW name=blk.7.attn_k.weight rows=1024 cols=5120 type=12
LINEARW_RESULT=CPU_FALLBACK name=blk.7.attn_k.weight
LINEAR_CPU_BEGIN name=blk.7.attn_k.weight type=12 rows=1024 cols=5120 inputFinite=1 inputBad=18446744073709551615 inputMin=-2.48271942 inputMax=2.22687888
LINEARW name=blk.7.attn_v.weight rows=1024 cols=5120 type=14
LINEARW_RESULT=CPU_FALLBACK name=blk.7.attn_v.weight
LINEAR_CPU_BEGIN name=blk.7.attn_v.weight type=14 rows=1024 cols=5120 inputFinite=1 inputBad=18446744073709551615 inputMin=-2.48271942 inputMax=2.22687888
ROPE layer=7 theta=1000000.0 local=no
LINEARW name=blk.7.attn_output.weight rows=5120 cols=5120 type=12
LINEARW_RESULT=CPU_FALLBACK name=blk.7.attn_output.weight
LINEAR_CPU_BEGIN name=blk.7.attn_output.weight type=12 rows=5120 cols=5120 inputFinite=1 inputBad=18446744073709551615 inputMin=-0.795037985 inputMax=0.96328795
FWD_LAYER layer=7 FFN_ENTER
LINEARW name=blk.7.ffn_gate.weight rows=27648 cols=5120 type=12
LINEARW_RESULT=CPU_FALLBACK name=blk.7.ffn_gate.weight
LINEAR_CPU_BEGIN name=blk.7.ffn_gate.weight type=12 rows=27648 cols=5120 inputFinite=1 inputBad=18446744073709551615 inputMin=-13.4714994 inputMax=9.67930412
LINEARW name=blk.7.ffn_up.weight rows=27648 cols=5120 type=12
LINEARW_RESULT=CPU_FALLBACK name=blk.7.ffn_up.weight
LINEAR_CPU_BEGIN name=blk.7.ffn_up.weight type=12 rows=27648 cols=5120 inputFinite=1 inputBad=18446744073709551615 inputMin=-13.4714994 inputMax=9.67930412
LINEARW name=blk.7.ffn_down.weight rows=5120 cols=27648 type=14
LINEARW_RESULT=CPU_FALLBACK name=blk.7.ffn_down.weight
LINEAR_CPU_BEGIN name=blk.7.ffn_down.weight type=14 rows=5120 cols=27648 inputFinite=1 inputBad=18446744073709551615 inputMin=-9.63186264 inputMax=5.47580862
FWD_LAYER layer=7 DONE
FWD_LAYER layer=8 seqLen=2
FWD_LAYER layer=8 ATTENTION
LINEARW name=blk.8.attn_q.weight rows=5120 cols=5120 type=12
LINEARW_RESULT=CPU_FALLBACK name=blk.8.attn_q.weight
LINEAR_CPU_BEGIN name=blk.8.attn_q.weight type=12 rows=5120 cols=5120 inputFinite=1 inputBad=18446744073709551615 inputMin=-5.00352812 inputMax=3.19088721
LINEARW name=blk.8.attn_k.weight rows=1024 cols=5120 type=12
LINEARW_RESULT=CPU_FALLBACK name=blk.8.attn_k.weight
LINEAR_CPU_BEGIN name=blk.8.attn_k.weight type=12 rows=1024 cols=5120 inputFinite=1 inputBad=18446744073709551615 inputMin=-5.00352812 inputMax=3.19088721
LINEARW name=blk.8.attn_v.weight rows=1024 cols=5120 type=12
LINEARW_RESULT=CPU_FALLBACK name=blk.8.attn_v.weight
LINEAR_CPU_BEGIN name=blk.8.attn_v.weight type=12 rows=1024 cols=5120 inputFinite=1 inputBad=18446744073709551615 inputMin=-5.00352812 inputMax=3.19088721
ROPE layer=8 theta=1000000.0 local=no
LINEARW name=blk.8.attn_output.weight rows=5120 cols=5120 type=12
LINEARW_RESULT=CPU_FALLBACK name=blk.8.attn_output.weight
LINEAR_CPU_BEGIN name=blk.8.attn_output.weight type=12 rows=5120 cols=5120 inputFinite=1 inputBad=18446744073709551615 inputMin=-1.52543616 inputMax=1.02956295
FWD_LAYER layer=8 FFN_ENTER
LINEARW name=blk.8.ffn_gate.weight rows=27648 cols=5120 type=12
LINEARW_RESULT=CPU_FALLBACK name=blk.8.ffn_gate.weight
LINEAR_CPU_BEGIN name=blk.8.ffn_gate.weight type=12 rows=27648 cols=5120 inputFinite=1 inputBad=18446744073709551615 inputMin=-10.8765211 inputMax=6.12013912
LINEARW name=blk.8.ffn_up.weight rows=27648 cols=5120 type=12
LINEARW_RESULT=CPU_FALLBACK name=blk.8.ffn_up.weight
LINEAR_CPU_BEGIN name=blk.8.ffn_up.weight type=12 rows=27648 cols=5120 inputFinite=1 inputBad=18446744073709551615 inputMin=-10.8765211 inputMax=6.12013912
LINEARW name=blk.8.ffn_down.weight rows=5120 cols=27648 type=12
LINEARW_RESULT=CPU_FALLBACK name=blk.8.ffn_down.weight
LINEAR_CPU_BEGIN name=blk.8.ffn_down.weight type=12 rows=5120 cols=27648 inputFinite=1 inputBad=18446744073709551615 inputMin=-17.1204929 inputMax=16.0500393
FWD_LAYER layer=8 DONE
FWD_LAYER layer=9 seqLen=2
FWD_LAYER layer=9 ATTENTION
LINEARW name=blk.9.attn_q.weight rows=5120 cols=5120 type=12
LINEARW_RESULT=CPU_FALLBACK name=blk.9.attn_q.weight
LINEAR_CPU_BEGIN name=blk.9.attn_q.weight type=12 rows=5120 cols=5120 inputFinite=1 inputBad=18446744073709551615 inputMin=-3.25830412 inputMax=2.4789722
LINEARW name=blk.9.attn_k.weight rows=1024 cols=5120 type=12
LINEARW_RESULT=CPU_FALLBACK name=blk.9.attn_k.weight
LINEAR_CPU_BEGIN name=blk.9.attn_k.weight type=12 rows=1024 cols=5120 inputFinite=1 inputBad=18446744073709551615 inputMin=-3.25830412 inputMax=2.4789722
LINEARW name=blk.9.attn_v.weight rows=1024 cols=5120 type=12
LINEARW_RESULT=CPU_FALLBACK name=blk.9.attn_v.weight
LINEAR_CPU_BEGIN name=blk.9.attn_v.weight type=12 rows=1024 cols=5120 inputFinite=1 inputBad=18446744073709551615 inputMin=-3.25830412 inputMax=2.4789722
ROPE layer=9 theta=1000000.0 local=no
LINEARW name=blk.9.attn_output.weight rows=5120 cols=5120 type=12
LINEARW_RESULT=CPU_FALLBACK name=blk.9.attn_output.weight
LINEAR_CPU_BEGIN name=blk.9.attn_output.weight type=12 rows=5120 cols=5120 inputFinite=1 inputBad=18446744073709551615 inputMin=-1.64271915 inputMax=1.43761575
FWD_LAYER layer=9 FFN_ENTER
LINEARW name=blk.9.ffn_gate.weight rows=27648 cols=5120 type=12
LINEARW_RESULT=CPU_FALLBACK name=blk.9.ffn_gate.weight
LINEAR_CPU_BEGIN name=blk.9.ffn_gate.weight type=12 rows=27648 cols=5120 inputFinite=1 inputBad=18446744073709551615 inputMin=-1.31657922 inputMax=1.1725558
LINEARW name=blk.9.ffn_up.weight rows=27648 cols=5120 type=12
LINEARW_RESULT=CPU_FALLBACK name=blk.9.ffn_up.weight
LINEAR_CPU_BEGIN name=blk.9.ffn_up.weight type=12 rows=27648 cols=5120 inputFinite=1 inputBad=18446744073709551615 inputMin=-1.31657922 inputMax=1.1725558
LINEARW name=blk.9.ffn_down.weight rows=5120 cols=27648 type=12
LINEARW_RESULT=CPU_FALLBACK name=blk.9.ffn_down.weight
LINEAR_CPU_BEGIN name=blk.9.ffn_down.weight type=12 rows=5120 cols=27648 inputFinite=1 inputBad=18446744073709551615 inputMin=-11.0407839 inputMax=8.9645462
FWD_LAYER layer=9 DONE
FWD_LAYER layer=10 seqLen=2
FWD_LAYER layer=10 ATTENTION
LINEARW name=blk.10.attn_q.weight rows=5120 cols=5120 type=12
LINEARW_RESULT=CPU_FALLBACK name=blk.10.attn_q.weight
LINEAR_CPU_BEGIN name=blk.10.attn_q.weight type=12 rows=5120 cols=5120 inputFinite=1 inputBad=18446744073709551615 inputMin=-3.70217299 inputMax=2.60646582
LINEARW name=blk.10.attn_k.weight rows=1024 cols=5120 type=12
LINEARW_RESULT=CPU_FALLBACK name=blk.10.attn_k.weight
LINEAR_CPU_BEGIN name=blk.10.attn_k.weight type=12 rows=1024 cols=5120 inputFinite=1 inputBad=18446744073709551615 inputMin=-3.70217299 inputMax=2.60646582
LINEARW name=blk.10.attn_v.weight rows=1024 cols=5120 type=14
LINEARW_RESULT=CPU_FALLBACK name=blk.10.attn_v.weight
LINEAR_CPU_BEGIN name=blk.10.attn_v.weight type=14 rows=1024 cols=5120 inputFinite=1 inputBad=18446744073709551615 inputMin=-3.70217299 inputMax=2.60646582
ROPE layer=10 theta=1000000.0 local=no
LINEARW name=blk.10.attn_output.weight rows=5120 cols=5120 type=12
LINEARW_RESULT=CPU_FALLBACK name=blk.10.attn_output.weight
LINEAR_CPU_BEGIN name=blk.10.attn_output.weight type=12 rows=5120 cols=5120 inputFinite=1 inputBad=18446744073709551615 inputMin=-0.890174031 inputMax=1.49616385
FWD_LAYER layer=10 FFN_ENTER
LINEARW name=blk.10.ffn_gate.weight rows=27648 cols=5120 type=12
LINEARW_RESULT=CPU_FALLBACK name=blk.10.ffn_gate.weight
LINEAR_CPU_BEGIN name=blk.10.ffn_gate.weight type=12 rows=27648 cols=5120 inputFinite=1 inputBad=18446744073709551615 inputMin=-1.17780006 inputMax=1.32199466
LINEARW name=blk.10.ffn_up.weight rows=27648 cols=5120 type=12
LINEARW_RESULT=CPU_FALLBACK name=blk.10.ffn_up.weight
LINEAR_CPU_BEGIN name=blk.10.ffn_up.weight type=12 rows=27648 cols=5120 inputFinite=1 inputBad=18446744073709551615 inputMin=-1.17780006 inputMax=1.32199466
LINEARW name=blk.10.ffn_down.weight rows=5120 cols=27648 type=14
LINEARW_RESULT=CPU_FALLBACK name=blk.10.ffn_down.weight
LINEAR_CPU_BEGIN name=blk.10.ffn_down.weight type=14 rows=5120 cols=27648 inputFinite=1 inputBad=18446744073709551615 inputMin=-3.90572739 inputMax=4.32244015
FWD_LAYER layer=10 DONE
FWD_LAYER layer=11 seqLen=2
FWD_LAYER layer=11 ATTENTION
LINEARW name=blk.11.attn_q.weight rows=5120 cols=5120 type=12
LINEARW_RESULT=CPU_FALLBACK name=blk.11.attn_q.weight
LINEAR_CPU_BEGIN name=blk.11.attn_q.weight type=12 rows=5120 cols=5120 inputFinite=1 inputBad=18446744073709551615 inputMin=-4.59521008 inputMax=3.61435199
LINEARW name=blk.11.attn_k.weight rows=1024 cols=5120 type=12
LINEARW_RESULT=CPU_FALLBACK name=blk.11.attn_k.weight
LINEAR_CPU_BEGIN name=blk.11.attn_k.weight type=12 rows=1024 cols=5120 inputFinite=1 inputBad=18446744073709551615 inputMin=-4.59521008 inputMax=3.61435199
LINEARW name=blk.11.attn_v.weight rows=1024 cols=5120 type=12
LINEARW_RESULT=CPU_FALLBACK name=blk.11.attn_v.weight
LINEAR_CPU_BEGIN name=blk.11.attn_v.weight type=12 rows=1024 cols=5120 inputFinite=1 inputBad=18446744073709551615 inputMin=-4.59521008 inputMax=3.61435199
ROPE layer=11 theta=1000000.0 local=no
LINEARW name=blk.11.attn_output.weight rows=5120 cols=5120 type=12
LINEARW_RESULT=CPU_FALLBACK name=blk.11.attn_output.weight
LINEAR_CPU_BEGIN name=blk.11.attn_output.weight type=12 rows=5120 cols=5120 inputFinite=1 inputBad=18446744073709551615 inputMin=-1.17391288 inputMax=1.80646896
FWD_LAYER layer=11 FFN_ENTER
LINEARW name=blk.11.ffn_gate.weight rows=27648 cols=5120 type=12
LINEARW_RESULT=CPU_FALLBACK name=blk.11.ffn_gate.weight
LINEAR_CPU_BEGIN name=blk.11.ffn_gate.weight type=12 rows=27648 cols=5120 inputFinite=1 inputBad=18446744073709551615 inputMin=-1.23583579 inputMax=9.15644455
LINEARW name=blk.11.ffn_up.weight rows=27648 cols=5120 type=12
LINEARW_RESULT=CPU_FALLBACK name=blk.11.ffn_up.weight
LINEAR_CPU_BEGIN name=blk.11.ffn_up.weight type=12 rows=27648 cols=5120 inputFinite=1 inputBad=18446744073709551615 inputMin=-1.23583579 inputMax=9.15644455
LINEARW name=blk.11.ffn_down.weight rows=5120 cols=27648 type=12
LINEARW_RESULT=CPU_FALLBACK name=blk.11.ffn_down.weight
LINEAR_CPU_BEGIN name=blk.11.ffn_down.weight type=12 rows=5120 cols=27648 inputFinite=1 inputBad=18446744073709551615 inputMin=-7.30703592 inputMax=3.4194262
FWD_LAYER layer=11 DONE
FWD_LAYER layer=12 seqLen=2
FWD_LAYER layer=12 ATTENTION
LINEARW name=blk.12.attn_q.weight rows=5120 cols=5120 type=12
LINEARW_RESULT=CPU_FALLBACK name=blk.12.attn_q.weight
LINEAR_CPU_BEGIN name=blk.12.attn_q.weight type=12 rows=5120 cols=5120 inputFinite=1 inputBad=18446744073709551615 inputMin=-4.68447542 inputMax=3.52505565
LINEARW name=blk.12.attn_k.weight rows=1024 cols=5120 type=12
LINEARW_RESULT=CPU_FALLBACK name=blk.12.attn_k.weight
LINEAR_CPU_BEGIN name=blk.12.attn_k.weight type=12 rows=1024 cols=5120 inputFinite=1 inputBad=18446744073709551615 inputMin=-4.68447542 inputMax=3.52505565
LINEARW name=blk.12.attn_v.weight rows=1024 cols=5120 type=12
LINEARW_RESULT=CPU_FALLBACK name=blk.12.attn_v.weight
LINEAR_CPU_BEGIN name=blk.12.attn_v.weight type=12 rows=1024 cols=5120 inputFinite=1 inputBad=18446744073709551615 inputMin=-4.68447542 inputMax=3.52505565
ROPE layer=12 theta=1000000.0 local=no
LINEARW name=blk.12.attn_output.weight rows=5120 cols=5120 type=12
LINEARW_RESULT=CPU_FALLBACK name=blk.12.attn_output.weight
LINEAR_CPU_BEGIN name=blk.12.attn_output.weight type=12 rows=5120 cols=5120 inputFinite=1 inputBad=18446744073709551615 inputMin=-0.623311281 inputMax=0.571010113
FWD_LAYER layer=12 FFN_ENTER
LINEARW name=blk.12.ffn_gate.weight rows=27648 cols=5120 type=12
LINEARW_RESULT=CPU_FALLBACK name=blk.12.ffn_gate.weight
LINEAR_CPU_BEGIN name=blk.12.ffn_gate.weight type=12 rows=27648 cols=5120 inputFinite=1 inputBad=18446744073709551615 inputMin=-1.23913729 inputMax=1.40214181
LINEARW name=blk.12.ffn_up.weight rows=27648 cols=5120 type=12
LINEARW_RESULT=CPU_FALLBACK name=blk.12.ffn_up.weight
LINEAR_CPU_BEGIN name=blk.12.ffn_up.weight type=12 rows=27648 cols=5120 inputFinite=1 inputBad=18446744073709551615 inputMin=-1.23913729 inputMax=1.40214181
LINEARW name=blk.12.ffn_down.weight rows=5120 cols=27648 type=12
LINEARW_RESULT=CPU_FALLBACK name=blk.12.ffn_down.weight
LINEAR_CPU_BEGIN name=blk.12.ffn_down.weight type=12 rows=5120 cols=27648 inputFinite=1 inputBad=18446744073709551615 inputMin=-4.8296051 inputMax=4.45683479
FWD_LAYER layer=12 DONE
FWD_LAYER layer=13 seqLen=2
FWD_LAYER layer=13 ATTENTION
LINEARW name=blk.13.attn_q.weight rows=5120 cols=5120 type=12
LINEARW_RESULT=CPU_FALLBACK name=blk.13.attn_q.weight
LINEAR_CPU_BEGIN name=blk.13.attn_q.weight type=12 rows=5120 cols=5120 inputFinite=1 inputBad=18446744073709551615 inputMin=-4.78038883 inputMax=4.05363417
LINEARW name=blk.13.attn_k.weight rows=1024 cols=5120 type=12
LINEARW_RESULT=CPU_FALLBACK name=blk.13.attn_k.weight
LINEAR_CPU_BEGIN name=blk.13.attn_k.weight type=12 rows=1024 cols=5120 inputFinite=1 inputBad=18446744073709551615 inputMin=-4.78038883 inputMax=4.05363417
LINEARW name=blk.13.attn_v.weight rows=1024 cols=5120 type=14
LINEARW_RESULT=CPU_FALLBACK name=blk.13.attn_v.weight
LINEAR_CPU_BEGIN name=blk.13.attn_v.weight type=14 rows=1024 cols=5120 inputFinite=1 inputBad=18446744073709551615 inputMin=-4.78038883 inputMax=4.05363417
ROPE layer=13 theta=1000000.0 local=no
LINEARW name=blk.13.attn_output.weight rows=5120 cols=5120 type=12
LINEARW_RESULT=CPU_FALLBACK name=blk.13.attn_output.weight
LINEAR_CPU_BEGIN name=blk.13.attn_output.weight type=12 rows=5120 cols=5120 inputFinite=1 inputBad=18446744073709551615 inputMin=-1.63531983 inputMax=2.40567064
FWD_LAYER layer=13 FFN_ENTER
LINEARW name=blk.13.ffn_gate.weight rows=27648 cols=5120 type=12
LINEARW_RESULT=CPU_FALLBACK name=blk.13.ffn_gate.weight
LINEAR_CPU_BEGIN name=blk.13.ffn_gate.weight type=12 rows=27648 cols=5120 inputFinite=1 inputBad=18446744073709551615 inputMin=-1.32717419 inputMax=1.38405859
LINEARW name=blk.13.ffn_up.weight rows=27648 cols=5120 type=12
LINEARW_RESULT=CPU_FALLBACK name=blk.13.ffn_up.weight
LINEAR_CPU_BEGIN name=blk.13.ffn_up.weight type=12 rows=27648 cols=5120 inputFinite=1 inputBad=18446744073709551615 inputMin=-1.32717419 inputMax=1.38405859
LINEARW name=blk.13.ffn_down.weight rows=5120 cols=27648 type=14
LINEARW_RESULT=CPU_FALLBACK name=blk.13.ffn_down.weight
LINEAR_CPU_BEGIN name=blk.13.ffn_down.weight type=14 rows=5120 cols=27648 inputFinite=1 inputBad=18446744073709551615 inputMin=-5.89207363 inputMax=4.33449173
FWD_LAYER layer=13 DONE
FWD_LAYER layer=14 seqLen=2
FWD_LAYER layer=14 ATTENTION
LINEARW name=blk.14.attn_q.weight rows=5120 cols=5120 type=12
LINEARW_RESULT=CPU_FALLBACK name=blk.14.attn_q.weight
LINEAR_CPU_BEGIN name=blk.14.attn_q.weight type=12 rows=5120 cols=5120 inputFinite=1 inputBad=18446744073709551615 inputMin=-4.75933743 inputMax=3.06313181
LINEARW name=blk.14.attn_k.weight rows=1024 cols=5120 type=12
LINEARW_RESULT=CPU_FALLBACK name=blk.14.attn_k.weight
LINEAR_CPU_BEGIN name=blk.14.attn_k.weight type=12 rows=1024 cols=5120 inputFinite=1 inputBad=18446744073709551615 inputMin=-4.75933743 inputMax=3.06313181
LINEARW name=blk.14.attn_v.weight rows=1024 cols=5120 type=12
LINEARW_RESULT=CPU_FALLBACK name=blk.14.attn_v.weight
LINEAR_CPU_BEGIN name=blk.14.attn_v.weight type=12 rows=1024 cols=5120 inputFinite=1 inputBad=18446744073709551615 inputMin=-4.75933743 inputMax=3.06313181
ROPE layer=14 theta=1000000.0 local=no
LINEARW name=blk.14.attn_output.weight rows=5120 cols=5120 type=12
LINEARW_RESULT=CPU_FALLBACK name=blk.14.attn_output.weight
LINEAR_CPU_BEGIN name=blk.14.attn_output.weight type=12 rows=5120 cols=5120 inputFinite=1 inputBad=18446744073709551615 inputMin=-2.17329502 inputMax=2.81956458
FWD_LAYER layer=14 FFN_ENTER
LINEARW name=blk.14.ffn_gate.weight rows=27648 cols=5120 type=12
LINEARW_RESULT=CPU_FALLBACK name=blk.14.ffn_gate.weight
LINEAR_CPU_BEGIN name=blk.14.ffn_gate.weight type=12 rows=27648 cols=5120 inputFinite=1 inputBad=18446744073709551615 inputMin=-1.25034022 inputMax=1.31943667
LINEARW name=blk.14.ffn_up.weight rows=27648 cols=5120 type=12
LINEARW_RESULT=CPU_FALLBACK name=blk.14.ffn_up.weight
LINEAR_CPU_BEGIN name=blk.14.ffn_up.weight type=12 rows=27648 cols=5120 inputFinite=1 inputBad=18446744073709551615 inputMin=-1.25034022 inputMax=1.31943667
LINEARW name=blk.14.ffn_down.weight rows=5120 cols=27648 type=12
LINEARW_RESULT=CPU_FALLBACK name=blk.14.ffn_down.weight
LINEAR_CPU_BEGIN name=blk.14.ffn_down.weight type=12 rows=5120 cols=27648 inputFinite=1 inputBad=18446744073709551615 inputMin=-5.56744766 inputMax=12.2928877
FWD_LAYER layer=14 DONE
FWD_LAYER layer=15 seqLen=2
FWD_LAYER layer=15 ATTENTION
LINEARW name=blk.15.attn_q.weight rows=5120 cols=5120 type=12
LINEARW_RESULT=CPU_FALLBACK name=blk.15.attn_q.weight
LINEAR_CPU_BEGIN name=blk.15.attn_q.weight type=12 rows=5120 cols=5120 inputFinite=1 inputBad=18446744073709551615 inputMin=-4.46996212 inputMax=2.69840002
LINEARW name=blk.15.attn_k.weight rows=1024 cols=5120 type=12
LINEARW_RESULT=CPU_FALLBACK name=blk.15.attn_k.weight
LINEAR_CPU_BEGIN name=blk.15.attn_k.weight type=12 rows=1024 cols=5120 inputFinite=1 inputBad=18446744073709551615 inputMin=-4.46996212 inputMax=2.69840002
LINEARW name=blk.15.attn_v.weight rows=1024 cols=5120 type=12
LINEARW_RESULT=CPU_FALLBACK name=blk.15.attn_v.weight
LINEAR_CPU_BEGIN name=blk.15.attn_v.weight type=12 rows=1024 cols=5120 inputFinite=1 inputBad=18446744073709551615 inputMin=-4.46996212 inputMax=2.69840002
ROPE layer=15 theta=1000000.0 local=no
LINEARW name=blk.15.attn_output.weight rows=5120 cols=5120 type=12
LINEARW_RESULT=CPU_FALLBACK name=blk.15.attn_output.weight
LINEAR_CPU_BEGIN name=blk.15.attn_output.weight type=12 rows=5120 cols=5120 inputFinite=1 inputBad=18446744073709551615 inputMin=-1.40927517 inputMax=1.64047348
FWD_LAYER layer=15 FFN_ENTER
LINEARW name=blk.15.ffn_gate.weight rows=27648 cols=5120 type=12
LINEARW_RESULT=CPU_FALLBACK name=blk.15.ffn_gate.weight
LINEAR_CPU_BEGIN name=blk.15.ffn_gate.weight type=12 rows=27648 cols=5120 inputFinite=1 inputBad=18446744073709551615 inputMin=-1.30198073 inputMax=1.18547332
LINEARW name=blk.15.ffn_up.weight rows=27648 cols=5120 type=12
LINEARW_RESULT=CPU_FALLBACK name=blk.15.ffn_up.weight
LINEAR_CPU_BEGIN name=blk.15.ffn_up.weight type=12 rows=27648 cols=5120 inputFinite=1 inputBad=18446744073709551615 inputMin=-1.30198073 inputMax=1.18547332
LINEARW name=blk.15.ffn_down.weight rows=5120 cols=27648 type=12
LINEARW_RESULT=CPU_FALLBACK name=blk.15.ffn_down.weight
LINEAR_CPU_BEGIN name=blk.15.ffn_down.weight type=12 rows=5120 cols=27648 inputFinite=1 inputBad=18446744073709551615 inputMin=-8.45597935 inputMax=11.7296867
FWD_LAYER layer=15 DONE
FWD_LAYER layer=16 seqLen=2
FWD_LAYER layer=16 ATTENTION
LINEARW name=blk.16.attn_q.weight rows=5120 cols=5120 type=12
LINEARW_RESULT=CPU_FALLBACK name=blk.16.attn_q.weight
LINEAR_CPU_BEGIN name=blk.16.attn_q.weight type=12 rows=5120 cols=5120 inputFinite=1 inputBad=18446744073709551615 inputMin=-5.6796298 inputMax=2.8294735
LINEARW name=blk.16.attn_k.weight rows=1024 cols=5120 type=12
LINEARW_RESULT=CPU_FALLBACK name=blk.16.attn_k.weight
LINEAR_CPU_BEGIN name=blk.16.attn_k.weight type=12 rows=1024 cols=5120 inputFinite=1 inputBad=18446744073709551615 inputMin=-5.6796298 inputMax=2.8294735
LINEARW name=blk.16.attn_v.weight rows=1024 cols=5120 type=14
LINEARW_RESULT=CPU_FALLBACK name=blk.16.attn_v.weight
LINEAR_CPU_BEGIN name=blk.16.attn_v.weight type=14 rows=1024 cols=5120 inputFinite=1 inputBad=18446744073709551615 inputMin=-5.6796298 inputMax=2.8294735
ROPE layer=16 theta=1000000.0 local=no
LINEARW name=blk.16.attn_output.weight rows=5120 cols=5120 type=12
LINEARW_RESULT=CPU_FALLBACK name=blk.16.attn_output.weight
LINEAR_CPU_BEGIN name=blk.16.attn_output.weight type=12 rows=5120 cols=5120 inputFinite=1 inputBad=18446744073709551615 inputMin=-1.38092005 inputMax=1.7906909
FWD_LAYER layer=16 FFN_ENTER
LINEARW name=blk.16.ffn_gate.weight rows=27648 cols=5120 type=12
LINEARW_RESULT=CPU_FALLBACK name=blk.16.ffn_gate.weight
LINEAR_CPU_BEGIN name=blk.16.ffn_gate.weight type=12 rows=27648 cols=5120 inputFinite=1 inputBad=18446744073709551615 inputMin=-1.49233186 inputMax=1.15338278
LINEARW name=blk.16.ffn_up.weight rows=27648 cols=5120 type=12
LINEARW_RESULT=CPU_FALLBACK name=blk.16.ffn_up.weight
LINEAR_CPU_BEGIN name=blk.16.ffn_up.weight type=12 rows=27648 cols=5120 inputFinite=1 inputBad=18446744073709551615 inputMin=-1.49233186 inputMax=1.15338278
LINEARW name=blk.16.ffn_down.weight rows=5120 cols=27648 type=14
LINEARW_RESULT=CPU_FALLBACK name=blk.16.ffn_down.weight
LINEAR_CPU_BEGIN name=blk.16.ffn_down.weight type=14 rows=5120 cols=27648 inputFinite=1 inputBad=18446744073709551615 inputMin=-9.81832504 inputMax=12.3561144
FWD_LAYER layer=16 DONE
FWD_LAYER layer=17 seqLen=2
FWD_LAYER layer=17 ATTENTION
LINEARW name=blk.17.attn_q.weight rows=5120 cols=5120 type=12
LINEARW_RESULT=CPU_FALLBACK name=blk.17.attn_q.weight
LINEAR_CPU_BEGIN name=blk.17.attn_q.weight type=12 rows=5120 cols=5120 inputFinite=1 inputBad=18446744073709551615 inputMin=-5.4120121 inputMax=3.03046012
LINEARW name=blk.17.attn_k.weight rows=1024 cols=5120 type=12
LINEARW_RESULT=CPU_FALLBACK name=blk.17.attn_k.weight
LINEAR_CPU_BEGIN name=blk.17.attn_k.weight type=12 rows=1024 cols=5120 inputFinite=1 inputBad=18446744073709551615 inputMin=-5.4120121 inputMax=3.03046012
LINEARW name=blk.17.attn_v.weight rows=1024 cols=5120 type=12
LINEARW_RESULT=CPU_FALLBACK name=blk.17.attn_v.weight
LINEAR_CPU_BEGIN name=blk.17.attn_v.weight type=12 rows=1024 cols=5120 inputFinite=1 inputBad=18446744073709551615 inputMin=-5.4120121 inputMax=3.03046012
ROPE layer=17 theta=1000000.0 local=no
LINEARW name=blk.17.attn_output.weight rows=5120 cols=5120 type=12
LINEARW_RESULT=CPU_FALLBACK name=blk.17.attn_output.weight
LINEAR_CPU_BEGIN name=blk.17.attn_output.weight type=12 rows=5120 cols=5120 inputFinite=1 inputBad=18446744073709551615 inputMin=-2.19783783 inputMax=1.96358871
FWD_LAYER layer=17 FFN_ENTER
LINEARW name=blk.17.ffn_gate.weight rows=27648 cols=5120 type=12
LINEARW_RESULT=CPU_FALLBACK name=blk.17.ffn_gate.weight
LINEAR_CPU_BEGIN name=blk.17.ffn_gate.weight type=12 rows=27648 cols=5120 inputFinite=1 inputBad=18446744073709551615 inputMin=-1.58227432 inputMax=1.28799951
LINEARW name=blk.17.ffn_up.weight rows=27648 cols=5120 type=12
LINEARW_RESULT=CPU_FALLBACK name=blk.17.ffn_up.weight
LINEAR_CPU_BEGIN name=blk.17.ffn_up.weight type=12 rows=27648 cols=5120 inputFinite=1 inputBad=18446744073709551615 inputMin=-1.58227432 inputMax=1.28799951
LINEARW name=blk.17.ffn_down.weight rows=5120 cols=27648 type=12
LINEARW_RESULT=CPU_FALLBACK name=blk.17.ffn_down.weight
LINEAR_CPU_BEGIN name=blk.17.ffn_down.weight type=12 rows=5120 cols=27648 inputFinite=1 inputBad=18446744073709551615 inputMin=-9.22998619 inputMax=11.870451
FWD_LAYER layer=17 DONE
FWD_LAYER layer=18 seqLen=2
FWD_LAYER layer=18 ATTENTION
LINEARW name=blk.18.attn_q.weight rows=5120 cols=5120 type=12
LINEARW_RESULT=CPU_FALLBACK name=blk.18.attn_q.weight
LINEAR_CPU_BEGIN name=blk.18.attn_q.weight type=12 rows=5120 cols=5120 inputFinite=1 inputBad=18446744073709551615 inputMin=-5.55628252 inputMax=4.69007874
LINEARW name=blk.18.attn_k.weight rows=1024 cols=5120 type=12
LINEARW_RESULT=CPU_FALLBACK name=blk.18.attn_k.weight
LINEAR_CPU_BEGIN name=blk.18.attn_k.weight type=12 rows=1024 cols=5120 inputFinite=1 inputBad=18446744073709551615 inputMin=-5.55628252 inputMax=4.69007874
LINEARW name=blk.18.attn_v.weight rows=1024 cols=5120 type=12
LINEARW_RESULT=CPU_FALLBACK name=blk.18.attn_v.weight
LINEAR_CPU_BEGIN name=blk.18.attn_v.weight type=12 rows=1024 cols=5120 inputFinite=1 inputBad=18446744073709551615 inputMin=-5.55628252 inputMax=4.69007874
ROPE layer=18 theta=1000000.0 local=no
LINEARW name=blk.18.attn_output.weight rows=5120 cols=5120 type=12
LINEARW_RESULT=CPU_FALLBACK name=blk.18.attn_output.weight
LINEAR_CPU_BEGIN name=blk.18.attn_output.weight type=12 rows=5120 cols=5120 inputFinite=1 inputBad=18446744073709551615 inputMin=-2.19160867 inputMax=1.53587222
FWD_LAYER layer=18 FFN_ENTER
LINEARW name=blk.18.ffn_gate.weight rows=27648 cols=5120 type=12
LINEARW_RESULT=CPU_FALLBACK name=blk.18.ffn_gate.weight
LINEAR_CPU_BEGIN name=blk.18.ffn_gate.weight type=12 rows=27648 cols=5120 inputFinite=1 inputBad=18446744073709551615 inputMin=-1.65137053 inputMax=1.40208292
LINEARW name=blk.18.ffn_up.weight rows=27648 cols=5120 type=12
LINEARW_RESULT=CPU_FALLBACK name=blk.18.ffn_up.weight
LINEAR_CPU_BEGIN name=blk.18.ffn_up.weight type=12 rows=27648 cols=5120 inputFinite=1 inputBad=18446744073709551615 inputMin=-1.65137053 inputMax=1.40208292
LINEARW name=blk.18.ffn_down.weight rows=5120 cols=27648 type=12
LINEARW_RESULT=CPU_FALLBACK name=blk.18.ffn_down.weight
LINEAR_CPU_BEGIN name=blk.18.ffn_down.weight type=12 rows=5120 cols=27648 inputFinite=1 inputBad=18446744073709551615 inputMin=-12.6670008 inputMax=11.8613024
FWD_LAYER layer=18 DONE
FWD_LAYER layer=19 seqLen=2
FWD_LAYER layer=19 ATTENTION
LINEARW name=blk.19.attn_q.weight rows=5120 cols=5120 type=12
LINEARW_RESULT=CPU_FALLBACK name=blk.19.attn_q.weight
LINEAR_CPU_BEGIN name=blk.19.attn_q.weight type=12 rows=5120 cols=5120 inputFinite=1 inputBad=18446744073709551615 inputMin=-5.15223789 inputMax=4.96118402
LINEARW name=blk.19.attn_k.weight rows=1024 cols=5120 type=12
LINEARW_RESULT=CPU_FALLBACK name=blk.19.attn_k.weight
LINEAR_CPU_BEGIN name=blk.19.attn_k.weight type=12 rows=1024 cols=5120 inputFinite=1 inputBad=18446744073709551615 inputMin=-5.15223789 inputMax=4.96118402
LINEARW name=blk.19.attn_v.weight rows=1024 cols=5120 type=14
LINEARW_RESULT=CPU_FALLBACK name=blk.19.attn_v.weight
LINEAR_CPU_BEGIN name=blk.19.attn_v.weight type=14 rows=1024 cols=5120 inputFinite=1 inputBad=18446744073709551615 inputMin=-5.15223789 inputMax=4.96118402
ROPE layer=19 theta=1000000.0 local=no
LINEARW name=blk.19.attn_output.weight rows=5120 cols=5120 type=12
LINEARW_RESULT=CPU_FALLBACK name=blk.19.attn_output.weight
LINEAR_CPU_BEGIN name=blk.19.attn_output.weight type=12 rows=5120 cols=5120 inputFinite=1 inputBad=18446744073709551615 inputMin=-1.79001534 inputMax=1.6343478
FWD_LAYER layer=19 FFN_ENTER
LINEARW name=blk.19.ffn_gate.weight rows=27648 cols=5120 type=12
LINEARW_RESULT=CPU_FALLBACK name=blk.19.ffn_gate.weight
LINEAR_CPU_BEGIN name=blk.19.ffn_gate.weight type=12 rows=27648 cols=5120 inputFinite=1 inputBad=18446744073709551615 inputMin=-1.4394871 inputMax=1.37975752
LINEARW name=blk.19.ffn_up.weight rows=27648 cols=5120 type=12
LINEARW_RESULT=CPU_FALLBACK name=blk.19.ffn_up.weight
LINEAR_CPU_BEGIN name=blk.19.ffn_up.weight type=12 rows=27648 cols=5120 inputFinite=1 inputBad=18446744073709551615 inputMin=-1.4394871 inputMax=1.37975752
LINEARW name=blk.19.ffn_down.weight rows=5120 cols=27648 type=14
LINEARW_RESULT=CPU_FALLBACK name=blk.19.ffn_down.weight
LINEAR_CPU_BEGIN name=blk.19.ffn_down.weight type=14 rows=5120 cols=27648 inputFinite=1 inputBad=18446744073709551615 inputMin=-6.34667444 inputMax=13.5854063
FWD_LAYER layer=19 DONE
FWD_LAYER layer=20 seqLen=2
FWD_LAYER layer=20 ATTENTION
LINEARW name=blk.20.attn_q.weight rows=5120 cols=5120 type=12
LINEARW_RESULT=CPU_FALLBACK name=blk.20.attn_q.weight
LINEAR_CPU_BEGIN name=blk.20.attn_q.weight type=12 rows=5120 cols=5120 inputFinite=1 inputBad=18446744073709551615 inputMin=-5.49886751 inputMax=4.61712694
LINEARW name=blk.20.attn_k.weight rows=1024 cols=5120 type=12
LINEARW_RESULT=CPU_FALLBACK name=blk.20.attn_k.weight
LINEAR_CPU_BEGIN name=blk.20.attn_k.weight type=12 rows=1024 cols=5120 inputFinite=1 inputBad=18446744073709551615 inputMin=-5.49886751 inputMax=4.61712694
LINEARW name=blk.20.attn_v.weight rows=1024 cols=5120 type=12
LINEARW_RESULT=CPU_FALLBACK name=blk.20.attn_v.weight
LINEAR_CPU_BEGIN name=blk.20.attn_v.weight type=12 rows=1024 cols=5120 inputFinite=1 inputBad=18446744073709551615 inputMin=-5.49886751 inputMax=4.61712694
ROPE layer=20 theta=1000000.0 local=no
LINEARW name=blk.20.attn_output.weight rows=5120 cols=5120 type=12
LINEARW_RESULT=CPU_FALLBACK name=blk.20.attn_output.weight
LINEAR_CPU_BEGIN name=blk.20.attn_output.weight type=12 rows=5120 cols=5120 inputFinite=1 inputBad=18446744073709551615 inputMin=-2.77960277 inputMax=1.99947476
FWD_LAYER layer=20 FFN_ENTER
LINEARW name=blk.20.ffn_gate.weight rows=27648 cols=5120 type=12
LINEARW_RESULT=CPU_FALLBACK name=blk.20.ffn_gate.weight
LINEAR_CPU_BEGIN name=blk.20.ffn_gate.weight type=12 rows=27648 cols=5120 inputFinite=1 inputBad=18446744073709551615 inputMin=-1.33034015 inputMax=1.21556163
LINEARW name=blk.20.ffn_up.weight rows=27648 cols=5120 type=12
LINEARW_RESULT=CPU_FALLBACK name=blk.20.ffn_up.weight
LINEAR_CPU_BEGIN name=blk.20.ffn_up.weight type=12 rows=27648 cols=5120 inputFinite=1 inputBad=18446744073709551615 inputMin=-1.33034015 inputMax=1.21556163
LINEARW name=blk.20.ffn_down.weight rows=5120 cols=27648 type=12
LINEARW_RESULT=CPU_FALLBACK name=blk.20.ffn_down.weight
LINEAR_CPU_BEGIN name=blk.20.ffn_down.weight type=12 rows=5120 cols=27648 inputFinite=1 inputBad=18446744073709551615 inputMin=-21.0269566 inputMax=6.02570009
FWD_LAYER layer=20 DONE
FWD_LAYER layer=21 seqLen=2
FWD_LAYER layer=21 ATTENTION
LINEARW name=blk.21.attn_q.weight rows=5120 cols=5120 type=12
LINEARW_RESULT=CPU_FALLBACK name=blk.21.attn_q.weight
LINEAR_CPU_BEGIN name=blk.21.attn_q.weight type=12 rows=5120 cols=5120 inputFinite=1 inputBad=18446744073709551615 inputMin=-5.6019702 inputMax=1.71055365
LINEARW name=blk.21.attn_k.weight rows=1024 cols=5120 type=12
LINEARW_RESULT=CPU_FALLBACK name=blk.21.attn_k.weight
LINEAR_CPU_BEGIN name=blk.21.attn_k.weight type=12 rows=1024 cols=5120 inputFinite=1 inputBad=18446744073709551615 inputMin=-5.6019702 inputMax=1.71055365
LINEARW name=blk.21.attn_v.weight rows=1024 cols=5120 type=12
LINEARW_RESULT=CPU_FALLBACK name=blk.21.attn_v.weight
LINEAR_CPU_BEGIN name=blk.21.attn_v.weight type=12 rows=1024 cols=5120 inputFinite=1 inputBad=18446744073709551615 inputMin=-5.6019702 inputMax=1.71055365
ROPE layer=21 theta=1000000.0 local=no
LINEARW name=blk.21.attn_output.weight rows=5120 cols=5120 type=12
LINEARW_RESULT=CPU_FALLBACK name=blk.21.attn_output.weight
LINEAR_CPU_BEGIN name=blk.21.attn_output.weight type=12 rows=5120 cols=5120 inputFinite=1 inputBad=18446744073709551615 inputMin=-1.46180379 inputMax=1.87101579
FWD_LAYER layer=21 FFN_ENTER
LINEARW name=blk.21.ffn_gate.weight rows=27648 cols=5120 type=12
LINEARW_RESULT=CPU_FALLBACK name=blk.21.ffn_gate.weight
LINEAR_CPU_BEGIN name=blk.21.ffn_gate.weight type=12 rows=27648 cols=5120 inputFinite=1 inputBad=18446744073709551615 inputMin=-1.47095037 inputMax=1.36505914
LINEARW name=blk.21.ffn_up.weight rows=27648 cols=5120 type=12
LINEARW_RESULT=CPU_FALLBACK name=blk.21.ffn_up.weight
LINEAR_CPU_BEGIN name=blk.21.ffn_up.weight type=12 rows=27648 cols=5120 inputFinite=1 inputBad=18446744073709551615 inputMin=-1.47095037 inputMax=1.36505914
LINEARW name=blk.21.ffn_down.weight rows=5120 cols=27648 type=12
LINEARW_RESULT=CPU_FALLBACK name=blk.21.ffn_down.weight
LINEAR_CPU_BEGIN name=blk.21.ffn_down.weight type=12 rows=5120 cols=27648 inputFinite=1 inputBad=18446744073709551615 inputMin=-5.72022152 inputMax=12.9447775
FWD_LAYER layer=21 DONE
FWD_LAYER layer=22 seqLen=2
FWD_LAYER layer=22 ATTENTION
LINEARW name=blk.22.attn_q.weight rows=5120 cols=5120 type=12
LINEARW_RESULT=CPU_FALLBACK name=blk.22.attn_q.weight
LINEAR_CPU_BEGIN name=blk.22.attn_q.weight type=12 rows=5120 cols=5120 inputFinite=1 inputBad=18446744073709551615 inputMin=-4.68450022 inputMax=1.87624335
LINEARW name=blk.22.attn_k.weight rows=1024 cols=5120 type=12
LINEARW_RESULT=CPU_FALLBACK name=blk.22.attn_k.weight
LINEAR_CPU_BEGIN name=blk.22.attn_k.weight type=12 rows=1024 cols=5120 inputFinite=1 inputBad=18446744073709551615 inputMin=-4.68450022 inputMax=1.87624335
LINEARW name=blk.22.attn_v.weight rows=1024 cols=5120 type=14
LINEARW_RESULT=CPU_FALLBACK name=blk.22.attn_v.weight
LINEAR_CPU_BEGIN name=blk.22.attn_v.weight type=14 rows=1024 cols=5120 inputFinite=1 inputBad=18446744073709551615 inputMin=-4.68450022 inputMax=1.87624335
ROPE layer=22 theta=1000000.0 local=no
LINEARW name=blk.22.attn_output.weight rows=5120 cols=5120 type=12
LINEARW_RESULT=CPU_FALLBACK name=blk.22.attn_output.weight
LINEAR_CPU_BEGIN name=blk.22.attn_output.weight type=12 rows=5120 cols=5120 inputFinite=1 inputBad=18446744073709551615 inputMin=-1.7874347 inputMax=1.3013314
FWD_LAYER layer=22 FFN_ENTER
LINEARW name=blk.22.ffn_gate.weight rows=27648 cols=5120 type=12
LINEARW_RESULT=CPU_FALLBACK name=blk.22.ffn_gate.weight
LINEAR_CPU_BEGIN name=blk.22.ffn_gate.weight type=12 rows=27648 cols=5120 inputFinite=1 inputBad=18446744073709551615 inputMin=-1.08831775 inputMax=1.39622056
LINEARW name=blk.22.ffn_up.weight rows=27648 cols=5120 type=12
LINEARW_RESULT=CPU_FALLBACK name=blk.22.ffn_up.weight
LINEAR_CPU_BEGIN name=blk.22.ffn_up.weight type=12 rows=27648 cols=5120 inputFinite=1 inputBad=18446744073709551615 inputMin=-1.08831775 inputMax=1.39622056
LINEARW name=blk.22.ffn_down.weight rows=5120 cols=27648 type=14
LINEARW_RESULT=CPU_FALLBACK name=blk.22.ffn_down.weight
LINEAR_CPU_BEGIN name=blk.22.ffn_down.weight type=14 rows=5120 cols=27648 inputFinite=1 inputBad=18446744073709551615 inputMin=-6.71901083 inputMax=7.64461803
FWD_LAYER layer=22 DONE
FWD_LAYER layer=23 seqLen=2
FWD_LAYER layer=23 ATTENTION
LINEARW name=blk.23.attn_q.weight rows=5120 cols=5120 type=12
LINEARW_RESULT=CPU_FALLBACK name=blk.23.attn_q.weight
LINEAR_CPU_BEGIN name=blk.23.attn_q.weight type=12 rows=5120 cols=5120 inputFinite=1 inputBad=18446744073709551615 inputMin=-4.07692957 inputMax=1.77110922
LINEARW name=blk.23.attn_k.weight rows=1024 cols=5120 type=12
LINEARW_RESULT=CPU_FALLBACK name=blk.23.attn_k.weight
LINEAR_CPU_BEGIN name=blk.23.attn_k.weight type=12 rows=1024 cols=5120 inputFinite=1 inputBad=18446744073709551615 inputMin=-4.07692957 inputMax=1.77110922
LINEARW name=blk.23.attn_v.weight rows=1024 cols=5120 type=12
LINEARW_RESULT=CPU_FALLBACK name=blk.23.attn_v.weight
LINEAR_CPU_BEGIN name=blk.23.attn_v.weight type=12 rows=1024 cols=5120 inputFinite=1 inputBad=18446744073709551615 inputMin=-4.07692957 inputMax=1.77110922
ROPE layer=23 theta=1000000.0 local=no
LINEARW name=blk.23.attn_output.weight rows=5120 cols=5120 type=12
LINEARW_RESULT=CPU_FALLBACK name=blk.23.attn_output.weight
LINEAR_CPU_BEGIN name=blk.23.attn_output.weight type=12 rows=5120 cols=5120 inputFinite=1 inputBad=18446744073709551615 inputMin=-1.40646565 inputMax=1.31423783
FWD_LAYER layer=23 FFN_ENTER
LINEARW name=blk.23.ffn_gate.weight rows=27648 cols=5120 type=12
LINEARW_RESULT=CPU_FALLBACK name=blk.23.ffn_gate.weight
LINEAR_CPU_BEGIN name=blk.23.ffn_gate.weight type=12 rows=27648 cols=5120 inputFinite=1 inputBad=18446744073709551615 inputMin=-1.1905129 inputMax=1.33375347
LINEARW name=blk.23.ffn_up.weight rows=27648 cols=5120 type=12
LINEARW_RESULT=CPU_FALLBACK name=blk.23.ffn_up.weight
LINEAR_CPU_BEGIN name=blk.23.ffn_up.weight type=12 rows=27648 cols=5120 inputFinite=1 inputBad=18446744073709551615 inputMin=-1.1905129 inputMax=1.33375347
LINEARW name=blk.23.ffn_down.weight rows=5120 cols=27648 type=12
LINEARW_RESULT=CPU_FALLBACK name=blk.23.ffn_down.weight
LINEAR_CPU_BEGIN name=blk.23.ffn_down.weight type=12 rows=5120 cols=27648 inputFinite=1 inputBad=18446744073709551615 inputMin=-5.28122663 inputMax=6.83605385
FWD_LAYER layer=23 DONE
FWD_LAYER layer=24 seqLen=2
FWD_LAYER layer=24 ATTENTION
LINEARW name=blk.24.attn_q.weight rows=5120 cols=5120 type=12
LINEARW_RESULT=CPU_FALLBACK name=blk.24.attn_q.weight
LINEAR_CPU_BEGIN name=blk.24.attn_q.weight type=12 rows=5120 cols=5120 inputFinite=1 inputBad=18446744073709551615 inputMin=-5.71950006 inputMax=2.05431795
LINEARW name=blk.24.attn_k.weight rows=1024 cols=5120 type=12
LINEARW_RESULT=CPU_FALLBACK name=blk.24.attn_k.weight
LINEAR_CPU_BEGIN name=blk.24.attn_k.weight type=12 rows=1024 cols=5120 inputFinite=1 inputBad=18446744073709551615 inputMin=-5.71950006 inputMax=2.05431795
LINEARW name=blk.24.attn_v.weight rows=1024 cols=5120 type=12
LINEARW_RESULT=CPU_FALLBACK name=blk.24.attn_v.weight
LINEAR_CPU_BEGIN name=blk.24.attn_v.weight type=12 rows=1024 cols=5120 inputFinite=1 inputBad=18446744073709551615 inputMin=-5.71950006 inputMax=2.05431795
ROPE layer=24 theta=1000000.0 local=no
LINEARW name=blk.24.attn_output.weight rows=5120 cols=5120 type=12
LINEARW_RESULT=CPU_FALLBACK name=blk.24.attn_output.weight
LINEAR_CPU_BEGIN name=blk.24.attn_output.weight type=12 rows=5120 cols=5120 inputFinite=1 inputBad=18446744073709551615 inputMin=-1.86625302 inputMax=2.53077602
FWD_LAYER layer=24 FFN_ENTER
LINEARW name=blk.24.ffn_gate.weight rows=27648 cols=5120 type=12
LINEARW_RESULT=CPU_FALLBACK name=blk.24.ffn_gate.weight
LINEAR_CPU_BEGIN name=blk.24.ffn_gate.weight type=12 rows=27648 cols=5120 inputFinite=1 inputBad=18446744073709551615 inputMin=-1.17986441 inputMax=1.29373133
LINEARW name=blk.24.ffn_up.weight rows=27648 cols=5120 type=12
LINEARW_RESULT=CPU_FALLBACK name=blk.24.ffn_up.weight
LINEAR_CPU_BEGIN name=blk.24.ffn_up.weight type=12 rows=27648 cols=5120 inputFinite=1 inputBad=18446744073709551615 inputMin=-1.17986441 inputMax=1.29373133
LINEARW name=blk.24.ffn_down.weight rows=5120 cols=27648 type=12
LINEARW_RESULT=CPU_FALLBACK name=blk.24.ffn_down.weight
LINEAR_CPU_BEGIN name=blk.24.ffn_down.weight type=12 rows=5120 cols=27648 inputFinite=1 inputBad=18446744073709551615 inputMin=-5.32324409 inputMax=6.60798311
FWD_LAYER layer=24 DONE
FWD_LAYER layer=25 seqLen=2
FWD_LAYER layer=25 ATTENTION
LINEARW name=blk.25.attn_q.weight rows=5120 cols=5120 type=12
LINEARW_RESULT=CPU_FALLBACK name=blk.25.attn_q.weight
LINEAR_CPU_BEGIN name=blk.25.attn_q.weight type=12 rows=5120 cols=5120 inputFinite=1 inputBad=18446744073709551615 inputMin=-4.93224049 inputMax=2.15755844
LINEARW name=blk.25.attn_k.weight rows=1024 cols=5120 type=12
LINEARW_RESULT=CPU_FALLBACK name=blk.25.attn_k.weight
LINEAR_CPU_BEGIN name=blk.25.attn_k.weight type=12 rows=1024 cols=5120 inputFinite=1 inputBad=18446744073709551615 inputMin=-4.93224049 inputMax=2.15755844
LINEARW name=blk.25.attn_v.weight rows=1024 cols=5120 type=14
LINEARW_RESULT=CPU_FALLBACK name=blk.25.attn_v.weight
LINEAR_CPU_BEGIN name=blk.25.attn_v.weight type=14 rows=1024 cols=5120 inputFinite=1 inputBad=18446744073709551615 inputMin=-4.93224049 inputMax=2.15755844
ROPE layer=25 theta=1000000.0 local=no
LINEARW name=blk.25.attn_output.weight rows=5120 cols=5120 type=12
LINEARW_RESULT=CPU_FALLBACK name=blk.25.attn_output.weight
LINEAR_CPU_BEGIN name=blk.25.attn_output.weight type=12 rows=5120 cols=5120 inputFinite=1 inputBad=18446744073709551615 inputMin=-0.966289818 inputMax=0.616805971
FWD_LAYER layer=25 FFN_ENTER
LINEARW name=blk.25.ffn_gate.weight rows=27648 cols=5120 type=12
LINEARW_RESULT=CPU_FALLBACK name=blk.25.ffn_gate.weight
LINEAR_CPU_BEGIN name=blk.25.ffn_gate.weight type=12 rows=27648 cols=5120 inputFinite=1 inputBad=18446744073709551615 inputMin=-1.10825217 inputMax=1.33232045
LINEARW name=blk.25.ffn_up.weight rows=27648 cols=5120 type=12
LINEARW_RESULT=CPU_FALLBACK name=blk.25.ffn_up.weight
LINEAR_CPU_BEGIN name=blk.25.ffn_up.weight type=12 rows=27648 cols=5120 inputFinite=1 inputBad=18446744073709551615 inputMin=-1.10825217 inputMax=1.33232045
LINEARW name=blk.25.ffn_down.weight rows=5120 cols=27648 type=14
LINEARW_RESULT=CPU_FALLBACK name=blk.25.ffn_down.weight
LINEAR_CPU_BEGIN name=blk.25.ffn_down.weight type=14 rows=5120 cols=27648 inputFinite=1 inputBad=18446744073709551615 inputMin=-9.06982994 inputMax=6.74847507
FWD_LAYER layer=25 DONE
FWD_LAYER layer=26 seqLen=2
FWD_LAYER layer=26 ATTENTION
LINEARW name=blk.26.attn_q.weight rows=5120 cols=5120 type=12
LINEARW_RESULT=CPU_FALLBACK name=blk.26.attn_q.weight
LINEAR_CPU_BEGIN name=blk.26.attn_q.weight type=12 rows=5120 cols=5120 inputFinite=1 inputBad=18446744073709551615 inputMin=-4.61102962 inputMax=1.71430349
LINEARW name=blk.26.attn_k.weight rows=1024 cols=5120 type=12
LINEARW_RESULT=CPU_FALLBACK name=blk.26.attn_k.weight
LINEAR_CPU_BEGIN name=blk.26.attn_k.weight type=12 rows=1024 cols=5120 inputFinite=1 inputBad=18446744073709551615 inputMin=-4.61102962 inputMax=1.71430349
LINEARW name=blk.26.attn_v.weight rows=1024 cols=5120 type=12
LINEARW_RESULT=CPU_FALLBACK name=blk.26.attn_v.weight
LINEAR_CPU_BEGIN name=blk.26.attn_v.weight type=12 rows=1024 cols=5120 inputFinite=1 inputBad=18446744073709551615 inputMin=-4.61102962 inputMax=1.71430349
ROPE layer=26 theta=1000000.0 local=no
LINEARW name=blk.26.attn_output.weight rows=5120 cols=5120 type=12
LINEARW_RESULT=CPU_FALLBACK name=blk.26.attn_output.weight
LINEAR_CPU_BEGIN name=blk.26.attn_output.weight type=12 rows=5120 cols=5120 inputFinite=1 inputBad=18446744073709551615 inputMin=-1.36180604 inputMax=1.21120858
FWD_LAYER layer=26 FFN_ENTER
LINEARW name=blk.26.ffn_gate.weight rows=27648 cols=5120 type=12
LINEARW_RESULT=CPU_FALLBACK name=blk.26.ffn_gate.weight
LINEAR_CPU_BEGIN name=blk.26.ffn_gate.weight type=12 rows=27648 cols=5120 inputFinite=1 inputBad=18446744073709551615 inputMin=-1.15763128 inputMax=1.43718457
LINEARW name=blk.26.ffn_up.weight rows=27648 cols=5120 type=12
LINEARW_RESULT=CPU_FALLBACK name=blk.26.ffn_up.weight
LINEAR_CPU_BEGIN name=blk.26.ffn_up.weight type=12 rows=27648 cols=5120 inputFinite=1 inputBad=18446744073709551615 inputMin=-1.15763128 inputMax=1.43718457
LINEARW name=blk.26.ffn_down.weight rows=5120 cols=27648 type=12
LINEARW_RESULT=CPU_FALLBACK name=blk.26.ffn_down.weight
LINEAR_CPU_BEGIN name=blk.26.ffn_down.weight type=12 rows=5120 cols=27648 inputFinite=1 inputBad=18446744073709551615 inputMin=-4.49061966 inputMax=4.98941469
FWD_LAYER layer=26 DONE
FWD_LAYER layer=27 seqLen=2
FWD_LAYER layer=27 ATTENTION
LINEARW name=blk.27.attn_q.weight rows=5120 cols=5120 type=12
LINEARW_RESULT=CPU_FALLBACK name=blk.27.attn_q.weight
LINEAR_CPU_BEGIN name=blk.27.attn_q.weight type=12 rows=5120 cols=5120 inputFinite=1 inputBad=18446744073709551615 inputMin=-3.65087533 inputMax=1.53078914
LINEARW name=blk.27.attn_k.weight rows=1024 cols=5120 type=12
LINEARW_RESULT=CPU_FALLBACK name=blk.27.attn_k.weight
LINEAR_CPU_BEGIN name=blk.27.attn_k.weight type=12 rows=1024 cols=5120 inputFinite=1 inputBad=18446744073709551615 inputMin=-3.65087533 inputMax=1.53078914
LINEARW name=blk.27.attn_v.weight rows=1024 cols=5120 type=12
LINEARW_RESULT=CPU_FALLBACK name=blk.27.attn_v.weight
LINEAR_CPU_BEGIN name=blk.27.attn_v.weight type=12 rows=1024 cols=5120 inputFinite=1 inputBad=18446744073709551615 inputMin=-3.65087533 inputMax=1.53078914
ROPE layer=27 theta=1000000.0 local=no
LINEARW name=blk.27.attn_output.weight rows=5120 cols=5120 type=12
LINEARW_RESULT=CPU_FALLBACK name=blk.27.attn_output.weight
LINEAR_CPU_BEGIN name=blk.27.attn_output.weight type=12 rows=5120 cols=5120 inputFinite=1 inputBad=18446744073709551615 inputMin=-3.39024758 inputMax=1.57637489
FWD_LAYER layer=27 FFN_ENTER
LINEARW name=blk.27.ffn_gate.weight rows=27648 cols=5120 type=12
LINEARW_RESULT=CPU_FALLBACK name=blk.27.ffn_gate.weight
LINEAR_CPU_BEGIN name=blk.27.ffn_gate.weight type=12 rows=27648 cols=5120 inputFinite=1 inputBad=18446744073709551615 inputMin=-1.12786651 inputMax=1.32000303
LINEARW name=blk.27.ffn_up.weight rows=27648 cols=5120 type=12
LINEARW_RESULT=CPU_FALLBACK name=blk.27.ffn_up.weight
LINEAR_CPU_BEGIN name=blk.27.ffn_up.weight type=12 rows=27648 cols=5120 inputFinite=1 inputBad=18446744073709551615 inputMin=-1.12786651 inputMax=1.32000303
LINEARW name=blk.27.ffn_down.weight rows=5120 cols=27648 type=12
LINEARW_RESULT=CPU_FALLBACK name=blk.27.ffn_down.weight
LINEAR_CPU_BEGIN name=blk.27.ffn_down.weight type=12 rows=5120 cols=27648 inputFinite=1 inputBad=18446744073709551615 inputMin=-2.4228034 inputMax=3.92146444
FWD_LAYER layer=27 DONE
FWD_LAYER layer=28 seqLen=2
FWD_LAYER layer=28 ATTENTION
LINEARW name=blk.28.attn_q.weight rows=5120 cols=5120 type=12
LINEARW_RESULT=CPU_FALLBACK name=blk.28.attn_q.weight
LINEAR_CPU_BEGIN name=blk.28.attn_q.weight type=12 rows=5120 cols=5120 inputFinite=1 inputBad=18446744073709551615 inputMin=-4.25642633 inputMax=1.64082444
LINEARW name=blk.28.attn_k.weight rows=1024 cols=5120 type=12
LINEARW_RESULT=CPU_FALLBACK name=blk.28.attn_k.weight
LINEAR_CPU_BEGIN name=blk.28.attn_k.weight type=12 rows=1024 cols=5120 inputFinite=1 inputBad=18446744073709551615 inputMin=-4.25642633 inputMax=1.64082444
LINEARW name=blk.28.attn_v.weight rows=1024 cols=5120 type=14
LINEARW_RESULT=CPU_FALLBACK name=blk.28.attn_v.weight
LINEAR_CPU_BEGIN name=blk.28.attn_v.weight type=14 rows=1024 cols=5120 inputFinite=1 inputBad=18446744073709551615 inputMin=-4.25642633 inputMax=1.64082444
ROPE layer=28 theta=1000000.0 local=no
LINEARW name=blk.28.attn_output.weight rows=5120 cols=5120 type=12
LINEARW_RESULT=CPU_FALLBACK name=blk.28.attn_output.weight
LINEAR_CPU_BEGIN name=blk.28.attn_output.weight type=12 rows=5120 cols=5120 inputFinite=1 inputBad=18446744073709551615 inputMin=-1.19272339 inputMax=1.16108143
FWD_LAYER layer=28 FFN_ENTER
LINEARW name=blk.28.ffn_gate.weight rows=27648 cols=5120 type=12
LINEARW_RESULT=CPU_FALLBACK name=blk.28.ffn_gate.weight
LINEAR_CPU_BEGIN name=blk.28.ffn_gate.weight type=12 rows=27648 cols=5120 inputFinite=1 inputBad=18446744073709551615 inputMin=-1.30470729 inputMax=1.18048286
LINEARW name=blk.28.ffn_up.weight rows=27648 cols=5120 type=12
LINEARW_RESULT=CPU_FALLBACK name=blk.28.ffn_up.weight
LINEAR_CPU_BEGIN name=blk.28.ffn_up.weight type=12 rows=27648 cols=5120 inputFinite=1 inputBad=18446744073709551615 inputMin=-1.30470729 inputMax=1.18048286
LINEARW name=blk.28.ffn_down.weight rows=5120 cols=27648 type=14
LINEARW_RESULT=CPU_FALLBACK name=blk.28.ffn_down.weight
LINEAR_CPU_BEGIN name=blk.28.ffn_down.weight type=14 rows=5120 cols=27648 inputFinite=1 inputBad=18446744073709551615 inputMin=-4.28296614 inputMax=4.9233408
FWD_LAYER layer=28 DONE
FWD_LAYER layer=29 seqLen=2
FWD_LAYER layer=29 ATTENTION
LINEARW name=blk.29.attn_q.weight rows=5120 cols=5120 type=12
LINEARW_RESULT=CPU_FALLBACK name=blk.29.attn_q.weight
LINEAR_CPU_BEGIN name=blk.29.attn_q.weight type=12 rows=5120 cols=5120 inputFinite=1 inputBad=18446744073709551615 inputMin=-5.7353797 inputMax=3.13666296
LINEARW name=blk.29.attn_k.weight rows=1024 cols=5120 type=12
LINEARW_RESULT=CPU_FALLBACK name=blk.29.attn_k.weight
LINEAR_CPU_BEGIN name=blk.29.attn_k.weight type=12 rows=1024 cols=5120 inputFinite=1 inputBad=18446744073709551615 inputMin=-5.7353797 inputMax=3.13666296
LINEARW name=blk.29.attn_v.weight rows=1024 cols=5120 type=12
LINEARW_RESULT=CPU_FALLBACK name=blk.29.attn_v.weight
LINEAR_CPU_BEGIN name=blk.29.attn_v.weight type=12 rows=1024 cols=5120 inputFinite=1 inputBad=18446744073709551615 inputMin=-5.7353797 inputMax=3.13666296
ROPE layer=29 theta=1000000.0 local=no
LINEARW name=blk.29.attn_output.weight rows=5120 cols=5120 type=12
LINEARW_RESULT=CPU_FALLBACK name=blk.29.attn_output.weight
LINEAR_CPU_BEGIN name=blk.29.attn_output.weight type=12 rows=5120 cols=5120 inputFinite=1 inputBad=18446744073709551615 inputMin=-2.28960299 inputMax=2.09349203
FWD_LAYER layer=29 FFN_ENTER
LINEARW name=blk.29.ffn_gate.weight rows=27648 cols=5120 type=12
LINEARW_RESULT=CPU_FALLBACK name=blk.29.ffn_gate.weight
LINEAR_CPU_BEGIN name=blk.29.ffn_gate.weight type=12 rows=27648 cols=5120 inputFinite=1 inputBad=18446744073709551615 inputMin=-1.24601829 inputMax=1.23426592
LINEARW name=blk.29.ffn_up.weight rows=27648 cols=5120 type=12
LINEARW_RESULT=CPU_FALLBACK name=blk.29.ffn_up.weight
LINEAR_CPU_BEGIN name=blk.29.ffn_up.weight type=12 rows=27648 cols=5120 inputFinite=1 inputBad=18446744073709551615 inputMin=-1.24601829 inputMax=1.23426592
LINEARW name=blk.29.ffn_down.weight rows=5120 cols=27648 type=12
LINEARW_RESULT=CPU_FALLBACK name=blk.29.ffn_down.weight
LINEAR_CPU_BEGIN name=blk.29.ffn_down.weight type=12 rows=5120 cols=27648 inputFinite=1 inputBad=18446744073709551615 inputMin=-9.54155636 inputMax=8.21451569
FWD_LAYER layer=29 DONE
FWD_LAYER layer=30 seqLen=2
FWD_LAYER layer=30 ATTENTION
LINEARW name=blk.30.attn_q.weight rows=5120 cols=5120 type=12
LINEARW_RESULT=CPU_FALLBACK name=blk.30.attn_q.weight
LINEAR_CPU_BEGIN name=blk.30.attn_q.weight type=12 rows=5120 cols=5120 inputFinite=1 inputBad=18446744073709551615 inputMin=-6.59971666 inputMax=1.94867003
LINEARW name=blk.30.attn_k.weight rows=1024 cols=5120 type=12
LINEARW_RESULT=CPU_FALLBACK name=blk.30.attn_k.weight
LINEAR_CPU_BEGIN name=blk.30.attn_k.weight type=12 rows=1024 cols=5120 inputFinite=1 inputBad=18446744073709551615 inputMin=-6.59971666 inputMax=1.94867003
LINEARW name=blk.30.attn_v.weight rows=1024 cols=5120 type=12
LINEARW_RESULT=CPU_FALLBACK name=blk.30.attn_v.weight
LINEAR_CPU_BEGIN name=blk.30.attn_v.weight type=12 rows=1024 cols=5120 inputFinite=1 inputBad=18446744073709551615 inputMin=-6.59971666 inputMax=1.94867003
ROPE layer=30 theta=1000000.0 local=no
LINEARW name=blk.30.attn_output.weight rows=5120 cols=5120 type=12
LINEARW_RESULT=CPU_FALLBACK name=blk.30.attn_output.weight
LINEAR_CPU_BEGIN name=blk.30.attn_output.weight type=12 rows=5120 cols=5120 inputFinite=1 inputBad=18446744073709551615 inputMin=-1.33337009 inputMax=1.54388487
FWD_LAYER layer=30 FFN_ENTER
LINEARW name=blk.30.ffn_gate.weight rows=27648 cols=5120 type=12
LINEARW_RESULT=CPU_FALLBACK name=blk.30.ffn_gate.weight
LINEAR_CPU_BEGIN name=blk.30.ffn_gate.weight type=12 rows=27648 cols=5120 inputFinite=1 inputBad=18446744073709551615 inputMin=-1.24583185 inputMax=1.13624787
LINEARW name=blk.30.ffn_up.weight rows=27648 cols=5120 type=12
LINEARW_RESULT=CPU_FALLBACK name=blk.30.ffn_up.weight
LINEAR_CPU_BEGIN name=blk.30.ffn_up.weight type=12 rows=27648 cols=5120 inputFinite=1 inputBad=18446744073709551615 inputMin=-1.24583185 inputMax=1.13624787
LINEARW name=blk.30.ffn_down.weight rows=5120 cols=27648 type=12
LINEARW_RESULT=CPU_FALLBACK name=blk.30.ffn_down.weight
LINEAR_CPU_BEGIN name=blk.30.ffn_down.weight type=12 rows=5120 cols=27648 inputFinite=1 inputBad=18446744073709551615 inputMin=-10.3465624 inputMax=23.3581123
FWD_LAYER layer=30 DONE
FWD_LAYER layer=31 seqLen=2
FWD_LAYER layer=31 ATTENTION
LINEARW name=blk.31.attn_q.weight rows=5120 cols=5120 type=12
LINEARW_RESULT=CPU_FALLBACK name=blk.31.attn_q.weight
LINEAR_CPU_BEGIN name=blk.31.attn_q.weight type=12 rows=5120 cols=5120 inputFinite=1 inputBad=18446744073709551615 inputMin=-6.49685812 inputMax=1.80317032
LINEARW name=blk.31.attn_k.weight rows=1024 cols=5120 type=12
LINEARW_RESULT=CPU_FALLBACK name=blk.31.attn_k.weight
LINEAR_CPU_BEGIN name=blk.31.attn_k.weight type=12 rows=1024 cols=5120 inputFinite=1 inputBad=18446744073709551615 inputMin=-6.49685812 inputMax=1.80317032
LINEARW name=blk.31.attn_v.weight rows=1024 cols=5120 type=14
LINEARW_RESULT=CPU_FALLBACK name=blk.31.attn_v.weight
LINEAR_CPU_BEGIN name=blk.31.attn_v.weight type=14 rows=1024 cols=5120 inputFinite=1 inputBad=18446744073709551615 inputMin=-6.49685812 inputMax=1.80317032
ROPE layer=31 theta=1000000.0 local=no
LINEARW name=blk.31.attn_output.weight rows=5120 cols=5120 type=12
LINEARW_RESULT=CPU_FALLBACK name=blk.31.attn_output.weight
LINEAR_CPU_BEGIN name=blk.31.attn_output.weight type=12 rows=5120 cols=5120 inputFinite=1 inputBad=18446744073709551615 inputMin=-1.90829873 inputMax=1.51695943
FWD_LAYER layer=31 FFN_ENTER
LINEARW name=blk.31.ffn_gate.weight rows=27648 cols=5120 type=12
LINEARW_RESULT=CPU_FALLBACK name=blk.31.ffn_gate.weight
LINEAR_CPU_BEGIN name=blk.31.ffn_gate.weight type=12 rows=27648 cols=5120 inputFinite=1 inputBad=18446744073709551615 inputMin=-1.3174367 inputMax=1.13120222
LINEARW name=blk.31.ffn_up.weight rows=27648 cols=5120 type=12
LINEARW_RESULT=CPU_FALLBACK name=blk.31.ffn_up.weight
LINEAR_CPU_BEGIN name=blk.31.ffn_up.weight type=12 rows=27648 cols=5120 inputFinite=1 inputBad=18446744073709551615 inputMin=-1.3174367 inputMax=1.13120222
LINEARW name=blk.31.ffn_down.weight rows=5120 cols=27648 type=14
LINEARW_RESULT=CPU_FALLBACK name=blk.31.ffn_down.weight
LINEAR_CPU_BEGIN name=blk.31.ffn_down.weight type=14 rows=5120 cols=27648 inputFinite=1 inputBad=18446744073709551615 inputMin=-5.49108267 inputMax=8.87358093
FWD_LAYER layer=31 DONE
FWD_LAYER layer=32 seqLen=2
FWD_LAYER layer=32 ATTENTION
LINEARW name=blk.32.attn_q.weight rows=5120 cols=5120 type=12
LINEARW_RESULT=CPU_FALLBACK name=blk.32.attn_q.weight
LINEAR_CPU_BEGIN name=blk.32.attn_q.weight type=12 rows=5120 cols=5120 inputFinite=1 inputBad=18446744073709551615 inputMin=-6.23111677 inputMax=2.39371276
LINEARW name=blk.32.attn_k.weight rows=1024 cols=5120 type=12
LINEARW_RESULT=CPU_FALLBACK name=blk.32.attn_k.weight
LINEAR_CPU_BEGIN name=blk.32.attn_k.weight type=12 rows=1024 cols=5120 inputFinite=1 inputBad=18446744073709551615 inputMin=-6.23111677 inputMax=2.39371276
LINEARW name=blk.32.attn_v.weight rows=1024 cols=5120 type=12
LINEARW_RESULT=CPU_FALLBACK name=blk.32.attn_v.weight
LINEAR_CPU_BEGIN name=blk.32.attn_v.weight type=12 rows=1024 cols=5120 inputFinite=1 inputBad=18446744073709551615 inputMin=-6.23111677 inputMax=2.39371276
ROPE layer=32 theta=1000000.0 local=no
LINEARW name=blk.32.attn_output.weight rows=5120 cols=5120 type=12
LINEARW_RESULT=CPU_FALLBACK name=blk.32.attn_output.weight
LINEAR_CPU_BEGIN name=blk.32.attn_output.weight type=12 rows=5120 cols=5120 inputFinite=1 inputBad=18446744073709551615 inputMin=-2.33546805 inputMax=2.6120944
FWD_LAYER layer=32 FFN_ENTER
LINEARW name=blk.32.ffn_gate.weight rows=27648 cols=5120 type=12
LINEARW_RESULT=CPU_FALLBACK name=blk.32.ffn_gate.weight
LINEAR_CPU_BEGIN name=blk.32.ffn_gate.weight type=12 rows=27648 cols=5120 inputFinite=1 inputBad=18446744073709551615 inputMin=-1.37655735 inputMax=1.28958511
LINEARW name=blk.32.ffn_up.weight rows=27648 cols=5120 type=12
LINEARW_RESULT=CPU_FALLBACK name=blk.32.ffn_up.weight
LINEAR_CPU_BEGIN name=blk.32.ffn_up.weight type=12 rows=27648 cols=5120 inputFinite=1 inputBad=18446744073709551615 inputMin=-1.37655735 inputMax=1.28958511
LINEARW name=blk.32.ffn_down.weight rows=5120 cols=27648 type=12
LINEARW_RESULT=CPU_FALLBACK name=blk.32.ffn_down.weight
LINEAR_CPU_BEGIN name=blk.32.ffn_down.weight type=12 rows=5120 cols=27648 inputFinite=1 inputBad=18446744073709551615 inputMin=-5.10211802 inputMax=7.00090122
FWD_LAYER layer=32 DONE
FWD_LAYER layer=33 seqLen=2
FWD_LAYER layer=33 ATTENTION
LINEARW name=blk.33.attn_q.weight rows=5120 cols=5120 type=12
LINEARW_RESULT=CPU_FALLBACK name=blk.33.attn_q.weight
LINEAR_CPU_BEGIN name=blk.33.attn_q.weight type=12 rows=5120 cols=5120 inputFinite=1 inputBad=18446744073709551615 inputMin=-7.88588381 inputMax=2.49532843
LINEARW name=blk.33.attn_k.weight rows=1024 cols=5120 type=12
LINEARW_RESULT=CPU_FALLBACK name=blk.33.attn_k.weight
LINEAR_CPU_BEGIN name=blk.33.attn_k.weight type=12 rows=1024 cols=5120 inputFinite=1 inputBad=18446744073709551615 inputMin=-7.88588381 inputMax=2.49532843
LINEARW name=blk.33.attn_v.weight rows=1024 cols=5120 type=12
LINEARW_RESULT=CPU_FALLBACK name=blk.33.attn_v.weight
LINEAR_CPU_BEGIN name=blk.33.attn_v.weight type=12 rows=1024 cols=5120 inputFinite=1 inputBad=18446744073709551615 inputMin=-7.88588381 inputMax=2.49532843
ROPE layer=33 theta=1000000.0 local=no
LINEARW name=blk.33.attn_output.weight rows=5120 cols=5120 type=12
LINEARW_RESULT=CPU_FALLBACK name=blk.33.attn_output.weight
LINEAR_CPU_BEGIN name=blk.33.attn_output.weight type=12 rows=5120 cols=5120 inputFinite=1 inputBad=18446744073709551615 inputMin=-2.3094666 inputMax=3.66027761
FWD_LAYER layer=33 FFN_ENTER
LINEARW name=blk.33.ffn_gate.weight rows=27648 cols=5120 type=12
LINEARW_RESULT=CPU_FALLBACK name=blk.33.ffn_gate.weight
LINEAR_CPU_BEGIN name=blk.33.ffn_gate.weight type=12 rows=27648 cols=5120 inputFinite=1 inputBad=18446744073709551615 inputMin=-1.30626893 inputMax=1.27013612
LINEARW name=blk.33.ffn_up.weight rows=27648 cols=5120 type=12
LINEARW_RESULT=CPU_FALLBACK name=blk.33.ffn_up.weight
LINEAR_CPU_BEGIN name=blk.33.ffn_up.weight type=12 rows=27648 cols=5120 inputFinite=1 inputBad=18446744073709551615 inputMin=-1.30626893 inputMax=1.27013612
LINEARW name=blk.33.ffn_down.weight rows=5120 cols=27648 type=12
LINEARW_RESULT=CPU_FALLBACK name=blk.33.ffn_down.weight
LINEAR_CPU_BEGIN name=blk.33.ffn_down.weight type=12 rows=5120 cols=27648 inputFinite=1 inputBad=18446744073709551615 inputMin=-17.8087883 inputMax=6.82824183
FWD_LAYER layer=33 DONE
FWD_LAYER layer=34 seqLen=2
FWD_LAYER layer=34 ATTENTION
LINEARW name=blk.34.attn_q.weight rows=5120 cols=5120 type=12
LINEARW_RESULT=CPU_FALLBACK name=blk.34.attn_q.weight
LINEAR_CPU_BEGIN name=blk.34.attn_q.weight type=12 rows=5120 cols=5120 inputFinite=1 inputBad=18446744073709551615 inputMin=-9.58804607 inputMax=3.47020936
LINEARW name=blk.34.attn_k.weight rows=1024 cols=5120 type=12
LINEARW_RESULT=CPU_FALLBACK name=blk.34.attn_k.weight
LINEAR_CPU_BEGIN name=blk.34.attn_k.weight type=12 rows=1024 cols=5120 inputFinite=1 inputBad=18446744073709551615 inputMin=-9.58804607 inputMax=3.47020936
LINEARW name=blk.34.attn_v.weight rows=1024 cols=5120 type=14
LINEARW_RESULT=CPU_FALLBACK name=blk.34.attn_v.weight
LINEAR_CPU_BEGIN name=blk.34.attn_v.weight type=14 rows=1024 cols=5120 inputFinite=1 inputBad=18446744073709551615 inputMin=-9.58804607 inputMax=3.47020936
ROPE layer=34 theta=1000000.0 local=no
LINEARW name=blk.34.attn_output.weight rows=5120 cols=5120 type=12
LINEARW_RESULT=CPU_FALLBACK name=blk.34.attn_output.weight
LINEAR_CPU_BEGIN name=blk.34.attn_output.weight type=12 rows=5120 cols=5120 inputFinite=1 inputBad=18446744073709551615 inputMin=-2.29160142 inputMax=1.87570226
FWD_LAYER layer=34 FFN_ENTER
LINEARW name=blk.34.ffn_gate.weight rows=27648 cols=5120 type=12
LINEARW_RESULT=CPU_FALLBACK name=blk.34.ffn_gate.weight
LINEAR_CPU_BEGIN name=blk.34.ffn_gate.weight type=12 rows=27648 cols=5120 inputFinite=1 inputBad=18446744073709551615 inputMin=-1.30109489 inputMax=1.19133031
LINEARW name=blk.34.ffn_up.weight rows=27648 cols=5120 type=12
LINEARW_RESULT=CPU_FALLBACK name=blk.34.ffn_up.weight
LINEAR_CPU_BEGIN name=blk.34.ffn_up.weight type=12 rows=27648 cols=5120 inputFinite=1 inputBad=18446744073709551615 inputMin=-1.30109489 inputMax=1.19133031
LINEARW name=blk.34.ffn_down.weight rows=5120 cols=27648 type=14
LINEARW_RESULT=CPU_FALLBACK name=blk.34.ffn_down.weight
LINEAR_CPU_BEGIN name=blk.34.ffn_down.weight type=14 rows=5120 cols=27648 inputFinite=1 inputBad=18446744073709551615 inputMin=-5.63192987 inputMax=5.42854738
FWD_LAYER layer=34 DONE
FWD_LAYER layer=35 seqLen=2
FWD_LAYER layer=35 ATTENTION
LINEARW name=blk.35.attn_q.weight rows=5120 cols=5120 type=12
LINEARW_RESULT=CPU_FALLBACK name=blk.35.attn_q.weight
LINEAR_CPU_BEGIN name=blk.35.attn_q.weight type=12 rows=5120 cols=5120 inputFinite=1 inputBad=18446744073709551615 inputMin=-10.0319118 inputMax=3.24654579
LINEARW name=blk.35.attn_k.weight rows=1024 cols=5120 type=12
LINEARW_RESULT=CPU_FALLBACK name=blk.35.attn_k.weight
LINEAR_CPU_BEGIN name=blk.35.attn_k.weight type=12 rows=1024 cols=5120 inputFinite=1 inputBad=18446744073709551615 inputMin=-10.0319118 inputMax=3.24654579
LINEARW name=blk.35.attn_v.weight rows=1024 cols=5120 type=12
LINEARW_RESULT=CPU_FALLBACK name=blk.35.attn_v.weight
LINEAR_CPU_BEGIN name=blk.35.attn_v.weight type=12 rows=1024 cols=5120 inputFinite=1 inputBad=18446744073709551615 inputMin=-10.0319118 inputMax=3.24654579
ROPE layer=35 theta=1000000.0 local=no
LINEARW name=blk.35.attn_output.weight rows=5120 cols=5120 type=12
LINEARW_RESULT=CPU_FALLBACK name=blk.35.attn_output.weight
LINEAR_CPU_BEGIN name=blk.35.attn_output.weight type=12 rows=5120 cols=5120 inputFinite=1 inputBad=18446744073709551615 inputMin=-4.06221533 inputMax=1.89884388
FWD_LAYER layer=35 FFN_ENTER
LINEARW name=blk.35.ffn_gate.weight rows=27648 cols=5120 type=12
LINEARW_RESULT=CPU_FALLBACK name=blk.35.ffn_gate.weight
LINEAR_CPU_BEGIN name=blk.35.ffn_gate.weight type=12 rows=27648 cols=5120 inputFinite=1 inputBad=18446744073709551615 inputMin=-1.37770307 inputMax=1.20864868
LINEARW name=blk.35.ffn_up.weight rows=27648 cols=5120 type=12
LINEARW_RESULT=CPU_FALLBACK name=blk.35.ffn_up.weight
LINEAR_CPU_BEGIN name=blk.35.ffn_up.weight type=12 rows=27648 cols=5120 inputFinite=1 inputBad=18446744073709551615 inputMin=-1.37770307 inputMax=1.20864868
LINEARW name=blk.35.ffn_down.weight rows=5120 cols=27648 type=12
LINEARW_RESULT=CPU_FALLBACK name=blk.35.ffn_down.weight
LINEAR_CPU_BEGIN name=blk.35.ffn_down.weight type=12 rows=5120 cols=27648 inputFinite=1 inputBad=18446744073709551615 inputMin=-10.6150799 inputMax=4.85203266
FWD_LAYER layer=35 DONE
FWD_LAYER layer=36 seqLen=2
FWD_LAYER layer=36 ATTENTION
LINEARW name=blk.36.attn_q.weight rows=5120 cols=5120 type=12
LINEARW_RESULT=CPU_FALLBACK name=blk.36.attn_q.weight
LINEAR_CPU_BEGIN name=blk.36.attn_q.weight type=12 rows=5120 cols=5120 inputFinite=1 inputBad=18446744073709551615 inputMin=-12.3361578 inputMax=4.05731678
LINEARW name=blk.36.attn_k.weight rows=1024 cols=5120 type=12
LINEARW_RESULT=CPU_FALLBACK name=blk.36.attn_k.weight
LINEAR_CPU_BEGIN name=blk.36.attn_k.weight type=12 rows=1024 cols=5120 inputFinite=1 inputBad=18446744073709551615 inputMin=-12.3361578 inputMax=4.05731678
LINEARW name=blk.36.attn_v.weight rows=1024 cols=5120 type=12
LINEARW_RESULT=CPU_FALLBACK name=blk.36.attn_v.weight
LINEAR_CPU_BEGIN name=blk.36.attn_v.weight type=12 rows=1024 cols=5120 inputFinite=1 inputBad=18446744073709551615 inputMin=-12.3361578 inputMax=4.05731678
ROPE layer=36 theta=1000000.0 local=no
LINEARW name=blk.36.attn_output.weight rows=5120 cols=5120 type=12
LINEARW_RESULT=CPU_FALLBACK name=blk.36.attn_output.weight
LINEAR_CPU_BEGIN name=blk.36.attn_output.weight type=12 rows=5120 cols=5120 inputFinite=1 inputBad=18446744073709551615 inputMin=-3.55638599 inputMax=4.09335184
FWD_LAYER layer=36 FFN_ENTER
LINEARW name=blk.36.ffn_gate.weight rows=27648 cols=5120 type=12
LINEARW_RESULT=CPU_FALLBACK name=blk.36.ffn_gate.weight
LINEAR_CPU_BEGIN name=blk.36.ffn_gate.weight type=12 rows=27648 cols=5120 inputFinite=1 inputBad=18446744073709551615 inputMin=-2.62701201 inputMax=1.36489391
LINEARW name=blk.36.ffn_up.weight rows=27648 cols=5120 type=12
LINEARW_RESULT=CPU_FALLBACK name=blk.36.ffn_up.weight
LINEAR_CPU_BEGIN name=blk.36.ffn_up.weight type=12 rows=27648 cols=5120 inputFinite=1 inputBad=18446744073709551615 inputMin=-2.62701201 inputMax=1.36489391
LINEARW name=blk.36.ffn_down.weight rows=5120 cols=27648 type=12
LINEARW_RESULT=CPU_FALLBACK name=blk.36.ffn_down.weight
LINEAR_CPU_BEGIN name=blk.36.ffn_down.weight type=12 rows=5120 cols=27648 inputFinite=1 inputBad=18446744073709551615 inputMin=-6.08445358 inputMax=4.34676886
FWD_LAYER layer=36 DONE
FWD_LAYER layer=37 seqLen=2
FWD_LAYER layer=37 ATTENTION
LINEARW name=blk.37.attn_q.weight rows=5120 cols=5120 type=12
LINEARW_RESULT=CPU_FALLBACK name=blk.37.attn_q.weight
LINEAR_CPU_BEGIN name=blk.37.attn_q.weight type=12 rows=5120 cols=5120 inputFinite=1 inputBad=18446744073709551615 inputMin=-13.9030914 inputMax=2.22233033
LINEARW name=blk.37.attn_k.weight rows=1024 cols=5120 type=12
LINEARW_RESULT=CPU_FALLBACK name=blk.37.attn_k.weight
LINEAR_CPU_BEGIN name=blk.37.attn_k.weight type=12 rows=1024 cols=5120 inputFinite=1 inputBad=18446744073709551615 inputMin=-13.9030914 inputMax=2.22233033
LINEARW name=blk.37.attn_v.weight rows=1024 cols=5120 type=14
LINEARW_RESULT=CPU_FALLBACK name=blk.37.attn_v.weight
LINEAR_CPU_BEGIN name=blk.37.attn_v.weight type=14 rows=1024 cols=5120 inputFinite=1 inputBad=18446744073709551615 inputMin=-13.9030914 inputMax=2.22233033
ROPE layer=37 theta=1000000.0 local=no
LINEARW name=blk.37.attn_output.weight rows=5120 cols=5120 type=12
LINEARW_RESULT=CPU_FALLBACK name=blk.37.attn_output.weight
LINEAR_CPU_BEGIN name=blk.37.attn_output.weight type=12 rows=5120 cols=5120 inputFinite=1 inputBad=18446744073709551615 inputMin=-3.40428185 inputMax=5.17214727
FWD_LAYER layer=37 FFN_ENTER
LINEARW name=blk.37.ffn_gate.weight rows=27648 cols=5120 type=12
LINEARW_RESULT=CPU_FALLBACK name=blk.37.ffn_gate.weight
LINEAR_CPU_BEGIN name=blk.37.ffn_gate.weight type=12 rows=27648 cols=5120 inputFinite=1 inputBad=18446744073709551615 inputMin=-3.05628181 inputMax=1.90556693
LINEARW name=blk.37.ffn_up.weight rows=27648 cols=5120 type=12
LINEARW_RESULT=CPU_FALLBACK name=blk.37.ffn_up.weight
LINEAR_CPU_BEGIN name=blk.37.ffn_up.weight type=12 rows=27648 cols=5120 inputFinite=1 inputBad=18446744073709551615 inputMin=-3.05628181 inputMax=1.90556693
LINEARW name=blk.37.ffn_down.weight rows=5120 cols=27648 type=14
LINEARW_RESULT=CPU_FALLBACK name=blk.37.ffn_down.weight
LINEAR_CPU_BEGIN name=blk.37.ffn_down.weight type=14 rows=5120 cols=27648 inputFinite=1 inputBad=18446744073709551615 inputMin=-3.80262637 inputMax=6.27131748
FWD_LAYER layer=37 DONE
FWD_LAYER layer=38 seqLen=2
FWD_LAYER layer=38 ATTENTION
LINEARW name=blk.38.attn_q.weight rows=5120 cols=5120 type=12
LINEARW_RESULT=CPU_FALLBACK name=blk.38.attn_q.weight
LINEAR_CPU_BEGIN name=blk.38.attn_q.weight type=12 rows=5120 cols=5120 inputFinite=1 inputBad=18446744073709551615 inputMin=-19.3193436 inputMax=2.82367277
LINEARW name=blk.38.attn_k.weight rows=1024 cols=5120 type=12
LINEARW_RESULT=CPU_FALLBACK name=blk.38.attn_k.weight
LINEAR_CPU_BEGIN name=blk.38.attn_k.weight type=12 rows=1024 cols=5120 inputFinite=1 inputBad=18446744073709551615 inputMin=-19.3193436 inputMax=2.82367277
LINEARW name=blk.38.attn_v.weight rows=1024 cols=5120 type=12
LINEARW_RESULT=CPU_FALLBACK name=blk.38.attn_v.weight
LINEAR_CPU_BEGIN name=blk.38.attn_v.weight type=12 rows=1024 cols=5120 inputFinite=1 inputBad=18446744073709551615 inputMin=-19.3193436 inputMax=2.82367277
ROPE layer=38 theta=1000000.0 local=no
LINEARW name=blk.38.attn_output.weight rows=5120 cols=5120 type=12
LINEARW_RESULT=CPU_FALLBACK name=blk.38.attn_output.weight
LINEAR_CPU_BEGIN name=blk.38.attn_output.weight type=12 rows=5120 cols=5120 inputFinite=1 inputBad=18446744073709551615 inputMin=-2.08775306 inputMax=2.28553963
FWD_LAYER layer=38 FFN_ENTER
LINEARW name=blk.38.ffn_gate.weight rows=27648 cols=5120 type=12
LINEARW_RESULT=CPU_FALLBACK name=blk.38.ffn_gate.weight
LINEAR_CPU_BEGIN name=blk.38.ffn_gate.weight type=12 rows=27648 cols=5120 inputFinite=1 inputBad=18446744073709551615 inputMin=-2.3600657 inputMax=2.31216979
LINEARW name=blk.38.ffn_up.weight rows=27648 cols=5120 type=12
LINEARW_RESULT=CPU_FALLBACK name=blk.38.ffn_up.weight
LINEAR_CPU_BEGIN name=blk.38.ffn_up.weight type=12 rows=27648 cols=5120 inputFinite=1 inputBad=18446744073709551615 inputMin=-2.3600657 inputMax=2.31216979
LINEARW name=blk.38.ffn_down.weight rows=5120 cols=27648 type=12
LINEARW_RESULT=CPU_FALLBACK name=blk.38.ffn_down.weight
LINEAR_CPU_BEGIN name=blk.38.ffn_down.weight type=12 rows=5120 cols=27648 inputFinite=1 inputBad=18446744073709551615 inputMin=-3.5653913 inputMax=7.98753643
FWD_LAYER layer=38 DONE
FWD_LAYER layer=39 seqLen=2
FWD_LAYER layer=39 ATTENTION
LINEARW name=blk.39.attn_q.weight rows=5120 cols=5120 type=12
LINEARW_RESULT=CPU_FALLBACK name=blk.39.attn_q.weight
LINEAR_CPU_BEGIN name=blk.39.attn_q.weight type=12 rows=5120 cols=5120 inputFinite=1 inputBad=18446744073709551615 inputMin=-16.5975704 inputMax=2.55746818
LINEARW name=blk.39.attn_k.weight rows=1024 cols=5120 type=12
LINEARW_RESULT=CPU_FALLBACK name=blk.39.attn_k.weight
LINEAR_CPU_BEGIN name=blk.39.attn_k.weight type=12 rows=1024 cols=5120 inputFinite=1 inputBad=18446744073709551615 inputMin=-16.5975704 inputMax=2.55746818
LINEARW name=blk.39.attn_v.weight rows=1024 cols=5120 type=12
LINEARW_RESULT=CPU_FALLBACK name=blk.39.attn_v.weight
LINEAR_CPU_BEGIN name=blk.39.attn_v.weight type=12 rows=1024 cols=5120 inputFinite=1 inputBad=18446744073709551615 inputMin=-16.5975704 inputMax=2.55746818
ROPE layer=39 theta=1000000.0 local=no
LINEARW name=blk.39.attn_output.weight rows=5120 cols=5120 type=12
LINEARW_RESULT=CPU_FALLBACK name=blk.39.attn_output.weight
LINEAR_CPU_BEGIN name=blk.39.attn_output.weight type=12 rows=5120 cols=5120 inputFinite=1 inputBad=18446744073709551615 inputMin=-1.86956429 inputMax=2.84376621
FWD_LAYER layer=39 FFN_ENTER
LINEARW name=blk.39.ffn_gate.weight rows=27648 cols=5120 type=12
LINEARW_RESULT=CPU_FALLBACK name=blk.39.ffn_gate.weight
LINEAR_CPU_BEGIN name=blk.39.ffn_gate.weight type=12 rows=27648 cols=5120 inputFinite=1 inputBad=18446744073709551615 inputMin=-2.83931613 inputMax=3.28820801
LINEARW name=blk.39.ffn_up.weight rows=27648 cols=5120 type=12
LINEARW_RESULT=CPU_FALLBACK name=blk.39.ffn_up.weight
LINEAR_CPU_BEGIN name=blk.39.ffn_up.weight type=12 rows=27648 cols=5120 inputFinite=1 inputBad=18446744073709551615 inputMin=-2.83931613 inputMax=3.28820801
LINEARW name=blk.39.ffn_down.weight rows=5120 cols=27648 type=12
LINEARW_RESULT=CPU_FALLBACK name=blk.39.ffn_down.weight
LINEAR_CPU_BEGIN name=blk.39.ffn_down.weight type=12 rows=5120 cols=27648 inputFinite=1 inputBad=18446744073709551615 inputMin=-8.88154221 inputMax=12.0306501
FWD_LAYER layer=39 DONE
FWD_LAYER layer=40 seqLen=2
FWD_LAYER layer=40 ATTENTION
LINEARW name=blk.40.attn_q.weight rows=5120 cols=5120 type=12
LINEARW_RESULT=CPU_FALLBACK name=blk.40.attn_q.weight
LINEAR_CPU_BEGIN name=blk.40.attn_q.weight type=12 rows=5120 cols=5120 inputFinite=1 inputBad=18446744073709551615 inputMin=-19.1475353 inputMax=2.53558803
LINEARW name=blk.40.attn_k.weight rows=1024 cols=5120 type=12
LINEARW_RESULT=CPU_FALLBACK name=blk.40.attn_k.weight
LINEAR_CPU_BEGIN name=blk.40.attn_k.weight type=12 rows=1024 cols=5120 inputFinite=1 inputBad=18446744073709551615 inputMin=-19.1475353 inputMax=2.53558803
LINEARW name=blk.40.attn_v.weight rows=1024 cols=5120 type=14
LINEARW_RESULT=CPU_FALLBACK name=blk.40.attn_v.weight
LINEAR_CPU_BEGIN name=blk.40.attn_v.weight type=14 rows=1024 cols=5120 inputFinite=1 inputBad=18446744073709551615 inputMin=-19.1475353 inputMax=2.53558803
ROPE layer=40 theta=1000000.0 local=no
LINEARW name=blk.40.attn_output.weight rows=5120 cols=5120 type=12
LINEARW_RESULT=CPU_FALLBACK name=blk.40.attn_output.weight
LINEAR_CPU_BEGIN name=blk.40.attn_output.weight type=12 rows=5120 cols=5120 inputFinite=1 inputBad=18446744073709551615 inputMin=-3.14431119 inputMax=2.53820944
FWD_LAYER layer=40 FFN_ENTER
LINEARW name=blk.40.ffn_gate.weight rows=27648 cols=5120 type=12
LINEARW_RESULT=CPU_FALLBACK name=blk.40.ffn_gate.weight
LINEAR_CPU_BEGIN name=blk.40.ffn_gate.weight type=12 rows=27648 cols=5120 inputFinite=1 inputBad=18446744073709551615 inputMin=-3.38969612 inputMax=2.77444601
LINEARW name=blk.40.ffn_up.weight rows=27648 cols=5120 type=12
LINEARW_RESULT=CPU_FALLBACK name=blk.40.ffn_up.weight
LINEAR_CPU_BEGIN name=blk.40.ffn_up.weight type=12 rows=27648 cols=5120 inputFinite=1 inputBad=18446744073709551615 inputMin=-3.38969612 inputMax=2.77444601
LINEARW name=blk.40.ffn_down.weight rows=5120 cols=27648 type=14
LINEARW_RESULT=CPU_FALLBACK name=blk.40.ffn_down.weight
LINEAR_CPU_BEGIN name=blk.40.ffn_down.weight type=14 rows=5120 cols=27648 inputFinite=1 inputBad=18446744073709551615 inputMin=-3.65155029 inputMax=12.1548023
FWD_LAYER layer=40 DONE
FWD_LAYER layer=41 seqLen=2
FWD_LAYER layer=41 ATTENTION
LINEARW name=blk.41.attn_q.weight rows=5120 cols=5120 type=12
LINEARW_RESULT=CPU_FALLBACK name=blk.41.attn_q.weight
LINEAR_CPU_BEGIN name=blk.41.attn_q.weight type=12 rows=5120 cols=5120 inputFinite=1 inputBad=18446744073709551615 inputMin=-21.7891006 inputMax=3.07947206
LINEARW name=blk.41.attn_k.weight rows=1024 cols=5120 type=12
LINEARW_RESULT=CPU_FALLBACK name=blk.41.attn_k.weight
LINEAR_CPU_BEGIN name=blk.41.attn_k.weight type=12 rows=1024 cols=5120 inputFinite=1 inputBad=18446744073709551615 inputMin=-21.7891006 inputMax=3.07947206
LINEARW name=blk.41.attn_v.weight rows=1024 cols=5120 type=12
LINEARW_RESULT=CPU_FALLBACK name=blk.41.attn_v.weight
LINEAR_CPU_BEGIN name=blk.41.attn_v.weight type=12 rows=1024 cols=5120 inputFinite=1 inputBad=18446744073709551615 inputMin=-21.7891006 inputMax=3.07947206
ROPE layer=41 theta=1000000.0 local=no
LINEARW name=blk.41.attn_output.weight rows=5120 cols=5120 type=12
LINEARW_RESULT=CPU_FALLBACK name=blk.41.attn_output.weight
LINEAR_CPU_BEGIN name=blk.41.attn_output.weight type=12 rows=5120 cols=5120 inputFinite=1 inputBad=18446744073709551615 inputMin=-2.84428334 inputMax=1.83723986
FWD_LAYER layer=41 FFN_ENTER
LINEARW name=blk.41.ffn_gate.weight rows=27648 cols=5120 type=12
LINEARW_RESULT=CPU_FALLBACK name=blk.41.ffn_gate.weight
LINEAR_CPU_BEGIN name=blk.41.ffn_gate.weight type=12 rows=27648 cols=5120 inputFinite=1 inputBad=18446744073709551615 inputMin=-2.38200188 inputMax=4.05217648
LINEARW name=blk.41.ffn_up.weight rows=27648 cols=5120 type=12
LINEARW_RESULT=CPU_FALLBACK name=blk.41.ffn_up.weight
LINEAR_CPU_BEGIN name=blk.41.ffn_up.weight type=12 rows=27648 cols=5120 inputFinite=1 inputBad=18446744073709551615 inputMin=-2.38200188 inputMax=4.05217648
LINEARW name=blk.41.ffn_down.weight rows=5120 cols=27648 type=12
LINEARW_RESULT=CPU_FALLBACK name=blk.41.ffn_down.weight
LINEAR_CPU_BEGIN name=blk.41.ffn_down.weight type=12 rows=5120 cols=27648 inputFinite=1 inputBad=18446744073709551615 inputMin=-5.18938589 inputMax=3.22003126
FWD_LAYER layer=41 DONE
FWD_LAYER layer=42 seqLen=2
FWD_LAYER layer=42 ATTENTION
LINEARW name=blk.42.attn_q.weight rows=5120 cols=5120 type=12
LINEARW_RESULT=CPU_FALLBACK name=blk.42.attn_q.weight
LINEAR_CPU_BEGIN name=blk.42.attn_q.weight type=12 rows=5120 cols=5120 inputFinite=1 inputBad=18446744073709551615 inputMin=-18.0149307 inputMax=2.40210509
LINEARW name=blk.42.attn_k.weight rows=1024 cols=5120 type=12
LINEARW_RESULT=CPU_FALLBACK name=blk.42.attn_k.weight
LINEAR_CPU_BEGIN name=blk.42.attn_k.weight type=12 rows=1024 cols=5120 inputFinite=1 inputBad=18446744073709551615 inputMin=-18.0149307 inputMax=2.40210509
LINEARW name=blk.42.attn_v.weight rows=1024 cols=5120 type=12
LINEARW_RESULT=CPU_FALLBACK name=blk.42.attn_v.weight
LINEAR_CPU_BEGIN name=blk.42.attn_v.weight type=12 rows=1024 cols=5120 inputFinite=1 inputBad=18446744073709551615 inputMin=-18.0149307 inputMax=2.40210509
ROPE layer=42 theta=1000000.0 local=no
LINEARW name=blk.42.attn_output.weight rows=5120 cols=5120 type=12
LINEARW_RESULT=CPU_FALLBACK name=blk.42.attn_output.weight
LINEAR_CPU_BEGIN name=blk.42.attn_output.weight type=12 rows=5120 cols=5120 inputFinite=1 inputBad=18446744073709551615 inputMin=-5.11760044 inputMax=4.83376694
FWD_LAYER layer=42 FFN_ENTER
LINEARW name=blk.42.ffn_gate.weight rows=27648 cols=5120 type=12
LINEARW_RESULT=CPU_FALLBACK name=blk.42.ffn_gate.weight
LINEAR_CPU_BEGIN name=blk.42.ffn_gate.weight type=12 rows=27648 cols=5120 inputFinite=1 inputBad=18446744073709551615 inputMin=-2.59356141 inputMax=4.67761517
LINEARW name=blk.42.ffn_up.weight rows=27648 cols=5120 type=12
LINEARW_RESULT=CPU_FALLBACK name=blk.42.ffn_up.weight
LINEAR_CPU_BEGIN name=blk.42.ffn_up.weight type=12 rows=27648 cols=5120 inputFinite=1 inputBad=18446744073709551615 inputMin=-2.59356141 inputMax=4.67761517
LINEARW name=blk.42.ffn_down.weight rows=5120 cols=27648 type=12
LINEARW_RESULT=CPU_FALLBACK name=blk.42.ffn_down.weight
LINEAR_CPU_BEGIN name=blk.42.ffn_down.weight type=12 rows=5120 cols=27648 inputFinite=1 inputBad=18446744073709551615 inputMin=-6.8341527 inputMax=5.6157937
FWD_LAYER layer=42 DONE
FWD_LAYER layer=43 seqLen=2
FWD_LAYER layer=43 ATTENTION
LINEARW name=blk.43.attn_q.weight rows=5120 cols=5120 type=12
LINEARW_RESULT=CPU_FALLBACK name=blk.43.attn_q.weight
LINEAR_CPU_BEGIN name=blk.43.attn_q.weight type=12 rows=5120 cols=5120 inputFinite=1 inputBad=18446744073709551615 inputMin=-18.0178375 inputMax=2.74335122
LINEARW name=blk.43.attn_k.weight rows=1024 cols=5120 type=12
LINEARW_RESULT=CPU_FALLBACK name=blk.43.attn_k.weight
LINEAR_CPU_BEGIN name=blk.43.attn_k.weight type=12 rows=1024 cols=5120 inputFinite=1 inputBad=18446744073709551615 inputMin=-18.0178375 inputMax=2.74335122
LINEARW name=blk.43.attn_v.weight rows=1024 cols=5120 type=14
LINEARW_RESULT=CPU_FALLBACK name=blk.43.attn_v.weight
LINEAR_CPU_BEGIN name=blk.43.attn_v.weight type=14 rows=1024 cols=5120 inputFinite=1 inputBad=18446744073709551615 inputMin=-18.0178375 inputMax=2.74335122
ROPE layer=43 theta=1000000.0 local=no
LINEARW name=blk.43.attn_output.weight rows=5120 cols=5120 type=12
LINEARW_RESULT=CPU_FALLBACK name=blk.43.attn_output.weight
LINEAR_CPU_BEGIN name=blk.43.attn_output.weight type=12 rows=5120 cols=5120 inputFinite=1 inputBad=18446744073709551615 inputMin=-4.57697535 inputMax=2.46391058
FWD_LAYER layer=43 FFN_ENTER
LINEARW name=blk.43.ffn_gate.weight rows=27648 cols=5120 type=12
LINEARW_RESULT=CPU_FALLBACK name=blk.43.ffn_gate.weight
LINEAR_CPU_BEGIN name=blk.43.ffn_gate.weight type=12 rows=27648 cols=5120 inputFinite=1 inputBad=18446744073709551615 inputMin=-3.08840442 inputMax=4.87784338
LINEARW name=blk.43.ffn_up.weight rows=27648 cols=5120 type=12
LINEARW_RESULT=CPU_FALLBACK name=blk.43.ffn_up.weight
LINEAR_CPU_BEGIN name=blk.43.ffn_up.weight type=12 rows=27648 cols=5120 inputFinite=1 inputBad=18446744073709551615 inputMin=-3.08840442 inputMax=4.87784338
LINEARW name=blk.43.ffn_down.weight rows=5120 cols=27648 type=14
LINEARW_RESULT=CPU_FALLBACK name=blk.43.ffn_down.weight
LINEAR_CPU_BEGIN name=blk.43.ffn_down.weight type=14 rows=5120 cols=27648 inputFinite=1 inputBad=18446744073709551615 inputMin=-4.45462751 inputMax=4.66995144
FWD_LAYER layer=43 DONE
FWD_LAYER layer=44 seqLen=2
FWD_LAYER layer=44 ATTENTION
LINEARW name=blk.44.attn_q.weight rows=5120 cols=5120 type=12
LINEARW_RESULT=CPU_FALLBACK name=blk.44.attn_q.weight
LINEAR_CPU_BEGIN name=blk.44.attn_q.weight type=12 rows=5120 cols=5120 inputFinite=1 inputBad=18446744073709551615 inputMin=-18.6775303 inputMax=2.47307777
LINEARW name=blk.44.attn_k.weight rows=1024 cols=5120 type=12
LINEARW_RESULT=CPU_FALLBACK name=blk.44.attn_k.weight
LINEAR_CPU_BEGIN name=blk.44.attn_k.weight type=12 rows=1024 cols=5120 inputFinite=1 inputBad=18446744073709551615 inputMin=-18.6775303 inputMax=2.47307777
LINEARW name=blk.44.attn_v.weight rows=1024 cols=5120 type=12
LINEARW_RESULT=CPU_FALLBACK name=blk.44.attn_v.weight
LINEAR_CPU_BEGIN name=blk.44.attn_v.weight type=12 rows=1024 cols=5120 inputFinite=1 inputBad=18446744073709551615 inputMin=-18.6775303 inputMax=2.47307777
ROPE layer=44 theta=1000000.0 local=no
LINEARW name=blk.44.attn_output.weight rows=5120 cols=5120 type=12
LINEARW_RESULT=CPU_FALLBACK name=blk.44.attn_output.weight
LINEAR_CPU_BEGIN name=blk.44.attn_output.weight type=12 rows=5120 cols=5120 inputFinite=1 inputBad=18446744073709551615 inputMin=-3.22924185 inputMax=1.95349586
FWD_LAYER layer=44 FFN_ENTER
LINEARW name=blk.44.ffn_gate.weight rows=27648 cols=5120 type=12
LINEARW_RESULT=CPU_FALLBACK name=blk.44.ffn_gate.weight
LINEAR_CPU_BEGIN name=blk.44.ffn_gate.weight type=12 rows=27648 cols=5120 inputFinite=1 inputBad=18446744073709551615 inputMin=-4.48882866 inputMax=3.61486197
LINEARW name=blk.44.ffn_up.weight rows=27648 cols=5120 type=12
LINEARW_RESULT=CPU_FALLBACK name=blk.44.ffn_up.weight
LINEAR_CPU_BEGIN name=blk.44.ffn_up.weight type=12 rows=27648 cols=5120 inputFinite=1 inputBad=18446744073709551615 inputMin=-4.48882866 inputMax=3.61486197
LINEARW name=blk.44.ffn_down.weight rows=5120 cols=27648 type=12
LINEARW_RESULT=CPU_FALLBACK name=blk.44.ffn_down.weight
LINEAR_CPU_BEGIN name=blk.44.ffn_down.weight type=12 rows=5120 cols=27648 inputFinite=1 inputBad=18446744073709551615 inputMin=-7.03538036 inputMax=6.25290489
FWD_LAYER layer=44 DONE
FWD_LAYER layer=45 seqLen=2
FWD_LAYER layer=45 ATTENTION
LINEARW name=blk.45.attn_q.weight rows=5120 cols=5120 type=12
LINEARW_RESULT=CPU_FALLBACK name=blk.45.attn_q.weight
LINEAR_CPU_BEGIN name=blk.45.attn_q.weight type=12 rows=5120 cols=5120 inputFinite=1 inputBad=18446744073709551615 inputMin=-23.9113941 inputMax=2.70526171
LINEARW name=blk.45.attn_k.weight rows=1024 cols=5120 type=12
LINEARW_RESULT=CPU_FALLBACK name=blk.45.attn_k.weight
LINEAR_CPU_BEGIN name=blk.45.attn_k.weight type=12 rows=1024 cols=5120 inputFinite=1 inputBad=18446744073709551615 inputMin=-23.9113941 inputMax=2.70526171
LINEARW name=blk.45.attn_v.weight rows=1024 cols=5120 type=12
LINEARW_RESULT=CPU_FALLBACK name=blk.45.attn_v.weight
LINEAR_CPU_BEGIN name=blk.45.attn_v.weight type=12 rows=1024 cols=5120 inputFinite=1 inputBad=18446744073709551615 inputMin=-23.9113941 inputMax=2.70526171
ROPE layer=45 theta=1000000.0 local=no
LINEARW name=blk.45.attn_output.weight rows=5120 cols=5120 type=12
LINEARW_RESULT=CPU_FALLBACK name=blk.45.attn_output.weight
LINEAR_CPU_BEGIN name=blk.45.attn_output.weight type=12 rows=5120 cols=5120 inputFinite=1 inputBad=18446744073709551615 inputMin=-2.75309515 inputMax=2.93048477
FWD_LAYER layer=45 FFN_ENTER
LINEARW name=blk.45.ffn_gate.weight rows=27648 cols=5120 type=12
LINEARW_RESULT=CPU_FALLBACK name=blk.45.ffn_gate.weight
LINEAR_CPU_BEGIN name=blk.45.ffn_gate.weight type=12 rows=27648 cols=5120 inputFinite=1 inputBad=18446744073709551615 inputMin=-3.07799792 inputMax=4.09153605
LINEARW name=blk.45.ffn_up.weight rows=27648 cols=5120 type=12
LINEARW_RESULT=CPU_FALLBACK name=blk.45.ffn_up.weight
LINEAR_CPU_BEGIN name=blk.45.ffn_up.weight type=12 rows=27648 cols=5120 inputFinite=1 inputBad=18446744073709551615 inputMin=-3.07799792 inputMax=4.09153605
LINEARW name=blk.45.ffn_down.weight rows=5120 cols=27648 type=12
LINEARW_RESULT=CPU_FALLBACK name=blk.45.ffn_down.weight
LINEAR_CPU_BEGIN name=blk.45.ffn_down.weight type=12 rows=5120 cols=27648 inputFinite=1 inputBad=18446744073709551615 inputMin=-4.37632942 inputMax=5.57669735
FWD_LAYER layer=45 DONE
FWD_LAYER layer=46 seqLen=2
FWD_LAYER layer=46 ATTENTION
LINEARW name=blk.46.attn_q.weight rows=5120 cols=5120 type=12
LINEARW_RESULT=CPU_FALLBACK name=blk.46.attn_q.weight
LINEAR_CPU_BEGIN name=blk.46.attn_q.weight type=12 rows=5120 cols=5120 inputFinite=1 inputBad=18446744073709551615 inputMin=-20.7130871 inputMax=2.35573459
LINEARW name=blk.46.attn_k.weight rows=1024 cols=5120 type=12
LINEARW_RESULT=CPU_FALLBACK name=blk.46.attn_k.weight
LINEAR_CPU_BEGIN name=blk.46.attn_k.weight type=12 rows=1024 cols=5120 inputFinite=1 inputBad=18446744073709551615 inputMin=-20.7130871 inputMax=2.35573459
LINEARW name=blk.46.attn_v.weight rows=1024 cols=5120 type=14
LINEARW_RESULT=CPU_FALLBACK name=blk.46.attn_v.weight
LINEAR_CPU_BEGIN name=blk.46.attn_v.weight type=14 rows=1024 cols=5120 inputFinite=1 inputBad=18446744073709551615 inputMin=-20.7130871 inputMax=2.35573459
ROPE layer=46 theta=1000000.0 local=no
LINEARW name=blk.46.attn_output.weight rows=5120 cols=5120 type=12
LINEARW_RESULT=CPU_FALLBACK name=blk.46.attn_output.weight
LINEAR_CPU_BEGIN name=blk.46.attn_output.weight type=12 rows=5120 cols=5120 inputFinite=1 inputBad=18446744073709551615 inputMin=-2.37401056 inputMax=4.0553937
FWD_LAYER layer=46 FFN_ENTER
LINEARW name=blk.46.ffn_gate.weight rows=27648 cols=5120 type=12
LINEARW_RESULT=CPU_FALLBACK name=blk.46.ffn_gate.weight
LINEAR_CPU_BEGIN name=blk.46.ffn_gate.weight type=12 rows=27648 cols=5120 inputFinite=1 inputBad=18446744073709551615 inputMin=-2.5637269 inputMax=3.88479877
LINEARW name=blk.46.ffn_up.weight rows=27648 cols=5120 type=12
LINEARW_RESULT=CPU_FALLBACK name=blk.46.ffn_up.weight
LINEAR_CPU_BEGIN name=blk.46.ffn_up.weight type=12 rows=27648 cols=5120 inputFinite=1 inputBad=18446744073709551615 inputMin=-2.5637269 inputMax=3.88479877
LINEARW name=blk.46.ffn_down.weight rows=5120 cols=27648 type=14
LINEARW_RESULT=CPU_FALLBACK name=blk.46.ffn_down.weight
LINEAR_CPU_BEGIN name=blk.46.ffn_down.weight type=14 rows=5120 cols=27648 inputFinite=1 inputBad=18446744073709551615 inputMin=-21.3451252 inputMax=7.69076157
FWD_LAYER layer=46 DONE
FWD_LAYER layer=47 seqLen=2
FWD_LAYER layer=47 ATTENTION
LINEARW name=blk.47.attn_q.weight rows=5120 cols=5120 type=12
LINEARW_RESULT=CPU_FALLBACK name=blk.47.attn_q.weight
LINEAR_CPU_BEGIN name=blk.47.attn_q.weight type=12 rows=5120 cols=5120 inputFinite=1 inputBad=18446744073709551615 inputMin=-18.9380741 inputMax=2.07798409
LINEARW name=blk.47.attn_k.weight rows=1024 cols=5120 type=12
LINEARW_RESULT=CPU_FALLBACK name=blk.47.attn_k.weight
LINEAR_CPU_BEGIN name=blk.47.attn_k.weight type=12 rows=1024 cols=5120 inputFinite=1 inputBad=18446744073709551615 inputMin=-18.9380741 inputMax=2.07798409
LINEARW name=blk.47.attn_v.weight rows=1024 cols=5120 type=12
LINEARW_RESULT=CPU_FALLBACK name=blk.47.attn_v.weight
LINEAR_CPU_BEGIN name=blk.47.attn_v.weight type=12 rows=1024 cols=5120 inputFinite=1 inputBad=18446744073709551615 inputMin=-18.9380741 inputMax=2.07798409
ROPE layer=47 theta=1000000.0 local=no
LINEARW name=blk.47.attn_output.weight rows=5120 cols=5120 type=12
LINEARW_RESULT=CPU_FALLBACK name=blk.47.attn_output.weight
LINEAR_CPU_BEGIN name=blk.47.attn_output.weight type=12 rows=5120 cols=5120 inputFinite=1 inputBad=18446744073709551615 inputMin=-1.41267049 inputMax=2.76446557
FWD_LAYER layer=47 FFN_ENTER
LINEARW name=blk.47.ffn_gate.weight rows=27648 cols=5120 type=12
LINEARW_RESULT=CPU_FALLBACK name=blk.47.ffn_gate.weight
LINEAR_CPU_BEGIN name=blk.47.ffn_gate.weight type=12 rows=27648 cols=5120 inputFinite=1 inputBad=18446744073709551615 inputMin=-2.56083488 inputMax=4.38554907
LINEARW name=blk.47.ffn_up.weight rows=27648 cols=5120 type=12
LINEARW_RESULT=CPU_FALLBACK name=blk.47.ffn_up.weight
LINEAR_CPU_BEGIN name=blk.47.ffn_up.weight type=12 rows=27648 cols=5120 inputFinite=1 inputBad=18446744073709551615 inputMin=-2.56083488 inputMax=4.38554907
LINEARW name=blk.47.ffn_down.weight rows=5120 cols=27648 type=12
LINEARW_RESULT=CPU_FALLBACK name=blk.47.ffn_down.weight
LINEAR_CPU_BEGIN name=blk.47.ffn_down.weight type=12 rows=5120 cols=27648 inputFinite=1 inputBad=18446744073709551615 inputMin=-11.3523283 inputMax=12.2652349
FWD_LAYER layer=47 DONE
FWD_LAYER layer=48 seqLen=2
FWD_LAYER layer=48 ATTENTION
LINEARW name=blk.48.attn_q.weight rows=5120 cols=5120 type=12
LINEARW_RESULT=CPU_FALLBACK name=blk.48.attn_q.weight
LINEAR_CPU_BEGIN name=blk.48.attn_q.weight type=12 rows=5120 cols=5120 inputFinite=1 inputBad=18446744073709551615 inputMin=-17.0067501 inputMax=3.07187247
LINEARW name=blk.48.attn_k.weight rows=1024 cols=5120 type=12
LINEARW_RESULT=CPU_FALLBACK name=blk.48.attn_k.weight
LINEAR_CPU_BEGIN name=blk.48.attn_k.weight type=12 rows=1024 cols=5120 inputFinite=1 inputBad=18446744073709551615 inputMin=-17.0067501 inputMax=3.07187247
LINEARW name=blk.48.attn_v.weight rows=1024 cols=5120 type=12
LINEARW_RESULT=CPU_FALLBACK name=blk.48.attn_v.weight
LINEAR_CPU_BEGIN name=blk.48.attn_v.weight type=12 rows=1024 cols=5120 inputFinite=1 inputBad=18446744073709551615 inputMin=-17.0067501 inputMax=3.07187247
ROPE layer=48 theta=1000000.0 local=no
LINEARW name=blk.48.attn_output.weight rows=5120 cols=5120 type=12
LINEARW_RESULT=CPU_FALLBACK name=blk.48.attn_output.weight
LINEAR_CPU_BEGIN name=blk.48.attn_output.weight type=12 rows=5120 cols=5120 inputFinite=1 inputBad=18446744073709551615 inputMin=-2.68824291 inputMax=2.51477051
FWD_LAYER layer=48 FFN_ENTER
LINEARW name=blk.48.ffn_gate.weight rows=27648 cols=5120 type=12
LINEARW_RESULT=CPU_FALLBACK name=blk.48.ffn_gate.weight
LINEAR_CPU_BEGIN name=blk.48.ffn_gate.weight type=12 rows=27648 cols=5120 inputFinite=1 inputBad=18446744073709551615 inputMin=-2.62878799 inputMax=3.59801173
LINEARW name=blk.48.ffn_up.weight rows=27648 cols=5120 type=12
LINEARW_RESULT=CPU_FALLBACK name=blk.48.ffn_up.weight
LINEAR_CPU_BEGIN name=blk.48.ffn_up.weight type=12 rows=27648 cols=5120 inputFinite=1 inputBad=18446744073709551615 inputMin=-2.62878799 inputMax=3.59801173
LINEARW name=blk.48.ffn_down.weight rows=5120 cols=27648 type=12
LINEARW_RESULT=CPU_FALLBACK name=blk.48.ffn_down.weight
LINEAR_CPU_BEGIN name=blk.48.ffn_down.weight type=12 rows=5120 cols=27648 inputFinite=1 inputBad=18446744073709551615 inputMin=-6.86623812 inputMax=18.3669167
FWD_LAYER layer=48 DONE
FWD_LAYER layer=49 seqLen=2
FWD_LAYER layer=49 ATTENTION
LINEARW name=blk.49.attn_q.weight rows=5120 cols=5120 type=12
LINEARW_RESULT=CPU_FALLBACK name=blk.49.attn_q.weight
LINEAR_CPU_BEGIN name=blk.49.attn_q.weight type=12 rows=5120 cols=5120 inputFinite=1 inputBad=18446744073709551615 inputMin=-18.3754539 inputMax=2.55342388
LINEARW name=blk.49.attn_k.weight rows=1024 cols=5120 type=12
LINEARW_RESULT=CPU_FALLBACK name=blk.49.attn_k.weight
LINEAR_CPU_BEGIN name=blk.49.attn_k.weight type=12 rows=1024 cols=5120 inputFinite=1 inputBad=18446744073709551615 inputMin=-18.3754539 inputMax=2.55342388
LINEARW name=blk.49.attn_v.weight rows=1024 cols=5120 type=14
LINEARW_RESULT=CPU_FALLBACK name=blk.49.attn_v.weight
LINEAR_CPU_BEGIN name=blk.49.attn_v.weight type=14 rows=1024 cols=5120 inputFinite=1 inputBad=18446744073709551615 inputMin=-18.3754539 inputMax=2.55342388
ROPE layer=49 theta=1000000.0 local=no
LINEARW name=blk.49.attn_output.weight rows=5120 cols=5120 type=12
LINEARW_RESULT=CPU_FALLBACK name=blk.49.attn_output.weight
LINEAR_CPU_BEGIN name=blk.49.attn_output.weight type=12 rows=5120 cols=5120 inputFinite=1 inputBad=18446744073709551615 inputMin=-1.66727781 inputMax=3.14839697
FWD_LAYER layer=49 FFN_ENTER
LINEARW name=blk.49.ffn_gate.weight rows=27648 cols=5120 type=12
LINEARW_RESULT=CPU_FALLBACK name=blk.49.ffn_gate.weight
LINEAR_CPU_BEGIN name=blk.49.ffn_gate.weight type=12 rows=27648 cols=5120 inputFinite=1 inputBad=18446744073709551615 inputMin=-2.96093965 inputMax=4.20925236
LINEARW name=blk.49.ffn_up.weight rows=27648 cols=5120 type=12
LINEARW_RESULT=CPU_FALLBACK name=blk.49.ffn_up.weight
LINEAR_CPU_BEGIN name=blk.49.ffn_up.weight type=12 rows=27648 cols=5120 inputFinite=1 inputBad=18446744073709551615 inputMin=-2.96093965 inputMax=4.20925236
LINEARW name=blk.49.ffn_down.weight rows=5120 cols=27648 type=14
LINEARW_RESULT=CPU_FALLBACK name=blk.49.ffn_down.weight
LINEAR_CPU_BEGIN name=blk.49.ffn_down.weight type=14 rows=5120 cols=27648 inputFinite=1 inputBad=18446744073709551615 inputMin=-10.8772593 inputMax=37.2901421
FWD_LAYER layer=49 DONE
FWD_LAYER layer=50 seqLen=2
FWD_LAYER layer=50 ATTENTION
LINEARW name=blk.50.attn_q.weight rows=5120 cols=5120 type=12
LINEARW_RESULT=CPU_FALLBACK name=blk.50.attn_q.weight
LINEAR_CPU_BEGIN name=blk.50.attn_q.weight type=12 rows=5120 cols=5120 inputFinite=1 inputBad=18446744073709551615 inputMin=-18.2825508 inputMax=2.99214315
LINEARW name=blk.50.attn_k.weight rows=1024 cols=5120 type=12
LINEARW_RESULT=CPU_FALLBACK name=blk.50.attn_k.weight
LINEAR_CPU_BEGIN name=blk.50.attn_k.weight type=12 rows=1024 cols=5120 inputFinite=1 inputBad=18446744073709551615 inputMin=-18.2825508 inputMax=2.99214315
LINEARW name=blk.50.attn_v.weight rows=1024 cols=5120 type=12
LINEARW_RESULT=CPU_FALLBACK name=blk.50.attn_v.weight
LINEAR_CPU_BEGIN name=blk.50.attn_v.weight type=12 rows=1024 cols=5120 inputFinite=1 inputBad=18446744073709551615 inputMin=-18.2825508 inputMax=2.99214315
ROPE layer=50 theta=1000000.0 local=no
LINEARW name=blk.50.attn_output.weight rows=5120 cols=5120 type=12
LINEARW_RESULT=CPU_FALLBACK name=blk.50.attn_output.weight
LINEAR_CPU_BEGIN name=blk.50.attn_output.weight type=12 rows=5120 cols=5120 inputFinite=1 inputBad=18446744073709551615 inputMin=-1.47338557 inputMax=1.61196053
FWD_LAYER layer=50 FFN_ENTER
LINEARW name=blk.50.ffn_gate.weight rows=27648 cols=5120 type=12
LINEARW_RESULT=CPU_FALLBACK name=blk.50.ffn_gate.weight
LINEAR_CPU_BEGIN name=blk.50.ffn_gate.weight type=12 rows=27648 cols=5120 inputFinite=1 inputBad=18446744073709551615 inputMin=-2.72157669 inputMax=4.9306531
LINEARW name=blk.50.ffn_up.weight rows=27648 cols=5120 type=12
LINEARW_RESULT=CPU_FALLBACK name=blk.50.ffn_up.weight
LINEAR_CPU_BEGIN name=blk.50.ffn_up.weight type=12 rows=27648 cols=5120 inputFinite=1 inputBad=18446744073709551615 inputMin=-2.72157669 inputMax=4.9306531
LINEARW name=blk.50.ffn_down.weight rows=5120 cols=27648 type=12
LINEARW_RESULT=CPU_FALLBACK name=blk.50.ffn_down.weight
LINEAR_CPU_BEGIN name=blk.50.ffn_down.weight type=12 rows=5120 cols=27648 inputFinite=1 inputBad=18446744073709551615 inputMin=-13.1360426 inputMax=8.7755928
FWD_LAYER layer=50 DONE
FWD_LAYER layer=51 seqLen=2
FWD_LAYER layer=51 ATTENTION
LINEARW name=blk.51.attn_q.weight rows=5120 cols=5120 type=12
LINEARW_RESULT=CPU_FALLBACK name=blk.51.attn_q.weight
LINEAR_CPU_BEGIN name=blk.51.attn_q.weight type=12 rows=5120 cols=5120 inputFinite=1 inputBad=18446744073709551615 inputMin=-16.4824715 inputMax=2.96438456
LINEARW name=blk.51.attn_k.weight rows=1024 cols=5120 type=12
LINEARW_RESULT=CPU_FALLBACK name=blk.51.attn_k.weight
LINEAR_CPU_BEGIN name=blk.51.attn_k.weight type=12 rows=1024 cols=5120 inputFinite=1 inputBad=18446744073709551615 inputMin=-16.4824715 inputMax=2.96438456
LINEARW name=blk.51.attn_v.weight rows=1024 cols=5120 type=12
LINEARW_RESULT=CPU_FALLBACK name=blk.51.attn_v.weight
LINEAR_CPU_BEGIN name=blk.51.attn_v.weight type=12 rows=1024 cols=5120 inputFinite=1 inputBad=18446744073709551615 inputMin=-16.4824715 inputMax=2.96438456
ROPE layer=51 theta=1000000.0 local=no
LINEARW name=blk.51.attn_output.weight rows=5120 cols=5120 type=12
LINEARW_RESULT=CPU_FALLBACK name=blk.51.attn_output.weight
LINEAR_CPU_BEGIN name=blk.51.attn_output.weight type=12 rows=5120 cols=5120 inputFinite=1 inputBad=18446744073709551615 inputMin=-2.79747915 inputMax=4.05119801
FWD_LAYER layer=51 FFN_ENTER
LINEARW name=blk.51.ffn_gate.weight rows=27648 cols=5120 type=12
LINEARW_RESULT=CPU_FALLBACK name=blk.51.ffn_gate.weight
LINEAR_CPU_BEGIN name=blk.51.ffn_gate.weight type=12 rows=27648 cols=5120 inputFinite=1 inputBad=18446744073709551615 inputMin=-2.9991262 inputMax=5.67946148
LINEARW name=blk.51.ffn_up.weight rows=27648 cols=5120 type=12
LINEARW_RESULT=CPU_FALLBACK name=blk.51.ffn_up.weight
LINEAR_CPU_BEGIN name=blk.51.ffn_up.weight type=12 rows=27648 cols=5120 inputFinite=1 inputBad=18446744073709551615 inputMin=-2.9991262 inputMax=5.67946148
LINEARW name=blk.51.ffn_down.weight rows=5120 cols=27648 type=12
LINEARW_RESULT=CPU_FALLBACK name=blk.51.ffn_down.weight
LINEAR_CPU_BEGIN name=blk.51.ffn_down.weight type=12 rows=5120 cols=27648 inputFinite=1 inputBad=18446744073709551615 inputMin=-9.97724724 inputMax=16.2889118
FWD_LAYER layer=51 DONE
FWD_LAYER layer=52 seqLen=2
FWD_LAYER layer=52 ATTENTION
LINEARW name=blk.52.attn_q.weight rows=5120 cols=5120 type=12
LINEARW_RESULT=CPU_FALLBACK name=blk.52.attn_q.weight
LINEAR_CPU_BEGIN name=blk.52.attn_q.weight type=12 rows=5120 cols=5120 inputFinite=1 inputBad=18446744073709551615 inputMin=-19.2215309 inputMax=3.48749852
LINEARW name=blk.52.attn_k.weight rows=1024 cols=5120 type=12
LINEARW_RESULT=CPU_FALLBACK name=blk.52.attn_k.weight
LINEAR_CPU_BEGIN name=blk.52.attn_k.weight type=12 rows=1024 cols=5120 inputFinite=1 inputBad=18446744073709551615 inputMin=-19.2215309 inputMax=3.48749852
LINEARW name=blk.52.attn_v.weight rows=1024 cols=5120 type=14
LINEARW_RESULT=CPU_FALLBACK name=blk.52.attn_v.weight
LINEAR_CPU_BEGIN name=blk.52.attn_v.weight type=14 rows=1024 cols=5120 inputFinite=1 inputBad=18446744073709551615 inputMin=-19.2215309 inputMax=3.48749852
ROPE layer=52 theta=1000000.0 local=no
LINEARW name=blk.52.attn_output.weight rows=5120 cols=5120 type=12
LINEARW_RESULT=CPU_FALLBACK name=blk.52.attn_output.weight
LINEAR_CPU_BEGIN name=blk.52.attn_output.weight type=12 rows=5120 cols=5120 inputFinite=1 inputBad=18446744073709551615 inputMin=-1.4399184 inputMax=1.28824592
FWD_LAYER layer=52 FFN_ENTER
LINEARW name=blk.52.ffn_gate.weight rows=27648 cols=5120 type=12
LINEARW_RESULT=CPU_FALLBACK name=blk.52.ffn_gate.weight
LINEAR_CPU_BEGIN name=blk.52.ffn_gate.weight type=12 rows=27648 cols=5120 inputFinite=1 inputBad=18446744073709551615 inputMin=-3.41398311 inputMax=5.55151033
LINEARW name=blk.52.ffn_up.weight rows=27648 cols=5120 type=12
LINEARW_RESULT=CPU_FALLBACK name=blk.52.ffn_up.weight
LINEAR_CPU_BEGIN name=blk.52.ffn_up.weight type=12 rows=27648 cols=5120 inputFinite=1 inputBad=18446744073709551615 inputMin=-3.41398311 inputMax=5.55151033
LINEARW name=blk.52.ffn_down.weight rows=5120 cols=27648 type=14
LINEARW_RESULT=CPU_FALLBACK name=blk.52.ffn_down.weight
LINEAR_CPU_BEGIN name=blk.52.ffn_down.weight type=14 rows=5120 cols=27648 inputFinite=1 inputBad=18446744073709551615 inputMin=-9.24907589 inputMax=15.5454645
FWD_LAYER layer=52 DONE
FWD_LAYER layer=53 seqLen=2
FWD_LAYER layer=53 ATTENTION
LINEARW name=blk.53.attn_q.weight rows=5120 cols=5120 type=12
LINEARW_RESULT=CPU_FALLBACK name=blk.53.attn_q.weight
LINEAR_CPU_BEGIN name=blk.53.attn_q.weight type=12 rows=5120 cols=5120 inputFinite=1 inputBad=18446744073709551615 inputMin=-16.9673023 inputMax=4.27344465
LINEARW name=blk.53.attn_k.weight rows=1024 cols=5120 type=12
LINEARW_RESULT=CPU_FALLBACK name=blk.53.attn_k.weight
LINEAR_CPU_BEGIN name=blk.53.attn_k.weight type=12 rows=1024 cols=5120 inputFinite=1 inputBad=18446744073709551615 inputMin=-16.9673023 inputMax=4.27344465
LINEARW name=blk.53.attn_v.weight rows=1024 cols=5120 type=12
LINEARW_RESULT=CPU_FALLBACK name=blk.53.attn_v.weight
LINEAR_CPU_BEGIN name=blk.53.attn_v.weight type=12 rows=1024 cols=5120 inputFinite=1 inputBad=18446744073709551615 inputMin=-16.9673023 inputMax=4.27344465
ROPE layer=53 theta=1000000.0 local=no
LINEARW name=blk.53.attn_output.weight rows=5120 cols=5120 type=12
LINEARW_RESULT=CPU_FALLBACK name=blk.53.attn_output.weight
LINEAR_CPU_BEGIN name=blk.53.attn_output.weight type=12 rows=5120 cols=5120 inputFinite=1 inputBad=18446744073709551615 inputMin=-2.87114882 inputMax=3.50880742
FWD_LAYER layer=53 FFN_ENTER
LINEARW name=blk.53.ffn_gate.weight rows=27648 cols=5120 type=12
LINEARW_RESULT=CPU_FALLBACK name=blk.53.ffn_gate.weight
LINEAR_CPU_BEGIN name=blk.53.ffn_gate.weight type=12 rows=27648 cols=5120 inputFinite=1 inputBad=18446744073709551615 inputMin=-3.663239 inputMax=6.04210138
LINEARW name=blk.53.ffn_up.weight rows=27648 cols=5120 type=12
LINEARW_RESULT=CPU_FALLBACK name=blk.53.ffn_up.weight
LINEAR_CPU_BEGIN name=blk.53.ffn_up.weight type=12 rows=27648 cols=5120 inputFinite=1 inputBad=18446744073709551615 inputMin=-3.663239 inputMax=6.04210138
LINEARW name=blk.53.ffn_down.weight rows=5120 cols=27648 type=12
LINEARW_RESULT=CPU_FALLBACK name=blk.53.ffn_down.weight
LINEAR_CPU_BEGIN name=blk.53.ffn_down.weight type=12 rows=5120 cols=27648 inputFinite=1 inputBad=18446744073709551615 inputMin=-15.5227251 inputMax=9.25723362
FWD_LAYER layer=53 DONE
FWD_LAYER layer=54 seqLen=2
FWD_LAYER layer=54 ATTENTION
LINEARW name=blk.54.attn_q.weight rows=5120 cols=5120 type=12
LINEARW_RESULT=CPU_FALLBACK name=blk.54.attn_q.weight
LINEAR_CPU_BEGIN name=blk.54.attn_q.weight type=12 rows=5120 cols=5120 inputFinite=1 inputBad=18446744073709551615 inputMin=-17.3416214 inputMax=3.76600885
LINEARW name=blk.54.attn_k.weight rows=1024 cols=5120 type=12
LINEARW_RESULT=CPU_FALLBACK name=blk.54.attn_k.weight
LINEAR_CPU_BEGIN name=blk.54.attn_k.weight type=12 rows=1024 cols=5120 inputFinite=1 inputBad=18446744073709551615 inputMin=-17.3416214 inputMax=3.76600885
LINEARW name=blk.54.attn_v.weight rows=1024 cols=5120 type=12
LINEARW_RESULT=CPU_FALLBACK name=blk.54.attn_v.weight
LINEAR_CPU_BEGIN name=blk.54.attn_v.weight type=12 rows=1024 cols=5120 inputFinite=1 inputBad=18446744073709551615 inputMin=-17.3416214 inputMax=3.76600885
ROPE layer=54 theta=1000000.0 local=no
LINEARW name=blk.54.attn_output.weight rows=5120 cols=5120 type=12
LINEARW_RESULT=CPU_FALLBACK name=blk.54.attn_output.weight
LINEAR_CPU_BEGIN name=blk.54.attn_output.weight type=12 rows=5120 cols=5120 inputFinite=1 inputBad=18446744073709551615 inputMin=-3.69332385 inputMax=2.02794147
FWD_LAYER layer=54 FFN_ENTER
LINEARW name=blk.54.ffn_gate.weight rows=27648 cols=5120 type=12
LINEARW_RESULT=CPU_FALLBACK name=blk.54.ffn_gate.weight
LINEAR_CPU_BEGIN name=blk.54.ffn_gate.weight type=12 rows=27648 cols=5120 inputFinite=1 inputBad=18446744073709551615 inputMin=-3.64510107 inputMax=6.84529448
LINEARW name=blk.54.ffn_up.weight rows=27648 cols=5120 type=12
LINEARW_RESULT=CPU_FALLBACK name=blk.54.ffn_up.weight
LINEAR_CPU_BEGIN name=blk.54.ffn_up.weight type=12 rows=27648 cols=5120 inputFinite=1 inputBad=18446744073709551615 inputMin=-3.64510107 inputMax=6.84529448
LINEARW name=blk.54.ffn_down.weight rows=5120 cols=27648 type=12
LINEARW_RESULT=CPU_FALLBACK name=blk.54.ffn_down.weight
LINEAR_CPU_BEGIN name=blk.54.ffn_down.weight type=12 rows=5120 cols=27648 inputFinite=1 inputBad=18446744073709551615 inputMin=-10.8941984 inputMax=11.2498178
FWD_LAYER layer=54 DONE
FWD_LAYER layer=55 seqLen=2
FWD_LAYER layer=55 ATTENTION
LINEARW name=blk.55.attn_q.weight rows=5120 cols=5120 type=12
LINEARW_RESULT=CPU_FALLBACK name=blk.55.attn_q.weight
LINEAR_CPU_BEGIN name=blk.55.attn_q.weight type=12 rows=5120 cols=5120 inputFinite=1 inputBad=18446744073709551615 inputMin=-16.6627922 inputMax=3.68226576
LINEARW name=blk.55.attn_k.weight rows=1024 cols=5120 type=12
LINEARW_RESULT=CPU_FALLBACK name=blk.55.attn_k.weight
LINEAR_CPU_BEGIN name=blk.55.attn_k.weight type=12 rows=1024 cols=5120 inputFinite=1 inputBad=18446744073709551615 inputMin=-16.6627922 inputMax=3.68226576
LINEARW name=blk.55.attn_v.weight rows=1024 cols=5120 type=14
LINEARW_RESULT=CPU_FALLBACK name=blk.55.attn_v.weight
LINEAR_CPU_BEGIN name=blk.55.attn_v.weight type=14 rows=1024 cols=5120 inputFinite=1 inputBad=18446744073709551615 inputMin=-16.6627922 inputMax=3.68226576
ROPE layer=55 theta=1000000.0 local=no
LINEARW name=blk.55.attn_output.weight rows=5120 cols=5120 type=12
LINEARW_RESULT=CPU_FALLBACK name=blk.55.attn_output.weight
LINEAR_CPU_BEGIN name=blk.55.attn_output.weight type=12 rows=5120 cols=5120 inputFinite=1 inputBad=18446744073709551615 inputMin=-1.98149967 inputMax=2.77639484
FWD_LAYER layer=55 FFN_ENTER
LINEARW name=blk.55.ffn_gate.weight rows=27648 cols=5120 type=12
LINEARW_RESULT=CPU_FALLBACK name=blk.55.ffn_gate.weight
LINEAR_CPU_BEGIN name=blk.55.ffn_gate.weight type=12 rows=27648 cols=5120 inputFinite=1 inputBad=18446744073709551615 inputMin=-3.51273751 inputMax=7.63564968
LINEARW name=blk.55.ffn_up.weight rows=27648 cols=5120 type=12
LINEARW_RESULT=CPU_FALLBACK name=blk.55.ffn_up.weight
LINEAR_CPU_BEGIN name=blk.55.ffn_up.weight type=12 rows=27648 cols=5120 inputFinite=1 inputBad=18446744073709551615 inputMin=-3.51273751 inputMax=7.63564968
LINEARW name=blk.55.ffn_down.weight rows=5120 cols=27648 type=14
LINEARW_RESULT=CPU_FALLBACK name=blk.55.ffn_down.weight
LINEAR_CPU_BEGIN name=blk.55.ffn_down.weight type=14 rows=5120 cols=27648 inputFinite=1 inputBad=18446744073709551615 inputMin=-13.2253447 inputMax=9.68368244
FWD_LAYER layer=55 DONE
FWD_LAYER layer=56 seqLen=2
FWD_LAYER layer=56 ATTENTION
LINEARW name=blk.56.attn_q.weight rows=5120 cols=5120 type=12
LINEARW_RESULT=CPU_FALLBACK name=blk.56.attn_q.weight
LINEAR_CPU_BEGIN name=blk.56.attn_q.weight type=12 rows=5120 cols=5120 inputFinite=1 inputBad=18446744073709551615 inputMin=-17.8239079 inputMax=4.18016386
LINEARW name=blk.56.attn_k.weight rows=1024 cols=5120 type=12
LINEARW_RESULT=CPU_FALLBACK name=blk.56.attn_k.weight
LINEAR_CPU_BEGIN name=blk.56.attn_k.weight type=12 rows=1024 cols=5120 inputFinite=1 inputBad=18446744073709551615 inputMin=-17.8239079 inputMax=4.18016386
LINEARW name=blk.56.attn_v.weight rows=1024 cols=5120 type=14
LINEARW_RESULT=CPU_FALLBACK name=blk.56.attn_v.weight
LINEAR_CPU_BEGIN name=blk.56.attn_v.weight type=14 rows=1024 cols=5120 inputFinite=1 inputBad=18446744073709551615 inputMin=-17.8239079 inputMax=4.18016386
ROPE layer=56 theta=1000000.0 local=no
LINEARW name=blk.56.attn_output.weight rows=5120 cols=5120 type=12
LINEARW_RESULT=CPU_FALLBACK name=blk.56.attn_output.weight
LINEAR_CPU_BEGIN name=blk.56.attn_output.weight type=12 rows=5120 cols=5120 inputFinite=1 inputBad=18446744073709551615 inputMin=-3.19857645 inputMax=2.20751667
FWD_LAYER layer=56 FFN_ENTER
LINEARW name=blk.56.ffn_gate.weight rows=27648 cols=5120 type=12
LINEARW_RESULT=CPU_FALLBACK name=blk.56.ffn_gate.weight
LINEAR_CPU_BEGIN name=blk.56.ffn_gate.weight type=12 rows=27648 cols=5120 inputFinite=1 inputBad=18446744073709551615 inputMin=-3.7078042 inputMax=7.9828558
LINEARW name=blk.56.ffn_up.weight rows=27648 cols=5120 type=12
LINEARW_RESULT=CPU_FALLBACK name=blk.56.ffn_up.weight
LINEAR_CPU_BEGIN name=blk.56.ffn_up.weight type=12 rows=27648 cols=5120 inputFinite=1 inputBad=18446744073709551615 inputMin=-3.7078042 inputMax=7.9828558
LINEARW name=blk.56.ffn_down.weight rows=5120 cols=27648 type=14
LINEARW_RESULT=CPU_FALLBACK name=blk.56.ffn_down.weight
LINEAR_CPU_BEGIN name=blk.56.ffn_down.weight type=14 rows=5120 cols=27648 inputFinite=1 inputBad=18446744073709551615 inputMin=-18.5106182 inputMax=13.4085436
FWD_LAYER layer=56 DONE
FWD_LAYER layer=57 seqLen=2
FWD_LAYER layer=57 ATTENTION
LINEARW name=blk.57.attn_q.weight rows=5120 cols=5120 type=12
LINEARW_RESULT=CPU_FALLBACK name=blk.57.attn_q.weight
LINEAR_CPU_BEGIN name=blk.57.attn_q.weight type=12 rows=5120 cols=5120 inputFinite=1 inputBad=18446744073709551615 inputMin=-13.9725504 inputMax=3.98082519
LINEARW name=blk.57.attn_k.weight rows=1024 cols=5120 type=12
LINEARW_RESULT=CPU_FALLBACK name=blk.57.attn_k.weight
LINEAR_CPU_BEGIN name=blk.57.attn_k.weight type=12 rows=1024 cols=5120 inputFinite=1 inputBad=18446744073709551615 inputMin=-13.9725504 inputMax=3.98082519
LINEARW name=blk.57.attn_v.weight rows=1024 cols=5120 type=14
LINEARW_RESULT=CPU_FALLBACK name=blk.57.attn_v.weight
LINEAR_CPU_BEGIN name=blk.57.attn_v.weight type=14 rows=1024 cols=5120 inputFinite=1 inputBad=18446744073709551615 inputMin=-13.9725504 inputMax=3.98082519
ROPE layer=57 theta=1000000.0 local=no
LINEARW name=blk.57.attn_output.weight rows=5120 cols=5120 type=12
LINEARW_RESULT=CPU_FALLBACK name=blk.57.attn_output.weight
LINEAR_CPU_BEGIN name=blk.57.attn_output.weight type=12 rows=5120 cols=5120 inputFinite=1 inputBad=18446744073709551615 inputMin=-1.9007287 inputMax=2.05987954
FWD_LAYER layer=57 FFN_ENTER
LINEARW name=blk.57.ffn_gate.weight rows=27648 cols=5120 type=12
LINEARW_RESULT=CPU_FALLBACK name=blk.57.ffn_gate.weight
LINEAR_CPU_BEGIN name=blk.57.ffn_gate.weight type=12 rows=27648 cols=5120 inputFinite=1 inputBad=18446744073709551615 inputMin=-3.95663166 inputMax=7.46432972
LINEARW name=blk.57.ffn_up.weight rows=27648 cols=5120 type=12
LINEARW_RESULT=CPU_FALLBACK name=blk.57.ffn_up.weight
LINEAR_CPU_BEGIN name=blk.57.ffn_up.weight type=12 rows=27648 cols=5120 inputFinite=1 inputBad=18446744073709551615 inputMin=-3.95663166 inputMax=7.46432972
LINEARW name=blk.57.ffn_down.weight rows=5120 cols=27648 type=14
LINEARW_RESULT=CPU_FALLBACK name=blk.57.ffn_down.weight
LINEAR_CPU_BEGIN name=blk.57.ffn_down.weight type=14 rows=5120 cols=27648 inputFinite=1 inputBad=18446744073709551615 inputMin=-10.5567608 inputMax=12.7810402
FWD_LAYER layer=57 DONE
FWD_LAYER layer=58 seqLen=2
FWD_LAYER layer=58 ATTENTION
LINEARW name=blk.58.attn_q.weight rows=5120 cols=5120 type=12
LINEARW_RESULT=CPU_FALLBACK name=blk.58.attn_q.weight
LINEAR_CPU_BEGIN name=blk.58.attn_q.weight type=12 rows=5120 cols=5120 inputFinite=1 inputBad=18446744073709551615 inputMin=-17.5450974 inputMax=4.8953824
LINEARW name=blk.58.attn_k.weight rows=1024 cols=5120 type=12
LINEARW_RESULT=CPU_FALLBACK name=blk.58.attn_k.weight
LINEAR_CPU_BEGIN name=blk.58.attn_k.weight type=12 rows=1024 cols=5120 inputFinite=1 inputBad=18446744073709551615 inputMin=-17.5450974 inputMax=4.8953824
LINEARW name=blk.58.attn_v.weight rows=1024 cols=5120 type=14
LINEARW_RESULT=CPU_FALLBACK name=blk.58.attn_v.weight
LINEAR_CPU_BEGIN name=blk.58.attn_v.weight type=14 rows=1024 cols=5120 inputFinite=1 inputBad=18446744073709551615 inputMin=-17.5450974 inputMax=4.8953824
ROPE layer=58 theta=1000000.0 local=no
LINEARW name=blk.58.attn_output.weight rows=5120 cols=5120 type=12
LINEARW_RESULT=CPU_FALLBACK name=blk.58.attn_output.weight
LINEAR_CPU_BEGIN name=blk.58.attn_output.weight type=12 rows=5120 cols=5120 inputFinite=1 inputBad=18446744073709551615 inputMin=-3.2752645 inputMax=3.05444384
FWD_LAYER layer=58 FFN_ENTER
LINEARW name=blk.58.ffn_gate.weight rows=27648 cols=5120 type=12
LINEARW_RESULT=CPU_FALLBACK name=blk.58.ffn_gate.weight
LINEAR_CPU_BEGIN name=blk.58.ffn_gate.weight type=12 rows=27648 cols=5120 inputFinite=1 inputBad=18446744073709551615 inputMin=-4.21445036 inputMax=6.53309822
LINEARW name=blk.58.ffn_up.weight rows=27648 cols=5120 type=12
LINEARW_RESULT=CPU_FALLBACK name=blk.58.ffn_up.weight
LINEAR_CPU_BEGIN name=blk.58.ffn_up.weight type=12 rows=27648 cols=5120 inputFinite=1 inputBad=18446744073709551615 inputMin=-4.21445036 inputMax=6.53309822
LINEARW name=blk.58.ffn_down.weight rows=5120 cols=27648 type=14
LINEARW_RESULT=CPU_FALLBACK name=blk.58.ffn_down.weight
LINEAR_CPU_BEGIN name=blk.58.ffn_down.weight type=14 rows=5120 cols=27648 inputFinite=1 inputBad=18446744073709551615 inputMin=-19.5947342 inputMax=12.3370762
FWD_LAYER layer=58 DONE
FWD_LAYER layer=59 seqLen=2
FWD_LAYER layer=59 ATTENTION
LINEARW name=blk.59.attn_q.weight rows=5120 cols=5120 type=12
LINEARW_RESULT=CPU_FALLBACK name=blk.59.attn_q.weight
LINEAR_CPU_BEGIN name=blk.59.attn_q.weight type=12 rows=5120 cols=5120 inputFinite=1 inputBad=18446744073709551615 inputMin=-17.7937298 inputMax=5.16000319
LINEARW name=blk.59.attn_k.weight rows=1024 cols=5120 type=12
LINEARW_RESULT=CPU_FALLBACK name=blk.59.attn_k.weight
LINEAR_CPU_BEGIN name=blk.59.attn_k.weight type=12 rows=1024 cols=5120 inputFinite=1 inputBad=18446744073709551615 inputMin=-17.7937298 inputMax=5.16000319
LINEARW name=blk.59.attn_v.weight rows=1024 cols=5120 type=14
LINEARW_RESULT=CPU_FALLBACK name=blk.59.attn_v.weight
LINEAR_CPU_BEGIN name=blk.59.attn_v.weight type=14 rows=1024 cols=5120 inputFinite=1 inputBad=18446744073709551615 inputMin=-17.7937298 inputMax=5.16000319
ROPE layer=59 theta=1000000.0 local=no
LINEARW name=blk.59.attn_output.weight rows=5120 cols=5120 type=12
LINEARW_RESULT=CPU_FALLBACK name=blk.59.attn_output.weight
LINEAR_CPU_BEGIN name=blk.59.attn_output.weight type=12 rows=5120 cols=5120 inputFinite=1 inputBad=18446744073709551615 inputMin=-2.35304594 inputMax=2.5033989
FWD_LAYER layer=59 FFN_ENTER
LINEARW name=blk.59.ffn_gate.weight rows=27648 cols=5120 type=12
LINEARW_RESULT=CPU_FALLBACK name=blk.59.ffn_gate.weight
LINEAR_CPU_BEGIN name=blk.59.ffn_gate.weight type=12 rows=27648 cols=5120 inputFinite=1 inputBad=18446744073709551615 inputMin=-4.95150042 inputMax=7.94997644
LINEARW name=blk.59.ffn_up.weight rows=27648 cols=5120 type=12
LINEARW_RESULT=CPU_FALLBACK name=blk.59.ffn_up.weight
LINEAR_CPU_BEGIN name=blk.59.ffn_up.weight type=12 rows=27648 cols=5120 inputFinite=1 inputBad=18446744073709551615 inputMin=-4.95150042 inputMax=7.94997644
LINEARW name=blk.59.ffn_down.weight rows=5120 cols=27648 type=14
LINEARW_RESULT=CPU_FALLBACK name=blk.59.ffn_down.weight
LINEAR_CPU_BEGIN name=blk.59.ffn_down.weight type=14 rows=5120 cols=27648 inputFinite=1 inputBad=18446744073709551615 inputMin=-16.1018944 inputMax=10.091507
FWD_LAYER layer=59 DONE
FWD_LAYER layer=60 seqLen=2
FWD_LAYER layer=60 ATTENTION
LINEARW name=blk.60.attn_q.weight rows=5120 cols=5120 type=12
LINEARW_RESULT=CPU_FALLBACK name=blk.60.attn_q.weight
LINEAR_CPU_BEGIN name=blk.60.attn_q.weight type=12 rows=5120 cols=5120 inputFinite=1 inputBad=18446744073709551615 inputMin=-19.3315296 inputMax=4.77635765
LINEARW name=blk.60.attn_k.weight rows=1024 cols=5120 type=12
LINEARW_RESULT=CPU_FALLBACK name=blk.60.attn_k.weight
LINEAR_CPU_BEGIN name=blk.60.attn_k.weight type=12 rows=1024 cols=5120 inputFinite=1 inputBad=18446744073709551615 inputMin=-19.3315296 inputMax=4.77635765
LINEARW name=blk.60.attn_v.weight rows=1024 cols=5120 type=14
LINEARW_RESULT=CPU_FALLBACK name=blk.60.attn_v.weight
LINEAR_CPU_BEGIN name=blk.60.attn_v.weight type=14 rows=1024 cols=5120 inputFinite=1 inputBad=18446744073709551615 inputMin=-19.3315296 inputMax=4.77635765
ROPE layer=60 theta=1000000.0 local=no
LINEARW name=blk.60.attn_output.weight rows=5120 cols=5120 type=12
LINEARW_RESULT=CPU_FALLBACK name=blk.60.attn_output.weight
LINEAR_CPU_BEGIN name=blk.60.attn_output.weight type=12 rows=5120 cols=5120 inputFinite=1 inputBad=18446744073709551615 inputMin=-3.75976133 inputMax=3.12695241
FWD_LAYER layer=60 FFN_ENTER
LINEARW name=blk.60.ffn_gate.weight rows=27648 cols=5120 type=12
LINEARW_RESULT=CPU_FALLBACK name=blk.60.ffn_gate.weight
LINEAR_CPU_BEGIN name=blk.60.ffn_gate.weight type=12 rows=27648 cols=5120 inputFinite=1 inputBad=18446744073709551615 inputMin=-6.01926851 inputMax=9.22019196
LINEARW name=blk.60.ffn_up.weight rows=27648 cols=5120 type=12
LINEARW_RESULT=CPU_FALLBACK name=blk.60.ffn_up.weight
LINEAR_CPU_BEGIN name=blk.60.ffn_up.weight type=12 rows=27648 cols=5120 inputFinite=1 inputBad=18446744073709551615 inputMin=-6.01926851 inputMax=9.22019196
LINEARW name=blk.60.ffn_down.weight rows=5120 cols=27648 type=14
LINEARW_RESULT=CPU_FALLBACK name=blk.60.ffn_down.weight
LINEAR_CPU_BEGIN name=blk.60.ffn_down.weight type=14 rows=5120 cols=27648 inputFinite=1 inputBad=18446744073709551615 inputMin=-22.7460518 inputMax=12.5675526
FWD_LAYER layer=60 DONE
FWD_LAYER layer=61 seqLen=2
FWD_LAYER layer=61 ATTENTION
LINEARW name=blk.61.attn_q.weight rows=5120 cols=5120 type=12
LINEARW_RESULT=CPU_FALLBACK name=blk.61.attn_q.weight
LINEAR_CPU_BEGIN name=blk.61.attn_q.weight type=12 rows=5120 cols=5120 inputFinite=1 inputBad=18446744073709551615 inputMin=-18.4947338 inputMax=5.53184938
LINEARW name=blk.61.attn_k.weight rows=1024 cols=5120 type=12
LINEARW_RESULT=CPU_FALLBACK name=blk.61.attn_k.weight
LINEAR_CPU_BEGIN name=blk.61.attn_k.weight type=12 rows=1024 cols=5120 inputFinite=1 inputBad=18446744073709551615 inputMin=-18.4947338 inputMax=5.53184938
LINEARW name=blk.61.attn_v.weight rows=1024 cols=5120 type=14
LINEARW_RESULT=CPU_FALLBACK name=blk.61.attn_v.weight
LINEAR_CPU_BEGIN name=blk.61.attn_v.weight type=14 rows=1024 cols=5120 inputFinite=1 inputBad=18446744073709551615 inputMin=-18.4947338 inputMax=5.53184938
ROPE layer=61 theta=1000000.0 local=no
LINEARW name=blk.61.attn_output.weight rows=5120 cols=5120 type=12
LINEARW_RESULT=CPU_FALLBACK name=blk.61.attn_output.weight
LINEAR_CPU_BEGIN name=blk.61.attn_output.weight type=12 rows=5120 cols=5120 inputFinite=1 inputBad=18446744073709551615 inputMin=-6.39372396 inputMax=7.71201229
FWD_LAYER layer=61 FFN_ENTER
LINEARW name=blk.61.ffn_gate.weight rows=27648 cols=5120 type=12
LINEARW_RESULT=CPU_FALLBACK name=blk.61.ffn_gate.weight
LINEAR_CPU_BEGIN name=blk.61.ffn_gate.weight type=12 rows=27648 cols=5120 inputFinite=1 inputBad=18446744073709551615 inputMin=-7.13901615 inputMax=10.007391
LINEARW name=blk.61.ffn_up.weight rows=27648 cols=5120 type=12
LINEARW_RESULT=CPU_FALLBACK name=blk.61.ffn_up.weight
LINEAR_CPU_BEGIN name=blk.61.ffn_up.weight type=12 rows=27648 cols=5120 inputFinite=1 inputBad=18446744073709551615 inputMin=-7.13901615 inputMax=10.007391
LINEARW name=blk.61.ffn_down.weight rows=5120 cols=27648 type=14
LINEARW_RESULT=CPU_FALLBACK name=blk.61.ffn_down.weight
LINEAR_CPU_BEGIN name=blk.61.ffn_down.weight type=14 rows=5120 cols=27648 inputFinite=1 inputBad=18446744073709551615 inputMin=-23.5927334 inputMax=72.4231949
FWD_LAYER layer=61 DONE
FWD_LAYER layer=62 seqLen=2
FWD_LAYER layer=62 ATTENTION
LINEARW name=blk.62.attn_q.weight rows=5120 cols=5120 type=12
LINEARW_RESULT=CPU_FALLBACK name=blk.62.attn_q.weight
LINEAR_CPU_BEGIN name=blk.62.attn_q.weight type=12 rows=5120 cols=5120 inputFinite=1 inputBad=18446744073709551615 inputMin=-17.8130951 inputMax=11.4566498
LINEARW name=blk.62.attn_k.weight rows=1024 cols=5120 type=12
LINEARW_RESULT=CPU_FALLBACK name=blk.62.attn_k.weight
LINEAR_CPU_BEGIN name=blk.62.attn_k.weight type=12 rows=1024 cols=5120 inputFinite=1 inputBad=18446744073709551615 inputMin=-17.8130951 inputMax=11.4566498
LINEARW name=blk.62.attn_v.weight rows=1024 cols=5120 type=14
LINEARW_RESULT=CPU_FALLBACK name=blk.62.attn_v.weight
LINEAR_CPU_BEGIN name=blk.62.attn_v.weight type=14 rows=1024 cols=5120 inputFinite=1 inputBad=18446744073709551615 inputMin=-17.8130951 inputMax=11.4566498
ROPE layer=62 theta=1000000.0 local=no
LINEARW name=blk.62.attn_output.weight rows=5120 cols=5120 type=12
LINEARW_RESULT=CPU_FALLBACK name=blk.62.attn_output.weight
LINEAR_CPU_BEGIN name=blk.62.attn_output.weight type=12 rows=5120 cols=5120 inputFinite=1 inputBad=18446744073709551615 inputMin=-8.66063404 inputMax=10.0300398
FWD_LAYER layer=62 FFN_ENTER
LINEARW name=blk.62.ffn_gate.weight rows=27648 cols=5120 type=12
LINEARW_RESULT=CPU_FALLBACK name=blk.62.ffn_gate.weight
LINEAR_CPU_BEGIN name=blk.62.ffn_gate.weight type=12 rows=27648 cols=5120 inputFinite=1 inputBad=18446744073709551615 inputMin=-9.48774242 inputMax=11.7181196
LINEARW name=blk.62.ffn_up.weight rows=27648 cols=5120 type=12
LINEARW_RESULT=CPU_FALLBACK name=blk.62.ffn_up.weight
LINEAR_CPU_BEGIN name=blk.62.ffn_up.weight type=12 rows=27648 cols=5120 inputFinite=1 inputBad=18446744073709551615 inputMin=-9.48774242 inputMax=11.7181196
LINEARW name=blk.62.ffn_down.weight rows=5120 cols=27648 type=14
LINEARW_RESULT=CPU_FALLBACK name=blk.62.ffn_down.weight
LINEAR_CPU_BEGIN name=blk.62.ffn_down.weight type=14 rows=5120 cols=27648 inputFinite=1 inputBad=18446744073709551615 inputMin=-46.7868385 inputMax=83.4262009
FWD_LAYER layer=62 DONE
FWD_LAYER layer=63 seqLen=2
FWD_LAYER layer=63 ATTENTION
LINEARW name=blk.63.attn_q.weight rows=5120 cols=5120 type=12
LINEARW_RESULT=CPU_FALLBACK name=blk.63.attn_q.weight
LINEAR_CPU_BEGIN name=blk.63.attn_q.weight type=12 rows=5120 cols=5120 inputFinite=1 inputBad=18446744073709551615 inputMin=-15.5228786 inputMax=7.87353086
LINEARW name=blk.63.attn_k.weight rows=1024 cols=5120 type=12
LINEARW_RESULT=CPU_FALLBACK name=blk.63.attn_k.weight
LINEAR_CPU_BEGIN name=blk.63.attn_k.weight type=12 rows=1024 cols=5120 inputFinite=1 inputBad=18446744073709551615 inputMin=-15.5228786 inputMax=7.87353086
LINEARW name=blk.63.attn_v.weight rows=1024 cols=5120 type=14
LINEARW_RESULT=CPU_FALLBACK name=blk.63.attn_v.weight
LINEAR_CPU_BEGIN name=blk.63.attn_v.weight type=14 rows=1024 cols=5120 inputFinite=1 inputBad=18446744073709551615 inputMin=-15.5228786 inputMax=7.87353086
ROPE layer=63 theta=1000000.0 local=no
LINEARW name=blk.63.attn_output.weight rows=5120 cols=5120 type=12
LINEARW_RESULT=CPU_FALLBACK name=blk.63.attn_output.weight
LINEAR_CPU_BEGIN name=blk.63.attn_output.weight type=12 rows=5120 cols=5120 inputFinite=1 inputBad=18446744073709551615 inputMin=-8.31241989 inputMax=6.2883749
FWD_LAYER layer=63 FFN_ENTER
LINEARW name=blk.63.ffn_gate.weight rows=27648 cols=5120 type=12
LINEARW_RESULT=CPU_FALLBACK name=blk.63.ffn_gate.weight
LINEAR_CPU_BEGIN name=blk.63.ffn_gate.weight type=12 rows=27648 cols=5120 inputFinite=1 inputBad=18446744073709551615 inputMin=-17.3243313 inputMax=34.8875961
LINEARW name=blk.63.ffn_up.weight rows=27648 cols=5120 type=12
LINEARW_RESULT=CPU_FALLBACK name=blk.63.ffn_up.weight
LINEAR_CPU_BEGIN name=blk.63.ffn_up.weight type=12 rows=27648 cols=5120 inputFinite=1 inputBad=18446744073709551615 inputMin=-17.3243313 inputMax=34.8875961
LINEARW name=blk.63.ffn_down.weight rows=5120 cols=27648 type=14
LINEARW_RESULT=CPU_FALLBACK name=blk.63.ffn_down.weight
LINEAR_CPU_BEGIN name=blk.63.ffn_down.weight type=14 rows=5120 cols=27648 inputFinite=1 inputBad=18446744073709551615 inputMin=-61.6658401 inputMax=107.629242
FWD_LAYER layer=63 DONE
[FWD_ALL] seqLen=3 numLayers=64 isMoE=0 useMLA=0 vulkan=0/0
FWD_LAYER layer=0 seqLen=3
FWD_LAYER layer=0 ATTENTION
LINEARW name=blk.0.attn_q.weight rows=5120 cols=5120 type=12
LINEARW_RESULT=CPU_FALLBACK name=blk.0.attn_q.weight
LINEAR_CPU_BEGIN name=blk.0.attn_q.weight type=12 rows=5120 cols=5120 inputFinite=1 inputBad=18446744073709551615 inputMin=-0.522499204 inputMax=0.576861262
LINEARW name=blk.0.attn_k.weight rows=1024 cols=5120 type=12
LINEARW_RESULT=CPU_FALLBACK name=blk.0.attn_k.weight
LINEAR_CPU_BEGIN name=blk.0.attn_k.weight type=12 rows=1024 cols=5120 inputFinite=1 inputBad=18446744073709551615 inputMin=-0.522499204 inputMax=0.576861262
LINEARW name=blk.0.attn_v.weight rows=1024 cols=5120 type=14
LINEARW_RESULT=CPU_FALLBACK name=blk.0.attn_v.weight
LINEAR_CPU_BEGIN name=blk.0.attn_v.weight type=14 rows=1024 cols=5120 inputFinite=1 inputBad=18446744073709551615 inputMin=-0.522499204 inputMax=0.576861262
ROPE layer=0 theta=1000000.0 local=no
LINEARW name=blk.0.attn_output.weight rows=5120 cols=5120 type=12
LINEARW_RESULT=CPU_FALLBACK name=blk.0.attn_output.weight
LINEAR_CPU_BEGIN name=blk.0.attn_output.weight type=12 rows=5120 cols=5120 inputFinite=1 inputBad=18446744073709551615 inputMin=-1.1846559 inputMax=3.53402519
FWD_LAYER layer=0 FFN_ENTER
LINEARW name=blk.0.ffn_gate.weight rows=27648 cols=5120 type=12
LINEARW_RESULT=CPU_FALLBACK name=blk.0.ffn_gate.weight
LINEAR_CPU_BEGIN name=blk.0.ffn_gate.weight type=12 rows=27648 cols=5120 inputFinite=1 inputBad=18446744073709551615 inputMin=-0.726801813 inputMax=0.913919926
LINEARW name=blk.0.ffn_up.weight rows=27648 cols=5120 type=12
LINEARW_RESULT=CPU_FALLBACK name=blk.0.ffn_up.weight
LINEAR_CPU_BEGIN name=blk.0.ffn_up.weight type=12 rows=27648 cols=5120 inputFinite=1 inputBad=18446744073709551615 inputMin=-0.726801813 inputMax=0.913919926
LINEARW name=blk.0.ffn_down.weight rows=5120 cols=27648 type=14
LINEARW_RESULT=CPU_FALLBACK name=blk.0.ffn_down.weight
LINEAR_CPU_BEGIN name=blk.0.ffn_down.weight type=14 rows=5120 cols=27648 inputFinite=1 inputBad=18446744073709551615 inputMin=-5.288589 inputMax=12.0007324
FWD_LAYER layer=0 DONE
FWD_LAYER layer=1 seqLen=3
FWD_LAYER layer=1 ATTENTION
LINEARW name=blk.1.attn_q.weight rows=5120 cols=5120 type=12
LINEARW_RESULT=CPU_FALLBACK name=blk.1.attn_q.weight
LINEAR_CPU_BEGIN name=blk.1.attn_q.weight type=12 rows=5120 cols=5120 inputFinite=1 inputBad=18446744073709551615 inputMin=-0.755590796 inputMax=0.923793912
LINEARW name=blk.1.attn_k.weight rows=1024 cols=5120 type=12
LINEARW_RESULT=CPU_FALLBACK name=blk.1.attn_k.weight
LINEAR_CPU_BEGIN name=blk.1.attn_k.weight type=12 rows=1024 cols=5120 inputFinite=1 inputBad=18446744073709551615 inputMin=-0.755590796 inputMax=0.923793912
LINEARW name=blk.1.attn_v.weight rows=1024 cols=5120 type=14
LINEARW_RESULT=CPU_FALLBACK name=blk.1.attn_v.weight
LINEAR_CPU_BEGIN name=blk.1.attn_v.weight type=14 rows=1024 cols=5120 inputFinite=1 inputBad=18446744073709551615 inputMin=-0.755590796 inputMax=0.923793912
ROPE layer=1 theta=1000000.0 local=no
LINEARW name=blk.1.attn_output.weight rows=5120 cols=5120 type=12
LINEARW_RESULT=CPU_FALLBACK name=blk.1.attn_output.weight
LINEAR_CPU_BEGIN name=blk.1.attn_output.weight type=12 rows=5120 cols=5120 inputFinite=1 inputBad=18446744073709551615 inputMin=-0.904121697 inputMax=0.362910151
FWD_LAYER layer=1 FFN_ENTER
LINEARW name=blk.1.ffn_gate.weight rows=27648 cols=5120 type=12
LINEARW_RESULT=CPU_FALLBACK name=blk.1.ffn_gate.weight
LINEAR_CPU_BEGIN name=blk.1.ffn_gate.weight type=12 rows=27648 cols=5120 inputFinite=1 inputBad=18446744073709551615 inputMin=-7.0636034 inputMax=22.3823223
LINEARW name=blk.1.ffn_up.weight rows=27648 cols=5120 type=12
LINEARW_RESULT=CPU_FALLBACK name=blk.1.ffn_up.weight
LINEAR_CPU_BEGIN name=blk.1.ffn_up.weight type=12 rows=27648 cols=5120 inputFinite=1 inputBad=18446744073709551615 inputMin=-7.0636034 inputMax=22.3823223
LINEARW name=blk.1.ffn_down.weight rows=5120 cols=27648 type=14
LINEARW_RESULT=CPU_FALLBACK name=blk.1.ffn_down.weight
LINEAR_CPU_BEGIN name=blk.1.ffn_down.weight type=14 rows=5120 cols=27648 inputFinite=1 inputBad=18446744073709551615 inputMin=-0.918845892 inputMax=1.15284848
FWD_LAYER layer=1 DONE
FWD_LAYER layer=2 seqLen=3
FWD_LAYER layer=2 ATTENTION
LINEARW name=blk.2.attn_q.weight rows=5120 cols=5120 type=12
LINEARW_RESULT=CPU_FALLBACK name=blk.2.attn_q.weight
LINEAR_CPU_BEGIN name=blk.2.attn_q.weight type=12 rows=5120 cols=5120 inputFinite=1 inputBad=18446744073709551615 inputMin=-1.22883725 inputMax=1.45236671
LINEARW name=blk.2.attn_k.weight rows=1024 cols=5120 type=12
LINEARW_RESULT=CPU_FALLBACK name=blk.2.attn_k.weight
LINEAR_CPU_BEGIN name=blk.2.attn_k.weight type=12 rows=1024 cols=5120 inputFinite=1 inputBad=18446744073709551615 inputMin=-1.22883725 inputMax=1.45236671
LINEARW name=blk.2.attn_v.weight rows=1024 cols=5120 type=14
LINEARW_RESULT=CPU_FALLBACK name=blk.2.attn_v.weight
LINEAR_CPU_BEGIN name=blk.2.attn_v.weight type=14 rows=1024 cols=5120 inputFinite=1 inputBad=18446744073709551615 inputMin=-1.22883725 inputMax=1.45236671
ROPE layer=2 theta=1000000.0 local=no
LINEARW name=blk.2.attn_output.weight rows=5120 cols=5120 type=12
LINEARW_RESULT=CPU_FALLBACK name=blk.2.attn_output.weight
LINEAR_CPU_BEGIN name=blk.2.attn_output.weight type=12 rows=5120 cols=5120 inputFinite=1 inputBad=18446744073709551615 inputMin=-0.594093502 inputMax=0.530765891
FWD_LAYER layer=2 FFN_ENTER
LINEARW name=blk.2.ffn_gate.weight rows=27648 cols=5120 type=12
LINEARW_RESULT=CPU_FALLBACK name=blk.2.ffn_gate.weight
LINEAR_CPU_BEGIN name=blk.2.ffn_gate.weight type=12 rows=27648 cols=5120 inputFinite=1 inputBad=18446744073709551615 inputMin=-5.13870144 inputMax=6.57565212
LINEARW name=blk.2.ffn_up.weight rows=27648 cols=5120 type=12
LINEARW_RESULT=CPU_FALLBACK name=blk.2.ffn_up.weight
LINEAR_CPU_BEGIN name=blk.2.ffn_up.weight type=12 rows=27648 cols=5120 inputFinite=1 inputBad=18446744073709551615 inputMin=-5.13870144 inputMax=6.57565212
LINEARW name=blk.2.ffn_down.weight rows=5120 cols=27648 type=14
LINEARW_RESULT=CPU_FALLBACK name=blk.2.ffn_down.weight
LINEAR_CPU_BEGIN name=blk.2.ffn_down.weight type=14 rows=5120 cols=27648 inputFinite=1 inputBad=18446744073709551615 inputMin=-1.57528341 inputMax=40.9417
FWD_LAYER layer=2 DONE
FWD_LAYER layer=3 seqLen=3
FWD_LAYER layer=3 ATTENTION
LINEARW name=blk.3.attn_q.weight rows=5120 cols=5120 type=12
LINEARW_RESULT=CPU_FALLBACK name=blk.3.attn_q.weight
LINEAR_CPU_BEGIN name=blk.3.attn_q.weight type=12 rows=5120 cols=5120 inputFinite=1 inputBad=18446744073709551615 inputMin=-2.66281939 inputMax=1.57872808
LINEARW name=blk.3.attn_k.weight rows=1024 cols=5120 type=12
LINEARW_RESULT=CPU_FALLBACK name=blk.3.attn_k.weight
LINEAR_CPU_BEGIN name=blk.3.attn_k.weight type=12 rows=1024 cols=5120 inputFinite=1 inputBad=18446744073709551615 inputMin=-2.66281939 inputMax=1.57872808
LINEARW name=blk.3.attn_v.weight rows=1024 cols=5120 type=14
LINEARW_RESULT=CPU_FALLBACK name=blk.3.attn_v.weight
LINEAR_CPU_BEGIN name=blk.3.attn_v.weight type=14 rows=1024 cols=5120 inputFinite=1 inputBad=18446744073709551615 inputMin=-2.66281939 inputMax=1.57872808
ROPE layer=3 theta=1000000.0 local=no
LINEARW name=blk.3.attn_output.weight rows=5120 cols=5120 type=12
LINEARW_RESULT=CPU_FALLBACK name=blk.3.attn_output.weight
LINEAR_CPU_BEGIN name=blk.3.attn_output.weight type=12 rows=5120 cols=5120 inputFinite=1 inputBad=18446744073709551615 inputMin=-1.08669281 inputMax=1.06221986
FWD_LAYER layer=3 FFN_ENTER
LINEARW name=blk.3.ffn_gate.weight rows=27648 cols=5120 type=12
LINEARW_RESULT=CPU_FALLBACK name=blk.3.ffn_gate.weight
LINEAR_CPU_BEGIN name=blk.3.ffn_gate.weight type=12 rows=27648 cols=5120 inputFinite=1 inputBad=18446744073709551615 inputMin=-3.6786983 inputMax=3.05015826
LINEARW name=blk.3.ffn_up.weight rows=27648 cols=5120 type=12
LINEARW_RESULT=CPU_FALLBACK name=blk.3.ffn_up.weight
LINEAR_CPU_BEGIN name=blk.3.ffn_up.weight type=12 rows=27648 cols=5120 inputFinite=1 inputBad=18446744073709551615 inputMin=-3.6786983 inputMax=3.05015826
LINEARW name=blk.3.ffn_down.weight rows=5120 cols=27648 type=14
LINEARW_RESULT=CPU_FALLBACK name=blk.3.ffn_down.weight
LINEAR_CPU_BEGIN name=blk.3.ffn_down.weight type=14 rows=5120 cols=27648 inputFinite=1 inputBad=18446744073709551615 inputMin=-4.54981756 inputMax=0.872624278
FWD_LAYER layer=3 DONE
FWD_LAYER layer=4 seqLen=3
FWD_LAYER layer=4 ATTENTION
LINEARW name=blk.4.attn_q.weight rows=5120 cols=5120 type=12
LINEARW_RESULT=CPU_FALLBACK name=blk.4.attn_q.weight
LINEAR_CPU_BEGIN name=blk.4.attn_q.weight type=12 rows=5120 cols=5120 inputFinite=1 inputBad=18446744073709551615 inputMin=-1.3264153 inputMax=1.77573812
LINEARW name=blk.4.attn_k.weight rows=1024 cols=5120 type=12
LINEARW_RESULT=CPU_FALLBACK name=blk.4.attn_k.weight
LINEAR_CPU_BEGIN name=blk.4.attn_k.weight type=12 rows=1024 cols=5120 inputFinite=1 inputBad=18446744073709551615 inputMin=-1.3264153 inputMax=1.77573812
LINEARW name=blk.4.attn_v.weight rows=1024 cols=5120 type=14
LINEARW_RESULT=CPU_FALLBACK name=blk.4.attn_v.weight
LINEAR_CPU_BEGIN name=blk.4.attn_v.weight type=14 rows=1024 cols=5120 inputFinite=1 inputBad=18446744073709551615 inputMin=-1.3264153 inputMax=1.77573812
ROPE layer=4 theta=1000000.0 local=no
LINEARW name=blk.4.attn_output.weight rows=5120 cols=5120 type=12
LINEARW_RESULT=CPU_FALLBACK name=blk.4.attn_output.weight
LINEAR_CPU_BEGIN name=blk.4.attn_output.weight type=12 rows=5120 cols=5120 inputFinite=1 inputBad=18446744073709551615 inputMin=-0.765285969 inputMax=0.814221084
FWD_LAYER layer=4 FFN_ENTER
LINEARW name=blk.4.ffn_gate.weight rows=27648 cols=5120 type=12
LINEARW_RESULT=CPU_FALLBACK name=blk.4.ffn_gate.weight
LINEAR_CPU_BEGIN name=blk.4.ffn_gate.weight type=12 rows=27648 cols=5120 inputFinite=1 inputBad=18446744073709551615 inputMin=-5.78291035 inputMax=4.98333836
LINEARW name=blk.4.ffn_up.weight rows=27648 cols=5120 type=12
LINEARW_RESULT=CPU_FALLBACK name=blk.4.ffn_up.weight
LINEAR_CPU_BEGIN name=blk.4.ffn_up.weight type=12 rows=27648 cols=5120 inputFinite=1 inputBad=18446744073709551615 inputMin=-5.78291035 inputMax=4.98333836
LINEARW name=blk.4.ffn_down.weight rows=5120 cols=27648 type=14
LINEARW_RESULT=CPU_FALLBACK name=blk.4.ffn_down.weight
LINEAR_CPU_BEGIN name=blk.4.ffn_down.weight type=14 rows=5120 cols=27648 inputFinite=1 inputBad=18446744073709551615 inputMin=-0.907080352 inputMax=12.5749683
FWD_LAYER layer=4 DONE
FWD_LAYER layer=5 seqLen=3
FWD_LAYER layer=5 ATTENTION
LINEARW name=blk.5.attn_q.weight rows=5120 cols=5120 type=12
LINEARW_RESULT=CPU_FALLBACK name=blk.5.attn_q.weight
LINEAR_CPU_BEGIN name=blk.5.attn_q.weight type=12 rows=5120 cols=5120 inputFinite=1 inputBad=18446744073709551615 inputMin=-3.42341328 inputMax=2.39557743
LINEARW name=blk.5.attn_k.weight rows=1024 cols=5120 type=12
LINEARW_RESULT=CPU_FALLBACK name=blk.5.attn_k.weight
LINEAR_CPU_BEGIN name=blk.5.attn_k.weight type=12 rows=1024 cols=5120 inputFinite=1 inputBad=18446744073709551615 inputMin=-3.42341328 inputMax=2.39557743
LINEARW name=blk.5.attn_v.weight rows=1024 cols=5120 type=14
LINEARW_RESULT=CPU_FALLBACK name=blk.5.attn_v.weight
LINEAR_CPU_BEGIN name=blk.5.attn_v.weight type=14 rows=1024 cols=5120 inputFinite=1 inputBad=18446744073709551615 inputMin=-3.42341328 inputMax=2.39557743
ROPE layer=5 theta=1000000.0 local=no
LINEARW name=blk.5.attn_output.weight rows=5120 cols=5120 type=12
LINEARW_RESULT=CPU_FALLBACK name=blk.5.attn_output.weight
LINEAR_CPU_BEGIN name=blk.5.attn_output.weight type=12 rows=5120 cols=5120 inputFinite=1 inputBad=18446744073709551615 inputMin=-1.22494507 inputMax=1.6615572
FWD_LAYER layer=5 FFN_ENTER
LINEARW name=blk.5.ffn_gate.weight rows=27648 cols=5120 type=12
LINEARW_RESULT=CPU_FALLBACK name=blk.5.ffn_gate.weight
LINEAR_CPU_BEGIN name=blk.5.ffn_gate.weight type=12 rows=27648 cols=5120 inputFinite=1 inputBad=18446744073709551615 inputMin=-26.3631763 inputMax=10.7356806
LINEARW name=blk.5.ffn_up.weight rows=27648 cols=5120 type=12
LINEARW_RESULT=CPU_FALLBACK name=blk.5.ffn_up.weight
LINEAR_CPU_BEGIN name=blk.5.ffn_up.weight type=12 rows=27648 cols=5120 inputFinite=1 inputBad=18446744073709551615 inputMin=-26.3631763 inputMax=10.7356806
LINEARW name=blk.5.ffn_down.weight rows=5120 cols=27648 type=14
LINEARW_RESULT=CPU_FALLBACK name=blk.5.ffn_down.weight
LINEAR_CPU_BEGIN name=blk.5.ffn_down.weight type=14 rows=5120 cols=27648 inputFinite=1 inputBad=18446744073709551615 inputMin=-1.40383601 inputMax=7.52642822
FWD_LAYER layer=5 DONE
FWD_LAYER layer=6 seqLen=3
FWD_LAYER layer=6 ATTENTION
LINEARW name=blk.6.attn_q.weight rows=5120 cols=5120 type=12
LINEARW_RESULT=CPU_FALLBACK name=blk.6.attn_q.weight
LINEAR_CPU_BEGIN name=blk.6.attn_q.weight type=12 rows=5120 cols=5120 inputFinite=1 inputBad=18446744073709551615 inputMin=-2.65434933 inputMax=2.32581377
LINEARW name=blk.6.attn_k.weight rows=1024 cols=5120 type=12
LINEARW_RESULT=CPU_FALLBACK name=blk.6.attn_k.weight
LINEAR_CPU_BEGIN name=blk.6.attn_k.weight type=12 rows=1024 cols=5120 inputFinite=1 inputBad=18446744073709551615 inputMin=-2.65434933 inputMax=2.32581377
LINEARW name=blk.6.attn_v.weight rows=1024 cols=5120 type=14
LINEARW_RESULT=CPU_FALLBACK name=blk.6.attn_v.weight
LINEAR_CPU_BEGIN name=blk.6.attn_v.weight type=14 rows=1024 cols=5120 inputFinite=1 inputBad=18446744073709551615 inputMin=-2.65434933 inputMax=2.32581377
ROPE layer=6 theta=1000000.0 local=no
LINEARW name=blk.6.attn_output.weight rows=5120 cols=5120 type=12
LINEARW_RESULT=CPU_FALLBACK name=blk.6.attn_output.weight
LINEAR_CPU_BEGIN name=blk.6.attn_output.weight type=12 rows=5120 cols=5120 inputFinite=1 inputBad=18446744073709551615 inputMin=-1.04191518 inputMax=1.53691459
FWD_LAYER layer=6 FFN_ENTER
LINEARW name=blk.6.ffn_gate.weight rows=27648 cols=5120 type=12
LINEARW_RESULT=CPU_FALLBACK name=blk.6.ffn_gate.weight
LINEAR_CPU_BEGIN name=blk.6.ffn_gate.weight type=12 rows=27648 cols=5120 inputFinite=1 inputBad=18446744073709551615 inputMin=-24.8872852 inputMax=14.3295078
LINEARW name=blk.6.ffn_up.weight rows=27648 cols=5120 type=12
LINEARW_RESULT=CPU_FALLBACK name=blk.6.ffn_up.weight
LINEAR_CPU_BEGIN name=blk.6.ffn_up.weight type=12 rows=27648 cols=5120 inputFinite=1 inputBad=18446744073709551615 inputMin=-24.8872852 inputMax=14.3295078
LINEARW name=blk.6.ffn_down.weight rows=5120 cols=27648 type=14
LINEARW_RESULT=CPU_FALLBACK name=blk.6.ffn_down.weight
LINEAR_CPU_BEGIN name=blk.6.ffn_down.weight type=14 rows=5120 cols=27648 inputFinite=1 inputBad=18446744073709551615 inputMin=-4.18477154 inputMax=3.63224626
FWD_LAYER layer=6 DONE
FWD_LAYER layer=7 seqLen=3
FWD_LAYER layer=7 ATTENTION
LINEARW name=blk.7.attn_q.weight rows=5120 cols=5120 type=12
LINEARW_RESULT=CPU_FALLBACK name=blk.7.attn_q.weight
LINEAR_CPU_BEGIN name=blk.7.attn_q.weight type=12 rows=5120 cols=5120 inputFinite=1 inputBad=18446744073709551615 inputMin=-2.31263137 inputMax=1.88081932
LINEARW name=blk.7.attn_k.weight rows=1024 cols=5120 type=12
LINEARW_RESULT=CPU_FALLBACK name=blk.7.attn_k.weight
LINEAR_CPU_BEGIN name=blk.7.attn_k.weight type=12 rows=1024 cols=5120 inputFinite=1 inputBad=18446744073709551615 inputMin=-2.31263137 inputMax=1.88081932
LINEARW name=blk.7.attn_v.weight rows=1024 cols=5120 type=14
LINEARW_RESULT=CPU_FALLBACK name=blk.7.attn_v.weight
LINEAR_CPU_BEGIN name=blk.7.attn_v.weight type=14 rows=1024 cols=5120 inputFinite=1 inputBad=18446744073709551615 inputMin=-2.31263137 inputMax=1.88081932
ROPE layer=7 theta=1000000.0 local=no
LINEARW name=blk.7.attn_output.weight rows=5120 cols=5120 type=12
LINEARW_RESULT=CPU_FALLBACK name=blk.7.attn_output.weight
LINEAR_CPU_BEGIN name=blk.7.attn_output.weight type=12 rows=5120 cols=5120 inputFinite=1 inputBad=18446744073709551615 inputMin=-1.22510159 inputMax=1.62625527
FWD_LAYER layer=7 FFN_ENTER
LINEARW name=blk.7.ffn_gate.weight rows=27648 cols=5120 type=12
LINEARW_RESULT=CPU_FALLBACK name=blk.7.ffn_gate.weight
LINEAR_CPU_BEGIN name=blk.7.ffn_gate.weight type=12 rows=27648 cols=5120 inputFinite=1 inputBad=18446744073709551615 inputMin=-21.0829277 inputMax=10.9565506
LINEARW name=blk.7.ffn_up.weight rows=27648 cols=5120 type=12
LINEARW_RESULT=CPU_FALLBACK name=blk.7.ffn_up.weight
LINEAR_CPU_BEGIN name=blk.7.ffn_up.weight type=12 rows=27648 cols=5120 inputFinite=1 inputBad=18446744073709551615 inputMin=-21.0829277 inputMax=10.9565506
LINEARW name=blk.7.ffn_down.weight rows=5120 cols=27648 type=14
LINEARW_RESULT=CPU_FALLBACK name=blk.7.ffn_down.weight
LINEAR_CPU_BEGIN name=blk.7.ffn_down.weight type=14 rows=5120 cols=27648 inputFinite=1 inputBad=18446744073709551615 inputMin=-5.93926144 inputMax=6.14336824
FWD_LAYER layer=7 DONE
FWD_LAYER layer=8 seqLen=3
FWD_LAYER layer=8 ATTENTION
LINEARW name=blk.8.attn_q.weight rows=5120 cols=5120 type=12
LINEARW_RESULT=CPU_FALLBACK name=blk.8.attn_q.weight
LINEAR_CPU_BEGIN name=blk.8.attn_q.weight type=12 rows=5120 cols=5120 inputFinite=1 inputBad=18446744073709551615 inputMin=-7.15363026 inputMax=4.29311848
LINEARW name=blk.8.attn_k.weight rows=1024 cols=5120 type=12
LINEARW_RESULT=CPU_FALLBACK name=blk.8.attn_k.weight
LINEAR_CPU_BEGIN name=blk.8.attn_k.weight type=12 rows=1024 cols=5120 inputFinite=1 inputBad=18446744073709551615 inputMin=-7.15363026 inputMax=4.29311848
LINEARW name=blk.8.attn_v.weight rows=1024 cols=5120 type=12
LINEARW_RESULT=CPU_FALLBACK name=blk.8.attn_v.weight
LINEAR_CPU_BEGIN name=blk.8.attn_v.weight type=12 rows=1024 cols=5120 inputFinite=1 inputBad=18446744073709551615 inputMin=-7.15363026 inputMax=4.29311848
ROPE layer=8 theta=1000000.0 local=no
LINEARW name=blk.8.attn_output.weight rows=5120 cols=5120 type=12
LINEARW_RESULT=CPU_FALLBACK name=blk.8.attn_output.weight
LINEAR_CPU_BEGIN name=blk.8.attn_output.weight type=12 rows=5120 cols=5120 inputFinite=1 inputBad=18446744073709551615 inputMin=-1.58401489 inputMax=1.03563333
FWD_LAYER layer=8 FFN_ENTER
LINEARW name=blk.8.ffn_gate.weight rows=27648 cols=5120 type=12
LINEARW_RESULT=CPU_FALLBACK name=blk.8.ffn_gate.weight
LINEAR_CPU_BEGIN name=blk.8.ffn_gate.weight type=12 rows=27648 cols=5120 inputFinite=1 inputBad=18446744073709551615 inputMin=-15.243371 inputMax=5.48457241
LINEARW name=blk.8.ffn_up.weight rows=27648 cols=5120 type=12
LINEARW_RESULT=CPU_FALLBACK name=blk.8.ffn_up.weight
LINEAR_CPU_BEGIN name=blk.8.ffn_up.weight type=12 rows=27648 cols=5120 inputFinite=1 inputBad=18446744073709551615 inputMin=-15.243371 inputMax=5.48457241
LINEARW name=blk.8.ffn_down.weight rows=5120 cols=27648 type=12
LINEARW_RESULT=CPU_FALLBACK name=blk.8.ffn_down.weight
LINEAR_CPU_BEGIN name=blk.8.ffn_down.weight type=12 rows=5120 cols=27648 inputFinite=1 inputBad=18446744073709551615 inputMin=-7.7128005 inputMax=2.63580489
FWD_LAYER layer=8 DONE
FWD_LAYER layer=9 seqLen=3
FWD_LAYER layer=9 ATTENTION
LINEARW name=blk.9.attn_q.weight rows=5120 cols=5120 type=12
LINEARW_RESULT=CPU_FALLBACK name=blk.9.attn_q.weight
LINEAR_CPU_BEGIN name=blk.9.attn_q.weight type=12 rows=5120 cols=5120 inputFinite=1 inputBad=18446744073709551615 inputMin=-3.62806177 inputMax=3.38517761
LINEARW name=blk.9.attn_k.weight rows=1024 cols=5120 type=12
LINEARW_RESULT=CPU_FALLBACK name=blk.9.attn_k.weight
LINEAR_CPU_BEGIN name=blk.9.attn_k.weight type=12 rows=1024 cols=5120 inputFinite=1 inputBad=18446744073709551615 inputMin=-3.62806177 inputMax=3.38517761
LINEARW name=blk.9.attn_v.weight rows=1024 cols=5120 type=12
LINEARW_RESULT=CPU_FALLBACK name=blk.9.attn_v.weight
LINEAR_CPU_BEGIN name=blk.9.attn_v.weight type=12 rows=1024 cols=5120 inputFinite=1 inputBad=18446744073709551615 inputMin=-3.62806177 inputMax=3.38517761
ROPE layer=9 theta=1000000.0 local=no
LINEARW name=blk.9.attn_output.weight rows=5120 cols=5120 type=12
LINEARW_RESULT=CPU_FALLBACK name=blk.9.attn_output.weight
LINEAR_CPU_BEGIN name=blk.9.attn_output.weight type=12 rows=5120 cols=5120 inputFinite=1 inputBad=18446744073709551615 inputMin=-1.39428902 inputMax=1.30486274
FWD_LAYER layer=9 FFN_ENTER
LINEARW name=blk.9.ffn_gate.weight rows=27648 cols=5120 type=12
LINEARW_RESULT=CPU_FALLBACK name=blk.9.ffn_gate.weight
LINEAR_CPU_BEGIN name=blk.9.ffn_gate.weight type=12 rows=27648 cols=5120 inputFinite=1 inputBad=18446744073709551615 inputMin=-1.04081869 inputMax=1.53459942
LINEARW name=blk.9.ffn_up.weight rows=27648 cols=5120 type=12
LINEARW_RESULT=CPU_FALLBACK name=blk.9.ffn_up.weight
LINEAR_CPU_BEGIN name=blk.9.ffn_up.weight type=12 rows=27648 cols=5120 inputFinite=1 inputBad=18446744073709551615 inputMin=-1.04081869 inputMax=1.53459942
LINEARW name=blk.9.ffn_down.weight rows=5120 cols=27648 type=12
LINEARW_RESULT=CPU_FALLBACK name=blk.9.ffn_down.weight
LINEAR_CPU_BEGIN name=blk.9.ffn_down.weight type=12 rows=5120 cols=27648 inputFinite=1 inputBad=18446744073709551615 inputMin=-5.89950657 inputMax=4.06379652
FWD_LAYER layer=9 DONE
FWD_LAYER layer=10 seqLen=3
FWD_LAYER layer=10 ATTENTION
LINEARW name=blk.10.attn_q.weight rows=5120 cols=5120 type=12
LINEARW_RESULT=CPU_FALLBACK name=blk.10.attn_q.weight
LINEAR_CPU_BEGIN name=blk.10.attn_q.weight type=12 rows=5120 cols=5120 inputFinite=1 inputBad=18446744073709551615 inputMin=-4.10691357 inputMax=3.46099329
LINEARW name=blk.10.attn_k.weight rows=1024 cols=5120 type=12
LINEARW_RESULT=CPU_FALLBACK name=blk.10.attn_k.weight
LINEAR_CPU_BEGIN name=blk.10.attn_k.weight type=12 rows=1024 cols=5120 inputFinite=1 inputBad=18446744073709551615 inputMin=-4.10691357 inputMax=3.46099329
LINEARW name=blk.10.attn_v.weight rows=1024 cols=5120 type=14
LINEARW_RESULT=CPU_FALLBACK name=blk.10.attn_v.weight
LINEAR_CPU_BEGIN name=blk.10.attn_v.weight type=14 rows=1024 cols=5120 inputFinite=1 inputBad=18446744073709551615 inputMin=-4.10691357 inputMax=3.46099329
ROPE layer=10 theta=1000000.0 local=no
LINEARW name=blk.10.attn_output.weight rows=5120 cols=5120 type=12
LINEARW_RESULT=CPU_FALLBACK name=blk.10.attn_output.weight
LINEAR_CPU_BEGIN name=blk.10.attn_output.weight type=12 rows=5120 cols=5120 inputFinite=1 inputBad=18446744073709551615 inputMin=-1.3404175 inputMax=1.43019617
FWD_LAYER layer=10 FFN_ENTER
LINEARW name=blk.10.ffn_gate.weight rows=27648 cols=5120 type=12
LINEARW_RESULT=CPU_FALLBACK name=blk.10.ffn_gate.weight
LINEAR_CPU_BEGIN name=blk.10.ffn_gate.weight type=12 rows=27648 cols=5120 inputFinite=1 inputBad=18446744073709551615 inputMin=-1.44956934 inputMax=1.48358023
LINEARW name=blk.10.ffn_up.weight rows=27648 cols=5120 type=12
LINEARW_RESULT=CPU_FALLBACK name=blk.10.ffn_up.weight
LINEAR_CPU_BEGIN name=blk.10.ffn_up.weight type=12 rows=27648 cols=5120 inputFinite=1 inputBad=18446744073709551615 inputMin=-1.44956934 inputMax=1.48358023
LINEARW name=blk.10.ffn_down.weight rows=5120 cols=27648 type=14
LINEARW_RESULT=CPU_FALLBACK name=blk.10.ffn_down.weight
LINEAR_CPU_BEGIN name=blk.10.ffn_down.weight type=14 rows=5120 cols=27648 inputFinite=1 inputBad=18446744073709551615 inputMin=-5.55322218 inputMax=4.16699743
FWD_LAYER layer=10 DONE
FWD_LAYER layer=11 seqLen=3
FWD_LAYER layer=11 ATTENTION
LINEARW name=blk.11.attn_q.weight rows=5120 cols=5120 type=12
LINEARW_RESULT=CPU_FALLBACK name=blk.11.attn_q.weight
LINEAR_CPU_BEGIN name=blk.11.attn_q.weight type=12 rows=5120 cols=5120 inputFinite=1 inputBad=18446744073709551615 inputMin=-5.36524391 inputMax=6.92190742
LINEARW name=blk.11.attn_k.weight rows=1024 cols=5120 type=12
LINEARW_RESULT=CPU_FALLBACK name=blk.11.attn_k.weight
LINEAR_CPU_BEGIN name=blk.11.attn_k.weight type=12 rows=1024 cols=5120 inputFinite=1 inputBad=18446744073709551615 inputMin=-5.36524391 inputMax=6.92190742
LINEARW name=blk.11.attn_v.weight rows=1024 cols=5120 type=12
LINEARW_RESULT=CPU_FALLBACK name=blk.11.attn_v.weight
LINEAR_CPU_BEGIN name=blk.11.attn_v.weight type=12 rows=1024 cols=5120 inputFinite=1 inputBad=18446744073709551615 inputMin=-5.36524391 inputMax=6.92190742
ROPE layer=11 theta=1000000.0 local=no
LINEARW name=blk.11.attn_output.weight rows=5120 cols=5120 type=12
LINEARW_RESULT=CPU_FALLBACK name=blk.11.attn_output.weight
LINEAR_CPU_BEGIN name=blk.11.attn_output.weight type=12 rows=5120 cols=5120 inputFinite=1 inputBad=18446744073709551615 inputMin=-1.34616601 inputMax=2.06164956
FWD_LAYER layer=11 FFN_ENTER
LINEARW name=blk.11.ffn_gate.weight rows=27648 cols=5120 type=12
LINEARW_RESULT=CPU_FALLBACK name=blk.11.ffn_gate.weight
LINEAR_CPU_BEGIN name=blk.11.ffn_gate.weight type=12 rows=27648 cols=5120 inputFinite=1 inputBad=18446744073709551615 inputMin=-1.12698722 inputMax=16.8126888
LINEARW name=blk.11.ffn_up.weight rows=27648 cols=5120 type=12
LINEARW_RESULT=CPU_FALLBACK name=blk.11.ffn_up.weight
LINEAR_CPU_BEGIN name=blk.11.ffn_up.weight type=12 rows=27648 cols=5120 inputFinite=1 inputBad=18446744073709551615 inputMin=-1.12698722 inputMax=16.8126888
LINEARW name=blk.11.ffn_down.weight rows=5120 cols=27648 type=12
LINEARW_RESULT=CPU_FALLBACK name=blk.11.ffn_down.weight
LINEAR_CPU_BEGIN name=blk.11.ffn_down.weight type=12 rows=5120 cols=27648 inputFinite=1 inputBad=18446744073709551615 inputMin=-2.74682069 inputMax=2.93008113
FWD_LAYER layer=11 DONE
FWD_LAYER layer=12 seqLen=3
FWD_LAYER layer=12 ATTENTION
LINEARW name=blk.12.attn_q.weight rows=5120 cols=5120 type=12
LINEARW_RESULT=CPU_FALLBACK name=blk.12.attn_q.weight
LINEAR_CPU_BEGIN name=blk.12.attn_q.weight type=12 rows=5120 cols=5120 inputFinite=1 inputBad=18446744073709551615 inputMin=-5.35948944 inputMax=3.37871718
LINEARW name=blk.12.attn_k.weight rows=1024 cols=5120 type=12
LINEARW_RESULT=CPU_FALLBACK name=blk.12.attn_k.weight
LINEAR_CPU_BEGIN name=blk.12.attn_k.weight type=12 rows=1024 cols=5120 inputFinite=1 inputBad=18446744073709551615 inputMin=-5.35948944 inputMax=3.37871718
LINEARW name=blk.12.attn_v.weight rows=1024 cols=5120 type=12
LINEARW_RESULT=CPU_FALLBACK name=blk.12.attn_v.weight
LINEAR_CPU_BEGIN name=blk.12.attn_v.weight type=12 rows=1024 cols=5120 inputFinite=1 inputBad=18446744073709551615 inputMin=-5.35948944 inputMax=3.37871718
ROPE layer=12 theta=1000000.0 local=no
LINEARW name=blk.12.attn_output.weight rows=5120 cols=5120 type=12
LINEARW_RESULT=CPU_FALLBACK name=blk.12.attn_output.weight
LINEAR_CPU_BEGIN name=blk.12.attn_output.weight type=12 rows=5120 cols=5120 inputFinite=1 inputBad=18446744073709551615 inputMin=-1.70809877 inputMax=1.4733181
FWD_LAYER layer=12 FFN_ENTER
LINEARW name=blk.12.ffn_gate.weight rows=27648 cols=5120 type=12
LINEARW_RESULT=CPU_FALLBACK name=blk.12.ffn_gate.weight
LINEAR_CPU_BEGIN name=blk.12.ffn_gate.weight type=12 rows=27648 cols=5120 inputFinite=1 inputBad=18446744073709551615 inputMin=-1.2738955 inputMax=1.5134201
LINEARW name=blk.12.ffn_up.weight rows=27648 cols=5120 type=12
LINEARW_RESULT=CPU_FALLBACK name=blk.12.ffn_up.weight
LINEAR_CPU_BEGIN name=blk.12.ffn_up.weight type=12 rows=27648 cols=5120 inputFinite=1 inputBad=18446744073709551615 inputMin=-1.2738955 inputMax=1.5134201
LINEARW name=blk.12.ffn_down.weight rows=5120 cols=27648 type=12
LINEARW_RESULT=CPU_FALLBACK name=blk.12.ffn_down.weight
LINEAR_CPU_BEGIN name=blk.12.ffn_down.weight type=12 rows=5120 cols=27648 inputFinite=1 inputBad=18446744073709551615 inputMin=-7.55240583 inputMax=3.41206002
FWD_LAYER layer=12 DONE
FWD_LAYER layer=13 seqLen=3
FWD_LAYER layer=13 ATTENTION
LINEARW name=blk.13.attn_q.weight rows=5120 cols=5120 type=12
LINEARW_RESULT=CPU_FALLBACK name=blk.13.attn_q.weight
LINEAR_CPU_BEGIN name=blk.13.attn_q.weight type=12 rows=5120 cols=5120 inputFinite=1 inputBad=18446744073709551615 inputMin=-5.81355572 inputMax=3.47271872
LINEARW name=blk.13.attn_k.weight rows=1024 cols=5120 type=12
LINEARW_RESULT=CPU_FALLBACK name=blk.13.attn_k.weight
LINEAR_CPU_BEGIN name=blk.13.attn_k.weight type=12 rows=1024 cols=5120 inputFinite=1 inputBad=18446744073709551615 inputMin=-5.81355572 inputMax=3.47271872
LINEARW name=blk.13.attn_v.weight rows=1024 cols=5120 type=14
LINEARW_RESULT=CPU_FALLBACK name=blk.13.attn_v.weight
LINEAR_CPU_BEGIN name=blk.13.attn_v.weight type=14 rows=1024 cols=5120 inputFinite=1 inputBad=18446744073709551615 inputMin=-5.81355572 inputMax=3.47271872
ROPE layer=13 theta=1000000.0 local=no
LINEARW name=blk.13.attn_output.weight rows=5120 cols=5120 type=12
LINEARW_RESULT=CPU_FALLBACK name=blk.13.attn_output.weight
LINEAR_CPU_BEGIN name=blk.13.attn_output.weight type=12 rows=5120 cols=5120 inputFinite=1 inputBad=18446744073709551615 inputMin=-1.66611683 inputMax=2.4663372
FWD_LAYER layer=13 FFN_ENTER
LINEARW name=blk.13.ffn_gate.weight rows=27648 cols=5120 type=12
LINEARW_RESULT=CPU_FALLBACK name=blk.13.ffn_gate.weight
LINEAR_CPU_BEGIN name=blk.13.ffn_gate.weight type=12 rows=27648 cols=5120 inputFinite=1 inputBad=18446744073709551615 inputMin=-1.58345807 inputMax=1.4562844
LINEARW name=blk.13.ffn_up.weight rows=27648 cols=5120 type=12
LINEARW_RESULT=CPU_FALLBACK name=blk.13.ffn_up.weight
LINEAR_CPU_BEGIN name=blk.13.ffn_up.weight type=12 rows=27648 cols=5120 inputFinite=1 inputBad=18446744073709551615 inputMin=-1.58345807 inputMax=1.4562844
LINEARW name=blk.13.ffn_down.weight rows=5120 cols=27648 type=14
LINEARW_RESULT=CPU_FALLBACK name=blk.13.ffn_down.weight
LINEAR_CPU_BEGIN name=blk.13.ffn_down.weight type=14 rows=5120 cols=27648 inputFinite=1 inputBad=18446744073709551615 inputMin=-6.34074688 inputMax=3.90527463
FWD_LAYER layer=13 DONE
FWD_LAYER layer=14 seqLen=3
FWD_LAYER layer=14 ATTENTION
LINEARW name=blk.14.attn_q.weight rows=5120 cols=5120 type=12
LINEARW_RESULT=CPU_FALLBACK name=blk.14.attn_q.weight
LINEAR_CPU_BEGIN name=blk.14.attn_q.weight type=12 rows=5120 cols=5120 inputFinite=1 inputBad=18446744073709551615 inputMin=-5.64322376 inputMax=3.4650569
LINEARW name=blk.14.attn_k.weight rows=1024 cols=5120 type=12
LINEARW_RESULT=CPU_FALLBACK name=blk.14.attn_k.weight
LINEAR_CPU_BEGIN name=blk.14.attn_k.weight type=12 rows=1024 cols=5120 inputFinite=1 inputBad=18446744073709551615 inputMin=-5.64322376 inputMax=3.4650569
LINEARW name=blk.14.attn_v.weight rows=1024 cols=5120 type=12
LINEARW_RESULT=CPU_FALLBACK name=blk.14.attn_v.weight
LINEAR_CPU_BEGIN name=blk.14.attn_v.weight type=12 rows=1024 cols=5120 inputFinite=1 inputBad=18446744073709551615 inputMin=-5.64322376 inputMax=3.4650569
ROPE layer=14 theta=1000000.0 local=no
LINEARW name=blk.14.attn_output.weight rows=5120 cols=5120 type=12
LINEARW_RESULT=CPU_FALLBACK name=blk.14.attn_output.weight
LINEAR_CPU_BEGIN name=blk.14.attn_output.weight type=12 rows=5120 cols=5120 inputFinite=1 inputBad=18446744073709551615 inputMin=-2.02643275 inputMax=2.76708221
FWD_LAYER layer=14 FFN_ENTER
LINEARW name=blk.14.ffn_gate.weight rows=27648 cols=5120 type=12
LINEARW_RESULT=CPU_FALLBACK name=blk.14.ffn_gate.weight
LINEAR_CPU_BEGIN name=blk.14.ffn_gate.weight type=12 rows=27648 cols=5120 inputFinite=1 inputBad=18446744073709551615 inputMin=-1.50539339 inputMax=1.52417219
LINEARW name=blk.14.ffn_up.weight rows=27648 cols=5120 type=12
LINEARW_RESULT=CPU_FALLBACK name=blk.14.ffn_up.weight
LINEAR_CPU_BEGIN name=blk.14.ffn_up.weight type=12 rows=27648 cols=5120 inputFinite=1 inputBad=18446744073709551615 inputMin=-1.50539339 inputMax=1.52417219
LINEARW name=blk.14.ffn_down.weight rows=5120 cols=27648 type=12
LINEARW_RESULT=CPU_FALLBACK name=blk.14.ffn_down.weight
LINEAR_CPU_BEGIN name=blk.14.ffn_down.weight type=12 rows=5120 cols=27648 inputFinite=1 inputBad=18446744073709551615 inputMin=-7.89054632 inputMax=12.8735495
FWD_LAYER layer=14 DONE
FWD_LAYER layer=15 seqLen=3
FWD_LAYER layer=15 ATTENTION
LINEARW name=blk.15.attn_q.weight rows=5120 cols=5120 type=12
LINEARW_RESULT=CPU_FALLBACK name=blk.15.attn_q.weight
LINEAR_CPU_BEGIN name=blk.15.attn_q.weight type=12 rows=5120 cols=5120 inputFinite=1 inputBad=18446744073709551615 inputMin=-5.74423599 inputMax=2.86703539
LINEARW name=blk.15.attn_k.weight rows=1024 cols=5120 type=12
LINEARW_RESULT=CPU_FALLBACK name=blk.15.attn_k.weight
LINEAR_CPU_BEGIN name=blk.15.attn_k.weight type=12 rows=1024 cols=5120 inputFinite=1 inputBad=18446744073709551615 inputMin=-5.74423599 inputMax=2.86703539
LINEARW name=blk.15.attn_v.weight rows=1024 cols=5120 type=12
LINEARW_RESULT=CPU_FALLBACK name=blk.15.attn_v.weight
LINEAR_CPU_BEGIN name=blk.15.attn_v.weight type=12 rows=1024 cols=5120 inputFinite=1 inputBad=18446744073709551615 inputMin=-5.74423599 inputMax=2.86703539
ROPE layer=15 theta=1000000.0 local=no
LINEARW name=blk.15.attn_output.weight rows=5120 cols=5120 type=12
LINEARW_RESULT=CPU_FALLBACK name=blk.15.attn_output.weight
LINEAR_CPU_BEGIN name=blk.15.attn_output.weight type=12 rows=5120 cols=5120 inputFinite=1 inputBad=18446744073709551615 inputMin=-2.06948662 inputMax=1.63434291
FWD_LAYER layer=15 FFN_ENTER
LINEARW name=blk.15.ffn_gate.weight rows=27648 cols=5120 type=12
LINEARW_RESULT=CPU_FALLBACK name=blk.15.ffn_gate.weight
LINEAR_CPU_BEGIN name=blk.15.ffn_gate.weight type=12 rows=27648 cols=5120 inputFinite=1 inputBad=18446744073709551615 inputMin=-1.30242145 inputMax=1.48041189
LINEARW name=blk.15.ffn_up.weight rows=27648 cols=5120 type=12
LINEARW_RESULT=CPU_FALLBACK name=blk.15.ffn_up.weight
LINEAR_CPU_BEGIN name=blk.15.ffn_up.weight type=12 rows=27648 cols=5120 inputFinite=1 inputBad=18446744073709551615 inputMin=-1.30242145 inputMax=1.48041189
LINEARW name=blk.15.ffn_down.weight rows=5120 cols=27648 type=12
LINEARW_RESULT=CPU_FALLBACK name=blk.15.ffn_down.weight
LINEAR_CPU_BEGIN name=blk.15.ffn_down.weight type=12 rows=5120 cols=27648 inputFinite=1 inputBad=18446744073709551615 inputMin=-11.0114889 inputMax=6.36042881
FWD_LAYER layer=15 DONE
FWD_LAYER layer=16 seqLen=3
FWD_LAYER layer=16 ATTENTION
LINEARW name=blk.16.attn_q.weight rows=5120 cols=5120 type=12
LINEARW_RESULT=CPU_FALLBACK name=blk.16.attn_q.weight
LINEAR_CPU_BEGIN name=blk.16.attn_q.weight type=12 rows=5120 cols=5120 inputFinite=1 inputBad=18446744073709551615 inputMin=-7.09053946 inputMax=2.80367661
LINEARW name=blk.16.attn_k.weight rows=1024 cols=5120 type=12
LINEARW_RESULT=CPU_FALLBACK name=blk.16.attn_k.weight
LINEAR_CPU_BEGIN name=blk.16.attn_k.weight type=12 rows=1024 cols=5120 inputFinite=1 inputBad=18446744073709551615 inputMin=-7.09053946 inputMax=2.80367661
LINEARW name=blk.16.attn_v.weight rows=1024 cols=5120 type=14
LINEARW_RESULT=CPU_FALLBACK name=blk.16.attn_v.weight
LINEAR_CPU_BEGIN name=blk.16.attn_v.weight type=14 rows=1024 cols=5120 inputFinite=1 inputBad=18446744073709551615 inputMin=-7.09053946 inputMax=2.80367661
ROPE layer=16 theta=1000000.0 local=no
LINEARW name=blk.16.attn_output.weight rows=5120 cols=5120 type=12
LINEARW_RESULT=CPU_FALLBACK name=blk.16.attn_output.weight
LINEAR_CPU_BEGIN name=blk.16.attn_output.weight type=12 rows=5120 cols=5120 inputFinite=1 inputBad=18446744073709551615 inputMin=-1.19464505 inputMax=1.23481858
FWD_LAYER layer=16 FFN_ENTER
LINEARW name=blk.16.ffn_gate.weight rows=27648 cols=5120 type=12
LINEARW_RESULT=CPU_FALLBACK name=blk.16.ffn_gate.weight
LINEAR_CPU_BEGIN name=blk.16.ffn_gate.weight type=12 rows=27648 cols=5120 inputFinite=1 inputBad=18446744073709551615 inputMin=-1.1817348 inputMax=1.46985531
LINEARW name=blk.16.ffn_up.weight rows=27648 cols=5120 type=12
LINEARW_RESULT=CPU_FALLBACK name=blk.16.ffn_up.weight
LINEAR_CPU_BEGIN name=blk.16.ffn_up.weight type=12 rows=27648 cols=5120 inputFinite=1 inputBad=18446744073709551615 inputMin=-1.1817348 inputMax=1.46985531
LINEARW name=blk.16.ffn_down.weight rows=5120 cols=27648 type=14
LINEARW_RESULT=CPU_FALLBACK name=blk.16.ffn_down.weight
LINEAR_CPU_BEGIN name=blk.16.ffn_down.weight type=14 rows=5120 cols=27648 inputFinite=1 inputBad=18446744073709551615 inputMin=-5.63982582 inputMax=2.71264243
FWD_LAYER layer=16 DONE
FWD_LAYER layer=17 seqLen=3
FWD_LAYER layer=17 ATTENTION
LINEARW name=blk.17.attn_q.weight rows=5120 cols=5120 type=12
LINEARW_RESULT=CPU_FALLBACK name=blk.17.attn_q.weight
LINEAR_CPU_BEGIN name=blk.17.attn_q.weight type=12 rows=5120 cols=5120 inputFinite=1 inputBad=18446744073709551615 inputMin=-6.55998659 inputMax=3.32645011
LINEARW name=blk.17.attn_k.weight rows=1024 cols=5120 type=12
LINEARW_RESULT=CPU_FALLBACK name=blk.17.attn_k.weight
LINEAR_CPU_BEGIN name=blk.17.attn_k.weight type=12 rows=1024 cols=5120 inputFinite=1 inputBad=18446744073709551615 inputMin=-6.55998659 inputMax=3.32645011
LINEARW name=blk.17.attn_v.weight rows=1024 cols=5120 type=12
LINEARW_RESULT=CPU_FALLBACK name=blk.17.attn_v.weight
LINEAR_CPU_BEGIN name=blk.17.attn_v.weight type=12 rows=1024 cols=5120 inputFinite=1 inputBad=18446744073709551615 inputMin=-6.55998659 inputMax=3.32645011
ROPE layer=17 theta=1000000.0 local=no
LINEARW name=blk.17.attn_output.weight rows=5120 cols=5120 type=12
LINEARW_RESULT=CPU_FALLBACK name=blk.17.attn_output.weight
LINEAR_CPU_BEGIN name=blk.17.attn_output.weight type=12 rows=5120 cols=5120 inputFinite=1 inputBad=18446744073709551615 inputMin=-0.819742799 inputMax=1.26465142
FWD_LAYER layer=17 FFN_ENTER
LINEARW name=blk.17.ffn_gate.weight rows=27648 cols=5120 type=12
LINEARW_RESULT=CPU_FALLBACK name=blk.17.ffn_gate.weight
LINEAR_CPU_BEGIN name=blk.17.ffn_gate.weight type=12 rows=27648 cols=5120 inputFinite=1 inputBad=18446744073709551615 inputMin=-1.03920627 inputMax=1.35025311
LINEARW name=blk.17.ffn_up.weight rows=27648 cols=5120 type=12
LINEARW_RESULT=CPU_FALLBACK name=blk.17.ffn_up.weight
LINEAR_CPU_BEGIN name=blk.17.ffn_up.weight type=12 rows=27648 cols=5120 inputFinite=1 inputBad=18446744073709551615 inputMin=-1.03920627 inputMax=1.35025311
LINEARW name=blk.17.ffn_down.weight rows=5120 cols=27648 type=12
LINEARW_RESULT=CPU_FALLBACK name=blk.17.ffn_down.weight
LINEAR_CPU_BEGIN name=blk.17.ffn_down.weight type=12 rows=5120 cols=27648 inputFinite=1 inputBad=18446744073709551615 inputMin=-6.18528652 inputMax=4.21833086
FWD_LAYER layer=17 DONE
FWD_LAYER layer=18 seqLen=3
FWD_LAYER layer=18 ATTENTION
LINEARW name=blk.18.attn_q.weight rows=5120 cols=5120 type=12
LINEARW_RESULT=CPU_FALLBACK name=blk.18.attn_q.weight
LINEAR_CPU_BEGIN name=blk.18.attn_q.weight type=12 rows=5120 cols=5120 inputFinite=1 inputBad=18446744073709551615 inputMin=-6.76878834 inputMax=4.21229267
LINEARW name=blk.18.attn_k.weight rows=1024 cols=5120 type=12
LINEARW_RESULT=CPU_FALLBACK name=blk.18.attn_k.weight
LINEAR_CPU_BEGIN name=blk.18.attn_k.weight type=12 rows=1024 cols=5120 inputFinite=1 inputBad=18446744073709551615 inputMin=-6.76878834 inputMax=4.21229267
LINEARW name=blk.18.attn_v.weight rows=1024 cols=5120 type=12
LINEARW_RESULT=CPU_FALLBACK name=blk.18.attn_v.weight
LINEAR_CPU_BEGIN name=blk.18.attn_v.weight type=12 rows=1024 cols=5120 inputFinite=1 inputBad=18446744073709551615 inputMin=-6.76878834 inputMax=4.21229267
ROPE layer=18 theta=1000000.0 local=no
LINEARW name=blk.18.attn_output.weight rows=5120 cols=5120 type=12
LINEARW_RESULT=CPU_FALLBACK name=blk.18.attn_output.weight
LINEAR_CPU_BEGIN name=blk.18.attn_output.weight type=12 rows=5120 cols=5120 inputFinite=1 inputBad=18446744073709551615 inputMin=-1.82912934 inputMax=1.42112601
FWD_LAYER layer=18 FFN_ENTER
LINEARW name=blk.18.ffn_gate.weight rows=27648 cols=5120 type=12
LINEARW_RESULT=CPU_FALLBACK name=blk.18.ffn_gate.weight
LINEAR_CPU_BEGIN name=blk.18.ffn_gate.weight type=12 rows=27648 cols=5120 inputFinite=1 inputBad=18446744073709551615 inputMin=-1.1264205 inputMax=1.2364403
LINEARW name=blk.18.ffn_up.weight rows=27648 cols=5120 type=12
LINEARW_RESULT=CPU_FALLBACK name=blk.18.ffn_up.weight
LINEAR_CPU_BEGIN name=blk.18.ffn_up.weight type=12 rows=27648 cols=5120 inputFinite=1 inputBad=18446744073709551615 inputMin=-1.1264205 inputMax=1.2364403
LINEARW name=blk.18.ffn_down.weight rows=5120 cols=27648 type=12
LINEARW_RESULT=CPU_FALLBACK name=blk.18.ffn_down.weight
LINEAR_CPU_BEGIN name=blk.18.ffn_down.weight type=12 rows=5120 cols=27648 inputFinite=1 inputBad=18446744073709551615 inputMin=-9.17430305 inputMax=4.74439001
FWD_LAYER layer=18 DONE
FWD_LAYER layer=19 seqLen=3
FWD_LAYER layer=19 ATTENTION
LINEARW name=blk.19.attn_q.weight rows=5120 cols=5120 type=12
LINEARW_RESULT=CPU_FALLBACK name=blk.19.attn_q.weight
LINEAR_CPU_BEGIN name=blk.19.attn_q.weight type=12 rows=5120 cols=5120 inputFinite=1 inputBad=18446744073709551615 inputMin=-6.81995869 inputMax=3.85249686
LINEARW name=blk.19.attn_k.weight rows=1024 cols=5120 type=12
LINEARW_RESULT=CPU_FALLBACK name=blk.19.attn_k.weight
LINEAR_CPU_BEGIN name=blk.19.attn_k.weight type=12 rows=1024 cols=5120 inputFinite=1 inputBad=18446744073709551615 inputMin=-6.81995869 inputMax=3.85249686
LINEARW name=blk.19.attn_v.weight rows=1024 cols=5120 type=14
LINEARW_RESULT=CPU_FALLBACK name=blk.19.attn_v.weight
LINEAR_CPU_BEGIN name=blk.19.attn_v.weight type=14 rows=1024 cols=5120 inputFinite=1 inputBad=18446744073709551615 inputMin=-6.81995869 inputMax=3.85249686
ROPE layer=19 theta=1000000.0 local=no
LINEARW name=blk.19.attn_output.weight rows=5120 cols=5120 type=12
LINEARW_RESULT=CPU_FALLBACK name=blk.19.attn_output.weight
LINEAR_CPU_BEGIN name=blk.19.attn_output.weight type=12 rows=5120 cols=5120 inputFinite=1 inputBad=18446744073709551615 inputMin=-1.25565338 inputMax=1.02951121
FWD_LAYER layer=19 FFN_ENTER
LINEARW name=blk.19.ffn_gate.weight rows=27648 cols=5120 type=12
LINEARW_RESULT=CPU_FALLBACK name=blk.19.ffn_gate.weight
LINEAR_CPU_BEGIN name=blk.19.ffn_gate.weight type=12 rows=27648 cols=5120 inputFinite=1 inputBad=18446744073709551615 inputMin=-1.50011551 inputMax=1.17182326
LINEARW name=blk.19.ffn_up.weight rows=27648 cols=5120 type=12
LINEARW_RESULT=CPU_FALLBACK name=blk.19.ffn_up.weight
LINEAR_CPU_BEGIN name=blk.19.ffn_up.weight type=12 rows=27648 cols=5120 inputFinite=1 inputBad=18446744073709551615 inputMin=-1.50011551 inputMax=1.17182326
LINEARW name=blk.19.ffn_down.weight rows=5120 cols=27648 type=14
LINEARW_RESULT=CPU_FALLBACK name=blk.19.ffn_down.weight
LINEAR_CPU_BEGIN name=blk.19.ffn_down.weight type=14 rows=5120 cols=27648 inputFinite=1 inputBad=18446744073709551615 inputMin=-7.1987257 inputMax=7.09301853
FWD_LAYER layer=19 DONE
FWD_LAYER layer=20 seqLen=3
FWD_LAYER layer=20 ATTENTION
LINEARW name=blk.20.attn_q.weight rows=5120 cols=5120 type=12
LINEARW_RESULT=CPU_FALLBACK name=blk.20.attn_q.weight
LINEAR_CPU_BEGIN name=blk.20.attn_q.weight type=12 rows=5120 cols=5120 inputFinite=1 inputBad=18446744073709551615 inputMin=-7.14176798 inputMax=3.8356564
LINEARW name=blk.20.attn_k.weight rows=1024 cols=5120 type=12
LINEARW_RESULT=CPU_FALLBACK name=blk.20.attn_k.weight
LINEAR_CPU_BEGIN name=blk.20.attn_k.weight type=12 rows=1024 cols=5120 inputFinite=1 inputBad=18446744073709551615 inputMin=-7.14176798 inputMax=3.8356564
LINEARW name=blk.20.attn_v.weight rows=1024 cols=5120 type=12
LINEARW_RESULT=CPU_FALLBACK name=blk.20.attn_v.weight
LINEAR_CPU_BEGIN name=blk.20.attn_v.weight type=12 rows=1024 cols=5120 inputFinite=1 inputBad=18446744073709551615 inputMin=-7.14176798 inputMax=3.8356564
ROPE layer=20 theta=1000000.0 local=no
LINEARW name=blk.20.attn_output.weight rows=5120 cols=5120 type=12
LINEARW_RESULT=CPU_FALLBACK name=blk.20.attn_output.weight
LINEAR_CPU_BEGIN name=blk.20.attn_output.weight type=12 rows=5120 cols=5120 inputFinite=1 inputBad=18446744073709551615 inputMin=-2.41894746 inputMax=1.41144931
FWD_LAYER layer=20 FFN_ENTER
LINEARW name=blk.20.ffn_gate.weight rows=27648 cols=5120 type=12
LINEARW_RESULT=CPU_FALLBACK name=blk.20.ffn_gate.weight
LINEAR_CPU_BEGIN name=blk.20.ffn_gate.weight type=12 rows=27648 cols=5120 inputFinite=1 inputBad=18446744073709551615 inputMin=-1.43469167 inputMax=1.1817708
LINEARW name=blk.20.ffn_up.weight rows=27648 cols=5120 type=12
LINEARW_RESULT=CPU_FALLBACK name=blk.20.ffn_up.weight
LINEAR_CPU_BEGIN name=blk.20.ffn_up.weight type=12 rows=27648 cols=5120 inputFinite=1 inputBad=18446744073709551615 inputMin=-1.43469167 inputMax=1.1817708
LINEARW name=blk.20.ffn_down.weight rows=5120 cols=27648 type=12
LINEARW_RESULT=CPU_FALLBACK name=blk.20.ffn_down.weight
LINEAR_CPU_BEGIN name=blk.20.ffn_down.weight type=12 rows=5120 cols=27648 inputFinite=1 inputBad=18446744073709551615 inputMin=-10.7976599 inputMax=3.2971642
FWD_LAYER layer=20 DONE
FWD_LAYER layer=21 seqLen=3
FWD_LAYER layer=21 ATTENTION
LINEARW name=blk.21.attn_q.weight rows=5120 cols=5120 type=12
LINEARW_RESULT=CPU_FALLBACK name=blk.21.attn_q.weight
LINEAR_CPU_BEGIN name=blk.21.attn_q.weight type=12 rows=5120 cols=5120 inputFinite=1 inputBad=18446744073709551615 inputMin=-7.01063156 inputMax=2.58626509
LINEARW name=blk.21.attn_k.weight rows=1024 cols=5120 type=12
LINEARW_RESULT=CPU_FALLBACK name=blk.21.attn_k.weight
LINEAR_CPU_BEGIN name=blk.21.attn_k.weight type=12 rows=1024 cols=5120 inputFinite=1 inputBad=18446744073709551615 inputMin=-7.01063156 inputMax=2.58626509
LINEARW name=blk.21.attn_v.weight rows=1024 cols=5120 type=12
LINEARW_RESULT=CPU_FALLBACK name=blk.21.attn_v.weight
LINEAR_CPU_BEGIN name=blk.21.attn_v.weight type=12 rows=1024 cols=5120 inputFinite=1 inputBad=18446744073709551615 inputMin=-7.01063156 inputMax=2.58626509
ROPE layer=21 theta=1000000.0 local=no
LINEARW name=blk.21.attn_output.weight rows=5120 cols=5120 type=12
LINEARW_RESULT=CPU_FALLBACK name=blk.21.attn_output.weight
LINEAR_CPU_BEGIN name=blk.21.attn_output.weight type=12 rows=5120 cols=5120 inputFinite=1 inputBad=18446744073709551615 inputMin=-0.98375088 inputMax=1.41961324
FWD_LAYER layer=21 FFN_ENTER
LINEARW name=blk.21.ffn_gate.weight rows=27648 cols=5120 type=12
LINEARW_RESULT=CPU_FALLBACK name=blk.21.ffn_gate.weight
LINEAR_CPU_BEGIN name=blk.21.ffn_gate.weight type=12 rows=27648 cols=5120 inputFinite=1 inputBad=18446744073709551615 inputMin=-1.32647729 inputMax=1.10055029
LINEARW name=blk.21.ffn_up.weight rows=27648 cols=5120 type=12
LINEARW_RESULT=CPU_FALLBACK name=blk.21.ffn_up.weight
LINEAR_CPU_BEGIN name=blk.21.ffn_up.weight type=12 rows=27648 cols=5120 inputFinite=1 inputBad=18446744073709551615 inputMin=-1.32647729 inputMax=1.10055029
