"NAME","DEFINITIONS","DIRECT_CALL_REFS","FUNCTION_PTR_REFS","REGISTRY_TABLE_REFS","PRODUCT_REFS","TEST_REFS","UNKNOWN_REFS","PRODUCT_REACHABLE","DISPOSITION","LOCATIONS","EVIDENCE_LINES"
"__rawrxd_missing_stub_handleAsmAnalyzeBlock","1","0","1","0","1","0","0","1","REAL_REACHABLE_SINGLE","src/core/ssot_handlers.cpp:2619","PRODUCT|src/core/ssot_handlers.cpp:2619|&"
"__rawrxd_missing_stub_handleAsmCallGraph","1","0","1","0","1","0","0","1","REAL_REACHABLE_SINGLE","src/core/ssot_handlers.cpp:2620","PRODUCT|src/core/ssot_handlers.cpp:2620|&"
"__rawrxd_missing_stub_handleAsmClearSymbols","1","0","1","0","1","0","0","1","REAL_REACHABLE_SINGLE","src/core/ssot_handlers.cpp:2621","PRODUCT|src/core/ssot_handlers.cpp:2621|&"
"__rawrxd_missing_stub_handleAsmDataFlow","1","0","1","0","1","0","0","1","REAL_REACHABLE_SINGLE","src/core/ssot_handlers.cpp:2622","PRODUCT|src/core/ssot_handlers.cpp:2622|&"
"__rawrxd_missing_stub_handleAsmDetectConvention","1","0","1","0","1","0","0","1","REAL_REACHABLE_SINGLE","src/core/ssot_handlers.cpp:2623","PRODUCT|src/core/ssot_handlers.cpp:2623|&"
"__rawrxd_missing_stub_handleAsmFindRefs","1","0","1","0","1","0","0","1","REAL_REACHABLE_SINGLE","src/core/ssot_handlers.cpp:2624","PRODUCT|src/core/ssot_handlers.cpp:2624|&"
"__rawrxd_missing_stub_handleAsmGoto","1","0","1","0","1","0","0","1","REAL_REACHABLE_SINGLE","src/core/ssot_handlers.cpp:2625","PRODUCT|src/core/ssot_handlers.cpp:2625|&"
"__rawrxd_missing_stub_handleAsmInstructionInfo","1","0","1","0","1","0","0","1","REAL_REACHABLE_SINGLE","src/core/ssot_handlers.cpp:2626","PRODUCT|src/core/ssot_handlers.cpp:2626|&"
"__rawrxd_missing_stub_handleAsmParse","1","0","1","0","1","0","0","1","REAL_REACHABLE_SINGLE","src/core/ssot_handlers.cpp:2627","PRODUCT|src/core/ssot_handlers.cpp:2627|&"
"__rawrxd_missing_stub_handleAsmRegisterInfo","1","0","1","0","1","0","0","1","REAL_REACHABLE_SINGLE","src/core/ssot_handlers.cpp:2628","PRODUCT|src/core/ssot_handlers.cpp:2628|&"
"__rawrxd_missing_stub_handleAsmSections","1","0","1","0","1","0","0","1","REAL_REACHABLE_SINGLE","src/core/ssot_handlers.cpp:2629","PRODUCT|src/core/ssot_handlers.cpp:2629|&"
"__rawrxd_missing_stub_handleAsmSymbolTable","1","0","1","0","1","0","0","1","REAL_REACHABLE_SINGLE","src/core/ssot_handlers.cpp:2630","PRODUCT|src/core/ssot_handlers.cpp:2630|&"
"__rawrxd_missing_stub_handleConfidenceSetPolicy","1","0","1","0","1","0","0","1","REAL_REACHABLE_SINGLE","src/core/ssot_handlers.cpp:2631","PRODUCT|src/core/ssot_handlers.cpp:2631|&"
"__rawrxd_missing_stub_handleConfidenceStatus","1","0","1","0","1","0","0","1","REAL_REACHABLE_SINGLE","src/core/ssot_handlers.cpp:2632","PRODUCT|src/core/ssot_handlers.cpp:2632|&"
"__rawrxd_missing_stub_handleDbgAddBp","1","0","1","0","1","0","0","1","REAL_REACHABLE_SINGLE","src/core/ssot_handlers.cpp:2633","PRODUCT|src/core/ssot_handlers.cpp:2633|&"
"__rawrxd_missing_stub_handleDbgAddWatch","1","0","1","0","1","0","0","1","REAL_REACHABLE_SINGLE","src/core/ssot_handlers.cpp:2634","PRODUCT|src/core/ssot_handlers.cpp:2634|&"
"__rawrxd_missing_stub_handleDbgAttach","1","0","1","0","1","0","0","1","REAL_REACHABLE_SINGLE","src/core/ssot_handlers.cpp:2635","PRODUCT|src/core/ssot_handlers.cpp:2635|&"
"__rawrxd_missing_stub_handleDbgBreak","1","0","1","0","1","0","0","1","REAL_REACHABLE_SINGLE","src/core/ssot_handlers.cpp:2636","PRODUCT|src/core/ssot_handlers.cpp:2636|&"
"__rawrxd_missing_stub_handleDbgClearBps","1","0","1","0","1","0","0","1","REAL_REACHABLE_SINGLE","src/core/ssot_handlers.cpp:2637","PRODUCT|src/core/ssot_handlers.cpp:2637|&"
"__rawrxd_missing_stub_handleDbgDetach","1","0","1","0","1","0","0","1","REAL_REACHABLE_SINGLE","src/core/ssot_handlers.cpp:2638","PRODUCT|src/core/ssot_handlers.cpp:2638|&"
"__rawrxd_missing_stub_handleDbgDisasm","1","0","1","0","1","0","0","1","REAL_REACHABLE_SINGLE","src/core/ssot_handlers.cpp:2639","PRODUCT|src/core/ssot_handlers.cpp:2639|&"
"__rawrxd_missing_stub_handleDbgEnableBp","1","0","1","0","1","0","0","1","REAL_REACHABLE_SINGLE","src/core/ssot_handlers.cpp:2640","PRODUCT|src/core/ssot_handlers.cpp:2640|&"
"__rawrxd_missing_stub_handleDbgEvaluate","1","0","1","0","1","0","0","1","REAL_REACHABLE_SINGLE","src/core/ssot_handlers.cpp:2641","PRODUCT|src/core/ssot_handlers.cpp:2641|&"
"__rawrxd_missing_stub_handleDbgGo","1","0","1","0","1","0","0","1","REAL_REACHABLE_SINGLE","src/core/ssot_handlers.cpp:2642","PRODUCT|src/core/ssot_handlers.cpp:2642|&"
"__rawrxd_missing_stub_handleDbgKill","1","0","1","0","1","0","0","1","REAL_REACHABLE_SINGLE","src/core/ssot_handlers.cpp:2643","PRODUCT|src/core/ssot_handlers.cpp:2643|&"
"__rawrxd_missing_stub_handleDbgLaunch","1","0","1","0","1","0","0","1","REAL_REACHABLE_SINGLE","src/core/ssot_handlers.cpp:2644","PRODUCT|src/core/ssot_handlers.cpp:2644|&"
"__rawrxd_missing_stub_handleDbgListBps","1","0","1","0","1","0","0","1","REAL_REACHABLE_SINGLE","src/core/ssot_handlers.cpp:2645","PRODUCT|src/core/ssot_handlers.cpp:2645|&"
"__rawrxd_missing_stub_handleDbgMemory","1","0","1","0","1","0","0","1","REAL_REACHABLE_SINGLE","src/core/ssot_handlers.cpp:2646","PRODUCT|src/core/ssot_handlers.cpp:2646|&"
"__rawrxd_missing_stub_handleDbgModules","1","0","1","0","1","0","0","1","REAL_REACHABLE_SINGLE","src/core/ssot_handlers.cpp:2647","PRODUCT|src/core/ssot_handlers.cpp:2647|&"
"__rawrxd_missing_stub_handleDbgRegisters","1","0","1","0","1","0","0","1","REAL_REACHABLE_SINGLE","src/core/ssot_handlers.cpp:2648","PRODUCT|src/core/ssot_handlers.cpp:2648|&"
"__rawrxd_missing_stub_handleDbgRemoveBp","1","0","1","0","1","0","0","1","REAL_REACHABLE_SINGLE","src/core/ssot_handlers.cpp:2649","PRODUCT|src/core/ssot_handlers.cpp:2649|&"
"__rawrxd_missing_stub_handleDbgRemoveWatch","1","0","1","0","1","0","0","1","REAL_REACHABLE_SINGLE","src/core/ssot_handlers.cpp:2650","PRODUCT|src/core/ssot_handlers.cpp:2650|&"
"__rawrxd_missing_stub_handleDbgSearchMemory","1","0","1","0","1","0","0","1","REAL_REACHABLE_SINGLE","src/core/ssot_handlers.cpp:2651","PRODUCT|src/core/ssot_handlers.cpp:2651|&"
"__rawrxd_missing_stub_handleDbgSetRegister","1","0","1","0","1","0","0","1","REAL_REACHABLE_SINGLE","src/core/ssot_handlers.cpp:2652","PRODUCT|src/core/ssot_handlers.cpp:2652|&"
"__rawrxd_missing_stub_handleDbgStack","1","0","1","0","1","0","0","1","REAL_REACHABLE_SINGLE","src/core/ssot_handlers.cpp:2653","PRODUCT|src/core/ssot_handlers.cpp:2653|&"
"__rawrxd_missing_stub_handleDbgStatus","1","0","1","0","1","0","0","1","REAL_REACHABLE_SINGLE","src/core/ssot_handlers.cpp:2654","PRODUCT|src/core/ssot_handlers.cpp:2654|&"
"__rawrxd_missing_stub_handleDbgStepInto","1","0","1","0","1","0","0","1","REAL_REACHABLE_SINGLE","src/core/ssot_handlers.cpp:2655","PRODUCT|src/core/ssot_handlers.cpp:2655|&"
"__rawrxd_missing_stub_handleDbgStepOut","1","0","1","0","1","0","0","1","REAL_REACHABLE_SINGLE","src/core/ssot_handlers.cpp:2656","PRODUCT|src/core/ssot_handlers.cpp:2656|&"
"__rawrxd_missing_stub_handleDbgStepOver","1","0","1","0","1","0","0","1","REAL_REACHABLE_SINGLE","src/core/ssot_handlers.cpp:2657","PRODUCT|src/core/ssot_handlers.cpp:2657|&"
"__rawrxd_missing_stub_handleDbgSwitchThread","1","0","1","0","1","0","0","1","REAL_REACHABLE_SINGLE","src/core/ssot_handlers.cpp:2658","PRODUCT|src/core/ssot_handlers.cpp:2658|&"
"__rawrxd_missing_stub_handleDbgSymbolPath","1","0","1","0","1","0","0","1","REAL_REACHABLE_SINGLE","src/core/ssot_handlers.cpp:2659","PRODUCT|src/core/ssot_handlers.cpp:2659|&"
"__rawrxd_missing_stub_handleDbgThreads","1","0","1","0","1","0","0","1","REAL_REACHABLE_SINGLE","src/core/ssot_handlers.cpp:2660","PRODUCT|src/core/ssot_handlers.cpp:2660|&"
"__rawrxd_missing_stub_handleDiskListDrives","1","0","1","0","1","0","0","1","REAL_REACHABLE_SINGLE","src/core/ssot_handlers.cpp:2661","PRODUCT|src/core/ssot_handlers.cpp:2661|&"
"__rawrxd_missing_stub_handleDiskScanPartitions","1","0","1","0","1","0","0","1","REAL_REACHABLE_SINGLE","src/core/ssot_handlers.cpp:2662","PRODUCT|src/core/ssot_handlers.cpp:2662|&"
"__rawrxd_missing_stub_handleEditGotoLine","1","0","1","0","1","0","0","1","REAL_REACHABLE_SINGLE","src/core/ssot_handlers.cpp:2663","PRODUCT|src/core/ssot_handlers.cpp:2663|&"
"__rawrxd_missing_stub_handleEditMulticursorAdd","1","0","1","0","1","0","0","1","REAL_REACHABLE_SINGLE","src/core/ssot_handlers.cpp:2664","PRODUCT|src/core/ssot_handlers.cpp:2664|&"
"__rawrxd_missing_stub_handleEditMulticursorRemove","1","0","1","0","1","0","0","1","REAL_REACHABLE_SINGLE","src/core/ssot_handlers.cpp:2665","PRODUCT|src/core/ssot_handlers.cpp:2665|&"
"__rawrxd_missing_stub_handleEmbeddingEncode","1","0","1","0","1","0","0","1","REAL_REACHABLE_SINGLE","src/core/ssot_handlers.cpp:2666","PRODUCT|src/core/ssot_handlers.cpp:2666|&"
"__rawrxd_missing_stub_handleFileAutoSave","1","0","1","0","1","0","0","1","REAL_REACHABLE_SINGLE","src/core/ssot_handlers.cpp:2667","PRODUCT|src/core/ssot_handlers.cpp:2667|&"
"__rawrxd_missing_stub_handleFileCloseFolder","1","0","1","0","1","0","0","1","REAL_REACHABLE_SINGLE","src/core/ssot_handlers.cpp:2668","PRODUCT|src/core/ssot_handlers.cpp:2668|&"
"__rawrxd_missing_stub_handleFileCloseTab","1","0","1","0","1","0","0","1","REAL_REACHABLE_SINGLE","src/core/ssot_handlers.cpp:2669","PRODUCT|src/core/ssot_handlers.cpp:2669|&"
"__rawrxd_missing_stub_handleFileNewWindow","1","0","1","0","1","0","0","1","REAL_REACHABLE_SINGLE","src/core/ssot_handlers.cpp:2670","PRODUCT|src/core/ssot_handlers.cpp:2670|&"
"__rawrxd_missing_stub_handleFileOpenFolder","1","0","1","0","1","0","0","1","REAL_REACHABLE_SINGLE","src/core/ssot_handlers.cpp:2671","PRODUCT|src/core/ssot_handlers.cpp:2671|&"
"__rawrxd_missing_stub_handleGovernorSetPowerLevel","1","0","1","0","1","0","0","1","REAL_REACHABLE_SINGLE","src/core/ssot_handlers.cpp:2672","PRODUCT|src/core/ssot_handlers.cpp:2672|&"
"__rawrxd_missing_stub_handleGovernorStatus","1","0","1","0","1","0","0","1","REAL_REACHABLE_SINGLE","src/core/ssot_handlers.cpp:2673","PRODUCT|src/core/ssot_handlers.cpp:2673|&"
"__rawrxd_missing_stub_handleGovKillAll","1","0","1","0","1","0","0","1","REAL_REACHABLE_SINGLE","src/core/ssot_handlers.cpp:2674","PRODUCT|src/core/ssot_handlers.cpp:2674|&"
"__rawrxd_missing_stub_handleGovStatus","1","0","1","0","1","0","0","1","REAL_REACHABLE_SINGLE","src/core/ssot_handlers.cpp:2675","PRODUCT|src/core/ssot_handlers.cpp:2675|&"
"__rawrxd_missing_stub_handleGovSubmitCommand","1","0","1","0","1","0","0","1","REAL_REACHABLE_SINGLE","src/core/ssot_handlers.cpp:2676","PRODUCT|src/core/ssot_handlers.cpp:2676|&"
"__rawrxd_missing_stub_handleGovTaskList","1","0","1","0","1","0","0","1","REAL_REACHABLE_SINGLE","src/core/ssot_handlers.cpp:2677","PRODUCT|src/core/ssot_handlers.cpp:2677|&"
"__rawrxd_missing_stub_handleHybridAnalyzeFile","1","0","1","0","1","0","0","1","REAL_REACHABLE_SINGLE","src/core/ssot_handlers.cpp:2678","PRODUCT|src/core/ssot_handlers.cpp:2678|&"
"__rawrxd_missing_stub_handleHybridAnnotateDiag","1","0","1","0","1","0","0","1","REAL_REACHABLE_SINGLE","src/core/ssot_handlers.cpp:2679","PRODUCT|src/core/ssot_handlers.cpp:2679|&"
"__rawrxd_missing_stub_handleHybridAutoProfile","1","0","1","0","1","0","0","1","REAL_REACHABLE_SINGLE","src/core/ssot_handlers.cpp:2680","PRODUCT|src/core/ssot_handlers.cpp:2680|&"
"__rawrxd_missing_stub_handleHybridComplete","1","0","1","0","1","0","0","1","REAL_REACHABLE_SINGLE","src/core/ssot_handlers.cpp:2681","PRODUCT|src/core/ssot_handlers.cpp:2681|&"
"__rawrxd_missing_stub_handleHybridCorrectionLoop","1","0","1","0","1","0","0","1","REAL_REACHABLE_SINGLE","src/core/ssot_handlers.cpp:2682","PRODUCT|src/core/ssot_handlers.cpp:2682|&"
"__rawrxd_missing_stub_handleHybridDiagnostics","1","0","1","0","1","0","0","1","REAL_REACHABLE_SINGLE","src/core/ssot_handlers.cpp:2683","PRODUCT|src/core/ssot_handlers.cpp:2683|&"
"__rawrxd_missing_stub_handleHybridExplainSymbol","1","0","1","0","1","0","0","1","REAL_REACHABLE_SINGLE","src/core/ssot_handlers.cpp:2684","PRODUCT|src/core/ssot_handlers.cpp:2684|&"
"__rawrxd_missing_stub_handleHybridSemanticPrefetch","1","0","1","0","1","0","0","1","REAL_REACHABLE_SINGLE","src/core/ssot_handlers.cpp:2685","PRODUCT|src/core/ssot_handlers.cpp:2685|&"
"__rawrxd_missing_stub_handleHybridSmartRename","1","0","1","0","1","0","0","1","REAL_REACHABLE_SINGLE","src/core/ssot_handlers.cpp:2686","PRODUCT|src/core/ssot_handlers.cpp:2686|&"
"__rawrxd_missing_stub_handleHybridStatus","1","0","1","0","1","0","0","1","REAL_REACHABLE_SINGLE","src/core/ssot_handlers.cpp:2687","PRODUCT|src/core/ssot_handlers.cpp:2687|&"
"__rawrxd_missing_stub_handleHybridStreamAnalyze","1","0","1","0","1","0","0","1","REAL_REACHABLE_SINGLE","src/core/ssot_handlers.cpp:2688","PRODUCT|src/core/ssot_handlers.cpp:2688|&"
"__rawrxd_missing_stub_handleHybridSymbolUsage","1","0","1","0","1","0","0","1","REAL_REACHABLE_SINGLE","src/core/ssot_handlers.cpp:2689","PRODUCT|src/core/ssot_handlers.cpp:2689|&"
"__rawrxd_missing_stub_handleLspClearDiag","1","0","1","0","1","0","0","1","REAL_REACHABLE_SINGLE","src/core/ssot_handlers.cpp:2690","PRODUCT|src/core/ssot_handlers.cpp:2690|&"
"__rawrxd_missing_stub_handleLspConfigure","1","0","1","0","1","0","0","1","REAL_REACHABLE_SINGLE","src/core/ssot_handlers.cpp:2691","PRODUCT|src/core/ssot_handlers.cpp:2691|&"
"__rawrxd_missing_stub_handleLspDiagnostics","1","0","1","0","1","0","0","1","REAL_REACHABLE_SINGLE","src/core/ssot_handlers.cpp:2692","PRODUCT|src/core/ssot_handlers.cpp:2692|&"
"__rawrxd_missing_stub_handleLspRestart","1","0","1","0","1","0","0","1","REAL_REACHABLE_SINGLE","src/core/ssot_handlers.cpp:2693","PRODUCT|src/core/ssot_handlers.cpp:2693|&"
"__rawrxd_missing_stub_handleLspSaveConfig","1","0","1","0","1","0","0","1","REAL_REACHABLE_SINGLE","src/core/ssot_handlers.cpp:2694","PRODUCT|src/core/ssot_handlers.cpp:2694|&"
"__rawrxd_missing_stub_handleLspSymbolInfo","1","0","1","0","1","0","0","1","REAL_REACHABLE_SINGLE","src/core/ssot_handlers.cpp:2695","PRODUCT|src/core/ssot_handlers.cpp:2695|&"
"__rawrxd_missing_stub_handleMarketplaceInstall","1","0","1","0","1","0","0","1","REAL_REACHABLE_SINGLE","src/core/ssot_handlers.cpp:2696","PRODUCT|src/core/ssot_handlers.cpp:2696|&"
"__rawrxd_missing_stub_handleMarketplaceList","1","0","1","0","1","0","0","1","REAL_REACHABLE_SINGLE","src/core/ssot_handlers.cpp:2697","PRODUCT|src/core/ssot_handlers.cpp:2697|&"
"__rawrxd_missing_stub_handleModelFinetune","1","0","1","0","1","0","0","1","REAL_REACHABLE_SINGLE","src/core/ssot_handlers.cpp:2698","PRODUCT|src/core/ssot_handlers.cpp:2698|&"
"__rawrxd_missing_stub_handleModelList","1","0","1","0","1","0","0","1","REAL_REACHABLE_SINGLE","src/core/ssot_handlers.cpp:2699","PRODUCT|src/core/ssot_handlers.cpp:2699|&"
"__rawrxd_missing_stub_handleModelLoad","1","0","1","0","1","0","0","1","REAL_REACHABLE_SINGLE","src/core/ssot_handlers.cpp:2700","PRODUCT|src/core/ssot_handlers.cpp:2700|&"
"__rawrxd_missing_stub_handleModelQuantize","1","0","1","0","1","0","0","1","REAL_REACHABLE_SINGLE","src/core/ssot_handlers.cpp:2701","PRODUCT|src/core/ssot_handlers.cpp:2701|&"
"__rawrxd_missing_stub_handleModelUnload","1","0","1","0","1","0","0","1","REAL_REACHABLE_SINGLE","src/core/ssot_handlers.cpp:2702","PRODUCT|src/core/ssot_handlers.cpp:2702|&"
"__rawrxd_missing_stub_handleMultiRespApplyPreferred","1","0","1","0","1","0","0","1","REAL_REACHABLE_SINGLE","src/core/ssot_handlers.cpp:2703","PRODUCT|src/core/ssot_handlers.cpp:2703|&"
"__rawrxd_missing_stub_handleMultiRespClearHistory","1","0","1","0","1","0","0","1","REAL_REACHABLE_SINGLE","src/core/ssot_handlers.cpp:2704","PRODUCT|src/core/ssot_handlers.cpp:2704|&"
"__rawrxd_missing_stub_handleMultiRespCompare","1","0","1","0","1","0","0","1","REAL_REACHABLE_SINGLE","src/core/ssot_handlers.cpp:2705","PRODUCT|src/core/ssot_handlers.cpp:2705|&"
"__rawrxd_missing_stub_handleMultiRespGenerate","1","0","1","0","1","0","0","1","REAL_REACHABLE_SINGLE","src/core/ssot_handlers.cpp:2706","PRODUCT|src/core/ssot_handlers.cpp:2706|&"
"__rawrxd_missing_stub_handleMultiRespSelectPreferred","1","0","1","0","1","0","0","1","REAL_REACHABLE_SINGLE","src/core/ssot_handlers.cpp:2707","PRODUCT|src/core/ssot_handlers.cpp:2707|&"
"__rawrxd_missing_stub_handleMultiRespSetMax","1","0","1","0","1","0","0","1","REAL_REACHABLE_SINGLE","src/core/ssot_handlers.cpp:2708","PRODUCT|src/core/ssot_handlers.cpp:2708|&"
"__rawrxd_missing_stub_handleMultiRespShowLatest","1","0","1","0","1","0","0","1","REAL_REACHABLE_SINGLE","src/core/ssot_handlers.cpp:2709","PRODUCT|src/core/ssot_handlers.cpp:2709|&"
"__rawrxd_missing_stub_handleMultiRespShowPrefs","1","0","1","0","1","0","0","1","REAL_REACHABLE_SINGLE","src/core/ssot_handlers.cpp:2710","PRODUCT|src/core/ssot_handlers.cpp:2710|&"
"__rawrxd_missing_stub_handleMultiRespShowStats","1","0","1","0","1","0","0","1","REAL_REACHABLE_SINGLE","src/core/ssot_handlers.cpp:2711","PRODUCT|src/core/ssot_handlers.cpp:2711|&"
"__rawrxd_missing_stub_handleMultiRespShowStatus","1","0","1","0","1","0","0","1","REAL_REACHABLE_SINGLE","src/core/ssot_handlers.cpp:2712","PRODUCT|src/core/ssot_handlers.cpp:2712|&"
"__rawrxd_missing_stub_handleMultiRespShowTemplates","1","0","1","0","1","0","0","1","REAL_REACHABLE_SINGLE","src/core/ssot_handlers.cpp:2713","PRODUCT|src/core/ssot_handlers.cpp:2713|&"
"__rawrxd_missing_stub_handleMultiRespToggleTemplate","1","0","1","0","1","0","0","1","REAL_REACHABLE_SINGLE","src/core/ssot_handlers.cpp:2714","PRODUCT|src/core/ssot_handlers.cpp:2714|&"
"__rawrxd_missing_stub_handlePluginConfigure","1","0","1","0","1","0","0","1","REAL_REACHABLE_SINGLE","src/core/ssot_handlers.cpp:2715","PRODUCT|src/core/ssot_handlers.cpp:2715|&"
"__rawrxd_missing_stub_handlePluginLoad","1","0","1","0","1","0","0","1","REAL_REACHABLE_SINGLE","src/core/ssot_handlers.cpp:2716","PRODUCT|src/core/ssot_handlers.cpp:2716|&"
"__rawrxd_missing_stub_handlePluginRefresh","1","0","1","0","1","0","0","1","REAL_REACHABLE_SINGLE","src/core/ssot_handlers.cpp:2717","PRODUCT|src/core/ssot_handlers.cpp:2717|&"
"__rawrxd_missing_stub_handlePluginScanDir","1","0","1","0","1","0","0","1","REAL_REACHABLE_SINGLE","src/core/ssot_handlers.cpp:2718","PRODUCT|src/core/ssot_handlers.cpp:2718|&"
"__rawrxd_missing_stub_handlePluginShowPanel","1","0","1","0","1","0","0","1","REAL_REACHABLE_SINGLE","src/core/ssot_handlers.cpp:2719","PRODUCT|src/core/ssot_handlers.cpp:2719|&"
"__rawrxd_missing_stub_handlePluginShowStatus","1","0","1","0","1","0","0","1","REAL_REACHABLE_SINGLE","src/core/ssot_handlers.cpp:2720","PRODUCT|src/core/ssot_handlers.cpp:2720|&"
"__rawrxd_missing_stub_handlePluginToggleHotload","1","0","1","0","1","0","0","1","REAL_REACHABLE_SINGLE","src/core/ssot_handlers.cpp:2721","PRODUCT|src/core/ssot_handlers.cpp:2721|&"
"__rawrxd_missing_stub_handlePluginUnload","1","0","1","0","1","0","0","1","REAL_REACHABLE_SINGLE","src/core/ssot_handlers.cpp:2722","PRODUCT|src/core/ssot_handlers.cpp:2722|&"
"__rawrxd_missing_stub_handlePluginUnloadAll","1","0","1","0","1","0","0","1","REAL_REACHABLE_SINGLE","src/core/ssot_handlers.cpp:2723","PRODUCT|src/core/ssot_handlers.cpp:2723|&"
"__rawrxd_missing_stub_handlePromptClassifyContext","1","0","1","0","1","0","0","1","REAL_REACHABLE_SINGLE","src/core/ssot_handlers.cpp:2724","PRODUCT|src/core/ssot_handlers.cpp:2724|&"
"__rawrxd_missing_stub_handleReplayCheckpoint","1","0","1","0","1","0","0","1","REAL_REACHABLE_SINGLE","src/core/ssot_handlers.cpp:2725","PRODUCT|src/core/ssot_handlers.cpp:2725|&"
"__rawrxd_missing_stub_handleReplayExportSession","1","0","1","0","1","0","0","1","REAL_REACHABLE_SINGLE","src/core/ssot_handlers.cpp:2726","PRODUCT|src/core/ssot_handlers.cpp:2726|&"
"__rawrxd_missing_stub_handleReplayShowLast","1","0","1","0","1","0","0","1","REAL_REACHABLE_SINGLE","src/core/ssot_handlers.cpp:2727","PRODUCT|src/core/ssot_handlers.cpp:2727|&"
"__rawrxd_missing_stub_handleReplayStatus","1","0","1","0","1","0","0","1","REAL_REACHABLE_SINGLE","src/core/ssot_handlers.cpp:2728","PRODUCT|src/core/ssot_handlers.cpp:2728|&"
"__rawrxd_missing_stub_handleRevengDecompile","1","0","1","0","1","0","0","1","REAL_REACHABLE_SINGLE","src/core/ssot_handlers.cpp:2729","PRODUCT|src/core/ssot_handlers.cpp:2729|&"
"__rawrxd_missing_stub_handleRevengDisassemble","1","0","1","0","1","0","0","1","REAL_REACHABLE_SINGLE","src/core/ssot_handlers.cpp:2730","PRODUCT|src/core/ssot_handlers.cpp:2730|&"
"__rawrxd_missing_stub_handleRevengFindVulnerabilities","1","0","1","0","1","0","0","1","REAL_REACHABLE_SINGLE","src/core/ssot_handlers.cpp:2731","PRODUCT|src/core/ssot_handlers.cpp:2731|&"
"__rawrxd_missing_stub_handleRouterCapabilities","1","0","1","0","1","0","0","1","REAL_REACHABLE_SINGLE","src/core/ssot_handlers.cpp:2732","PRODUCT|src/core/ssot_handlers.cpp:2732|&"
"__rawrxd_missing_stub_handleRouterDecision","1","0","1","0","1","0","0","1","REAL_REACHABLE_SINGLE","src/core/ssot_handlers.cpp:2733","PRODUCT|src/core/ssot_handlers.cpp:2733|&"
"__rawrxd_missing_stub_handleRouterEnsembleDisable","1","0","1","0","1","0","0","1","REAL_REACHABLE_SINGLE","src/core/ssot_handlers.cpp:2734","PRODUCT|src/core/ssot_handlers.cpp:2734|&"
"__rawrxd_missing_stub_handleRouterEnsembleEnable","1","0","1","0","1","0","0","1","REAL_REACHABLE_SINGLE","src/core/ssot_handlers.cpp:2735","PRODUCT|src/core/ssot_handlers.cpp:2735|&"
"__rawrxd_missing_stub_handleRouterEnsembleStatus","1","0","1","0","1","0","0","1","REAL_REACHABLE_SINGLE","src/core/ssot_handlers.cpp:2736","PRODUCT|src/core/ssot_handlers.cpp:2736|&"
"__rawrxd_missing_stub_handleRouterFallbacks","1","0","1","0","1","0","0","1","REAL_REACHABLE_SINGLE","src/core/ssot_handlers.cpp:2737","PRODUCT|src/core/ssot_handlers.cpp:2737|&"
"__rawrxd_missing_stub_handleRouterPinTask","1","0","1","0","1","0","0","1","REAL_REACHABLE_SINGLE","src/core/ssot_handlers.cpp:2738","PRODUCT|src/core/ssot_handlers.cpp:2738|&"
"__rawrxd_missing_stub_handleRouterResetStats","1","0","1","0","1","0","0","1","REAL_REACHABLE_SINGLE","src/core/ssot_handlers.cpp:2739","PRODUCT|src/core/ssot_handlers.cpp:2739|&"
"__rawrxd_missing_stub_handleRouterRoutePrompt","1","0","1","0","1","0","0","1","REAL_REACHABLE_SINGLE","src/core/ssot_handlers.cpp:2740","PRODUCT|src/core/ssot_handlers.cpp:2740|&"
"__rawrxd_missing_stub_handleRouterSaveConfig","1","0","1","0","1","0","0","1","REAL_REACHABLE_SINGLE","src/core/ssot_handlers.cpp:2741","PRODUCT|src/core/ssot_handlers.cpp:2741|&"
"__rawrxd_missing_stub_handleRouterSetPolicy","1","0","1","0","1","0","0","1","REAL_REACHABLE_SINGLE","src/core/ssot_handlers.cpp:2742","PRODUCT|src/core/ssot_handlers.cpp:2742|&"
"__rawrxd_missing_stub_handleRouterShowCostStats","1","0","1","0","1","0","0","1","REAL_REACHABLE_SINGLE","src/core/ssot_handlers.cpp:2743","PRODUCT|src/core/ssot_handlers.cpp:2743|&"
"__rawrxd_missing_stub_handleRouterShowHeatmap","1","0","1","0","1","0","0","1","REAL_REACHABLE_SINGLE","src/core/ssot_handlers.cpp:2744","PRODUCT|src/core/ssot_handlers.cpp:2744|&"
"__rawrxd_missing_stub_handleRouterShowPins","1","0","1","0","1","0","0","1","REAL_REACHABLE_SINGLE","src/core/ssot_handlers.cpp:2745","PRODUCT|src/core/ssot_handlers.cpp:2745|&"
"__rawrxd_missing_stub_handleRouterSimulate","1","0","1","0","1","0","0","1","REAL_REACHABLE_SINGLE","src/core/ssot_handlers.cpp:2746","PRODUCT|src/core/ssot_handlers.cpp:2746|&"
"__rawrxd_missing_stub_handleRouterSimulateLast","1","0","1","0","1","0","0","1","REAL_REACHABLE_SINGLE","src/core/ssot_handlers.cpp:2747","PRODUCT|src/core/ssot_handlers.cpp:2747|&"
"__rawrxd_missing_stub_handleRouterUnpinTask","1","0","1","0","1","0","0","1","REAL_REACHABLE_SINGLE","src/core/ssot_handlers.cpp:2748","PRODUCT|src/core/ssot_handlers.cpp:2748|&"
"__rawrxd_missing_stub_handleRouterWhyBackend","1","0","1","0","1","0","0","1","REAL_REACHABLE_SINGLE","src/core/ssot_handlers.cpp:2749","PRODUCT|src/core/ssot_handlers.cpp:2749|&"
"__rawrxd_missing_stub_handleSafetyResetBudget","1","0","1","0","1","0","0","1","REAL_REACHABLE_SINGLE","src/core/ssot_handlers.cpp:2750","PRODUCT|src/core/ssot_handlers.cpp:2750|&"
"__rawrxd_missing_stub_handleSafetyRollbackLast","1","0","1","0","1","0","0","1","REAL_REACHABLE_SINGLE","src/core/ssot_handlers.cpp:2751","PRODUCT|src/core/ssot_handlers.cpp:2751|&"
"__rawrxd_missing_stub_handleSafetyShowViolations","1","0","1","0","1","0","0","1","REAL_REACHABLE_SINGLE","src/core/ssot_handlers.cpp:2752","PRODUCT|src/core/ssot_handlers.cpp:2752|&"
"__rawrxd_missing_stub_handleSafetyStatus","1","0","1","0","1","0","0","1","REAL_REACHABLE_SINGLE","src/core/ssot_handlers.cpp:2753","PRODUCT|src/core/ssot_handlers.cpp:2753|&"
"__rawrxd_missing_stub_handleToolsBuild","1","0","1","0","1","0","0","1","REAL_REACHABLE_SINGLE","src/core/ssot_handlers.cpp:2754","PRODUCT|src/core/ssot_handlers.cpp:2754|&"
"__rawrxd_missing_stub_handleToolsCommandPalette","1","0","1","0","1","0","0","1","REAL_REACHABLE_SINGLE","src/core/ssot_handlers.cpp:2755","PRODUCT|src/core/ssot_handlers.cpp:2755|&"
"__rawrxd_missing_stub_handleToolsDebug","1","0","1","0","1","0","0","1","REAL_REACHABLE_SINGLE","src/core/ssot_handlers.cpp:2756","PRODUCT|src/core/ssot_handlers.cpp:2756|&"
"__rawrxd_missing_stub_handleToolsExtensions","1","0","1","0","1","0","0","1","REAL_REACHABLE_SINGLE","src/core/ssot_handlers.cpp:2757","PRODUCT|src/core/ssot_handlers.cpp:2757|&"
"__rawrxd_missing_stub_handleToolsSettings","1","0","1","0","1","0","0","1","REAL_REACHABLE_SINGLE","src/core/ssot_handlers.cpp:2758","PRODUCT|src/core/ssot_handlers.cpp:2758|&"
"__rawrxd_missing_stub_handleToolsTerminal","1","0","1","0","1","0","0","1","REAL_REACHABLE_SINGLE","src/core/ssot_handlers.cpp:2759","PRODUCT|src/core/ssot_handlers.cpp:2759|&"
"__rawrxd_missing_stub_handleUnityAttach","1","0","1","0","1","0","0","1","REAL_REACHABLE_SINGLE","src/core/ssot_handlers.cpp:2760","PRODUCT|src/core/ssot_handlers.cpp:2760|&"
"__rawrxd_missing_stub_handleUnityInit","1","0","1","0","1","0","0","1","REAL_REACHABLE_SINGLE","src/core/ssot_handlers.cpp:2761","PRODUCT|src/core/ssot_handlers.cpp:2761|&"
"__rawrxd_missing_stub_handleUnrealAttach","1","0","1","0","1","0","0","1","REAL_REACHABLE_SINGLE","src/core/ssot_handlers.cpp:2762","PRODUCT|src/core/ssot_handlers.cpp:2762|&"
"__rawrxd_missing_stub_handleUnrealInit","1","0","1","0","1","0","0","1","REAL_REACHABLE_SINGLE","src/core/ssot_handlers.cpp:2763","PRODUCT|src/core/ssot_handlers.cpp:2763|&"
"__rawrxd_missing_stub_handleViewToggleFullscreen","1","0","1","0","1","0","0","1","REAL_REACHABLE_SINGLE","src/core/ssot_handlers.cpp:2764","PRODUCT|src/core/ssot_handlers.cpp:2764|&"
"__rawrxd_missing_stub_handleViewToggleOutput","1","0","1","0","1","0","0","1","REAL_REACHABLE_SINGLE","src/core/ssot_handlers.cpp:2765","PRODUCT|src/core/ssot_handlers.cpp:2765|&"
"__rawrxd_missing_stub_handleViewToggleSidebar","1","0","1","0","1","0","0","1","REAL_REACHABLE_SINGLE","src/core/ssot_handlers.cpp:2766","PRODUCT|src/core/ssot_handlers.cpp:2766|&"
"__rawrxd_missing_stub_handleViewToggleTerminal","1","0","1","0","1","0","0","1","REAL_REACHABLE_SINGLE","src/core/ssot_handlers.cpp:2767","PRODUCT|src/core/ssot_handlers.cpp:2767|&"
"__rawrxd_missing_stub_handleViewZoomIn","1","0","1","0","1","0","0","1","REAL_REACHABLE_SINGLE","src/core/ssot_handlers.cpp:2768","PRODUCT|src/core/ssot_handlers.cpp:2768|&"
"__rawrxd_missing_stub_handleViewZoomOut","1","0","1","0","1","0","0","1","REAL_REACHABLE_SINGLE","src/core/ssot_handlers.cpp:2769","PRODUCT|src/core/ssot_handlers.cpp:2769|&"
"__rawrxd_missing_stub_handleViewZoomReset","1","0","1","0","1","0","0","1","REAL_REACHABLE_SINGLE","src/core/ssot_handlers.cpp:2770","PRODUCT|src/core/ssot_handlers.cpp:2770|&"
"__rawrxd_missing_stub_handleVisionAnalyzeImage","1","0","1","0","1","0","0","1","REAL_REACHABLE_SINGLE","src/core/ssot_handlers.cpp:2771","PRODUCT|src/core/ssot_handlers.cpp:2771|&"
"applyBackendSwitchRuntime","1","0","6","1","7","0","0","1","REAL_REACHABLE_SINGLE","src/core/ssot_handlers_ext.cpp:10284","PRODUCT|src/core/ssot_handlers_ext.cpp:10284|& | PRODUCT|src/core/ssot_handlers_ext.cpp:10360|& | PRODUCT|src/core/ssot_handlers_ext.cpp:10372|&"
"applyTransparencyPreset","1","0","8","0","8","0","0","1","REAL_REACHABLE_SINGLE","src/core/ssot_handlers_ext.cpp:4212","PRODUCT|src/core/ssot_handlers_ext.cpp:4212|& | PRODUCT|src/core/ssot_handlers_ext.cpp:4284|& | PRODUCT|src/core/ssot_handlers_ext.cpp:4288|&"
"applyViewToggleState","2","0","6","0","6","0","0","1","REACHABLE_COLLISION","src/core/ssot_handlers_ext.cpp:1550;src/core/ssot_handlers_ext.cpp:2825","PRODUCT|src/core/ssot_handlers_ext.cpp:1550|& | PRODUCT|src/core/ssot_handlers_ext.cpp:2825|& | PRODUCT|src/core/ssot_handlers_ext.cpp:4008|&"
"applyViewZoomState","2","0","5","0","5","0","0","1","REACHABLE_COLLISION","src/core/ssot_handlers_ext.cpp:1552;src/core/ssot_handlers_ext.cpp:2903","PRODUCT|src/core/ssot_handlers_ext.cpp:1552|& | PRODUCT|src/core/ssot_handlers_ext.cpp:2903|& | PRODUCT|src/core/ssot_handlers_ext.cpp:4024|&"
"delegateToGui","4","0","131","0","131","0","0","1","REACHABLE_COLLISION","src/core/ssot_handlers_ext.cpp:3960;src/core/ssot_handlers_ext_dedicated.cpp:116;src/core/ssot_handlers_ext_isolated.cpp:94;src/core/ssot_handlers_ext_runtime_minimal.cpp:33","PRODUCT|src/core/ssot_handlers_ext.cpp:3960|& | PRODUCT|src/core/ssot_handlers_ext.cpp:4036|& | PRODUCT|src/core/ssot_handlers_ext.cpp:4040|&"
"dispatch","1","0","52","64","114","1","1","1","REAL_REACHABLE_SINGLE","src/core/shared_feature_dispatch.h:171","PRODUCT|src/agent/AgentCore.cpp:500|& | PRODUCT|src/bridge/Win32SwarmBridge.hpp:82|& | PRODUCT|src/cli/RawrCommandAuthority.cpp:15|&"
"dispatchAutoFeatureCommand","1","0","3","0","3","0","0","1","REAL_REACHABLE_SINGLE","src/core/auto_feature_impl.cpp:101","PRODUCT|src/core/auto_feature_impl.cpp:101|& | PRODUCT|src/core/auto_feature_impl.cpp:261|& | PRODUCT|src/core/auto_feature_impl.cpp:265|&"
"dispatchByCli","1","0","2","4","5","0","0","1","REAL_REACHABLE_SINGLE","src/core/shared_feature_dispatch.h:235","PRODUCT|src/core/shared_feature_dispatch.h:235|& | PRODUCT|src/core/unified_command_dispatch.cpp:467|\{ | PRODUCT|src/core/unified_command_dispatch.hpp:8|WM_COMMAND"
"dispatchByCommandId","1","0","1","0","1","0","0","1","REAL_REACHABLE_SINGLE","src/core/shared_feature_dispatch.h:203","PRODUCT|src/core/shared_feature_dispatch.h:203|&"
"dispatchRegistryTool","1","0","1","4","5","0","0","1","REAL_REACHABLE_SINGLE","src/core/auto_feature_impl.cpp:75","PRODUCT|src/core/auto_feature_impl.cpp:75|& | PRODUCT|src/core/auto_feature_impl.cpp:171|\{ | PRODUCT|src/core/auto_feature_impl.cpp:177|\{"
"error","1","23","1547","1774","3414","4","8","1","REAL_REACHABLE_SINGLE","src/core/shared_feature_dispatch.h:73","PRODUCT|src/agent/agentic_failure_detector.cpp:29|\{ | PRODUCT|src/agent/agentic_failure_detector.cpp:30|\{ | PRODUCT|src/agent/agentic_failure_detector.cpp:31|\{"
"errorResult","1","0","17","27","27","0","0","1","REAL_REACHABLE_SINGLE","src/core/rawrengine_command_handlers.cpp:46","PRODUCT|src/core/rawrengine_command_handlers.cpp:46|& | PRODUCT|src/core/rawrengine_command_handlers.cpp:65|& | PRODUCT|src/core/rawrengine_command_handlers.cpp:71|&"
"Execute","2","0","50","40","87","0","6","1","REACHABLE_COLLISION","src/core/IDECommandRouter.hpp:64;src/core/IDECommandRouter.hpp:67","PRODUCT|src/agentic/AgentToolOrchestrator.cpp:148|& | PRODUCT|src/agentic/AgentToolRegistry.cpp:153|& | PRODUCT|src/agentic/BoundedAgentLoop.cpp:6|&"
"executeChatTool","1","0","1","1","2","0","0","1","REAL_REACHABLE_SINGLE","src/core/ssot_handlers_ext.cpp:4560","PRODUCT|src/core/ssot_handlers_ext.cpp:4560|& | PRODUCT|src/core/ssot_handlers_ext.cpp:4844|\{"
"ExecuteParsed","1","0","1","2","2","0","0","1","REAL_REACHABLE_SINGLE","src/core/IDECommandRouter.hpp:70","PRODUCT|src/core/IDECommandRouter.cpp:137|\{ | PRODUCT|src/core/test_command_router.cpp:66|&"
"handleAgentAuditDrive","3","0","3","1","5","0","0","1","REACHABLE_COLLISION","src/core/feature_handlers.cpp:710;src/core/feature_handlers.h:55;src/core/win32ide_handler_impls.cpp:3","PRODUCT|src/core/auto_feature_registry.cpp:6152|IDM_ | PRODUCT|src/core/command_registry.hpp:195|CMD_ | PRODUCT|src/core/feature_handlers.cpp:710|&"
"handleAgentBoundedLoop","3","0","3","1","5","0","0","1","REACHABLE_COLLISION","src/core/feature_handlers.cpp:683;src/core/feature_handlers.h:53;src/core/win32ide_handler_impls.cpp:4","PRODUCT|src/core/auto_feature_registry.cpp:6167|IDM_ | PRODUCT|src/core/command_registry.hpp:209|CMD_ | PRODUCT|src/core/feature_handlers.cpp:683|&"
"handleAgentConfigure","4","0","4","1","5","0","0","1","REACHABLE_COLLISION","src/core/feature_handlers.cpp:812;src/core/feature_handlers.h:61;src/core/ssot_handlers.h:93;src/core/win32ide_handler_impls.cpp:5","PRODUCT|src/core/command_registry.hpp:191|CMD_ | PRODUCT|src/core/feature_handlers.cpp:812|& | PRODUCT|src/core/feature_handlers.h:61|&"
"handleAgentConfigureExt","1","0","1","0","1","0","0","1","REAL_REACHABLE_SINGLE","src/core/ssot_handlers_ext.cpp:9851","PRODUCT|src/core/ssot_handlers_ext.cpp:9851|&"
"handleAgentConfigureModel","3","0","4","0","5","0","0","1","REACHABLE_COLLISION","src/core/auto_feature_real_impl.cpp:77;src/core/auto_feature_registry.cpp:615;src/core/auto_feature_registry.hpp:52","PRODUCT|src/core/auto_feature_real_impl.cpp:77|& | PRODUCT|src/core/auto_feature_registry.cpp:615|& | PRODUCT|src/core/auto_feature_registry.cpp:1611|&"
"handleAgentExecute","4","0","4","1","5","0","0","1","REACHABLE_COLLISION","src/core/feature_handlers.cpp:652;src/core/feature_handlers.h:51;src/core/ssot_handlers.h:92;src/core/win32ide_handler_impls.cpp:6","PRODUCT|src/core/command_registry.hpp:190|CMD_ | PRODUCT|src/core/feature_handlers.cpp:652|& | PRODUCT|src/core/feature_handlers.h:51|&"
"handleAgentExecuteCmd","3","0","3","0","4","0","0","1","REACHABLE_COLLISION","src/core/auto_feature_real_impl.cpp:102;src/core/auto_feature_registry.cpp:639;src/core/auto_feature_registry.hpp:53","PRODUCT|src/core/auto_feature_real_impl.cpp:102|& | PRODUCT|src/core/auto_feature_registry.cpp:639|& | PRODUCT|src/core/auto_feature_registry.cpp:6137|IDM_"
"handleAgentExecuteExt","1","0","1","0","1","0","0","1","REAL_REACHABLE_SINGLE","src/core/ssot_handlers_ext.cpp:9696","PRODUCT|src/core/ssot_handlers_ext.cpp:9696|&"
"handleAgentGoal","2","0","2","0","2","0","0","1","REACHABLE_COLLISION","src/core/feature_handlers.cpp:723;src/core/feature_handlers.h:56","PRODUCT|src/core/feature_handlers.cpp:723|& | PRODUCT|src/core/feature_handlers.h:56|&"
"handleAgentLoop","4","0","4","1","5","0","0","1","REACHABLE_COLLISION","src/core/feature_handlers.cpp:672;src/core/feature_handlers.h:52;src/core/ssot_handlers.h:91;src/core/win32ide_handler_impls.cpp:7","PRODUCT|src/core/command_registry.hpp:189|CMD_ | PRODUCT|src/core/feature_handlers.cpp:672|& | PRODUCT|src/core/feature_handlers.h:52|&"
"handleAgentLoopExt","1","0","1","0","1","0","0","1","REAL_REACHABLE_SINGLE","src/core/ssot_handlers_ext.cpp:9613","PRODUCT|src/core/ssot_handlers_ext.cpp:9613|&"
"handleAgentMemory","3","0","3","1","5","0","0","1","REACHABLE_COLLISION","src/core/feature_handlers.cpp:739;src/core/feature_handlers.h:57;src/core/win32ide_handler_impls.cpp:8","PRODUCT|src/core/auto_feature_registry.cpp:6155|IDM_ | PRODUCT|src/core/command_registry.hpp:196|CMD_ | PRODUCT|src/core/feature_handlers.cpp:739|&"
"handleAgentMemoryClear","3","0","3","2","6","0","0","1","REACHABLE_COLLISION","src/core/feature_handlers.cpp:793;src/core/feature_handlers.h:59;src/core/win32ide_handler_impls.cpp:9","PRODUCT|src/core/auto_feature_registry.cpp:6161|IDM_ | PRODUCT|src/core/command_registry.hpp:199|CMD_ | PRODUCT|src/core/feature_handlers.cpp:748|\{"
"handleAgentMemoryExport","3","0","4","1","6","0","0","1","REACHABLE_COLLISION","src/core/feature_handlers.cpp:803;src/core/feature_handlers.h:60;src/core/win32ide_handler_impls.cpp:10","PRODUCT|src/core/auto_feature_registry.cpp:6164|IDM_ | PRODUCT|src/core/command_registry.hpp:201|CMD_ | PRODUCT|src/core/feature_handlers.cpp:751|&"
"handleAgentMemoryView","3","0","3","2","6","0","0","1","REACHABLE_COLLISION","src/core/feature_handlers.cpp:777;src/core/feature_handlers.h:58;src/core/win32ide_handler_impls.cpp:11","PRODUCT|src/core/auto_feature_registry.cpp:6158|IDM_ | PRODUCT|src/core/command_registry.hpp:197|CMD_ | PRODUCT|src/core/feature_handlers.cpp:745|\{"
"handleAgentStartLoop","3","0","3","0","4","0","0","1","REACHABLE_COLLISION","src/core/auto_feature_real_impl.cpp:128;src/core/auto_feature_registry.cpp:661;src/core/auto_feature_registry.hpp:54","PRODUCT|src/core/auto_feature_real_impl.cpp:128|& | PRODUCT|src/core/auto_feature_registry.cpp:661|& | PRODUCT|src/core/auto_feature_registry.cpp:6134|IDM_"
"handleAgentState","2","0","2","0","2","0","0","1","REACHABLE_COLLISION","src/core/ssot_handlers.h:95;src/core/ssot_handlers_ext.cpp:10213","PRODUCT|src/core/ssot_handlers.h:95|& | PRODUCT|src/core/ssot_handlers_ext.cpp:10213|&"
"handleAgentStop","4","0","4","1","6","0","0","1","REACHABLE_COLLISION","src/core/feature_handlers.cpp:695;src/core/feature_handlers.h:54;src/core/ssot_handlers.h:94;src/core/win32ide_handler_impls.cpp:12","PRODUCT|src/core/auto_feature_registry.cpp:6149|IDM_ | PRODUCT|src/core/command_registry.hpp:194|CMD_ | PRODUCT|src/core/feature_handlers.cpp:695|&"
"handleAgentStopExt","1","0","1","0","1","0","0","1","REAL_REACHABLE_SINGLE","src/core/ssot_handlers_ext.cpp:10191","PRODUCT|src/core/ssot_handlers_ext.cpp:10191|&"
"handleAgentViewStatus","3","0","3","1","5","0","0","1","REACHABLE_COLLISION","src/core/feature_handlers.cpp:855;src/core/feature_handlers.h:63;src/core/win32ide_handler_impls.cpp:13","PRODUCT|src/core/auto_feature_registry.cpp:6146|IDM_ | PRODUCT|src/core/command_registry.hpp:193|CMD_ | PRODUCT|src/core/feature_handlers.cpp:855|&"
"handleAgentViewTools","3","0","3","1","5","0","0","1","REACHABLE_COLLISION","src/core/feature_handlers.cpp:830;src/core/feature_handlers.h:62;src/core/win32ide_handler_impls.cpp:14","PRODUCT|src/core/auto_feature_registry.cpp:6143|IDM_ | PRODUCT|src/core/command_registry.hpp:192|CMD_ | PRODUCT|src/core/feature_handlers.cpp:830|&"
"handleAIAgentCyclesSet","1","0","1","0","2","0","0","1","REAL_REACHABLE_SINGLE","src/core/auto_feature_registry.cpp:928","PRODUCT|src/core/auto_feature_registry.cpp:928|& | PRODUCT|src/core/auto_feature_registry.cpp:6232|IDM_"
"handleAIAgentMultiDisable","1","0","1","0","2","0","0","1","REAL_REACHABLE_SINGLE","src/core/auto_feature_registry.cpp:977","PRODUCT|src/core/auto_feature_registry.cpp:977|& | PRODUCT|src/core/auto_feature_registry.cpp:6238|IDM_"
"handleAIAgentMultiEnable","1","0","1","0","2","0","0","1","REAL_REACHABLE_SINGLE","src/core/auto_feature_registry.cpp:951","PRODUCT|src/core/auto_feature_registry.cpp:951|& | PRODUCT|src/core/auto_feature_registry.cpp:6235|IDM_"
"handleAIAgentMultiStatus","1","0","1","0","2","0","0","1","REAL_REACHABLE_SINGLE","src/core/auto_feature_registry.cpp:987","PRODUCT|src/core/auto_feature_registry.cpp:987|& | PRODUCT|src/core/auto_feature_registry.cpp:6241|IDM_"
"handleAiChatMode","10","0","4","1","6","0","0","1","REACHABLE_COLLISION","src/core/auto_feature_real_impl.cpp:144;src/core/auto_feature_real_impl.cpp:2332;src/core/auto_feature_registry.cpp:703;src/core/auto_feature_registry.hpp:55;src/core/command_handlers_comprehensive.cpp:1016;src/core/ssot_handlers_ext.cpp:4755","PRODUCT|src/core/auto_feature_impl.cpp:132|\{ | PRODUCT|src/core/auto_feature_real_impl.cpp:144|& | PRODUCT|src/core/auto_feature_real_impl.cpp:2333|&"
"handleAiContext128k","3","0","4","0","5","0","0","1","REACHABLE_COLLISION","src/core/auto_feature_real_impl.cpp:189;src/core/auto_feature_registry.cpp:709;src/core/auto_feature_registry.hpp:56","PRODUCT|src/core/auto_feature_real_impl.cpp:189|& | PRODUCT|src/core/auto_feature_real_impl.cpp:2337|& | PRODUCT|src/core/auto_feature_registry.cpp:709|&"
"handleAiContext1m","3","0","4","0","5","0","0","1","REACHABLE_COLLISION","src/core/auto_feature_real_impl.cpp:210;src/core/auto_feature_registry.cpp:710;src/core/auto_feature_registry.hpp:57","PRODUCT|src/core/auto_feature_real_impl.cpp:210|& | PRODUCT|src/core/auto_feature_real_impl.cpp:2341|& | PRODUCT|src/core/auto_feature_registry.cpp:710|&"
"handleAiContext256k","3","0","4","0","5","0","0","1","REACHABLE_COLLISION","src/core/auto_feature_real_impl.cpp:196;src/core/auto_feature_registry.cpp:711;src/core/auto_feature_registry.hpp:58","PRODUCT|src/core/auto_feature_real_impl.cpp:196|& | PRODUCT|src/core/auto_feature_real_impl.cpp:2345|& | PRODUCT|src/core/auto_feature_registry.cpp:711|&"
"handleAiContext32k","3","0","4","0","5","0","0","1","REACHABLE_COLLISION","src/core/auto_feature_real_impl.cpp:175;src/core/auto_feature_registry.cpp:712;src/core/auto_feature_registry.hpp:59","PRODUCT|src/core/auto_feature_real_impl.cpp:175|& | PRODUCT|src/core/auto_feature_real_impl.cpp:2349|& | PRODUCT|src/core/auto_feature_registry.cpp:712|&"
"handleAiContext4k","3","0","4","0","5","0","0","1","REACHABLE_COLLISION","src/core/auto_feature_real_impl.cpp:168;src/core/auto_feature_registry.cpp:713;src/core/auto_feature_registry.hpp:60","PRODUCT|src/core/auto_feature_real_impl.cpp:168|& | PRODUCT|src/core/auto_feature_real_impl.cpp:2353|& | PRODUCT|src/core/auto_feature_registry.cpp:713|&"
"handleAiContext512k","3","0","4","0","5","0","0","1","REACHABLE_COLLISION","src/core/auto_feature_real_impl.cpp:203;src/core/auto_feature_registry.cpp:714;src/core/auto_feature_registry.hpp:61","PRODUCT|src/core/auto_feature_real_impl.cpp:203|& | PRODUCT|src/core/auto_feature_real_impl.cpp:2357|& | PRODUCT|src/core/auto_feature_registry.cpp:714|&"
"handleAiContext64k","3","0","4","0","5","0","0","1","REACHABLE_COLLISION","src/core/auto_feature_real_impl.cpp:182;src/core/auto_feature_registry.cpp:715;src/core/auto_feature_registry.hpp:62","PRODUCT|src/core/auto_feature_real_impl.cpp:182|& | PRODUCT|src/core/auto_feature_real_impl.cpp:2361|& | PRODUCT|src/core/auto_feature_registry.cpp:715|&"
"handleAICtx128K","6","0","8","2","9","0","0","1","REACHABLE_COLLISION","src/core/auto_feature_real_impl.cpp:2336;src/core/command_handlers_comprehensive.cpp:183;src/core/ssot_handlers.cpp:6219;src/core/ssot_handlers.h:106;src/core/ssot_handlers_ext.cpp:4123;src/core/win32ide_handler_impls.cpp:16","PRODUCT|src/core/auto_feature_real_impl.cpp:2336|& | PRODUCT|src/core/command_handlers_comprehensive.cpp:183|& | PRODUCT|src/core/command_registry.hpp:230|CMD_"
"handleAICtx1M","6","0","8","2","9","0","0","1","REACHABLE_COLLISION","src/core/auto_feature_real_impl.cpp:2340;src/core/command_handlers_comprehensive.cpp:195;src/core/ssot_handlers.cpp:6231;src/core/ssot_handlers.h:109;src/core/ssot_handlers_ext.cpp:4144;src/core/win32ide_handler_impls.cpp:17","PRODUCT|src/core/auto_feature_real_impl.cpp:2340|& | PRODUCT|src/core/command_handlers_comprehensive.cpp:195|& | PRODUCT|src/core/command_registry.hpp:233|CMD_"
"handleAICtx256K","6","0","7","2","8","0","0","1","REACHABLE_COLLISION","src/core/auto_feature_real_impl.cpp:2344;src/core/command_handlers_comprehensive.cpp:187;src/core/ssot_handlers.cpp:6223;src/core/ssot_handlers.h:107;src/core/ssot_handlers_ext.cpp:4130;src/core/win32ide_handler_impls.cpp:18","PRODUCT|src/core/auto_feature_real_impl.cpp:2344|& | PRODUCT|src/core/command_handlers_comprehensive.cpp:187|& | PRODUCT|src/core/command_registry.hpp:231|CMD_"
"handleAICtx32K","6","0","7","2","8","0","0","1","REACHABLE_COLLISION","src/core/auto_feature_real_impl.cpp:2348;src/core/command_handlers_comprehensive.cpp:173;src/core/ssot_handlers.cpp:6211;src/core/ssot_handlers.h:104;src/core/ssot_handlers_ext.cpp:4109;src/core/win32ide_handler_impls.cpp:19","PRODUCT|src/core/auto_feature_real_impl.cpp:2348|& | PRODUCT|src/core/command_handlers_comprehensive.cpp:173|& | PRODUCT|src/core/command_registry.hpp:228|CMD_"
"handleAICtx4K","6","0","7","2","8","0","0","1","REACHABLE_COLLISION","src/core/auto_feature_real_impl.cpp:2352;src/core/command_handlers_comprehensive.cpp:168;src/core/ssot_handlers.cpp:6207;src/core/ssot_handlers.h:103;src/core/ssot_handlers_ext.cpp:4102;src/core/win32ide_handler_impls.cpp:20","PRODUCT|src/core/auto_feature_real_impl.cpp:2352|& | PRODUCT|src/core/command_handlers_comprehensive.cpp:168|& | PRODUCT|src/core/command_registry.hpp:227|CMD_"
"handleAICtx512K","6","0","7","2","8","0","0","1","REACHABLE_COLLISION","src/core/auto_feature_real_impl.cpp:2356;src/core/command_handlers_comprehensive.cpp:191;src/core/ssot_handlers.cpp:6227;src/core/ssot_handlers.h:108;src/core/ssot_handlers_ext.cpp:4137;src/core/win32ide_handler_impls.cpp:21","PRODUCT|src/core/auto_feature_real_impl.cpp:2356|& | PRODUCT|src/core/command_handlers_comprehensive.cpp:191|& | PRODUCT|src/core/command_registry.hpp:232|CMD_"
"handleAICtx64K","6","0","6","2","7","0","0","1","REACHABLE_COLLISION","src/core/auto_feature_real_impl.cpp:2360;src/core/command_handlers_comprehensive.cpp:178;src/core/ssot_handlers.cpp:6215;src/core/ssot_handlers.h:105;src/core/ssot_handlers_ext.cpp:4116;src/core/win32ide_handler_impls.cpp:22","PRODUCT|src/core/auto_feature_real_impl.cpp:2360|& | PRODUCT|src/core/command_handlers_comprehensive.cpp:178|& | PRODUCT|src/core/command_registry.hpp:229|CMD_"
"handleAIDeepResearch","3","0","3","1","4","0","0","1","REACHABLE_COLLISION","src/core/feature_handlers.cpp:2049;src/core/feature_handlers.h:126;src/core/win32ide_handler_impls.cpp:23","PRODUCT|src/core/command_registry.hpp:223|CMD_ | PRODUCT|src/core/feature_handlers.cpp:2049|& | PRODUCT|src/core/feature_handlers.h:126|&"
"handleAIDeepThinking","3","0","3","1","4","0","0","1","REACHABLE_COLLISION","src/core/feature_handlers.cpp:2017;src/core/feature_handlers.h:125;src/core/win32ide_handler_impls.cpp:24","PRODUCT|src/core/command_registry.hpp:222|CMD_ | PRODUCT|src/core/feature_handlers.cpp:2017|& | PRODUCT|src/core/feature_handlers.h:125|&"
"handleAIDocGen","1","0","1","0","1","0","0","1","REAL_REACHABLE_SINGLE","src/core/ssot_handlers_ext.cpp:5237","PRODUCT|src/core/ssot_handlers_ext.cpp:5237|&"
"handleAIEngineSelect","3","0","3","1","4","0","0","1","REACHABLE_COLLISION","src/core/feature_handlers.cpp:1702;src/core/feature_handlers.h:124;src/core/win32ide_handler_impls.cpp:25","PRODUCT|src/core/command_registry.hpp:700|CMD_ | PRODUCT|src/core/feature_handlers.cpp:1702|& | PRODUCT|src/core/feature_handlers.h:124|&"
"handleAIExplain","1","0","1","0","1","0","0","1","REAL_REACHABLE_SINGLE","src/core/ssot_handlers_ext.cpp:5222","PRODUCT|src/core/ssot_handlers_ext.cpp:5222|&"
"handleAiExplainCode","10","0","4","0","5","0","0","1","REACHABLE_COLLISION","src/core/auto_feature_real_impl.cpp:220;src/core/auto_feature_real_impl.cpp:2364;src/core/auto_feature_registry.cpp:717;src/core/auto_feature_registry.hpp:63;src/core/command_handlers_comprehensive.cpp:1020;src/core/ssot_handlers_ext.cpp:4947","PRODUCT|src/core/auto_feature_real_impl.cpp:220|& | PRODUCT|src/core/auto_feature_real_impl.cpp:2365|& | PRODUCT|src/core/auto_feature_registry.cpp:717|&"
"handleAIFix","1","0","1","0","1","0","0","1","REAL_REACHABLE_SINGLE","src/core/ssot_handlers_ext.cpp:5227","PRODUCT|src/core/ssot_handlers_ext.cpp:5227|&"
"handleAiFixErrors","10","0","4","0","5","0","0","1","REACHABLE_COLLISION","src/core/auto_feature_real_impl.cpp:261;src/core/auto_feature_real_impl.cpp:2368;src/core/auto_feature_registry.cpp:731;src/core/auto_feature_registry.hpp:64;src/core/command_handlers_comprehensive.cpp:1024;src/core/ssot_handlers_ext.cpp:5089","PRODUCT|src/core/auto_feature_real_impl.cpp:261|& | PRODUCT|src/core/auto_feature_real_impl.cpp:2369|& | PRODUCT|src/core/auto_feature_registry.cpp:731|&"
"handleAIGenerate","1","0","1","0","1","0","0","1","REAL_REACHABLE_SINGLE","src/core/ssot_handlers_ext.cpp:5217","PRODUCT|src/core/ssot_handlers_ext.cpp:5217|&"
"handleAiGenerateDocs","10","0","4","0","5","0","0","1","REACHABLE_COLLISION","src/core/auto_feature_real_impl.cpp:304;src/core/auto_feature_real_impl.cpp:2372;src/core/auto_feature_registry.cpp:743;src/core/auto_feature_registry.hpp:65;src/core/command_handlers_comprehensive.cpp:1028;src/core/ssot_handlers_ext.cpp:5054","PRODUCT|src/core/auto_feature_real_impl.cpp:304|& | PRODUCT|src/core/auto_feature_real_impl.cpp:2373|& | PRODUCT|src/core/auto_feature_registry.cpp:743|&"
"handleAiGenerateTests","10","0","4","0","5","0","0","1","REACHABLE_COLLISION","src/core/auto_feature_real_impl.cpp:347;src/core/auto_feature_real_impl.cpp:2376;src/core/auto_feature_registry.cpp:755;src/core/auto_feature_registry.hpp:66;src/core/command_handlers_comprehensive.cpp:1032;src/core/ssot_handlers_ext.cpp:5019","PRODUCT|src/core/auto_feature_real_impl.cpp:347|& | PRODUCT|src/core/auto_feature_real_impl.cpp:2377|& | PRODUCT|src/core/auto_feature_registry.cpp:755|&"
"handleAiInlineComplete","10","0","4","0","5","0","0","1","REACHABLE_COLLISION","src/core/auto_feature_real_impl.cpp:390;src/core/auto_feature_real_impl.cpp:2380;src/core/auto_feature_registry.cpp:767;src/core/auto_feature_registry.hpp:67;src/core/command_handlers_comprehensive.cpp:1036;src/core/ssot_handlers_ext.cpp:4674","PRODUCT|src/core/auto_feature_real_impl.cpp:390|& | PRODUCT|src/core/auto_feature_real_impl.cpp:2381|& | PRODUCT|src/core/auto_feature_registry.cpp:767|&"
"handleAIMaxMode","3","0","3","1","4","0","0","1","REACHABLE_COLLISION","src/core/feature_handlers.cpp:2062;src/core/feature_handlers.h:127;src/core/win32ide_handler_impls.cpp:31","PRODUCT|src/core/command_registry.hpp:221|CMD_ | PRODUCT|src/core/feature_handlers.cpp:2062|& | PRODUCT|src/core/feature_handlers.h:127|&"
"handleAiModeDeepResearch","3","0","3","0","4","0","0","1","REACHABLE_COLLISION","src/core/auto_feature_real_impl.cpp:429;src/core/auto_feature_registry.cpp:777;src/core/auto_feature_registry.hpp:68","PRODUCT|src/core/auto_feature_real_impl.cpp:429|& | PRODUCT|src/core/auto_feature_registry.cpp:777|& | PRODUCT|src/core/auto_feature_registry.cpp:6205|IDM_"
"handleAiModeDeepThink","3","0","3","0","4","0","0","1","REACHABLE_COLLISION","src/core/auto_feature_real_impl.cpp:434;src/core/auto_feature_registry.cpp:811;src/core/auto_feature_registry.hpp:69","PRODUCT|src/core/auto_feature_real_impl.cpp:434|& | PRODUCT|src/core/auto_feature_registry.cpp:811|& | PRODUCT|src/core/auto_feature_registry.cpp:6202|IDM_"
"handleAiModelSelect","10","0","4","1","6","0","0","1","REACHABLE_COLLISION","src/core/auto_feature_real_impl.cpp:452;src/core/auto_feature_real_impl.cpp:2384;src/core/auto_feature_registry.cpp:891;src/core/auto_feature_registry.hpp:72;src/core/command_handlers_comprehensive.cpp:1040;src/core/ssot_handlers_ext.cpp:5161","PRODUCT|src/core/auto_feature_impl.cpp:113|\{ | PRODUCT|src/core/auto_feature_real_impl.cpp:452|& | PRODUCT|src/core/auto_feature_real_impl.cpp:2385|&"
"handleAiModeMax","3","0","3","0","4","0","0","1","REACHABLE_COLLISION","src/core/auto_feature_real_impl.cpp:439;src/core/auto_feature_registry.cpp:845;src/core/auto_feature_registry.hpp:70","PRODUCT|src/core/auto_feature_real_impl.cpp:439|& | PRODUCT|src/core/auto_feature_registry.cpp:845|& | PRODUCT|src/core/auto_feature_registry.cpp:6199|IDM_"
"handleAiModeNoRefusal","3","0","4","0","5","0","0","1","REACHABLE_COLLISION","src/core/auto_feature_real_impl.cpp:444;src/core/auto_feature_registry.cpp:881;src/core/auto_feature_registry.hpp:71","PRODUCT|src/core/auto_feature_real_impl.cpp:444|& | PRODUCT|src/core/auto_feature_real_impl.cpp:2389|& | PRODUCT|src/core/auto_feature_registry.cpp:881|&"
"handleAIModeSet","3","0","3","1","4","0","0","1","REACHABLE_COLLISION","src/core/feature_handlers.cpp:1650;src/core/feature_handlers.h:123;src/core/win32ide_handler_impls.cpp:33","PRODUCT|src/core/command_registry.hpp:699|CMD_ | PRODUCT|src/core/feature_handlers.cpp:1650|& | PRODUCT|src/core/feature_handlers.h:123|&"
"handleAINoRefusal","6","0","6","2","7","0","0","1","REACHABLE_COLLISION","src/core/auto_feature_real_impl.cpp:2388;src/core/command_handlers_comprehensive.cpp:199;src/core/ssot_handlers.cpp:6169;src/core/ssot_handlers.h:102;src/core/ssot_handlers_ext.cpp:4090;src/core/win32ide_handler_impls.cpp:34","PRODUCT|src/core/auto_feature_real_impl.cpp:2388|& | PRODUCT|src/core/command_handlers_comprehensive.cpp:199|& | PRODUCT|src/core/command_registry.hpp:224|CMD_"
"handleAiOptimizeCode","10","0","4","0","5","0","0","1","REACHABLE_COLLISION","src/core/auto_feature_real_impl.cpp:475;src/core/auto_feature_real_impl.cpp:2392;src/core/auto_feature_registry.cpp:1152;src/core/auto_feature_registry.hpp:73;src/core/command_handlers_comprehensive.cpp:1044;src/core/ssot_handlers_ext.cpp:5124","PRODUCT|src/core/auto_feature_real_impl.cpp:475|& | PRODUCT|src/core/auto_feature_real_impl.cpp:2393|& | PRODUCT|src/core/auto_feature_registry.cpp:1152|&"
"handleAiRefactor","10","0","4","0","5","0","0","1","REACHABLE_COLLISION","src/core/auto_feature_real_impl.cpp:516;src/core/auto_feature_real_impl.cpp:2396;src/core/auto_feature_registry.cpp:1165;src/core/auto_feature_registry.hpp:74;src/core/command_handlers_comprehensive.cpp:1048;src/core/ssot_handlers_ext.cpp:4982","PRODUCT|src/core/auto_feature_real_impl.cpp:516|& | PRODUCT|src/core/auto_feature_real_impl.cpp:2397|& | PRODUCT|src/core/auto_feature_registry.cpp:1165|&"
"handleAIReview","1","0","1","0","1","0","0","1","REAL_REACHABLE_SINGLE","src/core/ssot_handlers_ext.cpp:5242","PRODUCT|src/core/ssot_handlers_ext.cpp:5242|&"
"handleAIStopGeneration","2","0","2","2","3","0","0","1","REACHABLE_COLLISION","src/core/command_handlers_comprehensive.cpp:1052;src/core/unlinked_symbols_batch_021.cpp:109","PRODUCT|src/core/command_handlers_comprehensive.cpp:1052|& | PRODUCT|src/core/command_registry.hpp:761|CMD_ | PRODUCT|src/core/unlinked_symbols_batch_021.cpp:109|&"
"handleAITestGen","1","0","1","0","1","0","0","1","REAL_REACHABLE_SINGLE","src/core/ssot_handlers_ext.cpp:5232","PRODUCT|src/core/ssot_handlers_ext.cpp:5232|&"
"handleAnalyze","3","0","3","2","5","0","0","1","REACHABLE_COLLISION","src/core/feature_handlers.cpp:3362;src/core/feature_handlers.h:498;src/core/win32ide_handler_impls.cpp:37","PRODUCT|src/core/command_registry.hpp:678|CMD_ | PRODUCT|src/core/command_registry.hpp:687|CMD_ | PRODUCT|src/core/feature_handlers.cpp:3362|&"
"handleAsmAnalyzeBlock","6","0","6","2","8","0","0","1","REACHABLE_COLLISION","src/core/auto_feature_real_impl.cpp:2403;src/core/command_handlers_asm.cpp:24;src/core/feature_handlers.h:255;src/core/ssot_handlers.cpp:2773;src/core/ssot_handlers_ext.cpp:15002;src/core/win32ide_handler_impls.cpp:38","PRODUCT|src/core/auto_feature_real_impl.cpp:2403|& | PRODUCT|src/core/auto_feature_registry.cpp:6281|IDM_ | PRODUCT|src/core/command_handlers_asm.cpp:24|&"
"handleAsmCallGraph","6","0","6","2","7","0","0","1","REACHABLE_COLLISION","src/core/auto_feature_real_impl.cpp:2413;src/core/command_handlers_comprehensive.cpp:204;src/core/feature_handlers.h:256;src/core/ssot_handlers.cpp:2780;src/core/ssot_handlers_ext.cpp:15194;src/core/win32ide_handler_impls.cpp:39","PRODUCT|src/core/auto_feature_real_impl.cpp:2413|& | PRODUCT|src/core/command_handlers_comprehensive.cpp:204|& | PRODUCT|src/core/command_registry.hpp:358|CMD_"
"handleAsmClearSymbols","6","0","6","2","8","0","0","1","REACHABLE_COLLISION","src/core/auto_feature_real_impl.cpp:2423;src/core/command_handlers_asm.cpp:32;src/core/feature_handlers.h:260;src/core/ssot_handlers.cpp:2787;src/core/ssot_handlers_ext.cpp:15687;src/core/win32ide_handler_impls.cpp:40","PRODUCT|src/core/auto_feature_real_impl.cpp:2423|& | PRODUCT|src/core/auto_feature_registry.cpp:6296|IDM_ | PRODUCT|src/core/command_handlers_asm.cpp:32|&"
"handleAsmDataFlow","6","0","6","2","7","0","0","1","REACHABLE_COLLISION","src/core/auto_feature_real_impl.cpp:2428;src/core/command_handlers_comprehensive.cpp:208;src/core/feature_handlers.h:257;src/core/ssot_handlers.cpp:2794;src/core/ssot_handlers_ext.cpp:15306;src/core/win32ide_handler_impls.cpp:41","PRODUCT|src/core/auto_feature_real_impl.cpp:2428|& | PRODUCT|src/core/command_handlers_comprehensive.cpp:208|& | PRODUCT|src/core/command_registry.hpp:360|CMD_"
"handleAsmDetectConvention","6","0","6","2","8","0","0","1","REACHABLE_COLLISION","src/core/auto_feature_real_impl.cpp:2438;src/core/command_handlers_asm.cpp:28;src/core/feature_handlers.h:258;src/core/ssot_handlers.cpp:2801;src/core/ssot_handlers_ext.cpp:15422;src/core/win32ide_handler_impls.cpp:42","PRODUCT|src/core/auto_feature_real_impl.cpp:2438|& | PRODUCT|src/core/auto_feature_registry.cpp:6290|IDM_ | PRODUCT|src/core/command_handlers_asm.cpp:28|&"
"handleAsmFindLabelRefs","3","0","3","0","4","0","0","1","REACHABLE_COLLISION","src/core/auto_feature_real_impl.cpp:557;src/core/auto_feature_registry.cpp:1178;src/core/auto_feature_registry.hpp:75","PRODUCT|src/core/auto_feature_real_impl.cpp:557|& | PRODUCT|src/core/auto_feature_registry.cpp:1178|& | PRODUCT|src/core/auto_feature_registry.cpp:6269|IDM_"
"handleAsmFindRefs","6","0","6","2","7","0","0","1","REACHABLE_COLLISION","src/core/auto_feature_real_impl.cpp:2448;src/core/command_handlers_comprehensive.cpp:212;src/core/feature_handlers.h:251;src/core/ssot_handlers.cpp:2808;src/core/ssot_handlers_ext.cpp:14478;src/core/win32ide_handler_impls.cpp:43","PRODUCT|src/core/auto_feature_real_impl.cpp:2448|& | PRODUCT|src/core/command_handlers_comprehensive.cpp:212|& | PRODUCT|src/core/command_registry.hpp:349|CMD_"
"handleAsmGoto","6","0","6","2","7","0","0","1","REACHABLE_COLLISION","src/core/auto_feature_real_impl.cpp:2454;src/core/command_handlers_comprehensive.cpp:216;src/core/feature_handlers.h:250;src/core/ssot_handlers.cpp:2815;src/core/ssot_handlers_ext.cpp:14336;src/core/win32ide_handler_impls.cpp:44","PRODUCT|src/core/auto_feature_real_impl.cpp:2454|& | PRODUCT|src/core/command_handlers_comprehensive.cpp:216|& | PRODUCT|src/core/command_registry.hpp:347|CMD_"
"handleAsmGotoLabel","3","0","3","0","4","0","0","1","REACHABLE_COLLISION","src/core/auto_feature_real_impl.cpp:563;src/core/auto_feature_registry.cpp:1205;src/core/auto_feature_registry.hpp:76","PRODUCT|src/core/auto_feature_real_impl.cpp:563|& | PRODUCT|src/core/auto_feature_registry.cpp:1205|& | PRODUCT|src/core/auto_feature_registry.cpp:6266|IDM_"
"handleAsmInstructionInfo","6","0","6","2","8","0","0","1","REACHABLE_COLLISION","src/core/auto_feature_real_impl.cpp:2464;src/core/command_handlers_asm.cpp:16;src/core/feature_handlers.h:253;src/core/ssot_handlers.cpp:2822;src/core/ssot_handlers_ext.cpp:14682;src/core/win32ide_handler_impls.cpp:45","PRODUCT|src/core/auto_feature_real_impl.cpp:2464|& | PRODUCT|src/core/auto_feature_registry.cpp:6275|IDM_ | PRODUCT|src/core/command_handlers_asm.cpp:16|&"
"handleAsmParse","6","0","6","2","7","0","0","1","REACHABLE_COLLISION","src/core/auto_feature_real_impl.cpp:2474;src/core/command_handlers_comprehensive.cpp:220;src/core/feature_handlers.h:249;src/core/ssot_handlers.cpp:2829;src/core/ssot_handlers_ext.cpp:14187;src/core/win32ide_handler_impls.cpp:46","PRODUCT|src/core/auto_feature_real_impl.cpp:2474|& | PRODUCT|src/core/command_handlers_comprehensive.cpp:220|& | PRODUCT|src/core/command_registry.hpp:345|CMD_"
"handleAsmParseSymbols","3","0","3","0","4","0","0","1","REACHABLE_COLLISION","src/core/auto_feature_real_impl.cpp:569;src/core/auto_feature_registry.cpp:1220;src/core/auto_feature_registry.hpp:77","PRODUCT|src/core/auto_feature_real_impl.cpp:569|& | PRODUCT|src/core/auto_feature_registry.cpp:1220|& | PRODUCT|src/core/auto_feature_registry.cpp:6263|IDM_"
"handleAsmRegisterInfo","6","0","6","2","8","0","0","1","REACHABLE_COLLISION","src/core/auto_feature_real_impl.cpp:2484;src/core/command_handlers_asm.cpp:20;src/core/feature_handlers.h:254;src/core/ssot_handlers.cpp:2836;src/core/ssot_handlers_ext.cpp:14836;src/core/win32ide_handler_impls.cpp:47","PRODUCT|src/core/auto_feature_real_impl.cpp:2484|& | PRODUCT|src/core/auto_feature_registry.cpp:6278|IDM_ | PRODUCT|src/core/command_handlers_asm.cpp:20|&"
"handleAsmSections","6","0","6","2","7","0","0","1","REACHABLE_COLLISION","src/core/auto_feature_real_impl.cpp:2494;src/core/command_handlers_comprehensive.cpp:224;src/core/feature_handlers.h:259;src/core/ssot_handlers.cpp:2843;src/core/ssot_handlers_ext.cpp:15556;src/core/win32ide_handler_impls.cpp:48","PRODUCT|src/core/auto_feature_real_impl.cpp:2494|& | PRODUCT|src/core/command_handlers_comprehensive.cpp:224|& | PRODUCT|src/core/command_registry.hpp:364|CMD_"
"handleAsmShowCallGraph","3","0","3","0","4","0","0","1","REACHABLE_COLLISION","src/core/auto_feature_real_impl.cpp:579;src/core/auto_feature_registry.cpp:1248;src/core/auto_feature_registry.hpp:78","PRODUCT|src/core/auto_feature_real_impl.cpp:579|& | PRODUCT|src/core/auto_feature_registry.cpp:1248|& | PRODUCT|src/core/auto_feature_registry.cpp:6284|IDM_"
"handleAsmShowDataFlow","3","0","3","0","4","0","0","1","REACHABLE_COLLISION","src/core/auto_feature_real_impl.cpp:589;src/core/auto_feature_registry.cpp:1271;src/core/auto_feature_registry.hpp:79","PRODUCT|src/core/auto_feature_real_impl.cpp:589|& | PRODUCT|src/core/auto_feature_registry.cpp:1271|& | PRODUCT|src/core/auto_feature_registry.cpp:6287|IDM_"
"handleAsmShowSections","3","0","3","0","4","0","0","1","REACHABLE_COLLISION","src/core/auto_feature_real_impl.cpp:599;src/core/auto_feature_registry.cpp:1294;src/core/auto_feature_registry.hpp:80","PRODUCT|src/core/auto_feature_real_impl.cpp:599|& | PRODUCT|src/core/auto_feature_registry.cpp:1294|& | PRODUCT|src/core/auto_feature_registry.cpp:6293|IDM_"
"handleAsmShowSymbolTable","3","0","3","0","4","0","0","1","REACHABLE_COLLISION","src/core/auto_feature_real_impl.cpp:609;src/core/auto_feature_registry.cpp:1311;src/core/auto_feature_registry.hpp:81","PRODUCT|src/core/auto_feature_real_impl.cpp:609|& | PRODUCT|src/core/auto_feature_registry.cpp:1311|& | PRODUCT|src/core/auto_feature_registry.cpp:6272|IDM_"
"handleAsmSymbolTable","6","0","6","2","7","0","0","1","REACHABLE_COLLISION","src/core/auto_feature_real_impl.cpp:2504;src/core/command_handlers_comprehensive.cpp:228;src/core/feature_handlers.h:252;src/core/ssot_handlers.cpp:2850;src/core/ssot_handlers_ext.cpp:14599;src/core/win32ide_handler_impls.cpp:49","PRODUCT|src/core/auto_feature_real_impl.cpp:2504|& | PRODUCT|src/core/command_handlers_comprehensive.cpp:228|& | PRODUCT|src/core/command_registry.hpp:351|CMD_"
"handleAuditCheckMenus","6","0","7","1","9","0","0","1","REACHABLE_COLLISION","src/core/auto_feature_real_impl.cpp:622;src/core/auto_feature_registry.cpp:1344;src/core/auto_feature_registry.hpp:82;src/core/ssot_handlers.cpp:8641;src/core/ssot_handlers.h:207;src/core/ssot_handlers_ext.cpp:22187","PRODUCT|src/core/auto_feature_real_impl.cpp:622|& | PRODUCT|src/core/auto_feature_registry.cpp:1344|& | PRODUCT|src/core/auto_feature_registry.cpp:6310|IDM_"
"handleAuditDashboard","6","0","6","2","7","0","0","1","REACHABLE_COLLISION","src/core/auto_feature_real_impl.cpp:2517;src/core/command_handlers_comprehensive.cpp:233;src/core/ssot_handlers.cpp:8524;src/core/ssot_handlers.h:204;src/core/ssot_handlers_ext.cpp:22132;src/core/win32ide_handler_impls.cpp:50","PRODUCT|src/core/auto_feature_real_impl.cpp:2517|& | PRODUCT|src/core/command_handlers_comprehensive.cpp:233|& | PRODUCT|src/core/command_registry.hpp:599|CMD_"
"handleAuditDetectStubs","6","0","7","1","9","0","0","1","REACHABLE_COLLISION","src/core/auto_feature_real_impl.cpp:627;src/core/auto_feature_registry.cpp:1362;src/core/auto_feature_registry.hpp:83;src/core/ssot_handlers.cpp:8577;src/core/ssot_handlers.h:206;src/core/ssot_handlers_ext.cpp:22169","PRODUCT|src/core/auto_feature_real_impl.cpp:627|& | PRODUCT|src/core/auto_feature_registry.cpp:1362|& | PRODUCT|src/core/auto_feature_registry.cpp:6307|IDM_"
"handleAuditExportReport","6","0","7","1","9","0","0","1","REACHABLE_COLLISION","src/core/auto_feature_real_impl.cpp:632;src/core/auto_feature_registry.cpp:1399;src/core/auto_feature_registry.hpp:84;src/core/ssot_handlers.cpp:8682;src/core/ssot_handlers.h:209;src/core/ssot_handlers_ext.cpp:22222","PRODUCT|src/core/auto_feature_real_impl.cpp:632|& | PRODUCT|src/core/auto_feature_registry.cpp:1399|& | PRODUCT|src/core/auto_feature_registry.cpp:6316|IDM_"
"handleAuditQuickStats","6","0","6","1","8","0","0","1","REACHABLE_COLLISION","src/core/auto_feature_real_impl.cpp:639;src/core/auto_feature_registry.cpp:1426;src/core/auto_feature_registry.hpp:85;src/core/ssot_handlers.cpp:8604;src/core/ssot_handlers.h:210;src/core/ssot_handlers_ext.cpp:22239","PRODUCT|src/core/auto_feature_real_impl.cpp:639|& | PRODUCT|src/core/auto_feature_registry.cpp:1426|& | PRODUCT|src/core/auto_feature_registry.cpp:6319|IDM_"
"handleAuditRunFull","6","0","6","1","8","0","0","1","REACHABLE_COLLISION","src/core/auto_feature_real_impl.cpp:644;src/core/auto_feature_registry.cpp:1449;src/core/auto_feature_registry.hpp:86;src/core/ssot_handlers.cpp:8549;src/core/ssot_handlers.h:205;src/core/ssot_handlers_ext.cpp:22152","PRODUCT|src/core/auto_feature_real_impl.cpp:644|& | PRODUCT|src/core/auto_feature_registry.cpp:1449|& | PRODUCT|src/core/auto_feature_registry.cpp:6304|IDM_"
"handleAuditRunTests","6","0","6","1","8","0","0","1","REACHABLE_COLLISION","src/core/auto_feature_real_impl.cpp:649;src/core/auto_feature_registry.cpp:1486;src/core/auto_feature_registry.hpp:87;src/core/ssot_handlers.cpp:8653;src/core/ssot_handlers.h:208;src/core/ssot_handlers_ext.cpp:22205","PRODUCT|src/core/auto_feature_real_impl.cpp:649|& | PRODUCT|src/core/auto_feature_registry.cpp:1486|& | PRODUCT|src/core/auto_feature_registry.cpp:6313|IDM_"
"handleAuditShowDashboard","3","0","3","0","4","0","0","1","REACHABLE_COLLISION","src/core/auto_feature_real_impl.cpp:654;src/core/auto_feature_registry.cpp:1502;src/core/auto_feature_registry.hpp:88","PRODUCT|src/core/auto_feature_real_impl.cpp:654|& | PRODUCT|src/core/auto_feature_registry.cpp:1502|& | PRODUCT|src/core/auto_feature_registry.cpp:6301|IDM_"
"HandleAutonomousAgent","3","0","4","3","4","0","0","1","REACHABLE_COLLISION","src/core/command_handlers_comprehensive.cpp:1110;src/core/rawrengine_command_handlers.cpp:202;src/core/win32ide_handler_impls.cpp:51","PRODUCT|src/core/command_handlers_comprehensive.cpp:1110|& | PRODUCT|src/core/command_registry.hpp:921|& | PRODUCT|src/core/rawrengine_command_handlers.cpp:202|&"
"handleAutonomyGoal","3","0","3","1","4","0","0","1","REACHABLE_COLLISION","src/core/feature_handlers.cpp:897;src/core/feature_handlers.h:71;src/core/win32ide_handler_impls.cpp:52","PRODUCT|src/core/command_registry.hpp:216|CMD_ | PRODUCT|src/core/feature_handlers.cpp:897|& | PRODUCT|src/core/feature_handlers.h:71|&"
"handleAutonomyMemory","6","0","6","1","8","0","0","1","REACHABLE_COLLISION","src/core/auto_feature_real_impl.cpp:662;src/core/auto_feature_registry.cpp:1531;src/core/auto_feature_registry.hpp:89;src/core/ssot_handlers.cpp:5942;src/core/ssot_handlers.h:83;src/core/ssot_handlers_ext.cpp:4435","PRODUCT|src/core/auto_feature_real_impl.cpp:662|& | PRODUCT|src/core/auto_feature_registry.cpp:1531|& | PRODUCT|src/core/auto_feature_registry.cpp:6339|IDM_"
"handleAutonomyPause","2","0","2","0","2","0","0","1","REACHABLE_COLLISION","src/core/ssot_handlers.h:87;src/core/ssot_handlers_ext.cpp:10059","PRODUCT|src/core/ssot_handlers.h:87|& | PRODUCT|src/core/ssot_handlers_ext.cpp:10059|&"
"handleAutonomyProgress","2","0","2","0","2","0","0","1","REACHABLE_COLLISION","src/core/ssot_handlers.h:88;src/core/ssot_handlers_ext.cpp:10237","PRODUCT|src/core/ssot_handlers.h:88|& | PRODUCT|src/core/ssot_handlers_ext.cpp:10237|&"
"handleAutonomyRate","3","0","3","1","4","0","0","1","REACHABLE_COLLISION","src/core/feature_handlers.cpp:910;src/core/feature_handlers.h:72;src/core/win32ide_handler_impls.cpp:53","PRODUCT|src/core/command_registry.hpp:701|CMD_ | PRODUCT|src/core/feature_handlers.cpp:910|& | PRODUCT|src/core/feature_handlers.h:72|&"
"handleAutonomyRun","3","0","3","1","4","0","0","1","REACHABLE_COLLISION","src/core/feature_handlers.cpp:922;src/core/feature_handlers.h:73;src/core/win32ide_handler_impls.cpp:54","PRODUCT|src/core/command_registry.hpp:702|CMD_ | PRODUCT|src/core/feature_handlers.cpp:922|& | PRODUCT|src/core/feature_handlers.h:73|&"
"handleAutonomySetGoal","3","0","3","0","4","0","0","1","REACHABLE_COLLISION","src/core/auto_feature_real_impl.cpp:667;src/core/auto_feature_registry.cpp:1560;src/core/auto_feature_registry.hpp:90","PRODUCT|src/core/auto_feature_real_impl.cpp:667|& | PRODUCT|src/core/auto_feature_registry.cpp:1560|& | PRODUCT|src/core/auto_feature_registry.cpp:6333|IDM_"
"handleAutonomyStart","4","0","4","1","6","0","0","1","REACHABLE_COLLISION","src/core/feature_handlers.cpp:877;src/core/feature_handlers.h:69;src/core/ssot_handlers.h:85;src/core/win32ide_handler_impls.cpp:55","PRODUCT|src/core/auto_feature_registry.cpp:6327|IDM_ | PRODUCT|src/core/command_registry.hpp:214|CMD_ | PRODUCT|src/core/feature_handlers.cpp:877|&"
"handleAutonomyStartExt","1","0","1","0","1","0","0","1","REAL_REACHABLE_SINGLE","src/core/ssot_handlers_ext.cpp:9924","PRODUCT|src/core/ssot_handlers_ext.cpp:9924|&"
"handleAutonomyStatus","6","0","6","1","8","0","0","1","REACHABLE_COLLISION","src/core/auto_feature_real_impl.cpp:673;src/core/auto_feature_registry.cpp:1585;src/core/auto_feature_registry.hpp:91;src/core/ssot_handlers.cpp:5922;src/core/ssot_handlers.h:82;src/core/ssot_handlers_ext.cpp:4425","PRODUCT|src/core/auto_feature_real_impl.cpp:673|& | PRODUCT|src/core/auto_feature_registry.cpp:1585|& | PRODUCT|src/core/auto_feature_registry.cpp:6336|IDM_"
"handleAutonomyStop","4","0","4","1","6","0","0","1","REACHABLE_COLLISION","src/core/feature_handlers.cpp:890;src/core/feature_handlers.h:70;src/core/ssot_handlers.h:86;src/core/win32ide_handler_impls.cpp:56","PRODUCT|src/core/auto_feature_registry.cpp:6330|IDM_ | PRODUCT|src/core/command_registry.hpp:215|CMD_ | PRODUCT|src/core/feature_handlers.cpp:890|&"
"handleAutonomyStopExt","1","0","1","0","1","0","0","1","REAL_REACHABLE_SINGLE","src/core/ssot_handlers_ext.cpp:10028","PRODUCT|src/core/ssot_handlers_ext.cpp:10028|&"
"handleAutonomyToggle","4","0","4","1","6","0","0","1","REACHABLE_COLLISION","src/core/feature_handlers.cpp:934;src/core/feature_handlers.h:74;src/core/ssot_handlers.h:84;src/core/win32ide_handler_impls.cpp:57","PRODUCT|src/core/auto_feature_registry.cpp:6324|IDM_ | PRODUCT|src/core/command_registry.hpp:213|CMD_ | PRODUCT|src/core/feature_handlers.cpp:934|&"
"handleAutonomyToggleExt","1","0","1","0","1","0","0","1","REAL_REACHABLE_SINGLE","src/core/ssot_handlers_ext.cpp:9897","PRODUCT|src/core/ssot_handlers_ext.cpp:9897|&"
"handleBackendConfigure","7","0","7","2","9","0","0","1","REACHABLE_COLLISION","src/core/auto_feature_real_impl.cpp:2522;src/core/command_handlers_comprehensive.cpp:238;src/core/feature_handlers.h:367;src/core/ssot_handlers.cpp:2393;src/core/ssot_handlers.h:262;src/core/ssot_handlers_ext.cpp:10546","PRODUCT|src/core/auto_feature_real_impl.cpp:2522|& | PRODUCT|src/core/auto_feature_registry.cpp:6365|IDM_ | PRODUCT|src/core/command_handlers_comprehensive.cpp:238|&"
"handleBackendHealthCheck","7","0","7","2","9","0","0","1","REACHABLE_COLLISION","src/core/auto_feature_real_impl.cpp:2527;src/core/command_handlers_comprehensive.cpp:242;src/core/feature_handlers.h:368;src/core/ssot_handlers.cpp:2472;src/core/ssot_handlers.h:263;src/core/ssot_handlers_ext.cpp:10660","PRODUCT|src/core/auto_feature_real_impl.cpp:2527|& | PRODUCT|src/core/auto_feature_registry.cpp:6368|IDM_ | PRODUCT|src/core/command_handlers_comprehensive.cpp:242|&"
"handleBackendList","2","0","2","0","2","0","0","1","REACHABLE_COLLISION","src/core/feature_handlers.cpp:2972;src/core/feature_handlers.h:196","PRODUCT|src/core/feature_handlers.cpp:2972|& | PRODUCT|src/core/feature_handlers.h:196|&"
"handleBackendSaveConfigs","7","0","7","2","9","0","0","1","REACHABLE_COLLISION","src/core/auto_feature_real_impl.cpp:2532;src/core/command_handlers_comprehensive.cpp:246;src/core/feature_handlers.h:370;src/core/ssot_handlers.cpp:2533;src/core/ssot_handlers.h:265;src/core/ssot_handlers_ext.cpp:10831","PRODUCT|src/core/auto_feature_real_impl.cpp:2532|& | PRODUCT|src/core/auto_feature_registry.cpp:6374|IDM_ | PRODUCT|src/core/command_handlers_comprehensive.cpp:246|&"
"handleBackendSelect","2","0","2","0","2","0","0","1","REACHABLE_COLLISION","src/core/feature_handlers.cpp:2987;src/core/feature_handlers.h:197","PRODUCT|src/core/feature_handlers.cpp:2987|& | PRODUCT|src/core/feature_handlers.h:197|&"
"handleBackendSetApiKey","7","0","7","2","9","0","0","1","REACHABLE_COLLISION","src/core/auto_feature_real_impl.cpp:2537;src/core/command_handlers_comprehensive.cpp:250;src/core/feature_handlers.h:369;src/core/ssot_handlers.cpp:2513;src/core/ssot_handlers.h:264;src/core/ssot_handlers_ext.cpp:10741","PRODUCT|src/core/auto_feature_real_impl.cpp:2537|& | PRODUCT|src/core/auto_feature_registry.cpp:6371|IDM_ | PRODUCT|src/core/command_handlers_comprehensive.cpp:250|&"
"handleBackendShowStatus","7","0","7","2","9","0","0","1","REACHABLE_COLLISION","src/core/auto_feature_real_impl.cpp:2547;src/core/command_handlers_comprehensive.cpp:254;src/core/feature_handlers.h:365;src/core/ssot_handlers.cpp:2243;src/core/ssot_handlers.h:250;src/core/ssot_handlers_ext.cpp:10411","PRODUCT|src/core/auto_feature_real_impl.cpp:2547|& | PRODUCT|src/core/auto_feature_registry.cpp:6359|IDM_ | PRODUCT|src/core/command_handlers_comprehensive.cpp:254|&"
"handleBackendShowSwitcher","7","0","7","2","9","0","0","1","REACHABLE_COLLISION","src/core/auto_feature_real_impl.cpp:2552;src/core/command_handlers_comprehensive.cpp:258;src/core/feature_handlers.h:366;src/core/ssot_handlers.cpp:2303;src/core/ssot_handlers.h:251;src/core/ssot_handlers_ext.cpp:10471","PRODUCT|src/core/auto_feature_real_impl.cpp:2552|& | PRODUCT|src/core/auto_feature_registry.cpp:6362|IDM_ | PRODUCT|src/core/command_handlers_comprehensive.cpp:258|&"
"handleBackendStatus","2","0","2","0","2","0","0","1","REACHABLE_COLLISION","src/core/feature_handlers.cpp:3007;src/core/feature_handlers.h:198","PRODUCT|src/core/feature_handlers.cpp:3007|& | PRODUCT|src/core/feature_handlers.h:198|&"
"handleBackendSwitchClaude","7","0","7","2","9","0","0","1","REACHABLE_COLLISION","src/core/auto_feature_real_impl.cpp:2557;src/core/command_handlers_comprehensive.cpp:262;src/core/feature_handlers.h:363;src/core/ssot_handlers.cpp:2205;src/core/ssot_handlers.h:248;src/core/ssot_handlers_ext.cpp:10387","PRODUCT|src/core/auto_feature_real_impl.cpp:2557|& | PRODUCT|src/core/auto_feature_registry.cpp:6353|IDM_ | PRODUCT|src/core/command_handlers_comprehensive.cpp:262|&"
"handleBackendSwitchGemini","7","0","7","2","9","0","0","1","REACHABLE_COLLISION","src/core/auto_feature_real_impl.cpp:2562;src/core/command_handlers_comprehensive.cpp:266;src/core/feature_handlers.h:364;src/core/ssot_handlers.cpp:2224;src/core/ssot_handlers.h:249;src/core/ssot_handlers_ext.cpp:10399","PRODUCT|src/core/auto_feature_real_impl.cpp:2562|& | PRODUCT|src/core/auto_feature_registry.cpp:6356|IDM_ | PRODUCT|src/core/command_handlers_comprehensive.cpp:266|&"
"handleBackendSwitchLocal","7","0","7","2","9","0","0","1","REACHABLE_COLLISION","src/core/auto_feature_real_impl.cpp:2567;src/core/command_handlers_comprehensive.cpp:270;src/core/feature_handlers.h:360;src/core/ssot_handlers.cpp:2085;src/core/ssot_handlers.h:245;src/core/ssot_handlers_ext.cpp:10351","PRODUCT|src/core/auto_feature_real_impl.cpp:2567|& | PRODUCT|src/core/auto_feature_registry.cpp:6344|IDM_ | PRODUCT|src/core/command_handlers_comprehensive.cpp:270|&"
"handleBackendSwitchOllama","7","0","7","2","9","0","0","1","REACHABLE_COLLISION","src/core/auto_feature_real_impl.cpp:2572;src/core/command_handlers_comprehensive.cpp:274;src/core/feature_handlers.h:361;src/core/ssot_handlers.cpp:2125;src/core/ssot_handlers.h:246;src/core/ssot_handlers_ext.cpp:10363","PRODUCT|src/core/auto_feature_real_impl.cpp:2572|& | PRODUCT|src/core/auto_feature_registry.cpp:6347|IDM_ | PRODUCT|src/core/command_handlers_comprehensive.cpp:274|&"
"handleBackendSwitchOpenai","10","0","3","0","4","0","0","1","REACHABLE_COLLISION","src/core/auto_feature_real_impl.cpp:681;src/core/auto_feature_real_impl.cpp:2577;src/core/auto_feature_registry.cpp:1609;src/core/auto_feature_registry.hpp:92;src/core/command_handlers_comprehensive.cpp:278;src/core/feature_handlers.h:362","PRODUCT|src/core/auto_feature_real_impl.cpp:681|& | PRODUCT|src/core/auto_feature_registry.cpp:1609|& | PRODUCT|src/core/auto_feature_registry.cpp:6350|IDM_"
"handleBeaconFullBeacon","6","0","6","2","7","0","0","1","REACHABLE_COLLISION","src/core/command_handlers_comprehensive.cpp:283;src/core/gold_beacon_handlers.cpp:62;src/core/ssot_handlers.cpp:2362;src/core/ssot_handlers.h:255;src/core/win32ide_handler_impls.cpp:69;src/core/win32ide_missing_handlers.cpp:57","PRODUCT|src/core/command_handlers_comprehensive.cpp:283|& | PRODUCT|src/core/command_registry.hpp:294|CMD_ | PRODUCT|src/core/gold_beacon_handlers.cpp:62|&"
"handleBeaconHalfPulse","6","0","6","2","7","0","0","1","REACHABLE_COLLISION","src/core/command_handlers_comprehensive.cpp:287;src/core/gold_beacon_handlers.cpp:39;src/core/ssot_handlers.cpp:2335;src/core/ssot_handlers.h:254;src/core/win32ide_handler_impls.cpp:70;src/core/win32ide_missing_handlers.cpp:43","PRODUCT|src/core/command_handlers_comprehensive.cpp:287|& | PRODUCT|src/core/command_registry.hpp:292|CMD_ | PRODUCT|src/core/gold_beacon_handlers.cpp:39|&"
"handleBeaconStatus","6","0","6","2","7","0","0","1","REACHABLE_COLLISION","src/core/command_handlers_comprehensive.cpp:291;src/core/gold_beacon_handlers.cpp:69;src/core/ssot_handlers.cpp:2370;src/core/ssot_handlers.h:256;src/core/win32ide_handler_impls.cpp:71;src/core/win32ide_missing_handlers.cpp:64","PRODUCT|src/core/command_handlers_comprehensive.cpp:291|& | PRODUCT|src/core/command_registry.hpp:295|CMD_ | PRODUCT|src/core/gold_beacon_handlers.cpp:69|&"
"handleBreakpointAdd","2","0","2","0","2","0","0","1","REACHABLE_COLLISION","src/core/feature_handlers.cpp:1347;src/core/feature_handlers.h:104","PRODUCT|src/core/feature_handlers.cpp:1347|& | PRODUCT|src/core/feature_handlers.h:104|&"
"handleBreakpointList","2","0","2","0","2","0","0","1","REACHABLE_COLLISION","src/core/feature_handlers.cpp:1388;src/core/feature_handlers.h:105","PRODUCT|src/core/feature_handlers.cpp:1388|& | PRODUCT|src/core/feature_handlers.h:105|&"
"handleBreakpointRemove","2","0","2","0","2","0","0","1","REACHABLE_COLLISION","src/core/feature_handlers.cpp:1405;src/core/feature_handlers.h:106","PRODUCT|src/core/feature_handlers.cpp:1405|& | PRODUCT|src/core/feature_handlers.h:106|&"
"HandleChatMessageRenderer","3","0","4","3","4","0","0","1","REACHABLE_COLLISION","src/core/command_handlers_comprehensive.cpp:1113;src/core/rawrengine_command_handlers.cpp:220;src/core/win32ide_handler_impls.cpp:72","PRODUCT|src/core/command_handlers_comprehensive.cpp:1113|& | PRODUCT|src/core/command_registry.hpp:922|& | PRODUCT|src/core/rawrengine_command_handlers.cpp:220|&"
"HandleChatPanel","3","0","4","3","4","0","0","1","REACHABLE_COLLISION","src/core/command_handlers_comprehensive.cpp:1057;src/core/rawrengine_command_handlers.cpp:243;src/core/win32ide_handler_impls.cpp:73","PRODUCT|src/core/command_handlers_comprehensive.cpp:1057|& | PRODUCT|src/core/command_registry.hpp:924|& | PRODUCT|src/core/rawrengine_command_handlers.cpp:243|&"
"handleCodebaseIndex","1","0","1","0","1","0","0","1","REAL_REACHABLE_SINGLE","src/core/ssot_handlers_ext.cpp:27056","PRODUCT|src/core/ssot_handlers_ext.cpp:27056|&"
"handleCodebaseSearch","1","0","1","0","1","0","0","1","REAL_REACHABLE_SINGLE","src/core/ssot_handlers_ext.cpp:27080","PRODUCT|src/core/ssot_handlers_ext.cpp:27080|&"
"handleCommandIdSelfTest","1","0","1","1","1","0","0","1","REAL_REACHABLE_SINGLE","src/core/command_id_validator.cpp:184","PRODUCT|src/core/command_id_validator.cpp:184|&"
"handleConfidence","2","0","2","0","2","0","0","1","REACHABLE_COLLISION","src/core/feature_handlers.cpp:2545;src/core/feature_handlers.h:158","PRODUCT|src/core/feature_handlers.cpp:2545|& | PRODUCT|src/core/feature_handlers.h:158|&"
"handleConfidenceSetPolicy","6","0","6","2","8","0","0","1","REACHABLE_COLLISION","src/core/auto_feature_real_impl.cpp:2582;src/core/command_handlers_comprehensive.cpp:296;src/core/feature_handlers.h:328;src/core/ssot_handlers.cpp:2857;src/core/ssot_handlers_ext.cpp:20193;src/core/win32ide_handler_impls.cpp:74","PRODUCT|src/core/auto_feature_real_impl.cpp:2582|& | PRODUCT|src/core/auto_feature_registry.cpp:6382|IDM_ | PRODUCT|src/core/command_handlers_comprehensive.cpp:296|&"
"handleConfidenceStatus","6","0","6","2","8","0","0","1","REACHABLE_COLLISION","src/core/auto_feature_real_impl.cpp:2592;src/core/command_handlers_comprehensive.cpp:300;src/core/feature_handlers.h:327;src/core/ssot_handlers.cpp:2881;src/core/ssot_handlers_ext.cpp:20176;src/core/win32ide_handler_impls.cpp:75","PRODUCT|src/core/auto_feature_real_impl.cpp:2592|& | PRODUCT|src/core/auto_feature_registry.cpp:6379|IDM_ | PRODUCT|src/core/command_handlers_comprehensive.cpp:300|&"
"HandleConsentPrompt","3","0","4","3","4","0","0","1","REACHABLE_COLLISION","src/core/command_handlers_comprehensive.cpp:1062;src/core/rawrengine_command_handlers.cpp:188;src/core/win32ide_handler_impls.cpp:76","PRODUCT|src/core/command_handlers_comprehensive.cpp:1062|& | PRODUCT|src/core/command_registry.hpp:917|& | PRODUCT|src/core/rawrengine_command_handlers.cpp:188|&"
"handleCOT","3","0","3","1","4","0","0","1","REACHABLE_COLLISION","src/core/feature_handlers.cpp:3439;src/core/feature_handlers.h:501;src/core/win32ide_handler_impls.cpp:77","PRODUCT|src/core/command_registry.hpp:690|CMD_ | PRODUCT|src/core/feature_handlers.cpp:3439|& | PRODUCT|src/core/feature_handlers.h:501|&"
"HandleCursorParityBridge","3","0","3","3","4","0","0","1","REACHABLE_COLLISION","src/core/command_handlers_comprehensive.cpp:1067;src/core/rawrengine_command_handlers.cpp:61;src/core/win32ide_handler_impls.cpp:78","PRODUCT|src/core/command_handlers_comprehensive.cpp:1067|& | PRODUCT|src/core/command_registry.hpp:894|CMD_ | PRODUCT|src/core/rawrengine_command_handlers.cpp:61|&"
"handleDbgAddBp","6","0","6","2","8","0","0","1","REACHABLE_COLLISION","src/core/auto_feature_real_impl.cpp:2597;src/core/command_handlers_comprehensive.cpp:305;src/core/feature_handlers.h:385;src/core/ssot_handlers.cpp:2893;src/core/ssot_handlers_ext.cpp:20737;src/core/win32ide_handler_impls.cpp:79","PRODUCT|src/core/auto_feature_real_impl.cpp:2597|& | PRODUCT|src/core/auto_feature_registry.cpp:6414|IDM_ | PRODUCT|src/core/command_handlers_comprehensive.cpp:305|&"
"handleDbgAddWatch","6","1","6","3","8","0","0","1","REACHABLE_COLLISION","src/core/auto_feature_real_impl.cpp:2607;src/core/command_handlers_comprehensive.cpp:309;src/core/feature_handlers.h:390;src/core/ssot_handlers.cpp:2900;src/core/ssot_handlers_ext.cpp:20824;src/core/win32ide_handler_impls.cpp:80","PRODUCT|src/core/auto_feature_real_impl.cpp:2607|& | PRODUCT|src/core/auto_feature_registry.cpp:6429|\bRegister\w*\s*\( | PRODUCT|src/core/command_handlers_comprehensive.cpp:309|&"
"handleDbgAttach","6","0","6","2","8","0","0","1","REACHABLE_COLLISION","src/core/auto_feature_real_impl.cpp:2617;src/core/command_handlers_comprehensive.cpp:313;src/core/feature_handlers.h:377;src/core/ssot_handlers.cpp:2907;src/core/ssot_handlers_ext.cpp:20620;src/core/win32ide_handler_impls.cpp:81","PRODUCT|src/core/auto_feature_real_impl.cpp:2617|& | PRODUCT|src/core/auto_feature_registry.cpp:6390|IDM_ | PRODUCT|src/core/command_handlers_comprehensive.cpp:313|&"
"handleDbgBreak","6","0","6","2","8","0","0","1","REACHABLE_COLLISION","src/core/auto_feature_real_impl.cpp:2627;src/core/command_handlers_comprehensive.cpp:317;src/core/feature_handlers.h:383;src/core/ssot_handlers.cpp:2914;src/core/ssot_handlers_ext.cpp:20709;src/core/win32ide_handler_impls.cpp:82","PRODUCT|src/core/auto_feature_real_impl.cpp:2627|& | PRODUCT|src/core/auto_feature_registry.cpp:6408|IDM_ | PRODUCT|src/core/command_handlers_comprehensive.cpp:317|&"
"handleDbgClearBps","6","0","6","2","8","0","0","1","REACHABLE_COLLISION","src/core/auto_feature_real_impl.cpp:2632;src/core/command_handlers_comprehensive.cpp:321;src/core/feature_handlers.h:388;src/core/ssot_handlers.cpp:2921;src/core/ssot_handlers_ext.cpp:20794;src/core/win32ide_handler_impls.cpp:83","PRODUCT|src/core/auto_feature_real_impl.cpp:2632|& | PRODUCT|src/core/auto_feature_registry.cpp:6423|IDM_ | PRODUCT|src/core/command_handlers_comprehensive.cpp:321|&"
"handleDbgDetach","6","0","6","2","8","0","0","1","REACHABLE_COLLISION","src/core/auto_feature_real_impl.cpp:2637;src/core/command_handlers_comprehensive.cpp:325;src/core/feature_handlers.h:378;src/core/ssot_handlers.cpp:2928;src/core/ssot_handlers_ext.cpp:20639;src/core/win32ide_handler_impls.cpp:84","PRODUCT|src/core/auto_feature_real_impl.cpp:2637|& | PRODUCT|src/core/auto_feature_registry.cpp:6393|IDM_ | PRODUCT|src/core/command_handlers_comprehensive.cpp:325|&"
"handleDbgDisasm","6","0","6","2","8","0","0","1","REACHABLE_COLLISION","src/core/auto_feature_real_impl.cpp:2642;src/core/command_handlers_comprehensive.cpp:329;src/core/feature_handlers.h:395;src/core/ssot_handlers.cpp:2935;src/core/ssot_handlers_ext.cpp:20914;src/core/win32ide_handler_impls.cpp:85","PRODUCT|src/core/auto_feature_real_impl.cpp:2642|& | PRODUCT|src/core/auto_feature_registry.cpp:6444|IDM_ | PRODUCT|src/core/command_handlers_comprehensive.cpp:329|&"
"handleDbgEnableBp","6","0","6","2","8","0","0","1","REACHABLE_COLLISION","src/core/auto_feature_real_impl.cpp:2652;src/core/command_handlers_comprehensive.cpp:333;src/core/feature_handlers.h:387;src/core/ssot_handlers.cpp:2942;src/core/ssot_handlers_ext.cpp:20775;src/core/win32ide_handler_impls.cpp:86","PRODUCT|src/core/auto_feature_real_impl.cpp:2652|& | PRODUCT|src/core/auto_feature_registry.cpp:6420|IDM_ | PRODUCT|src/core/command_handlers_comprehensive.cpp:333|&"
"handleDbgEvaluate","6","1","6","3","8","0","0","1","REACHABLE_COLLISION","src/core/auto_feature_real_impl.cpp:2662;src/core/command_handlers_comprehensive.cpp:337;src/core/feature_handlers.h:399;src/core/ssot_handlers.cpp:2949;src/core/ssot_handlers_ext.cpp:20981;src/core/win32ide_handler_impls.cpp:87","PRODUCT|src/core/auto_feature_real_impl.cpp:2662|& | PRODUCT|src/core/auto_feature_registry.cpp:6456|\bRegister\w*\s*\( | PRODUCT|src/core/command_handlers_comprehensive.cpp:337|&"
"handleDbgGo","6","0","6","2","8","0","0","1","REACHABLE_COLLISION","src/core/auto_feature_real_impl.cpp:2672;src/core/command_handlers_comprehensive.cpp:341;src/core/feature_handlers.h:379;src/core/ssot_handlers.cpp:2956;src/core/ssot_handlers_ext.cpp:20653;src/core/win32ide_handler_impls.cpp:88","PRODUCT|src/core/auto_feature_real_impl.cpp:2672|& | PRODUCT|src/core/auto_feature_registry.cpp:6396|IDM_ | PRODUCT|src/core/command_handlers_comprehensive.cpp:341|&"
"handleDbgKill","6","0","6","2","8","0","0","1","REACHABLE_COLLISION","src/core/auto_feature_real_impl.cpp:2677;src/core/command_handlers_comprehensive.cpp:345;src/core/feature_handlers.h:384;src/core/ssot_handlers.cpp:2963;src/core/ssot_handlers_ext.cpp:20723;src/core/win32ide_handler_impls.cpp:89","PRODUCT|src/core/auto_feature_real_impl.cpp:2677|& | PRODUCT|src/core/auto_feature_registry.cpp:6411|IDM_ | PRODUCT|src/core/command_handlers_comprehensive.cpp:345|&"
"handleDbgLaunch","6","0","6","2","8","0","0","1","REACHABLE_COLLISION","src/core/auto_feature_real_impl.cpp:2682;src/core/command_handlers_comprehensive.cpp:349;src/core/feature_handlers.h:376;src/core/ssot_handlers.cpp:2970;src/core/ssot_handlers_ext.cpp:20606;src/core/win32ide_handler_impls.cpp:90","PRODUCT|src/core/auto_feature_real_impl.cpp:2682|& | PRODUCT|src/core/auto_feature_registry.cpp:6387|IDM_ | PRODUCT|src/core/command_handlers_comprehensive.cpp:349|&"
"handleDbgListBps","6","0","6","2","8","0","0","1","REACHABLE_COLLISION","src/core/auto_feature_real_impl.cpp:2692;src/core/command_handlers_comprehensive.cpp:353;src/core/feature_handlers.h:389;src/core/ssot_handlers.cpp:2977;src/core/ssot_handlers_ext.cpp:20808;src/core/win32ide_handler_impls.cpp:91","PRODUCT|src/core/auto_feature_real_impl.cpp:2692|& | PRODUCT|src/core/auto_feature_registry.cpp:6426|IDM_ | PRODUCT|src/core/command_handlers_comprehensive.cpp:353|&"
"handleDbgMemory","6","0","6","2","8","0","0","1","REACHABLE_COLLISION","src/core/auto_feature_real_impl.cpp:2697;src/core/command_handlers_comprehensive.cpp:357;src/core/feature_handlers.h:394;src/core/ssot_handlers.cpp:2984;src/core/ssot_handlers_ext.cpp:20894;src/core/win32ide_handler_impls.cpp:92","PRODUCT|src/core/auto_feature_real_impl.cpp:2697|& | PRODUCT|src/core/auto_feature_registry.cpp:6441|IDM_ | PRODUCT|src/core/command_handlers_comprehensive.cpp:357|&"
"handleDbgModules","6","0","6","2","8","0","0","1","REACHABLE_COLLISION","src/core/auto_feature_real_impl.cpp:2707;src/core/command_handlers_comprehensive.cpp:361;src/core/feature_handlers.h:396;src/core/ssot_handlers.cpp:2991;src/core/ssot_handlers_ext.cpp:20930;src/core/win32ide_handler_impls.cpp:93","PRODUCT|src/core/auto_feature_real_impl.cpp:2707|& | PRODUCT|src/core/auto_feature_registry.cpp:6447|IDM_ | PRODUCT|src/core/command_handlers_comprehensive.cpp:361|&"
"handleDbgRegisters","6","1","6","3","8","0","0","1","REACHABLE_COLLISION","src/core/auto_feature_real_impl.cpp:2712;src/core/command_handlers_comprehensive.cpp:365;src/core/feature_handlers.h:392;src/core/ssot_handlers.cpp:2998;src/core/ssot_handlers_ext.cpp:20862;src/core/win32ide_handler_impls.cpp:94","PRODUCT|src/core/auto_feature_real_impl.cpp:2712|& | PRODUCT|src/core/auto_feature_registry.cpp:6435|\bRegister\w*\s*\( | PRODUCT|src/core/command_handlers_comprehensive.cpp:365|&"
"handleDbgRemoveBp","6","0","6","2","8","0","0","1","REACHABLE_COLLISION","src/core/auto_feature_real_impl.cpp:2717;src/core/command_handlers_comprehensive.cpp:369;src/core/feature_handlers.h:386;src/core/ssot_handlers.cpp:3005;src/core/ssot_handlers_ext.cpp:20756;src/core/win32ide_handler_impls.cpp:95","PRODUCT|src/core/auto_feature_real_impl.cpp:2717|& | PRODUCT|src/core/auto_feature_registry.cpp:6417|IDM_ | PRODUCT|src/core/command_handlers_comprehensive.cpp:369|&"
"handleDbgRemoveWatch","6","1","6","3","8","0","0","1","REACHABLE_COLLISION","src/core/auto_feature_real_impl.cpp:2727;src/core/command_handlers_comprehensive.cpp:373;src/core/feature_handlers.h:391;src/core/ssot_handlers.cpp:3012;src/core/ssot_handlers_ext.cpp:20843;src/core/win32ide_handler_impls.cpp:96","PRODUCT|src/core/auto_feature_real_impl.cpp:2727|& | PRODUCT|src/core/auto_feature_registry.cpp:6432|\bRegister\w*\s*\( | PRODUCT|src/core/command_handlers_comprehensive.cpp:373|&"
"handleDbgSearchMemory","6","0","6","2","8","0","0","1","REACHABLE_COLLISION","src/core/auto_feature_real_impl.cpp:2737;src/core/command_handlers_comprehensive.cpp:377;src/core/feature_handlers.h:401;src/core/ssot_handlers.cpp:3019;src/core/ssot_handlers_ext.cpp:21020;src/core/win32ide_handler_impls.cpp:97","PRODUCT|src/core/auto_feature_real_impl.cpp:2737|& | PRODUCT|src/core/auto_feature_registry.cpp:6462|IDM_ | PRODUCT|src/core/command_handlers_comprehensive.cpp:377|&"
"handleDbgSetRegister","6","1","6","3","8","0","0","1","REACHABLE_COLLISION","src/core/auto_feature_real_impl.cpp:2747;src/core/command_handlers_comprehensive.cpp:381;src/core/feature_handlers.h:400;src/core/ssot_handlers.cpp:3026;src/core/ssot_handlers_ext.cpp:21000;src/core/win32ide_handler_impls.cpp:98","PRODUCT|src/core/auto_feature_real_impl.cpp:2747|& | PRODUCT|src/core/auto_feature_registry.cpp:6459|\bRegister\w*\s*\( | PRODUCT|src/core/command_handlers_comprehensive.cpp:381|&"
"handleDbgStack","6","0","6","2","8","0","0","1","REACHABLE_COLLISION","src/core/auto_feature_real_impl.cpp:2757;src/core/command_handlers_comprehensive.cpp:385;src/core/feature_handlers.h:393;src/core/ssot_handlers.cpp:3033;src/core/ssot_handlers_ext.cpp:20878;src/core/win32ide_handler_impls.cpp:99","PRODUCT|src/core/auto_feature_real_impl.cpp:2757|& | PRODUCT|src/core/auto_feature_registry.cpp:6438|IDM_ | PRODUCT|src/core/command_handlers_comprehensive.cpp:385|&"
"handleDbgStatus","6","0","6","2","8","0","0","1","REACHABLE_COLLISION","src/core/auto_feature_real_impl.cpp:2762;src/core/command_handlers_comprehensive.cpp:389;src/core/feature_handlers.h:403;src/core/ssot_handlers.cpp:3040;src/core/ssot_handlers_ext.cpp:21059;src/core/win32ide_handler_impls.cpp:100","PRODUCT|src/core/auto_feature_real_impl.cpp:2762|& | PRODUCT|src/core/auto_feature_registry.cpp:6468|IDM_ | PRODUCT|src/core/command_handlers_comprehensive.cpp:389|&"
"handleDbgStepInto","6","0","6","2","8","0","0","1","REACHABLE_COLLISION","src/core/auto_feature_real_impl.cpp:2767;src/core/command_handlers_comprehensive.cpp:393;src/core/feature_handlers.h:381;src/core/ssot_handlers.cpp:3047;src/core/ssot_handlers_ext.cpp:20681;src/core/win32ide_handler_impls.cpp:101","PRODUCT|src/core/auto_feature_real_impl.cpp:2767|& | PRODUCT|src/core/auto_feature_registry.cpp:6402|IDM_ | PRODUCT|src/core/command_handlers_comprehensive.cpp:393|&"
"handleDbgStepOut","6","0","6","2","8","0","0","1","REACHABLE_COLLISION","src/core/auto_feature_real_impl.cpp:2772;src/core/command_handlers_comprehensive.cpp:397;src/core/feature_handlers.h:382;src/core/ssot_handlers.cpp:3054;src/core/ssot_handlers_ext.cpp:20695;src/core/win32ide_handler_impls.cpp:102","PRODUCT|src/core/auto_feature_real_impl.cpp:2772|& | PRODUCT|src/core/auto_feature_registry.cpp:6405|IDM_ | PRODUCT|src/core/command_handlers_comprehensive.cpp:397|&"
"handleDbgStepOver","6","0","6","2","8","0","0","1","REACHABLE_COLLISION","src/core/auto_feature_real_impl.cpp:2777;src/core/command_handlers_comprehensive.cpp:401;src/core/feature_handlers.h:380;src/core/ssot_handlers.cpp:3061;src/core/ssot_handlers_ext.cpp:20667;src/core/win32ide_handler_impls.cpp:103","PRODUCT|src/core/auto_feature_real_impl.cpp:2777|& | PRODUCT|src/core/auto_feature_registry.cpp:6399|IDM_ | PRODUCT|src/core/command_handlers_comprehensive.cpp:401|&"
"handleDbgSwitchThread","6","1","6","3","8","0","0","1","REACHABLE_COLLISION","src/core/auto_feature_real_impl.cpp:2782;src/core/command_handlers_comprehensive.cpp:405;src/core/feature_handlers.h:398;src/core/ssot_handlers.cpp:3068;src/core/ssot_handlers_ext.cpp:20962;src/core/win32ide_handler_impls.cpp:104","PRODUCT|src/core/auto_feature_real_impl.cpp:2782|& | PRODUCT|src/core/auto_feature_registry.cpp:6453|\bRegister\w*\s*\( | PRODUCT|src/core/command_handlers_comprehensive.cpp:405|&"
"handleDbgSymbolPath","6","0","6","2","8","0","0","1","REACHABLE_COLLISION","src/core/auto_feature_real_impl.cpp:2792;src/core/command_handlers_comprehensive.cpp:409;src/core/feature_handlers.h:402;src/core/ssot_handlers.cpp:3075;src/core/ssot_handlers_ext.cpp:21040;src/core/win32ide_handler_impls.cpp:105","PRODUCT|src/core/auto_feature_real_impl.cpp:2792|& | PRODUCT|src/core/auto_feature_registry.cpp:6465|IDM_ | PRODUCT|src/core/command_handlers_comprehensive.cpp:409|&"
"handleDbgThreads","6","0","6","2","8","0","0","1","REACHABLE_COLLISION","src/core/auto_feature_real_impl.cpp:2802;src/core/command_handlers_comprehensive.cpp:413;src/core/feature_handlers.h:397;src/core/ssot_handlers.cpp:3082;src/core/ssot_handlers_ext.cpp:20946;src/core/win32ide_handler_impls.cpp:106","PRODUCT|src/core/auto_feature_real_impl.cpp:2802|& | PRODUCT|src/core/auto_feature_registry.cpp:6450|IDM_ | PRODUCT|src/core/command_handlers_comprehensive.cpp:413|&"
"handleDebugAddConfig","1","0","1","0","1","0","0","1","REAL_REACHABLE_SINGLE","src/core/ssot_handlers_ext.cpp:26522","PRODUCT|src/core/ssot_handlers_ext.cpp:26522|&"
"handleDebugAttach","1","0","1","0","1","0","0","1","REAL_REACHABLE_SINGLE","src/core/ssot_handlers_ext.cpp:26460","PRODUCT|src/core/ssot_handlers_ext.cpp:26460|&"
"handleDebugCallStack","1","0","1","0","1","0","0","1","REAL_REACHABLE_SINGLE","src/core/ssot_handlers_ext.cpp:26319","PRODUCT|src/core/ssot_handlers_ext.cpp:26319|&"
"handleDebugClearBreakpoints","1","0","1","0","1","0","0","1","REAL_REACHABLE_SINGLE","src/core/ssot_handlers_ext.cpp:26180","PRODUCT|src/core/ssot_handlers_ext.cpp:26180|&"
"handleDebugConfigure","1","0","1","0","1","0","0","1","REAL_REACHABLE_SINGLE","src/core/ssot_handlers_ext.cpp:26508","PRODUCT|src/core/ssot_handlers_ext.cpp:26508|&"
"handleDebugConsole","1","0","1","0","1","0","0","1","REAL_REACHABLE_SINGLE","src/core/ssot_handlers_ext.cpp:26446","PRODUCT|src/core/ssot_handlers_ext.cpp:26446|&"
"handleDebugContinue","2","0","2","0","2","0","0","1","REACHABLE_COLLISION","src/core/feature_handlers.cpp:1330;src/core/feature_handlers.h:103","PRODUCT|src/core/feature_handlers.cpp:1330|& | PRODUCT|src/core/feature_handlers.h:103|&"
"handleDebugDetach","1","0","1","0","1","0","0","1","REAL_REACHABLE_SINGLE","src/core/ssot_handlers_ext.cpp:26488","PRODUCT|src/core/ssot_handlers_ext.cpp:26488|&"
"handleDebugDisassemble","1","0","1","0","1","0","0","1","REAL_REACHABLE_SINGLE","src/core/ssot_handlers_ext.cpp:26345","PRODUCT|src/core/ssot_handlers_ext.cpp:26345|&"
"handleDebugExceptions","1","0","1","0","1","0","0","1","REAL_REACHABLE_SINGLE","src/core/ssot_handlers_ext.cpp:26429","PRODUCT|src/core/ssot_handlers_ext.cpp:26429|&"
"handleDebugListConfigs","1","0","1","0","1","0","0","1","REAL_REACHABLE_SINGLE","src/core/ssot_handlers_ext.cpp:26579","PRODUCT|src/core/ssot_handlers_ext.cpp:26579|&"
"handleDebugMemory","1","0","1","0","1","0","0","1","REAL_REACHABLE_SINGLE","src/core/ssot_handlers_ext.cpp:26362","PRODUCT|src/core/ssot_handlers_ext.cpp:26362|&"
"handleDebugModules","1","0","1","0","1","0","0","1","REAL_REACHABLE_SINGLE","src/core/ssot_handlers_ext.cpp:26412","PRODUCT|src/core/ssot_handlers_ext.cpp:26412|&"
"handleDebugPause","1","0","1","0","1","0","0","1","REAL_REACHABLE_SINGLE","src/core/ssot_handlers_ext.cpp:26108","PRODUCT|src/core/ssot_handlers_ext.cpp:26108|&"
"handleDebugQuickWatch","1","0","1","0","1","0","0","1","REAL_REACHABLE_SINGLE","src/core/ssot_handlers_ext.cpp:26596","PRODUCT|src/core/ssot_handlers_ext.cpp:26596|&"
"handleDebugRegisters","1","0","1","0","1","0","0","1","REAL_REACHABLE_SINGLE","src/core/ssot_handlers_ext.cpp:26378","PRODUCT|src/core/ssot_handlers_ext.cpp:26378|&"
"handleDebugRemoveConfig","1","0","1","0","1","0","0","1","REAL_REACHABLE_SINGLE","src/core/ssot_handlers_ext.cpp:26541","PRODUCT|src/core/ssot_handlers_ext.cpp:26541|&"
"handleDebugRestart","1","0","1","0","1","0","0","1","REAL_REACHABLE_SINGLE","src/core/ssot_handlers_ext.cpp:25976","PRODUCT|src/core/ssot_handlers_ext.cpp:25976|&"
"handleDebugSelectConfig","1","0","1","0","1","0","0","1","REAL_REACHABLE_SINGLE","src/core/ssot_handlers_ext.cpp:26560","PRODUCT|src/core/ssot_handlers_ext.cpp:26560|&"
"handleDebugStart","2","0","2","0","2","0","0","1","REACHABLE_COLLISION","src/core/feature_handlers.cpp:1253;src/core/feature_handlers.h:100","PRODUCT|src/core/feature_handlers.cpp:1253|& | PRODUCT|src/core/feature_handlers.h:100|&"
"handleDebugStep","2","0","2","0","2","0","0","1","REACHABLE_COLLISION","src/core/feature_handlers.cpp:1308;src/core/feature_handlers.h:102","PRODUCT|src/core/feature_handlers.cpp:1308|& | PRODUCT|src/core/feature_handlers.h:102|&"
"handleDebugStepInto","1","0","1","0","1","0","0","1","REAL_REACHABLE_SINGLE","src/core/ssot_handlers_ext.cpp:26024","PRODUCT|src/core/ssot_handlers_ext.cpp:26024|&"
"handleDebugStepOut","1","0","1","0","1","0","0","1","REAL_REACHABLE_SINGLE","src/core/ssot_handlers_ext.cpp:26064","PRODUCT|src/core/ssot_handlers_ext.cpp:26064|&"
"handleDebugStepOver","1","0","1","0","1","0","0","1","REAL_REACHABLE_SINGLE","src/core/ssot_handlers_ext.cpp:25990","PRODUCT|src/core/ssot_handlers_ext.cpp:25990|&"
"handleDebugStop","2","0","2","0","2","0","0","1","REACHABLE_COLLISION","src/core/feature_handlers.cpp:1285;src/core/feature_handlers.h:101","PRODUCT|src/core/feature_handlers.cpp:1285|& | PRODUCT|src/core/feature_handlers.h:101|&"
"handleDebugThreads","1","0","1","0","1","0","0","1","REAL_REACHABLE_SINGLE","src/core/ssot_handlers_ext.cpp:26396","PRODUCT|src/core/ssot_handlers_ext.cpp:26396|&"
"handleDebugToggleBreakpoint","1","0","1","0","1","0","0","1","REAL_REACHABLE_SINGLE","src/core/ssot_handlers_ext.cpp:26122","PRODUCT|src/core/ssot_handlers_ext.cpp:26122|&"
"handleDebugVariables","1","0","1","0","1","0","0","1","REAL_REACHABLE_SINGLE","src/core/ssot_handlers_ext.cpp:26199","PRODUCT|src/core/ssot_handlers_ext.cpp:26199|&"
"handleDebugWatch","1","0","1","0","1","0","0","1","REAL_REACHABLE_SINGLE","src/core/ssot_handlers_ext.cpp:26248","PRODUCT|src/core/ssot_handlers_ext.cpp:26248|&"
"handleDecompCopyAll","5","0","6","1","8","0","0","1","REACHABLE_COLLISION","src/core/auto_feature_real_impl.cpp:689;src/core/auto_feature_registry.cpp:1630;src/core/auto_feature_registry.hpp:93;src/core/ssot_handlers_ext.cpp:8921;src/core/ssot_handlers_ext_dedicated.cpp:739","PRODUCT|src/core/auto_feature_real_impl.cpp:689|& | PRODUCT|src/core/auto_feature_registry.cpp:1630|& | PRODUCT|src/core/auto_feature_registry.cpp:6485|IDM_"
"handleDecompCopyLine","5","0","6","1","8","0","0","1","REACHABLE_COLLISION","src/core/auto_feature_real_impl.cpp:694;src/core/auto_feature_registry.cpp:1640;src/core/auto_feature_registry.hpp:94;src/core/ssot_handlers_ext.cpp:8888;src/core/ssot_handlers_ext_dedicated.cpp:712","PRODUCT|src/core/auto_feature_real_impl.cpp:694|& | PRODUCT|src/core/auto_feature_registry.cpp:1640|& | PRODUCT|src/core/auto_feature_registry.cpp:6482|IDM_"
"handleDecompFindRefs","5","0","6","1","8","0","0","1","REACHABLE_COLLISION","src/core/auto_feature_real_impl.cpp:699;src/core/auto_feature_registry.cpp:1646;src/core/auto_feature_registry.hpp:95;src/core/ssot_handlers_ext.cpp:8849;src/core/ssot_handlers_ext_dedicated.cpp:679","PRODUCT|src/core/auto_feature_real_impl.cpp:699|& | PRODUCT|src/core/auto_feature_registry.cpp:1646|& | PRODUCT|src/core/auto_feature_registry.cpp:6479|IDM_"
"handleDecompGotoAddr","6","0","6","1","8","0","0","1","REACHABLE_COLLISION","src/core/auto_feature_real_impl.cpp:705;src/core/auto_feature_registry.cpp:1661;src/core/auto_feature_registry.hpp:96;src/core/ssot_handlers_ext.cpp:8933;src/core/ssot_handlers_ext_dedicated.cpp:750;src/core/ssot_handlers_ext_isolated.cpp:142","PRODUCT|src/core/auto_feature_real_impl.cpp:705|& | PRODUCT|src/core/auto_feature_registry.cpp:1661|& | PRODUCT|src/core/auto_feature_registry.cpp:6488|IDM_"
"handleDecompGotoDef","6","0","6","1","8","0","0","1","REACHABLE_COLLISION","src/core/auto_feature_real_impl.cpp:715;src/core/auto_feature_registry.cpp:1676;src/core/auto_feature_registry.hpp:97;src/core/ssot_handlers_ext.cpp:8816;src/core/ssot_handlers_ext_dedicated.cpp:651;src/core/ssot_handlers_ext_isolated.cpp:140","PRODUCT|src/core/auto_feature_real_impl.cpp:715|& | PRODUCT|src/core/auto_feature_registry.cpp:1676|& | PRODUCT|src/core/auto_feature_registry.cpp:6476|IDM_"
"handleDecompRenameVar","6","0","6","1","8","0","0","1","REACHABLE_COLLISION","src/core/auto_feature_real_impl.cpp:721;src/core/auto_feature_registry.cpp:1682;src/core/auto_feature_registry.hpp:98;src/core/ssot_handlers_ext.cpp:8760;src/core/ssot_handlers_ext_dedicated.cpp:604;src/core/ssot_handlers_ext_isolated.cpp:139","PRODUCT|src/core/auto_feature_real_impl.cpp:721|& | PRODUCT|src/core/auto_feature_registry.cpp:1682|& | PRODUCT|src/core/auto_feature_registry.cpp:6473|IDM_"
"handleDiskListDrives","6","0","6","2","7","0","0","1","REACHABLE_COLLISION","src/core/auto_feature_real_impl.cpp:2807;src/core/command_handlers_comprehensive.cpp:56;src/core/feature_handlers.h:450;src/core/ssot_handlers.cpp:3089;src/core/ssot_handlers_ext.cpp:7727;src/core/win32ide_handler_impls.cpp:107","PRODUCT|src/core/auto_feature_real_impl.cpp:2807|& | PRODUCT|src/core/command_handlers_comprehensive.cpp:56|& | PRODUCT|src/core/command_registry.hpp:841|CMD_"
"handleDiskScanPartitions","6","0","6","2","7","0","0","1","REACHABLE_COLLISION","src/core/auto_feature_real_impl.cpp:2812;src/core/command_handlers_comprehensive.cpp:61;src/core/feature_handlers.h:451;src/core/ssot_handlers.cpp:3118;src/core/ssot_handlers_ext.cpp:7793;src/core/win32ide_handler_impls.cpp:108","PRODUCT|src/core/auto_feature_real_impl.cpp:2812|& | PRODUCT|src/core/command_handlers_comprehensive.cpp:61|& | PRODUCT|src/core/command_registry.hpp:842|CMD_"
"handleEditClipboardHist","6","0","6","2","7","0","0","1","REACHABLE_COLLISION","src/core/auto_feature_real_impl.cpp:2819;src/core/command_handlers_comprehensive.cpp:418;src/core/ssot_handlers.cpp:5629;src/core/ssot_handlers.h:29;src/core/ssot_handlers_ext.cpp:25188;src/core/win32ide_handler_impls.cpp:109","PRODUCT|src/core/auto_feature_real_impl.cpp:2819|& | PRODUCT|src/core/command_handlers_comprehensive.cpp:418|& | PRODUCT|src/core/command_registry.hpp:113|CMD_"
"handleEditClipboardHistory","4","0","4","0","5","0","0","1","REACHABLE_COLLISION","src/core/auto_feature_real_impl.cpp:734;src/core/auto_feature_real_impl.cpp:4091;src/core/auto_feature_registry.cpp:1695;src/core/auto_feature_registry.hpp:99","PRODUCT|src/core/auto_feature_real_impl.cpp:734|& | PRODUCT|src/core/auto_feature_real_impl.cpp:4091|& | PRODUCT|src/core/auto_feature_registry.cpp:1695|&"
"handleEditCopy","3","0","3","3","6","0","0","1","REACHABLE_COLLISION","src/core/feature_handlers.cpp:552;src/core/feature_handlers.h:41;src/core/gold_command_providers.cpp:171","PRODUCT|src/core/auto_feature_registry.cpp:6517|IDM_ | PRODUCT|src/core/command_registry.hpp:105|CMD_ | PRODUCT|src/core/command_registry.hpp:660|CMD_"
"handleEditCopyFormat","7","0","7","1","9","0","0","1","REACHABLE_COLLISION","src/core/auto_feature_real_impl.cpp:739;src/core/auto_feature_real_impl.cpp:4096;src/core/auto_feature_registry.cpp:1720;src/core/auto_feature_registry.hpp:100;src/core/ssot_handlers.cpp:5612;src/core/ssot_handlers.h:27","PRODUCT|src/core/auto_feature_real_impl.cpp:739|& | PRODUCT|src/core/auto_feature_real_impl.cpp:4096|& | PRODUCT|src/core/auto_feature_registry.cpp:1720|&"
"handleEditCut","3","0","3","3","6","0","0","1","REACHABLE_COLLISION","src/core/feature_handlers.cpp:541;src/core/feature_handlers.h:40;src/core/gold_command_providers.cpp:170","PRODUCT|src/core/auto_feature_registry.cpp:6514|IDM_ | PRODUCT|src/core/command_registry.hpp:104|CMD_ | PRODUCT|src/core/command_registry.hpp:659|IDM_"
"handleEditFind","3","0","3","2","5","0","0","1","REACHABLE_COLLISION","src/core/feature_handlers.cpp:591;src/core/feature_handlers.h:43;src/core/gold_command_providers.cpp:174","PRODUCT|src/core/auto_feature_registry.cpp:6535|IDM_ | PRODUCT|src/core/command_registry.hpp:115|CMD_ | PRODUCT|src/core/feature_handlers.cpp:591|&"
"handleEditFindNext","7","0","7","1","9","0","0","1","REACHABLE_COLLISION","src/core/auto_feature_real_impl.cpp:744;src/core/auto_feature_real_impl.cpp:4101;src/core/auto_feature_registry.cpp:1726;src/core/auto_feature_registry.hpp:101;src/core/ssot_handlers.cpp:5638;src/core/ssot_handlers.h:30","PRODUCT|src/core/auto_feature_real_impl.cpp:744|& | PRODUCT|src/core/auto_feature_real_impl.cpp:4101|& | PRODUCT|src/core/auto_feature_registry.cpp:1726|&"
"handleEditFindPrev","7","0","7","1","9","0","0","1","REACHABLE_COLLISION","src/core/auto_feature_real_impl.cpp:749;src/core/auto_feature_real_impl.cpp:4106;src/core/auto_feature_registry.cpp:1732;src/core/auto_feature_registry.hpp:102;src/core/ssot_handlers.cpp:5647;src/core/ssot_handlers.h:31","PRODUCT|src/core/auto_feature_real_impl.cpp:749|& | PRODUCT|src/core/auto_feature_real_impl.cpp:4106|& | PRODUCT|src/core/auto_feature_registry.cpp:1732|&"
"handleEditGotoLine","7","0","7","1","9","0","0","1","REACHABLE_COLLISION","src/core/auto_feature_real_impl.cpp:754;src/core/auto_feature_real_impl.cpp:4111;src/core/auto_feature_registry.cpp:1738;src/core/auto_feature_registry.hpp:103;src/core/ssot_handlers.cpp:3141;src/core/ssot_handlers_ext.cpp:25120","PRODUCT|src/core/auto_feature_real_impl.cpp:754|& | PRODUCT|src/core/auto_feature_real_impl.cpp:4111|& | PRODUCT|src/core/auto_feature_registry.cpp:1738|&"
"handleEditMulticursorAdd","7","0","7","1","9","0","0","1","REACHABLE_COLLISION","src/core/auto_feature_real_impl.cpp:764;src/core/auto_feature_real_impl.cpp:4121;src/core/auto_feature_registry.cpp:1752;src/core/auto_feature_registry.hpp:104;src/core/ssot_handlers.cpp:3152;src/core/ssot_handlers_ext.cpp:25208","PRODUCT|src/core/auto_feature_real_impl.cpp:764|& | PRODUCT|src/core/auto_feature_real_impl.cpp:4121|& | PRODUCT|src/core/auto_feature_registry.cpp:1752|&"
"handleEditMulticursorRemove","7","0","7","1","9","0","0","1","REACHABLE_COLLISION","src/core/auto_feature_real_impl.cpp:769;src/core/auto_feature_real_impl.cpp:4126;src/core/auto_feature_registry.cpp:1758;src/core/auto_feature_registry.hpp:105;src/core/ssot_handlers.cpp:3159;src/core/ssot_handlers_ext.cpp:25225","PRODUCT|src/core/auto_feature_real_impl.cpp:769|& | PRODUCT|src/core/auto_feature_real_impl.cpp:4126|& | PRODUCT|src/core/auto_feature_registry.cpp:1758|&"
"handleEditorCycle","6","0","6","2","7","0","0","1","REACHABLE_COLLISION","src/core/auto_feature_real_impl.cpp:2824;src/core/command_handlers_comprehensive.cpp:422;src/core/ssot_handlers.cpp:8238;src/core/ssot_handlers.h:189;src/core/ssot_handlers_ext.cpp:21915;src/core/win32ide_handler_impls.cpp:110","PRODUCT|src/core/auto_feature_real_impl.cpp:2824|& | PRODUCT|src/core/command_handlers_comprehensive.cpp:422|& | PRODUCT|src/core/command_registry.hpp:584|CMD_"
"handleEditorEngineCycleCmd","3","0","3","0","4","0","0","1","REACHABLE_COLLISION","src/core/auto_feature_real_impl.cpp:837;src/core/auto_feature_registry.cpp:1793;src/core/auto_feature_registry.hpp:109","PRODUCT|src/core/auto_feature_real_impl.cpp:837|& | PRODUCT|src/core/auto_feature_registry.cpp:1793|& | PRODUCT|src/core/auto_feature_registry.cpp:6558|IDM_"
"handleEditorEngineMonacocoreCmd","3","0","3","1","5","0","0","1","REACHABLE_COLLISION","src/core/auto_feature_real_impl.cpp:842;src/core/auto_feature_registry.cpp:1804;src/core/auto_feature_registry.hpp:110","PRODUCT|src/core/auto_feature_impl.cpp:150|\{ | PRODUCT|src/core/auto_feature_real_impl.cpp:842|& | PRODUCT|src/core/auto_feature_registry.cpp:1804|&"
"handleEditorEngineRicheditCmd","3","0","3","1","5","0","0","1","REACHABLE_COLLISION","src/core/auto_feature_real_impl.cpp:847;src/core/auto_feature_registry.cpp:1811;src/core/auto_feature_registry.hpp:111","PRODUCT|src/core/auto_feature_impl.cpp:152|\{ | PRODUCT|src/core/auto_feature_real_impl.cpp:847|& | PRODUCT|src/core/auto_feature_registry.cpp:1811|&"
"handleEditorEngineStatusCmd","3","0","3","1","5","0","0","1","REACHABLE_COLLISION","src/core/auto_feature_real_impl.cpp:852;src/core/auto_feature_registry.cpp:1818;src/core/auto_feature_registry.hpp:112","PRODUCT|src/core/auto_feature_impl.cpp:141|\{ | PRODUCT|src/core/auto_feature_real_impl.cpp:852|& | PRODUCT|src/core/auto_feature_registry.cpp:1818|&"
"handleEditorEngineWebview2Cmd","3","0","3","1","5","0","0","1","REACHABLE_COLLISION","src/core/auto_feature_real_impl.cpp:857;src/core/auto_feature_registry.cpp:1834;src/core/auto_feature_registry.hpp:113","PRODUCT|src/core/auto_feature_impl.cpp:154|\{ | PRODUCT|src/core/auto_feature_real_impl.cpp:857|& | PRODUCT|src/core/auto_feature_registry.cpp:1834|&"
"handleEditorMonacoCore","6","0","6","2","7","0","0","1","REACHABLE_COLLISION","src/core/auto_feature_real_impl.cpp:2829;src/core/command_handlers_comprehensive.cpp:426;src/core/ssot_handlers.cpp:8234;src/core/ssot_handlers.h:188;src/core/ssot_handlers_ext.cpp:21898;src/core/win32ide_handler_impls.cpp:111","PRODUCT|src/core/auto_feature_real_impl.cpp:2829|& | PRODUCT|src/core/command_handlers_comprehensive.cpp:426|& | PRODUCT|src/core/command_registry.hpp:582|CMD_"
"handleEditorRichEdit","6","0","6","2","7","0","0","1","REACHABLE_COLLISION","src/core/auto_feature_real_impl.cpp:2834;src/core/command_handlers_comprehensive.cpp:430;src/core/ssot_handlers.cpp:8226;src/core/ssot_handlers.h:186;src/core/ssot_handlers_ext.cpp:21864;src/core/win32ide_handler_impls.cpp:112","PRODUCT|src/core/auto_feature_real_impl.cpp:2834|& | PRODUCT|src/core/command_handlers_comprehensive.cpp:430|& | PRODUCT|src/core/command_registry.hpp:580|CMD_"
"handleEditorStatus","6","0","6","2","7","0","0","1","REACHABLE_COLLISION","src/core/auto_feature_real_impl.cpp:2839;src/core/command_handlers_comprehensive.cpp:434;src/core/ssot_handlers.cpp:8242;src/core/ssot_handlers.h:190;src/core/ssot_handlers_ext.cpp:21932;src/core/win32ide_handler_impls.cpp:113","PRODUCT|src/core/auto_feature_real_impl.cpp:2839|& | PRODUCT|src/core/command_handlers_comprehensive.cpp:434|& | PRODUCT|src/core/command_registry.hpp:585|CMD_"
"handleEditorWebView2","6","0","6","2","7","0","0","1","REACHABLE_COLLISION","src/core/auto_feature_real_impl.cpp:2844;src/core/command_handlers_comprehensive.cpp:438;src/core/ssot_handlers.cpp:8230;src/core/ssot_handlers.h:187;src/core/ssot_handlers_ext.cpp:21881;src/core/win32ide_handler_impls.cpp:114","PRODUCT|src/core/auto_feature_real_impl.cpp:2844|& | PRODUCT|src/core/command_handlers_comprehensive.cpp:438|& | PRODUCT|src/core/command_registry.hpp:581|CMD_"
"handleEditPaste","3","0","3","3","6","0","0","1","REACHABLE_COLLISION","src/core/feature_handlers.cpp:563;src/core/feature_handlers.h:42;src/core/gold_command_providers.cpp:172","PRODUCT|src/core/auto_feature_registry.cpp:6520|IDM_ | PRODUCT|src/core/command_registry.hpp:106|CMD_ | PRODUCT|src/core/command_registry.hpp:661|CMD_"
"handleEditPastePlain","7","0","7","1","9","0","0","1","REACHABLE_COLLISION","src/core/auto_feature_real_impl.cpp:774;src/core/auto_feature_real_impl.cpp:4131;src/core/auto_feature_registry.cpp:1764;src/core/auto_feature_registry.hpp:106;src/core/ssot_handlers.cpp:5620;src/core/ssot_handlers.h:28","PRODUCT|src/core/auto_feature_real_impl.cpp:774|& | PRODUCT|src/core/auto_feature_real_impl.cpp:4131|& | PRODUCT|src/core/auto_feature_registry.cpp:1764|&"
"handleEditRedo","3","0","3","3","6","0","0","1","REACHABLE_COLLISION","src/core/feature_handlers.cpp:530;src/core/feature_handlers.h:39;src/core/gold_command_providers.cpp:169","PRODUCT|src/core/auto_feature_registry.cpp:6511|IDM_ | PRODUCT|src/core/command_registry.hpp:103|CMD_ | PRODUCT|src/core/command_registry.hpp:658|IDM_"
"handleEditReplace","3","0","3","2","5","0","0","1","REACHABLE_COLLISION","src/core/feature_handlers.cpp:625;src/core/feature_handlers.h:44;src/core/gold_command_providers.cpp:175","PRODUCT|src/core/auto_feature_registry.cpp:6538|IDM_ | PRODUCT|src/core/command_registry.hpp:116|CMD_ | PRODUCT|src/core/feature_handlers.cpp:625|&"
"handleEditSelectall","7","0","4","0","5","0","0","1","REACHABLE_COLLISION","src/core/auto_feature_real_impl.cpp:779;src/core/auto_feature_real_impl.cpp:4136;src/core/auto_feature_registry.cpp:1770;src/core/auto_feature_registry.hpp:107;src/core/feature_handlers.cpp:637;src/core/feature_handlers.h:45","PRODUCT|src/core/auto_feature_real_impl.cpp:779|& | PRODUCT|src/core/auto_feature_real_impl.cpp:4136|& | PRODUCT|src/core/auto_feature_registry.cpp:1770|&"
"handleEditSnippet","7","0","7","1","9","0","0","1","REACHABLE_COLLISION","src/core/auto_feature_real_impl.cpp:784;src/core/auto_feature_real_impl.cpp:4141;src/core/auto_feature_registry.cpp:1776;src/core/auto_feature_registry.hpp:108;src/core/ssot_handlers.cpp:5603;src/core/ssot_handlers.h:26","PRODUCT|src/core/auto_feature_real_impl.cpp:784|& | PRODUCT|src/core/auto_feature_real_impl.cpp:4141|& | PRODUCT|src/core/auto_feature_registry.cpp:1776|&"
"handleEditUndo","3","0","3","3","6","0","0","1","REACHABLE_COLLISION","src/core/feature_handlers.cpp:518;src/core/feature_handlers.h:38;src/core/gold_command_providers.cpp:168","PRODUCT|src/core/auto_feature_registry.cpp:6508|IDM_ | PRODUCT|src/core/command_registry.hpp:102|CMD_ | PRODUCT|src/core/command_registry.hpp:657|IDM_"
"handleEmbeddingEncode","6","0","7","2","7","0","0","1","REACHABLE_COLLISION","src/core/auto_feature_real_impl.cpp:2849;src/core/command_handlers_comprehensive.cpp:443;src/core/feature_handlers.h:471;src/core/ssot_handlers.cpp:3166;src/core/ssot_handlers_ext.cpp:8310;src/core/win32ide_handler_impls.cpp:115","PRODUCT|src/core/auto_feature_real_impl.cpp:2849|& | PRODUCT|src/core/command_handlers_comprehensive.cpp:443|& | PRODUCT|src/core/command_registry.hpp:856|&"
"handleExplain","2","0","2","0","2","0","0","1","REACHABLE_COLLISION","src/core/feature_handlers.cpp:2628;src/core/feature_handlers.h:163","PRODUCT|src/core/feature_handlers.cpp:2628|& | PRODUCT|src/core/feature_handlers.h:163|&"
"handleExtensionsDisable","1","0","1","0","1","0","0","1","REAL_REACHABLE_SINGLE","src/core/ssot_handlers_ext.cpp:25853","PRODUCT|src/core/ssot_handlers_ext.cpp:25853|&"
"handleExtensionsEnable","1","0","1","0","1","0","0","1","REAL_REACHABLE_SINGLE","src/core/ssot_handlers_ext.cpp:25834","PRODUCT|src/core/ssot_handlers_ext.cpp:25834|&"
"handleExtensionsInstall","1","0","1","0","1","0","0","1","REAL_REACHABLE_SINGLE","src/core/ssot_handlers_ext.cpp:25778","PRODUCT|src/core/ssot_handlers_ext.cpp:25778|&"
"handleExtensionsList","1","0","1","0","1","0","0","1","REAL_REACHABLE_SINGLE","src/core/ssot_handlers_ext.cpp:25816","PRODUCT|src/core/ssot_handlers_ext.cpp:25816|&"
"handleExtensionsUninstall","1","0","1","0","1","0","0","1","REAL_REACHABLE_SINGLE","src/core/ssot_handlers_ext.cpp:25797","PRODUCT|src/core/ssot_handlers_ext.cpp:25797|&"
"handleExtensionsUpdate","1","0","1","0","1","0","0","1","REAL_REACHABLE_SINGLE","src/core/ssot_handlers_ext.cpp:25872","PRODUCT|src/core/ssot_handlers_ext.cpp:25872|&"
"handleFileAutosave","10","0","3","0","4","0","0","1","REACHABLE_COLLISION","src/core/auto_feature_real_impl.cpp:865;src/core/auto_feature_real_impl.cpp:2859;src/core/auto_feature_registry.cpp:1841;src/core/auto_feature_registry.hpp:114;src/core/command_handlers_comprehensive.cpp:448;src/core/ssot_handlers.cpp:3180","PRODUCT|src/core/auto_feature_real_impl.cpp:865|& | PRODUCT|src/core/auto_feature_registry.cpp:1841|& | PRODUCT|src/core/auto_feature_registry.cpp:6566|IDM_"
"handleFileClose","3","0","3","2","5","0","0","1","REACHABLE_COLLISION","src/core/feature_handlers.cpp:191;src/core/feature_handlers.h:25;src/core/gold_command_providers.cpp:160","PRODUCT|src/core/auto_feature_registry.cpp:6584|IDM_ | PRODUCT|src/core/command_registry.hpp:89|CMD_ | PRODUCT|src/core/feature_handlers.cpp:191|&"
"handleFileCloseAll","1","0","1","0","1","0","0","1","REAL_REACHABLE_SINGLE","src/core/auto_feature_real_impl.cpp:797","PRODUCT|src/core/auto_feature_real_impl.cpp:797|&"
"handleFileCloseFolder","6","0","6","1","8","0","0","1","REACHABLE_COLLISION","src/core/auto_feature_real_impl.cpp:870;src/core/auto_feature_registry.cpp:1853;src/core/auto_feature_registry.hpp:115;src/core/ssot_handlers.cpp:3189;src/core/ssot_handlers_ext.cpp:24998;src/core/ssot_handlers_ext_dedicated.cpp:1266","PRODUCT|src/core/auto_feature_real_impl.cpp:870|& | PRODUCT|src/core/auto_feature_registry.cpp:1853|& | PRODUCT|src/core/auto_feature_registry.cpp:6569|IDM_"
"handleFileCloseTab","7","0","7","1","9","0","0","1","REACHABLE_COLLISION","src/core/auto_feature_real_impl.cpp:802;src/core/auto_feature_real_impl.cpp:875;src/core/auto_feature_registry.cpp:1859;src/core/auto_feature_registry.hpp:116;src/core/ssot_handlers.cpp:3196;src/core/ssot_handlers_ext.cpp:25049","PRODUCT|src/core/auto_feature_real_impl.cpp:802|& | PRODUCT|src/core/auto_feature_real_impl.cpp:875|& | PRODUCT|src/core/auto_feature_registry.cpp:1859|&"
"handleFileDiff","1","0","1","0","1","0","0","1","REAL_REACHABLE_SINGLE","src/core/auto_feature_real_impl.cpp:807","PRODUCT|src/core/auto_feature_real_impl.cpp:807|&"
"handleFileExit","6","0","6","1","8","0","0","1","REACHABLE_COLLISION","src/core/auto_feature_real_impl.cpp:880;src/core/auto_feature_registry.cpp:1865;src/core/auto_feature_registry.hpp:117;src/core/ssot_handlers.cpp:5585;src/core/ssot_handlers.h:23;src/core/ssot_handlers_ext.cpp:24909","PRODUCT|src/core/auto_feature_real_impl.cpp:880|& | PRODUCT|src/core/auto_feature_registry.cpp:1865|& | PRODUCT|src/core/auto_feature_registry.cpp:6620|IDM_"
"handleFileExport","1","0","1","0","1","0","0","1","REAL_REACHABLE_SINGLE","src/core/auto_feature_real_impl.cpp:817","PRODUCT|src/core/auto_feature_real_impl.cpp:817|&"
"handleFileImport","1","0","1","0","1","0","0","1","REAL_REACHABLE_SINGLE","src/core/auto_feature_real_impl.cpp:824","PRODUCT|src/core/auto_feature_real_impl.cpp:824|&"
"handleFileLoadModel","5","0","5","4","9","0","0","1","REACHABLE_COLLISION","src/core/feature_handlers.cpp:202;src/core/feature_handlers.h:26;src/core/feature_handlers_model_load.cpp:17;src/core/gold_command_providers.cpp:162;src/core/gold_link_closure.cpp:721","PRODUCT|src/core/auto_feature_registry.cpp:6590|IDM_ | PRODUCT|src/core/command_registry.hpp:92|CMD_ | PRODUCT|src/core/feature_handlers.cpp:202|&"
"handleFileModelFromHf","6","0","3","0","4","0","0","1","REACHABLE_COLLISION","src/core/auto_feature_real_impl.cpp:885;src/core/auto_feature_registry.cpp:1871;src/core/auto_feature_registry.hpp:118;src/core/feature_handlers.cpp:236;src/core/feature_handlers.h:27;src/core/gold_command_providers.cpp:163","PRODUCT|src/core/auto_feature_real_impl.cpp:885|& | PRODUCT|src/core/auto_feature_registry.cpp:1871|& | PRODUCT|src/core/auto_feature_registry.cpp:6593|IDM_"
"handleFileModelFromOllama","3","0","4","2","6","0","0","1","REACHABLE_COLLISION","src/core/feature_handlers.cpp:286;src/core/feature_handlers.h:28;src/core/gold_command_providers.cpp:164","PRODUCT|src/core/auto_feature_registry.cpp:6596|IDM_ | PRODUCT|src/core/command_registry.hpp:94|CMD_ | PRODUCT|src/core/feature_handlers.cpp:286|&"
"handleFileModelFromUrl","6","0","3","0","4","0","0","1","REACHABLE_COLLISION","src/core/auto_feature_real_impl.cpp:895;src/core/auto_feature_registry.cpp:1895;src/core/auto_feature_registry.hpp:119;src/core/feature_handlers.cpp:326;src/core/feature_handlers.h:29;src/core/gold_command_providers.cpp:165","PRODUCT|src/core/auto_feature_real_impl.cpp:895|& | PRODUCT|src/core/auto_feature_registry.cpp:1895|& | PRODUCT|src/core/auto_feature_registry.cpp:6599|IDM_"
"handleFileModelQuickLoad","3","0","3","1","5","0","0","1","REACHABLE_COLLISION","src/core/auto_feature_real_impl.cpp:905;src/core/auto_feature_registry.cpp:1918;src/core/auto_feature_registry.hpp:120","PRODUCT|src/core/auto_feature_impl.cpp:115|\{ | PRODUCT|src/core/auto_feature_real_impl.cpp:905|& | PRODUCT|src/core/auto_feature_registry.cpp:1918|&"
"handleFileModelUnified","3","0","3","1","5","0","0","1","REACHABLE_COLLISION","src/core/auto_feature_real_impl.cpp:915;src/core/auto_feature_registry.cpp:1937;src/core/auto_feature_registry.hpp:121","PRODUCT|src/core/auto_feature_impl.cpp:116|\{ | PRODUCT|src/core/auto_feature_real_impl.cpp:915|& | PRODUCT|src/core/auto_feature_registry.cpp:1937|&"
"handleFileNew","3","0","3","2","5","0","0","1","REACHABLE_COLLISION","src/core/feature_handlers.cpp:67;src/core/feature_handlers.h:20;src/core/gold_command_providers.cpp:155","PRODUCT|src/core/auto_feature_registry.cpp:6608|IDM_ | PRODUCT|src/core/command_registry.hpp:84|CMD_ | PRODUCT|src/core/feature_handlers.cpp:67|&"
"handleFileNewWindow","6","0","6","1","8","0","0","1","REACHABLE_COLLISION","src/core/auto_feature_real_impl.cpp:925;src/core/auto_feature_registry.cpp:1976;src/core/auto_feature_registry.hpp:122;src/core/ssot_handlers.cpp:3203;src/core/ssot_handlers_ext.cpp:25032;src/core/ssot_handlers_ext_dedicated.cpp:1292","PRODUCT|src/core/auto_feature_real_impl.cpp:925|& | PRODUCT|src/core/auto_feature_registry.cpp:1976|& | PRODUCT|src/core/auto_feature_registry.cpp:6575|IDM_"
"handleFileOpen","3","0","3","2","5","0","0","1","REACHABLE_COLLISION","src/core/feature_handlers.cpp:91;src/core/feature_handlers.h:21;src/core/gold_command_providers.cpp:156","PRODUCT|src/core/auto_feature_registry.cpp:6611|IDM_ | PRODUCT|src/core/command_registry.hpp:85|CMD_ | PRODUCT|src/core/feature_handlers.cpp:91|&"
"handleFileOpenFolder","6","0","6","1","8","0","0","1","REACHABLE_COLLISION","src/core/auto_feature_real_impl.cpp:930;src/core/auto_feature_registry.cpp:1994;src/core/auto_feature_registry.hpp:123;src/core/ssot_handlers.cpp:3210;src/core/ssot_handlers_ext.cpp:25015;src/core/ssot_handlers_ext_dedicated.cpp:1279","PRODUCT|src/core/auto_feature_real_impl.cpp:930|& | PRODUCT|src/core/auto_feature_registry.cpp:1994|& | PRODUCT|src/core/auto_feature_registry.cpp:6572|IDM_"
"handleFileQuickLoad","3","0","3","2","4","0","0","1","REACHABLE_COLLISION","src/core/feature_handlers.cpp:419;src/core/feature_handlers.h:31;src/core/gold_command_providers.cpp:167","PRODUCT|src/core/command_registry.hpp:98|CMD_ | PRODUCT|src/core/feature_handlers.cpp:419|& | PRODUCT|src/core/feature_handlers.h:31|&"
"handleFileRecentClear","6","0","6","1","8","0","0","1","REACHABLE_COLLISION","src/core/auto_feature_real_impl.cpp:943;src/core/auto_feature_registry.cpp:2017;src/core/auto_feature_registry.hpp:124;src/core/ssot_handlers.cpp:5577;src/core/ssot_handlers.h:22;src/core/ssot_handlers_ext.cpp:24880","PRODUCT|src/core/auto_feature_real_impl.cpp:943|& | PRODUCT|src/core/auto_feature_registry.cpp:2017|& | PRODUCT|src/core/auto_feature_registry.cpp:6587|IDM_"
"handleFileRecentFiles","3","0","3","2","4","0","0","1","REACHABLE_COLLISION","src/core/feature_handlers.cpp:498;src/core/feature_handlers.h:32;src/core/gold_command_providers.cpp:161","PRODUCT|src/core/command_registry.hpp:90|CMD_ | PRODUCT|src/core/feature_handlers.cpp:498|& | PRODUCT|src/core/feature_handlers.h:32|&"
"handleFileSave","3","0","4","2","6","0","0","1","REACHABLE_COLLISION","src/core/feature_handlers.cpp:119;src/core/feature_handlers.h:22;src/core/gold_command_providers.cpp:157","PRODUCT|src/core/auto_feature_registry.cpp:6614|IDM_ | PRODUCT|src/core/command_registry.hpp:86|CMD_ | PRODUCT|src/core/feature_handlers.cpp:119|&"
"handleFileSaveall","6","0","3","0","4","0","0","1","REACHABLE_COLLISION","src/core/auto_feature_real_impl.cpp:948;src/core/auto_feature_registry.cpp:2023;src/core/auto_feature_registry.hpp:125;src/core/feature_handlers.cpp:179;src/core/feature_handlers.h:24;src/core/gold_command_providers.cpp:159","PRODUCT|src/core/auto_feature_real_impl.cpp:948|& | PRODUCT|src/core/auto_feature_registry.cpp:2023|& | PRODUCT|src/core/auto_feature_registry.cpp:6581|IDM_"
"handleFileSaveas","6","0","3","0","4","0","0","1","REACHABLE_COLLISION","src/core/auto_feature_real_impl.cpp:953;src/core/auto_feature_registry.cpp:2029;src/core/auto_feature_registry.hpp:126;src/core/feature_handlers.cpp:155;src/core/feature_handlers.h:23;src/core/gold_command_providers.cpp:158","PRODUCT|src/core/auto_feature_real_impl.cpp:953|& | PRODUCT|src/core/auto_feature_registry.cpp:2029|& | PRODUCT|src/core/auto_feature_registry.cpp:6617|IDM_"
"handleFileUnifiedLoad","3","0","3","2","4","0","0","1","REACHABLE_COLLISION","src/core/feature_handlers.cpp:392;src/core/feature_handlers.h:30;src/core/gold_command_providers.cpp:166","PRODUCT|src/core/command_registry.hpp:97|CMD_ | PRODUCT|src/core/feature_handlers.cpp:392|& | PRODUCT|src/core/feature_handlers.h:30|&"
"handleGauntletExport","6","0","6","1","8","0","0","1","REACHABLE_COLLISION","src/core/auto_feature_real_impl.cpp:963;src/core/auto_feature_registry.cpp:2044;src/core/auto_feature_registry.hpp:127;src/core/ssot_handlers.cpp:8770;src/core/ssot_handlers.h:214;src/core/ssot_handlers_ext.cpp:22279","PRODUCT|src/core/auto_feature_real_impl.cpp:963|& | PRODUCT|src/core/auto_feature_registry.cpp:2044|& | PRODUCT|src/core/auto_feature_registry.cpp:6628|IDM_"
"handleGauntletRun","6","0","6","1","8","0","0","1","REACHABLE_COLLISION","src/core/auto_feature_real_impl.cpp:970;src/core/auto_feature_registry.cpp:2064;src/core/auto_feature_registry.hpp:128;src/core/ssot_handlers.cpp:8736;src/core/ssot_handlers.h:213;src/core/ssot_handlers_ext.cpp:22262","PRODUCT|src/core/auto_feature_real_impl.cpp:970|& | PRODUCT|src/core/auto_feature_registry.cpp:2064|& | PRODUCT|src/core/auto_feature_registry.cpp:6625|IDM_"
"handleGenerateIDE","3","0","3","1","4","0","0","1","REACHABLE_COLLISION","src/core/feature_handlers.cpp:3512;src/core/feature_handlers.h:504;src/core/win32ide_handler_impls.cpp:117","PRODUCT|src/core/command_registry.hpp:693|CMD_ | PRODUCT|src/core/feature_handlers.cpp:3512|& | PRODUCT|src/core/feature_handlers.h:504|&"
"handleGitCommit","3","0","3","2","5","0","0","1","REACHABLE_COLLISION","src/core/feature_handlers.cpp:2811;src/core/feature_handlers.h:180;src/core/gold_command_providers.cpp:177","PRODUCT|src/core/auto_feature_registry.cpp:6636|IDM_ | PRODUCT|src/core/command_registry.hpp:136|CMD_ | PRODUCT|src/core/feature_handlers.cpp:2811|&"
"handleGitDiff","3","0","3","1","4","0","0","1","REACHABLE_COLLISION","src/core/feature_handlers.cpp:2861;src/core/feature_handlers.h:183;src/core/win32ide_handler_impls.cpp:118","PRODUCT|src/core/command_registry.hpp:139|CMD_ | PRODUCT|src/core/feature_handlers.cpp:2861|& | PRODUCT|src/core/feature_handlers.h:183|&"
"handleGitPanel","3","0","3","0","4","0","0","1","REACHABLE_COLLISION","src/core/auto_feature_real_impl.cpp:975;src/core/auto_feature_registry.cpp:2083;src/core/auto_feature_registry.hpp:129","PRODUCT|src/core/auto_feature_real_impl.cpp:975|& | PRODUCT|src/core/auto_feature_registry.cpp:2083|& | PRODUCT|src/core/auto_feature_registry.cpp:6645|IDM_"
"handleGitPull","3","0","3","1","5","0","0","1","REACHABLE_COLLISION","src/core/feature_handlers.cpp:2846;src/core/feature_handlers.h:182;src/core/win32ide_handler_impls.cpp:119","PRODUCT|src/core/auto_feature_registry.cpp:6642|IDM_ | PRODUCT|src/core/command_registry.hpp:138|CMD_ | PRODUCT|src/core/feature_handlers.cpp:2846|&"
"handleGitPush","3","0","3","1","5","0","0","1","REACHABLE_COLLISION","src/core/feature_handlers.cpp:2831;src/core/feature_handlers.h:181;src/core/win32ide_handler_impls.cpp:120","PRODUCT|src/core/auto_feature_registry.cpp:6639|IDM_ | PRODUCT|src/core/command_registry.hpp:137|CMD_ | PRODUCT|src/core/feature_handlers.cpp:2831|&"
"handleGitStatus","3","0","3","2","5","0","0","1","REACHABLE_COLLISION","src/core/feature_handlers.cpp:2794;src/core/feature_handlers.h:179;src/core/gold_command_providers.cpp:176","PRODUCT|src/core/auto_feature_registry.cpp:6633|IDM_ | PRODUCT|src/core/command_registry.hpp:135|CMD_ | PRODUCT|src/core/feature_handlers.cpp:2794|&"
"handleGovernor","2","0","2","0","2","0","0","1","REACHABLE_COLLISION","src/core/feature_handlers.cpp:2583;src/core/feature_handlers.h:160","PRODUCT|src/core/feature_handlers.cpp:2583|& | PRODUCT|src/core/feature_handlers.h:160|&"
"handleGovernorSetPowerLevel","6","0","7","2","7","0","0","1","REACHABLE_COLLISION","src/core/auto_feature_real_impl.cpp:2864;src/core/command_handlers_comprehensive.cpp:72;src/core/feature_handlers.h:458;src/core/ssot_handlers.cpp:3217;src/core/ssot_handlers_ext.cpp:7994;src/core/win32ide_handler_impls.cpp:121","PRODUCT|src/core/auto_feature_real_impl.cpp:2864|& | PRODUCT|src/core/command_handlers_comprehensive.cpp:72|& | PRODUCT|src/core/command_registry.hpp:847|&"
"handleGovernorStatus","6","0","7","2","7","0","0","1","REACHABLE_COLLISION","src/core/auto_feature_real_impl.cpp:2874;src/core/command_handlers_comprehensive.cpp:67;src/core/feature_handlers.h:457;src/core/ssot_handlers.cpp:3287;src/core/ssot_handlers_ext.cpp:7939;src/core/win32ide_handler_impls.cpp:122","PRODUCT|src/core/auto_feature_real_impl.cpp:2874|& | PRODUCT|src/core/command_handlers_comprehensive.cpp:67|& | PRODUCT|src/core/command_registry.hpp:845|&"
"handleGovKillAll","6","0","6","2","8","0","0","1","REACHABLE_COLLISION","src/core/auto_feature_real_impl.cpp:2879;src/core/command_handlers_comprehensive.cpp:453;src/core/feature_handlers.h:302;src/core/ssot_handlers.cpp:3293;src/core/ssot_handlers_ext.cpp:19271;src/core/win32ide_handler_impls.cpp:123","PRODUCT|src/core/auto_feature_real_impl.cpp:2879|& | PRODUCT|src/core/auto_feature_registry.cpp:6656|IDM_ | PRODUCT|src/core/command_handlers_comprehensive.cpp:453|&"
"handleGovStatus","6","0","7","2","9","0","0","1","REACHABLE_COLLISION","src/core/auto_feature_real_impl.cpp:2884;src/core/command_handlers_comprehensive.cpp:457;src/core/feature_handlers.h:300;src/core/ssot_handlers.cpp:3313;src/core/ssot_handlers_ext.cpp:18939;src/core/win32ide_handler_impls.cpp:124","PRODUCT|src/core/auto_feature_real_impl.cpp:2884|& | PRODUCT|src/core/auto_feature_registry.cpp:6650|IDM_ | PRODUCT|src/core/command_handlers_comprehensive.cpp:457|&"
"handleGovSubmitCommand","6","0","6","2","8","0","0","1","REACHABLE_COLLISION","src/core/auto_feature_real_impl.cpp:2889;src/core/command_handlers_comprehensive.cpp:461;src/core/feature_handlers.h:301;src/core/ssot_handlers.cpp:3370;src/core/ssot_handlers_ext.cpp:19114;src/core/win32ide_handler_impls.cpp:125","PRODUCT|src/core/auto_feature_real_impl.cpp:2889|& | PRODUCT|src/core/auto_feature_registry.cpp:6653|IDM_ | PRODUCT|src/core/command_handlers_comprehensive.cpp:461|&"
"handleGovTaskList","6","0","6","2","8","0","0","1","REACHABLE_COLLISION","src/core/auto_feature_real_impl.cpp:2899;src/core/command_handlers_comprehensive.cpp:465;src/core/feature_handlers.h:303;src/core/ssot_handlers.cpp:3419;src/core/ssot_handlers_ext.cpp:19391;src/core/win32ide_handler_impls.cpp:126","PRODUCT|src/core/auto_feature_real_impl.cpp:2899|& | PRODUCT|src/core/auto_feature_registry.cpp:6659|IDM_ | PRODUCT|src/core/command_handlers_comprehensive.cpp:465|&"
"HandleHardwareSynthesizer","3","0","3","3","4","0","0","1","REACHABLE_COLLISION","src/core/command_handlers_comprehensive.cpp:1072;src/core/rawrengine_command_handlers.cpp:100;src/core/win32ide_handler_impls.cpp:127","PRODUCT|src/core/command_handlers_comprehensive.cpp:1072|& | PRODUCT|src/core/command_registry.hpp:905|CMD_ | PRODUCT|src/core/rawrengine_command_handlers.cpp:100|&"
"handleHelp","3","0","3","1","4","0","0","1","REACHABLE_COLLISION","src/core/feature_handlers.cpp:3498;src/core/feature_handlers.h:503;src/core/win32ide_handler_impls.cpp:128","PRODUCT|src/core/command_registry.hpp:692|CMD_ | PRODUCT|src/core/feature_handlers.cpp:3498|& | PRODUCT|src/core/feature_handlers.h:503|&"
"handleHelpAbout","3","0","3","1","5","0","0","1","REACHABLE_COLLISION","src/core/feature_handlers.cpp:3235;src/core/feature_handlers.h:223;src/core/win32ide_handler_impls.cpp:129","PRODUCT|src/core/auto_feature_registry.cpp:6670|IDM_ | PRODUCT|src/core/command_registry.hpp:173|CMD_ | PRODUCT|src/core/feature_handlers.cpp:3235|&"
"handleHelpCmdref","9","0","3","0","4","0","0","1","REACHABLE_COLLISION","src/core/auto_feature_real_impl.cpp:980;src/core/auto_feature_real_impl.cpp:2904;src/core/auto_feature_registry.cpp:2112;src/core/auto_feature_registry.hpp:130;src/core/command_handlers_comprehensive.cpp:470;src/core/ssot_handlers.cpp:5871","PRODUCT|src/core/auto_feature_real_impl.cpp:980|& | PRODUCT|src/core/auto_feature_registry.cpp:2112|& | PRODUCT|src/core/auto_feature_registry.cpp:6673|IDM_"
"handleHelpDocs","3","0","4","1","6","0","0","1","REACHABLE_COLLISION","src/core/feature_handlers.cpp:3243;src/core/feature_handlers.h:224;src/core/win32ide_handler_impls.cpp:131","PRODUCT|src/core/auto_feature_registry.cpp:6664|IDM_ | PRODUCT|src/core/command_registry.hpp:772|CMD_ | PRODUCT|src/core/feature_handlers.cpp:3243|&"
"handleHelpPsdocs","9","0","3","0","4","0","0","1","REACHABLE_COLLISION","src/core/auto_feature_real_impl.cpp:985;src/core/auto_feature_real_impl.cpp:2909;src/core/auto_feature_registry.cpp:2126;src/core/auto_feature_registry.hpp:131;src/core/command_handlers_comprehensive.cpp:474;src/core/ssot_handlers.cpp:5881","PRODUCT|src/core/auto_feature_real_impl.cpp:985|& | PRODUCT|src/core/auto_feature_registry.cpp:2126|& | PRODUCT|src/core/auto_feature_registry.cpp:6676|IDM_"
"handleHelpSearch","6","0","6","1","8","0","0","1","REACHABLE_COLLISION","src/core/auto_feature_real_impl.cpp:990;src/core/auto_feature_registry.cpp:2135;src/core/auto_feature_registry.hpp:132;src/core/ssot_handlers.cpp:5892;src/core/ssot_handlers.h:76;src/core/ssot_handlers_ext.cpp:25317","PRODUCT|src/core/auto_feature_real_impl.cpp:990|& | PRODUCT|src/core/auto_feature_registry.cpp:2135|& | PRODUCT|src/core/auto_feature_registry.cpp:6679|IDM_"
"handleHelpShortcuts","3","0","4","1","6","0","0","1","REACHABLE_COLLISION","src/core/feature_handlers.cpp:3288;src/core/feature_handlers.h:225;src/core/win32ide_handler_impls.cpp:133","PRODUCT|src/core/auto_feature_registry.cpp:6667|IDM_ | PRODUCT|src/core/command_registry.hpp:773|CMD_ | PRODUCT|src/core/feature_handlers.cpp:3288|&"
"handleHistory","2","0","2","0","2","0","0","1","REACHABLE_COLLISION","src/core/feature_handlers.cpp:2614;src/core/feature_handlers.h:162","PRODUCT|src/core/feature_handlers.cpp:2614|& | PRODUCT|src/core/feature_handlers.h:162|&"
"handleHotpatchApply","3","0","3","1","4","0","0","1","REACHABLE_COLLISION","src/core/feature_handlers.cpp:1431;src/core/feature_handlers.h:112;src/core/win32ide_handler_impls.cpp:134","PRODUCT|src/core/command_registry.hpp:694|CMD_ | PRODUCT|src/core/feature_handlers.cpp:1431|& | PRODUCT|src/core/feature_handlers.h:112|&"
"handleHotpatchByte","3","0","3","1","4","0","0","1","REACHABLE_COLLISION","src/core/feature_handlers.cpp:1503;src/core/feature_handlers.h:116;src/core/win32ide_handler_impls.cpp:135","PRODUCT|src/core/command_registry.hpp:525|CMD_ | PRODUCT|src/core/feature_handlers.cpp:1503|& | PRODUCT|src/core/feature_handlers.h:116|&"
"handleHotpatchByteApply","3","0","3","0","4","0","0","1","REACHABLE_COLLISION","src/core/auto_feature_real_impl.cpp:1000;src/core/auto_feature_registry.cpp:2153;src/core/auto_feature_registry.hpp:133","PRODUCT|src/core/auto_feature_real_impl.cpp:1000|& | PRODUCT|src/core/auto_feature_registry.cpp:2153|& | PRODUCT|src/core/auto_feature_registry.cpp:6693|IDM_"
"handleHotpatchByteSearch","6","0","6","1","8","0","0","1","REACHABLE_COLLISION","src/core/auto_feature_real_impl.cpp:1010;src/core/auto_feature_registry.cpp:2181;src/core/auto_feature_registry.hpp:134;src/core/ssot_handlers.cpp:7354;src/core/ssot_handlers.h:153;src/core/ssot_handlers_ext.cpp:21104","PRODUCT|src/core/auto_feature_real_impl.cpp:1010|& | PRODUCT|src/core/auto_feature_registry.cpp:2181|& | PRODUCT|src/core/auto_feature_registry.cpp:6696|IDM_"
"handleHotpatchCreate","3","0","3","1","4","0","0","1","REACHABLE_COLLISION","src/core/feature_handlers.cpp:1449;src/core/feature_handlers.h:113;src/core/win32ide_handler_impls.cpp:136","PRODUCT|src/core/command_registry.hpp:696|CMD_ | PRODUCT|src/core/feature_handlers.cpp:1449|& | PRODUCT|src/core/feature_handlers.h:113|&"
"handleHotpatchEventLog","6","0","6","2","7","0","0","1","REACHABLE_COLLISION","src/core/auto_feature_real_impl.cpp:2914;src/core/command_handlers_comprehensive.cpp:479;src/core/ssot_handlers.cpp:7506;src/core/ssot_handlers.h:161;src/core/ssot_handlers_ext.cpp:21243;src/core/win32ide_handler_impls.cpp:137","PRODUCT|src/core/auto_feature_real_impl.cpp:2914|& | PRODUCT|src/core/command_handlers_comprehensive.cpp:479|& | PRODUCT|src/core/command_registry.hpp:545|CMD_"
"handleHotpatchMemory","3","0","3","1","4","0","0","1","REACHABLE_COLLISION","src/core/feature_handlers.cpp:1490;src/core/feature_handlers.h:115;src/core/win32ide_handler_impls.cpp:138","PRODUCT|src/core/command_registry.hpp:521|CMD_ | PRODUCT|src/core/feature_handlers.cpp:1490|& | PRODUCT|src/core/feature_handlers.h:115|&"
"handleHotpatchMemoryApply","3","0","3","0","4","0","0","1","REACHABLE_COLLISION","src/core/auto_feature_real_impl.cpp:1020;src/core/auto_feature_registry.cpp:2211;src/core/auto_feature_registry.hpp:135","PRODUCT|src/core/auto_feature_real_impl.cpp:1020|& | PRODUCT|src/core/auto_feature_registry.cpp:2211|& | PRODUCT|src/core/auto_feature_registry.cpp:6687|IDM_"
"handleHotpatchMemoryRevert","3","0","3","0","4","0","0","1","REACHABLE_COLLISION","src/core/auto_feature_real_impl.cpp:1030;src/core/auto_feature_registry.cpp:2239;src/core/auto_feature_registry.hpp:136","PRODUCT|src/core/auto_feature_real_impl.cpp:1030|& | PRODUCT|src/core/auto_feature_registry.cpp:2239|& | PRODUCT|src/core/auto_feature_registry.cpp:6690|IDM_"
"handleHotpatchMemRevert","6","0","6","2","7","0","0","1","REACHABLE_COLLISION","src/core/auto_feature_real_impl.cpp:2919;src/core/command_handlers_comprehensive.cpp:483;src/core/ssot_handlers.cpp:7338;src/core/ssot_handlers.h:152;src/core/ssot_handlers_ext.cpp:21085;src/core/win32ide_handler_impls.cpp:139","PRODUCT|src/core/auto_feature_real_impl.cpp:2919|& | PRODUCT|src/core/command_handlers_comprehensive.cpp:483|& | PRODUCT|src/core/command_registry.hpp:523|CMD_"
"handleHotpatchPresetLoad","6","0","6","1","8","0","0","1","REACHABLE_COLLISION","src/core/auto_feature_real_impl.cpp:1035;src/core/auto_feature_registry.cpp:2250;src/core/auto_feature_registry.hpp:137;src/core/ssot_handlers.cpp:7482;src/core/ssot_handlers.h:160;src/core/ssot_handlers_ext.cpp:21226","PRODUCT|src/core/auto_feature_real_impl.cpp:1035|& | PRODUCT|src/core/auto_feature_registry.cpp:2250|& | PRODUCT|src/core/auto_feature_registry.cpp:6720|IDM_"
"handleHotpatchPresetSave","6","0","6","1","8","0","0","1","REACHABLE_COLLISION","src/core/auto_feature_real_impl.cpp:1045;src/core/auto_feature_registry.cpp:2269;src/core/auto_feature_registry.hpp:138;src/core/ssot_handlers.cpp:7457;src/core/ssot_handlers.h:159;src/core/ssot_handlers_ext.cpp:21209","PRODUCT|src/core/auto_feature_real_impl.cpp:1045|& | PRODUCT|src/core/auto_feature_registry.cpp:2269|& | PRODUCT|src/core/auto_feature_registry.cpp:6717|IDM_"
"handleHotpatchProxyBias","6","0","6","1","8","0","0","1","REACHABLE_COLLISION","src/core/auto_feature_real_impl.cpp:1058;src/core/auto_feature_registry.cpp:2288;src/core/auto_feature_registry.hpp:139;src/core/ssot_handlers.cpp:7393;src/core/ssot_handlers.h:155;src/core/ssot_handlers_ext.cpp:21141","PRODUCT|src/core/auto_feature_real_impl.cpp:1058|& | PRODUCT|src/core/auto_feature_registry.cpp:2288|& | PRODUCT|src/core/auto_feature_registry.cpp:6705|IDM_"
"handleHotpatchProxyRewrite","6","0","6","1","8","0","0","1","REACHABLE_COLLISION","src/core/auto_feature_real_impl.cpp:1068;src/core/auto_feature_registry.cpp:2310;src/core/auto_feature_registry.hpp:140;src/core/ssot_handlers.cpp:7410;src/core/ssot_handlers.h:156;src/core/ssot_handlers_ext.cpp:21158","PRODUCT|src/core/auto_feature_real_impl.cpp:1068|& | PRODUCT|src/core/auto_feature_registry.cpp:2310|& | PRODUCT|src/core/auto_feature_registry.cpp:6708|IDM_"
"handleHotpatchProxyStats","6","0","6","2","7","0","0","1","REACHABLE_COLLISION","src/core/auto_feature_real_impl.cpp:2924;src/core/command_handlers_comprehensive.cpp:487;src/core/ssot_handlers.cpp:7560;src/core/ssot_handlers.h:164;src/core/ssot_handlers_ext.cpp:21296;src/core/win32ide_handler_impls.cpp:140","PRODUCT|src/core/auto_feature_real_impl.cpp:2924|& | PRODUCT|src/core/command_handlers_comprehensive.cpp:487|& | PRODUCT|src/core/command_registry.hpp:552|CMD_"
"handleHotpatchProxyTerminate","6","0","6","1","8","0","0","1","REACHABLE_COLLISION","src/core/auto_feature_real_impl.cpp:1078;src/core/auto_feature_registry.cpp:2332;src/core/auto_feature_registry.hpp:141;src/core/ssot_handlers.cpp:7427;src/core/ssot_handlers.h:157;src/core/ssot_handlers_ext.cpp:21175","PRODUCT|src/core/auto_feature_real_impl.cpp:1078|& | PRODUCT|src/core/auto_feature_registry.cpp:2332|& | PRODUCT|src/core/auto_feature_registry.cpp:6711|IDM_"
"handleHotpatchProxyValidate","6","0","6","1","8","0","0","1","REACHABLE_COLLISION","src/core/auto_feature_real_impl.cpp:1083;src/core/auto_feature_registry.cpp:2341;src/core/auto_feature_registry.hpp:142;src/core/ssot_handlers.cpp:7440;src/core/ssot_handlers.h:158;src/core/ssot_handlers_ext.cpp:21192","PRODUCT|src/core/auto_feature_real_impl.cpp:1083|& | PRODUCT|src/core/auto_feature_registry.cpp:2341|& | PRODUCT|src/core/auto_feature_registry.cpp:6714|IDM_"
"handleHotpatchResetStats","6","0","6","1","8","0","0","1","REACHABLE_COLLISION","src/core/auto_feature_real_impl.cpp:1088;src/core/auto_feature_registry.cpp:2358;src/core/auto_feature_registry.hpp:143;src/core/ssot_handlers.cpp:7529;src/core/ssot_handlers.h:162;src/core/ssot_handlers_ext.cpp:21262","PRODUCT|src/core/auto_feature_real_impl.cpp:1088|& | PRODUCT|src/core/auto_feature_registry.cpp:2358|& | PRODUCT|src/core/auto_feature_registry.cpp:6726|IDM_"
"handleHotpatchServer","3","0","3","1","4","0","0","1","REACHABLE_COLLISION","src/core/feature_handlers.cpp:1573;src/core/feature_handlers.h:117;src/core/win32ide_handler_impls.cpp:141","PRODUCT|src/core/command_registry.hpp:529|CMD_ | PRODUCT|src/core/feature_handlers.cpp:1573|& | PRODUCT|src/core/feature_handlers.h:117|&"
"handleHotpatchServerAdd","3","0","3","0","4","0","0","1","REACHABLE_COLLISION","src/core/auto_feature_real_impl.cpp:1093;src/core/auto_feature_registry.cpp:2366;src/core/auto_feature_registry.hpp:144","PRODUCT|src/core/auto_feature_real_impl.cpp:1093|& | PRODUCT|src/core/auto_feature_registry.cpp:2366|& | PRODUCT|src/core/auto_feature_registry.cpp:6699|IDM_"
"handleHotpatchServerRemove","6","0","6","1","8","0","0","1","REACHABLE_COLLISION","src/core/auto_feature_real_impl.cpp:1103;src/core/auto_feature_registry.cpp:2413;src/core/auto_feature_registry.hpp:145;src/core/ssot_handlers.cpp:7368;src/core/ssot_handlers.h:154;src/core/ssot_handlers_ext.cpp:21124","PRODUCT|src/core/auto_feature_real_impl.cpp:1103|& | PRODUCT|src/core/auto_feature_registry.cpp:2413|& | PRODUCT|src/core/auto_feature_registry.cpp:6702|IDM_"
"handleHotpatchShowEventLog","3","0","3","0","4","0","0","1","REACHABLE_COLLISION","src/core/auto_feature_real_impl.cpp:1113;src/core/auto_feature_registry.cpp:2425;src/core/auto_feature_registry.hpp:146","PRODUCT|src/core/auto_feature_real_impl.cpp:1113|& | PRODUCT|src/core/auto_feature_registry.cpp:2425|& | PRODUCT|src/core/auto_feature_registry.cpp:6723|IDM_"
"handleHotpatchShowProxyStats","3","0","3","0","4","0","0","1","REACHABLE_COLLISION","src/core/auto_feature_real_impl.cpp:1118;src/core/auto_feature_registry.cpp:2440;src/core/auto_feature_registry.hpp:147","PRODUCT|src/core/auto_feature_real_impl.cpp:1118|& | PRODUCT|src/core/auto_feature_registry.cpp:2440|& | PRODUCT|src/core/auto_feature_registry.cpp:6732|IDM_"
"handleHotpatchShowStatus","3","0","3","0","4","0","0","1","REACHABLE_COLLISION","src/core/auto_feature_real_impl.cpp:1123;src/core/auto_feature_registry.cpp:2459;src/core/auto_feature_registry.hpp:148","PRODUCT|src/core/auto_feature_real_impl.cpp:1123|& | PRODUCT|src/core/auto_feature_registry.cpp:2459|& | PRODUCT|src/core/auto_feature_registry.cpp:6684|IDM_"
"handleHotpatchStatus","3","0","3","1","4","0","0","1","REACHABLE_COLLISION","src/core/feature_handlers.cpp:1461;src/core/feature_handlers.h:114;src/core/win32ide_handler_impls.cpp:142","PRODUCT|src/core/command_registry.hpp:520|CMD_ | PRODUCT|src/core/feature_handlers.cpp:1461|& | PRODUCT|src/core/feature_handlers.h:114|&"
"handleHotpatchToggleAll","6","0","6","1","8","0","0","1","REACHABLE_COLLISION","src/core/auto_feature_real_impl.cpp:1128;src/core/auto_feature_registry.cpp:2467;src/core/auto_feature_registry.hpp:149;src/core/ssot_handlers.cpp:7546;src/core/ssot_handlers.h:163;src/core/ssot_handlers_ext.cpp:21279","PRODUCT|src/core/auto_feature_real_impl.cpp:1128|& | PRODUCT|src/core/auto_feature_registry.cpp:2467|& | PRODUCT|src/core/auto_feature_registry.cpp:6729|IDM_"
"handleHybridAnalyzeFile","6","0","6","2","8","0","0","1","REACHABLE_COLLISION","src/core/auto_feature_real_impl.cpp:2929;src/core/command_handlers_hybrid.cpp:28;src/core/feature_handlers.h:269;src/core/ssot_handlers.cpp:3477;src/core/ssot_handlers_ext.cpp:16179;src/core/win32ide_handler_impls.cpp:143","PRODUCT|src/core/auto_feature_real_impl.cpp:2929|& | PRODUCT|src/core/auto_feature_registry.cpp:6746|IDM_ | PRODUCT|src/core/command_handlers_hybrid.cpp:28|&"
"handleHybridAnnotateDiag","6","0","6","2","8","0","0","1","REACHABLE_COLLISION","src/core/auto_feature_real_impl.cpp:2939;src/core/command_handlers_hybrid.cpp:48;src/core/feature_handlers.h:274;src/core/ssot_handlers.cpp:3561;src/core/ssot_handlers_ext.cpp:16822;src/core/win32ide_handler_impls.cpp:144","PRODUCT|src/core/auto_feature_real_impl.cpp:2939|& | PRODUCT|src/core/auto_feature_registry.cpp:6761|IDM_ | PRODUCT|src/core/command_handlers_hybrid.cpp:48|&"
"handleHybridAutoProfile","6","0","6","2","8","0","0","1","REACHABLE_COLLISION","src/core/auto_feature_real_impl.cpp:2944;src/core/command_handlers_hybrid.cpp:32;src/core/feature_handlers.h:270;src/core/ssot_handlers.cpp:3568;src/core/ssot_handlers_ext.cpp:16310;src/core/win32ide_handler_impls.cpp:145","PRODUCT|src/core/auto_feature_real_impl.cpp:2944|& | PRODUCT|src/core/auto_feature_registry.cpp:6749|IDM_ | PRODUCT|src/core/command_handlers_hybrid.cpp:32|&"
"handleHybridComplete","6","0","6","2","8","0","0","1","REACHABLE_COLLISION","src/core/auto_feature_real_impl.cpp:2949;src/core/command_handlers_hybrid.cpp:16;src/core/feature_handlers.h:266;src/core/ssot_handlers.cpp:3575;src/core/ssot_handlers_ext.cpp:15764;src/core/win32ide_handler_impls.cpp:146","PRODUCT|src/core/auto_feature_real_impl.cpp:2949|& | PRODUCT|src/core/auto_feature_registry.cpp:6737|IDM_ | PRODUCT|src/core/command_handlers_hybrid.cpp:16|&"
"handleHybridCorrectionLoop","6","0","6","2","8","0","0","1","REACHABLE_COLLISION","src/core/auto_feature_real_impl.cpp:2959;src/core/command_handlers_comprehensive.cpp:100;src/core/feature_handlers.h:277;src/core/ssot_handlers.cpp:3582;src/core/ssot_handlers_ext.cpp:17383;src/core/win32ide_handler_impls.cpp:147","PRODUCT|src/core/auto_feature_real_impl.cpp:2959|& | PRODUCT|src/core/auto_feature_registry.cpp:6770|IDM_ | PRODUCT|src/core/command_handlers_comprehensive.cpp:100|&"
"handleHybridDiagnostics","6","0","6","2","8","0","0","1","REACHABLE_COLLISION","src/core/auto_feature_real_impl.cpp:2964;src/core/command_handlers_hybrid.cpp:20;src/core/feature_handlers.h:267;src/core/ssot_handlers.cpp:3589;src/core/ssot_handlers_ext.cpp:15912;src/core/win32ide_handler_impls.cpp:148","PRODUCT|src/core/auto_feature_real_impl.cpp:2964|& | PRODUCT|src/core/auto_feature_registry.cpp:6740|IDM_ | PRODUCT|src/core/command_handlers_hybrid.cpp:20|&"
"handleHybridExplainSymbol","6","0","6","2","8","0","0","1","REACHABLE_COLLISION","src/core/auto_feature_real_impl.cpp:2969;src/core/command_handlers_hybrid.cpp:44;src/core/feature_handlers.h:273;src/core/ssot_handlers.cpp:3636;src/core/ssot_handlers_ext.cpp:16692;src/core/win32ide_handler_impls.cpp:149","PRODUCT|src/core/auto_feature_real_impl.cpp:2969|& | PRODUCT|src/core/auto_feature_registry.cpp:6758|IDM_ | PRODUCT|src/core/command_handlers_hybrid.cpp:44|&"
"handleHybridSemanticPrefetch","6","0","6","2","8","0","0","1","REACHABLE_COLLISION","src/core/auto_feature_real_impl.cpp:2979;src/core/command_handlers_comprehensive.cpp:95;src/core/feature_handlers.h:276;src/core/ssot_handlers.cpp:3700;src/core/ssot_handlers_ext.cpp:17202;src/core/win32ide_handler_impls.cpp:150","PRODUCT|src/core/auto_feature_real_impl.cpp:2979|& | PRODUCT|src/core/auto_feature_registry.cpp:6767|IDM_ | PRODUCT|src/core/command_handlers_comprehensive.cpp:95|&"
"handleHybridSmartRename","6","0","6","2","8","0","0","1","REACHABLE_COLLISION","src/core/auto_feature_real_impl.cpp:2984;src/core/command_handlers_hybrid.cpp:24;src/core/feature_handlers.h:268;src/core/ssot_handlers.cpp:3707;src/core/ssot_handlers_ext.cpp:16018;src/core/win32ide_handler_impls.cpp:151","PRODUCT|src/core/auto_feature_real_impl.cpp:2984|& | PRODUCT|src/core/auto_feature_registry.cpp:6743|IDM_ | PRODUCT|src/core/command_handlers_hybrid.cpp:24|&"
"handleHybridStatus","6","0","6","2","8","0","0","1","REACHABLE_COLLISION","src/core/auto_feature_real_impl.cpp:2994;src/core/command_handlers_hybrid.cpp:36;src/core/feature_handlers.h:271;src/core/ssot_handlers.cpp:3714;src/core/ssot_handlers_ext.cpp:16423;src/core/win32ide_handler_impls.cpp:152","PRODUCT|src/core/auto_feature_real_impl.cpp:2994|& | PRODUCT|src/core/auto_feature_registry.cpp:6752|IDM_ | PRODUCT|src/core/command_handlers_hybrid.cpp:36|&"
"handleHybridStreamAnalyze","6","0","6","2","8","0","0","1","REACHABLE_COLLISION","src/core/auto_feature_real_impl.cpp:2999;src/core/command_handlers_hybrid.cpp:52;src/core/feature_handlers.h:275;src/core/ssot_handlers.cpp:3721;src/core/ssot_handlers_ext.cpp:17028;src/core/win32ide_handler_impls.cpp:153","PRODUCT|src/core/auto_feature_real_impl.cpp:2999|& | PRODUCT|src/core/auto_feature_registry.cpp:6764|IDM_ | PRODUCT|src/core/command_handlers_hybrid.cpp:52|&"
"handleHybridSymbolUsage","6","0","6","2","8","0","0","1","REACHABLE_COLLISION","src/core/auto_feature_real_impl.cpp:3009;src/core/command_handlers_hybrid.cpp:40;src/core/feature_handlers.h:272;src/core/ssot_handlers.cpp:3728;src/core/ssot_handlers_ext.cpp:16581;src/core/win32ide_handler_impls.cpp:154","PRODUCT|src/core/auto_feature_real_impl.cpp:3009|& | PRODUCT|src/core/auto_feature_registry.cpp:6755|IDM_ | PRODUCT|src/core/command_handlers_hybrid.cpp:40|&"
"HandleIDEDiagnosticAutoHealer","3","0","4","3","4","0","0","1","REACHABLE_COLLISION","src/core/command_handlers_comprehensive.cpp:1092;src/core/rawrengine_command_handlers.cpp:175;src/core/win32ide_handler_impls.cpp:155","PRODUCT|src/core/command_handlers_comprehensive.cpp:1092|& | PRODUCT|src/core/command_registry.hpp:916|& | PRODUCT|src/core/rawrengine_command_handlers.cpp:175|&"
"handleInferenceConfig","3","0","3","0","3","0","0","1","REACHABLE_COLLISION","src/core/inference_handlers.cpp:315;src/core/ssot_handlers_ext.cpp:5757;src/core/ssot_handlers_ext_isolated.cpp:482","PRODUCT|src/core/inference_handlers.cpp:315|& | PRODUCT|src/core/ssot_handlers_ext.cpp:5757|& | PRODUCT|src/core/ssot_handlers_ext_isolated.cpp:482|&"
"handleInferenceLoadRun","3","0","3","0","3","0","0","1","REACHABLE_COLLISION","src/core/inference_handlers.cpp:188;src/core/ssot_handlers_ext.cpp:5552;src/core/ssot_handlers_ext_isolated.cpp:415","PRODUCT|src/core/inference_handlers.cpp:188|& | PRODUCT|src/core/ssot_handlers_ext.cpp:5552|& | PRODUCT|src/core/ssot_handlers_ext_isolated.cpp:415|&"
"handleInferenceRun","3","0","5","0","5","0","0","1","REACHABLE_COLLISION","src/core/inference_handlers.cpp:85;src/core/ssot_handlers_ext.cpp:5287;src/core/ssot_handlers_ext_isolated.cpp:307","PRODUCT|src/core/inference_handlers.cpp:82|& | PRODUCT|src/core/inference_handlers.cpp:85|& | PRODUCT|src/core/inference_handlers.cpp:269|&"
"handleInferenceRunSel","3","0","3","0","3","0","0","1","REACHABLE_COLLISION","src/core/inference_handlers.cpp:163;src/core/ssot_handlers_ext.cpp:5439;src/core/ssot_handlers_ext_isolated.cpp:371","PRODUCT|src/core/inference_handlers.cpp:163|& | PRODUCT|src/core/ssot_handlers_ext.cpp:5439|& | PRODUCT|src/core/ssot_handlers_ext_isolated.cpp:371|&"
"handleInferenceStatus","3","0","3","0","3","0","0","1","REACHABLE_COLLISION","src/core/inference_handlers.cpp:352;src/core/ssot_handlers_ext.cpp:5909;src/core/ssot_handlers_ext_isolated.cpp:537","PRODUCT|src/core/inference_handlers.cpp:352|& | PRODUCT|src/core/ssot_handlers_ext.cpp:5909|& | PRODUCT|src/core/ssot_handlers_ext_isolated.cpp:537|&"
"handleInferenceStop","3","0","3","0","3","0","0","1","REACHABLE_COLLISION","src/core/inference_handlers.cpp:283;src/core/ssot_handlers_ext.cpp:5695;src/core/ssot_handlers_ext_isolated.cpp:466","PRODUCT|src/core/inference_handlers.cpp:283|& | PRODUCT|src/core/ssot_handlers_ext.cpp:5695|& | PRODUCT|src/core/ssot_handlers_ext_isolated.cpp:466|&"
"HandleIOCPFileWatcher","3","0","3","3","4","0","0","1","REACHABLE_COLLISION","src/core/command_handlers_comprehensive.cpp:1095;src/core/rawrengine_command_handlers.cpp:152;src/core/win32ide_handler_impls.cpp:156","PRODUCT|src/core/command_handlers_comprehensive.cpp:1095|& | PRODUCT|src/core/command_registry.hpp:914|CMD_ | PRODUCT|src/core/rawrengine_command_handlers.cpp:152|&"
"handleKernelAnalyze","1","0","1","0","2","0","0","1","REAL_REACHABLE_SINGLE","src/core/auto_feature_registry.cpp:1092","PRODUCT|src/core/auto_feature_registry.cpp:1092|& | PRODUCT|src/core/auto_feature_registry.cpp:6255|IDM_"
"handleLocalAnalyze","1","0","1","0","2","0","0","1","REAL_REACHABLE_SINGLE","src/core/auto_feature_registry.cpp:1006","PRODUCT|src/core/auto_feature_registry.cpp:1006|& | PRODUCT|src/core/auto_feature_registry.cpp:6246|IDM_"
"handleLocalAnalyzeDeep","1","0","1","0","2","0","0","1","REAL_REACHABLE_SINGLE","src/core/auto_feature_registry.cpp:1046","PRODUCT|src/core/auto_feature_registry.cpp:1046|& | PRODUCT|src/core/auto_feature_registry.cpp:6249|IDM_"
"handleLocalAnalyzeStatus","1","0","1","0","2","0","0","1","REAL_REACHABLE_SINGLE","src/core/auto_feature_registry.cpp:1077","PRODUCT|src/core/auto_feature_registry.cpp:1077|& | PRODUCT|src/core/auto_feature_registry.cpp:6252|IDM_"
"handleLspClearDiag","5","0","5","2","6","0","0","1","REACHABLE_COLLISION","src/core/command_handlers_comprehensive.cpp:492;src/core/feature_handlers.h:240;src/core/ssot_handlers.cpp:3786;src/core/ssot_handlers_ext.cpp:13760;src/core/win32ide_handler_impls.cpp:157","PRODUCT|src/core/command_handlers_comprehensive.cpp:492|& | PRODUCT|src/core/command_registry.hpp:339|CMD_ | PRODUCT|src/core/feature_handlers.h:240|&"
"handleLspClearDiagnostics","3","0","3","0","4","0","0","1","REACHABLE_COLLISION","src/core/auto_feature_real_impl.cpp:1133;src/core/auto_feature_registry.cpp:2480;src/core/auto_feature_registry.hpp:150","PRODUCT|src/core/auto_feature_real_impl.cpp:1133|& | PRODUCT|src/core/auto_feature_registry.cpp:2480|& | PRODUCT|src/core/auto_feature_registry.cpp:6802|IDM_"
"handleLspConfigure","6","0","6","2","8","0","0","1","REACHABLE_COLLISION","src/core/auto_feature_real_impl.cpp:3019;src/core/command_handlers_lsp.cpp:27;src/core/feature_handlers.h:242;src/core/ssot_handlers.cpp:3810;src/core/ssot_handlers_ext.cpp:13926;src/core/win32ide_handler_impls.cpp:158","PRODUCT|src/core/auto_feature_real_impl.cpp:3019|& | PRODUCT|src/core/auto_feature_registry.cpp:6808|IDM_ | PRODUCT|src/core/command_handlers_lsp.cpp:27|&"
"handleLspDiagnostics","6","0","8","2","9","0","0","1","REACHABLE_COLLISION","src/core/auto_feature_real_impl.cpp:3024;src/core/command_handlers_comprehensive.cpp:496;src/core/feature_handlers.h:238;src/core/ssot_handlers.cpp:3910;src/core/ssot_handlers_ext.cpp:13631;src/core/win32ide_handler_impls.cpp:159","PRODUCT|src/core/auto_feature_real_impl.cpp:3024|& | PRODUCT|src/core/command_handlers_comprehensive.cpp:496|& | PRODUCT|src/core/command_registry.hpp:337|CMD_"
"handleLspFindReferences","3","0","3","0","4","0","0","1","REACHABLE_COLLISION","src/core/auto_feature_real_impl.cpp:1138;src/core/auto_feature_registry.cpp:2486;src/core/auto_feature_registry.hpp:151","PRODUCT|src/core/auto_feature_real_impl.cpp:1138|& | PRODUCT|src/core/auto_feature_registry.cpp:2486|& | PRODUCT|src/core/auto_feature_registry.cpp:6787|IDM_"
"handleLspFindRefs","6","0","6","2","7","0","0","1","REACHABLE_COLLISION","src/core/auto_feature_real_impl.cpp:3029;src/core/command_handlers_comprehensive.cpp:500;src/core/feature_handlers.h:235;src/core/ssot_handlers.cpp:7654;src/core/ssot_handlers_ext.cpp:13391;src/core/win32ide_handler_impls.cpp:160","PRODUCT|src/core/auto_feature_real_impl.cpp:3029|& | PRODUCT|src/core/command_handlers_comprehensive.cpp:500|& | PRODUCT|src/core/command_registry.hpp:334|CMD_"
"handleLspGotoDef","6","0","6","2","7","0","0","1","REACHABLE_COLLISION","src/core/auto_feature_real_impl.cpp:3039;src/core/command_handlers_comprehensive.cpp:504;src/core/feature_handlers.h:234;src/core/ssot_handlers.cpp:7622;src/core/ssot_handlers_ext.cpp:13305;src/core/win32ide_handler_impls.cpp:161","PRODUCT|src/core/auto_feature_real_impl.cpp:3039|& | PRODUCT|src/core/command_handlers_comprehensive.cpp:504|& | PRODUCT|src/core/command_registry.hpp:333|CMD_"
"handleLspGotoDefinition","3","0","3","0","4","0","0","1","REACHABLE_COLLISION","src/core/auto_feature_real_impl.cpp:1148;src/core/auto_feature_registry.cpp:2509;src/core/auto_feature_registry.hpp:152","PRODUCT|src/core/auto_feature_real_impl.cpp:1148|& | PRODUCT|src/core/auto_feature_registry.cpp:2509|& | PRODUCT|src/core/auto_feature_registry.cpp:6784|IDM_"
"handleLspHover","6","0","6","2","7","0","0","1","REACHABLE_COLLISION","src/core/auto_feature_real_impl.cpp:3049;src/core/command_handlers_comprehensive.cpp:508;src/core/feature_handlers.h:237;src/core/ssot_handlers.cpp:7778;src/core/ssot_handlers_ext.cpp:13551;src/core/win32ide_handler_impls.cpp:162","PRODUCT|src/core/auto_feature_real_impl.cpp:3049|& | PRODUCT|src/core/command_handlers_comprehensive.cpp:508|& | PRODUCT|src/core/command_registry.hpp:336|CMD_"
"handleLspHoverInfo","3","0","3","0","4","0","0","1","REACHABLE_COLLISION","src/core/auto_feature_real_impl.cpp:1158;src/core/auto_feature_registry.cpp:2548;src/core/auto_feature_registry.hpp:153","PRODUCT|src/core/auto_feature_real_impl.cpp:1158|& | PRODUCT|src/core/auto_feature_registry.cpp:2548|& | PRODUCT|src/core/auto_feature_registry.cpp:6793|IDM_"
"handleLspRename","6","0","6","2","7","0","0","1","REACHABLE_COLLISION","src/core/auto_feature_real_impl.cpp:3059;src/core/command_handlers_comprehensive.cpp:512;src/core/feature_handlers.h:236;src/core/ssot_handlers.cpp:7692;src/core/ssot_handlers_ext.cpp:13470;src/core/win32ide_handler_impls.cpp:163","PRODUCT|src/core/auto_feature_real_impl.cpp:3059|& | PRODUCT|src/core/command_handlers_comprehensive.cpp:512|& | PRODUCT|src/core/command_registry.hpp:335|CMD_"
"handleLspRenameSymbol","3","0","3","0","4","0","0","1","REACHABLE_COLLISION","src/core/auto_feature_real_impl.cpp:1171;src/core/auto_feature_registry.cpp:2582;src/core/auto_feature_registry.hpp:154","PRODUCT|src/core/auto_feature_real_impl.cpp:1171|& | PRODUCT|src/core/auto_feature_registry.cpp:2582|& | PRODUCT|src/core/auto_feature_registry.cpp:6790|IDM_"
"handleLspRestart","6","0","6","2","7","0","0","1","REACHABLE_COLLISION","src/core/auto_feature_real_impl.cpp:3069;src/core/command_handlers_comprehensive.cpp:516;src/core/feature_handlers.h:239;src/core/ssot_handlers.cpp:3986;src/core/ssot_handlers_ext.cpp:13702;src/core/win32ide_handler_impls.cpp:164","PRODUCT|src/core/auto_feature_real_impl.cpp:3069|& | PRODUCT|src/core/command_handlers_comprehensive.cpp:516|& | PRODUCT|src/core/command_registry.hpp:338|CMD_"
"handleLspRestartServer","3","0","3","0","4","0","0","1","REACHABLE_COLLISION","src/core/auto_feature_real_impl.cpp:1181;src/core/auto_feature_registry.cpp:2630;src/core/auto_feature_registry.hpp:155","PRODUCT|src/core/auto_feature_real_impl.cpp:1181|& | PRODUCT|src/core/auto_feature_registry.cpp:2630|& | PRODUCT|src/core/auto_feature_registry.cpp:6799|IDM_"
"handleLspSaveConfig","6","0","6","2","8","0","0","1","REACHABLE_COLLISION","src/core/auto_feature_real_impl.cpp:3074;src/core/command_handlers_lsp.cpp:31;src/core/feature_handlers.h:243;src/core/ssot_handlers.cpp:4018;src/core/ssot_handlers_ext.cpp:14078;src/core/win32ide_handler_impls.cpp:165","PRODUCT|src/core/auto_feature_real_impl.cpp:3074|& | PRODUCT|src/core/auto_feature_registry.cpp:6811|IDM_ | PRODUCT|src/core/command_handlers_lsp.cpp:31|&"
"handleLspServerConfig","3","0","3","0","4","0","0","1","REACHABLE_COLLISION","src/core/auto_feature_real_impl.cpp:1186;src/core/auto_feature_registry.cpp:2639;src/core/auto_feature_registry.hpp:156","PRODUCT|src/core/auto_feature_real_impl.cpp:1186|& | PRODUCT|src/core/auto_feature_registry.cpp:2639|& | PRODUCT|src/core/auto_feature_registry.cpp:6832|IDM_"
"handleLspServerExportSymbols","3","0","3","0","4","0","0","1","REACHABLE_COLLISION","src/core/auto_feature_real_impl.cpp:1191;src/core/auto_feature_registry.cpp:2659;src/core/auto_feature_registry.hpp:157","PRODUCT|src/core/auto_feature_real_impl.cpp:1191|& | PRODUCT|src/core/auto_feature_registry.cpp:2659|& | PRODUCT|src/core/auto_feature_registry.cpp:6835|IDM_"
"handleLspServerLaunchStdio","3","0","3","0","4","0","0","1","REACHABLE_COLLISION","src/core/auto_feature_real_impl.cpp:1198;src/core/auto_feature_registry.cpp:2696;src/core/auto_feature_registry.hpp:158","PRODUCT|src/core/auto_feature_real_impl.cpp:1198|& | PRODUCT|src/core/auto_feature_registry.cpp:2696|& | PRODUCT|src/core/auto_feature_registry.cpp:6838|IDM_"
"handleLspServerPublishDiag","3","0","3","0","4","0","0","1","REACHABLE_COLLISION","src/core/auto_feature_real_impl.cpp:1208;src/core/auto_feature_registry.cpp:2714;src/core/auto_feature_registry.hpp:159","PRODUCT|src/core/auto_feature_real_impl.cpp:1208|& | PRODUCT|src/core/auto_feature_registry.cpp:2714|& | PRODUCT|src/core/auto_feature_registry.cpp:6829|IDM_"
"handleLspServerReindex","3","0","3","0","4","0","0","1","REACHABLE_COLLISION","src/core/auto_feature_real_impl.cpp:1213;src/core/auto_feature_registry.cpp:2723;src/core/auto_feature_registry.hpp:160","PRODUCT|src/core/auto_feature_real_impl.cpp:1213|& | PRODUCT|src/core/auto_feature_registry.cpp:2723|& | PRODUCT|src/core/auto_feature_registry.cpp:6823|IDM_"
"handleLspServerStart","3","0","3","0","4","0","0","1","REACHABLE_COLLISION","src/core/auto_feature_real_impl.cpp:1218;src/core/auto_feature_registry.cpp:2733;src/core/auto_feature_registry.hpp:161","PRODUCT|src/core/auto_feature_real_impl.cpp:1218|& | PRODUCT|src/core/auto_feature_registry.cpp:2733|& | PRODUCT|src/core/auto_feature_registry.cpp:6814|IDM_"
"handleLspServerStats","3","0","3","0","4","0","0","1","REACHABLE_COLLISION","src/core/auto_feature_real_impl.cpp:1223;src/core/auto_feature_registry.cpp:2757;src/core/auto_feature_registry.hpp:162","PRODUCT|src/core/auto_feature_real_impl.cpp:1223|& | PRODUCT|src/core/auto_feature_registry.cpp:2757|& | PRODUCT|src/core/auto_feature_registry.cpp:6826|IDM_"
"handleLspServerStatus","3","0","3","0","4","0","0","1","REACHABLE_COLLISION","src/core/auto_feature_real_impl.cpp:1228;src/core/auto_feature_registry.cpp:2773;src/core/auto_feature_registry.hpp:163","PRODUCT|src/core/auto_feature_real_impl.cpp:1228|& | PRODUCT|src/core/auto_feature_registry.cpp:2773|& | PRODUCT|src/core/auto_feature_registry.cpp:6820|IDM_"
"handleLspServerStop","3","0","3","0","4","0","0","1","REACHABLE_COLLISION","src/core/auto_feature_real_impl.cpp:1236;src/core/auto_feature_registry.cpp:2780;src/core/auto_feature_registry.hpp:164","PRODUCT|src/core/auto_feature_real_impl.cpp:1236|& | PRODUCT|src/core/auto_feature_registry.cpp:2780|& | PRODUCT|src/core/auto_feature_registry.cpp:6817|IDM_"
"handleLspShowDiagnostics","3","0","3","0","4","0","0","1","REACHABLE_COLLISION","src/core/auto_feature_real_impl.cpp:1241;src/core/auto_feature_registry.cpp:2786;src/core/auto_feature_registry.hpp:165","PRODUCT|src/core/auto_feature_real_impl.cpp:1241|& | PRODUCT|src/core/auto_feature_registry.cpp:2786|& | PRODUCT|src/core/auto_feature_registry.cpp:6796|IDM_"
"handleLspShowStatus","3","0","3","0","4","0","0","1","REACHABLE_COLLISION","src/core/auto_feature_real_impl.cpp:1246;src/core/auto_feature_registry.cpp:2801;src/core/auto_feature_registry.hpp:166","PRODUCT|src/core/auto_feature_real_impl.cpp:1246|& | PRODUCT|src/core/auto_feature_registry.cpp:2801|& | PRODUCT|src/core/auto_feature_registry.cpp:6781|IDM_"
"handleLspShowSymbolInfo","3","0","3","0","4","0","0","1","REACHABLE_COLLISION","src/core/auto_feature_real_impl.cpp:1251;src/core/auto_feature_registry.cpp:2811;src/core/auto_feature_registry.hpp:167","PRODUCT|src/core/auto_feature_real_impl.cpp:1251|& | PRODUCT|src/core/auto_feature_registry.cpp:2811|& | PRODUCT|src/core/auto_feature_registry.cpp:6805|IDM_"
"handleLspSrvConfig","6","0","6","2","7","0","0","1","REACHABLE_COLLISION","src/core/auto_feature_real_impl.cpp:3079;src/core/command_handlers_comprehensive.cpp:529;src/core/ssot_handlers.cpp:8128;src/core/ssot_handlers.h:181;src/core/ssot_handlers_ext.cpp:21754;src/core/win32ide_handler_impls.cpp:166","PRODUCT|src/core/auto_feature_real_impl.cpp:3079|& | PRODUCT|src/core/command_handlers_comprehensive.cpp:529|& | PRODUCT|src/core/command_registry.hpp:573|CMD_"
"handleLspSrvExportSymbols","6","0","6","2","7","0","0","1","REACHABLE_COLLISION","src/core/auto_feature_real_impl.cpp:3084;src/core/command_handlers_comprehensive.cpp:533;src/core/ssot_handlers.cpp:8156;src/core/ssot_handlers.h:182;src/core/ssot_handlers_ext.cpp:21786;src/core/win32ide_handler_impls.cpp:167","PRODUCT|src/core/auto_feature_real_impl.cpp:3084|& | PRODUCT|src/core/command_handlers_comprehensive.cpp:533|& | PRODUCT|src/core/command_registry.hpp:575|CMD_"
"handleLspSrvLaunchStdio","6","0","6","2","7","0","0","1","REACHABLE_COLLISION","src/core/auto_feature_real_impl.cpp:3091;src/core/command_handlers_comprehensive.cpp:537;src/core/ssot_handlers.cpp:8195;src/core/ssot_handlers.h:183;src/core/ssot_handlers_ext.cpp:21829;src/core/win32ide_handler_impls.cpp:168","PRODUCT|src/core/auto_feature_real_impl.cpp:3091|& | PRODUCT|src/core/command_handlers_comprehensive.cpp:537|& | PRODUCT|src/core/command_registry.hpp:576|CMD_"
"handleLspSrvPublishDiag","6","0","6","2","7","0","0","1","REACHABLE_COLLISION","src/core/auto_feature_real_impl.cpp:3101;src/core/command_handlers_comprehensive.cpp:541;src/core/ssot_handlers.cpp:8094;src/core/ssot_handlers.h:180;src/core/ssot_handlers_ext.cpp:21715;src/core/win32ide_handler_impls.cpp:169","PRODUCT|src/core/auto_feature_real_impl.cpp:3101|& | PRODUCT|src/core/command_handlers_comprehensive.cpp:541|& | PRODUCT|src/core/command_registry.hpp:571|CMD_"
"handleLspSrvReindex","6","0","6","2","7","0","0","1","REACHABLE_COLLISION","src/core/auto_feature_real_impl.cpp:3106;src/core/command_handlers_comprehensive.cpp:545;src/core/ssot_handlers.cpp:8009;src/core/ssot_handlers.h:178;src/core/ssot_handlers_ext.cpp:21623;src/core/win32ide_handler_impls.cpp:170","PRODUCT|src/core/auto_feature_real_impl.cpp:3106|& | PRODUCT|src/core/command_handlers_comprehensive.cpp:545|& | PRODUCT|src/core/command_registry.hpp:569|CMD_"
"handleLspSrvStart","6","0","7","2","8","0","0","1","REACHABLE_COLLISION","src/core/auto_feature_real_impl.cpp:3111;src/core/command_handlers_comprehensive.cpp:549;src/core/ssot_handlers.cpp:7819;src/core/ssot_handlers.h:175;src/core/ssot_handlers_ext.cpp:21425;src/core/win32ide_handler_impls.cpp:171","PRODUCT|src/core/auto_feature_real_impl.cpp:3111|& | PRODUCT|src/core/command_handlers_comprehensive.cpp:549|& | PRODUCT|src/core/command_registry.hpp:566|CMD_"
"handleLspSrvStats","6","0","6","2","7","0","0","1","REACHABLE_COLLISION","src/core/auto_feature_real_impl.cpp:3116;src/core/command_handlers_comprehensive.cpp:553;src/core/ssot_handlers.cpp:8066;src/core/ssot_handlers.h:179;src/core/ssot_handlers_ext.cpp:21683;src/core/win32ide_handler_impls.cpp:172","PRODUCT|src/core/auto_feature_real_impl.cpp:3116|& | PRODUCT|src/core/command_handlers_comprehensive.cpp:553|& | PRODUCT|src/core/command_registry.hpp:570|CMD_"
"handleLspSrvStatus","6","0","8","2","9","0","0","1","REACHABLE_COLLISION","src/core/auto_feature_real_impl.cpp:3121;src/core/command_handlers_comprehensive.cpp:557;src/core/ssot_handlers.cpp:7940;src/core/ssot_handlers.h:177;src/core/ssot_handlers_ext.cpp:21552;src/core/win32ide_handler_impls.cpp:173","PRODUCT|src/core/auto_feature_real_impl.cpp:3121|& | PRODUCT|src/core/command_handlers_comprehensive.cpp:557|& | PRODUCT|src/core/command_registry.hpp:568|CMD_"
"handleLspSrvStop","6","0","7","2","8","0","0","1","REACHABLE_COLLISION","src/core/auto_feature_real_impl.cpp:3126;src/core/command_handlers_comprehensive.cpp:561;src/core/ssot_handlers.cpp:7905;src/core/ssot_handlers.h:176;src/core/ssot_handlers_ext.cpp:21513;src/core/win32ide_handler_impls.cpp:174","PRODUCT|src/core/auto_feature_real_impl.cpp:3126|& | PRODUCT|src/core/command_handlers_comprehensive.cpp:561|& | PRODUCT|src/core/command_registry.hpp:567|CMD_"
"handleLspStartAll","6","0","6","2","8","0","0","1","REACHABLE_COLLISION","src/core/auto_feature_real_impl.cpp:3131;src/core/command_handlers_lsp.cpp:19;src/core/feature_handlers.h:231;src/core/ssot_handlers.cpp:7610;src/core/ssot_handlers_ext.cpp:13072;src/core/win32ide_handler_impls.cpp:175","PRODUCT|src/core/auto_feature_real_impl.cpp:3131|& | PRODUCT|src/core/auto_feature_registry.cpp:6775|IDM_ | PRODUCT|src/core/command_handlers_lsp.cpp:19|&"
"handleLspStatus","6","0","6","2","7","0","0","1","REACHABLE_COLLISION","src/core/auto_feature_real_impl.cpp:3136;src/core/command_handlers_comprehensive.cpp:520;src/core/feature_handlers.h:233;src/core/ssot_handlers.cpp:7618;src/core/ssot_handlers_ext.cpp:13220;src/core/win32ide_handler_impls.cpp:176","PRODUCT|src/core/auto_feature_real_impl.cpp:3136|& | PRODUCT|src/core/command_handlers_comprehensive.cpp:520|& | PRODUCT|src/core/command_registry.hpp:332|CMD_"
"handleLspStopAll","6","0","6","2","8","0","0","1","REACHABLE_COLLISION","src/core/auto_feature_real_impl.cpp:3141;src/core/command_handlers_lsp.cpp:23;src/core/feature_handlers.h:232;src/core/ssot_handlers.cpp:7614;src/core/ssot_handlers_ext.cpp:13155;src/core/win32ide_handler_impls.cpp:177","PRODUCT|src/core/auto_feature_real_impl.cpp:3141|& | PRODUCT|src/core/auto_feature_registry.cpp:6778|IDM_ | PRODUCT|src/core/command_handlers_lsp.cpp:23|&"
"handleLspSymbolInfo","6","0","6","2","7","0","0","1","REACHABLE_COLLISION","src/core/auto_feature_real_impl.cpp:3146;src/core/command_handlers_comprehensive.cpp:524;src/core/feature_handlers.h:241;src/core/ssot_handlers.cpp:4056;src/core/ssot_handlers_ext.cpp:13814;src/core/win32ide_handler_impls.cpp:178","PRODUCT|src/core/auto_feature_real_impl.cpp:3146|& | PRODUCT|src/core/command_handlers_comprehensive.cpp:524|& | PRODUCT|src/core/command_registry.hpp:340|CMD_"
"handleManifestJSON","3","0","3","1","4","0","0","1","REACHABLE_COLLISION","src/core/feature_handlers.cpp:3304;src/core/feature_handlers.h:489;src/core/win32ide_handler_impls.cpp:179","PRODUCT|src/core/command_registry.hpp:714|CMD_ | PRODUCT|src/core/feature_handlers.cpp:3304|& | PRODUCT|src/core/feature_handlers.h:489|&"
"handleManifestMarkdown","3","0","3","1","4","0","0","1","REACHABLE_COLLISION","src/core/feature_handlers.cpp:3310;src/core/feature_handlers.h:490;src/core/win32ide_handler_impls.cpp:180","PRODUCT|src/core/command_registry.hpp:715|CMD_ | PRODUCT|src/core/feature_handlers.cpp:3310|& | PRODUCT|src/core/feature_handlers.h:490|&"
"handleManifestSelfTest","3","0","3","1","4","0","0","1","REACHABLE_COLLISION","src/core/feature_handlers.cpp:3316;src/core/feature_handlers.h:491;src/core/win32ide_handler_impls.cpp:181","PRODUCT|src/core/command_registry.hpp:716|CMD_ | PRODUCT|src/core/feature_handlers.cpp:3316|& | PRODUCT|src/core/feature_handlers.h:491|&"
"handleMarketplaceInstall","6","0","7","2","7","0","0","1","REACHABLE_COLLISION","src/core/auto_feature_real_impl.cpp:3159;src/core/command_handlers_comprehensive.cpp:83;src/core/feature_handlers.h:465;src/core/ssot_handlers.cpp:4103;src/core/ssot_handlers_ext.cpp:8126;src/core/win32ide_handler_impls.cpp:182","PRODUCT|src/core/auto_feature_real_impl.cpp:3159|& | PRODUCT|src/core/command_handlers_comprehensive.cpp:83|& | PRODUCT|src/core/command_registry.hpp:853|&"
"handleMarketplaceList","6","0","7","2","7","0","0","1","REACHABLE_COLLISION","src/core/auto_feature_real_impl.cpp:3169;src/core/command_handlers_comprehensive.cpp:78;src/core/feature_handlers.h:464;src/core/ssot_handlers.cpp:4227;src/core/ssot_handlers_ext.cpp:8079;src/core/win32ide_handler_impls.cpp:183","PRODUCT|src/core/auto_feature_real_impl.cpp:3169|& | PRODUCT|src/core/command_handlers_comprehensive.cpp:78|& | PRODUCT|src/core/command_registry.hpp:850|&"
"HandleMCPHooks","3","0","3","3","4","0","0","1","REACHABLE_COLLISION","src/core/command_handlers_comprehensive.cpp:1098;src/core/rawrengine_command_handlers.cpp:139;src/core/win32ide_handler_impls.cpp:184","PRODUCT|src/core/command_handlers_comprehensive.cpp:1098|& | PRODUCT|src/core/command_registry.hpp:912|CMD_ | PRODUCT|src/core/rawrengine_command_handlers.cpp:139|&"
"HandleMeshBrain","3","0","3","3","4","0","0","1","REACHABLE_COLLISION","src/core/command_handlers_comprehensive.cpp:1075;src/core/rawrengine_command_handlers.cpp:76;src/core/win32ide_handler_impls.cpp:185","PRODUCT|src/core/command_handlers_comprehensive.cpp:1075|& | PRODUCT|src/core/command_registry.hpp:897|CMD_ | PRODUCT|src/core/rawrengine_command_handlers.cpp:76|&"
"handleModelBfCancel","1","0","1","0","2","0","0","1","REAL_REACHABLE_SINGLE","src/core/auto_feature_registry.cpp:5818","PRODUCT|src/core/auto_feature_registry.cpp:5818|& | PRODUCT|src/core/auto_feature_registry.cpp:7547|IDM_"
"handleModelBfExportHtml","1","0","1","0","2","0","0","1","REAL_REACHABLE_SINGLE","src/core/auto_feature_registry.cpp:5858","PRODUCT|src/core/auto_feature_registry.cpp:5858|& | PRODUCT|src/core/auto_feature_registry.cpp:7553|IDM_"
"handleModelBfExportJson","1","0","1","0","2","0","0","1","REAL_REACHABLE_SINGLE","src/core/auto_feature_registry.cpp:5829","PRODUCT|src/core/auto_feature_registry.cpp:5829|& | PRODUCT|src/core/auto_feature_registry.cpp:7550|IDM_"
"handleModelBfHotpatchApply","1","0","1","0","2","0","0","1","REAL_REACHABLE_SINGLE","src/core/auto_feature_registry.cpp:5985","PRODUCT|src/core/auto_feature_registry.cpp:5985|& | PRODUCT|src/core/auto_feature_registry.cpp:7565|IDM_"
"handleModelBfHotpatchDisable","1","0","1","0","2","0","0","1","REAL_REACHABLE_SINGLE","src/core/auto_feature_registry.cpp:5969","PRODUCT|src/core/auto_feature_registry.cpp:5969|& | PRODUCT|src/core/auto_feature_registry.cpp:7562|IDM_"
"handleModelBfHotpatchEnable","1","0","1","0","2","0","0","1","REAL_REACHABLE_SINGLE","src/core/auto_feature_registry.cpp:5918","PRODUCT|src/core/auto_feature_registry.cpp:5918|& | PRODUCT|src/core/auto_feature_registry.cpp:7559|IDM_"
"handleModelBfHotpatchRollback","1","0","1","0","2","0","0","1","REAL_REACHABLE_SINGLE","src/core/auto_feature_registry.cpp:6050","PRODUCT|src/core/auto_feature_registry.cpp:6050|& | PRODUCT|src/core/auto_feature_registry.cpp:7568|IDM_"
"handleModelBfHotpatchStatus","1","0","1","0","2","0","0","1","REAL_REACHABLE_SINGLE","src/core/auto_feature_registry.cpp:6069","PRODUCT|src/core/auto_feature_registry.cpp:6069|& | PRODUCT|src/core/auto_feature_registry.cpp:7571|IDM_"
"handleModelBfProbeSingle","1","0","1","0","2","0","0","1","REAL_REACHABLE_SINGLE","src/core/auto_feature_registry.cpp:5750","PRODUCT|src/core/auto_feature_registry.cpp:5750|& | PRODUCT|src/core/auto_feature_registry.cpp:7541|IDM_"
"handleModelBfScanAll","1","0","1","0","2","0","0","1","REAL_REACHABLE_SINGLE","src/core/auto_feature_registry.cpp:5706","PRODUCT|src/core/auto_feature_registry.cpp:5706|& | PRODUCT|src/core/auto_feature_registry.cpp:7538|IDM_"
"handleModelBfShowResults","1","0","1","0","2","0","0","1","REAL_REACHABLE_SINGLE","src/core/auto_feature_registry.cpp:5796","PRODUCT|src/core/auto_feature_registry.cpp:5796|& | PRODUCT|src/core/auto_feature_registry.cpp:7544|IDM_"
"handleModelBfStatus","1","0","1","0","2","0","0","1","REAL_REACHABLE_SINGLE","src/core/auto_feature_registry.cpp:5886","PRODUCT|src/core/auto_feature_registry.cpp:5886|& | PRODUCT|src/core/auto_feature_registry.cpp:7556|IDM_"
"handleModelFinetune","6","0","6","2","7","0","0","1","REACHABLE_COLLISION","src/core/auto_feature_real_impl.cpp:3174;src/core/command_handlers_comprehensive.cpp:50;src/core/feature_handlers.h:443;src/core/ssot_handlers.cpp:4298;src/core/ssot_handlers_ext.cpp:25415;src/core/win32ide_handler_impls.cpp:186","PRODUCT|src/core/auto_feature_real_impl.cpp:3174|& | PRODUCT|src/core/command_handlers_comprehensive.cpp:50|& | PRODUCT|src/core/command_registry.hpp:838|CMD_"
"handleModelList","6","0","6","2","7","0","0","1","REACHABLE_COLLISION","src/core/auto_feature_real_impl.cpp:3184;src/core/command_handlers_comprehensive.cpp:30;src/core/feature_handlers.h:440;src/core/ssot_handlers.cpp:4368;src/core/ssot_handlers_ext.cpp:25398;src/core/win32ide_handler_impls.cpp:187","PRODUCT|src/core/auto_feature_real_impl.cpp:3184|& | PRODUCT|src/core/command_handlers_comprehensive.cpp:30|& | PRODUCT|src/core/command_registry.hpp:834|CMD_"
"handleModelLoad","6","0","6","2","7","0","0","1","REACHABLE_COLLISION","src/core/auto_feature_real_impl.cpp:3189;src/core/command_handlers_comprehensive.cpp:35;src/core/feature_handlers.h:441;src/core/ssot_handlers.cpp:4417;src/core/ssot_handlers_ext.cpp:25365;src/core/win32ide_handler_impls.cpp:188","PRODUCT|src/core/auto_feature_real_impl.cpp:3189|& | PRODUCT|src/core/command_handlers_comprehensive.cpp:35|& | PRODUCT|src/core/command_registry.hpp:835|CMD_"
"handleModelQuantize","6","0","6","2","7","0","0","1","REACHABLE_COLLISION","src/core/auto_feature_real_impl.cpp:3199;src/core/command_handlers_comprehensive.cpp:45;src/core/feature_handlers.h:442;src/core/ssot_handlers.cpp:4469;src/core/ssot_handlers_ext.cpp:25429;src/core/win32ide_handler_impls.cpp:189","PRODUCT|src/core/auto_feature_real_impl.cpp:3199|& | PRODUCT|src/core/command_handlers_comprehensive.cpp:45|& | PRODUCT|src/core/command_registry.hpp:837|CMD_"
"handleModelUnload","6","0","6","3","8","0","0","1","REACHABLE_COLLISION","src/core/auto_feature_real_impl.cpp:3209;src/core/command_handlers_comprehensive.cpp:40;src/core/feature_handlers.h:444;src/core/ssot_handlers.cpp:4560;src/core/ssot_handlers_ext.cpp:25384;src/core/win32ide_handler_impls.cpp:190","PRODUCT|src/core/auto_feature_impl.cpp:126|\{ | PRODUCT|src/core/auto_feature_real_impl.cpp:3209|& | PRODUCT|src/core/command_handlers_comprehensive.cpp:40|&"
"handleModulesExport","3","0","3","0","4","0","0","1","REACHABLE_COLLISION","src/core/auto_feature_real_impl.cpp:1261;src/core/auto_feature_registry.cpp:2837;src/core/auto_feature_registry.hpp:168","PRODUCT|src/core/auto_feature_real_impl.cpp:1261|& | PRODUCT|src/core/auto_feature_registry.cpp:2837|& | PRODUCT|src/core/auto_feature_registry.cpp:6849|IDM_"
"handleModulesImport","3","0","3","0","4","0","0","1","REACHABLE_COLLISION","src/core/auto_feature_real_impl.cpp:1271;src/core/auto_feature_registry.cpp:2859;src/core/auto_feature_registry.hpp:169","PRODUCT|src/core/auto_feature_real_impl.cpp:1271|& | PRODUCT|src/core/auto_feature_registry.cpp:2859|& | PRODUCT|src/core/auto_feature_registry.cpp:6846|IDM_"
"handleModulesRefresh","3","0","3","0","4","0","0","1","REACHABLE_COLLISION","src/core/auto_feature_real_impl.cpp:1281;src/core/auto_feature_registry.cpp:2876;src/core/auto_feature_registry.hpp:170","PRODUCT|src/core/auto_feature_real_impl.cpp:1281|& | PRODUCT|src/core/auto_feature_registry.cpp:2876|& | PRODUCT|src/core/auto_feature_registry.cpp:6843|IDM_"
"handleMonacoDevtools","6","0","6","2","7","0","0","1","REACHABLE_COLLISION","src/core/auto_feature_real_impl.cpp:3214;src/core/command_handlers_comprehensive.cpp:566;src/core/ssot_handlers.cpp:7588;src/core/ssot_handlers.h:168;src/core/ssot_handlers_ext.cpp:21336;src/core/win32ide_handler_impls.cpp:191","PRODUCT|src/core/auto_feature_real_impl.cpp:3214|& | PRODUCT|src/core/command_handlers_comprehensive.cpp:566|& | PRODUCT|src/core/command_registry.hpp:556|CMD_"
"handleMonacoReload","6","0","6","2","7","0","0","1","REACHABLE_COLLISION","src/core/auto_feature_real_impl.cpp:3219;src/core/command_handlers_comprehensive.cpp:570;src/core/ssot_handlers.cpp:7592;src/core/ssot_handlers.h:169;src/core/ssot_handlers_ext.cpp:21353;src/core/win32ide_handler_impls.cpp:192","PRODUCT|src/core/auto_feature_real_impl.cpp:3219|& | PRODUCT|src/core/command_handlers_comprehensive.cpp:570|& | PRODUCT|src/core/command_registry.hpp:558|CMD_"
"handleMonacoSyncTheme","6","0","6","2","7","0","0","1","REACHABLE_COLLISION","src/core/auto_feature_real_impl.cpp:3224;src/core/command_handlers_comprehensive.cpp:574;src/core/ssot_handlers.cpp:7604;src/core/ssot_handlers.h:172;src/core/ssot_handlers_ext.cpp:21404;src/core/win32ide_handler_impls.cpp:193","PRODUCT|src/core/auto_feature_real_impl.cpp:3224|& | PRODUCT|src/core/command_handlers_comprehensive.cpp:574|& | PRODUCT|src/core/command_registry.hpp:562|CMD_"
"handleMonacoToggle","6","0","6","2","7","0","0","1","REACHABLE_COLLISION","src/core/auto_feature_real_impl.cpp:3229;src/core/command_handlers_comprehensive.cpp:578;src/core/ssot_handlers.cpp:7584;src/core/ssot_handlers.h:167;src/core/ssot_handlers_ext.cpp:21319;src/core/win32ide_handler_impls.cpp:194","PRODUCT|src/core/auto_feature_real_impl.cpp:3229|& | PRODUCT|src/core/command_handlers_comprehensive.cpp:578|& | PRODUCT|src/core/command_registry.hpp:555|CMD_"
"handleMonacoZoomIn","6","0","6","2","7","0","0","1","REACHABLE_COLLISION","src/core/auto_feature_real_impl.cpp:3234;src/core/command_handlers_comprehensive.cpp:582;src/core/ssot_handlers.cpp:7596;src/core/ssot_handlers.h:170;src/core/ssot_handlers_ext.cpp:21370;src/core/win32ide_handler_impls.cpp:195","PRODUCT|src/core/auto_feature_real_impl.cpp:3234|& | PRODUCT|src/core/command_handlers_comprehensive.cpp:582|& | PRODUCT|src/core/command_registry.hpp:559|CMD_"
"handleMonacoZoomOut","6","0","6","2","7","0","0","1","REACHABLE_COLLISION","src/core/auto_feature_real_impl.cpp:3239;src/core/command_handlers_comprehensive.cpp:586;src/core/ssot_handlers.cpp:7600;src/core/ssot_handlers.h:171;src/core/ssot_handlers_ext.cpp:21387;src/core/win32ide_handler_impls.cpp:196","PRODUCT|src/core/auto_feature_real_impl.cpp:3239|& | PRODUCT|src/core/command_handlers_comprehensive.cpp:586|& | PRODUCT|src/core/command_registry.hpp:560|CMD_"
"handleMultiRespApplyPreferred","6","0","6","2","8","0","0","1","REACHABLE_COLLISION","src/core/auto_feature_real_impl.cpp:3247;src/core/command_handlers_comprehensive.cpp:137;src/core/feature_handlers.h:294;src/core/ssot_handlers.cpp:4599;src/core/ssot_handlers_ext.cpp:18770;src/core/win32ide_handler_impls.cpp:197","PRODUCT|src/core/auto_feature_real_impl.cpp:3247|& | PRODUCT|src/core/auto_feature_registry.cpp:6884|IDM_ | PRODUCT|src/core/command_handlers_comprehensive.cpp:137|&"
"handleMultiRespClearHistory","6","0","6","2","8","0","0","1","REACHABLE_COLLISION","src/core/auto_feature_real_impl.cpp:3252;src/core/command_handlers_comprehensive.cpp:142;src/core/feature_handlers.h:293;src/core/ssot_handlers.cpp:4606;src/core/ssot_handlers_ext.cpp:18632;src/core/win32ide_handler_impls.cpp:198","PRODUCT|src/core/auto_feature_real_impl.cpp:3252|& | PRODUCT|src/core/auto_feature_registry.cpp:6881|IDM_ | PRODUCT|src/core/command_handlers_comprehensive.cpp:142|&"
"handleMultiRespCompare","6","0","6","2","8","0","0","1","REACHABLE_COLLISION","src/core/auto_feature_real_impl.cpp:3257;src/core/command_handlers_comprehensive.cpp:116;src/core/feature_handlers.h:286;src/core/ssot_handlers.cpp:4613;src/core/ssot_handlers_ext.cpp:17897;src/core/win32ide_handler_impls.cpp:199","PRODUCT|src/core/auto_feature_real_impl.cpp:3257|& | PRODUCT|src/core/auto_feature_registry.cpp:6860|IDM_ | PRODUCT|src/core/command_handlers_comprehensive.cpp:116|&"
"handleMultiRespGenerate","6","0","6","2","8","0","0","1","REACHABLE_COLLISION","src/core/auto_feature_real_impl.cpp:3262;src/core/command_handlers_comprehensive.cpp:106;src/core/feature_handlers.h:283;src/core/ssot_handlers.cpp:4620;src/core/ssot_handlers_ext.cpp:17602;src/core/win32ide_handler_impls.cpp:200","PRODUCT|src/core/auto_feature_real_impl.cpp:3262|& | PRODUCT|src/core/auto_feature_registry.cpp:6854|IDM_ | PRODUCT|src/core/command_handlers_comprehensive.cpp:106|&"
"handleMultiResponse","2","0","2","0","2","0","0","1","REACHABLE_COLLISION","src/core/feature_handlers.cpp:2601;src/core/feature_handlers.h:161","PRODUCT|src/core/feature_handlers.cpp:2601|& | PRODUCT|src/core/feature_handlers.h:161|&"
"handleMultiRespSelectPreferred","6","0","6","2","8","0","0","1","REACHABLE_COLLISION","src/core/auto_feature_real_impl.cpp:3272;src/core/command_handlers_comprehensive.cpp:111;src/core/feature_handlers.h:285;src/core/ssot_handlers.cpp:4627;src/core/ssot_handlers_ext.cpp:17758;src/core/win32ide_handler_impls.cpp:201","PRODUCT|src/core/auto_feature_real_impl.cpp:3272|& | PRODUCT|src/core/auto_feature_registry.cpp:6857|IDM_ | PRODUCT|src/core/command_handlers_comprehensive.cpp:111|&"
"handleMultiRespSetMax","6","0","6","2","7","0","0","1","REACHABLE_COLLISION","src/core/auto_feature_real_impl.cpp:3282;src/core/command_handlers_comprehensive.cpp:147;src/core/feature_handlers.h:284;src/core/ssot_handlers.cpp:4638;src/core/ssot_handlers_ext.cpp:17620;src/core/win32ide_handler_impls.cpp:202","PRODUCT|src/core/auto_feature_real_impl.cpp:3282|& | PRODUCT|src/core/command_handlers_comprehensive.cpp:147|& | PRODUCT|src/core/command_registry.hpp:395|CMD_"
"handleMultiRespShowLatest","6","0","6","2","8","0","0","1","REACHABLE_COLLISION","src/core/auto_feature_real_impl.cpp:3289;src/core/command_handlers_comprehensive.cpp:152;src/core/feature_handlers.h:291;src/core/ssot_handlers.cpp:4649;src/core/ssot_handlers_ext.cpp:18360;src/core/win32ide_handler_impls.cpp:203","PRODUCT|src/core/auto_feature_real_impl.cpp:3289|& | PRODUCT|src/core/auto_feature_registry.cpp:6875|IDM_ | PRODUCT|src/core/command_handlers_comprehensive.cpp:152|&"
"handleMultiRespShowPrefs","6","0","6","2","8","0","0","1","REACHABLE_COLLISION","src/core/auto_feature_real_impl.cpp:3294;src/core/command_handlers_comprehensive.cpp:157;src/core/feature_handlers.h:290;src/core/ssot_handlers.cpp:4656;src/core/ssot_handlers_ext.cpp:18202;src/core/win32ide_handler_impls.cpp:204","PRODUCT|src/core/auto_feature_real_impl.cpp:3294|& | PRODUCT|src/core/auto_feature_registry.cpp:6872|IDM_ | PRODUCT|src/core/command_handlers_comprehensive.cpp:157|&"
"handleMultiRespShowStats","6","0","6","2","8","0","0","1","REACHABLE_COLLISION","src/core/auto_feature_real_impl.cpp:3299;src/core/command_handlers_comprehensive.cpp:121;src/core/feature_handlers.h:287;src/core/ssot_handlers.cpp:4663;src/core/ssot_handlers_ext.cpp:17915;src/core/win32ide_handler_impls.cpp:205","PRODUCT|src/core/auto_feature_real_impl.cpp:3299|& | PRODUCT|src/core/auto_feature_registry.cpp:6863|IDM_ | PRODUCT|src/core/command_handlers_comprehensive.cpp:121|&"
"handleMultiRespShowStatus","6","0","6","2","8","0","0","1","REACHABLE_COLLISION","src/core/auto_feature_real_impl.cpp:3304;src/core/command_handlers_comprehensive.cpp:162;src/core/feature_handlers.h:292;src/core/ssot_handlers.cpp:4670;src/core/ssot_handlers_ext.cpp:18490;src/core/win32ide_handler_impls.cpp:206","PRODUCT|src/core/auto_feature_real_impl.cpp:3304|& | PRODUCT|src/core/auto_feature_registry.cpp:6878|IDM_ | PRODUCT|src/core/command_handlers_comprehensive.cpp:162|&"
"handleMultiRespShowTemplates","6","0","6","2","8","0","0","1","REACHABLE_COLLISION","src/core/auto_feature_real_impl.cpp:3309;src/core/command_handlers_comprehensive.cpp:126;src/core/feature_handlers.h:288;src/core/ssot_handlers.cpp:4677;src/core/ssot_handlers_ext.cpp:18056;src/core/win32ide_handler_impls.cpp:207","PRODUCT|src/core/auto_feature_real_impl.cpp:3309|& | PRODUCT|src/core/auto_feature_registry.cpp:6866|IDM_ | PRODUCT|src/core/command_handlers_comprehensive.cpp:126|&"
"handleMultiRespToggleTemplate","6","0","6","2","8","0","0","1","REACHABLE_COLLISION","src/core/auto_feature_real_impl.cpp:3314;src/core/command_handlers_comprehensive.cpp:131;src/core/feature_handlers.h:289;src/core/ssot_handlers.cpp:4684;src/core/ssot_handlers_ext.cpp:18119;src/core/win32ide_handler_impls.cpp:208","PRODUCT|src/core/auto_feature_real_impl.cpp:3314|& | PRODUCT|src/core/auto_feature_registry.cpp:6869|IDM_ | PRODUCT|src/core/command_handlers_comprehensive.cpp:131|&"
"HandleNeuralBridge","3","0","3","3","4","0","0","1","REACHABLE_COLLISION","src/core/command_handlers_comprehensive.cpp:1078;src/core/rawrengine_command_handlers.cpp:88;src/core/win32ide_handler_impls.cpp:209","PRODUCT|src/core/command_handlers_comprehensive.cpp:1078|& | PRODUCT|src/core/command_registry.hpp:900|CMD_ | PRODUCT|src/core/rawrengine_command_handlers.cpp:88|&"
"HandleOmegaOrchestrator","3","0","3","3","4","0","0","1","REACHABLE_COLLISION","src/core/command_handlers_comprehensive.cpp:1081;src/core/rawrengine_command_handlers.cpp:70;src/core/win32ide_handler_impls.cpp:210","PRODUCT|src/core/command_handlers_comprehensive.cpp:1081|& | PRODUCT|src/core/command_registry.hpp:896|CMD_ | PRODUCT|src/core/rawrengine_command_handlers.cpp:70|&"
"HandleOSExplorerInterceptor","3","0","3","3","4","0","0","1","REACHABLE_COLLISION","src/core/command_handlers_comprehensive.cpp:1101;src/core/rawrengine_command_handlers.cpp:127;src/core/win32ide_handler_impls.cpp:211","PRODUCT|src/core/command_handlers_comprehensive.cpp:1101|& | PRODUCT|src/core/command_registry.hpp:911|CMD_ | PRODUCT|src/core/rawrengine_command_handlers.cpp:127|&"
"handlePdbCacheClear","6","0","6","1","8","0","0","1","REACHABLE_COLLISION","src/core/auto_feature_real_impl.cpp:1286;src/core/auto_feature_registry.cpp:2895;src/core/auto_feature_registry.hpp:171;src/core/ssot_handlers.cpp:8352;src/core/ssot_handlers.h:196;src/core/ssot_handlers_ext.cpp:22014","PRODUCT|src/core/auto_feature_real_impl.cpp:1286|& | PRODUCT|src/core/auto_feature_registry.cpp:2895|& | PRODUCT|src/core/auto_feature_registry.cpp:6898|IDM_"
"handlePdbEnable","6","0","6","1","8","0","0","1","REACHABLE_COLLISION","src/core/auto_feature_real_impl.cpp:1291;src/core/auto_feature_registry.cpp:2907;src/core/auto_feature_registry.hpp:172;src/core/ssot_handlers.cpp:8373;src/core/ssot_handlers.h:197;src/core/ssot_handlers_ext.cpp:22031","PRODUCT|src/core/auto_feature_real_impl.cpp:1291|& | PRODUCT|src/core/auto_feature_registry.cpp:2907|& | PRODUCT|src/core/auto_feature_registry.cpp:6901|IDM_"
"handlePdbExports","6","0","6","1","8","0","0","1","REACHABLE_COLLISION","src/core/auto_feature_real_impl.cpp:1296;src/core/auto_feature_registry.cpp:2919;src/core/auto_feature_registry.hpp:173;src/core/ssot_handlers.cpp:8451;src/core/ssot_handlers.h:200;src/core/ssot_handlers_ext.cpp:22089","PRODUCT|src/core/auto_feature_real_impl.cpp:1296|& | PRODUCT|src/core/auto_feature_registry.cpp:2919|& | PRODUCT|src/core/auto_feature_registry.cpp:6910|IDM_"
"handlePdbFetch","6","0","6","1","8","0","0","1","REACHABLE_COLLISION","src/core/auto_feature_real_impl.cpp:1306;src/core/auto_feature_registry.cpp:2938;src/core/auto_feature_registry.hpp:174;src/core/ssot_handlers.cpp:8295;src/core/ssot_handlers.h:194;src/core/ssot_handlers_ext.cpp:21977","PRODUCT|src/core/auto_feature_real_impl.cpp:1306|& | PRODUCT|src/core/auto_feature_registry.cpp:2938|& | PRODUCT|src/core/auto_feature_registry.cpp:6892|IDM_"
"handlePdbIatStatus","6","0","6","1","8","0","0","1","REACHABLE_COLLISION","src/core/auto_feature_real_impl.cpp:1316;src/core/auto_feature_registry.cpp:2961;src/core/auto_feature_registry.hpp:175;src/core/ssot_handlers.cpp:8485;src/core/ssot_handlers.h:201;src/core/ssot_handlers_ext.cpp:22108","PRODUCT|src/core/auto_feature_real_impl.cpp:1316|& | PRODUCT|src/core/auto_feature_registry.cpp:2961|& | PRODUCT|src/core/auto_feature_registry.cpp:6913|IDM_"
"handlePdbImports","6","0","6","1","8","0","0","1","REACHABLE_COLLISION","src/core/auto_feature_real_impl.cpp:1321;src/core/auto_feature_registry.cpp:2974;src/core/auto_feature_registry.hpp:176;src/core/ssot_handlers.cpp:8417;src/core/ssot_handlers.h:199;src/core/ssot_handlers_ext.cpp:22070","PRODUCT|src/core/auto_feature_real_impl.cpp:1321|& | PRODUCT|src/core/auto_feature_registry.cpp:2974|& | PRODUCT|src/core/auto_feature_registry.cpp:6907|IDM_"
"handlePdbLoad","6","0","6","1","8","0","0","1","REACHABLE_COLLISION","src/core/auto_feature_real_impl.cpp:1331;src/core/auto_feature_registry.cpp:2992;src/core/auto_feature_registry.hpp:177;src/core/ssot_handlers.cpp:8251;src/core/ssot_handlers.h:193;src/core/ssot_handlers_ext.cpp:21955","PRODUCT|src/core/auto_feature_real_impl.cpp:1331|& | PRODUCT|src/core/auto_feature_registry.cpp:2992|& | PRODUCT|src/core/auto_feature_registry.cpp:6889|IDM_"
"handlePdbResolve","6","0","6","1","8","0","0","1","REACHABLE_COLLISION","src/core/auto_feature_real_impl.cpp:1341;src/core/auto_feature_registry.cpp:3011;src/core/auto_feature_registry.hpp:178;src/core/ssot_handlers.cpp:8383;src/core/ssot_handlers.h:198;src/core/ssot_handlers_ext.cpp:22048","PRODUCT|src/core/auto_feature_real_impl.cpp:1341|& | PRODUCT|src/core/auto_feature_registry.cpp:3011|& | PRODUCT|src/core/auto_feature_registry.cpp:6904|IDM_"
"handlePdbStatus","6","0","6","1","8","0","0","1","REACHABLE_COLLISION","src/core/auto_feature_real_impl.cpp:1351;src/core/auto_feature_registry.cpp:3034;src/core/auto_feature_registry.hpp:179;src/core/ssot_handlers.cpp:8332;src/core/ssot_handlers.h:195;src/core/ssot_handlers_ext.cpp:21994","PRODUCT|src/core/auto_feature_real_impl.cpp:1351|& | PRODUCT|src/core/auto_feature_registry.cpp:3034|& | PRODUCT|src/core/auto_feature_registry.cpp:6895|IDM_"
"handlePerfAnalyze","1","0","1","0","2","0","0","1","REAL_REACHABLE_SINGLE","src/core/auto_feature_registry.cpp:1123","PRODUCT|src/core/auto_feature_registry.cpp:1123|& | PRODUCT|src/core/auto_feature_registry.cpp:6258|IDM_"
"HandlePerfTelemetry","3","0","3","3","4","0","0","1","REACHABLE_COLLISION","src/core/command_handlers_comprehensive.cpp:1104;src/core/rawrengine_command_handlers.cpp:255;src/core/win32ide_handler_impls.cpp:212","PRODUCT|src/core/command_handlers_comprehensive.cpp:1104|& | PRODUCT|src/core/command_registry.hpp:925|CMD_ | PRODUCT|src/core/rawrengine_command_handlers.cpp:255|&"
"handlePluginConfigure","6","0","6","2","8","0","0","1","REACHABLE_COLLISION","src/core/auto_feature_real_impl.cpp:3327;src/core/command_handlers_comprehensive.cpp:591;src/core/feature_handlers.h:417;src/core/ssot_handlers.cpp:4695;src/core/ssot_handlers_ext.cpp:6692;src/core/win32ide_handler_impls.cpp:213","PRODUCT|src/core/auto_feature_real_impl.cpp:3327|& | PRODUCT|src/core/auto_feature_registry.cpp:6942|IDM_ | PRODUCT|src/core/command_handlers_comprehensive.cpp:591|&"
"handlePluginLoad","6","0","6","2","8","0","0","1","REACHABLE_COLLISION","src/core/auto_feature_real_impl.cpp:3337;src/core/command_handlers_comprehensive.cpp:595;src/core/feature_handlers.h:410;src/core/ssot_handlers.cpp:4702;src/core/ssot_handlers_ext.cpp:6352;src/core/win32ide_handler_impls.cpp:214","PRODUCT|src/core/auto_feature_real_impl.cpp:3337|& | PRODUCT|src/core/auto_feature_registry.cpp:6921|IDM_ | PRODUCT|src/core/command_handlers_comprehensive.cpp:595|&"
"handlePluginRefresh","6","0","6","2","8","0","0","1","REACHABLE_COLLISION","src/core/auto_feature_real_impl.cpp:3347;src/core/command_handlers_comprehensive.cpp:599;src/core/feature_handlers.h:413;src/core/ssot_handlers.cpp:4709;src/core/ssot_handlers_ext.cpp:6537;src/core/win32ide_handler_impls.cpp:215","PRODUCT|src/core/auto_feature_real_impl.cpp:3347|& | PRODUCT|src/core/auto_feature_registry.cpp:6930|IDM_ | PRODUCT|src/core/command_handlers_comprehensive.cpp:599|&"
"handlePluginScanDir","6","0","6","2","8","0","0","1","REACHABLE_COLLISION","src/core/auto_feature_real_impl.cpp:3352;src/core/command_handlers_comprehensive.cpp:603;src/core/feature_handlers.h:414;src/core/ssot_handlers.cpp:4716;src/core/ssot_handlers_ext.cpp:6596;src/core/win32ide_handler_impls.cpp:216","PRODUCT|src/core/auto_feature_real_impl.cpp:3352|& | PRODUCT|src/core/auto_feature_registry.cpp:6933|IDM_ | PRODUCT|src/core/command_handlers_comprehensive.cpp:603|&"
"handlePluginShowPanel","7","0","8","2","10","0","0","1","REACHABLE_COLLISION","src/core/auto_feature_real_impl.cpp:3359;src/core/command_handlers_comprehensive.cpp:607;src/core/feature_handlers.h:409;src/core/ssot_handlers.cpp:4723;src/core/ssot_handlers_ext.cpp:6322;src/core/win32ide_handler_impls.cpp:217","PRODUCT|src/core/auto_feature_real_impl.cpp:3359|& | PRODUCT|src/core/auto_feature_registry.cpp:6918|IDM_ | PRODUCT|src/core/command_handlers_comprehensive.cpp:607|&"
"handlePluginShowStatus","6","0","6","2","8","0","0","1","REACHABLE_COLLISION","src/core/auto_feature_real_impl.cpp:3364;src/core/command_handlers_comprehensive.cpp:611;src/core/feature_handlers.h:415;src/core/ssot_handlers.cpp:4730;src/core/ssot_handlers_ext.cpp:6626;src/core/win32ide_handler_impls.cpp:218","PRODUCT|src/core/auto_feature_real_impl.cpp:3364|& | PRODUCT|src/core/auto_feature_registry.cpp:6936|IDM_ | PRODUCT|src/core/command_handlers_comprehensive.cpp:611|&"
"HandlePluginSignature","3","0","3","3","4","0","0","1","REACHABLE_COLLISION","src/core/command_handlers_comprehensive.cpp:1118;src/core/rawrengine_command_handlers.cpp:279;src/core/win32ide_handler_impls.cpp:219","PRODUCT|src/core/command_handlers_comprehensive.cpp:1118|& | PRODUCT|src/core/command_registry.hpp:927|CMD_ | PRODUCT|src/core/rawrengine_command_handlers.cpp:279|&"
"handlePluginToggleHotload","6","0","6","2","8","0","0","1","REACHABLE_COLLISION","src/core/auto_feature_real_impl.cpp:3369;src/core/command_handlers_comprehensive.cpp:615;src/core/feature_handlers.h:416;src/core/ssot_handlers.cpp:4737;src/core/ssot_handlers_ext.cpp:6652;src/core/win32ide_handler_impls.cpp:220","PRODUCT|src/core/auto_feature_real_impl.cpp:3369|& | PRODUCT|src/core/auto_feature_registry.cpp:6939|IDM_ | PRODUCT|src/core/command_handlers_comprehensive.cpp:615|&"
"handlePluginUnload","6","0","6","2","8","0","0","1","REACHABLE_COLLISION","src/core/auto_feature_real_impl.cpp:3374;src/core/command_handlers_comprehensive.cpp:619;src/core/feature_handlers.h:411;src/core/ssot_handlers.cpp:4746;src/core/ssot_handlers_ext.cpp:6428;src/core/win32ide_handler_impls.cpp:221","PRODUCT|src/core/auto_feature_real_impl.cpp:3374|& | PRODUCT|src/core/auto_feature_registry.cpp:6924|IDM_ | PRODUCT|src/core/command_handlers_comprehensive.cpp:619|&"
"handlePluginUnloadAll","6","0","6","2","8","0","0","1","REACHABLE_COLLISION","src/core/auto_feature_real_impl.cpp:3384;src/core/command_handlers_comprehensive.cpp:623;src/core/feature_handlers.h:412;src/core/ssot_handlers.cpp:4753;src/core/ssot_handlers_ext.cpp:6505;src/core/win32ide_handler_impls.cpp:222","PRODUCT|src/core/auto_feature_real_impl.cpp:3384|& | PRODUCT|src/core/auto_feature_registry.cpp:6927|IDM_ | PRODUCT|src/core/command_handlers_comprehensive.cpp:623|&"
"handlePolicy","2","0","2","0","2","0","0","1","REACHABLE_COLLISION","src/core/feature_handlers.cpp:2643;src/core/feature_handlers.h:164","PRODUCT|src/core/feature_handlers.cpp:2643|& | PRODUCT|src/core/feature_handlers.h:164|&"
"handleProblemsShow","1","0","1","0","1","0","0","1","REAL_REACHABLE_SINGLE","src/core/ssot_handlers_ext.cpp:27148","PRODUCT|src/core/ssot_handlers_ext.cpp:27148|&"
"handleProfile","3","0","3","4","7","0","0","1","REACHABLE_COLLISION","src/core/feature_handlers.cpp:3395;src/core/feature_handlers.h:499;src/core/win32ide_handler_impls.cpp:223","PRODUCT|src/core/command_registry.hpp:675|CMD_ | PRODUCT|src/core/command_registry.hpp:676|CMD_ | PRODUCT|src/core/command_registry.hpp:677|CMD_"
"handlePromptClassifyContext","5","0","5","2","6","0","0","1","REACHABLE_COLLISION","src/core/command_handlers_comprehensive.cpp:628;src/core/feature_handlers.h:483;src/core/ssot_handlers.cpp:4760;src/core/ssot_handlers_ext.cpp:8656;src/core/win32ide_handler_impls.cpp:224","PRODUCT|src/core/command_handlers_comprehensive.cpp:628|& | PRODUCT|src/core/command_registry.hpp:864|CMD_ | PRODUCT|src/core/feature_handlers.h:483|&"
"handleQwAlertDismiss","5","0","5","2","6","0","0","1","REACHABLE_COLLISION","src/core/command_handlers_comprehensive.cpp:633;src/core/ssot_handlers.cpp:8992;src/core/ssot_handlers.h:232;src/core/ssot_handlers_ext.cpp:22490;src/core/win32ide_handler_impls.cpp:225","PRODUCT|src/core/command_handlers_comprehensive.cpp:633|& | PRODUCT|src/core/command_registry.hpp:635|CMD_ | PRODUCT|src/core/ssot_handlers.cpp:8992|&"
"handleQwAlertDismissAll","3","0","3","0","4","0","0","1","REACHABLE_COLLISION","src/core/auto_feature_real_impl.cpp:1359;src/core/auto_feature_registry.cpp:3048;src/core/auto_feature_registry.hpp:180","PRODUCT|src/core/auto_feature_real_impl.cpp:1359|& | PRODUCT|src/core/auto_feature_registry.cpp:3048|& | PRODUCT|src/core/auto_feature_registry.cpp:6974|IDM_"
"handleQwAlertHistory","5","0","5","2","6","0","0","1","REACHABLE_COLLISION","src/core/command_handlers_comprehensive.cpp:637;src/core/ssot_handlers.cpp:8988;src/core/ssot_handlers.h:231;src/core/ssot_handlers_ext.cpp:22471;src/core/win32ide_handler_impls.cpp:226","PRODUCT|src/core/command_handlers_comprehensive.cpp:637|& | PRODUCT|src/core/command_registry.hpp:634|CMD_ | PRODUCT|src/core/ssot_handlers.cpp:8988|&"
"handleQwAlertMonitor","5","0","5","2","6","0","0","1","REACHABLE_COLLISION","src/core/command_handlers_comprehensive.cpp:641;src/core/ssot_handlers.cpp:8984;src/core/ssot_handlers.h:230;src/core/ssot_handlers_ext.cpp:22454;src/core/win32ide_handler_impls.cpp:227","PRODUCT|src/core/command_handlers_comprehensive.cpp:641|& | PRODUCT|src/core/command_registry.hpp:633|CMD_ | PRODUCT|src/core/ssot_handlers.cpp:8984|&"
"handleQwAlertResourceStatus","6","0","6","1","8","0","0","1","REACHABLE_COLLISION","src/core/auto_feature_real_impl.cpp:1364;src/core/auto_feature_registry.cpp:3054;src/core/auto_feature_registry.hpp:181;src/core/ssot_handlers.cpp:8997;src/core/ssot_handlers.h:233;src/core/ssot_handlers_ext.cpp:22507","PRODUCT|src/core/auto_feature_real_impl.cpp:1364|& | PRODUCT|src/core/auto_feature_registry.cpp:3054|& | PRODUCT|src/core/auto_feature_registry.cpp:6977|IDM_"
"handleQwAlertShowHistory","3","0","3","0","4","0","0","1","REACHABLE_COLLISION","src/core/auto_feature_real_impl.cpp:1369;src/core/auto_feature_registry.cpp:3074;src/core/auto_feature_registry.hpp:182","PRODUCT|src/core/auto_feature_real_impl.cpp:1369|& | PRODUCT|src/core/auto_feature_registry.cpp:3074|& | PRODUCT|src/core/auto_feature_registry.cpp:6971|IDM_"
"handleQwAlertToggleMonitor","3","0","3","0","4","0","0","1","REACHABLE_COLLISION","src/core/auto_feature_real_impl.cpp:1374;src/core/auto_feature_registry.cpp:3092;src/core/auto_feature_registry.hpp:183","PRODUCT|src/core/auto_feature_real_impl.cpp:1374|& | PRODUCT|src/core/auto_feature_registry.cpp:3092|& | PRODUCT|src/core/auto_feature_registry.cpp:6968|IDM_"
"handleQwBackupAutoToggle","6","0","6","1","8","0","0","1","REACHABLE_COLLISION","src/core/auto_feature_real_impl.cpp:1379;src/core/auto_feature_registry.cpp:3106;src/core/auto_feature_registry.hpp:184;src/core/ssot_handlers.cpp:8902;src/core/ssot_handlers.h:227;src/core/ssot_handlers_ext.cpp:22401","PRODUCT|src/core/auto_feature_real_impl.cpp:1379|& | PRODUCT|src/core/auto_feature_registry.cpp:3106|& | PRODUCT|src/core/auto_feature_registry.cpp:6959|IDM_"
"handleQwBackupCreate","6","0","6","1","8","0","0","1","REACHABLE_COLLISION","src/core/auto_feature_real_impl.cpp:1384;src/core/auto_feature_registry.cpp:3121;src/core/auto_feature_registry.hpp:185;src/core/ssot_handlers.cpp:8847;src/core/ssot_handlers.h:225;src/core/ssot_handlers_ext.cpp:22367","PRODUCT|src/core/auto_feature_real_impl.cpp:1384|& | PRODUCT|src/core/auto_feature_registry.cpp:3121|& | PRODUCT|src/core/auto_feature_registry.cpp:6953|IDM_"
"handleQwBackupList","6","0","6","1","8","0","0","1","REACHABLE_COLLISION","src/core/auto_feature_real_impl.cpp:1391;src/core/auto_feature_registry.cpp:3132;src/core/auto_feature_registry.hpp:186;src/core/ssot_handlers.cpp:8917;src/core/ssot_handlers.h:228;src/core/ssot_handlers_ext.cpp:22418","PRODUCT|src/core/auto_feature_real_impl.cpp:1391|& | PRODUCT|src/core/auto_feature_registry.cpp:3132|& | PRODUCT|src/core/auto_feature_registry.cpp:6962|IDM_"
"handleQwBackupPrune","6","0","6","1","8","0","0","1","REACHABLE_COLLISION","src/core/auto_feature_real_impl.cpp:1396;src/core/auto_feature_registry.cpp:3151;src/core/auto_feature_registry.hpp:187;src/core/ssot_handlers.cpp:8947;src/core/ssot_handlers.h:229;src/core/ssot_handlers_ext.cpp:22437","PRODUCT|src/core/auto_feature_real_impl.cpp:1396|& | PRODUCT|src/core/auto_feature_registry.cpp:3151|& | PRODUCT|src/core/auto_feature_registry.cpp:6965|IDM_"
"handleQwBackupRestore","6","0","6","1","8","0","0","1","REACHABLE_COLLISION","src/core/auto_feature_real_impl.cpp:1403;src/core/auto_feature_registry.cpp:3159;src/core/auto_feature_registry.hpp:188;src/core/ssot_handlers.cpp:8874;src/core/ssot_handlers.h:226;src/core/ssot_handlers_ext.cpp:22384","PRODUCT|src/core/auto_feature_real_impl.cpp:1403|& | PRODUCT|src/core/auto_feature_registry.cpp:3159|& | PRODUCT|src/core/auto_feature_registry.cpp:6956|IDM_"
"handleQwShortcutEditor","6","0","6","1","8","0","0","1","REACHABLE_COLLISION","src/core/auto_feature_real_impl.cpp:1413;src/core/auto_feature_registry.cpp:3173;src/core/auto_feature_registry.hpp:189;src/core/ssot_handlers.cpp:8839;src/core/ssot_handlers.h:223;src/core/ssot_handlers_ext.cpp:22333","PRODUCT|src/core/auto_feature_real_impl.cpp:1413|& | PRODUCT|src/core/auto_feature_registry.cpp:3173|& | PRODUCT|src/core/auto_feature_registry.cpp:6947|IDM_"
"handleQwShortcutReset","6","0","6","1","8","0","0","1","REACHABLE_COLLISION","src/core/auto_feature_real_impl.cpp:1418;src/core/auto_feature_registry.cpp:3187;src/core/auto_feature_registry.hpp:190;src/core/ssot_handlers.cpp:8843;src/core/ssot_handlers.h:224;src/core/ssot_handlers_ext.cpp:22350","PRODUCT|src/core/auto_feature_real_impl.cpp:1418|& | PRODUCT|src/core/auto_feature_registry.cpp:3187|& | PRODUCT|src/core/auto_feature_registry.cpp:6950|IDM_"
"handleQwSloAlerts","1","0","1","0","1","0","0","1","REAL_REACHABLE_SINGLE","src/core/ssot_handlers_ext.cpp:22558","PRODUCT|src/core/ssot_handlers_ext.cpp:22558|&"
"handleQwSloAlertsChart","1","0","1","0","1","0","0","1","REAL_REACHABLE_SINGLE","src/core/ssot_handlers_ext.cpp:23174","PRODUCT|src/core/ssot_handlers_ext.cpp:23174|&"
"handleQwSloAlertsClear","1","0","1","0","1","0","0","1","REAL_REACHABLE_SINGLE","src/core/ssot_handlers_ext.cpp:22720","PRODUCT|src/core/ssot_handlers_ext.cpp:22720|&"
"handleQwSloAlertsDelete","1","0","1","0","1","0","0","1","REAL_REACHABLE_SINGLE","src/core/ssot_handlers_ext.cpp:24382","PRODUCT|src/core/ssot_handlers_ext.cpp:24382|&"
"handleQwSloAlertsEscalate","1","0","1","0","1","0","0","1","REAL_REACHABLE_SINGLE","src/core/ssot_handlers_ext.cpp:22873","PRODUCT|src/core/ssot_handlers_ext.cpp:22873|&"
"handleQwSloAlertsFilter","1","0","1","0","1","0","0","1","REAL_REACHABLE_SINGLE","src/core/ssot_handlers_ext.cpp:23023","PRODUCT|src/core/ssot_handlers_ext.cpp:23023|&"
"handleQwSloAlertsLoad","1","0","1","0","1","0","0","1","REAL_REACHABLE_SINGLE","src/core/ssot_handlers_ext.cpp:24226","PRODUCT|src/core/ssot_handlers_ext.cpp:24226|&"
"handleQwSloAlertsPreset","1","0","1","0","1","0","0","1","REAL_REACHABLE_SINGLE","src/core/ssot_handlers_ext.cpp:23915","PRODUCT|src/core/ssot_handlers_ext.cpp:23915|&"
"handleQwSloAlertsSave","1","0","1","0","1","0","0","1","REAL_REACHABLE_SINGLE","src/core/ssot_handlers_ext.cpp:24071","PRODUCT|src/core/ssot_handlers_ext.cpp:24071|&"
"handleQwSloAlertsTemplate","1","0","1","0","1","0","0","1","REAL_REACHABLE_SINGLE","src/core/ssot_handlers_ext.cpp:23631","PRODUCT|src/core/ssot_handlers_ext.cpp:23631|&"
"handleQwSloAlertsWizard","1","0","1","0","1","0","0","1","REAL_REACHABLE_SINGLE","src/core/ssot_handlers_ext.cpp:23323","PRODUCT|src/core/ssot_handlers_ext.cpp:23323|&"
"handleQwSloAudit","1","0","1","0","1","0","0","1","REAL_REACHABLE_SINGLE","src/core/ssot_handlers_ext.cpp:22677","PRODUCT|src/core/ssot_handlers_ext.cpp:22677|&"
"handleQwSloAuditDelete","1","0","1","0","1","0","0","1","REAL_REACHABLE_SINGLE","src/core/ssot_handlers_ext.cpp:24343","PRODUCT|src/core/ssot_handlers_ext.cpp:24343|&"
"handleQwSloAuditLoad","1","0","1","0","1","0","0","1","REAL_REACHABLE_SINGLE","src/core/ssot_handlers_ext.cpp:24187","PRODUCT|src/core/ssot_handlers_ext.cpp:24187|&"
"handleQwSloAuditLog","1","0","1","0","1","0","0","1","REAL_REACHABLE_SINGLE","src/core/ssot_handlers_ext.cpp:23135","PRODUCT|src/core/ssot_handlers_ext.cpp:23135|&"
"handleQwSloAuditPreset","1","0","1","0","1","0","0","1","REAL_REACHABLE_SINGLE","src/core/ssot_handlers_ext.cpp:23846","PRODUCT|src/core/ssot_handlers_ext.cpp:23846|&"
"handleQwSloAuditReport","1","0","1","0","1","0","0","1","REAL_REACHABLE_SINGLE","src/core/ssot_handlers_ext.cpp:22835","PRODUCT|src/core/ssot_handlers_ext.cpp:22835|&"
"handleQwSloAuditSave","1","0","1","0","1","0","0","1","REAL_REACHABLE_SINGLE","src/core/ssot_handlers_ext.cpp:24035","PRODUCT|src/core/ssot_handlers_ext.cpp:24035|&"
"handleQwSloAuditSchedule","1","0","1","0","1","0","0","1","REAL_REACHABLE_SINGLE","src/core/ssot_handlers_ext.cpp:22986","PRODUCT|src/core/ssot_handlers_ext.cpp:22986|&"
"handleQwSloAuditTemplate","1","0","1","0","1","0","0","1","REAL_REACHABLE_SINGLE","src/core/ssot_handlers_ext.cpp:23562","PRODUCT|src/core/ssot_handlers_ext.cpp:23562|&"
"handleQwSloAuditWizard","1","0","1","0","1","0","0","1","REAL_REACHABLE_SINGLE","src/core/ssot_handlers_ext.cpp:23286","PRODUCT|src/core/ssot_handlers_ext.cpp:23286|&"
"handleQwSloBenchmark","1","0","1","0","1","0","0","1","REAL_REACHABLE_SINGLE","src/core/ssot_handlers_ext.cpp:22662","PRODUCT|src/core/ssot_handlers_ext.cpp:22662|&"
"handleQwSloBenchmarkBaseline","1","0","1","0","1","0","0","1","REAL_REACHABLE_SINGLE","src/core/ssot_handlers_ext.cpp:22973","PRODUCT|src/core/ssot_handlers_ext.cpp:22973|&"
"handleQwSloBenchmarkCompare","1","0","1","0","1","0","0","1","REAL_REACHABLE_SINGLE","src/core/ssot_handlers_ext.cpp:22822","PRODUCT|src/core/ssot_handlers_ext.cpp:22822|&"
"handleQwSloBenchmarkDelete","1","0","1","0","1","0","0","1","REAL_REACHABLE_SINGLE","src/core/ssot_handlers_ext.cpp:24330","PRODUCT|src/core/ssot_handlers_ext.cpp:24330|&"
"handleQwSloBenchmarkLoad","1","0","1","0","1","0","0","1","REAL_REACHABLE_SINGLE","src/core/ssot_handlers_ext.cpp:24174","PRODUCT|src/core/ssot_handlers_ext.cpp:24174|&"
"handleQwSloBenchmarkPreset","1","0","1","0","1","0","0","1","REAL_REACHABLE_SINGLE","src/core/ssot_handlers_ext.cpp:23821","PRODUCT|src/core/ssot_handlers_ext.cpp:23821|&"
"handleQwSloBenchmarkReport","1","0","1","0","1","0","0","1","REAL_REACHABLE_SINGLE","src/core/ssot_handlers_ext.cpp:23122","PRODUCT|src/core/ssot_handlers_ext.cpp:23122|&"
"handleQwSloBenchmarkSave","1","0","1","0","1","0","0","1","REAL_REACHABLE_SINGLE","src/core/ssot_handlers_ext.cpp:24023","PRODUCT|src/core/ssot_handlers_ext.cpp:24023|&"
"handleQwSloBenchmarkTemplate","1","0","1","0","1","0","0","1","REAL_REACHABLE_SINGLE","src/core/ssot_handlers_ext.cpp:23536","PRODUCT|src/core/ssot_handlers_ext.cpp:23536|&"
"handleQwSloBenchmarkWizard","1","0","1","0","1","0","0","1","REAL_REACHABLE_SINGLE","src/core/ssot_handlers_ext.cpp:23273","PRODUCT|src/core/ssot_handlers_ext.cpp:23273|&"
"handleQwSloCompliance","1","0","1","0","1","0","0","1","REAL_REACHABLE_SINGLE","src/core/ssot_handlers_ext.cpp:22609","PRODUCT|src/core/ssot_handlers_ext.cpp:22609|&"
"handleQwSloComplianceCertify","1","0","1","0","1","0","0","1","REAL_REACHABLE_SINGLE","src/core/ssot_handlers_ext.cpp:22923","PRODUCT|src/core/ssot_handlers_ext.cpp:22923|&"
"handleQwSloComplianceDelete","1","0","1","0","1","0","0","1","REAL_REACHABLE_SINGLE","src/core/ssot_handlers_ext.cpp:24278","PRODUCT|src/core/ssot_handlers_ext.cpp:24278|&"
"handleQwSloComplianceHistory","1","0","1","0","1","0","0","1","REAL_REACHABLE_SINGLE","src/core/ssot_handlers_ext.cpp:22770","PRODUCT|src/core/ssot_handlers_ext.cpp:22770|&"
"handleQwSloComplianceLoad","1","0","1","0","1","0","0","1","REAL_REACHABLE_SINGLE","src/core/ssot_handlers_ext.cpp:24122","PRODUCT|src/core/ssot_handlers_ext.cpp:24122|&"
"handleQwSloCompliancePreset","1","0","1","0","1","0","0","1","REAL_REACHABLE_SINGLE","src/core/ssot_handlers_ext.cpp:23729","PRODUCT|src/core/ssot_handlers_ext.cpp:23729|&"
"handleQwSloComplianceReport","1","0","1","0","1","0","0","1","REAL_REACHABLE_SINGLE","src/core/ssot_handlers_ext.cpp:23073","PRODUCT|src/core/ssot_handlers_ext.cpp:23073|&"
"handleQwSloComplianceSave","1","0","1","0","1","0","0","1","REAL_REACHABLE_SINGLE","src/core/ssot_handlers_ext.cpp:23975","PRODUCT|src/core/ssot_handlers_ext.cpp:23975|&"
"handleQwSloComplianceTemplate","1","0","1","0","1","0","0","1","REAL_REACHABLE_SINGLE","src/core/ssot_handlers_ext.cpp:23425","PRODUCT|src/core/ssot_handlers_ext.cpp:23425|&"
"handleQwSloComplianceWizard","1","0","1","0","1","0","0","1","REAL_REACHABLE_SINGLE","src/core/ssot_handlers_ext.cpp:23224","PRODUCT|src/core/ssot_handlers_ext.cpp:23224|&"
"handleQwSloConfig","1","0","1","0","1","0","0","1","REAL_REACHABLE_SINGLE","src/core/ssot_handlers_ext.cpp:22571","PRODUCT|src/core/ssot_handlers_ext.cpp:22571|&"
"handleQwSloConfigBackup","1","0","1","0","1","0","0","1","REAL_REACHABLE_SINGLE","src/core/ssot_handlers_ext.cpp:23036","PRODUCT|src/core/ssot_handlers_ext.cpp:23036|&"
"handleQwSloConfigDelete","1","0","1","0","1","0","0","1","REAL_REACHABLE_SINGLE","src/core/ssot_handlers_ext.cpp:24239","PRODUCT|src/core/ssot_handlers_ext.cpp:24239|&"
"handleQwSloConfigImport","1","0","1","0","1","0","0","1","REAL_REACHABLE_SINGLE","src/core/ssot_handlers_ext.cpp:22885","PRODUCT|src/core/ssot_handlers_ext.cpp:22885|&"
"handleQwSloConfigLoad","1","0","1","0","1","0","0","1","REAL_REACHABLE_SINGLE","src/core/ssot_handlers_ext.cpp:24083","PRODUCT|src/core/ssot_handlers_ext.cpp:24083|&"
"handleQwSloConfigPreset","1","0","1","0","1","0","0","1","REAL_REACHABLE_SINGLE","src/core/ssot_handlers_ext.cpp:23660","PRODUCT|src/core/ssot_handlers_ext.cpp:23660|&"
"handleQwSloConfigReset","1","0","1","0","1","0","0","1","REAL_REACHABLE_SINGLE","src/core/ssot_handlers_ext.cpp:22733","PRODUCT|src/core/ssot_handlers_ext.cpp:22733|&"
"handleQwSloConfigSave","1","0","1","0","1","0","0","1","REAL_REACHABLE_SINGLE","src/core/ssot_handlers_ext.cpp:23939","PRODUCT|src/core/ssot_handlers_ext.cpp:23939|&"
"handleQwSloConfigTemplate","1","0","1","0","1","0","0","1","REAL_REACHABLE_SINGLE","src/core/ssot_handlers_ext.cpp:23335","PRODUCT|src/core/ssot_handlers_ext.cpp:23335|&"
"handleQwSloConfigWizard","1","0","1","0","1","0","0","1","REAL_REACHABLE_SINGLE","src/core/ssot_handlers_ext.cpp:23187","PRODUCT|src/core/ssot_handlers_ext.cpp:23187|&"
"handleQwSloDashboard","6","0","6","1","8","0","0","1","REACHABLE_COLLISION","src/core/auto_feature_real_impl.cpp:1423;src/core/auto_feature_registry.cpp:3193;src/core/auto_feature_registry.hpp:191;src/core/ssot_handlers.cpp:9001;src/core/ssot_handlers.h:234;src/core/ssot_handlers_ext.cpp:22527","PRODUCT|src/core/auto_feature_real_impl.cpp:1423|& | PRODUCT|src/core/auto_feature_registry.cpp:3193|& | PRODUCT|src/core/auto_feature_registry.cpp:6980|IDM_"
"handleQwSloDashboardCustomize","1","0","1","0","1","0","0","1","REAL_REACHABLE_SINGLE","src/core/ssot_handlers_ext.cpp:22847","PRODUCT|src/core/ssot_handlers_ext.cpp:22847|&"
"handleQwSloDashboardDelete","1","0","1","0","1","0","0","1","REAL_REACHABLE_SINGLE","src/core/ssot_handlers_ext.cpp:24356","PRODUCT|src/core/ssot_handlers_ext.cpp:24356|&"
"handleQwSloDashboardFullscreen","1","0","1","0","1","0","0","1","REAL_REACHABLE_SINGLE","src/core/ssot_handlers_ext.cpp:23148","PRODUCT|src/core/ssot_handlers_ext.cpp:23148|&"
"handleQwSloDashboardLoad","1","0","1","0","1","0","0","1","REAL_REACHABLE_SINGLE","src/core/ssot_handlers_ext.cpp:24200","PRODUCT|src/core/ssot_handlers_ext.cpp:24200|&"
"handleQwSloDashboardPreset","1","0","1","0","1","0","0","1","REAL_REACHABLE_SINGLE","src/core/ssot_handlers_ext.cpp:23869","PRODUCT|src/core/ssot_handlers_ext.cpp:23869|&"
"handleQwSloDashboardRefresh","1","0","1","0","1","0","0","1","REAL_REACHABLE_SINGLE","src/core/ssot_handlers_ext.cpp:22692","PRODUCT|src/core/ssot_handlers_ext.cpp:22692|&"
"handleQwSloDashboardSave","1","0","1","0","1","0","0","1","REAL_REACHABLE_SINGLE","src/core/ssot_handlers_ext.cpp:24047","PRODUCT|src/core/ssot_handlers_ext.cpp:24047|&"
"handleQwSloDashboardShare","1","0","1","0","1","0","0","1","REAL_REACHABLE_SINGLE","src/core/ssot_handlers_ext.cpp:22998","PRODUCT|src/core/ssot_handlers_ext.cpp:22998|&"
"handleQwSloDashboardTemplate","1","0","1","0","1","0","0","1","REAL_REACHABLE_SINGLE","src/core/ssot_handlers_ext.cpp:23589","PRODUCT|src/core/ssot_handlers_ext.cpp:23589|&"
"handleQwSloDashboardWizard","1","0","1","0","1","0","0","1","REAL_REACHABLE_SINGLE","src/core/ssot_handlers_ext.cpp:23298","PRODUCT|src/core/ssot_handlers_ext.cpp:23298|&"
"handleQwSloMetrics","1","0","1","0","1","0","0","1","REAL_REACHABLE_SINGLE","src/core/ssot_handlers_ext.cpp:22545","PRODUCT|src/core/ssot_handlers_ext.cpp:22545|&"
"handleQwSloMetricsAggregate","1","0","1","0","1","0","0","1","REAL_REACHABLE_SINGLE","src/core/ssot_handlers_ext.cpp:23010","PRODUCT|src/core/ssot_handlers_ext.cpp:23010|&"
"handleQwSloMetricsChart","1","0","1","0","1","0","0","1","REAL_REACHABLE_SINGLE","src/core/ssot_handlers_ext.cpp:23161","PRODUCT|src/core/ssot_handlers_ext.cpp:23161|&"
"handleQwSloMetricsDelete","1","0","1","0","1","0","0","1","REAL_REACHABLE_SINGLE","src/core/ssot_handlers_ext.cpp:24369","PRODUCT|src/core/ssot_handlers_ext.cpp:24369|&"
"handleQwSloMetricsExport","1","0","1","0","1","0","0","1","REAL_REACHABLE_SINGLE","src/core/ssot_handlers_ext.cpp:22706","PRODUCT|src/core/ssot_handlers_ext.cpp:22706|&"
"handleQwSloMetricsLoad","1","0","1","0","1","0","0","1","REAL_REACHABLE_SINGLE","src/core/ssot_handlers_ext.cpp:24213","PRODUCT|src/core/ssot_handlers_ext.cpp:24213|&"
"handleQwSloMetricsPreset","1","0","1","0","1","0","0","1","REAL_REACHABLE_SINGLE","src/core/ssot_handlers_ext.cpp:23893","PRODUCT|src/core/ssot_handlers_ext.cpp:23893|&"
"handleQwSloMetricsRealtime","1","0","1","0","1","0","0","1","REAL_REACHABLE_SINGLE","src/core/ssot_handlers_ext.cpp:22860","PRODUCT|src/core/ssot_handlers_ext.cpp:22860|&"
"handleQwSloMetricsSave","1","0","1","0","1","0","0","1","REAL_REACHABLE_SINGLE","src/core/ssot_handlers_ext.cpp:24059","PRODUCT|src/core/ssot_handlers_ext.cpp:24059|&"
"handleQwSloMetricsTemplate","1","0","1","0","1","0","0","1","REAL_REACHABLE_SINGLE","src/core/ssot_handlers_ext.cpp:23613","PRODUCT|src/core/ssot_handlers_ext.cpp:23613|&"
"handleQwSloMetricsWizard","1","0","1","0","1","0","0","1","REAL_REACHABLE_SINGLE","src/core/ssot_handlers_ext.cpp:23311","PRODUCT|src/core/ssot_handlers_ext.cpp:23311|&"
"handleQwSloOptimize","1","0","1","0","1","0","0","1","REAL_REACHABLE_SINGLE","src/core/ssot_handlers_ext.cpp:22648","PRODUCT|src/core/ssot_handlers_ext.cpp:22648|&"
"handleQwSloOptimizeAuto","1","0","1","0","1","0","0","1","REAL_REACHABLE_SINGLE","src/core/ssot_handlers_ext.cpp:22961","PRODUCT|src/core/ssot_handlers_ext.cpp:22961|&"
"handleQwSloOptimizeDelete","1","0","1","0","1","0","0","1","REAL_REACHABLE_SINGLE","src/core/ssot_handlers_ext.cpp:24317","PRODUCT|src/core/ssot_handlers_ext.cpp:24317|&"
"handleQwSloOptimizeLoad","1","0","1","0","1","0","0","1","REAL_REACHABLE_SINGLE","src/core/ssot_handlers_ext.cpp:24161","PRODUCT|src/core/ssot_handlers_ext.cpp:24161|&"
"handleQwSloOptimizePreset","1","0","1","0","1","0","0","1","REAL_REACHABLE_SINGLE","src/core/ssot_handlers_ext.cpp:23795","PRODUCT|src/core/ssot_handlers_ext.cpp:23795|&"
"handleQwSloOptimizeReport","1","0","1","0","1","0","0","1","REAL_REACHABLE_SINGLE","src/core/ssot_handlers_ext.cpp:23110","PRODUCT|src/core/ssot_handlers_ext.cpp:23110|&"
"handleQwSloOptimizeSave","1","0","1","0","1","0","0","1","REAL_REACHABLE_SINGLE","src/core/ssot_handlers_ext.cpp:24011","PRODUCT|src/core/ssot_handlers_ext.cpp:24011|&"
"handleQwSloOptimizeSuggest","1","0","1","0","1","0","0","1","REAL_REACHABLE_SINGLE","src/core/ssot_handlers_ext.cpp:22809","PRODUCT|src/core/ssot_handlers_ext.cpp:22809|&"
"handleQwSloOptimizeTemplate","1","0","1","0","1","0","0","1","REAL_REACHABLE_SINGLE","src/core/ssot_handlers_ext.cpp:23509","PRODUCT|src/core/ssot_handlers_ext.cpp:23509|&"
"handleQwSloOptimizeWizard","1","0","1","0","1","0","0","1","REAL_REACHABLE_SINGLE","src/core/ssot_handlers_ext.cpp:23261","PRODUCT|src/core/ssot_handlers_ext.cpp:23261|&"
"handleQwSloPredict","1","0","1","0","1","0","0","1","REAL_REACHABLE_SINGLE","src/core/ssot_handlers_ext.cpp:22635","PRODUCT|src/core/ssot_handlers_ext.cpp:22635|&"
"handleQwSloPredictAccuracy","1","0","1","0","1","0","0","1","REAL_REACHABLE_SINGLE","src/core/ssot_handlers_ext.cpp:22796","PRODUCT|src/core/ssot_handlers_ext.cpp:22796|&"
"handleQwSloPredictDelete","1","0","1","0","1","0","0","1","REAL_REACHABLE_SINGLE","src/core/ssot_handlers_ext.cpp:24304","PRODUCT|src/core/ssot_handlers_ext.cpp:24304|&"
"handleQwSloPredictLoad","1","0","1","0","1","0","0","1","REAL_REACHABLE_SINGLE","src/core/ssot_handlers_ext.cpp:24148","PRODUCT|src/core/ssot_handlers_ext.cpp:24148|&"
"handleQwSloPredictModel","1","0","1","0","1","0","0","1","REAL_REACHABLE_SINGLE","src/core/ssot_handlers_ext.cpp:22949","PRODUCT|src/core/ssot_handlers_ext.cpp:22949|&"
"handleQwSloPredictPreset","1","0","1","0","1","0","0","1","REAL_REACHABLE_SINGLE","src/core/ssot_handlers_ext.cpp:23775","PRODUCT|src/core/ssot_handlers_ext.cpp:23775|&"
"handleQwSloPredictReport","1","0","1","0","1","0","0","1","REAL_REACHABLE_SINGLE","src/core/ssot_handlers_ext.cpp:23098","PRODUCT|src/core/ssot_handlers_ext.cpp:23098|&"
"handleQwSloPredictSave","1","0","1","0","1","0","0","1","REAL_REACHABLE_SINGLE","src/core/ssot_handlers_ext.cpp:23999","PRODUCT|src/core/ssot_handlers_ext.cpp:23999|&"
"handleQwSloPredictTemplate","1","0","1","0","1","0","0","1","REAL_REACHABLE_SINGLE","src/core/ssot_handlers_ext.cpp:23485","PRODUCT|src/core/ssot_handlers_ext.cpp:23485|&"
"handleQwSloPredictWizard","1","0","1","0","1","0","0","1","REAL_REACHABLE_SINGLE","src/core/ssot_handlers_ext.cpp:23249","PRODUCT|src/core/ssot_handlers_ext.cpp:23249|&"
"handleQwSloReport","1","0","1","0","1","0","0","1","REAL_REACHABLE_SINGLE","src/core/ssot_handlers_ext.cpp:22584","PRODUCT|src/core/ssot_handlers_ext.cpp:22584|&"
"handleQwSloReportArchive","1","0","1","0","1","0","0","1","REAL_REACHABLE_SINGLE","src/core/ssot_handlers_ext.cpp:23048","PRODUCT|src/core/ssot_handlers_ext.cpp:23048|&"
"handleQwSloReportDelete","1","0","1","0","1","0","0","1","REAL_REACHABLE_SINGLE","src/core/ssot_handlers_ext.cpp:24252","PRODUCT|src/core/ssot_handlers_ext.cpp:24252|&"
"handleQwSloReportExport","1","0","1","0","1","0","0","1","REAL_REACHABLE_SINGLE","src/core/ssot_handlers_ext.cpp:22898","PRODUCT|src/core/ssot_handlers_ext.cpp:22898|&"
"handleQwSloReportLoad","1","0","1","0","1","0","0","1","REAL_REACHABLE_SINGLE","src/core/ssot_handlers_ext.cpp:24096","PRODUCT|src/core/ssot_handlers_ext.cpp:24096|&"
"handleQwSloReportPreset","1","0","1","0","1","0","0","1","REAL_REACHABLE_SINGLE","src/core/ssot_handlers_ext.cpp:23686","PRODUCT|src/core/ssot_handlers_ext.cpp:23686|&"
"handleQwSloReportSave","1","0","1","0","1","0","0","1","REAL_REACHABLE_SINGLE","src/core/ssot_handlers_ext.cpp:23951","PRODUCT|src/core/ssot_handlers_ext.cpp:23951|&"
"handleQwSloReportSchedule","1","0","1","0","1","0","0","1","REAL_REACHABLE_SINGLE","src/core/ssot_handlers_ext.cpp:22746","PRODUCT|src/core/ssot_handlers_ext.cpp:22746|&"
"handleQwSloReportTemplate","1","0","1","0","1","0","0","1","REAL_REACHABLE_SINGLE","src/core/ssot_handlers_ext.cpp:23368","PRODUCT|src/core/ssot_handlers_ext.cpp:23368|&"
"handleQwSloReportWizard","1","0","1","0","1","0","0","1","REAL_REACHABLE_SINGLE","src/core/ssot_handlers_ext.cpp:23199","PRODUCT|src/core/ssot_handlers_ext.cpp:23199|&"
"handleQwSloThresholds","1","0","1","0","1","0","0","1","REAL_REACHABLE_SINGLE","src/core/ssot_handlers_ext.cpp:22596","PRODUCT|src/core/ssot_handlers_ext.cpp:22596|&"
"handleQwSloThresholdsAuto","1","0","1","0","1","0","0","1","REAL_REACHABLE_SINGLE","src/core/ssot_handlers_ext.cpp:22758","PRODUCT|src/core/ssot_handlers_ext.cpp:22758|&"
"handleQwSloThresholdsDelete","1","0","1","0","1","0","0","1","REAL_REACHABLE_SINGLE","src/core/ssot_handlers_ext.cpp:24265","PRODUCT|src/core/ssot_handlers_ext.cpp:24265|&"
"handleQwSloThresholdsHistory","1","0","1","0","1","0","0","1","REAL_REACHABLE_SINGLE","src/core/ssot_handlers_ext.cpp:23060","PRODUCT|src/core/ssot_handlers_ext.cpp:23060|&"
"handleQwSloThresholdsLoad","1","0","1","0","1","0","0","1","REAL_REACHABLE_SINGLE","src/core/ssot_handlers_ext.cpp:24109","PRODUCT|src/core/ssot_handlers_ext.cpp:24109|&"
"handleQwSloThresholdsPreset","1","0","1","0","1","0","0","1","REAL_REACHABLE_SINGLE","src/core/ssot_handlers_ext.cpp:23710","PRODUCT|src/core/ssot_handlers_ext.cpp:23710|&"
"handleQwSloThresholdsSave","1","0","1","0","1","0","0","1","REAL_REACHABLE_SINGLE","src/core/ssot_handlers_ext.cpp:23963","PRODUCT|src/core/ssot_handlers_ext.cpp:23963|&"
"handleQwSloThresholdsTemplate","1","0","1","0","1","0","0","1","REAL_REACHABLE_SINGLE","src/core/ssot_handlers_ext.cpp:23396","PRODUCT|src/core/ssot_handlers_ext.cpp:23396|&"
"handleQwSloThresholdsValidate","1","0","1","0","1","0","0","1","REAL_REACHABLE_SINGLE","src/core/ssot_handlers_ext.cpp:22910","PRODUCT|src/core/ssot_handlers_ext.cpp:22910|&"
"handleQwSloThresholdsWizard","1","0","1","0","1","0","0","1","REAL_REACHABLE_SINGLE","src/core/ssot_handlers_ext.cpp:23211","PRODUCT|src/core/ssot_handlers_ext.cpp:23211|&"
"handleQwSloTrends","1","0","1","0","1","0","0","1","REAL_REACHABLE_SINGLE","src/core/ssot_handlers_ext.cpp:22622","PRODUCT|src/core/ssot_handlers_ext.cpp:22622|&"
"handleQwSloTrendsAnalysis","1","0","1","0","1","0","0","1","REAL_REACHABLE_SINGLE","src/core/ssot_handlers_ext.cpp:22783","PRODUCT|src/core/ssot_handlers_ext.cpp:22783|&"
"handleQwSloTrendsDelete","1","0","1","0","1","0","0","1","REAL_REACHABLE_SINGLE","src/core/ssot_handlers_ext.cpp:24291","PRODUCT|src/core/ssot_handlers_ext.cpp:24291|&"
"handleQwSloTrendsForecast","1","0","1","0","1","0","0","1","REAL_REACHABLE_SINGLE","src/core/ssot_handlers_ext.cpp:22936","PRODUCT|src/core/ssot_handlers_ext.cpp:22936|&"
"handleQwSloTrendsLoad","1","0","1","0","1","0","0","1","REAL_REACHABLE_SINGLE","src/core/ssot_handlers_ext.cpp:24135","PRODUCT|src/core/ssot_handlers_ext.cpp:24135|&"
"handleQwSloTrendsPreset","1","0","1","0","1","0","0","1","REAL_REACHABLE_SINGLE","src/core/ssot_handlers_ext.cpp:23752","PRODUCT|src/core/ssot_handlers_ext.cpp:23752|&"
"handleQwSloTrendsReport","1","0","1","0","1","0","0","1","REAL_REACHABLE_SINGLE","src/core/ssot_handlers_ext.cpp:23086","PRODUCT|src/core/ssot_handlers_ext.cpp:23086|&"
"handleQwSloTrendsSave","1","0","1","0","1","0","0","1","REAL_REACHABLE_SINGLE","src/core/ssot_handlers_ext.cpp:23987","PRODUCT|src/core/ssot_handlers_ext.cpp:23987|&"
"handleQwSloTrendsTemplate","1","0","1","0","1","0","0","1","REAL_REACHABLE_SINGLE","src/core/ssot_handlers_ext.cpp:23454","PRODUCT|src/core/ssot_handlers_ext.cpp:23454|&"
"handleQwSloTrendsWizard","1","0","1","0","1","0","0","1","REAL_REACHABLE_SINGLE","src/core/ssot_handlers_ext.cpp:23237","PRODUCT|src/core/ssot_handlers_ext.cpp:23237|&"
"handleREAutoPatch","3","0","3","1","4","0","0","1","REACHABLE_COLLISION","src/core/feature_handlers.cpp:2150;src/core/feature_handlers.h:135;src/core/win32ide_handler_impls.cpp:228","PRODUCT|src/core/command_registry.hpp:698|CMD_ | PRODUCT|src/core/feature_handlers.cpp:2150|& | PRODUCT|src/core/feature_handlers.h:135|&"
"handleRECFGAnalysis","3","0","3","1","4","0","0","1","REACHABLE_COLLISION","src/core/feature_handlers.cpp:2222;src/core/feature_handlers.h:138;src/core/win32ide_handler_impls.cpp:229","PRODUCT|src/core/command_registry.hpp:247|CMD_ | PRODUCT|src/core/feature_handlers.cpp:2222|& | PRODUCT|src/core/feature_handlers.h:138|&"
"handleRECompare","6","0","6","2","7","0","0","1","REACHABLE_COLLISION","src/core/auto_feature_real_impl.cpp:3392;src/core/command_handlers_comprehensive.cpp:663;src/core/ssot_handlers.cpp:6276;src/core/ssot_handlers.h:113;src/core/ssot_handlers_ext.cpp:4347;src/core/win32ide_handler_impls.cpp:230","PRODUCT|src/core/auto_feature_real_impl.cpp:3392|& | PRODUCT|src/core/command_handlers_comprehensive.cpp:663|& | PRODUCT|src/core/command_registry.hpp:241|CMD_"
"handleRECompile","6","0","6","2","7","0","0","1","REACHABLE_COLLISION","src/core/auto_feature_real_impl.cpp:3402;src/core/command_handlers_comprehensive.cpp:667;src/core/ssot_handlers.cpp:6240;src/core/ssot_handlers.h:112;src/core/ssot_handlers_ext.cpp:4340;src/core/win32ide_handler_impls.cpp:231","PRODUCT|src/core/auto_feature_real_impl.cpp:3402|& | PRODUCT|src/core/command_handlers_comprehensive.cpp:667|& | PRODUCT|src/core/command_registry.hpp:240|CMD_"
"handleREDataFlow","6","0","6","2","7","0","0","1","REACHABLE_COLLISION","src/core/auto_feature_real_impl.cpp:3412;src/core/command_handlers_comprehensive.cpp:671;src/core/ssot_handlers.cpp:6636;src/core/ssot_handlers.h:121;src/core/ssot_handlers_ext.cpp:4403;src/core/win32ide_handler_impls.cpp:232","PRODUCT|src/core/auto_feature_real_impl.cpp:3412|& | PRODUCT|src/core/command_handlers_comprehensive.cpp:671|& | PRODUCT|src/core/command_registry.hpp:256|CMD_"
"handleREDecisionTree","3","0","3","1","4","0","0","1","REACHABLE_COLLISION","src/core/feature_handlers.cpp:2101;src/core/feature_handlers.h:133;src/core/win32ide_handler_impls.cpp:233","PRODUCT|src/core/command_registry.hpp:236|CMD_ | PRODUCT|src/core/feature_handlers.cpp:2101|& | PRODUCT|src/core/feature_handlers.h:133|&"
"handleREDecompClose","6","0","6","2","7","0","0","1","REACHABLE_COLLISION","src/core/auto_feature_real_impl.cpp:3422;src/core/command_handlers_comprehensive.cpp:675;src/core/ssot_handlers.cpp:6753;src/core/ssot_handlers.h:126;src/core/ssot_handlers_ext.cpp:4333;src/core/win32ide_handler_impls.cpp:234","PRODUCT|src/core/auto_feature_real_impl.cpp:3422|& | PRODUCT|src/core/command_handlers_comprehensive.cpp:675|& | PRODUCT|src/core/command_registry.hpp:265|CMD_"
"handleREDecompilerView","6","0","6","2","7","0","0","1","REACHABLE_COLLISION","src/core/auto_feature_real_impl.cpp:3427;src/core/command_handlers_comprehensive.cpp:679;src/core/ssot_handlers.cpp:6695;src/core/ssot_handlers.h:123;src/core/ssot_handlers_ext.cpp:4417;src/core/win32ide_handler_impls.cpp:235","PRODUCT|src/core/auto_feature_real_impl.cpp:3427|& | PRODUCT|src/core/command_handlers_comprehensive.cpp:679|& | PRODUCT|src/core/command_registry.hpp:259|CMD_"
"handleREDecompRename","6","0","6","2","7","0","0","1","REACHABLE_COLLISION","src/core/auto_feature_real_impl.cpp:3437;src/core/command_handlers_comprehensive.cpp:683;src/core/ssot_handlers.cpp:6729;src/core/ssot_handlers.h:124;src/core/ssot_handlers_ext.cpp:4319;src/core/win32ide_handler_impls.cpp:236","PRODUCT|src/core/auto_feature_real_impl.cpp:3437|& | PRODUCT|src/core/command_handlers_comprehensive.cpp:683|& | PRODUCT|src/core/command_registry.hpp:261|CMD_"
"handleREDecompSync","6","0","6","2","7","0","0","1","REACHABLE_COLLISION","src/core/auto_feature_real_impl.cpp:3447;src/core/command_handlers_comprehensive.cpp:687;src/core/ssot_handlers.cpp:6741;src/core/ssot_handlers.h:125;src/core/ssot_handlers_ext.cpp:4326;src/core/win32ide_handler_impls.cpp:237","PRODUCT|src/core/auto_feature_real_impl.cpp:3447|& | PRODUCT|src/core/command_handlers_comprehensive.cpp:687|& | PRODUCT|src/core/command_registry.hpp:263|CMD_"
"handleREDemangle","6","0","6","2","7","0","0","1","REACHABLE_COLLISION","src/core/auto_feature_real_impl.cpp:3452;src/core/command_handlers_comprehensive.cpp:691;src/core/ssot_handlers.cpp:6523;src/core/ssot_handlers.h:118;src/core/ssot_handlers_ext.cpp:4382;src/core/win32ide_handler_impls.cpp:238","PRODUCT|src/core/auto_feature_real_impl.cpp:3452|& | PRODUCT|src/core/command_handlers_comprehensive.cpp:691|& | PRODUCT|src/core/command_registry.hpp:249|CMD_"
"handleREDetectVulns","6","0","6","2","7","0","0","1","REACHABLE_COLLISION","src/core/auto_feature_real_impl.cpp:3462;src/core/command_handlers_comprehensive.cpp:695;src/core/ssot_handlers.cpp:6318;src/core/ssot_handlers.h:114;src/core/ssot_handlers_ext.cpp:4354;src/core/win32ide_handler_impls.cpp:239","PRODUCT|src/core/auto_feature_real_impl.cpp:3462|& | PRODUCT|src/core/command_handlers_comprehensive.cpp:695|& | PRODUCT|src/core/command_registry.hpp:242|CMD_"
"handleREDisassemble","3","0","3","1","4","0","0","1","REACHABLE_COLLISION","src/core/feature_handlers.cpp:2175;src/core/feature_handlers.h:136;src/core/win32ide_handler_impls.cpp:240","PRODUCT|src/core/command_registry.hpp:238|CMD_ | PRODUCT|src/core/feature_handlers.cpp:2175|& | PRODUCT|src/core/feature_handlers.h:136|&"
"handleREDumpbin","3","0","3","1","4","0","0","1","REACHABLE_COLLISION","src/core/feature_handlers.cpp:2200;src/core/feature_handlers.h:137;src/core/win32ide_handler_impls.cpp:241","PRODUCT|src/core/command_registry.hpp:239|CMD_ | PRODUCT|src/core/feature_handlers.cpp:2200|& | PRODUCT|src/core/feature_handlers.h:137|&"
"handleREExportGhidra","6","0","6","2","7","0","0","1","REACHABLE_COLLISION","src/core/auto_feature_real_impl.cpp:3472;src/core/command_handlers_comprehensive.cpp:699;src/core/ssot_handlers.cpp:6427;src/core/ssot_handlers.h:116;src/core/ssot_handlers_ext.cpp:4368;src/core/win32ide_handler_impls.cpp:242","PRODUCT|src/core/auto_feature_real_impl.cpp:3472|& | PRODUCT|src/core/command_handlers_comprehensive.cpp:699|& | PRODUCT|src/core/command_registry.hpp:245|CMD_"
"handleREExportIDA","6","0","6","2","7","0","0","1","REACHABLE_COLLISION","src/core/auto_feature_real_impl.cpp:3482;src/core/command_handlers_comprehensive.cpp:703;src/core/ssot_handlers.cpp:6373;src/core/ssot_handlers.h:115;src/core/ssot_handlers_ext.cpp:4361;src/core/win32ide_handler_impls.cpp:243","PRODUCT|src/core/auto_feature_real_impl.cpp:3482|& | PRODUCT|src/core/command_handlers_comprehensive.cpp:703|& | PRODUCT|src/core/command_registry.hpp:244|CMD_"
"handleREFunctions","6","0","6","2","7","0","0","1","REACHABLE_COLLISION","src/core/auto_feature_real_impl.cpp:3492;src/core/command_handlers_comprehensive.cpp:707;src/core/ssot_handlers.cpp:6479;src/core/ssot_handlers.h:117;src/core/ssot_handlers_ext.cpp:4375;src/core/win32ide_handler_impls.cpp:244","PRODUCT|src/core/auto_feature_real_impl.cpp:3492|& | PRODUCT|src/core/command_handlers_comprehensive.cpp:707|& | PRODUCT|src/core/command_registry.hpp:248|CMD_"
"handleRELicenseInfo","6","0","6","2","7","0","0","1","REACHABLE_COLLISION","src/core/auto_feature_real_impl.cpp:3502;src/core/command_handlers_comprehensive.cpp:711;src/core/ssot_handlers.cpp:6674;src/core/ssot_handlers.h:122;src/core/ssot_handlers_ext.cpp:4410;src/core/win32ide_handler_impls.cpp:245","PRODUCT|src/core/auto_feature_real_impl.cpp:3502|& | PRODUCT|src/core/command_handlers_comprehensive.cpp:711|& | PRODUCT|src/core/command_registry.hpp:257|CMD_"
"handleReplay","2","0","2","0","2","0","0","1","REACHABLE_COLLISION","src/core/feature_handlers.cpp:2567;src/core/feature_handlers.h:159","PRODUCT|src/core/feature_handlers.cpp:2567|& | PRODUCT|src/core/feature_handlers.h:159|&"
"handleReplayCheckpoint","6","0","6","2","8","0","0","1","REACHABLE_COLLISION","src/core/auto_feature_real_impl.cpp:3507;src/core/command_handlers_comprehensive.cpp:646;src/core/feature_handlers.h:321;src/core/ssot_handlers.cpp:4838;src/core/ssot_handlers_ext.cpp:20158;src/core/win32ide_handler_impls.cpp:246","PRODUCT|src/core/auto_feature_real_impl.cpp:3507|& | PRODUCT|src/core/auto_feature_registry.cpp:6991|IDM_ | PRODUCT|src/core/command_handlers_comprehensive.cpp:646|&"
"handleReplayExportSession","6","0","6","2","8","0","0","1","REACHABLE_COLLISION","src/core/auto_feature_real_impl.cpp:3512;src/core/command_handlers_comprehensive.cpp:650;src/core/feature_handlers.h:320;src/core/ssot_handlers.cpp:4845;src/core/ssot_handlers_ext.cpp:20144;src/core/win32ide_handler_impls.cpp:247","PRODUCT|src/core/auto_feature_real_impl.cpp:3512|& | PRODUCT|src/core/auto_feature_registry.cpp:6988|IDM_ | PRODUCT|src/core/command_handlers_comprehensive.cpp:650|&"
"handleReplayShowLast","6","0","6","2","7","0","0","1","REACHABLE_COLLISION","src/core/auto_feature_real_impl.cpp:3519;src/core/command_handlers_comprehensive.cpp:654;src/core/feature_handlers.h:319;src/core/ssot_handlers.cpp:4852;src/core/ssot_handlers_ext.cpp:20128;src/core/win32ide_handler_impls.cpp:248","PRODUCT|src/core/auto_feature_real_impl.cpp:3519|& | PRODUCT|src/core/command_handlers_comprehensive.cpp:654|& | PRODUCT|src/core/command_registry.hpp:429|CMD_"
"handleReplayStatus","6","0","6","2","8","0","0","1","REACHABLE_COLLISION","src/core/auto_feature_real_impl.cpp:3524;src/core/command_handlers_comprehensive.cpp:658;src/core/feature_handlers.h:318;src/core/ssot_handlers.cpp:4859;src/core/ssot_handlers_ext.cpp:20111;src/core/win32ide_handler_impls.cpp:249","PRODUCT|src/core/auto_feature_real_impl.cpp:3524|& | PRODUCT|src/core/auto_feature_registry.cpp:6985|IDM_ | PRODUCT|src/core/command_handlers_comprehensive.cpp:658|&"
"handleRERecursiveDisasm","6","0","6","2","7","0","0","1","REACHABLE_COLLISION","src/core/auto_feature_real_impl.cpp:3529;src/core/command_handlers_comprehensive.cpp:715;src/core/ssot_handlers.cpp:6559;src/core/ssot_handlers.h:119;src/core/ssot_handlers_ext.cpp:4389;src/core/win32ide_handler_impls.cpp:250","PRODUCT|src/core/auto_feature_real_impl.cpp:3529|& | PRODUCT|src/core/command_handlers_comprehensive.cpp:715|& | PRODUCT|src/core/command_registry.hpp:252|CMD_"
"handleRESSALift","3","0","3","1","4","0","0","1","REACHABLE_COLLISION","src/core/feature_handlers.cpp:2129;src/core/feature_handlers.h:134;src/core/win32ide_handler_impls.cpp:251","PRODUCT|src/core/command_registry.hpp:250|CMD_ | PRODUCT|src/core/feature_handlers.cpp:2129|& | PRODUCT|src/core/feature_handlers.h:134|&"
"handleRETypeRecovery","6","0","6","2","7","0","0","1","REACHABLE_COLLISION","src/core/auto_feature_real_impl.cpp:3539;src/core/command_handlers_comprehensive.cpp:719;src/core/ssot_handlers.cpp:6595;src/core/ssot_handlers.h:120;src/core/ssot_handlers_ext.cpp:4396;src/core/win32ide_handler_impls.cpp:252","PRODUCT|src/core/auto_feature_real_impl.cpp:3539|& | PRODUCT|src/core/command_handlers_comprehensive.cpp:719|& | PRODUCT|src/core/command_registry.hpp:254|CMD_"
"handleRevengAnalyze","3","0","3","0","4","0","0","1","REACHABLE_COLLISION","src/core/auto_feature_real_impl.cpp:1431;src/core/auto_feature_registry.cpp:3211;src/core/auto_feature_registry.hpp:192","PRODUCT|src/core/auto_feature_real_impl.cpp:1431|& | PRODUCT|src/core/auto_feature_registry.cpp:3211|& | PRODUCT|src/core/auto_feature_registry.cpp:6996|IDM_"
"handleRevengCfg","3","0","3","0","4","0","0","1","REACHABLE_COLLISION","src/core/auto_feature_real_impl.cpp:1441;src/core/auto_feature_registry.cpp:3228;src/core/auto_feature_registry.hpp:193","PRODUCT|src/core/auto_feature_real_impl.cpp:1441|& | PRODUCT|src/core/auto_feature_registry.cpp:3228|& | PRODUCT|src/core/auto_feature_registry.cpp:7020|IDM_"
"handleRevengCompare","3","0","3","0","4","0","0","1","REACHABLE_COLLISION","src/core/auto_feature_real_impl.cpp:1451;src/core/auto_feature_registry.cpp:3255;src/core/auto_feature_registry.hpp:194","PRODUCT|src/core/auto_feature_real_impl.cpp:1451|& | PRODUCT|src/core/auto_feature_registry.cpp:3255|& | PRODUCT|src/core/auto_feature_registry.cpp:7008|IDM_"
"handleRevengCompile","3","0","3","0","4","0","0","1","REACHABLE_COLLISION","src/core/auto_feature_real_impl.cpp:1461;src/core/auto_feature_registry.cpp:3275;src/core/auto_feature_registry.hpp:195","PRODUCT|src/core/auto_feature_real_impl.cpp:1461|& | PRODUCT|src/core/auto_feature_registry.cpp:3275|& | PRODUCT|src/core/auto_feature_registry.cpp:7005|IDM_"
"handleRevengDataFlow","3","0","3","0","4","0","0","1","REACHABLE_COLLISION","src/core/auto_feature_real_impl.cpp:1471;src/core/auto_feature_registry.cpp:3296;src/core/auto_feature_registry.hpp:196","PRODUCT|src/core/auto_feature_real_impl.cpp:1471|& | PRODUCT|src/core/auto_feature_registry.cpp:3296|& | PRODUCT|src/core/auto_feature_registry.cpp:7038|IDM_"
"handleRevengDecompClose","3","0","3","0","4","0","0","1","REACHABLE_COLLISION","src/core/auto_feature_real_impl.cpp:1481;src/core/auto_feature_registry.cpp:3322;src/core/auto_feature_registry.hpp:197","PRODUCT|src/core/auto_feature_real_impl.cpp:1481|& | PRODUCT|src/core/auto_feature_registry.cpp:3322|& | PRODUCT|src/core/auto_feature_registry.cpp:7053|IDM_"
"handleRevengDecompile","6","0","6","2","7","0","0","1","REACHABLE_COLLISION","src/core/auto_feature_real_impl.cpp:3549;src/core/command_handlers_comprehensive.cpp:723;src/core/feature_handlers.h:433;src/core/ssot_handlers.cpp:4866;src/core/ssot_handlers_ext.cpp:7182;src/core/win32ide_handler_impls.cpp:253","PRODUCT|src/core/auto_feature_real_impl.cpp:3549|& | PRODUCT|src/core/command_handlers_comprehensive.cpp:723|& | PRODUCT|src/core/command_registry.hpp:828|CMD_"
"handleRevengDecompilerView","3","0","3","0","4","0","0","1","REACHABLE_COLLISION","src/core/auto_feature_real_impl.cpp:1501;src/core/auto_feature_registry.cpp:3367;src/core/auto_feature_registry.hpp:200","PRODUCT|src/core/auto_feature_real_impl.cpp:1501|& | PRODUCT|src/core/auto_feature_registry.cpp:3367|& | PRODUCT|src/core/auto_feature_registry.cpp:7044|IDM_"
"handleRevengDecompRename","3","0","3","0","4","0","0","1","REACHABLE_COLLISION","src/core/auto_feature_real_impl.cpp:1486;src/core/auto_feature_registry.cpp:3332;src/core/auto_feature_registry.hpp:198","PRODUCT|src/core/auto_feature_real_impl.cpp:1486|& | PRODUCT|src/core/auto_feature_registry.cpp:3332|& | PRODUCT|src/core/auto_feature_registry.cpp:7047|IDM_"
"handleRevengDecompSync","3","0","3","0","4","0","0","1","REACHABLE_COLLISION","src/core/auto_feature_real_impl.cpp:1496;src/core/auto_feature_registry.cpp:3357;src/core/auto_feature_registry.hpp:199","PRODUCT|src/core/auto_feature_real_impl.cpp:1496|& | PRODUCT|src/core/auto_feature_registry.cpp:3357|& | PRODUCT|src/core/auto_feature_registry.cpp:7050|IDM_"
"handleRevengDemangle","3","0","3","0","4","0","0","1","REACHABLE_COLLISION","src/core/auto_feature_real_impl.cpp:1511;src/core/auto_feature_registry.cpp:3390;src/core/auto_feature_registry.hpp:201","PRODUCT|src/core/auto_feature_real_impl.cpp:1511|& | PRODUCT|src/core/auto_feature_registry.cpp:3390|& | PRODUCT|src/core/auto_feature_registry.cpp:7026|IDM_"
"handleRevengDetectVulns","3","0","3","0","4","0","0","1","REACHABLE_COLLISION","src/core/auto_feature_real_impl.cpp:1521;src/core/auto_feature_registry.cpp:3418;src/core/auto_feature_registry.hpp:202","PRODUCT|src/core/auto_feature_real_impl.cpp:1521|& | PRODUCT|src/core/auto_feature_registry.cpp:3418|& | PRODUCT|src/core/auto_feature_registry.cpp:7011|IDM_"
"handleRevengDisasm","3","0","3","0","4","0","0","1","REACHABLE_COLLISION","src/core/auto_feature_real_impl.cpp:1531;src/core/auto_feature_registry.cpp:3443;src/core/auto_feature_registry.hpp:203","PRODUCT|src/core/auto_feature_real_impl.cpp:1531|& | PRODUCT|src/core/auto_feature_registry.cpp:3443|& | PRODUCT|src/core/auto_feature_registry.cpp:6999|IDM_"
"handleRevengDisassemble","6","0","6","2","7","0","0","1","REACHABLE_COLLISION","src/core/auto_feature_real_impl.cpp:3559;src/core/command_handlers_comprehensive.cpp:727;src/core/feature_handlers.h:432;src/core/ssot_handlers.cpp:4873;src/core/ssot_handlers_ext.cpp:7021;src/core/win32ide_handler_impls.cpp:254","PRODUCT|src/core/auto_feature_real_impl.cpp:3559|& | PRODUCT|src/core/command_handlers_comprehensive.cpp:727|& | PRODUCT|src/core/command_registry.hpp:826|CMD_"
"handleRevengDumpbin","3","0","3","0","4","0","0","1","REACHABLE_COLLISION","src/core/auto_feature_real_impl.cpp:1541;src/core/auto_feature_registry.cpp:3473;src/core/auto_feature_registry.hpp:204","PRODUCT|src/core/auto_feature_real_impl.cpp:1541|& | PRODUCT|src/core/auto_feature_registry.cpp:3473|& | PRODUCT|src/core/auto_feature_registry.cpp:7002|IDM_"
"handleRevengExportGhidra","3","0","3","0","4","0","0","1","REACHABLE_COLLISION","src/core/auto_feature_real_impl.cpp:1551;src/core/auto_feature_registry.cpp:3501;src/core/auto_feature_registry.hpp:205","PRODUCT|src/core/auto_feature_real_impl.cpp:1551|& | PRODUCT|src/core/auto_feature_registry.cpp:3501|& | PRODUCT|src/core/auto_feature_registry.cpp:7017|IDM_"
"handleRevengExportIda","3","0","3","0","4","0","0","1","REACHABLE_COLLISION","src/core/auto_feature_real_impl.cpp:1561;src/core/auto_feature_registry.cpp:3516;src/core/auto_feature_registry.hpp:206","PRODUCT|src/core/auto_feature_real_impl.cpp:1561|& | PRODUCT|src/core/auto_feature_registry.cpp:3516|& | PRODUCT|src/core/auto_feature_registry.cpp:7014|IDM_"
"handleRevengFindVulnerabilities","6","0","6","2","7","0","0","1","REACHABLE_COLLISION","src/core/auto_feature_real_impl.cpp:3569;src/core/command_handlers_comprehensive.cpp:89;src/core/feature_handlers.h:434;src/core/ssot_handlers.cpp:4880;src/core/ssot_handlers_ext.cpp:7482;src/core/win32ide_handler_impls.cpp:255","PRODUCT|src/core/auto_feature_real_impl.cpp:3569|& | PRODUCT|src/core/command_handlers_comprehensive.cpp:89|& | PRODUCT|src/core/command_registry.hpp:830|CMD_"
"handleRevengFunctions","3","0","3","0","4","0","0","1","REACHABLE_COLLISION","src/core/auto_feature_real_impl.cpp:1571;src/core/auto_feature_registry.cpp:3531;src/core/auto_feature_registry.hpp:207","PRODUCT|src/core/auto_feature_real_impl.cpp:1571|& | PRODUCT|src/core/auto_feature_registry.cpp:3531|& | PRODUCT|src/core/auto_feature_registry.cpp:7023|IDM_"
"handleRevengLicenseInfo","3","0","3","0","4","0","0","1","REACHABLE_COLLISION","src/core/auto_feature_real_impl.cpp:1581;src/core/auto_feature_registry.cpp:3557;src/core/auto_feature_registry.hpp:208","PRODUCT|src/core/auto_feature_real_impl.cpp:1581|& | PRODUCT|src/core/auto_feature_registry.cpp:3557|& | PRODUCT|src/core/auto_feature_registry.cpp:7041|IDM_"
"handleRevengRecursiveDisasm","3","0","3","0","4","0","0","1","REACHABLE_COLLISION","src/core/auto_feature_real_impl.cpp:1586;src/core/auto_feature_registry.cpp:3577;src/core/auto_feature_registry.hpp:209","PRODUCT|src/core/auto_feature_real_impl.cpp:1586|& | PRODUCT|src/core/auto_feature_registry.cpp:3577|& | PRODUCT|src/core/auto_feature_registry.cpp:7032|IDM_"
"handleRevengSsa","3","0","3","0","4","0","0","1","REACHABLE_COLLISION","src/core/auto_feature_real_impl.cpp:1596;src/core/auto_feature_registry.cpp:3601;src/core/auto_feature_registry.hpp:210","PRODUCT|src/core/auto_feature_real_impl.cpp:1596|& | PRODUCT|src/core/auto_feature_registry.cpp:3601|& | PRODUCT|src/core/auto_feature_registry.cpp:7029|IDM_"
"handleRevengTypeRecovery","3","0","3","0","4","0","0","1","REACHABLE_COLLISION","src/core/auto_feature_real_impl.cpp:1606;src/core/auto_feature_registry.cpp:3628;src/core/auto_feature_registry.hpp:211","PRODUCT|src/core/auto_feature_real_impl.cpp:1606|& | PRODUCT|src/core/auto_feature_registry.cpp:3628|& | PRODUCT|src/core/auto_feature_registry.cpp:7035|IDM_"
"handleRouterCapabilities","7","0","7","2","8","0","0","1","REACHABLE_COLLISION","src/core/auto_feature_real_impl.cpp:3582;src/core/command_handlers_comprehensive.cpp:732;src/core/feature_handlers.h:339;src/core/ssot_handlers.cpp:4887;src/core/ssot_handlers.h:273;src/core/ssot_handlers_ext.cpp:11415","PRODUCT|src/core/auto_feature_real_impl.cpp:3582|& | PRODUCT|src/core/command_handlers_comprehensive.cpp:732|& | PRODUCT|src/core/command_registry.hpp:303|CMD_"
"handleRouterDecision","7","0","7","2","8","0","0","1","REACHABLE_COLLISION","src/core/auto_feature_real_impl.cpp:3587;src/core/command_handlers_comprehensive.cpp:736;src/core/feature_handlers.h:337;src/core/ssot_handlers.cpp:4894;src/core/ssot_handlers.h:271;src/core/ssot_handlers_ext.cpp:11225","PRODUCT|src/core/auto_feature_real_impl.cpp:3587|& | PRODUCT|src/core/command_handlers_comprehensive.cpp:736|& | PRODUCT|src/core/command_registry.hpp:301|CMD_"
"handleRouterDisable","7","0","7","2","9","0","0","1","REACHABLE_COLLISION","src/core/auto_feature_real_impl.cpp:3592;src/core/command_handlers_comprehensive.cpp:740;src/core/feature_handlers.h:335;src/core/ssot_handlers.cpp:2579;src/core/ssot_handlers.h:269;src/core/ssot_handlers_ext.cpp:11078","PRODUCT|src/core/auto_feature_real_impl.cpp:3592|& | PRODUCT|src/core/auto_feature_registry.cpp:7061|IDM_ | PRODUCT|src/core/command_handlers_comprehensive.cpp:740|&"
"handleRouterEnable","7","0","7","2","9","0","0","1","REACHABLE_COLLISION","src/core/auto_feature_real_impl.cpp:3597;src/core/command_handlers_comprehensive.cpp:744;src/core/feature_handlers.h:334;src/core/ssot_handlers.cpp:2570;src/core/ssot_handlers.h:268;src/core/ssot_handlers_ext.cpp:11006","PRODUCT|src/core/auto_feature_real_impl.cpp:3597|& | PRODUCT|src/core/auto_feature_registry.cpp:7058|IDM_ | PRODUCT|src/core/command_handlers_comprehensive.cpp:744|&"
"handleRouterEnsembleDisable","7","0","7","2","9","0","0","1","REACHABLE_COLLISION","src/core/auto_feature_real_impl.cpp:3602;src/core/command_handlers_comprehensive.cpp:748;src/core/feature_handlers.h:350;src/core/ssot_handlers.cpp:4901;src/core/ssot_handlers.h:284;src/core/ssot_handlers_ext.cpp:12739","PRODUCT|src/core/auto_feature_real_impl.cpp:3602|& | PRODUCT|src/core/auto_feature_registry.cpp:7106|IDM_ | PRODUCT|src/core/command_handlers_comprehensive.cpp:748|&"
"handleRouterEnsembleEnable","7","0","7","2","9","0","0","1","REACHABLE_COLLISION","src/core/auto_feature_real_impl.cpp:3607;src/core/command_handlers_comprehensive.cpp:752;src/core/feature_handlers.h:349;src/core/ssot_handlers.cpp:4908;src/core/ssot_handlers.h:283;src/core/ssot_handlers_ext.cpp:12621","PRODUCT|src/core/auto_feature_real_impl.cpp:3607|& | PRODUCT|src/core/auto_feature_registry.cpp:7103|IDM_ | PRODUCT|src/core/command_handlers_comprehensive.cpp:752|&"
"handleRouterEnsembleStatus","7","0","7","2","9","0","0","1","REACHABLE_COLLISION","src/core/auto_feature_real_impl.cpp:3612;src/core/command_handlers_comprehensive.cpp:756;src/core/feature_handlers.h:351;src/core/ssot_handlers.cpp:4915;src/core/ssot_handlers.h:285;src/core/ssot_handlers_ext.cpp:12815","PRODUCT|src/core/auto_feature_real_impl.cpp:3612|& | PRODUCT|src/core/auto_feature_registry.cpp:7109|IDM_ | PRODUCT|src/core/command_handlers_comprehensive.cpp:756|&"
"handleRouterFallbacks","7","0","7","2","8","0","0","1","REACHABLE_COLLISION","src/core/auto_feature_real_impl.cpp:3617;src/core/command_handlers_comprehensive.cpp:760;src/core/feature_handlers.h:340;src/core/ssot_handlers.cpp:4922;src/core/ssot_handlers.h:274;src/core/ssot_handlers_ext.cpp:11486","PRODUCT|src/core/auto_feature_real_impl.cpp:3617|& | PRODUCT|src/core/command_handlers_comprehensive.cpp:760|& | PRODUCT|src/core/command_registry.hpp:305|CMD_"
"handleRouterPinTask","7","0","7","2","9","0","0","1","REACHABLE_COLLISION","src/core/auto_feature_real_impl.cpp:3622;src/core/command_handlers_comprehensive.cpp:764;src/core/feature_handlers.h:345;src/core/ssot_handlers.cpp:4929;src/core/ssot_handlers.h:279;src/core/ssot_handlers_ext.cpp:12214","PRODUCT|src/core/auto_feature_real_impl.cpp:3622|& | PRODUCT|src/core/auto_feature_registry.cpp:7091|IDM_ | PRODUCT|src/core/command_handlers_comprehensive.cpp:764|&"
"handleRouterResetStats","7","0","7","2","9","0","0","1","REACHABLE_COLLISION","src/core/auto_feature_real_impl.cpp:3632;src/core/command_handlers_comprehensive.cpp:768;src/core/feature_handlers.h:343;src/core/ssot_handlers.cpp:4936;src/core/ssot_handlers.h:277;src/core/ssot_handlers_ext.cpp:11978","PRODUCT|src/core/auto_feature_real_impl.cpp:3632|& | PRODUCT|src/core/auto_feature_registry.cpp:7085|IDM_ | PRODUCT|src/core/command_handlers_comprehensive.cpp:768|&"
"handleRouterRoutePrompt","7","0","7","2","9","0","0","1","REACHABLE_COLLISION","src/core/auto_feature_real_impl.cpp:3637;src/core/command_handlers_comprehensive.cpp:772;src/core/feature_handlers.h:342;src/core/ssot_handlers.cpp:4943;src/core/ssot_handlers.h:276;src/core/ssot_handlers_ext.cpp:11841","PRODUCT|src/core/auto_feature_real_impl.cpp:3637|& | PRODUCT|src/core/auto_feature_registry.cpp:7082|IDM_ | PRODUCT|src/core/command_handlers_comprehensive.cpp:772|&"
"handleRouterSaveConfig","7","0","7","2","9","0","0","1","REACHABLE_COLLISION","src/core/auto_feature_real_impl.cpp:3647;src/core/command_handlers_comprehensive.cpp:776;src/core/feature_handlers.h:341;src/core/ssot_handlers.cpp:4953;src/core/ssot_handlers.h:275;src/core/ssot_handlers_ext.cpp:11520","PRODUCT|src/core/auto_feature_real_impl.cpp:3647|& | PRODUCT|src/core/auto_feature_registry.cpp:7079|IDM_ | PRODUCT|src/core/command_handlers_comprehensive.cpp:776|&"
"handleRouterSetPolicy","7","0","7","2","9","0","0","1","REACHABLE_COLLISION","src/core/auto_feature_real_impl.cpp:3652;src/core/command_handlers_comprehensive.cpp:780;src/core/feature_handlers.h:338;src/core/ssot_handlers.cpp:4960;src/core/ssot_handlers.h:272;src/core/ssot_handlers_ext.cpp:11333","PRODUCT|src/core/auto_feature_real_impl.cpp:3652|& | PRODUCT|src/core/auto_feature_registry.cpp:7070|IDM_ | PRODUCT|src/core/command_handlers_comprehensive.cpp:780|&"
"handleRouterShowCapabilities","3","0","3","0","4","0","0","1","REACHABLE_COLLISION","src/core/auto_feature_real_impl.cpp:1619;src/core/auto_feature_registry.cpp:3651;src/core/auto_feature_registry.hpp:212","PRODUCT|src/core/auto_feature_real_impl.cpp:1619|& | PRODUCT|src/core/auto_feature_registry.cpp:3651|& | PRODUCT|src/core/auto_feature_registry.cpp:7073|IDM_"
"handleRouterShowCostStats","7","0","7","2","9","0","0","1","REACHABLE_COLLISION","src/core/auto_feature_real_impl.cpp:3662;src/core/command_handlers_comprehensive.cpp:784;src/core/feature_handlers.h:354;src/core/ssot_handlers.cpp:4971;src/core/ssot_handlers.h:288;src/core/ssot_handlers_ext.cpp:12911","PRODUCT|src/core/auto_feature_real_impl.cpp:3662|& | PRODUCT|src/core/auto_feature_registry.cpp:7115|IDM_ | PRODUCT|src/core/command_handlers_comprehensive.cpp:784|&"
"handleRouterShowDecision","3","0","3","0","4","0","0","1","REACHABLE_COLLISION","src/core/auto_feature_real_impl.cpp:1624;src/core/auto_feature_registry.cpp:3677;src/core/auto_feature_registry.hpp:213","PRODUCT|src/core/auto_feature_real_impl.cpp:1624|& | PRODUCT|src/core/auto_feature_registry.cpp:3677|& | PRODUCT|src/core/auto_feature_registry.cpp:7067|IDM_"
"handleRouterShowFallbacks","3","0","3","0","4","0","0","1","REACHABLE_COLLISION","src/core/auto_feature_real_impl.cpp:1629;src/core/auto_feature_registry.cpp:3699;src/core/auto_feature_registry.hpp:214","PRODUCT|src/core/auto_feature_real_impl.cpp:1629|& | PRODUCT|src/core/auto_feature_registry.cpp:3699|& | PRODUCT|src/core/auto_feature_registry.cpp:7076|IDM_"
"handleRouterShowHeatmap","7","0","7","2","9","0","0","1","REACHABLE_COLLISION","src/core/auto_feature_real_impl.cpp:3667;src/core/command_handlers_comprehensive.cpp:788;src/core/feature_handlers.h:348;src/core/ssot_handlers.cpp:4978;src/core/ssot_handlers.h:282;src/core/ssot_handlers_ext.cpp:12518","PRODUCT|src/core/auto_feature_real_impl.cpp:3667|& | PRODUCT|src/core/auto_feature_registry.cpp:7100|IDM_ | PRODUCT|src/core/command_handlers_comprehensive.cpp:788|&"
"handleRouterShowPins","7","0","7","2","9","0","0","1","REACHABLE_COLLISION","src/core/auto_feature_real_impl.cpp:3672;src/core/command_handlers_comprehensive.cpp:792;src/core/feature_handlers.h:347;src/core/ssot_handlers.cpp:4985;src/core/ssot_handlers.h:281;src/core/ssot_handlers_ext.cpp:12433","PRODUCT|src/core/auto_feature_real_impl.cpp:3672|& | PRODUCT|src/core/auto_feature_registry.cpp:7097|IDM_ | PRODUCT|src/core/command_handlers_comprehensive.cpp:792|&"
"handleRouterShowStatus","3","0","3","0","4","0","0","1","REACHABLE_COLLISION","src/core/auto_feature_real_impl.cpp:1634;src/core/auto_feature_registry.cpp:3725;src/core/auto_feature_registry.hpp:215","PRODUCT|src/core/auto_feature_real_impl.cpp:1634|& | PRODUCT|src/core/auto_feature_registry.cpp:3725|& | PRODUCT|src/core/auto_feature_registry.cpp:7064|IDM_"
"handleRouterSimulate","7","0","7","2","9","0","0","1","REACHABLE_COLLISION","src/core/auto_feature_real_impl.cpp:3677;src/core/command_handlers_comprehensive.cpp:796;src/core/feature_handlers.h:352;src/core/ssot_handlers.cpp:4992;src/core/ssot_handlers.h:286;src/core/ssot_handlers_ext.cpp:4075","PRODUCT|src/core/auto_feature_real_impl.cpp:3677|& | PRODUCT|src/core/auto_feature_registry.cpp:7112|IDM_ | PRODUCT|src/core/command_handlers_comprehensive.cpp:796|&"
"handleRouterSimulateLast","7","0","7","2","8","0","0","1","REACHABLE_COLLISION","src/core/auto_feature_real_impl.cpp:3687;src/core/command_handlers_comprehensive.cpp:800;src/core/feature_handlers.h:353;src/core/ssot_handlers.cpp:5002;src/core/ssot_handlers.h:287;src/core/ssot_handlers_ext.cpp:11644","PRODUCT|src/core/auto_feature_real_impl.cpp:3687|& | PRODUCT|src/core/command_handlers_comprehensive.cpp:800|& | PRODUCT|src/core/command_registry.hpp:324|CMD_"
"handleRouterStatus","7","0","7","2","8","0","0","1","REACHABLE_COLLISION","src/core/auto_feature_real_impl.cpp:3692;src/core/command_handlers_comprehensive.cpp:804;src/core/feature_handlers.h:336;src/core/ssot_handlers.cpp:2588;src/core/ssot_handlers.h:270;src/core/ssot_handlers_ext.cpp:11150","PRODUCT|src/core/auto_feature_real_impl.cpp:3692|& | PRODUCT|src/core/command_handlers_comprehensive.cpp:804|& | PRODUCT|src/core/command_registry.hpp:300|CMD_"
"handleRouterUnpinTask","7","0","7","2","9","0","0","1","REACHABLE_COLLISION","src/core/auto_feature_real_impl.cpp:3697;src/core/command_handlers_comprehensive.cpp:808;src/core/feature_handlers.h:346;src/core/ssot_handlers.cpp:5009;src/core/ssot_handlers.h:280;src/core/ssot_handlers_ext.cpp:12308","PRODUCT|src/core/auto_feature_real_impl.cpp:3697|& | PRODUCT|src/core/auto_feature_registry.cpp:7094|IDM_ | PRODUCT|src/core/command_handlers_comprehensive.cpp:808|&"
"handleRouterWhyBackend","7","0","7","2","9","0","0","1","REACHABLE_COLLISION","src/core/auto_feature_real_impl.cpp:3707;src/core/command_handlers_comprehensive.cpp:812;src/core/feature_handlers.h:344;src/core/ssot_handlers.cpp:5016;src/core/ssot_handlers.h:278;src/core/ssot_handlers_ext.cpp:12071","PRODUCT|src/core/auto_feature_real_impl.cpp:3707|& | PRODUCT|src/core/auto_feature_registry.cpp:7088|IDM_ | PRODUCT|src/core/command_handlers_comprehensive.cpp:812|&"
"handleSafety","2","0","2","0","2","0","0","1","REACHABLE_COLLISION","src/core/feature_handlers.cpp:2526;src/core/feature_handlers.h:157","PRODUCT|src/core/feature_handlers.cpp:2526|& | PRODUCT|src/core/feature_handlers.h:157|&"
"handleSafetyResetBudget","6","0","6","2","8","0","0","1","REACHABLE_COLLISION","src/core/auto_feature_real_impl.cpp:3715;src/core/command_handlers_comprehensive.cpp:817;src/core/feature_handlers.h:310;src/core/ssot_handlers.cpp:5023;src/core/ssot_handlers_ext.cpp:19724;src/core/win32ide_handler_impls.cpp:277","PRODUCT|src/core/auto_feature_real_impl.cpp:3715|& | PRODUCT|src/core/auto_feature_registry.cpp:7123|IDM_ | PRODUCT|src/core/command_handlers_comprehensive.cpp:817|&"
"handleSafetyRollbackLast","6","0","6","2","7","0","0","1","REACHABLE_COLLISION","src/core/auto_feature_real_impl.cpp:3720;src/core/command_handlers_comprehensive.cpp:821;src/core/feature_handlers.h:311;src/core/ssot_handlers.cpp:5030;src/core/ssot_handlers_ext.cpp:19901;src/core/win32ide_handler_impls.cpp:278","PRODUCT|src/core/auto_feature_real_impl.cpp:3720|& | PRODUCT|src/core/command_handlers_comprehensive.cpp:821|& | PRODUCT|src/core/command_registry.hpp:422|CMD_"
"handleSafetyShowViolations","6","0","6","2","8","0","0","1","REACHABLE_COLLISION","src/core/auto_feature_real_impl.cpp:3725;src/core/command_handlers_comprehensive.cpp:825;src/core/feature_handlers.h:312;src/core/ssot_handlers.cpp:5037;src/core/ssot_handlers_ext.cpp:20093;src/core/win32ide_handler_impls.cpp:279","PRODUCT|src/core/auto_feature_real_impl.cpp:3725|& | PRODUCT|src/core/auto_feature_registry.cpp:7126|IDM_ | PRODUCT|src/core/command_handlers_comprehensive.cpp:825|&"
"handleSafetyStatus","6","0","6","2","8","0","0","1","REACHABLE_COLLISION","src/core/auto_feature_real_impl.cpp:3730;src/core/command_handlers_comprehensive.cpp:829;src/core/feature_handlers.h:309;src/core/ssot_handlers.cpp:5044;src/core/ssot_handlers_ext.cpp:19534;src/core/win32ide_handler_impls.cpp:280","PRODUCT|src/core/auto_feature_real_impl.cpp:3730|& | PRODUCT|src/core/auto_feature_registry.cpp:7120|IDM_ | PRODUCT|src/core/command_handlers_comprehensive.cpp:829|&"
"handleSearch","3","0","3","1","4","0","0","1","REACHABLE_COLLISION","src/core/feature_handlers.cpp:3329;src/core/feature_handlers.h:497;src/core/win32ide_handler_impls.cpp:281","PRODUCT|src/core/command_registry.hpp:686|CMD_ | PRODUCT|src/core/feature_handlers.cpp:3329|& | PRODUCT|src/core/feature_handlers.h:497|&"
"handleSecuritySastScan","1","0","1","0","1","0","0","1","REAL_REACHABLE_SINGLE","src/core/ssot_handlers_ext.cpp:26864","PRODUCT|src/core/ssot_handlers_ext.cpp:26864|&"
"handleSecurityScaScan","1","0","1","0","1","0","0","1","REAL_REACHABLE_SINGLE","src/core/ssot_handlers_ext.cpp:26946","PRODUCT|src/core/ssot_handlers_ext.cpp:26946|&"
"handleSecuritySecretScan","1","0","1","0","1","0","0","1","REAL_REACHABLE_SINGLE","src/core/ssot_handlers_ext.cpp:26910","PRODUCT|src/core/ssot_handlers_ext.cpp:26910|&"
"HandleSelfHostEngine","3","0","3","3","4","0","0","1","REACHABLE_COLLISION","src/core/command_handlers_comprehensive.cpp:1084;src/core/rawrengine_command_handlers.cpp:94;src/core/win32ide_handler_impls.cpp:282","PRODUCT|src/core/command_handlers_comprehensive.cpp:1084|& | PRODUCT|src/core/command_registry.hpp:902|CMD_ | PRODUCT|src/core/rawrengine_command_handlers.cpp:94|&"
"handleServerStart","3","0","3","1","4","0","0","1","REACHABLE_COLLISION","src/core/feature_handlers.cpp:2708;src/core/feature_handlers.h:171;src/core/win32ide_handler_impls.cpp:283","PRODUCT|src/core/command_registry.hpp:706|CMD_ | PRODUCT|src/core/feature_handlers.cpp:2708|& | PRODUCT|src/core/feature_handlers.h:171|&"
"handleServerStatus","3","0","3","1","4","0","0","1","REACHABLE_COLLISION","src/core/feature_handlers.cpp:2769;src/core/feature_handlers.h:173;src/core/win32ide_handler_impls.cpp:284","PRODUCT|src/core/command_registry.hpp:708|CMD_ | PRODUCT|src/core/feature_handlers.cpp:2769|& | PRODUCT|src/core/feature_handlers.h:173|&"
"handleServerStop","3","0","3","1","4","0","0","1","REACHABLE_COLLISION","src/core/feature_handlers.cpp:2750;src/core/feature_handlers.h:172;src/core/win32ide_handler_impls.cpp:285","PRODUCT|src/core/command_registry.hpp:707|CMD_ | PRODUCT|src/core/feature_handlers.cpp:2750|& | PRODUCT|src/core/feature_handlers.h:172|&"
"handleSettingsExport","3","0","3","1","4","0","0","1","REACHABLE_COLLISION","src/core/feature_handlers.cpp:3181;src/core/feature_handlers.h:216;src/core/win32ide_handler_impls.cpp:286","PRODUCT|src/core/command_registry.hpp:710|CMD_ | PRODUCT|src/core/feature_handlers.cpp:3181|& | PRODUCT|src/core/feature_handlers.h:216|&"
"handleSettingsImport","3","0","3","1","4","0","0","1","REACHABLE_COLLISION","src/core/feature_handlers.cpp:3205;src/core/feature_handlers.h:217;src/core/win32ide_handler_impls.cpp:287","PRODUCT|src/core/command_registry.hpp:712|CMD_ | PRODUCT|src/core/feature_handlers.cpp:3205|& | PRODUCT|src/core/feature_handlers.h:217|&"
"handleSettingsOpen","3","0","3","1","4","0","0","1","REACHABLE_COLLISION","src/core/feature_handlers.cpp:3158;src/core/feature_handlers.h:215;src/core/win32ide_handler_impls.cpp:288","PRODUCT|src/core/command_registry.hpp:709|CMD_ | PRODUCT|src/core/feature_handlers.cpp:3158|& | PRODUCT|src/core/feature_handlers.h:215|&"
"handleSettingsReset","1","0","1","0","1","0","0","1","REAL_REACHABLE_SINGLE","src/core/ssot_handlers_ext.cpp:25760","PRODUCT|src/core/ssot_handlers_ext.cpp:25760|&"
"handleSettingsSync","1","0","1","0","1","0","0","1","REAL_REACHABLE_SINGLE","src/core/ssot_handlers_ext.cpp:25746","PRODUCT|src/core/ssot_handlers_ext.cpp:25746|&"
"handleSettingsUser","1","0","1","0","1","0","0","1","REAL_REACHABLE_SINGLE","src/core/ssot_handlers_ext.cpp:25712","PRODUCT|src/core/ssot_handlers_ext.cpp:25712|&"
"handleSettingsWorkspace","1","0","1","0","1","0","0","1","REAL_REACHABLE_SINGLE","src/core/ssot_handlers_ext.cpp:25729","PRODUCT|src/core/ssot_handlers_ext.cpp:25729|&"
"HandleSpeciatorEngine","3","0","3","3","4","0","0","1","REACHABLE_COLLISION","src/core/command_handlers_comprehensive.cpp:1087;src/core/rawrengine_command_handlers.cpp:82;src/core/win32ide_handler_impls.cpp:289","PRODUCT|src/core/command_handlers_comprehensive.cpp:1087|& | PRODUCT|src/core/command_registry.hpp:898|CMD_ | PRODUCT|src/core/rawrengine_command_handlers.cpp:82|&"
"handleStatus","3","0","3","1","4","0","0","1","REACHABLE_COLLISION","src/core/feature_handlers.cpp:3489;src/core/feature_handlers.h:502;src/core/win32ide_handler_impls.cpp:290","PRODUCT|src/core/command_registry.hpp:691|CMD_ | PRODUCT|src/core/feature_handlers.cpp:3489|& | PRODUCT|src/core/feature_handlers.h:502|&"
"handleSubAgent","3","0","3","1","4","0","0","1","REACHABLE_COLLISION","src/core/feature_handlers.cpp:3413;src/core/feature_handlers.h:500;src/core/win32ide_handler_impls.cpp:291","PRODUCT|src/core/command_registry.hpp:689|CMD_ | PRODUCT|src/core/feature_handlers.cpp:3413|& | PRODUCT|src/core/feature_handlers.h:500|&"
"handleSubagentChain","6","0","3","0","4","0","0","1","REACHABLE_COLLISION","src/core/auto_feature_real_impl.cpp:1639;src/core/auto_feature_registry.cpp:3751;src/core/auto_feature_registry.hpp:216;src/core/feature_handlers.cpp:969;src/core/feature_handlers.h:80;src/core/win32ide_handler_impls.cpp:292","PRODUCT|src/core/auto_feature_real_impl.cpp:1639|& | PRODUCT|src/core/auto_feature_registry.cpp:3751|& | PRODUCT|src/core/auto_feature_registry.cpp:7131|IDM_"
"handleSubAgentSpawn","2","0","2","0","2","0","0","1","REACHABLE_COLLISION","src/core/ssot_handlers.h:98;src/core/ssot_handlers_ext.cpp:10090","PRODUCT|src/core/ssot_handlers.h:98|& | PRODUCT|src/core/ssot_handlers_ext.cpp:10090|&"
"handleSubagentStatus","7","0","3","0","4","0","0","1","REACHABLE_COLLISION","src/core/auto_feature_real_impl.cpp:1649;src/core/auto_feature_registry.cpp:3774;src/core/auto_feature_registry.hpp:217;src/core/feature_handlers.cpp:1074;src/core/feature_handlers.h:84;src/core/ssot_handlers.h:99","PRODUCT|src/core/auto_feature_real_impl.cpp:1649|& | PRODUCT|src/core/auto_feature_registry.cpp:3774|& | PRODUCT|src/core/auto_feature_registry.cpp:7143|IDM_"
"handleSubAgentStatusExt","1","0","1","0","1","0","0","1","REAL_REACHABLE_SINGLE","src/core/ssot_handlers_ext.cpp:10156","PRODUCT|src/core/ssot_handlers_ext.cpp:10156|&"
"handleSubagentSwarm","6","0","3","0","4","0","0","1","REACHABLE_COLLISION","src/core/auto_feature_real_impl.cpp:1654;src/core/auto_feature_registry.cpp:3788;src/core/auto_feature_registry.hpp:218;src/core/feature_handlers.cpp:1016;src/core/feature_handlers.h:81;src/core/win32ide_handler_impls.cpp:294","PRODUCT|src/core/auto_feature_real_impl.cpp:1654|& | PRODUCT|src/core/auto_feature_registry.cpp:3788|& | PRODUCT|src/core/auto_feature_registry.cpp:7134|IDM_"
"handleSubagentTodoClear","6","0","3","0","4","0","0","1","REACHABLE_COLLISION","src/core/auto_feature_real_impl.cpp:1659;src/core/auto_feature_registry.cpp:3802;src/core/auto_feature_registry.hpp:219;src/core/feature_handlers.cpp:1063;src/core/feature_handlers.h:83;src/core/win32ide_handler_impls.cpp:295","PRODUCT|src/core/auto_feature_real_impl.cpp:1659|& | PRODUCT|src/core/auto_feature_registry.cpp:3802|& | PRODUCT|src/core/auto_feature_registry.cpp:7140|IDM_"
"handleSubagentTodoList","6","0","3","0","4","0","0","1","REACHABLE_COLLISION","src/core/auto_feature_real_impl.cpp:1664;src/core/auto_feature_registry.cpp:3808;src/core/auto_feature_registry.hpp:220;src/core/feature_handlers.cpp:1035;src/core/feature_handlers.h:82;src/core/win32ide_handler_impls.cpp:296","PRODUCT|src/core/auto_feature_real_impl.cpp:1664|& | PRODUCT|src/core/auto_feature_registry.cpp:3808|& | PRODUCT|src/core/auto_feature_registry.cpp:7137|IDM_"
"handleSwarmAddNode","3","0","3","0","4","0","0","1","REACHABLE_COLLISION","src/core/auto_feature_real_impl.cpp:1669;src/core/auto_feature_registry.cpp:3814;src/core/auto_feature_registry.hpp:221","PRODUCT|src/core/auto_feature_real_impl.cpp:1669|& | PRODUCT|src/core/auto_feature_registry.cpp:3814|& | PRODUCT|src/core/auto_feature_registry.cpp:7166|IDM_"
"handleSwarmBlacklist","6","0","6","2","7","0","0","1","REACHABLE_COLLISION","src/core/auto_feature_real_impl.cpp:3738;src/core/command_handlers_comprehensive.cpp:834;src/core/ssot_handlers.cpp:6896;src/core/ssot_handlers.h:133;src/core/ssot_handlers_ext.cpp:20298;src/core/win32ide_handler_impls.cpp:297","PRODUCT|src/core/auto_feature_real_impl.cpp:3738|& | PRODUCT|src/core/command_handlers_comprehensive.cpp:834|& | PRODUCT|src/core/command_registry.hpp:449|CMD_"
"handleSwarmBlacklistNode","3","0","3","0","4","0","0","1","REACHABLE_COLLISION","src/core/auto_feature_real_impl.cpp:1679;src/core/auto_feature_registry.cpp:3837;src/core/auto_feature_registry.hpp:222","PRODUCT|src/core/auto_feature_real_impl.cpp:1679|& | PRODUCT|src/core/auto_feature_registry.cpp:3837|& | PRODUCT|src/core/auto_feature_registry.cpp:7172|IDM_"
"handleSwarmBuildCmake","6","0","6","1","8","0","0","1","REACHABLE_COLLISION","src/core/auto_feature_real_impl.cpp:1689;src/core/auto_feature_registry.cpp:3850;src/core/auto_feature_registry.hpp:223;src/core/ssot_handlers.cpp:6967;src/core/ssot_handlers.h:135;src/core/ssot_handlers_ext.cpp:20337","PRODUCT|src/core/auto_feature_real_impl.cpp:1689|& | PRODUCT|src/core/auto_feature_registry.cpp:3850|& | PRODUCT|src/core/auto_feature_registry.cpp:7178|IDM_"
"handleSwarmBuildSources","6","0","6","1","8","0","0","1","REACHABLE_COLLISION","src/core/auto_feature_real_impl.cpp:1694;src/core/auto_feature_registry.cpp:3863;src/core/auto_feature_registry.hpp:224;src/core/ssot_handlers.cpp:6924;src/core/ssot_handlers.h:134;src/core/ssot_handlers_ext.cpp:20320","PRODUCT|src/core/auto_feature_real_impl.cpp:1694|& | PRODUCT|src/core/auto_feature_registry.cpp:3863|& | PRODUCT|src/core/auto_feature_registry.cpp:7175|IDM_"
"handleSwarmCacheClear","6","0","6","1","8","0","0","1","REACHABLE_COLLISION","src/core/auto_feature_real_impl.cpp:1699;src/core/auto_feature_registry.cpp:3900;src/core/auto_feature_registry.hpp:225;src/core/ssot_handlers.cpp:7068;src/core/ssot_handlers.h:139;src/core/ssot_handlers_ext.cpp:20407","PRODUCT|src/core/auto_feature_real_impl.cpp:1699|& | PRODUCT|src/core/auto_feature_registry.cpp:3900|& | PRODUCT|src/core/auto_feature_registry.cpp:7190|IDM_"
"handleSwarmCacheStatus","6","0","6","1","8","0","0","1","REACHABLE_COLLISION","src/core/auto_feature_real_impl.cpp:1704;src/core/auto_feature_registry.cpp:3908;src/core/auto_feature_registry.hpp:226;src/core/ssot_handlers.cpp:7040;src/core/ssot_handlers.h:138;src/core/ssot_handlers_ext.cpp:20388","PRODUCT|src/core/auto_feature_real_impl.cpp:1704|& | PRODUCT|src/core/auto_feature_registry.cpp:3908|& | PRODUCT|src/core/auto_feature_registry.cpp:7187|IDM_"
"handleSwarmCancelBuild","6","0","6","1","8","0","0","1","REACHABLE_COLLISION","src/core/auto_feature_real_impl.cpp:1709;src/core/auto_feature_registry.cpp:3920;src/core/auto_feature_registry.hpp:227;src/core/ssot_handlers.cpp:7025;src/core/ssot_handlers.h:137;src/core/ssot_handlers_ext.cpp:20371","PRODUCT|src/core/auto_feature_real_impl.cpp:1709|& | PRODUCT|src/core/auto_feature_registry.cpp:3920|& | PRODUCT|src/core/auto_feature_registry.cpp:7184|IDM_"
"handleSwarmConfig","6","0","6","2","7","0","0","1","REACHABLE_COLLISION","src/core/auto_feature_real_impl.cpp:3748;src/core/command_handlers_comprehensive.cpp:838;src/core/ssot_handlers.cpp:7089;src/core/ssot_handlers.h:140;src/core/ssot_handlers_ext.cpp:20424;src/core/win32ide_handler_impls.cpp:298","PRODUCT|src/core/auto_feature_real_impl.cpp:3748|& | PRODUCT|src/core/command_handlers_comprehensive.cpp:838|& | PRODUCT|src/core/command_registry.hpp:459|CMD_"
"handleSwarmDiscovery","6","0","6","2","7","0","0","1","REACHABLE_COLLISION","src/core/auto_feature_real_impl.cpp:3753;src/core/command_handlers_comprehensive.cpp:842;src/core/ssot_handlers.cpp:7116;src/core/ssot_handlers.h:141;src/core/ssot_handlers_ext.cpp:20443;src/core/win32ide_handler_impls.cpp:299","PRODUCT|src/core/auto_feature_real_impl.cpp:3753|& | PRODUCT|src/core/command_handlers_comprehensive.cpp:842|& | PRODUCT|src/core/command_registry.hpp:460|CMD_"
"handleSwarmDistribute","2","0","2","0","2","0","0","1","REACHABLE_COLLISION","src/core/feature_handlers.cpp:3077;src/core/feature_handlers.h:206","PRODUCT|src/core/feature_handlers.cpp:3077|& | PRODUCT|src/core/feature_handlers.h:206|&"
"handleSwarmEvents","6","0","6","2","7","0","0","1","REACHABLE_COLLISION","src/core/auto_feature_real_impl.cpp:3758;src/core/command_handlers_comprehensive.cpp:846;src/core/ssot_handlers.cpp:7173;src/core/ssot_handlers.h:143;src/core/ssot_handlers_ext.cpp:20478;src/core/win32ide_handler_impls.cpp:300","PRODUCT|src/core/auto_feature_real_impl.cpp:3758|& | PRODUCT|src/core/command_handlers_comprehensive.cpp:846|& | PRODUCT|src/core/command_registry.hpp:462|CMD_"
"handleSwarmFitness","6","0","6","2","7","0","0","1","REACHABLE_COLLISION","src/core/auto_feature_real_impl.cpp:3763;src/core/command_handlers_comprehensive.cpp:850;src/core/ssot_handlers.cpp:7299;src/core/ssot_handlers.h:149;src/core/ssot_handlers_ext.cpp:20586;src/core/win32ide_handler_impls.cpp:301","PRODUCT|src/core/auto_feature_real_impl.cpp:3763|& | PRODUCT|src/core/command_handlers_comprehensive.cpp:850|& | PRODUCT|src/core/command_registry.hpp:471|CMD_"
"handleSwarmFitnessTest","3","0","3","0","4","0","0","1","REACHABLE_COLLISION","src/core/auto_feature_real_impl.cpp:1714;src/core/auto_feature_registry.cpp:3933;src/core/auto_feature_registry.hpp:228","PRODUCT|src/core/auto_feature_real_impl.cpp:1714|& | PRODUCT|src/core/auto_feature_registry.cpp:3933|& | PRODUCT|src/core/auto_feature_registry.cpp:7220|IDM_"
"handleSwarmJoin","3","0","3","1","4","0","0","1","REACHABLE_COLLISION","src/core/feature_handlers.cpp:3038;src/core/feature_handlers.h:204;src/core/win32ide_handler_impls.cpp:302","PRODUCT|src/core/command_registry.hpp:447|CMD_ | PRODUCT|src/core/feature_handlers.cpp:3038|& | PRODUCT|src/core/feature_handlers.h:204|&"
"handleSwarmLeave","3","0","3","1","4","0","0","1","REACHABLE_COLLISION","src/core/feature_handlers.cpp:3144;src/core/feature_handlers.h:209;src/core/win32ide_handler_impls.cpp:303","PRODUCT|src/core/command_registry.hpp:445|CMD_ | PRODUCT|src/core/feature_handlers.cpp:3144|& | PRODUCT|src/core/feature_handlers.h:209|&"
"handleSwarmListNodes","3","0","3","0","4","0","0","1","REACHABLE_COLLISION","src/core/auto_feature_real_impl.cpp:1719;src/core/auto_feature_registry.cpp:3948;src/core/auto_feature_registry.hpp:229","PRODUCT|src/core/auto_feature_real_impl.cpp:1719|& | PRODUCT|src/core/auto_feature_registry.cpp:3948|& | PRODUCT|src/core/auto_feature_registry.cpp:7163|IDM_"
"handleSwarmNodes","3","0","3","1","4","0","0","1","REACHABLE_COLLISION","src/core/feature_handlers.cpp:3127;src/core/feature_handlers.h:208;src/core/win32ide_handler_impls.cpp:304","PRODUCT|src/core/command_registry.hpp:446|CMD_ | PRODUCT|src/core/feature_handlers.cpp:3127|& | PRODUCT|src/core/feature_handlers.h:208|&"
"handleSwarmRebalance","2","0","2","0","2","0","0","1","REACHABLE_COLLISION","src/core/feature_handlers.cpp:3103;src/core/feature_handlers.h:207","PRODUCT|src/core/feature_handlers.cpp:3103|& | PRODUCT|src/core/feature_handlers.h:207|&"
"handleSwarmRemoveNode","6","0","6","1","8","0","0","1","REACHABLE_COLLISION","src/core/auto_feature_real_impl.cpp:1724;src/core/auto_feature_registry.cpp:3966;src/core/auto_feature_registry.hpp:230;src/core/ssot_handlers.cpp:6843;src/core/ssot_handlers.h:132;src/core/ssot_handlers_ext.cpp:20276","PRODUCT|src/core/auto_feature_real_impl.cpp:1724|& | PRODUCT|src/core/auto_feature_registry.cpp:3966|& | PRODUCT|src/core/auto_feature_registry.cpp:7169|IDM_"
"handleSwarmResetStats","6","0","6","1","8","0","0","1","REACHABLE_COLLISION","src/core/auto_feature_real_impl.cpp:1734;src/core/auto_feature_registry.cpp:3983;src/core/auto_feature_registry.hpp:231;src/core/ssot_handlers.cpp:7217;src/core/ssot_handlers.h:145;src/core/ssot_handlers_ext.cpp:20516","PRODUCT|src/core/auto_feature_real_impl.cpp:1734|& | PRODUCT|src/core/auto_feature_registry.cpp:3983|& | PRODUCT|src/core/auto_feature_registry.cpp:7208|IDM_"
"handleSwarmShowConfig","3","0","3","0","4","0","0","1","REACHABLE_COLLISION","src/core/auto_feature_real_impl.cpp:1739;src/core/auto_feature_registry.cpp:3991;src/core/auto_feature_registry.hpp:232","PRODUCT|src/core/auto_feature_real_impl.cpp:1739|& | PRODUCT|src/core/auto_feature_registry.cpp:3991|& | PRODUCT|src/core/auto_feature_registry.cpp:7193|IDM_"
"handleSwarmShowEvents","3","0","3","0","4","0","0","1","REACHABLE_COLLISION","src/core/auto_feature_real_impl.cpp:1744;src/core/auto_feature_registry.cpp:4007;src/core/auto_feature_registry.hpp:233","PRODUCT|src/core/auto_feature_real_impl.cpp:1744|& | PRODUCT|src/core/auto_feature_registry.cpp:4007|& | PRODUCT|src/core/auto_feature_registry.cpp:7202|IDM_"
"handleSwarmShowStats","3","0","3","0","4","0","0","1","REACHABLE_COLLISION","src/core/auto_feature_real_impl.cpp:1749;src/core/auto_feature_registry.cpp:4025;src/core/auto_feature_registry.hpp:234","PRODUCT|src/core/auto_feature_real_impl.cpp:1749|& | PRODUCT|src/core/auto_feature_registry.cpp:4025|& | PRODUCT|src/core/auto_feature_registry.cpp:7205|IDM_"
"handleSwarmShowTaskGraph","3","0","3","0","4","0","0","1","REACHABLE_COLLISION","src/core/auto_feature_real_impl.cpp:1754;src/core/auto_feature_registry.cpp:4042;src/core/auto_feature_registry.hpp:235","PRODUCT|src/core/auto_feature_real_impl.cpp:1754|& | PRODUCT|src/core/auto_feature_registry.cpp:4042|& | PRODUCT|src/core/auto_feature_registry.cpp:7199|IDM_"
"handleSwarmStartBuild","6","0","6","1","8","0","0","1","REACHABLE_COLLISION","src/core/auto_feature_real_impl.cpp:1759;src/core/auto_feature_registry.cpp:4059;src/core/auto_feature_registry.hpp:236;src/core/ssot_handlers.cpp:6997;src/core/ssot_handlers.h:136;src/core/ssot_handlers_ext.cpp:20354","PRODUCT|src/core/auto_feature_real_impl.cpp:1759|& | PRODUCT|src/core/auto_feature_registry.cpp:4059|& | PRODUCT|src/core/auto_feature_registry.cpp:7181|IDM_"
"handleSwarmStartHybrid","6","0","6","1","8","0","0","1","REACHABLE_COLLISION","src/core/auto_feature_real_impl.cpp:1764;src/core/auto_feature_registry.cpp:4072;src/core/auto_feature_registry.hpp:237;src/core/ssot_handlers.cpp:6823;src/core/ssot_handlers.h:131;src/core/ssot_handlers_ext.cpp:20253","PRODUCT|src/core/auto_feature_real_impl.cpp:1764|& | PRODUCT|src/core/auto_feature_registry.cpp:4072|& | PRODUCT|src/core/auto_feature_registry.cpp:7157|IDM_"
"handleSwarmStartLeader","6","0","6","1","8","0","0","1","REACHABLE_COLLISION","src/core/auto_feature_real_impl.cpp:1769;src/core/auto_feature_registry.cpp:4094;src/core/auto_feature_registry.hpp:238;src/core/ssot_handlers.cpp:6770;src/core/ssot_handlers.h:129;src/core/ssot_handlers_ext.cpp:20219","PRODUCT|src/core/auto_feature_real_impl.cpp:1769|& | PRODUCT|src/core/auto_feature_registry.cpp:4094|& | PRODUCT|src/core/auto_feature_registry.cpp:7151|IDM_"
"handleSwarmStartWorker","6","0","6","1","8","0","0","1","REACHABLE_COLLISION","src/core/auto_feature_real_impl.cpp:1774;src/core/auto_feature_registry.cpp:4111;src/core/auto_feature_registry.hpp:239;src/core/ssot_handlers.cpp:6796;src/core/ssot_handlers.h:130;src/core/ssot_handlers_ext.cpp:20236","PRODUCT|src/core/auto_feature_real_impl.cpp:1774|& | PRODUCT|src/core/auto_feature_registry.cpp:4111|& | PRODUCT|src/core/auto_feature_registry.cpp:7154|IDM_"
"handleSwarmStats","6","0","6","2","7","0","0","1","REACHABLE_COLLISION","src/core/auto_feature_real_impl.cpp:3768;src/core/command_handlers_comprehensive.cpp:854;src/core/ssot_handlers.cpp:7192;src/core/ssot_handlers.h:144;src/core/ssot_handlers_ext.cpp:20497;src/core/win32ide_handler_impls.cpp:305","PRODUCT|src/core/auto_feature_real_impl.cpp:3768|& | PRODUCT|src/core/command_handlers_comprehensive.cpp:854|& | PRODUCT|src/core/command_registry.hpp:463|CMD_"
"handleSwarmStatus","3","0","3","1","5","0","0","1","REACHABLE_COLLISION","src/core/feature_handlers.cpp:3059;src/core/feature_handlers.h:205;src/core/win32ide_handler_impls.cpp:306","PRODUCT|src/core/auto_feature_registry.cpp:7148|IDM_ | PRODUCT|src/core/command_registry.hpp:441|CMD_ | PRODUCT|src/core/feature_handlers.cpp:3059|&"
"handleSwarmStop","3","0","3","0","4","0","0","1","REACHABLE_COLLISION","src/core/auto_feature_real_impl.cpp:1779;src/core/auto_feature_registry.cpp:4128;src/core/auto_feature_registry.hpp:240","PRODUCT|src/core/auto_feature_real_impl.cpp:1779|& | PRODUCT|src/core/auto_feature_registry.cpp:4128|& | PRODUCT|src/core/auto_feature_registry.cpp:7160|IDM_"
"handleSwarmTaskGraph","6","0","6","2","7","0","0","1","REACHABLE_COLLISION","src/core/auto_feature_real_impl.cpp:3773;src/core/command_handlers_comprehensive.cpp:858;src/core/ssot_handlers.cpp:7146;src/core/ssot_handlers.h:142;src/core/ssot_handlers_ext.cpp:20460;src/core/win32ide_handler_impls.cpp:307","PRODUCT|src/core/auto_feature_real_impl.cpp:3773|& | PRODUCT|src/core/command_handlers_comprehensive.cpp:858|& | PRODUCT|src/core/command_registry.hpp:461|CMD_"
"handleSwarmToggleDiscovery","3","0","3","0","4","0","0","1","REACHABLE_COLLISION","src/core/auto_feature_real_impl.cpp:1784;src/core/auto_feature_registry.cpp:4141;src/core/auto_feature_registry.hpp:241","PRODUCT|src/core/auto_feature_real_impl.cpp:1784|& | PRODUCT|src/core/auto_feature_registry.cpp:4141|& | PRODUCT|src/core/auto_feature_registry.cpp:7196|IDM_"
"handleSwarmWorkerConnect","6","0","6","1","8","0","0","1","REACHABLE_COLLISION","src/core/auto_feature_real_impl.cpp:1789;src/core/auto_feature_registry.cpp:4153;src/core/auto_feature_registry.hpp:242;src/core/ssot_handlers.cpp:7252;src/core/ssot_handlers.h:147;src/core/ssot_handlers_ext.cpp:20552","PRODUCT|src/core/auto_feature_real_impl.cpp:1789|& | PRODUCT|src/core/auto_feature_registry.cpp:4153|& | PRODUCT|src/core/auto_feature_registry.cpp:7214|IDM_"
"handleSwarmWorkerDisconnect","6","0","6","1","8","0","0","1","REACHABLE_COLLISION","src/core/auto_feature_real_impl.cpp:1799;src/core/auto_feature_registry.cpp:4175;src/core/auto_feature_registry.hpp:243;src/core/ssot_handlers.cpp:7285;src/core/ssot_handlers.h:148;src/core/ssot_handlers_ext.cpp:20569","PRODUCT|src/core/auto_feature_real_impl.cpp:1799|& | PRODUCT|src/core/auto_feature_registry.cpp:4175|& | PRODUCT|src/core/auto_feature_registry.cpp:7217|IDM_"
"handleSwarmWorkerStatus","6","0","6","1","8","0","0","1","REACHABLE_COLLISION","src/core/auto_feature_real_impl.cpp:1804;src/core/auto_feature_registry.cpp:4192;src/core/auto_feature_registry.hpp:244;src/core/ssot_handlers.cpp:7230;src/core/ssot_handlers.h:146;src/core/ssot_handlers_ext.cpp:20533","PRODUCT|src/core/auto_feature_real_impl.cpp:1804|& | PRODUCT|src/core/auto_feature_registry.cpp:4192|& | PRODUCT|src/core/auto_feature_registry.cpp:7211|IDM_"
"handleTasksConfigure","1","0","1","0","1","0","0","1","REAL_REACHABLE_SINGLE","src/core/ssot_handlers_ext.cpp:25909","PRODUCT|src/core/ssot_handlers_ext.cpp:25909|&"
"handleTasksRestart","1","0","1","0","1","0","0","1","REAL_REACHABLE_SINGLE","src/core/ssot_handlers_ext.cpp:25937","PRODUCT|src/core/ssot_handlers_ext.cpp:25937|&"
"handleTasksRun","1","0","1","0","1","0","0","1","REAL_REACHABLE_SINGLE","src/core/ssot_handlers_ext.cpp:25890","PRODUCT|src/core/ssot_handlers_ext.cpp:25890|&"
"handleTasksShowLog","1","0","1","0","1","0","0","1","REAL_REACHABLE_SINGLE","src/core/ssot_handlers_ext.cpp:25951","PRODUCT|src/core/ssot_handlers_ext.cpp:25951|&"
"handleTasksTerminate","1","0","1","0","1","0","0","1","REAL_REACHABLE_SINGLE","src/core/ssot_handlers_ext.cpp:25923","PRODUCT|src/core/ssot_handlers_ext.cpp:25923|&"
"handleTelemetryClear","6","0","6","1","8","0","0","1","REACHABLE_COLLISION","src/core/auto_feature_real_impl.cpp:1812;src/core/auto_feature_registry.cpp:4211;src/core/auto_feature_registry.hpp:245;src/core/ssot_handlers.cpp:9115;src/core/ssot_handlers.h:241;src/core/ssot_handlers_ext.cpp:24717","PRODUCT|src/core/auto_feature_real_impl.cpp:1812|& | PRODUCT|src/core/auto_feature_registry.cpp:4211|& | PRODUCT|src/core/auto_feature_registry.cpp:7237|IDM_"
"handleTelemetryDashboard","6","0","6","2","7","0","0","1","REACHABLE_COLLISION","src/core/auto_feature_real_impl.cpp:3781;src/core/command_handlers_comprehensive.cpp:863;src/core/ssot_handlers.cpp:9090;src/core/ssot_handlers.h:240;src/core/ssot_handlers_ext.cpp:24635;src/core/win32ide_handler_impls.cpp:308","PRODUCT|src/core/auto_feature_real_impl.cpp:3781|& | PRODUCT|src/core/command_handlers_comprehensive.cpp:863|& | PRODUCT|src/core/command_registry.hpp:648|CMD_"
"handleTelemetryExportCsv","6","0","6","1","8","0","0","1","REACHABLE_COLLISION","src/core/auto_feature_real_impl.cpp:1817;src/core/auto_feature_registry.cpp:4217;src/core/auto_feature_registry.hpp:246;src/core/ssot_handlers.cpp:9058;src/core/ssot_handlers.h:239;src/core/ssot_handlers_ext.cpp:24556","PRODUCT|src/core/auto_feature_real_impl.cpp:1817|& | PRODUCT|src/core/auto_feature_registry.cpp:4217|& | PRODUCT|src/core/auto_feature_registry.cpp:7231|IDM_"
"handleTelemetryExportJson","6","0","6","1","8","0","0","1","REACHABLE_COLLISION","src/core/auto_feature_real_impl.cpp:1824;src/core/auto_feature_registry.cpp:4225;src/core/auto_feature_registry.hpp:247;src/core/ssot_handlers.cpp:9027;src/core/ssot_handlers.h:238;src/core/ssot_handlers_ext.cpp:24476","PRODUCT|src/core/auto_feature_real_impl.cpp:1824|& | PRODUCT|src/core/auto_feature_registry.cpp:4225|& | PRODUCT|src/core/auto_feature_registry.cpp:7228|IDM_"
"handleTelemetryShowDashboard","3","0","3","0","4","0","0","1","REACHABLE_COLLISION","src/core/auto_feature_real_impl.cpp:1831;src/core/auto_feature_registry.cpp:4233;src/core/auto_feature_registry.hpp:248","PRODUCT|src/core/auto_feature_real_impl.cpp:1831|& | PRODUCT|src/core/auto_feature_registry.cpp:4233|& | PRODUCT|src/core/auto_feature_registry.cpp:7234|IDM_"
"handleTelemetrySnapshot","6","0","6","1","8","0","0","1","REACHABLE_COLLISION","src/core/auto_feature_real_impl.cpp:1836;src/core/auto_feature_registry.cpp:4245;src/core/auto_feature_registry.hpp:249;src/core/ssot_handlers.cpp:9129;src/core/ssot_handlers.h:242;src/core/ssot_handlers_ext.cpp:24769","PRODUCT|src/core/auto_feature_real_impl.cpp:1836|& | PRODUCT|src/core/auto_feature_registry.cpp:4245|& | PRODUCT|src/core/auto_feature_registry.cpp:7240|IDM_"
"handleTelemetryToggle","6","0","6","1","8","0","0","1","REACHABLE_COLLISION","src/core/auto_feature_real_impl.cpp:1841;src/core/auto_feature_registry.cpp:4251;src/core/auto_feature_registry.hpp:250;src/core/ssot_handlers.cpp:9012;src/core/ssot_handlers.h:237;src/core/ssot_handlers_ext.cpp:24400","PRODUCT|src/core/auto_feature_real_impl.cpp:1841|& | PRODUCT|src/core/auto_feature_registry.cpp:4251|& | PRODUCT|src/core/auto_feature_registry.cpp:7225|IDM_"
"handleTerminalClearAll","3","0","3","0","4","0","0","1","REACHABLE_COLLISION","src/core/auto_feature_real_impl.cpp:1849;src/core/auto_feature_registry.cpp:4264;src/core/auto_feature_registry.hpp:251","PRODUCT|src/core/auto_feature_real_impl.cpp:1849|& | PRODUCT|src/core/auto_feature_registry.cpp:4264|& | PRODUCT|src/core/auto_feature_registry.cpp:7254|IDM_"
"handleTerminalCmd","3","0","3","0","4","0","0","1","REACHABLE_COLLISION","src/core/auto_feature_real_impl.cpp:1854;src/core/auto_feature_registry.cpp:4273;src/core/auto_feature_registry.hpp:252","PRODUCT|src/core/auto_feature_real_impl.cpp:1854|& | PRODUCT|src/core/auto_feature_registry.cpp:4273|& | PRODUCT|src/core/auto_feature_registry.cpp:7248|IDM_"
"handleTerminalKill","3","0","3","3","7","0","0","1","REACHABLE_COLLISION","src/core/feature_handlers.cpp:1189;src/core/feature_handlers.h:93;src/core/win32ide_handler_impls.cpp:309","PRODUCT|src/core/auto_feature_registry.cpp:7257|IDM_ | PRODUCT|src/core/command_registry.hpp:180|CMD_ | PRODUCT|src/core/command_registry.hpp:667|CMD_"
"handleTerminalList","3","0","3","1","4","0","0","1","REACHABLE_COLLISION","src/core/feature_handlers.cpp:1230;src/core/feature_handlers.h:94;src/core/win32ide_handler_impls.cpp:310","PRODUCT|src/core/command_registry.hpp:186|CMD_ | PRODUCT|src/core/feature_handlers.cpp:1230|& | PRODUCT|src/core/feature_handlers.h:94|&"
"handleTerminalNew","3","0","3","1","4","0","0","1","REACHABLE_COLLISION","src/core/feature_handlers.cpp:1166;src/core/feature_handlers.h:90;src/core/win32ide_handler_impls.cpp:311","PRODUCT|src/core/command_registry.hpp:179|CMD_ | PRODUCT|src/core/feature_handlers.cpp:1166|& | PRODUCT|src/core/feature_handlers.h:90|&"
"handleTerminalPowershell","3","0","3","0","4","0","0","1","REACHABLE_COLLISION","src/core/auto_feature_real_impl.cpp:1864;src/core/auto_feature_registry.cpp:4296;src/core/auto_feature_registry.hpp:253","PRODUCT|src/core/auto_feature_real_impl.cpp:1864|& | PRODUCT|src/core/auto_feature_registry.cpp:4296|& | PRODUCT|src/core/auto_feature_registry.cpp:7245|IDM_"
"handleTerminalSplitCode","6","0","6","1","8","0","0","1","REACHABLE_COLLISION","src/core/auto_feature_real_impl.cpp:1869;src/core/auto_feature_registry.cpp:4319;src/core/auto_feature_registry.hpp:254;src/core/ssot_handlers.cpp:5911;src/core/ssot_handlers.h:79;src/core/ssot_handlers_ext.cpp:25254","PRODUCT|src/core/auto_feature_real_impl.cpp:1869|& | PRODUCT|src/core/auto_feature_registry.cpp:4319|& | PRODUCT|src/core/auto_feature_registry.cpp:7266|IDM_"
"handleTerminalSplitH","3","0","3","4","8","0","0","1","REACHABLE_COLLISION","src/core/feature_handlers.cpp:1170;src/core/feature_handlers.h:91;src/core/win32ide_handler_impls.cpp:312","PRODUCT|src/core/auto_feature_registry.cpp:7260|IDM_ | PRODUCT|src/core/command_registry.hpp:181|CMD_ | PRODUCT|src/core/command_registry.hpp:663|CMD_"
"handleTerminalSplitV","3","0","3","3","7","0","0","1","REACHABLE_COLLISION","src/core/feature_handlers.cpp:1185;src/core/feature_handlers.h:92;src/core/win32ide_handler_impls.cpp:313","PRODUCT|src/core/auto_feature_registry.cpp:7263|IDM_ | PRODUCT|src/core/command_registry.hpp:182|CMD_ | PRODUCT|src/core/command_registry.hpp:672|CMD_"
"handleTerminalStop","3","0","3","0","4","0","0","1","REACHABLE_COLLISION","src/core/auto_feature_real_impl.cpp:1874;src/core/auto_feature_registry.cpp:4328;src/core/auto_feature_registry.hpp:255","PRODUCT|src/core/auto_feature_real_impl.cpp:1874|& | PRODUCT|src/core/auto_feature_registry.cpp:4328|& | PRODUCT|src/core/auto_feature_registry.cpp:7251|IDM_"
"handleTestExplorerRun","1","0","1","0","1","0","0","1","REAL_REACHABLE_SINGLE","src/core/ssot_handlers_ext.cpp:27280","PRODUCT|src/core/ssot_handlers_ext.cpp:27280|&"
"handleThemeAbyss","6","0","6","1","8","0","0","1","REACHABLE_COLLISION","src/core/auto_feature_real_impl.cpp:1882;src/core/auto_feature_registry.cpp:4350;src/core/auto_feature_registry.hpp:256;src/core/ssot_handlers.cpp:5824;src/core/ssot_handlers.h:60;src/core/ssot_handlers_ext.cpp:25622","PRODUCT|src/core/auto_feature_real_impl.cpp:1882|& | PRODUCT|src/core/auto_feature_registry.cpp:4350|& | PRODUCT|src/core/auto_feature_registry.cpp:7316|IDM_"
"handleThemeCatppuccin","6","0","6","2","7","0","0","1","REACHABLE_COLLISION","src/core/auto_feature_real_impl.cpp:3786;src/core/command_handlers_comprehensive.cpp:868;src/core/ssot_handlers.cpp:5797;src/core/ssot_handlers.h:54;src/core/ssot_handlers_ext.cpp:25639;src/core/win32ide_handler_impls.cpp:314","PRODUCT|src/core/auto_feature_real_impl.cpp:3786|& | PRODUCT|src/core/command_handlers_comprehensive.cpp:868|& | PRODUCT|src/core/command_registry.hpp:152|CMD_"
"handleThemeCatppuccinMocha","3","0","3","0","4","0","0","1","REACHABLE_COLLISION","src/core/auto_feature_real_impl.cpp:1887;src/core/auto_feature_registry.cpp:4356;src/core/auto_feature_registry.hpp:257","PRODUCT|src/core/auto_feature_real_impl.cpp:1887|& | PRODUCT|src/core/auto_feature_registry.cpp:4356|& | PRODUCT|src/core/auto_feature_registry.cpp:7298|IDM_"
"handleThemeCrimson","6","0","6","2","7","0","0","1","REACHABLE_COLLISION","src/core/auto_feature_real_impl.cpp:3791;src/core/command_handlers_comprehensive.cpp:872;src/core/ssot_handlers.cpp:5805;src/core/ssot_handlers.h:56;src/core/ssot_handlers_ext.cpp:25656;src/core/win32ide_handler_impls.cpp:315","PRODUCT|src/core/auto_feature_real_impl.cpp:3791|& | PRODUCT|src/core/command_handlers_comprehensive.cpp:872|& | PRODUCT|src/core/command_registry.hpp:154|CMD_"
"handleThemeCyberpunk","6","0","6","2","7","0","0","1","REACHABLE_COLLISION","src/core/auto_feature_real_impl.cpp:3796;src/core/command_handlers_comprehensive.cpp:876;src/core/ssot_handlers.cpp:5789;src/core/ssot_handlers.h:52;src/core/ssot_handlers_ext.cpp:25537;src/core/win32ide_handler_impls.cpp:316","PRODUCT|src/core/auto_feature_real_impl.cpp:3796|& | PRODUCT|src/core/command_handlers_comprehensive.cpp:876|& | PRODUCT|src/core/command_registry.hpp:150|CMD_"
"handleThemeCyberpunkNeon","3","0","3","0","4","0","0","1","REACHABLE_COLLISION","src/core/auto_feature_real_impl.cpp:1892;src/core/auto_feature_registry.cpp:4362;src/core/auto_feature_registry.hpp:258","PRODUCT|src/core/auto_feature_real_impl.cpp:1892|& | PRODUCT|src/core/auto_feature_registry.cpp:4362|& | PRODUCT|src/core/auto_feature_registry.cpp:7292|IDM_"
"handleThemeDarkPlus","3","0","3","0","4","0","0","1","REACHABLE_COLLISION","src/core/auto_feature_real_impl.cpp:1897;src/core/auto_feature_registry.cpp:4368;src/core/auto_feature_registry.hpp:259","PRODUCT|src/core/auto_feature_real_impl.cpp:1897|& | PRODUCT|src/core/auto_feature_registry.cpp:4368|& | PRODUCT|src/core/auto_feature_registry.cpp:7271|IDM_"
"handleThemeDracula","6","0","6","1","8","0","0","1","REACHABLE_COLLISION","src/core/auto_feature_real_impl.cpp:1902;src/core/auto_feature_registry.cpp:4374;src/core/auto_feature_registry.hpp:260;src/core/ssot_handlers.cpp:5772;src/core/ssot_handlers.h:48;src/core/ssot_handlers_ext.cpp:25486","PRODUCT|src/core/auto_feature_real_impl.cpp:1902|& | PRODUCT|src/core/auto_feature_registry.cpp:4374|& | PRODUCT|src/core/auto_feature_registry.cpp:7280|IDM_"
"handleThemeGruvbox","6","0","6","2","7","0","0","1","REACHABLE_COLLISION","src/core/auto_feature_real_impl.cpp:3801;src/core/command_handlers_comprehensive.cpp:880;src/core/ssot_handlers.cpp:5793;src/core/ssot_handlers.h:53;src/core/ssot_handlers_ext.cpp:25520;src/core/win32ide_handler_impls.cpp:317","PRODUCT|src/core/auto_feature_real_impl.cpp:3801|& | PRODUCT|src/core/command_handlers_comprehensive.cpp:880|& | PRODUCT|src/core/command_registry.hpp:151|CMD_"
"handleThemeGruvboxDark","3","0","3","0","4","0","0","1","REACHABLE_COLLISION","src/core/auto_feature_real_impl.cpp:1907;src/core/auto_feature_registry.cpp:4380;src/core/auto_feature_registry.hpp:261","PRODUCT|src/core/auto_feature_real_impl.cpp:1907|& | PRODUCT|src/core/auto_feature_registry.cpp:4380|& | PRODUCT|src/core/auto_feature_registry.cpp:7295|IDM_"
"handleThemeHighContrast","6","0","6","1","8","0","0","1","REACHABLE_COLLISION","src/core/auto_feature_real_impl.cpp:1912;src/core/auto_feature_registry.cpp:4386;src/core/auto_feature_registry.hpp:262;src/core/ssot_handlers.cpp:5810;src/core/ssot_handlers.h:57;src/core/ssot_handlers_ext.cpp:25588","PRODUCT|src/core/auto_feature_real_impl.cpp:1912|& | PRODUCT|src/core/auto_feature_registry.cpp:4386|& | PRODUCT|src/core/auto_feature_registry.cpp:7307|IDM_"
"handleThemeLightPlus","6","0","6","2","9","0","0","1","REACHABLE_COLLISION","src/core/auto_feature_real_impl.cpp:1917;src/core/auto_feature_registry.cpp:4392;src/core/auto_feature_registry.hpp:263;src/core/ssot_handlers.cpp:5764;src/core/ssot_handlers.h:46;src/core/ssot_handlers_ext.cpp:25605","PRODUCT|src/core/auto_feature_real_impl.cpp:1917|& | PRODUCT|src/core/auto_feature_registry.cpp:4392|& | PRODUCT|src/core/auto_feature_registry.cpp:7274|IDM_"
"handleThemeList","3","0","3","1","4","0","0","1","REACHABLE_COLLISION","src/core/feature_handlers.cpp:2953;src/core/feature_handlers.h:190;src/core/win32ide_handler_impls.cpp:318","PRODUCT|src/core/command_registry.hpp:142|CMD_ | PRODUCT|src/core/feature_handlers.cpp:2953|& | PRODUCT|src/core/feature_handlers.h:190|&"
"handleThemeMonokai","6","0","6","2","9","0","0","1","REACHABLE_COLLISION","src/core/auto_feature_real_impl.cpp:1922;src/core/auto_feature_registry.cpp:4398;src/core/auto_feature_registry.hpp:264;src/core/ssot_handlers.cpp:5768;src/core/ssot_handlers.h:47;src/core/ssot_handlers_ext.cpp:25469","PRODUCT|src/core/auto_feature_real_impl.cpp:1922|& | PRODUCT|src/core/auto_feature_registry.cpp:4398|& | PRODUCT|src/core/auto_feature_registry.cpp:7277|IDM_"
"handleThemeNord","6","0","6","2","9","0","0","1","REACHABLE_COLLISION","src/core/auto_feature_real_impl.cpp:1927;src/core/auto_feature_registry.cpp:4404;src/core/auto_feature_registry.hpp:265;src/core/ssot_handlers.cpp:5776;src/core/ssot_handlers.h:49;src/core/ssot_handlers_ext.cpp:25503","PRODUCT|src/core/auto_feature_real_impl.cpp:1927|& | PRODUCT|src/core/auto_feature_registry.cpp:4404|& | PRODUCT|src/core/auto_feature_registry.cpp:7283|IDM_"
"handleThemeOneDark","6","0","6","2","7","0","0","1","REACHABLE_COLLISION","src/core/auto_feature_real_impl.cpp:3806;src/core/command_handlers_comprehensive.cpp:884;src/core/ssot_handlers.cpp:5815;src/core/ssot_handlers.h:58;src/core/ssot_handlers_ext.cpp:25452;src/core/win32ide_handler_impls.cpp:319","PRODUCT|src/core/auto_feature_real_impl.cpp:3806|& | PRODUCT|src/core/command_handlers_comprehensive.cpp:884|& | PRODUCT|src/core/command_registry.hpp:156|CMD_"
"handleThemeOneDarkPro","3","0","3","0","4","0","0","1","REACHABLE_COLLISION","src/core/auto_feature_real_impl.cpp:1932;src/core/auto_feature_registry.cpp:4410;src/core/auto_feature_registry.hpp:266","PRODUCT|src/core/auto_feature_real_impl.cpp:1932|& | PRODUCT|src/core/auto_feature_registry.cpp:4410|& | PRODUCT|src/core/auto_feature_registry.cpp:7310|IDM_"
"handleThemeRawrxdCrimson","3","0","3","0","4","0","0","1","REACHABLE_COLLISION","src/core/auto_feature_real_impl.cpp:1937;src/core/auto_feature_registry.cpp:4416;src/core/auto_feature_registry.hpp:267","PRODUCT|src/core/auto_feature_real_impl.cpp:1937|& | PRODUCT|src/core/auto_feature_registry.cpp:4416|& | PRODUCT|src/core/auto_feature_registry.cpp:7304|IDM_"
"handleThemeSet","3","0","3","1","4","0","0","1","REACHABLE_COLLISION","src/core/feature_handlers.cpp:2907;src/core/feature_handlers.h:189;src/core/win32ide_handler_impls.cpp:320","PRODUCT|src/core/command_registry.hpp:143|CMD_ | PRODUCT|src/core/feature_handlers.cpp:2907|& | PRODUCT|src/core/feature_handlers.h:189|&"
"handleThemeSolarizedDark","3","0","3","0","4","0","0","1","REACHABLE_COLLISION","src/core/auto_feature_real_impl.cpp:1942;src/core/auto_feature_registry.cpp:4422;src/core/auto_feature_registry.hpp:268","PRODUCT|src/core/auto_feature_real_impl.cpp:1942|& | PRODUCT|src/core/auto_feature_registry.cpp:4422|& | PRODUCT|src/core/auto_feature_registry.cpp:7286|IDM_"
"handleThemeSolarizedLight","3","0","3","0","4","0","0","1","REACHABLE_COLLISION","src/core/auto_feature_real_impl.cpp:1947;src/core/auto_feature_registry.cpp:4428;src/core/auto_feature_registry.hpp:269","PRODUCT|src/core/auto_feature_real_impl.cpp:1947|& | PRODUCT|src/core/auto_feature_registry.cpp:4428|& | PRODUCT|src/core/auto_feature_registry.cpp:7289|IDM_"
"handleThemeSolDark","6","0","6","2","7","0","0","1","REACHABLE_COLLISION","src/core/auto_feature_real_impl.cpp:3811;src/core/command_handlers_comprehensive.cpp:888;src/core/ssot_handlers.cpp:5781;src/core/ssot_handlers.h:50;src/core/ssot_handlers_ext.cpp:25673;src/core/win32ide_handler_impls.cpp:321","PRODUCT|src/core/auto_feature_real_impl.cpp:3811|& | PRODUCT|src/core/command_handlers_comprehensive.cpp:888|& | PRODUCT|src/core/command_registry.hpp:148|CMD_"
"handleThemeSolLight","6","0","6","2","7","0","0","1","REACHABLE_COLLISION","src/core/auto_feature_real_impl.cpp:3816;src/core/command_handlers_comprehensive.cpp:892;src/core/ssot_handlers.cpp:5785;src/core/ssot_handlers.h:51;src/core/ssot_handlers_ext.cpp:25690;src/core/win32ide_handler_impls.cpp:322","PRODUCT|src/core/auto_feature_real_impl.cpp:3816|& | PRODUCT|src/core/command_handlers_comprehensive.cpp:892|& | PRODUCT|src/core/command_registry.hpp:149|CMD_"
"handleThemeSynthwave","6","0","6","2","7","0","0","1","REACHABLE_COLLISION","src/core/auto_feature_real_impl.cpp:3821;src/core/command_handlers_comprehensive.cpp:896;src/core/ssot_handlers.cpp:5819;src/core/ssot_handlers.h:59;src/core/ssot_handlers_ext.cpp:25571;src/core/win32ide_handler_impls.cpp:323","PRODUCT|src/core/auto_feature_real_impl.cpp:3821|& | PRODUCT|src/core/command_handlers_comprehensive.cpp:896|& | PRODUCT|src/core/command_registry.hpp:157|CMD_"
"handleThemeSynthwave84","3","0","3","0","4","0","0","1","REACHABLE_COLLISION","src/core/auto_feature_real_impl.cpp:1952;src/core/auto_feature_registry.cpp:4434;src/core/auto_feature_registry.hpp:270","PRODUCT|src/core/auto_feature_real_impl.cpp:1952|& | PRODUCT|src/core/auto_feature_registry.cpp:4434|& | PRODUCT|src/core/auto_feature_registry.cpp:7313|IDM_"
"handleThemeTokyo","6","0","6","2","7","0","0","1","REACHABLE_COLLISION","src/core/auto_feature_real_impl.cpp:3826;src/core/command_handlers_comprehensive.cpp:900;src/core/ssot_handlers.cpp:5801;src/core/ssot_handlers.h:55;src/core/ssot_handlers_ext.cpp:25554;src/core/win32ide_handler_impls.cpp:324","PRODUCT|src/core/auto_feature_real_impl.cpp:3826|& | PRODUCT|src/core/command_handlers_comprehensive.cpp:900|& | PRODUCT|src/core/command_registry.hpp:153|CMD_"
"handleThemeTokyoNight","3","0","3","0","4","0","0","1","REACHABLE_COLLISION","src/core/auto_feature_real_impl.cpp:1957;src/core/auto_feature_registry.cpp:4440;src/core/auto_feature_registry.hpp:271","PRODUCT|src/core/auto_feature_real_impl.cpp:1957|& | PRODUCT|src/core/auto_feature_registry.cpp:4440|& | PRODUCT|src/core/auto_feature_registry.cpp:7301|IDM_"
"handleTier1AutoUpdateCheck","6","0","6","2","7","0","0","1","REACHABLE_COLLISION","src/core/auto_feature_real_impl.cpp:3834;src/core/command_handlers_comprehensive.cpp:1123;src/core/ssot_handlers.cpp:9223;src/core/ssot_handlers.h:304;src/core/ssot_handlers_ext.cpp:4203;src/core/win32ide_handler_impls.cpp:325","PRODUCT|src/core/auto_feature_real_impl.cpp:3834|& | PRODUCT|src/core/command_handlers_comprehensive.cpp:1123|& | PRODUCT|src/core/command_registry.hpp:887|CMD_"
"handleTier1BreadcrumbsToggle","6","0","6","2","7","0","0","1","REACHABLE_COLLISION","src/core/auto_feature_real_impl.cpp:3839;src/core/command_handlers_comprehensive.cpp:905;src/core/ssot_handlers.cpp:9179;src/core/ssot_handlers.h:293;src/core/ssot_handlers_ext.cpp:4159;src/core/win32ide_handler_impls.cpp:326","PRODUCT|src/core/auto_feature_real_impl.cpp:3839|& | PRODUCT|src/core/command_handlers_comprehensive.cpp:905|& | PRODUCT|src/core/command_registry.hpp:872|CMD_"
"handleTier1FileIconTheme","6","0","6","2","7","0","0","1","REACHABLE_COLLISION","src/core/auto_feature_real_impl.cpp:3844;src/core/command_handlers_comprehensive.cpp:909;src/core/ssot_handlers.cpp:9195;src/core/ssot_handlers.h:297;src/core/ssot_handlers_ext.cpp:4175;src/core/win32ide_handler_impls.cpp:327","PRODUCT|src/core/auto_feature_real_impl.cpp:3844|& | PRODUCT|src/core/command_handlers_comprehensive.cpp:909|& | PRODUCT|src/core/command_registry.hpp:878|CMD_"
"handleTier1FuzzyPalette","6","0","6","2","7","0","0","1","REACHABLE_COLLISION","src/core/auto_feature_real_impl.cpp:3851;src/core/command_handlers_comprehensive.cpp:913;src/core/ssot_handlers.cpp:9183;src/core/ssot_handlers.h:294;src/core/ssot_handlers_ext.cpp:4163;src/core/win32ide_handler_impls.cpp:328","PRODUCT|src/core/auto_feature_real_impl.cpp:3851|& | PRODUCT|src/core/command_handlers_comprehensive.cpp:913|& | PRODUCT|src/core/command_registry.hpp:874|CMD_"
"handleTier1MinimapEnhanced","6","0","6","2","7","0","0","1","REACHABLE_COLLISION","src/core/auto_feature_real_impl.cpp:3856;src/core/command_handlers_comprehensive.cpp:917;src/core/ssot_handlers.cpp:9175;src/core/ssot_handlers.h:292;src/core/ssot_handlers_ext.cpp:4155;src/core/win32ide_handler_impls.cpp:329","PRODUCT|src/core/auto_feature_real_impl.cpp:3856|& | PRODUCT|src/core/command_handlers_comprehensive.cpp:917|& | PRODUCT|src/core/command_registry.hpp:871|CMD_"
"handleTier1SettingsGUI","6","0","6","2","7","0","0","1","REACHABLE_COLLISION","src/core/auto_feature_real_impl.cpp:3861;src/core/command_handlers_comprehensive.cpp:921;src/core/ssot_handlers.cpp:9187;src/core/ssot_handlers.h:295;src/core/ssot_handlers_ext.cpp:4167;src/core/win32ide_handler_impls.cpp:330","PRODUCT|src/core/auto_feature_real_impl.cpp:3861|& | PRODUCT|src/core/command_handlers_comprehensive.cpp:921|& | PRODUCT|src/core/command_registry.hpp:875|CMD_"
"handleTier1SmoothScrollToggle","6","0","6","2","7","0","0","1","REACHABLE_COLLISION","src/core/auto_feature_real_impl.cpp:3866;src/core/command_handlers_comprehensive.cpp:925;src/core/ssot_handlers.cpp:9171;src/core/ssot_handlers.h:291;src/core/ssot_handlers_ext.cpp:4151;src/core/win32ide_handler_impls.cpp:331","PRODUCT|src/core/auto_feature_real_impl.cpp:3866|& | PRODUCT|src/core/command_handlers_comprehensive.cpp:925|& | PRODUCT|src/core/command_registry.hpp:869|CMD_"
"handleTier1SplitClose","6","0","6","2","7","0","0","1","REACHABLE_COLLISION","src/core/auto_feature_real_impl.cpp:3871;src/core/command_handlers_comprehensive.cpp:1127;src/core/ssot_handlers.cpp:9215;src/core/ssot_handlers.h:302;src/core/ssot_handlers_ext.cpp:4195;src/core/win32ide_handler_impls.cpp:332","PRODUCT|src/core/auto_feature_real_impl.cpp:3871|& | PRODUCT|src/core/command_handlers_comprehensive.cpp:1127|& | PRODUCT|src/core/command_registry.hpp:884|CMD_"
"handleTier1SplitFocusNext","6","0","6","2","7","0","0","1","REACHABLE_COLLISION","src/core/auto_feature_real_impl.cpp:3876;src/core/command_handlers_comprehensive.cpp:1131;src/core/ssot_handlers.cpp:9219;src/core/ssot_handlers.h:303;src/core/ssot_handlers_ext.cpp:4199;src/core/win32ide_handler_impls.cpp:333","PRODUCT|src/core/auto_feature_real_impl.cpp:3876|& | PRODUCT|src/core/command_handlers_comprehensive.cpp:1131|& | PRODUCT|src/core/command_registry.hpp:885|CMD_"
"handleTier1SplitGrid","6","0","6","2","7","0","0","1","REACHABLE_COLLISION","src/core/auto_feature_real_impl.cpp:3881;src/core/command_handlers_comprehensive.cpp:1135;src/core/ssot_handlers.cpp:9211;src/core/ssot_handlers.h:301;src/core/ssot_handlers_ext.cpp:4191;src/core/win32ide_handler_impls.cpp:334","PRODUCT|src/core/auto_feature_real_impl.cpp:3881|& | PRODUCT|src/core/command_handlers_comprehensive.cpp:1135|& | PRODUCT|src/core/command_registry.hpp:883|CMD_"
"handleTier1SplitHorizontal","6","0","6","2","7","0","0","1","REACHABLE_COLLISION","src/core/auto_feature_real_impl.cpp:3886;src/core/command_handlers_comprehensive.cpp:1139;src/core/ssot_handlers.cpp:9207;src/core/ssot_handlers.h:300;src/core/ssot_handlers_ext.cpp:4187;src/core/win32ide_handler_impls.cpp:335","PRODUCT|src/core/auto_feature_real_impl.cpp:3886|& | PRODUCT|src/core/command_handlers_comprehensive.cpp:1139|& | PRODUCT|src/core/command_registry.hpp:881|CMD_"
"handleTier1SplitVertical","6","0","6","2","7","0","0","1","REACHABLE_COLLISION","src/core/auto_feature_real_impl.cpp:3891;src/core/command_handlers_comprehensive.cpp:929;src/core/ssot_handlers.cpp:9203;src/core/ssot_handlers.h:299;src/core/ssot_handlers_ext.cpp:4183;src/core/win32ide_handler_impls.cpp:336","PRODUCT|src/core/auto_feature_real_impl.cpp:3891|& | PRODUCT|src/core/command_handlers_comprehensive.cpp:929|& | PRODUCT|src/core/command_registry.hpp:880|CMD_"
"handleTier1TabDragToggle","6","0","6","2","7","0","0","1","REACHABLE_COLLISION","src/core/auto_feature_real_impl.cpp:3896;src/core/command_handlers_comprehensive.cpp:933;src/core/ssot_handlers.cpp:9199;src/core/ssot_handlers.h:298;src/core/ssot_handlers_ext.cpp:4179;src/core/win32ide_handler_impls.cpp:337","PRODUCT|src/core/auto_feature_real_impl.cpp:3896|& | PRODUCT|src/core/command_handlers_comprehensive.cpp:933|& | PRODUCT|src/core/command_registry.hpp:879|CMD_"
"handleTier1UpdateDismiss","6","0","6","2","7","0","0","1","REACHABLE_COLLISION","src/core/auto_feature_real_impl.cpp:3901;src/core/command_handlers_comprehensive.cpp:1143;src/core/ssot_handlers.cpp:9227;src/core/ssot_handlers.h:305;src/core/ssot_handlers_ext.cpp:4207;src/core/win32ide_handler_impls.cpp:338","PRODUCT|src/core/auto_feature_real_impl.cpp:3901|& | PRODUCT|src/core/command_handlers_comprehensive.cpp:1143|& | PRODUCT|src/core/command_registry.hpp:889|CMD_"
"handleTier1WelcomePage","6","0","6","2","7","0","0","1","REACHABLE_COLLISION","src/core/auto_feature_real_impl.cpp:3906;src/core/command_handlers_comprehensive.cpp:937;src/core/ssot_handlers.cpp:9191;src/core/ssot_handlers.h:296;src/core/ssot_handlers_ext.cpp:4171;src/core/win32ide_handler_impls.cpp:339","PRODUCT|src/core/auto_feature_real_impl.cpp:3906|& | PRODUCT|src/core/command_handlers_comprehensive.cpp:937|& | PRODUCT|src/core/command_registry.hpp:877|CMD_"
"HandleToolActionStatus","3","0","4","3","4","0","0","1","REACHABLE_COLLISION","src/core/command_handlers_comprehensive.cpp:1148;src/core/rawrengine_command_handlers.cpp:232;src/core/win32ide_handler_impls.cpp:340","PRODUCT|src/core/command_handlers_comprehensive.cpp:1148|& | PRODUCT|src/core/command_registry.hpp:923|& | PRODUCT|src/core/rawrengine_command_handlers.cpp:232|&"
"handleTools","2","0","2","1","3","0","0","1","REACHABLE_COLLISION","src/core/feature_handlers.cpp:2658;src/core/feature_handlers.h:165","PRODUCT|src/core/auto_feature_impl.cpp:164|\{ | PRODUCT|src/core/feature_handlers.cpp:2658|& | PRODUCT|src/core/feature_handlers.h:165|&"
"handleToolsAnalyzeScript","3","0","3","1","5","0","0","1","REACHABLE_COLLISION","src/core/auto_feature_real_impl.cpp:1965;src/core/auto_feature_registry.cpp:4446;src/core/auto_feature_registry.hpp:272","PRODUCT|src/core/auto_feature_impl.cpp:179|\{ | PRODUCT|src/core/auto_feature_real_impl.cpp:1965|& | PRODUCT|src/core/auto_feature_registry.cpp:4446|&"
"handleToolsBuild","6","0","6","3","10","0","0","1","REACHABLE_COLLISION","src/core/auto_feature_real_impl.cpp:1975;src/core/auto_feature_registry.cpp:4467;src/core/auto_feature_registry.hpp:273;src/core/ssot_handlers.cpp:5051;src/core/ssot_handlers_ext.cpp:6143;src/core/ssot_handlers_ext_dedicated.cpp:523","PRODUCT|src/core/auto_feature_impl.cpp:167|\{ | PRODUCT|src/core/auto_feature_real_impl.cpp:1975|& | PRODUCT|src/core/auto_feature_registry.cpp:4467|&"
"handleToolsCommandPalette","6","0","6","3","10","0","0","1","REACHABLE_COLLISION","src/core/auto_feature_real_impl.cpp:1980;src/core/auto_feature_registry.cpp:4483;src/core/auto_feature_registry.hpp:274;src/core/ssot_handlers.cpp:5058;src/core/ssot_handlers_ext.cpp:6033;src/core/ssot_handlers_ext_dedicated.cpp:429","PRODUCT|src/core/auto_feature_impl.cpp:203|CommandPalette | PRODUCT|src/core/auto_feature_real_impl.cpp:1980|& | PRODUCT|src/core/auto_feature_registry.cpp:4483|&"
"handleToolsDebug","6","0","6","3","10","0","0","1","REACHABLE_COLLISION","src/core/auto_feature_real_impl.cpp:1985;src/core/auto_feature_registry.cpp:4489;src/core/auto_feature_registry.hpp:275;src/core/ssot_handlers.cpp:5065;src/core/ssot_handlers_ext.cpp:6258;src/core/ssot_handlers_ext_dedicated.cpp:558","PRODUCT|src/core/auto_feature_impl.cpp:173|\{ | PRODUCT|src/core/auto_feature_real_impl.cpp:1985|& | PRODUCT|src/core/auto_feature_registry.cpp:4489|&"
"handleToolsExtensions","6","0","6","3","10","0","0","1","REACHABLE_COLLISION","src/core/auto_feature_real_impl.cpp:1990;src/core/auto_feature_registry.cpp:4495;src/core/auto_feature_registry.hpp:276;src/core/ssot_handlers.cpp:5072;src/core/ssot_handlers_ext.cpp:6087;src/core/ssot_handlers_ext_dedicated.cpp:476","PRODUCT|src/core/auto_feature_impl.cpp:191|\{ | PRODUCT|src/core/auto_feature_real_impl.cpp:1990|& | PRODUCT|src/core/auto_feature_registry.cpp:4495|&"
"handleToolsProfileResults","3","0","3","1","5","0","0","1","REACHABLE_COLLISION","src/core/auto_feature_real_impl.cpp:1995;src/core/auto_feature_registry.cpp:4501;src/core/auto_feature_registry.hpp:277","PRODUCT|src/core/auto_feature_impl.cpp:202|CommandPalette | PRODUCT|src/core/auto_feature_real_impl.cpp:1995|& | PRODUCT|src/core/auto_feature_registry.cpp:4501|&"
"handleToolsProfileStart","3","0","3","1","5","0","0","1","REACHABLE_COLLISION","src/core/auto_feature_real_impl.cpp:2000;src/core/auto_feature_registry.cpp:4520;src/core/auto_feature_registry.hpp:278","PRODUCT|src/core/auto_feature_impl.cpp:200|CommandPalette | PRODUCT|src/core/auto_feature_real_impl.cpp:2000|& | PRODUCT|src/core/auto_feature_registry.cpp:4520|&"
"handleToolsProfileStop","3","0","3","1","5","0","0","1","REACHABLE_COLLISION","src/core/auto_feature_real_impl.cpp:2005;src/core/auto_feature_registry.cpp:4541;src/core/auto_feature_registry.hpp:279","PRODUCT|src/core/auto_feature_impl.cpp:201|CommandPalette | PRODUCT|src/core/auto_feature_real_impl.cpp:2005|& | PRODUCT|src/core/auto_feature_registry.cpp:4541|&"
"handleToolsSettings","6","0","6","3","10","0","0","1","REACHABLE_COLLISION","src/core/auto_feature_real_impl.cpp:2010;src/core/auto_feature_registry.cpp:4558;src/core/auto_feature_registry.hpp:280;src/core/ssot_handlers.cpp:5079;src/core/ssot_handlers_ext.cpp:6048;src/core/ssot_handlers_ext_dedicated.cpp:443","PRODUCT|src/core/auto_feature_impl.cpp:204|CommandPalette | PRODUCT|src/core/auto_feature_real_impl.cpp:2010|& | PRODUCT|src/core/auto_feature_registry.cpp:4558|&"
"handleToolsTerminal","6","0","6","3","10","0","0","1","REACHABLE_COLLISION","src/core/auto_feature_real_impl.cpp:2015;src/core/auto_feature_registry.cpp:4564;src/core/auto_feature_registry.hpp:281;src/core/ssot_handlers.cpp:5086;src/core/ssot_handlers_ext.cpp:6117;src/core/ssot_handlers_ext_dedicated.cpp:501","PRODUCT|src/core/auto_feature_impl.cpp:186|\{ | PRODUCT|src/core/auto_feature_real_impl.cpp:2015|& | PRODUCT|src/core/auto_feature_registry.cpp:4564|&"
"handleTrans100","6","0","6","2","7","0","0","1","REACHABLE_COLLISION","src/core/auto_feature_real_impl.cpp:3914;src/core/command_handlers_comprehensive.cpp:942;src/core/ssot_handlers.cpp:5831;src/core/ssot_handlers.h:63;src/core/ssot_handlers_ext.cpp:4282;src/core/win32ide_handler_impls.cpp:341","PRODUCT|src/core/auto_feature_real_impl.cpp:3914|& | PRODUCT|src/core/command_handlers_comprehensive.cpp:942|& | PRODUCT|src/core/command_registry.hpp:161|CMD_"
"handleTrans40","6","0","6","2","7","0","0","1","REACHABLE_COLLISION","src/core/auto_feature_real_impl.cpp:3919;src/core/command_handlers_comprehensive.cpp:946;src/core/ssot_handlers.cpp:5855;src/core/ssot_handlers.h:69;src/core/ssot_handlers_ext.cpp:4306;src/core/win32ide_handler_impls.cpp:342","PRODUCT|src/core/auto_feature_real_impl.cpp:3919|& | PRODUCT|src/core/command_handlers_comprehensive.cpp:946|& | PRODUCT|src/core/command_registry.hpp:167|CMD_"
"handleTrans50","6","0","6","2","7","0","0","1","REACHABLE_COLLISION","src/core/auto_feature_real_impl.cpp:3924;src/core/command_handlers_comprehensive.cpp:950;src/core/ssot_handlers.cpp:5851;src/core/ssot_handlers.h:68;src/core/ssot_handlers_ext.cpp:4302;src/core/win32ide_handler_impls.cpp:343","PRODUCT|src/core/auto_feature_real_impl.cpp:3924|& | PRODUCT|src/core/command_handlers_comprehensive.cpp:950|& | PRODUCT|src/core/command_registry.hpp:166|CMD_"
"handleTrans60","6","0","6","2","7","0","0","1","REACHABLE_COLLISION","src/core/auto_feature_real_impl.cpp:3929;src/core/command_handlers_comprehensive.cpp:954;src/core/ssot_handlers.cpp:5847;src/core/ssot_handlers.h:67;src/core/ssot_handlers_ext.cpp:4298;src/core/win32ide_handler_impls.cpp:344","PRODUCT|src/core/auto_feature_real_impl.cpp:3929|& | PRODUCT|src/core/command_handlers_comprehensive.cpp:954|& | PRODUCT|src/core/command_registry.hpp:165|CMD_"
"handleTrans70","6","0","6","2","7","0","0","1","REACHABLE_COLLISION","src/core/auto_feature_real_impl.cpp:3934;src/core/command_handlers_comprehensive.cpp:958;src/core/ssot_handlers.cpp:5843;src/core/ssot_handlers.h:66;src/core/ssot_handlers_ext.cpp:4294;src/core/win32ide_handler_impls.cpp:345","PRODUCT|src/core/auto_feature_real_impl.cpp:3934|& | PRODUCT|src/core/command_handlers_comprehensive.cpp:958|& | PRODUCT|src/core/command_registry.hpp:164|CMD_"
"handleTrans80","6","0","6","2","7","0","0","1","REACHABLE_COLLISION","src/core/auto_feature_real_impl.cpp:3939;src/core/command_handlers_comprehensive.cpp:962;src/core/ssot_handlers.cpp:5839;src/core/ssot_handlers.h:65;src/core/ssot_handlers_ext.cpp:4290;src/core/win32ide_handler_impls.cpp:346","PRODUCT|src/core/auto_feature_real_impl.cpp:3939|& | PRODUCT|src/core/command_handlers_comprehensive.cpp:962|& | PRODUCT|src/core/command_registry.hpp:163|CMD_"
"handleTrans90","6","0","6","2","7","0","0","1","REACHABLE_COLLISION","src/core/auto_feature_real_impl.cpp:3944;src/core/command_handlers_comprehensive.cpp:966;src/core/ssot_handlers.cpp:5835;src/core/ssot_handlers.h:64;src/core/ssot_handlers_ext.cpp:4286;src/core/win32ide_handler_impls.cpp:347","PRODUCT|src/core/auto_feature_real_impl.cpp:3944|& | PRODUCT|src/core/command_handlers_comprehensive.cpp:966|& | PRODUCT|src/core/command_registry.hpp:162|CMD_"
"HandleTranscendenceCoordinator","3","0","3","3","4","0","0","1","REACHABLE_COLLISION","src/core/command_handlers_comprehensive.cpp:1153;src/core/rawrengine_command_handlers.cpp:106;src/core/win32ide_handler_impls.cpp:348","PRODUCT|src/core/command_handlers_comprehensive.cpp:1153|& | PRODUCT|src/core/command_registry.hpp:907|CMD_ | PRODUCT|src/core/rawrengine_command_handlers.cpp:106|&"
"handleTransCustom","6","0","6","2","7","0","0","1","REACHABLE_COLLISION","src/core/auto_feature_real_impl.cpp:3949;src/core/command_handlers_comprehensive.cpp:970;src/core/ssot_handlers.cpp:5859;src/core/ssot_handlers.h:70;src/core/ssot_handlers_ext.cpp:4310;src/core/win32ide_handler_impls.cpp:349","PRODUCT|src/core/auto_feature_real_impl.cpp:3949|& | PRODUCT|src/core/command_handlers_comprehensive.cpp:970|& | PRODUCT|src/core/command_registry.hpp:168|CMD_"
"handleTransparency100","3","0","3","0","4","0","0","1","REACHABLE_COLLISION","src/core/auto_feature_real_impl.cpp:2023;src/core/auto_feature_registry.cpp:4570;src/core/auto_feature_registry.hpp:282","PRODUCT|src/core/auto_feature_real_impl.cpp:2023|& | PRODUCT|src/core/auto_feature_registry.cpp:4570|& | PRODUCT|src/core/auto_feature_registry.cpp:7353|IDM_"
"handleTransparency40","3","0","3","0","4","0","0","1","REACHABLE_COLLISION","src/core/auto_feature_real_impl.cpp:2028;src/core/auto_feature_registry.cpp:4576;src/core/auto_feature_registry.hpp:283","PRODUCT|src/core/auto_feature_real_impl.cpp:2028|& | PRODUCT|src/core/auto_feature_registry.cpp:4576|& | PRODUCT|src/core/auto_feature_registry.cpp:7371|IDM_"
"handleTransparency50","3","0","3","0","4","0","0","1","REACHABLE_COLLISION","src/core/auto_feature_real_impl.cpp:2033;src/core/auto_feature_registry.cpp:4582;src/core/auto_feature_registry.hpp:284","PRODUCT|src/core/auto_feature_real_impl.cpp:2033|& | PRODUCT|src/core/auto_feature_registry.cpp:4582|& | PRODUCT|src/core/auto_feature_registry.cpp:7368|IDM_"
"handleTransparency60","3","0","3","0","4","0","0","1","REACHABLE_COLLISION","src/core/auto_feature_real_impl.cpp:2038;src/core/auto_feature_registry.cpp:4588;src/core/auto_feature_registry.hpp:285","PRODUCT|src/core/auto_feature_real_impl.cpp:2038|& | PRODUCT|src/core/auto_feature_registry.cpp:4588|& | PRODUCT|src/core/auto_feature_registry.cpp:7365|IDM_"
"handleTransparency70","3","0","3","0","4","0","0","1","REACHABLE_COLLISION","src/core/auto_feature_real_impl.cpp:2043;src/core/auto_feature_registry.cpp:4594;src/core/auto_feature_registry.hpp:286","PRODUCT|src/core/auto_feature_real_impl.cpp:2043|& | PRODUCT|src/core/auto_feature_registry.cpp:4594|& | PRODUCT|src/core/auto_feature_registry.cpp:7362|IDM_"
"handleTransparency80","3","0","3","0","4","0","0","1","REACHABLE_COLLISION","src/core/auto_feature_real_impl.cpp:2048;src/core/auto_feature_registry.cpp:4600;src/core/auto_feature_registry.hpp:287","PRODUCT|src/core/auto_feature_real_impl.cpp:2048|& | PRODUCT|src/core/auto_feature_registry.cpp:4600|& | PRODUCT|src/core/auto_feature_registry.cpp:7359|IDM_"
"handleTransparency90","3","0","3","0","4","0","0","1","REACHABLE_COLLISION","src/core/auto_feature_real_impl.cpp:2053;src/core/auto_feature_registry.cpp:4606;src/core/auto_feature_registry.hpp:288","PRODUCT|src/core/auto_feature_real_impl.cpp:2053|& | PRODUCT|src/core/auto_feature_registry.cpp:4606|& | PRODUCT|src/core/auto_feature_registry.cpp:7356|IDM_"
"handleTransparencyCustom","3","0","3","0","4","0","0","1","REACHABLE_COLLISION","src/core/auto_feature_real_impl.cpp:2058;src/core/auto_feature_registry.cpp:4612;src/core/auto_feature_registry.hpp:289","PRODUCT|src/core/auto_feature_real_impl.cpp:2058|& | PRODUCT|src/core/auto_feature_registry.cpp:4612|& | PRODUCT|src/core/auto_feature_registry.cpp:7374|IDM_"
"handleTransparencyToggle","3","0","3","0","4","0","0","1","REACHABLE_COLLISION","src/core/auto_feature_real_impl.cpp:2068;src/core/auto_feature_registry.cpp:4629;src/core/auto_feature_registry.hpp:290","PRODUCT|src/core/auto_feature_real_impl.cpp:2068|& | PRODUCT|src/core/auto_feature_registry.cpp:4629|& | PRODUCT|src/core/auto_feature_registry.cpp:7377|IDM_"
"handleTransToggle","6","0","6","2","7","0","0","1","REACHABLE_COLLISION","src/core/auto_feature_real_impl.cpp:3959;src/core/command_handlers_comprehensive.cpp:974;src/core/ssot_handlers.cpp:5863;src/core/ssot_handlers.h:71;src/core/ssot_handlers_ext.cpp:4314;src/core/win32ide_handler_impls.cpp:350","PRODUCT|src/core/auto_feature_real_impl.cpp:3959|& | PRODUCT|src/core/command_handlers_comprehensive.cpp:974|& | PRODUCT|src/core/command_registry.hpp:169|CMD_"
"handleUnityAttach","6","0","6","2","7","0","0","1","REACHABLE_COLLISION","src/core/auto_feature_real_impl.cpp:3967;src/core/command_handlers_comprehensive.cpp:979;src/core/feature_handlers.h:426;src/core/ssot_handlers.cpp:5093;src/core/ssot_handlers_ext.cpp:6939;src/core/win32ide_handler_impls.cpp:351","PRODUCT|src/core/auto_feature_real_impl.cpp:3967|& | PRODUCT|src/core/command_handlers_comprehensive.cpp:979|& | PRODUCT|src/core/command_registry.hpp:823|CMD_"
"handleUnityInit","6","0","7","3","9","0","0","1","REACHABLE_COLLISION","src/core/auto_feature_real_impl.cpp:3977;src/core/command_handlers_comprehensive.cpp:983;src/core/feature_handlers.h:425;src/core/ssot_handlers.cpp:5176;src/core/ssot_handlers_ext.cpp:6891;src/core/win32ide_handler_impls.cpp:352","PRODUCT|src/core/auto_feature_real_impl.cpp:3977|& | PRODUCT|src/core/command_handlers_comprehensive.cpp:983|& | PRODUCT|src/core/command_registry.hpp:822|CMD_"
"handleUnrealAttach","6","0","6","2","7","0","0","1","REACHABLE_COLLISION","src/core/auto_feature_real_impl.cpp:3982;src/core/command_handlers_comprehensive.cpp:988;src/core/feature_handlers.h:424;src/core/ssot_handlers.cpp:5255;src/core/ssot_handlers_ext.cpp:6837;src/core/win32ide_handler_impls.cpp:353","PRODUCT|src/core/auto_feature_real_impl.cpp:3982|& | PRODUCT|src/core/command_handlers_comprehensive.cpp:988|& | PRODUCT|src/core/command_registry.hpp:821|CMD_"
"handleUnrealInit","6","0","6","4","9","0","0","1","REACHABLE_COLLISION","src/core/auto_feature_real_impl.cpp:3992;src/core/command_handlers_comprehensive.cpp:992;src/core/feature_handlers.h:423;src/core/ssot_handlers.cpp:5337;src/core/ssot_handlers_ext.cpp:6789;src/core/win32ide_handler_impls.cpp:354","PRODUCT|src/core/auto_feature_real_impl.cpp:3992|& | PRODUCT|src/core/command_handlers_comprehensive.cpp:992|& | PRODUCT|src/core/command_registry.hpp:820|CMD_"
"HandleUpdateSignature","3","0","3","3","4","0","0","1","REACHABLE_COLLISION","src/core/command_handlers_comprehensive.cpp:1159;src/core/rawrengine_command_handlers.cpp:269;src/core/win32ide_handler_impls.cpp:355","PRODUCT|src/core/command_handlers_comprehensive.cpp:1159|& | PRODUCT|src/core/command_registry.hpp:926|CMD_ | PRODUCT|src/core/rawrengine_command_handlers.cpp:269|&"
"handleViewFloatingPanel","6","0","6","1","8","0","0","1","REACHABLE_COLLISION","src/core/auto_feature_real_impl.cpp:2076;src/core/auto_feature_registry.cpp:4655;src/core/auto_feature_registry.hpp:291;src/core/ssot_handlers.cpp:5735;src/core/ssot_handlers.h:38;src/core/ssot_handlers_ext.cpp:4046","PRODUCT|src/core/auto_feature_real_impl.cpp:2076|& | PRODUCT|src/core/auto_feature_registry.cpp:4655|& | PRODUCT|src/core/auto_feature_registry.cpp:7415|IDM_"
"handleViewMinimap","6","0","6","1","8","0","0","1","REACHABLE_COLLISION","src/core/auto_feature_real_impl.cpp:2081;src/core/auto_feature_registry.cpp:4668;src/core/auto_feature_registry.hpp:292;src/core/ssot_handlers.cpp:5719;src/core/ssot_handlers.h:34;src/core/ssot_handlers_ext.cpp:4034","PRODUCT|src/core/auto_feature_real_impl.cpp:2081|& | PRODUCT|src/core/auto_feature_registry.cpp:4668|& | PRODUCT|src/core/auto_feature_registry.cpp:7403|IDM_"
"handleViewModuleBrowser","6","0","6","4","11","0","0","1","REACHABLE_COLLISION","src/core/auto_feature_real_impl.cpp:2086;src/core/auto_feature_registry.cpp:4678;src/core/auto_feature_registry.hpp:293;src/core/ssot_handlers.cpp:5727;src/core/ssot_handlers.h:36;src/core/ssot_handlers_ext.cpp:4042","PRODUCT|src/core/auto_feature_real_impl.cpp:2086|& | PRODUCT|src/core/auto_feature_registry.cpp:4678|& | PRODUCT|src/core/auto_feature_registry.cpp:7409|IDM_"
"handleViewMonacoDevtools","3","0","3","0","4","0","0","1","REACHABLE_COLLISION","src/core/auto_feature_real_impl.cpp:2091;src/core/auto_feature_registry.cpp:4690;src/core/auto_feature_registry.hpp:294","PRODUCT|src/core/auto_feature_real_impl.cpp:2091|& | PRODUCT|src/core/auto_feature_registry.cpp:4690|& | PRODUCT|src/core/auto_feature_registry.cpp:7436|IDM_"
"handleViewMonacoReload","3","0","3","0","4","0","0","1","REACHABLE_COLLISION","src/core/auto_feature_real_impl.cpp:2096;src/core/auto_feature_registry.cpp:4697;src/core/auto_feature_registry.hpp:295","PRODUCT|src/core/auto_feature_real_impl.cpp:2096|& | PRODUCT|src/core/auto_feature_registry.cpp:4697|& | PRODUCT|src/core/auto_feature_registry.cpp:7439|IDM_"
"handleViewMonacoSyncTheme","3","0","3","0","4","0","0","1","REACHABLE_COLLISION","src/core/auto_feature_real_impl.cpp:2101;src/core/auto_feature_registry.cpp:4703;src/core/auto_feature_registry.hpp:296","PRODUCT|src/core/auto_feature_real_impl.cpp:2101|& | PRODUCT|src/core/auto_feature_registry.cpp:4703|& | PRODUCT|src/core/auto_feature_registry.cpp:7448|IDM_"
"handleViewMonacoZoomIn","3","0","3","0","4","0","0","1","REACHABLE_COLLISION","src/core/auto_feature_real_impl.cpp:2106;src/core/auto_feature_registry.cpp:4711;src/core/auto_feature_registry.hpp:297","PRODUCT|src/core/auto_feature_real_impl.cpp:2106|& | PRODUCT|src/core/auto_feature_registry.cpp:4711|& | PRODUCT|src/core/auto_feature_registry.cpp:7442|IDM_"
"handleViewMonacoZoomOut","3","0","3","0","4","0","0","1","REACHABLE_COLLISION","src/core/auto_feature_real_impl.cpp:2111;src/core/auto_feature_registry.cpp:4723;src/core/auto_feature_registry.hpp:298","PRODUCT|src/core/auto_feature_real_impl.cpp:2111|& | PRODUCT|src/core/auto_feature_registry.cpp:4723|& | PRODUCT|src/core/auto_feature_registry.cpp:7445|IDM_"
"handleViewOutputPanel","6","0","6","1","8","0","0","1","REACHABLE_COLLISION","src/core/auto_feature_real_impl.cpp:2116;src/core/auto_feature_registry.cpp:4735;src/core/auto_feature_registry.hpp:299;src/core/ssot_handlers.cpp:5739;src/core/ssot_handlers.h:39;src/core/ssot_handlers_ext.cpp:4050","PRODUCT|src/core/auto_feature_real_impl.cpp:2116|& | PRODUCT|src/core/auto_feature_registry.cpp:4735|& | PRODUCT|src/core/auto_feature_registry.cpp:7418|IDM_"
"handleViewOutputTabs","6","0","6","1","8","0","0","1","REACHABLE_COLLISION","src/core/auto_feature_real_impl.cpp:2121;src/core/auto_feature_registry.cpp:4747;src/core/auto_feature_registry.hpp:300;src/core/ssot_handlers.cpp:5723;src/core/ssot_handlers.h:35;src/core/ssot_handlers_ext.cpp:4038","PRODUCT|src/core/auto_feature_real_impl.cpp:2121|& | PRODUCT|src/core/auto_feature_registry.cpp:4747|& | PRODUCT|src/core/auto_feature_registry.cpp:7406|IDM_"
"handleViewSidebar","6","0","6","1","8","0","0","1","REACHABLE_COLLISION","src/core/auto_feature_real_impl.cpp:2126;src/core/auto_feature_registry.cpp:4753;src/core/auto_feature_registry.hpp:301;src/core/ssot_handlers.cpp:5743;src/core/ssot_handlers.h:42;src/core/ssot_handlers_ext.cpp:4054","PRODUCT|src/core/auto_feature_real_impl.cpp:2126|& | PRODUCT|src/core/auto_feature_registry.cpp:4753|& | PRODUCT|src/core/auto_feature_registry.cpp:7427|IDM_"
"handleViewStreamingLoader","6","0","6","2","7","0","0","1","REACHABLE_COLLISION","src/core/auto_feature_real_impl.cpp:4000;src/core/command_handlers_comprehensive.cpp:997;src/core/ssot_handlers.cpp:5661;src/core/ssot_handlers.h:40;src/core/ssot_handlers_ext.cpp:4066;src/core/win32ide_handler_impls.cpp:356","PRODUCT|src/core/auto_feature_real_impl.cpp:4000|& | PRODUCT|src/core/command_handlers_comprehensive.cpp:997|& | PRODUCT|src/core/command_registry.hpp:128|CMD_"
"handleViewTerminal","6","0","6","1","8","0","0","1","REACHABLE_COLLISION","src/core/auto_feature_real_impl.cpp:2131;src/core/auto_feature_registry.cpp:4767;src/core/auto_feature_registry.hpp:302;src/core/ssot_handlers.cpp:5747;src/core/ssot_handlers.h:43;src/core/ssot_handlers_ext.cpp:4058","PRODUCT|src/core/auto_feature_real_impl.cpp:2131|& | PRODUCT|src/core/auto_feature_registry.cpp:4767|& | PRODUCT|src/core/auto_feature_registry.cpp:7430|IDM_"
"handleViewThemeEditor","6","0","6","1","8","0","0","1","REACHABLE_COLLISION","src/core/auto_feature_real_impl.cpp:2136;src/core/auto_feature_registry.cpp:4780;src/core/auto_feature_registry.hpp:303;src/core/ssot_handlers.cpp:5731;src/core/ssot_handlers.h:37;src/core/ssot_handlers_ext.cpp:4062","PRODUCT|src/core/auto_feature_real_impl.cpp:2136|& | PRODUCT|src/core/auto_feature_registry.cpp:4780|& | PRODUCT|src/core/auto_feature_registry.cpp:7412|IDM_"
"handleViewToggleFullscreen","6","0","6","1","8","0","0","1","REACHABLE_COLLISION","src/core/auto_feature_real_impl.cpp:2141;src/core/auto_feature_registry.cpp:4793;src/core/auto_feature_registry.hpp:304;src/core/ssot_handlers.cpp:5416;src/core/ssot_handlers_ext.cpp:4018;src/core/ssot_handlers_ext_dedicated.cpp:149","PRODUCT|src/core/auto_feature_real_impl.cpp:2141|& | PRODUCT|src/core/auto_feature_registry.cpp:4793|& | PRODUCT|src/core/auto_feature_registry.cpp:7391|IDM_"
"handleViewToggleMonaco","3","0","3","0","4","0","0","1","REACHABLE_COLLISION","src/core/auto_feature_real_impl.cpp:2146;src/core/auto_feature_registry.cpp:4812;src/core/auto_feature_registry.hpp:305","PRODUCT|src/core/auto_feature_real_impl.cpp:2146|& | PRODUCT|src/core/auto_feature_registry.cpp:4812|& | PRODUCT|src/core/auto_feature_registry.cpp:7433|IDM_"
"handleViewToggleOutput","6","0","6","1","8","0","0","1","REACHABLE_COLLISION","src/core/auto_feature_real_impl.cpp:2151;src/core/auto_feature_registry.cpp:4819;src/core/auto_feature_registry.hpp:306;src/core/ssot_handlers.cpp:5423;src/core/ssot_handlers_ext.cpp:4014;src/core/ssot_handlers_ext_dedicated.cpp:147","PRODUCT|src/core/auto_feature_real_impl.cpp:2151|& | PRODUCT|src/core/auto_feature_registry.cpp:4819|& | PRODUCT|src/core/auto_feature_registry.cpp:7388|IDM_"
"handleViewToggleSidebar","6","0","6","1","8","0","0","1","REACHABLE_COLLISION","src/core/auto_feature_real_impl.cpp:2156;src/core/auto_feature_registry.cpp:4832;src/core/auto_feature_registry.hpp:307;src/core/ssot_handlers.cpp:5430;src/core/ssot_handlers_ext.cpp:4006;src/core/ssot_handlers_ext_dedicated.cpp:143","PRODUCT|src/core/auto_feature_real_impl.cpp:2156|& | PRODUCT|src/core/auto_feature_registry.cpp:4832|& | PRODUCT|src/core/auto_feature_registry.cpp:7382|IDM_"
"handleViewToggleTerminal","6","0","6","1","8","0","0","1","REACHABLE_COLLISION","src/core/auto_feature_real_impl.cpp:2161;src/core/auto_feature_registry.cpp:4845;src/core/auto_feature_registry.hpp:308;src/core/ssot_handlers.cpp:5437;src/core/ssot_handlers_ext.cpp:4010;src/core/ssot_handlers_ext_dedicated.cpp:145","PRODUCT|src/core/auto_feature_real_impl.cpp:2161|& | PRODUCT|src/core/auto_feature_registry.cpp:4845|& | PRODUCT|src/core/auto_feature_registry.cpp:7385|IDM_"
"handleViewUseStreamingLoader","3","0","3","0","4","0","0","1","REACHABLE_COLLISION","src/core/auto_feature_real_impl.cpp:2166;src/core/auto_feature_registry.cpp:4858;src/core/auto_feature_registry.hpp:309","PRODUCT|src/core/auto_feature_real_impl.cpp:2166|& | PRODUCT|src/core/auto_feature_registry.cpp:4858|& | PRODUCT|src/core/auto_feature_registry.cpp:7421|IDM_"
"handleViewUseVulkanRenderer","3","0","3","0","4","0","0","1","REACHABLE_COLLISION","src/core/auto_feature_real_impl.cpp:2171;src/core/auto_feature_registry.cpp:4866;src/core/auto_feature_registry.hpp:310","PRODUCT|src/core/auto_feature_real_impl.cpp:2171|& | PRODUCT|src/core/auto_feature_registry.cpp:4866|& | PRODUCT|src/core/auto_feature_registry.cpp:7424|IDM_"
"handleViewVulkanRenderer","6","0","6","2","7","0","0","1","REACHABLE_COLLISION","src/core/auto_feature_real_impl.cpp:4005;src/core/command_handlers_comprehensive.cpp:1001;src/core/ssot_handlers.cpp:5665;src/core/ssot_handlers.h:41;src/core/ssot_handlers_ext.cpp:4070;src/core/win32ide_handler_impls.cpp:357","PRODUCT|src/core/auto_feature_real_impl.cpp:4005|& | PRODUCT|src/core/command_handlers_comprehensive.cpp:1001|& | PRODUCT|src/core/command_registry.hpp:130|CMD_"
"handleViewZoomIn","6","0","6","1","8","0","0","1","REACHABLE_COLLISION","src/core/auto_feature_real_impl.cpp:2176;src/core/auto_feature_registry.cpp:4882;src/core/auto_feature_registry.hpp:311;src/core/ssot_handlers.cpp:5444;src/core/ssot_handlers_ext.cpp:4022;src/core/ssot_handlers_ext_dedicated.cpp:151","PRODUCT|src/core/auto_feature_real_impl.cpp:2176|& | PRODUCT|src/core/auto_feature_registry.cpp:4882|& | PRODUCT|src/core/auto_feature_registry.cpp:7394|IDM_"
"handleViewZoomOut","6","0","6","1","8","0","0","1","REACHABLE_COLLISION","src/core/auto_feature_real_impl.cpp:2181;src/core/auto_feature_registry.cpp:4893;src/core/auto_feature_registry.hpp:312;src/core/ssot_handlers.cpp:5451;src/core/ssot_handlers_ext.cpp:4026;src/core/ssot_handlers_ext_dedicated.cpp:153","PRODUCT|src/core/auto_feature_real_impl.cpp:2181|& | PRODUCT|src/core/auto_feature_registry.cpp:4893|& | PRODUCT|src/core/auto_feature_registry.cpp:7397|IDM_"
"handleViewZoomReset","6","0","6","1","8","0","0","1","REACHABLE_COLLISION","src/core/auto_feature_real_impl.cpp:2186;src/core/auto_feature_registry.cpp:4904;src/core/auto_feature_registry.hpp:313;src/core/ssot_handlers.cpp:5458;src/core/ssot_handlers_ext.cpp:4030;src/core/ssot_handlers_ext_dedicated.cpp:155","PRODUCT|src/core/auto_feature_real_impl.cpp:2186|& | PRODUCT|src/core/auto_feature_registry.cpp:4904|& | PRODUCT|src/core/auto_feature_registry.cpp:7400|IDM_"
"handleVisionAnalyzeImage","6","0","7","2","7","0","0","1","REACHABLE_COLLISION","src/core/auto_feature_real_impl.cpp:4010;src/core/command_handlers_comprehensive.cpp:1006;src/core/feature_handlers.h:477;src/core/ssot_handlers.cpp:5465;src/core/ssot_handlers_ext.cpp:8385;src/core/win32ide_handler_impls.cpp:358","PRODUCT|src/core/auto_feature_real_impl.cpp:4010|& | PRODUCT|src/core/command_handlers_comprehensive.cpp:1006|& | PRODUCT|src/core/command_registry.hpp:860|&"
"handleVoiceAutoNextVoice","6","0","6","1","8","0","0","1","REACHABLE_COLLISION","src/core/auto_feature_real_impl.cpp:2194;src/core/auto_feature_registry.cpp:4983;src/core/auto_feature_registry.hpp:314;src/core/ssot_handlers_ext.cpp:9360;src/core/ssot_handlers_ext_dedicated.cpp:1108;src/core/ssot_handlers_ext_isolated.cpp:146","PRODUCT|src/core/auto_feature_real_impl.cpp:2194|& | PRODUCT|src/core/auto_feature_registry.cpp:4983|& | PRODUCT|src/core/auto_feature_registry.cpp:7489|IDM_"
"handleVoiceAutoPrevVoice","6","0","6","1","8","0","0","1","REACHABLE_COLLISION","src/core/auto_feature_real_impl.cpp:2199;src/core/auto_feature_registry.cpp:4996;src/core/auto_feature_registry.hpp:315;src/core/ssot_handlers_ext.cpp:9403;src/core/ssot_handlers_ext_dedicated.cpp:1142;src/core/ssot_handlers_ext_isolated.cpp:147","PRODUCT|src/core/auto_feature_real_impl.cpp:2199|& | PRODUCT|src/core/auto_feature_registry.cpp:4996|& | PRODUCT|src/core/auto_feature_registry.cpp:7492|IDM_"
"handleVoiceAutoRateDown","6","0","6","1","8","0","0","1","REACHABLE_COLLISION","src/core/auto_feature_real_impl.cpp:2204;src/core/auto_feature_registry.cpp:5010;src/core/auto_feature_registry.hpp:316;src/core/ssot_handlers_ext.cpp:9474;src/core/ssot_handlers_ext_dedicated.cpp:1199;src/core/ssot_handlers_ext_isolated.cpp:149","PRODUCT|src/core/auto_feature_real_impl.cpp:2204|& | PRODUCT|src/core/auto_feature_registry.cpp:5010|& | PRODUCT|src/core/auto_feature_registry.cpp:7498|IDM_"
"handleVoiceAutoRateUp","6","0","6","1","8","0","0","1","REACHABLE_COLLISION","src/core/auto_feature_real_impl.cpp:2209;src/core/auto_feature_registry.cpp:5022;src/core/auto_feature_registry.hpp:317;src/core/ssot_handlers_ext.cpp:9445;src/core/ssot_handlers_ext_dedicated.cpp:1175;src/core/ssot_handlers_ext_isolated.cpp:148","PRODUCT|src/core/auto_feature_real_impl.cpp:2209|& | PRODUCT|src/core/auto_feature_registry.cpp:5022|& | PRODUCT|src/core/auto_feature_registry.cpp:7495|IDM_"
"handleVoiceAutoSettings","6","0","6","1","8","0","0","1","REACHABLE_COLLISION","src/core/auto_feature_real_impl.cpp:2214;src/core/auto_feature_registry.cpp:5034;src/core/auto_feature_registry.hpp:318;src/core/ssot_handlers_ext.cpp:9328;src/core/ssot_handlers_ext_dedicated.cpp:1079;src/core/ssot_handlers_ext_isolated.cpp:145","PRODUCT|src/core/auto_feature_real_impl.cpp:2214|& | PRODUCT|src/core/auto_feature_registry.cpp:5034|& | PRODUCT|src/core/auto_feature_registry.cpp:7486|IDM_"
"handleVoiceAutoStop","6","0","6","1","8","0","0","1","REACHABLE_COLLISION","src/core/auto_feature_real_impl.cpp:2219;src/core/auto_feature_registry.cpp:5060;src/core/auto_feature_registry.hpp:319;src/core/ssot_handlers_ext.cpp:9503;src/core/ssot_handlers_ext_dedicated.cpp:1223;src/core/ssot_handlers_ext_isolated.cpp:150","PRODUCT|src/core/auto_feature_real_impl.cpp:2219|& | PRODUCT|src/core/auto_feature_registry.cpp:5060|& | PRODUCT|src/core/auto_feature_registry.cpp:7501|IDM_"
"handleVoiceAutoToggle","6","0","6","1","8","0","0","1","REACHABLE_COLLISION","src/core/auto_feature_real_impl.cpp:2224;src/core/auto_feature_registry.cpp:5094;src/core/auto_feature_registry.hpp:320;src/core/ssot_handlers_ext.cpp:9314;src/core/ssot_handlers_ext_dedicated.cpp:1066;src/core/ssot_handlers_ext_isolated.cpp:144","PRODUCT|src/core/auto_feature_real_impl.cpp:2224|& | PRODUCT|src/core/auto_feature_registry.cpp:5094|& | PRODUCT|src/core/auto_feature_registry.cpp:7483|IDM_"
"handleVoiceDevices","3","0","3","1","4","0","0","1","REACHABLE_COLLISION","src/core/feature_handlers.cpp:2454;src/core/feature_handlers.h:148;src/core/win32ide_handler_impls.cpp:359","PRODUCT|src/core/command_registry.hpp:617|CMD_ | PRODUCT|src/core/feature_handlers.cpp:2454|& | PRODUCT|src/core/feature_handlers.h:148|&"
"handleVoiceInit","3","0","3","1","4","0","0","1","REACHABLE_COLLISION","src/core/feature_handlers.cpp:2279;src/core/feature_handlers.h:144;src/core/win32ide_handler_impls.cpp:360","PRODUCT|src/core/command_registry.hpp:703|CMD_ | PRODUCT|src/core/feature_handlers.cpp:2279|& | PRODUCT|src/core/feature_handlers.h:144|&"
"handleVoiceJoinRoom","6","0","6","1","8","0","0","1","REACHABLE_COLLISION","src/core/auto_feature_real_impl.cpp:2229;src/core/auto_feature_registry.cpp:5106;src/core/auto_feature_registry.hpp:321;src/core/ssot_handlers.cpp:8807;src/core/ssot_handlers.h:218;src/core/ssot_handlers_ext.cpp:4444","PRODUCT|src/core/auto_feature_real_impl.cpp:2229|& | PRODUCT|src/core/auto_feature_registry.cpp:5106|& | PRODUCT|src/core/auto_feature_registry.cpp:7462|IDM_"
"handleVoiceMetrics","3","0","3","1","5","0","0","1","REACHABLE_COLLISION","src/core/feature_handlers.cpp:2510;src/core/feature_handlers.h:151;src/core/win32ide_handler_impls.cpp:361","PRODUCT|src/core/auto_feature_registry.cpp:7468|IDM_ | PRODUCT|src/core/command_registry.hpp:618|CMD_ | PRODUCT|src/core/feature_handlers.cpp:2510|&"
"handleVoiceMode","3","0","3","1","4","0","0","1","REACHABLE_COLLISION","src/core/feature_handlers.cpp:2480;src/core/feature_handlers.h:149;src/core/win32ide_handler_impls.cpp:362","PRODUCT|src/core/command_registry.hpp:620|CMD_ | PRODUCT|src/core/feature_handlers.cpp:2480|& | PRODUCT|src/core/feature_handlers.h:149|&"
"handleVoiceModeContinuous","6","0","6","1","8","0","0","1","REACHABLE_COLLISION","src/core/auto_feature_real_impl.cpp:2239;src/core/auto_feature_registry.cpp:5137;src/core/auto_feature_registry.hpp:322;src/core/ssot_handlers.cpp:8817;src/core/ssot_handlers.h:219;src/core/ssot_handlers_ext.cpp:4455","PRODUCT|src/core/auto_feature_real_impl.cpp:2239|& | PRODUCT|src/core/auto_feature_registry.cpp:5137|& | PRODUCT|src/core/auto_feature_registry.cpp:7477|IDM_"
"handleVoiceModeDisabled","6","0","6","1","8","0","0","1","REACHABLE_COLLISION","src/core/auto_feature_real_impl.cpp:2244;src/core/auto_feature_registry.cpp:5161;src/core/auto_feature_registry.hpp:323;src/core/ssot_handlers.cpp:8825;src/core/ssot_handlers.h:220;src/core/ssot_handlers_ext.cpp:4463","PRODUCT|src/core/auto_feature_real_impl.cpp:2244|& | PRODUCT|src/core/auto_feature_registry.cpp:5161|& | PRODUCT|src/core/auto_feature_registry.cpp:7480|IDM_"
"handleVoiceModePtt","3","0","3","0","4","0","0","1","REACHABLE_COLLISION","src/core/auto_feature_real_impl.cpp:2249;src/core/auto_feature_registry.cpp:5177;src/core/auto_feature_registry.hpp:324","PRODUCT|src/core/auto_feature_real_impl.cpp:2249|& | PRODUCT|src/core/auto_feature_registry.cpp:5177|& | PRODUCT|src/core/auto_feature_registry.cpp:7474|IDM_"
"handleVoicePtt","9","0","3","0","4","0","0","1","REACHABLE_COLLISION","src/core/auto_feature_real_impl.cpp:2254;src/core/auto_feature_real_impl.cpp:4023;src/core/auto_feature_registry.cpp:5201;src/core/auto_feature_registry.hpp:325;src/core/command_handlers_comprehensive.cpp:1011;src/core/ssot_handlers.cpp:8797","PRODUCT|src/core/auto_feature_real_impl.cpp:2254|& | PRODUCT|src/core/auto_feature_registry.cpp:5201|& | PRODUCT|src/core/auto_feature_registry.cpp:7456|IDM_"
"handleVoiceRecord","3","0","3","1","5","0","0","1","REACHABLE_COLLISION","src/core/feature_handlers.cpp:2300;src/core/feature_handlers.h:145;src/core/win32ide_handler_impls.cpp:364","PRODUCT|src/core/auto_feature_registry.cpp:7453|IDM_ | PRODUCT|src/core/command_registry.hpp:613|CMD_ | PRODUCT|src/core/feature_handlers.cpp:2300|&"
"handleVoiceShowDevices","3","0","3","0","4","0","0","1","REACHABLE_COLLISION","src/core/auto_feature_real_impl.cpp:2259;src/core/auto_feature_registry.cpp:5220;src/core/auto_feature_registry.hpp:326","PRODUCT|src/core/auto_feature_real_impl.cpp:2259|& | PRODUCT|src/core/auto_feature_registry.cpp:5220|& | PRODUCT|src/core/auto_feature_registry.cpp:7465|IDM_"
"handleVoiceSpeak","3","0","3","1","5","0","0","1","REACHABLE_COLLISION","src/core/feature_handlers.cpp:2426;src/core/feature_handlers.h:147;src/core/win32ide_handler_impls.cpp:365","PRODUCT|src/core/auto_feature_registry.cpp:7459|IDM_ | PRODUCT|src/core/command_registry.hpp:615|CMD_ | PRODUCT|src/core/feature_handlers.cpp:2426|&"
"handleVoiceStatus","3","0","3","1","4","0","0","1","REACHABLE_COLLISION","src/core/feature_handlers.cpp:2494;src/core/feature_handlers.h:150;src/core/win32ide_handler_impls.cpp:366","PRODUCT|src/core/command_registry.hpp:619|CMD_ | PRODUCT|src/core/feature_handlers.cpp:2494|& | PRODUCT|src/core/feature_handlers.h:150|&"
"handleVoiceTogglePanel","3","0","3","0","4","0","0","1","REACHABLE_COLLISION","src/core/auto_feature_real_impl.cpp:2264;src/core/auto_feature_registry.cpp:5267;src/core/auto_feature_registry.hpp:327","PRODUCT|src/core/auto_feature_real_impl.cpp:2264|& | PRODUCT|src/core/auto_feature_registry.cpp:5267|& | PRODUCT|src/core/auto_feature_registry.cpp:7471|IDM_"
"handleVoiceTranscribe","3","0","3","1","4","0","0","1","REACHABLE_COLLISION","src/core/feature_handlers.cpp:2378;src/core/feature_handlers.h:146;src/core/win32ide_handler_impls.cpp:367","PRODUCT|src/core/command_registry.hpp:704|CMD_ | PRODUCT|src/core/feature_handlers.cpp:2378|& | PRODUCT|src/core/feature_handlers.h:146|&"
"handleVscextApiDeactivateAll","3","0","3","0","4","0","0","1","REACHABLE_COLLISION","src/core/auto_feature_real_impl.cpp:2272;src/core/auto_feature_registry.cpp:5331;src/core/auto_feature_registry.hpp:328","PRODUCT|src/core/auto_feature_real_impl.cpp:2272|& | PRODUCT|src/core/auto_feature_registry.cpp:5331|& | PRODUCT|src/core/auto_feature_registry.cpp:7530|IDM_"
"handleVscextApiDiagnostics","3","0","3","0","4","0","0","1","REACHABLE_COLLISION","src/core/auto_feature_real_impl.cpp:2277;src/core/auto_feature_registry.cpp:5356;src/core/auto_feature_registry.hpp:329","PRODUCT|src/core/auto_feature_real_impl.cpp:2277|& | PRODUCT|src/core/auto_feature_registry.cpp:5356|& | PRODUCT|src/core/auto_feature_registry.cpp:7518|IDM_"
"handleVscextApiExportConfig","3","0","3","0","4","0","0","1","REACHABLE_COLLISION","src/core/auto_feature_real_impl.cpp:2282;src/core/auto_feature_registry.cpp:5390;src/core/auto_feature_registry.hpp:330","PRODUCT|src/core/auto_feature_real_impl.cpp:2282|& | PRODUCT|src/core/auto_feature_registry.cpp:5390|& | PRODUCT|src/core/auto_feature_registry.cpp:7533|IDM_"
"handleVscextApiExtensions","3","0","3","0","4","0","0","1","REACHABLE_COLLISION","src/core/auto_feature_real_impl.cpp:2289;src/core/auto_feature_registry.cpp:5427;src/core/auto_feature_registry.hpp:331","PRODUCT|src/core/auto_feature_real_impl.cpp:2289|& | PRODUCT|src/core/auto_feature_registry.cpp:5427|& | PRODUCT|src/core/auto_feature_registry.cpp:7521|IDM_"
"handleVscextApiListCommands","3","0","3","0","4","0","0","1","REACHABLE_COLLISION","src/core/auto_feature_real_impl.cpp:2294;src/core/auto_feature_registry.cpp:5449;src/core/auto_feature_registry.hpp:332","PRODUCT|src/core/auto_feature_real_impl.cpp:2294|& | PRODUCT|src/core/auto_feature_registry.cpp:5449|& | PRODUCT|src/core/auto_feature_registry.cpp:7512|IDM_"
"handleVscextApiListProviders","3","0","3","0","4","0","0","1","REACHABLE_COLLISION","src/core/auto_feature_real_impl.cpp:2299;src/core/auto_feature_registry.cpp:5480;src/core/auto_feature_registry.hpp:333","PRODUCT|src/core/auto_feature_real_impl.cpp:2299|& | PRODUCT|src/core/auto_feature_registry.cpp:5480|& | PRODUCT|src/core/auto_feature_registry.cpp:7515|IDM_"
"handleVscextApiLoadNative","3","0","3","0","4","0","0","1","REACHABLE_COLLISION","src/core/auto_feature_real_impl.cpp:2304;src/core/auto_feature_registry.cpp:5511;src/core/auto_feature_registry.hpp:334","PRODUCT|src/core/auto_feature_real_impl.cpp:2304|& | PRODUCT|src/core/auto_feature_registry.cpp:5511|& | PRODUCT|src/core/auto_feature_registry.cpp:7527|IDM_"
"handleVscextApiReload","3","0","3","0","4","0","0","1","REACHABLE_COLLISION","src/core/auto_feature_real_impl.cpp:2314;src/core/auto_feature_registry.cpp:5576;src/core/auto_feature_registry.hpp:335","PRODUCT|src/core/auto_feature_real_impl.cpp:2314|& | PRODUCT|src/core/auto_feature_registry.cpp:5576|& | PRODUCT|src/core/auto_feature_registry.cpp:7509|IDM_"
"handleVscextApiStats","3","0","3","0","4","0","0","1","REACHABLE_COLLISION","src/core/auto_feature_real_impl.cpp:2319;src/core/auto_feature_registry.cpp:5621;src/core/auto_feature_registry.hpp:336","PRODUCT|src/core/auto_feature_real_impl.cpp:2319|& | PRODUCT|src/core/auto_feature_registry.cpp:5621|& | PRODUCT|src/core/auto_feature_registry.cpp:7524|IDM_"
"handleVscextApiStatus","3","0","3","0","4","0","0","1","REACHABLE_COLLISION","src/core/auto_feature_real_impl.cpp:2324;src/core/auto_feature_registry.cpp:5657;src/core/auto_feature_registry.hpp:337","PRODUCT|src/core/auto_feature_real_impl.cpp:2324|& | PRODUCT|src/core/auto_feature_registry.cpp:5657|& | PRODUCT|src/core/auto_feature_registry.cpp:7506|IDM_"
"handleVscExtDeactivateAll","7","0","7","2","8","0","0","1","REACHABLE_COLLISION","src/core/auto_feature_real_impl.cpp:4031;src/core/command_handlers_comprehensive.cpp:1164;src/core/ssot_handlers_ext.cpp:9251;src/core/ssot_handlers_ext_dedicated.cpp:1014;src/core/ssot_handlers_ext_isolated.cpp:752;src/core/ssot_handlers_ext_runtime_minimal.cpp:398","PRODUCT|src/core/auto_feature_real_impl.cpp:4031|& | PRODUCT|src/core/command_handlers_comprehensive.cpp:1164|& | PRODUCT|src/core/command_registry.hpp:803|CMD_"
"handleVscExtDiagnostics","7","0","7","2","8","0","0","1","REACHABLE_COLLISION","src/core/auto_feature_real_impl.cpp:4036;src/core/command_handlers_comprehensive.cpp:1168;src/core/ssot_handlers_ext.cpp:9140;src/core/ssot_handlers_ext_dedicated.cpp:917;src/core/ssot_handlers_ext_isolated.cpp:668;src/core/ssot_handlers_ext_runtime_minimal.cpp:323","PRODUCT|src/core/auto_feature_real_impl.cpp:4036|& | PRODUCT|src/core/command_handlers_comprehensive.cpp:1168|& | PRODUCT|src/core/command_registry.hpp:796|CMD_"
"handleVscExtExportConfig","7","0","7","2","8","0","0","1","REACHABLE_COLLISION","src/core/auto_feature_real_impl.cpp:4041;src/core/command_handlers_comprehensive.cpp:1172;src/core/ssot_handlers_ext.cpp:9287;src/core/ssot_handlers_ext_dedicated.cpp:1044;src/core/ssot_handlers_ext_isolated.cpp:781;src/core/ssot_handlers_ext_runtime_minimal.cpp:423","PRODUCT|src/core/auto_feature_real_impl.cpp:4041|& | PRODUCT|src/core/command_handlers_comprehensive.cpp:1172|& | PRODUCT|src/core/command_registry.hpp:804|CMD_"
"handleVscExtExtensions","7","0","7","2","8","0","0","1","REACHABLE_COLLISION","src/core/auto_feature_real_impl.cpp:4048;src/core/command_handlers_comprehensive.cpp:1176;src/core/ssot_handlers_ext.cpp:9160;src/core/ssot_handlers_ext_dedicated.cpp:937;src/core/ssot_handlers_ext_isolated.cpp:685;src/core/ssot_handlers_ext_runtime_minimal.cpp:335","PRODUCT|src/core/auto_feature_real_impl.cpp:4048|& | PRODUCT|src/core/command_handlers_comprehensive.cpp:1176|& | PRODUCT|src/core/command_registry.hpp:798|CMD_"
"handleVscExtListCommands","7","0","7","2","8","0","0","1","REACHABLE_COLLISION","src/core/auto_feature_real_impl.cpp:4053;src/core/command_handlers_comprehensive.cpp:1180;src/core/ssot_handlers_ext.cpp:9034;src/core/ssot_handlers_ext_dedicated.cpp:831;src/core/ssot_handlers_ext_isolated.cpp:614;src/core/ssot_handlers_ext_runtime_minimal.cpp:275","PRODUCT|src/core/auto_feature_real_impl.cpp:4053|& | PRODUCT|src/core/command_handlers_comprehensive.cpp:1180|& | PRODUCT|src/core/command_registry.hpp:792|CMD_"
"handleVscExtListProviders","7","0","7","2","8","0","0","1","REACHABLE_COLLISION","src/core/auto_feature_real_impl.cpp:4058;src/core/command_handlers_comprehensive.cpp:1184;src/core/ssot_handlers_ext.cpp:9072;src/core/ssot_handlers_ext_dedicated.cpp:862;src/core/ssot_handlers_ext_isolated.cpp:641;src/core/ssot_handlers_ext_runtime_minimal.cpp:299","PRODUCT|src/core/auto_feature_real_impl.cpp:4058|& | PRODUCT|src/core/command_handlers_comprehensive.cpp:1184|& | PRODUCT|src/core/command_registry.hpp:795|CMD_"
"handleVscExtLoadNative","7","0","7","2","8","0","0","1","REACHABLE_COLLISION","src/core/auto_feature_real_impl.cpp:4063;src/core/command_handlers_comprehensive.cpp:1188;src/core/ssot_handlers_ext.cpp:9213;src/core/ssot_handlers_ext_dedicated.cpp:982;src/core/ssot_handlers_ext_isolated.cpp:725;src/core/ssot_handlers_ext_runtime_minimal.cpp:374","PRODUCT|src/core/auto_feature_real_impl.cpp:4063|& | PRODUCT|src/core/command_handlers_comprehensive.cpp:1188|& | PRODUCT|src/core/command_registry.hpp:800|CMD_"
"handleVscExtReload","7","0","7","2","8","0","0","1","REACHABLE_COLLISION","src/core/auto_feature_real_impl.cpp:4073;src/core/command_handlers_comprehensive.cpp:1192;src/core/ssot_handlers_ext.cpp:8995;src/core/ssot_handlers_ext_dedicated.cpp:798;src/core/ssot_handlers_ext_isolated.cpp:581;src/core/ssot_handlers_ext_runtime_minimal.cpp:242","PRODUCT|src/core/auto_feature_real_impl.cpp:4073|& | PRODUCT|src/core/command_handlers_comprehensive.cpp:1192|& | PRODUCT|src/core/command_registry.hpp:791|CMD_"
"handleVscExtStats","7","0","7","2","8","0","0","1","REACHABLE_COLLISION","src/core/auto_feature_real_impl.cpp:4078;src/core/command_handlers_comprehensive.cpp:1196;src/core/ssot_handlers_ext.cpp:9190;src/core/ssot_handlers_ext_dedicated.cpp:962;src/core/ssot_handlers_ext_isolated.cpp:706;src/core/ssot_handlers_ext_runtime_minimal.cpp:356","PRODUCT|src/core/auto_feature_real_impl.cpp:4078|& | PRODUCT|src/core/command_handlers_comprehensive.cpp:1196|& | PRODUCT|src/core/command_registry.hpp:799|CMD_"
"handleVscExtStatus","7","0","7","2","8","0","0","1","REACHABLE_COLLISION","src/core/auto_feature_real_impl.cpp:4083;src/core/command_handlers_comprehensive.cpp:1200;src/core/ssot_handlers_ext.cpp:8965;src/core/ssot_handlers_ext_dedicated.cpp:773;src/core/ssot_handlers_ext_isolated.cpp:559;src/core/ssot_handlers_ext_runtime_minimal.cpp:228","PRODUCT|src/core/auto_feature_real_impl.cpp:4083|& | PRODUCT|src/core/command_handlers_comprehensive.cpp:1200|& | PRODUCT|src/core/command_registry.hpp:790|CMD_"
"HandleVulkanRenderer","3","0","3","3","4","0","0","1","REACHABLE_COLLISION","src/core/command_handlers_comprehensive.cpp:1107;src/core/rawrengine_command_handlers.cpp:113;src/core/win32ide_handler_impls.cpp:378","PRODUCT|src/core/command_handlers_comprehensive.cpp:1107|& | PRODUCT|src/core/command_registry.hpp:909|CMD_ | PRODUCT|src/core/rawrengine_command_handlers.cpp:113|&"
"launchTerminal","1","0","4","0","4","0","0","1","REAL_REACHABLE_SINGLE","src/core/feature_handlers.cpp:1127","PRODUCT|src/core/feature_handlers.cpp:1127|& | PRODUCT|src/core/feature_handlers.cpp:1167|& | PRODUCT|src/core/feature_handlers.cpp:1182|&"
"linkGapHandler","1","0","2","0","2","0","0","1","REAL_REACHABLE_SINGLE","src/core/ssot_linker_gap_handlers.cpp:10","PRODUCT|src/core/ssot_linker_gap_handlers.cpp:10|& | PRODUCT|src/core/ssot_linker_gap_handlers.cpp:23|&"
"materializeSloDeleteRecord","1","0","14","1","15","0","0","1","REAL_REACHABLE_SINGLE","src/core/ssot_handlers_ext.cpp:3749","PRODUCT|src/core/ssot_handlers_ext.cpp:3749|& | PRODUCT|src/core/ssot_handlers_ext.cpp:22729|& | PRODUCT|src/core/ssot_handlers_ext.cpp:22742|&"
"materializeSloLoadRecord","1","0","35","0","35","0","0","1","REAL_REACHABLE_SINGLE","src/core/ssot_handlers_ext.cpp:3641","PRODUCT|src/core/ssot_handlers_ext.cpp:3641|& | PRODUCT|src/core/ssot_handlers_ext.cpp:22554|& | PRODUCT|src/core/ssot_handlers_ext.cpp:22567|&"
"materializeSloPreset","1","0","1","12","13","0","0","1","REAL_REACHABLE_SINGLE","src/core/ssot_handlers_ext.cpp:3486","PRODUCT|src/core/ssot_handlers_ext.cpp:3486|& | PRODUCT|src/core/ssot_handlers_ext.cpp:23669|WM_COMMAND | PRODUCT|src/core/ssot_handlers_ext.cpp:23695|WM_COMMAND"
"materializeSloSaveRecord","1","0","46","0","46","0","0","1","REAL_REACHABLE_SINGLE","src/core/ssot_handlers_ext.cpp:3549","PRODUCT|src/core/ssot_handlers_ext.cpp:3549|& | PRODUCT|src/core/ssot_handlers_ext.cpp:22593|& | PRODUCT|src/core/ssot_handlers_ext.cpp:22755|&"
"materializeSloTemplate","1","0","1","12","13","0","0","1","REAL_REACHABLE_SINGLE","src/core/ssot_handlers_ext.cpp:3446","PRODUCT|src/core/ssot_handlers_ext.cpp:3446|& | PRODUCT|src/core/ssot_handlers_ext.cpp:23345|\{ | PRODUCT|src/core/ssot_handlers_ext.cpp:23377|WM_COMMAND"
"missingHandler","2","0","4","0","4","0","0","1","REACHABLE_COLLISION","src/core/ssot_auto_missing_handlers.cpp:12;src/core/ssot_missing_handlers_provider.cpp:10","PRODUCT|src/core/ssot_auto_missing_handlers.cpp:12|& | PRODUCT|src/core/ssot_auto_missing_handlers.cpp:28|& | PRODUCT|src/core/ssot_missing_handlers_provider.cpp:10|&"
"name","4","43","1730","1232","2941","48","693","1","REACHABLE_COLLISION","src/core/ssot_auto_missing_handlers.cpp:28;src/core/ssot_linker_gap_handlers.cpp:23;src/core/ssot_missing_handlers_provider.cpp:26;src/core/win32ide_missing_handlers.cpp:83","PRODUCT|src/agent/ResponseCodedAgent.cpp:134|& | PRODUCT|src/agent/ResponseCodedAgent.cpp:135|& | PRODUCT|src/agent/ResponseCodedAgent.cpp:136|&"
"ok","1","15","3378","1143","4605","24","94","1","REAL_REACHABLE_SINGLE","src/core/shared_feature_dispatch.h:72","PRODUCT|src/agent/AgentAuthority.cpp:34|& | PRODUCT|src/agent/AgentAuthority.cpp:35|& | PRODUCT|src/agent/AgentCore.cpp:66|&"
"okResult","1","0","16","17","17","0","0","1","REAL_REACHABLE_SINGLE","src/core/rawrengine_command_handlers.cpp:39","PRODUCT|src/core/rawrengine_command_handlers.cpp:39|& | PRODUCT|src/core/rawrengine_command_handlers.cpp:67|& | PRODUCT|src/core/rawrengine_command_handlers.cpp:123|&"
"routeToIde","1","0","243","0","243","0","0","1","REAL_REACHABLE_SINGLE","src/core/ssot_handlers.cpp:513","PRODUCT|src/core/ssot_handlers.cpp:513|& | PRODUCT|src/core/ssot_handlers.cpp:515|& | PRODUCT|src/core/ssot_handlers.cpp:2099|&"
"runAiPrompt","2","0","16","0","16","0","0","1","REACHABLE_COLLISION","src/core/ssot_handlers_ext_isolated.cpp:106;src/core/ssot_handlers_ext_runtime_minimal.cpp:46","PRODUCT|src/core/ssot_handlers_ext_isolated.cpp:106|& | PRODUCT|src/core/ssot_handlers_ext_isolated.cpp:183|& | PRODUCT|src/core/ssot_handlers_ext_isolated.cpp:196|&"
"setAiContext","1","0","8","0","8","0","0","1","REAL_REACHABLE_SINGLE","src/core/auto_feature_registry.cpp:693","PRODUCT|src/core/auto_feature_registry.cpp:693|& | PRODUCT|src/core/auto_feature_registry.cpp:709|& | PRODUCT|src/core/auto_feature_registry.cpp:710|&"
"setAIContextWindow","1","0","8","0","8","0","0","1","REAL_REACHABLE_SINGLE","src/core/ssot_handlers.cpp:6103","PRODUCT|src/core/ssot_handlers.cpp:6103|& | PRODUCT|src/core/ssot_handlers.cpp:6209|& | PRODUCT|src/core/ssot_handlers.cpp:6213|&"
"setTheme","1","0","17","0","17","0","0","1","REAL_REACHABLE_SINGLE","src/core/ssot_handlers.cpp:5757","PRODUCT|src/core/ssot_handlers.cpp:5757|& | PRODUCT|src/core/ssot_handlers.cpp:5766|& | PRODUCT|src/core/ssot_handlers.cpp:5770|&"
"toCmd","1","0","5","0","5","0","0","1","REAL_REACHABLE_SINGLE","src/core/auto_feature_registry.cpp:95","PRODUCT|src/core/auto_feature_registry.cpp:95|& | PRODUCT|src/core/auto_feature_registry.cpp:2410|& | PRODUCT|src/core/auto_feature_registry.cpp:2720|&"
