TARGET	DECLARATION_FILE	DECLARATION_LINE	RAW_EXPRESSION	RESOLVED_PATH	REFERENCE_KIND	ACTIVE	EXISTS	GENERATED	FILTERED	CONDITION_STATE	DISPOSITION
AUDIT_SCRIPT	F:/~dev/rawrxd/cmake/AutoFeatureRegistry.cmake	40	${CMAKE_CURRENT_SOURCE_DIR}/scrip s/audi _command_ able.py	${CMAKE_CURRENT_SOURCE_DIR}/scripts/audit_command_table.py	UNRESOLVED_EXPRESSION	1	FALSE	FALSE	FALSE	0	UNRESOLVED_EXPRESSION
CMAKE_CXX_CL_SHOWINCLUDES_PREFIX	F:/~dev/rawrxd/build/CMakeFiles/4.4.2/CMakeCXXCompiler.cmake	88	${CMAKE_CXX_CL_SHOWINCLUDES_PREFIX}	${CMAKE_CXX_CL_SHOWINCLUDES_PREFIX}	UNRESOLVED_EXPRESSION	1	FALSE	FALSE	FALSE	1	UNRESOLVED_EXPRESSION
CMAKE_CXX_CL_SHOWINCLUDES_PREFIX	F:/~dev/rawrxd/build2/CMakeFiles/4.4.2/CMakeCXXCompiler.cmake	88	${CMAKE_CXX_CL_SHOWINCLUDES_PREFIX}	${CMAKE_CXX_CL_SHOWINCLUDES_PREFIX}	UNRESOLVED_EXPRESSION	1	FALSE	FALSE	FALSE	1	UNRESOLVED_EXPRESSION
CMAKE_CXX_CL_SHOWINCLUDES_PREFIX	F:/~dev/rawrxd/build_bench/out/CMakeFiles/4.4.2/CMakeCXXCompiler.cmake	88	${CMAKE_CXX_CL_SHOWINCLUDES_PREFIX}	${CMAKE_CXX_CL_SHOWINCLUDES_PREFIX}	UNRESOLVED_EXPRESSION	1	FALSE	FALSE	FALSE	1	UNRESOLVED_EXPRESSION
CMAKE_CXX_CL_SHOWINCLUDES_PREFIX	F:/~dev/rawrxd/build_clean_n1/CMakeFiles/4.4.2/CMakeCXXCompiler.cmake	88	${CMAKE_CXX_CL_SHOWINCLUDES_PREFIX}	${CMAKE_CXX_CL_SHOWINCLUDES_PREFIX}	UNRESOLVED_EXPRESSION	1	FALSE	FALSE	FALSE	1	UNRESOLVED_EXPRESSION
CMAKE_CXX_CL_SHOWINCLUDES_PREFIX	F:/~dev/rawrxd/build_clean_test/CMakeFiles/4.4.2/CMakeCXXCompiler.cmake	88	${CMAKE_CXX_CL_SHOWINCLUDES_PREFIX}	${CMAKE_CXX_CL_SHOWINCLUDES_PREFIX}	UNRESOLVED_EXPRESSION	1	FALSE	FALSE	FALSE	1	UNRESOLVED_EXPRESSION
CMAKE_CXX_CL_SHOWINCLUDES_PREFIX	F:/~dev/rawrxd/build_clean_test3/CMakeFiles/4.4.2/CMakeCXXCompiler.cmake	88	${CMAKE_CXX_CL_SHOWINCLUDES_PREFIX}	${CMAKE_CXX_CL_SHOWINCLUDES_PREFIX}	UNRESOLVED_EXPRESSION	1	FALSE	FALSE	FALSE	1	UNRESOLVED_EXPRESSION
CMAKE_CXX_CL_SHOWINCLUDES_PREFIX	F:/~dev/rawrxd/build_clean_test5/CMakeFiles/4.4.2/CMakeCXXCompiler.cmake	88	${CMAKE_CXX_CL_SHOWINCLUDES_PREFIX}	${CMAKE_CXX_CL_SHOWINCLUDES_PREFIX}	UNRESOLVED_EXPRESSION	1	FALSE	FALSE	FALSE	1	UNRESOLVED_EXPRESSION
CMAKE_CXX_CL_SHOWINCLUDES_PREFIX	F:/~dev/rawrxd/build_clean_test6/CMakeFiles/4.4.2/CMakeCXXCompiler.cmake	88	${CMAKE_CXX_CL_SHOWINCLUDES_PREFIX}	${CMAKE_CXX_CL_SHOWINCLUDES_PREFIX}	UNRESOLVED_EXPRESSION	1	FALSE	FALSE	FALSE	1	UNRESOLVED_EXPRESSION
CMAKE_CXX_CL_SHOWINCLUDES_PREFIX	F:/~dev/rawrxd/build_clean_test7/CMakeFiles/4.4.2/CMakeCXXCompiler.cmake	88	${CMAKE_CXX_CL_SHOWINCLUDES_PREFIX}	${CMAKE_CXX_CL_SHOWINCLUDES_PREFIX}	UNRESOLVED_EXPRESSION	1	FALSE	FALSE	FALSE	1	UNRESOLVED_EXPRESSION
CMAKE_CXX_CL_SHOWINCLUDES_PREFIX	F:/~dev/rawrxd/build_d2adopt/CMakeFiles/4.4.2/CMakeCXXCompiler.cmake	88	${CMAKE_CXX_CL_SHOWINCLUDES_PREFIX}	${CMAKE_CXX_CL_SHOWINCLUDES_PREFIX}	UNRESOLVED_EXPRESSION	1	FALSE	FALSE	FALSE	1	UNRESOLVED_EXPRESSION
CMAKE_CXX_CL_SHOWINCLUDES_PREFIX	F:/~dev/rawrxd/build_embed_parity/CMakeFiles/4.4.2/CMakeCXXCompiler.cmake	88	${CMAKE_CXX_CL_SHOWINCLUDES_PREFIX}	${CMAKE_CXX_CL_SHOWINCLUDES_PREFIX}	UNRESOLVED_EXPRESSION	1	FALSE	FALSE	FALSE	1	UNRESOLVED_EXPRESSION
CMAKE_CXX_CL_SHOWINCLUDES_PREFIX	F:/~dev/rawrxd/build_evidence/CMakeFiles/4.4.2/CMakeCXXCompiler.cmake	88	${CMAKE_CXX_CL_SHOWINCLUDES_PREFIX}	${CMAKE_CXX_CL_SHOWINCLUDES_PREFIX}	UNRESOLVED_EXPRESSION	1	FALSE	FALSE	FALSE	1	UNRESOLVED_EXPRESSION
CMAKE_CXX_CL_SHOWINCLUDES_PREFIX	F:/~dev/rawrxd/build_ide/CMakeFiles/4.4.2/CMakeCXXCompiler.cmake	88	${CMAKE_CXX_CL_SHOWINCLUDES_PREFIX}	${CMAKE_CXX_CL_SHOWINCLUDES_PREFIX}	UNRESOLVED_EXPRESSION	1	FALSE	FALSE	FALSE	1	UNRESOLVED_EXPRESSION
CMAKE_CXX_CL_SHOWINCLUDES_PREFIX	F:/~dev/rawrxd/build_ide_audit/CMakeFiles/4.4.2/CMakeCXXCompiler.cmake	88	${CMAKE_CXX_CL_SHOWINCLUDES_PREFIX}	${CMAKE_CXX_CL_SHOWINCLUDES_PREFIX}	UNRESOLVED_EXPRESSION	1	FALSE	FALSE	FALSE	1	UNRESOLVED_EXPRESSION
CMAKE_CXX_CL_SHOWINCLUDES_PREFIX	F:/~dev/rawrxd/build_ide_cert/CMakeFiles/4.4.2/CMakeCXXCompiler.cmake	88	${CMAKE_CXX_CL_SHOWINCLUDES_PREFIX}	${CMAKE_CXX_CL_SHOWINCLUDES_PREFIX}	UNRESOLVED_EXPRESSION	1	FALSE	FALSE	FALSE	1	UNRESOLVED_EXPRESSION
CMAKE_CXX_CL_SHOWINCLUDES_PREFIX	F:/~dev/rawrxd/build_ide_test/CMakeFiles/4.4.2/CMakeCXXCompiler.cmake	88	${CMAKE_CXX_CL_SHOWINCLUDES_PREFIX}	${CMAKE_CXX_CL_SHOWINCLUDES_PREFIX}	UNRESOLVED_EXPRESSION	1	FALSE	FALSE	FALSE	1	UNRESOLVED_EXPRESSION
CMAKE_CXX_CL_SHOWINCLUDES_PREFIX	F:/~dev/rawrxd/build_ninja_release/CMakeFiles/4.4.2/CMakeCXXCompiler.cmake	88	${CMAKE_CXX_CL_SHOWINCLUDES_PREFIX}	${CMAKE_CXX_CL_SHOWINCLUDES_PREFIX}	UNRESOLVED_EXPRESSION	1	FALSE	FALSE	FALSE	1	UNRESOLVED_EXPRESSION
CMAKE_CXX_CL_SHOWINCLUDES_PREFIX	F:/~dev/rawrxd/build_p1pra_prod/CMakeFiles/4.4.2/CMakeCXXCompiler.cmake	88	${CMAKE_CXX_CL_SHOWINCLUDES_PREFIX}	${CMAKE_CXX_CL_SHOWINCLUDES_PREFIX}	UNRESOLVED_EXPRESSION	1	FALSE	FALSE	FALSE	1	UNRESOLVED_EXPRESSION
CMAKE_CXX_CL_SHOWINCLUDES_PREFIX	F:/~dev/rawrxd/build_p1pra_win32ide_ninja/CMakeFiles/4.4.2/CMakeCXXCompiler.cmake	88	${CMAKE_CXX_CL_SHOWINCLUDES_PREFIX}	${CMAKE_CXX_CL_SHOWINCLUDES_PREFIX}	UNRESOLVED_EXPRESSION	1	FALSE	FALSE	FALSE	1	UNRESOLVED_EXPRESSION
CMAKE_CXX_CL_SHOWINCLUDES_PREFIX	F:/~dev/rawrxd/build_p2/CMakeFiles/4.4.2/CMakeCXXCompiler.cmake	88	${CMAKE_CXX_CL_SHOWINCLUDES_PREFIX}	${CMAKE_CXX_CL_SHOWINCLUDES_PREFIX}	UNRESOLVED_EXPRESSION	1	FALSE	FALSE	FALSE	1	UNRESOLVED_EXPRESSION
CMAKE_CXX_CL_SHOWINCLUDES_PREFIX	F:/~dev/rawrxd/build_p2_fresh/CMakeFiles/4.4.2/CMakeCXXCompiler.cmake	88	${CMAKE_CXX_CL_SHOWINCLUDES_PREFIX}	${CMAKE_CXX_CL_SHOWINCLUDES_PREFIX}	UNRESOLVED_EXPRESSION	1	FALSE	FALSE	FALSE	1	UNRESOLVED_EXPRESSION
CMAKE_CXX_CL_SHOWINCLUDES_PREFIX	F:/~dev/rawrxd/build_parity/CMakeFiles/4.4.2/CMakeCXXCompiler.cmake	88	${CMAKE_CXX_CL_SHOWINCLUDES_PREFIX}	${CMAKE_CXX_CL_SHOWINCLUDES_PREFIX}	UNRESOLVED_EXPRESSION	1	FALSE	FALSE	FALSE	1	UNRESOLVED_EXPRESSION
CMAKE_CXX_CL_SHOWINCLUDES_PREFIX	F:/~dev/rawrxd/build_permissive_ide_audit/CMakeFiles/4.4.2/CMakeCXXCompiler.cmake	88	${CMAKE_CXX_CL_SHOWINCLUDES_PREFIX}	${CMAKE_CXX_CL_SHOWINCLUDES_PREFIX}	UNRESOLVED_EXPRESSION	1	FALSE	FALSE	FALSE	1	UNRESOLVED_EXPRESSION
CMAKE_CXX_CL_SHOWINCLUDES_PREFIX	F:/~dev/rawrxd/build_prod_gate/CMakeFiles/4.4.2/CMakeCXXCompiler.cmake	88	${CMAKE_CXX_CL_SHOWINCLUDES_PREFIX}	${CMAKE_CXX_CL_SHOWINCLUDES_PREFIX}	UNRESOLVED_EXPRESSION	1	FALSE	FALSE	FALSE	1	UNRESOLVED_EXPRESSION
CMAKE_CXX_CL_SHOWINCLUDES_PREFIX	F:/~dev/rawrxd/build_prod_gate2/CMakeFiles/4.4.2/CMakeCXXCompiler.cmake	88	${CMAKE_CXX_CL_SHOWINCLUDES_PREFIX}	${CMAKE_CXX_CL_SHOWINCLUDES_PREFIX}	UNRESOLVED_EXPRESSION	1	FALSE	FALSE	FALSE	1	UNRESOLVED_EXPRESSION
CMAKE_CXX_CL_SHOWINCLUDES_PREFIX	F:/~dev/rawrxd/build_remote64_verify/CMakeFiles/4.4.2/CMakeCXXCompiler.cmake	88	${CMAKE_CXX_CL_SHOWINCLUDES_PREFIX}	${CMAKE_CXX_CL_SHOWINCLUDES_PREFIX}	UNRESOLVED_EXPRESSION	1	FALSE	FALSE	FALSE	1	UNRESOLVED_EXPRESSION
CMAKE_CXX_CL_SHOWINCLUDES_PREFIX	F:/~dev/rawrxd/build_repointel/CMakeFiles/4.4.2/CMakeCXXCompiler.cmake	88	${CMAKE_CXX_CL_SHOWINCLUDES_PREFIX}	${CMAKE_CXX_CL_SHOWINCLUDES_PREFIX}	UNRESOLVED_EXPRESSION	1	FALSE	FALSE	FALSE	1	UNRESOLVED_EXPRESSION
CMAKE_CXX_CL_SHOWINCLUDES_PREFIX	F:/~dev/rawrxd/build_response_coded_agent/CMakeFiles/4.4.2/CMakeCXXCompiler.cmake	88	${CMAKE_CXX_CL_SHOWINCLUDES_PREFIX}	${CMAKE_CXX_CL_SHOWINCLUDES_PREFIX}	UNRESOLVED_EXPRESSION	1	FALSE	FALSE	FALSE	1	UNRESOLVED_EXPRESSION
CMAKE_CXX_CL_SHOWINCLUDES_PREFIX	F:/~dev/rawrxd/build_single_writer_authority/CMakeFiles/4.4.2/CMakeCXXCompiler.cmake	88	${CMAKE_CXX_CL_SHOWINCLUDES_PREFIX}	${CMAKE_CXX_CL_SHOWINCLUDES_PREFIX}	UNRESOLVED_EXPRESSION	1	FALSE	FALSE	FALSE	1	UNRESOLVED_EXPRESSION
CMAKE_CXX_CL_SHOWINCLUDES_PREFIX	F:/~dev/rawrxd/build_strict_audit/CMakeFiles/4.4.2/CMakeCXXCompiler.cmake	88	${CMAKE_CXX_CL_SHOWINCLUDES_PREFIX}	${CMAKE_CXX_CL_SHOWINCLUDES_PREFIX}	UNRESOLVED_EXPRESSION	1	FALSE	FALSE	FALSE	1	UNRESOLVED_EXPRESSION
CMAKE_CXX_CL_SHOWINCLUDES_PREFIX	F:/~dev/rawrxd/build_strict_ide_audit/CMakeFiles/4.4.2/CMakeCXXCompiler.cmake	88	${CMAKE_CXX_CL_SHOWINCLUDES_PREFIX}	${CMAKE_CXX_CL_SHOWINCLUDES_PREFIX}	UNRESOLVED_EXPRESSION	1	FALSE	FALSE	FALSE	1	UNRESOLVED_EXPRESSION
CMAKE_CXX_CL_SHOWINCLUDES_PREFIX	F:/~dev/rawrxd/build_test_clean/CMakeFiles/4.4.2/CMakeCXXCompiler.cmake	88	${CMAKE_CXX_CL_SHOWINCLUDES_PREFIX}	${CMAKE_CXX_CL_SHOWINCLUDES_PREFIX}	UNRESOLVED_EXPRESSION	1	FALSE	FALSE	FALSE	1	UNRESOLVED_EXPRESSION
CMAKE_CXX_CL_SHOWINCLUDES_PREFIX	F:/~dev/rawrxd/build_test_clean2/CMakeFiles/4.4.2/CMakeCXXCompiler.cmake	88	${CMAKE_CXX_CL_SHOWINCLUDES_PREFIX}	${CMAKE_CXX_CL_SHOWINCLUDES_PREFIX}	UNRESOLVED_EXPRESSION	1	FALSE	FALSE	FALSE	1	UNRESOLVED_EXPRESSION
CMAKE_CXX_CL_SHOWINCLUDES_PREFIX	F:/~dev/rawrxd/build_test_clean3/CMakeFiles/4.4.2/CMakeCXXCompiler.cmake	88	${CMAKE_CXX_CL_SHOWINCLUDES_PREFIX}	${CMAKE_CXX_CL_SHOWINCLUDES_PREFIX}	UNRESOLVED_EXPRESSION	1	FALSE	FALSE	FALSE	1	UNRESOLVED_EXPRESSION
CMAKE_CXX_CL_SHOWINCLUDES_PREFIX	F:/~dev/rawrxd/build_w1/CMakeFiles/4.4.2/CMakeCXXCompiler.cmake	88	${CMAKE_CXX_CL_SHOWINCLUDES_PREFIX}	${CMAKE_CXX_CL_SHOWINCLUDES_PREFIX}	UNRESOLVED_EXPRESSION	1	FALSE	FALSE	FALSE	1	UNRESOLVED_EXPRESSION
CMAKE_CXX_CL_SHOWINCLUDES_PREFIX	F:/~dev/rawrxd/certbuild/CMakeFiles/4.4.2/CMakeCXXCompiler.cmake	88	${CMAKE_CXX_CL_SHOWINCLUDES_PREFIX}	${CMAKE_CXX_CL_SHOWINCLUDES_PREFIX}	UNRESOLVED_EXPRESSION	1	FALSE	FALSE	FALSE	1	UNRESOLVED_EXPRESSION
CMAKE_CXX_CL_SHOWINCLUDES_PREFIX	F:/~dev/rawrxd/cmlink/CMakeFiles/4.4.2/CMakeCXXCompiler.cmake	88	${CMAKE_CXX_CL_SHOWINCLUDES_PREFIX}	${CMAKE_CXX_CL_SHOWINCLUDES_PREFIX}	UNRESOLVED_EXPRESSION	1	FALSE	FALSE	FALSE	1	UNRESOLVED_EXPRESSION
CMAKE_CXX_CL_SHOWINCLUDES_PREFIX	F:/~dev/rawrxd/win32ide_strict/build/CMakeFiles/4.4.2/CMakeCXXCompiler.cmake	88	${CMAKE_CXX_CL_SHOWINCLUDES_PREFIX}	${CMAKE_CXX_CL_SHOWINCLUDES_PREFIX}	UNRESOLVED_EXPRESSION	1	FALSE	FALSE	FALSE	1	UNRESOLVED_EXPRESSION
CMAKE_CXX_CL_SHOWINCLUDES_PREFIX	F:/~dev/rawrxd/win32ide_strict/build_v2/CMakeFiles/4.4.2/CMakeCXXCompiler.cmake	88	${CMAKE_CXX_CL_SHOWINCLUDES_PREFIX}	${CMAKE_CXX_CL_SHOWINCLUDES_PREFIX}	UNRESOLVED_EXPRESSION	1	FALSE	FALSE	FALSE	1	UNRESOLVED_EXPRESSION
CMAKE_CXX_CL_SHOWINCLUDES_PREFIX	F:/~dev/rawrxd/win32ide_strict/build_v4/CMakeFiles/4.4.2/CMakeCXXCompiler.cmake	88	${CMAKE_CXX_CL_SHOWINCLUDES_PREFIX}	${CMAKE_CXX_CL_SHOWINCLUDES_PREFIX}	UNRESOLVED_EXPRESSION	1	FALSE	FALSE	FALSE	1	UNRESOLVED_EXPRESSION
CMAKE_CXX_COMPILER	F:/~dev/rawrxd/cmake/RawrXD_CustomCompiler.cmake	10	${RAWRXD_CXX_COMPILER}	${RAWRXD_CXX_COMPILER}	UNRESOLVED_EXPRESSION	1	FALSE	FALSE	FALSE	1	UNRESOLVED_EXPRESSION
CMAKE_CXX_COMPILER	F:/~dev/rawrxd/cmake/RawrXD_CustomCompiler.cmake	6	${RAWRXD_CXX_COMPILER}	${RAWRXD_CXX_COMPILER}	UNRESOLVED_EXPRESSION	1	FALSE	FALSE	FALSE	0	UNRESOLVED_EXPRESSION
CMAKE_CXX_COMPILER	F:/~dev/rawrxd/cmake/RawrXD_CustomCompiler.cmake	8	${RAWRXD_C_COMPILER}	${RAWRXD_C_COMPILER}	UNRESOLVED_EXPRESSION	1	FALSE	FALSE	FALSE	1	UNRESOLVED_EXPRESSION
CMAKE_CXX_IGNORE_EXTENSIONS	F:/~dev/rawrxd/build/CMakeFiles/4.4.2/CMakeCXXCompiler.cmake	57	lis  REMOVE_ITEM CMAKE_CXX_SOURCE_FILE_EXTENSIONS ${ex ension}	list REMOVE_ITEM CMAKE_CXX_SOURCE_FILE_EXTENSIONS ${extension}	UNRESOLVED_EXPRESSION	1	FALSE	FALSE	FALSE	0	UNRESOLVED_EXPRESSION
CMAKE_CXX_IGNORE_EXTENSIONS	F:/~dev/rawrxd/build2/CMakeFiles/4.4.2/CMakeCXXCompiler.cmake	57	lis  REMOVE_ITEM CMAKE_CXX_SOURCE_FILE_EXTENSIONS ${ex ension}	list REMOVE_ITEM CMAKE_CXX_SOURCE_FILE_EXTENSIONS ${extension}	UNRESOLVED_EXPRESSION	1	FALSE	FALSE	FALSE	0	UNRESOLVED_EXPRESSION
CMAKE_CXX_IGNORE_EXTENSIONS	F:/~dev/rawrxd/build_bench/out/CMakeFiles/4.4.2/CMakeCXXCompiler.cmake	57	lis  REMOVE_ITEM CMAKE_CXX_SOURCE_FILE_EXTENSIONS ${ex ension}	list REMOVE_ITEM CMAKE_CXX_SOURCE_FILE_EXTENSIONS ${extension}	UNRESOLVED_EXPRESSION	1	FALSE	FALSE	FALSE	0	UNRESOLVED_EXPRESSION
CMAKE_CXX_IGNORE_EXTENSIONS	F:/~dev/rawrxd/build_clean_n1/CMakeFiles/4.4.2/CMakeCXXCompiler.cmake	57	lis  REMOVE_ITEM CMAKE_CXX_SOURCE_FILE_EXTENSIONS ${ex ension}	list REMOVE_ITEM CMAKE_CXX_SOURCE_FILE_EXTENSIONS ${extension}	UNRESOLVED_EXPRESSION	1	FALSE	FALSE	FALSE	0	UNRESOLVED_EXPRESSION
CMAKE_CXX_IGNORE_EXTENSIONS	F:/~dev/rawrxd/build_clean_test/CMakeFiles/4.4.2/CMakeCXXCompiler.cmake	57	lis  REMOVE_ITEM CMAKE_CXX_SOURCE_FILE_EXTENSIONS ${ex ension}	list REMOVE_ITEM CMAKE_CXX_SOURCE_FILE_EXTENSIONS ${extension}	UNRESOLVED_EXPRESSION	1	FALSE	FALSE	FALSE	0	UNRESOLVED_EXPRESSION
CMAKE_CXX_IGNORE_EXTENSIONS	F:/~dev/rawrxd/build_clean_test3/CMakeFiles/4.4.2/CMakeCXXCompiler.cmake	57	lis  REMOVE_ITEM CMAKE_CXX_SOURCE_FILE_EXTENSIONS ${ex ension}	list REMOVE_ITEM CMAKE_CXX_SOURCE_FILE_EXTENSIONS ${extension}	UNRESOLVED_EXPRESSION	1	FALSE	FALSE	FALSE	0	UNRESOLVED_EXPRESSION
CMAKE_CXX_IGNORE_EXTENSIONS	F:/~dev/rawrxd/build_clean_test5/CMakeFiles/4.4.2/CMakeCXXCompiler.cmake	57	lis  REMOVE_ITEM CMAKE_CXX_SOURCE_FILE_EXTENSIONS ${ex ension}	list REMOVE_ITEM CMAKE_CXX_SOURCE_FILE_EXTENSIONS ${extension}	UNRESOLVED_EXPRESSION	1	FALSE	FALSE	FALSE	0	UNRESOLVED_EXPRESSION
CMAKE_CXX_IGNORE_EXTENSIONS	F:/~dev/rawrxd/build_clean_test6/CMakeFiles/4.4.2/CMakeCXXCompiler.cmake	57	lis  REMOVE_ITEM CMAKE_CXX_SOURCE_FILE_EXTENSIONS ${ex ension}	list REMOVE_ITEM CMAKE_CXX_SOURCE_FILE_EXTENSIONS ${extension}	UNRESOLVED_EXPRESSION	1	FALSE	FALSE	FALSE	0	UNRESOLVED_EXPRESSION
CMAKE_CXX_IGNORE_EXTENSIONS	F:/~dev/rawrxd/build_clean_test7/CMakeFiles/4.4.2/CMakeCXXCompiler.cmake	57	lis  REMOVE_ITEM CMAKE_CXX_SOURCE_FILE_EXTENSIONS ${ex ension}	list REMOVE_ITEM CMAKE_CXX_SOURCE_FILE_EXTENSIONS ${extension}	UNRESOLVED_EXPRESSION	1	FALSE	FALSE	FALSE	0	UNRESOLVED_EXPRESSION
CMAKE_CXX_IGNORE_EXTENSIONS	F:/~dev/rawrxd/build_d2adopt/CMakeFiles/4.4.2/CMakeCXXCompiler.cmake	57	lis  REMOVE_ITEM CMAKE_CXX_SOURCE_FILE_EXTENSIONS ${ex ension}	list REMOVE_ITEM CMAKE_CXX_SOURCE_FILE_EXTENSIONS ${extension}	UNRESOLVED_EXPRESSION	1	FALSE	FALSE	FALSE	0	UNRESOLVED_EXPRESSION
CMAKE_CXX_IGNORE_EXTENSIONS	F:/~dev/rawrxd/build_embed_parity/CMakeFiles/4.4.2/CMakeCXXCompiler.cmake	57	lis  REMOVE_ITEM CMAKE_CXX_SOURCE_FILE_EXTENSIONS ${ex ension}	list REMOVE_ITEM CMAKE_CXX_SOURCE_FILE_EXTENSIONS ${extension}	UNRESOLVED_EXPRESSION	1	FALSE	FALSE	FALSE	0	UNRESOLVED_EXPRESSION
CMAKE_CXX_IGNORE_EXTENSIONS	F:/~dev/rawrxd/build_evidence/CMakeFiles/4.4.2/CMakeCXXCompiler.cmake	57	lis  REMOVE_ITEM CMAKE_CXX_SOURCE_FILE_EXTENSIONS ${ex ension}	list REMOVE_ITEM CMAKE_CXX_SOURCE_FILE_EXTENSIONS ${extension}	UNRESOLVED_EXPRESSION	1	FALSE	FALSE	FALSE	0	UNRESOLVED_EXPRESSION
CMAKE_CXX_IGNORE_EXTENSIONS	F:/~dev/rawrxd/build_ide/CMakeFiles/4.4.2/CMakeCXXCompiler.cmake	57	lis  REMOVE_ITEM CMAKE_CXX_SOURCE_FILE_EXTENSIONS ${ex ension}	list REMOVE_ITEM CMAKE_CXX_SOURCE_FILE_EXTENSIONS ${extension}	UNRESOLVED_EXPRESSION	1	FALSE	FALSE	FALSE	0	UNRESOLVED_EXPRESSION
CMAKE_CXX_IGNORE_EXTENSIONS	F:/~dev/rawrxd/build_ide_audit/CMakeFiles/4.4.2/CMakeCXXCompiler.cmake	57	lis  REMOVE_ITEM CMAKE_CXX_SOURCE_FILE_EXTENSIONS ${ex ension}	list REMOVE_ITEM CMAKE_CXX_SOURCE_FILE_EXTENSIONS ${extension}	UNRESOLVED_EXPRESSION	1	FALSE	FALSE	FALSE	0	UNRESOLVED_EXPRESSION
CMAKE_CXX_IGNORE_EXTENSIONS	F:/~dev/rawrxd/build_ide_cert/CMakeFiles/4.4.2/CMakeCXXCompiler.cmake	57	lis  REMOVE_ITEM CMAKE_CXX_SOURCE_FILE_EXTENSIONS ${ex ension}	list REMOVE_ITEM CMAKE_CXX_SOURCE_FILE_EXTENSIONS ${extension}	UNRESOLVED_EXPRESSION	1	FALSE	FALSE	FALSE	0	UNRESOLVED_EXPRESSION
CMAKE_CXX_IGNORE_EXTENSIONS	F:/~dev/rawrxd/build_ide_test/CMakeFiles/4.4.2/CMakeCXXCompiler.cmake	57	lis  REMOVE_ITEM CMAKE_CXX_SOURCE_FILE_EXTENSIONS ${ex ension}	list REMOVE_ITEM CMAKE_CXX_SOURCE_FILE_EXTENSIONS ${extension}	UNRESOLVED_EXPRESSION	1	FALSE	FALSE	FALSE	0	UNRESOLVED_EXPRESSION
CMAKE_CXX_IGNORE_EXTENSIONS	F:/~dev/rawrxd/build_ninja_release/CMakeFiles/4.4.2/CMakeCXXCompiler.cmake	57	lis  REMOVE_ITEM CMAKE_CXX_SOURCE_FILE_EXTENSIONS ${ex ension}	list REMOVE_ITEM CMAKE_CXX_SOURCE_FILE_EXTENSIONS ${extension}	UNRESOLVED_EXPRESSION	1	FALSE	FALSE	FALSE	0	UNRESOLVED_EXPRESSION
CMAKE_CXX_IGNORE_EXTENSIONS	F:/~dev/rawrxd/build_p1pra_prod/CMakeFiles/4.4.2/CMakeCXXCompiler.cmake	57	lis  REMOVE_ITEM CMAKE_CXX_SOURCE_FILE_EXTENSIONS ${ex ension}	list REMOVE_ITEM CMAKE_CXX_SOURCE_FILE_EXTENSIONS ${extension}	UNRESOLVED_EXPRESSION	1	FALSE	FALSE	FALSE	0	UNRESOLVED_EXPRESSION
CMAKE_CXX_IGNORE_EXTENSIONS	F:/~dev/rawrxd/build_p1pra_win32ide_ninja/CMakeFiles/4.4.2/CMakeCXXCompiler.cmake	57	lis  REMOVE_ITEM CMAKE_CXX_SOURCE_FILE_EXTENSIONS ${ex ension}	list REMOVE_ITEM CMAKE_CXX_SOURCE_FILE_EXTENSIONS ${extension}	UNRESOLVED_EXPRESSION	1	FALSE	FALSE	FALSE	0	UNRESOLVED_EXPRESSION
CMAKE_CXX_IGNORE_EXTENSIONS	F:/~dev/rawrxd/build_p2/CMakeFiles/4.4.2/CMakeCXXCompiler.cmake	57	lis  REMOVE_ITEM CMAKE_CXX_SOURCE_FILE_EXTENSIONS ${ex ension}	list REMOVE_ITEM CMAKE_CXX_SOURCE_FILE_EXTENSIONS ${extension}	UNRESOLVED_EXPRESSION	1	FALSE	FALSE	FALSE	0	UNRESOLVED_EXPRESSION
CMAKE_CXX_IGNORE_EXTENSIONS	F:/~dev/rawrxd/build_p2_fresh/CMakeFiles/4.4.2/CMakeCXXCompiler.cmake	57	lis  REMOVE_ITEM CMAKE_CXX_SOURCE_FILE_EXTENSIONS ${ex ension}	list REMOVE_ITEM CMAKE_CXX_SOURCE_FILE_EXTENSIONS ${extension}	UNRESOLVED_EXPRESSION	1	FALSE	FALSE	FALSE	0	UNRESOLVED_EXPRESSION
CMAKE_CXX_IGNORE_EXTENSIONS	F:/~dev/rawrxd/build_parity/CMakeFiles/4.4.2/CMakeCXXCompiler.cmake	57	lis  REMOVE_ITEM CMAKE_CXX_SOURCE_FILE_EXTENSIONS ${ex ension}	list REMOVE_ITEM CMAKE_CXX_SOURCE_FILE_EXTENSIONS ${extension}	UNRESOLVED_EXPRESSION	1	FALSE	FALSE	FALSE	0	UNRESOLVED_EXPRESSION
CMAKE_CXX_IGNORE_EXTENSIONS	F:/~dev/rawrxd/build_permissive_ide_audit/CMakeFiles/4.4.2/CMakeCXXCompiler.cmake	57	lis  REMOVE_ITEM CMAKE_CXX_SOURCE_FILE_EXTENSIONS ${ex ension}	list REMOVE_ITEM CMAKE_CXX_SOURCE_FILE_EXTENSIONS ${extension}	UNRESOLVED_EXPRESSION	1	FALSE	FALSE	FALSE	0	UNRESOLVED_EXPRESSION
CMAKE_CXX_IGNORE_EXTENSIONS	F:/~dev/rawrxd/build_prod_gate/CMakeFiles/4.4.2/CMakeCXXCompiler.cmake	57	lis  REMOVE_ITEM CMAKE_CXX_SOURCE_FILE_EXTENSIONS ${ex ension}	list REMOVE_ITEM CMAKE_CXX_SOURCE_FILE_EXTENSIONS ${extension}	UNRESOLVED_EXPRESSION	1	FALSE	FALSE	FALSE	0	UNRESOLVED_EXPRESSION
CMAKE_CXX_IGNORE_EXTENSIONS	F:/~dev/rawrxd/build_prod_gate2/CMakeFiles/4.4.2/CMakeCXXCompiler.cmake	57	lis  REMOVE_ITEM CMAKE_CXX_SOURCE_FILE_EXTENSIONS ${ex ension}	list REMOVE_ITEM CMAKE_CXX_SOURCE_FILE_EXTENSIONS ${extension}	UNRESOLVED_EXPRESSION	1	FALSE	FALSE	FALSE	0	UNRESOLVED_EXPRESSION
CMAKE_CXX_IGNORE_EXTENSIONS	F:/~dev/rawrxd/build_remote64_verify/CMakeFiles/4.4.2/CMakeCXXCompiler.cmake	57	lis  REMOVE_ITEM CMAKE_CXX_SOURCE_FILE_EXTENSIONS ${ex ension}	list REMOVE_ITEM CMAKE_CXX_SOURCE_FILE_EXTENSIONS ${extension}	UNRESOLVED_EXPRESSION	1	FALSE	FALSE	FALSE	0	UNRESOLVED_EXPRESSION
CMAKE_CXX_IGNORE_EXTENSIONS	F:/~dev/rawrxd/build_repointel/CMakeFiles/4.4.2/CMakeCXXCompiler.cmake	57	lis  REMOVE_ITEM CMAKE_CXX_SOURCE_FILE_EXTENSIONS ${ex ension}	list REMOVE_ITEM CMAKE_CXX_SOURCE_FILE_EXTENSIONS ${extension}	UNRESOLVED_EXPRESSION	1	FALSE	FALSE	FALSE	0	UNRESOLVED_EXPRESSION
CMAKE_CXX_IGNORE_EXTENSIONS	F:/~dev/rawrxd/build_response_coded_agent/CMakeFiles/4.4.2/CMakeCXXCompiler.cmake	57	lis  REMOVE_ITEM CMAKE_CXX_SOURCE_FILE_EXTENSIONS ${ex ension}	list REMOVE_ITEM CMAKE_CXX_SOURCE_FILE_EXTENSIONS ${extension}	UNRESOLVED_EXPRESSION	1	FALSE	FALSE	FALSE	0	UNRESOLVED_EXPRESSION
CMAKE_CXX_IGNORE_EXTENSIONS	F:/~dev/rawrxd/build_single_writer_authority/CMakeFiles/4.4.2/CMakeCXXCompiler.cmake	57	lis  REMOVE_ITEM CMAKE_CXX_SOURCE_FILE_EXTENSIONS ${ex ension}	list REMOVE_ITEM CMAKE_CXX_SOURCE_FILE_EXTENSIONS ${extension}	UNRESOLVED_EXPRESSION	1	FALSE	FALSE	FALSE	0	UNRESOLVED_EXPRESSION
CMAKE_CXX_IGNORE_EXTENSIONS	F:/~dev/rawrxd/build_strict_audit/CMakeFiles/4.4.2/CMakeCXXCompiler.cmake	57	lis  REMOVE_ITEM CMAKE_CXX_SOURCE_FILE_EXTENSIONS ${ex ension}	list REMOVE_ITEM CMAKE_CXX_SOURCE_FILE_EXTENSIONS ${extension}	UNRESOLVED_EXPRESSION	1	FALSE	FALSE	FALSE	0	UNRESOLVED_EXPRESSION
CMAKE_CXX_IGNORE_EXTENSIONS	F:/~dev/rawrxd/build_strict_ide_audit/CMakeFiles/4.4.2/CMakeCXXCompiler.cmake	57	lis  REMOVE_ITEM CMAKE_CXX_SOURCE_FILE_EXTENSIONS ${ex ension}	list REMOVE_ITEM CMAKE_CXX_SOURCE_FILE_EXTENSIONS ${extension}	UNRESOLVED_EXPRESSION	1	FALSE	FALSE	FALSE	0	UNRESOLVED_EXPRESSION
CMAKE_CXX_IGNORE_EXTENSIONS	F:/~dev/rawrxd/build_test_clean/CMakeFiles/4.4.2/CMakeCXXCompiler.cmake	57	lis  REMOVE_ITEM CMAKE_CXX_SOURCE_FILE_EXTENSIONS ${ex ension}	list REMOVE_ITEM CMAKE_CXX_SOURCE_FILE_EXTENSIONS ${extension}	UNRESOLVED_EXPRESSION	1	FALSE	FALSE	FALSE	0	UNRESOLVED_EXPRESSION
CMAKE_CXX_IGNORE_EXTENSIONS	F:/~dev/rawrxd/build_test_clean2/CMakeFiles/4.4.2/CMakeCXXCompiler.cmake	57	lis  REMOVE_ITEM CMAKE_CXX_SOURCE_FILE_EXTENSIONS ${ex ension}	list REMOVE_ITEM CMAKE_CXX_SOURCE_FILE_EXTENSIONS ${extension}	UNRESOLVED_EXPRESSION	1	FALSE	FALSE	FALSE	0	UNRESOLVED_EXPRESSION
CMAKE_CXX_IGNORE_EXTENSIONS	F:/~dev/rawrxd/build_test_clean3/CMakeFiles/4.4.2/CMakeCXXCompiler.cmake	57	lis  REMOVE_ITEM CMAKE_CXX_SOURCE_FILE_EXTENSIONS ${ex ension}	list REMOVE_ITEM CMAKE_CXX_SOURCE_FILE_EXTENSIONS ${extension}	UNRESOLVED_EXPRESSION	1	FALSE	FALSE	FALSE	0	UNRESOLVED_EXPRESSION
CMAKE_CXX_IGNORE_EXTENSIONS	F:/~dev/rawrxd/build_w1/CMakeFiles/4.4.2/CMakeCXXCompiler.cmake	57	lis  REMOVE_ITEM CMAKE_CXX_SOURCE_FILE_EXTENSIONS ${ex ension}	list REMOVE_ITEM CMAKE_CXX_SOURCE_FILE_EXTENSIONS ${extension}	UNRESOLVED_EXPRESSION	1	FALSE	FALSE	FALSE	0	UNRESOLVED_EXPRESSION
CMAKE_CXX_IGNORE_EXTENSIONS	F:/~dev/rawrxd/certbuild/CMakeFiles/4.4.2/CMakeCXXCompiler.cmake	57	lis  REMOVE_ITEM CMAKE_CXX_SOURCE_FILE_EXTENSIONS ${ex ension}	list REMOVE_ITEM CMAKE_CXX_SOURCE_FILE_EXTENSIONS ${extension}	UNRESOLVED_EXPRESSION	1	FALSE	FALSE	FALSE	0	UNRESOLVED_EXPRESSION
CMAKE_CXX_IGNORE_EXTENSIONS	F:/~dev/rawrxd/cmlink/CMakeFiles/4.4.2/CMakeCXXCompiler.cmake	57	lis  REMOVE_ITEM CMAKE_CXX_SOURCE_FILE_EXTENSIONS ${ex ension}	list REMOVE_ITEM CMAKE_CXX_SOURCE_FILE_EXTENSIONS ${extension}	UNRESOLVED_EXPRESSION	1	FALSE	FALSE	FALSE	0	UNRESOLVED_EXPRESSION
CMAKE_CXX_IGNORE_EXTENSIONS	F:/~dev/rawrxd/win32ide_strict/build/CMakeFiles/4.4.2/CMakeCXXCompiler.cmake	57	lis  REMOVE_ITEM CMAKE_CXX_SOURCE_FILE_EXTENSIONS ${ex ension}	list REMOVE_ITEM CMAKE_CXX_SOURCE_FILE_EXTENSIONS ${extension}	UNRESOLVED_EXPRESSION	1	FALSE	FALSE	FALSE	0	UNRESOLVED_EXPRESSION
CMAKE_CXX_IGNORE_EXTENSIONS	F:/~dev/rawrxd/win32ide_strict/build_v2/CMakeFiles/4.4.2/CMakeCXXCompiler.cmake	57	lis  REMOVE_ITEM CMAKE_CXX_SOURCE_FILE_EXTENSIONS ${ex ension}	list REMOVE_ITEM CMAKE_CXX_SOURCE_FILE_EXTENSIONS ${extension}	UNRESOLVED_EXPRESSION	1	FALSE	FALSE	FALSE	0	UNRESOLVED_EXPRESSION
CMAKE_CXX_IGNORE_EXTENSIONS	F:/~dev/rawrxd/win32ide_strict/build_v4/CMakeFiles/4.4.2/CMakeCXXCompiler.cmake	57	lis  REMOVE_ITEM CMAKE_CXX_SOURCE_FILE_EXTENSIONS ${ex ension}	list REMOVE_ITEM CMAKE_CXX_SOURCE_FILE_EXTENSIONS ${extension}	UNRESOLVED_EXPRESSION	1	FALSE	FALSE	FALSE	0	UNRESOLVED_EXPRESSION
CMAKE_CXX_INCLUDE_REGEX_COMPLAIN	F:/~dev/rawrxd/build_embed_parity/CMakeFiles/CMakeDirectoryInformation.cmake	13	se  CMAKE_CXX_INCLUDE_REGEX_COMPLAIN ${CMAKE_C_INCLUDE_REGEX_COMPLAIN}	set CMAKE_CXX_INCLUDE_REGEX_COMPLAIN ${CMAKE_C_INCLUDE_REGEX_COMPLAIN}	UNRESOLVED_EXPRESSION	1	FALSE	FALSE	FALSE	0	UNRESOLVED_EXPRESSION
CMAKE_CXX_INCLUDE_REGEX_COMPLAIN	F:/~dev/rawrxd/build_embed_parity/rguf_source/CMakeFiles/CMakeDirectoryInformation.cmake	13	se  CMAKE_CXX_INCLUDE_REGEX_COMPLAIN ${CMAKE_C_INCLUDE_REGEX_COMPLAIN}	set CMAKE_CXX_INCLUDE_REGEX_COMPLAIN ${CMAKE_C_INCLUDE_REGEX_COMPLAIN}	UNRESOLVED_EXPRESSION	1	FALSE	FALSE	FALSE	0	UNRESOLVED_EXPRESSION
CMAKE_CXX_INCLUDE_REGEX_COMPLAIN	F:/~dev/rawrxd/build_embed_parity/src/ceo/CMakeFiles/CMakeDirectoryInformation.cmake	13	se  CMAKE_CXX_INCLUDE_REGEX_COMPLAIN ${CMAKE_C_INCLUDE_REGEX_COMPLAIN}	set CMAKE_CXX_INCLUDE_REGEX_COMPLAIN ${CMAKE_C_INCLUDE_REGEX_COMPLAIN}	UNRESOLVED_EXPRESSION	1	FALSE	FALSE	FALSE	0	UNRESOLVED_EXPRESSION
CMAKE_CXX_INCLUDE_REGEX_COMPLAIN	F:/~dev/rawrxd/build_embed_parity/src/generation/CMakeFiles/CMakeDirectoryInformation.cmake	13	se  CMAKE_CXX_INCLUDE_REGEX_COMPLAIN ${CMAKE_C_INCLUDE_REGEX_COMPLAIN}	set CMAKE_CXX_INCLUDE_REGEX_COMPLAIN ${CMAKE_C_INCLUDE_REGEX_COMPLAIN}	UNRESOLVED_EXPRESSION	1	FALSE	FALSE	FALSE	0	UNRESOLVED_EXPRESSION
CMAKE_CXX_INCLUDE_REGEX_COMPLAIN	F:/~dev/rawrxd/build_embed_parity/src/repository/CMakeFiles/CMakeDirectoryInformation.cmake	13	se  CMAKE_CXX_INCLUDE_REGEX_COMPLAIN ${CMAKE_C_INCLUDE_REGEX_COMPLAIN}	set CMAKE_CXX_INCLUDE_REGEX_COMPLAIN ${CMAKE_C_INCLUDE_REGEX_COMPLAIN}	UNRESOLVED_EXPRESSION	1	FALSE	FALSE	FALSE	0	UNRESOLVED_EXPRESSION
CMAKE_CXX_INCLUDE_REGEX_COMPLAIN	F:/~dev/rawrxd/build_embed_parity/src/reverse_engineering/CMakeFiles/CMakeDirectoryInformation.cmake	13	se  CMAKE_CXX_INCLUDE_REGEX_COMPLAIN ${CMAKE_C_INCLUDE_REGEX_COMPLAIN}	set CMAKE_CXX_INCLUDE_REGEX_COMPLAIN ${CMAKE_C_INCLUDE_REGEX_COMPLAIN}	UNRESOLVED_EXPRESSION	1	FALSE	FALSE	FALSE	0	UNRESOLVED_EXPRESSION
CMAKE_CXX_INCLUDE_REGEX_SCAN	F:/~dev/rawrxd/build_embed_parity/CMakeFiles/CMakeDirectoryInformation.cmake	12	se  CMAKE_CXX_INCLUDE_REGEX_SCAN ${CMAKE_C_INCLUDE_REGEX_SCAN}	set CMAKE_CXX_INCLUDE_REGEX_SCAN ${CMAKE_C_INCLUDE_REGEX_SCAN}	UNRESOLVED_EXPRESSION	1	FALSE	FALSE	FALSE	0	UNRESOLVED_EXPRESSION
CMAKE_CXX_INCLUDE_REGEX_SCAN	F:/~dev/rawrxd/build_embed_parity/rguf_source/CMakeFiles/CMakeDirectoryInformation.cmake	12	se  CMAKE_CXX_INCLUDE_REGEX_SCAN ${CMAKE_C_INCLUDE_REGEX_SCAN}	set CMAKE_CXX_INCLUDE_REGEX_SCAN ${CMAKE_C_INCLUDE_REGEX_SCAN}	UNRESOLVED_EXPRESSION	1	FALSE	FALSE	FALSE	0	UNRESOLVED_EXPRESSION
CMAKE_CXX_INCLUDE_REGEX_SCAN	F:/~dev/rawrxd/build_embed_parity/src/ceo/CMakeFiles/CMakeDirectoryInformation.cmake	12	se  CMAKE_CXX_INCLUDE_REGEX_SCAN ${CMAKE_C_INCLUDE_REGEX_SCAN}	set CMAKE_CXX_INCLUDE_REGEX_SCAN ${CMAKE_C_INCLUDE_REGEX_SCAN}	UNRESOLVED_EXPRESSION	1	FALSE	FALSE	FALSE	0	UNRESOLVED_EXPRESSION
CMAKE_CXX_INCLUDE_REGEX_SCAN	F:/~dev/rawrxd/build_embed_parity/src/generation/CMakeFiles/CMakeDirectoryInformation.cmake	12	se  CMAKE_CXX_INCLUDE_REGEX_SCAN ${CMAKE_C_INCLUDE_REGEX_SCAN}	set CMAKE_CXX_INCLUDE_REGEX_SCAN ${CMAKE_C_INCLUDE_REGEX_SCAN}	UNRESOLVED_EXPRESSION	1	FALSE	FALSE	FALSE	0	UNRESOLVED_EXPRESSION
CMAKE_CXX_INCLUDE_REGEX_SCAN	F:/~dev/rawrxd/build_embed_parity/src/repository/CMakeFiles/CMakeDirectoryInformation.cmake	12	se  CMAKE_CXX_INCLUDE_REGEX_SCAN ${CMAKE_C_INCLUDE_REGEX_SCAN}	set CMAKE_CXX_INCLUDE_REGEX_SCAN ${CMAKE_C_INCLUDE_REGEX_SCAN}	UNRESOLVED_EXPRESSION	1	FALSE	FALSE	FALSE	0	UNRESOLVED_EXPRESSION
CMAKE_CXX_INCLUDE_REGEX_SCAN	F:/~dev/rawrxd/build_embed_parity/src/reverse_engineering/CMakeFiles/CMakeDirectoryInformation.cmake	12	se  CMAKE_CXX_INCLUDE_REGEX_SCAN ${CMAKE_C_INCLUDE_REGEX_SCAN}	set CMAKE_CXX_INCLUDE_REGEX_SCAN ${CMAKE_C_INCLUDE_REGEX_SCAN}	UNRESOLVED_EXPRESSION	1	FALSE	FALSE	FALSE	0	UNRESOLVED_EXPRESSION
CMAKE_CXX_LIBRARY_ARCHITECTURE	F:/~dev/rawrxd/build/CMakeFiles/4.4.2/CMakeCXXCompiler.cmake	75	${CMAKE_CXX_SIZEOF_DATA_PTR}	${CMAKE_CXX_SIZEOF_DATA_PTR}	UNRESOLVED_EXPRESSION	1	FALSE	FALSE	FALSE	1	UNRESOLVED_EXPRESSION
CMAKE_CXX_LIBRARY_ARCHITECTURE	F:/~dev/rawrxd/build/CMakeFiles/4.4.2/CMakeCXXCompiler.cmake	79	${CMAKE_CXX_COMPILER_ABI}	${CMAKE_CXX_COMPILER_ABI}	UNRESOLVED_EXPRESSION	1	FALSE	FALSE	FALSE	1	UNRESOLVED_EXPRESSION
CMAKE_CXX_LIBRARY_ARCHITECTURE	F:/~dev/rawrxd/build2/CMakeFiles/4.4.2/CMakeCXXCompiler.cmake	75	${CMAKE_CXX_SIZEOF_DATA_PTR}	${CMAKE_CXX_SIZEOF_DATA_PTR}	UNRESOLVED_EXPRESSION	1	FALSE	FALSE	FALSE	1	UNRESOLVED_EXPRESSION
CMAKE_CXX_LIBRARY_ARCHITECTURE	F:/~dev/rawrxd/build2/CMakeFiles/4.4.2/CMakeCXXCompiler.cmake	79	${CMAKE_CXX_COMPILER_ABI}	${CMAKE_CXX_COMPILER_ABI}	UNRESOLVED_EXPRESSION	1	FALSE	FALSE	FALSE	1	UNRESOLVED_EXPRESSION
CMAKE_CXX_LIBRARY_ARCHITECTURE	F:/~dev/rawrxd/build_bench/out/CMakeFiles/4.4.2/CMakeCXXCompiler.cmake	75	${CMAKE_CXX_SIZEOF_DATA_PTR}	${CMAKE_CXX_SIZEOF_DATA_PTR}	UNRESOLVED_EXPRESSION	1	FALSE	FALSE	FALSE	1	UNRESOLVED_EXPRESSION
CMAKE_CXX_LIBRARY_ARCHITECTURE	F:/~dev/rawrxd/build_bench/out/CMakeFiles/4.4.2/CMakeCXXCompiler.cmake	79	${CMAKE_CXX_COMPILER_ABI}	${CMAKE_CXX_COMPILER_ABI}	UNRESOLVED_EXPRESSION	1	FALSE	FALSE	FALSE	1	UNRESOLVED_EXPRESSION
CMAKE_CXX_LIBRARY_ARCHITECTURE	F:/~dev/rawrxd/build_clean_n1/CMakeFiles/4.4.2/CMakeCXXCompiler.cmake	75	${CMAKE_CXX_SIZEOF_DATA_PTR}	${CMAKE_CXX_SIZEOF_DATA_PTR}	UNRESOLVED_EXPRESSION	1	FALSE	FALSE	FALSE	1	UNRESOLVED_EXPRESSION
CMAKE_CXX_LIBRARY_ARCHITECTURE	F:/~dev/rawrxd/build_clean_n1/CMakeFiles/4.4.2/CMakeCXXCompiler.cmake	79	${CMAKE_CXX_COMPILER_ABI}	${CMAKE_CXX_COMPILER_ABI}	UNRESOLVED_EXPRESSION	1	FALSE	FALSE	FALSE	1	UNRESOLVED_EXPRESSION
CMAKE_CXX_LIBRARY_ARCHITECTURE	F:/~dev/rawrxd/build_clean_test/CMakeFiles/4.4.2/CMakeCXXCompiler.cmake	75	${CMAKE_CXX_SIZEOF_DATA_PTR}	${CMAKE_CXX_SIZEOF_DATA_PTR}	UNRESOLVED_EXPRESSION	1	FALSE	FALSE	FALSE	1	UNRESOLVED_EXPRESSION
CMAKE_CXX_LIBRARY_ARCHITECTURE	F:/~dev/rawrxd/build_clean_test/CMakeFiles/4.4.2/CMakeCXXCompiler.cmake	79	${CMAKE_CXX_COMPILER_ABI}	${CMAKE_CXX_COMPILER_ABI}	UNRESOLVED_EXPRESSION	1	FALSE	FALSE	FALSE	1	UNRESOLVED_EXPRESSION
CMAKE_CXX_LIBRARY_ARCHITECTURE	F:/~dev/rawrxd/build_clean_test3/CMakeFiles/4.4.2/CMakeCXXCompiler.cmake	75	${CMAKE_CXX_SIZEOF_DATA_PTR}	${CMAKE_CXX_SIZEOF_DATA_PTR}	UNRESOLVED_EXPRESSION	1	FALSE	FALSE	FALSE	1	UNRESOLVED_EXPRESSION
CMAKE_CXX_LIBRARY_ARCHITECTURE	F:/~dev/rawrxd/build_clean_test3/CMakeFiles/4.4.2/CMakeCXXCompiler.cmake	79	${CMAKE_CXX_COMPILER_ABI}	${CMAKE_CXX_COMPILER_ABI}	UNRESOLVED_EXPRESSION	1	FALSE	FALSE	FALSE	1	UNRESOLVED_EXPRESSION
CMAKE_CXX_LIBRARY_ARCHITECTURE	F:/~dev/rawrxd/build_clean_test5/CMakeFiles/4.4.2/CMakeCXXCompiler.cmake	75	${CMAKE_CXX_SIZEOF_DATA_PTR}	${CMAKE_CXX_SIZEOF_DATA_PTR}	UNRESOLVED_EXPRESSION	1	FALSE	FALSE	FALSE	1	UNRESOLVED_EXPRESSION
CMAKE_CXX_LIBRARY_ARCHITECTURE	F:/~dev/rawrxd/build_clean_test5/CMakeFiles/4.4.2/CMakeCXXCompiler.cmake	79	${CMAKE_CXX_COMPILER_ABI}	${CMAKE_CXX_COMPILER_ABI}	UNRESOLVED_EXPRESSION	1	FALSE	FALSE	FALSE	1	UNRESOLVED_EXPRESSION
CMAKE_CXX_LIBRARY_ARCHITECTURE	F:/~dev/rawrxd/build_clean_test6/CMakeFiles/4.4.2/CMakeCXXCompiler.cmake	75	${CMAKE_CXX_SIZEOF_DATA_PTR}	${CMAKE_CXX_SIZEOF_DATA_PTR}	UNRESOLVED_EXPRESSION	1	FALSE	FALSE	FALSE	1	UNRESOLVED_EXPRESSION
CMAKE_CXX_LIBRARY_ARCHITECTURE	F:/~dev/rawrxd/build_clean_test6/CMakeFiles/4.4.2/CMakeCXXCompiler.cmake	79	${CMAKE_CXX_COMPILER_ABI}	${CMAKE_CXX_COMPILER_ABI}	UNRESOLVED_EXPRESSION	1	FALSE	FALSE	FALSE	1	UNRESOLVED_EXPRESSION
CMAKE_CXX_LIBRARY_ARCHITECTURE	F:/~dev/rawrxd/build_clean_test7/CMakeFiles/4.4.2/CMakeCXXCompiler.cmake	75	${CMAKE_CXX_SIZEOF_DATA_PTR}	${CMAKE_CXX_SIZEOF_DATA_PTR}	UNRESOLVED_EXPRESSION	1	FALSE	FALSE	FALSE	1	UNRESOLVED_EXPRESSION
CMAKE_CXX_LIBRARY_ARCHITECTURE	F:/~dev/rawrxd/build_clean_test7/CMakeFiles/4.4.2/CMakeCXXCompiler.cmake	79	${CMAKE_CXX_COMPILER_ABI}	${CMAKE_CXX_COMPILER_ABI}	UNRESOLVED_EXPRESSION	1	FALSE	FALSE	FALSE	1	UNRESOLVED_EXPRESSION
CMAKE_CXX_LIBRARY_ARCHITECTURE	F:/~dev/rawrxd/build_d2adopt/CMakeFiles/4.4.2/CMakeCXXCompiler.cmake	75	${CMAKE_CXX_SIZEOF_DATA_PTR}	${CMAKE_CXX_SIZEOF_DATA_PTR}	UNRESOLVED_EXPRESSION	1	FALSE	FALSE	FALSE	1	UNRESOLVED_EXPRESSION
CMAKE_CXX_LIBRARY_ARCHITECTURE	F:/~dev/rawrxd/build_d2adopt/CMakeFiles/4.4.2/CMakeCXXCompiler.cmake	79	${CMAKE_CXX_COMPILER_ABI}	${CMAKE_CXX_COMPILER_ABI}	UNRESOLVED_EXPRESSION	1	FALSE	FALSE	FALSE	1	UNRESOLVED_EXPRESSION
CMAKE_CXX_LIBRARY_ARCHITECTURE	F:/~dev/rawrxd/build_embed_parity/CMakeFiles/4.4.2/CMakeCXXCompiler.cmake	75	${CMAKE_CXX_SIZEOF_DATA_PTR}	${CMAKE_CXX_SIZEOF_DATA_PTR}	UNRESOLVED_EXPRESSION	1	FALSE	FALSE	FALSE	1	UNRESOLVED_EXPRESSION
CMAKE_CXX_LIBRARY_ARCHITECTURE	F:/~dev/rawrxd/build_embed_parity/CMakeFiles/4.4.2/CMakeCXXCompiler.cmake	79	${CMAKE_CXX_COMPILER_ABI}	${CMAKE_CXX_COMPILER_ABI}	UNRESOLVED_EXPRESSION	1	FALSE	FALSE	FALSE	1	UNRESOLVED_EXPRESSION
CMAKE_CXX_LIBRARY_ARCHITECTURE	F:/~dev/rawrxd/build_evidence/CMakeFiles/4.4.2/CMakeCXXCompiler.cmake	75	${CMAKE_CXX_SIZEOF_DATA_PTR}	${CMAKE_CXX_SIZEOF_DATA_PTR}	UNRESOLVED_EXPRESSION	1	FALSE	FALSE	FALSE	1	UNRESOLVED_EXPRESSION
CMAKE_CXX_LIBRARY_ARCHITECTURE	F:/~dev/rawrxd/build_evidence/CMakeFiles/4.4.2/CMakeCXXCompiler.cmake	79	${CMAKE_CXX_COMPILER_ABI}	${CMAKE_CXX_COMPILER_ABI}	UNRESOLVED_EXPRESSION	1	FALSE	FALSE	FALSE	1	UNRESOLVED_EXPRESSION
CMAKE_CXX_LIBRARY_ARCHITECTURE	F:/~dev/rawrxd/build_ide/CMakeFiles/4.4.2/CMakeCXXCompiler.cmake	75	${CMAKE_CXX_SIZEOF_DATA_PTR}	${CMAKE_CXX_SIZEOF_DATA_PTR}	UNRESOLVED_EXPRESSION	1	FALSE	FALSE	FALSE	1	UNRESOLVED_EXPRESSION
CMAKE_CXX_LIBRARY_ARCHITECTURE	F:/~dev/rawrxd/build_ide/CMakeFiles/4.4.2/CMakeCXXCompiler.cmake	79	${CMAKE_CXX_COMPILER_ABI}	${CMAKE_CXX_COMPILER_ABI}	UNRESOLVED_EXPRESSION	1	FALSE	FALSE	FALSE	1	UNRESOLVED_EXPRESSION
CMAKE_CXX_LIBRARY_ARCHITECTURE	F:/~dev/rawrxd/build_ide_audit/CMakeFiles/4.4.2/CMakeCXXCompiler.cmake	75	${CMAKE_CXX_SIZEOF_DATA_PTR}	${CMAKE_CXX_SIZEOF_DATA_PTR}	UNRESOLVED_EXPRESSION	1	FALSE	FALSE	FALSE	1	UNRESOLVED_EXPRESSION
CMAKE_CXX_LIBRARY_ARCHITECTURE	F:/~dev/rawrxd/build_ide_audit/CMakeFiles/4.4.2/CMakeCXXCompiler.cmake	79	${CMAKE_CXX_COMPILER_ABI}	${CMAKE_CXX_COMPILER_ABI}	UNRESOLVED_EXPRESSION	1	FALSE	FALSE	FALSE	1	UNRESOLVED_EXPRESSION
CMAKE_CXX_LIBRARY_ARCHITECTURE	F:/~dev/rawrxd/build_ide_cert/CMakeFiles/4.4.2/CMakeCXXCompiler.cmake	75	${CMAKE_CXX_SIZEOF_DATA_PTR}	${CMAKE_CXX_SIZEOF_DATA_PTR}	UNRESOLVED_EXPRESSION	1	FALSE	FALSE	FALSE	1	UNRESOLVED_EXPRESSION
CMAKE_CXX_LIBRARY_ARCHITECTURE	F:/~dev/rawrxd/build_ide_cert/CMakeFiles/4.4.2/CMakeCXXCompiler.cmake	79	${CMAKE_CXX_COMPILER_ABI}	${CMAKE_CXX_COMPILER_ABI}	UNRESOLVED_EXPRESSION	1	FALSE	FALSE	FALSE	1	UNRESOLVED_EXPRESSION
CMAKE_CXX_LIBRARY_ARCHITECTURE	F:/~dev/rawrxd/build_ide_test/CMakeFiles/4.4.2/CMakeCXXCompiler.cmake	75	${CMAKE_CXX_SIZEOF_DATA_PTR}	${CMAKE_CXX_SIZEOF_DATA_PTR}	UNRESOLVED_EXPRESSION	1	FALSE	FALSE	FALSE	1	UNRESOLVED_EXPRESSION
CMAKE_CXX_LIBRARY_ARCHITECTURE	F:/~dev/rawrxd/build_ide_test/CMakeFiles/4.4.2/CMakeCXXCompiler.cmake	79	${CMAKE_CXX_COMPILER_ABI}	${CMAKE_CXX_COMPILER_ABI}	UNRESOLVED_EXPRESSION	1	FALSE	FALSE	FALSE	1	UNRESOLVED_EXPRESSION
CMAKE_CXX_LIBRARY_ARCHITECTURE	F:/~dev/rawrxd/build_ninja_release/CMakeFiles/4.4.2/CMakeCXXCompiler.cmake	75	${CMAKE_CXX_SIZEOF_DATA_PTR}	${CMAKE_CXX_SIZEOF_DATA_PTR}	UNRESOLVED_EXPRESSION	1	FALSE	FALSE	FALSE	1	UNRESOLVED_EXPRESSION
CMAKE_CXX_LIBRARY_ARCHITECTURE	F:/~dev/rawrxd/build_ninja_release/CMakeFiles/4.4.2/CMakeCXXCompiler.cmake	79	${CMAKE_CXX_COMPILER_ABI}	${CMAKE_CXX_COMPILER_ABI}	UNRESOLVED_EXPRESSION	1	FALSE	FALSE	FALSE	1	UNRESOLVED_EXPRESSION
CMAKE_CXX_LIBRARY_ARCHITECTURE	F:/~dev/rawrxd/build_p1pra_prod/CMakeFiles/4.4.2/CMakeCXXCompiler.cmake	75	${CMAKE_CXX_SIZEOF_DATA_PTR}	${CMAKE_CXX_SIZEOF_DATA_PTR}	UNRESOLVED_EXPRESSION	1	FALSE	FALSE	FALSE	1	UNRESOLVED_EXPRESSION
CMAKE_CXX_LIBRARY_ARCHITECTURE	F:/~dev/rawrxd/build_p1pra_prod/CMakeFiles/4.4.2/CMakeCXXCompiler.cmake	79	${CMAKE_CXX_COMPILER_ABI}	${CMAKE_CXX_COMPILER_ABI}	UNRESOLVED_EXPRESSION	1	FALSE	FALSE	FALSE	1	UNRESOLVED_EXPRESSION
CMAKE_CXX_LIBRARY_ARCHITECTURE	F:/~dev/rawrxd/build_p1pra_win32ide_ninja/CMakeFiles/4.4.2/CMakeCXXCompiler.cmake	75	${CMAKE_CXX_SIZEOF_DATA_PTR}	${CMAKE_CXX_SIZEOF_DATA_PTR}	UNRESOLVED_EXPRESSION	1	FALSE	FALSE	FALSE	1	UNRESOLVED_EXPRESSION
CMAKE_CXX_LIBRARY_ARCHITECTURE	F:/~dev/rawrxd/build_p1pra_win32ide_ninja/CMakeFiles/4.4.2/CMakeCXXCompiler.cmake	79	${CMAKE_CXX_COMPILER_ABI}	${CMAKE_CXX_COMPILER_ABI}	UNRESOLVED_EXPRESSION	1	FALSE	FALSE	FALSE	1	UNRESOLVED_EXPRESSION
CMAKE_CXX_LIBRARY_ARCHITECTURE	F:/~dev/rawrxd/build_p2/CMakeFiles/4.4.2/CMakeCXXCompiler.cmake	75	${CMAKE_CXX_SIZEOF_DATA_PTR}	${CMAKE_CXX_SIZEOF_DATA_PTR}	UNRESOLVED_EXPRESSION	1	FALSE	FALSE	FALSE	1	UNRESOLVED_EXPRESSION
CMAKE_CXX_LIBRARY_ARCHITECTURE	F:/~dev/rawrxd/build_p2/CMakeFiles/4.4.2/CMakeCXXCompiler.cmake	79	${CMAKE_CXX_COMPILER_ABI}	${CMAKE_CXX_COMPILER_ABI}	UNRESOLVED_EXPRESSION	1	FALSE	FALSE	FALSE	1	UNRESOLVED_EXPRESSION
CMAKE_CXX_LIBRARY_ARCHITECTURE	F:/~dev/rawrxd/build_p2_fresh/CMakeFiles/4.4.2/CMakeCXXCompiler.cmake	75	${CMAKE_CXX_SIZEOF_DATA_PTR}	${CMAKE_CXX_SIZEOF_DATA_PTR}	UNRESOLVED_EXPRESSION	1	FALSE	FALSE	FALSE	1	UNRESOLVED_EXPRESSION
CMAKE_CXX_LIBRARY_ARCHITECTURE	F:/~dev/rawrxd/build_p2_fresh/CMakeFiles/4.4.2/CMakeCXXCompiler.cmake	79	${CMAKE_CXX_COMPILER_ABI}	${CMAKE_CXX_COMPILER_ABI}	UNRESOLVED_EXPRESSION	1	FALSE	FALSE	FALSE	1	UNRESOLVED_EXPRESSION
CMAKE_CXX_LIBRARY_ARCHITECTURE	F:/~dev/rawrxd/build_parity/CMakeFiles/4.4.2/CMakeCXXCompiler.cmake	75	${CMAKE_CXX_SIZEOF_DATA_PTR}	${CMAKE_CXX_SIZEOF_DATA_PTR}	UNRESOLVED_EXPRESSION	1	FALSE	FALSE	FALSE	1	UNRESOLVED_EXPRESSION
CMAKE_CXX_LIBRARY_ARCHITECTURE	F:/~dev/rawrxd/build_parity/CMakeFiles/4.4.2/CMakeCXXCompiler.cmake	79	${CMAKE_CXX_COMPILER_ABI}	${CMAKE_CXX_COMPILER_ABI}	UNRESOLVED_EXPRESSION	1	FALSE	FALSE	FALSE	1	UNRESOLVED_EXPRESSION
CMAKE_CXX_LIBRARY_ARCHITECTURE	F:/~dev/rawrxd/build_permissive_ide_audit/CMakeFiles/4.4.2/CMakeCXXCompiler.cmake	75	${CMAKE_CXX_SIZEOF_DATA_PTR}	${CMAKE_CXX_SIZEOF_DATA_PTR}	UNRESOLVED_EXPRESSION	1	FALSE	FALSE	FALSE	1	UNRESOLVED_EXPRESSION
CMAKE_CXX_LIBRARY_ARCHITECTURE	F:/~dev/rawrxd/build_permissive_ide_audit/CMakeFiles/4.4.2/CMakeCXXCompiler.cmake	79	${CMAKE_CXX_COMPILER_ABI}	${CMAKE_CXX_COMPILER_ABI}	UNRESOLVED_EXPRESSION	1	FALSE	FALSE	FALSE	1	UNRESOLVED_EXPRESSION
CMAKE_CXX_LIBRARY_ARCHITECTURE	F:/~dev/rawrxd/build_prod_gate/CMakeFiles/4.4.2/CMakeCXXCompiler.cmake	75	${CMAKE_CXX_SIZEOF_DATA_PTR}	${CMAKE_CXX_SIZEOF_DATA_PTR}	UNRESOLVED_EXPRESSION	1	FALSE	FALSE	FALSE	1	UNRESOLVED_EXPRESSION
CMAKE_CXX_LIBRARY_ARCHITECTURE	F:/~dev/rawrxd/build_prod_gate/CMakeFiles/4.4.2/CMakeCXXCompiler.cmake	79	${CMAKE_CXX_COMPILER_ABI}	${CMAKE_CXX_COMPILER_ABI}	UNRESOLVED_EXPRESSION	1	FALSE	FALSE	FALSE	1	UNRESOLVED_EXPRESSION
CMAKE_CXX_LIBRARY_ARCHITECTURE	F:/~dev/rawrxd/build_prod_gate2/CMakeFiles/4.4.2/CMakeCXXCompiler.cmake	75	${CMAKE_CXX_SIZEOF_DATA_PTR}	${CMAKE_CXX_SIZEOF_DATA_PTR}	UNRESOLVED_EXPRESSION	1	FALSE	FALSE	FALSE	1	UNRESOLVED_EXPRESSION
CMAKE_CXX_LIBRARY_ARCHITECTURE	F:/~dev/rawrxd/build_prod_gate2/CMakeFiles/4.4.2/CMakeCXXCompiler.cmake	79	${CMAKE_CXX_COMPILER_ABI}	${CMAKE_CXX_COMPILER_ABI}	UNRESOLVED_EXPRESSION	1	FALSE	FALSE	FALSE	1	UNRESOLVED_EXPRESSION
CMAKE_CXX_LIBRARY_ARCHITECTURE	F:/~dev/rawrxd/build_remote64_verify/CMakeFiles/4.4.2/CMakeCXXCompiler.cmake	75	${CMAKE_CXX_SIZEOF_DATA_PTR}	${CMAKE_CXX_SIZEOF_DATA_PTR}	UNRESOLVED_EXPRESSION	1	FALSE	FALSE	FALSE	1	UNRESOLVED_EXPRESSION
CMAKE_CXX_LIBRARY_ARCHITECTURE	F:/~dev/rawrxd/build_remote64_verify/CMakeFiles/4.4.2/CMakeCXXCompiler.cmake	79	${CMAKE_CXX_COMPILER_ABI}	${CMAKE_CXX_COMPILER_ABI}	UNRESOLVED_EXPRESSION	1	FALSE	FALSE	FALSE	1	UNRESOLVED_EXPRESSION
CMAKE_CXX_LIBRARY_ARCHITECTURE	F:/~dev/rawrxd/build_repointel/CMakeFiles/4.4.2/CMakeCXXCompiler.cmake	75	${CMAKE_CXX_SIZEOF_DATA_PTR}	${CMAKE_CXX_SIZEOF_DATA_PTR}	UNRESOLVED_EXPRESSION	1	FALSE	FALSE	FALSE	1	UNRESOLVED_EXPRESSION
CMAKE_CXX_LIBRARY_ARCHITECTURE	F:/~dev/rawrxd/build_repointel/CMakeFiles/4.4.2/CMakeCXXCompiler.cmake	79	${CMAKE_CXX_COMPILER_ABI}	${CMAKE_CXX_COMPILER_ABI}	UNRESOLVED_EXPRESSION	1	FALSE	FALSE	FALSE	1	UNRESOLVED_EXPRESSION
CMAKE_CXX_LIBRARY_ARCHITECTURE	F:/~dev/rawrxd/build_response_coded_agent/CMakeFiles/4.4.2/CMakeCXXCompiler.cmake	75	${CMAKE_CXX_SIZEOF_DATA_PTR}	${CMAKE_CXX_SIZEOF_DATA_PTR}	UNRESOLVED_EXPRESSION	1	FALSE	FALSE	FALSE	1	UNRESOLVED_EXPRESSION
CMAKE_CXX_LIBRARY_ARCHITECTURE	F:/~dev/rawrxd/build_response_coded_agent/CMakeFiles/4.4.2/CMakeCXXCompiler.cmake	79	${CMAKE_CXX_COMPILER_ABI}	${CMAKE_CXX_COMPILER_ABI}	UNRESOLVED_EXPRESSION	1	FALSE	FALSE	FALSE	1	UNRESOLVED_EXPRESSION
CMAKE_CXX_LIBRARY_ARCHITECTURE	F:/~dev/rawrxd/build_single_writer_authority/CMakeFiles/4.4.2/CMakeCXXCompiler.cmake	75	${CMAKE_CXX_SIZEOF_DATA_PTR}	${CMAKE_CXX_SIZEOF_DATA_PTR}	UNRESOLVED_EXPRESSION	1	FALSE	FALSE	FALSE	1	UNRESOLVED_EXPRESSION
CMAKE_CXX_LIBRARY_ARCHITECTURE	F:/~dev/rawrxd/build_single_writer_authority/CMakeFiles/4.4.2/CMakeCXXCompiler.cmake	79	${CMAKE_CXX_COMPILER_ABI}	${CMAKE_CXX_COMPILER_ABI}	UNRESOLVED_EXPRESSION	1	FALSE	FALSE	FALSE	1	UNRESOLVED_EXPRESSION
CMAKE_CXX_LIBRARY_ARCHITECTURE	F:/~dev/rawrxd/build_strict_audit/CMakeFiles/4.4.2/CMakeCXXCompiler.cmake	75	${CMAKE_CXX_SIZEOF_DATA_PTR}	${CMAKE_CXX_SIZEOF_DATA_PTR}	UNRESOLVED_EXPRESSION	1	FALSE	FALSE	FALSE	1	UNRESOLVED_EXPRESSION
CMAKE_CXX_LIBRARY_ARCHITECTURE	F:/~dev/rawrxd/build_strict_audit/CMakeFiles/4.4.2/CMakeCXXCompiler.cmake	79	${CMAKE_CXX_COMPILER_ABI}	${CMAKE_CXX_COMPILER_ABI}	UNRESOLVED_EXPRESSION	1	FALSE	FALSE	FALSE	1	UNRESOLVED_EXPRESSION
CMAKE_CXX_LIBRARY_ARCHITECTURE	F:/~dev/rawrxd/build_strict_ide_audit/CMakeFiles/4.4.2/CMakeCXXCompiler.cmake	75	${CMAKE_CXX_SIZEOF_DATA_PTR}	${CMAKE_CXX_SIZEOF_DATA_PTR}	UNRESOLVED_EXPRESSION	1	FALSE	FALSE	FALSE	1	UNRESOLVED_EXPRESSION
CMAKE_CXX_LIBRARY_ARCHITECTURE	F:/~dev/rawrxd/build_strict_ide_audit/CMakeFiles/4.4.2/CMakeCXXCompiler.cmake	79	${CMAKE_CXX_COMPILER_ABI}	${CMAKE_CXX_COMPILER_ABI}	UNRESOLVED_EXPRESSION	1	FALSE	FALSE	FALSE	1	UNRESOLVED_EXPRESSION
CMAKE_CXX_LIBRARY_ARCHITECTURE	F:/~dev/rawrxd/build_test_clean/CMakeFiles/4.4.2/CMakeCXXCompiler.cmake	75	${CMAKE_CXX_SIZEOF_DATA_PTR}	${CMAKE_CXX_SIZEOF_DATA_PTR}	UNRESOLVED_EXPRESSION	1	FALSE	FALSE	FALSE	1	UNRESOLVED_EXPRESSION
CMAKE_CXX_LIBRARY_ARCHITECTURE	F:/~dev/rawrxd/build_test_clean/CMakeFiles/4.4.2/CMakeCXXCompiler.cmake	79	${CMAKE_CXX_COMPILER_ABI}	${CMAKE_CXX_COMPILER_ABI}	UNRESOLVED_EXPRESSION	1	FALSE	FALSE	FALSE	1	UNRESOLVED_EXPRESSION
CMAKE_CXX_LIBRARY_ARCHITECTURE	F:/~dev/rawrxd/build_test_clean2/CMakeFiles/4.4.2/CMakeCXXCompiler.cmake	75	${CMAKE_CXX_SIZEOF_DATA_PTR}	${CMAKE_CXX_SIZEOF_DATA_PTR}	UNRESOLVED_EXPRESSION	1	FALSE	FALSE	FALSE	1	UNRESOLVED_EXPRESSION
CMAKE_CXX_LIBRARY_ARCHITECTURE	F:/~dev/rawrxd/build_test_clean2/CMakeFiles/4.4.2/CMakeCXXCompiler.cmake	79	${CMAKE_CXX_COMPILER_ABI}	${CMAKE_CXX_COMPILER_ABI}	UNRESOLVED_EXPRESSION	1	FALSE	FALSE	FALSE	1	UNRESOLVED_EXPRESSION
CMAKE_CXX_LIBRARY_ARCHITECTURE	F:/~dev/rawrxd/build_test_clean3/CMakeFiles/4.4.2/CMakeCXXCompiler.cmake	75	${CMAKE_CXX_SIZEOF_DATA_PTR}	${CMAKE_CXX_SIZEOF_DATA_PTR}	UNRESOLVED_EXPRESSION	1	FALSE	FALSE	FALSE	1	UNRESOLVED_EXPRESSION
CMAKE_CXX_LIBRARY_ARCHITECTURE	F:/~dev/rawrxd/build_test_clean3/CMakeFiles/4.4.2/CMakeCXXCompiler.cmake	79	${CMAKE_CXX_COMPILER_ABI}	${CMAKE_CXX_COMPILER_ABI}	UNRESOLVED_EXPRESSION	1	FALSE	FALSE	FALSE	1	UNRESOLVED_EXPRESSION
CMAKE_CXX_LIBRARY_ARCHITECTURE	F:/~dev/rawrxd/build_w1/CMakeFiles/4.4.2/CMakeCXXCompiler.cmake	75	${CMAKE_CXX_SIZEOF_DATA_PTR}	${CMAKE_CXX_SIZEOF_DATA_PTR}	UNRESOLVED_EXPRESSION	1	FALSE	FALSE	FALSE	1	UNRESOLVED_EXPRESSION
CMAKE_CXX_LIBRARY_ARCHITECTURE	F:/~dev/rawrxd/build_w1/CMakeFiles/4.4.2/CMakeCXXCompiler.cmake	79	${CMAKE_CXX_COMPILER_ABI}	${CMAKE_CXX_COMPILER_ABI}	UNRESOLVED_EXPRESSION	1	FALSE	FALSE	FALSE	1	UNRESOLVED_EXPRESSION
CMAKE_CXX_LIBRARY_ARCHITECTURE	F:/~dev/rawrxd/certbuild/CMakeFiles/4.4.2/CMakeCXXCompiler.cmake	75	${CMAKE_CXX_SIZEOF_DATA_PTR}	${CMAKE_CXX_SIZEOF_DATA_PTR}	UNRESOLVED_EXPRESSION	1	FALSE	FALSE	FALSE	1	UNRESOLVED_EXPRESSION
CMAKE_CXX_LIBRARY_ARCHITECTURE	F:/~dev/rawrxd/certbuild/CMakeFiles/4.4.2/CMakeCXXCompiler.cmake	79	${CMAKE_CXX_COMPILER_ABI}	${CMAKE_CXX_COMPILER_ABI}	UNRESOLVED_EXPRESSION	1	FALSE	FALSE	FALSE	1	UNRESOLVED_EXPRESSION
CMAKE_CXX_LIBRARY_ARCHITECTURE	F:/~dev/rawrxd/cmlink/CMakeFiles/4.4.2/CMakeCXXCompiler.cmake	75	${CMAKE_CXX_SIZEOF_DATA_PTR}	${CMAKE_CXX_SIZEOF_DATA_PTR}	UNRESOLVED_EXPRESSION	1	FALSE	FALSE	FALSE	1	UNRESOLVED_EXPRESSION
CMAKE_CXX_LIBRARY_ARCHITECTURE	F:/~dev/rawrxd/cmlink/CMakeFiles/4.4.2/CMakeCXXCompiler.cmake	79	${CMAKE_CXX_COMPILER_ABI}	${CMAKE_CXX_COMPILER_ABI}	UNRESOLVED_EXPRESSION	1	FALSE	FALSE	FALSE	1	UNRESOLVED_EXPRESSION
CMAKE_CXX_LIBRARY_ARCHITECTURE	F:/~dev/rawrxd/win32ide_strict/build/CMakeFiles/4.4.2/CMakeCXXCompiler.cmake	75	${CMAKE_CXX_SIZEOF_DATA_PTR}	${CMAKE_CXX_SIZEOF_DATA_PTR}	UNRESOLVED_EXPRESSION	1	FALSE	FALSE	FALSE	1	UNRESOLVED_EXPRESSION
CMAKE_CXX_LIBRARY_ARCHITECTURE	F:/~dev/rawrxd/win32ide_strict/build/CMakeFiles/4.4.2/CMakeCXXCompiler.cmake	79	${CMAKE_CXX_COMPILER_ABI}	${CMAKE_CXX_COMPILER_ABI}	UNRESOLVED_EXPRESSION	1	FALSE	FALSE	FALSE	1	UNRESOLVED_EXPRESSION
CMAKE_CXX_LIBRARY_ARCHITECTURE	F:/~dev/rawrxd/win32ide_strict/build_v2/CMakeFiles/4.4.2/CMakeCXXCompiler.cmake	75	${CMAKE_CXX_SIZEOF_DATA_PTR}	${CMAKE_CXX_SIZEOF_DATA_PTR}	UNRESOLVED_EXPRESSION	1	FALSE	FALSE	FALSE	1	UNRESOLVED_EXPRESSION
CMAKE_CXX_LIBRARY_ARCHITECTURE	F:/~dev/rawrxd/win32ide_strict/build_v2/CMakeFiles/4.4.2/CMakeCXXCompiler.cmake	79	${CMAKE_CXX_COMPILER_ABI}	${CMAKE_CXX_COMPILER_ABI}	UNRESOLVED_EXPRESSION	1	FALSE	FALSE	FALSE	1	UNRESOLVED_EXPRESSION
CMAKE_CXX_LIBRARY_ARCHITECTURE	F:/~dev/rawrxd/win32ide_strict/build_v4/CMakeFiles/4.4.2/CMakeCXXCompiler.cmake	75	${CMAKE_CXX_SIZEOF_DATA_PTR}	${CMAKE_CXX_SIZEOF_DATA_PTR}	UNRESOLVED_EXPRESSION	1	FALSE	FALSE	FALSE	1	UNRESOLVED_EXPRESSION
CMAKE_CXX_LIBRARY_ARCHITECTURE	F:/~dev/rawrxd/win32ide_strict/build_v4/CMakeFiles/4.4.2/CMakeCXXCompiler.cmake	79	${CMAKE_CXX_COMPILER_ABI}	${CMAKE_CXX_COMPILER_ABI}	UNRESOLVED_EXPRESSION	1	FALSE	FALSE	FALSE	1	UNRESOLVED_EXPRESSION
CMAKE_CXX_STANDARD_REQUIRED	F:/~dev/rawrxd/win32ide_strict/CMakeLists.txt	21	add_execu able ${PROJECT_NAME} WIN32	add_executable ${PROJECT_NAME} WIN32	UNRESOLVED_EXPRESSION	1	FALSE	FALSE	FALSE	0	UNRESOLVED_EXPRESSION
CMAKE_CXX_STANDARD_REQUIRED	F:/~dev/rawrxd/win32ide_strict/CMakeLists.txt	41	 arge _sources ${PROJECT_NAME} PRIVATE	target_sources ${PROJECT_NAME} PRIVATE	UNRESOLVED_EXPRESSION	1	FALSE	FALSE	FALSE	0	UNRESOLVED_EXPRESSION
CMAKE_C_CL_SHOWINCLUDES_PREFIX	F:/~dev/rawrxd/build/CMakeFiles/4.4.2/CMakeCCompiler.cmake	76	${CMAKE_C_CL_SHOWINCLUDES_PREFIX}	${CMAKE_C_CL_SHOWINCLUDES_PREFIX}	UNRESOLVED_EXPRESSION	1	FALSE	FALSE	FALSE	1	UNRESOLVED_EXPRESSION
CMAKE_C_CL_SHOWINCLUDES_PREFIX	F:/~dev/rawrxd/build2/CMakeFiles/4.4.2/CMakeCCompiler.cmake	76	${CMAKE_C_CL_SHOWINCLUDES_PREFIX}	${CMAKE_C_CL_SHOWINCLUDES_PREFIX}	UNRESOLVED_EXPRESSION	1	FALSE	FALSE	FALSE	1	UNRESOLVED_EXPRESSION
CMAKE_C_CL_SHOWINCLUDES_PREFIX	F:/~dev/rawrxd/build_clean_n1/CMakeFiles/4.4.2/CMakeCCompiler.cmake	76	${CMAKE_C_CL_SHOWINCLUDES_PREFIX}	${CMAKE_C_CL_SHOWINCLUDES_PREFIX}	UNRESOLVED_EXPRESSION	1	FALSE	FALSE	FALSE	1	UNRESOLVED_EXPRESSION
CMAKE_C_CL_SHOWINCLUDES_PREFIX	F:/~dev/rawrxd/build_clean_test/CMakeFiles/4.4.2/CMakeCCompiler.cmake	76	${CMAKE_C_CL_SHOWINCLUDES_PREFIX}	${CMAKE_C_CL_SHOWINCLUDES_PREFIX}	UNRESOLVED_EXPRESSION	1	FALSE	FALSE	FALSE	1	UNRESOLVED_EXPRESSION
CMAKE_C_CL_SHOWINCLUDES_PREFIX	F:/~dev/rawrxd/build_clean_test3/CMakeFiles/4.4.2/CMakeCCompiler.cmake	76	${CMAKE_C_CL_SHOWINCLUDES_PREFIX}	${CMAKE_C_CL_SHOWINCLUDES_PREFIX}	UNRESOLVED_EXPRESSION	1	FALSE	FALSE	FALSE	1	UNRESOLVED_EXPRESSION
CMAKE_C_CL_SHOWINCLUDES_PREFIX	F:/~dev/rawrxd/build_clean_test5/CMakeFiles/4.4.2/CMakeCCompiler.cmake	76	${CMAKE_C_CL_SHOWINCLUDES_PREFIX}	${CMAKE_C_CL_SHOWINCLUDES_PREFIX}	UNRESOLVED_EXPRESSION	1	FALSE	FALSE	FALSE	1	UNRESOLVED_EXPRESSION
CMAKE_C_CL_SHOWINCLUDES_PREFIX	F:/~dev/rawrxd/build_clean_test6/CMakeFiles/4.4.2/CMakeCCompiler.cmake	76	${CMAKE_C_CL_SHOWINCLUDES_PREFIX}	${CMAKE_C_CL_SHOWINCLUDES_PREFIX}	UNRESOLVED_EXPRESSION	1	FALSE	FALSE	FALSE	1	UNRESOLVED_EXPRESSION
CMAKE_C_CL_SHOWINCLUDES_PREFIX	F:/~dev/rawrxd/build_clean_test7/CMakeFiles/4.4.2/CMakeCCompiler.cmake	76	${CMAKE_C_CL_SHOWINCLUDES_PREFIX}	${CMAKE_C_CL_SHOWINCLUDES_PREFIX}	UNRESOLVED_EXPRESSION	1	FALSE	FALSE	FALSE	1	UNRESOLVED_EXPRESSION
CMAKE_C_CL_SHOWINCLUDES_PREFIX	F:/~dev/rawrxd/build_d2adopt/CMakeFiles/4.4.2/CMakeCCompiler.cmake	76	${CMAKE_C_CL_SHOWINCLUDES_PREFIX}	${CMAKE_C_CL_SHOWINCLUDES_PREFIX}	UNRESOLVED_EXPRESSION	1	FALSE	FALSE	FALSE	1	UNRESOLVED_EXPRESSION
CMAKE_C_CL_SHOWINCLUDES_PREFIX	F:/~dev/rawrxd/build_embed_parity/CMakeFiles/4.4.2/CMakeCCompiler.cmake	76	${CMAKE_C_CL_SHOWINCLUDES_PREFIX}	${CMAKE_C_CL_SHOWINCLUDES_PREFIX}	UNRESOLVED_EXPRESSION	1	FALSE	FALSE	FALSE	1	UNRESOLVED_EXPRESSION
CMAKE_C_CL_SHOWINCLUDES_PREFIX	F:/~dev/rawrxd/build_evidence/CMakeFiles/4.4.2/CMakeCCompiler.cmake	76	${CMAKE_C_CL_SHOWINCLUDES_PREFIX}	${CMAKE_C_CL_SHOWINCLUDES_PREFIX}	UNRESOLVED_EXPRESSION	1	FALSE	FALSE	FALSE	1	UNRESOLVED_EXPRESSION
CMAKE_C_CL_SHOWINCLUDES_PREFIX	F:/~dev/rawrxd/build_ide/CMakeFiles/4.4.2/CMakeCCompiler.cmake	76	${CMAKE_C_CL_SHOWINCLUDES_PREFIX}	${CMAKE_C_CL_SHOWINCLUDES_PREFIX}	UNRESOLVED_EXPRESSION	1	FALSE	FALSE	FALSE	1	UNRESOLVED_EXPRESSION
CMAKE_C_CL_SHOWINCLUDES_PREFIX	F:/~dev/rawrxd/build_ide_audit/CMakeFiles/4.4.2/CMakeCCompiler.cmake	76	${CMAKE_C_CL_SHOWINCLUDES_PREFIX}	${CMAKE_C_CL_SHOWINCLUDES_PREFIX}	UNRESOLVED_EXPRESSION	1	FALSE	FALSE	FALSE	1	UNRESOLVED_EXPRESSION
CMAKE_C_CL_SHOWINCLUDES_PREFIX	F:/~dev/rawrxd/build_ide_cert/CMakeFiles/4.4.2/CMakeCCompiler.cmake	76	${CMAKE_C_CL_SHOWINCLUDES_PREFIX}	${CMAKE_C_CL_SHOWINCLUDES_PREFIX}	UNRESOLVED_EXPRESSION	1	FALSE	FALSE	FALSE	1	UNRESOLVED_EXPRESSION
CMAKE_C_CL_SHOWINCLUDES_PREFIX	F:/~dev/rawrxd/build_ide_test/CMakeFiles/4.4.2/CMakeCCompiler.cmake	76	${CMAKE_C_CL_SHOWINCLUDES_PREFIX}	${CMAKE_C_CL_SHOWINCLUDES_PREFIX}	UNRESOLVED_EXPRESSION	1	FALSE	FALSE	FALSE	1	UNRESOLVED_EXPRESSION
CMAKE_C_CL_SHOWINCLUDES_PREFIX	F:/~dev/rawrxd/build_ninja_release/CMakeFiles/4.4.2/CMakeCCompiler.cmake	76	${CMAKE_C_CL_SHOWINCLUDES_PREFIX}	${CMAKE_C_CL_SHOWINCLUDES_PREFIX}	UNRESOLVED_EXPRESSION	1	FALSE	FALSE	FALSE	1	UNRESOLVED_EXPRESSION
CMAKE_C_CL_SHOWINCLUDES_PREFIX	F:/~dev/rawrxd/build_p1pra_prod/CMakeFiles/4.4.2/CMakeCCompiler.cmake	76	${CMAKE_C_CL_SHOWINCLUDES_PREFIX}	${CMAKE_C_CL_SHOWINCLUDES_PREFIX}	UNRESOLVED_EXPRESSION	1	FALSE	FALSE	FALSE	1	UNRESOLVED_EXPRESSION
CMAKE_C_CL_SHOWINCLUDES_PREFIX	F:/~dev/rawrxd/build_p1pra_win32ide_ninja/CMakeFiles/4.4.2/CMakeCCompiler.cmake	76	${CMAKE_C_CL_SHOWINCLUDES_PREFIX}	${CMAKE_C_CL_SHOWINCLUDES_PREFIX}	UNRESOLVED_EXPRESSION	1	FALSE	FALSE	FALSE	1	UNRESOLVED_EXPRESSION
CMAKE_C_CL_SHOWINCLUDES_PREFIX	F:/~dev/rawrxd/build_p2/CMakeFiles/4.4.2/CMakeCCompiler.cmake	76	${CMAKE_C_CL_SHOWINCLUDES_PREFIX}	${CMAKE_C_CL_SHOWINCLUDES_PREFIX}	UNRESOLVED_EXPRESSION	1	FALSE	FALSE	FALSE	1	UNRESOLVED_EXPRESSION
CMAKE_C_CL_SHOWINCLUDES_PREFIX	F:/~dev/rawrxd/build_p2_fresh/CMakeFiles/4.4.2/CMakeCCompiler.cmake	76	${CMAKE_C_CL_SHOWINCLUDES_PREFIX}	${CMAKE_C_CL_SHOWINCLUDES_PREFIX}	UNRESOLVED_EXPRESSION	1	FALSE	FALSE	FALSE	1	UNRESOLVED_EXPRESSION
CMAKE_C_CL_SHOWINCLUDES_PREFIX	F:/~dev/rawrxd/build_parity/CMakeFiles/4.4.2/CMakeCCompiler.cmake	76	${CMAKE_C_CL_SHOWINCLUDES_PREFIX}	${CMAKE_C_CL_SHOWINCLUDES_PREFIX}	UNRESOLVED_EXPRESSION	1	FALSE	FALSE	FALSE	1	UNRESOLVED_EXPRESSION
CMAKE_C_CL_SHOWINCLUDES_PREFIX	F:/~dev/rawrxd/build_permissive_ide_audit/CMakeFiles/4.4.2/CMakeCCompiler.cmake	76	${CMAKE_C_CL_SHOWINCLUDES_PREFIX}	${CMAKE_C_CL_SHOWINCLUDES_PREFIX}	UNRESOLVED_EXPRESSION	1	FALSE	FALSE	FALSE	1	UNRESOLVED_EXPRESSION
CMAKE_C_CL_SHOWINCLUDES_PREFIX	F:/~dev/rawrxd/build_prod_gate/CMakeFiles/4.4.2/CMakeCCompiler.cmake	76	${CMAKE_C_CL_SHOWINCLUDES_PREFIX}	${CMAKE_C_CL_SHOWINCLUDES_PREFIX}	UNRESOLVED_EXPRESSION	1	FALSE	FALSE	FALSE	1	UNRESOLVED_EXPRESSION
CMAKE_C_CL_SHOWINCLUDES_PREFIX	F:/~dev/rawrxd/build_prod_gate2/CMakeFiles/4.4.2/CMakeCCompiler.cmake	76	${CMAKE_C_CL_SHOWINCLUDES_PREFIX}	${CMAKE_C_CL_SHOWINCLUDES_PREFIX}	UNRESOLVED_EXPRESSION	1	FALSE	FALSE	FALSE	1	UNRESOLVED_EXPRESSION
CMAKE_C_CL_SHOWINCLUDES_PREFIX	F:/~dev/rawrxd/build_remote64_verify/CMakeFiles/4.4.2/CMakeCCompiler.cmake	76	${CMAKE_C_CL_SHOWINCLUDES_PREFIX}	${CMAKE_C_CL_SHOWINCLUDES_PREFIX}	UNRESOLVED_EXPRESSION	1	FALSE	FALSE	FALSE	1	UNRESOLVED_EXPRESSION
CMAKE_C_CL_SHOWINCLUDES_PREFIX	F:/~dev/rawrxd/build_repointel/CMakeFiles/4.4.2/CMakeCCompiler.cmake	76	${CMAKE_C_CL_SHOWINCLUDES_PREFIX}	${CMAKE_C_CL_SHOWINCLUDES_PREFIX}	UNRESOLVED_EXPRESSION	1	FALSE	FALSE	FALSE	1	UNRESOLVED_EXPRESSION
CMAKE_C_CL_SHOWINCLUDES_PREFIX	F:/~dev/rawrxd/build_response_coded_agent/CMakeFiles/4.4.2/CMakeCCompiler.cmake	76	${CMAKE_C_CL_SHOWINCLUDES_PREFIX}	${CMAKE_C_CL_SHOWINCLUDES_PREFIX}	UNRESOLVED_EXPRESSION	1	FALSE	FALSE	FALSE	1	UNRESOLVED_EXPRESSION
CMAKE_C_CL_SHOWINCLUDES_PREFIX	F:/~dev/rawrxd/build_single_writer_authority/CMakeFiles/4.4.2/CMakeCCompiler.cmake	76	${CMAKE_C_CL_SHOWINCLUDES_PREFIX}	${CMAKE_C_CL_SHOWINCLUDES_PREFIX}	UNRESOLVED_EXPRESSION	1	FALSE	FALSE	FALSE	1	UNRESOLVED_EXPRESSION
CMAKE_C_CL_SHOWINCLUDES_PREFIX	F:/~dev/rawrxd/build_strict_audit/CMakeFiles/4.4.2/CMakeCCompiler.cmake	76	${CMAKE_C_CL_SHOWINCLUDES_PREFIX}	${CMAKE_C_CL_SHOWINCLUDES_PREFIX}	UNRESOLVED_EXPRESSION	1	FALSE	FALSE	FALSE	1	UNRESOLVED_EXPRESSION
CMAKE_C_CL_SHOWINCLUDES_PREFIX	F:/~dev/rawrxd/build_strict_ide_audit/CMakeFiles/4.4.2/CMakeCCompiler.cmake	76	${CMAKE_C_CL_SHOWINCLUDES_PREFIX}	${CMAKE_C_CL_SHOWINCLUDES_PREFIX}	UNRESOLVED_EXPRESSION	1	FALSE	FALSE	FALSE	1	UNRESOLVED_EXPRESSION
CMAKE_C_CL_SHOWINCLUDES_PREFIX	F:/~dev/rawrxd/build_test_clean/CMakeFiles/4.4.2/CMakeCCompiler.cmake	76	${CMAKE_C_CL_SHOWINCLUDES_PREFIX}	${CMAKE_C_CL_SHOWINCLUDES_PREFIX}	UNRESOLVED_EXPRESSION	1	FALSE	FALSE	FALSE	1	UNRESOLVED_EXPRESSION
CMAKE_C_CL_SHOWINCLUDES_PREFIX	F:/~dev/rawrxd/build_test_clean2/CMakeFiles/4.4.2/CMakeCCompiler.cmake	76	${CMAKE_C_CL_SHOWINCLUDES_PREFIX}	${CMAKE_C_CL_SHOWINCLUDES_PREFIX}	UNRESOLVED_EXPRESSION	1	FALSE	FALSE	FALSE	1	UNRESOLVED_EXPRESSION
CMAKE_C_CL_SHOWINCLUDES_PREFIX	F:/~dev/rawrxd/build_test_clean3/CMakeFiles/4.4.2/CMakeCCompiler.cmake	76	${CMAKE_C_CL_SHOWINCLUDES_PREFIX}	${CMAKE_C_CL_SHOWINCLUDES_PREFIX}	UNRESOLVED_EXPRESSION	1	FALSE	FALSE	FALSE	1	UNRESOLVED_EXPRESSION
CMAKE_C_CL_SHOWINCLUDES_PREFIX	F:/~dev/rawrxd/build_w1/CMakeFiles/4.4.2/CMakeCCompiler.cmake	76	${CMAKE_C_CL_SHOWINCLUDES_PREFIX}	${CMAKE_C_CL_SHOWINCLUDES_PREFIX}	UNRESOLVED_EXPRESSION	1	FALSE	FALSE	FALSE	1	UNRESOLVED_EXPRESSION
CMAKE_C_CL_SHOWINCLUDES_PREFIX	F:/~dev/rawrxd/certbuild/CMakeFiles/4.4.2/CMakeCCompiler.cmake	76	${CMAKE_C_CL_SHOWINCLUDES_PREFIX}	${CMAKE_C_CL_SHOWINCLUDES_PREFIX}	UNRESOLVED_EXPRESSION	1	FALSE	FALSE	FALSE	1	UNRESOLVED_EXPRESSION
CMAKE_C_CL_SHOWINCLUDES_PREFIX	F:/~dev/rawrxd/cmlink/CMakeFiles/4.4.2/CMakeCCompiler.cmake	76	${CMAKE_C_CL_SHOWINCLUDES_PREFIX}	${CMAKE_C_CL_SHOWINCLUDES_PREFIX}	UNRESOLVED_EXPRESSION	1	FALSE	FALSE	FALSE	1	UNRESOLVED_EXPRESSION
CMAKE_C_INCLUDE_REGEX_SCAN	F:/~dev/rawrxd/build_embed_parity/CMakeFiles/CMakeDirectoryInformation.cmake	10	^.*$	^.*$	GLOB	1	FALSE	FALSE	FALSE	0	GLOB_EXPRESSION
CMAKE_C_INCLUDE_REGEX_SCAN	F:/~dev/rawrxd/build_embed_parity/rguf_source/CMakeFiles/CMakeDirectoryInformation.cmake	10	^.*$	^.*$	GLOB	1	FALSE	FALSE	FALSE	0	GLOB_EXPRESSION
CMAKE_C_INCLUDE_REGEX_SCAN	F:/~dev/rawrxd/build_embed_parity/src/ceo/CMakeFiles/CMakeDirectoryInformation.cmake	10	^.*$	^.*$	GLOB	1	FALSE	FALSE	FALSE	0	GLOB_EXPRESSION
CMAKE_C_INCLUDE_REGEX_SCAN	F:/~dev/rawrxd/build_embed_parity/src/generation/CMakeFiles/CMakeDirectoryInformation.cmake	10	^.*$	^.*$	GLOB	1	FALSE	FALSE	FALSE	0	GLOB_EXPRESSION
CMAKE_C_INCLUDE_REGEX_SCAN	F:/~dev/rawrxd/build_embed_parity/src/repository/CMakeFiles/CMakeDirectoryInformation.cmake	10	^.*$	^.*$	GLOB	1	FALSE	FALSE	FALSE	0	GLOB_EXPRESSION
CMAKE_C_INCLUDE_REGEX_SCAN	F:/~dev/rawrxd/build_embed_parity/src/reverse_engineering/CMakeFiles/CMakeDirectoryInformation.cmake	10	^.*$	^.*$	GLOB	1	FALSE	FALSE	FALSE	0	GLOB_EXPRESSION
CMAKE_C_LIBRARY_ARCHITECTURE	F:/~dev/rawrxd/build/CMakeFiles/4.4.2/CMakeCCompiler.cmake	63	${CMAKE_C_SIZEOF_DATA_PTR}	${CMAKE_C_SIZEOF_DATA_PTR}	UNRESOLVED_EXPRESSION	1	FALSE	FALSE	FALSE	1	UNRESOLVED_EXPRESSION
CMAKE_C_LIBRARY_ARCHITECTURE	F:/~dev/rawrxd/build/CMakeFiles/4.4.2/CMakeCCompiler.cmake	67	${CMAKE_C_COMPILER_ABI}	${CMAKE_C_COMPILER_ABI}	UNRESOLVED_EXPRESSION	1	FALSE	FALSE	FALSE	1	UNRESOLVED_EXPRESSION
CMAKE_C_LIBRARY_ARCHITECTURE	F:/~dev/rawrxd/build2/CMakeFiles/4.4.2/CMakeCCompiler.cmake	63	${CMAKE_C_SIZEOF_DATA_PTR}	${CMAKE_C_SIZEOF_DATA_PTR}	UNRESOLVED_EXPRESSION	1	FALSE	FALSE	FALSE	1	UNRESOLVED_EXPRESSION
CMAKE_C_LIBRARY_ARCHITECTURE	F:/~dev/rawrxd/build2/CMakeFiles/4.4.2/CMakeCCompiler.cmake	67	${CMAKE_C_COMPILER_ABI}	${CMAKE_C_COMPILER_ABI}	UNRESOLVED_EXPRESSION	1	FALSE	FALSE	FALSE	1	UNRESOLVED_EXPRESSION
CMAKE_C_LIBRARY_ARCHITECTURE	F:/~dev/rawrxd/build_clean_n1/CMakeFiles/4.4.2/CMakeCCompiler.cmake	63	${CMAKE_C_SIZEOF_DATA_PTR}	${CMAKE_C_SIZEOF_DATA_PTR}	UNRESOLVED_EXPRESSION	1	FALSE	FALSE	FALSE	1	UNRESOLVED_EXPRESSION
CMAKE_C_LIBRARY_ARCHITECTURE	F:/~dev/rawrxd/build_clean_n1/CMakeFiles/4.4.2/CMakeCCompiler.cmake	67	${CMAKE_C_COMPILER_ABI}	${CMAKE_C_COMPILER_ABI}	UNRESOLVED_EXPRESSION	1	FALSE	FALSE	FALSE	1	UNRESOLVED_EXPRESSION
CMAKE_C_LIBRARY_ARCHITECTURE	F:/~dev/rawrxd/build_clean_test/CMakeFiles/4.4.2/CMakeCCompiler.cmake	63	${CMAKE_C_SIZEOF_DATA_PTR}	${CMAKE_C_SIZEOF_DATA_PTR}	UNRESOLVED_EXPRESSION	1	FALSE	FALSE	FALSE	1	UNRESOLVED_EXPRESSION
CMAKE_C_LIBRARY_ARCHITECTURE	F:/~dev/rawrxd/build_clean_test/CMakeFiles/4.4.2/CMakeCCompiler.cmake	67	${CMAKE_C_COMPILER_ABI}	${CMAKE_C_COMPILER_ABI}	UNRESOLVED_EXPRESSION	1	FALSE	FALSE	FALSE	1	UNRESOLVED_EXPRESSION
CMAKE_C_LIBRARY_ARCHITECTURE	F:/~dev/rawrxd/build_clean_test3/CMakeFiles/4.4.2/CMakeCCompiler.cmake	63	${CMAKE_C_SIZEOF_DATA_PTR}	${CMAKE_C_SIZEOF_DATA_PTR}	UNRESOLVED_EXPRESSION	1	FALSE	FALSE	FALSE	1	UNRESOLVED_EXPRESSION
CMAKE_C_LIBRARY_ARCHITECTURE	F:/~dev/rawrxd/build_clean_test3/CMakeFiles/4.4.2/CMakeCCompiler.cmake	67	${CMAKE_C_COMPILER_ABI}	${CMAKE_C_COMPILER_ABI}	UNRESOLVED_EXPRESSION	1	FALSE	FALSE	FALSE	1	UNRESOLVED_EXPRESSION
CMAKE_C_LIBRARY_ARCHITECTURE	F:/~dev/rawrxd/build_clean_test5/CMakeFiles/4.4.2/CMakeCCompiler.cmake	63	${CMAKE_C_SIZEOF_DATA_PTR}	${CMAKE_C_SIZEOF_DATA_PTR}	UNRESOLVED_EXPRESSION	1	FALSE	FALSE	FALSE	1	UNRESOLVED_EXPRESSION
CMAKE_C_LIBRARY_ARCHITECTURE	F:/~dev/rawrxd/build_clean_test5/CMakeFiles/4.4.2/CMakeCCompiler.cmake	67	${CMAKE_C_COMPILER_ABI}	${CMAKE_C_COMPILER_ABI}	UNRESOLVED_EXPRESSION	1	FALSE	FALSE	FALSE	1	UNRESOLVED_EXPRESSION
CMAKE_C_LIBRARY_ARCHITECTURE	F:/~dev/rawrxd/build_clean_test6/CMakeFiles/4.4.2/CMakeCCompiler.cmake	63	${CMAKE_C_SIZEOF_DATA_PTR}	${CMAKE_C_SIZEOF_DATA_PTR}	UNRESOLVED_EXPRESSION	1	FALSE	FALSE	FALSE	1	UNRESOLVED_EXPRESSION
CMAKE_C_LIBRARY_ARCHITECTURE	F:/~dev/rawrxd/build_clean_test6/CMakeFiles/4.4.2/CMakeCCompiler.cmake	67	${CMAKE_C_COMPILER_ABI}	${CMAKE_C_COMPILER_ABI}	UNRESOLVED_EXPRESSION	1	FALSE	FALSE	FALSE	1	UNRESOLVED_EXPRESSION
CMAKE_C_LIBRARY_ARCHITECTURE	F:/~dev/rawrxd/build_clean_test7/CMakeFiles/4.4.2/CMakeCCompiler.cmake	63	${CMAKE_C_SIZEOF_DATA_PTR}	${CMAKE_C_SIZEOF_DATA_PTR}	UNRESOLVED_EXPRESSION	1	FALSE	FALSE	FALSE	1	UNRESOLVED_EXPRESSION
CMAKE_C_LIBRARY_ARCHITECTURE	F:/~dev/rawrxd/build_clean_test7/CMakeFiles/4.4.2/CMakeCCompiler.cmake	67	${CMAKE_C_COMPILER_ABI}	${CMAKE_C_COMPILER_ABI}	UNRESOLVED_EXPRESSION	1	FALSE	FALSE	FALSE	1	UNRESOLVED_EXPRESSION
CMAKE_C_LIBRARY_ARCHITECTURE	F:/~dev/rawrxd/build_d2adopt/CMakeFiles/4.4.2/CMakeCCompiler.cmake	63	${CMAKE_C_SIZEOF_DATA_PTR}	${CMAKE_C_SIZEOF_DATA_PTR}	UNRESOLVED_EXPRESSION	1	FALSE	FALSE	FALSE	1	UNRESOLVED_EXPRESSION
CMAKE_C_LIBRARY_ARCHITECTURE	F:/~dev/rawrxd/build_d2adopt/CMakeFiles/4.4.2/CMakeCCompiler.cmake	67	${CMAKE_C_COMPILER_ABI}	${CMAKE_C_COMPILER_ABI}	UNRESOLVED_EXPRESSION	1	FALSE	FALSE	FALSE	1	UNRESOLVED_EXPRESSION
CMAKE_C_LIBRARY_ARCHITECTURE	F:/~dev/rawrxd/build_embed_parity/CMakeFiles/4.4.2/CMakeCCompiler.cmake	63	${CMAKE_C_SIZEOF_DATA_PTR}	${CMAKE_C_SIZEOF_DATA_PTR}	UNRESOLVED_EXPRESSION	1	FALSE	FALSE	FALSE	1	UNRESOLVED_EXPRESSION
CMAKE_C_LIBRARY_ARCHITECTURE	F:/~dev/rawrxd/build_embed_parity/CMakeFiles/4.4.2/CMakeCCompiler.cmake	67	${CMAKE_C_COMPILER_ABI}	${CMAKE_C_COMPILER_ABI}	UNRESOLVED_EXPRESSION	1	FALSE	FALSE	FALSE	1	UNRESOLVED_EXPRESSION
CMAKE_C_LIBRARY_ARCHITECTURE	F:/~dev/rawrxd/build_evidence/CMakeFiles/4.4.2/CMakeCCompiler.cmake	63	${CMAKE_C_SIZEOF_DATA_PTR}	${CMAKE_C_SIZEOF_DATA_PTR}	UNRESOLVED_EXPRESSION	1	FALSE	FALSE	FALSE	1	UNRESOLVED_EXPRESSION
CMAKE_C_LIBRARY_ARCHITECTURE	F:/~dev/rawrxd/build_evidence/CMakeFiles/4.4.2/CMakeCCompiler.cmake	67	${CMAKE_C_COMPILER_ABI}	${CMAKE_C_COMPILER_ABI}	UNRESOLVED_EXPRESSION	1	FALSE	FALSE	FALSE	1	UNRESOLVED_EXPRESSION
CMAKE_C_LIBRARY_ARCHITECTURE	F:/~dev/rawrxd/build_ide/CMakeFiles/4.4.2/CMakeCCompiler.cmake	63	${CMAKE_C_SIZEOF_DATA_PTR}	${CMAKE_C_SIZEOF_DATA_PTR}	UNRESOLVED_EXPRESSION	1	FALSE	FALSE	FALSE	1	UNRESOLVED_EXPRESSION
CMAKE_C_LIBRARY_ARCHITECTURE	F:/~dev/rawrxd/build_ide/CMakeFiles/4.4.2/CMakeCCompiler.cmake	67	${CMAKE_C_COMPILER_ABI}	${CMAKE_C_COMPILER_ABI}	UNRESOLVED_EXPRESSION	1	FALSE	FALSE	FALSE	1	UNRESOLVED_EXPRESSION
CMAKE_C_LIBRARY_ARCHITECTURE	F:/~dev/rawrxd/build_ide_audit/CMakeFiles/4.4.2/CMakeCCompiler.cmake	63	${CMAKE_C_SIZEOF_DATA_PTR}	${CMAKE_C_SIZEOF_DATA_PTR}	UNRESOLVED_EXPRESSION	1	FALSE	FALSE	FALSE	1	UNRESOLVED_EXPRESSION
CMAKE_C_LIBRARY_ARCHITECTURE	F:/~dev/rawrxd/build_ide_audit/CMakeFiles/4.4.2/CMakeCCompiler.cmake	67	${CMAKE_C_COMPILER_ABI}	${CMAKE_C_COMPILER_ABI}	UNRESOLVED_EXPRESSION	1	FALSE	FALSE	FALSE	1	UNRESOLVED_EXPRESSION
CMAKE_C_LIBRARY_ARCHITECTURE	F:/~dev/rawrxd/build_ide_cert/CMakeFiles/4.4.2/CMakeCCompiler.cmake	63	${CMAKE_C_SIZEOF_DATA_PTR}	${CMAKE_C_SIZEOF_DATA_PTR}	UNRESOLVED_EXPRESSION	1	FALSE	FALSE	FALSE	1	UNRESOLVED_EXPRESSION
CMAKE_C_LIBRARY_ARCHITECTURE	F:/~dev/rawrxd/build_ide_cert/CMakeFiles/4.4.2/CMakeCCompiler.cmake	67	${CMAKE_C_COMPILER_ABI}	${CMAKE_C_COMPILER_ABI}	UNRESOLVED_EXPRESSION	1	FALSE	FALSE	FALSE	1	UNRESOLVED_EXPRESSION
CMAKE_C_LIBRARY_ARCHITECTURE	F:/~dev/rawrxd/build_ide_test/CMakeFiles/4.4.2/CMakeCCompiler.cmake	63	${CMAKE_C_SIZEOF_DATA_PTR}	${CMAKE_C_SIZEOF_DATA_PTR}	UNRESOLVED_EXPRESSION	1	FALSE	FALSE	FALSE	1	UNRESOLVED_EXPRESSION
CMAKE_C_LIBRARY_ARCHITECTURE	F:/~dev/rawrxd/build_ide_test/CMakeFiles/4.4.2/CMakeCCompiler.cmake	67	${CMAKE_C_COMPILER_ABI}	${CMAKE_C_COMPILER_ABI}	UNRESOLVED_EXPRESSION	1	FALSE	FALSE	FALSE	1	UNRESOLVED_EXPRESSION
CMAKE_C_LIBRARY_ARCHITECTURE	F:/~dev/rawrxd/build_ninja_release/CMakeFiles/4.4.2/CMakeCCompiler.cmake	63	${CMAKE_C_SIZEOF_DATA_PTR}	${CMAKE_C_SIZEOF_DATA_PTR}	UNRESOLVED_EXPRESSION	1	FALSE	FALSE	FALSE	1	UNRESOLVED_EXPRESSION
CMAKE_C_LIBRARY_ARCHITECTURE	F:/~dev/rawrxd/build_ninja_release/CMakeFiles/4.4.2/CMakeCCompiler.cmake	67	${CMAKE_C_COMPILER_ABI}	${CMAKE_C_COMPILER_ABI}	UNRESOLVED_EXPRESSION	1	FALSE	FALSE	FALSE	1	UNRESOLVED_EXPRESSION
CMAKE_C_LIBRARY_ARCHITECTURE	F:/~dev/rawrxd/build_p1pra_prod/CMakeFiles/4.4.2/CMakeCCompiler.cmake	63	${CMAKE_C_SIZEOF_DATA_PTR}	${CMAKE_C_SIZEOF_DATA_PTR}	UNRESOLVED_EXPRESSION	1	FALSE	FALSE	FALSE	1	UNRESOLVED_EXPRESSION
CMAKE_C_LIBRARY_ARCHITECTURE	F:/~dev/rawrxd/build_p1pra_prod/CMakeFiles/4.4.2/CMakeCCompiler.cmake	67	${CMAKE_C_COMPILER_ABI}	${CMAKE_C_COMPILER_ABI}	UNRESOLVED_EXPRESSION	1	FALSE	FALSE	FALSE	1	UNRESOLVED_EXPRESSION
CMAKE_C_LIBRARY_ARCHITECTURE	F:/~dev/rawrxd/build_p1pra_win32ide_ninja/CMakeFiles/4.4.2/CMakeCCompiler.cmake	63	${CMAKE_C_SIZEOF_DATA_PTR}	${CMAKE_C_SIZEOF_DATA_PTR}	UNRESOLVED_EXPRESSION	1	FALSE	FALSE	FALSE	1	UNRESOLVED_EXPRESSION
CMAKE_C_LIBRARY_ARCHITECTURE	F:/~dev/rawrxd/build_p1pra_win32ide_ninja/CMakeFiles/4.4.2/CMakeCCompiler.cmake	67	${CMAKE_C_COMPILER_ABI}	${CMAKE_C_COMPILER_ABI}	UNRESOLVED_EXPRESSION	1	FALSE	FALSE	FALSE	1	UNRESOLVED_EXPRESSION
CMAKE_C_LIBRARY_ARCHITECTURE	F:/~dev/rawrxd/build_p2/CMakeFiles/4.4.2/CMakeCCompiler.cmake	63	${CMAKE_C_SIZEOF_DATA_PTR}	${CMAKE_C_SIZEOF_DATA_PTR}	UNRESOLVED_EXPRESSION	1	FALSE	FALSE	FALSE	1	UNRESOLVED_EXPRESSION
CMAKE_C_LIBRARY_ARCHITECTURE	F:/~dev/rawrxd/build_p2/CMakeFiles/4.4.2/CMakeCCompiler.cmake	67	${CMAKE_C_COMPILER_ABI}	${CMAKE_C_COMPILER_ABI}	UNRESOLVED_EXPRESSION	1	FALSE	FALSE	FALSE	1	UNRESOLVED_EXPRESSION
CMAKE_C_LIBRARY_ARCHITECTURE	F:/~dev/rawrxd/build_p2_fresh/CMakeFiles/4.4.2/CMakeCCompiler.cmake	63	${CMAKE_C_SIZEOF_DATA_PTR}	${CMAKE_C_SIZEOF_DATA_PTR}	UNRESOLVED_EXPRESSION	1	FALSE	FALSE	FALSE	1	UNRESOLVED_EXPRESSION
CMAKE_C_LIBRARY_ARCHITECTURE	F:/~dev/rawrxd/build_p2_fresh/CMakeFiles/4.4.2/CMakeCCompiler.cmake	67	${CMAKE_C_COMPILER_ABI}	${CMAKE_C_COMPILER_ABI}	UNRESOLVED_EXPRESSION	1	FALSE	FALSE	FALSE	1	UNRESOLVED_EXPRESSION
CMAKE_C_LIBRARY_ARCHITECTURE	F:/~dev/rawrxd/build_parity/CMakeFiles/4.4.2/CMakeCCompiler.cmake	63	${CMAKE_C_SIZEOF_DATA_PTR}	${CMAKE_C_SIZEOF_DATA_PTR}	UNRESOLVED_EXPRESSION	1	FALSE	FALSE	FALSE	1	UNRESOLVED_EXPRESSION
CMAKE_C_LIBRARY_ARCHITECTURE	F:/~dev/rawrxd/build_parity/CMakeFiles/4.4.2/CMakeCCompiler.cmake	67	${CMAKE_C_COMPILER_ABI}	${CMAKE_C_COMPILER_ABI}	UNRESOLVED_EXPRESSION	1	FALSE	FALSE	FALSE	1	UNRESOLVED_EXPRESSION
CMAKE_C_LIBRARY_ARCHITECTURE	F:/~dev/rawrxd/build_permissive_ide_audit/CMakeFiles/4.4.2/CMakeCCompiler.cmake	63	${CMAKE_C_SIZEOF_DATA_PTR}	${CMAKE_C_SIZEOF_DATA_PTR}	UNRESOLVED_EXPRESSION	1	FALSE	FALSE	FALSE	1	UNRESOLVED_EXPRESSION
CMAKE_C_LIBRARY_ARCHITECTURE	F:/~dev/rawrxd/build_permissive_ide_audit/CMakeFiles/4.4.2/CMakeCCompiler.cmake	67	${CMAKE_C_COMPILER_ABI}	${CMAKE_C_COMPILER_ABI}	UNRESOLVED_EXPRESSION	1	FALSE	FALSE	FALSE	1	UNRESOLVED_EXPRESSION
CMAKE_C_LIBRARY_ARCHITECTURE	F:/~dev/rawrxd/build_prod_gate/CMakeFiles/4.4.2/CMakeCCompiler.cmake	63	${CMAKE_C_SIZEOF_DATA_PTR}	${CMAKE_C_SIZEOF_DATA_PTR}	UNRESOLVED_EXPRESSION	1	FALSE	FALSE	FALSE	1	UNRESOLVED_EXPRESSION
CMAKE_C_LIBRARY_ARCHITECTURE	F:/~dev/rawrxd/build_prod_gate/CMakeFiles/4.4.2/CMakeCCompiler.cmake	67	${CMAKE_C_COMPILER_ABI}	${CMAKE_C_COMPILER_ABI}	UNRESOLVED_EXPRESSION	1	FALSE	FALSE	FALSE	1	UNRESOLVED_EXPRESSION
CMAKE_C_LIBRARY_ARCHITECTURE	F:/~dev/rawrxd/build_prod_gate2/CMakeFiles/4.4.2/CMakeCCompiler.cmake	63	${CMAKE_C_SIZEOF_DATA_PTR}	${CMAKE_C_SIZEOF_DATA_PTR}	UNRESOLVED_EXPRESSION	1	FALSE	FALSE	FALSE	1	UNRESOLVED_EXPRESSION
CMAKE_C_LIBRARY_ARCHITECTURE	F:/~dev/rawrxd/build_prod_gate2/CMakeFiles/4.4.2/CMakeCCompiler.cmake	67	${CMAKE_C_COMPILER_ABI}	${CMAKE_C_COMPILER_ABI}	UNRESOLVED_EXPRESSION	1	FALSE	FALSE	FALSE	1	UNRESOLVED_EXPRESSION
CMAKE_C_LIBRARY_ARCHITECTURE	F:/~dev/rawrxd/build_remote64_verify/CMakeFiles/4.4.2/CMakeCCompiler.cmake	63	${CMAKE_C_SIZEOF_DATA_PTR}	${CMAKE_C_SIZEOF_DATA_PTR}	UNRESOLVED_EXPRESSION	1	FALSE	FALSE	FALSE	1	UNRESOLVED_EXPRESSION
CMAKE_C_LIBRARY_ARCHITECTURE	F:/~dev/rawrxd/build_remote64_verify/CMakeFiles/4.4.2/CMakeCCompiler.cmake	67	${CMAKE_C_COMPILER_ABI}	${CMAKE_C_COMPILER_ABI}	UNRESOLVED_EXPRESSION	1	FALSE	FALSE	FALSE	1	UNRESOLVED_EXPRESSION
CMAKE_C_LIBRARY_ARCHITECTURE	F:/~dev/rawrxd/build_repointel/CMakeFiles/4.4.2/CMakeCCompiler.cmake	63	${CMAKE_C_SIZEOF_DATA_PTR}	${CMAKE_C_SIZEOF_DATA_PTR}	UNRESOLVED_EXPRESSION	1	FALSE	FALSE	FALSE	1	UNRESOLVED_EXPRESSION
CMAKE_C_LIBRARY_ARCHITECTURE	F:/~dev/rawrxd/build_repointel/CMakeFiles/4.4.2/CMakeCCompiler.cmake	67	${CMAKE_C_COMPILER_ABI}	${CMAKE_C_COMPILER_ABI}	UNRESOLVED_EXPRESSION	1	FALSE	FALSE	FALSE	1	UNRESOLVED_EXPRESSION
CMAKE_C_LIBRARY_ARCHITECTURE	F:/~dev/rawrxd/build_response_coded_agent/CMakeFiles/4.4.2/CMakeCCompiler.cmake	63	${CMAKE_C_SIZEOF_DATA_PTR}	${CMAKE_C_SIZEOF_DATA_PTR}	UNRESOLVED_EXPRESSION	1	FALSE	FALSE	FALSE	1	UNRESOLVED_EXPRESSION
CMAKE_C_LIBRARY_ARCHITECTURE	F:/~dev/rawrxd/build_response_coded_agent/CMakeFiles/4.4.2/CMakeCCompiler.cmake	67	${CMAKE_C_COMPILER_ABI}	${CMAKE_C_COMPILER_ABI}	UNRESOLVED_EXPRESSION	1	FALSE	FALSE	FALSE	1	UNRESOLVED_EXPRESSION
CMAKE_C_LIBRARY_ARCHITECTURE	F:/~dev/rawrxd/build_single_writer_authority/CMakeFiles/4.4.2/CMakeCCompiler.cmake	63	${CMAKE_C_SIZEOF_DATA_PTR}	${CMAKE_C_SIZEOF_DATA_PTR}	UNRESOLVED_EXPRESSION	1	FALSE	FALSE	FALSE	1	UNRESOLVED_EXPRESSION
CMAKE_C_LIBRARY_ARCHITECTURE	F:/~dev/rawrxd/build_single_writer_authority/CMakeFiles/4.4.2/CMakeCCompiler.cmake	67	${CMAKE_C_COMPILER_ABI}	${CMAKE_C_COMPILER_ABI}	UNRESOLVED_EXPRESSION	1	FALSE	FALSE	FALSE	1	UNRESOLVED_EXPRESSION
CMAKE_C_LIBRARY_ARCHITECTURE	F:/~dev/rawrxd/build_strict_audit/CMakeFiles/4.4.2/CMakeCCompiler.cmake	63	${CMAKE_C_SIZEOF_DATA_PTR}	${CMAKE_C_SIZEOF_DATA_PTR}	UNRESOLVED_EXPRESSION	1	FALSE	FALSE	FALSE	1	UNRESOLVED_EXPRESSION
CMAKE_C_LIBRARY_ARCHITECTURE	F:/~dev/rawrxd/build_strict_audit/CMakeFiles/4.4.2/CMakeCCompiler.cmake	67	${CMAKE_C_COMPILER_ABI}	${CMAKE_C_COMPILER_ABI}	UNRESOLVED_EXPRESSION	1	FALSE	FALSE	FALSE	1	UNRESOLVED_EXPRESSION
CMAKE_C_LIBRARY_ARCHITECTURE	F:/~dev/rawrxd/build_strict_ide_audit/CMakeFiles/4.4.2/CMakeCCompiler.cmake	63	${CMAKE_C_SIZEOF_DATA_PTR}	${CMAKE_C_SIZEOF_DATA_PTR}	UNRESOLVED_EXPRESSION	1	FALSE	FALSE	FALSE	1	UNRESOLVED_EXPRESSION
CMAKE_C_LIBRARY_ARCHITECTURE	F:/~dev/rawrxd/build_strict_ide_audit/CMakeFiles/4.4.2/CMakeCCompiler.cmake	67	${CMAKE_C_COMPILER_ABI}	${CMAKE_C_COMPILER_ABI}	UNRESOLVED_EXPRESSION	1	FALSE	FALSE	FALSE	1	UNRESOLVED_EXPRESSION
CMAKE_C_LIBRARY_ARCHITECTURE	F:/~dev/rawrxd/build_test_clean/CMakeFiles/4.4.2/CMakeCCompiler.cmake	63	${CMAKE_C_SIZEOF_DATA_PTR}	${CMAKE_C_SIZEOF_DATA_PTR}	UNRESOLVED_EXPRESSION	1	FALSE	FALSE	FALSE	1	UNRESOLVED_EXPRESSION
CMAKE_C_LIBRARY_ARCHITECTURE	F:/~dev/rawrxd/build_test_clean/CMakeFiles/4.4.2/CMakeCCompiler.cmake	67	${CMAKE_C_COMPILER_ABI}	${CMAKE_C_COMPILER_ABI}	UNRESOLVED_EXPRESSION	1	FALSE	FALSE	FALSE	1	UNRESOLVED_EXPRESSION
CMAKE_C_LIBRARY_ARCHITECTURE	F:/~dev/rawrxd/build_test_clean2/CMakeFiles/4.4.2/CMakeCCompiler.cmake	63	${CMAKE_C_SIZEOF_DATA_PTR}	${CMAKE_C_SIZEOF_DATA_PTR}	UNRESOLVED_EXPRESSION	1	FALSE	FALSE	FALSE	1	UNRESOLVED_EXPRESSION
CMAKE_C_LIBRARY_ARCHITECTURE	F:/~dev/rawrxd/build_test_clean2/CMakeFiles/4.4.2/CMakeCCompiler.cmake	67	${CMAKE_C_COMPILER_ABI}	${CMAKE_C_COMPILER_ABI}	UNRESOLVED_EXPRESSION	1	FALSE	FALSE	FALSE	1	UNRESOLVED_EXPRESSION
CMAKE_C_LIBRARY_ARCHITECTURE	F:/~dev/rawrxd/build_test_clean3/CMakeFiles/4.4.2/CMakeCCompiler.cmake	63	${CMAKE_C_SIZEOF_DATA_PTR}	${CMAKE_C_SIZEOF_DATA_PTR}	UNRESOLVED_EXPRESSION	1	FALSE	FALSE	FALSE	1	UNRESOLVED_EXPRESSION
CMAKE_C_LIBRARY_ARCHITECTURE	F:/~dev/rawrxd/build_test_clean3/CMakeFiles/4.4.2/CMakeCCompiler.cmake	67	${CMAKE_C_COMPILER_ABI}	${CMAKE_C_COMPILER_ABI}	UNRESOLVED_EXPRESSION	1	FALSE	FALSE	FALSE	1	UNRESOLVED_EXPRESSION
CMAKE_C_LIBRARY_ARCHITECTURE	F:/~dev/rawrxd/build_w1/CMakeFiles/4.4.2/CMakeCCompiler.cmake	63	${CMAKE_C_SIZEOF_DATA_PTR}	${CMAKE_C_SIZEOF_DATA_PTR}	UNRESOLVED_EXPRESSION	1	FALSE	FALSE	FALSE	1	UNRESOLVED_EXPRESSION
CMAKE_C_LIBRARY_ARCHITECTURE	F:/~dev/rawrxd/build_w1/CMakeFiles/4.4.2/CMakeCCompiler.cmake	67	${CMAKE_C_COMPILER_ABI}	${CMAKE_C_COMPILER_ABI}	UNRESOLVED_EXPRESSION	1	FALSE	FALSE	FALSE	1	UNRESOLVED_EXPRESSION
CMAKE_C_LIBRARY_ARCHITECTURE	F:/~dev/rawrxd/certbuild/CMakeFiles/4.4.2/CMakeCCompiler.cmake	63	${CMAKE_C_SIZEOF_DATA_PTR}	${CMAKE_C_SIZEOF_DATA_PTR}	UNRESOLVED_EXPRESSION	1	FALSE	FALSE	FALSE	1	UNRESOLVED_EXPRESSION
CMAKE_C_LIBRARY_ARCHITECTURE	F:/~dev/rawrxd/certbuild/CMakeFiles/4.4.2/CMakeCCompiler.cmake	67	${CMAKE_C_COMPILER_ABI}	${CMAKE_C_COMPILER_ABI}	UNRESOLVED_EXPRESSION	1	FALSE	FALSE	FALSE	1	UNRESOLVED_EXPRESSION
CMAKE_C_LIBRARY_ARCHITECTURE	F:/~dev/rawrxd/cmlink/CMakeFiles/4.4.2/CMakeCCompiler.cmake	63	${CMAKE_C_SIZEOF_DATA_PTR}	${CMAKE_C_SIZEOF_DATA_PTR}	UNRESOLVED_EXPRESSION	1	FALSE	FALSE	FALSE	1	UNRESOLVED_EXPRESSION
CMAKE_C_LIBRARY_ARCHITECTURE	F:/~dev/rawrxd/cmlink/CMakeFiles/4.4.2/CMakeCCompiler.cmake	67	${CMAKE_C_COMPILER_ABI}	${CMAKE_C_COMPILER_ABI}	UNRESOLVED_EXPRESSION	1	FALSE	FALSE	FALSE	1	UNRESOLVED_EXPRESSION
CMAKE_EXPORT_COMPILE_COMMANDS	F:/~dev/rawrxd/CMakeLists.txt	808	${CMAKE_EXE_LINKER_FLAGS} /INCREMENTAL:NO	${CMAKE_EXE_LINKER_FLAGS} /INCREMENTAL:NO	UNRESOLVED_EXPRESSION	1	FALSE	FALSE	FALSE	2	UNRESOLVED_EXPRESSION
CMAKE_EXPORT_COMPILE_COMMANDS	F:/~dev/rawrxd/CMakeLists.txt	809	${CMAKE_SHARED_LINKER_FLAGS} /INCREMENTAL:NO	${CMAKE_SHARED_LINKER_FLAGS} /INCREMENTAL:NO	UNRESOLVED_EXPRESSION	1	FALSE	FALSE	FALSE	2	UNRESOLVED_EXPRESSION
CMAKE_MODULE_PATH	F:/~dev/rawrxd/build_clean_test/_deps/nlohmann_json-src/CMakeLists.txt	22	se  CMAKE_MODULE_PATH ${CMAKE_CURRENT_SOURCE_DIR}/cmake ${CMAKE_MODULE_PATH}	set CMAKE_MODULE_PATH ${CMAKE_CURRENT_SOURCE_DIR}/cmake ${CMAKE_MODULE_PATH}	UNRESOLVED_EXPRESSION	1	FALSE	FALSE	FALSE	0	UNRESOLVED_EXPRESSION
CMAKE_MODULE_PATH	F:/~dev/rawrxd/build_clean_test3/_deps/nlohmann_json-src/CMakeLists.txt	22	se  CMAKE_MODULE_PATH ${CMAKE_CURRENT_SOURCE_DIR}/cmake ${CMAKE_MODULE_PATH}	set CMAKE_MODULE_PATH ${CMAKE_CURRENT_SOURCE_DIR}/cmake ${CMAKE_MODULE_PATH}	UNRESOLVED_EXPRESSION	1	FALSE	FALSE	FALSE	0	UNRESOLVED_EXPRESSION
CMAKE_MODULE_PATH	F:/~dev/rawrxd/build_clean_test5/_deps/nlohmann_json-src/CMakeLists.txt	22	se  CMAKE_MODULE_PATH ${CMAKE_CURRENT_SOURCE_DIR}/cmake ${CMAKE_MODULE_PATH}	set CMAKE_MODULE_PATH ${CMAKE_CURRENT_SOURCE_DIR}/cmake ${CMAKE_MODULE_PATH}	UNRESOLVED_EXPRESSION	1	FALSE	FALSE	FALSE	0	UNRESOLVED_EXPRESSION
CMAKE_MODULE_PATH	F:/~dev/rawrxd/build_clean_test6/_deps/nlohmann_json-src/CMakeLists.txt	22	se  CMAKE_MODULE_PATH ${CMAKE_CURRENT_SOURCE_DIR}/cmake ${CMAKE_MODULE_PATH}	set CMAKE_MODULE_PATH ${CMAKE_CURRENT_SOURCE_DIR}/cmake ${CMAKE_MODULE_PATH}	UNRESOLVED_EXPRESSION	1	FALSE	FALSE	FALSE	0	UNRESOLVED_EXPRESSION
CMAKE_MODULE_PATH	F:/~dev/rawrxd/build_clean_test7/_deps/nlohmann_json-src/CMakeLists.txt	22	se  CMAKE_MODULE_PATH ${CMAKE_CURRENT_SOURCE_DIR}/cmake ${CMAKE_MODULE_PATH}	set CMAKE_MODULE_PATH ${CMAKE_CURRENT_SOURCE_DIR}/cmake ${CMAKE_MODULE_PATH}	UNRESOLVED_EXPRESSION	1	FALSE	FALSE	FALSE	0	UNRESOLVED_EXPRESSION
CMAKE_MODULE_PATH	F:/~dev/rawrxd/build_p1pra_prod/_deps/nlohmann_json-src/CMakeLists.txt	22	se  CMAKE_MODULE_PATH ${CMAKE_CURRENT_SOURCE_DIR}/cmake ${CMAKE_MODULE_PATH}	set CMAKE_MODULE_PATH ${CMAKE_CURRENT_SOURCE_DIR}/cmake ${CMAKE_MODULE_PATH}	UNRESOLVED_EXPRESSION	1	FALSE	FALSE	FALSE	0	UNRESOLVED_EXPRESSION
CMAKE_MODULE_PATH	F:/~dev/rawrxd/build_p2/_deps/nlohmann_json-src/CMakeLists.txt	22	se  CMAKE_MODULE_PATH ${CMAKE_CURRENT_SOURCE_DIR}/cmake ${CMAKE_MODULE_PATH}	set CMAKE_MODULE_PATH ${CMAKE_CURRENT_SOURCE_DIR}/cmake ${CMAKE_MODULE_PATH}	UNRESOLVED_EXPRESSION	1	FALSE	FALSE	FALSE	0	UNRESOLVED_EXPRESSION
CMAKE_MODULE_PATH	F:/~dev/rawrxd/build_p2_fresh/_deps/nlohmann_json-src/CMakeLists.txt	22	se  CMAKE_MODULE_PATH ${CMAKE_CURRENT_SOURCE_DIR}/cmake ${CMAKE_MODULE_PATH}	set CMAKE_MODULE_PATH ${CMAKE_CURRENT_SOURCE_DIR}/cmake ${CMAKE_MODULE_PATH}	UNRESOLVED_EXPRESSION	1	FALSE	FALSE	FALSE	0	UNRESOLVED_EXPRESSION
CMAKE_MSVC_RUNTIME_LIBRARY	F:/~dev/rawrxd/CMakeLists.txt	2726	Mul iThreaded$<$<CONFIG:Debug>:Debug>	MultiThreaded$<$<CONFIG:Debug>:Debug>	UNRESOLVED_EXPRESSION	1	FALSE	FALSE	FALSE	0	UNRESOLVED_EXPRESSION
CMAKE_MSVC_RUNTIME_LIBRARY	F:/~dev/rawrxd/CMakeLists.txt	2742	${_WIN10_SDK_ROOT}/Include/10.0.26100.0/um/windows.h	${_WIN10_SDK_ROOT}/Include/10.0.26100.0/um/windows.h	UNRESOLVED_EXPRESSION	1	FALSE	FALSE	FALSE	3	UNRESOLVED_EXPRESSION
CMAKE_MSVC_RUNTIME_LIBRARY	F:/~dev/rawrxd/CMakeLists.txt	2744	${_WIN10_SDK_ROOT}/Include/10.0.22621.0/um/windows.h	${_WIN10_SDK_ROOT}/Include/10.0.22621.0/um/windows.h	UNRESOLVED_EXPRESSION	1	FALSE	FALSE	FALSE	3	UNRESOLVED_EXPRESSION
CMAKE_MSVC_RUNTIME_LIBRARY	F:/~dev/rawrxd/CMakeLists.txt	2750	${_RAWR_SDK_VER}	${_RAWR_SDK_VER}	UNRESOLVED_EXPRESSION	1	FALSE	FALSE	FALSE	1	UNRESOLVED_EXPRESSION
CMAKE_MSVC_RUNTIME_LIBRARY	F:/~dev/rawrxd/CMakeLists.txt	2752	${_MSVC_ROOT}	${_MSVC_ROOT}	UNRESOLVED_EXPRESSION	1	FALSE	FALSE	FALSE	2	UNRESOLVED_EXPRESSION
CMAKE_MSVC_RUNTIME_LIBRARY	F:/~dev/rawrxd/CMakeLists.txt	2753	${_MSVC_ROOT}	${_MSVC_ROOT}	UNRESOLVED_EXPRESSION	1	FALSE	FALSE	FALSE	2	UNRESOLVED_EXPRESSION
CMAKE_MSVC_RUNTIME_LIBRARY	F:/~dev/rawrxd/CMakeLists.txt	2755	D:/VS2022En erprise/VC/Tools/MSVC/*	D:/VS2022Enterprise/VC/Tools/MSVC/*	GLOB	1	FALSE	FALSE	FALSE	2	GLOB_EXPRESSION
CMAKE_MSVC_RUNTIME_LIBRARY	F:/~dev/rawrxd/CMakeLists.txt	2759	C:/VS2022En erprise/VC/Tools/MSVC/*	C:/VS2022Enterprise/VC/Tools/MSVC/*	GLOB	1	FALSE	FALSE	FALSE	2	GLOB_EXPRESSION
CMAKE_MSVC_RUNTIME_LIBRARY	F:/~dev/rawrxd/CMakeLists.txt	2767	${_MSVC_BT_ROOT}/include	${_MSVC_BT_ROOT}/include	UNRESOLVED_EXPRESSION	1	FALSE	FALSE	FALSE	1	UNRESOLVED_EXPRESSION
CMAKE_MSVC_RUNTIME_LIBRARY	F:/~dev/rawrxd/CMakeLists.txt	2768	${_WIN10_SDK_ROOT}/Include/${_SDK_VER}/ucr 	${_WIN10_SDK_ROOT}/Include/${_SDK_VER}/ucrt	UNRESOLVED_EXPRESSION	1	FALSE	FALSE	FALSE	1	UNRESOLVED_EXPRESSION
CMAKE_MSVC_RUNTIME_LIBRARY	F:/~dev/rawrxd/CMakeLists.txt	2769	${_WIN10_SDK_ROOT}/Include/${_SDK_VER}/shared	${_WIN10_SDK_ROOT}/Include/${_SDK_VER}/shared	UNRESOLVED_EXPRESSION	1	FALSE	FALSE	FALSE	1	UNRESOLVED_EXPRESSION
CMAKE_MSVC_RUNTIME_LIBRARY	F:/~dev/rawrxd/CMakeLists.txt	2770	${_WIN10_SDK_ROOT}/Include/${_SDK_VER}/um	${_WIN10_SDK_ROOT}/Include/${_SDK_VER}/um	UNRESOLVED_EXPRESSION	1	FALSE	FALSE	FALSE	1	UNRESOLVED_EXPRESSION
CMAKE_MSVC_RUNTIME_LIBRARY	F:/~dev/rawrxd/CMakeLists.txt	2771	${_WIN10_SDK_ROOT}/Include/${_SDK_VER}/winr 	${_WIN10_SDK_ROOT}/Include/${_SDK_VER}/winrt	UNRESOLVED_EXPRESSION	1	FALSE	FALSE	FALSE	1	UNRESOLVED_EXPRESSION
CMAKE_MSVC_RUNTIME_LIBRARY	F:/~dev/rawrxd/CMakeLists.txt	2775	${_MSVC_BT_ROOT}/lib/x64	${_MSVC_BT_ROOT}/lib/x64	UNRESOLVED_EXPRESSION	1	FALSE	FALSE	FALSE	1	UNRESOLVED_EXPRESSION
CMAKE_MSVC_RUNTIME_LIBRARY	F:/~dev/rawrxd/CMakeLists.txt	2776	${_MSVC_BT_ROOT}/lib/onecore/x64	${_MSVC_BT_ROOT}/lib/onecore/x64	UNRESOLVED_EXPRESSION	1	FALSE	FALSE	FALSE	1	UNRESOLVED_EXPRESSION
CMAKE_MSVC_RUNTIME_LIBRARY	F:/~dev/rawrxd/CMakeLists.txt	2777	${_WIN10_SDK_ROOT}/Lib/${_SDK_VER}/ucr /x64	${_WIN10_SDK_ROOT}/Lib/${_SDK_VER}/ucrt/x64	UNRESOLVED_EXPRESSION	1	FALSE	FALSE	FALSE	1	UNRESOLVED_EXPRESSION
CMAKE_MSVC_RUNTIME_LIBRARY	F:/~dev/rawrxd/CMakeLists.txt	2778	${_WIN10_SDK_ROOT}/Lib/${_SDK_VER}/um/x64	${_WIN10_SDK_ROOT}/Lib/${_SDK_VER}/um/x64	UNRESOLVED_EXPRESSION	1	FALSE	FALSE	FALSE	1	UNRESOLVED_EXPRESSION
CMAKE_MSVC_RUNTIME_LIBRARY	F:/~dev/rawrxd/CMakeLists.txt	2781	[Build Pa hs] MSVC CRT: ${_MSVC_BT_ROOT}	[Build Paths] MSVC CRT: ${_MSVC_BT_ROOT}	UNRESOLVED_EXPRESSION	1	FALSE	FALSE	FALSE	1	UNRESOLVED_EXPRESSION
CMAKE_MSVC_RUNTIME_LIBRARY	F:/~dev/rawrxd/CMakeLists.txt	2796	/c /Zi /Zd /I${CMAKE_CURRENT_SOURCE_DIR}/src/asm /I${CMAKE_CURRENT_SOURCE_DIR}/src/deep2/lavapa h	/c /Zi /Zd /I${CMAKE_CURRENT_SOURCE_DIR}/src/asm /I${CMAKE_CURRENT_SOURCE_DIR}/src/deep2/lavapath	UNRESOLVED_EXPRESSION	1	FALSE	FALSE	FALSE	1	UNRESOLVED_EXPRESSION
CMAKE_MSVC_RUNTIME_LIBRARY	F:/~dev/rawrxd/CMakeLists.txt	2807	[Produc ionLane] RAWRXD_PRODUCTION_STRIP_STUB_SOURCES=ON requires WIN32  oolchain/ arge s.	[ProductionLane] RAWRXD_PRODUCTION_STRIP_STUB_SOURCES=ON requires WIN32 toolchain/targets.	LITERAL	1	FALSE	FALSE	FALSE	2	ACTIVE_MISSING
CMAKE_MSVC_RUNTIME_LIBRARY	F:/~dev/rawrxd/CMakeLists.txt	2810	[Produc ionLane] RAWRXD_PRODUCTION_STRIP_STUB_SOURCES=ON requires MSVC for s ric  produc ion pari y.	[ProductionLane] RAWRXD_PRODUCTION_STRIP_STUB_SOURCES=ON requires MSVC for strict production parity.	LITERAL	1	FALSE	FALSE	FALSE	2	ACTIVE_MISSING
CMAKE_MSVC_RUNTIME_LIBRARY	F:/~dev/rawrxd/CMakeLists.txt	2813	[Produc ionLane] RAWRXD_PRODUCTION_STRIP_STUB_SOURCES=ON requires RAWR_HAS_MASM=TRUE.	[ProductionLane] RAWRXD_PRODUCTION_STRIP_STUB_SOURCES=ON requires RAWR_HAS_MASM=TRUE.	LITERAL	1	FALSE	FALSE	FALSE	2	ACTIVE_MISSING
CMAKE_MSVC_RUNTIME_LIBRARY	F:/~dev/rawrxd/CMakeLists.txt	2817	[Produc ionLane] CMAKE_BUILD_TYPE mus  be se   o Release when RAWRXD_PRODUCTION_STRIP_STUB_SOURCES=ON.	[ProductionLane] CMAKE_BUILD_TYPE must be set to Release when RAWRXD_PRODUCTION_STRIP_STUB_SOURCES=ON.	LITERAL	1	FALSE	FALSE	FALSE	3	ACTIVE_MISSING
CMAKE_MSVC_RUNTIME_LIBRARY	F:/~dev/rawrxd/CMakeLists.txt	2819	${CMAKE_BUILD_TYPE}	${CMAKE_BUILD_TYPE}	UNRESOLVED_EXPRESSION	1	FALSE	FALSE	FALSE	2	UNRESOLVED_EXPRESSION
CMAKE_MSVC_RUNTIME_LIBRARY	F:/~dev/rawrxd/CMakeLists.txt	2821	[Produc ionLane] CMAKE_BUILD_TYPE=${CMAKE_BUILD_TYPE} is incompa ible wi h RAWRXD_PRODUCTION_STRIP_STUB_SOURCES=ON. Use Release.	[ProductionLane] CMAKE_BUILD_TYPE=${CMAKE_BUILD_TYPE} is incompatible with RAWRXD_PRODUCTION_STRIP_STUB_SOURCES=ON. Use Release.	UNRESOLVED_EXPRESSION	1	FALSE	FALSE	FALSE	3	UNRESOLVED_EXPRESSION
CMAKE_MSVC_RUNTIME_LIBRARY	F:/~dev/rawrxd/CMakeLists.txt	2824	[Produc ionLane] RAWRXD_PRODUCTION_STRIP_STUB_SOURCES=ON requires a single-config genera or wi h CMAKE_BUILD_TYPE=Release.	[ProductionLane] RAWRXD_PRODUCTION_STRIP_STUB_SOURCES=ON requires a single-config generator with CMAKE_BUILD_TYPE=Release.	LITERAL	1	FALSE	FALSE	FALSE	2	ACTIVE_MISSING
CMAKE_MSVC_RUNTIME_LIBRARY	F:/~dev/rawrxd/CMakeLists.txt	2910	se _source_files_proper ies ${ASM_KERNEL_SOURCES} PROPERTIES LANGUAGE ASM_MASM	set_source_files_properties ${ASM_KERNEL_SOURCES} PROPERTIES LANGUAGE ASM_MASM	UNRESOLVED_EXPRESSION	1	FALSE	FALSE	FALSE	1	UNRESOLVED_EXPRESSION
CMAKE_RUNTIME_OUTPUT_DIRECTORY	F:/~dev/rawrxd/CMakeLists.txt	785	se  CMAKE_RUNTIME_OUTPUT_DIRECTORY ${CMAKE_BINARY_DIR}/bin	set CMAKE_RUNTIME_OUTPUT_DIRECTORY ${CMAKE_BINARY_DIR}/bin	UNRESOLVED_EXPRESSION	1	FALSE	FALSE	FALSE	0	UNRESOLVED_EXPRESSION
CORE_RUNTIME_FORBIDDEN_INCLUDES	F:/~dev/rawrxd/cmake/CoreRuntime.cmake	132	add_library ${CORE_RUNTIME_NAME} STATIC ${CORE_RUNTIME_SOURCES}	add_library ${CORE_RUNTIME_NAME} STATIC ${CORE_RUNTIME_SOURCES}	UNRESOLVED_EXPRESSION	1	FALSE	FALSE	FALSE	0	UNRESOLVED_EXPRESSION
Deep2Engine_RouterSmokeTest	F:/~dev/rawrxd/CMakeLists.txt	2572	RUNTIME_OUTPUT_DIRECTORY ${CMAKE_BINARY_DIR}/bin	RUNTIME_OUTPUT_DIRECTORY ${CMAKE_BINARY_DIR}/bin	UNRESOLVED_EXPRESSION	1	FALSE	FALSE	FALSE	1	UNRESOLVED_EXPRESSION
Deep2Engine_RouterSmokeTest	F:/~dev/rawrxd/CMakeLists.txt	2575	${CMAKE_SOURCE_DIR}	${CMAKE_SOURCE_DIR}	UNRESOLVED_EXPRESSION	1	FALSE	FALSE	FALSE	1	UNRESOLVED_EXPRESSION
Deep2Engine_RouterSmokeTest	F:/~dev/rawrxd/CMakeLists.txt	2576	${CMAKE_SOURCE_DIR}/src	${CMAKE_SOURCE_DIR}/src	UNRESOLVED_EXPRESSION	1	FALSE	FALSE	FALSE	1	UNRESOLVED_EXPRESSION
Deep2Engine_RouterSmokeTest	F:/~dev/rawrxd/CMakeLists.txt	2577	${CMAKE_SOURCE_DIR}/src/deep2	${CMAKE_SOURCE_DIR}/src/deep2	UNRESOLVED_EXPRESSION	1	FALSE	FALSE	FALSE	1	UNRESOLVED_EXPRESSION
Deep2Engine_RouterSmokeTest	F:/~dev/rawrxd/CMakeLists.txt	2578	${CMAKE_SOURCE_DIR}/include	${CMAKE_SOURCE_DIR}/include	UNRESOLVED_EXPRESSION	1	FALSE	FALSE	FALSE	1	UNRESOLVED_EXPRESSION
Deep2Engine_RouterSmokeTest	F:/~dev/rawrxd/CMakeLists.txt	2581	 arge _link_direc ories Deep2Engine_Rou erSmokeTes  PRIVATE ${_RAWR_MSVC_LIBPATHS}	target_link_directories Deep2Engine_RouterSmokeTest PRIVATE ${_RAWR_MSVC_LIBPATHS}	UNRESOLVED_EXPRESSION	1	FALSE	FALSE	FALSE	2	UNRESOLVED_EXPRESSION
Deep2Engine_RouterSmokeTest	F:/~dev/rawrxd/CMakeLists.txt	2583	${_rawr_lib}	${_rawr_lib}	UNRESOLVED_EXPRESSION	1	FALSE	FALSE	FALSE	3	UNRESOLVED_EXPRESSION
Deep2Engine_RouterSmokeTest	F:/~dev/rawrxd/CMakeLists.txt	2584	 arge _link_op ions Deep2Engine_Rou erSmokeTes  PRIVATE  ${_rawr_lib}\	target_link_options Deep2Engine_RouterSmokeTest PRIVATE  ${_rawr_lib}/	UNRESOLVED_EXPRESSION	1	FALSE	FALSE	FALSE	3	UNRESOLVED_EXPRESSION
Deep2Engine_RouterSmokeTest	F:/~dev/rawrxd/CMakeLists.txt	2589	se _proper y TARGET Deep2Engine_Rou erSmokeTes  APPEND_STRING PROPERTY LINK_FLAGS  ${_WIN10_SDK_ROOT}/Lib/${_SDK_UM_VER}/um/x64\	set_property TARGET Deep2Engine_RouterSmokeTest APPEND_STRING PROPERTY LINK_FLAGS  ${_WIN10_SDK_ROOT}/Lib/${_SDK_UM_VER}/um/x64/	UNRESOLVED_EXPRESSION	1	FALSE	FALSE	FALSE	2	UNRESOLVED_EXPRESSION
Deep2Engine_RouterSmokeTest	F:/~dev/rawrxd/CMakeLists.txt	2592	se _proper y TARGET Deep2Engine_Rou erSmokeTes  APPEND_STRING PROPERTY LINK_FLAGS  ${_WIN10_SDK_ROOT}/Lib/${_SDK_UCRT_VER}/ucr /x64\	set_property TARGET Deep2Engine_RouterSmokeTest APPEND_STRING PROPERTY LINK_FLAGS  ${_WIN10_SDK_ROOT}/Lib/${_SDK_UCRT_VER}/ucrt/x64/	UNRESOLVED_EXPRESSION	1	FALSE	FALSE	FALSE	2	UNRESOLVED_EXPRESSION
Deep2Engine_RouterSmokeTest	F:/~dev/rawrxd/CMakeLists.txt	2595	se _proper y TARGET Deep2Engine_Rou erSmokeTes  APPEND_STRING PROPERTY LINK_FLAGS  ${_MSVC_ROOT}/lib/x64\	set_property TARGET Deep2Engine_RouterSmokeTest APPEND_STRING PROPERTY LINK_FLAGS  ${_MSVC_ROOT}/lib/x64/	UNRESOLVED_EXPRESSION	1	FALSE	FALSE	FALSE	2	UNRESOLVED_EXPRESSION
Deep2_Batch_Test	F:/~dev/rawrxd/CMakeLists.txt	38706	RUNTIME_OUTPUT_DIRECTORY ${CMAKE_BINARY_DIR}/bin	RUNTIME_OUTPUT_DIRECTORY ${CMAKE_BINARY_DIR}/bin	UNRESOLVED_EXPRESSION	1	FALSE	FALSE	FALSE	3	UNRESOLVED_EXPRESSION
Deep2_Gateway_Runtime_Certification	F:/~dev/rawrxd/cmake/Deep2GatewayCertStandalone.fragment.cmake	11	${CMAKE_SOURCE_DIR}/src/deep2/cer ifica ion/Deep2_Cer _Main.cpp	${CMAKE_SOURCE_DIR}/src/deep2/certification/Deep2_Cert_Main.cpp	UNRESOLVED_EXPRESSION	1	FALSE	FALSE	FALSE	1	UNRESOLVED_EXPRESSION
Deep2_Gateway_Runtime_Certification	F:/~dev/rawrxd/cmake/Deep2GatewayCertStandalone.fragment.cmake	12	${CMAKE_SOURCE_DIR}/src/deep2/cer ifica ion/Deep2_Cer _MockGa eway.cpp	${CMAKE_SOURCE_DIR}/src/deep2/certification/Deep2_Cert_MockGateway.cpp	UNRESOLVED_EXPRESSION	1	FALSE	FALSE	FALSE	1	UNRESOLVED_EXPRESSION
Deep2_Gateway_Runtime_Certification	F:/~dev/rawrxd/cmake/Deep2GatewayCertStandalone.fragment.cmake	15	${CMAKE_SOURCE_DIR}/src/deep2/cer ifica ion	${CMAKE_SOURCE_DIR}/src/deep2/certification	UNRESOLVED_EXPRESSION	1	FALSE	FALSE	FALSE	1	UNRESOLVED_EXPRESSION
Deep2_Gateway_Runtime_Certification	F:/~dev/rawrxd/cmake/Deep2GatewayCertStandalone.fragment.cmake	21	$<$<NOT:$<CONFIG:Debug>>:/O2>	$<$<NOT:$<CONFIG:Debug>>:/O2>	UNRESOLVED_EXPRESSION	1	FALSE	FALSE	FALSE	2	UNRESOLVED_EXPRESSION
Deep2_Gateway_Runtime_Certification	F:/~dev/rawrxd/cmake/Deep2GatewayCertStandalone.fragment.cmake	26	RUNTIME_OUTPUT_DIRECTORY ${CMAKE_BINARY_DIR}/bin	RUNTIME_OUTPUT_DIRECTORY ${CMAKE_BINARY_DIR}/bin	UNRESOLVED_EXPRESSION	1	FALSE	FALSE	FALSE	1	UNRESOLVED_EXPRESSION
Deep2_Gateway_Runtime_Certification	F:/~dev/rawrxd/cmake/Deep2GatewayCertStandalone.fragment.cmake	28	Mul iThreaded$<$<CONFIG:Debug>:Debug>	MultiThreaded$<$<CONFIG:Debug>:Debug>	UNRESOLVED_EXPRESSION	1	FALSE	FALSE	FALSE	1	UNRESOLVED_EXPRESSION
DirectX	F:/~dev/rawrxd/cmake/FindDirectX.cmake	65	${DIRECTX_INCLUDE_DIR}	${DIRECTX_INCLUDE_DIR}	UNRESOLVED_EXPRESSION	1	FALSE	FALSE	FALSE	1	UNRESOLVED_EXPRESSION
DirectX	F:/~dev/rawrxd/cmake/FindDirectX.cmake	69	${DIRECTX_D3D11}	${DIRECTX_D3D11}	UNRESOLVED_EXPRESSION	1	FALSE	FALSE	FALSE	1	UNRESOLVED_EXPRESSION
DirectX	F:/~dev/rawrxd/cmake/FindDirectX.cmake	70	${DIRECTX_D3D12}	${DIRECTX_D3D12}	UNRESOLVED_EXPRESSION	1	FALSE	FALSE	FALSE	1	UNRESOLVED_EXPRESSION
DirectX	F:/~dev/rawrxd/cmake/FindDirectX.cmake	71	${DIRECTX_DXGI}	${DIRECTX_DXGI}	UNRESOLVED_EXPRESSION	1	FALSE	FALSE	FALSE	1	UNRESOLVED_EXPRESSION
DirectX	F:/~dev/rawrxd/cmake/FindDirectX.cmake	72	${DIRECTX_D2D1}	${DIRECTX_D2D1}	UNRESOLVED_EXPRESSION	1	FALSE	FALSE	FALSE	1	UNRESOLVED_EXPRESSION
DirectX	F:/~dev/rawrxd/cmake/FindDirectX.cmake	73	${DIRECTX_DWRITE}	${DIRECTX_DWRITE}	UNRESOLVED_EXPRESSION	1	FALSE	FALSE	FALSE	1	UNRESOLVED_EXPRESSION
DirectX	F:/~dev/rawrxd/cmake/FindDirectX.cmake	76	Direc X found: ${DIRECTX_INCLUDE_DIR}	DirectX found: ${DIRECTX_INCLUDE_DIR}	UNRESOLVED_EXPRESSION	1	FALSE	FALSE	FALSE	1	UNRESOLVED_EXPRESSION
EMPTY_TARGET	F:/~dev/rawrxd/audit/RAWRXD_IDE_AUDIT_20261002/defer_harness/CMakeLists.txt	85	unknown MODE=${MODE}	unknown MODE=${MODE}	UNRESOLVED_EXPRESSION	1	FALSE	FALSE	FALSE	1	UNRESOLVED_EXPRESSION
FETCHCONTENT_UPDATES_DISCONNECTED	F:/~dev/rawrxd/cmake/RawrXDStrictShipping.cmake	32	${_src}	${_src}	UNRESOLVED_EXPRESSION	1	FALSE	FALSE	FALSE	1	UNRESOLVED_EXPRESSION
FETCHCONTENT_UPDATES_DISCONNECTED	F:/~dev/rawrxd/cmake/RawrXDStrictShipping.cmake	65	${_src}	${_src}	UNRESOLVED_EXPRESSION	1	FALSE	FALSE	FALSE	2	UNRESOLVED_EXPRESSION
FIXTURE_DIR	F:/~dev/rawrxd/audit/RAWRXD_IDE_AUDIT_20261002/gate_harness/CMakeLists.txt	27	${CMAKE_CURRENT_LIST_DIR}/fix ures/${FIXTURE}	${CMAKE_CURRENT_LIST_DIR}/fixtures/${FIXTURE}	UNRESOLVED_EXPRESSION	1	FALSE	FALSE	FALSE	0	UNRESOLVED_EXPRESSION
FIXTURE_DIR	F:/~dev/rawrxd/audit/RAWRXD_IDE_AUDIT_20261002/gate_harness/CMakeLists.txt	38	${CMAKE_CURRENT_LIST_DIR}/fix ures/${FIXTURE}/${_src}	${CMAKE_CURRENT_LIST_DIR}/fixtures/${FIXTURE}/${_src}	UNRESOLVED_EXPRESSION	1	FALSE	FALSE	FALSE	0	UNRESOLVED_EXPRESSION
FIXTURE_DIR	F:/~dev/rawrxd/audit/RAWRXD_IDE_AUDIT_20261002/gate_harness/CMakeLists.txt	41	${_src}	${_src}	UNRESOLVED_EXPRESSION	1	FALSE	FALSE	FALSE	1	UNRESOLVED_EXPRESSION
FIXTURE_DIR	F:/~dev/rawrxd/audit/RAWRXD_IDE_AUDIT_20261002/gate_harness/CMakeLists.txt	51	${_src}	${_src}	UNRESOLVED_EXPRESSION	1	FALSE	FALSE	FALSE	1	UNRESOLVED_EXPRESSION
FIXTURE_DIR	F:/~dev/rawrxd/audit/RAWRXD_IDE_AUDIT_20261002/gate_harness/CMakeLists.txt	54	${_src}	${_src}	UNRESOLVED_EXPRESSION	1	FALSE	FALSE	FALSE	0	UNRESOLVED_EXPRESSION
FIXTURE_DIR	F:/~dev/rawrxd/audit/RAWRXD_IDE_AUDIT_20261002/gate_harness/CMakeLists.txt	64	[release_cer _source_closure] ${lis _var}: ${_emp ybodied} declared source(s) are EMPTY-BODIED:\n  ${_eb}	[release_cert_source_closure] ${list_var}: ${_emptybodied} declared source(s) are EMPTY-BODIED:/n  ${_eb}	UNRESOLVED_EXPRESSION	1	FALSE	FALSE	FALSE	2	UNRESOLVED_EXPRESSION
FIXTURE_DIR	F:/~dev/rawrxd/audit/RAWRXD_IDE_AUDIT_20261002/gate_harness/CMakeLists.txt	66	se  RAWRXD_HARNESS_VIOLATION_COUNT ${_n} CACHE INTERNAL   FORCE	set RAWRXD_HARNESS_VIOLATION_COUNT ${_n} CACHE INTERNAL   FORCE	UNRESOLVED_EXPRESSION	1	FALSE	FALSE	FALSE	2	UNRESOLVED_EXPRESSION
FIXTURE_DIR	F:/~dev/rawrxd/audit/RAWRXD_IDE_AUDIT_20261002/gate_harness/CMakeLists.txt	67	${RAWRXD_HARNESS_VIOLATIONS}|||${_msg}	${RAWRXD_HARNESS_VIOLATIONS}|||${_msg}	UNRESOLVED_EXPRESSION	1	FALSE	FALSE	FALSE	2	UNRESOLVED_EXPRESSION
FIXTURE_DIR	F:/~dev/rawrxd/audit/RAWRXD_IDE_AUDIT_20261002/gate_harness/CMakeLists.txt	78	[rawrxd_fil er_missing_sources] ${lis _var}: ${_dropped} referenced source(s) do no  exis :\n  ${_dr}	[rawrxd_filter_missing_sources] ${list_var}: ${_dropped} referenced source(s) do not exist:/n  ${_dr}	UNRESOLVED_EXPRESSION	1	FALSE	FALSE	FALSE	2	UNRESOLVED_EXPRESSION
FIXTURE_DIR	F:/~dev/rawrxd/audit/RAWRXD_IDE_AUDIT_20261002/gate_harness/CMakeLists.txt	80	se  RAWRXD_HARNESS_VIOLATION_COUNT ${_n} CACHE INTERNAL   FORCE	set RAWRXD_HARNESS_VIOLATION_COUNT ${_n} CACHE INTERNAL   FORCE	UNRESOLVED_EXPRESSION	1	FALSE	FALSE	FALSE	2	UNRESOLVED_EXPRESSION
FIXTURE_DIR	F:/~dev/rawrxd/audit/RAWRXD_IDE_AUDIT_20261002/gate_harness/CMakeLists.txt	81	${RAWRXD_HARNESS_VIOLATIONS}|||${_msg}	${RAWRXD_HARNESS_VIOLATIONS}|||${_msg}	UNRESOLVED_EXPRESSION	1	FALSE	FALSE	FALSE	2	UNRESOLVED_EXPRESSION
Fix4_FlashAttention_Benchmark	F:/~dev/rawrxd/CMakeLists.txt	91866	${CMAKE_SOURCE_DIR}/src	${CMAKE_SOURCE_DIR}/src	UNRESOLVED_EXPRESSION	1	FALSE	FALSE	FALSE	5	UNRESOLVED_EXPRESSION
Fix4_FlashAttention_Benchmark	F:/~dev/rawrxd/CMakeLists.txt	91867	${CMAKE_SOURCE_DIR}/src/memory	${CMAKE_SOURCE_DIR}/src/memory	UNRESOLVED_EXPRESSION	1	FALSE	FALSE	FALSE	5	UNRESOLVED_EXPRESSION
Fix4_FlashAttention_Benchmark	F:/~dev/rawrxd/CMakeLists.txt	91868	${CMAKE_SOURCE_DIR}/include	${CMAKE_SOURCE_DIR}/include	UNRESOLVED_EXPRESSION	1	FALSE	FALSE	FALSE	5	UNRESOLVED_EXPRESSION
Fix4_FlashAttention_Benchmark	F:/~dev/rawrxd/CMakeLists.txt	91881	RUNTIME_OUTPUT_DIRECTORY ${CMAKE_BINARY_DIR}/bin	RUNTIME_OUTPUT_DIRECTORY ${CMAKE_BINARY_DIR}/bin	UNRESOLVED_EXPRESSION	1	FALSE	FALSE	FALSE	5	UNRESOLVED_EXPRESSION
Fix5_FusedQuantized_Benchmark	F:/~dev/rawrxd/CMakeLists.txt	92706	${CMAKE_SOURCE_DIR}/src	${CMAKE_SOURCE_DIR}/src	UNRESOLVED_EXPRESSION	1	FALSE	FALSE	FALSE	5	UNRESOLVED_EXPRESSION
Fix5_FusedQuantized_Benchmark	F:/~dev/rawrxd/CMakeLists.txt	92707	${CMAKE_SOURCE_DIR}/src/memory	${CMAKE_SOURCE_DIR}/src/memory	UNRESOLVED_EXPRESSION	1	FALSE	FALSE	FALSE	5	UNRESOLVED_EXPRESSION
Fix5_FusedQuantized_Benchmark	F:/~dev/rawrxd/CMakeLists.txt	92708	${CMAKE_SOURCE_DIR}/include	${CMAKE_SOURCE_DIR}/include	UNRESOLVED_EXPRESSION	1	FALSE	FALSE	FALSE	5	UNRESOLVED_EXPRESSION
Fix5_FusedQuantized_Benchmark	F:/~dev/rawrxd/CMakeLists.txt	92721	RUNTIME_OUTPUT_DIRECTORY ${CMAKE_BINARY_DIR}/bin	RUNTIME_OUTPUT_DIRECTORY ${CMAKE_BINARY_DIR}/bin	UNRESOLVED_EXPRESSION	1	FALSE	FALSE	FALSE	5	UNRESOLVED_EXPRESSION
GGUF_Alignment_Diagnostic	F:/~dev/rawrxd/CMakeLists.txt	2622	RUNTIME_OUTPUT_DIRECTORY ${CMAKE_BINARY_DIR}/bin	RUNTIME_OUTPUT_DIRECTORY ${CMAKE_BINARY_DIR}/bin	UNRESOLVED_EXPRESSION	1	FALSE	FALSE	FALSE	1	UNRESOLVED_EXPRESSION
GGUF_Alignment_Diagnostic	F:/~dev/rawrxd/CMakeLists.txt	2625	${CMAKE_SOURCE_DIR}	${CMAKE_SOURCE_DIR}	UNRESOLVED_EXPRESSION	1	FALSE	FALSE	FALSE	1	UNRESOLVED_EXPRESSION
GGUF_Alignment_Diagnostic	F:/~dev/rawrxd/CMakeLists.txt	2626	${CMAKE_SOURCE_DIR}/src	${CMAKE_SOURCE_DIR}/src	UNRESOLVED_EXPRESSION	1	FALSE	FALSE	FALSE	1	UNRESOLVED_EXPRESSION
GGUF_Alignment_Diagnostic	F:/~dev/rawrxd/CMakeLists.txt	2627	${CMAKE_SOURCE_DIR}/src/deep2	${CMAKE_SOURCE_DIR}/src/deep2	UNRESOLVED_EXPRESSION	1	FALSE	FALSE	FALSE	1	UNRESOLVED_EXPRESSION
GGUF_Alignment_Diagnostic	F:/~dev/rawrxd/CMakeLists.txt	2628	${CMAKE_SOURCE_DIR}/include	${CMAKE_SOURCE_DIR}/include	UNRESOLVED_EXPRESSION	1	FALSE	FALSE	FALSE	1	UNRESOLVED_EXPRESSION
GGUF_Alignment_Diagnostic	F:/~dev/rawrxd/CMakeLists.txt	2631	 arge _link_direc ories GGUF_Alignmen _Diagnos ic PRIVATE ${_RAWR_MSVC_LIBPATHS}	target_link_directories GGUF_Alignment_Diagnostic PRIVATE ${_RAWR_MSVC_LIBPATHS}	UNRESOLVED_EXPRESSION	1	FALSE	FALSE	FALSE	2	UNRESOLVED_EXPRESSION
GGUF_Alignment_Diagnostic	F:/~dev/rawrxd/CMakeLists.txt	2633	${_rawr_lib}	${_rawr_lib}	UNRESOLVED_EXPRESSION	1	FALSE	FALSE	FALSE	3	UNRESOLVED_EXPRESSION
GGUF_Alignment_Diagnostic	F:/~dev/rawrxd/CMakeLists.txt	2634	 arge _link_op ions GGUF_Alignmen _Diagnos ic PRIVATE  ${_rawr_lib}\	target_link_options GGUF_Alignment_Diagnostic PRIVATE  ${_rawr_lib}/	UNRESOLVED_EXPRESSION	1	FALSE	FALSE	FALSE	3	UNRESOLVED_EXPRESSION
GGUF_Alignment_Diagnostic	F:/~dev/rawrxd/CMakeLists.txt	2639	se _proper y TARGET GGUF_Alignmen _Diagnos ic APPEND_STRING PROPERTY LINK_FLAGS  ${_WIN10_SDK_ROOT}/Lib/${_SDK_UM_VER}/um/x64\	set_property TARGET GGUF_Alignment_Diagnostic APPEND_STRING PROPERTY LINK_FLAGS  ${_WIN10_SDK_ROOT}/Lib/${_SDK_UM_VER}/um/x64/	UNRESOLVED_EXPRESSION	1	FALSE	FALSE	FALSE	2	UNRESOLVED_EXPRESSION
GGUF_Alignment_Diagnostic	F:/~dev/rawrxd/CMakeLists.txt	2642	se _proper y TARGET GGUF_Alignmen _Diagnos ic APPEND_STRING PROPERTY LINK_FLAGS  ${_WIN10_SDK_ROOT}/Lib/${_SDK_UCRT_VER}/ucr /x64\	set_property TARGET GGUF_Alignment_Diagnostic APPEND_STRING PROPERTY LINK_FLAGS  ${_WIN10_SDK_ROOT}/Lib/${_SDK_UCRT_VER}/ucrt/x64/	UNRESOLVED_EXPRESSION	1	FALSE	FALSE	FALSE	2	UNRESOLVED_EXPRESSION
GGUF_Alignment_Diagnostic	F:/~dev/rawrxd/CMakeLists.txt	2645	se _proper y TARGET GGUF_Alignmen _Diagnos ic APPEND_STRING PROPERTY LINK_FLAGS  ${_MSVC_ROOT}/lib/x64\	set_property TARGET GGUF_Alignment_Diagnostic APPEND_STRING PROPERTY LINK_FLAGS  ${_MSVC_ROOT}/lib/x64/	UNRESOLVED_EXPRESSION	1	FALSE	FALSE	FALSE	2	UNRESOLVED_EXPRESSION
GOLD_UNDERSCORE_SOURCES	F:/~dev/rawrxd/CMakeLists.txt	16385	se  GOLD_UNDERSCORE_SOURCES ${SOURCES}	set GOLD_UNDERSCORE_SOURCES ${SOURCES}	UNRESOLVED_EXPRESSION	1	FALSE	FALSE	FALSE	2	UNRESOLVED_EXPRESSION
GOLD_UNDERSCORE_SOURCES	F:/~dev/rawrxd/CMakeLists.txt	16402	.*/unlinked_symbols_ba ch_001\\.cpp$	.*/unlinked_symbols_batch_001//.cpp$	GLOB	1	FALSE	FALSE	FALSE	2	GLOB_EXPRESSION
GOLD_UNDERSCORE_SOURCES	F:/~dev/rawrxd/CMakeLists.txt	16403	.*/unlinked_symbols_ba ch_002\\.cpp$	.*/unlinked_symbols_batch_002//.cpp$	GLOB	1	FALSE	FALSE	FALSE	2	GLOB_EXPRESSION
GOLD_UNDERSCORE_SOURCES	F:/~dev/rawrxd/CMakeLists.txt	16404	.*/unlinked_symbols_ba ch_003\\.cpp$	.*/unlinked_symbols_batch_003//.cpp$	GLOB	1	FALSE	FALSE	FALSE	2	GLOB_EXPRESSION
GOLD_UNDERSCORE_SOURCES	F:/~dev/rawrxd/CMakeLists.txt	16405	.*/unlinked_symbols_ba ch_004\\.cpp$	.*/unlinked_symbols_batch_004//.cpp$	GLOB	1	FALSE	FALSE	FALSE	2	GLOB_EXPRESSION
GOLD_UNDERSCORE_SOURCES	F:/~dev/rawrxd/CMakeLists.txt	16406	.*/unlinked_symbols_ba ch_005\\.cpp$	.*/unlinked_symbols_batch_005//.cpp$	GLOB	1	FALSE	FALSE	FALSE	2	GLOB_EXPRESSION
GOLD_UNDERSCORE_SOURCES	F:/~dev/rawrxd/CMakeLists.txt	16407	.*/unlinked_symbols_ba ch_006\\.cpp$	.*/unlinked_symbols_batch_006//.cpp$	GLOB	1	FALSE	FALSE	FALSE	2	GLOB_EXPRESSION
GOLD_UNDERSCORE_SOURCES	F:/~dev/rawrxd/CMakeLists.txt	16408	.*/unlinked_symbols_ba ch_007\\.cpp$	.*/unlinked_symbols_batch_007//.cpp$	GLOB	1	FALSE	FALSE	FALSE	2	GLOB_EXPRESSION
GOLD_UNDERSCORE_SOURCES	F:/~dev/rawrxd/CMakeLists.txt	16409	.*/unlinked_symbols_ba ch_008\\.cpp$	.*/unlinked_symbols_batch_008//.cpp$	GLOB	1	FALSE	FALSE	FALSE	2	GLOB_EXPRESSION
GOLD_UNDERSCORE_SOURCES	F:/~dev/rawrxd/CMakeLists.txt	16410	.*/unlinked_symbols_ba ch_009\\.cpp$	.*/unlinked_symbols_batch_009//.cpp$	GLOB	1	FALSE	FALSE	FALSE	2	GLOB_EXPRESSION
GOLD_UNDERSCORE_SOURCES	F:/~dev/rawrxd/CMakeLists.txt	16411	.*/unlinked_symbols_ba ch_010\\.cpp$	.*/unlinked_symbols_batch_010//.cpp$	GLOB	1	FALSE	FALSE	FALSE	2	GLOB_EXPRESSION
GOLD_UNDERSCORE_SOURCES	F:/~dev/rawrxd/CMakeLists.txt	16412	.*/unlinked_symbols_ba ch_011\\.cpp$	.*/unlinked_symbols_batch_011//.cpp$	GLOB	1	FALSE	FALSE	FALSE	2	GLOB_EXPRESSION
GOLD_UNDERSCORE_SOURCES	F:/~dev/rawrxd/CMakeLists.txt	16413	.*/unlinked_symbols_ba ch_012\\.cpp$	.*/unlinked_symbols_batch_012//.cpp$	GLOB	1	FALSE	FALSE	FALSE	2	GLOB_EXPRESSION
GOLD_UNDERSCORE_SOURCES	F:/~dev/rawrxd/CMakeLists.txt	16415	.*/RawrXD_LSPServer\\.cpp$	.*/RawrXD_LSPServer//.cpp$	GLOB	1	FALSE	FALSE	FALSE	2	GLOB_EXPRESSION
GOLD_UNDERSCORE_SOURCES	F:/~dev/rawrxd/CMakeLists.txt	16417	.*/lsp_ho pa ch_bridge\\.cpp$	.*/lsp_hotpatch_bridge//.cpp$	GLOB	1	FALSE	FALSE	FALSE	2	GLOB_EXPRESSION
GOLD_UNDERSCORE_SOURCES	F:/~dev/rawrxd/CMakeLists.txt	16419	.*/rawr_engine_link_shims\\.cpp$	.*/rawr_engine_link_shims//.cpp$	GLOB	1	FALSE	FALSE	FALSE	2	GLOB_EXPRESSION
GOLD_UNDERSCORE_SOURCES	F:/~dev/rawrxd/CMakeLists.txt	16421	.*/mesh_brain\\.cpp$	.*/mesh_brain//.cpp$	GLOB	1	FALSE	FALSE	FALSE	2	GLOB_EXPRESSION
GOLD_UNDERSCORE_SOURCES	F:/~dev/rawrxd/CMakeLists.txt	16422	.*/specia or_engine\\.cpp$	.*/speciator_engine//.cpp$	GLOB	1	FALSE	FALSE	FALSE	2	GLOB_EXPRESSION
GOLD_UNDERSCORE_SOURCES	F:/~dev/rawrxd/CMakeLists.txt	16423	.*/hardware_syn hesizer\\.cpp$	.*/hardware_synthesizer//.cpp$	GLOB	1	FALSE	FALSE	FALSE	2	GLOB_EXPRESSION
GOLD_UNDERSCORE_SOURCES	F:/~dev/rawrxd/CMakeLists.txt	16425	.*/pyre_compu e\\.cpp$	.*/pyre_compute//.cpp$	GLOB	1	FALSE	FALSE	FALSE	2	GLOB_EXPRESSION
GOLD_UNDERSCORE_SOURCES	F:/~dev/rawrxd/CMakeLists.txt	16426	.*/by e_level_ho pa cher\\.cpp$	.*/byte_level_hotpatcher//.cpp$	GLOB	1	FALSE	FALSE	FALSE	2	GLOB_EXPRESSION
GOLD_UNDERSCORE_SOURCES	F:/~dev/rawrxd/CMakeLists.txt	16427	.*/shadow_page_de our\\.cpp$	.*/shadow_page_detour//.cpp$	GLOB	1	FALSE	FALSE	FALSE	2	GLOB_EXPRESSION
GOLD_UNDERSCORE_SOURCES	F:/~dev/rawrxd/CMakeLists.txt	16428	.*/au o_repair_orches ra or\\.cpp$	.*/auto_repair_orchestrator//.cpp$	GLOB	1	FALSE	FALSE	FALSE	2	GLOB_EXPRESSION
GOLD_UNDERSCORE_SOURCES	F:/~dev/rawrxd/CMakeLists.txt	16429	.*/agen _self_healing_orches ra or\\.cpp$	.*/agent_self_healing_orchestrator//.cpp$	GLOB	1	FALSE	FALSE	FALSE	2	GLOB_EXPRESSION
GOLD_UNDERSCORE_SOURCES	F:/~dev/rawrxd/CMakeLists.txt	16430	.*/rawrxd_linker_closure\\.cpp$	.*/rawrxd_linker_closure//.cpp$	GLOB	1	FALSE	FALSE	FALSE	2	GLOB_EXPRESSION
GOLD_UNDERSCORE_SOURCES	F:/~dev/rawrxd/CMakeLists.txt	16431	.*/camellia256_bridge\\.cpp$	.*/camellia256_bridge//.cpp$	GLOB	1	FALSE	FALSE	FALSE	2	GLOB_EXPRESSION
GOLD_UNDERSCORE_SOURCES	F:/~dev/rawrxd/CMakeLists.txt	16432	.*/rawrxd_subsys em_api\\.cpp$	.*/rawrxd_subsystem_api//.cpp$	GLOB	1	FALSE	FALSE	FALSE	2	GLOB_EXPRESSION
GOLD_UNDERSCORE_SOURCES	F:/~dev/rawrxd/CMakeLists.txt	16433	.*/perf_ eleme ry\\.cpp$	.*/perf_telemetry//.cpp$	GLOB	1	FALSE	FALSE	FALSE	2	GLOB_EXPRESSION
GOLD_UNDERSCORE_SOURCES	F:/~dev/rawrxd/CMakeLists.txt	16434	.*/upda e_signa ure\\.cpp$	.*/update_signature//.cpp$	GLOB	1	FALSE	FALSE	FALSE	2	GLOB_EXPRESSION
GOLD_UNDERSCORE_SOURCES	F:/~dev/rawrxd/CMakeLists.txt	16435	.*/neural_bridge\\.cpp$	.*/neural_bridge//.cpp$	GLOB	1	FALSE	FALSE	FALSE	2	GLOB_EXPRESSION
GOLD_UNDERSCORE_SOURCES	F:/~dev/rawrxd/CMakeLists.txt	16436	.*/omega_orches ra or\\.cpp$	.*/omega_orchestrator//.cpp$	GLOB	1	FALSE	FALSE	FALSE	2	GLOB_EXPRESSION
GOLD_UNDERSCORE_SOURCES	F:/~dev/rawrxd/CMakeLists.txt	16438	.*/unified_ho pa ch_manager\\.cpp$	.*/unified_hotpatch_manager//.cpp$	GLOB	1	FALSE	FALSE	FALSE	2	GLOB_EXPRESSION
GOLD_UNDERSCORE_SOURCES	F:/~dev/rawrxd/CMakeLists.txt	16439	.*/sen inel_wa chdog\\.cpp$	.*/sentinel_watchdog//.cpp$	GLOB	1	FALSE	FALSE	FALSE	2	GLOB_EXPRESSION
GOLD_UNDERSCORE_SOURCES	F:/~dev/rawrxd/CMakeLists.txt	16441	.*/ho pa ch_symbol_provider\\.cpp$	.*/hotpatch_symbol_provider//.cpp$	GLOB	1	FALSE	FALSE	FALSE	2	GLOB_EXPRESSION
GOLD_UNDERSCORE_SOURCES	F:/~dev/rawrxd/CMakeLists.txt	16442	.*/gguf_diagnos ic_provider\\.cpp$	.*/gguf_diagnostic_provider//.cpp$	GLOB	1	FALSE	FALSE	FALSE	2	GLOB_EXPRESSION
GOLD_UNDERSCORE_SOURCES	F:/~dev/rawrxd/CMakeLists.txt	16443	.*/fea ure_handlers\\.cpp$	.*/feature_handlers//.cpp$	GLOB	1	FALSE	FALSE	FALSE	2	GLOB_EXPRESSION
GOLD_UNDERSCORE_SOURCES	F:/~dev/rawrxd/CMakeLists.txt	16444	.*/i era ive_ ensor_ raversal\\.cpp$	.*/iterative_tensor_traversal//.cpp$	GLOB	1	FALSE	FALSE	FALSE	2	GLOB_EXPRESSION
GOLD_UNDERSCORE_SOURCES	F:/~dev/rawrxd/CMakeLists.txt	16445	.*/execu ion_scheduler\\.cpp$	.*/execution_scheduler//.cpp$	GLOB	1	FALSE	FALSE	FALSE	2	GLOB_EXPRESSION
GOLD_UNDERSCORE_SOURCES	F:/~dev/rawrxd/CMakeLists.txt	16446	.*/agen ic_decision_ ree\\.cpp$	.*/agentic_decision_tree//.cpp$	GLOB	1	FALSE	FALSE	FALSE	2	GLOB_EXPRESSION
GOLD_UNDERSCORE_SOURCES	F:/~dev/rawrxd/CMakeLists.txt	16447	.*/agen ic_ ask_graph\\.cpp$	.*/agentic_task_graph//.cpp$	GLOB	1	FALSE	FALSE	FALSE	2	GLOB_EXPRESSION
GOLD_UNDERSCORE_SOURCES	F:/~dev/rawrxd/CMakeLists.txt	16448	.*/agen _self_repair\\.cpp$	.*/agent_self_repair//.cpp$	GLOB	1	FALSE	FALSE	FALSE	2	GLOB_EXPRESSION
GOLD_UNDERSCORE_SOURCES	F:/~dev/rawrxd/CMakeLists.txt	16449	.*/model_bru eforce_engine\\.cpp$	.*/model_bruteforce_engine//.cpp$	GLOB	1	FALSE	FALSE	FALSE	2	GLOB_EXPRESSION
GOLD_UNDERSCORE_SOURCES	F:/~dev/rawrxd/CMakeLists.txt	16450	.*/rawrengine_command_handlers\\.cpp$	.*/rawrengine_command_handlers//.cpp$	GLOB	1	FALSE	FALSE	FALSE	2	GLOB_EXPRESSION
GOLD_UNDERSCORE_SOURCES	F:/~dev/rawrxd/CMakeLists.txt	16452	.*/cli_au onomy_loop\\.cpp$	.*/cli_autonomy_loop//.cpp$	GLOB	1	FALSE	FALSE	FALSE	2	GLOB_EXPRESSION
GOLD_UNDERSCORE_SOURCES	F:/~dev/rawrxd/CMakeLists.txt	16453	.*/au onomous_recovery_orches ra or\\.cpp$	.*/autonomous_recovery_orchestrator//.cpp$	GLOB	1	FALSE	FALSE	FALSE	2	GLOB_EXPRESSION
GOLD_UNDERSCORE_SOURCES	F:/~dev/rawrxd/CMakeLists.txt	16454	.*/Agen Orches ra or\\.cpp$	.*/AgentOrchestrator//.cpp$	GLOB	1	FALSE	FALSE	FALSE	2	GLOB_EXPRESSION
GOLD_UNDERSCORE_SOURCES	F:/~dev/rawrxd/CMakeLists.txt	16455	.*/ToolRegis ry\\.cpp$	.*/ToolRegistry//.cpp$	GLOB	1	FALSE	FALSE	FALSE	2	GLOB_EXPRESSION
GOLD_UNDERSCORE_SOURCES	F:/~dev/rawrxd/CMakeLists.txt	16456	.*/agen ic_deep_ hinking_engine\\.cpp$	.*/agentic_deep_thinking_engine//.cpp$	GLOB	1	FALSE	FALSE	FALSE	2	GLOB_EXPRESSION
GOLD_UNDERSCORE_SOURCES	F:/~dev/rawrxd/CMakeLists.txt	16458	.*/quan um_au onomous_ odo_sys em\\.cpp$	.*/quantum_autonomous_todo_system//.cpp$	GLOB	1	FALSE	FALSE	FALSE	2	GLOB_EXPRESSION
GOLD_UNDERSCORE_SOURCES	F:/~dev/rawrxd/CMakeLists.txt	16459	.*/quan um_produc ion_orches ra or\\.cpp$	.*/quantum_production_orchestrator//.cpp$	GLOB	1	FALSE	FALSE	FALSE	2	GLOB_EXPRESSION
GOLD_UNDERSCORE_SOURCES	F:/~dev/rawrxd/CMakeLists.txt	16460	.*/quan um_mul i_model_agen _cycling\\.cpp$	.*/quantum_multi_model_agent_cycling//.cpp$	GLOB	1	FALSE	FALSE	FALSE	2	GLOB_EXPRESSION
GOLD_UNDERSCORE_SOURCES	F:/~dev/rawrxd/CMakeLists.txt	16461	.*/quan um_missing_impl\\.cpp$	.*/quantum_missing_impl//.cpp$	GLOB	1	FALSE	FALSE	FALSE	2	GLOB_EXPRESSION
GOLD_UNDERSCORE_SOURCES	F:/~dev/rawrxd/CMakeLists.txt	16463	.*/s reaming_inference_engine\\.cpp$	.*/streaming_inference_engine//.cpp$	GLOB	1	FALSE	FALSE	FALSE	2	GLOB_EXPRESSION
GOLD_UNDERSCORE_SOURCES	F:/~dev/rawrxd/CMakeLists.txt	16465	.*/link_s ubs_produc ion\\.cpp$	.*/link_stubs_production//.cpp$	GLOB	1	FALSE	FALSE	FALSE	2	GLOB_EXPRESSION
GOLD_UNDERSCORE_SOURCES	F:/~dev/rawrxd/CMakeLists.txt	16467	.*/memory_produc ion\\.cpp$	.*/memory_production//.cpp$	GLOB	1	FALSE	FALSE	FALSE	2	GLOB_EXPRESSION
GOLD_UNDERSCORE_SOURCES	F:/~dev/rawrxd/CMakeLists.txt	16469	.*/unified_command_dispa ch\\.cpp$	.*/unified_command_dispatch//.cpp$	GLOB	1	FALSE	FALSE	FALSE	2	GLOB_EXPRESSION
GOLD_UNDERSCORE_SOURCES	F:/~dev/rawrxd/CMakeLists.txt	16470	.*/agen ic_ ransac ion\\.cpp$	.*/agentic_transaction//.cpp$	GLOB	1	FALSE	FALSE	FALSE	2	GLOB_EXPRESSION
GOLD_UNDERSCORE_SOURCES	F:/~dev/rawrxd/CMakeLists.txt	16516	.*/.*_link_shims?\\.cpp$	.*/.*_link_shims?//.cpp$	GLOB	1	FALSE	FALSE	FALSE	3	GLOB_EXPRESSION
GOLD_UNDERSCORE_SOURCES	F:/~dev/rawrxd/CMakeLists.txt	16517	.*/.*_shims?\\.cpp$	.*/.*_shims?//.cpp$	GLOB	1	FALSE	FALSE	FALSE	3	GLOB_EXPRESSION
GOLD_UNDERSCORE_SOURCES	F:/~dev/rawrxd/CMakeLists.txt	16518	.*/.*_fallback[^/]*\\.cpp$	.*/.*_fallback[^/]*//.cpp$	GLOB	1	FALSE	FALSE	FALSE	3	GLOB_EXPRESSION
GOLD_UNDERSCORE_SOURCES	F:/~dev/rawrxd/CMakeLists.txt	16519	.*/s ubs\\.cpp$	.*/stubs//.cpp$	GLOB	1	FALSE	FALSE	FALSE	3	GLOB_EXPRESSION
GOLD_UNDERSCORE_SOURCES	F:/~dev/rawrxd/CMakeLists.txt	16520	.*/.*_s ub\\.cpp$	.*/.*_stub//.cpp$	GLOB	1	FALSE	FALSE	FALSE	3	GLOB_EXPRESSION
GOLD_UNDERSCORE_SOURCES	F:/~dev/rawrxd/CMakeLists.txt	16521	.*/s ub_.*\\.cpp$	.*/stub_.*//.cpp$	GLOB	1	FALSE	FALSE	FALSE	3	GLOB_EXPRESSION
GOLD_UNDERSCORE_SOURCES	F:/~dev/rawrxd/CMakeLists.txt	16522	.*/shim_.*\\.cpp$	.*/shim_.*//.cpp$	GLOB	1	FALSE	FALSE	FALSE	3	GLOB_EXPRESSION
GOLD_UNDERSCORE_SOURCES	F:/~dev/rawrxd/CMakeLists.txt	16523	.*/.*_(mock|fake)\\.cpp$	.*/.*_(mock|fake)//.cpp$	GLOB	1	FALSE	FALSE	FALSE	3	GLOB_EXPRESSION
GOLD_UNDERSCORE_SOURCES	F:/~dev/rawrxd/CMakeLists.txt	16524	.*/.*(mock_|fake_).*\\.cpp$	.*/.*(mock_|fake_).*//.cpp$	GLOB	1	FALSE	FALSE	FALSE	3	GLOB_EXPRESSION
GOLD_UNDERSCORE_SOURCES	F:/~dev/rawrxd/CMakeLists.txt	16525	.*/.*_s ubs\\.asm$	.*/.*_stubs//.asm$	GLOB	1	FALSE	FALSE	FALSE	3	GLOB_EXPRESSION
GOLD_UNDERSCORE_SOURCES	F:/~dev/rawrxd/CMakeLists.txt	16526	.*/s ubs\\.asm$	.*/stubs//.asm$	GLOB	1	FALSE	FALSE	FALSE	3	GLOB_EXPRESSION
GOLD_UNDERSCORE_SOURCES	F:/~dev/rawrxd/CMakeLists.txt	16527	.*/.*_s ub\\.asm$	.*/.*_stub//.asm$	GLOB	1	FALSE	FALSE	FALSE	3	GLOB_EXPRESSION
GOLD_UNDERSCORE_SOURCES	F:/~dev/rawrxd/CMakeLists.txt	16528	.*/s ub_.*\\.asm$	.*/stub_.*//.asm$	GLOB	1	FALSE	FALSE	FALSE	3	GLOB_EXPRESSION
GOLD_UNDERSCORE_SOURCES	F:/~dev/rawrxd/CMakeLists.txt	16529	.*/.*_shims?\\.asm$	.*/.*_shims?//.asm$	GLOB	1	FALSE	FALSE	FALSE	3	GLOB_EXPRESSION
GOLD_UNDERSCORE_SOURCES	F:/~dev/rawrxd/CMakeLists.txt	16530	.*/shim_.*\\.asm$	.*/shim_.*//.asm$	GLOB	1	FALSE	FALSE	FALSE	3	GLOB_EXPRESSION
GOLD_UNDERSCORE_SOURCES	F:/~dev/rawrxd/CMakeLists.txt	16531	.*/.*_link_shims?\\.asm$	.*/.*_link_shims?//.asm$	GLOB	1	FALSE	FALSE	FALSE	3	GLOB_EXPRESSION
GOLD_UNDERSCORE_SOURCES	F:/~dev/rawrxd/CMakeLists.txt	16533	.*/ai/.*_scanner\\.asm$	.*/ai/.*_scanner//.asm$	GLOB	1	FALSE	FALSE	FALSE	3	GLOB_EXPRESSION
GOLD_UNDERSCORE_SOURCES	F:/~dev/rawrxd/CMakeLists.txt	16534	.*/ai/.*_kernel\\.asm$	.*/ai/.*_kernel//.asm$	GLOB	1	FALSE	FALSE	FALSE	3	GLOB_EXPRESSION
GOLD_UNDERSCORE_SOURCES	F:/~dev/rawrxd/CMakeLists.txt	16535	.*/.*_fallback[^/]*\\.asm$	.*/.*_fallback[^/]*//.asm$	GLOB	1	FALSE	FALSE	FALSE	3	GLOB_EXPRESSION
GOLD_UNDERSCORE_SOURCES	F:/~dev/rawrxd/CMakeLists.txt	16536	.*/.*_(mock|fake)\\.asm$	.*/.*_(mock|fake)//.asm$	GLOB	1	FALSE	FALSE	FALSE	3	GLOB_EXPRESSION
GOLD_UNDERSCORE_SOURCES	F:/~dev/rawrxd/CMakeLists.txt	16537	.*/.*(mock_|fake_).*\\.asm$	.*/.*(mock_|fake_).*//.asm$	GLOB	1	FALSE	FALSE	FALSE	3	GLOB_EXPRESSION
GOLD_UNDERSCORE_SOURCES	F:/~dev/rawrxd/CMakeLists.txt	16538	.*/link_s ubs_.*\\.cpp$	.*/link_stubs_.*//.cpp$	GLOB	1	FALSE	FALSE	FALSE	3	GLOB_EXPRESSION
GOLD_UNDERSCORE_SOURCES	F:/~dev/rawrxd/CMakeLists.txt	16539	.*/link_s ubs_.*\\.asm$	.*/link_stubs_.*//.asm$	GLOB	1	FALSE	FALSE	FALSE	3	GLOB_EXPRESSION
GOLD_UNDERSCORE_SOURCES	F:/~dev/rawrxd/CMakeLists.txt	16612	.*/deep2_link_s ubs\\.cpp$	.*/deep2_link_stubs//.cpp$	GLOB	1	FALSE	FALSE	FALSE	2	GLOB_EXPRESSION
HOTPATCH_SOURCES	F:/~dev/rawrxd/cmake/IntentGuardrails.cmake	78	lis  APPEND SOURCES ${INTENT_SOURCES}	list APPEND SOURCES ${INTENT_SOURCES}	UNRESOLVED_EXPRESSION	1	FALSE	FALSE	FALSE	1	UNRESOLVED_EXPRESSION
IDEAutoHealerLauncher	F:/~dev/rawrxd/cmake/AutonomousHealer.cmake	42	${CMAKE_SOURCE_DIR}/include	${CMAKE_SOURCE_DIR}/include	UNRESOLVED_EXPRESSION	1	FALSE	FALSE	FALSE	1	UNRESOLVED_EXPRESSION
IDEAutoHealerLauncher	F:/~dev/rawrxd/cmake/AutonomousHealer.cmake	43	${CMAKE_SOURCE_DIR}/src	${CMAKE_SOURCE_DIR}/src	UNRESOLVED_EXPRESSION	1	FALSE	FALSE	FALSE	1	UNRESOLVED_EXPRESSION
IDEAutoHealerLauncher	F:/~dev/rawrxd/cmake/AutonomousHealer.cmake	44	${CMAKE_SOURCE_DIR}/src/win32app	${CMAKE_SOURCE_DIR}/src/win32app	UNRESOLVED_EXPRESSION	1	FALSE	FALSE	FALSE	1	UNRESOLVED_EXPRESSION
IDEAutoHealerLauncher	F:/~dev/rawrxd/cmake/AutonomousHealer.cmake	58	${CMAKE_BINARY_DIR}/bin	${CMAKE_BINARY_DIR}/bin	UNRESOLVED_EXPRESSION	1	FALSE	FALSE	FALSE	1	UNRESOLVED_EXPRESSION
IDEDiagnosticAutoHealer	F:/~dev/rawrxd/cmake/AutonomousHealer.cmake	15	${CMAKE_SOURCE_DIR}/include	${CMAKE_SOURCE_DIR}/include	UNRESOLVED_EXPRESSION	1	FALSE	FALSE	FALSE	1	UNRESOLVED_EXPRESSION
IDEDiagnosticAutoHealer	F:/~dev/rawrxd/cmake/AutonomousHealer.cmake	16	${CMAKE_SOURCE_DIR}/src	${CMAKE_SOURCE_DIR}/src	UNRESOLVED_EXPRESSION	1	FALSE	FALSE	FALSE	1	UNRESOLVED_EXPRESSION
IDEDiagnosticAutoHealer	F:/~dev/rawrxd/cmake/AutonomousHealer.cmake	17	${CMAKE_SOURCE_DIR}/src/win32app	${CMAKE_SOURCE_DIR}/src/win32app	UNRESOLVED_EXPRESSION	1	FALSE	FALSE	FALSE	1	UNRESOLVED_EXPRESSION
IDEDiagnosticAutoHealer	F:/~dev/rawrxd/cmake/AutonomousHealer.cmake	30	${CMAKE_BINARY_DIR}/lib	${CMAKE_BINARY_DIR}/lib	UNRESOLVED_EXPRESSION	1	FALSE	FALSE	FALSE	1	UNRESOLVED_EXPRESSION
INFERENCE_ENGINE_LIBRARY_SOURCES	F:/~dev/rawrxd/CMakeLists.txt	21304	se  INFERENCE_ENGINE_LIBRARY_SOURCES ${INFERENCE_ENGINE_SOURCES}	set INFERENCE_ENGINE_LIBRARY_SOURCES ${INFERENCE_ENGINE_SOURCES}	UNRESOLVED_EXPRESSION	1	FALSE	FALSE	FALSE	2	UNRESOLVED_EXPRESSION
INFERENCE_ENGINE_SOURCES	F:/~dev/rawrxd/CMakeLists.txt	21281	.*/.*_link_shims?\\.cpp$	.*/.*_link_shims?//.cpp$	GLOB	1	FALSE	FALSE	FALSE	3	GLOB_EXPRESSION
INFERENCE_ENGINE_SOURCES	F:/~dev/rawrxd/CMakeLists.txt	21282	.*/.*_shims?\\.cpp$	.*/.*_shims?//.cpp$	GLOB	1	FALSE	FALSE	FALSE	3	GLOB_EXPRESSION
INFERENCE_ENGINE_SOURCES	F:/~dev/rawrxd/CMakeLists.txt	21283	.*/.*_fallback[^/]*\\.cpp$	.*/.*_fallback[^/]*//.cpp$	GLOB	1	FALSE	FALSE	FALSE	3	GLOB_EXPRESSION
INFERENCE_ENGINE_SOURCES	F:/~dev/rawrxd/CMakeLists.txt	21284	.*/s ubs\\.cpp$	.*/stubs//.cpp$	GLOB	1	FALSE	FALSE	FALSE	3	GLOB_EXPRESSION
INFERENCE_ENGINE_SOURCES	F:/~dev/rawrxd/CMakeLists.txt	21285	.*/.*_s ub\\.cpp$	.*/.*_stub//.cpp$	GLOB	1	FALSE	FALSE	FALSE	3	GLOB_EXPRESSION
INFERENCE_ENGINE_SOURCES	F:/~dev/rawrxd/CMakeLists.txt	21286	.*/s ub_.*\\.cpp$	.*/stub_.*//.cpp$	GLOB	1	FALSE	FALSE	FALSE	3	GLOB_EXPRESSION
INFERENCE_ENGINE_SOURCES	F:/~dev/rawrxd/CMakeLists.txt	21287	.*/shim_.*\\.cpp$	.*/shim_.*//.cpp$	GLOB	1	FALSE	FALSE	FALSE	3	GLOB_EXPRESSION
INFERENCE_ENGINE_SOURCES	F:/~dev/rawrxd/CMakeLists.txt	21288	.*/.*_(mock|fake)\\.cpp$	.*/.*_(mock|fake)//.cpp$	GLOB	1	FALSE	FALSE	FALSE	3	GLOB_EXPRESSION
INFERENCE_ENGINE_SOURCES	F:/~dev/rawrxd/CMakeLists.txt	21289	.*/.*(mock_|fake_).*\\.cpp$	.*/.*(mock_|fake_).*//.cpp$	GLOB	1	FALSE	FALSE	FALSE	3	GLOB_EXPRESSION
INFERENCE_ENGINE_SOURCES	F:/~dev/rawrxd/CMakeLists.txt	21290	.*/.*_s ubs\\.asm$	.*/.*_stubs//.asm$	GLOB	1	FALSE	FALSE	FALSE	3	GLOB_EXPRESSION
INFERENCE_ENGINE_SOURCES	F:/~dev/rawrxd/CMakeLists.txt	21291	.*/s ubs\\.asm$	.*/stubs//.asm$	GLOB	1	FALSE	FALSE	FALSE	3	GLOB_EXPRESSION
INFERENCE_ENGINE_SOURCES	F:/~dev/rawrxd/CMakeLists.txt	21292	.*/.*_s ub\\.asm$	.*/.*_stub//.asm$	GLOB	1	FALSE	FALSE	FALSE	3	GLOB_EXPRESSION
INFERENCE_ENGINE_SOURCES	F:/~dev/rawrxd/CMakeLists.txt	21293	.*/s ub_.*\\.asm$	.*/stub_.*//.asm$	GLOB	1	FALSE	FALSE	FALSE	3	GLOB_EXPRESSION
INFERENCE_ENGINE_SOURCES	F:/~dev/rawrxd/CMakeLists.txt	21294	.*/.*_shims?\\.asm$	.*/.*_shims?//.asm$	GLOB	1	FALSE	FALSE	FALSE	3	GLOB_EXPRESSION
INFERENCE_ENGINE_SOURCES	F:/~dev/rawrxd/CMakeLists.txt	21295	.*/shim_.*\\.asm$	.*/shim_.*//.asm$	GLOB	1	FALSE	FALSE	FALSE	3	GLOB_EXPRESSION
INFERENCE_ENGINE_SOURCES	F:/~dev/rawrxd/CMakeLists.txt	21296	.*/.*_link_shims?\\.asm$	.*/.*_link_shims?//.asm$	GLOB	1	FALSE	FALSE	FALSE	3	GLOB_EXPRESSION
INFERENCE_ENGINE_SOURCES	F:/~dev/rawrxd/CMakeLists.txt	21297	.*/.*_fallback[^/]*\\.asm$	.*/.*_fallback[^/]*//.asm$	GLOB	1	FALSE	FALSE	FALSE	3	GLOB_EXPRESSION
INFERENCE_ENGINE_SOURCES	F:/~dev/rawrxd/CMakeLists.txt	21298	.*/.*_(mock|fake)\\.asm$	.*/.*_(mock|fake)//.asm$	GLOB	1	FALSE	FALSE	FALSE	3	GLOB_EXPRESSION
INFERENCE_ENGINE_SOURCES	F:/~dev/rawrxd/CMakeLists.txt	21299	.*/.*(mock_|fake_).*\\.asm$	.*/.*(mock_|fake_).*//.asm$	GLOB	1	FALSE	FALSE	FALSE	3	GLOB_EXPRESSION
INFERENCE_ENGINE_SOURCES	F:/~dev/rawrxd/CMakeLists.txt	21300	.*/link_s ubs_.*\\.cpp$	.*/link_stubs_.*//.cpp$	GLOB	1	FALSE	FALSE	FALSE	3	GLOB_EXPRESSION
INFERENCE_ENGINE_SOURCES	F:/~dev/rawrxd/CMakeLists.txt	21301	.*/link_s ubs_.*\\.asm$	.*/link_stubs_.*//.asm$	GLOB	1	FALSE	FALSE	FALSE	3	GLOB_EXPRESSION
IS_ROOT	F:/~dev/rawrxd/cmake/Interstellar.fragment.cmake	8	se  IS_ROOT ${CMAKE_SOURCE_DIR}/in ers ellar	set IS_ROOT ${CMAKE_SOURCE_DIR}/interstellar	UNRESOLVED_EXPRESSION	1	FALSE	FALSE	FALSE	0	UNRESOLVED_EXPRESSION
InferenceEngine	F:/~dev/rawrxd/CMakeLists.txt	21344	add_library InferenceEngine STATIC ${INFERENCE_ENGINE_LIBRARY_SOURCES}	add_library InferenceEngine STATIC ${INFERENCE_ENGINE_LIBRARY_SOURCES}	UNRESOLVED_EXPRESSION	1	FALSE	FALSE	FALSE	2	UNRESOLVED_EXPRESSION
InferenceEngine	F:/~dev/rawrxd/CMakeLists.txt	21346	${CMAKE_CURRENT_SOURCE_DIR}/src/deep2/ResidencyTrace.obj	${CMAKE_CURRENT_SOURCE_DIR}/src/deep2/ResidencyTrace.obj	UNRESOLVED_EXPRESSION	1	FALSE	FALSE	FALSE	2	UNRESOLVED_EXPRESSION
InferenceEngine	F:/~dev/rawrxd/CMakeLists.txt	21347	${CMAKE_CURRENT_SOURCE_DIR}/src/deep2/Quan KB.obj	${CMAKE_CURRENT_SOURCE_DIR}/src/deep2/QuantKB.obj	UNRESOLVED_EXPRESSION	1	FALSE	FALSE	FALSE	2	UNRESOLVED_EXPRESSION
InferenceEngine	F:/~dev/rawrxd/CMakeLists.txt	21349	Mul iThreaded$<$<CONFIG:Debug>:Debug>	MultiThreaded$<$<CONFIG:Debug>:Debug>	UNRESOLVED_EXPRESSION	1	FALSE	FALSE	FALSE	2	UNRESOLVED_EXPRESSION
InferenceEngine	F:/~dev/rawrxd/CMakeLists.txt	21355	${CMAKE_CURRENT_SOURCE_DIR}/src/deep2	${CMAKE_CURRENT_SOURCE_DIR}/src/deep2	UNRESOLVED_EXPRESSION	1	FALSE	FALSE	FALSE	3	UNRESOLVED_EXPRESSION
InferenceEngine	F:/~dev/rawrxd/CMakeLists.txt	21367	${RAWR_VULKAN_INCLUDE}	${RAWR_VULKAN_INCLUDE}	UNRESOLVED_EXPRESSION	1	FALSE	FALSE	FALSE	3	UNRESOLVED_EXPRESSION
InferenceEngine	F:/~dev/rawrxd/CMakeLists.txt	21368	${RAWR_VULKAN_SDK_ROOT}/Lib	${RAWR_VULKAN_SDK_ROOT}/Lib	UNRESOLVED_EXPRESSION	1	FALSE	FALSE	FALSE	3	UNRESOLVED_EXPRESSION
InferenceEngine	F:/~dev/rawrxd/CMakeLists.txt	21369	${RAWR_VULKAN_LIB}	${RAWR_VULKAN_LIB}	UNRESOLVED_EXPRESSION	1	FALSE	FALSE	FALSE	3	UNRESOLVED_EXPRESSION
InferenceEngine	F:/~dev/rawrxd/CMakeLists.txt	21517	 arge _sources InferenceEngine PRIVATE ${INFERENCE_ASM_SOURCES}	target_sources InferenceEngine PRIVATE ${INFERENCE_ASM_SOURCES}	UNRESOLVED_EXPRESSION	1	FALSE	FALSE	FALSE	3	UNRESOLVED_EXPRESSION
InferenceEngine	F:/~dev/rawrxd/CMakeLists.txt	21519	 arge _link_libraries InferenceEngine PRIVATE ${ASM_DEFLATE_BRUTAL_OBJ}	target_link_libraries InferenceEngine PRIVATE ${ASM_DEFLATE_BRUTAL_OBJ}	UNRESOLVED_EXPRESSION	1	FALSE	FALSE	FALSE	3	UNRESOLVED_EXPRESSION
InferenceEngine	F:/~dev/rawrxd/CMakeLists.txt	21545	$<$<COMPILE_LANGUAGE:CXX>:/EHsc /W0 /arch:AVX512>	$<$<COMPILE_LANGUAGE:CXX>:/EHsc /W0 /arch:AVX512>	UNRESOLVED_EXPRESSION	1	FALSE	FALSE	FALSE	3	UNRESOLVED_EXPRESSION
InferenceEngine	F:/~dev/rawrxd/CMakeLists.txt	21546	$<$<AND:$<COMPILE_LANGUAGE:CXX> $<NOT:$<CONFIG:Debug>>>:/O2>	$<$<AND:$<COMPILE_LANGUAGE:CXX> $<NOT:$<CONFIG:Debug>>>:/O2>	UNRESOLVED_EXPRESSION	1	FALSE	FALSE	FALSE	3	UNRESOLVED_EXPRESSION
InferenceEngine	F:/~dev/rawrxd/CMakeLists.txt	21646	${CMAKE_SOURCE_DIR}/__DELETED_STUB__	${CMAKE_SOURCE_DIR}/__DELETED_STUB__	UNRESOLVED_EXPRESSION	1	FALSE	FALSE	FALSE	5	UNRESOLVED_EXPRESSION
InferenceEngine	F:/~dev/rawrxd/CMakeLists.txt	21654	se _source_files_proper ies ${WEBVIEW2_DISPATCHER} PROPERTIES LANGUAGE ASM_MASM	set_source_files_properties ${WEBVIEW2_DISPATCHER} PROPERTIES LANGUAGE ASM_MASM	UNRESOLVED_EXPRESSION	1	FALSE	FALSE	FALSE	4	UNRESOLVED_EXPRESSION
InferenceEngine	F:/~dev/rawrxd/CMakeLists.txt	21655	lis  APPEND WIN32IDE_SOURCES ${WEBVIEW2_DISPATCHER}	list APPEND WIN32IDE_SOURCES ${WEBVIEW2_DISPATCHER}	UNRESOLVED_EXPRESSION	1	FALSE	FALSE	FALSE	4	UNRESOLVED_EXPRESSION
InferenceEngine	F:/~dev/rawrxd/CMakeLists.txt	21661	se _source_files_proper ies ${VIEWSTATE_MASM} PROPERTIES LANGUAGE ASM_MASM	set_source_files_properties ${VIEWSTATE_MASM} PROPERTIES LANGUAGE ASM_MASM	UNRESOLVED_EXPRESSION	1	FALSE	FALSE	FALSE	4	UNRESOLVED_EXPRESSION
InferenceEngine	F:/~dev/rawrxd/CMakeLists.txt	21662	lis  APPEND WIN32IDE_SOURCES ${VIEWSTATE_MASM}	list APPEND WIN32IDE_SOURCES ${VIEWSTATE_MASM}	UNRESOLVED_EXPRESSION	1	FALSE	FALSE	FALSE	4	UNRESOLVED_EXPRESSION
InferenceEngine	F:/~dev/rawrxd/CMakeLists.txt	21668	se _source_files_proper ies ${TENSOR_OPS_MASM} PROPERTIES LANGUAGE ASM_MASM	set_source_files_properties ${TENSOR_OPS_MASM} PROPERTIES LANGUAGE ASM_MASM	UNRESOLVED_EXPRESSION	1	FALSE	FALSE	FALSE	4	UNRESOLVED_EXPRESSION
InferenceEngine	F:/~dev/rawrxd/CMakeLists.txt	21669	lis  APPEND WIN32IDE_SOURCES ${TENSOR_OPS_MASM}	list APPEND WIN32IDE_SOURCES ${TENSOR_OPS_MASM}	UNRESOLVED_EXPRESSION	1	FALSE	FALSE	FALSE	4	UNRESOLVED_EXPRESSION
InferenceEngine	F:/~dev/rawrxd/CMakeLists.txt	22302	${RAWRXD_REFACTOR_CHAIN_SOURCES}	${RAWRXD_REFACTOR_CHAIN_SOURCES}	UNRESOLVED_EXPRESSION	1	FALSE	FALSE	FALSE	3	UNRESOLVED_EXPRESSION
InferenceEngine	F:/~dev/rawrxd/CMakeLists.txt	23187	unified *.ins ruc ions.md loader  HTTP+CLI+GUI	unified *.instructions.md loader  HTTP+CLI+GUI	GLOB	1	FALSE	FALSE	FALSE	3	GLOB_EXPRESSION
InferenceEngine	F:/~dev/rawrxd/CMakeLists.txt	30366	se _source_files_proper ies ${MW_KERNEL_ASM} PROPERTIES LANGUAGE ASM_MASM	set_source_files_properties ${MW_KERNEL_ASM} PROPERTIES LANGUAGE ASM_MASM	UNRESOLVED_EXPRESSION	1	FALSE	FALSE	FALSE	4	UNRESOLVED_EXPRESSION
InferenceEngine	F:/~dev/rawrxd/cmake/RawrXDSovereignFinish.cmake	44	${CMAKE_CURRENT_SOURCE_DIR}/src/deep2/A  nCer Probe.cpp	${CMAKE_CURRENT_SOURCE_DIR}/src/deep2/AttnCertProbe.cpp	UNRESOLVED_EXPRESSION	1	FALSE	FALSE	FALSE	2	UNRESOLVED_EXPRESSION
InferenceEngine	F:/~dev/rawrxd/cmake/RawrXDSovereignFinish.cmake	68	${CMAKE_CURRENT_SOURCE_DIR}/src/deep2/SsmCer Probe.cpp	${CMAKE_CURRENT_SOURCE_DIR}/src/deep2/SsmCertProbe.cpp	UNRESOLVED_EXPRESSION	1	FALSE	FALSE	FALSE	2	UNRESOLVED_EXPRESSION
LIST_C	F:/~dev/rawrxd/audit/RAWRXD_IDE_AUDIT_20261002/gate_harness/CMakeLists.txt	102	${RAWRXD_HARNESS_VIOLATION_COUNT} lis (s):\n\n  ${_all}	${RAWRXD_HARNESS_VIOLATION_COUNT} list(s):/n/n  ${_all}	UNRESOLVED_EXPRESSION	1	FALSE	FALSE	FALSE	2	UNRESOLVED_EXPRESSION
LORA_CONTEXT_VERIFY_HEADER	F:/~dev/rawrxd/cmake/Phase21_HardenedMASM.cmake	52	${CMAKE_BINARY_DIR}/genera ed/lora_con ex _verify.h	${CMAKE_BINARY_DIR}/generated/lora_context_verify.h	UNRESOLVED_EXPRESSION	1	FALSE	FALSE	FALSE	0	UNRESOLVED_EXPRESSION
LORA_CONTEXT_VERIFY_HEADER	F:/~dev/rawrxd/cmake/Phase21_HardenedMASM.cmake	55	// Verifies C++ LoRACon ex  ma ches ASM BEACON_* offse s	// Verifies C++ LoRAContext matches ASM BEACON_* offsets	GLOB	1	FALSE	FALSE	FALSE	0	GLOB_EXPRESSION
LORA_CONTEXT_VERIFY_HEADER	F:/~dev/rawrxd/cmake/Phase21_HardenedMASM.cmake	84	${CMAKE_CURRENT_SOURCE_DIR}/ es _lora_shadow_cpp.cpp	${CMAKE_CURRENT_SOURCE_DIR}/test_lora_shadow_cpp.cpp	UNRESOLVED_EXPRESSION	1	FALSE	FALSE	FALSE	1	UNRESOLVED_EXPRESSION
MASM_EXECUTABLE	F:/~dev/rawrxd/cmake/FindMASM.cmake	110	se  MASM_VERSION ${CMAKE_MATCH_1}	set MASM_VERSION ${CMAKE_MATCH_1}	UNRESOLVED_EXPRESSION	1	FALSE	FALSE	FALSE	2	UNRESOLVED_EXPRESSION
MASM_EXECUTABLE	F:/~dev/rawrxd/cmake/FindMASM.cmake	136	se  CMAKE_ASM_MASM_COMPILER ${MASM_EXECUTABLE} CACHE FILEPATH   FORCE	set CMAKE_ASM_MASM_COMPILER ${MASM_EXECUTABLE} CACHE FILEPATH   FORCE	UNRESOLVED_EXPRESSION	1	FALSE	FALSE	FALSE	1	UNRESOLVED_EXPRESSION
MASM_EXECUTABLE	F:/~dev/rawrxd/cmake/FindMASM.cmake	89	se  MASM_EXECUTABLE ${found_ml64}	set MASM_EXECUTABLE ${found_ml64}	UNRESOLVED_EXPRESSION	1	FALSE	FALSE	FALSE	3	UNRESOLVED_EXPRESSION
MASM_SEARCH_PATHS	F:/~dev/rawrxd/cmake/FindMASM.cmake	63	${version_dir}/bin/Hos x64/x64/ml64.exe	${version_dir}/bin/Hostx64/x64/ml64.exe	UNRESOLVED_EXPRESSION	1	FALSE	FALSE	FALSE	1	UNRESOLVED_EXPRESSION
MASM_SEARCH_PATHS	F:/~dev/rawrxd/cmake/FindMASM.cmake	65	se  ${ou _pa h} ${ml64_pa h} PARENT_SCOPE	set ${out_path} ${ml64_path} PARENT_SCOPE	UNRESOLVED_EXPRESSION	1	FALSE	FALSE	FALSE	2	UNRESOLVED_EXPRESSION
MASM_SEARCH_PATHS	F:/~dev/rawrxd/cmake/FindMASM.cmake	71	se  ${ou _pa h}   PARENT_SCOPE	set ${out_path}   PARENT_SCOPE	UNRESOLVED_EXPRESSION	1	FALSE	FALSE	FALSE	0	UNRESOLVED_EXPRESSION
MASM_TEST_DIR	F:/~dev/rawrxd/cmake/MASMCompiler.cmake	115	se  MASM_TEST_DIR ${CMAKE_CURRENT_SOURCE_DIR}/ es s/masm	set MASM_TEST_DIR ${CMAKE_CURRENT_SOURCE_DIR}/tests/masm	UNRESOLVED_EXPRESSION	1	FALSE	FALSE	FALSE	0	UNRESOLVED_EXPRESSION
NLOHMANN_JSON_CMAKE_CONFIG_DIR	F:/~dev/rawrxd/build_clean_test/_deps/nlohmann_json-src/CMakeLists.txt	65	${CMAKE_CURRENT_BINARY_DIR}	${CMAKE_CURRENT_BINARY_DIR}	UNRESOLVED_EXPRESSION	1	FALSE	FALSE	FALSE	0	UNRESOLVED_EXPRESSION
NLOHMANN_JSON_CMAKE_CONFIG_DIR	F:/~dev/rawrxd/build_clean_test3/_deps/nlohmann_json-src/CMakeLists.txt	65	${CMAKE_CURRENT_BINARY_DIR}	${CMAKE_CURRENT_BINARY_DIR}	UNRESOLVED_EXPRESSION	1	FALSE	FALSE	FALSE	0	UNRESOLVED_EXPRESSION
NLOHMANN_JSON_CMAKE_CONFIG_DIR	F:/~dev/rawrxd/build_clean_test5/_deps/nlohmann_json-src/CMakeLists.txt	65	${CMAKE_CURRENT_BINARY_DIR}	${CMAKE_CURRENT_BINARY_DIR}	UNRESOLVED_EXPRESSION	1	FALSE	FALSE	FALSE	0	UNRESOLVED_EXPRESSION
NLOHMANN_JSON_CMAKE_CONFIG_DIR	F:/~dev/rawrxd/build_clean_test6/_deps/nlohmann_json-src/CMakeLists.txt	65	${CMAKE_CURRENT_BINARY_DIR}	${CMAKE_CURRENT_BINARY_DIR}	UNRESOLVED_EXPRESSION	1	FALSE	FALSE	FALSE	0	UNRESOLVED_EXPRESSION
NLOHMANN_JSON_CMAKE_CONFIG_DIR	F:/~dev/rawrxd/build_clean_test7/_deps/nlohmann_json-src/CMakeLists.txt	65	${CMAKE_CURRENT_BINARY_DIR}	${CMAKE_CURRENT_BINARY_DIR}	UNRESOLVED_EXPRESSION	1	FALSE	FALSE	FALSE	0	UNRESOLVED_EXPRESSION
NLOHMANN_JSON_CMAKE_CONFIG_DIR	F:/~dev/rawrxd/build_p1pra_prod/_deps/nlohmann_json-src/CMakeLists.txt	65	${CMAKE_CURRENT_BINARY_DIR}	${CMAKE_CURRENT_BINARY_DIR}	UNRESOLVED_EXPRESSION	1	FALSE	FALSE	FALSE	0	UNRESOLVED_EXPRESSION
NLOHMANN_JSON_CMAKE_CONFIG_DIR	F:/~dev/rawrxd/build_p2/_deps/nlohmann_json-src/CMakeLists.txt	65	${CMAKE_CURRENT_BINARY_DIR}	${CMAKE_CURRENT_BINARY_DIR}	UNRESOLVED_EXPRESSION	1	FALSE	FALSE	FALSE	0	UNRESOLVED_EXPRESSION
NLOHMANN_JSON_CMAKE_CONFIG_DIR	F:/~dev/rawrxd/build_p2_fresh/_deps/nlohmann_json-src/CMakeLists.txt	65	${CMAKE_CURRENT_BINARY_DIR}	${CMAKE_CURRENT_BINARY_DIR}	UNRESOLVED_EXPRESSION	1	FALSE	FALSE	FALSE	0	UNRESOLVED_EXPRESSION
NLOHMANN_JSON_CMAKE_PROJECT_CONFIG_FILE	F:/~dev/rawrxd/build_clean_test/_deps/nlohmann_json-src/CMakeLists.txt	67	${NLOHMANN_JSON_CMAKE_CONFIG_DIR}/${PROJECT_NAME}Config.cmake	${NLOHMANN_JSON_CMAKE_CONFIG_DIR}/${PROJECT_NAME}Config.cmake	UNRESOLVED_EXPRESSION	1	FALSE	FALSE	FALSE	0	UNRESOLVED_EXPRESSION
NLOHMANN_JSON_CMAKE_PROJECT_CONFIG_FILE	F:/~dev/rawrxd/build_clean_test3/_deps/nlohmann_json-src/CMakeLists.txt	67	${NLOHMANN_JSON_CMAKE_CONFIG_DIR}/${PROJECT_NAME}Config.cmake	${NLOHMANN_JSON_CMAKE_CONFIG_DIR}/${PROJECT_NAME}Config.cmake	UNRESOLVED_EXPRESSION	1	FALSE	FALSE	FALSE	0	UNRESOLVED_EXPRESSION
NLOHMANN_JSON_CMAKE_PROJECT_CONFIG_FILE	F:/~dev/rawrxd/build_clean_test5/_deps/nlohmann_json-src/CMakeLists.txt	67	${NLOHMANN_JSON_CMAKE_CONFIG_DIR}/${PROJECT_NAME}Config.cmake	${NLOHMANN_JSON_CMAKE_CONFIG_DIR}/${PROJECT_NAME}Config.cmake	UNRESOLVED_EXPRESSION	1	FALSE	FALSE	FALSE	0	UNRESOLVED_EXPRESSION
NLOHMANN_JSON_CMAKE_PROJECT_CONFIG_FILE	F:/~dev/rawrxd/build_clean_test6/_deps/nlohmann_json-src/CMakeLists.txt	67	${NLOHMANN_JSON_CMAKE_CONFIG_DIR}/${PROJECT_NAME}Config.cmake	${NLOHMANN_JSON_CMAKE_CONFIG_DIR}/${PROJECT_NAME}Config.cmake	UNRESOLVED_EXPRESSION	1	FALSE	FALSE	FALSE	0	UNRESOLVED_EXPRESSION
NLOHMANN_JSON_CMAKE_PROJECT_CONFIG_FILE	F:/~dev/rawrxd/build_clean_test7/_deps/nlohmann_json-src/CMakeLists.txt	67	${NLOHMANN_JSON_CMAKE_CONFIG_DIR}/${PROJECT_NAME}Config.cmake	${NLOHMANN_JSON_CMAKE_CONFIG_DIR}/${PROJECT_NAME}Config.cmake	UNRESOLVED_EXPRESSION	1	FALSE	FALSE	FALSE	0	UNRESOLVED_EXPRESSION
NLOHMANN_JSON_CMAKE_PROJECT_CONFIG_FILE	F:/~dev/rawrxd/build_p1pra_prod/_deps/nlohmann_json-src/CMakeLists.txt	67	${NLOHMANN_JSON_CMAKE_CONFIG_DIR}/${PROJECT_NAME}Config.cmake	${NLOHMANN_JSON_CMAKE_CONFIG_DIR}/${PROJECT_NAME}Config.cmake	UNRESOLVED_EXPRESSION	1	FALSE	FALSE	FALSE	0	UNRESOLVED_EXPRESSION
NLOHMANN_JSON_CMAKE_PROJECT_CONFIG_FILE	F:/~dev/rawrxd/build_p2/_deps/nlohmann_json-src/CMakeLists.txt	67	${NLOHMANN_JSON_CMAKE_CONFIG_DIR}/${PROJECT_NAME}Config.cmake	${NLOHMANN_JSON_CMAKE_CONFIG_DIR}/${PROJECT_NAME}Config.cmake	UNRESOLVED_EXPRESSION	1	FALSE	FALSE	FALSE	0	UNRESOLVED_EXPRESSION
NLOHMANN_JSON_CMAKE_PROJECT_CONFIG_FILE	F:/~dev/rawrxd/build_p2_fresh/_deps/nlohmann_json-src/CMakeLists.txt	67	${NLOHMANN_JSON_CMAKE_CONFIG_DIR}/${PROJECT_NAME}Config.cmake	${NLOHMANN_JSON_CMAKE_CONFIG_DIR}/${PROJECT_NAME}Config.cmake	UNRESOLVED_EXPRESSION	1	FALSE	FALSE	FALSE	0	UNRESOLVED_EXPRESSION
NLOHMANN_JSON_CMAKE_PROJECT_TARGETS_FILE	F:/~dev/rawrxd/build_clean_test/_deps/nlohmann_json-src/CMakeLists.txt	68	${NLOHMANN_JSON_CMAKE_CONFIG_DIR}/${PROJECT_NAME}Targe s.cmake	${NLOHMANN_JSON_CMAKE_CONFIG_DIR}/${PROJECT_NAME}Targets.cmake	UNRESOLVED_EXPRESSION	1	FALSE	FALSE	FALSE	0	UNRESOLVED_EXPRESSION
NLOHMANN_JSON_CMAKE_PROJECT_TARGETS_FILE	F:/~dev/rawrxd/build_clean_test3/_deps/nlohmann_json-src/CMakeLists.txt	68	${NLOHMANN_JSON_CMAKE_CONFIG_DIR}/${PROJECT_NAME}Targe s.cmake	${NLOHMANN_JSON_CMAKE_CONFIG_DIR}/${PROJECT_NAME}Targets.cmake	UNRESOLVED_EXPRESSION	1	FALSE	FALSE	FALSE	0	UNRESOLVED_EXPRESSION
NLOHMANN_JSON_CMAKE_PROJECT_TARGETS_FILE	F:/~dev/rawrxd/build_clean_test5/_deps/nlohmann_json-src/CMakeLists.txt	68	${NLOHMANN_JSON_CMAKE_CONFIG_DIR}/${PROJECT_NAME}Targe s.cmake	${NLOHMANN_JSON_CMAKE_CONFIG_DIR}/${PROJECT_NAME}Targets.cmake	UNRESOLVED_EXPRESSION	1	FALSE	FALSE	FALSE	0	UNRESOLVED_EXPRESSION
NLOHMANN_JSON_CMAKE_PROJECT_TARGETS_FILE	F:/~dev/rawrxd/build_clean_test6/_deps/nlohmann_json-src/CMakeLists.txt	68	${NLOHMANN_JSON_CMAKE_CONFIG_DIR}/${PROJECT_NAME}Targe s.cmake	${NLOHMANN_JSON_CMAKE_CONFIG_DIR}/${PROJECT_NAME}Targets.cmake	UNRESOLVED_EXPRESSION	1	FALSE	FALSE	FALSE	0	UNRESOLVED_EXPRESSION
NLOHMANN_JSON_CMAKE_PROJECT_TARGETS_FILE	F:/~dev/rawrxd/build_clean_test7/_deps/nlohmann_json-src/CMakeLists.txt	68	${NLOHMANN_JSON_CMAKE_CONFIG_DIR}/${PROJECT_NAME}Targe s.cmake	${NLOHMANN_JSON_CMAKE_CONFIG_DIR}/${PROJECT_NAME}Targets.cmake	UNRESOLVED_EXPRESSION	1	FALSE	FALSE	FALSE	0	UNRESOLVED_EXPRESSION
NLOHMANN_JSON_CMAKE_PROJECT_TARGETS_FILE	F:/~dev/rawrxd/build_p1pra_prod/_deps/nlohmann_json-src/CMakeLists.txt	68	${NLOHMANN_JSON_CMAKE_CONFIG_DIR}/${PROJECT_NAME}Targe s.cmake	${NLOHMANN_JSON_CMAKE_CONFIG_DIR}/${PROJECT_NAME}Targets.cmake	UNRESOLVED_EXPRESSION	1	FALSE	FALSE	FALSE	0	UNRESOLVED_EXPRESSION
NLOHMANN_JSON_CMAKE_PROJECT_TARGETS_FILE	F:/~dev/rawrxd/build_p2/_deps/nlohmann_json-src/CMakeLists.txt	68	${NLOHMANN_JSON_CMAKE_CONFIG_DIR}/${PROJECT_NAME}Targe s.cmake	${NLOHMANN_JSON_CMAKE_CONFIG_DIR}/${PROJECT_NAME}Targets.cmake	UNRESOLVED_EXPRESSION	1	FALSE	FALSE	FALSE	0	UNRESOLVED_EXPRESSION
NLOHMANN_JSON_CMAKE_PROJECT_TARGETS_FILE	F:/~dev/rawrxd/build_p2_fresh/_deps/nlohmann_json-src/CMakeLists.txt	68	${NLOHMANN_JSON_CMAKE_CONFIG_DIR}/${PROJECT_NAME}Targe s.cmake	${NLOHMANN_JSON_CMAKE_CONFIG_DIR}/${PROJECT_NAME}Targets.cmake	UNRESOLVED_EXPRESSION	1	FALSE	FALSE	FALSE	0	UNRESOLVED_EXPRESSION
NLOHMANN_JSON_CMAKE_VERSION_CONFIG_FILE	F:/~dev/rawrxd/build_clean_test/_deps/nlohmann_json-src/CMakeLists.txt	66	${NLOHMANN_JSON_CMAKE_CONFIG_DIR}/${PROJECT_NAME}ConfigVersion.cmake	${NLOHMANN_JSON_CMAKE_CONFIG_DIR}/${PROJECT_NAME}ConfigVersion.cmake	UNRESOLVED_EXPRESSION	1	FALSE	FALSE	FALSE	0	UNRESOLVED_EXPRESSION
NLOHMANN_JSON_CMAKE_VERSION_CONFIG_FILE	F:/~dev/rawrxd/build_clean_test3/_deps/nlohmann_json-src/CMakeLists.txt	66	${NLOHMANN_JSON_CMAKE_CONFIG_DIR}/${PROJECT_NAME}ConfigVersion.cmake	${NLOHMANN_JSON_CMAKE_CONFIG_DIR}/${PROJECT_NAME}ConfigVersion.cmake	UNRESOLVED_EXPRESSION	1	FALSE	FALSE	FALSE	0	UNRESOLVED_EXPRESSION
NLOHMANN_JSON_CMAKE_VERSION_CONFIG_FILE	F:/~dev/rawrxd/build_clean_test5/_deps/nlohmann_json-src/CMakeLists.txt	66	${NLOHMANN_JSON_CMAKE_CONFIG_DIR}/${PROJECT_NAME}ConfigVersion.cmake	${NLOHMANN_JSON_CMAKE_CONFIG_DIR}/${PROJECT_NAME}ConfigVersion.cmake	UNRESOLVED_EXPRESSION	1	FALSE	FALSE	FALSE	0	UNRESOLVED_EXPRESSION
NLOHMANN_JSON_CMAKE_VERSION_CONFIG_FILE	F:/~dev/rawrxd/build_clean_test6/_deps/nlohmann_json-src/CMakeLists.txt	66	${NLOHMANN_JSON_CMAKE_CONFIG_DIR}/${PROJECT_NAME}ConfigVersion.cmake	${NLOHMANN_JSON_CMAKE_CONFIG_DIR}/${PROJECT_NAME}ConfigVersion.cmake	UNRESOLVED_EXPRESSION	1	FALSE	FALSE	FALSE	0	UNRESOLVED_EXPRESSION
NLOHMANN_JSON_CMAKE_VERSION_CONFIG_FILE	F:/~dev/rawrxd/build_clean_test7/_deps/nlohmann_json-src/CMakeLists.txt	66	${NLOHMANN_JSON_CMAKE_CONFIG_DIR}/${PROJECT_NAME}ConfigVersion.cmake	${NLOHMANN_JSON_CMAKE_CONFIG_DIR}/${PROJECT_NAME}ConfigVersion.cmake	UNRESOLVED_EXPRESSION	1	FALSE	FALSE	FALSE	0	UNRESOLVED_EXPRESSION
NLOHMANN_JSON_CMAKE_VERSION_CONFIG_FILE	F:/~dev/rawrxd/build_p1pra_prod/_deps/nlohmann_json-src/CMakeLists.txt	66	${NLOHMANN_JSON_CMAKE_CONFIG_DIR}/${PROJECT_NAME}ConfigVersion.cmake	${NLOHMANN_JSON_CMAKE_CONFIG_DIR}/${PROJECT_NAME}ConfigVersion.cmake	UNRESOLVED_EXPRESSION	1	FALSE	FALSE	FALSE	0	UNRESOLVED_EXPRESSION
NLOHMANN_JSON_CMAKE_VERSION_CONFIG_FILE	F:/~dev/rawrxd/build_p2/_deps/nlohmann_json-src/CMakeLists.txt	66	${NLOHMANN_JSON_CMAKE_CONFIG_DIR}/${PROJECT_NAME}ConfigVersion.cmake	${NLOHMANN_JSON_CMAKE_CONFIG_DIR}/${PROJECT_NAME}ConfigVersion.cmake	UNRESOLVED_EXPRESSION	1	FALSE	FALSE	FALSE	0	UNRESOLVED_EXPRESSION
NLOHMANN_JSON_CMAKE_VERSION_CONFIG_FILE	F:/~dev/rawrxd/build_p2_fresh/_deps/nlohmann_json-src/CMakeLists.txt	66	${NLOHMANN_JSON_CMAKE_CONFIG_DIR}/${PROJECT_NAME}ConfigVersion.cmake	${NLOHMANN_JSON_CMAKE_CONFIG_DIR}/${PROJECT_NAME}ConfigVersion.cmake	UNRESOLVED_EXPRESSION	1	FALSE	FALSE	FALSE	0	UNRESOLVED_EXPRESSION
NLOHMANN_JSON_CONFIG_INSTALL_DIR	F:/~dev/rawrxd/build_clean_test/_deps/nlohmann_json-src/CMakeLists.txt	61	${CMAKE_INSTALL_DATADIR}/cmake/${PROJECT_NAME}	${CMAKE_INSTALL_DATADIR}/cmake/${PROJECT_NAME}	UNRESOLVED_EXPRESSION	1	FALSE	FALSE	FALSE	0	UNRESOLVED_EXPRESSION
NLOHMANN_JSON_CONFIG_INSTALL_DIR	F:/~dev/rawrxd/build_clean_test3/_deps/nlohmann_json-src/CMakeLists.txt	61	${CMAKE_INSTALL_DATADIR}/cmake/${PROJECT_NAME}	${CMAKE_INSTALL_DATADIR}/cmake/${PROJECT_NAME}	UNRESOLVED_EXPRESSION	1	FALSE	FALSE	FALSE	0	UNRESOLVED_EXPRESSION
NLOHMANN_JSON_CONFIG_INSTALL_DIR	F:/~dev/rawrxd/build_clean_test5/_deps/nlohmann_json-src/CMakeLists.txt	61	${CMAKE_INSTALL_DATADIR}/cmake/${PROJECT_NAME}	${CMAKE_INSTALL_DATADIR}/cmake/${PROJECT_NAME}	UNRESOLVED_EXPRESSION	1	FALSE	FALSE	FALSE	0	UNRESOLVED_EXPRESSION
NLOHMANN_JSON_CONFIG_INSTALL_DIR	F:/~dev/rawrxd/build_clean_test6/_deps/nlohmann_json-src/CMakeLists.txt	61	${CMAKE_INSTALL_DATADIR}/cmake/${PROJECT_NAME}	${CMAKE_INSTALL_DATADIR}/cmake/${PROJECT_NAME}	UNRESOLVED_EXPRESSION	1	FALSE	FALSE	FALSE	0	UNRESOLVED_EXPRESSION
NLOHMANN_JSON_CONFIG_INSTALL_DIR	F:/~dev/rawrxd/build_clean_test7/_deps/nlohmann_json-src/CMakeLists.txt	61	${CMAKE_INSTALL_DATADIR}/cmake/${PROJECT_NAME}	${CMAKE_INSTALL_DATADIR}/cmake/${PROJECT_NAME}	UNRESOLVED_EXPRESSION	1	FALSE	FALSE	FALSE	0	UNRESOLVED_EXPRESSION
NLOHMANN_JSON_CONFIG_INSTALL_DIR	F:/~dev/rawrxd/build_p1pra_prod/_deps/nlohmann_json-src/CMakeLists.txt	61	${CMAKE_INSTALL_DATADIR}/cmake/${PROJECT_NAME}	${CMAKE_INSTALL_DATADIR}/cmake/${PROJECT_NAME}	UNRESOLVED_EXPRESSION	1	FALSE	FALSE	FALSE	0	UNRESOLVED_EXPRESSION
NLOHMANN_JSON_CONFIG_INSTALL_DIR	F:/~dev/rawrxd/build_p2/_deps/nlohmann_json-src/CMakeLists.txt	61	${CMAKE_INSTALL_DATADIR}/cmake/${PROJECT_NAME}	${CMAKE_INSTALL_DATADIR}/cmake/${PROJECT_NAME}	UNRESOLVED_EXPRESSION	1	FALSE	FALSE	FALSE	0	UNRESOLVED_EXPRESSION
NLOHMANN_JSON_CONFIG_INSTALL_DIR	F:/~dev/rawrxd/build_p2_fresh/_deps/nlohmann_json-src/CMakeLists.txt	61	${CMAKE_INSTALL_DATADIR}/cmake/${PROJECT_NAME}	${CMAKE_INSTALL_DATADIR}/cmake/${PROJECT_NAME}	UNRESOLVED_EXPRESSION	1	FALSE	FALSE	FALSE	0	UNRESOLVED_EXPRESSION
NLOHMANN_JSON_INCLUDE_INSTALL_DIR	F:/~dev/rawrxd/build_clean_test/_deps/nlohmann_json-src/CMakeLists.txt	62	${CMAKE_INSTALL_INCLUDEDIR}	${CMAKE_INSTALL_INCLUDEDIR}	UNRESOLVED_EXPRESSION	1	FALSE	FALSE	FALSE	0	UNRESOLVED_EXPRESSION
NLOHMANN_JSON_INCLUDE_INSTALL_DIR	F:/~dev/rawrxd/build_clean_test3/_deps/nlohmann_json-src/CMakeLists.txt	62	${CMAKE_INSTALL_INCLUDEDIR}	${CMAKE_INSTALL_INCLUDEDIR}	UNRESOLVED_EXPRESSION	1	FALSE	FALSE	FALSE	0	UNRESOLVED_EXPRESSION
NLOHMANN_JSON_INCLUDE_INSTALL_DIR	F:/~dev/rawrxd/build_clean_test5/_deps/nlohmann_json-src/CMakeLists.txt	62	${CMAKE_INSTALL_INCLUDEDIR}	${CMAKE_INSTALL_INCLUDEDIR}	UNRESOLVED_EXPRESSION	1	FALSE	FALSE	FALSE	0	UNRESOLVED_EXPRESSION
NLOHMANN_JSON_INCLUDE_INSTALL_DIR	F:/~dev/rawrxd/build_clean_test6/_deps/nlohmann_json-src/CMakeLists.txt	62	${CMAKE_INSTALL_INCLUDEDIR}	${CMAKE_INSTALL_INCLUDEDIR}	UNRESOLVED_EXPRESSION	1	FALSE	FALSE	FALSE	0	UNRESOLVED_EXPRESSION
NLOHMANN_JSON_INCLUDE_INSTALL_DIR	F:/~dev/rawrxd/build_clean_test7/_deps/nlohmann_json-src/CMakeLists.txt	62	${CMAKE_INSTALL_INCLUDEDIR}	${CMAKE_INSTALL_INCLUDEDIR}	UNRESOLVED_EXPRESSION	1	FALSE	FALSE	FALSE	0	UNRESOLVED_EXPRESSION
NLOHMANN_JSON_INCLUDE_INSTALL_DIR	F:/~dev/rawrxd/build_p1pra_prod/_deps/nlohmann_json-src/CMakeLists.txt	62	${CMAKE_INSTALL_INCLUDEDIR}	${CMAKE_INSTALL_INCLUDEDIR}	UNRESOLVED_EXPRESSION	1	FALSE	FALSE	FALSE	0	UNRESOLVED_EXPRESSION
NLOHMANN_JSON_INCLUDE_INSTALL_DIR	F:/~dev/rawrxd/build_p2/_deps/nlohmann_json-src/CMakeLists.txt	62	${CMAKE_INSTALL_INCLUDEDIR}	${CMAKE_INSTALL_INCLUDEDIR}	UNRESOLVED_EXPRESSION	1	FALSE	FALSE	FALSE	0	UNRESOLVED_EXPRESSION
NLOHMANN_JSON_INCLUDE_INSTALL_DIR	F:/~dev/rawrxd/build_p2_fresh/_deps/nlohmann_json-src/CMakeLists.txt	62	${CMAKE_INSTALL_INCLUDEDIR}	${CMAKE_INSTALL_INCLUDEDIR}	UNRESOLVED_EXPRESSION	1	FALSE	FALSE	FALSE	0	UNRESOLVED_EXPRESSION
NLOHMANN_JSON_PKGCONFIG_INSTALL_DIR	F:/~dev/rawrxd/build_clean_test/_deps/nlohmann_json-src/CMakeLists.txt	103	add_library ${NLOHMANN_JSON_TARGET_NAME} INTERFACE	add_library ${NLOHMANN_JSON_TARGET_NAME} INTERFACE	UNRESOLVED_EXPRESSION	1	FALSE	FALSE	FALSE	0	UNRESOLVED_EXPRESSION
NLOHMANN_JSON_PKGCONFIG_INSTALL_DIR	F:/~dev/rawrxd/build_clean_test/_deps/nlohmann_json-src/CMakeLists.txt	104	add_library ${PROJECT_NAME}::${NLOHMANN_JSON_TARGET_NAME} ALIAS ${NLOHMANN_JSON_TARGET_NAME}	add_library ${PROJECT_NAME}::${NLOHMANN_JSON_TARGET_NAME} ALIAS ${NLOHMANN_JSON_TARGET_NAME}	UNRESOLVED_EXPRESSION	1	FALSE	FALSE	FALSE	0	UNRESOLVED_EXPRESSION
NLOHMANN_JSON_PKGCONFIG_INSTALL_DIR	F:/~dev/rawrxd/build_clean_test/_deps/nlohmann_json-src/CMakeLists.txt	69	${CMAKE_INSTALL_DATADIR}/pkgconfig	${CMAKE_INSTALL_DATADIR}/pkgconfig	UNRESOLVED_EXPRESSION	1	FALSE	FALSE	FALSE	0	UNRESOLVED_EXPRESSION
NLOHMANN_JSON_PKGCONFIG_INSTALL_DIR	F:/~dev/rawrxd/build_clean_test/_deps/nlohmann_json-src/CMakeLists.txt	72	${PROJECT_SOURCE_DIR}/include/	${PROJECT_SOURCE_DIR}/include/	UNRESOLVED_EXPRESSION	1	FALSE	FALSE	FALSE	0	UNRESOLVED_EXPRESSION
NLOHMANN_JSON_PKGCONFIG_INSTALL_DIR	F:/~dev/rawrxd/build_clean_test/_deps/nlohmann_json-src/CMakeLists.txt	75	${PROJECT_SOURCE_DIR}/single_include/	${PROJECT_SOURCE_DIR}/single_include/	UNRESOLVED_EXPRESSION	1	FALSE	FALSE	FALSE	0	UNRESOLVED_EXPRESSION
NLOHMANN_JSON_PKGCONFIG_INSTALL_DIR	F:/~dev/rawrxd/build_clean_test3/_deps/nlohmann_json-src/CMakeLists.txt	103	add_library ${NLOHMANN_JSON_TARGET_NAME} INTERFACE	add_library ${NLOHMANN_JSON_TARGET_NAME} INTERFACE	UNRESOLVED_EXPRESSION	1	FALSE	FALSE	FALSE	0	UNRESOLVED_EXPRESSION
NLOHMANN_JSON_PKGCONFIG_INSTALL_DIR	F:/~dev/rawrxd/build_clean_test3/_deps/nlohmann_json-src/CMakeLists.txt	104	add_library ${PROJECT_NAME}::${NLOHMANN_JSON_TARGET_NAME} ALIAS ${NLOHMANN_JSON_TARGET_NAME}	add_library ${PROJECT_NAME}::${NLOHMANN_JSON_TARGET_NAME} ALIAS ${NLOHMANN_JSON_TARGET_NAME}	UNRESOLVED_EXPRESSION	1	FALSE	FALSE	FALSE	0	UNRESOLVED_EXPRESSION
NLOHMANN_JSON_PKGCONFIG_INSTALL_DIR	F:/~dev/rawrxd/build_clean_test3/_deps/nlohmann_json-src/CMakeLists.txt	69	${CMAKE_INSTALL_DATADIR}/pkgconfig	${CMAKE_INSTALL_DATADIR}/pkgconfig	UNRESOLVED_EXPRESSION	1	FALSE	FALSE	FALSE	0	UNRESOLVED_EXPRESSION
NLOHMANN_JSON_PKGCONFIG_INSTALL_DIR	F:/~dev/rawrxd/build_clean_test3/_deps/nlohmann_json-src/CMakeLists.txt	72	${PROJECT_SOURCE_DIR}/include/	${PROJECT_SOURCE_DIR}/include/	UNRESOLVED_EXPRESSION	1	FALSE	FALSE	FALSE	0	UNRESOLVED_EXPRESSION
NLOHMANN_JSON_PKGCONFIG_INSTALL_DIR	F:/~dev/rawrxd/build_clean_test3/_deps/nlohmann_json-src/CMakeLists.txt	75	${PROJECT_SOURCE_DIR}/single_include/	${PROJECT_SOURCE_DIR}/single_include/	UNRESOLVED_EXPRESSION	1	FALSE	FALSE	FALSE	0	UNRESOLVED_EXPRESSION
NLOHMANN_JSON_PKGCONFIG_INSTALL_DIR	F:/~dev/rawrxd/build_clean_test5/_deps/nlohmann_json-src/CMakeLists.txt	103	add_library ${NLOHMANN_JSON_TARGET_NAME} INTERFACE	add_library ${NLOHMANN_JSON_TARGET_NAME} INTERFACE	UNRESOLVED_EXPRESSION	1	FALSE	FALSE	FALSE	0	UNRESOLVED_EXPRESSION
NLOHMANN_JSON_PKGCONFIG_INSTALL_DIR	F:/~dev/rawrxd/build_clean_test5/_deps/nlohmann_json-src/CMakeLists.txt	104	add_library ${PROJECT_NAME}::${NLOHMANN_JSON_TARGET_NAME} ALIAS ${NLOHMANN_JSON_TARGET_NAME}	add_library ${PROJECT_NAME}::${NLOHMANN_JSON_TARGET_NAME} ALIAS ${NLOHMANN_JSON_TARGET_NAME}	UNRESOLVED_EXPRESSION	1	FALSE	FALSE	FALSE	0	UNRESOLVED_EXPRESSION
NLOHMANN_JSON_PKGCONFIG_INSTALL_DIR	F:/~dev/rawrxd/build_clean_test5/_deps/nlohmann_json-src/CMakeLists.txt	69	${CMAKE_INSTALL_DATADIR}/pkgconfig	${CMAKE_INSTALL_DATADIR}/pkgconfig	UNRESOLVED_EXPRESSION	1	FALSE	FALSE	FALSE	0	UNRESOLVED_EXPRESSION
NLOHMANN_JSON_PKGCONFIG_INSTALL_DIR	F:/~dev/rawrxd/build_clean_test5/_deps/nlohmann_json-src/CMakeLists.txt	72	${PROJECT_SOURCE_DIR}/include/	${PROJECT_SOURCE_DIR}/include/	UNRESOLVED_EXPRESSION	1	FALSE	FALSE	FALSE	0	UNRESOLVED_EXPRESSION
NLOHMANN_JSON_PKGCONFIG_INSTALL_DIR	F:/~dev/rawrxd/build_clean_test5/_deps/nlohmann_json-src/CMakeLists.txt	75	${PROJECT_SOURCE_DIR}/single_include/	${PROJECT_SOURCE_DIR}/single_include/	UNRESOLVED_EXPRESSION	1	FALSE	FALSE	FALSE	0	UNRESOLVED_EXPRESSION
NLOHMANN_JSON_PKGCONFIG_INSTALL_DIR	F:/~dev/rawrxd/build_clean_test6/_deps/nlohmann_json-src/CMakeLists.txt	103	add_library ${NLOHMANN_JSON_TARGET_NAME} INTERFACE	add_library ${NLOHMANN_JSON_TARGET_NAME} INTERFACE	UNRESOLVED_EXPRESSION	1	FALSE	FALSE	FALSE	0	UNRESOLVED_EXPRESSION
NLOHMANN_JSON_PKGCONFIG_INSTALL_DIR	F:/~dev/rawrxd/build_clean_test6/_deps/nlohmann_json-src/CMakeLists.txt	104	add_library ${PROJECT_NAME}::${NLOHMANN_JSON_TARGET_NAME} ALIAS ${NLOHMANN_JSON_TARGET_NAME}	add_library ${PROJECT_NAME}::${NLOHMANN_JSON_TARGET_NAME} ALIAS ${NLOHMANN_JSON_TARGET_NAME}	UNRESOLVED_EXPRESSION	1	FALSE	FALSE	FALSE	0	UNRESOLVED_EXPRESSION
NLOHMANN_JSON_PKGCONFIG_INSTALL_DIR	F:/~dev/rawrxd/build_clean_test6/_deps/nlohmann_json-src/CMakeLists.txt	69	${CMAKE_INSTALL_DATADIR}/pkgconfig	${CMAKE_INSTALL_DATADIR}/pkgconfig	UNRESOLVED_EXPRESSION	1	FALSE	FALSE	FALSE	0	UNRESOLVED_EXPRESSION
NLOHMANN_JSON_PKGCONFIG_INSTALL_DIR	F:/~dev/rawrxd/build_clean_test6/_deps/nlohmann_json-src/CMakeLists.txt	72	${PROJECT_SOURCE_DIR}/include/	${PROJECT_SOURCE_DIR}/include/	UNRESOLVED_EXPRESSION	1	FALSE	FALSE	FALSE	0	UNRESOLVED_EXPRESSION
NLOHMANN_JSON_PKGCONFIG_INSTALL_DIR	F:/~dev/rawrxd/build_clean_test6/_deps/nlohmann_json-src/CMakeLists.txt	75	${PROJECT_SOURCE_DIR}/single_include/	${PROJECT_SOURCE_DIR}/single_include/	UNRESOLVED_EXPRESSION	1	FALSE	FALSE	FALSE	0	UNRESOLVED_EXPRESSION
NLOHMANN_JSON_PKGCONFIG_INSTALL_DIR	F:/~dev/rawrxd/build_clean_test7/_deps/nlohmann_json-src/CMakeLists.txt	103	add_library ${NLOHMANN_JSON_TARGET_NAME} INTERFACE	add_library ${NLOHMANN_JSON_TARGET_NAME} INTERFACE	UNRESOLVED_EXPRESSION	1	FALSE	FALSE	FALSE	0	UNRESOLVED_EXPRESSION
NLOHMANN_JSON_PKGCONFIG_INSTALL_DIR	F:/~dev/rawrxd/build_clean_test7/_deps/nlohmann_json-src/CMakeLists.txt	104	add_library ${PROJECT_NAME}::${NLOHMANN_JSON_TARGET_NAME} ALIAS ${NLOHMANN_JSON_TARGET_NAME}	add_library ${PROJECT_NAME}::${NLOHMANN_JSON_TARGET_NAME} ALIAS ${NLOHMANN_JSON_TARGET_NAME}	UNRESOLVED_EXPRESSION	1	FALSE	FALSE	FALSE	0	UNRESOLVED_EXPRESSION
NLOHMANN_JSON_PKGCONFIG_INSTALL_DIR	F:/~dev/rawrxd/build_clean_test7/_deps/nlohmann_json-src/CMakeLists.txt	69	${CMAKE_INSTALL_DATADIR}/pkgconfig	${CMAKE_INSTALL_DATADIR}/pkgconfig	UNRESOLVED_EXPRESSION	1	FALSE	FALSE	FALSE	0	UNRESOLVED_EXPRESSION
NLOHMANN_JSON_PKGCONFIG_INSTALL_DIR	F:/~dev/rawrxd/build_clean_test7/_deps/nlohmann_json-src/CMakeLists.txt	72	${PROJECT_SOURCE_DIR}/include/	${PROJECT_SOURCE_DIR}/include/	UNRESOLVED_EXPRESSION	1	FALSE	FALSE	FALSE	0	UNRESOLVED_EXPRESSION
NLOHMANN_JSON_PKGCONFIG_INSTALL_DIR	F:/~dev/rawrxd/build_clean_test7/_deps/nlohmann_json-src/CMakeLists.txt	75	${PROJECT_SOURCE_DIR}/single_include/	${PROJECT_SOURCE_DIR}/single_include/	UNRESOLVED_EXPRESSION	1	FALSE	FALSE	FALSE	0	UNRESOLVED_EXPRESSION
NLOHMANN_JSON_PKGCONFIG_INSTALL_DIR	F:/~dev/rawrxd/build_p1pra_prod/_deps/nlohmann_json-src/CMakeLists.txt	103	add_library ${NLOHMANN_JSON_TARGET_NAME} INTERFACE	add_library ${NLOHMANN_JSON_TARGET_NAME} INTERFACE	UNRESOLVED_EXPRESSION	1	FALSE	FALSE	FALSE	0	UNRESOLVED_EXPRESSION
NLOHMANN_JSON_PKGCONFIG_INSTALL_DIR	F:/~dev/rawrxd/build_p1pra_prod/_deps/nlohmann_json-src/CMakeLists.txt	104	add_library ${PROJECT_NAME}::${NLOHMANN_JSON_TARGET_NAME} ALIAS ${NLOHMANN_JSON_TARGET_NAME}	add_library ${PROJECT_NAME}::${NLOHMANN_JSON_TARGET_NAME} ALIAS ${NLOHMANN_JSON_TARGET_NAME}	UNRESOLVED_EXPRESSION	1	FALSE	FALSE	FALSE	0	UNRESOLVED_EXPRESSION
NLOHMANN_JSON_PKGCONFIG_INSTALL_DIR	F:/~dev/rawrxd/build_p1pra_prod/_deps/nlohmann_json-src/CMakeLists.txt	69	${CMAKE_INSTALL_DATADIR}/pkgconfig	${CMAKE_INSTALL_DATADIR}/pkgconfig	UNRESOLVED_EXPRESSION	1	FALSE	FALSE	FALSE	0	UNRESOLVED_EXPRESSION
NLOHMANN_JSON_PKGCONFIG_INSTALL_DIR	F:/~dev/rawrxd/build_p1pra_prod/_deps/nlohmann_json-src/CMakeLists.txt	72	${PROJECT_SOURCE_DIR}/include/	${PROJECT_SOURCE_DIR}/include/	UNRESOLVED_EXPRESSION	1	FALSE	FALSE	FALSE	0	UNRESOLVED_EXPRESSION
NLOHMANN_JSON_PKGCONFIG_INSTALL_DIR	F:/~dev/rawrxd/build_p1pra_prod/_deps/nlohmann_json-src/CMakeLists.txt	75	${PROJECT_SOURCE_DIR}/single_include/	${PROJECT_SOURCE_DIR}/single_include/	UNRESOLVED_EXPRESSION	1	FALSE	FALSE	FALSE	0	UNRESOLVED_EXPRESSION
NLOHMANN_JSON_PKGCONFIG_INSTALL_DIR	F:/~dev/rawrxd/build_p2/_deps/nlohmann_json-src/CMakeLists.txt	103	add_library ${NLOHMANN_JSON_TARGET_NAME} INTERFACE	add_library ${NLOHMANN_JSON_TARGET_NAME} INTERFACE	UNRESOLVED_EXPRESSION	1	FALSE	FALSE	FALSE	0	UNRESOLVED_EXPRESSION
NLOHMANN_JSON_PKGCONFIG_INSTALL_DIR	F:/~dev/rawrxd/build_p2/_deps/nlohmann_json-src/CMakeLists.txt	104	add_library ${PROJECT_NAME}::${NLOHMANN_JSON_TARGET_NAME} ALIAS ${NLOHMANN_JSON_TARGET_NAME}	add_library ${PROJECT_NAME}::${NLOHMANN_JSON_TARGET_NAME} ALIAS ${NLOHMANN_JSON_TARGET_NAME}	UNRESOLVED_EXPRESSION	1	FALSE	FALSE	FALSE	0	UNRESOLVED_EXPRESSION
NLOHMANN_JSON_PKGCONFIG_INSTALL_DIR	F:/~dev/rawrxd/build_p2/_deps/nlohmann_json-src/CMakeLists.txt	69	${CMAKE_INSTALL_DATADIR}/pkgconfig	${CMAKE_INSTALL_DATADIR}/pkgconfig	UNRESOLVED_EXPRESSION	1	FALSE	FALSE	FALSE	0	UNRESOLVED_EXPRESSION
NLOHMANN_JSON_PKGCONFIG_INSTALL_DIR	F:/~dev/rawrxd/build_p2/_deps/nlohmann_json-src/CMakeLists.txt	72	${PROJECT_SOURCE_DIR}/include/	${PROJECT_SOURCE_DIR}/include/	UNRESOLVED_EXPRESSION	1	FALSE	FALSE	FALSE	0	UNRESOLVED_EXPRESSION
NLOHMANN_JSON_PKGCONFIG_INSTALL_DIR	F:/~dev/rawrxd/build_p2/_deps/nlohmann_json-src/CMakeLists.txt	75	${PROJECT_SOURCE_DIR}/single_include/	${PROJECT_SOURCE_DIR}/single_include/	UNRESOLVED_EXPRESSION	1	FALSE	FALSE	FALSE	0	UNRESOLVED_EXPRESSION
NLOHMANN_JSON_PKGCONFIG_INSTALL_DIR	F:/~dev/rawrxd/build_p2_fresh/_deps/nlohmann_json-src/CMakeLists.txt	103	add_library ${NLOHMANN_JSON_TARGET_NAME} INTERFACE	add_library ${NLOHMANN_JSON_TARGET_NAME} INTERFACE	UNRESOLVED_EXPRESSION	1	FALSE	FALSE	FALSE	0	UNRESOLVED_EXPRESSION
NLOHMANN_JSON_PKGCONFIG_INSTALL_DIR	F:/~dev/rawrxd/build_p2_fresh/_deps/nlohmann_json-src/CMakeLists.txt	104	add_library ${PROJECT_NAME}::${NLOHMANN_JSON_TARGET_NAME} ALIAS ${NLOHMANN_JSON_TARGET_NAME}	add_library ${PROJECT_NAME}::${NLOHMANN_JSON_TARGET_NAME} ALIAS ${NLOHMANN_JSON_TARGET_NAME}	UNRESOLVED_EXPRESSION	1	FALSE	FALSE	FALSE	0	UNRESOLVED_EXPRESSION
NLOHMANN_JSON_PKGCONFIG_INSTALL_DIR	F:/~dev/rawrxd/build_p2_fresh/_deps/nlohmann_json-src/CMakeLists.txt	69	${CMAKE_INSTALL_DATADIR}/pkgconfig	${CMAKE_INSTALL_DATADIR}/pkgconfig	UNRESOLVED_EXPRESSION	1	FALSE	FALSE	FALSE	0	UNRESOLVED_EXPRESSION
NLOHMANN_JSON_PKGCONFIG_INSTALL_DIR	F:/~dev/rawrxd/build_p2_fresh/_deps/nlohmann_json-src/CMakeLists.txt	72	${PROJECT_SOURCE_DIR}/include/	${PROJECT_SOURCE_DIR}/include/	UNRESOLVED_EXPRESSION	1	FALSE	FALSE	FALSE	0	UNRESOLVED_EXPRESSION
NLOHMANN_JSON_PKGCONFIG_INSTALL_DIR	F:/~dev/rawrxd/build_p2_fresh/_deps/nlohmann_json-src/CMakeLists.txt	75	${PROJECT_SOURCE_DIR}/single_include/	${PROJECT_SOURCE_DIR}/single_include/	UNRESOLVED_EXPRESSION	1	FALSE	FALSE	FALSE	0	UNRESOLVED_EXPRESSION
NLOHMANN_JSON_TARGETS_EXPORT_NAME	F:/~dev/rawrxd/build_clean_test/_deps/nlohmann_json-src/CMakeLists.txt	63	${PROJECT_NAME}Targe s	${PROJECT_NAME}Targets	UNRESOLVED_EXPRESSION	1	FALSE	FALSE	FALSE	0	UNRESOLVED_EXPRESSION
NLOHMANN_JSON_TARGETS_EXPORT_NAME	F:/~dev/rawrxd/build_clean_test3/_deps/nlohmann_json-src/CMakeLists.txt	63	${PROJECT_NAME}Targe s	${PROJECT_NAME}Targets	UNRESOLVED_EXPRESSION	1	FALSE	FALSE	FALSE	0	UNRESOLVED_EXPRESSION
NLOHMANN_JSON_TARGETS_EXPORT_NAME	F:/~dev/rawrxd/build_clean_test5/_deps/nlohmann_json-src/CMakeLists.txt	63	${PROJECT_NAME}Targe s	${PROJECT_NAME}Targets	UNRESOLVED_EXPRESSION	1	FALSE	FALSE	FALSE	0	UNRESOLVED_EXPRESSION
NLOHMANN_JSON_TARGETS_EXPORT_NAME	F:/~dev/rawrxd/build_clean_test6/_deps/nlohmann_json-src/CMakeLists.txt	63	${PROJECT_NAME}Targe s	${PROJECT_NAME}Targets	UNRESOLVED_EXPRESSION	1	FALSE	FALSE	FALSE	0	UNRESOLVED_EXPRESSION
NLOHMANN_JSON_TARGETS_EXPORT_NAME	F:/~dev/rawrxd/build_clean_test7/_deps/nlohmann_json-src/CMakeLists.txt	63	${PROJECT_NAME}Targe s	${PROJECT_NAME}Targets	UNRESOLVED_EXPRESSION	1	FALSE	FALSE	FALSE	0	UNRESOLVED_EXPRESSION
NLOHMANN_JSON_TARGETS_EXPORT_NAME	F:/~dev/rawrxd/build_p1pra_prod/_deps/nlohmann_json-src/CMakeLists.txt	63	${PROJECT_NAME}Targe s	${PROJECT_NAME}Targets	UNRESOLVED_EXPRESSION	1	FALSE	FALSE	FALSE	0	UNRESOLVED_EXPRESSION
NLOHMANN_JSON_TARGETS_EXPORT_NAME	F:/~dev/rawrxd/build_p2/_deps/nlohmann_json-src/CMakeLists.txt	63	${PROJECT_NAME}Targe s	${PROJECT_NAME}Targets	UNRESOLVED_EXPRESSION	1	FALSE	FALSE	FALSE	0	UNRESOLVED_EXPRESSION
NLOHMANN_JSON_TARGETS_EXPORT_NAME	F:/~dev/rawrxd/build_p2_fresh/_deps/nlohmann_json-src/CMakeLists.txt	63	${PROJECT_NAME}Targe s	${PROJECT_NAME}Targets	UNRESOLVED_EXPRESSION	1	FALSE	FALSE	FALSE	0	UNRESOLVED_EXPRESSION
NLOHMANN_JSON_TARGET_NAME	F:/~dev/rawrxd/build_clean_test/_deps/nlohmann_json-src/CMakeLists.txt	60	se  NLOHMANN_JSON_TARGET_NAME               ${PROJECT_NAME}	set NLOHMANN_JSON_TARGET_NAME               ${PROJECT_NAME}	UNRESOLVED_EXPRESSION	1	FALSE	FALSE	FALSE	0	UNRESOLVED_EXPRESSION
NLOHMANN_JSON_TARGET_NAME	F:/~dev/rawrxd/build_clean_test3/_deps/nlohmann_json-src/CMakeLists.txt	60	se  NLOHMANN_JSON_TARGET_NAME               ${PROJECT_NAME}	set NLOHMANN_JSON_TARGET_NAME               ${PROJECT_NAME}	UNRESOLVED_EXPRESSION	1	FALSE	FALSE	FALSE	0	UNRESOLVED_EXPRESSION
NLOHMANN_JSON_TARGET_NAME	F:/~dev/rawrxd/build_clean_test5/_deps/nlohmann_json-src/CMakeLists.txt	60	se  NLOHMANN_JSON_TARGET_NAME               ${PROJECT_NAME}	set NLOHMANN_JSON_TARGET_NAME               ${PROJECT_NAME}	UNRESOLVED_EXPRESSION	1	FALSE	FALSE	FALSE	0	UNRESOLVED_EXPRESSION
NLOHMANN_JSON_TARGET_NAME	F:/~dev/rawrxd/build_clean_test6/_deps/nlohmann_json-src/CMakeLists.txt	60	se  NLOHMANN_JSON_TARGET_NAME               ${PROJECT_NAME}	set NLOHMANN_JSON_TARGET_NAME               ${PROJECT_NAME}	UNRESOLVED_EXPRESSION	1	FALSE	FALSE	FALSE	0	UNRESOLVED_EXPRESSION
NLOHMANN_JSON_TARGET_NAME	F:/~dev/rawrxd/build_clean_test7/_deps/nlohmann_json-src/CMakeLists.txt	60	se  NLOHMANN_JSON_TARGET_NAME               ${PROJECT_NAME}	set NLOHMANN_JSON_TARGET_NAME               ${PROJECT_NAME}	UNRESOLVED_EXPRESSION	1	FALSE	FALSE	FALSE	0	UNRESOLVED_EXPRESSION
NLOHMANN_JSON_TARGET_NAME	F:/~dev/rawrxd/build_p1pra_prod/_deps/nlohmann_json-src/CMakeLists.txt	60	se  NLOHMANN_JSON_TARGET_NAME               ${PROJECT_NAME}	set NLOHMANN_JSON_TARGET_NAME               ${PROJECT_NAME}	UNRESOLVED_EXPRESSION	1	FALSE	FALSE	FALSE	0	UNRESOLVED_EXPRESSION
NLOHMANN_JSON_TARGET_NAME	F:/~dev/rawrxd/build_p2/_deps/nlohmann_json-src/CMakeLists.txt	60	se  NLOHMANN_JSON_TARGET_NAME               ${PROJECT_NAME}	set NLOHMANN_JSON_TARGET_NAME               ${PROJECT_NAME}	UNRESOLVED_EXPRESSION	1	FALSE	FALSE	FALSE	0	UNRESOLVED_EXPRESSION
NLOHMANN_JSON_TARGET_NAME	F:/~dev/rawrxd/build_p2_fresh/_deps/nlohmann_json-src/CMakeLists.txt	60	se  NLOHMANN_JSON_TARGET_NAME               ${PROJECT_NAME}	set NLOHMANN_JSON_TARGET_NAME               ${PROJECT_NAME}	UNRESOLVED_EXPRESSION	1	FALSE	FALSE	FALSE	0	UNRESOLVED_EXPRESSION
OLD_GLOB	F:/~dev/rawrxd/build/CMakeFiles/VerifyGlobs.cmake	74	se  NEW_ONLY ${NEW_GLOB}	set NEW_ONLY ${NEW_GLOB}	UNRESOLVED_EXPRESSION	1	FALSE	FALSE	FALSE	1	UNRESOLVED_EXPRESSION
OLD_GLOB	F:/~dev/rawrxd/build/CMakeFiles/VerifyGlobs.cmake	75	se  OLD_ONLY ${OLD_GLOB}	set OLD_ONLY ${OLD_GLOB}	UNRESOLVED_EXPRESSION	1	FALSE	FALSE	FALSE	1	UNRESOLVED_EXPRESSION
OLD_GLOB	F:/~dev/rawrxd/build/CMakeFiles/VerifyGlobs.cmake	76	lis  REMOVE_ITEM NEW_ONLY ${OLD_GLOB}	list REMOVE_ITEM NEW_ONLY ${OLD_GLOB}	UNRESOLVED_EXPRESSION	1	FALSE	FALSE	FALSE	1	UNRESOLVED_EXPRESSION
OLD_GLOB	F:/~dev/rawrxd/build/CMakeFiles/VerifyGlobs.cmake	77	lis  REMOVE_ITEM OLD_ONLY ${NEW_GLOB}	list REMOVE_ITEM OLD_ONLY ${NEW_GLOB}	UNRESOLVED_EXPRESSION	1	FALSE	FALSE	FALSE	1	UNRESOLVED_EXPRESSION
OLD_GLOB	F:/~dev/rawrxd/build_ide/CMakeFiles/VerifyGlobs.cmake	74	se  NEW_ONLY ${NEW_GLOB}	set NEW_ONLY ${NEW_GLOB}	UNRESOLVED_EXPRESSION	1	FALSE	FALSE	FALSE	1	UNRESOLVED_EXPRESSION
OLD_GLOB	F:/~dev/rawrxd/build_ide/CMakeFiles/VerifyGlobs.cmake	75	se  OLD_ONLY ${OLD_GLOB}	set OLD_ONLY ${OLD_GLOB}	UNRESOLVED_EXPRESSION	1	FALSE	FALSE	FALSE	1	UNRESOLVED_EXPRESSION
OLD_GLOB	F:/~dev/rawrxd/build_ide/CMakeFiles/VerifyGlobs.cmake	76	lis  REMOVE_ITEM NEW_ONLY ${OLD_GLOB}	list REMOVE_ITEM NEW_ONLY ${OLD_GLOB}	UNRESOLVED_EXPRESSION	1	FALSE	FALSE	FALSE	1	UNRESOLVED_EXPRESSION
OLD_GLOB	F:/~dev/rawrxd/build_ide/CMakeFiles/VerifyGlobs.cmake	77	lis  REMOVE_ITEM OLD_ONLY ${NEW_GLOB}	list REMOVE_ITEM OLD_ONLY ${NEW_GLOB}	UNRESOLVED_EXPRESSION	1	FALSE	FALSE	FALSE	1	UNRESOLVED_EXPRESSION
OLD_GLOB	F:/~dev/rawrxd/build_ide_audit/CMakeFiles/VerifyGlobs.cmake	74	se  NEW_ONLY ${NEW_GLOB}	set NEW_ONLY ${NEW_GLOB}	UNRESOLVED_EXPRESSION	1	FALSE	FALSE	FALSE	1	UNRESOLVED_EXPRESSION
OLD_GLOB	F:/~dev/rawrxd/build_ide_audit/CMakeFiles/VerifyGlobs.cmake	75	se  OLD_ONLY ${OLD_GLOB}	set OLD_ONLY ${OLD_GLOB}	UNRESOLVED_EXPRESSION	1	FALSE	FALSE	FALSE	1	UNRESOLVED_EXPRESSION
OLD_GLOB	F:/~dev/rawrxd/build_ide_audit/CMakeFiles/VerifyGlobs.cmake	76	lis  REMOVE_ITEM NEW_ONLY ${OLD_GLOB}	list REMOVE_ITEM NEW_ONLY ${OLD_GLOB}	UNRESOLVED_EXPRESSION	1	FALSE	FALSE	FALSE	1	UNRESOLVED_EXPRESSION
OLD_GLOB	F:/~dev/rawrxd/build_ide_audit/CMakeFiles/VerifyGlobs.cmake	77	lis  REMOVE_ITEM OLD_ONLY ${NEW_GLOB}	list REMOVE_ITEM OLD_ONLY ${NEW_GLOB}	UNRESOLVED_EXPRESSION	1	FALSE	FALSE	FALSE	1	UNRESOLVED_EXPRESSION
OLD_GLOB	F:/~dev/rawrxd/build_ninja_release/CMakeFiles/VerifyGlobs.cmake	74	se  NEW_ONLY ${NEW_GLOB}	set NEW_ONLY ${NEW_GLOB}	UNRESOLVED_EXPRESSION	1	FALSE	FALSE	FALSE	1	UNRESOLVED_EXPRESSION
OLD_GLOB	F:/~dev/rawrxd/build_ninja_release/CMakeFiles/VerifyGlobs.cmake	75	se  OLD_ONLY ${OLD_GLOB}	set OLD_ONLY ${OLD_GLOB}	UNRESOLVED_EXPRESSION	1	FALSE	FALSE	FALSE	1	UNRESOLVED_EXPRESSION
OLD_GLOB	F:/~dev/rawrxd/build_ninja_release/CMakeFiles/VerifyGlobs.cmake	76	lis  REMOVE_ITEM NEW_ONLY ${OLD_GLOB}	list REMOVE_ITEM NEW_ONLY ${OLD_GLOB}	UNRESOLVED_EXPRESSION	1	FALSE	FALSE	FALSE	1	UNRESOLVED_EXPRESSION
OLD_GLOB	F:/~dev/rawrxd/build_ninja_release/CMakeFiles/VerifyGlobs.cmake	77	lis  REMOVE_ITEM OLD_ONLY ${NEW_GLOB}	list REMOVE_ITEM OLD_ONLY ${NEW_GLOB}	UNRESOLVED_EXPRESSION	1	FALSE	FALSE	FALSE	1	UNRESOLVED_EXPRESSION
OLD_GLOB	F:/~dev/rawrxd/build_permissive_ide_audit/CMakeFiles/VerifyGlobs.cmake	74	se  NEW_ONLY ${NEW_GLOB}	set NEW_ONLY ${NEW_GLOB}	UNRESOLVED_EXPRESSION	1	FALSE	FALSE	FALSE	1	UNRESOLVED_EXPRESSION
OLD_GLOB	F:/~dev/rawrxd/build_permissive_ide_audit/CMakeFiles/VerifyGlobs.cmake	75	se  OLD_ONLY ${OLD_GLOB}	set OLD_ONLY ${OLD_GLOB}	UNRESOLVED_EXPRESSION	1	FALSE	FALSE	FALSE	1	UNRESOLVED_EXPRESSION
OLD_GLOB	F:/~dev/rawrxd/build_permissive_ide_audit/CMakeFiles/VerifyGlobs.cmake	76	lis  REMOVE_ITEM NEW_ONLY ${OLD_GLOB}	list REMOVE_ITEM NEW_ONLY ${OLD_GLOB}	UNRESOLVED_EXPRESSION	1	FALSE	FALSE	FALSE	1	UNRESOLVED_EXPRESSION
OLD_GLOB	F:/~dev/rawrxd/build_permissive_ide_audit/CMakeFiles/VerifyGlobs.cmake	77	lis  REMOVE_ITEM OLD_ONLY ${NEW_GLOB}	list REMOVE_ITEM OLD_ONLY ${NEW_GLOB}	UNRESOLVED_EXPRESSION	1	FALSE	FALSE	FALSE	1	UNRESOLVED_EXPRESSION
OLD_GLOB	F:/~dev/rawrxd/build_remote64_verify/CMakeFiles/VerifyGlobs.cmake	74	se  NEW_ONLY ${NEW_GLOB}	set NEW_ONLY ${NEW_GLOB}	UNRESOLVED_EXPRESSION	1	FALSE	FALSE	FALSE	1	UNRESOLVED_EXPRESSION
OLD_GLOB	F:/~dev/rawrxd/build_remote64_verify/CMakeFiles/VerifyGlobs.cmake	75	se  OLD_ONLY ${OLD_GLOB}	set OLD_ONLY ${OLD_GLOB}	UNRESOLVED_EXPRESSION	1	FALSE	FALSE	FALSE	1	UNRESOLVED_EXPRESSION
OLD_GLOB	F:/~dev/rawrxd/build_remote64_verify/CMakeFiles/VerifyGlobs.cmake	76	lis  REMOVE_ITEM NEW_ONLY ${OLD_GLOB}	list REMOVE_ITEM NEW_ONLY ${OLD_GLOB}	UNRESOLVED_EXPRESSION	1	FALSE	FALSE	FALSE	1	UNRESOLVED_EXPRESSION
OLD_GLOB	F:/~dev/rawrxd/build_remote64_verify/CMakeFiles/VerifyGlobs.cmake	77	lis  REMOVE_ITEM OLD_ONLY ${NEW_GLOB}	list REMOVE_ITEM OLD_ONLY ${NEW_GLOB}	UNRESOLVED_EXPRESSION	1	FALSE	FALSE	FALSE	1	UNRESOLVED_EXPRESSION
OLD_GLOB	F:/~dev/rawrxd/build_repointel/CMakeFiles/VerifyGlobs.cmake	74	se  NEW_ONLY ${NEW_GLOB}	set NEW_ONLY ${NEW_GLOB}	UNRESOLVED_EXPRESSION	1	FALSE	FALSE	FALSE	1	UNRESOLVED_EXPRESSION
OLD_GLOB	F:/~dev/rawrxd/build_repointel/CMakeFiles/VerifyGlobs.cmake	75	se  OLD_ONLY ${OLD_GLOB}	set OLD_ONLY ${OLD_GLOB}	UNRESOLVED_EXPRESSION	1	FALSE	FALSE	FALSE	1	UNRESOLVED_EXPRESSION
OLD_GLOB	F:/~dev/rawrxd/build_repointel/CMakeFiles/VerifyGlobs.cmake	76	lis  REMOVE_ITEM NEW_ONLY ${OLD_GLOB}	list REMOVE_ITEM NEW_ONLY ${OLD_GLOB}	UNRESOLVED_EXPRESSION	1	FALSE	FALSE	FALSE	1	UNRESOLVED_EXPRESSION
OLD_GLOB	F:/~dev/rawrxd/build_repointel/CMakeFiles/VerifyGlobs.cmake	77	lis  REMOVE_ITEM OLD_ONLY ${NEW_GLOB}	list REMOVE_ITEM OLD_ONLY ${NEW_GLOB}	UNRESOLVED_EXPRESSION	1	FALSE	FALSE	FALSE	1	UNRESOLVED_EXPRESSION
OLD_GLOB	F:/~dev/rawrxd/build_strict_audit/CMakeFiles/VerifyGlobs.cmake	74	se  NEW_ONLY ${NEW_GLOB}	set NEW_ONLY ${NEW_GLOB}	UNRESOLVED_EXPRESSION	1	FALSE	FALSE	FALSE	1	UNRESOLVED_EXPRESSION
OLD_GLOB	F:/~dev/rawrxd/build_strict_audit/CMakeFiles/VerifyGlobs.cmake	75	se  OLD_ONLY ${OLD_GLOB}	set OLD_ONLY ${OLD_GLOB}	UNRESOLVED_EXPRESSION	1	FALSE	FALSE	FALSE	1	UNRESOLVED_EXPRESSION
OLD_GLOB	F:/~dev/rawrxd/build_strict_audit/CMakeFiles/VerifyGlobs.cmake	76	lis  REMOVE_ITEM NEW_ONLY ${OLD_GLOB}	list REMOVE_ITEM NEW_ONLY ${OLD_GLOB}	UNRESOLVED_EXPRESSION	1	FALSE	FALSE	FALSE	1	UNRESOLVED_EXPRESSION
OLD_GLOB	F:/~dev/rawrxd/build_strict_audit/CMakeFiles/VerifyGlobs.cmake	77	lis  REMOVE_ITEM OLD_ONLY ${NEW_GLOB}	list REMOVE_ITEM OLD_ONLY ${NEW_GLOB}	UNRESOLVED_EXPRESSION	1	FALSE	FALSE	FALSE	1	UNRESOLVED_EXPRESSION
OLD_GLOB	F:/~dev/rawrxd/build_strict_ide_audit/CMakeFiles/VerifyGlobs.cmake	74	se  NEW_ONLY ${NEW_GLOB}	set NEW_ONLY ${NEW_GLOB}	UNRESOLVED_EXPRESSION	1	FALSE	FALSE	FALSE	1	UNRESOLVED_EXPRESSION
OLD_GLOB	F:/~dev/rawrxd/build_strict_ide_audit/CMakeFiles/VerifyGlobs.cmake	75	se  OLD_ONLY ${OLD_GLOB}	set OLD_ONLY ${OLD_GLOB}	UNRESOLVED_EXPRESSION	1	FALSE	FALSE	FALSE	1	UNRESOLVED_EXPRESSION
OLD_GLOB	F:/~dev/rawrxd/build_strict_ide_audit/CMakeFiles/VerifyGlobs.cmake	76	lis  REMOVE_ITEM NEW_ONLY ${OLD_GLOB}	list REMOVE_ITEM NEW_ONLY ${OLD_GLOB}	UNRESOLVED_EXPRESSION	1	FALSE	FALSE	FALSE	1	UNRESOLVED_EXPRESSION
OLD_GLOB	F:/~dev/rawrxd/build_strict_ide_audit/CMakeFiles/VerifyGlobs.cmake	77	lis  REMOVE_ITEM OLD_ONLY ${NEW_GLOB}	list REMOVE_ITEM OLD_ONLY ${NEW_GLOB}	UNRESOLVED_EXPRESSION	1	FALSE	FALSE	FALSE	1	UNRESOLVED_EXPRESSION
OLD_GLOB	F:/~dev/rawrxd/certbuild/CMakeFiles/VerifyGlobs.cmake	74	se  NEW_ONLY ${NEW_GLOB}	set NEW_ONLY ${NEW_GLOB}	UNRESOLVED_EXPRESSION	1	FALSE	FALSE	FALSE	1	UNRESOLVED_EXPRESSION
OLD_GLOB	F:/~dev/rawrxd/certbuild/CMakeFiles/VerifyGlobs.cmake	75	se  OLD_ONLY ${OLD_GLOB}	set OLD_ONLY ${OLD_GLOB}	UNRESOLVED_EXPRESSION	1	FALSE	FALSE	FALSE	1	UNRESOLVED_EXPRESSION
OLD_GLOB	F:/~dev/rawrxd/certbuild/CMakeFiles/VerifyGlobs.cmake	76	lis  REMOVE_ITEM NEW_ONLY ${OLD_GLOB}	list REMOVE_ITEM NEW_ONLY ${OLD_GLOB}	UNRESOLVED_EXPRESSION	1	FALSE	FALSE	FALSE	1	UNRESOLVED_EXPRESSION
OLD_GLOB	F:/~dev/rawrxd/certbuild/CMakeFiles/VerifyGlobs.cmake	77	lis  REMOVE_ITEM OLD_ONLY ${NEW_GLOB}	list REMOVE_ITEM OLD_ONLY ${NEW_GLOB}	UNRESOLVED_EXPRESSION	1	FALSE	FALSE	FALSE	1	UNRESOLVED_EXPRESSION
OLD_GLOB	F:/~dev/rawrxd/cmlink/CMakeFiles/VerifyGlobs.cmake	74	se  NEW_ONLY ${NEW_GLOB}	set NEW_ONLY ${NEW_GLOB}	UNRESOLVED_EXPRESSION	1	FALSE	FALSE	FALSE	1	UNRESOLVED_EXPRESSION
OLD_GLOB	F:/~dev/rawrxd/cmlink/CMakeFiles/VerifyGlobs.cmake	75	se  OLD_ONLY ${OLD_GLOB}	set OLD_ONLY ${OLD_GLOB}	UNRESOLVED_EXPRESSION	1	FALSE	FALSE	FALSE	1	UNRESOLVED_EXPRESSION
OLD_GLOB	F:/~dev/rawrxd/cmlink/CMakeFiles/VerifyGlobs.cmake	76	lis  REMOVE_ITEM NEW_ONLY ${OLD_GLOB}	list REMOVE_ITEM NEW_ONLY ${OLD_GLOB}	UNRESOLVED_EXPRESSION	1	FALSE	FALSE	FALSE	1	UNRESOLVED_EXPRESSION
OLD_GLOB	F:/~dev/rawrxd/cmlink/CMakeFiles/VerifyGlobs.cmake	77	lis  REMOVE_ITEM OLD_ONLY ${NEW_GLOB}	list REMOVE_ITEM OLD_ONLY ${NEW_GLOB}	UNRESOLVED_EXPRESSION	1	FALSE	FALSE	FALSE	1	UNRESOLVED_EXPRESSION
OMEGA1_DIR	F:/~dev/rawrxd/CMakeLists.txt	15182	${CMAKE_CURRENT_SOURCE_DIR}/src/omega1_modules	${CMAKE_CURRENT_SOURCE_DIR}/src/omega1_modules	UNRESOLVED_EXPRESSION	1	FALSE	FALSE	FALSE	0	UNRESOLVED_EXPRESSION
PHASE22_PROBLEM_MATCHERS	F:/~dev/rawrxd/cmake/Phase22_ASMErrorParsing.cmake	85	${CMAKE_BINARY_DIR}/genera ed/asm_problem_ma chers.json	${CMAKE_BINARY_DIR}/generated/asm_problem_matchers.json	UNRESOLVED_EXPRESSION	1	FALSE	FALSE	FALSE	0	UNRESOLVED_EXPRESSION
RAWRXD_ALL_SOURCES	F:/~dev/rawrxd/cmake/SourceManifest.cmake	16	se  RAWRXD_ALL_SOURCES ${_SRC_CPP} ${_SHIP_CPP}	set RAWRXD_ALL_SOURCES ${_SRC_CPP} ${_SHIP_CPP}	UNRESOLVED_EXPRESSION	1	FALSE	FALSE	FALSE	0	UNRESOLVED_EXPRESSION
RAWRXD_BUILD_DIRTY	F:/~dev/rawrxd/CMakeLists.txt	42823	${GIT_EXECUTABLE}	${GIT_EXECUTABLE}	UNRESOLVED_EXPRESSION	1	FALSE	FALSE	FALSE	4	UNRESOLVED_EXPRESSION
RAWRXD_BUILD_DIRTY	F:/~dev/rawrxd/CMakeLists.txt	42824	${CMAKE_CURRENT_SOURCE_DIR}	${CMAKE_CURRENT_SOURCE_DIR}	UNRESOLVED_EXPRESSION	1	FALSE	FALSE	FALSE	4	UNRESOLVED_EXPRESSION
RAWRXD_BUILD_DIRTY	F:/~dev/rawrxd/CMakeLists.txt	42827	${GIT_EXECUTABLE}	${GIT_EXECUTABLE}	UNRESOLVED_EXPRESSION	1	FALSE	FALSE	FALSE	4	UNRESOLVED_EXPRESSION
RAWRXD_BUILD_DIRTY	F:/~dev/rawrxd/CMakeLists.txt	42828	${CMAKE_CURRENT_SOURCE_DIR}	${CMAKE_CURRENT_SOURCE_DIR}	UNRESOLVED_EXPRESSION	1	FALSE	FALSE	FALSE	4	UNRESOLVED_EXPRESSION
RAWRXD_BUILD_DIRTY	F:/~dev/rawrxd/CMakeLists.txt	42830	${RAWRXD_DIRTY_RC}	${RAWRXD_DIRTY_RC}	UNRESOLVED_EXPRESSION	1	FALSE	FALSE	FALSE	4	UNRESOLVED_EXPRESSION
RAWRXD_BUILD_DIRTY	F:/~dev/rawrxd/CMakeLists.txt	42834	${RAWRXD_BUILD_SHA}	${RAWRXD_BUILD_SHA}	UNRESOLVED_EXPRESSION	1	FALSE	FALSE	FALSE	3	UNRESOLVED_EXPRESSION
RAWRXD_BUILD_DIRTY	F:/~dev/rawrxd/CMakeLists.txt	42835	RAWRXD_BUILD_DIRTY=${RAWRXD_BUILD_DIRTY}	RAWRXD_BUILD_DIRTY=${RAWRXD_BUILD_DIRTY}	UNRESOLVED_EXPRESSION	1	FALSE	FALSE	FALSE	3	UNRESOLVED_EXPRESSION
RAWRXD_BUILD_DIRTY	F:/~dev/rawrxd/CMakeLists.txt	42836	${RAWRXD_BUILD_TS}	${RAWRXD_BUILD_TS}	UNRESOLVED_EXPRESSION	1	FALSE	FALSE	FALSE	3	UNRESOLVED_EXPRESSION
RAWRXD_BUILD_DIRTY	F:/~dev/rawrxd/CMakeLists.txt	42837	$<CONFIG>	$<CONFIG>	UNRESOLVED_EXPRESSION	1	FALSE	FALSE	FALSE	3	UNRESOLVED_EXPRESSION
RAWRXD_BUILD_DIRTY	F:/~dev/rawrxd/CMakeLists.txt	42840	$<$<NOT:$<CONFIG:Debug>>:/O2> /arch:AVX512 /EHsc /W4 /s d:c++20	$<$<NOT:$<CONFIG:Debug>>:/O2> /arch:AVX512 /EHsc /W4 /std:c++20	UNRESOLVED_EXPRESSION	1	FALSE	FALSE	FALSE	4	UNRESOLVED_EXPRESSION
RAWRXD_BUILD_DIRTY	F:/~dev/rawrxd/CMakeLists.txt	42854	include ${CMAKE_SOURCE_DIR}/cmake/RawrAgen icCliQuaran ine.cmake	include ${CMAKE_SOURCE_DIR}/cmake/RawrAgenticCliQuarantine.cmake	UNRESOLVED_EXPRESSION	1	FALSE	FALSE	FALSE	3	UNRESOLVED_EXPRESSION
RAWRXD_BUILD_DIRTY	F:/~dev/rawrxd/CMakeLists.txt	42860	include ${CMAKE_SOURCE_DIR}/cmake/Deep2Ga ewayCer S andalone.fragmen .cmake	include ${CMAKE_SOURCE_DIR}/cmake/Deep2GatewayCertStandalone.fragment.cmake	UNRESOLVED_EXPRESSION	1	FALSE	FALSE	FALSE	3	UNRESOLVED_EXPRESSION
RAWRXD_BUILD_DIRTY	F:/~dev/rawrxd/CMakeLists.txt	42861	include ${CMAKE_SOURCE_DIR}/cmake/Deep2BenchmarkCer .fragmen .cmake	include ${CMAKE_SOURCE_DIR}/cmake/Deep2BenchmarkCert.fragment.cmake	UNRESOLVED_EXPRESSION	1	FALSE	FALSE	FALSE	3	UNRESOLVED_EXPRESSION
RAWRXD_BUILD_DIRTY	F:/~dev/rawrxd/CMakeLists.txt	42862	include ${CMAKE_SOURCE_DIR}/cmake/Deep2Produc Lavapa h.fragmen .cmake	include ${CMAKE_SOURCE_DIR}/cmake/Deep2ProductLavapath.fragment.cmake	UNRESOLVED_EXPRESSION	1	FALSE	FALSE	FALSE	3	UNRESOLVED_EXPRESSION
RAWRXD_BUILD_DIRTY	F:/~dev/rawrxd/CMakeLists.txt	42864	include ${CMAKE_SOURCE_DIR}/cmake/RawrBackgroundTerminals.fragmen .cmake	include ${CMAKE_SOURCE_DIR}/cmake/RawrBackgroundTerminals.fragment.cmake	UNRESOLVED_EXPRESSION	1	FALSE	FALSE	FALSE	3	UNRESOLVED_EXPRESSION
RAWRXD_BUILD_DIRTY	F:/~dev/rawrxd/CMakeLists.txt	42865	include ${CMAKE_SOURCE_DIR}/cmake/RawrRemainingS yleCli.fragmen .cmake	include ${CMAKE_SOURCE_DIR}/cmake/RawrRemainingStyleCli.fragment.cmake	UNRESOLVED_EXPRESSION	1	FALSE	FALSE	FALSE	3	UNRESOLVED_EXPRESSION
RAWRXD_BUILD_DIRTY	F:/~dev/rawrxd/CMakeLists.txt	42866	include ${CMAKE_SOURCE_DIR}/cmake/RawrProduc Layer.fragmen .cmake	include ${CMAKE_SOURCE_DIR}/cmake/RawrProductLayer.fragment.cmake	UNRESOLVED_EXPRESSION	1	FALSE	FALSE	FALSE	3	UNRESOLVED_EXPRESSION
RAWRXD_BUILD_DIRTY	F:/~dev/rawrxd/CMakeLists.txt	42867	include ${CMAKE_SOURCE_DIR}/cmake/In ers ellar.fragmen .cmake	include ${CMAKE_SOURCE_DIR}/cmake/Interstellar.fragment.cmake	UNRESOLVED_EXPRESSION	1	FALSE	FALSE	FALSE	3	UNRESOLVED_EXPRESSION
RAWRXD_BUILD_TYPES	F:/~dev/rawrxd/cmake/RawrXDBuildOptions.cmake	149	${ou pu _dir}/rawrxd_build_config.h	${output_dir}/rawrxd_build_config.h	UNRESOLVED_EXPRESSION	1	FALSE	FALSE	FALSE	0	UNRESOLVED_EXPRESSION
RAWRXD_COMPRESSION_ASM_DIR	F:/~dev/rawrxd/CMakeLists.txt	15234	${CMAKE_CURRENT_SOURCE_DIR}/src/asm	${CMAKE_CURRENT_SOURCE_DIR}/src/asm	UNRESOLVED_EXPRESSION	1	FALSE	FALSE	FALSE	0	UNRESOLVED_EXPRESSION
RAWRXD_COMPRESSION_ASM_DIR	F:/~dev/rawrxd/CMakeLists.txt	15237	se  RAWRXD_COMPRESSION_ASM ${RAWRXD_COMPRESSION_ASM_DIR}/RawrXD_Compression.asm	set RAWRXD_COMPRESSION_ASM ${RAWRXD_COMPRESSION_ASM_DIR}/RawrXD_Compression.asm	UNRESOLVED_EXPRESSION	1	FALSE	FALSE	FALSE	1	UNRESOLVED_EXPRESSION
RAWRXD_COMPRESSION_ASM_DIR	F:/~dev/rawrxd/CMakeLists.txt	15238	se  RAWRXD_COMPRESSION_OBJ ${CMAKE_BINARY_DIR}/RawrXD_Compression_MASM.obj	set RAWRXD_COMPRESSION_OBJ ${CMAKE_BINARY_DIR}/RawrXD_Compression_MASM.obj	UNRESOLVED_EXPRESSION	1	FALSE	FALSE	FALSE	1	UNRESOLVED_EXPRESSION
RAWRXD_COMPRESSION_DIR	F:/~dev/rawrxd/CMakeLists.txt	15212	${CMAKE_CURRENT_SOURCE_DIR}/src/compression	${CMAKE_CURRENT_SOURCE_DIR}/src/compression	UNRESOLVED_EXPRESSION	1	FALSE	FALSE	FALSE	0	UNRESOLVED_EXPRESSION
RAWRXD_GIT_SAFETY_SEAL_SOURCES	F:/~dev/rawrxd/CMakeLists.txt	109388	${RAWRXD_GIT_SAFETY_SEAL_SOURCES}	${RAWRXD_GIT_SAFETY_SEAL_SOURCES}	UNRESOLVED_EXPRESSION	1	FALSE	FALSE	FALSE	4	UNRESOLVED_EXPRESSION
RAWRXD_GIT_SAFETY_SEAL_SOURCES	F:/~dev/rawrxd/CMakeLists.txt	109392	${CMAKE_SOURCE_DIR}/ ools/gi _safe y_seal.ps1	${CMAKE_SOURCE_DIR}/tools/git_safety_seal.ps1	UNRESOLVED_EXPRESSION	1	FALSE	FALSE	FALSE	4	UNRESOLVED_EXPRESSION
RAWRXD_GIT_SAFETY_SEAL_SOURCES	F:/~dev/rawrxd/CMakeLists.txt	109393	$<TARGET_FILE:gi _safe y_au hori y_cer >	$<TARGET_FILE:git_safety_authority_cert>	UNRESOLVED_EXPRESSION	1	FALSE	FALSE	FALSE	4	UNRESOLVED_EXPRESSION
RAWRXD_GIT_SAFETY_SEAL_SOURCES	F:/~dev/rawrxd/CMakeLists.txt	109394	$<TARGET_FILE:gi _safe y_au hori y_cer >.seal	$<TARGET_FILE:git_safety_authority_cert>.seal	UNRESOLVED_EXPRESSION	1	FALSE	FALSE	FALSE	4	UNRESOLVED_EXPRESSION
RAWRXD_GIT_SAFETY_SEAL_SOURCES	F:/~dev/rawrxd/CMakeLists.txt	109396	$<CONFIG>	$<CONFIG>	UNRESOLVED_EXPRESSION	1	FALSE	FALSE	FALSE	4	UNRESOLVED_EXPRESSION
RAWRXD_GIT_SAFETY_SEAL_SOURCES	F:/~dev/rawrxd/CMakeLists.txt	109397	${CMAKE_SOURCE_DIR}	${CMAKE_SOURCE_DIR}	UNRESOLVED_EXPRESSION	1	FALSE	FALSE	FALSE	4	UNRESOLVED_EXPRESSION
RAWRXD_GIT_SAFETY_SEAL_SOURCES	F:/~dev/rawrxd/CMakeLists.txt	109414	WORKING_DIRECTORY ${CMAKE_BINARY_DIR}	WORKING_DIRECTORY ${CMAKE_BINARY_DIR}	UNRESOLVED_EXPRESSION	1	FALSE	FALSE	FALSE	4	UNRESOLVED_EXPRESSION
RAWRXD_HAS_SSOT_STUB_LANE_GUARD	F:/~dev/rawrxd/CMakeLists.txt	35662	${CMAKE_SOURCE_DIR}/src/core/missing_handler_s ubs.cpp	${CMAKE_SOURCE_DIR}/src/core/missing_handler_stubs.cpp	UNRESOLVED_EXPRESSION	1	FALSE	FALSE	FALSE	3	UNRESOLVED_EXPRESSION
RAWRXD_IDE_BUILD_EXIT	F:/~dev/rawrxd/CMakeLists.txt	109513	RAWRXD_IDE_TARGET_CONFIGURED=${_rawrxd_ide_configured} and 	RAWRXD_IDE_TARGET_CONFIGURED=${_rawrxd_ide_configured} and 	UNRESOLVED_EXPRESSION	1	FALSE	FALSE	FALSE	5	UNRESOLVED_EXPRESSION
RAWRXD_IDE_BUILD_EXIT	F:/~dev/rawrxd/CMakeLists.txt	109514	RAWRXD_SOURCE_CENSUS_EXECUTED=${_rawrxd_ide_census_execu ed}. 	RAWRXD_SOURCE_CENSUS_EXECUTED=${_rawrxd_ide_census_executed}. 	UNRESOLVED_EXPRESSION	1	FALSE	FALSE	FALSE	5	UNRESOLVED_EXPRESSION
RAWRXD_IDE_BUILD_EXIT	F:/~dev/rawrxd/CMakeLists.txt	109515	RAWRXD_DROPPED_SOURCE_TOTAL=${_rawrxd_dropped_ o al} is a valid observa ion 	RAWRXD_DROPPED_SOURCE_TOTAL=${_rawrxd_dropped_total} is a valid observation 	UNRESOLVED_EXPRESSION	1	FALSE	FALSE	FALSE	5	UNRESOLVED_EXPRESSION
RAWRXD_IDE_BUILD_EXIT	F:/~dev/rawrxd/CMakeLists.txt	109518	Re-configure wi h -DRAWRXD_BUILD_WIN32IDE=ON  o make  his measuremen  real.	Re-configure with -DRAWRXD_BUILD_WIN32IDE=ON to make this measurement real.	LITERAL	1	FALSE	FALSE	FALSE	5	ACTIVE_MISSING
RAWRXD_IDE_BUILD_EXIT	F:/~dev/rawrxd/CMakeLists.txt	109522	every referenced source resolved.	every referenced source resolved.	LITERAL	1	FALSE	FALSE	FALSE	6	ACTIVE_MISSING
RAWRXD_IDE_BUILD_EXIT	F:/~dev/rawrxd/CMakeLists.txt	109525	VERDICT=FAIL_DROPPED_SOURCE: RAWRXD_DROPPED_SOURCE_TOTAL=${_rawrxd_dropped_ o al}: 	VERDICT=FAIL_DROPPED_SOURCE: RAWRXD_DROPPED_SOURCE_TOTAL=${_rawrxd_dropped_total}: 	UNRESOLVED_EXPRESSION	1	FALSE	FALSE	FALSE	6	UNRESOLVED_EXPRESSION
RAWRXD_IDE_BUILD_EXIT	F:/~dev/rawrxd/CMakeLists.txt	109526	${_rawrxd_dropped_ o al} referenced source file(s) do no  exis  and were dropped. 	${_rawrxd_dropped_total} referenced source file(s) do not exist and were dropped. 	UNRESOLVED_EXPRESSION	1	FALSE	FALSE	FALSE	6	UNRESOLVED_EXPRESSION
RAWRXD_IDE_BUILD_EXIT	F:/~dev/rawrxd/CMakeLists.txt	109529	and ge   he full lis  of absen  pa hs.	and get the full list of absent paths.	LITERAL	1	FALSE	FALSE	FALSE	6	ACTIVE_MISSING
RAWRXD_LOCAL_WIN32_SDK_DIR	F:/~dev/rawrxd/CMakeLists.txt	824	${CMAKE_CURRENT_SOURCE_DIR}/include	${CMAKE_CURRENT_SOURCE_DIR}/include	UNRESOLVED_EXPRESSION	1	FALSE	FALSE	FALSE	0	UNRESOLVED_EXPRESSION
RAWRXD_MATMUL_SHADER_SPV	F:/~dev/rawrxd/CMakeLists.txt	2947	${RAWRXD_TEST_SHADER_DIR}/shader_ma mul.spv	${RAWRXD_TEST_SHADER_DIR}/shader_matmul.spv	UNRESOLVED_EXPRESSION	1	FALSE	FALSE	FALSE	0	UNRESOLVED_EXPRESSION
RAWRXD_MATMUL_SHADER_SRC	F:/~dev/rawrxd/CMakeLists.txt	2946	${CMAKE_SOURCE_DIR}/src/gpu/shader_ma mul.comp	${CMAKE_SOURCE_DIR}/src/gpu/shader_matmul.comp	UNRESOLVED_EXPRESSION	1	FALSE	FALSE	FALSE	0	UNRESOLVED_EXPRESSION
RAWRXD_REMOTE64_DIR	F:/~dev/rawrxd/cmake/Remote64.cmake	17	${CMAKE_CURRENT_SOURCE_DIR}/src/remo e64	${CMAKE_CURRENT_SOURCE_DIR}/src/remote64	UNRESOLVED_EXPRESSION	1	FALSE	FALSE	FALSE	0	UNRESOLVED_EXPRESSION
RAWRXD_TEST_SHADER_DIR	F:/~dev/rawrxd/CMakeLists.txt	2929	${CMAKE_BINARY_DIR}/shaders	${CMAKE_BINARY_DIR}/shaders	UNRESOLVED_EXPRESSION	1	FALSE	FALSE	FALSE	0	UNRESOLVED_EXPRESSION
RAWRXD_TEST_SHADER_SPV	F:/~dev/rawrxd/CMakeLists.txt	2930	${RAWRXD_TEST_SHADER_DIR}/ es _vec_add.spv	${RAWRXD_TEST_SHADER_DIR}/test_vec_add.spv	UNRESOLVED_EXPRESSION	1	FALSE	FALSE	FALSE	0	UNRESOLVED_EXPRESSION
RAWRXD_TEST_SHADER_SPV	F:/~dev/rawrxd/CMakeLists.txt	2933	OUTPUT ${RAWRXD_TEST_SHADER_SPV}	OUTPUT ${RAWRXD_TEST_SHADER_SPV}	UNRESOLVED_EXPRESSION	1	FALSE	FALSE	FALSE	0	UNRESOLVED_EXPRESSION
RAWRXD_TEST_SHADER_SPV	F:/~dev/rawrxd/CMakeLists.txt	2934	COMMAND ${CMAKE_COMMAND} -E make_direc ory ${RAWRXD_TEST_SHADER_DIR}	COMMAND ${CMAKE_COMMAND} -E make_directory ${RAWRXD_TEST_SHADER_DIR}	UNRESOLVED_EXPRESSION	1	FALSE	FALSE	FALSE	0	UNRESOLVED_EXPRESSION
RAWRXD_TEST_SHADER_SPV	F:/~dev/rawrxd/CMakeLists.txt	2936	${RAWRXD_TEST_SHADER_SRC}	${RAWRXD_TEST_SHADER_SRC}	UNRESOLVED_EXPRESSION	1	FALSE	FALSE	FALSE	0	UNRESOLVED_EXPRESSION
RAWRXD_TEST_SHADER_SPV	F:/~dev/rawrxd/CMakeLists.txt	2937	-o ${RAWRXD_TEST_SHADER_SPV}	-o ${RAWRXD_TEST_SHADER_SPV}	UNRESOLVED_EXPRESSION	1	FALSE	FALSE	FALSE	0	UNRESOLVED_EXPRESSION
RAWRXD_TEST_SHADER_SPV	F:/~dev/rawrxd/CMakeLists.txt	2938	DEPENDS ${RAWRXD_TEST_SHADER_SRC}	DEPENDS ${RAWRXD_TEST_SHADER_SRC}	UNRESOLVED_EXPRESSION	1	FALSE	FALSE	FALSE	0	UNRESOLVED_EXPRESSION
RAWRXD_TEST_SHADER_SRC	F:/~dev/rawrxd/CMakeLists.txt	2928	${CMAKE_SOURCE_DIR}/src/shaders/ es _vec_add.comp	${CMAKE_SOURCE_DIR}/src/shaders/test_vec_add.comp	UNRESOLVED_EXPRESSION	1	FALSE	FALSE	FALSE	0	UNRESOLVED_EXPRESSION
RAWR_ENGINE_SOURCES	F:/~dev/rawrxd/CMakeLists.txt	14045	se  RAWR_ENGINE_SOURCES ${SOURCES}	set RAWR_ENGINE_SOURCES ${SOURCES}	UNRESOLVED_EXPRESSION	1	FALSE	FALSE	FALSE	0	UNRESOLVED_EXPRESSION
RAWR_PIPE_ASM_OBJ	F:/~dev/rawrxd/cmake/RawrProductLayer.fragment.cmake	10	${CMAKE_BINARY_DIR}/rawr_produc _pipe_x64.obj	${CMAKE_BINARY_DIR}/rawr_product_pipe_x64.obj	UNRESOLVED_EXPRESSION	1	FALSE	FALSE	FALSE	0	UNRESOLVED_EXPRESSION
RAWR_PRODUCT_ASM_OBJ	F:/~dev/rawrxd/cmake/RawrProductLayer.fragment.cmake	9	${CMAKE_BINARY_DIR}/rawr_produc _x64.obj	${CMAKE_BINARY_DIR}/rawr_product_x64.obj	UNRESOLVED_EXPRESSION	1	FALSE	FALSE	FALSE	0	UNRESOLVED_EXPRESSION
RAWR_PRODUCT_ASM_OBJS	F:/~dev/rawrxd/cmake/RawrProductLayer.fragment.cmake	21	lis  APPEND RAWR_PRODUCT_ASM_OBJS ${RAWR_PRODUCT_ASM_OBJ}	list APPEND RAWR_PRODUCT_ASM_OBJS ${RAWR_PRODUCT_ASM_OBJ}	UNRESOLVED_EXPRESSION	1	FALSE	FALSE	FALSE	1	UNRESOLVED_EXPRESSION
RAWR_PRODUCT_ASM_OBJS	F:/~dev/rawrxd/cmake/RawrProductLayer.fragment.cmake	35	lis  APPEND RAWR_PRODUCT_ASM_OBJS ${RAWR_PIPE_ASM_OBJ}	list APPEND RAWR_PRODUCT_ASM_OBJS ${RAWR_PIPE_ASM_OBJ}	UNRESOLVED_EXPRESSION	1	FALSE	FALSE	FALSE	1	UNRESOLVED_EXPRESSION
RAWR_SSOT_PROVIDER	F:/~dev/rawrxd/CMakeLists.txt	13979	.*/.*_fallback[^/]*\\.cpp$	.*/.*_fallback[^/]*//.cpp$	GLOB	1	FALSE	FALSE	FALSE	1	GLOB_EXPRESSION
RAWR_SSOT_PROVIDER	F:/~dev/rawrxd/CMakeLists.txt	13980	.*/.*_link_shims?\\.cpp$	.*/.*_link_shims?//.cpp$	GLOB	1	FALSE	FALSE	FALSE	1	GLOB_EXPRESSION
RAWR_SSOT_PROVIDER	F:/~dev/rawrxd/CMakeLists.txt	13981	.*/.*_shims?\\.cpp$	.*/.*_shims?//.cpp$	GLOB	1	FALSE	FALSE	FALSE	1	GLOB_EXPRESSION
RAWR_SSOT_PROVIDER	F:/~dev/rawrxd/CMakeLists.txt	13982	.*/s ubs\\.cpp$	.*/stubs//.cpp$	GLOB	1	FALSE	FALSE	FALSE	1	GLOB_EXPRESSION
RAWR_SSOT_PROVIDER	F:/~dev/rawrxd/CMakeLists.txt	13983	.*/.*_s ub\\.cpp$	.*/.*_stub//.cpp$	GLOB	1	FALSE	FALSE	FALSE	1	GLOB_EXPRESSION
RAWR_SSOT_PROVIDER	F:/~dev/rawrxd/CMakeLists.txt	13984	.*/s ub_.*\\.cpp$	.*/stub_.*//.cpp$	GLOB	1	FALSE	FALSE	FALSE	1	GLOB_EXPRESSION
RAWR_SSOT_PROVIDER	F:/~dev/rawrxd/CMakeLists.txt	13985	.*/shim_.*\\.cpp$	.*/shim_.*//.cpp$	GLOB	1	FALSE	FALSE	FALSE	1	GLOB_EXPRESSION
RAWR_SSOT_PROVIDER	F:/~dev/rawrxd/CMakeLists.txt	13986	.*/.*_(mock|fake)\\.cpp$	.*/.*_(mock|fake)//.cpp$	GLOB	1	FALSE	FALSE	FALSE	1	GLOB_EXPRESSION
RAWR_SSOT_PROVIDER	F:/~dev/rawrxd/CMakeLists.txt	13987	.*/.*(mock_|fake_).*\\.cpp$	.*/.*(mock_|fake_).*//.cpp$	GLOB	1	FALSE	FALSE	FALSE	1	GLOB_EXPRESSION
RAWR_SSOT_PROVIDER	F:/~dev/rawrxd/CMakeLists.txt	13988	.*/.*_s ubs\\.asm$	.*/.*_stubs//.asm$	GLOB	1	FALSE	FALSE	FALSE	1	GLOB_EXPRESSION
RAWR_SSOT_PROVIDER	F:/~dev/rawrxd/CMakeLists.txt	13989	.*/s ubs\\.asm$	.*/stubs//.asm$	GLOB	1	FALSE	FALSE	FALSE	1	GLOB_EXPRESSION
RAWR_SSOT_PROVIDER	F:/~dev/rawrxd/CMakeLists.txt	13990	.*/.*_s ub\\.asm$	.*/.*_stub//.asm$	GLOB	1	FALSE	FALSE	FALSE	1	GLOB_EXPRESSION
RAWR_SSOT_PROVIDER	F:/~dev/rawrxd/CMakeLists.txt	13991	.*/s ub_.*\\.asm$	.*/stub_.*//.asm$	GLOB	1	FALSE	FALSE	FALSE	1	GLOB_EXPRESSION
RAWR_SSOT_PROVIDER	F:/~dev/rawrxd/CMakeLists.txt	13992	.*/.*_shims?\\.asm$	.*/.*_shims?//.asm$	GLOB	1	FALSE	FALSE	FALSE	1	GLOB_EXPRESSION
RAWR_SSOT_PROVIDER	F:/~dev/rawrxd/CMakeLists.txt	13993	.*/shim_.*\\.asm$	.*/shim_.*//.asm$	GLOB	1	FALSE	FALSE	FALSE	1	GLOB_EXPRESSION
RAWR_SSOT_PROVIDER	F:/~dev/rawrxd/CMakeLists.txt	13994	.*/.*_link_shims?\\.asm$	.*/.*_link_shims?//.asm$	GLOB	1	FALSE	FALSE	FALSE	1	GLOB_EXPRESSION
RAWR_SSOT_PROVIDER	F:/~dev/rawrxd/CMakeLists.txt	13995	.*/.*_fallback[^/]*\\.asm$	.*/.*_fallback[^/]*//.asm$	GLOB	1	FALSE	FALSE	FALSE	1	GLOB_EXPRESSION
RAWR_SSOT_PROVIDER	F:/~dev/rawrxd/CMakeLists.txt	13996	.*/.*_(mock|fake)\\.asm$	.*/.*_(mock|fake)//.asm$	GLOB	1	FALSE	FALSE	FALSE	1	GLOB_EXPRESSION
RAWR_SSOT_PROVIDER	F:/~dev/rawrxd/CMakeLists.txt	13997	.*/.*(mock_|fake_).*\\.asm$	.*/.*(mock_|fake_).*//.asm$	GLOB	1	FALSE	FALSE	FALSE	1	GLOB_EXPRESSION
RAWR_SSOT_PROVIDER	F:/~dev/rawrxd/CMakeLists.txt	13998	.*/link_s ubs_.*\\.cpp$	.*/link_stubs_.*//.cpp$	GLOB	1	FALSE	FALSE	FALSE	1	GLOB_EXPRESSION
RAWR_SSOT_PROVIDER	F:/~dev/rawrxd/CMakeLists.txt	13999	.*/link_s ubs_.*\\.asm$	.*/link_stubs_.*//.asm$	GLOB	1	FALSE	FALSE	FALSE	1	GLOB_EXPRESSION
RAWR_TERM_ASM_OBJ	F:/~dev/rawrxd/cmake/RawrBackgroundTerminals.fragment.cmake	18	${CMAKE_BINARY_DIR}/rawr_ erm_x64.obj	${CMAKE_BINARY_DIR}/rawr_term_x64.obj	UNRESOLVED_EXPRESSION	1	FALSE	FALSE	FALSE	0	UNRESOLVED_EXPRESSION
REPORT_FILE	F:/~dev/rawrxd/cmake/GenerateDependencyReport.cmake	7	${OUTPUT}	${OUTPUT}	UNRESOLVED_EXPRESSION	1	FALSE	FALSE	FALSE	0	UNRESOLVED_EXPRESSION
RawrEngine	F:/~dev/rawrxd/CMakeLists.txt	15317	add_execu able RawrEngine ${RAWR_ENGINE_SOURCES} ${RAWR_ENGINE_ASM_SOURCES}	add_executable RawrEngine ${RAWR_ENGINE_SOURCES} ${RAWR_ENGINE_ASM_SOURCES}	UNRESOLVED_EXPRESSION	1	FALSE	FALSE	FALSE	2	UNRESOLVED_EXPRESSION
RawrEngine	F:/~dev/rawrxd/CMakeLists.txt	16261	COMMAND powershell -Execu ionPolicy Bypass -File ${OMEGA1_DIR}/Genera e-Manifes .ps1	COMMAND powershell -ExecutionPolicy Bypass -File ${OMEGA1_DIR}/Generate-Manifest.ps1	UNRESOLVED_EXPRESSION	1	FALSE	FALSE	FALSE	4	UNRESOLVED_EXPRESSION
RawrEngine	F:/~dev/rawrxd/CMakeLists.txt	16262	-BinaryPa h $<TARGET_FILE:RawrEngine>	-BinaryPath $<TARGET_FILE:RawrEngine>	UNRESOLVED_EXPRESSION	1	FALSE	FALSE	FALSE	4	UNRESOLVED_EXPRESSION
RawrEngine	F:/~dev/rawrxd/CMakeLists.txt	16263	-Ou pu Pa h ${CMAKE_BINARY_DIR}/omega1_manifes .json	-OutputPath ${CMAKE_BINARY_DIR}/omega1_manifest.json	UNRESOLVED_EXPRESSION	1	FALSE	FALSE	FALSE	4	UNRESOLVED_EXPRESSION
RawrEngine	F:/~dev/rawrxd/CMakeLists.txt	16277	${CMAKE_CURRENT_SOURCE_DIR}/src	${CMAKE_CURRENT_SOURCE_DIR}/src	UNRESOLVED_EXPRESSION	1	FALSE	FALSE	FALSE	3	UNRESOLVED_EXPRESSION
RawrEngine	F:/~dev/rawrxd/CMakeLists.txt	16278	${CMAKE_CURRENT_SOURCE_DIR}/src/engine	${CMAKE_CURRENT_SOURCE_DIR}/src/engine	UNRESOLVED_EXPRESSION	1	FALSE	FALSE	FALSE	3	UNRESOLVED_EXPRESSION
RawrEngine	F:/~dev/rawrxd/CMakeLists.txt	16279	${CMAKE_CURRENT_SOURCE_DIR}/src/core	${CMAKE_CURRENT_SOURCE_DIR}/src/core	UNRESOLVED_EXPRESSION	1	FALSE	FALSE	FALSE	3	UNRESOLVED_EXPRESSION
RawrEngine	F:/~dev/rawrxd/CMakeLists.txt	16280	${CMAKE_CURRENT_SOURCE_DIR}/src/securi y	${CMAKE_CURRENT_SOURCE_DIR}/src/security	UNRESOLVED_EXPRESSION	1	FALSE	FALSE	FALSE	3	UNRESOLVED_EXPRESSION
RawrEngine	F:/~dev/rawrxd/CMakeLists.txt	16281	${CMAKE_CURRENT_SOURCE_DIR}/src/server	${CMAKE_CURRENT_SOURCE_DIR}/src/server	UNRESOLVED_EXPRESSION	1	FALSE	FALSE	FALSE	3	UNRESOLVED_EXPRESSION
RawrEngine	F:/~dev/rawrxd/CMakeLists.txt	16282	${CMAKE_CURRENT_SOURCE_DIR}/src/agen 	${CMAKE_CURRENT_SOURCE_DIR}/src/agent	UNRESOLVED_EXPRESSION	1	FALSE	FALSE	FALSE	3	UNRESOLVED_EXPRESSION
RawrEngine	F:/~dev/rawrxd/CMakeLists.txt	16283	${CMAKE_CURRENT_SOURCE_DIR}/src/agen ic	${CMAKE_CURRENT_SOURCE_DIR}/src/agentic	UNRESOLVED_EXPRESSION	1	FALSE	FALSE	FALSE	3	UNRESOLVED_EXPRESSION
RawrEngine	F:/~dev/rawrxd/CMakeLists.txt	16284	${CMAKE_CURRENT_SOURCE_DIR}/src/cli	${CMAKE_CURRENT_SOURCE_DIR}/src/cli	UNRESOLVED_EXPRESSION	1	FALSE	FALSE	FALSE	3	UNRESOLVED_EXPRESSION
RawrEngine	F:/~dev/rawrxd/CMakeLists.txt	16285	${CMAKE_CURRENT_SOURCE_DIR}/src/ui	${CMAKE_CURRENT_SOURCE_DIR}/src/ui	UNRESOLVED_EXPRESSION	1	FALSE	FALSE	FALSE	3	UNRESOLVED_EXPRESSION
RawrEngine	F:/~dev/rawrxd/CMakeLists.txt	16286	${CMAKE_CURRENT_SOURCE_DIR}/src/gi 	${CMAKE_CURRENT_SOURCE_DIR}/src/git	UNRESOLVED_EXPRESSION	1	FALSE	FALSE	FALSE	3	UNRESOLVED_EXPRESSION
RawrEngine	F:/~dev/rawrxd/CMakeLists.txt	16287	${CMAKE_CURRENT_SOURCE_DIR}/src/lsp	${CMAKE_CURRENT_SOURCE_DIR}/src/lsp	UNRESOLVED_EXPRESSION	1	FALSE	FALSE	FALSE	3	UNRESOLVED_EXPRESSION
RawrEngine	F:/~dev/rawrxd/CMakeLists.txt	16288	${CMAKE_CURRENT_SOURCE_DIR}/src/gpu	${CMAKE_CURRENT_SOURCE_DIR}/src/gpu	UNRESOLVED_EXPRESSION	1	FALSE	FALSE	FALSE	3	UNRESOLVED_EXPRESSION
RawrEngine	F:/~dev/rawrxd/CMakeLists.txt	16289	${CMAKE_CURRENT_SOURCE_DIR}/src/modules	${CMAKE_CURRENT_SOURCE_DIR}/src/modules	UNRESOLVED_EXPRESSION	1	FALSE	FALSE	FALSE	3	UNRESOLVED_EXPRESSION
RawrEngine	F:/~dev/rawrxd/CMakeLists.txt	16290	${CMAKE_CURRENT_SOURCE_DIR}/src/ ools	${CMAKE_CURRENT_SOURCE_DIR}/src/tools	UNRESOLVED_EXPRESSION	1	FALSE	FALSE	FALSE	3	UNRESOLVED_EXPRESSION
RawrEngine	F:/~dev/rawrxd/CMakeLists.txt	16291	${CMAKE_CURRENT_SOURCE_DIR}/src/ eleme ry	${CMAKE_CURRENT_SOURCE_DIR}/src/telemetry	UNRESOLVED_EXPRESSION	1	FALSE	FALSE	FALSE	3	UNRESOLVED_EXPRESSION
RawrEngine	F:/~dev/rawrxd/CMakeLists.txt	16292	${CMAKE_CURRENT_SOURCE_DIR}/src/reverse_engineering	${CMAKE_CURRENT_SOURCE_DIR}/src/reverse_engineering	UNRESOLVED_EXPRESSION	1	FALSE	FALSE	FALSE	3	UNRESOLVED_EXPRESSION
RawrEngine	F:/~dev/rawrxd/CMakeLists.txt	16293	${CMAKE_CURRENT_SOURCE_DIR}/src/sovereign	${CMAKE_CURRENT_SOURCE_DIR}/src/sovereign	UNRESOLVED_EXPRESSION	1	FALSE	FALSE	FALSE	3	UNRESOLVED_EXPRESSION
RawrEngine	F:/~dev/rawrxd/CMakeLists.txt	16294	${CMAKE_CURRENT_SOURCE_DIR}/src/sovereign/puppe eer	${CMAKE_CURRENT_SOURCE_DIR}/src/sovereign/puppeteer	UNRESOLVED_EXPRESSION	1	FALSE	FALSE	FALSE	3	UNRESOLVED_EXPRESSION
RawrEngine	F:/~dev/rawrxd/CMakeLists.txt	16295	${CMAKE_CURRENT_SOURCE_DIR}/src/in en 	${CMAKE_CURRENT_SOURCE_DIR}/src/intent	UNRESOLVED_EXPRESSION	1	FALSE	FALSE	FALSE	3	UNRESOLVED_EXPRESSION
RawrEngine	F:/~dev/rawrxd/CMakeLists.txt	16296	${CMAKE_CURRENT_SOURCE_DIR}/src/repo	${CMAKE_CURRENT_SOURCE_DIR}/src/repo	UNRESOLVED_EXPRESSION	1	FALSE	FALSE	FALSE	3	UNRESOLVED_EXPRESSION
RawrEngine	F:/~dev/rawrxd/CMakeLists.txt	16297	${CMAKE_CURRENT_SOURCE_DIR}/src/build	${CMAKE_CURRENT_SOURCE_DIR}/src/build	UNRESOLVED_EXPRESSION	1	FALSE	FALSE	FALSE	3	UNRESOLVED_EXPRESSION
RawrEngine	F:/~dev/rawrxd/CMakeLists.txt	16298	${CMAKE_CURRENT_SOURCE_DIR}/src/diagnos ics	${CMAKE_CURRENT_SOURCE_DIR}/src/diagnostics	UNRESOLVED_EXPRESSION	1	FALSE	FALSE	FALSE	3	UNRESOLVED_EXPRESSION
RawrEngine	F:/~dev/rawrxd/CMakeLists.txt	16299	${CMAKE_CURRENT_SOURCE_DIR}/src/refac oring	${CMAKE_CURRENT_SOURCE_DIR}/src/refactoring	UNRESOLVED_EXPRESSION	1	FALSE	FALSE	FALSE	3	UNRESOLVED_EXPRESSION
RawrEngine	F:/~dev/rawrxd/CMakeLists.txt	16300	${CMAKE_CURRENT_SOURCE_DIR}/src/ide	${CMAKE_CURRENT_SOURCE_DIR}/src/ide	UNRESOLVED_EXPRESSION	1	FALSE	FALSE	FALSE	3	UNRESOLVED_EXPRESSION
RawrEngine	F:/~dev/rawrxd/CMakeLists.txt	16301	${CMAKE_CURRENT_SOURCE_DIR}/src/valida ion	${CMAKE_CURRENT_SOURCE_DIR}/src/validation	UNRESOLVED_EXPRESSION	1	FALSE	FALSE	FALSE	3	UNRESOLVED_EXPRESSION
RawrEngine	F:/~dev/rawrxd/CMakeLists.txt	16302	${CMAKE_CURRENT_SOURCE_DIR}/src/guardrails	${CMAKE_CURRENT_SOURCE_DIR}/src/guardrails	UNRESOLVED_EXPRESSION	1	FALSE	FALSE	FALSE	3	UNRESOLVED_EXPRESSION
RawrEngine	F:/~dev/rawrxd/CMakeLists.txt	16303	${CMAKE_CURRENT_SOURCE_DIR}/src/ho pa ch	${CMAKE_CURRENT_SOURCE_DIR}/src/hotpatch	UNRESOLVED_EXPRESSION	1	FALSE	FALSE	FALSE	3	UNRESOLVED_EXPRESSION
RawrEngine	F:/~dev/rawrxd/CMakeLists.txt	16304	${CMAKE_CURRENT_SOURCE_DIR}/src/kernel	${CMAKE_CURRENT_SOURCE_DIR}/src/kernel	UNRESOLVED_EXPRESSION	1	FALSE	FALSE	FALSE	3	UNRESOLVED_EXPRESSION
RawrEngine	F:/~dev/rawrxd/CMakeLists.txt	16305	${CMAKE_CURRENT_SOURCE_DIR}/src/swarm	${CMAKE_CURRENT_SOURCE_DIR}/src/swarm	UNRESOLVED_EXPRESSION	1	FALSE	FALSE	FALSE	3	UNRESOLVED_EXPRESSION
RawrEngine	F:/~dev/rawrxd/CMakeLists.txt	16306	${CMAKE_CURRENT_SOURCE_DIR}/src/omega1_modules	${CMAKE_CURRENT_SOURCE_DIR}/src/omega1_modules	UNRESOLVED_EXPRESSION	1	FALSE	FALSE	FALSE	3	UNRESOLVED_EXPRESSION
RawrEngine	F:/~dev/rawrxd/CMakeLists.txt	16307	${CMAKE_CURRENT_SOURCE_DIR}/src/run ime	${CMAKE_CURRENT_SOURCE_DIR}/src/runtime	UNRESOLVED_EXPRESSION	1	FALSE	FALSE	FALSE	3	UNRESOLVED_EXPRESSION
RawrEngine	F:/~dev/rawrxd/CMakeLists.txt	16308	${CMAKE_CURRENT_SOURCE_DIR}/include	${CMAKE_CURRENT_SOURCE_DIR}/include	UNRESOLVED_EXPRESSION	1	FALSE	FALSE	FALSE	3	UNRESOLVED_EXPRESSION
RawrEngine	F:/~dev/rawrxd/CMakeLists.txt	16309	${CMAKE_CURRENT_SOURCE_DIR}/include/gpu	${CMAKE_CURRENT_SOURCE_DIR}/include/gpu	UNRESOLVED_EXPRESSION	1	FALSE	FALSE	FALSE	3	UNRESOLVED_EXPRESSION
RawrEngine	F:/~dev/rawrxd/CMakeLists.txt	16360	Mul iThreaded$<$<CONFIG:Debug>:Debug>	MultiThreaded$<$<CONFIG:Debug>:Debug>	UNRESOLVED_EXPRESSION	1	FALSE	FALSE	FALSE	3	UNRESOLVED_EXPRESSION
RawrXD-Agentic	F:/~dev/rawrxd/CMakeLists.txt	47220	$<TARGET_OBJECTS:rawrxd_hexmag_repea >	$<TARGET_OBJECTS:rawrxd_hexmag_repeat>	UNRESOLVED_EXPRESSION	1	FALSE	FALSE	FALSE	4	UNRESOLVED_EXPRESSION
RawrXD-Agentic	F:/~dev/rawrxd/CMakeLists.txt	47227	${CMAKE_SOURCE_DIR}/src/deep2	${CMAKE_SOURCE_DIR}/src/deep2	UNRESOLVED_EXPRESSION	1	FALSE	FALSE	FALSE	4	UNRESOLVED_EXPRESSION
RawrXD-Agentic	F:/~dev/rawrxd/CMakeLists.txt	47228	${CMAKE_SOURCE_DIR}/src/agen ic	${CMAKE_SOURCE_DIR}/src/agentic	UNRESOLVED_EXPRESSION	1	FALSE	FALSE	FALSE	4	UNRESOLVED_EXPRESSION
RawrXD-Agentic	F:/~dev/rawrxd/CMakeLists.txt	47229	${CMAKE_SOURCE_DIR}/include	${CMAKE_SOURCE_DIR}/include	UNRESOLVED_EXPRESSION	1	FALSE	FALSE	FALSE	4	UNRESOLVED_EXPRESSION
RawrXD-Agentic	F:/~dev/rawrxd/CMakeLists.txt	47232	RUNTIME_OUTPUT_DIRECTORY ${CMAKE_BINARY_DIR}/bin	RUNTIME_OUTPUT_DIRECTORY ${CMAKE_BINARY_DIR}/bin	UNRESOLVED_EXPRESSION	1	FALSE	FALSE	FALSE	4	UNRESOLVED_EXPRESSION
RawrXD-Agentic	F:/~dev/rawrxd/cmake/RawrXDSovereignFinish.cmake	91	${CMAKE_CURRENT_SOURCE_DIR}/src/models/ModelCa alog.cpp	${CMAKE_CURRENT_SOURCE_DIR}/src/models/ModelCatalog.cpp	UNRESOLVED_EXPRESSION	1	FALSE	FALSE	FALSE	1	UNRESOLVED_EXPRESSION
RawrXD-Agentic	F:/~dev/rawrxd/cmake/RawrXDSovereignFinish.cmake	93	${CMAKE_CURRENT_SOURCE_DIR}/src	${CMAKE_CURRENT_SOURCE_DIR}/src	UNRESOLVED_EXPRESSION	1	FALSE	FALSE	FALSE	1	UNRESOLVED_EXPRESSION
RawrXD-Agentic	F:/~dev/rawrxd/cmake/RawrXDSovereignFinish.cmake	94	${CMAKE_CURRENT_SOURCE_DIR}/src/models	${CMAKE_CURRENT_SOURCE_DIR}/src/models	UNRESOLVED_EXPRESSION	1	FALSE	FALSE	FALSE	1	UNRESOLVED_EXPRESSION
RawrXD-AutoFixCLI	F:/~dev/rawrxd/CMakeLists.txt	82590	${CMAKE_SOURCE_DIR}/src	${CMAKE_SOURCE_DIR}/src	UNRESOLVED_EXPRESSION	1	FALSE	FALSE	FALSE	5	UNRESOLVED_EXPRESSION
RawrXD-AutoFixCLI	F:/~dev/rawrxd/CMakeLists.txt	82591	${CMAKE_SOURCE_DIR}/include	${CMAKE_SOURCE_DIR}/include	UNRESOLVED_EXPRESSION	1	FALSE	FALSE	FALSE	5	UNRESOLVED_EXPRESSION
RawrXD-AutoFixCLI	F:/~dev/rawrxd/CMakeLists.txt	82602	RUNTIME_OUTPUT_DIRECTORY ${CMAKE_BINARY_DIR}/bin	RUNTIME_OUTPUT_DIRECTORY ${CMAKE_BINARY_DIR}/bin	UNRESOLVED_EXPRESSION	1	FALSE	FALSE	FALSE	5	UNRESOLVED_EXPRESSION
RawrXD-Benchmark	F:/~dev/rawrxd/CMakeLists.txt	88506	${CMAKE_SOURCE_DIR}/src	${CMAKE_SOURCE_DIR}/src	UNRESOLVED_EXPRESSION	1	FALSE	FALSE	FALSE	5	UNRESOLVED_EXPRESSION
RawrXD-Benchmark	F:/~dev/rawrxd/CMakeLists.txt	88507	${CMAKE_SOURCE_DIR}/include	${CMAKE_SOURCE_DIR}/include	UNRESOLVED_EXPRESSION	1	FALSE	FALSE	FALSE	5	UNRESOLVED_EXPRESSION
RawrXD-Benchmark	F:/~dev/rawrxd/CMakeLists.txt	88511	${RAWR_VULKAN_INCLUDE}	${RAWR_VULKAN_INCLUDE}	UNRESOLVED_EXPRESSION	1	FALSE	FALSE	FALSE	6	UNRESOLVED_EXPRESSION
RawrXD-Benchmark	F:/~dev/rawrxd/CMakeLists.txt	88512	${RAWR_VULKAN_LIB}	${RAWR_VULKAN_LIB}	UNRESOLVED_EXPRESSION	1	FALSE	FALSE	FALSE	6	UNRESOLVED_EXPRESSION
RawrXD-Benchmark	F:/~dev/rawrxd/CMakeLists.txt	88515	 arge _include_direc ories RawrXD-Benchmark PRIVATE ${VULKAN_INCLUDE_DIR}	target_include_directories RawrXD-Benchmark PRIVATE ${VULKAN_INCLUDE_DIR}	UNRESOLVED_EXPRESSION	1	FALSE	FALSE	FALSE	6	UNRESOLVED_EXPRESSION
RawrXD-Benchmark	F:/~dev/rawrxd/CMakeLists.txt	88518	 arge _include_direc ories RawrXD-Benchmark PRIVATE ${Vulkan_INCLUDE_DIRS}	target_include_directories RawrXD-Benchmark PRIVATE ${Vulkan_INCLUDE_DIRS}	UNRESOLVED_EXPRESSION	1	FALSE	FALSE	FALSE	6	UNRESOLVED_EXPRESSION
RawrXD-Benchmark	F:/~dev/rawrxd/CMakeLists.txt	88537	RUNTIME_OUTPUT_DIRECTORY ${CMAKE_BINARY_DIR}/bin	RUNTIME_OUTPUT_DIRECTORY ${CMAKE_BINARY_DIR}/bin	UNRESOLVED_EXPRESSION	1	FALSE	FALSE	FALSE	5	UNRESOLVED_EXPRESSION
RawrXD-Crypto	F:/~dev/rawrxd/CMakeLists.txt	35579	/DEF:${CMAKE_CURRENT_SOURCE_DIR}/src/securi y/RawrXD-Cryp o.def	/DEF:${CMAKE_CURRENT_SOURCE_DIR}/src/security/RawrXD-Crypto.def	UNRESOLVED_EXPRESSION	1	FALSE	FALSE	FALSE	3	UNRESOLVED_EXPRESSION
RawrXD-Crypto	F:/~dev/rawrxd/CMakeLists.txt	35657	[Produc ionLane] RAWR_ASAN=ON is incompa ible wi h RAWRXD_PRODUCTION_STRIP_STUB_SOURCES=ON.	[ProductionLane] RAWR_ASAN=ON is incompatible with RAWRXD_PRODUCTION_STRIP_STUB_SOURCES=ON.	LITERAL	1	FALSE	FALSE	FALSE	3	ACTIVE_MISSING
RawrXD-Executor	F:/~dev/rawrxd/src/core/executor/CMakeLists.txt	19	add_library RawrXD-Execu or STATIC ${EXECUTOR_SOURCES} ${EXECUTOR_HEADERS}	add_library RawrXD-Executor STATIC ${EXECUTOR_SOURCES} ${EXECUTOR_HEADERS}	UNRESOLVED_EXPRESSION	1	FALSE	FALSE	FALSE	0	UNRESOLVED_EXPRESSION
RawrXD-Executor	F:/~dev/rawrxd/src/core/executor/CMakeLists.txt	24	$<BUILD_INTERFACE:${CMAKE_CURRENT_SOURCE_DIR}>	$<BUILD_INTERFACE:${CMAKE_CURRENT_SOURCE_DIR}>	UNRESOLVED_EXPRESSION	1	FALSE	FALSE	FALSE	0	UNRESOLVED_EXPRESSION
RawrXD-Executor	F:/~dev/rawrxd/src/core/executor/CMakeLists.txt	25	$<INSTALL_INTERFACE:include>	$<INSTALL_INTERFACE:include>	UNRESOLVED_EXPRESSION	1	FALSE	FALSE	FALSE	0	UNRESOLVED_EXPRESSION
RawrXD-FusedBenchmark	F:/~dev/rawrxd/CMakeLists.txt	89363	${CMAKE_SOURCE_DIR}/src	${CMAKE_SOURCE_DIR}/src	UNRESOLVED_EXPRESSION	1	FALSE	FALSE	FALSE	5	UNRESOLVED_EXPRESSION
RawrXD-FusedBenchmark	F:/~dev/rawrxd/CMakeLists.txt	89364	${CMAKE_SOURCE_DIR}/include	${CMAKE_SOURCE_DIR}/include	UNRESOLVED_EXPRESSION	1	FALSE	FALSE	FALSE	5	UNRESOLVED_EXPRESSION
RawrXD-FusedBenchmark	F:/~dev/rawrxd/CMakeLists.txt	89381	RUNTIME_OUTPUT_DIRECTORY ${CMAKE_BINARY_DIR}/bin	RUNTIME_OUTPUT_DIRECTORY ${CMAKE_BINARY_DIR}/bin	UNRESOLVED_EXPRESSION	1	FALSE	FALSE	FALSE	5	UNRESOLVED_EXPRESSION
RawrXD-KVBenchmark	F:/~dev/rawrxd/CMakeLists.txt	90207	${CMAKE_SOURCE_DIR}/src	${CMAKE_SOURCE_DIR}/src	UNRESOLVED_EXPRESSION	1	FALSE	FALSE	FALSE	5	UNRESOLVED_EXPRESSION
RawrXD-KVBenchmark	F:/~dev/rawrxd/CMakeLists.txt	90208	${CMAKE_SOURCE_DIR}/include	${CMAKE_SOURCE_DIR}/include	UNRESOLVED_EXPRESSION	1	FALSE	FALSE	FALSE	5	UNRESOLVED_EXPRESSION
RawrXD-KVBenchmark	F:/~dev/rawrxd/CMakeLists.txt	90225	RUNTIME_OUTPUT_DIRECTORY ${CMAKE_BINARY_DIR}/bin	RUNTIME_OUTPUT_DIRECTORY ${CMAKE_BINARY_DIR}/bin	UNRESOLVED_EXPRESSION	1	FALSE	FALSE	FALSE	5	UNRESOLVED_EXPRESSION
RawrXD-Layer0-Final-Evidence	F:/~dev/rawrxd/win32ide_strict/CMakeLists.txt	177	${CMAKE_SOURCE_DIR}/../ es s/deep2/ es _layer0_final_evidence.cpp	${CMAKE_SOURCE_DIR}/../tests/deep2/test_layer0_final_evidence.cpp	UNRESOLVED_EXPRESSION	1	FALSE	FALSE	FALSE	0	UNRESOLVED_EXPRESSION
RawrXD-Layer0-Final-Evidence	F:/~dev/rawrxd/win32ide_strict/CMakeLists.txt	178	${CMAKE_SOURCE_DIR}/../src/deep2/Chamber.cpp	${CMAKE_SOURCE_DIR}/../src/deep2/Chamber.cpp	UNRESOLVED_EXPRESSION	1	FALSE	FALSE	FALSE	0	UNRESOLVED_EXPRESSION
RawrXD-Layer0-Final-Evidence	F:/~dev/rawrxd/win32ide_strict/CMakeLists.txt	179	${CMAKE_SOURCE_DIR}/../src/deep2/ToroidalKVCache.cpp	${CMAKE_SOURCE_DIR}/../src/deep2/ToroidalKVCache.cpp	UNRESOLVED_EXPRESSION	1	FALSE	FALSE	FALSE	0	UNRESOLVED_EXPRESSION
RawrXD-Layer0-Final-Evidence	F:/~dev/rawrxd/win32ide_strict/CMakeLists.txt	180	${CMAKE_SOURCE_DIR}/../src/deep2/PlasmaGovernor.cpp	${CMAKE_SOURCE_DIR}/../src/deep2/PlasmaGovernor.cpp	UNRESOLVED_EXPRESSION	1	FALSE	FALSE	FALSE	0	UNRESOLVED_EXPRESSION
RawrXD-Layer0-Final-Evidence	F:/~dev/rawrxd/win32ide_strict/CMakeLists.txt	181	${CMAKE_SOURCE_DIR}/../src/deep2/CycloneScheduler.cpp	${CMAKE_SOURCE_DIR}/../src/deep2/CycloneScheduler.cpp	UNRESOLVED_EXPRESSION	1	FALSE	FALSE	FALSE	0	UNRESOLVED_EXPRESSION
RawrXD-Layer0-Final-Evidence	F:/~dev/rawrxd/win32ide_strict/CMakeLists.txt	182	${CMAKE_SOURCE_DIR}/../src/deep2/Elas icResidencyManager.cpp	${CMAKE_SOURCE_DIR}/../src/deep2/ElasticResidencyManager.cpp	UNRESOLVED_EXPRESSION	1	FALSE	FALSE	FALSE	0	UNRESOLVED_EXPRESSION
RawrXD-Layer0-Final-Evidence	F:/~dev/rawrxd/win32ide_strict/CMakeLists.txt	183	${CMAKE_SOURCE_DIR}/../src/deep2/Produc ionProfiler.cpp	${CMAKE_SOURCE_DIR}/../src/deep2/ProductionProfiler.cpp	UNRESOLVED_EXPRESSION	1	FALSE	FALSE	FALSE	0	UNRESOLVED_EXPRESSION
RawrXD-Layer0-Final-Evidence	F:/~dev/rawrxd/win32ide_strict/CMakeLists.txt	184	${CMAKE_SOURCE_DIR}/../src/deep2/NVMeS ream.cpp	${CMAKE_SOURCE_DIR}/../src/deep2/NVMeStream.cpp	UNRESOLVED_EXPRESSION	1	FALSE	FALSE	FALSE	0	UNRESOLVED_EXPRESSION
RawrXD-Layer0-Final-Evidence	F:/~dev/rawrxd/win32ide_strict/CMakeLists.txt	185	${CMAKE_SOURCE_DIR}/../src/deep2/BP16S reamer.cpp	${CMAKE_SOURCE_DIR}/../src/deep2/BP16Streamer.cpp	UNRESOLVED_EXPRESSION	1	FALSE	FALSE	FALSE	0	UNRESOLVED_EXPRESSION
RawrXD-Layer0-Final-Evidence	F:/~dev/rawrxd/win32ide_strict/CMakeLists.txt	186	${CMAKE_SOURCE_DIR}/../src/deep2/CompressedKVCache.cpp	${CMAKE_SOURCE_DIR}/../src/deep2/CompressedKVCache.cpp	UNRESOLVED_EXPRESSION	1	FALSE	FALSE	FALSE	0	UNRESOLVED_EXPRESSION
RawrXD-Layer0-Final-Evidence	F:/~dev/rawrxd/win32ide_strict/CMakeLists.txt	187	${CMAKE_SOURCE_DIR}/../src/deep2/mars/MARSCon roller.cpp	${CMAKE_SOURCE_DIR}/../src/deep2/mars/MARSController.cpp	UNRESOLVED_EXPRESSION	1	FALSE	FALSE	FALSE	0	UNRESOLVED_EXPRESSION
RawrXD-ModelAnalysisLib	F:/~dev/rawrxd/CMakeLists.txt	105284	${CMAKE_SOURCE_DIR}/src	${CMAKE_SOURCE_DIR}/src	UNRESOLVED_EXPRESSION	1	FALSE	FALSE	FALSE	4	UNRESOLVED_EXPRESSION
RawrXD-ModelAnalysisLib	F:/~dev/rawrxd/CMakeLists.txt	105285	${CMAKE_SOURCE_DIR}/include	${CMAKE_SOURCE_DIR}/include	UNRESOLVED_EXPRESSION	1	FALSE	FALSE	FALSE	4	UNRESOLVED_EXPRESSION
RawrXD-ModelAnalysisLib	F:/~dev/rawrxd/CMakeLists.txt	105286	${CMAKE_SOURCE_DIR}/src/llm_adap er	${CMAKE_SOURCE_DIR}/src/llm_adapter	UNRESOLVED_EXPRESSION	1	FALSE	FALSE	FALSE	4	UNRESOLVED_EXPRESSION
RawrXD-ModelAnalysisLib	F:/~dev/rawrxd/CMakeLists.txt	105291	$<$<CONFIG:Release>:/O2>	$<$<CONFIG:Release>:/O2>	UNRESOLVED_EXPRESSION	1	FALSE	FALSE	FALSE	5	UNRESOLVED_EXPRESSION
RawrXD-ModelAnalysisLib	F:/~dev/rawrxd/CMakeLists.txt	105292	$<$<CONFIG:RelWi hDebInfo>:/O2>	$<$<CONFIG:RelWithDebInfo>:/O2>	UNRESOLVED_EXPRESSION	1	FALSE	FALSE	FALSE	5	UNRESOLVED_EXPRESSION
RawrXD-Policy	F:/~dev/rawrxd/src/core/policy/CMakeLists.txt	19	add_library RawrXD-Policy STATIC ${POLICY_SOURCES} ${POLICY_HEADERS}	add_library RawrXD-Policy STATIC ${POLICY_SOURCES} ${POLICY_HEADERS}	UNRESOLVED_EXPRESSION	1	FALSE	FALSE	FALSE	0	UNRESOLVED_EXPRESSION
RawrXD-Policy	F:/~dev/rawrxd/src/core/policy/CMakeLists.txt	24	$<BUILD_INTERFACE:${CMAKE_CURRENT_SOURCE_DIR}>	$<BUILD_INTERFACE:${CMAKE_CURRENT_SOURCE_DIR}>	UNRESOLVED_EXPRESSION	1	FALSE	FALSE	FALSE	0	UNRESOLVED_EXPRESSION
RawrXD-Policy	F:/~dev/rawrxd/src/core/policy/CMakeLists.txt	25	$<INSTALL_INTERFACE:include>	$<INSTALL_INTERFACE:include>	UNRESOLVED_EXPRESSION	1	FALSE	FALSE	FALSE	0	UNRESOLVED_EXPRESSION
RawrXD-ProductionBenchmark	F:/~dev/rawrxd/CMakeLists.txt	86843	${CMAKE_SOURCE_DIR}/src	${CMAKE_SOURCE_DIR}/src	UNRESOLVED_EXPRESSION	1	FALSE	FALSE	FALSE	4	UNRESOLVED_EXPRESSION
RawrXD-ProductionBenchmark	F:/~dev/rawrxd/CMakeLists.txt	86844	${CMAKE_SOURCE_DIR}/src/deep2	${CMAKE_SOURCE_DIR}/src/deep2	UNRESOLVED_EXPRESSION	1	FALSE	FALSE	FALSE	4	UNRESOLVED_EXPRESSION
RawrXD-ProductionBenchmark	F:/~dev/rawrxd/CMakeLists.txt	86845	${CMAKE_SOURCE_DIR}/include	${CMAKE_SOURCE_DIR}/include	UNRESOLVED_EXPRESSION	1	FALSE	FALSE	FALSE	4	UNRESOLVED_EXPRESSION
RawrXD-ProductionBenchmark	F:/~dev/rawrxd/CMakeLists.txt	86846	${RAWR_VULKAN_INCLUDE}	${RAWR_VULKAN_INCLUDE}	UNRESOLVED_EXPRESSION	1	FALSE	FALSE	FALSE	4	UNRESOLVED_EXPRESSION
RawrXD-ProductionBenchmark	F:/~dev/rawrxd/CMakeLists.txt	86860	${RAWR_VULKAN_LIB}	${RAWR_VULKAN_LIB}	UNRESOLVED_EXPRESSION	1	FALSE	FALSE	FALSE	4	UNRESOLVED_EXPRESSION
RawrXD-ProductionBenchmark	F:/~dev/rawrxd/CMakeLists.txt	86863	RUNTIME_OUTPUT_DIRECTORY ${CMAKE_BINARY_DIR}/bin	RUNTIME_OUTPUT_DIRECTORY ${CMAKE_BINARY_DIR}/bin	UNRESOLVED_EXPRESSION	1	FALSE	FALSE	FALSE	4	UNRESOLVED_EXPRESSION
RawrXD-ProductionProfiler-Test	F:/~dev/rawrxd/win32ide_strict/CMakeLists.txt	198	${CMAKE_SOURCE_DIR}/../ es s/deep2/Produc ionProfiler_ es .cpp	${CMAKE_SOURCE_DIR}/../tests/deep2/ProductionProfiler_test.cpp	UNRESOLVED_EXPRESSION	1	FALSE	FALSE	FALSE	0	UNRESOLVED_EXPRESSION
RawrXD-ProductionProfiler-Test	F:/~dev/rawrxd/win32ide_strict/CMakeLists.txt	199	${CMAKE_SOURCE_DIR}/../src/deep2/Produc ionProfiler.cpp	${CMAKE_SOURCE_DIR}/../src/deep2/ProductionProfiler.cpp	UNRESOLVED_EXPRESSION	1	FALSE	FALSE	FALSE	0	UNRESOLVED_EXPRESSION
RawrXD-RE-Library	F:/~dev/rawrxd/src/reverse_engineering/CMakeLists.txt	100	${CMAKE_CURRENT_SOURCE_DIR}/deobfusca or/RawrXD_Me aReverse.asm	${CMAKE_CURRENT_SOURCE_DIR}/deobfuscator/RawrXD_MetaReverse.asm	UNRESOLVED_EXPRESSION	1	FALSE	FALSE	FALSE	1	UNRESOLVED_EXPRESSION
RawrXD-RE-Library	F:/~dev/rawrxd/src/reverse_engineering/CMakeLists.txt	101	${CMAKE_CURRENT_BINARY_DIR}/RawrXD_Me aReverse.obj	${CMAKE_CURRENT_BINARY_DIR}/RawrXD_MetaReverse.obj	UNRESOLVED_EXPRESSION	1	FALSE	FALSE	FALSE	1	UNRESOLVED_EXPRESSION
RawrXD-RE-Library	F:/~dev/rawrxd/src/reverse_engineering/CMakeLists.txt	110	se  RE_DEOBF_OBJECTS ${RE_DEOBF_ASM_OBJ} ${RE_META_ASM_OBJ} PARENT_SCOPE	set RE_DEOBF_OBJECTS ${RE_DEOBF_ASM_OBJ} ${RE_META_ASM_OBJ} PARENT_SCOPE	UNRESOLVED_EXPRESSION	1	FALSE	FALSE	FALSE	1	UNRESOLVED_EXPRESSION
RawrXD-RE-Library	F:/~dev/rawrxd/src/reverse_engineering/CMakeLists.txt	118	${CMAKE_CURRENT_SOURCE_DIR}/model_reverse/model-llm-harves er.asm	${CMAKE_CURRENT_SOURCE_DIR}/model_reverse/model-llm-harvester.asm	UNRESOLVED_EXPRESSION	1	FALSE	FALSE	FALSE	1	UNRESOLVED_EXPRESSION
RawrXD-RE-Library	F:/~dev/rawrxd/src/reverse_engineering/CMakeLists.txt	119	${CMAKE_CURRENT_BINARY_DIR}/model_llm_harves er.obj	${CMAKE_CURRENT_BINARY_DIR}/model_llm_harvester.obj	UNRESOLVED_EXPRESSION	1	FALSE	FALSE	FALSE	1	UNRESOLVED_EXPRESSION
RawrXD-RE-Library	F:/~dev/rawrxd/src/reverse_engineering/CMakeLists.txt	128	se  RE_MODEL_OBJECTS ${RE_HARVESTER_OBJ} PARENT_SCOPE	set RE_MODEL_OBJECTS ${RE_HARVESTER_OBJ} PARENT_SCOPE	UNRESOLVED_EXPRESSION	1	FALSE	FALSE	FALSE	1	UNRESOLVED_EXPRESSION
RawrXD-RE-Library	F:/~dev/rawrxd/src/reverse_engineering/CMakeLists.txt	139	${CMAKE_CURRENT_SOURCE_DIR}/omega_sui e/v3/omega_pro_v3.asm	${CMAKE_CURRENT_SOURCE_DIR}/omega_suite/v3/omega_pro_v3.asm	UNRESOLVED_EXPRESSION	1	FALSE	FALSE	FALSE	1	UNRESOLVED_EXPRESSION
RawrXD-RE-Library	F:/~dev/rawrxd/src/reverse_engineering/CMakeLists.txt	140	${CMAKE_CURRENT_BINARY_DIR}/omega_pro_v3.exe	${CMAKE_CURRENT_BINARY_DIR}/omega_pro_v3.exe	UNRESOLVED_EXPRESSION	1	FALSE	FALSE	FALSE	1	UNRESOLVED_EXPRESSION
RawrXD-RE-Library	F:/~dev/rawrxd/src/reverse_engineering/CMakeLists.txt	161	${CMAKE_CURRENT_SOURCE_DIR}/reverser_compiler/reverser_lexer.asm	${CMAKE_CURRENT_SOURCE_DIR}/reverser_compiler/reverser_lexer.asm	UNRESOLVED_EXPRESSION	1	FALSE	FALSE	FALSE	1	UNRESOLVED_EXPRESSION
RawrXD-RE-Library	F:/~dev/rawrxd/src/reverse_engineering/CMakeLists.txt	162	${CMAKE_CURRENT_BINARY_DIR}/reverser_lexer.obj	${CMAKE_CURRENT_BINARY_DIR}/reverser_lexer.obj	UNRESOLVED_EXPRESSION	1	FALSE	FALSE	FALSE	1	UNRESOLVED_EXPRESSION
RawrXD-RE-Library	F:/~dev/rawrxd/src/reverse_engineering/CMakeLists.txt	171	${CMAKE_CURRENT_SOURCE_DIR}/reverser_compiler/reverser_parser.asm	${CMAKE_CURRENT_SOURCE_DIR}/reverser_compiler/reverser_parser.asm	UNRESOLVED_EXPRESSION	1	FALSE	FALSE	FALSE	1	UNRESOLVED_EXPRESSION
RawrXD-RE-Library	F:/~dev/rawrxd/src/reverse_engineering/CMakeLists.txt	172	${CMAKE_CURRENT_BINARY_DIR}/reverser_parser.obj	${CMAKE_CURRENT_BINARY_DIR}/reverser_parser.obj	UNRESOLVED_EXPRESSION	1	FALSE	FALSE	FALSE	1	UNRESOLVED_EXPRESSION
RawrXD-RE-Library	F:/~dev/rawrxd/src/reverse_engineering/CMakeLists.txt	181	${CMAKE_CURRENT_SOURCE_DIR}/reverser_compiler/reverser_as .asm	${CMAKE_CURRENT_SOURCE_DIR}/reverser_compiler/reverser_ast.asm	UNRESOLVED_EXPRESSION	1	FALSE	FALSE	FALSE	1	UNRESOLVED_EXPRESSION
RawrXD-RE-Library	F:/~dev/rawrxd/src/reverse_engineering/CMakeLists.txt	182	${CMAKE_CURRENT_BINARY_DIR}/reverser_as .obj	${CMAKE_CURRENT_BINARY_DIR}/reverser_ast.obj	UNRESOLVED_EXPRESSION	1	FALSE	FALSE	FALSE	1	UNRESOLVED_EXPRESSION
RawrXD-RE-Library	F:/~dev/rawrxd/src/reverse_engineering/CMakeLists.txt	191	se  REVERSER_OBJECTS ${REVERSER_LEXER_OBJ} ${REVERSER_PARSER_OBJ} ${REVERSER_AST_OBJ} PARENT_SCOPE	set REVERSER_OBJECTS ${REVERSER_LEXER_OBJ} ${REVERSER_PARSER_OBJ} ${REVERSER_AST_OBJ} PARENT_SCOPE	UNRESOLVED_EXPRESSION	1	FALSE	FALSE	FALSE	1	UNRESOLVED_EXPRESSION
RawrXD-RE-Library	F:/~dev/rawrxd/src/reverse_engineering/CMakeLists.txt	67	add_library RawrXD-RE-Library STATIC ${RE_CPP_SOURCES}	add_library RawrXD-RE-Library STATIC ${RE_CPP_SOURCES}	UNRESOLVED_EXPRESSION	1	FALSE	FALSE	FALSE	0	UNRESOLVED_EXPRESSION
RawrXD-RE-Library	F:/~dev/rawrxd/src/reverse_engineering/CMakeLists.txt	70	Mul iThreaded$<$<CONFIG:Debug>:Debug>	MultiThreaded$<$<CONFIG:Debug>:Debug>	UNRESOLVED_EXPRESSION	1	FALSE	FALSE	FALSE	0	UNRESOLVED_EXPRESSION
RawrXD-RE-Library	F:/~dev/rawrxd/src/reverse_engineering/CMakeLists.txt	73	${CMAKE_CURRENT_SOURCE_DIR}	${CMAKE_CURRENT_SOURCE_DIR}	UNRESOLVED_EXPRESSION	1	FALSE	FALSE	FALSE	0	UNRESOLVED_EXPRESSION
RawrXD-RE-Library	F:/~dev/rawrxd/src/reverse_engineering/CMakeLists.txt	74	${CMAKE_CURRENT_SOURCE_DIR}/pe_ ools	${CMAKE_CURRENT_SOURCE_DIR}/pe_tools	UNRESOLVED_EXPRESSION	1	FALSE	FALSE	FALSE	0	UNRESOLVED_EXPRESSION
RawrXD-RE-Library	F:/~dev/rawrxd/src/reverse_engineering/CMakeLists.txt	90	${CMAKE_CURRENT_SOURCE_DIR}/deobfusca or/RawrXD_OmegaDeobfusca or.asm	${CMAKE_CURRENT_SOURCE_DIR}/deobfuscator/RawrXD_OmegaDeobfuscator.asm	UNRESOLVED_EXPRESSION	1	FALSE	FALSE	FALSE	1	UNRESOLVED_EXPRESSION
RawrXD-RE-Library	F:/~dev/rawrxd/src/reverse_engineering/CMakeLists.txt	91	${CMAKE_CURRENT_BINARY_DIR}/RawrXD_OmegaDeobfusca or.obj	${CMAKE_CURRENT_BINARY_DIR}/RawrXD_OmegaDeobfuscator.obj	UNRESOLVED_EXPRESSION	1	FALSE	FALSE	FALSE	1	UNRESOLVED_EXPRESSION
RawrXD-SoloIDE	F:/~dev/rawrxd/CMakeLists.txt	106236	add_execu able RawrXD-SoloIDE WIN32 ${SOLOIDE_SOURCES} ${SOLOIDE_HEADERS}	add_executable RawrXD-SoloIDE WIN32 ${SOLOIDE_SOURCES} ${SOLOIDE_HEADERS}	UNRESOLVED_EXPRESSION	1	FALSE	FALSE	FALSE	6	UNRESOLVED_EXPRESSION
RawrXD-SoloIDE	F:/~dev/rawrxd/CMakeLists.txt	106241	${CMAKE_SOURCE_DIR}/src/soloide	${CMAKE_SOURCE_DIR}/src/soloide	UNRESOLVED_EXPRESSION	1	FALSE	FALSE	FALSE	6	UNRESOLVED_EXPRESSION
RawrXD-SoloIDE	F:/~dev/rawrxd/CMakeLists.txt	106246	${CMAKE_BINARY_DIR}/bin	${CMAKE_BINARY_DIR}/bin	UNRESOLVED_EXPRESSION	1	FALSE	FALSE	FALSE	6	UNRESOLVED_EXPRESSION
RawrXD-TpsSmoke	F:/~dev/rawrxd/CMakeLists.txt	104435	${CMAKE_SOURCE_DIR}/src	${CMAKE_SOURCE_DIR}/src	UNRESOLVED_EXPRESSION	1	FALSE	FALSE	FALSE	4	UNRESOLVED_EXPRESSION
RawrXD-TpsSmoke	F:/~dev/rawrxd/CMakeLists.txt	104436	${CMAKE_SOURCE_DIR}/src/llm_adap er	${CMAKE_SOURCE_DIR}/src/llm_adapter	UNRESOLVED_EXPRESSION	1	FALSE	FALSE	FALSE	4	UNRESOLVED_EXPRESSION
RawrXD-TpsSmoke	F:/~dev/rawrxd/CMakeLists.txt	104437	${CMAKE_SOURCE_DIR}/src/core	${CMAKE_SOURCE_DIR}/src/core	UNRESOLVED_EXPRESSION	1	FALSE	FALSE	FALSE	4	UNRESOLVED_EXPRESSION
RawrXD-TpsSmoke	F:/~dev/rawrxd/CMakeLists.txt	104438	${CMAKE_SOURCE_DIR}/src/codec	${CMAKE_SOURCE_DIR}/src/codec	UNRESOLVED_EXPRESSION	1	FALSE	FALSE	FALSE	4	UNRESOLVED_EXPRESSION
RawrXD-TpsSmoke	F:/~dev/rawrxd/CMakeLists.txt	104439	${CMAKE_SOURCE_DIR}/include	${CMAKE_SOURCE_DIR}/include	UNRESOLVED_EXPRESSION	1	FALSE	FALSE	FALSE	4	UNRESOLVED_EXPRESSION
RawrXD-TpsSmoke	F:/~dev/rawrxd/CMakeLists.txt	104452	RUNTIME_OUTPUT_DIRECTORY ${CMAKE_BINARY_DIR}/bin	RUNTIME_OUTPUT_DIRECTORY ${CMAKE_BINARY_DIR}/bin	UNRESOLVED_EXPRESSION	1	FALSE	FALSE	FALSE	4	UNRESOLVED_EXPRESSION
RawrXD-TpsSmoke	F:/~dev/rawrxd/CMakeLists.txt	104875	Win32IDE already links one copy.	Win32IDE already links one copy.	LITERAL	1	FALSE	FALSE	FALSE	4	ACTIVE_MISSING
RawrXD-Win32IDE	F:/~dev/rawrxd/CMakeLists.txt	35024	add_execu able RawrXD-Win32IDE WIN32 ${WIN32IDE_SOURCES} ${_WIN32IDE_ASM} ${WIN32IDE_EXTRA_ASM}	add_executable RawrXD-Win32IDE WIN32 ${WIN32IDE_SOURCES} ${_WIN32IDE_ASM} ${WIN32IDE_EXTRA_ASM}	UNRESOLVED_EXPRESSION	1	FALSE	FALSE	FALSE	3	UNRESOLVED_EXPRESSION
RawrXD-Win32IDE	F:/~dev/rawrxd/CMakeLists.txt	35043	Mul iThreaded$<$<CONFIG:Debug>:Debug>	MultiThreaded$<$<CONFIG:Debug>:Debug>	UNRESOLVED_EXPRESSION	1	FALSE	FALSE	FALSE	3	UNRESOLVED_EXPRESSION
RawrXD-Win32IDE	F:/~dev/rawrxd/CMakeLists.txt	35047	${CMAKE_CXX_COMPILER}	${CMAKE_CXX_COMPILER}	UNRESOLVED_EXPRESSION	1	FALSE	FALSE	FALSE	4	UNRESOLVED_EXPRESSION
RawrXD-Win32IDE	F:/~dev/rawrxd/CMakeLists.txt	35048	${_MSVC_BIN}/../../..	${_MSVC_BIN}/../../..	UNRESOLVED_EXPRESSION	1	FALSE	FALSE	FALSE	4	UNRESOLVED_EXPRESSION
RawrXD-Win32IDE	F:/~dev/rawrxd/CMakeLists.txt	35049	${_MSVC_VC}/a lmfc/lib/x64	${_MSVC_VC}/atlmfc/lib/x64	UNRESOLVED_EXPRESSION	1	FALSE	FALSE	FALSE	4	UNRESOLVED_EXPRESSION
RawrXD-Win32IDE	F:/~dev/rawrxd/CMakeLists.txt	35050	${_ATL_LIB}/a ls.lib	${_ATL_LIB}/atls.lib	UNRESOLVED_EXPRESSION	1	FALSE	FALSE	FALSE	5	UNRESOLVED_EXPRESSION
RawrXD-Win32IDE	F:/~dev/rawrxd/CMakeLists.txt	35051	${_ATL_LIB}	${_ATL_LIB}	UNRESOLVED_EXPRESSION	1	FALSE	FALSE	FALSE	5	UNRESOLVED_EXPRESSION
RawrXD-Win32IDE	F:/~dev/rawrxd/CMakeLists.txt	35052	[Win32IDE] ATL s a ic lib: ${_ATL_LIB}	[Win32IDE] ATL static lib: ${_ATL_LIB}	UNRESOLVED_EXPRESSION	1	FALSE	FALSE	FALSE	5	UNRESOLVED_EXPRESSION
RawrXD-Win32IDE	F:/~dev/rawrxd/CMakeLists.txt	35058	 arge _compile_defini ions RawrXD-Win32IDE PRIVATE RAWRXD_HAS_SOVEREIGN_GPU_ASM=${RAWRXD_HAS_SOVEREIGN_GPU_ASM}	target_compile_definitions RawrXD-Win32IDE PRIVATE RAWRXD_HAS_SOVEREIGN_GPU_ASM=${RAWRXD_HAS_SOVEREIGN_GPU_ASM}	UNRESOLVED_EXPRESSION	1	FALSE	FALSE	FALSE	4	UNRESOLVED_EXPRESSION
RawrXD-Win32IDE	F:/~dev/rawrxd/CMakeLists.txt	35070	harmless if files are absen  .	harmless if files are absent .	LITERAL	1	FALSE	FALSE	FALSE	3	ACTIVE_MISSING
RawrXD-Win32IDE	F:/~dev/rawrxd/CMakeLists.txt	35071	${CMAKE_BINARY_DIR}/bin	${CMAKE_BINARY_DIR}/bin	UNRESOLVED_EXPRESSION	1	FALSE	FALSE	FALSE	3	UNRESOLVED_EXPRESSION
RawrXD-Win32IDE	F:/~dev/rawrxd/CMakeLists.txt	35097	${CMAKE_CURRENT_SOURCE_DIR}/ex ernal/rawr_infra	${CMAKE_CURRENT_SOURCE_DIR}/external/rawr_infra	UNRESOLVED_EXPRESSION	1	FALSE	FALSE	FALSE	3	UNRESOLVED_EXPRESSION
RawrXD-Win32IDE	F:/~dev/rawrxd/CMakeLists.txt	35099	${CMAKE_CURRENT_SOURCE_DIR}/Ship	${CMAKE_CURRENT_SOURCE_DIR}/Ship	UNRESOLVED_EXPRESSION	1	FALSE	FALSE	FALSE	3	UNRESOLVED_EXPRESSION
RawrXD-Win32IDE	F:/~dev/rawrxd/CMakeLists.txt	35100	${CMAKE_CURRENT_SOURCE_DIR}/include	${CMAKE_CURRENT_SOURCE_DIR}/include	UNRESOLVED_EXPRESSION	1	FALSE	FALSE	FALSE	3	UNRESOLVED_EXPRESSION
RawrXD-Win32IDE	F:/~dev/rawrxd/CMakeLists.txt	35101	${CMAKE_CURRENT_SOURCE_DIR}/src/masm	${CMAKE_CURRENT_SOURCE_DIR}/src/masm	UNRESOLVED_EXPRESSION	1	FALSE	FALSE	FALSE	3	UNRESOLVED_EXPRESSION
RawrXD-Win32IDE	F:/~dev/rawrxd/CMakeLists.txt	35102	${CMAKE_CURRENT_SOURCE_DIR}/src/sovereign_au onomy	${CMAKE_CURRENT_SOURCE_DIR}/src/sovereign_autonomy	UNRESOLVED_EXPRESSION	1	FALSE	FALSE	FALSE	3	UNRESOLVED_EXPRESSION
RawrXD-Win32IDE	F:/~dev/rawrxd/CMakeLists.txt	35103	${CMAKE_CURRENT_SOURCE_DIR}/src/run ime	${CMAKE_CURRENT_SOURCE_DIR}/src/runtime	UNRESOLVED_EXPRESSION	1	FALSE	FALSE	FALSE	3	UNRESOLVED_EXPRESSION
RawrXD-Win32IDE	F:/~dev/rawrxd/CMakeLists.txt	35104	${CMAKE_CURRENT_SOURCE_DIR}/src/compiler_backend	${CMAKE_CURRENT_SOURCE_DIR}/src/compiler_backend	UNRESOLVED_EXPRESSION	1	FALSE	FALSE	FALSE	3	UNRESOLVED_EXPRESSION
RawrXD-Win32IDE	F:/~dev/rawrxd/CMakeLists.txt	35105	${CMAKE_CURRENT_SOURCE_DIR}/src/sovereign/puppe eer	${CMAKE_CURRENT_SOURCE_DIR}/src/sovereign/puppeteer	UNRESOLVED_EXPRESSION	1	FALSE	FALSE	FALSE	3	UNRESOLVED_EXPRESSION
RawrXD-Win32IDE	F:/~dev/rawrxd/CMakeLists.txt	35106	${CMAKE_CURRENT_SOURCE_DIR}/3rdpar y	${CMAKE_CURRENT_SOURCE_DIR}/3rdparty	UNRESOLVED_EXPRESSION	1	FALSE	FALSE	FALSE	3	UNRESOLVED_EXPRESSION
RawrXD-Win32IDE	F:/~dev/rawrxd/CMakeLists.txt	35108	${RAWRXD_INFRA_ROOT}/Headers	${RAWRXD_INFRA_ROOT}/Headers	UNRESOLVED_EXPRESSION	1	FALSE	FALSE	FALSE	4	UNRESOLVED_EXPRESSION
RawrXD-Win32IDE	F:/~dev/rawrxd/CMakeLists.txt	35110	${RAWRXD_INFRA_ROOT}/Headers	${RAWRXD_INFRA_ROOT}/Headers	UNRESOLVED_EXPRESSION	1	FALSE	FALSE	FALSE	4	UNRESOLVED_EXPRESSION
RawrXD-Win32IDE	F:/~dev/rawrxd/CMakeLists.txt	35111	${RAWRXD_INFRA_ROOT}/Source	${RAWRXD_INFRA_ROOT}/Source	UNRESOLVED_EXPRESSION	1	FALSE	FALSE	FALSE	4	UNRESOLVED_EXPRESSION
RawrXD-Win32IDE	F:/~dev/rawrxd/CMakeLists.txt	35114	${RAWRXD_INFRA_ROOT}/Libraries	${RAWRXD_INFRA_ROOT}/Libraries	UNRESOLVED_EXPRESSION	1	FALSE	FALSE	FALSE	5	UNRESOLVED_EXPRESSION
RawrXD-Win32IDE	F:/~dev/rawrxd/CMakeLists.txt	35115	${RAWRXD_INFRA_ROOT}/Libraries	${RAWRXD_INFRA_ROOT}/Libraries	UNRESOLVED_EXPRESSION	1	FALSE	FALSE	FALSE	5	UNRESOLVED_EXPRESSION
RawrXD-Win32IDE	F:/~dev/rawrxd/CMakeLists.txt	35117	[Infra] Win32IDE wired  o ${RAWRXD_INFRA_ROOT}	[Infra] Win32IDE wired to ${RAWRXD_INFRA_ROOT}	UNRESOLVED_EXPRESSION	1	FALSE	FALSE	FALSE	4	UNRESOLVED_EXPRESSION
RawrXD-Win32IDE	F:/~dev/rawrxd/CMakeLists.txt	35124	${CMAKE_BINARY_DIR}/bin/RawrXD-Win32IDE.map	${CMAKE_BINARY_DIR}/bin/RawrXD-Win32IDE.map	UNRESOLVED_EXPRESSION	1	FALSE	FALSE	FALSE	4	UNRESOLVED_EXPRESSION
RawrXD-Win32IDE	F:/~dev/rawrxd/CMakeLists.txt	35125	${CMAKE_BINARY_DIR}/RawrXD-Win32IDE.map	${CMAKE_BINARY_DIR}/RawrXD-Win32IDE.map	UNRESOLVED_EXPRESSION	1	FALSE	FALSE	FALSE	4	UNRESOLVED_EXPRESSION
RawrXD-Win32IDE	F:/~dev/rawrxd/CMakeLists.txt	35137	/MAP:${_IDE_MAP_PATH}	/MAP:${_IDE_MAP_PATH}	UNRESOLVED_EXPRESSION	1	FALSE	FALSE	FALSE	4	UNRESOLVED_EXPRESSION
RawrXD-Win32IDE	F:/~dev/rawrxd/CMakeLists.txt	35145	NOT by /DEBUG:FULL i self.	NOT by /DEBUG:FULL itself.	LITERAL	1	FALSE	FALSE	FALSE	4	ACTIVE_MISSING
RawrXD-Win32IDE	F:/~dev/rawrxd/CMakeLists.txt	35152	0 LNK4006  0 LNK4088  0 unresolved.	0 LNK4006  0 LNK4088  0 unresolved.	LITERAL	1	FALSE	FALSE	FALSE	4	ACTIVE_MISSING
RawrXD-Win32IDE	F:/~dev/rawrxd/CMakeLists.txt	35156	${_IDE_MAP_AUDIT_PATH}	${_IDE_MAP_AUDIT_PATH}	UNRESOLVED_EXPRESSION	1	FALSE	FALSE	FALSE	4	UNRESOLVED_EXPRESSION
RawrXD-Win32IDE	F:/~dev/rawrxd/CMakeLists.txt	35156	${_IDE_MAP_PATH}	${_IDE_MAP_PATH}	UNRESOLVED_EXPRESSION	1	FALSE	FALSE	FALSE	4	UNRESOLVED_EXPRESSION
RawrXD-Win32IDE	F:/~dev/rawrxd/CMakeLists.txt	35156	COMMAND ${CMAKE_COMMAND} -E copy_if_differen 	COMMAND ${CMAKE_COMMAND} -E copy_if_different	UNRESOLVED_EXPRESSION	1	FALSE	FALSE	FALSE	4	UNRESOLVED_EXPRESSION
RawrXD-Win32IDE	F:/~dev/rawrxd/CMakeLists.txt	35160	2GB VA breaks mmap s reaming.	2GB VA breaks mmap streaming.	LITERAL	1	FALSE	FALSE	FALSE	4	ACTIVE_MISSING
RawrXD-Win32IDE	F:/~dev/rawrxd/CMakeLists.txt	35169	RAWRXD_STRICT_PRODUCTION_PROFILE=$<IF:$<BOOL:${RAWRXD_PRODUCTION_STRIP_STUB_SOURCES}> 1 0>	RAWRXD_STRICT_PRODUCTION_PROFILE=$<IF:$<BOOL:${RAWRXD_PRODUCTION_STRIP_STUB_SOURCES}> 1 0>	UNRESOLVED_EXPRESSION	1	FALSE	FALSE	FALSE	3	UNRESOLVED_EXPRESSION
RawrXD-Win32IDE	F:/~dev/rawrxd/CMakeLists.txt	35172	RAWRXD_HAS_MW_KERNEL=${RAWRXD_HAS_MW_KERNEL_FLAG}	RAWRXD_HAS_MW_KERNEL=${RAWRXD_HAS_MW_KERNEL_FLAG}	UNRESOLVED_EXPRESSION	1	FALSE	FALSE	FALSE	3	UNRESOLVED_EXPRESSION
RawrXD-Win32IDE	F:/~dev/rawrxd/CMakeLists.txt	35173	RAWRXD_HAS_PROMPT_ENGINE=${RAWRXD_HAS_PROMPT_ENGINE_FLAG}	RAWRXD_HAS_PROMPT_ENGINE=${RAWRXD_HAS_PROMPT_ENGINE_FLAG}	UNRESOLVED_EXPRESSION	1	FALSE	FALSE	FALSE	3	UNRESOLVED_EXPRESSION
RawrXD-Win32IDE	F:/~dev/rawrxd/CMakeLists.txt	35174	RAWRXD_PRODUCTION_STRIP_STUB_SOURCES=$<IF:$<BOOL:${RAWRXD_PRODUCTION_STRIP_STUB_SOURCES}> 1 0>	RAWRXD_PRODUCTION_STRIP_STUB_SOURCES=$<IF:$<BOOL:${RAWRXD_PRODUCTION_STRIP_STUB_SOURCES}> 1 0>	UNRESOLVED_EXPRESSION	1	FALSE	FALSE	FALSE	3	UNRESOLVED_EXPRESSION
RawrXD-Win32IDE	F:/~dev/rawrxd/CMakeLists.txt	35175	${_RAWR_ASM_FEATURE_DEFINITIONS}	${_RAWR_ASM_FEATURE_DEFINITIONS}	UNRESOLVED_EXPRESSION	1	FALSE	FALSE	FALSE	3	UNRESOLVED_EXPRESSION
RawrXD-Win32IDE	F:/~dev/rawrxd/CMakeLists.txt	35194	${CMAKE_CURRENT_SOURCE_DIR}/3rdpar y/quickjs_ng/quickjs.c	${CMAKE_CURRENT_SOURCE_DIR}/3rdparty/quickjs_ng/quickjs.c	UNRESOLVED_EXPRESSION	1	FALSE	FALSE	FALSE	4	UNRESOLVED_EXPRESSION
RawrXD-Win32IDE	F:/~dev/rawrxd/CMakeLists.txt	35195	se  QUICKJS_DIR ${CMAKE_CURRENT_SOURCE_DIR}/3rdpar y/quickjs_ng	set QUICKJS_DIR ${CMAKE_CURRENT_SOURCE_DIR}/3rdparty/quickjs_ng	UNRESOLVED_EXPRESSION	1	FALSE	FALSE	FALSE	4	UNRESOLVED_EXPRESSION
RawrXD-Win32IDE	F:/~dev/rawrxd/CMakeLists.txt	35197	se  QUICKJS_DIR ${CMAKE_CURRENT_SOURCE_DIR}/3rdpar y/quickjs	set QUICKJS_DIR ${CMAKE_CURRENT_SOURCE_DIR}/3rdparty/quickjs	UNRESOLVED_EXPRESSION	1	FALSE	FALSE	FALSE	4	UNRESOLVED_EXPRESSION
RawrXD-Win32IDE	F:/~dev/rawrxd/CMakeLists.txt	35199	${QUICKJS_DIR}/quickjs.c	${QUICKJS_DIR}/quickjs.c	UNRESOLVED_EXPRESSION	1	FALSE	FALSE	FALSE	4	UNRESOLVED_EXPRESSION
RawrXD-Win32IDE	F:/~dev/rawrxd/CMakeLists.txt	35201	${QUICKJS_DIR}/quickjs.c	${QUICKJS_DIR}/quickjs.c	UNRESOLVED_EXPRESSION	1	FALSE	FALSE	FALSE	4	UNRESOLVED_EXPRESSION
RawrXD-Win32IDE	F:/~dev/rawrxd/CMakeLists.txt	35202	${QUICKJS_DIR}/libregexp.c	${QUICKJS_DIR}/libregexp.c	UNRESOLVED_EXPRESSION	1	FALSE	FALSE	FALSE	4	UNRESOLVED_EXPRESSION
RawrXD-Win32IDE	F:/~dev/rawrxd/CMakeLists.txt	35203	${QUICKJS_DIR}/libunicode.c	${QUICKJS_DIR}/libunicode.c	UNRESOLVED_EXPRESSION	1	FALSE	FALSE	FALSE	4	UNRESOLVED_EXPRESSION
RawrXD-Win32IDE	F:/~dev/rawrxd/CMakeLists.txt	35205	${QUICKJS_DIR}/cu ils.c	${QUICKJS_DIR}/cutils.c	UNRESOLVED_EXPRESSION	1	FALSE	FALSE	FALSE	5	UNRESOLVED_EXPRESSION
RawrXD-Win32IDE	F:/~dev/rawrxd/CMakeLists.txt	35206	lis  APPEND QUICKJS_SOURCES ${QUICKJS_DIR}/cu ils.c	list APPEND QUICKJS_SOURCES ${QUICKJS_DIR}/cutils.c	UNRESOLVED_EXPRESSION	1	FALSE	FALSE	FALSE	5	UNRESOLVED_EXPRESSION
RawrXD-Win32IDE	F:/~dev/rawrxd/CMakeLists.txt	35209	${QUICKJS_DIR}/libbf.c	${QUICKJS_DIR}/libbf.c	UNRESOLVED_EXPRESSION	1	FALSE	FALSE	FALSE	5	UNRESOLVED_EXPRESSION
RawrXD-Win32IDE	F:/~dev/rawrxd/CMakeLists.txt	35210	lis  APPEND QUICKJS_SOURCES ${QUICKJS_DIR}/libbf.c	list APPEND QUICKJS_SOURCES ${QUICKJS_DIR}/libbf.c	UNRESOLVED_EXPRESSION	1	FALSE	FALSE	FALSE	5	UNRESOLVED_EXPRESSION
RawrXD-Win32IDE	F:/~dev/rawrxd/CMakeLists.txt	35212	${QUICKJS_DIR}/d oa.c	${QUICKJS_DIR}/dtoa.c	UNRESOLVED_EXPRESSION	1	FALSE	FALSE	FALSE	5	UNRESOLVED_EXPRESSION
RawrXD-Win32IDE	F:/~dev/rawrxd/CMakeLists.txt	35213	lis  APPEND QUICKJS_SOURCES ${QUICKJS_DIR}/d oa.c	list APPEND QUICKJS_SOURCES ${QUICKJS_DIR}/dtoa.c	UNRESOLVED_EXPRESSION	1	FALSE	FALSE	FALSE	5	UNRESOLVED_EXPRESSION
RawrXD-Win32IDE	F:/~dev/rawrxd/cmake/RawrXDStrictWin32IDESourceClosure.cmake	16	and before add_execu able(RawrXD-Win32IDE ...).	and before add_executable(RawrXD-Win32IDE ...).	LITERAL	1	FALSE	FALSE	FALSE	1	ACTIVE_MISSING
RawrXD-Win32IDE	F:/~dev/rawrxd/cmake/RawrXD_Product100.cmake	27	 arge _sources RawrXD-Win32IDE PRIVATE ${_PRODUCT100_REAL}	target_sources RawrXD-Win32IDE PRIVATE ${_PRODUCT100_REAL}	UNRESOLVED_EXPRESSION	1	FALSE	FALSE	FALSE	1	UNRESOLVED_EXPRESSION
RawrXD-Win32IDE	F:/~dev/rawrxd/cmake/RawrXD_Product100.cmake	29	${CMAKE_CURRENT_LIST_DIR}/../include	${CMAKE_CURRENT_LIST_DIR}/../include	UNRESOLVED_EXPRESSION	1	FALSE	FALSE	FALSE	1	UNRESOLVED_EXPRESSION
RawrXD-Win32IDE	F:/~dev/rawrxd/cmake/RawrXD_Product100.cmake	33	${CMAKE_CURRENT_LIST_DIR}/../src/asm/RawrXD_Produc 100_x64.asm	${CMAKE_CURRENT_LIST_DIR}/../src/asm/RawrXD_Product100_x64.asm	UNRESOLVED_EXPRESSION	1	FALSE	FALSE	FALSE	1	UNRESOLVED_EXPRESSION
RawrXD-Win32IDE	F:/~dev/rawrxd/cmake/RawrXD_TokenPressureValve.cmake	14	${CMAKE_CURRENT_LIST_DIR}/../include	${CMAKE_CURRENT_LIST_DIR}/../include	UNRESOLVED_EXPRESSION	1	FALSE	FALSE	FALSE	1	UNRESOLVED_EXPRESSION
RawrXD-Win32IDE	F:/~dev/rawrxd/cmake/RawrXD_TokenPressureValve.cmake	6	${CMAKE_CURRENT_LIST_DIR}/../src/asm/RawrXD_TokenPressureValve_x64.asm	${CMAKE_CURRENT_LIST_DIR}/../src/asm/RawrXD_TokenPressureValve_x64.asm	UNRESOLVED_EXPRESSION	1	FALSE	FALSE	FALSE	1	UNRESOLVED_EXPRESSION
RawrXD-Win32IDE	F:/~dev/rawrxd/cmake/RawrXD_TokenPressureValve.cmake	7	${CMAKE_CURRENT_LIST_DIR}/../src/win32app/RawrXD_TokenPressureValveBridge.cpp	${CMAKE_CURRENT_LIST_DIR}/../src/win32app/RawrXD_TokenPressureValveBridge.cpp	UNRESOLVED_EXPRESSION	1	FALSE	FALSE	FALSE	1	UNRESOLVED_EXPRESSION
RawrXD-Win32IDE	F:/~dev/rawrxd/cmake/RawrXD_TokenPressureValve.cmake	8	${CMAKE_CURRENT_LIST_DIR}/../src/win32app/TokenPressure.cpp	${CMAKE_CURRENT_LIST_DIR}/../src/win32app/TokenPressure.cpp	UNRESOLVED_EXPRESSION	1	FALSE	FALSE	FALSE	1	UNRESOLVED_EXPRESSION
RawrXD-Win32IDE	F:/~dev/rawrxd/cmake/unlinked_symbols_batches.cmake	24	 arge _sources RawrXD-Win32IDE PRIVATE ${UNLINKED_SYMBOLS_BATCH_SOURCES}	target_sources RawrXD-Win32IDE PRIVATE ${UNLINKED_SYMBOLS_BATCH_SOURCES}	UNRESOLVED_EXPRESSION	1	FALSE	FALSE	FALSE	1	UNRESOLVED_EXPRESSION
RawrXD-Win32IDE-Tests	F:/~dev/rawrxd/win32ide_strict/CMakeLists.txt	166	${CMAKE_SOURCE_DIR}/../ es s/deep2/ es _layer0_providers.cpp	${CMAKE_SOURCE_DIR}/../tests/deep2/test_layer0_providers.cpp	UNRESOLVED_EXPRESSION	1	FALSE	FALSE	FALSE	0	UNRESOLVED_EXPRESSION
RawrXD-Win32IDE-Tests	F:/~dev/rawrxd/win32ide_strict/CMakeLists.txt	167	${CMAKE_SOURCE_DIR}/../src/deep2/Chamber.cpp	${CMAKE_SOURCE_DIR}/../src/deep2/Chamber.cpp	UNRESOLVED_EXPRESSION	1	FALSE	FALSE	FALSE	0	UNRESOLVED_EXPRESSION
RawrXD-Win32IDE-Tests	F:/~dev/rawrxd/win32ide_strict/CMakeLists.txt	168	${CMAKE_SOURCE_DIR}/../src/deep2/ToroidalKVCache.cpp	${CMAKE_SOURCE_DIR}/../src/deep2/ToroidalKVCache.cpp	UNRESOLVED_EXPRESSION	1	FALSE	FALSE	FALSE	0	UNRESOLVED_EXPRESSION
RawrXD-Win32IDE-Tests	F:/~dev/rawrxd/win32ide_strict/CMakeLists.txt	169	${CMAKE_SOURCE_DIR}/../src/deep2/PlasmaGovernor.cpp	${CMAKE_SOURCE_DIR}/../src/deep2/PlasmaGovernor.cpp	UNRESOLVED_EXPRESSION	1	FALSE	FALSE	FALSE	0	UNRESOLVED_EXPRESSION
RawrXD-Win32IDE-Tests	F:/~dev/rawrxd/win32ide_strict/CMakeLists.txt	170	${CMAKE_SOURCE_DIR}/../src/deep2/CycloneScheduler.cpp	${CMAKE_SOURCE_DIR}/../src/deep2/CycloneScheduler.cpp	UNRESOLVED_EXPRESSION	1	FALSE	FALSE	FALSE	0	UNRESOLVED_EXPRESSION
RawrXD-Win32IDE-Tests	F:/~dev/rawrxd/win32ide_strict/CMakeLists.txt	171	${CMAKE_SOURCE_DIR}/../src/deep2/Elas icResidencyManager.cpp	${CMAKE_SOURCE_DIR}/../src/deep2/ElasticResidencyManager.cpp	UNRESOLVED_EXPRESSION	1	FALSE	FALSE	FALSE	0	UNRESOLVED_EXPRESSION
RawrXDGeneration	F:/~dev/rawrxd/src/generation/CMakeLists.txt	23	${CMAKE_CURRENT_SOURCE_DIR}	${CMAKE_CURRENT_SOURCE_DIR}	UNRESOLVED_EXPRESSION	1	FALSE	FALSE	FALSE	0	UNRESOLVED_EXPRESSION
RawrXDScriptDAPAdapter	F:/~dev/rawrxd/CMakeLists.txt	105860	${CMAKE_SOURCE_DIR}/include	${CMAKE_SOURCE_DIR}/include	UNRESOLVED_EXPRESSION	1	FALSE	FALSE	FALSE	5	UNRESOLVED_EXPRESSION
RawrXDScriptDAPAdapter	F:/~dev/rawrxd/CMakeLists.txt	105861	${CMAKE_SOURCE_DIR}	${CMAKE_SOURCE_DIR}	UNRESOLVED_EXPRESSION	1	FALSE	FALSE	FALSE	5	UNRESOLVED_EXPRESSION
RawrXDScriptDAPAdapter	F:/~dev/rawrxd/CMakeLists.txt	105862	${CMAKE_SOURCE_DIR}/src	${CMAKE_SOURCE_DIR}/src	UNRESOLVED_EXPRESSION	1	FALSE	FALSE	FALSE	5	UNRESOLVED_EXPRESSION
RawrXDScriptDAPAdapter	F:/~dev/rawrxd/CMakeLists.txt	105865	 arge _compile_op ions RawrXDScrip DAPAdap er PRIVATE /W3 /EHsc $<$<NOT:$<CONFIG:Debug>>:/O2>	target_compile_options RawrXDScriptDAPAdapter PRIVATE /W3 /EHsc $<$<NOT:$<CONFIG:Debug>>:/O2>	UNRESOLVED_EXPRESSION	1	FALSE	FALSE	FALSE	6	UNRESOLVED_EXPRESSION
RawrXDScriptDAPAdapter	F:/~dev/rawrxd/CMakeLists.txt	105870	RUNTIME_OUTPUT_DIRECTORY ${CMAKE_BINARY_DIR}/bin	RUNTIME_OUTPUT_DIRECTORY ${CMAKE_BINARY_DIR}/bin	UNRESOLVED_EXPRESSION	1	FALSE	FALSE	FALSE	5	UNRESOLVED_EXPRESSION
RawrXDScriptDAPAdapter	F:/~dev/rawrxd/CMakeLists.txt	105879	${CMAKE_SOURCE_DIR}/src/run ime/CMakeLis s. x 	${CMAKE_SOURCE_DIR}/src/runtime/CMakeLists.txt	UNRESOLVED_EXPRESSION	1	FALSE	FALSE	FALSE	5	UNRESOLVED_EXPRESSION
RawrXDScriptDAPAdapter	F:/~dev/rawrxd/CMakeLists.txt	105883	${CMAKE_SOURCE_DIR}/ es s/CMakeLis s. x 	${CMAKE_SOURCE_DIR}/tests/CMakeLists.txt	UNRESOLVED_EXPRESSION	1	FALSE	FALSE	FALSE	5	UNRESOLVED_EXPRESSION
RawrXD_Compression	F:/~dev/rawrxd/CMakeLists.txt	15224	add_library RawrXD_Compression STATIC ${RAWRXD_COMPRESSION_SOURCES}	add_library RawrXD_Compression STATIC ${RAWRXD_COMPRESSION_SOURCES}	UNRESOLVED_EXPRESSION	1	FALSE	FALSE	FALSE	0	UNRESOLVED_EXPRESSION
RawrXD_Compression	F:/~dev/rawrxd/CMakeLists.txt	15225	 arge _include_direc ories RawrXD_Compression PUBLIC ${RAWRXD_COMPRESSION_DIR}	target_include_directories RawrXD_Compression PUBLIC ${RAWRXD_COMPRESSION_DIR}	UNRESOLVED_EXPRESSION	1	FALSE	FALSE	FALSE	0	UNRESOLVED_EXPRESSION
RawrXD_DynamicPromptEngine	F:/~dev/rawrxd/CMakeLists.txt	30410	add_library RawrXD_DynamicPromp Engine SHARED ${_RAWRXD_PROMPT_ENGINE_EXCLUDE}	add_library RawrXD_DynamicPromptEngine SHARED ${_RAWRXD_PROMPT_ENGINE_EXCLUDE}	UNRESOLVED_EXPRESSION	1	FALSE	FALSE	FALSE	4	UNRESOLVED_EXPRESSION
RawrXD_DynamicPromptEngine	F:/~dev/rawrxd/CMakeLists.txt	30411	${PROMPT_ENGINE_ASM}	${PROMPT_ENGINE_ASM}	UNRESOLVED_EXPRESSION	1	FALSE	FALSE	FALSE	4	UNRESOLVED_EXPRESSION
RawrXD_DynamicPromptEngine	F:/~dev/rawrxd/CMakeLists.txt	30415	${CMAKE_CURRENT_SOURCE_DIR}/include	${CMAKE_CURRENT_SOURCE_DIR}/include	UNRESOLVED_EXPRESSION	1	FALSE	FALSE	FALSE	4	UNRESOLVED_EXPRESSION
RawrXD_DynamicPromptEngine	F:/~dev/rawrxd/CMakeLists.txt	30416	${CMAKE_CURRENT_SOURCE_DIR}/src/core	${CMAKE_CURRENT_SOURCE_DIR}/src/core	UNRESOLVED_EXPRESSION	1	FALSE	FALSE	FALSE	4	UNRESOLVED_EXPRESSION
RawrXD_DynamicPromptEngine	F:/~dev/rawrxd/CMakeLists.txt	30421	/DEF:${CMAKE_CURRENT_SOURCE_DIR}/src/asm/RawrXD_DynamicPromp Engine.def	/DEF:${CMAKE_CURRENT_SOURCE_DIR}/src/asm/RawrXD_DynamicPromptEngine.def	UNRESOLVED_EXPRESSION	1	FALSE	FALSE	FALSE	4	UNRESOLVED_EXPRESSION
RawrXD_DynamicPromptEngine	F:/~dev/rawrxd/CMakeLists.txt	30436	[Produc ionLane] RawrXD_Mul iWindow_Kernel mus  be enabled when RAWRXD_PRODUCTION_STRIP_STUB_SOURCES=ON.	[ProductionLane] RawrXD_MultiWindow_Kernel must be enabled when RAWRXD_PRODUCTION_STRIP_STUB_SOURCES=ON.	LITERAL	1	FALSE	FALSE	FALSE	5	ACTIVE_MISSING
RawrXD_DynamicPromptEngine	F:/~dev/rawrxd/CMakeLists.txt	30439	[Produc ionLane] RawrXD_DynamicPromp Engine mus  be enabled when RAWRXD_PRODUCTION_STRIP_STUB_SOURCES=ON.	[ProductionLane] RawrXD_DynamicPromptEngine must be enabled when RAWRXD_PRODUCTION_STRIP_STUB_SOURCES=ON.	LITERAL	1	FALSE	FALSE	FALSE	5	ACTIVE_MISSING
RawrXD_DynamicPromptEngine	F:/~dev/rawrxd/CMakeLists.txt	30442	[Produc ionLane] RawrXD_Mul iWindow_Kernel  arge  is required in s ric  produc ion s rip mode.	[ProductionLane] RawrXD_MultiWindow_Kernel target is required in strict production strip mode.	LITERAL	1	FALSE	FALSE	FALSE	5	ACTIVE_MISSING
RawrXD_DynamicPromptEngine	F:/~dev/rawrxd/CMakeLists.txt	30445	[Produc ionLane] RawrXD_DynamicPromp Engine  arge  is required in s ric  produc ion s rip mode.	[ProductionLane] RawrXD_DynamicPromptEngine target is required in strict production strip mode.	LITERAL	1	FALSE	FALSE	FALSE	5	ACTIVE_MISSING
RawrXD_DynamicPromptEngine	F:/~dev/rawrxd/CMakeLists.txt	30451	RAWRXD_HAS_MW_KERNEL=${RAWRXD_HAS_MW_KERNEL_FLAG}	RAWRXD_HAS_MW_KERNEL=${RAWRXD_HAS_MW_KERNEL_FLAG}	UNRESOLVED_EXPRESSION	1	FALSE	FALSE	FALSE	4	UNRESOLVED_EXPRESSION
RawrXD_DynamicPromptEngine	F:/~dev/rawrxd/CMakeLists.txt	30452	RAWRXD_HAS_PROMPT_ENGINE=${RAWRXD_HAS_PROMPT_ENGINE_FLAG}	RAWRXD_HAS_PROMPT_ENGINE=${RAWRXD_HAS_PROMPT_ENGINE_FLAG}	UNRESOLVED_EXPRESSION	1	FALSE	FALSE	FALSE	4	UNRESOLVED_EXPRESSION
RawrXD_DynamicPromptEngine	F:/~dev/rawrxd/CMakeLists.txt	30457	RAWRXD_HAS_MW_KERNEL=${RAWRXD_HAS_MW_KERNEL_FLAG}	RAWRXD_HAS_MW_KERNEL=${RAWRXD_HAS_MW_KERNEL_FLAG}	UNRESOLVED_EXPRESSION	1	FALSE	FALSE	FALSE	3	UNRESOLVED_EXPRESSION
RawrXD_DynamicPromptEngine	F:/~dev/rawrxd/CMakeLists.txt	30458	RAWRXD_HAS_PROMPT_ENGINE=${RAWRXD_HAS_PROMPT_ENGINE_FLAG}	RAWRXD_HAS_PROMPT_ENGINE=${RAWRXD_HAS_PROMPT_ENGINE_FLAG}	UNRESOLVED_EXPRESSION	1	FALSE	FALSE	FALSE	3	UNRESOLVED_EXPRESSION
RawrXD_DynamicPromptEngine	F:/~dev/rawrxd/CMakeLists.txt	30461	RAWRXD_HAS_MW_KERNEL=${RAWRXD_HAS_MW_KERNEL_FLAG}	RAWRXD_HAS_MW_KERNEL=${RAWRXD_HAS_MW_KERNEL_FLAG}	UNRESOLVED_EXPRESSION	1	FALSE	FALSE	FALSE	3	UNRESOLVED_EXPRESSION
RawrXD_DynamicPromptEngine	F:/~dev/rawrxd/CMakeLists.txt	30462	RAWRXD_HAS_PROMPT_ENGINE=${RAWRXD_HAS_PROMPT_ENGINE_FLAG}	RAWRXD_HAS_PROMPT_ENGINE=${RAWRXD_HAS_PROMPT_ENGINE_FLAG}	UNRESOLVED_EXPRESSION	1	FALSE	FALSE	FALSE	3	UNRESOLVED_EXPRESSION
RawrXD_DynamicPromptEngine	F:/~dev/rawrxd/CMakeLists.txt	30514	.*/.*_fallback[^/]*\\.cpp$	.*/.*_fallback[^/]*//.cpp$	GLOB	1	FALSE	FALSE	FALSE	4	GLOB_EXPRESSION
RawrXD_DynamicPromptEngine	F:/~dev/rawrxd/CMakeLists.txt	30515	.*/.*_link_shims?\\.cpp$	.*/.*_link_shims?//.cpp$	GLOB	1	FALSE	FALSE	FALSE	4	GLOB_EXPRESSION
RawrXD_DynamicPromptEngine	F:/~dev/rawrxd/CMakeLists.txt	30516	.*/.*_shims?\\.cpp$	.*/.*_shims?//.cpp$	GLOB	1	FALSE	FALSE	FALSE	4	GLOB_EXPRESSION
RawrXD_DynamicPromptEngine	F:/~dev/rawrxd/CMakeLists.txt	30517	.*/s ubs\\.cpp$	.*/stubs//.cpp$	GLOB	1	FALSE	FALSE	FALSE	4	GLOB_EXPRESSION
RawrXD_DynamicPromptEngine	F:/~dev/rawrxd/CMakeLists.txt	30518	.*/.*_s ub\\.cpp$	.*/.*_stub//.cpp$	GLOB	1	FALSE	FALSE	FALSE	4	GLOB_EXPRESSION
RawrXD_DynamicPromptEngine	F:/~dev/rawrxd/CMakeLists.txt	30519	.*/s ub_.*\\.cpp$	.*/stub_.*//.cpp$	GLOB	1	FALSE	FALSE	FALSE	4	GLOB_EXPRESSION
RawrXD_DynamicPromptEngine	F:/~dev/rawrxd/CMakeLists.txt	30520	.*/shim_.*\\.cpp$	.*/shim_.*//.cpp$	GLOB	1	FALSE	FALSE	FALSE	4	GLOB_EXPRESSION
RawrXD_DynamicPromptEngine	F:/~dev/rawrxd/CMakeLists.txt	30521	.*/.*_(mock|fake)\\.cpp$	.*/.*_(mock|fake)//.cpp$	GLOB	1	FALSE	FALSE	FALSE	4	GLOB_EXPRESSION
RawrXD_DynamicPromptEngine	F:/~dev/rawrxd/CMakeLists.txt	30522	.*/.*(mock_|fake_).*\\.cpp$	.*/.*(mock_|fake_).*//.cpp$	GLOB	1	FALSE	FALSE	FALSE	4	GLOB_EXPRESSION
RawrXD_DynamicPromptEngine	F:/~dev/rawrxd/CMakeLists.txt	30523	.*/.*_s ubs\\.asm$	.*/.*_stubs//.asm$	GLOB	1	FALSE	FALSE	FALSE	4	GLOB_EXPRESSION
RawrXD_DynamicPromptEngine	F:/~dev/rawrxd/CMakeLists.txt	30524	.*/s ubs\\.asm$	.*/stubs//.asm$	GLOB	1	FALSE	FALSE	FALSE	4	GLOB_EXPRESSION
RawrXD_DynamicPromptEngine	F:/~dev/rawrxd/CMakeLists.txt	30525	.*/.*_s ub\\.asm$	.*/.*_stub//.asm$	GLOB	1	FALSE	FALSE	FALSE	4	GLOB_EXPRESSION
RawrXD_DynamicPromptEngine	F:/~dev/rawrxd/CMakeLists.txt	30526	.*/s ub_.*\\.asm$	.*/stub_.*//.asm$	GLOB	1	FALSE	FALSE	FALSE	4	GLOB_EXPRESSION
RawrXD_DynamicPromptEngine	F:/~dev/rawrxd/CMakeLists.txt	30527	.*/.*_shims?\\.asm$	.*/.*_shims?//.asm$	GLOB	1	FALSE	FALSE	FALSE	4	GLOB_EXPRESSION
RawrXD_DynamicPromptEngine	F:/~dev/rawrxd/CMakeLists.txt	30528	.*/shim_.*\\.asm$	.*/shim_.*//.asm$	GLOB	1	FALSE	FALSE	FALSE	4	GLOB_EXPRESSION
RawrXD_DynamicPromptEngine	F:/~dev/rawrxd/CMakeLists.txt	30529	.*/.*_link_shims?\\.asm$	.*/.*_link_shims?//.asm$	GLOB	1	FALSE	FALSE	FALSE	4	GLOB_EXPRESSION
RawrXD_DynamicPromptEngine	F:/~dev/rawrxd/CMakeLists.txt	30530	.*/.*_fallback[^/]*\\.asm$	.*/.*_fallback[^/]*//.asm$	GLOB	1	FALSE	FALSE	FALSE	4	GLOB_EXPRESSION
RawrXD_DynamicPromptEngine	F:/~dev/rawrxd/CMakeLists.txt	30531	.*/.*_(mock|fake)\\.asm$	.*/.*_(mock|fake)//.asm$	GLOB	1	FALSE	FALSE	FALSE	4	GLOB_EXPRESSION
RawrXD_DynamicPromptEngine	F:/~dev/rawrxd/CMakeLists.txt	30532	.*/.*(mock_|fake_).*\\.asm$	.*/.*(mock_|fake_).*//.asm$	GLOB	1	FALSE	FALSE	FALSE	4	GLOB_EXPRESSION
RawrXD_DynamicPromptEngine	F:/~dev/rawrxd/CMakeLists.txt	30533	.*/link_s ubs_.*\\.cpp$	.*/link_stubs_.*//.cpp$	GLOB	1	FALSE	FALSE	FALSE	4	GLOB_EXPRESSION
RawrXD_DynamicPromptEngine	F:/~dev/rawrxd/CMakeLists.txt	30534	.*/link_s ubs_.*\\.asm$	.*/link_stubs_.*//.asm$	GLOB	1	FALSE	FALSE	FALSE	4	GLOB_EXPRESSION
RawrXD_DynamicPromptEngine	F:/~dev/rawrxd/CMakeLists.txt	30562	${CMAKE_SOURCE_DIR}/${_rawr_fallback}	${CMAKE_SOURCE_DIR}/${_rawr_fallback}	UNRESOLVED_EXPRESSION	1	FALSE	FALSE	FALSE	6	UNRESOLVED_EXPRESSION
RawrXD_DynamicPromptEngine	F:/~dev/rawrxd/CMakeLists.txt	30563	${_rawr_fallback}	${_rawr_fallback}	UNRESOLVED_EXPRESSION	1	FALSE	FALSE	FALSE	6	UNRESOLVED_EXPRESSION
RawrXD_DynamicPromptEngine	F:/~dev/rawrxd/CMakeLists.txt	30565	[Win32IDE] Op ional fallback uni  missing, skipping: ${_rawr_fallback}	[Win32IDE] Optional fallback unit missing, skipping: ${_rawr_fallback}	UNRESOLVED_EXPRESSION	1	FALSE	FALSE	FALSE	6	UNRESOLVED_EXPRESSION
RawrXD_DynamicPromptEngine	F:/~dev/rawrxd/CMakeLists.txt	30626	se _source_files_proper ies ${WIN32IDE_EXTRA_ASM} PROPERTIES LANGUAGE ASM_MASM	set_source_files_properties ${WIN32IDE_EXTRA_ASM} PROPERTIES LANGUAGE ASM_MASM	UNRESOLVED_EXPRESSION	1	FALSE	FALSE	FALSE	4	UNRESOLVED_EXPRESSION
RawrXD_DynamicPromptEngine	F:/~dev/rawrxd/CMakeLists.txt	30640	For a normal dev link: -DRAWRXD_ALLOW_AGENTIC_STUB_FALLBACK=ON or remove  ha  cache en ry.	For a normal dev link: -DRAWRXD_ALLOW_AGENTIC_STUB_FALLBACK=ON or remove that cache entry.	LITERAL	1	FALSE	FALSE	FALSE	4	ACTIVE_MISSING
RawrXD_DynamicPromptEngine	F:/~dev/rawrxd/CMakeLists.txt	30643	[Produc ionLane] RAWRXD_ALLOW_AGENTIC_STUB_FALLBACK=ON is incompa ible wi h RAWRXD_PRODUCTION_STRIP_STUB_SOURCES=ON.	[ProductionLane] RAWRXD_ALLOW_AGENTIC_STUB_FALLBACK=ON is incompatible with RAWRXD_PRODUCTION_STRIP_STUB_SOURCES=ON.	LITERAL	1	FALSE	FALSE	FALSE	4	ACTIVE_MISSING
RawrXD_DynamicPromptEngine	F:/~dev/rawrxd/CMakeLists.txt	30648	.*_s ubs\\.cpp$	.*_stubs//.cpp$	GLOB	1	FALSE	FALSE	FALSE	4	GLOB_EXPRESSION
RawrXD_DynamicPromptEngine	F:/~dev/rawrxd/CMakeLists.txt	30649	.*/s ubs\\.cpp$	.*/stubs//.cpp$	GLOB	1	FALSE	FALSE	FALSE	4	GLOB_EXPRESSION
RawrXD_DynamicPromptEngine	F:/~dev/rawrxd/CMakeLists.txt	30650	.*_s ub\\.cpp$	.*_stub//.cpp$	GLOB	1	FALSE	FALSE	FALSE	4	GLOB_EXPRESSION
RawrXD_DynamicPromptEngine	F:/~dev/rawrxd/CMakeLists.txt	30651	.*/s ub_.*\\.cpp$	.*/stub_.*//.cpp$	GLOB	1	FALSE	FALSE	FALSE	4	GLOB_EXPRESSION
RawrXD_DynamicPromptEngine	F:/~dev/rawrxd/CMakeLists.txt	30652	.*/shim_.*\\.cpp$	.*/shim_.*//.cpp$	GLOB	1	FALSE	FALSE	FALSE	4	GLOB_EXPRESSION
RawrXD_DynamicPromptEngine	F:/~dev/rawrxd/CMakeLists.txt	30653	.*/.*_(mock|fake)\\.cpp$	.*/.*_(mock|fake)//.cpp$	GLOB	1	FALSE	FALSE	FALSE	4	GLOB_EXPRESSION
RawrXD_DynamicPromptEngine	F:/~dev/rawrxd/CMakeLists.txt	30654	.*/.*(mock_|fake_).*\\.cpp$	.*/.*(mock_|fake_).*//.cpp$	GLOB	1	FALSE	FALSE	FALSE	4	GLOB_EXPRESSION
RawrXD_DynamicPromptEngine	F:/~dev/rawrxd/CMakeLists.txt	30655	.*_s ubs\\.asm$	.*_stubs//.asm$	GLOB	1	FALSE	FALSE	FALSE	4	GLOB_EXPRESSION
RawrXD_DynamicPromptEngine	F:/~dev/rawrxd/CMakeLists.txt	30656	.*/s ubs\\.asm$	.*/stubs//.asm$	GLOB	1	FALSE	FALSE	FALSE	4	GLOB_EXPRESSION
RawrXD_DynamicPromptEngine	F:/~dev/rawrxd/CMakeLists.txt	30657	.*_s ub\\.asm$	.*_stub//.asm$	GLOB	1	FALSE	FALSE	FALSE	4	GLOB_EXPRESSION
RawrXD_DynamicPromptEngine	F:/~dev/rawrxd/CMakeLists.txt	30658	.*/s ub_.*\\.asm$	.*/stub_.*//.asm$	GLOB	1	FALSE	FALSE	FALSE	4	GLOB_EXPRESSION
RawrXD_DynamicPromptEngine	F:/~dev/rawrxd/CMakeLists.txt	30659	.*/.*_(mock|fake)\\.asm$	.*/.*_(mock|fake)//.asm$	GLOB	1	FALSE	FALSE	FALSE	4	GLOB_EXPRESSION
RawrXD_DynamicPromptEngine	F:/~dev/rawrxd/CMakeLists.txt	30660	.*/.*(mock_|fake_).*\\.asm$	.*/.*(mock_|fake_).*//.asm$	GLOB	1	FALSE	FALSE	FALSE	4	GLOB_EXPRESSION
RawrXD_DynamicPromptEngine	F:/~dev/rawrxd/CMakeLists.txt	30661	.*/.*_shims?\\.cpp$	.*/.*_shims?//.cpp$	GLOB	1	FALSE	FALSE	FALSE	4	GLOB_EXPRESSION
RawrXD_DynamicPromptEngine	F:/~dev/rawrxd/CMakeLists.txt	30662	.*/shim_.*\\.asm$	.*/shim_.*//.asm$	GLOB	1	FALSE	FALSE	FALSE	4	GLOB_EXPRESSION
RawrXD_DynamicPromptEngine	F:/~dev/rawrxd/CMakeLists.txt	30663	.*/.*_shims?\\.asm$	.*/.*_shims?//.asm$	GLOB	1	FALSE	FALSE	FALSE	4	GLOB_EXPRESSION
RawrXD_DynamicPromptEngine	F:/~dev/rawrxd/CMakeLists.txt	30664	.*/reverse_engineered_s ubs\\.cpp$	.*/reverse_engineered_stubs//.cpp$	GLOB	1	FALSE	FALSE	FALSE	4	GLOB_EXPRESSION
RawrXD_DynamicPromptEngine	F:/~dev/rawrxd/CMakeLists.txt	30665	.*/link_s ubs_.*\\.cpp$	.*/link_stubs_.*//.cpp$	GLOB	1	FALSE	FALSE	FALSE	4	GLOB_EXPRESSION
RawrXD_DynamicPromptEngine	F:/~dev/rawrxd/CMakeLists.txt	30666	.*/link_s ubs_.*\\.asm$	.*/link_stubs_.*//.asm$	GLOB	1	FALSE	FALSE	FALSE	4	GLOB_EXPRESSION
RawrXD_DynamicPromptEngine	F:/~dev/rawrxd/CMakeLists.txt	30667	.*/.*_link_shims?\\.cpp$	.*/.*_link_shims?//.cpp$	GLOB	1	FALSE	FALSE	FALSE	4	GLOB_EXPRESSION
RawrXD_DynamicPromptEngine	F:/~dev/rawrxd/CMakeLists.txt	30668	.*/.*_link_shims?\\.asm$	.*/.*_link_shims?//.asm$	GLOB	1	FALSE	FALSE	FALSE	4	GLOB_EXPRESSION
RawrXD_DynamicPromptEngine	F:/~dev/rawrxd/CMakeLists.txt	30669	.*/.*_fallback[^/]*\\.cpp$	.*/.*_fallback[^/]*//.cpp$	GLOB	1	FALSE	FALSE	FALSE	4	GLOB_EXPRESSION
RawrXD_DynamicPromptEngine	F:/~dev/rawrxd/CMakeLists.txt	30670	.*/.*_fallback[^/]*\\.asm$	.*/.*_fallback[^/]*//.asm$	GLOB	1	FALSE	FALSE	FALSE	4	GLOB_EXPRESSION
RawrXD_DynamicPromptEngine	F:/~dev/rawrxd/CMakeLists.txt	30690	[Produc ionLane] RAWRXD_STRICT_AGENTIC_REALITY=OFF is incompa ible wi h RAWRXD_PRODUCTION_STRIP_STUB_SOURCES=ON.	[ProductionLane] RAWRXD_STRICT_AGENTIC_REALITY=OFF is incompatible with RAWRXD_PRODUCTION_STRIP_STUB_SOURCES=ON.	LITERAL	1	FALSE	FALSE	FALSE	4	ACTIVE_MISSING
RawrXD_DynamicPromptEngine	F:/~dev/rawrxd/CMakeLists.txt	30696	(_s ubs\\.cpp$|/s ubs\\.cpp$|_s ubs\\.asm$|/s ubs\\.asm$|/.*_s ub\\.cpp$|/.*_s ub\\.asm$|/s ub_.*\\.cpp$|/s ub_.*\\.asm$|/shim_.*\\.(cpp|asm)$|/.*_(mock|fake)\\.(cpp|asm)$|/.*(mock_|fake_).*(\\.cpp|\\.asm)$|/.*_shims?\\.(cpp|asm)$|/link_s ubs_.*\\.(cpp|asm)$|/.*_link_shims?\\.(cpp|asm)$|/.*_fallback[^/]*\\.(cpp|asm)$|/agen ic_bridge_headless\\.cpp$|/Win32IDE_headless_s ubs\\.cpp$)	(_stubs//.cpp$|/stubs//.cpp$|_stubs//.asm$|/stubs//.asm$|/.*_stub//.cpp$|/.*_stub//.asm$|/stub_.*//.cpp$|/stub_.*//.asm$|/shim_.*//.(cpp|asm)$|/.*_(mock|fake)//.(cpp|asm)$|/.*(mock_|fake_).*(//.cpp|//.asm)$|/.*_shims?//.(cpp|asm)$|/link_stubs_.*//.(cpp|asm)$|/.*_link_shims?//.(cpp|asm)$|/.*_fallback[^/]*//.(cpp|asm)$|/agentic_bridge_headless//.cpp$|/Win32IDE_headless_stubs//.cpp$)	GLOB	1	FALSE	FALSE	FALSE	5	GLOB_EXPRESSION
RawrXD_DynamicPromptEngine	F:/~dev/rawrxd/CMakeLists.txt	30697	${_rawrxd_src}	${_rawrxd_src}	UNRESOLVED_EXPRESSION	1	FALSE	FALSE	FALSE	5	UNRESOLVED_EXPRESSION
RawrXD_DynamicPromptEngine	F:/~dev/rawrxd/CMakeLists.txt	30704	  - ${_RAWRXD_FORBIDDEN_LIST}\n	  - ${_RAWRXD_FORBIDDEN_LIST}/n	UNRESOLVED_EXPRESSION	1	FALSE	FALSE	FALSE	5	UNRESOLVED_EXPRESSION
RawrXD_DynamicPromptEngine	F:/~dev/rawrxd/CMakeLists.txt	30705	Se  RAWRXD_ALLOW_AGENTIC_STUB_FALLBACK=ON only for explici  fallback/debug builds.	Set RAWRXD_ALLOW_AGENTIC_STUB_FALLBACK=ON only for explicit fallback/debug builds.	LITERAL	1	FALSE	FALSE	FALSE	5	ACTIVE_MISSING
RawrXD_DynamicPromptEngine	F:/~dev/rawrxd/CMakeLists.txt	30719	ge _ arge _proper y SOURCES ${ arge _name} SOURCES	get_target_property SOURCES ${target_name} SOURCES	UNRESOLVED_EXPRESSION	1	FALSE	FALSE	FALSE	3	UNRESOLVED_EXPRESSION
RawrXD_DynamicPromptEngine	F:/~dev/rawrxd/CMakeLists.txt	30721	[Produc ionLane] ${ arge _name} has no resolvable SOURCES proper y for s ub enforcemen .	[ProductionLane] ${target_name} has no resolvable SOURCES property for stub enforcement.	UNRESOLVED_EXPRESSION	1	FALSE	FALSE	FALSE	4	UNRESOLVED_EXPRESSION
RawrXD_DynamicPromptEngine	F:/~dev/rawrxd/CMakeLists.txt	30726	foreach src ${SOURCES}	foreach src ${SOURCES}	UNRESOLVED_EXPRESSION	1	FALSE	FALSE	FALSE	3	UNRESOLVED_EXPRESSION
RawrXD_DynamicPromptEngine	F:/~dev/rawrxd/CMakeLists.txt	30728	(_s ubs\\.cpp$|/s ubs\\.cpp$|_s ub\\.cpp$|/s ub_.*\\.cpp$|_s ubs\\.asm$|/s ubs\\.asm$|_s ub\\.asm$|/s ub_.*\\.asm$|/shim_.*\\.(cpp|asm)$|/missing_handler|/link_s ubs_.*\\.(cpp|asm)$|_link_shims?\\.(cpp|asm)$|_fallback[^/]*\\.(cpp|asm)$|_(mock|fake)\\.(cpp|asm)$)	(_stubs//.cpp$|/stubs//.cpp$|_stub//.cpp$|/stub_.*//.cpp$|_stubs//.asm$|/stubs//.asm$|_stub//.asm$|/stub_.*//.asm$|/shim_.*//.(cpp|asm)$|/missing_handler|/link_stubs_.*//.(cpp|asm)$|_link_shims?//.(cpp|asm)$|_fallback[^/]*//.(cpp|asm)$|_(mock|fake)//.(cpp|asm)$)	GLOB	1	FALSE	FALSE	FALSE	4	GLOB_EXPRESSION
RawrXD_DynamicPromptEngine	F:/~dev/rawrxd/CMakeLists.txt	30729	(s ub_|_s ub\\.(cpp|asm)$|shim_|_shims?\\.(cpp|asm)$|shims?\\.(cpp|asm)$|/s ubs\\.(cpp|asm)$)	(stub_|_stub//.(cpp|asm)$|shim_|_shims?//.(cpp|asm)$|shims?//.(cpp|asm)$|/stubs//.(cpp|asm)$)	GLOB	1	FALSE	FALSE	FALSE	4	GLOB_EXPRESSION
RawrXD_DynamicPromptEngine	F:/~dev/rawrxd/CMakeLists.txt	30753	${src}	${src}	UNRESOLVED_EXPRESSION	1	FALSE	FALSE	FALSE	4	UNRESOLVED_EXPRESSION
RawrXD_DynamicPromptEngine	F:/~dev/rawrxd/CMakeLists.txt	30754	${STUB_COUNT} + 1	${STUB_COUNT} + 1	UNRESOLVED_EXPRESSION	1	FALSE	FALSE	FALSE	4	UNRESOLVED_EXPRESSION
RawrXD_DynamicPromptEngine	F:/~dev/rawrxd/CMakeLists.txt	30765	[PRODUCTION POLICY VIOLATION] ${ arge _name}\\n	[PRODUCTION POLICY VIOLATION] ${target_name}//n	UNRESOLVED_EXPRESSION	1	FALSE	FALSE	FALSE	5	UNRESOLVED_EXPRESSION
RawrXD_DynamicPromptEngine	F:/~dev/rawrxd/CMakeLists.txt	30766	Found ${STUB_COUNT} s ub/shim/mock files:\\n	Found ${STUB_COUNT} stub/shim/mock files://n	UNRESOLVED_EXPRESSION	1	FALSE	FALSE	FALSE	5	UNRESOLVED_EXPRESSION
RawrXD_DynamicPromptEngine	F:/~dev/rawrxd/CMakeLists.txt	30767	  - ${STUB_LIST}\\n	  - ${STUB_LIST}//n	UNRESOLVED_EXPRESSION	1	FALSE	FALSE	FALSE	5	UNRESOLVED_EXPRESSION
RawrXD_DynamicPromptEngine	F:/~dev/rawrxd/CMakeLists.txt	30780	[EMERGENCY OVERRIDE] S ub files linked  o ${ arge _name} (CI will rejec )	[EMERGENCY OVERRIDE] Stub files linked to ${target_name} (CI will reject)	UNRESOLVED_EXPRESSION	1	FALSE	FALSE	FALSE	5	UNRESOLVED_EXPRESSION
RawrXD_DynamicPromptEngine	F:/~dev/rawrxd/CMakeLists.txt	30789	${ arge _name}: No s ub policy viola ions"	${target_name}: No stub policy violations"	UNRESOLVED_EXPRESSION	1	FALSE	FALSE	FALSE	4	UNRESOLVED_EXPRESSION
RawrXD_DynamicPromptEngine	F:/~dev/rawrxd/CMakeLists.txt	30795	${CMAKE_CURRENT_SOURCE_DIR}/src/core/link_s ubs_ga e.cpp	${CMAKE_CURRENT_SOURCE_DIR}/src/core/link_stubs_gate.cpp	UNRESOLVED_EXPRESSION	1	FALSE	FALSE	FALSE	3	UNRESOLVED_EXPRESSION
RawrXD_DynamicPromptEngine	F:/~dev/rawrxd/CMakeLists.txt	30798	${RAWRXD_STUB_GATE_FILE}	${RAWRXD_STUB_GATE_FILE}	UNRESOLVED_EXPRESSION	1	FALSE	FALSE	FALSE	4	UNRESOLVED_EXPRESSION
RawrXD_DynamicPromptEngine	F:/~dev/rawrxd/CMakeLists.txt	30799	${RAWRXD_STUB_GATE_FILE}	${RAWRXD_STUB_GATE_FILE}	UNRESOLVED_EXPRESSION	1	FALSE	FALSE	FALSE	4	UNRESOLVED_EXPRESSION
RawrXD_DynamicPromptEngine	F:/~dev/rawrxd/CMakeLists.txt	30804	\\nlink_s ubs_ga e.cpp has grown  o ${STUB_GATE_LINE_COUNT} lines.\\n	//nlink_stubs_gate.cpp has grown to ${STUB_GATE_LINE_COUNT} lines.//n	UNRESOLVED_EXPRESSION	1	FALSE	FALSE	FALSE	5	UNRESOLVED_EXPRESSION
RawrXD_DynamicPromptEngine	F:/~dev/rawrxd/CMakeLists.txt	30805	Maximum allowed: ${RAWRXD_STUB_GATE_MAX_LINES} lines\\n	Maximum allowed: ${RAWRXD_STUB_GATE_MAX_LINES} lines//n	UNRESOLVED_EXPRESSION	1	FALSE	FALSE	FALSE	5	UNRESOLVED_EXPRESSION
RawrXD_DynamicPromptEngine	F:/~dev/rawrxd/CMakeLists.txt	30820	(_s ubs\\.cpp$|/s ubs\\.cpp$|_s ub\\.cpp$|/s ub_.*\\.cpp$|_s ubs\\.asm$|/s ubs\\.asm$|_s ub\\.asm$|/s ub_.*\\.asm$|/shim_.*\\.(cpp|asm)$|missing_handler|link_s ubs_.*\\.(cpp|asm)$|_shims?\\.(cpp|asm)$|_link_shims?\\.(cpp|asm)$|_fallback[^/]*\\.(cpp|asm)$|_(mock|fake)\\.(cpp|asm)$|s ub_|shim_|mock_|fake_)	(_stubs//.cpp$|/stubs//.cpp$|_stub//.cpp$|/stub_.*//.cpp$|_stubs//.asm$|/stubs//.asm$|_stub//.asm$|/stub_.*//.asm$|/shim_.*//.(cpp|asm)$|missing_handler|link_stubs_.*//.(cpp|asm)$|_shims?//.(cpp|asm)$|_link_shims?//.(cpp|asm)$|_fallback[^/]*//.(cpp|asm)$|_(mock|fake)//.(cpp|asm)$|stub_|shim_|mock_|fake_)	GLOB	1	FALSE	FALSE	FALSE	4	GLOB_EXPRESSION
RawrXD_DynamicPromptEngine	F:/~dev/rawrxd/CMakeLists.txt	30851	${CMAKE_SOURCE_DIR}/${_rawrxd_link_closure}	${CMAKE_SOURCE_DIR}/${_rawrxd_link_closure}	UNRESOLVED_EXPRESSION	1	FALSE	FALSE	FALSE	4	UNRESOLVED_EXPRESSION
RawrXD_DynamicPromptEngine	F:/~dev/rawrxd/CMakeLists.txt	30852	${_rawrxd_link_closure}	${_rawrxd_link_closure}	UNRESOLVED_EXPRESSION	1	FALSE	FALSE	FALSE	4	UNRESOLVED_EXPRESSION
RawrXD_DynamicPromptEngine	F:/~dev/rawrxd/CMakeLists.txt	30854	[Win32IDE] Link-closure uni  missing, skipping: ${_rawrxd_link_closure}	[Win32IDE] Link-closure unit missing, skipping: ${_rawrxd_link_closure}	UNRESOLVED_EXPRESSION	1	FALSE	FALSE	FALSE	4	UNRESOLVED_EXPRESSION
RawrXD_DynamicPromptEngine	F:/~dev/rawrxd/CMakeLists.txt	30862	(_s ubs\\.cpp$|/s ubs\\.cpp$|_s ubs\\.asm$|/s ubs\\.asm$|/.*_s ub\\.(cpp|asm)$|/s ub_.*\\.(cpp|asm)$|/shim_.*\\.(cpp|asm)$|/.*_(mock|fake)\\.(cpp|asm)$|/.*(mock_|fake_).*(\\.cpp|\\.asm)$|/link_s ubs_.*\\.(cpp|asm)$|/.*_shims?\\.(cpp|asm)$|/.*_link_shims?\\.(cpp|asm)$|/.*_fallback[^/]*\\.(cpp|asm)$)	(_stubs//.cpp$|/stubs//.cpp$|_stubs//.asm$|/stubs//.asm$|/.*_stub//.(cpp|asm)$|/stub_.*//.(cpp|asm)$|/shim_.*//.(cpp|asm)$|/.*_(mock|fake)//.(cpp|asm)$|/.*(mock_|fake_).*(//.cpp|//.asm)$|/link_stubs_.*//.(cpp|asm)$|/.*_shims?//.(cpp|asm)$|/.*_link_shims?//.(cpp|asm)$|/.*_fallback[^/]*//.(cpp|asm)$)	GLOB	1	FALSE	FALSE	FALSE	5	GLOB_EXPRESSION
RawrXD_DynamicPromptEngine	F:/~dev/rawrxd/CMakeLists.txt	30863	(missing_handler|/s ubs\\.(cpp|asm)$|_s ub\\.(cpp|asm)$|s ub_|shim_|shims?\\.(cpp|asm)$|mock_|fake_|_(mock|fake)\\.(cpp|asm)$)	(missing_handler|/stubs//.(cpp|asm)$|_stub//.(cpp|asm)$|stub_|shim_|shims?//.(cpp|asm)$|mock_|fake_|_(mock|fake)//.(cpp|asm)$)	GLOB	1	FALSE	FALSE	FALSE	5	GLOB_EXPRESSION
RawrXD_DynamicPromptEngine	F:/~dev/rawrxd/CMakeLists.txt	30866	${_rawrxd_src}	${_rawrxd_src}	UNRESOLVED_EXPRESSION	1	FALSE	FALSE	FALSE	6	UNRESOLVED_EXPRESSION
RawrXD_DynamicPromptEngine	F:/~dev/rawrxd/CMakeLists.txt	30874	  - ${_RAWRXD_FORBIDDEN_LIST_POST}\\n	  - ${_RAWRXD_FORBIDDEN_LIST_POST}//n	UNRESOLVED_EXPRESSION	1	FALSE	FALSE	FALSE	5	UNRESOLVED_EXPRESSION
RawrXD_DynamicPromptEngine	F:/~dev/rawrxd/CMakeLists.txt	30875	No s ub/shim/mock files are allowed in produc ion.	No stub/shim/mock files are allowed in production.	LITERAL	1	FALSE	FALSE	FALSE	5	ACTIVE_MISSING
RawrXD_DynamicPromptEngine	F:/~dev/rawrxd/CMakeLists.txt	34447	par ial ODR purge   es s/mains only .	partial ODR purge  tests/mains only .	LITERAL	1	FALSE	FALSE	FALSE	3	ACTIVE_MISSING
RawrXD_DynamicPromptEngine	F:/~dev/rawrxd/CMakeLists.txt	34454	 hose need symbol-level dedupe  no  TU dele ion.	those need symbol-level dedupe  not TU deletion.	LITERAL	1	FALSE	FALSE	FALSE	3	ACTIVE_MISSING
RawrXD_DynamicPromptEngine	F:/~dev/rawrxd/CMakeLists.txt	34857	fea ure flags already ga e calls.	feature flags already gate calls.	LITERAL	1	FALSE	FALSE	FALSE	3	ACTIVE_MISSING
RawrXD_DynamicPromptEngine	F:/~dev/rawrxd/CMakeLists.txt	34858	se  _WIN32IDE_ASM ${ASM_KERNEL_SOURCES}	set _WIN32IDE_ASM ${ASM_KERNEL_SOURCES}	UNRESOLVED_EXPRESSION	1	FALSE	FALSE	FALSE	3	UNRESOLVED_EXPRESSION
RawrXD_Gold	F:/~dev/rawrxd/CMakeLists.txt	16621	add_execu able RawrXD_Gold ${GOLD_UNDERSCORE_SOURCES} ${ASM_KERNEL_SOURCES}	add_executable RawrXD_Gold ${GOLD_UNDERSCORE_SOURCES} ${ASM_KERNEL_SOURCES}	UNRESOLVED_EXPRESSION	1	FALSE	FALSE	FALSE	3	UNRESOLVED_EXPRESSION
RawrXD_Gold	F:/~dev/rawrxd/CMakeLists.txt	17567	COMMAND powershell -Execu ionPolicy Bypass -File ${OMEGA1_DIR}/Genera e-Manifes .ps1	COMMAND powershell -ExecutionPolicy Bypass -File ${OMEGA1_DIR}/Generate-Manifest.ps1	UNRESOLVED_EXPRESSION	1	FALSE	FALSE	FALSE	3	UNRESOLVED_EXPRESSION
RawrXD_Gold	F:/~dev/rawrxd/CMakeLists.txt	17568	-BinaryPa h $<TARGET_FILE:RawrXD_Gold>	-BinaryPath $<TARGET_FILE:RawrXD_Gold>	UNRESOLVED_EXPRESSION	1	FALSE	FALSE	FALSE	3	UNRESOLVED_EXPRESSION
RawrXD_Gold	F:/~dev/rawrxd/CMakeLists.txt	17569	-Ou pu Pa h ${CMAKE_BINARY_DIR}/gold/omega1_manifes .json	-OutputPath ${CMAKE_BINARY_DIR}/gold/omega1_manifest.json	UNRESOLVED_EXPRESSION	1	FALSE	FALSE	FALSE	3	UNRESOLVED_EXPRESSION
RawrXD_Gold	F:/~dev/rawrxd/CMakeLists.txt	17578	${CMAKE_CURRENT_SOURCE_DIR}/src	${CMAKE_CURRENT_SOURCE_DIR}/src	UNRESOLVED_EXPRESSION	1	FALSE	FALSE	FALSE	2	UNRESOLVED_EXPRESSION
RawrXD_Gold	F:/~dev/rawrxd/CMakeLists.txt	17579	${CMAKE_CURRENT_SOURCE_DIR}/src/engine	${CMAKE_CURRENT_SOURCE_DIR}/src/engine	UNRESOLVED_EXPRESSION	1	FALSE	FALSE	FALSE	2	UNRESOLVED_EXPRESSION
RawrXD_Gold	F:/~dev/rawrxd/CMakeLists.txt	17580	${CMAKE_CURRENT_SOURCE_DIR}/src/core	${CMAKE_CURRENT_SOURCE_DIR}/src/core	UNRESOLVED_EXPRESSION	1	FALSE	FALSE	FALSE	2	UNRESOLVED_EXPRESSION
RawrXD_Gold	F:/~dev/rawrxd/CMakeLists.txt	17581	${CMAKE_CURRENT_SOURCE_DIR}/src/server	${CMAKE_CURRENT_SOURCE_DIR}/src/server	UNRESOLVED_EXPRESSION	1	FALSE	FALSE	FALSE	2	UNRESOLVED_EXPRESSION
RawrXD_Gold	F:/~dev/rawrxd/CMakeLists.txt	17582	${CMAKE_CURRENT_SOURCE_DIR}/src/agen 	${CMAKE_CURRENT_SOURCE_DIR}/src/agent	UNRESOLVED_EXPRESSION	1	FALSE	FALSE	FALSE	2	UNRESOLVED_EXPRESSION
RawrXD_Gold	F:/~dev/rawrxd/CMakeLists.txt	17583	${CMAKE_CURRENT_SOURCE_DIR}/src/agen ic	${CMAKE_CURRENT_SOURCE_DIR}/src/agentic	UNRESOLVED_EXPRESSION	1	FALSE	FALSE	FALSE	2	UNRESOLVED_EXPRESSION
RawrXD_Gold	F:/~dev/rawrxd/CMakeLists.txt	17584	${CMAKE_CURRENT_SOURCE_DIR}/src/cli	${CMAKE_CURRENT_SOURCE_DIR}/src/cli	UNRESOLVED_EXPRESSION	1	FALSE	FALSE	FALSE	2	UNRESOLVED_EXPRESSION
RawrXD_Gold	F:/~dev/rawrxd/CMakeLists.txt	17585	${CMAKE_CURRENT_SOURCE_DIR}/src/ui	${CMAKE_CURRENT_SOURCE_DIR}/src/ui	UNRESOLVED_EXPRESSION	1	FALSE	FALSE	FALSE	2	UNRESOLVED_EXPRESSION
RawrXD_Gold	F:/~dev/rawrxd/CMakeLists.txt	17586	${CMAKE_CURRENT_SOURCE_DIR}/src/gi 	${CMAKE_CURRENT_SOURCE_DIR}/src/git	UNRESOLVED_EXPRESSION	1	FALSE	FALSE	FALSE	2	UNRESOLVED_EXPRESSION
RawrXD_Gold	F:/~dev/rawrxd/CMakeLists.txt	17587	${CMAKE_CURRENT_SOURCE_DIR}/src/lsp	${CMAKE_CURRENT_SOURCE_DIR}/src/lsp	UNRESOLVED_EXPRESSION	1	FALSE	FALSE	FALSE	2	UNRESOLVED_EXPRESSION
RawrXD_Gold	F:/~dev/rawrxd/CMakeLists.txt	17588	${CMAKE_CURRENT_SOURCE_DIR}/src/gpu	${CMAKE_CURRENT_SOURCE_DIR}/src/gpu	UNRESOLVED_EXPRESSION	1	FALSE	FALSE	FALSE	2	UNRESOLVED_EXPRESSION
RawrXD_Gold	F:/~dev/rawrxd/CMakeLists.txt	17589	${CMAKE_CURRENT_SOURCE_DIR}/src/ ools	${CMAKE_CURRENT_SOURCE_DIR}/src/tools	UNRESOLVED_EXPRESSION	1	FALSE	FALSE	FALSE	2	UNRESOLVED_EXPRESSION
RawrXD_Gold	F:/~dev/rawrxd/CMakeLists.txt	17590	${CMAKE_CURRENT_SOURCE_DIR}/src/ eleme ry	${CMAKE_CURRENT_SOURCE_DIR}/src/telemetry	UNRESOLVED_EXPRESSION	1	FALSE	FALSE	FALSE	2	UNRESOLVED_EXPRESSION
RawrXD_Gold	F:/~dev/rawrxd/CMakeLists.txt	17591	${CMAKE_CURRENT_SOURCE_DIR}/src/reverse_engineering	${CMAKE_CURRENT_SOURCE_DIR}/src/reverse_engineering	UNRESOLVED_EXPRESSION	1	FALSE	FALSE	FALSE	2	UNRESOLVED_EXPRESSION
RawrXD_Gold	F:/~dev/rawrxd/CMakeLists.txt	17592	${CMAKE_CURRENT_SOURCE_DIR}/src/win32app	${CMAKE_CURRENT_SOURCE_DIR}/src/win32app	UNRESOLVED_EXPRESSION	1	FALSE	FALSE	FALSE	2	UNRESOLVED_EXPRESSION
RawrXD_Gold	F:/~dev/rawrxd/CMakeLists.txt	17593	${CMAKE_CURRENT_SOURCE_DIR}/src/sovereign	${CMAKE_CURRENT_SOURCE_DIR}/src/sovereign	UNRESOLVED_EXPRESSION	1	FALSE	FALSE	FALSE	2	UNRESOLVED_EXPRESSION
RawrXD_Gold	F:/~dev/rawrxd/CMakeLists.txt	17594	${CMAKE_CURRENT_SOURCE_DIR}/src/sovereign/puppe eer	${CMAKE_CURRENT_SOURCE_DIR}/src/sovereign/puppeteer	UNRESOLVED_EXPRESSION	1	FALSE	FALSE	FALSE	2	UNRESOLVED_EXPRESSION
RawrXD_Gold	F:/~dev/rawrxd/CMakeLists.txt	17595	${CMAKE_CURRENT_SOURCE_DIR}/src/in en 	${CMAKE_CURRENT_SOURCE_DIR}/src/intent	UNRESOLVED_EXPRESSION	1	FALSE	FALSE	FALSE	2	UNRESOLVED_EXPRESSION
RawrXD_Gold	F:/~dev/rawrxd/CMakeLists.txt	17596	${CMAKE_CURRENT_SOURCE_DIR}/src/guardrails	${CMAKE_CURRENT_SOURCE_DIR}/src/guardrails	UNRESOLVED_EXPRESSION	1	FALSE	FALSE	FALSE	2	UNRESOLVED_EXPRESSION
RawrXD_Gold	F:/~dev/rawrxd/CMakeLists.txt	17597	${CMAKE_CURRENT_SOURCE_DIR}/src/ho pa ch	${CMAKE_CURRENT_SOURCE_DIR}/src/hotpatch	UNRESOLVED_EXPRESSION	1	FALSE	FALSE	FALSE	2	UNRESOLVED_EXPRESSION
RawrXD_Gold	F:/~dev/rawrxd/CMakeLists.txt	17598	${CMAKE_CURRENT_SOURCE_DIR}/src/kernel	${CMAKE_CURRENT_SOURCE_DIR}/src/kernel	UNRESOLVED_EXPRESSION	1	FALSE	FALSE	FALSE	2	UNRESOLVED_EXPRESSION
RawrXD_Gold	F:/~dev/rawrxd/CMakeLists.txt	17599	${CMAKE_CURRENT_SOURCE_DIR}/src/omega1_modules	${CMAKE_CURRENT_SOURCE_DIR}/src/omega1_modules	UNRESOLVED_EXPRESSION	1	FALSE	FALSE	FALSE	2	UNRESOLVED_EXPRESSION
RawrXD_Gold	F:/~dev/rawrxd/CMakeLists.txt	17600	${CMAKE_CURRENT_SOURCE_DIR}/include	${CMAKE_CURRENT_SOURCE_DIR}/include	UNRESOLVED_EXPRESSION	1	FALSE	FALSE	FALSE	2	UNRESOLVED_EXPRESSION
RawrXD_Gold	F:/~dev/rawrxd/CMakeLists.txt	17601	${CMAKE_CURRENT_SOURCE_DIR}/include/gpu	${CMAKE_CURRENT_SOURCE_DIR}/include/gpu	UNRESOLVED_EXPRESSION	1	FALSE	FALSE	FALSE	2	UNRESOLVED_EXPRESSION
RawrXD_Gold	F:/~dev/rawrxd/CMakeLists.txt	17634	${CMAKE_BINARY_DIR}/gold/RawrXD_Gold.map	${CMAKE_BINARY_DIR}/gold/RawrXD_Gold.map	UNRESOLVED_EXPRESSION	1	FALSE	FALSE	FALSE	4	UNRESOLVED_EXPRESSION
RawrXD_Gold	F:/~dev/rawrxd/CMakeLists.txt	17635	${CMAKE_BINARY_DIR}/RawrXD_Gold.map	${CMAKE_BINARY_DIR}/RawrXD_Gold.map	UNRESOLVED_EXPRESSION	1	FALSE	FALSE	FALSE	4	UNRESOLVED_EXPRESSION
RawrXD_Gold	F:/~dev/rawrxd/CMakeLists.txt	18533	${CMAKE_CURRENT_SOURCE_DIR}/obj	${CMAKE_CURRENT_SOURCE_DIR}/obj	UNRESOLVED_EXPRESSION	1	FALSE	FALSE	FALSE	3	UNRESOLVED_EXPRESSION
RawrXD_Gold	F:/~dev/rawrxd/CMakeLists.txt	18534	${CMAKE_CURRENT_SOURCE_DIR}/build_genesis	${CMAKE_CURRENT_SOURCE_DIR}/build_genesis	UNRESOLVED_EXPRESSION	1	FALSE	FALSE	FALSE	3	UNRESOLVED_EXPRESSION
RawrXD_Gold	F:/~dev/rawrxd/CMakeLists.txt	18535	${CMAKE_CURRENT_SOURCE_DIR}/src/asm	${CMAKE_CURRENT_SOURCE_DIR}/src/asm	UNRESOLVED_EXPRESSION	1	FALSE	FALSE	FALSE	3	UNRESOLVED_EXPRESSION
RawrXD_LSPServer	F:/~dev/rawrxd/CMakeLists.txt	105832	${CMAKE_SOURCE_DIR}/include	${CMAKE_SOURCE_DIR}/include	UNRESOLVED_EXPRESSION	1	FALSE	FALSE	FALSE	5	UNRESOLVED_EXPRESSION
RawrXD_LSPServer	F:/~dev/rawrxd/CMakeLists.txt	105833	${CMAKE_SOURCE_DIR}	${CMAKE_SOURCE_DIR}	UNRESOLVED_EXPRESSION	1	FALSE	FALSE	FALSE	5	UNRESOLVED_EXPRESSION
RawrXD_LSPServer	F:/~dev/rawrxd/CMakeLists.txt	105834	${CMAKE_SOURCE_DIR}/src	${CMAKE_SOURCE_DIR}/src	UNRESOLVED_EXPRESSION	1	FALSE	FALSE	FALSE	5	UNRESOLVED_EXPRESSION
RawrXD_LSPServer	F:/~dev/rawrxd/CMakeLists.txt	105838	$<$<NOT:$<CONFIG:Debug>>:/O2>	$<$<NOT:$<CONFIG:Debug>>:/O2>	UNRESOLVED_EXPRESSION	1	FALSE	FALSE	FALSE	6	UNRESOLVED_EXPRESSION
RawrXD_LSPServer	F:/~dev/rawrxd/CMakeLists.txt	105844	RUNTIME_OUTPUT_DIRECTORY ${CMAKE_BINARY_DIR}/bin	RUNTIME_OUTPUT_DIRECTORY ${CMAKE_BINARY_DIR}/bin	UNRESOLVED_EXPRESSION	1	FALSE	FALSE	FALSE	5	UNRESOLVED_EXPRESSION
RawrXD_LSPServer	F:/~dev/rawrxd/CMakeLists.txt	105854	${CMAKE_SOURCE_DIR}/src/scrip /debug/minimal_dap_server.cpp	${CMAKE_SOURCE_DIR}/src/script/debug/minimal_dap_server.cpp	UNRESOLVED_EXPRESSION	1	FALSE	FALSE	FALSE	5	UNRESOLVED_EXPRESSION
RawrXD_MultiWindow_Kernel	F:/~dev/rawrxd/CMakeLists.txt	30369	${MW_KERNEL_ASM}	${MW_KERNEL_ASM}	UNRESOLVED_EXPRESSION	1	FALSE	FALSE	FALSE	4	UNRESOLVED_EXPRESSION
RawrXD_MultiWindow_Kernel	F:/~dev/rawrxd/CMakeLists.txt	30373	${CMAKE_CURRENT_SOURCE_DIR}/include	${CMAKE_CURRENT_SOURCE_DIR}/include	UNRESOLVED_EXPRESSION	1	FALSE	FALSE	FALSE	4	UNRESOLVED_EXPRESSION
RawrXD_MultiWindow_Kernel	F:/~dev/rawrxd/CMakeLists.txt	30374	${CMAKE_CURRENT_SOURCE_DIR}/src/core	${CMAKE_CURRENT_SOURCE_DIR}/src/core	UNRESOLVED_EXPRESSION	1	FALSE	FALSE	FALSE	4	UNRESOLVED_EXPRESSION
RawrXD_MultiWindow_Kernel	F:/~dev/rawrxd/CMakeLists.txt	30379	/DEF:${CMAKE_CURRENT_SOURCE_DIR}/src/asm/Mul iWindowKernel.def	/DEF:${CMAKE_CURRENT_SOURCE_DIR}/src/asm/MultiWindowKernel.def	UNRESOLVED_EXPRESSION	1	FALSE	FALSE	FALSE	4	UNRESOLVED_EXPRESSION
RawrXD_MultiWindow_Kernel	F:/~dev/rawrxd/CMakeLists.txt	30402	se _source_files_proper ies ${PROMPT_ENGINE_ASM} PROPERTIES LANGUAGE ASM_MASM	set_source_files_properties ${PROMPT_ENGINE_ASM} PROPERTIES LANGUAGE ASM_MASM	UNRESOLVED_EXPRESSION	1	FALSE	FALSE	FALSE	4	UNRESOLVED_EXPRESSION
RawrXD_NanoQuant	F:/~dev/rawrxd/CMakeLists.txt	19063	Mul iThreaded$<$<CONFIG:Debug>:Debug>	MultiThreaded$<$<CONFIG:Debug>:Debug>	UNRESOLVED_EXPRESSION	1	FALSE	FALSE	FALSE	4	UNRESOLVED_EXPRESSION
RawrXD_NanoQuant	F:/~dev/rawrxd/CMakeLists.txt	19065	${CMAKE_CURRENT_SOURCE_DIR}/include	${CMAKE_CURRENT_SOURCE_DIR}/include	UNRESOLVED_EXPRESSION	1	FALSE	FALSE	FALSE	4	UNRESOLVED_EXPRESSION
RawrXD_NanoQuant	F:/~dev/rawrxd/CMakeLists.txt	19066	${CMAKE_CURRENT_SOURCE_DIR}/src	${CMAKE_CURRENT_SOURCE_DIR}/src	UNRESOLVED_EXPRESSION	1	FALSE	FALSE	FALSE	4	UNRESOLVED_EXPRESSION
RawrXD_NanoQuant	F:/~dev/rawrxd/CMakeLists.txt	19068	 arge _link_libraries RawrXD_NanoQuan  PRIVATE ${ASM_NANOQUANT_OBJ}	target_link_libraries RawrXD_NanoQuant PRIVATE ${ASM_NANOQUANT_OBJ}	UNRESOLVED_EXPRESSION	1	FALSE	FALSE	FALSE	4	UNRESOLVED_EXPRESSION
RawrXD_NanoQuant	F:/~dev/rawrxd/CMakeLists.txt	19069	add_cus om_ arge  nanoquan _asm DEPENDS ${ASM_NANOQUANT_OBJ}	add_custom_target nanoquant_asm DEPENDS ${ASM_NANOQUANT_OBJ}	UNRESOLVED_EXPRESSION	1	FALSE	FALSE	FALSE	4	UNRESOLVED_EXPRESSION
RawrXD_NanoQuant	F:/~dev/rawrxd/CMakeLists.txt	19102	include ${CMAKE_SOURCE_DIR}/cmake/RawrXD-Vulkan-Fix.cmake OPTIONAL	include ${CMAKE_SOURCE_DIR}/cmake/RawrXD-Vulkan-Fix.cmake OPTIONAL	UNRESOLVED_EXPRESSION	1	FALSE	FALSE	FALSE	2	UNRESOLVED_EXPRESSION
RawrXD_NanoQuant	F:/~dev/rawrxd/CMakeLists.txt	19106	[Vulkan] Found SDK: ${Vulkan_INCLUDE_DIRS}	[Vulkan] Found SDK: ${Vulkan_INCLUDE_DIRS}	UNRESOLVED_EXPRESSION	1	FALSE	FALSE	FALSE	3	UNRESOLVED_EXPRESSION
RawrXD_NanoQuant	F:/~dev/rawrxd/CMakeLists.txt	19108	 arge _include_direc ories RawrEngine PRIVATE ${Vulkan_INCLUDE_DIRS}	target_include_directories RawrEngine PRIVATE ${Vulkan_INCLUDE_DIRS}	UNRESOLVED_EXPRESSION	1	FALSE	FALSE	FALSE	4	UNRESOLVED_EXPRESSION
RawrXD_NanoQuant	F:/~dev/rawrxd/CMakeLists.txt	19113	 arge _include_direc ories RawrXD_Gold PRIVATE ${Vulkan_INCLUDE_DIRS}	target_include_directories RawrXD_Gold PRIVATE ${Vulkan_INCLUDE_DIRS}	UNRESOLVED_EXPRESSION	1	FALSE	FALSE	FALSE	3	UNRESOLVED_EXPRESSION
RawrXD_NanoQuant	F:/~dev/rawrxd/CMakeLists.txt	19118	D:/VulkanSDK/1.*	D:/VulkanSDK/1.*	GLOB	1	FALSE	FALSE	FALSE	3	GLOB_EXPRESSION
RawrXD_NanoQuant	F:/~dev/rawrxd/CMakeLists.txt	19120	C:/VulkanSDK/1.*	C:/VulkanSDK/1.*	GLOB	1	FALSE	FALSE	FALSE	4	GLOB_EXPRESSION
RawrXD_NanoQuant	F:/~dev/rawrxd/CMakeLists.txt	19125	[Vulkan] Manual SDK: ${_VK_SDK_DIR}	[Vulkan] Manual SDK: ${_VK_SDK_DIR}	UNRESOLVED_EXPRESSION	1	FALSE	FALSE	FALSE	4	UNRESOLVED_EXPRESSION
RawrXD_NanoQuant	F:/~dev/rawrxd/CMakeLists.txt	19127	${_VK_SDK_DIR}/Include	${_VK_SDK_DIR}/Include	UNRESOLVED_EXPRESSION	1	FALSE	FALSE	FALSE	5	UNRESOLVED_EXPRESSION
RawrXD_NanoQuant	F:/~dev/rawrxd/CMakeLists.txt	19128	${_VK_SDK_DIR}/Lib	${_VK_SDK_DIR}/Lib	UNRESOLVED_EXPRESSION	1	FALSE	FALSE	FALSE	5	UNRESOLVED_EXPRESSION
RawrXD_NanoQuant	F:/~dev/rawrxd/CMakeLists.txt	19133	${_VK_SDK_DIR}/Include	${_VK_SDK_DIR}/Include	UNRESOLVED_EXPRESSION	1	FALSE	FALSE	FALSE	4	UNRESOLVED_EXPRESSION
RawrXD_NanoQuant	F:/~dev/rawrxd/CMakeLists.txt	19134	${_VK_SDK_DIR}/Lib	${_VK_SDK_DIR}/Lib	UNRESOLVED_EXPRESSION	1	FALSE	FALSE	FALSE	4	UNRESOLVED_EXPRESSION
RawrXD_NanoQuant	F:/~dev/rawrxd/CMakeLists.txt	19138	[Vulkan] SDK no  found ? GPU compu e uses CPU fallback	[Vulkan] SDK not found ? GPU compute uses CPU fallback	GLOB	1	FALSE	FALSE	FALSE	4	GLOB_EXPRESSION
RawrXD_NanoQuant	F:/~dev/rawrxd/CMakeLists.txt	19153	${CMAKE_BINARY_DIR}/bin/RawrEngine.map	${CMAKE_BINARY_DIR}/bin/RawrEngine.map	UNRESOLVED_EXPRESSION	1	FALSE	FALSE	FALSE	5	UNRESOLVED_EXPRESSION
RawrXD_NanoQuant	F:/~dev/rawrxd/CMakeLists.txt	19154	${CMAKE_BINARY_DIR}/RawrEngine.map	${CMAKE_BINARY_DIR}/RawrEngine.map	UNRESOLVED_EXPRESSION	1	FALSE	FALSE	FALSE	5	UNRESOLVED_EXPRESSION
RawrXD_NanoQuant	F:/~dev/rawrxd/CMakeLists.txt	19156	/MAP:${_RAWR_ENGINE_MAP_PATH}	/MAP:${_RAWR_ENGINE_MAP_PATH}	UNRESOLVED_EXPRESSION	1	FALSE	FALSE	FALSE	5	UNRESOLVED_EXPRESSION
RawrXD_NanoQuant	F:/~dev/rawrxd/CMakeLists.txt	19160	${_RAWR_ENGINE_MAP_AUDIT_PATH}	${_RAWR_ENGINE_MAP_AUDIT_PATH}	UNRESOLVED_EXPRESSION	1	FALSE	FALSE	FALSE	5	UNRESOLVED_EXPRESSION
RawrXD_NanoQuant	F:/~dev/rawrxd/CMakeLists.txt	19160	${_RAWR_ENGINE_MAP_PATH}	${_RAWR_ENGINE_MAP_PATH}	UNRESOLVED_EXPRESSION	1	FALSE	FALSE	FALSE	5	UNRESOLVED_EXPRESSION
RawrXD_NanoQuant	F:/~dev/rawrxd/CMakeLists.txt	19160	COMMAND ${CMAKE_COMMAND} -E copy_if_differen 	COMMAND ${CMAKE_COMMAND} -E copy_if_different	UNRESOLVED_EXPRESSION	1	FALSE	FALSE	FALSE	5	UNRESOLVED_EXPRESSION
RawrXD_NanoQuant	F:/~dev/rawrxd/CMakeLists.txt	19182	loads GGUF and emi s  okens wi h no IDE.	loads GGUF and emits tokens with no IDE.	LITERAL	1	FALSE	FALSE	FALSE	2	ACTIVE_MISSING
RawrXD_OSRuntime	F:/~dev/rawrxd/src/runtime/os/CMakeLists.txt	12	${CMAKE_CURRENT_SOURCE_DIR}	${CMAKE_CURRENT_SOURCE_DIR}	UNRESOLVED_EXPRESSION	1	FALSE	FALSE	FALSE	0	UNRESOLVED_EXPRESSION
RawrXD_OSRuntime	F:/~dev/rawrxd/src/runtime/os/CMakeLists.txt	13	${CMAKE_CURRENT_SOURCE_DIR}/genera ed	${CMAKE_CURRENT_SOURCE_DIR}/generated	UNRESOLVED_EXPRESSION	1	FALSE	FALSE	FALSE	0	UNRESOLVED_EXPRESSION
RawrXD_OSRuntime	F:/~dev/rawrxd/src/runtime/os/CMakeLists.txt	19	${CMAKE_CURRENT_SOURCE_DIR}/Run imeKernel.cpp	${CMAKE_CURRENT_SOURCE_DIR}/RuntimeKernel.cpp	UNRESOLVED_EXPRESSION	1	FALSE	FALSE	FALSE	0	UNRESOLVED_EXPRESSION
RawrXD_OSRuntime	F:/~dev/rawrxd/src/runtime/os/CMakeLists.txt	20	${CMAKE_CURRENT_SOURCE_DIR}/WindowsEmi  er.cpp	${CMAKE_CURRENT_SOURCE_DIR}/WindowsEmitter.cpp	UNRESOLVED_EXPRESSION	1	FALSE	FALSE	FALSE	0	UNRESOLVED_EXPRESSION
RawrXD_OSRuntime	F:/~dev/rawrxd/src/runtime/os/CMakeLists.txt	21	${CMAKE_CURRENT_SOURCE_DIR}/Run imeCapabili yRegis ra ion.cpp	${CMAKE_CURRENT_SOURCE_DIR}/RuntimeCapabilityRegistration.cpp	UNRESOLVED_EXPRESSION	1	FALSE	FALSE	FALSE	0	UNRESOLVED_EXPRESSION
RawrXD_OSRuntime	F:/~dev/rawrxd/src/runtime/os/CMakeLists.txt	27	 arge _sources RawrXD_OSRun ime PRIVATE ${RAWRXD_OS_RUNTIME_GENERATED_SOURCES}	target_sources RawrXD_OSRuntime PRIVATE ${RAWRXD_OS_RUNTIME_GENERATED_SOURCES}	UNRESOLVED_EXPRESSION	1	FALSE	TRUE	FALSE	0	UNRESOLVED_EXPRESSION
SOVEREIGN_ASM_SOURCES	F:/~dev/rawrxd/cmake/SovereignASM.cmake	119	add_execu able ${ es _name} ${TEST_SOURCES}	add_executable ${test_name} ${TEST_SOURCES}	UNRESOLVED_EXPRESSION	1	FALSE	FALSE	FALSE	0	UNRESOLVED_EXPRESSION
SOVEREIGN_ASM_SOURCES	F:/~dev/rawrxd/cmake/SovereignASM.cmake	38	add_library ${ arge _name}_asm OBJECT ${SOVEREIGN_ASM_SOURCES}	add_library ${target_name}_asm OBJECT ${SOVEREIGN_ASM_SOURCES}	UNRESOLVED_EXPRESSION	1	FALSE	FALSE	FALSE	0	UNRESOLVED_EXPRESSION
SOVEREIGN_ASM_SOURCES	F:/~dev/rawrxd/cmake/SovereignASM.cmake	46	add_library ${ arge _name} STATIC	add_library ${target_name} STATIC	UNRESOLVED_EXPRESSION	1	FALSE	FALSE	FALSE	0	UNRESOLVED_EXPRESSION
SOVEREIGN_ASM_SOURCES	F:/~dev/rawrxd/cmake/SovereignASM.cmake	80	add_library ${ arge _name} SHARED ${SOVEREIGN_ASM_SOURCES}	add_library ${target_name} SHARED ${SOVEREIGN_ASM_SOURCES}	UNRESOLVED_EXPRESSION	1	FALSE	FALSE	FALSE	0	UNRESOLVED_EXPRESSION
SOVEREIGN_SUBSTRATE_INCLUDE_DIRS	F:/~dev/rawrxd/cmake/SovereignSubstrate.cmake	203	 arge _sources ${ arge } PRIVATE ${SOVEREIGN_SUBSTRATE_SOURCES}	target_sources ${target} PRIVATE ${SOVEREIGN_SUBSTRATE_SOURCES}	UNRESOLVED_EXPRESSION	1	FALSE	FALSE	FALSE	0	UNRESOLVED_EXPRESSION
SPAN_SIZE	F:/~dev/rawrxd/audit/RAWRXD_IDE_AUDIT_20261002/long_span_harness/CMakeLists.txt	23	se  RAWRXD_CERT_VIOLATION_COUNT ${_vc} CACHE INTERNAL   FORCE	set RAWRXD_CERT_VIOLATION_COUNT ${_vc} CACHE INTERNAL   FORCE	UNRESOLVED_EXPRESSION	1	FALSE	FALSE	FALSE	0	UNRESOLVED_EXPRESSION
SPAN_SIZE	F:/~dev/rawrxd/audit/RAWRXD_IDE_AUDIT_20261002/long_span_harness/CMakeLists.txt	25	${RAWRXD_CERT_VIOLATIONS}|||${_enc}	${RAWRXD_CERT_VIOLATIONS}|||${_enc}	UNRESOLVED_EXPRESSION	1	FALSE	FALSE	FALSE	0	UNRESOLVED_EXPRESSION
SPAN_SIZE	F:/~dev/rawrxd/audit/RAWRXD_IDE_AUDIT_20261002/long_span_harness/CMakeLists.txt	46	${RAWRXD_CERT_VIOLATION_COUNT} lis (s):\n\n  ${_all}	${RAWRXD_CERT_VIOLATION_COUNT} list(s):/n/n  ${_all}	UNRESOLVED_EXPRESSION	1	FALSE	FALSE	FALSE	0	UNRESOLVED_EXPRESSION
SPAN_TARGET_	F:/~dev/rawrxd/audit/RAWRXD_IDE_AUDIT_20261002/long_span_harness/CMakeLists.txt	56	add_library SPAN_TARGET_${i}	add_library SPAN_TARGET_${i}	UNRESOLVED_EXPRESSION	1	FALSE	FALSE	FALSE	1	UNRESOLVED_EXPRESSION
SPAN_TARGET_	F:/~dev/rawrxd/audit/RAWRXD_IDE_AUDIT_20261002/long_span_harness/CMakeLists.txt	57	add_cus om_ arge  SPAN_CUSTOM_${i}	add_custom_target SPAN_CUSTOM_${i}	UNRESOLVED_EXPRESSION	1	FALSE	FALSE	FALSE	1	UNRESOLVED_EXPRESSION
SPAN_TARGET_	F:/~dev/rawrxd/audit/RAWRXD_IDE_AUDIT_20261002/long_span_harness/CMakeLists.txt	58	MARK_SPAN_COMMAND_${i}=1	MARK_SPAN_COMMAND_${i}=1	UNRESOLVED_EXPRESSION	1	FALSE	FALSE	FALSE	1	UNRESOLVED_EXPRESSION
SPAN_TARGET_	F:/~dev/rawrxd/audit/RAWRXD_IDE_AUDIT_20261002/long_span_harness/CMakeLists.txt	64	MARK_SPAN_COMMAND_${i}=1	MARK_SPAN_COMMAND_${i}=1	UNRESOLVED_EXPRESSION	1	FALSE	FALSE	FALSE	1	UNRESOLVED_EXPRESSION
SPAN_TARGET_	F:/~dev/rawrxd/audit/RAWRXD_IDE_AUDIT_20261002/long_span_harness/CMakeLists.txt	71	MARK_SPAN_COMMAND_${i}=1	MARK_SPAN_COMMAND_${i}=1	UNRESOLVED_EXPRESSION	1	FALSE	FALSE	FALSE	1	UNRESOLVED_EXPRESSION
SPAN_TARGET_	F:/~dev/rawrxd/audit/RAWRXD_IDE_AUDIT_20261002/long_span_harness/CMakeLists.txt	76	unknown MODE=${MODE}	unknown MODE=${MODE}	UNRESOLVED_EXPRESSION	1	FALSE	FALSE	FALSE	1	UNRESOLVED_EXPRESSION
SemanticSearch	F:/~dev/rawrxd/cmake/Phase17_Dependencies.cmake	74	${CMAKE_BINARY_DIR}/deps/ reesi  er/src/ reesi  er/lib/include	${CMAKE_BINARY_DIR}/deps/treesitter/src/treesitter/lib/include	UNRESOLVED_EXPRESSION	1	FALSE	FALSE	FALSE	0	UNRESOLVED_EXPRESSION
SemanticSearch	F:/~dev/rawrxd/cmake/Phase17_Dependencies.cmake	75	${CMAKE_BINARY_DIR}/deps/hnsw/src/hnsw	${CMAKE_BINARY_DIR}/deps/hnsw/src/hnsw	UNRESOLVED_EXPRESSION	1	FALSE	FALSE	FALSE	0	UNRESOLVED_EXPRESSION
SovereignTest_AntiHallucination	F:/~dev/rawrxd/CMakeLists.txt	81990	${ASM_OBJECT}	${ASM_OBJECT}	UNRESOLVED_EXPRESSION	1	FALSE	FALSE	FALSE	4	UNRESOLVED_EXPRESSION
SovereignTest_AntiHallucination	F:/~dev/rawrxd/CMakeLists.txt	81998	${CMAKE_SOURCE_DIR}/src/sovereign/pa cher	${CMAKE_SOURCE_DIR}/src/sovereign/patcher	UNRESOLVED_EXPRESSION	1	FALSE	FALSE	FALSE	4	UNRESOLVED_EXPRESSION
SovereignTest_AntiHallucination	F:/~dev/rawrxd/CMakeLists.txt	82005	RUNTIME_OUTPUT_DIRECTORY ${CMAKE_BINARY_DIR}/bin	RUNTIME_OUTPUT_DIRECTORY ${CMAKE_BINARY_DIR}/bin	UNRESOLVED_EXPRESSION	1	FALSE	FALSE	FALSE	4	UNRESOLVED_EXPRESSION
SovereignTest_AntiHallucination	F:/~dev/rawrxd/CMakeLists.txt	82507	[Produc ionLane] Py hon3 in erpre er is required when RAWRXD_PRODUCTION_STRIP_STUB_SOURCES=ON (valida e_regis ry_s ric  dependency).	[ProductionLane] Python3 interpreter is required when RAWRXD_PRODUCTION_STRIP_STUB_SOURCES=ON (validate_registry_strict dependency).	LITERAL	1	FALSE	FALSE	FALSE	4	ACTIVE_MISSING
SovereignTest_AntiHallucination	F:/~dev/rawrxd/CMakeLists.txt	82511	COMMAND ${Py hon3_EXECUTABLE}	COMMAND ${Python3_EXECUTABLE}	UNRESOLVED_EXPRESSION	1	FALSE	FALSE	FALSE	4	UNRESOLVED_EXPRESSION
SovereignTest_AntiHallucination	F:/~dev/rawrxd/CMakeLists.txt	82512	${CMAKE_SOURCE_DIR}/ ools/valida e_command_regis ry.py	${CMAKE_SOURCE_DIR}/tools/validate_command_registry.py	UNRESOLVED_EXPRESSION	1	FALSE	FALSE	FALSE	4	UNRESOLVED_EXPRESSION
SovereignTest_AntiHallucination	F:/~dev/rawrxd/CMakeLists.txt	82513	WORKING_DIRECTORY ${CMAKE_SOURCE_DIR}	WORKING_DIRECTORY ${CMAKE_SOURCE_DIR}	UNRESOLVED_EXPRESSION	1	FALSE	FALSE	FALSE	4	UNRESOLVED_EXPRESSION
SovereignTest_AntiHallucination	F:/~dev/rawrxd/CMakeLists.txt	82514	Valida ing command regis ry in egri y (SSOT check)...	Validating command registry integrity (SSOT check)...	LITERAL	1	FALSE	FALSE	FALSE	4	ACTIVE_MISSING
SovereignTest_AntiHallucination	F:/~dev/rawrxd/CMakeLists.txt	82519	COMMAND ${Py hon3_EXECUTABLE}	COMMAND ${Python3_EXECUTABLE}	UNRESOLVED_EXPRESSION	1	FALSE	FALSE	FALSE	4	UNRESOLVED_EXPRESSION
SovereignTest_AntiHallucination	F:/~dev/rawrxd/CMakeLists.txt	82520	${CMAKE_SOURCE_DIR}/ ools/valida e_command_regis ry.py --s ric 	${CMAKE_SOURCE_DIR}/tools/validate_command_registry.py --strict	UNRESOLVED_EXPRESSION	1	FALSE	FALSE	FALSE	4	UNRESOLVED_EXPRESSION
SovereignTest_AntiHallucination	F:/~dev/rawrxd/CMakeLists.txt	82521	WORKING_DIRECTORY ${CMAKE_SOURCE_DIR}	WORKING_DIRECTORY ${CMAKE_SOURCE_DIR}	UNRESOLVED_EXPRESSION	1	FALSE	FALSE	FALSE	4	UNRESOLVED_EXPRESSION
SovereignTest_AntiHallucination	F:/~dev/rawrxd/CMakeLists.txt	82528	all IDM_* mus  be in COMMAND_TABLE ..."	all IDM_* must be in COMMAND_TABLE ..."	GLOB	1	FALSE	FALSE	FALSE	4	GLOB_EXPRESSION
SovereignTest_AutonomousAgent	F:/~dev/rawrxd/CMakeLists.txt	80995	${CMAKE_SOURCE_DIR}/src/sovereign/session	${CMAKE_SOURCE_DIR}/src/sovereign/session	UNRESOLVED_EXPRESSION	1	FALSE	FALSE	FALSE	4	UNRESOLVED_EXPRESSION
SovereignTest_AutonomousAgent	F:/~dev/rawrxd/CMakeLists.txt	80996	${CMAKE_SOURCE_DIR}/src/sovereign/agen 	${CMAKE_SOURCE_DIR}/src/sovereign/agent	UNRESOLVED_EXPRESSION	1	FALSE	FALSE	FALSE	4	UNRESOLVED_EXPRESSION
SovereignTest_AutonomousAgent	F:/~dev/rawrxd/CMakeLists.txt	80997	${CMAKE_SOURCE_DIR}/src/sovereign/ ool	${CMAKE_SOURCE_DIR}/src/sovereign/tool	UNRESOLVED_EXPRESSION	1	FALSE	FALSE	FALSE	4	UNRESOLVED_EXPRESSION
SovereignTest_AutonomousAgent	F:/~dev/rawrxd/CMakeLists.txt	81004	RUNTIME_OUTPUT_DIRECTORY ${CMAKE_BINARY_DIR}/bin	RUNTIME_OUTPUT_DIRECTORY ${CMAKE_BINARY_DIR}/bin	UNRESOLVED_EXPRESSION	1	FALSE	FALSE	FALSE	4	UNRESOLVED_EXPRESSION
SovereignTest_AutonomousAgent	F:/~dev/rawrxd/CMakeLists.txt	81976	se  ASM_SOURCE ${CMAKE_SOURCE_DIR}/src/sovereign/pa cher/An iHallucina ionHo Pa cher.asm	set ASM_SOURCE ${CMAKE_SOURCE_DIR}/src/sovereign/patcher/AntiHallucinationHotPatcher.asm	UNRESOLVED_EXPRESSION	1	FALSE	FALSE	FALSE	4	UNRESOLVED_EXPRESSION
SovereignTest_AutonomousAgent	F:/~dev/rawrxd/CMakeLists.txt	81977	se  ASM_OBJECT ${CMAKE_BINARY_DIR}/An iHallucina ionHo Pa cher.obj	set ASM_OBJECT ${CMAKE_BINARY_DIR}/AntiHallucinationHotPatcher.obj	UNRESOLVED_EXPRESSION	1	FALSE	FALSE	FALSE	4	UNRESOLVED_EXPRESSION
SovereignTest_AutonomousAgent	F:/~dev/rawrxd/CMakeLists.txt	81980	OUTPUT ${ASM_OBJECT}	OUTPUT ${ASM_OBJECT}	UNRESOLVED_EXPRESSION	1	FALSE	FALSE	FALSE	4	UNRESOLVED_EXPRESSION
SovereignTest_AutonomousAgent	F:/~dev/rawrxd/CMakeLists.txt	81981	COMMAND ${CMAKE_ASM_MASM_COMPILER} /c /Fo ${ASM_OBJECT} ${ASM_SOURCE}	COMMAND ${CMAKE_ASM_MASM_COMPILER} /c /Fo ${ASM_OBJECT} ${ASM_SOURCE}	UNRESOLVED_EXPRESSION	1	FALSE	FALSE	FALSE	4	UNRESOLVED_EXPRESSION
SovereignTest_AutonomousAgent	F:/~dev/rawrxd/CMakeLists.txt	81982	DEPENDS ${ASM_SOURCE}	DEPENDS ${ASM_SOURCE}	UNRESOLVED_EXPRESSION	1	FALSE	FALSE	FALSE	4	UNRESOLVED_EXPRESSION
SovereignTest_AutonomousAgent	F:/~dev/rawrxd/CMakeLists.txt	81986	add_cus om_ arge  An iHallucina ionASM DEPENDS ${ASM_OBJECT}	add_custom_target AntiHallucinationASM DEPENDS ${ASM_OBJECT}	UNRESOLVED_EXPRESSION	1	FALSE	FALSE	FALSE	4	UNRESOLVED_EXPRESSION
SovereignTest_HotPatcher	F:/~dev/rawrxd/CMakeLists.txt	80006	${CMAKE_SOURCE_DIR}/src/sovereign/pa cher	${CMAKE_SOURCE_DIR}/src/sovereign/patcher	UNRESOLVED_EXPRESSION	1	FALSE	FALSE	FALSE	4	UNRESOLVED_EXPRESSION
SovereignTest_HotPatcher	F:/~dev/rawrxd/CMakeLists.txt	80013	RUNTIME_OUTPUT_DIRECTORY ${CMAKE_BINARY_DIR}/bin	RUNTIME_OUTPUT_DIRECTORY ${CMAKE_BINARY_DIR}/bin	UNRESOLVED_EXPRESSION	1	FALSE	FALSE	FALSE	4	UNRESOLVED_EXPRESSION
SovereignTest_PatchRegistry	F:/~dev/rawrxd/CMakeLists.txt	79020	${CMAKE_SOURCE_DIR}/src/sovereign/pa cher	${CMAKE_SOURCE_DIR}/src/sovereign/patcher	UNRESOLVED_EXPRESSION	1	FALSE	FALSE	FALSE	4	UNRESOLVED_EXPRESSION
SovereignTest_PatchRegistry	F:/~dev/rawrxd/CMakeLists.txt	79027	RUNTIME_OUTPUT_DIRECTORY ${CMAKE_BINARY_DIR}/bin	RUNTIME_OUTPUT_DIRECTORY ${CMAKE_BINARY_DIR}/bin	UNRESOLVED_EXPRESSION	1	FALSE	FALSE	FALSE	4	UNRESOLVED_EXPRESSION
SovereignTest_Suite	F:/~dev/rawrxd/CMakeLists.txt	36740	RUNTIME_OUTPUT_DIRECTORY ${CMAKE_BINARY_DIR}/bin	RUNTIME_OUTPUT_DIRECTORY ${CMAKE_BINARY_DIR}/bin	UNRESOLVED_EXPRESSION	1	FALSE	FALSE	FALSE	3	UNRESOLVED_EXPRESSION
SovereignTest_VAL038_E2E	F:/~dev/rawrxd/CMakeLists.txt	37723	RUNTIME_OUTPUT_DIRECTORY ${CMAKE_BINARY_DIR}/bin	RUNTIME_OUTPUT_DIRECTORY ${CMAKE_BINARY_DIR}/bin	UNRESOLVED_EXPRESSION	1	FALSE	FALSE	FALSE	3	UNRESOLVED_EXPRESSION
SwarmSmokeTest	F:/~dev/rawrxd/CMakeLists.txt	105344	${CMAKE_SOURCE_DIR}	${CMAKE_SOURCE_DIR}	UNRESOLVED_EXPRESSION	1	FALSE	FALSE	FALSE	4	UNRESOLVED_EXPRESSION
SwarmSmokeTest	F:/~dev/rawrxd/CMakeLists.txt	105345	${CMAKE_SOURCE_DIR}/src	${CMAKE_SOURCE_DIR}/src	UNRESOLVED_EXPRESSION	1	FALSE	FALSE	FALSE	4	UNRESOLVED_EXPRESSION
SwarmSmokeTest	F:/~dev/rawrxd/CMakeLists.txt	105346	${CMAKE_SOURCE_DIR}/include	${CMAKE_SOURCE_DIR}/include	UNRESOLVED_EXPRESSION	1	FALSE	FALSE	FALSE	4	UNRESOLVED_EXPRESSION
TestMASMInference	F:/~dev/rawrxd/CMakeLists.txt	105953	RUNTIME_OUTPUT_DIRECTORY ${CMAKE_BINARY_DIR}/ es s	RUNTIME_OUTPUT_DIRECTORY ${CMAKE_BINARY_DIR}/tests	UNRESOLVED_EXPRESSION	1	FALSE	FALSE	FALSE	4	UNRESOLVED_EXPRESSION
UNKNOWN	F:/~dev/rawrxd/CMakeLists.txt	105	${CMAKE_CURRENT_SOURCE_DIR}/../${_rg_p}	${CMAKE_CURRENT_SOURCE_DIR}/../${_rg_p}	UNRESOLVED_EXPRESSION	1	FALSE	FALSE	FALSE	2	UNRESOLVED_EXPRESSION
UNKNOWN	F:/~dev/rawrxd/CMakeLists.txt	107	${CMAKE_CURRENT_SOURCE_DIR}/${_rg_p}	${CMAKE_CURRENT_SOURCE_DIR}/${_rg_p}	UNRESOLVED_EXPRESSION	1	FALSE	FALSE	FALSE	2	UNRESOLVED_EXPRESSION
UNKNOWN	F:/~dev/rawrxd/CMakeLists.txt	122	se  _rg_cn _${_rg_a} 0	set _rg_cnt_${_rg_a} 0	UNRESOLVED_EXPRESSION	1	FALSE	FALSE	FALSE	3	UNRESOLVED_EXPRESSION
UNKNOWN	F:/~dev/rawrxd/CMakeLists.txt	174	ABSENT=${_rg_absen }	ABSENT=${_rg_absent}	UNRESOLVED_EXPRESSION	1	FALSE	FALSE	FALSE	2	UNRESOLVED_EXPRESSION
UNKNOWN	F:/~dev/rawrxd/CMakeLists.txt	177	COMMENTED_SOURCE_REFS=${_rg_commen ed}	COMMENTED_SOURCE_REFS=${_rg_commented}	UNRESOLVED_EXPRESSION	1	FALSE	FALSE	FALSE	2	UNRESOLVED_EXPRESSION
UNKNOWN	F:/~dev/rawrxd/CMakeLists.txt	180	FILTERED_MISSING_SOURCE_COUNT=${_rg_ac _missing}	FILTERED_MISSING_SOURCE_COUNT=${_rg_act_missing}	UNRESOLVED_EXPRESSION	1	FALSE	FALSE	FALSE	2	UNRESOLVED_EXPRESSION
UNKNOWN	F:/~dev/rawrxd/CMakeLists.txt	217	${_RAWR_SDK_VER}	${_RAWR_SDK_VER}	UNRESOLVED_EXPRESSION	1	FALSE	FALSE	FALSE	1	UNRESOLVED_EXPRESSION
UNKNOWN	F:/~dev/rawrxd/CMakeLists.txt	218	${_RAWR_SDK_VER}	${_RAWR_SDK_VER}	UNRESOLVED_EXPRESSION	1	FALSE	FALSE	FALSE	1	UNRESOLVED_EXPRESSION
UNKNOWN	F:/~dev/rawrxd/CMakeLists.txt	264	${_SDK_UM_VER}	${_SDK_UM_VER}	UNRESOLVED_EXPRESSION	1	FALSE	FALSE	FALSE	2	UNRESOLVED_EXPRESSION
UNKNOWN	F:/~dev/rawrxd/CMakeLists.txt	287	${_MSVC_CANDIDATE_VER}	${_MSVC_CANDIDATE_VER}	UNRESOLVED_EXPRESSION	1	FALSE	FALSE	FALSE	4	UNRESOLVED_EXPRESSION
UNKNOWN	F:/~dev/rawrxd/CMakeLists.txt	307	${_WIN10_SDK_ROOT}/bin/${_SDK_UM_VER}/x64	${_WIN10_SDK_ROOT}/bin/${_SDK_UM_VER}/x64	UNRESOLVED_EXPRESSION	1	FALSE	FALSE	FALSE	2	UNRESOLVED_EXPRESSION
UNKNOWN	F:/~dev/rawrxd/CMakeLists.txt	309	${_WIN10_SDK_ROOT}/bin/${_SDK_UCRT_VER}/x64	${_WIN10_SDK_ROOT}/bin/${_SDK_UCRT_VER}/x64	UNRESOLVED_EXPRESSION	1	FALSE	FALSE	FALSE	2	UNRESOLVED_EXPRESSION
UNKNOWN	F:/~dev/rawrxd/CMakeLists.txt	313	"${_MSVC_ROOT}/include	"${_MSVC_ROOT}/include	UNRESOLVED_EXPRESSION	1	FALSE	FALSE	FALSE	1	UNRESOLVED_EXPRESSION
UNKNOWN	F:/~dev/rawrxd/CMakeLists.txt	313	${_WIN10_SDK_ROOT}/Include/${_SDK_UCRT_VER}/ucr 	${_WIN10_SDK_ROOT}/Include/${_SDK_UCRT_VER}/ucrt	UNRESOLVED_EXPRESSION	1	FALSE	FALSE	FALSE	1	UNRESOLVED_EXPRESSION
UNKNOWN	F:/~dev/rawrxd/CMakeLists.txt	313	${_WIN10_SDK_ROOT}/Include/${_SDK_UM_VER}/shared	${_WIN10_SDK_ROOT}/Include/${_SDK_UM_VER}/shared	UNRESOLVED_EXPRESSION	1	FALSE	FALSE	FALSE	1	UNRESOLVED_EXPRESSION
UNKNOWN	F:/~dev/rawrxd/CMakeLists.txt	313	${_WIN10_SDK_ROOT}/Include/${_SDK_UM_VER}/um"	${_WIN10_SDK_ROOT}/Include/${_SDK_UM_VER}/um"	UNRESOLVED_EXPRESSION	1	FALSE	FALSE	FALSE	1	UNRESOLVED_EXPRESSION
UNKNOWN	F:/~dev/rawrxd/CMakeLists.txt	315	"${_MSVC_ROOT}/lib/x64	"${_MSVC_ROOT}/lib/x64	UNRESOLVED_EXPRESSION	1	FALSE	FALSE	FALSE	1	UNRESOLVED_EXPRESSION
UNKNOWN	F:/~dev/rawrxd/CMakeLists.txt	315	${_MSVC_ROOT}/lib/onecore/x64	${_MSVC_ROOT}/lib/onecore/x64	UNRESOLVED_EXPRESSION	1	FALSE	FALSE	FALSE	1	UNRESOLVED_EXPRESSION
UNKNOWN	F:/~dev/rawrxd/CMakeLists.txt	315	${_WIN10_SDK_ROOT}/Lib/${_SDK_UCRT_VER}/ucr /x64	${_WIN10_SDK_ROOT}/Lib/${_SDK_UCRT_VER}/ucrt/x64	UNRESOLVED_EXPRESSION	1	FALSE	FALSE	FALSE	1	UNRESOLVED_EXPRESSION
UNKNOWN	F:/~dev/rawrxd/CMakeLists.txt	315	${_WIN10_SDK_ROOT}/Lib/${_SDK_UM_VER}/um/x64"	${_WIN10_SDK_ROOT}/Lib/${_SDK_UM_VER}/um/x64"	UNRESOLVED_EXPRESSION	1	FALSE	FALSE	FALSE	1	UNRESOLVED_EXPRESSION
UNKNOWN	F:/~dev/rawrxd/CMakeLists.txt	316	${_MSVC_ROOT}/bin/Hos x64/x64"	${_MSVC_ROOT}/bin/Hostx64/x64"	UNRESOLVED_EXPRESSION	1	FALSE	FALSE	FALSE	1	UNRESOLVED_EXPRESSION
UNKNOWN	F:/~dev/rawrxd/CMakeLists.txt	316	${_SDK_BIN}	${_SDK_BIN}	UNRESOLVED_EXPRESSION	1	FALSE	FALSE	FALSE	1	UNRESOLVED_EXPRESSION
UNKNOWN	F:/~dev/rawrxd/CMakeLists.txt	319	${_SDK_BIN}/m .exe	${_SDK_BIN}/mt.exe	UNRESOLVED_EXPRESSION	1	FALSE	FALSE	FALSE	1	UNRESOLVED_EXPRESSION
UNKNOWN	F:/~dev/rawrxd/CMakeLists.txt	320	${_SDK_BIN}/rc.exe	${_SDK_BIN}/rc.exe	UNRESOLVED_EXPRESSION	1	FALSE	FALSE	FALSE	1	UNRESOLVED_EXPRESSION
UNKNOWN	F:/~dev/rawrxd/CMakeLists.txt	321	${_MSVC_ROOT}/bin/Hos x64/x64/cl.exe	${_MSVC_ROOT}/bin/Hostx64/x64/cl.exe	UNRESOLVED_EXPRESSION	1	FALSE	FALSE	FALSE	1	UNRESOLVED_EXPRESSION
UNKNOWN	F:/~dev/rawrxd/CMakeLists.txt	322	${_MSVC_ROOT}/bin/Hos x64/x64/cl.exe	${_MSVC_ROOT}/bin/Hostx64/x64/cl.exe	UNRESOLVED_EXPRESSION	1	FALSE	FALSE	FALSE	1	UNRESOLVED_EXPRESSION
UNKNOWN	F:/~dev/rawrxd/CMakeLists.txt	323	${_MSVC_ROOT}/bin/Hos x64/x64/link.exe	${_MSVC_ROOT}/bin/Hostx64/x64/link.exe	UNRESOLVED_EXPRESSION	1	FALSE	FALSE	FALSE	1	UNRESOLVED_EXPRESSION
UNKNOWN	F:/~dev/rawrxd/CMakeLists.txt	324	${_MSVC_ROOT}/bin/Hos x64/x64/ml64.exe	${_MSVC_ROOT}/bin/Hostx64/x64/ml64.exe	UNRESOLVED_EXPRESSION	1	FALSE	FALSE	FALSE	1	UNRESOLVED_EXPRESSION
UNKNOWN	F:/~dev/rawrxd/CMakeLists.txt	328	${_MSVC_ROOT}/bin/Hos x64/x64/nmake.exe	${_MSVC_ROOT}/bin/Hostx64/x64/nmake.exe	UNRESOLVED_EXPRESSION	1	FALSE	FALSE	FALSE	2	UNRESOLVED_EXPRESSION
UNKNOWN	F:/~dev/rawrxd/CMakeLists.txt	340	${_MSVC_ROOT}/lib/x64	${_MSVC_ROOT}/lib/x64	UNRESOLVED_EXPRESSION	1	FALSE	FALSE	FALSE	2	UNRESOLVED_EXPRESSION
UNKNOWN	F:/~dev/rawrxd/CMakeLists.txt	343	${_MSVC_ROOT}/lib/onecore/x64	${_MSVC_ROOT}/lib/onecore/x64	UNRESOLVED_EXPRESSION	1	FALSE	FALSE	FALSE	2	UNRESOLVED_EXPRESSION
UNKNOWN	F:/~dev/rawrxd/CMakeLists.txt	346	${_WIN10_SDK_ROOT}/Lib/${_SDK_UCRT_VER}/ucr /x64	${_WIN10_SDK_ROOT}/Lib/${_SDK_UCRT_VER}/ucrt/x64	UNRESOLVED_EXPRESSION	1	FALSE	FALSE	FALSE	2	UNRESOLVED_EXPRESSION
UNKNOWN	F:/~dev/rawrxd/CMakeLists.txt	349	${_WIN10_SDK_ROOT}/Lib/${_SDK_UM_VER}/um/x64	${_WIN10_SDK_ROOT}/Lib/${_SDK_UM_VER}/um/x64	UNRESOLVED_EXPRESSION	1	FALSE	FALSE	FALSE	2	UNRESOLVED_EXPRESSION
UNKNOWN	F:/~dev/rawrxd/CMakeLists.txt	390	${_VK_SDK_DIR}	${_VK_SDK_DIR}	UNRESOLVED_EXPRESSION	1	FALSE	FALSE	FALSE	2	UNRESOLVED_EXPRESSION
UNKNOWN	F:/~dev/rawrxd/CMakeLists.txt	391	${_VK_SDK_DIR}/Include	${_VK_SDK_DIR}/Include	UNRESOLVED_EXPRESSION	1	FALSE	FALSE	FALSE	2	UNRESOLVED_EXPRESSION
UNKNOWN	F:/~dev/rawrxd/CMakeLists.txt	392	${_VK_SDK_DIR}/Lib/vulkan-1.lib	${_VK_SDK_DIR}/Lib/vulkan-1.lib	UNRESOLVED_EXPRESSION	1	FALSE	FALSE	FALSE	2	UNRESOLVED_EXPRESSION
UNKNOWN	F:/~dev/rawrxd/CMakeLists.txt	476	${CMAKE_CURRENT_SOURCE_DIR}/cmake/known_emp y_sources. x 	${CMAKE_CURRENT_SOURCE_DIR}/cmake/known_empty_sources.txt	UNRESOLVED_EXPRESSION	1	FALSE	FALSE	FALSE	1	UNRESOLVED_EXPRESSION
UNKNOWN	F:/~dev/rawrxd/CMakeLists.txt	482	${_line}	${_line}	UNRESOLVED_EXPRESSION	1	FALSE	FALSE	FALSE	3	UNRESOLVED_EXPRESSION
UNKNOWN	F:/~dev/rawrxd/CMakeLists.txt	534	${_src}	${_src}	UNRESOLVED_EXPRESSION	1	FALSE	FALSE	FALSE	1	UNRESOLVED_EXPRESSION
UNKNOWN	F:/~dev/rawrxd/CMakeLists.txt	536	${CMAKE_CURRENT_SOURCE_DIR}/${_src}	${CMAKE_CURRENT_SOURCE_DIR}/${_src}	UNRESOLVED_EXPRESSION	1	FALSE	FALSE	FALSE	1	UNRESOLVED_EXPRESSION
UNKNOWN	F:/~dev/rawrxd/CMakeLists.txt	607	${_s ub_head} ${_block_ ail}	${_stub_head} ${_block_tail}	UNRESOLVED_EXPRESSION	1	FALSE	FALSE	FALSE	1	UNRESOLVED_EXPRESSION
UNKNOWN	F:/~dev/rawrxd/CMakeLists.txt	61	${CMAKE_CURRENT_SOURCE_DIR}/CMakeLis s. x 	${CMAKE_CURRENT_SOURCE_DIR}/CMakeLists.txt	UNRESOLVED_EXPRESSION	1	FALSE	FALSE	FALSE	1	UNRESOLVED_EXPRESSION
UNKNOWN	F:/~dev/rawrxd/CMakeLists.txt	625	${_src}	${_src}	UNRESOLVED_EXPRESSION	1	FALSE	FALSE	FALSE	2	UNRESOLVED_EXPRESSION
UNKNOWN	F:/~dev/rawrxd/CMakeLists.txt	627	${_src}	${_src}	UNRESOLVED_EXPRESSION	1	FALSE	FALSE	FALSE	2	UNRESOLVED_EXPRESSION
UNKNOWN	F:/~dev/rawrxd/CMakeLists.txt	629	${_src}	${_src}	UNRESOLVED_EXPRESSION	1	FALSE	FALSE	FALSE	2	UNRESOLVED_EXPRESSION
UNKNOWN	F:/~dev/rawrxd/CMakeLists.txt	63	${CMAKE_CURRENT_SOURCE_DIR}/../CMakeLis s. x 	${CMAKE_CURRENT_SOURCE_DIR}/../CMakeLists.txt	UNRESOLVED_EXPRESSION	1	FALSE	FALSE	FALSE	2	UNRESOLVED_EXPRESSION
UNKNOWN	F:/~dev/rawrxd/CMakeLists.txt	631	${_src}( rivial main)	${_src}(trivial main)	UNRESOLVED_EXPRESSION	1	FALSE	FALSE	FALSE	2	UNRESOLVED_EXPRESSION
UNKNOWN	F:/~dev/rawrxd/CMakeLists.txt	633	${_src}	${_src}	UNRESOLVED_EXPRESSION	1	FALSE	FALSE	FALSE	2	UNRESOLVED_EXPRESSION
UNKNOWN	F:/~dev/rawrxd/CMakeLists.txt	635	${_src}	${_src}	UNRESOLVED_EXPRESSION	1	FALSE	FALSE	FALSE	2	UNRESOLVED_EXPRESSION
UNKNOWN	F:/~dev/rawrxd/CMakeLists.txt	637	${_src}	${_src}	UNRESOLVED_EXPRESSION	1	FALSE	FALSE	FALSE	2	UNRESOLVED_EXPRESSION
UNKNOWN	F:/~dev/rawrxd/CMakeLists.txt	641	${_src}	${_src}	UNRESOLVED_EXPRESSION	1	FALSE	FALSE	FALSE	1	UNRESOLVED_EXPRESSION
UNKNOWN	F:/~dev/rawrxd/CMakeLists.txt	672	${CMAKE_CURRENT_SOURCE_DIR}/cmake/known_emp y_sources. x 	${CMAKE_CURRENT_SOURCE_DIR}/cmake/known_empty_sources.txt	UNRESOLVED_EXPRESSION	1	FALSE	FALSE	FALSE	1	UNRESOLVED_EXPRESSION
UNKNOWN	F:/~dev/rawrxd/CMakeLists.txt	676	${_eb_pa h}	${_eb_path}	UNRESOLVED_EXPRESSION	1	FALSE	FALSE	FALSE	1	UNRESOLVED_EXPRESSION
UNKNOWN	F:/~dev/rawrxd/CMakeLists.txt	678	${_eb_pa h}	${_eb_path}	UNRESOLVED_EXPRESSION	1	FALSE	FALSE	FALSE	2	UNRESOLVED_EXPRESSION
UNKNOWN	F:/~dev/rawrxd/CMakeLists.txt	757	lis  APPEND RAWRXD_CERT_DROPPED_NAMES ${_dropped_names}	list APPEND RAWRXD_CERT_DROPPED_NAMES ${_dropped_names}	UNRESOLVED_EXPRESSION	1	FALSE	FALSE	FALSE	1	UNRESOLVED_EXPRESSION
UNKNOWN	F:/~dev/rawrxd/CMakeLists.txt	760	lis  APPEND RAWRXD_CERT_EMPTY_NAMES ${_emp ybodied_names}	list APPEND RAWRXD_CERT_EMPTY_NAMES ${_emptybodied_names}	UNRESOLVED_EXPRESSION	1	FALSE	FALSE	FALSE	1	UNRESOLVED_EXPRESSION
UNKNOWN	F:/~dev/rawrxd/CMakeLists.txt	763	${RAWRXD_DROPPED_SOURCE_COUNT}	${RAWRXD_DROPPED_SOURCE_COUNT}	UNRESOLVED_EXPRESSION	1	FALSE	FALSE	FALSE	0	UNRESOLVED_EXPRESSION
UNKNOWN	F:/~dev/rawrxd/CMakeLists.txt	764	${_kep }	${_kept}	UNRESOLVED_EXPRESSION	1	FALSE	FALSE	FALSE	0	UNRESOLVED_EXPRESSION
UNKNOWN	F:/~dev/rawrxd/CMakeLists.txt	764	se  ${lis _var}   PARENT_SCOPE	set ${list_var}   PARENT_SCOPE	UNRESOLVED_EXPRESSION	1	FALSE	FALSE	FALSE	0	UNRESOLVED_EXPRESSION
UNKNOWN	F:/~dev/rawrxd/CMakeLists.txt	92	${_rg_p}	${_rg_p}	UNRESOLVED_EXPRESSION	1	FALSE	FALSE	FALSE	1	UNRESOLVED_EXPRESSION
UNKNOWN	F:/~dev/rawrxd/CMakeLists.txt	94	${CMAKE_MATCH_1}	${CMAKE_MATCH_1}	UNRESOLVED_EXPRESSION	1	FALSE	FALSE	FALSE	2	UNRESOLVED_EXPRESSION
UNKNOWN	F:/~dev/rawrxd/CMakeLists.txt	96	${CMAKE_MATCH_1}	${CMAKE_MATCH_1}	UNRESOLVED_EXPRESSION	1	FALSE	FALSE	FALSE	2	UNRESOLVED_EXPRESSION
UNKNOWN	F:/~dev/rawrxd/audit/RAWRXD_IDE_AUDIT_20261002/defer_harness/CMakeLists.txt	34	se  RAWRXD_CERT_VIOLATION_COUNT ${_vc} CACHE INTERNAL   FORCE	set RAWRXD_CERT_VIOLATION_COUNT ${_vc} CACHE INTERNAL   FORCE	UNRESOLVED_EXPRESSION	1	FALSE	FALSE	FALSE	0	UNRESOLVED_EXPRESSION
UNKNOWN	F:/~dev/rawrxd/audit/RAWRXD_IDE_AUDIT_20261002/defer_harness/CMakeLists.txt	36	${RAWRXD_CERT_VIOLATIONS}|||${_enc}	${RAWRXD_CERT_VIOLATIONS}|||${_enc}	UNRESOLVED_EXPRESSION	1	FALSE	FALSE	FALSE	0	UNRESOLVED_EXPRESSION
UNKNOWN	F:/~dev/rawrxd/audit/RAWRXD_IDE_AUDIT_20261002/defer_harness/CMakeLists.txt	57	${RAWRXD_CERT_VIOLATION_COUNT} lis (s). Every offending lis  is lis ed 	${RAWRXD_CERT_VIOLATION_COUNT} list(s). Every offending list is listed 	UNRESOLVED_EXPRESSION	1	FALSE	FALSE	FALSE	0	UNRESOLVED_EXPRESSION
UNKNOWN	F:/~dev/rawrxd/build/cmake_install.cmake	24	${COMPONENT}	${COMPONENT}	UNRESOLVED_EXPRESSION	1	FALSE	FALSE	FALSE	2	UNRESOLVED_EXPRESSION
UNKNOWN	F:/~dev/rawrxd/build/cmake_install.cmake	68	ins all_manifes _${CMAKE_INSTALL_COMPONENT}. x 	install_manifest_${CMAKE_INSTALL_COMPONENT}.txt	UNRESOLVED_EXPRESSION	1	FALSE	FALSE	FALSE	2	UNRESOLVED_EXPRESSION
UNKNOWN	F:/~dev/rawrxd/build/cmake_install.cmake	71	ins all_manifes _${CMAKE_INST_COMP_HASH}. x 	install_manifest_${CMAKE_INST_COMP_HASH}.txt	UNRESOLVED_EXPRESSION	1	FALSE	FALSE	FALSE	2	UNRESOLVED_EXPRESSION
UNKNOWN	F:/~dev/rawrxd/build/rguf_source/cmake_install.cmake	24	${COMPONENT}	${COMPONENT}	UNRESOLVED_EXPRESSION	1	FALSE	FALSE	FALSE	2	UNRESOLVED_EXPRESSION
UNKNOWN	F:/~dev/rawrxd/build/src/ceo/cmake_install.cmake	24	${COMPONENT}	${COMPONENT}	UNRESOLVED_EXPRESSION	1	FALSE	FALSE	FALSE	2	UNRESOLVED_EXPRESSION
UNKNOWN	F:/~dev/rawrxd/build/src/generation/cmake_install.cmake	24	${COMPONENT}	${COMPONENT}	UNRESOLVED_EXPRESSION	1	FALSE	FALSE	FALSE	2	UNRESOLVED_EXPRESSION
UNKNOWN	F:/~dev/rawrxd/build/src/repository/cmake_install.cmake	24	${COMPONENT}	${COMPONENT}	UNRESOLVED_EXPRESSION	1	FALSE	FALSE	FALSE	2	UNRESOLVED_EXPRESSION
UNKNOWN	F:/~dev/rawrxd/build/src/reverse_engineering/cmake_install.cmake	24	${COMPONENT}	${COMPONENT}	UNRESOLVED_EXPRESSION	1	FALSE	FALSE	FALSE	2	UNRESOLVED_EXPRESSION
UNKNOWN	F:/~dev/rawrxd/build_bench/out/cmake_install.cmake	24	${COMPONENT}	${COMPONENT}	UNRESOLVED_EXPRESSION	1	FALSE	FALSE	FALSE	2	UNRESOLVED_EXPRESSION
UNKNOWN	F:/~dev/rawrxd/build_bench/out/cmake_install.cmake	43	ins all_manifes _${CMAKE_INSTALL_COMPONENT}. x 	install_manifest_${CMAKE_INSTALL_COMPONENT}.txt	UNRESOLVED_EXPRESSION	1	FALSE	FALSE	FALSE	2	UNRESOLVED_EXPRESSION
UNKNOWN	F:/~dev/rawrxd/build_bench/out/cmake_install.cmake	46	ins all_manifes _${CMAKE_INST_COMP_HASH}. x 	install_manifest_${CMAKE_INST_COMP_HASH}.txt	UNRESOLVED_EXPRESSION	1	FALSE	FALSE	FALSE	2	UNRESOLVED_EXPRESSION
UNKNOWN	F:/~dev/rawrxd/build_clean_n1/cmake_install.cmake	24	${COMPONENT}	${COMPONENT}	UNRESOLVED_EXPRESSION	1	FALSE	FALSE	FALSE	2	UNRESOLVED_EXPRESSION
UNKNOWN	F:/~dev/rawrxd/build_clean_n1/cmake_install.cmake	68	ins all_manifes _${CMAKE_INSTALL_COMPONENT}. x 	install_manifest_${CMAKE_INSTALL_COMPONENT}.txt	UNRESOLVED_EXPRESSION	1	FALSE	FALSE	FALSE	2	UNRESOLVED_EXPRESSION
UNKNOWN	F:/~dev/rawrxd/build_clean_n1/cmake_install.cmake	71	ins all_manifes _${CMAKE_INST_COMP_HASH}. x 	install_manifest_${CMAKE_INST_COMP_HASH}.txt	UNRESOLVED_EXPRESSION	1	FALSE	FALSE	FALSE	2	UNRESOLVED_EXPRESSION
UNKNOWN	F:/~dev/rawrxd/build_clean_n1/rguf_source/cmake_install.cmake	24	${COMPONENT}	${COMPONENT}	UNRESOLVED_EXPRESSION	1	FALSE	FALSE	FALSE	2	UNRESOLVED_EXPRESSION
UNKNOWN	F:/~dev/rawrxd/build_clean_n1/src/ceo/cmake_install.cmake	24	${COMPONENT}	${COMPONENT}	UNRESOLVED_EXPRESSION	1	FALSE	FALSE	FALSE	2	UNRESOLVED_EXPRESSION
UNKNOWN	F:/~dev/rawrxd/build_clean_n1/src/generation/cmake_install.cmake	24	${COMPONENT}	${COMPONENT}	UNRESOLVED_EXPRESSION	1	FALSE	FALSE	FALSE	2	UNRESOLVED_EXPRESSION
UNKNOWN	F:/~dev/rawrxd/build_clean_n1/src/repository/cmake_install.cmake	24	${COMPONENT}	${COMPONENT}	UNRESOLVED_EXPRESSION	1	FALSE	FALSE	FALSE	2	UNRESOLVED_EXPRESSION
UNKNOWN	F:/~dev/rawrxd/build_clean_n1/src/reverse_engineering/cmake_install.cmake	24	${COMPONENT}	${COMPONENT}	UNRESOLVED_EXPRESSION	1	FALSE	FALSE	FALSE	2	UNRESOLVED_EXPRESSION
UNKNOWN	F:/~dev/rawrxd/build_clean_test/_deps/nlohmann_json-build/nlohmann_jsonConfig.cmake	2	se  ${CMAKE_FIND_PACKAGE_NAME}_CONFIG ${CMAKE_CURRENT_LIST_FILE}	set ${CMAKE_FIND_PACKAGE_NAME}_CONFIG ${CMAKE_CURRENT_LIST_FILE}	UNRESOLVED_EXPRESSION	1	FALSE	FALSE	FALSE	0	UNRESOLVED_EXPRESSION
UNKNOWN	F:/~dev/rawrxd/build_clean_test/_deps/nlohmann_json-subbuild/cmake_install.cmake	24	${COMPONENT}	${COMPONENT}	UNRESOLVED_EXPRESSION	1	FALSE	FALSE	FALSE	2	UNRESOLVED_EXPRESSION
UNKNOWN	F:/~dev/rawrxd/build_clean_test/_deps/nlohmann_json-subbuild/cmake_install.cmake	43	ins all_manifes _${CMAKE_INSTALL_COMPONENT}. x 	install_manifest_${CMAKE_INSTALL_COMPONENT}.txt	UNRESOLVED_EXPRESSION	1	FALSE	FALSE	FALSE	2	UNRESOLVED_EXPRESSION
UNKNOWN	F:/~dev/rawrxd/build_clean_test/_deps/nlohmann_json-subbuild/cmake_install.cmake	46	ins all_manifes _${CMAKE_INST_COMP_HASH}. x 	install_manifest_${CMAKE_INST_COMP_HASH}.txt	UNRESOLVED_EXPRESSION	1	FALSE	FALSE	FALSE	2	UNRESOLVED_EXPRESSION
UNKNOWN	F:/~dev/rawrxd/build_clean_test/_deps/nlohmann_json-subbuild/nlohmann_json-populate-prefix/src/nlohmann_json-populate-stamp/download-nlohmann_json-populate.cmake	17	${has_hash}	${has_hash}	UNRESOLVED_EXPRESSION	1	FALSE	FALSE	FALSE	1	UNRESOLVED_EXPRESSION
UNKNOWN	F:/~dev/rawrxd/build_clean_test/_deps/nlohmann_json-subbuild/nlohmann_json-populate-prefix/src/nlohmann_json-populate-stamp/download-nlohmann_json-populate.cmake	18	${hash_is_good}	${hash_is_good}	UNRESOLVED_EXPRESSION	1	FALSE	FALSE	FALSE	1	UNRESOLVED_EXPRESSION
UNKNOWN	F:/~dev/rawrxd/build_clean_test/_deps/nlohmann_json-subbuild/nlohmann_json-populate-prefix/src/nlohmann_json-populate-stamp/download-nlohmann_json-populate.cmake	22	${has_hash}	${has_hash}	UNRESOLVED_EXPRESSION	1	FALSE	FALSE	FALSE	0	UNRESOLVED_EXPRESSION
UNKNOWN	F:/~dev/rawrxd/build_clean_test/_deps/nlohmann_json-subbuild/nlohmann_json-populate-prefix/src/nlohmann_json-populate-stamp/download-nlohmann_json-populate.cmake	30	${hash_is_good}	${hash_is_good}	UNRESOLVED_EXPRESSION	1	FALSE	FALSE	FALSE	1	UNRESOLVED_EXPRESSION
UNKNOWN	F:/~dev/rawrxd/build_clean_test/_deps/nlohmann_json-subbuild/nlohmann_json-populate-prefix/src/nlohmann_json-populate-stamp/download-nlohmann_json-populate.cmake	37	${hash_is_good}	${hash_is_good}	UNRESOLVED_EXPRESSION	1	FALSE	FALSE	FALSE	1	UNRESOLVED_EXPRESSION
UNKNOWN	F:/~dev/rawrxd/build_clean_test3/_deps/nlohmann_json-build/nlohmann_jsonConfig.cmake	2	se  ${CMAKE_FIND_PACKAGE_NAME}_CONFIG ${CMAKE_CURRENT_LIST_FILE}	set ${CMAKE_FIND_PACKAGE_NAME}_CONFIG ${CMAKE_CURRENT_LIST_FILE}	UNRESOLVED_EXPRESSION	1	FALSE	FALSE	FALSE	0	UNRESOLVED_EXPRESSION
UNKNOWN	F:/~dev/rawrxd/build_clean_test3/_deps/nlohmann_json-subbuild/cmake_install.cmake	24	${COMPONENT}	${COMPONENT}	UNRESOLVED_EXPRESSION	1	FALSE	FALSE	FALSE	2	UNRESOLVED_EXPRESSION
UNKNOWN	F:/~dev/rawrxd/build_clean_test3/_deps/nlohmann_json-subbuild/cmake_install.cmake	43	ins all_manifes _${CMAKE_INSTALL_COMPONENT}. x 	install_manifest_${CMAKE_INSTALL_COMPONENT}.txt	UNRESOLVED_EXPRESSION	1	FALSE	FALSE	FALSE	2	UNRESOLVED_EXPRESSION
UNKNOWN	F:/~dev/rawrxd/build_clean_test3/_deps/nlohmann_json-subbuild/cmake_install.cmake	46	ins all_manifes _${CMAKE_INST_COMP_HASH}. x 	install_manifest_${CMAKE_INST_COMP_HASH}.txt	UNRESOLVED_EXPRESSION	1	FALSE	FALSE	FALSE	2	UNRESOLVED_EXPRESSION
UNKNOWN	F:/~dev/rawrxd/build_clean_test3/_deps/nlohmann_json-subbuild/nlohmann_json-populate-prefix/src/nlohmann_json-populate-stamp/download-nlohmann_json-populate.cmake	17	${has_hash}	${has_hash}	UNRESOLVED_EXPRESSION	1	FALSE	FALSE	FALSE	1	UNRESOLVED_EXPRESSION
UNKNOWN	F:/~dev/rawrxd/build_clean_test3/_deps/nlohmann_json-subbuild/nlohmann_json-populate-prefix/src/nlohmann_json-populate-stamp/download-nlohmann_json-populate.cmake	18	${hash_is_good}	${hash_is_good}	UNRESOLVED_EXPRESSION	1	FALSE	FALSE	FALSE	1	UNRESOLVED_EXPRESSION
UNKNOWN	F:/~dev/rawrxd/build_clean_test3/_deps/nlohmann_json-subbuild/nlohmann_json-populate-prefix/src/nlohmann_json-populate-stamp/download-nlohmann_json-populate.cmake	22	${has_hash}	${has_hash}	UNRESOLVED_EXPRESSION	1	FALSE	FALSE	FALSE	0	UNRESOLVED_EXPRESSION
UNKNOWN	F:/~dev/rawrxd/build_clean_test3/_deps/nlohmann_json-subbuild/nlohmann_json-populate-prefix/src/nlohmann_json-populate-stamp/download-nlohmann_json-populate.cmake	30	${hash_is_good}	${hash_is_good}	UNRESOLVED_EXPRESSION	1	FALSE	FALSE	FALSE	1	UNRESOLVED_EXPRESSION
UNKNOWN	F:/~dev/rawrxd/build_clean_test3/_deps/nlohmann_json-subbuild/nlohmann_json-populate-prefix/src/nlohmann_json-populate-stamp/download-nlohmann_json-populate.cmake	37	${hash_is_good}	${hash_is_good}	UNRESOLVED_EXPRESSION	1	FALSE	FALSE	FALSE	1	UNRESOLVED_EXPRESSION
UNKNOWN	F:/~dev/rawrxd/build_clean_test5/_deps/nlohmann_json-build/nlohmann_jsonConfig.cmake	2	se  ${CMAKE_FIND_PACKAGE_NAME}_CONFIG ${CMAKE_CURRENT_LIST_FILE}	set ${CMAKE_FIND_PACKAGE_NAME}_CONFIG ${CMAKE_CURRENT_LIST_FILE}	UNRESOLVED_EXPRESSION	1	FALSE	FALSE	FALSE	0	UNRESOLVED_EXPRESSION
UNKNOWN	F:/~dev/rawrxd/build_clean_test5/_deps/nlohmann_json-subbuild/cmake_install.cmake	24	${COMPONENT}	${COMPONENT}	UNRESOLVED_EXPRESSION	1	FALSE	FALSE	FALSE	2	UNRESOLVED_EXPRESSION
UNKNOWN	F:/~dev/rawrxd/build_clean_test5/_deps/nlohmann_json-subbuild/cmake_install.cmake	43	ins all_manifes _${CMAKE_INSTALL_COMPONENT}. x 	install_manifest_${CMAKE_INSTALL_COMPONENT}.txt	UNRESOLVED_EXPRESSION	1	FALSE	FALSE	FALSE	2	UNRESOLVED_EXPRESSION
UNKNOWN	F:/~dev/rawrxd/build_clean_test5/_deps/nlohmann_json-subbuild/cmake_install.cmake	46	ins all_manifes _${CMAKE_INST_COMP_HASH}. x 	install_manifest_${CMAKE_INST_COMP_HASH}.txt	UNRESOLVED_EXPRESSION	1	FALSE	FALSE	FALSE	2	UNRESOLVED_EXPRESSION
UNKNOWN	F:/~dev/rawrxd/build_clean_test5/_deps/nlohmann_json-subbuild/nlohmann_json-populate-prefix/src/nlohmann_json-populate-stamp/download-nlohmann_json-populate.cmake	17	${has_hash}	${has_hash}	UNRESOLVED_EXPRESSION	1	FALSE	FALSE	FALSE	1	UNRESOLVED_EXPRESSION
UNKNOWN	F:/~dev/rawrxd/build_clean_test5/_deps/nlohmann_json-subbuild/nlohmann_json-populate-prefix/src/nlohmann_json-populate-stamp/download-nlohmann_json-populate.cmake	18	${hash_is_good}	${hash_is_good}	UNRESOLVED_EXPRESSION	1	FALSE	FALSE	FALSE	1	UNRESOLVED_EXPRESSION
UNKNOWN	F:/~dev/rawrxd/build_clean_test5/_deps/nlohmann_json-subbuild/nlohmann_json-populate-prefix/src/nlohmann_json-populate-stamp/download-nlohmann_json-populate.cmake	22	${has_hash}	${has_hash}	UNRESOLVED_EXPRESSION	1	FALSE	FALSE	FALSE	0	UNRESOLVED_EXPRESSION
UNKNOWN	F:/~dev/rawrxd/build_clean_test5/_deps/nlohmann_json-subbuild/nlohmann_json-populate-prefix/src/nlohmann_json-populate-stamp/download-nlohmann_json-populate.cmake	30	${hash_is_good}	${hash_is_good}	UNRESOLVED_EXPRESSION	1	FALSE	FALSE	FALSE	1	UNRESOLVED_EXPRESSION
UNKNOWN	F:/~dev/rawrxd/build_clean_test5/_deps/nlohmann_json-subbuild/nlohmann_json-populate-prefix/src/nlohmann_json-populate-stamp/download-nlohmann_json-populate.cmake	37	${hash_is_good}	${hash_is_good}	UNRESOLVED_EXPRESSION	1	FALSE	FALSE	FALSE	1	UNRESOLVED_EXPRESSION
UNKNOWN	F:/~dev/rawrxd/build_clean_test6/_deps/nlohmann_json-build/nlohmann_jsonConfig.cmake	2	se  ${CMAKE_FIND_PACKAGE_NAME}_CONFIG ${CMAKE_CURRENT_LIST_FILE}	set ${CMAKE_FIND_PACKAGE_NAME}_CONFIG ${CMAKE_CURRENT_LIST_FILE}	UNRESOLVED_EXPRESSION	1	FALSE	FALSE	FALSE	0	UNRESOLVED_EXPRESSION
UNKNOWN	F:/~dev/rawrxd/build_clean_test6/_deps/nlohmann_json-subbuild/cmake_install.cmake	24	${COMPONENT}	${COMPONENT}	UNRESOLVED_EXPRESSION	1	FALSE	FALSE	FALSE	2	UNRESOLVED_EXPRESSION
UNKNOWN	F:/~dev/rawrxd/build_clean_test6/_deps/nlohmann_json-subbuild/cmake_install.cmake	43	ins all_manifes _${CMAKE_INSTALL_COMPONENT}. x 	install_manifest_${CMAKE_INSTALL_COMPONENT}.txt	UNRESOLVED_EXPRESSION	1	FALSE	FALSE	FALSE	2	UNRESOLVED_EXPRESSION
UNKNOWN	F:/~dev/rawrxd/build_clean_test6/_deps/nlohmann_json-subbuild/cmake_install.cmake	46	ins all_manifes _${CMAKE_INST_COMP_HASH}. x 	install_manifest_${CMAKE_INST_COMP_HASH}.txt	UNRESOLVED_EXPRESSION	1	FALSE	FALSE	FALSE	2	UNRESOLVED_EXPRESSION
UNKNOWN	F:/~dev/rawrxd/build_clean_test6/_deps/nlohmann_json-subbuild/nlohmann_json-populate-prefix/src/nlohmann_json-populate-stamp/download-nlohmann_json-populate.cmake	17	${has_hash}	${has_hash}	UNRESOLVED_EXPRESSION	1	FALSE	FALSE	FALSE	1	UNRESOLVED_EXPRESSION
UNKNOWN	F:/~dev/rawrxd/build_clean_test6/_deps/nlohmann_json-subbuild/nlohmann_json-populate-prefix/src/nlohmann_json-populate-stamp/download-nlohmann_json-populate.cmake	18	${hash_is_good}	${hash_is_good}	UNRESOLVED_EXPRESSION	1	FALSE	FALSE	FALSE	1	UNRESOLVED_EXPRESSION
UNKNOWN	F:/~dev/rawrxd/build_clean_test6/_deps/nlohmann_json-subbuild/nlohmann_json-populate-prefix/src/nlohmann_json-populate-stamp/download-nlohmann_json-populate.cmake	22	${has_hash}	${has_hash}	UNRESOLVED_EXPRESSION	1	FALSE	FALSE	FALSE	0	UNRESOLVED_EXPRESSION
UNKNOWN	F:/~dev/rawrxd/build_clean_test6/_deps/nlohmann_json-subbuild/nlohmann_json-populate-prefix/src/nlohmann_json-populate-stamp/download-nlohmann_json-populate.cmake	30	${hash_is_good}	${hash_is_good}	UNRESOLVED_EXPRESSION	1	FALSE	FALSE	FALSE	1	UNRESOLVED_EXPRESSION
UNKNOWN	F:/~dev/rawrxd/build_clean_test6/_deps/nlohmann_json-subbuild/nlohmann_json-populate-prefix/src/nlohmann_json-populate-stamp/download-nlohmann_json-populate.cmake	37	${hash_is_good}	${hash_is_good}	UNRESOLVED_EXPRESSION	1	FALSE	FALSE	FALSE	1	UNRESOLVED_EXPRESSION
UNKNOWN	F:/~dev/rawrxd/build_clean_test7/_deps/nlohmann_json-build/nlohmann_jsonConfig.cmake	2	se  ${CMAKE_FIND_PACKAGE_NAME}_CONFIG ${CMAKE_CURRENT_LIST_FILE}	set ${CMAKE_FIND_PACKAGE_NAME}_CONFIG ${CMAKE_CURRENT_LIST_FILE}	UNRESOLVED_EXPRESSION	1	FALSE	FALSE	FALSE	0	UNRESOLVED_EXPRESSION
UNKNOWN	F:/~dev/rawrxd/build_clean_test7/_deps/nlohmann_json-subbuild/cmake_install.cmake	24	${COMPONENT}	${COMPONENT}	UNRESOLVED_EXPRESSION	1	FALSE	FALSE	FALSE	2	UNRESOLVED_EXPRESSION
UNKNOWN	F:/~dev/rawrxd/build_clean_test7/_deps/nlohmann_json-subbuild/cmake_install.cmake	43	ins all_manifes _${CMAKE_INSTALL_COMPONENT}. x 	install_manifest_${CMAKE_INSTALL_COMPONENT}.txt	UNRESOLVED_EXPRESSION	1	FALSE	FALSE	FALSE	2	UNRESOLVED_EXPRESSION
UNKNOWN	F:/~dev/rawrxd/build_clean_test7/_deps/nlohmann_json-subbuild/cmake_install.cmake	46	ins all_manifes _${CMAKE_INST_COMP_HASH}. x 	install_manifest_${CMAKE_INST_COMP_HASH}.txt	UNRESOLVED_EXPRESSION	1	FALSE	FALSE	FALSE	2	UNRESOLVED_EXPRESSION
UNKNOWN	F:/~dev/rawrxd/build_clean_test7/_deps/nlohmann_json-subbuild/nlohmann_json-populate-prefix/src/nlohmann_json-populate-stamp/download-nlohmann_json-populate.cmake	17	${has_hash}	${has_hash}	UNRESOLVED_EXPRESSION	1	FALSE	FALSE	FALSE	1	UNRESOLVED_EXPRESSION
UNKNOWN	F:/~dev/rawrxd/build_clean_test7/_deps/nlohmann_json-subbuild/nlohmann_json-populate-prefix/src/nlohmann_json-populate-stamp/download-nlohmann_json-populate.cmake	18	${hash_is_good}	${hash_is_good}	UNRESOLVED_EXPRESSION	1	FALSE	FALSE	FALSE	1	UNRESOLVED_EXPRESSION
UNKNOWN	F:/~dev/rawrxd/build_clean_test7/_deps/nlohmann_json-subbuild/nlohmann_json-populate-prefix/src/nlohmann_json-populate-stamp/download-nlohmann_json-populate.cmake	22	${has_hash}	${has_hash}	UNRESOLVED_EXPRESSION	1	FALSE	FALSE	FALSE	0	UNRESOLVED_EXPRESSION
UNKNOWN	F:/~dev/rawrxd/build_clean_test7/_deps/nlohmann_json-subbuild/nlohmann_json-populate-prefix/src/nlohmann_json-populate-stamp/download-nlohmann_json-populate.cmake	30	${hash_is_good}	${hash_is_good}	UNRESOLVED_EXPRESSION	1	FALSE	FALSE	FALSE	1	UNRESOLVED_EXPRESSION
UNKNOWN	F:/~dev/rawrxd/build_clean_test7/_deps/nlohmann_json-subbuild/nlohmann_json-populate-prefix/src/nlohmann_json-populate-stamp/download-nlohmann_json-populate.cmake	37	${hash_is_good}	${hash_is_good}	UNRESOLVED_EXPRESSION	1	FALSE	FALSE	FALSE	1	UNRESOLVED_EXPRESSION
UNKNOWN	F:/~dev/rawrxd/build_d2adopt/cmake_install.cmake	24	${COMPONENT}	${COMPONENT}	UNRESOLVED_EXPRESSION	1	FALSE	FALSE	FALSE	2	UNRESOLVED_EXPRESSION
UNKNOWN	F:/~dev/rawrxd/build_d2adopt/cmake_install.cmake	68	ins all_manifes _${CMAKE_INSTALL_COMPONENT}. x 	install_manifest_${CMAKE_INSTALL_COMPONENT}.txt	UNRESOLVED_EXPRESSION	1	FALSE	FALSE	FALSE	2	UNRESOLVED_EXPRESSION
UNKNOWN	F:/~dev/rawrxd/build_d2adopt/cmake_install.cmake	71	ins all_manifes _${CMAKE_INST_COMP_HASH}. x 	install_manifest_${CMAKE_INST_COMP_HASH}.txt	UNRESOLVED_EXPRESSION	1	FALSE	FALSE	FALSE	2	UNRESOLVED_EXPRESSION
UNKNOWN	F:/~dev/rawrxd/build_d2adopt/rguf_source/cmake_install.cmake	24	${COMPONENT}	${COMPONENT}	UNRESOLVED_EXPRESSION	1	FALSE	FALSE	FALSE	2	UNRESOLVED_EXPRESSION
UNKNOWN	F:/~dev/rawrxd/build_d2adopt/src/ceo/cmake_install.cmake	24	${COMPONENT}	${COMPONENT}	UNRESOLVED_EXPRESSION	1	FALSE	FALSE	FALSE	2	UNRESOLVED_EXPRESSION
UNKNOWN	F:/~dev/rawrxd/build_d2adopt/src/generation/cmake_install.cmake	24	${COMPONENT}	${COMPONENT}	UNRESOLVED_EXPRESSION	1	FALSE	FALSE	FALSE	2	UNRESOLVED_EXPRESSION
UNKNOWN	F:/~dev/rawrxd/build_d2adopt/src/repository/cmake_install.cmake	24	${COMPONENT}	${COMPONENT}	UNRESOLVED_EXPRESSION	1	FALSE	FALSE	FALSE	2	UNRESOLVED_EXPRESSION
UNKNOWN	F:/~dev/rawrxd/build_d2adopt/src/reverse_engineering/cmake_install.cmake	24	${COMPONENT}	${COMPONENT}	UNRESOLVED_EXPRESSION	1	FALSE	FALSE	FALSE	2	UNRESOLVED_EXPRESSION
UNKNOWN	F:/~dev/rawrxd/build_embed_parity/cmake_install.cmake	24	${COMPONENT}	${COMPONENT}	UNRESOLVED_EXPRESSION	1	FALSE	FALSE	FALSE	2	UNRESOLVED_EXPRESSION
UNKNOWN	F:/~dev/rawrxd/build_embed_parity/cmake_install.cmake	68	ins all_manifes _${CMAKE_INSTALL_COMPONENT}. x 	install_manifest_${CMAKE_INSTALL_COMPONENT}.txt	UNRESOLVED_EXPRESSION	1	FALSE	FALSE	FALSE	2	UNRESOLVED_EXPRESSION
UNKNOWN	F:/~dev/rawrxd/build_embed_parity/cmake_install.cmake	71	ins all_manifes _${CMAKE_INST_COMP_HASH}. x 	install_manifest_${CMAKE_INST_COMP_HASH}.txt	UNRESOLVED_EXPRESSION	1	FALSE	FALSE	FALSE	2	UNRESOLVED_EXPRESSION
UNKNOWN	F:/~dev/rawrxd/build_embed_parity/rguf_source/cmake_install.cmake	24	${COMPONENT}	${COMPONENT}	UNRESOLVED_EXPRESSION	1	FALSE	FALSE	FALSE	2	UNRESOLVED_EXPRESSION
UNKNOWN	F:/~dev/rawrxd/build_embed_parity/src/ceo/cmake_install.cmake	24	${COMPONENT}	${COMPONENT}	UNRESOLVED_EXPRESSION	1	FALSE	FALSE	FALSE	2	UNRESOLVED_EXPRESSION
UNKNOWN	F:/~dev/rawrxd/build_embed_parity/src/generation/cmake_install.cmake	24	${COMPONENT}	${COMPONENT}	UNRESOLVED_EXPRESSION	1	FALSE	FALSE	FALSE	2	UNRESOLVED_EXPRESSION
UNKNOWN	F:/~dev/rawrxd/build_embed_parity/src/repository/cmake_install.cmake	24	${COMPONENT}	${COMPONENT}	UNRESOLVED_EXPRESSION	1	FALSE	FALSE	FALSE	2	UNRESOLVED_EXPRESSION
UNKNOWN	F:/~dev/rawrxd/build_embed_parity/src/reverse_engineering/cmake_install.cmake	24	${COMPONENT}	${COMPONENT}	UNRESOLVED_EXPRESSION	1	FALSE	FALSE	FALSE	2	UNRESOLVED_EXPRESSION
UNKNOWN	F:/~dev/rawrxd/build_ide/cmake_install.cmake	24	${COMPONENT}	${COMPONENT}	UNRESOLVED_EXPRESSION	1	FALSE	FALSE	FALSE	2	UNRESOLVED_EXPRESSION
UNKNOWN	F:/~dev/rawrxd/build_ide/cmake_install.cmake	68	ins all_manifes _${CMAKE_INSTALL_COMPONENT}. x 	install_manifest_${CMAKE_INSTALL_COMPONENT}.txt	UNRESOLVED_EXPRESSION	1	FALSE	FALSE	FALSE	2	UNRESOLVED_EXPRESSION
UNKNOWN	F:/~dev/rawrxd/build_ide/cmake_install.cmake	71	ins all_manifes _${CMAKE_INST_COMP_HASH}. x 	install_manifest_${CMAKE_INST_COMP_HASH}.txt	UNRESOLVED_EXPRESSION	1	FALSE	FALSE	FALSE	2	UNRESOLVED_EXPRESSION
UNKNOWN	F:/~dev/rawrxd/build_ide/rguf_source/cmake_install.cmake	24	${COMPONENT}	${COMPONENT}	UNRESOLVED_EXPRESSION	1	FALSE	FALSE	FALSE	2	UNRESOLVED_EXPRESSION
UNKNOWN	F:/~dev/rawrxd/build_ide/src/ceo/cmake_install.cmake	24	${COMPONENT}	${COMPONENT}	UNRESOLVED_EXPRESSION	1	FALSE	FALSE	FALSE	2	UNRESOLVED_EXPRESSION
UNKNOWN	F:/~dev/rawrxd/build_ide/src/generation/cmake_install.cmake	24	${COMPONENT}	${COMPONENT}	UNRESOLVED_EXPRESSION	1	FALSE	FALSE	FALSE	2	UNRESOLVED_EXPRESSION
UNKNOWN	F:/~dev/rawrxd/build_ide/src/repository/cmake_install.cmake	24	${COMPONENT}	${COMPONENT}	UNRESOLVED_EXPRESSION	1	FALSE	FALSE	FALSE	2	UNRESOLVED_EXPRESSION
UNKNOWN	F:/~dev/rawrxd/build_ide/src/reverse_engineering/cmake_install.cmake	24	${COMPONENT}	${COMPONENT}	UNRESOLVED_EXPRESSION	1	FALSE	FALSE	FALSE	2	UNRESOLVED_EXPRESSION
UNKNOWN	F:/~dev/rawrxd/build_ide_audit/cmake_install.cmake	24	${COMPONENT}	${COMPONENT}	UNRESOLVED_EXPRESSION	1	FALSE	FALSE	FALSE	2	UNRESOLVED_EXPRESSION
UNKNOWN	F:/~dev/rawrxd/build_ide_audit/cmake_install.cmake	68	ins all_manifes _${CMAKE_INSTALL_COMPONENT}. x 	install_manifest_${CMAKE_INSTALL_COMPONENT}.txt	UNRESOLVED_EXPRESSION	1	FALSE	FALSE	FALSE	2	UNRESOLVED_EXPRESSION
UNKNOWN	F:/~dev/rawrxd/build_ide_audit/cmake_install.cmake	71	ins all_manifes _${CMAKE_INST_COMP_HASH}. x 	install_manifest_${CMAKE_INST_COMP_HASH}.txt	UNRESOLVED_EXPRESSION	1	FALSE	FALSE	FALSE	2	UNRESOLVED_EXPRESSION
UNKNOWN	F:/~dev/rawrxd/build_ide_audit/rguf_source/cmake_install.cmake	24	${COMPONENT}	${COMPONENT}	UNRESOLVED_EXPRESSION	1	FALSE	FALSE	FALSE	2	UNRESOLVED_EXPRESSION
UNKNOWN	F:/~dev/rawrxd/build_ide_audit/src/ceo/cmake_install.cmake	24	${COMPONENT}	${COMPONENT}	UNRESOLVED_EXPRESSION	1	FALSE	FALSE	FALSE	2	UNRESOLVED_EXPRESSION
UNKNOWN	F:/~dev/rawrxd/build_ide_audit/src/generation/cmake_install.cmake	24	${COMPONENT}	${COMPONENT}	UNRESOLVED_EXPRESSION	1	FALSE	FALSE	FALSE	2	UNRESOLVED_EXPRESSION
UNKNOWN	F:/~dev/rawrxd/build_ide_audit/src/repository/cmake_install.cmake	24	${COMPONENT}	${COMPONENT}	UNRESOLVED_EXPRESSION	1	FALSE	FALSE	FALSE	2	UNRESOLVED_EXPRESSION
UNKNOWN	F:/~dev/rawrxd/build_ide_audit/src/reverse_engineering/cmake_install.cmake	24	${COMPONENT}	${COMPONENT}	UNRESOLVED_EXPRESSION	1	FALSE	FALSE	FALSE	2	UNRESOLVED_EXPRESSION
UNKNOWN	F:/~dev/rawrxd/build_ninja_release/cmake_install.cmake	24	${COMPONENT}	${COMPONENT}	UNRESOLVED_EXPRESSION	1	FALSE	FALSE	FALSE	2	UNRESOLVED_EXPRESSION
UNKNOWN	F:/~dev/rawrxd/build_ninja_release/cmake_install.cmake	68	ins all_manifes _${CMAKE_INSTALL_COMPONENT}. x 	install_manifest_${CMAKE_INSTALL_COMPONENT}.txt	UNRESOLVED_EXPRESSION	1	FALSE	FALSE	FALSE	2	UNRESOLVED_EXPRESSION
UNKNOWN	F:/~dev/rawrxd/build_ninja_release/cmake_install.cmake	71	ins all_manifes _${CMAKE_INST_COMP_HASH}. x 	install_manifest_${CMAKE_INST_COMP_HASH}.txt	UNRESOLVED_EXPRESSION	1	FALSE	FALSE	FALSE	2	UNRESOLVED_EXPRESSION
UNKNOWN	F:/~dev/rawrxd/build_ninja_release/rguf_source/cmake_install.cmake	24	${COMPONENT}	${COMPONENT}	UNRESOLVED_EXPRESSION	1	FALSE	FALSE	FALSE	2	UNRESOLVED_EXPRESSION
UNKNOWN	F:/~dev/rawrxd/build_ninja_release/src/ceo/cmake_install.cmake	24	${COMPONENT}	${COMPONENT}	UNRESOLVED_EXPRESSION	1	FALSE	FALSE	FALSE	2	UNRESOLVED_EXPRESSION
UNKNOWN	F:/~dev/rawrxd/build_ninja_release/src/generation/cmake_install.cmake	24	${COMPONENT}	${COMPONENT}	UNRESOLVED_EXPRESSION	1	FALSE	FALSE	FALSE	2	UNRESOLVED_EXPRESSION
UNKNOWN	F:/~dev/rawrxd/build_ninja_release/src/repository/cmake_install.cmake	24	${COMPONENT}	${COMPONENT}	UNRESOLVED_EXPRESSION	1	FALSE	FALSE	FALSE	2	UNRESOLVED_EXPRESSION
UNKNOWN	F:/~dev/rawrxd/build_ninja_release/src/reverse_engineering/cmake_install.cmake	24	${COMPONENT}	${COMPONENT}	UNRESOLVED_EXPRESSION	1	FALSE	FALSE	FALSE	2	UNRESOLVED_EXPRESSION
UNKNOWN	F:/~dev/rawrxd/build_p1pra_prod/_deps/nlohmann_json-build/nlohmann_jsonConfig.cmake	2	se  ${CMAKE_FIND_PACKAGE_NAME}_CONFIG ${CMAKE_CURRENT_LIST_FILE}	set ${CMAKE_FIND_PACKAGE_NAME}_CONFIG ${CMAKE_CURRENT_LIST_FILE}	UNRESOLVED_EXPRESSION	1	FALSE	FALSE	FALSE	0	UNRESOLVED_EXPRESSION
UNKNOWN	F:/~dev/rawrxd/build_p1pra_prod/_deps/nlohmann_json-subbuild/cmake_install.cmake	24	${COMPONENT}	${COMPONENT}	UNRESOLVED_EXPRESSION	1	FALSE	FALSE	FALSE	2	UNRESOLVED_EXPRESSION
UNKNOWN	F:/~dev/rawrxd/build_p1pra_prod/_deps/nlohmann_json-subbuild/cmake_install.cmake	43	ins all_manifes _${CMAKE_INSTALL_COMPONENT}. x 	install_manifest_${CMAKE_INSTALL_COMPONENT}.txt	UNRESOLVED_EXPRESSION	1	FALSE	FALSE	FALSE	2	UNRESOLVED_EXPRESSION
UNKNOWN	F:/~dev/rawrxd/build_p1pra_prod/_deps/nlohmann_json-subbuild/cmake_install.cmake	46	ins all_manifes _${CMAKE_INST_COMP_HASH}. x 	install_manifest_${CMAKE_INST_COMP_HASH}.txt	UNRESOLVED_EXPRESSION	1	FALSE	FALSE	FALSE	2	UNRESOLVED_EXPRESSION
UNKNOWN	F:/~dev/rawrxd/build_p1pra_prod/_deps/nlohmann_json-subbuild/nlohmann_json-populate-prefix/src/nlohmann_json-populate-stamp/download-nlohmann_json-populate.cmake	17	${has_hash}	${has_hash}	UNRESOLVED_EXPRESSION	1	FALSE	FALSE	FALSE	1	UNRESOLVED_EXPRESSION
UNKNOWN	F:/~dev/rawrxd/build_p1pra_prod/_deps/nlohmann_json-subbuild/nlohmann_json-populate-prefix/src/nlohmann_json-populate-stamp/download-nlohmann_json-populate.cmake	18	${hash_is_good}	${hash_is_good}	UNRESOLVED_EXPRESSION	1	FALSE	FALSE	FALSE	1	UNRESOLVED_EXPRESSION
UNKNOWN	F:/~dev/rawrxd/build_p1pra_prod/_deps/nlohmann_json-subbuild/nlohmann_json-populate-prefix/src/nlohmann_json-populate-stamp/download-nlohmann_json-populate.cmake	22	${has_hash}	${has_hash}	UNRESOLVED_EXPRESSION	1	FALSE	FALSE	FALSE	0	UNRESOLVED_EXPRESSION
UNKNOWN	F:/~dev/rawrxd/build_p1pra_prod/_deps/nlohmann_json-subbuild/nlohmann_json-populate-prefix/src/nlohmann_json-populate-stamp/download-nlohmann_json-populate.cmake	30	${hash_is_good}	${hash_is_good}	UNRESOLVED_EXPRESSION	1	FALSE	FALSE	FALSE	1	UNRESOLVED_EXPRESSION
UNKNOWN	F:/~dev/rawrxd/build_p1pra_prod/_deps/nlohmann_json-subbuild/nlohmann_json-populate-prefix/src/nlohmann_json-populate-stamp/download-nlohmann_json-populate.cmake	37	${hash_is_good}	${hash_is_good}	UNRESOLVED_EXPRESSION	1	FALSE	FALSE	FALSE	1	UNRESOLVED_EXPRESSION
UNKNOWN	F:/~dev/rawrxd/build_p2/_deps/nlohmann_json-build/nlohmann_jsonConfig.cmake	2	se  ${CMAKE_FIND_PACKAGE_NAME}_CONFIG ${CMAKE_CURRENT_LIST_FILE}	set ${CMAKE_FIND_PACKAGE_NAME}_CONFIG ${CMAKE_CURRENT_LIST_FILE}	UNRESOLVED_EXPRESSION	1	FALSE	FALSE	FALSE	0	UNRESOLVED_EXPRESSION
UNKNOWN	F:/~dev/rawrxd/build_p2/_deps/nlohmann_json-subbuild/cmake_install.cmake	24	${COMPONENT}	${COMPONENT}	UNRESOLVED_EXPRESSION	1	FALSE	FALSE	FALSE	2	UNRESOLVED_EXPRESSION
UNKNOWN	F:/~dev/rawrxd/build_p2/_deps/nlohmann_json-subbuild/cmake_install.cmake	43	ins all_manifes _${CMAKE_INSTALL_COMPONENT}. x 	install_manifest_${CMAKE_INSTALL_COMPONENT}.txt	UNRESOLVED_EXPRESSION	1	FALSE	FALSE	FALSE	2	UNRESOLVED_EXPRESSION
UNKNOWN	F:/~dev/rawrxd/build_p2/_deps/nlohmann_json-subbuild/cmake_install.cmake	46	ins all_manifes _${CMAKE_INST_COMP_HASH}. x 	install_manifest_${CMAKE_INST_COMP_HASH}.txt	UNRESOLVED_EXPRESSION	1	FALSE	FALSE	FALSE	2	UNRESOLVED_EXPRESSION
UNKNOWN	F:/~dev/rawrxd/build_p2/_deps/nlohmann_json-subbuild/nlohmann_json-populate-prefix/src/nlohmann_json-populate-stamp/download-nlohmann_json-populate.cmake	17	${has_hash}	${has_hash}	UNRESOLVED_EXPRESSION	1	FALSE	FALSE	FALSE	1	UNRESOLVED_EXPRESSION
UNKNOWN	F:/~dev/rawrxd/build_p2/_deps/nlohmann_json-subbuild/nlohmann_json-populate-prefix/src/nlohmann_json-populate-stamp/download-nlohmann_json-populate.cmake	18	${hash_is_good}	${hash_is_good}	UNRESOLVED_EXPRESSION	1	FALSE	FALSE	FALSE	1	UNRESOLVED_EXPRESSION
UNKNOWN	F:/~dev/rawrxd/build_p2/_deps/nlohmann_json-subbuild/nlohmann_json-populate-prefix/src/nlohmann_json-populate-stamp/download-nlohmann_json-populate.cmake	22	${has_hash}	${has_hash}	UNRESOLVED_EXPRESSION	1	FALSE	FALSE	FALSE	0	UNRESOLVED_EXPRESSION
UNKNOWN	F:/~dev/rawrxd/build_p2/_deps/nlohmann_json-subbuild/nlohmann_json-populate-prefix/src/nlohmann_json-populate-stamp/download-nlohmann_json-populate.cmake	30	${hash_is_good}	${hash_is_good}	UNRESOLVED_EXPRESSION	1	FALSE	FALSE	FALSE	1	UNRESOLVED_EXPRESSION
UNKNOWN	F:/~dev/rawrxd/build_p2/_deps/nlohmann_json-subbuild/nlohmann_json-populate-prefix/src/nlohmann_json-populate-stamp/download-nlohmann_json-populate.cmake	37	${hash_is_good}	${hash_is_good}	UNRESOLVED_EXPRESSION	1	FALSE	FALSE	FALSE	1	UNRESOLVED_EXPRESSION
UNKNOWN	F:/~dev/rawrxd/build_p2_fresh/_deps/nlohmann_json-build/nlohmann_jsonConfig.cmake	2	se  ${CMAKE_FIND_PACKAGE_NAME}_CONFIG ${CMAKE_CURRENT_LIST_FILE}	set ${CMAKE_FIND_PACKAGE_NAME}_CONFIG ${CMAKE_CURRENT_LIST_FILE}	UNRESOLVED_EXPRESSION	1	FALSE	FALSE	FALSE	0	UNRESOLVED_EXPRESSION
UNKNOWN	F:/~dev/rawrxd/build_p2_fresh/_deps/nlohmann_json-subbuild/cmake_install.cmake	24	${COMPONENT}	${COMPONENT}	UNRESOLVED_EXPRESSION	1	FALSE	FALSE	FALSE	2	UNRESOLVED_EXPRESSION
UNKNOWN	F:/~dev/rawrxd/build_p2_fresh/_deps/nlohmann_json-subbuild/cmake_install.cmake	43	ins all_manifes _${CMAKE_INSTALL_COMPONENT}. x 	install_manifest_${CMAKE_INSTALL_COMPONENT}.txt	UNRESOLVED_EXPRESSION	1	FALSE	FALSE	FALSE	2	UNRESOLVED_EXPRESSION
UNKNOWN	F:/~dev/rawrxd/build_p2_fresh/_deps/nlohmann_json-subbuild/cmake_install.cmake	46	ins all_manifes _${CMAKE_INST_COMP_HASH}. x 	install_manifest_${CMAKE_INST_COMP_HASH}.txt	UNRESOLVED_EXPRESSION	1	FALSE	FALSE	FALSE	2	UNRESOLVED_EXPRESSION
UNKNOWN	F:/~dev/rawrxd/build_p2_fresh/_deps/nlohmann_json-subbuild/nlohmann_json-populate-prefix/src/nlohmann_json-populate-stamp/download-nlohmann_json-populate.cmake	17	${has_hash}	${has_hash}	UNRESOLVED_EXPRESSION	1	FALSE	FALSE	FALSE	1	UNRESOLVED_EXPRESSION
UNKNOWN	F:/~dev/rawrxd/build_p2_fresh/_deps/nlohmann_json-subbuild/nlohmann_json-populate-prefix/src/nlohmann_json-populate-stamp/download-nlohmann_json-populate.cmake	18	${hash_is_good}	${hash_is_good}	UNRESOLVED_EXPRESSION	1	FALSE	FALSE	FALSE	1	UNRESOLVED_EXPRESSION
UNKNOWN	F:/~dev/rawrxd/build_p2_fresh/_deps/nlohmann_json-subbuild/nlohmann_json-populate-prefix/src/nlohmann_json-populate-stamp/download-nlohmann_json-populate.cmake	22	${has_hash}	${has_hash}	UNRESOLVED_EXPRESSION	1	FALSE	FALSE	FALSE	0	UNRESOLVED_EXPRESSION
UNKNOWN	F:/~dev/rawrxd/build_p2_fresh/_deps/nlohmann_json-subbuild/nlohmann_json-populate-prefix/src/nlohmann_json-populate-stamp/download-nlohmann_json-populate.cmake	30	${hash_is_good}	${hash_is_good}	UNRESOLVED_EXPRESSION	1	FALSE	FALSE	FALSE	1	UNRESOLVED_EXPRESSION
UNKNOWN	F:/~dev/rawrxd/build_p2_fresh/_deps/nlohmann_json-subbuild/nlohmann_json-populate-prefix/src/nlohmann_json-populate-stamp/download-nlohmann_json-populate.cmake	37	${hash_is_good}	${hash_is_good}	UNRESOLVED_EXPRESSION	1	FALSE	FALSE	FALSE	1	UNRESOLVED_EXPRESSION
UNKNOWN	F:/~dev/rawrxd/build_prod_gate/cmake_install.cmake	24	${COMPONENT}	${COMPONENT}	UNRESOLVED_EXPRESSION	1	FALSE	FALSE	FALSE	2	UNRESOLVED_EXPRESSION
UNKNOWN	F:/~dev/rawrxd/build_prod_gate/cmake_install.cmake	68	ins all_manifes _${CMAKE_INSTALL_COMPONENT}. x 	install_manifest_${CMAKE_INSTALL_COMPONENT}.txt	UNRESOLVED_EXPRESSION	1	FALSE	FALSE	FALSE	2	UNRESOLVED_EXPRESSION
UNKNOWN	F:/~dev/rawrxd/build_prod_gate/cmake_install.cmake	71	ins all_manifes _${CMAKE_INST_COMP_HASH}. x 	install_manifest_${CMAKE_INST_COMP_HASH}.txt	UNRESOLVED_EXPRESSION	1	FALSE	FALSE	FALSE	2	UNRESOLVED_EXPRESSION
UNKNOWN	F:/~dev/rawrxd/build_prod_gate/rguf_source/cmake_install.cmake	24	${COMPONENT}	${COMPONENT}	UNRESOLVED_EXPRESSION	1	FALSE	FALSE	FALSE	2	UNRESOLVED_EXPRESSION
UNKNOWN	F:/~dev/rawrxd/build_prod_gate/src/ceo/cmake_install.cmake	24	${COMPONENT}	${COMPONENT}	UNRESOLVED_EXPRESSION	1	FALSE	FALSE	FALSE	2	UNRESOLVED_EXPRESSION
UNKNOWN	F:/~dev/rawrxd/build_prod_gate/src/generation/cmake_install.cmake	24	${COMPONENT}	${COMPONENT}	UNRESOLVED_EXPRESSION	1	FALSE	FALSE	FALSE	2	UNRESOLVED_EXPRESSION
UNKNOWN	F:/~dev/rawrxd/build_prod_gate/src/repository/cmake_install.cmake	24	${COMPONENT}	${COMPONENT}	UNRESOLVED_EXPRESSION	1	FALSE	FALSE	FALSE	2	UNRESOLVED_EXPRESSION
UNKNOWN	F:/~dev/rawrxd/build_prod_gate/src/reverse_engineering/cmake_install.cmake	24	${COMPONENT}	${COMPONENT}	UNRESOLVED_EXPRESSION	1	FALSE	FALSE	FALSE	2	UNRESOLVED_EXPRESSION
UNKNOWN	F:/~dev/rawrxd/build_prod_gate2/cmake_install.cmake	24	${COMPONENT}	${COMPONENT}	UNRESOLVED_EXPRESSION	1	FALSE	FALSE	FALSE	2	UNRESOLVED_EXPRESSION
UNKNOWN	F:/~dev/rawrxd/build_prod_gate2/cmake_install.cmake	68	ins all_manifes _${CMAKE_INSTALL_COMPONENT}. x 	install_manifest_${CMAKE_INSTALL_COMPONENT}.txt	UNRESOLVED_EXPRESSION	1	FALSE	FALSE	FALSE	2	UNRESOLVED_EXPRESSION
UNKNOWN	F:/~dev/rawrxd/build_prod_gate2/cmake_install.cmake	71	ins all_manifes _${CMAKE_INST_COMP_HASH}. x 	install_manifest_${CMAKE_INST_COMP_HASH}.txt	UNRESOLVED_EXPRESSION	1	FALSE	FALSE	FALSE	2	UNRESOLVED_EXPRESSION
UNKNOWN	F:/~dev/rawrxd/build_prod_gate2/rguf_source/cmake_install.cmake	24	${COMPONENT}	${COMPONENT}	UNRESOLVED_EXPRESSION	1	FALSE	FALSE	FALSE	2	UNRESOLVED_EXPRESSION
UNKNOWN	F:/~dev/rawrxd/build_prod_gate2/src/ceo/cmake_install.cmake	24	${COMPONENT}	${COMPONENT}	UNRESOLVED_EXPRESSION	1	FALSE	FALSE	FALSE	2	UNRESOLVED_EXPRESSION
UNKNOWN	F:/~dev/rawrxd/build_prod_gate2/src/generation/cmake_install.cmake	24	${COMPONENT}	${COMPONENT}	UNRESOLVED_EXPRESSION	1	FALSE	FALSE	FALSE	2	UNRESOLVED_EXPRESSION
UNKNOWN	F:/~dev/rawrxd/build_prod_gate2/src/repository/cmake_install.cmake	24	${COMPONENT}	${COMPONENT}	UNRESOLVED_EXPRESSION	1	FALSE	FALSE	FALSE	2	UNRESOLVED_EXPRESSION
UNKNOWN	F:/~dev/rawrxd/build_prod_gate2/src/reverse_engineering/cmake_install.cmake	24	${COMPONENT}	${COMPONENT}	UNRESOLVED_EXPRESSION	1	FALSE	FALSE	FALSE	2	UNRESOLVED_EXPRESSION
UNKNOWN	F:/~dev/rawrxd/build_remote64_verify/cmake_install.cmake	24	${COMPONENT}	${COMPONENT}	UNRESOLVED_EXPRESSION	1	FALSE	FALSE	FALSE	2	UNRESOLVED_EXPRESSION
UNKNOWN	F:/~dev/rawrxd/build_remote64_verify/cmake_install.cmake	68	ins all_manifes _${CMAKE_INSTALL_COMPONENT}. x 	install_manifest_${CMAKE_INSTALL_COMPONENT}.txt	UNRESOLVED_EXPRESSION	1	FALSE	FALSE	FALSE	2	UNRESOLVED_EXPRESSION
UNKNOWN	F:/~dev/rawrxd/build_remote64_verify/cmake_install.cmake	71	ins all_manifes _${CMAKE_INST_COMP_HASH}. x 	install_manifest_${CMAKE_INST_COMP_HASH}.txt	UNRESOLVED_EXPRESSION	1	FALSE	FALSE	FALSE	2	UNRESOLVED_EXPRESSION
UNKNOWN	F:/~dev/rawrxd/build_remote64_verify/rguf_source/cmake_install.cmake	24	${COMPONENT}	${COMPONENT}	UNRESOLVED_EXPRESSION	1	FALSE	FALSE	FALSE	2	UNRESOLVED_EXPRESSION
UNKNOWN	F:/~dev/rawrxd/build_remote64_verify/src/ceo/cmake_install.cmake	24	${COMPONENT}	${COMPONENT}	UNRESOLVED_EXPRESSION	1	FALSE	FALSE	FALSE	2	UNRESOLVED_EXPRESSION
UNKNOWN	F:/~dev/rawrxd/build_remote64_verify/src/generation/cmake_install.cmake	24	${COMPONENT}	${COMPONENT}	UNRESOLVED_EXPRESSION	1	FALSE	FALSE	FALSE	2	UNRESOLVED_EXPRESSION
UNKNOWN	F:/~dev/rawrxd/build_remote64_verify/src/repository/cmake_install.cmake	24	${COMPONENT}	${COMPONENT}	UNRESOLVED_EXPRESSION	1	FALSE	FALSE	FALSE	2	UNRESOLVED_EXPRESSION
UNKNOWN	F:/~dev/rawrxd/build_remote64_verify/src/reverse_engineering/cmake_install.cmake	24	${COMPONENT}	${COMPONENT}	UNRESOLVED_EXPRESSION	1	FALSE	FALSE	FALSE	2	UNRESOLVED_EXPRESSION
UNKNOWN	F:/~dev/rawrxd/build_repointel/cmake_install.cmake	24	${COMPONENT}	${COMPONENT}	UNRESOLVED_EXPRESSION	1	FALSE	FALSE	FALSE	2	UNRESOLVED_EXPRESSION
UNKNOWN	F:/~dev/rawrxd/build_repointel/cmake_install.cmake	68	ins all_manifes _${CMAKE_INSTALL_COMPONENT}. x 	install_manifest_${CMAKE_INSTALL_COMPONENT}.txt	UNRESOLVED_EXPRESSION	1	FALSE	FALSE	FALSE	2	UNRESOLVED_EXPRESSION
UNKNOWN	F:/~dev/rawrxd/build_repointel/cmake_install.cmake	71	ins all_manifes _${CMAKE_INST_COMP_HASH}. x 	install_manifest_${CMAKE_INST_COMP_HASH}.txt	UNRESOLVED_EXPRESSION	1	FALSE	FALSE	FALSE	2	UNRESOLVED_EXPRESSION
UNKNOWN	F:/~dev/rawrxd/build_repointel/rguf_source/cmake_install.cmake	24	${COMPONENT}	${COMPONENT}	UNRESOLVED_EXPRESSION	1	FALSE	FALSE	FALSE	2	UNRESOLVED_EXPRESSION
UNKNOWN	F:/~dev/rawrxd/build_repointel/src/ceo/cmake_install.cmake	24	${COMPONENT}	${COMPONENT}	UNRESOLVED_EXPRESSION	1	FALSE	FALSE	FALSE	2	UNRESOLVED_EXPRESSION
UNKNOWN	F:/~dev/rawrxd/build_repointel/src/generation/cmake_install.cmake	24	${COMPONENT}	${COMPONENT}	UNRESOLVED_EXPRESSION	1	FALSE	FALSE	FALSE	2	UNRESOLVED_EXPRESSION
UNKNOWN	F:/~dev/rawrxd/build_repointel/src/repository/cmake_install.cmake	24	${COMPONENT}	${COMPONENT}	UNRESOLVED_EXPRESSION	1	FALSE	FALSE	FALSE	2	UNRESOLVED_EXPRESSION
UNKNOWN	F:/~dev/rawrxd/build_repointel/src/reverse_engineering/cmake_install.cmake	24	${COMPONENT}	${COMPONENT}	UNRESOLVED_EXPRESSION	1	FALSE	FALSE	FALSE	2	UNRESOLVED_EXPRESSION
UNKNOWN	F:/~dev/rawrxd/build_response_coded_agent/cmake_install.cmake	24	${COMPONENT}	${COMPONENT}	UNRESOLVED_EXPRESSION	1	FALSE	FALSE	FALSE	2	UNRESOLVED_EXPRESSION
UNKNOWN	F:/~dev/rawrxd/build_response_coded_agent/cmake_install.cmake	68	ins all_manifes _${CMAKE_INSTALL_COMPONENT}. x 	install_manifest_${CMAKE_INSTALL_COMPONENT}.txt	UNRESOLVED_EXPRESSION	1	FALSE	FALSE	FALSE	2	UNRESOLVED_EXPRESSION
UNKNOWN	F:/~dev/rawrxd/build_response_coded_agent/cmake_install.cmake	71	ins all_manifes _${CMAKE_INST_COMP_HASH}. x 	install_manifest_${CMAKE_INST_COMP_HASH}.txt	UNRESOLVED_EXPRESSION	1	FALSE	FALSE	FALSE	2	UNRESOLVED_EXPRESSION
UNKNOWN	F:/~dev/rawrxd/build_response_coded_agent/rguf_source/cmake_install.cmake	24	${COMPONENT}	${COMPONENT}	UNRESOLVED_EXPRESSION	1	FALSE	FALSE	FALSE	2	UNRESOLVED_EXPRESSION
UNKNOWN	F:/~dev/rawrxd/build_response_coded_agent/src/ceo/cmake_install.cmake	24	${COMPONENT}	${COMPONENT}	UNRESOLVED_EXPRESSION	1	FALSE	FALSE	FALSE	2	UNRESOLVED_EXPRESSION
UNKNOWN	F:/~dev/rawrxd/build_response_coded_agent/src/generation/cmake_install.cmake	24	${COMPONENT}	${COMPONENT}	UNRESOLVED_EXPRESSION	1	FALSE	FALSE	FALSE	2	UNRESOLVED_EXPRESSION
UNKNOWN	F:/~dev/rawrxd/build_response_coded_agent/src/repository/cmake_install.cmake	24	${COMPONENT}	${COMPONENT}	UNRESOLVED_EXPRESSION	1	FALSE	FALSE	FALSE	2	UNRESOLVED_EXPRESSION
UNKNOWN	F:/~dev/rawrxd/build_response_coded_agent/src/reverse_engineering/cmake_install.cmake	24	${COMPONENT}	${COMPONENT}	UNRESOLVED_EXPRESSION	1	FALSE	FALSE	FALSE	2	UNRESOLVED_EXPRESSION
UNKNOWN	F:/~dev/rawrxd/build_single_writer_authority/cmake_install.cmake	24	${COMPONENT}	${COMPONENT}	UNRESOLVED_EXPRESSION	1	FALSE	FALSE	FALSE	2	UNRESOLVED_EXPRESSION
UNKNOWN	F:/~dev/rawrxd/build_single_writer_authority/cmake_install.cmake	68	ins all_manifes _${CMAKE_INSTALL_COMPONENT}. x 	install_manifest_${CMAKE_INSTALL_COMPONENT}.txt	UNRESOLVED_EXPRESSION	1	FALSE	FALSE	FALSE	2	UNRESOLVED_EXPRESSION
UNKNOWN	F:/~dev/rawrxd/build_single_writer_authority/cmake_install.cmake	71	ins all_manifes _${CMAKE_INST_COMP_HASH}. x 	install_manifest_${CMAKE_INST_COMP_HASH}.txt	UNRESOLVED_EXPRESSION	1	FALSE	FALSE	FALSE	2	UNRESOLVED_EXPRESSION
UNKNOWN	F:/~dev/rawrxd/build_single_writer_authority/rguf_source/cmake_install.cmake	24	${COMPONENT}	${COMPONENT}	UNRESOLVED_EXPRESSION	1	FALSE	FALSE	FALSE	2	UNRESOLVED_EXPRESSION
UNKNOWN	F:/~dev/rawrxd/build_single_writer_authority/src/ceo/cmake_install.cmake	24	${COMPONENT}	${COMPONENT}	UNRESOLVED_EXPRESSION	1	FALSE	FALSE	FALSE	2	UNRESOLVED_EXPRESSION
UNKNOWN	F:/~dev/rawrxd/build_single_writer_authority/src/generation/cmake_install.cmake	24	${COMPONENT}	${COMPONENT}	UNRESOLVED_EXPRESSION	1	FALSE	FALSE	FALSE	2	UNRESOLVED_EXPRESSION
UNKNOWN	F:/~dev/rawrxd/build_single_writer_authority/src/repository/cmake_install.cmake	24	${COMPONENT}	${COMPONENT}	UNRESOLVED_EXPRESSION	1	FALSE	FALSE	FALSE	2	UNRESOLVED_EXPRESSION
UNKNOWN	F:/~dev/rawrxd/build_single_writer_authority/src/reverse_engineering/cmake_install.cmake	24	${COMPONENT}	${COMPONENT}	UNRESOLVED_EXPRESSION	1	FALSE	FALSE	FALSE	2	UNRESOLVED_EXPRESSION
UNKNOWN	F:/~dev/rawrxd/build_w1/cmake_install.cmake	24	${COMPONENT}	${COMPONENT}	UNRESOLVED_EXPRESSION	1	FALSE	FALSE	FALSE	2	UNRESOLVED_EXPRESSION
UNKNOWN	F:/~dev/rawrxd/build_w1/cmake_install.cmake	68	ins all_manifes _${CMAKE_INSTALL_COMPONENT}. x 	install_manifest_${CMAKE_INSTALL_COMPONENT}.txt	UNRESOLVED_EXPRESSION	1	FALSE	FALSE	FALSE	2	UNRESOLVED_EXPRESSION
UNKNOWN	F:/~dev/rawrxd/build_w1/cmake_install.cmake	71	ins all_manifes _${CMAKE_INST_COMP_HASH}. x 	install_manifest_${CMAKE_INST_COMP_HASH}.txt	UNRESOLVED_EXPRESSION	1	FALSE	FALSE	FALSE	2	UNRESOLVED_EXPRESSION
UNKNOWN	F:/~dev/rawrxd/build_w1/rguf_source/cmake_install.cmake	24	${COMPONENT}	${COMPONENT}	UNRESOLVED_EXPRESSION	1	FALSE	FALSE	FALSE	2	UNRESOLVED_EXPRESSION
UNKNOWN	F:/~dev/rawrxd/build_w1/src/ceo/cmake_install.cmake	24	${COMPONENT}	${COMPONENT}	UNRESOLVED_EXPRESSION	1	FALSE	FALSE	FALSE	2	UNRESOLVED_EXPRESSION
UNKNOWN	F:/~dev/rawrxd/build_w1/src/generation/cmake_install.cmake	24	${COMPONENT}	${COMPONENT}	UNRESOLVED_EXPRESSION	1	FALSE	FALSE	FALSE	2	UNRESOLVED_EXPRESSION
UNKNOWN	F:/~dev/rawrxd/build_w1/src/repository/cmake_install.cmake	24	${COMPONENT}	${COMPONENT}	UNRESOLVED_EXPRESSION	1	FALSE	FALSE	FALSE	2	UNRESOLVED_EXPRESSION
UNKNOWN	F:/~dev/rawrxd/build_w1/src/reverse_engineering/cmake_install.cmake	24	${COMPONENT}	${COMPONENT}	UNRESOLVED_EXPRESSION	1	FALSE	FALSE	FALSE	2	UNRESOLVED_EXPRESSION
UNKNOWN	F:/~dev/rawrxd/certbuild/cmake_install.cmake	24	${COMPONENT}	${COMPONENT}	UNRESOLVED_EXPRESSION	1	FALSE	FALSE	FALSE	2	UNRESOLVED_EXPRESSION
UNKNOWN	F:/~dev/rawrxd/certbuild/cmake_install.cmake	68	ins all_manifes _${CMAKE_INSTALL_COMPONENT}. x 	install_manifest_${CMAKE_INSTALL_COMPONENT}.txt	UNRESOLVED_EXPRESSION	1	FALSE	FALSE	FALSE	2	UNRESOLVED_EXPRESSION
UNKNOWN	F:/~dev/rawrxd/certbuild/cmake_install.cmake	71	ins all_manifes _${CMAKE_INST_COMP_HASH}. x 	install_manifest_${CMAKE_INST_COMP_HASH}.txt	UNRESOLVED_EXPRESSION	1	FALSE	FALSE	FALSE	2	UNRESOLVED_EXPRESSION
UNKNOWN	F:/~dev/rawrxd/certbuild/rguf_source/cmake_install.cmake	24	${COMPONENT}	${COMPONENT}	UNRESOLVED_EXPRESSION	1	FALSE	FALSE	FALSE	2	UNRESOLVED_EXPRESSION
UNKNOWN	F:/~dev/rawrxd/certbuild/src/ceo/cmake_install.cmake	24	${COMPONENT}	${COMPONENT}	UNRESOLVED_EXPRESSION	1	FALSE	FALSE	FALSE	2	UNRESOLVED_EXPRESSION
UNKNOWN	F:/~dev/rawrxd/certbuild/src/generation/cmake_install.cmake	24	${COMPONENT}	${COMPONENT}	UNRESOLVED_EXPRESSION	1	FALSE	FALSE	FALSE	2	UNRESOLVED_EXPRESSION
UNKNOWN	F:/~dev/rawrxd/certbuild/src/repository/cmake_install.cmake	24	${COMPONENT}	${COMPONENT}	UNRESOLVED_EXPRESSION	1	FALSE	FALSE	FALSE	2	UNRESOLVED_EXPRESSION
UNKNOWN	F:/~dev/rawrxd/certbuild/src/reverse_engineering/cmake_install.cmake	24	${COMPONENT}	${COMPONENT}	UNRESOLVED_EXPRESSION	1	FALSE	FALSE	FALSE	2	UNRESOLVED_EXPRESSION
UNKNOWN	F:/~dev/rawrxd/cmake/AutoFeatureRegistry.cmake	37	se  PYTHON_EXECUTABLE ${Py hon3_EXECUTABLE}	set PYTHON_EXECUTABLE ${Python3_EXECUTABLE}	UNRESOLVED_EXPRESSION	1	FALSE	FALSE	FALSE	1	UNRESOLVED_EXPRESSION
UNKNOWN	F:/~dev/rawrxd/cmake/CompilerOptimizations.cmake	106	${CMAKE_EXE_LINKER_FLAGS} -fprofile-genera e	${CMAKE_EXE_LINKER_FLAGS} -fprofile-generate	UNRESOLVED_EXPRESSION	1	FALSE	FALSE	FALSE	2	UNRESOLVED_EXPRESSION
UNKNOWN	F:/~dev/rawrxd/cmake/CompilerOptimizations.cmake	24	${CMAKE_EXE_LINKER_FLAGS} /LTCG	${CMAKE_EXE_LINKER_FLAGS} /LTCG	UNRESOLVED_EXPRESSION	1	FALSE	FALSE	FALSE	1	UNRESOLVED_EXPRESSION
UNKNOWN	F:/~dev/rawrxd/cmake/CompilerOptimizations.cmake	25	${CMAKE_SHARED_LINKER_FLAGS} /LTCG	${CMAKE_SHARED_LINKER_FLAGS} /LTCG	UNRESOLVED_EXPRESSION	1	FALSE	FALSE	FALSE	1	UNRESOLVED_EXPRESSION
UNKNOWN	F:/~dev/rawrxd/cmake/CompilerOptimizations.cmake	46	${CMAKE_EXE_LINKER_FLAGS} -fl o	${CMAKE_EXE_LINKER_FLAGS} -flto	UNRESOLVED_EXPRESSION	1	FALSE	FALSE	FALSE	1	UNRESOLVED_EXPRESSION
UNKNOWN	F:/~dev/rawrxd/cmake/CompilerOptimizations.cmake	53	${CMAKE_EXE_LINKER_FLAGS} -Wl,--gc-sec ions	${CMAKE_EXE_LINKER_FLAGS} -Wl,--gc-sections	UNRESOLVED_EXPRESSION	1	FALSE	FALSE	FALSE	1	UNRESOLVED_EXPRESSION
UNKNOWN	F:/~dev/rawrxd/cmake/CompilerOptimizations.cmake	54	${CMAKE_EXE_LINKER_FLAGS} -Wl,-O1	${CMAKE_EXE_LINKER_FLAGS} -Wl,-O1	UNRESOLVED_EXPRESSION	1	FALSE	FALSE	FALSE	1	UNRESOLVED_EXPRESSION
UNKNOWN	F:/~dev/rawrxd/cmake/CompilerOptimizations.cmake	63	${HIP_HIPCC_FLAGS} -O3	${HIP_HIPCC_FLAGS} -O3	UNRESOLVED_EXPRESSION	1	FALSE	FALSE	FALSE	1	UNRESOLVED_EXPRESSION
UNKNOWN	F:/~dev/rawrxd/cmake/CompilerOptimizations.cmake	64	${HIP_HIPCC_FLAGS} -fgpu-rdc	${HIP_HIPCC_FLAGS} -fgpu-rdc	UNRESOLVED_EXPRESSION	1	FALSE	FALSE	FALSE	1	UNRESOLVED_EXPRESSION
UNKNOWN	F:/~dev/rawrxd/cmake/CompilerOptimizations.cmake	65	${HIP_HIPCC_FLAGS} --offload-arch=gfx1100	${HIP_HIPCC_FLAGS} --offload-arch=gfx1100	UNRESOLVED_EXPRESSION	1	FALSE	FALSE	FALSE	1	UNRESOLVED_EXPRESSION
UNKNOWN	F:/~dev/rawrxd/cmake/CompilerOptimizations.cmake	68	${HIP_HIPCC_FLAGS} -fkernel-arg-op 	${HIP_HIPCC_FLAGS} -fkernel-arg-opt	UNRESOLVED_EXPRESSION	1	FALSE	FALSE	FALSE	1	UNRESOLVED_EXPRESSION
UNKNOWN	F:/~dev/rawrxd/cmake/CompilerOptimizations.cmake	71	${HIP_HIPCC_FLAGS} -ffas -ma h	${HIP_HIPCC_FLAGS} -ffast-math	UNRESOLVED_EXPRESSION	1	FALSE	FALSE	FALSE	1	UNRESOLVED_EXPRESSION
UNKNOWN	F:/~dev/rawrxd/cmake/CompilerOptimizations.cmake	81	${SPIRV_OPT_FLAGS} --inline-en ry-poin s-exhaus ive	${SPIRV_OPT_FLAGS} --inline-entry-points-exhaustive	UNRESOLVED_EXPRESSION	1	FALSE	FALSE	FALSE	1	UNRESOLVED_EXPRESSION
UNKNOWN	F:/~dev/rawrxd/cmake/CompilerOptimizations.cmake	82	${SPIRV_OPT_FLAGS} --merge-re urn	${SPIRV_OPT_FLAGS} --merge-return	UNRESOLVED_EXPRESSION	1	FALSE	FALSE	FALSE	1	UNRESOLVED_EXPRESSION
UNKNOWN	F:/~dev/rawrxd/cmake/CompilerOptimizations.cmake	83	${SPIRV_OPT_FLAGS} --elimina e-dead-func ions	${SPIRV_OPT_FLAGS} --eliminate-dead-functions	UNRESOLVED_EXPRESSION	1	FALSE	FALSE	FALSE	1	UNRESOLVED_EXPRESSION
UNKNOWN	F:/~dev/rawrxd/cmake/CompilerOptimizations.cmake	84	${SPIRV_OPT_FLAGS} --elimina e-dead-code-aggressive	${SPIRV_OPT_FLAGS} --eliminate-dead-code-aggressive	UNRESOLVED_EXPRESSION	1	FALSE	FALSE	FALSE	1	UNRESOLVED_EXPRESSION
UNKNOWN	F:/~dev/rawrxd/cmake/CompilerOptimizations.cmake	85	${SPIRV_OPT_FLAGS} --priva e- o-local	${SPIRV_OPT_FLAGS} --private-to-local	UNRESOLVED_EXPRESSION	1	FALSE	FALSE	FALSE	1	UNRESOLVED_EXPRESSION
UNKNOWN	F:/~dev/rawrxd/cmake/CompilerOptimizations.cmake	86	${SPIRV_OPT_FLAGS} --s rip-debug	${SPIRV_OPT_FLAGS} --strip-debug	UNRESOLVED_EXPRESSION	1	FALSE	FALSE	FALSE	1	UNRESOLVED_EXPRESSION
UNKNOWN	F:/~dev/rawrxd/cmake/CompilerOptimizations.cmake	99	${CMAKE_EXE_LINKER_FLAGS} /GENPROFILE	${CMAKE_EXE_LINKER_FLAGS} /GENPROFILE	UNRESOLVED_EXPRESSION	1	FALSE	FALSE	FALSE	2	UNRESOLVED_EXPRESSION
UNKNOWN	F:/~dev/rawrxd/cmake/DumpbinAnalysis.cmake	20	se  ${OUTPUT_VAR}   PARENT_SCOPE	set ${OUTPUT_VAR}   PARENT_SCOPE	UNRESOLVED_EXPRESSION	1	FALSE	FALSE	FALSE	1	UNRESOLVED_EXPRESSION
UNKNOWN	F:/~dev/rawrxd/cmake/DumpbinAnalysis.cmake	27	${CMAKE_MATCH_1}	${CMAKE_MATCH_1}	UNRESOLVED_EXPRESSION	1	FALSE	FALSE	FALSE	1	UNRESOLVED_EXPRESSION
UNKNOWN	F:/~dev/rawrxd/cmake/DumpbinAnalysis.cmake	35	${CMAKE_MATCH_1}	${CMAKE_MATCH_1}	UNRESOLVED_EXPRESSION	1	FALSE	FALSE	FALSE	1	UNRESOLVED_EXPRESSION
UNKNOWN	F:/~dev/rawrxd/cmake/DumpbinAnalysis.cmake	62	${ANALYSIS_RESULT}	${ANALYSIS_RESULT}	UNRESOLVED_EXPRESSION	1	FALSE	FALSE	FALSE	0	UNRESOLVED_EXPRESSION
UNKNOWN	F:/~dev/rawrxd/cmake/DumpbinAnalysis.cmake	62	se  ${OUTPUT_VAR}   PARENT_SCOPE	set ${OUTPUT_VAR}   PARENT_SCOPE	UNRESOLVED_EXPRESSION	1	FALSE	FALSE	FALSE	0	UNRESOLVED_EXPRESSION
UNKNOWN	F:/~dev/rawrxd/cmake/DumpbinAnalysis.cmake	70	${BINARY}/${CMAKE_BUILD_TYPE}/${TARGET_NAME}	${BINARY}/${CMAKE_BUILD_TYPE}/${TARGET_NAME}	UNRESOLVED_EXPRESSION	1	FALSE	FALSE	FALSE	1	UNRESOLVED_EXPRESSION
UNKNOWN	F:/~dev/rawrxd/cmake/DumpbinAnalysis.cmake	8	se  ${OUTPUT_VAR}   PARENT_SCOPE	set ${OUTPUT_VAR}   PARENT_SCOPE	UNRESOLVED_EXPRESSION	1	FALSE	FALSE	FALSE	1	UNRESOLVED_EXPRESSION
UNKNOWN	F:/~dev/rawrxd/cmake/FindRawrXDDeps.cmake	100	se  RAWRXD_ROCM_INCLUDE_DIRS ${RAWRXD_ROCM_INCLUDE_DIR}	set RAWRXD_ROCM_INCLUDE_DIRS ${RAWRXD_ROCM_INCLUDE_DIR}	UNRESOLVED_EXPRESSION	1	FALSE	FALSE	FALSE	2	UNRESOLVED_EXPRESSION
UNKNOWN	F:/~dev/rawrxd/cmake/FindRawrXDDeps.cmake	101	se  RAWRXD_ROCM_LIBRARIES ${RAWRXD_ROCM_LIBRARY}	set RAWRXD_ROCM_LIBRARIES ${RAWRXD_ROCM_LIBRARY}	UNRESOLVED_EXPRESSION	1	FALSE	FALSE	FALSE	2	UNRESOLVED_EXPRESSION
UNKNOWN	F:/~dev/rawrxd/cmake/FindRawrXDDeps.cmake	133	se  RAWRXD_OPENCL_INCLUDE_DIRS ${RAWRXD_OPENCL_INCLUDE_DIR}	set RAWRXD_OPENCL_INCLUDE_DIRS ${RAWRXD_OPENCL_INCLUDE_DIR}	UNRESOLVED_EXPRESSION	1	FALSE	FALSE	FALSE	2	UNRESOLVED_EXPRESSION
UNKNOWN	F:/~dev/rawrxd/cmake/FindRawrXDDeps.cmake	134	se  RAWRXD_OPENCL_LIBRARIES ${RAWRXD_OPENCL_LIBRARY}	set RAWRXD_OPENCL_LIBRARIES ${RAWRXD_OPENCL_LIBRARY}	UNRESOLVED_EXPRESSION	1	FALSE	FALSE	FALSE	2	UNRESOLVED_EXPRESSION
UNKNOWN	F:/~dev/rawrxd/cmake/FindRawrXDDeps.cmake	34	se  RAWRXD_VULKAN_INCLUDE_DIRS ${RAWRXD_VULKAN_INCLUDE_DIR}	set RAWRXD_VULKAN_INCLUDE_DIRS ${RAWRXD_VULKAN_INCLUDE_DIR}	UNRESOLVED_EXPRESSION	1	FALSE	FALSE	FALSE	2	UNRESOLVED_EXPRESSION
UNKNOWN	F:/~dev/rawrxd/cmake/FindRawrXDDeps.cmake	35	se  RAWRXD_VULKAN_LIBRARIES ${RAWRXD_VULKAN_LIBRARY}	set RAWRXD_VULKAN_LIBRARIES ${RAWRXD_VULKAN_LIBRARY}	UNRESOLVED_EXPRESSION	1	FALSE	FALSE	FALSE	2	UNRESOLVED_EXPRESSION
UNKNOWN	F:/~dev/rawrxd/cmake/FindRawrXDDeps.cmake	69	se  RAWRXD_CUDA_INCLUDE_DIRS ${RAWRXD_CUDA_INCLUDE_DIR}	set RAWRXD_CUDA_INCLUDE_DIRS ${RAWRXD_CUDA_INCLUDE_DIR}	UNRESOLVED_EXPRESSION	1	FALSE	FALSE	FALSE	2	UNRESOLVED_EXPRESSION
UNKNOWN	F:/~dev/rawrxd/cmake/FindRawrXDDeps.cmake	70	se  RAWRXD_CUDA_LIBRARIES ${RAWRXD_CUDA_LIBRARY}	set RAWRXD_CUDA_LIBRARIES ${RAWRXD_CUDA_LIBRARY}	UNRESOLVED_EXPRESSION	1	FALSE	FALSE	FALSE	2	UNRESOLVED_EXPRESSION
UNKNOWN	F:/~dev/rawrxd/cmake/GenerateBuildInfo.cmake	145	${GENERATED_DIR}/rawrxd_build_info_genera ed.h	${GENERATED_DIR}/rawrxd_build_info_generated.h	UNRESOLVED_EXPRESSION	1	FALSE	TRUE	FALSE	0	UNRESOLVED_EXPRESSION
UNKNOWN	F:/~dev/rawrxd/cmake/GenerateBuildInfo.cmake	18	${CMAKE_CURRENT_BINARY_DIR}/genera ed	${CMAKE_CURRENT_BINARY_DIR}/generated	UNRESOLVED_EXPRESSION	1	FALSE	FALSE	FALSE	1	UNRESOLVED_EXPRESSION
UNKNOWN	F:/~dev/rawrxd/cmake/GenerateBuildInfo.cmake	21	${ARG_OUTPUT_DIR}	${ARG_OUTPUT_DIR}	UNRESOLVED_EXPRESSION	1	FALSE	TRUE	FALSE	0	UNRESOLVED_EXPRESSION
UNKNOWN	F:/~dev/rawrxd/cmake/GenerateBuildInfo.cmake	25	${PROJECT_VERSION}	${PROJECT_VERSION}	UNRESOLVED_EXPRESSION	1	FALSE	FALSE	FALSE	0	UNRESOLVED_EXPRESSION
UNKNOWN	F:/~dev/rawrxd/cmake/GenerateBuildInfo.cmake	55	${MSVC_VERSION}	${MSVC_VERSION}	UNRESOLVED_EXPRESSION	1	FALSE	FALSE	FALSE	1	UNRESOLVED_EXPRESSION
UNKNOWN	F:/~dev/rawrxd/cmake/GenerateBuildInfo.cmake	58	${CMAKE_CXX_COMPILER_VERSION}	${CMAKE_CXX_COMPILER_VERSION}	UNRESOLVED_EXPRESSION	1	FALSE	FALSE	FALSE	1	UNRESOLVED_EXPRESSION
UNKNOWN	F:/~dev/rawrxd/cmake/GenerateBuildInfo.cmake	61	${CMAKE_CXX_COMPILER_VERSION}	${CMAKE_CXX_COMPILER_VERSION}	UNRESOLVED_EXPRESSION	1	FALSE	FALSE	FALSE	1	UNRESOLVED_EXPRESSION
UNKNOWN	F:/~dev/rawrxd/cmake/GenerateBuildInfo.cmake	63	${CMAKE_CXX_COMPILER_ID}	${CMAKE_CXX_COMPILER_ID}	UNRESOLVED_EXPRESSION	1	FALSE	FALSE	FALSE	1	UNRESOLVED_EXPRESSION
UNKNOWN	F:/~dev/rawrxd/cmake/GenerateBuildInfo.cmake	64	${CMAKE_CXX_COMPILER_VERSION}	${CMAKE_CXX_COMPILER_VERSION}	UNRESOLVED_EXPRESSION	1	FALSE	FALSE	FALSE	1	UNRESOLVED_EXPRESSION
UNKNOWN	F:/~dev/rawrxd/cmake/GenerateBuildInfo.cmake	68	${CMAKE_BUILD_TYPE}	${CMAKE_BUILD_TYPE}	UNRESOLVED_EXPRESSION	1	FALSE	FALSE	FALSE	0	UNRESOLVED_EXPRESSION
UNKNOWN	F:/~dev/rawrxd/cmake/GenerateBuildInfo.cmake	92	${CMAKE_SYSTEM_PROCESSOR}	${CMAKE_SYSTEM_PROCESSOR}	UNRESOLVED_EXPRESSION	1	FALSE	FALSE	FALSE	1	UNRESOLVED_EXPRESSION
UNKNOWN	F:/~dev/rawrxd/cmake/MASMCompiler.cmake	28	se  MASM_SOLO_SOURCE ${CMAKE_CURRENT_SOURCE_DIR}/src/masm/masm_solo_compiler_fixed.asm	set MASM_SOLO_SOURCE ${CMAKE_CURRENT_SOURCE_DIR}/src/masm/masm_solo_compiler_fixed.asm	UNRESOLVED_EXPRESSION	1	FALSE	FALSE	FALSE	1	UNRESOLVED_EXPRESSION
UNKNOWN	F:/~dev/rawrxd/cmake/MASMCompiler.cmake	29	se  MASM_SOLO_OBJ ${CMAKE_CURRENT_BINARY_DIR}/masm_solo_compiler.obj	set MASM_SOLO_OBJ ${CMAKE_CURRENT_BINARY_DIR}/masm_solo_compiler.obj	UNRESOLVED_EXPRESSION	1	FALSE	FALSE	FALSE	1	UNRESOLVED_EXPRESSION
UNKNOWN	F:/~dev/rawrxd/cmake/P1_ProductRuntimeAuthority.cmake	17	 arge _sources ${ arge _name} PRIVATE	target_sources ${target_name} PRIVATE	UNRESOLVED_EXPRESSION	1	FALSE	FALSE	FALSE	0	UNRESOLVED_EXPRESSION
UNKNOWN	F:/~dev/rawrxd/cmake/P1_ProductRuntimeAuthority.cmake	44	se  _p1pra_ eleme ry_asm ${CMAKE_SOURCE_DIR}/src/asm/RawrXD_Teleme ry_Kernel.asm	set _p1pra_telemetry_asm ${CMAKE_SOURCE_DIR}/src/asm/RawrXD_Telemetry_Kernel.asm	UNRESOLVED_EXPRESSION	1	FALSE	FALSE	FALSE	0	UNRESOLVED_EXPRESSION
UNKNOWN	F:/~dev/rawrxd/cmake/P1_ProductRuntimeAuthority.cmake	45	se  _p1pra_wi ness_inc ${CMAKE_SOURCE_DIR}/src/asm/P1PRA_U cWi ness.inc	set _p1pra_witness_inc ${CMAKE_SOURCE_DIR}/src/asm/P1PRA_UtcWitness.inc	UNRESOLVED_EXPRESSION	1	FALSE	FALSE	FALSE	0	UNRESOLVED_EXPRESSION
UNKNOWN	F:/~dev/rawrxd/cmake/Phase22_ASMErrorParsing.cmake	14	${CMAKE_BINARY_DIR}/ ools/parse_masm_errors.ps1	${CMAKE_BINARY_DIR}/tools/parse_masm_errors.ps1	UNRESOLVED_EXPRESSION	1	FALSE	FALSE	FALSE	1	UNRESOLVED_EXPRESSION
UNKNOWN	F:/~dev/rawrxd/cmake/SovereignASM.cmake	14	${CMAKE_ASM_MASM_FLAGS} /nologo /c /W3 /Zi	${CMAKE_ASM_MASM_FLAGS} /nologo /c /W3 /Zi	UNRESOLVED_EXPRESSION	1	FALSE	FALSE	FALSE	1	UNRESOLVED_EXPRESSION
UNKNOWN	F:/~dev/rawrxd/cmake/SovereignASM.cmake	18	${CMAKE_ASM_MASM_FLAGS} /DWIN64 /DAVX2	${CMAKE_ASM_MASM_FLAGS} /DWIN64 /DAVX2	UNRESOLVED_EXPRESSION	1	FALSE	FALSE	FALSE	2	UNRESOLVED_EXPRESSION
UNKNOWN	F:/~dev/rawrxd/cmake/TokenPressureValve.cmake	17	 arge _sources ${ arge _name} PRIVATE	target_sources ${target_name} PRIVATE	UNRESOLVED_EXPRESSION	1	FALSE	FALSE	FALSE	0	UNRESOLVED_EXPRESSION
UNKNOWN	F:/~dev/rawrxd/cmake/Toolchain-Windows-MASM.cmake	20	${_vs_masm_pa h}	${_vs_masm_path}	UNRESOLVED_EXPRESSION	1	FALSE	FALSE	FALSE	2	UNRESOLVED_EXPRESSION
UNKNOWN	F:/~dev/rawrxd/cmake/Toolchain-Windows-MASM.cmake	25	${_vs_masm_pa h}	${_vs_masm_path}	UNRESOLVED_EXPRESSION	1	FALSE	FALSE	FALSE	3	UNRESOLVED_EXPRESSION
UNKNOWN	F:/~dev/rawrxd/cmake/Toolchain-Windows-MASM.cmake	30	${CMAKE_ASM_MASM_COMPILER}	${CMAKE_ASM_MASM_COMPILER}	UNRESOLVED_EXPRESSION	1	FALSE	FALSE	FALSE	4	UNRESOLVED_EXPRESSION
UNKNOWN	F:/~dev/rawrxd/cmake/common.cmake	24	se  GF_C_FLAGS   ${C_FLAGS}   PARENT_SCOPE	set GF_C_FLAGS   ${C_FLAGS}   PARENT_SCOPE	UNRESOLVED_EXPRESSION	1	FALSE	FALSE	FALSE	0	UNRESOLVED_EXPRESSION
UNKNOWN	F:/~dev/rawrxd/cmake/common.cmake	25	se  GF_CXX_FLAGS ${CXX_FLAGS} PARENT_SCOPE	set GF_CXX_FLAGS ${CXX_FLAGS} PARENT_SCOPE	UNRESOLVED_EXPRESSION	1	FALSE	FALSE	FALSE	0	UNRESOLVED_EXPRESSION
UNKNOWN	F:/~dev/rawrxd/cmake/modules/RawrXD_MASM.cmake	101	lis  APPEND flags /D${def}	list APPEND flags /D${def}	UNRESOLVED_EXPRESSION	1	FALSE	FALSE	FALSE	0	UNRESOLVED_EXPRESSION
UNKNOWN	F:/~dev/rawrxd/cmake/modules/RawrXD_MASM.cmake	107	se  ${OUT_FLAGS} ${flags} PARENT_SCOPE	set ${OUT_FLAGS} ${flags} PARENT_SCOPE	UNRESOLVED_EXPRESSION	1	FALSE	FALSE	FALSE	0	UNRESOLVED_EXPRESSION
UNKNOWN	F:/~dev/rawrxd/cmake/modules/RawrXD_MASM.cmake	139	${CMAKE_CURRENT_BINARY_DIR}/${src_name}.obj	${CMAKE_CURRENT_BINARY_DIR}/${src_name}.obj	UNRESOLVED_EXPRESSION	1	FALSE	FALSE	FALSE	0	UNRESOLVED_EXPRESSION
UNKNOWN	F:/~dev/rawrxd/cmake/modules/RawrXD_MASM.cmake	140	${CMAKE_CURRENT_BINARY_DIR}/${src_name}.ls 	${CMAKE_CURRENT_BINARY_DIR}/${src_name}.lst	UNRESOLVED_EXPRESSION	1	FALSE	FALSE	FALSE	0	UNRESOLVED_EXPRESSION
UNKNOWN	F:/~dev/rawrxd/cmake/modules/RawrXD_MASM.cmake	150	 arge _sources ${TARGET_NAME} PRIVATE ${obj_file}	target_sources ${TARGET_NAME} PRIVATE ${obj_file}	UNRESOLVED_EXPRESSION	1	FALSE	FALSE	FALSE	0	UNRESOLVED_EXPRESSION
UNKNOWN	F:/~dev/rawrxd/cmake/modules/RawrXD_MASM.cmake	196	${CMAKE_CURRENT_BINARY_DIR}/${src_name}.obj	${CMAKE_CURRENT_BINARY_DIR}/${src_name}.obj	UNRESOLVED_EXPRESSION	1	FALSE	FALSE	FALSE	0	UNRESOLVED_EXPRESSION
UNKNOWN	F:/~dev/rawrxd/cmake/modules/RawrXD_MASM.cmake	197	${CMAKE_CURRENT_BINARY_DIR}/${src_name}.ls 	${CMAKE_CURRENT_BINARY_DIR}/${src_name}.lst	UNRESOLVED_EXPRESSION	1	FALSE	FALSE	FALSE	0	UNRESOLVED_EXPRESSION
UNKNOWN	F:/~dev/rawrxd/cmake/modules/RawrXD_MASM.cmake	207	lis  APPEND all_objec s ${obj_file}	list APPEND all_objects ${obj_file}	UNRESOLVED_EXPRESSION	1	FALSE	FALSE	FALSE	0	UNRESOLVED_EXPRESSION
UNKNOWN	F:/~dev/rawrxd/cmake/modules/RawrXD_MASM.cmake	210	add_library ${LIB_NAME} OBJECT ${all_objec s}	add_library ${LIB_NAME} OBJECT ${all_objects}	UNRESOLVED_EXPRESSION	1	FALSE	FALSE	FALSE	0	UNRESOLVED_EXPRESSION
UNKNOWN	F:/~dev/rawrxd/cmake/modules/RawrXD_MASM.cmake	235	${CMAKE_CURRENT_BINARY_DIR}/${src_name}_ es .cpp	${CMAKE_CURRENT_BINARY_DIR}/${src_name}_test.cpp	UNRESOLVED_EXPRESSION	1	FALSE	FALSE	FALSE	0	UNRESOLVED_EXPRESSION
UNKNOWN	F:/~dev/rawrxd/cmake/modules/RawrXD_MASM.cmake	239	add_execu able ${TEST_NAME} ${ es _src}	add_executable ${TEST_NAME} ${test_src}	UNRESOLVED_EXPRESSION	1	FALSE	FALSE	FALSE	0	UNRESOLVED_EXPRESSION
UNKNOWN	F:/~dev/rawrxd/cmake/modules/RawrXD_MASM.cmake	39	se  MASM_COMPILER ${candida e} PARENT_SCOPE	set MASM_COMPILER ${candidate} PARENT_SCOPE	UNRESOLVED_EXPRESSION	1	FALSE	FALSE	FALSE	2	UNRESOLVED_EXPRESSION
UNKNOWN	F:/~dev/rawrxd/cmake/modules/RawrXD_MASM.cmake	55	se  MASM_COMPILER ${ML64_EXE} PARENT_SCOPE	set MASM_COMPILER ${ML64_EXE} PARENT_SCOPE	UNRESOLVED_EXPRESSION	1	FALSE	FALSE	FALSE	1	UNRESOLVED_EXPRESSION
UNKNOWN	F:/~dev/rawrxd/cmake/modules/RawrXD_MASM.cmake	64	se  MASM_COMPILER ${UASM_EXE} PARENT_SCOPE	set MASM_COMPILER ${UASM_EXE} PARENT_SCOPE	UNRESOLVED_EXPRESSION	1	FALSE	FALSE	FALSE	1	UNRESOLVED_EXPRESSION
UNKNOWN	F:/~dev/rawrxd/cmake/modules/RawrXD_MASM.cmake	95	${CMAKE_CURRENT_SOURCE_DIR}	${CMAKE_CURRENT_SOURCE_DIR}	UNRESOLVED_EXPRESSION	1	FALSE	FALSE	FALSE	0	UNRESOLVED_EXPRESSION
UNKNOWN	F:/~dev/rawrxd/cmake/modules/RawrXD_MASM.cmake	96	${CMAKE_SOURCE_DIR}/src/include	${CMAKE_SOURCE_DIR}/src/include	UNRESOLVED_EXPRESSION	1	FALSE	FALSE	FALSE	0	UNRESOLVED_EXPRESSION
UNKNOWN	F:/~dev/rawrxd/cmake/modules/RawrXD_MASM.cmake	97	${CMAKE_SOURCE_DIR}/src/kernels	${CMAKE_SOURCE_DIR}/src/kernels	UNRESOLVED_EXPRESSION	1	FALSE	FALSE	FALSE	0	UNRESOLVED_EXPRESSION
UNKNOWN	F:/~dev/rawrxd/cmlink/cmake_install.cmake	24	${COMPONENT}	${COMPONENT}	UNRESOLVED_EXPRESSION	1	FALSE	FALSE	FALSE	2	UNRESOLVED_EXPRESSION
UNKNOWN	F:/~dev/rawrxd/cmlink/cmake_install.cmake	68	ins all_manifes _${CMAKE_INSTALL_COMPONENT}. x 	install_manifest_${CMAKE_INSTALL_COMPONENT}.txt	UNRESOLVED_EXPRESSION	1	FALSE	FALSE	FALSE	2	UNRESOLVED_EXPRESSION
UNKNOWN	F:/~dev/rawrxd/cmlink/cmake_install.cmake	71	ins all_manifes _${CMAKE_INST_COMP_HASH}. x 	install_manifest_${CMAKE_INST_COMP_HASH}.txt	UNRESOLVED_EXPRESSION	1	FALSE	FALSE	FALSE	2	UNRESOLVED_EXPRESSION
UNKNOWN	F:/~dev/rawrxd/cmlink/rguf_source/cmake_install.cmake	24	${COMPONENT}	${COMPONENT}	UNRESOLVED_EXPRESSION	1	FALSE	FALSE	FALSE	2	UNRESOLVED_EXPRESSION
UNKNOWN	F:/~dev/rawrxd/cmlink/src/ceo/cmake_install.cmake	24	${COMPONENT}	${COMPONENT}	UNRESOLVED_EXPRESSION	1	FALSE	FALSE	FALSE	2	UNRESOLVED_EXPRESSION
UNKNOWN	F:/~dev/rawrxd/cmlink/src/generation/cmake_install.cmake	24	${COMPONENT}	${COMPONENT}	UNRESOLVED_EXPRESSION	1	FALSE	FALSE	FALSE	2	UNRESOLVED_EXPRESSION
UNKNOWN	F:/~dev/rawrxd/cmlink/src/repository/cmake_install.cmake	24	${COMPONENT}	${COMPONENT}	UNRESOLVED_EXPRESSION	1	FALSE	FALSE	FALSE	2	UNRESOLVED_EXPRESSION
UNKNOWN	F:/~dev/rawrxd/cmlink/src/reverse_engineering/cmake_install.cmake	24	${COMPONENT}	${COMPONENT}	UNRESOLVED_EXPRESSION	1	FALSE	FALSE	FALSE	2	UNRESOLVED_EXPRESSION
UNKNOWN	F:/~dev/rawrxd/src/reverse_engineering/cmake_install.cmake	24	${COMPONENT}	${COMPONENT}	UNRESOLVED_EXPRESSION	1	FALSE	FALSE	FALSE	2	UNRESOLVED_EXPRESSION
UNKNOWN	F:/~dev/rawrxd/win32ide_strict/build/cmake_install.cmake	24	${COMPONENT}	${COMPONENT}	UNRESOLVED_EXPRESSION	1	FALSE	FALSE	FALSE	2	UNRESOLVED_EXPRESSION
UNKNOWN	F:/~dev/rawrxd/win32ide_strict/build/cmake_install.cmake	43	ins all_manifes _${CMAKE_INSTALL_COMPONENT}. x 	install_manifest_${CMAKE_INSTALL_COMPONENT}.txt	UNRESOLVED_EXPRESSION	1	FALSE	FALSE	FALSE	2	UNRESOLVED_EXPRESSION
UNKNOWN	F:/~dev/rawrxd/win32ide_strict/build/cmake_install.cmake	46	ins all_manifes _${CMAKE_INST_COMP_HASH}. x 	install_manifest_${CMAKE_INST_COMP_HASH}.txt	UNRESOLVED_EXPRESSION	1	FALSE	FALSE	FALSE	2	UNRESOLVED_EXPRESSION
UNKNOWN	F:/~dev/rawrxd/win32ide_strict/build_v2/cmake_install.cmake	24	${COMPONENT}	${COMPONENT}	UNRESOLVED_EXPRESSION	1	FALSE	FALSE	FALSE	2	UNRESOLVED_EXPRESSION
UNKNOWN	F:/~dev/rawrxd/win32ide_strict/build_v2/cmake_install.cmake	43	ins all_manifes _${CMAKE_INSTALL_COMPONENT}. x 	install_manifest_${CMAKE_INSTALL_COMPONENT}.txt	UNRESOLVED_EXPRESSION	1	FALSE	FALSE	FALSE	2	UNRESOLVED_EXPRESSION
UNKNOWN	F:/~dev/rawrxd/win32ide_strict/build_v2/cmake_install.cmake	46	ins all_manifes _${CMAKE_INST_COMP_HASH}. x 	install_manifest_${CMAKE_INST_COMP_HASH}.txt	UNRESOLVED_EXPRESSION	1	FALSE	FALSE	FALSE	2	UNRESOLVED_EXPRESSION
UNKNOWN	F:/~dev/rawrxd/win32ide_strict/build_v4/cmake_install.cmake	24	${COMPONENT}	${COMPONENT}	UNRESOLVED_EXPRESSION	1	FALSE	FALSE	FALSE	2	UNRESOLVED_EXPRESSION
UNKNOWN	F:/~dev/rawrxd/win32ide_strict/build_v4/cmake_install.cmake	43	ins all_manifes _${CMAKE_INSTALL_COMPONENT}. x 	install_manifest_${CMAKE_INSTALL_COMPONENT}.txt	UNRESOLVED_EXPRESSION	1	FALSE	FALSE	FALSE	2	UNRESOLVED_EXPRESSION
UNKNOWN	F:/~dev/rawrxd/win32ide_strict/build_v4/cmake_install.cmake	46	ins all_manifes _${CMAKE_INST_COMP_HASH}. x 	install_manifest_${CMAKE_INST_COMP_HASH}.txt	UNRESOLVED_EXPRESSION	1	FALSE	FALSE	FALSE	2	UNRESOLVED_EXPRESSION
VAL032_AVX512_Benchmark	F:/~dev/rawrxd/CMakeLists.txt	94374	${CMAKE_SOURCE_DIR}/src	${CMAKE_SOURCE_DIR}/src	UNRESOLVED_EXPRESSION	1	FALSE	FALSE	FALSE	5	UNRESOLVED_EXPRESSION
VAL032_AVX512_Benchmark	F:/~dev/rawrxd/CMakeLists.txt	94375	${CMAKE_SOURCE_DIR}/src/memory	${CMAKE_SOURCE_DIR}/src/memory	UNRESOLVED_EXPRESSION	1	FALSE	FALSE	FALSE	5	UNRESOLVED_EXPRESSION
VAL032_AVX512_Benchmark	F:/~dev/rawrxd/CMakeLists.txt	94376	${CMAKE_SOURCE_DIR}/include	${CMAKE_SOURCE_DIR}/include	UNRESOLVED_EXPRESSION	1	FALSE	FALSE	FALSE	5	UNRESOLVED_EXPRESSION
VAL032_AVX512_Benchmark	F:/~dev/rawrxd/CMakeLists.txt	94390	RUNTIME_OUTPUT_DIRECTORY ${CMAKE_BINARY_DIR}/bin	RUNTIME_OUTPUT_DIRECTORY ${CMAKE_BINARY_DIR}/bin	UNRESOLVED_EXPRESSION	1	FALSE	FALSE	FALSE	5	UNRESOLVED_EXPRESSION
VAL032_SpeculativeDecoding_Benchmark	F:/~dev/rawrxd/CMakeLists.txt	93540	${CMAKE_SOURCE_DIR}/src	${CMAKE_SOURCE_DIR}/src	UNRESOLVED_EXPRESSION	1	FALSE	FALSE	FALSE	5	UNRESOLVED_EXPRESSION
VAL032_SpeculativeDecoding_Benchmark	F:/~dev/rawrxd/CMakeLists.txt	93541	${CMAKE_SOURCE_DIR}/src/memory	${CMAKE_SOURCE_DIR}/src/memory	UNRESOLVED_EXPRESSION	1	FALSE	FALSE	FALSE	5	UNRESOLVED_EXPRESSION
VAL032_SpeculativeDecoding_Benchmark	F:/~dev/rawrxd/CMakeLists.txt	93542	${CMAKE_SOURCE_DIR}/include	${CMAKE_SOURCE_DIR}/include	UNRESOLVED_EXPRESSION	1	FALSE	FALSE	FALSE	5	UNRESOLVED_EXPRESSION
VAL032_SpeculativeDecoding_Benchmark	F:/~dev/rawrxd/CMakeLists.txt	93555	RUNTIME_OUTPUT_DIRECTORY ${CMAKE_BINARY_DIR}/bin	RUNTIME_OUTPUT_DIRECTORY ${CMAKE_BINARY_DIR}/bin	UNRESOLVED_EXPRESSION	1	FALSE	FALSE	FALSE	5	UNRESOLVED_EXPRESSION
VAL038_FusedAttention_Benchmark	F:/~dev/rawrxd/CMakeLists.txt	102739	${CMAKE_SOURCE_DIR}/src	${CMAKE_SOURCE_DIR}/src	UNRESOLVED_EXPRESSION	1	FALSE	FALSE	FALSE	5	UNRESOLVED_EXPRESSION
VAL038_FusedAttention_Benchmark	F:/~dev/rawrxd/CMakeLists.txt	102740	${CMAKE_SOURCE_DIR}/src/valida ion/kernels	${CMAKE_SOURCE_DIR}/src/validation/kernels	UNRESOLVED_EXPRESSION	1	FALSE	FALSE	FALSE	5	UNRESOLVED_EXPRESSION
VAL038_FusedAttention_Benchmark	F:/~dev/rawrxd/CMakeLists.txt	102748	${CMAKE_BINARY_DIR}/lib/TreeA  en ion_Fused_VAL038.lib	${CMAKE_BINARY_DIR}/lib/TreeAttention_Fused_VAL038.lib	UNRESOLVED_EXPRESSION	1	FALSE	FALSE	FALSE	5	UNRESOLVED_EXPRESSION
VAL038_FusedAttention_Benchmark	F:/~dev/rawrxd/CMakeLists.txt	102751	RUNTIME_OUTPUT_DIRECTORY ${CMAKE_BINARY_DIR}/bin	RUNTIME_OUTPUT_DIRECTORY ${CMAKE_BINARY_DIR}/bin	UNRESOLVED_EXPRESSION	1	FALSE	FALSE	FALSE	5	UNRESOLVED_EXPRESSION
Vulkan	F:/~dev/rawrxd/cmake/RawrXD-Vulkan-Fix.cmake	84	${VULKAN_LIBRARY}	${VULKAN_LIBRARY}	UNRESOLVED_EXPRESSION	1	FALSE	FALSE	FALSE	2	UNRESOLVED_EXPRESSION
Vulkan	F:/~dev/rawrxd/cmake/RawrXD-Vulkan-Fix.cmake	85	${VULKAN_INCLUDE_DIR}	${VULKAN_INCLUDE_DIR}	UNRESOLVED_EXPRESSION	1	FALSE	FALSE	FALSE	2	UNRESOLVED_EXPRESSION
Vulkan	F:/~dev/rawrxd/cmake/RawrXD-Vulkan-Fix.cmake	91	[RawrXD]   Include: ${VULKAN_INCLUDE_DIR}	[RawrXD]   Include: ${VULKAN_INCLUDE_DIR}	UNRESOLVED_EXPRESSION	1	FALSE	FALSE	FALSE	1	UNRESOLVED_EXPRESSION
Vulkan	F:/~dev/rawrxd/cmake/RawrXD-Vulkan-Fix.cmake	92	[RawrXD]   Library: ${VULKAN_LIBRARY}	[RawrXD]   Library: ${VULKAN_LIBRARY}	UNRESOLVED_EXPRESSION	1	FALSE	FALSE	FALSE	1	UNRESOLVED_EXPRESSION
WebView2Container	F:/~dev/rawrxd/src/core/CMakeLists.txt	18	add_library WebView2Con ainer STATIC ${WEBVIEW2_SOURCES}	add_library WebView2Container STATIC ${WEBVIEW2_SOURCES}	UNRESOLVED_EXPRESSION	1	FALSE	FALSE	FALSE	0	UNRESOLVED_EXPRESSION
WebView2Container	F:/~dev/rawrxd/src/core/CMakeLists.txt	25	${CMAKE_CURRENT_SOURCE_DIR}	${CMAKE_CURRENT_SOURCE_DIR}	UNRESOLVED_EXPRESSION	1	FALSE	FALSE	FALSE	0	UNRESOLVED_EXPRESSION
WindowsSDK	F:/~dev/rawrxd/cmake/WindowsSDK.cmake	62	${WINDOWS_SDK_INCLUDE_DIR}	${WINDOWS_SDK_INCLUDE_DIR}	UNRESOLVED_EXPRESSION	1	FALSE	FALSE	FALSE	1	UNRESOLVED_EXPRESSION
WindowsSDK	F:/~dev/rawrxd/cmake/WindowsSDK.cmake	63	${WINDOWS_SDK_SHARED_DIR}	${WINDOWS_SDK_SHARED_DIR}	UNRESOLVED_EXPRESSION	1	FALSE	FALSE	FALSE	1	UNRESOLVED_EXPRESSION
WindowsSDK	F:/~dev/rawrxd/cmake/WindowsSDK.cmake	64	${WINDOWS_SDK_UCRT_DIR}	${WINDOWS_SDK_UCRT_DIR}	UNRESOLVED_EXPRESSION	1	FALSE	FALSE	FALSE	1	UNRESOLVED_EXPRESSION
WindowsSDK	F:/~dev/rawrxd/cmake/WindowsSDK.cmake	72	Windows SDK found: ${WINDOWS_SDK_INCLUDE_DIR}	Windows SDK found: ${WINDOWS_SDK_INCLUDE_DIR}	UNRESOLVED_EXPRESSION	1	FALSE	FALSE	FALSE	1	UNRESOLVED_EXPRESSION
_AUDIT	F:/~dev/rawrxd/tools/source_graph_authority.cmake	47	${RAWRXD_ROOT}/audi 	${RAWRXD_ROOT}/audit	UNRESOLVED_EXPRESSION	1	FALSE	FALSE	FALSE	0	UNRESOLVED_EXPRESSION
_CM	F:/~dev/rawrxd/tools/source_graph_authority.cmake	43	${RAWRXD_ROOT}/CMakeLis s. x 	${RAWRXD_ROOT}/CMakeLists.txt	UNRESOLVED_EXPRESSION	1	FALSE	FALSE	FALSE	0	UNRESOLVED_EXPRESSION
_PRODUCT100_REAL	F:/~dev/rawrxd/cmake/RawrXD_Product100.cmake	20	lis  APPEND _PRODUCT100_REAL ${_s}	list APPEND _PRODUCT100_REAL ${_s}	UNRESOLVED_EXPRESSION	1	FALSE	FALSE	FALSE	1	UNRESOLVED_EXPRESSION
_RAWRXD_HISTORICAL_SOURCE_NAMES	F:/~dev/rawrxd/cmake/RawrXDStrictWin32IDESourceClosure.cmake	28	${CMAKE_CURRENT_SOURCE_DIR}/${_rawrxd_legacy}	${CMAKE_CURRENT_SOURCE_DIR}/${_rawrxd_legacy}	UNRESOLVED_EXPRESSION	1	FALSE	FALSE	FALSE	0	UNRESOLVED_EXPRESSION
_RAWRXD_HISTORICAL_SOURCE_NAMES	F:/~dev/rawrxd/cmake/RawrXDStrictWin32IDESourceClosure.cmake	30	${_rawrxd_legacy}	${_rawrxd_legacy}	UNRESOLVED_EXPRESSION	1	FALSE	FALSE	FALSE	1	UNRESOLVED_EXPRESSION
_RAWRXD_HISTORICAL_SOURCE_NAMES	F:/~dev/rawrxd/cmake/RawrXDStrictWin32IDESourceClosure.cmake	69	${_rawrxd_bad}	${_rawrxd_bad}	UNRESOLVED_EXPRESSION	1	FALSE	FALSE	FALSE	1	UNRESOLVED_EXPRESSION
_RAWRXD_HISTORICAL_SOURCE_NAMES	F:/~dev/rawrxd/cmake/RawrXDStrictWin32IDESourceClosure.cmake	75	(^|/)[^/]*_link_s ub[^/]*\\.cpp$	(^|/)[^/]*_link_stub[^/]*//.cpp$	GLOB	1	FALSE	FALSE	FALSE	1	GLOB_EXPRESSION
_RAWRXD_HISTORICAL_SOURCE_NAMES	F:/~dev/rawrxd/cmake/RawrXDStrictWin32IDESourceClosure.cmake	76	(^|/)[^/]*_link_s ubs[^/]*\\.cpp$	(^|/)[^/]*_link_stubs[^/]*//.cpp$	GLOB	1	FALSE	FALSE	FALSE	1	GLOB_EXPRESSION
_RAWRXD_HISTORICAL_SOURCE_NAMES	F:/~dev/rawrxd/cmake/RawrXDStrictWin32IDESourceClosure.cmake	77	(^|/)[^/]*_shim[^/]*\\.cpp$	(^|/)[^/]*_shim[^/]*//.cpp$	GLOB	1	FALSE	FALSE	FALSE	1	GLOB_EXPRESSION
_RAWRXD_HISTORICAL_SOURCE_NAMES	F:/~dev/rawrxd/cmake/RawrXDStrictWin32IDESourceClosure.cmake	78	(^|/)[^/]*_shims[^/]*\\.cpp$	(^|/)[^/]*_shims[^/]*//.cpp$	GLOB	1	FALSE	FALSE	FALSE	1	GLOB_EXPRESSION
_RAWRXD_HISTORICAL_SOURCE_NAMES	F:/~dev/rawrxd/cmake/RawrXDStrictWin32IDESourceClosure.cmake	79	(^|/)[^/]*_mock[^/]*\\.cpp$	(^|/)[^/]*_mock[^/]*//.cpp$	GLOB	1	FALSE	FALSE	FALSE	1	GLOB_EXPRESSION
_RAWRXD_HISTORICAL_SOURCE_NAMES	F:/~dev/rawrxd/cmake/RawrXDStrictWin32IDESourceClosure.cmake	80	(^|/)[^/]*_s ub\\.cpp$	(^|/)[^/]*_stub//.cpp$	GLOB	1	FALSE	FALSE	FALSE	1	GLOB_EXPRESSION
_RAWRXD_IAT_ASM	F:/~dev/rawrxd/cmake/RawrXD_SovereignIAT.cmake	21	${CMAKE_SOURCE_DIR}/src/asm/RawrXD_PE64_IAT_Fabrica or_v224.asm	${CMAKE_SOURCE_DIR}/src/asm/RawrXD_PE64_IAT_Fabricator_v224.asm	UNRESOLVED_EXPRESSION	1	FALSE	FALSE	FALSE	0	UNRESOLVED_EXPRESSION
_RAWRXD_IAT_OBJ	F:/~dev/rawrxd/cmake/RawrXD_SovereignIAT.cmake	22	${CMAKE_BINARY_DIR}/CMakeFiles/RawrXD_PE64_IAT_Fabrica or_v224.obj	${CMAKE_BINARY_DIR}/CMakeFiles/RawrXD_PE64_IAT_Fabricator_v224.obj	UNRESOLVED_EXPRESSION	1	FALSE	FALSE	FALSE	0	UNRESOLVED_EXPRESSION
_RAWRXD_MISSING_IDE_SOURCES	F:/~dev/rawrxd/cmake/RawrXDStrictWin32IDESourceClosure.cmake	104	${_rawrxd_src}	${_rawrxd_src}	UNRESOLVED_EXPRESSION	1	FALSE	FALSE	FALSE	1	UNRESOLVED_EXPRESSION
_RAWRXD_MISSING_IDE_SOURCES	F:/~dev/rawrxd/cmake/RawrXDStrictWin32IDESourceClosure.cmake	106	${CMAKE_CURRENT_SOURCE_DIR}/${_rawrxd_src}	${CMAKE_CURRENT_SOURCE_DIR}/${_rawrxd_src}	UNRESOLVED_EXPRESSION	1	FALSE	FALSE	FALSE	1	UNRESOLVED_EXPRESSION
_RAWRXD_MISSING_IDE_SOURCES	F:/~dev/rawrxd/cmake/RawrXDStrictWin32IDESourceClosure.cmake	116	${_rawrxd_src}	${_rawrxd_src}	UNRESOLVED_EXPRESSION	1	FALSE	FALSE	FALSE	1	UNRESOLVED_EXPRESSION
_RAWRXD_MISSING_IDE_SOURCES	F:/~dev/rawrxd/cmake/RawrXDStrictWin32IDESourceClosure.cmake	124	${_rawrxd_missing}	${_rawrxd_missing}	UNRESOLVED_EXPRESSION	1	FALSE	FALSE	FALSE	1	UNRESOLVED_EXPRESSION
_RAWRXD_SOVEREIGN_ENTRY_ASM	F:/~dev/rawrxd/cmake/RawrXD_SovereignIAT.cmake	24	${CMAKE_SOURCE_DIR}/src/asm/RawrXD_Sovereign_MinimalEn ry_v224.asm	${CMAKE_SOURCE_DIR}/src/asm/RawrXD_Sovereign_MinimalEntry_v224.asm	UNRESOLVED_EXPRESSION	1	FALSE	FALSE	FALSE	0	UNRESOLVED_EXPRESSION
_RAWRXD_SOVEREIGN_ENTRY_OBJ	F:/~dev/rawrxd/cmake/RawrXD_SovereignIAT.cmake	25	${CMAKE_BINARY_DIR}/CMakeFiles/RawrXD_Sovereign_MinimalEn ry_v224.obj	${CMAKE_BINARY_DIR}/CMakeFiles/RawrXD_Sovereign_MinimalEntry_v224.obj	UNRESOLVED_EXPRESSION	1	FALSE	FALSE	FALSE	0	UNRESOLVED_EXPRESSION
_RAWRXD_SOVEREIGN_SMOKE_EXE	F:/~dev/rawrxd/cmake/RawrXD_SovereignIAT.cmake	53	${CMAKE_BINARY_DIR}/bin/rawrxd_sovereign_ia _smoke.exe	${CMAKE_BINARY_DIR}/bin/rawrxd_sovereign_iat_smoke.exe	UNRESOLVED_EXPRESSION	1	FALSE	FALSE	FALSE	0	UNRESOLVED_EXPRESSION
_RAWRXD_SOVEREIGN_SMOKE_EXE	F:/~dev/rawrxd/cmake/RawrXD_SovereignIAT.cmake	58	OUTPUT ${_RAWRXD_SOVEREIGN_SMOKE_EXE}	OUTPUT ${_RAWRXD_SOVEREIGN_SMOKE_EXE}	UNRESOLVED_EXPRESSION	1	FALSE	FALSE	FALSE	1	UNRESOLVED_EXPRESSION
_RAWRXD_SOVEREIGN_SMOKE_EXE	F:/~dev/rawrxd/cmake/RawrXD_SovereignIAT.cmake	59	${CMAKE_LINKER}	${CMAKE_LINKER}	UNRESOLVED_EXPRESSION	1	FALSE	FALSE	FALSE	1	UNRESOLVED_EXPRESSION
_RAWRXD_SOVEREIGN_SMOKE_EXE	F:/~dev/rawrxd/cmake/RawrXD_SovereignIAT.cmake	61	${_RAWRXD_IAT_OBJ}	${_RAWRXD_IAT_OBJ}	UNRESOLVED_EXPRESSION	1	FALSE	FALSE	FALSE	1	UNRESOLVED_EXPRESSION
_RAWRXD_SOVEREIGN_SMOKE_EXE	F:/~dev/rawrxd/cmake/RawrXD_SovereignIAT.cmake	61	${_RAWRXD_SOVEREIGN_ENTRY_OBJ}	${_RAWRXD_SOVEREIGN_ENTRY_OBJ}	UNRESOLVED_EXPRESSION	1	FALSE	FALSE	FALSE	1	UNRESOLVED_EXPRESSION
_RAWRXD_SOVEREIGN_SMOKE_EXE	F:/~dev/rawrxd/cmake/RawrXD_SovereignIAT.cmake	62	/OUT:${_RAWRXD_SOVEREIGN_SMOKE_EXE}	/OUT:${_RAWRXD_SOVEREIGN_SMOKE_EXE}	UNRESOLVED_EXPRESSION	1	FALSE	FALSE	FALSE	1	UNRESOLVED_EXPRESSION
_RAWRXD_SOVEREIGN_SMOKE_EXE	F:/~dev/rawrxd/cmake/RawrXD_SovereignIAT.cmake	63	DEPENDS ${_RAWRXD_SOVEREIGN_ENTRY_OBJ} ${_RAWRXD_IAT_OBJ}	DEPENDS ${_RAWRXD_SOVEREIGN_ENTRY_OBJ} ${_RAWRXD_IAT_OBJ}	UNRESOLVED_EXPRESSION	1	FALSE	FALSE	FALSE	1	UNRESOLVED_EXPRESSION
_RAWRXD_SOVEREIGN_SMOKE_EXE	F:/~dev/rawrxd/cmake/RawrXD_SovereignIAT.cmake	67	add_cus om_ arge  rawrxd_sovereign_ia _smoke DEPENDS ${_RAWRXD_SOVEREIGN_SMOKE_EXE}	add_custom_target rawrxd_sovereign_iat_smoke DEPENDS ${_RAWRXD_SOVEREIGN_SMOKE_EXE}	UNRESOLVED_EXPRESSION	1	FALSE	FALSE	FALSE	1	UNRESOLVED_EXPRESSION
_RAWR_AUTO_FEATURE_REGISTRY_PROVIDES_HANDLERS	F:/~dev/rawrxd/CMakeLists.txt	14154	.*/.*_link_shims?\\.cpp$	.*/.*_link_shims?//.cpp$	GLOB	1	FALSE	FALSE	FALSE	1	GLOB_EXPRESSION
_RAWR_AUTO_FEATURE_REGISTRY_PROVIDES_HANDLERS	F:/~dev/rawrxd/CMakeLists.txt	14155	.*/.*_shims?\\.cpp$	.*/.*_shims?//.cpp$	GLOB	1	FALSE	FALSE	FALSE	1	GLOB_EXPRESSION
_RAWR_AUTO_FEATURE_REGISTRY_PROVIDES_HANDLERS	F:/~dev/rawrxd/CMakeLists.txt	14156	.*/.*_fallback[^/]*\\.cpp$	.*/.*_fallback[^/]*//.cpp$	GLOB	1	FALSE	FALSE	FALSE	1	GLOB_EXPRESSION
_RAWR_AUTO_FEATURE_REGISTRY_PROVIDES_HANDLERS	F:/~dev/rawrxd/CMakeLists.txt	14157	.*/s ubs\\.cpp$	.*/stubs//.cpp$	GLOB	1	FALSE	FALSE	FALSE	1	GLOB_EXPRESSION
_RAWR_AUTO_FEATURE_REGISTRY_PROVIDES_HANDLERS	F:/~dev/rawrxd/CMakeLists.txt	14158	.*/.*_s ub\\.cpp$	.*/.*_stub//.cpp$	GLOB	1	FALSE	FALSE	FALSE	1	GLOB_EXPRESSION
_RAWR_AUTO_FEATURE_REGISTRY_PROVIDES_HANDLERS	F:/~dev/rawrxd/CMakeLists.txt	14159	.*/s ub_.*\\.cpp$	.*/stub_.*//.cpp$	GLOB	1	FALSE	FALSE	FALSE	1	GLOB_EXPRESSION
_RAWR_AUTO_FEATURE_REGISTRY_PROVIDES_HANDLERS	F:/~dev/rawrxd/CMakeLists.txt	14160	.*/shim_.*\\.cpp$	.*/shim_.*//.cpp$	GLOB	1	FALSE	FALSE	FALSE	1	GLOB_EXPRESSION
_RAWR_AUTO_FEATURE_REGISTRY_PROVIDES_HANDLERS	F:/~dev/rawrxd/CMakeLists.txt	14161	.*/.*_(mock|fake)\\.cpp$	.*/.*_(mock|fake)//.cpp$	GLOB	1	FALSE	FALSE	FALSE	1	GLOB_EXPRESSION
_RAWR_AUTO_FEATURE_REGISTRY_PROVIDES_HANDLERS	F:/~dev/rawrxd/CMakeLists.txt	14162	.*/.*(mock_|fake_).*\\.cpp$	.*/.*(mock_|fake_).*//.cpp$	GLOB	1	FALSE	FALSE	FALSE	1	GLOB_EXPRESSION
_RAWR_AUTO_FEATURE_REGISTRY_PROVIDES_HANDLERS	F:/~dev/rawrxd/CMakeLists.txt	14163	.*/.*_s ubs\\.asm$	.*/.*_stubs//.asm$	GLOB	1	FALSE	FALSE	FALSE	1	GLOB_EXPRESSION
_RAWR_AUTO_FEATURE_REGISTRY_PROVIDES_HANDLERS	F:/~dev/rawrxd/CMakeLists.txt	14164	.*/s ubs\\.asm$	.*/stubs//.asm$	GLOB	1	FALSE	FALSE	FALSE	1	GLOB_EXPRESSION
_RAWR_AUTO_FEATURE_REGISTRY_PROVIDES_HANDLERS	F:/~dev/rawrxd/CMakeLists.txt	14165	.*/.*_s ub\\.asm$	.*/.*_stub//.asm$	GLOB	1	FALSE	FALSE	FALSE	1	GLOB_EXPRESSION
_RAWR_AUTO_FEATURE_REGISTRY_PROVIDES_HANDLERS	F:/~dev/rawrxd/CMakeLists.txt	14166	.*/s ub_.*\\.asm$	.*/stub_.*//.asm$	GLOB	1	FALSE	FALSE	FALSE	1	GLOB_EXPRESSION
_RAWR_AUTO_FEATURE_REGISTRY_PROVIDES_HANDLERS	F:/~dev/rawrxd/CMakeLists.txt	14167	.*/.*_shims?\\.asm$	.*/.*_shims?//.asm$	GLOB	1	FALSE	FALSE	FALSE	1	GLOB_EXPRESSION
_RAWR_AUTO_FEATURE_REGISTRY_PROVIDES_HANDLERS	F:/~dev/rawrxd/CMakeLists.txt	14168	.*/shim_.*\\.asm$	.*/shim_.*//.asm$	GLOB	1	FALSE	FALSE	FALSE	1	GLOB_EXPRESSION
_RAWR_AUTO_FEATURE_REGISTRY_PROVIDES_HANDLERS	F:/~dev/rawrxd/CMakeLists.txt	14169	.*/.*_link_shims?\\.asm$	.*/.*_link_shims?//.asm$	GLOB	1	FALSE	FALSE	FALSE	1	GLOB_EXPRESSION
_RAWR_AUTO_FEATURE_REGISTRY_PROVIDES_HANDLERS	F:/~dev/rawrxd/CMakeLists.txt	14170	.*/.*_fallback[^/]*\\.asm$	.*/.*_fallback[^/]*//.asm$	GLOB	1	FALSE	FALSE	FALSE	1	GLOB_EXPRESSION
_RAWR_AUTO_FEATURE_REGISTRY_PROVIDES_HANDLERS	F:/~dev/rawrxd/CMakeLists.txt	14171	.*/.*_(mock|fake)\\.asm$	.*/.*_(mock|fake)//.asm$	GLOB	1	FALSE	FALSE	FALSE	1	GLOB_EXPRESSION
_RAWR_AUTO_FEATURE_REGISTRY_PROVIDES_HANDLERS	F:/~dev/rawrxd/CMakeLists.txt	14172	.*/.*(mock_|fake_).*\\.asm$	.*/.*(mock_|fake_).*//.asm$	GLOB	1	FALSE	FALSE	FALSE	1	GLOB_EXPRESSION
_RAWR_AUTO_FEATURE_REGISTRY_PROVIDES_HANDLERS	F:/~dev/rawrxd/CMakeLists.txt	14173	.*/link_s ubs_.*\\.cpp$	.*/link_stubs_.*//.cpp$	GLOB	1	FALSE	FALSE	FALSE	1	GLOB_EXPRESSION
_RAWR_AUTO_FEATURE_REGISTRY_PROVIDES_HANDLERS	F:/~dev/rawrxd/CMakeLists.txt	14174	.*/link_s ubs_.*\\.asm$	.*/link_stubs_.*//.asm$	GLOB	1	FALSE	FALSE	FALSE	1	GLOB_EXPRESSION
_RAWR_AUTO_FEATURE_REGISTRY_PROVIDES_HANDLERS	F:/~dev/rawrxd/CMakeLists.txt	14210	^src/win32app/Win32IDE_.*\\.cpp$	^src/win32app/Win32IDE_.*//.cpp$	GLOB	1	FALSE	FALSE	FALSE	0	GLOB_EXPRESSION
_RAWR_AUTO_FEATURE_REGISTRY_PROVIDES_HANDLERS	F:/~dev/rawrxd/CMakeLists.txt	15147	${_sso _scrip }	${_ssot_script}	UNRESOLVED_EXPRESSION	1	FALSE	FALSE	FALSE	2	UNRESOLVED_EXPRESSION
_RAWR_VALID_SSOT_PROVIDERS	F:/~dev/rawrxd/CMakeLists.txt	14088	${RAWR_SSOT_PROVIDER_UPPER}	${RAWR_SSOT_PROVIDER_UPPER}	UNRESOLVED_EXPRESSION	1	FALSE	FALSE	FALSE	0	UNRESOLVED_EXPRESSION
_SG_ACTIVE	F:/~dev/rawrxd/cmake/source_graph_census.cmake	44	${_ }	${_t}	UNRESOLVED_EXPRESSION	1	FALSE	FALSE	FALSE	1	UNRESOLVED_EXPRESSION
_SG_COMMENTED	F:/~dev/rawrxd/cmake/source_graph_census.cmake	58	${_h}	${_h}	UNRESOLVED_EXPRESSION	1	FALSE	FALSE	FALSE	1	UNRESOLVED_EXPRESSION
_SG_ROWS	F:/~dev/rawrxd/cmake/source_graph_census.cmake	109	${_e}	${_e}	UNRESOLVED_EXPRESSION	1	FALSE	FALSE	FALSE	2	UNRESOLVED_EXPRESSION
_SG_ROWS	F:/~dev/rawrxd/cmake/source_graph_census.cmake	110	${_ar}:${_n}	${_ar}:${_n}	UNRESOLVED_EXPRESSION	1	FALSE	FALSE	FALSE	2	UNRESOLVED_EXPRESSION
_SG_ROWS	F:/~dev/rawrxd/cmake/source_graph_census.cmake	116	${_ar}:1	${_ar}:1	UNRESOLVED_EXPRESSION	1	FALSE	FALSE	FALSE	2	UNRESOLVED_EXPRESSION
_SG_ROWS	F:/~dev/rawrxd/cmake/source_graph_census.cmake	120	${_p}\ ${_ar2}\ ${_exis s}\ ${_disp}	${_p}/t${_ar2}/t${_exists}/t${_disp}	UNRESOLVED_EXPRESSION	1	FALSE	FALSE	FALSE	0	UNRESOLVED_EXPRESSION
_SG_ROWS	F:/~dev/rawrxd/cmake/source_graph_census.cmake	94	${_p}	${_p}	UNRESOLVED_EXPRESSION	1	FALSE	FALSE	FALSE	1	UNRESOLVED_EXPRESSION
_SG_SELF	F:/~dev/rawrxd/cmake/source_graph_census.cmake	30	${CMAKE_CURRENT_SOURCE_DIR}/CMakeLis s. x 	${CMAKE_CURRENT_SOURCE_DIR}/CMakeLists.txt	UNRESOLVED_EXPRESSION	1	FALSE	FALSE	FALSE	0	UNRESOLVED_EXPRESSION
_SG_TSV	F:/~dev/rawrxd/cmake/source_graph_census.cmake	164	${CMAKE_SOURCE_DIR}/audi /RAWRXD_BUILD_GRAPH_CENSUS_001. sv	${CMAKE_SOURCE_DIR}/audit/RAWRXD_BUILD_GRAPH_CENSUS_001.tsv	UNRESOLVED_EXPRESSION	1	FALSE	FALSE	FALSE	0	UNRESOLVED_EXPRESSION
_SHIP_DIR	F:/~dev/rawrxd/cmake/SourceManifest.cmake	6	${CMAKE_SOURCE_DIR}/Ship	${CMAKE_SOURCE_DIR}/Ship	UNRESOLVED_EXPRESSION	1	FALSE	FALSE	FALSE	0	UNRESOLVED_EXPRESSION
_SRC_DIR	F:/~dev/rawrxd/cmake/SourceManifest.cmake	5	${CMAKE_SOURCE_DIR}/src	${CMAKE_SOURCE_DIR}/src	UNRESOLVED_EXPRESSION	1	FALSE	FALSE	FALSE	0	UNRESOLVED_EXPRESSION
_SRC_EXT	F:/~dev/rawrxd/tools/source_graph_authority.cmake	69	se  _C_${_k} 0	set _C_${_k} 0	UNRESOLVED_EXPRESSION	1	FALSE	FALSE	FALSE	0	UNRESOLVED_EXPRESSION
_VWA_GPU_DMA_SRCS	F:/~dev/rawrxd/cmake/Deep2VwaConsumerGates.fragment.cmake	21	 arge _sources ${name} PRIVATE ${_VWA_GPU_DMA_SRCS}	target_sources ${name} PRIVATE ${_VWA_GPU_DMA_SRCS}	UNRESOLVED_EXPRESSION	1	FALSE	FALSE	FALSE	1	UNRESOLVED_EXPRESSION
_VWA_GPU_DMA_SRCS	F:/~dev/rawrxd/cmake/Deep2VwaConsumerGates.fragment.cmake	36	add_execu able ${name} ${src} ${_VWA_ELASTIC_SRCS}	add_executable ${name} ${src} ${_VWA_ELASTIC_SRCS}	UNRESOLVED_EXPRESSION	1	FALSE	FALSE	FALSE	1	UNRESOLVED_EXPRESSION
_VWA_GPU_DMA_SRCS	F:/~dev/rawrxd/cmake/Deep2VwaConsumerGates.fragment.cmake	53	add_execu able ${name} ${src}	add_executable ${name} ${src}	UNRESOLVED_EXPRESSION	1	FALSE	FALSE	FALSE	1	UNRESOLVED_EXPRESSION
_VWA_GPU_DMA_SRCS	F:/~dev/rawrxd/cmake/Deep2VwaConsumerGates.fragment.cmake	69	add_execu able ${name} ${src}	add_executable ${name} ${src}	UNRESOLVED_EXPRESSION	1	FALSE	FALSE	FALSE	1	UNRESOLVED_EXPRESSION
_cert_body	F:/~dev/rawrxd/CMakeLists.txt	109647	RELEASE_CERT_BUILD=${_cer _mode}	RELEASE_CERT_BUILD=${_cert_mode}	UNRESOLVED_EXPRESSION	1	FALSE	FALSE	FALSE	4	UNRESOLVED_EXPRESSION
_cert_body	F:/~dev/rawrxd/CMakeLists.txt	109648	STRICT_SOURCES=${RAWRXD_STRICT_SOURCES}	STRICT_SOURCES=${RAWRXD_STRICT_SOURCES}	UNRESOLVED_EXPRESSION	1	FALSE	FALSE	FALSE	4	UNRESOLVED_EXPRESSION
_cert_body	F:/~dev/rawrxd/CMakeLists.txt	109649	DROPPED_SOURCE_TOTAL=${RAWRXD_CERT_DROPPED_TOTAL}	DROPPED_SOURCE_TOTAL=${RAWRXD_CERT_DROPPED_TOTAL}	UNRESOLVED_EXPRESSION	1	FALSE	FALSE	FALSE	4	UNRESOLVED_EXPRESSION
_cert_body	F:/~dev/rawrxd/CMakeLists.txt	109650	EMPTY_BODIED_TOTAL=${RAWRXD_CERT_EMPTY_TOTAL}	EMPTY_BODIED_TOTAL=${RAWRXD_CERT_EMPTY_TOTAL}	UNRESOLVED_EXPRESSION	1	FALSE	FALSE	FALSE	4	UNRESOLVED_EXPRESSION
_cert_body	F:/~dev/rawrxd/CMakeLists.txt	109651	DROPPED_SOURCES=${_cer _dropped_lis }	DROPPED_SOURCES=${_cert_dropped_list}	UNRESOLVED_EXPRESSION	1	FALSE	FALSE	FALSE	4	UNRESOLVED_EXPRESSION
_cert_body	F:/~dev/rawrxd/CMakeLists.txt	109652	EMPTY_BODIED_SOURCES=${_cer _emp y_lis }	EMPTY_BODIED_SOURCES=${_cert_empty_list}	UNRESOLVED_EXPRESSION	1	FALSE	FALSE	FALSE	4	UNRESOLVED_EXPRESSION
_cert_body	F:/~dev/rawrxd/CMakeLists.txt	109653	VERDICT=${_cer _verdic }	VERDICT=${_cert_verdict}	UNRESOLVED_EXPRESSION	1	FALSE	FALSE	FALSE	4	UNRESOLVED_EXPRESSION
_primary	F:/~dev/rawrxd/cmake/check_interconnect.cmake	5	${INTERCONNECT_DIR}/RawrXD_In erconnec .dll	${INTERCONNECT_DIR}/RawrXD_Interconnect.dll	UNRESOLVED_EXPRESSION	1	FALSE	FALSE	FALSE	0	UNRESOLVED_EXPRESSION
_probe_chat_quality	F:/~dev/rawrxd/CMakeLists.txt	108408	 arge _include_direc ories _probe_cha _quali y PRIVATE ${CMAKE_SOURCE_DIR}/src/deep2 ${CMAKE_SOURCE_DIR}/src ${CMAKE_SOURCE_DIR}/include	target_include_directories _probe_chat_quality PRIVATE ${CMAKE_SOURCE_DIR}/src/deep2 ${CMAKE_SOURCE_DIR}/src ${CMAKE_SOURCE_DIR}/include	UNRESOLVED_EXPRESSION	1	FALSE	FALSE	FALSE	6	UNRESOLVED_EXPRESSION
_probe_chat_quality	F:/~dev/rawrxd/CMakeLists.txt	108409	Mul iThreaded$<$<CONFIG:Debug>:Debug>	MultiThreaded$<$<CONFIG:Debug>:Debug>	UNRESOLVED_EXPRESSION	1	FALSE	FALSE	FALSE	6	UNRESOLVED_EXPRESSION
_probe_chat_quality	F:/~dev/rawrxd/CMakeLists.txt	108409	se _ arge _proper ies _probe_cha _quali y PROPERTIES RUNTIME_OUTPUT_DIRECTORY ${CMAKE_BINARY_DIR}/bin MSVC_RUNTIME_LIBRARY	set_target_properties _probe_chat_quality PROPERTIES RUNTIME_OUTPUT_DIRECTORY ${CMAKE_BINARY_DIR}/bin MSVC_RUNTIME_LIBRARY	UNRESOLVED_EXPRESSION	1	FALSE	FALSE	FALSE	6	UNRESOLVED_EXPRESSION
_rawrxd_dropped_total	F:/~dev/rawrxd/CMakeLists.txt	109468	se  _rawrxd_dropped_ o al       ${RAWRXD_DROPPED_SOURCE_COUNT}	set _rawrxd_dropped_total       ${RAWRXD_DROPPED_SOURCE_COUNT}	UNRESOLVED_EXPRESSION	1	FALSE	FALSE	FALSE	4	UNRESOLVED_EXPRESSION
_rawrxd_ide_census_executed	F:/~dev/rawrxd/CMakeLists.txt	109467	se  _rawrxd_ide_census_execu ed ${RAWRXD_IDE_SOURCE_CENSUS_EXECUTED}	set _rawrxd_ide_census_executed ${RAWRXD_IDE_SOURCE_CENSUS_EXECUTED}	UNRESOLVED_EXPRESSION	1	FALSE	FALSE	FALSE	4	UNRESOLVED_EXPRESSION
_secondary	F:/~dev/rawrxd/cmake/check_interconnect.cmake	8	${INTERCONNECT_OPTIONAL_DIR}/RawrXD_In erconnec .dll	${INTERCONNECT_OPTIONAL_DIR}/RawrXD_Interconnect.dll	UNRESOLVED_EXPRESSION	1	FALSE	FALSE	FALSE	1	UNRESOLVED_EXPRESSION
_uniqCommented	F:/~dev/rawrxd/tools/source_graph_authority.cmake	91	${_raw}	${_raw}	UNRESOLVED_EXPRESSION	1	FALSE	FALSE	FALSE	0	UNRESOLVED_EXPRESSION
address_resolver_native	F:/~dev/rawrxd/CMakeLists.txt	105746	${CMAKE_SOURCE_DIR}	${CMAKE_SOURCE_DIR}	UNRESOLVED_EXPRESSION	1	FALSE	FALSE	FALSE	5	UNRESOLVED_EXPRESSION
address_resolver_native	F:/~dev/rawrxd/CMakeLists.txt	105747	${CMAKE_SOURCE_DIR}/include	${CMAKE_SOURCE_DIR}/include	UNRESOLVED_EXPRESSION	1	FALSE	FALSE	FALSE	5	UNRESOLVED_EXPRESSION
address_resolver_native	F:/~dev/rawrxd/CMakeLists.txt	105756	RUNTIME_OUTPUT_DIRECTORY ${CMAKE_BINARY_DIR}/ ools	RUNTIME_OUTPUT_DIRECTORY ${CMAKE_BINARY_DIR}/tools	UNRESOLVED_EXPRESSION	1	FALSE	FALSE	FALSE	5	UNRESOLVED_EXPRESSION
address_resolver_native	F:/~dev/rawrxd/CMakeLists.txt	105761	COMMAND ${CMAKE_COMMAND}	COMMAND ${CMAKE_COMMAND}	UNRESOLVED_EXPRESSION	1	FALSE	FALSE	FALSE	5	UNRESOLVED_EXPRESSION
address_resolver_native	F:/~dev/rawrxd/CMakeLists.txt	105762	-DRESOLVER_EXE=${CMAKE_BINARY_DIR}/ ools/address_resolver_na ive.exe	-DRESOLVER_EXE=${CMAKE_BINARY_DIR}/tools/address_resolver_native.exe	UNRESOLVED_EXPRESSION	1	FALSE	FALSE	FALSE	5	UNRESOLVED_EXPRESSION
address_resolver_native	F:/~dev/rawrxd/CMakeLists.txt	105763	-DMODULE_EXE=${CMAKE_BINARY_DIR}/bin/RawrXD-Win32IDE.exe	-DMODULE_EXE=${CMAKE_BINARY_DIR}/bin/RawrXD-Win32IDE.exe	UNRESOLVED_EXPRESSION	1	FALSE	FALSE	FALSE	5	UNRESOLVED_EXPRESSION
address_resolver_native	F:/~dev/rawrxd/CMakeLists.txt	105764	-DMAP_FILE=${CMAKE_BINARY_DIR}/bin/RawrXD-Win32IDE.map	-DMAP_FILE=${CMAKE_BINARY_DIR}/bin/RawrXD-Win32IDE.map	UNRESOLVED_EXPRESSION	1	FALSE	FALSE	FALSE	5	UNRESOLVED_EXPRESSION
address_resolver_native	F:/~dev/rawrxd/CMakeLists.txt	105766	-P ${CMAKE_SOURCE_DIR}/ ools/address_resolver_na ive_smoke.cmake	-P ${CMAKE_SOURCE_DIR}/tools/address_resolver_native_smoke.cmake	UNRESOLVED_EXPRESSION	1	FALSE	FALSE	FALSE	5	UNRESOLVED_EXPRESSION
address_resolver_native	F:/~dev/rawrxd/CMakeLists.txt	105773	COMMAND ${CMAKE_COMMAND}	COMMAND ${CMAKE_COMMAND}	UNRESOLVED_EXPRESSION	1	FALSE	FALSE	FALSE	5	UNRESOLVED_EXPRESSION
address_resolver_native	F:/~dev/rawrxd/CMakeLists.txt	105774	-DRESOLVER_EXE=${CMAKE_BINARY_DIR}/ ools/address_resolver_na ive.exe	-DRESOLVER_EXE=${CMAKE_BINARY_DIR}/tools/address_resolver_native.exe	UNRESOLVED_EXPRESSION	1	FALSE	FALSE	FALSE	5	UNRESOLVED_EXPRESSION
address_resolver_native	F:/~dev/rawrxd/CMakeLists.txt	105775	-DMODULE_EXE=${CMAKE_BINARY_DIR}/bin/RawrXD-Win32IDE.exe	-DMODULE_EXE=${CMAKE_BINARY_DIR}/bin/RawrXD-Win32IDE.exe	UNRESOLVED_EXPRESSION	1	FALSE	FALSE	FALSE	5	UNRESOLVED_EXPRESSION
address_resolver_native	F:/~dev/rawrxd/CMakeLists.txt	105776	-DMAP_FILE=${CMAKE_BINARY_DIR}/bin/RawrXD-Win32IDE.map	-DMAP_FILE=${CMAKE_BINARY_DIR}/bin/RawrXD-Win32IDE.map	UNRESOLVED_EXPRESSION	1	FALSE	FALSE	FALSE	5	UNRESOLVED_EXPRESSION
address_resolver_native	F:/~dev/rawrxd/CMakeLists.txt	105778	-P ${CMAKE_SOURCE_DIR}/ ools/address_resolver_na ive_smoke.cmake	-P ${CMAKE_SOURCE_DIR}/tools/address_resolver_native_smoke.cmake	UNRESOLVED_EXPRESSION	1	FALSE	FALSE	FALSE	5	UNRESOLVED_EXPRESSION
address_resolver_native	F:/~dev/rawrxd/CMakeLists.txt	105785	COMMAND ${CMAKE_COMMAND}	COMMAND ${CMAKE_COMMAND}	UNRESOLVED_EXPRESSION	1	FALSE	FALSE	FALSE	5	UNRESOLVED_EXPRESSION
address_resolver_native	F:/~dev/rawrxd/CMakeLists.txt	105786	-DRESOLVER_EXE=${CMAKE_BINARY_DIR}/ ools/address_resolver_na ive.exe	-DRESOLVER_EXE=${CMAKE_BINARY_DIR}/tools/address_resolver_native.exe	UNRESOLVED_EXPRESSION	1	FALSE	FALSE	FALSE	5	UNRESOLVED_EXPRESSION
address_resolver_native	F:/~dev/rawrxd/CMakeLists.txt	105787	-DMODULE_EXE=${CMAKE_BINARY_DIR}/bin/RawrXD-Win32IDE.exe	-DMODULE_EXE=${CMAKE_BINARY_DIR}/bin/RawrXD-Win32IDE.exe	UNRESOLVED_EXPRESSION	1	FALSE	FALSE	FALSE	5	UNRESOLVED_EXPRESSION
address_resolver_native	F:/~dev/rawrxd/CMakeLists.txt	105788	-DMAP_FILE=${CMAKE_BINARY_DIR}/bin/RawrXD-Win32IDE.map	-DMAP_FILE=${CMAKE_BINARY_DIR}/bin/RawrXD-Win32IDE.map	UNRESOLVED_EXPRESSION	1	FALSE	FALSE	FALSE	5	UNRESOLVED_EXPRESSION
address_resolver_native	F:/~dev/rawrxd/CMakeLists.txt	105790	-P ${CMAKE_SOURCE_DIR}/ ools/address_resolver_na ive_smoke.cmake	-P ${CMAKE_SOURCE_DIR}/tools/address_resolver_native_smoke.cmake	UNRESOLVED_EXPRESSION	1	FALSE	FALSE	FALSE	5	UNRESOLVED_EXPRESSION
address_resolver_native	F:/~dev/rawrxd/CMakeLists.txt	105799	COMMAND ${CMAKE_COMMAND}	COMMAND ${CMAKE_COMMAND}	UNRESOLVED_EXPRESSION	1	FALSE	FALSE	FALSE	6	UNRESOLVED_EXPRESSION
address_resolver_native	F:/~dev/rawrxd/CMakeLists.txt	105800	-DRESOLVER_EXE=${CMAKE_BINARY_DIR}/ ools/address_resolver_na ive.exe	-DRESOLVER_EXE=${CMAKE_BINARY_DIR}/tools/address_resolver_native.exe	UNRESOLVED_EXPRESSION	1	FALSE	FALSE	FALSE	6	UNRESOLVED_EXPRESSION
address_resolver_native	F:/~dev/rawrxd/CMakeLists.txt	105801	-DMODULE_EXE=${CMAKE_BINARY_DIR}/bin/RawrXD-Win32IDE.exe	-DMODULE_EXE=${CMAKE_BINARY_DIR}/bin/RawrXD-Win32IDE.exe	UNRESOLVED_EXPRESSION	1	FALSE	FALSE	FALSE	6	UNRESOLVED_EXPRESSION
address_resolver_native	F:/~dev/rawrxd/CMakeLists.txt	105802	-DMAP_FILE=${CMAKE_BINARY_DIR}/bin/RawrXD-Win32IDE.map	-DMAP_FILE=${CMAKE_BINARY_DIR}/bin/RawrXD-Win32IDE.map	UNRESOLVED_EXPRESSION	1	FALSE	FALSE	FALSE	6	UNRESOLVED_EXPRESSION
address_resolver_native	F:/~dev/rawrxd/CMakeLists.txt	105804	-P ${CMAKE_SOURCE_DIR}/ ools/address_resolver_na ive_smoke.cmake	-P ${CMAKE_SOURCE_DIR}/tools/address_resolver_native_smoke.cmake	UNRESOLVED_EXPRESSION	1	FALSE	FALSE	FALSE	6	UNRESOLVED_EXPRESSION
address_resolver_native	F:/~dev/rawrxd/CMakeLists.txt	105809	COMMAND ${CMAKE_COMMAND}	COMMAND ${CMAKE_COMMAND}	UNRESOLVED_EXPRESSION	1	FALSE	FALSE	FALSE	6	UNRESOLVED_EXPRESSION
address_resolver_native	F:/~dev/rawrxd/CMakeLists.txt	105810	-DRESOLVER_EXE=${CMAKE_BINARY_DIR}/ ools/address_resolver_na ive.exe	-DRESOLVER_EXE=${CMAKE_BINARY_DIR}/tools/address_resolver_native.exe	UNRESOLVED_EXPRESSION	1	FALSE	FALSE	FALSE	6	UNRESOLVED_EXPRESSION
address_resolver_native	F:/~dev/rawrxd/CMakeLists.txt	105811	-DMODULE_EXE=${CMAKE_BINARY_DIR}/bin/RawrXD-Win32IDE.exe	-DMODULE_EXE=${CMAKE_BINARY_DIR}/bin/RawrXD-Win32IDE.exe	UNRESOLVED_EXPRESSION	1	FALSE	FALSE	FALSE	6	UNRESOLVED_EXPRESSION
address_resolver_native	F:/~dev/rawrxd/CMakeLists.txt	105812	-DMAP_FILE=${CMAKE_BINARY_DIR}/bin/RawrXD-Win32IDE.map	-DMAP_FILE=${CMAKE_BINARY_DIR}/bin/RawrXD-Win32IDE.map	UNRESOLVED_EXPRESSION	1	FALSE	FALSE	FALSE	6	UNRESOLVED_EXPRESSION
address_resolver_native	F:/~dev/rawrxd/CMakeLists.txt	105814	-P ${CMAKE_SOURCE_DIR}/ ools/address_resolver_na ive_smoke.cmake	-P ${CMAKE_SOURCE_DIR}/tools/address_resolver_native_smoke.cmake	UNRESOLVED_EXPRESSION	1	FALSE	FALSE	FALSE	6	UNRESOLVED_EXPRESSION
address_resolver_native	F:/~dev/rawrxd/CMakeLists.txt	105825	${CMAKE_SOURCE_DIR}/src/lsp/RawrXD_LSPServer.cpp	${CMAKE_SOURCE_DIR}/src/lsp/RawrXD_LSPServer.cpp	UNRESOLVED_EXPRESSION	1	FALSE	FALSE	FALSE	5	UNRESOLVED_EXPRESSION
agent_runtime_batch1_cert	F:/~dev/rawrxd/CMakeLists.txt	43225	${CMAKE_SOURCE_DIR}/src	${CMAKE_SOURCE_DIR}/src	UNRESOLVED_EXPRESSION	1	FALSE	FALSE	FALSE	4	UNRESOLVED_EXPRESSION
agent_runtime_batch1_cert	F:/~dev/rawrxd/CMakeLists.txt	43226	${CMAKE_SOURCE_DIR}/src/agen ic	${CMAKE_SOURCE_DIR}/src/agentic	UNRESOLVED_EXPRESSION	1	FALSE	FALSE	FALSE	4	UNRESOLVED_EXPRESSION
agent_runtime_batch1_cert	F:/~dev/rawrxd/CMakeLists.txt	43227	${CMAKE_SOURCE_DIR}/src/deep2	${CMAKE_SOURCE_DIR}/src/deep2	UNRESOLVED_EXPRESSION	1	FALSE	FALSE	FALSE	4	UNRESOLVED_EXPRESSION
agent_runtime_batch1_cert	F:/~dev/rawrxd/CMakeLists.txt	43228	${CMAKE_SOURCE_DIR}/include	${CMAKE_SOURCE_DIR}/include	UNRESOLVED_EXPRESSION	1	FALSE	FALSE	FALSE	4	UNRESOLVED_EXPRESSION
agent_runtime_batch1_cert	F:/~dev/rawrxd/CMakeLists.txt	43231	RUNTIME_OUTPUT_DIRECTORY ${CMAKE_BINARY_DIR}/bin	RUNTIME_OUTPUT_DIRECTORY ${CMAKE_BINARY_DIR}/bin	UNRESOLVED_EXPRESSION	1	FALSE	FALSE	FALSE	4	UNRESOLVED_EXPRESSION
agent_runtime_batch1_cert	F:/~dev/rawrxd/CMakeLists.txt	43233	Mul iThreaded$<$<CONFIG:Debug>:Debug>	MultiThreaded$<$<CONFIG:Debug>:Debug>	UNRESOLVED_EXPRESSION	1	FALSE	FALSE	FALSE	4	UNRESOLVED_EXPRESSION
b004_transformer_router_streaming_integration	F:/~dev/rawrxd/CMakeLists.txt	106840	${B004_TRANSFORMER_ROUTER_STREAMING_SOURCES}	${B004_TRANSFORMER_ROUTER_STREAMING_SOURCES}	UNRESOLVED_EXPRESSION	1	FALSE	FALSE	FALSE	4	UNRESOLVED_EXPRESSION
b004_transformer_router_streaming_integration_cpu	F:/~dev/rawrxd/CMakeLists.txt	106857	${B004_TRANSFORMER_ROUTER_STREAMING_SOURCES}	${B004_TRANSFORMER_ROUTER_STREAMING_SOURCES}	UNRESOLVED_EXPRESSION	1	FALSE	FALSE	FALSE	4	UNRESOLVED_EXPRESSION
b005_canonical_model_certification	F:/~dev/rawrxd/CMakeLists.txt	107193	${B005_CANONICAL_MODEL_SOURCES}	${B005_CANONICAL_MODEL_SOURCES}	UNRESOLVED_EXPRESSION	1	FALSE	FALSE	FALSE	4	UNRESOLVED_EXPRESSION
b006_kv_cache_verification	F:/~dev/rawrxd/CMakeLists.txt	107238	${B006_KV_CACHE_SOURCES}	${B006_KV_CACHE_SOURCES}	UNRESOLVED_EXPRESSION	1	FALSE	FALSE	FALSE	4	UNRESOLVED_EXPRESSION
b007_performance_baseline	F:/~dev/rawrxd/CMakeLists.txt	107320	${B007_PERF_BASELINE_SOURCES}	${B007_PERF_BASELINE_SOURCES}	UNRESOLVED_EXPRESSION	1	FALSE	FALSE	FALSE	4	UNRESOLVED_EXPRESSION
b009_batched_prefill_certification	F:/~dev/rawrxd/CMakeLists.txt	107862	${B009_BATCHED_PREFILL_SOURCES}	${B009_BATCHED_PREFILL_SOURCES}	UNRESOLVED_EXPRESSION	1	FALSE	FALSE	FALSE	4	UNRESOLVED_EXPRESSION
b010_b011_fast_experiment	F:/~dev/rawrxd/CMakeLists.txt	107783	${B010B011_FAST_SOURCES}	${B010B011_FAST_SOURCES}	UNRESOLVED_EXPRESSION	1	FALSE	FALSE	FALSE	4	UNRESOLVED_EXPRESSION
b010_weight_residency_profile	F:/~dev/rawrxd/CMakeLists.txt	107414	${B010_RESIDENCY_SOURCES}	${B010_RESIDENCY_SOURCES}	UNRESOLVED_EXPRESSION	1	FALSE	FALSE	FALSE	5	UNRESOLVED_EXPRESSION
b010_weight_residency_profile	F:/~dev/rawrxd/CMakeLists.txt	107417	${CMAKE_SOURCE_DIR}	${CMAKE_SOURCE_DIR}	UNRESOLVED_EXPRESSION	1	FALSE	FALSE	FALSE	5	UNRESOLVED_EXPRESSION
b010_weight_residency_profile	F:/~dev/rawrxd/CMakeLists.txt	107418	${CMAKE_SOURCE_DIR}/include	${CMAKE_SOURCE_DIR}/include	UNRESOLVED_EXPRESSION	1	FALSE	FALSE	FALSE	5	UNRESOLVED_EXPRESSION
b010_weight_residency_profile	F:/~dev/rawrxd/CMakeLists.txt	107419	${CMAKE_SOURCE_DIR}/src	${CMAKE_SOURCE_DIR}/src	UNRESOLVED_EXPRESSION	1	FALSE	FALSE	FALSE	5	UNRESOLVED_EXPRESSION
b010_weight_residency_profile	F:/~dev/rawrxd/CMakeLists.txt	107420	${CMAKE_SOURCE_DIR}/include/core	${CMAKE_SOURCE_DIR}/include/core	UNRESOLVED_EXPRESSION	1	FALSE	FALSE	FALSE	5	UNRESOLVED_EXPRESSION
b011_weight_residency_optimization	F:/~dev/rawrxd/CMakeLists.txt	107494	${B011_RESIDENCY_OPT_SOURCES}	${B011_RESIDENCY_OPT_SOURCES}	UNRESOLVED_EXPRESSION	1	FALSE	FALSE	FALSE	4	UNRESOLVED_EXPRESSION
b012_amortization_test	F:/~dev/rawrxd/CMakeLists.txt	106906	${B012_AMORTIZATION_SOURCES}	${B012_AMORTIZATION_SOURCES}	UNRESOLVED_EXPRESSION	1	FALSE	FALSE	FALSE	4	UNRESOLVED_EXPRESSION
b013_stability_test	F:/~dev/rawrxd/CMakeLists.txt	106963	${B013_STABILITY_SOURCES}	${B013_STABILITY_SOURCES}	UNRESOLVED_EXPRESSION	1	FALSE	FALSE	FALSE	4	UNRESOLVED_EXPRESSION
b014_boundary_probe	F:/~dev/rawrxd/CMakeLists.txt	107066	${B014_BOUNDARY_SOURCES}	${B014_BOUNDARY_SOURCES}	UNRESOLVED_EXPRESSION	1	FALSE	FALSE	FALSE	4	UNRESOLVED_EXPRESSION
b014_compute_decomposition	F:/~dev/rawrxd/CMakeLists.txt	107016	${B014_COMPUTE_SOURCES}	${B014_COMPUTE_SOURCES}	UNRESOLVED_EXPRESSION	1	FALSE	FALSE	FALSE	4	UNRESOLVED_EXPRESSION
b014_lifetime_probe	F:/~dev/rawrxd/CMakeLists.txt	107166	${B014_LIFETIME_SOURCES}	${B014_LIFETIME_SOURCES}	UNRESOLVED_EXPRESSION	1	FALSE	FALSE	FALSE	4	UNRESOLVED_EXPRESSION
b014_single_boundary	F:/~dev/rawrxd/CMakeLists.txt	107116	${B014_SINGLE_SOURCES}	${B014_SINGLE_SOURCES}	UNRESOLVED_EXPRESSION	1	FALSE	FALSE	FALSE	4	UNRESOLVED_EXPRESSION
b015_dequant_certification	F:/~dev/rawrxd/CMakeLists.txt	107744	${B015_DEQUANT_SOURCES}	${B015_DEQUANT_SOURCES}	UNRESOLVED_EXPRESSION	1	FALSE	FALSE	FALSE	4	UNRESOLVED_EXPRESSION
b015_residency_validation	F:/~dev/rawrxd/CMakeLists.txt	107573	${B015_RESIDENCY_VALIDATION_SOURCES}	${B015_RESIDENCY_VALIDATION_SOURCES}	UNRESOLVED_EXPRESSION	1	FALSE	FALSE	FALSE	4	UNRESOLVED_EXPRESSION
bp1_smoke_test	F:/~dev/rawrxd/CMakeLists.txt	1258	RUNTIME_OUTPUT_DIRECTORY ${CMAKE_BINARY_DIR}/bin	RUNTIME_OUTPUT_DIRECTORY ${CMAKE_BINARY_DIR}/bin	UNRESOLVED_EXPRESSION	1	FALSE	FALSE	FALSE	1	UNRESOLVED_EXPRESSION
bp1_smoke_test	F:/~dev/rawrxd/CMakeLists.txt	1261	${CMAKE_SOURCE_DIR}	${CMAKE_SOURCE_DIR}	UNRESOLVED_EXPRESSION	1	FALSE	FALSE	FALSE	1	UNRESOLVED_EXPRESSION
bp1_smoke_test	F:/~dev/rawrxd/CMakeLists.txt	1262	${CMAKE_SOURCE_DIR}/src	${CMAKE_SOURCE_DIR}/src	UNRESOLVED_EXPRESSION	1	FALSE	FALSE	FALSE	1	UNRESOLVED_EXPRESSION
bp1_smoke_test	F:/~dev/rawrxd/CMakeLists.txt	1263	${CMAKE_SOURCE_DIR}/include	${CMAKE_SOURCE_DIR}/include	UNRESOLVED_EXPRESSION	1	FALSE	FALSE	FALSE	1	UNRESOLVED_EXPRESSION
bp1_smoke_test	F:/~dev/rawrxd/CMakeLists.txt	1266	 arge _link_direc ories bp1_smoke_ es  PRIVATE ${_RAWR_MSVC_LIBPATHS}	target_link_directories bp1_smoke_test PRIVATE ${_RAWR_MSVC_LIBPATHS}	UNRESOLVED_EXPRESSION	1	FALSE	FALSE	FALSE	2	UNRESOLVED_EXPRESSION
bp1_smoke_test	F:/~dev/rawrxd/CMakeLists.txt	1268	${_rawr_lib}	${_rawr_lib}	UNRESOLVED_EXPRESSION	1	FALSE	FALSE	FALSE	3	UNRESOLVED_EXPRESSION
bp1_smoke_test	F:/~dev/rawrxd/CMakeLists.txt	1269	 arge _link_op ions bp1_smoke_ es  PRIVATE  ${_rawr_lib}\	target_link_options bp1_smoke_test PRIVATE  ${_rawr_lib}/	UNRESOLVED_EXPRESSION	1	FALSE	FALSE	FALSE	3	UNRESOLVED_EXPRESSION
bp1_smoke_test	F:/~dev/rawrxd/CMakeLists.txt	1278	se _proper y TARGET bp1_smoke_ es  APPEND_STRING PROPERTY LINK_FLAGS  ${_WIN10_SDK_ROOT}/Lib/${_SDK_UM_VER}/um/x64\	set_property TARGET bp1_smoke_test APPEND_STRING PROPERTY LINK_FLAGS  ${_WIN10_SDK_ROOT}/Lib/${_SDK_UM_VER}/um/x64/	UNRESOLVED_EXPRESSION	1	FALSE	FALSE	FALSE	2	UNRESOLVED_EXPRESSION
bp1_smoke_test	F:/~dev/rawrxd/CMakeLists.txt	1281	se _proper y TARGET bp1_smoke_ es  APPEND_STRING PROPERTY LINK_FLAGS  ${_WIN10_SDK_ROOT}/Lib/${_SDK_UCRT_VER}/ucr /x64\	set_property TARGET bp1_smoke_test APPEND_STRING PROPERTY LINK_FLAGS  ${_WIN10_SDK_ROOT}/Lib/${_SDK_UCRT_VER}/ucrt/x64/	UNRESOLVED_EXPRESSION	1	FALSE	FALSE	FALSE	2	UNRESOLVED_EXPRESSION
bp1_smoke_test	F:/~dev/rawrxd/CMakeLists.txt	1284	se _proper y TARGET bp1_smoke_ es  APPEND_STRING PROPERTY LINK_FLAGS  ${_MSVC_ROOT}/lib/x64\	set_property TARGET bp1_smoke_test APPEND_STRING PROPERTY LINK_FLAGS  ${_MSVC_ROOT}/lib/x64/	UNRESOLVED_EXPRESSION	1	FALSE	FALSE	FALSE	2	UNRESOLVED_EXPRESSION
comprehensive_dual_gpu_test	F:/~dev/rawrxd/CMakeLists.txt	2462	RUNTIME_OUTPUT_DIRECTORY ${CMAKE_BINARY_DIR}/bin	RUNTIME_OUTPUT_DIRECTORY ${CMAKE_BINARY_DIR}/bin	UNRESOLVED_EXPRESSION	1	FALSE	FALSE	FALSE	1	UNRESOLVED_EXPRESSION
comprehensive_dual_gpu_test	F:/~dev/rawrxd/CMakeLists.txt	2465	${CMAKE_SOURCE_DIR}	${CMAKE_SOURCE_DIR}	UNRESOLVED_EXPRESSION	1	FALSE	FALSE	FALSE	1	UNRESOLVED_EXPRESSION
comprehensive_dual_gpu_test	F:/~dev/rawrxd/CMakeLists.txt	2466	${CMAKE_SOURCE_DIR}/include	${CMAKE_SOURCE_DIR}/include	UNRESOLVED_EXPRESSION	1	FALSE	FALSE	FALSE	1	UNRESOLVED_EXPRESSION
comprehensive_dual_gpu_test	F:/~dev/rawrxd/CMakeLists.txt	2467	${CMAKE_SOURCE_DIR}/src	${CMAKE_SOURCE_DIR}/src	UNRESOLVED_EXPRESSION	1	FALSE	FALSE	FALSE	1	UNRESOLVED_EXPRESSION
comprehensive_dual_gpu_test	F:/~dev/rawrxd/CMakeLists.txt	2470	se _proper y TARGET comprehensive_dual_gpu_ es  APPEND_STRING PROPERTY LINK_FLAGS  ${_WIN10_SDK_ROOT}/Lib/${_SDK_UM_VER}/um/x64\	set_property TARGET comprehensive_dual_gpu_test APPEND_STRING PROPERTY LINK_FLAGS  ${_WIN10_SDK_ROOT}/Lib/${_SDK_UM_VER}/um/x64/	UNRESOLVED_EXPRESSION	1	FALSE	FALSE	FALSE	2	UNRESOLVED_EXPRESSION
comprehensive_dual_gpu_test	F:/~dev/rawrxd/CMakeLists.txt	2473	se _proper y TARGET comprehensive_dual_gpu_ es  APPEND_STRING PROPERTY LINK_FLAGS  ${_WIN10_SDK_ROOT}/Lib/${_SDK_UCRT_VER}/ucr /x64\	set_property TARGET comprehensive_dual_gpu_test APPEND_STRING PROPERTY LINK_FLAGS  ${_WIN10_SDK_ROOT}/Lib/${_SDK_UCRT_VER}/ucrt/x64/	UNRESOLVED_EXPRESSION	1	FALSE	FALSE	FALSE	2	UNRESOLVED_EXPRESSION
comprehensive_dual_gpu_test	F:/~dev/rawrxd/CMakeLists.txt	2476	se _proper y TARGET comprehensive_dual_gpu_ es  APPEND_STRING PROPERTY LINK_FLAGS  ${_MSVC_ROOT}/lib/x64\	set_property TARGET comprehensive_dual_gpu_test APPEND_STRING PROPERTY LINK_FLAGS  ${_MSVC_ROOT}/lib/x64/	UNRESOLVED_EXPRESSION	1	FALSE	FALSE	FALSE	2	UNRESOLVED_EXPRESSION
comprehensive_dual_gpu_test	F:/~dev/rawrxd/CMakeLists.txt	2480	${RAWR_VULKAN_INCLUDE}	${RAWR_VULKAN_INCLUDE}	UNRESOLVED_EXPRESSION	1	FALSE	FALSE	FALSE	2	UNRESOLVED_EXPRESSION
comprehensive_dual_gpu_test	F:/~dev/rawrxd/CMakeLists.txt	2481	${RAWR_VULKAN_SDK_ROOT}/Lib	${RAWR_VULKAN_SDK_ROOT}/Lib	UNRESOLVED_EXPRESSION	1	FALSE	FALSE	FALSE	2	UNRESOLVED_EXPRESSION
comprehensive_dual_gpu_test	F:/~dev/rawrxd/CMakeLists.txt	2482	${RAWR_VULKAN_LIB}	${RAWR_VULKAN_LIB}	UNRESOLVED_EXPRESSION	1	FALSE	FALSE	FALSE	2	UNRESOLVED_EXPRESSION
comprehensive_dual_gpu_test	F:/~dev/rawrxd/CMakeLists.txt	2485	 arge _include_direc ories comprehensive_dual_gpu_ es  PRIVATE ${VULKAN_INCLUDE_DIR}	target_include_directories comprehensive_dual_gpu_test PRIVATE ${VULKAN_INCLUDE_DIR}	UNRESOLVED_EXPRESSION	1	FALSE	FALSE	FALSE	2	UNRESOLVED_EXPRESSION
comprehensive_dual_gpu_test	F:/~dev/rawrxd/CMakeLists.txt	2489	 arge _include_direc ories comprehensive_dual_gpu_ es  PRIVATE ${Vulkan_INCLUDE_DIRS}	target_include_directories comprehensive_dual_gpu_test PRIVATE ${Vulkan_INCLUDE_DIRS}	UNRESOLVED_EXPRESSION	1	FALSE	FALSE	FALSE	2	UNRESOLVED_EXPRESSION
decode_step_instrument	F:/~dev/rawrxd/CMakeLists.txt	108552	${CMAKE_SOURCE_DIR}/src ${CMAKE_SOURCE_DIR}/include	${CMAKE_SOURCE_DIR}/src ${CMAKE_SOURCE_DIR}/include	UNRESOLVED_EXPRESSION	1	FALSE	FALSE	FALSE	4	UNRESOLVED_EXPRESSION
decode_step_instrument	F:/~dev/rawrxd/CMakeLists.txt	108555	$<$<NOT:$<CONFIG:Debug>>:/O2> /EHsc /W4 /s d:c++20	$<$<NOT:$<CONFIG:Debug>>:/O2> /EHsc /W4 /std:c++20	UNRESOLVED_EXPRESSION	1	FALSE	FALSE	FALSE	5	UNRESOLVED_EXPRESSION
decode_step_instrument	F:/~dev/rawrxd/CMakeLists.txt	108558	RUNTIME_OUTPUT_DIRECTORY ${CMAKE_BINARY_DIR}/bin	RUNTIME_OUTPUT_DIRECTORY ${CMAKE_BINARY_DIR}/bin	UNRESOLVED_EXPRESSION	1	FALSE	FALSE	FALSE	4	UNRESOLVED_EXPRESSION
decode_step_instrument	F:/~dev/rawrxd/CMakeLists.txt	108560	Mul iThreaded$<$<CONFIG:Debug>:Debug>	MultiThreaded$<$<CONFIG:Debug>:Debug>	UNRESOLVED_EXPRESSION	1	FALSE	FALSE	FALSE	4	UNRESOLVED_EXPRESSION
deep2_attn_cert	F:/~dev/rawrxd/cmake/RawrXDSovereignFinish.cmake	51	${CMAKE_CURRENT_SOURCE_DIR}/src	${CMAKE_CURRENT_SOURCE_DIR}/src	UNRESOLVED_EXPRESSION	1	FALSE	FALSE	FALSE	1	UNRESOLVED_EXPRESSION
deep2_attn_cert	F:/~dev/rawrxd/cmake/RawrXDSovereignFinish.cmake	52	${CMAKE_CURRENT_SOURCE_DIR}/src/agen ic	${CMAKE_CURRENT_SOURCE_DIR}/src/agentic	UNRESOLVED_EXPRESSION	1	FALSE	FALSE	FALSE	1	UNRESOLVED_EXPRESSION
deep2_attn_cert	F:/~dev/rawrxd/cmake/RawrXDSovereignFinish.cmake	53	${CMAKE_CURRENT_SOURCE_DIR}/src/deep2	${CMAKE_CURRENT_SOURCE_DIR}/src/deep2	UNRESOLVED_EXPRESSION	1	FALSE	FALSE	FALSE	1	UNRESOLVED_EXPRESSION
deep2_attn_cert	F:/~dev/rawrxd/cmake/RawrXDSovereignFinish.cmake	54	${CMAKE_CURRENT_SOURCE_DIR}/src/models	${CMAKE_CURRENT_SOURCE_DIR}/src/models	UNRESOLVED_EXPRESSION	1	FALSE	FALSE	FALSE	1	UNRESOLVED_EXPRESSION
deep2_attn_cert	F:/~dev/rawrxd/cmake/RawrXDSovereignFinish.cmake	60	${CMAKE_BINARY_DIR}/bin	${CMAKE_BINARY_DIR}/bin	UNRESOLVED_EXPRESSION	1	FALSE	FALSE	FALSE	1	UNRESOLVED_EXPRESSION
deep2_attn_cert	F:/~dev/rawrxd/cmake/RawrXDSovereignFinish.cmake	65	${CMAKE_CURRENT_SOURCE_DIR}/src/deep2/deep2_ssm_cer .cpp	${CMAKE_CURRENT_SOURCE_DIR}/src/deep2/deep2_ssm_cert.cpp	UNRESOLVED_EXPRESSION	1	FALSE	FALSE	FALSE	1	UNRESOLVED_EXPRESSION
deep2_attn_cert	F:/~dev/rawrxd/cmake/RawrXDSovereignFinish.cmake	66	${CMAKE_CURRENT_SOURCE_DIR}/src/deep2/SsmCer Probe.cpp	${CMAKE_CURRENT_SOURCE_DIR}/src/deep2/SsmCertProbe.cpp	UNRESOLVED_EXPRESSION	1	FALSE	FALSE	FALSE	2	UNRESOLVED_EXPRESSION
deep2_benchmark	F:/~dev/rawrxd/cmake/Deep2BenchmarkCert.fragment.cmake	14	${CMAKE_SOURCE_DIR}/src/deep2/Deep2Benchmark.cpp	${CMAKE_SOURCE_DIR}/src/deep2/Deep2Benchmark.cpp	UNRESOLVED_EXPRESSION	1	FALSE	FALSE	FALSE	1	UNRESOLVED_EXPRESSION
deep2_benchmark	F:/~dev/rawrxd/cmake/Deep2BenchmarkCert.fragment.cmake	15	${CMAKE_SOURCE_DIR}/src/deep2/deep2_benchmark_main.cpp	${CMAKE_SOURCE_DIR}/src/deep2/deep2_benchmark_main.cpp	UNRESOLVED_EXPRESSION	1	FALSE	FALSE	FALSE	1	UNRESOLVED_EXPRESSION
deep2_benchmark	F:/~dev/rawrxd/cmake/Deep2BenchmarkCert.fragment.cmake	18	${CMAKE_SOURCE_DIR}/src	${CMAKE_SOURCE_DIR}/src	UNRESOLVED_EXPRESSION	1	FALSE	FALSE	FALSE	1	UNRESOLVED_EXPRESSION
deep2_benchmark	F:/~dev/rawrxd/cmake/Deep2BenchmarkCert.fragment.cmake	19	${CMAKE_SOURCE_DIR}/src/deep2	${CMAKE_SOURCE_DIR}/src/deep2	UNRESOLVED_EXPRESSION	1	FALSE	FALSE	FALSE	1	UNRESOLVED_EXPRESSION
deep2_benchmark	F:/~dev/rawrxd/cmake/Deep2BenchmarkCert.fragment.cmake	20	${CMAKE_SOURCE_DIR}/include	${CMAKE_SOURCE_DIR}/include	UNRESOLVED_EXPRESSION	1	FALSE	FALSE	FALSE	1	UNRESOLVED_EXPRESSION
deep2_benchmark	F:/~dev/rawrxd/cmake/Deep2BenchmarkCert.fragment.cmake	27	RUNTIME_OUTPUT_DIRECTORY ${CMAKE_BINARY_DIR}/bin	RUNTIME_OUTPUT_DIRECTORY ${CMAKE_BINARY_DIR}/bin	UNRESOLVED_EXPRESSION	1	FALSE	FALSE	FALSE	1	UNRESOLVED_EXPRESSION
deep2_benchmark	F:/~dev/rawrxd/cmake/Deep2BenchmarkCert.fragment.cmake	29	Mul iThreaded$<$<CONFIG:Debug>:Debug>	MultiThreaded$<$<CONFIG:Debug>:Debug>	UNRESOLVED_EXPRESSION	1	FALSE	FALSE	FALSE	1	UNRESOLVED_EXPRESSION
deep2_benchmark	F:/~dev/rawrxd/cmake/Deep2BenchmarkCert.fragment.cmake	34	${CMAKE_SOURCE_DIR}/cer s/k2_useful_ ps_001.cpp	${CMAKE_SOURCE_DIR}/certs/k2_useful_tps_001.cpp	UNRESOLVED_EXPRESSION	1	FALSE	FALSE	FALSE	1	UNRESOLVED_EXPRESSION
deep2_c1_c9	F:/~dev/rawrxd/cmake/Deep2C1C9.fragment.cmake	12	${CMAKE_SOURCE_DIR}/src/deep2	${CMAKE_SOURCE_DIR}/src/deep2	UNRESOLVED_EXPRESSION	1	FALSE	FALSE	FALSE	1	UNRESOLVED_EXPRESSION
deep2_c1_c9	F:/~dev/rawrxd/cmake/Deep2C1C9.fragment.cmake	17	$<$<COMPILE_LANGUAGE:CXX>:/O2>	$<$<COMPILE_LANGUAGE:CXX>:/O2>	UNRESOLVED_EXPRESSION	1	FALSE	FALSE	FALSE	1	UNRESOLVED_EXPRESSION
deep2_c1_c9	F:/~dev/rawrxd/cmake/Deep2C1C9.fragment.cmake	18	$<$<COMPILE_LANGUAGE:CXX>:/W4>	$<$<COMPILE_LANGUAGE:CXX>:/W4>	UNRESOLVED_EXPRESSION	1	FALSE	FALSE	FALSE	1	UNRESOLVED_EXPRESSION
deep2_c1_c9	F:/~dev/rawrxd/cmake/Deep2C1C9.fragment.cmake	19	$<$<COMPILE_LANGUAGE:CXX>:/EHsc>	$<$<COMPILE_LANGUAGE:CXX>:/EHsc>	UNRESOLVED_EXPRESSION	1	FALSE	FALSE	FALSE	1	UNRESOLVED_EXPRESSION
deep2_c1_c9	F:/~dev/rawrxd/cmake/Deep2C1C9.fragment.cmake	22	Mul iThreaded$<$<CONFIG:Debug>:Debug>	MultiThreaded$<$<CONFIG:Debug>:Debug>	UNRESOLVED_EXPRESSION	1	FALSE	FALSE	FALSE	1	UNRESOLVED_EXPRESSION
deep2_c1_c9	F:/~dev/rawrxd/cmake/Deep2C1C9.fragment.cmake	8	${CMAKE_SOURCE_DIR}/src/deep2/K2C1C9.cpp	${CMAKE_SOURCE_DIR}/src/deep2/K2C1C9.cpp	UNRESOLVED_EXPRESSION	1	FALSE	FALSE	FALSE	1	UNRESOLVED_EXPRESSION
deep2_c1_c9	F:/~dev/rawrxd/cmake/Deep2C1C9.fragment.cmake	9	${CMAKE_SOURCE_DIR}/src/deep2/vwa/VwaRangeLineageX64.asm	${CMAKE_SOURCE_DIR}/src/deep2/vwa/VwaRangeLineageX64.asm	UNRESOLVED_EXPRESSION	1	FALSE	FALSE	FALSE	1	UNRESOLVED_EXPRESSION
deep2_canonical_inference_probe	F:/~dev/rawrxd/CMakeLists.txt	108886	${CMAKE_SOURCE_DIR}/src/deep2	${CMAKE_SOURCE_DIR}/src/deep2	UNRESOLVED_EXPRESSION	1	FALSE	FALSE	FALSE	5	UNRESOLVED_EXPRESSION
deep2_canonical_inference_probe	F:/~dev/rawrxd/CMakeLists.txt	108887	${CMAKE_SOURCE_DIR}/src	${CMAKE_SOURCE_DIR}/src	UNRESOLVED_EXPRESSION	1	FALSE	FALSE	FALSE	5	UNRESOLVED_EXPRESSION
deep2_canonical_inference_probe	F:/~dev/rawrxd/CMakeLists.txt	108888	${CMAKE_SOURCE_DIR}/include	${CMAKE_SOURCE_DIR}/include	UNRESOLVED_EXPRESSION	1	FALSE	FALSE	FALSE	5	UNRESOLVED_EXPRESSION
deep2_canonical_inference_probe	F:/~dev/rawrxd/CMakeLists.txt	108891	${RAWR_VULKAN_INCLUDE}	${RAWR_VULKAN_INCLUDE}	UNRESOLVED_EXPRESSION	1	FALSE	FALSE	FALSE	6	UNRESOLVED_EXPRESSION
deep2_canonical_inference_probe	F:/~dev/rawrxd/CMakeLists.txt	108895	$<$<NOT:$<CONFIG:Debug>>:/O2> /EHsc /s d:c++20	$<$<NOT:$<CONFIG:Debug>>:/O2> /EHsc /std:c++20	UNRESOLVED_EXPRESSION	1	FALSE	FALSE	FALSE	6	UNRESOLVED_EXPRESSION
deep2_canonical_inference_probe	F:/~dev/rawrxd/CMakeLists.txt	108898	RUNTIME_OUTPUT_DIRECTORY ${CMAKE_BINARY_DIR}/bin	RUNTIME_OUTPUT_DIRECTORY ${CMAKE_BINARY_DIR}/bin	UNRESOLVED_EXPRESSION	1	FALSE	FALSE	FALSE	5	UNRESOLVED_EXPRESSION
deep2_canonical_inference_probe	F:/~dev/rawrxd/CMakeLists.txt	108915	${CMAKE_BINARY_DIR}/Release/InferenceEngine.lib	${CMAKE_BINARY_DIR}/Release/InferenceEngine.lib	UNRESOLVED_EXPRESSION	1	FALSE	FALSE	FALSE	5	UNRESOLVED_EXPRESSION
deep2_deepseek_live_gen_perf_cert	F:/~dev/rawrxd/CMakeLists.txt	41287	${CMAKE_SOURCE_DIR}/src	${CMAKE_SOURCE_DIR}/src	UNRESOLVED_EXPRESSION	1	FALSE	FALSE	FALSE	3	UNRESOLVED_EXPRESSION
deep2_deepseek_live_gen_perf_cert	F:/~dev/rawrxd/CMakeLists.txt	41288	${CMAKE_SOURCE_DIR}/src/deep2	${CMAKE_SOURCE_DIR}/src/deep2	UNRESOLVED_EXPRESSION	1	FALSE	FALSE	FALSE	3	UNRESOLVED_EXPRESSION
deep2_deepseek_live_gen_perf_cert	F:/~dev/rawrxd/CMakeLists.txt	41289	${CMAKE_SOURCE_DIR}/src/core	${CMAKE_SOURCE_DIR}/src/core	UNRESOLVED_EXPRESSION	1	FALSE	FALSE	FALSE	3	UNRESOLVED_EXPRESSION
deep2_deepseek_live_gen_perf_cert	F:/~dev/rawrxd/CMakeLists.txt	41290	${CMAKE_SOURCE_DIR}/include	${CMAKE_SOURCE_DIR}/include	UNRESOLVED_EXPRESSION	1	FALSE	FALSE	FALSE	3	UNRESOLVED_EXPRESSION
deep2_deepseek_live_gen_perf_cert	F:/~dev/rawrxd/CMakeLists.txt	41293	RUNTIME_OUTPUT_DIRECTORY ${CMAKE_BINARY_DIR}/bin	RUNTIME_OUTPUT_DIRECTORY ${CMAKE_BINARY_DIR}/bin	UNRESOLVED_EXPRESSION	1	FALSE	FALSE	FALSE	3	UNRESOLVED_EXPRESSION
deep2_deepseek_live_gen_perf_cert	F:/~dev/rawrxd/CMakeLists.txt	41295	Mul iThreaded$<$<CONFIG:Debug>:Debug>	MultiThreaded$<$<CONFIG:Debug>:Debug>	UNRESOLVED_EXPRESSION	1	FALSE	FALSE	FALSE	3	UNRESOLVED_EXPRESSION
deep2_end_to_end_bench	F:/~dev/rawrxd/CMakeLists.txt	45642	$<$<CONFIG:Debug>:/Od>	$<$<CONFIG:Debug>:/Od>	UNRESOLVED_EXPRESSION	1	FALSE	FALSE	FALSE	5	UNRESOLVED_EXPRESSION
deep2_end_to_end_bench	F:/~dev/rawrxd/CMakeLists.txt	45643	$<$<NOT:$<CONFIG:Debug>>:/O2>	$<$<NOT:$<CONFIG:Debug>>:/O2>	UNRESOLVED_EXPRESSION	1	FALSE	FALSE	FALSE	5	UNRESOLVED_EXPRESSION
deep2_end_to_end_bench	F:/~dev/rawrxd/CMakeLists.txt	45647	${CMAKE_SOURCE_DIR}/src	${CMAKE_SOURCE_DIR}/src	UNRESOLVED_EXPRESSION	1	FALSE	FALSE	FALSE	4	UNRESOLVED_EXPRESSION
deep2_end_to_end_bench	F:/~dev/rawrxd/CMakeLists.txt	45648	${CMAKE_SOURCE_DIR}/src/deep2	${CMAKE_SOURCE_DIR}/src/deep2	UNRESOLVED_EXPRESSION	1	FALSE	FALSE	FALSE	4	UNRESOLVED_EXPRESSION
deep2_end_to_end_bench	F:/~dev/rawrxd/CMakeLists.txt	45649	${CMAKE_SOURCE_DIR}/src/core	${CMAKE_SOURCE_DIR}/src/core	UNRESOLVED_EXPRESSION	1	FALSE	FALSE	FALSE	4	UNRESOLVED_EXPRESSION
deep2_end_to_end_bench	F:/~dev/rawrxd/CMakeLists.txt	45650	${CMAKE_SOURCE_DIR}/include	${CMAKE_SOURCE_DIR}/include	UNRESOLVED_EXPRESSION	1	FALSE	FALSE	FALSE	4	UNRESOLVED_EXPRESSION
deep2_end_to_end_bench	F:/~dev/rawrxd/CMakeLists.txt	45653	RUNTIME_OUTPUT_DIRECTORY ${CMAKE_BINARY_DIR}/bin	RUNTIME_OUTPUT_DIRECTORY ${CMAKE_BINARY_DIR}/bin	UNRESOLVED_EXPRESSION	1	FALSE	FALSE	FALSE	4	UNRESOLVED_EXPRESSION
deep2_end_to_end_bench	F:/~dev/rawrxd/CMakeLists.txt	45655	Mul iThreaded$<$<CONFIG:Debug>:Debug>	MultiThreaded$<$<CONFIG:Debug>:Debug>	UNRESOLVED_EXPRESSION	1	FALSE	FALSE	FALSE	4	UNRESOLVED_EXPRESSION
deep2_end_to_end_bench	F:/~dev/rawrxd/build_bench/CMakeLists.txt	10	${RAWRXD_SRC}/src/deep2/deep2_end_ o_end_bench.cpp	${RAWRXD_SRC}/src/deep2/deep2_end_to_end_bench.cpp	UNRESOLVED_EXPRESSION	1	FALSE	FALSE	FALSE	0	UNRESOLVED_EXPRESSION
deep2_engine_ssvk_decode_bind_cert	F:/~dev/rawrxd/CMakeLists.txt	40870	${CMAKE_SOURCE_DIR}/src	${CMAKE_SOURCE_DIR}/src	UNRESOLVED_EXPRESSION	1	FALSE	FALSE	FALSE	3	UNRESOLVED_EXPRESSION
deep2_engine_ssvk_decode_bind_cert	F:/~dev/rawrxd/CMakeLists.txt	40871	${CMAKE_SOURCE_DIR}/src/deep2	${CMAKE_SOURCE_DIR}/src/deep2	UNRESOLVED_EXPRESSION	1	FALSE	FALSE	FALSE	3	UNRESOLVED_EXPRESSION
deep2_engine_ssvk_decode_bind_cert	F:/~dev/rawrxd/CMakeLists.txt	40872	${CMAKE_SOURCE_DIR}/src/core	${CMAKE_SOURCE_DIR}/src/core	UNRESOLVED_EXPRESSION	1	FALSE	FALSE	FALSE	3	UNRESOLVED_EXPRESSION
deep2_engine_ssvk_decode_bind_cert	F:/~dev/rawrxd/CMakeLists.txt	40873	${CMAKE_SOURCE_DIR}/include	${CMAKE_SOURCE_DIR}/include	UNRESOLVED_EXPRESSION	1	FALSE	FALSE	FALSE	3	UNRESOLVED_EXPRESSION
deep2_engine_ssvk_decode_bind_cert	F:/~dev/rawrxd/CMakeLists.txt	40874	${CMAKE_SOURCE_DIR}/evidence/RAWRXD_PERFORMANCE_001/DEEP2_ENGINE_SSVK_DECODE_BIND_001/include	${CMAKE_SOURCE_DIR}/evidence/RAWRXD_PERFORMANCE_001/DEEP2_ENGINE_SSVK_DECODE_BIND_001/include	UNRESOLVED_EXPRESSION	1	FALSE	FALSE	FALSE	3	UNRESOLVED_EXPRESSION
deep2_engine_ssvk_decode_bind_cert	F:/~dev/rawrxd/CMakeLists.txt	40877	RUNTIME_OUTPUT_DIRECTORY ${CMAKE_BINARY_DIR}/bin	RUNTIME_OUTPUT_DIRECTORY ${CMAKE_BINARY_DIR}/bin	UNRESOLVED_EXPRESSION	1	FALSE	FALSE	FALSE	3	UNRESOLVED_EXPRESSION
deep2_engine_ssvk_decode_bind_cert	F:/~dev/rawrxd/CMakeLists.txt	40879	Mul iThreaded$<$<CONFIG:Debug>:Debug>	MultiThreaded$<$<CONFIG:Debug>:Debug>	UNRESOLVED_EXPRESSION	1	FALSE	FALSE	FALSE	3	UNRESOLVED_EXPRESSION
deep2_execution_policy_smoke	F:/~dev/rawrxd/CMakeLists.txt	43807	${CMAKE_SOURCE_DIR}/src/deep2	${CMAKE_SOURCE_DIR}/src/deep2	UNRESOLVED_EXPRESSION	1	FALSE	FALSE	FALSE	4	UNRESOLVED_EXPRESSION
deep2_execution_policy_smoke	F:/~dev/rawrxd/CMakeLists.txt	43810	RUNTIME_OUTPUT_DIRECTORY ${CMAKE_BINARY_DIR}/bin	RUNTIME_OUTPUT_DIRECTORY ${CMAKE_BINARY_DIR}/bin	UNRESOLVED_EXPRESSION	1	FALSE	FALSE	FALSE	4	UNRESOLVED_EXPRESSION
deep2_execution_policy_smoke	F:/~dev/rawrxd/CMakeLists.txt	43812	Mul iThreaded$<$<CONFIG:Debug>:Debug>	MultiThreaded$<$<CONFIG:Debug>:Debug>	UNRESOLVED_EXPRESSION	1	FALSE	FALSE	FALSE	4	UNRESOLVED_EXPRESSION
deep2_expert_control_plane_cert	F:/~dev/rawrxd/CMakeLists.txt	2116	RUNTIME_OUTPUT_DIRECTORY ${CMAKE_BINARY_DIR}/bin	RUNTIME_OUTPUT_DIRECTORY ${CMAKE_BINARY_DIR}/bin	UNRESOLVED_EXPRESSION	1	FALSE	FALSE	FALSE	1	UNRESOLVED_EXPRESSION
deep2_expert_control_plane_cert	F:/~dev/rawrxd/CMakeLists.txt	2120	${CMAKE_SOURCE_DIR}	${CMAKE_SOURCE_DIR}	UNRESOLVED_EXPRESSION	1	FALSE	FALSE	FALSE	1	UNRESOLVED_EXPRESSION
deep2_expert_control_plane_cert	F:/~dev/rawrxd/CMakeLists.txt	2121	${CMAKE_SOURCE_DIR}/include	${CMAKE_SOURCE_DIR}/include	UNRESOLVED_EXPRESSION	1	FALSE	FALSE	FALSE	1	UNRESOLVED_EXPRESSION
deep2_expert_control_plane_cert	F:/~dev/rawrxd/CMakeLists.txt	2122	${CMAKE_SOURCE_DIR}/src	${CMAKE_SOURCE_DIR}/src	UNRESOLVED_EXPRESSION	1	FALSE	FALSE	FALSE	1	UNRESOLVED_EXPRESSION
deep2_expert_control_plane_cert	F:/~dev/rawrxd/CMakeLists.txt	2123	${CMAKE_SOURCE_DIR}/src/deep2	${CMAKE_SOURCE_DIR}/src/deep2	UNRESOLVED_EXPRESSION	1	FALSE	FALSE	FALSE	1	UNRESOLVED_EXPRESSION
deep2_expert_control_plane_cert	F:/~dev/rawrxd/CMakeLists.txt	2124	${CMAKE_SOURCE_DIR}/src/deep2/exper _cache	${CMAKE_SOURCE_DIR}/src/deep2/expert_cache	UNRESOLVED_EXPRESSION	1	FALSE	FALSE	FALSE	1	UNRESOLVED_EXPRESSION
deep2_expert_control_plane_cert	F:/~dev/rawrxd/CMakeLists.txt	2130	se _proper y TARGET deep2_exper _con rol_plane_cer  APPEND_STRING PROPERTY LINK_FLAGS  ${_MSVC_ROOT}/lib/x64\	set_property TARGET deep2_expert_control_plane_cert APPEND_STRING PROPERTY LINK_FLAGS  ${_MSVC_ROOT}/lib/x64/	UNRESOLVED_EXPRESSION	1	FALSE	FALSE	FALSE	2	UNRESOLVED_EXPRESSION
deep2_generation_lifecycle_test	F:/~dev/rawrxd/CMakeLists.txt	108688	${CMAKE_SOURCE_DIR}/src/deep2	${CMAKE_SOURCE_DIR}/src/deep2	UNRESOLVED_EXPRESSION	1	FALSE	FALSE	FALSE	5	UNRESOLVED_EXPRESSION
deep2_generation_lifecycle_test	F:/~dev/rawrxd/CMakeLists.txt	108689	${CMAKE_SOURCE_DIR}/src	${CMAKE_SOURCE_DIR}/src	UNRESOLVED_EXPRESSION	1	FALSE	FALSE	FALSE	5	UNRESOLVED_EXPRESSION
deep2_generation_lifecycle_test	F:/~dev/rawrxd/CMakeLists.txt	108690	${CMAKE_SOURCE_DIR}/include	${CMAKE_SOURCE_DIR}/include	UNRESOLVED_EXPRESSION	1	FALSE	FALSE	FALSE	5	UNRESOLVED_EXPRESSION
deep2_generation_lifecycle_test	F:/~dev/rawrxd/CMakeLists.txt	108695	Mul iThreaded$<$<CONFIG:Debug>:Debug>	MultiThreaded$<$<CONFIG:Debug>:Debug>	UNRESOLVED_EXPRESSION	1	FALSE	FALSE	FALSE	6	UNRESOLVED_EXPRESSION
deep2_generation_lifecycle_test	F:/~dev/rawrxd/CMakeLists.txt	108698	RUNTIME_OUTPUT_DIRECTORY ${CMAKE_BINARY_DIR}/bin	RUNTIME_OUTPUT_DIRECTORY ${CMAKE_BINARY_DIR}/bin	UNRESOLVED_EXPRESSION	1	FALSE	FALSE	FALSE	5	UNRESOLVED_EXPRESSION
deep2_giant_moe_paragraph_perf_cert	F:/~dev/rawrxd/CMakeLists.txt	43202	${CMAKE_SOURCE_DIR}/src	${CMAKE_SOURCE_DIR}/src	UNRESOLVED_EXPRESSION	1	FALSE	FALSE	FALSE	4	UNRESOLVED_EXPRESSION
deep2_giant_moe_paragraph_perf_cert	F:/~dev/rawrxd/CMakeLists.txt	43203	${CMAKE_SOURCE_DIR}/src/deep2	${CMAKE_SOURCE_DIR}/src/deep2	UNRESOLVED_EXPRESSION	1	FALSE	FALSE	FALSE	4	UNRESOLVED_EXPRESSION
deep2_giant_moe_paragraph_perf_cert	F:/~dev/rawrxd/CMakeLists.txt	43204	${CMAKE_SOURCE_DIR}/src/core	${CMAKE_SOURCE_DIR}/src/core	UNRESOLVED_EXPRESSION	1	FALSE	FALSE	FALSE	4	UNRESOLVED_EXPRESSION
deep2_giant_moe_paragraph_perf_cert	F:/~dev/rawrxd/CMakeLists.txt	43205	${CMAKE_SOURCE_DIR}/include	${CMAKE_SOURCE_DIR}/include	UNRESOLVED_EXPRESSION	1	FALSE	FALSE	FALSE	4	UNRESOLVED_EXPRESSION
deep2_giant_moe_paragraph_perf_cert	F:/~dev/rawrxd/CMakeLists.txt	43208	RUNTIME_OUTPUT_DIRECTORY ${CMAKE_BINARY_DIR}/bin	RUNTIME_OUTPUT_DIRECTORY ${CMAKE_BINARY_DIR}/bin	UNRESOLVED_EXPRESSION	1	FALSE	FALSE	FALSE	4	UNRESOLVED_EXPRESSION
deep2_giant_moe_paragraph_perf_cert	F:/~dev/rawrxd/CMakeLists.txt	43210	Mul iThreaded$<$<CONFIG:Debug>:Debug>	MultiThreaded$<$<CONFIG:Debug>:Debug>	UNRESOLVED_EXPRESSION	1	FALSE	FALSE	FALSE	4	UNRESOLVED_EXPRESSION
deep2_gpu_dynamic_window_cert	F:/~dev/rawrxd/CMakeLists.txt	40894	${CMAKE_SOURCE_DIR}/src	${CMAKE_SOURCE_DIR}/src	UNRESOLVED_EXPRESSION	1	FALSE	FALSE	FALSE	3	UNRESOLVED_EXPRESSION
deep2_gpu_dynamic_window_cert	F:/~dev/rawrxd/CMakeLists.txt	40895	${CMAKE_SOURCE_DIR}/src/deep2	${CMAKE_SOURCE_DIR}/src/deep2	UNRESOLVED_EXPRESSION	1	FALSE	FALSE	FALSE	3	UNRESOLVED_EXPRESSION
deep2_gpu_dynamic_window_cert	F:/~dev/rawrxd/CMakeLists.txt	40896	${CMAKE_SOURCE_DIR}/src/core	${CMAKE_SOURCE_DIR}/src/core	UNRESOLVED_EXPRESSION	1	FALSE	FALSE	FALSE	3	UNRESOLVED_EXPRESSION
deep2_gpu_dynamic_window_cert	F:/~dev/rawrxd/CMakeLists.txt	40897	${CMAKE_SOURCE_DIR}/include	${CMAKE_SOURCE_DIR}/include	UNRESOLVED_EXPRESSION	1	FALSE	FALSE	FALSE	3	UNRESOLVED_EXPRESSION
deep2_gpu_dynamic_window_cert	F:/~dev/rawrxd/CMakeLists.txt	40900	RUNTIME_OUTPUT_DIRECTORY ${CMAKE_BINARY_DIR}/bin	RUNTIME_OUTPUT_DIRECTORY ${CMAKE_BINARY_DIR}/bin	UNRESOLVED_EXPRESSION	1	FALSE	FALSE	FALSE	3	UNRESOLVED_EXPRESSION
deep2_gpu_dynamic_window_cert	F:/~dev/rawrxd/CMakeLists.txt	40902	Mul iThreaded$<$<CONFIG:Debug>:Debug>	MultiThreaded$<$<CONFIG:Debug>:Debug>	UNRESOLVED_EXPRESSION	1	FALSE	FALSE	FALSE	3	UNRESOLVED_EXPRESSION
deep2_gpu_forward_chain_control	F:/~dev/rawrxd/cmake/Deep2GpuForwardChainControl.cmake	5	${CMAKE_SOURCE_DIR}/src/deep2/con rol/GpuForwardChain.cpp	${CMAKE_SOURCE_DIR}/src/deep2/control/GpuForwardChain.cpp	UNRESOLVED_EXPRESSION	1	FALSE	FALSE	FALSE	0	UNRESOLVED_EXPRESSION
deep2_gpu_forward_ops_cert	F:/~dev/rawrxd/CMakeLists.txt	40623	${CMAKE_SOURCE_DIR}/src	${CMAKE_SOURCE_DIR}/src	UNRESOLVED_EXPRESSION	1	FALSE	FALSE	FALSE	3	UNRESOLVED_EXPRESSION
deep2_gpu_forward_ops_cert	F:/~dev/rawrxd/CMakeLists.txt	40624	${CMAKE_SOURCE_DIR}/src/deep2	${CMAKE_SOURCE_DIR}/src/deep2	UNRESOLVED_EXPRESSION	1	FALSE	FALSE	FALSE	3	UNRESOLVED_EXPRESSION
deep2_gpu_forward_ops_cert	F:/~dev/rawrxd/CMakeLists.txt	40625	${CMAKE_SOURCE_DIR}/src/core	${CMAKE_SOURCE_DIR}/src/core	UNRESOLVED_EXPRESSION	1	FALSE	FALSE	FALSE	3	UNRESOLVED_EXPRESSION
deep2_gpu_forward_ops_cert	F:/~dev/rawrxd/CMakeLists.txt	40626	${CMAKE_SOURCE_DIR}/include	${CMAKE_SOURCE_DIR}/include	UNRESOLVED_EXPRESSION	1	FALSE	FALSE	FALSE	3	UNRESOLVED_EXPRESSION
deep2_gpu_forward_ops_cert	F:/~dev/rawrxd/CMakeLists.txt	40629	RUNTIME_OUTPUT_DIRECTORY ${CMAKE_BINARY_DIR}/bin	RUNTIME_OUTPUT_DIRECTORY ${CMAKE_BINARY_DIR}/bin	UNRESOLVED_EXPRESSION	1	FALSE	FALSE	FALSE	3	UNRESOLVED_EXPRESSION
deep2_gpu_forward_ops_cert	F:/~dev/rawrxd/CMakeLists.txt	40631	Mul iThreaded$<$<CONFIG:Debug>:Debug>	MultiThreaded$<$<CONFIG:Debug>:Debug>	UNRESOLVED_EXPRESSION	1	FALSE	FALSE	FALSE	3	UNRESOLVED_EXPRESSION
deep2_gpu_numeric_parity_cert	F:/~dev/rawrxd/CMakeLists.txt	40755	${CMAKE_SOURCE_DIR}/src	${CMAKE_SOURCE_DIR}/src	UNRESOLVED_EXPRESSION	1	FALSE	FALSE	FALSE	3	UNRESOLVED_EXPRESSION
deep2_gpu_numeric_parity_cert	F:/~dev/rawrxd/CMakeLists.txt	40756	${CMAKE_SOURCE_DIR}/src/deep2	${CMAKE_SOURCE_DIR}/src/deep2	UNRESOLVED_EXPRESSION	1	FALSE	FALSE	FALSE	3	UNRESOLVED_EXPRESSION
deep2_gpu_numeric_parity_cert	F:/~dev/rawrxd/CMakeLists.txt	40757	${CMAKE_SOURCE_DIR}/src/core	${CMAKE_SOURCE_DIR}/src/core	UNRESOLVED_EXPRESSION	1	FALSE	FALSE	FALSE	3	UNRESOLVED_EXPRESSION
deep2_gpu_numeric_parity_cert	F:/~dev/rawrxd/CMakeLists.txt	40758	${CMAKE_SOURCE_DIR}/include	${CMAKE_SOURCE_DIR}/include	UNRESOLVED_EXPRESSION	1	FALSE	FALSE	FALSE	3	UNRESOLVED_EXPRESSION
deep2_gpu_numeric_parity_cert	F:/~dev/rawrxd/CMakeLists.txt	40761	RUNTIME_OUTPUT_DIRECTORY ${CMAKE_BINARY_DIR}/bin	RUNTIME_OUTPUT_DIRECTORY ${CMAKE_BINARY_DIR}/bin	UNRESOLVED_EXPRESSION	1	FALSE	FALSE	FALSE	3	UNRESOLVED_EXPRESSION
deep2_gpu_numeric_parity_cert	F:/~dev/rawrxd/CMakeLists.txt	40763	Mul iThreaded$<$<CONFIG:Debug>:Debug>	MultiThreaded$<$<CONFIG:Debug>:Debug>	UNRESOLVED_EXPRESSION	1	FALSE	FALSE	FALSE	3	UNRESOLVED_EXPRESSION
deep2_gpu_packed_forward_cert	F:/~dev/rawrxd/CMakeLists.txt	40847	${CMAKE_SOURCE_DIR}/src	${CMAKE_SOURCE_DIR}/src	UNRESOLVED_EXPRESSION	1	FALSE	FALSE	FALSE	3	UNRESOLVED_EXPRESSION
deep2_gpu_packed_forward_cert	F:/~dev/rawrxd/CMakeLists.txt	40848	${CMAKE_SOURCE_DIR}/src/deep2	${CMAKE_SOURCE_DIR}/src/deep2	UNRESOLVED_EXPRESSION	1	FALSE	FALSE	FALSE	3	UNRESOLVED_EXPRESSION
deep2_gpu_packed_forward_cert	F:/~dev/rawrxd/CMakeLists.txt	40849	${CMAKE_SOURCE_DIR}/src/core	${CMAKE_SOURCE_DIR}/src/core	UNRESOLVED_EXPRESSION	1	FALSE	FALSE	FALSE	3	UNRESOLVED_EXPRESSION
deep2_gpu_packed_forward_cert	F:/~dev/rawrxd/CMakeLists.txt	40850	${CMAKE_SOURCE_DIR}/include	${CMAKE_SOURCE_DIR}/include	UNRESOLVED_EXPRESSION	1	FALSE	FALSE	FALSE	3	UNRESOLVED_EXPRESSION
deep2_gpu_packed_forward_cert	F:/~dev/rawrxd/CMakeLists.txt	40853	RUNTIME_OUTPUT_DIRECTORY ${CMAKE_BINARY_DIR}/bin	RUNTIME_OUTPUT_DIRECTORY ${CMAKE_BINARY_DIR}/bin	UNRESOLVED_EXPRESSION	1	FALSE	FALSE	FALSE	3	UNRESOLVED_EXPRESSION
deep2_gpu_packed_forward_cert	F:/~dev/rawrxd/CMakeLists.txt	40855	Mul iThreaded$<$<CONFIG:Debug>:Debug>	MultiThreaded$<$<CONFIG:Debug>:Debug>	UNRESOLVED_EXPRESSION	1	FALSE	FALSE	FALSE	3	UNRESOLVED_EXPRESSION
deep2_gpu_q4k_gemv_cert	F:/~dev/rawrxd/CMakeLists.txt	40778	${CMAKE_SOURCE_DIR}/src	${CMAKE_SOURCE_DIR}/src	UNRESOLVED_EXPRESSION	1	FALSE	FALSE	FALSE	3	UNRESOLVED_EXPRESSION
deep2_gpu_q4k_gemv_cert	F:/~dev/rawrxd/CMakeLists.txt	40779	${CMAKE_SOURCE_DIR}/src/deep2	${CMAKE_SOURCE_DIR}/src/deep2	UNRESOLVED_EXPRESSION	1	FALSE	FALSE	FALSE	3	UNRESOLVED_EXPRESSION
deep2_gpu_q4k_gemv_cert	F:/~dev/rawrxd/CMakeLists.txt	40780	${CMAKE_SOURCE_DIR}/src/core	${CMAKE_SOURCE_DIR}/src/core	UNRESOLVED_EXPRESSION	1	FALSE	FALSE	FALSE	3	UNRESOLVED_EXPRESSION
deep2_gpu_q4k_gemv_cert	F:/~dev/rawrxd/CMakeLists.txt	40781	${CMAKE_SOURCE_DIR}/include	${CMAKE_SOURCE_DIR}/include	UNRESOLVED_EXPRESSION	1	FALSE	FALSE	FALSE	3	UNRESOLVED_EXPRESSION
deep2_gpu_q4k_gemv_cert	F:/~dev/rawrxd/CMakeLists.txt	40784	RUNTIME_OUTPUT_DIRECTORY ${CMAKE_BINARY_DIR}/bin	RUNTIME_OUTPUT_DIRECTORY ${CMAKE_BINARY_DIR}/bin	UNRESOLVED_EXPRESSION	1	FALSE	FALSE	FALSE	3	UNRESOLVED_EXPRESSION
deep2_gpu_q4k_gemv_cert	F:/~dev/rawrxd/CMakeLists.txt	40786	Mul iThreaded$<$<CONFIG:Debug>:Debug>	MultiThreaded$<$<CONFIG:Debug>:Debug>	UNRESOLVED_EXPRESSION	1	FALSE	FALSE	FALSE	3	UNRESOLVED_EXPRESSION
deep2_gpu_q6k_gemv_cert	F:/~dev/rawrxd/CMakeLists.txt	40801	${CMAKE_SOURCE_DIR}/src	${CMAKE_SOURCE_DIR}/src	UNRESOLVED_EXPRESSION	1	FALSE	FALSE	FALSE	3	UNRESOLVED_EXPRESSION
deep2_gpu_q6k_gemv_cert	F:/~dev/rawrxd/CMakeLists.txt	40802	${CMAKE_SOURCE_DIR}/src/deep2	${CMAKE_SOURCE_DIR}/src/deep2	UNRESOLVED_EXPRESSION	1	FALSE	FALSE	FALSE	3	UNRESOLVED_EXPRESSION
deep2_gpu_q6k_gemv_cert	F:/~dev/rawrxd/CMakeLists.txt	40803	${CMAKE_SOURCE_DIR}/src/core	${CMAKE_SOURCE_DIR}/src/core	UNRESOLVED_EXPRESSION	1	FALSE	FALSE	FALSE	3	UNRESOLVED_EXPRESSION
deep2_gpu_q6k_gemv_cert	F:/~dev/rawrxd/CMakeLists.txt	40804	${CMAKE_SOURCE_DIR}/include	${CMAKE_SOURCE_DIR}/include	UNRESOLVED_EXPRESSION	1	FALSE	FALSE	FALSE	3	UNRESOLVED_EXPRESSION
deep2_gpu_q6k_gemv_cert	F:/~dev/rawrxd/CMakeLists.txt	40807	RUNTIME_OUTPUT_DIRECTORY ${CMAKE_BINARY_DIR}/bin	RUNTIME_OUTPUT_DIRECTORY ${CMAKE_BINARY_DIR}/bin	UNRESOLVED_EXPRESSION	1	FALSE	FALSE	FALSE	3	UNRESOLVED_EXPRESSION
deep2_gpu_q6k_gemv_cert	F:/~dev/rawrxd/CMakeLists.txt	40809	Mul iThreaded$<$<CONFIG:Debug>:Debug>	MultiThreaded$<$<CONFIG:Debug>:Debug>	UNRESOLVED_EXPRESSION	1	FALSE	FALSE	FALSE	3	UNRESOLVED_EXPRESSION
deep2_gpu_quant_family_cert	F:/~dev/rawrxd/CMakeLists.txt	40824	${CMAKE_SOURCE_DIR}/src	${CMAKE_SOURCE_DIR}/src	UNRESOLVED_EXPRESSION	1	FALSE	FALSE	FALSE	3	UNRESOLVED_EXPRESSION
deep2_gpu_quant_family_cert	F:/~dev/rawrxd/CMakeLists.txt	40825	${CMAKE_SOURCE_DIR}/src/deep2	${CMAKE_SOURCE_DIR}/src/deep2	UNRESOLVED_EXPRESSION	1	FALSE	FALSE	FALSE	3	UNRESOLVED_EXPRESSION
deep2_gpu_quant_family_cert	F:/~dev/rawrxd/CMakeLists.txt	40826	${CMAKE_SOURCE_DIR}/src/core	${CMAKE_SOURCE_DIR}/src/core	UNRESOLVED_EXPRESSION	1	FALSE	FALSE	FALSE	3	UNRESOLVED_EXPRESSION
deep2_gpu_quant_family_cert	F:/~dev/rawrxd/CMakeLists.txt	40827	${CMAKE_SOURCE_DIR}/include	${CMAKE_SOURCE_DIR}/include	UNRESOLVED_EXPRESSION	1	FALSE	FALSE	FALSE	3	UNRESOLVED_EXPRESSION
deep2_gpu_quant_family_cert	F:/~dev/rawrxd/CMakeLists.txt	40830	RUNTIME_OUTPUT_DIRECTORY ${CMAKE_BINARY_DIR}/bin	RUNTIME_OUTPUT_DIRECTORY ${CMAKE_BINARY_DIR}/bin	UNRESOLVED_EXPRESSION	1	FALSE	FALSE	FALSE	3	UNRESOLVED_EXPRESSION
deep2_gpu_quant_family_cert	F:/~dev/rawrxd/CMakeLists.txt	40832	Mul iThreaded$<$<CONFIG:Debug>:Debug>	MultiThreaded$<$<CONFIG:Debug>:Debug>	UNRESOLVED_EXPRESSION	1	FALSE	FALSE	FALSE	3	UNRESOLVED_EXPRESSION
deep2_gpu_resident_decode_cert	F:/~dev/rawrxd/CMakeLists.txt	40646	${CMAKE_SOURCE_DIR}/src	${CMAKE_SOURCE_DIR}/src	UNRESOLVED_EXPRESSION	1	FALSE	FALSE	FALSE	3	UNRESOLVED_EXPRESSION
deep2_gpu_resident_decode_cert	F:/~dev/rawrxd/CMakeLists.txt	40647	${CMAKE_SOURCE_DIR}/src/deep2	${CMAKE_SOURCE_DIR}/src/deep2	UNRESOLVED_EXPRESSION	1	FALSE	FALSE	FALSE	3	UNRESOLVED_EXPRESSION
deep2_gpu_resident_decode_cert	F:/~dev/rawrxd/CMakeLists.txt	40648	${CMAKE_SOURCE_DIR}/src/core	${CMAKE_SOURCE_DIR}/src/core	UNRESOLVED_EXPRESSION	1	FALSE	FALSE	FALSE	3	UNRESOLVED_EXPRESSION
deep2_gpu_resident_decode_cert	F:/~dev/rawrxd/CMakeLists.txt	40649	${CMAKE_SOURCE_DIR}/include	${CMAKE_SOURCE_DIR}/include	UNRESOLVED_EXPRESSION	1	FALSE	FALSE	FALSE	3	UNRESOLVED_EXPRESSION
deep2_gpu_resident_decode_cert	F:/~dev/rawrxd/CMakeLists.txt	40652	RUNTIME_OUTPUT_DIRECTORY ${CMAKE_BINARY_DIR}/bin	RUNTIME_OUTPUT_DIRECTORY ${CMAKE_BINARY_DIR}/bin	UNRESOLVED_EXPRESSION	1	FALSE	FALSE	FALSE	3	UNRESOLVED_EXPRESSION
deep2_gpu_resident_decode_cert	F:/~dev/rawrxd/CMakeLists.txt	40654	Mul iThreaded$<$<CONFIG:Debug>:Debug>	MultiThreaded$<$<CONFIG:Debug>:Debug>	UNRESOLVED_EXPRESSION	1	FALSE	FALSE	FALSE	3	UNRESOLVED_EXPRESSION
deep2_gpu_solo_cert	F:/~dev/rawrxd/CMakeLists.txt	40503	${CMAKE_SOURCE_DIR}/src/deep2	${CMAKE_SOURCE_DIR}/src/deep2	UNRESOLVED_EXPRESSION	1	FALSE	FALSE	FALSE	3	UNRESOLVED_EXPRESSION
deep2_gpu_solo_cert	F:/~dev/rawrxd/CMakeLists.txt	40504	${CMAKE_SOURCE_DIR}/include	${CMAKE_SOURCE_DIR}/include	UNRESOLVED_EXPRESSION	1	FALSE	FALSE	FALSE	3	UNRESOLVED_EXPRESSION
deep2_gpu_solo_cert	F:/~dev/rawrxd/CMakeLists.txt	40507	${RAWR_VULKAN_INCLUDE}	${RAWR_VULKAN_INCLUDE}	UNRESOLVED_EXPRESSION	1	FALSE	FALSE	FALSE	4	UNRESOLVED_EXPRESSION
deep2_gpu_solo_cert	F:/~dev/rawrxd/CMakeLists.txt	40511	RUNTIME_OUTPUT_DIRECTORY ${CMAKE_BINARY_DIR}/bin	RUNTIME_OUTPUT_DIRECTORY ${CMAKE_BINARY_DIR}/bin	UNRESOLVED_EXPRESSION	1	FALSE	FALSE	FALSE	3	UNRESOLVED_EXPRESSION
deep2_gpu_solo_cert	F:/~dev/rawrxd/CMakeLists.txt	40513	Mul iThreaded$<$<CONFIG:Debug>:Debug>	MultiThreaded$<$<CONFIG:Debug>:Debug>	UNRESOLVED_EXPRESSION	1	FALSE	FALSE	FALSE	3	UNRESOLVED_EXPRESSION
deep2_gpu_solo_decode_cert	F:/~dev/rawrxd/CMakeLists.txt	40531	${CMAKE_SOURCE_DIR}/src	${CMAKE_SOURCE_DIR}/src	UNRESOLVED_EXPRESSION	1	FALSE	FALSE	FALSE	3	UNRESOLVED_EXPRESSION
deep2_gpu_solo_decode_cert	F:/~dev/rawrxd/CMakeLists.txt	40532	${CMAKE_SOURCE_DIR}/src/deep2	${CMAKE_SOURCE_DIR}/src/deep2	UNRESOLVED_EXPRESSION	1	FALSE	FALSE	FALSE	3	UNRESOLVED_EXPRESSION
deep2_gpu_solo_decode_cert	F:/~dev/rawrxd/CMakeLists.txt	40533	${CMAKE_SOURCE_DIR}/src/core	${CMAKE_SOURCE_DIR}/src/core	UNRESOLVED_EXPRESSION	1	FALSE	FALSE	FALSE	3	UNRESOLVED_EXPRESSION
deep2_gpu_solo_decode_cert	F:/~dev/rawrxd/CMakeLists.txt	40534	${CMAKE_SOURCE_DIR}/include	${CMAKE_SOURCE_DIR}/include	UNRESOLVED_EXPRESSION	1	FALSE	FALSE	FALSE	3	UNRESOLVED_EXPRESSION
deep2_gpu_solo_decode_cert	F:/~dev/rawrxd/CMakeLists.txt	40537	RUNTIME_OUTPUT_DIRECTORY ${CMAKE_BINARY_DIR}/bin	RUNTIME_OUTPUT_DIRECTORY ${CMAKE_BINARY_DIR}/bin	UNRESOLVED_EXPRESSION	1	FALSE	FALSE	FALSE	3	UNRESOLVED_EXPRESSION
deep2_gpu_solo_decode_cert	F:/~dev/rawrxd/CMakeLists.txt	40539	Mul iThreaded$<$<CONFIG:Debug>:Debug>	MultiThreaded$<$<CONFIG:Debug>:Debug>	UNRESOLVED_EXPRESSION	1	FALSE	FALSE	FALSE	3	UNRESOLVED_EXPRESSION
deep2_gpu_transfer_counter_cert	F:/~dev/rawrxd/CMakeLists.txt	40669	${CMAKE_CURRENT_SOURCE_DIR}/src/deep2	${CMAKE_CURRENT_SOURCE_DIR}/src/deep2	UNRESOLVED_EXPRESSION	1	FALSE	FALSE	FALSE	3	UNRESOLVED_EXPRESSION
deep2_gpu_transfer_counter_cert	F:/~dev/rawrxd/CMakeLists.txt	40670	${CMAKE_CURRENT_SOURCE_DIR}/include	${CMAKE_CURRENT_SOURCE_DIR}/include	UNRESOLVED_EXPRESSION	1	FALSE	FALSE	FALSE	3	UNRESOLVED_EXPRESSION
deep2_gpu_transfer_counter_cert	F:/~dev/rawrxd/CMakeLists.txt	40671	${CMAKE_CURRENT_SOURCE_DIR}/src	${CMAKE_CURRENT_SOURCE_DIR}/src	UNRESOLVED_EXPRESSION	1	FALSE	FALSE	FALSE	3	UNRESOLVED_EXPRESSION
deep2_gpu_transfer_counter_cert	F:/~dev/rawrxd/CMakeLists.txt	40674	${CMAKE_BINARY_DIR}/bin	${CMAKE_BINARY_DIR}/bin	UNRESOLVED_EXPRESSION	1	FALSE	FALSE	FALSE	3	UNRESOLVED_EXPRESSION
deep2_gpu_transfer_overlap_cert	F:/~dev/rawrxd/CMakeLists.txt	40685	$<$<CONFIG:Debug>:/Od>	$<$<CONFIG:Debug>:/Od>	UNRESOLVED_EXPRESSION	1	FALSE	FALSE	FALSE	4	UNRESOLVED_EXPRESSION
deep2_gpu_transfer_overlap_cert	F:/~dev/rawrxd/CMakeLists.txt	40686	$<$<NOT:$<CONFIG:Debug>>:/O2>	$<$<NOT:$<CONFIG:Debug>>:/O2>	UNRESOLVED_EXPRESSION	1	FALSE	FALSE	FALSE	4	UNRESOLVED_EXPRESSION
deep2_gpu_transfer_overlap_cert	F:/~dev/rawrxd/CMakeLists.txt	40690	${CMAKE_CURRENT_SOURCE_DIR}/src/deep2	${CMAKE_CURRENT_SOURCE_DIR}/src/deep2	UNRESOLVED_EXPRESSION	1	FALSE	FALSE	FALSE	3	UNRESOLVED_EXPRESSION
deep2_gpu_transfer_overlap_cert	F:/~dev/rawrxd/CMakeLists.txt	40691	${CMAKE_CURRENT_SOURCE_DIR}/include	${CMAKE_CURRENT_SOURCE_DIR}/include	UNRESOLVED_EXPRESSION	1	FALSE	FALSE	FALSE	3	UNRESOLVED_EXPRESSION
deep2_gpu_transfer_overlap_cert	F:/~dev/rawrxd/CMakeLists.txt	40692	${CMAKE_CURRENT_SOURCE_DIR}/src	${CMAKE_CURRENT_SOURCE_DIR}/src	UNRESOLVED_EXPRESSION	1	FALSE	FALSE	FALSE	3	UNRESOLVED_EXPRESSION
deep2_gpu_transfer_overlap_cert	F:/~dev/rawrxd/CMakeLists.txt	40695	${CMAKE_BINARY_DIR}/bin	${CMAKE_BINARY_DIR}/bin	UNRESOLVED_EXPRESSION	1	FALSE	FALSE	FALSE	3	UNRESOLVED_EXPRESSION
deep2_gpu_transfer_overlap_cert	F:/~dev/rawrxd/CMakeLists.txt	40697	Mul iThreaded$<$<CONFIG:Debug>:Debug>	MultiThreaded$<$<CONFIG:Debug>:Debug>	UNRESOLVED_EXPRESSION	1	FALSE	FALSE	FALSE	3	UNRESOLVED_EXPRESSION
deep2_gpu_weight_prefetch_cert	F:/~dev/rawrxd/CMakeLists.txt	40732	${CMAKE_SOURCE_DIR}/src	${CMAKE_SOURCE_DIR}/src	UNRESOLVED_EXPRESSION	1	FALSE	FALSE	FALSE	3	UNRESOLVED_EXPRESSION
deep2_gpu_weight_prefetch_cert	F:/~dev/rawrxd/CMakeLists.txt	40733	${CMAKE_SOURCE_DIR}/src/deep2	${CMAKE_SOURCE_DIR}/src/deep2	UNRESOLVED_EXPRESSION	1	FALSE	FALSE	FALSE	3	UNRESOLVED_EXPRESSION
deep2_gpu_weight_prefetch_cert	F:/~dev/rawrxd/CMakeLists.txt	40734	${CMAKE_SOURCE_DIR}/src/core	${CMAKE_SOURCE_DIR}/src/core	UNRESOLVED_EXPRESSION	1	FALSE	FALSE	FALSE	3	UNRESOLVED_EXPRESSION
deep2_gpu_weight_prefetch_cert	F:/~dev/rawrxd/CMakeLists.txt	40735	${CMAKE_SOURCE_DIR}/include	${CMAKE_SOURCE_DIR}/include	UNRESOLVED_EXPRESSION	1	FALSE	FALSE	FALSE	3	UNRESOLVED_EXPRESSION
deep2_gpu_weight_prefetch_cert	F:/~dev/rawrxd/CMakeLists.txt	40738	RUNTIME_OUTPUT_DIRECTORY ${CMAKE_BINARY_DIR}/bin	RUNTIME_OUTPUT_DIRECTORY ${CMAKE_BINARY_DIR}/bin	UNRESOLVED_EXPRESSION	1	FALSE	FALSE	FALSE	3	UNRESOLVED_EXPRESSION
deep2_gpu_weight_prefetch_cert	F:/~dev/rawrxd/CMakeLists.txt	40740	Mul iThreaded$<$<CONFIG:Debug>:Debug>	MultiThreaded$<$<CONFIG:Debug>:Debug>	UNRESOLVED_EXPRESSION	1	FALSE	FALSE	FALSE	3	UNRESOLVED_EXPRESSION
deep2_gpu_weight_window_cert	F:/~dev/rawrxd/CMakeLists.txt	40709	${CMAKE_SOURCE_DIR}/src	${CMAKE_SOURCE_DIR}/src	UNRESOLVED_EXPRESSION	1	FALSE	FALSE	FALSE	3	UNRESOLVED_EXPRESSION
deep2_gpu_weight_window_cert	F:/~dev/rawrxd/CMakeLists.txt	40710	${CMAKE_SOURCE_DIR}/src/deep2	${CMAKE_SOURCE_DIR}/src/deep2	UNRESOLVED_EXPRESSION	1	FALSE	FALSE	FALSE	3	UNRESOLVED_EXPRESSION
deep2_gpu_weight_window_cert	F:/~dev/rawrxd/CMakeLists.txt	40711	${CMAKE_SOURCE_DIR}/src/core	${CMAKE_SOURCE_DIR}/src/core	UNRESOLVED_EXPRESSION	1	FALSE	FALSE	FALSE	3	UNRESOLVED_EXPRESSION
deep2_gpu_weight_window_cert	F:/~dev/rawrxd/CMakeLists.txt	40712	${CMAKE_SOURCE_DIR}/include	${CMAKE_SOURCE_DIR}/include	UNRESOLVED_EXPRESSION	1	FALSE	FALSE	FALSE	3	UNRESOLVED_EXPRESSION
deep2_gpu_weight_window_cert	F:/~dev/rawrxd/CMakeLists.txt	40715	RUNTIME_OUTPUT_DIRECTORY ${CMAKE_BINARY_DIR}/bin	RUNTIME_OUTPUT_DIRECTORY ${CMAKE_BINARY_DIR}/bin	UNRESOLVED_EXPRESSION	1	FALSE	FALSE	FALSE	3	UNRESOLVED_EXPRESSION
deep2_gpu_weight_window_cert	F:/~dev/rawrxd/CMakeLists.txt	40717	Mul iThreaded$<$<CONFIG:Debug>:Debug>	MultiThreaded$<$<CONFIG:Debug>:Debug>	UNRESOLVED_EXPRESSION	1	FALSE	FALSE	FALSE	3	UNRESOLVED_EXPRESSION
deep2_hybrid_all_hw_cert	F:/~dev/rawrxd/CMakeLists.txt	40600	${CMAKE_SOURCE_DIR}/src	${CMAKE_SOURCE_DIR}/src	UNRESOLVED_EXPRESSION	1	FALSE	FALSE	FALSE	3	UNRESOLVED_EXPRESSION
deep2_hybrid_all_hw_cert	F:/~dev/rawrxd/CMakeLists.txt	40601	${CMAKE_SOURCE_DIR}/src/deep2	${CMAKE_SOURCE_DIR}/src/deep2	UNRESOLVED_EXPRESSION	1	FALSE	FALSE	FALSE	3	UNRESOLVED_EXPRESSION
deep2_hybrid_all_hw_cert	F:/~dev/rawrxd/CMakeLists.txt	40602	${CMAKE_SOURCE_DIR}/src/core	${CMAKE_SOURCE_DIR}/src/core	UNRESOLVED_EXPRESSION	1	FALSE	FALSE	FALSE	3	UNRESOLVED_EXPRESSION
deep2_hybrid_all_hw_cert	F:/~dev/rawrxd/CMakeLists.txt	40603	${CMAKE_SOURCE_DIR}/include	${CMAKE_SOURCE_DIR}/include	UNRESOLVED_EXPRESSION	1	FALSE	FALSE	FALSE	3	UNRESOLVED_EXPRESSION
deep2_hybrid_all_hw_cert	F:/~dev/rawrxd/CMakeLists.txt	40606	RUNTIME_OUTPUT_DIRECTORY ${CMAKE_BINARY_DIR}/bin	RUNTIME_OUTPUT_DIRECTORY ${CMAKE_BINARY_DIR}/bin	UNRESOLVED_EXPRESSION	1	FALSE	FALSE	FALSE	3	UNRESOLVED_EXPRESSION
deep2_hybrid_all_hw_cert	F:/~dev/rawrxd/CMakeLists.txt	40608	Mul iThreaded$<$<CONFIG:Debug>:Debug>	MultiThreaded$<$<CONFIG:Debug>:Debug>	UNRESOLVED_EXPRESSION	1	FALSE	FALSE	FALSE	3	UNRESOLVED_EXPRESSION
deep2_k2_auto_workload_policy_cert	F:/~dev/rawrxd/CMakeLists.txt	41711	$<$<NOT:$<CONFIG:Debug>>:/O2> /arch:AVX512 /EHsc /W4 /s d:c++20	$<$<NOT:$<CONFIG:Debug>>:/O2> /arch:AVX512 /EHsc /W4 /std:c++20	UNRESOLVED_EXPRESSION	1	FALSE	FALSE	FALSE	4	UNRESOLVED_EXPRESSION
deep2_k2_auto_workload_policy_cert	F:/~dev/rawrxd/CMakeLists.txt	41714	${CMAKE_SOURCE_DIR}/src ${CMAKE_SOURCE_DIR}/src/deep2	${CMAKE_SOURCE_DIR}/src ${CMAKE_SOURCE_DIR}/src/deep2	UNRESOLVED_EXPRESSION	1	FALSE	FALSE	FALSE	3	UNRESOLVED_EXPRESSION
deep2_k2_auto_workload_policy_cert	F:/~dev/rawrxd/CMakeLists.txt	41715	${CMAKE_SOURCE_DIR}/src/core ${CMAKE_SOURCE_DIR}/include	${CMAKE_SOURCE_DIR}/src/core ${CMAKE_SOURCE_DIR}/include	UNRESOLVED_EXPRESSION	1	FALSE	FALSE	FALSE	3	UNRESOLVED_EXPRESSION
deep2_k2_auto_workload_policy_cert	F:/~dev/rawrxd/CMakeLists.txt	41717	RUNTIME_OUTPUT_DIRECTORY ${CMAKE_BINARY_DIR}/bin	RUNTIME_OUTPUT_DIRECTORY ${CMAKE_BINARY_DIR}/bin	UNRESOLVED_EXPRESSION	1	FALSE	FALSE	FALSE	3	UNRESOLVED_EXPRESSION
deep2_k2_auto_workload_policy_cert	F:/~dev/rawrxd/CMakeLists.txt	41719	Mul iThreaded$<$<CONFIG:Debug>:Debug>	MultiThreaded$<$<CONFIG:Debug>:Debug>	UNRESOLVED_EXPRESSION	1	FALSE	FALSE	FALSE	3	UNRESOLVED_EXPRESSION
deep2_k2_e2e_model_size_matrix_cert	F:/~dev/rawrxd/CMakeLists.txt	41732	$<$<NOT:$<CONFIG:Debug>>:/O2> /arch:AVX512 /EHsc /W4 /s d:c++20	$<$<NOT:$<CONFIG:Debug>>:/O2> /arch:AVX512 /EHsc /W4 /std:c++20	UNRESOLVED_EXPRESSION	1	FALSE	FALSE	FALSE	4	UNRESOLVED_EXPRESSION
deep2_k2_e2e_model_size_matrix_cert	F:/~dev/rawrxd/CMakeLists.txt	41735	${CMAKE_SOURCE_DIR}/src ${CMAKE_SOURCE_DIR}/src/deep2	${CMAKE_SOURCE_DIR}/src ${CMAKE_SOURCE_DIR}/src/deep2	UNRESOLVED_EXPRESSION	1	FALSE	FALSE	FALSE	3	UNRESOLVED_EXPRESSION
deep2_k2_e2e_model_size_matrix_cert	F:/~dev/rawrxd/CMakeLists.txt	41736	${CMAKE_SOURCE_DIR}/src/core ${CMAKE_SOURCE_DIR}/include	${CMAKE_SOURCE_DIR}/src/core ${CMAKE_SOURCE_DIR}/include	UNRESOLVED_EXPRESSION	1	FALSE	FALSE	FALSE	3	UNRESOLVED_EXPRESSION
deep2_k2_e2e_model_size_matrix_cert	F:/~dev/rawrxd/CMakeLists.txt	41738	RUNTIME_OUTPUT_DIRECTORY ${CMAKE_BINARY_DIR}/bin	RUNTIME_OUTPUT_DIRECTORY ${CMAKE_BINARY_DIR}/bin	UNRESOLVED_EXPRESSION	1	FALSE	FALSE	FALSE	3	UNRESOLVED_EXPRESSION
deep2_k2_e2e_model_size_matrix_cert	F:/~dev/rawrxd/CMakeLists.txt	41740	Mul iThreaded$<$<CONFIG:Debug>:Debug>	MultiThreaded$<$<CONFIG:Debug>:Debug>	UNRESOLVED_EXPRESSION	1	FALSE	FALSE	FALSE	3	UNRESOLVED_EXPRESSION
deep2_k2_full_depth_combined_policy_cert	F:/~dev/rawrxd/CMakeLists.txt	41628	$<$<NOT:$<CONFIG:Debug>>:/O2> /arch:AVX512 /EHsc /W4 /s d:c++20	$<$<NOT:$<CONFIG:Debug>>:/O2> /arch:AVX512 /EHsc /W4 /std:c++20	UNRESOLVED_EXPRESSION	1	FALSE	FALSE	FALSE	4	UNRESOLVED_EXPRESSION
deep2_k2_full_depth_combined_policy_cert	F:/~dev/rawrxd/CMakeLists.txt	41631	${CMAKE_SOURCE_DIR}/src ${CMAKE_SOURCE_DIR}/src/deep2	${CMAKE_SOURCE_DIR}/src ${CMAKE_SOURCE_DIR}/src/deep2	UNRESOLVED_EXPRESSION	1	FALSE	FALSE	FALSE	3	UNRESOLVED_EXPRESSION
deep2_k2_full_depth_combined_policy_cert	F:/~dev/rawrxd/CMakeLists.txt	41632	${CMAKE_SOURCE_DIR}/src/core ${CMAKE_SOURCE_DIR}/include	${CMAKE_SOURCE_DIR}/src/core ${CMAKE_SOURCE_DIR}/include	UNRESOLVED_EXPRESSION	1	FALSE	FALSE	FALSE	3	UNRESOLVED_EXPRESSION
deep2_k2_full_depth_combined_policy_cert	F:/~dev/rawrxd/CMakeLists.txt	41634	RUNTIME_OUTPUT_DIRECTORY ${CMAKE_BINARY_DIR}/bin	RUNTIME_OUTPUT_DIRECTORY ${CMAKE_BINARY_DIR}/bin	UNRESOLVED_EXPRESSION	1	FALSE	FALSE	FALSE	3	UNRESOLVED_EXPRESSION
deep2_k2_full_depth_combined_policy_cert	F:/~dev/rawrxd/CMakeLists.txt	41636	Mul iThreaded$<$<CONFIG:Debug>:Debug>	MultiThreaded$<$<CONFIG:Debug>:Debug>	UNRESOLVED_EXPRESSION	1	FALSE	FALSE	FALSE	3	UNRESOLVED_EXPRESSION
deep2_k2_full_depth_effectiveness_cert	F:/~dev/rawrxd/CMakeLists.txt	41610	${CMAKE_SOURCE_DIR}/src ${CMAKE_SOURCE_DIR}/src/deep2	${CMAKE_SOURCE_DIR}/src ${CMAKE_SOURCE_DIR}/src/deep2	UNRESOLVED_EXPRESSION	1	FALSE	FALSE	FALSE	3	UNRESOLVED_EXPRESSION
deep2_k2_full_depth_effectiveness_cert	F:/~dev/rawrxd/CMakeLists.txt	41611	${CMAKE_SOURCE_DIR}/src/core ${CMAKE_SOURCE_DIR}/include	${CMAKE_SOURCE_DIR}/src/core ${CMAKE_SOURCE_DIR}/include	UNRESOLVED_EXPRESSION	1	FALSE	FALSE	FALSE	3	UNRESOLVED_EXPRESSION
deep2_k2_full_depth_effectiveness_cert	F:/~dev/rawrxd/CMakeLists.txt	41613	RUNTIME_OUTPUT_DIRECTORY ${CMAKE_BINARY_DIR}/bin	RUNTIME_OUTPUT_DIRECTORY ${CMAKE_BINARY_DIR}/bin	UNRESOLVED_EXPRESSION	1	FALSE	FALSE	FALSE	3	UNRESOLVED_EXPRESSION
deep2_k2_full_depth_effectiveness_cert	F:/~dev/rawrxd/CMakeLists.txt	41615	Mul iThreaded$<$<CONFIG:Debug>:Debug>	MultiThreaded$<$<CONFIG:Debug>:Debug>	UNRESOLVED_EXPRESSION	1	FALSE	FALSE	FALSE	3	UNRESOLVED_EXPRESSION
deep2_k2_full_depth_fused_rebench_cert	F:/~dev/rawrxd/CMakeLists.txt	41672	$<$<NOT:$<CONFIG:Debug>>:/O2> /arch:AVX512 /EHsc /W4 /s d:c++20	$<$<NOT:$<CONFIG:Debug>>:/O2> /arch:AVX512 /EHsc /W4 /std:c++20	UNRESOLVED_EXPRESSION	1	FALSE	FALSE	FALSE	4	UNRESOLVED_EXPRESSION
deep2_k2_full_depth_fused_rebench_cert	F:/~dev/rawrxd/CMakeLists.txt	41675	${CMAKE_SOURCE_DIR}/src ${CMAKE_SOURCE_DIR}/src/deep2	${CMAKE_SOURCE_DIR}/src ${CMAKE_SOURCE_DIR}/src/deep2	UNRESOLVED_EXPRESSION	1	FALSE	FALSE	FALSE	3	UNRESOLVED_EXPRESSION
deep2_k2_full_depth_fused_rebench_cert	F:/~dev/rawrxd/CMakeLists.txt	41676	${CMAKE_SOURCE_DIR}/src/core ${CMAKE_SOURCE_DIR}/include	${CMAKE_SOURCE_DIR}/src/core ${CMAKE_SOURCE_DIR}/include	UNRESOLVED_EXPRESSION	1	FALSE	FALSE	FALSE	3	UNRESOLVED_EXPRESSION
deep2_k2_full_depth_fused_rebench_cert	F:/~dev/rawrxd/CMakeLists.txt	41678	RUNTIME_OUTPUT_DIRECTORY ${CMAKE_BINARY_DIR}/bin	RUNTIME_OUTPUT_DIRECTORY ${CMAKE_BINARY_DIR}/bin	UNRESOLVED_EXPRESSION	1	FALSE	FALSE	FALSE	3	UNRESOLVED_EXPRESSION
deep2_k2_full_depth_fused_rebench_cert	F:/~dev/rawrxd/CMakeLists.txt	41680	Mul iThreaded$<$<CONFIG:Debug>:Debug>	MultiThreaded$<$<CONFIG:Debug>:Debug>	UNRESOLVED_EXPRESSION	1	FALSE	FALSE	FALSE	3	UNRESOLVED_EXPRESSION
deep2_k2_full_depth_trampoline_promotion_cert	F:/~dev/rawrxd/CMakeLists.txt	41650	$<$<NOT:$<CONFIG:Debug>>:/O2> /arch:AVX512 /EHsc /W4 /s d:c++20	$<$<NOT:$<CONFIG:Debug>>:/O2> /arch:AVX512 /EHsc /W4 /std:c++20	UNRESOLVED_EXPRESSION	1	FALSE	FALSE	FALSE	4	UNRESOLVED_EXPRESSION
deep2_k2_full_depth_trampoline_promotion_cert	F:/~dev/rawrxd/CMakeLists.txt	41653	${CMAKE_SOURCE_DIR}/src ${CMAKE_SOURCE_DIR}/src/deep2	${CMAKE_SOURCE_DIR}/src ${CMAKE_SOURCE_DIR}/src/deep2	UNRESOLVED_EXPRESSION	1	FALSE	FALSE	FALSE	3	UNRESOLVED_EXPRESSION
deep2_k2_full_depth_trampoline_promotion_cert	F:/~dev/rawrxd/CMakeLists.txt	41654	${CMAKE_SOURCE_DIR}/src/core ${CMAKE_SOURCE_DIR}/include	${CMAKE_SOURCE_DIR}/src/core ${CMAKE_SOURCE_DIR}/include	UNRESOLVED_EXPRESSION	1	FALSE	FALSE	FALSE	3	UNRESOLVED_EXPRESSION
deep2_k2_full_depth_trampoline_promotion_cert	F:/~dev/rawrxd/CMakeLists.txt	41656	RUNTIME_OUTPUT_DIRECTORY ${CMAKE_BINARY_DIR}/bin	RUNTIME_OUTPUT_DIRECTORY ${CMAKE_BINARY_DIR}/bin	UNRESOLVED_EXPRESSION	1	FALSE	FALSE	FALSE	3	UNRESOLVED_EXPRESSION
deep2_k2_full_depth_trampoline_promotion_cert	F:/~dev/rawrxd/CMakeLists.txt	41658	Mul iThreaded$<$<CONFIG:Debug>:Debug>	MultiThreaded$<$<CONFIG:Debug>:Debug>	UNRESOLVED_EXPRESSION	1	FALSE	FALSE	FALSE	3	UNRESOLVED_EXPRESSION
deep2_k2_gpu_copy_compute_overlap_cert	F:/~dev/rawrxd/CMakeLists.txt	41077	$<$<CONFIG:Debug>:/Od>	$<$<CONFIG:Debug>:/Od>	UNRESOLVED_EXPRESSION	1	FALSE	FALSE	FALSE	4	UNRESOLVED_EXPRESSION
deep2_k2_gpu_copy_compute_overlap_cert	F:/~dev/rawrxd/CMakeLists.txt	41078	$<$<NOT:$<CONFIG:Debug>>:/O2>	$<$<NOT:$<CONFIG:Debug>>:/O2>	UNRESOLVED_EXPRESSION	1	FALSE	FALSE	FALSE	4	UNRESOLVED_EXPRESSION
deep2_k2_gpu_copy_compute_overlap_cert	F:/~dev/rawrxd/CMakeLists.txt	41082	${CMAKE_SOURCE_DIR}/src	${CMAKE_SOURCE_DIR}/src	UNRESOLVED_EXPRESSION	1	FALSE	FALSE	FALSE	3	UNRESOLVED_EXPRESSION
deep2_k2_gpu_copy_compute_overlap_cert	F:/~dev/rawrxd/CMakeLists.txt	41083	${CMAKE_SOURCE_DIR}/src/deep2	${CMAKE_SOURCE_DIR}/src/deep2	UNRESOLVED_EXPRESSION	1	FALSE	FALSE	FALSE	3	UNRESOLVED_EXPRESSION
deep2_k2_gpu_copy_compute_overlap_cert	F:/~dev/rawrxd/CMakeLists.txt	41084	${CMAKE_SOURCE_DIR}/src/core	${CMAKE_SOURCE_DIR}/src/core	UNRESOLVED_EXPRESSION	1	FALSE	FALSE	FALSE	3	UNRESOLVED_EXPRESSION
deep2_k2_gpu_copy_compute_overlap_cert	F:/~dev/rawrxd/CMakeLists.txt	41085	${CMAKE_SOURCE_DIR}/include	${CMAKE_SOURCE_DIR}/include	UNRESOLVED_EXPRESSION	1	FALSE	FALSE	FALSE	3	UNRESOLVED_EXPRESSION
deep2_k2_gpu_copy_compute_overlap_cert	F:/~dev/rawrxd/CMakeLists.txt	41088	RUNTIME_OUTPUT_DIRECTORY ${CMAKE_BINARY_DIR}/bin	RUNTIME_OUTPUT_DIRECTORY ${CMAKE_BINARY_DIR}/bin	UNRESOLVED_EXPRESSION	1	FALSE	FALSE	FALSE	3	UNRESOLVED_EXPRESSION
deep2_k2_gpu_copy_compute_overlap_cert	F:/~dev/rawrxd/CMakeLists.txt	41090	Mul iThreaded$<$<CONFIG:Debug>:Debug>	MultiThreaded$<$<CONFIG:Debug>:Debug>	UNRESOLVED_EXPRESSION	1	FALSE	FALSE	FALSE	3	UNRESOLVED_EXPRESSION
deep2_k2_gpu_mla_full_cert	F:/~dev/rawrxd/CMakeLists.txt	41181	$<$<CONFIG:Debug>:/Od>	$<$<CONFIG:Debug>:/Od>	UNRESOLVED_EXPRESSION	1	FALSE	FALSE	FALSE	4	UNRESOLVED_EXPRESSION
deep2_k2_gpu_mla_full_cert	F:/~dev/rawrxd/CMakeLists.txt	41182	$<$<NOT:$<CONFIG:Debug>>:/O2>	$<$<NOT:$<CONFIG:Debug>>:/O2>	UNRESOLVED_EXPRESSION	1	FALSE	FALSE	FALSE	4	UNRESOLVED_EXPRESSION
deep2_k2_gpu_mla_full_cert	F:/~dev/rawrxd/CMakeLists.txt	41186	${CMAKE_SOURCE_DIR}/src	${CMAKE_SOURCE_DIR}/src	UNRESOLVED_EXPRESSION	1	FALSE	FALSE	FALSE	3	UNRESOLVED_EXPRESSION
deep2_k2_gpu_mla_full_cert	F:/~dev/rawrxd/CMakeLists.txt	41187	${CMAKE_SOURCE_DIR}/src/deep2	${CMAKE_SOURCE_DIR}/src/deep2	UNRESOLVED_EXPRESSION	1	FALSE	FALSE	FALSE	3	UNRESOLVED_EXPRESSION
deep2_k2_gpu_mla_full_cert	F:/~dev/rawrxd/CMakeLists.txt	41188	${CMAKE_SOURCE_DIR}/src/core	${CMAKE_SOURCE_DIR}/src/core	UNRESOLVED_EXPRESSION	1	FALSE	FALSE	FALSE	3	UNRESOLVED_EXPRESSION
deep2_k2_gpu_mla_full_cert	F:/~dev/rawrxd/CMakeLists.txt	41189	${CMAKE_SOURCE_DIR}/include	${CMAKE_SOURCE_DIR}/include	UNRESOLVED_EXPRESSION	1	FALSE	FALSE	FALSE	3	UNRESOLVED_EXPRESSION
deep2_k2_gpu_mla_full_cert	F:/~dev/rawrxd/CMakeLists.txt	41192	RUNTIME_OUTPUT_DIRECTORY ${CMAKE_BINARY_DIR}/bin	RUNTIME_OUTPUT_DIRECTORY ${CMAKE_BINARY_DIR}/bin	UNRESOLVED_EXPRESSION	1	FALSE	FALSE	FALSE	3	UNRESOLVED_EXPRESSION
deep2_k2_gpu_mla_full_cert	F:/~dev/rawrxd/CMakeLists.txt	41194	Mul iThreaded$<$<CONFIG:Debug>:Debug>	MultiThreaded$<$<CONFIG:Debug>:Debug>	UNRESOLVED_EXPRESSION	1	FALSE	FALSE	FALSE	3	UNRESOLVED_EXPRESSION
deep2_k2_gpu_mla_full_depth_cert	F:/~dev/rawrxd/CMakeLists.txt	41207	$<$<CONFIG:Debug>:/Od>	$<$<CONFIG:Debug>:/Od>	UNRESOLVED_EXPRESSION	1	FALSE	FALSE	FALSE	4	UNRESOLVED_EXPRESSION
deep2_k2_gpu_mla_full_depth_cert	F:/~dev/rawrxd/CMakeLists.txt	41208	$<$<NOT:$<CONFIG:Debug>>:/O2>	$<$<NOT:$<CONFIG:Debug>>:/O2>	UNRESOLVED_EXPRESSION	1	FALSE	FALSE	FALSE	4	UNRESOLVED_EXPRESSION
deep2_k2_gpu_mla_full_depth_cert	F:/~dev/rawrxd/CMakeLists.txt	41212	${CMAKE_SOURCE_DIR}/src	${CMAKE_SOURCE_DIR}/src	UNRESOLVED_EXPRESSION	1	FALSE	FALSE	FALSE	3	UNRESOLVED_EXPRESSION
deep2_k2_gpu_mla_full_depth_cert	F:/~dev/rawrxd/CMakeLists.txt	41213	${CMAKE_SOURCE_DIR}/src/deep2	${CMAKE_SOURCE_DIR}/src/deep2	UNRESOLVED_EXPRESSION	1	FALSE	FALSE	FALSE	3	UNRESOLVED_EXPRESSION
deep2_k2_gpu_mla_full_depth_cert	F:/~dev/rawrxd/CMakeLists.txt	41214	${CMAKE_SOURCE_DIR}/src/core	${CMAKE_SOURCE_DIR}/src/core	UNRESOLVED_EXPRESSION	1	FALSE	FALSE	FALSE	3	UNRESOLVED_EXPRESSION
deep2_k2_gpu_mla_full_depth_cert	F:/~dev/rawrxd/CMakeLists.txt	41215	${CMAKE_SOURCE_DIR}/include	${CMAKE_SOURCE_DIR}/include	UNRESOLVED_EXPRESSION	1	FALSE	FALSE	FALSE	3	UNRESOLVED_EXPRESSION
deep2_k2_gpu_mla_full_depth_cert	F:/~dev/rawrxd/CMakeLists.txt	41218	RUNTIME_OUTPUT_DIRECTORY ${CMAKE_BINARY_DIR}/bin	RUNTIME_OUTPUT_DIRECTORY ${CMAKE_BINARY_DIR}/bin	UNRESOLVED_EXPRESSION	1	FALSE	FALSE	FALSE	3	UNRESOLVED_EXPRESSION
deep2_k2_gpu_mla_full_depth_cert	F:/~dev/rawrxd/CMakeLists.txt	41220	Mul iThreaded$<$<CONFIG:Debug>:Debug>	MultiThreaded$<$<CONFIG:Debug>:Debug>	UNRESOLVED_EXPRESSION	1	FALSE	FALSE	FALSE	3	UNRESOLVED_EXPRESSION
deep2_k2_gpu_mla_nu_bridge_cert	F:/~dev/rawrxd/CMakeLists.txt	42956	${CMAKE_SOURCE_DIR}/src ${CMAKE_SOURCE_DIR}/src/deep2	${CMAKE_SOURCE_DIR}/src ${CMAKE_SOURCE_DIR}/src/deep2	UNRESOLVED_EXPRESSION	1	FALSE	FALSE	FALSE	4	UNRESOLVED_EXPRESSION
deep2_k2_gpu_mla_nu_bridge_cert	F:/~dev/rawrxd/CMakeLists.txt	42957	${CMAKE_SOURCE_DIR}/include	${CMAKE_SOURCE_DIR}/include	UNRESOLVED_EXPRESSION	1	FALSE	FALSE	FALSE	4	UNRESOLVED_EXPRESSION
deep2_k2_gpu_mla_nu_bridge_cert	F:/~dev/rawrxd/CMakeLists.txt	42960	${RAWR_VULKAN_INCLUDE}	${RAWR_VULKAN_INCLUDE}	UNRESOLVED_EXPRESSION	1	FALSE	FALSE	FALSE	5	UNRESOLVED_EXPRESSION
deep2_k2_gpu_mla_nu_bridge_cert	F:/~dev/rawrxd/CMakeLists.txt	42965	RUNTIME_OUTPUT_DIRECTORY ${CMAKE_BINARY_DIR}/bin	RUNTIME_OUTPUT_DIRECTORY ${CMAKE_BINARY_DIR}/bin	UNRESOLVED_EXPRESSION	1	FALSE	FALSE	FALSE	4	UNRESOLVED_EXPRESSION
deep2_k2_gpu_mla_nu_bridge_cert	F:/~dev/rawrxd/CMakeLists.txt	42967	Mul iThreaded$<$<CONFIG:Debug>:Debug>	MultiThreaded$<$<CONFIG:Debug>:Debug>	UNRESOLVED_EXPRESSION	1	FALSE	FALSE	FALSE	4	UNRESOLVED_EXPRESSION
deep2_k2_gpu_mla_nu_bridge_cert	F:/~dev/rawrxd/CMakeLists.txt	42973	${CMAKE_CURRENT_SOURCE_DIR}/src/deep2/deep2_nu_perf_cer .cpp	${CMAKE_CURRENT_SOURCE_DIR}/src/deep2/deep2_nu_perf_cert.cpp	UNRESOLVED_EXPRESSION	1	FALSE	FALSE	FALSE	5	UNRESOLVED_EXPRESSION
deep2_k2_gpu_mla_re_cert	F:/~dev/rawrxd/CMakeLists.txt	41233	$<$<CONFIG:Debug>:/Od>	$<$<CONFIG:Debug>:/Od>	UNRESOLVED_EXPRESSION	1	FALSE	FALSE	FALSE	4	UNRESOLVED_EXPRESSION
deep2_k2_gpu_mla_re_cert	F:/~dev/rawrxd/CMakeLists.txt	41234	$<$<NOT:$<CONFIG:Debug>>:/O2>	$<$<NOT:$<CONFIG:Debug>>:/O2>	UNRESOLVED_EXPRESSION	1	FALSE	FALSE	FALSE	4	UNRESOLVED_EXPRESSION
deep2_k2_gpu_mla_re_cert	F:/~dev/rawrxd/CMakeLists.txt	41238	${CMAKE_SOURCE_DIR}/src	${CMAKE_SOURCE_DIR}/src	UNRESOLVED_EXPRESSION	1	FALSE	FALSE	FALSE	3	UNRESOLVED_EXPRESSION
deep2_k2_gpu_mla_re_cert	F:/~dev/rawrxd/CMakeLists.txt	41239	${CMAKE_SOURCE_DIR}/src/deep2	${CMAKE_SOURCE_DIR}/src/deep2	UNRESOLVED_EXPRESSION	1	FALSE	FALSE	FALSE	3	UNRESOLVED_EXPRESSION
deep2_k2_gpu_mla_re_cert	F:/~dev/rawrxd/CMakeLists.txt	41240	${CMAKE_SOURCE_DIR}/src/core	${CMAKE_SOURCE_DIR}/src/core	UNRESOLVED_EXPRESSION	1	FALSE	FALSE	FALSE	3	UNRESOLVED_EXPRESSION
deep2_k2_gpu_mla_re_cert	F:/~dev/rawrxd/CMakeLists.txt	41241	${CMAKE_SOURCE_DIR}/include	${CMAKE_SOURCE_DIR}/include	UNRESOLVED_EXPRESSION	1	FALSE	FALSE	FALSE	3	UNRESOLVED_EXPRESSION
deep2_k2_gpu_mla_re_cert	F:/~dev/rawrxd/CMakeLists.txt	41244	RUNTIME_OUTPUT_DIRECTORY ${CMAKE_BINARY_DIR}/bin	RUNTIME_OUTPUT_DIRECTORY ${CMAKE_BINARY_DIR}/bin	UNRESOLVED_EXPRESSION	1	FALSE	FALSE	FALSE	3	UNRESOLVED_EXPRESSION
deep2_k2_gpu_mla_re_cert	F:/~dev/rawrxd/CMakeLists.txt	41246	Mul iThreaded$<$<CONFIG:Debug>:Debug>	MultiThreaded$<$<CONFIG:Debug>:Debug>	UNRESOLVED_EXPRESSION	1	FALSE	FALSE	FALSE	3	UNRESOLVED_EXPRESSION
deep2_k2_gpu_mla_slot_reuse_cert	F:/~dev/rawrxd/CMakeLists.txt	42903	$<$<NOT:$<CONFIG:Debug>>:/O2> /EHsc /W4 /s d:c++20	$<$<NOT:$<CONFIG:Debug>>:/O2> /EHsc /W4 /std:c++20	UNRESOLVED_EXPRESSION	1	FALSE	FALSE	FALSE	5	UNRESOLVED_EXPRESSION
deep2_k2_gpu_mla_slot_reuse_cert	F:/~dev/rawrxd/CMakeLists.txt	42906	${CMAKE_SOURCE_DIR}/src ${CMAKE_SOURCE_DIR}/src/deep2	${CMAKE_SOURCE_DIR}/src ${CMAKE_SOURCE_DIR}/src/deep2	UNRESOLVED_EXPRESSION	1	FALSE	FALSE	FALSE	4	UNRESOLVED_EXPRESSION
deep2_k2_gpu_mla_slot_reuse_cert	F:/~dev/rawrxd/CMakeLists.txt	42907	${CMAKE_SOURCE_DIR}/include	${CMAKE_SOURCE_DIR}/include	UNRESOLVED_EXPRESSION	1	FALSE	FALSE	FALSE	4	UNRESOLVED_EXPRESSION
deep2_k2_gpu_mla_slot_reuse_cert	F:/~dev/rawrxd/CMakeLists.txt	42910	${RAWR_VULKAN_INCLUDE}	${RAWR_VULKAN_INCLUDE}	UNRESOLVED_EXPRESSION	1	FALSE	FALSE	FALSE	5	UNRESOLVED_EXPRESSION
deep2_k2_gpu_mla_slot_reuse_cert	F:/~dev/rawrxd/CMakeLists.txt	42915	RUNTIME_OUTPUT_DIRECTORY ${CMAKE_BINARY_DIR}/bin	RUNTIME_OUTPUT_DIRECTORY ${CMAKE_BINARY_DIR}/bin	UNRESOLVED_EXPRESSION	1	FALSE	FALSE	FALSE	4	UNRESOLVED_EXPRESSION
deep2_k2_gpu_mla_slot_reuse_cert	F:/~dev/rawrxd/CMakeLists.txt	42917	Mul iThreaded$<$<CONFIG:Debug>:Debug>	MultiThreaded$<$<CONFIG:Debug>:Debug>	UNRESOLVED_EXPRESSION	1	FALSE	FALSE	FALSE	4	UNRESOLVED_EXPRESSION
deep2_k2_gpu_stream_compute_cert	F:/~dev/rawrxd/CMakeLists.txt	41129	$<$<CONFIG:Debug>:/Od>	$<$<CONFIG:Debug>:/Od>	UNRESOLVED_EXPRESSION	1	FALSE	FALSE	FALSE	4	UNRESOLVED_EXPRESSION
deep2_k2_gpu_stream_compute_cert	F:/~dev/rawrxd/CMakeLists.txt	41130	$<$<NOT:$<CONFIG:Debug>>:/O2>	$<$<NOT:$<CONFIG:Debug>>:/O2>	UNRESOLVED_EXPRESSION	1	FALSE	FALSE	FALSE	4	UNRESOLVED_EXPRESSION
deep2_k2_gpu_stream_compute_cert	F:/~dev/rawrxd/CMakeLists.txt	41134	${CMAKE_SOURCE_DIR}/src	${CMAKE_SOURCE_DIR}/src	UNRESOLVED_EXPRESSION	1	FALSE	FALSE	FALSE	3	UNRESOLVED_EXPRESSION
deep2_k2_gpu_stream_compute_cert	F:/~dev/rawrxd/CMakeLists.txt	41135	${CMAKE_SOURCE_DIR}/src/deep2	${CMAKE_SOURCE_DIR}/src/deep2	UNRESOLVED_EXPRESSION	1	FALSE	FALSE	FALSE	3	UNRESOLVED_EXPRESSION
deep2_k2_gpu_stream_compute_cert	F:/~dev/rawrxd/CMakeLists.txt	41136	${CMAKE_SOURCE_DIR}/src/core	${CMAKE_SOURCE_DIR}/src/core	UNRESOLVED_EXPRESSION	1	FALSE	FALSE	FALSE	3	UNRESOLVED_EXPRESSION
deep2_k2_gpu_stream_compute_cert	F:/~dev/rawrxd/CMakeLists.txt	41137	${CMAKE_SOURCE_DIR}/include	${CMAKE_SOURCE_DIR}/include	UNRESOLVED_EXPRESSION	1	FALSE	FALSE	FALSE	3	UNRESOLVED_EXPRESSION
deep2_k2_gpu_stream_compute_cert	F:/~dev/rawrxd/CMakeLists.txt	41140	RUNTIME_OUTPUT_DIRECTORY ${CMAKE_BINARY_DIR}/bin	RUNTIME_OUTPUT_DIRECTORY ${CMAKE_BINARY_DIR}/bin	UNRESOLVED_EXPRESSION	1	FALSE	FALSE	FALSE	3	UNRESOLVED_EXPRESSION
deep2_k2_gpu_stream_compute_cert	F:/~dev/rawrxd/CMakeLists.txt	41142	Mul iThreaded$<$<CONFIG:Debug>:Debug>	MultiThreaded$<$<CONFIG:Debug>:Debug>	UNRESOLVED_EXPRESSION	1	FALSE	FALSE	FALSE	3	UNRESOLVED_EXPRESSION
deep2_k2_gpu_stream_copy_cert	F:/~dev/rawrxd/CMakeLists.txt	41051	$<$<CONFIG:Debug>:/Od>	$<$<CONFIG:Debug>:/Od>	UNRESOLVED_EXPRESSION	1	FALSE	FALSE	FALSE	4	UNRESOLVED_EXPRESSION
deep2_k2_gpu_stream_copy_cert	F:/~dev/rawrxd/CMakeLists.txt	41052	$<$<NOT:$<CONFIG:Debug>>:/O2>	$<$<NOT:$<CONFIG:Debug>>:/O2>	UNRESOLVED_EXPRESSION	1	FALSE	FALSE	FALSE	4	UNRESOLVED_EXPRESSION
deep2_k2_gpu_stream_copy_cert	F:/~dev/rawrxd/CMakeLists.txt	41056	${CMAKE_SOURCE_DIR}/src	${CMAKE_SOURCE_DIR}/src	UNRESOLVED_EXPRESSION	1	FALSE	FALSE	FALSE	3	UNRESOLVED_EXPRESSION
deep2_k2_gpu_stream_copy_cert	F:/~dev/rawrxd/CMakeLists.txt	41057	${CMAKE_SOURCE_DIR}/src/deep2	${CMAKE_SOURCE_DIR}/src/deep2	UNRESOLVED_EXPRESSION	1	FALSE	FALSE	FALSE	3	UNRESOLVED_EXPRESSION
deep2_k2_gpu_stream_copy_cert	F:/~dev/rawrxd/CMakeLists.txt	41058	${CMAKE_SOURCE_DIR}/src/core	${CMAKE_SOURCE_DIR}/src/core	UNRESOLVED_EXPRESSION	1	FALSE	FALSE	FALSE	3	UNRESOLVED_EXPRESSION
deep2_k2_gpu_stream_copy_cert	F:/~dev/rawrxd/CMakeLists.txt	41059	${CMAKE_SOURCE_DIR}/include	${CMAKE_SOURCE_DIR}/include	UNRESOLVED_EXPRESSION	1	FALSE	FALSE	FALSE	3	UNRESOLVED_EXPRESSION
deep2_k2_gpu_stream_copy_cert	F:/~dev/rawrxd/CMakeLists.txt	41062	RUNTIME_OUTPUT_DIRECTORY ${CMAKE_BINARY_DIR}/bin	RUNTIME_OUTPUT_DIRECTORY ${CMAKE_BINARY_DIR}/bin	UNRESOLVED_EXPRESSION	1	FALSE	FALSE	FALSE	3	UNRESOLVED_EXPRESSION
deep2_k2_gpu_stream_copy_cert	F:/~dev/rawrxd/CMakeLists.txt	41064	Mul iThreaded$<$<CONFIG:Debug>:Debug>	MultiThreaded$<$<CONFIG:Debug>:Debug>	UNRESOLVED_EXPRESSION	1	FALSE	FALSE	FALSE	3	UNRESOLVED_EXPRESSION
deep2_k2_gpu_stream_mla_cert	F:/~dev/rawrxd/CMakeLists.txt	41155	$<$<CONFIG:Debug>:/Od>	$<$<CONFIG:Debug>:/Od>	UNRESOLVED_EXPRESSION	1	FALSE	FALSE	FALSE	4	UNRESOLVED_EXPRESSION
deep2_k2_gpu_stream_mla_cert	F:/~dev/rawrxd/CMakeLists.txt	41156	$<$<NOT:$<CONFIG:Debug>>:/O2>	$<$<NOT:$<CONFIG:Debug>>:/O2>	UNRESOLVED_EXPRESSION	1	FALSE	FALSE	FALSE	4	UNRESOLVED_EXPRESSION
deep2_k2_gpu_stream_mla_cert	F:/~dev/rawrxd/CMakeLists.txt	41160	${CMAKE_SOURCE_DIR}/src	${CMAKE_SOURCE_DIR}/src	UNRESOLVED_EXPRESSION	1	FALSE	FALSE	FALSE	3	UNRESOLVED_EXPRESSION
deep2_k2_gpu_stream_mla_cert	F:/~dev/rawrxd/CMakeLists.txt	41161	${CMAKE_SOURCE_DIR}/src/deep2	${CMAKE_SOURCE_DIR}/src/deep2	UNRESOLVED_EXPRESSION	1	FALSE	FALSE	FALSE	3	UNRESOLVED_EXPRESSION
deep2_k2_gpu_stream_mla_cert	F:/~dev/rawrxd/CMakeLists.txt	41162	${CMAKE_SOURCE_DIR}/src/core	${CMAKE_SOURCE_DIR}/src/core	UNRESOLVED_EXPRESSION	1	FALSE	FALSE	FALSE	3	UNRESOLVED_EXPRESSION
deep2_k2_gpu_stream_mla_cert	F:/~dev/rawrxd/CMakeLists.txt	41163	${CMAKE_SOURCE_DIR}/include	${CMAKE_SOURCE_DIR}/include	UNRESOLVED_EXPRESSION	1	FALSE	FALSE	FALSE	3	UNRESOLVED_EXPRESSION
deep2_k2_gpu_stream_mla_cert	F:/~dev/rawrxd/CMakeLists.txt	41166	RUNTIME_OUTPUT_DIRECTORY ${CMAKE_BINARY_DIR}/bin	RUNTIME_OUTPUT_DIRECTORY ${CMAKE_BINARY_DIR}/bin	UNRESOLVED_EXPRESSION	1	FALSE	FALSE	FALSE	3	UNRESOLVED_EXPRESSION
deep2_k2_gpu_stream_mla_cert	F:/~dev/rawrxd/CMakeLists.txt	41168	Mul iThreaded$<$<CONFIG:Debug>:Debug>	MultiThreaded$<$<CONFIG:Debug>:Debug>	UNRESOLVED_EXPRESSION	1	FALSE	FALSE	FALSE	3	UNRESOLVED_EXPRESSION
deep2_k2_live_decode_mla_cert	F:/~dev/rawrxd/CMakeLists.txt	41869	$<$<NOT:$<CONFIG:Debug>>:/O2> /arch:AVX512 /EHsc /W4 /s d:c++20	$<$<NOT:$<CONFIG:Debug>>:/O2> /arch:AVX512 /EHsc /W4 /std:c++20	UNRESOLVED_EXPRESSION	1	FALSE	FALSE	FALSE	4	UNRESOLVED_EXPRESSION
deep2_k2_live_decode_mla_cert	F:/~dev/rawrxd/CMakeLists.txt	41872	${CMAKE_SOURCE_DIR}/src ${CMAKE_SOURCE_DIR}/src/deep2	${CMAKE_SOURCE_DIR}/src ${CMAKE_SOURCE_DIR}/src/deep2	UNRESOLVED_EXPRESSION	1	FALSE	FALSE	FALSE	3	UNRESOLVED_EXPRESSION
deep2_k2_live_decode_mla_cert	F:/~dev/rawrxd/CMakeLists.txt	41873	${CMAKE_SOURCE_DIR}/include	${CMAKE_SOURCE_DIR}/include	UNRESOLVED_EXPRESSION	1	FALSE	FALSE	FALSE	3	UNRESOLVED_EXPRESSION
deep2_k2_live_decode_mla_cert	F:/~dev/rawrxd/CMakeLists.txt	41875	RUNTIME_OUTPUT_DIRECTORY ${CMAKE_BINARY_DIR}/bin	RUNTIME_OUTPUT_DIRECTORY ${CMAKE_BINARY_DIR}/bin	UNRESOLVED_EXPRESSION	1	FALSE	FALSE	FALSE	3	UNRESOLVED_EXPRESSION
deep2_k2_live_decode_mla_cert	F:/~dev/rawrxd/CMakeLists.txt	41877	Mul iThreaded$<$<CONFIG:Debug>:Debug>	MultiThreaded$<$<CONFIG:Debug>:Debug>	UNRESOLVED_EXPRESSION	1	FALSE	FALSE	FALSE	3	UNRESOLVED_EXPRESSION
deep2_k2_live_decode_mla_cert	F:/~dev/rawrxd/CMakeLists.txt	41884	${CMAKE_CURRENT_SOURCE_DIR}/cer s/mla_cer _001.cpp	${CMAKE_CURRENT_SOURCE_DIR}/certs/mla_cert_001.cpp	UNRESOLVED_EXPRESSION	1	FALSE	FALSE	FALSE	4	UNRESOLVED_EXPRESSION
deep2_k2_live_decode_sustained_cert	F:/~dev/rawrxd/CMakeLists.txt	42385	$<$<NOT:$<CONFIG:Debug>>:/O2> /arch:AVX512 /EHsc /W4 /s d:c++20	$<$<NOT:$<CONFIG:Debug>>:/O2> /arch:AVX512 /EHsc /W4 /std:c++20	UNRESOLVED_EXPRESSION	1	FALSE	FALSE	FALSE	4	UNRESOLVED_EXPRESSION
deep2_k2_live_decode_sustained_cert	F:/~dev/rawrxd/CMakeLists.txt	42388	${CMAKE_SOURCE_DIR}/src ${CMAKE_SOURCE_DIR}/src/deep2	${CMAKE_SOURCE_DIR}/src ${CMAKE_SOURCE_DIR}/src/deep2	UNRESOLVED_EXPRESSION	1	FALSE	FALSE	FALSE	3	UNRESOLVED_EXPRESSION
deep2_k2_live_decode_sustained_cert	F:/~dev/rawrxd/CMakeLists.txt	42389	${CMAKE_SOURCE_DIR}/include	${CMAKE_SOURCE_DIR}/include	UNRESOLVED_EXPRESSION	1	FALSE	FALSE	FALSE	3	UNRESOLVED_EXPRESSION
deep2_k2_live_decode_sustained_cert	F:/~dev/rawrxd/CMakeLists.txt	42391	RUNTIME_OUTPUT_DIRECTORY ${CMAKE_BINARY_DIR}/bin	RUNTIME_OUTPUT_DIRECTORY ${CMAKE_BINARY_DIR}/bin	UNRESOLVED_EXPRESSION	1	FALSE	FALSE	FALSE	3	UNRESOLVED_EXPRESSION
deep2_k2_live_decode_sustained_cert	F:/~dev/rawrxd/CMakeLists.txt	42393	Mul iThreaded$<$<CONFIG:Debug>:Debug>	MultiThreaded$<$<CONFIG:Debug>:Debug>	UNRESOLVED_EXPRESSION	1	FALSE	FALSE	FALSE	3	UNRESOLVED_EXPRESSION
deep2_k2_live_gen_perf_cert	F:/~dev/rawrxd/CMakeLists.txt	40979	${CMAKE_SOURCE_DIR}/src	${CMAKE_SOURCE_DIR}/src	UNRESOLVED_EXPRESSION	1	FALSE	FALSE	FALSE	3	UNRESOLVED_EXPRESSION
deep2_k2_live_gen_perf_cert	F:/~dev/rawrxd/CMakeLists.txt	40980	${CMAKE_SOURCE_DIR}/src/deep2	${CMAKE_SOURCE_DIR}/src/deep2	UNRESOLVED_EXPRESSION	1	FALSE	FALSE	FALSE	3	UNRESOLVED_EXPRESSION
deep2_k2_live_gen_perf_cert	F:/~dev/rawrxd/CMakeLists.txt	40981	${CMAKE_SOURCE_DIR}/src/core	${CMAKE_SOURCE_DIR}/src/core	UNRESOLVED_EXPRESSION	1	FALSE	FALSE	FALSE	3	UNRESOLVED_EXPRESSION
deep2_k2_live_gen_perf_cert	F:/~dev/rawrxd/CMakeLists.txt	40982	${CMAKE_SOURCE_DIR}/include	${CMAKE_SOURCE_DIR}/include	UNRESOLVED_EXPRESSION	1	FALSE	FALSE	FALSE	3	UNRESOLVED_EXPRESSION
deep2_k2_live_gen_perf_cert	F:/~dev/rawrxd/CMakeLists.txt	40985	RUNTIME_OUTPUT_DIRECTORY ${CMAKE_BINARY_DIR}/bin	RUNTIME_OUTPUT_DIRECTORY ${CMAKE_BINARY_DIR}/bin	UNRESOLVED_EXPRESSION	1	FALSE	FALSE	FALSE	3	UNRESOLVED_EXPRESSION
deep2_k2_live_gen_perf_cert	F:/~dev/rawrxd/CMakeLists.txt	40987	Mul iThreaded$<$<CONFIG:Debug>:Debug>	MultiThreaded$<$<CONFIG:Debug>:Debug>	UNRESOLVED_EXPRESSION	1	FALSE	FALSE	FALSE	3	UNRESOLVED_EXPRESSION
deep2_k2_live_generate_policy_cert	F:/~dev/rawrxd/CMakeLists.txt	41750	$<$<NOT:$<CONFIG:Debug>>:/O2> /arch:AVX512 /EHsc /W4 /s d:c++20	$<$<NOT:$<CONFIG:Debug>>:/O2> /arch:AVX512 /EHsc /W4 /std:c++20	UNRESOLVED_EXPRESSION	1	FALSE	FALSE	FALSE	4	UNRESOLVED_EXPRESSION
deep2_k2_live_generate_policy_cert	F:/~dev/rawrxd/CMakeLists.txt	41753	${CMAKE_SOURCE_DIR}/src ${CMAKE_SOURCE_DIR}/src/deep2	${CMAKE_SOURCE_DIR}/src ${CMAKE_SOURCE_DIR}/src/deep2	UNRESOLVED_EXPRESSION	1	FALSE	FALSE	FALSE	3	UNRESOLVED_EXPRESSION
deep2_k2_live_generate_policy_cert	F:/~dev/rawrxd/CMakeLists.txt	41754	${CMAKE_SOURCE_DIR}/src/core ${CMAKE_SOURCE_DIR}/include	${CMAKE_SOURCE_DIR}/src/core ${CMAKE_SOURCE_DIR}/include	UNRESOLVED_EXPRESSION	1	FALSE	FALSE	FALSE	3	UNRESOLVED_EXPRESSION
deep2_k2_live_generate_policy_cert	F:/~dev/rawrxd/CMakeLists.txt	41756	RUNTIME_OUTPUT_DIRECTORY ${CMAKE_BINARY_DIR}/bin	RUNTIME_OUTPUT_DIRECTORY ${CMAKE_BINARY_DIR}/bin	UNRESOLVED_EXPRESSION	1	FALSE	FALSE	FALSE	3	UNRESOLVED_EXPRESSION
deep2_k2_live_generate_policy_cert	F:/~dev/rawrxd/CMakeLists.txt	41758	Mul iThreaded$<$<CONFIG:Debug>:Debug>	MultiThreaded$<$<CONFIG:Debug>:Debug>	UNRESOLVED_EXPRESSION	1	FALSE	FALSE	FALSE	3	UNRESOLVED_EXPRESSION
deep2_k2_live_gpu_stream_e2e_cert	F:/~dev/rawrxd/CMakeLists.txt	41103	$<$<CONFIG:Debug>:/Od>	$<$<CONFIG:Debug>:/Od>	UNRESOLVED_EXPRESSION	1	FALSE	FALSE	FALSE	4	UNRESOLVED_EXPRESSION
deep2_k2_live_gpu_stream_e2e_cert	F:/~dev/rawrxd/CMakeLists.txt	41104	$<$<NOT:$<CONFIG:Debug>>:/O2>	$<$<NOT:$<CONFIG:Debug>>:/O2>	UNRESOLVED_EXPRESSION	1	FALSE	FALSE	FALSE	4	UNRESOLVED_EXPRESSION
deep2_k2_live_gpu_stream_e2e_cert	F:/~dev/rawrxd/CMakeLists.txt	41108	${CMAKE_SOURCE_DIR}/src	${CMAKE_SOURCE_DIR}/src	UNRESOLVED_EXPRESSION	1	FALSE	FALSE	FALSE	3	UNRESOLVED_EXPRESSION
deep2_k2_live_gpu_stream_e2e_cert	F:/~dev/rawrxd/CMakeLists.txt	41109	${CMAKE_SOURCE_DIR}/src/deep2	${CMAKE_SOURCE_DIR}/src/deep2	UNRESOLVED_EXPRESSION	1	FALSE	FALSE	FALSE	3	UNRESOLVED_EXPRESSION
deep2_k2_live_gpu_stream_e2e_cert	F:/~dev/rawrxd/CMakeLists.txt	41110	${CMAKE_SOURCE_DIR}/src/core	${CMAKE_SOURCE_DIR}/src/core	UNRESOLVED_EXPRESSION	1	FALSE	FALSE	FALSE	3	UNRESOLVED_EXPRESSION
deep2_k2_live_gpu_stream_e2e_cert	F:/~dev/rawrxd/CMakeLists.txt	41111	${CMAKE_SOURCE_DIR}/include	${CMAKE_SOURCE_DIR}/include	UNRESOLVED_EXPRESSION	1	FALSE	FALSE	FALSE	3	UNRESOLVED_EXPRESSION
deep2_k2_live_gpu_stream_e2e_cert	F:/~dev/rawrxd/CMakeLists.txt	41114	RUNTIME_OUTPUT_DIRECTORY ${CMAKE_BINARY_DIR}/bin	RUNTIME_OUTPUT_DIRECTORY ${CMAKE_BINARY_DIR}/bin	UNRESOLVED_EXPRESSION	1	FALSE	FALSE	FALSE	3	UNRESOLVED_EXPRESSION
deep2_k2_live_gpu_stream_e2e_cert	F:/~dev/rawrxd/CMakeLists.txt	41116	Mul iThreaded$<$<CONFIG:Debug>:Debug>	MultiThreaded$<$<CONFIG:Debug>:Debug>	UNRESOLVED_EXPRESSION	1	FALSE	FALSE	FALSE	3	UNRESOLVED_EXPRESSION
deep2_k2_live_policy_crossover_cert	F:/~dev/rawrxd/CMakeLists.txt	40999	$<$<CONFIG:Debug>:/Od>	$<$<CONFIG:Debug>:/Od>	UNRESOLVED_EXPRESSION	1	FALSE	FALSE	FALSE	4	UNRESOLVED_EXPRESSION
deep2_k2_live_policy_crossover_cert	F:/~dev/rawrxd/CMakeLists.txt	41000	$<$<NOT:$<CONFIG:Debug>>:/O2>	$<$<NOT:$<CONFIG:Debug>>:/O2>	UNRESOLVED_EXPRESSION	1	FALSE	FALSE	FALSE	4	UNRESOLVED_EXPRESSION
deep2_k2_live_policy_crossover_cert	F:/~dev/rawrxd/CMakeLists.txt	41004	${CMAKE_SOURCE_DIR}/src	${CMAKE_SOURCE_DIR}/src	UNRESOLVED_EXPRESSION	1	FALSE	FALSE	FALSE	3	UNRESOLVED_EXPRESSION
deep2_k2_live_policy_crossover_cert	F:/~dev/rawrxd/CMakeLists.txt	41005	${CMAKE_SOURCE_DIR}/src/deep2	${CMAKE_SOURCE_DIR}/src/deep2	UNRESOLVED_EXPRESSION	1	FALSE	FALSE	FALSE	3	UNRESOLVED_EXPRESSION
deep2_k2_live_policy_crossover_cert	F:/~dev/rawrxd/CMakeLists.txt	41006	${CMAKE_SOURCE_DIR}/src/core	${CMAKE_SOURCE_DIR}/src/core	UNRESOLVED_EXPRESSION	1	FALSE	FALSE	FALSE	3	UNRESOLVED_EXPRESSION
deep2_k2_live_policy_crossover_cert	F:/~dev/rawrxd/CMakeLists.txt	41007	${CMAKE_SOURCE_DIR}/include	${CMAKE_SOURCE_DIR}/include	UNRESOLVED_EXPRESSION	1	FALSE	FALSE	FALSE	3	UNRESOLVED_EXPRESSION
deep2_k2_live_policy_crossover_cert	F:/~dev/rawrxd/CMakeLists.txt	41010	RUNTIME_OUTPUT_DIRECTORY ${CMAKE_BINARY_DIR}/bin	RUNTIME_OUTPUT_DIRECTORY ${CMAKE_BINARY_DIR}/bin	UNRESOLVED_EXPRESSION	1	FALSE	FALSE	FALSE	3	UNRESOLVED_EXPRESSION
deep2_k2_live_policy_crossover_cert	F:/~dev/rawrxd/CMakeLists.txt	41012	Mul iThreaded$<$<CONFIG:Debug>:Debug>	MultiThreaded$<$<CONFIG:Debug>:Debug>	UNRESOLVED_EXPRESSION	1	FALSE	FALSE	FALSE	3	UNRESOLVED_EXPRESSION
deep2_k2_live_policy_e2e_cert	F:/~dev/rawrxd/CMakeLists.txt	41025	$<$<CONFIG:Debug>:/Od>	$<$<CONFIG:Debug>:/Od>	UNRESOLVED_EXPRESSION	1	FALSE	FALSE	FALSE	4	UNRESOLVED_EXPRESSION
deep2_k2_live_policy_e2e_cert	F:/~dev/rawrxd/CMakeLists.txt	41026	$<$<NOT:$<CONFIG:Debug>>:/O2>	$<$<NOT:$<CONFIG:Debug>>:/O2>	UNRESOLVED_EXPRESSION	1	FALSE	FALSE	FALSE	4	UNRESOLVED_EXPRESSION
deep2_k2_live_policy_e2e_cert	F:/~dev/rawrxd/CMakeLists.txt	41030	${CMAKE_SOURCE_DIR}/src	${CMAKE_SOURCE_DIR}/src	UNRESOLVED_EXPRESSION	1	FALSE	FALSE	FALSE	3	UNRESOLVED_EXPRESSION
deep2_k2_live_policy_e2e_cert	F:/~dev/rawrxd/CMakeLists.txt	41031	${CMAKE_SOURCE_DIR}/src/deep2	${CMAKE_SOURCE_DIR}/src/deep2	UNRESOLVED_EXPRESSION	1	FALSE	FALSE	FALSE	3	UNRESOLVED_EXPRESSION
deep2_k2_live_policy_e2e_cert	F:/~dev/rawrxd/CMakeLists.txt	41032	${CMAKE_SOURCE_DIR}/src/core	${CMAKE_SOURCE_DIR}/src/core	UNRESOLVED_EXPRESSION	1	FALSE	FALSE	FALSE	3	UNRESOLVED_EXPRESSION
deep2_k2_live_policy_e2e_cert	F:/~dev/rawrxd/CMakeLists.txt	41033	${CMAKE_SOURCE_DIR}/include	${CMAKE_SOURCE_DIR}/include	UNRESOLVED_EXPRESSION	1	FALSE	FALSE	FALSE	3	UNRESOLVED_EXPRESSION
deep2_k2_live_policy_e2e_cert	F:/~dev/rawrxd/CMakeLists.txt	41036	RUNTIME_OUTPUT_DIRECTORY ${CMAKE_BINARY_DIR}/bin	RUNTIME_OUTPUT_DIRECTORY ${CMAKE_BINARY_DIR}/bin	UNRESOLVED_EXPRESSION	1	FALSE	FALSE	FALSE	3	UNRESOLVED_EXPRESSION
deep2_k2_live_policy_e2e_cert	F:/~dev/rawrxd/CMakeLists.txt	41038	Mul iThreaded$<$<CONFIG:Debug>:Debug>	MultiThreaded$<$<CONFIG:Debug>:Debug>	UNRESOLVED_EXPRESSION	1	FALSE	FALSE	FALSE	3	UNRESOLVED_EXPRESSION
deep2_k2_live_policy_split_cert	F:/~dev/rawrxd/CMakeLists.txt	41769	$<$<NOT:$<CONFIG:Debug>>:/O2> /EHsc /W4 /s d:c++20	$<$<NOT:$<CONFIG:Debug>>:/O2> /EHsc /W4 /std:c++20	UNRESOLVED_EXPRESSION	1	FALSE	FALSE	FALSE	4	UNRESOLVED_EXPRESSION
deep2_k2_live_policy_split_cert	F:/~dev/rawrxd/CMakeLists.txt	41772	${CMAKE_SOURCE_DIR}/src ${CMAKE_SOURCE_DIR}/src/deep2	${CMAKE_SOURCE_DIR}/src ${CMAKE_SOURCE_DIR}/src/deep2	UNRESOLVED_EXPRESSION	1	FALSE	FALSE	FALSE	3	UNRESOLVED_EXPRESSION
deep2_k2_live_policy_split_cert	F:/~dev/rawrxd/CMakeLists.txt	41773	${CMAKE_SOURCE_DIR}/src/core ${CMAKE_SOURCE_DIR}/include	${CMAKE_SOURCE_DIR}/src/core ${CMAKE_SOURCE_DIR}/include	UNRESOLVED_EXPRESSION	1	FALSE	FALSE	FALSE	3	UNRESOLVED_EXPRESSION
deep2_k2_live_policy_split_cert	F:/~dev/rawrxd/CMakeLists.txt	41775	RUNTIME_OUTPUT_DIRECTORY ${CMAKE_BINARY_DIR}/bin	RUNTIME_OUTPUT_DIRECTORY ${CMAKE_BINARY_DIR}/bin	UNRESOLVED_EXPRESSION	1	FALSE	FALSE	FALSE	3	UNRESOLVED_EXPRESSION
deep2_k2_live_policy_split_cert	F:/~dev/rawrxd/CMakeLists.txt	41777	Mul iThreaded$<$<CONFIG:Debug>:Debug>	MultiThreaded$<$<CONFIG:Debug>:Debug>	UNRESOLVED_EXPRESSION	1	FALSE	FALSE	FALSE	3	UNRESOLVED_EXPRESSION
deep2_k2_logits_climb_cert	F:/~dev/rawrxd/CMakeLists.txt	42425	$<$<NOT:$<CONFIG:Debug>>:/O2> /arch:AVX512 /EHsc /W4 /s d:c++20	$<$<NOT:$<CONFIG:Debug>>:/O2> /arch:AVX512 /EHsc /W4 /std:c++20	UNRESOLVED_EXPRESSION	1	FALSE	FALSE	FALSE	4	UNRESOLVED_EXPRESSION
deep2_k2_logits_climb_cert	F:/~dev/rawrxd/CMakeLists.txt	42428	${CMAKE_SOURCE_DIR}/src ${CMAKE_SOURCE_DIR}/src/deep2	${CMAKE_SOURCE_DIR}/src ${CMAKE_SOURCE_DIR}/src/deep2	UNRESOLVED_EXPRESSION	1	FALSE	FALSE	FALSE	3	UNRESOLVED_EXPRESSION
deep2_k2_logits_climb_cert	F:/~dev/rawrxd/CMakeLists.txt	42429	${CMAKE_SOURCE_DIR}/include	${CMAKE_SOURCE_DIR}/include	UNRESOLVED_EXPRESSION	1	FALSE	FALSE	FALSE	3	UNRESOLVED_EXPRESSION
deep2_k2_logits_climb_cert	F:/~dev/rawrxd/CMakeLists.txt	42431	RUNTIME_OUTPUT_DIRECTORY ${CMAKE_BINARY_DIR}/bin	RUNTIME_OUTPUT_DIRECTORY ${CMAKE_BINARY_DIR}/bin	UNRESOLVED_EXPRESSION	1	FALSE	FALSE	FALSE	3	UNRESOLVED_EXPRESSION
deep2_k2_logits_climb_cert	F:/~dev/rawrxd/CMakeLists.txt	42433	Mul iThreaded$<$<CONFIG:Debug>:Debug>	MultiThreaded$<$<CONFIG:Debug>:Debug>	UNRESOLVED_EXPRESSION	1	FALSE	FALSE	FALSE	3	UNRESOLVED_EXPRESSION
deep2_k2_logits_gpu_range_attribution_001	F:/~dev/rawrxd/CMakeLists.txt	42473	${CMAKE_SOURCE_DIR}/src/deep2 ${CMAKE_SOURCE_DIR}/src	${CMAKE_SOURCE_DIR}/src/deep2 ${CMAKE_SOURCE_DIR}/src	UNRESOLVED_EXPRESSION	1	FALSE	FALSE	FALSE	3	UNRESOLVED_EXPRESSION
deep2_k2_logits_gpu_range_attribution_001	F:/~dev/rawrxd/CMakeLists.txt	42474	${CMAKE_SOURCE_DIR}/include	${CMAKE_SOURCE_DIR}/include	UNRESOLVED_EXPRESSION	1	FALSE	FALSE	FALSE	3	UNRESOLVED_EXPRESSION
deep2_k2_logits_gpu_range_attribution_001	F:/~dev/rawrxd/CMakeLists.txt	42476	RUNTIME_OUTPUT_DIRECTORY ${CMAKE_BINARY_DIR}/bin	RUNTIME_OUTPUT_DIRECTORY ${CMAKE_BINARY_DIR}/bin	UNRESOLVED_EXPRESSION	1	FALSE	FALSE	FALSE	3	UNRESOLVED_EXPRESSION
deep2_k2_logits_gpu_range_attribution_001	F:/~dev/rawrxd/CMakeLists.txt	42487	include ${CMAKE_SOURCE_DIR}/cmake/Deep2C1C9.fragmen .cmake	include ${CMAKE_SOURCE_DIR}/cmake/Deep2C1C9.fragment.cmake	UNRESOLVED_EXPRESSION	1	FALSE	FALSE	FALSE	2	UNRESOLVED_EXPRESSION
deep2_k2_logits_gpu_range_attribution_001	F:/~dev/rawrxd/CMakeLists.txt	42501	include ${CMAKE_SOURCE_DIR}/cmake/Deep2VwaB3B8.fragmen .cmake	include ${CMAKE_SOURCE_DIR}/cmake/Deep2VwaB3B8.fragment.cmake	UNRESOLVED_EXPRESSION	1	FALSE	FALSE	FALSE	2	UNRESOLVED_EXPRESSION
deep2_k2_logits_gpu_range_attribution_001	F:/~dev/rawrxd/CMakeLists.txt	42502	include ${CMAKE_SOURCE_DIR}/cmake/Deep2VwaConsumerGa es.fragmen .cmake	include ${CMAKE_SOURCE_DIR}/cmake/Deep2VwaConsumerGates.fragment.cmake	UNRESOLVED_EXPRESSION	1	FALSE	FALSE	FALSE	2	UNRESOLVED_EXPRESSION
deep2_k2_logits_gpu_range_attribution_001	F:/~dev/rawrxd/CMakeLists.txt	42511	Ollama-s yle `rawr run <alias>` fron  door  Deep2 .	Ollama-style `rawr run <alias>` front door  Deep2 .	LITERAL	1	FALSE	FALSE	FALSE	2	ACTIVE_MISSING
deep2_k2_logits_q6k_resident_cert	F:/~dev/rawrxd/CMakeLists.txt	41950	$<$<NOT:$<CONFIG:Debug>>:/O2> /arch:AVX512 /EHsc /W4 /s d:c++20	$<$<NOT:$<CONFIG:Debug>>:/O2> /arch:AVX512 /EHsc /W4 /std:c++20	UNRESOLVED_EXPRESSION	1	FALSE	FALSE	FALSE	4	UNRESOLVED_EXPRESSION
deep2_k2_logits_q6k_resident_cert	F:/~dev/rawrxd/CMakeLists.txt	41953	${CMAKE_SOURCE_DIR}/src ${CMAKE_SOURCE_DIR}/src/deep2	${CMAKE_SOURCE_DIR}/src ${CMAKE_SOURCE_DIR}/src/deep2	UNRESOLVED_EXPRESSION	1	FALSE	FALSE	FALSE	3	UNRESOLVED_EXPRESSION
deep2_k2_logits_q6k_resident_cert	F:/~dev/rawrxd/CMakeLists.txt	41954	${CMAKE_SOURCE_DIR}/include	${CMAKE_SOURCE_DIR}/include	UNRESOLVED_EXPRESSION	1	FALSE	FALSE	FALSE	3	UNRESOLVED_EXPRESSION
deep2_k2_logits_q6k_resident_cert	F:/~dev/rawrxd/CMakeLists.txt	41956	RUNTIME_OUTPUT_DIRECTORY ${CMAKE_BINARY_DIR}/bin	RUNTIME_OUTPUT_DIRECTORY ${CMAKE_BINARY_DIR}/bin	UNRESOLVED_EXPRESSION	1	FALSE	FALSE	FALSE	3	UNRESOLVED_EXPRESSION
deep2_k2_logits_q6k_resident_cert	F:/~dev/rawrxd/CMakeLists.txt	41958	Mul iThreaded$<$<CONFIG:Debug>:Debug>	MultiThreaded$<$<CONFIG:Debug>:Debug>	UNRESOLVED_EXPRESSION	1	FALSE	FALSE	FALSE	3	UNRESOLVED_EXPRESSION
deep2_k2_logits_vwa_lineage_001	F:/~dev/rawrxd/CMakeLists.txt	41376	${CMAKE_SOURCE_DIR}/src/deep2	${CMAKE_SOURCE_DIR}/src/deep2	UNRESOLVED_EXPRESSION	1	FALSE	FALSE	FALSE	3	UNRESOLVED_EXPRESSION
deep2_k2_logits_vwa_lineage_001	F:/~dev/rawrxd/CMakeLists.txt	41377	${CMAKE_SOURCE_DIR}/src	${CMAKE_SOURCE_DIR}/src	UNRESOLVED_EXPRESSION	1	FALSE	FALSE	FALSE	3	UNRESOLVED_EXPRESSION
deep2_k2_logits_vwa_lineage_001	F:/~dev/rawrxd/CMakeLists.txt	41378	${CMAKE_SOURCE_DIR}/include	${CMAKE_SOURCE_DIR}/include	UNRESOLVED_EXPRESSION	1	FALSE	FALSE	FALSE	3	UNRESOLVED_EXPRESSION
deep2_k2_logits_vwa_lineage_001	F:/~dev/rawrxd/CMakeLists.txt	41384	RUNTIME_OUTPUT_DIRECTORY ${CMAKE_BINARY_DIR}/bin	RUNTIME_OUTPUT_DIRECTORY ${CMAKE_BINARY_DIR}/bin	UNRESOLVED_EXPRESSION	1	FALSE	FALSE	FALSE	3	UNRESOLVED_EXPRESSION
deep2_k2_logits_vwa_lineage_001	F:/~dev/rawrxd/CMakeLists.txt	41386	Mul iThreaded$<$<CONFIG:Debug>:Debug>	MultiThreaded$<$<CONFIG:Debug>:Debug>	UNRESOLVED_EXPRESSION	1	FALSE	FALSE	FALSE	3	UNRESOLVED_EXPRESSION
deep2_k2_mla_full_depth_soak_cert	F:/~dev/rawrxd/CMakeLists.txt	41849	$<$<NOT:$<CONFIG:Debug>>:/O2> /arch:AVX512 /EHsc /W4 /s d:c++20	$<$<NOT:$<CONFIG:Debug>>:/O2> /arch:AVX512 /EHsc /W4 /std:c++20	UNRESOLVED_EXPRESSION	1	FALSE	FALSE	FALSE	4	UNRESOLVED_EXPRESSION
deep2_k2_mla_full_depth_soak_cert	F:/~dev/rawrxd/CMakeLists.txt	41852	${CMAKE_SOURCE_DIR}/src ${CMAKE_SOURCE_DIR}/src/deep2	${CMAKE_SOURCE_DIR}/src ${CMAKE_SOURCE_DIR}/src/deep2	UNRESOLVED_EXPRESSION	1	FALSE	FALSE	FALSE	3	UNRESOLVED_EXPRESSION
deep2_k2_mla_full_depth_soak_cert	F:/~dev/rawrxd/CMakeLists.txt	41853	${CMAKE_SOURCE_DIR}/include	${CMAKE_SOURCE_DIR}/include	UNRESOLVED_EXPRESSION	1	FALSE	FALSE	FALSE	3	UNRESOLVED_EXPRESSION
deep2_k2_mla_full_depth_soak_cert	F:/~dev/rawrxd/CMakeLists.txt	41855	RUNTIME_OUTPUT_DIRECTORY ${CMAKE_BINARY_DIR}/bin	RUNTIME_OUTPUT_DIRECTORY ${CMAKE_BINARY_DIR}/bin	UNRESOLVED_EXPRESSION	1	FALSE	FALSE	FALSE	3	UNRESOLVED_EXPRESSION
deep2_k2_mla_full_depth_soak_cert	F:/~dev/rawrxd/CMakeLists.txt	41857	Mul iThreaded$<$<CONFIG:Debug>:Debug>	MultiThreaded$<$<CONFIG:Debug>:Debug>	UNRESOLVED_EXPRESSION	1	FALSE	FALSE	FALSE	3	UNRESOLVED_EXPRESSION
deep2_k2_mla_fused_q4kt_cert	F:/~dev/rawrxd/CMakeLists.txt	41910	$<$<NOT:$<CONFIG:Debug>>:/O2> /arch:AVX512 /EHsc /W4 /s d:c++20	$<$<NOT:$<CONFIG:Debug>>:/O2> /arch:AVX512 /EHsc /W4 /std:c++20	UNRESOLVED_EXPRESSION	1	FALSE	FALSE	FALSE	4	UNRESOLVED_EXPRESSION
deep2_k2_mla_fused_q4kt_cert	F:/~dev/rawrxd/CMakeLists.txt	41913	${CMAKE_SOURCE_DIR}/src ${CMAKE_SOURCE_DIR}/src/deep2	${CMAKE_SOURCE_DIR}/src ${CMAKE_SOURCE_DIR}/src/deep2	UNRESOLVED_EXPRESSION	1	FALSE	FALSE	FALSE	3	UNRESOLVED_EXPRESSION
deep2_k2_mla_fused_q4kt_cert	F:/~dev/rawrxd/CMakeLists.txt	41914	${CMAKE_SOURCE_DIR}/include	${CMAKE_SOURCE_DIR}/include	UNRESOLVED_EXPRESSION	1	FALSE	FALSE	FALSE	3	UNRESOLVED_EXPRESSION
deep2_k2_mla_fused_q4kt_cert	F:/~dev/rawrxd/CMakeLists.txt	41916	RUNTIME_OUTPUT_DIRECTORY ${CMAKE_BINARY_DIR}/bin	RUNTIME_OUTPUT_DIRECTORY ${CMAKE_BINARY_DIR}/bin	UNRESOLVED_EXPRESSION	1	FALSE	FALSE	FALSE	3	UNRESOLVED_EXPRESSION
deep2_k2_mla_fused_q4kt_cert	F:/~dev/rawrxd/CMakeLists.txt	41918	Mul iThreaded$<$<CONFIG:Debug>:Debug>	MultiThreaded$<$<CONFIG:Debug>:Debug>	UNRESOLVED_EXPRESSION	1	FALSE	FALSE	FALSE	3	UNRESOLVED_EXPRESSION
deep2_k2_mla_kv_expand_cert	F:/~dev/rawrxd/CMakeLists.txt	41970	$<$<NOT:$<CONFIG:Debug>>:/O2> /arch:AVX512 /EHsc /W4 /s d:c++20	$<$<NOT:$<CONFIG:Debug>>:/O2> /arch:AVX512 /EHsc /W4 /std:c++20	UNRESOLVED_EXPRESSION	1	FALSE	FALSE	FALSE	4	UNRESOLVED_EXPRESSION
deep2_k2_mla_kv_expand_cert	F:/~dev/rawrxd/CMakeLists.txt	41973	${CMAKE_SOURCE_DIR}/src ${CMAKE_SOURCE_DIR}/src/deep2	${CMAKE_SOURCE_DIR}/src ${CMAKE_SOURCE_DIR}/src/deep2	UNRESOLVED_EXPRESSION	1	FALSE	FALSE	FALSE	3	UNRESOLVED_EXPRESSION
deep2_k2_mla_kv_expand_cert	F:/~dev/rawrxd/CMakeLists.txt	41974	${CMAKE_SOURCE_DIR}/include	${CMAKE_SOURCE_DIR}/include	UNRESOLVED_EXPRESSION	1	FALSE	FALSE	FALSE	3	UNRESOLVED_EXPRESSION
deep2_k2_mla_kv_expand_cert	F:/~dev/rawrxd/CMakeLists.txt	41976	RUNTIME_OUTPUT_DIRECTORY ${CMAKE_BINARY_DIR}/bin	RUNTIME_OUTPUT_DIRECTORY ${CMAKE_BINARY_DIR}/bin	UNRESOLVED_EXPRESSION	1	FALSE	FALSE	FALSE	3	UNRESOLVED_EXPRESSION
deep2_k2_mla_kv_expand_cert	F:/~dev/rawrxd/CMakeLists.txt	41978	Mul iThreaded$<$<CONFIG:Debug>:Debug>	MultiThreaded$<$<CONFIG:Debug>:Debug>	UNRESOLVED_EXPRESSION	1	FALSE	FALSE	FALSE	3	UNRESOLVED_EXPRESSION
deep2_k2_mla_kv_expand_opt_cert	F:/~dev/rawrxd/CMakeLists.txt	41990	$<$<NOT:$<CONFIG:Debug>>:/O2> /arch:AVX512 /EHsc /W4 /s d:c++20	$<$<NOT:$<CONFIG:Debug>>:/O2> /arch:AVX512 /EHsc /W4 /std:c++20	UNRESOLVED_EXPRESSION	1	FALSE	FALSE	FALSE	4	UNRESOLVED_EXPRESSION
deep2_k2_mla_kv_expand_opt_cert	F:/~dev/rawrxd/CMakeLists.txt	41993	${CMAKE_SOURCE_DIR}/src ${CMAKE_SOURCE_DIR}/src/deep2	${CMAKE_SOURCE_DIR}/src ${CMAKE_SOURCE_DIR}/src/deep2	UNRESOLVED_EXPRESSION	1	FALSE	FALSE	FALSE	3	UNRESOLVED_EXPRESSION
deep2_k2_mla_kv_expand_opt_cert	F:/~dev/rawrxd/CMakeLists.txt	41994	${CMAKE_SOURCE_DIR}/include	${CMAKE_SOURCE_DIR}/include	UNRESOLVED_EXPRESSION	1	FALSE	FALSE	FALSE	3	UNRESOLVED_EXPRESSION
deep2_k2_mla_kv_expand_opt_cert	F:/~dev/rawrxd/CMakeLists.txt	41996	RUNTIME_OUTPUT_DIRECTORY ${CMAKE_BINARY_DIR}/bin	RUNTIME_OUTPUT_DIRECTORY ${CMAKE_BINARY_DIR}/bin	UNRESOLVED_EXPRESSION	1	FALSE	FALSE	FALSE	3	UNRESOLVED_EXPRESSION
deep2_k2_mla_kv_expand_opt_cert	F:/~dev/rawrxd/CMakeLists.txt	41998	Mul iThreaded$<$<CONFIG:Debug>:Debug>	MultiThreaded$<$<CONFIG:Debug>:Debug>	UNRESOLVED_EXPRESSION	1	FALSE	FALSE	FALSE	3	UNRESOLVED_EXPRESSION
deep2_k2_mla_qa_critical_cert	F:/~dev/rawrxd/CMakeLists.txt	42030	$<$<NOT:$<CONFIG:Debug>>:/O2> /arch:AVX512 /EHsc /W4 /s d:c++20	$<$<NOT:$<CONFIG:Debug>>:/O2> /arch:AVX512 /EHsc /W4 /std:c++20	UNRESOLVED_EXPRESSION	1	FALSE	FALSE	FALSE	4	UNRESOLVED_EXPRESSION
deep2_k2_mla_qa_critical_cert	F:/~dev/rawrxd/CMakeLists.txt	42033	${CMAKE_SOURCE_DIR}/src ${CMAKE_SOURCE_DIR}/src/deep2	${CMAKE_SOURCE_DIR}/src ${CMAKE_SOURCE_DIR}/src/deep2	UNRESOLVED_EXPRESSION	1	FALSE	FALSE	FALSE	3	UNRESOLVED_EXPRESSION
deep2_k2_mla_qa_critical_cert	F:/~dev/rawrxd/CMakeLists.txt	42034	${CMAKE_SOURCE_DIR}/include	${CMAKE_SOURCE_DIR}/include	UNRESOLVED_EXPRESSION	1	FALSE	FALSE	FALSE	3	UNRESOLVED_EXPRESSION
deep2_k2_mla_qa_critical_cert	F:/~dev/rawrxd/CMakeLists.txt	42036	RUNTIME_OUTPUT_DIRECTORY ${CMAKE_BINARY_DIR}/bin	RUNTIME_OUTPUT_DIRECTORY ${CMAKE_BINARY_DIR}/bin	UNRESOLVED_EXPRESSION	1	FALSE	FALSE	FALSE	3	UNRESOLVED_EXPRESSION
deep2_k2_mla_qa_critical_cert	F:/~dev/rawrxd/CMakeLists.txt	42038	Mul iThreaded$<$<CONFIG:Debug>:Debug>	MultiThreaded$<$<CONFIG:Debug>:Debug>	UNRESOLVED_EXPRESSION	1	FALSE	FALSE	FALSE	3	UNRESOLVED_EXPRESSION
deep2_k2_mla_qkv_proj_cert	F:/~dev/rawrxd/CMakeLists.txt	42010	$<$<NOT:$<CONFIG:Debug>>:/O2> /arch:AVX512 /EHsc /W4 /s d:c++20	$<$<NOT:$<CONFIG:Debug>>:/O2> /arch:AVX512 /EHsc /W4 /std:c++20	UNRESOLVED_EXPRESSION	1	FALSE	FALSE	FALSE	4	UNRESOLVED_EXPRESSION
deep2_k2_mla_qkv_proj_cert	F:/~dev/rawrxd/CMakeLists.txt	42013	${CMAKE_SOURCE_DIR}/src ${CMAKE_SOURCE_DIR}/src/deep2	${CMAKE_SOURCE_DIR}/src ${CMAKE_SOURCE_DIR}/src/deep2	UNRESOLVED_EXPRESSION	1	FALSE	FALSE	FALSE	3	UNRESOLVED_EXPRESSION
deep2_k2_mla_qkv_proj_cert	F:/~dev/rawrxd/CMakeLists.txt	42014	${CMAKE_SOURCE_DIR}/include	${CMAKE_SOURCE_DIR}/include	UNRESOLVED_EXPRESSION	1	FALSE	FALSE	FALSE	3	UNRESOLVED_EXPRESSION
deep2_k2_mla_qkv_proj_cert	F:/~dev/rawrxd/CMakeLists.txt	42016	RUNTIME_OUTPUT_DIRECTORY ${CMAKE_BINARY_DIR}/bin	RUNTIME_OUTPUT_DIRECTORY ${CMAKE_BINARY_DIR}/bin	UNRESOLVED_EXPRESSION	1	FALSE	FALSE	FALSE	3	UNRESOLVED_EXPRESSION
deep2_k2_mla_qkv_proj_cert	F:/~dev/rawrxd/CMakeLists.txt	42018	Mul iThreaded$<$<CONFIG:Debug>:Debug>	MultiThreaded$<$<CONFIG:Debug>:Debug>	UNRESOLVED_EXPRESSION	1	FALSE	FALSE	FALSE	3	UNRESOLVED_EXPRESSION
deep2_k2_mla_rebench_promote_cert	F:/~dev/rawrxd/CMakeLists.txt	41811	$<$<NOT:$<CONFIG:Debug>>:/O2> /arch:AVX512 /EHsc /W4 /s d:c++20	$<$<NOT:$<CONFIG:Debug>>:/O2> /arch:AVX512 /EHsc /W4 /std:c++20	UNRESOLVED_EXPRESSION	1	FALSE	FALSE	FALSE	4	UNRESOLVED_EXPRESSION
deep2_k2_mla_rebench_promote_cert	F:/~dev/rawrxd/CMakeLists.txt	41814	${CMAKE_SOURCE_DIR}/src ${CMAKE_SOURCE_DIR}/src/deep2	${CMAKE_SOURCE_DIR}/src ${CMAKE_SOURCE_DIR}/src/deep2	UNRESOLVED_EXPRESSION	1	FALSE	FALSE	FALSE	3	UNRESOLVED_EXPRESSION
deep2_k2_mla_rebench_promote_cert	F:/~dev/rawrxd/CMakeLists.txt	41815	${CMAKE_SOURCE_DIR}/include	${CMAKE_SOURCE_DIR}/include	UNRESOLVED_EXPRESSION	1	FALSE	FALSE	FALSE	3	UNRESOLVED_EXPRESSION
deep2_k2_mla_rebench_promote_cert	F:/~dev/rawrxd/CMakeLists.txt	41817	RUNTIME_OUTPUT_DIRECTORY ${CMAKE_BINARY_DIR}/bin	RUNTIME_OUTPUT_DIRECTORY ${CMAKE_BINARY_DIR}/bin	UNRESOLVED_EXPRESSION	1	FALSE	FALSE	FALSE	3	UNRESOLVED_EXPRESSION
deep2_k2_mla_rebench_promote_cert	F:/~dev/rawrxd/CMakeLists.txt	41819	Mul iThreaded$<$<CONFIG:Debug>:Debug>	MultiThreaded$<$<CONFIG:Debug>:Debug>	UNRESOLVED_EXPRESSION	1	FALSE	FALSE	FALSE	3	UNRESOLVED_EXPRESSION
deep2_k2_mla_reuse_promote_cert	F:/~dev/rawrxd/CMakeLists.txt	41830	$<$<NOT:$<CONFIG:Debug>>:/O2> /arch:AVX512 /EHsc /W4 /s d:c++20	$<$<NOT:$<CONFIG:Debug>>:/O2> /arch:AVX512 /EHsc /W4 /std:c++20	UNRESOLVED_EXPRESSION	1	FALSE	FALSE	FALSE	4	UNRESOLVED_EXPRESSION
deep2_k2_mla_reuse_promote_cert	F:/~dev/rawrxd/CMakeLists.txt	41833	${CMAKE_SOURCE_DIR}/src ${CMAKE_SOURCE_DIR}/src/deep2	${CMAKE_SOURCE_DIR}/src ${CMAKE_SOURCE_DIR}/src/deep2	UNRESOLVED_EXPRESSION	1	FALSE	FALSE	FALSE	3	UNRESOLVED_EXPRESSION
deep2_k2_mla_reuse_promote_cert	F:/~dev/rawrxd/CMakeLists.txt	41834	${CMAKE_SOURCE_DIR}/include	${CMAKE_SOURCE_DIR}/include	UNRESOLVED_EXPRESSION	1	FALSE	FALSE	FALSE	3	UNRESOLVED_EXPRESSION
deep2_k2_mla_reuse_promote_cert	F:/~dev/rawrxd/CMakeLists.txt	41836	RUNTIME_OUTPUT_DIRECTORY ${CMAKE_BINARY_DIR}/bin	RUNTIME_OUTPUT_DIRECTORY ${CMAKE_BINARY_DIR}/bin	UNRESOLVED_EXPRESSION	1	FALSE	FALSE	FALSE	3	UNRESOLVED_EXPRESSION
deep2_k2_mla_reuse_promote_cert	F:/~dev/rawrxd/CMakeLists.txt	41838	Mul iThreaded$<$<CONFIG:Debug>:Debug>	MultiThreaded$<$<CONFIG:Debug>:Debug>	UNRESOLVED_EXPRESSION	1	FALSE	FALSE	FALSE	3	UNRESOLVED_EXPRESSION
deep2_k2_policy_hysteresis_cert	F:/~dev/rawrxd/CMakeLists.txt	41788	$<$<NOT:$<CONFIG:Debug>>:/O2> /EHsc /W4 /s d:c++20	$<$<NOT:$<CONFIG:Debug>>:/O2> /EHsc /W4 /std:c++20	UNRESOLVED_EXPRESSION	1	FALSE	FALSE	FALSE	4	UNRESOLVED_EXPRESSION
deep2_k2_policy_hysteresis_cert	F:/~dev/rawrxd/CMakeLists.txt	41791	${CMAKE_SOURCE_DIR}/src ${CMAKE_SOURCE_DIR}/src/deep2	${CMAKE_SOURCE_DIR}/src ${CMAKE_SOURCE_DIR}/src/deep2	UNRESOLVED_EXPRESSION	1	FALSE	FALSE	FALSE	3	UNRESOLVED_EXPRESSION
deep2_k2_policy_hysteresis_cert	F:/~dev/rawrxd/CMakeLists.txt	41792	${CMAKE_SOURCE_DIR}/include	${CMAKE_SOURCE_DIR}/include	UNRESOLVED_EXPRESSION	1	FALSE	FALSE	FALSE	3	UNRESOLVED_EXPRESSION
deep2_k2_policy_hysteresis_cert	F:/~dev/rawrxd/CMakeLists.txt	41794	RUNTIME_OUTPUT_DIRECTORY ${CMAKE_BINARY_DIR}/bin	RUNTIME_OUTPUT_DIRECTORY ${CMAKE_BINARY_DIR}/bin	UNRESOLVED_EXPRESSION	1	FALSE	FALSE	FALSE	3	UNRESOLVED_EXPRESSION
deep2_k2_policy_hysteresis_cert	F:/~dev/rawrxd/CMakeLists.txt	41796	Mul iThreaded$<$<CONFIG:Debug>:Debug>	MultiThreaded$<$<CONFIG:Debug>:Debug>	UNRESOLVED_EXPRESSION	1	FALSE	FALSE	FALSE	3	UNRESOLVED_EXPRESSION
deep2_k2_semantic_seal_cert	F:/~dev/rawrxd/CMakeLists.txt	42345	$<$<NOT:$<CONFIG:Debug>>:/O2> /arch:AVX512 /EHsc /W4 /s d:c++20	$<$<NOT:$<CONFIG:Debug>>:/O2> /arch:AVX512 /EHsc /W4 /std:c++20	UNRESOLVED_EXPRESSION	1	FALSE	FALSE	FALSE	4	UNRESOLVED_EXPRESSION
deep2_k2_semantic_seal_cert	F:/~dev/rawrxd/CMakeLists.txt	42348	${CMAKE_SOURCE_DIR}/src ${CMAKE_SOURCE_DIR}/src/deep2	${CMAKE_SOURCE_DIR}/src ${CMAKE_SOURCE_DIR}/src/deep2	UNRESOLVED_EXPRESSION	1	FALSE	FALSE	FALSE	3	UNRESOLVED_EXPRESSION
deep2_k2_semantic_seal_cert	F:/~dev/rawrxd/CMakeLists.txt	42349	${CMAKE_SOURCE_DIR}/include	${CMAKE_SOURCE_DIR}/include	UNRESOLVED_EXPRESSION	1	FALSE	FALSE	FALSE	3	UNRESOLVED_EXPRESSION
deep2_k2_semantic_seal_cert	F:/~dev/rawrxd/CMakeLists.txt	42351	RUNTIME_OUTPUT_DIRECTORY ${CMAKE_BINARY_DIR}/bin	RUNTIME_OUTPUT_DIRECTORY ${CMAKE_BINARY_DIR}/bin	UNRESOLVED_EXPRESSION	1	FALSE	FALSE	FALSE	3	UNRESOLVED_EXPRESSION
deep2_k2_semantic_seal_cert	F:/~dev/rawrxd/CMakeLists.txt	42353	Mul iThreaded$<$<CONFIG:Debug>:Debug>	MultiThreaded$<$<CONFIG:Debug>:Debug>	UNRESOLVED_EXPRESSION	1	FALSE	FALSE	FALSE	3	UNRESOLVED_EXPRESSION
deep2_k2_serverless_stream_latency_cert	F:/~dev/rawrxd/CMakeLists.txt	42365	$<$<NOT:$<CONFIG:Debug>>:/O2> /arch:AVX512 /EHsc /W4 /s d:c++20	$<$<NOT:$<CONFIG:Debug>>:/O2> /arch:AVX512 /EHsc /W4 /std:c++20	UNRESOLVED_EXPRESSION	1	FALSE	FALSE	FALSE	4	UNRESOLVED_EXPRESSION
deep2_k2_serverless_stream_latency_cert	F:/~dev/rawrxd/CMakeLists.txt	42368	${CMAKE_SOURCE_DIR}/src ${CMAKE_SOURCE_DIR}/src/deep2	${CMAKE_SOURCE_DIR}/src ${CMAKE_SOURCE_DIR}/src/deep2	UNRESOLVED_EXPRESSION	1	FALSE	FALSE	FALSE	3	UNRESOLVED_EXPRESSION
deep2_k2_serverless_stream_latency_cert	F:/~dev/rawrxd/CMakeLists.txt	42369	${CMAKE_SOURCE_DIR}/include	${CMAKE_SOURCE_DIR}/include	UNRESOLVED_EXPRESSION	1	FALSE	FALSE	FALSE	3	UNRESOLVED_EXPRESSION
deep2_k2_serverless_stream_latency_cert	F:/~dev/rawrxd/CMakeLists.txt	42371	RUNTIME_OUTPUT_DIRECTORY ${CMAKE_BINARY_DIR}/bin	RUNTIME_OUTPUT_DIRECTORY ${CMAKE_BINARY_DIR}/bin	UNRESOLVED_EXPRESSION	1	FALSE	FALSE	FALSE	3	UNRESOLVED_EXPRESSION
deep2_k2_serverless_stream_latency_cert	F:/~dev/rawrxd/CMakeLists.txt	42373	Mul iThreaded$<$<CONFIG:Debug>:Debug>	MultiThreaded$<$<CONFIG:Debug>:Debug>	UNRESOLVED_EXPRESSION	1	FALSE	FALSE	FALSE	3	UNRESOLVED_EXPRESSION
deep2_k2_shard_attn_residency_cert	F:/~dev/rawrxd/CMakeLists.txt	41930	$<$<NOT:$<CONFIG:Debug>>:/O2> /arch:AVX512 /EHsc /W4 /s d:c++20	$<$<NOT:$<CONFIG:Debug>>:/O2> /arch:AVX512 /EHsc /W4 /std:c++20	UNRESOLVED_EXPRESSION	1	FALSE	FALSE	FALSE	4	UNRESOLVED_EXPRESSION
deep2_k2_shard_attn_residency_cert	F:/~dev/rawrxd/CMakeLists.txt	41933	${CMAKE_SOURCE_DIR}/src ${CMAKE_SOURCE_DIR}/src/deep2	${CMAKE_SOURCE_DIR}/src ${CMAKE_SOURCE_DIR}/src/deep2	UNRESOLVED_EXPRESSION	1	FALSE	FALSE	FALSE	3	UNRESOLVED_EXPRESSION
deep2_k2_shard_attn_residency_cert	F:/~dev/rawrxd/CMakeLists.txt	41934	${CMAKE_SOURCE_DIR}/include	${CMAKE_SOURCE_DIR}/include	UNRESOLVED_EXPRESSION	1	FALSE	FALSE	FALSE	3	UNRESOLVED_EXPRESSION
deep2_k2_shard_attn_residency_cert	F:/~dev/rawrxd/CMakeLists.txt	41936	RUNTIME_OUTPUT_DIRECTORY ${CMAKE_BINARY_DIR}/bin	RUNTIME_OUTPUT_DIRECTORY ${CMAKE_BINARY_DIR}/bin	UNRESOLVED_EXPRESSION	1	FALSE	FALSE	FALSE	3	UNRESOLVED_EXPRESSION
deep2_k2_shard_attn_residency_cert	F:/~dev/rawrxd/CMakeLists.txt	41938	Mul iThreaded$<$<CONFIG:Debug>:Debug>	MultiThreaded$<$<CONFIG:Debug>:Debug>	UNRESOLVED_EXPRESSION	1	FALSE	FALSE	FALSE	3	UNRESOLVED_EXPRESSION
deep2_k2_stream_miss_reality_cert	F:/~dev/rawrxd/CMakeLists.txt	41259	$<$<CONFIG:Debug>:/Od>	$<$<CONFIG:Debug>:/Od>	UNRESOLVED_EXPRESSION	1	FALSE	FALSE	FALSE	4	UNRESOLVED_EXPRESSION
deep2_k2_stream_miss_reality_cert	F:/~dev/rawrxd/CMakeLists.txt	41260	$<$<NOT:$<CONFIG:Debug>>:/O2>	$<$<NOT:$<CONFIG:Debug>>:/O2>	UNRESOLVED_EXPRESSION	1	FALSE	FALSE	FALSE	4	UNRESOLVED_EXPRESSION
deep2_k2_stream_miss_reality_cert	F:/~dev/rawrxd/CMakeLists.txt	41264	${CMAKE_SOURCE_DIR}/src	${CMAKE_SOURCE_DIR}/src	UNRESOLVED_EXPRESSION	1	FALSE	FALSE	FALSE	3	UNRESOLVED_EXPRESSION
deep2_k2_stream_miss_reality_cert	F:/~dev/rawrxd/CMakeLists.txt	41265	${CMAKE_SOURCE_DIR}/src/deep2	${CMAKE_SOURCE_DIR}/src/deep2	UNRESOLVED_EXPRESSION	1	FALSE	FALSE	FALSE	3	UNRESOLVED_EXPRESSION
deep2_k2_stream_miss_reality_cert	F:/~dev/rawrxd/CMakeLists.txt	41266	${CMAKE_SOURCE_DIR}/src/core	${CMAKE_SOURCE_DIR}/src/core	UNRESOLVED_EXPRESSION	1	FALSE	FALSE	FALSE	3	UNRESOLVED_EXPRESSION
deep2_k2_stream_miss_reality_cert	F:/~dev/rawrxd/CMakeLists.txt	41267	${CMAKE_SOURCE_DIR}/include	${CMAKE_SOURCE_DIR}/include	UNRESOLVED_EXPRESSION	1	FALSE	FALSE	FALSE	3	UNRESOLVED_EXPRESSION
deep2_k2_stream_miss_reality_cert	F:/~dev/rawrxd/CMakeLists.txt	41270	RUNTIME_OUTPUT_DIRECTORY ${CMAKE_BINARY_DIR}/bin	RUNTIME_OUTPUT_DIRECTORY ${CMAKE_BINARY_DIR}/bin	UNRESOLVED_EXPRESSION	1	FALSE	FALSE	FALSE	3	UNRESOLVED_EXPRESSION
deep2_k2_stream_miss_reality_cert	F:/~dev/rawrxd/CMakeLists.txt	41272	Mul iThreaded$<$<CONFIG:Debug>:Debug>	MultiThreaded$<$<CONFIG:Debug>:Debug>	UNRESOLVED_EXPRESSION	1	FALSE	FALSE	FALSE	3	UNRESOLVED_EXPRESSION
deep2_k2_tps_rainbow_cert	F:/~dev/rawrxd/CMakeLists.txt	42883	$<$<NOT:$<CONFIG:Debug>>:/O2> /arch:AVX512 /EHsc /W4 /s d:c++20	$<$<NOT:$<CONFIG:Debug>>:/O2> /arch:AVX512 /EHsc /W4 /std:c++20	UNRESOLVED_EXPRESSION	1	FALSE	FALSE	FALSE	5	UNRESOLVED_EXPRESSION
deep2_k2_tps_rainbow_cert	F:/~dev/rawrxd/CMakeLists.txt	42886	${CMAKE_SOURCE_DIR}/src ${CMAKE_SOURCE_DIR}/src/deep2	${CMAKE_SOURCE_DIR}/src ${CMAKE_SOURCE_DIR}/src/deep2	UNRESOLVED_EXPRESSION	1	FALSE	FALSE	FALSE	4	UNRESOLVED_EXPRESSION
deep2_k2_tps_rainbow_cert	F:/~dev/rawrxd/CMakeLists.txt	42887	${CMAKE_SOURCE_DIR}/include	${CMAKE_SOURCE_DIR}/include	UNRESOLVED_EXPRESSION	1	FALSE	FALSE	FALSE	4	UNRESOLVED_EXPRESSION
deep2_k2_tps_rainbow_cert	F:/~dev/rawrxd/CMakeLists.txt	42889	RUNTIME_OUTPUT_DIRECTORY ${CMAKE_BINARY_DIR}/bin	RUNTIME_OUTPUT_DIRECTORY ${CMAKE_BINARY_DIR}/bin	UNRESOLVED_EXPRESSION	1	FALSE	FALSE	FALSE	4	UNRESOLVED_EXPRESSION
deep2_k2_tps_rainbow_cert	F:/~dev/rawrxd/CMakeLists.txt	42891	Mul iThreaded$<$<CONFIG:Debug>:Debug>	MultiThreaded$<$<CONFIG:Debug>:Debug>	UNRESOLVED_EXPRESSION	1	FALSE	FALSE	FALSE	4	UNRESOLVED_EXPRESSION
deep2_k2_trampoline_full_depth_opt_cert	F:/~dev/rawrxd/CMakeLists.txt	41691	$<$<NOT:$<CONFIG:Debug>>:/O2> /arch:AVX512 /EHsc /W4 /s d:c++20	$<$<NOT:$<CONFIG:Debug>>:/O2> /arch:AVX512 /EHsc /W4 /std:c++20	UNRESOLVED_EXPRESSION	1	FALSE	FALSE	FALSE	4	UNRESOLVED_EXPRESSION
deep2_k2_trampoline_full_depth_opt_cert	F:/~dev/rawrxd/CMakeLists.txt	41694	${CMAKE_SOURCE_DIR}/src ${CMAKE_SOURCE_DIR}/src/deep2	${CMAKE_SOURCE_DIR}/src ${CMAKE_SOURCE_DIR}/src/deep2	UNRESOLVED_EXPRESSION	1	FALSE	FALSE	FALSE	3	UNRESOLVED_EXPRESSION
deep2_k2_trampoline_full_depth_opt_cert	F:/~dev/rawrxd/CMakeLists.txt	41695	${CMAKE_SOURCE_DIR}/src/core ${CMAKE_SOURCE_DIR}/include	${CMAKE_SOURCE_DIR}/src/core ${CMAKE_SOURCE_DIR}/include	UNRESOLVED_EXPRESSION	1	FALSE	FALSE	FALSE	3	UNRESOLVED_EXPRESSION
deep2_k2_trampoline_full_depth_opt_cert	F:/~dev/rawrxd/CMakeLists.txt	41697	RUNTIME_OUTPUT_DIRECTORY ${CMAKE_BINARY_DIR}/bin	RUNTIME_OUTPUT_DIRECTORY ${CMAKE_BINARY_DIR}/bin	UNRESOLVED_EXPRESSION	1	FALSE	FALSE	FALSE	3	UNRESOLVED_EXPRESSION
deep2_k2_trampoline_full_depth_opt_cert	F:/~dev/rawrxd/CMakeLists.txt	41699	Mul iThreaded$<$<CONFIG:Debug>:Debug>	MultiThreaded$<$<CONFIG:Debug>:Debug>	UNRESOLVED_EXPRESSION	1	FALSE	FALSE	FALSE	3	UNRESOLVED_EXPRESSION
deep2_k2_trygpu_logits_split_cert	F:/~dev/rawrxd/CMakeLists.txt	42445	$<$<NOT:$<CONFIG:Debug>>:/O2> /arch:AVX512 /EHsc /W4 /s d:c++20	$<$<NOT:$<CONFIG:Debug>>:/O2> /arch:AVX512 /EHsc /W4 /std:c++20	UNRESOLVED_EXPRESSION	1	FALSE	FALSE	FALSE	4	UNRESOLVED_EXPRESSION
deep2_k2_trygpu_logits_split_cert	F:/~dev/rawrxd/CMakeLists.txt	42448	${CMAKE_SOURCE_DIR}/src ${CMAKE_SOURCE_DIR}/src/deep2	${CMAKE_SOURCE_DIR}/src ${CMAKE_SOURCE_DIR}/src/deep2	UNRESOLVED_EXPRESSION	1	FALSE	FALSE	FALSE	3	UNRESOLVED_EXPRESSION
deep2_k2_trygpu_logits_split_cert	F:/~dev/rawrxd/CMakeLists.txt	42449	${CMAKE_SOURCE_DIR}/include	${CMAKE_SOURCE_DIR}/include	UNRESOLVED_EXPRESSION	1	FALSE	FALSE	FALSE	3	UNRESOLVED_EXPRESSION
deep2_k2_trygpu_logits_split_cert	F:/~dev/rawrxd/CMakeLists.txt	42451	RUNTIME_OUTPUT_DIRECTORY ${CMAKE_BINARY_DIR}/bin	RUNTIME_OUTPUT_DIRECTORY ${CMAKE_BINARY_DIR}/bin	UNRESOLVED_EXPRESSION	1	FALSE	FALSE	FALSE	3	UNRESOLVED_EXPRESSION
deep2_k2_trygpu_logits_split_cert	F:/~dev/rawrxd/CMakeLists.txt	42453	Mul iThreaded$<$<CONFIG:Debug>:Debug>	MultiThreaded$<$<CONFIG:Debug>:Debug>	UNRESOLVED_EXPRESSION	1	FALSE	FALSE	FALSE	3	UNRESOLVED_EXPRESSION
deep2_k2_useful_tps_001	F:/~dev/rawrxd/CMakeLists.txt	42619	$<$<NOT:$<CONFIG:Debug>>:/O2> /arch:AVX512 /EHsc /W4 /s d:c++20	$<$<NOT:$<CONFIG:Debug>>:/O2> /arch:AVX512 /EHsc /W4 /std:c++20	UNRESOLVED_EXPRESSION	1	FALSE	FALSE	FALSE	5	UNRESOLVED_EXPRESSION
deep2_k2_useful_tps_001	F:/~dev/rawrxd/CMakeLists.txt	42622	${CMAKE_SOURCE_DIR}/src ${CMAKE_SOURCE_DIR}/src/deep2	${CMAKE_SOURCE_DIR}/src ${CMAKE_SOURCE_DIR}/src/deep2	UNRESOLVED_EXPRESSION	1	FALSE	FALSE	FALSE	4	UNRESOLVED_EXPRESSION
deep2_k2_useful_tps_001	F:/~dev/rawrxd/CMakeLists.txt	42623	${CMAKE_SOURCE_DIR}/include	${CMAKE_SOURCE_DIR}/include	UNRESOLVED_EXPRESSION	1	FALSE	FALSE	FALSE	4	UNRESOLVED_EXPRESSION
deep2_k2_useful_tps_001	F:/~dev/rawrxd/CMakeLists.txt	42625	RUNTIME_OUTPUT_DIRECTORY ${CMAKE_BINARY_DIR}/bin	RUNTIME_OUTPUT_DIRECTORY ${CMAKE_BINARY_DIR}/bin	UNRESOLVED_EXPRESSION	1	FALSE	FALSE	FALSE	4	UNRESOLVED_EXPRESSION
deep2_k2_useful_tps_001	F:/~dev/rawrxd/CMakeLists.txt	42627	Mul iThreaded$<$<CONFIG:Debug>:Debug>	MultiThreaded$<$<CONFIG:Debug>:Debug>	UNRESOLVED_EXPRESSION	1	FALSE	FALSE	FALSE	4	UNRESOLVED_EXPRESSION
deep2_k2_useful_tps_001	F:/~dev/rawrxd/CMakeLists.txt	42656	${CMAKE_CURRENT_SOURCE_DIR}/cer s/rawrxd_sampler_combined_oob_001.cpp	${CMAKE_CURRENT_SOURCE_DIR}/certs/rawrxd_sampler_combined_oob_001.cpp	UNRESOLVED_EXPRESSION	1	FALSE	FALSE	FALSE	3	UNRESOLVED_EXPRESSION
deep2_k2_wall_attribution_cert	F:/~dev/rawrxd/CMakeLists.txt	42405	$<$<NOT:$<CONFIG:Debug>>:/O2> /arch:AVX512 /EHsc /W4 /s d:c++20	$<$<NOT:$<CONFIG:Debug>>:/O2> /arch:AVX512 /EHsc /W4 /std:c++20	UNRESOLVED_EXPRESSION	1	FALSE	FALSE	FALSE	4	UNRESOLVED_EXPRESSION
deep2_k2_wall_attribution_cert	F:/~dev/rawrxd/CMakeLists.txt	42408	${CMAKE_SOURCE_DIR}/src ${CMAKE_SOURCE_DIR}/src/deep2	${CMAKE_SOURCE_DIR}/src ${CMAKE_SOURCE_DIR}/src/deep2	UNRESOLVED_EXPRESSION	1	FALSE	FALSE	FALSE	3	UNRESOLVED_EXPRESSION
deep2_k2_wall_attribution_cert	F:/~dev/rawrxd/CMakeLists.txt	42409	${CMAKE_SOURCE_DIR}/include	${CMAKE_SOURCE_DIR}/include	UNRESOLVED_EXPRESSION	1	FALSE	FALSE	FALSE	3	UNRESOLVED_EXPRESSION
deep2_k2_wall_attribution_cert	F:/~dev/rawrxd/CMakeLists.txt	42411	RUNTIME_OUTPUT_DIRECTORY ${CMAKE_BINARY_DIR}/bin	RUNTIME_OUTPUT_DIRECTORY ${CMAKE_BINARY_DIR}/bin	UNRESOLVED_EXPRESSION	1	FALSE	FALSE	FALSE	3	UNRESOLVED_EXPRESSION
deep2_k2_wall_attribution_cert	F:/~dev/rawrxd/CMakeLists.txt	42413	Mul iThreaded$<$<CONFIG:Debug>:Debug>	MultiThreaded$<$<CONFIG:Debug>:Debug>	UNRESOLVED_EXPRESSION	1	FALSE	FALSE	FALSE	3	UNRESOLVED_EXPRESSION
deep2_lifecycle_cert_candidate	F:/~dev/rawrxd/cmake/RawrXDSovereignFinish.cmake	27	${CMAKE_CURRENT_SOURCE_DIR}/src	${CMAKE_CURRENT_SOURCE_DIR}/src	UNRESOLVED_EXPRESSION	1	FALSE	FALSE	FALSE	1	UNRESOLVED_EXPRESSION
deep2_lifecycle_cert_candidate	F:/~dev/rawrxd/cmake/RawrXDSovereignFinish.cmake	28	${CMAKE_CURRENT_SOURCE_DIR}/src/agen ic	${CMAKE_CURRENT_SOURCE_DIR}/src/agentic	UNRESOLVED_EXPRESSION	1	FALSE	FALSE	FALSE	1	UNRESOLVED_EXPRESSION
deep2_lifecycle_cert_candidate	F:/~dev/rawrxd/cmake/RawrXDSovereignFinish.cmake	29	${CMAKE_CURRENT_SOURCE_DIR}/src/deep2	${CMAKE_CURRENT_SOURCE_DIR}/src/deep2	UNRESOLVED_EXPRESSION	1	FALSE	FALSE	FALSE	1	UNRESOLVED_EXPRESSION
deep2_lifecycle_cert_candidate	F:/~dev/rawrxd/cmake/RawrXDSovereignFinish.cmake	30	${CMAKE_CURRENT_SOURCE_DIR}/src/models	${CMAKE_CURRENT_SOURCE_DIR}/src/models	UNRESOLVED_EXPRESSION	1	FALSE	FALSE	FALSE	1	UNRESOLVED_EXPRESSION
deep2_lifecycle_cert_candidate	F:/~dev/rawrxd/cmake/RawrXDSovereignFinish.cmake	36	${CMAKE_BINARY_DIR}/bin	${CMAKE_BINARY_DIR}/bin	UNRESOLVED_EXPRESSION	1	FALSE	FALSE	FALSE	1	UNRESOLVED_EXPRESSION
deep2_lifecycle_cert_candidate	F:/~dev/rawrxd/cmake/RawrXDSovereignFinish.cmake	41	${CMAKE_CURRENT_SOURCE_DIR}/src/deep2/deep2_a  n_cer .cpp	${CMAKE_CURRENT_SOURCE_DIR}/src/deep2/deep2_attn_cert.cpp	UNRESOLVED_EXPRESSION	1	FALSE	FALSE	FALSE	1	UNRESOLVED_EXPRESSION
deep2_lifecycle_cert_candidate	F:/~dev/rawrxd/cmake/RawrXDSovereignFinish.cmake	42	${CMAKE_CURRENT_SOURCE_DIR}/src/deep2/A  nCer Probe.cpp	${CMAKE_CURRENT_SOURCE_DIR}/src/deep2/AttnCertProbe.cpp	UNRESOLVED_EXPRESSION	1	FALSE	FALSE	FALSE	2	UNRESOLVED_EXPRESSION
deep2_live_path_effectiveness_cert	F:/~dev/rawrxd/CMakeLists.txt	41551	${CMAKE_SOURCE_DIR}/src ${CMAKE_SOURCE_DIR}/src/deep2	${CMAKE_SOURCE_DIR}/src ${CMAKE_SOURCE_DIR}/src/deep2	UNRESOLVED_EXPRESSION	1	FALSE	FALSE	FALSE	3	UNRESOLVED_EXPRESSION
deep2_live_path_effectiveness_cert	F:/~dev/rawrxd/CMakeLists.txt	41552	${CMAKE_SOURCE_DIR}/src/core ${CMAKE_SOURCE_DIR}/include	${CMAKE_SOURCE_DIR}/src/core ${CMAKE_SOURCE_DIR}/include	UNRESOLVED_EXPRESSION	1	FALSE	FALSE	FALSE	3	UNRESOLVED_EXPRESSION
deep2_live_path_effectiveness_cert	F:/~dev/rawrxd/CMakeLists.txt	41554	RUNTIME_OUTPUT_DIRECTORY ${CMAKE_BINARY_DIR}/bin	RUNTIME_OUTPUT_DIRECTORY ${CMAKE_BINARY_DIR}/bin	UNRESOLVED_EXPRESSION	1	FALSE	FALSE	FALSE	3	UNRESOLVED_EXPRESSION
deep2_live_path_effectiveness_cert	F:/~dev/rawrxd/CMakeLists.txt	41556	Mul iThreaded$<$<CONFIG:Debug>:Debug>	MultiThreaded$<$<CONFIG:Debug>:Debug>	UNRESOLVED_EXPRESSION	1	FALSE	FALSE	FALSE	3	UNRESOLVED_EXPRESSION
deep2_live_path_fused_control_cert	F:/~dev/rawrxd/CMakeLists.txt	41573	${CMAKE_SOURCE_DIR}/src ${CMAKE_SOURCE_DIR}/src/deep2	${CMAKE_SOURCE_DIR}/src ${CMAKE_SOURCE_DIR}/src/deep2	UNRESOLVED_EXPRESSION	1	FALSE	FALSE	FALSE	3	UNRESOLVED_EXPRESSION
deep2_live_path_fused_control_cert	F:/~dev/rawrxd/CMakeLists.txt	41574	${CMAKE_SOURCE_DIR}/src/core ${CMAKE_SOURCE_DIR}/include	${CMAKE_SOURCE_DIR}/src/core ${CMAKE_SOURCE_DIR}/include	UNRESOLVED_EXPRESSION	1	FALSE	FALSE	FALSE	3	UNRESOLVED_EXPRESSION
deep2_live_path_fused_control_cert	F:/~dev/rawrxd/CMakeLists.txt	41576	RUNTIME_OUTPUT_DIRECTORY ${CMAKE_BINARY_DIR}/bin	RUNTIME_OUTPUT_DIRECTORY ${CMAKE_BINARY_DIR}/bin	UNRESOLVED_EXPRESSION	1	FALSE	FALSE	FALSE	3	UNRESOLVED_EXPRESSION
deep2_live_path_fused_control_cert	F:/~dev/rawrxd/CMakeLists.txt	41578	Mul iThreaded$<$<CONFIG:Debug>:Debug>	MultiThreaded$<$<CONFIG:Debug>:Debug>	UNRESOLVED_EXPRESSION	1	FALSE	FALSE	FALSE	3	UNRESOLVED_EXPRESSION
deep2_live_path_interaction_bounds_cert	F:/~dev/rawrxd/CMakeLists.txt	41588	$<$<NOT:$<CONFIG:Debug>>:/O2> /arch:AVX512 /EHsc /W4 /s d:c++20	$<$<NOT:$<CONFIG:Debug>>:/O2> /arch:AVX512 /EHsc /W4 /std:c++20	UNRESOLVED_EXPRESSION	1	FALSE	FALSE	FALSE	4	UNRESOLVED_EXPRESSION
deep2_live_path_interaction_bounds_cert	F:/~dev/rawrxd/CMakeLists.txt	41591	${CMAKE_SOURCE_DIR}/src ${CMAKE_SOURCE_DIR}/src/deep2	${CMAKE_SOURCE_DIR}/src ${CMAKE_SOURCE_DIR}/src/deep2	UNRESOLVED_EXPRESSION	1	FALSE	FALSE	FALSE	3	UNRESOLVED_EXPRESSION
deep2_live_path_interaction_bounds_cert	F:/~dev/rawrxd/CMakeLists.txt	41592	${CMAKE_SOURCE_DIR}/src/core ${CMAKE_SOURCE_DIR}/include	${CMAKE_SOURCE_DIR}/src/core ${CMAKE_SOURCE_DIR}/include	UNRESOLVED_EXPRESSION	1	FALSE	FALSE	FALSE	3	UNRESOLVED_EXPRESSION
deep2_live_path_interaction_bounds_cert	F:/~dev/rawrxd/CMakeLists.txt	41594	RUNTIME_OUTPUT_DIRECTORY ${CMAKE_BINARY_DIR}/bin	RUNTIME_OUTPUT_DIRECTORY ${CMAKE_BINARY_DIR}/bin	UNRESOLVED_EXPRESSION	1	FALSE	FALSE	FALSE	3	UNRESOLVED_EXPRESSION
deep2_live_path_interaction_bounds_cert	F:/~dev/rawrxd/CMakeLists.txt	41596	Mul iThreaded$<$<CONFIG:Debug>:Debug>	MultiThreaded$<$<CONFIG:Debug>:Debug>	UNRESOLVED_EXPRESSION	1	FALSE	FALSE	FALSE	3	UNRESOLVED_EXPRESSION
deep2_loader_admission_probe	F:/~dev/rawrxd/CMakeLists.txt	108859	${CMAKE_SOURCE_DIR}/src/deep2	${CMAKE_SOURCE_DIR}/src/deep2	UNRESOLVED_EXPRESSION	1	FALSE	FALSE	FALSE	5	UNRESOLVED_EXPRESSION
deep2_loader_admission_probe	F:/~dev/rawrxd/CMakeLists.txt	108860	${CMAKE_SOURCE_DIR}/src	${CMAKE_SOURCE_DIR}/src	UNRESOLVED_EXPRESSION	1	FALSE	FALSE	FALSE	5	UNRESOLVED_EXPRESSION
deep2_loader_admission_probe	F:/~dev/rawrxd/CMakeLists.txt	108861	${CMAKE_SOURCE_DIR}/include	${CMAKE_SOURCE_DIR}/include	UNRESOLVED_EXPRESSION	1	FALSE	FALSE	FALSE	5	UNRESOLVED_EXPRESSION
deep2_loader_admission_probe	F:/~dev/rawrxd/CMakeLists.txt	108864	${RAWR_VULKAN_INCLUDE}	${RAWR_VULKAN_INCLUDE}	UNRESOLVED_EXPRESSION	1	FALSE	FALSE	FALSE	6	UNRESOLVED_EXPRESSION
deep2_loader_admission_probe	F:/~dev/rawrxd/CMakeLists.txt	108868	$<$<NOT:$<CONFIG:Debug>>:/O2> /EHsc /s d:c++20	$<$<NOT:$<CONFIG:Debug>>:/O2> /EHsc /std:c++20	UNRESOLVED_EXPRESSION	1	FALSE	FALSE	FALSE	6	UNRESOLVED_EXPRESSION
deep2_loader_admission_probe	F:/~dev/rawrxd/CMakeLists.txt	108871	RUNTIME_OUTPUT_DIRECTORY ${CMAKE_BINARY_DIR}/bin	RUNTIME_OUTPUT_DIRECTORY ${CMAKE_BINARY_DIR}/bin	UNRESOLVED_EXPRESSION	1	FALSE	FALSE	FALSE	5	UNRESOLVED_EXPRESSION
deep2_local_agent_audit_001	F:/~dev/rawrxd/CMakeLists.txt	41309	${CMAKE_SOURCE_DIR}/src	${CMAKE_SOURCE_DIR}/src	UNRESOLVED_EXPRESSION	1	FALSE	FALSE	FALSE	3	UNRESOLVED_EXPRESSION
deep2_local_agent_audit_001	F:/~dev/rawrxd/CMakeLists.txt	41310	${CMAKE_SOURCE_DIR}/src/deep2	${CMAKE_SOURCE_DIR}/src/deep2	UNRESOLVED_EXPRESSION	1	FALSE	FALSE	FALSE	3	UNRESOLVED_EXPRESSION
deep2_local_agent_audit_001	F:/~dev/rawrxd/CMakeLists.txt	41311	${CMAKE_SOURCE_DIR}/src/core	${CMAKE_SOURCE_DIR}/src/core	UNRESOLVED_EXPRESSION	1	FALSE	FALSE	FALSE	3	UNRESOLVED_EXPRESSION
deep2_local_agent_audit_001	F:/~dev/rawrxd/CMakeLists.txt	41312	${CMAKE_SOURCE_DIR}/include	${CMAKE_SOURCE_DIR}/include	UNRESOLVED_EXPRESSION	1	FALSE	FALSE	FALSE	3	UNRESOLVED_EXPRESSION
deep2_local_agent_audit_001	F:/~dev/rawrxd/CMakeLists.txt	41315	RUNTIME_OUTPUT_DIRECTORY ${CMAKE_BINARY_DIR}/bin	RUNTIME_OUTPUT_DIRECTORY ${CMAKE_BINARY_DIR}/bin	UNRESOLVED_EXPRESSION	1	FALSE	FALSE	FALSE	3	UNRESOLVED_EXPRESSION
deep2_local_agent_audit_001	F:/~dev/rawrxd/CMakeLists.txt	41317	Mul iThreaded$<$<CONFIG:Debug>:Debug>	MultiThreaded$<$<CONFIG:Debug>:Debug>	UNRESOLVED_EXPRESSION	1	FALSE	FALSE	FALSE	3	UNRESOLVED_EXPRESSION
deep2_mars_e2e	F:/~dev/rawrxd/CMakeLists.txt	43753	${CMAKE_SOURCE_DIR}/src/deep2	${CMAKE_SOURCE_DIR}/src/deep2	UNRESOLVED_EXPRESSION	1	FALSE	FALSE	FALSE	4	UNRESOLVED_EXPRESSION
deep2_mars_e2e	F:/~dev/rawrxd/CMakeLists.txt	43754	${CMAKE_SOURCE_DIR}/include	${CMAKE_SOURCE_DIR}/include	UNRESOLVED_EXPRESSION	1	FALSE	FALSE	FALSE	4	UNRESOLVED_EXPRESSION
deep2_mars_e2e	F:/~dev/rawrxd/CMakeLists.txt	43757	RUNTIME_OUTPUT_DIRECTORY ${CMAKE_BINARY_DIR}/bin	RUNTIME_OUTPUT_DIRECTORY ${CMAKE_BINARY_DIR}/bin	UNRESOLVED_EXPRESSION	1	FALSE	FALSE	FALSE	4	UNRESOLVED_EXPRESSION
deep2_mars_e2e	F:/~dev/rawrxd/CMakeLists.txt	43759	Mul iThreaded$<$<CONFIG:Debug>:Debug>	MultiThreaded$<$<CONFIG:Debug>:Debug>	UNRESOLVED_EXPRESSION	1	FALSE	FALSE	FALSE	4	UNRESOLVED_EXPRESSION
deep2_model_registry_admission_test	F:/~dev/rawrxd/CMakeLists.txt	108822	${CMAKE_SOURCE_DIR}/src/deep2	${CMAKE_SOURCE_DIR}/src/deep2	UNRESOLVED_EXPRESSION	1	FALSE	FALSE	FALSE	4	UNRESOLVED_EXPRESSION
deep2_model_registry_admission_test	F:/~dev/rawrxd/CMakeLists.txt	108823	${CMAKE_SOURCE_DIR}/src	${CMAKE_SOURCE_DIR}/src	UNRESOLVED_EXPRESSION	1	FALSE	FALSE	FALSE	4	UNRESOLVED_EXPRESSION
deep2_model_registry_admission_test	F:/~dev/rawrxd/CMakeLists.txt	108824	${CMAKE_SOURCE_DIR}/include	${CMAKE_SOURCE_DIR}/include	UNRESOLVED_EXPRESSION	1	FALSE	FALSE	FALSE	4	UNRESOLVED_EXPRESSION
deep2_model_registry_admission_test	F:/~dev/rawrxd/CMakeLists.txt	108830	${RAWR_VULKAN_INCLUDE}	${RAWR_VULKAN_INCLUDE}	UNRESOLVED_EXPRESSION	1	FALSE	FALSE	FALSE	5	UNRESOLVED_EXPRESSION
deep2_model_registry_admission_test	F:/~dev/rawrxd/CMakeLists.txt	108835	$<$<NOT:$<CONFIG:Debug>>:/O2> /EHsc /W4 /s d:c++20	$<$<NOT:$<CONFIG:Debug>>:/O2> /EHsc /W4 /std:c++20	UNRESOLVED_EXPRESSION	1	FALSE	FALSE	FALSE	5	UNRESOLVED_EXPRESSION
deep2_model_registry_admission_test	F:/~dev/rawrxd/CMakeLists.txt	108839	RUNTIME_OUTPUT_DIRECTORY ${CMAKE_BINARY_DIR}/bin	RUNTIME_OUTPUT_DIRECTORY ${CMAKE_BINARY_DIR}/bin	UNRESOLVED_EXPRESSION	1	FALSE	FALSE	FALSE	4	UNRESOLVED_EXPRESSION
deep2_model_registry_admission_test	F:/~dev/rawrxd/CMakeLists.txt	108841	Mul iThreaded$<$<CONFIG:Debug>:Debug>	MultiThreaded$<$<CONFIG:Debug>:Debug>	UNRESOLVED_EXPRESSION	1	FALSE	FALSE	FALSE	4	UNRESOLVED_EXPRESSION
deep2_model_registry_admission_test	F:/~dev/rawrxd/CMakeLists.txt	108846	real load-pa h admission probe.	real load-path admission probe.	LITERAL	1	FALSE	FALSE	FALSE	4	ACTIVE_MISSING
deep2_multi_gpu_layer_cert	F:/~dev/rawrxd/CMakeLists.txt	40577	${CMAKE_SOURCE_DIR}/src	${CMAKE_SOURCE_DIR}/src	UNRESOLVED_EXPRESSION	1	FALSE	FALSE	FALSE	3	UNRESOLVED_EXPRESSION
deep2_multi_gpu_layer_cert	F:/~dev/rawrxd/CMakeLists.txt	40578	${CMAKE_SOURCE_DIR}/src/deep2	${CMAKE_SOURCE_DIR}/src/deep2	UNRESOLVED_EXPRESSION	1	FALSE	FALSE	FALSE	3	UNRESOLVED_EXPRESSION
deep2_multi_gpu_layer_cert	F:/~dev/rawrxd/CMakeLists.txt	40579	${CMAKE_SOURCE_DIR}/src/core	${CMAKE_SOURCE_DIR}/src/core	UNRESOLVED_EXPRESSION	1	FALSE	FALSE	FALSE	3	UNRESOLVED_EXPRESSION
deep2_multi_gpu_layer_cert	F:/~dev/rawrxd/CMakeLists.txt	40580	${CMAKE_SOURCE_DIR}/include	${CMAKE_SOURCE_DIR}/include	UNRESOLVED_EXPRESSION	1	FALSE	FALSE	FALSE	3	UNRESOLVED_EXPRESSION
deep2_multi_gpu_layer_cert	F:/~dev/rawrxd/CMakeLists.txt	40583	RUNTIME_OUTPUT_DIRECTORY ${CMAKE_BINARY_DIR}/bin	RUNTIME_OUTPUT_DIRECTORY ${CMAKE_BINARY_DIR}/bin	UNRESOLVED_EXPRESSION	1	FALSE	FALSE	FALSE	3	UNRESOLVED_EXPRESSION
deep2_multi_gpu_layer_cert	F:/~dev/rawrxd/CMakeLists.txt	40585	Mul iThreaded$<$<CONFIG:Debug>:Debug>	MultiThreaded$<$<CONFIG:Debug>:Debug>	UNRESOLVED_EXPRESSION	1	FALSE	FALSE	FALSE	3	UNRESOLVED_EXPRESSION
deep2_nu_gemv_parity_cert	F:/~dev/rawrxd/CMakeLists.txt	43004	$<$<NOT:$<CONFIG:Debug>>:/O2> /EHsc /W4 /s d:c++20	$<$<NOT:$<CONFIG:Debug>>:/O2> /EHsc /W4 /std:c++20	UNRESOLVED_EXPRESSION	1	FALSE	FALSE	FALSE	5	UNRESOLVED_EXPRESSION
deep2_nu_gemv_parity_cert	F:/~dev/rawrxd/CMakeLists.txt	43007	${CMAKE_SOURCE_DIR}/src ${CMAKE_SOURCE_DIR}/src/deep2	${CMAKE_SOURCE_DIR}/src ${CMAKE_SOURCE_DIR}/src/deep2	UNRESOLVED_EXPRESSION	1	FALSE	FALSE	FALSE	4	UNRESOLVED_EXPRESSION
deep2_nu_gemv_parity_cert	F:/~dev/rawrxd/CMakeLists.txt	43008	${CMAKE_SOURCE_DIR}/include	${CMAKE_SOURCE_DIR}/include	UNRESOLVED_EXPRESSION	1	FALSE	FALSE	FALSE	4	UNRESOLVED_EXPRESSION
deep2_nu_gemv_parity_cert	F:/~dev/rawrxd/CMakeLists.txt	43011	${RAWR_VULKAN_INCLUDE}	${RAWR_VULKAN_INCLUDE}	UNRESOLVED_EXPRESSION	1	FALSE	FALSE	FALSE	5	UNRESOLVED_EXPRESSION
deep2_nu_gemv_parity_cert	F:/~dev/rawrxd/CMakeLists.txt	43016	RUNTIME_OUTPUT_DIRECTORY ${CMAKE_BINARY_DIR}/bin	RUNTIME_OUTPUT_DIRECTORY ${CMAKE_BINARY_DIR}/bin	UNRESOLVED_EXPRESSION	1	FALSE	FALSE	FALSE	4	UNRESOLVED_EXPRESSION
deep2_nu_gemv_parity_cert	F:/~dev/rawrxd/CMakeLists.txt	43018	Mul iThreaded$<$<CONFIG:Debug>:Debug>	MultiThreaded$<$<CONFIG:Debug>:Debug>	UNRESOLVED_EXPRESSION	1	FALSE	FALSE	FALSE	4	UNRESOLVED_EXPRESSION
deep2_nu_gpu_gemv_cert	F:/~dev/rawrxd/CMakeLists.txt	43030	$<$<NOT:$<CONFIG:Debug>>:/O2> /EHsc /W4 /s d:c++20	$<$<NOT:$<CONFIG:Debug>>:/O2> /EHsc /W4 /std:c++20	UNRESOLVED_EXPRESSION	1	FALSE	FALSE	FALSE	5	UNRESOLVED_EXPRESSION
deep2_nu_gpu_gemv_cert	F:/~dev/rawrxd/CMakeLists.txt	43033	${CMAKE_SOURCE_DIR}/src ${CMAKE_SOURCE_DIR}/src/deep2	${CMAKE_SOURCE_DIR}/src ${CMAKE_SOURCE_DIR}/src/deep2	UNRESOLVED_EXPRESSION	1	FALSE	FALSE	FALSE	4	UNRESOLVED_EXPRESSION
deep2_nu_gpu_gemv_cert	F:/~dev/rawrxd/CMakeLists.txt	43034	${CMAKE_SOURCE_DIR}/include	${CMAKE_SOURCE_DIR}/include	UNRESOLVED_EXPRESSION	1	FALSE	FALSE	FALSE	4	UNRESOLVED_EXPRESSION
deep2_nu_gpu_gemv_cert	F:/~dev/rawrxd/CMakeLists.txt	43036	${RAWR_VULKAN_INCLUDE}	${RAWR_VULKAN_INCLUDE}	UNRESOLVED_EXPRESSION	1	FALSE	FALSE	FALSE	5	UNRESOLVED_EXPRESSION
deep2_nu_gpu_gemv_cert	F:/~dev/rawrxd/CMakeLists.txt	43041	RUNTIME_OUTPUT_DIRECTORY ${CMAKE_BINARY_DIR}/bin	RUNTIME_OUTPUT_DIRECTORY ${CMAKE_BINARY_DIR}/bin	UNRESOLVED_EXPRESSION	1	FALSE	FALSE	FALSE	4	UNRESOLVED_EXPRESSION
deep2_nu_gpu_gemv_cert	F:/~dev/rawrxd/CMakeLists.txt	43043	Mul iThreaded$<$<CONFIG:Debug>:Debug>	MultiThreaded$<$<CONFIG:Debug>:Debug>	UNRESOLVED_EXPRESSION	1	FALSE	FALSE	FALSE	4	UNRESOLVED_EXPRESSION
deep2_nu_live_consumer_cert	F:/~dev/rawrxd/CMakeLists.txt	42928	$<$<NOT:$<CONFIG:Debug>>:/O2> /EHsc /W4 /s d:c++20	$<$<NOT:$<CONFIG:Debug>>:/O2> /EHsc /W4 /std:c++20	UNRESOLVED_EXPRESSION	1	FALSE	FALSE	FALSE	5	UNRESOLVED_EXPRESSION
deep2_nu_live_consumer_cert	F:/~dev/rawrxd/CMakeLists.txt	42931	${CMAKE_SOURCE_DIR}/src ${CMAKE_SOURCE_DIR}/src/deep2	${CMAKE_SOURCE_DIR}/src ${CMAKE_SOURCE_DIR}/src/deep2	UNRESOLVED_EXPRESSION	1	FALSE	FALSE	FALSE	4	UNRESOLVED_EXPRESSION
deep2_nu_live_consumer_cert	F:/~dev/rawrxd/CMakeLists.txt	42932	${CMAKE_SOURCE_DIR}/include	${CMAKE_SOURCE_DIR}/include	UNRESOLVED_EXPRESSION	1	FALSE	FALSE	FALSE	4	UNRESOLVED_EXPRESSION
deep2_nu_live_consumer_cert	F:/~dev/rawrxd/CMakeLists.txt	42935	${RAWR_VULKAN_INCLUDE}	${RAWR_VULKAN_INCLUDE}	UNRESOLVED_EXPRESSION	1	FALSE	FALSE	FALSE	5	UNRESOLVED_EXPRESSION
deep2_nu_live_consumer_cert	F:/~dev/rawrxd/CMakeLists.txt	42940	RUNTIME_OUTPUT_DIRECTORY ${CMAKE_BINARY_DIR}/bin	RUNTIME_OUTPUT_DIRECTORY ${CMAKE_BINARY_DIR}/bin	UNRESOLVED_EXPRESSION	1	FALSE	FALSE	FALSE	4	UNRESOLVED_EXPRESSION
deep2_nu_live_consumer_cert	F:/~dev/rawrxd/CMakeLists.txt	42942	Mul iThreaded$<$<CONFIG:Debug>:Debug>	MultiThreaded$<$<CONFIG:Debug>:Debug>	UNRESOLVED_EXPRESSION	1	FALSE	FALSE	FALSE	4	UNRESOLVED_EXPRESSION
deep2_nu_pack_format_cert	F:/~dev/rawrxd/CMakeLists.txt	43056	$<$<NOT:$<CONFIG:Debug>>:/O2> /EHsc /W4 /s d:c++20	$<$<NOT:$<CONFIG:Debug>>:/O2> /EHsc /W4 /std:c++20	UNRESOLVED_EXPRESSION	1	FALSE	FALSE	FALSE	5	UNRESOLVED_EXPRESSION
deep2_nu_pack_format_cert	F:/~dev/rawrxd/CMakeLists.txt	43059	${CMAKE_SOURCE_DIR}/src ${CMAKE_SOURCE_DIR}/src/deep2	${CMAKE_SOURCE_DIR}/src ${CMAKE_SOURCE_DIR}/src/deep2	UNRESOLVED_EXPRESSION	1	FALSE	FALSE	FALSE	4	UNRESOLVED_EXPRESSION
deep2_nu_pack_format_cert	F:/~dev/rawrxd/CMakeLists.txt	43060	${CMAKE_SOURCE_DIR}/include	${CMAKE_SOURCE_DIR}/include	UNRESOLVED_EXPRESSION	1	FALSE	FALSE	FALSE	4	UNRESOLVED_EXPRESSION
deep2_nu_pack_format_cert	F:/~dev/rawrxd/CMakeLists.txt	43062	RUNTIME_OUTPUT_DIRECTORY ${CMAKE_BINARY_DIR}/bin	RUNTIME_OUTPUT_DIRECTORY ${CMAKE_BINARY_DIR}/bin	UNRESOLVED_EXPRESSION	1	FALSE	FALSE	FALSE	4	UNRESOLVED_EXPRESSION
deep2_nu_pack_format_cert	F:/~dev/rawrxd/CMakeLists.txt	43064	Mul iThreaded$<$<CONFIG:Debug>:Debug>	MultiThreaded$<$<CONFIG:Debug>:Debug>	UNRESOLVED_EXPRESSION	1	FALSE	FALSE	FALSE	4	UNRESOLVED_EXPRESSION
deep2_nu_perf_cert	F:/~dev/rawrxd/CMakeLists.txt	42979	$<$<NOT:$<CONFIG:Debug>>:/O2> /EHsc /W4 /s d:c++20	$<$<NOT:$<CONFIG:Debug>>:/O2> /EHsc /W4 /std:c++20	UNRESOLVED_EXPRESSION	1	FALSE	FALSE	FALSE	5	UNRESOLVED_EXPRESSION
deep2_nu_perf_cert	F:/~dev/rawrxd/CMakeLists.txt	42982	${CMAKE_SOURCE_DIR}/src ${CMAKE_SOURCE_DIR}/src/deep2	${CMAKE_SOURCE_DIR}/src ${CMAKE_SOURCE_DIR}/src/deep2	UNRESOLVED_EXPRESSION	1	FALSE	FALSE	FALSE	4	UNRESOLVED_EXPRESSION
deep2_nu_perf_cert	F:/~dev/rawrxd/CMakeLists.txt	42983	${CMAKE_SOURCE_DIR}/include	${CMAKE_SOURCE_DIR}/include	UNRESOLVED_EXPRESSION	1	FALSE	FALSE	FALSE	4	UNRESOLVED_EXPRESSION
deep2_nu_perf_cert	F:/~dev/rawrxd/CMakeLists.txt	42986	${RAWR_VULKAN_INCLUDE}	${RAWR_VULKAN_INCLUDE}	UNRESOLVED_EXPRESSION	1	FALSE	FALSE	FALSE	5	UNRESOLVED_EXPRESSION
deep2_nu_perf_cert	F:/~dev/rawrxd/CMakeLists.txt	42991	RUNTIME_OUTPUT_DIRECTORY ${CMAKE_BINARY_DIR}/bin	RUNTIME_OUTPUT_DIRECTORY ${CMAKE_BINARY_DIR}/bin	UNRESOLVED_EXPRESSION	1	FALSE	FALSE	FALSE	4	UNRESOLVED_EXPRESSION
deep2_nu_perf_cert	F:/~dev/rawrxd/CMakeLists.txt	42993	Mul iThreaded$<$<CONFIG:Debug>:Debug>	MultiThreaded$<$<CONFIG:Debug>:Debug>	UNRESOLVED_EXPRESSION	1	FALSE	FALSE	FALSE	4	UNRESOLVED_EXPRESSION
deep2_outer_engine_bridge_cert	F:/~dev/rawrxd/CMakeLists.txt	41519	${DEEP2_OUTER_RUNTIME_ASM}	${DEEP2_OUTER_RUNTIME_ASM}	UNRESOLVED_EXPRESSION	1	FALSE	FALSE	FALSE	3	UNRESOLVED_EXPRESSION
deep2_outer_engine_bridge_cert	F:/~dev/rawrxd/CMakeLists.txt	41524	$<$<COMPILE_LANGUAGE:CXX>:/O2 /arch:AVX512 /EHsc /W4 /s d:c++20>	$<$<COMPILE_LANGUAGE:CXX>:/O2 /arch:AVX512 /EHsc /W4 /std:c++20>	UNRESOLVED_EXPRESSION	1	FALSE	FALSE	FALSE	4	UNRESOLVED_EXPRESSION
deep2_outer_engine_bridge_cert	F:/~dev/rawrxd/CMakeLists.txt	41527	${CMAKE_SOURCE_DIR}/src	${CMAKE_SOURCE_DIR}/src	UNRESOLVED_EXPRESSION	1	FALSE	FALSE	FALSE	3	UNRESOLVED_EXPRESSION
deep2_outer_engine_bridge_cert	F:/~dev/rawrxd/CMakeLists.txt	41528	${CMAKE_SOURCE_DIR}/src/deep2	${CMAKE_SOURCE_DIR}/src/deep2	UNRESOLVED_EXPRESSION	1	FALSE	FALSE	FALSE	3	UNRESOLVED_EXPRESSION
deep2_outer_engine_bridge_cert	F:/~dev/rawrxd/CMakeLists.txt	41529	${CMAKE_SOURCE_DIR}/src/core	${CMAKE_SOURCE_DIR}/src/core	UNRESOLVED_EXPRESSION	1	FALSE	FALSE	FALSE	3	UNRESOLVED_EXPRESSION
deep2_outer_engine_bridge_cert	F:/~dev/rawrxd/CMakeLists.txt	41530	${CMAKE_SOURCE_DIR}/src/asm	${CMAKE_SOURCE_DIR}/src/asm	UNRESOLVED_EXPRESSION	1	FALSE	FALSE	FALSE	3	UNRESOLVED_EXPRESSION
deep2_outer_engine_bridge_cert	F:/~dev/rawrxd/CMakeLists.txt	41531	${CMAKE_SOURCE_DIR}/include	${CMAKE_SOURCE_DIR}/include	UNRESOLVED_EXPRESSION	1	FALSE	FALSE	FALSE	3	UNRESOLVED_EXPRESSION
deep2_outer_engine_bridge_cert	F:/~dev/rawrxd/CMakeLists.txt	41533	se _source_files_proper ies ${DEEP2_OUTER_RUNTIME_ASM} PROPERTIES LANGUAGE ASM_MASM	set_source_files_properties ${DEEP2_OUTER_RUNTIME_ASM} PROPERTIES LANGUAGE ASM_MASM	UNRESOLVED_EXPRESSION	1	FALSE	FALSE	FALSE	3	UNRESOLVED_EXPRESSION
deep2_outer_engine_bridge_cert	F:/~dev/rawrxd/CMakeLists.txt	41535	RUNTIME_OUTPUT_DIRECTORY ${CMAKE_BINARY_DIR}/bin	RUNTIME_OUTPUT_DIRECTORY ${CMAKE_BINARY_DIR}/bin	UNRESOLVED_EXPRESSION	1	FALSE	FALSE	FALSE	3	UNRESOLVED_EXPRESSION
deep2_outer_engine_bridge_cert	F:/~dev/rawrxd/CMakeLists.txt	41537	Mul iThreaded$<$<CONFIG:Debug>:Debug>	MultiThreaded$<$<CONFIG:Debug>:Debug>	UNRESOLVED_EXPRESSION	1	FALSE	FALSE	FALSE	3	UNRESOLVED_EXPRESSION
deep2_outer_smoke	F:/~dev/rawrxd/CMakeLists.txt	41503	add_execu able deep2_ou er_smoke ${DEEP2_OUTER_RUNTIME_ASM} src/asm/Deep2Ou erSmoke.asm	add_executable deep2_outer_smoke ${DEEP2_OUTER_RUNTIME_ASM} src/asm/Deep2OuterSmoke.asm	UNRESOLVED_EXPRESSION	1	FALSE	FALSE	FALSE	3	UNRESOLVED_EXPRESSION
deep2_outer_smoke	F:/~dev/rawrxd/CMakeLists.txt	41506	RUNTIME_OUTPUT_DIRECTORY ${CMAKE_BINARY_DIR}/bin	RUNTIME_OUTPUT_DIRECTORY ${CMAKE_BINARY_DIR}/bin	UNRESOLVED_EXPRESSION	1	FALSE	FALSE	FALSE	3	UNRESOLVED_EXPRESSION
deep2_outer_smoke	F:/~dev/rawrxd/CMakeLists.txt	41510	Mul iThreaded$<$<CONFIG:Debug>:Debug>	MultiThreaded$<$<CONFIG:Debug>:Debug>	UNRESOLVED_EXPRESSION	1	FALSE	FALSE	FALSE	3	UNRESOLVED_EXPRESSION
deep2_parity_cert	F:/~dev/rawrxd/CMakeLists.txt	44587	${CMAKE_SOURCE_DIR}/src/deep2	${CMAKE_SOURCE_DIR}/src/deep2	UNRESOLVED_EXPRESSION	1	FALSE	FALSE	FALSE	4	UNRESOLVED_EXPRESSION
deep2_parity_cert	F:/~dev/rawrxd/CMakeLists.txt	44588	${CMAKE_SOURCE_DIR}/include	${CMAKE_SOURCE_DIR}/include	UNRESOLVED_EXPRESSION	1	FALSE	FALSE	FALSE	4	UNRESOLVED_EXPRESSION
deep2_parity_cert	F:/~dev/rawrxd/CMakeLists.txt	44591	RUNTIME_OUTPUT_DIRECTORY ${CMAKE_BINARY_DIR}/bin	RUNTIME_OUTPUT_DIRECTORY ${CMAKE_BINARY_DIR}/bin	UNRESOLVED_EXPRESSION	1	FALSE	FALSE	FALSE	4	UNRESOLVED_EXPRESSION
deep2_parity_cert	F:/~dev/rawrxd/CMakeLists.txt	44593	Mul iThreaded$<$<CONFIG:Debug>:Debug>	MultiThreaded$<$<CONFIG:Debug>:Debug>	UNRESOLVED_EXPRESSION	1	FALSE	FALSE	FALSE	4	UNRESOLVED_EXPRESSION
deep2_placement_cost_cert	F:/~dev/rawrxd/CMakeLists.txt	43248	${CMAKE_SOURCE_DIR}/src	${CMAKE_SOURCE_DIR}/src	UNRESOLVED_EXPRESSION	1	FALSE	FALSE	FALSE	4	UNRESOLVED_EXPRESSION
deep2_placement_cost_cert	F:/~dev/rawrxd/CMakeLists.txt	43249	${CMAKE_SOURCE_DIR}/src/deep2	${CMAKE_SOURCE_DIR}/src/deep2	UNRESOLVED_EXPRESSION	1	FALSE	FALSE	FALSE	4	UNRESOLVED_EXPRESSION
deep2_placement_cost_cert	F:/~dev/rawrxd/CMakeLists.txt	43250	${CMAKE_SOURCE_DIR}/src/core	${CMAKE_SOURCE_DIR}/src/core	UNRESOLVED_EXPRESSION	1	FALSE	FALSE	FALSE	4	UNRESOLVED_EXPRESSION
deep2_placement_cost_cert	F:/~dev/rawrxd/CMakeLists.txt	43251	${CMAKE_SOURCE_DIR}/include	${CMAKE_SOURCE_DIR}/include	UNRESOLVED_EXPRESSION	1	FALSE	FALSE	FALSE	4	UNRESOLVED_EXPRESSION
deep2_placement_cost_cert	F:/~dev/rawrxd/CMakeLists.txt	43254	RUNTIME_OUTPUT_DIRECTORY ${CMAKE_BINARY_DIR}/bin	RUNTIME_OUTPUT_DIRECTORY ${CMAKE_BINARY_DIR}/bin	UNRESOLVED_EXPRESSION	1	FALSE	FALSE	FALSE	4	UNRESOLVED_EXPRESSION
deep2_placement_cost_cert	F:/~dev/rawrxd/CMakeLists.txt	43256	Mul iThreaded$<$<CONFIG:Debug>:Debug>	MultiThreaded$<$<CONFIG:Debug>:Debug>	UNRESOLVED_EXPRESSION	1	FALSE	FALSE	FALSE	4	UNRESOLVED_EXPRESSION
deep2_product_lavapath	F:/~dev/rawrxd/cmake/Deep2ProductLavapath.fragment.cmake	10	${CMAKE_SOURCE_DIR}/src/deep2/lavapa h	${CMAKE_SOURCE_DIR}/src/deep2/lavapath	UNRESOLVED_EXPRESSION	1	FALSE	FALSE	FALSE	2	UNRESOLVED_EXPRESSION
deep2_product_lavapath	F:/~dev/rawrxd/cmake/Deep2ProductLavapath.fragment.cmake	11	${CMAKE_SOURCE_DIR}/src/deep2	${CMAKE_SOURCE_DIR}/src/deep2	UNRESOLVED_EXPRESSION	1	FALSE	FALSE	FALSE	2	UNRESOLVED_EXPRESSION
deep2_product_lavapath	F:/~dev/rawrxd/cmake/Deep2ProductLavapath.fragment.cmake	12	${CMAKE_SOURCE_DIR}/src	${CMAKE_SOURCE_DIR}/src	UNRESOLVED_EXPRESSION	1	FALSE	FALSE	FALSE	2	UNRESOLVED_EXPRESSION
deep2_product_lavapath	F:/~dev/rawrxd/cmake/Deep2ProductLavapath.fragment.cmake	13	${CMAKE_SOURCE_DIR}/include	${CMAKE_SOURCE_DIR}/include	UNRESOLVED_EXPRESSION	1	FALSE	FALSE	FALSE	2	UNRESOLVED_EXPRESSION
deep2_product_lavapath	F:/~dev/rawrxd/cmake/Deep2ProductLavapath.fragment.cmake	19	RUNTIME_OUTPUT_DIRECTORY ${CMAKE_BINARY_DIR}/bin	RUNTIME_OUTPUT_DIRECTORY ${CMAKE_BINARY_DIR}/bin	UNRESOLVED_EXPRESSION	1	FALSE	FALSE	FALSE	2	UNRESOLVED_EXPRESSION
deep2_product_lavapath	F:/~dev/rawrxd/cmake/Deep2ProductLavapath.fragment.cmake	21	Mul iThreaded$<$<CONFIG:Debug>:Debug>	MultiThreaded$<$<CONFIG:Debug>:Debug>	UNRESOLVED_EXPRESSION	1	FALSE	FALSE	FALSE	2	UNRESOLVED_EXPRESSION
deep2_product_lavapath	F:/~dev/rawrxd/cmake/Deep2ProductLavapath.fragment.cmake	7	${CMAKE_SOURCE_DIR}/src/deep2/lavapa h/Deep2Produc Lavapa h.cpp	${CMAKE_SOURCE_DIR}/src/deep2/lavapath/Deep2ProductLavapath.cpp	UNRESOLVED_EXPRESSION	1	FALSE	FALSE	FALSE	2	UNRESOLVED_EXPRESSION
deep2_product_lavapath	F:/~dev/rawrxd/cmake/Deep2ProductLavapath.fragment.cmake	8	${CMAKE_SOURCE_DIR}/src/deep2/lavapa h/Deep2Produc Lavapa h_Ops.cpp	${CMAKE_SOURCE_DIR}/src/deep2/lavapath/Deep2ProductLavapath_Ops.cpp	UNRESOLVED_EXPRESSION	1	FALSE	FALSE	FALSE	2	UNRESOLVED_EXPRESSION
deep2_r1_decode_smoke	F:/~dev/rawrxd/CMakeLists.txt	41490	add_execu able deep2_r1_decode_smoke ${DEEP2_R1_DECODE_ASM} src/asm/Deep2R1_Smoke.asm	add_executable deep2_r1_decode_smoke ${DEEP2_R1_DECODE_ASM} src/asm/Deep2R1_Smoke.asm	UNRESOLVED_EXPRESSION	1	FALSE	FALSE	FALSE	3	UNRESOLVED_EXPRESSION
deep2_r1_decode_smoke	F:/~dev/rawrxd/CMakeLists.txt	41493	RUNTIME_OUTPUT_DIRECTORY ${CMAKE_BINARY_DIR}/bin	RUNTIME_OUTPUT_DIRECTORY ${CMAKE_BINARY_DIR}/bin	UNRESOLVED_EXPRESSION	1	FALSE	FALSE	FALSE	3	UNRESOLVED_EXPRESSION
deep2_r1_decode_smoke	F:/~dev/rawrxd/CMakeLists.txt	41497	Mul iThreaded$<$<CONFIG:Debug>:Debug>	MultiThreaded$<$<CONFIG:Debug>:Debug>	UNRESOLVED_EXPRESSION	1	FALSE	FALSE	FALSE	3	UNRESOLVED_EXPRESSION
deep2_remote64_integration_cert	F:/~dev/rawrxd/cmake/Remote64.cmake	108	${CMAKE_CURRENT_SOURCE_DIR}/src	${CMAKE_CURRENT_SOURCE_DIR}/src	UNRESOLVED_EXPRESSION	1	FALSE	FALSE	FALSE	1	UNRESOLVED_EXPRESSION
deep2_remote64_integration_cert	F:/~dev/rawrxd/cmake/Remote64.cmake	109	${CMAKE_CURRENT_SOURCE_DIR}/src/deep2	${CMAKE_CURRENT_SOURCE_DIR}/src/deep2	UNRESOLVED_EXPRESSION	1	FALSE	FALSE	FALSE	1	UNRESOLVED_EXPRESSION
deep2_remote64_integration_cert	F:/~dev/rawrxd/cmake/Remote64.cmake	113	${CMAKE_BINARY_DIR}/bin	${CMAKE_BINARY_DIR}/bin	UNRESOLVED_EXPRESSION	1	FALSE	FALSE	FALSE	1	UNRESOLVED_EXPRESSION
deep2_rmv_mount_001	F:/~dev/rawrxd/CMakeLists.txt	42216	$<$<NOT:$<CONFIG:Debug>>:/O2> /EHsc /W4 /s d:c++20	$<$<NOT:$<CONFIG:Debug>>:/O2> /EHsc /W4 /std:c++20	UNRESOLVED_EXPRESSION	1	FALSE	FALSE	FALSE	4	UNRESOLVED_EXPRESSION
deep2_rmv_mount_001	F:/~dev/rawrxd/CMakeLists.txt	42219	${CMAKE_SOURCE_DIR}/src/deep2	${CMAKE_SOURCE_DIR}/src/deep2	UNRESOLVED_EXPRESSION	1	FALSE	FALSE	FALSE	3	UNRESOLVED_EXPRESSION
deep2_rmv_mount_001	F:/~dev/rawrxd/CMakeLists.txt	42221	RUNTIME_OUTPUT_DIRECTORY ${CMAKE_BINARY_DIR}/bin	RUNTIME_OUTPUT_DIRECTORY ${CMAKE_BINARY_DIR}/bin	UNRESOLVED_EXPRESSION	1	FALSE	FALSE	FALSE	3	UNRESOLVED_EXPRESSION
deep2_rmv_mount_001	F:/~dev/rawrxd/CMakeLists.txt	42223	Mul iThreaded$<$<CONFIG:Debug>:Debug>	MultiThreaded$<$<CONFIG:Debug>:Debug>	UNRESOLVED_EXPRESSION	1	FALSE	FALSE	FALSE	3	UNRESOLVED_EXPRESSION
deep2_runtime_batch1_cert	F:/~dev/rawrxd/CMakeLists.txt	40917	${CMAKE_SOURCE_DIR}/src	${CMAKE_SOURCE_DIR}/src	UNRESOLVED_EXPRESSION	1	FALSE	FALSE	FALSE	3	UNRESOLVED_EXPRESSION
deep2_runtime_batch1_cert	F:/~dev/rawrxd/CMakeLists.txt	40918	${CMAKE_SOURCE_DIR}/src/deep2	${CMAKE_SOURCE_DIR}/src/deep2	UNRESOLVED_EXPRESSION	1	FALSE	FALSE	FALSE	3	UNRESOLVED_EXPRESSION
deep2_runtime_batch1_cert	F:/~dev/rawrxd/CMakeLists.txt	40919	${CMAKE_SOURCE_DIR}/src/core	${CMAKE_SOURCE_DIR}/src/core	UNRESOLVED_EXPRESSION	1	FALSE	FALSE	FALSE	3	UNRESOLVED_EXPRESSION
deep2_runtime_batch1_cert	F:/~dev/rawrxd/CMakeLists.txt	40920	${CMAKE_SOURCE_DIR}/include	${CMAKE_SOURCE_DIR}/include	UNRESOLVED_EXPRESSION	1	FALSE	FALSE	FALSE	3	UNRESOLVED_EXPRESSION
deep2_runtime_batch1_cert	F:/~dev/rawrxd/CMakeLists.txt	40923	RUNTIME_OUTPUT_DIRECTORY ${CMAKE_BINARY_DIR}/bin	RUNTIME_OUTPUT_DIRECTORY ${CMAKE_BINARY_DIR}/bin	UNRESOLVED_EXPRESSION	1	FALSE	FALSE	FALSE	3	UNRESOLVED_EXPRESSION
deep2_runtime_batch1_cert	F:/~dev/rawrxd/CMakeLists.txt	40925	Mul iThreaded$<$<CONFIG:Debug>:Debug>	MultiThreaded$<$<CONFIG:Debug>:Debug>	UNRESOLVED_EXPRESSION	1	FALSE	FALSE	FALSE	3	UNRESOLVED_EXPRESSION
deep2_runtime_batch2_cert	F:/~dev/rawrxd/CMakeLists.txt	40940	${CMAKE_SOURCE_DIR}/src	${CMAKE_SOURCE_DIR}/src	UNRESOLVED_EXPRESSION	1	FALSE	FALSE	FALSE	3	UNRESOLVED_EXPRESSION
deep2_runtime_batch2_cert	F:/~dev/rawrxd/CMakeLists.txt	40941	${CMAKE_SOURCE_DIR}/src/deep2	${CMAKE_SOURCE_DIR}/src/deep2	UNRESOLVED_EXPRESSION	1	FALSE	FALSE	FALSE	3	UNRESOLVED_EXPRESSION
deep2_runtime_batch2_cert	F:/~dev/rawrxd/CMakeLists.txt	40942	${CMAKE_SOURCE_DIR}/src/core	${CMAKE_SOURCE_DIR}/src/core	UNRESOLVED_EXPRESSION	1	FALSE	FALSE	FALSE	3	UNRESOLVED_EXPRESSION
deep2_runtime_batch2_cert	F:/~dev/rawrxd/CMakeLists.txt	40943	${CMAKE_SOURCE_DIR}/include	${CMAKE_SOURCE_DIR}/include	UNRESOLVED_EXPRESSION	1	FALSE	FALSE	FALSE	3	UNRESOLVED_EXPRESSION
deep2_runtime_batch2_cert	F:/~dev/rawrxd/CMakeLists.txt	40946	RUNTIME_OUTPUT_DIRECTORY ${CMAKE_BINARY_DIR}/bin	RUNTIME_OUTPUT_DIRECTORY ${CMAKE_BINARY_DIR}/bin	UNRESOLVED_EXPRESSION	1	FALSE	FALSE	FALSE	3	UNRESOLVED_EXPRESSION
deep2_runtime_batch2_cert	F:/~dev/rawrxd/CMakeLists.txt	40948	Mul iThreaded$<$<CONFIG:Debug>:Debug>	MultiThreaded$<$<CONFIG:Debug>:Debug>	UNRESOLVED_EXPRESSION	1	FALSE	FALSE	FALSE	3	UNRESOLVED_EXPRESSION
deep2_runtime_batch3_cert	F:/~dev/rawrxd/CMakeLists.txt	40962	RUNTIME_OUTPUT_DIRECTORY ${CMAKE_BINARY_DIR}/bin	RUNTIME_OUTPUT_DIRECTORY ${CMAKE_BINARY_DIR}/bin	UNRESOLVED_EXPRESSION	1	FALSE	FALSE	FALSE	3	UNRESOLVED_EXPRESSION
deep2_runtime_batch3_cert	F:/~dev/rawrxd/CMakeLists.txt	40964	Mul iThreaded$<$<CONFIG:Debug>:Debug>	MultiThreaded$<$<CONFIG:Debug>:Debug>	UNRESOLVED_EXPRESSION	1	FALSE	FALSE	FALSE	3	UNRESOLVED_EXPRESSION
deep2_ssm_cert	F:/~dev/rawrxd/cmake/RawrXDSovereignFinish.cmake	75	${CMAKE_CURRENT_SOURCE_DIR}/src	${CMAKE_CURRENT_SOURCE_DIR}/src	UNRESOLVED_EXPRESSION	1	FALSE	FALSE	FALSE	1	UNRESOLVED_EXPRESSION
deep2_ssm_cert	F:/~dev/rawrxd/cmake/RawrXDSovereignFinish.cmake	76	${CMAKE_CURRENT_SOURCE_DIR}/src/agen ic	${CMAKE_CURRENT_SOURCE_DIR}/src/agentic	UNRESOLVED_EXPRESSION	1	FALSE	FALSE	FALSE	1	UNRESOLVED_EXPRESSION
deep2_ssm_cert	F:/~dev/rawrxd/cmake/RawrXDSovereignFinish.cmake	77	${CMAKE_CURRENT_SOURCE_DIR}/src/deep2	${CMAKE_CURRENT_SOURCE_DIR}/src/deep2	UNRESOLVED_EXPRESSION	1	FALSE	FALSE	FALSE	1	UNRESOLVED_EXPRESSION
deep2_ssm_cert	F:/~dev/rawrxd/cmake/RawrXDSovereignFinish.cmake	78	${CMAKE_CURRENT_SOURCE_DIR}/src/models	${CMAKE_CURRENT_SOURCE_DIR}/src/models	UNRESOLVED_EXPRESSION	1	FALSE	FALSE	FALSE	1	UNRESOLVED_EXPRESSION
deep2_ssm_cert	F:/~dev/rawrxd/cmake/RawrXDSovereignFinish.cmake	84	${CMAKE_BINARY_DIR}/bin	${CMAKE_BINARY_DIR}/bin	UNRESOLVED_EXPRESSION	1	FALSE	FALSE	FALSE	1	UNRESOLVED_EXPRESSION
deep2_ssm_norm_layout_gate	F:/~dev/rawrxd/CMakeLists.txt	108722	${CMAKE_SOURCE_DIR}/src/deep2	${CMAKE_SOURCE_DIR}/src/deep2	UNRESOLVED_EXPRESSION	1	FALSE	FALSE	FALSE	5	UNRESOLVED_EXPRESSION
deep2_ssm_norm_layout_gate	F:/~dev/rawrxd/CMakeLists.txt	108723	${CMAKE_SOURCE_DIR}/src	${CMAKE_SOURCE_DIR}/src	UNRESOLVED_EXPRESSION	1	FALSE	FALSE	FALSE	5	UNRESOLVED_EXPRESSION
deep2_ssm_norm_layout_gate	F:/~dev/rawrxd/CMakeLists.txt	108724	${CMAKE_SOURCE_DIR}/include	${CMAKE_SOURCE_DIR}/include	UNRESOLVED_EXPRESSION	1	FALSE	FALSE	FALSE	5	UNRESOLVED_EXPRESSION
deep2_ssm_norm_layout_gate	F:/~dev/rawrxd/CMakeLists.txt	108729	Mul iThreaded$<$<CONFIG:Debug>:Debug>	MultiThreaded$<$<CONFIG:Debug>:Debug>	UNRESOLVED_EXPRESSION	1	FALSE	FALSE	FALSE	6	UNRESOLVED_EXPRESSION
deep2_ssm_norm_layout_gate	F:/~dev/rawrxd/CMakeLists.txt	108732	RUNTIME_OUTPUT_DIRECTORY ${CMAKE_BINARY_DIR}/bin	RUNTIME_OUTPUT_DIRECTORY ${CMAKE_BINARY_DIR}/bin	UNRESOLVED_EXPRESSION	1	FALSE	FALSE	FALSE	5	UNRESOLVED_EXPRESSION
deep2_ssm_norm_layout_gate	F:/~dev/rawrxd/CMakeLists.txt	108759	measured  no  assumed from parseabili y.	measured  not assumed from parseability.	LITERAL	1	FALSE	FALSE	FALSE	4	ACTIVE_MISSING
deep2_streamer_cert	F:/~dev/rawrxd/CMakeLists.txt	40437	${CMAKE_SOURCE_DIR}/src	${CMAKE_SOURCE_DIR}/src	UNRESOLVED_EXPRESSION	1	FALSE	FALSE	FALSE	3	UNRESOLVED_EXPRESSION
deep2_streamer_cert	F:/~dev/rawrxd/CMakeLists.txt	40438	${CMAKE_SOURCE_DIR}/src/deep2	${CMAKE_SOURCE_DIR}/src/deep2	UNRESOLVED_EXPRESSION	1	FALSE	FALSE	FALSE	3	UNRESOLVED_EXPRESSION
deep2_streamer_cert	F:/~dev/rawrxd/CMakeLists.txt	40439	${CMAKE_SOURCE_DIR}/src/core	${CMAKE_SOURCE_DIR}/src/core	UNRESOLVED_EXPRESSION	1	FALSE	FALSE	FALSE	3	UNRESOLVED_EXPRESSION
deep2_streamer_cert	F:/~dev/rawrxd/CMakeLists.txt	40440	${CMAKE_SOURCE_DIR}/include	${CMAKE_SOURCE_DIR}/include	UNRESOLVED_EXPRESSION	1	FALSE	FALSE	FALSE	3	UNRESOLVED_EXPRESSION
deep2_streamer_cert	F:/~dev/rawrxd/CMakeLists.txt	40443	RUNTIME_OUTPUT_DIRECTORY ${CMAKE_BINARY_DIR}/bin	RUNTIME_OUTPUT_DIRECTORY ${CMAKE_BINARY_DIR}/bin	UNRESOLVED_EXPRESSION	1	FALSE	FALSE	FALSE	3	UNRESOLVED_EXPRESSION
deep2_streamer_cert	F:/~dev/rawrxd/CMakeLists.txt	40445	Mul iThreaded$<$<CONFIG:Debug>:Debug>	MultiThreaded$<$<CONFIG:Debug>:Debug>	UNRESOLVED_EXPRESSION	1	FALSE	FALSE	FALSE	3	UNRESOLVED_EXPRESSION
deep2_streamer_parity	F:/~dev/rawrxd/CMakeLists.txt	40467	${CMAKE_SOURCE_DIR}/src	${CMAKE_SOURCE_DIR}/src	UNRESOLVED_EXPRESSION	1	FALSE	FALSE	FALSE	3	UNRESOLVED_EXPRESSION
deep2_streamer_parity	F:/~dev/rawrxd/CMakeLists.txt	40468	${CMAKE_SOURCE_DIR}/src/deep2	${CMAKE_SOURCE_DIR}/src/deep2	UNRESOLVED_EXPRESSION	1	FALSE	FALSE	FALSE	3	UNRESOLVED_EXPRESSION
deep2_streamer_parity	F:/~dev/rawrxd/CMakeLists.txt	40469	${CMAKE_SOURCE_DIR}/src/deep2/lavapa h	${CMAKE_SOURCE_DIR}/src/deep2/lavapath	UNRESOLVED_EXPRESSION	1	FALSE	FALSE	FALSE	3	UNRESOLVED_EXPRESSION
deep2_streamer_parity	F:/~dev/rawrxd/CMakeLists.txt	40470	${CMAKE_SOURCE_DIR}/include	${CMAKE_SOURCE_DIR}/include	UNRESOLVED_EXPRESSION	1	FALSE	FALSE	FALSE	3	UNRESOLVED_EXPRESSION
deep2_streamer_parity	F:/~dev/rawrxd/CMakeLists.txt	40473	RUNTIME_OUTPUT_DIRECTORY ${CMAKE_BINARY_DIR}/bin	RUNTIME_OUTPUT_DIRECTORY ${CMAKE_BINARY_DIR}/bin	UNRESOLVED_EXPRESSION	1	FALSE	FALSE	FALSE	3	UNRESOLVED_EXPRESSION
deep2_streamer_parity	F:/~dev/rawrxd/CMakeLists.txt	40475	Mul iThreaded$<$<CONFIG:Debug>:Debug>	MultiThreaded$<$<CONFIG:Debug>:Debug>	UNRESOLVED_EXPRESSION	1	FALSE	FALSE	FALSE	3	UNRESOLVED_EXPRESSION
deep2_topology_portability_cert	F:/~dev/rawrxd/CMakeLists.txt	40554	${CMAKE_SOURCE_DIR}/src	${CMAKE_SOURCE_DIR}/src	UNRESOLVED_EXPRESSION	1	FALSE	FALSE	FALSE	3	UNRESOLVED_EXPRESSION
deep2_topology_portability_cert	F:/~dev/rawrxd/CMakeLists.txt	40555	${CMAKE_SOURCE_DIR}/src/deep2	${CMAKE_SOURCE_DIR}/src/deep2	UNRESOLVED_EXPRESSION	1	FALSE	FALSE	FALSE	3	UNRESOLVED_EXPRESSION
deep2_topology_portability_cert	F:/~dev/rawrxd/CMakeLists.txt	40556	${CMAKE_SOURCE_DIR}/src/core	${CMAKE_SOURCE_DIR}/src/core	UNRESOLVED_EXPRESSION	1	FALSE	FALSE	FALSE	3	UNRESOLVED_EXPRESSION
deep2_topology_portability_cert	F:/~dev/rawrxd/CMakeLists.txt	40557	${CMAKE_SOURCE_DIR}/include	${CMAKE_SOURCE_DIR}/include	UNRESOLVED_EXPRESSION	1	FALSE	FALSE	FALSE	3	UNRESOLVED_EXPRESSION
deep2_topology_portability_cert	F:/~dev/rawrxd/CMakeLists.txt	40560	RUNTIME_OUTPUT_DIRECTORY ${CMAKE_BINARY_DIR}/bin	RUNTIME_OUTPUT_DIRECTORY ${CMAKE_BINARY_DIR}/bin	UNRESOLVED_EXPRESSION	1	FALSE	FALSE	FALSE	3	UNRESOLVED_EXPRESSION
deep2_topology_portability_cert	F:/~dev/rawrxd/CMakeLists.txt	40562	Mul iThreaded$<$<CONFIG:Debug>:Debug>	MultiThreaded$<$<CONFIG:Debug>:Debug>	UNRESOLVED_EXPRESSION	1	FALSE	FALSE	FALSE	3	UNRESOLVED_EXPRESSION
deep2_ucf_bounce_smoke	F:/~dev/rawrxd/CMakeLists.txt	42049	$<$<NOT:$<CONFIG:Debug>>:/O2> /EHsc /W4 /s d:c++20	$<$<NOT:$<CONFIG:Debug>>:/O2> /EHsc /W4 /std:c++20	UNRESOLVED_EXPRESSION	1	FALSE	FALSE	FALSE	4	UNRESOLVED_EXPRESSION
deep2_ucf_bounce_smoke	F:/~dev/rawrxd/CMakeLists.txt	42052	${CMAKE_SOURCE_DIR}/src/deep2	${CMAKE_SOURCE_DIR}/src/deep2	UNRESOLVED_EXPRESSION	1	FALSE	FALSE	FALSE	3	UNRESOLVED_EXPRESSION
deep2_ucf_bounce_smoke	F:/~dev/rawrxd/CMakeLists.txt	42054	RUNTIME_OUTPUT_DIRECTORY ${CMAKE_BINARY_DIR}/bin	RUNTIME_OUTPUT_DIRECTORY ${CMAKE_BINARY_DIR}/bin	UNRESOLVED_EXPRESSION	1	FALSE	FALSE	FALSE	3	UNRESOLVED_EXPRESSION
deep2_ucf_bounce_smoke	F:/~dev/rawrxd/CMakeLists.txt	42056	Mul iThreaded$<$<CONFIG:Debug>:Debug>	MultiThreaded$<$<CONFIG:Debug>:Debug>	UNRESOLVED_EXPRESSION	1	FALSE	FALSE	FALSE	3	UNRESOLVED_EXPRESSION
deep2_ucf_bouncehouse_example	F:/~dev/rawrxd/CMakeLists.txt	42180	$<$<NOT:$<CONFIG:Debug>>:/O2> /EHsc /W4 /s d:c++20	$<$<NOT:$<CONFIG:Debug>>:/O2> /EHsc /W4 /std:c++20	UNRESOLVED_EXPRESSION	1	FALSE	FALSE	FALSE	4	UNRESOLVED_EXPRESSION
deep2_ucf_bouncehouse_example	F:/~dev/rawrxd/CMakeLists.txt	42183	${CMAKE_SOURCE_DIR}/src/deep2	${CMAKE_SOURCE_DIR}/src/deep2	UNRESOLVED_EXPRESSION	1	FALSE	FALSE	FALSE	3	UNRESOLVED_EXPRESSION
deep2_ucf_bouncehouse_example	F:/~dev/rawrxd/CMakeLists.txt	42185	RUNTIME_OUTPUT_DIRECTORY ${CMAKE_BINARY_DIR}/bin	RUNTIME_OUTPUT_DIRECTORY ${CMAKE_BINARY_DIR}/bin	UNRESOLVED_EXPRESSION	1	FALSE	FALSE	FALSE	3	UNRESOLVED_EXPRESSION
deep2_ucf_bouncehouse_example	F:/~dev/rawrxd/CMakeLists.txt	42187	Mul iThreaded$<$<CONFIG:Debug>:Debug>	MultiThreaded$<$<CONFIG:Debug>:Debug>	UNRESOLVED_EXPRESSION	1	FALSE	FALSE	FALSE	3	UNRESOLVED_EXPRESSION
deep2_ucf_generation_ticket_001	F:/~dev/rawrxd/CMakeLists.txt	42143	$<$<NOT:$<CONFIG:Debug>>:/O2> /EHsc /W4 /s d:c++20	$<$<NOT:$<CONFIG:Debug>>:/O2> /EHsc /W4 /std:c++20	UNRESOLVED_EXPRESSION	1	FALSE	FALSE	FALSE	4	UNRESOLVED_EXPRESSION
deep2_ucf_generation_ticket_001	F:/~dev/rawrxd/CMakeLists.txt	42146	${CMAKE_SOURCE_DIR}/src/deep2	${CMAKE_SOURCE_DIR}/src/deep2	UNRESOLVED_EXPRESSION	1	FALSE	FALSE	FALSE	3	UNRESOLVED_EXPRESSION
deep2_ucf_generation_ticket_001	F:/~dev/rawrxd/CMakeLists.txt	42148	RUNTIME_OUTPUT_DIRECTORY ${CMAKE_BINARY_DIR}/bin	RUNTIME_OUTPUT_DIRECTORY ${CMAKE_BINARY_DIR}/bin	UNRESOLVED_EXPRESSION	1	FALSE	FALSE	FALSE	3	UNRESOLVED_EXPRESSION
deep2_ucf_generation_ticket_001	F:/~dev/rawrxd/CMakeLists.txt	42150	Mul iThreaded$<$<CONFIG:Debug>:Debug>	MultiThreaded$<$<CONFIG:Debug>:Debug>	UNRESOLVED_EXPRESSION	1	FALSE	FALSE	FALSE	3	UNRESOLVED_EXPRESSION
deep2_ucf_gpu_ready_e2e	F:/~dev/rawrxd/CMakeLists.txt	42161	$<$<NOT:$<CONFIG:Debug>>:/O2> /EHsc /W4 /s d:c++20	$<$<NOT:$<CONFIG:Debug>>:/O2> /EHsc /W4 /std:c++20	UNRESOLVED_EXPRESSION	1	FALSE	FALSE	FALSE	4	UNRESOLVED_EXPRESSION
deep2_ucf_gpu_ready_e2e	F:/~dev/rawrxd/CMakeLists.txt	42164	${CMAKE_SOURCE_DIR}/src/deep2	${CMAKE_SOURCE_DIR}/src/deep2	UNRESOLVED_EXPRESSION	1	FALSE	FALSE	FALSE	3	UNRESOLVED_EXPRESSION
deep2_ucf_gpu_ready_e2e	F:/~dev/rawrxd/CMakeLists.txt	42166	RUNTIME_OUTPUT_DIRECTORY ${CMAKE_BINARY_DIR}/bin	RUNTIME_OUTPUT_DIRECTORY ${CMAKE_BINARY_DIR}/bin	UNRESOLVED_EXPRESSION	1	FALSE	FALSE	FALSE	3	UNRESOLVED_EXPRESSION
deep2_ucf_gpu_ready_e2e	F:/~dev/rawrxd/CMakeLists.txt	42168	Mul iThreaded$<$<CONFIG:Debug>:Debug>	MultiThreaded$<$<CONFIG:Debug>:Debug>	UNRESOLVED_EXPRESSION	1	FALSE	FALSE	FALSE	3	UNRESOLVED_EXPRESSION
deep2_ucf_halo_spark_001	F:/~dev/rawrxd/CMakeLists.txt	42198	$<$<NOT:$<CONFIG:Debug>>:/O2> /EHsc /W4 /s d:c++20	$<$<NOT:$<CONFIG:Debug>>:/O2> /EHsc /W4 /std:c++20	UNRESOLVED_EXPRESSION	1	FALSE	FALSE	FALSE	4	UNRESOLVED_EXPRESSION
deep2_ucf_halo_spark_001	F:/~dev/rawrxd/CMakeLists.txt	42201	${CMAKE_SOURCE_DIR}/src/deep2	${CMAKE_SOURCE_DIR}/src/deep2	UNRESOLVED_EXPRESSION	1	FALSE	FALSE	FALSE	3	UNRESOLVED_EXPRESSION
deep2_ucf_halo_spark_001	F:/~dev/rawrxd/CMakeLists.txt	42203	RUNTIME_OUTPUT_DIRECTORY ${CMAKE_BINARY_DIR}/bin	RUNTIME_OUTPUT_DIRECTORY ${CMAKE_BINARY_DIR}/bin	UNRESOLVED_EXPRESSION	1	FALSE	FALSE	FALSE	3	UNRESOLVED_EXPRESSION
deep2_ucf_halo_spark_001	F:/~dev/rawrxd/CMakeLists.txt	42205	Mul iThreaded$<$<CONFIG:Debug>:Debug>	MultiThreaded$<$<CONFIG:Debug>:Debug>	UNRESOLVED_EXPRESSION	1	FALSE	FALSE	FALSE	3	UNRESOLVED_EXPRESSION
deep2_ucf_logits_range_bounce_001	F:/~dev/rawrxd/CMakeLists.txt	42106	$<$<NOT:$<CONFIG:Debug>>:/O2> /EHsc /W4 /s d:c++20	$<$<NOT:$<CONFIG:Debug>>:/O2> /EHsc /W4 /std:c++20	UNRESOLVED_EXPRESSION	1	FALSE	FALSE	FALSE	4	UNRESOLVED_EXPRESSION
deep2_ucf_logits_range_bounce_001	F:/~dev/rawrxd/CMakeLists.txt	42109	${CMAKE_SOURCE_DIR}/src/deep2	${CMAKE_SOURCE_DIR}/src/deep2	UNRESOLVED_EXPRESSION	1	FALSE	FALSE	FALSE	3	UNRESOLVED_EXPRESSION
deep2_ucf_logits_range_bounce_001	F:/~dev/rawrxd/CMakeLists.txt	42111	RUNTIME_OUTPUT_DIRECTORY ${CMAKE_BINARY_DIR}/bin	RUNTIME_OUTPUT_DIRECTORY ${CMAKE_BINARY_DIR}/bin	UNRESOLVED_EXPRESSION	1	FALSE	FALSE	FALSE	3	UNRESOLVED_EXPRESSION
deep2_ucf_logits_range_bounce_001	F:/~dev/rawrxd/CMakeLists.txt	42113	Mul iThreaded$<$<CONFIG:Debug>:Debug>	MultiThreaded$<$<CONFIG:Debug>:Debug>	UNRESOLVED_EXPRESSION	1	FALSE	FALSE	FALSE	3	UNRESOLVED_EXPRESSION
deep2_ucf_mobility_fault_001	F:/~dev/rawrxd/CMakeLists.txt	42326	$<$<NOT:$<CONFIG:Debug>>:/O2> /EHsc /W4 /s d:c++20	$<$<NOT:$<CONFIG:Debug>>:/O2> /EHsc /W4 /std:c++20	UNRESOLVED_EXPRESSION	1	FALSE	FALSE	FALSE	4	UNRESOLVED_EXPRESSION
deep2_ucf_mobility_fault_001	F:/~dev/rawrxd/CMakeLists.txt	42329	${CMAKE_SOURCE_DIR}/src/deep2	${CMAKE_SOURCE_DIR}/src/deep2	UNRESOLVED_EXPRESSION	1	FALSE	FALSE	FALSE	3	UNRESOLVED_EXPRESSION
deep2_ucf_mobility_fault_001	F:/~dev/rawrxd/CMakeLists.txt	42331	RUNTIME_OUTPUT_DIRECTORY ${CMAKE_BINARY_DIR}/bin	RUNTIME_OUTPUT_DIRECTORY ${CMAKE_BINARY_DIR}/bin	UNRESOLVED_EXPRESSION	1	FALSE	FALSE	FALSE	3	UNRESOLVED_EXPRESSION
deep2_ucf_mobility_fault_001	F:/~dev/rawrxd/CMakeLists.txt	42333	Mul iThreaded$<$<CONFIG:Debug>:Debug>	MultiThreaded$<$<CONFIG:Debug>:Debug>	UNRESOLVED_EXPRESSION	1	FALSE	FALSE	FALSE	3	UNRESOLVED_EXPRESSION
deep2_ucf_no_stale_dispatch_001	F:/~dev/rawrxd/CMakeLists.txt	42068	$<$<NOT:$<CONFIG:Debug>>:/O2> /EHsc /W4 /s d:c++20	$<$<NOT:$<CONFIG:Debug>>:/O2> /EHsc /W4 /std:c++20	UNRESOLVED_EXPRESSION	1	FALSE	FALSE	FALSE	4	UNRESOLVED_EXPRESSION
deep2_ucf_no_stale_dispatch_001	F:/~dev/rawrxd/CMakeLists.txt	42071	${CMAKE_SOURCE_DIR}/src/deep2	${CMAKE_SOURCE_DIR}/src/deep2	UNRESOLVED_EXPRESSION	1	FALSE	FALSE	FALSE	3	UNRESOLVED_EXPRESSION
deep2_ucf_no_stale_dispatch_001	F:/~dev/rawrxd/CMakeLists.txt	42073	RUNTIME_OUTPUT_DIRECTORY ${CMAKE_BINARY_DIR}/bin	RUNTIME_OUTPUT_DIRECTORY ${CMAKE_BINARY_DIR}/bin	UNRESOLVED_EXPRESSION	1	FALSE	FALSE	FALSE	3	UNRESOLVED_EXPRESSION
deep2_ucf_no_stale_dispatch_001	F:/~dev/rawrxd/CMakeLists.txt	42075	Mul iThreaded$<$<CONFIG:Debug>:Debug>	MultiThreaded$<$<CONFIG:Debug>:Debug>	UNRESOLVED_EXPRESSION	1	FALSE	FALSE	FALSE	3	UNRESOLVED_EXPRESSION
deep2_ucf_read_converge_001	F:/~dev/rawrxd/CMakeLists.txt	42087	$<$<NOT:$<CONFIG:Debug>>:/O2> /EHsc /W4 /s d:c++20	$<$<NOT:$<CONFIG:Debug>>:/O2> /EHsc /W4 /std:c++20	UNRESOLVED_EXPRESSION	1	FALSE	FALSE	FALSE	4	UNRESOLVED_EXPRESSION
deep2_ucf_read_converge_001	F:/~dev/rawrxd/CMakeLists.txt	42090	${CMAKE_SOURCE_DIR}/src/deep2	${CMAKE_SOURCE_DIR}/src/deep2	UNRESOLVED_EXPRESSION	1	FALSE	FALSE	FALSE	3	UNRESOLVED_EXPRESSION
deep2_ucf_read_converge_001	F:/~dev/rawrxd/CMakeLists.txt	42092	RUNTIME_OUTPUT_DIRECTORY ${CMAKE_BINARY_DIR}/bin	RUNTIME_OUTPUT_DIRECTORY ${CMAKE_BINARY_DIR}/bin	UNRESOLVED_EXPRESSION	1	FALSE	FALSE	FALSE	3	UNRESOLVED_EXPRESSION
deep2_ucf_read_converge_001	F:/~dev/rawrxd/CMakeLists.txt	42094	Mul iThreaded$<$<CONFIG:Debug>:Debug>	MultiThreaded$<$<CONFIG:Debug>:Debug>	UNRESOLVED_EXPRESSION	1	FALSE	FALSE	FALSE	3	UNRESOLVED_EXPRESSION
deep2_ucf_semantic_abi_v1_cert	F:/~dev/rawrxd/CMakeLists.txt	42124	$<$<NOT:$<CONFIG:Debug>>:/O2> /EHsc /W4 /s d:c++20	$<$<NOT:$<CONFIG:Debug>>:/O2> /EHsc /W4 /std:c++20	UNRESOLVED_EXPRESSION	1	FALSE	FALSE	FALSE	4	UNRESOLVED_EXPRESSION
deep2_ucf_semantic_abi_v1_cert	F:/~dev/rawrxd/CMakeLists.txt	42127	${CMAKE_SOURCE_DIR}/src/deep2	${CMAKE_SOURCE_DIR}/src/deep2	UNRESOLVED_EXPRESSION	1	FALSE	FALSE	FALSE	3	UNRESOLVED_EXPRESSION
deep2_ucf_semantic_abi_v1_cert	F:/~dev/rawrxd/CMakeLists.txt	42129	RUNTIME_OUTPUT_DIRECTORY ${CMAKE_BINARY_DIR}/bin	RUNTIME_OUTPUT_DIRECTORY ${CMAKE_BINARY_DIR}/bin	UNRESOLVED_EXPRESSION	1	FALSE	FALSE	FALSE	3	UNRESOLVED_EXPRESSION
deep2_ucf_semantic_abi_v1_cert	F:/~dev/rawrxd/CMakeLists.txt	42131	Mul iThreaded$<$<CONFIG:Debug>:Debug>	MultiThreaded$<$<CONFIG:Debug>:Debug>	UNRESOLVED_EXPRESSION	1	FALSE	FALSE	FALSE	3	UNRESOLVED_EXPRESSION
deep2_vwa_core_poc_001	F:/~dev/rawrxd/cmake/Deep2VwaB3B8.fragment.cmake	29	${CMAKE_SOURCE_DIR}/src/deep2/deep2_vwa_core_poc_001.cpp	${CMAKE_SOURCE_DIR}/src/deep2/deep2_vwa_core_poc_001.cpp	UNRESOLVED_EXPRESSION	1	FALSE	FALSE	FALSE	3	UNRESOLVED_EXPRESSION
deep2_vwa_core_poc_001	F:/~dev/rawrxd/cmake/Deep2VwaB3B8.fragment.cmake	32	${CMAKE_SOURCE_DIR}/src/deep2	${CMAKE_SOURCE_DIR}/src/deep2	UNRESOLVED_EXPRESSION	1	FALSE	FALSE	FALSE	3	UNRESOLVED_EXPRESSION
deep2_vwa_core_poc_001	F:/~dev/rawrxd/cmake/Deep2VwaB3B8.fragment.cmake	36	Mul iThreaded$<$<CONFIG:Debug>:Debug>	MultiThreaded$<$<CONFIG:Debug>:Debug>	UNRESOLVED_EXPRESSION	1	FALSE	FALSE	FALSE	3	UNRESOLVED_EXPRESSION
deep2_vwa_core_poc_001	F:/~dev/rawrxd/cmake/Deep2VwaB3B8.fragment.cmake	38	RUNTIME_OUTPUT_DIRECTORY ${CMAKE_BINARY_DIR}/bin	RUNTIME_OUTPUT_DIRECTORY ${CMAKE_BINARY_DIR}/bin	UNRESOLVED_EXPRESSION	1	FALSE	FALSE	FALSE	3	UNRESOLVED_EXPRESSION
deep2_vwa_e2e_001	F:/~dev/rawrxd/CMakeLists.txt	42237	$<$<NOT:$<CONFIG:Debug>>:/O2> /EHsc /W4 /s d:c++20	$<$<NOT:$<CONFIG:Debug>>:/O2> /EHsc /W4 /std:c++20	UNRESOLVED_EXPRESSION	1	FALSE	FALSE	FALSE	4	UNRESOLVED_EXPRESSION
deep2_vwa_e2e_001	F:/~dev/rawrxd/CMakeLists.txt	42240	${CMAKE_SOURCE_DIR}/src/deep2	${CMAKE_SOURCE_DIR}/src/deep2	UNRESOLVED_EXPRESSION	1	FALSE	FALSE	FALSE	3	UNRESOLVED_EXPRESSION
deep2_vwa_e2e_001	F:/~dev/rawrxd/CMakeLists.txt	42242	RUNTIME_OUTPUT_DIRECTORY ${CMAKE_BINARY_DIR}/bin	RUNTIME_OUTPUT_DIRECTORY ${CMAKE_BINARY_DIR}/bin	UNRESOLVED_EXPRESSION	1	FALSE	FALSE	FALSE	3	UNRESOLVED_EXPRESSION
deep2_vwa_e2e_001	F:/~dev/rawrxd/CMakeLists.txt	42244	Mul iThreaded$<$<CONFIG:Debug>:Debug>	MultiThreaded$<$<CONFIG:Debug>:Debug>	UNRESOLVED_EXPRESSION	1	FALSE	FALSE	FALSE	3	UNRESOLVED_EXPRESSION
deep2_vwa_file_coalesce_001	F:/~dev/rawrxd/cmake/Deep2VwaB3B8.fragment.cmake	45	${CMAKE_SOURCE_DIR}/src/deep2/deep2_vwa_file_coalesce_001.cpp	${CMAKE_SOURCE_DIR}/src/deep2/deep2_vwa_file_coalesce_001.cpp	UNRESOLVED_EXPRESSION	1	FALSE	FALSE	FALSE	3	UNRESOLVED_EXPRESSION
deep2_vwa_file_coalesce_001	F:/~dev/rawrxd/cmake/Deep2VwaB3B8.fragment.cmake	49	${CMAKE_SOURCE_DIR}/src/deep2	${CMAKE_SOURCE_DIR}/src/deep2	UNRESOLVED_EXPRESSION	1	FALSE	FALSE	FALSE	3	UNRESOLVED_EXPRESSION
deep2_vwa_file_coalesce_001	F:/~dev/rawrxd/cmake/Deep2VwaB3B8.fragment.cmake	51	$<$<NOT:$<CONFIG:Debug>>:/O2> /EHsc /W4 /s d:c++20	$<$<NOT:$<CONFIG:Debug>>:/O2> /EHsc /W4 /std:c++20	UNRESOLVED_EXPRESSION	1	FALSE	FALSE	FALSE	3	UNRESOLVED_EXPRESSION
deep2_vwa_file_coalesce_001	F:/~dev/rawrxd/cmake/Deep2VwaB3B8.fragment.cmake	53	Mul iThreaded$<$<CONFIG:Debug>:Debug>	MultiThreaded$<$<CONFIG:Debug>:Debug>	UNRESOLVED_EXPRESSION	1	FALSE	FALSE	FALSE	3	UNRESOLVED_EXPRESSION
deep2_vwa_file_coalesce_001	F:/~dev/rawrxd/cmake/Deep2VwaB3B8.fragment.cmake	55	RUNTIME_OUTPUT_DIRECTORY ${CMAKE_BINARY_DIR}/bin	RUNTIME_OUTPUT_DIRECTORY ${CMAKE_BINARY_DIR}/bin	UNRESOLVED_EXPRESSION	1	FALSE	FALSE	FALSE	3	UNRESOLVED_EXPRESSION
deep2_vwa_iocp_range_001	F:/~dev/rawrxd/CMakeLists.txt	42307	$<$<NOT:$<CONFIG:Debug>>:/O2> /EHsc /W4 /s d:c++20 /Gy	$<$<NOT:$<CONFIG:Debug>>:/O2> /EHsc /W4 /std:c++20 /Gy	UNRESOLVED_EXPRESSION	1	FALSE	FALSE	FALSE	3	UNRESOLVED_EXPRESSION
deep2_vwa_iocp_range_001	F:/~dev/rawrxd/CMakeLists.txt	42309	${CMAKE_SOURCE_DIR}/src/deep2	${CMAKE_SOURCE_DIR}/src/deep2	UNRESOLVED_EXPRESSION	1	FALSE	FALSE	FALSE	3	UNRESOLVED_EXPRESSION
deep2_vwa_iocp_range_001	F:/~dev/rawrxd/CMakeLists.txt	42313	RUNTIME_OUTPUT_DIRECTORY ${CMAKE_BINARY_DIR}/bin	RUNTIME_OUTPUT_DIRECTORY ${CMAKE_BINARY_DIR}/bin	UNRESOLVED_EXPRESSION	1	FALSE	FALSE	FALSE	3	UNRESOLVED_EXPRESSION
deep2_vwa_iocp_range_001	F:/~dev/rawrxd/CMakeLists.txt	42315	Mul iThreaded$<$<CONFIG:Debug>:Debug>	MultiThreaded$<$<CONFIG:Debug>:Debug>	UNRESOLVED_EXPRESSION	1	FALSE	FALSE	FALSE	3	UNRESOLVED_EXPRESSION
deep2_vwa_poc_1_001	F:/~dev/rawrxd/CMakeLists.txt	42279	${_VWA_ASM_OBJ}	${_VWA_ASM_OBJ}	UNRESOLVED_EXPRESSION	1	FALSE	FALSE	FALSE	3	UNRESOLVED_EXPRESSION
deep2_vwa_poc_1_001	F:/~dev/rawrxd/CMakeLists.txt	42281	$<$<NOT:$<CONFIG:Debug>>:/O2> /EHsc /W4 /s d:c++20	$<$<NOT:$<CONFIG:Debug>>:/O2> /EHsc /W4 /std:c++20	UNRESOLVED_EXPRESSION	1	FALSE	FALSE	FALSE	3	UNRESOLVED_EXPRESSION
deep2_vwa_poc_1_001	F:/~dev/rawrxd/CMakeLists.txt	42283	${CMAKE_SOURCE_DIR}/src/deep2	${CMAKE_SOURCE_DIR}/src/deep2	UNRESOLVED_EXPRESSION	1	FALSE	FALSE	FALSE	3	UNRESOLVED_EXPRESSION
deep2_vwa_poc_1_001	F:/~dev/rawrxd/CMakeLists.txt	42286	RUNTIME_OUTPUT_DIRECTORY ${CMAKE_BINARY_DIR}/bin	RUNTIME_OUTPUT_DIRECTORY ${CMAKE_BINARY_DIR}/bin	UNRESOLVED_EXPRESSION	1	FALSE	FALSE	FALSE	3	UNRESOLVED_EXPRESSION
deep2_vwa_poc_1_001	F:/~dev/rawrxd/CMakeLists.txt	42288	Mul iThreaded$<$<CONFIG:Debug>:Debug>	MultiThreaded$<$<CONFIG:Debug>:Debug>	UNRESOLVED_EXPRESSION	1	FALSE	FALSE	FALSE	3	UNRESOLVED_EXPRESSION
deep2_vwa_range_contract_001	F:/~dev/rawrxd/CMakeLists.txt	42254	$<$<NOT:$<CONFIG:Debug>>:/O2> /EHsc /W4 /s d:c++20	$<$<NOT:$<CONFIG:Debug>>:/O2> /EHsc /W4 /std:c++20	UNRESOLVED_EXPRESSION	1	FALSE	FALSE	FALSE	4	UNRESOLVED_EXPRESSION
deep2_vwa_range_contract_001	F:/~dev/rawrxd/CMakeLists.txt	42257	${CMAKE_SOURCE_DIR}/src/deep2	${CMAKE_SOURCE_DIR}/src/deep2	UNRESOLVED_EXPRESSION	1	FALSE	FALSE	FALSE	3	UNRESOLVED_EXPRESSION
deep2_vwa_range_contract_001	F:/~dev/rawrxd/CMakeLists.txt	42259	RUNTIME_OUTPUT_DIRECTORY ${CMAKE_BINARY_DIR}/bin	RUNTIME_OUTPUT_DIRECTORY ${CMAKE_BINARY_DIR}/bin	UNRESOLVED_EXPRESSION	1	FALSE	FALSE	FALSE	3	UNRESOLVED_EXPRESSION
deep2_vwa_range_contract_001	F:/~dev/rawrxd/CMakeLists.txt	42261	Mul iThreaded$<$<CONFIG:Debug>:Debug>	MultiThreaded$<$<CONFIG:Debug>:Debug>	UNRESOLVED_EXPRESSION	1	FALSE	FALSE	FALSE	3	UNRESOLVED_EXPRESSION
deep2_vwa_range_contract_001	F:/~dev/rawrxd/CMakeLists.txt	42269	${CMAKE_BINARY_DIR}/VwaRangeX64.obj	${CMAKE_BINARY_DIR}/VwaRangeX64.obj	UNRESOLVED_EXPRESSION	1	FALSE	FALSE	FALSE	3	UNRESOLVED_EXPRESSION
deep2_vwa_range_contract_001	F:/~dev/rawrxd/CMakeLists.txt	42271	OUTPUT ${_VWA_ASM_OBJ}	OUTPUT ${_VWA_ASM_OBJ}	UNRESOLVED_EXPRESSION	1	FALSE	FALSE	FALSE	3	UNRESOLVED_EXPRESSION
deep2_vwa_range_contract_001	F:/~dev/rawrxd/CMakeLists.txt	42272	${_VWA_ASM_OBJ}	${_VWA_ASM_OBJ}	UNRESOLVED_EXPRESSION	1	FALSE	FALSE	FALSE	3	UNRESOLVED_EXPRESSION
deep2_vwa_range_contract_001	F:/~dev/rawrxd/CMakeLists.txt	42272	${_VWA_ML64}	${_VWA_ML64}	UNRESOLVED_EXPRESSION	1	FALSE	FALSE	FALSE	3	UNRESOLVED_EXPRESSION
deep2_vwa_range_contract_001	F:/~dev/rawrxd/CMakeLists.txt	42273	${CMAKE_SOURCE_DIR}/src/deep2/VwaRangeX64.asm	${CMAKE_SOURCE_DIR}/src/deep2/VwaRangeX64.asm	UNRESOLVED_EXPRESSION	1	FALSE	FALSE	FALSE	3	UNRESOLVED_EXPRESSION
deep2_vwa_range_contract_001	F:/~dev/rawrxd/CMakeLists.txt	42274	${CMAKE_SOURCE_DIR}/src/deep2/VwaRangeX64.asm	${CMAKE_SOURCE_DIR}/src/deep2/VwaRangeX64.asm	UNRESOLVED_EXPRESSION	1	FALSE	FALSE	FALSE	3	UNRESOLVED_EXPRESSION
deep2_vwa_range_core	F:/~dev/rawrxd/cmake/Deep2VwaB3B8.fragment.cmake	11	${CMAKE_SOURCE_DIR}/src/deep2/VwaRangeX64.asm	${CMAKE_SOURCE_DIR}/src/deep2/VwaRangeX64.asm	UNRESOLVED_EXPRESSION	1	FALSE	FALSE	FALSE	2	UNRESOLVED_EXPRESSION
deep2_vwa_range_core	F:/~dev/rawrxd/cmake/Deep2VwaB3B8.fragment.cmake	12	${CMAKE_SOURCE_DIR}/src/deep2/VwaIocpRange.cpp	${CMAKE_SOURCE_DIR}/src/deep2/VwaIocpRange.cpp	UNRESOLVED_EXPRESSION	1	FALSE	FALSE	FALSE	2	UNRESOLVED_EXPRESSION
deep2_vwa_range_core	F:/~dev/rawrxd/cmake/Deep2VwaB3B8.fragment.cmake	15	${CMAKE_SOURCE_DIR}/src/deep2	${CMAKE_SOURCE_DIR}/src/deep2	UNRESOLVED_EXPRESSION	1	FALSE	FALSE	FALSE	2	UNRESOLVED_EXPRESSION
deep2_vwa_range_core	F:/~dev/rawrxd/cmake/Deep2VwaB3B8.fragment.cmake	19	$<$<COMPILE_LANGUAGE:CXX>:/O2>	$<$<COMPILE_LANGUAGE:CXX>:/O2>	UNRESOLVED_EXPRESSION	1	FALSE	FALSE	FALSE	2	UNRESOLVED_EXPRESSION
deep2_vwa_range_core	F:/~dev/rawrxd/cmake/Deep2VwaB3B8.fragment.cmake	20	$<$<COMPILE_LANGUAGE:CXX>:/EHsc>	$<$<COMPILE_LANGUAGE:CXX>:/EHsc>	UNRESOLVED_EXPRESSION	1	FALSE	FALSE	FALSE	2	UNRESOLVED_EXPRESSION
deep2_vwa_range_core	F:/~dev/rawrxd/cmake/Deep2VwaB3B8.fragment.cmake	21	$<$<COMPILE_LANGUAGE:CXX>:/W4>	$<$<COMPILE_LANGUAGE:CXX>:/W4>	UNRESOLVED_EXPRESSION	1	FALSE	FALSE	FALSE	2	UNRESOLVED_EXPRESSION
deep2_vwa_range_core	F:/~dev/rawrxd/cmake/Deep2VwaB3B8.fragment.cmake	24	Mul iThreaded$<$<CONFIG:Debug>:Debug>	MultiThreaded$<$<CONFIG:Debug>:Debug>	UNRESOLVED_EXPRESSION	1	FALSE	FALSE	FALSE	2	UNRESOLVED_EXPRESSION
dual_gpu_smoke_test	F:/~dev/rawrxd/CMakeLists.txt	2394	RUNTIME_OUTPUT_DIRECTORY ${CMAKE_BINARY_DIR}/bin	RUNTIME_OUTPUT_DIRECTORY ${CMAKE_BINARY_DIR}/bin	UNRESOLVED_EXPRESSION	1	FALSE	FALSE	FALSE	1	UNRESOLVED_EXPRESSION
dual_gpu_smoke_test	F:/~dev/rawrxd/CMakeLists.txt	2397	${CMAKE_SOURCE_DIR}	${CMAKE_SOURCE_DIR}	UNRESOLVED_EXPRESSION	1	FALSE	FALSE	FALSE	1	UNRESOLVED_EXPRESSION
dual_gpu_smoke_test	F:/~dev/rawrxd/CMakeLists.txt	2398	${CMAKE_SOURCE_DIR}/include	${CMAKE_SOURCE_DIR}/include	UNRESOLVED_EXPRESSION	1	FALSE	FALSE	FALSE	1	UNRESOLVED_EXPRESSION
dual_gpu_smoke_test	F:/~dev/rawrxd/CMakeLists.txt	2399	${CMAKE_SOURCE_DIR}/src	${CMAKE_SOURCE_DIR}/src	UNRESOLVED_EXPRESSION	1	FALSE	FALSE	FALSE	1	UNRESOLVED_EXPRESSION
dual_gpu_smoke_test	F:/~dev/rawrxd/CMakeLists.txt	2402	se _proper y TARGET dual_gpu_smoke_ es  APPEND_STRING PROPERTY LINK_FLAGS  ${_WIN10_SDK_ROOT}/Lib/${_SDK_UM_VER}/um/x64\	set_property TARGET dual_gpu_smoke_test APPEND_STRING PROPERTY LINK_FLAGS  ${_WIN10_SDK_ROOT}/Lib/${_SDK_UM_VER}/um/x64/	UNRESOLVED_EXPRESSION	1	FALSE	FALSE	FALSE	2	UNRESOLVED_EXPRESSION
dual_gpu_smoke_test	F:/~dev/rawrxd/CMakeLists.txt	2405	se _proper y TARGET dual_gpu_smoke_ es  APPEND_STRING PROPERTY LINK_FLAGS  ${_WIN10_SDK_ROOT}/Lib/${_SDK_UCRT_VER}/ucr /x64\	set_property TARGET dual_gpu_smoke_test APPEND_STRING PROPERTY LINK_FLAGS  ${_WIN10_SDK_ROOT}/Lib/${_SDK_UCRT_VER}/ucrt/x64/	UNRESOLVED_EXPRESSION	1	FALSE	FALSE	FALSE	2	UNRESOLVED_EXPRESSION
dual_gpu_smoke_test	F:/~dev/rawrxd/CMakeLists.txt	2408	se _proper y TARGET dual_gpu_smoke_ es  APPEND_STRING PROPERTY LINK_FLAGS  ${_MSVC_ROOT}/lib/x64\	set_property TARGET dual_gpu_smoke_test APPEND_STRING PROPERTY LINK_FLAGS  ${_MSVC_ROOT}/lib/x64/	UNRESOLVED_EXPRESSION	1	FALSE	FALSE	FALSE	2	UNRESOLVED_EXPRESSION
dual_gpu_smoke_test	F:/~dev/rawrxd/CMakeLists.txt	2412	${RAWR_VULKAN_INCLUDE}	${RAWR_VULKAN_INCLUDE}	UNRESOLVED_EXPRESSION	1	FALSE	FALSE	FALSE	2	UNRESOLVED_EXPRESSION
dual_gpu_smoke_test	F:/~dev/rawrxd/CMakeLists.txt	2413	${RAWR_VULKAN_SDK_ROOT}/Lib	${RAWR_VULKAN_SDK_ROOT}/Lib	UNRESOLVED_EXPRESSION	1	FALSE	FALSE	FALSE	2	UNRESOLVED_EXPRESSION
dual_gpu_smoke_test	F:/~dev/rawrxd/CMakeLists.txt	2414	${RAWR_VULKAN_LIB}	${RAWR_VULKAN_LIB}	UNRESOLVED_EXPRESSION	1	FALSE	FALSE	FALSE	2	UNRESOLVED_EXPRESSION
dual_gpu_smoke_test	F:/~dev/rawrxd/CMakeLists.txt	2417	 arge _include_direc ories dual_gpu_smoke_ es  PRIVATE ${VULKAN_INCLUDE_DIR}	target_include_directories dual_gpu_smoke_test PRIVATE ${VULKAN_INCLUDE_DIR}	UNRESOLVED_EXPRESSION	1	FALSE	FALSE	FALSE	2	UNRESOLVED_EXPRESSION
dual_gpu_smoke_test	F:/~dev/rawrxd/CMakeLists.txt	2421	 arge _include_direc ories dual_gpu_smoke_ es  PRIVATE ${Vulkan_INCLUDE_DIRS}	target_include_directories dual_gpu_smoke_test PRIVATE ${Vulkan_INCLUDE_DIRS}	UNRESOLVED_EXPRESSION	1	FALSE	FALSE	FALSE	2	UNRESOLVED_EXPRESSION
dump_qwen35_meta	F:/~dev/rawrxd/CMakeLists.txt	47192	${CMAKE_SOURCE_DIR}/src/deep2	${CMAKE_SOURCE_DIR}/src/deep2	UNRESOLVED_EXPRESSION	1	FALSE	FALSE	FALSE	4	UNRESOLVED_EXPRESSION
dump_qwen35_meta	F:/~dev/rawrxd/CMakeLists.txt	47193	${CMAKE_SOURCE_DIR}/include	${CMAKE_SOURCE_DIR}/include	UNRESOLVED_EXPRESSION	1	FALSE	FALSE	FALSE	4	UNRESOLVED_EXPRESSION
dump_qwen35_meta	F:/~dev/rawrxd/CMakeLists.txt	47196	RUNTIME_OUTPUT_DIRECTORY ${CMAKE_BINARY_DIR}/bin	RUNTIME_OUTPUT_DIRECTORY ${CMAKE_BINARY_DIR}/bin	UNRESOLVED_EXPRESSION	1	FALSE	FALSE	FALSE	4	UNRESOLVED_EXPRESSION
elastic_path_validation_test	F:/~dev/rawrxd/CMakeLists.txt	1607	RUNTIME_OUTPUT_DIRECTORY ${CMAKE_BINARY_DIR}/bin	RUNTIME_OUTPUT_DIRECTORY ${CMAKE_BINARY_DIR}/bin	UNRESOLVED_EXPRESSION	1	FALSE	FALSE	FALSE	2	UNRESOLVED_EXPRESSION
elastic_path_validation_test	F:/~dev/rawrxd/CMakeLists.txt	1608	Mul iThreaded$<$<CONFIG:Debug>:Debug>	MultiThreaded$<$<CONFIG:Debug>:Debug>	UNRESOLVED_EXPRESSION	1	FALSE	FALSE	FALSE	2	UNRESOLVED_EXPRESSION
elastic_path_validation_test	F:/~dev/rawrxd/CMakeLists.txt	1611	${CMAKE_SOURCE_DIR}	${CMAKE_SOURCE_DIR}	UNRESOLVED_EXPRESSION	1	FALSE	FALSE	FALSE	2	UNRESOLVED_EXPRESSION
elastic_path_validation_test	F:/~dev/rawrxd/CMakeLists.txt	1612	${CMAKE_SOURCE_DIR}/src	${CMAKE_SOURCE_DIR}/src	UNRESOLVED_EXPRESSION	1	FALSE	FALSE	FALSE	2	UNRESOLVED_EXPRESSION
elastic_path_validation_test	F:/~dev/rawrxd/CMakeLists.txt	1613	${CMAKE_SOURCE_DIR}/src/inference	${CMAKE_SOURCE_DIR}/src/inference	UNRESOLVED_EXPRESSION	1	FALSE	FALSE	FALSE	2	UNRESOLVED_EXPRESSION
elastic_path_validation_test	F:/~dev/rawrxd/CMakeLists.txt	1614	${CMAKE_SOURCE_DIR}/src/engine	${CMAKE_SOURCE_DIR}/src/engine	UNRESOLVED_EXPRESSION	1	FALSE	FALSE	FALSE	2	UNRESOLVED_EXPRESSION
elastic_path_validation_test	F:/~dev/rawrxd/CMakeLists.txt	1615	${CMAKE_SOURCE_DIR}/src/core	${CMAKE_SOURCE_DIR}/src/core	UNRESOLVED_EXPRESSION	1	FALSE	FALSE	FALSE	2	UNRESOLVED_EXPRESSION
elastic_path_validation_test	F:/~dev/rawrxd/CMakeLists.txt	1616	${CMAKE_SOURCE_DIR}/src/codec	${CMAKE_SOURCE_DIR}/src/codec	UNRESOLVED_EXPRESSION	1	FALSE	FALSE	FALSE	2	UNRESOLVED_EXPRESSION
elastic_path_validation_test	F:/~dev/rawrxd/CMakeLists.txt	1617	${CMAKE_SOURCE_DIR}/include	${CMAKE_SOURCE_DIR}/include	UNRESOLVED_EXPRESSION	1	FALSE	FALSE	FALSE	2	UNRESOLVED_EXPRESSION
elastic_path_validation_test	F:/~dev/rawrxd/CMakeLists.txt	1618	${CMAKE_SOURCE_DIR}/src/masm	${CMAKE_SOURCE_DIR}/src/masm	UNRESOLVED_EXPRESSION	1	FALSE	FALSE	FALSE	2	UNRESOLVED_EXPRESSION
elastic_path_validation_test	F:/~dev/rawrxd/CMakeLists.txt	1619	${RAWR_VULKAN_INCLUDE}	${RAWR_VULKAN_INCLUDE}	UNRESOLVED_EXPRESSION	1	FALSE	FALSE	FALSE	2	UNRESOLVED_EXPRESSION
elastic_path_validation_test	F:/~dev/rawrxd/CMakeLists.txt	1622	 arge _link_direc ories elas ic_pa h_valida ion_ es  PRIVATE ${_RAWR_MSVC_LIBPATHS}	target_link_directories elastic_path_validation_test PRIVATE ${_RAWR_MSVC_LIBPATHS}	UNRESOLVED_EXPRESSION	1	FALSE	FALSE	FALSE	3	UNRESOLVED_EXPRESSION
elastic_path_validation_test	F:/~dev/rawrxd/CMakeLists.txt	1624	${_rawr_lib}	${_rawr_lib}	UNRESOLVED_EXPRESSION	1	FALSE	FALSE	FALSE	4	UNRESOLVED_EXPRESSION
elastic_path_validation_test	F:/~dev/rawrxd/CMakeLists.txt	1625	 arge _link_op ions elas ic_pa h_valida ion_ es  PRIVATE  ${_rawr_lib}\	target_link_options elastic_path_validation_test PRIVATE  ${_rawr_lib}/	UNRESOLVED_EXPRESSION	1	FALSE	FALSE	FALSE	4	UNRESOLVED_EXPRESSION
elastic_path_validation_test	F:/~dev/rawrxd/CMakeLists.txt	1631	${RAWR_VULKAN_LIB}	${RAWR_VULKAN_LIB}	UNRESOLVED_EXPRESSION	1	FALSE	FALSE	FALSE	2	UNRESOLVED_EXPRESSION
elastic_path_validation_test	F:/~dev/rawrxd/CMakeLists.txt	1644	se _proper y TARGET elas ic_pa h_valida ion_ es  APPEND_STRING PROPERTY LINK_FLAGS  ${_WIN10_SDK_ROOT}/Lib/${_SDK_UM_VER}/um/x64\	set_property TARGET elastic_path_validation_test APPEND_STRING PROPERTY LINK_FLAGS  ${_WIN10_SDK_ROOT}/Lib/${_SDK_UM_VER}/um/x64/	UNRESOLVED_EXPRESSION	1	FALSE	FALSE	FALSE	3	UNRESOLVED_EXPRESSION
elastic_path_validation_test	F:/~dev/rawrxd/CMakeLists.txt	1647	se _proper y TARGET elas ic_pa h_valida ion_ es  APPEND_STRING PROPERTY LINK_FLAGS  ${_WIN10_SDK_ROOT}/Lib/${_SDK_UCRT_VER}/ucr /x64\	set_property TARGET elastic_path_validation_test APPEND_STRING PROPERTY LINK_FLAGS  ${_WIN10_SDK_ROOT}/Lib/${_SDK_UCRT_VER}/ucrt/x64/	UNRESOLVED_EXPRESSION	1	FALSE	FALSE	FALSE	3	UNRESOLVED_EXPRESSION
elastic_path_validation_test	F:/~dev/rawrxd/CMakeLists.txt	1650	se _proper y TARGET elas ic_pa h_valida ion_ es  APPEND_STRING PROPERTY LINK_FLAGS  ${_MSVC_ROOT}/lib/x64\	set_property TARGET elastic_path_validation_test APPEND_STRING PROPERTY LINK_FLAGS  ${_MSVC_ROOT}/lib/x64/	UNRESOLVED_EXPRESSION	1	FALSE	FALSE	FALSE	3	UNRESOLVED_EXPRESSION
erver_generation_parity	F:/~dev/rawrxd/CMakeLists.txt	108578	RUNTIME_OUTPUT_DIRECTORY ${CMAKE_BINARY_DIR}/bin	RUNTIME_OUTPUT_DIRECTORY ${CMAKE_BINARY_DIR}/bin	UNRESOLVED_EXPRESSION	1	FALSE	FALSE	FALSE	5	UNRESOLVED_EXPRESSION
erver_generation_parity	F:/~dev/rawrxd/CMakeLists.txt	108580	${CMAKE_SOURCE_DIR}/src	${CMAKE_SOURCE_DIR}/src	UNRESOLVED_EXPRESSION	1	FALSE	FALSE	FALSE	5	UNRESOLVED_EXPRESSION
erver_generation_parity	F:/~dev/rawrxd/CMakeLists.txt	108581	${CMAKE_SOURCE_DIR}/include	${CMAKE_SOURCE_DIR}/include	UNRESOLVED_EXPRESSION	1	FALSE	FALSE	FALSE	5	UNRESOLVED_EXPRESSION
erver_generation_parity	F:/~dev/rawrxd/CMakeLists.txt	108582	${RAWR_VULKAN_INCLUDE}	${RAWR_VULKAN_INCLUDE}	UNRESOLVED_EXPRESSION	1	FALSE	FALSE	FALSE	5	UNRESOLVED_EXPRESSION
erver_generation_parity	F:/~dev/rawrxd/CMakeLists.txt	108588	 arge _link_libraries server_genera ion_pari y PRIVATE ${RAWR_VULKAN_LIB}	target_link_libraries server_generation_parity PRIVATE ${RAWR_VULKAN_LIB}	UNRESOLVED_EXPRESSION	1	FALSE	FALSE	FALSE	6	UNRESOLVED_EXPRESSION
erver_generation_parity	F:/~dev/rawrxd/CMakeLists.txt	108590	PROPERTY LINK_FLAGS  ${RAWR_VULKAN_SDK_ROOT}/lib\	PROPERTY LINK_FLAGS  ${RAWR_VULKAN_SDK_ROOT}/lib/	UNRESOLVED_EXPRESSION	1	FALSE	FALSE	FALSE	6	UNRESOLVED_EXPRESSION
erver_generation_parity	F:/~dev/rawrxd/CMakeLists.txt	108593	se _proper y TARGET server_genera ion_pari y APPEND_STRING PROPERTY LINK_FLAGS  ${_WIN10_SDK_ROOT}/Lib/${_SDK_UM_VER}/um/x64\	set_property TARGET server_generation_parity APPEND_STRING PROPERTY LINK_FLAGS  ${_WIN10_SDK_ROOT}/Lib/${_SDK_UM_VER}/um/x64/	UNRESOLVED_EXPRESSION	1	FALSE	FALSE	FALSE	6	UNRESOLVED_EXPRESSION
erver_generation_parity	F:/~dev/rawrxd/CMakeLists.txt	108596	se _proper y TARGET server_genera ion_pari y APPEND_STRING PROPERTY LINK_FLAGS  ${_WIN10_SDK_ROOT}/Lib/${_SDK_UCRT_VER}/ucr /x64\	set_property TARGET server_generation_parity APPEND_STRING PROPERTY LINK_FLAGS  ${_WIN10_SDK_ROOT}/Lib/${_SDK_UCRT_VER}/ucrt/x64/	UNRESOLVED_EXPRESSION	1	FALSE	FALSE	FALSE	6	UNRESOLVED_EXPRESSION
erver_generation_parity	F:/~dev/rawrxd/CMakeLists.txt	108599	se _proper y TARGET server_genera ion_pari y APPEND_STRING PROPERTY LINK_FLAGS  ${_MSVC_ROOT}/lib/x64\	set_property TARGET server_generation_parity APPEND_STRING PROPERTY LINK_FLAGS  ${_MSVC_ROOT}/lib/x64/	UNRESOLVED_EXPRESSION	1	FALSE	FALSE	FALSE	6	UNRESOLVED_EXPRESSION
ev512_ide_gui_lifecycle_smoke	F:/~dev/rawrxd/CMakeLists.txt	108421	${CMAKE_SOURCE_DIR}/src/deep2	${CMAKE_SOURCE_DIR}/src/deep2	UNRESOLVED_EXPRESSION	1	FALSE	FALSE	FALSE	5	UNRESOLVED_EXPRESSION
ev512_ide_gui_lifecycle_smoke	F:/~dev/rawrxd/CMakeLists.txt	108422	${CMAKE_SOURCE_DIR}/include	${CMAKE_SOURCE_DIR}/include	UNRESOLVED_EXPRESSION	1	FALSE	FALSE	FALSE	5	UNRESOLVED_EXPRESSION
ev512_ide_gui_lifecycle_smoke	F:/~dev/rawrxd/CMakeLists.txt	108426	Mul iThreaded$<$<CONFIG:Debug>:Debug>	MultiThreaded$<$<CONFIG:Debug>:Debug>	UNRESOLVED_EXPRESSION	1	FALSE	FALSE	FALSE	6	UNRESOLVED_EXPRESSION
ev512_ide_gui_lifecycle_smoke	F:/~dev/rawrxd/CMakeLists.txt	108429	RUNTIME_OUTPUT_DIRECTORY ${CMAKE_BINARY_DIR}/bin	RUNTIME_OUTPUT_DIRECTORY ${CMAKE_BINARY_DIR}/bin	UNRESOLVED_EXPRESSION	1	FALSE	FALSE	FALSE	5	UNRESOLVED_EXPRESSION
ev512_ide_restore_reload_fault_smoke	F:/~dev/rawrxd/CMakeLists.txt	108475	${CMAKE_SOURCE_DIR}/src/deep2	${CMAKE_SOURCE_DIR}/src/deep2	UNRESOLVED_EXPRESSION	1	FALSE	FALSE	FALSE	5	UNRESOLVED_EXPRESSION
ev512_ide_restore_reload_fault_smoke	F:/~dev/rawrxd/CMakeLists.txt	108476	${CMAKE_SOURCE_DIR}/include	${CMAKE_SOURCE_DIR}/include	UNRESOLVED_EXPRESSION	1	FALSE	FALSE	FALSE	5	UNRESOLVED_EXPRESSION
ev512_ide_restore_reload_fault_smoke	F:/~dev/rawrxd/CMakeLists.txt	108481	Mul iThreaded$<$<CONFIG:Debug>:Debug>	MultiThreaded$<$<CONFIG:Debug>:Debug>	UNRESOLVED_EXPRESSION	1	FALSE	FALSE	FALSE	6	UNRESOLVED_EXPRESSION
ev512_ide_restore_reload_fault_smoke	F:/~dev/rawrxd/CMakeLists.txt	108484	RUNTIME_OUTPUT_DIRECTORY ${CMAKE_BINARY_DIR}/bin	RUNTIME_OUTPUT_DIRECTORY ${CMAKE_BINARY_DIR}/bin	UNRESOLVED_EXPRESSION	1	FALSE	FALSE	FALSE	5	UNRESOLVED_EXPRESSION
ev512_ide_workflow_smoke	F:/~dev/rawrxd/CMakeLists.txt	108457	${CMAKE_SOURCE_DIR}/src/deep2	${CMAKE_SOURCE_DIR}/src/deep2	UNRESOLVED_EXPRESSION	1	FALSE	FALSE	FALSE	5	UNRESOLVED_EXPRESSION
ev512_ide_workflow_smoke	F:/~dev/rawrxd/CMakeLists.txt	108458	${CMAKE_SOURCE_DIR}/include	${CMAKE_SOURCE_DIR}/include	UNRESOLVED_EXPRESSION	1	FALSE	FALSE	FALSE	5	UNRESOLVED_EXPRESSION
ev512_ide_workflow_smoke	F:/~dev/rawrxd/CMakeLists.txt	108462	Mul iThreaded$<$<CONFIG:Debug>:Debug>	MultiThreaded$<$<CONFIG:Debug>:Debug>	UNRESOLVED_EXPRESSION	1	FALSE	FALSE	FALSE	6	UNRESOLVED_EXPRESSION
ev512_ide_workflow_smoke	F:/~dev/rawrxd/CMakeLists.txt	108465	RUNTIME_OUTPUT_DIRECTORY ${CMAKE_BINARY_DIR}/bin	RUNTIME_OUTPUT_DIRECTORY ${CMAKE_BINARY_DIR}/bin	UNRESOLVED_EXPRESSION	1	FALSE	FALSE	FALSE	5	UNRESOLVED_EXPRESSION
ev512_ops_remaining_smoke	F:/~dev/rawrxd/CMakeLists.txt	108439	${CMAKE_SOURCE_DIR}/src/deep2	${CMAKE_SOURCE_DIR}/src/deep2	UNRESOLVED_EXPRESSION	1	FALSE	FALSE	FALSE	5	UNRESOLVED_EXPRESSION
ev512_ops_remaining_smoke	F:/~dev/rawrxd/CMakeLists.txt	108440	${CMAKE_SOURCE_DIR}/include	${CMAKE_SOURCE_DIR}/include	UNRESOLVED_EXPRESSION	1	FALSE	FALSE	FALSE	5	UNRESOLVED_EXPRESSION
ev512_ops_remaining_smoke	F:/~dev/rawrxd/CMakeLists.txt	108444	Mul iThreaded$<$<CONFIG:Debug>:Debug>	MultiThreaded$<$<CONFIG:Debug>:Debug>	UNRESOLVED_EXPRESSION	1	FALSE	FALSE	FALSE	6	UNRESOLVED_EXPRESSION
ev512_ops_remaining_smoke	F:/~dev/rawrxd/CMakeLists.txt	108447	RUNTIME_OUTPUT_DIRECTORY ${CMAKE_BINARY_DIR}/bin	RUNTIME_OUTPUT_DIRECTORY ${CMAKE_BINARY_DIR}/bin	UNRESOLVED_EXPRESSION	1	FALSE	FALSE	FALSE	5	UNRESOLVED_EXPRESSION
flame_graph_profiler	F:/~dev/rawrxd/CMakeLists.txt	106139	${CMAKE_SOURCE_DIR}	${CMAKE_SOURCE_DIR}	UNRESOLVED_EXPRESSION	1	FALSE	FALSE	FALSE	5	UNRESOLVED_EXPRESSION
flame_graph_profiler	F:/~dev/rawrxd/CMakeLists.txt	106140	${CMAKE_SOURCE_DIR}/include	${CMAKE_SOURCE_DIR}/include	UNRESOLVED_EXPRESSION	1	FALSE	FALSE	FALSE	5	UNRESOLVED_EXPRESSION
flame_graph_profiler	F:/~dev/rawrxd/CMakeLists.txt	106141	${CMAKE_SOURCE_DIR}/src	${CMAKE_SOURCE_DIR}/src	UNRESOLVED_EXPRESSION	1	FALSE	FALSE	FALSE	5	UNRESOLVED_EXPRESSION
flame_graph_profiler	F:/~dev/rawrxd/CMakeLists.txt	106150	${CMAKE_SOURCE_DIR}/ es s/benchmark_dispa ch_pmc.cpp	${CMAKE_SOURCE_DIR}/tests/benchmark_dispatch_pmc.cpp	UNRESOLVED_EXPRESSION	1	FALSE	FALSE	FALSE	5	UNRESOLVED_EXPRESSION
flame_graph_profiler	F:/~dev/rawrxd/CMakeLists.txt	106161	${CMAKE_CURRENT_SOURCE_DIR}/CMakeLis s_na ive. x 	${CMAKE_CURRENT_SOURCE_DIR}/CMakeLists_native.txt	UNRESOLVED_EXPRESSION	1	FALSE	FALSE	FALSE	5	UNRESOLVED_EXPRESSION
fleet_gate	F:/~dev/rawrxd/CMakeLists.txt	2145	RUNTIME_OUTPUT_DIRECTORY ${CMAKE_BINARY_DIR}/bin	RUNTIME_OUTPUT_DIRECTORY ${CMAKE_BINARY_DIR}/bin	UNRESOLVED_EXPRESSION	1	FALSE	FALSE	FALSE	1	UNRESOLVED_EXPRESSION
fleet_gate	F:/~dev/rawrxd/CMakeLists.txt	2149	${CMAKE_SOURCE_DIR}	${CMAKE_SOURCE_DIR}	UNRESOLVED_EXPRESSION	1	FALSE	FALSE	FALSE	1	UNRESOLVED_EXPRESSION
fleet_gate	F:/~dev/rawrxd/CMakeLists.txt	2150	${CMAKE_SOURCE_DIR}/include	${CMAKE_SOURCE_DIR}/include	UNRESOLVED_EXPRESSION	1	FALSE	FALSE	FALSE	1	UNRESOLVED_EXPRESSION
fleet_gate	F:/~dev/rawrxd/CMakeLists.txt	2151	${CMAKE_SOURCE_DIR}/src	${CMAKE_SOURCE_DIR}/src	UNRESOLVED_EXPRESSION	1	FALSE	FALSE	FALSE	1	UNRESOLVED_EXPRESSION
fleet_gate	F:/~dev/rawrxd/CMakeLists.txt	2152	${CMAKE_SOURCE_DIR}/src/deep2	${CMAKE_SOURCE_DIR}/src/deep2	UNRESOLVED_EXPRESSION	1	FALSE	FALSE	FALSE	1	UNRESOLVED_EXPRESSION
fleet_gate	F:/~dev/rawrxd/CMakeLists.txt	2153	${CMAKE_SOURCE_DIR}/include/core	${CMAKE_SOURCE_DIR}/include/core	UNRESOLVED_EXPRESSION	1	FALSE	FALSE	FALSE	1	UNRESOLVED_EXPRESSION
fleet_gate	F:/~dev/rawrxd/CMakeLists.txt	2156	${RAWR_VULKAN_INCLUDE}	${RAWR_VULKAN_INCLUDE}	UNRESOLVED_EXPRESSION	1	FALSE	FALSE	FALSE	2	UNRESOLVED_EXPRESSION
fleet_gate	F:/~dev/rawrxd/CMakeLists.txt	2157	${RAWR_VULKAN_LIB}	${RAWR_VULKAN_LIB}	UNRESOLVED_EXPRESSION	1	FALSE	FALSE	FALSE	2	UNRESOLVED_EXPRESSION
fleet_gate	F:/~dev/rawrxd/CMakeLists.txt	2160	 arge _include_direc ories flee _ga e PRIVATE ${VULKAN_INCLUDE_DIR}	target_include_directories fleet_gate PRIVATE ${VULKAN_INCLUDE_DIR}	UNRESOLVED_EXPRESSION	1	FALSE	FALSE	FALSE	2	UNRESOLVED_EXPRESSION
fleet_gate	F:/~dev/rawrxd/CMakeLists.txt	2164	 arge _include_direc ories flee _ga e PRIVATE ${Vulkan_INCLUDE_DIRS}	target_include_directories fleet_gate PRIVATE ${Vulkan_INCLUDE_DIRS}	UNRESOLVED_EXPRESSION	1	FALSE	FALSE	FALSE	2	UNRESOLVED_EXPRESSION
fleet_gate	F:/~dev/rawrxd/CMakeLists.txt	2174	se _proper y TARGET flee _ga e APPEND_STRING PROPERTY LINK_FLAGS  ${_WIN10_SDK_ROOT}/Lib/${_SDK_UM_VER}/um/x64\	set_property TARGET fleet_gate APPEND_STRING PROPERTY LINK_FLAGS  ${_WIN10_SDK_ROOT}/Lib/${_SDK_UM_VER}/um/x64/	UNRESOLVED_EXPRESSION	1	FALSE	FALSE	FALSE	2	UNRESOLVED_EXPRESSION
fleet_gate	F:/~dev/rawrxd/CMakeLists.txt	2177	se _proper y TARGET flee _ga e APPEND_STRING PROPERTY LINK_FLAGS  ${_WIN10_SDK_ROOT}/Lib/${_SDK_UCRT_VER}/ucr /x64\	set_property TARGET fleet_gate APPEND_STRING PROPERTY LINK_FLAGS  ${_WIN10_SDK_ROOT}/Lib/${_SDK_UCRT_VER}/ucrt/x64/	UNRESOLVED_EXPRESSION	1	FALSE	FALSE	FALSE	2	UNRESOLVED_EXPRESSION
fleet_gate	F:/~dev/rawrxd/CMakeLists.txt	2180	se _proper y TARGET flee _ga e APPEND_STRING PROPERTY LINK_FLAGS  ${_MSVC_ROOT}/lib/x64\	set_property TARGET fleet_gate APPEND_STRING PROPERTY LINK_FLAGS  ${_MSVC_ROOT}/lib/x64/	UNRESOLVED_EXPRESSION	1	FALSE	FALSE	FALSE	2	UNRESOLVED_EXPRESSION
fused_qkv_gguf_validation	F:/~dev/rawrxd/CMakeLists.txt	1676	RUNTIME_OUTPUT_DIRECTORY ${CMAKE_BINARY_DIR}/bin	RUNTIME_OUTPUT_DIRECTORY ${CMAKE_BINARY_DIR}/bin	UNRESOLVED_EXPRESSION	1	FALSE	FALSE	FALSE	2	UNRESOLVED_EXPRESSION
fused_qkv_gguf_validation	F:/~dev/rawrxd/CMakeLists.txt	1677	Mul iThreaded$<$<CONFIG:Debug>:Debug>	MultiThreaded$<$<CONFIG:Debug>:Debug>	UNRESOLVED_EXPRESSION	1	FALSE	FALSE	FALSE	2	UNRESOLVED_EXPRESSION
fused_qkv_gguf_validation	F:/~dev/rawrxd/CMakeLists.txt	1680	${CMAKE_SOURCE_DIR}	${CMAKE_SOURCE_DIR}	UNRESOLVED_EXPRESSION	1	FALSE	FALSE	FALSE	2	UNRESOLVED_EXPRESSION
fused_qkv_gguf_validation	F:/~dev/rawrxd/CMakeLists.txt	1681	${CMAKE_SOURCE_DIR}/src	${CMAKE_SOURCE_DIR}/src	UNRESOLVED_EXPRESSION	1	FALSE	FALSE	FALSE	2	UNRESOLVED_EXPRESSION
fused_qkv_gguf_validation	F:/~dev/rawrxd/CMakeLists.txt	1682	${CMAKE_SOURCE_DIR}/src/inference	${CMAKE_SOURCE_DIR}/src/inference	UNRESOLVED_EXPRESSION	1	FALSE	FALSE	FALSE	2	UNRESOLVED_EXPRESSION
fused_qkv_gguf_validation	F:/~dev/rawrxd/CMakeLists.txt	1683	${CMAKE_SOURCE_DIR}/src/engine	${CMAKE_SOURCE_DIR}/src/engine	UNRESOLVED_EXPRESSION	1	FALSE	FALSE	FALSE	2	UNRESOLVED_EXPRESSION
fused_qkv_gguf_validation	F:/~dev/rawrxd/CMakeLists.txt	1684	${CMAKE_SOURCE_DIR}/src/core	${CMAKE_SOURCE_DIR}/src/core	UNRESOLVED_EXPRESSION	1	FALSE	FALSE	FALSE	2	UNRESOLVED_EXPRESSION
fused_qkv_gguf_validation	F:/~dev/rawrxd/CMakeLists.txt	1685	${CMAKE_SOURCE_DIR}/src/codec	${CMAKE_SOURCE_DIR}/src/codec	UNRESOLVED_EXPRESSION	1	FALSE	FALSE	FALSE	2	UNRESOLVED_EXPRESSION
fused_qkv_gguf_validation	F:/~dev/rawrxd/CMakeLists.txt	1686	${CMAKE_SOURCE_DIR}/include	${CMAKE_SOURCE_DIR}/include	UNRESOLVED_EXPRESSION	1	FALSE	FALSE	FALSE	2	UNRESOLVED_EXPRESSION
fused_qkv_gguf_validation	F:/~dev/rawrxd/CMakeLists.txt	1687	${CMAKE_SOURCE_DIR}/src/masm	${CMAKE_SOURCE_DIR}/src/masm	UNRESOLVED_EXPRESSION	1	FALSE	FALSE	FALSE	2	UNRESOLVED_EXPRESSION
fused_qkv_gguf_validation	F:/~dev/rawrxd/CMakeLists.txt	1688	${RAWR_VULKAN_INCLUDE}	${RAWR_VULKAN_INCLUDE}	UNRESOLVED_EXPRESSION	1	FALSE	FALSE	FALSE	2	UNRESOLVED_EXPRESSION
fused_qkv_gguf_validation	F:/~dev/rawrxd/CMakeLists.txt	1691	 arge _link_direc ories fused_qkv_gguf_valida ion PRIVATE ${_RAWR_MSVC_LIBPATHS}	target_link_directories fused_qkv_gguf_validation PRIVATE ${_RAWR_MSVC_LIBPATHS}	UNRESOLVED_EXPRESSION	1	FALSE	FALSE	FALSE	3	UNRESOLVED_EXPRESSION
fused_qkv_gguf_validation	F:/~dev/rawrxd/CMakeLists.txt	1693	${_rawr_lib}	${_rawr_lib}	UNRESOLVED_EXPRESSION	1	FALSE	FALSE	FALSE	4	UNRESOLVED_EXPRESSION
fused_qkv_gguf_validation	F:/~dev/rawrxd/CMakeLists.txt	1694	 arge _link_op ions fused_qkv_gguf_valida ion PRIVATE  ${_rawr_lib}\	target_link_options fused_qkv_gguf_validation PRIVATE  ${_rawr_lib}/	UNRESOLVED_EXPRESSION	1	FALSE	FALSE	FALSE	4	UNRESOLVED_EXPRESSION
fused_qkv_gguf_validation	F:/~dev/rawrxd/CMakeLists.txt	1700	${RAWR_VULKAN_LIB}	${RAWR_VULKAN_LIB}	UNRESOLVED_EXPRESSION	1	FALSE	FALSE	FALSE	2	UNRESOLVED_EXPRESSION
fused_qkv_gguf_validation	F:/~dev/rawrxd/CMakeLists.txt	1713	se _proper y TARGET fused_qkv_gguf_valida ion APPEND_STRING PROPERTY LINK_FLAGS  ${_WIN10_SDK_ROOT}/Lib/${_SDK_UM_VER}/um/x64\	set_property TARGET fused_qkv_gguf_validation APPEND_STRING PROPERTY LINK_FLAGS  ${_WIN10_SDK_ROOT}/Lib/${_SDK_UM_VER}/um/x64/	UNRESOLVED_EXPRESSION	1	FALSE	FALSE	FALSE	3	UNRESOLVED_EXPRESSION
fused_qkv_gguf_validation	F:/~dev/rawrxd/CMakeLists.txt	1716	se _proper y TARGET fused_qkv_gguf_valida ion APPEND_STRING PROPERTY LINK_FLAGS  ${_WIN10_SDK_ROOT}/Lib/${_SDK_UCRT_VER}/ucr /x64\	set_property TARGET fused_qkv_gguf_validation APPEND_STRING PROPERTY LINK_FLAGS  ${_WIN10_SDK_ROOT}/Lib/${_SDK_UCRT_VER}/ucrt/x64/	UNRESOLVED_EXPRESSION	1	FALSE	FALSE	FALSE	3	UNRESOLVED_EXPRESSION
fused_qkv_gguf_validation	F:/~dev/rawrxd/CMakeLists.txt	1719	se _proper y TARGET fused_qkv_gguf_valida ion APPEND_STRING PROPERTY LINK_FLAGS  ${_MSVC_ROOT}/lib/x64\	set_property TARGET fused_qkv_gguf_validation APPEND_STRING PROPERTY LINK_FLAGS  ${_MSVC_ROOT}/lib/x64/	UNRESOLVED_EXPRESSION	1	FALSE	FALSE	FALSE	3	UNRESOLVED_EXPRESSION
fwd_cert_001	F:/~dev/rawrxd/CMakeLists.txt	85919	${CMAKE_CURRENT_SOURCE_DIR}/src/deep2	${CMAKE_CURRENT_SOURCE_DIR}/src/deep2	UNRESOLVED_EXPRESSION	1	FALSE	FALSE	FALSE	4	UNRESOLVED_EXPRESSION
fwd_cert_001	F:/~dev/rawrxd/CMakeLists.txt	85920	${CMAKE_CURRENT_SOURCE_DIR}/src/ okenizer	${CMAKE_CURRENT_SOURCE_DIR}/src/tokenizer	UNRESOLVED_EXPRESSION	1	FALSE	FALSE	FALSE	4	UNRESOLVED_EXPRESSION
fwd_cert_001	F:/~dev/rawrxd/CMakeLists.txt	85921	${CMAKE_CURRENT_SOURCE_DIR}/include	${CMAKE_CURRENT_SOURCE_DIR}/include	UNRESOLVED_EXPRESSION	1	FALSE	FALSE	FALSE	4	UNRESOLVED_EXPRESSION
fwd_cert_001	F:/~dev/rawrxd/CMakeLists.txt	85923	Mul iThreaded$<$<CONFIG:Debug>:Debug>	MultiThreaded$<$<CONFIG:Debug>:Debug>	UNRESOLVED_EXPRESSION	1	FALSE	FALSE	FALSE	4	UNRESOLVED_EXPRESSION
gguf_inspector	F:/~dev/rawrxd/CMakeLists.txt	2445	RUNTIME_OUTPUT_DIRECTORY ${CMAKE_BINARY_DIR}/bin	RUNTIME_OUTPUT_DIRECTORY ${CMAKE_BINARY_DIR}/bin	UNRESOLVED_EXPRESSION	1	FALSE	FALSE	FALSE	1	UNRESOLVED_EXPRESSION
git_safety_authority_cert	F:/~dev/rawrxd/CMakeLists.txt	109353	RUNTIME_OUTPUT_DIRECTORY ${CMAKE_BINARY_DIR}/bin	RUNTIME_OUTPUT_DIRECTORY ${CMAKE_BINARY_DIR}/bin	UNRESOLVED_EXPRESSION	1	FALSE	FALSE	FALSE	4	UNRESOLVED_EXPRESSION
git_safety_authority_cert	F:/~dev/rawrxd/CMakeLists.txt	109357	build seal.	build seal.	LITERAL	1	FALSE	FALSE	FALSE	4	ACTIVE_MISSING
hexmag_ide_e2e_cert	F:/~dev/rawrxd/CMakeLists.txt	47286	$<TARGET_OBJECTS:rawrxd_hexmag_repea >	$<TARGET_OBJECTS:rawrxd_hexmag_repeat>	UNRESOLVED_EXPRESSION	1	FALSE	FALSE	FALSE	4	UNRESOLVED_EXPRESSION
hexmag_ide_e2e_cert	F:/~dev/rawrxd/CMakeLists.txt	47290	${CMAKE_SOURCE_DIR}/src	${CMAKE_SOURCE_DIR}/src	UNRESOLVED_EXPRESSION	1	FALSE	FALSE	FALSE	4	UNRESOLVED_EXPRESSION
hexmag_ide_e2e_cert	F:/~dev/rawrxd/CMakeLists.txt	47291	${CMAKE_SOURCE_DIR}/src/agen ic	${CMAKE_SOURCE_DIR}/src/agentic	UNRESOLVED_EXPRESSION	1	FALSE	FALSE	FALSE	4	UNRESOLVED_EXPRESSION
hexmag_ide_e2e_cert	F:/~dev/rawrxd/CMakeLists.txt	47292	${CMAKE_SOURCE_DIR}/include	${CMAKE_SOURCE_DIR}/include	UNRESOLVED_EXPRESSION	1	FALSE	FALSE	FALSE	4	UNRESOLVED_EXPRESSION
hexmag_ide_e2e_cert	F:/~dev/rawrxd/CMakeLists.txt	47299	RUNTIME_OUTPUT_DIRECTORY ${CMAKE_BINARY_DIR}/bin	RUNTIME_OUTPUT_DIRECTORY ${CMAKE_BINARY_DIR}/bin	UNRESOLVED_EXPRESSION	1	FALSE	FALSE	FALSE	4	UNRESOLVED_EXPRESSION
hexmag_repeat_tuner_cert	F:/~dev/rawrxd/CMakeLists.txt	47240	$<TARGET_OBJECTS:rawrxd_hexmag_repea >	$<TARGET_OBJECTS:rawrxd_hexmag_repeat>	UNRESOLVED_EXPRESSION	1	FALSE	FALSE	FALSE	4	UNRESOLVED_EXPRESSION
hexmag_repeat_tuner_cert	F:/~dev/rawrxd/CMakeLists.txt	47243	${CMAKE_SOURCE_DIR}/src/agen ic	${CMAKE_SOURCE_DIR}/src/agentic	UNRESOLVED_EXPRESSION	1	FALSE	FALSE	FALSE	4	UNRESOLVED_EXPRESSION
hexmag_repeat_tuner_cert	F:/~dev/rawrxd/CMakeLists.txt	47249	RUNTIME_OUTPUT_DIRECTORY ${CMAKE_BINARY_DIR}/bin	RUNTIME_OUTPUT_DIRECTORY ${CMAKE_BINARY_DIR}/bin	UNRESOLVED_EXPRESSION	1	FALSE	FALSE	FALSE	4	UNRESOLVED_EXPRESSION
hexmag_runtime_controller_cert	F:/~dev/rawrxd/CMakeLists.txt	47311	$<TARGET_OBJECTS:rawrxd_hexmag_repea >	$<TARGET_OBJECTS:rawrxd_hexmag_repeat>	UNRESOLVED_EXPRESSION	1	FALSE	FALSE	FALSE	4	UNRESOLVED_EXPRESSION
hexmag_runtime_controller_cert	F:/~dev/rawrxd/CMakeLists.txt	47315	${CMAKE_SOURCE_DIR}/src	${CMAKE_SOURCE_DIR}/src	UNRESOLVED_EXPRESSION	1	FALSE	FALSE	FALSE	4	UNRESOLVED_EXPRESSION
hexmag_runtime_controller_cert	F:/~dev/rawrxd/CMakeLists.txt	47316	${CMAKE_SOURCE_DIR}/include	${CMAKE_SOURCE_DIR}/include	UNRESOLVED_EXPRESSION	1	FALSE	FALSE	FALSE	4	UNRESOLVED_EXPRESSION
hexmag_runtime_controller_cert	F:/~dev/rawrxd/CMakeLists.txt	47323	RUNTIME_OUTPUT_DIRECTORY ${CMAKE_BINARY_DIR}/bin	RUNTIME_OUTPUT_DIRECTORY ${CMAKE_BINARY_DIR}/bin	UNRESOLVED_EXPRESSION	1	FALSE	FALSE	FALSE	4	UNRESOLVED_EXPRESSION
hotpatch_e2e_test	F:/~dev/rawrxd/CMakeLists.txt	84280	${CMAKE_CURRENT_SOURCE_DIR}/src	${CMAKE_CURRENT_SOURCE_DIR}/src	UNRESOLVED_EXPRESSION	1	FALSE	FALSE	FALSE	4	UNRESOLVED_EXPRESSION
hotpatch_e2e_test	F:/~dev/rawrxd/CMakeLists.txt	84281	${CMAKE_CURRENT_SOURCE_DIR}/src/core	${CMAKE_CURRENT_SOURCE_DIR}/src/core	UNRESOLVED_EXPRESSION	1	FALSE	FALSE	FALSE	4	UNRESOLVED_EXPRESSION
hotpatch_e2e_test	F:/~dev/rawrxd/CMakeLists.txt	84282	${CMAKE_CURRENT_SOURCE_DIR}/src/deep2	${CMAKE_CURRENT_SOURCE_DIR}/src/deep2	UNRESOLVED_EXPRESSION	1	FALSE	FALSE	FALSE	4	UNRESOLVED_EXPRESSION
hotpatch_e2e_test	F:/~dev/rawrxd/CMakeLists.txt	84283	${CMAKE_CURRENT_SOURCE_DIR}/include	${CMAKE_CURRENT_SOURCE_DIR}/include	UNRESOLVED_EXPRESSION	1	FALSE	FALSE	FALSE	4	UNRESOLVED_EXPRESSION
hotpatch_e2e_test	F:/~dev/rawrxd/CMakeLists.txt	84288	Mul iThreaded$<$<CONFIG:Debug>:Debug>	MultiThreaded$<$<CONFIG:Debug>:Debug>	UNRESOLVED_EXPRESSION	1	FALSE	FALSE	FALSE	4	UNRESOLVED_EXPRESSION
hotpatch_stress_test	F:/~dev/rawrxd/CMakeLists.txt	83432	${CMAKE_CURRENT_SOURCE_DIR}/src	${CMAKE_CURRENT_SOURCE_DIR}/src	UNRESOLVED_EXPRESSION	1	FALSE	FALSE	FALSE	4	UNRESOLVED_EXPRESSION
hotpatch_stress_test	F:/~dev/rawrxd/CMakeLists.txt	83433	${CMAKE_CURRENT_SOURCE_DIR}/src/core	${CMAKE_CURRENT_SOURCE_DIR}/src/core	UNRESOLVED_EXPRESSION	1	FALSE	FALSE	FALSE	4	UNRESOLVED_EXPRESSION
hotpatch_stress_test	F:/~dev/rawrxd/CMakeLists.txt	83438	Mul iThreaded$<$<CONFIG:Debug>:Debug>	MultiThreaded$<$<CONFIG:Debug>:Debug>	UNRESOLVED_EXPRESSION	1	FALSE	FALSE	FALSE	4	UNRESOLVED_EXPRESSION
http_oracle_suite_001	F:/~dev/rawrxd/CMakeLists.txt	42718	${CMAKE_SOURCE_DIR}/src ${CMAKE_SOURCE_DIR}/src/deep2	${CMAKE_SOURCE_DIR}/src ${CMAKE_SOURCE_DIR}/src/deep2	UNRESOLVED_EXPRESSION	1	FALSE	FALSE	FALSE	3	UNRESOLVED_EXPRESSION
http_oracle_suite_001	F:/~dev/rawrxd/CMakeLists.txt	42719	${CMAKE_SOURCE_DIR}/include	${CMAKE_SOURCE_DIR}/include	UNRESOLVED_EXPRESSION	1	FALSE	FALSE	FALSE	3	UNRESOLVED_EXPRESSION
http_oracle_suite_001	F:/~dev/rawrxd/CMakeLists.txt	42722	$<$<NOT:$<CONFIG:Debug>>:/O2> /EHsc /W4 /s d:c++20	$<$<NOT:$<CONFIG:Debug>>:/O2> /EHsc /W4 /std:c++20	UNRESOLVED_EXPRESSION	1	FALSE	FALSE	FALSE	4	UNRESOLVED_EXPRESSION
http_oracle_suite_001	F:/~dev/rawrxd/CMakeLists.txt	42726	RUNTIME_OUTPUT_DIRECTORY ${CMAKE_BINARY_DIR}/bin	RUNTIME_OUTPUT_DIRECTORY ${CMAKE_BINARY_DIR}/bin	UNRESOLVED_EXPRESSION	1	FALSE	FALSE	FALSE	3	UNRESOLVED_EXPRESSION
http_oracle_suite_001	F:/~dev/rawrxd/CMakeLists.txt	42728	Mul iThreaded$<$<CONFIG:Debug>:Debug>	MultiThreaded$<$<CONFIG:Debug>:Debug>	UNRESOLVED_EXPRESSION	1	FALSE	FALSE	FALSE	3	UNRESOLVED_EXPRESSION
http_oracle_suite_001	F:/~dev/rawrxd/CMakeLists.txt	42745	${CMAKE_CURRENT_SOURCE_DIR}/cer s/h  p_ empla e_forma _sweep_001.cpp	${CMAKE_CURRENT_SOURCE_DIR}/certs/http_template_format_sweep_001.cpp	UNRESOLVED_EXPRESSION	1	FALSE	FALSE	FALSE	3	UNRESOLVED_EXPRESSION
http_template_format_sweep_001	F:/~dev/rawrxd/CMakeLists.txt	42750	${CMAKE_SOURCE_DIR}/src ${CMAKE_SOURCE_DIR}/src/deep2	${CMAKE_SOURCE_DIR}/src ${CMAKE_SOURCE_DIR}/src/deep2	UNRESOLVED_EXPRESSION	1	FALSE	FALSE	FALSE	3	UNRESOLVED_EXPRESSION
http_template_format_sweep_001	F:/~dev/rawrxd/CMakeLists.txt	42751	${CMAKE_SOURCE_DIR}/include	${CMAKE_SOURCE_DIR}/include	UNRESOLVED_EXPRESSION	1	FALSE	FALSE	FALSE	3	UNRESOLVED_EXPRESSION
http_template_format_sweep_001	F:/~dev/rawrxd/CMakeLists.txt	42754	$<$<NOT:$<CONFIG:Debug>>:/O2> /EHsc /W4 /s d:c++20	$<$<NOT:$<CONFIG:Debug>>:/O2> /EHsc /W4 /std:c++20	UNRESOLVED_EXPRESSION	1	FALSE	FALSE	FALSE	4	UNRESOLVED_EXPRESSION
http_template_format_sweep_001	F:/~dev/rawrxd/CMakeLists.txt	42758	RUNTIME_OUTPUT_DIRECTORY ${CMAKE_BINARY_DIR}/bin	RUNTIME_OUTPUT_DIRECTORY ${CMAKE_BINARY_DIR}/bin	UNRESOLVED_EXPRESSION	1	FALSE	FALSE	FALSE	3	UNRESOLVED_EXPRESSION
http_template_format_sweep_001	F:/~dev/rawrxd/CMakeLists.txt	42760	Mul iThreaded$<$<CONFIG:Debug>:Debug>	MultiThreaded$<$<CONFIG:Debug>:Debug>	UNRESOLVED_EXPRESSION	1	FALSE	FALSE	FALSE	3	UNRESOLVED_EXPRESSION
http_template_format_sweep_001	F:/~dev/rawrxd/CMakeLists.txt	42765	${CMAKE_CURRENT_SOURCE_DIR}/src/deep2/deep2_openai_server_main.cpp	${CMAKE_CURRENT_SOURCE_DIR}/src/deep2/deep2_openai_server_main.cpp	UNRESOLVED_EXPRESSION	1	FALSE	FALSE	FALSE	3	UNRESOLVED_EXPRESSION
http_template_marker_probe_001	F:/~dev/rawrxd/CMakeLists.txt	42695	${CMAKE_SOURCE_DIR}/src ${CMAKE_SOURCE_DIR}/src/deep2	${CMAKE_SOURCE_DIR}/src ${CMAKE_SOURCE_DIR}/src/deep2	UNRESOLVED_EXPRESSION	1	FALSE	FALSE	FALSE	3	UNRESOLVED_EXPRESSION
http_template_marker_probe_001	F:/~dev/rawrxd/CMakeLists.txt	42696	${CMAKE_SOURCE_DIR}/include	${CMAKE_SOURCE_DIR}/include	UNRESOLVED_EXPRESSION	1	FALSE	FALSE	FALSE	3	UNRESOLVED_EXPRESSION
http_template_marker_probe_001	F:/~dev/rawrxd/CMakeLists.txt	42699	$<$<NOT:$<CONFIG:Debug>>:/O2> /EHsc /W4 /s d:c++20	$<$<NOT:$<CONFIG:Debug>>:/O2> /EHsc /W4 /std:c++20	UNRESOLVED_EXPRESSION	1	FALSE	FALSE	FALSE	4	UNRESOLVED_EXPRESSION
http_template_marker_probe_001	F:/~dev/rawrxd/CMakeLists.txt	42703	RUNTIME_OUTPUT_DIRECTORY ${CMAKE_BINARY_DIR}/bin	RUNTIME_OUTPUT_DIRECTORY ${CMAKE_BINARY_DIR}/bin	UNRESOLVED_EXPRESSION	1	FALSE	FALSE	FALSE	3	UNRESOLVED_EXPRESSION
http_template_marker_probe_001	F:/~dev/rawrxd/CMakeLists.txt	42705	Mul iThreaded$<$<CONFIG:Debug>:Debug>	MultiThreaded$<$<CONFIG:Debug>:Debug>	UNRESOLVED_EXPRESSION	1	FALSE	FALSE	FALSE	3	UNRESOLVED_EXPRESSION
http_template_marker_probe_001	F:/~dev/rawrxd/CMakeLists.txt	42713	${CMAKE_CURRENT_SOURCE_DIR}/cer s/h  p_oracle_sui e_001.cpp	${CMAKE_CURRENT_SOURCE_DIR}/certs/http_oracle_suite_001.cpp	UNRESOLVED_EXPRESSION	1	FALSE	FALSE	FALSE	3	UNRESOLVED_EXPRESSION
ide_agent_loop_cert	F:/~dev/rawrxd/CMakeLists.txt	46180	${CMAKE_SOURCE_DIR}/src	${CMAKE_SOURCE_DIR}/src	UNRESOLVED_EXPRESSION	1	FALSE	FALSE	FALSE	4	UNRESOLVED_EXPRESSION
ide_agent_loop_cert	F:/~dev/rawrxd/CMakeLists.txt	46181	${CMAKE_SOURCE_DIR}/src/agen ic	${CMAKE_SOURCE_DIR}/src/agentic	UNRESOLVED_EXPRESSION	1	FALSE	FALSE	FALSE	4	UNRESOLVED_EXPRESSION
ide_agent_loop_cert	F:/~dev/rawrxd/CMakeLists.txt	46182	${CMAKE_SOURCE_DIR}/src/deep2	${CMAKE_SOURCE_DIR}/src/deep2	UNRESOLVED_EXPRESSION	1	FALSE	FALSE	FALSE	4	UNRESOLVED_EXPRESSION
ide_agent_loop_cert	F:/~dev/rawrxd/CMakeLists.txt	46183	${CMAKE_SOURCE_DIR}/include	${CMAKE_SOURCE_DIR}/include	UNRESOLVED_EXPRESSION	1	FALSE	FALSE	FALSE	4	UNRESOLVED_EXPRESSION
ide_agent_loop_cert	F:/~dev/rawrxd/CMakeLists.txt	46186	RUNTIME_OUTPUT_DIRECTORY ${CMAKE_BINARY_DIR}/bin	RUNTIME_OUTPUT_DIRECTORY ${CMAKE_BINARY_DIR}/bin	UNRESOLVED_EXPRESSION	1	FALSE	FALSE	FALSE	4	UNRESOLVED_EXPRESSION
ide_agent_loop_cert	F:/~dev/rawrxd/CMakeLists.txt	46188	Mul iThreaded$<$<CONFIG:Debug>:Debug>	MultiThreaded$<$<CONFIG:Debug>:Debug>	UNRESOLVED_EXPRESSION	1	FALSE	FALSE	FALSE	4	UNRESOLVED_EXPRESSION
inference_authority_ladder	F:/~dev/rawrxd/CMakeLists.txt	108989	RUNTIME_OUTPUT_DIRECTORY ${CMAKE_BINARY_DIR}/bin	RUNTIME_OUTPUT_DIRECTORY ${CMAKE_BINARY_DIR}/bin	UNRESOLVED_EXPRESSION	1	FALSE	FALSE	FALSE	5	UNRESOLVED_EXPRESSION
inference_authority_ladder	F:/~dev/rawrxd/CMakeLists.txt	108992	${CMAKE_SOURCE_DIR}/src	${CMAKE_SOURCE_DIR}/src	UNRESOLVED_EXPRESSION	1	FALSE	FALSE	FALSE	5	UNRESOLVED_EXPRESSION
inference_authority_ladder	F:/~dev/rawrxd/CMakeLists.txt	108993	${RAWR_VULKAN_INCLUDE}	${RAWR_VULKAN_INCLUDE}	UNRESOLVED_EXPRESSION	1	FALSE	FALSE	FALSE	5	UNRESOLVED_EXPRESSION
inference_authority_ladder	F:/~dev/rawrxd/CMakeLists.txt	109007	 arge _link_libraries inference_au hori y_ladder PRIVATE ${RAWR_VULKAN_LIB}	target_link_libraries inference_authority_ladder PRIVATE ${RAWR_VULKAN_LIB}	UNRESOLVED_EXPRESSION	1	FALSE	FALSE	FALSE	6	UNRESOLVED_EXPRESSION
inference_authority_ladder	F:/~dev/rawrxd/CMakeLists.txt	109009	PROPERTY LINK_FLAGS  ${RAWR_VULKAN_SDK_ROOT}/lib\	PROPERTY LINK_FLAGS  ${RAWR_VULKAN_SDK_ROOT}/lib/	UNRESOLVED_EXPRESSION	1	FALSE	FALSE	FALSE	6	UNRESOLVED_EXPRESSION
inference_authority_ladder	F:/~dev/rawrxd/CMakeLists.txt	109012	se _proper y TARGET inference_au hori y_ladder APPEND_STRING PROPERTY LINK_FLAGS  ${_WIN10_SDK_ROOT}/Lib/${_SDK_UM_VER}/um/x64\	set_property TARGET inference_authority_ladder APPEND_STRING PROPERTY LINK_FLAGS  ${_WIN10_SDK_ROOT}/Lib/${_SDK_UM_VER}/um/x64/	UNRESOLVED_EXPRESSION	1	FALSE	FALSE	FALSE	6	UNRESOLVED_EXPRESSION
inference_authority_ladder	F:/~dev/rawrxd/CMakeLists.txt	109015	se _proper y TARGET inference_au hori y_ladder APPEND_STRING PROPERTY LINK_FLAGS  ${_WIN10_SDK_ROOT}/Lib/${_SDK_UCRT_VER}/ucr /x64\	set_property TARGET inference_authority_ladder APPEND_STRING PROPERTY LINK_FLAGS  ${_WIN10_SDK_ROOT}/Lib/${_SDK_UCRT_VER}/ucrt/x64/	UNRESOLVED_EXPRESSION	1	FALSE	FALSE	FALSE	6	UNRESOLVED_EXPRESSION
inference_authority_ladder	F:/~dev/rawrxd/CMakeLists.txt	109018	se _proper y TARGET inference_au hori y_ladder APPEND_STRING PROPERTY LINK_FLAGS  ${_MSVC_ROOT}/lib/x64\	set_property TARGET inference_authority_ladder APPEND_STRING PROPERTY LINK_FLAGS  ${_MSVC_ROOT}/lib/x64/	UNRESOLVED_EXPRESSION	1	FALSE	FALSE	FALSE	6	UNRESOLVED_EXPRESSION
ingle_writer_adversarial_test	F:/~dev/rawrxd/CMakeLists.txt	108657	${CMAKE_SOURCE_DIR}/src/agen modes	${CMAKE_SOURCE_DIR}/src/agentmodes	UNRESOLVED_EXPRESSION	1	FALSE	FALSE	FALSE	4	UNRESOLVED_EXPRESSION
ingle_writer_adversarial_test	F:/~dev/rawrxd/CMakeLists.txt	108664	RUNTIME_OUTPUT_DIRECTORY ${CMAKE_BINARY_DIR}/bin	RUNTIME_OUTPUT_DIRECTORY ${CMAKE_BINARY_DIR}/bin	UNRESOLVED_EXPRESSION	1	FALSE	FALSE	FALSE	4	UNRESOLVED_EXPRESSION
interstellar	F:/~dev/rawrxd/cmake/Interstellar.fragment.cmake	16	${IS_ROOT}/src/main.cpp	${IS_ROOT}/src/main.cpp	UNRESOLVED_EXPRESSION	1	FALSE	FALSE	FALSE	0	UNRESOLVED_EXPRESSION
interstellar	F:/~dev/rawrxd/cmake/Interstellar.fragment.cmake	17	${IS_ROOT}/src/engine.cpp	${IS_ROOT}/src/engine.cpp	UNRESOLVED_EXPRESSION	1	FALSE	FALSE	FALSE	0	UNRESOLVED_EXPRESSION
interstellar	F:/~dev/rawrxd/cmake/Interstellar.fragment.cmake	18	${IS_ROOT}/src/engine_plugin.cpp	${IS_ROOT}/src/engine_plugin.cpp	UNRESOLVED_EXPRESSION	1	FALSE	FALSE	FALSE	0	UNRESOLVED_EXPRESSION
interstellar	F:/~dev/rawrxd/cmake/Interstellar.fragment.cmake	19	${IS_ROOT}/src/run ime_lane.cpp	${IS_ROOT}/src/runtime_lane.cpp	UNRESOLVED_EXPRESSION	1	FALSE	FALSE	FALSE	0	UNRESOLVED_EXPRESSION
interstellar	F:/~dev/rawrxd/cmake/Interstellar.fragment.cmake	20	${IS_ROOT}/src/persis ence.cpp	${IS_ROOT}/src/persistence.cpp	UNRESOLVED_EXPRESSION	1	FALSE	FALSE	FALSE	0	UNRESOLVED_EXPRESSION
interstellar	F:/~dev/rawrxd/cmake/Interstellar.fragment.cmake	21	${IS_ROOT}/src/decode.cpp	${IS_ROOT}/src/decode.cpp	UNRESOLVED_EXPRESSION	1	FALSE	FALSE	FALSE	0	UNRESOLVED_EXPRESSION
interstellar	F:/~dev/rawrxd/cmake/Interstellar.fragment.cmake	22	${IS_ROOT}/src/run ime.cpp	${IS_ROOT}/src/runtime.cpp	UNRESOLVED_EXPRESSION	1	FALSE	FALSE	FALSE	0	UNRESOLVED_EXPRESSION
interstellar	F:/~dev/rawrxd/cmake/Interstellar.fragment.cmake	23	${CMAKE_SOURCE_DIR}/src/deep2/DualLaneChoreographer.cpp	${CMAKE_SOURCE_DIR}/src/deep2/DualLaneChoreographer.cpp	UNRESOLVED_EXPRESSION	1	FALSE	FALSE	FALSE	0	UNRESOLVED_EXPRESSION
interstellar	F:/~dev/rawrxd/cmake/Interstellar.fragment.cmake	24	${CMAKE_SOURCE_DIR}/src/deep2/Deep2DeviceManager.cpp	${CMAKE_SOURCE_DIR}/src/deep2/Deep2DeviceManager.cpp	UNRESOLVED_EXPRESSION	1	FALSE	FALSE	FALSE	0	UNRESOLVED_EXPRESSION
k2_002_tensor_streaming	F:/~dev/rawrxd/CMakeLists.txt	106487	${CMAKE_BINARY_DIR}/ es s	${CMAKE_BINARY_DIR}/tests	UNRESOLVED_EXPRESSION	1	FALSE	FALSE	FALSE	4	UNRESOLVED_EXPRESSION
k2_002_tensor_streaming	F:/~dev/rawrxd/CMakeLists.txt	106489	${CMAKE_BINARY_DIR}/ es s	${CMAKE_BINARY_DIR}/tests	UNRESOLVED_EXPRESSION	1	FALSE	FALSE	FALSE	4	UNRESOLVED_EXPRESSION
k2_003_layer_execution	F:/~dev/rawrxd/CMakeLists.txt	106538	${CMAKE_BINARY_DIR}/ es s	${CMAKE_BINARY_DIR}/tests	UNRESOLVED_EXPRESSION	1	FALSE	FALSE	FALSE	4	UNRESOLVED_EXPRESSION
k2_003_layer_execution	F:/~dev/rawrxd/CMakeLists.txt	106540	${CMAKE_BINARY_DIR}/ es s	${CMAKE_BINARY_DIR}/tests	UNRESOLVED_EXPRESSION	1	FALSE	FALSE	FALSE	4	UNRESOLVED_EXPRESSION
k2_003b_native_gemv_validation	F:/~dev/rawrxd/CMakeLists.txt	106552	${CMAKE_BINARY_DIR}/ es s	${CMAKE_BINARY_DIR}/tests	UNRESOLVED_EXPRESSION	1	FALSE	FALSE	FALSE	4	UNRESOLVED_EXPRESSION
k2_003b_native_gemv_validation	F:/~dev/rawrxd/CMakeLists.txt	106554	${CMAKE_BINARY_DIR}/ es s	${CMAKE_BINARY_DIR}/tests	UNRESOLVED_EXPRESSION	1	FALSE	FALSE	FALSE	4	UNRESOLVED_EXPRESSION
k2_003c_single_layer_forward	F:/~dev/rawrxd/CMakeLists.txt	106566	${CMAKE_BINARY_DIR}/ es s	${CMAKE_BINARY_DIR}/tests	UNRESOLVED_EXPRESSION	1	FALSE	FALSE	FALSE	4	UNRESOLVED_EXPRESSION
k2_003c_single_layer_forward	F:/~dev/rawrxd/CMakeLists.txt	106568	${CMAKE_BINARY_DIR}/ es s	${CMAKE_BINARY_DIR}/tests	UNRESOLVED_EXPRESSION	1	FALSE	FALSE	FALSE	4	UNRESOLVED_EXPRESSION
k2_004_bounded_multi_layer_prefill	F:/~dev/rawrxd/CMakeLists.txt	106631	${CMAKE_BINARY_DIR}/ es s	${CMAKE_BINARY_DIR}/tests	UNRESOLVED_EXPRESSION	1	FALSE	FALSE	FALSE	4	UNRESOLVED_EXPRESSION
k2_004_bounded_multi_layer_prefill	F:/~dev/rawrxd/CMakeLists.txt	106633	${CMAKE_BINARY_DIR}/ es s	${CMAKE_BINARY_DIR}/tests	UNRESOLVED_EXPRESSION	1	FALSE	FALSE	FALSE	4	UNRESOLVED_EXPRESSION
k2_004_bounded_prefill	F:/~dev/rawrxd/CMakeLists.txt	106617	${CMAKE_BINARY_DIR}/ es s	${CMAKE_BINARY_DIR}/tests	UNRESOLVED_EXPRESSION	1	FALSE	FALSE	FALSE	4	UNRESOLVED_EXPRESSION
k2_004_bounded_prefill	F:/~dev/rawrxd/CMakeLists.txt	106619	${CMAKE_BINARY_DIR}/ es s	${CMAKE_BINARY_DIR}/tests	UNRESOLVED_EXPRESSION	1	FALSE	FALSE	FALSE	4	UNRESOLVED_EXPRESSION
k2_005_autoregressive_kv_cache	F:/~dev/rawrxd/CMakeLists.txt	106646	${CMAKE_BINARY_DIR}/ es s	${CMAKE_BINARY_DIR}/tests	UNRESOLVED_EXPRESSION	1	FALSE	FALSE	FALSE	4	UNRESOLVED_EXPRESSION
k2_005_autoregressive_kv_cache	F:/~dev/rawrxd/CMakeLists.txt	106648	${CMAKE_BINARY_DIR}/ es s	${CMAKE_BINARY_DIR}/tests	UNRESOLVED_EXPRESSION	1	FALSE	FALSE	FALSE	4	UNRESOLVED_EXPRESSION
k2_006_bounded_token_generation	F:/~dev/rawrxd/CMakeLists.txt	106685	${CMAKE_BINARY_DIR}/ es s	${CMAKE_BINARY_DIR}/tests	UNRESOLVED_EXPRESSION	1	FALSE	FALSE	FALSE	4	UNRESOLVED_EXPRESSION
k2_006_bounded_token_generation	F:/~dev/rawrxd/CMakeLists.txt	106687	${CMAKE_BINARY_DIR}/ es s	${CMAKE_BINARY_DIR}/tests	UNRESOLVED_EXPRESSION	1	FALSE	FALSE	FALSE	4	UNRESOLVED_EXPRESSION
k2_007_real_output_projection	F:/~dev/rawrxd/CMakeLists.txt	106698	${CMAKE_BINARY_DIR}/ es s	${CMAKE_BINARY_DIR}/tests	UNRESOLVED_EXPRESSION	1	FALSE	FALSE	FALSE	4	UNRESOLVED_EXPRESSION
k2_007_real_output_projection	F:/~dev/rawrxd/CMakeLists.txt	106700	${CMAKE_BINARY_DIR}/ es s	${CMAKE_BINARY_DIR}/tests	UNRESOLVED_EXPRESSION	1	FALSE	FALSE	FALSE	4	UNRESOLVED_EXPRESSION
k2_007_real_output_projection	F:/~dev/rawrxd/CMakeLists.txt	106704	${CMAKE_CURRENT_SOURCE_DIR}/ es s/k2_007a_ okenizer_me ada a.cpp	${CMAKE_CURRENT_SOURCE_DIR}/tests/k2_007a_tokenizer_metadata.cpp	UNRESOLVED_EXPRESSION	1	FALSE	FALSE	FALSE	5	UNRESOLVED_EXPRESSION
k2_007b_projection_logits_interface	F:/~dev/rawrxd/CMakeLists.txt	106722	${CMAKE_BINARY_DIR}/ es s	${CMAKE_BINARY_DIR}/tests	UNRESOLVED_EXPRESSION	1	FALSE	FALSE	FALSE	4	UNRESOLVED_EXPRESSION
k2_007b_projection_logits_interface	F:/~dev/rawrxd/CMakeLists.txt	106724	${CMAKE_BINARY_DIR}/ es s	${CMAKE_BINARY_DIR}/tests	UNRESOLVED_EXPRESSION	1	FALSE	FALSE	FALSE	4	UNRESOLVED_EXPRESSION
k2_007b_projection_logits_interface	F:/~dev/rawrxd/CMakeLists.txt	106764	 ex .	text.	LITERAL	1	FALSE	FALSE	FALSE	4	ACTIVE_MISSING
k2_008_end_to_end_semantic_generation	F:/~dev/rawrxd/CMakeLists.txt	106775	${CMAKE_BINARY_DIR}/ es s	${CMAKE_BINARY_DIR}/tests	UNRESOLVED_EXPRESSION	1	FALSE	FALSE	FALSE	4	UNRESOLVED_EXPRESSION
k2_008_end_to_end_semantic_generation	F:/~dev/rawrxd/CMakeLists.txt	106777	${CMAKE_BINARY_DIR}/ es s	${CMAKE_BINARY_DIR}/tests	UNRESOLVED_EXPRESSION	1	FALSE	FALSE	FALSE	4	UNRESOLVED_EXPRESSION
k2_009_token_embedding_lookup	F:/~dev/rawrxd/CMakeLists.txt	106792	${CMAKE_BINARY_DIR}/ es s	${CMAKE_BINARY_DIR}/tests	UNRESOLVED_EXPRESSION	1	FALSE	FALSE	FALSE	4	UNRESOLVED_EXPRESSION
k2_009_token_embedding_lookup	F:/~dev/rawrxd/CMakeLists.txt	106794	${CMAKE_BINARY_DIR}/ es s	${CMAKE_BINARY_DIR}/tests	UNRESOLVED_EXPRESSION	1	FALSE	FALSE	FALSE	4	UNRESOLVED_EXPRESSION
k2_native_smoke_test	F:/~dev/rawrxd/CMakeLists.txt	106436	${CMAKE_BINARY_DIR}/ es s	${CMAKE_BINARY_DIR}/tests	UNRESOLVED_EXPRESSION	1	FALSE	FALSE	FALSE	4	UNRESOLVED_EXPRESSION
k2_native_smoke_test	F:/~dev/rawrxd/CMakeLists.txt	106438	${CMAKE_BINARY_DIR}/ es s	${CMAKE_BINARY_DIR}/tests	UNRESOLVED_EXPRESSION	1	FALSE	FALSE	FALSE	4	UNRESOLVED_EXPRESSION
k2_runtime_validation	F:/~dev/rawrxd/CMakeLists.txt	106365	${CMAKE_BINARY_DIR}/ es s	${CMAKE_BINARY_DIR}/tests	UNRESOLVED_EXPRESSION	1	FALSE	FALSE	FALSE	4	UNRESOLVED_EXPRESSION
k2_runtime_validation	F:/~dev/rawrxd/CMakeLists.txt	106367	${CMAKE_BINARY_DIR}/ es s	${CMAKE_BINARY_DIR}/tests	UNRESOLVED_EXPRESSION	1	FALSE	FALSE	FALSE	4	UNRESOLVED_EXPRESSION
k2_useful_tps_001	F:/~dev/rawrxd/cmake/Deep2BenchmarkCert.fragment.cmake	36	${CMAKE_SOURCE_DIR}/cer s/k2_useful_ ps_001.cpp	${CMAKE_SOURCE_DIR}/certs/k2_useful_tps_001.cpp	UNRESOLVED_EXPRESSION	1	FALSE	FALSE	FALSE	1	UNRESOLVED_EXPRESSION
k2_useful_tps_001	F:/~dev/rawrxd/cmake/Deep2BenchmarkCert.fragment.cmake	39	RUNTIME_OUTPUT_DIRECTORY ${CMAKE_BINARY_DIR}/bin	RUNTIME_OUTPUT_DIRECTORY ${CMAKE_BINARY_DIR}/bin	UNRESOLVED_EXPRESSION	1	FALSE	FALSE	FALSE	1	UNRESOLVED_EXPRESSION
k2_useful_tps_001	F:/~dev/rawrxd/cmake/Deep2BenchmarkCert.fragment.cmake	41	Mul iThreaded$<$<CONFIG:Debug>:Debug>	MultiThreaded$<$<CONFIG:Debug>:Debug>	UNRESOLVED_EXPRESSION	1	FALSE	FALSE	FALSE	1	UNRESOLVED_EXPRESSION
k2_useful_tps_001	F:/~dev/rawrxd/cmake/Deep2BenchmarkCert.fragment.cmake	46	${CMAKE_SOURCE_DIR}/cer s/mla_cer _001.cpp	${CMAKE_SOURCE_DIR}/certs/mla_cert_001.cpp	UNRESOLVED_EXPRESSION	1	FALSE	FALSE	FALSE	1	UNRESOLVED_EXPRESSION
layer_harness	F:/~dev/rawrxd/CMakeLists.txt	47821	${CMAKE_SOURCE_DIR}/src/deep2	${CMAKE_SOURCE_DIR}/src/deep2	UNRESOLVED_EXPRESSION	1	FALSE	FALSE	FALSE	4	UNRESOLVED_EXPRESSION
layer_harness	F:/~dev/rawrxd/CMakeLists.txt	47822	${CMAKE_SOURCE_DIR}/include	${CMAKE_SOURCE_DIR}/include	UNRESOLVED_EXPRESSION	1	FALSE	FALSE	FALSE	4	UNRESOLVED_EXPRESSION
layer_harness	F:/~dev/rawrxd/CMakeLists.txt	47825	RUNTIME_OUTPUT_DIRECTORY ${CMAKE_BINARY_DIR}/bin	RUNTIME_OUTPUT_DIRECTORY ${CMAKE_BINARY_DIR}/bin	UNRESOLVED_EXPRESSION	1	FALSE	FALSE	FALSE	4	UNRESOLVED_EXPRESSION
lora_kernel	F:/~dev/rawrxd/cmake/Phase21_HardenedMASM.cmake	25	add_library lora_kernel OBJECT ${LORA_KERNEL_SOURCES}	add_library lora_kernel OBJECT ${LORA_KERNEL_SOURCES}	UNRESOLVED_EXPRESSION	1	FALSE	FALSE	FALSE	1	UNRESOLVED_EXPRESSION
lora_kernel	F:/~dev/rawrxd/cmake/Phase21_HardenedMASM.cmake	42	[Phase 21]   Sources: ${LORA_KERNEL_SOURCES}	[Phase 21]   Sources: ${LORA_KERNEL_SOURCES}	UNRESOLVED_EXPRESSION	1	FALSE	FALSE	FALSE	1	UNRESOLVED_EXPRESSION
masm_solo_compiler	F:/~dev/rawrxd/cmake/MASMCompiler.cmake	41	add_execu able masm_solo_compiler ${MASM_SOLO_OBJ}	add_executable masm_solo_compiler ${MASM_SOLO_OBJ}	UNRESOLVED_EXPRESSION	1	FALSE	FALSE	FALSE	1	UNRESOLVED_EXPRESSION
masm_solo_compiler	F:/~dev/rawrxd/cmake/MASMCompiler.cmake	50	${CMAKE_BINARY_DIR}/bin	${CMAKE_BINARY_DIR}/bin	UNRESOLVED_EXPRESSION	1	FALSE	FALSE	FALSE	1	UNRESOLVED_EXPRESSION
minimal_1token_profiler	F:/~dev/rawrxd/CMakeLists.txt	62637	${CMAKE_SOURCE_DIR}/src/deep2	${CMAKE_SOURCE_DIR}/src/deep2	UNRESOLVED_EXPRESSION	1	FALSE	FALSE	FALSE	4	UNRESOLVED_EXPRESSION
minimal_1token_profiler	F:/~dev/rawrxd/CMakeLists.txt	62638	${CMAKE_SOURCE_DIR}/include	${CMAKE_SOURCE_DIR}/include	UNRESOLVED_EXPRESSION	1	FALSE	FALSE	FALSE	4	UNRESOLVED_EXPRESSION
minimal_1token_profiler	F:/~dev/rawrxd/CMakeLists.txt	62645	RUNTIME_OUTPUT_DIRECTORY ${CMAKE_BINARY_DIR}/bin	RUNTIME_OUTPUT_DIRECTORY ${CMAKE_BINARY_DIR}/bin	UNRESOLVED_EXPRESSION	1	FALSE	FALSE	FALSE	4	UNRESOLVED_EXPRESSION
missing	F:/~dev/rawrxd/cmake/VerifyQtRuntime.cmake	16	${dll}	${dll}	UNRESOLVED_EXPRESSION	1	FALSE	FALSE	FALSE	1	UNRESOLVED_EXPRESSION
mla_cert_001	F:/~dev/rawrxd/CMakeLists.txt	41890	$<$<NOT:$<CONFIG:Debug>>:/O2> /arch:AVX512 /EHsc /W4 /s d:c++20	$<$<NOT:$<CONFIG:Debug>>:/O2> /arch:AVX512 /EHsc /W4 /std:c++20	UNRESOLVED_EXPRESSION	1	FALSE	FALSE	FALSE	4	UNRESOLVED_EXPRESSION
mla_cert_001	F:/~dev/rawrxd/CMakeLists.txt	41893	${CMAKE_SOURCE_DIR}/src ${CMAKE_SOURCE_DIR}/src/deep2	${CMAKE_SOURCE_DIR}/src ${CMAKE_SOURCE_DIR}/src/deep2	UNRESOLVED_EXPRESSION	1	FALSE	FALSE	FALSE	3	UNRESOLVED_EXPRESSION
mla_cert_001	F:/~dev/rawrxd/CMakeLists.txt	41894	${CMAKE_SOURCE_DIR}/include	${CMAKE_SOURCE_DIR}/include	UNRESOLVED_EXPRESSION	1	FALSE	FALSE	FALSE	3	UNRESOLVED_EXPRESSION
mla_cert_001	F:/~dev/rawrxd/CMakeLists.txt	41896	RUNTIME_OUTPUT_DIRECTORY ${CMAKE_BINARY_DIR}/bin	RUNTIME_OUTPUT_DIRECTORY ${CMAKE_BINARY_DIR}/bin	UNRESOLVED_EXPRESSION	1	FALSE	FALSE	FALSE	3	UNRESOLVED_EXPRESSION
mla_cert_001	F:/~dev/rawrxd/CMakeLists.txt	41898	Mul iThreaded$<$<CONFIG:Debug>:Debug>	MultiThreaded$<$<CONFIG:Debug>:Debug>	UNRESOLVED_EXPRESSION	1	FALSE	FALSE	FALSE	3	UNRESOLVED_EXPRESSION
mla_cert_001	F:/~dev/rawrxd/cmake/Deep2BenchmarkCert.fragment.cmake	48	${CMAKE_SOURCE_DIR}/cer s/mla_cer _001.cpp	${CMAKE_SOURCE_DIR}/certs/mla_cert_001.cpp	UNRESOLVED_EXPRESSION	1	FALSE	FALSE	FALSE	1	UNRESOLVED_EXPRESSION
mla_cert_001	F:/~dev/rawrxd/cmake/Deep2BenchmarkCert.fragment.cmake	51	${CMAKE_SOURCE_DIR}/src	${CMAKE_SOURCE_DIR}/src	UNRESOLVED_EXPRESSION	1	FALSE	FALSE	FALSE	1	UNRESOLVED_EXPRESSION
mla_cert_001	F:/~dev/rawrxd/cmake/Deep2BenchmarkCert.fragment.cmake	52	${CMAKE_SOURCE_DIR}/src/deep2	${CMAKE_SOURCE_DIR}/src/deep2	UNRESOLVED_EXPRESSION	1	FALSE	FALSE	FALSE	1	UNRESOLVED_EXPRESSION
mla_cert_001	F:/~dev/rawrxd/cmake/Deep2BenchmarkCert.fragment.cmake	53	${CMAKE_SOURCE_DIR}/include	${CMAKE_SOURCE_DIR}/include	UNRESOLVED_EXPRESSION	1	FALSE	FALSE	FALSE	1	UNRESOLVED_EXPRESSION
mla_cert_001	F:/~dev/rawrxd/cmake/Deep2BenchmarkCert.fragment.cmake	60	RUNTIME_OUTPUT_DIRECTORY ${CMAKE_BINARY_DIR}/bin	RUNTIME_OUTPUT_DIRECTORY ${CMAKE_BINARY_DIR}/bin	UNRESOLVED_EXPRESSION	1	FALSE	FALSE	FALSE	1	UNRESOLVED_EXPRESSION
mla_cert_001	F:/~dev/rawrxd/cmake/Deep2BenchmarkCert.fragment.cmake	62	Mul iThreaded$<$<CONFIG:Debug>:Debug>	MultiThreaded$<$<CONFIG:Debug>:Debug>	UNRESOLVED_EXPRESSION	1	FALSE	FALSE	FALSE	1	UNRESOLVED_EXPRESSION
mla_forward_chain_cert	F:/~dev/rawrxd/CMakeLists.txt	108628	${CMAKE_SOURCE_DIR}/src ${CMAKE_SOURCE_DIR}/include	${CMAKE_SOURCE_DIR}/src ${CMAKE_SOURCE_DIR}/include	UNRESOLVED_EXPRESSION	1	FALSE	FALSE	FALSE	4	UNRESOLVED_EXPRESSION
mla_forward_chain_cert	F:/~dev/rawrxd/CMakeLists.txt	108631	$<$<NOT:$<CONFIG:Debug>>:/O2> /EHsc /W4 /s d:c++20	$<$<NOT:$<CONFIG:Debug>>:/O2> /EHsc /W4 /std:c++20	UNRESOLVED_EXPRESSION	1	FALSE	FALSE	FALSE	5	UNRESOLVED_EXPRESSION
mla_forward_chain_cert	F:/~dev/rawrxd/CMakeLists.txt	108634	RUNTIME_OUTPUT_DIRECTORY ${CMAKE_BINARY_DIR}/bin	RUNTIME_OUTPUT_DIRECTORY ${CMAKE_BINARY_DIR}/bin	UNRESOLVED_EXPRESSION	1	FALSE	FALSE	FALSE	4	UNRESOLVED_EXPRESSION
mla_forward_chain_cert	F:/~dev/rawrxd/CMakeLists.txt	108636	Mul iThreaded$<$<CONFIG:Debug>:Debug>	MultiThreaded$<$<CONFIG:Debug>:Debug>	UNRESOLVED_EXPRESSION	1	FALSE	FALSE	FALSE	4	UNRESOLVED_EXPRESSION
mla_forward_chain_cert	F:/~dev/rawrxd/CMakeLists.txt	108640	${CMAKE_SOURCE_DIR}/src ${CMAKE_SOURCE_DIR}/include	${CMAKE_SOURCE_DIR}/src ${CMAKE_SOURCE_DIR}/include	UNRESOLVED_EXPRESSION	1	FALSE	FALSE	FALSE	4	UNRESOLVED_EXPRESSION
mla_forward_chain_cert	F:/~dev/rawrxd/CMakeLists.txt	108643	$<$<NOT:$<CONFIG:Debug>>:/O2> /EHsc /W4 /s d:c++20	$<$<NOT:$<CONFIG:Debug>>:/O2> /EHsc /W4 /std:c++20	UNRESOLVED_EXPRESSION	1	FALSE	FALSE	FALSE	5	UNRESOLVED_EXPRESSION
mla_forward_chain_cert	F:/~dev/rawrxd/CMakeLists.txt	108646	RUNTIME_OUTPUT_DIRECTORY ${CMAKE_BINARY_DIR}/bin	RUNTIME_OUTPUT_DIRECTORY ${CMAKE_BINARY_DIR}/bin	UNRESOLVED_EXPRESSION	1	FALSE	FALSE	FALSE	4	UNRESOLVED_EXPRESSION
mla_forward_chain_cert	F:/~dev/rawrxd/CMakeLists.txt	108648	Mul iThreaded$<$<CONFIG:Debug>:Debug>	MultiThreaded$<$<CONFIG:Debug>:Debug>	UNRESOLVED_EXPRESSION	1	FALSE	FALSE	FALSE	4	UNRESOLVED_EXPRESSION
mla_upload_contract_cert	F:/~dev/rawrxd/CMakeLists.txt	108612	${CMAKE_SOURCE_DIR}/src ${CMAKE_SOURCE_DIR}/include	${CMAKE_SOURCE_DIR}/src ${CMAKE_SOURCE_DIR}/include	UNRESOLVED_EXPRESSION	1	FALSE	FALSE	FALSE	4	UNRESOLVED_EXPRESSION
mla_upload_contract_cert	F:/~dev/rawrxd/CMakeLists.txt	108615	$<$<NOT:$<CONFIG:Debug>>:/O2> /EHsc /W4 /s d:c++20	$<$<NOT:$<CONFIG:Debug>>:/O2> /EHsc /W4 /std:c++20	UNRESOLVED_EXPRESSION	1	FALSE	FALSE	FALSE	5	UNRESOLVED_EXPRESSION
mla_upload_contract_cert	F:/~dev/rawrxd/CMakeLists.txt	108618	RUNTIME_OUTPUT_DIRECTORY ${CMAKE_BINARY_DIR}/bin	RUNTIME_OUTPUT_DIRECTORY ${CMAKE_BINARY_DIR}/bin	UNRESOLVED_EXPRESSION	1	FALSE	FALSE	FALSE	4	UNRESOLVED_EXPRESSION
mla_upload_contract_cert	F:/~dev/rawrxd/CMakeLists.txt	108620	Mul iThreaded$<$<CONFIG:Debug>:Debug>	MultiThreaded$<$<CONFIG:Debug>:Debug>	UNRESOLVED_EXPRESSION	1	FALSE	FALSE	FALSE	4	UNRESOLVED_EXPRESSION
moke_k3c_e2e	F:/~dev/rawrxd/CMakeLists.txt	1799	RUNTIME_OUTPUT_DIRECTORY ${CMAKE_BINARY_DIR}/bin	RUNTIME_OUTPUT_DIRECTORY ${CMAKE_BINARY_DIR}/bin	UNRESOLVED_EXPRESSION	1	FALSE	FALSE	FALSE	1	UNRESOLVED_EXPRESSION
moke_k3c_e2e	F:/~dev/rawrxd/CMakeLists.txt	1803	${CMAKE_SOURCE_DIR}	${CMAKE_SOURCE_DIR}	UNRESOLVED_EXPRESSION	1	FALSE	FALSE	FALSE	1	UNRESOLVED_EXPRESSION
moke_k3c_e2e	F:/~dev/rawrxd/CMakeLists.txt	1804	${CMAKE_SOURCE_DIR}/include	${CMAKE_SOURCE_DIR}/include	UNRESOLVED_EXPRESSION	1	FALSE	FALSE	FALSE	1	UNRESOLVED_EXPRESSION
moke_k3c_e2e	F:/~dev/rawrxd/CMakeLists.txt	1805	${CMAKE_SOURCE_DIR}/src	${CMAKE_SOURCE_DIR}/src	UNRESOLVED_EXPRESSION	1	FALSE	FALSE	FALSE	1	UNRESOLVED_EXPRESSION
moke_k3c_e2e	F:/~dev/rawrxd/CMakeLists.txt	1806	${CMAKE_SOURCE_DIR}/src/deep2	${CMAKE_SOURCE_DIR}/src/deep2	UNRESOLVED_EXPRESSION	1	FALSE	FALSE	FALSE	1	UNRESOLVED_EXPRESSION
moke_k3c_e2e	F:/~dev/rawrxd/CMakeLists.txt	1807	${CMAKE_SOURCE_DIR}/src/deep2/lavapa h	${CMAKE_SOURCE_DIR}/src/deep2/lavapath	UNRESOLVED_EXPRESSION	1	FALSE	FALSE	FALSE	1	UNRESOLVED_EXPRESSION
moke_k3c_e2e	F:/~dev/rawrxd/CMakeLists.txt	1808	${CMAKE_SOURCE_DIR}/src/ okenizer	${CMAKE_SOURCE_DIR}/src/tokenizer	UNRESOLVED_EXPRESSION	1	FALSE	FALSE	FALSE	1	UNRESOLVED_EXPRESSION
moke_k3c_e2e	F:/~dev/rawrxd/CMakeLists.txt	1809	${CMAKE_SOURCE_DIR}/include/core	${CMAKE_SOURCE_DIR}/include/core	UNRESOLVED_EXPRESSION	1	FALSE	FALSE	FALSE	1	UNRESOLVED_EXPRESSION
moke_k3c_e2e	F:/~dev/rawrxd/CMakeLists.txt	1812	${RAWR_VULKAN_INCLUDE}	${RAWR_VULKAN_INCLUDE}	UNRESOLVED_EXPRESSION	1	FALSE	FALSE	FALSE	2	UNRESOLVED_EXPRESSION
moke_k3c_e2e	F:/~dev/rawrxd/CMakeLists.txt	1813	${RAWR_VULKAN_LIB}	${RAWR_VULKAN_LIB}	UNRESOLVED_EXPRESSION	1	FALSE	FALSE	FALSE	2	UNRESOLVED_EXPRESSION
moke_k3c_e2e	F:/~dev/rawrxd/CMakeLists.txt	1819	se _proper y TARGET smoke_k3c_e2e APPEND_STRING PROPERTY LINK_FLAGS  ${_WIN10_SDK_ROOT}/Lib/${_SDK_UM_VER}/um/x64\	set_property TARGET smoke_k3c_e2e APPEND_STRING PROPERTY LINK_FLAGS  ${_WIN10_SDK_ROOT}/Lib/${_SDK_UM_VER}/um/x64/	UNRESOLVED_EXPRESSION	1	FALSE	FALSE	FALSE	2	UNRESOLVED_EXPRESSION
moke_k3c_e2e	F:/~dev/rawrxd/CMakeLists.txt	1822	se _proper y TARGET smoke_k3c_e2e APPEND_STRING PROPERTY LINK_FLAGS  ${_WIN10_SDK_ROOT}/Lib/${_SDK_UCRT_VER}/ucr /x64\	set_property TARGET smoke_k3c_e2e APPEND_STRING PROPERTY LINK_FLAGS  ${_WIN10_SDK_ROOT}/Lib/${_SDK_UCRT_VER}/ucrt/x64/	UNRESOLVED_EXPRESSION	1	FALSE	FALSE	FALSE	2	UNRESOLVED_EXPRESSION
moke_k3c_e2e	F:/~dev/rawrxd/CMakeLists.txt	1825	se _proper y TARGET smoke_k3c_e2e APPEND_STRING PROPERTY LINK_FLAGS  ${_MSVC_ROOT}/lib/x64\	set_property TARGET smoke_k3c_e2e APPEND_STRING PROPERTY LINK_FLAGS  ${_MSVC_ROOT}/lib/x64/	UNRESOLVED_EXPRESSION	1	FALSE	FALSE	FALSE	2	UNRESOLVED_EXPRESSION
nemotron_nano_poem_smoke	F:/~dev/rawrxd/cmake/Interstellar.fragment.cmake	129	${CMAKE_SOURCE_DIR}/cer s/nemo ron_nano_poem_smoke.cpp	${CMAKE_SOURCE_DIR}/certs/nemotron_nano_poem_smoke.cpp	UNRESOLVED_EXPRESSION	1	FALSE	FALSE	FALSE	0	UNRESOLVED_EXPRESSION
nemotron_nano_poem_smoke	F:/~dev/rawrxd/cmake/Interstellar.fragment.cmake	131	${CMAKE_SOURCE_DIR}/src	${CMAKE_SOURCE_DIR}/src	UNRESOLVED_EXPRESSION	1	FALSE	FALSE	FALSE	0	UNRESOLVED_EXPRESSION
nemotron_nano_poem_smoke	F:/~dev/rawrxd/cmake/Interstellar.fragment.cmake	132	${CMAKE_SOURCE_DIR}/src/deep2	${CMAKE_SOURCE_DIR}/src/deep2	UNRESOLVED_EXPRESSION	1	FALSE	FALSE	FALSE	0	UNRESOLVED_EXPRESSION
nemotron_nano_poem_smoke	F:/~dev/rawrxd/cmake/Interstellar.fragment.cmake	140	RUNTIME_OUTPUT_DIRECTORY ${CMAKE_BINARY_DIR}/bin	RUNTIME_OUTPUT_DIRECTORY ${CMAKE_BINARY_DIR}/bin	UNRESOLVED_EXPRESSION	1	FALSE	FALSE	FALSE	0	UNRESOLVED_EXPRESSION
nemotron_nano_poem_smoke	F:/~dev/rawrxd/cmake/Interstellar.fragment.cmake	141	Mul iThreaded$<$<CONFIG:Debug>:Debug>	MultiThreaded$<$<CONFIG:Debug>:Debug>	UNRESOLVED_EXPRESSION	1	FALSE	FALSE	FALSE	0	UNRESOLVED_EXPRESSION
ot_stub_lane_objs	F:/~dev/rawrxd/CMakeLists.txt	35664	${CMAKE_SOURCE_DIR}/src/core/missing_handler_s ubs.cpp	${CMAKE_SOURCE_DIR}/src/core/missing_handler_stubs.cpp	UNRESOLVED_EXPRESSION	1	FALSE	FALSE	FALSE	3	UNRESOLVED_EXPRESSION
ot_stub_lane_objs	F:/~dev/rawrxd/CMakeLists.txt	35665	${CMAKE_SOURCE_DIR}/src/core/sso _missing_handlers_provider.cpp	${CMAKE_SOURCE_DIR}/src/core/ssot_missing_handlers_provider.cpp	UNRESOLVED_EXPRESSION	1	FALSE	FALSE	FALSE	3	UNRESOLVED_EXPRESSION
ot_stub_lane_objs	F:/~dev/rawrxd/CMakeLists.txt	35671	${CMAKE_SOURCE_DIR}/src	${CMAKE_SOURCE_DIR}/src	UNRESOLVED_EXPRESSION	1	FALSE	FALSE	FALSE	3	UNRESOLVED_EXPRESSION
ot_stub_lane_objs	F:/~dev/rawrxd/CMakeLists.txt	35672	${CMAKE_SOURCE_DIR}/src/core	${CMAKE_SOURCE_DIR}/src/core	UNRESOLVED_EXPRESSION	1	FALSE	FALSE	FALSE	3	UNRESOLVED_EXPRESSION
ot_stub_lane_objs	F:/~dev/rawrxd/CMakeLists.txt	35677	-File ${CMAKE_SOURCE_DIR}/ ools/verify_s ub_lane_handler_ownership.ps1	-File ${CMAKE_SOURCE_DIR}/tools/verify_stub_lane_handler_ownership.ps1	UNRESOLVED_EXPRESSION	1	FALSE	FALSE	FALSE	3	UNRESOLVED_EXPRESSION
ot_stub_lane_objs	F:/~dev/rawrxd/CMakeLists.txt	35678	-RepoRoo  ${CMAKE_SOURCE_DIR}	-RepoRoot ${CMAKE_SOURCE_DIR}	UNRESOLVED_EXPRESSION	1	FALSE	FALSE	FALSE	3	UNRESOLVED_EXPRESSION
ot_stub_lane_objs	F:/~dev/rawrxd/CMakeLists.txt	35679	-BuildDir ${CMAKE_BINARY_DIR}	-BuildDir ${CMAKE_BINARY_DIR}	UNRESOLVED_EXPRESSION	1	FALSE	FALSE	FALSE	3	UNRESOLVED_EXPRESSION
ot_stub_lane_objs	F:/~dev/rawrxd/CMakeLists.txt	35680	WORKING_DIRECTORY ${CMAKE_SOURCE_DIR}	WORKING_DIRECTORY ${CMAKE_SOURCE_DIR}	UNRESOLVED_EXPRESSION	1	FALSE	FALSE	FALSE	3	UNRESOLVED_EXPRESSION
ot_stub_lane_objs	F:/~dev/rawrxd/CMakeLists.txt	35687	[SSOT] S ub lane guard disabled (se  RAWRXD_ENABLE_MISSING_HANDLER_STUBS=ON  o enable).	[SSOT] Stub lane guard disabled (set RAWRXD_ENABLE_MISSING_HANDLER_STUBS=ON to enable).	LITERAL	1	FALSE	FALSE	FALSE	3	ACTIVE_MISSING
ot_stub_lane_objs	F:/~dev/rawrxd/CMakeLists.txt	35692	[Produc ionLane] RAWRXD_ENABLE_HEAVY_GATES=OFF is incompa ible wi h RAWRXD_PRODUCTION_STRIP_STUB_SOURCES=ON.	[ProductionLane] RAWRXD_ENABLE_HEAVY_GATES=OFF is incompatible with RAWRXD_PRODUCTION_STRIP_STUB_SOURCES=ON.	LITERAL	1	FALSE	FALSE	FALSE	3	ACTIVE_MISSING
ot_stub_lane_objs	F:/~dev/rawrxd/CMakeLists.txt	35698	COMMAND ${CMAKE_COMMAND} --build ${CMAKE_BINARY_DIR} --config $<CONFIG> -- arge  sso _s ub_lane_guard	COMMAND ${CMAKE_COMMAND} --build ${CMAKE_BINARY_DIR} --config $<CONFIG> --target ssot_stub_lane_guard	UNRESOLVED_EXPRESSION	1	FALSE	FALSE	FALSE	5	UNRESOLVED_EXPRESSION
ot_stub_lane_objs	F:/~dev/rawrxd/CMakeLists.txt	35699	COMMAND ${CMAKE_COMMAND} --build ${CMAKE_BINARY_DIR} --config $<CONFIG> -- arge  RawrXD-Win32IDE	COMMAND ${CMAKE_COMMAND} --build ${CMAKE_BINARY_DIR} --config $<CONFIG> --target RawrXD-Win32IDE	UNRESOLVED_EXPRESSION	1	FALSE	FALSE	FALSE	5	UNRESOLVED_EXPRESSION
ot_stub_lane_objs	F:/~dev/rawrxd/CMakeLists.txt	35705	COMMAND ${CMAKE_COMMAND} --build ${CMAKE_BINARY_DIR} --config $<CONFIG> -- arge  sso _s ub_lane_guard	COMMAND ${CMAKE_COMMAND} --build ${CMAKE_BINARY_DIR} --config $<CONFIG> --target ssot_stub_lane_guard	UNRESOLVED_EXPRESSION	1	FALSE	FALSE	FALSE	5	UNRESOLVED_EXPRESSION
ot_stub_lane_objs	F:/~dev/rawrxd/CMakeLists.txt	35713	COMMAND ${CMAKE_COMMAND} --build ${CMAKE_BINARY_DIR} --config $<CONFIG> -- arge  RawrXD-Win32IDE	COMMAND ${CMAKE_COMMAND} --build ${CMAKE_BINARY_DIR} --config $<CONFIG> --target RawrXD-Win32IDE	UNRESOLVED_EXPRESSION	1	FALSE	FALSE	FALSE	5	UNRESOLVED_EXPRESSION
ot_stub_lane_objs	F:/~dev/rawrxd/CMakeLists.txt	35719	COMMAND ${CMAKE_COMMAND} -E echo	COMMAND ${CMAKE_COMMAND} -E echo	UNRESOLVED_EXPRESSION	1	FALSE	FALSE	FALSE	5	UNRESOLVED_EXPRESSION
ot_stub_lane_objs	F:/~dev/rawrxd/CMakeLists.txt	35728	COMMAND ${CMAKE_COMMAND} --build ${CMAKE_BINARY_DIR} --config $<CONFIG> -- arge  RawrXD-Win32IDE	COMMAND ${CMAKE_COMMAND} --build ${CMAKE_BINARY_DIR} --config $<CONFIG> --target RawrXD-Win32IDE	UNRESOLVED_EXPRESSION	1	FALSE	FALSE	FALSE	4	UNRESOLVED_EXPRESSION
ot_stub_lane_objs	F:/~dev/rawrxd/CMakeLists.txt	35734	COMMAND ${CMAKE_COMMAND} -E echo	COMMAND ${CMAKE_COMMAND} -E echo	UNRESOLVED_EXPRESSION	1	FALSE	FALSE	FALSE	4	UNRESOLVED_EXPRESSION
ot_stub_lane_objs	F:/~dev/rawrxd/CMakeLists.txt	35762	add_dependencies self_ es _ga e ${SELF_TEST_DEPS}	add_dependencies self_test_gate ${SELF_TEST_DEPS}	UNRESOLVED_EXPRESSION	1	FALSE	FALSE	FALSE	4	UNRESOLVED_EXPRESSION
p0_process_alive_001	F:/~dev/rawrxd/CMakeLists.txt	41335	RUNTIME_OUTPUT_DIRECTORY ${CMAKE_BINARY_DIR}/bin	RUNTIME_OUTPUT_DIRECTORY ${CMAKE_BINARY_DIR}/bin	UNRESOLVED_EXPRESSION	1	FALSE	FALSE	FALSE	3	UNRESOLVED_EXPRESSION
p0_process_alive_001	F:/~dev/rawrxd/CMakeLists.txt	41337	Mul iThreaded$<$<CONFIG:Debug>:Debug>	MultiThreaded$<$<CONFIG:Debug>:Debug>	UNRESOLVED_EXPRESSION	1	FALSE	FALSE	FALSE	3	UNRESOLVED_EXPRESSION
p1_cpu_loadmodel_harness	F:/~dev/rawrxd/CMakeLists.txt	1842	RUNTIME_OUTPUT_DIRECTORY ${CMAKE_BINARY_DIR}/bin	RUNTIME_OUTPUT_DIRECTORY ${CMAKE_BINARY_DIR}/bin	UNRESOLVED_EXPRESSION	1	FALSE	FALSE	FALSE	1	UNRESOLVED_EXPRESSION
p1_cpu_loadmodel_harness	F:/~dev/rawrxd/CMakeLists.txt	1846	${CMAKE_SOURCE_DIR}	${CMAKE_SOURCE_DIR}	UNRESOLVED_EXPRESSION	1	FALSE	FALSE	FALSE	1	UNRESOLVED_EXPRESSION
p1_cpu_loadmodel_harness	F:/~dev/rawrxd/CMakeLists.txt	1847	${CMAKE_SOURCE_DIR}/include	${CMAKE_SOURCE_DIR}/include	UNRESOLVED_EXPRESSION	1	FALSE	FALSE	FALSE	1	UNRESOLVED_EXPRESSION
p1_cpu_loadmodel_harness	F:/~dev/rawrxd/CMakeLists.txt	1848	${CMAKE_SOURCE_DIR}/src	${CMAKE_SOURCE_DIR}/src	UNRESOLVED_EXPRESSION	1	FALSE	FALSE	FALSE	1	UNRESOLVED_EXPRESSION
p1_cpu_loadmodel_harness	F:/~dev/rawrxd/CMakeLists.txt	1849	${CMAKE_SOURCE_DIR}/src/ okenizer	${CMAKE_SOURCE_DIR}/src/tokenizer	UNRESOLVED_EXPRESSION	1	FALSE	FALSE	FALSE	1	UNRESOLVED_EXPRESSION
p1_cpu_loadmodel_harness	F:/~dev/rawrxd/CMakeLists.txt	1850	${CMAKE_SOURCE_DIR}/include/core	${CMAKE_SOURCE_DIR}/include/core	UNRESOLVED_EXPRESSION	1	FALSE	FALSE	FALSE	1	UNRESOLVED_EXPRESSION
p1_cpu_loadmodel_harness	F:/~dev/rawrxd/CMakeLists.txt	1853	${RAWR_VULKAN_INCLUDE}	${RAWR_VULKAN_INCLUDE}	UNRESOLVED_EXPRESSION	1	FALSE	FALSE	FALSE	2	UNRESOLVED_EXPRESSION
p1_cpu_loadmodel_harness	F:/~dev/rawrxd/CMakeLists.txt	1854	${RAWR_VULKAN_LIB}	${RAWR_VULKAN_LIB}	UNRESOLVED_EXPRESSION	1	FALSE	FALSE	FALSE	2	UNRESOLVED_EXPRESSION
p1_cpu_loadmodel_harness	F:/~dev/rawrxd/CMakeLists.txt	1857	 arge _include_direc ories p1_cpu_loadmodel_harness PRIVATE ${VULKAN_INCLUDE_DIR}	target_include_directories p1_cpu_loadmodel_harness PRIVATE ${VULKAN_INCLUDE_DIR}	UNRESOLVED_EXPRESSION	1	FALSE	FALSE	FALSE	2	UNRESOLVED_EXPRESSION
p1_cpu_loadmodel_harness	F:/~dev/rawrxd/CMakeLists.txt	1861	 arge _include_direc ories p1_cpu_loadmodel_harness PRIVATE ${Vulkan_INCLUDE_DIRS}	target_include_directories p1_cpu_loadmodel_harness PRIVATE ${Vulkan_INCLUDE_DIRS}	UNRESOLVED_EXPRESSION	1	FALSE	FALSE	FALSE	2	UNRESOLVED_EXPRESSION
p1_cpu_loadmodel_harness	F:/~dev/rawrxd/CMakeLists.txt	1871	se _proper y TARGET p1_cpu_loadmodel_harness APPEND_STRING PROPERTY LINK_FLAGS  ${_WIN10_SDK_ROOT}/Lib/${_SDK_UM_VER}/um/x64\	set_property TARGET p1_cpu_loadmodel_harness APPEND_STRING PROPERTY LINK_FLAGS  ${_WIN10_SDK_ROOT}/Lib/${_SDK_UM_VER}/um/x64/	UNRESOLVED_EXPRESSION	1	FALSE	FALSE	FALSE	2	UNRESOLVED_EXPRESSION
p1_cpu_loadmodel_harness	F:/~dev/rawrxd/CMakeLists.txt	1874	se _proper y TARGET p1_cpu_loadmodel_harness APPEND_STRING PROPERTY LINK_FLAGS  ${_WIN10_SDK_ROOT}/Lib/${_SDK_UCRT_VER}/ucr /x64\	set_property TARGET p1_cpu_loadmodel_harness APPEND_STRING PROPERTY LINK_FLAGS  ${_WIN10_SDK_ROOT}/Lib/${_SDK_UCRT_VER}/ucrt/x64/	UNRESOLVED_EXPRESSION	1	FALSE	FALSE	FALSE	2	UNRESOLVED_EXPRESSION
p1_cpu_loadmodel_harness	F:/~dev/rawrxd/CMakeLists.txt	1877	se _proper y TARGET p1_cpu_loadmodel_harness APPEND_STRING PROPERTY LINK_FLAGS  ${_MSVC_ROOT}/lib/x64\	set_property TARGET p1_cpu_loadmodel_harness APPEND_STRING PROPERTY LINK_FLAGS  ${_MSVC_ROOT}/lib/x64/	UNRESOLVED_EXPRESSION	1	FALSE	FALSE	FALSE	2	UNRESOLVED_EXPRESSION
p1_ide_exec_policy_apply_001	F:/~dev/rawrxd/CMakeLists.txt	43833	${CMAKE_SOURCE_DIR}/src/deep2	${CMAKE_SOURCE_DIR}/src/deep2	UNRESOLVED_EXPRESSION	1	FALSE	FALSE	FALSE	4	UNRESOLVED_EXPRESSION
p1_ide_exec_policy_apply_001	F:/~dev/rawrxd/CMakeLists.txt	43834	${CMAKE_SOURCE_DIR}/include	${CMAKE_SOURCE_DIR}/include	UNRESOLVED_EXPRESSION	1	FALSE	FALSE	FALSE	4	UNRESOLVED_EXPRESSION
p1_ide_exec_policy_apply_001	F:/~dev/rawrxd/CMakeLists.txt	43835	${CMAKE_SOURCE_DIR}/src	${CMAKE_SOURCE_DIR}/src	UNRESOLVED_EXPRESSION	1	FALSE	FALSE	FALSE	4	UNRESOLVED_EXPRESSION
p1_ide_exec_policy_apply_001	F:/~dev/rawrxd/CMakeLists.txt	43839	RUNTIME_OUTPUT_DIRECTORY ${CMAKE_BINARY_DIR}/bin	RUNTIME_OUTPUT_DIRECTORY ${CMAKE_BINARY_DIR}/bin	UNRESOLVED_EXPRESSION	1	FALSE	FALSE	FALSE	4	UNRESOLVED_EXPRESSION
p1_ide_exec_policy_apply_001	F:/~dev/rawrxd/CMakeLists.txt	43841	Mul iThreaded$<$<CONFIG:Debug>:Debug>	MultiThreaded$<$<CONFIG:Debug>:Debug>	UNRESOLVED_EXPRESSION	1	FALSE	FALSE	FALSE	4	UNRESOLVED_EXPRESSION
p1_ide_exec_policy_live_gguf_001	F:/~dev/rawrxd/CMakeLists.txt	43874	${CMAKE_SOURCE_DIR}/src/deep2	${CMAKE_SOURCE_DIR}/src/deep2	UNRESOLVED_EXPRESSION	1	FALSE	FALSE	FALSE	4	UNRESOLVED_EXPRESSION
p1_ide_exec_policy_live_gguf_001	F:/~dev/rawrxd/CMakeLists.txt	43875	${CMAKE_SOURCE_DIR}/include	${CMAKE_SOURCE_DIR}/include	UNRESOLVED_EXPRESSION	1	FALSE	FALSE	FALSE	4	UNRESOLVED_EXPRESSION
p1_ide_exec_policy_live_gguf_001	F:/~dev/rawrxd/CMakeLists.txt	43876	${CMAKE_SOURCE_DIR}/src	${CMAKE_SOURCE_DIR}/src	UNRESOLVED_EXPRESSION	1	FALSE	FALSE	FALSE	4	UNRESOLVED_EXPRESSION
p1_ide_exec_policy_live_gguf_001	F:/~dev/rawrxd/CMakeLists.txt	43880	RUNTIME_OUTPUT_DIRECTORY ${CMAKE_BINARY_DIR}/bin	RUNTIME_OUTPUT_DIRECTORY ${CMAKE_BINARY_DIR}/bin	UNRESOLVED_EXPRESSION	1	FALSE	FALSE	FALSE	4	UNRESOLVED_EXPRESSION
p1_ide_exec_policy_live_gguf_001	F:/~dev/rawrxd/CMakeLists.txt	43882	Mul iThreaded$<$<CONFIG:Debug>:Debug>	MultiThreaded$<$<CONFIG:Debug>:Debug>	UNRESOLVED_EXPRESSION	1	FALSE	FALSE	FALSE	4	UNRESOLVED_EXPRESSION
p1_policy_sha_lifecycle_diag_001	F:/~dev/rawrxd/CMakeLists.txt	43956	${CMAKE_SOURCE_DIR}/include	${CMAKE_SOURCE_DIR}/include	UNRESOLVED_EXPRESSION	1	FALSE	FALSE	FALSE	4	UNRESOLVED_EXPRESSION
p1_policy_sha_lifecycle_diag_001	F:/~dev/rawrxd/CMakeLists.txt	43957	${CMAKE_SOURCE_DIR}/src/deep2	${CMAKE_SOURCE_DIR}/src/deep2	UNRESOLVED_EXPRESSION	1	FALSE	FALSE	FALSE	4	UNRESOLVED_EXPRESSION
p1_policy_sha_lifecycle_diag_001	F:/~dev/rawrxd/CMakeLists.txt	43958	${CMAKE_SOURCE_DIR}/src	${CMAKE_SOURCE_DIR}/src	UNRESOLVED_EXPRESSION	1	FALSE	FALSE	FALSE	4	UNRESOLVED_EXPRESSION
p1_policy_sha_lifecycle_diag_001	F:/~dev/rawrxd/CMakeLists.txt	43962	RUNTIME_OUTPUT_DIRECTORY ${CMAKE_BINARY_DIR}/bin	RUNTIME_OUTPUT_DIRECTORY ${CMAKE_BINARY_DIR}/bin	UNRESOLVED_EXPRESSION	1	FALSE	FALSE	FALSE	4	UNRESOLVED_EXPRESSION
p1_policy_sha_lifecycle_diag_001	F:/~dev/rawrxd/CMakeLists.txt	43964	Mul iThreaded$<$<CONFIG:Debug>:Debug>	MultiThreaded$<$<CONFIG:Debug>:Debug>	UNRESOLVED_EXPRESSION	1	FALSE	FALSE	FALSE	4	UNRESOLVED_EXPRESSION
p1_real_speedup_001	F:/~dev/rawrxd/CMakeLists.txt	43903	${CMAKE_SOURCE_DIR}/src/deep2	${CMAKE_SOURCE_DIR}/src/deep2	UNRESOLVED_EXPRESSION	1	FALSE	FALSE	FALSE	4	UNRESOLVED_EXPRESSION
p1_real_speedup_001	F:/~dev/rawrxd/CMakeLists.txt	43904	${CMAKE_SOURCE_DIR}/include	${CMAKE_SOURCE_DIR}/include	UNRESOLVED_EXPRESSION	1	FALSE	FALSE	FALSE	4	UNRESOLVED_EXPRESSION
p1_real_speedup_001	F:/~dev/rawrxd/CMakeLists.txt	43905	${CMAKE_SOURCE_DIR}/src	${CMAKE_SOURCE_DIR}/src	UNRESOLVED_EXPRESSION	1	FALSE	FALSE	FALSE	4	UNRESOLVED_EXPRESSION
p1_real_speedup_001	F:/~dev/rawrxd/CMakeLists.txt	43909	RUNTIME_OUTPUT_DIRECTORY ${CMAKE_BINARY_DIR}/bin	RUNTIME_OUTPUT_DIRECTORY ${CMAKE_BINARY_DIR}/bin	UNRESOLVED_EXPRESSION	1	FALSE	FALSE	FALSE	4	UNRESOLVED_EXPRESSION
p1_real_speedup_001	F:/~dev/rawrxd/CMakeLists.txt	43911	Mul iThreaded$<$<CONFIG:Debug>:Debug>	MultiThreaded$<$<CONFIG:Debug>:Debug>	UNRESOLVED_EXPRESSION	1	FALSE	FALSE	FALSE	4	UNRESOLVED_EXPRESSION
p1_repeatability_state_drift_diag_001	F:/~dev/rawrxd/CMakeLists.txt	43979	${CMAKE_SOURCE_DIR}/include	${CMAKE_SOURCE_DIR}/include	UNRESOLVED_EXPRESSION	1	FALSE	FALSE	FALSE	4	UNRESOLVED_EXPRESSION
p1_repeatability_state_drift_diag_001	F:/~dev/rawrxd/CMakeLists.txt	43980	${CMAKE_SOURCE_DIR}/src/deep2	${CMAKE_SOURCE_DIR}/src/deep2	UNRESOLVED_EXPRESSION	1	FALSE	FALSE	FALSE	4	UNRESOLVED_EXPRESSION
p1_repeatability_state_drift_diag_001	F:/~dev/rawrxd/CMakeLists.txt	43981	${CMAKE_SOURCE_DIR}/src	${CMAKE_SOURCE_DIR}/src	UNRESOLVED_EXPRESSION	1	FALSE	FALSE	FALSE	4	UNRESOLVED_EXPRESSION
p1_repeatability_state_drift_diag_001	F:/~dev/rawrxd/CMakeLists.txt	43985	RUNTIME_OUTPUT_DIRECTORY ${CMAKE_BINARY_DIR}/bin	RUNTIME_OUTPUT_DIRECTORY ${CMAKE_BINARY_DIR}/bin	UNRESOLVED_EXPRESSION	1	FALSE	FALSE	FALSE	4	UNRESOLVED_EXPRESSION
p1_repeatability_state_drift_diag_001	F:/~dev/rawrxd/CMakeLists.txt	43987	Mul iThreaded$<$<CONFIG:Debug>:Debug>	MultiThreaded$<$<CONFIG:Debug>:Debug>	UNRESOLVED_EXPRESSION	1	FALSE	FALSE	FALSE	4	UNRESOLVED_EXPRESSION
p1_repeatability_trial_validity_diag_001	F:/~dev/rawrxd/CMakeLists.txt	43933	${CMAKE_SOURCE_DIR}/include	${CMAKE_SOURCE_DIR}/include	UNRESOLVED_EXPRESSION	1	FALSE	FALSE	FALSE	4	UNRESOLVED_EXPRESSION
p1_repeatability_trial_validity_diag_001	F:/~dev/rawrxd/CMakeLists.txt	43934	${CMAKE_SOURCE_DIR}/src/deep2	${CMAKE_SOURCE_DIR}/src/deep2	UNRESOLVED_EXPRESSION	1	FALSE	FALSE	FALSE	4	UNRESOLVED_EXPRESSION
p1_repeatability_trial_validity_diag_001	F:/~dev/rawrxd/CMakeLists.txt	43935	${CMAKE_SOURCE_DIR}/src	${CMAKE_SOURCE_DIR}/src	UNRESOLVED_EXPRESSION	1	FALSE	FALSE	FALSE	4	UNRESOLVED_EXPRESSION
p1_repeatability_trial_validity_diag_001	F:/~dev/rawrxd/CMakeLists.txt	43939	RUNTIME_OUTPUT_DIRECTORY ${CMAKE_BINARY_DIR}/bin	RUNTIME_OUTPUT_DIRECTORY ${CMAKE_BINARY_DIR}/bin	UNRESOLVED_EXPRESSION	1	FALSE	FALSE	FALSE	4	UNRESOLVED_EXPRESSION
p1_repeatability_trial_validity_diag_001	F:/~dev/rawrxd/CMakeLists.txt	43941	Mul iThreaded$<$<CONFIG:Debug>:Debug>	MultiThreaded$<$<CONFIG:Debug>:Debug>	UNRESOLVED_EXPRESSION	1	FALSE	FALSE	FALSE	4	UNRESOLVED_EXPRESSION
p1_ui_encoding_cert	F:/~dev/rawrxd/CMakeLists.txt	44015	${CMAKE_SOURCE_DIR}/src/win32app	${CMAKE_SOURCE_DIR}/src/win32app	UNRESOLVED_EXPRESSION	1	FALSE	FALSE	FALSE	4	UNRESOLVED_EXPRESSION
p1_ui_encoding_cert	F:/~dev/rawrxd/CMakeLists.txt	44019	RUNTIME_OUTPUT_DIRECTORY ${CMAKE_BINARY_DIR}/bin	RUNTIME_OUTPUT_DIRECTORY ${CMAKE_BINARY_DIR}/bin	UNRESOLVED_EXPRESSION	1	FALSE	FALSE	FALSE	4	UNRESOLVED_EXPRESSION
p1_ui_encoding_cert	F:/~dev/rawrxd/CMakeLists.txt	44021	Mul iThreaded$<$<CONFIG:Debug>:Debug>	MultiThreaded$<$<CONFIG:Debug>:Debug>	UNRESOLVED_EXPRESSION	1	FALSE	FALSE	FALSE	4	UNRESOLVED_EXPRESSION
p1_ui_menu_e2e_cert	F:/~dev/rawrxd/CMakeLists.txt	44044	RUNTIME_OUTPUT_DIRECTORY ${CMAKE_BINARY_DIR}/bin	RUNTIME_OUTPUT_DIRECTORY ${CMAKE_BINARY_DIR}/bin	UNRESOLVED_EXPRESSION	1	FALSE	FALSE	FALSE	4	UNRESOLVED_EXPRESSION
p1_ui_menu_e2e_cert	F:/~dev/rawrxd/CMakeLists.txt	44046	Mul iThreaded$<$<CONFIG:Debug>:Debug>	MultiThreaded$<$<CONFIG:Debug>:Debug>	UNRESOLVED_EXPRESSION	1	FALSE	FALSE	FALSE	4	UNRESOLVED_EXPRESSION
p1_ui_menu_lifetime_cert	F:/~dev/rawrxd/CMakeLists.txt	44087	RUNTIME_OUTPUT_DIRECTORY ${CMAKE_BINARY_DIR}/bin	RUNTIME_OUTPUT_DIRECTORY ${CMAKE_BINARY_DIR}/bin	UNRESOLVED_EXPRESSION	1	FALSE	FALSE	FALSE	4	UNRESOLVED_EXPRESSION
p1_ui_menu_lifetime_cert	F:/~dev/rawrxd/CMakeLists.txt	44089	Mul iThreaded$<$<CONFIG:Debug>:Debug>	MultiThreaded$<$<CONFIG:Debug>:Debug>	UNRESOLVED_EXPRESSION	1	FALSE	FALSE	FALSE	4	UNRESOLVED_EXPRESSION
p1_ui_sidebar_encoding_cert	F:/~dev/rawrxd/CMakeLists.txt	44069	RUNTIME_OUTPUT_DIRECTORY ${CMAKE_BINARY_DIR}/bin	RUNTIME_OUTPUT_DIRECTORY ${CMAKE_BINARY_DIR}/bin	UNRESOLVED_EXPRESSION	1	FALSE	FALSE	FALSE	4	UNRESOLVED_EXPRESSION
p1_ui_sidebar_encoding_cert	F:/~dev/rawrxd/CMakeLists.txt	44071	Mul iThreaded$<$<CONFIG:Debug>:Debug>	MultiThreaded$<$<CONFIG:Debug>:Debug>	UNRESOLVED_EXPRESSION	1	FALSE	FALSE	FALSE	4	UNRESOLVED_EXPRESSION
pmc_profiler	F:/~dev/rawrxd/CMakeLists.txt	106125	${CMAKE_SOURCE_DIR}	${CMAKE_SOURCE_DIR}	UNRESOLVED_EXPRESSION	1	FALSE	FALSE	FALSE	5	UNRESOLVED_EXPRESSION
pmc_profiler	F:/~dev/rawrxd/CMakeLists.txt	106126	${CMAKE_SOURCE_DIR}/include	${CMAKE_SOURCE_DIR}/include	UNRESOLVED_EXPRESSION	1	FALSE	FALSE	FALSE	5	UNRESOLVED_EXPRESSION
pmc_profiler	F:/~dev/rawrxd/CMakeLists.txt	106127	${CMAKE_SOURCE_DIR}/src	${CMAKE_SOURCE_DIR}/src	UNRESOLVED_EXPRESSION	1	FALSE	FALSE	FALSE	5	UNRESOLVED_EXPRESSION
pmc_profiler	F:/~dev/rawrxd/CMakeLists.txt	106133	${CMAKE_SOURCE_DIR}/src/profiling/flame_graph.cpp	${CMAKE_SOURCE_DIR}/src/profiling/flame_graph.cpp	UNRESOLVED_EXPRESSION	1	FALSE	FALSE	FALSE	5	UNRESOLVED_EXPRESSION
production_regime_sweep	F:/~dev/rawrxd/CMakeLists.txt	105678	${CMAKE_SOURCE_DIR}	${CMAKE_SOURCE_DIR}	UNRESOLVED_EXPRESSION	1	FALSE	FALSE	FALSE	5	UNRESOLVED_EXPRESSION
production_regime_sweep	F:/~dev/rawrxd/CMakeLists.txt	105679	${CMAKE_SOURCE_DIR}/src	${CMAKE_SOURCE_DIR}/src	UNRESOLVED_EXPRESSION	1	FALSE	FALSE	FALSE	5	UNRESOLVED_EXPRESSION
production_regime_sweep	F:/~dev/rawrxd/CMakeLists.txt	105680	${CMAKE_SOURCE_DIR}/src/deep2	${CMAKE_SOURCE_DIR}/src/deep2	UNRESOLVED_EXPRESSION	1	FALSE	FALSE	FALSE	5	UNRESOLVED_EXPRESSION
production_regime_sweep	F:/~dev/rawrxd/CMakeLists.txt	105681	${CMAKE_SOURCE_DIR}/src/run ime	${CMAKE_SOURCE_DIR}/src/runtime	UNRESOLVED_EXPRESSION	1	FALSE	FALSE	FALSE	5	UNRESOLVED_EXPRESSION
production_regime_sweep	F:/~dev/rawrxd/CMakeLists.txt	105682	${CMAKE_SOURCE_DIR}/src/run ime/memory	${CMAKE_SOURCE_DIR}/src/runtime/memory	UNRESOLVED_EXPRESSION	1	FALSE	FALSE	FALSE	5	UNRESOLVED_EXPRESSION
production_regime_sweep	F:/~dev/rawrxd/CMakeLists.txt	105683	${CMAKE_SOURCE_DIR}/include	${CMAKE_SOURCE_DIR}/include	UNRESOLVED_EXPRESSION	1	FALSE	FALSE	FALSE	5	UNRESOLVED_EXPRESSION
production_regime_sweep	F:/~dev/rawrxd/CMakeLists.txt	105695	${RAWR_VULKAN_INCLUDE}	${RAWR_VULKAN_INCLUDE}	UNRESOLVED_EXPRESSION	1	FALSE	FALSE	FALSE	6	UNRESOLVED_EXPRESSION
production_regime_sweep	F:/~dev/rawrxd/CMakeLists.txt	105696	${RAWR_VULKAN_SDK_ROOT}/Lib	${RAWR_VULKAN_SDK_ROOT}/Lib	UNRESOLVED_EXPRESSION	1	FALSE	FALSE	FALSE	6	UNRESOLVED_EXPRESSION
production_regime_sweep	F:/~dev/rawrxd/CMakeLists.txt	105697	${RAWR_VULKAN_LIB}	${RAWR_VULKAN_LIB}	UNRESOLVED_EXPRESSION	1	FALSE	FALSE	FALSE	6	UNRESOLVED_EXPRESSION
production_regime_sweep	F:/~dev/rawrxd/CMakeLists.txt	105702	Mul iThreaded$<$<CONFIG:Debug>:Debug>	MultiThreaded$<$<CONFIG:Debug>:Debug>	UNRESOLVED_EXPRESSION	1	FALSE	FALSE	FALSE	5	UNRESOLVED_EXPRESSION
production_regime_sweep	F:/~dev/rawrxd/CMakeLists.txt	105704	RUNTIME_OUTPUT_DIRECTORY ${CMAKE_BINARY_DIR}/bin	RUNTIME_OUTPUT_DIRECTORY ${CMAKE_BINARY_DIR}/bin	UNRESOLVED_EXPRESSION	1	FALSE	FALSE	FALSE	5	UNRESOLVED_EXPRESSION
production_regime_sweep	F:/~dev/rawrxd/CMakeLists.txt	105724	${CMAKE_CURRENT_SOURCE_DIR}/ es s/inference_valida ion/harness	${CMAKE_CURRENT_SOURCE_DIR}/tests/inference_validation/harness	UNRESOLVED_EXPRESSION	1	FALSE	FALSE	FALSE	5	UNRESOLVED_EXPRESSION
production_regime_sweep	F:/~dev/rawrxd/CMakeLists.txt	105740	${CMAKE_SOURCE_DIR}/ ools/address_resolver_na ive.cpp	${CMAKE_SOURCE_DIR}/tools/address_resolver_native.cpp	UNRESOLVED_EXPRESSION	1	FALSE	FALSE	FALSE	5	UNRESOLVED_EXPRESSION
q4_preprocessed_avx512	F:/~dev/rawrxd/CMakeLists.txt	106027	ARCHIVE_OUTPUT_DIRECTORY ${CMAKE_BINARY_DIR}/lib	ARCHIVE_OUTPUT_DIRECTORY ${CMAKE_BINARY_DIR}/lib	UNRESOLVED_EXPRESSION	1	FALSE	FALSE	FALSE	5	UNRESOLVED_EXPRESSION
q4_preprocessed_avx512	F:/~dev/rawrxd/CMakeLists.txt	106057	${CMAKE_SOURCE_DIR}/ es s/ es _q4_scalar_simd.cpp	${CMAKE_SOURCE_DIR}/tests/test_q4_scalar_simd.cpp	UNRESOLVED_EXPRESSION	1	FALSE	FALSE	FALSE	5	UNRESOLVED_EXPRESSION
q4_preprocessed_avx512	F:/~dev/rawrxd/CMakeLists.txt	106061	${CMAKE_SOURCE_DIR}/src/ ools/CMakeLis s. x 	${CMAKE_SOURCE_DIR}/src/tools/CMakeLists.txt	UNRESOLVED_EXPRESSION	1	FALSE	FALSE	FALSE	5	UNRESOLVED_EXPRESSION
q4_preprocessed_avx512	F:/~dev/rawrxd/CMakeLists.txt	106066	${CMAKE_SOURCE_DIR}/src/valida ion/CMakeLis s. x 	${CMAKE_SOURCE_DIR}/src/validation/CMakeLists.txt	UNRESOLVED_EXPRESSION	1	FALSE	FALSE	FALSE	5	UNRESOLVED_EXPRESSION
q4k_gemv_bench	F:/~dev/rawrxd/CMakeLists.txt	64178	RUNTIME_OUTPUT_DIRECTORY ${CMAKE_BINARY_DIR}/bin	RUNTIME_OUTPUT_DIRECTORY ${CMAKE_BINARY_DIR}/bin	UNRESOLVED_EXPRESSION	1	FALSE	FALSE	FALSE	4	UNRESOLVED_EXPRESSION
q4k_gemv_parity	F:/~dev/rawrxd/CMakeLists.txt	108922	RUNTIME_OUTPUT_DIRECTORY ${CMAKE_BINARY_DIR}/bin	RUNTIME_OUTPUT_DIRECTORY ${CMAKE_BINARY_DIR}/bin	UNRESOLVED_EXPRESSION	1	FALSE	FALSE	FALSE	5	UNRESOLVED_EXPRESSION
q4k_gemv_parity	F:/~dev/rawrxd/CMakeLists.txt	108925	${CMAKE_SOURCE_DIR}/src	${CMAKE_SOURCE_DIR}/src	UNRESOLVED_EXPRESSION	1	FALSE	FALSE	FALSE	5	UNRESOLVED_EXPRESSION
q4k_gemv_parity	F:/~dev/rawrxd/CMakeLists.txt	108926	${RAWR_VULKAN_INCLUDE}	${RAWR_VULKAN_INCLUDE}	UNRESOLVED_EXPRESSION	1	FALSE	FALSE	FALSE	5	UNRESOLVED_EXPRESSION
q4k_gemv_parity	F:/~dev/rawrxd/CMakeLists.txt	108929	${RAWR_VULKAN_LIB}	${RAWR_VULKAN_LIB}	UNRESOLVED_EXPRESSION	1	FALSE	FALSE	FALSE	5	UNRESOLVED_EXPRESSION
q4k_gemv_parity	F:/~dev/rawrxd/CMakeLists.txt	108930	${CMAKE_BINARY_DIR}/Release/InferenceEngine.lib	${CMAKE_BINARY_DIR}/Release/InferenceEngine.lib	UNRESOLVED_EXPRESSION	1	FALSE	FALSE	FALSE	5	UNRESOLVED_EXPRESSION
q4k_gemv_parity	F:/~dev/rawrxd/CMakeLists.txt	108934	se _proper y TARGET q4k_gemv_pari y APPEND_STRING PROPERTY LINK_FLAGS  ${_WIN10_SDK_ROOT}/Lib/${_SDK_UM_VER}/um/x64\	set_property TARGET q4k_gemv_parity APPEND_STRING PROPERTY LINK_FLAGS  ${_WIN10_SDK_ROOT}/Lib/${_SDK_UM_VER}/um/x64/	UNRESOLVED_EXPRESSION	1	FALSE	FALSE	FALSE	6	UNRESOLVED_EXPRESSION
q4k_gemv_parity	F:/~dev/rawrxd/CMakeLists.txt	108937	se _proper y TARGET q4k_gemv_pari y APPEND_STRING PROPERTY LINK_FLAGS  ${_WIN10_SDK_ROOT}/Lib/${_SDK_UCRT_VER}/ucr /x64\	set_property TARGET q4k_gemv_parity APPEND_STRING PROPERTY LINK_FLAGS  ${_WIN10_SDK_ROOT}/Lib/${_SDK_UCRT_VER}/ucrt/x64/	UNRESOLVED_EXPRESSION	1	FALSE	FALSE	FALSE	6	UNRESOLVED_EXPRESSION
q4k_gemv_parity	F:/~dev/rawrxd/CMakeLists.txt	108940	se _proper y TARGET q4k_gemv_pari y APPEND_STRING PROPERTY LINK_FLAGS  ${_MSVC_ROOT}/lib/x64\	set_property TARGET q4k_gemv_parity APPEND_STRING PROPERTY LINK_FLAGS  ${_MSVC_ROOT}/lib/x64/	UNRESOLVED_EXPRESSION	1	FALSE	FALSE	FALSE	6	UNRESOLVED_EXPRESSION
q5k_gemv_bench	F:/~dev/rawrxd/CMakeLists.txt	65154	RUNTIME_OUTPUT_DIRECTORY ${CMAKE_BINARY_DIR}/bin	RUNTIME_OUTPUT_DIRECTORY ${CMAKE_BINARY_DIR}/bin	UNRESOLVED_EXPRESSION	1	FALSE	FALSE	FALSE	4	UNRESOLVED_EXPRESSION
quick_1layer_profiler	F:/~dev/rawrxd/CMakeLists.txt	63194	${CMAKE_SOURCE_DIR}/src/deep2	${CMAKE_SOURCE_DIR}/src/deep2	UNRESOLVED_EXPRESSION	1	FALSE	FALSE	FALSE	4	UNRESOLVED_EXPRESSION
quick_1layer_profiler	F:/~dev/rawrxd/CMakeLists.txt	63195	${CMAKE_SOURCE_DIR}/include	${CMAKE_SOURCE_DIR}/include	UNRESOLVED_EXPRESSION	1	FALSE	FALSE	FALSE	4	UNRESOLVED_EXPRESSION
quick_1layer_profiler	F:/~dev/rawrxd/CMakeLists.txt	63202	RUNTIME_OUTPUT_DIRECTORY ${CMAKE_BINARY_DIR}/bin	RUNTIME_OUTPUT_DIRECTORY ${CMAKE_BINARY_DIR}/bin	UNRESOLVED_EXPRESSION	1	FALSE	FALSE	FALSE	4	UNRESOLVED_EXPRESSION
quickjs_static	F:/~dev/rawrxd/CMakeLists.txt	35216	add_library quickjs_s a ic STATIC ${QUICKJS_SOURCES}	add_library quickjs_static STATIC ${QUICKJS_SOURCES}	UNRESOLVED_EXPRESSION	1	FALSE	FALSE	FALSE	4	UNRESOLVED_EXPRESSION
quickjs_static	F:/~dev/rawrxd/CMakeLists.txt	35218	Mul iThreaded$<$<CONFIG:Debug>:Debug>	MultiThreaded$<$<CONFIG:Debug>:Debug>	UNRESOLVED_EXPRESSION	1	FALSE	FALSE	FALSE	4	UNRESOLVED_EXPRESSION
quickjs_static	F:/~dev/rawrxd/CMakeLists.txt	35223	 arge _include_direc ories quickjs_s a ic PUBLIC ${QUICKJS_DIR}	target_include_directories quickjs_static PUBLIC ${QUICKJS_DIR}	UNRESOLVED_EXPRESSION	1	FALSE	FALSE	FALSE	4	UNRESOLVED_EXPRESSION
quickjs_static	F:/~dev/rawrxd/CMakeLists.txt	35228	$<$<NOT:$<CONFIG:Debug>>:/O2>	$<$<NOT:$<CONFIG:Debug>>:/O2>	UNRESOLVED_EXPRESSION	1	FALSE	FALSE	FALSE	5	UNRESOLVED_EXPRESSION
quickjs_static	F:/~dev/rawrxd/CMakeLists.txt	35260	 arge _include_direc ories RawrEngine PRIVATE ${QUICKJS_DIR}/..	target_include_directories RawrEngine PRIVATE ${QUICKJS_DIR}/..	UNRESOLVED_EXPRESSION	1	FALSE	FALSE	FALSE	5	UNRESOLVED_EXPRESSION
quickjs_static	F:/~dev/rawrxd/CMakeLists.txt	35264	 arge _include_direc ories RawrXD_Gold PRIVATE ${QUICKJS_DIR}/..	target_include_directories RawrXD_Gold PRIVATE ${QUICKJS_DIR}/..	UNRESOLVED_EXPRESSION	1	FALSE	FALSE	FALSE	5	UNRESOLVED_EXPRESSION
quickjs_static	F:/~dev/rawrxd/CMakeLists.txt	35268	 arge _include_direc ories InferenceEngine PRIVATE ${QUICKJS_DIR}/..	target_include_directories InferenceEngine PRIVATE ${QUICKJS_DIR}/..	UNRESOLVED_EXPRESSION	1	FALSE	FALSE	FALSE	5	UNRESOLVED_EXPRESSION
quickjs_static	F:/~dev/rawrxd/CMakeLists.txt	35272	 arge _include_direc ories RawrXD-InferenceEngine PRIVATE ${QUICKJS_DIR}/..	target_include_directories RawrXD-InferenceEngine PRIVATE ${QUICKJS_DIR}/..	UNRESOLVED_EXPRESSION	1	FALSE	FALSE	FALSE	5	UNRESOLVED_EXPRESSION
quickjs_static	F:/~dev/rawrxd/CMakeLists.txt	35303	"[Produc ionLane] QuickJS no  found a  ${QUICKJS_DIR} and Win32IDE would require QuickJS s ubs	"[ProductionLane] QuickJS not found at ${QUICKJS_DIR} and Win32IDE would require QuickJS stubs	UNRESOLVED_EXPRESSION	1	FALSE	FALSE	FALSE	5	UNRESOLVED_EXPRESSION
quickjs_static	F:/~dev/rawrxd/CMakeLists.txt	35305	message STATUS "QuickJS no  found a  ${QUICKJS_DIR} +	message STATUS "QuickJS not found at ${QUICKJS_DIR} +	UNRESOLVED_EXPRESSION	1	FALSE	FALSE	FALSE	4	UNRESOLVED_EXPRESSION
quickjs_static	F:/~dev/rawrxd/CMakeLists.txt	35350	 arge _include_direc ories RawrXD-Win32IDE PRIVATE ${Vulkan_INCLUDE_DIRS}	target_include_directories RawrXD-Win32IDE PRIVATE ${Vulkan_INCLUDE_DIRS}	UNRESOLVED_EXPRESSION	1	FALSE	FALSE	FALSE	4	UNRESOLVED_EXPRESSION
quickjs_static	F:/~dev/rawrxd/CMakeLists.txt	35354	${_VK_SDK_DIR}/Include	${_VK_SDK_DIR}/Include	UNRESOLVED_EXPRESSION	1	FALSE	FALSE	FALSE	4	UNRESOLVED_EXPRESSION
quickjs_static	F:/~dev/rawrxd/CMakeLists.txt	35355	${_VK_SDK_DIR}/Lib	${_VK_SDK_DIR}/Lib	UNRESOLVED_EXPRESSION	1	FALSE	FALSE	FALSE	4	UNRESOLVED_EXPRESSION
quickjs_static	F:/~dev/rawrxd/CMakeLists.txt	35363	"Link op ional obj/asm_monoli hic_*.obj blobs in o Win32IDE (advanced/dev only	"Link optional obj/asm_monolithic_*.obj blobs into Win32IDE (advanced/dev only	GLOB	1	FALSE	FALSE	FALSE	3	GLOB_EXPRESSION
quickjs_static	F:/~dev/rawrxd/CMakeLists.txt	35371	se  _WIN32IDE_USE_MONOLITHIC_OBJS ${RAWRXD_LINK_WIN32IDE_MONOLITHIC_OBJS}	set _WIN32IDE_USE_MONOLITHIC_OBJS ${RAWRXD_LINK_WIN32IDE_MONOLITHIC_OBJS}	UNRESOLVED_EXPRESSION	1	FALSE	FALSE	FALSE	3	UNRESOLVED_EXPRESSION
quickjs_static	F:/~dev/rawrxd/CMakeLists.txt	35373	[Win32IDE] Ignoring RAWRXD_LINK_WIN32IDE_MONOLITHIC_OBJS=ON because RAWRXD_ALLOW_AGENTIC_STUB_FALLBACK=ON (would cause duplica e symbols). Disable s ub fallback  o use monoli hic objs.	[Win32IDE] Ignoring RAWRXD_LINK_WIN32IDE_MONOLITHIC_OBJS=ON because RAWRXD_ALLOW_AGENTIC_STUB_FALLBACK=ON (would cause duplicate symbols). Disable stub fallback to use monolithic objs.	LITERAL	1	FALSE	FALSE	FALSE	4	ACTIVE_MISSING
quickjs_static	F:/~dev/rawrxd/CMakeLists.txt	35379	${CMAKE_CURRENT_SOURCE_DIR}/obj/asm_monoli hic_beacon.obj	${CMAKE_CURRENT_SOURCE_DIR}/obj/asm_monolithic_beacon.obj	UNRESOLVED_EXPRESSION	1	FALSE	FALSE	FALSE	4	UNRESOLVED_EXPRESSION
quickjs_static	F:/~dev/rawrxd/CMakeLists.txt	35380	${CMAKE_CURRENT_SOURCE_DIR}/obj/asm_monoli hic_model_loader.obj	${CMAKE_CURRENT_SOURCE_DIR}/obj/asm_monolithic_model_loader.obj	UNRESOLVED_EXPRESSION	1	FALSE	FALSE	FALSE	4	UNRESOLVED_EXPRESSION
quickjs_static	F:/~dev/rawrxd/CMakeLists.txt	35381	${CMAKE_CURRENT_SOURCE_DIR}/obj/asm_monoli hic_inference.obj	${CMAKE_CURRENT_SOURCE_DIR}/obj/asm_monolithic_inference.obj	UNRESOLVED_EXPRESSION	1	FALSE	FALSE	FALSE	4	UNRESOLVED_EXPRESSION
quickjs_static	F:/~dev/rawrxd/CMakeLists.txt	35384	${_obj}	${_obj}	UNRESOLVED_EXPRESSION	1	FALSE	FALSE	FALSE	5	UNRESOLVED_EXPRESSION
quickjs_static	F:/~dev/rawrxd/CMakeLists.txt	35385	${_obj}	${_obj}	UNRESOLVED_EXPRESSION	1	FALSE	FALSE	FALSE	5	UNRESOLVED_EXPRESSION
quickjs_static	F:/~dev/rawrxd/CMakeLists.txt	35387	Op ional Win32IDE link objec  missing, skipping: ${_obj}	Optional Win32IDE link object missing, skipping: ${_obj}	UNRESOLVED_EXPRESSION	1	FALSE	FALSE	FALSE	5	UNRESOLVED_EXPRESSION
quickjs_static	F:/~dev/rawrxd/CMakeLists.txt	35415	${MASM_OBJECTS}	${MASM_OBJECTS}	UNRESOLVED_EXPRESSION	1	FALSE	FALSE	FALSE	3	UNRESOLVED_EXPRESSION
quickjs_static	F:/~dev/rawrxd/CMakeLists.txt	35416	${_WIN32IDE_LINKED_MONOLITHIC_OBJS}	${_WIN32IDE_LINKED_MONOLITHIC_OBJS}	UNRESOLVED_EXPRESSION	1	FALSE	FALSE	FALSE	3	UNRESOLVED_EXPRESSION
quickjs_static	F:/~dev/rawrxd/CMakeLists.txt	35422	${CMAKE_CURRENT_SOURCE_DIR}/na ive_e2e/CMakeLis s.na ive_e2e. x 	${CMAKE_CURRENT_SOURCE_DIR}/native_e2e/CMakeLists.native_e2e.txt	UNRESOLVED_EXPRESSION	1	FALSE	FALSE	FALSE	4	UNRESOLVED_EXPRESSION
quickjs_static	F:/~dev/rawrxd/CMakeLists.txt	35423	${CMAKE_CURRENT_SOURCE_DIR}/na ive_e2e/CMakeLis s.na ive_e2e. x 	${CMAKE_CURRENT_SOURCE_DIR}/native_e2e/CMakeLists.native_e2e.txt	UNRESOLVED_EXPRESSION	1	FALSE	FALSE	FALSE	4	UNRESOLVED_EXPRESSION
quickjs_static	F:/~dev/rawrxd/CMakeLists.txt	35427	${CMAKE_CURRENT_SOURCE_DIR}/na ive_e2e	${CMAKE_CURRENT_SOURCE_DIR}/native_e2e	UNRESOLVED_EXPRESSION	1	FALSE	FALSE	FALSE	4	UNRESOLVED_EXPRESSION
quickjs_static	F:/~dev/rawrxd/CMakeLists.txt	35452	 arge _link_libraries RawrXD-Win32IDE PRIVATE ${RE_DEOBF_OBJECTS}	target_link_libraries RawrXD-Win32IDE PRIVATE ${RE_DEOBF_OBJECTS}	UNRESOLVED_EXPRESSION	1	FALSE	FALSE	FALSE	4	UNRESOLVED_EXPRESSION
quickjs_static	F:/~dev/rawrxd/CMakeLists.txt	35467	${CMAKE_CURRENT_SOURCE_DIR}/src	${CMAKE_CURRENT_SOURCE_DIR}/src	UNRESOLVED_EXPRESSION	1	FALSE	FALSE	FALSE	3	UNRESOLVED_EXPRESSION
quickjs_static	F:/~dev/rawrxd/CMakeLists.txt	35468	${CMAKE_CURRENT_SOURCE_DIR}/src/engine	${CMAKE_CURRENT_SOURCE_DIR}/src/engine	UNRESOLVED_EXPRESSION	1	FALSE	FALSE	FALSE	3	UNRESOLVED_EXPRESSION
quickjs_static	F:/~dev/rawrxd/CMakeLists.txt	35469	${CMAKE_CURRENT_SOURCE_DIR}/src/core	${CMAKE_CURRENT_SOURCE_DIR}/src/core	UNRESOLVED_EXPRESSION	1	FALSE	FALSE	FALSE	3	UNRESOLVED_EXPRESSION
quickjs_static	F:/~dev/rawrxd/CMakeLists.txt	35470	${CMAKE_CURRENT_SOURCE_DIR}/src/server	${CMAKE_CURRENT_SOURCE_DIR}/src/server	UNRESOLVED_EXPRESSION	1	FALSE	FALSE	FALSE	3	UNRESOLVED_EXPRESSION
quickjs_static	F:/~dev/rawrxd/CMakeLists.txt	35471	${CMAKE_CURRENT_SOURCE_DIR}/src/agen 	${CMAKE_CURRENT_SOURCE_DIR}/src/agent	UNRESOLVED_EXPRESSION	1	FALSE	FALSE	FALSE	3	UNRESOLVED_EXPRESSION
quickjs_static	F:/~dev/rawrxd/CMakeLists.txt	35472	${CMAKE_CURRENT_SOURCE_DIR}/src/agen ic	${CMAKE_CURRENT_SOURCE_DIR}/src/agentic	UNRESOLVED_EXPRESSION	1	FALSE	FALSE	FALSE	3	UNRESOLVED_EXPRESSION
quickjs_static	F:/~dev/rawrxd/CMakeLists.txt	35473	${CMAKE_CURRENT_SOURCE_DIR}/src/cli	${CMAKE_CURRENT_SOURCE_DIR}/src/cli	UNRESOLVED_EXPRESSION	1	FALSE	FALSE	FALSE	3	UNRESOLVED_EXPRESSION
quickjs_static	F:/~dev/rawrxd/CMakeLists.txt	35474	${CMAKE_CURRENT_SOURCE_DIR}/src/win32app	${CMAKE_CURRENT_SOURCE_DIR}/src/win32app	UNRESOLVED_EXPRESSION	1	FALSE	FALSE	FALSE	3	UNRESOLVED_EXPRESSION
quickjs_static	F:/~dev/rawrxd/CMakeLists.txt	35475	${CMAKE_CURRENT_SOURCE_DIR}/src/modules	${CMAKE_CURRENT_SOURCE_DIR}/src/modules	UNRESOLVED_EXPRESSION	1	FALSE	FALSE	FALSE	3	UNRESOLVED_EXPRESSION
quickjs_static	F:/~dev/rawrxd/CMakeLists.txt	35476	${CMAKE_CURRENT_SOURCE_DIR}/src/u ils	${CMAKE_CURRENT_SOURCE_DIR}/src/utils	UNRESOLVED_EXPRESSION	1	FALSE	FALSE	FALSE	3	UNRESOLVED_EXPRESSION
quickjs_static	F:/~dev/rawrxd/CMakeLists.txt	35477	${CMAKE_CURRENT_SOURCE_DIR}/src/config	${CMAKE_CURRENT_SOURCE_DIR}/src/config	UNRESOLVED_EXPRESSION	1	FALSE	FALSE	FALSE	3	UNRESOLVED_EXPRESSION
quickjs_static	F:/~dev/rawrxd/CMakeLists.txt	35478	${CMAKE_CURRENT_SOURCE_DIR}/src/asm	${CMAKE_CURRENT_SOURCE_DIR}/src/asm	UNRESOLVED_EXPRESSION	1	FALSE	FALSE	FALSE	3	UNRESOLVED_EXPRESSION
quickjs_static	F:/~dev/rawrxd/CMakeLists.txt	35479	${CMAKE_CURRENT_SOURCE_DIR}/src/lsp	${CMAKE_CURRENT_SOURCE_DIR}/src/lsp	UNRESOLVED_EXPRESSION	1	FALSE	FALSE	FALSE	3	UNRESOLVED_EXPRESSION
quickjs_static	F:/~dev/rawrxd/CMakeLists.txt	35480	${CMAKE_CURRENT_SOURCE_DIR}/src/plugin_sys em	${CMAKE_CURRENT_SOURCE_DIR}/src/plugin_system	UNRESOLVED_EXPRESSION	1	FALSE	FALSE	FALSE	3	UNRESOLVED_EXPRESSION
quickjs_static	F:/~dev/rawrxd/CMakeLists.txt	35481	${CMAKE_CURRENT_SOURCE_DIR}/src/ide	${CMAKE_CURRENT_SOURCE_DIR}/src/ide	UNRESOLVED_EXPRESSION	1	FALSE	FALSE	FALSE	3	UNRESOLVED_EXPRESSION
quickjs_static	F:/~dev/rawrxd/CMakeLists.txt	35482	${CMAKE_CURRENT_SOURCE_DIR}/src/llm_adap er	${CMAKE_CURRENT_SOURCE_DIR}/src/llm_adapter	UNRESOLVED_EXPRESSION	1	FALSE	FALSE	FALSE	3	UNRESOLVED_EXPRESSION
quickjs_static	F:/~dev/rawrxd/CMakeLists.txt	35483	${CMAKE_CURRENT_SOURCE_DIR}/src/au h	${CMAKE_CURRENT_SOURCE_DIR}/src/auth	UNRESOLVED_EXPRESSION	1	FALSE	FALSE	FALSE	3	UNRESOLVED_EXPRESSION
quickjs_static	F:/~dev/rawrxd/CMakeLists.txt	35484	${CMAKE_CURRENT_SOURCE_DIR}/src/con ex 	${CMAKE_CURRENT_SOURCE_DIR}/src/context	UNRESOLVED_EXPRESSION	1	FALSE	FALSE	FALSE	3	UNRESOLVED_EXPRESSION
quickjs_static	F:/~dev/rawrxd/CMakeLists.txt	35485	${CMAKE_CURRENT_SOURCE_DIR}/src/mul imodal_engine	${CMAKE_CURRENT_SOURCE_DIR}/src/multimodal_engine	UNRESOLVED_EXPRESSION	1	FALSE	FALSE	FALSE	3	UNRESOLVED_EXPRESSION
quickjs_static	F:/~dev/rawrxd/CMakeLists.txt	35486	${CMAKE_CURRENT_SOURCE_DIR}/src/ eleme ry	${CMAKE_CURRENT_SOURCE_DIR}/src/telemetry	UNRESOLVED_EXPRESSION	1	FALSE	FALSE	FALSE	3	UNRESOLVED_EXPRESSION
quickjs_static	F:/~dev/rawrxd/CMakeLists.txt	35487	${CMAKE_CURRENT_SOURCE_DIR}/src/ui	${CMAKE_CURRENT_SOURCE_DIR}/src/ui	UNRESOLVED_EXPRESSION	1	FALSE	FALSE	FALSE	3	UNRESOLVED_EXPRESSION
quickjs_static	F:/~dev/rawrxd/CMakeLists.txt	35488	${CMAKE_CURRENT_SOURCE_DIR}/src/gi 	${CMAKE_CURRENT_SOURCE_DIR}/src/git	UNRESOLVED_EXPRESSION	1	FALSE	FALSE	FALSE	3	UNRESOLVED_EXPRESSION
quickjs_static	F:/~dev/rawrxd/CMakeLists.txt	35489	${CMAKE_CURRENT_SOURCE_DIR}/src/sovereign	${CMAKE_CURRENT_SOURCE_DIR}/src/sovereign	UNRESOLVED_EXPRESSION	1	FALSE	FALSE	FALSE	3	UNRESOLVED_EXPRESSION
quickjs_static	F:/~dev/rawrxd/CMakeLists.txt	35490	${CMAKE_CURRENT_SOURCE_DIR}/src/sovereign/spine	${CMAKE_CURRENT_SOURCE_DIR}/src/sovereign/spine	UNRESOLVED_EXPRESSION	1	FALSE	FALSE	FALSE	3	UNRESOLVED_EXPRESSION
quickjs_static	F:/~dev/rawrxd/CMakeLists.txt	35491	${CMAKE_CURRENT_SOURCE_DIR}/src/sovereign/ erminal	${CMAKE_CURRENT_SOURCE_DIR}/src/sovereign/terminal	UNRESOLVED_EXPRESSION	1	FALSE	FALSE	FALSE	3	UNRESOLVED_EXPRESSION
quickjs_static	F:/~dev/rawrxd/CMakeLists.txt	35492	${CMAKE_CURRENT_SOURCE_DIR}/src/sovereign/build	${CMAKE_CURRENT_SOURCE_DIR}/src/sovereign/build	UNRESOLVED_EXPRESSION	1	FALSE	FALSE	FALSE	3	UNRESOLVED_EXPRESSION
quickjs_static	F:/~dev/rawrxd/CMakeLists.txt	35493	${CMAKE_CURRENT_SOURCE_DIR}/src/sovereign/agen 	${CMAKE_CURRENT_SOURCE_DIR}/src/sovereign/agent	UNRESOLVED_EXPRESSION	1	FALSE	FALSE	FALSE	3	UNRESOLVED_EXPRESSION
quickjs_static	F:/~dev/rawrxd/CMakeLists.txt	35494	${CMAKE_CURRENT_SOURCE_DIR}/src/sovereign/bus	${CMAKE_CURRENT_SOURCE_DIR}/src/sovereign/bus	UNRESOLVED_EXPRESSION	1	FALSE	FALSE	FALSE	3	UNRESOLVED_EXPRESSION
quickjs_static	F:/~dev/rawrxd/CMakeLists.txt	35495	${CMAKE_CURRENT_SOURCE_DIR}/src/sovereign/compression	${CMAKE_CURRENT_SOURCE_DIR}/src/sovereign/compression	UNRESOLVED_EXPRESSION	1	FALSE	FALSE	FALSE	3	UNRESOLVED_EXPRESSION
quickjs_static	F:/~dev/rawrxd/CMakeLists.txt	35496	${CMAKE_CURRENT_SOURCE_DIR}/src/sovereign/awareness	${CMAKE_CURRENT_SOURCE_DIR}/src/sovereign/awareness	UNRESOLVED_EXPRESSION	1	FALSE	FALSE	FALSE	3	UNRESOLVED_EXPRESSION
quickjs_static	F:/~dev/rawrxd/CMakeLists.txt	35497	${CMAKE_CURRENT_SOURCE_DIR}/src/sovereign/valida or	${CMAKE_CURRENT_SOURCE_DIR}/src/sovereign/validator	UNRESOLVED_EXPRESSION	1	FALSE	FALSE	FALSE	3	UNRESOLVED_EXPRESSION
quickjs_static	F:/~dev/rawrxd/CMakeLists.txt	35498	${CMAKE_CURRENT_SOURCE_DIR}/src/sovereign/recovery	${CMAKE_CURRENT_SOURCE_DIR}/src/sovereign/recovery	UNRESOLVED_EXPRESSION	1	FALSE	FALSE	FALSE	3	UNRESOLVED_EXPRESSION
quickjs_static	F:/~dev/rawrxd/CMakeLists.txt	35499	${CMAKE_CURRENT_SOURCE_DIR}/src/sovereign/con rol	${CMAKE_CURRENT_SOURCE_DIR}/src/sovereign/control	UNRESOLVED_EXPRESSION	1	FALSE	FALSE	FALSE	3	UNRESOLVED_EXPRESSION
quickjs_static	F:/~dev/rawrxd/CMakeLists.txt	35500	${CMAKE_CURRENT_SOURCE_DIR}/src/sovereign/capsule	${CMAKE_CURRENT_SOURCE_DIR}/src/sovereign/capsule	UNRESOLVED_EXPRESSION	1	FALSE	FALSE	FALSE	3	UNRESOLVED_EXPRESSION
quickjs_static	F:/~dev/rawrxd/CMakeLists.txt	35501	${CMAKE_CURRENT_SOURCE_DIR}/src/sovereign/ide	${CMAKE_CURRENT_SOURCE_DIR}/src/sovereign/ide	UNRESOLVED_EXPRESSION	1	FALSE	FALSE	FALSE	3	UNRESOLVED_EXPRESSION
quickjs_static	F:/~dev/rawrxd/CMakeLists.txt	35502	${CMAKE_CURRENT_SOURCE_DIR}/include	${CMAKE_CURRENT_SOURCE_DIR}/include	UNRESOLVED_EXPRESSION	1	FALSE	FALSE	FALSE	3	UNRESOLVED_EXPRESSION
quickjs_static	F:/~dev/rawrxd/CMakeLists.txt	35507	$<$<COMPILE_LANGUAGE:CXX>:/EHsc /W0 /arch:AVX2 /Zi>	$<$<COMPILE_LANGUAGE:CXX>:/EHsc /W0 /arch:AVX2 /Zi>	UNRESOLVED_EXPRESSION	1	FALSE	FALSE	FALSE	4	UNRESOLVED_EXPRESSION
quickjs_static	F:/~dev/rawrxd/CMakeLists.txt	35509	$<$<AND:$<COMPILE_LANGUAGE:CXX> $<NOT:$<CONFIG:Debug>>>:/O2>	$<$<AND:$<COMPILE_LANGUAGE:CXX> $<NOT:$<CONFIG:Debug>>>:/O2>	UNRESOLVED_EXPRESSION	1	FALSE	FALSE	FALSE	4	UNRESOLVED_EXPRESSION
quickjs_static	F:/~dev/rawrxd/CMakeLists.txt	35519	${CMAKE_BINARY_DIR}/bin	${CMAKE_BINARY_DIR}/bin	UNRESOLVED_EXPRESSION	1	FALSE	FALSE	FALSE	3	UNRESOLVED_EXPRESSION
quickjs_static	F:/~dev/rawrxd/CMakeLists.txt	35521	${CMAKE_BINARY_DIR}/bin	${CMAKE_BINARY_DIR}/bin	UNRESOLVED_EXPRESSION	1	FALSE	FALSE	FALSE	3	UNRESOLVED_EXPRESSION
quickjs_static	F:/~dev/rawrxd/CMakeLists.txt	35539	if TARGET ${_rawrxd_link_ arge }	if TARGET ${_rawrxd_link_target}	UNRESOLVED_EXPRESSION	1	FALSE	FALSE	FALSE	4	UNRESOLVED_EXPRESSION
quickjs_static	F:/~dev/rawrxd/CMakeLists.txt	35540	ge _ arge _proper y _rawrxd_link_libs ${_rawrxd_link_ arge } LINK_LIBRARIES	get_target_property _rawrxd_link_libs ${_rawrxd_link_target} LINK_LIBRARIES	UNRESOLVED_EXPRESSION	1	FALSE	FALSE	FALSE	4	UNRESOLVED_EXPRESSION
quickjs_static	F:/~dev/rawrxd/CMakeLists.txt	35543	se _ arge _proper ies ${_rawrxd_link_ arge } PROPERTIES	set_target_properties ${_rawrxd_link_target} PROPERTIES	UNRESOLVED_EXPRESSION	1	FALSE	FALSE	FALSE	5	UNRESOLVED_EXPRESSION
quickjs_static	F:/~dev/rawrxd/CMakeLists.txt	35544	${_rawrxd_link_libs}	${_rawrxd_link_libs}	UNRESOLVED_EXPRESSION	1	FALSE	FALSE	FALSE	5	UNRESOLVED_EXPRESSION
quickjs_static	F:/~dev/rawrxd/CMakeLists.txt	35554	include ${CMAKE_CURRENT_SOURCE_DIR}/cmake/RawrXD_Produc 100.cmake	include ${CMAKE_CURRENT_SOURCE_DIR}/cmake/RawrXD_Product100.cmake	UNRESOLVED_EXPRESSION	1	FALSE	FALSE	FALSE	3	UNRESOLVED_EXPRESSION
quickjs_static	F:/~dev/rawrxd/CMakeLists.txt	35569	${CMAKE_CURRENT_SOURCE_DIR}/src/securi y/uac_bypass_impl_s ub.cpp	${CMAKE_CURRENT_SOURCE_DIR}/src/security/uac_bypass_impl_stub.cpp	UNRESOLVED_EXPRESSION	1	FALSE	FALSE	FALSE	3	UNRESOLVED_EXPRESSION
qwen35_attn_contract	F:/~dev/rawrxd/CMakeLists.txt	48342	${CMAKE_SOURCE_DIR}/src/deep2	${CMAKE_SOURCE_DIR}/src/deep2	UNRESOLVED_EXPRESSION	1	FALSE	FALSE	FALSE	4	UNRESOLVED_EXPRESSION
qwen35_attn_contract	F:/~dev/rawrxd/CMakeLists.txt	48343	${CMAKE_SOURCE_DIR}/include	${CMAKE_SOURCE_DIR}/include	UNRESOLVED_EXPRESSION	1	FALSE	FALSE	FALSE	4	UNRESOLVED_EXPRESSION
qwen35_attn_contract	F:/~dev/rawrxd/CMakeLists.txt	48346	RUNTIME_OUTPUT_DIRECTORY ${CMAKE_BINARY_DIR}/bin	RUNTIME_OUTPUT_DIRECTORY ${CMAKE_BINARY_DIR}/bin	UNRESOLVED_EXPRESSION	1	FALSE	FALSE	FALSE	4	UNRESOLVED_EXPRESSION
rawr	F:/~dev/rawrxd/CMakeLists.txt	42584	$<$<NOT:$<CONFIG:Debug>>:/O2> /arch:AVX512 /EHsc /W4 /s d:c++20	$<$<NOT:$<CONFIG:Debug>>:/O2> /arch:AVX512 /EHsc /W4 /std:c++20	UNRESOLVED_EXPRESSION	1	FALSE	FALSE	FALSE	5	UNRESOLVED_EXPRESSION
rawr	F:/~dev/rawrxd/CMakeLists.txt	42587	${CMAKE_SOURCE_DIR}/src ${CMAKE_SOURCE_DIR}/src/deep2	${CMAKE_SOURCE_DIR}/src ${CMAKE_SOURCE_DIR}/src/deep2	UNRESOLVED_EXPRESSION	1	FALSE	FALSE	FALSE	4	UNRESOLVED_EXPRESSION
rawr	F:/~dev/rawrxd/CMakeLists.txt	42588	${CMAKE_SOURCE_DIR}/include	${CMAKE_SOURCE_DIR}/include	UNRESOLVED_EXPRESSION	1	FALSE	FALSE	FALSE	4	UNRESOLVED_EXPRESSION
rawr	F:/~dev/rawrxd/CMakeLists.txt	42590	RUNTIME_OUTPUT_DIRECTORY ${CMAKE_BINARY_DIR}/bin	RUNTIME_OUTPUT_DIRECTORY ${CMAKE_BINARY_DIR}/bin	UNRESOLVED_EXPRESSION	1	FALSE	FALSE	FALSE	4	UNRESOLVED_EXPRESSION
rawr	F:/~dev/rawrxd/CMakeLists.txt	42592	Mul iThreaded$<$<CONFIG:Debug>:Debug>	MultiThreaded$<$<CONFIG:Debug>:Debug>	UNRESOLVED_EXPRESSION	1	FALSE	FALSE	FALSE	4	UNRESOLVED_EXPRESSION
rawr	F:/~dev/rawrxd/CMakeLists.txt	42613	${CMAKE_CURRENT_SOURCE_DIR}/src/deep2/deep2_k2_useful_ ps_001.cpp	${CMAKE_CURRENT_SOURCE_DIR}/src/deep2/deep2_k2_useful_tps_001.cpp	UNRESOLVED_EXPRESSION	1	FALSE	FALSE	FALSE	4	UNRESOLVED_EXPRESSION
rawr	F:/~dev/rawrxd/cmake/RawrProductLayer.fragment.cmake	157	 arge _sources rawr PRIVATE ${RAWR_PRODUCT_ASM_OBJS}	target_sources rawr PRIVATE ${RAWR_PRODUCT_ASM_OBJS}	UNRESOLVED_EXPRESSION	1	FALSE	FALSE	FALSE	2	UNRESOLVED_EXPRESSION
rawr	F:/~dev/rawrxd/cmake/RawrRemainingStyleCli.fragment.cmake	37	 arge _sources rawr PRIVATE ${RAWR_STYLE_SOURCES}	target_sources rawr PRIVATE ${RAWR_STYLE_SOURCES}	UNRESOLVED_EXPRESSION	1	FALSE	FALSE	FALSE	2	UNRESOLVED_EXPRESSION
rawr	F:/~dev/rawrxd/cmake/RawrRemainingStyleCli.fragment.cmake	39	${CMAKE_SOURCE_DIR}/src/cli/s yle	${CMAKE_SOURCE_DIR}/src/cli/style	UNRESOLVED_EXPRESSION	1	FALSE	FALSE	FALSE	2	UNRESOLVED_EXPRESSION
rawr-server	F:/~dev/rawrxd/CMakeLists.txt	42811	${CMAKE_SOURCE_DIR}/src ${CMAKE_SOURCE_DIR}/src/deep2	${CMAKE_SOURCE_DIR}/src ${CMAKE_SOURCE_DIR}/src/deep2	UNRESOLVED_EXPRESSION	1	FALSE	FALSE	FALSE	3	UNRESOLVED_EXPRESSION
rawr-server	F:/~dev/rawrxd/CMakeLists.txt	42812	${CMAKE_SOURCE_DIR}/include	${CMAKE_SOURCE_DIR}/include	UNRESOLVED_EXPRESSION	1	FALSE	FALSE	FALSE	3	UNRESOLVED_EXPRESSION
rawr-server	F:/~dev/rawrxd/CMakeLists.txt	42814	RUNTIME_OUTPUT_DIRECTORY ${CMAKE_BINARY_DIR}/bin	RUNTIME_OUTPUT_DIRECTORY ${CMAKE_BINARY_DIR}/bin	UNRESOLVED_EXPRESSION	1	FALSE	FALSE	FALSE	3	UNRESOLVED_EXPRESSION
rawr-server	F:/~dev/rawrxd/CMakeLists.txt	42816	Mul iThreaded$<$<CONFIG:Debug>:Debug>	MultiThreaded$<$<CONFIG:Debug>:Debug>	UNRESOLVED_EXPRESSION	1	FALSE	FALSE	FALSE	3	UNRESOLVED_EXPRESSION
rawr_termctl	F:/~dev/rawrxd/cmake/RawrBackgroundTerminals.fragment.cmake	31	src/cli/ erminal/rawr_ ermc l_main.cpp ${RAWR_TERM_COMMON}	src/cli/terminal/rawr_termctl_main.cpp ${RAWR_TERM_COMMON}	UNRESOLVED_EXPRESSION	1	FALSE	FALSE	FALSE	1	UNRESOLVED_EXPRESSION
rawr_terminal_host	F:/~dev/rawrxd/cmake/RawrBackgroundTerminals.fragment.cmake	29	src/cli/ erminal/rawr_ erm_hos _main.cpp ${RAWR_TERM_COMMON}	src/cli/terminal/rawr_term_host_main.cpp ${RAWR_TERM_COMMON}	UNRESOLVED_EXPRESSION	1	FALSE	FALSE	FALSE	1	UNRESOLVED_EXPRESSION
rawrxd	F:/~dev/rawrxd/CMakeLists.txt	105522	${CMAKE_SOURCE_DIR}	${CMAKE_SOURCE_DIR}	UNRESOLVED_EXPRESSION	1	FALSE	FALSE	FALSE	5	UNRESOLVED_EXPRESSION
rawrxd	F:/~dev/rawrxd/CMakeLists.txt	105523	${CMAKE_SOURCE_DIR}/src	${CMAKE_SOURCE_DIR}/src	UNRESOLVED_EXPRESSION	1	FALSE	FALSE	FALSE	5	UNRESOLVED_EXPRESSION
rawrxd	F:/~dev/rawrxd/CMakeLists.txt	105524	${CMAKE_SOURCE_DIR}/include	${CMAKE_SOURCE_DIR}/include	UNRESOLVED_EXPRESSION	1	FALSE	FALSE	FALSE	5	UNRESOLVED_EXPRESSION
rawrxd	F:/~dev/rawrxd/CMakeLists.txt	105525	${CMAKE_SOURCE_DIR}/include/sovereign	${CMAKE_SOURCE_DIR}/include/sovereign	UNRESOLVED_EXPRESSION	1	FALSE	FALSE	FALSE	5	UNRESOLVED_EXPRESSION
rawrxd	F:/~dev/rawrxd/CMakeLists.txt	105526	${CMAKE_SOURCE_DIR}/src/run ime/governance	${CMAKE_SOURCE_DIR}/src/runtime/governance	UNRESOLVED_EXPRESSION	1	FALSE	FALSE	FALSE	5	UNRESOLVED_EXPRESSION
rawrxd	F:/~dev/rawrxd/CMakeLists.txt	105604	${CMAKE_SOURCE_DIR}/src/run ime	${CMAKE_SOURCE_DIR}/src/runtime	UNRESOLVED_EXPRESSION	1	FALSE	FALSE	FALSE	6	UNRESOLVED_EXPRESSION
rawrxd	F:/~dev/rawrxd/CMakeLists.txt	105605	${CMAKE_SOURCE_DIR}/src/run ime/memory	${CMAKE_SOURCE_DIR}/src/runtime/memory	UNRESOLVED_EXPRESSION	1	FALSE	FALSE	FALSE	6	UNRESOLVED_EXPRESSION
rawrxd	F:/~dev/rawrxd/CMakeLists.txt	105626	RUNTIME_OUTPUT_DIRECTORY ${CMAKE_BINARY_DIR}/bin	RUNTIME_OUTPUT_DIRECTORY ${CMAKE_BINARY_DIR}/bin	UNRESOLVED_EXPRESSION	1	FALSE	FALSE	FALSE	5	UNRESOLVED_EXPRESSION
rawrxd	F:/~dev/rawrxd/cmake/Phase21_HardenedMASM.cmake	148	 arge _sources rawrxd PRIVATE $<TARGET_OBJECTS:lora_kernel>	target_sources rawrxd PRIVATE $<TARGET_OBJECTS:lora_kernel>	UNRESOLVED_EXPRESSION	1	FALSE	FALSE	FALSE	1	UNRESOLVED_EXPRESSION
rawrxd	F:/~dev/rawrxd/cmake/Phase21_HardenedMASM.cmake	150	${CMAKE_CURRENT_SOURCE_DIR}/src/lora	${CMAKE_CURRENT_SOURCE_DIR}/src/lora	UNRESOLVED_EXPRESSION	1	FALSE	FALSE	FALSE	1	UNRESOLVED_EXPRESSION
rawrxd	F:/~dev/rawrxd/cmake/Phase21_HardenedMASM.cmake	151	${CMAKE_BINARY_DIR}/genera ed	${CMAKE_BINARY_DIR}/generated	UNRESOLVED_EXPRESSION	1	FALSE	FALSE	FALSE	1	UNRESOLVED_EXPRESSION
rawrxd-cli-full	F:/~dev/rawrxd/CMakeLists.txt	1028	 arge _link_direc ories rawrxd-cli-full PRIVATE ${_RAWR_MSVC_LIBPATHS}	target_link_directories rawrxd-cli-full PRIVATE ${_RAWR_MSVC_LIBPATHS}	UNRESOLVED_EXPRESSION	1	FALSE	FALSE	FALSE	2	UNRESOLVED_EXPRESSION
rawrxd-cli-full	F:/~dev/rawrxd/CMakeLists.txt	1031	${_rawr_lib}	${_rawr_lib}	UNRESOLVED_EXPRESSION	1	FALSE	FALSE	FALSE	3	UNRESOLVED_EXPRESSION
rawrxd-cli-full	F:/~dev/rawrxd/CMakeLists.txt	1032	 arge _link_op ions rawrxd-cli-full PRIVATE  ${_rawr_lib}\	target_link_options rawrxd-cli-full PRIVATE  ${_rawr_lib}/	UNRESOLVED_EXPRESSION	1	FALSE	FALSE	FALSE	3	UNRESOLVED_EXPRESSION
rawrxd-cli-full	F:/~dev/rawrxd/CMakeLists.txt	1033	lis  APPEND _RAWR_CLI_LIBPATHS  ${_rawr_lib}\	list APPEND _RAWR_CLI_LIBPATHS  ${_rawr_lib}/	UNRESOLVED_EXPRESSION	1	FALSE	FALSE	FALSE	3	UNRESOLVED_EXPRESSION
rawrxd-cli-full	F:/~dev/rawrxd/CMakeLists.txt	1037	${_RAWR_CLI_LIBPATHS}	${_RAWR_CLI_LIBPATHS}	UNRESOLVED_EXPRESSION	1	FALSE	FALSE	FALSE	3	UNRESOLVED_EXPRESSION
rawrxd-cli-full	F:/~dev/rawrxd/CMakeLists.txt	1038	 ${_RAWR_CLI_LIBPATHS_STR}	 ${_RAWR_CLI_LIBPATHS_STR}	UNRESOLVED_EXPRESSION	1	FALSE	FALSE	FALSE	3	UNRESOLVED_EXPRESSION
rawrxd-cli-full	F:/~dev/rawrxd/CMakeLists.txt	1052	${CMAKE_SOURCE_DIR}/src/config	${CMAKE_SOURCE_DIR}/src/config	UNRESOLVED_EXPRESSION	1	FALSE	FALSE	FALSE	1	UNRESOLVED_EXPRESSION
rawrxd-cli-full	F:/~dev/rawrxd/CMakeLists.txt	1053	${CMAKE_SOURCE_DIR}/src/win32app	${CMAKE_SOURCE_DIR}/src/win32app	UNRESOLVED_EXPRESSION	1	FALSE	FALSE	FALSE	1	UNRESOLVED_EXPRESSION
rawrxd-cli-full	F:/~dev/rawrxd/CMakeLists.txt	1054	${CMAKE_SOURCE_DIR}/src/core	${CMAKE_SOURCE_DIR}/src/core	UNRESOLVED_EXPRESSION	1	FALSE	FALSE	FALSE	1	UNRESOLVED_EXPRESSION
rawrxd-cli-full	F:/~dev/rawrxd/CMakeLists.txt	1055	${CMAKE_SOURCE_DIR}/src/cli	${CMAKE_SOURCE_DIR}/src/cli	UNRESOLVED_EXPRESSION	1	FALSE	FALSE	FALSE	1	UNRESOLVED_EXPRESSION
rawrxd-cli-full	F:/~dev/rawrxd/CMakeLists.txt	1056	${CMAKE_SOURCE_DIR}/src/full_agen ic_ide	${CMAKE_SOURCE_DIR}/src/full_agentic_ide	UNRESOLVED_EXPRESSION	1	FALSE	FALSE	FALSE	1	UNRESOLVED_EXPRESSION
rawrxd-cli-full	F:/~dev/rawrxd/CMakeLists.txt	1057	${CMAKE_SOURCE_DIR}/src/modules	${CMAKE_SOURCE_DIR}/src/modules	UNRESOLVED_EXPRESSION	1	FALSE	FALSE	FALSE	1	UNRESOLVED_EXPRESSION
rawrxd-cli-full	F:/~dev/rawrxd/CMakeLists.txt	1058	${CMAKE_SOURCE_DIR}/src/deep2	${CMAKE_SOURCE_DIR}/src/deep2	UNRESOLVED_EXPRESSION	1	FALSE	FALSE	FALSE	1	UNRESOLVED_EXPRESSION
rawrxd-cli-full	F:/~dev/rawrxd/CMakeLists.txt	1059	${CMAKE_SOURCE_DIR}/src/u ils	${CMAKE_SOURCE_DIR}/src/utils	UNRESOLVED_EXPRESSION	1	FALSE	FALSE	FALSE	1	UNRESOLVED_EXPRESSION
rawrxd-cli-full	F:/~dev/rawrxd/CMakeLists.txt	1060	${CMAKE_SOURCE_DIR}/src/backend	${CMAKE_SOURCE_DIR}/src/backend	UNRESOLVED_EXPRESSION	1	FALSE	FALSE	FALSE	1	UNRESOLVED_EXPRESSION
rawrxd-cli-full	F:/~dev/rawrxd/CMakeLists.txt	1061	${CMAKE_SOURCE_DIR}/include	${CMAKE_SOURCE_DIR}/include	UNRESOLVED_EXPRESSION	1	FALSE	FALSE	FALSE	1	UNRESOLVED_EXPRESSION
rawrxd-cli-full	F:/~dev/rawrxd/CMakeLists.txt	1062	${CMAKE_SOURCE_DIR}/src	${CMAKE_SOURCE_DIR}/src	UNRESOLVED_EXPRESSION	1	FALSE	FALSE	FALSE	1	UNRESOLVED_EXPRESSION
rawrxd-cli-full	F:/~dev/rawrxd/CMakeLists.txt	1063	${CMAKE_SOURCE_DIR}/src/agen ic	${CMAKE_SOURCE_DIR}/src/agentic	UNRESOLVED_EXPRESSION	1	FALSE	FALSE	FALSE	1	UNRESOLVED_EXPRESSION
rawrxd-cli-full	F:/~dev/rawrxd/CMakeLists.txt	1064	${CMAKE_SOURCE_DIR}/src/ho pa ch	${CMAKE_SOURCE_DIR}/src/hotpatch	UNRESOLVED_EXPRESSION	1	FALSE	FALSE	FALSE	1	UNRESOLVED_EXPRESSION
rawrxd-cli-full	F:/~dev/rawrxd/CMakeLists.txt	1085	${CMAKE_SOURCE_DIR}/src/deep2	${CMAKE_SOURCE_DIR}/src/deep2	UNRESOLVED_EXPRESSION	1	FALSE	FALSE	FALSE	1	UNRESOLVED_EXPRESSION
rawrxd-cli-full	F:/~dev/rawrxd/CMakeLists.txt	1086	${CMAKE_SOURCE_DIR}/include	${CMAKE_SOURCE_DIR}/include	UNRESOLVED_EXPRESSION	1	FALSE	FALSE	FALSE	1	UNRESOLVED_EXPRESSION
rawrxd-cli-full	F:/~dev/rawrxd/CMakeLists.txt	1098	[rawrxd] Vulkan SDK: ${RAWR_VULKAN_SDK_ROOT}	[rawrxd] Vulkan SDK: ${RAWR_VULKAN_SDK_ROOT}	UNRESOLVED_EXPRESSION	1	FALSE	FALSE	FALSE	2	UNRESOLVED_EXPRESSION
rawrxd-cli-full	F:/~dev/rawrxd/CMakeLists.txt	1099	${RAWR_VULKAN_INCLUDE}	${RAWR_VULKAN_INCLUDE}	UNRESOLVED_EXPRESSION	1	FALSE	FALSE	FALSE	2	UNRESOLVED_EXPRESSION
rawrxd-cli-full	F:/~dev/rawrxd/CMakeLists.txt	1100	${RAWR_VULKAN_SDK_ROOT}/Lib	${RAWR_VULKAN_SDK_ROOT}/Lib	UNRESOLVED_EXPRESSION	1	FALSE	FALSE	FALSE	2	UNRESOLVED_EXPRESSION
rawrxd-cli-full	F:/~dev/rawrxd/CMakeLists.txt	1101	${RAWR_VULKAN_LIB}	${RAWR_VULKAN_LIB}	UNRESOLVED_EXPRESSION	1	FALSE	FALSE	FALSE	2	UNRESOLVED_EXPRESSION
rawrxd-cli-full	F:/~dev/rawrxd/CMakeLists.txt	1105	 arge _include_direc ories rawrxd-cli-full PRIVATE ${VULKAN_INCLUDE_DIR}	target_include_directories rawrxd-cli-full PRIVATE ${VULKAN_INCLUDE_DIR}	UNRESOLVED_EXPRESSION	1	FALSE	FALSE	FALSE	2	UNRESOLVED_EXPRESSION
rawrxd-cli-full	F:/~dev/rawrxd/CMakeLists.txt	1110	 arge _include_direc ories rawrxd-cli-full PRIVATE ${VULKAN_INCLUDE_DIRS}	target_include_directories rawrxd-cli-full PRIVATE ${VULKAN_INCLUDE_DIRS}	UNRESOLVED_EXPRESSION	1	FALSE	FALSE	FALSE	2	UNRESOLVED_EXPRESSION
rawrxd-cli-full	F:/~dev/rawrxd/CMakeLists.txt	1145	${CMAKE_CURRENT_SOURCE_DIR}/src/serve/rawrxd_serve.cpp	${CMAKE_CURRENT_SOURCE_DIR}/src/serve/rawrxd_serve.cpp	UNRESOLVED_EXPRESSION	1	FALSE	FALSE	FALSE	2	UNRESOLVED_EXPRESSION
rawrxd-serve	F:/~dev/rawrxd/CMakeLists.txt	1182	RUNTIME_OUTPUT_DIRECTORY ${CMAKE_BINARY_DIR}/bin	RUNTIME_OUTPUT_DIRECTORY ${CMAKE_BINARY_DIR}/bin	UNRESOLVED_EXPRESSION	1	FALSE	FALSE	FALSE	2	UNRESOLVED_EXPRESSION
rawrxd-serve	F:/~dev/rawrxd/CMakeLists.txt	1183	Mul iThreaded$<$<CONFIG:Debug>:Debug>	MultiThreaded$<$<CONFIG:Debug>:Debug>	UNRESOLVED_EXPRESSION	1	FALSE	FALSE	FALSE	2	UNRESOLVED_EXPRESSION
rawrxd-serve	F:/~dev/rawrxd/CMakeLists.txt	1186	${CMAKE_SOURCE_DIR}	${CMAKE_SOURCE_DIR}	UNRESOLVED_EXPRESSION	1	FALSE	FALSE	FALSE	2	UNRESOLVED_EXPRESSION
rawrxd-serve	F:/~dev/rawrxd/CMakeLists.txt	1187	${CMAKE_SOURCE_DIR}/src	${CMAKE_SOURCE_DIR}/src	UNRESOLVED_EXPRESSION	1	FALSE	FALSE	FALSE	2	UNRESOLVED_EXPRESSION
rawrxd-serve	F:/~dev/rawrxd/CMakeLists.txt	1188	${CMAKE_SOURCE_DIR}/src/inference	${CMAKE_SOURCE_DIR}/src/inference	UNRESOLVED_EXPRESSION	1	FALSE	FALSE	FALSE	2	UNRESOLVED_EXPRESSION
rawrxd-serve	F:/~dev/rawrxd/CMakeLists.txt	1189	${CMAKE_SOURCE_DIR}/src/engine	${CMAKE_SOURCE_DIR}/src/engine	UNRESOLVED_EXPRESSION	1	FALSE	FALSE	FALSE	2	UNRESOLVED_EXPRESSION
rawrxd-serve	F:/~dev/rawrxd/CMakeLists.txt	1190	${CMAKE_SOURCE_DIR}/src/core	${CMAKE_SOURCE_DIR}/src/core	UNRESOLVED_EXPRESSION	1	FALSE	FALSE	FALSE	2	UNRESOLVED_EXPRESSION
rawrxd-serve	F:/~dev/rawrxd/CMakeLists.txt	1191	${CMAKE_SOURCE_DIR}/src/codec	${CMAKE_SOURCE_DIR}/src/codec	UNRESOLVED_EXPRESSION	1	FALSE	FALSE	FALSE	2	UNRESOLVED_EXPRESSION
rawrxd-serve	F:/~dev/rawrxd/CMakeLists.txt	1192	${CMAKE_SOURCE_DIR}/include	${CMAKE_SOURCE_DIR}/include	UNRESOLVED_EXPRESSION	1	FALSE	FALSE	FALSE	2	UNRESOLVED_EXPRESSION
rawrxd-serve	F:/~dev/rawrxd/CMakeLists.txt	1193	${CMAKE_SOURCE_DIR}/src/masm	${CMAKE_SOURCE_DIR}/src/masm	UNRESOLVED_EXPRESSION	1	FALSE	FALSE	FALSE	2	UNRESOLVED_EXPRESSION
rawrxd-serve	F:/~dev/rawrxd/CMakeLists.txt	1194	${CMAKE_SOURCE_DIR}/src/run ime/governance	${CMAKE_SOURCE_DIR}/src/runtime/governance	UNRESOLVED_EXPRESSION	1	FALSE	FALSE	FALSE	2	UNRESOLVED_EXPRESSION
rawrxd-serve	F:/~dev/rawrxd/CMakeLists.txt	1195	${RAWR_VULKAN_INCLUDE}	${RAWR_VULKAN_INCLUDE}	UNRESOLVED_EXPRESSION	1	FALSE	FALSE	FALSE	2	UNRESOLVED_EXPRESSION
rawrxd-serve	F:/~dev/rawrxd/CMakeLists.txt	1198	 arge _link_direc ories rawrxd-serve PRIVATE ${_RAWR_MSVC_LIBPATHS}	target_link_directories rawrxd-serve PRIVATE ${_RAWR_MSVC_LIBPATHS}	UNRESOLVED_EXPRESSION	1	FALSE	FALSE	FALSE	3	UNRESOLVED_EXPRESSION
rawrxd-serve	F:/~dev/rawrxd/CMakeLists.txt	1200	${_rawr_lib}	${_rawr_lib}	UNRESOLVED_EXPRESSION	1	FALSE	FALSE	FALSE	4	UNRESOLVED_EXPRESSION
rawrxd-serve	F:/~dev/rawrxd/CMakeLists.txt	1201	 arge _link_op ions rawrxd-serve PRIVATE  ${_rawr_lib}\	target_link_options rawrxd-serve PRIVATE  ${_rawr_lib}/	UNRESOLVED_EXPRESSION	1	FALSE	FALSE	FALSE	4	UNRESOLVED_EXPRESSION
rawrxd-serve	F:/~dev/rawrxd/CMakeLists.txt	1221	se _proper y TARGET rawrxd-serve APPEND_STRING PROPERTY LINK_FLAGS  ${_WIN10_SDK_ROOT}/Lib/${_SDK_UM_VER}/um/x64\	set_property TARGET rawrxd-serve APPEND_STRING PROPERTY LINK_FLAGS  ${_WIN10_SDK_ROOT}/Lib/${_SDK_UM_VER}/um/x64/	UNRESOLVED_EXPRESSION	1	FALSE	FALSE	FALSE	3	UNRESOLVED_EXPRESSION
rawrxd-serve	F:/~dev/rawrxd/CMakeLists.txt	1224	se _proper y TARGET rawrxd-serve APPEND_STRING PROPERTY LINK_FLAGS  ${_WIN10_SDK_ROOT}/Lib/${_SDK_UCRT_VER}/ucr /x64\	set_property TARGET rawrxd-serve APPEND_STRING PROPERTY LINK_FLAGS  ${_WIN10_SDK_ROOT}/Lib/${_SDK_UCRT_VER}/ucrt/x64/	UNRESOLVED_EXPRESSION	1	FALSE	FALSE	FALSE	3	UNRESOLVED_EXPRESSION
rawrxd-serve	F:/~dev/rawrxd/CMakeLists.txt	1227	se _proper y TARGET rawrxd-serve APPEND_STRING PROPERTY LINK_FLAGS  ${_MSVC_ROOT}/lib/x64\	set_property TARGET rawrxd-serve APPEND_STRING PROPERTY LINK_FLAGS  ${_MSVC_ROOT}/lib/x64/	UNRESOLVED_EXPRESSION	1	FALSE	FALSE	FALSE	3	UNRESOLVED_EXPRESSION
rawrxd_background_terminals_001	F:/~dev/rawrxd/cmake/RawrBackgroundTerminals.fragment.cmake	33	cer s/rawrxd_background_ erminals_001.cpp ${RAWR_TERM_COMMON}	certs/rawrxd_background_terminals_001.cpp ${RAWR_TERM_COMMON}	UNRESOLVED_EXPRESSION	1	FALSE	FALSE	FALSE	1	UNRESOLVED_EXPRESSION
rawrxd_background_terminals_001	F:/~dev/rawrxd/cmake/RawrBackgroundTerminals.fragment.cmake	34	${RAWR_TERM_ASM_OBJ}	${RAWR_TERM_ASM_OBJ}	UNRESOLVED_EXPRESSION	1	FALSE	FALSE	FALSE	1	UNRESOLVED_EXPRESSION
rawrxd_background_terminals_001	F:/~dev/rawrxd/cmake/RawrBackgroundTerminals.fragment.cmake	38	 arge _include_direc ories ${ } PRIVATE	target_include_directories ${t} PRIVATE	UNRESOLVED_EXPRESSION	1	FALSE	FALSE	FALSE	1	UNRESOLVED_EXPRESSION
rawrxd_background_terminals_001	F:/~dev/rawrxd/cmake/RawrBackgroundTerminals.fragment.cmake	39	${CMAKE_SOURCE_DIR}/src	${CMAKE_SOURCE_DIR}/src	UNRESOLVED_EXPRESSION	1	FALSE	FALSE	FALSE	1	UNRESOLVED_EXPRESSION
rawrxd_background_terminals_001	F:/~dev/rawrxd/cmake/RawrBackgroundTerminals.fragment.cmake	40	${CMAKE_SOURCE_DIR}/src/cli	${CMAKE_SOURCE_DIR}/src/cli	UNRESOLVED_EXPRESSION	1	FALSE	FALSE	FALSE	1	UNRESOLVED_EXPRESSION
rawrxd_background_terminals_001	F:/~dev/rawrxd/cmake/RawrBackgroundTerminals.fragment.cmake	41	${CMAKE_SOURCE_DIR}/src/cli/ erminal	${CMAKE_SOURCE_DIR}/src/cli/terminal	UNRESOLVED_EXPRESSION	1	FALSE	FALSE	FALSE	1	UNRESOLVED_EXPRESSION
rawrxd_background_terminals_001	F:/~dev/rawrxd/cmake/RawrBackgroundTerminals.fragment.cmake	42	${CMAKE_SOURCE_DIR}/src/pla form	${CMAKE_SOURCE_DIR}/src/platform	UNRESOLVED_EXPRESSION	1	FALSE	FALSE	FALSE	1	UNRESOLVED_EXPRESSION
rawrxd_background_terminals_001	F:/~dev/rawrxd/cmake/RawrBackgroundTerminals.fragment.cmake	44	 arge _compile_op ions ${ } PRIVATE /EHsc /W3 /s d:c++20	target_compile_options ${t} PRIVATE /EHsc /W3 /std:c++20	UNRESOLVED_EXPRESSION	1	FALSE	FALSE	FALSE	2	UNRESOLVED_EXPRESSION
rawrxd_background_terminals_001	F:/~dev/rawrxd/cmake/RawrBackgroundTerminals.fragment.cmake	46	se _ arge _proper ies ${ } PROPERTIES	set_target_properties ${t} PROPERTIES	UNRESOLVED_EXPRESSION	1	FALSE	FALSE	FALSE	1	UNRESOLVED_EXPRESSION
rawrxd_background_terminals_001	F:/~dev/rawrxd/cmake/RawrBackgroundTerminals.fragment.cmake	47	RUNTIME_OUTPUT_DIRECTORY ${CMAKE_BINARY_DIR}/bin	RUNTIME_OUTPUT_DIRECTORY ${CMAKE_BINARY_DIR}/bin	UNRESOLVED_EXPRESSION	1	FALSE	FALSE	FALSE	1	UNRESOLVED_EXPRESSION
rawrxd_background_terminals_001	F:/~dev/rawrxd/cmake/RawrBackgroundTerminals.fragment.cmake	48	Mul iThreaded$<$<CONFIG:Debug>:Debug>	MultiThreaded$<$<CONFIG:Debug>:Debug>	UNRESOLVED_EXPRESSION	1	FALSE	FALSE	FALSE	1	UNRESOLVED_EXPRESSION
rawrxd_beaconism_variants_001	F:/~dev/rawrxd/cmake/Interstellar.fragment.cmake	106	${CMAKE_SOURCE_DIR}/cer s/rawrxd_beaconism_varian s_001.cpp	${CMAKE_SOURCE_DIR}/certs/rawrxd_beaconism_variants_001.cpp	UNRESOLVED_EXPRESSION	1	FALSE	FALSE	FALSE	0	UNRESOLVED_EXPRESSION
rawrxd_beaconism_variants_001	F:/~dev/rawrxd/cmake/Interstellar.fragment.cmake	108	${CMAKE_SOURCE_DIR}	${CMAKE_SOURCE_DIR}	UNRESOLVED_EXPRESSION	1	FALSE	FALSE	FALSE	0	UNRESOLVED_EXPRESSION
rawrxd_beaconism_variants_001	F:/~dev/rawrxd/cmake/Interstellar.fragment.cmake	113	RUNTIME_OUTPUT_DIRECTORY ${CMAKE_BINARY_DIR}/bin	RUNTIME_OUTPUT_DIRECTORY ${CMAKE_BINARY_DIR}/bin	UNRESOLVED_EXPRESSION	1	FALSE	FALSE	FALSE	0	UNRESOLVED_EXPRESSION
rawrxd_beaconism_variants_001	F:/~dev/rawrxd/cmake/Interstellar.fragment.cmake	114	Mul iThreaded$<$<CONFIG:Debug>:Debug>	MultiThreaded$<$<CONFIG:Debug>:Debug>	UNRESOLVED_EXPRESSION	1	FALSE	FALSE	FALSE	0	UNRESOLVED_EXPRESSION
rawrxd_ceo_cli	F:/~dev/rawrxd/src/ceo/CMakeLists.txt	37	${CMAKE_SOURCE_DIR}/src/core/rawrxd_subsys em_api.cpp	${CMAKE_SOURCE_DIR}/src/core/rawrxd_subsystem_api.cpp	UNRESOLVED_EXPRESSION	1	FALSE	FALSE	FALSE	0	UNRESOLVED_EXPRESSION
rawrxd_ceo_cli	F:/~dev/rawrxd/src/ceo/CMakeLists.txt	49	${CMAKE_SOURCE_DIR}/src/core/rawrxd_subsys_modes_a.cpp	${CMAKE_SOURCE_DIR}/src/core/rawrxd_subsys_modes_a.cpp	UNRESOLVED_EXPRESSION	1	FALSE	FALSE	FALSE	0	UNRESOLVED_EXPRESSION
rawrxd_ceo_cli	F:/~dev/rawrxd/src/ceo/CMakeLists.txt	50	${CMAKE_SOURCE_DIR}/src/core/rawrxd_subsys_modes_b.cpp	${CMAKE_SOURCE_DIR}/src/core/rawrxd_subsys_modes_b.cpp	UNRESOLVED_EXPRESSION	1	FALSE	FALSE	FALSE	0	UNRESOLVED_EXPRESSION
rawrxd_ceo_cli	F:/~dev/rawrxd/src/ceo/CMakeLists.txt	51	${CMAKE_SOURCE_DIR}/src/core/rawrxd_subsys_modes_c.cpp	${CMAKE_SOURCE_DIR}/src/core/rawrxd_subsys_modes_c.cpp	UNRESOLVED_EXPRESSION	1	FALSE	FALSE	FALSE	0	UNRESOLVED_EXPRESSION
rawrxd_ceo_cli	F:/~dev/rawrxd/src/ceo/CMakeLists.txt	53	${CMAKE_SOURCE_DIR}/src/ceo/disk_recovery_s ubs.cpp	${CMAKE_SOURCE_DIR}/src/ceo/disk_recovery_stubs.cpp	UNRESOLVED_EXPRESSION	1	FALSE	FALSE	FALSE	0	UNRESOLVED_EXPRESSION
rawrxd_ceo_cli	F:/~dev/rawrxd/src/ceo/CMakeLists.txt	54	${CMAKE_SOURCE_DIR}/src/ceo/ceo_link_s ubs.cpp	${CMAKE_SOURCE_DIR}/src/ceo/ceo_link_stubs.cpp	UNRESOLVED_EXPRESSION	1	FALSE	FALSE	FALSE	0	UNRESOLVED_EXPRESSION
rawrxd_choreography_unbounded_001	F:/~dev/rawrxd/cmake/Interstellar.fragment.cmake	59	${CMAKE_SOURCE_DIR}/cer s/rawrxd_choreography_unbounded_001.cpp	${CMAKE_SOURCE_DIR}/certs/rawrxd_choreography_unbounded_001.cpp	UNRESOLVED_EXPRESSION	1	FALSE	FALSE	FALSE	0	UNRESOLVED_EXPRESSION
rawrxd_choreography_unbounded_001	F:/~dev/rawrxd/cmake/Interstellar.fragment.cmake	60	${CMAKE_SOURCE_DIR}/src/deep2/DualLaneChoreographer.cpp	${CMAKE_SOURCE_DIR}/src/deep2/DualLaneChoreographer.cpp	UNRESOLVED_EXPRESSION	1	FALSE	FALSE	FALSE	0	UNRESOLVED_EXPRESSION
rawrxd_choreography_unbounded_001	F:/~dev/rawrxd/cmake/Interstellar.fragment.cmake	61	${CMAKE_SOURCE_DIR}/src/deep2/Deep2DeviceManager.cpp	${CMAKE_SOURCE_DIR}/src/deep2/Deep2DeviceManager.cpp	UNRESOLVED_EXPRESSION	1	FALSE	FALSE	FALSE	0	UNRESOLVED_EXPRESSION
rawrxd_choreography_unbounded_001	F:/~dev/rawrxd/cmake/Interstellar.fragment.cmake	63	${CMAKE_SOURCE_DIR}/src	${CMAKE_SOURCE_DIR}/src	UNRESOLVED_EXPRESSION	1	FALSE	FALSE	FALSE	0	UNRESOLVED_EXPRESSION
rawrxd_choreography_unbounded_001	F:/~dev/rawrxd/cmake/Interstellar.fragment.cmake	64	${CMAKE_SOURCE_DIR}/src/deep2	${CMAKE_SOURCE_DIR}/src/deep2	UNRESOLVED_EXPRESSION	1	FALSE	FALSE	FALSE	0	UNRESOLVED_EXPRESSION
rawrxd_choreography_unbounded_001	F:/~dev/rawrxd/cmake/Interstellar.fragment.cmake	65	${IS_ROOT}	${IS_ROOT}	UNRESOLVED_EXPRESSION	1	FALSE	FALSE	FALSE	0	UNRESOLVED_EXPRESSION
rawrxd_choreography_unbounded_001	F:/~dev/rawrxd/cmake/Interstellar.fragment.cmake	71	RUNTIME_OUTPUT_DIRECTORY ${CMAKE_BINARY_DIR}/bin	RUNTIME_OUTPUT_DIRECTORY ${CMAKE_BINARY_DIR}/bin	UNRESOLVED_EXPRESSION	1	FALSE	FALSE	FALSE	0	UNRESOLVED_EXPRESSION
rawrxd_choreography_unbounded_001	F:/~dev/rawrxd/cmake/Interstellar.fragment.cmake	72	Mul iThreaded$<$<CONFIG:Debug>:Debug>	MultiThreaded$<$<CONFIG:Debug>:Debug>	UNRESOLVED_EXPRESSION	1	FALSE	FALSE	FALSE	0	UNRESOLVED_EXPRESSION
rawrxd_deep2_model_registry	F:/~dev/rawrxd/CMakeLists.txt	108772	${CMAKE_SOURCE_DIR}/src/deep2	${CMAKE_SOURCE_DIR}/src/deep2	UNRESOLVED_EXPRESSION	1	FALSE	FALSE	FALSE	4	UNRESOLVED_EXPRESSION
rawrxd_deep2_model_registry	F:/~dev/rawrxd/CMakeLists.txt	108773	${CMAKE_SOURCE_DIR}/src	${CMAKE_SOURCE_DIR}/src	UNRESOLVED_EXPRESSION	1	FALSE	FALSE	FALSE	4	UNRESOLVED_EXPRESSION
rawrxd_deep2_model_registry	F:/~dev/rawrxd/CMakeLists.txt	108774	${CMAKE_SOURCE_DIR}/include	${CMAKE_SOURCE_DIR}/include	UNRESOLVED_EXPRESSION	1	FALSE	FALSE	FALSE	4	UNRESOLVED_EXPRESSION
rawrxd_deep2_model_registry	F:/~dev/rawrxd/CMakeLists.txt	108785	${RAWR_VULKAN_INCLUDE}	${RAWR_VULKAN_INCLUDE}	UNRESOLVED_EXPRESSION	1	FALSE	FALSE	FALSE	5	UNRESOLVED_EXPRESSION
rawrxd_deep2_model_registry	F:/~dev/rawrxd/CMakeLists.txt	108791	$<$<NOT:$<CONFIG:Debug>>:/O2> /EHsc /W4	$<$<NOT:$<CONFIG:Debug>>:/O2> /EHsc /W4	UNRESOLVED_EXPRESSION	1	FALSE	FALSE	FALSE	5	UNRESOLVED_EXPRESSION
rawrxd_deep2_model_registry	F:/~dev/rawrxd/CMakeLists.txt	108795	Mul iThreaded$<$<CONFIG:Debug>:Debug>	MultiThreaded$<$<CONFIG:Debug>:Debug>	UNRESOLVED_EXPRESSION	1	FALSE	FALSE	FALSE	4	UNRESOLVED_EXPRESSION
rawrxd_deep2_model_registry	F:/~dev/rawrxd/CMakeLists.txt	108803	fail-closed  bu  useless.	fail-closed  but useless.	LITERAL	1	FALSE	FALSE	FALSE	4	ACTIVE_MISSING
rawrxd_deep2_model_registry	F:/~dev/rawrxd/CMakeLists.txt	108814	 hose exi  0 having  es ed no hing.	those exit 0 having tested nothing.	LITERAL	1	FALSE	FALSE	FALSE	4	ACTIVE_MISSING
rawrxd_engine	F:/~dev/rawrxd/cmake/Interstellar.fragment.cmake	40	add_library rawrxd_engine SHARED ${IS_ROOT}/plugins/rawrxd_engine.cpp	add_library rawrxd_engine SHARED ${IS_ROOT}/plugins/rawrxd_engine.cpp	UNRESOLVED_EXPRESSION	1	FALSE	FALSE	FALSE	0	UNRESOLVED_EXPRESSION
rawrxd_engine	F:/~dev/rawrxd/cmake/Interstellar.fragment.cmake	42	${IS_ROOT}/include	${IS_ROOT}/include	UNRESOLVED_EXPRESSION	1	FALSE	FALSE	FALSE	0	UNRESOLVED_EXPRESSION
rawrxd_engine	F:/~dev/rawrxd/cmake/Interstellar.fragment.cmake	43	${IS_ROOT}/plugins	${IS_ROOT}/plugins	UNRESOLVED_EXPRESSION	1	FALSE	FALSE	FALSE	0	UNRESOLVED_EXPRESSION
rawrxd_engine	F:/~dev/rawrxd/cmake/Interstellar.fragment.cmake	44	${CMAKE_SOURCE_DIR}/src	${CMAKE_SOURCE_DIR}/src	UNRESOLVED_EXPRESSION	1	FALSE	FALSE	FALSE	0	UNRESOLVED_EXPRESSION
rawrxd_engine	F:/~dev/rawrxd/cmake/Interstellar.fragment.cmake	45	${CMAKE_SOURCE_DIR}/src/deep2	${CMAKE_SOURCE_DIR}/src/deep2	UNRESOLVED_EXPRESSION	1	FALSE	FALSE	FALSE	0	UNRESOLVED_EXPRESSION
rawrxd_engine	F:/~dev/rawrxd/cmake/Interstellar.fragment.cmake	54	RUNTIME_OUTPUT_DIRECTORY ${CMAKE_BINARY_DIR}/bin	RUNTIME_OUTPUT_DIRECTORY ${CMAKE_BINARY_DIR}/bin	UNRESOLVED_EXPRESSION	1	FALSE	FALSE	FALSE	0	UNRESOLVED_EXPRESSION
rawrxd_engine	F:/~dev/rawrxd/cmake/Interstellar.fragment.cmake	56	Mul iThreaded$<$<CONFIG:Debug>:Debug>	MultiThreaded$<$<CONFIG:Debug>:Debug>	UNRESOLVED_EXPRESSION	1	FALSE	FALSE	FALSE	0	UNRESOLVED_EXPRESSION
rawrxd_git_safety	F:/~dev/rawrxd/CMakeLists.txt	109333	${CMAKE_SOURCE_DIR}/src	${CMAKE_SOURCE_DIR}/src	UNRESOLVED_EXPRESSION	1	FALSE	FALSE	FALSE	4	UNRESOLVED_EXPRESSION
rawrxd_git_safety	F:/~dev/rawrxd/CMakeLists.txt	109334	${CMAKE_SOURCE_DIR}/include	${CMAKE_SOURCE_DIR}/include	UNRESOLVED_EXPRESSION	1	FALSE	FALSE	FALSE	4	UNRESOLVED_EXPRESSION
rawrxd_git_safety	F:/~dev/rawrxd/CMakeLists.txt	109344	Mul iThreaded$<$<CONFIG:Debug>:Debug>	MultiThreaded$<$<CONFIG:Debug>:Debug>	UNRESOLVED_EXPRESSION	1	FALSE	FALSE	FALSE	4	UNRESOLVED_EXPRESSION
rawrxd_hexmag_repeat	F:/~dev/rawrxd/CMakeLists.txt	47214	$<$<COMPILE_LANGUAGE:ASM_MASM>:/I${CMAKE_SOURCE_DIR}/src/asm>	$<$<COMPILE_LANGUAGE:ASM_MASM>:/I${CMAKE_SOURCE_DIR}/src/asm>	UNRESOLVED_EXPRESSION	1	FALSE	FALSE	FALSE	5	UNRESOLVED_EXPRESSION
rawrxd_interstellar_deep2_e2e_001	F:/~dev/rawrxd/cmake/Interstellar.fragment.cmake	75	${CMAKE_SOURCE_DIR}/cer s/rawrxd_in ers ellar_deep2_e2e_001.cpp	${CMAKE_SOURCE_DIR}/certs/rawrxd_interstellar_deep2_e2e_001.cpp	UNRESOLVED_EXPRESSION	1	FALSE	FALSE	FALSE	0	UNRESOLVED_EXPRESSION
rawrxd_interstellar_deep2_e2e_001	F:/~dev/rawrxd/cmake/Interstellar.fragment.cmake	77	${IS_ROOT}/include	${IS_ROOT}/include	UNRESOLVED_EXPRESSION	1	FALSE	FALSE	FALSE	0	UNRESOLVED_EXPRESSION
rawrxd_interstellar_deep2_e2e_001	F:/~dev/rawrxd/cmake/Interstellar.fragment.cmake	78	${CMAKE_SOURCE_DIR}/src	${CMAKE_SOURCE_DIR}/src	UNRESOLVED_EXPRESSION	1	FALSE	FALSE	FALSE	0	UNRESOLVED_EXPRESSION
rawrxd_interstellar_deep2_e2e_001	F:/~dev/rawrxd/cmake/Interstellar.fragment.cmake	84	RUNTIME_OUTPUT_DIRECTORY ${CMAKE_BINARY_DIR}/bin	RUNTIME_OUTPUT_DIRECTORY ${CMAKE_BINARY_DIR}/bin	UNRESOLVED_EXPRESSION	1	FALSE	FALSE	FALSE	0	UNRESOLVED_EXPRESSION
rawrxd_interstellar_deep2_e2e_001	F:/~dev/rawrxd/cmake/Interstellar.fragment.cmake	85	Mul iThreaded$<$<CONFIG:Debug>:Debug>	MultiThreaded$<$<CONFIG:Debug>:Debug>	UNRESOLVED_EXPRESSION	1	FALSE	FALSE	FALSE	0	UNRESOLVED_EXPRESSION
rawrxd_k2_o_proj_hotpath_001	F:/~dev/rawrxd/cmake/Interstellar.fragment.cmake	88	${CMAKE_SOURCE_DIR}/cer s/rawrxd_k2_o_proj_ho pa h_001.cpp	${CMAKE_SOURCE_DIR}/certs/rawrxd_k2_o_proj_hotpath_001.cpp	UNRESOLVED_EXPRESSION	1	FALSE	FALSE	FALSE	0	UNRESOLVED_EXPRESSION
rawrxd_k2_o_proj_hotpath_001	F:/~dev/rawrxd/cmake/Interstellar.fragment.cmake	93	RUNTIME_OUTPUT_DIRECTORY ${CMAKE_BINARY_DIR}/bin	RUNTIME_OUTPUT_DIRECTORY ${CMAKE_BINARY_DIR}/bin	UNRESOLVED_EXPRESSION	1	FALSE	FALSE	FALSE	0	UNRESOLVED_EXPRESSION
rawrxd_k2_o_proj_hotpath_001	F:/~dev/rawrxd/cmake/Interstellar.fragment.cmake	94	Mul iThreaded$<$<CONFIG:Debug>:Debug>	MultiThreaded$<$<CONFIG:Debug>:Debug>	UNRESOLVED_EXPRESSION	1	FALSE	FALSE	FALSE	0	UNRESOLVED_EXPRESSION
rawrxd_k2_qkv_shared_x_001	F:/~dev/rawrxd/cmake/Interstellar.fragment.cmake	102	RUNTIME_OUTPUT_DIRECTORY ${CMAKE_BINARY_DIR}/bin	RUNTIME_OUTPUT_DIRECTORY ${CMAKE_BINARY_DIR}/bin	UNRESOLVED_EXPRESSION	1	FALSE	FALSE	FALSE	0	UNRESOLVED_EXPRESSION
rawrxd_k2_qkv_shared_x_001	F:/~dev/rawrxd/cmake/Interstellar.fragment.cmake	103	Mul iThreaded$<$<CONFIG:Debug>:Debug>	MultiThreaded$<$<CONFIG:Debug>:Debug>	UNRESOLVED_EXPRESSION	1	FALSE	FALSE	FALSE	0	UNRESOLVED_EXPRESSION
rawrxd_k2_qkv_shared_x_001	F:/~dev/rawrxd/cmake/Interstellar.fragment.cmake	97	${CMAKE_SOURCE_DIR}/cer s/rawrxd_k2_qkv_shared_x_001.cpp	${CMAKE_SOURCE_DIR}/certs/rawrxd_k2_qkv_shared_x_001.cpp	UNRESOLVED_EXPRESSION	1	FALSE	FALSE	FALSE	0	UNRESOLVED_EXPRESSION
rawrxd_kva_q4k_spv_001	F:/~dev/rawrxd/cmake/Interstellar.fragment.cmake	117	${CMAKE_SOURCE_DIR}/cer s/rawrxd_kva_q4k_spv_001.cpp	${CMAKE_SOURCE_DIR}/certs/rawrxd_kva_q4k_spv_001.cpp	UNRESOLVED_EXPRESSION	1	FALSE	FALSE	FALSE	0	UNRESOLVED_EXPRESSION
rawrxd_kva_q4k_spv_001	F:/~dev/rawrxd/cmake/Interstellar.fragment.cmake	119	${CMAKE_SOURCE_DIR}/src/deep2	${CMAKE_SOURCE_DIR}/src/deep2	UNRESOLVED_EXPRESSION	1	FALSE	FALSE	FALSE	0	UNRESOLVED_EXPRESSION
rawrxd_kva_q4k_spv_001	F:/~dev/rawrxd/cmake/Interstellar.fragment.cmake	120	${CMAKE_SOURCE_DIR}/src/deep2/lavapa h	${CMAKE_SOURCE_DIR}/src/deep2/lavapath	UNRESOLVED_EXPRESSION	1	FALSE	FALSE	FALSE	0	UNRESOLVED_EXPRESSION
rawrxd_kva_q4k_spv_001	F:/~dev/rawrxd/cmake/Interstellar.fragment.cmake	125	RUNTIME_OUTPUT_DIRECTORY ${CMAKE_BINARY_DIR}/bin	RUNTIME_OUTPUT_DIRECTORY ${CMAKE_BINARY_DIR}/bin	UNRESOLVED_EXPRESSION	1	FALSE	FALSE	FALSE	0	UNRESOLVED_EXPRESSION
rawrxd_kva_q4k_spv_001	F:/~dev/rawrxd/cmake/Interstellar.fragment.cmake	126	Mul iThreaded$<$<CONFIG:Debug>:Debug>	MultiThreaded$<$<CONFIG:Debug>:Debug>	UNRESOLVED_EXPRESSION	1	FALSE	FALSE	FALSE	0	UNRESOLVED_EXPRESSION
rawrxd_model_catalog_cert	F:/~dev/rawrxd/cmake/RawrXDSovereignFinish.cmake	10	${CMAKE_CURRENT_SOURCE_DIR}/src	${CMAKE_CURRENT_SOURCE_DIR}/src	UNRESOLVED_EXPRESSION	1	FALSE	FALSE	FALSE	1	UNRESOLVED_EXPRESSION
rawrxd_model_catalog_cert	F:/~dev/rawrxd/cmake/RawrXDSovereignFinish.cmake	11	${CMAKE_CURRENT_SOURCE_DIR}/src/models	${CMAKE_CURRENT_SOURCE_DIR}/src/models	UNRESOLVED_EXPRESSION	1	FALSE	FALSE	FALSE	1	UNRESOLVED_EXPRESSION
rawrxd_model_catalog_cert	F:/~dev/rawrxd/cmake/RawrXDSovereignFinish.cmake	16	${CMAKE_BINARY_DIR}/bin	${CMAKE_BINARY_DIR}/bin	UNRESOLVED_EXPRESSION	1	FALSE	FALSE	FALSE	1	UNRESOLVED_EXPRESSION
rawrxd_model_catalog_cert	F:/~dev/rawrxd/cmake/RawrXDSovereignFinish.cmake	21	${CMAKE_CURRENT_SOURCE_DIR}/src/deep2/deep2_lifecycle_cer .cpp	${CMAKE_CURRENT_SOURCE_DIR}/src/deep2/deep2_lifecycle_cert.cpp	UNRESOLVED_EXPRESSION	1	FALSE	FALSE	FALSE	1	UNRESOLVED_EXPRESSION
rawrxd_pe64_iat_v224	F:/~dev/rawrxd/cmake/RawrXD_SovereignIAT.cmake	48	add_library rawrxd_pe64_ia _v224 STATIC ${_RAWRXD_IAT_OBJ}	add_library rawrxd_pe64_iat_v224 STATIC ${_RAWRXD_IAT_OBJ}	UNRESOLVED_EXPRESSION	1	FALSE	FALSE	FALSE	0	UNRESOLVED_EXPRESSION
rawrxd_product_layer_001	F:/~dev/rawrxd/cmake/RawrProductLayer.fragment.cmake	44	${RAWR_PRODUCT_ASM_OBJS}	${RAWR_PRODUCT_ASM_OBJS}	UNRESOLVED_EXPRESSION	1	FALSE	FALSE	FALSE	1	UNRESOLVED_EXPRESSION
rawrxd_product_layer_001	F:/~dev/rawrxd/cmake/RawrProductLayer.fragment.cmake	49	${CMAKE_SOURCE_DIR}/src	${CMAKE_SOURCE_DIR}/src	UNRESOLVED_EXPRESSION	1	FALSE	FALSE	FALSE	1	UNRESOLVED_EXPRESSION
rawrxd_product_layer_001	F:/~dev/rawrxd/cmake/RawrProductLayer.fragment.cmake	50	${CMAKE_SOURCE_DIR}/src/produc 	${CMAKE_SOURCE_DIR}/src/product	UNRESOLVED_EXPRESSION	1	FALSE	FALSE	FALSE	1	UNRESOLVED_EXPRESSION
rawrxd_product_layer_001	F:/~dev/rawrxd/cmake/RawrProductLayer.fragment.cmake	55	RUNTIME_OUTPUT_DIRECTORY ${CMAKE_BINARY_DIR}/bin	RUNTIME_OUTPUT_DIRECTORY ${CMAKE_BINARY_DIR}/bin	UNRESOLVED_EXPRESSION	1	FALSE	FALSE	FALSE	1	UNRESOLVED_EXPRESSION
rawrxd_product_layer_001	F:/~dev/rawrxd/cmake/RawrProductLayer.fragment.cmake	56	Mul iThreaded$<$<CONFIG:Debug>:Debug>	MultiThreaded$<$<CONFIG:Debug>:Debug>	UNRESOLVED_EXPRESSION	1	FALSE	FALSE	FALSE	1	UNRESOLVED_EXPRESSION
rawrxd_product_layer_001	F:/~dev/rawrxd/cmake/RawrProductLayer.fragment.cmake	61	${CMAKE_SOURCE_DIR}/cer s/rawrxd_produc _layer_002.cpp	${CMAKE_SOURCE_DIR}/certs/rawrxd_product_layer_002.cpp	UNRESOLVED_EXPRESSION	1	FALSE	FALSE	FALSE	1	UNRESOLVED_EXPRESSION
rawrxd_product_layer_002	F:/~dev/rawrxd/cmake/RawrProductLayer.fragment.cmake	100	 arge _link_libraries ${name} PRIVATE user32	target_link_libraries ${name} PRIVATE user32	UNRESOLVED_EXPRESSION	1	FALSE	FALSE	FALSE	1	UNRESOLVED_EXPRESSION
rawrxd_product_layer_002	F:/~dev/rawrxd/cmake/RawrProductLayer.fragment.cmake	102	 arge _link_libraries ${name} PRIVATE InferenceEngine dxgi	target_link_libraries ${name} PRIVATE InferenceEngine dxgi	UNRESOLVED_EXPRESSION	1	FALSE	FALSE	FALSE	2	UNRESOLVED_EXPRESSION
rawrxd_product_layer_002	F:/~dev/rawrxd/cmake/RawrProductLayer.fragment.cmake	104	se _ arge _proper ies ${name} PROPERTIES	set_target_properties ${name} PROPERTIES	UNRESOLVED_EXPRESSION	1	FALSE	FALSE	FALSE	1	UNRESOLVED_EXPRESSION
rawrxd_product_layer_002	F:/~dev/rawrxd/cmake/RawrProductLayer.fragment.cmake	105	RUNTIME_OUTPUT_DIRECTORY ${CMAKE_BINARY_DIR}/bin	RUNTIME_OUTPUT_DIRECTORY ${CMAKE_BINARY_DIR}/bin	UNRESOLVED_EXPRESSION	1	FALSE	FALSE	FALSE	1	UNRESOLVED_EXPRESSION
rawrxd_product_layer_002	F:/~dev/rawrxd/cmake/RawrProductLayer.fragment.cmake	106	Mul iThreaded$<$<CONFIG:Debug>:Debug>	MultiThreaded$<$<CONFIG:Debug>:Debug>	UNRESOLVED_EXPRESSION	1	FALSE	FALSE	FALSE	1	UNRESOLVED_EXPRESSION
rawrxd_product_layer_002	F:/~dev/rawrxd/cmake/RawrProductLayer.fragment.cmake	108	[RAWRXD_BUILD_SOURCE_INTEGRITY_001] Skipping cer   arge  ${name}: missing ${src}	[RAWRXD_BUILD_SOURCE_INTEGRITY_001] Skipping cert target ${name}: missing ${src}	UNRESOLVED_EXPRESSION	1	FALSE	FALSE	FALSE	1	UNRESOLVED_EXPRESSION
rawrxd_product_layer_002	F:/~dev/rawrxd/cmake/RawrProductLayer.fragment.cmake	132	${CMAKE_SOURCE_DIR}/cer s/rawrxd_produc _layer_003.cpp	${CMAKE_SOURCE_DIR}/certs/rawrxd_product_layer_003.cpp	UNRESOLVED_EXPRESSION	1	FALSE	FALSE	FALSE	1	UNRESOLVED_EXPRESSION
rawrxd_product_layer_002	F:/~dev/rawrxd/cmake/RawrProductLayer.fragment.cmake	64	${RAWR_PRODUCT_ASM_OBJS}	${RAWR_PRODUCT_ASM_OBJS}	UNRESOLVED_EXPRESSION	1	FALSE	FALSE	FALSE	1	UNRESOLVED_EXPRESSION
rawrxd_product_layer_002	F:/~dev/rawrxd/cmake/RawrProductLayer.fragment.cmake	69	${CMAKE_SOURCE_DIR}/src	${CMAKE_SOURCE_DIR}/src	UNRESOLVED_EXPRESSION	1	FALSE	FALSE	FALSE	1	UNRESOLVED_EXPRESSION
rawrxd_product_layer_002	F:/~dev/rawrxd/cmake/RawrProductLayer.fragment.cmake	70	${CMAKE_SOURCE_DIR}/src/produc 	${CMAKE_SOURCE_DIR}/src/product	UNRESOLVED_EXPRESSION	1	FALSE	FALSE	FALSE	1	UNRESOLVED_EXPRESSION
rawrxd_product_layer_002	F:/~dev/rawrxd/cmake/RawrProductLayer.fragment.cmake	71	${CMAKE_SOURCE_DIR}/src/cli	${CMAKE_SOURCE_DIR}/src/cli	UNRESOLVED_EXPRESSION	1	FALSE	FALSE	FALSE	1	UNRESOLVED_EXPRESSION
rawrxd_product_layer_002	F:/~dev/rawrxd/cmake/RawrProductLayer.fragment.cmake	72	${CMAKE_SOURCE_DIR}/src/cli/s yle	${CMAKE_SOURCE_DIR}/src/cli/style	UNRESOLVED_EXPRESSION	1	FALSE	FALSE	FALSE	1	UNRESOLVED_EXPRESSION
rawrxd_product_layer_002	F:/~dev/rawrxd/cmake/RawrProductLayer.fragment.cmake	77	RUNTIME_OUTPUT_DIRECTORY ${CMAKE_BINARY_DIR}/bin	RUNTIME_OUTPUT_DIRECTORY ${CMAKE_BINARY_DIR}/bin	UNRESOLVED_EXPRESSION	1	FALSE	FALSE	FALSE	1	UNRESOLVED_EXPRESSION
rawrxd_product_layer_002	F:/~dev/rawrxd/cmake/RawrProductLayer.fragment.cmake	78	Mul iThreaded$<$<CONFIG:Debug>:Debug>	MultiThreaded$<$<CONFIG:Debug>:Debug>	UNRESOLVED_EXPRESSION	1	FALSE	FALSE	FALSE	1	UNRESOLVED_EXPRESSION
rawrxd_product_layer_002	F:/~dev/rawrxd/cmake/RawrProductLayer.fragment.cmake	84	${src}	${src}	UNRESOLVED_EXPRESSION	1	FALSE	FALSE	FALSE	1	UNRESOLVED_EXPRESSION
rawrxd_product_layer_002	F:/~dev/rawrxd/cmake/RawrProductLayer.fragment.cmake	85	add_execu able ${name} ${src}	add_executable ${name} ${src}	UNRESOLVED_EXPRESSION	1	FALSE	FALSE	FALSE	1	UNRESOLVED_EXPRESSION
rawrxd_product_layer_002	F:/~dev/rawrxd/cmake/RawrProductLayer.fragment.cmake	86	${CMAKE_SOURCE_DIR}/src/produc /ga eway/produc _deep2_infer.cpp	${CMAKE_SOURCE_DIR}/src/product/gateway/product_deep2_infer.cpp	UNRESOLVED_EXPRESSION	1	FALSE	FALSE	FALSE	1	UNRESOLVED_EXPRESSION
rawrxd_product_layer_002	F:/~dev/rawrxd/cmake/RawrProductLayer.fragment.cmake	87	${RAWR_PRODUCT_ASM_OBJS}	${RAWR_PRODUCT_ASM_OBJS}	UNRESOLVED_EXPRESSION	1	FALSE	FALSE	FALSE	1	UNRESOLVED_EXPRESSION
rawrxd_product_layer_002	F:/~dev/rawrxd/cmake/RawrProductLayer.fragment.cmake	89	add_dependencies ${name} rawr_produc _x64_asm rawr_produc _pipe_x64_asm	add_dependencies ${name} rawr_product_x64_asm rawr_product_pipe_x64_asm	UNRESOLVED_EXPRESSION	1	FALSE	FALSE	FALSE	2	UNRESOLVED_EXPRESSION
rawrxd_product_layer_002	F:/~dev/rawrxd/cmake/RawrProductLayer.fragment.cmake	91	 arge _include_direc ories ${name} PRIVATE	target_include_directories ${name} PRIVATE	UNRESOLVED_EXPRESSION	1	FALSE	FALSE	FALSE	1	UNRESOLVED_EXPRESSION
rawrxd_product_layer_002	F:/~dev/rawrxd/cmake/RawrProductLayer.fragment.cmake	92	${CMAKE_SOURCE_DIR}/src	${CMAKE_SOURCE_DIR}/src	UNRESOLVED_EXPRESSION	1	FALSE	FALSE	FALSE	1	UNRESOLVED_EXPRESSION
rawrxd_product_layer_002	F:/~dev/rawrxd/cmake/RawrProductLayer.fragment.cmake	93	${CMAKE_SOURCE_DIR}/src/produc 	${CMAKE_SOURCE_DIR}/src/product	UNRESOLVED_EXPRESSION	1	FALSE	FALSE	FALSE	1	UNRESOLVED_EXPRESSION
rawrxd_product_layer_002	F:/~dev/rawrxd/cmake/RawrProductLayer.fragment.cmake	94	${CMAKE_SOURCE_DIR}/src/cli	${CMAKE_SOURCE_DIR}/src/cli	UNRESOLVED_EXPRESSION	1	FALSE	FALSE	FALSE	1	UNRESOLVED_EXPRESSION
rawrxd_product_layer_002	F:/~dev/rawrxd/cmake/RawrProductLayer.fragment.cmake	95	${CMAKE_SOURCE_DIR}/src/cli/s yle	${CMAKE_SOURCE_DIR}/src/cli/style	UNRESOLVED_EXPRESSION	1	FALSE	FALSE	FALSE	1	UNRESOLVED_EXPRESSION
rawrxd_product_layer_002	F:/~dev/rawrxd/cmake/RawrProductLayer.fragment.cmake	96	${CMAKE_SOURCE_DIR}/src/deep2	${CMAKE_SOURCE_DIR}/src/deep2	UNRESOLVED_EXPRESSION	1	FALSE	FALSE	FALSE	1	UNRESOLVED_EXPRESSION
rawrxd_product_layer_002	F:/~dev/rawrxd/cmake/RawrProductLayer.fragment.cmake	98	 arge _compile_op ions ${name} PRIVATE /EHsc /W3 /s d:c++20	target_compile_options ${name} PRIVATE /EHsc /W3 /std:c++20	UNRESOLVED_EXPRESSION	1	FALSE	FALSE	FALSE	2	UNRESOLVED_EXPRESSION
rawrxd_product_layer_003	F:/~dev/rawrxd/cmake/RawrProductLayer.fragment.cmake	135	${RAWR_PRODUCT_ASM_OBJS}	${RAWR_PRODUCT_ASM_OBJS}	UNRESOLVED_EXPRESSION	1	FALSE	FALSE	FALSE	1	UNRESOLVED_EXPRESSION
rawrxd_product_layer_003	F:/~dev/rawrxd/cmake/RawrProductLayer.fragment.cmake	140	${CMAKE_SOURCE_DIR}/src	${CMAKE_SOURCE_DIR}/src	UNRESOLVED_EXPRESSION	1	FALSE	FALSE	FALSE	1	UNRESOLVED_EXPRESSION
rawrxd_product_layer_003	F:/~dev/rawrxd/cmake/RawrProductLayer.fragment.cmake	141	${CMAKE_SOURCE_DIR}/src/produc 	${CMAKE_SOURCE_DIR}/src/product	UNRESOLVED_EXPRESSION	1	FALSE	FALSE	FALSE	1	UNRESOLVED_EXPRESSION
rawrxd_product_layer_003	F:/~dev/rawrxd/cmake/RawrProductLayer.fragment.cmake	146	RUNTIME_OUTPUT_DIRECTORY ${CMAKE_BINARY_DIR}/bin	RUNTIME_OUTPUT_DIRECTORY ${CMAKE_BINARY_DIR}/bin	UNRESOLVED_EXPRESSION	1	FALSE	FALSE	FALSE	1	UNRESOLVED_EXPRESSION
rawrxd_product_layer_003	F:/~dev/rawrxd/cmake/RawrProductLayer.fragment.cmake	147	Mul iThreaded$<$<CONFIG:Debug>:Debug>	MultiThreaded$<$<CONFIG:Debug>:Debug>	UNRESOLVED_EXPRESSION	1	FALSE	FALSE	FALSE	1	UNRESOLVED_EXPRESSION
rawrxd_product_layer_003	F:/~dev/rawrxd/cmake/RawrProductLayer.fragment.cmake	154	${CMAKE_SOURCE_DIR}/src/produc 	${CMAKE_SOURCE_DIR}/src/product	UNRESOLVED_EXPRESSION	1	FALSE	FALSE	FALSE	1	UNRESOLVED_EXPRESSION
rawrxd_real_gguf_parity	F:/~dev/rawrxd/CMakeLists.txt	108357	${CMAKE_SOURCE_DIR}/src/deep2	${CMAKE_SOURCE_DIR}/src/deep2	UNRESOLVED_EXPRESSION	1	FALSE	FALSE	FALSE	5	UNRESOLVED_EXPRESSION
rawrxd_real_gguf_parity	F:/~dev/rawrxd/CMakeLists.txt	108358	${CMAKE_SOURCE_DIR}/include	${CMAKE_SOURCE_DIR}/include	UNRESOLVED_EXPRESSION	1	FALSE	FALSE	FALSE	5	UNRESOLVED_EXPRESSION
rawrxd_real_gguf_parity	F:/~dev/rawrxd/CMakeLists.txt	108361	RUNTIME_OUTPUT_DIRECTORY ${CMAKE_BINARY_DIR}/bin	RUNTIME_OUTPUT_DIRECTORY ${CMAKE_BINARY_DIR}/bin	UNRESOLVED_EXPRESSION	1	FALSE	FALSE	FALSE	5	UNRESOLVED_EXPRESSION
rawrxd_real_gguf_parity	F:/~dev/rawrxd/CMakeLists.txt	108367	${CMAKE_CURRENT_SOURCE_DIR}/src/deep2/ es _a  n_ou _bisec .cpp	${CMAKE_CURRENT_SOURCE_DIR}/src/deep2/test_attn_out_bisect.cpp	UNRESOLVED_EXPRESSION	1	FALSE	FALSE	FALSE	6	UNRESOLVED_EXPRESSION
rawrxd_remaining_style_cli_001	F:/~dev/rawrxd/cmake/RawrRemainingStyleCli.fragment.cmake	24	${RAWR_STYLE_SOURCES}	${RAWR_STYLE_SOURCES}	UNRESOLVED_EXPRESSION	1	FALSE	FALSE	FALSE	1	UNRESOLVED_EXPRESSION
rawrxd_remaining_style_cli_001	F:/~dev/rawrxd/cmake/RawrRemainingStyleCli.fragment.cmake	26	${CMAKE_SOURCE_DIR}/src	${CMAKE_SOURCE_DIR}/src	UNRESOLVED_EXPRESSION	1	FALSE	FALSE	FALSE	1	UNRESOLVED_EXPRESSION
rawrxd_remaining_style_cli_001	F:/~dev/rawrxd/cmake/RawrRemainingStyleCli.fragment.cmake	27	${CMAKE_SOURCE_DIR}/src/cli	${CMAKE_SOURCE_DIR}/src/cli	UNRESOLVED_EXPRESSION	1	FALSE	FALSE	FALSE	1	UNRESOLVED_EXPRESSION
rawrxd_remaining_style_cli_001	F:/~dev/rawrxd/cmake/RawrRemainingStyleCli.fragment.cmake	28	${CMAKE_SOURCE_DIR}/src/cli/s yle	${CMAKE_SOURCE_DIR}/src/cli/style	UNRESOLVED_EXPRESSION	1	FALSE	FALSE	FALSE	1	UNRESOLVED_EXPRESSION
rawrxd_remaining_style_cli_001	F:/~dev/rawrxd/cmake/RawrRemainingStyleCli.fragment.cmake	33	RUNTIME_OUTPUT_DIRECTORY ${CMAKE_BINARY_DIR}/bin	RUNTIME_OUTPUT_DIRECTORY ${CMAKE_BINARY_DIR}/bin	UNRESOLVED_EXPRESSION	1	FALSE	FALSE	FALSE	1	UNRESOLVED_EXPRESSION
rawrxd_remaining_style_cli_001	F:/~dev/rawrxd/cmake/RawrRemainingStyleCli.fragment.cmake	34	Mul iThreaded$<$<CONFIG:Debug>:Debug>	MultiThreaded$<$<CONFIG:Debug>:Debug>	UNRESOLVED_EXPRESSION	1	FALSE	FALSE	FALSE	1	UNRESOLVED_EXPRESSION
rawrxd_remote64	F:/~dev/rawrxd/cmake/Remote64.cmake	33	${RAWRXD_REMOTE64_ASM_SOURCES}	${RAWRXD_REMOTE64_ASM_SOURCES}	UNRESOLVED_EXPRESSION	1	FALSE	FALSE	FALSE	0	UNRESOLVED_EXPRESSION
rawrxd_remote64	F:/~dev/rawrxd/cmake/Remote64.cmake	34	${RAWRXD_REMOTE64_DIR}/remo e64_bridge.cpp	${RAWRXD_REMOTE64_DIR}/remote64_bridge.cpp	UNRESOLVED_EXPRESSION	1	FALSE	FALSE	FALSE	0	UNRESOLVED_EXPRESSION
rawrxd_run_modelname_001	F:/~dev/rawrxd/CMakeLists.txt	42537	$<$<NOT:$<CONFIG:Debug>>:/O2> /arch:AVX512 /EHsc /W4 /s d:c++20	$<$<NOT:$<CONFIG:Debug>>:/O2> /arch:AVX512 /EHsc /W4 /std:c++20	UNRESOLVED_EXPRESSION	1	FALSE	FALSE	FALSE	4	UNRESOLVED_EXPRESSION
rawrxd_run_modelname_001	F:/~dev/rawrxd/CMakeLists.txt	42540	${CMAKE_SOURCE_DIR}/src ${CMAKE_SOURCE_DIR}/src/deep2	${CMAKE_SOURCE_DIR}/src ${CMAKE_SOURCE_DIR}/src/deep2	UNRESOLVED_EXPRESSION	1	FALSE	FALSE	FALSE	3	UNRESOLVED_EXPRESSION
rawrxd_run_modelname_001	F:/~dev/rawrxd/CMakeLists.txt	42541	${CMAKE_SOURCE_DIR}/include	${CMAKE_SOURCE_DIR}/include	UNRESOLVED_EXPRESSION	1	FALSE	FALSE	FALSE	3	UNRESOLVED_EXPRESSION
rawrxd_run_modelname_001	F:/~dev/rawrxd/CMakeLists.txt	42543	RUNTIME_OUTPUT_DIRECTORY ${CMAKE_BINARY_DIR}/bin	RUNTIME_OUTPUT_DIRECTORY ${CMAKE_BINARY_DIR}/bin	UNRESOLVED_EXPRESSION	1	FALSE	FALSE	FALSE	3	UNRESOLVED_EXPRESSION
rawrxd_run_modelname_001	F:/~dev/rawrxd/CMakeLists.txt	42545	Mul iThreaded$<$<CONFIG:Debug>:Debug>	MultiThreaded$<$<CONFIG:Debug>:Debug>	UNRESOLVED_EXPRESSION	1	FALSE	FALSE	FALSE	3	UNRESOLVED_EXPRESSION
rawrxd_run_modelname_001	F:/~dev/rawrxd/CMakeLists.txt	42547	${CMAKE_CURRENT_SOURCE_DIR}/src/deep2/rawr_run.cpp	${CMAKE_CURRENT_SOURCE_DIR}/src/deep2/rawr_run.cpp	UNRESOLVED_EXPRESSION	1	FALSE	FALSE	FALSE	4	UNRESOLVED_EXPRESSION
rawrxd_sampler_combined_oob_001	F:/~dev/rawrxd/CMakeLists.txt	42661	${CMAKE_SOURCE_DIR}/src ${CMAKE_SOURCE_DIR}/src/deep2	${CMAKE_SOURCE_DIR}/src ${CMAKE_SOURCE_DIR}/src/deep2	UNRESOLVED_EXPRESSION	1	FALSE	FALSE	FALSE	3	UNRESOLVED_EXPRESSION
rawrxd_sampler_combined_oob_001	F:/~dev/rawrxd/CMakeLists.txt	42662	${CMAKE_SOURCE_DIR}/include	${CMAKE_SOURCE_DIR}/include	UNRESOLVED_EXPRESSION	1	FALSE	FALSE	FALSE	3	UNRESOLVED_EXPRESSION
rawrxd_sampler_combined_oob_001	F:/~dev/rawrxd/CMakeLists.txt	42665	$<$<NOT:$<CONFIG:Debug>>:/O2> /EHsc /W4 /s d:c++20	$<$<NOT:$<CONFIG:Debug>>:/O2> /EHsc /W4 /std:c++20	UNRESOLVED_EXPRESSION	1	FALSE	FALSE	FALSE	4	UNRESOLVED_EXPRESSION
rawrxd_sampler_combined_oob_001	F:/~dev/rawrxd/CMakeLists.txt	42668	RUNTIME_OUTPUT_DIRECTORY ${CMAKE_BINARY_DIR}/bin	RUNTIME_OUTPUT_DIRECTORY ${CMAKE_BINARY_DIR}/bin	UNRESOLVED_EXPRESSION	1	FALSE	FALSE	FALSE	3	UNRESOLVED_EXPRESSION
rawrxd_sampler_combined_oob_001	F:/~dev/rawrxd/CMakeLists.txt	42670	Mul iThreaded$<$<CONFIG:Debug>:Debug>	MultiThreaded$<$<CONFIG:Debug>:Debug>	UNRESOLVED_EXPRESSION	1	FALSE	FALSE	FALSE	3	UNRESOLVED_EXPRESSION
rawrxd_sampler_combined_oob_001	F:/~dev/rawrxd/CMakeLists.txt	42690	${CMAKE_CURRENT_SOURCE_DIR}/cer s/h  p_ empla e_marker_probe_001.cpp	${CMAKE_CURRENT_SOURCE_DIR}/certs/http_template_marker_probe_001.cpp	UNRESOLVED_EXPRESSION	1	FALSE	FALSE	FALSE	3	UNRESOLVED_EXPRESSION
rawrxd_single_writer	F:/~dev/rawrxd/CMakeLists.txt	108509	${CMAKE_SOURCE_DIR}/src	${CMAKE_SOURCE_DIR}/src	UNRESOLVED_EXPRESSION	1	FALSE	FALSE	FALSE	4	UNRESOLVED_EXPRESSION
rawrxd_single_writer	F:/~dev/rawrxd/CMakeLists.txt	108510	${CMAKE_SOURCE_DIR}/include	${CMAKE_SOURCE_DIR}/include	UNRESOLVED_EXPRESSION	1	FALSE	FALSE	FALSE	4	UNRESOLVED_EXPRESSION
rawrxd_single_writer	F:/~dev/rawrxd/CMakeLists.txt	108519	Mul iThreaded$<$<CONFIG:Debug>:Debug>	MultiThreaded$<$<CONFIG:Debug>:Debug>	UNRESOLVED_EXPRESSION	1	FALSE	FALSE	FALSE	4	UNRESOLVED_EXPRESSION
refactor_chain_cert	F:/~dev/rawrxd/CMakeLists.txt	109609	RUNTIME_OUTPUT_DIRECTORY ${CMAKE_BINARY_DIR}/bin	RUNTIME_OUTPUT_DIRECTORY ${CMAKE_BINARY_DIR}/bin	UNRESOLVED_EXPRESSION	1	FALSE	FALSE	FALSE	4	UNRESOLVED_EXPRESSION
refactor_chain_cert	F:/~dev/rawrxd/CMakeLists.txt	109614	--fix ure ${CMAKE_SOURCE_DIR}/audi /RAWRXD_P1_REFACTOR_CHAIN_001/fix ure	--fixture ${CMAKE_SOURCE_DIR}/audit/RAWRXD_P1_REFACTOR_CHAIN_001/fixture	UNRESOLVED_EXPRESSION	1	FALSE	FALSE	FALSE	4	UNRESOLVED_EXPRESSION
refactor_chain_cert	F:/~dev/rawrxd/CMakeLists.txt	109615	--ou  ${CMAKE_SOURCE_DIR}/audi /RAWRXD_P1_REFACTOR_CHAIN_001/RECEIPT. x 	--out ${CMAKE_SOURCE_DIR}/audit/RAWRXD_P1_REFACTOR_CHAIN_001/RECEIPT.txt	UNRESOLVED_EXPRESSION	1	FALSE	FALSE	FALSE	4	UNRESOLVED_EXPRESSION
refactor_chain_cert	F:/~dev/rawrxd/CMakeLists.txt	109616	WORKING_DIRECTORY ${CMAKE_BINARY_DIR}	WORKING_DIRECTORY ${CMAKE_BINARY_DIR}	UNRESOLVED_EXPRESSION	1	FALSE	FALSE	FALSE	4	UNRESOLVED_EXPRESSION
refactor_chain_cert	F:/~dev/rawrxd/CMakeLists.txt	109629	${RAWRXD_CERT_DROPPED_NAMES}	${RAWRXD_CERT_DROPPED_NAMES}	UNRESOLVED_EXPRESSION	1	FALSE	FALSE	FALSE	4	UNRESOLVED_EXPRESSION
refactor_chain_cert	F:/~dev/rawrxd/CMakeLists.txt	109630	${RAWRXD_CERT_EMPTY_NAMES}	${RAWRXD_CERT_EMPTY_NAMES}	UNRESOLVED_EXPRESSION	1	FALSE	FALSE	FALSE	4	UNRESOLVED_EXPRESSION
residency_ab_cert	F:/~dev/rawrxd/CMakeLists.txt	2060	RUNTIME_OUTPUT_DIRECTORY ${CMAKE_BINARY_DIR}/bin	RUNTIME_OUTPUT_DIRECTORY ${CMAKE_BINARY_DIR}/bin	UNRESOLVED_EXPRESSION	1	FALSE	FALSE	FALSE	1	UNRESOLVED_EXPRESSION
residency_ab_cert	F:/~dev/rawrxd/CMakeLists.txt	2064	${CMAKE_SOURCE_DIR}	${CMAKE_SOURCE_DIR}	UNRESOLVED_EXPRESSION	1	FALSE	FALSE	FALSE	1	UNRESOLVED_EXPRESSION
residency_ab_cert	F:/~dev/rawrxd/CMakeLists.txt	2065	${CMAKE_SOURCE_DIR}/include	${CMAKE_SOURCE_DIR}/include	UNRESOLVED_EXPRESSION	1	FALSE	FALSE	FALSE	1	UNRESOLVED_EXPRESSION
residency_ab_cert	F:/~dev/rawrxd/CMakeLists.txt	2066	${CMAKE_SOURCE_DIR}/src	${CMAKE_SOURCE_DIR}/src	UNRESOLVED_EXPRESSION	1	FALSE	FALSE	FALSE	1	UNRESOLVED_EXPRESSION
residency_ab_cert	F:/~dev/rawrxd/CMakeLists.txt	2067	${CMAKE_SOURCE_DIR}/src/deep2	${CMAKE_SOURCE_DIR}/src/deep2	UNRESOLVED_EXPRESSION	1	FALSE	FALSE	FALSE	1	UNRESOLVED_EXPRESSION
residency_ab_cert	F:/~dev/rawrxd/CMakeLists.txt	2068	${CMAKE_SOURCE_DIR}/include/core	${CMAKE_SOURCE_DIR}/include/core	UNRESOLVED_EXPRESSION	1	FALSE	FALSE	FALSE	1	UNRESOLVED_EXPRESSION
residency_ab_cert	F:/~dev/rawrxd/CMakeLists.txt	2071	${RAWR_VULKAN_INCLUDE}	${RAWR_VULKAN_INCLUDE}	UNRESOLVED_EXPRESSION	1	FALSE	FALSE	FALSE	2	UNRESOLVED_EXPRESSION
residency_ab_cert	F:/~dev/rawrxd/CMakeLists.txt	2072	${RAWR_VULKAN_LIB}	${RAWR_VULKAN_LIB}	UNRESOLVED_EXPRESSION	1	FALSE	FALSE	FALSE	2	UNRESOLVED_EXPRESSION
residency_ab_cert	F:/~dev/rawrxd/CMakeLists.txt	2075	 arge _include_direc ories residency_ab_cer  PRIVATE ${VULKAN_INCLUDE_DIR}	target_include_directories residency_ab_cert PRIVATE ${VULKAN_INCLUDE_DIR}	UNRESOLVED_EXPRESSION	1	FALSE	FALSE	FALSE	2	UNRESOLVED_EXPRESSION
residency_ab_cert	F:/~dev/rawrxd/CMakeLists.txt	2079	 arge _include_direc ories residency_ab_cer  PRIVATE ${Vulkan_INCLUDE_DIRS}	target_include_directories residency_ab_cert PRIVATE ${Vulkan_INCLUDE_DIRS}	UNRESOLVED_EXPRESSION	1	FALSE	FALSE	FALSE	2	UNRESOLVED_EXPRESSION
residency_ab_cert	F:/~dev/rawrxd/CMakeLists.txt	2089	se _proper y TARGET residency_ab_cer  APPEND_STRING PROPERTY LINK_FLAGS  ${_WIN10_SDK_ROOT}/Lib/${_SDK_UM_VER}/um/x64\	set_property TARGET residency_ab_cert APPEND_STRING PROPERTY LINK_FLAGS  ${_WIN10_SDK_ROOT}/Lib/${_SDK_UM_VER}/um/x64/	UNRESOLVED_EXPRESSION	1	FALSE	FALSE	FALSE	2	UNRESOLVED_EXPRESSION
residency_ab_cert	F:/~dev/rawrxd/CMakeLists.txt	2092	se _proper y TARGET residency_ab_cer  APPEND_STRING PROPERTY LINK_FLAGS  ${_WIN10_SDK_ROOT}/Lib/${_SDK_UCRT_VER}/ucr /x64\	set_property TARGET residency_ab_cert APPEND_STRING PROPERTY LINK_FLAGS  ${_WIN10_SDK_ROOT}/Lib/${_SDK_UCRT_VER}/ucrt/x64/	UNRESOLVED_EXPRESSION	1	FALSE	FALSE	FALSE	2	UNRESOLVED_EXPRESSION
residency_ab_cert	F:/~dev/rawrxd/CMakeLists.txt	2095	se _proper y TARGET residency_ab_cer  APPEND_STRING PROPERTY LINK_FLAGS  ${_MSVC_ROOT}/lib/x64\	set_property TARGET residency_ab_cert APPEND_STRING PROPERTY LINK_FLAGS  ${_MSVC_ROOT}/lib/x64/	UNRESOLVED_EXPRESSION	1	FALSE	FALSE	FALSE	2	UNRESOLVED_EXPRESSION
rguf	F:/~dev/rawrxd/rguf_source/CMakeLists.txt	6	 arge _include_direc ories rguf PUBLIC ${CMAKE_CURRENT_SOURCE_DIR}	target_include_directories rguf PUBLIC ${CMAKE_CURRENT_SOURCE_DIR}	UNRESOLVED_EXPRESSION	1	FALSE	FALSE	FALSE	0	UNRESOLVED_EXPRESSION
rkc_code_world_cert	F:/~dev/rawrxd/CMakeLists.txt	43148	${CMAKE_SOURCE_DIR}/src ${CMAKE_SOURCE_DIR}/include	${CMAKE_SOURCE_DIR}/src ${CMAKE_SOURCE_DIR}/include	UNRESOLVED_EXPRESSION	1	FALSE	FALSE	FALSE	4	UNRESOLVED_EXPRESSION
rkc_code_world_cert	F:/~dev/rawrxd/CMakeLists.txt	43150	RUNTIME_OUTPUT_DIRECTORY ${CMAKE_BINARY_DIR}/bin	RUNTIME_OUTPUT_DIRECTORY ${CMAKE_BINARY_DIR}/bin	UNRESOLVED_EXPRESSION	1	FALSE	FALSE	FALSE	4	UNRESOLVED_EXPRESSION
rkc_code_world_cert	F:/~dev/rawrxd/CMakeLists.txt	43152	Mul iThreaded$<$<CONFIG:Debug>:Debug>	MultiThreaded$<$<CONFIG:Debug>:Debug>	UNRESOLVED_EXPRESSION	1	FALSE	FALSE	FALSE	4	UNRESOLVED_EXPRESSION
rkc_code_world_cert	F:/~dev/rawrxd/CMakeLists.txt	43157	${CMAKE_CURRENT_SOURCE_DIR}/src/rkc/rkc_smoke.cpp	${CMAKE_CURRENT_SOURCE_DIR}/src/rkc/rkc_smoke.cpp	UNRESOLVED_EXPRESSION	1	FALSE	FALSE	FALSE	5	UNRESOLVED_EXPRESSION
rkc_deep2_model_authority_cert	F:/~dev/rawrxd/CMakeLists.txt	43076	$<$<NOT:$<CONFIG:Debug>>:/O2> /arch:AVX512 /EHsc /W4 /s d:c++20	$<$<NOT:$<CONFIG:Debug>>:/O2> /arch:AVX512 /EHsc /W4 /std:c++20	UNRESOLVED_EXPRESSION	1	FALSE	FALSE	FALSE	5	UNRESOLVED_EXPRESSION
rkc_deep2_model_authority_cert	F:/~dev/rawrxd/CMakeLists.txt	43079	${CMAKE_SOURCE_DIR}/src ${CMAKE_SOURCE_DIR}/src/deep2	${CMAKE_SOURCE_DIR}/src ${CMAKE_SOURCE_DIR}/src/deep2	UNRESOLVED_EXPRESSION	1	FALSE	FALSE	FALSE	4	UNRESOLVED_EXPRESSION
rkc_deep2_model_authority_cert	F:/~dev/rawrxd/CMakeLists.txt	43080	${CMAKE_SOURCE_DIR}/src/agen ic ${CMAKE_SOURCE_DIR}/include	${CMAKE_SOURCE_DIR}/src/agentic ${CMAKE_SOURCE_DIR}/include	UNRESOLVED_EXPRESSION	1	FALSE	FALSE	FALSE	4	UNRESOLVED_EXPRESSION
rkc_deep2_model_authority_cert	F:/~dev/rawrxd/CMakeLists.txt	43082	RUNTIME_OUTPUT_DIRECTORY ${CMAKE_BINARY_DIR}/bin	RUNTIME_OUTPUT_DIRECTORY ${CMAKE_BINARY_DIR}/bin	UNRESOLVED_EXPRESSION	1	FALSE	FALSE	FALSE	4	UNRESOLVED_EXPRESSION
rkc_deep2_model_authority_cert	F:/~dev/rawrxd/CMakeLists.txt	43084	Mul iThreaded$<$<CONFIG:Debug>:Debug>	MultiThreaded$<$<CONFIG:Debug>:Debug>	UNRESOLVED_EXPRESSION	1	FALSE	FALSE	FALSE	4	UNRESOLVED_EXPRESSION
rkc_deep2_model_authority_cert	F:/~dev/rawrxd/CMakeLists.txt	43089	${CMAKE_CURRENT_SOURCE_DIR}/src/rkc/rkc_model_inven ory_cer .cpp	${CMAKE_CURRENT_SOURCE_DIR}/src/rkc/rkc_model_inventory_cert.cpp	UNRESOLVED_EXPRESSION	1	FALSE	FALSE	FALSE	5	UNRESOLVED_EXPRESSION
rkc_minimal_source_cert	F:/~dev/rawrxd/CMakeLists.txt	43131	${CMAKE_SOURCE_DIR}/src ${CMAKE_SOURCE_DIR}/include	${CMAKE_SOURCE_DIR}/src ${CMAKE_SOURCE_DIR}/include	UNRESOLVED_EXPRESSION	1	FALSE	FALSE	FALSE	4	UNRESOLVED_EXPRESSION
rkc_minimal_source_cert	F:/~dev/rawrxd/CMakeLists.txt	43133	RUNTIME_OUTPUT_DIRECTORY ${CMAKE_BINARY_DIR}/bin	RUNTIME_OUTPUT_DIRECTORY ${CMAKE_BINARY_DIR}/bin	UNRESOLVED_EXPRESSION	1	FALSE	FALSE	FALSE	4	UNRESOLVED_EXPRESSION
rkc_minimal_source_cert	F:/~dev/rawrxd/CMakeLists.txt	43135	Mul iThreaded$<$<CONFIG:Debug>:Debug>	MultiThreaded$<$<CONFIG:Debug>:Debug>	UNRESOLVED_EXPRESSION	1	FALSE	FALSE	FALSE	4	UNRESOLVED_EXPRESSION
rkc_minimal_source_cert	F:/~dev/rawrxd/CMakeLists.txt	43140	${CMAKE_CURRENT_SOURCE_DIR}/src/rkc/rkc_code_world_cer .cpp	${CMAKE_CURRENT_SOURCE_DIR}/src/rkc/rkc_code_world_cert.cpp	UNRESOLVED_EXPRESSION	1	FALSE	FALSE	FALSE	5	UNRESOLVED_EXPRESSION
rkc_model_inventory_cert	F:/~dev/rawrxd/CMakeLists.txt	43097	${CMAKE_SOURCE_DIR}/src ${CMAKE_SOURCE_DIR}/include	${CMAKE_SOURCE_DIR}/src ${CMAKE_SOURCE_DIR}/include	UNRESOLVED_EXPRESSION	1	FALSE	FALSE	FALSE	4	UNRESOLVED_EXPRESSION
rkc_model_inventory_cert	F:/~dev/rawrxd/CMakeLists.txt	43099	RUNTIME_OUTPUT_DIRECTORY ${CMAKE_BINARY_DIR}/bin	RUNTIME_OUTPUT_DIRECTORY ${CMAKE_BINARY_DIR}/bin	UNRESOLVED_EXPRESSION	1	FALSE	FALSE	FALSE	4	UNRESOLVED_EXPRESSION
rkc_model_inventory_cert	F:/~dev/rawrxd/CMakeLists.txt	43101	Mul iThreaded$<$<CONFIG:Debug>:Debug>	MultiThreaded$<$<CONFIG:Debug>:Debug>	UNRESOLVED_EXPRESSION	1	FALSE	FALSE	FALSE	4	UNRESOLVED_EXPRESSION
rkc_model_inventory_cert	F:/~dev/rawrxd/CMakeLists.txt	43106	${CMAKE_CURRENT_SOURCE_DIR}/src/rkc/rkc_nega ive_knowledge_cer .cpp	${CMAKE_CURRENT_SOURCE_DIR}/src/rkc/rkc_negative_knowledge_cert.cpp	UNRESOLVED_EXPRESSION	1	FALSE	FALSE	FALSE	5	UNRESOLVED_EXPRESSION
rkc_negative_knowledge_cert	F:/~dev/rawrxd/CMakeLists.txt	43114	${CMAKE_SOURCE_DIR}/src ${CMAKE_SOURCE_DIR}/include	${CMAKE_SOURCE_DIR}/src ${CMAKE_SOURCE_DIR}/include	UNRESOLVED_EXPRESSION	1	FALSE	FALSE	FALSE	4	UNRESOLVED_EXPRESSION
rkc_negative_knowledge_cert	F:/~dev/rawrxd/CMakeLists.txt	43116	RUNTIME_OUTPUT_DIRECTORY ${CMAKE_BINARY_DIR}/bin	RUNTIME_OUTPUT_DIRECTORY ${CMAKE_BINARY_DIR}/bin	UNRESOLVED_EXPRESSION	1	FALSE	FALSE	FALSE	4	UNRESOLVED_EXPRESSION
rkc_negative_knowledge_cert	F:/~dev/rawrxd/CMakeLists.txt	43118	Mul iThreaded$<$<CONFIG:Debug>:Debug>	MultiThreaded$<$<CONFIG:Debug>:Debug>	UNRESOLVED_EXPRESSION	1	FALSE	FALSE	FALSE	4	UNRESOLVED_EXPRESSION
rkc_negative_knowledge_cert	F:/~dev/rawrxd/CMakeLists.txt	43123	${CMAKE_CURRENT_SOURCE_DIR}/src/rkc/rkc_minimal_source_cer .cpp	${CMAKE_CURRENT_SOURCE_DIR}/src/rkc/rkc_minimal_source_cert.cpp	UNRESOLVED_EXPRESSION	1	FALSE	FALSE	FALSE	5	UNRESOLVED_EXPRESSION
rkc_product_context_smoke	F:/~dev/rawrxd/CMakeLists.txt	43181	${CMAKE_SOURCE_DIR}/src	${CMAKE_SOURCE_DIR}/src	UNRESOLVED_EXPRESSION	1	FALSE	FALSE	FALSE	4	UNRESOLVED_EXPRESSION
rkc_product_context_smoke	F:/~dev/rawrxd/CMakeLists.txt	43182	${CMAKE_SOURCE_DIR}/include	${CMAKE_SOURCE_DIR}/include	UNRESOLVED_EXPRESSION	1	FALSE	FALSE	FALSE	4	UNRESOLVED_EXPRESSION
rkc_product_context_smoke	F:/~dev/rawrxd/CMakeLists.txt	43185	RUNTIME_OUTPUT_DIRECTORY ${CMAKE_BINARY_DIR}/bin	RUNTIME_OUTPUT_DIRECTORY ${CMAKE_BINARY_DIR}/bin	UNRESOLVED_EXPRESSION	1	FALSE	FALSE	FALSE	4	UNRESOLVED_EXPRESSION
rkc_product_context_smoke	F:/~dev/rawrxd/CMakeLists.txt	43187	Mul iThreaded$<$<CONFIG:Debug>:Debug>	MultiThreaded$<$<CONFIG:Debug>:Debug>	UNRESOLVED_EXPRESSION	1	FALSE	FALSE	FALSE	4	UNRESOLVED_EXPRESSION
rkc_smoke	F:/~dev/rawrxd/CMakeLists.txt	43165	${CMAKE_SOURCE_DIR}/src	${CMAKE_SOURCE_DIR}/src	UNRESOLVED_EXPRESSION	1	FALSE	FALSE	FALSE	4	UNRESOLVED_EXPRESSION
rkc_smoke	F:/~dev/rawrxd/CMakeLists.txt	43166	${CMAKE_SOURCE_DIR}/include	${CMAKE_SOURCE_DIR}/include	UNRESOLVED_EXPRESSION	1	FALSE	FALSE	FALSE	4	UNRESOLVED_EXPRESSION
rkc_smoke	F:/~dev/rawrxd/CMakeLists.txt	43169	RUNTIME_OUTPUT_DIRECTORY ${CMAKE_BINARY_DIR}/bin	RUNTIME_OUTPUT_DIRECTORY ${CMAKE_BINARY_DIR}/bin	UNRESOLVED_EXPRESSION	1	FALSE	FALSE	FALSE	4	UNRESOLVED_EXPRESSION
rkc_smoke	F:/~dev/rawrxd/CMakeLists.txt	43171	Mul iThreaded$<$<CONFIG:Debug>:Debug>	MultiThreaded$<$<CONFIG:Debug>:Debug>	UNRESOLVED_EXPRESSION	1	FALSE	FALSE	FALSE	4	UNRESOLVED_EXPRESSION
rkc_smoke	F:/~dev/rawrxd/CMakeLists.txt	43173	${CMAKE_CURRENT_SOURCE_DIR}/src/rkc/rkc_produc _con ex _smoke.cpp	${CMAKE_CURRENT_SOURCE_DIR}/src/rkc/rkc_product_context_smoke.cpp	UNRESOLVED_EXPRESSION	1	FALSE	FALSE	FALSE	5	UNRESOLVED_EXPRESSION
tatus_code	F:/~dev/rawrxd/build_clean_test/_deps/nlohmann_json-subbuild/nlohmann_json-populate-prefix/src/nlohmann_json-populate-stamp/download-nlohmann_json-populate.cmake	155	${url}	${url}	UNRESOLVED_EXPRESSION	1	FALSE	FALSE	FALSE	3	UNRESOLVED_EXPRESSION
tatus_code	F:/~dev/rawrxd/build_clean_test3/_deps/nlohmann_json-subbuild/nlohmann_json-populate-prefix/src/nlohmann_json-populate-stamp/download-nlohmann_json-populate.cmake	155	${url}	${url}	UNRESOLVED_EXPRESSION	1	FALSE	FALSE	FALSE	3	UNRESOLVED_EXPRESSION
tatus_code	F:/~dev/rawrxd/build_clean_test5/_deps/nlohmann_json-subbuild/nlohmann_json-populate-prefix/src/nlohmann_json-populate-stamp/download-nlohmann_json-populate.cmake	155	${url}	${url}	UNRESOLVED_EXPRESSION	1	FALSE	FALSE	FALSE	3	UNRESOLVED_EXPRESSION
tatus_code	F:/~dev/rawrxd/build_clean_test6/_deps/nlohmann_json-subbuild/nlohmann_json-populate-prefix/src/nlohmann_json-populate-stamp/download-nlohmann_json-populate.cmake	155	${url}	${url}	UNRESOLVED_EXPRESSION	1	FALSE	FALSE	FALSE	3	UNRESOLVED_EXPRESSION
tatus_code	F:/~dev/rawrxd/build_clean_test7/_deps/nlohmann_json-subbuild/nlohmann_json-populate-prefix/src/nlohmann_json-populate-stamp/download-nlohmann_json-populate.cmake	155	${url}	${url}	UNRESOLVED_EXPRESSION	1	FALSE	FALSE	FALSE	3	UNRESOLVED_EXPRESSION
tatus_code	F:/~dev/rawrxd/build_p1pra_prod/_deps/nlohmann_json-subbuild/nlohmann_json-populate-prefix/src/nlohmann_json-populate-stamp/download-nlohmann_json-populate.cmake	155	${url}	${url}	UNRESOLVED_EXPRESSION	1	FALSE	FALSE	FALSE	3	UNRESOLVED_EXPRESSION
tatus_code	F:/~dev/rawrxd/build_p2/_deps/nlohmann_json-subbuild/nlohmann_json-populate-prefix/src/nlohmann_json-populate-stamp/download-nlohmann_json-populate.cmake	155	${url}	${url}	UNRESOLVED_EXPRESSION	1	FALSE	FALSE	FALSE	3	UNRESOLVED_EXPRESSION
tatus_code	F:/~dev/rawrxd/build_p2_fresh/_deps/nlohmann_json-subbuild/nlohmann_json-populate-prefix/src/nlohmann_json-populate-stamp/download-nlohmann_json-populate.cmake	155	${url}	${url}	UNRESOLVED_EXPRESSION	1	FALSE	FALSE	FALSE	3	UNRESOLVED_EXPRESSION
test_attn_out_bisect	F:/~dev/rawrxd/CMakeLists.txt	108374	 arge _include_direc ories  es _a  n_ou _bisec  PRIVATE ${CMAKE_SOURCE_DIR}/src/deep2 ${CMAKE_SOURCE_DIR}/include	target_include_directories test_attn_out_bisect PRIVATE ${CMAKE_SOURCE_DIR}/src/deep2 ${CMAKE_SOURCE_DIR}/include	UNRESOLVED_EXPRESSION	1	FALSE	FALSE	FALSE	5	UNRESOLVED_EXPRESSION
test_attn_out_bisect	F:/~dev/rawrxd/CMakeLists.txt	108375	se _ arge _proper ies  es _a  n_ou _bisec  PROPERTIES RUNTIME_OUTPUT_DIRECTORY ${CMAKE_BINARY_DIR}/bin OUTPUT_NAME  es _a  n_ou _bisec 	set_target_properties test_attn_out_bisect PROPERTIES RUNTIME_OUTPUT_DIRECTORY ${CMAKE_BINARY_DIR}/bin OUTPUT_NAME test_attn_out_bisect	UNRESOLVED_EXPRESSION	1	FALSE	FALSE	FALSE	5	UNRESOLVED_EXPRESSION
test_attn_out_bisect	F:/~dev/rawrxd/CMakeLists.txt	108379	${CMAKE_CURRENT_SOURCE_DIR}/src/deep2/ es _o_proj_gemv.cpp	${CMAKE_CURRENT_SOURCE_DIR}/src/deep2/test_o_proj_gemv.cpp	UNRESOLVED_EXPRESSION	1	FALSE	FALSE	FALSE	6	UNRESOLVED_EXPRESSION
test_autonomous_pipeline	F:/~dev/rawrxd/CMakeLists.txt	82572	${CMAKE_SOURCE_DIR}/Ship	${CMAKE_SOURCE_DIR}/Ship	UNRESOLVED_EXPRESSION	1	FALSE	FALSE	FALSE	4	UNRESOLVED_EXPRESSION
test_autonomous_pipeline	F:/~dev/rawrxd/CMakeLists.txt	82573	${CMAKE_SOURCE_DIR}	${CMAKE_SOURCE_DIR}	UNRESOLVED_EXPRESSION	1	FALSE	FALSE	FALSE	4	UNRESOLVED_EXPRESSION
test_autonomous_pipeline	F:/~dev/rawrxd/CMakeLists.txt	82577	RUNTIME_OUTPUT_DIRECTORY ${CMAKE_BINARY_DIR}/bin	RUNTIME_OUTPUT_DIRECTORY ${CMAKE_BINARY_DIR}/bin	UNRESOLVED_EXPRESSION	1	FALSE	FALSE	FALSE	4	UNRESOLVED_EXPRESSION
test_autonomous_pipeline	F:/~dev/rawrxd/CMakeLists.txt	82580	${CMAKE_SOURCE_DIR}/src/cpu_inference_engine_au ofix_s ub.cpp	${CMAKE_SOURCE_DIR}/src/cpu_inference_engine_autofix_stub.cpp	UNRESOLVED_EXPRESSION	1	FALSE	FALSE	FALSE	5	UNRESOLVED_EXPRESSION
test_chat_template	F:/~dev/rawrxd/CMakeLists.txt	39882	${CMAKE_SOURCE_DIR}/src/deep2	${CMAKE_SOURCE_DIR}/src/deep2	UNRESOLVED_EXPRESSION	1	FALSE	FALSE	FALSE	3	UNRESOLVED_EXPRESSION
test_chat_template	F:/~dev/rawrxd/CMakeLists.txt	39883	${CMAKE_SOURCE_DIR}/src/ okenizer	${CMAKE_SOURCE_DIR}/src/tokenizer	UNRESOLVED_EXPRESSION	1	FALSE	FALSE	FALSE	3	UNRESOLVED_EXPRESSION
test_chat_template	F:/~dev/rawrxd/CMakeLists.txt	39884	${CMAKE_SOURCE_DIR}/include	${CMAKE_SOURCE_DIR}/include	UNRESOLVED_EXPRESSION	1	FALSE	FALSE	FALSE	3	UNRESOLVED_EXPRESSION
test_chat_template	F:/~dev/rawrxd/CMakeLists.txt	39887	RUNTIME_OUTPUT_DIRECTORY ${CMAKE_BINARY_DIR}/bin	RUNTIME_OUTPUT_DIRECTORY ${CMAKE_BINARY_DIR}/bin	UNRESOLVED_EXPRESSION	1	FALSE	FALSE	FALSE	3	UNRESOLVED_EXPRESSION
test_chat_template	F:/~dev/rawrxd/CMakeLists.txt	39889	Mul iThreaded$<$<CONFIG:Debug>:Debug>	MultiThreaded$<$<CONFIG:Debug>:Debug>	UNRESOLVED_EXPRESSION	1	FALSE	FALSE	FALSE	3	UNRESOLVED_EXPRESSION
test_chat_template_unit	F:/~dev/rawrxd/CMakeLists.txt	39905	${CMAKE_SOURCE_DIR}/src/deep2	${CMAKE_SOURCE_DIR}/src/deep2	UNRESOLVED_EXPRESSION	1	FALSE	FALSE	FALSE	3	UNRESOLVED_EXPRESSION
test_chat_template_unit	F:/~dev/rawrxd/CMakeLists.txt	39906	${CMAKE_SOURCE_DIR}/include	${CMAKE_SOURCE_DIR}/include	UNRESOLVED_EXPRESSION	1	FALSE	FALSE	FALSE	3	UNRESOLVED_EXPRESSION
test_chat_template_unit	F:/~dev/rawrxd/CMakeLists.txt	39909	RUNTIME_OUTPUT_DIRECTORY ${CMAKE_BINARY_DIR}/bin	RUNTIME_OUTPUT_DIRECTORY ${CMAKE_BINARY_DIR}/bin	UNRESOLVED_EXPRESSION	1	FALSE	FALSE	FALSE	3	UNRESOLVED_EXPRESSION
test_chat_template_unit	F:/~dev/rawrxd/CMakeLists.txt	39911	Mul iThreaded$<$<CONFIG:Debug>:Debug>	MultiThreaded$<$<CONFIG:Debug>:Debug>	UNRESOLVED_EXPRESSION	1	FALSE	FALSE	FALSE	3	UNRESOLVED_EXPRESSION
test_deterministic_replay	F:/~dev/rawrxd/CMakeLists.txt	46688	${CMAKE_SOURCE_DIR}/src/deep2	${CMAKE_SOURCE_DIR}/src/deep2	UNRESOLVED_EXPRESSION	1	FALSE	FALSE	FALSE	4	UNRESOLVED_EXPRESSION
test_deterministic_replay	F:/~dev/rawrxd/CMakeLists.txt	46689	${CMAKE_SOURCE_DIR}/include	${CMAKE_SOURCE_DIR}/include	UNRESOLVED_EXPRESSION	1	FALSE	FALSE	FALSE	4	UNRESOLVED_EXPRESSION
test_deterministic_replay	F:/~dev/rawrxd/CMakeLists.txt	46692	RUNTIME_OUTPUT_DIRECTORY ${CMAKE_BINARY_DIR}/bin	RUNTIME_OUTPUT_DIRECTORY ${CMAKE_BINARY_DIR}/bin	UNRESOLVED_EXPRESSION	1	FALSE	FALSE	FALSE	4	UNRESOLVED_EXPRESSION
test_deterministic_replay	F:/~dev/rawrxd/CMakeLists.txt	46694	Mul iThreaded$<$<CONFIG:Debug>:Debug>	MultiThreaded$<$<CONFIG:Debug>:Debug>	UNRESOLVED_EXPRESSION	1	FALSE	FALSE	FALSE	4	UNRESOLVED_EXPRESSION
test_embed_q4k_token	F:/~dev/rawrxd/CMakeLists.txt	39859	${CMAKE_SOURCE_DIR}/src/deep2	${CMAKE_SOURCE_DIR}/src/deep2	UNRESOLVED_EXPRESSION	1	FALSE	FALSE	FALSE	3	UNRESOLVED_EXPRESSION
test_embed_q4k_token	F:/~dev/rawrxd/CMakeLists.txt	39860	${CMAKE_SOURCE_DIR}/include	${CMAKE_SOURCE_DIR}/include	UNRESOLVED_EXPRESSION	1	FALSE	FALSE	FALSE	3	UNRESOLVED_EXPRESSION
test_embed_q4k_token	F:/~dev/rawrxd/CMakeLists.txt	39863	RUNTIME_OUTPUT_DIRECTORY ${CMAKE_BINARY_DIR}/bin	RUNTIME_OUTPUT_DIRECTORY ${CMAKE_BINARY_DIR}/bin	UNRESOLVED_EXPRESSION	1	FALSE	FALSE	FALSE	3	UNRESOLVED_EXPRESSION
test_embed_q4k_token	F:/~dev/rawrxd/CMakeLists.txt	39865	Mul iThreaded$<$<CONFIG:Debug>:Debug>	MultiThreaded$<$<CONFIG:Debug>:Debug>	UNRESOLVED_EXPRESSION	1	FALSE	FALSE	FALSE	3	UNRESOLVED_EXPRESSION
test_generate_313_tokens	F:/~dev/rawrxd/CMakeLists.txt	39708	${CMAKE_SOURCE_DIR}/src/deep2	${CMAKE_SOURCE_DIR}/src/deep2	UNRESOLVED_EXPRESSION	1	FALSE	FALSE	FALSE	3	UNRESOLVED_EXPRESSION
test_generate_313_tokens	F:/~dev/rawrxd/CMakeLists.txt	39709	${CMAKE_SOURCE_DIR}/src/ okenizer	${CMAKE_SOURCE_DIR}/src/tokenizer	UNRESOLVED_EXPRESSION	1	FALSE	FALSE	FALSE	3	UNRESOLVED_EXPRESSION
test_generate_313_tokens	F:/~dev/rawrxd/CMakeLists.txt	39710	${CMAKE_SOURCE_DIR}/include	${CMAKE_SOURCE_DIR}/include	UNRESOLVED_EXPRESSION	1	FALSE	FALSE	FALSE	3	UNRESOLVED_EXPRESSION
test_generate_313_tokens	F:/~dev/rawrxd/CMakeLists.txt	39713	RUNTIME_OUTPUT_DIRECTORY ${CMAKE_BINARY_DIR}/bin	RUNTIME_OUTPUT_DIRECTORY ${CMAKE_BINARY_DIR}/bin	UNRESOLVED_EXPRESSION	1	FALSE	FALSE	FALSE	3	UNRESOLVED_EXPRESSION
test_generate_313_tokens	F:/~dev/rawrxd/CMakeLists.txt	39715	Mul iThreaded$<$<CONFIG:Debug>:Debug>	MultiThreaded$<$<CONFIG:Debug>:Debug>	UNRESOLVED_EXPRESSION	1	FALSE	FALSE	FALSE	3	UNRESOLVED_EXPRESSION
test_generate_one_token	F:/~dev/rawrxd/CMakeLists.txt	39684	${CMAKE_SOURCE_DIR}/src/deep2	${CMAKE_SOURCE_DIR}/src/deep2	UNRESOLVED_EXPRESSION	1	FALSE	FALSE	FALSE	3	UNRESOLVED_EXPRESSION
test_generate_one_token	F:/~dev/rawrxd/CMakeLists.txt	39685	${CMAKE_SOURCE_DIR}/src/ okenizer	${CMAKE_SOURCE_DIR}/src/tokenizer	UNRESOLVED_EXPRESSION	1	FALSE	FALSE	FALSE	3	UNRESOLVED_EXPRESSION
test_generate_one_token	F:/~dev/rawrxd/CMakeLists.txt	39686	${CMAKE_SOURCE_DIR}/include	${CMAKE_SOURCE_DIR}/include	UNRESOLVED_EXPRESSION	1	FALSE	FALSE	FALSE	3	UNRESOLVED_EXPRESSION
test_generate_one_token	F:/~dev/rawrxd/CMakeLists.txt	39689	RUNTIME_OUTPUT_DIRECTORY ${CMAKE_BINARY_DIR}/bin	RUNTIME_OUTPUT_DIRECTORY ${CMAKE_BINARY_DIR}/bin	UNRESOLVED_EXPRESSION	1	FALSE	FALSE	FALSE	3	UNRESOLVED_EXPRESSION
test_generate_one_token	F:/~dev/rawrxd/CMakeLists.txt	39691	Mul iThreaded$<$<CONFIG:Debug>:Debug>	MultiThreaded$<$<CONFIG:Debug>:Debug>	UNRESOLVED_EXPRESSION	1	FALSE	FALSE	FALSE	3	UNRESOLVED_EXPRESSION
test_gguf_metadata_bounds	F:/~dev/rawrxd/CMakeLists.txt	2331	RUNTIME_OUTPUT_DIRECTORY ${CMAKE_BINARY_DIR}/bin	RUNTIME_OUTPUT_DIRECTORY ${CMAKE_BINARY_DIR}/bin	UNRESOLVED_EXPRESSION	1	FALSE	FALSE	FALSE	1	UNRESOLVED_EXPRESSION
test_gguf_metadata_bounds	F:/~dev/rawrxd/CMakeLists.txt	2335	se _proper y TARGET  es _gguf_me ada a_bounds APPEND_STRING PROPERTY LINK_FLAGS  ${_WIN10_SDK_ROOT}/Lib/${_SDK_UM_VER}/um/x64\	set_property TARGET test_gguf_metadata_bounds APPEND_STRING PROPERTY LINK_FLAGS  ${_WIN10_SDK_ROOT}/Lib/${_SDK_UM_VER}/um/x64/	UNRESOLVED_EXPRESSION	1	FALSE	FALSE	FALSE	2	UNRESOLVED_EXPRESSION
test_gguf_metadata_bounds	F:/~dev/rawrxd/CMakeLists.txt	2338	se _proper y TARGET  es _gguf_me ada a_bounds APPEND_STRING PROPERTY LINK_FLAGS  ${_WIN10_SDK_ROOT}/Lib/${_SDK_UCRT_VER}/ucr /x64\	set_property TARGET test_gguf_metadata_bounds APPEND_STRING PROPERTY LINK_FLAGS  ${_WIN10_SDK_ROOT}/Lib/${_SDK_UCRT_VER}/ucrt/x64/	UNRESOLVED_EXPRESSION	1	FALSE	FALSE	FALSE	2	UNRESOLVED_EXPRESSION
test_gguf_metadata_bounds	F:/~dev/rawrxd/CMakeLists.txt	2341	se _proper y TARGET  es _gguf_me ada a_bounds APPEND_STRING PROPERTY LINK_FLAGS  ${_MSVC_ROOT}/lib/x64\	set_property TARGET test_gguf_metadata_bounds APPEND_STRING PROPERTY LINK_FLAGS  ${_MSVC_ROOT}/lib/x64/	UNRESOLVED_EXPRESSION	1	FALSE	FALSE	FALSE	2	UNRESOLVED_EXPRESSION
test_gguf_metadata_bounds	F:/~dev/rawrxd/CMakeLists.txt	2355	${CMAKE_SOURCE_DIR}/ es s/ es _gguf_ ensor_bounds.cpp	${CMAKE_SOURCE_DIR}/tests/test_gguf_tensor_bounds.cpp	UNRESOLVED_EXPRESSION	1	FALSE	FALSE	FALSE	1	UNRESOLVED_EXPRESSION
test_gguf_tensor_bounds	F:/~dev/rawrxd/CMakeLists.txt	2363	RUNTIME_OUTPUT_DIRECTORY ${CMAKE_BINARY_DIR}/bin	RUNTIME_OUTPUT_DIRECTORY ${CMAKE_BINARY_DIR}/bin	UNRESOLVED_EXPRESSION	1	FALSE	FALSE	FALSE	1	UNRESOLVED_EXPRESSION
test_gguf_tensor_bounds	F:/~dev/rawrxd/CMakeLists.txt	2367	${CMAKE_SOURCE_DIR}	${CMAKE_SOURCE_DIR}	UNRESOLVED_EXPRESSION	1	FALSE	FALSE	FALSE	1	UNRESOLVED_EXPRESSION
test_gguf_tensor_bounds	F:/~dev/rawrxd/CMakeLists.txt	2368	${CMAKE_SOURCE_DIR}/src	${CMAKE_SOURCE_DIR}/src	UNRESOLVED_EXPRESSION	1	FALSE	FALSE	FALSE	1	UNRESOLVED_EXPRESSION
test_gguf_tensor_bounds	F:/~dev/rawrxd/CMakeLists.txt	2369	${CMAKE_SOURCE_DIR}/src/model	${CMAKE_SOURCE_DIR}/src/model	UNRESOLVED_EXPRESSION	1	FALSE	FALSE	FALSE	1	UNRESOLVED_EXPRESSION
test_gguf_tensor_bounds	F:/~dev/rawrxd/CMakeLists.txt	2372	se _proper y TARGET  es _gguf_ ensor_bounds APPEND_STRING PROPERTY LINK_FLAGS  ${_WIN10_SDK_ROOT}/Lib/${_SDK_UM_VER}/um/x64\	set_property TARGET test_gguf_tensor_bounds APPEND_STRING PROPERTY LINK_FLAGS  ${_WIN10_SDK_ROOT}/Lib/${_SDK_UM_VER}/um/x64/	UNRESOLVED_EXPRESSION	1	FALSE	FALSE	FALSE	2	UNRESOLVED_EXPRESSION
test_gguf_tensor_bounds	F:/~dev/rawrxd/CMakeLists.txt	2375	se _proper y TARGET  es _gguf_ ensor_bounds APPEND_STRING PROPERTY LINK_FLAGS  ${_WIN10_SDK_ROOT}/Lib/${_SDK_UCRT_VER}/ucr /x64\	set_property TARGET test_gguf_tensor_bounds APPEND_STRING PROPERTY LINK_FLAGS  ${_WIN10_SDK_ROOT}/Lib/${_SDK_UCRT_VER}/ucrt/x64/	UNRESOLVED_EXPRESSION	1	FALSE	FALSE	FALSE	2	UNRESOLVED_EXPRESSION
test_gguf_tensor_bounds	F:/~dev/rawrxd/CMakeLists.txt	2378	se _proper y TARGET  es _gguf_ ensor_bounds APPEND_STRING PROPERTY LINK_FLAGS  ${_MSVC_ROOT}/lib/x64\	set_property TARGET test_gguf_tensor_bounds APPEND_STRING PROPERTY LINK_FLAGS  ${_MSVC_ROOT}/lib/x64/	UNRESOLVED_EXPRESSION	1	FALSE	FALSE	FALSE	2	UNRESOLVED_EXPRESSION
test_gguf_tokenizer_bounds	F:/~dev/rawrxd/CMakeLists.txt	2232	RUNTIME_OUTPUT_DIRECTORY ${CMAKE_BINARY_DIR}/bin	RUNTIME_OUTPUT_DIRECTORY ${CMAKE_BINARY_DIR}/bin	UNRESOLVED_EXPRESSION	1	FALSE	FALSE	FALSE	1	UNRESOLVED_EXPRESSION
test_gguf_tokenizer_bounds	F:/~dev/rawrxd/CMakeLists.txt	2236	${CMAKE_SOURCE_DIR}	${CMAKE_SOURCE_DIR}	UNRESOLVED_EXPRESSION	1	FALSE	FALSE	FALSE	1	UNRESOLVED_EXPRESSION
test_gguf_tokenizer_bounds	F:/~dev/rawrxd/CMakeLists.txt	2237	${CMAKE_SOURCE_DIR}/src	${CMAKE_SOURCE_DIR}/src	UNRESOLVED_EXPRESSION	1	FALSE	FALSE	FALSE	1	UNRESOLVED_EXPRESSION
test_gguf_tokenizer_bounds	F:/~dev/rawrxd/CMakeLists.txt	2238	${CMAKE_SOURCE_DIR}/src/ okenizer	${CMAKE_SOURCE_DIR}/src/tokenizer	UNRESOLVED_EXPRESSION	1	FALSE	FALSE	FALSE	1	UNRESOLVED_EXPRESSION
test_gguf_tokenizer_bounds	F:/~dev/rawrxd/CMakeLists.txt	2244	se _proper y TARGET  es _gguf_ okenizer_bounds APPEND_STRING PROPERTY LINK_FLAGS  ${_WIN10_SDK_ROOT}/Lib/${_SDK_UM_VER}/um/x64\	set_property TARGET test_gguf_tokenizer_bounds APPEND_STRING PROPERTY LINK_FLAGS  ${_WIN10_SDK_ROOT}/Lib/${_SDK_UM_VER}/um/x64/	UNRESOLVED_EXPRESSION	1	FALSE	FALSE	FALSE	2	UNRESOLVED_EXPRESSION
test_gguf_tokenizer_bounds	F:/~dev/rawrxd/CMakeLists.txt	2247	se _proper y TARGET  es _gguf_ okenizer_bounds APPEND_STRING PROPERTY LINK_FLAGS  ${_WIN10_SDK_ROOT}/Lib/${_SDK_UCRT_VER}/ucr /x64\	set_property TARGET test_gguf_tokenizer_bounds APPEND_STRING PROPERTY LINK_FLAGS  ${_WIN10_SDK_ROOT}/Lib/${_SDK_UCRT_VER}/ucrt/x64/	UNRESOLVED_EXPRESSION	1	FALSE	FALSE	FALSE	2	UNRESOLVED_EXPRESSION
test_gguf_tokenizer_bounds	F:/~dev/rawrxd/CMakeLists.txt	2250	se _proper y TARGET  es _gguf_ okenizer_bounds APPEND_STRING PROPERTY LINK_FLAGS  ${_MSVC_ROOT}/lib/x64\	set_property TARGET test_gguf_tokenizer_bounds APPEND_STRING PROPERTY LINK_FLAGS  ${_MSVC_ROOT}/lib/x64/	UNRESOLVED_EXPRESSION	1	FALSE	FALSE	FALSE	2	UNRESOLVED_EXPRESSION
test_l10_ffn_inp_same_source	F:/~dev/rawrxd/CMakeLists.txt	47836	${CMAKE_SOURCE_DIR}/src/deep2	${CMAKE_SOURCE_DIR}/src/deep2	UNRESOLVED_EXPRESSION	1	FALSE	FALSE	FALSE	4	UNRESOLVED_EXPRESSION
test_l10_ffn_inp_same_source	F:/~dev/rawrxd/CMakeLists.txt	47837	${CMAKE_SOURCE_DIR}/include	${CMAKE_SOURCE_DIR}/include	UNRESOLVED_EXPRESSION	1	FALSE	FALSE	FALSE	4	UNRESOLVED_EXPRESSION
test_l10_ffn_inp_same_source	F:/~dev/rawrxd/CMakeLists.txt	47843	RUNTIME_OUTPUT_DIRECTORY ${CMAKE_BINARY_DIR}/bin	RUNTIME_OUTPUT_DIRECTORY ${CMAKE_BINARY_DIR}/bin	UNRESOLVED_EXPRESSION	1	FALSE	FALSE	FALSE	4	UNRESOLVED_EXPRESSION
test_lora_shadow	F:/~dev/rawrxd/cmake/Phase21_HardenedMASM.cmake	100	$<$<CXX_COMPILER_ID:MSVC>:/s d:c++17>	$<$<CXX_COMPILER_ID:MSVC>:/std:c++17>	UNRESOLVED_EXPRESSION	1	FALSE	FALSE	FALSE	1	UNRESOLVED_EXPRESSION
test_lora_shadow	F:/~dev/rawrxd/cmake/Phase21_HardenedMASM.cmake	108	RUNTIME_OUTPUT_DIRECTORY ${CMAKE_BINARY_DIR}/bin	RUNTIME_OUTPUT_DIRECTORY ${CMAKE_BINARY_DIR}/bin	UNRESOLVED_EXPRESSION	1	FALSE	FALSE	FALSE	1	UNRESOLVED_EXPRESSION
test_lora_shadow	F:/~dev/rawrxd/cmake/Phase21_HardenedMASM.cmake	127	WORKING_DIRECTORY ${CMAKE_BINARY_DIR}/bin	WORKING_DIRECTORY ${CMAKE_BINARY_DIR}/bin	UNRESOLVED_EXPRESSION	1	FALSE	FALSE	FALSE	1	UNRESOLVED_EXPRESSION
test_lora_shadow	F:/~dev/rawrxd/cmake/Phase21_HardenedMASM.cmake	87	$<TARGET_OBJECTS:lora_kernel>	$<TARGET_OBJECTS:lora_kernel>	UNRESOLVED_EXPRESSION	1	FALSE	FALSE	FALSE	1	UNRESOLVED_EXPRESSION
test_lora_shadow	F:/~dev/rawrxd/cmake/Phase21_HardenedMASM.cmake	91	${CMAKE_CURRENT_SOURCE_DIR}/src	${CMAKE_CURRENT_SOURCE_DIR}/src	UNRESOLVED_EXPRESSION	1	FALSE	FALSE	FALSE	1	UNRESOLVED_EXPRESSION
test_lora_shadow	F:/~dev/rawrxd/cmake/Phase21_HardenedMASM.cmake	92	${CMAKE_CURRENT_SOURCE_DIR}/src/lora	${CMAKE_CURRENT_SOURCE_DIR}/src/lora	UNRESOLVED_EXPRESSION	1	FALSE	FALSE	FALSE	1	UNRESOLVED_EXPRESSION
test_lora_shadow	F:/~dev/rawrxd/cmake/Phase21_HardenedMASM.cmake	93	${CMAKE_BINARY_DIR}/genera ed	${CMAKE_BINARY_DIR}/generated	UNRESOLVED_EXPRESSION	1	FALSE	FALSE	FALSE	1	UNRESOLVED_EXPRESSION
test_lora_shadow	F:/~dev/rawrxd/cmake/Phase21_HardenedMASM.cmake	97	$<$<CXX_COMPILER_ID:MSVC>:/EHsc>	$<$<CXX_COMPILER_ID:MSVC>:/EHsc>	UNRESOLVED_EXPRESSION	1	FALSE	FALSE	FALSE	1	UNRESOLVED_EXPRESSION
test_lora_shadow	F:/~dev/rawrxd/cmake/Phase21_HardenedMASM.cmake	98	$<$<CXX_COMPILER_ID:MSVC>:/W3>	$<$<CXX_COMPILER_ID:MSVC>:/W3>	UNRESOLVED_EXPRESSION	1	FALSE	FALSE	FALSE	1	UNRESOLVED_EXPRESSION
test_lora_shadow	F:/~dev/rawrxd/cmake/Phase21_HardenedMASM.cmake	99	$<$<CXX_COMPILER_ID:MSVC>:/O2>	$<$<CXX_COMPILER_ID:MSVC>:/O2>	UNRESOLVED_EXPRESSION	1	FALSE	FALSE	FALSE	1	UNRESOLVED_EXPRESSION
test_mars_controller	F:/~dev/rawrxd/CMakeLists.txt	43777	${CMAKE_SOURCE_DIR}/src/deep2	${CMAKE_SOURCE_DIR}/src/deep2	UNRESOLVED_EXPRESSION	1	FALSE	FALSE	FALSE	4	UNRESOLVED_EXPRESSION
test_mars_controller	F:/~dev/rawrxd/CMakeLists.txt	43780	RUNTIME_OUTPUT_DIRECTORY ${CMAKE_BINARY_DIR}/bin	RUNTIME_OUTPUT_DIRECTORY ${CMAKE_BINARY_DIR}/bin	UNRESOLVED_EXPRESSION	1	FALSE	FALSE	FALSE	4	UNRESOLVED_EXPRESSION
test_mars_controller	F:/~dev/rawrxd/CMakeLists.txt	43782	Mul iThreaded$<$<CONFIG:Debug>:Debug>	MultiThreaded$<$<CONFIG:Debug>:Debug>	UNRESOLVED_EXPRESSION	1	FALSE	FALSE	FALSE	4	UNRESOLVED_EXPRESSION
test_o_proj_gemv	F:/~dev/rawrxd/CMakeLists.txt	108386	 arge _include_direc ories  es _o_proj_gemv PRIVATE ${CMAKE_SOURCE_DIR}/src/deep2 ${CMAKE_SOURCE_DIR}/include	target_include_directories test_o_proj_gemv PRIVATE ${CMAKE_SOURCE_DIR}/src/deep2 ${CMAKE_SOURCE_DIR}/include	UNRESOLVED_EXPRESSION	1	FALSE	FALSE	FALSE	5	UNRESOLVED_EXPRESSION
test_o_proj_gemv	F:/~dev/rawrxd/CMakeLists.txt	108387	se _ arge _proper ies  es _o_proj_gemv PROPERTIES RUNTIME_OUTPUT_DIRECTORY ${CMAKE_BINARY_DIR}/bin OUTPUT_NAME  es _o_proj_gemv	set_target_properties test_o_proj_gemv PROPERTIES RUNTIME_OUTPUT_DIRECTORY ${CMAKE_BINARY_DIR}/bin OUTPUT_NAME test_o_proj_gemv	UNRESOLVED_EXPRESSION	1	FALSE	FALSE	FALSE	5	UNRESOLVED_EXPRESSION
test_o_proj_gemv	F:/~dev/rawrxd/CMakeLists.txt	108391	${CMAKE_CURRENT_SOURCE_DIR}/src/deep2/ es _o_proj_mulma _002.cpp	${CMAKE_CURRENT_SOURCE_DIR}/src/deep2/test_o_proj_mulmat_002.cpp	UNRESOLVED_EXPRESSION	1	FALSE	FALSE	FALSE	6	UNRESOLVED_EXPRESSION
test_o_proj_mulmat_002	F:/~dev/rawrxd/CMakeLists.txt	108398	 arge _include_direc ories  es _o_proj_mulma _002 PRIVATE ${CMAKE_SOURCE_DIR}/src/deep2 ${CMAKE_SOURCE_DIR}/include	target_include_directories test_o_proj_mulmat_002 PRIVATE ${CMAKE_SOURCE_DIR}/src/deep2 ${CMAKE_SOURCE_DIR}/include	UNRESOLVED_EXPRESSION	1	FALSE	FALSE	FALSE	5	UNRESOLVED_EXPRESSION
test_o_proj_mulmat_002	F:/~dev/rawrxd/CMakeLists.txt	108399	se _ arge _proper ies  es _o_proj_mulma _002 PROPERTIES RUNTIME_OUTPUT_DIRECTORY ${CMAKE_BINARY_DIR}/bin OUTPUT_NAME  es _o_proj_mulma _002	set_target_properties test_o_proj_mulmat_002 PROPERTIES RUNTIME_OUTPUT_DIRECTORY ${CMAKE_BINARY_DIR}/bin OUTPUT_NAME test_o_proj_mulmat_002	UNRESOLVED_EXPRESSION	1	FALSE	FALSE	FALSE	5	UNRESOLVED_EXPRESSION
test_o_proj_mulmat_002	F:/~dev/rawrxd/CMakeLists.txt	108405	${CMAKE_CURRENT_SOURCE_DIR}/src/deep2/_probe_cha _quali y.cpp	${CMAKE_CURRENT_SOURCE_DIR}/src/deep2/_probe_chat_quality.cpp	UNRESOLVED_EXPRESSION	1	FALSE	FALSE	FALSE	6	UNRESOLVED_EXPRESSION
test_omega1_bridge	F:/~dev/rawrxd/CMakeLists.txt	2513	${CMAKE_SOURCE_DIR}/include	${CMAKE_SOURCE_DIR}/include	UNRESOLVED_EXPRESSION	1	FALSE	FALSE	FALSE	1	UNRESOLVED_EXPRESSION
test_omega1_bridge	F:/~dev/rawrxd/CMakeLists.txt	2514	${CMAKE_SOURCE_DIR}/src	${CMAKE_SOURCE_DIR}/src	UNRESOLVED_EXPRESSION	1	FALSE	FALSE	FALSE	1	UNRESOLVED_EXPRESSION
test_omega1_bridge	F:/~dev/rawrxd/CMakeLists.txt	2515	${CMAKE_SOURCE_DIR}/src/omega1_modules	${CMAKE_SOURCE_DIR}/src/omega1_modules	UNRESOLVED_EXPRESSION	1	FALSE	FALSE	FALSE	1	UNRESOLVED_EXPRESSION
test_omega1_bridge	F:/~dev/rawrxd/CMakeLists.txt	2518	 arge _link_direc ories  es _omega1_bridge PRIVATE ${_RAWR_MSVC_LIBPATHS}	target_link_directories test_omega1_bridge PRIVATE ${_RAWR_MSVC_LIBPATHS}	UNRESOLVED_EXPRESSION	1	FALSE	FALSE	FALSE	2	UNRESOLVED_EXPRESSION
test_omega1_bridge	F:/~dev/rawrxd/CMakeLists.txt	2520	${_rawr_lib}	${_rawr_lib}	UNRESOLVED_EXPRESSION	1	FALSE	FALSE	FALSE	3	UNRESOLVED_EXPRESSION
test_omega1_bridge	F:/~dev/rawrxd/CMakeLists.txt	2521	 arge _link_op ions  es _omega1_bridge PRIVATE  ${_rawr_lib}\	target_link_options test_omega1_bridge PRIVATE  ${_rawr_lib}/	UNRESOLVED_EXPRESSION	1	FALSE	FALSE	FALSE	3	UNRESOLVED_EXPRESSION
test_omega1_bridge	F:/~dev/rawrxd/CMakeLists.txt	2541	${_WIN10_SDK_ROOT}/Lib/${_SDK_UM_VER}/um/x64/kernel32.lib	${_WIN10_SDK_ROOT}/Lib/${_SDK_UM_VER}/um/x64/kernel32.lib	UNRESOLVED_EXPRESSION	1	FALSE	FALSE	FALSE	2	UNRESOLVED_EXPRESSION
test_omega1_bridge	F:/~dev/rawrxd/CMakeLists.txt	2542	${_WIN10_SDK_ROOT}/Lib/${_SDK_UM_VER}/um/x64/user32.lib	${_WIN10_SDK_ROOT}/Lib/${_SDK_UM_VER}/um/x64/user32.lib	UNRESOLVED_EXPRESSION	1	FALSE	FALSE	FALSE	2	UNRESOLVED_EXPRESSION
test_omega1_bridge	F:/~dev/rawrxd/CMakeLists.txt	2543	${_WIN10_SDK_ROOT}/Lib/${_SDK_UM_VER}/um/x64/gdi32.lib	${_WIN10_SDK_ROOT}/Lib/${_SDK_UM_VER}/um/x64/gdi32.lib	UNRESOLVED_EXPRESSION	1	FALSE	FALSE	FALSE	2	UNRESOLVED_EXPRESSION
test_omega1_bridge	F:/~dev/rawrxd/CMakeLists.txt	2544	${_WIN10_SDK_ROOT}/Lib/${_SDK_UM_VER}/um/x64/winspool.lib	${_WIN10_SDK_ROOT}/Lib/${_SDK_UM_VER}/um/x64/winspool.lib	UNRESOLVED_EXPRESSION	1	FALSE	FALSE	FALSE	2	UNRESOLVED_EXPRESSION
test_omega1_bridge	F:/~dev/rawrxd/CMakeLists.txt	2545	${_WIN10_SDK_ROOT}/Lib/${_SDK_UM_VER}/um/x64/shell32.lib	${_WIN10_SDK_ROOT}/Lib/${_SDK_UM_VER}/um/x64/shell32.lib	UNRESOLVED_EXPRESSION	1	FALSE	FALSE	FALSE	2	UNRESOLVED_EXPRESSION
test_omega1_bridge	F:/~dev/rawrxd/CMakeLists.txt	2546	${_WIN10_SDK_ROOT}/Lib/${_SDK_UM_VER}/um/x64/ole32.lib	${_WIN10_SDK_ROOT}/Lib/${_SDK_UM_VER}/um/x64/ole32.lib	UNRESOLVED_EXPRESSION	1	FALSE	FALSE	FALSE	2	UNRESOLVED_EXPRESSION
test_omega1_bridge	F:/~dev/rawrxd/CMakeLists.txt	2547	${_WIN10_SDK_ROOT}/Lib/${_SDK_UM_VER}/um/x64/oleau 32.lib	${_WIN10_SDK_ROOT}/Lib/${_SDK_UM_VER}/um/x64/oleaut32.lib	UNRESOLVED_EXPRESSION	1	FALSE	FALSE	FALSE	2	UNRESOLVED_EXPRESSION
test_omega1_bridge	F:/~dev/rawrxd/CMakeLists.txt	2548	${_WIN10_SDK_ROOT}/Lib/${_SDK_UM_VER}/um/x64/uuid.lib	${_WIN10_SDK_ROOT}/Lib/${_SDK_UM_VER}/um/x64/uuid.lib	UNRESOLVED_EXPRESSION	1	FALSE	FALSE	FALSE	2	UNRESOLVED_EXPRESSION
test_omega1_bridge	F:/~dev/rawrxd/CMakeLists.txt	2549	${_WIN10_SDK_ROOT}/Lib/${_SDK_UM_VER}/um/x64/comdlg32.lib	${_WIN10_SDK_ROOT}/Lib/${_SDK_UM_VER}/um/x64/comdlg32.lib	UNRESOLVED_EXPRESSION	1	FALSE	FALSE	FALSE	2	UNRESOLVED_EXPRESSION
test_omega1_bridge	F:/~dev/rawrxd/CMakeLists.txt	2550	${_WIN10_SDK_ROOT}/Lib/${_SDK_UM_VER}/um/x64/advapi32.lib	${_WIN10_SDK_ROOT}/Lib/${_SDK_UM_VER}/um/x64/advapi32.lib	UNRESOLVED_EXPRESSION	1	FALSE	FALSE	FALSE	2	UNRESOLVED_EXPRESSION
test_omega1_bridge	F:/~dev/rawrxd/CMakeLists.txt	2551	${_WIN10_SDK_ROOT}/Lib/${_SDK_UM_VER}/um/x64/version.lib	${_WIN10_SDK_ROOT}/Lib/${_SDK_UM_VER}/um/x64/version.lib	UNRESOLVED_EXPRESSION	1	FALSE	FALSE	FALSE	2	UNRESOLVED_EXPRESSION
test_omega1_bridge	F:/~dev/rawrxd/CMakeLists.txt	2552	${_WIN10_SDK_ROOT}/Lib/${_SDK_UM_VER}/um/x64/ws2_32.lib	${_WIN10_SDK_ROOT}/Lib/${_SDK_UM_VER}/um/x64/ws2_32.lib	UNRESOLVED_EXPRESSION	1	FALSE	FALSE	FALSE	2	UNRESOLVED_EXPRESSION
test_parseheader_bounds	F:/~dev/rawrxd/CMakeLists.txt	2269	RUNTIME_OUTPUT_DIRECTORY ${CMAKE_BINARY_DIR}/bin	RUNTIME_OUTPUT_DIRECTORY ${CMAKE_BINARY_DIR}/bin	UNRESOLVED_EXPRESSION	1	FALSE	FALSE	FALSE	1	UNRESOLVED_EXPRESSION
test_parseheader_bounds	F:/~dev/rawrxd/CMakeLists.txt	2273	se _proper y TARGET  es _parseheader_bounds APPEND_STRING PROPERTY LINK_FLAGS  ${_WIN10_SDK_ROOT}/Lib/${_SDK_UM_VER}/um/x64\	set_property TARGET test_parseheader_bounds APPEND_STRING PROPERTY LINK_FLAGS  ${_WIN10_SDK_ROOT}/Lib/${_SDK_UM_VER}/um/x64/	UNRESOLVED_EXPRESSION	1	FALSE	FALSE	FALSE	2	UNRESOLVED_EXPRESSION
test_parseheader_bounds	F:/~dev/rawrxd/CMakeLists.txt	2276	se _proper y TARGET  es _parseheader_bounds APPEND_STRING PROPERTY LINK_FLAGS  ${_WIN10_SDK_ROOT}/Lib/${_SDK_UCRT_VER}/ucr /x64\	set_property TARGET test_parseheader_bounds APPEND_STRING PROPERTY LINK_FLAGS  ${_WIN10_SDK_ROOT}/Lib/${_SDK_UCRT_VER}/ucrt/x64/	UNRESOLVED_EXPRESSION	1	FALSE	FALSE	FALSE	2	UNRESOLVED_EXPRESSION
test_parseheader_bounds	F:/~dev/rawrxd/CMakeLists.txt	2279	se _proper y TARGET  es _parseheader_bounds APPEND_STRING PROPERTY LINK_FLAGS  ${_MSVC_ROOT}/lib/x64\	set_property TARGET test_parseheader_bounds APPEND_STRING PROPERTY LINK_FLAGS  ${_MSVC_ROOT}/lib/x64/	UNRESOLVED_EXPRESSION	1	FALSE	FALSE	FALSE	2	UNRESOLVED_EXPRESSION
test_parseheader_bounds	F:/~dev/rawrxd/CMakeLists.txt	2293	${CMAKE_SOURCE_DIR}/ es s/ es _parseheader_fuzz.cpp	${CMAKE_SOURCE_DIR}/tests/test_parseheader_fuzz.cpp	UNRESOLVED_EXPRESSION	1	FALSE	FALSE	FALSE	1	UNRESOLVED_EXPRESSION
test_parseheader_fuzz	F:/~dev/rawrxd/CMakeLists.txt	2300	RUNTIME_OUTPUT_DIRECTORY ${CMAKE_BINARY_DIR}/bin	RUNTIME_OUTPUT_DIRECTORY ${CMAKE_BINARY_DIR}/bin	UNRESOLVED_EXPRESSION	1	FALSE	FALSE	FALSE	1	UNRESOLVED_EXPRESSION
test_parseheader_fuzz	F:/~dev/rawrxd/CMakeLists.txt	2304	se _proper y TARGET  es _parseheader_fuzz APPEND_STRING PROPERTY LINK_FLAGS  ${_WIN10_SDK_ROOT}/Lib/${_SDK_UM_VER}/um/x64\	set_property TARGET test_parseheader_fuzz APPEND_STRING PROPERTY LINK_FLAGS  ${_WIN10_SDK_ROOT}/Lib/${_SDK_UM_VER}/um/x64/	UNRESOLVED_EXPRESSION	1	FALSE	FALSE	FALSE	2	UNRESOLVED_EXPRESSION
test_parseheader_fuzz	F:/~dev/rawrxd/CMakeLists.txt	2307	se _proper y TARGET  es _parseheader_fuzz APPEND_STRING PROPERTY LINK_FLAGS  ${_WIN10_SDK_ROOT}/Lib/${_SDK_UCRT_VER}/ucr /x64\	set_property TARGET test_parseheader_fuzz APPEND_STRING PROPERTY LINK_FLAGS  ${_WIN10_SDK_ROOT}/Lib/${_SDK_UCRT_VER}/ucrt/x64/	UNRESOLVED_EXPRESSION	1	FALSE	FALSE	FALSE	2	UNRESOLVED_EXPRESSION
test_parseheader_fuzz	F:/~dev/rawrxd/CMakeLists.txt	2310	se _proper y TARGET  es _parseheader_fuzz APPEND_STRING PROPERTY LINK_FLAGS  ${_MSVC_ROOT}/lib/x64\	set_property TARGET test_parseheader_fuzz APPEND_STRING PROPERTY LINK_FLAGS  ${_MSVC_ROOT}/lib/x64/	UNRESOLVED_EXPRESSION	1	FALSE	FALSE	FALSE	2	UNRESOLVED_EXPRESSION
test_parseheader_fuzz	F:/~dev/rawrxd/CMakeLists.txt	2324	${CMAKE_SOURCE_DIR}/ es s/ es _gguf_me ada a_bounds.cpp	${CMAKE_SOURCE_DIR}/tests/test_gguf_metadata_bounds.cpp	UNRESOLVED_EXPRESSION	1	FALSE	FALSE	FALSE	1	UNRESOLVED_EXPRESSION
test_q2k_single_tensor_oracle	F:/~dev/rawrxd/win32ide_strict/CMakeLists.txt	257	${CMAKE_SOURCE_DIR}/../src/deep2/ es _q2k_single_ ensor_oracle.cpp	${CMAKE_SOURCE_DIR}/../src/deep2/test_q2k_single_tensor_oracle.cpp	UNRESOLVED_EXPRESSION	1	FALSE	FALSE	FALSE	0	UNRESOLVED_EXPRESSION
test_q2k_single_tensor_oracle	F:/~dev/rawrxd/win32ide_strict/CMakeLists.txt	258	${CMAKE_SOURCE_DIR}/../src/deep2/Deep2Engine.cpp	${CMAKE_SOURCE_DIR}/../src/deep2/Deep2Engine.cpp	UNRESOLVED_EXPRESSION	1	FALSE	FALSE	FALSE	0	UNRESOLVED_EXPRESSION
test_q2k_single_tensor_oracle	F:/~dev/rawrxd/win32ide_strict/CMakeLists.txt	259	${CMAKE_SOURCE_DIR}/../src/deep2/Tokenizer.cpp	${CMAKE_SOURCE_DIR}/../src/deep2/Tokenizer.cpp	UNRESOLVED_EXPRESSION	1	FALSE	FALSE	FALSE	0	UNRESOLVED_EXPRESSION
test_q2k_single_tensor_oracle	F:/~dev/rawrxd/win32ide_strict/CMakeLists.txt	260	${CMAKE_SOURCE_DIR}/../src/deep2/Sampler.cpp	${CMAKE_SOURCE_DIR}/../src/deep2/Sampler.cpp	UNRESOLVED_EXPRESSION	1	FALSE	FALSE	FALSE	0	UNRESOLVED_EXPRESSION
test_q2k_single_tensor_oracle	F:/~dev/rawrxd/win32ide_strict/CMakeLists.txt	261	${CMAKE_SOURCE_DIR}/../src/deep2/GGUFLoader.cpp	${CMAKE_SOURCE_DIR}/../src/deep2/GGUFLoader.cpp	UNRESOLVED_EXPRESSION	1	FALSE	FALSE	FALSE	0	UNRESOLVED_EXPRESSION
test_q2k_single_tensor_oracle	F:/~dev/rawrxd/win32ide_strict/CMakeLists.txt	262	${CMAKE_SOURCE_DIR}/../src/deep2/Quan KernelRegis ry.cpp	${CMAKE_SOURCE_DIR}/../src/deep2/QuantKernelRegistry.cpp	UNRESOLVED_EXPRESSION	1	FALSE	FALSE	FALSE	0	UNRESOLVED_EXPRESSION
test_q2k_single_tensor_oracle	F:/~dev/rawrxd/win32ide_strict/CMakeLists.txt	263	${CMAKE_SOURCE_DIR}/../src/deep2/Deep2DualGpuRowSpli .cpp	${CMAKE_SOURCE_DIR}/../src/deep2/Deep2DualGpuRowSplit.cpp	UNRESOLVED_EXPRESSION	1	FALSE	FALSE	FALSE	0	UNRESOLVED_EXPRESSION
test_q2k_single_tensor_oracle	F:/~dev/rawrxd/win32ide_strict/CMakeLists.txt	264	${CMAKE_SOURCE_DIR}/../src/deep2/vulkan_compu e.cpp	${CMAKE_SOURCE_DIR}/../src/deep2/vulkan_compute.cpp	UNRESOLVED_EXPRESSION	1	FALSE	FALSE	FALSE	0	UNRESOLVED_EXPRESSION
test_q2k_single_tensor_oracle	F:/~dev/rawrxd/win32ide_strict/CMakeLists.txt	265	${CMAKE_SOURCE_DIR}/../src/deep2/Deep2Engine_GpuMoEMLA.cpp	${CMAKE_SOURCE_DIR}/../src/deep2/Deep2Engine_GpuMoEMLA.cpp	UNRESOLVED_EXPRESSION	1	FALSE	FALSE	FALSE	0	UNRESOLVED_EXPRESSION
test_q2k_single_tensor_oracle	F:/~dev/rawrxd/win32ide_strict/CMakeLists.txt	266	${CMAKE_SOURCE_DIR}/../src/deep2/Deep2Engine_Specula ive.cpp	${CMAKE_SOURCE_DIR}/../src/deep2/Deep2Engine_Speculative.cpp	UNRESOLVED_EXPRESSION	1	FALSE	FALSE	FALSE	0	UNRESOLVED_EXPRESSION
test_q2k_single_tensor_oracle	F:/~dev/rawrxd/win32ide_strict/CMakeLists.txt	267	${CMAKE_SOURCE_DIR}/../src/deep2/Deep2Engine_VulkanRun ime.cpp	${CMAKE_SOURCE_DIR}/../src/deep2/Deep2Engine_VulkanRuntime.cpp	UNRESOLVED_EXPRESSION	1	FALSE	FALSE	FALSE	0	UNRESOLVED_EXPRESSION
test_q2k_single_tensor_oracle	F:/~dev/rawrxd/win32ide_strict/CMakeLists.txt	268	${CMAKE_SOURCE_DIR}/../src/deep2/s ric _gpu_viola ions.cpp	${CMAKE_SOURCE_DIR}/../src/deep2/strict_gpu_violations.cpp	UNRESOLVED_EXPRESSION	1	FALSE	FALSE	FALSE	0	UNRESOLVED_EXPRESSION
test_q2k_single_tensor_oracle	F:/~dev/rawrxd/win32ide_strict/CMakeLists.txt	269	${CMAKE_SOURCE_DIR}/../src/deep2/Deep2Engine_GpuForward.cpp	${CMAKE_SOURCE_DIR}/../src/deep2/Deep2Engine_GpuForward.cpp	UNRESOLVED_EXPRESSION	1	FALSE	FALSE	FALSE	0	UNRESOLVED_EXPRESSION
test_q2k_single_tensor_oracle	F:/~dev/rawrxd/win32ide_strict/CMakeLists.txt	270	${CMAKE_SOURCE_DIR}/../src/deep2/Elas icResidencyManager.cpp	${CMAKE_SOURCE_DIR}/../src/deep2/ElasticResidencyManager.cpp	UNRESOLVED_EXPRESSION	1	FALSE	FALSE	FALSE	0	UNRESOLVED_EXPRESSION
test_q2k_single_tensor_oracle	F:/~dev/rawrxd/win32ide_strict/CMakeLists.txt	271	${CMAKE_SOURCE_DIR}/../src/deep2/Produc ionProfiler.cpp	${CMAKE_SOURCE_DIR}/../src/deep2/ProductionProfiler.cpp	UNRESOLVED_EXPRESSION	1	FALSE	FALSE	FALSE	0	UNRESOLVED_EXPRESSION
test_q2k_single_tensor_oracle	F:/~dev/rawrxd/win32ide_strict/CMakeLists.txt	272	${CMAKE_SOURCE_DIR}/../src/deep2/CycloneScheduler.cpp	${CMAKE_SOURCE_DIR}/../src/deep2/CycloneScheduler.cpp	UNRESOLVED_EXPRESSION	1	FALSE	FALSE	FALSE	0	UNRESOLVED_EXPRESSION
test_q2k_single_tensor_oracle	F:/~dev/rawrxd/win32ide_strict/CMakeLists.txt	273	${CMAKE_SOURCE_DIR}/../src/deep2/NVMeS ream.cpp	${CMAKE_SOURCE_DIR}/../src/deep2/NVMeStream.cpp	UNRESOLVED_EXPRESSION	1	FALSE	FALSE	FALSE	0	UNRESOLVED_EXPRESSION
test_q2k_single_tensor_oracle	F:/~dev/rawrxd/win32ide_strict/CMakeLists.txt	274	${CMAKE_SOURCE_DIR}/../src/deep2/BP16S reamer.cpp	${CMAKE_SOURCE_DIR}/../src/deep2/BP16Streamer.cpp	UNRESOLVED_EXPRESSION	1	FALSE	FALSE	FALSE	0	UNRESOLVED_EXPRESSION
test_q2k_single_tensor_oracle	F:/~dev/rawrxd/win32ide_strict/CMakeLists.txt	275	${CMAKE_SOURCE_DIR}/../src/deep2/CompressedKVCache.cpp	${CMAKE_SOURCE_DIR}/../src/deep2/CompressedKVCache.cpp	UNRESOLVED_EXPRESSION	1	FALSE	FALSE	FALSE	0	UNRESOLVED_EXPRESSION
test_q2k_single_tensor_oracle	F:/~dev/rawrxd/win32ide_strict/CMakeLists.txt	276	${CMAKE_SOURCE_DIR}/../src/deep2/mars/MARSCon roller.cpp	${CMAKE_SOURCE_DIR}/../src/deep2/mars/MARSController.cpp	UNRESOLVED_EXPRESSION	1	FALSE	FALSE	FALSE	0	UNRESOLVED_EXPRESSION
test_q2k_single_tensor_oracle	F:/~dev/rawrxd/win32ide_strict/CMakeLists.txt	277	${CMAKE_SOURCE_DIR}/../src/agen ic/S reamingResul Channel.cpp	${CMAKE_SOURCE_DIR}/../src/agentic/StreamingResultChannel.cpp	UNRESOLVED_EXPRESSION	1	FALSE	FALSE	FALSE	0	UNRESOLVED_EXPRESSION
test_q2k_single_tensor_oracle	F:/~dev/rawrxd/win32ide_strict/CMakeLists.txt	278	${CMAKE_SOURCE_DIR}/../src/ai/s reaming_inference_engine.cpp	${CMAKE_SOURCE_DIR}/../src/ai/streaming_inference_engine.cpp	UNRESOLVED_EXPRESSION	1	FALSE	FALSE	FALSE	0	UNRESOLVED_EXPRESSION
test_q2k_single_tensor_oracle	F:/~dev/rawrxd/win32ide_strict/CMakeLists.txt	279	${CMAKE_SOURCE_DIR}/../src/agen ic_model_s reamer_bridge.cpp	${CMAKE_SOURCE_DIR}/../src/agentic_model_streamer_bridge.cpp	UNRESOLVED_EXPRESSION	1	FALSE	FALSE	FALSE	0	UNRESOLVED_EXPRESSION
test_q2k_single_tensor_oracle	F:/~dev/rawrxd/win32ide_strict/CMakeLists.txt	280	${CMAKE_SOURCE_DIR}/../src/agen ic/s reaming_command_handler.cpp	${CMAKE_SOURCE_DIR}/../src/agentic/streaming_command_handler.cpp	UNRESOLVED_EXPRESSION	1	FALSE	FALSE	FALSE	0	UNRESOLVED_EXPRESSION
test_q2k_single_tensor_oracle	F:/~dev/rawrxd/win32ide_strict/CMakeLists.txt	281	${CMAKE_SOURCE_DIR}/../src/run ime/shared/BP1BraidS reamer.cpp	${CMAKE_SOURCE_DIR}/../src/runtime/shared/BP1BraidStreamer.cpp	UNRESOLVED_EXPRESSION	1	FALSE	FALSE	FALSE	0	UNRESOLVED_EXPRESSION
test_q2k_single_tensor_oracle	F:/~dev/rawrxd/win32ide_strict/CMakeLists.txt	282	${CMAKE_SOURCE_DIR}/../src/deep2/Agen ToolAu hori y.cpp	${CMAKE_SOURCE_DIR}/../src/deep2/AgentToolAuthority.cpp	UNRESOLVED_EXPRESSION	1	FALSE	FALSE	FALSE	0	UNRESOLVED_EXPRESSION
test_q2k_single_tensor_oracle	F:/~dev/rawrxd/win32ide_strict/CMakeLists.txt	283	${CMAKE_SOURCE_DIR}/../src/deep2/Chamber.cpp	${CMAKE_SOURCE_DIR}/../src/deep2/Chamber.cpp	UNRESOLVED_EXPRESSION	1	FALSE	FALSE	FALSE	0	UNRESOLVED_EXPRESSION
test_q2k_single_tensor_oracle	F:/~dev/rawrxd/win32ide_strict/CMakeLists.txt	284	${CMAKE_SOURCE_DIR}/../src/deep2/ToroidalKVCache.cpp	${CMAKE_SOURCE_DIR}/../src/deep2/ToroidalKVCache.cpp	UNRESOLVED_EXPRESSION	1	FALSE	FALSE	FALSE	0	UNRESOLVED_EXPRESSION
test_q2k_single_tensor_oracle	F:/~dev/rawrxd/win32ide_strict/CMakeLists.txt	285	${CMAKE_SOURCE_DIR}/../src/deep2/PlasmaGovernor.cpp	${CMAKE_SOURCE_DIR}/../src/deep2/PlasmaGovernor.cpp	UNRESOLVED_EXPRESSION	1	FALSE	FALSE	FALSE	0	UNRESOLVED_EXPRESSION
test_q2k_single_tensor_oracle	F:/~dev/rawrxd/win32ide_strict/CMakeLists.txt	286	${CMAKE_SOURCE_DIR}/../src/deep2/SovereignOu OfCoreRun ime.cpp	${CMAKE_SOURCE_DIR}/../src/deep2/SovereignOutOfCoreRuntime.cpp	UNRESOLVED_EXPRESSION	1	FALSE	FALSE	FALSE	0	UNRESOLVED_EXPRESSION
test_q4k_decoder	F:/~dev/rawrxd/CMakeLists.txt	106377	${CMAKE_BINARY_DIR}/ es s	${CMAKE_BINARY_DIR}/tests	UNRESOLVED_EXPRESSION	1	FALSE	FALSE	FALSE	4	UNRESOLVED_EXPRESSION
test_q4k_decoder	F:/~dev/rawrxd/CMakeLists.txt	106379	${CMAKE_BINARY_DIR}/ es s	${CMAKE_BINARY_DIR}/tests	UNRESOLVED_EXPRESSION	1	FALSE	FALSE	FALSE	4	UNRESOLVED_EXPRESSION
test_q4k_decoder	F:/~dev/rawrxd/CMakeLists.txt	106386	${CMAKE_CURRENT_SOURCE_DIR}/ es s/ es _quan _dequan _crosscheck.cpp	${CMAKE_CURRENT_SOURCE_DIR}/tests/test_quant_dequant_crosscheck.cpp	UNRESOLVED_EXPRESSION	1	FALSE	FALSE	FALSE	5	UNRESOLVED_EXPRESSION
test_q4k_gemv_parity	F:/~dev/rawrxd/CMakeLists.txt	39823	${CMAKE_SOURCE_DIR}/src/deep2	${CMAKE_SOURCE_DIR}/src/deep2	UNRESOLVED_EXPRESSION	1	FALSE	FALSE	FALSE	3	UNRESOLVED_EXPRESSION
test_q4k_gemv_parity	F:/~dev/rawrxd/CMakeLists.txt	39824	${CMAKE_SOURCE_DIR}/include	${CMAKE_SOURCE_DIR}/include	UNRESOLVED_EXPRESSION	1	FALSE	FALSE	FALSE	3	UNRESOLVED_EXPRESSION
test_q4k_gemv_parity	F:/~dev/rawrxd/CMakeLists.txt	39827	RUNTIME_OUTPUT_DIRECTORY ${CMAKE_BINARY_DIR}/bin	RUNTIME_OUTPUT_DIRECTORY ${CMAKE_BINARY_DIR}/bin	UNRESOLVED_EXPRESSION	1	FALSE	FALSE	FALSE	3	UNRESOLVED_EXPRESSION
test_q4k_gemv_parity	F:/~dev/rawrxd/CMakeLists.txt	39829	Mul iThreaded$<$<CONFIG:Debug>:Debug>	MultiThreaded$<$<CONFIG:Debug>:Debug>	UNRESOLVED_EXPRESSION	1	FALSE	FALSE	FALSE	3	UNRESOLVED_EXPRESSION
test_q_elemdiff	F:/~dev/rawrxd/CMakeLists.txt	39841	${CMAKE_SOURCE_DIR}/src/deep2	${CMAKE_SOURCE_DIR}/src/deep2	UNRESOLVED_EXPRESSION	1	FALSE	FALSE	FALSE	3	UNRESOLVED_EXPRESSION
test_q_elemdiff	F:/~dev/rawrxd/CMakeLists.txt	39842	${CMAKE_SOURCE_DIR}/include	${CMAKE_SOURCE_DIR}/include	UNRESOLVED_EXPRESSION	1	FALSE	FALSE	FALSE	3	UNRESOLVED_EXPRESSION
test_q_elemdiff	F:/~dev/rawrxd/CMakeLists.txt	39845	RUNTIME_OUTPUT_DIRECTORY ${CMAKE_BINARY_DIR}/bin	RUNTIME_OUTPUT_DIRECTORY ${CMAKE_BINARY_DIR}/bin	UNRESOLVED_EXPRESSION	1	FALSE	FALSE	FALSE	3	UNRESOLVED_EXPRESSION
test_q_elemdiff	F:/~dev/rawrxd/CMakeLists.txt	39847	Mul iThreaded$<$<CONFIG:Debug>:Debug>	MultiThreaded$<$<CONFIG:Debug>:Debug>	UNRESOLVED_EXPRESSION	1	FALSE	FALSE	FALSE	3	UNRESOLVED_EXPRESSION
test_streaming	F:/~dev/rawrxd/CMakeLists.txt	39928	${CMAKE_SOURCE_DIR}/src/deep2	${CMAKE_SOURCE_DIR}/src/deep2	UNRESOLVED_EXPRESSION	1	FALSE	FALSE	FALSE	3	UNRESOLVED_EXPRESSION
test_streaming	F:/~dev/rawrxd/CMakeLists.txt	39929	${CMAKE_SOURCE_DIR}/src/ okenizer	${CMAKE_SOURCE_DIR}/src/tokenizer	UNRESOLVED_EXPRESSION	1	FALSE	FALSE	FALSE	3	UNRESOLVED_EXPRESSION
test_streaming	F:/~dev/rawrxd/CMakeLists.txt	39930	${CMAKE_SOURCE_DIR}/include	${CMAKE_SOURCE_DIR}/include	UNRESOLVED_EXPRESSION	1	FALSE	FALSE	FALSE	3	UNRESOLVED_EXPRESSION
test_streaming	F:/~dev/rawrxd/CMakeLists.txt	39933	RUNTIME_OUTPUT_DIRECTORY ${CMAKE_BINARY_DIR}/bin	RUNTIME_OUTPUT_DIRECTORY ${CMAKE_BINARY_DIR}/bin	UNRESOLVED_EXPRESSION	1	FALSE	FALSE	FALSE	3	UNRESOLVED_EXPRESSION
test_streaming	F:/~dev/rawrxd/CMakeLists.txt	39935	Mul iThreaded$<$<CONFIG:Debug>:Debug>	MultiThreaded$<$<CONFIG:Debug>:Debug>	UNRESOLVED_EXPRESSION	1	FALSE	FALSE	FALSE	3	UNRESOLVED_EXPRESSION
test_v_proj_parity	F:/~dev/rawrxd/CMakeLists.txt	108337	${CMAKE_SOURCE_DIR}/src/deep2	${CMAKE_SOURCE_DIR}/src/deep2	UNRESOLVED_EXPRESSION	1	FALSE	FALSE	FALSE	5	UNRESOLVED_EXPRESSION
test_v_proj_parity	F:/~dev/rawrxd/CMakeLists.txt	108338	${CMAKE_SOURCE_DIR}/include	${CMAKE_SOURCE_DIR}/include	UNRESOLVED_EXPRESSION	1	FALSE	FALSE	FALSE	5	UNRESOLVED_EXPRESSION
test_v_proj_parity	F:/~dev/rawrxd/CMakeLists.txt	108341	RUNTIME_OUTPUT_DIRECTORY ${CMAKE_BINARY_DIR}/bin	RUNTIME_OUTPUT_DIRECTORY ${CMAKE_BINARY_DIR}/bin	UNRESOLVED_EXPRESSION	1	FALSE	FALSE	FALSE	5	UNRESOLVED_EXPRESSION
test_val_051_3_multi_token	F:/~dev/rawrxd/CMakeLists.txt	48844	${CMAKE_SOURCE_DIR}/src/deep2	${CMAKE_SOURCE_DIR}/src/deep2	UNRESOLVED_EXPRESSION	1	FALSE	FALSE	FALSE	4	UNRESOLVED_EXPRESSION
test_val_051_3_multi_token	F:/~dev/rawrxd/CMakeLists.txt	48845	${CMAKE_SOURCE_DIR}/include	${CMAKE_SOURCE_DIR}/include	UNRESOLVED_EXPRESSION	1	FALSE	FALSE	FALSE	4	UNRESOLVED_EXPRESSION
test_val_051_3_multi_token	F:/~dev/rawrxd/CMakeLists.txt	48853	RUNTIME_OUTPUT_DIRECTORY ${CMAKE_BINARY_DIR}/bin	RUNTIME_OUTPUT_DIRECTORY ${CMAKE_BINARY_DIR}/bin	UNRESOLVED_EXPRESSION	1	FALSE	FALSE	FALSE	4	UNRESOLVED_EXPRESSION
tree_attention_aligned	F:/~dev/rawrxd/CMakeLists.txt	96886	${CMAKE_SOURCE_DIR}/src	${CMAKE_SOURCE_DIR}/src	UNRESOLVED_EXPRESSION	1	FALSE	FALSE	FALSE	5	UNRESOLVED_EXPRESSION
tree_attention_aligned	F:/~dev/rawrxd/CMakeLists.txt	96896	RUNTIME_OUTPUT_DIRECTORY ${CMAKE_BINARY_DIR}/bin	RUNTIME_OUTPUT_DIRECTORY ${CMAKE_BINARY_DIR}/bin	UNRESOLVED_EXPRESSION	1	FALSE	FALSE	FALSE	5	UNRESOLVED_EXPRESSION
tree_attention_bench_simple	F:/~dev/rawrxd/CMakeLists.txt	95216	${CMAKE_SOURCE_DIR}/src	${CMAKE_SOURCE_DIR}/src	UNRESOLVED_EXPRESSION	1	FALSE	FALSE	FALSE	5	UNRESOLVED_EXPRESSION
tree_attention_bench_simple	F:/~dev/rawrxd/CMakeLists.txt	95226	RUNTIME_OUTPUT_DIRECTORY ${CMAKE_BINARY_DIR}/bin	RUNTIME_OUTPUT_DIRECTORY ${CMAKE_BINARY_DIR}/bin	UNRESOLVED_EXPRESSION	1	FALSE	FALSE	FALSE	5	UNRESOLVED_EXPRESSION
tree_attention_fused_sparse	F:/~dev/rawrxd/CMakeLists.txt	100220	${CMAKE_SOURCE_DIR}/src	${CMAKE_SOURCE_DIR}/src	UNRESOLVED_EXPRESSION	1	FALSE	FALSE	FALSE	5	UNRESOLVED_EXPRESSION
tree_attention_fused_sparse	F:/~dev/rawrxd/CMakeLists.txt	100230	RUNTIME_OUTPUT_DIRECTORY ${CMAKE_BINARY_DIR}/bin	RUNTIME_OUTPUT_DIRECTORY ${CMAKE_BINARY_DIR}/bin	UNRESOLVED_EXPRESSION	1	FALSE	FALSE	FALSE	5	UNRESOLVED_EXPRESSION
tree_attention_masm_val038	F:/~dev/rawrxd/CMakeLists.txt	101890	${CMAKE_SOURCE_DIR}/src	${CMAKE_SOURCE_DIR}/src	UNRESOLVED_EXPRESSION	1	FALSE	FALSE	FALSE	4	UNRESOLVED_EXPRESSION
tree_attention_masm_val038	F:/~dev/rawrxd/CMakeLists.txt	101903	RUNTIME_OUTPUT_DIRECTORY ${CMAKE_BINARY_DIR}/bin	RUNTIME_OUTPUT_DIRECTORY ${CMAKE_BINARY_DIR}/bin	UNRESOLVED_EXPRESSION	1	FALSE	FALSE	FALSE	4	UNRESOLVED_EXPRESSION
tree_attention_profiled	F:/~dev/rawrxd/CMakeLists.txt	96051	${CMAKE_SOURCE_DIR}/src	${CMAKE_SOURCE_DIR}/src	UNRESOLVED_EXPRESSION	1	FALSE	FALSE	FALSE	5	UNRESOLVED_EXPRESSION
tree_attention_profiled	F:/~dev/rawrxd/CMakeLists.txt	96061	RUNTIME_OUTPUT_DIRECTORY ${CMAKE_BINARY_DIR}/bin	RUNTIME_OUTPUT_DIRECTORY ${CMAKE_BINARY_DIR}/bin	UNRESOLVED_EXPRESSION	1	FALSE	FALSE	FALSE	5	UNRESOLVED_EXPRESSION
tree_attention_sparse	F:/~dev/rawrxd/CMakeLists.txt	99391	${CMAKE_SOURCE_DIR}/src	${CMAKE_SOURCE_DIR}/src	UNRESOLVED_EXPRESSION	1	FALSE	FALSE	FALSE	5	UNRESOLVED_EXPRESSION
tree_attention_sparse	F:/~dev/rawrxd/CMakeLists.txt	99401	RUNTIME_OUTPUT_DIRECTORY ${CMAKE_BINARY_DIR}/bin	RUNTIME_OUTPUT_DIRECTORY ${CMAKE_BINARY_DIR}/bin	UNRESOLVED_EXPRESSION	1	FALSE	FALSE	FALSE	5	UNRESOLVED_EXPRESSION
tree_attention_tiled	F:/~dev/rawrxd/CMakeLists.txt	97721	${CMAKE_SOURCE_DIR}/src	${CMAKE_SOURCE_DIR}/src	UNRESOLVED_EXPRESSION	1	FALSE	FALSE	FALSE	5	UNRESOLVED_EXPRESSION
tree_attention_tiled	F:/~dev/rawrxd/CMakeLists.txt	97731	RUNTIME_OUTPUT_DIRECTORY ${CMAKE_BINARY_DIR}/bin	RUNTIME_OUTPUT_DIRECTORY ${CMAKE_BINARY_DIR}/bin	UNRESOLVED_EXPRESSION	1	FALSE	FALSE	FALSE	5	UNRESOLVED_EXPRESSION
tree_attention_tree_specialized	F:/~dev/rawrxd/CMakeLists.txt	101055	${CMAKE_SOURCE_DIR}/src	${CMAKE_SOURCE_DIR}/src	UNRESOLVED_EXPRESSION	1	FALSE	FALSE	FALSE	5	UNRESOLVED_EXPRESSION
tree_attention_tree_specialized	F:/~dev/rawrxd/CMakeLists.txt	101065	RUNTIME_OUTPUT_DIRECTORY ${CMAKE_BINARY_DIR}/bin	RUNTIME_OUTPUT_DIRECTORY ${CMAKE_BINARY_DIR}/bin	UNRESOLVED_EXPRESSION	1	FALSE	FALSE	FALSE	5	UNRESOLVED_EXPRESSION
tree_attention_vectorized	F:/~dev/rawrxd/CMakeLists.txt	98556	${CMAKE_SOURCE_DIR}/src	${CMAKE_SOURCE_DIR}/src	UNRESOLVED_EXPRESSION	1	FALSE	FALSE	FALSE	5	UNRESOLVED_EXPRESSION
tree_attention_vectorized	F:/~dev/rawrxd/CMakeLists.txt	98566	RUNTIME_OUTPUT_DIRECTORY ${CMAKE_BINARY_DIR}/bin	RUNTIME_OUTPUT_DIRECTORY ${CMAKE_BINARY_DIR}/bin	UNRESOLVED_EXPRESSION	1	FALSE	FALSE	FALSE	5	UNRESOLVED_EXPRESSION
ut_dir	F:/~dev/rawrxd/build_clean_test/_deps/nlohmann_json-subbuild/nlohmann_json-populate-prefix/src/nlohmann_json-populate-stamp/extract-nlohmann_json-populate.cmake	26	${direc ory}/../ex-nlohmann_json-popula e${i}	${directory}/../ex-nlohmann_json-populate${i}	UNRESOLVED_EXPRESSION	1	FALSE	FALSE	FALSE	0	UNRESOLVED_EXPRESSION
ut_dir	F:/~dev/rawrxd/build_clean_test/_deps/nlohmann_json-subbuild/nlohmann_json-populate-prefix/src/nlohmann_json-populate-stamp/extract-nlohmann_json-populate.cmake	47	${u _dir}/.DS_S ore	${ut_dir}/.DS_Store	UNRESOLVED_EXPRESSION	1	FALSE	FALSE	FALSE	0	UNRESOLVED_EXPRESSION
ut_dir	F:/~dev/rawrxd/build_clean_test/_deps/nlohmann_json-subbuild/nlohmann_json-populate-prefix/src/nlohmann_json-populate-stamp/extract-nlohmann_json-populate.cmake	50	${u _dir}	${ut_dir}	UNRESOLVED_EXPRESSION	1	FALSE	FALSE	FALSE	1	UNRESOLVED_EXPRESSION
ut_dir	F:/~dev/rawrxd/build_clean_test3/_deps/nlohmann_json-subbuild/nlohmann_json-populate-prefix/src/nlohmann_json-populate-stamp/extract-nlohmann_json-populate.cmake	26	${direc ory}/../ex-nlohmann_json-popula e${i}	${directory}/../ex-nlohmann_json-populate${i}	UNRESOLVED_EXPRESSION	1	FALSE	FALSE	FALSE	0	UNRESOLVED_EXPRESSION
ut_dir	F:/~dev/rawrxd/build_clean_test3/_deps/nlohmann_json-subbuild/nlohmann_json-populate-prefix/src/nlohmann_json-populate-stamp/extract-nlohmann_json-populate.cmake	47	${u _dir}/.DS_S ore	${ut_dir}/.DS_Store	UNRESOLVED_EXPRESSION	1	FALSE	FALSE	FALSE	0	UNRESOLVED_EXPRESSION
ut_dir	F:/~dev/rawrxd/build_clean_test3/_deps/nlohmann_json-subbuild/nlohmann_json-populate-prefix/src/nlohmann_json-populate-stamp/extract-nlohmann_json-populate.cmake	50	${u _dir}	${ut_dir}	UNRESOLVED_EXPRESSION	1	FALSE	FALSE	FALSE	1	UNRESOLVED_EXPRESSION
ut_dir	F:/~dev/rawrxd/build_clean_test5/_deps/nlohmann_json-subbuild/nlohmann_json-populate-prefix/src/nlohmann_json-populate-stamp/extract-nlohmann_json-populate.cmake	26	${direc ory}/../ex-nlohmann_json-popula e${i}	${directory}/../ex-nlohmann_json-populate${i}	UNRESOLVED_EXPRESSION	1	FALSE	FALSE	FALSE	0	UNRESOLVED_EXPRESSION
ut_dir	F:/~dev/rawrxd/build_clean_test5/_deps/nlohmann_json-subbuild/nlohmann_json-populate-prefix/src/nlohmann_json-populate-stamp/extract-nlohmann_json-populate.cmake	47	${u _dir}/.DS_S ore	${ut_dir}/.DS_Store	UNRESOLVED_EXPRESSION	1	FALSE	FALSE	FALSE	0	UNRESOLVED_EXPRESSION
ut_dir	F:/~dev/rawrxd/build_clean_test5/_deps/nlohmann_json-subbuild/nlohmann_json-populate-prefix/src/nlohmann_json-populate-stamp/extract-nlohmann_json-populate.cmake	50	${u _dir}	${ut_dir}	UNRESOLVED_EXPRESSION	1	FALSE	FALSE	FALSE	1	UNRESOLVED_EXPRESSION
ut_dir	F:/~dev/rawrxd/build_clean_test6/_deps/nlohmann_json-subbuild/nlohmann_json-populate-prefix/src/nlohmann_json-populate-stamp/extract-nlohmann_json-populate.cmake	26	${direc ory}/../ex-nlohmann_json-popula e${i}	${directory}/../ex-nlohmann_json-populate${i}	UNRESOLVED_EXPRESSION	1	FALSE	FALSE	FALSE	0	UNRESOLVED_EXPRESSION
ut_dir	F:/~dev/rawrxd/build_clean_test6/_deps/nlohmann_json-subbuild/nlohmann_json-populate-prefix/src/nlohmann_json-populate-stamp/extract-nlohmann_json-populate.cmake	47	${u _dir}/.DS_S ore	${ut_dir}/.DS_Store	UNRESOLVED_EXPRESSION	1	FALSE	FALSE	FALSE	0	UNRESOLVED_EXPRESSION
ut_dir	F:/~dev/rawrxd/build_clean_test6/_deps/nlohmann_json-subbuild/nlohmann_json-populate-prefix/src/nlohmann_json-populate-stamp/extract-nlohmann_json-populate.cmake	50	${u _dir}	${ut_dir}	UNRESOLVED_EXPRESSION	1	FALSE	FALSE	FALSE	1	UNRESOLVED_EXPRESSION
ut_dir	F:/~dev/rawrxd/build_clean_test7/_deps/nlohmann_json-subbuild/nlohmann_json-populate-prefix/src/nlohmann_json-populate-stamp/extract-nlohmann_json-populate.cmake	26	${direc ory}/../ex-nlohmann_json-popula e${i}	${directory}/../ex-nlohmann_json-populate${i}	UNRESOLVED_EXPRESSION	1	FALSE	FALSE	FALSE	0	UNRESOLVED_EXPRESSION
ut_dir	F:/~dev/rawrxd/build_clean_test7/_deps/nlohmann_json-subbuild/nlohmann_json-populate-prefix/src/nlohmann_json-populate-stamp/extract-nlohmann_json-populate.cmake	47	${u _dir}/.DS_S ore	${ut_dir}/.DS_Store	UNRESOLVED_EXPRESSION	1	FALSE	FALSE	FALSE	0	UNRESOLVED_EXPRESSION
ut_dir	F:/~dev/rawrxd/build_clean_test7/_deps/nlohmann_json-subbuild/nlohmann_json-populate-prefix/src/nlohmann_json-populate-stamp/extract-nlohmann_json-populate.cmake	50	${u _dir}	${ut_dir}	UNRESOLVED_EXPRESSION	1	FALSE	FALSE	FALSE	1	UNRESOLVED_EXPRESSION
ut_dir	F:/~dev/rawrxd/build_p1pra_prod/_deps/nlohmann_json-subbuild/nlohmann_json-populate-prefix/src/nlohmann_json-populate-stamp/extract-nlohmann_json-populate.cmake	26	${direc ory}/../ex-nlohmann_json-popula e${i}	${directory}/../ex-nlohmann_json-populate${i}	UNRESOLVED_EXPRESSION	1	FALSE	FALSE	FALSE	0	UNRESOLVED_EXPRESSION
ut_dir	F:/~dev/rawrxd/build_p1pra_prod/_deps/nlohmann_json-subbuild/nlohmann_json-populate-prefix/src/nlohmann_json-populate-stamp/extract-nlohmann_json-populate.cmake	47	${u _dir}/.DS_S ore	${ut_dir}/.DS_Store	UNRESOLVED_EXPRESSION	1	FALSE	FALSE	FALSE	0	UNRESOLVED_EXPRESSION
ut_dir	F:/~dev/rawrxd/build_p1pra_prod/_deps/nlohmann_json-subbuild/nlohmann_json-populate-prefix/src/nlohmann_json-populate-stamp/extract-nlohmann_json-populate.cmake	50	${u _dir}	${ut_dir}	UNRESOLVED_EXPRESSION	1	FALSE	FALSE	FALSE	1	UNRESOLVED_EXPRESSION
ut_dir	F:/~dev/rawrxd/build_p2/_deps/nlohmann_json-subbuild/nlohmann_json-populate-prefix/src/nlohmann_json-populate-stamp/extract-nlohmann_json-populate.cmake	26	${direc ory}/../ex-nlohmann_json-popula e${i}	${directory}/../ex-nlohmann_json-populate${i}	UNRESOLVED_EXPRESSION	1	FALSE	FALSE	FALSE	0	UNRESOLVED_EXPRESSION
ut_dir	F:/~dev/rawrxd/build_p2/_deps/nlohmann_json-subbuild/nlohmann_json-populate-prefix/src/nlohmann_json-populate-stamp/extract-nlohmann_json-populate.cmake	47	${u _dir}/.DS_S ore	${ut_dir}/.DS_Store	UNRESOLVED_EXPRESSION	1	FALSE	FALSE	FALSE	0	UNRESOLVED_EXPRESSION
ut_dir	F:/~dev/rawrxd/build_p2/_deps/nlohmann_json-subbuild/nlohmann_json-populate-prefix/src/nlohmann_json-populate-stamp/extract-nlohmann_json-populate.cmake	50	${u _dir}	${ut_dir}	UNRESOLVED_EXPRESSION	1	FALSE	FALSE	FALSE	1	UNRESOLVED_EXPRESSION
ut_dir	F:/~dev/rawrxd/build_p2_fresh/_deps/nlohmann_json-subbuild/nlohmann_json-populate-prefix/src/nlohmann_json-populate-stamp/extract-nlohmann_json-populate.cmake	26	${direc ory}/../ex-nlohmann_json-popula e${i}	${directory}/../ex-nlohmann_json-populate${i}	UNRESOLVED_EXPRESSION	1	FALSE	FALSE	FALSE	0	UNRESOLVED_EXPRESSION
ut_dir	F:/~dev/rawrxd/build_p2_fresh/_deps/nlohmann_json-subbuild/nlohmann_json-populate-prefix/src/nlohmann_json-populate-stamp/extract-nlohmann_json-populate.cmake	47	${u _dir}/.DS_S ore	${ut_dir}/.DS_Store	UNRESOLVED_EXPRESSION	1	FALSE	FALSE	FALSE	0	UNRESOLVED_EXPRESSION
ut_dir	F:/~dev/rawrxd/build_p2_fresh/_deps/nlohmann_json-subbuild/nlohmann_json-populate-prefix/src/nlohmann_json-populate-stamp/extract-nlohmann_json-populate.cmake	50	${u _dir}	${ut_dir}	UNRESOLVED_EXPRESSION	1	FALSE	FALSE	FALSE	1	UNRESOLVED_EXPRESSION
val_051_2_a_real_token	F:/~dev/rawrxd/CMakeLists.txt	1740	RUNTIME_OUTPUT_DIRECTORY ${CMAKE_BINARY_DIR}/bin	RUNTIME_OUTPUT_DIRECTORY ${CMAKE_BINARY_DIR}/bin	UNRESOLVED_EXPRESSION	1	FALSE	FALSE	FALSE	1	UNRESOLVED_EXPRESSION
val_051_2_a_real_token	F:/~dev/rawrxd/CMakeLists.txt	1744	${CMAKE_SOURCE_DIR}	${CMAKE_SOURCE_DIR}	UNRESOLVED_EXPRESSION	1	FALSE	FALSE	FALSE	1	UNRESOLVED_EXPRESSION
val_051_2_a_real_token	F:/~dev/rawrxd/CMakeLists.txt	1745	${CMAKE_SOURCE_DIR}/include	${CMAKE_SOURCE_DIR}/include	UNRESOLVED_EXPRESSION	1	FALSE	FALSE	FALSE	1	UNRESOLVED_EXPRESSION
val_051_2_a_real_token	F:/~dev/rawrxd/CMakeLists.txt	1746	${CMAKE_SOURCE_DIR}/src	${CMAKE_SOURCE_DIR}/src	UNRESOLVED_EXPRESSION	1	FALSE	FALSE	FALSE	1	UNRESOLVED_EXPRESSION
val_051_2_a_real_token	F:/~dev/rawrxd/CMakeLists.txt	1747	${CMAKE_SOURCE_DIR}/src/ okenizer	${CMAKE_SOURCE_DIR}/src/tokenizer	UNRESOLVED_EXPRESSION	1	FALSE	FALSE	FALSE	1	UNRESOLVED_EXPRESSION
val_051_2_a_real_token	F:/~dev/rawrxd/CMakeLists.txt	1748	${CMAKE_SOURCE_DIR}/include/core	${CMAKE_SOURCE_DIR}/include/core	UNRESOLVED_EXPRESSION	1	FALSE	FALSE	FALSE	1	UNRESOLVED_EXPRESSION
val_051_2_a_real_token	F:/~dev/rawrxd/CMakeLists.txt	1752	${RAWR_VULKAN_INCLUDE}	${RAWR_VULKAN_INCLUDE}	UNRESOLVED_EXPRESSION	1	FALSE	FALSE	FALSE	2	UNRESOLVED_EXPRESSION
val_051_2_a_real_token	F:/~dev/rawrxd/CMakeLists.txt	1753	${RAWR_VULKAN_LIB}	${RAWR_VULKAN_LIB}	UNRESOLVED_EXPRESSION	1	FALSE	FALSE	FALSE	2	UNRESOLVED_EXPRESSION
val_051_2_a_real_token	F:/~dev/rawrxd/CMakeLists.txt	1756	 arge _include_direc ories val_051_2_a_real_ oken PRIVATE ${VULKAN_INCLUDE_DIR}	target_include_directories val_051_2_a_real_token PRIVATE ${VULKAN_INCLUDE_DIR}	UNRESOLVED_EXPRESSION	1	FALSE	FALSE	FALSE	2	UNRESOLVED_EXPRESSION
val_051_2_a_real_token	F:/~dev/rawrxd/CMakeLists.txt	1760	 arge _include_direc ories val_051_2_a_real_ oken PRIVATE ${Vulkan_INCLUDE_DIRS}	target_include_directories val_051_2_a_real_token PRIVATE ${Vulkan_INCLUDE_DIRS}	UNRESOLVED_EXPRESSION	1	FALSE	FALSE	FALSE	2	UNRESOLVED_EXPRESSION
val_051_2_a_real_token	F:/~dev/rawrxd/CMakeLists.txt	1771	se _proper y TARGET val_051_2_a_real_ oken APPEND_STRING PROPERTY LINK_FLAGS  ${_WIN10_SDK_ROOT}/Lib/${_SDK_UM_VER}/um/x64\	set_property TARGET val_051_2_a_real_token APPEND_STRING PROPERTY LINK_FLAGS  ${_WIN10_SDK_ROOT}/Lib/${_SDK_UM_VER}/um/x64/	UNRESOLVED_EXPRESSION	1	FALSE	FALSE	FALSE	2	UNRESOLVED_EXPRESSION
val_051_2_a_real_token	F:/~dev/rawrxd/CMakeLists.txt	1774	se _proper y TARGET val_051_2_a_real_ oken APPEND_STRING PROPERTY LINK_FLAGS  ${_WIN10_SDK_ROOT}/Lib/${_SDK_UCRT_VER}/ucr /x64\	set_property TARGET val_051_2_a_real_token APPEND_STRING PROPERTY LINK_FLAGS  ${_WIN10_SDK_ROOT}/Lib/${_SDK_UCRT_VER}/ucrt/x64/	UNRESOLVED_EXPRESSION	1	FALSE	FALSE	FALSE	2	UNRESOLVED_EXPRESSION
val_051_2_a_real_token	F:/~dev/rawrxd/CMakeLists.txt	1777	se _proper y TARGET val_051_2_a_real_ oken APPEND_STRING PROPERTY LINK_FLAGS  ${_MSVC_ROOT}/lib/x64\	set_property TARGET val_051_2_a_real_token APPEND_STRING PROPERTY LINK_FLAGS  ${_MSVC_ROOT}/lib/x64/	UNRESOLVED_EXPRESSION	1	FALSE	FALSE	FALSE	2	UNRESOLVED_EXPRESSION
val_051_5_32_token_kv_stability	F:/~dev/rawrxd/CMakeLists.txt	1895	RUNTIME_OUTPUT_DIRECTORY ${CMAKE_BINARY_DIR}/bin	RUNTIME_OUTPUT_DIRECTORY ${CMAKE_BINARY_DIR}/bin	UNRESOLVED_EXPRESSION	1	FALSE	FALSE	FALSE	1	UNRESOLVED_EXPRESSION
val_051_5_32_token_kv_stability	F:/~dev/rawrxd/CMakeLists.txt	1899	${CMAKE_SOURCE_DIR}	${CMAKE_SOURCE_DIR}	UNRESOLVED_EXPRESSION	1	FALSE	FALSE	FALSE	1	UNRESOLVED_EXPRESSION
val_051_5_32_token_kv_stability	F:/~dev/rawrxd/CMakeLists.txt	1900	${CMAKE_SOURCE_DIR}/include	${CMAKE_SOURCE_DIR}/include	UNRESOLVED_EXPRESSION	1	FALSE	FALSE	FALSE	1	UNRESOLVED_EXPRESSION
val_051_5_32_token_kv_stability	F:/~dev/rawrxd/CMakeLists.txt	1901	${CMAKE_SOURCE_DIR}/src	${CMAKE_SOURCE_DIR}/src	UNRESOLVED_EXPRESSION	1	FALSE	FALSE	FALSE	1	UNRESOLVED_EXPRESSION
val_051_5_32_token_kv_stability	F:/~dev/rawrxd/CMakeLists.txt	1902	${CMAKE_SOURCE_DIR}/src/ okenizer	${CMAKE_SOURCE_DIR}/src/tokenizer	UNRESOLVED_EXPRESSION	1	FALSE	FALSE	FALSE	1	UNRESOLVED_EXPRESSION
val_051_5_32_token_kv_stability	F:/~dev/rawrxd/CMakeLists.txt	1903	${CMAKE_SOURCE_DIR}/include/core	${CMAKE_SOURCE_DIR}/include/core	UNRESOLVED_EXPRESSION	1	FALSE	FALSE	FALSE	1	UNRESOLVED_EXPRESSION
val_051_5_32_token_kv_stability	F:/~dev/rawrxd/CMakeLists.txt	1906	${RAWR_VULKAN_INCLUDE}	${RAWR_VULKAN_INCLUDE}	UNRESOLVED_EXPRESSION	1	FALSE	FALSE	FALSE	2	UNRESOLVED_EXPRESSION
val_051_5_32_token_kv_stability	F:/~dev/rawrxd/CMakeLists.txt	1907	${RAWR_VULKAN_LIB}	${RAWR_VULKAN_LIB}	UNRESOLVED_EXPRESSION	1	FALSE	FALSE	FALSE	2	UNRESOLVED_EXPRESSION
val_051_5_32_token_kv_stability	F:/~dev/rawrxd/CMakeLists.txt	1910	 arge _include_direc ories val_051_5_32_ oken_kv_s abili y PRIVATE ${VULKAN_INCLUDE_DIR}	target_include_directories val_051_5_32_token_kv_stability PRIVATE ${VULKAN_INCLUDE_DIR}	UNRESOLVED_EXPRESSION	1	FALSE	FALSE	FALSE	2	UNRESOLVED_EXPRESSION
val_051_5_32_token_kv_stability	F:/~dev/rawrxd/CMakeLists.txt	1914	 arge _include_direc ories val_051_5_32_ oken_kv_s abili y PRIVATE ${Vulkan_INCLUDE_DIRS}	target_include_directories val_051_5_32_token_kv_stability PRIVATE ${Vulkan_INCLUDE_DIRS}	UNRESOLVED_EXPRESSION	1	FALSE	FALSE	FALSE	2	UNRESOLVED_EXPRESSION
val_051_5_32_token_kv_stability	F:/~dev/rawrxd/CMakeLists.txt	1924	se _proper y TARGET val_051_5_32_ oken_kv_s abili y APPEND_STRING PROPERTY LINK_FLAGS  ${_WIN10_SDK_ROOT}/Lib/${_SDK_UM_VER}/um/x64\	set_property TARGET val_051_5_32_token_kv_stability APPEND_STRING PROPERTY LINK_FLAGS  ${_WIN10_SDK_ROOT}/Lib/${_SDK_UM_VER}/um/x64/	UNRESOLVED_EXPRESSION	1	FALSE	FALSE	FALSE	2	UNRESOLVED_EXPRESSION
val_051_5_32_token_kv_stability	F:/~dev/rawrxd/CMakeLists.txt	1927	se _proper y TARGET val_051_5_32_ oken_kv_s abili y APPEND_STRING PROPERTY LINK_FLAGS  ${_WIN10_SDK_ROOT}/Lib/${_SDK_UCRT_VER}/ucr /x64\	set_property TARGET val_051_5_32_token_kv_stability APPEND_STRING PROPERTY LINK_FLAGS  ${_WIN10_SDK_ROOT}/Lib/${_SDK_UCRT_VER}/ucrt/x64/	UNRESOLVED_EXPRESSION	1	FALSE	FALSE	FALSE	2	UNRESOLVED_EXPRESSION
val_051_5_32_token_kv_stability	F:/~dev/rawrxd/CMakeLists.txt	1930	se _proper y TARGET val_051_5_32_ oken_kv_s abili y APPEND_STRING PROPERTY LINK_FLAGS  ${_MSVC_ROOT}/lib/x64\	set_property TARGET val_051_5_32_token_kv_stability APPEND_STRING PROPERTY LINK_FLAGS  ${_MSVC_ROOT}/lib/x64/	UNRESOLVED_EXPRESSION	1	FALSE	FALSE	FALSE	2	UNRESOLVED_EXPRESSION
val_051_5_bp16_bench	F:/~dev/rawrxd/CMakeLists.txt	67211	${CMAKE_SOURCE_DIR}/src/deep2	${CMAKE_SOURCE_DIR}/src/deep2	UNRESOLVED_EXPRESSION	1	FALSE	FALSE	FALSE	4	UNRESOLVED_EXPRESSION
val_051_5_bp16_bench	F:/~dev/rawrxd/CMakeLists.txt	67212	${CMAKE_SOURCE_DIR}/include	${CMAKE_SOURCE_DIR}/include	UNRESOLVED_EXPRESSION	1	FALSE	FALSE	FALSE	4	UNRESOLVED_EXPRESSION
val_051_5_bp16_bench	F:/~dev/rawrxd/CMakeLists.txt	67220	RUNTIME_OUTPUT_DIRECTORY ${CMAKE_BINARY_DIR}/bin	RUNTIME_OUTPUT_DIRECTORY ${CMAKE_BINARY_DIR}/bin	UNRESOLVED_EXPRESSION	1	FALSE	FALSE	FALSE	4	UNRESOLVED_EXPRESSION
val_051_5_bp16_compare	F:/~dev/rawrxd/CMakeLists.txt	55937	${CMAKE_SOURCE_DIR}/src/deep2	${CMAKE_SOURCE_DIR}/src/deep2	UNRESOLVED_EXPRESSION	1	FALSE	FALSE	FALSE	4	UNRESOLVED_EXPRESSION
val_051_5_bp16_compare	F:/~dev/rawrxd/CMakeLists.txt	55938	${CMAKE_SOURCE_DIR}/include	${CMAKE_SOURCE_DIR}/include	UNRESOLVED_EXPRESSION	1	FALSE	FALSE	FALSE	4	UNRESOLVED_EXPRESSION
val_051_5_bp16_compare	F:/~dev/rawrxd/CMakeLists.txt	55945	RUNTIME_OUTPUT_DIRECTORY ${CMAKE_BINARY_DIR}/bin	RUNTIME_OUTPUT_DIRECTORY ${CMAKE_BINARY_DIR}/bin	UNRESOLVED_EXPRESSION	1	FALSE	FALSE	FALSE	4	UNRESOLVED_EXPRESSION
val_051_5_bp16_diag	F:/~dev/rawrxd/CMakeLists.txt	66178	${CMAKE_SOURCE_DIR}/src/deep2	${CMAKE_SOURCE_DIR}/src/deep2	UNRESOLVED_EXPRESSION	1	FALSE	FALSE	FALSE	4	UNRESOLVED_EXPRESSION
val_051_5_bp16_diag	F:/~dev/rawrxd/CMakeLists.txt	66179	${CMAKE_SOURCE_DIR}/include	${CMAKE_SOURCE_DIR}/include	UNRESOLVED_EXPRESSION	1	FALSE	FALSE	FALSE	4	UNRESOLVED_EXPRESSION
val_051_5_bp16_diag	F:/~dev/rawrxd/CMakeLists.txt	66187	RUNTIME_OUTPUT_DIRECTORY ${CMAKE_BINARY_DIR}/bin	RUNTIME_OUTPUT_DIRECTORY ${CMAKE_BINARY_DIR}/bin	UNRESOLVED_EXPRESSION	1	FALSE	FALSE	FALSE	4	UNRESOLVED_EXPRESSION
val_051_5_bp16_e2e	F:/~dev/rawrxd/CMakeLists.txt	54898	${CMAKE_SOURCE_DIR}/src/deep2	${CMAKE_SOURCE_DIR}/src/deep2	UNRESOLVED_EXPRESSION	1	FALSE	FALSE	FALSE	4	UNRESOLVED_EXPRESSION
val_051_5_bp16_e2e	F:/~dev/rawrxd/CMakeLists.txt	54899	${CMAKE_SOURCE_DIR}/include	${CMAKE_SOURCE_DIR}/include	UNRESOLVED_EXPRESSION	1	FALSE	FALSE	FALSE	4	UNRESOLVED_EXPRESSION
val_051_5_bp16_e2e	F:/~dev/rawrxd/CMakeLists.txt	54906	RUNTIME_OUTPUT_DIRECTORY ${CMAKE_BINARY_DIR}/bin	RUNTIME_OUTPUT_DIRECTORY ${CMAKE_BINARY_DIR}/bin	UNRESOLVED_EXPRESSION	1	FALSE	FALSE	FALSE	4	UNRESOLVED_EXPRESSION
val_051_5_bp16_loadbench	F:/~dev/rawrxd/CMakeLists.txt	68195	${CMAKE_SOURCE_DIR}/src/deep2	${CMAKE_SOURCE_DIR}/src/deep2	UNRESOLVED_EXPRESSION	1	FALSE	FALSE	FALSE	4	UNRESOLVED_EXPRESSION
val_051_5_bp16_loadbench	F:/~dev/rawrxd/CMakeLists.txt	68196	${CMAKE_SOURCE_DIR}/include	${CMAKE_SOURCE_DIR}/include	UNRESOLVED_EXPRESSION	1	FALSE	FALSE	FALSE	4	UNRESOLVED_EXPRESSION
val_051_5_bp16_loadbench	F:/~dev/rawrxd/CMakeLists.txt	68204	RUNTIME_OUTPUT_DIRECTORY ${CMAKE_BINARY_DIR}/bin	RUNTIME_OUTPUT_DIRECTORY ${CMAKE_BINARY_DIR}/bin	UNRESOLVED_EXPRESSION	1	FALSE	FALSE	FALSE	4	UNRESOLVED_EXPRESSION
val_051_5_bp16_logits	F:/~dev/rawrxd/CMakeLists.txt	58984	${CMAKE_SOURCE_DIR}/src/deep2	${CMAKE_SOURCE_DIR}/src/deep2	UNRESOLVED_EXPRESSION	1	FALSE	FALSE	FALSE	4	UNRESOLVED_EXPRESSION
val_051_5_bp16_logits	F:/~dev/rawrxd/CMakeLists.txt	58985	${CMAKE_SOURCE_DIR}/include	${CMAKE_SOURCE_DIR}/include	UNRESOLVED_EXPRESSION	1	FALSE	FALSE	FALSE	4	UNRESOLVED_EXPRESSION
val_051_5_bp16_logits	F:/~dev/rawrxd/CMakeLists.txt	58992	RUNTIME_OUTPUT_DIRECTORY ${CMAKE_BINARY_DIR}/bin	RUNTIME_OUTPUT_DIRECTORY ${CMAKE_BINARY_DIR}/bin	UNRESOLVED_EXPRESSION	1	FALSE	FALSE	FALSE	4	UNRESOLVED_EXPRESSION
val_051_5_bp16_streamer	F:/~dev/rawrxd/CMakeLists.txt	53870	${CMAKE_SOURCE_DIR}/src/deep2	${CMAKE_SOURCE_DIR}/src/deep2	UNRESOLVED_EXPRESSION	1	FALSE	FALSE	FALSE	4	UNRESOLVED_EXPRESSION
val_051_5_bp16_streamer	F:/~dev/rawrxd/CMakeLists.txt	53871	${CMAKE_SOURCE_DIR}/include	${CMAKE_SOURCE_DIR}/include	UNRESOLVED_EXPRESSION	1	FALSE	FALSE	FALSE	4	UNRESOLVED_EXPRESSION
val_051_5_bp16_streamer	F:/~dev/rawrxd/CMakeLists.txt	53874	RUNTIME_OUTPUT_DIRECTORY ${CMAKE_BINARY_DIR}/bin	RUNTIME_OUTPUT_DIRECTORY ${CMAKE_BINARY_DIR}/bin	UNRESOLVED_EXPRESSION	1	FALSE	FALSE	FALSE	4	UNRESOLVED_EXPRESSION
val_051_5_bp16_verify	F:/~dev/rawrxd/CMakeLists.txt	57952	${CMAKE_SOURCE_DIR}/src/deep2	${CMAKE_SOURCE_DIR}/src/deep2	UNRESOLVED_EXPRESSION	1	FALSE	FALSE	FALSE	4	UNRESOLVED_EXPRESSION
val_051_5_bp16_verify	F:/~dev/rawrxd/CMakeLists.txt	57953	${CMAKE_SOURCE_DIR}/include	${CMAKE_SOURCE_DIR}/include	UNRESOLVED_EXPRESSION	1	FALSE	FALSE	FALSE	4	UNRESOLVED_EXPRESSION
val_051_5_bp16_verify	F:/~dev/rawrxd/CMakeLists.txt	57960	RUNTIME_OUTPUT_DIRECTORY ${CMAKE_BINARY_DIR}/bin	RUNTIME_OUTPUT_DIRECTORY ${CMAKE_BINARY_DIR}/bin	UNRESOLVED_EXPRESSION	1	FALSE	FALSE	FALSE	4	UNRESOLVED_EXPRESSION
val_051_5_bp16_weights	F:/~dev/rawrxd/CMakeLists.txt	56969	${CMAKE_SOURCE_DIR}/src/deep2	${CMAKE_SOURCE_DIR}/src/deep2	UNRESOLVED_EXPRESSION	1	FALSE	FALSE	FALSE	4	UNRESOLVED_EXPRESSION
val_051_5_bp16_weights	F:/~dev/rawrxd/CMakeLists.txt	56970	${CMAKE_SOURCE_DIR}/include	${CMAKE_SOURCE_DIR}/include	UNRESOLVED_EXPRESSION	1	FALSE	FALSE	FALSE	4	UNRESOLVED_EXPRESSION
val_051_5_bp16_weights	F:/~dev/rawrxd/CMakeLists.txt	56977	RUNTIME_OUTPUT_DIRECTORY ${CMAKE_BINARY_DIR}/bin	RUNTIME_OUTPUT_DIRECTORY ${CMAKE_BINARY_DIR}/bin	UNRESOLVED_EXPRESSION	1	FALSE	FALSE	FALSE	4	UNRESOLVED_EXPRESSION
val_051_5_diag_1_token	F:/~dev/rawrxd/CMakeLists.txt	50862	${CMAKE_SOURCE_DIR}/src/deep2	${CMAKE_SOURCE_DIR}/src/deep2	UNRESOLVED_EXPRESSION	1	FALSE	FALSE	FALSE	4	UNRESOLVED_EXPRESSION
val_051_5_diag_1_token	F:/~dev/rawrxd/CMakeLists.txt	50863	${CMAKE_SOURCE_DIR}/include	${CMAKE_SOURCE_DIR}/include	UNRESOLVED_EXPRESSION	1	FALSE	FALSE	FALSE	4	UNRESOLVED_EXPRESSION
val_051_5_diag_1_token	F:/~dev/rawrxd/CMakeLists.txt	50870	RUNTIME_OUTPUT_DIRECTORY ${CMAKE_BINARY_DIR}/bin	RUNTIME_OUTPUT_DIRECTORY ${CMAKE_BINARY_DIR}/bin	UNRESOLVED_EXPRESSION	1	FALSE	FALSE	FALSE	4	UNRESOLVED_EXPRESSION
val_051_5_fifteen_token	F:/~dev/rawrxd/CMakeLists.txt	49825	${CMAKE_SOURCE_DIR}/src/deep2	${CMAKE_SOURCE_DIR}/src/deep2	UNRESOLVED_EXPRESSION	1	FALSE	FALSE	FALSE	4	UNRESOLVED_EXPRESSION
val_051_5_fifteen_token	F:/~dev/rawrxd/CMakeLists.txt	49826	${CMAKE_SOURCE_DIR}/include	${CMAKE_SOURCE_DIR}/include	UNRESOLVED_EXPRESSION	1	FALSE	FALSE	FALSE	4	UNRESOLVED_EXPRESSION
val_051_5_fifteen_token	F:/~dev/rawrxd/CMakeLists.txt	49834	RUNTIME_OUTPUT_DIRECTORY ${CMAKE_BINARY_DIR}/bin	RUNTIME_OUTPUT_DIRECTORY ${CMAKE_BINARY_DIR}/bin	UNRESOLVED_EXPRESSION	1	FALSE	FALSE	FALSE	4	UNRESOLVED_EXPRESSION
val_051_5_q2k_gemv_bench	F:/~dev/rawrxd/CMakeLists.txt	72095	RUNTIME_OUTPUT_DIRECTORY ${CMAKE_BINARY_DIR}/bin	RUNTIME_OUTPUT_DIRECTORY ${CMAKE_BINARY_DIR}/bin	UNRESOLVED_EXPRESSION	1	FALSE	FALSE	FALSE	4	UNRESOLVED_EXPRESSION
val_051_5_q2k_gemv_verify	F:/~dev/rawrxd/CMakeLists.txt	71123	RUNTIME_OUTPUT_DIRECTORY ${CMAKE_BINARY_DIR}/bin	RUNTIME_OUTPUT_DIRECTORY ${CMAKE_BINARY_DIR}/bin	UNRESOLVED_EXPRESSION	1	FALSE	FALSE	FALSE	4	UNRESOLVED_EXPRESSION
val_051_5_q2k_profile	F:/~dev/rawrxd/CMakeLists.txt	78047	RUNTIME_OUTPUT_DIRECTORY ${CMAKE_BINARY_DIR}/bin	RUNTIME_OUTPUT_DIRECTORY ${CMAKE_BINARY_DIR}/bin	UNRESOLVED_EXPRESSION	1	FALSE	FALSE	FALSE	4	UNRESOLVED_EXPRESSION
val_051_5_q4k_fused_verify	F:/~dev/rawrxd/CMakeLists.txt	69176	RUNTIME_OUTPUT_DIRECTORY ${CMAKE_BINARY_DIR}/bin	RUNTIME_OUTPUT_DIRECTORY ${CMAKE_BINARY_DIR}/bin	UNRESOLVED_EXPRESSION	1	FALSE	FALSE	FALSE	4	UNRESOLVED_EXPRESSION
val_051_5_q4k_gemv_bench	F:/~dev/rawrxd/CMakeLists.txt	70148	${CMAKE_BINARY_DIR}/CMakeFiles/val_051_5_diag_1_ oken.dir/src/deep2/sovereign_q4k_gemv_v2.asm.obj	${CMAKE_BINARY_DIR}/CMakeFiles/val_051_5_diag_1_token.dir/src/deep2/sovereign_q4k_gemv_v2.asm.obj	UNRESOLVED_EXPRESSION	1	FALSE	FALSE	FALSE	4	UNRESOLVED_EXPRESSION
val_051_5_q4k_gemv_bench	F:/~dev/rawrxd/CMakeLists.txt	70151	RUNTIME_OUTPUT_DIRECTORY ${CMAKE_BINARY_DIR}/bin	RUNTIME_OUTPUT_DIRECTORY ${CMAKE_BINARY_DIR}/bin	UNRESOLVED_EXPRESSION	1	FALSE	FALSE	FALSE	4	UNRESOLVED_EXPRESSION
val_051_5_q5k_forward_bench	F:/~dev/rawrxd/CMakeLists.txt	75011	RUNTIME_OUTPUT_DIRECTORY ${CMAKE_BINARY_DIR}/bin	RUNTIME_OUTPUT_DIRECTORY ${CMAKE_BINARY_DIR}/bin	UNRESOLVED_EXPRESSION	1	FALSE	FALSE	FALSE	4	UNRESOLVED_EXPRESSION
val_051_5_q5k_gemv_bench	F:/~dev/rawrxd/CMakeLists.txt	74039	RUNTIME_OUTPUT_DIRECTORY ${CMAKE_BINARY_DIR}/bin	RUNTIME_OUTPUT_DIRECTORY ${CMAKE_BINARY_DIR}/bin	UNRESOLVED_EXPRESSION	1	FALSE	FALSE	FALSE	4	UNRESOLVED_EXPRESSION
val_051_5_q5k_gemv_verify	F:/~dev/rawrxd/CMakeLists.txt	73067	RUNTIME_OUTPUT_DIRECTORY ${CMAKE_BINARY_DIR}/bin	RUNTIME_OUTPUT_DIRECTORY ${CMAKE_BINARY_DIR}/bin	UNRESOLVED_EXPRESSION	1	FALSE	FALSE	FALSE	4	UNRESOLVED_EXPRESSION
val_051_5_q6k_synthetic	F:/~dev/rawrxd/CMakeLists.txt	52892	${CMAKE_SOURCE_DIR}/src/deep2	${CMAKE_SOURCE_DIR}/src/deep2	UNRESOLVED_EXPRESSION	1	FALSE	FALSE	FALSE	4	UNRESOLVED_EXPRESSION
val_051_5_q6k_synthetic	F:/~dev/rawrxd/CMakeLists.txt	52893	${CMAKE_SOURCE_DIR}/include	${CMAKE_SOURCE_DIR}/include	UNRESOLVED_EXPRESSION	1	FALSE	FALSE	FALSE	4	UNRESOLVED_EXPRESSION
val_051_5_q6k_synthetic	F:/~dev/rawrxd/CMakeLists.txt	52896	RUNTIME_OUTPUT_DIRECTORY ${CMAKE_BINARY_DIR}/bin	RUNTIME_OUTPUT_DIRECTORY ${CMAKE_BINARY_DIR}/bin	UNRESOLVED_EXPRESSION	1	FALSE	FALSE	FALSE	4	UNRESOLVED_EXPRESSION
val_051_6_15_token_kv	F:/~dev/rawrxd/CMakeLists.txt	1948	RUNTIME_OUTPUT_DIRECTORY ${CMAKE_BINARY_DIR}/bin	RUNTIME_OUTPUT_DIRECTORY ${CMAKE_BINARY_DIR}/bin	UNRESOLVED_EXPRESSION	1	FALSE	FALSE	FALSE	1	UNRESOLVED_EXPRESSION
val_051_6_15_token_kv	F:/~dev/rawrxd/CMakeLists.txt	1952	${CMAKE_SOURCE_DIR}	${CMAKE_SOURCE_DIR}	UNRESOLVED_EXPRESSION	1	FALSE	FALSE	FALSE	1	UNRESOLVED_EXPRESSION
val_051_6_15_token_kv	F:/~dev/rawrxd/CMakeLists.txt	1953	${CMAKE_SOURCE_DIR}/include	${CMAKE_SOURCE_DIR}/include	UNRESOLVED_EXPRESSION	1	FALSE	FALSE	FALSE	1	UNRESOLVED_EXPRESSION
val_051_6_15_token_kv	F:/~dev/rawrxd/CMakeLists.txt	1954	${CMAKE_SOURCE_DIR}/src	${CMAKE_SOURCE_DIR}/src	UNRESOLVED_EXPRESSION	1	FALSE	FALSE	FALSE	1	UNRESOLVED_EXPRESSION
val_051_6_15_token_kv	F:/~dev/rawrxd/CMakeLists.txt	1955	${CMAKE_SOURCE_DIR}/src/ okenizer	${CMAKE_SOURCE_DIR}/src/tokenizer	UNRESOLVED_EXPRESSION	1	FALSE	FALSE	FALSE	1	UNRESOLVED_EXPRESSION
val_051_6_15_token_kv	F:/~dev/rawrxd/CMakeLists.txt	1956	${CMAKE_SOURCE_DIR}/include/core	${CMAKE_SOURCE_DIR}/include/core	UNRESOLVED_EXPRESSION	1	FALSE	FALSE	FALSE	1	UNRESOLVED_EXPRESSION
val_051_6_15_token_kv	F:/~dev/rawrxd/CMakeLists.txt	1959	${RAWR_VULKAN_INCLUDE}	${RAWR_VULKAN_INCLUDE}	UNRESOLVED_EXPRESSION	1	FALSE	FALSE	FALSE	2	UNRESOLVED_EXPRESSION
val_051_6_15_token_kv	F:/~dev/rawrxd/CMakeLists.txt	1960	${RAWR_VULKAN_LIB}	${RAWR_VULKAN_LIB}	UNRESOLVED_EXPRESSION	1	FALSE	FALSE	FALSE	2	UNRESOLVED_EXPRESSION
val_051_6_15_token_kv	F:/~dev/rawrxd/CMakeLists.txt	1963	 arge _include_direc ories val_051_6_15_ oken_kv PRIVATE ${VULKAN_INCLUDE_DIR}	target_include_directories val_051_6_15_token_kv PRIVATE ${VULKAN_INCLUDE_DIR}	UNRESOLVED_EXPRESSION	1	FALSE	FALSE	FALSE	2	UNRESOLVED_EXPRESSION
val_051_6_15_token_kv	F:/~dev/rawrxd/CMakeLists.txt	1967	 arge _include_direc ories val_051_6_15_ oken_kv PRIVATE ${Vulkan_INCLUDE_DIRS}	target_include_directories val_051_6_15_token_kv PRIVATE ${Vulkan_INCLUDE_DIRS}	UNRESOLVED_EXPRESSION	1	FALSE	FALSE	FALSE	2	UNRESOLVED_EXPRESSION
val_051_6_15_token_kv	F:/~dev/rawrxd/CMakeLists.txt	1977	se _proper y TARGET val_051_6_15_ oken_kv APPEND_STRING PROPERTY LINK_FLAGS  ${_WIN10_SDK_ROOT}/Lib/${_SDK_UM_VER}/um/x64\	set_property TARGET val_051_6_15_token_kv APPEND_STRING PROPERTY LINK_FLAGS  ${_WIN10_SDK_ROOT}/Lib/${_SDK_UM_VER}/um/x64/	UNRESOLVED_EXPRESSION	1	FALSE	FALSE	FALSE	2	UNRESOLVED_EXPRESSION
val_051_6_15_token_kv	F:/~dev/rawrxd/CMakeLists.txt	1980	se _proper y TARGET val_051_6_15_ oken_kv APPEND_STRING PROPERTY LINK_FLAGS  ${_WIN10_SDK_ROOT}/Lib/${_SDK_UCRT_VER}/ucr /x64\	set_property TARGET val_051_6_15_token_kv APPEND_STRING PROPERTY LINK_FLAGS  ${_WIN10_SDK_ROOT}/Lib/${_SDK_UCRT_VER}/ucrt/x64/	UNRESOLVED_EXPRESSION	1	FALSE	FALSE	FALSE	2	UNRESOLVED_EXPRESSION
val_051_6_15_token_kv	F:/~dev/rawrxd/CMakeLists.txt	1983	se _proper y TARGET val_051_6_15_ oken_kv APPEND_STRING PROPERTY LINK_FLAGS  ${_MSVC_ROOT}/lib/x64\	set_property TARGET val_051_6_15_token_kv APPEND_STRING PROPERTY LINK_FLAGS  ${_MSVC_ROOT}/lib/x64/	UNRESOLVED_EXPRESSION	1	FALSE	FALSE	FALSE	2	UNRESOLVED_EXPRESSION
val_051_6_bp16_perf	F:/~dev/rawrxd/CMakeLists.txt	60016	${CMAKE_SOURCE_DIR}/src/deep2	${CMAKE_SOURCE_DIR}/src/deep2	UNRESOLVED_EXPRESSION	1	FALSE	FALSE	FALSE	4	UNRESOLVED_EXPRESSION
val_051_6_bp16_perf	F:/~dev/rawrxd/CMakeLists.txt	60017	${CMAKE_SOURCE_DIR}/include	${CMAKE_SOURCE_DIR}/include	UNRESOLVED_EXPRESSION	1	FALSE	FALSE	FALSE	4	UNRESOLVED_EXPRESSION
val_051_6_bp16_perf	F:/~dev/rawrxd/CMakeLists.txt	60024	RUNTIME_OUTPUT_DIRECTORY ${CMAKE_BINARY_DIR}/bin	RUNTIME_OUTPUT_DIRECTORY ${CMAKE_BINARY_DIR}/bin	UNRESOLVED_EXPRESSION	1	FALSE	FALSE	FALSE	4	UNRESOLVED_EXPRESSION
val_051_7_bp16_lightweight_profile	F:/~dev/rawrxd/CMakeLists.txt	62080	${CMAKE_SOURCE_DIR}/src/deep2	${CMAKE_SOURCE_DIR}/src/deep2	UNRESOLVED_EXPRESSION	1	FALSE	FALSE	FALSE	4	UNRESOLVED_EXPRESSION
val_051_7_bp16_lightweight_profile	F:/~dev/rawrxd/CMakeLists.txt	62081	${CMAKE_SOURCE_DIR}/include	${CMAKE_SOURCE_DIR}/include	UNRESOLVED_EXPRESSION	1	FALSE	FALSE	FALSE	4	UNRESOLVED_EXPRESSION
val_051_7_bp16_lightweight_profile	F:/~dev/rawrxd/CMakeLists.txt	62088	RUNTIME_OUTPUT_DIRECTORY ${CMAKE_BINARY_DIR}/bin	RUNTIME_OUTPUT_DIRECTORY ${CMAKE_BINARY_DIR}/bin	UNRESOLVED_EXPRESSION	1	FALSE	FALSE	FALSE	4	UNRESOLVED_EXPRESSION
val_051_7_bp16_profile	F:/~dev/rawrxd/CMakeLists.txt	61048	${CMAKE_SOURCE_DIR}/src/deep2	${CMAKE_SOURCE_DIR}/src/deep2	UNRESOLVED_EXPRESSION	1	FALSE	FALSE	FALSE	4	UNRESOLVED_EXPRESSION
val_051_7_bp16_profile	F:/~dev/rawrxd/CMakeLists.txt	61049	${CMAKE_SOURCE_DIR}/include	${CMAKE_SOURCE_DIR}/include	UNRESOLVED_EXPRESSION	1	FALSE	FALSE	FALSE	4	UNRESOLVED_EXPRESSION
val_051_7_bp16_profile	F:/~dev/rawrxd/CMakeLists.txt	61056	RUNTIME_OUTPUT_DIRECTORY ${CMAKE_BINARY_DIR}/bin	RUNTIME_OUTPUT_DIRECTORY ${CMAKE_BINARY_DIR}/bin	UNRESOLVED_EXPRESSION	1	FALSE	FALSE	FALSE	4	UNRESOLVED_EXPRESSION
val_051_7_residency_baseline	F:/~dev/rawrxd/CMakeLists.txt	2001	RUNTIME_OUTPUT_DIRECTORY ${CMAKE_BINARY_DIR}/bin	RUNTIME_OUTPUT_DIRECTORY ${CMAKE_BINARY_DIR}/bin	UNRESOLVED_EXPRESSION	1	FALSE	FALSE	FALSE	1	UNRESOLVED_EXPRESSION
val_051_7_residency_baseline	F:/~dev/rawrxd/CMakeLists.txt	2005	${CMAKE_SOURCE_DIR}	${CMAKE_SOURCE_DIR}	UNRESOLVED_EXPRESSION	1	FALSE	FALSE	FALSE	1	UNRESOLVED_EXPRESSION
val_051_7_residency_baseline	F:/~dev/rawrxd/CMakeLists.txt	2006	${CMAKE_SOURCE_DIR}/include	${CMAKE_SOURCE_DIR}/include	UNRESOLVED_EXPRESSION	1	FALSE	FALSE	FALSE	1	UNRESOLVED_EXPRESSION
val_051_7_residency_baseline	F:/~dev/rawrxd/CMakeLists.txt	2007	${CMAKE_SOURCE_DIR}/src	${CMAKE_SOURCE_DIR}/src	UNRESOLVED_EXPRESSION	1	FALSE	FALSE	FALSE	1	UNRESOLVED_EXPRESSION
val_051_7_residency_baseline	F:/~dev/rawrxd/CMakeLists.txt	2008	${CMAKE_SOURCE_DIR}/src/ okenizer	${CMAKE_SOURCE_DIR}/src/tokenizer	UNRESOLVED_EXPRESSION	1	FALSE	FALSE	FALSE	1	UNRESOLVED_EXPRESSION
val_051_7_residency_baseline	F:/~dev/rawrxd/CMakeLists.txt	2009	${CMAKE_SOURCE_DIR}/include/core	${CMAKE_SOURCE_DIR}/include/core	UNRESOLVED_EXPRESSION	1	FALSE	FALSE	FALSE	1	UNRESOLVED_EXPRESSION
val_051_7_residency_baseline	F:/~dev/rawrxd/CMakeLists.txt	2010	${CMAKE_SOURCE_DIR}/src/deep2	${CMAKE_SOURCE_DIR}/src/deep2	UNRESOLVED_EXPRESSION	1	FALSE	FALSE	FALSE	1	UNRESOLVED_EXPRESSION
val_051_7_residency_baseline	F:/~dev/rawrxd/CMakeLists.txt	2013	${RAWR_VULKAN_INCLUDE}	${RAWR_VULKAN_INCLUDE}	UNRESOLVED_EXPRESSION	1	FALSE	FALSE	FALSE	2	UNRESOLVED_EXPRESSION
val_051_7_residency_baseline	F:/~dev/rawrxd/CMakeLists.txt	2014	${RAWR_VULKAN_LIB}	${RAWR_VULKAN_LIB}	UNRESOLVED_EXPRESSION	1	FALSE	FALSE	FALSE	2	UNRESOLVED_EXPRESSION
val_051_7_residency_baseline	F:/~dev/rawrxd/CMakeLists.txt	2017	 arge _include_direc ories val_051_7_residency_baseline PRIVATE ${VULKAN_INCLUDE_DIR}	target_include_directories val_051_7_residency_baseline PRIVATE ${VULKAN_INCLUDE_DIR}	UNRESOLVED_EXPRESSION	1	FALSE	FALSE	FALSE	2	UNRESOLVED_EXPRESSION
val_051_7_residency_baseline	F:/~dev/rawrxd/CMakeLists.txt	2021	 arge _include_direc ories val_051_7_residency_baseline PRIVATE ${Vulkan_INCLUDE_DIRS}	target_include_directories val_051_7_residency_baseline PRIVATE ${Vulkan_INCLUDE_DIRS}	UNRESOLVED_EXPRESSION	1	FALSE	FALSE	FALSE	2	UNRESOLVED_EXPRESSION
val_051_7_residency_baseline	F:/~dev/rawrxd/CMakeLists.txt	2031	se _proper y TARGET val_051_7_residency_baseline APPEND_STRING PROPERTY LINK_FLAGS  ${_WIN10_SDK_ROOT}/Lib/${_SDK_UM_VER}/um/x64\	set_property TARGET val_051_7_residency_baseline APPEND_STRING PROPERTY LINK_FLAGS  ${_WIN10_SDK_ROOT}/Lib/${_SDK_UM_VER}/um/x64/	UNRESOLVED_EXPRESSION	1	FALSE	FALSE	FALSE	2	UNRESOLVED_EXPRESSION
val_051_7_residency_baseline	F:/~dev/rawrxd/CMakeLists.txt	2034	se _proper y TARGET val_051_7_residency_baseline APPEND_STRING PROPERTY LINK_FLAGS  ${_WIN10_SDK_ROOT}/Lib/${_SDK_UCRT_VER}/ucr /x64\	set_property TARGET val_051_7_residency_baseline APPEND_STRING PROPERTY LINK_FLAGS  ${_WIN10_SDK_ROOT}/Lib/${_SDK_UCRT_VER}/ucrt/x64/	UNRESOLVED_EXPRESSION	1	FALSE	FALSE	FALSE	2	UNRESOLVED_EXPRESSION
val_051_7_residency_baseline	F:/~dev/rawrxd/CMakeLists.txt	2037	se _proper y TARGET val_051_7_residency_baseline APPEND_STRING PROPERTY LINK_FLAGS  ${_MSVC_ROOT}/lib/x64\	set_property TARGET val_051_7_residency_baseline APPEND_STRING PROPERTY LINK_FLAGS  ${_MSVC_ROOT}/lib/x64/	UNRESOLVED_EXPRESSION	1	FALSE	FALSE	FALSE	2	UNRESOLVED_EXPRESSION
val_051_8_layer_profile	F:/~dev/rawrxd/CMakeLists.txt	77067	${CMAKE_SOURCE_DIR}/src/deep2	${CMAKE_SOURCE_DIR}/src/deep2	UNRESOLVED_EXPRESSION	1	FALSE	FALSE	FALSE	4	UNRESOLVED_EXPRESSION
val_051_8_layer_profile	F:/~dev/rawrxd/CMakeLists.txt	77068	${CMAKE_SOURCE_DIR}/include	${CMAKE_SOURCE_DIR}/include	UNRESOLVED_EXPRESSION	1	FALSE	FALSE	FALSE	4	UNRESOLVED_EXPRESSION
val_051_8_layer_profile	F:/~dev/rawrxd/CMakeLists.txt	77075	RUNTIME_OUTPUT_DIRECTORY ${CMAKE_BINARY_DIR}/bin	RUNTIME_OUTPUT_DIRECTORY ${CMAKE_BINARY_DIR}/bin	UNRESOLVED_EXPRESSION	1	FALSE	FALSE	FALSE	4	UNRESOLVED_EXPRESSION
val_051_8_linearw_thread_scaling	F:/~dev/rawrxd/CMakeLists.txt	76035	${CMAKE_SOURCE_DIR}/src/deep2	${CMAKE_SOURCE_DIR}/src/deep2	UNRESOLVED_EXPRESSION	1	FALSE	FALSE	FALSE	4	UNRESOLVED_EXPRESSION
val_051_8_linearw_thread_scaling	F:/~dev/rawrxd/CMakeLists.txt	76036	${CMAKE_SOURCE_DIR}/include	${CMAKE_SOURCE_DIR}/include	UNRESOLVED_EXPRESSION	1	FALSE	FALSE	FALSE	4	UNRESOLVED_EXPRESSION
val_051_8_linearw_thread_scaling	F:/~dev/rawrxd/CMakeLists.txt	76043	RUNTIME_OUTPUT_DIRECTORY ${CMAKE_BINARY_DIR}/bin	RUNTIME_OUTPUT_DIRECTORY ${CMAKE_BINARY_DIR}/bin	UNRESOLVED_EXPRESSION	1	FALSE	FALSE	FALSE	4	UNRESOLVED_EXPRESSION
val_bp16_int_1_token	F:/~dev/rawrxd/CMakeLists.txt	51906	${CMAKE_SOURCE_DIR}/src/deep2	${CMAKE_SOURCE_DIR}/src/deep2	UNRESOLVED_EXPRESSION	1	FALSE	FALSE	FALSE	4	UNRESOLVED_EXPRESSION
val_bp16_int_1_token	F:/~dev/rawrxd/CMakeLists.txt	51907	${CMAKE_SOURCE_DIR}/include	${CMAKE_SOURCE_DIR}/include	UNRESOLVED_EXPRESSION	1	FALSE	FALSE	FALSE	4	UNRESOLVED_EXPRESSION
val_bp16_int_1_token	F:/~dev/rawrxd/CMakeLists.txt	51914	RUNTIME_OUTPUT_DIRECTORY ${CMAKE_BINARY_DIR}/bin	RUNTIME_OUTPUT_DIRECTORY ${CMAKE_BINARY_DIR}/bin	UNRESOLVED_EXPRESSION	1	FALSE	FALSE	FALSE	4	UNRESOLVED_EXPRESSION
validate_val051_evidence	F:/~dev/rawrxd/CMakeLists.txt	2202	RUNTIME_OUTPUT_DIRECTORY ${CMAKE_BINARY_DIR}/bin	RUNTIME_OUTPUT_DIRECTORY ${CMAKE_BINARY_DIR}/bin	UNRESOLVED_EXPRESSION	1	FALSE	FALSE	FALSE	1	UNRESOLVED_EXPRESSION
validate_val051_evidence	F:/~dev/rawrxd/CMakeLists.txt	2206	se _proper y TARGET valida e_val051_evidence APPEND_STRING PROPERTY LINK_FLAGS  ${_WIN10_SDK_ROOT}/Lib/${_SDK_UM_VER}/um/x64\	set_property TARGET validate_val051_evidence APPEND_STRING PROPERTY LINK_FLAGS  ${_WIN10_SDK_ROOT}/Lib/${_SDK_UM_VER}/um/x64/	UNRESOLVED_EXPRESSION	1	FALSE	FALSE	FALSE	2	UNRESOLVED_EXPRESSION
validate_val051_evidence	F:/~dev/rawrxd/CMakeLists.txt	2209	se _proper y TARGET valida e_val051_evidence APPEND_STRING PROPERTY LINK_FLAGS  ${_WIN10_SDK_ROOT}/Lib/${_SDK_UCRT_VER}/ucr /x64\	set_property TARGET validate_val051_evidence APPEND_STRING PROPERTY LINK_FLAGS  ${_WIN10_SDK_ROOT}/Lib/${_SDK_UCRT_VER}/ucrt/x64/	UNRESOLVED_EXPRESSION	1	FALSE	FALSE	FALSE	2	UNRESOLVED_EXPRESSION
validate_val051_evidence	F:/~dev/rawrxd/CMakeLists.txt	2212	se _proper y TARGET valida e_val051_evidence APPEND_STRING PROPERTY LINK_FLAGS  ${_MSVC_ROOT}/lib/x64\	set_property TARGET validate_val051_evidence APPEND_STRING PROPERTY LINK_FLAGS  ${_MSVC_ROOT}/lib/x64/	UNRESOLVED_EXPRESSION	1	FALSE	FALSE	FALSE	2	UNRESOLVED_EXPRESSION
vulkan_compute_diagnostic	F:/~dev/rawrxd/CMakeLists.txt	1317	RUNTIME_OUTPUT_DIRECTORY ${CMAKE_BINARY_DIR}/bin	RUNTIME_OUTPUT_DIRECTORY ${CMAKE_BINARY_DIR}/bin	UNRESOLVED_EXPRESSION	1	FALSE	FALSE	FALSE	2	UNRESOLVED_EXPRESSION
vulkan_compute_diagnostic	F:/~dev/rawrxd/CMakeLists.txt	1320	${RAWR_VULKAN_INCLUDE}	${RAWR_VULKAN_INCLUDE}	UNRESOLVED_EXPRESSION	1	FALSE	FALSE	FALSE	2	UNRESOLVED_EXPRESSION
vulkan_compute_diagnostic	F:/~dev/rawrxd/CMakeLists.txt	1323	${RAWR_VULKAN_LIB}	${RAWR_VULKAN_LIB}	UNRESOLVED_EXPRESSION	1	FALSE	FALSE	FALSE	2	UNRESOLVED_EXPRESSION
vulkan_compute_diagnostic	F:/~dev/rawrxd/CMakeLists.txt	1327	se _proper y TARGET vulkan_compu e_diagnos ic APPEND_STRING PROPERTY LINK_FLAGS  ${_WIN10_SDK_ROOT}/Lib/${_SDK_UM_VER}/um/x64\	set_property TARGET vulkan_compute_diagnostic APPEND_STRING PROPERTY LINK_FLAGS  ${_WIN10_SDK_ROOT}/Lib/${_SDK_UM_VER}/um/x64/	UNRESOLVED_EXPRESSION	1	FALSE	FALSE	FALSE	3	UNRESOLVED_EXPRESSION
vulkan_compute_diagnostic	F:/~dev/rawrxd/CMakeLists.txt	1330	se _proper y TARGET vulkan_compu e_diagnos ic APPEND_STRING PROPERTY LINK_FLAGS  ${_WIN10_SDK_ROOT}/Lib/${_SDK_UCRT_VER}/ucr /x64\	set_property TARGET vulkan_compute_diagnostic APPEND_STRING PROPERTY LINK_FLAGS  ${_WIN10_SDK_ROOT}/Lib/${_SDK_UCRT_VER}/ucrt/x64/	UNRESOLVED_EXPRESSION	1	FALSE	FALSE	FALSE	3	UNRESOLVED_EXPRESSION
vulkan_compute_diagnostic	F:/~dev/rawrxd/CMakeLists.txt	1333	se _proper y TARGET vulkan_compu e_diagnos ic APPEND_STRING PROPERTY LINK_FLAGS  ${_MSVC_ROOT}/lib/x64\	set_property TARGET vulkan_compute_diagnostic APPEND_STRING PROPERTY LINK_FLAGS  ${_MSVC_ROOT}/lib/x64/	UNRESOLVED_EXPRESSION	1	FALSE	FALSE	FALSE	3	UNRESOLVED_EXPRESSION
vulkan_gemm_test	F:/~dev/rawrxd/CMakeLists.txt	1423	RUNTIME_OUTPUT_DIRECTORY ${CMAKE_BINARY_DIR}/bin	RUNTIME_OUTPUT_DIRECTORY ${CMAKE_BINARY_DIR}/bin	UNRESOLVED_EXPRESSION	1	FALSE	FALSE	FALSE	2	UNRESOLVED_EXPRESSION
vulkan_gemm_test	F:/~dev/rawrxd/CMakeLists.txt	1426	${RAWR_VULKAN_INCLUDE}	${RAWR_VULKAN_INCLUDE}	UNRESOLVED_EXPRESSION	1	FALSE	FALSE	FALSE	2	UNRESOLVED_EXPRESSION
vulkan_gemm_test	F:/~dev/rawrxd/CMakeLists.txt	1429	${RAWR_VULKAN_LIB}	${RAWR_VULKAN_LIB}	UNRESOLVED_EXPRESSION	1	FALSE	FALSE	FALSE	2	UNRESOLVED_EXPRESSION
vulkan_gemm_test	F:/~dev/rawrxd/CMakeLists.txt	1433	se _proper y TARGET vulkan_gemm_ es  APPEND_STRING PROPERTY LINK_FLAGS  ${_WIN10_SDK_ROOT}/Lib/${_SDK_UM_VER}/um/x64\	set_property TARGET vulkan_gemm_test APPEND_STRING PROPERTY LINK_FLAGS  ${_WIN10_SDK_ROOT}/Lib/${_SDK_UM_VER}/um/x64/	UNRESOLVED_EXPRESSION	1	FALSE	FALSE	FALSE	3	UNRESOLVED_EXPRESSION
vulkan_gemm_test	F:/~dev/rawrxd/CMakeLists.txt	1436	se _proper y TARGET vulkan_gemm_ es  APPEND_STRING PROPERTY LINK_FLAGS  ${_WIN10_SDK_ROOT}/Lib/${_SDK_UCRT_VER}/ucr /x64\	set_property TARGET vulkan_gemm_test APPEND_STRING PROPERTY LINK_FLAGS  ${_WIN10_SDK_ROOT}/Lib/${_SDK_UCRT_VER}/ucrt/x64/	UNRESOLVED_EXPRESSION	1	FALSE	FALSE	FALSE	3	UNRESOLVED_EXPRESSION
vulkan_gemm_test	F:/~dev/rawrxd/CMakeLists.txt	1439	se _proper y TARGET vulkan_gemm_ es  APPEND_STRING PROPERTY LINK_FLAGS  ${_MSVC_ROOT}/lib/x64\	set_property TARGET vulkan_gemm_test APPEND_STRING PROPERTY LINK_FLAGS  ${_MSVC_ROOT}/lib/x64/	UNRESOLVED_EXPRESSION	1	FALSE	FALSE	FALSE	3	UNRESOLVED_EXPRESSION
vulkan_gemv_isolated_test	F:/~dev/rawrxd/CMakeLists.txt	1455	RUNTIME_OUTPUT_DIRECTORY ${CMAKE_BINARY_DIR}/bin	RUNTIME_OUTPUT_DIRECTORY ${CMAKE_BINARY_DIR}/bin	UNRESOLVED_EXPRESSION	1	FALSE	FALSE	FALSE	2	UNRESOLVED_EXPRESSION
vulkan_gemv_isolated_test	F:/~dev/rawrxd/CMakeLists.txt	1458	${CMAKE_SOURCE_DIR}	${CMAKE_SOURCE_DIR}	UNRESOLVED_EXPRESSION	1	FALSE	FALSE	FALSE	2	UNRESOLVED_EXPRESSION
vulkan_gemv_isolated_test	F:/~dev/rawrxd/CMakeLists.txt	1459	${CMAKE_SOURCE_DIR}/include	${CMAKE_SOURCE_DIR}/include	UNRESOLVED_EXPRESSION	1	FALSE	FALSE	FALSE	2	UNRESOLVED_EXPRESSION
vulkan_gemv_isolated_test	F:/~dev/rawrxd/CMakeLists.txt	1460	${RAWR_VULKAN_INCLUDE}	${RAWR_VULKAN_INCLUDE}	UNRESOLVED_EXPRESSION	1	FALSE	FALSE	FALSE	2	UNRESOLVED_EXPRESSION
vulkan_gemv_isolated_test	F:/~dev/rawrxd/CMakeLists.txt	1463	${RAWR_VULKAN_LIB}	${RAWR_VULKAN_LIB}	UNRESOLVED_EXPRESSION	1	FALSE	FALSE	FALSE	2	UNRESOLVED_EXPRESSION
vulkan_gemv_isolated_test	F:/~dev/rawrxd/CMakeLists.txt	1467	se _proper y TARGET vulkan_gemv_isola ed_ es  APPEND_STRING PROPERTY LINK_FLAGS  ${_WIN10_SDK_ROOT}/Lib/${_SDK_UM_VER}/um/x64\	set_property TARGET vulkan_gemv_isolated_test APPEND_STRING PROPERTY LINK_FLAGS  ${_WIN10_SDK_ROOT}/Lib/${_SDK_UM_VER}/um/x64/	UNRESOLVED_EXPRESSION	1	FALSE	FALSE	FALSE	3	UNRESOLVED_EXPRESSION
vulkan_gemv_isolated_test	F:/~dev/rawrxd/CMakeLists.txt	1470	se _proper y TARGET vulkan_gemv_isola ed_ es  APPEND_STRING PROPERTY LINK_FLAGS  ${_WIN10_SDK_ROOT}/Lib/${_SDK_UCRT_VER}/ucr /x64\	set_property TARGET vulkan_gemv_isolated_test APPEND_STRING PROPERTY LINK_FLAGS  ${_WIN10_SDK_ROOT}/Lib/${_SDK_UCRT_VER}/ucrt/x64/	UNRESOLVED_EXPRESSION	1	FALSE	FALSE	FALSE	3	UNRESOLVED_EXPRESSION
vulkan_gemv_isolated_test	F:/~dev/rawrxd/CMakeLists.txt	1473	se _proper y TARGET vulkan_gemv_isola ed_ es  APPEND_STRING PROPERTY LINK_FLAGS  ${_MSVC_ROOT}/lib/x64\	set_property TARGET vulkan_gemv_isolated_test APPEND_STRING PROPERTY LINK_FLAGS  ${_MSVC_ROOT}/lib/x64/	UNRESOLVED_EXPRESSION	1	FALSE	FALSE	FALSE	3	UNRESOLVED_EXPRESSION
vulkan_real_gemm_test	F:/~dev/rawrxd/CMakeLists.txt	1488	RUNTIME_OUTPUT_DIRECTORY ${CMAKE_BINARY_DIR}/bin	RUNTIME_OUTPUT_DIRECTORY ${CMAKE_BINARY_DIR}/bin	UNRESOLVED_EXPRESSION	1	FALSE	FALSE	FALSE	2	UNRESOLVED_EXPRESSION
vulkan_real_gemm_test	F:/~dev/rawrxd/CMakeLists.txt	1491	${RAWR_VULKAN_INCLUDE}	${RAWR_VULKAN_INCLUDE}	UNRESOLVED_EXPRESSION	1	FALSE	FALSE	FALSE	2	UNRESOLVED_EXPRESSION
vulkan_real_gemm_test	F:/~dev/rawrxd/CMakeLists.txt	1494	${RAWR_VULKAN_LIB}	${RAWR_VULKAN_LIB}	UNRESOLVED_EXPRESSION	1	FALSE	FALSE	FALSE	2	UNRESOLVED_EXPRESSION
vulkan_real_gemm_test	F:/~dev/rawrxd/CMakeLists.txt	1498	se _proper y TARGET vulkan_real_gemm_ es  APPEND_STRING PROPERTY LINK_FLAGS  ${_WIN10_SDK_ROOT}/Lib/${_SDK_UM_VER}/um/x64\	set_property TARGET vulkan_real_gemm_test APPEND_STRING PROPERTY LINK_FLAGS  ${_WIN10_SDK_ROOT}/Lib/${_SDK_UM_VER}/um/x64/	UNRESOLVED_EXPRESSION	1	FALSE	FALSE	FALSE	3	UNRESOLVED_EXPRESSION
vulkan_real_gemm_test	F:/~dev/rawrxd/CMakeLists.txt	1501	se _proper y TARGET vulkan_real_gemm_ es  APPEND_STRING PROPERTY LINK_FLAGS  ${_WIN10_SDK_ROOT}/Lib/${_SDK_UCRT_VER}/ucr /x64\	set_property TARGET vulkan_real_gemm_test APPEND_STRING PROPERTY LINK_FLAGS  ${_WIN10_SDK_ROOT}/Lib/${_SDK_UCRT_VER}/ucrt/x64/	UNRESOLVED_EXPRESSION	1	FALSE	FALSE	FALSE	3	UNRESOLVED_EXPRESSION
vulkan_real_gemm_test	F:/~dev/rawrxd/CMakeLists.txt	1504	se _proper y TARGET vulkan_real_gemm_ es  APPEND_STRING PROPERTY LINK_FLAGS  ${_MSVC_ROOT}/lib/x64\	set_property TARGET vulkan_real_gemm_test APPEND_STRING PROPERTY LINK_FLAGS  ${_MSVC_ROOT}/lib/x64/	UNRESOLVED_EXPRESSION	1	FALSE	FALSE	FALSE	3	UNRESOLVED_EXPRESSION
vulkan_real_gemm_test	F:/~dev/rawrxd/CMakeLists.txt	1541	verified ou pu .	verified output.	LITERAL	1	FALSE	FALSE	FALSE	2	ACTIVE_MISSING
vulkan_tensor_upload_test	F:/~dev/rawrxd/CMakeLists.txt	1375	RUNTIME_OUTPUT_DIRECTORY ${CMAKE_BINARY_DIR}/bin	RUNTIME_OUTPUT_DIRECTORY ${CMAKE_BINARY_DIR}/bin	UNRESOLVED_EXPRESSION	1	FALSE	FALSE	FALSE	2	UNRESOLVED_EXPRESSION
vulkan_tensor_upload_test	F:/~dev/rawrxd/CMakeLists.txt	1378	${RAWR_VULKAN_INCLUDE}	${RAWR_VULKAN_INCLUDE}	UNRESOLVED_EXPRESSION	1	FALSE	FALSE	FALSE	2	UNRESOLVED_EXPRESSION
vulkan_tensor_upload_test	F:/~dev/rawrxd/CMakeLists.txt	1381	${RAWR_VULKAN_LIB}	${RAWR_VULKAN_LIB}	UNRESOLVED_EXPRESSION	1	FALSE	FALSE	FALSE	2	UNRESOLVED_EXPRESSION
vulkan_tensor_upload_test	F:/~dev/rawrxd/CMakeLists.txt	1385	se _proper y TARGET vulkan_ ensor_upload_ es  APPEND_STRING PROPERTY LINK_FLAGS  ${_WIN10_SDK_ROOT}/Lib/${_SDK_UM_VER}/um/x64\	set_property TARGET vulkan_tensor_upload_test APPEND_STRING PROPERTY LINK_FLAGS  ${_WIN10_SDK_ROOT}/Lib/${_SDK_UM_VER}/um/x64/	UNRESOLVED_EXPRESSION	1	FALSE	FALSE	FALSE	3	UNRESOLVED_EXPRESSION
vulkan_tensor_upload_test	F:/~dev/rawrxd/CMakeLists.txt	1388	se _proper y TARGET vulkan_ ensor_upload_ es  APPEND_STRING PROPERTY LINK_FLAGS  ${_WIN10_SDK_ROOT}/Lib/${_SDK_UCRT_VER}/ucr /x64\	set_property TARGET vulkan_tensor_upload_test APPEND_STRING PROPERTY LINK_FLAGS  ${_WIN10_SDK_ROOT}/Lib/${_SDK_UCRT_VER}/ucrt/x64/	UNRESOLVED_EXPRESSION	1	FALSE	FALSE	FALSE	3	UNRESOLVED_EXPRESSION
vulkan_tensor_upload_test	F:/~dev/rawrxd/CMakeLists.txt	1391	se _proper y TARGET vulkan_ ensor_upload_ es  APPEND_STRING PROPERTY LINK_FLAGS  ${_MSVC_ROOT}/lib/x64\	set_property TARGET vulkan_tensor_upload_test APPEND_STRING PROPERTY LINK_FLAGS  ${_MSVC_ROOT}/lib/x64/	UNRESOLVED_EXPRESSION	1	FALSE	FALSE	FALSE	3	UNRESOLVED_EXPRESSION
vulkan_transformer_gemm_test	F:/~dev/rawrxd/CMakeLists.txt	1549	RUNTIME_OUTPUT_DIRECTORY ${CMAKE_BINARY_DIR}/bin	RUNTIME_OUTPUT_DIRECTORY ${CMAKE_BINARY_DIR}/bin	UNRESOLVED_EXPRESSION	1	FALSE	FALSE	FALSE	2	UNRESOLVED_EXPRESSION
vulkan_transformer_gemm_test	F:/~dev/rawrxd/CMakeLists.txt	1550	Mul iThreaded$<$<CONFIG:Debug>:Debug>	MultiThreaded$<$<CONFIG:Debug>:Debug>	UNRESOLVED_EXPRESSION	1	FALSE	FALSE	FALSE	2	UNRESOLVED_EXPRESSION
vulkan_transformer_gemm_test	F:/~dev/rawrxd/CMakeLists.txt	1553	${CMAKE_SOURCE_DIR}	${CMAKE_SOURCE_DIR}	UNRESOLVED_EXPRESSION	1	FALSE	FALSE	FALSE	2	UNRESOLVED_EXPRESSION
vulkan_transformer_gemm_test	F:/~dev/rawrxd/CMakeLists.txt	1554	${CMAKE_SOURCE_DIR}/src	${CMAKE_SOURCE_DIR}/src	UNRESOLVED_EXPRESSION	1	FALSE	FALSE	FALSE	2	UNRESOLVED_EXPRESSION
vulkan_transformer_gemm_test	F:/~dev/rawrxd/CMakeLists.txt	1555	${CMAKE_SOURCE_DIR}/src/inference	${CMAKE_SOURCE_DIR}/src/inference	UNRESOLVED_EXPRESSION	1	FALSE	FALSE	FALSE	2	UNRESOLVED_EXPRESSION
vulkan_transformer_gemm_test	F:/~dev/rawrxd/CMakeLists.txt	1556	${CMAKE_SOURCE_DIR}/src/engine	${CMAKE_SOURCE_DIR}/src/engine	UNRESOLVED_EXPRESSION	1	FALSE	FALSE	FALSE	2	UNRESOLVED_EXPRESSION
vulkan_transformer_gemm_test	F:/~dev/rawrxd/CMakeLists.txt	1557	${CMAKE_SOURCE_DIR}/src/core	${CMAKE_SOURCE_DIR}/src/core	UNRESOLVED_EXPRESSION	1	FALSE	FALSE	FALSE	2	UNRESOLVED_EXPRESSION
vulkan_transformer_gemm_test	F:/~dev/rawrxd/CMakeLists.txt	1558	${CMAKE_SOURCE_DIR}/src/codec	${CMAKE_SOURCE_DIR}/src/codec	UNRESOLVED_EXPRESSION	1	FALSE	FALSE	FALSE	2	UNRESOLVED_EXPRESSION
vulkan_transformer_gemm_test	F:/~dev/rawrxd/CMakeLists.txt	1559	${CMAKE_SOURCE_DIR}/include	${CMAKE_SOURCE_DIR}/include	UNRESOLVED_EXPRESSION	1	FALSE	FALSE	FALSE	2	UNRESOLVED_EXPRESSION
vulkan_transformer_gemm_test	F:/~dev/rawrxd/CMakeLists.txt	1560	${CMAKE_SOURCE_DIR}/src/masm	${CMAKE_SOURCE_DIR}/src/masm	UNRESOLVED_EXPRESSION	1	FALSE	FALSE	FALSE	2	UNRESOLVED_EXPRESSION
vulkan_transformer_gemm_test	F:/~dev/rawrxd/CMakeLists.txt	1561	${RAWR_VULKAN_INCLUDE}	${RAWR_VULKAN_INCLUDE}	UNRESOLVED_EXPRESSION	1	FALSE	FALSE	FALSE	2	UNRESOLVED_EXPRESSION
vulkan_transformer_gemm_test	F:/~dev/rawrxd/CMakeLists.txt	1564	 arge _link_direc ories vulkan_ ransformer_gemm_ es  PRIVATE ${_RAWR_MSVC_LIBPATHS}	target_link_directories vulkan_transformer_gemm_test PRIVATE ${_RAWR_MSVC_LIBPATHS}	UNRESOLVED_EXPRESSION	1	FALSE	FALSE	FALSE	3	UNRESOLVED_EXPRESSION
vulkan_transformer_gemm_test	F:/~dev/rawrxd/CMakeLists.txt	1566	${_rawr_lib}	${_rawr_lib}	UNRESOLVED_EXPRESSION	1	FALSE	FALSE	FALSE	4	UNRESOLVED_EXPRESSION
vulkan_transformer_gemm_test	F:/~dev/rawrxd/CMakeLists.txt	1567	 arge _link_op ions vulkan_ ransformer_gemm_ es  PRIVATE  ${_rawr_lib}\	target_link_options vulkan_transformer_gemm_test PRIVATE  ${_rawr_lib}/	UNRESOLVED_EXPRESSION	1	FALSE	FALSE	FALSE	4	UNRESOLVED_EXPRESSION
vulkan_transformer_gemm_test	F:/~dev/rawrxd/CMakeLists.txt	1573	${RAWR_VULKAN_LIB}	${RAWR_VULKAN_LIB}	UNRESOLVED_EXPRESSION	1	FALSE	FALSE	FALSE	2	UNRESOLVED_EXPRESSION
vulkan_transformer_gemm_test	F:/~dev/rawrxd/CMakeLists.txt	1586	se _proper y TARGET vulkan_ ransformer_gemm_ es  APPEND_STRING PROPERTY LINK_FLAGS  ${_WIN10_SDK_ROOT}/Lib/${_SDK_UM_VER}/um/x64\	set_property TARGET vulkan_transformer_gemm_test APPEND_STRING PROPERTY LINK_FLAGS  ${_WIN10_SDK_ROOT}/Lib/${_SDK_UM_VER}/um/x64/	UNRESOLVED_EXPRESSION	1	FALSE	FALSE	FALSE	3	UNRESOLVED_EXPRESSION
vulkan_transformer_gemm_test	F:/~dev/rawrxd/CMakeLists.txt	1589	se _proper y TARGET vulkan_ ransformer_gemm_ es  APPEND_STRING PROPERTY LINK_FLAGS  ${_WIN10_SDK_ROOT}/Lib/${_SDK_UCRT_VER}/ucr /x64\	set_property TARGET vulkan_transformer_gemm_test APPEND_STRING PROPERTY LINK_FLAGS  ${_WIN10_SDK_ROOT}/Lib/${_SDK_UCRT_VER}/ucrt/x64/	UNRESOLVED_EXPRESSION	1	FALSE	FALSE	FALSE	3	UNRESOLVED_EXPRESSION
vulkan_transformer_gemm_test	F:/~dev/rawrxd/CMakeLists.txt	1592	se _proper y TARGET vulkan_ ransformer_gemm_ es  APPEND_STRING PROPERTY LINK_FLAGS  ${_MSVC_ROOT}/lib/x64\	set_property TARGET vulkan_transformer_gemm_test APPEND_STRING PROPERTY LINK_FLAGS  ${_MSVC_ROOT}/lib/x64/	UNRESOLVED_EXPRESSION	1	FALSE	FALSE	FALSE	3	UNRESOLVED_EXPRESSION
vwa_address_contract_001	F:/~dev/rawrxd/CMakeLists.txt	41401	${CMAKE_SOURCE_DIR}/src/deep2	${CMAKE_SOURCE_DIR}/src/deep2	UNRESOLVED_EXPRESSION	1	FALSE	FALSE	FALSE	3	UNRESOLVED_EXPRESSION
vwa_address_contract_001	F:/~dev/rawrxd/CMakeLists.txt	41407	RUNTIME_OUTPUT_DIRECTORY ${CMAKE_BINARY_DIR}/bin	RUNTIME_OUTPUT_DIRECTORY ${CMAKE_BINARY_DIR}/bin	UNRESOLVED_EXPRESSION	1	FALSE	FALSE	FALSE	3	UNRESOLVED_EXPRESSION
vwa_address_contract_001	F:/~dev/rawrxd/CMakeLists.txt	41409	Mul iThreaded$<$<CONFIG:Debug>:Debug>	MultiThreaded$<$<CONFIG:Debug>:Debug>	UNRESOLVED_EXPRESSION	1	FALSE	FALSE	FALSE	3	UNRESOLVED_EXPRESSION
vwa_address_contract_001	F:/~dev/rawrxd/CMakeLists.txt	41427	${CMAKE_BINARY_DIR}/VwaRangeX64_poc1.obj	${CMAKE_BINARY_DIR}/VwaRangeX64_poc1.obj	UNRESOLVED_EXPRESSION	1	FALSE	FALSE	FALSE	3	UNRESOLVED_EXPRESSION
vwa_address_contract_001	F:/~dev/rawrxd/CMakeLists.txt	41429	OUTPUT ${_VWA_POC_ASM_OBJ}	OUTPUT ${_VWA_POC_ASM_OBJ}	UNRESOLVED_EXPRESSION	1	FALSE	FALSE	FALSE	3	UNRESOLVED_EXPRESSION
vwa_address_contract_001	F:/~dev/rawrxd/CMakeLists.txt	41430	${_VWA_POC_ASM_OBJ}	${_VWA_POC_ASM_OBJ}	UNRESOLVED_EXPRESSION	1	FALSE	FALSE	FALSE	3	UNRESOLVED_EXPRESSION
vwa_address_contract_001	F:/~dev/rawrxd/CMakeLists.txt	41430	${_VWA_POC_ML64}	${_VWA_POC_ML64}	UNRESOLVED_EXPRESSION	1	FALSE	FALSE	FALSE	3	UNRESOLVED_EXPRESSION
vwa_address_contract_001	F:/~dev/rawrxd/CMakeLists.txt	41431	${CMAKE_SOURCE_DIR}/src/deep2/VwaRangeX64.asm	${CMAKE_SOURCE_DIR}/src/deep2/VwaRangeX64.asm	UNRESOLVED_EXPRESSION	1	FALSE	FALSE	FALSE	3	UNRESOLVED_EXPRESSION
vwa_address_contract_001	F:/~dev/rawrxd/CMakeLists.txt	41432	${CMAKE_SOURCE_DIR}/src/deep2/VwaRangeX64.asm	${CMAKE_SOURCE_DIR}/src/deep2/VwaRangeX64.asm	UNRESOLVED_EXPRESSION	1	FALSE	FALSE	FALSE	3	UNRESOLVED_EXPRESSION
vwa_poc_1_001	F:/~dev/rawrxd/CMakeLists.txt	41438	${_VWA_POC_ASM_OBJ}	${_VWA_POC_ASM_OBJ}	UNRESOLVED_EXPRESSION	1	FALSE	FALSE	FALSE	3	UNRESOLVED_EXPRESSION
vwa_poc_1_001	F:/~dev/rawrxd/CMakeLists.txt	41441	${CMAKE_SOURCE_DIR}/src/deep2	${CMAKE_SOURCE_DIR}/src/deep2	UNRESOLVED_EXPRESSION	1	FALSE	FALSE	FALSE	3	UNRESOLVED_EXPRESSION
vwa_poc_1_001	F:/~dev/rawrxd/CMakeLists.txt	41442	${CMAKE_SOURCE_DIR}/src	${CMAKE_SOURCE_DIR}/src	UNRESOLVED_EXPRESSION	1	FALSE	FALSE	FALSE	3	UNRESOLVED_EXPRESSION
vwa_poc_1_001	F:/~dev/rawrxd/CMakeLists.txt	41443	${CMAKE_SOURCE_DIR}/include	${CMAKE_SOURCE_DIR}/include	UNRESOLVED_EXPRESSION	1	FALSE	FALSE	FALSE	3	UNRESOLVED_EXPRESSION
vwa_poc_1_001	F:/~dev/rawrxd/CMakeLists.txt	41448	RUNTIME_OUTPUT_DIRECTORY ${CMAKE_BINARY_DIR}/bin	RUNTIME_OUTPUT_DIRECTORY ${CMAKE_BINARY_DIR}/bin	UNRESOLVED_EXPRESSION	1	FALSE	FALSE	FALSE	3	UNRESOLVED_EXPRESSION
vwa_poc_1_001	F:/~dev/rawrxd/CMakeLists.txt	41450	Mul iThreaded$<$<CONFIG:Debug>:Debug>	MultiThreaded$<$<CONFIG:Debug>:Debug>	UNRESOLVED_EXPRESSION	1	FALSE	FALSE	FALSE	3	UNRESOLVED_EXPRESSION
vwa_range_contract_001	F:/~dev/rawrxd/CMakeLists.txt	41352	${CMAKE_SOURCE_DIR}/src/deep2	${CMAKE_SOURCE_DIR}/src/deep2	UNRESOLVED_EXPRESSION	1	FALSE	FALSE	FALSE	3	UNRESOLVED_EXPRESSION
vwa_range_contract_001	F:/~dev/rawrxd/CMakeLists.txt	41358	RUNTIME_OUTPUT_DIRECTORY ${CMAKE_BINARY_DIR}/bin	RUNTIME_OUTPUT_DIRECTORY ${CMAKE_BINARY_DIR}/bin	UNRESOLVED_EXPRESSION	1	FALSE	FALSE	FALSE	3	UNRESOLVED_EXPRESSION
vwa_range_contract_001	F:/~dev/rawrxd/CMakeLists.txt	41360	Mul iThreaded$<$<CONFIG:Debug>:Debug>	MultiThreaded$<$<CONFIG:Debug>:Debug>	UNRESOLVED_EXPRESSION	1	FALSE	FALSE	FALSE	3	UNRESOLVED_EXPRESSION
