"RelativePath","Size","SHA256","LastWriteTime"
"actual_cpp_files.txt","52620","5341DDD7121DC99C33DB2A20545213918F16DC08E500E8B1C8726D5F1F78CFEB","2026-09-22 08:58:56"
"actual_src_cpp_files.txt","30933","3753EB69984C14C65499392990B60A4C87F71CD85DB987746CF31C48FD6CC76D","2026-09-22 06:10:40"
"all_cpp.txt","29912","167A49C25DC4C17090E976EC64EEB035C123F0BEA47EE7AF2F68EAE7C4A73154","2026-09-22 09:17:19"
"all_failing_targets.txt","52690","7D5DB37CD09DEE53D99AA7FD0FF50F067E56635C5A40E619B9B78FDED53518F5","2026-09-22 06:10:40"
"all_src_files.txt","307280","660C20E7688151E3275C1C9B8F28D61CC31E5D2C18D64CFB6886176EDCF3D2A4","2026-09-22 09:15:58"
"all_targets.txt","12080","21D88E11DB087CDD3D708A16877405A99B1DD80F96A02BB401C68D62916E407C","2026-09-22 06:10:40"
"analyze_sources.py","1974","5328CE450AFE25414D0DA157BAB02DF132891ED07CED9EA1192B03BF3F360EB7","2026-09-22 06:10:40"
"build_p2_rawr.txt","182948","8C03C0A1746CBA0203E26315269DDE2BE0C5701C25D1F1234075CD0FCE8DD829","2026-09-22 09:12:49"
"build_win32ide.txt","185988","017BD74BCC74E9296D8C5FBDBCDC5BE4DD564EFB7909BE98950ACD109018A4D4","2026-09-22 05:30:56"
"CMakeLists.txt","1088683","81E70EE2591378FB804837AE0CF54DF7187615C624A997ABA8AA7E0094B3A24D","2026-09-22 12:51:10"
"CMakeLists.txt.bak_source_authority","1220140","21BAE81E3B8704E1D08D47DB5484F6DFA396C6E6568A0AA3F51CB6EFC512EAEC","2026-09-22 12:23:05"
"CMakeLists.txt.batch3.bak","1220183","0A4142C9A8FF18CEE67446AD820428FCD0D144205339478FB714C10172727AC6","2026-09-22 06:10:40"
"CMakeLists.txt_dec1685","1873984","5BEA93C5E53A2F2504A356BE68C60EEE01C1F9C465EF5C30C55D6248A816B9BE","2026-09-22 05:20:06"
"cmake_after_off.txt","89250","A37683D7083AD6A7D0FE6905858E177E3151B33E621FCD62A065C733F1D774BA","2026-09-22 05:34:16"
"cmake_cli_on.txt","75362","11BAF962BACC00AE2B184485D0A7305AF3CD7BC4C807568A7A0715AD642076E6","2026-09-22 09:12:09"
"cmake_current_stderr.txt","4139","F8C445D634788C8DEA88FF702D2BAA78C9019C686E65D72D890C2EB020191DA7","2026-09-22 13:10:44"
"cmake_current_stdout.txt","23200","4475F58B00D76F31DBDCCFC34E9FECC270866339CE0769D155A2D8BF126FDFFF","2026-09-22 13:10:44"
"cmake_errors.txt","63","A07991151DDB16802F4196CD5526FBB04B4DFFDC8343084F4AD591FE4485AD01","2026-09-22 09:18:54"
"cmake_errors2.txt","6332","FFCFE157FB052F7725C30F99A3DA41B23220CB051AF313C5D83DE65819667BCC","2026-09-22 08:52:29"
"cmake_errors_filtered.txt","0","E3B0C44298FC1C149AFBF4C8996FB92427AE41E4649B934CA495991B7852B855","2026-09-22 05:30:07"
"cmake_errors_full.txt","38158","BBE0041D77BBC85197A0A5E270FD01CF75E3CF39C45C28CEDEB76A8A19743014","2026-09-22 09:57:06"
"cmake_error_log.txt","185540","5008119C06CD7D37C88815DC51A12324E11A03372827C0468265125E4BA5A094","2026-09-22 06:10:40"
"cmake_output.txt","376244","F91678E50187F61F494404A775DF9882DD5841B73AB96026792FB76564CD237B","2026-09-22 09:04:19"
"cmake_out_current2.txt","73240","C324AD11EBD682956747D12BF27F38B8FECC41C2FBFFB3BA915370FE1C38D532","2026-09-22 08:52:28"
"cmake_out_utf8.txt","36821","AA3A7ACC8E97E4D65CDADA79F311EEA2970D20BB57456D8943AF3B8135C18B66","2026-09-22 08:52:43"
"fix_all_remaining.py","1947","415EAB8D4CAF4952EAF9601CF3C04D8110F4D342119BE3D7DDDFDED72CD0E030","2026-09-22 06:10:40"
"fix_cert_out.txt","930","756A3DA9925F535F3B41689710298591D1EFE30559DE88EC5165B2DF27DD454A","2026-09-22 06:10:40"
"fix_cmake.py","6455","2CDD3E28AECE3C69D049336EED3019717C6F20AD56EED289E26359B776952C39","2026-09-22 06:10:40"
"fix_disable_certs.py","3297","D485ECF285AF09956D8CBD5A704CB04EB1828C1B78DFBF145281DE5227BB16A4","2026-09-22 06:10:40"
"fix_remaining_missing.py","3092","AA39F90790C8C779F295518E5ED711B5D70D5844C54F462E7A6C7976F2EDA27A","2026-09-22 06:10:40"
"missing_files.txt","2730","D66D3D7255DA0B8159599BE43E6720B756E6EB3C9F59BD169C66025B7C933982","2026-09-22 05:38:24"
"missing_files_list.txt","3555","D848E6DF37E9175C9C3EE8A1A85422A15B23521D65BBB6E0A67CF2F841CDC4AA","2026-09-22 05:40:10"
"missing_sources.txt","0","E3B0C44298FC1C149AFBF4C8996FB92427AE41E4649B934CA495991B7852B855","2026-09-22 08:55:02"
"remove_failing_targets.py","6130","157621EB07B8937A10F1DDEACD720E433A6FFFB7C4953AD79380497F36771566","2026-09-22 06:10:40"
"remove_targets_v2.py","2482","86CD1B9C954DE05B894E64BCA6A87762040D9335E469006B4A9C3C0CAA90AB9D","2026-09-22 06:10:40"
"_check_missing.py","534","2C6A2372DD2FF240DD376378318290F4592BC30E7EF9445F04B6C1550A23CBC6","2026-09-22 10:04:05"
"_check_missing2.py","997","F730B9C7153E62578EAC2BA2E62A6D7558C8A55ADCE01B134155BF4B0B12D7BC","2026-09-22 10:04:05"
"_check_missing3.py","738","AD7D28F040CF63EB56DF936B6D81413A3F6988D0A1134CEA80F6A50D5C3ACBEF","2026-09-22 10:09:11"
"_missing.txt","48","3EDA64B2866F83FC8C0C56F3F59AE7EC6C5A0BFD2C9376EACAA6E4C365F4C2FE","2026-09-22 10:07:59"
"_tmp_check_sources.py","804","B1CDF54EB40514112F9E20F1B1E2B20E290C84F7DCA456FE2B05EECBA36ADE13","2026-09-22 06:10:40"
"_tmp_cmake.bat","279","0469D7DB7963E6CB4FCAF43140A3E0542161DB90BAFC0673D0E2201FEB312D7C","2026-09-22 06:10:40"
"_tmp_fix_options.ps1","292","FC93AE2255F3A8C82482FB9C113F773713C23F03594B20EEB3433DB1890C93C6","2026-09-22 06:10:40"
"_tmp_fix_options.py","444","F56FBEEFE0B5DA92A928ACE1D645F3B597FD38FE8C23150372DBC2E58077A282","2026-09-22 06:10:40"
"_tmp_fix_options2.py","713","BAFC82C3194DE00D5791BC187F76B10322B2AC88BCC02DE85243CC4F7014581B","2026-09-22 06:10:40"
"_tmp_fix_options3.py","839","71E10720552D3EE9E660FFAD947178374F573529103863F597A14C25F95DC7A3","2026-09-22 06:10:40"
"_tmp_fix_options4.py","967","2AAB88C88B5A4E9DF58D7172571D27D0E32747F4F69B49228632F41B0F9F8387","2026-09-22 06:10:40"
"3rdparty\quickjs\.gitignore","405","4EAB41C4A2A1489A15F28FA85B4A2AE78505777C79654D1931CB08AFBF383F6B","2026-09-22 07:54:40"
"3rdparty\quickjs\Changelog","6455","43969BE5DB51DD7917B00330517DAC3BA541B1E0E647FCCD96C85BD850B030C8","2026-09-22 07:54:40"
"3rdparty\quickjs\compat_msvc.h","1943","F1A35730D32EFF53148002817D138087096B5DE8B9C22FFF9098D96C0CC5821B","2026-09-22 12:12:09"
"3rdparty\quickjs\cutils.c","18439","406FA69B7262E6A66DF9594ACBC619BA973668F37086B4ACBAF3EF486776582A","2026-09-22 07:54:40"
"3rdparty\quickjs\cutils.h","11695","BD1E5B2C7D145844B4532B02ABC3E5069DABE41C35E12EE98606ABC1E5D1FF75","2026-09-22 12:12:09"
"3rdparty\quickjs\dtoa.c","46472","EC9AE90D8F0E9D1ED677D552A0407E55E944FBAF8192A39F24F0AB56CA7DEA9D","2026-09-22 12:21:29"
"3rdparty\quickjs\dtoa.h","3389","964AB3AA8ABB307818FD4450F0159994DA15D9AA2EE51DB1A4DBBBEB8A4872CC","2026-09-22 07:54:40"
"3rdparty\quickjs\libregexp-opcode.h","2960","00701BC29A1DB2BD82CB965530204A08B9E193EDEBE1A15247B13B4A6FF28F07","2026-09-22 07:54:40"
"3rdparty\quickjs\libregexp.c","116657","FE69BB1D64EB8E7358F6727039D7E1781771EFEF16CE41767A67BFF33F1F8756","2026-09-22 07:54:40"
"3rdparty\quickjs\libregexp.h","2802","255BE608B75A2EAF5695DAF655030C411906FD4F459930CAC07031B59259A3FB","2026-09-22 07:54:40"
"3rdparty\quickjs\libunicode-table.h","257698","BEBAA1AE50D340FB5D5910FB29AA470F169C9465414A08F009612BD87D3F33F2","2026-09-22 07:54:40"
"3rdparty\quickjs\libunicode.c","65741","D465891EF08F08F0DEF5F7906259CB693A9CFBE1213756BF59E3CBB322C91C8A","2026-09-22 07:54:40"
"3rdparty\quickjs\libunicode.h","6175","3846EC865ADABBB829D45871D604BA5D4A224482A7D16FFB01AD478AB28C39B4","2026-09-22 07:54:40"
"3rdparty\quickjs\LICENSE","1152","2F2A9E35FBAA43435FAD0CB8253A1F1D284282BA75B9CE5988BB9B10A5EAC94F","2026-09-22 07:54:40"
"3rdparty\quickjs\list.h","3188","158D26196FCD1DA2D57C38AAC5830F4512F4B567D4B3A220052223D75A7BD0C7","2026-09-22 07:54:40"
"3rdparty\quickjs\Makefile","15765","524447AC542B40D3A7DE85B89889F6DF05E72BCA1ADBEF450CDF4B0AC5C8A448","2026-09-22 07:54:40"
"3rdparty\quickjs\qjs.c","17540","78FC6D76BEA453C827F923CF62D554C666F5840CEEA9740214B5B2D7374E9370","2026-09-22 07:54:40"
"3rdparty\quickjs\qjsc.c","26954","9753E17348042217EE58986CBE0F364E3D9794140D73D8275A0A9798B5917B7D","2026-09-22 07:54:40"
"3rdparty\quickjs\quickjs-atom.h","8578","5ED7922B60CE95D9EE912C2C496F44F1864C6B264D3C916D242E30164B70ED3E","2026-09-22 07:54:40"
"3rdparty\quickjs\quickjs-libc.c","129646","DFC182FE471C59994AD7B7E1464AC805A2CB5801EAC0A3CFC7A2405B285349AA","2026-09-22 07:54:40"
"3rdparty\quickjs\quickjs-libc.h","2985","C1E98643E903C1F9DAEA7EDCC043EBC1497448C7A49CD679FB3F10B706F58DD9","2026-09-22 07:54:40"
"3rdparty\quickjs\quickjs-opcode.h","16167","EDF63CFCD3684E4F21C702E7005F7C013ABCD90D5019FB3BAA83CA2739D1DEC1","2026-09-22 07:54:40"
"3rdparty\quickjs\quickjs.c","2094986","F9391583C66A139197C127D2732DCC1DA58BCD32CF6CE932BF8E36656411E2EB","2026-09-22 12:12:20"
"3rdparty\quickjs\quickjs.h","48467","F6BDF0EDF56616DA1C03FDC927A954568262E250894059AED9873C188D4BCF43","2026-09-22 11:28:24"
"3rdparty\quickjs\readme-cosmo.txt","779","4BD96C54647EC1F995E1F0EC418FAB9F9A7699187EEC4634B29171B43D6C6393","2026-09-22 07:54:40"
"3rdparty\quickjs\readme.txt","67","C131AA57E45C2A6EFC1A5ABF626708DE28C6D0810A570A7BD710F9429045479F","2026-09-22 07:54:40"
"3rdparty\quickjs\release.sh","4022","5D58BE9DDBD3D46B397CB2BF9DD72260C0B3A5FBAB1536063FB9776C28DBFF75","2026-09-22 07:54:40"
"3rdparty\quickjs\repl.js","40456","5A0E434C4E42132B7B1A22EB0CF31B12109CD303FF0184A000EF6EB903542B76","2026-09-22 07:54:40"
"3rdparty\quickjs\run-test262.c","79730","34199306A16F2DC295526A94D0F5BD2981CF57D843BD746A9B68C8BBF26EEE01","2026-09-22 07:54:40"
"3rdparty\quickjs\test262.conf","8152","2DBCE74772B73277C02D12BB7149A5279C377808136607022F9E482EFD83B516","2026-09-22 07:54:40"
"3rdparty\quickjs\test262o.conf","22279","AE541EFE59F5958451375666D4FFC0C7BF48CEA707FCEADD82498421BB9A8C2F","2026-09-22 07:54:40"
"3rdparty\quickjs\test262o_errors.txt","0","E3B0C44298FC1C149AFBF4C8996FB92427AE41E4649B934CA495991B7852B855","2026-09-22 07:54:40"
"3rdparty\quickjs\test262_errors.txt","9332","282E00214880BDB2AF9A2A472A3F800F0DE033FCC4BD2F61FC87B3F3CD8A2743","2026-09-22 07:54:40"
"3rdparty\quickjs\TODO","2963","1065E7F25C4D72F402943418875D0F0CBE702CFB32E27BA1C6A3C4F475148815","2026-09-22 07:54:40"
"3rdparty\quickjs\unicode_download.sh","687","1AC5230010D572A86C6DABC4D084C2AC8E0D53AB75387A3D9CA50C20942626B7","2026-09-22 07:54:40"
"3rdparty\quickjs\unicode_gen.c","109058","2F5882B1FDFD622B9AEBC0B49C4DF5F6F2800243A0E2DD7664FD9A4DBB8DABCD","2026-09-22 07:54:40"
"3rdparty\quickjs\unicode_gen_def.h","8107","AA1134A4FDB3AFE219FBB248614802691576CCD225F1158518A01015F909F9E3","2026-09-22 07:54:40"
"3rdparty\quickjs\VERSION","12","C8E0B2C47552FB218D2D7AC56C60BE2D2CF9A3B567223E9477A8EB2423755AD2","2026-09-22 07:54:40"
"3rdparty\quickjs\.github\workflows\ci.yml","7889","91FE57826693797D4351C3C592E4ACF49F170D04958ED30E9590484424FD3869","2026-09-22 07:54:40"
"3rdparty\quickjs\compat\test-closefrom.c","78","6CD3FC4B77A33B7D496D9D51F32E7A2D62AB00CD604462FD2A8F70CEBA52B813","2026-09-22 07:54:40"
"3rdparty\quickjs\doc\quickjs.texi","34390","3BEADDD4B40F739565D71656CD91656667F62D9535EAC282523C25FDBA870DA7","2026-09-22 07:54:40"
"3rdparty\quickjs\examples\fib.c","2362","10ABB9208119D2E83C7460CE946CBC77730447457E42FF97B0686603F4CD6B1F","2026-09-22 07:54:40"
"3rdparty\quickjs\examples\fib_module.js","176","C4D285444CFCE755587DA2A6A14651666B1A0016165BCA03F621273FF1BD0FC8","2026-09-22 07:54:40"
"3rdparty\quickjs\examples\hello.js","29","54C112DB94C206E1D289FE73CA4CCF5EDBB2166F21F7195D10B6AC9E59BE9A5A","2026-09-22 07:54:40"
"3rdparty\quickjs\examples\hello_module.js","208","656AD9F4DD484C77D55C4FEBB21C1AB83B6E69215109D81DC6B2CDCBD11F4A9A","2026-09-22 07:54:40"
"3rdparty\quickjs\examples\message.json","35","80EAFA0A5C82AFEC9B9A3EE04F481554EE2BDC2C51B3749D686EFC1E786B6D99","2026-09-22 07:54:40"
"3rdparty\quickjs\examples\pi_bigint.js","2948","324A08DA2F764F5310587998CEF711556380755BA46DDEB21A95530E20C2B28C","2026-09-22 07:54:40"
"3rdparty\quickjs\examples\point.c","4932","D3B05690F5D9C180DB4B3B57E01B0E658048CE9A65DAB0D3A9B6D5589AB66097","2026-09-22 07:54:40"
"3rdparty\quickjs\examples\test_fib.js","150","879D1B5D2184FC2F93C5254815C1F20B3E0F365E27E6355C3E6D1B9F07BD2729","2026-09-22 07:54:40"
"3rdparty\quickjs\examples\test_point.js","758","6C1B5B9C4191B5D4A11D890BABE24099C33EA3498C714A47725A336CF0D11552","2026-09-22 07:54:40"
"3rdparty\quickjs\fuzz\fuzz.dict","2686","F69C72BDC48AD1D6F49BF38D159ADC471B7E43CC29098EF497A46D2339AAE81D","2026-09-22 07:54:40"
"3rdparty\quickjs\fuzz\fuzz_bytecode.c","4835","B8BA4D694A1301949BC510084B56F608C41F4D0A2F08305E8C2D93F313BC5B27","2026-09-22 07:54:40"
"3rdparty\quickjs\fuzz\fuzz_common.c","1904","993BAA6AAB8932445A016A47FAAC6AB8F96A67F1DB97D0CD35D823CE19E28D28","2026-09-22 07:54:40"
"3rdparty\quickjs\fuzz\fuzz_common.h","749","70789C76C14F05A8A042F89645A9C3148139D2D39D55F93D62E93C254A6C2570","2026-09-22 07:54:40"
"3rdparty\quickjs\fuzz\fuzz_compile.c","2875","B4EECE9D13142FC0A139307EDC364AC6389EB801EB3E234FF9E40929356D374D","2026-09-22 07:54:40"
"3rdparty\quickjs\fuzz\fuzz_eval.c","1556","684DE47998E652BF3A28E370439139AAA63A75C5C557B548C2F4F9C9DEAE5807","2026-09-22 07:54:40"
"3rdparty\quickjs\fuzz\fuzz_json.c","4248","E40A7FACF20D321676F0EC40242789A907CCB7C16B83F3C052ED8A492E2A5723","2026-09-22 07:54:40"
"3rdparty\quickjs\fuzz\fuzz_module_export.c","3151","1F16E49CA5BACEABE976181778E974999472AD7A4EE4AF300AFAC8963496244C","2026-09-22 07:54:40"
"3rdparty\quickjs\fuzz\fuzz_regexp.c","1797","464CAA3B1F394E9EB7DF737CBDFD8F66FC350B71ED35587358E95BB0CF083724","2026-09-22 07:54:40"
"3rdparty\quickjs\fuzz\fuzz_regexp_compile.c","5877","7E3A95A8D54EC2FE02986D93656642CE8DF3B5537C3A591430B23B381A9E8D7C","2026-09-22 07:54:40"
"3rdparty\quickjs\fuzz\generate_dict.js","1044","516DA98A66A7708BCDB74C1525D365FB6A3B9FB76C8009506A2B6B429C97D785","2026-09-22 07:54:40"
"3rdparty\quickjs\fuzz\README","749","C31521FA9F2C10B3A299B14295401A66777CEAFDD249055A9F56AF13D201C7FA","2026-09-22 07:54:40"
"3rdparty\quickjs\tests\assert.js","1127","EB855C61C6C63FB025C24C1B54966955C0944AAC70799119580B24143DBCD537","2026-09-22 07:54:40"
"3rdparty\quickjs\tests\bjson.c","3226","8866739B84AB1DFC2929FB5E90C1105AEF10FF127B47DDCF903E9CC754B9B8F4","2026-09-22 07:54:40"
"3rdparty\quickjs\tests\fixture_cyclic_import.js","90","327DD0593D0ACD15E7E07ED4A34E900F8F97FA18D01EAD6FA3A9AD01B83FB995","2026-09-22 07:54:40"
"3rdparty\quickjs\tests\microbench.js","35646","1DDBEC9A4A04F25418DAC2EF62B96A8AEDFCEA5D72D9B9C61BDE8025470FD9C3","2026-09-22 07:54:40"
"3rdparty\quickjs\tests\test262.patch","2359","7AA1DEB7D2CAA001DEC08C5B64E484CBC384F9A87C66670443D37473F8D94AB2","2026-09-22 07:54:40"
"3rdparty\quickjs\tests\test_bigint.js","8727","0A369C708D5D0042F1162B00243A8506E4538E0D90F7B0DC57B7017A187EF8C6","2026-09-22 07:54:40"
"3rdparty\quickjs\tests\test_bjson.js","6319","EEF0D44D6B2A6E3C10CE13971E5E01889C5E8840A93BAA2BFCC2BBAC87E4B8F8","2026-09-22 07:54:40"
"3rdparty\quickjs\tests\test_builtin.js","35272","8C7B2FF258313DD4CF401DCBC4DD383A802DC90644FD5D4D918C688810299893","2026-09-22 07:54:40"
"3rdparty\quickjs\tests\test_closure.js","4568","5EEBEF577BE5AACC54467CE2424DBAF02216112874B17836B481DB37D866DAB8","2026-09-22 07:54:40"
"3rdparty\quickjs\tests\test_cyclic_import.js","366","C0C5729DB8564CD3F2E752DC67D169E452FFCAA6470DCAC2AE4C3F9B3A3D8390","2026-09-22 07:54:40"
"3rdparty\quickjs\tests\test_language.js","15389","47006CE2089C3152BF7A7BA79B026F6B134275405196450F6948B3BA578AC3DD","2026-09-22 07:54:40"
"3rdparty\quickjs\tests\test_loop.js","7494","6D27E2F39DFD72A6770241AC9CD49C7B1042915CC9DCEAA087C6154B45D895AA","2026-09-22 07:54:40"
"3rdparty\quickjs\tests\test_rw_handler.js","1498","A488CCCDBC726D6BFF5CCB0B6E59865925BD168D15083B3C7D972BCBF249165B","2026-09-22 07:54:40"
"3rdparty\quickjs\tests\test_std.js","8533","645EFBF4E1EB16B2D4769994CA7AF56D0D3B82C498784CDEB456FEA815375B26","2026-09-22 07:54:40"
"3rdparty\quickjs\tests\test_worker.js","1672","4655FEC5E74CC5EE34B4D24401D9C3BF27CC6591BB85970D6DB46F41CDA4AEDA","2026-09-22 07:54:40"
"3rdparty\quickjs\tests\test_worker_module.js","769","40DBD9AD905C08AAC732D9899C55B78004F8647CFA454A7D5F74D9050D2F49E3","2026-09-22 07:54:40"
"B014\build\b014_profiler.cpp","2","7EB70257593DA06F682A3DDDA54A9D260D4FC514F645237F5CA74B08F8DA61A6","2026-09-22 11:41:25"
"B015\build\b015_cert_test.cpp","28","1FE00CCEFE9D804F0D84DC0B8EB7DC20643F24A44B7B03561D6031D98E190015","2026-09-19 05:34:15"
"build\agentic_orchestrator_smoke_test.vcxproj","62477","F3AB9A5F8DC1392F560772C17D9A1F59DE272ECFD5668C1D376ECE8E9794BAF5","2026-09-22 11:16:48"
"build\agentic_orchestrator_smoke_test.vcxproj.filters","1396","5AA560DC9C10C25F3B37AE63BF68984FE54CDDD823C2EF7A19EE29297FA96E17","2026-09-22 11:16:39"
"build\ALL_BUILD.vcxproj","36047","D71E4BBE30FAA125679064BF86E2E24E2E11C0800E5DA3A2D03FCCC99BB16B23","2026-09-22 11:16:48"
"build\ALL_BUILD.vcxproj.filters","269","34CF5ABC5A72058BDE55877DA3E592A57FDA87EDD3391D27C7F4BB21AFA7FF8C","2026-09-22 11:16:39"
"build\audit-registry-ci.vcxproj","34577","2A221D405CAE6DF79CD19A5B924A7ECC0F86AEF2D17CDF4A716E002769DC0F51","2026-09-22 11:16:48"
"build\audit-registry-ci.vcxproj.filters","681","5B7C8AF582E5F009C175CE081C0ABD9F802EC0723804967F52C5BD80114813F2","2026-09-22 11:16:39"
"build\audit-registry.vcxproj","34648","73AE6F9692E8DA6D81FC41BD928E73B87D35D58D1CC636357698C3F2A606C847","2026-09-22 11:16:48"
"build\audit-registry.vcxproj.filters","675","5628650F591166F576FA87D81A39267BEEF76DAC3B1F23EF1AD2E67A0AB7AB36","2026-09-22 11:16:39"
"build\b009a_fast_validation.vcxproj","64189","CBFFC500BD3D7CF26B8F8EE28A9A88C783E3EE1CBC244BCDD7972373024812B8","2026-09-22 11:16:48"
"build\b009a_fast_validation.vcxproj.filters","3164","9D2A354D3C89CEA73BBB59249B7EAE998C9E8D6FE187315B12B3E2F39D9E3438","2026-09-22 11:16:39"
"build\b009_batched_prefill_certification.vcxproj","66290","E4DF148529B37742F01D892FBC296E7AF45C4B5F7802D47695FE9EA7837BF732","2026-09-22 11:16:48"
"build\b009_batched_prefill_certification.vcxproj.filters","3704","526A7D0D730A7E5BD1605314339A6D741418A5713C463237D3899D1FA5FA6AE8","2026-09-22 11:16:39"
"build\b009_t128_certification.vcxproj","65488","7DCF222872EF8AD1B909B51B49F3DA76C13904ADDE763F20B064B886948ADC0C","2026-09-22 11:16:48"
"build\b009_t128_certification.vcxproj.filters","3693","2EE9814B1098CDF97C012244D04FF71FF209DEC902DC448A7C45E54636DB5DE9","2026-09-22 11:16:39"
"build\b009_t128_instrumented.vcxproj","65195","C3E37AB3428465F65EA8A686C1AD6AEC1317979C3A9BF54B5D76873F9B135E57","2026-09-22 11:16:48"
"build\b009_t128_instrumented.vcxproj.filters","3165","A993D69DA8EB03376636550A3DF05B6E66C0BD0A54E16AD99ADA92986554FC45","2026-09-22 11:16:39"
"build\b010_b011_fast_experiment.vcxproj","64591","7FE0B5BC99366DD4058FB4DD889EA95F83308C1D2D926B9A49DEA8DCEAE1186F","2026-09-22 11:16:48"
"build\b010_b011_fast_experiment.vcxproj.filters","1425","50C848E239191D8ED69F80CE8112D66F31EB2C94A4A388812BC065CAC2B1547C","2026-09-22 11:16:39"
"build\b015_dequant_certification.vcxproj","61412","808AD00F4A61002B7FD8940F76618A118667ECC92F3D8412F2B15046FE379A0C","2026-09-22 11:16:48"
"build\b015_dequant_certification.vcxproj.filters","562","14FCCDD8B7FF6BBA09B4D859FF6021437B7C6075F0C8CE674F194B0B286F7C30","2026-09-22 11:16:39"
"build\b015_pool_direct_test.vcxproj","63602","576434A748FDFB6CC9CEFD7E7013CC34FC7DB4A652AD7F6490EFCA7AA0C355BF","2026-09-22 11:16:48"
"build\b015_pool_direct_test.vcxproj.filters","569","682730619030722E57E8340839623A4C04BE7EF522C64DC77D4E74166D680604","2026-09-22 11:16:39"
"build\b015_pool_microbench.vcxproj","65108","DEBD666760E1395048834F5D8E7CC781CCF6F0B929FE105223BDE4F3920C8D2D","2026-09-22 11:16:48"
"build\b015_pool_microbench.vcxproj.filters","3152","A3CB2211C2F64EE3DD7DD0B9CD78F7CAB200CDA541324BEDBBF840D898C43E47","2026-09-22 11:16:39"
"build\b015_residency_validation.vcxproj","65278","C11457D2B660EE1AEB9958690A78A9FDA7C7B4309246EC77DF9930A4FDCA2C9F","2026-09-22 11:16:48"
"build\b015_residency_validation.vcxproj.filters","3290","2F6BDF015C0762AA56AB44A7E72FA8C0AF6C5256EF2984FC51FAFA471881B645","2026-09-22 11:16:39"
"build\b016_gemm_efficiency_probe.vcxproj","66342","36384523E263981348B1B830C1E03F8EA87223784CB2936EB1196A7A14CA0D99","2026-09-22 11:16:48"
"build\b016_gemm_efficiency_probe.vcxproj.filters","3696","165017A37D862D8EB2F2B93FD030AEA535D38700D0B347DDF8A60A717F435DB7","2026-09-22 11:16:39"
"build\BackendOrchestratorShardSmoke.vcxproj","61302","70C08495CFFB42596DEB5D5A5199F038D1C7878B4E7D2A80190D943F918B50B8","2026-09-22 11:16:48"
"build\BackendOrchestratorShardSmoke.vcxproj.filters","1069","61A5E09261779B7463DB2EEB90582463BAD4E542B32DC74CC1B64C02FACC3124","2026-09-22 11:16:39"
"build\benchmark_dispatch_overhead.vcxproj","62355","F5966D946F3EA1705ACE780B17A2AA836CEFDEDAA9D8626F86D56725796AAE4E","2026-09-22 11:16:48"
"build\benchmark_dispatch_overhead.vcxproj.filters","963","2BAF8EF291DF05806CEB77D77F7B0D90D4EED36EAD707144DBD58D4C355043BC","2026-09-22 11:16:39"
"build\benchmark_dispatch_pmc.vcxproj","63036","A15180FB077ECC5F563BF8D115FE85A825D98A00892229A88D19BCE08ACF641E","2026-09-22 11:16:48"
"build\benchmark_dispatch_pmc.vcxproj.filters","958","1CB63D0721AE3BB08ED3E13B6E95681AE5C47E573E5EE34A6204A6CAEF826E0E","2026-09-22 11:16:39"
"build\benchmark_planner_amortization.vcxproj","61912","CE8D12C85ADC193F09D197A76A99522DEE55D57E2B7C2E072D323E6E61BA853E","2026-09-22 11:16:48"
"build\benchmark_planner_amortization.vcxproj.filters","832","77B099A4AA484A9478D9A42E40782138B9072DA6B68645C1D8AD9DC639DD34D6","2026-09-22 11:16:39"
"build\cert_out.txt","0","E3B0C44298FC1C149AFBF4C8996FB92427AE41E4649B934CA495991B7852B855","2026-09-22 11:36:26"
"build\CMakeCache.txt","38748","F2357438A4179C72499180E981E45F03269C8959C9ECC7769EB759E32CF17464","2026-09-22 12:45:34"
"build\cmake_install.cmake","2703","A9C4C5213C77AB0BAADBC8B4F5102861DB304E660D308A7E8DC66F6C58DBA169","2026-09-22 11:36:59"
"build\cmake_reconfigure_v2.log","31422","5C764C94570F6613CC6C070BFC6C2452D069B9FADDD4EC640B2A15F22EAB8F9B","2026-09-22 11:34:26"
"build\cmake_reconfigure_v3.log","31422","ABF570DAA5B650F050986E825970AE75883906DEDE67C02F5513C9BC444E40EE","2026-09-22 11:36:59"
"build\compile_cert.bat","1216","961A1C1E9CEFB3A69EB5CFA02B878BFC63090CE6B5010D5F7E23DC7B632FD59C","2026-09-22 13:09:13"
"build\comprehensive_dual_gpu_test.vcxproj","60245","59768555DC435CA7A49F79522960B54859C45AAB8B9BC10B342670A536853F53","2026-09-22 11:16:48"
"build\comprehensive_dual_gpu_test.vcxproj.filters","570","A34666E6E7F919C33F8E121221D46614ADD29215AE38AA0A2038200CBD2AEFF2","2026-09-22 11:16:39"
"build\Deep2Engine_RouterSmokeTest.vcxproj","59525","07EA4C13E8E459ADCBDDDD1584BD7810EFE211ADCA6A20C4EC2FED78BF523A79","2026-09-22 11:16:48"
"build\Deep2Engine_RouterSmokeTest.vcxproj.filters","695","22B9A682616E3E4A05F0EBF576252147B6351EFC1D0514457544BA2463046875","2026-09-22 11:16:39"
"build\deep2_benchmark.vcxproj","66208","4D65E0774172F7BB61B65A354EEECA7760DDC49A866FA29F2816F5D096F24BA9","2026-09-22 11:16:48"
"build\deep2_benchmark.vcxproj.filters","693","179DFCC535139CE411BA4EAC000465851D5DC0FAD3E582C88E98411B1B37264F","2026-09-22 11:16:39"
"build\dual_gpu_smoke_test.vcxproj","60101","B50416CC3096A60EF9F3AA0BEC0D0A95843D68EC136C062AB8541915B98C1A28","2026-09-22 11:16:48"
"build\dual_gpu_smoke_test.vcxproj.filters","562","1471666EA88B2CADAAF594F749B7DC1262F40DB2CE73B67BDEB77C9642458FC1","2026-09-22 11:16:39"
"build\enforce_no_scaffold.vcxproj","34635","F3419A3AC540428265B56AA25E85ADDAA593C59596F543E025F190F91C17C6D1","2026-09-22 11:16:48"
"build\enforce_no_scaffold.vcxproj.filters","685","C2C7E9BA8059F41BE2DB5D5DA04269AFC51794A4C96FA79D4DB64EA7E3BA5BC5","2026-09-22 11:16:38"
"build\ev512_ide_gui_lifecycle_smoke.vcxproj","66138","FA37A7BD26040109C20014ADD74F64973AA0557E23EFB09BE92A7A0F9C226E64","2026-09-22 11:16:48"
"build\ev512_ide_gui_lifecycle_smoke.vcxproj.filters","572","D14AF8ECAC135AE35D75ABA07C227C1DF9A3F89BB49D155A997307F096944734","2026-09-22 11:16:39"
"build\ev512_ide_restore_reload_fault_smoke.vcxproj","66180","1B95ECA4F84C6DD7EA2BF527BB301BD0CB3E3B381A45CC27F006F837719EBCF6","2026-09-22 11:16:48"
"build\ev512_ide_restore_reload_fault_smoke.vcxproj.filters","579","99DEAA3ABC2941FFE71D67C9AA7DECC7B6B695B380F1C8935C6EFF7FE60650F3","2026-09-22 11:16:39"
"build\ev512_ide_workflow_smoke.vcxproj","66008","01A1B49CD9EA3C7685ADCD0EB11562E33A9FFC847BD17540367A2457E4A49FF1","2026-09-22 11:16:48"
"build\ev512_ide_workflow_smoke.vcxproj.filters","567","5189AB4075CE8FC6734C270E550E13F5B6B70ECF34FDC9CE734475617F11BAB2","2026-09-22 11:16:39"
"build\ev512_ops_remaining_smoke.vcxproj","65982","CF399EC38A44D94C63A22ED59CE9A0E161F6F7D78EC84BCC37A127505A21DEC2","2026-09-22 11:16:48"
"build\ev512_ops_remaining_smoke.vcxproj.filters","568","7AE08D400D992588566E38EF8DFDB5488BC6470115E6CEDBD82C792201CAB5FD","2026-09-22 11:16:39"
"build\flame_graph_profiler.vcxproj","52126","BDD7B44423A85ADB27E98BDA06329CBD36140817A27538117491EC1B07D46888","2026-09-22 11:16:48"
"build\flame_graph_profiler.vcxproj.filters","562","3EB1C71F0D39C95B236EF1B3C3293E2C21968C956F79104504A9184A52362DD6","2026-09-22 11:16:39"
"build\generate.stamp","55","302F7E9A0C863C04B740065ADE01D243C7587D7272FC79FB002870128A9558EB","2026-09-22 11:45:30"
"build\generate.stamp.depend","4632","7C85108425842917CA4D58FB24117EF484263D5D949C509DFE8242BF11EDA1E1","2026-09-22 11:36:59"
"build\GGUF_Alignment_Diagnostic.vcxproj","59426","5571B024EAE815DF7C347EC50DA3A664F5C1741CBE8AC766263E8291224A8FD0","2026-09-22 11:16:48"
"build\GGUF_Alignment_Diagnostic.vcxproj.filters","577","E8D3ACD4276E7B110E777CF096E6F56A01E3C66A7AB2905D567644F24A392923","2026-09-22 11:16:39"
"build\gguf_inspector.vcxproj","56815","1A45A7367B5BBC70100237D65BAA1FF6CBF10882E3B0074B8739B41F05FC511D","2026-09-22 11:16:48"
"build\gguf_inspector.vcxproj.filters","557","55D84D987607B2FE62010277BD4DE78361AC079DE7725F082EE3547AAA9EC199","2026-09-22 11:16:39"
"build\InferenceEngine.vcxproj","97988","9C8A5B8D96FCB31DF201720760CE128F763A234EC484FB0473CBB1CB076D24F6","2026-09-22 11:16:48"
"build\InferenceEngine.vcxproj.filters","51200","1588EE9E2A1277B8999F3F53147FBDDBA31554EF608905CC1DABF5EC00B22E05","2026-09-22 11:16:39"
"build\inspect_jit.cpp","1217","C4FB6FA361DE421B6A4E64C8E74785B596912183E3938882354A0CF8A56B0E9D","2026-09-22 13:09:13"
"build\inspect_jit.exe","213504","936F2C10CE83578465D5F8CBD203320685C314ED6E3B276F9E971E4D26FDA443","2026-09-22 13:14:58"
"build\INSTALL.vcxproj","10629","FD6550C809C4E71232F1579E34DEC1EC18A146CBE42BC681E33C5D0B1DE53AFC","2026-09-22 11:16:39"
"build\INSTALL.vcxproj.filters","511","BAA97F945A406EF51FE5B6402567FA05A0B82C2B0FD901E370A7CE15CD5BB883","2026-09-22 11:16:39"
"build\masm_kernels.vcxproj","244701","DAB7C3C86B5477101CF655948C60281A4FAAEFDBE29FF9509DAB690CF7725B4D","2026-09-22 11:16:48"
"build\masm_kernels.vcxproj.filters","8779","700E4AF7EADBF1795B160F7A0AFB99F904AC4C5737EB2AB223E17DE3E9B8FD30","2026-09-22 11:16:39"
"build\native_toolchain_cert.exe","385024","6B49FF1C74D5A2DF7A9C1349B9C003BA042D9A2D79B575AB8C40503F9542B2FB","2026-09-22 13:15:00"
"build\native_toolchain_cert.vcxproj","69535","C837A4DC713541011BFA3D6270F93BD35E816FF42B9D79ED8091C9063855F876","2026-09-22 11:23:42"
"build\native_toolchain_cert.vcxproj.filters","710","26A943BEFB949C2D4B6A946FC0DD63D7EFA196DAA6C4C45BBC77E23F55DFC598","2026-09-22 11:23:42"
"build\nevm_determinism_validation.vcxproj","61898","E94C806327694D4F9609A161387E8E41C2FA7D77CD1D21CE894D27AE482E8B4D","2026-09-22 11:16:48"
"build\nevm_determinism_validation.vcxproj.filters","829","C9AE6182F6D6B0B956B252B04AACF191D5ADBC610E36C08EA07273C24D73E63F","2026-09-22 11:16:39"
"build\nevm_stress_test.vcxproj","61258","87E122AD76FAE4B6C9ED6F8F3666B046DE7B4E6DB6EF0D96B1A3424AE4D8F67A","2026-09-22 11:16:48"
"build\nevm_stress_test.vcxproj.filters","808","1E4FBEE3043AF41B5B3628270285809923A398F7F343B53D37D4F08796EC1ACD","2026-09-22 11:16:39"
"build\Omega1Engine.vcxproj","52964","3DA4685EFA75C4C4390A47DCC04DD9376D1C583DEEB8C3A5AB12B9358E143D73","2026-09-22 11:16:48"
"build\Omega1Engine.vcxproj.filters","883","B5FB88938C6C1039D68C7D0FC14FB7957A458437EE492939FDCBDF299E9D9D88","2026-09-22 11:16:39"
"build\p1_cpu_loadmodel_harness.vcxproj","64835","5B9A7E6A08639CAEE67C2F057F70723C3726E02941B82456154AE82F16737A8A","2026-09-22 11:16:48"
"build\p1_cpu_loadmodel_harness.vcxproj.filters","567","E211BB199DDE6EFC43E30472D9E34A6E13760CB0D0E0A70022CCDD360D29CED1","2026-09-22 11:16:39"
"build\pmc_profiler.vcxproj","52055","83C8B9206AFF01CFA1E7CAD04E9B02B59CD20E9136980AC65286172EC1777B37","2026-09-22 11:16:48"
"build\pmc_profiler.vcxproj.filters","563","A93998ED532AB75B6EFE88964BD4E8F549BAA68B6A277F3EF5D1CD6DA13DB6B9","2026-09-22 11:16:39"
"build\Q4_0_GEMV_Certification.vcxproj","59390","E9945CD3E28108AF24E7EDE7445FE12E6A0A43139BDF8805621ADDF2DD665E34","2026-09-22 11:16:48"
"build\Q4_0_GEMV_Certification.vcxproj.filters","575","6697839D885C34B18C13539F170CB5069AEEC781C1BD61C8956FA658B0D01CD4","2026-09-22 11:16:39"
"build\q4_preprocessed_avx512.vcxproj","42134","0463B1A0A7095621FB58E94C70C8FD31C1EA37223455485CFAB438B736B92015","2026-09-22 11:16:48"
"build\q4_preprocessed_avx512.vcxproj.filters","378","09142409E4799063E72A0AC7BD0EC5BD26C0978242BC642AB5A6F64C5D47C8CA","2026-09-22 11:16:39"
"build\RawrEngine.vcxproj","134126","8C4CFB09024EA8299EFABD49FF02F9028A0C63D1C87EC81F0A339A4AF072B9F2","2026-09-22 11:16:48"
"build\RawrEngine.vcxproj.filters","61826","F6BA10245F35AFDEEB827B1DAB274022A32E960CCE3247907879E885620D2F0E","2026-09-22 11:16:39"
"build\RawrXD-Crypto.vcxproj","60959","0A645476BAC4538483C6A1D521B97861781258119A646822C6877BEBEB1B3733","2026-09-22 11:16:48"
"build\RawrXD-Crypto.vcxproj.filters","660","3B09EC77544F1E87EEFF4C3E216F9880674C60549D30E9A07BF562C76DA6964D","2026-09-22 11:16:39"
"build\RawrXD-Generate.vcxproj","66590","DDE73C7B487CF0BEEF09A5F06D6D9BFE0DAA2E43A3BAF98EE33FD22023822D77","2026-09-22 11:16:48"
"build\RawrXD-Generate.vcxproj.filters","1098","2C6F150171F1D22547F5A6A0D8410F1850479DA85D59B6DF70280178C2D3DD6F","2026-09-22 11:16:39"
"build\RawrXD-InferenceEngine.vcxproj","67974","AF706E428BF89BC3720DB737934CCB3EAFDD6444E4D95B25B58A12ECC9581153","2026-09-22 11:16:48"
"build\RawrXD-InferenceEngine.vcxproj.filters","576","EDCD5DE3E1B482A186142398EF7C2AEE0A9DF09EDB64A5994B27214780F3AC67","2026-09-22 11:16:39"
"build\RawrXD-InferenceRoutingTest.vcxproj","60648","59D47BE35BBD4C0622536BEE1B00CA13A3DF7D5E980EBBDB54C40EBB4FE62563","2026-09-22 11:16:48"
"build\RawrXD-InferenceRoutingTest.vcxproj.filters","569","0B034F5A0CE25F35686085AE49BC6DC737C7BDD8A35AC63F36AC0A681826A9C1","2026-09-22 11:16:39"
"build\rawrxd-matmul-spv.vcxproj","38029","87F58CDD97E56DC7F0D3544107B23FF77386A8C5AA6CADCF0DFE23DBBC713689","2026-09-22 11:16:48"
"build\rawrxd-matmul-spv.vcxproj.filters","854","CE6057E877026F8D1A6118D148B50577546DFD86DC467649877C4997418AD372","2026-09-22 11:16:39"
"build\rawrxd-monaco-gen.vcxproj","60955","018A7AF9E6A472CEFB6D93C752A5DEAF4B67027D6341E4104A571581195BD3D4","2026-09-22 11:16:48"
"build\rawrxd-monaco-gen.vcxproj.filters","683","44F450DDC2D3C5DC756B9CD3123EDA66A5EF29629AB4D7055C19071C97880630","2026-09-22 11:16:39"
"build\rawrxd-test-spv.vcxproj","38014","54AB2D1BAB6D55DD479F5F7072F017524BD1C979700A33A96C4374ECE5B0E5F9","2026-09-22 11:16:48"
"build\rawrxd-test-spv.vcxproj.filters","849","7077043889298BB945CD79808B0689C1A6A33B5597826A79B5D6C01E5AA88D46","2026-09-22 11:16:39"
"build\RawrXD.sln","93115","07ECD7ADF955732D7939B84D97404E7F0D34E4A7FB332DC88FEC3409AEB83C28","2026-09-22 11:18:44"
"build\rawrxd.vcxproj","72292","EF0AEF11C126C403A0D1B13C4BC4C42FAEE84C86174FE98FE8FFED09B98F72C9","2026-09-22 11:36:58"
"build\rawrxd.vcxproj.filters","6211","F0168B34E4A96EAE831395E2EB5EE4EDEF9506649236C3FEBA9D32D8C66BCC7E","2026-09-22 11:36:58"
"build\RawrXDScriptDAPAdapter.vcxproj","61166","9D1F50FAD980EC4C7EBDDE661D07B01932695B9ABD86E15E5752027F9F675E0E","2026-09-22 11:16:48"
"build\RawrXDScriptDAPAdapter.vcxproj.filters","572","D55277363593CBC40BC12C4B8EDD505A2286A42E854B165B1B04DB6411600DBA","2026-09-22 11:16:39"
"build\rawrxd_build_v3.log","64266","625A655F8FA58F74B665EB8AC5F067A4B78B555ECC7543BB40BD9DCA9474CD93","2026-09-22 11:29:32"
"build\rawrxd_build_v4.log","33376","BD0B19F995FDF3DD47290189F9AD6A24EB82F437A95D30A6F1B326E4164CB781","2026-09-22 11:32:11"
"build\rawrxd_build_v5.log","684","58AED03DC07F5D33D319528FD4241612F84B7859C71020A22D8747B866363C2F","2026-09-22 11:34:46"
"build\rawrxd_build_v6.log","772","C323EC290FA52D974E896625C3FE69C93DBEF4B6C364578ECF63D33CBD621796","2026-09-22 11:37:05"
"build\rawrxd_build_v7.log","10004","E2051DE7A8075CCB0C9BF360780836625FA8470A03DCF73117B7D14B26FD45CA","2026-09-22 11:38:47"
"build\rawrxd_build_v8.log","5176","923861C9D6CF445BD83A60B0F52D81B147D241A6CE10F25A1CC124197C1EA101","2026-09-22 11:42:37"
"build\rawrxd_build_v9.log","1390","C5B72B8716C89DAFD94F22510F0A44C6644DDE2E404494A8FF24568BA5AF3D6C","2026-09-22 11:45:32"
"build\RawrXD_Compression.vcxproj","52070","EE30D3B3E2BD95D88EFC3235D7EDC1C9353FD6E67FD025C0A858EFD6060FE5DA","2026-09-22 11:16:48"
"build\RawrXD_Compression.vcxproj.filters","572","BB81321FBC221D08A9C72E747079959B2535F5925CE9EE66715142DE02AA5AFA","2026-09-22 11:16:39"
"build\RawrXD_Gold.vcxproj","130535","87922C85A28D520261D64729E2F5F0CA61F809DA16740495052A665859979F5F","2026-09-22 11:16:48"
"build\RawrXD_Gold.vcxproj.filters","60918","315D5992BF150215F4C066634D1D5DD55BC474AD897C9508C500822B942291C7","2026-09-22 11:16:39"
"build\RawrXD_LSPServer.vcxproj","61053","E1E908057C686770CA02A90CED839E94E943DBD4F650D5ABB1DAC92FB34CE63C","2026-09-22 11:16:48"
"build\RawrXD_LSPServer.vcxproj.filters","561","D007B97A07D49F197EE558B28C829FCABE4ADA6D38301A5A48D86D13E673EFAB","2026-09-22 11:16:39"
"build\rawr_product_pipe_x64_asm.vcxproj","37865","46B61FD3606A4436CD6D4C834F6D27F47A0CBCD7666A7FA016C4DFC4A1AF75BA","2026-09-22 11:16:48"
"build\rawr_product_pipe_x64_asm.vcxproj.filters","878","5381B603FAED52FAE53679D8ADBF1E7EAB9C4FF11ECBB01ECB9B5A1431E4D674","2026-09-22 11:16:39"
"build\rawr_product_x64_asm.vcxproj","37705","B0D5C8E4B68154542BBEF487E14D7FB96DE352D2BFB2608810779CD6D416CB31","2026-09-22 11:16:48"
"build\rawr_product_x64_asm.vcxproj.filters","863","BF1CC6BE38B79A7767AC5E8A7E075C6EDDCC452ABF49B6239B8646152F269FA3","2026-09-22 11:16:39"
"build\rawr_shape_legal_asm.vcxproj","38097","9AAC3D9DD551A1EE89576D9C833266E2E85298489DFE0E838878D7D2387F4C15","2026-09-22 11:16:48"
"build\rawr_shape_legal_asm.vcxproj.filters","867","C17F4E1F8D7E406B19296D7C1CCBDC4559DFF15C6A3B8AAC5C65E2BA4F28B1A5","2026-09-22 11:16:39"
"build\rawr_term_x64_asm.vcxproj","37609","093D6EFAED465C56BBBF3E5E8680235C6C6FE152B6745C25312086A1E06474E9","2026-09-22 11:16:48"
"build\rawr_term_x64_asm.vcxproj.filters","854","D015D53979E8F402C21CEFD3728811D1141297BBB94FF1A0A42908CFF9034CDC","2026-09-22 11:16:39"
"build\regen-ssot-beacons.vcxproj","35144","8CA065FF82C24A7C5566F4E8ECA3A279C0376B2A7102EF290355247CC7AD2077","2026-09-22 11:16:48"
"build\regen-ssot-beacons.vcxproj.filters","683","7F6D4AD2D6BF99DBF5795CA3465126C0285FE297E4932E71E09C9362EB1530AD","2026-09-22 11:16:39"
"build\residency_ab_cert.vcxproj","64245","EFCD81456C5FBCF31E4B8EE4F342DEA9C7CAD8FCC59AB27CA056115AEAFE5553","2026-09-22 11:16:48"
"build\residency_ab_cert.vcxproj.filters","560","812D038FF630CDF5119E935A649F906335FD53ED11532CD9BB079D4DF38367DB","2026-09-22 11:16:39"
"build\self_test_gate.vcxproj","34076","4AF4117B0757F3EF9B30B8D7D103AC05AF81EF7CBD17FCDFDA2B1FDE8CB298EE","2026-09-22 11:16:48"
"build\self_test_gate.vcxproj.filters","675","8FB3EE450A7D93693CB7B284BF61CFE3D4CD709954476EB0F63153D668BD7A70","2026-09-22 11:16:39"
"build\smoke_k3c_e2e.vcxproj","65227","70CC478AE876B8E6F666A4C80557DDBEFC6EF1644FEF75A8D60B77F6745915FE","2026-09-22 11:16:48"
"build\smoke_k3c_e2e.vcxproj.filters","602","55F8D6FFD62F81656475802BA1F32DAB10A07EC67D3A4F7FF97BD0761D1A5EC1","2026-09-22 11:16:39"
"build\stress_memory.vcxproj","60113","74FA339EE329785681080B63BB7ED59E5E4401CF862CA65502F762673037706F","2026-09-22 11:16:48"
"build\stress_memory.vcxproj.filters","560","D5E71C5E948E9A047891218A30EC96D9082BD51E42EEDD1C947C140372C9F442","2026-09-22 11:16:39"
"build\stress_target.vcxproj","60113","5B5237321FD348DA4BAECC7B8D53234AFEECF0403431FE6A8D0D03E2573B4AE3","2026-09-22 11:16:48"
"build\stress_target.vcxproj.filters","560","10C85F41A511C31F1D4C849F8BE799C359211E667F3B49095DF1CFFF6E956708","2026-09-22 11:16:39"
"build\SwarmSmokeTest.vcxproj","61298","66BEC5652FDDB94C3076D87BC7FDB720138F0EC8406E22440255E3310526BEF5","2026-09-22 11:16:48"
"build\SwarmSmokeTest.vcxproj.filters","1205","E1F1A5011F5ED91A955ED6265A0C8E53D8E6AFD6C40737AB640C6CC7919E5CF6","2026-09-22 11:16:39"
"build\TestDebugBridgeTelemetry.vcxproj","60313","07B7E7E73D1E96F1760D6C5E87CDA770C2E94906162C60BD54C9E88217D4FADE","2026-09-22 11:16:48"
"build\TestDebugBridgeTelemetry.vcxproj.filters","573","5874A153FF113952A9A33391DE6A5B06F05949CE97C06D9E41651DAEFA9D13C4","2026-09-22 11:16:39"
"build\TestMASMInference.vcxproj","61412","F5D0022D19BA0B5FFC15AFC1FB1DECB75FC5B683C7F61986EF4A3D0AA4F0BDCA","2026-09-22 11:16:48"
"build\TestMASMInference.vcxproj.filters","947","1026983E62CC3455A206BBF3E8E7A48658C6549112676961EA78E8C64C4C239D","2026-09-22 11:16:39"
"build\TestSovereignBridge.vcxproj","61217","3D5228BB74FBEF516C7158BE385CBEA27C8FC882283755E52F12B7AC6AB47B17","2026-09-22 11:16:48"
"build\TestSovereignBridge.vcxproj.filters","703","76E0618AE3D13A6B999809858CCE55B6C37238FE6EEA7A8AF5EEBFDD3CCEFAC3","2026-09-22 11:16:39"
"build\test_attn_out_bisect.vcxproj","66504","A15BB7112075F6E388E8E9740E84F44913198757A1B4170FA3705293B51BF77F","2026-09-22 11:16:48"
"build\test_attn_out_bisect.vcxproj.filters","567","C4237D919D292285623683CBCFA09334CDA2EA75FEBC0EA2D327E9B7D32EA95B","2026-09-22 11:16:39"
"build\test_gguf_metadata_bounds.vcxproj","57896","55E2FDDAB22339BF17F92F67112434DA2664C758F71AFC2AE884499AC374FDC7","2026-09-22 11:16:48"
"build\test_gguf_metadata_bounds.vcxproj.filters","568","BD2FAA52ED4FC6648EE663DF97447980358FCA1CEFA273E45646EB99AC06E869","2026-09-22 11:16:39"
"build\test_gguf_tensor_bounds.vcxproj","58889","1BD1DE1A4CB2EB29BD506B1F9CC8785DF9D35893CA65BD6CBEF9EBC120071A9D","2026-09-22 11:16:48"
"build\test_gguf_tensor_bounds.vcxproj.filters","704","21CA1D352E5AE925543CA349BD59C9F639271BFA7C963B16F45C24A7E9C7BCF8","2026-09-22 11:16:39"
"build\test_gguf_tokenizer_bounds.vcxproj","59104","30E5FFB062DBD619D3B6E8284FD6D56AAECDAD17EDA87D3F2FE9F120910176C5","2026-09-22 11:16:48"
"build\test_gguf_tokenizer_bounds.vcxproj.filters","708","DF837D47A4D4D927B078F6C532FE22CCE8EEE2D7CA11EEB0F25E4E08F5E31DE2","2026-09-22 11:16:39"
"build\test_omega1_bridge.vcxproj","62275","D4B3FEAAB2F06CF50BDD0EDD4B909D3D8AEF6FCCEFFFDACCBBD49C53A0DC956D","2026-09-22 11:16:48"
"build\test_omega1_bridge.vcxproj.filters","703","C0DE69FD1517F6DB985088543743EA45F35DE81A6B05791083DE41B0BA106C2D","2026-09-22 11:16:39"
"build\test_o_proj_gemv.vcxproj","66432","5438A03AF87DF082067F63F4159A7CCC542C8A61620A8957294E78EFC2F44D91","2026-09-22 11:16:48"
"build\test_o_proj_gemv.vcxproj.filters","563","8B103AEFBCE5AE722FD80B4C3840CD08EF6FED49F17AE7DC98BAF3482D55A66C","2026-09-22 11:16:39"
"build\test_o_proj_mulmat_002.vcxproj","66540","AC944E35DE5B8318DD6AC0F963A227213D1A24A5CD023EAB2D8EE9A0CCA6532B","2026-09-22 11:16:48"
"build\test_o_proj_mulmat_002.vcxproj.filters","569","D7E87DF76994430DADB62521C631C6B90D68BA972581D5F62A530B80B1B1AC74","2026-09-22 11:16:39"
"build\test_parseheader_bounds.vcxproj","57860","F32F8A34D328409FFEBD057F4D1C0809334EE2A634025E2080284E97093DFFF5","2026-09-22 11:16:48"
"build\test_parseheader_bounds.vcxproj.filters","566","249066986B9489C0829DF4C812DC6DB58233848F192C8DA16A5CD3927216EDA6","2026-09-22 11:16:39"
"build\test_parseheader_fuzz.vcxproj","57824","543512B3EF5D6C9B4C7A240D8EB9D37E195304E74A6BFDC67E20FCA78CCDB886","2026-09-22 11:16:48"
"build\test_parseheader_fuzz.vcxproj.filters","564","DCA9C477CCA90E083E8ECF3A8490CAAF044CC9E27F78F076729B606418D174C3","2026-09-22 11:16:39"
"build\test_q4_asm_debug.vcxproj","61586","F5D11D842031BDCB1F5E60ED595706F3AA835998170791739C84E01452E26625","2026-09-22 11:16:48"
"build\test_q4_asm_debug.vcxproj.filters","691","A42ECE60BF2AFF43350E5AEFFCB0479B41C618238A1FCB8A0626E50AB02EF278","2026-09-22 11:16:39"
"build\test_q4_cache_alignment.vcxproj","61311","9946AF5C4DC37B5ABA642C12B5F33752A7944A9242F44DCF65418C28730CE7A2","2026-09-22 11:16:48"
"build\test_q4_cache_alignment.vcxproj.filters","697","D812832AE2EEBBEF1F831D6B7A84579AF90B27F7E00F866FBAEA38792E0B8E20","2026-09-22 11:16:39"
"build\test_q4_fused_pipeline.vcxproj","61676","D4D2BF7C099533DA3477CBCD8151FAC7950E3826875826062AC5668E3604ADEF","2026-09-22 11:16:48"
"build\test_q4_fused_pipeline.vcxproj.filters","696","98FF3E6A0FEFED51CBEFC5B74A7EF7B2F94E55001641F771E9D98C83AF52CF2B","2026-09-22 11:16:39"
"build\test_q4_scalar_simd.vcxproj","61239","EBEA8C5989990BBB8A457548476C52A8C498F7E795A384CBA7C4A9C8363A4BEA","2026-09-22 11:16:48"
"build\test_q4_scalar_simd.vcxproj.filters","693","33CC83A937D08EBFE3D0FA477E6F057B25638AD6B0452B2CFBC849BE27C4C2C7","2026-09-22 11:16:39"
"build\test_rx.cpp","872","124B7C5EDC25F4C8B571038C67B8303BBAB5D05A9F5831C242319CA82BB1D764","2026-09-22 13:09:13"
"build\test_rx.exe","141312","A00BBD4CF5F9888257A2D2EE872BEF3E4CFB3A96B225894052B7F97B508325EB","2026-09-22 13:14:58"
"build\test_simulator.vcxproj","62079","496849AD3A4CC77D4999D7F0C69AF122D5A32DF70B3CBA0648288FBCB4963C82","2026-09-22 11:16:48"
"build\test_simulator.vcxproj.filters","823","BC6E9447D8256661DF0A8DF8694EA18B630C4F531A536084B18B7C3799B9AC0E","2026-09-22 11:16:39"
"build\test_v_proj_parity.vcxproj","66468","F481F356C213B8D2A5F0ECACB23472B0D46CDD7031D73F05DD82E3CC157004D1","2026-09-22 11:16:48"
"build\test_v_proj_parity.vcxproj.filters","565","384BE78CFADCDF0EC6060821F9CAB69DA1CBFFB7B4EF2C5EC5709D1E3E920589","2026-09-22 11:16:39"
"build\validate_end_to_end.vcxproj","62288","2CB4C514165E23B5073A3E23B0405645AA6B97321995678565A6CDC32CEE304A","2026-09-22 11:16:48"
"build\validate_end_to_end.vcxproj.filters","1085","0D833D1CB8F38EDB97411FF1C8C13895C6375CBDC1A67A53521A8857E39FD54E","2026-09-22 11:16:39"
"build\validate_registry.vcxproj","34545","A383F501E29EFC34A4F9AD5B61E00230FE7CCE70082959FC62F296D08B1D9C2F","2026-09-22 11:16:48"
"build\validate_registry.vcxproj.filters","681","97BB9B766703BD4D260F132E26BF697D826F44EB46105C3DB5F20F7A0B2B8CB0","2026-09-22 11:16:39"
"build\validate_registry_strict.vcxproj","34814","790ABEC183C7048D01162E2217C61C33DFECA45014EDDD4F0856859F6CB7AF2B","2026-09-22 11:16:48"
"build\validate_registry_strict.vcxproj.filters","695","8B521BE74FCF84FA7473D54A7C5EA7E465DA8E6B53F7C93B109BC15C65423D4E","2026-09-22 11:16:39"
"build\validate_val051_evidence.vcxproj","57878","36932660C0EE7DB6683678F2921E7BBC1E35251CA4BD610F5B5AD68ADC64F77C","2026-09-22 11:16:48"
"build\validate_val051_evidence.vcxproj.filters","567","A16A5B17FFCCF22830B1AECBE6407731FB68DC5EF51689A039C0875456D45FFE","2026-09-22 11:16:39"
"build\val_051_2_a_real_token.vcxproj","64885","9AABE09CFA8FA1D9DABB2C6086F537544FC2317D77A13D41F6E367160C5FC219","2026-09-22 11:16:48"
"build\val_051_2_a_real_token.vcxproj.filters","704","73A6EE042F115D442653099022845E95D5C9B0CD1DCFF340F2FCA6F30178BEDD","2026-09-22 11:16:39"
"build\val_051_5_32_token_kv_stability.vcxproj","65047","A72A8D4B088325597C553F9629862A647984578CA4F5D79DFF4E87D132F658F7","2026-09-22 11:16:48"
"build\val_051_5_32_token_kv_stability.vcxproj.filters","713","A68ADA155EDBCB0495CEFC3D1CD34C6461C9D42E4680EEE8D8E05AF029C9B0F3","2026-09-22 11:16:39"
"build\val_051_6_15_token_kv.vcxproj","64867","0AFE2FDE7FDEE35D7B41D850AA18559B3CBE1BCE27BE8E0601E02B80CCAB44A1","2026-09-22 11:16:48"
"build\val_051_6_15_token_kv.vcxproj.filters","703","7E220F10219B538A2444E3370055D6E970CC19C1A101D59ABA8BEE75806F818E","2026-09-22 11:16:39"
"build\val_051_7_residency_baseline.vcxproj","64993","F36D67F5BF07152AED1A93308D67891B4F10B3DF6CD510455F04CDD4199BA0C0","2026-09-22 11:16:48"
"build\val_051_7_residency_baseline.vcxproj.filters","710","08CB2317A8D948F05B67CC2F943E86E64C80AE3F2525A14F7BDFE4C3627982EC","2026-09-22 11:16:39"
"build\verify-ssot-ext-ownership.vcxproj","34585","0BB866E65D2FB6ED7D6FDBFB9F7B05ADC6B1B4F837073474BEA0AD441F0FBB9D","2026-09-22 11:16:48"
"build\verify-ssot-ext-ownership.vcxproj.filters","697","C614E86E9FA80459AEDDF3BA300D7F95FFBF66D3AA98AF92F2FB21136B98950B","2026-09-22 11:16:39"
"build\witness_system_test.vcxproj","60285","697EB2B432C776132803A8A90852FE34DA4F5C3D0F63AA3D597BF9FEB3434EE4","2026-09-22 11:16:48"
"build\witness_system_test.vcxproj.filters","699","CE8CAADA596FA18BE9156038A91380CC9A235F526BE9BCF78F5315D4BC36AC30","2026-09-22 11:16:39"
"build\ZERO_CHECK.vcxproj","32340","2711C89B244E9631DE228ACCEF7E520D92100EC728B57708360C020BC4B583F5","2026-09-22 11:16:48"
"build\ZERO_CHECK.vcxproj.filters","512","011BA271E868CACF104D8966B27C1FC96250994D8A79E67D4BEA5E2130A0688F","2026-09-22 11:16:38"
"build\bin\Release\native_toolchain_cert.exe","310272","B72ABFE75FE45AB56E7AFDFED55D06746AC0434B357CDEB1D8FCEBD45D14DB7D","2026-09-22 11:36:07"
"build\bin\Release\native_toolchain_cert_direct.exe","311296","B814A7D1CBB72BD255441E6C7F1A965E9D12BE7C4B8812BEE9FE0D823BB20580","2026-09-22 13:29:58"
"build\bin\Release\rawrxd.exe","209920","C014880089446004C2C2973B36B6C41C33A5382F5D6EB609CF06C01C18A18CEB","2026-09-22 11:45:32"
"build\bin\Release\test_add.exe","177152","20587AD5661A3B4704B0971A6367ECAE3C77665BCA48647865E9048F654A4F66","2026-09-22 13:28:43"
"build\CMakeFiles\cmake.check_cache","86","95079B44BCEF481D601432C2FD3C654D7FE85B9C8386C355F2874502B47441D7","2026-09-22 12:55:59"
"build\CMakeFiles\CMakeConfigureLog.yaml","649466","C1C3E63D3287F141C14B10BFF7756421500E5CE2FE1DBA6B03FAACD5C81EC284","2026-09-22 12:55:59"
"build\CMakeFiles\generate.stamp","55","302F7E9A0C863C04B740065ADE01D243C7587D7272FC79FB002870128A9558EB","2026-09-22 11:45:30"
"build\CMakeFiles\generate.stamp.depend","4632","7C85108425842917CA4D58FB24117EF484263D5D949C509DFE8242BF11EDA1E1","2026-09-22 11:36:59"
"build\CMakeFiles\generate.stamp.list","362","A10C8BE82C3BF65457AFF7635BCEEE7FC6C6EA908D3F83881D0C9B533FA949A1","2026-09-22 12:55:59"
"build\CMakeFiles\InstallScripts.json","413","885DA8F610F51F04CEC738076FB2FEDBFBB1E0CB1F8A25CA381C5D86FD0233E7","2026-09-22 11:36:59"
"build\CMakeFiles\TargetDirectories.txt","6418","A3CF46687032A039244CE44B060B0AB754FE45B6CE8813D81ACB4B29C72237D7","2026-09-22 11:36:59"
"build\CMakeFiles\4.4.2\CMakeASM_MASMCompiler.cmake","1555","2854EEB905485DAFD438E0C81309CB5FEBF71AC879DD3B77F5823D872C31C841","2026-09-22 11:16:35"
"build\CMakeFiles\4.4.2\CMakeCCompiler.cmake","3411","C96A9C696C6E2168D03B3F7B05F229CAA42F1673D3BDC90BC9BB5C7C0A63631E","2026-09-22 11:16:36"
"build\CMakeFiles\4.4.2\CMakeCXXCompiler.cmake","6632","3818AE800A1D94F1B189F721136856C561F51E1E9C0562B1C1FD8285A06E357C","2026-09-22 11:16:36"
"build\CMakeFiles\4.4.2\CMakeDetermineCompilerABI_C.bin","53248","A6760C2E1DD47CAC45EF39DD999445F51FB69F4A326FF9B88246B3EF1742EF0C","2026-09-22 11:16:36"
"build\CMakeFiles\4.4.2\CMakeDetermineCompilerABI_CXX.bin","53248","9FC0E34434DCF9CFF8F648EA71B01FA87BE0EC0CA68FC6AC34F0611D62509727","2026-09-22 11:16:36"
"build\CMakeFiles\4.4.2\CMakeRCCompiler.cmake","276","F1C96E7B6BC035D04A44733638743F28BF70450E870A3095A55CFF6AD81924FA","2026-09-22 11:16:35"
"build\CMakeFiles\4.4.2\CMakeSystem.cmake","399","14F764C3F0C50603F951C55B1787FA383C48D641385221057CD4F25001C4B314","2026-09-22 11:16:34"
"build\CMakeFiles\4.4.2\VCTargetsPath.txt","90","7BF0943F47FD89DDF6E8623056ED4AFA49693BCC8C6885EA90D889DBBC3CAD9C","2026-09-22 11:16:34"
"build\CMakeFiles\4.4.2\VCTargetsPath.vcxproj","1255","E4B780FA88A782F3788553546AE6BAB68373AE8378266CE7570A7DBEB1120D3D","2026-09-22 11:16:34"
"build\CMakeFiles\4.4.2\CompilerIdC\CMakeCCompilerId.c","29974","6B712B317574A51D1D4F3A69F0722D9EF310910570FD191501CDD45655E061D3","2026-09-22 11:16:34"
"build\CMakeFiles\4.4.2\CompilerIdC\CompilerIdC.exe","14848","873F281F5104025301717DFEE272A136FF964DA464E76E7D46A01DC0F00D5F0D","2026-09-22 11:16:34"
"build\CMakeFiles\4.4.2\CompilerIdC\CompilerIdC.vcxproj","2798","AF8BC7C7D110CBD801BAF170898C4EB9021E0272D6E7C0092478EF9A634DF7EC","2026-09-22 11:16:34"
"build\CMakeFiles\4.4.2\CompilerIdC\Debug\CMakeCCompilerId.obj","2286","7446B556E1AC8DA242853F2C4CD9DD15D655C6FFB5A08AC7005A5422A6FD9BE2","2026-09-22 11:16:34"
"build\CMakeFiles\4.4.2\CompilerIdC\Debug\CompilerIdC.exe.recipe","308","5EC2A303C42D6FCDCC557857168CADA7D5F7FFB26ED2134809C630BB87832F4A","2026-09-22 11:16:34"
"build\CMakeFiles\4.4.2\CompilerIdC\Debug\CompilerIdC.tlog\CL.command.1.tlog","656","D29B44E0C64D5D266528B5FB7A629056DFD42070CB142F3043B84C460582C28B","2026-09-22 11:16:34"
"build\CMakeFiles\4.4.2\CompilerIdC\Debug\CompilerIdC.tlog\Cl.items.tlog","147","150B1029A865159A42EF6C07913E198A9515E9AA427AA7CBD3AC5AAB003EA9E6","2026-09-22 11:16:34"
"build\CMakeFiles\4.4.2\CompilerIdC\Debug\CompilerIdC.tlog\CL.read.1.tlog","546","DE47F7F76E87E467AF25A00DF7D4A7E7B4E03D5F527948EC5CD767A3674508FE","2026-09-22 11:16:34"
"build\CMakeFiles\4.4.2\CompilerIdC\Debug\CompilerIdC.tlog\CL.write.1.tlog","300","97CF3C8FAF34C334970BACD80BE0803399156FE0771F48AFBA279DC5B09BC0E7","2026-09-22 11:16:34"
"build\CMakeFiles\4.4.2\CompilerIdC\Debug\CompilerIdC.tlog\CompilerIdC.lastbuildstate","179","382D7CE12E0EF602BBDDAA03B9033B2B7AB1510115946C3A93B20D122487B737","2026-09-22 11:16:34"
"build\CMakeFiles\4.4.2\CompilerIdC\Debug\CompilerIdC.tlog\link.command.1.tlog","982","AB8C08DDAB13FBFC3C7C2E5E238D2DE94B806B4EEDFB609902512674C31F7A92","2026-09-22 11:16:34"
"build\CMakeFiles\4.4.2\CompilerIdC\Debug\CompilerIdC.tlog\link.read.1.tlog","3350","005F5F88824F2A18D79D1DBB2FD6C9D9071DF47C307FEA2CA495C95F8518153A","2026-09-22 11:16:34"
"build\CMakeFiles\4.4.2\CompilerIdC\Debug\CompilerIdC.tlog\link.secondary.1.tlog","79","8F2AF1F216BC5F1BBE90F578A83E16A6440C18F277E9982850EC2398BF621778","2026-09-22 11:16:34"
"build\CMakeFiles\4.4.2\CompilerIdC\Debug\CompilerIdC.tlog\link.write.1.tlog","294","7CF5E63E542A9F91142F4DF953A2131028072E3888A75B3B63A7D6E70A61B519","2026-09-22 11:16:34"
"build\CMakeFiles\4.4.2\CompilerIdCXX\CMakeCXXCompilerId.cpp","30605","C260F5F6368FE636DA54C24D6ABD310AC6FCC3ACDC4BDC674D9B7223569A85EB","2026-09-22 11:16:34"
"build\CMakeFiles\4.4.2\CompilerIdCXX\CompilerIdCXX.exe","15360","43BE4E018956C0D3A29B756F171F20A5DA4877F4BD9B33732C4341BA1300ADA9","2026-09-22 11:16:35"
"build\CMakeFiles\4.4.2\CompilerIdCXX\CompilerIdCXX.vcxproj","2806","21FC02677B659ADE12A520B7B4B7ADF6F15E1C4BE0F1F6D6371CC636682DC3BA","2026-09-22 11:16:34"
"build\CMakeFiles\4.4.2\CompilerIdCXX\Debug\CMakeCXXCompilerId.obj","2353","444A01FB2C5B009FB49F68A7BC4F5C033BA8D71D3337557DCD1D709CBDF2FA77","2026-09-22 11:16:35"
"build\CMakeFiles\4.4.2\CompilerIdCXX\Debug\CompilerIdCXX.exe.recipe","312","B3230F9E5E28CA6E1C0E28ABD204EB5D5B5BCA5B52F0D6AB92FD522437E4AFDA","2026-09-22 11:16:35"
"build\CMakeFiles\4.4.2\CompilerIdCXX\Debug\CompilerIdCXX.tlog\CL.command.1.tlog","680","D15A39E2941C98D1EC3397D358BAE06822AD6FE08B23F931C2120DA1FD160B0D","2026-09-22 11:16:35"
"build\CMakeFiles\4.4.2\CompilerIdCXX\Debug\CompilerIdCXX.tlog\Cl.items.tlog","157","C80FDF1A3185087974B8C5928AF89CCAD172965ED7FDCAB1B7CE87171320F8AB","2026-09-22 11:16:35"
"build\CMakeFiles\4.4.2\CompilerIdCXX\Debug\CompilerIdCXX.tlog\CL.read.1.tlog","558","DA7026B8217134B3DB83E3EE05F1D2883CB64592048C3C7E5D31868EBB79C55A","2026-09-22 11:16:35"
"build\CMakeFiles\4.4.2\CompilerIdCXX\Debug\CompilerIdCXX.tlog\CL.write.1.tlog","320","547ECEA0304F3AA847BAD7D9AA326B0F33832BE15D61688FFB262302EACD413F","2026-09-22 11:16:35"
"build\CMakeFiles\4.4.2\CompilerIdCXX\Debug\CompilerIdCXX.tlog\CompilerIdCXX.lastbuildstate","181","9B491D5FFF28A3EEEB6F3F1899DC3B21C886D1D9E81DD9CA283E0D77390F839E","2026-09-22 11:16:35"
"build\CMakeFiles\4.4.2\CompilerIdCXX\Debug\CompilerIdCXX.tlog\link.command.1.tlog","1006","227B9AAD417AE18CC59BCC4C193683C9BA673FED9CF385CC78EB601847D1558D","2026-09-22 11:16:35"
"build\CMakeFiles\4.4.2\CompilerIdCXX\Debug\CompilerIdCXX.tlog\link.read.1.tlog","3366","B984BB0E320A69AFC5124CB064A14EDB282964774630ADDB52EAB845AC9D58F4","2026-09-22 11:16:35"
"build\CMakeFiles\4.4.2\CompilerIdCXX\Debug\CompilerIdCXX.tlog\link.secondary.1.tlog","83","20DA925DDFC3A2A3D3B3C85C9515444B727941E99824C3DE723E897741FCBAF5","2026-09-22 11:16:35"
"build\CMakeFiles\4.4.2\CompilerIdCXX\Debug\CompilerIdCXX.tlog\link.write.1.tlog","310","54B2E69B87C82D2A7D1BC924226E73C7BAA040DDA391061BC940D2CBB3D8498E","2026-09-22 11:16:35"
"build\CMakeFiles\4.4.2\VCTargetsPath\x64\Debug\VCTargetsPath.recipe","304","76721CA71357CA48203D808E9AF37BF33F98E1657BB08B89852FBB11DE409DD6","2026-09-22 11:16:34"
"build\CMakeFiles\4.4.2\VCTargetsPath\x64\Debug\VCTargetsPath.tlog\VCTargetsPath.lastbuildstate","167","35EA4941BD988A465387A65D4618F7DA996EBA71106692A869891FF34832EE81","2026-09-22 11:16:34"
"build\CMakeFiles\41efa7e05d26e284b65fc33287f1472b\INSTALL_force.rule","24","6D2663216BB5708992DAD2784A833F449113AFD00FD431274CA956FB2530D391","2000-12-31 19:00:00"
"build\CMakeFiles\4bb6f04c6dcb1cb1e64f36534b400ee7\INSTALL_force.rule","24","6D2663216BB5708992DAD2784A833F449113AFD00FD431274CA956FB2530D391","2000-12-31 19:00:00"
"build\CMakeFiles\4bb6f04c6dcb1cb1e64f36534b400ee7\re_deobfuscator.rule","24","6D2663216BB5708992DAD2784A833F449113AFD00FD431274CA956FB2530D391","2000-12-31 19:00:00"
"build\CMakeFiles\4bb6f04c6dcb1cb1e64f36534b400ee7\re_model_reverse.rule","24","6D2663216BB5708992DAD2784A833F449113AFD00FD431274CA956FB2530D391","2000-12-31 19:00:00"
"build\CMakeFiles\72bb65a0f8c0f8c0117f9b391a2168db\deflate_brutal_masm.obj.rule","24","6D2663216BB5708992DAD2784A833F449113AFD00FD431274CA956FB2530D391","2000-12-31 19:00:00"
"build\CMakeFiles\72bb65a0f8c0f8c0117f9b391a2168db\gpu_requantize_rocm.obj.rule","24","6D2663216BB5708992DAD2784A833F449113AFD00FD431274CA956FB2530D391","2000-12-31 19:00:00"
"build\CMakeFiles\72bb65a0f8c0f8c0117f9b391a2168db\native_speed_kernels.obj.rule","24","6D2663216BB5708992DAD2784A833F449113AFD00FD431274CA956FB2530D391","2000-12-31 19:00:00"
"build\CMakeFiles\72bb65a0f8c0f8c0117f9b391a2168db\RawrCodex.obj.rule","24","6D2663216BB5708992DAD2784A833F449113AFD00FD431274CA956FB2530D391","2000-12-31 19:00:00"
"build\CMakeFiles\72bb65a0f8c0f8c0117f9b391a2168db\RawrXD_AgenticOrchestrator.obj.rule","24","6D2663216BB5708992DAD2784A833F449113AFD00FD431274CA956FB2530D391","2000-12-31 19:00:00"
"build\CMakeFiles\72bb65a0f8c0f8c0117f9b391a2168db\RawrXD_Camellia256.obj.rule","24","6D2663216BB5708992DAD2784A833F449113AFD00FD431274CA956FB2530D391","2000-12-31 19:00:00"
"build\CMakeFiles\72bb65a0f8c0f8c0117f9b391a2168db\RawrXD_Camellia256_Auth.obj.rule","24","6D2663216BB5708992DAD2784A833F449113AFD00FD431274CA956FB2530D391","2000-12-31 19:00:00"
"build\CMakeFiles\72bb65a0f8c0f8c0117f9b391a2168db\RawrXD_CopilotGapCloser.obj.rule","24","6D2663216BB5708992DAD2784A833F449113AFD00FD431274CA956FB2530D391","2000-12-31 19:00:00"
"build\CMakeFiles\72bb65a0f8c0f8c0117f9b391a2168db\rawrxd_cot_dll_entry.obj.rule","24","6D2663216BB5708992DAD2784A833F449113AFD00FD431274CA956FB2530D391","2000-12-31 19:00:00"
"build\CMakeFiles\72bb65a0f8c0f8c0117f9b391a2168db\rawrxd_cot_engine.obj.rule","24","6D2663216BB5708992DAD2784A833F449113AFD00FD431274CA956FB2530D391","2000-12-31 19:00:00"
"build\CMakeFiles\72bb65a0f8c0f8c0117f9b391a2168db\rawrxd_cot_phase39.obj.rule","24","6D2663216BB5708992DAD2784A833F449113AFD00FD431274CA956FB2530D391","2000-12-31 19:00:00"
"build\CMakeFiles\72bb65a0f8c0f8c0117f9b391a2168db\RawrXD_Debug_Engine.obj.rule","24","6D2663216BB5708992DAD2784A833F449113AFD00FD431274CA956FB2530D391","2000-12-31 19:00:00"
"build\CMakeFiles\72bb65a0f8c0f8c0117f9b391a2168db\RawrXD_EnterpriseLicense.obj.rule","24","6D2663216BB5708992DAD2784A833F449113AFD00FD431274CA956FB2530D391","2000-12-31 19:00:00"
"build\CMakeFiles\72bb65a0f8c0f8c0117f9b391a2168db\RawrXD_GGUF_Vulkan_Loader.obj.rule","24","6D2663216BB5708992DAD2784A833F449113AFD00FD431274CA956FB2530D391","2000-12-31 19:00:00"
"build\CMakeFiles\72bb65a0f8c0f8c0117f9b391a2168db\RawrXD_GSIHash.obj.rule","24","6D2663216BB5708992DAD2784A833F449113AFD00FD431274CA956FB2530D391","2000-12-31 19:00:00"
"build\CMakeFiles\72bb65a0f8c0f8c0117f9b391a2168db\RawrXD_HardwareSynthesizer.obj.rule","24","6D2663216BB5708992DAD2784A833F449113AFD00FD431274CA956FB2530D391","2000-12-31 19:00:00"
"build\CMakeFiles\72bb65a0f8c0f8c0117f9b391a2168db\RawrXD_Hotpatch_Kernel.obj.rule","24","6D2663216BB5708992DAD2784A833F449113AFD00FD431274CA956FB2530D391","2000-12-31 19:00:00"
"build\CMakeFiles\72bb65a0f8c0f8c0117f9b391a2168db\RawrXD_KQuant_Kernel.obj.rule","24","6D2663216BB5708992DAD2784A833F449113AFD00FD431274CA956FB2530D391","2000-12-31 19:00:00"
"build\CMakeFiles\72bb65a0f8c0f8c0117f9b391a2168db\RawrXD_License_Shield.obj.rule","24","6D2663216BB5708992DAD2784A833F449113AFD00FD431274CA956FB2530D391","2000-12-31 19:00:00"
"build\CMakeFiles\72bb65a0f8c0f8c0117f9b391a2168db\RawrXD_LSP_AI_Bridge.obj.rule","24","6D2663216BB5708992DAD2784A833F449113AFD00FD431274CA956FB2530D391","2000-12-31 19:00:00"
"build\CMakeFiles\72bb65a0f8c0f8c0117f9b391a2168db\RawrXD_LSP_SymbolIndex.obj.rule","24","6D2663216BB5708992DAD2784A833F449113AFD00FD431274CA956FB2530D391","2000-12-31 19:00:00"
"build\CMakeFiles\72bb65a0f8c0f8c0117f9b391a2168db\RawrXD_MeshBrain.obj.rule","24","6D2663216BB5708992DAD2784A833F449113AFD00FD431274CA956FB2530D391","2000-12-31 19:00:00"
"build\CMakeFiles\72bb65a0f8c0f8c0117f9b391a2168db\RawrXD_MonacoCore.obj.rule","24","6D2663216BB5708992DAD2784A833F449113AFD00FD431274CA956FB2530D391","2000-12-31 19:00:00"
"build\CMakeFiles\72bb65a0f8c0f8c0117f9b391a2168db\RawrXD_NeuralBridge.obj.rule","24","6D2663216BB5708992DAD2784A833F449113AFD00FD431274CA956FB2530D391","2000-12-31 19:00:00"
"build\CMakeFiles\72bb65a0f8c0f8c0117f9b391a2168db\RawrXD_OmegaOrchestrator.obj.rule","24","6D2663216BB5708992DAD2784A833F449113AFD00FD431274CA956FB2530D391","2000-12-31 19:00:00"
"build\CMakeFiles\72bb65a0f8c0f8c0117f9b391a2168db\RawrXD_PDBKernel.obj.rule","24","6D2663216BB5708992DAD2784A833F449113AFD00FD431274CA956FB2530D391","2000-12-31 19:00:00"
"build\CMakeFiles\72bb65a0f8c0f8c0117f9b391a2168db\RawrXD_PerfCounters.obj.rule","24","6D2663216BB5708992DAD2784A833F449113AFD00FD431274CA956FB2530D391","2000-12-31 19:00:00"
"build\CMakeFiles\72bb65a0f8c0f8c0117f9b391a2168db\RawrXD_Pyre_Compute.obj.rule","24","6D2663216BB5708992DAD2784A833F449113AFD00FD431274CA956FB2530D391","2000-12-31 19:00:00"
"build\CMakeFiles\72bb65a0f8c0f8c0117f9b391a2168db\RawrXD_QuadBuffer_Streamer.obj.rule","24","6D2663216BB5708992DAD2784A833F449113AFD00FD431274CA956FB2530D391","2000-12-31 19:00:00"
"build\CMakeFiles\72bb65a0f8c0f8c0117f9b391a2168db\RawrXD_RefProvider.obj.rule","24","6D2663216BB5708992DAD2784A833F449113AFD00FD431274CA956FB2530D391","2000-12-31 19:00:00"
"build\CMakeFiles\72bb65a0f8c0f8c0117f9b391a2168db\RawrXD_RouterBridge.obj.rule","24","6D2663216BB5708992DAD2784A833F449113AFD00FD431274CA956FB2530D391","2000-12-31 19:00:00"
"build\CMakeFiles\72bb65a0f8c0f8c0117f9b391a2168db\RawrXD_SelfHost_Engine.obj.rule","24","6D2663216BB5708992DAD2784A833F449113AFD00FD431274CA956FB2530D391","2000-12-31 19:00:00"
"build\CMakeFiles\72bb65a0f8c0f8c0117f9b391a2168db\RawrXD_SelfPatch_Engine.obj.rule","24","6D2663216BB5708992DAD2784A833F449113AFD00FD431274CA956FB2530D391","2000-12-31 19:00:00"
"build\CMakeFiles\72bb65a0f8c0f8c0117f9b391a2168db\RawrXD_Snapshot.obj.rule","24","6D2663216BB5708992DAD2784A833F449113AFD00FD431274CA956FB2530D391","2000-12-31 19:00:00"
"build\CMakeFiles\72bb65a0f8c0f8c0117f9b391a2168db\RawrXD_SocketResponder.obj.rule","24","6D2663216BB5708992DAD2784A833F449113AFD00FD431274CA956FB2530D391","2000-12-31 19:00:00"
"build\CMakeFiles\72bb65a0f8c0f8c0117f9b391a2168db\RawrXD_Speciator.obj.rule","24","6D2663216BB5708992DAD2784A833F449113AFD00FD431274CA956FB2530D391","2000-12-31 19:00:00"
"build\CMakeFiles\72bb65a0f8c0f8c0117f9b391a2168db\RawrXD_Streaming_QuadBuffer.obj.rule","24","6D2663216BB5708992DAD2784A833F449113AFD00FD431274CA956FB2530D391","2000-12-31 19:00:00"
"build\CMakeFiles\72bb65a0f8c0f8c0117f9b391a2168db\RawrXD_StubDetector.obj.rule","24","6D2663216BB5708992DAD2784A833F449113AFD00FD431274CA956FB2530D391","2000-12-31 19:00:00"
"build\CMakeFiles\72bb65a0f8c0f8c0117f9b391a2168db\RawrXD_Swarm_Network.obj.rule","24","6D2663216BB5708992DAD2784A833F449113AFD00FD431274CA956FB2530D391","2000-12-31 19:00:00"
"build\CMakeFiles\72bb65a0f8c0f8c0117f9b391a2168db\RawrXD_TridentBeacon.obj.rule","24","6D2663216BB5708992DAD2784A833F449113AFD00FD431274CA956FB2530D391","2000-12-31 19:00:00"
"build\CMakeFiles\72bb65a0f8c0f8c0117f9b391a2168db\RawrXD_TridentBeacon_GPU.obj.rule","24","6D2663216BB5708992DAD2784A833F449113AFD00FD431274CA956FB2530D391","2000-12-31 19:00:00"
"build\CMakeFiles\72bb65a0f8c0f8c0117f9b391a2168db\RawrXD_VulkanBridge.obj.rule","24","6D2663216BB5708992DAD2784A833F449113AFD00FD431274CA956FB2530D391","2000-12-31 19:00:00"
"build\CMakeFiles\72bb65a0f8c0f8c0117f9b391a2168db\RawrXD_Watchdog.obj.rule","24","6D2663216BB5708992DAD2784A833F449113AFD00FD431274CA956FB2530D391","2000-12-31 19:00:00"
"build\CMakeFiles\72bb65a0f8c0f8c0117f9b391a2168db\rawr_product_pipe_x64.obj.rule","24","6D2663216BB5708992DAD2784A833F449113AFD00FD431274CA956FB2530D391","2000-12-31 19:00:00"
"build\CMakeFiles\72bb65a0f8c0f8c0117f9b391a2168db\rawr_product_x64.obj.rule","24","6D2663216BB5708992DAD2784A833F449113AFD00FD431274CA956FB2530D391","2000-12-31 19:00:00"
"build\CMakeFiles\72bb65a0f8c0f8c0117f9b391a2168db\rawr_shape_legal_x64.obj.rule","24","6D2663216BB5708992DAD2784A833F449113AFD00FD431274CA956FB2530D391","2000-12-31 19:00:00"
"build\CMakeFiles\72bb65a0f8c0f8c0117f9b391a2168db\rawr_term_x64.obj.rule","24","6D2663216BB5708992DAD2784A833F449113AFD00FD431274CA956FB2530D391","2000-12-31 19:00:00"
"build\CMakeFiles\72bb65a0f8c0f8c0117f9b391a2168db\requantize_q4km_to_q2k_avx512.obj.rule","24","6D2663216BB5708992DAD2784A833F449113AFD00FD431274CA956FB2530D391","2000-12-31 19:00:00"
"build\CMakeFiles\72bb65a0f8c0f8c0117f9b391a2168db\swarm_tensor_stream.obj.rule","24","6D2663216BB5708992DAD2784A833F449113AFD00FD431274CA956FB2530D391","2000-12-31 19:00:00"
"build\CMakeFiles\754ffbde374239b252a3b1a97a382168\INSTALL_force.rule","24","6D2663216BB5708992DAD2784A833F449113AFD00FD431274CA956FB2530D391","2000-12-31 19:00:00"
"build\CMakeFiles\777cdd30cb24fcdceb7e52d13ddcd2d9\audit-registry-ci.rule","24","6D2663216BB5708992DAD2784A833F449113AFD00FD431274CA956FB2530D391","2000-12-31 19:00:00"
"build\CMakeFiles\777cdd30cb24fcdceb7e52d13ddcd2d9\audit-registry.rule","24","6D2663216BB5708992DAD2784A833F449113AFD00FD431274CA956FB2530D391","2000-12-31 19:00:00"
"build\CMakeFiles\777cdd30cb24fcdceb7e52d13ddcd2d9\enforce_no_scaffold.rule","24","6D2663216BB5708992DAD2784A833F449113AFD00FD431274CA956FB2530D391","2000-12-31 19:00:00"
"build\CMakeFiles\777cdd30cb24fcdceb7e52d13ddcd2d9\generate.stamp.rule","24","6D2663216BB5708992DAD2784A833F449113AFD00FD431274CA956FB2530D391","2000-12-31 19:00:00"
"build\CMakeFiles\777cdd30cb24fcdceb7e52d13ddcd2d9\INSTALL_force.rule","24","6D2663216BB5708992DAD2784A833F449113AFD00FD431274CA956FB2530D391","2000-12-31 19:00:00"
"build\CMakeFiles\777cdd30cb24fcdceb7e52d13ddcd2d9\masm_kernels.rule","24","6D2663216BB5708992DAD2784A833F449113AFD00FD431274CA956FB2530D391","2000-12-31 19:00:00"
"build\CMakeFiles\777cdd30cb24fcdceb7e52d13ddcd2d9\rawrxd-matmul-spv.rule","24","6D2663216BB5708992DAD2784A833F449113AFD00FD431274CA956FB2530D391","2000-12-31 19:00:00"
"build\CMakeFiles\777cdd30cb24fcdceb7e52d13ddcd2d9\rawrxd-test-spv.rule","24","6D2663216BB5708992DAD2784A833F449113AFD00FD431274CA956FB2530D391","2000-12-31 19:00:00"
"build\CMakeFiles\777cdd30cb24fcdceb7e52d13ddcd2d9\rawr_product_pipe_x64_asm.rule","24","6D2663216BB5708992DAD2784A833F449113AFD00FD431274CA956FB2530D391","2000-12-31 19:00:00"
"build\CMakeFiles\777cdd30cb24fcdceb7e52d13ddcd2d9\rawr_product_x64_asm.rule","24","6D2663216BB5708992DAD2784A833F449113AFD00FD431274CA956FB2530D391","2000-12-31 19:00:00"
"build\CMakeFiles\777cdd30cb24fcdceb7e52d13ddcd2d9\rawr_shape_legal_asm.rule","24","6D2663216BB5708992DAD2784A833F449113AFD00FD431274CA956FB2530D391","2000-12-31 19:00:00"
"build\CMakeFiles\777cdd30cb24fcdceb7e52d13ddcd2d9\rawr_term_x64_asm.rule","24","6D2663216BB5708992DAD2784A833F449113AFD00FD431274CA956FB2530D391","2000-12-31 19:00:00"
"build\CMakeFiles\777cdd30cb24fcdceb7e52d13ddcd2d9\regen-ssot-beacons.rule","24","6D2663216BB5708992DAD2784A833F449113AFD00FD431274CA956FB2530D391","2000-12-31 19:00:00"
"build\CMakeFiles\777cdd30cb24fcdceb7e52d13ddcd2d9\self_test_gate.rule","24","6D2663216BB5708992DAD2784A833F449113AFD00FD431274CA956FB2530D391","2000-12-31 19:00:00"
"build\CMakeFiles\777cdd30cb24fcdceb7e52d13ddcd2d9\validate_registry.rule","24","6D2663216BB5708992DAD2784A833F449113AFD00FD431274CA956FB2530D391","2000-12-31 19:00:00"
"build\CMakeFiles\777cdd30cb24fcdceb7e52d13ddcd2d9\validate_registry_strict.rule","24","6D2663216BB5708992DAD2784A833F449113AFD00FD431274CA956FB2530D391","2000-12-31 19:00:00"
"build\CMakeFiles\777cdd30cb24fcdceb7e52d13ddcd2d9\verify-ssot-ext-ownership.rule","24","6D2663216BB5708992DAD2784A833F449113AFD00FD431274CA956FB2530D391","2000-12-31 19:00:00"
"build\CMakeFiles\97730d3b924aca8f5a5d7c0d0b0371de\shader_matmul.spv.rule","24","6D2663216BB5708992DAD2784A833F449113AFD00FD431274CA956FB2530D391","2000-12-31 19:00:00"
"build\CMakeFiles\97730d3b924aca8f5a5d7c0d0b0371de\test_vec_add.spv.rule","24","6D2663216BB5708992DAD2784A833F449113AFD00FD431274CA956FB2530D391","2000-12-31 19:00:00"
"build\CMakeFiles\a3cabe70d2e78efcfb647a57654a886f\INSTALL_force.rule","24","6D2663216BB5708992DAD2784A833F449113AFD00FD431274CA956FB2530D391","2000-12-31 19:00:00"
"build\CMakeFiles\bcd77bfb776a3b2ec2a49dd0f7a12c12\model_llm_harvester.obj.rule","24","6D2663216BB5708992DAD2784A833F449113AFD00FD431274CA956FB2530D391","2000-12-31 19:00:00"
"build\CMakeFiles\bcd77bfb776a3b2ec2a49dd0f7a12c12\RawrXD_MetaReverse.obj.rule","24","6D2663216BB5708992DAD2784A833F449113AFD00FD431274CA956FB2530D391","2000-12-31 19:00:00"
"build\CMakeFiles\bcd77bfb776a3b2ec2a49dd0f7a12c12\RawrXD_OmegaDeobfuscator.obj.rule","24","6D2663216BB5708992DAD2784A833F449113AFD00FD431274CA956FB2530D391","2000-12-31 19:00:00"
"build\CMakeFiles\e7981d8c32ee41f99bc1f8cdde6d2aae\INSTALL_force.rule","24","6D2663216BB5708992DAD2784A833F449113AFD00FD431274CA956FB2530D391","2000-12-31 19:00:00"
"build\InferenceEngine.dir\Release\advanced_sampler.obj","529","08EB86F02BC6E3B3214186DC40A9EB225A2ED8D503E99BF80B3C8605CC9213D7","2026-09-22 11:31:38"
"build\InferenceEngine.dir\Release\AgenticEngineSovereignHook.obj","537","1348D5A0700CE1832200DC5C581FF22D20CD375C5C481FABBBB0C7A32CE4C1A0","2026-09-22 11:32:02"
"build\InferenceEngine.dir\Release\AgentOllamaClient.obj","529","E124A45418CD3F8B19EF44DB0B2BE4E41DE1BAA63960992A78613A198514B8B3","2026-09-22 11:32:01"
"build\InferenceEngine.dir\Release\AgentOrchestrator.obj","529","DAC8F944AE47E40F1AA5D750889B07C301CC6D42FA16453379558AF5AC024DCA","2026-09-22 11:32:01"
"build\InferenceEngine.dir\Release\AgentToolHandlers.obj","529","CE470422EF5CC9BBEAFE8017651B45B6E395A5DC39258E03742D1E5703C52CA2","2026-09-22 11:32:01"
"build\InferenceEngine.dir\Release\AmdGpuPowerBackend.obj","401182","E77DC1ACDA48B58497D8A6828725DA23688CE6A20D4ADD5DD383FBE0A8A47018","2026-09-22 11:31:56"
"build\InferenceEngine.dir\Release\AntiPatcher.obj","525","E1D6A495F15C90486413783985D84510CC22E85BE28F41A0AECD00EAFE1076B0","2026-09-22 11:32:01"
"build\InferenceEngine.dir\Release\AttnCertProbe.obj","525","67514897A16D63AEB5A48167A30B61A3D0BF94DF4E679B8B534ADFC9C3BAA106","2026-09-22 11:31:43"
"build\InferenceEngine.dir\Release\AutonomousFixOrchestrator.obj","537","6C443F125CF339755CECCDD682BB4E5DF8B34B24A20600D75B4FF327708B5C91","2026-09-22 11:32:01"
"build\InferenceEngine.dir\Release\AutoRepair.obj","521","5B63111AF1FEF64261E773CC1557EF90E17E6DED97FB8084D2FA38B894116A69","2026-09-22 11:32:02"
"build\InferenceEngine.dir\Release\AutoRepairEngine.obj","529","217F92681174C35698CA567652CB7D2BB31092604C47152A507EC132A5D9BBD8","2026-09-22 11:32:02"
"build\InferenceEngine.dir\Release\b009b_batched_gemm.obj","634","00581814CC9969476DE42339E74855FA2238E915060A57CCE1937BE78C53582D","2026-09-22 11:31:39"
"build\InferenceEngine.dir\Release\b014_profiler.obj","525","16FA987198155B1DA4FF8FE5F909F5B3CCCA00932C97D3B6218F512365270BE0","2026-09-22 11:42:36"
"build\InferenceEngine.dir\Release\BackendEmissionService.obj","533","91C673759017851AAE1744284D63AED532659A07D4C77ABE30C3BE20807A99BD","2026-09-22 11:32:02"
"build\InferenceEngine.dir\Release\BackendOrchestrator.obj","533","4A16445A8D65AA75098AA05FBFA7459DB769B7B90F11A7B86D4F30FBF91C64B0","2026-09-22 11:32:01"
"build\InferenceEngine.dir\Release\Beaconism.obj","521","946EFEE5B9CD496A9AE82D7B86AA335F23CA9100BE6398676164DAA8B9D1E940","2026-09-22 11:32:02"
"build\InferenceEngine.dir\Release\BottleTTL.obj","521","66B92A049AAF2620A341CEF6A66991EAE57FEC76CB28CFC42C4B5FCF58C88537","2026-09-22 11:32:01"
"build\InferenceEngine.dir\Release\BoundedAgentLoop.obj","529","FFC76D26F22292572F31F967F7129D937C928ABD9AAE72BE7541788D56D1D7CF","2026-09-22 11:32:01"
"build\InferenceEngine.dir\Release\BP16Streamer.obj","525","506786D77E0855B6F331042E9B2CBCA4DCFD735ABE9B589B23F9F2DC4B115CC4","2026-09-22 11:32:01"
"build\InferenceEngine.dir\Release\bpe_tokenizer.obj","525","241A3AAEAB753611DB74532D91EA89CF7DD06067250E229C63FE2E4D026A4CE2","2026-09-22 11:31:37"
"build\InferenceEngine.dir\Release\brutal_gzip.obj","525","127B5B58CE2083A03A6EA2438A2D38D75344596D36C640991A422285ED5C5D63","2026-09-22 11:31:39"
"build\InferenceEngine.dir\Release\CapabilityTierMatrix.obj","533","E615DD0C2FE355F3C511B93CB9A829DA2CFD8D9C8B792376F245BEA3D8F81D00","2026-09-22 11:31:40"
"build\InferenceEngine.dir\Release\CapacityManager.obj","529","CF65D20A53C3D2D686151564A5DA333A2C8BBAC587549A42B3D7A9DA03763D58","2026-09-22 11:45:31"
"build\InferenceEngine.dir\Release\chain_of_thought.obj","529","DB04B6D2DBE37CFDEA5BF2406627CF6884327F5F5BA6D0400A7AC41499B6C5A6","2026-09-22 11:32:02"
"build\InferenceEngine.dir\Release\Chamber.obj","521","089954BEBB432B8FE2D3498B7B772F95DFA4920755347FF2C6C2557ED2F221BC","2026-09-22 11:32:01"
"build\InferenceEngine.dir\Release\change_impact_analyzer.obj","533","3CDF1158F828AA9EF8C8E1499AAEF6182AA45F14E4D1B200167EAD6D33B98C94","2026-09-22 11:32:02"
"build\InferenceEngine.dir\Release\ChatTemplate.obj","525","D7F4F4EA14068FFEA592E2902D0EA68D268487D3F2B6F4E9F2E7659B3806F713","2026-09-22 11:31:44"
"build\InferenceEngine.dir\Release\CompressedKVCache.obj","529","DFC5FED5DB13A0ACE14EBD68E76A407F3486E759ED4ECE47A2102FAD5CAEAF61","2026-09-22 11:31:45"
"build\InferenceEngine.dir\Release\compression.obj","525","A028C97A5CEBCC91D9862589AB2B22CFD04A24E0A8AB80D9868BFD65D03138B5","2026-09-22 11:31:39"
"build\InferenceEngine.dir\Release\compression_interface.obj","533","91EB1C914F8BA63336340A009046428FAA5B71D077B81BD73A5C0FDBDACE6D9C","2026-09-22 11:31:31"
"build\InferenceEngine.dir\Release\ConfigurationValidator.obj","1101230","373035D81436B1F8F160B08A4E0CC16F3E1770AC8A95BFF15736FD2F782A1F80","2026-09-22 11:31:37"
"build\InferenceEngine.dir\Release\context_assembler.obj","529","2501F965AA16720D089DA56E55B920D970B4F3637793FE99D5BDA2C460C55C51","2026-09-22 11:32:02"
"build\InferenceEngine.dir\Release\context_mention_parser.obj","533","00B749084559BEEF7E6FD702C02252CAC751B6945BA941B39B4EB4CB84559578","2026-09-22 11:32:02"
"build\InferenceEngine.dir\Release\core_generator.obj","525","F7145A646DFF9DFADF4D1E3EAD86F32505C4B29A384D41376F49B5DDE43BE0EB","2026-09-22 11:31:37"
"build\InferenceEngine.dir\Release\CPUFrequency.obj","525","3E72F8DCBE99CF25BD9B883FC8A65F7AD547E43DB0DACF630081089BE7348191","2026-09-22 11:32:01"
"build\InferenceEngine.dir\Release\cpu_inference_engine.obj","533","445CF9DEEF10B7D292C5E02301316677207F6D0EC61A254319F188B50BB7B0A4","2026-09-22 11:31:31"
"build\InferenceEngine.dir\Release\CrashRecovery.obj","525","64C47EA12BEB15D9B37F07F94A35EFA8A3D8A39263D09B5A87EA441063C5AB0E","2026-09-22 11:32:02"
"build\InferenceEngine.dir\Release\CycloneScheduler.obj","529","49154C718A2BD7AFA9B305B095DD8F9AD251D31A4301E43061DEFCC9CE9E37DC","2026-09-22 11:32:01"
"build\InferenceEngine.dir\Release\d2_engine_ssvk_decode_bind.obj","4935","B364852AB81F582569239EFDE75B79D9B9D9D7F3DE5E91427CB120DF3C2EAE74","2026-09-22 11:32:05"
"build\InferenceEngine.dir\Release\Deep2Bridge.obj","525","6C95078CECE2D651E2E8F15978552C29B9E08E4782DA9E1855EDE179D0F23D50","2026-09-22 11:32:01"
"build\InferenceEngine.dir\Release\Deep2DeviceManager.obj","529","633EDA5EC8C1403CBB80FB7B5F56FCCF4CBB1D27EA040817F64B62275D4CF6BA","2026-09-22 11:31:56"
"build\InferenceEngine.dir\Release\Deep2Device_Pick.obj","1066","3F62B4AF8BC5F6852A794B8A3DC52AC6BCB968B1E840AB236BC4AAC35E12474B","2026-09-22 11:31:28"
"build\InferenceEngine.dir\Release\Deep2Device_Score.obj","1067","00B93BCDE4939CB9DD052DAA9C14C138C1290433403232A46359F9ACD4DD8220","2026-09-22 11:31:28"
"build\InferenceEngine.dir\Release\Deep2DualGpuRowSplit.obj","653136","F92C165BBB00EB2071E2F4084E410EF6B173E254EAE67585054B4FED2F32FB72","2026-09-22 11:31:55"
"build\InferenceEngine.dir\Release\Deep2Engine.obj","3165557","61F3AB70DA35ED9D19FE10D4105D18C4EBC52DC919117CE15D6CA947BC70F265","2026-09-22 11:31:45"
"build\InferenceEngine.dir\Release\Deep2Engine_GpuForward.obj","285840","F1D4C73F8BE7086FC6EB2AACBF2FEFFE9FC61D9521F842AA62CBEC112BF5612F","2026-09-22 11:32:01"
"build\InferenceEngine.dir\Release\Deep2Engine_GpuMoEMLA.obj","1096417","A88028B37BA985AB06D844FDF4325402BBD81F4D19F083380CE42CF6F6B17ACB","2026-09-22 11:31:55"
"build\InferenceEngine.dir\Release\Deep2Engine_GpuToken.obj","533","CFD894F57D3CBBD7E3EE9DEBD2B14527DF495E5E1F007B25AECCF8046C59B2CC","2026-09-22 11:32:01"
"build\InferenceEngine.dir\Release\Deep2Engine_SsVkDecodeBind.obj","70612","F75C74922DF2F355DD43F2C667392BF084790A5D0C144A2604F554805F4DABBD","2026-09-22 11:32:00"
"build\InferenceEngine.dir\Release\Deep2Engine_VulkanRuntime.obj","381808","DBC0892863423090EA8BBA6434895D51ED82706E61225A283B9675D455DEEA11","2026-09-22 11:31:56"
"build\InferenceEngine.dir\Release\Deep2ExecutionGraph.obj","533","07611DD92A3E4B65306790FEC64DD2B804BA5D05CF389C09D203AA31CDF81707","2026-09-22 11:31:45"
"build\InferenceEngine.dir\Release\Deep2ExecutionTelemetry.obj","537","25B4E1E1C2D0F396281B5D72C1D528F69FA7D0437F752E229E20DA7383752D69","2026-09-22 11:31:38"
"build\InferenceEngine.dir\Release\Deep2IDEIntegration.obj","533","199C1BF917B867A1A79390A9C28DB327A67C4BFA9EC6956510F9DB100403C612","2026-09-22 11:32:01"
"build\InferenceEngine.dir\Release\Deep2InferenceWrapper.obj","533","5EF4E45F7FDC2265661522D8A29BB24C9EE4B528C7CFFB8F4615DAB9E596D783","2026-09-22 11:32:02"
"build\InferenceEngine.dir\Release\Deep2LivePath.obj","525","F47D1E2994FFC0D589531FD4D24843A7B7412F622F8620FD84C710CD1E536F2D","2026-09-22 11:32:01"
"build\InferenceEngine.dir\Release\Deep2LivePath_Emit.obj","529","6A6E75417BA02B6B0C0890207A26921728CBC9D6618468A943C157BD183626F4","2026-09-22 11:32:01"
"build\InferenceEngine.dir\Release\Deep2LivePath_Gate.obj","529","A0F971FA0C5BCF1D627F5F8B6232EA1747FE1FF7DDB8EFE058F4D03516647594","2026-09-22 11:32:01"
"build\InferenceEngine.dir\Release\Deep2LivePath_Mech.obj","529","C419837F7A237C1831A989745D8E8A4965741312D6771DE2A766A92FB5287639","2026-09-22 11:32:01"
"build\InferenceEngine.dir\Release\Deep2LivePath_MechEnd.obj","533","91A55722A3FF4C5CFBFE5A9F438B3E2B9B18C41DC6241164C6DC3EDFBFBE34F8","2026-09-22 11:32:01"
"build\InferenceEngine.dir\Release\Deep2LivePath_Pinball.obj","533","506E953E66FB956E5DB3302C570423DE2B42F2FBC8F79C4E2CC8C4AA9BD1D55D","2026-09-22 11:32:01"
"build\InferenceEngine.dir\Release\Deep2LivePath_Thermal.obj","533","763CACB6D8CFCC9F590F0C4D52BEAFF11E17AFD10D74D2FD4FFE0CBDBFD56895","2026-09-22 11:32:01"
"build\InferenceEngine.dir\Release\Deep2ModelRuntime.obj","529","5BDD2FA15344E4EE45F781266C891CB4BD1FC968F2AEC7E602D4CCBD7398E573","2026-09-22 11:32:01"
"build\InferenceEngine.dir\Release\Deep2MultiGpuLayerPlan.obj","988","691EC5610B08669B4A15CE71F95654BB98EA0EAECDB29BFA9B8ED8257509B3BE","2026-09-22 11:31:56"
"build\InferenceEngine.dir\Release\Deep2MultiGpu_CostCut.obj","533","54569FEA9B731A05D26C443BE231C66CDE53014F233A75E1918DF32787B366AB","2026-09-22 11:31:56"
"build\InferenceEngine.dir\Release\Deep2OuterCallEngine.obj","1086","D685842C6137AF9E2340B4556267005648BCCABB1695353AF1FD30B6DFFCBF66","2026-09-22 11:31:29"
"build\InferenceEngine.dir\Release\Deep2OuterEnv.obj","1047","CF0820D5BC7D0CD4E66583CAAF4EF8F96419593AE67E2EDB6EBA3DDE07ACC374","2026-09-22 11:31:28"
"build\InferenceEngine.dir\Release\Deep2OuterEvidence.obj","1072","44D5CDECDC3E4532C3A24A4FFE0BACE28981C20AF91265D86DAC970F8887C018","2026-09-22 11:31:29"
"build\InferenceEngine.dir\Release\Deep2OuterGGUF.obj","1052","490A3F01B663BB086C8930A714422D6816A4C0FF39B5AF403C4E1EF1D34FED12","2026-09-22 11:31:28"
"build\InferenceEngine.dir\Release\Deep2OuterHost.obj","1052","7C5139D5350F3586FA64CBA17205BC8F6A663A6AE552C4BE0C1F095A5899EB08","2026-09-22 11:31:29"
"build\InferenceEngine.dir\Release\Deep2OuterParse.obj","1057","6D7A855253295C19787E2BDE08B0E36DBC2F55AE71AD3B7A240448EFFE179AFB","2026-09-22 11:31:28"
"build\InferenceEngine.dir\Release\Deep2OuterParseIdx.obj","1072","011907C0038B073E36156AC97131A0CEBE71E8335C8259E19A0799451E5556DB","2026-09-22 11:31:28"
"build\InferenceEngine.dir\Release\Deep2OuterPath.obj","1052","0BC21A68A983923E7053860BDAE94F4BB345F22F7CF341891B4A28BDFEF90A9C","2026-09-22 11:31:28"
"build\InferenceEngine.dir\Release\Deep2OuterPrint.obj","1057","4E0725F89E665E4505E565D318D0D5F8ACC7F941A9D43FD9E37673DCD388D71F","2026-09-22 11:31:29"
"build\InferenceEngine.dir\Release\Deep2OuterPrintIO.obj","1067","D4082AD6A08655B3364C10136993A67BA58D12AF3F980B140ADB33CCA5B0FB1A","2026-09-22 11:31:29"
"build\InferenceEngine.dir\Release\Deep2OuterResolve.obj","1067","388AF480888C90397AE4FCB5F064284F4962DE3F0942D3C34FFA6D339C99B4D1","2026-09-22 11:31:29"
"build\InferenceEngine.dir\Release\Deep2OuterShardApply.obj","1086","9923D2B3ED5202D7368757E682CD9A6752335CA6A372F0E5871262DAF2B1792C","2026-09-22 11:31:29"
"build\InferenceEngine.dir\Release\Deep2OuterShardCheck.obj","1086","49B42C35D23755978863433A303CB8839CC20091E325DAEB25D13E255733F8B4","2026-09-22 11:31:29"
"build\InferenceEngine.dir\Release\Deep2OuterShardScan.obj","1077","1458C236657813944F7362D16D5CBAAB7BFAEEDEA170B4FE283D5A05CEBD63D0","2026-09-22 11:31:29"
"build\InferenceEngine.dir\Release\Deep2OuterStr.obj","1047","394454E2BEEA2DC38F996325C02902578650704232E2A47F430BFDAED977CDA0","2026-09-22 11:31:28"
"build\InferenceEngine.dir\Release\Deep2R1_Decode.obj","1052","3D75DACAD3ADF984822D8C2256176BA8DBCAACFCDE81FC921C6E8E67F152B4C9","2026-09-22 11:31:28"
"build\InferenceEngine.dir\Release\Deep2R1_GlobData.obj","1066","4D56135D4A1757B3FC9B111B498E9917AE223785DE41A47371C1363B29F1D6EE","2026-09-22 11:31:28"
"build\InferenceEngine.dir\Release\Deep2R1_IsArch.obj","1052","B0C9BA50D87E21E88112DF17B0B52F24701CE0ED185C09230C63D23D48B94885","2026-09-22 11:31:28"
"build\InferenceEngine.dir\Release\Deep2R1_LayerKind.obj","1067","3B3DBCE6DCAA727604F3C49226FCE6A76B966C03BE9E8FCC472F8AA5B6176863","2026-09-22 11:31:28"
"build\InferenceEngine.dir\Release\Deep2R1_MlaData.obj","1057","E543216B66F1105B6CF2A5F037F60967FA52C5DE1D7C587021B47BBDF418E1D9","2026-09-22 11:31:28"
"build\InferenceEngine.dir\Release\Deep2R1_MoeData.obj","1057","34134A8494324DE530FB06C6417ECDC18B69435459B4D51CDE63EC1A8DD9E08D","2026-09-22 11:31:28"
"build\InferenceEngine.dir\Release\Deep2R1_Scan.obj","1046","E4099E166624B4BA0DAA9DDC5DE8114BD5E9DA49CB63D9F7783934DC1386E566","2026-09-22 11:31:28"
"build\InferenceEngine.dir\Release\Deep2R1_SplitKVB.obj","1066","DFBD7F13FF3503BD79C051EBA2AC8FB4BF7C51AA0F459C491FCF92F24C0C5C5B","2026-09-22 11:31:28"
"build\InferenceEngine.dir\Release\Deep2R1_StrEq.obj","1047","4063F8E7753C9DC36A2089368753C3CB09B3DC7FC54BD1C077EA9C3AF262025D","2026-09-22 11:31:28"
"build\InferenceEngine.dir\Release\Deep2R1_Validate.obj","1066","C3AE51B4DB43184F4AD77EBD6E1268FBC7BD0A0069339E8348B84B07E9AE5EC7","2026-09-22 11:31:28"
"build\InferenceEngine.dir\Release\Deep2SovereignInferenceGateway.obj","541","5F1BB29D77A005267A520ED82CC3D55F6D62F116B10F37C251EAE5BA098B35B1","2026-09-22 11:32:02"
"build\InferenceEngine.dir\Release\Deep2ThreadAffinity.obj","1077","47BDA6357E999B08B852C315F05E0115D3D87E871EF6678C27EE1784C7238BC4","2026-09-22 11:31:28"
"build\InferenceEngine.dir\Release\DeepSeekMoELoader.obj","529","096C51387BEB452E52A863148B61457D30008FEA7A74A96145E7974125B0547D","2026-09-22 11:31:45"
"build\InferenceEngine.dir\Release\DeterministicReplayEngine.obj","537","5DE78A9F3BBAC617237B6D615EC8DFE8C8B26E4EC3381BE24721B2ACA71BD3F9","2026-09-22 11:32:01"
"build\InferenceEngine.dir\Release\Diagnostics.obj","525","57226BC262BD5DDD9ADE4EC457A958530503A6668EBC6E55FDD7DD4824214D76","2026-09-22 11:31:36"
"build\InferenceEngine.dir\Release\DiffEngine.obj","521","CDCC6387AF2D23202E38F9C813B66B2BF01FD87D8830D646348F2A9D775CDA21","2026-09-22 11:32:01"
"build\InferenceEngine.dir\Release\DirectFIM.obj","521","D1B58E36A5C68F000858F4E0F995085ACEB4C563EAF599793D014FF034C1E4ED","2026-09-22 11:32:01"
"build\InferenceEngine.dir\Release\DistributedKV.obj","525","3876924DC514DDC89650A4D3C3E38229B00489BF4045046AEBF0BFD1DFC27BF2","2026-09-22 11:32:02"
"build\InferenceEngine.dir\Release\DualGPUBackend.obj","525","C3BCFCA63C957FDE61967B6320AB19D46A27C493E41A418F52795E17E5ACB5D2","2026-09-22 11:32:01"
"build\InferenceEngine.dir\Release\DualGPUHook.obj","525","3387ED7A46DFE7E4DA2CF83F3564F37AFCC0AE8E219452136E10C7F60FF9CE88","2026-09-22 11:32:01"
"build\InferenceEngine.dir\Release\DualLaneChoreographer.obj","533","15BA0BCB51D12131657A5CDAFF857CEC98ABFF2E307415F6E5A5D1A5942D17E7","2026-09-22 11:31:56"
"build\InferenceEngine.dir\Release\DualStickEnvSnap.obj","529","D751FE3B88E7FAE00BEC86F9C73B06A1750F23AE4F160B6E01D61BF8F6239BA7","2026-09-22 11:32:00"
"build\InferenceEngine.dir\Release\DualStickStreamWindow.obj","533","A4E236A11DABBE33BA6DA31498302B25A2B6DC595CA3C184067CB5D9CE1C4134","2026-09-22 11:32:00"
"build\InferenceEngine.dir\Release\DualStickStreamWindow_Acquire.obj","541","97EFDA49E15742C697E3B4FB04C1D5C1D631CFFF55F477930E3164B19BCDAE35","2026-09-22 11:32:00"
"build\InferenceEngine.dir\Release\DualStickStreamWindow_Emit.obj","537","91F5DA60086DF8BE92CA3F646812695BEACAB8E3192D392506A1F1982404E3BC","2026-09-22 11:32:00"
"build\InferenceEngine.dir\Release\ElasticArchitectureDetector.obj","541","58E4736BA1CEB90B6C5D883F1EB6CDECE9C34BDAB2949E1F266D80A0D54334E2","2026-09-22 11:31:40"
"build\InferenceEngine.dir\Release\ElasticDecoder.obj","525","27A0745B8419727E69193A0E85B1CF5C5C6A9EE80AE8744FA6039113FB8A1094","2026-09-22 11:31:40"
"build\InferenceEngine.dir\Release\ElasticDynamicBudget.obj","533","0C672626D8B45727E0DD463C53E48A0840A929230B8B8C3ED086918DB8E4F526","2026-09-22 11:31:45"
"build\InferenceEngine.dir\Release\ElasticEngine.obj","525","B38C4041C0FCD14E8BD2C2ED558456E5AA969977A8308052EC8DFF721ED0088C","2026-09-22 11:31:40"
"build\InferenceEngine.dir\Release\ElasticGGUFIndex.obj","529","DC8509026A8CBF657955A753070F8E288CD3334E8BD656645D10D3F55054051F","2026-09-22 11:31:40"
"build\InferenceEngine.dir\Release\Engine.obj","517","472CEA831135DA0E1F368D1419A0B62D98C62FFD2308C3B0397012903437F337","2026-09-22 11:32:01"
"build\InferenceEngine.dir\Release\engine_registry.obj","219498","0391FF85D5A627DD1596A38395CACA3E951EE5ABF1B9CBBF11EBD109894C92AE","2026-09-22 11:31:36"
"build\InferenceEngine.dir\Release\Ensemble58Governor.obj","529","1A6A0DDC63A0962B6147EC83D80C6FE9E90D27B97B431EC453DBDA2D8EA9E988","2026-09-22 11:31:40"
"build\InferenceEngine.dir\Release\enterprise_licensev2_impl.obj","59499","BDA5C2353F38FD78F48D5807A6737C41B27BAA81237FB41CF91F43356AA206E9","2026-09-22 11:31:31"
"build\InferenceEngine.dir\Release\ErrorRecoveryManager.obj","533","0883D71053230581992AF73E711ECC42EA47C0D6DDE6B95186C1A2BC67202A5C","2026-09-22 11:31:36"
"build\InferenceEngine.dir\Release\ExchangeObjectLedger.obj","533","04C997A64926BC9B812023F523EA50E86A2F64E775944D6945283191331F68C4","2026-09-22 11:31:56"
"build\InferenceEngine.dir\Release\ExecPipeline.obj","525","C53DC965226A602BBD66C9C8F0F715A3F9586B0EA1611622E5FC1909C59D09C2","2026-09-22 11:32:02"
"build\InferenceEngine.dir\Release\ExecutionContract.obj","529","32F28DB62C98E3DE87CE0D84D033FA1BEC21996434D0D9B705F66A55957502DD","2026-09-22 11:32:02"
"build\InferenceEngine.dir\Release\ExecutionPolicy.obj","529","234FC7A8FBEF530F9ADB00893C555C5BC8BAA4AC6A04FDA9BCB4C2DD5E09CE87","2026-09-22 11:32:01"
"build\InferenceEngine.dir\Release\ExecutionPolicyApply.obj","533","77BDBB4DEA2EFAD45B7C0C65C28E80AD963141A47D5220501B8598D807C12C9E","2026-09-22 11:32:01"
"build\InferenceEngine.dir\Release\ExecutionPolicyStore.obj","533","FA40CD5468C0D28AAAE735ABDBD643F58D24B3FDCDB3681E6B0BE66B3755E5C7","2026-09-22 11:32:01"
"build\InferenceEngine.dir\Release\ExpertSharding.obj","525","93FB4340C009805EFCBC3A87FD5C333A0ECB8BC07C31C35EF755D6FC3C8D1869","2026-09-22 11:32:02"
"build\InferenceEngine.dir\Release\FabricTensorTable.obj","529","AAF0FDD1442A1898E69CA1FA2859A8F7FB24FA8EF5B7D810A8608960E54C0921","2026-09-22 11:32:01"
"build\InferenceEngine.dir\Release\feature_flags_runtime.obj","533","131AC06B5F4655FD3F8810DDB603FB6BD692F552619C32186B6522E0D93A9B96","2026-09-22 11:31:31"
"build\InferenceEngine.dir\Release\FIMPromptBuilder.obj","529","4107144E57CDFAF2489E27DEE1A48A8754BD0668800AB8354E1DB4572BB5B1EF","2026-09-22 11:32:01"
"build\InferenceEngine.dir\Release\FlashAttention_AVX512.obj","1087","1B943FFCA1ACA260E2E76BA200C7713C88ADA0F6F2D0A2842BA64CDCD20EBDC5","2026-09-22 11:31:28"
"build\InferenceEngine.dir\Release\FreeTokenMicroZone.obj","529","57EF64D7D4744C91E487E74DB2CCF324ADB07003B7E9ED762A6217333749AD68","2026-09-22 11:32:01"
"build\InferenceEngine.dir\Release\FreeTokenMicroZone_Query.obj","537","9CCF335F10ACEEBAF3687DA055D6A927E5285F76B1C6B21A2DD929F9BCAE9060","2026-09-22 11:32:01"
"build\InferenceEngine.dir\Release\FusedInferenceKernel.obj","533","F28428BF7BCAFC737A06F2950AE519A5A915D587EF4E968D867A4023E98D5633","2026-09-22 11:31:45"
"build\InferenceEngine.dir\Release\FusedLiveController.obj","533","B730601DF0715EBFDC9587D0C504A7C210D1D4F42CB856017F13CE3E376C4302","2026-09-22 11:32:01"
"build\InferenceEngine.dir\Release\FusedLiveController_Cheap.obj","537","4846442BC40CAD17BF929F581599FF8D149AD7EA06F416887C21C8AC131DD013","2026-09-22 11:32:01"
"build\InferenceEngine.dir\Release\FusedLiveController_Decide.obj","537","DFE106921349C90E13FB3DB3BE339119B686DB5D28CC16669B58DC21D54FB55D","2026-09-22 11:32:01"
"build\InferenceEngine.dir\Release\FusedLiveController_Emit.obj","537","3E97B4229B8932BDFEF96FA3BEA01EAC050AA5B6119FE6A34CDD4DE3BBCD97FE","2026-09-22 11:32:01"
"build\InferenceEngine.dir\Release\FusedLiveController_Law.obj","537","58BA3464EF99786EE84669F9FDD8411F36DFAF49D102967425BF8976DD9F5371","2026-09-22 11:32:01"
"build\InferenceEngine.dir\Release\FutureConsumer_Advance.obj","533","4D3722E5779F13C15361869D1178E909CC8B756455DBA009B67CDF5BDD1DD25D","2026-09-22 11:32:00"
"build\InferenceEngine.dir\Release\FutureConsumer_Chair.obj","533","85D3ED7ED82D4419A28E90F04B3FB0E0710AEF8068562F7EEE9D2C95A2E6506D","2026-09-22 11:32:00"
"build\InferenceEngine.dir\Release\FutureConsumer_Emit.obj","533","816DC30DC471AD91783364F665FB99AE659149AEFA0CC39091E9EC9E79A0B8FB","2026-09-22 11:32:00"
"build\InferenceEngine.dir\Release\FutureConsumer_EmitExec.obj","537","7D085F38A63B40DCB6F60D53C22E45D8A12193F392ABDB2E3B59ADA26AE4FD0D","2026-09-22 11:32:00"
"build\InferenceEngine.dir\Release\FutureConsumer_Notes.obj","533","DCB7D321D4A3C1083247487099B10437550FB6843A3FE04AD7A2E49ED9FB24B8","2026-09-22 11:32:00"
"build\InferenceEngine.dir\Release\FutureConsumer_Register.obj","537","A2F776AEC2EE5F7C6F05D7A99C13C48466766F347B7F16BBCAEA442562F4DEE9","2026-09-22 11:32:00"
"build\InferenceEngine.dir\Release\FutureConsumer_Space.obj","533","2A13028693BA3D5D067EBA36A6D73471C4C4D73808F8732C27A891A5D9AEB27C","2026-09-22 11:32:00"
"build\InferenceEngine.dir\Release\GenerationBouncer.obj","529","E1C25A8976659E170883E498F9707578E41147B2CA3E765037EF1F7051B4E781","2026-09-22 11:31:38"
"build\InferenceEngine.dir\Release\GGMLAgenticEngine.obj","529","C30F293DE5182AF3F96657943F07B63D796BAFA7D681430BAC066D27E194FDD9","2026-09-22 11:32:01"
"build\InferenceEngine.dir\Release\GgmlEngine.obj","521","772ED6F84F643175AFE26CB5F80B70FC2583C521BFB95EC6FE164ED77F408146","2026-09-22 11:32:01"
"build\InferenceEngine.dir\Release\GgufDynamicGeometry_arrays.obj","537","65CEBC06B94E4CDE83B26990ABF93B7B5E4ABCE872632973AA914F4594DA45B2","2026-09-22 11:31:44"
"build\InferenceEngine.dir\Release\GgufDynamicGeometry_finalize.obj","541","92B7EC1848C1ACBCE52AF8EC1C4E8A7E9089DFD0C4F4CD007DC9B12F3F01470F","2026-09-22 11:31:44"
"build\InferenceEngine.dir\Release\GgufDynamicGeometry_io.obj","533","940A620FE0DD9180CCFF7865EC42A2F3F9ECE1BD51B9EC7E013EA4C1E8A3AE93","2026-09-22 11:31:44"
"build\InferenceEngine.dir\Release\GgufDynamicGeometry_keys.obj","537","6D9F7660873D92EE6B23867119335A0789B5C5A927BC1942D134DC5F6AF7F26F","2026-09-22 11:31:44"
"build\InferenceEngine.dir\Release\GgufDynamicGeometry_resolve.obj","541","FFFC3A9897331EAC11FCD8A60B3059141D7D72A04A6A0F1818278C5CE1C37A08","2026-09-22 11:31:44"
"build\InferenceEngine.dir\Release\GGUFLoader.obj","521","A863E5AEF814B868D48B4B8CE022C92190F6165A915FFAEA3FE7A8BAC4781DE2","2026-09-22 11:32:01"
"build\InferenceEngine.dir\Release\gguf_core.obj","521","9AD01C0354982C2009FA1AC4C803A97E988970E1CD0140483675D0A5E42EDAC5","2026-09-22 11:31:37"
"build\InferenceEngine.dir\Release\gguf_loader.obj","525","33CB17D43CEE6F8BAFC2A5FD548C8510E4C3037E6B83D6AFADB39C3C5F074235","2026-09-22 11:42:36"
"build\InferenceEngine.dir\Release\gguf_swarm_plan_builder.obj","428725","4B0C07B88471128260AB2EBE386900EC37BD395CC34DC5E51CE3DD5EF69AADEC","2026-09-22 11:31:39"
"build\InferenceEngine.dir\Release\gguf_tensor_parallel_loader.obj","814354","E1CFB760BD973E1D2593EDA89D272131A910367E66CB5B308A0088C04BDB928A","2026-09-22 11:31:40"
"build\InferenceEngine.dir\Release\gguf_types.obj","521","99D5C97539071422E6B927AC806589D599E34B0C565DB73735890A103367EF3A","2026-09-22 11:32:01"
"build\InferenceEngine.dir\Release\gguf_vocab_resolver.obj","533","E3584692FE566E668BA769376EF4CE2368690B3F87023EDAF23BC007577D6215","2026-09-22 11:42:36"
"build\InferenceEngine.dir\Release\GhostCache.obj","521","2C310B63C7C9F77B03E9B26E56223CF8178873AD872F6A75641BE179C9A903FE","2026-09-22 11:31:43"
"build\InferenceEngine.dir\Release\GoalSystem.obj","521","C001080490DC7BDCF79EB313B9136E97E2ED4519A0FE749FF11982E0EAA56CE4","2026-09-22 11:32:01"
"build\InferenceEngine.dir\Release\GpuDecodeEfficiency.obj","620094","D552113810346A85D0621ECB3768FF31C8C38623F0D0FE0C8564ED75B93333A4","2026-09-22 11:31:56"
"build\InferenceEngine.dir\Release\GpuTransfer_Emit.obj","529","49428C07A16E197DA35A0C058C745BAA80AB180113B203896C0BB6FD6CBD90FC","2026-09-22 11:32:01"
"build\InferenceEngine.dir\Release\gzip_brutal_inflate.obj","533","ABA00A5FA2B3DF814F9296D0C3C57A8E80253031219241647EEDD6278B4395B5","2026-09-22 11:31:39"
"build\InferenceEngine.dir\Release\HardwareCapabilityProbe.obj","537","E7C80A5484A4009E3D2384448E6BB95CD247BD227CAA7C19CDA53D5FD4BE8D71","2026-09-22 11:31:40"
"build\InferenceEngine.dir\Release\HardwareGovernor.obj","529","F35AF44E775CB1F3600A6178E4CD5222878AC80C21A09CFD625DD1339710C631","2026-09-22 11:31:40"
"build\InferenceEngine.dir\Release\HealthReport.obj","525","32329E68EAE1637DE75D2CB10B2F95F6929E65344C1BC1EB457F93141D5D7381","2026-09-22 11:32:02"
"build\InferenceEngine.dir\Release\HostExchangeDiscover.obj","533","11337C792AEC1CB467EEF7102067E3B436B901DF42FFB6202636288D9B9A5041","2026-09-22 11:31:56"
"build\InferenceEngine.dir\Release\HostFutureConsumerPrefetch.obj","537","B484AB4877AD0855D7AB92A3A8F5DEE7CD6DA1D0712E7881AF36EB0854E7C468","2026-09-22 11:32:00"
"build\InferenceEngine.dir\Release\HostFutureConsumerPrefetch_KnO3.obj","545","B8F7CCF19228061AA7491BFAB412EE060B7B2E29262D11718FAB3891F1C34332","2026-09-22 11:32:00"
"build\InferenceEngine.dir\Release\HostFutureConsumerPrefetch_Move.obj","545","8F5D5DFDD9CD2F692E0B6DCEBEDA002623AABDAFBEE3BCF4672ACE9F23B26439","2026-09-22 11:32:00"
"build\InferenceEngine.dir\Release\HostFutureConsumerPrefetch_Nvme.obj","545","C0902AF7423BA0E1F43F0EF05241DC77092CE08734BFF84B0F77634249844AF5","2026-09-22 11:32:00"
"build\InferenceEngine.dir\Release\HostFutureConsumerPrefetch_Seal.obj","545","C0176AE115EB05BF7C3182D606B4D4A8F5EBBA509C9BBA358C19A6F5FDD60C42","2026-09-22 11:32:00"
"build\InferenceEngine.dir\Release\HostFutureConsumerPrefetch_Worker.obj","545","86521D2F233A65EACD1985F6706D4F7FFFEDF48662DDE2CF375F5866B6E8C78D","2026-09-22 11:32:00"
"build\InferenceEngine.dir\Release\HotPatcher.obj","521","F400249B55D491876601F9A1F893B8DEF9E3F7B84C29E3B9B39F77036A8E4EED","2026-09-22 11:32:01"
"build\InferenceEngine.dir\Release\HotPatcherSafety.obj","529","BE0B9E84CDF205865625C83781086996813071330AD9017E519BE906A448F1E5","2026-09-22 11:32:01"
"build\InferenceEngine.dir\Release\IDE_Lifecycle_Hook.obj","529","68CF99B8766D85635A63A6E8C3E5EFA69CA9278BD25B5C6215D632907AF65D2C","2026-09-22 11:32:02"
"build\InferenceEngine.dir\Release\ignite_800b.obj","1730","86400776FE6C1119110C061DEE073267B9E55B748DCBC3CA0282C6E70FA04480","2026-09-22 11:31:37"
"build\InferenceEngine.dir\Release\InferenceBackend.obj","18051","2021803AB401A49F7278CB2FAF73A538442535E31C89CF2A4004AD3F3C614440","2026-09-22 11:31:31"
"build\InferenceEngine.dir\Release\InferenceEngine.lib.recipe","403","DE751D34A732D320E552DCEEBE6DD99EC41B17B905FCAF03416A11AE648863A9","2026-09-22 11:45:31"
"build\InferenceEngine.dir\Release\InferenceProfiler.obj","529","DE4A5A51B5523E4C0AB43BA5137B93335BFDBE83F8DEA78D4E9462E35943FFA3","2026-09-22 11:31:37"
"build\InferenceEngine.dir\Release\InferenceSession.obj","529","4F824C4E7AF913260E07A8D702342D77A3CAD7CA55D4CC63B0438F70B1426BB6","2026-09-22 11:31:44"
"build\InferenceEngine.dir\Release\inference_core.obj","1052","2F7599F64AA0E0D7B1F7A95C81A2D938593F31FA7893D98108F2FC4BDF360293","2026-09-22 11:29:32"
"build\InferenceEngine.dir\Release\IntegrityChecker.obj","529","DCFAD462BF7BEF1B2D4BD00EA6FFA8353D6D5F1C362AE4FD2784B3C616BC4C97","2026-09-22 11:32:02"
"build\InferenceEngine.dir\Release\IOCPGGUFLoader.obj","525","49189A0A0EEC35A389CAEA1E14C6A671BABA9EDF3E70AB0F74709C08CD47D731","2026-09-22 11:32:01"
"build\InferenceEngine.dir\Release\IQQuantKernels.obj","525","2D7CC0A8C4C9419E6BE896EF9A9E3E52C285204E3F53313280AC397D6D2AB23E","2026-09-22 11:31:43"
"build\InferenceEngine.dir\Release\K2BraidExecutionPolicy.obj","533","7003FDF5322FF91D7700CDE43B561A1244B706CC900E45314A6DE94908B7A229","2026-09-22 11:31:45"
"build\InferenceEngine.dir\Release\K2GlobalTensorIndex.obj","533","7DDD54B336C1C275089F93C0685DDA3758FDA44DFCBFDB8312E4277238C6AC4D","2026-09-22 11:32:01"
"build\InferenceEngine.dir\Release\K2GpuStreamCopy.obj","529","63210E1AF27F086811FF3A77E60A5BAC6587ABFE3C59EA1CA62A4065FE2F4D12","2026-09-22 11:31:46"
"build\InferenceEngine.dir\Release\K2GpuStreamCopy_Overlap.obj","537","6F6847D74EA196C41CAAEB0E0999DC3DF23E50C1A0EC60CCF5A4E2F181563B9C","2026-09-22 11:31:46"
"build\InferenceEngine.dir\Release\K2LivePathTensorCache.obj","533","3D75ABFF106C3A2C3296BF69F45C07B1DF0B15695052BDF03C8350E5C5F08A72","2026-09-22 11:31:56"
"build\InferenceEngine.dir\Release\K2LivePathTensorCache_Emit.obj","537","9F61D71CD512A58FF662809D7A83DA5EEBA32C68FB02BBC33BFF0F01B8C89A03","2026-09-22 11:31:56"
"build\InferenceEngine.dir\Release\K2LivePathTensorCache_Prefetch.obj","541","658E383C404EBA6A909DD0F7E367C80F806DF34986EF6DD3674684B850EAFB78","2026-09-22 11:31:56"
"build\InferenceEngine.dir\Release\K2LivePolicy.obj","525","8A8688969B08EEC10065724352E1A7C1451863C23D823F745C8875CEFBB43BFE","2026-09-22 11:32:01"
"build\InferenceEngine.dir\Release\K2LivePolicy_Apply.obj","529","AACE5CEE6E45E63344531F0B188573A55E3C0DF32D217CEA3D5EAB2D46A05545","2026-09-22 11:32:01"
"build\InferenceEngine.dir\Release\K2LivePolicy_Hysteresis.obj","537","AF6CF349CE9F1D7D2A45A79E88D67957888875677A3C59E8D0874F75AFF8B0DD","2026-09-22 11:32:01"
"build\InferenceEngine.dir\Release\K2LogitsClimb.obj","525","DFF339431F3463A6C48EF00EE13F4C7BED92DE808CD1D8B5C5A1C111A22EE67D","2026-09-22 11:31:46"
"build\InferenceEngine.dir\Release\K2LogitsLineage.obj","529","5B1B945106F19762FCB653E38E45285CCE171B84951F7F228E92D70648CB6153","2026-09-22 11:31:46"
"build\InferenceEngine.dir\Release\K2LogitsSplit.obj","525","E7644BD84A4467083387DD8FA0C1D6DE444219C1FD469AE2893EA4B791562F20","2026-09-22 11:31:46"
"build\InferenceEngine.dir\Release\K2MLAAttention.obj","525","49FDB6BA23862E28C971CC60C693D51FEF4B57DB736172255612C915DB4C2203","2026-09-22 11:31:46"
"build\InferenceEngine.dir\Release\K2MLAWeights.obj","525","A3C3D2B6D58EE77467C00AFB8A56DC632BE0A2173F1C8F5029403145C7ABDB73","2026-09-22 11:31:46"
"build\InferenceEngine.dir\Release\K2MLA_FusedQ4KT.obj","529","52CFF35CDB2D711E658B2547816B6977033BD53D5E7EEB5873DCFF562C2FB30D","2026-09-22 11:31:45"
"build\InferenceEngine.dir\Release\K2MLA_GpuGemv.obj","525","FE989377655D21A4EFE60135050359D0966080A3CDEA31A4BFB67D57D519ED3A","2026-09-22 11:31:45"
"build\InferenceEngine.dir\Release\K2MLA_KvExpand_Fused.obj","533","236188C24F9EE1154AC52447C37A14F7B202D66E6460632EE35756593699436A","2026-09-22 11:31:46"
"build\InferenceEngine.dir\Release\K2MLA_PathB.obj","525","DAC56DB0DCAD0DF12B6D58D3C2A2F5C404AD565040B25E284CF1849FF43A96FD","2026-09-22 11:31:45"
"build\InferenceEngine.dir\Release\K2MLA_PathB_Attn.obj","529","2B1F225AEB6339C15C775BE5BF0DDC8AF384387C51091A2776E0D7AB2F247A20","2026-09-22 11:31:56"
"build\InferenceEngine.dir\Release\K2MLA_QaCritical.obj","529","1020A5A0194588DAC875E62A232D20943EC07345AB4B6AD93121A449ADB15A5A","2026-09-22 11:31:56"
"build\InferenceEngine.dir\Release\K2MLA_QPathDevice.obj","529","5E66328FB5DD0FE3C497C38A50401477BC7D70C6E7DD120C004FF9B43752A43C","2026-09-22 11:31:45"
"build\InferenceEngine.dir\Release\K2MLA_QPathDevice_Emit.obj","533","809454863E2010350C3EC11A1254951C49D44186082D7309EC54BE7284298F8F","2026-09-22 11:31:45"
"build\InferenceEngine.dir\Release\K2MoEWeights.obj","525","26729BC74BB5679B8C48D4531DD90BDEC8C27BFBB3795C25683DE2226E5A1844","2026-09-22 11:32:01"
"build\InferenceEngine.dir\Release\K2NativeStreamGate.obj","529","8403940F5403DCD98AD6D06EDD3D2FAA4B00ED3B228D85E19B1EECFBF9C30311","2026-09-22 11:31:46"
"build\InferenceEngine.dir\Release\K2QbHostShrinkD2h.obj","529","346AD8A6D14F62D14ABC54E6955C65DCA7A5A91AE71936B5955DF182F904E4D7","2026-09-22 11:31:56"
"build\InferenceEngine.dir\Release\K2ShardIo.obj","521","74B21C165D217140DB67BFC69FA3C19817A36BDFCED9480BA0FBC4B8AFB3ED4D","2026-09-22 11:31:56"
"build\InferenceEngine.dir\Release\K2TimeLimitedServing.obj","533","7C27F79C3781323954818ADA8EC0FD857B3D8E695B032D9381E26F4A77395207","2026-09-22 11:31:40"
"build\InferenceEngine.dir\Release\K2TokenEmbedding.obj","529","99BC66149ED10F65ECDCB7032A8C2105873D0DA58DCFF45A200EAC5B1683B414","2026-09-22 11:31:46"
"build\InferenceEngine.dir\Release\K2WeightResolve.obj","529","661518169213A90C4FC6BF7C0725B188CC067F51E155039400C253D912F85B83","2026-09-22 11:31:56"
"build\InferenceEngine.dir\Release\k3c_token.obj","521","8A4EACA128BDE33BBC80F05C326868624F1E941E9D77DA848CB82ADFD2610E50","2026-09-22 11:32:01"
"build\InferenceEngine.dir\Release\KimiK2Config.obj","525","676B5330B0E1D0284178FF86BC1B7DB1F78BD38D0FFC4C1E6FC87B6129506DB4","2026-09-22 11:31:46"
"build\InferenceEngine.dir\Release\KnowledgeGraph.obj","525","686145187B71872897DC27FEFEAFCD2245D7428D1CBF58859CBFCE0B207AC7D8","2026-09-22 11:32:01"
"build\InferenceEngine.dir\Release\KN_O3KKEN.obj","1051","B431442D1FCDF19ED81C128B962D95F3B617A3AB98DDE7BF1D00B798273F13C5","2026-09-22 11:29:32"
"build\InferenceEngine.dir\Release\KVCache.obj","521","C4B55F751925FE10DE105126C78E764929F2E28B36818394637BD5BCFEE3EDC8","2026-09-22 11:31:43"
"build\InferenceEngine.dir\Release\layer_offload_manager.obj","984753","68CB505F17399DA5416AF4586D7EE0EB2E2B945000BFFE1CA41D10A48F68AB1A","2026-09-22 11:31:37"
"build\InferenceEngine.dir\Release\license_anti_tampering.obj","24128","27B81BAD915F0098EE79BF464A2FBCBAF8AB9D3957E81DC616B90DE95BB9B720","2026-09-22 11:31:31"
"build\InferenceEngine.dir\Release\license_enforcement.obj","533","A0BA3DD28577CCF3EAA454058A4DD0F28BE1214A9B8564EBB8620FDEAC3B371B","2026-09-22 11:31:31"
"build\InferenceEngine.dir\Release\license_validator_manifest.obj","537","8FADA6B8522F4421005513325ACFBF5546F2042317087C9F51C3BD994A5BFBD1","2026-09-22 11:31:31"
"build\InferenceEngine.dir\Release\link_stubs.obj","976","54744E5A0CA955DE49212E88683C847BDF9A56B7E59DCAB6E36D9355DF15D846","2026-09-22 11:31:38"
"build\InferenceEngine.dir\Release\LivePathEffect.obj","525","1051A4A324E83FE4A1B883E7BD4AEBB933D21DA2D09D1FB6DE4683722DB7CFD0","2026-09-22 11:32:01"
"build\InferenceEngine.dir\Release\LivePath_FusedTick.obj","529","CC02E2FBF56D0785FBB078203A66ADBBC6DD17821621D83365395944FE86D635","2026-09-22 11:32:01"
"build\InferenceEngine.dir\Release\Logger.obj","517","0AF487496D8428138FA857DC203A6C293B24B5607E9BC9BB47A6D3F61CC11916","2026-09-22 11:42:36"
"build\InferenceEngine.dir\Release\MARSController.obj","525","CC4C5A869F336A7C476BBD079C3BBB70352D4C3487A26729334E3BFA810A7741","2026-09-22 11:32:01"
"build\InferenceEngine.dir\Release\MedusaDecoder.obj","525","919E830F2128478354E5D456B95400EA0DF9FD70340D8792DC18BE8895BCF2F8","2026-09-22 11:31:46"
"build\InferenceEngine.dir\Release\MemoryPressureGuard.obj","533","D8DDBC59F8597E91585E40F884B8E9658138E8EA591535ED0A4D93257B2E0516","2026-09-22 11:31:36"
"build\InferenceEngine.dir\Release\memory_core.obj","525","40358DB5EF97A9FDBD9A1823905DDB5B4107A2D0FC9D42943B9FB77407394607","2026-09-22 11:31:31"
"build\InferenceEngine.dir\Release\memory_stubs.obj","3885","9E087B54646BE591FD0CD98171B16317A3238B1EDE6ED8525EA1A3AA98604720","2026-09-22 11:38:46"
"build\InferenceEngine.dir\Release\MlaCertAuthority.obj","529","1E39D0FF2135D074F4B41C8CB5CF4B8485B4FC8C15B97F565988C915AE2AA28E","2026-09-22 11:31:46"
"build\InferenceEngine.dir\Release\MlaCertProbe.obj","525","C4157DFB977CA4C3E2E856CDD79A2BF52903D2F80B278E4EB91D7475D3A9E3D3","2026-09-22 11:31:43"
"build\InferenceEngine.dir\Release\ModelLoader.obj","525","D73DAFB572933ED43F186C445D049B643C2E16E889753B82AE58173E4B8324D3","2026-09-22 11:31:45"
"build\InferenceEngine.dir\Release\ModelRegistry.obj","525","4C0085C5A41DDF3FA4689BA44BC984DD168EBE31F39E11A8DFFAD59E6A28463F","2026-09-22 11:31:45"
"build\InferenceEngine.dir\Release\MoEArchitectureParser.obj","533","B0FB9362FAF338FD37FFF8789B689357A61A914059F03B94E748EA3D55C4EF7B","2026-09-22 11:31:45"
"build\InferenceEngine.dir\Release\MoEEliminate.obj","525","7A0B5AF195B6434C3B87634C1FA195245D3E2575642BDC59222379C7B121878B","2026-09-22 11:31:43"
"build\InferenceEngine.dir\Release\MoERouter.obj","521","2FFBDD4801089D59547C33D83767E29343D8852E0A26E3C86E9AB7BF1109166F","2026-09-22 11:31:43"
"build\InferenceEngine.dir\Release\MoEWeightProxy.obj","525","66D001C2A17C3AA1EEC2ADE1BE13B0B2237419D386BD190E9AF09CE3D5D506A6","2026-09-22 11:31:43"
"build\InferenceEngine.dir\Release\MoEWeightsLoader.obj","529","D32FE3F54D1A9441C5EBA1FF493F4DE9250626AC9A6727F7B691D05FAAEBBB01","2026-09-22 11:31:45"
"build\InferenceEngine.dir\Release\NativeInferenceClient.obj","533","AE567934690D16D54D493E0853B2FF5BF901B5F3D984FBB7AF69703B55B30FDF","2026-09-22 11:32:02"
"build\InferenceEngine.dir\Release\NegativeSpaceProfiler.obj","533","EC104E47012EFA81A5D847D5A3DEBF3CECB61B89FDD7B29BACDB81ED06678FF9","2026-09-22 11:42:36"
"build\InferenceEngine.dir\Release\NUFusedPacker.obj","525","FB2B53844806699D3FCFFD97820EE474BAB6C009DB60935A61B36005377DCBCE","2026-09-22 11:31:45"
"build\InferenceEngine.dir\Release\NUGemv.obj","517","95211B981DD49A8DB8CE9BEF21963067135495240A61ED3E59CDAEE02FFD641F","2026-09-22 11:31:45"
"build\InferenceEngine.dir\Release\NULiveConsumer.obj","525","7AB4F3D2E13F5C22DCB6F9786074FDE36B5C1DA2C0E1B88401DFBF8F645BB1D7","2026-09-22 11:31:45"
"build\InferenceEngine.dir\Release\NVMeStream.obj","521","F6E8D02BFAE277C6E6B848A02AB54B38A611459535743E0EB3F7CEE4BEE7C7DE","2026-09-22 11:31:45"
"build\InferenceEngine.dir\Release\ollama_blob_parser.obj","529","72CA63794F18CA8969D4B467D5F2C7AB1CABE865BBF32EF9448752E7513E4536","2026-09-22 11:31:31"
"build\InferenceEngine.dir\Release\OrchestratorBridge.obj","529","0BE51A8794E72E4F522C17B992225E45FB2A9168EE475724336A07811B3DD102","2026-09-22 11:32:01"
"build\InferenceEngine.dir\Release\OutOfCoreRuntime.obj","529","A1C7DAC607B7A3BC9343DC20998D5E769A9E38B590D5A42479F35EC03E1240E2","2026-09-22 11:32:01"
"build\InferenceEngine.dir\Release\PatchCache.obj","521","8244DD8AA84B18F9F462EEB2577B1AFAF10E849A98771853BEA5F8AF15071B6B","2026-09-22 11:32:01"
"build\InferenceEngine.dir\Release\PerformanceMonitor.obj","529","A0EDEA344BB7819DEB60F84A225FB54F0B542C03BE0D481D07AB18E7EE7945EA","2026-09-22 11:31:36"
"build\InferenceEngine.dir\Release\Phase3_Agent_Kernel_Bridge.obj","537","F1CA63DC6FE6DCE775E5C1487B2950C11DE74410223DB814C890ED3EF6CCDF2B","2026-09-22 11:32:02"
"build\InferenceEngine.dir\Release\PlacementPlan.obj","525","091A25F6B4761CCEBB067A63FFC0755C2EEC8CBEF43ED709DE4FFB8FBFB6F11B","2026-09-22 11:32:01"
"build\InferenceEngine.dir\Release\PlacementPolicy.obj","529","6698A21B4E3D4A155CA17DDD0318748FEEEB9C81FC6C9CB4D58B2E3EF83E27D6","2026-09-22 11:31:38"
"build\InferenceEngine.dir\Release\PlasmaGovernor.obj","525","FF2D36EFA3DF8D238FA65371378DBEA6581DA5816C5B68F3ED2CD8CDDD7A50EB","2026-09-22 11:32:01"
"build\InferenceEngine.dir\Release\polymorphic_loader.obj","529","A905F7E82F17F9C4F6216D95E91D79380A41280B13376273CCE7B04FF0F02AF2","2026-09-22 11:31:31"
"build\InferenceEngine.dir\Release\PredictiveMemoryManager.obj","537","D976016052435D5BB9A94B3697CCB338D9B30A2BBF587503446D09D1D6CF493B","2026-09-22 11:45:31"
"build\InferenceEngine.dir\Release\PressedStateEngine.obj","529","DAF5C7D84D1674FB64A9790157599E70F4B05F5FF2568417664BFA41801B32AA","2026-09-22 11:31:40"
"build\InferenceEngine.dir\Release\ProductionProfiler.obj","529","7DE31BF920649304ECBE408BC64C46780DCE787E4F3690DCA843B8D96DD623FB","2026-09-22 11:32:01"
"build\InferenceEngine.dir\Release\Profiler.obj","521","550E79E6E6C5C122BCB850AB00FE329FC157110C2EFB4707CF71EA3D271D1DDD","2026-09-22 11:32:02"
"build\InferenceEngine.dir\Release\pyre_compute.obj","525","5609FD7B1FCF9907EDA016252C7B09AA4C9E77BEE956D2D81B5563413C918A25","2026-09-22 11:31:37"
"build\InferenceEngine.dir\Release\QbHostReadbackWindow.obj","533","3133E50998262D9D97615E529E5C0F20F6B8E46D36B23A9C3C17E148CAB11C27","2026-09-22 11:31:56"
"build\InferenceEngine.dir\Release\QuantKB.obj","1021","2EA87A70AF16916558E9FC5D841C7C1B5172BE580266B3027448EAEC893226F0","2026-09-22 11:31:28"
"build\InferenceEngine.dir\Release\QuantKernelMASM.obj","529","BD84C1C09193C12244E0A465734B7D68DABED36C279962738A27618FAAF6997D","2026-09-22 11:31:43"
"build\InferenceEngine.dir\Release\QuantKernelRegistry.obj","753738","4DE8E4DB83D062E7F98C97C469178677DDF115125E8B1C9D607D63D4BF9DED4B","2026-09-22 11:31:44"
"build\InferenceEngine.dir\Release\quant_avx2.obj","1032","8514E79B1B85B322AFC25DF817D4D8E1A10B457672F9341AF5FD1FAFE38FF08A","2026-09-22 11:31:27"
"build\InferenceEngine.dir\Release\r25_productopen_masm.obj","1102","0324696D43A40068EE5AB79F44A1E3442E2D40FEA1183E692D297A0B80EBB3D1","2026-09-22 11:29:32"
"build\InferenceEngine.dir\Release\RawrRuntime.obj","525","F5E9B04F6CF27D2B3680340651D09A55373C65AEF6D63BB61CCD0C6EC3E13417","2026-09-22 11:31:40"
"build\InferenceEngine.dir\Release\RawrXDInferenceAdapter.obj","533","4F38C069BF6D0406A6ACE89C8F42B6B0D015DD710B0937366AAAB3A524485967","2026-09-22 11:31:46"
"build\InferenceEngine.dir\Release\RawrXD_AgentHost.obj","529","EC7D66238BB7D6DAD8E1302C3F624B67782384F126F76B4FC4220B47DD749B04","2026-09-22 11:32:01"
"build\InferenceEngine.dir\Release\RawrXD_AgentLoop.obj","529","9E1DD2060B9D824B5032E1E5226E85CA30E862D77D2D16E6FDC94C810181FB6D","2026-09-22 11:32:01"
"build\InferenceEngine.dir\Release\rawrxd_inference.obj","529","C41B400597D7F788A22A451FFAA12301DC914D69AAA9852704260FBADF168873","2026-09-22 11:31:31"
"build\InferenceEngine.dir\Release\RawrXD_K2_RealAttention_x64.obj","1153","0223A3F2E7A61ABE4363E41833326F0776E54E9194686DEE5DF877A6CB381D87","2026-09-22 11:29:32"
"build\InferenceEngine.dir\Release\RawrXD_KQuant_Dequant.obj","1087","586834289063AE23575A3E41773D1D70FABB89BF8A66230B8BC474D788AB69DB","2026-09-22 11:31:27"
"build\InferenceEngine.dir\Release\RawrXD_KQuant_Kernel.obj","1086","F9482E3DA80B0D790C3D8CAEE48881EDA2942219D44232F7369750D02E0A7BD3","2026-09-22 11:31:27"
"build\InferenceEngine.dir\Release\rawrxd_math_masm.obj","1066","23FCF651B4783E5054A05716CF7B2B43FCB9C7DADC98CDCC9DD53DAA3DE07F0B","2026-09-22 11:31:28"
"build\InferenceEngine.dir\Release\rawrxd_model_loader.obj","32152","74FA379E0CAD1628BDBF53CB93EDA75B74C76F01B413910CA75F262BFEC6EEF5","2026-09-22 11:31:31"
"build\InferenceEngine.dir\Release\RawrXD_RewardModel.obj","529","E0DB0E9E7C9D1B721ECB7FECCF744C42F8267DD8FE364B100D979D896220DA15","2026-09-22 11:32:01"
"build\InferenceEngine.dir\Release\rawrxd_sampler.obj","525","60027FAE9449F6798FFCE408C4A35FF3686CDAB9A46BF1964F1FBB9CB79BE29E","2026-09-22 11:42:36"
"build\InferenceEngine.dir\Release\RawrXD_SovereignStatusPanel.obj","541","5C7FC87AEF755979A51512A040D0AAD2FCE7F5BB03BC95348B1C05EC3A0AD3C7","2026-09-22 11:32:02"
"build\InferenceEngine.dir\Release\RawrXD_SymbolHealer.obj","533","21CC0CA4650441ADCFC9138D73BFF107BBABFF0452486D4F9205B12C8E774022","2026-09-22 11:32:01"
"build\InferenceEngine.dir\Release\RawrXD_Telemetry_Kernel.obj","1097","D2CEEEA944D9EC05E7FBC5AA65B38BACD9B3F9BA0D46CA2DF42B36B1E3F22B91","2026-09-22 11:31:28"
"build\InferenceEngine.dir\Release\rawrxd_tokenizer.obj","529","1F3A4427997421E83F6772EB285C1677F08385FA36F7474CC1A4B91FC183D31E","2026-09-22 11:42:36"
"build\InferenceEngine.dir\Release\RawrXD_ToolRegistry.obj","533","0E7C257EE20779615BD0710663D8B28F25316F1AC986D8DF17067B4C869DED7A","2026-09-22 11:32:01"
"build\InferenceEngine.dir\Release\rawrxd_transformer.obj","529","7F460C282364AE8DEB984C421C6241A686066086792FC34034FC4125EE7F0A89","2026-09-22 11:42:36"
"build\InferenceEngine.dir\Release\rawrxd_transformer_forwardbatch.obj","545","C11E0117510A7DED8B6DD412BF30994E59E2A3B4C5B0616512624E5BEAE0452E","2026-09-22 11:42:36"
"build\InferenceEngine.dir\Release\rawrxd_transformer_masm_fixed.obj","1131","F0E14EC2FA5EFD96C843EC90D8848052039350ADACDC858757C78CBBEC1618E6","2026-09-22 11:31:28"
"build\InferenceEngine.dir\Release\rawr_cpu_features.obj","1067","C89E8B1B65A5F8D15E743621D7EEA9E139A26CF1FB8E5517EF4522A525EE5DB0","2026-09-22 11:29:32"
"build\InferenceEngine.dir\Release\rawr_engine.obj","525","1A6709A130D13C2ADCC2FAAB2EFC7AB0DDF995B611DD41A961111A471202318B","2026-09-22 11:31:37"
"build\InferenceEngine.dir\Release\rawr_globals.obj","1046","001E7CA6F9FBF0B4F6CA72B2B907AC582E857102AB44495D6A37BCEF06C8B730","2026-09-22 11:29:32"
"build\InferenceEngine.dir\Release\rawr_transport_strict.obj","533","8D0D1517A4538F459CC2CDACA11D0B9B543F02F844F6C5A37059AC0BF89B4F3E","2026-09-22 11:32:02"
"build\InferenceEngine.dir\Release\RepositoryIndexer.obj","529","3BB082A3D1744B2EC72CA758B1B6A49ECE391C130E6BB9B083C940ABBAF9CED8","2026-09-22 11:32:02"
"build\InferenceEngine.dir\Release\ResidencyManager.obj","529","594C08518536270A1A06CC1DDAB13515C3BA65D2075294E5D2E9341B91AE496D","2026-09-22 11:32:01"
"build\InferenceEngine.dir\Release\ResidencyTracker.obj","529","4CA899A4882B0E3F8878157569C0F1C4F6AF9646664668D857A47BD51C3CFC7D","2026-09-22 11:45:31"
"build\InferenceEngine.dir\Release\ReverseEngine.obj","525","8325FAF92508444EBFD4F1B028FBC4E9FE006073749C34017189EB233E669C25","2026-09-22 11:32:01"
"build\InferenceEngine.dir\Release\ReverseHotpatchEngine.obj","533","E8564EE911559EADCB50E84621ACCDD8F6F5DDBC49261F5F4EFA24F21A63D4E3","2026-09-22 11:32:01"
"build\InferenceEngine.dir\Release\ReverseIntegration.obj","529","A3777694DC42F6A7181535404927952E672D4F97C22C97AD0EF8C85E0EE2FEB4","2026-09-22 11:32:01"
"build\InferenceEngine.dir\Release\ReverseModelLoader.obj","529","C4207C2C5161DFB6AB244DDC177CB03FED4E53F122A09D3C8410B007E37A1573","2026-09-22 11:32:01"
"build\InferenceEngine.dir\Release\ReverseTensorRecovery.obj","533","99F6B510D77ABC3268EBD22D90D1B7E33CE3113E10143B44A6F30AE5C02CD4F8","2026-09-22 11:32:01"
"build\InferenceEngine.dir\Release\RKCCodeWorld.obj","525","7BF4F81772F8E2F4F9C753BFE74A517A8CADD09DBF3DC7DC48AB6EF44D7400E7","2026-09-22 11:32:01"
"build\InferenceEngine.dir\Release\RKCCompiler.obj","525","88FCE9821F187FAB5C8A174CD3E5F918C2F554A35788235C4234A1450B6A1328","2026-09-22 11:32:01"
"build\InferenceEngine.dir\Release\RKCDeep2Authority.obj","529","6F67DC7CDBE5A783293116DEE51D79F8FB39A68941B2739E3142857BF2C7F540","2026-09-22 11:32:01"
"build\InferenceEngine.dir\Release\RKCEmit.obj","521","A3B47F484AD33322B8A0B712C2285713CD3D8A62C05A4E9EF17E2833FC393212","2026-09-22 11:32:01"
"build\InferenceEngine.dir\Release\RKCGapEngine.obj","525","9937546AC38DB0280791000ABB6E20B7D3532620C90DB316276D68DB8DA7416A","2026-09-22 11:32:01"
"build\InferenceEngine.dir\Release\RKCMinimalSource.obj","529","2E1A1EE5F01F8B968E0C919264A0C66E20CAE95D7C18056261E6A11010A8F9F7","2026-09-22 11:32:01"
"build\InferenceEngine.dir\Release\RKCModelInventory.obj","529","768ABBAF0E772583E433D6DE21B1C7C7548DA5B75FB619F4A4EFF1F5E52903D0","2026-09-22 11:32:01"
"build\InferenceEngine.dir\Release\RKCNegativeKnowledge.obj","533","075A7273B0A7D372060D151A543F2C4253BC89988840475015C2AE6DB23A3206","2026-09-22 11:32:01"
"build\InferenceEngine.dir\Release\RKCProductContext.obj","529","4248C78B60456A341A95AEC39C83FC8FE5E5A5A0BDC5EE0DC447D5B69D9448D6","2026-09-22 11:32:01"
"build\InferenceEngine.dir\Release\RKCRecipes.obj","521","E776C63926B57B5B02C2C7EB83D2C60C4DDBE970C014E9BAC76F76F6A82F5B72","2026-09-22 11:32:01"
"build\InferenceEngine.dir\Release\RKCSession.obj","521","D2F514E3CF19667354D8A60EDD7C36188D25BC7752C611CB51FA06A6B1228FDA","2026-09-22 11:32:01"
"build\InferenceEngine.dir\Release\RKCValidator.obj","525","DE3186CFCA4B62DB22D617F7C016881A3A1A13824BCF815C41927B85EC549553","2026-09-22 11:32:01"
"build\InferenceEngine.dir\Release\RKCWorld.obj","521","850FD1E56AEAB5D0140201C83BAD9E288DB11DF228573D6A12095E54E89C8ED4","2026-09-22 11:32:01"
"build\InferenceEngine.dir\Release\RKC_C_ABI.obj","521","EA62E67A6CCA7C08D3467DA969C1B4E7BE5935F563F9D2ED2D2DD920DA54E0BE","2026-09-22 11:32:01"
"build\InferenceEngine.dir\Release\RobustOllamaParser.obj","529","3D51833A831DE8B85220246DEA2517DE64B512D7AB7545FE02795CCEEB54561A","2026-09-22 11:32:02"
"build\InferenceEngine.dir\Release\RouterPredictiveMemoryBridge.obj","541","5E29D31399E3DC82CB61242A53AD4047C80655EE4E2E35F16FDCA8871CC3D52B","2026-09-22 11:31:38"
"build\InferenceEngine.dir\Release\RouterPrefetchTelemetry.obj","537","20CF50DFC26DD068B5F8BF9CBE8B0D7C84B850B8EC8C3242AEF92E1D766D3B9C","2026-09-22 11:32:01"
"build\InferenceEngine.dir\Release\RuntimeEvidence512_Collect.obj","1112","42005D7A1AD5FC8E5B4DA0E1F9A1836DA7349DF70D927A3140A48145CC147B23","2026-09-22 11:31:29"
"build\InferenceEngine.dir\Release\RuntimeEvidence512_Core.obj","1097","01EB90D87219C1E3D91E0A84A94E1FCDD08D0F9E62E3E58DC1565A689DEEC09C","2026-09-22 11:31:29"
"build\InferenceEngine.dir\Release\RuntimeEvidence512_Emit.obj","1097","130ADD91B663E775B12E04CA21CABF9206EF500842BDB246D2F2699138A55F42","2026-09-22 11:31:29"
"build\InferenceEngine.dir\Release\RuntimeEvidence512_IDECollect.obj","1127","115A62A10C152F4412F356F191F1F198F51D973490C0C559C73BC692353ADE7B","2026-09-22 11:31:29"
"build\InferenceEngine.dir\Release\RuntimeEvidence512_IDEEmit.obj","1112","5E4A8876396D69F117AB3453100036C73F54D41C8DA5E43FF00F8E6EBE7EC160","2026-09-22 11:31:29"
"build\InferenceEngine.dir\Release\RuntimePlanner.obj","525","EF43AB14B01FDBE208669AF4BA9C9DB94DBD427AE3479073B5C92E2CF6438F31","2026-09-22 11:31:45"
"build\InferenceEngine.dir\Release\sampler.obj","521","4F269FE1BBD8A133A73A11854BD7D438EC803250934F07F6352AAB88920B88EA","2026-09-22 11:31:37"
"build\InferenceEngine.dir\Release\SelfImprovement.obj","529","1EAAEE6B7955E59BE6F99C64BD48BD0FBBA4E05557355C8B36FF51309D342449","2026-09-22 11:32:02"
"build\InferenceEngine.dir\Release\ShardRouterIntegration.obj","533","D906E3623621862FB738EA8B813BDF33F6D6BCE72BFC3B499D3D23297498CC38","2026-09-22 11:32:01"
"build\InferenceEngine.dir\Release\slash_command_parser.obj","533","217C7C443B25FC9E1F5548A5D9A318C0461C7B9A94CC666F414FD851A65069F3","2026-09-22 11:32:02"
"build\InferenceEngine.dir\Release\SlidingWindowEngine.obj","533","4CB7F163BBAB1FEB25F113E3FCF20375A828947565BC7E9504094830790E128B","2026-09-22 11:31:45"
"build\InferenceEngine.dir\Release\SovereignAssembler.obj","529","3B3041753225396EE4E2F1FF9664BE5ECF7C2F25621F8B7C99A63EBB272F3452","2026-09-22 11:32:02"
"build\InferenceEngine.dir\Release\SovereignAssembler_HotPatch.obj","541","68410EB02BBD1B05351609C538D6DCFFB34284E05003E9F13D2A59A2577C3F69","2026-09-22 11:32:02"
"build\InferenceEngine.dir\Release\SovereignCheckpoint.obj","533","A940E7F1659644F8CCFC12CE7CDBC7E50A3FAB026ACF9BD2BA8B90A293BE595B","2026-09-22 11:32:02"
"build\InferenceEngine.dir\Release\SovereignCoreWrapper.obj","533","46C55E540ADA216D49E435976CDE3A01AC45232D02A230F35361CC5B39F7C732","2026-09-22 11:32:02"
"build\InferenceEngine.dir\Release\SovereignDenseEngine.obj","533","ADD70B608E7F2378638597E176F86797BDABFAAE306570EB156158F1F4F94858","2026-09-22 11:32:02"
"build\InferenceEngine.dir\Release\SovereignEventBus.obj","529","27256BA64A30AC774F4C78BBF6FCE39E40C3A3C769F3D94E53C5013194810675","2026-09-22 11:32:02"
"build\InferenceEngine.dir\Release\SovereignOutOfCoreRuntime.obj","537","64153452066406A1BB7AA62967D2487499E7772D8FF80C1AB56A4CFCF1B9F6D7","2026-09-22 11:32:01"
"build\InferenceEngine.dir\Release\SovereignRuntime.obj","529","46F0409B6AA1A2F1ABCF5BCC1C34665E30E67A061CB39E0F450ABB77416CFF36","2026-09-22 11:32:02"
"build\InferenceEngine.dir\Release\SovereignStandaloneClient.obj","537","97218F72DDF024E9B3619C4189F553965386D6040036590A6789FBE4308220BB","2026-09-22 11:32:02"
"build\InferenceEngine.dir\Release\SovereignVCS.obj","525","544F052E1D37D18C885C35D40AAB855C8FED3968804F033C60A525C037AB5445","2026-09-22 11:32:02"
"build\InferenceEngine.dir\Release\SovereignWatchdog.obj","529","5E37C44429274F53786B33D93002445A244FC12F998F75917D0186646A8F978E","2026-09-22 11:32:02"
"build\InferenceEngine.dir\Release\sovereign_deep2_kernels.obj","1101","C5ED868E01921EAD338A54C6B223880B41A4CC43BC13E255FC18BDE29D784E42","2026-09-22 11:29:32"
"build\InferenceEngine.dir\Release\sovereign_engines.obj","529","8102AA2D22860316CB4D332AD7FCD84959780A75CE6047702AA0D049F90BE8B2","2026-09-22 11:31:37"
"build\InferenceEngine.dir\Release\sovereign_fp16_gemv.obj","1081","001E49B7D69E4DB3B5030AE1E4B9FB1517C2B483A9EF4CCCBFB7D0CE28E21668","2026-09-22 11:29:32"
"build\InferenceEngine.dir\Release\Sovereign_KernelBridge_CPP.obj","537","6E13ED11E89B4D1DCD8ADA83897C19FED8A0F470A0222B3C538B48CFEF7D904B","2026-09-22 11:31:38"
"build\InferenceEngine.dir\Release\sovereign_q4k_gemv.obj","1080","789DC634DB66F2BE76EEE3EEE2DCCC8F2F877483CFF26A0DFC174F742B13BDB4","2026-09-22 11:29:32"
"build\InferenceEngine.dir\Release\sovereign_q4_1_gemv.obj","1081","C2BF4789C2F2C10433302EEDCA59173378485D8F22136D54BCA870FEEAEDBEAC","2026-09-22 11:29:32"
"build\InferenceEngine.dir\Release\sovereign_q5_k_gemv.obj","1081","5E87F75547EA2B16CC16AB4011C7C9D26C32E0617BFF8AE90A1C7C000AF7E720","2026-09-22 11:29:32"
"build\InferenceEngine.dir\Release\sovereign_q6_k_gemv.obj","1081","EA5242228401CEDEE827EA48ADBC1E2B7C943543CD607020E75BFC57193A6C40","2026-09-22 11:29:32"
"build\InferenceEngine.dir\Release\sovereign_q8_0_gemv.obj","1081","85479F901485D78F6F7C46AAEE1D03F6387959FE83834734922F356DAB981BA0","2026-09-22 11:29:32"
"build\InferenceEngine.dir\Release\SsmCertProbe.obj","525","65EF7F99DAE90E088DF334701CA70BFFBBE05622DB64C0B94A18653064203C6C","2026-09-22 11:31:43"
"build\InferenceEngine.dir\Release\StreamEngine.obj","525","98E4AA2F499B29A5390D82EEE2D6CF2E25F50D501B2471E618A9D20B3B138F9C","2026-09-22 11:32:01"
"build\InferenceEngine.dir\Release\StreamingResultChannel.obj","533","24908530106D6AF8DD6371F32C152FFBD2E56E69B015240818F33A10E2C8117D","2026-09-22 11:32:02"
"build\InferenceEngine.dir\Release\streaming_command_handler.obj","537","DB701C93A502A72D91212AAF08614E99FEE800BEECC7006EB57E98CFB501BAC8","2026-09-22 11:32:02"
"build\InferenceEngine.dir\Release\streaming_gguf_loader.obj","533","B1F859A3AB2B74C04C4050235062541357308EA68EBA7EC689F577E92CB90D02","2026-09-22 11:31:31"
"build\InferenceEngine.dir\Release\StreamRouter.obj","525","5707E228099BE52389575B1C20807F69F0CD6C6E519BFBD279B51FBD6BDCBCB0","2026-09-22 11:31:45"
"build\InferenceEngine.dir\Release\StreamRouterAdapter.obj","533","6F6E8C53DFE8668503F3E9EF15EEE7AFA33735B1A30A04FA7ACC207038AE65A8","2026-09-22 11:42:36"
"build\InferenceEngine.dir\Release\StressTester.obj","525","CE47461CFB26E1F63DCFDBABB1FD42E9946245DCDA08F8E4C651E5C1B64D2B66","2026-09-22 11:32:02"
"build\InferenceEngine.dir\Release\SubAgentManager.obj","529","18113DCCAC9C329A56E6AEA3C3C57812A145C6FBA96EF5D42835ABE677B0DED1","2026-09-22 11:32:02"
"build\InferenceEngine.dir\Release\swarm_scheduler.obj","1275448","B91877389EFEB17E48AD1F3887BEE1290E473B5BE4774CA823086F490E9F710A","2026-09-22 11:31:36"
"build\InferenceEngine.dir\Release\task_executor.obj","525","B2D04DB2F37D0031372A347C42EEABBA6202815AF58CC9D866EAF1B7F419D88B","2026-09-22 11:32:02"
"build\InferenceEngine.dir\Release\task_graph.obj","521","188FFE8DED8BC3E68C6182A86F02D10A4B52FDA0B87B695F065D8384F292CEE7","2026-09-22 11:32:02"
"build\InferenceEngine.dir\Release\task_scheduler.obj","525","68EFD5754FA04C8ABD9DDB0676AF38EE0CA2811A2531632811D0EC217A7F4266","2026-09-22 11:32:02"
"build\InferenceEngine.dir\Release\TensorExecutionRouter.obj","533","AA3C15673A784F2AC2B61F8A127969B3823078AA17B8451FE9CE6EDC9688CCC7","2026-09-22 11:42:36"
"build\InferenceEngine.dir\Release\TensorHop.obj","521","0497CCD0CC16860A6FCA0E3E9718D220228A1135419A84404AF6399BAC4114C6","2026-09-22 11:31:45"
"build\InferenceEngine.dir\Release\TensorHotpatch.obj","525","26232C2764D2DA67D41CCDBD7F00938DAF9299A422E5DA0AB0BA8CB9617C04A3","2026-09-22 11:32:01"
"build\InferenceEngine.dir\Release\TensorPlacementManager.obj","533","D142448A0C119799ACB79AE9E87D9ACD75CAE3E511BE812BFEAF4DF18681355E","2026-09-22 11:45:31"
"build\InferenceEngine.dir\Release\ThreadPool.obj","521","12BBC3B1A3361B74AAB1148008CE0A604029C38F25B43061994DF7F81ED02BD5","2026-09-22 11:31:43"
"build\InferenceEngine.dir\Release\TitanLoaderDiagnostics.obj","533","8809A15C1E4CC11C6966D2BCE11A58F8551209F9FBEDF419286808D829BCD2C8","2026-09-22 11:31:36"
"build\InferenceEngine.dir\Release\Titan_Sovereign_Bridge.obj","533","DC8AF55B98E8E872543DD5AA334ED5D00F04A1A67D62C3A74ACD8464D91E424D","2026-09-22 11:32:02"
"build\InferenceEngine.dir\Release\TLSInstructionGate.obj","529","91CBE3452F2CA6C4003E643C5244D45412C164FD4B256A63BFF82F7D73388F14","2026-09-22 11:31:40"
"build\InferenceEngine.dir\Release\ToolDispatcher.obj","525","704FA3D09408B6E60D33178BB1EB3A7284AFBCB7CB44BBB03AFF055AF622C843","2026-09-22 11:32:02"
"build\InferenceEngine.dir\Release\ToolDispatchTable.obj","529","851ED3DE0AE68B4199B70DA8CABDC8BF743554F4FA2EE7CFCBD24156A617C8E9","2026-09-22 11:32:02"
"build\InferenceEngine.dir\Release\ToolRegistry.obj","525","FE1B346E29C72A54B1D7CE02C35916A953059B67594EBE59E69A87851A976FAF","2026-09-22 11:32:01"
"build\InferenceEngine.dir\Release\tool_call_parser.obj","529","DD4FA3BB77B7B8471DCA20ECB7B94E28DC8D1CF98420D22F5D44B6E814EC501D","2026-09-22 11:32:02"
"build\InferenceEngine.dir\Release\tool_executor.obj","525","E28599402E6770B0EDA1997BDAB1DB5AA00148AD5124B19E53BA97821D3380AD","2026-09-22 11:32:02"
"build\InferenceEngine.dir\Release\tool_registry.obj","525","936595461AD2050E81810440C7ACA26F09811DF2D545BE89B12F695E40E90AEF","2026-09-22 11:32:02"
"build\InferenceEngine.dir\Release\ToroidalKVCache.obj","529","E64F09BD10F7E2751B43160CD1F4C5A53B6489D032104C60CEE8FF3223E7BF90","2026-09-22 11:32:01"
"build\InferenceEngine.dir\Release\TpsScaleHotpatch.obj","529","64B3BBF3447331B72A4764C1069F2406EBA942EC207CB39F29A7535BECC7AE7C","2026-09-22 11:31:45"
"build\InferenceEngine.dir\Release\TrailBrake.obj","521","535CDE624B6DACC981EBB3CBE8BA31912EDBDE53613A8B314099F8A1B30448FA","2026-09-22 11:32:01"
"build\InferenceEngine.dir\Release\TransferScheduler.obj","529","F4082395222FE2A0C8174463BFC942F4E20DF5973165C3F77FEA0FC7DDE32923","2026-09-22 11:45:31"
"build\InferenceEngine.dir\Release\transformer.obj","525","73802763C2D6180E205DA86B337A3663AA5232B2F1AB4F9F027777160CF07084","2026-09-22 11:31:37"
"build\InferenceEngine.dir\Release\UnifiedTriggerOrchestrator.obj","537","25B26132A9F52309BDD73AE942CD581995AD5692923AD07FD3CCDDD6C133ABA6","2026-09-22 11:31:40"
"build\InferenceEngine.dir\Release\UniversalModelLoader.obj","533","25846251B10E722F71543057FA4F03D569EEFAC9A46B1AFDA26BD3AFB121B551","2026-09-22 11:31:45"
"build\InferenceEngine.dir\Release\VRAMManager.obj","525","FBB5D6DD4FACFBF19A5D7350847A34EC2C0BB2208854E70E2AC0F2902323E189","2026-09-22 11:32:01"
"build\InferenceEngine.dir\Release\VulkanComputeKernels.obj","533","A6439F4BBA3BBD795F1812D4A8EFD06A2D0A3AC5D9439D2863BD8AF672C29C82","2026-09-22 11:31:38"
"build\InferenceEngine.dir\Release\VulkanGemmDispatcher.obj","533","F1BA157C97944CE07BECE90C1A96228643C3095F940F1D142BA3E7F347FF3FB9","2026-09-22 11:31:38"
"build\InferenceEngine.dir\Release\VulkanTensorResidencyBackend.obj","541","0A5F871BE32CCB182C885530BAC6E9365D39F944D2F9EEA19F98E65657551827","2026-09-22 11:31:40"
"build\InferenceEngine.dir\Release\vulkan_compute_real.obj","533","2147A7ED678462B1F493037DC985A759C6B7A3CA77E1E10E0CF69D7A3BB60D3E","2026-09-22 11:32:02"
"build\InferenceEngine.dir\Release\vulkan_fwd_attn_mla.obj","533","D9C0A391102699589E9DF9BA40855C259303C638BAD46FDBE6F13DF4CF7387E3","2026-09-22 11:32:01"
"build\InferenceEngine.dir\Release\vulkan_fwd_cmdpool.obj","529","7D163892D8100A24ADF6722E6DE24FDC02520E80D12A23DF503BE11E85881784","2026-09-22 11:32:01"
"build\InferenceEngine.dir\Release\vulkan_fwd_fused.obj","529","E2468EAC78780639A5252FA313755F1F7AC1D301CF9DC0190C162EB37672527B","2026-09-22 11:32:01"
"build\InferenceEngine.dir\Release\vulkan_fwd_hostops.obj","529","895B30B150C97E8729FB5DBEFE8AD941841ED446B4DE678FBDBB9A9501DA671E","2026-09-22 11:32:01"
"build\InferenceEngine.dir\Release\vulkan_fwd_q4k.obj","525","13B18C1FE90A8A23D0AEE6750212289EC66C43BB2FB6BAB748E94455A2F8794E","2026-09-22 11:32:01"
"build\InferenceEngine.dir\Release\vulkan_fwd_q4k_act.obj","529","400E756035DD2BACF6938AB9D688B821DCAF6AD425ED2D1B119420DD74C193FB","2026-09-22 11:32:01"
"build\InferenceEngine.dir\Release\vulkan_fwd_q4k_climb.obj","533","96CBBDD392FA51C59F8863EB6443F3DD047CE1F37A899482D2EC997B5DBE191C","2026-09-22 11:32:01"
"build\InferenceEngine.dir\Release\vulkan_fwd_q4k_fused.obj","533","2C5853F97F05707FBDCDDCF89DF910FA58F41C75FE6E9CA8D90B305273A104A3","2026-09-22 11:32:01"
"build\InferenceEngine.dir\Release\vulkan_fwd_q4k_host.obj","533","5FA44F4960C30E192DC9EB6D29B04A38D4C93D3A5F30678098A6DCB1FCFF1014","2026-09-22 11:32:01"
"build\InferenceEngine.dir\Release\vulkan_fwd_q6k.obj","525","168CAFA283C4A2612DA0AA6F47AF4B0431A37DD29B909591F0E93AF372955385","2026-09-22 11:32:01"
"build\InferenceEngine.dir\Release\vulkan_fwd_q6k_host.obj","533","4DE50B5FF48AFBC834A45BFB4A4432EF8FF36081085F7CF4447139206CDD4AAC","2026-09-22 11:32:01"
"build\InferenceEngine.dir\Release\vulkan_fwd_q8_kva_climb.obj","537","DABA4AB1716EF531FC995678177B0C62534E39341CAA3C11755B8ACC72BACDF8","2026-09-22 11:32:01"
"build\InferenceEngine.dir\Release\vulkan_fwd_quant.obj","529","213FFF906DB5B0A29E8BC57F677ABB0AD883465DFC223D502954486D4F7E8ECD","2026-09-22 11:32:01"
"build\InferenceEngine.dir\Release\vulkan_fwd_quant_host.obj","533","463073F3CE84EF6C8CFD51F6FB84363802E8A5A4111648396930EE6EC8611FF6","2026-09-22 11:32:01"
"build\InferenceEngine.dir\Release\vulkan_fwd_quant_pipe.obj","533","8A6BE30500C32EECAE90B634AE3DFCE54A367941E94028EBEE4CEDDCE85DBB81","2026-09-22 11:32:01"
"build\InferenceEngine.dir\Release\vulkan_fwd_resident.obj","533","798B803952314879213AB5D1CFD50CACF5BB6E1A41C596CCF8E2E982D2EEE043","2026-09-22 11:32:01"
"build\InferenceEngine.dir\Release\vulkan_fwd_stubs.obj","529","D8B0B5C1A688CCF3ED2822A37A0FBF1174140E10445043F6278A3F1C24E5030A","2026-09-22 11:32:01"
"build\InferenceEngine.dir\Release\vulkan_fwd_tune.obj","529","A1F5E450C295AFC8F52FBFEB53D70C39507ADA4F9E213CFCC1612C052061D21E","2026-09-22 11:32:01"
"build\InferenceEngine.dir\Release\vulkan_weight_policy.obj","533","0219B4E752A42C202FC001060D633AFB5D98255BE9E7F6124E08CCE5AC433968","2026-09-22 11:32:01"
"build\InferenceEngine.dir\Release\vulkan_weight_prefetch.obj","533","220D5A829D0E73C4CFA4F140A99C0E57D91F03FFA273A5B68B1F962814971448","2026-09-22 11:32:01"
"build\InferenceEngine.dir\Release\vulkan_weight_window.obj","533","2E1B6E7E3775AF7CE422A56A58C363ADDE1D02AB437D9C69B7F211CB4FAEBE07","2026-09-22 11:32:01"
"build\InferenceEngine.dir\Release\WarmupScheduler.obj","529","E73FAD96C07D18FD386CDFA5B59667B2E6D1FF1D9A87857006C9B2ACF7592541","2026-09-22 11:31:45"
"build\InferenceEngine.dir\Release\WorkingSetPredictor.obj","533","964362E301480D3AF51A3AFD9958F3B90127FB2E4ABBF206A3F5EFAC36943D9A","2026-09-22 11:45:31"
"build\InferenceEngine.dir\Release\InferenceEngine.tlog\CL.command.1.tlog","1803726","8248186F6F67049DF1EA96C9E72E8638203B1D86D649793D975B2FE9DF8C16FF","2026-09-22 11:45:31"
"build\InferenceEngine.dir\Release\InferenceEngine.tlog\Cl.items.tlog","43466","B01A05A5D9D5955B7967C1BA7848B6A3997F4B81F1EBABBA8320C25095BC89CA","2026-09-22 11:45:31"
"build\InferenceEngine.dir\Release\InferenceEngine.tlog\CL.read.1.tlog","956472","EB2D6FF32756C16EA2EEF628B8306752B7F28563DAF414AC20DEB03E112A4170","2026-09-22 11:45:31"
"build\InferenceEngine.dir\Release\InferenceEngine.tlog\CL.write.1.tlog","91342","7E19978E7D9A198B1B24693C80FA89F5E203CC9EE04A8C5C835FBA7C74C56B5C","2026-09-22 11:45:31"
"build\InferenceEngine.dir\Release\InferenceEngine.tlog\CustomBuild.command.1.tlog","361","F07F18EC919EA6E5BDEF1532343B36B41DB7546B0B1F12E27CA2306FB0D3CE26","2026-09-22 11:29:31"
"build\InferenceEngine.dir\Release\InferenceEngine.tlog\CustomBuild.read.1.tlog","4577","E06AECE4C4C5FFEFF6E9ACEA210B87978FE08258C72BE93847F9485DEBC5ACD9","2026-09-22 11:29:31"
"build\InferenceEngine.dir\Release\InferenceEngine.tlog\CustomBuild.write.1.tlog","80","C29B963FF53459AB9F231B5DA58F04624A1A9E68C56C9FDB76A7CCCCBBA88A17","2026-09-22 11:29:31"
"build\InferenceEngine.dir\Release\InferenceEngine.tlog\InferenceEngine.lastbuildstate","152","A7BF7B46138E1F23876E3C84BCBE9E36987C5166B567346A0CA411732DE86AC7","2026-09-22 11:45:31"
"build\InferenceEngine.dir\Release\InferenceEngine.tlog\Lib-link.read.1.tlog","119298","9119AD4137D702BA399096B7BC4E01AF22DD3BC33C14EA47AC1026DB8D86FCC2","2026-09-22 11:45:31"
"build\InferenceEngine.dir\Release\InferenceEngine.tlog\Lib-link.write.1.tlog","59258","C7FC80CC841F5D796839CB1777116DC6EB5F01A29876CE264AD1269417154521","2026-09-22 11:45:31"
"build\InferenceEngine.dir\Release\InferenceEngine.tlog\Lib.command.1.tlog","101972","0100C609469267C10E2513E2614BEE6432E2757779FD8FDFCBB043C957F285B6","2026-09-22 11:45:31"
"build\InferenceEngine.dir\Release\InferenceEngine.tlog\Masm.read.1u.tlog","5364","248303236905999FC8498146C6A40EA1C8840594904A8D389B747CFEDB0437C9","2026-09-22 11:45:31"
"build\InferenceEngine.dir\Release\InferenceEngine.tlog\Masm.write.1u.tlog","13384","B6EA6E58FC3974964D29D2E36D1978D4A71E4FC235DADAD08D93BB2C97BEA5FD","2026-09-22 11:45:31"
"build\InferenceEngine.dir\Release\src\vulkan_compute.cpp.obj","533","495661A5505AF1E33479C13DAFEF4AD4F9CD09585C80C8102265D7AF660E3EDF","2026-09-22 11:32:02"
"build\InferenceEngine.dir\Release\src\asm\inference_kernels.asm.obj","1079","686FC7B16B0103CC50A75E6D3486A93F16429D93A5199234E217C2B62C8FF10F","2026-09-22 11:31:27"
"build\InferenceEngine.dir\Release\src\deep2\ElasticResidencyManager.cpp.obj","549","39A37FC8E31023AE34A349DAA73F4D2B002A32EE3225673BF7FE7EDBA44001B3","2026-09-22 11:32:05"
"build\InferenceEngine.dir\Release\src\deep2\vulkan_compute.cpp.obj","2197873","1FAA443F3DFE9FE6A262698BD24211F45BA28040F320072D76270335A5831B6D","2026-09-22 11:32:05"
"build\InferenceEngine.dir\Release\src\engine\inference_kernels.cpp.obj","545","5B31275549EE36EEE253CF7160D4CA2EFB7497285549DFF2351D272C54A913EB","2026-09-22 11:32:02"
"build\InferenceEngine.dir\Release\src\runtime\elastic\ElasticResidencyManager.cpp.obj","561","94C2E69E0FE3FC411093D1CBFE6047F4F9CEADCA3362D294D35B07C2ED062645","2026-09-22 11:32:02"
"build\native_toolchain_cert.dir\Release\JITAssembler.obj","209085","86B5567A74A51F0FAECCA3B386E60EFB1639E68DBB07FF3352B90A02092F608B","2026-09-22 11:36:07"
"build\native_toolchain_cert.dir\Release\native_toolchain_cert.exe.recipe","416","E3D1F13405736AB591F87F44E5FB91311CE2C08EC9865EF27FB26BC2004AB328","2026-09-22 11:36:07"
"build\native_toolchain_cert.dir\Release\native_toolchain_cert.obj","401908","01C0B248609B79CB80398E1439F918A265E5830A874AB1AED66E0A74A01568B6","2026-09-22 11:36:07"
"build\native_toolchain_cert.dir\Release\native_t.3DC7C47E.tlog\CL.command.1.tlog","7602","9A3B94C5F50B8762CA09C168C3EB8E7A7F5E6CCBF37750D60E8021B07BBF0DEC","2026-09-22 11:36:07"
"build\native_toolchain_cert.dir\Release\native_t.3DC7C47E.tlog\Cl.items.tlog","266","15C0D3A86E9D284BC47C503B6A7614C7A10E4AE651E55477966A244A47D09BFD","2026-09-22 11:36:07"
"build\native_toolchain_cert.dir\Release\native_t.3DC7C47E.tlog\CL.read.1.tlog","65962","7B1B23BAA14CAF8D988D16B2640B5C29EC623B37F7AB3249BBEEF069853574B2","2026-09-22 11:36:07"
"build\native_toolchain_cert.dir\Release\native_t.3DC7C47E.tlog\CL.write.1.tlog","538","94B4298A91A46BA21ACA06783B3F2469DDD0FB631F80A6A90E97DC08B2EAD731","2026-09-22 11:36:07"
"build\native_toolchain_cert.dir\Release\native_t.3DC7C47E.tlog\CustomBuild.command.1.tlog","361","F07F18EC919EA6E5BDEF1532343B36B41DB7546B0B1F12E27CA2306FB0D3CE26","2026-09-22 12:46:03"
"build\native_toolchain_cert.dir\Release\native_t.3DC7C47E.tlog\CustomBuild.read.1.tlog","4577","E06AECE4C4C5FFEFF6E9ACEA210B87978FE08258C72BE93847F9485DEBC5ACD9","2026-09-22 12:46:03"
"build\native_toolchain_cert.dir\Release\native_t.3DC7C47E.tlog\CustomBuild.write.1.tlog","80","C29B963FF53459AB9F231B5DA58F04624A1A9E68C56C9FDB76A7CCCCBBA88A17","2026-09-22 12:46:03"
"build\native_toolchain_cert.dir\Release\native_t.3DC7C47E.tlog\link.command.1.tlog","4384","08F9A877BE0C75A3FFD08D091BA88AFF6E1004A44A93024B1DC350189F1F805C","2026-09-22 11:36:07"
"build\native_toolchain_cert.dir\Release\native_t.3DC7C47E.tlog\link.read.1.tlog","4728","13CE051E5F29C49985E04B6FDA4AB8BD4A01A6C27668B2293C749A24BB71CA36","2026-09-22 11:36:07"
"build\native_toolchain_cert.dir\Release\native_t.3DC7C47E.tlog\link.secondary.1.tlog","155","4C75FF6DEC24AC28A5711C1113AAEF10A57556BE2380856F0BE251DA2490B7D3","2026-09-22 11:36:07"
"build\native_toolchain_cert.dir\Release\native_t.3DC7C47E.tlog\link.write.1.tlog","432","54CE54212AC2BB48500E46B622E8DEC135B7C40CC34AD66FAD93B5FF55D36D8D","2026-09-22 11:36:07"
"build\native_toolchain_cert.dir\Release\native_t.3DC7C47E.tlog\native_toolchain_cert.lastbuildstate","152","49FB05C1172B3C58A2AB3863F45B60A6A20B00975A97EA3D73601D1AE7FC735B","2026-09-22 12:46:03"
"build\native_toolchain_cert.dir\Release\native_t.3DC7C47E.tlog\unsuccessfulbuild","0","E3B0C44298FC1C149AFBF4C8996FB92427AE41E4649B934CA495991B7852B855","2026-09-22 12:46:03"
"build\rawrxd.dir\Release\b014_profiler.obj","517","3FAABE8438BF112464FEB03CD7C12680BED8E4024ED963BBE389F099E0A01683","2026-09-22 11:42:37"
"build\rawrxd.dir\Release\CapabilityTierMatrix.obj","525","28AD13832CD4F053875B41135D76E855FF10700DF313B3D6E29BA1562922D0E8","2026-09-22 11:32:11"
"build\rawrxd.dir\Release\CapacityManager.obj","517","F8CC5BBD7C5CC7436C65847E80164C0A80876B64CCF24CE4F2ADC5A98FA489BD","2026-09-22 11:45:32"
"build\rawrxd.dir\Release\cpu_inference_engine.obj","525","84CC9A401E4A076EA67B6702736C077F749DC5E9AC912CF1FB89376F80C55DF5","2026-09-22 11:32:10"
"build\rawrxd.dir\Release\Deep2ExecutionTelemetry.obj","525","5B8313127920D8E7E14D58DB7219BC4314A6B4C1DD8A79D4A1DA94CD3DE8DDE0","2026-09-22 11:32:11"
"build\rawrxd.dir\Release\Deep2InferenceWrapper.obj","525","750D3149A4C10184C681F9D0BEE0F3CA17B1D6CF9FE4FFF3C637CE9BCE67FBD6","2026-09-22 11:32:10"
"build\rawrxd.dir\Release\ElasticDecoder.obj","517","F784E3B960D69BAB05FF6F591DD01C164039EDBA92852A7737325F87E9C4446D","2026-09-22 11:32:11"
"build\rawrxd.dir\Release\ElasticEngine.obj","517","D871472AD002868B7BD54CA19DF0682D06DC947ADF98894009BF5F08AE3BEFD4","2026-09-22 11:32:11"
"build\rawrxd.dir\Release\ElasticGGUFIndex.obj","521","CA773D64A5CE25420F2D08E53B0AB7BC6E08DF196BEBF5A2C5A94F3F4BB14083","2026-09-22 11:32:11"
"build\rawrxd.dir\Release\ElasticResidencyManager.obj","525","2F75910F5E6032A86FBD01E0F4075EF486DAF484D04E645363471B566BCD3932","2026-09-22 11:32:11"
"build\rawrxd.dir\Release\Ensemble58Governor.obj","521","80E0D05F5A9391A8040988D729698ED0F3AEC0527700E9E04FADE7BCEECECB3A","2026-09-22 11:32:11"
"build\rawrxd.dir\Release\ExecutionContract.obj","521","970D6D8CD7060C5188302227F471CAB45CB3E745E9A00EF06B7C9CB1DB62259C","2026-09-22 11:32:10"
"build\rawrxd.dir\Release\gguf_loader.obj","513","1726416530E9AAD816200BAFC933210E1B2BF99915FC6ED0D21CF16762AC0526","2026-09-22 11:42:37"
"build\rawrxd.dir\Release\gguf_swarm_plan_builder.obj","427533","77EC3B8E85F42051990525A4DB2E8157BAD7803B4CE4C504DCDFCE8BAA7AC38A","2026-09-22 11:32:09"
"build\rawrxd.dir\Release\gguf_tensor_parallel_loader.obj","821099","5030441FDF082B8FDFF033028AAD5E38C77CF91FCB58E2FCB0677088A7E172D5","2026-09-22 11:32:11"
"build\rawrxd.dir\Release\gguf_vocab_resolver.obj","521","C14BE5BF6E7FC0BF7A54CEE95DD46C1BDB6F9DF5082A0F3A32E15622A25E8715","2026-09-22 11:42:37"
"build\rawrxd.dir\Release\HardwareCapabilityProbe.obj","525","FFE8C46EAA988B4DB291A674956BECDF6158113B25CA24246888E32972857295","2026-09-22 11:32:11"
"build\rawrxd.dir\Release\HardwareGovernor.obj","521","F6F1D7B8AF6F82FEE23CBB3AF726CA8FE0125AC712A89A0FD217F1F866F0CFD1","2026-09-22 11:32:11"
"build\rawrxd.dir\Release\link_stubs.obj","968","173DBE8E60BE5EFB24328509BA193204D841B5F04BA417E03E4AEC7316193E7E","2026-09-22 11:32:10"
"build\rawrxd.dir\Release\Logger.obj","509","3E4F9DC88CB61531CEF16CB16B7AE89AB45094B3429239788BB464C816D1A9BB","2026-09-22 11:42:37"
"build\rawrxd.dir\Release\memory_stubs.obj","3877","D31E275961272746577EDD975222518A5493FDEBE0AEA34E8499495E88E1E557","2026-09-22 11:38:46"
"build\rawrxd.dir\Release\NegativeSpaceProfiler.obj","525","59D6F20CE2140F617686294D4F4EC3C04FDD07E11EF5C4B3C41814E36DD66EE8","2026-09-22 11:42:37"
"build\rawrxd.dir\Release\PlacementPolicy.obj","517","F40FCD0F1E3FE60FF58078CEB12DA03D919154A70090F1F9DBECB4379AF3DDCB","2026-09-22 11:32:11"
"build\rawrxd.dir\Release\PredictiveMemoryManager.obj","525","886F3DDADEFBCE3A1BC89A6652C40D46949AAAFD10FABC70F19E7A4330EB5218","2026-09-22 11:45:32"
"build\rawrxd.dir\Release\PressedStateEngine.obj","521","502C53AEFED26E0036F90E3F15C2ADBAAE7D15683B298330AE85F65B1914092A","2026-09-22 11:32:11"
"build\rawrxd.dir\Release\rawrxd.exe.recipe","518","553AEE322F78F5840B4BDAA3731ED558A5816E6B8C948396C45117DEEDB9CA43","2026-09-22 11:45:32"
"build\rawrxd.dir\Release\rawrxd.obj","509","EE282849B90612F2D7DD3AFBCC93472371954DDFD7C9DF6ECFD3A8755024BAB6","2026-09-22 11:32:10"
"build\rawrxd.dir\Release\rawrxd_inference.obj","521","F36525B0D64FFACD5FC6065B4FCC6FDD64305F5F7C717864D9025DC7862EDB4B","2026-09-22 11:32:10"
"build\rawrxd.dir\Release\rawrxd_model_loader.obj","32125","C77B7D7971FDF6921303CC3A9A3268EEEDBB89FBBB512034696B95AE410DD724","2026-09-22 11:32:10"
"build\rawrxd.dir\Release\rawrxd_sampler.obj","517","037F5688C986A6050F2240FBC13AB8A4E2DBEF2E36A3A9FFECC4347966EFDD7A","2026-09-22 11:42:37"
"build\rawrxd.dir\Release\rawrxd_tokenizer.obj","521","B6B49A944BAB2D8741BFC26F80A7BF64F714FBB177428A1C643E027889323677","2026-09-22 11:42:37"
"build\rawrxd.dir\Release\rawrxd_transformer.obj","521","98FD6B35BCD42EFC29A088942EB1A9E95DCD42CEB1864DFED16EAC9D33B5B4ED","2026-09-22 11:42:37"
"build\rawrxd.dir\Release\ResidencyTracker.obj","521","4932088EE724CDB3CAB66E5B3F3FFAE07C33B9DF47D17F8C4F23BB6746CA9A1B","2026-09-22 11:45:32"
"build\rawrxd.dir\Release\RouterPredictiveMemoryBridge.obj","533","E6CBDE6B3623609D38A95E1DFED0AD0F5027CC8C714D760AE5DEF1A3B04CC245","2026-09-22 11:32:11"
"build\rawrxd.dir\Release\SovereignRuntime.obj","521","1299807BAFC340AAE802E73A5469D38F10441DC7481C8F71A65F200F299BB5D7","2026-09-22 11:32:10"
"build\rawrxd.dir\Release\StreamRouterAdapter.obj","521","BADF7EDA52796FD8A6D3B87201FA12D4204AE5BBB3F694B28F1299F59AE369FC","2026-09-22 11:42:37"
"build\rawrxd.dir\Release\swarm_scheduler.obj","1282972","8D14391B27DE9690B62D7B907758088FA012A54AEADC3F128DAE81E246DFA104","2026-09-22 11:32:10"
"build\rawrxd.dir\Release\TensorExecutionRouter.obj","525","BE283F36062940E37230880C10AFC70FD3669F43C8743BB80C84C48B5B796064","2026-09-22 11:42:37"
"build\rawrxd.dir\Release\TensorPlacementManager.obj","525","C5D1858F824D6D43E3945451B785DF2F13A873A70E19307021685D8C9F721A14","2026-09-22 11:45:32"
"build\rawrxd.dir\Release\TLSInstructionGate.obj","521","3CEF80012989A085C6F40A537D6B9080816AC593064257522A2B73D1AA0B3BF7","2026-09-22 11:32:11"
"build\rawrxd.dir\Release\TransferScheduler.obj","521","12266EF0411CE483DA2CBC3CE573C6AF452C947080E31FF2C8B0B249D0C53F08","2026-09-22 11:45:32"
"build\rawrxd.dir\Release\UnifiedTriggerOrchestrator.obj","529","86F948F41DA417D599C83620DB9917AC051452526CE76D0ECD3B863859AB661E","2026-09-22 11:32:11"
"build\rawrxd.dir\Release\VulkanTensorResidencyBackend.obj","533","08D0DED7CDA36DA39687ECEB7AF4948BA754599AC3732C89D335632689435101","2026-09-22 11:32:11"
"build\rawrxd.dir\Release\WorkingSetPredictor.obj","521","28DCAD6EE5D1D99EF2FE1EDED3002E34B4B58059E382D3D0E82359764959CB66","2026-09-22 11:45:32"
"build\rawrxd.dir\Release\rawrxd.tlog\CL.command.1.tlog","164318","B914FBDA78E710FE4F1F102244B4A85EDD344BA3B7E4E74B5AA75F56AA86DC2C","2026-09-22 11:45:32"
"build\rawrxd.dir\Release\rawrxd.tlog\Cl.items.tlog","4999","0111FA8052397AA6168081A01468BA2D92A378011FA0082293A6C2811F958E97","2026-09-22 11:45:32"
"build\rawrxd.dir\Release\rawrxd.tlog\CL.read.1.tlog","176170","0141CBF114535BB04A37E7FCCB919BD35B92C5D245DD2CA96C27CF230B64524E","2026-09-22 11:45:32"
"build\rawrxd.dir\Release\rawrxd.tlog\CL.write.1.tlog","20210","81523D7C02FF7F5B888A9BB366CAD750CBC5B880D48A67715597293E86861D9E","2026-09-22 11:45:32"
"build\rawrxd.dir\Release\rawrxd.tlog\CustomBuild.command.1.tlog","361","F07F18EC919EA6E5BDEF1532343B36B41DB7546B0B1F12E27CA2306FB0D3CE26","2026-09-22 11:32:06"
"build\rawrxd.dir\Release\rawrxd.tlog\CustomBuild.read.1.tlog","4577","E06AECE4C4C5FFEFF6E9ACEA210B87978FE08258C72BE93847F9485DEBC5ACD9","2026-09-22 11:32:06"
"build\rawrxd.dir\Release\rawrxd.tlog\CustomBuild.write.1.tlog","80","C29B963FF53459AB9F231B5DA58F04624A1A9E68C56C9FDB76A7CCCCBBA88A17","2026-09-22 11:32:06"
"build\rawrxd.dir\Release\rawrxd.tlog\link.command.1.tlog","12478","0AB50CA49B3292731254E20A41870C50FC455952EE849CCAC84AD05DCCAA76F9","2026-09-22 11:45:32"
"build\rawrxd.dir\Release\rawrxd.tlog\link.read.1.tlog","15586","91585DE61C912828C766871E09BACC36077E798C61332E9D2367D872E2D06B28","2026-09-22 11:45:32"
"build\rawrxd.dir\Release\rawrxd.tlog\link.secondary.1.tlog","2708","2C548AAFF80A93A20B8D2436F537D4AC7E5FCFC5A93BB1E0D01C0935B1493D42","2026-09-22 11:45:32"
"build\rawrxd.dir\Release\rawrxd.tlog\link.write.1.tlog","5508","B6A18BA2F3B321CD7A93BDA5CE10C16B2F513DE5458DBE9B64B1E7D10ED3AC72","2026-09-22 11:45:32"
"build\rawrxd.dir\Release\rawrxd.tlog\rawrxd.lastbuildstate","152","A7BF7B46138E1F23876E3C84BCBE9E36987C5166B567346A0CA411732DE86AC7","2026-09-22 11:45:32"
"build\Release\InferenceEngine.lib","19774840","89D7EA510EDA2C45B6E0DF2F616290179C00176BB95EEA27D4770DD8944130D9","2026-09-22 11:45:31"
"build\rguf_source\ALL_BUILD.vcxproj","12535","490247BFA646DD818F1B6F2EE340D3AE72B2ADB8B90B082EF00577B5D8427DCD","2026-09-22 11:16:40"
"build\rguf_source\ALL_BUILD.vcxproj.filters","281","D9A42B0B55384C03E8BF521F08F7C62FE2CDB96B03B26BF3A9CCF3666BD5313D","2026-09-22 11:16:40"
"build\rguf_source\cmake_install.cmake","1288","110F226BCA3AE706B5A3BD7E154BDE9F2365D393D617CE91A420EA5A03C14F32","2026-09-22 11:36:59"
"build\rguf_source\INSTALL.vcxproj","10689","2E87E55D8899BBBEBC3057F5EB58829F52D41BF2D99C5B10094939B6C7475BFB","2026-09-22 11:16:40"
"build\rguf_source\INSTALL.vcxproj.filters","511","1E42CA8532F14D78BBEA45ABC29F88C09A4248A89927FE504E769F70ECCC1199","2026-09-22 11:16:40"
"build\rguf_source\rguf.sln","5242","A1BCBAB59AD67B2658C8A12D5B5020D8BB384AB783A4327E1AC6D4BC68D29BE7","2026-09-22 11:16:40"
"build\rguf_source\rguf.vcxproj","33669","7CDC69EC5C097A258B5EE72129137115FDC5BE769CDC69507605C5816D819344","2026-09-22 11:16:40"
"build\rguf_source\rguf.vcxproj.filters","944","4F497F47B3A920CE01B91D7DBBB859D1BE76E74DF6D1BD0427E17CB16F9C8E28","2026-09-22 11:16:40"
"build\rguf_source\rguf_tool.vcxproj","42362","68F51C87B0DEDD0C87A10104BA95585E8CDBA86D5E7F653B2CB39EBF96AE8DF5","2026-09-22 11:16:40"
"build\rguf_source\rguf_tool.vcxproj.filters","570","87DCE6428551336C6C4A9DC0EB790267A9E45EF145F501B6BC6B93E10778E777","2026-09-22 11:16:40"
"build\rguf_source\CMakeFiles\generate.stamp","55","302F7E9A0C863C04B740065ADE01D243C7587D7272FC79FB002870128A9558EB","2026-09-22 11:45:30"
"build\rguf_source\CMakeFiles\generate.stamp.depend","99","E2ACB30D4946CC2980BCD386429B574E201E580ADE3E87984454A3A5ECE5AC0D","2026-09-22 11:36:59"
"build\src\ceo\cmake_install.cmake","3298","FB596609B14FFDB25552F669FBD17861EFF5459155D466B1838E6A84D92670B5","2026-09-22 11:36:59"
"build\src\ceo\INSTALL.vcxproj","10673","ECD982F8DF1B21ABE653CE5449B55FFEC046521C2874490436BA940093CD8FD5","2026-09-22 11:16:39"
"build\src\ceo\INSTALL.vcxproj.filters","511","B54F55AB44AEFC678F6B9301E493C746FEDBDBA740BC134939CA9D6B78E3842A","2026-09-22 11:16:39"
"build\src\ceo\rawrxd_ceo.vcxproj","35010","BFAC70AB87A1B8F476A6E6423CCACBFE1A5E90FAB4267F2224271921566EAA9B","2026-09-22 11:16:39"
"build\src\ceo\rawrxd_ceo.vcxproj.filters","1835","A1BAE259001CE5062A12DFD0ED8A564B2B79A60A55FE91E6A97AD24FA064F8B2","2026-09-22 11:16:39"
"build\src\ceo\rawrxd_ceo_cli.vcxproj","43479","033C707260D4404ADE000645DBB7DEB47570FA42B55A32DE0DE414F495C50494","2026-09-22 11:16:39"
"build\src\ceo\rawrxd_ceo_cli.vcxproj.filters","941","8028CA192F705787BA1D50985890338F37B9A0FBC413986C36ADFA6D5187B34D","2026-09-22 11:16:39"
"build\src\ceo\CMakeFiles\generate.stamp","55","302F7E9A0C863C04B740065ADE01D243C7587D7272FC79FB002870128A9558EB","2026-09-22 11:45:30"
"build\src\ceo\CMakeFiles\generate.stamp.depend","95","B23A03D62E2F5DDE95E0D10D22D3D214E738A2ECA014FAC473027455151BCB90","2026-09-22 11:36:59"
"build\src\generation\ALL_BUILD.vcxproj","13918","BCE73AA2B6E9300915019AEC5B64053408D45197FC393B7F5DA0AC0BE2CDF50D","2026-09-22 11:16:40"
"build\src\generation\ALL_BUILD.vcxproj.filters","284","16ED37570B4BE447C355EBD39AF6DC7689D39FF2FE707ABE5C710C68671D7BE0","2026-09-22 11:16:40"
"build\src\generation\cmake_install.cmake","1294","CD1FC406559E7F3C1C405DE9970277D6811F3EF709307F4D96CB00D02E572680","2026-09-22 11:36:59"
"build\src\generation\INSTALL.vcxproj","10704","BA095C94E2071023A6D05AD24800D603101C7C04CDBB63CE3CF31D40DED2859A","2026-09-22 11:16:40"
"build\src\generation\INSTALL.vcxproj.filters","511","545EE5A321A2D6D208D7CBBD969758979FD88B261BD89DFDB39C1CF7835317C5","2026-09-22 11:16:40"
"build\src\generation\RawrXDGeneration.sln","3120","8C23EAF579C3757D50BB3DADCFC9E3C885DCBCE174D09C39EDA6A4579A01649F","2026-09-22 11:16:40"
"build\src\generation\CMakeFiles\generate.stamp","55","302F7E9A0C863C04B740065ADE01D243C7587D7272FC79FB002870128A9558EB","2026-09-22 11:45:30"
"build\src\generation\CMakeFiles\generate.stamp.depend","544","922AAD4545DEC316CEF9EC0726002CEEE7ADC311F5B37A4A0C8E2407BED73304","2026-09-22 11:36:59"
"build\src\repository\cmake_install.cmake","2375","D1277CA2BB48710474338555C91170FC41B2FD2F62DBB61D74C5407B437C01E0","2026-09-22 11:36:59"
"build\src\repository\INSTALL.vcxproj","10701","E8E0011926D7B9E0B741A81877BCBFADF48EBE99173EC72086A7C77484AD7CC4","2026-09-22 11:16:40"
"build\src\repository\INSTALL.vcxproj.filters","511","DB4D361ABD0C901E7CDCE017E81FFB05B777FBADF0E78938B0B6C51D0241FA6F","2026-09-22 11:16:40"
"build\src\repository\rawrxd_repository.vcxproj","36162","3E19ADF2D201E9B89850623351744D1F18129A51CA82CAF76D431F74C45464AD","2026-09-22 11:16:40"
"build\src\repository\rawrxd_repository.vcxproj.filters","1868","8FB9546C831410B6A8B6784DF7CBD41EBB82B8A157D6656A2D0D91551C0CB22D","2026-09-22 11:16:40"
"build\src\repository\CMakeFiles\generate.stamp","55","302F7E9A0C863C04B740065ADE01D243C7587D7272FC79FB002870128A9558EB","2026-09-22 11:45:30"
"build\src\repository\CMakeFiles\generate.stamp.depend","102","A52F633B6817AE069D45D95EB562B83C6A158382ED71EF91C56E8F3E91728F62","2026-09-22 11:36:59"
"build\src\reverse_engineering\cmake_install.cmake","1312","1274517D705839DFF7E5417F476A6B0B4373C38677802F2A252F4C51E3DD2646","2026-09-22 11:36:59"
"build\src\reverse_engineering\INSTALL.vcxproj","10737","5018529287BD488DC63E90346AE15352D81FF439A006F5C1DF205D13BD24957E","2026-09-22 11:16:39"
"build\src\reverse_engineering\INSTALL.vcxproj.filters","511","63993498C374D406CD0FA76C0B7CE4D052A3C20425FDAF2F03C0096524CA6A66","2026-09-22 11:16:39"
"build\src\reverse_engineering\RawrXD-RE-Library.vcxproj","36873","BB00D604A334C1DA9F7368B5A50FBCD190B75942625DB3E6FBC0FC44367F1CEA","2026-09-22 11:16:39"
"build\src\reverse_engineering\RawrXD-RE-Library.vcxproj.filters","1571","1821810EEA82BE1E5F37BDF98006E7730C440D53FF14931CE27F8C87864E5B63","2026-09-22 11:16:39"
"build\src\reverse_engineering\re_deobfuscator.vcxproj","26135","506E47E6369571C6E78AD27D5057B3D4DD414C8788AF43E119CF0FEB3C503915","2026-09-22 11:16:39"
"build\src\reverse_engineering\re_deobfuscator.vcxproj.filters","1087","AFED960F05E002AF8B301ABC1E790ECBD37707DAF08D07761BF107E9776D08C6","2026-09-22 11:16:39"
"build\src\reverse_engineering\re_model_reverse.vcxproj","20948","4E4D31F8DDE899256A2A3D3A1CDA48BA3D4B09639F99B88B97D158DF4640320D","2026-09-22 11:16:39"
"build\src\reverse_engineering\re_model_reverse.vcxproj.filters","906","7572FC4FB6B0461E9876EC71D37D90A50C86A79C48BD2FE9CA4F02F16111EB8B","2026-09-22 11:16:39"
"build\src\reverse_engineering\CMakeFiles\generate.stamp","55","302F7E9A0C863C04B740065ADE01D243C7587D7272FC79FB002870128A9558EB","2026-09-22 11:45:30"
"build\src\reverse_engineering\CMakeFiles\generate.stamp.depend","111","29F6523E21F2BB45B7F3836FD22F93E3AF78AC2D65D358DCF01CC063F9A4E2C3","2026-09-22 11:36:59"
"build\src\reverse_engineering\RawrXD-RE-Library.dir\Release\binary_patcher.obj","744808","7DB6FDA41B5C683E47B2FFA51E3F4CA090088DE4BC1A4290BA615ECA85718864","2026-09-22 11:19:06"
"build\src\reverse_engineering\RawrXD-RE-Library.dir\Release\decompiler.obj","1295372","A6EF3052B7776778CA720AA379CE76CB2DC5EB9014BA26D3BADD6AC12D60A32F","2026-09-22 11:19:06"
"build\src\reverse_engineering\RawrXD-RE-Library.dir\Release\disassembler.obj","803686","2743A5249D3EE0C8BB2E66A43AFA1C87D70B92F7F965134D6A733B882A98AB79","2026-09-22 11:19:07"
"build\src\reverse_engineering\RawrXD-RE-Library.dir\Release\InstructionEncoderX64.obj","306819","ED53703EB801C5E9FF2B414408B19454B4152E766A4762B820A3775A630BE4D0","2026-09-22 11:31:55"
"build\src\reverse_engineering\RawrXD-RE-Library.dir\Release\pe_analyzer.obj","785327","9362E2F16F9A264A3E6BE29639BD668849B71E0480E3D184E059ED0B3D39B9A9","2026-09-22 11:19:07"
"build\src\reverse_engineering\RawrXD-RE-Library.dir\Release\RawrCOFFWriter.obj","228123","8C3E9445A00F5E3685B2C56DC48951B385EE6C3ED6E4CB50327D6E33CDBEFD55","2026-09-22 11:31:55"
"build\src\reverse_engineering\RawrXD-RE-Library.dir\Release\RawrPE64Linker.obj","243546","C35AA356E6870A2B0E289AA9153DA7FF2CDF92E5B5DC0B97671530531C20E88C","2026-09-22 11:31:55"
"build\src\reverse_engineering\RawrXD-RE-Library.dir\Release\RawrXD-RE-Library.lib.recipe","286","6BB5BD457A0EF3E94117BD00D93D498833CFE17C1962A9C6864189A3B3804742","2026-09-22 11:36:05"
"build\src\reverse_engineering\RawrXD-RE-Library.dir\Release\re_tools.obj","312401","C32D81437A17AF706E3EEAA0BFE976066BB2614440CA8A2EEDE6C4BF0EC996E1","2026-09-22 11:19:07"
"build\src\reverse_engineering\RawrXD-RE-Library.dir\Release\RawrXD-R.33EE6F7D.tlog\CL.command.1.tlog","24946","C1CD2A83045F7075DF4316F95400F405B585EFE29491932289B424344DF0E655","2026-09-22 11:31:56"
"build\src\reverse_engineering\RawrXD-RE-Library.dir\Release\RawrXD-R.33EE6F7D.tlog\Cl.items.tlog","1208","CF0108C61E9EEDF67B9C8694FB6D3E84B0A4C9B393C9933965CD4BD19A6DF300","2026-09-22 11:36:05"
"build\src\reverse_engineering\RawrXD-RE-Library.dir\Release\RawrXD-R.33EE6F7D.tlog\CL.read.1.tlog","256334","15BEF6AE676982E4FDCA2BDC8C399F1D9A699980F5EACBF1DD9F62890EC018E1","2026-09-22 11:31:56"
"build\src\reverse_engineering\RawrXD-RE-Library.dir\Release\RawrXD-R.33EE6F7D.tlog\CL.write.1.tlog","3354","9A3FBE0FA54376389F066D27D4BEE3EA680B07D956EC906931ED20E088E13376","2026-09-22 11:31:56"
"build\src\reverse_engineering\RawrXD-RE-Library.dir\Release\RawrXD-R.33EE6F7D.tlog\CustomBuild.command.1.tlog","409","A9EF9D94FEC77163B0E3EAB125FED0EB7A8851D9574E7A85DD616495F79A7FE6","2026-09-22 11:19:00"
"build\src\reverse_engineering\RawrXD-RE-Library.dir\Release\RawrXD-R.33EE6F7D.tlog\CustomBuild.read.1.tlog","56","BCA3E2EB219D604E04D6E6AD37D0ED113FAD2057180A27EE2115D7FD3B9CE3D8","2026-09-22 11:19:00"
"build\src\reverse_engineering\RawrXD-RE-Library.dir\Release\RawrXD-R.33EE6F7D.tlog\CustomBuild.write.1.tlog","128","23945055237C67DA20AD9B71521A6A7B85F05E70E4BA72B7C08AC7F5BC32DB5E","2026-09-22 11:19:00"
"build\src\reverse_engineering\RawrXD-RE-Library.dir\Release\RawrXD-R.33EE6F7D.tlog\Lib-link.read.1.tlog","3160","0E06A20AAFBA152B0D0B7A124904D81A3464F44A5D9E6644F8EDC1FDDAAC6237","2026-09-22 11:31:56"
"build\src\reverse_engineering\RawrXD-RE-Library.dir\Release\RawrXD-R.33EE6F7D.tlog\Lib-link.write.1.tlog","1646","9A44180B34F29593D7947DA1FE9D5E84727A8ACE2DA0AA5409727BF8B80724E3","2026-09-22 11:31:56"
"build\src\reverse_engineering\RawrXD-RE-Library.dir\Release\RawrXD-R.33EE6F7D.tlog\Lib.command.1.tlog","2544","AC30A7FA23830A79C947FD4C9ED9A3CE4A03B4226C6C0C1A54624842B8611B0A","2026-09-22 11:31:56"
"build\src\reverse_engineering\RawrXD-RE-Library.dir\Release\RawrXD-R.33EE6F7D.tlog\RawrXD-RE-Library.lastbuildstate","176","DF4BA3B404EF61E872B85D7FB47A26CF45385C80FB4EF0A8265EB0722E8A17D0","2026-09-22 11:36:05"
"build\src\reverse_engineering\Release\RawrXD-RE-Library.lib","6117880","E2360C9414B4B91A6B8FFB3267857E7EA5AC8941FB956C6F9726D39D11EF6B81","2026-09-22 11:31:56"
"build\x64\Release\masm_kernels\masm_kernels.recipe","403","DE751D34A732D320E552DCEEBE6DD99EC41B17B905FCAF03416A11AE648863A9","2026-09-22 11:45:31"
"build\x64\Release\masm_kernels\masm_kernels.tlog\CustomBuild.command.1.tlog","24024","0F8F8399BE5BA3CC47D4BFE91BAE9762A99B2F9AE23BBC9225E37A4E36AB6C9D","2026-09-22 11:45:31"
"build\x64\Release\masm_kernels\masm_kernels.tlog\CustomBuild.read.1.tlog","13376","A736FB910F13ABD1146AEFBACCB316B557A399EF649540D52CF0E039085E87C0","2026-09-22 11:45:31"
"build\x64\Release\masm_kernels\masm_kernels.tlog\CustomBuild.write.1.tlog","6707","D119E693D94473FC3A285557ED4F5EC4F6140E3A4273769395ECC3FBB666EBDB","2026-09-22 11:45:31"
"build\x64\Release\masm_kernels\masm_kernels.tlog\masm_kernels.lastbuildstate","152","A7BF7B46138E1F23876E3C84BCBE9E36987C5166B567346A0CA411732DE86AC7","2026-09-22 11:45:31"
"build\x64\Release\ZERO_CHECK\ZERO_CHECK.recipe","286","6BB5BD457A0EF3E94117BD00D93D498833CFE17C1962A9C6864189A3B3804742","2026-09-22 11:45:30"
"build\x64\Release\ZERO_CHECK\ZERO_CHECK.tlog\CustomBuild.command.1.tlog","451","BCC367B9D3308E8D992F96D02FAC24FCE048339288A8CCFEFABB41C9A9321D4D","2026-09-22 12:55:58"
"build\x64\Release\ZERO_CHECK\ZERO_CHECK.tlog\CustomBuild.read.1.tlog","4892","92F868DC833A6642ECD077113736237C3BA4A8F31AF7437CC3B80254DE7D8309","2026-09-22 12:55:58"
"build\x64\Release\ZERO_CHECK\ZERO_CHECK.tlog\CustomBuild.write.1.tlog","449","A342AD3D4E85DD0492E701AF6034988BDBE93A51ADFD84B9AAAE33FCDC0C093F","2026-09-22 12:55:58"
"build\x64\Release\ZERO_CHECK\ZERO_CHECK.tlog\unsuccessfulbuild","0","E3B0C44298FC1C149AFBF4C8996FB92427AE41E4649B934CA495991B7852B855","2026-09-22 12:55:58"
"build\x64\Release\ZERO_CHECK\ZERO_CHECK.tlog\ZERO_CHECK.lastbuildstate","152","A7BF7B46138E1F23876E3C84BCBE9E36987C5166B567346A0CA411732DE86AC7","2026-09-22 12:55:58"
"build_clean_test\CMakeCache.txt","43798","256B4E7EE09CDDD6787D5601A7EDDFE830687AAF64CE4ED71F812F0FD115AA64","2026-09-19 23:34:32"
"build_clean_test\CMakeFiles\cmake.check_cache","86","95079B44BCEF481D601432C2FD3C654D7FE85B9C8386C355F2874502B47441D7","2026-09-19 23:34:32"
"build_clean_test\CMakeFiles\CMakeConfigureLog.yaml","531451","E8A870DC29AE36268346DD029B1F1164959DB2E89BFBB5D3BE6DDBD4D4400067","2026-09-19 23:34:32"
"build_clean_test\CMakeFiles\generate.stamp.list","513","E5B73B75909DA70EE5BC786BD10825A27F539E54AB6C0ADBEC68F046342262E9","2026-09-19 23:34:32"
"build_clean_test\CMakeFiles\4.4.2\CMakeASM_MASMCompiler.cmake","1555","2854EEB905485DAFD438E0C81309CB5FEBF71AC879DD3B77F5823D872C31C841","2026-09-19 23:34:26"
"build_clean_test\CMakeFiles\4.4.2\CMakeCCompiler.cmake","3411","C96A9C696C6E2168D03B3F7B05F229CAA42F1673D3BDC90BC9BB5C7C0A63631E","2026-09-19 23:34:27"
"build_clean_test\CMakeFiles\4.4.2\CMakeCXXCompiler.cmake","6632","3818AE800A1D94F1B189F721136856C561F51E1E9C0562B1C1FD8285A06E357C","2026-09-19 23:34:28"
"build_clean_test\CMakeFiles\4.4.2\CMakeDetermineCompilerABI_C.bin","53248","0803365A9E95D826D9984B446B311423B3DC9CBC33F147C13FCCE7348FB3DDDF","2026-09-19 23:34:27"
"build_clean_test\CMakeFiles\4.4.2\CMakeDetermineCompilerABI_CXX.bin","53248","59551A18EE845F13791CF64174EC1E0ECDA3393745BF6B236010924ED0BFD224","2026-09-19 23:34:28"
"build_clean_test\CMakeFiles\4.4.2\CMakeRCCompiler.cmake","276","F1C96E7B6BC035D04A44733638743F28BF70450E870A3095A55CFF6AD81924FA","2026-09-19 23:34:26"
"build_clean_test\CMakeFiles\4.4.2\CMakeSystem.cmake","399","14F764C3F0C50603F951C55B1787FA383C48D641385221057CD4F25001C4B314","2026-09-19 23:34:25"
"build_clean_test\CMakeFiles\4.4.2\VCTargetsPath.txt","90","7BF0943F47FD89DDF6E8623056ED4AFA49693BCC8C6885EA90D889DBBC3CAD9C","2026-09-19 23:34:25"
"build_clean_test\CMakeFiles\4.4.2\VCTargetsPath.vcxproj","1255","E4B780FA88A782F3788553546AE6BAB68373AE8378266CE7570A7DBEB1120D3D","2026-09-19 23:34:25"
"build_clean_test\CMakeFiles\4.4.2\CompilerIdC\CMakeCCompilerId.c","29974","6B712B317574A51D1D4F3A69F0722D9EF310910570FD191501CDD45655E061D3","2026-09-19 23:34:25"
"build_clean_test\CMakeFiles\4.4.2\CompilerIdC\CompilerIdC.exe","14848","E1D350FDDFAFD16B62573AEE65427FC11491431B5A922CBA520BED293EA78EE4","2026-09-19 23:34:26"
"build_clean_test\CMakeFiles\4.4.2\CompilerIdC\CompilerIdC.vcxproj","2798","AF8BC7C7D110CBD801BAF170898C4EB9021E0272D6E7C0092478EF9A634DF7EC","2026-09-19 23:34:25"
"build_clean_test\CMakeFiles\4.4.2\CompilerIdC\Debug\CMakeCCompilerId.obj","2294","6091DF7331C4F118C806CB5F0E0A2612C7C5213C22C8BCEBA552DA0BBD26EACA","2026-09-19 23:34:26"
"build_clean_test\CMakeFiles\4.4.2\CompilerIdC\Debug\CompilerIdC.exe.recipe","319","C999759C1B4E0268F2CC501E0709E1A484FA3CB91A1B7BA724826B70AD7063DB","2026-09-19 23:34:26"
"build_clean_test\CMakeFiles\4.4.2\CompilerIdC\Debug\CompilerIdC.tlog\CL.command.1.tlog","700","F5DB1E5B2FE133C93F4B37CC828D3ED030F9CDC34971A63D09597D94A310018B","2026-09-19 23:34:26"
"build_clean_test\CMakeFiles\4.4.2\CompilerIdC\Debug\CompilerIdC.tlog\Cl.items.tlog","169","7BAC3C6C3236B0F9F387275C66F390293FB22024F51DD5E100963B2FF701F016","2026-09-19 23:34:26"
"build_clean_test\CMakeFiles\4.4.2\CompilerIdC\Debug\CompilerIdC.tlog\CL.read.1.tlog","568","684EDE92EF46AF2F67AB538F1D5545698BF598A397B108CD7AA79429F08F10BC","2026-09-19 23:34:26"
"build_clean_test\CMakeFiles\4.4.2\CompilerIdC\Debug\CompilerIdC.tlog\CL.write.1.tlog","344","9B251FD3907B13C9136B4243FE95546664690B35891520F5B17CA312C8210078","2026-09-19 23:34:26"
"build_clean_test\CMakeFiles\4.4.2\CompilerIdC\Debug\CompilerIdC.tlog\CompilerIdC.lastbuildstate","190","CC59A2B0CAAF5E41638605FA2B89A64CE69CCF8080AAAD14AAE465DC68358496","2026-09-19 23:34:26"
"build_clean_test\CMakeFiles\4.4.2\CompilerIdC\Debug\CompilerIdC.tlog\link.command.1.tlog","1004","D5CB7B54015610AE8B0E428700EB76C119D97F1B863BD0900F4F7FD5D28A2FDB","2026-09-19 23:34:26"
"build_clean_test\CMakeFiles\4.4.2\CompilerIdC\Debug\CompilerIdC.tlog\link.read.1.tlog","3394","D564C1DBCE2442FB23D60DCB6DEC9FB793CF866686952DD126F830C05C213EE0","2026-09-19 23:34:26"
"build_clean_test\CMakeFiles\4.4.2\CompilerIdC\Debug\CompilerIdC.tlog\link.secondary.1.tlog","90","DCB8C1B8BD41C5CA4816D8D2953A26AFC1F968546B70B9D6D7A784976B79807C","2026-09-19 23:34:26"
"build_clean_test\CMakeFiles\4.4.2\CompilerIdC\Debug\CompilerIdC.tlog\link.write.1.tlog","338","C7F992B9A7D262BFD16E6277B417D2524157530208C8166DD9C9DF85922F5A3D","2026-09-19 23:34:26"
"build_clean_test\CMakeFiles\4.4.2\CompilerIdCXX\CMakeCXXCompilerId.cpp","30605","C260F5F6368FE636DA54C24D6ABD310AC6FCC3ACDC4BDC674D9B7223569A85EB","2026-09-19 23:34:26"
"build_clean_test\CMakeFiles\4.4.2\CompilerIdCXX\CompilerIdCXX.exe","15360","279A7C3BFB759561EDC6CF006EE45194C2B2F60FBCF481A3D8C8D5EEBAA06834","2026-09-19 23:34:26"
"build_clean_test\CMakeFiles\4.4.2\CompilerIdCXX\CompilerIdCXX.vcxproj","2806","21FC02677B659ADE12A520B7B4B7ADF6F15E1C4BE0F1F6D6371CC636682DC3BA","2026-09-19 23:34:26"
"build_clean_test\CMakeFiles\4.4.2\CompilerIdCXX\Debug\CMakeCXXCompilerId.obj","2361","639A1A657DBF13F3D1339EEDE0D6A63875EF248217E6D7D039D89E4863801FB7","2026-09-19 23:34:26"
"build_clean_test\CMakeFiles\4.4.2\CompilerIdCXX\Debug\CompilerIdCXX.exe.recipe","323","C429767BDCE4B396F7B169E2F74C660711628A5C36F58F4DFA0B923BF2515E5C","2026-09-19 23:34:26"
"build_clean_test\CMakeFiles\4.4.2\CompilerIdCXX\Debug\CompilerIdCXX.tlog\CL.command.1.tlog","724","8EFE2D80062A40A0B645B82DE4C7072B78C1A0382E0A992ADE20E2266B737D0B","2026-09-19 23:34:26"
"build_clean_test\CMakeFiles\4.4.2\CompilerIdCXX\Debug\CompilerIdCXX.tlog\Cl.items.tlog","179","99728F446C54820E43DCE2FFB7D2DEDEA73CA0C7E3A8B1F250CDB233D4F7A79E","2026-09-19 23:34:26"
"build_clean_test\CMakeFiles\4.4.2\CompilerIdCXX\Debug\CompilerIdCXX.tlog\CL.read.1.tlog","580","4BF83D31B7C5314780EDFABB047B7A370CD30278C59159855E3B2546045AB3CE","2026-09-19 23:34:26"
"build_clean_test\CMakeFiles\4.4.2\CompilerIdCXX\Debug\CompilerIdCXX.tlog\CL.write.1.tlog","364","680D9BAA283C24EA00B23F0AAB63690C3C63EBFAC208856551D5E8990C220ABA","2026-09-19 23:34:26"
"build_clean_test\CMakeFiles\4.4.2\CompilerIdCXX\Debug\CompilerIdCXX.tlog\CompilerIdCXX.lastbuildstate","192","919F592B25C0CCE8DB9FCE6BADDBC7C056BA705362BC2833225F4B2B36730285","2026-09-19 23:34:26"
"build_clean_test\CMakeFiles\4.4.2\CompilerIdCXX\Debug\CompilerIdCXX.tlog\link.command.1.tlog","1028","260D7B5584AA1548329B657A51651B47A72D58C4E0C6DABB124BCF2A99EB01C1","2026-09-19 23:34:26"
"build_clean_test\CMakeFiles\4.4.2\CompilerIdCXX\Debug\CompilerIdCXX.tlog\link.read.1.tlog","3410","946E46F284F10402EF98EBDA8CF93716685597450DD4CB4803B9B9D11D0616D8","2026-09-19 23:34:26"
"build_clean_test\CMakeFiles\4.4.2\CompilerIdCXX\Debug\CompilerIdCXX.tlog\link.secondary.1.tlog","94","30F48D6CCC23CD275D3B2BB1FCA7D2923ACC7AA7ABB7145CDEEF0CA98C2EDB65","2026-09-19 23:34:26"
"build_clean_test\CMakeFiles\4.4.2\CompilerIdCXX\Debug\CompilerIdCXX.tlog\link.write.1.tlog","354","3DA4FE94D23DCC2F75EF8138C309371ECB7A90B1615D85219C4AA41EAD3DD50B","2026-09-19 23:34:26"
"build_clean_test\CMakeFiles\4.4.2\VCTargetsPath\x64\Debug\VCTargetsPath.recipe","315","DBE4C8CECD551DE10649953BE6424EE9C8055172E4873F7C896409DE88A572AE","2026-09-19 23:34:25"
"build_clean_test\CMakeFiles\4.4.2\VCTargetsPath\x64\Debug\VCTargetsPath.tlog\VCTargetsPath.lastbuildstate","178","2664F5906725BED41CACE334000FD91E29337674D06F5620C322B7FA81B04D4F","2026-09-19 23:34:25"
"build_clean_test\_deps\nlohmann_json-build\nlohmann_json.pc","115","7629FAC183E1A0948AD7435EE77F88D00CD1C8F0B0CDAF0402BA0329F5552826","2026-09-19 23:34:30"
"build_clean_test\_deps\nlohmann_json-build\nlohmann_jsonConfig.cmake","635","A879DC2B648E17AC32836EF9013B5A6CF1234A74B9A60962CC081C3776C9F13F","2026-09-19 23:34:30"
"build_clean_test\_deps\nlohmann_json-build\nlohmann_jsonConfigVersion.cmake","696","B6D73337D16D3DEB4B192056D1AC9E7E962929EC993F7F9652A949DE3D38CE8F","2026-09-19 23:34:30"
"build_clean_test\_deps\nlohmann_json-src\CMakeLists.txt","7180","9A00F4234C7804AF1A8ABA619C28B7462B11683FD6628A0EA62CBC168764C87F","2023-11-28 14:38:03"
"build_clean_test\_deps\nlohmann_json-src\LICENSE.MIT","1076","86B998C792894CCB911A1CB7994F7A9652894E7A094C0B5E45BE2F553F45CF14","2023-11-28 14:38:03"
"build_clean_test\_deps\nlohmann_json-src\nlohmann_json.natvis","19578","162666E7AB4D725A6E9621F0D31097802B58B838E907AE5445C7C938FD0257B1","2023-11-28 14:38:03"
"build_clean_test\_deps\nlohmann_json-src\cmake\config.cmake.in","710","DE73A6E0CDFC9CB1FC28A6156D7E2660F498C9F30AD7D4DE5600BA279DA0A3F3","2023-11-28 14:38:03"
"build_clean_test\_deps\nlohmann_json-src\cmake\nlohmann_jsonConfigVersion.cmake.in","709","F3E940FC8846A483A5F35B9D47FA9AE700765B60A3D17EED2229A0BD7818F567","2023-11-28 14:38:03"
"build_clean_test\_deps\nlohmann_json-src\cmake\pkg-config.pc.in","126","796C801C759EB4D5E165AFA2441481FFF5487A2FD35BBFCEC841367D9772F760","2023-11-28 14:38:03"
"build_clean_test\_deps\nlohmann_json-src\include\nlohmann\adl_serializer.hpp","2279","242B578E1A41C97DEC6890BD88BDB824CDB76A9EDD849C108299A59469D327E0","2023-11-28 14:38:03"
"build_clean_test\_deps\nlohmann_json-src\include\nlohmann\byte_container_with_subtype.hpp","3533","C7DC197CBB54B9168373B4B9A3E1CC57CC5583BFCF5008B722B363335BC53511","2023-11-28 14:38:03"
"build_clean_test\_deps\nlohmann_json-src\include\nlohmann\json.hpp","198618","2432CBF7F4258453538ECA193CD937FC777462AE2CE8EE9F46E6EE460EF56BEA","2023-11-28 14:38:03"
"build_clean_test\_deps\nlohmann_json-src\include\nlohmann\json_fwd.hpp","2541","C5B950B428534861B5869254FD773AFC724112FC9E141BD1FC89189640A3AE5D","2023-11-28 14:38:03"
"build_clean_test\_deps\nlohmann_json-src\include\nlohmann\ordered_map.hpp","11692","31D1BB02500B734E09C27CE2CC216C8AF188344FBC19A6946AE301A12C7B62DF","2023-11-28 14:38:03"
"build_clean_test\_deps\nlohmann_json-src\include\nlohmann\detail\abi_macros.hpp","3807","1C7DC7C5062B199A35853F4056ED00ED359EF8FA5C7FB15A58BC79598EC21422","2023-11-28 14:38:03"
"build_clean_test\_deps\nlohmann_json-src\include\nlohmann\detail\exceptions.hpp","9267","55299C55106DE2624CA7AA6A5705AD6FF53814C1B52F8FE8D2872F13C956C95A","2023-11-28 14:38:03"
"build_clean_test\_deps\nlohmann_json-src\include\nlohmann\detail\hash.hpp","4016","74A9E3AF772127CF0B12EE794ABC8C47B5BEA74CE658D0D20179A26BE5D95D0D","2023-11-28 14:38:03"
"build_clean_test\_deps\nlohmann_json-src\include\nlohmann\detail\json_custom_base_class.hpp","1178","70DA7C5B17777F8DA6D83310D6526856542585EFA8A078DB61227B11AAF9EC0B","2023-11-28 14:38:03"
"build_clean_test\_deps\nlohmann_json-src\include\nlohmann\detail\json_pointer.hpp","37143","4CF537AD88B2D686D5A349B26DA7E012BA9A58B01A0AB2BADAA796D9150E69BB","2023-11-28 14:38:03"
"build_clean_test\_deps\nlohmann_json-src\include\nlohmann\detail\json_ref.hpp","1811","1660750DD10A562AAC1EEA37021F1E7138A5D6D50B051815708497A8D30BF60D","2023-11-28 14:38:03"
"build_clean_test\_deps\nlohmann_json-src\include\nlohmann\detail\macro_scope.hpp","43639","70D2B2AA49A93170DED3D0C0D1B0F76103FDD09704BA5ECC862BC03095920847","2023-11-28 14:38:03"
"build_clean_test\_deps\nlohmann_json-src\include\nlohmann\detail\macro_unscope.hpp","1252","5F7040DF475E2C943D9B22C335B61600DEB14B1E48A69B3450DE4C4A08C320BC","2023-11-28 14:38:03"
"build_clean_test\_deps\nlohmann_json-src\include\nlohmann\detail\string_concat.hpp","5951","E8001630045F800C0EBCFC19E2B2F90139A4D20A9A359E134657767FD6FA9AA2","2023-11-28 14:38:03"
"build_clean_test\_deps\nlohmann_json-src\include\nlohmann\detail\string_escape.hpp","2168","3BF6687FFA7F6FD3034591ADFDD6EA073584DF83694C6B57FEED9ADA965801E7","2023-11-28 14:38:03"
"build_clean_test\_deps\nlohmann_json-src\include\nlohmann\detail\value_t.hpp","4326","60A7E24B34E93B8BA40EECF310A40C55042754328271C246F9CC1069F6A25958","2023-11-28 14:38:03"
"build_clean_test\_deps\nlohmann_json-src\include\nlohmann\detail\conversions\from_json.hpp","18880","B37CED0BA32F8AC5834B4C96058CA5E445BCCEA27F46299A359EED0ECBF2E58E","2023-11-28 14:38:03"
"build_clean_test\_deps\nlohmann_json-src\include\nlohmann\detail\conversions\to_chars.hpp","38562","5FE11205C45DBD08373244D743F38E89CEEFB8C9B5FC4C68077117C786D53BEF","2023-11-28 14:38:03"
"build_clean_test\_deps\nlohmann_json-src\include\nlohmann\detail\conversions\to_json.hpp","16274","73BAD524856D475A6071FD7B5422F80DF13BA7586F0D4B48141C2EC60CEBCF89","2023-11-28 14:38:03"
"build_clean_test\_deps\nlohmann_json-src\include\nlohmann\detail\input\binary_reader.hpp","103146","484BCC276C4FA6C7C61A93A8223F3E53BB4DC966E688E96641A93A50D7E503E9","2023-11-28 14:38:03"
"build_clean_test\_deps\nlohmann_json-src\include\nlohmann\detail\input\input_adapters.hpp","17402","BD549419506089C82C94446F939587362FF01516B8E6624C472E704D27B1BE42","2023-11-28 14:38:03"
"build_clean_test\_deps\nlohmann_json-src\include\nlohmann\detail\input\json_sax.hpp","21420","9147C9D07784A5F3DE890D68401AE07D03D0BC0DB24EBCBE7BEB8A31CFD858A0","2023-11-28 14:38:03"
"build_clean_test\_deps\nlohmann_json-src\include\nlohmann\detail\input\lexer.hpp","54569","550C275F09D55DEB1705B97B8A15B02F211EA0BA87E95452E7A023B854BB024C","2023-11-28 14:38:03"
"build_clean_test\_deps\nlohmann_json-src\include\nlohmann\detail\input\parser.hpp","19661","094AED22CFDD641AC15EF59BFEF8DD1E23FD92373633A92ED928CB580F0CBD7E","2023-11-28 14:38:03"
"build_clean_test\_deps\nlohmann_json-src\include\nlohmann\detail\input\position_t.hpp","958","0C9C5BE26020C0A7929F3CC1E7E0065589D6A8F4DC1BD2EE13F10EF1A7EFAA24","2023-11-28 14:38:03"
"build_clean_test\_deps\nlohmann_json-src\include\nlohmann\detail\iterators\internal_iterator.hpp","1071","E75CF5E3C9AE358055BF3335FA2C5B6BBFBD1E24EA3DFDB62C187F37A8E2B485","2023-11-28 14:38:03"
"build_clean_test\_deps\nlohmann_json-src\include\nlohmann\detail\iterators\iteration_proxy.hpp","8238","839EFBA147F6F15C693C741039DAA3D383C2F4AFB8FE653E4DAD49A9F998D1D1","2023-11-28 14:38:03"
"build_clean_test\_deps\nlohmann_json-src\include\nlohmann\detail\iterators\iterator_traits.hpp","1757","04B0EDAEB214AA1C932B9078849A8FBBBDA9C7A241B4CBC28A90B6D11C959443","2023-11-28 14:38:03"
"build_clean_test\_deps\nlohmann_json-src\include\nlohmann\detail\iterators\iter_impl.hpp","24046","70D81EBB931DB43A19FE3872A3FB1BC91FAB27509C8D29EE4C4DD247B384CAE1","2023-11-28 14:38:03"
"build_clean_test\_deps\nlohmann_json-src\include\nlohmann\detail\iterators\json_reverse_iterator.hpp","3861","031B45C4F90AB7D64ECB6606FAD880D867A23FC63A431F0DE34F0FC104307B66","2023-11-28 14:38:03"
"build_clean_test\_deps\nlohmann_json-src\include\nlohmann\detail\iterators\primitive_iterator.hpp","3227","6C949107BB779CECB8BEBA0835F7292656B52B08C3F6A6D3B27229B58C28AEFE","2023-11-28 14:38:03"
"build_clean_test\_deps\nlohmann_json-src\include\nlohmann\detail\meta\cpp_future.hpp","5178","486BA5A3724131D0C1646E36D9A4A9877505B2914078347E6067BB65593F01CE","2023-11-28 14:38:03"
"build_clean_test\_deps\nlohmann_json-src\include\nlohmann\detail\meta\detected.hpp","2109","F79AA1F107E4DFD4554753E6FE05364A1147EF4498D3125CFC939A5534D2D527","2023-11-28 14:38:03"
"build_clean_test\_deps\nlohmann_json-src\include\nlohmann\detail\meta\identity_tag.hpp","526","BBA9559DEC8519DE3044B537E96A59A601831797A5A3C38BF8023A6D949118D0","2023-11-28 14:38:03"
"build_clean_test\_deps\nlohmann_json-src\include\nlohmann\detail\meta\is_sax.hpp","6960","1F81D6098B9AAD02A95C27EC333BBB13EEC3C5171B968E39B7ECB1B06B16C55B","2023-11-28 14:38:03"
"build_clean_test\_deps\nlohmann_json-src\include\nlohmann\detail\meta\std_fs.hpp","766","FB514154EA8C11C04A00EFEB2E89EDBFD40F149ED39EF36568D9B2A1062E85E0","2023-11-28 14:38:03"
"build_clean_test\_deps\nlohmann_json-src\include\nlohmann\detail\meta\type_traits.hpp","29454","1F901F9E4BCD585FF22C6B0C0956566BA8A4A1238A490A64E7755A2C313040D5","2023-11-28 14:38:03"
"build_clean_test\_deps\nlohmann_json-src\include\nlohmann\detail\meta\void_t.hpp","597","581E7B157457EB9C488793F2CD7066B2C1BA31D5E9FEA6F0D67C8C732B5088E4","2023-11-28 14:38:03"
"build_clean_test\_deps\nlohmann_json-src\include\nlohmann\detail\meta\call_std\begin.hpp","453","379660C15A30B84FF2A67E22734638F608CC37B34648461C7E9167DA1153D861","2023-11-28 14:38:03"
"build_clean_test\_deps\nlohmann_json-src\include\nlohmann\detail\meta\call_std\end.hpp","451","DECA609BF200442F452B848C19F28EE30879DF0CA35E959ED3B41F861C92DF55","2023-11-28 14:38:03"
"build_clean_test\_deps\nlohmann_json-src\include\nlohmann\detail\output\binary_writer.hpp","71152","665CE1EA5FB2CB425896B713BDD8D8D5A6D69688924FA6E2EFAFFB4E9D132011","2023-11-28 14:38:03"
"build_clean_test\_deps\nlohmann_json-src\include\nlohmann\detail\output\output_adapters.hpp","4067","1E0BCC375B4D84180649198E2F8061F5968A10A6913231FEE097689D281ED565","2023-11-28 14:38:03"
"build_clean_test\_deps\nlohmann_json-src\include\nlohmann\detail\output\serializer.hpp","40163","259C611D4B1147E3626D25BC05994B28F91F4FCCA2E578E486DCF51C0234E5C8","2023-11-28 14:38:03"
"build_clean_test\_deps\nlohmann_json-src\include\nlohmann\thirdparty\hedley\hedley.hpp","86068","20D6C1C6D6C30365F68A45093798937971B593919FB3051431F0C015DFA671FB","2023-11-28 14:38:03"
"build_clean_test\_deps\nlohmann_json-src\include\nlohmann\thirdparty\hedley\hedley_undef.hpp","5500","0F8902F26872F40A2514E9C9BE2FCEBFCE6CDE0022E9364FDDD17FB49575B146","2023-11-28 14:38:03"
"build_clean_test\_deps\nlohmann_json-src\single_include\nlohmann\json.hpp","919975","9BEA4C8066EF4A1C206B2BE5A36302F8926F7FDC6087AF5D20B417D0CF103EA6","2023-11-28 14:38:03"
"build_clean_test\_deps\nlohmann_json-src\single_include\nlohmann\json_fwd.hpp","6340","5CEFBBA751BAF5243033FD894C70BE9B37103D64B3D3A959E4173197D71137B9","2023-11-28 14:38:03"
"build_clean_test\_deps\nlohmann_json-subbuild\ALL_BUILD.vcxproj","6407","35F1FDC6754BB01F6DA5D6317D006F3B38F20570231B043BD7D56C5C8B623A73","2026-09-19 23:34:28"
"build_clean_test\_deps\nlohmann_json-subbuild\ALL_BUILD.vcxproj.filters","315","4BE28659EE1CFB438ECFA8A36747B4710C02445A4485BBDEB3E5B5A47E6CB3A4","2026-09-19 23:34:28"
"build_clean_test\_deps\nlohmann_json-subbuild\CMakeCache.txt","5433","C76F1AA9CF5C312BE3B8B07B6D022B1BB95B2190B8139927548F9E68759B4A37","2026-09-19 23:34:28"
"build_clean_test\_deps\nlohmann_json-subbuild\CMakeLists.txt","1546","A89C2CC90652B006C01FCEF11D0B5F6359CBA0D5FE6D31EB165DBCF643FEC59A","2026-09-19 23:34:28"
"build_clean_test\_deps\nlohmann_json-subbuild\cmake_install.cmake","1999","6A2F466AD026D11CFCA6E8358AEE7ECD45EBDDE180BF131149C9CC3414825284","2026-09-19 23:34:28"
"build_clean_test\_deps\nlohmann_json-subbuild\nlohmann_json-populate.sln","2673","C9943A344864805FF05344D8B81A8A2B0D8B1A822DFA0CD8E617200BECD47F83","2026-09-19 23:34:28"
"build_clean_test\_deps\nlohmann_json-subbuild\nlohmann_json-populate.vcxproj","25301","C27B63F647189DAD95DD299501C0ADA063E01E529E672D9EFAF37A4E5F08F6F2","2026-09-19 23:34:28"
"build_clean_test\_deps\nlohmann_json-subbuild\nlohmann_json-populate.vcxproj.filters","2845","D2D6BB52536B55AAAA42E4FB9E288A0183576ACA76C61A23BFA2F8A0473C2AAA","2026-09-19 23:34:28"
"build_clean_test\_deps\nlohmann_json-subbuild\ZERO_CHECK.vcxproj","5870","FF51EF444694C0CA56B01DDF2112D674DF9E1E1A3F6F8435D838CA384B9B146B","2026-09-19 23:34:28"
"build_clean_test\_deps\nlohmann_json-subbuild\ZERO_CHECK.vcxproj.filters","552","8EA9CA3E67AD540AE53271EB1943F7541D8C5B61C3BDF06D10DB441B29322E8C","2026-09-19 23:34:28"
"build_clean_test\_deps\nlohmann_json-subbuild\CMakeFiles\cmake.check_cache","86","95079B44BCEF481D601432C2FD3C654D7FE85B9C8386C355F2874502B47441D7","2026-09-19 23:34:28"
"build_clean_test\_deps\nlohmann_json-subbuild\CMakeFiles\CMakeConfigureLog.yaml","271","ECF712160B779608B83B769991FDA879E04498880AF245A3073EE7466823C663","2026-09-19 23:34:28"
"build_clean_test\_deps\nlohmann_json-subbuild\CMakeFiles\generate.stamp","55","302F7E9A0C863C04B740065ADE01D243C7587D7272FC79FB002870128A9558EB","2026-09-19 23:34:30"
"build_clean_test\_deps\nlohmann_json-subbuild\CMakeFiles\generate.stamp.depend","1793","5D13B934BC5D9A881F3030FBC8B0E5B414934AD52044E238FF0C0771452A60EF","2026-09-19 23:34:28"
"build_clean_test\_deps\nlohmann_json-subbuild\CMakeFiles\generate.stamp.list","88","18B9D96A2A42E3C064992EBE63E11371E29AC683871011779191E485BE24AE78","2026-09-19 23:34:28"
"build_clean_test\_deps\nlohmann_json-subbuild\CMakeFiles\InstallScripts.json","144","2DF24CA2BF9A311B980366C1BE9E5AE18F247AFEE5693090C0B8AE90D6E038E9","2026-09-19 23:34:28"
"build_clean_test\_deps\nlohmann_json-subbuild\CMakeFiles\TargetDirectories.txt","275","51899D1E63F4016BE40D8B30529603DCED2B1AE5DD73627358E7C4910DCDFC5B","2026-09-19 23:34:28"
"build_clean_test\_deps\nlohmann_json-subbuild\CMakeFiles\4.4.2\CMakeSystem.cmake","395","CB655F074177502B26612FA979EE72C606731A0B59F300E936EBBA161D8CCE09","2026-09-19 23:34:28"
"build_clean_test\_deps\nlohmann_json-subbuild\CMakeFiles\4.4.2\VCTargetsPath.txt","90","7BF0943F47FD89DDF6E8623056ED4AFA49693BCC8C6885EA90D889DBBC3CAD9C","2026-09-19 23:34:28"
"build_clean_test\_deps\nlohmann_json-subbuild\CMakeFiles\4.4.2\VCTargetsPath.vcxproj","1255","E4B780FA88A782F3788553546AE6BAB68373AE8378266CE7570A7DBEB1120D3D","2026-09-19 23:34:28"
"build_clean_test\_deps\nlohmann_json-subbuild\CMakeFiles\4.4.2\VCTargetsPath\x64\Debug\VCTargetsPath.recipe","344","858A62BEF09E8B5623578967F33B5428E96C95FCC4585154D525D2305194B9DC","2026-09-19 23:34:28"
"build_clean_test\_deps\nlohmann_json-subbuild\CMakeFiles\4.4.2\VCTargetsPath\x64\Debug\VCTargetsPath.tlog\VCTargetsPath.lastbuildstate","207","C4F05BA4A9EDAA67DACA4ED20BAAEBD211D34C48A33659792B518427707BBE83","2026-09-19 23:34:28"
"build_clean_test\_deps\nlohmann_json-subbuild\CMakeFiles\4cdb10abcb3baaee1d08b532f3e0f268\generate.stamp.rule","24","6D2663216BB5708992DAD2784A833F449113AFD00FD431274CA956FB2530D391","2000-12-31 19:00:00"
"build_clean_test\_deps\nlohmann_json-subbuild\CMakeFiles\4cdb10abcb3baaee1d08b532f3e0f268\nlohmann_json-populate.rule","24","6D2663216BB5708992DAD2784A833F449113AFD00FD431274CA956FB2530D391","2000-12-31 19:00:00"
"build_clean_test\_deps\nlohmann_json-subbuild\CMakeFiles\55b181c0e0d274498b4b98cd7fd94757\nlohmann_json-populate-build.rule","24","6D2663216BB5708992DAD2784A833F449113AFD00FD431274CA956FB2530D391","2000-12-31 19:00:00"
"build_clean_test\_deps\nlohmann_json-subbuild\CMakeFiles\55b181c0e0d274498b4b98cd7fd94757\nlohmann_json-populate-configure.rule","24","6D2663216BB5708992DAD2784A833F449113AFD00FD431274CA956FB2530D391","2000-12-31 19:00:00"
"build_clean_test\_deps\nlohmann_json-subbuild\CMakeFiles\55b181c0e0d274498b4b98cd7fd94757\nlohmann_json-populate-download.rule","24","6D2663216BB5708992DAD2784A833F449113AFD00FD431274CA956FB2530D391","2000-12-31 19:00:00"
"build_clean_test\_deps\nlohmann_json-subbuild\CMakeFiles\55b181c0e0d274498b4b98cd7fd94757\nlohmann_json-populate-install.rule","24","6D2663216BB5708992DAD2784A833F449113AFD00FD431274CA956FB2530D391","2000-12-31 19:00:00"
"build_clean_test\_deps\nlohmann_json-subbuild\CMakeFiles\55b181c0e0d274498b4b98cd7fd94757\nlohmann_json-populate-mkdir.rule","24","6D2663216BB5708992DAD2784A833F449113AFD00FD431274CA956FB2530D391","2000-12-31 19:00:00"
"build_clean_test\_deps\nlohmann_json-subbuild\CMakeFiles\55b181c0e0d274498b4b98cd7fd94757\nlohmann_json-populate-patch.rule","24","6D2663216BB5708992DAD2784A833F449113AFD00FD431274CA956FB2530D391","2000-12-31 19:00:00"
"build_clean_test\_deps\nlohmann_json-subbuild\CMakeFiles\55b181c0e0d274498b4b98cd7fd94757\nlohmann_json-populate-test.rule","24","6D2663216BB5708992DAD2784A833F449113AFD00FD431274CA956FB2530D391","2000-12-31 19:00:00"
"build_clean_test\_deps\nlohmann_json-subbuild\CMakeFiles\55b181c0e0d274498b4b98cd7fd94757\nlohmann_json-populate-update.rule","24","6D2663216BB5708992DAD2784A833F449113AFD00FD431274CA956FB2530D391","2000-12-31 19:00:00"
"build_clean_test\_deps\nlohmann_json-subbuild\CMakeFiles\8bdc1591870cf01c700b532f5061b1c9\nlohmann_json-populate-complete.rule","24","6D2663216BB5708992DAD2784A833F449113AFD00FD431274CA956FB2530D391","2000-12-31 19:00:00"
"build_clean_test\_deps\nlohmann_json-subbuild\CMakeFiles\Debug\nlohmann_json-populate-complete","0","E3B0C44298FC1C149AFBF4C8996FB92427AE41E4649B934CA495991B7852B855","2026-09-19 23:34:29"
"build_clean_test\_deps\nlohmann_json-subbuild\CMakeFiles\nlohmann_json-populate.dir\Labels.json","1918","F6B5B22F3DD3908D4B46D1E0C693880F9B19C747F756B35235156A1E7D9681C1","2026-09-19 23:34:28"
"build_clean_test\_deps\nlohmann_json-subbuild\CMakeFiles\nlohmann_json-populate.dir\Labels.txt","1577","B1C56731B1AEB1BED01E554DC73827B94441671FA2557380E4AD1B6362723B30","2026-09-19 23:34:28"
"build_clean_test\_deps\nlohmann_json-subbuild\nlohmann_json-populate-prefix\src\json.tar.xz","110988","D6C65ACA6B1ED68E7A182F4757257B107AE403032760ED6EF121C9D55E81757D","2026-09-19 23:34:29"
"build_clean_test\_deps\nlohmann_json-subbuild\nlohmann_json-populate-prefix\src\nlohmann_json-populate-stamp\download-nlohmann_json-populate.cmake","5213","5DCA78E5021AEBB799829B1B7297CD06994657EF6FA3C4DFF8C0566491730E24","2026-09-19 23:34:28"
"build_clean_test\_deps\nlohmann_json-subbuild\nlohmann_json-populate-prefix\src\nlohmann_json-populate-stamp\extract-nlohmann_json-populate.cmake","1983","FBEC751DFE9CF170B7B4F3062556B3EA67D7B3D996E0A57856824A1E7F54199B","2026-09-19 23:34:28"
"build_clean_test\_deps\nlohmann_json-subbuild\nlohmann_json-populate-prefix\src\nlohmann_json-populate-stamp\nlohmann_json-populate-patch-info.txt","234","1B65EC9FCBBD17A6161E1654B212A61E96B5AF8F684DB5B57CC9A34CCB8FC08A","2026-09-19 23:34:28"
"build_clean_test\_deps\nlohmann_json-subbuild\nlohmann_json-populate-prefix\src\nlohmann_json-populate-stamp\nlohmann_json-populate-update-info.txt","270","1E7A50B58A848C38CCE229AFDCDDB502800991D383A5B52717831809448F316A","2026-09-19 23:34:28"
"build_clean_test\_deps\nlohmann_json-subbuild\nlohmann_json-populate-prefix\src\nlohmann_json-populate-stamp\nlohmann_json-populate-urlinfo.txt","1180","90B7C757DAEBF17CED359A0A17054E0107A6A42B8F04C79049F94E080E8C5698","2026-09-19 23:34:28"
"build_clean_test\_deps\nlohmann_json-subbuild\nlohmann_json-populate-prefix\src\nlohmann_json-populate-stamp\verify-nlohmann_json-populate.cmake","0","E3B0C44298FC1C149AFBF4C8996FB92427AE41E4649B934CA495991B7852B855","2026-09-19 23:34:28"
"build_clean_test\_deps\nlohmann_json-subbuild\nlohmann_json-populate-prefix\src\nlohmann_json-populate-stamp\Debug\nlohmann_json-populate-build","0","E3B0C44298FC1C149AFBF4C8996FB92427AE41E4649B934CA495991B7852B855","2026-09-19 23:34:29"
"build_clean_test\_deps\nlohmann_json-subbuild\nlohmann_json-populate-prefix\src\nlohmann_json-populate-stamp\Debug\nlohmann_json-populate-configure","0","E3B0C44298FC1C149AFBF4C8996FB92427AE41E4649B934CA495991B7852B855","2026-09-19 23:34:29"
"build_clean_test\_deps\nlohmann_json-subbuild\nlohmann_json-populate-prefix\src\nlohmann_json-populate-stamp\Debug\nlohmann_json-populate-done","0","E3B0C44298FC1C149AFBF4C8996FB92427AE41E4649B934CA495991B7852B855","2026-09-19 23:34:29"
"build_clean_test\_deps\nlohmann_json-subbuild\nlohmann_json-populate-prefix\src\nlohmann_json-populate-stamp\Debug\nlohmann_json-populate-download","0","E3B0C44298FC1C149AFBF4C8996FB92427AE41E4649B934CA495991B7852B855","2026-09-19 23:34:29"
"build_clean_test\_deps\nlohmann_json-subbuild\nlohmann_json-populate-prefix\src\nlohmann_json-populate-stamp\Debug\nlohmann_json-populate-install","0","E3B0C44298FC1C149AFBF4C8996FB92427AE41E4649B934CA495991B7852B855","2026-09-19 23:34:29"
"build_clean_test\_deps\nlohmann_json-subbuild\nlohmann_json-populate-prefix\src\nlohmann_json-populate-stamp\Debug\nlohmann_json-populate-mkdir","0","E3B0C44298FC1C149AFBF4C8996FB92427AE41E4649B934CA495991B7852B855","2026-09-19 23:34:28"
"build_clean_test\_deps\nlohmann_json-subbuild\nlohmann_json-populate-prefix\src\nlohmann_json-populate-stamp\Debug\nlohmann_json-populate-patch","0","E3B0C44298FC1C149AFBF4C8996FB92427AE41E4649B934CA495991B7852B855","2026-09-19 23:34:29"
"build_clean_test\_deps\nlohmann_json-subbuild\nlohmann_json-populate-prefix\src\nlohmann_json-populate-stamp\Debug\nlohmann_json-populate-test","0","E3B0C44298FC1C149AFBF4C8996FB92427AE41E4649B934CA495991B7852B855","2026-09-19 23:34:29"
"build_clean_test\_deps\nlohmann_json-subbuild\nlohmann_json-populate-prefix\src\nlohmann_json-populate-stamp\Debug\nlohmann_json-populate-update","0","E3B0C44298FC1C149AFBF4C8996FB92427AE41E4649B934CA495991B7852B855","2026-09-19 23:34:29"
"build_clean_test\_deps\nlohmann_json-subbuild\nlohmann_json-populate-prefix\tmp\nlohmann_json-populate-cfgcmd.txt","8","4338C530A76441CDA4F59C911C9FDF950E000F361B796FCD9DB755AAAE241FF9","2026-09-19 23:34:28"
"build_clean_test\_deps\nlohmann_json-subbuild\nlohmann_json-populate-prefix\tmp\nlohmann_json-populate-mkdirs.cmake","1703","2537B96055C137B78817013C0F64905CB136AFA6F8D5D6920826024289B41E6C","2026-09-19 23:34:28"
"build_clean_test\_deps\nlohmann_json-subbuild\x64\Debug\ALL_BUILD\ALL_BUILD.recipe","641","1E35076B94C031D57139C1290861C74D00C00703803DAE7767206B42EB9B1233","2026-09-19 23:34:30"
"build_clean_test\_deps\nlohmann_json-subbuild\x64\Debug\ALL_BUILD\ALL_BUILD.tlog\ALL_BUILD.lastbuildstate","190","DB34EBC2B50CE9BF706BFAACD4CF252D87ADA2B2092A363B76B2CEF88A0EFE4B","2026-09-19 23:34:30"
"build_clean_test\_deps\nlohmann_json-subbuild\x64\Debug\ALL_BUILD\ALL_BUILD.tlog\CustomBuild.command.1.tlog","533","E947065C05661F7A9393F016A47E44896F41A2E2B2D49F87BCB3DDE50E614B6E","2026-09-19 23:34:29"
"build_clean_test\_deps\nlohmann_json-subbuild\x64\Debug\ALL_BUILD\ALL_BUILD.tlog\CustomBuild.read.1.tlog","1738","8171C058865800A7719D70D0DC3E1635CC89FA329A32DF9DCB3DE5C7786FD73A","2026-09-19 23:34:29"
"build_clean_test\_deps\nlohmann_json-subbuild\x64\Debug\ALL_BUILD\ALL_BUILD.tlog\CustomBuild.write.1.tlog","166","E1674987D37F1D13A59319B91E27B30C4DB1C4AB75855D5261CCBF5EE486933E","2026-09-19 23:34:29"
"build_clean_test\_deps\nlohmann_json-subbuild\x64\Debug\nlohmann_json-populate\nlohmann_json-populate.recipe","489","748F557BA108E6F6077984E0A21233650D7263BDC724807D81BC911D6D7AD87B","2026-09-19 23:34:29"
"build_clean_test\_deps\nlohmann_json-subbuild\x64\Debug\nlohmann_json-populate\nlohmann.082D6743.tlog\CustomBuild.command.1.tlog","8233","AA00B35044C9A55F5F529E99F936AF0A656A11E1FE77B804E69341DE597A4AA2","2026-09-19 23:34:28"
"build_clean_test\_deps\nlohmann_json-subbuild\x64\Debug\nlohmann_json-populate\nlohmann.082D6743.tlog\CustomBuild.read.1.tlog","6464","30AED038556D518083A9545AA7742E4D9D567BF620418148C2281ABB1FD6DB8D","2026-09-19 23:34:28"
"build_clean_test\_deps\nlohmann_json-subbuild\x64\Debug\nlohmann_json-populate\nlohmann.082D6743.tlog\CustomBuild.write.1.tlog","3078","EC86CD5EBAFEA3AF3121A5A406F93D28B812F40B7FBBF4B921613A43B7A3341B","2026-09-19 23:34:28"
"build_clean_test\_deps\nlohmann_json-subbuild\x64\Debug\nlohmann_json-populate\nlohmann.082D6743.tlog\nlohmann_json-populate.lastbuildstate","190","DB34EBC2B50CE9BF706BFAACD4CF252D87ADA2B2092A363B76B2CEF88A0EFE4B","2026-09-19 23:34:29"
"build_clean_test\_deps\nlohmann_json-subbuild\x64\Debug\ZERO_CHECK\ZERO_CHECK.recipe","324","084350A34A9B74902E0EEAD9DD39945CDD7F4E1D37B55FBDF5CCDF8DC9A81100","2026-09-19 23:34:28"
"build_clean_test\_deps\nlohmann_json-subbuild\x64\Debug\ZERO_CHECK\ZERO_CHECK.tlog\CustomBuild.command.1.tlog","633","205DF35CDDB25A68016E4939D6255A170A76748C4E5CD42E7A7E94FD7F76DFA6","2026-09-19 23:34:28"
"build_clean_test\_deps\nlohmann_json-subbuild\x64\Debug\ZERO_CHECK\ZERO_CHECK.tlog\CustomBuild.read.1.tlog","1864","90BEA19A330C211D49D89AE8F437EFF5F90D27B71DE3EBC854ED9A9ED98506AB","2026-09-19 23:34:28"
"build_clean_test\_deps\nlohmann_json-subbuild\x64\Debug\ZERO_CHECK\ZERO_CHECK.tlog\CustomBuild.write.1.tlog","215","3D5203A3B7034A906C6361635501C6C9655C8FD1CDAFB6104EBD5A590EE5E7A5","2026-09-19 23:34:28"
"build_clean_test\_deps\nlohmann_json-subbuild\x64\Debug\ZERO_CHECK\ZERO_CHECK.tlog\ZERO_CHECK.lastbuildstate","190","DB34EBC2B50CE9BF706BFAACD4CF252D87ADA2B2092A363B76B2CEF88A0EFE4B","2026-09-19 23:34:28"
"build_clean_test2\CMakeCache.txt","2831","BF18EF8C462292FC4BEDEDF255522C5AA7674EBAB8AC9FDF81352A4DE0012FAC","2026-09-19 23:59:17"
"build_clean_test2\CMakeFiles\cmake.check_cache","86","95079B44BCEF481D601432C2FD3C654D7FE85B9C8386C355F2874502B47441D7","2026-09-20 00:00:17"
"build_clean_test3\CMakeCache.txt","43790","6EF9FB976A091733E6EE5BAA6644F0E2CA9E83700F53724CA367564C00A1279F","2026-09-20 00:06:47"
"build_clean_test3\CMakeFiles\cmake.check_cache","86","95079B44BCEF481D601432C2FD3C654D7FE85B9C8386C355F2874502B47441D7","2026-09-20 00:06:47"
"build_clean_test3\CMakeFiles\CMakeConfigureLog.yaml","535993","FEAE58B33C28AD5957562748712D2369420E37047B96AFEDB23098DCC60A4C90","2026-09-20 00:06:47"
"build_clean_test3\CMakeFiles\4.4.2\CMakeASM_MASMCompiler.cmake","1555","2854EEB905485DAFD438E0C81309CB5FEBF71AC879DD3B77F5823D872C31C841","2026-09-20 00:05:38"
"build_clean_test3\CMakeFiles\4.4.2\CMakeCCompiler.cmake","3411","C96A9C696C6E2168D03B3F7B05F229CAA42F1673D3BDC90BC9BB5C7C0A63631E","2026-09-20 00:05:38"
"build_clean_test3\CMakeFiles\4.4.2\CMakeCXXCompiler.cmake","6632","3818AE800A1D94F1B189F721136856C561F51E1E9C0562B1C1FD8285A06E357C","2026-09-20 00:05:39"
"build_clean_test3\CMakeFiles\4.4.2\CMakeDetermineCompilerABI_C.bin","53248","7FC6ADAC8FCD56966FA6AB9B7ED1CB79223652ED7698473E5AD026D4798C5C1A","2026-09-20 00:05:38"
"build_clean_test3\CMakeFiles\4.4.2\CMakeDetermineCompilerABI_CXX.bin","53248","4177F9B993DDA0AA8E435294B912547E27E8AEF300E2CCD0BABAA9D6016BEC6D","2026-09-20 00:05:39"
"build_clean_test3\CMakeFiles\4.4.2\CMakeRCCompiler.cmake","276","F1C96E7B6BC035D04A44733638743F28BF70450E870A3095A55CFF6AD81924FA","2026-09-20 00:05:38"
"build_clean_test3\CMakeFiles\4.4.2\CMakeSystem.cmake","399","14F764C3F0C50603F951C55B1787FA383C48D641385221057CD4F25001C4B314","2026-09-20 00:05:36"
"build_clean_test3\CMakeFiles\4.4.2\VCTargetsPath.txt","90","7BF0943F47FD89DDF6E8623056ED4AFA49693BCC8C6885EA90D889DBBC3CAD9C","2026-09-20 00:05:36"
"build_clean_test3\CMakeFiles\4.4.2\VCTargetsPath.vcxproj","1255","E4B780FA88A782F3788553546AE6BAB68373AE8378266CE7570A7DBEB1120D3D","2026-09-20 00:05:36"
"build_clean_test3\CMakeFiles\4.4.2\CompilerIdC\CMakeCCompilerId.c","29974","6B712B317574A51D1D4F3A69F0722D9EF310910570FD191501CDD45655E061D3","2026-09-20 00:05:36"
"build_clean_test3\CMakeFiles\4.4.2\CompilerIdC\CompilerIdC.exe","14848","7B1FFCBA414F6346DF45D4246F7DAC6B4DD77D091B2B985D5E8E043FA6EBE723","2026-09-20 00:05:37"
"build_clean_test3\CMakeFiles\4.4.2\CompilerIdC\CompilerIdC.vcxproj","2798","AF8BC7C7D110CBD801BAF170898C4EB9021E0272D6E7C0092478EF9A634DF7EC","2026-09-20 00:05:36"
"build_clean_test3\CMakeFiles\4.4.2\CompilerIdC\Debug\CMakeCCompilerId.obj","2298","0552664048E10FCE9DD46703273B9C8100A80FEC6CB26CB4ED52B0CA53498C22","2026-09-20 00:05:37"
"build_clean_test3\CMakeFiles\4.4.2\CompilerIdC\Debug\CompilerIdC.exe.recipe","320","034551228E2DE75CB7668623653FF0D58B3E2D32DD1E1C312BB3F2323D87C5D6","2026-09-20 00:05:37"
"build_clean_test3\CMakeFiles\4.4.2\CompilerIdC\Debug\CompilerIdC.tlog\CL.command.1.tlog","704","D23018D23300AB0FCFA31FCF0594202F11BC8A8E3667AD2403E15F03D85E534C","2026-09-20 00:05:37"
"build_clean_test3\CMakeFiles\4.4.2\CompilerIdC\Debug\CompilerIdC.tlog\Cl.items.tlog","171","654E5E452B56BCC67AFC6CE7D78F35AA93E089D45322DDE30E9683238E089CEE","2026-09-20 00:05:37"
"build_clean_test3\CMakeFiles\4.4.2\CompilerIdC\Debug\CompilerIdC.tlog\CL.read.1.tlog","570","3808797501B165508B9F4C25E4A36DB2040A3C4F984981E91703AB5D1F8CA01C","2026-09-20 00:05:37"
"build_clean_test3\CMakeFiles\4.4.2\CompilerIdC\Debug\CompilerIdC.tlog\CL.write.1.tlog","348","5043EBD68CF5928D6E413DE4BA7E1EFFB26B1035130C3BC311076A780416015B","2026-09-20 00:05:37"
"build_clean_test3\CMakeFiles\4.4.2\CompilerIdC\Debug\CompilerIdC.tlog\CompilerIdC.lastbuildstate","191","6A4C90048B857A561279E6BF85A644A0814DFB2A1D7C8039351A137925A5EAA4","2026-09-20 00:05:37"
"build_clean_test3\CMakeFiles\4.4.2\CompilerIdC\Debug\CompilerIdC.tlog\link.command.1.tlog","1006","055A17F434384B49B0CF85898AAE5E4C6281C295BBD501EBDDAF7B980654F5E6","2026-09-20 00:05:37"
"build_clean_test3\CMakeFiles\4.4.2\CompilerIdC\Debug\CompilerIdC.tlog\link.read.1.tlog","3398","810DBE016DF891348F128AE4F455E2D3187FF6766F649E9AD59D572963EF6C39","2026-09-20 00:05:37"
"build_clean_test3\CMakeFiles\4.4.2\CompilerIdC\Debug\CompilerIdC.tlog\link.secondary.1.tlog","91","09FE7A8322970A1F9F601F5A37503551C58A6D1A7CAD9BB23537AF6CB49C17CD","2026-09-20 00:05:37"
"build_clean_test3\CMakeFiles\4.4.2\CompilerIdC\Debug\CompilerIdC.tlog\link.write.1.tlog","342","E1E0F6B873D50602407E39871C026703602F77C56F23CB27C6E1852058E6DA28","2026-09-20 00:05:37"
"build_clean_test3\CMakeFiles\4.4.2\CompilerIdCXX\CMakeCXXCompilerId.cpp","30605","C260F5F6368FE636DA54C24D6ABD310AC6FCC3ACDC4BDC674D9B7223569A85EB","2026-09-20 00:05:37"
"build_clean_test3\CMakeFiles\4.4.2\CompilerIdCXX\CompilerIdCXX.exe","15360","245C5072573EA06D7497BF256D92650042B7D63333FFC779035A56E33C740E14","2026-09-20 00:05:38"
"build_clean_test3\CMakeFiles\4.4.2\CompilerIdCXX\CompilerIdCXX.vcxproj","2806","21FC02677B659ADE12A520B7B4B7ADF6F15E1C4BE0F1F6D6371CC636682DC3BA","2026-09-20 00:05:37"
"build_clean_test3\CMakeFiles\4.4.2\CompilerIdCXX\Debug\CMakeCXXCompilerId.obj","2365","824372EF8D273459569069DBA4AD9E7298760131997C515CCC4DBD356AB45A13","2026-09-20 00:05:37"
"build_clean_test3\CMakeFiles\4.4.2\CompilerIdCXX\Debug\CompilerIdCXX.exe.recipe","324","8D0FB4C6D924136D0EDCDB1D4FFB88BDAFF60F94C54CB427D8F28C7901C4C972","2026-09-20 00:05:38"
"build_clean_test3\CMakeFiles\4.4.2\CompilerIdCXX\Debug\CompilerIdCXX.tlog\CL.command.1.tlog","728","3399C38BEEF95E3C3767E180A3AB975E798D3E789F35EA1DEC147036ADB5EE85","2026-09-20 00:05:37"
"build_clean_test3\CMakeFiles\4.4.2\CompilerIdCXX\Debug\CompilerIdCXX.tlog\Cl.items.tlog","181","3C9A212070E57D765DC58C154EE066F360EAA26935999A1ED08A0B7B2B65BC55","2026-09-20 00:05:38"
"build_clean_test3\CMakeFiles\4.4.2\CompilerIdCXX\Debug\CompilerIdCXX.tlog\CL.read.1.tlog","582","6D17979D85C0F2F0D5703F011B16EA1CC754124625B0DE024F0DBA0A13CCD718","2026-09-20 00:05:37"
"build_clean_test3\CMakeFiles\4.4.2\CompilerIdCXX\Debug\CompilerIdCXX.tlog\CL.write.1.tlog","368","170D40503FB401DC552280BCB02EF9F5A680A063131AC0B05D5AEA6F11A313D5","2026-09-20 00:05:37"
"build_clean_test3\CMakeFiles\4.4.2\CompilerIdCXX\Debug\CompilerIdCXX.tlog\CompilerIdCXX.lastbuildstate","193","085257C29763F66AB44D78B19C285C9CEA319ABD4AB990E52525E37874348C4A","2026-09-20 00:05:38"
"build_clean_test3\CMakeFiles\4.4.2\CompilerIdCXX\Debug\CompilerIdCXX.tlog\link.command.1.tlog","1030","AF2166E363D9B83051266CAE40EE33997110B9764A5DA017506422E705C89E3F","2026-09-20 00:05:38"
"build_clean_test3\CMakeFiles\4.4.2\CompilerIdCXX\Debug\CompilerIdCXX.tlog\link.read.1.tlog","3414","4FEF2842DCC8A4BD8BFAB4A3FA7EF7DFA954264D50597B941D7A99AADFABF403","2026-09-20 00:05:38"
"build_clean_test3\CMakeFiles\4.4.2\CompilerIdCXX\Debug\CompilerIdCXX.tlog\link.secondary.1.tlog","95","154949F31B7F47B70527A766F77D80FAE39F962FDB37054B7A27B7DA554D8A71","2026-09-20 00:05:38"
"build_clean_test3\CMakeFiles\4.4.2\CompilerIdCXX\Debug\CompilerIdCXX.tlog\link.write.1.tlog","358","9DB56CA37EC72276D5B985E4FAF8BBE217DF9303065F2F5D82BE86EC7A5B90C0","2026-09-20 00:05:38"
"build_clean_test3\CMakeFiles\4.4.2\VCTargetsPath\x64\Debug\VCTargetsPath.recipe","316","69DDFCEAC96EFD077ED19237856E232FE51F14D16C68134EAA6DCEC0EF7DE4D5","2026-09-20 00:05:36"
"build_clean_test3\CMakeFiles\4.4.2\VCTargetsPath\x64\Debug\VCTargetsPath.tlog\VCTargetsPath.lastbuildstate","179","716566B877814580A829683551F2E98877382A5B676A00196E6D513BAB955655","2026-09-20 00:05:36"
"build_clean_test3\_deps\nlohmann_json-build\nlohmann_json.pc","115","7629FAC183E1A0948AD7435EE77F88D00CD1C8F0B0CDAF0402BA0329F5552826","2026-09-20 00:05:41"
"build_clean_test3\_deps\nlohmann_json-build\nlohmann_jsonConfig.cmake","635","A879DC2B648E17AC32836EF9013B5A6CF1234A74B9A60962CC081C3776C9F13F","2026-09-20 00:05:41"
"build_clean_test3\_deps\nlohmann_json-build\nlohmann_jsonConfigVersion.cmake","696","B6D73337D16D3DEB4B192056D1AC9E7E962929EC993F7F9652A949DE3D38CE8F","2026-09-20 00:05:41"
"build_clean_test3\_deps\nlohmann_json-src\CMakeLists.txt","7180","9A00F4234C7804AF1A8ABA619C28B7462B11683FD6628A0EA62CBC168764C87F","2023-11-28 14:38:03"
"build_clean_test3\_deps\nlohmann_json-src\LICENSE.MIT","1076","86B998C792894CCB911A1CB7994F7A9652894E7A094C0B5E45BE2F553F45CF14","2023-11-28 14:38:03"
"build_clean_test3\_deps\nlohmann_json-src\nlohmann_json.natvis","19578","162666E7AB4D725A6E9621F0D31097802B58B838E907AE5445C7C938FD0257B1","2023-11-28 14:38:03"
"build_clean_test3\_deps\nlohmann_json-src\cmake\config.cmake.in","710","DE73A6E0CDFC9CB1FC28A6156D7E2660F498C9F30AD7D4DE5600BA279DA0A3F3","2023-11-28 14:38:03"
"build_clean_test3\_deps\nlohmann_json-src\cmake\nlohmann_jsonConfigVersion.cmake.in","709","F3E940FC8846A483A5F35B9D47FA9AE700765B60A3D17EED2229A0BD7818F567","2023-11-28 14:38:03"
"build_clean_test3\_deps\nlohmann_json-src\cmake\pkg-config.pc.in","126","796C801C759EB4D5E165AFA2441481FFF5487A2FD35BBFCEC841367D9772F760","2023-11-28 14:38:03"
"build_clean_test3\_deps\nlohmann_json-src\include\nlohmann\adl_serializer.hpp","2279","242B578E1A41C97DEC6890BD88BDB824CDB76A9EDD849C108299A59469D327E0","2023-11-28 14:38:03"
"build_clean_test3\_deps\nlohmann_json-src\include\nlohmann\byte_container_with_subtype.hpp","3533","C7DC197CBB54B9168373B4B9A3E1CC57CC5583BFCF5008B722B363335BC53511","2023-11-28 14:38:03"
"build_clean_test3\_deps\nlohmann_json-src\include\nlohmann\json.hpp","198618","2432CBF7F4258453538ECA193CD937FC777462AE2CE8EE9F46E6EE460EF56BEA","2023-11-28 14:38:03"
"build_clean_test3\_deps\nlohmann_json-src\include\nlohmann\json_fwd.hpp","2541","C5B950B428534861B5869254FD773AFC724112FC9E141BD1FC89189640A3AE5D","2023-11-28 14:38:03"
"build_clean_test3\_deps\nlohmann_json-src\include\nlohmann\ordered_map.hpp","11692","31D1BB02500B734E09C27CE2CC216C8AF188344FBC19A6946AE301A12C7B62DF","2023-11-28 14:38:03"
"build_clean_test3\_deps\nlohmann_json-src\include\nlohmann\detail\abi_macros.hpp","3807","1C7DC7C5062B199A35853F4056ED00ED359EF8FA5C7FB15A58BC79598EC21422","2023-11-28 14:38:03"
"build_clean_test3\_deps\nlohmann_json-src\include\nlohmann\detail\exceptions.hpp","9267","55299C55106DE2624CA7AA6A5705AD6FF53814C1B52F8FE8D2872F13C956C95A","2023-11-28 14:38:03"
"build_clean_test3\_deps\nlohmann_json-src\include\nlohmann\detail\hash.hpp","4016","74A9E3AF772127CF0B12EE794ABC8C47B5BEA74CE658D0D20179A26BE5D95D0D","2023-11-28 14:38:03"
"build_clean_test3\_deps\nlohmann_json-src\include\nlohmann\detail\json_custom_base_class.hpp","1178","70DA7C5B17777F8DA6D83310D6526856542585EFA8A078DB61227B11AAF9EC0B","2023-11-28 14:38:03"
"build_clean_test3\_deps\nlohmann_json-src\include\nlohmann\detail\json_pointer.hpp","37143","4CF537AD88B2D686D5A349B26DA7E012BA9A58B01A0AB2BADAA796D9150E69BB","2023-11-28 14:38:03"
"build_clean_test3\_deps\nlohmann_json-src\include\nlohmann\detail\json_ref.hpp","1811","1660750DD10A562AAC1EEA37021F1E7138A5D6D50B051815708497A8D30BF60D","2023-11-28 14:38:03"
"build_clean_test3\_deps\nlohmann_json-src\include\nlohmann\detail\macro_scope.hpp","43639","70D2B2AA49A93170DED3D0C0D1B0F76103FDD09704BA5ECC862BC03095920847","2023-11-28 14:38:03"
"build_clean_test3\_deps\nlohmann_json-src\include\nlohmann\detail\macro_unscope.hpp","1252","5F7040DF475E2C943D9B22C335B61600DEB14B1E48A69B3450DE4C4A08C320BC","2023-11-28 14:38:03"
"build_clean_test3\_deps\nlohmann_json-src\include\nlohmann\detail\string_concat.hpp","5951","E8001630045F800C0EBCFC19E2B2F90139A4D20A9A359E134657767FD6FA9AA2","2023-11-28 14:38:03"
"build_clean_test3\_deps\nlohmann_json-src\include\nlohmann\detail\string_escape.hpp","2168","3BF6687FFA7F6FD3034591ADFDD6EA073584DF83694C6B57FEED9ADA965801E7","2023-11-28 14:38:03"
"build_clean_test3\_deps\nlohmann_json-src\include\nlohmann\detail\value_t.hpp","4326","60A7E24B34E93B8BA40EECF310A40C55042754328271C246F9CC1069F6A25958","2023-11-28 14:38:03"
"build_clean_test3\_deps\nlohmann_json-src\include\nlohmann\detail\conversions\from_json.hpp","18880","B37CED0BA32F8AC5834B4C96058CA5E445BCCEA27F46299A359EED0ECBF2E58E","2023-11-28 14:38:03"
"build_clean_test3\_deps\nlohmann_json-src\include\nlohmann\detail\conversions\to_chars.hpp","38562","5FE11205C45DBD08373244D743F38E89CEEFB8C9B5FC4C68077117C786D53BEF","2023-11-28 14:38:03"
"build_clean_test3\_deps\nlohmann_json-src\include\nlohmann\detail\conversions\to_json.hpp","16274","73BAD524856D475A6071FD7B5422F80DF13BA7586F0D4B48141C2EC60CEBCF89","2023-11-28 14:38:03"
"build_clean_test3\_deps\nlohmann_json-src\include\nlohmann\detail\input\binary_reader.hpp","103146","484BCC276C4FA6C7C61A93A8223F3E53BB4DC966E688E96641A93A50D7E503E9","2023-11-28 14:38:03"
"build_clean_test3\_deps\nlohmann_json-src\include\nlohmann\detail\input\input_adapters.hpp","17402","BD549419506089C82C94446F939587362FF01516B8E6624C472E704D27B1BE42","2023-11-28 14:38:03"
"build_clean_test3\_deps\nlohmann_json-src\include\nlohmann\detail\input\json_sax.hpp","21420","9147C9D07784A5F3DE890D68401AE07D03D0BC0DB24EBCBE7BEB8A31CFD858A0","2023-11-28 14:38:03"
"build_clean_test3\_deps\nlohmann_json-src\include\nlohmann\detail\input\lexer.hpp","54569","550C275F09D55DEB1705B97B8A15B02F211EA0BA87E95452E7A023B854BB024C","2023-11-28 14:38:03"
"build_clean_test3\_deps\nlohmann_json-src\include\nlohmann\detail\input\parser.hpp","19661","094AED22CFDD641AC15EF59BFEF8DD1E23FD92373633A92ED928CB580F0CBD7E","2023-11-28 14:38:03"
"build_clean_test3\_deps\nlohmann_json-src\include\nlohmann\detail\input\position_t.hpp","958","0C9C5BE26020C0A7929F3CC1E7E0065589D6A8F4DC1BD2EE13F10EF1A7EFAA24","2023-11-28 14:38:03"
"build_clean_test3\_deps\nlohmann_json-src\include\nlohmann\detail\iterators\internal_iterator.hpp","1071","E75CF5E3C9AE358055BF3335FA2C5B6BBFBD1E24EA3DFDB62C187F37A8E2B485","2023-11-28 14:38:03"
"build_clean_test3\_deps\nlohmann_json-src\include\nlohmann\detail\iterators\iteration_proxy.hpp","8238","839EFBA147F6F15C693C741039DAA3D383C2F4AFB8FE653E4DAD49A9F998D1D1","2023-11-28 14:38:03"
"build_clean_test3\_deps\nlohmann_json-src\include\nlohmann\detail\iterators\iterator_traits.hpp","1757","04B0EDAEB214AA1C932B9078849A8FBBBDA9C7A241B4CBC28A90B6D11C959443","2023-11-28 14:38:03"
"build_clean_test3\_deps\nlohmann_json-src\include\nlohmann\detail\iterators\iter_impl.hpp","24046","70D81EBB931DB43A19FE3872A3FB1BC91FAB27509C8D29EE4C4DD247B384CAE1","2023-11-28 14:38:03"
"build_clean_test3\_deps\nlohmann_json-src\include\nlohmann\detail\iterators\json_reverse_iterator.hpp","3861","031B45C4F90AB7D64ECB6606FAD880D867A23FC63A431F0DE34F0FC104307B66","2023-11-28 14:38:03"
"build_clean_test3\_deps\nlohmann_json-src\include\nlohmann\detail\iterators\primitive_iterator.hpp","3227","6C949107BB779CECB8BEBA0835F7292656B52B08C3F6A6D3B27229B58C28AEFE","2023-11-28 14:38:03"
"build_clean_test3\_deps\nlohmann_json-src\include\nlohmann\detail\meta\cpp_future.hpp","5178","486BA5A3724131D0C1646E36D9A4A9877505B2914078347E6067BB65593F01CE","2023-11-28 14:38:03"
"build_clean_test3\_deps\nlohmann_json-src\include\nlohmann\detail\meta\detected.hpp","2109","F79AA1F107E4DFD4554753E6FE05364A1147EF4498D3125CFC939A5534D2D527","2023-11-28 14:38:03"
"build_clean_test3\_deps\nlohmann_json-src\include\nlohmann\detail\meta\identity_tag.hpp","526","BBA9559DEC8519DE3044B537E96A59A601831797A5A3C38BF8023A6D949118D0","2023-11-28 14:38:03"
"build_clean_test3\_deps\nlohmann_json-src\include\nlohmann\detail\meta\is_sax.hpp","6960","1F81D6098B9AAD02A95C27EC333BBB13EEC3C5171B968E39B7ECB1B06B16C55B","2023-11-28 14:38:03"
"build_clean_test3\_deps\nlohmann_json-src\include\nlohmann\detail\meta\std_fs.hpp","766","FB514154EA8C11C04A00EFEB2E89EDBFD40F149ED39EF36568D9B2A1062E85E0","2023-11-28 14:38:03"
"build_clean_test3\_deps\nlohmann_json-src\include\nlohmann\detail\meta\type_traits.hpp","29454","1F901F9E4BCD585FF22C6B0C0956566BA8A4A1238A490A64E7755A2C313040D5","2023-11-28 14:38:03"
"build_clean_test3\_deps\nlohmann_json-src\include\nlohmann\detail\meta\void_t.hpp","597","581E7B157457EB9C488793F2CD7066B2C1BA31D5E9FEA6F0D67C8C732B5088E4","2023-11-28 14:38:03"
"build_clean_test3\_deps\nlohmann_json-src\include\nlohmann\detail\meta\call_std\begin.hpp","453","379660C15A30B84FF2A67E22734638F608CC37B34648461C7E9167DA1153D861","2023-11-28 14:38:03"
"build_clean_test3\_deps\nlohmann_json-src\include\nlohmann\detail\meta\call_std\end.hpp","451","DECA609BF200442F452B848C19F28EE30879DF0CA35E959ED3B41F861C92DF55","2023-11-28 14:38:03"
"build_clean_test3\_deps\nlohmann_json-src\include\nlohmann\detail\output\binary_writer.hpp","71152","665CE1EA5FB2CB425896B713BDD8D8D5A6D69688924FA6E2EFAFFB4E9D132011","2023-11-28 14:38:03"
"build_clean_test3\_deps\nlohmann_json-src\include\nlohmann\detail\output\output_adapters.hpp","4067","1E0BCC375B4D84180649198E2F8061F5968A10A6913231FEE097689D281ED565","2023-11-28 14:38:03"
"build_clean_test3\_deps\nlohmann_json-src\include\nlohmann\detail\output\serializer.hpp","40163","259C611D4B1147E3626D25BC05994B28F91F4FCCA2E578E486DCF51C0234E5C8","2023-11-28 14:38:03"
"build_clean_test3\_deps\nlohmann_json-src\include\nlohmann\thirdparty\hedley\hedley.hpp","86068","20D6C1C6D6C30365F68A45093798937971B593919FB3051431F0C015DFA671FB","2023-11-28 14:38:03"
"build_clean_test3\_deps\nlohmann_json-src\include\nlohmann\thirdparty\hedley\hedley_undef.hpp","5500","0F8902F26872F40A2514E9C9BE2FCEBFCE6CDE0022E9364FDDD17FB49575B146","2023-11-28 14:38:03"
"build_clean_test3\_deps\nlohmann_json-src\single_include\nlohmann\json.hpp","919975","9BEA4C8066EF4A1C206B2BE5A36302F8926F7FDC6087AF5D20B417D0CF103EA6","2023-11-28 14:38:03"
"build_clean_test3\_deps\nlohmann_json-src\single_include\nlohmann\json_fwd.hpp","6340","5CEFBBA751BAF5243033FD894C70BE9B37103D64B3D3A959E4173197D71137B9","2023-11-28 14:38:03"
"build_clean_test3\_deps\nlohmann_json-subbuild\ALL_BUILD.vcxproj","6275","89E2CA7B56BE713FE4B0D1C697C609025A71DD03B9AF81CEA7485F5B0322B787","2026-09-20 00:06:46"
"build_clean_test3\_deps\nlohmann_json-subbuild\ALL_BUILD.vcxproj.filters","316","FF75A49639E43FFAEDF6CA0D936BBDE5E246ED70605C1A41E60C0AE0380436BD","2026-09-20 00:05:39"
"build_clean_test3\_deps\nlohmann_json-subbuild\CMakeCache.txt","5431","67FAD8DC19CF4A6AD2E978C4456C6BDE45CE3E45435D72D2CD3A41DF1C1DF57A","2026-09-20 00:05:39"
"build_clean_test3\_deps\nlohmann_json-subbuild\CMakeLists.txt","1548","B9DC71A61719139C2A307D8F560A4A9E55CBE79E0ABA96930B7B34D2DCCAD326","2026-09-20 00:05:39"
"build_clean_test3\_deps\nlohmann_json-subbuild\cmake_install.cmake","2002","5B52B022BEB8E7121E8B754E725CD3B71578A56DCB17410BA32AC755EB5504A9","2026-09-20 00:06:46"
"build_clean_test3\_deps\nlohmann_json-subbuild\nlohmann_json-populate.sln","2673","E9756A9E72DDC9049211D17D892A32507F5187EA03423A7175EF7B13F98567B4","2026-09-20 00:05:39"
"build_clean_test3\_deps\nlohmann_json-subbuild\nlohmann_json-populate.vcxproj","25230","133D16F43E23430D0B0C0C4BB00D19EC55AFCC00EDF98A09BA0C87FD87EE9D76","2026-09-20 00:06:46"
"build_clean_test3\_deps\nlohmann_json-subbuild\nlohmann_json-populate.vcxproj.filters","2857","7139C863A01C4C954B2230101CDADF942E676A13962B89951D3A35B8350ACC3F","2026-09-20 00:05:39"
"build_clean_test3\_deps\nlohmann_json-subbuild\ZERO_CHECK.vcxproj","5736","64FBF8C755CCE6D2C0852F76EE923BF0E16CF394587EA1884DB2E0377CC34AC3","2026-09-20 00:06:46"
"build_clean_test3\_deps\nlohmann_json-subbuild\ZERO_CHECK.vcxproj.filters","553","D2793B1643DA59D957C444E41190B9892490C317C283B9DF901A4D1CB78319C6","2026-09-20 00:05:39"
"build_clean_test3\_deps\nlohmann_json-subbuild\CMakeFiles\cmake.check_cache","86","95079B44BCEF481D601432C2FD3C654D7FE85B9C8386C355F2874502B47441D7","2026-09-20 00:06:46"
"build_clean_test3\_deps\nlohmann_json-subbuild\CMakeFiles\CMakeConfigureLog.yaml","271","ECF712160B779608B83B769991FDA879E04498880AF245A3073EE7466823C663","2026-09-20 00:05:39"
"build_clean_test3\_deps\nlohmann_json-subbuild\CMakeFiles\generate.stamp","55","302F7E9A0C863C04B740065ADE01D243C7587D7272FC79FB002870128A9558EB","2026-09-20 00:06:46"
"build_clean_test3\_deps\nlohmann_json-subbuild\CMakeFiles\generate.stamp.depend","1652","15F32EE936C06EB60052A251057D441C9112E9D35F89551409F33A78158A893E","2026-09-20 00:06:46"
"build_clean_test3\_deps\nlohmann_json-subbuild\CMakeFiles\generate.stamp.list","89","5EAA96661B0A1A11286C98E116F42AB739B10FE2EE599A2C53644747798EA22B","2026-09-20 00:06:46"
"build_clean_test3\_deps\nlohmann_json-subbuild\CMakeFiles\InstallScripts.json","145","06EA9D799800D1B9E573BDB8878A7A4211D9890B5FAEF2E82988BE30E6C7217D","2026-09-20 00:06:46"
"build_clean_test3\_deps\nlohmann_json-subbuild\CMakeFiles\TargetDirectories.txt","278","D6086748790CCD6F2BC8F752C9B4463D259EF8011ABB34B2002011ABE8A15B07","2026-09-20 00:06:46"
"build_clean_test3\_deps\nlohmann_json-subbuild\CMakeFiles\2c39ed244449d894b29beedad3f192a7\generate.stamp.rule","24","6D2663216BB5708992DAD2784A833F449113AFD00FD431274CA956FB2530D391","2000-12-31 19:00:00"
"build_clean_test3\_deps\nlohmann_json-subbuild\CMakeFiles\2c39ed244449d894b29beedad3f192a7\nlohmann_json-populate.rule","24","6D2663216BB5708992DAD2784A833F449113AFD00FD431274CA956FB2530D391","2000-12-31 19:00:00"
"build_clean_test3\_deps\nlohmann_json-subbuild\CMakeFiles\4.4.2\CMakeSystem.cmake","395","CB655F074177502B26612FA979EE72C606731A0B59F300E936EBBA161D8CCE09","2026-09-20 00:05:39"
"build_clean_test3\_deps\nlohmann_json-subbuild\CMakeFiles\4.4.2\VCTargetsPath.txt","90","7BF0943F47FD89DDF6E8623056ED4AFA49693BCC8C6885EA90D889DBBC3CAD9C","2026-09-20 00:05:39"
"build_clean_test3\_deps\nlohmann_json-subbuild\CMakeFiles\4.4.2\VCTargetsPath.vcxproj","1255","E4B780FA88A782F3788553546AE6BAB68373AE8378266CE7570A7DBEB1120D3D","2026-09-20 00:05:39"
"build_clean_test3\_deps\nlohmann_json-subbuild\CMakeFiles\4.4.2\VCTargetsPath\x64\Debug\VCTargetsPath.recipe","345","B2EB256978309F3FB0429E647AFA85551942EDD31A4BBA124BBCB95A5B71E70D","2026-09-20 00:05:39"
"build_clean_test3\_deps\nlohmann_json-subbuild\CMakeFiles\4.4.2\VCTargetsPath\x64\Debug\VCTargetsPath.tlog\VCTargetsPath.lastbuildstate","208","FA9CCD20C007138D00BF9401594D94AA33CBFE8E5B23CFB52C6AFFFF7342F9D3","2026-09-20 00:05:39"
"build_clean_test3\_deps\nlohmann_json-subbuild\CMakeFiles\bc2b422cf3da97bcd2681490d145206d\nlohmann_json-populate-complete.rule","24","6D2663216BB5708992DAD2784A833F449113AFD00FD431274CA956FB2530D391","2000-12-31 19:00:00"
"build_clean_test3\_deps\nlohmann_json-subbuild\CMakeFiles\d7d660005d0982460aa2a3b8653a9c80\nlohmann_json-populate-build.rule","24","6D2663216BB5708992DAD2784A833F449113AFD00FD431274CA956FB2530D391","2000-12-31 19:00:00"
"build_clean_test3\_deps\nlohmann_json-subbuild\CMakeFiles\d7d660005d0982460aa2a3b8653a9c80\nlohmann_json-populate-configure.rule","24","6D2663216BB5708992DAD2784A833F449113AFD00FD431274CA956FB2530D391","2000-12-31 19:00:00"
"build_clean_test3\_deps\nlohmann_json-subbuild\CMakeFiles\d7d660005d0982460aa2a3b8653a9c80\nlohmann_json-populate-download.rule","24","6D2663216BB5708992DAD2784A833F449113AFD00FD431274CA956FB2530D391","2000-12-31 19:00:00"
"build_clean_test3\_deps\nlohmann_json-subbuild\CMakeFiles\d7d660005d0982460aa2a3b8653a9c80\nlohmann_json-populate-install.rule","24","6D2663216BB5708992DAD2784A833F449113AFD00FD431274CA956FB2530D391","2000-12-31 19:00:00"
"build_clean_test3\_deps\nlohmann_json-subbuild\CMakeFiles\d7d660005d0982460aa2a3b8653a9c80\nlohmann_json-populate-mkdir.rule","24","6D2663216BB5708992DAD2784A833F449113AFD00FD431274CA956FB2530D391","2000-12-31 19:00:00"
"build_clean_test3\_deps\nlohmann_json-subbuild\CMakeFiles\d7d660005d0982460aa2a3b8653a9c80\nlohmann_json-populate-patch.rule","24","6D2663216BB5708992DAD2784A833F449113AFD00FD431274CA956FB2530D391","2000-12-31 19:00:00"
"build_clean_test3\_deps\nlohmann_json-subbuild\CMakeFiles\d7d660005d0982460aa2a3b8653a9c80\nlohmann_json-populate-test.rule","24","6D2663216BB5708992DAD2784A833F449113AFD00FD431274CA956FB2530D391","2000-12-31 19:00:00"
"build_clean_test3\_deps\nlohmann_json-subbuild\CMakeFiles\d7d660005d0982460aa2a3b8653a9c80\nlohmann_json-populate-update.rule","24","6D2663216BB5708992DAD2784A833F449113AFD00FD431274CA956FB2530D391","2000-12-31 19:00:00"
"build_clean_test3\_deps\nlohmann_json-subbuild\CMakeFiles\Debug\nlohmann_json-populate-complete","0","E3B0C44298FC1C149AFBF4C8996FB92427AE41E4649B934CA495991B7852B855","2026-09-20 00:05:41"
"build_clean_test3\_deps\nlohmann_json-subbuild\CMakeFiles\nlohmann_json-populate.dir\Labels.json","1929","D05F2680B6992E004E211832CD05FDD2A786BA4A4739B5ABB973B8A79AE4C462","2026-09-20 00:06:46"
"build_clean_test3\_deps\nlohmann_json-subbuild\CMakeFiles\nlohmann_json-populate.dir\Labels.txt","1588","8931789CBEB6C166D60CF00209B0F977648576FFEAB9578E7696EC8628EDDE94","2026-09-20 00:06:46"
"build_clean_test3\_deps\nlohmann_json-subbuild\nlohmann_json-populate-prefix\src\json.tar.xz","110988","D6C65ACA6B1ED68E7A182F4757257B107AE403032760ED6EF121C9D55E81757D","2026-09-20 00:05:40"
"build_clean_test3\_deps\nlohmann_json-subbuild\nlohmann_json-populate-prefix\src\nlohmann_json-populate-stamp\download-nlohmann_json-populate.cmake","5224","3EF990148497981EDC5E019601A4A3F2F8BEC08CBED0DE3D4A9A38E18B940DEB","2026-09-20 00:05:39"
"build_clean_test3\_deps\nlohmann_json-subbuild\nlohmann_json-populate-prefix\src\nlohmann_json-populate-stamp\extract-nlohmann_json-populate.cmake","1985","5B172A39C02C4EBC4DFEF538E707681797EB134F5B5D8301850BB6FFE0AB981E","2026-09-20 00:05:39"
"build_clean_test3\_deps\nlohmann_json-subbuild\nlohmann_json-populate-prefix\src\nlohmann_json-populate-stamp\nlohmann_json-populate-patch-info.txt","234","1B65EC9FCBBD17A6161E1654B212A61E96B5AF8F684DB5B57CC9A34CCB8FC08A","2026-09-20 00:05:39"
"build_clean_test3\_deps\nlohmann_json-subbuild\nlohmann_json-populate-prefix\src\nlohmann_json-populate-stamp\nlohmann_json-populate-update-info.txt","270","1E7A50B58A848C38CCE229AFDCDDB502800991D383A5B52717831809448F316A","2026-09-20 00:05:39"
"build_clean_test3\_deps\nlohmann_json-subbuild\nlohmann_json-populate-prefix\src\nlohmann_json-populate-stamp\nlohmann_json-populate-urlinfo.txt","1185","C38F49142DC79B38F9DEE27CAD14EF06B4CDB22D3373583AAD7C4B80F2BF18C0","2026-09-20 00:05:39"
"build_clean_test3\_deps\nlohmann_json-subbuild\nlohmann_json-populate-prefix\src\nlohmann_json-populate-stamp\verify-nlohmann_json-populate.cmake","0","E3B0C44298FC1C149AFBF4C8996FB92427AE41E4649B934CA495991B7852B855","2026-09-20 00:05:39"
"build_clean_test3\_deps\nlohmann_json-subbuild\nlohmann_json-populate-prefix\src\nlohmann_json-populate-stamp\Debug\nlohmann_json-populate-build","0","E3B0C44298FC1C149AFBF4C8996FB92427AE41E4649B934CA495991B7852B855","2026-09-20 00:05:41"
"build_clean_test3\_deps\nlohmann_json-subbuild\nlohmann_json-populate-prefix\src\nlohmann_json-populate-stamp\Debug\nlohmann_json-populate-configure","0","E3B0C44298FC1C149AFBF4C8996FB92427AE41E4649B934CA495991B7852B855","2026-09-20 00:05:41"
"build_clean_test3\_deps\nlohmann_json-subbuild\nlohmann_json-populate-prefix\src\nlohmann_json-populate-stamp\Debug\nlohmann_json-populate-done","0","E3B0C44298FC1C149AFBF4C8996FB92427AE41E4649B934CA495991B7852B855","2026-09-20 00:05:41"
"build_clean_test3\_deps\nlohmann_json-subbuild\nlohmann_json-populate-prefix\src\nlohmann_json-populate-stamp\Debug\nlohmann_json-populate-download","0","E3B0C44298FC1C149AFBF4C8996FB92427AE41E4649B934CA495991B7852B855","2026-09-20 00:05:41"
"build_clean_test3\_deps\nlohmann_json-subbuild\nlohmann_json-populate-prefix\src\nlohmann_json-populate-stamp\Debug\nlohmann_json-populate-install","0","E3B0C44298FC1C149AFBF4C8996FB92427AE41E4649B934CA495991B7852B855","2026-09-20 00:05:41"
"build_clean_test3\_deps\nlohmann_json-subbuild\nlohmann_json-populate-prefix\src\nlohmann_json-populate-stamp\Debug\nlohmann_json-populate-mkdir","0","E3B0C44298FC1C149AFBF4C8996FB92427AE41E4649B934CA495991B7852B855","2026-09-20 00:05:40"
"build_clean_test3\_deps\nlohmann_json-subbuild\nlohmann_json-populate-prefix\src\nlohmann_json-populate-stamp\Debug\nlohmann_json-populate-patch","0","E3B0C44298FC1C149AFBF4C8996FB92427AE41E4649B934CA495991B7852B855","2026-09-20 00:05:41"
"build_clean_test3\_deps\nlohmann_json-subbuild\nlohmann_json-populate-prefix\src\nlohmann_json-populate-stamp\Debug\nlohmann_json-populate-test","0","E3B0C44298FC1C149AFBF4C8996FB92427AE41E4649B934CA495991B7852B855","2026-09-20 00:05:41"
"build_clean_test3\_deps\nlohmann_json-subbuild\nlohmann_json-populate-prefix\src\nlohmann_json-populate-stamp\Debug\nlohmann_json-populate-update","0","E3B0C44298FC1C149AFBF4C8996FB92427AE41E4649B934CA495991B7852B855","2026-09-20 00:05:41"
"build_clean_test3\_deps\nlohmann_json-subbuild\nlohmann_json-populate-prefix\tmp\nlohmann_json-populate-cfgcmd.txt","8","4338C530A76441CDA4F59C911C9FDF950E000F361B796FCD9DB755AAAE241FF9","2026-09-20 00:05:39"
"build_clean_test3\_deps\nlohmann_json-subbuild\nlohmann_json-populate-prefix\tmp\nlohmann_json-populate-mkdirs.cmake","1713","D7E6B86F38DEAA143A282188B49B86777620E4A1664A8C2E24F4E575062DE027","2026-09-20 00:05:39"
"build_clean_test3\_deps\nlohmann_json-subbuild\x64\Debug\ALL_BUILD\ALL_BUILD.recipe","644","96268BD356B76C6ADE59D957D47C0CCDCAE8892825B2690CA854FC6174892537","2026-09-20 00:06:46"
"build_clean_test3\_deps\nlohmann_json-subbuild\x64\Debug\ALL_BUILD\ALL_BUILD.tlog\ALL_BUILD.lastbuildstate","191","B525A0603D4F2C4C419E7E0DA3DFB3A1BC278FB6AB33F8438ED56A3EBC5A8A12","2026-09-20 00:06:46"
"build_clean_test3\_deps\nlohmann_json-subbuild\x64\Debug\ALL_BUILD\ALL_BUILD.tlog\CustomBuild.command.1.tlog","537","F17DF00B29305BBB4F7F5EE40F86A83E032AFFAEEB247B03BB6139A46772EF68","2026-09-20 00:06:46"
"build_clean_test3\_deps\nlohmann_json-subbuild\x64\Debug\ALL_BUILD\ALL_BUILD.tlog\CustomBuild.read.1.tlog","1597","69293FB28B0BAB446E404FC882ABAAB833526990859FA2E4CC711345E5DD4CE0","2026-09-20 00:06:46"
"build_clean_test3\_deps\nlohmann_json-subbuild\x64\Debug\ALL_BUILD\ALL_BUILD.tlog\CustomBuild.write.1.tlog","168","187E7EFDD89E37570D0016639B5AD707A41DD0E00BF307BFAE14EF89366B7E0A","2026-09-20 00:06:46"
"build_clean_test3\_deps\nlohmann_json-subbuild\x64\Debug\nlohmann_json-populate\nlohmann_json-populate.recipe","491","43557F7C2943A435BEEE983F6E40F53A8E6BAE21A73D690B66413CF2E18372BF","2026-09-20 00:06:46"
"build_clean_test3\_deps\nlohmann_json-subbuild\x64\Debug\nlohmann_json-populate\nlohmann.02D5A80F.tlog\CustomBuild.command.1.tlog","8267","EBE7EC0A271D25AD338966B25683669EAFE08F023AC01E46A5E3A9231E7852CB","2026-09-20 00:06:46"
"build_clean_test3\_deps\nlohmann_json-subbuild\x64\Debug\nlohmann_json-populate\nlohmann.02D5A80F.tlog\CustomBuild.read.1.tlog","6354","AFE34E48D296221F9BDD58A69B23814D52D852B79F49CF6B263E99556DDB31AD","2026-09-20 00:06:46"
"build_clean_test3\_deps\nlohmann_json-subbuild\x64\Debug\nlohmann_json-populate\nlohmann.02D5A80F.tlog\CustomBuild.write.1.tlog","3100","2245D1A1B2C287D806FC0767EA8ECFBC3C9391358A427B9419E8BE6C44BFF719","2026-09-20 00:06:46"
"build_clean_test3\_deps\nlohmann_json-subbuild\x64\Debug\nlohmann_json-populate\nlohmann.02D5A80F.tlog\nlohmann_json-populate.lastbuildstate","191","B525A0603D4F2C4C419E7E0DA3DFB3A1BC278FB6AB33F8438ED56A3EBC5A8A12","2026-09-20 00:06:46"
"build_clean_test3\_deps\nlohmann_json-subbuild\x64\Debug\ZERO_CHECK\ZERO_CHECK.recipe","325","F81E1D2271F1F5288ADFEED076F3AF2D871DB0241A4716149C023616E5A69206","2026-09-20 00:06:46"
"build_clean_test3\_deps\nlohmann_json-subbuild\x64\Debug\ZERO_CHECK\ZERO_CHECK.tlog\CustomBuild.command.1.tlog","637","87E304A6CC58C0A99C5C2BBBA1BB363BB75B4CBA2E54047805087AE5A2AE7DDC","2026-09-20 00:06:46"
"build_clean_test3\_deps\nlohmann_json-subbuild\x64\Debug\ZERO_CHECK\ZERO_CHECK.tlog\CustomBuild.read.1.tlog","1724","90E87AB6BA8BD07D92896E671A13C8E9A5651AACB14BEF47ED61882FCCD8ADB1","2026-09-20 00:06:46"
"build_clean_test3\_deps\nlohmann_json-subbuild\x64\Debug\ZERO_CHECK\ZERO_CHECK.tlog\CustomBuild.write.1.tlog","217","743D70F3F5D0DBE2939DE3EC445CDA87C5E13020F248E4591104E1D5965D4BE6","2026-09-20 00:06:46"
"build_clean_test3\_deps\nlohmann_json-subbuild\x64\Debug\ZERO_CHECK\ZERO_CHECK.tlog\ZERO_CHECK.lastbuildstate","191","B525A0603D4F2C4C419E7E0DA3DFB3A1BC278FB6AB33F8438ED56A3EBC5A8A12","2026-09-20 00:06:46"
"build_clean_test4\CMakeCache.txt","2831","48E6DB17C8AF0EF9D8322C91FDEC9680751CEDAD71125382F958B87385E3B2B8","2026-09-20 00:09:33"
"build_clean_test4\CMakeFiles\cmake.check_cache","86","95079B44BCEF481D601432C2FD3C654D7FE85B9C8386C355F2874502B47441D7","2026-09-20 00:09:33"
"build_clean_test5\CMakeCache.txt","43799","195D04A9D6364E0D0393E48402BE3B91A55AB857253376CC391A0EBE0777DE6E","2026-09-20 00:11:44"
"build_clean_test5\CMakeFiles\cmake.check_cache","86","95079B44BCEF481D601432C2FD3C654D7FE85B9C8386C355F2874502B47441D7","2026-09-20 00:11:44"
"build_clean_test5\CMakeFiles\CMakeConfigureLog.yaml","531526","A5C074849001AF24AB79574EDAF5895E386A7A03365E0E8F88C0D7D3A60C94BB","2026-09-20 00:11:44"
"build_clean_test5\CMakeFiles\4.4.2\CMakeASM_MASMCompiler.cmake","1555","2854EEB905485DAFD438E0C81309CB5FEBF71AC879DD3B77F5823D872C31C841","2026-09-20 00:11:39"
"build_clean_test5\CMakeFiles\4.4.2\CMakeCCompiler.cmake","3411","C96A9C696C6E2168D03B3F7B05F229CAA42F1673D3BDC90BC9BB5C7C0A63631E","2026-09-20 00:11:40"
"build_clean_test5\CMakeFiles\4.4.2\CMakeCXXCompiler.cmake","6632","3818AE800A1D94F1B189F721136856C561F51E1E9C0562B1C1FD8285A06E357C","2026-09-20 00:11:40"
"build_clean_test5\CMakeFiles\4.4.2\CMakeDetermineCompilerABI_C.bin","53248","59721659D3ACDE11E0B3B14AF1672B3E0A65E85FF1C0AD4E2EE11BBCCD09C7E5","2026-09-20 00:11:39"
"build_clean_test5\CMakeFiles\4.4.2\CMakeDetermineCompilerABI_CXX.bin","53248","D51A70A4CE03F23AC244BEC4879378A2F16676B577BDE58DE99BEDE841A3595F","2026-09-20 00:11:40"
"build_clean_test5\CMakeFiles\4.4.2\CMakeRCCompiler.cmake","276","F1C96E7B6BC035D04A44733638743F28BF70450E870A3095A55CFF6AD81924FA","2026-09-20 00:11:39"
"build_clean_test5\CMakeFiles\4.4.2\CMakeSystem.cmake","399","14F764C3F0C50603F951C55B1787FA383C48D641385221057CD4F25001C4B314","2026-09-20 00:11:38"
"build_clean_test5\CMakeFiles\4.4.2\VCTargetsPath.txt","90","7BF0943F47FD89DDF6E8623056ED4AFA49693BCC8C6885EA90D889DBBC3CAD9C","2026-09-20 00:11:38"
"build_clean_test5\CMakeFiles\4.4.2\VCTargetsPath.vcxproj","1255","E4B780FA88A782F3788553546AE6BAB68373AE8378266CE7570A7DBEB1120D3D","2026-09-20 00:11:38"
"build_clean_test5\CMakeFiles\4.4.2\CompilerIdC\CMakeCCompilerId.c","29974","6B712B317574A51D1D4F3A69F0722D9EF310910570FD191501CDD45655E061D3","2026-09-20 00:11:38"
"build_clean_test5\CMakeFiles\4.4.2\CompilerIdC\CompilerIdC.exe","14848","6325AB92CF14A1721AA669DE2737B02856FBA2727B1E278BCDFAE84119746FB0","2026-09-20 00:11:38"
"build_clean_test5\CMakeFiles\4.4.2\CompilerIdC\CompilerIdC.vcxproj","2798","AF8BC7C7D110CBD801BAF170898C4EB9021E0272D6E7C0092478EF9A634DF7EC","2026-09-20 00:11:38"
"build_clean_test5\CMakeFiles\4.4.2\CompilerIdC\Debug\CMakeCCompilerId.obj","2298","51682A5559932BEDEF9323498462F1AED057088CFDB83420277522ED59972AB2","2026-09-20 00:11:38"
"build_clean_test5\CMakeFiles\4.4.2\CompilerIdC\Debug\CompilerIdC.exe.recipe","320","A760133CD6B9867FEE90FBBB17B569243D694B0CA0222A786E0CA4D8B0550DE3","2026-09-20 00:11:38"
"build_clean_test5\CMakeFiles\4.4.2\CompilerIdC\Debug\CompilerIdC.tlog\CL.command.1.tlog","704","00B2195422B8503233DC38750A7C938A7A1C7AECC2C0EDE5AAE6AF492CFB0496","2026-09-20 00:11:38"
"build_clean_test5\CMakeFiles\4.4.2\CompilerIdC\Debug\CompilerIdC.tlog\Cl.items.tlog","171","BB60BE6AFFBFB0369D0716FF34A58CE43E486C93AEF87539420D46B11A39E6C7","2026-09-20 00:11:38"
"build_clean_test5\CMakeFiles\4.4.2\CompilerIdC\Debug\CompilerIdC.tlog\CL.read.1.tlog","570","9E6D689BDD7559548349CB79F74EDF5EE9A32E75B5024243BB373D2876D79038","2026-09-20 00:11:38"
"build_clean_test5\CMakeFiles\4.4.2\CompilerIdC\Debug\CompilerIdC.tlog\CL.write.1.tlog","348","E3389B0926FA9E853A3F2AAB2241DE00D2A55E013CF299B8D88C7349368D69A8","2026-09-20 00:11:38"
"build_clean_test5\CMakeFiles\4.4.2\CompilerIdC\Debug\CompilerIdC.tlog\CompilerIdC.lastbuildstate","191","624B02D2464E0A8D2ACB00D7684C0616A3BC04256844C2A292FBE184E2A1AE88","2026-09-20 00:11:38"
"build_clean_test5\CMakeFiles\4.4.2\CompilerIdC\Debug\CompilerIdC.tlog\link.command.1.tlog","1006","D751ADBA7D9AD4A0A3F5AAFD8FEF6241D4864CBB4A29B85086C885A0309F00E2","2026-09-20 00:11:38"
"build_clean_test5\CMakeFiles\4.4.2\CompilerIdC\Debug\CompilerIdC.tlog\link.read.1.tlog","3398","4F30D545910D44764E4226FAB3F60015AF3D2F606966530B2F24DF20ECDCEB54","2026-09-20 00:11:38"
"build_clean_test5\CMakeFiles\4.4.2\CompilerIdC\Debug\CompilerIdC.tlog\link.secondary.1.tlog","91","72EF2EFC9D1F971DC9C3515310268746AB3B3C8B2BDBB8556C2775E88F32EE76","2026-09-20 00:11:38"
"build_clean_test5\CMakeFiles\4.4.2\CompilerIdC\Debug\CompilerIdC.tlog\link.write.1.tlog","342","3429C5629A092D5E45DD8B5BCB0F57E1D034247C752BFFD8DC72FA6F422E4B47","2026-09-20 00:11:38"
"build_clean_test5\CMakeFiles\4.4.2\CompilerIdCXX\CMakeCXXCompilerId.cpp","30605","C260F5F6368FE636DA54C24D6ABD310AC6FCC3ACDC4BDC674D9B7223569A85EB","2026-09-20 00:11:38"
"build_clean_test5\CMakeFiles\4.4.2\CompilerIdCXX\CompilerIdCXX.exe","15360","2CDF160BE8B99891D6D74C3E12992F4B36410E5020BCBEA9415B742AF6176AF4","2026-09-20 00:11:39"
"build_clean_test5\CMakeFiles\4.4.2\CompilerIdCXX\CompilerIdCXX.vcxproj","2806","21FC02677B659ADE12A520B7B4B7ADF6F15E1C4BE0F1F6D6371CC636682DC3BA","2026-09-20 00:11:38"
"build_clean_test5\CMakeFiles\4.4.2\CompilerIdCXX\Debug\CMakeCXXCompilerId.obj","2365","0E1E68C4AE92AAEADB1A9223F747013C4FC543D10EF272D108875A217BEAB9DA","2026-09-20 00:11:39"
"build_clean_test5\CMakeFiles\4.4.2\CompilerIdCXX\Debug\CompilerIdCXX.exe.recipe","324","A98D7B0F772BFDDDE6539254C825EC265D7D6293DB7577D8F9571AF3F66B6F39","2026-09-20 00:11:39"
"build_clean_test5\CMakeFiles\4.4.2\CompilerIdCXX\Debug\CompilerIdCXX.tlog\CL.command.1.tlog","728","A7EACC961693DA172D065FAE70A7EC3122095626A0B4268B8387F599E385A4AD","2026-09-20 00:11:39"
"build_clean_test5\CMakeFiles\4.4.2\CompilerIdCXX\Debug\CompilerIdCXX.tlog\Cl.items.tlog","181","5B83F65DD99B99C86E5DFDB0DED5DFD2376CC3ED2CB1F8D74D8F0CA36094D985","2026-09-20 00:11:39"
"build_clean_test5\CMakeFiles\4.4.2\CompilerIdCXX\Debug\CompilerIdCXX.tlog\CL.read.1.tlog","582","F4CC1B5448F5B5CF1290402CBA2AA1F5A6EE578FD9868681F3A75F31CE012599","2026-09-20 00:11:39"
"build_clean_test5\CMakeFiles\4.4.2\CompilerIdCXX\Debug\CompilerIdCXX.tlog\CL.write.1.tlog","368","135E070F59FB4C92D3703628488A86A96E439196231554CE73D2BE2D09499532","2026-09-20 00:11:39"
"build_clean_test5\CMakeFiles\4.4.2\CompilerIdCXX\Debug\CompilerIdCXX.tlog\CompilerIdCXX.lastbuildstate","193","80C004CFE4D7BB2A77AE1DE18371BC340981AE2582A29ACBDF8F39FC67CF86C5","2026-09-20 00:11:39"
"build_clean_test5\CMakeFiles\4.4.2\CompilerIdCXX\Debug\CompilerIdCXX.tlog\link.command.1.tlog","1030","CA856C5A1D7ECE247940B08651A3F6F8ED8341A4ADC9EBC3D8007DFB3DE2C943","2026-09-20 00:11:39"
"build_clean_test5\CMakeFiles\4.4.2\CompilerIdCXX\Debug\CompilerIdCXX.tlog\link.read.1.tlog","3414","0E8400A4BFD49841A2581017751D63AFE7459FF0A663348800A514824B42AC3B","2026-09-20 00:11:39"
"build_clean_test5\CMakeFiles\4.4.2\CompilerIdCXX\Debug\CompilerIdCXX.tlog\link.secondary.1.tlog","95","276DE18C8430C56ADDC0E44B9EAEAF6DFAD392DF9F63BDEAA86943C489302E95","2026-09-20 00:11:39"
"build_clean_test5\CMakeFiles\4.4.2\CompilerIdCXX\Debug\CompilerIdCXX.tlog\link.write.1.tlog","358","C9BDBA95896DFD003A83CB132884F93849F9263F77553CDC91C8ADE11C0890BB","2026-09-20 00:11:39"
"build_clean_test5\CMakeFiles\4.4.2\VCTargetsPath\x64\Debug\VCTargetsPath.recipe","316","C9540143A63B06B3E4EEFDE68069FEFED780181E38B5B83396F7FE65B63BB287","2026-09-20 00:11:38"
"build_clean_test5\CMakeFiles\4.4.2\VCTargetsPath\x64\Debug\VCTargetsPath.tlog\VCTargetsPath.lastbuildstate","179","DA1306401AF9BEC32082BF9EFDE518B2A0FF04FE6E4E71220A3B3EC7BC72AEA3","2026-09-20 00:11:38"
"build_clean_test5\_deps\nlohmann_json-build\nlohmann_json.pc","115","7629FAC183E1A0948AD7435EE77F88D00CD1C8F0B0CDAF0402BA0329F5552826","2026-09-20 00:11:42"
"build_clean_test5\_deps\nlohmann_json-build\nlohmann_jsonConfig.cmake","635","A879DC2B648E17AC32836EF9013B5A6CF1234A74B9A60962CC081C3776C9F13F","2026-09-20 00:11:42"
"build_clean_test5\_deps\nlohmann_json-build\nlohmann_jsonConfigVersion.cmake","696","B6D73337D16D3DEB4B192056D1AC9E7E962929EC993F7F9652A949DE3D38CE8F","2026-09-20 00:11:42"
"build_clean_test5\_deps\nlohmann_json-src\CMakeLists.txt","7180","9A00F4234C7804AF1A8ABA619C28B7462B11683FD6628A0EA62CBC168764C87F","2023-11-28 14:38:03"
"build_clean_test5\_deps\nlohmann_json-src\LICENSE.MIT","1076","86B998C792894CCB911A1CB7994F7A9652894E7A094C0B5E45BE2F553F45CF14","2023-11-28 14:38:03"
"build_clean_test5\_deps\nlohmann_json-src\nlohmann_json.natvis","19578","162666E7AB4D725A6E9621F0D31097802B58B838E907AE5445C7C938FD0257B1","2023-11-28 14:38:03"
"build_clean_test5\_deps\nlohmann_json-src\cmake\config.cmake.in","710","DE73A6E0CDFC9CB1FC28A6156D7E2660F498C9F30AD7D4DE5600BA279DA0A3F3","2023-11-28 14:38:03"
"build_clean_test5\_deps\nlohmann_json-src\cmake\nlohmann_jsonConfigVersion.cmake.in","709","F3E940FC8846A483A5F35B9D47FA9AE700765B60A3D17EED2229A0BD7818F567","2023-11-28 14:38:03"
"build_clean_test5\_deps\nlohmann_json-src\cmake\pkg-config.pc.in","126","796C801C759EB4D5E165AFA2441481FFF5487A2FD35BBFCEC841367D9772F760","2023-11-28 14:38:03"
"build_clean_test5\_deps\nlohmann_json-src\include\nlohmann\adl_serializer.hpp","2279","242B578E1A41C97DEC6890BD88BDB824CDB76A9EDD849C108299A59469D327E0","2023-11-28 14:38:03"
"build_clean_test5\_deps\nlohmann_json-src\include\nlohmann\byte_container_with_subtype.hpp","3533","C7DC197CBB54B9168373B4B9A3E1CC57CC5583BFCF5008B722B363335BC53511","2023-11-28 14:38:03"
"build_clean_test5\_deps\nlohmann_json-src\include\nlohmann\json.hpp","198618","2432CBF7F4258453538ECA193CD937FC777462AE2CE8EE9F46E6EE460EF56BEA","2023-11-28 14:38:03"
"build_clean_test5\_deps\nlohmann_json-src\include\nlohmann\json_fwd.hpp","2541","C5B950B428534861B5869254FD773AFC724112FC9E141BD1FC89189640A3AE5D","2023-11-28 14:38:03"
"build_clean_test5\_deps\nlohmann_json-src\include\nlohmann\ordered_map.hpp","11692","31D1BB02500B734E09C27CE2CC216C8AF188344FBC19A6946AE301A12C7B62DF","2023-11-28 14:38:03"
"build_clean_test5\_deps\nlohmann_json-src\include\nlohmann\detail\abi_macros.hpp","3807","1C7DC7C5062B199A35853F4056ED00ED359EF8FA5C7FB15A58BC79598EC21422","2023-11-28 14:38:03"
"build_clean_test5\_deps\nlohmann_json-src\include\nlohmann\detail\exceptions.hpp","9267","55299C55106DE2624CA7AA6A5705AD6FF53814C1B52F8FE8D2872F13C956C95A","2023-11-28 14:38:03"
"build_clean_test5\_deps\nlohmann_json-src\include\nlohmann\detail\hash.hpp","4016","74A9E3AF772127CF0B12EE794ABC8C47B5BEA74CE658D0D20179A26BE5D95D0D","2023-11-28 14:38:03"
"build_clean_test5\_deps\nlohmann_json-src\include\nlohmann\detail\json_custom_base_class.hpp","1178","70DA7C5B17777F8DA6D83310D6526856542585EFA8A078DB61227B11AAF9EC0B","2023-11-28 14:38:03"
"build_clean_test5\_deps\nlohmann_json-src\include\nlohmann\detail\json_pointer.hpp","37143","4CF537AD88B2D686D5A349B26DA7E012BA9A58B01A0AB2BADAA796D9150E69BB","2023-11-28 14:38:03"
"build_clean_test5\_deps\nlohmann_json-src\include\nlohmann\detail\json_ref.hpp","1811","1660750DD10A562AAC1EEA37021F1E7138A5D6D50B051815708497A8D30BF60D","2023-11-28 14:38:03"
"build_clean_test5\_deps\nlohmann_json-src\include\nlohmann\detail\macro_scope.hpp","43639","70D2B2AA49A93170DED3D0C0D1B0F76103FDD09704BA5ECC862BC03095920847","2023-11-28 14:38:03"
"build_clean_test5\_deps\nlohmann_json-src\include\nlohmann\detail\macro_unscope.hpp","1252","5F7040DF475E2C943D9B22C335B61600DEB14B1E48A69B3450DE4C4A08C320BC","2023-11-28 14:38:03"
"build_clean_test5\_deps\nlohmann_json-src\include\nlohmann\detail\string_concat.hpp","5951","E8001630045F800C0EBCFC19E2B2F90139A4D20A9A359E134657767FD6FA9AA2","2023-11-28 14:38:03"
"build_clean_test5\_deps\nlohmann_json-src\include\nlohmann\detail\string_escape.hpp","2168","3BF6687FFA7F6FD3034591ADFDD6EA073584DF83694C6B57FEED9ADA965801E7","2023-11-28 14:38:03"
"build_clean_test5\_deps\nlohmann_json-src\include\nlohmann\detail\value_t.hpp","4326","60A7E24B34E93B8BA40EECF310A40C55042754328271C246F9CC1069F6A25958","2023-11-28 14:38:03"
"build_clean_test5\_deps\nlohmann_json-src\include\nlohmann\detail\conversions\from_json.hpp","18880","B37CED0BA32F8AC5834B4C96058CA5E445BCCEA27F46299A359EED0ECBF2E58E","2023-11-28 14:38:03"
"build_clean_test5\_deps\nlohmann_json-src\include\nlohmann\detail\conversions\to_chars.hpp","38562","5FE11205C45DBD08373244D743F38E89CEEFB8C9B5FC4C68077117C786D53BEF","2023-11-28 14:38:03"
"build_clean_test5\_deps\nlohmann_json-src\include\nlohmann\detail\conversions\to_json.hpp","16274","73BAD524856D475A6071FD7B5422F80DF13BA7586F0D4B48141C2EC60CEBCF89","2023-11-28 14:38:03"
"build_clean_test5\_deps\nlohmann_json-src\include\nlohmann\detail\input\binary_reader.hpp","103146","484BCC276C4FA6C7C61A93A8223F3E53BB4DC966E688E96641A93A50D7E503E9","2023-11-28 14:38:03"
"build_clean_test5\_deps\nlohmann_json-src\include\nlohmann\detail\input\input_adapters.hpp","17402","BD549419506089C82C94446F939587362FF01516B8E6624C472E704D27B1BE42","2023-11-28 14:38:03"
"build_clean_test5\_deps\nlohmann_json-src\include\nlohmann\detail\input\json_sax.hpp","21420","9147C9D07784A5F3DE890D68401AE07D03D0BC0DB24EBCBE7BEB8A31CFD858A0","2023-11-28 14:38:03"
"build_clean_test5\_deps\nlohmann_json-src\include\nlohmann\detail\input\lexer.hpp","54569","550C275F09D55DEB1705B97B8A15B02F211EA0BA87E95452E7A023B854BB024C","2023-11-28 14:38:03"
"build_clean_test5\_deps\nlohmann_json-src\include\nlohmann\detail\input\parser.hpp","19661","094AED22CFDD641AC15EF59BFEF8DD1E23FD92373633A92ED928CB580F0CBD7E","2023-11-28 14:38:03"
"build_clean_test5\_deps\nlohmann_json-src\include\nlohmann\detail\input\position_t.hpp","958","0C9C5BE26020C0A7929F3CC1E7E0065589D6A8F4DC1BD2EE13F10EF1A7EFAA24","2023-11-28 14:38:03"
"build_clean_test5\_deps\nlohmann_json-src\include\nlohmann\detail\iterators\internal_iterator.hpp","1071","E75CF5E3C9AE358055BF3335FA2C5B6BBFBD1E24EA3DFDB62C187F37A8E2B485","2023-11-28 14:38:03"
"build_clean_test5\_deps\nlohmann_json-src\include\nlohmann\detail\iterators\iteration_proxy.hpp","8238","839EFBA147F6F15C693C741039DAA3D383C2F4AFB8FE653E4DAD49A9F998D1D1","2023-11-28 14:38:03"
"build_clean_test5\_deps\nlohmann_json-src\include\nlohmann\detail\iterators\iterator_traits.hpp","1757","04B0EDAEB214AA1C932B9078849A8FBBBDA9C7A241B4CBC28A90B6D11C959443","2023-11-28 14:38:03"
"build_clean_test5\_deps\nlohmann_json-src\include\nlohmann\detail\iterators\iter_impl.hpp","24046","70D81EBB931DB43A19FE3872A3FB1BC91FAB27509C8D29EE4C4DD247B384CAE1","2023-11-28 14:38:03"
"build_clean_test5\_deps\nlohmann_json-src\include\nlohmann\detail\iterators\json_reverse_iterator.hpp","3861","031B45C4F90AB7D64ECB6606FAD880D867A23FC63A431F0DE34F0FC104307B66","2023-11-28 14:38:03"
"build_clean_test5\_deps\nlohmann_json-src\include\nlohmann\detail\iterators\primitive_iterator.hpp","3227","6C949107BB779CECB8BEBA0835F7292656B52B08C3F6A6D3B27229B58C28AEFE","2023-11-28 14:38:03"
"build_clean_test5\_deps\nlohmann_json-src\include\nlohmann\detail\meta\cpp_future.hpp","5178","486BA5A3724131D0C1646E36D9A4A9877505B2914078347E6067BB65593F01CE","2023-11-28 14:38:03"
"build_clean_test5\_deps\nlohmann_json-src\include\nlohmann\detail\meta\detected.hpp","2109","F79AA1F107E4DFD4554753E6FE05364A1147EF4498D3125CFC939A5534D2D527","2023-11-28 14:38:03"
"build_clean_test5\_deps\nlohmann_json-src\include\nlohmann\detail\meta\identity_tag.hpp","526","BBA9559DEC8519DE3044B537E96A59A601831797A5A3C38BF8023A6D949118D0","2023-11-28 14:38:03"
"build_clean_test5\_deps\nlohmann_json-src\include\nlohmann\detail\meta\is_sax.hpp","6960","1F81D6098B9AAD02A95C27EC333BBB13EEC3C5171B968E39B7ECB1B06B16C55B","2023-11-28 14:38:03"
"build_clean_test5\_deps\nlohmann_json-src\include\nlohmann\detail\meta\std_fs.hpp","766","FB514154EA8C11C04A00EFEB2E89EDBFD40F149ED39EF36568D9B2A1062E85E0","2023-11-28 14:38:03"
"build_clean_test5\_deps\nlohmann_json-src\include\nlohmann\detail\meta\type_traits.hpp","29454","1F901F9E4BCD585FF22C6B0C0956566BA8A4A1238A490A64E7755A2C313040D5","2023-11-28 14:38:03"
"build_clean_test5\_deps\nlohmann_json-src\include\nlohmann\detail\meta\void_t.hpp","597","581E7B157457EB9C488793F2CD7066B2C1BA31D5E9FEA6F0D67C8C732B5088E4","2023-11-28 14:38:03"
"build_clean_test5\_deps\nlohmann_json-src\include\nlohmann\detail\meta\call_std\begin.hpp","453","379660C15A30B84FF2A67E22734638F608CC37B34648461C7E9167DA1153D861","2023-11-28 14:38:03"
"build_clean_test5\_deps\nlohmann_json-src\include\nlohmann\detail\meta\call_std\end.hpp","451","DECA609BF200442F452B848C19F28EE30879DF0CA35E959ED3B41F861C92DF55","2023-11-28 14:38:03"
"build_clean_test5\_deps\nlohmann_json-src\include\nlohmann\detail\output\binary_writer.hpp","71152","665CE1EA5FB2CB425896B713BDD8D8D5A6D69688924FA6E2EFAFFB4E9D132011","2023-11-28 14:38:03"
"build_clean_test5\_deps\nlohmann_json-src\include\nlohmann\detail\output\output_adapters.hpp","4067","1E0BCC375B4D84180649198E2F8061F5968A10A6913231FEE097689D281ED565","2023-11-28 14:38:03"
"build_clean_test5\_deps\nlohmann_json-src\include\nlohmann\detail\output\serializer.hpp","40163","259C611D4B1147E3626D25BC05994B28F91F4FCCA2E578E486DCF51C0234E5C8","2023-11-28 14:38:03"
"build_clean_test5\_deps\nlohmann_json-src\include\nlohmann\thirdparty\hedley\hedley.hpp","86068","20D6C1C6D6C30365F68A45093798937971B593919FB3051431F0C015DFA671FB","2023-11-28 14:38:03"
"build_clean_test5\_deps\nlohmann_json-src\include\nlohmann\thirdparty\hedley\hedley_undef.hpp","5500","0F8902F26872F40A2514E9C9BE2FCEBFCE6CDE0022E9364FDDD17FB49575B146","2023-11-28 14:38:03"
"build_clean_test5\_deps\nlohmann_json-src\single_include\nlohmann\json.hpp","919975","9BEA4C8066EF4A1C206B2BE5A36302F8926F7FDC6087AF5D20B417D0CF103EA6","2023-11-28 14:38:03"
"build_clean_test5\_deps\nlohmann_json-src\single_include\nlohmann\json_fwd.hpp","6340","5CEFBBA751BAF5243033FD894C70BE9B37103D64B3D3A959E4173197D71137B9","2023-11-28 14:38:03"
"build_clean_test5\_deps\nlohmann_json-subbuild\ALL_BUILD.vcxproj","6417","736150BF5A4F88518E8A68DA8956503BA492ED95A23E5400812698E06CD1B049","2026-09-20 00:11:40"
"build_clean_test5\_deps\nlohmann_json-subbuild\ALL_BUILD.vcxproj.filters","316","BB67BE0D3139AFD2C83EC376A9A1F593A3933694B58170DFD592B933DA74EADB","2026-09-20 00:11:40"
"build_clean_test5\_deps\nlohmann_json-subbuild\CMakeCache.txt","5431","7D69143BBA4F31F6EB982C873B15D114EA7A90DD880B5CFDDF7C84008C9664EA","2026-09-20 00:11:40"
"build_clean_test5\_deps\nlohmann_json-subbuild\CMakeLists.txt","1548","0E8B004257EC48671B85A3CB65B34CA393DF54AAADC6A9222F8325FCCF427343","2026-09-20 00:11:40"
"build_clean_test5\_deps\nlohmann_json-subbuild\cmake_install.cmake","2002","CE0228B99032C0E31D632D6393AC908ABE0200B5087CF1696FA5BB2309306CE0","2026-09-20 00:11:40"
"build_clean_test5\_deps\nlohmann_json-subbuild\nlohmann_json-populate.sln","2673","1845C90F92C72CEFE9640F47DBF56942CFBD81B63149CFF83013ADBEA8A5805C","2026-09-20 00:11:40"
"build_clean_test5\_deps\nlohmann_json-subbuild\nlohmann_json-populate.vcxproj","25372","6191D4B4A28A34542F1C06D690436658BD3FE77AD6B3505238AA80E307725F36","2026-09-20 00:11:40"
"build_clean_test5\_deps\nlohmann_json-subbuild\nlohmann_json-populate.vcxproj.filters","2857","74D88E2E0763E7B467DF84B0D43EEEBD024E982C23183241D2624EEB469660EC","2026-09-20 00:11:40"
"build_clean_test5\_deps\nlohmann_json-subbuild\ZERO_CHECK.vcxproj","5878","330F5947E6A5E6285C475CF53D0D6C84C514CF1A976FDB3381B56EA958F7B5D8","2026-09-20 00:11:40"
"build_clean_test5\_deps\nlohmann_json-subbuild\ZERO_CHECK.vcxproj.filters","553","9598CAB87C5FC9A7FBECC165304FDF87DFBEAE4EB373C04EB5108D7F855942EE","2026-09-20 00:11:40"
"build_clean_test5\_deps\nlohmann_json-subbuild\CMakeFiles\cmake.check_cache","86","95079B44BCEF481D601432C2FD3C654D7FE85B9C8386C355F2874502B47441D7","2026-09-20 00:11:40"
"build_clean_test5\_deps\nlohmann_json-subbuild\CMakeFiles\CMakeConfigureLog.yaml","271","ECF712160B779608B83B769991FDA879E04498880AF245A3073EE7466823C663","2026-09-20 00:11:40"
"build_clean_test5\_deps\nlohmann_json-subbuild\CMakeFiles\generate.stamp","55","302F7E9A0C863C04B740065ADE01D243C7587D7272FC79FB002870128A9558EB","2026-09-20 00:11:42"
"build_clean_test5\_deps\nlohmann_json-subbuild\CMakeFiles\generate.stamp.depend","1796","AE202797D58C52B4ABFCD939D11BAE2E46BDB788DC38A9CBD693B3E6D9B11452","2026-09-20 00:11:40"
"build_clean_test5\_deps\nlohmann_json-subbuild\CMakeFiles\generate.stamp.list","89","C071E669049D6CDBE548ACC0AA91E202925D869FF932EBE5DE7A0696BDFBAC4C","2026-09-20 00:11:40"
"build_clean_test5\_deps\nlohmann_json-subbuild\CMakeFiles\InstallScripts.json","145","954C34F8D448F1BA96DDECD067A969FCD2038E17734C048F02FF033661905C12","2026-09-20 00:11:40"
"build_clean_test5\_deps\nlohmann_json-subbuild\CMakeFiles\TargetDirectories.txt","278","6D3CFB80D210C7C1BE63FFCE6E92D27E1ADF356D11EAB73891075C3BED69AF76","2026-09-20 00:11:40"
"build_clean_test5\_deps\nlohmann_json-subbuild\CMakeFiles\046d902af744e1ab74cdc4567f9af2d4\nlohmann_json-populate-complete.rule","24","6D2663216BB5708992DAD2784A833F449113AFD00FD431274CA956FB2530D391","2000-12-31 19:00:00"
"build_clean_test5\_deps\nlohmann_json-subbuild\CMakeFiles\0bec1246dea22048e8b4870f2b59aa11\generate.stamp.rule","24","6D2663216BB5708992DAD2784A833F449113AFD00FD431274CA956FB2530D391","2000-12-31 19:00:00"
"build_clean_test5\_deps\nlohmann_json-subbuild\CMakeFiles\0bec1246dea22048e8b4870f2b59aa11\nlohmann_json-populate.rule","24","6D2663216BB5708992DAD2784A833F449113AFD00FD431274CA956FB2530D391","2000-12-31 19:00:00"
"build_clean_test5\_deps\nlohmann_json-subbuild\CMakeFiles\4.4.2\CMakeSystem.cmake","395","CB655F074177502B26612FA979EE72C606731A0B59F300E936EBBA161D8CCE09","2026-09-20 00:11:40"
"build_clean_test5\_deps\nlohmann_json-subbuild\CMakeFiles\4.4.2\VCTargetsPath.txt","90","7BF0943F47FD89DDF6E8623056ED4AFA49693BCC8C6885EA90D889DBBC3CAD9C","2026-09-20 00:11:40"
"build_clean_test5\_deps\nlohmann_json-subbuild\CMakeFiles\4.4.2\VCTargetsPath.vcxproj","1255","E4B780FA88A782F3788553546AE6BAB68373AE8378266CE7570A7DBEB1120D3D","2026-09-20 00:11:40"
"build_clean_test5\_deps\nlohmann_json-subbuild\CMakeFiles\4.4.2\VCTargetsPath\x64\Debug\VCTargetsPath.recipe","345","B2959AC92C534478DC322A247584235A2096828161C0AF5423D4C350D741F4F7","2026-09-20 00:11:40"
"build_clean_test5\_deps\nlohmann_json-subbuild\CMakeFiles\4.4.2\VCTargetsPath\x64\Debug\VCTargetsPath.tlog\VCTargetsPath.lastbuildstate","208","E39E9DFFB23981382CBA9C00A04EF801C6E4FBFF1FAF95E003792C2AAF96CFAB","2026-09-20 00:11:40"
"build_clean_test5\_deps\nlohmann_json-subbuild\CMakeFiles\595c482e171b0d0e7f21856ebbcfc74d\nlohmann_json-populate-build.rule","24","6D2663216BB5708992DAD2784A833F449113AFD00FD431274CA956FB2530D391","2000-12-31 19:00:00"
"build_clean_test5\_deps\nlohmann_json-subbuild\CMakeFiles\595c482e171b0d0e7f21856ebbcfc74d\nlohmann_json-populate-configure.rule","24","6D2663216BB5708992DAD2784A833F449113AFD00FD431274CA956FB2530D391","2000-12-31 19:00:00"
"build_clean_test5\_deps\nlohmann_json-subbuild\CMakeFiles\595c482e171b0d0e7f21856ebbcfc74d\nlohmann_json-populate-download.rule","24","6D2663216BB5708992DAD2784A833F449113AFD00FD431274CA956FB2530D391","2000-12-31 19:00:00"
"build_clean_test5\_deps\nlohmann_json-subbuild\CMakeFiles\595c482e171b0d0e7f21856ebbcfc74d\nlohmann_json-populate-install.rule","24","6D2663216BB5708992DAD2784A833F449113AFD00FD431274CA956FB2530D391","2000-12-31 19:00:00"
"build_clean_test5\_deps\nlohmann_json-subbuild\CMakeFiles\595c482e171b0d0e7f21856ebbcfc74d\nlohmann_json-populate-mkdir.rule","24","6D2663216BB5708992DAD2784A833F449113AFD00FD431274CA956FB2530D391","2000-12-31 19:00:00"
"build_clean_test5\_deps\nlohmann_json-subbuild\CMakeFiles\595c482e171b0d0e7f21856ebbcfc74d\nlohmann_json-populate-patch.rule","24","6D2663216BB5708992DAD2784A833F449113AFD00FD431274CA956FB2530D391","2000-12-31 19:00:00"
"build_clean_test5\_deps\nlohmann_json-subbuild\CMakeFiles\595c482e171b0d0e7f21856ebbcfc74d\nlohmann_json-populate-test.rule","24","6D2663216BB5708992DAD2784A833F449113AFD00FD431274CA956FB2530D391","2000-12-31 19:00:00"
"build_clean_test5\_deps\nlohmann_json-subbuild\CMakeFiles\595c482e171b0d0e7f21856ebbcfc74d\nlohmann_json-populate-update.rule","24","6D2663216BB5708992DAD2784A833F449113AFD00FD431274CA956FB2530D391","2000-12-31 19:00:00"
"build_clean_test5\_deps\nlohmann_json-subbuild\CMakeFiles\Debug\nlohmann_json-populate-complete","0","E3B0C44298FC1C149AFBF4C8996FB92427AE41E4649B934CA495991B7852B855","2026-09-20 00:11:42"
"build_clean_test5\_deps\nlohmann_json-subbuild\CMakeFiles\nlohmann_json-populate.dir\Labels.json","1929","F6E9DF8056B035DFDFDC751E8D3EC5AA498054B73027E2A6CBA7B7C739CB89A5","2026-09-20 00:11:40"
"build_clean_test5\_deps\nlohmann_json-subbuild\CMakeFiles\nlohmann_json-populate.dir\Labels.txt","1588","C3821CFD625915AC69E7D037DBD2E10D4BA18CCFC307AF4802FE7C592271BD07","2026-09-20 00:11:40"
"build_clean_test5\_deps\nlohmann_json-subbuild\nlohmann_json-populate-prefix\src\json.tar.xz","110988","D6C65ACA6B1ED68E7A182F4757257B107AE403032760ED6EF121C9D55E81757D","2026-09-20 00:11:41"
"build_clean_test5\_deps\nlohmann_json-subbuild\nlohmann_json-populate-prefix\src\nlohmann_json-populate-stamp\download-nlohmann_json-populate.cmake","5224","369C765CE45AC509C35A39B974C161715AB0AD700524A2DEEE3EBF577043DD7B","2026-09-20 00:11:40"
"build_clean_test5\_deps\nlohmann_json-subbuild\nlohmann_json-populate-prefix\src\nlohmann_json-populate-stamp\extract-nlohmann_json-populate.cmake","1985","3074658C9DB93E73C5EC1B618CF945FE46741E88F09DC503F7523417CA2B2A9C","2026-09-20 00:11:40"
"build_clean_test5\_deps\nlohmann_json-subbuild\nlohmann_json-populate-prefix\src\nlohmann_json-populate-stamp\nlohmann_json-populate-patch-info.txt","234","1B65EC9FCBBD17A6161E1654B212A61E96B5AF8F684DB5B57CC9A34CCB8FC08A","2026-09-20 00:11:40"
"build_clean_test5\_deps\nlohmann_json-subbuild\nlohmann_json-populate-prefix\src\nlohmann_json-populate-stamp\nlohmann_json-populate-update-info.txt","270","1E7A50B58A848C38CCE229AFDCDDB502800991D383A5B52717831809448F316A","2026-09-20 00:11:40"
"build_clean_test5\_deps\nlohmann_json-subbuild\nlohmann_json-populate-prefix\src\nlohmann_json-populate-stamp\nlohmann_json-populate-urlinfo.txt","1185","D549423AD732BD9CC2E93CD077AB2EDDC1BD7D0E496AB5023D223852811014E1","2026-09-20 00:11:40"
"build_clean_test5\_deps\nlohmann_json-subbuild\nlohmann_json-populate-prefix\src\nlohmann_json-populate-stamp\verify-nlohmann_json-populate.cmake","0","E3B0C44298FC1C149AFBF4C8996FB92427AE41E4649B934CA495991B7852B855","2026-09-20 00:11:40"
"build_clean_test5\_deps\nlohmann_json-subbuild\nlohmann_json-populate-prefix\src\nlohmann_json-populate-stamp\Debug\nlohmann_json-populate-build","0","E3B0C44298FC1C149AFBF4C8996FB92427AE41E4649B934CA495991B7852B855","2026-09-20 00:11:42"
"build_clean_test5\_deps\nlohmann_json-subbuild\nlohmann_json-populate-prefix\src\nlohmann_json-populate-stamp\Debug\nlohmann_json-populate-configure","0","E3B0C44298FC1C149AFBF4C8996FB92427AE41E4649B934CA495991B7852B855","2026-09-20 00:11:42"
"build_clean_test5\_deps\nlohmann_json-subbuild\nlohmann_json-populate-prefix\src\nlohmann_json-populate-stamp\Debug\nlohmann_json-populate-done","0","E3B0C44298FC1C149AFBF4C8996FB92427AE41E4649B934CA495991B7852B855","2026-09-20 00:11:42"
"build_clean_test5\_deps\nlohmann_json-subbuild\nlohmann_json-populate-prefix\src\nlohmann_json-populate-stamp\Debug\nlohmann_json-populate-download","0","E3B0C44298FC1C149AFBF4C8996FB92427AE41E4649B934CA495991B7852B855","2026-09-20 00:11:42"
"build_clean_test5\_deps\nlohmann_json-subbuild\nlohmann_json-populate-prefix\src\nlohmann_json-populate-stamp\Debug\nlohmann_json-populate-install","0","E3B0C44298FC1C149AFBF4C8996FB92427AE41E4649B934CA495991B7852B855","2026-09-20 00:11:42"
"build_clean_test5\_deps\nlohmann_json-subbuild\nlohmann_json-populate-prefix\src\nlohmann_json-populate-stamp\Debug\nlohmann_json-populate-mkdir","0","E3B0C44298FC1C149AFBF4C8996FB92427AE41E4649B934CA495991B7852B855","2026-09-20 00:11:41"
"build_clean_test5\_deps\nlohmann_json-subbuild\nlohmann_json-populate-prefix\src\nlohmann_json-populate-stamp\Debug\nlohmann_json-populate-patch","0","E3B0C44298FC1C149AFBF4C8996FB92427AE41E4649B934CA495991B7852B855","2026-09-20 00:11:42"
"build_clean_test5\_deps\nlohmann_json-subbuild\nlohmann_json-populate-prefix\src\nlohmann_json-populate-stamp\Debug\nlohmann_json-populate-test","0","E3B0C44298FC1C149AFBF4C8996FB92427AE41E4649B934CA495991B7852B855","2026-09-20 00:11:42"
"build_clean_test5\_deps\nlohmann_json-subbuild\nlohmann_json-populate-prefix\src\nlohmann_json-populate-stamp\Debug\nlohmann_json-populate-update","0","E3B0C44298FC1C149AFBF4C8996FB92427AE41E4649B934CA495991B7852B855","2026-09-20 00:11:42"
"build_clean_test5\_deps\nlohmann_json-subbuild\nlohmann_json-populate-prefix\tmp\nlohmann_json-populate-cfgcmd.txt","8","4338C530A76441CDA4F59C911C9FDF950E000F361B796FCD9DB755AAAE241FF9","2026-09-20 00:11:40"
"build_clean_test5\_deps\nlohmann_json-subbuild\nlohmann_json-populate-prefix\tmp\nlohmann_json-populate-mkdirs.cmake","1713","2C2B387F33364159246ADF2B79E169493288F72411BF53949123B7C2A1A80B84","2026-09-20 00:11:40"
"build_clean_test5\_deps\nlohmann_json-subbuild\x64\Debug\ALL_BUILD\ALL_BUILD.recipe","644","B5D6A38CC62C015D6C74B8D7AB51D75493EC4CEDC0DFEE5F50A603309D09FA36","2026-09-20 00:11:42"
"build_clean_test5\_deps\nlohmann_json-subbuild\x64\Debug\ALL_BUILD\ALL_BUILD.tlog\ALL_BUILD.lastbuildstate","191","5A9DF6B94437AAAB9F3EBFEF1C6C3630E4F3F5C198E6AEA0930366B3D3B00327","2026-09-20 00:11:42"
"build_clean_test5\_deps\nlohmann_json-subbuild\x64\Debug\ALL_BUILD\ALL_BUILD.tlog\CustomBuild.command.1.tlog","537","F5499FAFEEA0CF8102CC752285B73219953AAF3438B56C1616D3BB6BAB86A9C0","2026-09-20 00:11:42"
"build_clean_test5\_deps\nlohmann_json-subbuild\x64\Debug\ALL_BUILD\ALL_BUILD.tlog\CustomBuild.read.1.tlog","1741","F740E9328372AD524F8BEB86E2D715DC6090E03A46F5D0D5DF6424A2E7579007","2026-09-20 00:11:42"
"build_clean_test5\_deps\nlohmann_json-subbuild\x64\Debug\ALL_BUILD\ALL_BUILD.tlog\CustomBuild.write.1.tlog","168","47C60B6D252BC27E6FCE8D4D06AA45F972D11B560BB3FB4B7C7ED0765378700D","2026-09-20 00:11:42"
"build_clean_test5\_deps\nlohmann_json-subbuild\x64\Debug\nlohmann_json-populate\nlohmann_json-populate.recipe","491","D64F19C03852FA944D73E5708751F349BE721BEA15C9944DA30338ED0D678AEC","2026-09-20 00:11:42"
"build_clean_test5\_deps\nlohmann_json-subbuild\x64\Debug\nlohmann_json-populate\nlohmann.1382BA79.tlog\CustomBuild.command.1.tlog","8267","4CDACCF8A7DA51836EA6CC7AF094D27C3706768FB3E4F254A32BB546078DAD03","2026-09-20 00:11:41"
"build_clean_test5\_deps\nlohmann_json-subbuild\x64\Debug\nlohmann_json-populate\nlohmann.1382BA79.tlog\CustomBuild.read.1.tlog","6498","ADC82C68EFDAFF7696617F797E753C233CF5A0C6345B6A8385EAF4E6671E1B1B","2026-09-20 00:11:41"
"build_clean_test5\_deps\nlohmann_json-subbuild\x64\Debug\nlohmann_json-populate\nlohmann.1382BA79.tlog\CustomBuild.write.1.tlog","3100","C3FB9BC639163872F2183D1056B381E981494FFCEE89E960DF0FADFFB7270CE1","2026-09-20 00:11:41"
"build_clean_test5\_deps\nlohmann_json-subbuild\x64\Debug\nlohmann_json-populate\nlohmann.1382BA79.tlog\nlohmann_json-populate.lastbuildstate","191","5A9DF6B94437AAAB9F3EBFEF1C6C3630E4F3F5C198E6AEA0930366B3D3B00327","2026-09-20 00:11:42"
"build_clean_test5\_deps\nlohmann_json-subbuild\x64\Debug\ZERO_CHECK\ZERO_CHECK.recipe","325","FA9FFA52BC11820FF7395DF7183B5ECB9C8065A67780AA79FCF8EB6D79D8CB7E","2026-09-20 00:11:41"
"build_clean_test5\_deps\nlohmann_json-subbuild\x64\Debug\ZERO_CHECK\ZERO_CHECK.tlog\CustomBuild.command.1.tlog","637","8EA9DEE117BC273CF721408401FBF2892BAC22E23A923CBCC06358CDECE8F4E1","2026-09-20 00:11:41"
"build_clean_test5\_deps\nlohmann_json-subbuild\x64\Debug\ZERO_CHECK\ZERO_CHECK.tlog\CustomBuild.read.1.tlog","1868","9C489FFA3FBAF9CFAA651687FEE5D0F702948ED8FC3BD10A8FCB0674F3FC790F","2026-09-20 00:11:41"
"build_clean_test5\_deps\nlohmann_json-subbuild\x64\Debug\ZERO_CHECK\ZERO_CHECK.tlog\CustomBuild.write.1.tlog","217","5FA2930C87C2A58F8E680F8BAE81A4C3082A7E3F2A308F9537A2478F8048DDC1","2026-09-20 00:11:41"
"build_clean_test5\_deps\nlohmann_json-subbuild\x64\Debug\ZERO_CHECK\ZERO_CHECK.tlog\ZERO_CHECK.lastbuildstate","191","5A9DF6B94437AAAB9F3EBFEF1C6C3630E4F3F5C198E6AEA0930366B3D3B00327","2026-09-20 00:11:41"
"build_clean_test6\CMakeCache.txt","43799","37EC039C01C389003A8A494CC19DEE854385B60357EF2220172A95437DB37182","2026-09-20 00:17:37"
"build_clean_test6\CMakeFiles\cmake.check_cache","86","95079B44BCEF481D601432C2FD3C654D7FE85B9C8386C355F2874502B47441D7","2026-09-20 00:17:37"
"build_clean_test6\CMakeFiles\CMakeConfigureLog.yaml","531526","B263879CB2DF83EC9ADE1AD8E623E48C3D2E0E80F49818188C936302103892B4","2026-09-20 00:17:37"
"build_clean_test6\CMakeFiles\4.4.2\CMakeASM_MASMCompiler.cmake","1555","2854EEB905485DAFD438E0C81309CB5FEBF71AC879DD3B77F5823D872C31C841","2026-09-20 00:17:32"
"build_clean_test6\CMakeFiles\4.4.2\CMakeCCompiler.cmake","3411","C96A9C696C6E2168D03B3F7B05F229CAA42F1673D3BDC90BC9BB5C7C0A63631E","2026-09-20 00:17:33"
"build_clean_test6\CMakeFiles\4.4.2\CMakeCXXCompiler.cmake","6632","3818AE800A1D94F1B189F721136856C561F51E1E9C0562B1C1FD8285A06E357C","2026-09-20 00:17:33"
"build_clean_test6\CMakeFiles\4.4.2\CMakeDetermineCompilerABI_C.bin","53248","1F19ECDEF311164275E582786A353ECE9E0A10314B461331EEC1702FABBE4227","2026-09-20 00:17:33"
"build_clean_test6\CMakeFiles\4.4.2\CMakeDetermineCompilerABI_CXX.bin","53248","8706996C9567DDA2F7118FAFE389977E746F9ABAFF6277F8A2BC1B619C9384FF","2026-09-20 00:17:33"
"build_clean_test6\CMakeFiles\4.4.2\CMakeRCCompiler.cmake","276","F1C96E7B6BC035D04A44733638743F28BF70450E870A3095A55CFF6AD81924FA","2026-09-20 00:17:32"
"build_clean_test6\CMakeFiles\4.4.2\CMakeSystem.cmake","399","14F764C3F0C50603F951C55B1787FA383C48D641385221057CD4F25001C4B314","2026-09-20 00:17:31"
"build_clean_test6\CMakeFiles\4.4.2\VCTargetsPath.txt","90","7BF0943F47FD89DDF6E8623056ED4AFA49693BCC8C6885EA90D889DBBC3CAD9C","2026-09-20 00:17:31"
"build_clean_test6\CMakeFiles\4.4.2\VCTargetsPath.vcxproj","1255","E4B780FA88A782F3788553546AE6BAB68373AE8378266CE7570A7DBEB1120D3D","2026-09-20 00:17:31"
"build_clean_test6\CMakeFiles\4.4.2\CompilerIdC\CMakeCCompilerId.c","29974","6B712B317574A51D1D4F3A69F0722D9EF310910570FD191501CDD45655E061D3","2026-09-20 00:17:31"
"build_clean_test6\CMakeFiles\4.4.2\CompilerIdC\CompilerIdC.exe","14848","6B066C25E2F8D170B9EDA2B5E9846546958FEBA46FD127B11E1D4B6462D34601","2026-09-20 00:17:31"
"build_clean_test6\CMakeFiles\4.4.2\CompilerIdC\CompilerIdC.vcxproj","2798","AF8BC7C7D110CBD801BAF170898C4EB9021E0272D6E7C0092478EF9A634DF7EC","2026-09-20 00:17:31"
"build_clean_test6\CMakeFiles\4.4.2\CompilerIdC\Debug\CMakeCCompilerId.obj","2298","9990C840A3F0E079BFC20088166805F2F0A9E06C98D3C43DA4A750961BFBDD9F","2026-09-20 00:17:31"
"build_clean_test6\CMakeFiles\4.4.2\CompilerIdC\Debug\CompilerIdC.exe.recipe","320","65E054B234685A6748BD1F8C0CC36E7CBCBF9971F6E735FADE9A24C8F9085D32","2026-09-20 00:17:31"
"build_clean_test6\CMakeFiles\4.4.2\CompilerIdC\Debug\CompilerIdC.tlog\CL.command.1.tlog","704","99ECBB4020EEFFBD36CDB061DADB147A26EC90DA8458883FE16BE821BCBFD26B","2026-09-20 00:17:31"
"build_clean_test6\CMakeFiles\4.4.2\CompilerIdC\Debug\CompilerIdC.tlog\Cl.items.tlog","171","AD08229938815FF142ECA487357F68F59A4CBB59F647E9335B4DE68B5F6908C0","2026-09-20 00:17:31"
"build_clean_test6\CMakeFiles\4.4.2\CompilerIdC\Debug\CompilerIdC.tlog\CL.read.1.tlog","570","03EB7A3483093C6735DDDA079AEA6216D7BA01B0139A800CA3E0364416A3D105","2026-09-20 00:17:31"
"build_clean_test6\CMakeFiles\4.4.2\CompilerIdC\Debug\CompilerIdC.tlog\CL.write.1.tlog","348","8FFF72F0EF217FCFD31088497569AC68E7884373416CCABEFD11B67AA919D131","2026-09-20 00:17:31"
"build_clean_test6\CMakeFiles\4.4.2\CompilerIdC\Debug\CompilerIdC.tlog\CompilerIdC.lastbuildstate","191","F936F4A824EF617A0B57CEF2A0FD2834DECEECC3A6B31E74E2D567B8A32D5378","2026-09-20 00:17:31"
"build_clean_test6\CMakeFiles\4.4.2\CompilerIdC\Debug\CompilerIdC.tlog\link.command.1.tlog","1006","F19442AA385B498A241851C8CD46DEDC6ACE0C8B53639BD9FEF9E2ECDAB0C1BF","2026-09-20 00:17:31"
"build_clean_test6\CMakeFiles\4.4.2\CompilerIdC\Debug\CompilerIdC.tlog\link.read.1.tlog","3398","5606134946CAFBBD5B471817799F52536372FC94FDF0E09E613B4E5B2761B453","2026-09-20 00:17:31"
"build_clean_test6\CMakeFiles\4.4.2\CompilerIdC\Debug\CompilerIdC.tlog\link.secondary.1.tlog","91","FE2881241BCF9685978081DEACE45DBD530E43B8749E724C526F8204C43C223C","2026-09-20 00:17:31"
"build_clean_test6\CMakeFiles\4.4.2\CompilerIdC\Debug\CompilerIdC.tlog\link.write.1.tlog","342","E37C4E9D3397990A40B77A8AC4A6D841F66A4EAB707B2BA842EE2F8CF8D6D20E","2026-09-20 00:17:31"
"build_clean_test6\CMakeFiles\4.4.2\CompilerIdCXX\CMakeCXXCompilerId.cpp","30605","C260F5F6368FE636DA54C24D6ABD310AC6FCC3ACDC4BDC674D9B7223569A85EB","2026-09-20 00:17:31"
"build_clean_test6\CMakeFiles\4.4.2\CompilerIdCXX\CompilerIdCXX.exe","15360","E70FBC82779040A0BC7C4B6493F972E29CC280814347F98667DC8C7466A29034","2026-09-20 00:17:32"
"build_clean_test6\CMakeFiles\4.4.2\CompilerIdCXX\CompilerIdCXX.vcxproj","2806","21FC02677B659ADE12A520B7B4B7ADF6F15E1C4BE0F1F6D6371CC636682DC3BA","2026-09-20 00:17:31"
"build_clean_test6\CMakeFiles\4.4.2\CompilerIdCXX\Debug\CMakeCXXCompilerId.obj","2365","5A085869B2368D70ED97FAE2314780BD99285434C02813373F3123E99EEAF62E","2026-09-20 00:17:32"
"build_clean_test6\CMakeFiles\4.4.2\CompilerIdCXX\Debug\CompilerIdCXX.exe.recipe","324","9A18D2168DBD5FA7EACE9FCFB8AA0E3B243C4781746E51A7599EF19AD33A30F3","2026-09-20 00:17:32"
"build_clean_test6\CMakeFiles\4.4.2\CompilerIdCXX\Debug\CompilerIdCXX.tlog\CL.command.1.tlog","728","FAAFECEAFD59D7B1E66EE1497FFF34E5E0CA6FC6886C67F5974AF41166BD277E","2026-09-20 00:17:32"
"build_clean_test6\CMakeFiles\4.4.2\CompilerIdCXX\Debug\CompilerIdCXX.tlog\Cl.items.tlog","181","C0BE20BBF018D99FD47164DAE9A62FE3A47F41F55450BE69E2FD857121CFCEB8","2026-09-20 00:17:32"
"build_clean_test6\CMakeFiles\4.4.2\CompilerIdCXX\Debug\CompilerIdCXX.tlog\CL.read.1.tlog","582","49FA1299865BA5983DD71B8A4CCC335C9B578A3BD0F3C002D4540E80CF1EB7DD","2026-09-20 00:17:32"
"build_clean_test6\CMakeFiles\4.4.2\CompilerIdCXX\Debug\CompilerIdCXX.tlog\CL.write.1.tlog","368","DB411E213D5556D24D30C343A298D0712511A4D1D1820017204222BEFA5D6E92","2026-09-20 00:17:32"
"build_clean_test6\CMakeFiles\4.4.2\CompilerIdCXX\Debug\CompilerIdCXX.tlog\CompilerIdCXX.lastbuildstate","193","0EE02A5D550AF46B9578BD9F5CD1DB1BA56FEFE31ACB4482063A374BAFE8F00A","2026-09-20 00:17:32"
"build_clean_test6\CMakeFiles\4.4.2\CompilerIdCXX\Debug\CompilerIdCXX.tlog\link.command.1.tlog","1030","FF9CF42A82D9E163B5C631405CFF2FA4BEF8B665A8380C54A97C7DE4544395B8","2026-09-20 00:17:32"
"build_clean_test6\CMakeFiles\4.4.2\CompilerIdCXX\Debug\CompilerIdCXX.tlog\link.read.1.tlog","3414","D72828327AE63E0D176F072F9A2793FBCF55DA7891025CEFD766E274A7DEC782","2026-09-20 00:17:32"
"build_clean_test6\CMakeFiles\4.4.2\CompilerIdCXX\Debug\CompilerIdCXX.tlog\link.secondary.1.tlog","95","A9EC077BDEBE740092663DC7AC4987C4216399702E125CE68CB22E99C912175E","2026-09-20 00:17:32"
"build_clean_test6\CMakeFiles\4.4.2\CompilerIdCXX\Debug\CompilerIdCXX.tlog\link.write.1.tlog","358","3F17A2D83F9B2CEF6FD34FFA84703A625D49928C9D06D6C1D4CC050025ED8612","2026-09-20 00:17:32"
"build_clean_test6\CMakeFiles\4.4.2\VCTargetsPath\x64\Debug\VCTargetsPath.recipe","316","DC85ED28481CEABCB38BE769C0DB00F70438585BB26E2D6FC39F9F5E88E71067","2026-09-20 00:17:31"
"build_clean_test6\CMakeFiles\4.4.2\VCTargetsPath\x64\Debug\VCTargetsPath.tlog\VCTargetsPath.lastbuildstate","179","407239734BED13777004F536B749DD39AC69A02C9BB5234C49E8D3C0A1D4C28C","2026-09-20 00:17:31"
"build_clean_test6\_deps\nlohmann_json-build\nlohmann_json.pc","115","7629FAC183E1A0948AD7435EE77F88D00CD1C8F0B0CDAF0402BA0329F5552826","2026-09-20 00:17:35"
"build_clean_test6\_deps\nlohmann_json-build\nlohmann_jsonConfig.cmake","635","A879DC2B648E17AC32836EF9013B5A6CF1234A74B9A60962CC081C3776C9F13F","2026-09-20 00:17:35"
"build_clean_test6\_deps\nlohmann_json-build\nlohmann_jsonConfigVersion.cmake","696","B6D73337D16D3DEB4B192056D1AC9E7E962929EC993F7F9652A949DE3D38CE8F","2026-09-20 00:17:35"
"build_clean_test6\_deps\nlohmann_json-src\CMakeLists.txt","7180","9A00F4234C7804AF1A8ABA619C28B7462B11683FD6628A0EA62CBC168764C87F","2023-11-28 14:38:03"
"build_clean_test6\_deps\nlohmann_json-src\LICENSE.MIT","1076","86B998C792894CCB911A1CB7994F7A9652894E7A094C0B5E45BE2F553F45CF14","2023-11-28 14:38:03"
"build_clean_test6\_deps\nlohmann_json-src\nlohmann_json.natvis","19578","162666E7AB4D725A6E9621F0D31097802B58B838E907AE5445C7C938FD0257B1","2023-11-28 14:38:03"
"build_clean_test6\_deps\nlohmann_json-src\cmake\config.cmake.in","710","DE73A6E0CDFC9CB1FC28A6156D7E2660F498C9F30AD7D4DE5600BA279DA0A3F3","2023-11-28 14:38:03"
"build_clean_test6\_deps\nlohmann_json-src\cmake\nlohmann_jsonConfigVersion.cmake.in","709","F3E940FC8846A483A5F35B9D47FA9AE700765B60A3D17EED2229A0BD7818F567","2023-11-28 14:38:03"
"build_clean_test6\_deps\nlohmann_json-src\cmake\pkg-config.pc.in","126","796C801C759EB4D5E165AFA2441481FFF5487A2FD35BBFCEC841367D9772F760","2023-11-28 14:38:03"
"build_clean_test6\_deps\nlohmann_json-src\include\nlohmann\adl_serializer.hpp","2279","242B578E1A41C97DEC6890BD88BDB824CDB76A9EDD849C108299A59469D327E0","2023-11-28 14:38:03"
"build_clean_test6\_deps\nlohmann_json-src\include\nlohmann\byte_container_with_subtype.hpp","3533","C7DC197CBB54B9168373B4B9A3E1CC57CC5583BFCF5008B722B363335BC53511","2023-11-28 14:38:03"
"build_clean_test6\_deps\nlohmann_json-src\include\nlohmann\json.hpp","198618","2432CBF7F4258453538ECA193CD937FC777462AE2CE8EE9F46E6EE460EF56BEA","2023-11-28 14:38:03"
"build_clean_test6\_deps\nlohmann_json-src\include\nlohmann\json_fwd.hpp","2541","C5B950B428534861B5869254FD773AFC724112FC9E141BD1FC89189640A3AE5D","2023-11-28 14:38:03"
"build_clean_test6\_deps\nlohmann_json-src\include\nlohmann\ordered_map.hpp","11692","31D1BB02500B734E09C27CE2CC216C8AF188344FBC19A6946AE301A12C7B62DF","2023-11-28 14:38:03"
"build_clean_test6\_deps\nlohmann_json-src\include\nlohmann\detail\abi_macros.hpp","3807","1C7DC7C5062B199A35853F4056ED00ED359EF8FA5C7FB15A58BC79598EC21422","2023-11-28 14:38:03"
"build_clean_test6\_deps\nlohmann_json-src\include\nlohmann\detail\exceptions.hpp","9267","55299C55106DE2624CA7AA6A5705AD6FF53814C1B52F8FE8D2872F13C956C95A","2023-11-28 14:38:03"
"build_clean_test6\_deps\nlohmann_json-src\include\nlohmann\detail\hash.hpp","4016","74A9E3AF772127CF0B12EE794ABC8C47B5BEA74CE658D0D20179A26BE5D95D0D","2023-11-28 14:38:03"
"build_clean_test6\_deps\nlohmann_json-src\include\nlohmann\detail\json_custom_base_class.hpp","1178","70DA7C5B17777F8DA6D83310D6526856542585EFA8A078DB61227B11AAF9EC0B","2023-11-28 14:38:03"
"build_clean_test6\_deps\nlohmann_json-src\include\nlohmann\detail\json_pointer.hpp","37143","4CF537AD88B2D686D5A349B26DA7E012BA9A58B01A0AB2BADAA796D9150E69BB","2023-11-28 14:38:03"
"build_clean_test6\_deps\nlohmann_json-src\include\nlohmann\detail\json_ref.hpp","1811","1660750DD10A562AAC1EEA37021F1E7138A5D6D50B051815708497A8D30BF60D","2023-11-28 14:38:03"
"build_clean_test6\_deps\nlohmann_json-src\include\nlohmann\detail\macro_scope.hpp","43639","70D2B2AA49A93170DED3D0C0D1B0F76103FDD09704BA5ECC862BC03095920847","2023-11-28 14:38:03"
"build_clean_test6\_deps\nlohmann_json-src\include\nlohmann\detail\macro_unscope.hpp","1252","5F7040DF475E2C943D9B22C335B61600DEB14B1E48A69B3450DE4C4A08C320BC","2023-11-28 14:38:03"
"build_clean_test6\_deps\nlohmann_json-src\include\nlohmann\detail\string_concat.hpp","5951","E8001630045F800C0EBCFC19E2B2F90139A4D20A9A359E134657767FD6FA9AA2","2023-11-28 14:38:03"
"build_clean_test6\_deps\nlohmann_json-src\include\nlohmann\detail\string_escape.hpp","2168","3BF6687FFA7F6FD3034591ADFDD6EA073584DF83694C6B57FEED9ADA965801E7","2023-11-28 14:38:03"
"build_clean_test6\_deps\nlohmann_json-src\include\nlohmann\detail\value_t.hpp","4326","60A7E24B34E93B8BA40EECF310A40C55042754328271C246F9CC1069F6A25958","2023-11-28 14:38:03"
"build_clean_test6\_deps\nlohmann_json-src\include\nlohmann\detail\conversions\from_json.hpp","18880","B37CED0BA32F8AC5834B4C96058CA5E445BCCEA27F46299A359EED0ECBF2E58E","2023-11-28 14:38:03"
"build_clean_test6\_deps\nlohmann_json-src\include\nlohmann\detail\conversions\to_chars.hpp","38562","5FE11205C45DBD08373244D743F38E89CEEFB8C9B5FC4C68077117C786D53BEF","2023-11-28 14:38:03"
"build_clean_test6\_deps\nlohmann_json-src\include\nlohmann\detail\conversions\to_json.hpp","16274","73BAD524856D475A6071FD7B5422F80DF13BA7586F0D4B48141C2EC60CEBCF89","2023-11-28 14:38:03"
"build_clean_test6\_deps\nlohmann_json-src\include\nlohmann\detail\input\binary_reader.hpp","103146","484BCC276C4FA6C7C61A93A8223F3E53BB4DC966E688E96641A93A50D7E503E9","2023-11-28 14:38:03"
"build_clean_test6\_deps\nlohmann_json-src\include\nlohmann\detail\input\input_adapters.hpp","17402","BD549419506089C82C94446F939587362FF01516B8E6624C472E704D27B1BE42","2023-11-28 14:38:03"
"build_clean_test6\_deps\nlohmann_json-src\include\nlohmann\detail\input\json_sax.hpp","21420","9147C9D07784A5F3DE890D68401AE07D03D0BC0DB24EBCBE7BEB8A31CFD858A0","2023-11-28 14:38:03"
"build_clean_test6\_deps\nlohmann_json-src\include\nlohmann\detail\input\lexer.hpp","54569","550C275F09D55DEB1705B97B8A15B02F211EA0BA87E95452E7A023B854BB024C","2023-11-28 14:38:03"
"build_clean_test6\_deps\nlohmann_json-src\include\nlohmann\detail\input\parser.hpp","19661","094AED22CFDD641AC15EF59BFEF8DD1E23FD92373633A92ED928CB580F0CBD7E","2023-11-28 14:38:03"
"build_clean_test6\_deps\nlohmann_json-src\include\nlohmann\detail\input\position_t.hpp","958","0C9C5BE26020C0A7929F3CC1E7E0065589D6A8F4DC1BD2EE13F10EF1A7EFAA24","2023-11-28 14:38:03"
"build_clean_test6\_deps\nlohmann_json-src\include\nlohmann\detail\iterators\internal_iterator.hpp","1071","E75CF5E3C9AE358055BF3335FA2C5B6BBFBD1E24EA3DFDB62C187F37A8E2B485","2023-11-28 14:38:03"
"build_clean_test6\_deps\nlohmann_json-src\include\nlohmann\detail\iterators\iteration_proxy.hpp","8238","839EFBA147F6F15C693C741039DAA3D383C2F4AFB8FE653E4DAD49A9F998D1D1","2023-11-28 14:38:03"
"build_clean_test6\_deps\nlohmann_json-src\include\nlohmann\detail\iterators\iterator_traits.hpp","1757","04B0EDAEB214AA1C932B9078849A8FBBBDA9C7A241B4CBC28A90B6D11C959443","2023-11-28 14:38:03"
"build_clean_test6\_deps\nlohmann_json-src\include\nlohmann\detail\iterators\iter_impl.hpp","24046","70D81EBB931DB43A19FE3872A3FB1BC91FAB27509C8D29EE4C4DD247B384CAE1","2023-11-28 14:38:03"
"build_clean_test6\_deps\nlohmann_json-src\include\nlohmann\detail\iterators\json_reverse_iterator.hpp","3861","031B45C4F90AB7D64ECB6606FAD880D867A23FC63A431F0DE34F0FC104307B66","2023-11-28 14:38:03"
"build_clean_test6\_deps\nlohmann_json-src\include\nlohmann\detail\iterators\primitive_iterator.hpp","3227","6C949107BB779CECB8BEBA0835F7292656B52B08C3F6A6D3B27229B58C28AEFE","2023-11-28 14:38:03"
"build_clean_test6\_deps\nlohmann_json-src\include\nlohmann\detail\meta\cpp_future.hpp","5178","486BA5A3724131D0C1646E36D9A4A9877505B2914078347E6067BB65593F01CE","2023-11-28 14:38:03"
"build_clean_test6\_deps\nlohmann_json-src\include\nlohmann\detail\meta\detected.hpp","2109","F79AA1F107E4DFD4554753E6FE05364A1147EF4498D3125CFC939A5534D2D527","2023-11-28 14:38:03"
"build_clean_test6\_deps\nlohmann_json-src\include\nlohmann\detail\meta\identity_tag.hpp","526","BBA9559DEC8519DE3044B537E96A59A601831797A5A3C38BF8023A6D949118D0","2023-11-28 14:38:03"
"build_clean_test6\_deps\nlohmann_json-src\include\nlohmann\detail\meta\is_sax.hpp","6960","1F81D6098B9AAD02A95C27EC333BBB13EEC3C5171B968E39B7ECB1B06B16C55B","2023-11-28 14:38:03"
"build_clean_test6\_deps\nlohmann_json-src\include\nlohmann\detail\meta\std_fs.hpp","766","FB514154EA8C11C04A00EFEB2E89EDBFD40F149ED39EF36568D9B2A1062E85E0","2023-11-28 14:38:03"
"build_clean_test6\_deps\nlohmann_json-src\include\nlohmann\detail\meta\type_traits.hpp","29454","1F901F9E4BCD585FF22C6B0C0956566BA8A4A1238A490A64E7755A2C313040D5","2023-11-28 14:38:03"
"build_clean_test6\_deps\nlohmann_json-src\include\nlohmann\detail\meta\void_t.hpp","597","581E7B157457EB9C488793F2CD7066B2C1BA31D5E9FEA6F0D67C8C732B5088E4","2023-11-28 14:38:03"
"build_clean_test6\_deps\nlohmann_json-src\include\nlohmann\detail\meta\call_std\begin.hpp","453","379660C15A30B84FF2A67E22734638F608CC37B34648461C7E9167DA1153D861","2023-11-28 14:38:03"
"build_clean_test6\_deps\nlohmann_json-src\include\nlohmann\detail\meta\call_std\end.hpp","451","DECA609BF200442F452B848C19F28EE30879DF0CA35E959ED3B41F861C92DF55","2023-11-28 14:38:03"
"build_clean_test6\_deps\nlohmann_json-src\include\nlohmann\detail\output\binary_writer.hpp","71152","665CE1EA5FB2CB425896B713BDD8D8D5A6D69688924FA6E2EFAFFB4E9D132011","2023-11-28 14:38:03"
"build_clean_test6\_deps\nlohmann_json-src\include\nlohmann\detail\output\output_adapters.hpp","4067","1E0BCC375B4D84180649198E2F8061F5968A10A6913231FEE097689D281ED565","2023-11-28 14:38:03"
"build_clean_test6\_deps\nlohmann_json-src\include\nlohmann\detail\output\serializer.hpp","40163","259C611D4B1147E3626D25BC05994B28F91F4FCCA2E578E486DCF51C0234E5C8","2023-11-28 14:38:03"
"build_clean_test6\_deps\nlohmann_json-src\include\nlohmann\thirdparty\hedley\hedley.hpp","86068","20D6C1C6D6C30365F68A45093798937971B593919FB3051431F0C015DFA671FB","2023-11-28 14:38:03"
"build_clean_test6\_deps\nlohmann_json-src\include\nlohmann\thirdparty\hedley\hedley_undef.hpp","5500","0F8902F26872F40A2514E9C9BE2FCEBFCE6CDE0022E9364FDDD17FB49575B146","2023-11-28 14:38:03"
"build_clean_test6\_deps\nlohmann_json-src\single_include\nlohmann\json.hpp","919975","9BEA4C8066EF4A1C206B2BE5A36302F8926F7FDC6087AF5D20B417D0CF103EA6","2023-11-28 14:38:03"
"build_clean_test6\_deps\nlohmann_json-src\single_include\nlohmann\json_fwd.hpp","6340","5CEFBBA751BAF5243033FD894C70BE9B37103D64B3D3A959E4173197D71137B9","2023-11-28 14:38:03"
"build_clean_test6\_deps\nlohmann_json-subbuild\ALL_BUILD.vcxproj","6417","B2F7D52586DD82EBFC3F7B9FB75A3F4756C8F6B0246A3310DB3954DD290FA915","2026-09-20 00:17:34"
"build_clean_test6\_deps\nlohmann_json-subbuild\ALL_BUILD.vcxproj.filters","316","4D3C89FAF604CAD085C3800CB960EE3DE59C0989167FE26DA1569B9CC3F3531F","2026-09-20 00:17:34"
"build_clean_test6\_deps\nlohmann_json-subbuild\CMakeCache.txt","5431","24894C02D31BA97B511F56F39BABCE0F1A0B5E990ACE8A03C691701B5B51DE5D","2026-09-20 00:17:33"
"build_clean_test6\_deps\nlohmann_json-subbuild\CMakeLists.txt","1548","029D977B338F4212C79CE14020F2BDBF61947433CE265B9A8E95CD90789B1C42","2026-09-20 00:17:33"
"build_clean_test6\_deps\nlohmann_json-subbuild\cmake_install.cmake","2002","E14F69EF5ABDEF97B35F15C7A8DE6B2E4CBD5DB4F1804694042523044EFBD1B2","2026-09-20 00:17:34"
"build_clean_test6\_deps\nlohmann_json-subbuild\nlohmann_json-populate.sln","2673","38CE2790EE256D770BEA5715A74508BFD78E914BA3103DCDC070B5B2F824871D","2026-09-20 00:17:34"
"build_clean_test6\_deps\nlohmann_json-subbuild\nlohmann_json-populate.vcxproj","25372","3FDF610907CCA8F0975949D1AA4238614509740EF79342F902BE98824A159185","2026-09-20 00:17:34"
"build_clean_test6\_deps\nlohmann_json-subbuild\nlohmann_json-populate.vcxproj.filters","2857","67AA6C98988E485C154566AE9885B5417B0910CC422921E3BCDA6E302F7C926C","2026-09-20 00:17:34"
"build_clean_test6\_deps\nlohmann_json-subbuild\ZERO_CHECK.vcxproj","5878","A74A0C066917E856C671A048DCD7FDEFBFE8AF4FB79ED867DC3C034A7771AC7B","2026-09-20 00:17:34"
"build_clean_test6\_deps\nlohmann_json-subbuild\ZERO_CHECK.vcxproj.filters","553","06B7E73A04FCE0FF5B17E0087FA7C1B3E393A6F40E1D135239BEAFC512A526AA","2026-09-20 00:17:34"
"build_clean_test6\_deps\nlohmann_json-subbuild\CMakeFiles\cmake.check_cache","86","95079B44BCEF481D601432C2FD3C654D7FE85B9C8386C355F2874502B47441D7","2026-09-20 00:17:34"
"build_clean_test6\_deps\nlohmann_json-subbuild\CMakeFiles\CMakeConfigureLog.yaml","271","ECF712160B779608B83B769991FDA879E04498880AF245A3073EE7466823C663","2026-09-20 00:17:33"
"build_clean_test6\_deps\nlohmann_json-subbuild\CMakeFiles\generate.stamp","55","302F7E9A0C863C04B740065ADE01D243C7587D7272FC79FB002870128A9558EB","2026-09-20 00:17:35"
"build_clean_test6\_deps\nlohmann_json-subbuild\CMakeFiles\generate.stamp.depend","1796","6EA380C7C99D0469FA87EBD950CDA75037D16D49DD997367044BFE775B54C397","2026-09-20 00:17:34"
"build_clean_test6\_deps\nlohmann_json-subbuild\CMakeFiles\generate.stamp.list","89","290C5DB1F0192E45966279CF4B1E186BD25FB31D47B41AC75D222F5F356A546F","2026-09-20 00:17:33"
"build_clean_test6\_deps\nlohmann_json-subbuild\CMakeFiles\InstallScripts.json","145","A6A70E795CE5C13253CAA90F73828B074E1C10729BFD07068934261F1765F127","2026-09-20 00:17:34"
"build_clean_test6\_deps\nlohmann_json-subbuild\CMakeFiles\TargetDirectories.txt","278","C0C00A02C71A49994219485D57FCB598F17CB0D1906DD6790F5C3AC882293B53","2026-09-20 00:17:34"
"build_clean_test6\_deps\nlohmann_json-subbuild\CMakeFiles\34f2d910a2888d3e659580b725f1074e\nlohmann_json-populate-complete.rule","24","6D2663216BB5708992DAD2784A833F449113AFD00FD431274CA956FB2530D391","2000-12-31 19:00:00"
"build_clean_test6\_deps\nlohmann_json-subbuild\CMakeFiles\4.4.2\CMakeSystem.cmake","395","CB655F074177502B26612FA979EE72C606731A0B59F300E936EBBA161D8CCE09","2026-09-20 00:17:33"
"build_clean_test6\_deps\nlohmann_json-subbuild\CMakeFiles\4.4.2\VCTargetsPath.txt","90","7BF0943F47FD89DDF6E8623056ED4AFA49693BCC8C6885EA90D889DBBC3CAD9C","2026-09-20 00:17:33"
"build_clean_test6\_deps\nlohmann_json-subbuild\CMakeFiles\4.4.2\VCTargetsPath.vcxproj","1255","E4B780FA88A782F3788553546AE6BAB68373AE8378266CE7570A7DBEB1120D3D","2026-09-20 00:17:33"
"build_clean_test6\_deps\nlohmann_json-subbuild\CMakeFiles\4.4.2\VCTargetsPath\x64\Debug\VCTargetsPath.recipe","345","104D744003BBA684DFD4B08DC5280C132EB84EFECC9867E80204327A4CEFB962","2026-09-20 00:17:33"
"build_clean_test6\_deps\nlohmann_json-subbuild\CMakeFiles\4.4.2\VCTargetsPath\x64\Debug\VCTargetsPath.tlog\VCTargetsPath.lastbuildstate","208","70C859BCDADC1012607DBE30A2D8C67E32163167E836E376C1A051FD90A248BD","2026-09-20 00:17:33"
"build_clean_test6\_deps\nlohmann_json-subbuild\CMakeFiles\4e9180aacfbe2768d8870c440b55e0af\nlohmann_json-populate-build.rule","24","6D2663216BB5708992DAD2784A833F449113AFD00FD431274CA956FB2530D391","2000-12-31 19:00:00"
"build_clean_test6\_deps\nlohmann_json-subbuild\CMakeFiles\4e9180aacfbe2768d8870c440b55e0af\nlohmann_json-populate-configure.rule","24","6D2663216BB5708992DAD2784A833F449113AFD00FD431274CA956FB2530D391","2000-12-31 19:00:00"
"build_clean_test6\_deps\nlohmann_json-subbuild\CMakeFiles\4e9180aacfbe2768d8870c440b55e0af\nlohmann_json-populate-download.rule","24","6D2663216BB5708992DAD2784A833F449113AFD00FD431274CA956FB2530D391","2000-12-31 19:00:00"
"build_clean_test6\_deps\nlohmann_json-subbuild\CMakeFiles\4e9180aacfbe2768d8870c440b55e0af\nlohmann_json-populate-install.rule","24","6D2663216BB5708992DAD2784A833F449113AFD00FD431274CA956FB2530D391","2000-12-31 19:00:00"
"build_clean_test6\_deps\nlohmann_json-subbuild\CMakeFiles\4e9180aacfbe2768d8870c440b55e0af\nlohmann_json-populate-mkdir.rule","24","6D2663216BB5708992DAD2784A833F449113AFD00FD431274CA956FB2530D391","2000-12-31 19:00:00"
"build_clean_test6\_deps\nlohmann_json-subbuild\CMakeFiles\4e9180aacfbe2768d8870c440b55e0af\nlohmann_json-populate-patch.rule","24","6D2663216BB5708992DAD2784A833F449113AFD00FD431274CA956FB2530D391","2000-12-31 19:00:00"
"build_clean_test6\_deps\nlohmann_json-subbuild\CMakeFiles\4e9180aacfbe2768d8870c440b55e0af\nlohmann_json-populate-test.rule","24","6D2663216BB5708992DAD2784A833F449113AFD00FD431274CA956FB2530D391","2000-12-31 19:00:00"
"build_clean_test6\_deps\nlohmann_json-subbuild\CMakeFiles\4e9180aacfbe2768d8870c440b55e0af\nlohmann_json-populate-update.rule","24","6D2663216BB5708992DAD2784A833F449113AFD00FD431274CA956FB2530D391","2000-12-31 19:00:00"
"build_clean_test6\_deps\nlohmann_json-subbuild\CMakeFiles\754e3ea479f30d8f4b4dc9594e11d687\generate.stamp.rule","24","6D2663216BB5708992DAD2784A833F449113AFD00FD431274CA956FB2530D391","2000-12-31 19:00:00"
"build_clean_test6\_deps\nlohmann_json-subbuild\CMakeFiles\754e3ea479f30d8f4b4dc9594e11d687\nlohmann_json-populate.rule","24","6D2663216BB5708992DAD2784A833F449113AFD00FD431274CA956FB2530D391","2000-12-31 19:00:00"
"build_clean_test6\_deps\nlohmann_json-subbuild\CMakeFiles\Debug\nlohmann_json-populate-complete","0","E3B0C44298FC1C149AFBF4C8996FB92427AE41E4649B934CA495991B7852B855","2026-09-20 00:17:35"
"build_clean_test6\_deps\nlohmann_json-subbuild\CMakeFiles\nlohmann_json-populate.dir\Labels.json","1929","9EC86FE180E2D8838732AD8947FD46758026994A6528A9D9BFF69049BB6949C8","2026-09-20 00:17:34"
"build_clean_test6\_deps\nlohmann_json-subbuild\CMakeFiles\nlohmann_json-populate.dir\Labels.txt","1588","2E039916E49AEF00A2BE5E48A225B471EC14BC3DB1C9C28C6E12ADE70762FC2F","2026-09-20 00:17:34"
"build_clean_test6\_deps\nlohmann_json-subbuild\nlohmann_json-populate-prefix\src\json.tar.xz","110988","D6C65ACA6B1ED68E7A182F4757257B107AE403032760ED6EF121C9D55E81757D","2026-09-20 00:17:34"
"build_clean_test6\_deps\nlohmann_json-subbuild\nlohmann_json-populate-prefix\src\nlohmann_json-populate-stamp\download-nlohmann_json-populate.cmake","5224","6097CE668EBC4F8D6454B357D0EF56C15E813AE671E520214F466104E55E0B07","2026-09-20 00:17:33"
"build_clean_test6\_deps\nlohmann_json-subbuild\nlohmann_json-populate-prefix\src\nlohmann_json-populate-stamp\extract-nlohmann_json-populate.cmake","1985","C5D9A3CD98B3D457F8E657BB002550C4623BCD5AAFFF7D669139689C3971193C","2026-09-20 00:17:33"
"build_clean_test6\_deps\nlohmann_json-subbuild\nlohmann_json-populate-prefix\src\nlohmann_json-populate-stamp\nlohmann_json-populate-patch-info.txt","234","1B65EC9FCBBD17A6161E1654B212A61E96B5AF8F684DB5B57CC9A34CCB8FC08A","2026-09-20 00:17:33"
"build_clean_test6\_deps\nlohmann_json-subbuild\nlohmann_json-populate-prefix\src\nlohmann_json-populate-stamp\nlohmann_json-populate-update-info.txt","270","1E7A50B58A848C38CCE229AFDCDDB502800991D383A5B52717831809448F316A","2026-09-20 00:17:33"
"build_clean_test6\_deps\nlohmann_json-subbuild\nlohmann_json-populate-prefix\src\nlohmann_json-populate-stamp\nlohmann_json-populate-urlinfo.txt","1185","65F83B2B7706ED70E7F0949A5B92869123F30FA22FB2192D775E0EA6B2A16B11","2026-09-20 00:17:33"
"build_clean_test6\_deps\nlohmann_json-subbuild\nlohmann_json-populate-prefix\src\nlohmann_json-populate-stamp\verify-nlohmann_json-populate.cmake","0","E3B0C44298FC1C149AFBF4C8996FB92427AE41E4649B934CA495991B7852B855","2026-09-20 00:17:33"
"build_clean_test6\_deps\nlohmann_json-subbuild\nlohmann_json-populate-prefix\src\nlohmann_json-populate-stamp\Debug\nlohmann_json-populate-build","0","E3B0C44298FC1C149AFBF4C8996FB92427AE41E4649B934CA495991B7852B855","2026-09-20 00:17:35"
"build_clean_test6\_deps\nlohmann_json-subbuild\nlohmann_json-populate-prefix\src\nlohmann_json-populate-stamp\Debug\nlohmann_json-populate-configure","0","E3B0C44298FC1C149AFBF4C8996FB92427AE41E4649B934CA495991B7852B855","2026-09-20 00:17:35"
"build_clean_test6\_deps\nlohmann_json-subbuild\nlohmann_json-populate-prefix\src\nlohmann_json-populate-stamp\Debug\nlohmann_json-populate-done","0","E3B0C44298FC1C149AFBF4C8996FB92427AE41E4649B934CA495991B7852B855","2026-09-20 00:17:35"
"build_clean_test6\_deps\nlohmann_json-subbuild\nlohmann_json-populate-prefix\src\nlohmann_json-populate-stamp\Debug\nlohmann_json-populate-download","0","E3B0C44298FC1C149AFBF4C8996FB92427AE41E4649B934CA495991B7852B855","2026-09-20 00:17:35"
"build_clean_test6\_deps\nlohmann_json-subbuild\nlohmann_json-populate-prefix\src\nlohmann_json-populate-stamp\Debug\nlohmann_json-populate-install","0","E3B0C44298FC1C149AFBF4C8996FB92427AE41E4649B934CA495991B7852B855","2026-09-20 00:17:35"
"build_clean_test6\_deps\nlohmann_json-subbuild\nlohmann_json-populate-prefix\src\nlohmann_json-populate-stamp\Debug\nlohmann_json-populate-mkdir","0","E3B0C44298FC1C149AFBF4C8996FB92427AE41E4649B934CA495991B7852B855","2026-09-20 00:17:34"
"build_clean_test6\_deps\nlohmann_json-subbuild\nlohmann_json-populate-prefix\src\nlohmann_json-populate-stamp\Debug\nlohmann_json-populate-patch","0","E3B0C44298FC1C149AFBF4C8996FB92427AE41E4649B934CA495991B7852B855","2026-09-20 00:17:35"
"build_clean_test6\_deps\nlohmann_json-subbuild\nlohmann_json-populate-prefix\src\nlohmann_json-populate-stamp\Debug\nlohmann_json-populate-test","0","E3B0C44298FC1C149AFBF4C8996FB92427AE41E4649B934CA495991B7852B855","2026-09-20 00:17:35"
"build_clean_test6\_deps\nlohmann_json-subbuild\nlohmann_json-populate-prefix\src\nlohmann_json-populate-stamp\Debug\nlohmann_json-populate-update","0","E3B0C44298FC1C149AFBF4C8996FB92427AE41E4649B934CA495991B7852B855","2026-09-20 00:17:35"
"build_clean_test6\_deps\nlohmann_json-subbuild\nlohmann_json-populate-prefix\tmp\nlohmann_json-populate-cfgcmd.txt","8","4338C530A76441CDA4F59C911C9FDF950E000F361B796FCD9DB755AAAE241FF9","2026-09-20 00:17:33"
"build_clean_test6\_deps\nlohmann_json-subbuild\nlohmann_json-populate-prefix\tmp\nlohmann_json-populate-mkdirs.cmake","1713","13174130EDFD7EF1498AC7B647B318CADD6B223182C691BA8A3BBE41F909D263","2026-09-20 00:17:33"
"build_clean_test6\_deps\nlohmann_json-subbuild\x64\Debug\ALL_BUILD\ALL_BUILD.recipe","644","1F12F2EFCF2173473F3941B8261D99CD857307CE876B2BB50F0E4A35DA6DA5B6","2026-09-20 00:17:35"
"build_clean_test6\_deps\nlohmann_json-subbuild\x64\Debug\ALL_BUILD\ALL_BUILD.tlog\ALL_BUILD.lastbuildstate","191","BCFFB09FD37E2B1A57B0439FDF3D88F85FA5FF46F9E866A109A43FAF82CD5790","2026-09-20 00:17:35"
"build_clean_test6\_deps\nlohmann_json-subbuild\x64\Debug\ALL_BUILD\ALL_BUILD.tlog\CustomBuild.command.1.tlog","537","C959C0AC6FC4A73AE8CE460E51BF2104BCA70FB7DB402390268EB1122166C535","2026-09-20 00:17:35"
"build_clean_test6\_deps\nlohmann_json-subbuild\x64\Debug\ALL_BUILD\ALL_BUILD.tlog\CustomBuild.read.1.tlog","1741","00DEAF3BE60C3E541F4461D9E49447A5F0D80F9AE1E11C89DD0FD777CA9ABC93","2026-09-20 00:17:35"
"build_clean_test6\_deps\nlohmann_json-subbuild\x64\Debug\ALL_BUILD\ALL_BUILD.tlog\CustomBuild.write.1.tlog","168","1F9077C7E9A9176A4BE068CCDD93239BC84E54CB29C75943BC1DE035A1DB0468","2026-09-20 00:17:35"
"build_clean_test6\_deps\nlohmann_json-subbuild\x64\Debug\nlohmann_json-populate\nlohmann_json-populate.recipe","491","E724C4AE0FB524D51856ABED309B1F446750C531E2CF398FDB827A5FDBE47A22","2026-09-20 00:17:35"
"build_clean_test6\_deps\nlohmann_json-subbuild\x64\Debug\nlohmann_json-populate\nlohmann.549B49ED.tlog\CustomBuild.command.1.tlog","8267","0816ABF505B78CD11BAA747A72E5CC8727619065C44203A4686EE4AB28E07E37","2026-09-20 00:17:34"
"build_clean_test6\_deps\nlohmann_json-subbuild\x64\Debug\nlohmann_json-populate\nlohmann.549B49ED.tlog\CustomBuild.read.1.tlog","6498","078F6BC817D14F495794550D415D52163CC5438A11DB4D76EE0FE40B784FE92D","2026-09-20 00:17:34"
"build_clean_test6\_deps\nlohmann_json-subbuild\x64\Debug\nlohmann_json-populate\nlohmann.549B49ED.tlog\CustomBuild.write.1.tlog","3100","98DF4C7097FEFE62EE636FD6876AABE88BED7B82416443B7169BAE6B02DE4F10","2026-09-20 00:17:34"
"build_clean_test6\_deps\nlohmann_json-subbuild\x64\Debug\nlohmann_json-populate\nlohmann.549B49ED.tlog\nlohmann_json-populate.lastbuildstate","191","BCFFB09FD37E2B1A57B0439FDF3D88F85FA5FF46F9E866A109A43FAF82CD5790","2026-09-20 00:17:35"
"build_clean_test6\_deps\nlohmann_json-subbuild\x64\Debug\ZERO_CHECK\ZERO_CHECK.recipe","325","5A84D5052BF3D91E1649E982B2F2D3F27209457E3A223D18BF9C94E252E2E4CA","2026-09-20 00:17:34"
"build_clean_test6\_deps\nlohmann_json-subbuild\x64\Debug\ZERO_CHECK\ZERO_CHECK.tlog\CustomBuild.command.1.tlog","637","E3F1698F249ABA7311F2B15E9026F5AAB1A03C519C849B8F06A7D27CB4CEDBA9","2026-09-20 00:17:34"
"build_clean_test6\_deps\nlohmann_json-subbuild\x64\Debug\ZERO_CHECK\ZERO_CHECK.tlog\CustomBuild.read.1.tlog","1868","068CD02452EC36D91C3D9F395C27BBB3F84BDB94B5C8B5CE11E87EBA35697628","2026-09-20 00:17:34"
"build_clean_test6\_deps\nlohmann_json-subbuild\x64\Debug\ZERO_CHECK\ZERO_CHECK.tlog\CustomBuild.write.1.tlog","217","4B91D6CE438C174776D6DEA356570968F2AADFEEC6D0A837AD307975F2CCF1C8","2026-09-20 00:17:34"
"build_clean_test6\_deps\nlohmann_json-subbuild\x64\Debug\ZERO_CHECK\ZERO_CHECK.tlog\ZERO_CHECK.lastbuildstate","191","BCFFB09FD37E2B1A57B0439FDF3D88F85FA5FF46F9E866A109A43FAF82CD5790","2026-09-20 00:17:34"
"build_clean_test7\CMakeCache.txt","31709","53133717C9262086D9FEC799988E1BF64378D456D2F3A351DAA964FB9FC156DC","2026-09-20 00:29:16"
"build_clean_test7\CMakeFiles\cmake.check_cache","86","95079B44BCEF481D601432C2FD3C654D7FE85B9C8386C355F2874502B47441D7","2026-09-20 00:29:16"
"build_clean_test7\CMakeFiles\CMakeConfigureLog.yaml","527080","5EE1C504E19F0F97DB9CC5E004F88D39A236CE9253F1D8A67D4F655D57C59D65","2026-09-20 00:27:09"
"build_clean_test7\CMakeFiles\4.4.2\CMakeASM_MASMCompiler.cmake","1555","2854EEB905485DAFD438E0C81309CB5FEBF71AC879DD3B77F5823D872C31C841","2026-09-20 00:27:04"
"build_clean_test7\CMakeFiles\4.4.2\CMakeCCompiler.cmake","3411","C96A9C696C6E2168D03B3F7B05F229CAA42F1673D3BDC90BC9BB5C7C0A63631E","2026-09-20 00:27:05"
"build_clean_test7\CMakeFiles\4.4.2\CMakeCXXCompiler.cmake","6632","3818AE800A1D94F1B189F721136856C561F51E1E9C0562B1C1FD8285A06E357C","2026-09-20 00:27:05"
"build_clean_test7\CMakeFiles\4.4.2\CMakeDetermineCompilerABI_C.bin","53248","4F6C5053E3B2B7B4B4932E186CF128E852AA432436942D8DA9539B17B7605E38","2026-09-20 00:27:05"
"build_clean_test7\CMakeFiles\4.4.2\CMakeDetermineCompilerABI_CXX.bin","53248","C1ECE37B827F3F583300B5290C0C1439A52C6B9BB2794D1611DE6F235DF5587A","2026-09-20 00:27:05"
"build_clean_test7\CMakeFiles\4.4.2\CMakeRCCompiler.cmake","276","F1C96E7B6BC035D04A44733638743F28BF70450E870A3095A55CFF6AD81924FA","2026-09-20 00:27:04"
"build_clean_test7\CMakeFiles\4.4.2\CMakeSystem.cmake","399","14F764C3F0C50603F951C55B1787FA383C48D641385221057CD4F25001C4B314","2026-09-20 00:27:03"
"build_clean_test7\CMakeFiles\4.4.2\VCTargetsPath.txt","90","7BF0943F47FD89DDF6E8623056ED4AFA49693BCC8C6885EA90D889DBBC3CAD9C","2026-09-20 00:27:03"
"build_clean_test7\CMakeFiles\4.4.2\VCTargetsPath.vcxproj","1255","E4B780FA88A782F3788553546AE6BAB68373AE8378266CE7570A7DBEB1120D3D","2026-09-20 00:27:03"
"build_clean_test7\CMakeFiles\4.4.2\CompilerIdC\CMakeCCompilerId.c","29974","6B712B317574A51D1D4F3A69F0722D9EF310910570FD191501CDD45655E061D3","2026-09-20 00:27:03"
"build_clean_test7\CMakeFiles\4.4.2\CompilerIdC\CompilerIdC.exe","14848","FA099D4CAB006AB2D7D4BD4228967B64DA6840EBFC6D421DE36AA969A6FBEB7A","2026-09-20 00:27:03"
"build_clean_test7\CMakeFiles\4.4.2\CompilerIdC\CompilerIdC.vcxproj","2798","AF8BC7C7D110CBD801BAF170898C4EB9021E0272D6E7C0092478EF9A634DF7EC","2026-09-20 00:27:03"
"build_clean_test7\CMakeFiles\4.4.2\CompilerIdC\Debug\CMakeCCompilerId.obj","2298","254585291F214839685AC9521E6F43F1EFC280E7DDD9C275744EBE9F22011BE5","2026-09-20 00:27:03"
"build_clean_test7\CMakeFiles\4.4.2\CompilerIdC\Debug\CompilerIdC.exe.recipe","320","9FBB9BB3556E088BA1716C217658EC5C6287D805BEF8B7FA16AB2AB99C7068CB","2026-09-20 00:27:03"
"build_clean_test7\CMakeFiles\4.4.2\CompilerIdC\Debug\CompilerIdC.tlog\CL.command.1.tlog","704","F1D8FA06C0837800B98D7EDA9DDD31317681C3CE2F5F5DE6C1776EF5B5A15E20","2026-09-20 00:27:03"
"build_clean_test7\CMakeFiles\4.4.2\CompilerIdC\Debug\CompilerIdC.tlog\Cl.items.tlog","171","1EBB16686E310D54A95AB7A705DBE70E7FB6296ECC8D5857A8E3F8AEE1CA39A5","2026-09-20 00:27:03"
"build_clean_test7\CMakeFiles\4.4.2\CompilerIdC\Debug\CompilerIdC.tlog\CL.read.1.tlog","570","659458F479E40747A1AEC410F1238C1414FEA1490708CACC730F8B20F30F25F6","2026-09-20 00:27:03"
"build_clean_test7\CMakeFiles\4.4.2\CompilerIdC\Debug\CompilerIdC.tlog\CL.write.1.tlog","348","7F3816D443296FE2B936A5DDCA800A845EB82B6FFDF5A1B3225151F90AB4CD65","2026-09-20 00:27:03"
"build_clean_test7\CMakeFiles\4.4.2\CompilerIdC\Debug\CompilerIdC.tlog\CompilerIdC.lastbuildstate","191","5FB3067F012213D3E1A4B9C591C90A96CA146B64ADDF9110387F690338B0707B","2026-09-20 00:27:03"
"build_clean_test7\CMakeFiles\4.4.2\CompilerIdC\Debug\CompilerIdC.tlog\link.command.1.tlog","1006","9CF958FBA5420A31D9F67C1CC321F7F23E3BDD4A96B19123AEEA18F0F6204750","2026-09-20 00:27:03"
"build_clean_test7\CMakeFiles\4.4.2\CompilerIdC\Debug\CompilerIdC.tlog\link.read.1.tlog","3398","03FD078696B46BCB2A2B6615444CBD53343FA05EFD02F812F90976E77F39EFC3","2026-09-20 00:27:03"
"build_clean_test7\CMakeFiles\4.4.2\CompilerIdC\Debug\CompilerIdC.tlog\link.secondary.1.tlog","91","CB05147789046672AF98DA61D0F1BAB703FD86B8CBD5EA0BA0E0406A60319D72","2026-09-20 00:27:03"
"build_clean_test7\CMakeFiles\4.4.2\CompilerIdC\Debug\CompilerIdC.tlog\link.write.1.tlog","342","8D5CD63EFE30A4D6C1915DCDB1F3D8AAA73B09F20B3E0DD9C336FC0687017F8C","2026-09-20 00:27:03"
"build_clean_test7\CMakeFiles\4.4.2\CompilerIdCXX\CMakeCXXCompilerId.cpp","30605","C260F5F6368FE636DA54C24D6ABD310AC6FCC3ACDC4BDC674D9B7223569A85EB","2026-09-20 00:27:04"
"build_clean_test7\CMakeFiles\4.4.2\CompilerIdCXX\CompilerIdCXX.exe","15360","B15142C0753FF3A9934D129D4E5921D7C79A94122075420F26316031FF03F28A","2026-09-20 00:27:04"
"build_clean_test7\CMakeFiles\4.4.2\CompilerIdCXX\CompilerIdCXX.vcxproj","2806","21FC02677B659ADE12A520B7B4B7ADF6F15E1C4BE0F1F6D6371CC636682DC3BA","2026-09-20 00:27:04"
"build_clean_test7\CMakeFiles\4.4.2\CompilerIdCXX\Debug\CMakeCXXCompilerId.obj","2365","727557D5880530F216783CDA9EA7304DD93FA5C04593C9A780B5BE7851096219","2026-09-20 00:27:04"
"build_clean_test7\CMakeFiles\4.4.2\CompilerIdCXX\Debug\CompilerIdCXX.exe.recipe","324","29BBA60D04DB53B5832F4612BD4714309CB5B248B78DFA36A0423CF130251367","2026-09-20 00:27:04"
"build_clean_test7\CMakeFiles\4.4.2\CompilerIdCXX\Debug\CompilerIdCXX.tlog\CL.command.1.tlog","728","DF14323EFF9FBD8F1D6ECF9794B2D9F2EA274C73FAC831DB79A7EEBA06BB6522","2026-09-20 00:27:04"
"build_clean_test7\CMakeFiles\4.4.2\CompilerIdCXX\Debug\CompilerIdCXX.tlog\Cl.items.tlog","181","5EA5589FCD112F1C15455145AB2303CA6B6E328FAF2A48626EF0EEB46E114301","2026-09-20 00:27:04"
"build_clean_test7\CMakeFiles\4.4.2\CompilerIdCXX\Debug\CompilerIdCXX.tlog\CL.read.1.tlog","582","3CA21B432751B77A4C16B57E95866E135936F40C0EC5019B457F6F94984D5303","2026-09-20 00:27:04"
"build_clean_test7\CMakeFiles\4.4.2\CompilerIdCXX\Debug\CompilerIdCXX.tlog\CL.write.1.tlog","368","8223239C81B4EFFD470E3D44B0E7BF2A84B9C95A1ECAE9CF230D07779D69D224","2026-09-20 00:27:04"
"build_clean_test7\CMakeFiles\4.4.2\CompilerIdCXX\Debug\CompilerIdCXX.tlog\CompilerIdCXX.lastbuildstate","193","E28444FACD1CF0D109A1585A8DF146C16E29AF1DC63A42A3D9562BB34D2E921B","2026-09-20 00:27:04"
"build_clean_test7\CMakeFiles\4.4.2\CompilerIdCXX\Debug\CompilerIdCXX.tlog\link.command.1.tlog","1030","6B142433BB756C9829C5BE39FFACC7143EBDE9234E63BFB01EC50DD38DF8D90A","2026-09-20 00:27:04"
"build_clean_test7\CMakeFiles\4.4.2\CompilerIdCXX\Debug\CompilerIdCXX.tlog\link.read.1.tlog","3414","C3483490EBDD73635A808E1FE95D6CACAB17D5A514BD00C7D0C48F44483987E2","2026-09-20 00:27:04"
"build_clean_test7\CMakeFiles\4.4.2\CompilerIdCXX\Debug\CompilerIdCXX.tlog\link.secondary.1.tlog","95","5FF0922929C21F9CC1B4EBC551787026AD398ADEC063F465CDAF0176C36AD3D0","2026-09-20 00:27:04"
"build_clean_test7\CMakeFiles\4.4.2\CompilerIdCXX\Debug\CompilerIdCXX.tlog\link.write.1.tlog","358","56FB5357677F17D55D679A10DF517D5B2FCA8A8B8A68E22345026BF160573439","2026-09-20 00:27:04"
"build_clean_test7\CMakeFiles\4.4.2\VCTargetsPath\x64\Debug\VCTargetsPath.recipe","316","60C2B2847624915AC822DEB4477B718E38836CFF63AC8E40E55F874CB788FB0F","2026-09-20 00:27:03"
"build_clean_test7\CMakeFiles\4.4.2\VCTargetsPath\x64\Debug\VCTargetsPath.tlog\VCTargetsPath.lastbuildstate","179","207BE3F58226C75D2EFE1BA0A40F68D146F137603C873516523FDBB0086A476D","2026-09-20 00:27:03"
"build_clean_test7\_deps\nlohmann_json-build\nlohmann_json.pc","115","7629FAC183E1A0948AD7435EE77F88D00CD1C8F0B0CDAF0402BA0329F5552826","2026-09-20 00:27:07"
"build_clean_test7\_deps\nlohmann_json-build\nlohmann_jsonConfig.cmake","635","A879DC2B648E17AC32836EF9013B5A6CF1234A74B9A60962CC081C3776C9F13F","2026-09-20 00:27:07"
"build_clean_test7\_deps\nlohmann_json-build\nlohmann_jsonConfigVersion.cmake","696","B6D73337D16D3DEB4B192056D1AC9E7E962929EC993F7F9652A949DE3D38CE8F","2026-09-20 00:27:07"
"build_clean_test7\_deps\nlohmann_json-src\CMakeLists.txt","7180","9A00F4234C7804AF1A8ABA619C28B7462B11683FD6628A0EA62CBC168764C87F","2023-11-28 14:38:03"
"build_clean_test7\_deps\nlohmann_json-src\LICENSE.MIT","1076","86B998C792894CCB911A1CB7994F7A9652894E7A094C0B5E45BE2F553F45CF14","2023-11-28 14:38:03"
"build_clean_test7\_deps\nlohmann_json-src\nlohmann_json.natvis","19578","162666E7AB4D725A6E9621F0D31097802B58B838E907AE5445C7C938FD0257B1","2023-11-28 14:38:03"
"build_clean_test7\_deps\nlohmann_json-src\cmake\config.cmake.in","710","DE73A6E0CDFC9CB1FC28A6156D7E2660F498C9F30AD7D4DE5600BA279DA0A3F3","2023-11-28 14:38:03"
"build_clean_test7\_deps\nlohmann_json-src\cmake\nlohmann_jsonConfigVersion.cmake.in","709","F3E940FC8846A483A5F35B9D47FA9AE700765B60A3D17EED2229A0BD7818F567","2023-11-28 14:38:03"
"build_clean_test7\_deps\nlohmann_json-src\cmake\pkg-config.pc.in","126","796C801C759EB4D5E165AFA2441481FFF5487A2FD35BBFCEC841367D9772F760","2023-11-28 14:38:03"
"build_clean_test7\_deps\nlohmann_json-src\include\nlohmann\adl_serializer.hpp","2279","242B578E1A41C97DEC6890BD88BDB824CDB76A9EDD849C108299A59469D327E0","2023-11-28 14:38:03"
"build_clean_test7\_deps\nlohmann_json-src\include\nlohmann\byte_container_with_subtype.hpp","3533","C7DC197CBB54B9168373B4B9A3E1CC57CC5583BFCF5008B722B363335BC53511","2023-11-28 14:38:03"
"build_clean_test7\_deps\nlohmann_json-src\include\nlohmann\json.hpp","198618","2432CBF7F4258453538ECA193CD937FC777462AE2CE8EE9F46E6EE460EF56BEA","2023-11-28 14:38:03"
"build_clean_test7\_deps\nlohmann_json-src\include\nlohmann\json_fwd.hpp","2541","C5B950B428534861B5869254FD773AFC724112FC9E141BD1FC89189640A3AE5D","2023-11-28 14:38:03"
"build_clean_test7\_deps\nlohmann_json-src\include\nlohmann\ordered_map.hpp","11692","31D1BB02500B734E09C27CE2CC216C8AF188344FBC19A6946AE301A12C7B62DF","2023-11-28 14:38:03"
"build_clean_test7\_deps\nlohmann_json-src\include\nlohmann\detail\abi_macros.hpp","3807","1C7DC7C5062B199A35853F4056ED00ED359EF8FA5C7FB15A58BC79598EC21422","2023-11-28 14:38:03"
"build_clean_test7\_deps\nlohmann_json-src\include\nlohmann\detail\exceptions.hpp","9267","55299C55106DE2624CA7AA6A5705AD6FF53814C1B52F8FE8D2872F13C956C95A","2023-11-28 14:38:03"
"build_clean_test7\_deps\nlohmann_json-src\include\nlohmann\detail\hash.hpp","4016","74A9E3AF772127CF0B12EE794ABC8C47B5BEA74CE658D0D20179A26BE5D95D0D","2023-11-28 14:38:03"
"build_clean_test7\_deps\nlohmann_json-src\include\nlohmann\detail\json_custom_base_class.hpp","1178","70DA7C5B17777F8DA6D83310D6526856542585EFA8A078DB61227B11AAF9EC0B","2023-11-28 14:38:03"
"build_clean_test7\_deps\nlohmann_json-src\include\nlohmann\detail\json_pointer.hpp","37143","4CF537AD88B2D686D5A349B26DA7E012BA9A58B01A0AB2BADAA796D9150E69BB","2023-11-28 14:38:03"
"build_clean_test7\_deps\nlohmann_json-src\include\nlohmann\detail\json_ref.hpp","1811","1660750DD10A562AAC1EEA37021F1E7138A5D6D50B051815708497A8D30BF60D","2023-11-28 14:38:03"
"build_clean_test7\_deps\nlohmann_json-src\include\nlohmann\detail\macro_scope.hpp","43639","70D2B2AA49A93170DED3D0C0D1B0F76103FDD09704BA5ECC862BC03095920847","2023-11-28 14:38:03"
"build_clean_test7\_deps\nlohmann_json-src\include\nlohmann\detail\macro_unscope.hpp","1252","5F7040DF475E2C943D9B22C335B61600DEB14B1E48A69B3450DE4C4A08C320BC","2023-11-28 14:38:03"
"build_clean_test7\_deps\nlohmann_json-src\include\nlohmann\detail\string_concat.hpp","5951","E8001630045F800C0EBCFC19E2B2F90139A4D20A9A359E134657767FD6FA9AA2","2023-11-28 14:38:03"
"build_clean_test7\_deps\nlohmann_json-src\include\nlohmann\detail\string_escape.hpp","2168","3BF6687FFA7F6FD3034591ADFDD6EA073584DF83694C6B57FEED9ADA965801E7","2023-11-28 14:38:03"
"build_clean_test7\_deps\nlohmann_json-src\include\nlohmann\detail\value_t.hpp","4326","60A7E24B34E93B8BA40EECF310A40C55042754328271C246F9CC1069F6A25958","2023-11-28 14:38:03"
"build_clean_test7\_deps\nlohmann_json-src\include\nlohmann\detail\conversions\from_json.hpp","18880","B37CED0BA32F8AC5834B4C96058CA5E445BCCEA27F46299A359EED0ECBF2E58E","2023-11-28 14:38:03"
"build_clean_test7\_deps\nlohmann_json-src\include\nlohmann\detail\conversions\to_chars.hpp","38562","5FE11205C45DBD08373244D743F38E89CEEFB8C9B5FC4C68077117C786D53BEF","2023-11-28 14:38:03"
"build_clean_test7\_deps\nlohmann_json-src\include\nlohmann\detail\conversions\to_json.hpp","16274","73BAD524856D475A6071FD7B5422F80DF13BA7586F0D4B48141C2EC60CEBCF89","2023-11-28 14:38:03"
"build_clean_test7\_deps\nlohmann_json-src\include\nlohmann\detail\input\binary_reader.hpp","103146","484BCC276C4FA6C7C61A93A8223F3E53BB4DC966E688E96641A93A50D7E503E9","2023-11-28 14:38:03"
"build_clean_test7\_deps\nlohmann_json-src\include\nlohmann\detail\input\input_adapters.hpp","17402","BD549419506089C82C94446F939587362FF01516B8E6624C472E704D27B1BE42","2023-11-28 14:38:03"
"build_clean_test7\_deps\nlohmann_json-src\include\nlohmann\detail\input\json_sax.hpp","21420","9147C9D07784A5F3DE890D68401AE07D03D0BC0DB24EBCBE7BEB8A31CFD858A0","2023-11-28 14:38:03"
"build_clean_test7\_deps\nlohmann_json-src\include\nlohmann\detail\input\lexer.hpp","54569","550C275F09D55DEB1705B97B8A15B02F211EA0BA87E95452E7A023B854BB024C","2023-11-28 14:38:03"
"build_clean_test7\_deps\nlohmann_json-src\include\nlohmann\detail\input\parser.hpp","19661","094AED22CFDD641AC15EF59BFEF8DD1E23FD92373633A92ED928CB580F0CBD7E","2023-11-28 14:38:03"
"build_clean_test7\_deps\nlohmann_json-src\include\nlohmann\detail\input\position_t.hpp","958","0C9C5BE26020C0A7929F3CC1E7E0065589D6A8F4DC1BD2EE13F10EF1A7EFAA24","2023-11-28 14:38:03"
"build_clean_test7\_deps\nlohmann_json-src\include\nlohmann\detail\iterators\internal_iterator.hpp","1071","E75CF5E3C9AE358055BF3335FA2C5B6BBFBD1E24EA3DFDB62C187F37A8E2B485","2023-11-28 14:38:03"
"build_clean_test7\_deps\nlohmann_json-src\include\nlohmann\detail\iterators\iteration_proxy.hpp","8238","839EFBA147F6F15C693C741039DAA3D383C2F4AFB8FE653E4DAD49A9F998D1D1","2023-11-28 14:38:03"
"build_clean_test7\_deps\nlohmann_json-src\include\nlohmann\detail\iterators\iterator_traits.hpp","1757","04B0EDAEB214AA1C932B9078849A8FBBBDA9C7A241B4CBC28A90B6D11C959443","2023-11-28 14:38:03"
"build_clean_test7\_deps\nlohmann_json-src\include\nlohmann\detail\iterators\iter_impl.hpp","24046","70D81EBB931DB43A19FE3872A3FB1BC91FAB27509C8D29EE4C4DD247B384CAE1","2023-11-28 14:38:03"
"build_clean_test7\_deps\nlohmann_json-src\include\nlohmann\detail\iterators\json_reverse_iterator.hpp","3861","031B45C4F90AB7D64ECB6606FAD880D867A23FC63A431F0DE34F0FC104307B66","2023-11-28 14:38:03"
"build_clean_test7\_deps\nlohmann_json-src\include\nlohmann\detail\iterators\primitive_iterator.hpp","3227","6C949107BB779CECB8BEBA0835F7292656B52B08C3F6A6D3B27229B58C28AEFE","2023-11-28 14:38:03"
"build_clean_test7\_deps\nlohmann_json-src\include\nlohmann\detail\meta\cpp_future.hpp","5178","486BA5A3724131D0C1646E36D9A4A9877505B2914078347E6067BB65593F01CE","2023-11-28 14:38:03"
"build_clean_test7\_deps\nlohmann_json-src\include\nlohmann\detail\meta\detected.hpp","2109","F79AA1F107E4DFD4554753E6FE05364A1147EF4498D3125CFC939A5534D2D527","2023-11-28 14:38:03"
"build_clean_test7\_deps\nlohmann_json-src\include\nlohmann\detail\meta\identity_tag.hpp","526","BBA9559DEC8519DE3044B537E96A59A601831797A5A3C38BF8023A6D949118D0","2023-11-28 14:38:03"
"build_clean_test7\_deps\nlohmann_json-src\include\nlohmann\detail\meta\is_sax.hpp","6960","1F81D6098B9AAD02A95C27EC333BBB13EEC3C5171B968E39B7ECB1B06B16C55B","2023-11-28 14:38:03"
"build_clean_test7\_deps\nlohmann_json-src\include\nlohmann\detail\meta\std_fs.hpp","766","FB514154EA8C11C04A00EFEB2E89EDBFD40F149ED39EF36568D9B2A1062E85E0","2023-11-28 14:38:03"
"build_clean_test7\_deps\nlohmann_json-src\include\nlohmann\detail\meta\type_traits.hpp","29454","1F901F9E4BCD585FF22C6B0C0956566BA8A4A1238A490A64E7755A2C313040D5","2023-11-28 14:38:03"
"build_clean_test7\_deps\nlohmann_json-src\include\nlohmann\detail\meta\void_t.hpp","597","581E7B157457EB9C488793F2CD7066B2C1BA31D5E9FEA6F0D67C8C732B5088E4","2023-11-28 14:38:03"
"build_clean_test7\_deps\nlohmann_json-src\include\nlohmann\detail\meta\call_std\begin.hpp","453","379660C15A30B84FF2A67E22734638F608CC37B34648461C7E9167DA1153D861","2023-11-28 14:38:03"
"build_clean_test7\_deps\nlohmann_json-src\include\nlohmann\detail\meta\call_std\end.hpp","451","DECA609BF200442F452B848C19F28EE30879DF0CA35E959ED3B41F861C92DF55","2023-11-28 14:38:03"
"build_clean_test7\_deps\nlohmann_json-src\include\nlohmann\detail\output\binary_writer.hpp","71152","665CE1EA5FB2CB425896B713BDD8D8D5A6D69688924FA6E2EFAFFB4E9D132011","2023-11-28 14:38:03"
"build_clean_test7\_deps\nlohmann_json-src\include\nlohmann\detail\output\output_adapters.hpp","4067","1E0BCC375B4D84180649198E2F8061F5968A10A6913231FEE097689D281ED565","2023-11-28 14:38:03"
"build_clean_test7\_deps\nlohmann_json-src\include\nlohmann\detail\output\serializer.hpp","40163","259C611D4B1147E3626D25BC05994B28F91F4FCCA2E578E486DCF51C0234E5C8","2023-11-28 14:38:03"
"build_clean_test7\_deps\nlohmann_json-src\include\nlohmann\thirdparty\hedley\hedley.hpp","86068","20D6C1C6D6C30365F68A45093798937971B593919FB3051431F0C015DFA671FB","2023-11-28 14:38:03"
"build_clean_test7\_deps\nlohmann_json-src\include\nlohmann\thirdparty\hedley\hedley_undef.hpp","5500","0F8902F26872F40A2514E9C9BE2FCEBFCE6CDE0022E9364FDDD17FB49575B146","2023-11-28 14:38:03"
"build_clean_test7\_deps\nlohmann_json-src\single_include\nlohmann\json.hpp","919975","9BEA4C8066EF4A1C206B2BE5A36302F8926F7FDC6087AF5D20B417D0CF103EA6","2023-11-28 14:38:03"
"build_clean_test7\_deps\nlohmann_json-src\single_include\nlohmann\json_fwd.hpp","6340","5CEFBBA751BAF5243033FD894C70BE9B37103D64B3D3A959E4173197D71137B9","2023-11-28 14:38:03"
"build_clean_test7\_deps\nlohmann_json-subbuild\ALL_BUILD.vcxproj","6275","2F061671BE4BE50892840A9B50DB9687F29C394EFC5228D58D16917D40537F16","2026-09-20 00:29:15"
"build_clean_test7\_deps\nlohmann_json-subbuild\ALL_BUILD.vcxproj.filters","316","5BB0A359114CD026E5D08B9F44A83C456D5D6275D4F5480D2C7AD6A19C7C7B52","2026-09-20 00:27:06"
"build_clean_test7\_deps\nlohmann_json-subbuild\CMakeCache.txt","5431","CD7F991AFBEDC2598C85105E7EB31683B8CA28C35026C8946CAF7F64FA274F00","2026-09-20 00:27:06"
"build_clean_test7\_deps\nlohmann_json-subbuild\CMakeLists.txt","1548","E8BEE6576DF28F9F1C6F2D6A01141E19288BA88C4273AF84BA4766A3A1988D67","2026-09-20 00:27:05"
"build_clean_test7\_deps\nlohmann_json-subbuild\cmake_install.cmake","2002","2A1D86861D2E1A47C44EB6D505AF22D4F50EADEC17B12A66193EC09D3F70701F","2026-09-20 00:29:15"
"build_clean_test7\_deps\nlohmann_json-subbuild\nlohmann_json-populate.sln","2673","06371D8EC05BFC41385A0A3C09622B4C3E45A8618944B4FB495361C988BA560C","2026-09-20 00:27:06"
"build_clean_test7\_deps\nlohmann_json-subbuild\nlohmann_json-populate.vcxproj","25230","25ED16781F6BEB4E4B02DBBA9C263D18FD06A1A24B9F00F24538D7EC94337047","2026-09-20 00:29:15"
"build_clean_test7\_deps\nlohmann_json-subbuild\nlohmann_json-populate.vcxproj.filters","2857","16458E665E1F8B69616896E912BEE6AD1BB525110E0AC7FE0C99EEC1BAA4DA9E","2026-09-20 00:27:06"
"build_clean_test7\_deps\nlohmann_json-subbuild\ZERO_CHECK.vcxproj","5736","DFA83712E7FF57AACFEC1A7F0D185997C561EF27E6A42A67A7CF7F063436D868","2026-09-20 00:29:15"
"build_clean_test7\_deps\nlohmann_json-subbuild\ZERO_CHECK.vcxproj.filters","553","83CC7E5532903D5B88AA9E74C90B29A7F41D19FE07EA0ADD5746C67584450EA1","2026-09-20 00:27:06"
"build_clean_test7\_deps\nlohmann_json-subbuild\CMakeFiles\cmake.check_cache","86","95079B44BCEF481D601432C2FD3C654D7FE85B9C8386C355F2874502B47441D7","2026-09-20 00:29:15"
"build_clean_test7\_deps\nlohmann_json-subbuild\CMakeFiles\CMakeConfigureLog.yaml","271","ECF712160B779608B83B769991FDA879E04498880AF245A3073EE7466823C663","2026-09-20 00:27:06"
"build_clean_test7\_deps\nlohmann_json-subbuild\CMakeFiles\generate.stamp","55","302F7E9A0C863C04B740065ADE01D243C7587D7272FC79FB002870128A9558EB","2026-09-20 00:29:15"
"build_clean_test7\_deps\nlohmann_json-subbuild\CMakeFiles\generate.stamp.depend","1652","623F5083E6580612DB3DCA7F1AF23DACA23D9B0C6BA1E0D10E4247BB927E7959","2026-09-20 00:29:15"
"build_clean_test7\_deps\nlohmann_json-subbuild\CMakeFiles\generate.stamp.list","89","F9ABC5117C0DF3152FB77BF84F656ECCACC868C3841F49C2810B8044A0BED030","2026-09-20 00:29:15"
"build_clean_test7\_deps\nlohmann_json-subbuild\CMakeFiles\InstallScripts.json","145","9A246D60CBCE5E2266ABD60AF0F114D466EF7F19616864206FECBDB055B3C591","2026-09-20 00:29:15"
"build_clean_test7\_deps\nlohmann_json-subbuild\CMakeFiles\TargetDirectories.txt","278","0296520E6215467E7B06D0A065890096E34EBC830CC45FE62E053EC39505C3E1","2026-09-20 00:29:15"
"build_clean_test7\_deps\nlohmann_json-subbuild\CMakeFiles\0f014c3ac874765ce533c87df21a5ad6\nlohmann_json-populate-complete.rule","24","6D2663216BB5708992DAD2784A833F449113AFD00FD431274CA956FB2530D391","2000-12-31 19:00:00"
"build_clean_test7\_deps\nlohmann_json-subbuild\CMakeFiles\4.4.2\CMakeSystem.cmake","395","CB655F074177502B26612FA979EE72C606731A0B59F300E936EBBA161D8CCE09","2026-09-20 00:27:05"
"build_clean_test7\_deps\nlohmann_json-subbuild\CMakeFiles\4.4.2\VCTargetsPath.txt","90","7BF0943F47FD89DDF6E8623056ED4AFA49693BCC8C6885EA90D889DBBC3CAD9C","2026-09-20 00:27:06"
"build_clean_test7\_deps\nlohmann_json-subbuild\CMakeFiles\4.4.2\VCTargetsPath.vcxproj","1255","E4B780FA88A782F3788553546AE6BAB68373AE8378266CE7570A7DBEB1120D3D","2026-09-20 00:27:05"
"build_clean_test7\_deps\nlohmann_json-subbuild\CMakeFiles\4.4.2\VCTargetsPath\x64\Debug\VCTargetsPath.recipe","345","B03D00E18AC6A08C4EE9541E4492AE5062C2332A9A3AF99333982DB43DD3C8AC","2026-09-20 00:27:06"
"build_clean_test7\_deps\nlohmann_json-subbuild\CMakeFiles\4.4.2\VCTargetsPath\x64\Debug\VCTargetsPath.tlog\VCTargetsPath.lastbuildstate","208","22684804C72972FE6AB4658AB0BA14D1FA58B970FE9E3C6B1F3D1076DD7BCBDB","2026-09-20 00:27:06"
"build_clean_test7\_deps\nlohmann_json-subbuild\CMakeFiles\68d64d1cb5fec952090a809941d20228\generate.stamp.rule","24","6D2663216BB5708992DAD2784A833F449113AFD00FD431274CA956FB2530D391","2000-12-31 19:00:00"
"build_clean_test7\_deps\nlohmann_json-subbuild\CMakeFiles\68d64d1cb5fec952090a809941d20228\nlohmann_json-populate.rule","24","6D2663216BB5708992DAD2784A833F449113AFD00FD431274CA956FB2530D391","2000-12-31 19:00:00"
"build_clean_test7\_deps\nlohmann_json-subbuild\CMakeFiles\cd06ad6593ce184dcdf49b00cee3b44d\nlohmann_json-populate-build.rule","24","6D2663216BB5708992DAD2784A833F449113AFD00FD431274CA956FB2530D391","2000-12-31 19:00:00"
"build_clean_test7\_deps\nlohmann_json-subbuild\CMakeFiles\cd06ad6593ce184dcdf49b00cee3b44d\nlohmann_json-populate-configure.rule","24","6D2663216BB5708992DAD2784A833F449113AFD00FD431274CA956FB2530D391","2000-12-31 19:00:00"
"build_clean_test7\_deps\nlohmann_json-subbuild\CMakeFiles\cd06ad6593ce184dcdf49b00cee3b44d\nlohmann_json-populate-download.rule","24","6D2663216BB5708992DAD2784A833F449113AFD00FD431274CA956FB2530D391","2000-12-31 19:00:00"
"build_clean_test7\_deps\nlohmann_json-subbuild\CMakeFiles\cd06ad6593ce184dcdf49b00cee3b44d\nlohmann_json-populate-install.rule","24","6D2663216BB5708992DAD2784A833F449113AFD00FD431274CA956FB2530D391","2000-12-31 19:00:00"
"build_clean_test7\_deps\nlohmann_json-subbuild\CMakeFiles\cd06ad6593ce184dcdf49b00cee3b44d\nlohmann_json-populate-mkdir.rule","24","6D2663216BB5708992DAD2784A833F449113AFD00FD431274CA956FB2530D391","2000-12-31 19:00:00"
"build_clean_test7\_deps\nlohmann_json-subbuild\CMakeFiles\cd06ad6593ce184dcdf49b00cee3b44d\nlohmann_json-populate-patch.rule","24","6D2663216BB5708992DAD2784A833F449113AFD00FD431274CA956FB2530D391","2000-12-31 19:00:00"
"build_clean_test7\_deps\nlohmann_json-subbuild\CMakeFiles\cd06ad6593ce184dcdf49b00cee3b44d\nlohmann_json-populate-test.rule","24","6D2663216BB5708992DAD2784A833F449113AFD00FD431274CA956FB2530D391","2000-12-31 19:00:00"
"build_clean_test7\_deps\nlohmann_json-subbuild\CMakeFiles\cd06ad6593ce184dcdf49b00cee3b44d\nlohmann_json-populate-update.rule","24","6D2663216BB5708992DAD2784A833F449113AFD00FD431274CA956FB2530D391","2000-12-31 19:00:00"
"build_clean_test7\_deps\nlohmann_json-subbuild\CMakeFiles\Debug\nlohmann_json-populate-complete","0","E3B0C44298FC1C149AFBF4C8996FB92427AE41E4649B934CA495991B7852B855","2026-09-20 00:27:07"
"build_clean_test7\_deps\nlohmann_json-subbuild\CMakeFiles\nlohmann_json-populate.dir\Labels.json","1929","1FE1478742CBA9912BDDAFBBB95EFE24784050BD9EB4140D33D61C6B005E13B2","2026-09-20 00:29:15"
"build_clean_test7\_deps\nlohmann_json-subbuild\CMakeFiles\nlohmann_json-populate.dir\Labels.txt","1588","D2446BECE0D621E4B25FF94B9CE73C96C199CAA5DCA1295659514BCAA342E917","2026-09-20 00:29:15"
"build_clean_test7\_deps\nlohmann_json-subbuild\nlohmann_json-populate-prefix\src\json.tar.xz","110988","D6C65ACA6B1ED68E7A182F4757257B107AE403032760ED6EF121C9D55E81757D","2026-09-20 00:27:07"
"build_clean_test7\_deps\nlohmann_json-subbuild\nlohmann_json-populate-prefix\src\nlohmann_json-populate-stamp\download-nlohmann_json-populate.cmake","5224","2896F7BA73094CCA195D44441A2016BA417D081C161CA8235B89E804E2C9E0FB","2026-09-20 00:27:06"
"build_clean_test7\_deps\nlohmann_json-subbuild\nlohmann_json-populate-prefix\src\nlohmann_json-populate-stamp\extract-nlohmann_json-populate.cmake","1985","1D934453BA3CB7861BDE95C184BBD1CAE316B9DD978538E4BE72066C01E88439","2026-09-20 00:27:06"
"build_clean_test7\_deps\nlohmann_json-subbuild\nlohmann_json-populate-prefix\src\nlohmann_json-populate-stamp\nlohmann_json-populate-patch-info.txt","234","1B65EC9FCBBD17A6161E1654B212A61E96B5AF8F684DB5B57CC9A34CCB8FC08A","2026-09-20 00:27:06"
"build_clean_test7\_deps\nlohmann_json-subbuild\nlohmann_json-populate-prefix\src\nlohmann_json-populate-stamp\nlohmann_json-populate-update-info.txt","270","1E7A50B58A848C38CCE229AFDCDDB502800991D383A5B52717831809448F316A","2026-09-20 00:27:06"
"build_clean_test7\_deps\nlohmann_json-subbuild\nlohmann_json-populate-prefix\src\nlohmann_json-populate-stamp\nlohmann_json-populate-urlinfo.txt","1185","70414CE364E8C2D5EFA31EB0E376549C66DAF5ADFD928D3E1C8D3EF40357BC86","2026-09-20 00:27:06"
"build_clean_test7\_deps\nlohmann_json-subbuild\nlohmann_json-populate-prefix\src\nlohmann_json-populate-stamp\verify-nlohmann_json-populate.cmake","0","E3B0C44298FC1C149AFBF4C8996FB92427AE41E4649B934CA495991B7852B855","2026-09-20 00:27:06"
"build_clean_test7\_deps\nlohmann_json-subbuild\nlohmann_json-populate-prefix\src\nlohmann_json-populate-stamp\Debug\nlohmann_json-populate-build","0","E3B0C44298FC1C149AFBF4C8996FB92427AE41E4649B934CA495991B7852B855","2026-09-20 00:27:07"
"build_clean_test7\_deps\nlohmann_json-subbuild\nlohmann_json-populate-prefix\src\nlohmann_json-populate-stamp\Debug\nlohmann_json-populate-configure","0","E3B0C44298FC1C149AFBF4C8996FB92427AE41E4649B934CA495991B7852B855","2026-09-20 00:27:07"
"build_clean_test7\_deps\nlohmann_json-subbuild\nlohmann_json-populate-prefix\src\nlohmann_json-populate-stamp\Debug\nlohmann_json-populate-done","0","E3B0C44298FC1C149AFBF4C8996FB92427AE41E4649B934CA495991B7852B855","2026-09-20 00:27:07"
"build_clean_test7\_deps\nlohmann_json-subbuild\nlohmann_json-populate-prefix\src\nlohmann_json-populate-stamp\Debug\nlohmann_json-populate-download","0","E3B0C44298FC1C149AFBF4C8996FB92427AE41E4649B934CA495991B7852B855","2026-09-20 00:27:07"
"build_clean_test7\_deps\nlohmann_json-subbuild\nlohmann_json-populate-prefix\src\nlohmann_json-populate-stamp\Debug\nlohmann_json-populate-install","0","E3B0C44298FC1C149AFBF4C8996FB92427AE41E4649B934CA495991B7852B855","2026-09-20 00:27:07"
"build_clean_test7\_deps\nlohmann_json-subbuild\nlohmann_json-populate-prefix\src\nlohmann_json-populate-stamp\Debug\nlohmann_json-populate-mkdir","0","E3B0C44298FC1C149AFBF4C8996FB92427AE41E4649B934CA495991B7852B855","2026-09-20 00:27:06"
"build_clean_test7\_deps\nlohmann_json-subbuild\nlohmann_json-populate-prefix\src\nlohmann_json-populate-stamp\Debug\nlohmann_json-populate-patch","0","E3B0C44298FC1C149AFBF4C8996FB92427AE41E4649B934CA495991B7852B855","2026-09-20 00:27:07"
"build_clean_test7\_deps\nlohmann_json-subbuild\nlohmann_json-populate-prefix\src\nlohmann_json-populate-stamp\Debug\nlohmann_json-populate-test","0","E3B0C44298FC1C149AFBF4C8996FB92427AE41E4649B934CA495991B7852B855","2026-09-20 00:27:07"
"build_clean_test7\_deps\nlohmann_json-subbuild\nlohmann_json-populate-prefix\src\nlohmann_json-populate-stamp\Debug\nlohmann_json-populate-update","0","E3B0C44298FC1C149AFBF4C8996FB92427AE41E4649B934CA495991B7852B855","2026-09-20 00:27:07"
"build_clean_test7\_deps\nlohmann_json-subbuild\nlohmann_json-populate-prefix\tmp\nlohmann_json-populate-cfgcmd.txt","8","4338C530A76441CDA4F59C911C9FDF950E000F361B796FCD9DB755AAAE241FF9","2026-09-20 00:27:06"
"build_clean_test7\_deps\nlohmann_json-subbuild\nlohmann_json-populate-prefix\tmp\nlohmann_json-populate-mkdirs.cmake","1713","F883F6209516819625F4F8D14495239EE83A643034230C9BFC615B58AC82A0FB","2026-09-20 00:27:06"
"build_clean_test7\_deps\nlohmann_json-subbuild\x64\Debug\ALL_BUILD\ALL_BUILD.recipe","644","5F440A88FB43D1F6C1E4DEAE71F4DBF1C1FC269614F40DBAE69228C05998C6DC","2026-09-20 00:29:15"
"build_clean_test7\_deps\nlohmann_json-subbuild\x64\Debug\ALL_BUILD\ALL_BUILD.tlog\ALL_BUILD.lastbuildstate","191","93F3CE6143A935817EF36D8866DF3937C25F564D3F088B78C05CEA3D0CEE92C3","2026-09-20 00:29:15"
"build_clean_test7\_deps\nlohmann_json-subbuild\x64\Debug\ALL_BUILD\ALL_BUILD.tlog\CustomBuild.command.1.tlog","537","7321C836C785B2D5F73F9F0141BBE9847FAB19F1C7FEFBE77571972412C12F6C","2026-09-20 00:29:15"
"build_clean_test7\_deps\nlohmann_json-subbuild\x64\Debug\ALL_BUILD\ALL_BUILD.tlog\CustomBuild.read.1.tlog","1597","9FAA66ABC6E2D5026C6EC8998BB7D3CA4888D3666B99BFA3A8BCA4429A02620B","2026-09-20 00:29:15"
"build_clean_test7\_deps\nlohmann_json-subbuild\x64\Debug\ALL_BUILD\ALL_BUILD.tlog\CustomBuild.write.1.tlog","168","F4E9C89F035BDC5A922C93C008F02973F0088355E3E8A7E6AB13FB63A4A56ABE","2026-09-20 00:29:15"
"build_clean_test7\_deps\nlohmann_json-subbuild\x64\Debug\nlohmann_json-populate\nlohmann_json-populate.recipe","491","93200B64D67F972BCAE217995E5914FFB763363D662317EEDB6B99C815B0E144","2026-09-20 00:29:15"
"build_clean_test7\_deps\nlohmann_json-subbuild\x64\Debug\nlohmann_json-populate\nlohmann.09E2F3AF.tlog\CustomBuild.command.1.tlog","8267","94833E303B154BE36172D9249FC8002C30A1FE5D22E56E58B2B2EDA4CE88BAA3","2026-09-20 00:29:15"
"build_clean_test7\_deps\nlohmann_json-subbuild\x64\Debug\nlohmann_json-populate\nlohmann.09E2F3AF.tlog\CustomBuild.read.1.tlog","6354","83AE874DEA2CCC2A38A2ECC56E1246120E508A50CAC2F164C4EE729EDE6D2CA9","2026-09-20 00:29:15"
"build_clean_test7\_deps\nlohmann_json-subbuild\x64\Debug\nlohmann_json-populate\nlohmann.09E2F3AF.tlog\CustomBuild.write.1.tlog","3100","02FD3A1C164E4194DC05F6D1D175A7D4380101D50FB72F30E3D53A11F6587BDF","2026-09-20 00:29:15"
"build_clean_test7\_deps\nlohmann_json-subbuild\x64\Debug\nlohmann_json-populate\nlohmann.09E2F3AF.tlog\nlohmann_json-populate.lastbuildstate","191","93F3CE6143A935817EF36D8866DF3937C25F564D3F088B78C05CEA3D0CEE92C3","2026-09-20 00:29:15"
"build_clean_test7\_deps\nlohmann_json-subbuild\x64\Debug\ZERO_CHECK\ZERO_CHECK.recipe","325","B369A366C2178F8C85910EE4BEEBA74ECCFDE1EFEA94C68D1104FC1FF3A6B8E3","2026-09-20 00:29:15"
"build_clean_test7\_deps\nlohmann_json-subbuild\x64\Debug\ZERO_CHECK\ZERO_CHECK.tlog\CustomBuild.command.1.tlog","637","F6C2E8267C98D4F056A6F0A92CECD111F119632592E17014496483F44AF8C145","2026-09-20 00:29:15"
"build_clean_test7\_deps\nlohmann_json-subbuild\x64\Debug\ZERO_CHECK\ZERO_CHECK.tlog\CustomBuild.read.1.tlog","1724","E8AC3373E03A4DC7F2BA2DCBE24581CE085C6038C0DBC37E2D7A5B151BE4F833","2026-09-20 00:29:15"
"build_clean_test7\_deps\nlohmann_json-subbuild\x64\Debug\ZERO_CHECK\ZERO_CHECK.tlog\CustomBuild.write.1.tlog","217","D397AE7F0FE0B7E74138EA22F223CD0A84AC6B10AB5159E42B36B70538039A82","2026-09-20 00:29:15"
"build_clean_test7\_deps\nlohmann_json-subbuild\x64\Debug\ZERO_CHECK\ZERO_CHECK.tlog\ZERO_CHECK.lastbuildstate","191","93F3CE6143A935817EF36D8866DF3937C25F564D3F088B78C05CEA3D0CEE92C3","2026-09-20 00:29:15"
"build_ide_cert\CMakeCache.txt","39063","54DF92FAB23D087B056E884C3D6FBB8A97FC913DC22AF667735F0C42F1E81F8B","2026-09-22 08:04:14"
"build_ide_cert\CMakeFiles\cmake.check_cache","86","95079B44BCEF481D601432C2FD3C654D7FE85B9C8386C355F2874502B47441D7","2026-09-22 08:13:32"
"build_ide_cert\CMakeFiles\CMakeConfigureLog.yaml","548805","3C067AA4CF62C3980CDB1ECE8D2E8015FC83741D942022488D059FCF5651FB7C","2026-09-22 08:13:32"
"build_ide_cert\CMakeFiles\4.4.2\CMakeASM_MASMCompiler.cmake","1555","2854EEB905485DAFD438E0C81309CB5FEBF71AC879DD3B77F5823D872C31C841","2026-09-22 07:55:04"
"build_ide_cert\CMakeFiles\4.4.2\CMakeCCompiler.cmake","3433","AC464FA49275380D8836A0121B85375623E822C035DF70A068A554ADB61C3D20","2026-09-22 07:55:04"
"build_ide_cert\CMakeFiles\4.4.2\CMakeCXXCompiler.cmake","6749","697FF827E1571D62CF6ECBBB882AD023B2621575B55BE87159545332150C7E3C","2026-09-22 07:55:05"
"build_ide_cert\CMakeFiles\4.4.2\CMakeDetermineCompilerABI_C.bin","53248","C37F9DBA7775EA3429504F40E2B88FDBE6F64A9DD661D62DDD7A7FC9DF8FB946","2026-09-22 07:55:04"
"build_ide_cert\CMakeFiles\4.4.2\CMakeDetermineCompilerABI_CXX.bin","53248","CC6BC444B4821B1DC1E1C6B48159CBE3858E8A19F5FF98523536B361F46A5EA0","2026-09-22 07:55:05"
"build_ide_cert\CMakeFiles\4.4.2\CMakeRCCompiler.cmake","276","F1C96E7B6BC035D04A44733638743F28BF70450E870A3095A55CFF6AD81924FA","2026-09-22 07:55:04"
"build_ide_cert\CMakeFiles\4.4.2\CMakeSystem.cmake","399","14F764C3F0C50603F951C55B1787FA383C48D641385221057CD4F25001C4B314","2026-09-22 07:55:03"
"build_ide_cert\CMakeFiles\4.4.2\CompilerIdC\CMakeCCompilerId.c","29974","6B712B317574A51D1D4F3A69F0722D9EF310910570FD191501CDD45655E061D3","2026-09-22 07:55:03"
"build_ide_cert\CMakeFiles\4.4.2\CompilerIdC\CMakeCCompilerId.exe","108032","CCC756890EFA780757B1D1870C11736B66EB3FC9FAAF33E75CFB2F54FBDD1143","2026-09-22 07:55:04"
"build_ide_cert\CMakeFiles\4.4.2\CompilerIdC\CMakeCCompilerId.obj","1935","1B6D022B7C1AF78C338F53EBD30EEDC4C534E88A048BD4711F35D9A25F257B3A","2026-09-22 07:55:03"
"build_ide_cert\CMakeFiles\4.4.2\CompilerIdCXX\CMakeCXXCompilerId.cpp","30605","C260F5F6368FE636DA54C24D6ABD310AC6FCC3ACDC4BDC674D9B7223569A85EB","2026-09-22 07:55:04"
"build_ide_cert\CMakeFiles\4.4.2\CompilerIdCXX\CMakeCXXCompilerId.exe","108032","2A954F3B3432333EA3E66B83F61C990EA54AA41328F2BA94DA93FB3D7FAED409","2026-09-22 07:55:04"
"build_ide_cert\CMakeFiles\4.4.2\CompilerIdCXX\CMakeCXXCompilerId.obj","2002","BDE9030CFC1DEDCA80AE668F78F1D526F482D6D3336778656C3CAE6510F695B6","2026-09-22 07:55:04"
"build_ide_cert\CMakeFiles\ShowIncludes\foo.h","2","7EB70257593DA06F682A3DDDA54A9D260D4FC514F645237F5CA74B08F8DA61A6","2026-09-22 07:55:04"
"build_ide_cert\CMakeFiles\ShowIncludes\main.c","33","CDFAB295FC8E12C3ECFB6982F99058F032EE8284926AD71A829E70EA3BF02549","2026-09-22 07:55:04"
"build_ide_cert\CMakeFiles\ShowIncludes\main.obj","626","F07BA9D72A6F17D432C1F0150D3E059C1EC6B3B0896F39DEFDF29BFE88C8FFA2","2026-09-22 07:55:04"
"build_ide_test\CMakeCache.txt","39068","D6A74F961D71DB76CB626EAC770C7B05F26263D1A45AE01DE21E920E3F93D682","2026-09-22 08:26:23"
"build_ide_test\CMakeFiles\cmake.check_cache","86","95079B44BCEF481D601432C2FD3C654D7FE85B9C8386C355F2874502B47441D7","2026-09-22 08:26:23"
"build_ide_test\CMakeFiles\CMakeConfigureLog.yaml","539847","43B492E1FE8C49348345566F395977DFFABB9277B8BC305475E334B99A223EB8","2026-09-22 08:26:23"
"build_ide_test\CMakeFiles\4.4.2\CMakeASM_MASMCompiler.cmake","1555","2854EEB905485DAFD438E0C81309CB5FEBF71AC879DD3B77F5823D872C31C841","2026-09-22 08:26:19"
"build_ide_test\CMakeFiles\4.4.2\CMakeCCompiler.cmake","3433","AC464FA49275380D8836A0121B85375623E822C035DF70A068A554ADB61C3D20","2026-09-22 08:26:20"
"build_ide_test\CMakeFiles\4.4.2\CMakeCXXCompiler.cmake","6749","697FF827E1571D62CF6ECBBB882AD023B2621575B55BE87159545332150C7E3C","2026-09-22 08:26:20"
"build_ide_test\CMakeFiles\4.4.2\CMakeDetermineCompilerABI_C.bin","53248","96929AFF78054BC0DBA3E6B72C8979D17C5EEADE1C71A580913754052C2A9A5F","2026-09-22 08:26:20"
"build_ide_test\CMakeFiles\4.4.2\CMakeDetermineCompilerABI_CXX.bin","53248","E517D2351A74D8BC454DC1D536BFF0B6F6E9E4CD516498A302DD420A43008D6D","2026-09-22 08:26:20"
"build_ide_test\CMakeFiles\4.4.2\CMakeRCCompiler.cmake","276","F1C96E7B6BC035D04A44733638743F28BF70450E870A3095A55CFF6AD81924FA","2026-09-22 08:26:19"
"build_ide_test\CMakeFiles\4.4.2\CMakeSystem.cmake","399","14F764C3F0C50603F951C55B1787FA383C48D641385221057CD4F25001C4B314","2026-09-22 08:26:19"
"build_ide_test\CMakeFiles\4.4.2\CompilerIdC\CMakeCCompilerId.c","29974","6B712B317574A51D1D4F3A69F0722D9EF310910570FD191501CDD45655E061D3","2026-09-22 08:26:19"
"build_ide_test\CMakeFiles\4.4.2\CompilerIdC\CMakeCCompilerId.exe","108032","C14949377B88E7DF698E526B8FAE99E5AEEDAA3E681301A04F6F4A40512EF350","2026-09-22 08:26:19"
"build_ide_test\CMakeFiles\4.4.2\CompilerIdC\CMakeCCompilerId.obj","1935","AC3E5891E374E45B8C888B06D345EDB8F0976707B36527DC3DA0809080FE92FB","2026-09-22 08:26:19"
"build_ide_test\CMakeFiles\4.4.2\CompilerIdCXX\CMakeCXXCompilerId.cpp","30605","C260F5F6368FE636DA54C24D6ABD310AC6FCC3ACDC4BDC674D9B7223569A85EB","2026-09-22 08:26:19"
"build_ide_test\CMakeFiles\4.4.2\CompilerIdCXX\CMakeCXXCompilerId.exe","108032","6559C5EBFA8F7EAA493499EA5FE911102CD508E1BFBBFE3BA4D5B58DE663C83F","2026-09-22 08:26:19"
"build_ide_test\CMakeFiles\4.4.2\CompilerIdCXX\CMakeCXXCompilerId.obj","2002","3C795BE5E50CD79D9D269B4139A6A51ABAD1DC59D4A3BD534C21D938AE63881E","2026-09-22 08:26:19"
"build_ide_test\CMakeFiles\ShowIncludes\foo.h","2","7EB70257593DA06F682A3DDDA54A9D260D4FC514F645237F5CA74B08F8DA61A6","2026-09-22 08:26:19"
"build_ide_test\CMakeFiles\ShowIncludes\main.c","33","CDFAB295FC8E12C3ECFB6982F99058F032EE8284926AD71A829E70EA3BF02549","2026-09-22 08:26:19"
"build_ide_test\CMakeFiles\ShowIncludes\main.obj","626","77CAEAF9A5E4565182412B56FE3F229C935B4D262EFA53C21B5FF216AB8BC908","2026-09-22 08:26:19"
"build_ninja\CMakeCache.txt","41129","96E6BDF1372A5AA7C92AB785745E015E1AE647FE71557AF03F06327D4AB8BFD5","2026-09-15 01:17:17"
"build_ninja\CMakeFiles\cmake.check_cache","86","95079B44BCEF481D601432C2FD3C654D7FE85B9C8386C355F2874502B47441D7","2026-09-15 01:17:17"
"build_ninja\CMakeFiles\CMakeConfigureLog.yaml","520608","20ACC01428AA3A12A61611AFF4A4B3666FD32A806D61DA2155D4201D23D51ECF","2026-09-15 01:17:17"
"build_ninja\CMakeFiles\4.4.2\CMakeASM_MASMCompiler.cmake","1555","2854EEB905485DAFD438E0C81309CB5FEBF71AC879DD3B77F5823D872C31C841","2026-09-15 01:17:14"
"build_ninja\CMakeFiles\4.4.2\CMakeCCompiler.cmake","3433","AC464FA49275380D8836A0121B85375623E822C035DF70A068A554ADB61C3D20","2026-09-15 01:17:14"
"build_ninja\CMakeFiles\4.4.2\CMakeCXXCompiler.cmake","6749","697FF827E1571D62CF6ECBBB882AD023B2621575B55BE87159545332150C7E3C","2026-09-15 01:17:15"
"build_ninja\CMakeFiles\4.4.2\CMakeDetermineCompilerABI_C.bin","53248","A94391B76DDACD85289DC906643E7D92C0F5B681B35CC010B1136F7D19A3C09D","2026-09-15 01:17:14"
"build_ninja\CMakeFiles\4.4.2\CMakeDetermineCompilerABI_CXX.bin","53248","431C79A368DB22920BB880061301236CEDD058386D1EE3CE93F32BBBA5FAD007","2026-09-15 01:17:15"
"build_ninja\CMakeFiles\4.4.2\CMakeRCCompiler.cmake","276","F1C96E7B6BC035D04A44733638743F28BF70450E870A3095A55CFF6AD81924FA","2026-09-15 01:17:14"
"build_ninja\CMakeFiles\4.4.2\CMakeSystem.cmake","399","14F764C3F0C50603F951C55B1787FA383C48D641385221057CD4F25001C4B314","2026-09-15 01:17:14"
"build_ninja\CMakeFiles\4.4.2\CompilerIdC\CMakeCCompilerId.c","29974","6B712B317574A51D1D4F3A69F0722D9EF310910570FD191501CDD45655E061D3","2026-09-15 01:17:14"
"build_ninja\CMakeFiles\4.4.2\CompilerIdC\CMakeCCompilerId.exe","108032","175A808202CFDDCAC2228A5688C149844AB50979D5B99569D7683A1118B0EB69","2026-09-15 01:17:14"
"build_ninja\CMakeFiles\4.4.2\CompilerIdCXX\CMakeCXXCompilerId.cpp","30605","C260F5F6368FE636DA54C24D6ABD310AC6FCC3ACDC4BDC674D9B7223569A85EB","2026-09-15 01:17:14"
"build_ninja\CMakeFiles\4.4.2\CompilerIdCXX\CMakeCXXCompilerId.exe","108032","2359DE3332120132ACAB5ADBDB8D4B8CFEA197712453C0C4DDEA6BFB5B345956","2026-09-15 01:17:14"
"build_ninja\CMakeFiles\ShowIncludes\foo.h","2","7EB70257593DA06F682A3DDDA54A9D260D4FC514F645237F5CA74B08F8DA61A6","2026-09-15 01:17:14"
"build_ninja\CMakeFiles\ShowIncludes\main.c","33","CDFAB295FC8E12C3ECFB6982F99058F032EE8284926AD71A829E70EA3BF02549","2026-09-15 01:17:14"
"build_ninja\rawrxd\build_win32ide\CMakeCache.txt","41879","440A01723F9A017518ADAD3F67D8C9A720A010706438F0F1057DC61FFB584BDA","2026-09-15 01:19:07"
"build_ninja\rawrxd\build_win32ide\CMakeFiles\cmake.check_cache","86","95079B44BCEF481D601432C2FD3C654D7FE85B9C8386C355F2874502B47441D7","2026-09-15 01:20:18"
"build_ninja\rawrxd\build_win32ide\CMakeFiles\CMakeConfigureLog.yaml","549186","AA1F25A7BF7BE555345ABA69BB208D3D420BB0F3CA261273C1FE948DCA270D12","2026-09-15 01:20:18"
"build_ninja\rawrxd\build_win32ide\CMakeFiles\4.4.2\CMakeASM_MASMCompiler.cmake","1555","2854EEB905485DAFD438E0C81309CB5FEBF71AC879DD3B77F5823D872C31C841","2026-09-15 01:17:53"
"build_ninja\rawrxd\build_win32ide\CMakeFiles\4.4.2\CMakeCCompiler.cmake","3433","AC464FA49275380D8836A0121B85375623E822C035DF70A068A554ADB61C3D20","2026-09-15 01:17:54"
"build_ninja\rawrxd\build_win32ide\CMakeFiles\4.4.2\CMakeCXXCompiler.cmake","6749","697FF827E1571D62CF6ECBBB882AD023B2621575B55BE87159545332150C7E3C","2026-09-15 01:17:54"
"build_ninja\rawrxd\build_win32ide\CMakeFiles\4.4.2\CMakeDetermineCompilerABI_C.bin","53248","54F6F6C402B01F1BA9A0EAC03827EA8666E59162B0E7AC3B33B6EB3BDD1480C7","2026-09-15 01:17:54"
"build_ninja\rawrxd\build_win32ide\CMakeFiles\4.4.2\CMakeDetermineCompilerABI_CXX.bin","53248","9F6F8A392C7360B61251B9D72D6D2F8553DB12EC7E57C0B24242EC6E7710F9AA","2026-09-15 01:17:54"
"build_ninja\rawrxd\build_win32ide\CMakeFiles\4.4.2\CMakeRCCompiler.cmake","276","F1C96E7B6BC035D04A44733638743F28BF70450E870A3095A55CFF6AD81924FA","2026-09-15 01:17:53"
"build_ninja\rawrxd\build_win32ide\CMakeFiles\4.4.2\CMakeSystem.cmake","399","14F764C3F0C50603F951C55B1787FA383C48D641385221057CD4F25001C4B314","2026-09-15 01:17:53"
"build_ninja\rawrxd\build_win32ide\CMakeFiles\4.4.2\CompilerIdC\CMakeCCompilerId.c","29974","6B712B317574A51D1D4F3A69F0722D9EF310910570FD191501CDD45655E061D3","2026-09-15 01:17:53"
"build_ninja\rawrxd\build_win32ide\CMakeFiles\4.4.2\CompilerIdC\CMakeCCompilerId.exe","108032","0E8202E698EEFC6E4D905DCB3DCDA1C597D472767D3E8A9ECD3DBC85145096CB","2026-09-15 01:17:53"
"build_ninja\rawrxd\build_win32ide\CMakeFiles\4.4.2\CompilerIdCXX\CMakeCXXCompilerId.cpp","30605","C260F5F6368FE636DA54C24D6ABD310AC6FCC3ACDC4BDC674D9B7223569A85EB","2026-09-15 01:17:53"
"build_ninja\rawrxd\build_win32ide\CMakeFiles\4.4.2\CompilerIdCXX\CMakeCXXCompilerId.exe","108032","FF8C7C96E56C363F39E5B914FC6D952D893148DF04DBB7A495CC210E45016529","2026-09-15 01:17:53"
"build_ninja\rawrxd\build_win32ide\CMakeFiles\ShowIncludes\foo.h","2","7EB70257593DA06F682A3DDDA54A9D260D4FC514F645237F5CA74B08F8DA61A6","2026-09-15 01:17:53"
"build_ninja\rawrxd\build_win32ide\CMakeFiles\ShowIncludes\main.c","33","CDFAB295FC8E12C3ECFB6982F99058F032EE8284926AD71A829E70EA3BF02549","2026-09-15 01:17:53"
"build_ninja\rawrxd\build_win32ide\_deps\nlohmann_json-build\nlohmann_json.pc","121","F1456363FD3ECD1A4903240387438C270DCE164167765C9676BF058DE1623CFC","2026-09-15 01:17:56"
"build_ninja\rawrxd\build_win32ide\_deps\nlohmann_json-build\nlohmann_jsonConfig.cmake","635","A879DC2B648E17AC32836EF9013B5A6CF1234A74B9A60962CC081C3776C9F13F","2026-09-15 01:17:56"
"build_ninja\rawrxd\build_win32ide\_deps\nlohmann_json-build\nlohmann_jsonConfigVersion.cmake","696","B6D73337D16D3DEB4B192056D1AC9E7E962929EC993F7F9652A949DE3D38CE8F","2026-09-15 01:17:56"
"build_ninja\rawrxd\build_win32ide\_deps\nlohmann_json-src\CMakeLists.txt","7180","9A00F4234C7804AF1A8ABA619C28B7462B11683FD6628A0EA62CBC168764C87F","2023-11-28 14:38:03"
"build_ninja\rawrxd\build_win32ide\_deps\nlohmann_json-src\LICENSE.MIT","1076","86B998C792894CCB911A1CB7994F7A9652894E7A094C0B5E45BE2F553F45CF14","2023-11-28 14:38:03"
"build_ninja\rawrxd\build_win32ide\_deps\nlohmann_json-src\nlohmann_json.natvis","19578","162666E7AB4D725A6E9621F0D31097802B58B838E907AE5445C7C938FD0257B1","2023-11-28 14:38:03"
"build_ninja\rawrxd\build_win32ide\_deps\nlohmann_json-src\cmake\config.cmake.in","710","DE73A6E0CDFC9CB1FC28A6156D7E2660F498C9F30AD7D4DE5600BA279DA0A3F3","2023-11-28 14:38:03"
"build_ninja\rawrxd\build_win32ide\_deps\nlohmann_json-src\cmake\nlohmann_jsonConfigVersion.cmake.in","709","F3E940FC8846A483A5F35B9D47FA9AE700765B60A3D17EED2229A0BD7818F567","2023-11-28 14:38:03"
"build_ninja\rawrxd\build_win32ide\_deps\nlohmann_json-src\cmake\pkg-config.pc.in","126","796C801C759EB4D5E165AFA2441481FFF5487A2FD35BBFCEC841367D9772F760","2023-11-28 14:38:03"
"build_ninja\rawrxd\build_win32ide\_deps\nlohmann_json-src\include\nlohmann\adl_serializer.hpp","2279","242B578E1A41C97DEC6890BD88BDB824CDB76A9EDD849C108299A59469D327E0","2023-11-28 14:38:03"
"build_ninja\rawrxd\build_win32ide\_deps\nlohmann_json-src\include\nlohmann\byte_container_with_subtype.hpp","3533","C7DC197CBB54B9168373B4B9A3E1CC57CC5583BFCF5008B722B363335BC53511","2023-11-28 14:38:03"
"build_ninja\rawrxd\build_win32ide\_deps\nlohmann_json-src\include\nlohmann\json.hpp","198618","2432CBF7F4258453538ECA193CD937FC777462AE2CE8EE9F46E6EE460EF56BEA","2023-11-28 14:38:03"
"build_ninja\rawrxd\build_win32ide\_deps\nlohmann_json-src\include\nlohmann\json_fwd.hpp","2541","C5B950B428534861B5869254FD773AFC724112FC9E141BD1FC89189640A3AE5D","2023-11-28 14:38:03"
"build_ninja\rawrxd\build_win32ide\_deps\nlohmann_json-src\include\nlohmann\ordered_map.hpp","11692","31D1BB02500B734E09C27CE2CC216C8AF188344FBC19A6946AE301A12C7B62DF","2023-11-28 14:38:03"
"build_ninja\rawrxd\build_win32ide\_deps\nlohmann_json-src\include\nlohmann\detail\abi_macros.hpp","3807","1C7DC7C5062B199A35853F4056ED00ED359EF8FA5C7FB15A58BC79598EC21422","2023-11-28 14:38:03"
"build_ninja\rawrxd\build_win32ide\_deps\nlohmann_json-src\include\nlohmann\detail\exceptions.hpp","9267","55299C55106DE2624CA7AA6A5705AD6FF53814C1B52F8FE8D2872F13C956C95A","2023-11-28 14:38:03"
"build_ninja\rawrxd\build_win32ide\_deps\nlohmann_json-src\include\nlohmann\detail\hash.hpp","4016","74A9E3AF772127CF0B12EE794ABC8C47B5BEA74CE658D0D20179A26BE5D95D0D","2023-11-28 14:38:03"
"build_ninja\rawrxd\build_win32ide\_deps\nlohmann_json-src\include\nlohmann\detail\json_custom_base_class.hpp","1178","70DA7C5B17777F8DA6D83310D6526856542585EFA8A078DB61227B11AAF9EC0B","2023-11-28 14:38:03"
"build_ninja\rawrxd\build_win32ide\_deps\nlohmann_json-src\include\nlohmann\detail\json_pointer.hpp","37143","4CF537AD88B2D686D5A349B26DA7E012BA9A58B01A0AB2BADAA796D9150E69BB","2023-11-28 14:38:03"
"build_ninja\rawrxd\build_win32ide\_deps\nlohmann_json-src\include\nlohmann\detail\json_ref.hpp","1811","1660750DD10A562AAC1EEA37021F1E7138A5D6D50B051815708497A8D30BF60D","2023-11-28 14:38:03"
"build_ninja\rawrxd\build_win32ide\_deps\nlohmann_json-src\include\nlohmann\detail\macro_scope.hpp","43639","70D2B2AA49A93170DED3D0C0D1B0F76103FDD09704BA5ECC862BC03095920847","2023-11-28 14:38:03"
"build_ninja\rawrxd\build_win32ide\_deps\nlohmann_json-src\include\nlohmann\detail\macro_unscope.hpp","1252","5F7040DF475E2C943D9B22C335B61600DEB14B1E48A69B3450DE4C4A08C320BC","2023-11-28 14:38:03"
"build_ninja\rawrxd\build_win32ide\_deps\nlohmann_json-src\include\nlohmann\detail\string_concat.hpp","5951","E8001630045F800C0EBCFC19E2B2F90139A4D20A9A359E134657767FD6FA9AA2","2023-11-28 14:38:03"
"build_ninja\rawrxd\build_win32ide\_deps\nlohmann_json-src\include\nlohmann\detail\string_escape.hpp","2168","3BF6687FFA7F6FD3034591ADFDD6EA073584DF83694C6B57FEED9ADA965801E7","2023-11-28 14:38:03"
"build_ninja\rawrxd\build_win32ide\_deps\nlohmann_json-src\include\nlohmann\detail\value_t.hpp","4326","60A7E24B34E93B8BA40EECF310A40C55042754328271C246F9CC1069F6A25958","2023-11-28 14:38:03"
"build_ninja\rawrxd\build_win32ide\_deps\nlohmann_json-src\include\nlohmann\detail\conversions\from_json.hpp","18880","B37CED0BA32F8AC5834B4C96058CA5E445BCCEA27F46299A359EED0ECBF2E58E","2023-11-28 14:38:03"
"build_ninja\rawrxd\build_win32ide\_deps\nlohmann_json-src\include\nlohmann\detail\conversions\to_chars.hpp","38562","5FE11205C45DBD08373244D743F38E89CEEFB8C9B5FC4C68077117C786D53BEF","2023-11-28 14:38:03"
"build_ninja\rawrxd\build_win32ide\_deps\nlohmann_json-src\include\nlohmann\detail\conversions\to_json.hpp","16274","73BAD524856D475A6071FD7B5422F80DF13BA7586F0D4B48141C2EC60CEBCF89","2023-11-28 14:38:03"
"build_ninja\rawrxd\build_win32ide\_deps\nlohmann_json-src\include\nlohmann\detail\input\binary_reader.hpp","103146","484BCC276C4FA6C7C61A93A8223F3E53BB4DC966E688E96641A93A50D7E503E9","2023-11-28 14:38:03"
"build_ninja\rawrxd\build_win32ide\_deps\nlohmann_json-src\include\nlohmann\detail\input\input_adapters.hpp","17402","BD549419506089C82C94446F939587362FF01516B8E6624C472E704D27B1BE42","2023-11-28 14:38:03"
"build_ninja\rawrxd\build_win32ide\_deps\nlohmann_json-src\include\nlohmann\detail\input\json_sax.hpp","21420","9147C9D07784A5F3DE890D68401AE07D03D0BC0DB24EBCBE7BEB8A31CFD858A0","2023-11-28 14:38:03"
"build_ninja\rawrxd\build_win32ide\_deps\nlohmann_json-src\include\nlohmann\detail\input\lexer.hpp","54569","550C275F09D55DEB1705B97B8A15B02F211EA0BA87E95452E7A023B854BB024C","2023-11-28 14:38:03"
"build_ninja\rawrxd\build_win32ide\_deps\nlohmann_json-src\include\nlohmann\detail\input\parser.hpp","19661","094AED22CFDD641AC15EF59BFEF8DD1E23FD92373633A92ED928CB580F0CBD7E","2023-11-28 14:38:03"
"build_ninja\rawrxd\build_win32ide\_deps\nlohmann_json-src\include\nlohmann\detail\input\position_t.hpp","958","0C9C5BE26020C0A7929F3CC1E7E0065589D6A8F4DC1BD2EE13F10EF1A7EFAA24","2023-11-28 14:38:03"
"build_ninja\rawrxd\build_win32ide\_deps\nlohmann_json-src\include\nlohmann\detail\iterators\internal_iterator.hpp","1071","E75CF5E3C9AE358055BF3335FA2C5B6BBFBD1E24EA3DFDB62C187F37A8E2B485","2023-11-28 14:38:03"
"build_ninja\rawrxd\build_win32ide\_deps\nlohmann_json-src\include\nlohmann\detail\iterators\iteration_proxy.hpp","8238","839EFBA147F6F15C693C741039DAA3D383C2F4AFB8FE653E4DAD49A9F998D1D1","2023-11-28 14:38:03"
"build_ninja\rawrxd\build_win32ide\_deps\nlohmann_json-src\include\nlohmann\detail\iterators\iterator_traits.hpp","1757","04B0EDAEB214AA1C932B9078849A8FBBBDA9C7A241B4CBC28A90B6D11C959443","2023-11-28 14:38:03"
"build_ninja\rawrxd\build_win32ide\_deps\nlohmann_json-src\include\nlohmann\detail\iterators\iter_impl.hpp","24046","70D81EBB931DB43A19FE3872A3FB1BC91FAB27509C8D29EE4C4DD247B384CAE1","2023-11-28 14:38:03"
"build_ninja\rawrxd\build_win32ide\_deps\nlohmann_json-src\include\nlohmann\detail\iterators\json_reverse_iterator.hpp","3861","031B45C4F90AB7D64ECB6606FAD880D867A23FC63A431F0DE34F0FC104307B66","2023-11-28 14:38:03"
"build_ninja\rawrxd\build_win32ide\_deps\nlohmann_json-src\include\nlohmann\detail\iterators\primitive_iterator.hpp","3227","6C949107BB779CECB8BEBA0835F7292656B52B08C3F6A6D3B27229B58C28AEFE","2023-11-28 14:38:03"
"build_ninja\rawrxd\build_win32ide\_deps\nlohmann_json-src\include\nlohmann\detail\meta\cpp_future.hpp","5178","486BA5A3724131D0C1646E36D9A4A9877505B2914078347E6067BB65593F01CE","2023-11-28 14:38:03"
"build_ninja\rawrxd\build_win32ide\_deps\nlohmann_json-src\include\nlohmann\detail\meta\detected.hpp","2109","F79AA1F107E4DFD4554753E6FE05364A1147EF4498D3125CFC939A5534D2D527","2023-11-28 14:38:03"
"build_ninja\rawrxd\build_win32ide\_deps\nlohmann_json-src\include\nlohmann\detail\meta\identity_tag.hpp","526","BBA9559DEC8519DE3044B537E96A59A601831797A5A3C38BF8023A6D949118D0","2023-11-28 14:38:03"
"build_ninja\rawrxd\build_win32ide\_deps\nlohmann_json-src\include\nlohmann\detail\meta\is_sax.hpp","6960","1F81D6098B9AAD02A95C27EC333BBB13EEC3C5171B968E39B7ECB1B06B16C55B","2023-11-28 14:38:03"
"build_ninja\rawrxd\build_win32ide\_deps\nlohmann_json-src\include\nlohmann\detail\meta\std_fs.hpp","766","FB514154EA8C11C04A00EFEB2E89EDBFD40F149ED39EF36568D9B2A1062E85E0","2023-11-28 14:38:03"
"build_ninja\rawrxd\build_win32ide\_deps\nlohmann_json-src\include\nlohmann\detail\meta\type_traits.hpp","29454","1F901F9E4BCD585FF22C6B0C0956566BA8A4A1238A490A64E7755A2C313040D5","2023-11-28 14:38:03"
"build_ninja\rawrxd\build_win32ide\_deps\nlohmann_json-src\include\nlohmann\detail\meta\void_t.hpp","597","581E7B157457EB9C488793F2CD7066B2C1BA31D5E9FEA6F0D67C8C732B5088E4","2023-11-28 14:38:03"
"build_ninja\rawrxd\build_win32ide\_deps\nlohmann_json-src\include\nlohmann\detail\meta\call_std\begin.hpp","453","379660C15A30B84FF2A67E22734638F608CC37B34648461C7E9167DA1153D861","2023-11-28 14:38:03"
"build_ninja\rawrxd\build_win32ide\_deps\nlohmann_json-src\include\nlohmann\detail\meta\call_std\end.hpp","451","DECA609BF200442F452B848C19F28EE30879DF0CA35E959ED3B41F861C92DF55","2023-11-28 14:38:03"
"build_ninja\rawrxd\build_win32ide\_deps\nlohmann_json-src\include\nlohmann\detail\output\binary_writer.hpp","71152","665CE1EA5FB2CB425896B713BDD8D8D5A6D69688924FA6E2EFAFFB4E9D132011","2023-11-28 14:38:03"
"build_ninja\rawrxd\build_win32ide\_deps\nlohmann_json-src\include\nlohmann\detail\output\output_adapters.hpp","4067","1E0BCC375B4D84180649198E2F8061F5968A10A6913231FEE097689D281ED565","2023-11-28 14:38:03"
"build_ninja\rawrxd\build_win32ide\_deps\nlohmann_json-src\include\nlohmann\detail\output\serializer.hpp","40163","259C611D4B1147E3626D25BC05994B28F91F4FCCA2E578E486DCF51C0234E5C8","2023-11-28 14:38:03"
"build_ninja\rawrxd\build_win32ide\_deps\nlohmann_json-src\include\nlohmann\thirdparty\hedley\hedley.hpp","86068","20D6C1C6D6C30365F68A45093798937971B593919FB3051431F0C015DFA671FB","2023-11-28 14:38:03"
"build_ninja\rawrxd\build_win32ide\_deps\nlohmann_json-src\include\nlohmann\thirdparty\hedley\hedley_undef.hpp","5500","0F8902F26872F40A2514E9C9BE2FCEBFCE6CDE0022E9364FDDD17FB49575B146","2023-11-28 14:38:03"
"build_ninja\rawrxd\build_win32ide\_deps\nlohmann_json-src\single_include\nlohmann\json.hpp","919975","9BEA4C8066EF4A1C206B2BE5A36302F8926F7FDC6087AF5D20B417D0CF103EA6","2023-11-28 14:38:03"
"build_ninja\rawrxd\build_win32ide\_deps\nlohmann_json-src\single_include\nlohmann\json_fwd.hpp","6340","5CEFBBA751BAF5243033FD894C70BE9B37103D64B3D3A959E4173197D71137B9","2023-11-28 14:38:03"
"build_ninja\rawrxd\build_win32ide\_deps\nlohmann_json-subbuild\.ninja_log","3407","C8A8673714B6A647C7745901E3CA331A285981B0492731B25112E70A13154004","2026-09-15 01:20:17"
"build_ninja\rawrxd\build_win32ide\_deps\nlohmann_json-subbuild\build.ninja","19320","2D320A0FA1EB9AA49BEC2F54C377B02D4497C79974AEEBB52B06E17853E82890","2026-09-15 01:20:17"
"build_ninja\rawrxd\build_win32ide\_deps\nlohmann_json-subbuild\CMakeCache.txt","5721","1422250C4CEFCBA8C95A31E9A897289D2B7DAB3F261C5867FEDF42F09DAC4B0D","2026-09-15 01:17:54"
"build_ninja\rawrxd\build_win32ide\_deps\nlohmann_json-subbuild\CMakeLists.txt","1580","104B4DB6145A1015398EE0113D3B914E810E1DBC6E36BFB83416A2DB933FD955","2026-09-15 01:17:54"
"build_ninja\rawrxd\build_win32ide\_deps\nlohmann_json-subbuild\cmake_install.cmake","2051","8BB5DD54C8FD3CD76FD00EF16C759595FA29A739DD49FBB637788AC42E74E61B","2026-09-15 01:20:17"
"build_ninja\rawrxd\build_win32ide\_deps\nlohmann_json-subbuild\CMakeFiles\cmake.check_cache","86","95079B44BCEF481D601432C2FD3C654D7FE85B9C8386C355F2874502B47441D7","2026-09-15 01:20:17"
"build_ninja\rawrxd\build_win32ide\_deps\nlohmann_json-subbuild\CMakeFiles\CMakeConfigureLog.yaml","271","ECF712160B779608B83B769991FDA879E04498880AF245A3073EE7466823C663","2026-09-15 01:17:54"
"build_ninja\rawrxd\build_win32ide\_deps\nlohmann_json-subbuild\CMakeFiles\InstallScripts.json","161","0745E573138C3104711BDD8E9B646E832F36C99D7AC7E7664905E4F3DAD92192","2026-09-15 01:20:17"
"build_ninja\rawrxd\build_win32ide\_deps\nlohmann_json-subbuild\CMakeFiles\nlohmann_json-populate-complete","0","E3B0C44298FC1C149AFBF4C8996FB92427AE41E4649B934CA495991B7852B855","2026-09-15 01:17:56"
"build_ninja\rawrxd\build_win32ide\_deps\nlohmann_json-subbuild\CMakeFiles\rules.ninja","1707","65CA0F619DA36D9284BF0C172A0D7821BB5511DF11A8FCFCADEF15FC4EFAD4AA","2026-09-15 01:20:17"
"build_ninja\rawrxd\build_win32ide\_deps\nlohmann_json-subbuild\CMakeFiles\TargetDirectories.txt","330","8B9E666982DA9E8C03920BED462941FDD4CE5C84072918BB24A2211B39213E50","2026-09-15 01:20:17"
"build_ninja\rawrxd\build_win32ide\_deps\nlohmann_json-subbuild\CMakeFiles\4.4.2\CMakeSystem.cmake","395","CB655F074177502B26612FA979EE72C606731A0B59F300E936EBBA161D8CCE09","2026-09-15 01:17:54"
"build_ninja\rawrxd\build_win32ide\_deps\nlohmann_json-subbuild\CMakeFiles\nlohmann_json-populate.dir\Labels.json","2191","35A398C5C7C704176AFE2C9B172638FCA5A3BC2AAFBABFBB9EE90405C5345937","2026-09-15 01:20:17"
"build_ninja\rawrxd\build_win32ide\_deps\nlohmann_json-subbuild\CMakeFiles\nlohmann_json-populate.dir\Labels.txt","1850","055D181B28EC0299773524EB1C5631E970E29C93BB058BB223AE7679B3B95449","2026-09-15 01:20:17"
"build_ninja\rawrxd\build_win32ide\_deps\nlohmann_json-subbuild\nlohmann_json-populate-prefix\src\json.tar.xz","110988","D6C65ACA6B1ED68E7A182F4757257B107AE403032760ED6EF121C9D55E81757D","2026-09-15 01:17:55"
"build_ninja\rawrxd\build_win32ide\_deps\nlohmann_json-subbuild\nlohmann_json-populate-prefix\src\nlohmann_json-populate-stamp\download-nlohmann_json-populate.cmake","5400","0D37E6985D424CB59420CFA7878D2B5E9E5038742CAF4CA5A502A95ABDD23F2A","2026-09-15 01:17:54"
"build_ninja\rawrxd\build_win32ide\_deps\nlohmann_json-subbuild\nlohmann_json-populate-prefix\src\nlohmann_json-populate-stamp\extract-nlohmann_json-populate.cmake","2017","9F91E59DF51C6C57D395DAB7E382E64A5B896901B556C18C632EA4919E194374","2026-09-15 01:17:54"
"build_ninja\rawrxd\build_win32ide\_deps\nlohmann_json-subbuild\nlohmann_json-populate-prefix\src\nlohmann_json-populate-stamp\nlohmann_json-populate-build","0","E3B0C44298FC1C149AFBF4C8996FB92427AE41E4649B934CA495991B7852B855","2026-09-15 01:17:55"
"build_ninja\rawrxd\build_win32ide\_deps\nlohmann_json-subbuild\nlohmann_json-populate-prefix\src\nlohmann_json-populate-stamp\nlohmann_json-populate-configure","0","E3B0C44298FC1C149AFBF4C8996FB92427AE41E4649B934CA495991B7852B855","2026-09-15 01:17:55"
"build_ninja\rawrxd\build_win32ide\_deps\nlohmann_json-subbuild\nlohmann_json-populate-prefix\src\nlohmann_json-populate-stamp\nlohmann_json-populate-done","0","E3B0C44298FC1C149AFBF4C8996FB92427AE41E4649B934CA495991B7852B855","2026-09-15 01:17:56"
"build_ninja\rawrxd\build_win32ide\_deps\nlohmann_json-subbuild\nlohmann_json-populate-prefix\src\nlohmann_json-populate-stamp\nlohmann_json-populate-download","0","E3B0C44298FC1C149AFBF4C8996FB92427AE41E4649B934CA495991B7852B855","2026-09-15 01:17:55"
"build_ninja\rawrxd\build_win32ide\_deps\nlohmann_json-subbuild\nlohmann_json-populate-prefix\src\nlohmann_json-populate-stamp\nlohmann_json-populate-install","0","E3B0C44298FC1C149AFBF4C8996FB92427AE41E4649B934CA495991B7852B855","2026-09-15 01:17:55"
"build_ninja\rawrxd\build_win32ide\_deps\nlohmann_json-subbuild\nlohmann_json-populate-prefix\src\nlohmann_json-populate-stamp\nlohmann_json-populate-mkdir","0","E3B0C44298FC1C149AFBF4C8996FB92427AE41E4649B934CA495991B7852B855","2026-09-15 01:17:54"
"build_ninja\rawrxd\build_win32ide\_deps\nlohmann_json-subbuild\nlohmann_json-populate-prefix\src\nlohmann_json-populate-stamp\nlohmann_json-populate-patch","0","E3B0C44298FC1C149AFBF4C8996FB92427AE41E4649B934CA495991B7852B855","2026-09-15 01:17:55"
"build_ninja\rawrxd\build_win32ide\_deps\nlohmann_json-subbuild\nlohmann_json-populate-prefix\src\nlohmann_json-populate-stamp\nlohmann_json-populate-patch-info.txt","234","1B65EC9FCBBD17A6161E1654B212A61E96B5AF8F684DB5B57CC9A34CCB8FC08A","2026-09-15 01:17:54"
"build_ninja\rawrxd\build_win32ide\_deps\nlohmann_json-subbuild\nlohmann_json-populate-prefix\src\nlohmann_json-populate-stamp\nlohmann_json-populate-test","0","E3B0C44298FC1C149AFBF4C8996FB92427AE41E4649B934CA495991B7852B855","2026-09-15 01:17:55"
"build_ninja\rawrxd\build_win32ide\_deps\nlohmann_json-subbuild\nlohmann_json-populate-prefix\src\nlohmann_json-populate-stamp\nlohmann_json-populate-update","0","E3B0C44298FC1C149AFBF4C8996FB92427AE41E4649B934CA495991B7852B855","2026-09-15 01:17:55"
"build_ninja\rawrxd\build_win32ide\_deps\nlohmann_json-subbuild\nlohmann_json-populate-prefix\src\nlohmann_json-populate-stamp\nlohmann_json-populate-update-info.txt","270","1E7A50B58A848C38CCE229AFDCDDB502800991D383A5B52717831809448F316A","2026-09-15 01:17:54"
"build_ninja\rawrxd\build_win32ide\_deps\nlohmann_json-subbuild\nlohmann_json-populate-prefix\src\nlohmann_json-populate-stamp\nlohmann_json-populate-urlinfo.txt","1265","C128B62E7437C06A6EEC113E19D8D75441772CA689FA4E46851AA70BAB6E8136","2026-09-15 01:17:54"
"build_ninja\rawrxd\build_win32ide\_deps\nlohmann_json-subbuild\nlohmann_json-populate-prefix\src\nlohmann_json-populate-stamp\verify-nlohmann_json-populate.cmake","0","E3B0C44298FC1C149AFBF4C8996FB92427AE41E4649B934CA495991B7852B855","2026-09-15 01:17:54"
"build_ninja\rawrxd\build_win32ide\_deps\nlohmann_json-subbuild\nlohmann_json-populate-prefix\tmp\nlohmann_json-populate-cfgcmd.txt","8","4338C530A76441CDA4F59C911C9FDF950E000F361B796FCD9DB755AAAE241FF9","2026-09-15 01:17:54"
"build_ninja\rawrxd\build_win32ide\_deps\nlohmann_json-subbuild\nlohmann_json-populate-prefix\tmp\nlohmann_json-populate-mkdirs.cmake","1868","6DCA30649F9CFA48D0D3C261946EA7024B354163C1159C995178BD45493BEF70","2026-09-15 01:17:54"
"build_ninja\_deps\nlohmann_json-build\nlohmann_json.pc","121","F1456363FD3ECD1A4903240387438C270DCE164167765C9676BF058DE1623CFC","2026-09-15 01:17:16"
"build_ninja\_deps\nlohmann_json-build\nlohmann_jsonConfig.cmake","635","A879DC2B648E17AC32836EF9013B5A6CF1234A74B9A60962CC081C3776C9F13F","2026-09-15 01:17:16"
"build_ninja\_deps\nlohmann_json-build\nlohmann_jsonConfigVersion.cmake","696","B6D73337D16D3DEB4B192056D1AC9E7E962929EC993F7F9652A949DE3D38CE8F","2026-09-15 01:17:16"
"build_ninja\_deps\nlohmann_json-src\CMakeLists.txt","7180","9A00F4234C7804AF1A8ABA619C28B7462B11683FD6628A0EA62CBC168764C87F","2023-11-28 14:38:03"
"build_ninja\_deps\nlohmann_json-src\LICENSE.MIT","1076","86B998C792894CCB911A1CB7994F7A9652894E7A094C0B5E45BE2F553F45CF14","2023-11-28 14:38:03"
"build_ninja\_deps\nlohmann_json-src\nlohmann_json.natvis","19578","162666E7AB4D725A6E9621F0D31097802B58B838E907AE5445C7C938FD0257B1","2023-11-28 14:38:03"
"build_ninja\_deps\nlohmann_json-src\cmake\config.cmake.in","710","DE73A6E0CDFC9CB1FC28A6156D7E2660F498C9F30AD7D4DE5600BA279DA0A3F3","2023-11-28 14:38:03"
"build_ninja\_deps\nlohmann_json-src\cmake\nlohmann_jsonConfigVersion.cmake.in","709","F3E940FC8846A483A5F35B9D47FA9AE700765B60A3D17EED2229A0BD7818F567","2023-11-28 14:38:03"
"build_ninja\_deps\nlohmann_json-src\cmake\pkg-config.pc.in","126","796C801C759EB4D5E165AFA2441481FFF5487A2FD35BBFCEC841367D9772F760","2023-11-28 14:38:03"
"build_ninja\_deps\nlohmann_json-src\include\nlohmann\adl_serializer.hpp","2279","242B578E1A41C97DEC6890BD88BDB824CDB76A9EDD849C108299A59469D327E0","2023-11-28 14:38:03"
"build_ninja\_deps\nlohmann_json-src\include\nlohmann\byte_container_with_subtype.hpp","3533","C7DC197CBB54B9168373B4B9A3E1CC57CC5583BFCF5008B722B363335BC53511","2023-11-28 14:38:03"
"build_ninja\_deps\nlohmann_json-src\include\nlohmann\json.hpp","198618","2432CBF7F4258453538ECA193CD937FC777462AE2CE8EE9F46E6EE460EF56BEA","2023-11-28 14:38:03"
"build_ninja\_deps\nlohmann_json-src\include\nlohmann\json_fwd.hpp","2541","C5B950B428534861B5869254FD773AFC724112FC9E141BD1FC89189640A3AE5D","2023-11-28 14:38:03"
"build_ninja\_deps\nlohmann_json-src\include\nlohmann\ordered_map.hpp","11692","31D1BB02500B734E09C27CE2CC216C8AF188344FBC19A6946AE301A12C7B62DF","2023-11-28 14:38:03"
"build_ninja\_deps\nlohmann_json-src\include\nlohmann\detail\abi_macros.hpp","3807","1C7DC7C5062B199A35853F4056ED00ED359EF8FA5C7FB15A58BC79598EC21422","2023-11-28 14:38:03"
"build_ninja\_deps\nlohmann_json-src\include\nlohmann\detail\exceptions.hpp","9267","55299C55106DE2624CA7AA6A5705AD6FF53814C1B52F8FE8D2872F13C956C95A","2023-11-28 14:38:03"
"build_ninja\_deps\nlohmann_json-src\include\nlohmann\detail\hash.hpp","4016","74A9E3AF772127CF0B12EE794ABC8C47B5BEA74CE658D0D20179A26BE5D95D0D","2023-11-28 14:38:03"
"build_ninja\_deps\nlohmann_json-src\include\nlohmann\detail\json_custom_base_class.hpp","1178","70DA7C5B17777F8DA6D83310D6526856542585EFA8A078DB61227B11AAF9EC0B","2023-11-28 14:38:03"
"build_ninja\_deps\nlohmann_json-src\include\nlohmann\detail\json_pointer.hpp","37143","4CF537AD88B2D686D5A349B26DA7E012BA9A58B01A0AB2BADAA796D9150E69BB","2023-11-28 14:38:03"
"build_ninja\_deps\nlohmann_json-src\include\nlohmann\detail\json_ref.hpp","1811","1660750DD10A562AAC1EEA37021F1E7138A5D6D50B051815708497A8D30BF60D","2023-11-28 14:38:03"
"build_ninja\_deps\nlohmann_json-src\include\nlohmann\detail\macro_scope.hpp","43639","70D2B2AA49A93170DED3D0C0D1B0F76103FDD09704BA5ECC862BC03095920847","2023-11-28 14:38:03"
"build_ninja\_deps\nlohmann_json-src\include\nlohmann\detail\macro_unscope.hpp","1252","5F7040DF475E2C943D9B22C335B61600DEB14B1E48A69B3450DE4C4A08C320BC","2023-11-28 14:38:03"
"build_ninja\_deps\nlohmann_json-src\include\nlohmann\detail\string_concat.hpp","5951","E8001630045F800C0EBCFC19E2B2F90139A4D20A9A359E134657767FD6FA9AA2","2023-11-28 14:38:03"
"build_ninja\_deps\nlohmann_json-src\include\nlohmann\detail\string_escape.hpp","2168","3BF6687FFA7F6FD3034591ADFDD6EA073584DF83694C6B57FEED9ADA965801E7","2023-11-28 14:38:03"
"build_ninja\_deps\nlohmann_json-src\include\nlohmann\detail\value_t.hpp","4326","60A7E24B34E93B8BA40EECF310A40C55042754328271C246F9CC1069F6A25958","2023-11-28 14:38:03"
"build_ninja\_deps\nlohmann_json-src\include\nlohmann\detail\conversions\from_json.hpp","18880","B37CED0BA32F8AC5834B4C96058CA5E445BCCEA27F46299A359EED0ECBF2E58E","2023-11-28 14:38:03"
"build_ninja\_deps\nlohmann_json-src\include\nlohmann\detail\conversions\to_chars.hpp","38562","5FE11205C45DBD08373244D743F38E89CEEFB8C9B5FC4C68077117C786D53BEF","2023-11-28 14:38:03"
"build_ninja\_deps\nlohmann_json-src\include\nlohmann\detail\conversions\to_json.hpp","16274","73BAD524856D475A6071FD7B5422F80DF13BA7586F0D4B48141C2EC60CEBCF89","2023-11-28 14:38:03"
"build_ninja\_deps\nlohmann_json-src\include\nlohmann\detail\input\binary_reader.hpp","103146","484BCC276C4FA6C7C61A93A8223F3E53BB4DC966E688E96641A93A50D7E503E9","2023-11-28 14:38:03"
"build_ninja\_deps\nlohmann_json-src\include\nlohmann\detail\input\input_adapters.hpp","17402","BD549419506089C82C94446F939587362FF01516B8E6624C472E704D27B1BE42","2023-11-28 14:38:03"
"build_ninja\_deps\nlohmann_json-src\include\nlohmann\detail\input\json_sax.hpp","21420","9147C9D07784A5F3DE890D68401AE07D03D0BC0DB24EBCBE7BEB8A31CFD858A0","2023-11-28 14:38:03"
"build_ninja\_deps\nlohmann_json-src\include\nlohmann\detail\input\lexer.hpp","54569","550C275F09D55DEB1705B97B8A15B02F211EA0BA87E95452E7A023B854BB024C","2023-11-28 14:38:03"
"build_ninja\_deps\nlohmann_json-src\include\nlohmann\detail\input\parser.hpp","19661","094AED22CFDD641AC15EF59BFEF8DD1E23FD92373633A92ED928CB580F0CBD7E","2023-11-28 14:38:03"
"build_ninja\_deps\nlohmann_json-src\include\nlohmann\detail\input\position_t.hpp","958","0C9C5BE26020C0A7929F3CC1E7E0065589D6A8F4DC1BD2EE13F10EF1A7EFAA24","2023-11-28 14:38:03"
"build_ninja\_deps\nlohmann_json-src\include\nlohmann\detail\iterators\internal_iterator.hpp","1071","E75CF5E3C9AE358055BF3335FA2C5B6BBFBD1E24EA3DFDB62C187F37A8E2B485","2023-11-28 14:38:03"
"build_ninja\_deps\nlohmann_json-src\include\nlohmann\detail\iterators\iteration_proxy.hpp","8238","839EFBA147F6F15C693C741039DAA3D383C2F4AFB8FE653E4DAD49A9F998D1D1","2023-11-28 14:38:03"
"build_ninja\_deps\nlohmann_json-src\include\nlohmann\detail\iterators\iterator_traits.hpp","1757","04B0EDAEB214AA1C932B9078849A8FBBBDA9C7A241B4CBC28A90B6D11C959443","2023-11-28 14:38:03"
"build_ninja\_deps\nlohmann_json-src\include\nlohmann\detail\iterators\iter_impl.hpp","24046","70D81EBB931DB43A19FE3872A3FB1BC91FAB27509C8D29EE4C4DD247B384CAE1","2023-11-28 14:38:03"
"build_ninja\_deps\nlohmann_json-src\include\nlohmann\detail\iterators\json_reverse_iterator.hpp","3861","031B45C4F90AB7D64ECB6606FAD880D867A23FC63A431F0DE34F0FC104307B66","2023-11-28 14:38:03"
"build_ninja\_deps\nlohmann_json-src\include\nlohmann\detail\iterators\primitive_iterator.hpp","3227","6C949107BB779CECB8BEBA0835F7292656B52B08C3F6A6D3B27229B58C28AEFE","2023-11-28 14:38:03"
"build_ninja\_deps\nlohmann_json-src\include\nlohmann\detail\meta\cpp_future.hpp","5178","486BA5A3724131D0C1646E36D9A4A9877505B2914078347E6067BB65593F01CE","2023-11-28 14:38:03"
"build_ninja\_deps\nlohmann_json-src\include\nlohmann\detail\meta\detected.hpp","2109","F79AA1F107E4DFD4554753E6FE05364A1147EF4498D3125CFC939A5534D2D527","2023-11-28 14:38:03"
"build_ninja\_deps\nlohmann_json-src\include\nlohmann\detail\meta\identity_tag.hpp","526","BBA9559DEC8519DE3044B537E96A59A601831797A5A3C38BF8023A6D949118D0","2023-11-28 14:38:03"
"build_ninja\_deps\nlohmann_json-src\include\nlohmann\detail\meta\is_sax.hpp","6960","1F81D6098B9AAD02A95C27EC333BBB13EEC3C5171B968E39B7ECB1B06B16C55B","2023-11-28 14:38:03"
"build_ninja\_deps\nlohmann_json-src\include\nlohmann\detail\meta\std_fs.hpp","766","FB514154EA8C11C04A00EFEB2E89EDBFD40F149ED39EF36568D9B2A1062E85E0","2023-11-28 14:38:03"
"build_ninja\_deps\nlohmann_json-src\include\nlohmann\detail\meta\type_traits.hpp","29454","1F901F9E4BCD585FF22C6B0C0956566BA8A4A1238A490A64E7755A2C313040D5","2023-11-28 14:38:03"
"build_ninja\_deps\nlohmann_json-src\include\nlohmann\detail\meta\void_t.hpp","597","581E7B157457EB9C488793F2CD7066B2C1BA31D5E9FEA6F0D67C8C732B5088E4","2023-11-28 14:38:03"
"build_ninja\_deps\nlohmann_json-src\include\nlohmann\detail\meta\call_std\begin.hpp","453","379660C15A30B84FF2A67E22734638F608CC37B34648461C7E9167DA1153D861","2023-11-28 14:38:03"
"build_ninja\_deps\nlohmann_json-src\include\nlohmann\detail\meta\call_std\end.hpp","451","DECA609BF200442F452B848C19F28EE30879DF0CA35E959ED3B41F861C92DF55","2023-11-28 14:38:03"
"build_ninja\_deps\nlohmann_json-src\include\nlohmann\detail\output\binary_writer.hpp","71152","665CE1EA5FB2CB425896B713BDD8D8D5A6D69688924FA6E2EFAFFB4E9D132011","2023-11-28 14:38:03"
"build_ninja\_deps\nlohmann_json-src\include\nlohmann\detail\output\output_adapters.hpp","4067","1E0BCC375B4D84180649198E2F8061F5968A10A6913231FEE097689D281ED565","2023-11-28 14:38:03"
"build_ninja\_deps\nlohmann_json-src\include\nlohmann\detail\output\serializer.hpp","40163","259C611D4B1147E3626D25BC05994B28F91F4FCCA2E578E486DCF51C0234E5C8","2023-11-28 14:38:03"
"build_ninja\_deps\nlohmann_json-src\include\nlohmann\thirdparty\hedley\hedley.hpp","86068","20D6C1C6D6C30365F68A45093798937971B593919FB3051431F0C015DFA671FB","2023-11-28 14:38:03"
"build_ninja\_deps\nlohmann_json-src\include\nlohmann\thirdparty\hedley\hedley_undef.hpp","5500","0F8902F26872F40A2514E9C9BE2FCEBFCE6CDE0022E9364FDDD17FB49575B146","2023-11-28 14:38:03"
"build_ninja\_deps\nlohmann_json-src\single_include\nlohmann\json.hpp","919975","9BEA4C8066EF4A1C206B2BE5A36302F8926F7FDC6087AF5D20B417D0CF103EA6","2023-11-28 14:38:03"
"build_ninja\_deps\nlohmann_json-src\single_include\nlohmann\json_fwd.hpp","6340","5CEFBBA751BAF5243033FD894C70BE9B37103D64B3D3A959E4173197D71137B9","2023-11-28 14:38:03"
"build_ninja\_deps\nlohmann_json-subbuild\.ninja_log","3187","DDE9383B1582A4D58276898C05D4B7B87FAB4B7B319A8573916B9AA0427588AE","2026-09-15 01:17:16"
"build_ninja\_deps\nlohmann_json-subbuild\build.ninja","18864","033802F25C001714F4FC55AB32882C2C5B59F9FE98505488B7F37DF921271B5E","2026-09-15 01:17:15"
"build_ninja\_deps\nlohmann_json-subbuild\CMakeCache.txt","5589","04E9C2292A77507D49486E7E54B5A4CA025720A9C8C9AC9BAB51FF7901004E74","2026-09-15 01:17:15"
"build_ninja\_deps\nlohmann_json-subbuild\CMakeLists.txt","1536","5191984F8F0DDCCDB10DEB41B208222329A6B6F27F2880B69F21C788E6606C89","2026-09-15 01:17:15"
"build_ninja\_deps\nlohmann_json-subbuild\cmake_install.cmake","1985","6C1AFDEEC7253944A38DF3BB6681560EFC77A21590129003A3947375B3B40412","2026-09-15 01:17:15"
"build_ninja\_deps\nlohmann_json-subbuild\CMakeFiles\cmake.check_cache","86","95079B44BCEF481D601432C2FD3C654D7FE85B9C8386C355F2874502B47441D7","2026-09-15 01:17:15"
"build_ninja\_deps\nlohmann_json-subbuild\CMakeFiles\CMakeConfigureLog.yaml","271","ECF712160B779608B83B769991FDA879E04498880AF245A3073EE7466823C663","2026-09-15 01:17:15"
"build_ninja\_deps\nlohmann_json-subbuild\CMakeFiles\InstallScripts.json","139","C2EAC2BC7F0378FAFD174E4A09ED8777BAF20E279317142D14E41481DB188AC2","2026-09-15 01:17:15"
"build_ninja\_deps\nlohmann_json-subbuild\CMakeFiles\nlohmann_json-populate-complete","0","E3B0C44298FC1C149AFBF4C8996FB92427AE41E4649B934CA495991B7852B855","2026-09-15 01:17:16"
"build_ninja\_deps\nlohmann_json-subbuild\CMakeFiles\rules.ninja","1663","F2003DA7EA4458BF9F964B916364CAB931225447A6608B05151E2A13CE63C164","2026-09-15 01:17:15"
"build_ninja\_deps\nlohmann_json-subbuild\CMakeFiles\TargetDirectories.txt","264","1E5CE15A381051B9AFC05791F4D8E2FD23E49E706345340BDE8BA720A0B12A9C","2026-09-15 01:17:15"
"build_ninja\_deps\nlohmann_json-subbuild\CMakeFiles\4.4.2\CMakeSystem.cmake","395","CB655F074177502B26612FA979EE72C606731A0B59F300E936EBBA161D8CCE09","2026-09-15 01:17:15"
"build_ninja\_deps\nlohmann_json-subbuild\CMakeFiles\nlohmann_json-populate.dir\Labels.json","1949","F92B3840FBA2681DE8E0FB5D958A53902D63E79DBAF339DE5AEEA19CFF1A8458","2026-09-15 01:17:15"
"build_ninja\_deps\nlohmann_json-subbuild\CMakeFiles\nlohmann_json-populate.dir\Labels.txt","1608","89F768BCDCD424917529D06D598C105F607CA6A730B9F1F9300F9D625BC0DF4E","2026-09-15 01:17:15"
"build_ninja\_deps\nlohmann_json-subbuild\nlohmann_json-populate-prefix\src\json.tar.xz","110988","D6C65ACA6B1ED68E7A182F4757257B107AE403032760ED6EF121C9D55E81757D","2026-09-15 01:17:16"
"build_ninja\_deps\nlohmann_json-subbuild\nlohmann_json-populate-prefix\src\nlohmann_json-populate-stamp\download-nlohmann_json-populate.cmake","5158","615AC8172B12055C62D52E827F5978401E5BDE3E85B4BAECE73089FEAD2EC3A6","2026-09-15 01:17:15"
"build_ninja\_deps\nlohmann_json-subbuild\nlohmann_json-populate-prefix\src\nlohmann_json-populate-stamp\extract-nlohmann_json-populate.cmake","1973","8BDD5A9793BB2C179A7DEA2DDBA9FEF2956B300FC4C290114FAF8A1F30F0F6D1","2026-09-15 01:17:15"
"build_ninja\_deps\nlohmann_json-subbuild\nlohmann_json-populate-prefix\src\nlohmann_json-populate-stamp\nlohmann_json-populate-build","0","E3B0C44298FC1C149AFBF4C8996FB92427AE41E4649B934CA495991B7852B855","2026-09-15 01:17:16"
"build_ninja\_deps\nlohmann_json-subbuild\nlohmann_json-populate-prefix\src\nlohmann_json-populate-stamp\nlohmann_json-populate-configure","0","E3B0C44298FC1C149AFBF4C8996FB92427AE41E4649B934CA495991B7852B855","2026-09-15 01:17:16"
"build_ninja\_deps\nlohmann_json-subbuild\nlohmann_json-populate-prefix\src\nlohmann_json-populate-stamp\nlohmann_json-populate-done","0","E3B0C44298FC1C149AFBF4C8996FB92427AE41E4649B934CA495991B7852B855","2026-09-15 01:17:16"
"build_ninja\_deps\nlohmann_json-subbuild\nlohmann_json-populate-prefix\src\nlohmann_json-populate-stamp\nlohmann_json-populate-download","0","E3B0C44298FC1C149AFBF4C8996FB92427AE41E4649B934CA495991B7852B855","2026-09-15 01:17:16"
"build_ninja\_deps\nlohmann_json-subbuild\nlohmann_json-populate-prefix\src\nlohmann_json-populate-stamp\nlohmann_json-populate-install","0","E3B0C44298FC1C149AFBF4C8996FB92427AE41E4649B934CA495991B7852B855","2026-09-15 01:17:16"
"build_ninja\_deps\nlohmann_json-subbuild\nlohmann_json-populate-prefix\src\nlohmann_json-populate-stamp\nlohmann_json-populate-mkdir","0","E3B0C44298FC1C149AFBF4C8996FB92427AE41E4649B934CA495991B7852B855","2026-09-15 01:17:15"
"build_ninja\_deps\nlohmann_json-subbuild\nlohmann_json-populate-prefix\src\nlohmann_json-populate-stamp\nlohmann_json-populate-patch","0","E3B0C44298FC1C149AFBF4C8996FB92427AE41E4649B934CA495991B7852B855","2026-09-15 01:17:16"
"build_ninja\_deps\nlohmann_json-subbuild\nlohmann_json-populate-prefix\src\nlohmann_json-populate-stamp\nlohmann_json-populate-patch-info.txt","234","1B65EC9FCBBD17A6161E1654B212A61E96B5AF8F684DB5B57CC9A34CCB8FC08A","2026-09-15 01:17:15"
"build_ninja\_deps\nlohmann_json-subbuild\nlohmann_json-populate-prefix\src\nlohmann_json-populate-stamp\nlohmann_json-populate-test","0","E3B0C44298FC1C149AFBF4C8996FB92427AE41E4649B934CA495991B7852B855","2026-09-15 01:17:16"
"build_ninja\_deps\nlohmann_json-subbuild\nlohmann_json-populate-prefix\src\nlohmann_json-populate-stamp\nlohmann_json-populate-update","0","E3B0C44298FC1C149AFBF4C8996FB92427AE41E4649B934CA495991B7852B855","2026-09-15 01:17:16"
"build_ninja\_deps\nlohmann_json-subbuild\nlohmann_json-populate-prefix\src\nlohmann_json-populate-stamp\nlohmann_json-populate-update-info.txt","270","1E7A50B58A848C38CCE229AFDCDDB502800991D383A5B52717831809448F316A","2026-09-15 01:17:15"
"build_ninja\_deps\nlohmann_json-subbuild\nlohmann_json-populate-prefix\src\nlohmann_json-populate-stamp\nlohmann_json-populate-urlinfo.txt","1155","8F6738EA9231B58A8069DAEAB554ECD968501CBDF5E3FA6E21D8E2856E596EB9","2026-09-15 01:17:15"
"build_ninja\_deps\nlohmann_json-subbuild\nlohmann_json-populate-prefix\src\nlohmann_json-populate-stamp\verify-nlohmann_json-populate.cmake","0","E3B0C44298FC1C149AFBF4C8996FB92427AE41E4649B934CA495991B7852B855","2026-09-15 01:17:15"
"build_ninja\_deps\nlohmann_json-subbuild\nlohmann_json-populate-prefix\tmp\nlohmann_json-populate-cfgcmd.txt","8","4338C530A76441CDA4F59C911C9FDF950E000F361B796FCD9DB755AAAE241FF9","2026-09-15 01:17:15"
"build_ninja\_deps\nlohmann_json-subbuild\nlohmann_json-populate-prefix\tmp\nlohmann_json-populate-mkdirs.cmake","1648","B994721011A1DF7A2B03EF13DDC268A66BEEA0494EF968AFB86C75DA523B9390","2026-09-15 01:17:15"
"build_ninja_release\CMakeCache.txt","43603","FD4B667345B38937D5BE672C4DA060662FE47C4B1CC208213245377B61F84BB2","2026-09-22 13:10:44"
"build_ninja_release\CMakeFiles\cmake.check_cache","86","95079B44BCEF481D601432C2FD3C654D7FE85B9C8386C355F2874502B47441D7","2026-09-22 13:10:44"
"build_ninja_release\CMakeFiles\CMakeConfigureLog.yaml","571938","5D861EF90D4AEBA90094851829F23598CE3E4D1CA3FE80F5F9410818D5DE3C86","2026-09-22 13:10:44"
"build_ninja_release\CMakeFiles\4.4.2\CMakeASM_MASMCompiler.cmake","1555","2854EEB905485DAFD438E0C81309CB5FEBF71AC879DD3B77F5823D872C31C841","2026-09-22 13:10:41"
"build_ninja_release\CMakeFiles\4.4.2\CMakeCCompiler.cmake","3433","AC464FA49275380D8836A0121B85375623E822C035DF70A068A554ADB61C3D20","2026-09-22 13:10:41"
"build_ninja_release\CMakeFiles\4.4.2\CMakeCXXCompiler.cmake","6749","697FF827E1571D62CF6ECBBB882AD023B2621575B55BE87159545332150C7E3C","2026-09-22 13:10:42"
"build_ninja_release\CMakeFiles\4.4.2\CMakeDetermineCompilerABI_C.bin","53248","8D80A5A5281B8A084A078F1D2B7EEB032F1233FFC3A61AFB594D25F73A7B94FE","2026-09-22 13:10:41"
"build_ninja_release\CMakeFiles\4.4.2\CMakeDetermineCompilerABI_CXX.bin","53248","B28947EF02ED2619581F4A237C11287D46A24FBC4EEFF2E3E07E3EB987EC58CF","2026-09-22 13:10:42"
"build_ninja_release\CMakeFiles\4.4.2\CMakeRCCompiler.cmake","276","F1C96E7B6BC035D04A44733638743F28BF70450E870A3095A55CFF6AD81924FA","2026-09-22 13:10:41"
"build_ninja_release\CMakeFiles\4.4.2\CMakeSystem.cmake","399","14F764C3F0C50603F951C55B1787FA383C48D641385221057CD4F25001C4B314","2026-09-22 13:10:40"
"build_ninja_release\CMakeFiles\4.4.2\CompilerIdC\CMakeCCompilerId.c","29974","6B712B317574A51D1D4F3A69F0722D9EF310910570FD191501CDD45655E061D3","2026-09-22 13:10:40"
"build_ninja_release\CMakeFiles\4.4.2\CompilerIdC\CMakeCCompilerId.exe","108032","AC54A4641979CAD109E4ADC107D5D408F6A2FE57B125485D8810DABC0ACB9575","2026-09-22 13:10:40"
"build_ninja_release\CMakeFiles\4.4.2\CompilerIdC\CMakeCCompilerId.obj","1943","718FF97DC9FD60E038B442B58A7E3D3A3413CAE79F7537E77302673FD306B6FA","2026-09-22 13:10:40"
"build_ninja_release\CMakeFiles\4.4.2\CompilerIdCXX\CMakeCXXCompilerId.cpp","30605","C260F5F6368FE636DA54C24D6ABD310AC6FCC3ACDC4BDC674D9B7223569A85EB","2026-09-22 13:10:40"
"build_ninja_release\CMakeFiles\4.4.2\CompilerIdCXX\CMakeCXXCompilerId.exe","108032","DE3E922E25A913C219F4216633359DB53E6F55FD9E2E4B1C35984779CA2F9D56","2026-09-22 13:10:40"
"build_ninja_release\CMakeFiles\4.4.2\CompilerIdCXX\CMakeCXXCompilerId.obj","2010","3E27FFB08B6C26A61D82161CD773BE6E72CD4B74AAEDEE1F6870FA93E897A34B","2026-09-22 13:10:40"
"build_ninja_release\CMakeFiles\ShowIncludes\foo.h","2","7EB70257593DA06F682A3DDDA54A9D260D4FC514F645237F5CA74B08F8DA61A6","2026-09-22 13:10:41"
"build_ninja_release\CMakeFiles\ShowIncludes\main.c","33","CDFAB295FC8E12C3ECFB6982F99058F032EE8284926AD71A829E70EA3BF02549","2026-09-22 13:10:41"
"build_ninja_release\CMakeFiles\ShowIncludes\main.obj","630","91811D6E5CA52552E5D6A0BBD4F3591B96790F6A090C7209719E7704F0EFC7C9","2026-09-22 13:10:41"
"build_ninja_release\_deps\nlohmann_json-build\nlohmann_json.pc","121","F1456363FD3ECD1A4903240387438C270DCE164167765C9676BF058DE1623CFC","2026-09-22 13:10:43"
"build_ninja_release\_deps\nlohmann_json-build\nlohmann_jsonConfig.cmake","635","A879DC2B648E17AC32836EF9013B5A6CF1234A74B9A60962CC081C3776C9F13F","2026-09-22 13:10:43"
"build_ninja_release\_deps\nlohmann_json-build\nlohmann_jsonConfigVersion.cmake","696","B6D73337D16D3DEB4B192056D1AC9E7E962929EC993F7F9652A949DE3D38CE8F","2026-09-22 13:10:43"
"build_ninja_release\_deps\nlohmann_json-src\CMakeLists.txt","7180","9A00F4234C7804AF1A8ABA619C28B7462B11683FD6628A0EA62CBC168764C87F","2023-11-28 14:38:03"
"build_ninja_release\_deps\nlohmann_json-src\LICENSE.MIT","1076","86B998C792894CCB911A1CB7994F7A9652894E7A094C0B5E45BE2F553F45CF14","2023-11-28 14:38:03"
"build_ninja_release\_deps\nlohmann_json-src\nlohmann_json.natvis","19578","162666E7AB4D725A6E9621F0D31097802B58B838E907AE5445C7C938FD0257B1","2023-11-28 14:38:03"
"build_ninja_release\_deps\nlohmann_json-src\cmake\config.cmake.in","710","DE73A6E0CDFC9CB1FC28A6156D7E2660F498C9F30AD7D4DE5600BA279DA0A3F3","2023-11-28 14:38:03"
"build_ninja_release\_deps\nlohmann_json-src\cmake\nlohmann_jsonConfigVersion.cmake.in","709","F3E940FC8846A483A5F35B9D47FA9AE700765B60A3D17EED2229A0BD7818F567","2023-11-28 14:38:03"
"build_ninja_release\_deps\nlohmann_json-src\cmake\pkg-config.pc.in","126","796C801C759EB4D5E165AFA2441481FFF5487A2FD35BBFCEC841367D9772F760","2023-11-28 14:38:03"
"build_ninja_release\_deps\nlohmann_json-src\include\nlohmann\adl_serializer.hpp","2279","242B578E1A41C97DEC6890BD88BDB824CDB76A9EDD849C108299A59469D327E0","2023-11-28 14:38:03"
"build_ninja_release\_deps\nlohmann_json-src\include\nlohmann\byte_container_with_subtype.hpp","3533","C7DC197CBB54B9168373B4B9A3E1CC57CC5583BFCF5008B722B363335BC53511","2023-11-28 14:38:03"
"build_ninja_release\_deps\nlohmann_json-src\include\nlohmann\json.hpp","198618","2432CBF7F4258453538ECA193CD937FC777462AE2CE8EE9F46E6EE460EF56BEA","2023-11-28 14:38:03"
"build_ninja_release\_deps\nlohmann_json-src\include\nlohmann\json_fwd.hpp","2541","C5B950B428534861B5869254FD773AFC724112FC9E141BD1FC89189640A3AE5D","2023-11-28 14:38:03"
"build_ninja_release\_deps\nlohmann_json-src\include\nlohmann\ordered_map.hpp","11692","31D1BB02500B734E09C27CE2CC216C8AF188344FBC19A6946AE301A12C7B62DF","2023-11-28 14:38:03"
"build_ninja_release\_deps\nlohmann_json-src\include\nlohmann\detail\abi_macros.hpp","3807","1C7DC7C5062B199A35853F4056ED00ED359EF8FA5C7FB15A58BC79598EC21422","2023-11-28 14:38:03"
"build_ninja_release\_deps\nlohmann_json-src\include\nlohmann\detail\exceptions.hpp","9267","55299C55106DE2624CA7AA6A5705AD6FF53814C1B52F8FE8D2872F13C956C95A","2023-11-28 14:38:03"
"build_ninja_release\_deps\nlohmann_json-src\include\nlohmann\detail\hash.hpp","4016","74A9E3AF772127CF0B12EE794ABC8C47B5BEA74CE658D0D20179A26BE5D95D0D","2023-11-28 14:38:03"
"build_ninja_release\_deps\nlohmann_json-src\include\nlohmann\detail\json_custom_base_class.hpp","1178","70DA7C5B17777F8DA6D83310D6526856542585EFA8A078DB61227B11AAF9EC0B","2023-11-28 14:38:03"
"build_ninja_release\_deps\nlohmann_json-src\include\nlohmann\detail\json_pointer.hpp","37143","4CF537AD88B2D686D5A349B26DA7E012BA9A58B01A0AB2BADAA796D9150E69BB","2023-11-28 14:38:03"
"build_ninja_release\_deps\nlohmann_json-src\include\nlohmann\detail\json_ref.hpp","1811","1660750DD10A562AAC1EEA37021F1E7138A5D6D50B051815708497A8D30BF60D","2023-11-28 14:38:03"
"build_ninja_release\_deps\nlohmann_json-src\include\nlohmann\detail\macro_scope.hpp","43639","70D2B2AA49A93170DED3D0C0D1B0F76103FDD09704BA5ECC862BC03095920847","2023-11-28 14:38:03"
"build_ninja_release\_deps\nlohmann_json-src\include\nlohmann\detail\macro_unscope.hpp","1252","5F7040DF475E2C943D9B22C335B61600DEB14B1E48A69B3450DE4C4A08C320BC","2023-11-28 14:38:03"
"build_ninja_release\_deps\nlohmann_json-src\include\nlohmann\detail\string_concat.hpp","5951","E8001630045F800C0EBCFC19E2B2F90139A4D20A9A359E134657767FD6FA9AA2","2023-11-28 14:38:03"
"build_ninja_release\_deps\nlohmann_json-src\include\nlohmann\detail\string_escape.hpp","2168","3BF6687FFA7F6FD3034591ADFDD6EA073584DF83694C6B57FEED9ADA965801E7","2023-11-28 14:38:03"
"build_ninja_release\_deps\nlohmann_json-src\include\nlohmann\detail\value_t.hpp","4326","60A7E24B34E93B8BA40EECF310A40C55042754328271C246F9CC1069F6A25958","2023-11-28 14:38:03"
"build_ninja_release\_deps\nlohmann_json-src\include\nlohmann\detail\conversions\from_json.hpp","18880","B37CED0BA32F8AC5834B4C96058CA5E445BCCEA27F46299A359EED0ECBF2E58E","2023-11-28 14:38:03"
"build_ninja_release\_deps\nlohmann_json-src\include\nlohmann\detail\conversions\to_chars.hpp","38562","5FE11205C45DBD08373244D743F38E89CEEFB8C9B5FC4C68077117C786D53BEF","2023-11-28 14:38:03"
"build_ninja_release\_deps\nlohmann_json-src\include\nlohmann\detail\conversions\to_json.hpp","16274","73BAD524856D475A6071FD7B5422F80DF13BA7586F0D4B48141C2EC60CEBCF89","2023-11-28 14:38:03"
"build_ninja_release\_deps\nlohmann_json-src\include\nlohmann\detail\input\binary_reader.hpp","103146","484BCC276C4FA6C7C61A93A8223F3E53BB4DC966E688E96641A93A50D7E503E9","2023-11-28 14:38:03"
"build_ninja_release\_deps\nlohmann_json-src\include\nlohmann\detail\input\input_adapters.hpp","17402","BD549419506089C82C94446F939587362FF01516B8E6624C472E704D27B1BE42","2023-11-28 14:38:03"
"build_ninja_release\_deps\nlohmann_json-src\include\nlohmann\detail\input\json_sax.hpp","21420","9147C9D07784A5F3DE890D68401AE07D03D0BC0DB24EBCBE7BEB8A31CFD858A0","2023-11-28 14:38:03"
"build_ninja_release\_deps\nlohmann_json-src\include\nlohmann\detail\input\lexer.hpp","54569","550C275F09D55DEB1705B97B8A15B02F211EA0BA87E95452E7A023B854BB024C","2023-11-28 14:38:03"
"build_ninja_release\_deps\nlohmann_json-src\include\nlohmann\detail\input\parser.hpp","19661","094AED22CFDD641AC15EF59BFEF8DD1E23FD92373633A92ED928CB580F0CBD7E","2023-11-28 14:38:03"
"build_ninja_release\_deps\nlohmann_json-src\include\nlohmann\detail\input\position_t.hpp","958","0C9C5BE26020C0A7929F3CC1E7E0065589D6A8F4DC1BD2EE13F10EF1A7EFAA24","2023-11-28 14:38:03"
"build_ninja_release\_deps\nlohmann_json-src\include\nlohmann\detail\iterators\internal_iterator.hpp","1071","E75CF5E3C9AE358055BF3335FA2C5B6BBFBD1E24EA3DFDB62C187F37A8E2B485","2023-11-28 14:38:03"
"build_ninja_release\_deps\nlohmann_json-src\include\nlohmann\detail\iterators\iteration_proxy.hpp","8238","839EFBA147F6F15C693C741039DAA3D383C2F4AFB8FE653E4DAD49A9F998D1D1","2023-11-28 14:38:03"
"build_ninja_release\_deps\nlohmann_json-src\include\nlohmann\detail\iterators\iterator_traits.hpp","1757","04B0EDAEB214AA1C932B9078849A8FBBBDA9C7A241B4CBC28A90B6D11C959443","2023-11-28 14:38:03"
"build_ninja_release\_deps\nlohmann_json-src\include\nlohmann\detail\iterators\iter_impl.hpp","24046","70D81EBB931DB43A19FE3872A3FB1BC91FAB27509C8D29EE4C4DD247B384CAE1","2023-11-28 14:38:03"
"build_ninja_release\_deps\nlohmann_json-src\include\nlohmann\detail\iterators\json_reverse_iterator.hpp","3861","031B45C4F90AB7D64ECB6606FAD880D867A23FC63A431F0DE34F0FC104307B66","2023-11-28 14:38:03"
"build_ninja_release\_deps\nlohmann_json-src\include\nlohmann\detail\iterators\primitive_iterator.hpp","3227","6C949107BB779CECB8BEBA0835F7292656B52B08C3F6A6D3B27229B58C28AEFE","2023-11-28 14:38:03"
"build_ninja_release\_deps\nlohmann_json-src\include\nlohmann\detail\meta\cpp_future.hpp","5178","486BA5A3724131D0C1646E36D9A4A9877505B2914078347E6067BB65593F01CE","2023-11-28 14:38:03"
"build_ninja_release\_deps\nlohmann_json-src\include\nlohmann\detail\meta\detected.hpp","2109","F79AA1F107E4DFD4554753E6FE05364A1147EF4498D3125CFC939A5534D2D527","2023-11-28 14:38:03"
"build_ninja_release\_deps\nlohmann_json-src\include\nlohmann\detail\meta\identity_tag.hpp","526","BBA9559DEC8519DE3044B537E96A59A601831797A5A3C38BF8023A6D949118D0","2023-11-28 14:38:03"
"build_ninja_release\_deps\nlohmann_json-src\include\nlohmann\detail\meta\is_sax.hpp","6960","1F81D6098B9AAD02A95C27EC333BBB13EEC3C5171B968E39B7ECB1B06B16C55B","2023-11-28 14:38:03"
"build_ninja_release\_deps\nlohmann_json-src\include\nlohmann\detail\meta\std_fs.hpp","766","FB514154EA8C11C04A00EFEB2E89EDBFD40F149ED39EF36568D9B2A1062E85E0","2023-11-28 14:38:03"
"build_ninja_release\_deps\nlohmann_json-src\include\nlohmann\detail\meta\type_traits.hpp","29454","1F901F9E4BCD585FF22C6B0C0956566BA8A4A1238A490A64E7755A2C313040D5","2023-11-28 14:38:03"
"build_ninja_release\_deps\nlohmann_json-src\include\nlohmann\detail\meta\void_t.hpp","597","581E7B157457EB9C488793F2CD7066B2C1BA31D5E9FEA6F0D67C8C732B5088E4","2023-11-28 14:38:03"
"build_ninja_release\_deps\nlohmann_json-src\include\nlohmann\detail\meta\call_std\begin.hpp","453","379660C15A30B84FF2A67E22734638F608CC37B34648461C7E9167DA1153D861","2023-11-28 14:38:03"
"build_ninja_release\_deps\nlohmann_json-src\include\nlohmann\detail\meta\call_std\end.hpp","451","DECA609BF200442F452B848C19F28EE30879DF0CA35E959ED3B41F861C92DF55","2023-11-28 14:38:03"
"build_ninja_release\_deps\nlohmann_json-src\include\nlohmann\detail\output\binary_writer.hpp","71152","665CE1EA5FB2CB425896B713BDD8D8D5A6D69688924FA6E2EFAFFB4E9D132011","2023-11-28 14:38:03"
"build_ninja_release\_deps\nlohmann_json-src\include\nlohmann\detail\output\output_adapters.hpp","4067","1E0BCC375B4D84180649198E2F8061F5968A10A6913231FEE097689D281ED565","2023-11-28 14:38:03"
"build_ninja_release\_deps\nlohmann_json-src\include\nlohmann\detail\output\serializer.hpp","40163","259C611D4B1147E3626D25BC05994B28F91F4FCCA2E578E486DCF51C0234E5C8","2023-11-28 14:38:03"
"build_ninja_release\_deps\nlohmann_json-src\include\nlohmann\thirdparty\hedley\hedley.hpp","86068","20D6C1C6D6C30365F68A45093798937971B593919FB3051431F0C015DFA671FB","2023-11-28 14:38:03"
"build_ninja_release\_deps\nlohmann_json-src\include\nlohmann\thirdparty\hedley\hedley_undef.hpp","5500","0F8902F26872F40A2514E9C9BE2FCEBFCE6CDE0022E9364FDDD17FB49575B146","2023-11-28 14:38:03"
"build_ninja_release\_deps\nlohmann_json-src\single_include\nlohmann\json.hpp","919975","9BEA4C8066EF4A1C206B2BE5A36302F8926F7FDC6087AF5D20B417D0CF103EA6","2023-11-28 14:38:03"
"build_ninja_release\_deps\nlohmann_json-src\single_include\nlohmann\json_fwd.hpp","6340","5CEFBBA751BAF5243033FD894C70BE9B37103D64B3D3A959E4173197D71137B9","2023-11-28 14:38:03"
"build_ninja_release\_deps\nlohmann_json-subbuild\.ninja_log","3255","2024D6F6891901CB2A85795FADDBAD768D0B3B033420A0B16524744728909F35","2026-09-22 13:10:43"
"build_ninja_release\_deps\nlohmann_json-subbuild\build.ninja","19136","6762A62727C268A68F222074B3B52F9B8286159067D58583E1E4A217CEF32893","2026-09-22 13:10:42"
"build_ninja_release\_deps\nlohmann_json-subbuild\CMakeCache.txt","5637","E026ECB16973A8D7A20F9EE06B2E6EA69A78FE210BB11EAF9A06413B95C9BF0A","2026-09-22 13:10:42"
"build_ninja_release\_deps\nlohmann_json-subbuild\CMakeLists.txt","1552","655ADFAA7C8236264B927F1110DD50B093879FC52334E80F0D4B4AF06A5AF7E0","2026-09-22 13:10:42"
"build_ninja_release\_deps\nlohmann_json-subbuild\cmake_install.cmake","2009","CA080617D7FBAB521B5BDE852969404DD4EC85846402C84C08B24CB6DC3D4A94","2026-09-22 13:10:42"
"build_ninja_release\_deps\nlohmann_json-subbuild\CMakeFiles\cmake.check_cache","86","95079B44BCEF481D601432C2FD3C654D7FE85B9C8386C355F2874502B47441D7","2026-09-22 13:10:42"
"build_ninja_release\_deps\nlohmann_json-subbuild\CMakeFiles\CMakeConfigureLog.yaml","271","ECF712160B779608B83B769991FDA879E04498880AF245A3073EE7466823C663","2026-09-22 13:10:42"
"build_ninja_release\_deps\nlohmann_json-subbuild\CMakeFiles\InstallScripts.json","147","0BA64B4D672110180A5CE3FB4DD69E57AF6D0BD7302E942EB642B33A4E42F78E","2026-09-22 13:10:42"
"build_ninja_release\_deps\nlohmann_json-subbuild\CMakeFiles\nlohmann_json-populate-complete","0","E3B0C44298FC1C149AFBF4C8996FB92427AE41E4649B934CA495991B7852B855","2026-09-22 13:10:43"
"build_ninja_release\_deps\nlohmann_json-subbuild\CMakeFiles\rules.ninja","1679","A9CE5135E4FB8B12F77A77820E0B2F727CC425CD51DEE31E821BF0C7F7BCB56E","2026-09-22 13:10:42"
"build_ninja_release\_deps\nlohmann_json-subbuild\CMakeFiles\TargetDirectories.txt","288","D12A09FDE310D6FB671E08D695307908A3C6A803182CB8793E1C20F6076DA120","2026-09-22 13:10:42"
"build_ninja_release\_deps\nlohmann_json-subbuild\CMakeFiles\4.4.2\CMakeSystem.cmake","395","CB655F074177502B26612FA979EE72C606731A0B59F300E936EBBA161D8CCE09","2026-09-22 13:10:42"
"build_ninja_release\_deps\nlohmann_json-subbuild\CMakeFiles\nlohmann_json-populate.dir\Labels.json","2037","9075EF1D4644CD87A4AD0B28B6D17F22D5CA37BA178DF481846CEF7640DB1557","2026-09-22 13:10:42"
"build_ninja_release\_deps\nlohmann_json-subbuild\CMakeFiles\nlohmann_json-populate.dir\Labels.txt","1696","E85EBB057260BD672EBB15D36C9488A906CFCD2E273551A624F03180CD312E3F","2026-09-22 13:10:42"
"build_ninja_release\_deps\nlohmann_json-subbuild\nlohmann_json-populate-prefix\src\json.tar.xz","110988","D6C65ACA6B1ED68E7A182F4757257B107AE403032760ED6EF121C9D55E81757D","2026-09-22 13:10:43"
"build_ninja_release\_deps\nlohmann_json-subbuild\nlohmann_json-populate-prefix\src\nlohmann_json-populate-stamp\download-nlohmann_json-populate.cmake","5246","96FFE92795FEEEAFC678591752F071F2A4700C60290E92694FBB3F555DC36BD5","2026-09-22 13:10:42"
"build_ninja_release\_deps\nlohmann_json-subbuild\nlohmann_json-populate-prefix\src\nlohmann_json-populate-stamp\extract-nlohmann_json-populate.cmake","1989","C150151EF892AA57EFC3813BBBB8BFFF10E5AABCFAA18E9D3565A37FC80B41DC","2026-09-22 13:10:42"
"build_ninja_release\_deps\nlohmann_json-subbuild\nlohmann_json-populate-prefix\src\nlohmann_json-populate-stamp\nlohmann_json-populate-build","0","E3B0C44298FC1C149AFBF4C8996FB92427AE41E4649B934CA495991B7852B855","2026-09-22 13:10:43"
"build_ninja_release\_deps\nlohmann_json-subbuild\nlohmann_json-populate-prefix\src\nlohmann_json-populate-stamp\nlohmann_json-populate-configure","0","E3B0C44298FC1C149AFBF4C8996FB92427AE41E4649B934CA495991B7852B855","2026-09-22 13:10:43"
"build_ninja_release\_deps\nlohmann_json-subbuild\nlohmann_json-populate-prefix\src\nlohmann_json-populate-stamp\nlohmann_json-populate-done","0","E3B0C44298FC1C149AFBF4C8996FB92427AE41E4649B934CA495991B7852B855","2026-09-22 13:10:43"
"build_ninja_release\_deps\nlohmann_json-subbuild\nlohmann_json-populate-prefix\src\nlohmann_json-populate-stamp\nlohmann_json-populate-download","0","E3B0C44298FC1C149AFBF4C8996FB92427AE41E4649B934CA495991B7852B855","2026-09-22 13:10:43"
"build_ninja_release\_deps\nlohmann_json-subbuild\nlohmann_json-populate-prefix\src\nlohmann_json-populate-stamp\nlohmann_json-populate-install","0","E3B0C44298FC1C149AFBF4C8996FB92427AE41E4649B934CA495991B7852B855","2026-09-22 13:10:43"
"build_ninja_release\_deps\nlohmann_json-subbuild\nlohmann_json-populate-prefix\src\nlohmann_json-populate-stamp\nlohmann_json-populate-mkdir","0","E3B0C44298FC1C149AFBF4C8996FB92427AE41E4649B934CA495991B7852B855","2026-09-22 13:10:42"
"build_ninja_release\_deps\nlohmann_json-subbuild\nlohmann_json-populate-prefix\src\nlohmann_json-populate-stamp\nlohmann_json-populate-patch","0","E3B0C44298FC1C149AFBF4C8996FB92427AE41E4649B934CA495991B7852B855","2026-09-22 13:10:43"
"build_ninja_release\_deps\nlohmann_json-subbuild\nlohmann_json-populate-prefix\src\nlohmann_json-populate-stamp\nlohmann_json-populate-patch-info.txt","234","1B65EC9FCBBD17A6161E1654B212A61E96B5AF8F684DB5B57CC9A34CCB8FC08A","2026-09-22 13:10:42"
"build_ninja_release\_deps\nlohmann_json-subbuild\nlohmann_json-populate-prefix\src\nlohmann_json-populate-stamp\nlohmann_json-populate-test","0","E3B0C44298FC1C149AFBF4C8996FB92427AE41E4649B934CA495991B7852B855","2026-09-22 13:10:43"
"build_ninja_release\_deps\nlohmann_json-subbuild\nlohmann_json-populate-prefix\src\nlohmann_json-populate-stamp\nlohmann_json-populate-update","0","E3B0C44298FC1C149AFBF4C8996FB92427AE41E4649B934CA495991B7852B855","2026-09-22 13:10:43"
"build_ninja_release\_deps\nlohmann_json-subbuild\nlohmann_json-populate-prefix\src\nlohmann_json-populate-stamp\nlohmann_json-populate-update-info.txt","270","1E7A50B58A848C38CCE229AFDCDDB502800991D383A5B52717831809448F316A","2026-09-22 13:10:42"
"build_ninja_release\_deps\nlohmann_json-subbuild\nlohmann_json-populate-prefix\src\nlohmann_json-populate-stamp\nlohmann_json-populate-urlinfo.txt","1195","803188ABC1B1737A25DAFD620D7E03C0C387751FE1411B23ABEA86F7C6780F7F","2026-09-22 13:10:42"
"build_ninja_release\_deps\nlohmann_json-subbuild\nlohmann_json-populate-prefix\src\nlohmann_json-populate-stamp\verify-nlohmann_json-populate.cmake","0","E3B0C44298FC1C149AFBF4C8996FB92427AE41E4649B934CA495991B7852B855","2026-09-22 13:10:42"
"build_ninja_release\_deps\nlohmann_json-subbuild\nlohmann_json-populate-prefix\tmp\nlohmann_json-populate-cfgcmd.txt","8","4338C530A76441CDA4F59C911C9FDF950E000F361B796FCD9DB755AAAE241FF9","2026-09-22 13:10:42"
"build_ninja_release\_deps\nlohmann_json-subbuild\nlohmann_json-populate-prefix\tmp\nlohmann_json-populate-mkdirs.cmake","1728","3E3BEADC2884D2276253B1685B2B5DB79C5602710ECC9C08D3175F884B94F5E7","2026-09-22 13:10:42"
"build_p1pra_ninja\.ninja_deps","33936","3C7E3B28DF9A88D92579A4BF82279AC10E07FD17420B2968C742F2FA254179FB","2026-09-22 00:03:51"
"build_p1pra_ninja\.ninja_log","19763","A64E946BAD898BC4817BFDB722B473FD7B95A8408925A090BF4693239060430C","2026-09-22 00:03:51"
"build_p1pra_ninja\build.ninja","3195347","752EA11229F1FDFE9FD4C7EBAC1613B3EA462C1B86258121AC78EB389B9C32DB","2026-09-22 00:03:41"
"build_p1pra_ninja\CMakeCache.txt","43872","31DC7FE05698569F3197F5523EDCA49A7D654B48C9FCE199C25A2FC44EDB2CCB","2026-09-22 01:02:44"
"build_p1pra_ninja\cmake_install.cmake","2985","A83F6857F0E824769321E32FCEF9C6110C09CAF00D28794B0D0BB9011B95C1A6","2026-09-22 00:03:40"
"build_p1pra_ninja\InferenceEngine.lib","18452704","DDBD5AFFCAC15551B32A6CD2BFBF27A9703E7B42B0DFAB44E322FCFC0FA24AFD","2026-09-21 23:53:14"
"build_p1pra_ninja\bin\RawrXD-Win32IDE.pdb","14708736","907E55A6F4F485805C7166872F1E92EFC09F7AEC205C4CADD1E387F945425F2F","2026-09-22 00:03:48"
"build_p1pra_ninja\CMakeFiles\cmake.check_cache","86","95079B44BCEF481D601432C2FD3C654D7FE85B9C8386C355F2874502B47441D7","2026-09-22 01:05:58"
"build_p1pra_ninja\CMakeFiles\CMakeConfigureLog.yaml","630436","77AC63557921837610D34D8B1100BF374DC80C2CDD28F4998C111438428FC8C7","2026-09-22 01:05:58"
"build_p1pra_ninja\CMakeFiles\InstallScripts.json","570","8A31C48CE9B8647D84AB733A63206CB9C11EAA8FC7AC42737178D6DEEF5FF894","2026-09-22 00:03:41"
"build_p1pra_ninja\CMakeFiles\rules.ninja","150986","ED77487BCD327ABF25065B93A9C0ECC8FC3AC4D0B652D32414B52E34E0A77727","2026-09-22 00:03:41"
"build_p1pra_ninja\CMakeFiles\TargetDirectories.txt","8186","C2D44AE7F2A51D1B88A907A020F24B9181EB2603AFB7125968F077CD0B74D605","2026-09-22 00:03:41"
"build_p1pra_ninja\CMakeFiles\4.4.2\CMakeASM_MASMCompiler.cmake","1555","2854EEB905485DAFD438E0C81309CB5FEBF71AC879DD3B77F5823D872C31C841","2026-09-21 02:19:47"
"build_p1pra_ninja\CMakeFiles\4.4.2\CMakeCCompiler.cmake","3433","AC464FA49275380D8836A0121B85375623E822C035DF70A068A554ADB61C3D20","2026-09-21 02:19:48"
"build_p1pra_ninja\CMakeFiles\4.4.2\CMakeCXXCompiler.cmake","6749","697FF827E1571D62CF6ECBBB882AD023B2621575B55BE87159545332150C7E3C","2026-09-21 02:19:49"
"build_p1pra_ninja\CMakeFiles\4.4.2\CMakeDetermineCompilerABI_C.bin","53248","51957937CC5751B2209FB82A1181CDE24018DA9C45B521651A4B6D2CC3549B63","2026-09-21 02:19:48"
"build_p1pra_ninja\CMakeFiles\4.4.2\CMakeDetermineCompilerABI_CXX.bin","53248","B5E52B53EE3C8394C0393A13CA46DE5D39CC74D7FA4E3C0F9ADA3E2045626D55","2026-09-21 02:19:49"
"build_p1pra_ninja\CMakeFiles\4.4.2\CMakeRCCompiler.cmake","276","F1C96E7B6BC035D04A44733638743F28BF70450E870A3095A55CFF6AD81924FA","2026-09-21 02:19:47"
"build_p1pra_ninja\CMakeFiles\4.4.2\CMakeSystem.cmake","399","14F764C3F0C50603F951C55B1787FA383C48D641385221057CD4F25001C4B314","2026-09-21 02:19:47"
"build_p1pra_ninja\CMakeFiles\4.4.2\CompilerIdC\CMakeCCompilerId.c","29974","6B712B317574A51D1D4F3A69F0722D9EF310910570FD191501CDD45655E061D3","2026-09-21 02:19:47"
"build_p1pra_ninja\CMakeFiles\4.4.2\CompilerIdC\CMakeCCompilerId.exe","108032","7CBF03847194EAF5C0162C435B8B5DC33B4E0375973F4A1BC29CC621D0C47905","2026-09-21 02:19:47"
"build_p1pra_ninja\CMakeFiles\4.4.2\CompilerIdC\CMakeCCompilerId.obj","1939","D1C37607D85A42E966C843CB35F3DE78343E79E1FE0FEEA2629EE3B25443A327","2026-09-21 02:19:47"
"build_p1pra_ninja\CMakeFiles\4.4.2\CompilerIdCXX\CMakeCXXCompilerId.cpp","30605","C260F5F6368FE636DA54C24D6ABD310AC6FCC3ACDC4BDC674D9B7223569A85EB","2026-09-21 02:19:47"
"build_p1pra_ninja\CMakeFiles\4.4.2\CompilerIdCXX\CMakeCXXCompilerId.exe","108032","F1C454229A316877EBC6E7EBB7355C74FFA7BFCA277BA07BD0DC08188A86206B","2026-09-21 02:19:47"
"build_p1pra_ninja\CMakeFiles\4.4.2\CompilerIdCXX\CMakeCXXCompilerId.obj","2006","3DFBE11014CB397F808E2DC2485C70ED3034FE71B9287CBDACD6A0B6C3F13EFE","2026-09-21 02:19:47"
"build_p1pra_ninja\CMakeFiles\InferenceEngine.dir\B014\build\b014_profiler.cpp.obj","662","91EC6A9A3A9F2B9A444186D5A83AB5CFD24838A588BB222D6BDF2ED4CE7F1EB3","2026-09-21 06:06:30"
"build_p1pra_ninja\CMakeFiles\InferenceEngine.dir\src\gguf_loader.cpp.obj","650","C87829933B5A35A7D8BEA94AFC59516003C374CD68AA044C983B1F4597D44C2F","2026-09-21 06:06:30"
"build_p1pra_ninja\CMakeFiles\InferenceEngine.dir\src\gguf_vocab_resolver.cpp.obj","658","EBFB5AB38BA1C67D94B2313108FFC7AF669AE0300BA5789D730ADFEBF18687EC","2026-09-21 06:06:30"
"build_p1pra_ninja\CMakeFiles\InferenceEngine.dir\src\rawrxd_model_loader.cpp.obj","32172","7E39FD3A84F4EA30144B19306EA03274D1FBAB17985E942E6ABF007DA9D524F4","2026-09-21 07:46:59"
"build_p1pra_ninja\CMakeFiles\InferenceEngine.dir\src\rawrxd_sampler.cpp.obj","654","6BD4A6E3D068999535923507AA549FF080E5E764463AB52AEDA25BCACCB351B2","2026-09-21 06:06:30"
"build_p1pra_ninja\CMakeFiles\InferenceEngine.dir\src\rawrxd_tokenizer.cpp.obj","658","43C4ADCDBC12AD4439D665E59913EA46FBE5F2A6211E5BBFA13D32340572CD33","2026-09-21 06:06:30"
"build_p1pra_ninja\CMakeFiles\InferenceEngine.dir\src\rawrxd_transformer.cpp.obj","658","24CDCFD3A4F973E70FC30F2671029EF7C019D27FBFC387FC9E9C612ECA887CEC","2026-09-21 06:06:30"
"build_p1pra_ninja\CMakeFiles\InferenceEngine.dir\src\rawrxd_transformer_forwardbatch.cpp.obj","670","AFC8B1DDA2A46DF4A72BF7435892D7EF826B765D1518C17AF50C14A2DC7DAF9C","2026-09-21 06:06:30"
"build_p1pra_ninja\CMakeFiles\InferenceEngine.dir\src\core\AmdGpuPowerBackend.cpp.obj","401210","15F073E00602A124121B4EF37D238E9E38041216ABA1A2515493684A4179B89A","2026-09-21 07:47:00"
"build_p1pra_ninja\CMakeFiles\InferenceEngine.dir\src\core\ConfigurationValidator.cpp.obj","1101258","FB1393624D1725AB67C1E972F27C07CDC56E24B913AF716AB9634B1CBE7FDF85","2026-09-21 06:06:32"
"build_p1pra_ninja\CMakeFiles\InferenceEngine.dir\src\core\engine_registry.cpp.obj","219526","14CBFEEF1832B89178BA713A49466F107C55B5A718A0623CA5E732510CDE69A5","2026-09-21 06:06:30"
"build_p1pra_ninja\CMakeFiles\InferenceEngine.dir\src\core\enterprise_licensev2_impl.cpp.obj","59443","E541A21A492BC42ED79AB12689CC8DC988627304865DC00F70495442EB45D879","2026-09-21 23:51:38"
"build_p1pra_ninja\CMakeFiles\InferenceEngine.dir\src\core\gguf_swarm_plan_builder.cpp.obj","428753","39E1F33B90237DBB79EB66F209DBC4DC63B4D5203068F6C05C463EDE6F328976","2026-09-21 14:56:26"
"build_p1pra_ninja\CMakeFiles\InferenceEngine.dir\src\core\GpuDecodeEfficiency.cpp.obj","620122","D620327E399A2D1600EE04816786594392C522D1D5901D01BBE8433279F1B44D","2026-09-21 14:56:26"
"build_p1pra_ninja\CMakeFiles\InferenceEngine.dir\src\core\ignite_800b.cpp.obj","1758","1F6F2E30E44B8F5F6FE79FDBE87A8A848F445C89195D9894420046F98CC22401","2026-09-21 22:07:19"
"build_p1pra_ninja\CMakeFiles\InferenceEngine.dir\src\core\layer_offload_manager.cpp.obj","984781","7E898DB3F2A361F0A04BE29280696911B46733ACFF7C633B4C422CE38A7321A3","2026-09-21 23:51:41"
"build_p1pra_ninja\CMakeFiles\InferenceEngine.dir\src\core\license_anti_tampering.cpp.obj","24156","720A8996229012EBFCA3B8D8D9CA8E52CC8AF584C8AB5A1804E65F2EA4AA9F20","2026-09-21 23:51:38"
"build_p1pra_ninja\CMakeFiles\InferenceEngine.dir\src\core\link_stubs.cpp.obj","1004","630FE89CB352D542C623415C58CD882D0DCEF742B6BC010CCF611EAAEC5CCA77","2026-09-21 06:06:30"
"build_p1pra_ninja\CMakeFiles\InferenceEngine.dir\src\core\memory_stubs.cpp.obj","4275","768E399621B56BD6D70CF0F5ECD7211BC96BB59FBE1E78ADC61C75FFF3936039","2026-09-21 06:06:30"
"build_p1pra_ninja\CMakeFiles\InferenceEngine.dir\src\core\swarm_scheduler.cpp.obj","1275476","8FE2AA82F3BBB9E985D3174C391DDE0016A635E0457903725A482366ADE0FD5E","2026-09-21 14:56:27"
"build_p1pra_ninja\CMakeFiles\InferenceEngine.dir\src\deep2\d2_engine_ssvk_decode_bind.c.obj","5068","BF61676F11419A49BD0E31B38E25BC7E67B63C864CD012529B5565BA283EF907","2026-09-21 08:11:55"
"build_p1pra_ninja\CMakeFiles\InferenceEngine.dir\src\deep2\Deep2DualGpuRowSplit.cpp.obj","653164","270866252BAA7CC33962C0114E5D9D97066F689FFB3D6B14C34CDBC331791E59","2026-09-21 07:47:02"
"build_p1pra_ninja\CMakeFiles\InferenceEngine.dir\src\deep2\Deep2Engine.cpp.obj","3159929","FD4B0BB7BA427977EC3E25371A0816333CDF3C13388351B99DA94F3BF29B1F71","2026-09-21 06:06:34"
"build_p1pra_ninja\CMakeFiles\InferenceEngine.dir\src\deep2\Deep2Engine_GpuForward.cpp.obj","285872","2A2D9B9DE453022BD8C9EF1D0CC89B9D308F47C41B942CD244B215336A625E38","2026-09-21 07:47:03"
"build_p1pra_ninja\CMakeFiles\InferenceEngine.dir\src\deep2\Deep2Engine_GpuMoEMLA.cpp.obj","1096445","FEEEBD1C4CEBA20F918F65E939D6648D85BD0FEDBC621EC3D604FDACF006EFA9","2026-09-21 07:47:02"
"build_p1pra_ninja\CMakeFiles\InferenceEngine.dir\src\deep2\Deep2Engine_SsVkDecodeBind.cpp.obj","70644","A246D2F4A9247A47DEE0DC90325E113CE4817A7B064819715C35AB264A040C35","2026-09-21 07:47:02"
"build_p1pra_ninja\CMakeFiles\InferenceEngine.dir\src\deep2\Deep2Engine_VulkanRuntime.cpp.obj","382147","9F8B2A915A7C32BD4455F2DE6E4067C98F3006BBAF16829936089AB2B1703567","2026-09-21 07:47:02"
"build_p1pra_ninja\CMakeFiles\InferenceEngine.dir\src\deep2\Deep2MultiGpuLayerPlan.cpp.obj","1020","77FAEA55783795B57F935DD27E77B79D5867D043485C3F0521B533ABFCBDAF8C","2026-09-21 07:46:59"
"build_p1pra_ninja\CMakeFiles\InferenceEngine.dir\src\deep2\QuantKernelRegistry.cpp.obj","753766","44BC0C249C16B4F8B60CD5D2B8807113F48AF562E1E686D2BD68A2F4C4E4F56E","2026-09-21 06:06:32"
"build_p1pra_ninja\CMakeFiles\InferenceEngine.dir\src\deep2\vulkan_compute.cpp.obj","2197889","6116AA87C767B144BE2D1DA6CD02E481C4B67F4A213D72A7F36D06F4338CC385","2026-09-21 07:47:02"
"build_p1pra_ninja\CMakeFiles\InferenceEngine.dir\src\inference\NegativeSpaceProfiler.cpp.obj","670","448C78B1398047172AE04FF91E1BD9EDD5800E1CE98BAAABBC813D44E5F1DD79","2026-09-21 06:06:30"
"build_p1pra_ninja\CMakeFiles\InferenceEngine.dir\src\logging\Logger.cpp.obj","654","889ACB45873C10D9EEEAABCF9E3CC876AD5B4D6D455FFED677465E6AF628FE14","2026-09-21 06:06:30"
"build_p1pra_ninja\CMakeFiles\InferenceEngine.dir\src\runtime\StreamRouterAdapter.cpp.obj","666","31AC15A8E383180F2AA69EB4B6DE09C8D7D611478C0B62B94E5CD01C99324978","2026-09-21 06:06:30"
"build_p1pra_ninja\CMakeFiles\InferenceEngine.dir\src\runtime\TensorExecutionRouter.cpp.obj","670","3508946B9172AC6E0FCA1CBF88444C3EC8EFAD90FB1211DDB5C7269CA38CF9C0","2026-09-21 06:06:30"
"build_p1pra_ninja\CMakeFiles\InferenceEngine.dir\src\runtime\memory\CapacityManager.cpp.obj","670","BCA2358B81F14D168DD66ACF966D31C2A9E1F30A69B45C7E9D97D92DC6B9B68F","2026-09-21 06:06:30"
"build_p1pra_ninja\CMakeFiles\InferenceEngine.dir\src\runtime\memory\PredictiveMemoryManager.cpp.obj","678","F2C7CF765F1D449BA0DF706DFA0F8C49D4FCE8CC852EB180FA205915EA1A6CB9","2026-09-21 06:06:30"
"build_p1pra_ninja\CMakeFiles\InferenceEngine.dir\src\runtime\memory\ResidencyTracker.cpp.obj","670","DBC1715DCD1588DECDA56E1EA27637DE084F98EA9B3A0A7647CC5CF38326AC89","2026-09-21 06:06:30"
"build_p1pra_ninja\CMakeFiles\InferenceEngine.dir\src\runtime\memory\TensorPlacementManager.cpp.obj","678","CA60C12E5AC3E5BB5672C579F25BCB516DC6C2FE446184206ACB439E59E8A4AA","2026-09-21 06:06:30"
"build_p1pra_ninja\CMakeFiles\InferenceEngine.dir\src\runtime\memory\TransferScheduler.cpp.obj","674","42127767446C3A44DD79DA69F9CDEA80C576257DBCF0761129C5259221F4682B","2026-09-21 06:06:30"
"build_p1pra_ninja\CMakeFiles\InferenceEngine.dir\src\runtime\memory\WorkingSetPredictor.cpp.obj","674","B9D79A05FA1C1B210FCDF0CD9F61EF441013DD2DF42B276DEA6D1A2062C33707","2026-09-21 06:06:30"
"build_p1pra_ninja\CMakeFiles\InferenceEngine.dir\tests\b009\b009b_batched_gemm.cpp.obj","666","ABC53465D30258244B9AC6DE5269C929FB808B4587E8FED6D35DCA5C3EFF9D8E","2026-09-21 06:06:30"
"build_p1pra_ninja\CMakeFiles\RawrXD-ModelAnalysisLib.dir\src\core\model_anatomy.cpp.obj","564660","E0C54FC4C4DD05CC7B273486C3B3CE013B8651E4B0656A2BD631045C2E1AED49","2026-09-21 17:16:29"
"build_p1pra_ninja\CMakeFiles\RawrXD-ModelAnalysisLib.dir\src\core\neurological_diff.cpp.obj","582381","11AE378FB563EF5CE465187C9A37A8A43AA185E8FD8DAE7AD02F6B5C69F25AC1","2026-09-21 08:11:57"
"build_p1pra_ninja\CMakeFiles\RawrXD-Win32IDE.dir\src\gguf_loader.cpp.obj","1194","FF4A85923D7D4F8E6A3F1F0C25F87D13258F5E5ACBF4E55930FB091A91613FCA","2026-09-21 16:19:43"
"build_p1pra_ninja\CMakeFiles\RawrXD-Win32IDE.dir\src\gguf_vocab_resolver.cpp.obj","1210","1BFCFA95DB2FEFA9E55DF7FB4FD30B0513624EBC32B5525EFCA247EAAF43AEA9","2026-09-21 16:19:43"
"build_p1pra_ninja\CMakeFiles\RawrXD-Win32IDE.dir\src\model_source_resolver.cpp.obj","151209","E58090C3EC4F0687F1B85CB0398A1BC74961B4DC6CB205429FF0F1D1A78A181A","2026-09-21 22:27:21"
"build_p1pra_ninja\CMakeFiles\RawrXD-Win32IDE.dir\src\rawrxd_model_loader.cpp.obj","135020","206E94C9E62FB6B1258199F81AB2BF55C9A611435C329BAAA81E864BE506EBF6","2026-09-21 16:19:43"
"build_p1pra_ninja\CMakeFiles\RawrXD-Win32IDE.dir\src\rawrxd_sampler.cpp.obj","1202","391463C30ED3D96D5C6CF18BA19683D2143AA39CF8EB0ADDF9B147AEE7DA3E8E","2026-09-21 16:19:43"
"build_p1pra_ninja\CMakeFiles\RawrXD-Win32IDE.dir\src\rawrxd_tokenizer.cpp.obj","1210","139B5FD4811228EB4A0B5F50BC8A4A8806FDCCB1809214911E4F218463BD3424","2026-09-21 16:19:43"
"build_p1pra_ninja\CMakeFiles\RawrXD-Win32IDE.dir\src\rawrxd_transformer.cpp.obj","1210","883C8213F57FC6EFA45005E70373AF4D4AA094A37A48D6A2629CFA9BFC1489E7","2026-09-21 16:19:43"
"build_p1pra_ninja\CMakeFiles\RawrXD-Win32IDE.dir\src\agent\agentic_deep_thinking_engine.cpp.obj","111850","B5E7185D3829E573E7987C3BF015E5492605B875298F200E52A7A7821F7E9B75","2026-09-21 22:42:47"
"build_p1pra_ninja\CMakeFiles\RawrXD-Win32IDE.dir\src\agent\local_reasoning_engine.cpp.obj","104108","D0E64DDD2DFED2B3E8F9EC88EBDB2C7C0D6E5D96CBE29DFD83D10C57BB4A1C57","2026-09-21 22:42:47"
"build_p1pra_ninja\CMakeFiles\RawrXD-Win32IDE.dir\src\agent\model_invoker.cpp.obj","139213","9EC69DFBDA47D3243E91DABAD1479715D0A436B68A03F103BCB293353B29F968","2026-09-21 22:42:47"
"build_p1pra_ninja\CMakeFiles\RawrXD-Win32IDE.dir\src\agent\telemetry_collector.cpp.obj","490821","3B05A855D66539DBD2F3528816FB5441D1F31D83E755616739F476A86ED8D6BB","2026-09-21 23:15:57"
"build_p1pra_ninja\CMakeFiles\RawrXD-Win32IDE.dir\src\core\70b_gguf_hotpatch.cpp.obj","67688","BD74F1EA08FC5D4A10B32517DC59438F010A35F882CEFA7D413A663595141348","2026-09-21 18:19:33"
"build_p1pra_ninja\CMakeFiles\RawrXD-Win32IDE.dir\src\core\accelerator_router.cpp.obj","1011008","930D2FC6D333440D63F55734CE7160D14F76F64340A2FFE3DC2C357FFC168BCE","2026-09-21 23:51:41"
"build_p1pra_ninja\CMakeFiles\RawrXD-Win32IDE.dir\src\core\adaptive_pipeline_parallel.cpp.obj","2303084","2D1A7A28EB407C5C8FDF100CFFAF26CE90607CED582C02A8B951574E0CD2D1D5","2026-09-21 23:51:42"
"build_p1pra_ninja\CMakeFiles\RawrXD-Win32IDE.dir\src\core\agent_memory_indexer.cpp.obj","151833","BCF6BE3EEC2B07D01FC28AB12774CD31E5DF428E8DFE77EC2D48AC44F11B3A29","2026-09-21 16:19:44"
"build_p1pra_ninja\CMakeFiles\RawrXD-Win32IDE.dir\src\core\agent_safety_contract.cpp.obj","1823861","628BC2342BB7939281A4B8FEC0095FA8863FC41B4625593BA94E5338E374E378","2026-09-21 17:54:50"
"build_p1pra_ninja\CMakeFiles\RawrXD-Win32IDE.dir\src\core\alert_system.cpp.obj","1177380","390315A9131E5A1CE0EA252C92426CDA9BF23A3D0327622A45C0070D564A7AE8","2026-09-22 00:02:20"
"build_p1pra_ninja\CMakeFiles\RawrXD-Win32IDE.dir\src\core\amd_gpu_accelerator.cpp.obj","1034114","B1E6E47AE163674F10E247980A7BD53E42C69617A61B2047C01EB3F9624E7D4B","2026-09-22 00:02:19"
"build_p1pra_ninja\CMakeFiles\RawrXD-Win32IDE.dir\src\core\arm64_gpu_accelerator.cpp.obj","1026710","2C76E49A2143A3A9651AB5A7AC50C152EE2A553EDE44A88BEE33DB2EC0A8595C","2026-09-21 23:15:58"
"build_p1pra_ninja\CMakeFiles\RawrXD-Win32IDE.dir\src\core\auto_feature_registry.cpp.obj","4631578","3C626CE85BA1854D19DBC6E896F4D370EF743C22376F96042B8C710605E887CD","2026-09-21 23:52:01"
"build_p1pra_ninja\CMakeFiles\RawrXD-Win32IDE.dir\src\core\auto_repair_orchestrator.cpp.obj","687261","8870945AB59553BC9241DAD8D7997F8C38B136055944EF0D96155449F82D34FC","2026-09-21 17:54:49"
"build_p1pra_ninja\CMakeFiles\RawrXD-Win32IDE.dir\src\core\backup_manager.cpp.obj","1657529","F3F2E4A01A4154BB4C7B1EDF783FBEBAD7079EA030231D20C334ACE5117CB55F","2026-09-22 00:02:21"
"build_p1pra_ninja\CMakeFiles\RawrXD-Win32IDE.dir\src\core\byte_level_hotpatcher.cpp.obj","327052","C4761939AAD8860E42C014631B4DBFF46C378D28BB8247330E3E7FFECBDAFBD0","2026-09-21 22:42:48"
"build_p1pra_ninja\CMakeFiles\RawrXD-Win32IDE.dir\src\core\camellia256_bridge.cpp.obj","481468","6AF187025F95917D162E8C172B682512DE44830B50AF68F6822137454EDD60DC","2026-09-21 17:54:49"
"build_p1pra_ninja\CMakeFiles\RawrXD-Win32IDE.dir\src\core\cerebras_wse_accelerator.cpp.obj","1241342","5C5742CDAA6DAF9F2E8EC88B4018FA2BBAE9CE7202C7B667715520BAFD04921F","2026-09-21 23:15:58"
"build_p1pra_ninja\CMakeFiles\RawrXD-Win32IDE.dir\src\core\confidence_gate.cpp.obj","1574742","B2F7FD41CA2E9FE6BD7A41852429C6F8D9A637D3C949AC89073A50770AD6F225","2026-09-21 17:54:50"
"build_p1pra_ninja\CMakeFiles\RawrXD-Win32IDE.dir\src\core\ConfigurationValidator.cpp.obj","2384561","DC27AF08D9519AE58B02FF33230683CB7B375FD462E89A7D85DE9197488EF6FE","2026-09-21 16:19:45"
"build_p1pra_ninja\CMakeFiles\RawrXD-Win32IDE.dir\src\core\deterministic_replay.cpp.obj","1872347","E825D1AA027E59EC64D055A012AB5C55581F22ABD5F457B24883A83EA35D7DF8","2026-09-21 17:54:50"
"build_p1pra_ninja\CMakeFiles\RawrXD-Win32IDE.dir\src\core\deterministic_swarm.cpp.obj","2090042","C72AC812DF2EF0042A4023207918514BBC604C60B557DD11B3A9A8F908C88864","2026-09-22 00:03:48"
"build_p1pra_ninja\CMakeFiles\RawrXD-Win32IDE.dir\src\core\enterprise_devunlock_bridge.cpp.obj","35110","A849A21A6D3E789A38AC5AEE606F177A795AF645DB85129F6DD3F22F2DB66EF3","2026-09-21 17:54:48"
"build_p1pra_ninja\CMakeFiles\RawrXD-Win32IDE.dir\src\core\enterprise_license.cpp.obj","5541350","3F56F72B687A10A340D213056C45E737DD969E53565193401ACC82ADAE8917D3","2026-09-21 22:07:23"
"build_p1pra_ninja\CMakeFiles\RawrXD-Win32IDE.dir\src\core\enterprise_licensev2_impl.cpp.obj","158949","4F7BAB8C50E5CC775FF8C13C447331ABD6EA8FBBE9FFB59428BE81B514DA20B0","2026-09-21 23:51:39"
"build_p1pra_ninja\CMakeFiles\RawrXD-Win32IDE.dir\src\core\execution_governor.cpp.obj","1602811","A0636BE3590B7EB5100D194043DB09DE3F234FC64BDF348A4F3D9E80A14E4B50","2026-09-21 17:54:50"
"build_p1pra_ninja\CMakeFiles\RawrXD-Win32IDE.dir\src\core\extension_polyfill_engine.cpp.obj","2223192","87D548D96F0287B5650C3A848FC6C5F46F3512EECDB8C5CC00E29DEC6DEEF1AB","2026-09-22 00:03:49"
"build_p1pra_ninja\CMakeFiles\RawrXD-Win32IDE.dir\src\core\feature_registration.cpp.obj","865","C157C9F7671DCC456060E34B952086771D7FE427DC40B7A381D5688742D12865","2026-09-22 00:02:13"
"build_p1pra_ninja\CMakeFiles\RawrXD-Win32IDE.dir\src\core\flash_attention.cpp.obj","713559","6C58AD26665ACC5248380AAB8FDA3C48CAA34621BEC97BA1D89B0A0F906F6BA9","2026-09-21 22:07:20"
"build_p1pra_ninja\CMakeFiles\RawrXD-Win32IDE.dir\src\core\gguf_swarm_plan_builder.cpp.obj","993717","41DEF461779884E39A1675D464DE4E902815ACC6BCF0940338F41A1ABD33F0E0","2026-09-21 16:19:45"
"build_p1pra_ninja\CMakeFiles\RawrXD-Win32IDE.dir\src\core\governor_throttling.cpp.obj","517401","18AA5AF5008D360DFB82692AA08EFA44B94B41A933340B1FD3BBB96097B13357","2026-09-21 18:19:34"
"build_p1pra_ninja\CMakeFiles\RawrXD-Win32IDE.dir\src\core\gpu_backend_bridge.cpp.obj","1223220","E9A2BEF088A227CB3AE0A72A2D20B925C7C808C39E1F33E6D4817BC49394F6B0","2026-09-21 16:19:45"
"build_p1pra_ninja\CMakeFiles\RawrXD-Win32IDE.dir\src\core\gpu_kernel_autotuner.cpp.obj","1668069","790F6B7CB567F6D57D2D9F1A81FB025675C1881922CC041A528516DE3F42CD58","2026-09-21 23:51:43"
"build_p1pra_ninja\CMakeFiles\RawrXD-Win32IDE.dir\src\core\input_guard_slicer.cpp.obj","973570","C794A226CA6E50CC0A82F93123DC2C1AFC1E176EA4612A87DE5D0507FAA538F5","2026-09-22 00:03:46"
"build_p1pra_ninja\CMakeFiles\RawrXD-Win32IDE.dir\src\core\instructions_provider.cpp.obj","2338617","9B5C1AFB62D037CC5814A142E909609D36B8EEDFF9F944B9C5FD3F3A2A19AB8B","2026-09-22 00:03:49"
"build_p1pra_ninja\CMakeFiles\RawrXD-Win32IDE.dir\src\core\intel_gpu_accelerator.cpp.obj","1055879","41AE042D9906283C1FAFC154D87DB4998B14981F0C4DFE9970D52CDD2D6F880E","2026-09-21 23:15:58"
"build_p1pra_ninja\CMakeFiles\RawrXD-Win32IDE.dir\src\core\intent_engine.cpp.obj","1554339","C315D3A3F39202F2A11151D8E8B99F313C6CF7BD7FE26BC3650EE140CB228179","2026-09-22 00:02:17"
"build_p1pra_ninja\CMakeFiles\RawrXD-Win32IDE.dir\src\core\jsonrpc_parser.cpp.obj","8155478","1117D326AD98C40F22577CD7DA3B3C9E4D7BC95327D46805C4F255D8E31566F8","2026-09-22 00:02:23"
"build_p1pra_ninja\CMakeFiles\RawrXD-Win32IDE.dir\src\core\layer_offload_manager.cpp.obj","2032910","7D2AAE33766FA7024B3E4B663E6256A41CD0828387BA260C0D92734C5609BEC4","2026-09-21 23:51:42"
"build_p1pra_ninja\CMakeFiles\RawrXD-Win32IDE.dir\src\core\license_anti_tampering.cpp.obj","107705","9D450E5560BA76A39440B54E098223F43FC0950BA01C15C0363CDDECAEE5469E","2026-09-21 23:51:39"
"build_p1pra_ninja\CMakeFiles\RawrXD-Win32IDE.dir\src\core\model_bruteforce_engine.cpp.obj","3152222","782321114092C8D7153F76C4F208BBEB7EEAFE1D9373D4F490140382F587FCD5","2026-09-21 23:51:45"
"build_p1pra_ninja\CMakeFiles\RawrXD-Win32IDE.dir\src\core\model_memory_hotpatch.cpp.obj","1748321","E97658F03121EE8B06B51C9E4FB0561D980548F5A54A5D02034958EC50857D9A","2026-09-21 22:42:49"
"build_p1pra_ninja\CMakeFiles\RawrXD-Win32IDE.dir\src\core\model_training_pipeline.cpp.obj","2424411","949819B8649DB817C2BCDA13201ADE40343CC408B8BAD94A523346F697DD9197","2026-09-22 00:02:21"
"build_p1pra_ninja\CMakeFiles\RawrXD-Win32IDE.dir\src\core\monolithic_heap_globals.cpp.obj","15884","00FAC8779A9E5B3132914008FA5FBEA0B9CAA8D2EBE7C9128B9DD0644D4FA7E1","2026-09-21 17:54:48"
"build_p1pra_ninja\CMakeFiles\RawrXD-Win32IDE.dir\src\core\native_debugger_engine.cpp.obj","2948145","3B4C6BDEF81EC9906E7FFF901F491E4A0C22D700510C0979DAF447127D93AFEF","2026-09-21 22:42:50"
"build_p1pra_ninja\CMakeFiles\RawrXD-Win32IDE.dir\src\core\native_debugger_symbols.cpp.obj","284878","72A41469166B1D9DA115E1209296ED7843287D40BE70C8310A84F66471BAB8C5","2026-09-21 20:45:28"
"build_p1pra_ninja\CMakeFiles\RawrXD-Win32IDE.dir\src\core\native_inference_pipeline.cpp.obj","409845","728FBE24382196D075EB55BE444B3585320129927271B9E0A372F149C196B272","2026-09-21 18:19:34"
"build_p1pra_ninja\CMakeFiles\RawrXD-Win32IDE.dir\src\core\production_release.cpp.obj","1530188","5A16AAD57548A8BB208183AB0231E44F46D3FA80B51B5CACDAB7C89685837153","2026-09-21 22:42:48"
"build_p1pra_ninja\CMakeFiles\RawrXD-Win32IDE.dir\src\core\proxy_hotpatcher.cpp.obj","686059","5AE5EC1E452B71777FA79FE99F9A8EE70E923EF597C1BDC49365883FCD02FCE7","2026-09-21 22:42:48"
"build_p1pra_ninja\CMakeFiles\RawrXD-Win32IDE.dir\src\core\pt_driver_contract.cpp.obj","522360","170441C9E201F4CC41FF986E71BBA615945B3BC8AA0D2594D14A1D03A599B110","2026-09-21 21:16:10"
"build_p1pra_ninja\CMakeFiles\RawrXD-Win32IDE.dir\src\core\quantum_safe_transport.cpp.obj","1941174","AB08C37B30377B0421B829FF400EFECC0D138B42AA7ABAF248731369A9DBECB3","2026-09-21 21:16:11"
"build_p1pra_ninja\CMakeFiles\RawrXD-Win32IDE.dir\src\core\rawrxd_state_mmf.cpp.obj","336383","FA9E935390C820D7B6512828DAED64EDC0CF2E73CADCCCDB2660B3D63DAE8B2C","2026-09-22 00:03:44"
"build_p1pra_ninja\CMakeFiles\RawrXD-Win32IDE.dir\src\core\rawrxd_subsystem_api.cpp.obj","125959","40C85B131794072BB9D28F4DD184CD311BB2C50CA284E7BD02103BAF32362A48","2026-09-21 16:19:43"
"build_p1pra_ninja\CMakeFiles\RawrXD-Win32IDE.dir\src\core\sandbox_integration.cpp.obj","2025753","561CC1CE8211C101F57C521BC4B16F02C0789739D03888F75D9A30183A435C6B","2026-09-21 22:42:49"
"build_p1pra_ninja\CMakeFiles\RawrXD-Win32IDE.dir\src\core\sentinel_watchdog.cpp.obj","284255","E764120CD89F41F65EE00BF7DA2538470E2158DD4580950E16920A21802DD0F3","2026-09-21 21:16:10"
"build_p1pra_ninja\CMakeFiles\RawrXD-Win32IDE.dir\src\core\shadow_page_detour.cpp.obj","528133","D622CBFA684B7488811C7026DDE6B435B55CC55C66BB200520C9DBF913A4F330","2026-09-21 21:16:10"
"build_p1pra_ninja\CMakeFiles\RawrXD-Win32IDE.dir\src\core\shortcut_manager.cpp.obj","1155062","FB40F6E6803B96EE30AE879DAE94E914C05E78F288FCD85CC6C96E8BED3015D1","2026-09-22 00:02:19"
"build_p1pra_ninja\CMakeFiles\RawrXD-Win32IDE.dir\src\core\ssot_validation.cpp.obj","605139","CCBB78F37C70A7206D0C84637695728226501BB1DE4486FB7B565D57AD2DC9AF","2026-09-22 00:02:18"
"build_p1pra_ninja\CMakeFiles\RawrXD-Win32IDE.dir\src\core\streaming_engine_registry.cpp.obj","2844838","FF403D8344C32B840C8C044732AA08BB788842242F6638073FA66AFBE1E0AFF6","2026-09-21 22:07:22"
"build_p1pra_ninja\CMakeFiles\RawrXD-Win32IDE.dir\src\core\swarm_coordinator.cpp.obj","2541472","13AEF8E91EA0E0676BF73ACB47363C7AFB9CBB67BD881418C39E1C898D9CADB8","2026-09-21 18:19:34"
"build_p1pra_ninja\CMakeFiles\RawrXD-Win32IDE.dir\src\core\swarm_scheduler.cpp.obj","2822713","547B0FA9186C8AE72B2D2D638FBB167A8FABBDC6CD366934CCB6702857A20A44","2026-09-21 16:19:46"
"build_p1pra_ninja\CMakeFiles\RawrXD-Win32IDE.dir\src\core\swarm_worker.cpp.obj","1163723","493C36732435D92C4D06599177AFE42BFB2C05BB35B37EB8F5B9A683B9E95EE5","2026-09-21 18:19:34"
"build_p1pra_ninja\CMakeFiles\RawrXD-Win32IDE.dir\src\core\transaction_journal.cpp.obj","1636906","BFDEDC044F9EB584A11C7A97AC1A47B255C331D032FF136ADCCEADD94ABB190E","2026-09-22 00:03:48"
"build_p1pra_ninja\CMakeFiles\RawrXD-Win32IDE.dir\src\core\unified_command_dispatch.cpp.obj","2723708","9EA7E806FB47E8BB9FDD4515A67DE4AB148B681C546A19C0B13EB31A457A3039","2026-09-22 00:02:21"
"build_p1pra_ninja\CMakeFiles\RawrXD-Win32IDE.dir\src\core\unified_hotpatch_manager.cpp.obj","1451643","3F3884AACE64AE39433087E9F58FDC5579A4457D0DC7773709FB96DE08668C78","2026-09-21 23:51:43"
"build_p1pra_ninja\CMakeFiles\RawrXD-Win32IDE.dir\src\core\unified_memory_executor.cpp.obj","573175","054AE512B1E2CDD1F83AAF28D21426E47BC977B56AFA8677B870C7B32A391392","2026-09-22 00:02:18"
"build_p1pra_ninja\CMakeFiles\RawrXD-Win32IDE.dir\src\core\universal_model_hotpatcher.cpp.obj","1546440","B3666B256AF4A6F3482F63234BB9DAF165EDB28465A0FAB1E318953B3CA3CB2B","2026-09-21 21:16:11"
"build_p1pra_ninja\CMakeFiles\RawrXD-Win32IDE.dir\src\core\universal_model_merger.cpp.obj","2941846","77745E5BFEAB04EA6677D83AC44F5802D2C5964ECF791E4E63C70C4481033394","2026-09-21 22:42:50"
"build_p1pra_ninja\CMakeFiles\RawrXD-Win32IDE.dir\src\core\unlinked_symbols_batch_001.cpp.obj","157108","743BD2A8EA34B5678EDCA61B3BCF90D4DA1A14345ADE97B98F7A91DC0457E9CB","2026-09-21 14:56:26"
"build_p1pra_ninja\CMakeFiles\RawrXD-Win32IDE.dir\src\core\unlinked_symbols_batch_002.cpp.obj","31321","E4EDD939EBBF99334C072D0900DEF269D17742427D5D506E00C6925D18312813","2026-09-21 08:14:16"
"build_p1pra_ninja\CMakeFiles\RawrXD-Win32IDE.dir\src\core\unlinked_symbols_batch_003.cpp.obj","161043","877D6129E7CF3F6C1D0EE2C4F05BFE8A8675EAA6091C59C0E031B0CFF985F678","2026-09-21 08:14:16"
"build_p1pra_ninja\CMakeFiles\RawrXD-Win32IDE.dir\src\core\unlinked_symbols_batch_005.cpp.obj","597727","11176ECD7738A48FD843BA13E98C894663218231525EE3A166EF02B51EF9FB91","2026-09-21 08:51:44"
"build_p1pra_ninja\CMakeFiles\RawrXD-Win32IDE.dir\src\core\unlinked_symbols_batch_006.cpp.obj","47103","0609A3D044E01360E258F814B47123BEE7AA8BC56FA34572A0379D5650BCBDFE","2026-09-21 08:51:43"
"build_p1pra_ninja\CMakeFiles\RawrXD-Win32IDE.dir\src\core\unlinked_symbols_batch_007.cpp.obj","31856","61BC8DF4343C3B33A744A3D3080EE8006AC6DC0BC317017CFF24690A8C3E247A","2026-09-21 08:51:43"
"build_p1pra_ninja\CMakeFiles\RawrXD-Win32IDE.dir\src\core\unlinked_symbols_batch_008.cpp.obj","66529","EAE0BB6DE6E0874C91071465512346A8C7275DDBB36F4F27D4E501FF3CDBD27D","2026-09-21 09:17:24"
"build_p1pra_ninja\CMakeFiles\RawrXD-Win32IDE.dir\src\core\unlinked_symbols_batch_009.cpp.obj","30503","628E4A67251921C0E81ED2FB25D12CBFDD004D0098929222F972A6FFDA22B385","2026-09-21 09:17:24"
"build_p1pra_ninja\CMakeFiles\RawrXD-Win32IDE.dir\src\core\unlinked_symbols_batch_010.cpp.obj","34650","FA90622476D49CCFFF424CC2662A7F86DB0FBA34AAE86F6D86356C9857588E61","2026-09-21 09:17:24"
"build_p1pra_ninja\CMakeFiles\RawrXD-Win32IDE.dir\src\core\unlinked_symbols_batch_011.cpp.obj","487038","8DB0A264AC1460B86DEED5C860004BAB564AAB5120A70913CF99FB5CEBAAC6E0","2026-09-21 09:17:25"
"build_p1pra_ninja\CMakeFiles\RawrXD-Win32IDE.dir\src\core\unlinked_symbols_batch_012.cpp.obj","84190","E3F629029A92CF6673B0C20A8673B2288CB1E1FDBF167B9717E67E4449ED6144","2026-09-21 09:17:25"
"build_p1pra_ninja\CMakeFiles\RawrXD-Win32IDE.dir\src\core\unlinked_symbols_batch_021.cpp.obj","82785","0F2FC1047C868AD0030CBB5E0E9A880C4412A8E34170AD2A84BDB82CB316AD46","2026-09-21 14:56:26"
"build_p1pra_ninja\CMakeFiles\RawrXD-Win32IDE.dir\src\core\unlinked_symbols_batch_022.cpp.obj","150269","100F1F9637C478586AFC5FA99B7820B9772B9D4A5091FC21B1429B71E6181E8E","2026-09-21 08:13:15"
"build_p1pra_ninja\CMakeFiles\RawrXD-Win32IDE.dir\src\core\vector_index.cpp.obj","6226569","FA3039777D460233D42451459736F62E038C75320ECB0682AF7E3C80E3831860","2026-09-22 00:03:51"
"build_p1pra_ninja\CMakeFiles\RawrXD-Win32IDE.dir\src\core\vision_embedding_cache.cpp.obj","1102491","6581C1587B11FB7D0417D1DBED8B2178F303C4025E6C41D66610D56C7514FAE2","2026-09-22 00:03:47"
"build_p1pra_ninja\CMakeFiles\RawrXD-Win32IDE.dir\src\core\vision_gpu_staging.cpp.obj","209515","3FF4A6E5CD186AE369EC3C903D7F81F6922CBCB423ABEA68C385519D8FD8AEEF","2026-09-22 00:03:46"
"build_p1pra_ninja\CMakeFiles\RawrXD-Win32IDE.dir\src\core\vision_kv_isolation.cpp.obj","320813","433413844411893B02D4693AC8B4F8FF3524E45129E2525DCD2E02BB5D238CA4","2026-09-22 00:03:45"
"build_p1pra_ninja\CMakeFiles\RawrXD-Win32IDE.dir\src\core\vision_quantized_encoder.cpp.obj","563168","139B521AB3BB282DFF0BB6C742B358E932929A65598B7DE7B121E2748E218B9E","2026-09-22 00:03:46"
"build_p1pra_ninja\CMakeFiles\RawrXD-Win32IDE.dir\src\core\vision_token_gate.cpp.obj","759870","251734E1DE9D55FBF844D8C5C8780348F9816457ACB8B2C5986C2394DBDB7C2D","2026-09-22 00:03:47"
"build_p1pra_ninja\CMakeFiles\RawrXD-Win32IDE.dir\src\core\voice_automation.cpp.obj","2022166","7E470449F72B7938F87559D61C4C7BF5A9CDC820A66868D2CEF10145B29F7160","2026-09-22 00:02:22"
"build_p1pra_ninja\CMakeFiles\RawrXD-Win32IDE.dir\src\core\voice_chat.cpp.obj","1310244","7D0C785C1AAB36E4366D19BE8085C31A4BBC2574749898AE8B08A7A961E60713","2026-09-21 23:58:57"
"build_p1pra_ninja\CMakeFiles\RawrXD-Win32IDE.dir\src\core\watchdog_service.cpp.obj","798633","237A164DC213EDBE1CDB49741F476F464EC539A977C3EF3C5E935E6E5558B4FC","2026-09-21 17:54:49"
"build_p1pra_ninja\CMakeFiles\RawrXD-Win32IDE.dir\src\core\webrtc_signaling.cpp.obj","1678798","E997F7DA168DBA2A87DFED36DCA766B6DEFC7429BBD6AB06B3F073FFF333FDA3","2026-09-21 22:42:49"
"build_p1pra_ninja\CMakeFiles\RawrXD-Win32IDE.dir\src\core\win32ide_watchdog_init.cpp.obj","2456","E5DA6BDEB7287A860C1D851B4403BFA34B73844EDEFA0B07925285AEF4D0C2E4","2026-09-21 08:51:43"
"build_p1pra_ninja\CMakeFiles\RawrXD-Win32IDE.dir\src\core\sdma\sdma_coordinator.cpp.obj","145519","9C2A060B71F377C01C0F93C7160D849E305A998E0FB4A2789BA0C3E7E8129D26","2026-09-21 16:19:44"
"build_p1pra_ninja\CMakeFiles\RawrXD-Win32IDE.dir\src\inference\NegativeSpaceProfiler.cpp.obj","1234","08172EFA70354230A10923287CA50D4F6107396C5AFEE8C398E91C6198556EE7","2026-09-21 08:13:14"
"build_p1pra_ninja\CMakeFiles\RawrXD-Win32IDE.dir\src\logging\Logger.cpp.obj","1202","1002394ABB09ECD18866062F5AB4470E9AF6EBCE570E6046B5DBCE507ED96FCE","2026-09-21 16:19:43"
"build_p1pra_ninja\CMakeFiles\ShowIncludes\foo.h","2","7EB70257593DA06F682A3DDDA54A9D260D4FC514F645237F5CA74B08F8DA61A6","2026-09-21 02:19:47"
"build_p1pra_ninja\CMakeFiles\ShowIncludes\main.c","33","CDFAB295FC8E12C3ECFB6982F99058F032EE8284926AD71A829E70EA3BF02549","2026-09-21 02:19:47"
"build_p1pra_ninja\CMakeFiles\ShowIncludes\main.obj","630","ADC545D8C76E341A9A76F7033B599D9EE72CBF5423ACE7DFD2FB174E388A77EC","2026-09-21 02:19:47"
"build_p1pra_ninja\rguf_source\cmake_install.cmake","1306","DEC5ED76F9DF5E2CD57A338E6592A4C6939938A03105844615BFB44CF73FFB24","2026-09-22 00:03:41"
"build_p1pra_ninja\rguf_source\CMakeFiles\rguf.dir\RGUFLoader.cpp.obj","446032","42E4A3B753CFA437C0CD1A19CEF92FC264DFA23DA383BFB2C9E5818ED253468A","2026-09-21 16:19:43"
"build_p1pra_ninja\rguf_source\CMakeFiles\rguf.dir\RGUFPlatform.cpp.obj","69613","B7BCAD69A18099027650E4312A49965779625DA9ED3F22513A79168FAE27B3A9","2026-09-21 16:19:42"
"build_p1pra_ninja\rguf_source\CMakeFiles\rguf.dir\RGUFQuant.cpp.obj","38153","5510045B2D8FC3153ADC1949F43D97C202E11F2190B327B28DE4C2E61C0B22B9","2026-09-21 14:56:25"
"build_p1pra_ninja\rguf_source\CMakeFiles\rguf.dir\RGUFWriter.cpp.obj","308797","E9D6094118411F5F2B0F27B5F09383612B4BC4429BE65D59FF263EF71FB5B31A","2026-09-21 16:19:43"
"build_p1pra_ninja\src\ceo\cmake_install.cmake","1764","7D3493684DF68EBF292E816661EB97BF30A2823B7046A0B8BC3D5AE02FC75045","2026-09-22 00:03:41"
"build_p1pra_ninja\src\ceo\rawrxd_ceo.lib","20659672","BBAE6559C48F8E44CA730C73013D7EFB6C1E8FC72A35EBDA5429420EC6359002","2026-09-21 23:51:28"
"build_p1pra_ninja\src\ceo\CMakeFiles\rawrxd_ceo.dir\AutonomousBuildLoop.cpp.obj","2731172","37DC74D6C51B4F741229D249DA6A82525A7E09A09607FD8C8ABA7557A37AB1AB","2026-09-21 23:51:27"
"build_p1pra_ninja\src\ceo\CMakeFiles\rawrxd_ceo.dir\CEOAgent.cpp.obj","2598183","B00AE1F7B45F2F0593C166D8E9A0FF63FE8DC61AC12B73100D4FE30421C83DDB","2026-09-21 23:51:27"
"build_p1pra_ninja\src\ceo\CMakeFiles\rawrxd_ceo.dir\ContextEngine.cpp.obj","6033067","AE9F13925B919ADA222E965F2D1DF3508E030FB396DCA82D228EAC95279D6672","2026-09-21 23:51:28"
"build_p1pra_ninja\src\ceo\CMakeFiles\rawrxd_ceo.dir\ModelRouter.cpp.obj","1702831","F4726778F50F65059BB66F4A38EBC8B3097EEBFC83E6676CD215D10DD4CF5839","2026-09-21 23:51:24"
"build_p1pra_ninja\src\ceo\CMakeFiles\rawrxd_ceo.dir\ProjectState.cpp.obj","4334454","014B693CD3F75CD6BBC28E61F63101E4A2F45BFF0D2D055B60ABFDCADDCC6143","2026-09-21 23:51:27"
"build_p1pra_ninja\src\generation\cmake_install.cmake","1312","F519E0F67023AB73F6183F3931771AF9CA8E65DE6352FFC422372ED1BA2DB9BB","2026-09-22 00:03:41"
"build_p1pra_ninja\src\repository\cmake_install.cmake","1563","C604F00EEA0A242032AD75219CA4CE7910AD69621DC17772115C2CB5CB9AA223","2026-09-22 00:03:41"
"build_p1pra_ninja\src\reverse_engineering\cmake_install.cmake","1330","F4EDD4DA68D1A4EC90BE4E1823BBE691CA0C6566A066BDA89AF5F811C1AA749E","2026-09-22 00:03:40"
"build_p1pra_ninja\src\reverse_engineering\RawrXD_MetaReverse.obj","24231","E69B407D99D9BDF5C5BB166935CB52D2B222922F89868245423E0C5BC4BC6952","2026-09-21 08:11:55"
"build_p1pra_ninja\src\reverse_engineering\RawrXD_OmegaDeobfuscator.obj","36424","EAF246BEF8814FA6D3B4E359CAA28A9A0B8A335EDED1301953A33F0326E32F89","2026-09-21 08:11:55"
"build_p1pra_ninja\src\reverse_engineering\CMakeFiles\RawrXD-RE-Library.dir\binary_patcher.cpp.obj","744828","9B94096286394C0207981AFDBFC487C3593EA77421EF47DF4535565B2B76B95C","2026-09-21 08:11:57"
"build_p1pra_ninja\src\reverse_engineering\CMakeFiles\RawrXD-RE-Library.dir\decompiler.cpp.obj","1295392","C7C13D985058FA7ECFDD562ACBD3B82BF7C6538036A554F06A625515A3352B6A","2026-09-21 08:11:57"
"build_p1pra_ninja\src\reverse_engineering\CMakeFiles\RawrXD-RE-Library.dir\disassembler.cpp.obj","803706","F49D052708296B6F0ED3F1A26C9A177DCB9AEF1459503C2AEC2F202EAD18175C","2026-09-21 08:11:57"
"build_p1pra_ninja\src\reverse_engineering\CMakeFiles\RawrXD-RE-Library.dir\pe_analyzer.cpp.obj","785347","8FEBC4F855E4AD63557502B05AB74BBAE389C26660BADA76F6F78784C6FFC1B9","2026-09-21 08:11:56"
"build_p1pra_ninja\src\reverse_engineering\CMakeFiles\RawrXD-RE-Library.dir\pe_tools\re_tools.cpp.obj","312429","0D200BA6383CFB3DE87940108015C6827814E0FFCB3EF21D2F49517D242BFEBA","2026-09-21 08:11:56"
"build_p1pra_ninja\_deps\nlohmann_json-build\cmake_install.cmake","1350","2E7526B4AC13D32CE78641BAA53DE78F8E2F7B3ABEFAF149C2C073BF9666FB56","2026-09-22 00:03:40"
"build_p1pra_ninja\_deps\nlohmann_json-build\nlohmann_json.pc","121","F1456363FD3ECD1A4903240387438C270DCE164167765C9676BF058DE1623CFC","2026-09-21 01:51:17"
"build_p1pra_ninja\_deps\nlohmann_json-build\nlohmann_jsonConfig.cmake","635","A879DC2B648E17AC32836EF9013B5A6CF1234A74B9A60962CC081C3776C9F13F","2026-09-21 01:51:17"
"build_p1pra_ninja\_deps\nlohmann_json-build\nlohmann_jsonConfigVersion.cmake","696","B6D73337D16D3DEB4B192056D1AC9E7E962929EC993F7F9652A949DE3D38CE8F","2026-09-21 01:51:17"
"build_p1pra_ninja\_deps\nlohmann_json-src\CMakeLists.txt","7180","9A00F4234C7804AF1A8ABA619C28B7462B11683FD6628A0EA62CBC168764C87F","2023-11-28 14:38:03"
"build_p1pra_ninja\_deps\nlohmann_json-src\LICENSE.MIT","1076","86B998C792894CCB911A1CB7994F7A9652894E7A094C0B5E45BE2F553F45CF14","2023-11-28 14:38:03"
"build_p1pra_ninja\_deps\nlohmann_json-src\nlohmann_json.natvis","19578","162666E7AB4D725A6E9621F0D31097802B58B838E907AE5445C7C938FD0257B1","2023-11-28 14:38:03"
"build_p1pra_ninja\_deps\nlohmann_json-src\cmake\config.cmake.in","710","DE73A6E0CDFC9CB1FC28A6156D7E2660F498C9F30AD7D4DE5600BA279DA0A3F3","2023-11-28 14:38:03"
"build_p1pra_ninja\_deps\nlohmann_json-src\cmake\nlohmann_jsonConfigVersion.cmake.in","709","F3E940FC8846A483A5F35B9D47FA9AE700765B60A3D17EED2229A0BD7818F567","2023-11-28 14:38:03"
"build_p1pra_ninja\_deps\nlohmann_json-src\cmake\pkg-config.pc.in","126","796C801C759EB4D5E165AFA2441481FFF5487A2FD35BBFCEC841367D9772F760","2023-11-28 14:38:03"
"build_p1pra_ninja\_deps\nlohmann_json-src\include\nlohmann\adl_serializer.hpp","2279","242B578E1A41C97DEC6890BD88BDB824CDB76A9EDD849C108299A59469D327E0","2023-11-28 14:38:03"
"build_p1pra_ninja\_deps\nlohmann_json-src\include\nlohmann\byte_container_with_subtype.hpp","3533","C7DC197CBB54B9168373B4B9A3E1CC57CC5583BFCF5008B722B363335BC53511","2023-11-28 14:38:03"
"build_p1pra_ninja\_deps\nlohmann_json-src\include\nlohmann\json.hpp","198618","2432CBF7F4258453538ECA193CD937FC777462AE2CE8EE9F46E6EE460EF56BEA","2023-11-28 14:38:03"
"build_p1pra_ninja\_deps\nlohmann_json-src\include\nlohmann\json_fwd.hpp","2541","C5B950B428534861B5869254FD773AFC724112FC9E141BD1FC89189640A3AE5D","2023-11-28 14:38:03"
"build_p1pra_ninja\_deps\nlohmann_json-src\include\nlohmann\ordered_map.hpp","11692","31D1BB02500B734E09C27CE2CC216C8AF188344FBC19A6946AE301A12C7B62DF","2023-11-28 14:38:03"
"build_p1pra_ninja\_deps\nlohmann_json-src\include\nlohmann\detail\abi_macros.hpp","3807","1C7DC7C5062B199A35853F4056ED00ED359EF8FA5C7FB15A58BC79598EC21422","2023-11-28 14:38:03"
"build_p1pra_ninja\_deps\nlohmann_json-src\include\nlohmann\detail\exceptions.hpp","9267","55299C55106DE2624CA7AA6A5705AD6FF53814C1B52F8FE8D2872F13C956C95A","2023-11-28 14:38:03"
"build_p1pra_ninja\_deps\nlohmann_json-src\include\nlohmann\detail\hash.hpp","4016","74A9E3AF772127CF0B12EE794ABC8C47B5BEA74CE658D0D20179A26BE5D95D0D","2023-11-28 14:38:03"
"build_p1pra_ninja\_deps\nlohmann_json-src\include\nlohmann\detail\json_custom_base_class.hpp","1178","70DA7C5B17777F8DA6D83310D6526856542585EFA8A078DB61227B11AAF9EC0B","2023-11-28 14:38:03"
"build_p1pra_ninja\_deps\nlohmann_json-src\include\nlohmann\detail\json_pointer.hpp","37143","4CF537AD88B2D686D5A349B26DA7E012BA9A58B01A0AB2BADAA796D9150E69BB","2023-11-28 14:38:03"
"build_p1pra_ninja\_deps\nlohmann_json-src\include\nlohmann\detail\json_ref.hpp","1811","1660750DD10A562AAC1EEA37021F1E7138A5D6D50B051815708497A8D30BF60D","2023-11-28 14:38:03"
"build_p1pra_ninja\_deps\nlohmann_json-src\include\nlohmann\detail\macro_scope.hpp","43639","70D2B2AA49A93170DED3D0C0D1B0F76103FDD09704BA5ECC862BC03095920847","2023-11-28 14:38:03"
"build_p1pra_ninja\_deps\nlohmann_json-src\include\nlohmann\detail\macro_unscope.hpp","1252","5F7040DF475E2C943D9B22C335B61600DEB14B1E48A69B3450DE4C4A08C320BC","2023-11-28 14:38:03"
"build_p1pra_ninja\_deps\nlohmann_json-src\include\nlohmann\detail\string_concat.hpp","5951","E8001630045F800C0EBCFC19E2B2F90139A4D20A9A359E134657767FD6FA9AA2","2023-11-28 14:38:03"
"build_p1pra_ninja\_deps\nlohmann_json-src\include\nlohmann\detail\string_escape.hpp","2168","3BF6687FFA7F6FD3034591ADFDD6EA073584DF83694C6B57FEED9ADA965801E7","2023-11-28 14:38:03"
"build_p1pra_ninja\_deps\nlohmann_json-src\include\nlohmann\detail\value_t.hpp","4326","60A7E24B34E93B8BA40EECF310A40C55042754328271C246F9CC1069F6A25958","2023-11-28 14:38:03"
"build_p1pra_ninja\_deps\nlohmann_json-src\include\nlohmann\detail\conversions\from_json.hpp","18880","B37CED0BA32F8AC5834B4C96058CA5E445BCCEA27F46299A359EED0ECBF2E58E","2023-11-28 14:38:03"
"build_p1pra_ninja\_deps\nlohmann_json-src\include\nlohmann\detail\conversions\to_chars.hpp","38562","5FE11205C45DBD08373244D743F38E89CEEFB8C9B5FC4C68077117C786D53BEF","2023-11-28 14:38:03"
"build_p1pra_ninja\_deps\nlohmann_json-src\include\nlohmann\detail\conversions\to_json.hpp","16274","73BAD524856D475A6071FD7B5422F80DF13BA7586F0D4B48141C2EC60CEBCF89","2023-11-28 14:38:03"
"build_p1pra_ninja\_deps\nlohmann_json-src\include\nlohmann\detail\input\binary_reader.hpp","103146","484BCC276C4FA6C7C61A93A8223F3E53BB4DC966E688E96641A93A50D7E503E9","2023-11-28 14:38:03"
"build_p1pra_ninja\_deps\nlohmann_json-src\include\nlohmann\detail\input\input_adapters.hpp","17402","BD549419506089C82C94446F939587362FF01516B8E6624C472E704D27B1BE42","2023-11-28 14:38:03"
"build_p1pra_ninja\_deps\nlohmann_json-src\include\nlohmann\detail\input\json_sax.hpp","21420","9147C9D07784A5F3DE890D68401AE07D03D0BC0DB24EBCBE7BEB8A31CFD858A0","2023-11-28 14:38:03"
"build_p1pra_ninja\_deps\nlohmann_json-src\include\nlohmann\detail\input\lexer.hpp","54569","550C275F09D55DEB1705B97B8A15B02F211EA0BA87E95452E7A023B854BB024C","2023-11-28 14:38:03"
"build_p1pra_ninja\_deps\nlohmann_json-src\include\nlohmann\detail\input\parser.hpp","19661","094AED22CFDD641AC15EF59BFEF8DD1E23FD92373633A92ED928CB580F0CBD7E","2023-11-28 14:38:03"
"build_p1pra_ninja\_deps\nlohmann_json-src\include\nlohmann\detail\input\position_t.hpp","958","0C9C5BE26020C0A7929F3CC1E7E0065589D6A8F4DC1BD2EE13F10EF1A7EFAA24","2023-11-28 14:38:03"
"build_p1pra_ninja\_deps\nlohmann_json-src\include\nlohmann\detail\iterators\internal_iterator.hpp","1071","E75CF5E3C9AE358055BF3335FA2C5B6BBFBD1E24EA3DFDB62C187F37A8E2B485","2023-11-28 14:38:03"
"build_p1pra_ninja\_deps\nlohmann_json-src\include\nlohmann\detail\iterators\iteration_proxy.hpp","8238","839EFBA147F6F15C693C741039DAA3D383C2F4AFB8FE653E4DAD49A9F998D1D1","2023-11-28 14:38:03"
"build_p1pra_ninja\_deps\nlohmann_json-src\include\nlohmann\detail\iterators\iterator_traits.hpp","1757","04B0EDAEB214AA1C932B9078849A8FBBBDA9C7A241B4CBC28A90B6D11C959443","2023-11-28 14:38:03"
"build_p1pra_ninja\_deps\nlohmann_json-src\include\nlohmann\detail\iterators\iter_impl.hpp","24046","70D81EBB931DB43A19FE3872A3FB1BC91FAB27509C8D29EE4C4DD247B384CAE1","2023-11-28 14:38:03"
"build_p1pra_ninja\_deps\nlohmann_json-src\include\nlohmann\detail\iterators\json_reverse_iterator.hpp","3861","031B45C4F90AB7D64ECB6606FAD880D867A23FC63A431F0DE34F0FC104307B66","2023-11-28 14:38:03"
"build_p1pra_ninja\_deps\nlohmann_json-src\include\nlohmann\detail\iterators\primitive_iterator.hpp","3227","6C949107BB779CECB8BEBA0835F7292656B52B08C3F6A6D3B27229B58C28AEFE","2023-11-28 14:38:03"
"build_p1pra_ninja\_deps\nlohmann_json-src\include\nlohmann\detail\meta\cpp_future.hpp","5178","486BA5A3724131D0C1646E36D9A4A9877505B2914078347E6067BB65593F01CE","2023-11-28 14:38:03"
"build_p1pra_ninja\_deps\nlohmann_json-src\include\nlohmann\detail\meta\detected.hpp","2109","F79AA1F107E4DFD4554753E6FE05364A1147EF4498D3125CFC939A5534D2D527","2023-11-28 14:38:03"
"build_p1pra_ninja\_deps\nlohmann_json-src\include\nlohmann\detail\meta\identity_tag.hpp","526","BBA9559DEC8519DE3044B537E96A59A601831797A5A3C38BF8023A6D949118D0","2023-11-28 14:38:03"
"build_p1pra_ninja\_deps\nlohmann_json-src\include\nlohmann\detail\meta\is_sax.hpp","6960","1F81D6098B9AAD02A95C27EC333BBB13EEC3C5171B968E39B7ECB1B06B16C55B","2023-11-28 14:38:03"
"build_p1pra_ninja\_deps\nlohmann_json-src\include\nlohmann\detail\meta\std_fs.hpp","766","FB514154EA8C11C04A00EFEB2E89EDBFD40F149ED39EF36568D9B2A1062E85E0","2023-11-28 14:38:03"
"build_p1pra_ninja\_deps\nlohmann_json-src\include\nlohmann\detail\meta\type_traits.hpp","29454","1F901F9E4BCD585FF22C6B0C0956566BA8A4A1238A490A64E7755A2C313040D5","2023-11-28 14:38:03"
"build_p1pra_ninja\_deps\nlohmann_json-src\include\nlohmann\detail\meta\void_t.hpp","597","581E7B157457EB9C488793F2CD7066B2C1BA31D5E9FEA6F0D67C8C732B5088E4","2023-11-28 14:38:03"
"build_p1pra_ninja\_deps\nlohmann_json-src\include\nlohmann\detail\meta\call_std\begin.hpp","453","379660C15A30B84FF2A67E22734638F608CC37B34648461C7E9167DA1153D861","2023-11-28 14:38:03"
"build_p1pra_ninja\_deps\nlohmann_json-src\include\nlohmann\detail\meta\call_std\end.hpp","451","DECA609BF200442F452B848C19F28EE30879DF0CA35E959ED3B41F861C92DF55","2023-11-28 14:38:03"
"build_p1pra_ninja\_deps\nlohmann_json-src\include\nlohmann\detail\output\binary_writer.hpp","71152","665CE1EA5FB2CB425896B713BDD8D8D5A6D69688924FA6E2EFAFFB4E9D132011","2023-11-28 14:38:03"
"build_p1pra_ninja\_deps\nlohmann_json-src\include\nlohmann\detail\output\output_adapters.hpp","4067","1E0BCC375B4D84180649198E2F8061F5968A10A6913231FEE097689D281ED565","2023-11-28 14:38:03"
"build_p1pra_ninja\_deps\nlohmann_json-src\include\nlohmann\detail\output\serializer.hpp","40163","259C611D4B1147E3626D25BC05994B28F91F4FCCA2E578E486DCF51C0234E5C8","2023-11-28 14:38:03"
"build_p1pra_ninja\_deps\nlohmann_json-src\include\nlohmann\thirdparty\hedley\hedley.hpp","86068","20D6C1C6D6C30365F68A45093798937971B593919FB3051431F0C015DFA671FB","2023-11-28 14:38:03"
"build_p1pra_ninja\_deps\nlohmann_json-src\include\nlohmann\thirdparty\hedley\hedley_undef.hpp","5500","0F8902F26872F40A2514E9C9BE2FCEBFCE6CDE0022E9364FDDD17FB49575B146","2023-11-28 14:38:03"
"build_p1pra_ninja\_deps\nlohmann_json-src\single_include\nlohmann\json.hpp","919975","9BEA4C8066EF4A1C206B2BE5A36302F8926F7FDC6087AF5D20B417D0CF103EA6","2023-11-28 14:38:03"
"build_p1pra_ninja\_deps\nlohmann_json-src\single_include\nlohmann\json_fwd.hpp","6340","5CEFBBA751BAF5243033FD894C70BE9B37103D64B3D3A959E4173197D71137B9","2023-11-28 14:38:03"
"build_p1pra_ninja\_deps\nlohmann_json-subbuild\.ninja_log","3211","C6BB861F603007A9947DB3B26444860D04A873BF793147711A2FCCD5DA04C35C","2026-09-22 01:05:58"
"build_p1pra_ninja\_deps\nlohmann_json-subbuild\ALL_BUILD.vcxproj","6417","349164EB31D776FF4A969E03D1F6A96A818D8C4E8A49C0404D36B227DC6CB445","2026-09-21 01:51:16"
"build_p1pra_ninja\_deps\nlohmann_json-subbuild\ALL_BUILD.vcxproj.filters","316","0C58948A43CDD74AE9C745C702C74431CFA6F502BE26A7F46725B5C78EE53DFC","2026-09-21 01:51:16"
"build_p1pra_ninja\_deps\nlohmann_json-subbuild\build.ninja","18776","ABDC0C5F5C4F604F695FF3C156F14A83C069867F9D69CDCF490CA6BB529FC14B","2026-09-22 01:05:58"
"build_p1pra_ninja\_deps\nlohmann_json-subbuild\CMakeCache.txt","5625","AFCE1F61411BD373132DAFEC8E98AE87E2BEA9E0D6700D453BA01181D283B94E","2026-09-21 02:19:49"
"build_p1pra_ninja\_deps\nlohmann_json-subbuild\CMakeLists.txt","1548","25092685339AF03EAD7B1F5D8E3BDAA904281296836D2922CA4E3092F9C3376D","2026-09-21 01:51:16"
"build_p1pra_ninja\_deps\nlohmann_json-subbuild\cmake_install.cmake","2003","B0CA9A5E19ECA94C71A660AA0F6CD3560AA0B9DE15FD09D8BC61F79CE96094BA","2026-09-22 01:05:58"
"build_p1pra_ninja\_deps\nlohmann_json-subbuild\nlohmann_json-populate.sln","2673","4FE3B3A5139EC2A686C7AAD7682328F9EB6FA77678399B857473520FE8F4D1C2","2026-09-21 01:51:16"
"build_p1pra_ninja\_deps\nlohmann_json-subbuild\nlohmann_json-populate.vcxproj","25372","549610A3356663889D65CC867B0A2A915CEA2B8877DA1652E97770A30E40EEF7","2026-09-21 01:51:16"
"build_p1pra_ninja\_deps\nlohmann_json-subbuild\nlohmann_json-populate.vcxproj.filters","2857","7657E60E3D214EBA4DFDDA6205AB3C053D1BD0210CFB21D38D162E941D6D0BD1","2026-09-21 01:51:16"
"build_p1pra_ninja\_deps\nlohmann_json-subbuild\ZERO_CHECK.vcxproj","5878","AC720041FD57DB0AD2DBD8C99ED366FCE26FFAFF5622015E3B1DA58C37F95004","2026-09-21 01:51:16"
"build_p1pra_ninja\_deps\nlohmann_json-subbuild\ZERO_CHECK.vcxproj.filters","553","71745412B026052DCF342F8CE92A94AB5B58ACA2B4F4591919CF78FFA1BEF199","2026-09-21 01:51:16"
"build_p1pra_ninja\_deps\nlohmann_json-subbuild\CMakeFiles\cmake.check_cache","86","95079B44BCEF481D601432C2FD3C654D7FE85B9C8386C355F2874502B47441D7","2026-09-22 01:05:58"
"build_p1pra_ninja\_deps\nlohmann_json-subbuild\CMakeFiles\CMakeConfigureLog.yaml","271","ECF712160B779608B83B769991FDA879E04498880AF245A3073EE7466823C663","2026-09-21 02:19:49"
"build_p1pra_ninja\_deps\nlohmann_json-subbuild\CMakeFiles\InstallScripts.json","145","8064548E81741796492CFE95CA2201F6A937880C80E09EA8E34CA1A2D6A55672","2026-09-22 01:05:58"
"build_p1pra_ninja\_deps\nlohmann_json-subbuild\CMakeFiles\nlohmann_json-populate-complete","0","E3B0C44298FC1C149AFBF4C8996FB92427AE41E4649B934CA495991B7852B855","2026-09-21 02:19:49"
"build_p1pra_ninja\_deps\nlohmann_json-subbuild\CMakeFiles\rules.ninja","1675","CA62076EC257348A9A995644E363C7129509E8BA8450398E8653AE4F95FAEB50","2026-09-22 01:05:58"
"build_p1pra_ninja\_deps\nlohmann_json-subbuild\CMakeFiles\TargetDirectories.txt","282","88FF0B742146A0A60F54F19FA078856C092F65D8A7E9E16F451A7E0DE4FC08F7","2026-09-22 01:05:58"
"build_p1pra_ninja\_deps\nlohmann_json-subbuild\CMakeFiles\4.4.2\CMakeSystem.cmake","395","CB655F074177502B26612FA979EE72C606731A0B59F300E936EBBA161D8CCE09","2026-09-21 02:19:49"
"build_p1pra_ninja\_deps\nlohmann_json-subbuild\CMakeFiles\nlohmann_json-populate.dir\Labels.json","2015","15686D223E01B47F7EB351B8D2B747B250BC12DFCB4E1EC11500628B7C20F034","2026-09-22 01:05:58"
"build_p1pra_ninja\_deps\nlohmann_json-subbuild\CMakeFiles\nlohmann_json-populate.dir\Labels.txt","1674","35D6D33AF10004FB29B947ABB5B4BC709CBAF59D4EE581DA146CA024274FC045","2026-09-22 01:05:58"
"build_p1pra_ninja\_deps\nlohmann_json-subbuild\nlohmann_json-populate-prefix\src\json.tar.xz","110988","D6C65ACA6B1ED68E7A182F4757257B107AE403032760ED6EF121C9D55E81757D","2026-09-21 02:02:53"
"build_p1pra_ninja\_deps\nlohmann_json-subbuild\nlohmann_json-populate-prefix\src\nlohmann_json-populate-stamp\download-nlohmann_json-populate.cmake","5224","667A89444D812B0BF51AA0F43A6925E5B3090E9A0D317981819B20DE69C101AA","2026-09-21 01:51:16"
"build_p1pra_ninja\_deps\nlohmann_json-subbuild\nlohmann_json-populate-prefix\src\nlohmann_json-populate-stamp\extract-nlohmann_json-populate.cmake","1985","4E69C6E57E6BB6C4580E48126CB89C3F21232EE7E72E993FF95104EC50EB6545","2026-09-21 01:51:16"
"build_p1pra_ninja\_deps\nlohmann_json-subbuild\nlohmann_json-populate-prefix\src\nlohmann_json-populate-stamp\nlohmann_json-populate-build","0","E3B0C44298FC1C149AFBF4C8996FB92427AE41E4649B934CA495991B7852B855","2026-09-21 02:02:53"
"build_p1pra_ninja\_deps\nlohmann_json-subbuild\nlohmann_json-populate-prefix\src\nlohmann_json-populate-stamp\nlohmann_json-populate-configure","0","E3B0C44298FC1C149AFBF4C8996FB92427AE41E4649B934CA495991B7852B855","2026-09-21 02:02:53"
"build_p1pra_ninja\_deps\nlohmann_json-subbuild\nlohmann_json-populate-prefix\src\nlohmann_json-populate-stamp\nlohmann_json-populate-done","0","E3B0C44298FC1C149AFBF4C8996FB92427AE41E4649B934CA495991B7852B855","2026-09-21 02:19:49"
"build_p1pra_ninja\_deps\nlohmann_json-subbuild\nlohmann_json-populate-prefix\src\nlohmann_json-populate-stamp\nlohmann_json-populate-download","0","E3B0C44298FC1C149AFBF4C8996FB92427AE41E4649B934CA495991B7852B855","2026-09-21 02:02:53"
"build_p1pra_ninja\_deps\nlohmann_json-subbuild\nlohmann_json-populate-prefix\src\nlohmann_json-populate-stamp\nlohmann_json-populate-install","0","E3B0C44298FC1C149AFBF4C8996FB92427AE41E4649B934CA495991B7852B855","2026-09-21 02:02:53"
"build_p1pra_ninja\_deps\nlohmann_json-subbuild\nlohmann_json-populate-prefix\src\nlohmann_json-populate-stamp\nlohmann_json-populate-mkdir","0","E3B0C44298FC1C149AFBF4C8996FB92427AE41E4649B934CA495991B7852B855","2026-09-21 02:02:53"
"build_p1pra_ninja\_deps\nlohmann_json-subbuild\nlohmann_json-populate-prefix\src\nlohmann_json-populate-stamp\nlohmann_json-populate-patch","0","E3B0C44298FC1C149AFBF4C8996FB92427AE41E4649B934CA495991B7852B855","2026-09-21 02:02:53"
"build_p1pra_ninja\_deps\nlohmann_json-subbuild\nlohmann_json-populate-prefix\src\nlohmann_json-populate-stamp\nlohmann_json-populate-patch-info.txt","234","1B65EC9FCBBD17A6161E1654B212A61E96B5AF8F684DB5B57CC9A34CCB8FC08A","2026-09-21 01:51:16"
"build_p1pra_ninja\_deps\nlohmann_json-subbuild\nlohmann_json-populate-prefix\src\nlohmann_json-populate-stamp\nlohmann_json-populate-test","0","E3B0C44298FC1C149AFBF4C8996FB92427AE41E4649B934CA495991B7852B855","2026-09-21 02:02:53"
"build_p1pra_ninja\_deps\nlohmann_json-subbuild\nlohmann_json-populate-prefix\src\nlohmann_json-populate-stamp\nlohmann_json-populate-update","0","E3B0C44298FC1C149AFBF4C8996FB92427AE41E4649B934CA495991B7852B855","2026-09-21 02:02:53"
"build_p1pra_ninja\_deps\nlohmann_json-subbuild\nlohmann_json-populate-prefix\src\nlohmann_json-populate-stamp\nlohmann_json-populate-update-info.txt","270","1E7A50B58A848C38CCE229AFDCDDB502800991D383A5B52717831809448F316A","2026-09-21 01:51:16"
"build_p1pra_ninja\_deps\nlohmann_json-subbuild\nlohmann_json-populate-prefix\src\nlohmann_json-populate-stamp\nlohmann_json-populate-urlinfo.txt","1185","73A17DB7DB9517AA2D477B782AF2ED77C4AC6738AA3A7C22EF76953B659C67C0","2026-09-21 01:51:16"
"build_p1pra_ninja\_deps\nlohmann_json-subbuild\nlohmann_json-populate-prefix\src\nlohmann_json-populate-stamp\verify-nlohmann_json-populate.cmake","0","E3B0C44298FC1C149AFBF4C8996FB92427AE41E4649B934CA495991B7852B855","2026-09-21 01:51:16"
"build_p1pra_ninja\_deps\nlohmann_json-subbuild\nlohmann_json-populate-prefix\src\nlohmann_json-populate-stamp\Debug\nlohmann_json-populate-build","0","E3B0C44298FC1C149AFBF4C8996FB92427AE41E4649B934CA495991B7852B855","2026-09-21 01:51:17"
"build_p1pra_ninja\_deps\nlohmann_json-subbuild\nlohmann_json-populate-prefix\src\nlohmann_json-populate-stamp\Debug\nlohmann_json-populate-configure","0","E3B0C44298FC1C149AFBF4C8996FB92427AE41E4649B934CA495991B7852B855","2026-09-21 01:51:17"
"build_p1pra_ninja\_deps\nlohmann_json-subbuild\nlohmann_json-populate-prefix\src\nlohmann_json-populate-stamp\Debug\nlohmann_json-populate-done","0","E3B0C44298FC1C149AFBF4C8996FB92427AE41E4649B934CA495991B7852B855","2026-09-21 01:51:17"
"build_p1pra_ninja\_deps\nlohmann_json-subbuild\nlohmann_json-populate-prefix\src\nlohmann_json-populate-stamp\Debug\nlohmann_json-populate-download","0","E3B0C44298FC1C149AFBF4C8996FB92427AE41E4649B934CA495991B7852B855","2026-09-21 01:51:17"
"build_p1pra_ninja\_deps\nlohmann_json-subbuild\nlohmann_json-populate-prefix\src\nlohmann_json-populate-stamp\Debug\nlohmann_json-populate-install","0","E3B0C44298FC1C149AFBF4C8996FB92427AE41E4649B934CA495991B7852B855","2026-09-21 01:51:17"
"build_p1pra_ninja\_deps\nlohmann_json-subbuild\nlohmann_json-populate-prefix\src\nlohmann_json-populate-stamp\Debug\nlohmann_json-populate-mkdir","0","E3B0C44298FC1C149AFBF4C8996FB92427AE41E4649B934CA495991B7852B855","2026-09-21 01:51:17"
"build_p1pra_ninja\_deps\nlohmann_json-subbuild\nlohmann_json-populate-prefix\src\nlohmann_json-populate-stamp\Debug\nlohmann_json-populate-patch","0","E3B0C44298FC1C149AFBF4C8996FB92427AE41E4649B934CA495991B7852B855","2026-09-21 01:51:17"
"build_p1pra_ninja\_deps\nlohmann_json-subbuild\nlohmann_json-populate-prefix\src\nlohmann_json-populate-stamp\Debug\nlohmann_json-populate-test","0","E3B0C44298FC1C149AFBF4C8996FB92427AE41E4649B934CA495991B7852B855","2026-09-21 01:51:17"
"build_p1pra_ninja\_deps\nlohmann_json-subbuild\nlohmann_json-populate-prefix\src\nlohmann_json-populate-stamp\Debug\nlohmann_json-populate-update","0","E3B0C44298FC1C149AFBF4C8996FB92427AE41E4649B934CA495991B7852B855","2026-09-21 01:51:17"
"build_p1pra_ninja\_deps\nlohmann_json-subbuild\nlohmann_json-populate-prefix\tmp\nlohmann_json-populate-cfgcmd.txt","8","4338C530A76441CDA4F59C911C9FDF950E000F361B796FCD9DB755AAAE241FF9","2026-09-21 01:51:16"
"build_p1pra_ninja\_deps\nlohmann_json-subbuild\nlohmann_json-populate-prefix\tmp\nlohmann_json-populate-mkdirs.cmake","1708","CB5850AB6ABEB878D61ACDD5767F5A27B25CC34066D1D9BC361C5DD4FCC9C067","2026-09-21 02:02:52"
"build_p1pra_ninja\_deps\nlohmann_json-subbuild\x64\Debug\ALL_BUILD\ALL_BUILD.recipe","644","CC40991E9097BAC6AF5576DDCD96762E5ACC0AE307AB0189A37E4694F2D4DFE0","2026-09-21 01:51:17"
"build_p1pra_ninja\_deps\nlohmann_json-subbuild\x64\Debug\ALL_BUILD\ALL_BUILD.tlog\ALL_BUILD.lastbuildstate","191","32D0FC44AA2DAFC04D51C63E8504A0419C5BD4271508DDBFAE456AD473982021","2026-09-21 01:51:17"
"build_p1pra_ninja\_deps\nlohmann_json-subbuild\x64\Debug\ALL_BUILD\ALL_BUILD.tlog\CustomBuild.command.1.tlog","537","DA0489474FA8578E433C31FFA7A659F74769356A24CE50B6B4A38AAD0F9A1FD5","2026-09-21 01:51:17"
"build_p1pra_ninja\_deps\nlohmann_json-subbuild\x64\Debug\ALL_BUILD\ALL_BUILD.tlog\CustomBuild.read.1.tlog","1741","81E23E24B3EC49F0266958C58130664718FB141839C3B98BB45385A7277421C9","2026-09-21 01:51:17"
"build_p1pra_ninja\_deps\nlohmann_json-subbuild\x64\Debug\ALL_BUILD\ALL_BUILD.tlog\CustomBuild.write.1.tlog","168","840A5CD929A47A55CD7001784301146BB0CAA4AF5543383FC43A69B1A65FEC35","2026-09-21 01:51:17"
"build_p1pra_ninja\_deps\nlohmann_json-subbuild\x64\Debug\nlohmann_json-populate\nlohmann_json-populate.recipe","491","15E84EBE790ACAFC3937A1143594F1D7C4FE2E6339C1CF4868F9149E9B58F070","2026-09-21 01:51:17"
"build_p1pra_ninja\_deps\nlohmann_json-subbuild\x64\Debug\nlohmann_json-populate\nlohmann.EDBC372B.tlog\CustomBuild.command.1.tlog","8267","6373E4B6B2C2195B50692C560F47798EB0E8B258256DA30ECA84E69F3F248231","2026-09-21 01:51:16"
"build_p1pra_ninja\_deps\nlohmann_json-subbuild\x64\Debug\nlohmann_json-populate\nlohmann.EDBC372B.tlog\CustomBuild.read.1.tlog","6498","6FFDC19542D0D486F633C7A57538D1127C1CFA1BD030643F0950D6DAE3ED2144","2026-09-21 01:51:16"
"build_p1pra_ninja\_deps\nlohmann_json-subbuild\x64\Debug\nlohmann_json-populate\nlohmann.EDBC372B.tlog\CustomBuild.write.1.tlog","3100","A57CB37165CFD39A2A7BCFA4A3BDE35B24428269CDFDEA21267F8A9CD4DC4BD4","2026-09-21 01:51:16"
"build_p1pra_ninja\_deps\nlohmann_json-subbuild\x64\Debug\nlohmann_json-populate\nlohmann.EDBC372B.tlog\nlohmann_json-populate.lastbuildstate","191","32D0FC44AA2DAFC04D51C63E8504A0419C5BD4271508DDBFAE456AD473982021","2026-09-21 01:51:17"
"build_p1pra_ninja\_deps\nlohmann_json-subbuild\x64\Debug\ZERO_CHECK\ZERO_CHECK.recipe","325","A1DC176117EAE03C86011EEBF18E26976971A9A8779F528033674956761D015D","2026-09-21 01:51:16"
"build_p1pra_ninja\_deps\nlohmann_json-subbuild\x64\Debug\ZERO_CHECK\ZERO_CHECK.tlog\CustomBuild.command.1.tlog","637","A9485A90C830955650A100653817BD6A2B9257F51CEAFA39A7FEE9C5BD531BDF","2026-09-21 01:51:16"
"build_p1pra_ninja\_deps\nlohmann_json-subbuild\x64\Debug\ZERO_CHECK\ZERO_CHECK.tlog\CustomBuild.read.1.tlog","1868","5183C82D4E34BD8BE7D0F78355A4A11B616BD2CE01557A02F6381C3FA2AAE5BD","2026-09-21 01:51:16"
"build_p1pra_ninja\_deps\nlohmann_json-subbuild\x64\Debug\ZERO_CHECK\ZERO_CHECK.tlog\CustomBuild.write.1.tlog","217","6551D40CEE57525A9A9B9AF08E0F8C8067F1D99B845EAC72B7C342FD696CC412","2026-09-21 01:51:16"
"build_p1pra_ninja\_deps\nlohmann_json-subbuild\x64\Debug\ZERO_CHECK\ZERO_CHECK.tlog\ZERO_CHECK.lastbuildstate","191","32D0FC44AA2DAFC04D51C63E8504A0419C5BD4271508DDBFAE456AD473982021","2026-09-21 01:51:16"
"build_p1pra_prod\CMakeCache.txt","43122","2BD750FF061CAA55FA0262A7C93888D71ACA2D3A9EF2B4169E038AB96E5EDE99","2026-09-22 04:19:30"
"build_p1pra_prod\CMakeFiles\cmake.check_cache","86","95079B44BCEF481D601432C2FD3C654D7FE85B9C8386C355F2874502B47441D7","2026-09-22 04:19:30"
"build_p1pra_prod\CMakeFiles\CMakeConfigureLog.yaml","531444","6AC5D8DDCF4C474EDBAB04C3EBAFB7FEFB6B6240000B03994918A397F26081D5","2026-09-22 04:19:29"
"build_p1pra_prod\CMakeFiles\generate.stamp.list","513","BADA781E3B3984E40BD26108F6C1438F62281FA492FFE957C1EDB3DA6E13BE63","2026-09-22 04:19:30"
"build_p1pra_prod\CMakeFiles\4.4.2\CMakeASM_MASMCompiler.cmake","1555","2854EEB905485DAFD438E0C81309CB5FEBF71AC879DD3B77F5823D872C31C841","2026-09-22 04:19:25"
"build_p1pra_prod\CMakeFiles\4.4.2\CMakeCCompiler.cmake","3411","C96A9C696C6E2168D03B3F7B05F229CAA42F1673D3BDC90BC9BB5C7C0A63631E","2026-09-22 04:19:25"
"build_p1pra_prod\CMakeFiles\4.4.2\CMakeCXXCompiler.cmake","6632","3818AE800A1D94F1B189F721136856C561F51E1E9C0562B1C1FD8285A06E357C","2026-09-22 04:19:26"
"build_p1pra_prod\CMakeFiles\4.4.2\CMakeDetermineCompilerABI_C.bin","53248","9048A7121DA3DC494267EA4C31B882A351BBE263B24779AB9240D86C2E5A8E4C","2026-09-22 04:19:25"
"build_p1pra_prod\CMakeFiles\4.4.2\CMakeDetermineCompilerABI_CXX.bin","53248","FB4CDFDF0B94D56AE516BE1E81E4D9E4DF4638EB84E6A1B18D58D68FF2589948","2026-09-22 04:19:26"
"build_p1pra_prod\CMakeFiles\4.4.2\CMakeRCCompiler.cmake","276","F1C96E7B6BC035D04A44733638743F28BF70450E870A3095A55CFF6AD81924FA","2026-09-22 04:19:25"
"build_p1pra_prod\CMakeFiles\4.4.2\CMakeSystem.cmake","399","14F764C3F0C50603F951C55B1787FA383C48D641385221057CD4F25001C4B314","2026-09-22 04:19:23"
"build_p1pra_prod\CMakeFiles\4.4.2\VCTargetsPath.txt","90","7BF0943F47FD89DDF6E8623056ED4AFA49693BCC8C6885EA90D889DBBC3CAD9C","2026-09-22 04:19:23"
"build_p1pra_prod\CMakeFiles\4.4.2\VCTargetsPath.vcxproj","1255","E4B780FA88A782F3788553546AE6BAB68373AE8378266CE7570A7DBEB1120D3D","2026-09-22 04:19:23"
"build_p1pra_prod\CMakeFiles\4.4.2\CompilerIdC\CMakeCCompilerId.c","29974","6B712B317574A51D1D4F3A69F0722D9EF310910570FD191501CDD45655E061D3","2026-09-22 04:19:23"
"build_p1pra_prod\CMakeFiles\4.4.2\CompilerIdC\CompilerIdC.exe","14848","56F3282944DCE75A9DC079756947ABB5F687F44760675984B31B4E86BBC14A86","2026-09-22 04:19:24"
"build_p1pra_prod\CMakeFiles\4.4.2\CompilerIdC\CompilerIdC.vcxproj","2798","AF8BC7C7D110CBD801BAF170898C4EB9021E0272D6E7C0092478EF9A634DF7EC","2026-09-22 04:19:23"
"build_p1pra_prod\CMakeFiles\4.4.2\CompilerIdC\Debug\CMakeCCompilerId.obj","2294","79F7FC01D1053A7E9053BE3AC5D261B975173C9C2151A777546967A662F6DD50","2026-09-22 04:19:24"
"build_p1pra_prod\CMakeFiles\4.4.2\CompilerIdC\Debug\CompilerIdC.exe.recipe","319","39C290824F6A1A16DBD5E4FA7164BB8D439BF9673C3BC7C79C27D9A8548399B6","2026-09-22 04:19:24"
"build_p1pra_prod\CMakeFiles\4.4.2\CompilerIdC\Debug\CompilerIdC.tlog\CL.command.1.tlog","700","7A946174265056778BDC10FF0589E639A069985DE4DAF3CC27FD437822490972","2026-09-22 04:19:24"
"build_p1pra_prod\CMakeFiles\4.4.2\CompilerIdC\Debug\CompilerIdC.tlog\Cl.items.tlog","169","D6FA3CD90BE36367457E0CA30F59E9D6F381C12ABD60CCD771EAB3FDBEBFF2B7","2026-09-22 04:19:24"
"build_p1pra_prod\CMakeFiles\4.4.2\CompilerIdC\Debug\CompilerIdC.tlog\CL.read.1.tlog","568","BE6F0309E03F652C8151AD631A4DB084AD88A795705B6D8A107AB55B9FA6D0B3","2026-09-22 04:19:24"
"build_p1pra_prod\CMakeFiles\4.4.2\CompilerIdC\Debug\CompilerIdC.tlog\CL.write.1.tlog","344","85F2D5C80272C898CC886702E9EF0A4DF43280B5B72B20CD3EE6AC7F3004B4CD","2026-09-22 04:19:24"
"build_p1pra_prod\CMakeFiles\4.4.2\CompilerIdC\Debug\CompilerIdC.tlog\CompilerIdC.lastbuildstate","190","9D076FEA07B0C85F2212D829039C4D5E9A867B29A7EF8F501527CE62B085B0C9","2026-09-22 04:19:24"
"build_p1pra_prod\CMakeFiles\4.4.2\CompilerIdC\Debug\CompilerIdC.tlog\link.command.1.tlog","1004","8EB13A31114B0D53AE2598A7F23A3B3D45027FECABA275CD9F93114666576B20","2026-09-22 04:19:24"
"build_p1pra_prod\CMakeFiles\4.4.2\CompilerIdC\Debug\CompilerIdC.tlog\link.read.1.tlog","3394","8D062EC2D57E4AED7346547D8DDD819DC2383DA583B0AFFA4976792F32F68EE6","2026-09-22 04:19:24"
"build_p1pra_prod\CMakeFiles\4.4.2\CompilerIdC\Debug\CompilerIdC.tlog\link.secondary.1.tlog","90","15CB42687C38DE37D8B592C7BC057F0D7F33286C1D28EB4C5F72707DB453EC2E","2026-09-22 04:19:24"
"build_p1pra_prod\CMakeFiles\4.4.2\CompilerIdC\Debug\CompilerIdC.tlog\link.write.1.tlog","338","ABBF6C21D2D1A3CFFEBEDD944D4F3387E77110B0A887600C8107672FD72ED921","2026-09-22 04:19:24"
"build_p1pra_prod\CMakeFiles\4.4.2\CompilerIdCXX\CMakeCXXCompilerId.cpp","30605","C260F5F6368FE636DA54C24D6ABD310AC6FCC3ACDC4BDC674D9B7223569A85EB","2026-09-22 04:19:24"
"build_p1pra_prod\CMakeFiles\4.4.2\CompilerIdCXX\CompilerIdCXX.exe","15360","4EA93624ED0BFEDA0155B997EDD68735D926338C7947F4344C484D2F74C91CA7","2026-09-22 04:19:24"
"build_p1pra_prod\CMakeFiles\4.4.2\CompilerIdCXX\CompilerIdCXX.vcxproj","2806","21FC02677B659ADE12A520B7B4B7ADF6F15E1C4BE0F1F6D6371CC636682DC3BA","2026-09-22 04:19:24"
"build_p1pra_prod\CMakeFiles\4.4.2\CompilerIdCXX\Debug\CMakeCXXCompilerId.obj","2361","90DB825A49806391C140DE63440AF4885DD5A5DD68EDD712850504DEFA39140B","2026-09-22 04:19:24"
"build_p1pra_prod\CMakeFiles\4.4.2\CompilerIdCXX\Debug\CompilerIdCXX.exe.recipe","323","A1D824E224DA947FB28B510499FABB54A44FFE673F4349D074714FC14EA47FEE","2026-09-22 04:19:24"
"build_p1pra_prod\CMakeFiles\4.4.2\CompilerIdCXX\Debug\CompilerIdCXX.tlog\CL.command.1.tlog","724","FB1C77BCAF2982624EDBAA482989BF64564F05D670D51F18A560B7825F442A45","2026-09-22 04:19:24"
"build_p1pra_prod\CMakeFiles\4.4.2\CompilerIdCXX\Debug\CompilerIdCXX.tlog\Cl.items.tlog","179","8CDEE7F027EE78F0F7376543206BCB6C617422CE2FB240B6A460AB493FB91667","2026-09-22 04:19:24"
"build_p1pra_prod\CMakeFiles\4.4.2\CompilerIdCXX\Debug\CompilerIdCXX.tlog\CL.read.1.tlog","580","F9C3931EC22F6BC5F20821CA04828D118F3DA3CFCFDF84CD72519A69CDD934E3","2026-09-22 04:19:24"
"build_p1pra_prod\CMakeFiles\4.4.2\CompilerIdCXX\Debug\CompilerIdCXX.tlog\CL.write.1.tlog","364","D0F305A828A8C74B0C1DBE666A943C0E2966147D9F31ADCE7CDE5DDF76CE300B","2026-09-22 04:19:24"
"build_p1pra_prod\CMakeFiles\4.4.2\CompilerIdCXX\Debug\CompilerIdCXX.tlog\CompilerIdCXX.lastbuildstate","192","3127271B2E9EFDA8FCC45A029CB48919CC3CEC39E82869D71339DDBC03C54BF1","2026-09-22 04:19:24"
"build_p1pra_prod\CMakeFiles\4.4.2\CompilerIdCXX\Debug\CompilerIdCXX.tlog\link.command.1.tlog","1028","4858528FED733962B709C46C9AF480B228AD1271F62C708E0E0EBB8D6E2CBFF4","2026-09-22 04:19:24"
"build_p1pra_prod\CMakeFiles\4.4.2\CompilerIdCXX\Debug\CompilerIdCXX.tlog\link.read.1.tlog","3410","4578B6093CD9A4DAD115134A400DF051DD6522DE89D5D7D3FB843B4847E6086F","2026-09-22 04:19:24"
"build_p1pra_prod\CMakeFiles\4.4.2\CompilerIdCXX\Debug\CompilerIdCXX.tlog\link.secondary.1.tlog","94","E8AE78C2AF43EBB369DD0C0262BF07D8AFE615C5B0BA408D19D5D2A29842E39E","2026-09-22 04:19:24"
"build_p1pra_prod\CMakeFiles\4.4.2\CompilerIdCXX\Debug\CompilerIdCXX.tlog\link.write.1.tlog","354","F246E3E43A7FB692190463540B08C2819BC82696E6170037A15D9C5F70D25775","2026-09-22 04:19:24"
"build_p1pra_prod\CMakeFiles\4.4.2\VCTargetsPath\x64\Debug\VCTargetsPath.recipe","315","3A49122D202B306CDDB0FBF3CB0C21BB09CCD1ADA4B3A35FB0FF97AA7607B9F6","2026-09-22 04:19:23"
"build_p1pra_prod\CMakeFiles\4.4.2\VCTargetsPath\x64\Debug\VCTargetsPath.tlog\VCTargetsPath.lastbuildstate","178","0F7EE35CDC08B4874B62C0A5374C9EF992507C2FE235C401EA77BA6CBF8CB465","2026-09-22 04:19:23"
"build_p1pra_prod\_deps\nlohmann_json-build\nlohmann_json.pc","115","7629FAC183E1A0948AD7435EE77F88D00CD1C8F0B0CDAF0402BA0329F5552826","2026-09-22 04:19:27"
"build_p1pra_prod\_deps\nlohmann_json-build\nlohmann_jsonConfig.cmake","635","A879DC2B648E17AC32836EF9013B5A6CF1234A74B9A60962CC081C3776C9F13F","2026-09-22 04:19:27"
"build_p1pra_prod\_deps\nlohmann_json-build\nlohmann_jsonConfigVersion.cmake","696","B6D73337D16D3DEB4B192056D1AC9E7E962929EC993F7F9652A949DE3D38CE8F","2026-09-22 04:19:27"
"build_p1pra_prod\_deps\nlohmann_json-src\CMakeLists.txt","7180","9A00F4234C7804AF1A8ABA619C28B7462B11683FD6628A0EA62CBC168764C87F","2023-11-28 14:38:03"
"build_p1pra_prod\_deps\nlohmann_json-src\LICENSE.MIT","1076","86B998C792894CCB911A1CB7994F7A9652894E7A094C0B5E45BE2F553F45CF14","2023-11-28 14:38:03"
"build_p1pra_prod\_deps\nlohmann_json-src\nlohmann_json.natvis","19578","162666E7AB4D725A6E9621F0D31097802B58B838E907AE5445C7C938FD0257B1","2023-11-28 14:38:03"
"build_p1pra_prod\_deps\nlohmann_json-src\cmake\config.cmake.in","710","DE73A6E0CDFC9CB1FC28A6156D7E2660F498C9F30AD7D4DE5600BA279DA0A3F3","2023-11-28 14:38:03"
"build_p1pra_prod\_deps\nlohmann_json-src\cmake\nlohmann_jsonConfigVersion.cmake.in","709","F3E940FC8846A483A5F35B9D47FA9AE700765B60A3D17EED2229A0BD7818F567","2023-11-28 14:38:03"
"build_p1pra_prod\_deps\nlohmann_json-src\cmake\pkg-config.pc.in","126","796C801C759EB4D5E165AFA2441481FFF5487A2FD35BBFCEC841367D9772F760","2023-11-28 14:38:03"
"build_p1pra_prod\_deps\nlohmann_json-src\include\nlohmann\adl_serializer.hpp","2279","242B578E1A41C97DEC6890BD88BDB824CDB76A9EDD849C108299A59469D327E0","2023-11-28 14:38:03"
"build_p1pra_prod\_deps\nlohmann_json-src\include\nlohmann\byte_container_with_subtype.hpp","3533","C7DC197CBB54B9168373B4B9A3E1CC57CC5583BFCF5008B722B363335BC53511","2023-11-28 14:38:03"
"build_p1pra_prod\_deps\nlohmann_json-src\include\nlohmann\json.hpp","198618","2432CBF7F4258453538ECA193CD937FC777462AE2CE8EE9F46E6EE460EF56BEA","2023-11-28 14:38:03"
"build_p1pra_prod\_deps\nlohmann_json-src\include\nlohmann\json_fwd.hpp","2541","C5B950B428534861B5869254FD773AFC724112FC9E141BD1FC89189640A3AE5D","2023-11-28 14:38:03"
"build_p1pra_prod\_deps\nlohmann_json-src\include\nlohmann\ordered_map.hpp","11692","31D1BB02500B734E09C27CE2CC216C8AF188344FBC19A6946AE301A12C7B62DF","2023-11-28 14:38:03"
"build_p1pra_prod\_deps\nlohmann_json-src\include\nlohmann\detail\abi_macros.hpp","3807","1C7DC7C5062B199A35853F4056ED00ED359EF8FA5C7FB15A58BC79598EC21422","2023-11-28 14:38:03"
"build_p1pra_prod\_deps\nlohmann_json-src\include\nlohmann\detail\exceptions.hpp","9267","55299C55106DE2624CA7AA6A5705AD6FF53814C1B52F8FE8D2872F13C956C95A","2023-11-28 14:38:03"
"build_p1pra_prod\_deps\nlohmann_json-src\include\nlohmann\detail\hash.hpp","4016","74A9E3AF772127CF0B12EE794ABC8C47B5BEA74CE658D0D20179A26BE5D95D0D","2023-11-28 14:38:03"
"build_p1pra_prod\_deps\nlohmann_json-src\include\nlohmann\detail\json_custom_base_class.hpp","1178","70DA7C5B17777F8DA6D83310D6526856542585EFA8A078DB61227B11AAF9EC0B","2023-11-28 14:38:03"
"build_p1pra_prod\_deps\nlohmann_json-src\include\nlohmann\detail\json_pointer.hpp","37143","4CF537AD88B2D686D5A349B26DA7E012BA9A58B01A0AB2BADAA796D9150E69BB","2023-11-28 14:38:03"
"build_p1pra_prod\_deps\nlohmann_json-src\include\nlohmann\detail\json_ref.hpp","1811","1660750DD10A562AAC1EEA37021F1E7138A5D6D50B051815708497A8D30BF60D","2023-11-28 14:38:03"
"build_p1pra_prod\_deps\nlohmann_json-src\include\nlohmann\detail\macro_scope.hpp","43639","70D2B2AA49A93170DED3D0C0D1B0F76103FDD09704BA5ECC862BC03095920847","2023-11-28 14:38:03"
"build_p1pra_prod\_deps\nlohmann_json-src\include\nlohmann\detail\macro_unscope.hpp","1252","5F7040DF475E2C943D9B22C335B61600DEB14B1E48A69B3450DE4C4A08C320BC","2023-11-28 14:38:03"
"build_p1pra_prod\_deps\nlohmann_json-src\include\nlohmann\detail\string_concat.hpp","5951","E8001630045F800C0EBCFC19E2B2F90139A4D20A9A359E134657767FD6FA9AA2","2023-11-28 14:38:03"
"build_p1pra_prod\_deps\nlohmann_json-src\include\nlohmann\detail\string_escape.hpp","2168","3BF6687FFA7F6FD3034591ADFDD6EA073584DF83694C6B57FEED9ADA965801E7","2023-11-28 14:38:03"
"build_p1pra_prod\_deps\nlohmann_json-src\include\nlohmann\detail\value_t.hpp","4326","60A7E24B34E93B8BA40EECF310A40C55042754328271C246F9CC1069F6A25958","2023-11-28 14:38:03"
"build_p1pra_prod\_deps\nlohmann_json-src\include\nlohmann\detail\conversions\from_json.hpp","18880","B37CED0BA32F8AC5834B4C96058CA5E445BCCEA27F46299A359EED0ECBF2E58E","2023-11-28 14:38:03"
"build_p1pra_prod\_deps\nlohmann_json-src\include\nlohmann\detail\conversions\to_chars.hpp","38562","5FE11205C45DBD08373244D743F38E89CEEFB8C9B5FC4C68077117C786D53BEF","2023-11-28 14:38:03"
"build_p1pra_prod\_deps\nlohmann_json-src\include\nlohmann\detail\conversions\to_json.hpp","16274","73BAD524856D475A6071FD7B5422F80DF13BA7586F0D4B48141C2EC60CEBCF89","2023-11-28 14:38:03"
"build_p1pra_prod\_deps\nlohmann_json-src\include\nlohmann\detail\input\binary_reader.hpp","103146","484BCC276C4FA6C7C61A93A8223F3E53BB4DC966E688E96641A93A50D7E503E9","2023-11-28 14:38:03"
"build_p1pra_prod\_deps\nlohmann_json-src\include\nlohmann\detail\input\input_adapters.hpp","17402","BD549419506089C82C94446F939587362FF01516B8E6624C472E704D27B1BE42","2023-11-28 14:38:03"
"build_p1pra_prod\_deps\nlohmann_json-src\include\nlohmann\detail\input\json_sax.hpp","21420","9147C9D07784A5F3DE890D68401AE07D03D0BC0DB24EBCBE7BEB8A31CFD858A0","2023-11-28 14:38:03"
"build_p1pra_prod\_deps\nlohmann_json-src\include\nlohmann\detail\input\lexer.hpp","54569","550C275F09D55DEB1705B97B8A15B02F211EA0BA87E95452E7A023B854BB024C","2023-11-28 14:38:03"
"build_p1pra_prod\_deps\nlohmann_json-src\include\nlohmann\detail\input\parser.hpp","19661","094AED22CFDD641AC15EF59BFEF8DD1E23FD92373633A92ED928CB580F0CBD7E","2023-11-28 14:38:03"
"build_p1pra_prod\_deps\nlohmann_json-src\include\nlohmann\detail\input\position_t.hpp","958","0C9C5BE26020C0A7929F3CC1E7E0065589D6A8F4DC1BD2EE13F10EF1A7EFAA24","2023-11-28 14:38:03"
"build_p1pra_prod\_deps\nlohmann_json-src\include\nlohmann\detail\iterators\internal_iterator.hpp","1071","E75CF5E3C9AE358055BF3335FA2C5B6BBFBD1E24EA3DFDB62C187F37A8E2B485","2023-11-28 14:38:03"
"build_p1pra_prod\_deps\nlohmann_json-src\include\nlohmann\detail\iterators\iteration_proxy.hpp","8238","839EFBA147F6F15C693C741039DAA3D383C2F4AFB8FE653E4DAD49A9F998D1D1","2023-11-28 14:38:03"
"build_p1pra_prod\_deps\nlohmann_json-src\include\nlohmann\detail\iterators\iterator_traits.hpp","1757","04B0EDAEB214AA1C932B9078849A8FBBBDA9C7A241B4CBC28A90B6D11C959443","2023-11-28 14:38:03"
"build_p1pra_prod\_deps\nlohmann_json-src\include\nlohmann\detail\iterators\iter_impl.hpp","24046","70D81EBB931DB43A19FE3872A3FB1BC91FAB27509C8D29EE4C4DD247B384CAE1","2023-11-28 14:38:03"
"build_p1pra_prod\_deps\nlohmann_json-src\include\nlohmann\detail\iterators\json_reverse_iterator.hpp","3861","031B45C4F90AB7D64ECB6606FAD880D867A23FC63A431F0DE34F0FC104307B66","2023-11-28 14:38:03"
"build_p1pra_prod\_deps\nlohmann_json-src\include\nlohmann\detail\iterators\primitive_iterator.hpp","3227","6C949107BB779CECB8BEBA0835F7292656B52B08C3F6A6D3B27229B58C28AEFE","2023-11-28 14:38:03"
"build_p1pra_prod\_deps\nlohmann_json-src\include\nlohmann\detail\meta\cpp_future.hpp","5178","486BA5A3724131D0C1646E36D9A4A9877505B2914078347E6067BB65593F01CE","2023-11-28 14:38:03"
"build_p1pra_prod\_deps\nlohmann_json-src\include\nlohmann\detail\meta\detected.hpp","2109","F79AA1F107E4DFD4554753E6FE05364A1147EF4498D3125CFC939A5534D2D527","2023-11-28 14:38:03"
"build_p1pra_prod\_deps\nlohmann_json-src\include\nlohmann\detail\meta\identity_tag.hpp","526","BBA9559DEC8519DE3044B537E96A59A601831797A5A3C38BF8023A6D949118D0","2023-11-28 14:38:03"
"build_p1pra_prod\_deps\nlohmann_json-src\include\nlohmann\detail\meta\is_sax.hpp","6960","1F81D6098B9AAD02A95C27EC333BBB13EEC3C5171B968E39B7ECB1B06B16C55B","2023-11-28 14:38:03"
"build_p1pra_prod\_deps\nlohmann_json-src\include\nlohmann\detail\meta\std_fs.hpp","766","FB514154EA8C11C04A00EFEB2E89EDBFD40F149ED39EF36568D9B2A1062E85E0","2023-11-28 14:38:03"
"build_p1pra_prod\_deps\nlohmann_json-src\include\nlohmann\detail\meta\type_traits.hpp","29454","1F901F9E4BCD585FF22C6B0C0956566BA8A4A1238A490A64E7755A2C313040D5","2023-11-28 14:38:03"
"build_p1pra_prod\_deps\nlohmann_json-src\include\nlohmann\detail\meta\void_t.hpp","597","581E7B157457EB9C488793F2CD7066B2C1BA31D5E9FEA6F0D67C8C732B5088E4","2023-11-28 14:38:03"
"build_p1pra_prod\_deps\nlohmann_json-src\include\nlohmann\detail\meta\call_std\begin.hpp","453","379660C15A30B84FF2A67E22734638F608CC37B34648461C7E9167DA1153D861","2023-11-28 14:38:03"
"build_p1pra_prod\_deps\nlohmann_json-src\include\nlohmann\detail\meta\call_std\end.hpp","451","DECA609BF200442F452B848C19F28EE30879DF0CA35E959ED3B41F861C92DF55","2023-11-28 14:38:03"
"build_p1pra_prod\_deps\nlohmann_json-src\include\nlohmann\detail\output\binary_writer.hpp","71152","665CE1EA5FB2CB425896B713BDD8D8D5A6D69688924FA6E2EFAFFB4E9D132011","2023-11-28 14:38:03"
"build_p1pra_prod\_deps\nlohmann_json-src\include\nlohmann\detail\output\output_adapters.hpp","4067","1E0BCC375B4D84180649198E2F8061F5968A10A6913231FEE097689D281ED565","2023-11-28 14:38:03"
"build_p1pra_prod\_deps\nlohmann_json-src\include\nlohmann\detail\output\serializer.hpp","40163","259C611D4B1147E3626D25BC05994B28F91F4FCCA2E578E486DCF51C0234E5C8","2023-11-28 14:38:03"
"build_p1pra_prod\_deps\nlohmann_json-src\include\nlohmann\thirdparty\hedley\hedley.hpp","86068","20D6C1C6D6C30365F68A45093798937971B593919FB3051431F0C015DFA671FB","2023-11-28 14:38:03"
"build_p1pra_prod\_deps\nlohmann_json-src\include\nlohmann\thirdparty\hedley\hedley_undef.hpp","5500","0F8902F26872F40A2514E9C9BE2FCEBFCE6CDE0022E9364FDDD17FB49575B146","2023-11-28 14:38:03"
"build_p1pra_prod\_deps\nlohmann_json-src\single_include\nlohmann\json.hpp","919975","9BEA4C8066EF4A1C206B2BE5A36302F8926F7FDC6087AF5D20B417D0CF103EA6","2023-11-28 14:38:03"
"build_p1pra_prod\_deps\nlohmann_json-src\single_include\nlohmann\json_fwd.hpp","6340","5CEFBBA751BAF5243033FD894C70BE9B37103D64B3D3A959E4173197D71137B9","2023-11-28 14:38:03"
"build_p1pra_prod\_deps\nlohmann_json-subbuild\ALL_BUILD.vcxproj","6407","334777D5F390F8AF133F2FB2C0FB0DF944420F55C406EB53C937CFCCD3ACE616","2026-09-22 04:19:26"
"build_p1pra_prod\_deps\nlohmann_json-subbuild\ALL_BUILD.vcxproj.filters","315","8FE962E4619FE1FEF8381BFE7B4507EF3EA7589E651916295CF548FF1D0038CC","2026-09-22 04:19:26"
"build_p1pra_prod\_deps\nlohmann_json-subbuild\CMakeCache.txt","5425","3E7949F0F1EDDAE1E54B66E0ED6564F6FFA51078D2596DE0AC03DFA6AFA748EC","2026-09-22 04:19:26"
"build_p1pra_prod\_deps\nlohmann_json-subbuild\CMakeLists.txt","1546","856066639ADFEF5E99CC2F87B07A70BA93D15AA80E4D5B3D38C2E0B5852276C6","2026-09-22 04:19:26"
"build_p1pra_prod\_deps\nlohmann_json-subbuild\cmake_install.cmake","1999","1DFB3C40D9DD2C76D5E5847FC4A0F4D1F9C0C1FBA3155CCE396C0CB9B51DFEFF","2026-09-22 04:19:26"
"build_p1pra_prod\_deps\nlohmann_json-subbuild\nlohmann_json-populate.sln","2673","ACC80BDE3B75720055E6CA363722FC583DDF1DD43E65CA46CAC94E982BA60D1E","2026-09-22 04:19:26"
"build_p1pra_prod\_deps\nlohmann_json-subbuild\nlohmann_json-populate.vcxproj","25301","3E6EF25B06226BDD2C0C65472F0F4CE99492E7C88169A8DB1EBC58BDEC5CCCBB","2026-09-22 04:19:26"
"build_p1pra_prod\_deps\nlohmann_json-subbuild\nlohmann_json-populate.vcxproj.filters","2845","F17CE80BBE5D8973332572B8915635A0862CAE4CD0C1B871A1D997E6D29A4007","2026-09-22 04:19:26"
"build_p1pra_prod\_deps\nlohmann_json-subbuild\ZERO_CHECK.vcxproj","5870","283B35FA5E356A94E37DA1B59B2EA782A144DE42DA9E5EF2D4BE3966A0C2FCF9","2026-09-22 04:19:26"
"build_p1pra_prod\_deps\nlohmann_json-subbuild\ZERO_CHECK.vcxproj.filters","552","58F2AC4E62C6AF67DD8995B605242BA55C806375BCC5A6CE21A99ACC5F0B1BBC","2026-09-22 04:19:26"
"build_p1pra_prod\_deps\nlohmann_json-subbuild\CMakeFiles\cmake.check_cache","86","95079B44BCEF481D601432C2FD3C654D7FE85B9C8386C355F2874502B47441D7","2026-09-22 04:19:26"
"build_p1pra_prod\_deps\nlohmann_json-subbuild\CMakeFiles\CMakeConfigureLog.yaml","271","ECF712160B779608B83B769991FDA879E04498880AF245A3073EE7466823C663","2026-09-22 04:19:26"
"build_p1pra_prod\_deps\nlohmann_json-subbuild\CMakeFiles\generate.stamp","55","302F7E9A0C863C04B740065ADE01D243C7587D7272FC79FB002870128A9558EB","2026-09-22 04:19:27"
"build_p1pra_prod\_deps\nlohmann_json-subbuild\CMakeFiles\generate.stamp.depend","1793","BB51D3B239377F2FEB1F6BC53056EB5522AFF643F17CD2A2F3D5D47E993FFDB0","2026-09-22 04:19:26"
"build_p1pra_prod\_deps\nlohmann_json-subbuild\CMakeFiles\generate.stamp.list","88","026D237FE7850C7673CD6077DB7401CAE03B912255D27CA51B89BF8FD6E46F9E","2026-09-22 04:19:26"
"build_p1pra_prod\_deps\nlohmann_json-subbuild\CMakeFiles\InstallScripts.json","144","E72B56DDC53B3F80D591BF0E162BB0AB01097FF00B4EC8D81D791D80F4B9A535","2026-09-22 04:19:26"
"build_p1pra_prod\_deps\nlohmann_json-subbuild\CMakeFiles\TargetDirectories.txt","275","AE8F1E7EA6D951FAB51F406F5E8BBDF1ECC3B72EBF523BE4C7A8E07B0D7F1F87","2026-09-22 04:19:26"
"build_p1pra_prod\_deps\nlohmann_json-subbuild\CMakeFiles\29672cac7e9e6bf8d2bc7b67c81b08d2\nlohmann_json-populate-complete.rule","24","6D2663216BB5708992DAD2784A833F449113AFD00FD431274CA956FB2530D391","2000-12-31 19:00:00"
"build_p1pra_prod\_deps\nlohmann_json-subbuild\CMakeFiles\2e789998cc977512056d48711c8b5571\nlohmann_json-populate-build.rule","24","6D2663216BB5708992DAD2784A833F449113AFD00FD431274CA956FB2530D391","2000-12-31 19:00:00"
"build_p1pra_prod\_deps\nlohmann_json-subbuild\CMakeFiles\2e789998cc977512056d48711c8b5571\nlohmann_json-populate-configure.rule","24","6D2663216BB5708992DAD2784A833F449113AFD00FD431274CA956FB2530D391","2000-12-31 19:00:00"
"build_p1pra_prod\_deps\nlohmann_json-subbuild\CMakeFiles\2e789998cc977512056d48711c8b5571\nlohmann_json-populate-download.rule","24","6D2663216BB5708992DAD2784A833F449113AFD00FD431274CA956FB2530D391","2000-12-31 19:00:00"
"build_p1pra_prod\_deps\nlohmann_json-subbuild\CMakeFiles\2e789998cc977512056d48711c8b5571\nlohmann_json-populate-install.rule","24","6D2663216BB5708992DAD2784A833F449113AFD00FD431274CA956FB2530D391","2000-12-31 19:00:00"
"build_p1pra_prod\_deps\nlohmann_json-subbuild\CMakeFiles\2e789998cc977512056d48711c8b5571\nlohmann_json-populate-mkdir.rule","24","6D2663216BB5708992DAD2784A833F449113AFD00FD431274CA956FB2530D391","2000-12-31 19:00:00"
"build_p1pra_prod\_deps\nlohmann_json-subbuild\CMakeFiles\2e789998cc977512056d48711c8b5571\nlohmann_json-populate-patch.rule","24","6D2663216BB5708992DAD2784A833F449113AFD00FD431274CA956FB2530D391","2000-12-31 19:00:00"
"build_p1pra_prod\_deps\nlohmann_json-subbuild\CMakeFiles\2e789998cc977512056d48711c8b5571\nlohmann_json-populate-test.rule","24","6D2663216BB5708992DAD2784A833F449113AFD00FD431274CA956FB2530D391","2000-12-31 19:00:00"
"build_p1pra_prod\_deps\nlohmann_json-subbuild\CMakeFiles\2e789998cc977512056d48711c8b5571\nlohmann_json-populate-update.rule","24","6D2663216BB5708992DAD2784A833F449113AFD00FD431274CA956FB2530D391","2000-12-31 19:00:00"
"build_p1pra_prod\_deps\nlohmann_json-subbuild\CMakeFiles\4.4.2\CMakeSystem.cmake","395","CB655F074177502B26612FA979EE72C606731A0B59F300E936EBBA161D8CCE09","2026-09-22 04:19:26"
"build_p1pra_prod\_deps\nlohmann_json-subbuild\CMakeFiles\4.4.2\VCTargetsPath.txt","90","7BF0943F47FD89DDF6E8623056ED4AFA49693BCC8C6885EA90D889DBBC3CAD9C","2026-09-22 04:19:26"
"build_p1pra_prod\_deps\nlohmann_json-subbuild\CMakeFiles\4.4.2\VCTargetsPath.vcxproj","1255","E4B780FA88A782F3788553546AE6BAB68373AE8378266CE7570A7DBEB1120D3D","2026-09-22 04:19:26"
"build_p1pra_prod\_deps\nlohmann_json-subbuild\CMakeFiles\4.4.2\VCTargetsPath\x64\Debug\VCTargetsPath.recipe","344","89DDC524163B2F1C4C142DD5F1073ED2C88187765A099212623D268A1FE522CF","2026-09-22 04:19:26"
"build_p1pra_prod\_deps\nlohmann_json-subbuild\CMakeFiles\4.4.2\VCTargetsPath\x64\Debug\VCTargetsPath.tlog\VCTargetsPath.lastbuildstate","207","3766160089912BD863A18E5525C3230A2BD23B73A9393858A031ACB65328371C","2026-09-22 04:19:26"
"build_p1pra_prod\_deps\nlohmann_json-subbuild\CMakeFiles\Debug\nlohmann_json-populate-complete","0","E3B0C44298FC1C149AFBF4C8996FB92427AE41E4649B934CA495991B7852B855","2026-09-22 04:19:27"
"build_p1pra_prod\_deps\nlohmann_json-subbuild\CMakeFiles\fc1b795c8f8d5ff6d82cb46995c876f4\generate.stamp.rule","24","6D2663216BB5708992DAD2784A833F449113AFD00FD431274CA956FB2530D391","2000-12-31 19:00:00"
"build_p1pra_prod\_deps\nlohmann_json-subbuild\CMakeFiles\fc1b795c8f8d5ff6d82cb46995c876f4\nlohmann_json-populate.rule","24","6D2663216BB5708992DAD2784A833F449113AFD00FD431274CA956FB2530D391","2000-12-31 19:00:00"
"build_p1pra_prod\_deps\nlohmann_json-subbuild\CMakeFiles\nlohmann_json-populate.dir\Labels.json","1918","AC06030AF0494EFA0196345A1040E5F5C36D3378244DD0CFA7B7BBC77F09D187","2026-09-22 04:19:26"
"build_p1pra_prod\_deps\nlohmann_json-subbuild\CMakeFiles\nlohmann_json-populate.dir\Labels.txt","1577","B7FDA5758277B5E41AE20EF7ABF9E2DA8EBB8436062E23F479559026D4B7FBC2","2026-09-22 04:19:26"
"build_p1pra_prod\_deps\nlohmann_json-subbuild\nlohmann_json-populate-prefix\src\json.tar.xz","110988","D6C65ACA6B1ED68E7A182F4757257B107AE403032760ED6EF121C9D55E81757D","2026-09-22 04:19:27"
"build_p1pra_prod\_deps\nlohmann_json-subbuild\nlohmann_json-populate-prefix\src\nlohmann_json-populate-stamp\download-nlohmann_json-populate.cmake","5213","DE99B560A1A0012560256D7FE2D7B9F2A18A207F2BC70605A5D5CA555BA7C018","2026-09-22 04:19:26"
"build_p1pra_prod\_deps\nlohmann_json-subbuild\nlohmann_json-populate-prefix\src\nlohmann_json-populate-stamp\extract-nlohmann_json-populate.cmake","1983","7058F3EA94E13E2753F8643BE6D6BC558A1B396407DD70BEB9AFF68EF771533A","2026-09-22 04:19:26"
"build_p1pra_prod\_deps\nlohmann_json-subbuild\nlohmann_json-populate-prefix\src\nlohmann_json-populate-stamp\nlohmann_json-populate-patch-info.txt","234","1B65EC9FCBBD17A6161E1654B212A61E96B5AF8F684DB5B57CC9A34CCB8FC08A","2026-09-22 04:19:26"
"build_p1pra_prod\_deps\nlohmann_json-subbuild\nlohmann_json-populate-prefix\src\nlohmann_json-populate-stamp\nlohmann_json-populate-update-info.txt","270","1E7A50B58A848C38CCE229AFDCDDB502800991D383A5B52717831809448F316A","2026-09-22 04:19:26"
"build_p1pra_prod\_deps\nlohmann_json-subbuild\nlohmann_json-populate-prefix\src\nlohmann_json-populate-stamp\nlohmann_json-populate-urlinfo.txt","1180","19E69733F2BEBCE60A2F5C172FCDFA730E8A1C4CFEC57C540CF6AB56F6A8DF3E","2026-09-22 04:19:26"
"build_p1pra_prod\_deps\nlohmann_json-subbuild\nlohmann_json-populate-prefix\src\nlohmann_json-populate-stamp\verify-nlohmann_json-populate.cmake","0","E3B0C44298FC1C149AFBF4C8996FB92427AE41E4649B934CA495991B7852B855","2026-09-22 04:19:26"
"build_p1pra_prod\_deps\nlohmann_json-subbuild\nlohmann_json-populate-prefix\src\nlohmann_json-populate-stamp\Debug\nlohmann_json-populate-build","0","E3B0C44298FC1C149AFBF4C8996FB92427AE41E4649B934CA495991B7852B855","2026-09-22 04:19:27"
"build_p1pra_prod\_deps\nlohmann_json-subbuild\nlohmann_json-populate-prefix\src\nlohmann_json-populate-stamp\Debug\nlohmann_json-populate-configure","0","E3B0C44298FC1C149AFBF4C8996FB92427AE41E4649B934CA495991B7852B855","2026-09-22 04:19:27"
"build_p1pra_prod\_deps\nlohmann_json-subbuild\nlohmann_json-populate-prefix\src\nlohmann_json-populate-stamp\Debug\nlohmann_json-populate-done","0","E3B0C44298FC1C149AFBF4C8996FB92427AE41E4649B934CA495991B7852B855","2026-09-22 04:19:27"
"build_p1pra_prod\_deps\nlohmann_json-subbuild\nlohmann_json-populate-prefix\src\nlohmann_json-populate-stamp\Debug\nlohmann_json-populate-download","0","E3B0C44298FC1C149AFBF4C8996FB92427AE41E4649B934CA495991B7852B855","2026-09-22 04:19:27"
"build_p1pra_prod\_deps\nlohmann_json-subbuild\nlohmann_json-populate-prefix\src\nlohmann_json-populate-stamp\Debug\nlohmann_json-populate-install","0","E3B0C44298FC1C149AFBF4C8996FB92427AE41E4649B934CA495991B7852B855","2026-09-22 04:19:27"
"build_p1pra_prod\_deps\nlohmann_json-subbuild\nlohmann_json-populate-prefix\src\nlohmann_json-populate-stamp\Debug\nlohmann_json-populate-mkdir","0","E3B0C44298FC1C149AFBF4C8996FB92427AE41E4649B934CA495991B7852B855","2026-09-22 04:19:27"
"build_p1pra_prod\_deps\nlohmann_json-subbuild\nlohmann_json-populate-prefix\src\nlohmann_json-populate-stamp\Debug\nlohmann_json-populate-patch","0","E3B0C44298FC1C149AFBF4C8996FB92427AE41E4649B934CA495991B7852B855","2026-09-22 04:19:27"
"build_p1pra_prod\_deps\nlohmann_json-subbuild\nlohmann_json-populate-prefix\src\nlohmann_json-populate-stamp\Debug\nlohmann_json-populate-test","0","E3B0C44298FC1C149AFBF4C8996FB92427AE41E4649B934CA495991B7852B855","2026-09-22 04:19:27"
"build_p1pra_prod\_deps\nlohmann_json-subbuild\nlohmann_json-populate-prefix\src\nlohmann_json-populate-stamp\Debug\nlohmann_json-populate-update","0","E3B0C44298FC1C149AFBF4C8996FB92427AE41E4649B934CA495991B7852B855","2026-09-22 04:19:27"
"build_p1pra_prod\_deps\nlohmann_json-subbuild\nlohmann_json-populate-prefix\tmp\nlohmann_json-populate-cfgcmd.txt","8","4338C530A76441CDA4F59C911C9FDF950E000F361B796FCD9DB755AAAE241FF9","2026-09-22 04:19:26"
"build_p1pra_prod\_deps\nlohmann_json-subbuild\nlohmann_json-populate-prefix\tmp\nlohmann_json-populate-mkdirs.cmake","1703","D0091F2FEEF7B0F9F4B533A364AFEC2BAA3A98BF404C814BC84E06922C48CB97","2026-09-22 04:19:26"
"build_p1pra_prod\_deps\nlohmann_json-subbuild\x64\Debug\ALL_BUILD\ALL_BUILD.recipe","641","BE51C2AC99AFA4BFF8FE3E3A18FBF35FA1A937DBA230B3A10E387B6E3481EAE1","2026-09-22 04:19:27"
"build_p1pra_prod\_deps\nlohmann_json-subbuild\x64\Debug\ALL_BUILD\ALL_BUILD.tlog\ALL_BUILD.lastbuildstate","190","7FECC3F3218607E074FFAB49E6B2B0637075FEFD43A9AC21B6CC29B1A9EFE00E","2026-09-22 04:19:27"
"build_p1pra_prod\_deps\nlohmann_json-subbuild\x64\Debug\ALL_BUILD\ALL_BUILD.tlog\CustomBuild.command.1.tlog","533","B6476FFEA6C9AE25BC42F0098C4B01675A3325D721128852307A3FF95EADE69D","2026-09-22 04:19:27"
"build_p1pra_prod\_deps\nlohmann_json-subbuild\x64\Debug\ALL_BUILD\ALL_BUILD.tlog\CustomBuild.read.1.tlog","1738","E29B3D27B90B99955EADAB8C96007EC9B9936EC19D1332FF8D19682F7CAF6DF5","2026-09-22 04:19:27"
"build_p1pra_prod\_deps\nlohmann_json-subbuild\x64\Debug\ALL_BUILD\ALL_BUILD.tlog\CustomBuild.write.1.tlog","166","A56D2388380742216C799B6E0190989DC67D8D835D9C1ABB32F394C3979F8EE4","2026-09-22 04:19:27"
"build_p1pra_prod\_deps\nlohmann_json-subbuild\x64\Debug\nlohmann_json-populate\nlohmann_json-populate.recipe","489","9B85B7E8AE36869EC2F583AC223C770B4592038B1C6FE97440FC722D11399A49","2026-09-22 04:19:27"
"build_p1pra_prod\_deps\nlohmann_json-subbuild\x64\Debug\nlohmann_json-populate\nlohmann.1A1B0D30.tlog\CustomBuild.command.1.tlog","8233","8EA68BCC869C005941414AD1F82F77612B6E04FD64C006BB8CC3C171841630D3","2026-09-22 04:19:27"
"build_p1pra_prod\_deps\nlohmann_json-subbuild\x64\Debug\nlohmann_json-populate\nlohmann.1A1B0D30.tlog\CustomBuild.read.1.tlog","6464","29CC25696B146CF95F5533456749ABB29B8AD41990EC4FEFA009C18E9F2EC02B","2026-09-22 04:19:27"
"build_p1pra_prod\_deps\nlohmann_json-subbuild\x64\Debug\nlohmann_json-populate\nlohmann.1A1B0D30.tlog\CustomBuild.write.1.tlog","3078","F247817E7FF2EED66508611B4C3E78B176F9D7AAB55CCD07106D066D74A1C666","2026-09-22 04:19:27"
"build_p1pra_prod\_deps\nlohmann_json-subbuild\x64\Debug\nlohmann_json-populate\nlohmann.1A1B0D30.tlog\nlohmann_json-populate.lastbuildstate","190","7FECC3F3218607E074FFAB49E6B2B0637075FEFD43A9AC21B6CC29B1A9EFE00E","2026-09-22 04:19:27"
"build_p1pra_prod\_deps\nlohmann_json-subbuild\x64\Debug\ZERO_CHECK\ZERO_CHECK.recipe","324","12C735E0999C0FC0C5B87D1E64B3A34FF5415DA7C09D567EE5AF0317C4C2DD78","2026-09-22 04:19:27"
"build_p1pra_prod\_deps\nlohmann_json-subbuild\x64\Debug\ZERO_CHECK\ZERO_CHECK.tlog\CustomBuild.command.1.tlog","633","E06082CCED4D0DA46DED46C8E3918ABD315F6A01FFFD97CE05F3A10AA9F118AB","2026-09-22 04:19:26"
"build_p1pra_prod\_deps\nlohmann_json-subbuild\x64\Debug\ZERO_CHECK\ZERO_CHECK.tlog\CustomBuild.read.1.tlog","1864","71BD51E01AECE7BE45093786895E5AF5AA1796E4A37F684BBE1C64F7BE513D39","2026-09-22 04:19:26"
"build_p1pra_prod\_deps\nlohmann_json-subbuild\x64\Debug\ZERO_CHECK\ZERO_CHECK.tlog\CustomBuild.write.1.tlog","215","05B5B6770708D74375E36F7ADC3D4450F98768172E26D6BD31A2F826671AD690","2026-09-22 04:19:26"
"build_p1pra_prod\_deps\nlohmann_json-subbuild\x64\Debug\ZERO_CHECK\ZERO_CHECK.tlog\ZERO_CHECK.lastbuildstate","190","7FECC3F3218607E074FFAB49E6B2B0637075FEFD43A9AC21B6CC29B1A9EFE00E","2026-09-22 04:19:27"
"build_p1pra_win32ide_ninja\CMakeFiles\CMakeConfigureLog.yaml","535896","90D693A95FE5BB80BFB4C48A38948A4FC849F127EC3F62E80A51196480D61F8B","2026-09-22 09:02:41"
"build_p1pra_win32ide_ninja\CMakeFiles\4.4.2\CMakeASM_MASMCompiler.cmake","1555","2854EEB905485DAFD438E0C81309CB5FEBF71AC879DD3B77F5823D872C31C841","2026-09-22 09:02:39"
"build_p1pra_win32ide_ninja\CMakeFiles\4.4.2\CMakeCCompiler.cmake","3433","AC464FA49275380D8836A0121B85375623E822C035DF70A068A554ADB61C3D20","2026-09-22 09:02:39"
"build_p1pra_win32ide_ninja\CMakeFiles\4.4.2\CMakeCXXCompiler.cmake","6749","697FF827E1571D62CF6ECBBB882AD023B2621575B55BE87159545332150C7E3C","2026-09-22 09:02:40"
"build_p1pra_win32ide_ninja\CMakeFiles\4.4.2\CMakeDetermineCompilerABI_C.bin","53248","E50A2F26B68B391FA3C3619C8C0C050B38F3A8322C7F07CD4F4729652CDAFD44","2026-09-22 09:02:39"
"build_p1pra_win32ide_ninja\CMakeFiles\4.4.2\CMakeDetermineCompilerABI_CXX.bin","53248","E03CA149BE3A7F5D94168F7289C1C23289505889515C8D81D15EF40F7A55DCF8","2026-09-22 09:02:40"
"build_p1pra_win32ide_ninja\CMakeFiles\4.4.2\CMakeRCCompiler.cmake","276","F1C96E7B6BC035D04A44733638743F28BF70450E870A3095A55CFF6AD81924FA","2026-09-22 09:02:39"
"build_p1pra_win32ide_ninja\CMakeFiles\4.4.2\CMakeSystem.cmake","399","14F764C3F0C50603F951C55B1787FA383C48D641385221057CD4F25001C4B314","2026-09-22 09:02:38"
"build_p1pra_win32ide_ninja\CMakeFiles\4.4.2\CompilerIdC\CMakeCCompilerId.c","29974","6B712B317574A51D1D4F3A69F0722D9EF310910570FD191501CDD45655E061D3","2026-09-22 09:02:38"
"build_p1pra_win32ide_ninja\CMakeFiles\4.4.2\CompilerIdC\CMakeCCompilerId.exe","108032","9B03A4DA0A599919141FBF909041397AB7AF86D74016322F425B84A022A71509","2026-09-22 09:02:38"
"build_p1pra_win32ide_ninja\CMakeFiles\4.4.2\CompilerIdC\CMakeCCompilerId.obj","1947","77F283D5448A8C1982CF68FF181905D5ADC1F2833536534F16CC7FCC34CEB3F1","2026-09-22 09:02:38"
"build_p1pra_win32ide_ninja\CMakeFiles\4.4.2\CompilerIdCXX\CMakeCXXCompilerId.cpp","30605","C260F5F6368FE636DA54C24D6ABD310AC6FCC3ACDC4BDC674D9B7223569A85EB","2026-09-22 09:02:39"
"build_p1pra_win32ide_ninja\CMakeFiles\4.4.2\CompilerIdCXX\CMakeCXXCompilerId.exe","108032","99A8E1285F2DBD516C67834E5B2265210C115FA55D5A36ED6106C2E9E3CCC5F1","2026-09-22 09:02:39"
"build_p1pra_win32ide_ninja\CMakeFiles\4.4.2\CompilerIdCXX\CMakeCXXCompilerId.obj","2014","614D32EE8D311119828D06E4A3380FC667A97AA7BF5073AEA2B560F9DC96E154","2026-09-22 09:02:39"
"build_p1pra_win32ide_ninja\CMakeFiles\ShowIncludes\foo.h","2","7EB70257593DA06F682A3DDDA54A9D260D4FC514F645237F5CA74B08F8DA61A6","2026-09-22 09:02:39"
"build_p1pra_win32ide_ninja\CMakeFiles\ShowIncludes\main.c","33","CDFAB295FC8E12C3ECFB6982F99058F032EE8284926AD71A829E70EA3BF02549","2026-09-22 09:02:39"
"build_p1pra_win32ide_ninja\CMakeFiles\ShowIncludes\main.obj","638","5DB0350E8835609F337A2D620D8FF6CAFA528462EC88A6C3615D5432495CA76E","2026-09-22 09:02:39"
"build_p1pra_win32ide_ninja2\.ninja_deps","1756","BF975D34167DA4BD21D000D23AA5EB01E1B91BE48D5DF22312CB8F25F5E04E33","2026-09-22 11:10:13"
"build_p1pra_win32ide_ninja2\.ninja_log","10340","6830D16A8E9E16241A942C80657CBA5446F88E1101CA728797689FCCA33DB2A9","2026-09-22 11:50:52"
"build_p1pra_win32ide_ninja2\build.ninja","7724810","8C4D5DF3C22A494D39B0A334963CDD94ACEA73C371540E8C251CF14A0DEBB3B6","2026-09-22 11:50:52"
"build_p1pra_win32ide_ninja2\build.pass1.ninja","7719745","4E1DC08D03F28D0ACFA8D3CC6277CC31D30397EDBBD2E28D7063D693A2870E4E","2026-09-22 10:57:47"
"build_p1pra_win32ide_ninja2\build.pass2.ninja","7719745","4E1DC08D03F28D0ACFA8D3CC6277CC31D30397EDBBD2E28D7063D693A2870E4E","2026-09-22 10:57:49"
"build_p1pra_win32ide_ninja2\CMakeCache.txt","39819","DE3B5DD52CA000012A207011D58855F79C7F98B8555F234090890E1DA9A217D2","2026-09-22 13:20:54"
"build_p1pra_win32ide_ninja2\cmake_install.cmake","2863","C9279F3DEBB3EC8F14C654106B010FA43BCB8E2FD46E5B01C47DB8E44F6C8625","2026-09-22 11:50:52"
"build_p1pra_win32ide_ninja2\deflate_brutal_masm.obj","1105","0F4C2986F80F33C67E7B6A696297A719E00E705B65D81108A92837AA4761FFEB","2026-09-22 11:10:11"
"build_p1pra_win32ide_ninja2\gpu_requantize_rocm.obj","1093","02320297A10870351D5D83FEC5DEC3CBF257B00EBB0F482425BFBA1372282561","2026-09-22 11:10:11"
"build_p1pra_win32ide_ninja2\native_speed_kernels.obj","1102","5C92585F798912F105B5759AE617C3E3444CA88208F94045C36D6DF646E54510","2026-09-22 11:10:11"
"build_p1pra_win32ide_ninja2\RawrCodex.obj","1043","5EDB975721B5F8FBC31B5C2A5A06278E798A500D6910622BAE4BC00E1EE6B54B","2026-09-22 11:10:10"
"build_p1pra_win32ide_ninja2\RawrXD_AgenticOrchestrator.obj","1128","FC7FEB9C7355226BA792CA49FA3C772285B7C1E7FF204313CCCFC7C4AFB3D71A","2026-09-22 11:10:10"
"build_p1pra_win32ide_ninja2\RawrXD_Camellia256.obj","1088","5687B4210AC935F515912A8EA1663EBE226B26F6E621A8F6B057258D12BC9EAF","2026-09-22 11:10:10"
"build_p1pra_win32ide_ninja2\RawrXD_Camellia256_Auth.obj","1113","0EAFC2E9993B372CF1AFFFE63FBDAC07774C3991CC8EA94395CF7A730B769CFE","2026-09-22 11:10:10"
"build_p1pra_win32ide_ninja2\RawrXD_CopilotGapCloser.obj","1113","CC8D9F141472E9B9198FED91277D5DF28F80F9375C83D46032A3CAE4577B5F80","2026-09-22 11:10:10"
"build_p1pra_win32ide_ninja2\rawrxd_cot_dll_entry.obj","1102","A7E6B2053148769FAE268BC3B773C3679EAF9446A1CDC64E8EA4BB434B9D16EE","2026-09-22 11:10:11"
"build_p1pra_win32ide_ninja2\rawrxd_cot_engine.obj","1083","808BFB988541CCA7DB088A3F834710B46B0FA9724DAF7D9B80A3E558D60B5DB0","2026-09-22 11:10:11"
"build_p1pra_win32ide_ninja2\rawrxd_cot_phase39.obj","1088","8B50D969CCBFF4DE8516D5DF48472A2E3A55EF5C199A7C900957CDE3CC996DD7","2026-09-22 11:10:11"
"build_p1pra_win32ide_ninja2\RawrXD_Debug_Engine.obj","1093","AEF8E65FC70CB022C3389613B389C6FB76C4D79C10F2F353C997A4318F23A2FD","2026-09-22 11:10:10"
"build_p1pra_win32ide_ninja2\RawrXD_EnterpriseLicense.obj","1122","53D83FF3B2E5F1238057B2396136E10FD296AAC5D7A44CD06837095B30FBC698","2026-09-22 11:10:10"
"build_p1pra_win32ide_ninja2\RawrXD_GGUF_Vulkan_Loader.obj","1123","56B6235C362A11D9EC9A90B4338105CC15FF6B01D23DD52AC4820D78F527BFB2","2026-09-22 11:10:10"
"build_p1pra_win32ide_ninja2\RawrXD_GSIHash.obj","1068","1F6D6EDE6842B910F8706D391B9D13EFC6048D4845FDE92AF7AB5AE2CA892906","2026-09-22 11:10:10"
"build_p1pra_win32ide_ninja2\RawrXD_HardwareSynthesizer.obj","1128","4279C645418571176B3AC56D6517E89F201F094A2FC41AE0D279A1090425BDFC","2026-09-22 11:10:10"
"build_p1pra_win32ide_ninja2\RawrXD_Hotpatch_Kernel.obj","1108","36D8EC3048C573B27F0C772E94F6D1E21DE0AFA1D312897F443BB40F49185757","2026-09-22 11:10:10"
"build_p1pra_win32ide_ninja2\RawrXD_KQuant_Kernel.obj","1102","720F9BC0654A9D7D378A7AD545FE5814872DCECD4C9A94D9DEEC79D9F569E5D0","2026-09-22 11:10:10"
"build_p1pra_win32ide_ninja2\RawrXD_License_Shield.obj","1103","DFF42CCA1C103168FE57979DFD7BB4B0D55316D861FCBABB98848DB5DD455DAB","2026-09-22 11:10:10"
"build_p1pra_win32ide_ninja2\RawrXD_LSP_AI_Bridge.obj","1102","48CCB80BDE4D5B7BEF2689EE7C2A02AE70E9A3C764B042F62E5F21B678E6138F","2026-09-22 11:10:10"
"build_p1pra_win32ide_ninja2\RawrXD_LSP_SymbolIndex.obj","1108","C2DB5219BCF5AEA6E81B57541FBB71B367EC0E5A446626E9DA88253E1C6A9086","2026-09-22 11:10:10"
"build_p1pra_win32ide_ninja2\RawrXD_MeshBrain.obj","1082","9CBC2B55E741658A7EF99A41E83C0EEC6F161E33C24328670481A781061E2003","2026-09-22 11:10:10"
"build_p1pra_win32ide_ninja2\RawrXD_MonacoCore.obj","1083","87C2CB2D74E49B37D32B4F3D631EEF71F8F9E91B3131294C021E3444DEE95F66","2026-09-22 11:10:10"
"build_p1pra_win32ide_ninja2\RawrXD_NeuralBridge.obj","1093","0306D3A2B38BFDD24EDFCD049D42DB25BA5822BFEEDEE072FE4D069203E5D415","2026-09-22 11:10:10"
"build_p1pra_win32ide_ninja2\RawrXD_OmegaOrchestrator.obj","1122","4767BDA23455DE4CBB30FB123522838E538BF97A32B23FBB1D0D9CBDEB7E4012","2026-09-22 11:10:10"
"build_p1pra_win32ide_ninja2\RawrXD_PDBKernel.obj","1082","570E6F715341A3D1C33BB5E7ACFD9D62B2DDDF5D7C9D5ADF64EB92EE72571BE8","2026-09-22 11:10:10"
"build_p1pra_win32ide_ninja2\RawrXD_PerfCounters.obj","1093","C54DC808F0E1F2FDA4729AAD41878848347BAC6D8F8E7CC6FF8E57D66F7489FB","2026-09-22 11:10:10"
"build_p1pra_win32ide_ninja2\RawrXD_Pyre_Compute.obj","1093","60F86A47F2C4F6A32406CDB442E75390779008043B82947D90489A3AAA54B400","2026-09-22 11:10:10"
"build_p1pra_win32ide_ninja2\RawrXD_QuadBuffer_Streamer.obj","1128","D44470657AA9F22ECCCA5A724888FBAC6C42EDF631C31A08080B0886FD81FAAD","2026-09-22 11:10:10"
"build_p1pra_win32ide_ninja2\RawrXD_RefProvider.obj","1088","8866AC76A66214C636FF2DE5ED03361A6F8D8D339A4DE35E10ADE00963D6AD4E","2026-09-22 11:10:10"
"build_p1pra_win32ide_ninja2\RawrXD_RouterBridge.obj","1093","12F801CD6CD48E2906A5B2CC62D9E8790949EA4F819ECEE76B8B33DA87FF3801","2026-09-22 11:10:10"
"build_p1pra_win32ide_ninja2\RawrXD_SelfHost_Engine.obj","1108","CC20A57189BD44C8614F471DF16F0A4C680B817873B17C151E9370E3DF56F410","2026-09-22 11:10:11"
"build_p1pra_win32ide_ninja2\RawrXD_SelfPatch_Engine.obj","1113","D7D2E21371E0B0A112DF21A11755D1A8B476753C515F0A6260BE967D58B93368","2026-09-22 11:10:11"
"build_p1pra_win32ide_ninja2\RawrXD_Snapshot.obj","1073","103DF40E95B7C88F0A1B162F0FDC8492AA09108095C98C9A4B09356840AEA393","2026-09-22 11:10:11"
"build_p1pra_win32ide_ninja2\RawrXD_SocketResponder.obj","1108","6E5CDD148D941AE1955F515799D7FB785B8882D90F795F363994C03C4CB830F2","2026-09-22 11:10:11"
"build_p1pra_win32ide_ninja2\RawrXD_Speciator.obj","1082","303C0AA127F63C04417833E56F82425B2F7E10DD0AA5E0D61F27E2D79871A4D6","2026-09-22 11:10:11"
"build_p1pra_win32ide_ninja2\RawrXD_Streaming_QuadBuffer.obj","1133","E4B4E75551AE365CEEEE3864426569C50BED630DBF7958445513AA609A7871D1","2026-09-22 11:10:11"
"build_p1pra_win32ide_ninja2\RawrXD_StubDetector.obj","1093","AB136AE371FA0B01C16FB8EB8F264013DA2C373A7DBE334BC26DBC29FD481ADC","2026-09-22 11:10:11"
"build_p1pra_win32ide_ninja2\RawrXD_Swarm_Network.obj","1102","B1B030B25EBB07DA3A029150CAB8B7075D6335D7031405802187BD7E01F40FB9","2026-09-22 11:10:11"
"build_p1pra_win32ide_ninja2\RawrXD_TridentBeacon.obj","1102","43BC8F8CE288EAB3AB0F96AFEE74F33A6EDB3FD7EF7D178848915570E92A2164","2026-09-22 11:10:11"
"build_p1pra_win32ide_ninja2\RawrXD_TridentBeacon_GPU.obj","1122","A636EAAA2F3960F783C0BBE6A4C87718D0B0DFA6C49295AD806154EDC2E7A762","2026-09-22 11:10:11"
"build_p1pra_win32ide_ninja2\RawrXD_VulkanBridge.obj","1093","5A60E2B1ACF23044A056559A88D187D7B932920F3E02325D19DD6AF45870E46B","2026-09-22 11:10:11"
"build_p1pra_win32ide_ninja2\RawrXD_Watchdog.obj","1073","B7E604C304BCC956A410CC1791F644DD4B75C7789CB63AA53DE0D84262534842","2026-09-22 11:10:11"
"build_p1pra_win32ide_ninja2\requantize_q4km_to_q2k_avx512.obj","1143","37D1242087B108F33EA07114EDC76446CB626E4D13F0286DFD7F64B71A86CB1F","2026-09-22 11:10:11"
"build_p1pra_win32ide_ninja2\swarm_tensor_stream.obj","1093","65A19D989DD29D51FC305783B0BC239C641C91DB4E71968856720FE609ADD3B5","2026-09-22 11:10:11"
"build_p1pra_win32ide_ninja2\CMakeFiles\cmake.check_cache","86","95079B44BCEF481D601432C2FD3C654D7FE85B9C8386C355F2874502B47441D7","2026-09-22 13:20:54"
"build_p1pra_win32ide_ninja2\CMakeFiles\CMakeConfigureLog.yaml","1087263","3C24720D1D9D07668F5A756804618FA65370A84E405BC430D272FE40F0843ED3","2026-09-22 13:20:54"
"build_p1pra_win32ide_ninja2\CMakeFiles\InstallScripts.json","545","029F61AF29642B33668F5A102614B7193B59D34CC5F16DFB83C6E756724DD2E0","2026-09-22 11:50:52"
"build_p1pra_win32ide_ninja2\CMakeFiles\rules.ninja","217851","5CF6188812586129FE0577367EAF440D36E4FE4CFE8D2CD63E4B5971269F3D49","2026-09-22 11:50:52"
"build_p1pra_win32ide_ninja2\CMakeFiles\TargetDirectories.txt","10886","1131176A86AE34127A8388A5FE272E15B2F406E5F2EF42185466E1EC90D8851D","2026-09-22 11:50:52"
"build_p1pra_win32ide_ninja2\CMakeFiles\4.4.2\CMakeASM_MASMCompiler.cmake","1555","2854EEB905485DAFD438E0C81309CB5FEBF71AC879DD3B77F5823D872C31C841","2026-09-22 10:46:50"
"build_p1pra_win32ide_ninja2\CMakeFiles\4.4.2\CMakeCCompiler.cmake","3433","AC464FA49275380D8836A0121B85375623E822C035DF70A068A554ADB61C3D20","2026-09-22 10:46:51"
"build_p1pra_win32ide_ninja2\CMakeFiles\4.4.2\CMakeCXXCompiler.cmake","6749","697FF827E1571D62CF6ECBBB882AD023B2621575B55BE87159545332150C7E3C","2026-09-22 10:46:51"
"build_p1pra_win32ide_ninja2\CMakeFiles\4.4.2\CMakeDetermineCompilerABI_C.bin","53248","E71AEB41903802A9E0BE57851FC1F14D4AA71213FA47307E1F5F24D8852455BD","2026-09-22 10:46:51"
"build_p1pra_win32ide_ninja2\CMakeFiles\4.4.2\CMakeDetermineCompilerABI_CXX.bin","53248","F1CA591E88EDF12A41032F10D1E9BED04A0D891E04D87B15B3435AF3DE940B8C","2026-09-22 10:46:51"
"build_p1pra_win32ide_ninja2\CMakeFiles\4.4.2\CMakeRCCompiler.cmake","276","F1C96E7B6BC035D04A44733638743F28BF70450E870A3095A55CFF6AD81924FA","2026-09-22 10:46:50"
"build_p1pra_win32ide_ninja2\CMakeFiles\4.4.2\CMakeSystem.cmake","399","14F764C3F0C50603F951C55B1787FA383C48D641385221057CD4F25001C4B314","2026-09-22 10:46:50"
"build_p1pra_win32ide_ninja2\CMakeFiles\4.4.2\CompilerIdC\CMakeCCompilerId.c","29974","6B712B317574A51D1D4F3A69F0722D9EF310910570FD191501CDD45655E061D3","2026-09-22 10:46:50"
"build_p1pra_win32ide_ninja2\CMakeFiles\4.4.2\CompilerIdC\CMakeCCompilerId.exe","108032","71009FD871171B1939F865D5438B64E28F82636233BB384B9C3C691A593FB1BC","2026-09-22 10:46:50"
"build_p1pra_win32ide_ninja2\CMakeFiles\4.4.2\CompilerIdC\CMakeCCompilerId.obj","1951","BBA064960C3699C655B4C93081A5B9426FB73D34E6088A29A3A78BD8F54DFBAA","2026-09-22 10:46:50"
"build_p1pra_win32ide_ninja2\CMakeFiles\4.4.2\CompilerIdCXX\CMakeCXXCompilerId.cpp","30605","C260F5F6368FE636DA54C24D6ABD310AC6FCC3ACDC4BDC674D9B7223569A85EB","2026-09-22 10:46:50"
"build_p1pra_win32ide_ninja2\CMakeFiles\4.4.2\CompilerIdCXX\CMakeCXXCompilerId.exe","108032","8A18D3BEA25C3FA9EC223D72F803CC93232BBD920D14035724A76FC783D76938","2026-09-22 10:46:50"
"build_p1pra_win32ide_ninja2\CMakeFiles\4.4.2\CompilerIdCXX\CMakeCXXCompilerId.obj","2018","5A59F6A757B8B4C4671F78DBE82134FB431E7731B3E815D5CD1B44B0DA66E3FE","2026-09-22 10:46:50"
"build_p1pra_win32ide_ninja2\CMakeFiles\InferenceEngine.dir\src\core\InferenceBackend.cpp.obj","18087","8007C0CE3D936ACB67D98830459E978B8FB7E0AC4D0864E34557192CF340F64E","2026-09-22 11:10:11"
"build_p1pra_win32ide_ninja2\CMakeFiles\InferenceEngine.dir\src\inference\polymorphic_loader.cpp.obj","573","339DA716BD65EA63347B018992D56F18B3C7010694B6D842CE8DFC8E4E37B3E4","2026-09-22 11:10:11"
"build_p1pra_win32ide_ninja2\CMakeFiles\RawrXD_MultiWindow_Kernel.dir\src\asm\RawrXD_MultiWindow_Kernel.asm.obj","1179","AB8C26D996D4D31232CFBAF869199535C7CEB4B4AB2C45844DF2514A2B827C69","2026-09-22 11:10:11"
"build_p1pra_win32ide_ninja2\CMakeFiles\ShowIncludes\foo.h","2","7EB70257593DA06F682A3DDDA54A9D260D4FC514F645237F5CA74B08F8DA61A6","2026-09-22 10:46:50"
"build_p1pra_win32ide_ninja2\CMakeFiles\ShowIncludes\main.c","33","CDFAB295FC8E12C3ECFB6982F99058F032EE8284926AD71A829E70EA3BF02549","2026-09-22 10:46:50"
"build_p1pra_win32ide_ninja2\CMakeFiles\ShowIncludes\main.obj","638","029CFAF15AD2BD1401169BC0958286519457AE231E8B0BE2BFF80AD356D576EA","2026-09-22 10:46:50"
"build_p1pra_win32ide_ninja2\rguf_source\cmake_install.cmake","1316","64768CDC7BA040F26A9A010CC9E4F5C0E707707DB8286C9D142007DFAA1A4C17","2026-09-22 11:50:52"
"build_p1pra_win32ide_ninja2\src\ceo\cmake_install.cmake","1794","B60D300C9D95312BE7EBA7849D59625EE49378D144E8DE36EAA660F04065CD7C","2026-09-22 11:50:52"
"build_p1pra_win32ide_ninja2\src\generation\cmake_install.cmake","1322","C3DAE1C91BAE0EADC71D890C28EF95120483962E68883D67F136021449BC969F","2026-09-22 11:50:52"
"build_p1pra_win32ide_ninja2\src\repository\cmake_install.cmake","1583","8DB3326FB2B48299D477D932300023CB47662EDB91F89940A1B23F7459FC1D0F","2026-09-22 11:50:52"
"build_p1pra_win32ide_ninja2\src\reverse_engineering\cmake_install.cmake","1340","7C0B86B9E3A85FDD38960F0F1843F5C81B01B38F2EC49227C9F075795947C770","2026-09-22 11:50:52"
"build_p1pra_win32ide_ninja2\src\reverse_engineering\RawrXD_MetaReverse.obj","1192","C50596EF28DA1EAE1135B1774DFE4FAA58160FF9CB97D270A3DB0B90DAF6AF07","2026-09-22 11:10:11"
"build_p1pra_win32ide_ninja2\src\reverse_engineering\CMakeFiles\RawrXD-RE-Library.dir\binary_patcher.cpp.obj","744836","89CAFBA09814BD726E3DA67353C781574678E76116DDC3199116E3525B647FF9","2026-09-22 11:10:12"
"build_p1pra_win32ide_ninja2\src\reverse_engineering\CMakeFiles\RawrXD-RE-Library.dir\decompiler.cpp.obj","1295400","BDAB7A6AA920101BBA736EA7E54197F53D40E984407A51D4702908F02F6F09D0","2026-09-22 11:10:13"
"build_p1pra_win32ide_ninja2\src\reverse_engineering\CMakeFiles\RawrXD-RE-Library.dir\disassembler.cpp.obj","803718","EBF66A12CC4704C829D87EBB6A65D494EE7574988AB992DA22C92190C3721BC6","2026-09-22 11:10:12"
"build_p1pra_win32ide_ninja2\src\reverse_engineering\CMakeFiles\RawrXD-RE-Library.dir\pe_analyzer.cpp.obj","785355","A7D4EA9F228753CBA6629D94E5F0C272291D8E359DECDB5EC91C67E06E78A4C6","2026-09-22 11:10:12"
"build_p1pra_win32ide_ninja2\src\reverse_engineering\CMakeFiles\RawrXD-RE-Library.dir\pe_tools\re_tools.cpp.obj","312441","21C356C6A8C52A809603F9FBF0B53F87B70899B682193A3F9F4ECBAEC44CC9B2","2026-09-22 11:10:12"
"build_p1pra_win32ide_ninja2\src\reverse_engineering\CMakeFiles\RawrXD-RE-Library.dir\__\compiler_backend\InstructionEncoderX64.cpp.obj","306867","E344EBB05D10C6EFA5D448DAB5F7F548CFCFB627D923BDC51516AA982CA0F9F1","2026-09-22 11:10:12"
"build_p1pra_win32ide_ninja2\src\reverse_engineering\CMakeFiles\RawrXD-RE-Library.dir\__\compiler_backend\RawrCOFFWriter.cpp.obj","228171","D9CB38F73417CF7A782C691FA90553205A523A2F1E97492F3D94973388E70286","2026-09-22 11:10:12"
"build_p1pra_win32ide_ninja2\src\reverse_engineering\CMakeFiles\RawrXD-RE-Library.dir\__\compiler_backend\RawrPE64Linker.cpp.obj","243594","CECABB1A075D88E62AF8A72809741F3153F60CF46CF00D27A9ABE14ED6564C28","2026-09-22 11:10:12"
"build_p2\CMakeCache.txt","43924","A007AA1E45EFCEB1E69B8C01EE7FD20FC6FF2F49D74BC8C001532118AD8C41A8","2026-09-22 09:12:49"
"build_p2\CMakeFiles\cmake.check_cache","86","95079B44BCEF481D601432C2FD3C654D7FE85B9C8386C355F2874502B47441D7","2026-09-22 09:12:49"
"build_p2\CMakeFiles\CMakeConfigureLog.yaml","548712","6AFD29FF2226F26F018AC779F3E690E8DCDE35AE571DEDB04D4E264B4EBF5EC4","2026-09-22 09:12:49"
"build_p2\CMakeFiles\generate.stamp.list","380","79A8FA83E52DEC5C437E250671853B5D35A33E14D4D434FD68EFDEE9BA81DDB5","2026-09-22 09:12:49"
"build_p2\CMakeFiles\4.4.2\CMakeASM_MASMCompiler.cmake","1555","2854EEB905485DAFD438E0C81309CB5FEBF71AC879DD3B77F5823D872C31C841","2026-09-19 05:33:51"
"build_p2\CMakeFiles\4.4.2\CMakeCCompiler.cmake","3411","C96A9C696C6E2168D03B3F7B05F229CAA42F1673D3BDC90BC9BB5C7C0A63631E","2026-09-19 05:33:51"
"build_p2\CMakeFiles\4.4.2\CMakeCXXCompiler.cmake","6632","3818AE800A1D94F1B189F721136856C561F51E1E9C0562B1C1FD8285A06E357C","2026-09-19 05:33:52"
"build_p2\CMakeFiles\4.4.2\CMakeDetermineCompilerABI_C.bin","53248","1B547A6F6836FC43AF0840D83ACCAC4544F9C2DB476E10BD3CB47B9871947859","2026-09-19 05:33:51"
"build_p2\CMakeFiles\4.4.2\CMakeDetermineCompilerABI_CXX.bin","53248","DEDC14E30857EDD364843C7F909670C5A585DB8F8339DCD5AF3C770B79CF7301","2026-09-19 05:33:52"
"build_p2\CMakeFiles\4.4.2\CMakeRCCompiler.cmake","276","F1C96E7B6BC035D04A44733638743F28BF70450E870A3095A55CFF6AD81924FA","2026-09-19 05:33:51"
"build_p2\CMakeFiles\4.4.2\CMakeSystem.cmake","399","14F764C3F0C50603F951C55B1787FA383C48D641385221057CD4F25001C4B314","2026-09-19 05:33:49"
"build_p2\CMakeFiles\4.4.2\VCTargetsPath.txt","90","7BF0943F47FD89DDF6E8623056ED4AFA49693BCC8C6885EA90D889DBBC3CAD9C","2026-09-19 05:33:50"
"build_p2\CMakeFiles\4.4.2\VCTargetsPath.vcxproj","1255","E4B780FA88A782F3788553546AE6BAB68373AE8378266CE7570A7DBEB1120D3D","2026-09-19 05:33:49"
"build_p2\CMakeFiles\4.4.2\CompilerIdC\CMakeCCompilerId.c","29974","6B712B317574A51D1D4F3A69F0722D9EF310910570FD191501CDD45655E061D3","2026-09-19 05:33:50"
"build_p2\CMakeFiles\4.4.2\CompilerIdC\CompilerIdC.exe","14848","058177B656B49397550103462A45C5C72324B48E13FDB0EBCE2DC768A9696106","2026-09-19 05:33:50"
"build_p2\CMakeFiles\4.4.2\CompilerIdC\CompilerIdC.vcxproj","2798","AF8BC7C7D110CBD801BAF170898C4EB9021E0272D6E7C0092478EF9A634DF7EC","2026-09-19 05:33:50"
"build_p2\CMakeFiles\4.4.2\CompilerIdC\Debug\CMakeCCompilerId.obj","2286","F5F85BB54ABD528AA2FDF02229AEA3DB760A3337FFCE5C986945508DE06AA4EA","2026-09-19 05:33:50"
"build_p2\CMakeFiles\4.4.2\CompilerIdC\Debug\CompilerIdC.exe.recipe","311","5CAAACE3A957545B84A9D8E104A64AB3260626D5A64CE88651937727D907DA87","2026-09-19 05:33:50"
"build_p2\CMakeFiles\4.4.2\CompilerIdC\Debug\CompilerIdC.tlog\CL.command.1.tlog","668","FDABBE9EB5F36FF7E4116666051E6DF807CBAEF3172842AA58D266BC32D6CC1C","2026-09-19 05:33:50"
"build_p2\CMakeFiles\4.4.2\CompilerIdC\Debug\CompilerIdC.tlog\Cl.items.tlog","153","E594A5FC17F36E867C973DEB81DB41A94768D1D1A96357C8A90C1139EDED7FF5","2026-09-19 05:33:50"
"build_p2\CMakeFiles\4.4.2\CompilerIdC\Debug\CompilerIdC.tlog\CL.read.1.tlog","552","FCD4E8C933961D1853F63713A301C1F1943D13F5CCF98BCD4B9A2BA748C7B2D1","2026-09-19 05:33:50"
"build_p2\CMakeFiles\4.4.2\CompilerIdC\Debug\CompilerIdC.tlog\CL.write.1.tlog","312","B7A269DA62156B35FC218198F2F62DCBEDE999BA7915CE08DF1974C857A8FCF9","2026-09-19 05:33:50"
"build_p2\CMakeFiles\4.4.2\CompilerIdC\Debug\CompilerIdC.tlog\CompilerIdC.lastbuildstate","182","ECF9ACB1B03DAD3B13031FCDA40E9059F2DD7151E8EE35BDDB42FB985DD1A088","2026-09-19 05:33:50"
"build_p2\CMakeFiles\4.4.2\CompilerIdC\Debug\CompilerIdC.tlog\link.command.1.tlog","988","93AED3220A8CCDFF0AED4CAFF53A3D4AC5F293ED89BB1916A67E2A10AA554DE4","2026-09-19 05:33:50"
"build_p2\CMakeFiles\4.4.2\CompilerIdC\Debug\CompilerIdC.tlog\link.read.1.tlog","3362","B3AFA35ACF0F76F73B58B91E690F4777AF6836FA9C951B42B52DCA608168538B","2026-09-19 05:33:50"
"build_p2\CMakeFiles\4.4.2\CompilerIdC\Debug\CompilerIdC.tlog\link.secondary.1.tlog","82","585414BCEF8FE6A2BB4D944F30D9B3F20CE2A1B479507358057816E39ED87A6D","2026-09-19 05:33:50"
"build_p2\CMakeFiles\4.4.2\CompilerIdC\Debug\CompilerIdC.tlog\link.write.1.tlog","306","14D45439627E7827DF61DB6D389A00B44F83E6FEDA261D2B18DA1D1E8FDE1499","2026-09-19 05:33:50"
"build_p2\CMakeFiles\4.4.2\CompilerIdCXX\CMakeCXXCompilerId.cpp","30605","C260F5F6368FE636DA54C24D6ABD310AC6FCC3ACDC4BDC674D9B7223569A85EB","2026-09-19 05:33:50"
"build_p2\CMakeFiles\4.4.2\CompilerIdCXX\CompilerIdCXX.exe","15360","4A8924907D78AD3971AED67619D6A94504799E7A08733230B92B92725003DB94","2026-09-19 05:33:51"
"build_p2\CMakeFiles\4.4.2\CompilerIdCXX\CompilerIdCXX.vcxproj","2806","21FC02677B659ADE12A520B7B4B7ADF6F15E1C4BE0F1F6D6371CC636682DC3BA","2026-09-19 05:33:50"
"build_p2\CMakeFiles\4.4.2\CompilerIdCXX\Debug\CMakeCXXCompilerId.obj","2353","6ED98907B7D9F147ED7F0EDD4AF4133E8FDBB0FACFA06CEAFD16632C91CE9584","2026-09-19 05:33:51"
"build_p2\CMakeFiles\4.4.2\CompilerIdCXX\Debug\CompilerIdCXX.exe.recipe","315","5910D06B4AA662B7419EBD70004CD772EB8BEB7ACF36032303B93549FD854713","2026-09-19 05:33:51"
"build_p2\CMakeFiles\4.4.2\CompilerIdCXX\Debug\CompilerIdCXX.tlog\CL.command.1.tlog","692","7366F1A1E6F87331738A8812323B3E1178308645CF193AB2DF9B88A509ED8D7F","2026-09-19 05:33:51"
"build_p2\CMakeFiles\4.4.2\CompilerIdCXX\Debug\CompilerIdCXX.tlog\Cl.items.tlog","163","DF3B148C313ADE938250F36EF66EE8DE9ABEE42B95809FCF76A6B1074D58F791","2026-09-19 05:33:51"
"build_p2\CMakeFiles\4.4.2\CompilerIdCXX\Debug\CompilerIdCXX.tlog\CL.read.1.tlog","564","4068A74355AD49E2AEF65380AC7F2B032B774DB9301BEAA21679DCDEA832BE35","2026-09-19 05:33:51"
"build_p2\CMakeFiles\4.4.2\CompilerIdCXX\Debug\CompilerIdCXX.tlog\CL.write.1.tlog","332","372FCBB4575178540E822D83050C93DBD02CE50DB552FF528F01FCDD7392CE1A","2026-09-19 05:33:51"
"build_p2\CMakeFiles\4.4.2\CompilerIdCXX\Debug\CompilerIdCXX.tlog\CompilerIdCXX.lastbuildstate","184","F9ABCCE076A77D66E35C9D9C75386FF8382CCA522379927411A6BA674E80B62A","2026-09-19 05:33:51"
"build_p2\CMakeFiles\4.4.2\CompilerIdCXX\Debug\CompilerIdCXX.tlog\link.command.1.tlog","1012","C590D6F7FEEAAC8A804E43DC4D812AA911DDF9F8A8573B42B0E830C53C27C828","2026-09-19 05:33:51"
"build_p2\CMakeFiles\4.4.2\CompilerIdCXX\Debug\CompilerIdCXX.tlog\link.read.1.tlog","3378","EB864B44F151CB521DD0A85140725C6381ACA40751F544A8102EE1C9BE9B0BA6","2026-09-19 05:33:51"
"build_p2\CMakeFiles\4.4.2\CompilerIdCXX\Debug\CompilerIdCXX.tlog\link.secondary.1.tlog","86","5673DACFC1688574D21372A551B50DBE61B65A3E9CFA4E623F16898EF8496A34","2026-09-19 05:33:51"
"build_p2\CMakeFiles\4.4.2\CompilerIdCXX\Debug\CompilerIdCXX.tlog\link.write.1.tlog","322","DB5DD7763168E6C4E9B30790315C83DCD6852C2BD3C588990F97988B6043541E","2026-09-19 05:33:51"
"build_p2\CMakeFiles\4.4.2\VCTargetsPath\x64\Debug\VCTargetsPath.recipe","307","F1B0D325CEFC689E8940CE312073E455C405B5161B9ED076C4D049A690CE3C66","2026-09-19 05:33:50"
"build_p2\CMakeFiles\4.4.2\VCTargetsPath\x64\Debug\VCTargetsPath.tlog\VCTargetsPath.lastbuildstate","170","32FCBDECF9A15DCF82369369C6ED8E3C1011260BEA214682884BC2E6F8BEFC65","2026-09-19 05:33:50"
"build_p2\_deps\nlohmann_json-build\nlohmann_json.pc","115","7629FAC183E1A0948AD7435EE77F88D00CD1C8F0B0CDAF0402BA0329F5552826","2026-09-19 05:33:54"
"build_p2\_deps\nlohmann_json-build\nlohmann_jsonConfig.cmake","635","A879DC2B648E17AC32836EF9013B5A6CF1234A74B9A60962CC081C3776C9F13F","2026-09-19 05:33:54"
"build_p2\_deps\nlohmann_json-build\nlohmann_jsonConfigVersion.cmake","696","B6D73337D16D3DEB4B192056D1AC9E7E962929EC993F7F9652A949DE3D38CE8F","2026-09-19 05:33:54"
"build_p2\_deps\nlohmann_json-src\CMakeLists.txt","7180","9A00F4234C7804AF1A8ABA619C28B7462B11683FD6628A0EA62CBC168764C87F","2023-11-28 14:38:03"
"build_p2\_deps\nlohmann_json-src\LICENSE.MIT","1076","86B998C792894CCB911A1CB7994F7A9652894E7A094C0B5E45BE2F553F45CF14","2023-11-28 14:38:03"
"build_p2\_deps\nlohmann_json-src\nlohmann_json.natvis","19578","162666E7AB4D725A6E9621F0D31097802B58B838E907AE5445C7C938FD0257B1","2023-11-28 14:38:03"
"build_p2\_deps\nlohmann_json-src\cmake\config.cmake.in","710","DE73A6E0CDFC9CB1FC28A6156D7E2660F498C9F30AD7D4DE5600BA279DA0A3F3","2023-11-28 14:38:03"
"build_p2\_deps\nlohmann_json-src\cmake\nlohmann_jsonConfigVersion.cmake.in","709","F3E940FC8846A483A5F35B9D47FA9AE700765B60A3D17EED2229A0BD7818F567","2023-11-28 14:38:03"
"build_p2\_deps\nlohmann_json-src\cmake\pkg-config.pc.in","126","796C801C759EB4D5E165AFA2441481FFF5487A2FD35BBFCEC841367D9772F760","2023-11-28 14:38:03"
"build_p2\_deps\nlohmann_json-src\include\nlohmann\adl_serializer.hpp","2279","242B578E1A41C97DEC6890BD88BDB824CDB76A9EDD849C108299A59469D327E0","2023-11-28 14:38:03"
"build_p2\_deps\nlohmann_json-src\include\nlohmann\byte_container_with_subtype.hpp","3533","C7DC197CBB54B9168373B4B9A3E1CC57CC5583BFCF5008B722B363335BC53511","2023-11-28 14:38:03"
"build_p2\_deps\nlohmann_json-src\include\nlohmann\json.hpp","198618","2432CBF7F4258453538ECA193CD937FC777462AE2CE8EE9F46E6EE460EF56BEA","2023-11-28 14:38:03"
"build_p2\_deps\nlohmann_json-src\include\nlohmann\json_fwd.hpp","2541","C5B950B428534861B5869254FD773AFC724112FC9E141BD1FC89189640A3AE5D","2023-11-28 14:38:03"
"build_p2\_deps\nlohmann_json-src\include\nlohmann\ordered_map.hpp","11692","31D1BB02500B734E09C27CE2CC216C8AF188344FBC19A6946AE301A12C7B62DF","2023-11-28 14:38:03"
"build_p2\_deps\nlohmann_json-src\include\nlohmann\detail\abi_macros.hpp","3807","1C7DC7C5062B199A35853F4056ED00ED359EF8FA5C7FB15A58BC79598EC21422","2023-11-28 14:38:03"
"build_p2\_deps\nlohmann_json-src\include\nlohmann\detail\exceptions.hpp","9267","55299C55106DE2624CA7AA6A5705AD6FF53814C1B52F8FE8D2872F13C956C95A","2023-11-28 14:38:03"
"build_p2\_deps\nlohmann_json-src\include\nlohmann\detail\hash.hpp","4016","74A9E3AF772127CF0B12EE794ABC8C47B5BEA74CE658D0D20179A26BE5D95D0D","2023-11-28 14:38:03"
"build_p2\_deps\nlohmann_json-src\include\nlohmann\detail\json_custom_base_class.hpp","1178","70DA7C5B17777F8DA6D83310D6526856542585EFA8A078DB61227B11AAF9EC0B","2023-11-28 14:38:03"
"build_p2\_deps\nlohmann_json-src\include\nlohmann\detail\json_pointer.hpp","37143","4CF537AD88B2D686D5A349B26DA7E012BA9A58B01A0AB2BADAA796D9150E69BB","2023-11-28 14:38:03"
"build_p2\_deps\nlohmann_json-src\include\nlohmann\detail\json_ref.hpp","1811","1660750DD10A562AAC1EEA37021F1E7138A5D6D50B051815708497A8D30BF60D","2023-11-28 14:38:03"
"build_p2\_deps\nlohmann_json-src\include\nlohmann\detail\macro_scope.hpp","43639","70D2B2AA49A93170DED3D0C0D1B0F76103FDD09704BA5ECC862BC03095920847","2023-11-28 14:38:03"
"build_p2\_deps\nlohmann_json-src\include\nlohmann\detail\macro_unscope.hpp","1252","5F7040DF475E2C943D9B22C335B61600DEB14B1E48A69B3450DE4C4A08C320BC","2023-11-28 14:38:03"
"build_p2\_deps\nlohmann_json-src\include\nlohmann\detail\string_concat.hpp","5951","E8001630045F800C0EBCFC19E2B2F90139A4D20A9A359E134657767FD6FA9AA2","2023-11-28 14:38:03"
"build_p2\_deps\nlohmann_json-src\include\nlohmann\detail\string_escape.hpp","2168","3BF6687FFA7F6FD3034591ADFDD6EA073584DF83694C6B57FEED9ADA965801E7","2023-11-28 14:38:03"
"build_p2\_deps\nlohmann_json-src\include\nlohmann\detail\value_t.hpp","4326","60A7E24B34E93B8BA40EECF310A40C55042754328271C246F9CC1069F6A25958","2023-11-28 14:38:03"
"build_p2\_deps\nlohmann_json-src\include\nlohmann\detail\conversions\from_json.hpp","18880","B37CED0BA32F8AC5834B4C96058CA5E445BCCEA27F46299A359EED0ECBF2E58E","2023-11-28 14:38:03"
"build_p2\_deps\nlohmann_json-src\include\nlohmann\detail\conversions\to_chars.hpp","38562","5FE11205C45DBD08373244D743F38E89CEEFB8C9B5FC4C68077117C786D53BEF","2023-11-28 14:38:03"
"build_p2\_deps\nlohmann_json-src\include\nlohmann\detail\conversions\to_json.hpp","16274","73BAD524856D475A6071FD7B5422F80DF13BA7586F0D4B48141C2EC60CEBCF89","2023-11-28 14:38:03"
"build_p2\_deps\nlohmann_json-src\include\nlohmann\detail\input\binary_reader.hpp","103146","484BCC276C4FA6C7C61A93A8223F3E53BB4DC966E688E96641A93A50D7E503E9","2023-11-28 14:38:03"
"build_p2\_deps\nlohmann_json-src\include\nlohmann\detail\input\input_adapters.hpp","17402","BD549419506089C82C94446F939587362FF01516B8E6624C472E704D27B1BE42","2023-11-28 14:38:03"
"build_p2\_deps\nlohmann_json-src\include\nlohmann\detail\input\json_sax.hpp","21420","9147C9D07784A5F3DE890D68401AE07D03D0BC0DB24EBCBE7BEB8A31CFD858A0","2023-11-28 14:38:03"
"build_p2\_deps\nlohmann_json-src\include\nlohmann\detail\input\lexer.hpp","54569","550C275F09D55DEB1705B97B8A15B02F211EA0BA87E95452E7A023B854BB024C","2023-11-28 14:38:03"
"build_p2\_deps\nlohmann_json-src\include\nlohmann\detail\input\parser.hpp","19661","094AED22CFDD641AC15EF59BFEF8DD1E23FD92373633A92ED928CB580F0CBD7E","2023-11-28 14:38:03"
"build_p2\_deps\nlohmann_json-src\include\nlohmann\detail\input\position_t.hpp","958","0C9C5BE26020C0A7929F3CC1E7E0065589D6A8F4DC1BD2EE13F10EF1A7EFAA24","2023-11-28 14:38:03"
"build_p2\_deps\nlohmann_json-src\include\nlohmann\detail\iterators\internal_iterator.hpp","1071","E75CF5E3C9AE358055BF3335FA2C5B6BBFBD1E24EA3DFDB62C187F37A8E2B485","2023-11-28 14:38:03"
"build_p2\_deps\nlohmann_json-src\include\nlohmann\detail\iterators\iteration_proxy.hpp","8238","839EFBA147F6F15C693C741039DAA3D383C2F4AFB8FE653E4DAD49A9F998D1D1","2023-11-28 14:38:03"
"build_p2\_deps\nlohmann_json-src\include\nlohmann\detail\iterators\iterator_traits.hpp","1757","04B0EDAEB214AA1C932B9078849A8FBBBDA9C7A241B4CBC28A90B6D11C959443","2023-11-28 14:38:03"
"build_p2\_deps\nlohmann_json-src\include\nlohmann\detail\iterators\iter_impl.hpp","24046","70D81EBB931DB43A19FE3872A3FB1BC91FAB27509C8D29EE4C4DD247B384CAE1","2023-11-28 14:38:03"
"build_p2\_deps\nlohmann_json-src\include\nlohmann\detail\iterators\json_reverse_iterator.hpp","3861","031B45C4F90AB7D64ECB6606FAD880D867A23FC63A431F0DE34F0FC104307B66","2023-11-28 14:38:03"
"build_p2\_deps\nlohmann_json-src\include\nlohmann\detail\iterators\primitive_iterator.hpp","3227","6C949107BB779CECB8BEBA0835F7292656B52B08C3F6A6D3B27229B58C28AEFE","2023-11-28 14:38:03"
"build_p2\_deps\nlohmann_json-src\include\nlohmann\detail\meta\cpp_future.hpp","5178","486BA5A3724131D0C1646E36D9A4A9877505B2914078347E6067BB65593F01CE","2023-11-28 14:38:03"
"build_p2\_deps\nlohmann_json-src\include\nlohmann\detail\meta\detected.hpp","2109","F79AA1F107E4DFD4554753E6FE05364A1147EF4498D3125CFC939A5534D2D527","2023-11-28 14:38:03"
"build_p2\_deps\nlohmann_json-src\include\nlohmann\detail\meta\identity_tag.hpp","526","BBA9559DEC8519DE3044B537E96A59A601831797A5A3C38BF8023A6D949118D0","2023-11-28 14:38:03"
"build_p2\_deps\nlohmann_json-src\include\nlohmann\detail\meta\is_sax.hpp","6960","1F81D6098B9AAD02A95C27EC333BBB13EEC3C5171B968E39B7ECB1B06B16C55B","2023-11-28 14:38:03"
"build_p2\_deps\nlohmann_json-src\include\nlohmann\detail\meta\std_fs.hpp","766","FB514154EA8C11C04A00EFEB2E89EDBFD40F149ED39EF36568D9B2A1062E85E0","2023-11-28 14:38:03"
"build_p2\_deps\nlohmann_json-src\include\nlohmann\detail\meta\type_traits.hpp","29454","1F901F9E4BCD585FF22C6B0C0956566BA8A4A1238A490A64E7755A2C313040D5","2023-11-28 14:38:03"
"build_p2\_deps\nlohmann_json-src\include\nlohmann\detail\meta\void_t.hpp","597","581E7B157457EB9C488793F2CD7066B2C1BA31D5E9FEA6F0D67C8C732B5088E4","2023-11-28 14:38:03"
"build_p2\_deps\nlohmann_json-src\include\nlohmann\detail\meta\call_std\begin.hpp","453","379660C15A30B84FF2A67E22734638F608CC37B34648461C7E9167DA1153D861","2023-11-28 14:38:03"
"build_p2\_deps\nlohmann_json-src\include\nlohmann\detail\meta\call_std\end.hpp","451","DECA609BF200442F452B848C19F28EE30879DF0CA35E959ED3B41F861C92DF55","2023-11-28 14:38:03"
"build_p2\_deps\nlohmann_json-src\include\nlohmann\detail\output\binary_writer.hpp","71152","665CE1EA5FB2CB425896B713BDD8D8D5A6D69688924FA6E2EFAFFB4E9D132011","2023-11-28 14:38:03"
"build_p2\_deps\nlohmann_json-src\include\nlohmann\detail\output\output_adapters.hpp","4067","1E0BCC375B4D84180649198E2F8061F5968A10A6913231FEE097689D281ED565","2023-11-28 14:38:03"
"build_p2\_deps\nlohmann_json-src\include\nlohmann\detail\output\serializer.hpp","40163","259C611D4B1147E3626D25BC05994B28F91F4FCCA2E578E486DCF51C0234E5C8","2023-11-28 14:38:03"
"build_p2\_deps\nlohmann_json-src\include\nlohmann\thirdparty\hedley\hedley.hpp","86068","20D6C1C6D6C30365F68A45093798937971B593919FB3051431F0C015DFA671FB","2023-11-28 14:38:03"
"build_p2\_deps\nlohmann_json-src\include\nlohmann\thirdparty\hedley\hedley_undef.hpp","5500","0F8902F26872F40A2514E9C9BE2FCEBFCE6CDE0022E9364FDDD17FB49575B146","2023-11-28 14:38:03"
"build_p2\_deps\nlohmann_json-src\single_include\nlohmann\json.hpp","919975","9BEA4C8066EF4A1C206B2BE5A36302F8926F7FDC6087AF5D20B417D0CF103EA6","2023-11-28 14:38:03"
"build_p2\_deps\nlohmann_json-src\single_include\nlohmann\json_fwd.hpp","6340","5CEFBBA751BAF5243033FD894C70BE9B37103D64B3D3A959E4173197D71137B9","2023-11-28 14:38:03"
"build_p2\_deps\nlohmann_json-subbuild\ALL_BUILD.vcxproj","6185","DDC3F726E3B262551DDC76D1EFF93BD3FF3A0CC391502B817AF47E7A1F30F9FC","2026-09-19 05:34:23"
"build_p2\_deps\nlohmann_json-subbuild\ALL_BUILD.vcxproj.filters","307","1D5AD5D8C9DA4C7EF0CA8C2220A41276438AA1E2007CFC9F21899166DFC0D65D","2026-09-19 05:33:52"
"build_p2\_deps\nlohmann_json-subbuild\CMakeCache.txt","5377","3D0744167A5C6BA0686698FD153C7116E90BBDA31D9F77579F0EC6FFD67C371B","2026-09-19 05:33:52"
"build_p2\_deps\nlohmann_json-subbuild\CMakeLists.txt","1530","422D86D73C3D5C1E3E44BBF8D9ED7AE5719ED47FD56C481FEC62A4FF77ED43B7","2026-09-19 05:33:52"
"build_p2\_deps\nlohmann_json-subbuild\cmake_install.cmake","1975","648E0DA48BE409AC1019C335B3309952D20871249FA0972466BA6E0BD2DEC3FA","2026-09-19 05:36:32"
"build_p2\_deps\nlohmann_json-subbuild\nlohmann_json-populate.sln","2673","EFDB2841BB6EC6B7CAB53E0166132D767F46857591778FFC94153B5D43B278FD","2026-09-19 05:33:52"
"build_p2\_deps\nlohmann_json-subbuild\nlohmann_json-populate.vcxproj","24591","62CD09A7AC491BFC588C728837D1BC292A6B94C2EF99DE7751BABF0C49797D06","2026-09-19 05:34:23"
"build_p2\_deps\nlohmann_json-subbuild\nlohmann_json-populate.vcxproj.filters","2749","A606B2D9F7988896C1F692071CD5E8A017D362DD3E08C13F9759BF095D59402F","2026-09-19 05:33:52"
"build_p2\_deps\nlohmann_json-subbuild\ZERO_CHECK.vcxproj","5664","B5F6DEF08C07E2E55E9D25B587196E79B1EE35E39A8403B2448240D00DAB2E05","2026-09-19 05:34:23"
"build_p2\_deps\nlohmann_json-subbuild\ZERO_CHECK.vcxproj.filters","544","4BA02AD233AD27F7E4820231F0B0A1FEB5ABD4C3FE3B4C6E6F247AF75B7EBBB3","2026-09-19 05:33:52"
"build_p2\_deps\nlohmann_json-subbuild\CMakeFiles\cmake.check_cache","86","95079B44BCEF481D601432C2FD3C654D7FE85B9C8386C355F2874502B47441D7","2026-09-19 05:36:32"
"build_p2\_deps\nlohmann_json-subbuild\CMakeFiles\CMakeConfigureLog.yaml","271","ECF712160B779608B83B769991FDA879E04498880AF245A3073EE7466823C663","2026-09-19 05:33:52"
"build_p2\_deps\nlohmann_json-subbuild\CMakeFiles\generate.stamp","55","302F7E9A0C863C04B740065ADE01D243C7587D7272FC79FB002870128A9558EB","2026-09-19 05:36:32"
"build_p2\_deps\nlohmann_json-subbuild\CMakeFiles\generate.stamp.depend","1625","48AC3245D09C93840449DA300843157BFFD2EC72C40F1967A867A599AF51B424","2026-09-19 05:36:32"
"build_p2\_deps\nlohmann_json-subbuild\CMakeFiles\generate.stamp.list","80","C61688EF7C2D0F7CB6BB441B13D5473A3440AF5019F162551D0AF24A2E6CBAC9","2026-09-19 05:36:32"
"build_p2\_deps\nlohmann_json-subbuild\CMakeFiles\InstallScripts.json","136","B1D15E58AC288D05ACBF0270682EEA11808717E2F022B2A2494B4371E3699EDC","2026-09-19 05:36:32"
"build_p2\_deps\nlohmann_json-subbuild\CMakeFiles\TargetDirectories.txt","251","7413E066B8EEEEF1EA6A9F95B44E170F4192160178D7311102EB9F54100C0996","2026-09-19 05:36:32"
"build_p2\_deps\nlohmann_json-subbuild\CMakeFiles\10356dad8a9bd3e1481fe9e86a8abafb\generate.stamp.rule","24","6D2663216BB5708992DAD2784A833F449113AFD00FD431274CA956FB2530D391","2000-12-31 19:00:00"
"build_p2\_deps\nlohmann_json-subbuild\CMakeFiles\10356dad8a9bd3e1481fe9e86a8abafb\nlohmann_json-populate.rule","24","6D2663216BB5708992DAD2784A833F449113AFD00FD431274CA956FB2530D391","2000-12-31 19:00:00"
"build_p2\_deps\nlohmann_json-subbuild\CMakeFiles\3b33be147ddfb65005af027e55972e52\nlohmann_json-populate-build.rule","24","6D2663216BB5708992DAD2784A833F449113AFD00FD431274CA956FB2530D391","2000-12-31 19:00:00"
"build_p2\_deps\nlohmann_json-subbuild\CMakeFiles\3b33be147ddfb65005af027e55972e52\nlohmann_json-populate-configure.rule","24","6D2663216BB5708992DAD2784A833F449113AFD00FD431274CA956FB2530D391","2000-12-31 19:00:00"
"build_p2\_deps\nlohmann_json-subbuild\CMakeFiles\3b33be147ddfb65005af027e55972e52\nlohmann_json-populate-download.rule","24","6D2663216BB5708992DAD2784A833F449113AFD00FD431274CA956FB2530D391","2000-12-31 19:00:00"
"build_p2\_deps\nlohmann_json-subbuild\CMakeFiles\3b33be147ddfb65005af027e55972e52\nlohmann_json-populate-install.rule","24","6D2663216BB5708992DAD2784A833F449113AFD00FD431274CA956FB2530D391","2000-12-31 19:00:00"
"build_p2\_deps\nlohmann_json-subbuild\CMakeFiles\3b33be147ddfb65005af027e55972e52\nlohmann_json-populate-mkdir.rule","24","6D2663216BB5708992DAD2784A833F449113AFD00FD431274CA956FB2530D391","2000-12-31 19:00:00"
"build_p2\_deps\nlohmann_json-subbuild\CMakeFiles\3b33be147ddfb65005af027e55972e52\nlohmann_json-populate-patch.rule","24","6D2663216BB5708992DAD2784A833F449113AFD00FD431274CA956FB2530D391","2000-12-31 19:00:00"
"build_p2\_deps\nlohmann_json-subbuild\CMakeFiles\3b33be147ddfb65005af027e55972e52\nlohmann_json-populate-test.rule","24","6D2663216BB5708992DAD2784A833F449113AFD00FD431274CA956FB2530D391","2000-12-31 19:00:00"
"build_p2\_deps\nlohmann_json-subbuild\CMakeFiles\3b33be147ddfb65005af027e55972e52\nlohmann_json-populate-update.rule","24","6D2663216BB5708992DAD2784A833F449113AFD00FD431274CA956FB2530D391","2000-12-31 19:00:00"
"build_p2\_deps\nlohmann_json-subbuild\CMakeFiles\4.4.2\CMakeSystem.cmake","395","CB655F074177502B26612FA979EE72C606731A0B59F300E936EBBA161D8CCE09","2026-09-19 05:33:52"
"build_p2\_deps\nlohmann_json-subbuild\CMakeFiles\4.4.2\VCTargetsPath.txt","90","7BF0943F47FD89DDF6E8623056ED4AFA49693BCC8C6885EA90D889DBBC3CAD9C","2026-09-19 05:33:52"
"build_p2\_deps\nlohmann_json-subbuild\CMakeFiles\4.4.2\VCTargetsPath.vcxproj","1255","E4B780FA88A782F3788553546AE6BAB68373AE8378266CE7570A7DBEB1120D3D","2026-09-19 05:33:52"
"build_p2\_deps\nlohmann_json-subbuild\CMakeFiles\4.4.2\VCTargetsPath\x64\Debug\VCTargetsPath.recipe","336","6C7DCD9BF2DDB6A035D803FAD203D79D77BD35FE99AF5156707C7D7644152380","2026-09-19 05:33:52"
"build_p2\_deps\nlohmann_json-subbuild\CMakeFiles\4.4.2\VCTargetsPath\x64\Debug\VCTargetsPath.tlog\VCTargetsPath.lastbuildstate","199","E0E5B959FCB4C937DEB5AADA0230E05D0FCA42111BF3FA9C36CE64633508D144","2026-09-19 05:33:52"
"build_p2\_deps\nlohmann_json-subbuild\CMakeFiles\706a3379017efb3490b2896bcb4ba8a8\nlohmann_json-populate-complete.rule","24","6D2663216BB5708992DAD2784A833F449113AFD00FD431274CA956FB2530D391","2000-12-31 19:00:00"
"build_p2\_deps\nlohmann_json-subbuild\CMakeFiles\Debug\nlohmann_json-populate-complete","0","E3B0C44298FC1C149AFBF4C8996FB92427AE41E4649B934CA495991B7852B855","2026-09-19 05:33:54"
"build_p2\_deps\nlohmann_json-subbuild\CMakeFiles\nlohmann_json-populate.dir\Labels.json","1830","89F39AD6CAFFB125CD25B7B5D4161E66F38ADF642017F44175184A34B9FC65BF","2026-09-19 05:36:32"
"build_p2\_deps\nlohmann_json-subbuild\CMakeFiles\nlohmann_json-populate.dir\Labels.txt","1489","E1E81C10206FF6FE525A7563B6E8DB96F1F29749F1A50C2BFC178CD87966D50E","2026-09-19 05:36:32"
"build_p2\_deps\nlohmann_json-subbuild\nlohmann_json-populate-prefix\src\json.tar.xz","110988","D6C65ACA6B1ED68E7A182F4757257B107AE403032760ED6EF121C9D55E81757D","2026-09-19 05:33:53"
"build_p2\_deps\nlohmann_json-subbuild\nlohmann_json-populate-prefix\src\nlohmann_json-populate-stamp\download-nlohmann_json-populate.cmake","5125","CAADBC6DB1771D346A28DBD3AEADA75283BB5AA8846348AC02859DA44048F2F4","2026-09-19 05:33:52"
"build_p2\_deps\nlohmann_json-subbuild\nlohmann_json-populate-prefix\src\nlohmann_json-populate-stamp\extract-nlohmann_json-populate.cmake","1967","64731D25296A3BFFF4E6A855092D04EB9A235089092F1C5A9C423E26933C5AD0","2026-09-19 05:33:52"
"build_p2\_deps\nlohmann_json-subbuild\nlohmann_json-populate-prefix\src\nlohmann_json-populate-stamp\nlohmann_json-populate-patch-info.txt","234","1B65EC9FCBBD17A6161E1654B212A61E96B5AF8F684DB5B57CC9A34CCB8FC08A","2026-09-19 05:33:52"
"build_p2\_deps\nlohmann_json-subbuild\nlohmann_json-populate-prefix\src\nlohmann_json-populate-stamp\nlohmann_json-populate-update-info.txt","270","1E7A50B58A848C38CCE229AFDCDDB502800991D383A5B52717831809448F316A","2026-09-19 05:33:52"
"build_p2\_deps\nlohmann_json-subbuild\nlohmann_json-populate-prefix\src\nlohmann_json-populate-stamp\nlohmann_json-populate-urlinfo.txt","1140","A93CB73466381A249C9F56C9ED4C1CA6C0E77C873D411781E14641BC0B04AD8C","2026-09-19 05:33:52"
"build_p2\_deps\nlohmann_json-subbuild\nlohmann_json-populate-prefix\src\nlohmann_json-populate-stamp\verify-nlohmann_json-populate.cmake","0","E3B0C44298FC1C149AFBF4C8996FB92427AE41E4649B934CA495991B7852B855","2026-09-19 05:33:52"
"build_p2\_deps\nlohmann_json-subbuild\nlohmann_json-populate-prefix\src\nlohmann_json-populate-stamp\Debug\nlohmann_json-populate-build","0","E3B0C44298FC1C149AFBF4C8996FB92427AE41E4649B934CA495991B7852B855","2026-09-19 05:33:54"
"build_p2\_deps\nlohmann_json-subbuild\nlohmann_json-populate-prefix\src\nlohmann_json-populate-stamp\Debug\nlohmann_json-populate-configure","0","E3B0C44298FC1C149AFBF4C8996FB92427AE41E4649B934CA495991B7852B855","2026-09-19 05:33:54"
"build_p2\_deps\nlohmann_json-subbuild\nlohmann_json-populate-prefix\src\nlohmann_json-populate-stamp\Debug\nlohmann_json-populate-done","0","E3B0C44298FC1C149AFBF4C8996FB92427AE41E4649B934CA495991B7852B855","2026-09-19 05:33:54"
"build_p2\_deps\nlohmann_json-subbuild\nlohmann_json-populate-prefix\src\nlohmann_json-populate-stamp\Debug\nlohmann_json-populate-download","0","E3B0C44298FC1C149AFBF4C8996FB92427AE41E4649B934CA495991B7852B855","2026-09-19 05:33:54"
"build_p2\_deps\nlohmann_json-subbuild\nlohmann_json-populate-prefix\src\nlohmann_json-populate-stamp\Debug\nlohmann_json-populate-install","0","E3B0C44298FC1C149AFBF4C8996FB92427AE41E4649B934CA495991B7852B855","2026-09-19 05:33:54"
"build_p2\_deps\nlohmann_json-subbuild\nlohmann_json-populate-prefix\src\nlohmann_json-populate-stamp\Debug\nlohmann_json-populate-mkdir","0","E3B0C44298FC1C149AFBF4C8996FB92427AE41E4649B934CA495991B7852B855","2026-09-19 05:33:53"
"build_p2\_deps\nlohmann_json-subbuild\nlohmann_json-populate-prefix\src\nlohmann_json-populate-stamp\Debug\nlohmann_json-populate-patch","0","E3B0C44298FC1C149AFBF4C8996FB92427AE41E4649B934CA495991B7852B855","2026-09-19 05:33:54"
"build_p2\_deps\nlohmann_json-subbuild\nlohmann_json-populate-prefix\src\nlohmann_json-populate-stamp\Debug\nlohmann_json-populate-test","0","E3B0C44298FC1C149AFBF4C8996FB92427AE41E4649B934CA495991B7852B855","2026-09-19 05:33:54"
"build_p2\_deps\nlohmann_json-subbuild\nlohmann_json-populate-prefix\src\nlohmann_json-populate-stamp\Debug\nlohmann_json-populate-update","0","E3B0C44298FC1C149AFBF4C8996FB92427AE41E4649B934CA495991B7852B855","2026-09-19 05:33:54"
"build_p2\_deps\nlohmann_json-subbuild\nlohmann_json-populate-prefix\tmp\nlohmann_json-populate-cfgcmd.txt","8","4338C530A76441CDA4F59C911C9FDF950E000F361B796FCD9DB755AAAE241FF9","2026-09-19 05:33:52"
"build_p2\_deps\nlohmann_json-subbuild\nlohmann_json-populate-prefix\tmp\nlohmann_json-populate-mkdirs.cmake","1623","CDE0B765C28E625B4C8B17240519560A14A18516DF5AC66EBC68A677B845F87A","2026-09-19 05:33:52"
"build_p2\_deps\nlohmann_json-subbuild\x64\Debug\ALL_BUILD\ALL_BUILD.recipe","617","61766991EC0755745D540FA883AAC561F46E343D649A05BC091867BD5202A9D9","2026-09-19 05:36:33"
"build_p2\_deps\nlohmann_json-subbuild\x64\Debug\ALL_BUILD\ALL_BUILD.tlog\ALL_BUILD.lastbuildstate","182","55DBA9185C6BEFB4CCECC9EA852ED55CC5C8C33C922FCBBB38169CF3F5E18943","2026-09-19 05:36:33"
"build_p2\_deps\nlohmann_json-subbuild\x64\Debug\ALL_BUILD\ALL_BUILD.tlog\CustomBuild.command.1.tlog","501","0A8763AB88D88B4FAD3A196BAF3B593D93B7CD4155433C1378FFCE0B667CC617","2026-09-19 05:34:24"
"build_p2\_deps\nlohmann_json-subbuild\x64\Debug\ALL_BUILD\ALL_BUILD.tlog\CustomBuild.read.1.tlog","1570","39B98E3DE9D4455AFA162314988359210C8969A540862EDCD126C621ADB58CF7","2026-09-19 05:34:24"
"build_p2\_deps\nlohmann_json-subbuild\x64\Debug\ALL_BUILD\ALL_BUILD.tlog\CustomBuild.write.1.tlog","150","A6DC6EBEAC0EB38B7E995839E6A94A88A8401DBB2C4701125C358778354782F2","2026-09-19 05:34:24"
"build_p2\_deps\nlohmann_json-subbuild\x64\Debug\nlohmann_json-populate\nlohmann_json-populate.recipe","473","52AFC7964CAE5BDB3B84447204AD88FBF6FE49639CDA9BA6475A56277A585EEC","2026-09-19 05:36:33"
"build_p2\_deps\nlohmann_json-subbuild\x64\Debug\nlohmann_json-populate\nlohmann.45F5D7D4.tlog\CustomBuild.command.1.tlog","7961","404C695D13639B429AEC36A7F94E23A4CD84AE1C8F979CF06622690BF791E88F","2026-09-19 05:36:32"
"build_p2\_deps\nlohmann_json-subbuild\x64\Debug\nlohmann_json-populate\nlohmann.45F5D7D4.tlog\CustomBuild.read.1.tlog","6048","D98D885E2EF670D645E8A998BF0FB3ACF8B0B89A8F549FCC9996A5A45B752D5B","2026-09-19 05:36:32"
"build_p2\_deps\nlohmann_json-subbuild\x64\Debug\nlohmann_json-populate\nlohmann.45F5D7D4.tlog\CustomBuild.write.1.tlog","2902","FA5AF2782EE663F4138A40889BC6A681A5BBF4BC701A9467EA3FB71070732816","2026-09-19 05:36:32"
"build_p2\_deps\nlohmann_json-subbuild\x64\Debug\nlohmann_json-populate\nlohmann.45F5D7D4.tlog\nlohmann_json-populate.lastbuildstate","182","55DBA9185C6BEFB4CCECC9EA852ED55CC5C8C33C922FCBBB38169CF3F5E18943","2026-09-19 05:36:33"
"build_p2\_deps\nlohmann_json-subbuild\x64\Debug\ZERO_CHECK\ZERO_CHECK.recipe","316","7CE8B69B5E4363E6E323A621B53CB37FAF96DFF3815DD2543CE4F3E80777FB36","2026-09-19 05:36:32"
"build_p2\_deps\nlohmann_json-subbuild\x64\Debug\ZERO_CHECK\ZERO_CHECK.tlog\CustomBuild.command.1.tlog","601","AD3A2ED964EE3026364750359220F3D7EDB0F183229973357A84A5BDFC861144","2026-09-19 05:34:24"
"build_p2\_deps\nlohmann_json-subbuild\x64\Debug\ZERO_CHECK\ZERO_CHECK.tlog\CustomBuild.read.1.tlog","1688","71BDDB667084C7878ABC3D9BFFB54BB4F19A32E778C294B137567B42E083B5A8","2026-09-19 05:34:24"
"build_p2\_deps\nlohmann_json-subbuild\x64\Debug\ZERO_CHECK\ZERO_CHECK.tlog\CustomBuild.write.1.tlog","199","7707600F2D5E76DCA1169FE924E9F26B3D4AE92198303831856B97A645252BB7","2026-09-19 05:34:24"
"build_p2\_deps\nlohmann_json-subbuild\x64\Debug\ZERO_CHECK\ZERO_CHECK.tlog\ZERO_CHECK.lastbuildstate","182","55DBA9185C6BEFB4CCECC9EA852ED55CC5C8C33C922FCBBB38169CF3F5E18943","2026-09-19 05:36:32"
"build_p2_fresh\CMakeCache.txt","44017","EE2CD6DCB674B87B5B257FA968BDF68D166DFC8CE0DEA5DD16AD3269CAA3773B","2026-09-19 05:26:11"
"build_p2_fresh\CMakeFiles\cmake.check_cache","86","95079B44BCEF481D601432C2FD3C654D7FE85B9C8386C355F2874502B47441D7","2026-09-19 05:26:11"
"build_p2_fresh\CMakeFiles\CMakeConfigureLog.yaml","531534","72A2D4528DDA0557B9B7B69F82ADC193CF5D30C8C4CA7A60B6977B3A586CAA9A","2026-09-19 05:26:11"
"build_p2_fresh\CMakeFiles\generate.stamp.list","499","10CE4C0E9151A56725D7EE4788725F21ACFC7D659A2B48E660630F868B916F44","2026-09-19 05:26:11"
"build_p2_fresh\CMakeFiles\4.4.2\CMakeASM_MASMCompiler.cmake","1555","2854EEB905485DAFD438E0C81309CB5FEBF71AC879DD3B77F5823D872C31C841","2026-09-19 05:26:05"
"build_p2_fresh\CMakeFiles\4.4.2\CMakeCCompiler.cmake","3411","C96A9C696C6E2168D03B3F7B05F229CAA42F1673D3BDC90BC9BB5C7C0A63631E","2026-09-19 05:26:06"
"build_p2_fresh\CMakeFiles\4.4.2\CMakeCXXCompiler.cmake","6632","3818AE800A1D94F1B189F721136856C561F51E1E9C0562B1C1FD8285A06E357C","2026-09-19 05:26:07"
"build_p2_fresh\CMakeFiles\4.4.2\CMakeDetermineCompilerABI_C.bin","53248","F6A910FB5958D010FF22A548C43972D7E8C97FD011B2FEEA22C04676466E6D00","2026-09-19 05:26:06"
"build_p2_fresh\CMakeFiles\4.4.2\CMakeDetermineCompilerABI_CXX.bin","53248","73BF8FC8C8BCAF6314CD76561B8D30DCEF5E3AD44CBD862EAB1E5741E8E84014","2026-09-19 05:26:07"
"build_p2_fresh\CMakeFiles\4.4.2\CMakeRCCompiler.cmake","276","F1C96E7B6BC035D04A44733638743F28BF70450E870A3095A55CFF6AD81924FA","2026-09-19 05:26:06"
"build_p2_fresh\CMakeFiles\4.4.2\CMakeSystem.cmake","399","14F764C3F0C50603F951C55B1787FA383C48D641385221057CD4F25001C4B314","2026-09-19 05:26:04"
"build_p2_fresh\CMakeFiles\4.4.2\VCTargetsPath.txt","90","7BF0943F47FD89DDF6E8623056ED4AFA49693BCC8C6885EA90D889DBBC3CAD9C","2026-09-19 05:26:04"
"build_p2_fresh\CMakeFiles\4.4.2\VCTargetsPath.vcxproj","1255","E4B780FA88A782F3788553546AE6BAB68373AE8378266CE7570A7DBEB1120D3D","2026-09-19 05:26:04"
"build_p2_fresh\CMakeFiles\4.4.2\CompilerIdC\CMakeCCompilerId.c","29974","6B712B317574A51D1D4F3A69F0722D9EF310910570FD191501CDD45655E061D3","2026-09-19 05:26:04"
"build_p2_fresh\CMakeFiles\4.4.2\CompilerIdC\CompilerIdC.exe","14848","BCEBC288A7C1EFB11958FC687BAE015F6F28123FDCCCF0F525399AB43210F53F","2026-09-19 05:26:05"
"build_p2_fresh\CMakeFiles\4.4.2\CompilerIdC\CompilerIdC.vcxproj","2798","AF8BC7C7D110CBD801BAF170898C4EB9021E0272D6E7C0092478EF9A634DF7EC","2026-09-19 05:26:04"
"build_p2_fresh\CMakeFiles\4.4.2\CompilerIdC\Debug\CMakeCCompilerId.obj","2294","5D0BE4B3D676CF0300AEE2925704DA19BB2DB6E8783B977BCA40606357ADD4A8","2026-09-19 05:26:05"
"build_p2_fresh\CMakeFiles\4.4.2\CompilerIdC\Debug\CompilerIdC.exe.recipe","317","1B01E06D0BD73FD1B7727402637D7A9E179B4AA21D5925F49D6A2A9FC4B324FF","2026-09-19 05:26:05"
"build_p2_fresh\CMakeFiles\4.4.2\CompilerIdC\Debug\CompilerIdC.tlog\CL.command.1.tlog","692","5757A6AA8509D7FB488443B412E33C417B03B79BE285588DACE6820F035F2908","2026-09-19 05:26:05"
"build_p2_fresh\CMakeFiles\4.4.2\CompilerIdC\Debug\CompilerIdC.tlog\Cl.items.tlog","165","04D987BA1321C117DE3EEABEEFAA14D67FD51D84F96F98F33DC02AA3C84AF326","2026-09-19 05:26:05"
"build_p2_fresh\CMakeFiles\4.4.2\CompilerIdC\Debug\CompilerIdC.tlog\CL.read.1.tlog","564","E9B786D4A16837D2848AFE54D71FE68252FB82DD1186510DDC0E8BD198019746","2026-09-19 05:26:05"
"build_p2_fresh\CMakeFiles\4.4.2\CompilerIdC\Debug\CompilerIdC.tlog\CL.write.1.tlog","336","B8EF458A3CF2791CF56F416AB762A11F7D79CC398B730FEBAE4CAE8E7DCE7283","2026-09-19 05:26:05"
"build_p2_fresh\CMakeFiles\4.4.2\CompilerIdC\Debug\CompilerIdC.tlog\CompilerIdC.lastbuildstate","188","CC1391514C488C1F99A17EC54A01AA62BB47F440C55A9713497DA2155CCEF04A","2026-09-19 05:26:05"
"build_p2_fresh\CMakeFiles\4.4.2\CompilerIdC\Debug\CompilerIdC.tlog\link.command.1.tlog","1000","31E22168A3F1B94C4070F8E38A6A1F67F2EBD60F9389BE5EE06FA08D47E8EADD","2026-09-19 05:26:05"
"build_p2_fresh\CMakeFiles\4.4.2\CompilerIdC\Debug\CompilerIdC.tlog\link.read.1.tlog","3386","9DB5B42B7650F3B0FADA8814B582656404854A32F45D5010943171DEC782ED0A","2026-09-19 05:26:05"
"build_p2_fresh\CMakeFiles\4.4.2\CompilerIdC\Debug\CompilerIdC.tlog\link.secondary.1.tlog","88","776CF0DABB4998E0D6C1D82287223C54B21746B95459899EBECCD06B591D8C4F","2026-09-19 05:26:05"
"build_p2_fresh\CMakeFiles\4.4.2\CompilerIdC\Debug\CompilerIdC.tlog\link.write.1.tlog","330","E1C73E776B742C01458E4B870470181556BDBD84EED7E00D8049BC3C1920E2F9","2026-09-19 05:26:05"
"build_p2_fresh\CMakeFiles\4.4.2\CompilerIdCXX\CMakeCXXCompilerId.cpp","30605","C260F5F6368FE636DA54C24D6ABD310AC6FCC3ACDC4BDC674D9B7223569A85EB","2026-09-19 05:26:05"
"build_p2_fresh\CMakeFiles\4.4.2\CompilerIdCXX\CompilerIdCXX.exe","15360","9E1FF302AF103D998E0121BC9C35F84059CCF914F4B769B9C930842AD8467E5E","2026-09-19 05:26:05"
"build_p2_fresh\CMakeFiles\4.4.2\CompilerIdCXX\CompilerIdCXX.vcxproj","2806","21FC02677B659ADE12A520B7B4B7ADF6F15E1C4BE0F1F6D6371CC636682DC3BA","2026-09-19 05:26:05"
"build_p2_fresh\CMakeFiles\4.4.2\CompilerIdCXX\Debug\CMakeCXXCompilerId.obj","2361","FAB9EBBB0294770098435A5BFCF822A34F7362F76388DF9E6BF50B8A1A0EA5D2","2026-09-19 05:26:05"
"build_p2_fresh\CMakeFiles\4.4.2\CompilerIdCXX\Debug\CompilerIdCXX.exe.recipe","321","2483C0D0CEA8E409863004DBFAF017D2F07B352B16BCEE64AF842C6DEB792613","2026-09-19 05:26:05"
"build_p2_fresh\CMakeFiles\4.4.2\CompilerIdCXX\Debug\CompilerIdCXX.tlog\CL.command.1.tlog","716","88CC93DB2A8962608AE7AFDA333CA8BFBEF249DF5F7B2B5B4508ED1F097FE84A","2026-09-19 05:26:05"
"build_p2_fresh\CMakeFiles\4.4.2\CompilerIdCXX\Debug\CompilerIdCXX.tlog\Cl.items.tlog","175","81A80D37C8666B6D7C23BF28E18B0DC101484462FD66D55CA00FD9D2BD5CD6F0","2026-09-19 05:26:05"
"build_p2_fresh\CMakeFiles\4.4.2\CompilerIdCXX\Debug\CompilerIdCXX.tlog\CL.read.1.tlog","576","2E6B72D0A5615F06C70BEFA111596E42DA82067169901C76C4B74EA6BBC42AA8","2026-09-19 05:26:05"
"build_p2_fresh\CMakeFiles\4.4.2\CompilerIdCXX\Debug\CompilerIdCXX.tlog\CL.write.1.tlog","356","C9674EED446369DB2B87597BBC74331B7AB1054E13CAEBBD9B9FB3B6912172B1","2026-09-19 05:26:05"
"build_p2_fresh\CMakeFiles\4.4.2\CompilerIdCXX\Debug\CompilerIdCXX.tlog\CompilerIdCXX.lastbuildstate","190","8D7AB46F67A8B50559DC5C078D544BC12415C644E2CA08E7E1074472E0145EF5","2026-09-19 05:26:05"
"build_p2_fresh\CMakeFiles\4.4.2\CompilerIdCXX\Debug\CompilerIdCXX.tlog\link.command.1.tlog","1024","7229ECC4FF68DFA72D4E489C8199163CFAB846A47FFE45D4044BC4E591654EAC","2026-09-19 05:26:05"
"build_p2_fresh\CMakeFiles\4.4.2\CompilerIdCXX\Debug\CompilerIdCXX.tlog\link.read.1.tlog","3402","DDE1780E1FE108D37ABAF9A3C37E754E4FB5B5948A246C8CC37A5A8F97C07345","2026-09-19 05:26:05"
"build_p2_fresh\CMakeFiles\4.4.2\CompilerIdCXX\Debug\CompilerIdCXX.tlog\link.secondary.1.tlog","92","EE91ED6EF535FB8F621C7F08E68D80F89A8ED56CCD299D710A0A326FFDCE01A1","2026-09-19 05:26:05"
"build_p2_fresh\CMakeFiles\4.4.2\CompilerIdCXX\Debug\CompilerIdCXX.tlog\link.write.1.tlog","346","A4CB74A12D4725BAE1DB29EFC52657808B6C2E0477E6D02D90E6DCDE13430B8A","2026-09-19 05:26:05"
"build_p2_fresh\CMakeFiles\4.4.2\VCTargetsPath\x64\Debug\VCTargetsPath.recipe","313","3CDF2412CBF92A774A6CA2AD21E2A8194AFBECDED266F1810066099E53EA35C0","2026-09-19 05:26:04"
"build_p2_fresh\CMakeFiles\4.4.2\VCTargetsPath\x64\Debug\VCTargetsPath.tlog\VCTargetsPath.lastbuildstate","176","88975B8DFB16513B0A3D836321F5D220BD35A26960632A92603B74C3E29B7311","2026-09-19 05:26:04"
"build_p2_fresh\_deps\nlohmann_json-build\nlohmann_json.pc","121","F1456363FD3ECD1A4903240387438C270DCE164167765C9676BF058DE1623CFC","2026-09-19 05:26:09"
"build_p2_fresh\_deps\nlohmann_json-build\nlohmann_jsonConfig.cmake","635","A879DC2B648E17AC32836EF9013B5A6CF1234A74B9A60962CC081C3776C9F13F","2026-09-19 05:26:09"
"build_p2_fresh\_deps\nlohmann_json-build\nlohmann_jsonConfigVersion.cmake","696","B6D73337D16D3DEB4B192056D1AC9E7E962929EC993F7F9652A949DE3D38CE8F","2026-09-19 05:26:09"
"build_p2_fresh\_deps\nlohmann_json-src\CMakeLists.txt","7180","9A00F4234C7804AF1A8ABA619C28B7462B11683FD6628A0EA62CBC168764C87F","2023-11-28 14:38:03"
"build_p2_fresh\_deps\nlohmann_json-src\LICENSE.MIT","1076","86B998C792894CCB911A1CB7994F7A9652894E7A094C0B5E45BE2F553F45CF14","2023-11-28 14:38:03"
"build_p2_fresh\_deps\nlohmann_json-src\nlohmann_json.natvis","19578","162666E7AB4D725A6E9621F0D31097802B58B838E907AE5445C7C938FD0257B1","2023-11-28 14:38:03"
"build_p2_fresh\_deps\nlohmann_json-src\cmake\config.cmake.in","710","DE73A6E0CDFC9CB1FC28A6156D7E2660F498C9F30AD7D4DE5600BA279DA0A3F3","2023-11-28 14:38:03"
"build_p2_fresh\_deps\nlohmann_json-src\cmake\nlohmann_jsonConfigVersion.cmake.in","709","F3E940FC8846A483A5F35B9D47FA9AE700765B60A3D17EED2229A0BD7818F567","2023-11-28 14:38:03"
"build_p2_fresh\_deps\nlohmann_json-src\cmake\pkg-config.pc.in","126","796C801C759EB4D5E165AFA2441481FFF5487A2FD35BBFCEC841367D9772F760","2023-11-28 14:38:03"
"build_p2_fresh\_deps\nlohmann_json-src\include\nlohmann\adl_serializer.hpp","2279","242B578E1A41C97DEC6890BD88BDB824CDB76A9EDD849C108299A59469D327E0","2023-11-28 14:38:03"
"build_p2_fresh\_deps\nlohmann_json-src\include\nlohmann\byte_container_with_subtype.hpp","3533","C7DC197CBB54B9168373B4B9A3E1CC57CC5583BFCF5008B722B363335BC53511","2023-11-28 14:38:03"
"build_p2_fresh\_deps\nlohmann_json-src\include\nlohmann\json.hpp","198618","2432CBF7F4258453538ECA193CD937FC777462AE2CE8EE9F46E6EE460EF56BEA","2023-11-28 14:38:03"
"build_p2_fresh\_deps\nlohmann_json-src\include\nlohmann\json_fwd.hpp","2541","C5B950B428534861B5869254FD773AFC724112FC9E141BD1FC89189640A3AE5D","2023-11-28 14:38:03"
"build_p2_fresh\_deps\nlohmann_json-src\include\nlohmann\ordered_map.hpp","11692","31D1BB02500B734E09C27CE2CC216C8AF188344FBC19A6946AE301A12C7B62DF","2023-11-28 14:38:03"
"build_p2_fresh\_deps\nlohmann_json-src\include\nlohmann\detail\abi_macros.hpp","3807","1C7DC7C5062B199A35853F4056ED00ED359EF8FA5C7FB15A58BC79598EC21422","2023-11-28 14:38:03"
"build_p2_fresh\_deps\nlohmann_json-src\include\nlohmann\detail\exceptions.hpp","9267","55299C55106DE2624CA7AA6A5705AD6FF53814C1B52F8FE8D2872F13C956C95A","2023-11-28 14:38:03"
"build_p2_fresh\_deps\nlohmann_json-src\include\nlohmann\detail\hash.hpp","4016","74A9E3AF772127CF0B12EE794ABC8C47B5BEA74CE658D0D20179A26BE5D95D0D","2023-11-28 14:38:03"
"build_p2_fresh\_deps\nlohmann_json-src\include\nlohmann\detail\json_custom_base_class.hpp","1178","70DA7C5B17777F8DA6D83310D6526856542585EFA8A078DB61227B11AAF9EC0B","2023-11-28 14:38:03"
"build_p2_fresh\_deps\nlohmann_json-src\include\nlohmann\detail\json_pointer.hpp","37143","4CF537AD88B2D686D5A349B26DA7E012BA9A58B01A0AB2BADAA796D9150E69BB","2023-11-28 14:38:03"
"build_p2_fresh\_deps\nlohmann_json-src\include\nlohmann\detail\json_ref.hpp","1811","1660750DD10A562AAC1EEA37021F1E7138A5D6D50B051815708497A8D30BF60D","2023-11-28 14:38:03"
"build_p2_fresh\_deps\nlohmann_json-src\include\nlohmann\detail\macro_scope.hpp","43639","70D2B2AA49A93170DED3D0C0D1B0F76103FDD09704BA5ECC862BC03095920847","2023-11-28 14:38:03"
"build_p2_fresh\_deps\nlohmann_json-src\include\nlohmann\detail\macro_unscope.hpp","1252","5F7040DF475E2C943D9B22C335B61600DEB14B1E48A69B3450DE4C4A08C320BC","2023-11-28 14:38:03"
"build_p2_fresh\_deps\nlohmann_json-src\include\nlohmann\detail\string_concat.hpp","5951","E8001630045F800C0EBCFC19E2B2F90139A4D20A9A359E134657767FD6FA9AA2","2023-11-28 14:38:03"
"build_p2_fresh\_deps\nlohmann_json-src\include\nlohmann\detail\string_escape.hpp","2168","3BF6687FFA7F6FD3034591ADFDD6EA073584DF83694C6B57FEED9ADA965801E7","2023-11-28 14:38:03"
"build_p2_fresh\_deps\nlohmann_json-src\include\nlohmann\detail\value_t.hpp","4326","60A7E24B34E93B8BA40EECF310A40C55042754328271C246F9CC1069F6A25958","2023-11-28 14:38:03"
"build_p2_fresh\_deps\nlohmann_json-src\include\nlohmann\detail\conversions\from_json.hpp","18880","B37CED0BA32F8AC5834B4C96058CA5E445BCCEA27F46299A359EED0ECBF2E58E","2023-11-28 14:38:03"
"build_p2_fresh\_deps\nlohmann_json-src\include\nlohmann\detail\conversions\to_chars.hpp","38562","5FE11205C45DBD08373244D743F38E89CEEFB8C9B5FC4C68077117C786D53BEF","2023-11-28 14:38:03"
"build_p2_fresh\_deps\nlohmann_json-src\include\nlohmann\detail\conversions\to_json.hpp","16274","73BAD524856D475A6071FD7B5422F80DF13BA7586F0D4B48141C2EC60CEBCF89","2023-11-28 14:38:03"
"build_p2_fresh\_deps\nlohmann_json-src\include\nlohmann\detail\input\binary_reader.hpp","103146","484BCC276C4FA6C7C61A93A8223F3E53BB4DC966E688E96641A93A50D7E503E9","2023-11-28 14:38:03"
"build_p2_fresh\_deps\nlohmann_json-src\include\nlohmann\detail\input\input_adapters.hpp","17402","BD549419506089C82C94446F939587362FF01516B8E6624C472E704D27B1BE42","2023-11-28 14:38:03"
"build_p2_fresh\_deps\nlohmann_json-src\include\nlohmann\detail\input\json_sax.hpp","21420","9147C9D07784A5F3DE890D68401AE07D03D0BC0DB24EBCBE7BEB8A31CFD858A0","2023-11-28 14:38:03"
"build_p2_fresh\_deps\nlohmann_json-src\include\nlohmann\detail\input\lexer.hpp","54569","550C275F09D55DEB1705B97B8A15B02F211EA0BA87E95452E7A023B854BB024C","2023-11-28 14:38:03"
"build_p2_fresh\_deps\nlohmann_json-src\include\nlohmann\detail\input\parser.hpp","19661","094AED22CFDD641AC15EF59BFEF8DD1E23FD92373633A92ED928CB580F0CBD7E","2023-11-28 14:38:03"
"build_p2_fresh\_deps\nlohmann_json-src\include\nlohmann\detail\input\position_t.hpp","958","0C9C5BE26020C0A7929F3CC1E7E0065589D6A8F4DC1BD2EE13F10EF1A7EFAA24","2023-11-28 14:38:03"
"build_p2_fresh\_deps\nlohmann_json-src\include\nlohmann\detail\iterators\internal_iterator.hpp","1071","E75CF5E3C9AE358055BF3335FA2C5B6BBFBD1E24EA3DFDB62C187F37A8E2B485","2023-11-28 14:38:03"
"build_p2_fresh\_deps\nlohmann_json-src\include\nlohmann\detail\iterators\iteration_proxy.hpp","8238","839EFBA147F6F15C693C741039DAA3D383C2F4AFB8FE653E4DAD49A9F998D1D1","2023-11-28 14:38:03"
"build_p2_fresh\_deps\nlohmann_json-src\include\nlohmann\detail\iterators\iterator_traits.hpp","1757","04B0EDAEB214AA1C932B9078849A8FBBBDA9C7A241B4CBC28A90B6D11C959443","2023-11-28 14:38:03"
"build_p2_fresh\_deps\nlohmann_json-src\include\nlohmann\detail\iterators\iter_impl.hpp","24046","70D81EBB931DB43A19FE3872A3FB1BC91FAB27509C8D29EE4C4DD247B384CAE1","2023-11-28 14:38:03"
"build_p2_fresh\_deps\nlohmann_json-src\include\nlohmann\detail\iterators\json_reverse_iterator.hpp","3861","031B45C4F90AB7D64ECB6606FAD880D867A23FC63A431F0DE34F0FC104307B66","2023-11-28 14:38:03"
"build_p2_fresh\_deps\nlohmann_json-src\include\nlohmann\detail\iterators\primitive_iterator.hpp","3227","6C949107BB779CECB8BEBA0835F7292656B52B08C3F6A6D3B27229B58C28AEFE","2023-11-28 14:38:03"
"build_p2_fresh\_deps\nlohmann_json-src\include\nlohmann\detail\meta\cpp_future.hpp","5178","486BA5A3724131D0C1646E36D9A4A9877505B2914078347E6067BB65593F01CE","2023-11-28 14:38:03"
"build_p2_fresh\_deps\nlohmann_json-src\include\nlohmann\detail\meta\detected.hpp","2109","F79AA1F107E4DFD4554753E6FE05364A1147EF4498D3125CFC939A5534D2D527","2023-11-28 14:38:03"
"build_p2_fresh\_deps\nlohmann_json-src\include\nlohmann\detail\meta\identity_tag.hpp","526","BBA9559DEC8519DE3044B537E96A59A601831797A5A3C38BF8023A6D949118D0","2023-11-28 14:38:03"
"build_p2_fresh\_deps\nlohmann_json-src\include\nlohmann\detail\meta\is_sax.hpp","6960","1F81D6098B9AAD02A95C27EC333BBB13EEC3C5171B968E39B7ECB1B06B16C55B","2023-11-28 14:38:03"
"build_p2_fresh\_deps\nlohmann_json-src\include\nlohmann\detail\meta\std_fs.hpp","766","FB514154EA8C11C04A00EFEB2E89EDBFD40F149ED39EF36568D9B2A1062E85E0","2023-11-28 14:38:03"
"build_p2_fresh\_deps\nlohmann_json-src\include\nlohmann\detail\meta\type_traits.hpp","29454","1F901F9E4BCD585FF22C6B0C0956566BA8A4A1238A490A64E7755A2C313040D5","2023-11-28 14:38:03"
"build_p2_fresh\_deps\nlohmann_json-src\include\nlohmann\detail\meta\void_t.hpp","597","581E7B157457EB9C488793F2CD7066B2C1BA31D5E9FEA6F0D67C8C732B5088E4","2023-11-28 14:38:03"
"build_p2_fresh\_deps\nlohmann_json-src\include\nlohmann\detail\meta\call_std\begin.hpp","453","379660C15A30B84FF2A67E22734638F608CC37B34648461C7E9167DA1153D861","2023-11-28 14:38:03"
"build_p2_fresh\_deps\nlohmann_json-src\include\nlohmann\detail\meta\call_std\end.hpp","451","DECA609BF200442F452B848C19F28EE30879DF0CA35E959ED3B41F861C92DF55","2023-11-28 14:38:03"
"build_p2_fresh\_deps\nlohmann_json-src\include\nlohmann\detail\output\binary_writer.hpp","71152","665CE1EA5FB2CB425896B713BDD8D8D5A6D69688924FA6E2EFAFFB4E9D132011","2023-11-28 14:38:03"
"build_p2_fresh\_deps\nlohmann_json-src\include\nlohmann\detail\output\output_adapters.hpp","4067","1E0BCC375B4D84180649198E2F8061F5968A10A6913231FEE097689D281ED565","2023-11-28 14:38:03"
"build_p2_fresh\_deps\nlohmann_json-src\include\nlohmann\detail\output\serializer.hpp","40163","259C611D4B1147E3626D25BC05994B28F91F4FCCA2E578E486DCF51C0234E5C8","2023-11-28 14:38:03"
"build_p2_fresh\_deps\nlohmann_json-src\include\nlohmann\thirdparty\hedley\hedley.hpp","86068","20D6C1C6D6C30365F68A45093798937971B593919FB3051431F0C015DFA671FB","2023-11-28 14:38:03"
"build_p2_fresh\_deps\nlohmann_json-src\include\nlohmann\thirdparty\hedley\hedley_undef.hpp","5500","0F8902F26872F40A2514E9C9BE2FCEBFCE6CDE0022E9364FDDD17FB49575B146","2023-11-28 14:38:03"
"build_p2_fresh\_deps\nlohmann_json-src\single_include\nlohmann\json.hpp","919975","9BEA4C8066EF4A1C206B2BE5A36302F8926F7FDC6087AF5D20B417D0CF103EA6","2023-11-28 14:38:03"
"build_p2_fresh\_deps\nlohmann_json-src\single_include\nlohmann\json_fwd.hpp","6340","5CEFBBA751BAF5243033FD894C70BE9B37103D64B3D3A959E4173197D71137B9","2023-11-28 14:38:03"
"build_p2_fresh\_deps\nlohmann_json-subbuild\ALL_BUILD.vcxproj","6387","CE62EA4D65C468A2590ACD3749799EDD8F06DD4702EA50929A641AEEEBCF1388","2026-09-19 05:26:07"
"build_p2_fresh\_deps\nlohmann_json-subbuild\ALL_BUILD.vcxproj.filters","313","29F0E426C950A3BE771878EA3F6F0A399CD9639A9AC8B78645882710D6171387","2026-09-19 05:26:07"
"build_p2_fresh\_deps\nlohmann_json-subbuild\CMakeCache.txt","5416","65FE9ED35B4A50199151530C0023353461C3CC56144661E91B76A0B02D2D7855","2026-09-19 05:26:07"
"build_p2_fresh\_deps\nlohmann_json-subbuild\CMakeLists.txt","1542","4C7CCD686A884E14E82079FA2EE0DD9560BDA466CF7BDFC3A163A9BDD2395AFE","2026-09-19 05:26:07"
"build_p2_fresh\_deps\nlohmann_json-subbuild\cmake_install.cmake","1999","740DFCF864E27F624D68B895162E54EBC1F9BE415C90A75E39C4E3766E675767","2026-09-19 05:26:07"
"build_p2_fresh\_deps\nlohmann_json-subbuild\nlohmann_json-populate.sln","2673","977199A27B2C3AC1971C45345099C91AEB660AD86E5EBD4FEFF8D751D41A0CA9","2026-09-19 05:26:07"
"build_p2_fresh\_deps\nlohmann_json-subbuild\nlohmann_json-populate.vcxproj","25159","D2D4A14CD9FBFDD6737C0C0134E7A64CF64739C1C118D83DE73D45A35B7999B6","2026-09-19 05:26:07"
"build_p2_fresh\_deps\nlohmann_json-subbuild\nlohmann_json-populate.vcxproj.filters","2821","4CECE8E5254A38EE06AA70CBC64C7F3956AC7C2398688AE7E6D4061EB02E6D2B","2026-09-19 05:26:07"
"build_p2_fresh\_deps\nlohmann_json-subbuild\ZERO_CHECK.vcxproj","5854","14F216FE82B90F40F10BE3E439693365601AD12404A2A7DF899A8D415D809030","2026-09-19 05:26:07"
"build_p2_fresh\_deps\nlohmann_json-subbuild\ZERO_CHECK.vcxproj.filters","550","EFB23B076420FA79C5C3F32FCC8815FBFD8EC745EA410A8BF2F509FB374C1BB3","2026-09-19 05:26:07"
"build_p2_fresh\_deps\nlohmann_json-subbuild\CMakeFiles\cmake.check_cache","86","95079B44BCEF481D601432C2FD3C654D7FE85B9C8386C355F2874502B47441D7","2026-09-19 05:26:07"
"build_p2_fresh\_deps\nlohmann_json-subbuild\CMakeFiles\CMakeConfigureLog.yaml","271","ECF712160B779608B83B769991FDA879E04498880AF245A3073EE7466823C663","2026-09-19 05:26:07"
"build_p2_fresh\_deps\nlohmann_json-subbuild\CMakeFiles\generate.stamp","55","302F7E9A0C863C04B740065ADE01D243C7587D7272FC79FB002870128A9558EB","2026-09-19 05:26:09"
"build_p2_fresh\_deps\nlohmann_json-subbuild\CMakeFiles\generate.stamp.depend","1787","56C96A3C5C1D3A2A3535651F512839A696B3199987ECBDF62C4FD35DFC54B378","2026-09-19 05:26:07"
"build_p2_fresh\_deps\nlohmann_json-subbuild\CMakeFiles\generate.stamp.list","86","F7EB636367F4584FD0BC39640AA5E41F4B223B209D3F18D0CBE8403979C586F2","2026-09-19 05:26:07"
"build_p2_fresh\_deps\nlohmann_json-subbuild\CMakeFiles\InstallScripts.json","142","1AD877D2054C0D5D2896FBCE1CB6454FAF83396CBDDB160828C2C497A79D3292","2026-09-19 05:26:07"
"build_p2_fresh\_deps\nlohmann_json-subbuild\CMakeFiles\TargetDirectories.txt","269","34832EAC316E7C65EB63C49A8A6D8C2056255A8D322B981A49E89A4F45665006","2026-09-19 05:26:07"
"build_p2_fresh\_deps\nlohmann_json-subbuild\CMakeFiles\4.4.2\CMakeSystem.cmake","395","CB655F074177502B26612FA979EE72C606731A0B59F300E936EBBA161D8CCE09","2026-09-19 05:26:07"
"build_p2_fresh\_deps\nlohmann_json-subbuild\CMakeFiles\4.4.2\VCTargetsPath.txt","90","7BF0943F47FD89DDF6E8623056ED4AFA49693BCC8C6885EA90D889DBBC3CAD9C","2026-09-19 05:26:07"
"build_p2_fresh\_deps\nlohmann_json-subbuild\CMakeFiles\4.4.2\VCTargetsPath.vcxproj","1255","E4B780FA88A782F3788553546AE6BAB68373AE8378266CE7570A7DBEB1120D3D","2026-09-19 05:26:07"
"build_p2_fresh\_deps\nlohmann_json-subbuild\CMakeFiles\4.4.2\VCTargetsPath\x64\Debug\VCTargetsPath.recipe","342","7A234A5FD0954CA1C99592D5B4567D9115535BC24530E50F7CF4C7FD8BF2D203","2026-09-19 05:26:07"
"build_p2_fresh\_deps\nlohmann_json-subbuild\CMakeFiles\4.4.2\VCTargetsPath\x64\Debug\VCTargetsPath.tlog\VCTargetsPath.lastbuildstate","205","C1D60F30995DE1CED8570AB94E326253EFDBD75E70C3BAD6187C93C9042333D6","2026-09-19 05:26:07"
"build_p2_fresh\_deps\nlohmann_json-subbuild\CMakeFiles\8719034325a023f8578f34f0cb77fde0\nlohmann_json-populate-build.rule","24","6D2663216BB5708992DAD2784A833F449113AFD00FD431274CA956FB2530D391","2000-12-31 19:00:00"
"build_p2_fresh\_deps\nlohmann_json-subbuild\CMakeFiles\8719034325a023f8578f34f0cb77fde0\nlohmann_json-populate-configure.rule","24","6D2663216BB5708992DAD2784A833F449113AFD00FD431274CA956FB2530D391","2000-12-31 19:00:00"
"build_p2_fresh\_deps\nlohmann_json-subbuild\CMakeFiles\8719034325a023f8578f34f0cb77fde0\nlohmann_json-populate-download.rule","24","6D2663216BB5708992DAD2784A833F449113AFD00FD431274CA956FB2530D391","2000-12-31 19:00:00"
"build_p2_fresh\_deps\nlohmann_json-subbuild\CMakeFiles\8719034325a023f8578f34f0cb77fde0\nlohmann_json-populate-install.rule","24","6D2663216BB5708992DAD2784A833F449113AFD00FD431274CA956FB2530D391","2000-12-31 19:00:00"
"build_p2_fresh\_deps\nlohmann_json-subbuild\CMakeFiles\8719034325a023f8578f34f0cb77fde0\nlohmann_json-populate-mkdir.rule","24","6D2663216BB5708992DAD2784A833F449113AFD00FD431274CA956FB2530D391","2000-12-31 19:00:00"
"build_p2_fresh\_deps\nlohmann_json-subbuild\CMakeFiles\8719034325a023f8578f34f0cb77fde0\nlohmann_json-populate-patch.rule","24","6D2663216BB5708992DAD2784A833F449113AFD00FD431274CA956FB2530D391","2000-12-31 19:00:00"
"build_p2_fresh\_deps\nlohmann_json-subbuild\CMakeFiles\8719034325a023f8578f34f0cb77fde0\nlohmann_json-populate-test.rule","24","6D2663216BB5708992DAD2784A833F449113AFD00FD431274CA956FB2530D391","2000-12-31 19:00:00"
"build_p2_fresh\_deps\nlohmann_json-subbuild\CMakeFiles\8719034325a023f8578f34f0cb77fde0\nlohmann_json-populate-update.rule","24","6D2663216BB5708992DAD2784A833F449113AFD00FD431274CA956FB2530D391","2000-12-31 19:00:00"
"build_p2_fresh\_deps\nlohmann_json-subbuild\CMakeFiles\9522337a6c62140292caaf0b8f17e304\generate.stamp.rule","24","6D2663216BB5708992DAD2784A833F449113AFD00FD431274CA956FB2530D391","2000-12-31 19:00:00"
"build_p2_fresh\_deps\nlohmann_json-subbuild\CMakeFiles\9522337a6c62140292caaf0b8f17e304\nlohmann_json-populate.rule","24","6D2663216BB5708992DAD2784A833F449113AFD00FD431274CA956FB2530D391","2000-12-31 19:00:00"
"build_p2_fresh\_deps\nlohmann_json-subbuild\CMakeFiles\ad29281e727c206c77337cba578abec5\nlohmann_json-populate-complete.rule","24","6D2663216BB5708992DAD2784A833F449113AFD00FD431274CA956FB2530D391","2000-12-31 19:00:00"
"build_p2_fresh\_deps\nlohmann_json-subbuild\CMakeFiles\Debug\nlohmann_json-populate-complete","0","E3B0C44298FC1C149AFBF4C8996FB92427AE41E4649B934CA495991B7852B855","2026-09-19 05:26:09"
"build_p2_fresh\_deps\nlohmann_json-subbuild\CMakeFiles\nlohmann_json-populate.dir\Labels.json","1896","82E6C1DF82083951057E51DB893356C07E68C32AFD42CE3C1281E4DC2FE9F6F6","2026-09-19 05:26:07"
"build_p2_fresh\_deps\nlohmann_json-subbuild\CMakeFiles\nlohmann_json-populate.dir\Labels.txt","1555","F30EA9CB34EE29EF32A0373B6EC15AC2E41471C6FB9BBF64A7BC3C832A510804","2026-09-19 05:26:07"
"build_p2_fresh\_deps\nlohmann_json-subbuild\nlohmann_json-populate-prefix\src\json.tar.xz","110988","D6C65ACA6B1ED68E7A182F4757257B107AE403032760ED6EF121C9D55E81757D","2026-09-19 05:26:08"
"build_p2_fresh\_deps\nlohmann_json-subbuild\nlohmann_json-populate-prefix\src\nlohmann_json-populate-stamp\download-nlohmann_json-populate.cmake","5191","BE4FF88F774D639BA4351DECD91A7AB5C0F48FFDBDA1176530B3F4301FEA5B32","2026-09-19 05:26:07"
"build_p2_fresh\_deps\nlohmann_json-subbuild\nlohmann_json-populate-prefix\src\nlohmann_json-populate-stamp\extract-nlohmann_json-populate.cmake","1979","31231C231004F2886AA90623514D801C06CAEF8BBED0A061AEB1836BA4442924","2026-09-19 05:26:07"
"build_p2_fresh\_deps\nlohmann_json-subbuild\nlohmann_json-populate-prefix\src\nlohmann_json-populate-stamp\nlohmann_json-populate-patch-info.txt","234","1B65EC9FCBBD17A6161E1654B212A61E96B5AF8F684DB5B57CC9A34CCB8FC08A","2026-09-19 05:26:07"
"build_p2_fresh\_deps\nlohmann_json-subbuild\nlohmann_json-populate-prefix\src\nlohmann_json-populate-stamp\nlohmann_json-populate-update-info.txt","270","1E7A50B58A848C38CCE229AFDCDDB502800991D383A5B52717831809448F316A","2026-09-19 05:26:07"
"build_p2_fresh\_deps\nlohmann_json-subbuild\nlohmann_json-populate-prefix\src\nlohmann_json-populate-stamp\nlohmann_json-populate-urlinfo.txt","1170","1BD9ECB87E064BF13635B1765792C0911603C96991AC6B8F9575A074690EA7F7","2026-09-19 05:26:07"
"build_p2_fresh\_deps\nlohmann_json-subbuild\nlohmann_json-populate-prefix\src\nlohmann_json-populate-stamp\verify-nlohmann_json-populate.cmake","0","E3B0C44298FC1C149AFBF4C8996FB92427AE41E4649B934CA495991B7852B855","2026-09-19 05:26:07"
"build_p2_fresh\_deps\nlohmann_json-subbuild\nlohmann_json-populate-prefix\src\nlohmann_json-populate-stamp\Debug\nlohmann_json-populate-build","0","E3B0C44298FC1C149AFBF4C8996FB92427AE41E4649B934CA495991B7852B855","2026-09-19 05:26:09"
"build_p2_fresh\_deps\nlohmann_json-subbuild\nlohmann_json-populate-prefix\src\nlohmann_json-populate-stamp\Debug\nlohmann_json-populate-configure","0","E3B0C44298FC1C149AFBF4C8996FB92427AE41E4649B934CA495991B7852B855","2026-09-19 05:26:09"
"build_p2_fresh\_deps\nlohmann_json-subbuild\nlohmann_json-populate-prefix\src\nlohmann_json-populate-stamp\Debug\nlohmann_json-populate-done","0","E3B0C44298FC1C149AFBF4C8996FB92427AE41E4649B934CA495991B7852B855","2026-09-19 05:26:09"
"build_p2_fresh\_deps\nlohmann_json-subbuild\nlohmann_json-populate-prefix\src\nlohmann_json-populate-stamp\Debug\nlohmann_json-populate-download","0","E3B0C44298FC1C149AFBF4C8996FB92427AE41E4649B934CA495991B7852B855","2026-09-19 05:26:08"
"build_p2_fresh\_deps\nlohmann_json-subbuild\nlohmann_json-populate-prefix\src\nlohmann_json-populate-stamp\Debug\nlohmann_json-populate-install","0","E3B0C44298FC1C149AFBF4C8996FB92427AE41E4649B934CA495991B7852B855","2026-09-19 05:26:09"
"build_p2_fresh\_deps\nlohmann_json-subbuild\nlohmann_json-populate-prefix\src\nlohmann_json-populate-stamp\Debug\nlohmann_json-populate-mkdir","0","E3B0C44298FC1C149AFBF4C8996FB92427AE41E4649B934CA495991B7852B855","2026-09-19 05:26:08"
"build_p2_fresh\_deps\nlohmann_json-subbuild\nlohmann_json-populate-prefix\src\nlohmann_json-populate-stamp\Debug\nlohmann_json-populate-patch","0","E3B0C44298FC1C149AFBF4C8996FB92427AE41E4649B934CA495991B7852B855","2026-09-19 05:26:08"
"build_p2_fresh\_deps\nlohmann_json-subbuild\nlohmann_json-populate-prefix\src\nlohmann_json-populate-stamp\Debug\nlohmann_json-populate-test","0","E3B0C44298FC1C149AFBF4C8996FB92427AE41E4649B934CA495991B7852B855","2026-09-19 05:26:09"
"build_p2_fresh\_deps\nlohmann_json-subbuild\nlohmann_json-populate-prefix\src\nlohmann_json-populate-stamp\Debug\nlohmann_json-populate-update","0","E3B0C44298FC1C149AFBF4C8996FB92427AE41E4649B934CA495991B7852B855","2026-09-19 05:26:08"
"build_p2_fresh\_deps\nlohmann_json-subbuild\nlohmann_json-populate-prefix\tmp\nlohmann_json-populate-cfgcmd.txt","8","4338C530A76441CDA4F59C911C9FDF950E000F361B796FCD9DB755AAAE241FF9","2026-09-19 05:26:07"
"build_p2_fresh\_deps\nlohmann_json-subbuild\nlohmann_json-populate-prefix\tmp\nlohmann_json-populate-mkdirs.cmake","1683","6C37AA30B02F9884255B1D514D208B4C442FA9E08B2CE9C722FFA059F240E93B","2026-09-19 05:26:07"
"build_p2_fresh\_deps\nlohmann_json-subbuild\x64\Debug\ALL_BUILD\ALL_BUILD.recipe","635","DE5C92669D32658E1D98B16360FD3662841E246C0556B31B83C233CD0968B193","2026-09-19 05:26:09"
"build_p2_fresh\_deps\nlohmann_json-subbuild\x64\Debug\ALL_BUILD\ALL_BUILD.tlog\ALL_BUILD.lastbuildstate","188","FCE41A7EC5719895965043ED5632EAD4E1B10DF08A0EC253AFC272A493C7C15A","2026-09-19 05:26:09"
"build_p2_fresh\_deps\nlohmann_json-subbuild\x64\Debug\ALL_BUILD\ALL_BUILD.tlog\CustomBuild.command.1.tlog","525","8F5659EA3A1E2644F05A90A2A3C2CA1A286290280CC99674F80B622FC2263D13","2026-09-19 05:26:09"
"build_p2_fresh\_deps\nlohmann_json-subbuild\x64\Debug\ALL_BUILD\ALL_BUILD.tlog\CustomBuild.read.1.tlog","1732","1869199BE584D775BC764E33EB349E45EA5F29E13ECC2E2F113B68CFCF8B8D24","2026-09-19 05:26:09"
"build_p2_fresh\_deps\nlohmann_json-subbuild\x64\Debug\ALL_BUILD\ALL_BUILD.tlog\CustomBuild.write.1.tlog","162","CB2E77212F8B38B847C43F6B3B1EED13D8E121D1560F0DDF7D0564715152F393","2026-09-19 05:26:09"
"build_p2_fresh\_deps\nlohmann_json-subbuild\x64\Debug\nlohmann_json-populate\nlohmann_json-populate.recipe","485","1373CA0E149A5C23D97A49AD9C78CF3643BB4714758CA04964233837CD64CA3D","2026-09-19 05:26:09"
"build_p2_fresh\_deps\nlohmann_json-subbuild\x64\Debug\nlohmann_json-populate\nlohmann.9B0D18AB.tlog\CustomBuild.command.1.tlog","8165","EC4D661EC2194794D7F1B62916DCA11DA4576DDEF73F8F460691659C744E8C49","2026-09-19 05:26:08"
"build_p2_fresh\_deps\nlohmann_json-subbuild\x64\Debug\nlohmann_json-populate\nlohmann.9B0D18AB.tlog\CustomBuild.read.1.tlog","6396","313A347CBBAEC4FD187666BE2174FA5A36323D01F43D764542CA01DB65C9B5A9","2026-09-19 05:26:08"
"build_p2_fresh\_deps\nlohmann_json-subbuild\x64\Debug\nlohmann_json-populate\nlohmann.9B0D18AB.tlog\CustomBuild.write.1.tlog","3034","0E85947C881D694E6DFE5EFFA158BA21DF47EE9949E0665B8AA074FFCAF56BD1","2026-09-19 05:26:08"
"build_p2_fresh\_deps\nlohmann_json-subbuild\x64\Debug\nlohmann_json-populate\nlohmann.9B0D18AB.tlog\nlohmann_json-populate.lastbuildstate","188","FCE41A7EC5719895965043ED5632EAD4E1B10DF08A0EC253AFC272A493C7C15A","2026-09-19 05:26:09"
"build_p2_fresh\_deps\nlohmann_json-subbuild\x64\Debug\ZERO_CHECK\ZERO_CHECK.recipe","322","DE35F036F76A5F0C86C22F0B221D3F1F377AB61EEBC879532D8826437CDD1520","2026-09-19 05:26:08"
"build_p2_fresh\_deps\nlohmann_json-subbuild\x64\Debug\ZERO_CHECK\ZERO_CHECK.tlog\CustomBuild.command.1.tlog","625","1A7633AB821C001F22F14451EA764B3A5EA2C51CC22AE22237D8D4E1EE592136","2026-09-19 05:26:07"
"build_p2_fresh\_deps\nlohmann_json-subbuild\x64\Debug\ZERO_CHECK\ZERO_CHECK.tlog\CustomBuild.read.1.tlog","1856","4E4BDBE23261B02A3DAEDE370C18BC4B7A3F9E415CE8D2B6AF4B9E57BF45CB82","2026-09-19 05:26:07"
"build_p2_fresh\_deps\nlohmann_json-subbuild\x64\Debug\ZERO_CHECK\ZERO_CHECK.tlog\CustomBuild.write.1.tlog","211","149D9A020F14AF7BFCCF0A2622EF09433655AE2A18A8AADA4386E58F4CFF6AE3","2026-09-19 05:26:07"
"build_p2_fresh\_deps\nlohmann_json-subbuild\x64\Debug\ZERO_CHECK\ZERO_CHECK.tlog\ZERO_CHECK.lastbuildstate","188","FCE41A7EC5719895965043ED5632EAD4E1B10DF08A0EC253AFC272A493C7C15A","2026-09-19 05:26:08"
"build_win32ide\CMakeCache.txt","44524","BA543CDC58DDFC55D823B076460C9852441B98654D822B8D6E83D678E2D01C92","2026-09-15 01:21:32"
"build_win32ide\CMakeFiles\cmake.check_cache","86","95079B44BCEF481D601432C2FD3C654D7FE85B9C8386C355F2874502B47441D7","2026-09-15 01:21:32"
"build_win32ide\CMakeFiles\CMakeConfigureLog.yaml","539847","DE378F35C1EE9368D291C8EBA3A0D94CA5C29CB9D4C692035953C1222BE401FA","2026-09-15 01:21:32"
"build_win32ide\CMakeFiles\4.4.2\CMakeASM_MASMCompiler.cmake","1555","2854EEB905485DAFD438E0C81309CB5FEBF71AC879DD3B77F5823D872C31C841","2026-09-15 01:21:29"
"build_win32ide\CMakeFiles\4.4.2\CMakeCCompiler.cmake","3433","AC464FA49275380D8836A0121B85375623E822C035DF70A068A554ADB61C3D20","2026-09-15 01:21:29"
"build_win32ide\CMakeFiles\4.4.2\CMakeCXXCompiler.cmake","6749","697FF827E1571D62CF6ECBBB882AD023B2621575B55BE87159545332150C7E3C","2026-09-15 01:21:30"
"build_win32ide\CMakeFiles\4.4.2\CMakeDetermineCompilerABI_C.bin","53248","ED66D209D017B94C3DAF9388D3E1BBF1BCAF83D2E515D7681AC00A3DEBA5A6AD","2026-09-15 01:21:29"
"build_win32ide\CMakeFiles\4.4.2\CMakeDetermineCompilerABI_CXX.bin","53248","EBE0E1B8C0ABA35B8B841D414FAA87A57BD77F78BD7C2A144C0D6F30D94E1D92","2026-09-15 01:21:30"
"build_win32ide\CMakeFiles\4.4.2\CMakeRCCompiler.cmake","276","F1C96E7B6BC035D04A44733638743F28BF70450E870A3095A55CFF6AD81924FA","2026-09-15 01:21:29"
"build_win32ide\CMakeFiles\4.4.2\CMakeSystem.cmake","399","14F764C3F0C50603F951C55B1787FA383C48D641385221057CD4F25001C4B314","2026-09-15 01:21:28"
"build_win32ide\CMakeFiles\4.4.2\CompilerIdC\CMakeCCompilerId.c","29974","6B712B317574A51D1D4F3A69F0722D9EF310910570FD191501CDD45655E061D3","2026-09-15 01:21:28"
"build_win32ide\CMakeFiles\4.4.2\CompilerIdC\CMakeCCompilerId.exe","108032","55608243AA520552920DB3FE9AA3981FBFD198FE1614F74C0147091E48AAC215","2026-09-15 01:21:28"
"build_win32ide\CMakeFiles\4.4.2\CompilerIdCXX\CMakeCXXCompilerId.cpp","30605","C260F5F6368FE636DA54C24D6ABD310AC6FCC3ACDC4BDC674D9B7223569A85EB","2026-09-15 01:21:29"
"build_win32ide\CMakeFiles\4.4.2\CompilerIdCXX\CMakeCXXCompilerId.exe","108032","50245C91F18E8E7EBB2785264D077071FD8A6B246E7A8F9A64BD4D671B3B5F4C","2026-09-15 01:21:29"
"build_win32ide\CMakeFiles\ShowIncludes\foo.h","2","7EB70257593DA06F682A3DDDA54A9D260D4FC514F645237F5CA74B08F8DA61A6","2026-09-15 01:21:29"
"build_win32ide\CMakeFiles\ShowIncludes\main.c","33","CDFAB295FC8E12C3ECFB6982F99058F032EE8284926AD71A829E70EA3BF02549","2026-09-15 01:21:29"
"build_win32ide\_deps\nlohmann_json-build\nlohmann_json.pc","121","F1456363FD3ECD1A4903240387438C270DCE164167765C9676BF058DE1623CFC","2026-09-15 01:21:31"
"build_win32ide\_deps\nlohmann_json-build\nlohmann_jsonConfig.cmake","635","A879DC2B648E17AC32836EF9013B5A6CF1234A74B9A60962CC081C3776C9F13F","2026-09-15 01:21:31"
"build_win32ide\_deps\nlohmann_json-build\nlohmann_jsonConfigVersion.cmake","696","B6D73337D16D3DEB4B192056D1AC9E7E962929EC993F7F9652A949DE3D38CE8F","2026-09-15 01:21:31"
"build_win32ide\_deps\nlohmann_json-src\CMakeLists.txt","7180","9A00F4234C7804AF1A8ABA619C28B7462B11683FD6628A0EA62CBC168764C87F","2023-11-28 14:38:03"
"build_win32ide\_deps\nlohmann_json-src\LICENSE.MIT","1076","86B998C792894CCB911A1CB7994F7A9652894E7A094C0B5E45BE2F553F45CF14","2023-11-28 14:38:03"
"build_win32ide\_deps\nlohmann_json-src\nlohmann_json.natvis","19578","162666E7AB4D725A6E9621F0D31097802B58B838E907AE5445C7C938FD0257B1","2023-11-28 14:38:03"
"build_win32ide\_deps\nlohmann_json-src\cmake\config.cmake.in","710","DE73A6E0CDFC9CB1FC28A6156D7E2660F498C9F30AD7D4DE5600BA279DA0A3F3","2023-11-28 14:38:03"
"build_win32ide\_deps\nlohmann_json-src\cmake\nlohmann_jsonConfigVersion.cmake.in","709","F3E940FC8846A483A5F35B9D47FA9AE700765B60A3D17EED2229A0BD7818F567","2023-11-28 14:38:03"
"build_win32ide\_deps\nlohmann_json-src\cmake\pkg-config.pc.in","126","796C801C759EB4D5E165AFA2441481FFF5487A2FD35BBFCEC841367D9772F760","2023-11-28 14:38:03"
"build_win32ide\_deps\nlohmann_json-src\include\nlohmann\adl_serializer.hpp","2279","242B578E1A41C97DEC6890BD88BDB824CDB76A9EDD849C108299A59469D327E0","2023-11-28 14:38:03"
"build_win32ide\_deps\nlohmann_json-src\include\nlohmann\byte_container_with_subtype.hpp","3533","C7DC197CBB54B9168373B4B9A3E1CC57CC5583BFCF5008B722B363335BC53511","2023-11-28 14:38:03"
"build_win32ide\_deps\nlohmann_json-src\include\nlohmann\json.hpp","198618","2432CBF7F4258453538ECA193CD937FC777462AE2CE8EE9F46E6EE460EF56BEA","2023-11-28 14:38:03"
"build_win32ide\_deps\nlohmann_json-src\include\nlohmann\json_fwd.hpp","2541","C5B950B428534861B5869254FD773AFC724112FC9E141BD1FC89189640A3AE5D","2023-11-28 14:38:03"
"build_win32ide\_deps\nlohmann_json-src\include\nlohmann\ordered_map.hpp","11692","31D1BB02500B734E09C27CE2CC216C8AF188344FBC19A6946AE301A12C7B62DF","2023-11-28 14:38:03"
"build_win32ide\_deps\nlohmann_json-src\include\nlohmann\detail\abi_macros.hpp","3807","1C7DC7C5062B199A35853F4056ED00ED359EF8FA5C7FB15A58BC79598EC21422","2023-11-28 14:38:03"
"build_win32ide\_deps\nlohmann_json-src\include\nlohmann\detail\exceptions.hpp","9267","55299C55106DE2624CA7AA6A5705AD6FF53814C1B52F8FE8D2872F13C956C95A","2023-11-28 14:38:03"
"build_win32ide\_deps\nlohmann_json-src\include\nlohmann\detail\hash.hpp","4016","74A9E3AF772127CF0B12EE794ABC8C47B5BEA74CE658D0D20179A26BE5D95D0D","2023-11-28 14:38:03"
"build_win32ide\_deps\nlohmann_json-src\include\nlohmann\detail\json_custom_base_class.hpp","1178","70DA7C5B17777F8DA6D83310D6526856542585EFA8A078DB61227B11AAF9EC0B","2023-11-28 14:38:03"
"build_win32ide\_deps\nlohmann_json-src\include\nlohmann\detail\json_pointer.hpp","37143","4CF537AD88B2D686D5A349B26DA7E012BA9A58B01A0AB2BADAA796D9150E69BB","2023-11-28 14:38:03"
"build_win32ide\_deps\nlohmann_json-src\include\nlohmann\detail\json_ref.hpp","1811","1660750DD10A562AAC1EEA37021F1E7138A5D6D50B051815708497A8D30BF60D","2023-11-28 14:38:03"
"build_win32ide\_deps\nlohmann_json-src\include\nlohmann\detail\macro_scope.hpp","43639","70D2B2AA49A93170DED3D0C0D1B0F76103FDD09704BA5ECC862BC03095920847","2023-11-28 14:38:03"
"build_win32ide\_deps\nlohmann_json-src\include\nlohmann\detail\macro_unscope.hpp","1252","5F7040DF475E2C943D9B22C335B61600DEB14B1E48A69B3450DE4C4A08C320BC","2023-11-28 14:38:03"
"build_win32ide\_deps\nlohmann_json-src\include\nlohmann\detail\string_concat.hpp","5951","E8001630045F800C0EBCFC19E2B2F90139A4D20A9A359E134657767FD6FA9AA2","2023-11-28 14:38:03"
"build_win32ide\_deps\nlohmann_json-src\include\nlohmann\detail\string_escape.hpp","2168","3BF6687FFA7F6FD3034591ADFDD6EA073584DF83694C6B57FEED9ADA965801E7","2023-11-28 14:38:03"
"build_win32ide\_deps\nlohmann_json-src\include\nlohmann\detail\value_t.hpp","4326","60A7E24B34E93B8BA40EECF310A40C55042754328271C246F9CC1069F6A25958","2023-11-28 14:38:03"
"build_win32ide\_deps\nlohmann_json-src\include\nlohmann\detail\conversions\from_json.hpp","18880","B37CED0BA32F8AC5834B4C96058CA5E445BCCEA27F46299A359EED0ECBF2E58E","2023-11-28 14:38:03"
"build_win32ide\_deps\nlohmann_json-src\include\nlohmann\detail\conversions\to_chars.hpp","38562","5FE11205C45DBD08373244D743F38E89CEEFB8C9B5FC4C68077117C786D53BEF","2023-11-28 14:38:03"
"build_win32ide\_deps\nlohmann_json-src\include\nlohmann\detail\conversions\to_json.hpp","16274","73BAD524856D475A6071FD7B5422F80DF13BA7586F0D4B48141C2EC60CEBCF89","2023-11-28 14:38:03"
"build_win32ide\_deps\nlohmann_json-src\include\nlohmann\detail\input\binary_reader.hpp","103146","484BCC276C4FA6C7C61A93A8223F3E53BB4DC966E688E96641A93A50D7E503E9","2023-11-28 14:38:03"
"build_win32ide\_deps\nlohmann_json-src\include\nlohmann\detail\input\input_adapters.hpp","17402","BD549419506089C82C94446F939587362FF01516B8E6624C472E704D27B1BE42","2023-11-28 14:38:03"
"build_win32ide\_deps\nlohmann_json-src\include\nlohmann\detail\input\json_sax.hpp","21420","9147C9D07784A5F3DE890D68401AE07D03D0BC0DB24EBCBE7BEB8A31CFD858A0","2023-11-28 14:38:03"
"build_win32ide\_deps\nlohmann_json-src\include\nlohmann\detail\input\lexer.hpp","54569","550C275F09D55DEB1705B97B8A15B02F211EA0BA87E95452E7A023B854BB024C","2023-11-28 14:38:03"
"build_win32ide\_deps\nlohmann_json-src\include\nlohmann\detail\input\parser.hpp","19661","094AED22CFDD641AC15EF59BFEF8DD1E23FD92373633A92ED928CB580F0CBD7E","2023-11-28 14:38:03"
"build_win32ide\_deps\nlohmann_json-src\include\nlohmann\detail\input\position_t.hpp","958","0C9C5BE26020C0A7929F3CC1E7E0065589D6A8F4DC1BD2EE13F10EF1A7EFAA24","2023-11-28 14:38:03"
"build_win32ide\_deps\nlohmann_json-src\include\nlohmann\detail\iterators\internal_iterator.hpp","1071","E75CF5E3C9AE358055BF3335FA2C5B6BBFBD1E24EA3DFDB62C187F37A8E2B485","2023-11-28 14:38:03"
"build_win32ide\_deps\nlohmann_json-src\include\nlohmann\detail\iterators\iteration_proxy.hpp","8238","839EFBA147F6F15C693C741039DAA3D383C2F4AFB8FE653E4DAD49A9F998D1D1","2023-11-28 14:38:03"
"build_win32ide\_deps\nlohmann_json-src\include\nlohmann\detail\iterators\iterator_traits.hpp","1757","04B0EDAEB214AA1C932B9078849A8FBBBDA9C7A241B4CBC28A90B6D11C959443","2023-11-28 14:38:03"
"build_win32ide\_deps\nlohmann_json-src\include\nlohmann\detail\iterators\iter_impl.hpp","24046","70D81EBB931DB43A19FE3872A3FB1BC91FAB27509C8D29EE4C4DD247B384CAE1","2023-11-28 14:38:03"
"build_win32ide\_deps\nlohmann_json-src\include\nlohmann\detail\iterators\json_reverse_iterator.hpp","3861","031B45C4F90AB7D64ECB6606FAD880D867A23FC63A431F0DE34F0FC104307B66","2023-11-28 14:38:03"
"build_win32ide\_deps\nlohmann_json-src\include\nlohmann\detail\iterators\primitive_iterator.hpp","3227","6C949107BB779CECB8BEBA0835F7292656B52B08C3F6A6D3B27229B58C28AEFE","2023-11-28 14:38:03"
"build_win32ide\_deps\nlohmann_json-src\include\nlohmann\detail\meta\cpp_future.hpp","5178","486BA5A3724131D0C1646E36D9A4A9877505B2914078347E6067BB65593F01CE","2023-11-28 14:38:03"
"build_win32ide\_deps\nlohmann_json-src\include\nlohmann\detail\meta\detected.hpp","2109","F79AA1F107E4DFD4554753E6FE05364A1147EF4498D3125CFC939A5534D2D527","2023-11-28 14:38:03"
"build_win32ide\_deps\nlohmann_json-src\include\nlohmann\detail\meta\identity_tag.hpp","526","BBA9559DEC8519DE3044B537E96A59A601831797A5A3C38BF8023A6D949118D0","2023-11-28 14:38:03"
"build_win32ide\_deps\nlohmann_json-src\include\nlohmann\detail\meta\is_sax.hpp","6960","1F81D6098B9AAD02A95C27EC333BBB13EEC3C5171B968E39B7ECB1B06B16C55B","2023-11-28 14:38:03"
"build_win32ide\_deps\nlohmann_json-src\include\nlohmann\detail\meta\std_fs.hpp","766","FB514154EA8C11C04A00EFEB2E89EDBFD40F149ED39EF36568D9B2A1062E85E0","2023-11-28 14:38:03"
"build_win32ide\_deps\nlohmann_json-src\include\nlohmann\detail\meta\type_traits.hpp","29454","1F901F9E4BCD585FF22C6B0C0956566BA8A4A1238A490A64E7755A2C313040D5","2023-11-28 14:38:03"
"build_win32ide\_deps\nlohmann_json-src\include\nlohmann\detail\meta\void_t.hpp","597","581E7B157457EB9C488793F2CD7066B2C1BA31D5E9FEA6F0D67C8C732B5088E4","2023-11-28 14:38:03"
"build_win32ide\_deps\nlohmann_json-src\include\nlohmann\detail\meta\call_std\begin.hpp","453","379660C15A30B84FF2A67E22734638F608CC37B34648461C7E9167DA1153D861","2023-11-28 14:38:03"
"build_win32ide\_deps\nlohmann_json-src\include\nlohmann\detail\meta\call_std\end.hpp","451","DECA609BF200442F452B848C19F28EE30879DF0CA35E959ED3B41F861C92DF55","2023-11-28 14:38:03"
"build_win32ide\_deps\nlohmann_json-src\include\nlohmann\detail\output\binary_writer.hpp","71152","665CE1EA5FB2CB425896B713BDD8D8D5A6D69688924FA6E2EFAFFB4E9D132011","2023-11-28 14:38:03"
"build_win32ide\_deps\nlohmann_json-src\include\nlohmann\detail\output\output_adapters.hpp","4067","1E0BCC375B4D84180649198E2F8061F5968A10A6913231FEE097689D281ED565","2023-11-28 14:38:03"
"build_win32ide\_deps\nlohmann_json-src\include\nlohmann\detail\output\serializer.hpp","40163","259C611D4B1147E3626D25BC05994B28F91F4FCCA2E578E486DCF51C0234E5C8","2023-11-28 14:38:03"
"build_win32ide\_deps\nlohmann_json-src\include\nlohmann\thirdparty\hedley\hedley.hpp","86068","20D6C1C6D6C30365F68A45093798937971B593919FB3051431F0C015DFA671FB","2023-11-28 14:38:03"
"build_win32ide\_deps\nlohmann_json-src\include\nlohmann\thirdparty\hedley\hedley_undef.hpp","5500","0F8902F26872F40A2514E9C9BE2FCEBFCE6CDE0022E9364FDDD17FB49575B146","2023-11-28 14:38:03"
"build_win32ide\_deps\nlohmann_json-src\single_include\nlohmann\json.hpp","919975","9BEA4C8066EF4A1C206B2BE5A36302F8926F7FDC6087AF5D20B417D0CF103EA6","2023-11-28 14:38:03"
"build_win32ide\_deps\nlohmann_json-src\single_include\nlohmann\json_fwd.hpp","6340","5CEFBBA751BAF5243033FD894C70BE9B37103D64B3D3A959E4173197D71137B9","2023-11-28 14:38:03"
"build_win32ide\_deps\nlohmann_json-subbuild\.ninja_log","3209","CC2D85A61ABA6793DA5DBA81E2877C1F27BC33A69B1B1725BD4AC549DA278572","2026-09-15 01:21:31"
"build_win32ide\_deps\nlohmann_json-subbuild\build.ninja","18966","A2160101B3C5210B9F383C9793B4F2047AD63BC5EE66A7E900C4497734874B46","2026-09-15 01:21:30"
"build_win32ide\_deps\nlohmann_json-subbuild\CMakeCache.txt","5607","183B4891A04329A585E6FA584C63AE9A7CF75A18D9846929A838F26419C1E15A","2026-09-15 01:21:30"
"build_win32ide\_deps\nlohmann_json-subbuild\CMakeLists.txt","1542","76A5C7A5F785C042FA532AFB9EBA27D1ACE528368B5F4DC6010CF07EC70D5F7B","2026-09-15 01:21:30"
"build_win32ide\_deps\nlohmann_json-subbuild\cmake_install.cmake","1994","B91BCA99C6C4A5C44CABE7E789B4597A3D321773FE2B0D154F7A9A32ADC1E38B","2026-09-15 01:21:30"
"build_win32ide\_deps\nlohmann_json-subbuild\CMakeFiles\cmake.check_cache","86","95079B44BCEF481D601432C2FD3C654D7FE85B9C8386C355F2874502B47441D7","2026-09-15 01:21:30"
"build_win32ide\_deps\nlohmann_json-subbuild\CMakeFiles\CMakeConfigureLog.yaml","271","ECF712160B779608B83B769991FDA879E04498880AF245A3073EE7466823C663","2026-09-15 01:21:30"
"build_win32ide\_deps\nlohmann_json-subbuild\CMakeFiles\InstallScripts.json","142","39774D25B627303458E9DA28D29E69790F1E87BE12C5918B44134D8E9C4BA035","2026-09-15 01:21:30"
"build_win32ide\_deps\nlohmann_json-subbuild\CMakeFiles\nlohmann_json-populate-complete","0","E3B0C44298FC1C149AFBF4C8996FB92427AE41E4649B934CA495991B7852B855","2026-09-15 01:21:31"
"build_win32ide\_deps\nlohmann_json-subbuild\CMakeFiles\rules.ninja","1669","B1A41135561C1D7E1A15E2B3C99C6DAAD8BB80D8D26A38D2EB5386DB51A1DC43","2026-09-15 01:21:30"
"build_win32ide\_deps\nlohmann_json-subbuild\CMakeFiles\TargetDirectories.txt","273","0BD11ACD84727CAC63F0E84AC37B042C88A0896AEE4F2DA98BF1A6B4BF2EDE05","2026-09-15 01:21:30"
"build_win32ide\_deps\nlohmann_json-subbuild\CMakeFiles\4.4.2\CMakeSystem.cmake","395","CB655F074177502B26612FA979EE72C606731A0B59F300E936EBBA161D8CCE09","2026-09-15 01:21:30"
"build_win32ide\_deps\nlohmann_json-subbuild\CMakeFiles\nlohmann_json-populate.dir\Labels.json","1982","996F6040E73CBF9B6D3E05B35B40AE2C612BEF9AE5C9622DE159D9D9A52CAF45","2026-09-15 01:21:30"
"build_win32ide\_deps\nlohmann_json-subbuild\CMakeFiles\nlohmann_json-populate.dir\Labels.txt","1641","0C0D5FC324F39120AFCAC4C0B235FF6660F04C917EAB436E7207609F2C134F13","2026-09-15 01:21:30"
"build_win32ide\_deps\nlohmann_json-subbuild\nlohmann_json-populate-prefix\src\json.tar.xz","110988","D6C65ACA6B1ED68E7A182F4757257B107AE403032760ED6EF121C9D55E81757D","2026-09-15 01:21:30"
"build_win32ide\_deps\nlohmann_json-subbuild\nlohmann_json-populate-prefix\src\nlohmann_json-populate-stamp\download-nlohmann_json-populate.cmake","5191","E6A6FDC2078513EAC6805AB1AB7A0A54ABBCD276943B394231CFE9A37519C825","2026-09-15 01:21:30"
"build_win32ide\_deps\nlohmann_json-subbuild\nlohmann_json-populate-prefix\src\nlohmann_json-populate-stamp\extract-nlohmann_json-populate.cmake","1979","51ED903F4A0B13445D01CDB97140E547CAA086D9287E0CF032C166E67FB50CF1","2026-09-15 01:21:30"
"build_win32ide\_deps\nlohmann_json-subbuild\nlohmann_json-populate-prefix\src\nlohmann_json-populate-stamp\nlohmann_json-populate-build","0","E3B0C44298FC1C149AFBF4C8996FB92427AE41E4649B934CA495991B7852B855","2026-09-15 01:21:31"
"build_win32ide\_deps\nlohmann_json-subbuild\nlohmann_json-populate-prefix\src\nlohmann_json-populate-stamp\nlohmann_json-populate-configure","0","E3B0C44298FC1C149AFBF4C8996FB92427AE41E4649B934CA495991B7852B855","2026-09-15 01:21:31"
"build_win32ide\_deps\nlohmann_json-subbuild\nlohmann_json-populate-prefix\src\nlohmann_json-populate-stamp\nlohmann_json-populate-done","0","E3B0C44298FC1C149AFBF4C8996FB92427AE41E4649B934CA495991B7852B855","2026-09-15 01:21:31"
"build_win32ide\_deps\nlohmann_json-subbuild\nlohmann_json-populate-prefix\src\nlohmann_json-populate-stamp\nlohmann_json-populate-download","0","E3B0C44298FC1C149AFBF4C8996FB92427AE41E4649B934CA495991B7852B855","2026-09-15 01:21:31"
"build_win32ide\_deps\nlohmann_json-subbuild\nlohmann_json-populate-prefix\src\nlohmann_json-populate-stamp\nlohmann_json-populate-install","0","E3B0C44298FC1C149AFBF4C8996FB92427AE41E4649B934CA495991B7852B855","2026-09-15 01:21:31"
"build_win32ide\_deps\nlohmann_json-subbuild\nlohmann_json-populate-prefix\src\nlohmann_json-populate-stamp\nlohmann_json-populate-mkdir","0","E3B0C44298FC1C149AFBF4C8996FB92427AE41E4649B934CA495991B7852B855","2026-09-15 01:21:30"
"build_win32ide\_deps\nlohmann_json-subbuild\nlohmann_json-populate-prefix\src\nlohmann_json-populate-stamp\nlohmann_json-populate-patch","0","E3B0C44298FC1C149AFBF4C8996FB92427AE41E4649B934CA495991B7852B855","2026-09-15 01:21:31"
"build_win32ide\_deps\nlohmann_json-subbuild\nlohmann_json-populate-prefix\src\nlohmann_json-populate-stamp\nlohmann_json-populate-patch-info.txt","234","1B65EC9FCBBD17A6161E1654B212A61E96B5AF8F684DB5B57CC9A34CCB8FC08A","2026-09-15 01:21:30"
"build_win32ide\_deps\nlohmann_json-subbuild\nlohmann_json-populate-prefix\src\nlohmann_json-populate-stamp\nlohmann_json-populate-test","0","E3B0C44298FC1C149AFBF4C8996FB92427AE41E4649B934CA495991B7852B855","2026-09-15 01:21:31"
"build_win32ide\_deps\nlohmann_json-subbuild\nlohmann_json-populate-prefix\src\nlohmann_json-populate-stamp\nlohmann_json-populate-update","0","E3B0C44298FC1C149AFBF4C8996FB92427AE41E4649B934CA495991B7852B855","2026-09-15 01:21:31"
"build_win32ide\_deps\nlohmann_json-subbuild\nlohmann_json-populate-prefix\src\nlohmann_json-populate-stamp\nlohmann_json-populate-update-info.txt","270","1E7A50B58A848C38CCE229AFDCDDB502800991D383A5B52717831809448F316A","2026-09-15 01:21:30"
"build_win32ide\_deps\nlohmann_json-subbuild\nlohmann_json-populate-prefix\src\nlohmann_json-populate-stamp\nlohmann_json-populate-urlinfo.txt","1170","8F28D7B60B150236E0F35E5C916890AD5CB70943F2E38B527F43D9C3F114D3F7","2026-09-15 01:21:30"
"build_win32ide\_deps\nlohmann_json-subbuild\nlohmann_json-populate-prefix\src\nlohmann_json-populate-stamp\verify-nlohmann_json-populate.cmake","0","E3B0C44298FC1C149AFBF4C8996FB92427AE41E4649B934CA495991B7852B855","2026-09-15 01:21:30"
"build_win32ide\_deps\nlohmann_json-subbuild\nlohmann_json-populate-prefix\tmp\nlohmann_json-populate-cfgcmd.txt","8","4338C530A76441CDA4F59C911C9FDF950E000F361B796FCD9DB755AAAE241FF9","2026-09-15 01:21:30"
"build_win32ide\_deps\nlohmann_json-subbuild\nlohmann_json-populate-prefix\tmp\nlohmann_json-populate-mkdirs.cmake","1678","8AE5443EAB07FEF1EB15187048A289DC8A59CBE552F14D7740F908E330609603","2026-09-15 01:21:30"
"certification\CertificationHarness.cpp","28","1FE00CCEFE9D804F0D84DC0B8EB7DC20643F24A44B7B03561D6031D98E190015","2026-09-22 06:10:40"
"certification\certification_harness.cpp","65","3ACB74F819B1D25B96C1FE17CF6F67B45801635B510FE574A00B336F087C314B","2026-09-22 12:50:51"
"certification\native_toolchain_cert.cpp","11768","5C43423582D283DC30925F6F74B0DA80EF3AE7C3010E631B85A1D87ED9BA7595","2026-09-22 11:48:38"
"certification\test_add.cpp","1162","35DFF8C94DB46343D9F7C5E904B6DC475C3B67AB8377A4956B1918D0C4CA7770","2026-09-22 13:24:44"
"cmake\AutoFeatureRegistry.cmake","2168","093B410EFA62433EBBECFDB378A5609543DCA2002BA31FF45F8D6305662B5AC0","2026-09-22 06:10:40"
"cmake\AutonomousHealer.cmake","3377","260F7D14C1E4E98156FABC572870E2F37C8D1C25B96BA53C1AADE078FC5BEB28","2026-09-22 06:10:40"
"cmake\BuildTypes.cmake","2091","9A26AF1DDE13DFE3C36059FB1BFCF91200E3559A122D85BCFE9B4697BDA066ED","2026-09-22 06:10:40"
"cmake\check_interconnect.cmake","821","94395EF24E0CE4C9C9543C01B11A79D354298F929C807898B9C3D55A4898D25C","2026-09-22 06:10:40"
"cmake\common.cmake","2175","BFC7B51CDE2832573C4C00663FA9C42CE2D24560700D64DFA8C1DD6BFA859DE1","2026-09-22 06:10:40"
"cmake\CompilerChecks.cmake","1533","5380D3A88F32C9291DB5A38C6E63A50C82C820905B9E984B6FD3CA73EFF0312F","2026-09-22 06:10:40"
"cmake\CompilerOptimizations.cmake","5799","8C9C2218760D97D292D6B029DFCAA27C697F7179D9E1CDF1B2E3A639EE1D479A","2026-09-22 06:10:40"
"cmake\CoreRuntime.cmake","9117","558BB2ED953FC9906E2B4E640BF346564F0F92856F8893A35A735EBCBA6886D7","2026-09-22 06:10:40"
"cmake\Deep2BenchmarkCert.fragment.cmake","2795","6A772F755AF46E89AC9BFC1BC720F023B873814D5D8EBAE47A0D4EBF156669D8","2026-09-22 06:10:40"
"cmake\Deep2C1C9.fragment.cmake","920","FB2883160FC110DE83EE65AB303C85A951BC3A44BDC61143D254E60914506661","2026-09-22 06:10:40"
"cmake\Deep2GatewayCertStandalone.fragment.cmake","1600","11968ADF5ED49EB63C328433C49C407B168A1F7048C2571371D85BFAA859C167","2026-09-22 06:10:40"
"cmake\Deep2GpuForwardChainControl.cmake","479","E67DA6E19F84E451D19ACC2AE71E518E98B613A43FEEA6157ACF5BF29C21895E","2026-09-22 06:10:40"
"cmake\Deep2ProductLavapath.fragment.cmake","1430","45183AC31D1FE71FC96215AD62D2D713EF02DE8767EFBFC38EB3A4C280DF5883","2026-09-22 06:10:40"
"cmake\Deep2VwaB3B8.fragment.cmake","2871","48DC63539301BA1C2FA316961A6FBFD4EF668D425CA34DBDFA102CCBF8D42733","2026-09-22 06:10:40"
"cmake\Deep2VwaConsumerGates.fragment.cmake","6165","58777039338AD00867C0F6065F10CF53426F6D4AA4BD03F72B44F844D839CC45","2026-09-22 06:10:40"
"cmake\DumpbinAnalysis.cmake","3077","E1CD5753B24D8471CB565048C6AE3FC7F2C64D491C2FD75E6E2FA04A42A8684F","2026-09-22 06:10:40"
"cmake\FindDirectX.cmake","3257","C305D523F67EAB78F1C3FECBCF2D6DDEF95CC1187E8D67479DB3E2A3ACA88D1C","2026-09-22 06:10:40"
"cmake\FindMASM.cmake","5969","A019F53319C0E1124C772B5D5E461B7CD8CAA69825AC620C5BF7CF14A242C8D3","2026-09-22 06:10:40"
"cmake\FindRawrXDDeps.cmake","5473","DDC2D7E14DF8AF12B2476895E685AA05F7B66857974DB3519A768F1017E06B05","2026-09-22 06:10:40"
"cmake\GenerateBuildInfo.cmake","6331","3AB93112B42523241975D95FBE82ECED873392372E678830DFB6521586BF0CCD","2026-09-22 06:10:40"
"cmake\GenerateDependencyReport.cmake","1717","3FF6E373BE3254ABF5E2CC13B4B190F54372EEF88EB20A597D4AA9944D0DE41D","2026-09-22 06:10:40"
"cmake\ggml-config.cmake.in","7105","F961F63C512E153E727CE2A39EA99CFA5AFD28423F958852862900B8E60CFA97","2026-09-22 06:10:40"
"cmake\GgufDynamicGeometry.fragment.cmake","146","A6383E23856E5A4AB0FAD28A7665488A4C2042FA082F87653941F52395A054F3","2026-09-22 06:10:40"
"cmake\GitVars.cmake","739","7AA39FFB7F2E9B8D9EB8A67ADF578B3DE4BA20B6E8D631683F738D1DED088620","2026-09-22 06:10:40"
"cmake\IntentGuardrails.cmake","4192","B6DF71D399CB0875C787035E941FF63E3F16A4C97F15426EB912C435E730059A","2026-09-22 06:10:40"
"cmake\Interstellar.fragment.cmake","5712","6C096B02BD838943546DD3E9FEE3EB975A09BE0734C2E1637AF52DFB3593D8E3","2026-09-22 06:10:40"
"cmake\MASMCompiler.cmake","12748","7BF1CE3BCA343D5701B3D62D677DE1427EFBC9032B2909BE26AF7E2D9B8B2078","2026-09-22 06:10:40"
"cmake\P1_ProductRuntimeAuthority.cmake","2364","1862A1647092ECF45EE81427FED6F794F8A2E60A6CB425BDCC1725658DC42DE1","2026-09-22 06:10:40"
"cmake\Phase17_Dependencies.cmake","2689","7AA8C619D809B1C87A5A2B7D38290B263CE798C8BD34C01B1F935673B945A373","2026-09-22 06:10:40"
"cmake\Phase21_HardenedMASM.cmake","6728","B26523BD75394618ABC88BA2591133CF7477F8BE72CFFCE2ED9F16763557BA98","2026-09-22 06:10:40"
"cmake\Phase22_ASMErrorParsing.cmake","6158","742F9631B6282F291E02B70DF4594955FC74742E520AAC7A97DCE7BBBE9F0319","2026-09-22 06:10:40"
"cmake\RawrAgenticCli.fragment.cmake","13771","B07509169225BDEA888125C3FB15FC0938CE30844252D9EEDDEFB3F2BF7C555F","2026-09-22 06:10:40"
"cmake\RawrBackgroundTerminals.fragment.cmake","2198","4427F7D3B19FC3AC0219D0BA9195D16ED709FBF987221354AE4D067A47E43A3C","2026-09-22 06:10:40"
"cmake\RawrProductLayer.fragment.cmake","6323","EADB9B1E4CF28A56452BD3BD11D2A85AF6C09E7596E55CCCDCD50D4F3A005768","2026-09-22 06:10:40"
"cmake\RawrRemainingStyleCli.fragment.cmake","1594","8E79352B8C23AD1B9C49A108A1DCB8749F44196B0FD7187833AD791D74B7CF96","2026-09-22 06:10:40"
"cmake\RawrXD-Vulkan-Fix.cmake","3762","9765E5230EE2D7548F9E5C42A1DB1C55986C2D86E81673ABBB0BE23B6A322CCD","2026-09-22 06:10:40"
"cmake\RawrXDBuildOptions.cmake","7615","85398131EFDFCEA38A7B4265D34A8D62AFA8898975F5D7DA994D7B031AC15B92","2026-09-22 06:10:40"
"cmake\RawrXDSovereignFinish.cmake","4370","3BFFB1C71128D2E5801BF01F8C32C1FA3EF579E82A40E0170F908C645AFF0620","2026-09-22 06:10:40"
"cmake\RawrXDStrictShipping.cmake","3377","B5D4816BA83E9304842823B1B022CECE0657C3632270A93DD393C6D8DF1A9D86","2026-09-22 11:01:53"
"cmake\RawrXDStrictWin32IDESourceClosure.cmake","5967","FF4B9C602BC1F38A1F54FDFC7B76133BE5AF1428BD447B02C0F42B464724DE93","2026-09-22 07:46:26"
"cmake\RawrXD_CustomCompiler.cmake","577","B925258AECE63CD2255BE6C5B7D57CC9499B07C971701D13DAB2705406AEF929","2026-09-22 06:10:40"
"cmake\RawrXD_Product100.cmake","1728","4D2282EB314E700439EA73F23781EFA4A3EEC4EB4CA2FB7268D7B45B40F018AB","2026-09-22 06:10:40"
"cmake\RawrXD_SovereignIAT.cmake","3476","3A2EBAE9A4FBCFB52DEF54A251024AB5A4FFE49A723439BD78A759F6A0D3B64A","2026-09-22 06:10:40"
"cmake\RawrXD_TokenPressureValve.cmake","723","70B022F440C1953993E302AC8545D123404B02EF95B2AAB69F448D3673AD97EB","2026-09-22 06:10:40"
"cmake\SmokeE2EIPC.cmake","2241","60C43717F5839AEC58CF56B9D59A8ED850E670039531AFEA7817965B151940E5","2026-09-22 06:10:40"
"cmake\SourceManifest.cmake","2034","44D1EC530738D2051C40AAA05A83F12033AD539510EDCD399B08AD2D88063301","2026-09-22 06:10:40"
"cmake\SovereignASM.cmake","5418","9F26B2BDB7CAFA3BDBB512D204F8EA6929CC8082C94338AB5E5653F0BA9441B9","2026-09-22 06:10:40"
"cmake\SovereignSubstrate.cmake","9778","BB75F76E4535FC0C15E1CAABD001D519E68E0177A520CAAE5893F381F5E03CAE","2026-09-22 06:10:40"
"cmake\TokenPressureValve.cmake","1195","5FC31AF8E8DF8A60B4A9FF622F1CDD61A88FEA953DD73B2C15E4B443D9CDC8CF","2026-09-22 06:10:40"
"cmake\Toolchain-Windows-MASM.cmake","3221","A4D5D5C253E3346964E419CE202E24A7B22FA77C8D9B5B7039FF6D07DBCDB36D","2026-09-22 06:10:40"
"cmake\unlinked_symbols_batches.cmake","2586","D8A944919AECD1E219C141C182AE531AA03C08D9B7114555F417185AEC0DF835","2026-09-22 06:10:40"
"cmake\ValidateDependencies.cmake","4530","0B5E03212F63F4136D5519C09957D56C517A155E1547DB9FA6F8C568855B05EC","2026-09-22 06:10:40"
"cmake\ValidateDependencies.cmake.in","7136","5116F3512D3F5B4C4DE9F127D36BE222F7802FF695E58A5FB5D5B4C434F760D5","2026-09-22 06:10:40"
"cmake\VerifyQtRuntime.cmake","694","BB726CB4EC8CA3248DA6389A3DEB1E8FE4C8AA9FE3A2871724C62AED52496B5E","2026-09-22 06:10:40"
"cmake\WindowsSDK.cmake","3568","B23FF7F651B540AA588E4A1F086287A217DE6E1503C75E032B839B7BBF276DFB","2026-09-22 06:10:40"
"cmake\modules\RawrXD_MASM.cmake","10058","E15B69F812C565D630E6FB551F579CD186E321272B9FED6742BE252B8A89DA37","2026-09-22 06:10:40"
"cmake\polish_batches\batch_1_sources.cmake","3146","AD76E41AD4FC4BD29BF6AEDCFBB9B3994DB1E0F35EF65258836C253569C73AFB","2026-09-22 06:10:40"
"cmake\polish_batches\batch_1_source_groups.cmake","300","EC5C54008925428D0FD68D2F2B23F026B908335EBDEA2145525A7AA188D8AEC7","2026-09-22 06:10:40"
"evidence\RAWRXD_AGENT_TOOL_AUTHORITY_003\DIRECT_EXECUTION_AUDIT_001.md","9587","F0475BC6E730D870420C12BCE49D6930C8A151D3DAAD41DD2595FE5730A62E8B","2026-09-22 06:10:40"
"evidence\RAWRXD_AGENT_TOOL_AUTHORITY_003\HEADLESS\agent_tool_authority_receipt.json","4639","12C865D168CE2089D38DBCF3DFDA5CD5D0100536655B200EFEC2207A10CCC5DA","2026-09-22 06:10:40"
"evidence\RAWRXD_PERFORMANCE_001\DEEP2_ENGINE_SSVK_DECODE_BIND_001\build_and_run.bat","408","5C7418B232EDCB0A151A204657CE58691058235FE7C7F2E99E09F1E8C3C5C33E","2026-09-22 06:10:40"
"evidence\RAWRXD_PERFORMANCE_001\DEEP2_ENGINE_SSVK_DECODE_BIND_001\Deep2Engine_SsVk_BIND_POINTS.md","3146","D64429F36BC45843AABBC82E946E5F36A99B333825723976296EE0A4A5C326EB","2026-09-22 06:10:40"
"evidence\RAWRXD_PERFORMANCE_001\DEEP2_ENGINE_SSVK_DECODE_BIND_001\LAW.txt","1171","D0F5AFEB06DBB307142683001640190B3D27EAEF99180207D24E1034D9FC9AAA","2026-09-22 06:10:40"
"evidence\RAWRXD_PERFORMANCE_001\DEEP2_ENGINE_SSVK_DECODE_BIND_001\Q2K_84_BYTE_LAW.txt","984","0B2B2FA3EE3A0491FF6239A46F47B2E5181108123F69D62042CF9AD87707BA9A","2026-09-22 06:10:40"
"evidence\RAWRXD_PERFORMANCE_001\DEEP2_ENGINE_SSVK_DECODE_BIND_001\RECEIPT.txt","1059","8D1159436B93A94B3457C6E978B90F01D8A9FB1AFEFA049DDBB41B9D40A4BB02","2026-09-22 06:10:40"
"evidence\RAWRXD_PERFORMANCE_001\DEEP2_ENGINE_SSVK_DECODE_BIND_001\include\d2_decode_contract.h","2288","3A7F215A08B87F205AA8B495FA5B4E1148FF0F204F33375B6A1E656E9D56E190","2026-09-22 06:10:40"
"evidence\RAWRXD_PERFORMANCE_001\DEEP2_ENGINE_SSVK_DECODE_BIND_001\include\d2_engine_ssvk_decode_bind.h","1896","C8AFCA867C201E924B0DA4AE8C478582B1402C96B6DD032DCB03983A42DC17AA","2026-09-22 06:10:40"
"evidence\RAWRXD_PERFORMANCE_001\DEEP2_ENGINE_SSVK_DECODE_BIND_001\src\d2_engine_ssvk_decode_bind.c","3030","13F758EB01E191594563025810170EB2B6EE6252D8B71183AB5DD1966A34BF93","2026-09-22 06:10:40"
"evidence\RAWRXD_PERFORMANCE_001\G3_K3C_E2E_REAL_001\smoke_k3c_e2e.cpp","25","493B0BF92174B1FF34C14D049B2266D7F31DDC5580B77D3AD1697C2486F0D0F5","2026-09-22 06:10:40"
"include\enterprise_feature_manifest.hpp","32","974F32E25ECD6FADB48580D2B7E01C8A344F28F46B79516C63D40031D07AEC3B","2026-09-22 06:10:40"
"include\enterprise_license.h","5684","3EB2FD3FA015E05DD7022548820E3464FC5FACF15322641191AD492A0D99403C","2026-09-22 06:10:40"
"include\license_anti_tampering.h","2497","F63C8958FDB6845E9F195DC82C5A2EDE37E91C994D2E1C0AD76D95323CD8C41B","2026-09-22 06:10:40"
"include\PathResolver.h","610","1ECD01AA313048D7DBA386CD282F14F754889936E9C58E15A1DB126EB82A4F2C","2026-09-22 06:10:40"
"include\quickjs_sandbox.h","7439","DA1BE6418FC4D2C66B5C4E6006F7A56E8D34B15E06A73F021A7C3BCA1A62AF50","2026-09-22 13:17:41"
"include\rawrxd\closure\AgentOrchestrator.hpp","875","31A6C7EF832B63D292BAD99A9A8CB6DA4C7568A5A587909C49F5F9D5D0D909E7","2026-09-22 12:08:32"
"include\rawrxd\closure\BuildTestGate.hpp","845","4A757D28C8C8BAADC690A4A2727AE463B75050458BF776B228DE9C8E4AFFAF79","2026-09-22 12:08:32"
"include\rawrxd\closure\Certification.hpp","685","8ED872D5A5AE577ED6957F7834F0A2797C10818E121E88EB3B4DDA4D6ED33141","2026-09-22 12:08:32"
"include\rawrxd\closure\Common.hpp","1356","6275D1F6995BCFDC5FCDEB91EF2DFBC574D292758C5D63C4BFE1D60C98291C43","2026-09-22 12:08:32"
"include\rawrxd\closure\ContextPlanner.hpp","616","4F9400FC293C1E5909FDCE257C06BF865A555D59EF52D3D246B93BE197290BD5","2026-09-22 12:08:32"
"include\rawrxd\closure\DevicePolicy.hpp","1329","D5535CC41B7EDF0425C792AA08A12D7D0F3A4A19DF181782847E7FDEEA5DE7BD","2026-09-22 12:08:32"
"include\rawrxd\closure\EditTransaction.hpp","1355","51EA10B33774F0E503E3195A75F6B335C3F11DD6FC84CBA70062E883FCE1ED49","2026-09-22 12:09:40"
"include\rawrxd\closure\PerformanceLedger.hpp","795","B61F634DC52469B7B58E0A177F8BC4773A2D4A686A67F54E6A3FCC0022B6C7B3","2026-09-22 12:08:32"
"include\rawrxd\closure\ProcessRunner.hpp","695","55C0BFF902FDFE95DA076BA91DEF92CA3531DB5E2F1FCD2C50737C5CDA94F630","2026-09-22 12:08:32"
"include\rawrxd\closure\ToolGateway.hpp","1128","9220B88477C936ADD5CA0E6027751883AF7FECA9233CE2F145744D61F8B5C58D","2026-09-22 12:08:32"
"include\rawrxd\closure\WorkspaceGuard.hpp","459","97EF5EFC934F0C8AD414D216B960687E34530D1E1E013299905BE3F230718693","2026-09-22 12:08:32"
"include\rawrxd\swarm48\AgentSession.hpp","958","1A99B0909E14F2A334D5C7EC67FAB70C65542AF35B65110FDA5628E88AC1E382","2026-09-22 08:31:33"
"include\rawrxd\swarm48\Common.hpp","967","97A0CD2E4C16A17B1E57FCFB96670D1B0395E38E357DE75CAAC83B4B8774323C","2026-09-22 08:31:33"
"include\rawrxd\swarm48\ContinuousBatcher.hpp","473","8B805EB324B4C14009CC43B7E63FA9A39F5564606BAA207517933A21A79A33C9","2026-09-22 08:31:33"
"include\rawrxd\swarm48\Deep2BridgeContract.hpp","799","243B3DD370D88D4845362F1AB8A447E6FD13D0BCED87EFC3087C347B1DF66B5E","2026-09-22 08:31:33"
"include\rawrxd\swarm48\DefaultTopology.hpp","510","2BE9A41A64C90D0EB0C7B6018377D56D97172D56D5169CA0AF7BC6818C66B67C","2026-09-22 08:31:33"
"include\rawrxd\swarm48\DeviceLeaseManager.hpp","884","D101228283DE8269353263936E313D8E6B8E2882C008F0B2033A9849CCF68549","2026-09-22 08:31:33"
"include\rawrxd\swarm48\InferenceAdapter.hpp","1120","7FB18C862893E169C8970AFFF1308396CC093F86234A2D72C60013461ADE96AD","2026-09-22 08:31:33"
"include\rawrxd\swarm48\PagedKVPool.hpp","1063","058C63A29449E9E415B50C21FC77AFE637152D6EF79C729AED060498CB0DAB58","2026-09-22 08:31:33"
"include\rawrxd\swarm48\ReceiptLedger.hpp","490","34C23A1B079FEFF1B5E8878773AFEBF2EEF8C9D6E42AED74DCD191D02587965E","2026-09-22 08:31:33"
"include\rawrxd\swarm48\SharedModelRegistry.hpp","759","7DC392238AE0AAEE8156E10A6B02A8DEA03230603860CC2CCDBB909E76760350","2026-09-22 08:31:33"
"include\rawrxd\swarm48\SwarmCommand.hpp","1234","7C98EBB1D55A746FFE564F16E66D3FEEFF21F13636761D33CA489DB1160D2922","2026-09-22 08:31:33"
"include\rawrxd\swarm48\SwarmRuntime.hpp","2101","E47368EF9F43E5877FC80DF12F083FDD82395C2BC4EEE14426EDDC73AA5ED060","2026-09-22 08:31:33"
"include\rawrxd\swarm48\TeamCoordinator.hpp","577","00CDDB4CF203B7C93F43ECDA40B500C14517287DBA7C964775169CAC932E2C0D","2026-09-22 08:31:33"
"include\screenpilot\rawrxd_screenpilot_agent_v2.h","4721","529ADED25991E4189952E7A0EE2F445C8F98EB95638FE163E6FF7EDC1EEBCA5E","2026-09-22 06:10:40"
"include\screenpilot\screenpilot_tool_policy_v2.h","5316","9EE31B5F0A96BD73D1FEDAE322B7A420E48D522A7412336C3B5C6D7689D068B1","2026-09-22 06:10:40"
"reference\masm\masm_agentic_puppeteer.asm","21338","C873201455A3DB1CE5488B3A10706A3B7944EA7C26918709FF7E095A011B7E65","2026-09-22 10:07:13"
"reference\masm\masm_instruction_encoder.hpp","9641","026C8CA78987D39BA80A7F53F92AAEA7E896D7A8906518FA4500ED9F96D7914F","2026-09-22 10:07:13"
"reference\toolchain\pe_writer.c","16735","48623239B1D9C2E7C835FA99703440D52A59476C5E2C473C9725DE220D6EF9E0","2026-09-22 10:07:13"
"reference\toolchain\pe_writer.h","3145","214F5D7EA64E83A4AED499B9A67F3DDDDD31ABE0513E3F7BC62571AD39AA5473","2026-09-22 10:07:13"
"rguf_source\CMakeLists.txt","441","C2434B9E9234572A7F095B50C46D73C973DB1CBA8B0ABD95999BF4DEE1F6C5F4","2026-09-22 06:10:40"
"rguf_source\README.md","1533","A1B5CB31F157121985BE17E653C899F7C65C5239DE404342E264A9DA742E717A","2026-09-22 06:10:40"
"rguf_source\RGUFFormat.hpp","693","39DDA386E93D8A59C961E8531E169B139FB39A78910A466FE187964F0D3E6259","2026-09-22 06:10:40"
"rguf_source\RGUFLoader.cpp","2583","53EEFF13B0EE9FBE7F7BF8B70E04D13A8DB26C47E8C76F4FF201CB3486AEC630","2026-09-22 06:10:40"
"rguf_source\RGUFLoader.hpp","902","84EF1937A524445058F9C2AC4CD1E35D6C3F9C4876160FE8E4840FF8B8C8E87C","2026-09-22 06:10:40"
"rguf_source\RGUFPlatform.cpp","5891","428FC9C8228495AC86A9B661C93BB5E4361F56F5E04A70C9565251DCFC14C955","2026-09-22 06:10:40"
"rguf_source\RGUFPlatform.hpp","1713","51A708AEF1B79147BE2359A009C1FD778207A4A68D66FC88304EA33ED7CA09F4","2026-09-22 06:10:40"
"rguf_source\RGUFQuant.cpp","3421","8C25F58C284214CA132D9E7BE303E49D50FA5A4D2F460762995C271C22B9D451","2026-09-22 06:10:40"
"rguf_source\RGUFQuant.hpp","422","645334E0398590021E8FF52D3F843CE97F5B03ACCCEDECC8B437CFE560F8A238","2026-09-22 06:10:40"
"rguf_source\RGUFWriter.cpp","2234","2D1792DAB99B50589E97EEA92381967EA36C5D9D19FC7B3369D8FB53F903241F","2026-09-22 06:10:41"
"rguf_source\RGUFWriter.hpp","524","D54F6952C9BA0213AA7310693E0EE5237CA92E337884CDA5A8A0FE9B387BABF1","2026-09-22 06:10:41"
"rguf_source\rguf_tool.cpp","3621","63E5440369FFEFF041F4A13ACC225516E46765B86FDCF986A546DD479E2C3927","2026-09-22 06:10:41"
"src\agentic_agent_coordinator.cpp","47","213258C402328C7C3604BD9AA9625594EDD84F69956FF3C9E1E7BCF2B3B6D11B","2026-09-22 09:44:13"
"src\agentic_controller.cpp","40","1AD41BF3F1EF1278202BDCD89486A25038A8F1505946F977763910535553059F","2026-09-22 09:44:13"
"src\agentic_engine.cpp","36","38C2A982517A5EE5B00C54A894B689484889F53F559FD3852DFCE6F6DC8F9A1B","2026-09-22 09:44:13"
"src\agentic_loop_state.cpp","40","90011018F3BDD9E792363642A9E76119E3873A3F88CFFB165D38B6BBD07F3D37","2026-09-22 09:44:13"
"src\agentic_model_streamer_bridge.cpp","51","4201AA5EB37373F6CC4BB6D1D959811BBF1523A383476D6D79E5EE3BF172A60A","2026-09-22 09:44:13"
"src\agentic_observability.cpp","43","20997BF6DDE9F9BD2F477E213BAEEFC8CA2D126C131890C9BB9CAEE1C57A7865","2026-09-22 09:44:13"
"src\agent_explainability.cpp","42","246AEA12E94B52EEAA2FD6F69C6D4AAB23570983FD0A3CC2FB6202BC75F9D897","2026-09-22 09:44:13"
"src\agent_history.cpp","35","3FBB9BF9FCAC51E2325965B0C49C3263ABB37F8C4612B76427021B62A039043A","2026-09-22 09:44:13"
"src\agent_policy.cpp","34","3D70866AB6FF54A48593605B231D4253C07EEF872FEF0B7BFEE9EE35E3A3B376","2026-09-22 09:44:13"
"src\ai_completion_real.cpp","40","B13B229EC6E9484DF891495EA5A60D5AA47158FB1DE665936E9FCE08B57DF99F","2026-09-22 09:44:13"
"src\ai_model_caller.cpp","37","4FC269C63FD3722D30739A76426EF9CC6851490BDDB2603FABFA64BF55EB50B6","2026-09-22 09:44:13"
"src\ANSIParser.cpp","5202","801CC79BFBC58D48BE630FD7D8AA6EC06A07BFC027D4352841E1E5FE1B336EAA","2026-09-22 11:10:22"
"src\autonomous_feature_engine.cpp","47","BC3B8D31680F2945FB99881BCBC11F6C76CBB5DC998F427BCB8D1ECFEA2EA268","2026-09-22 09:44:13"
"src\autonomous_intelligence_orchestrator.cpp","58","5E52B8D49082543D842F732BAD078998A1EB03417ABFDCBB800FD3187C136326","2026-09-22 09:44:13"
"src\BackendOrchestrator.cpp","41","9CD8CBC0B1F12C9E071C02A8908AC3957FB72A36F5D426D262351ADF4C382534","2026-09-22 09:44:13"
"src\benchmark_menu_widget.cpp","43","31416B50FC6296F095EE13FF0B11D177174CEDB5DB0B5038F9B12B795AEEB943","2026-09-22 09:44:13"
"src\benchmark_runner.cpp","38","C01E053BBF53CB3E6CA351F3C1F1F83CFE0F2963BEE6CB31BEDCB3051810C9AC","2026-09-22 09:44:13"
"src\cloud_api_client.cpp","38","4D6BD775929C395847FABCAE6496B99E364A2BD73E9C09A575E73841B1838DD7","2026-09-22 09:44:13"
"src\complete_server.cpp","37","B8B53F35CFBAC6F17E3DAECDA7ECEF821F2A7E8FF50A9E76A32FC06E94F12160","2026-09-22 09:44:13"
"src\compression_interface.cpp","43","672011EC897DC1EC5C54C26B7A9B64474F246C0A1927CBB693E42E3BF9815D48","2026-09-22 09:44:13"
"src\cpu_inference_engine.cpp","42","6247D8733233FBB365D4B61918221AB9D82D47FFC01CA734B5E4592E2B69D00F","2026-09-22 09:44:13"
"src\cpu_inference_engine_autofix_stub.cpp","55","43FAD02837ADDF214A5077D5360A19D6E44BF9F94E5D1DC3BCE51CC7DC3C190A","2026-09-22 09:44:13"
"src\dml_inference_engine.cpp","42","4CFFD78D4514C9BB5C47D5B5231A1BC0F57A9FB17692D404E16F464095634DF6","2026-09-22 09:44:14"
"src\engine_iface.h","744","CF0372E3EFB18C69F7B419C4B1C340E9166BD3471026DA2878CD80626170BEB7","2026-09-22 06:10:42"
"src\feature_flags_runtime.cpp","43","7F5AC39142EC3BCA87A452B87E3E4A40D4F71EB6CC82D374D819889D0E44958B","2026-09-22 09:44:14"
"src\feature_registry_panel.cpp","44","155B0C841EF4EDAE53E822755C69C5E4BD0203B31E9E9A8D2F28FA07D64AE000","2026-09-22 09:44:14"
"src\gguf_d3d12_bridge.cpp","39","2D76B2233EC24EA781EEC803AAD3FFFEE4BFD1ADAA4B2B3E6B4EE69420D4B377","2026-09-22 09:44:14"
"src\gguf_loader.cpp","2","7EB70257593DA06F682A3DDDA54A9D260D4FC514F645237F5CA74B08F8DA61A6","2026-09-22 11:41:25"
"src\gguf_masm_weight_bridge.cpp","45","8C1DAB0991D2ABF1727B300362CCEC600D92155812CF6DB935C3F5D7A586151D","2026-09-22 09:44:14"
"src\gguf_vocab_resolver.cpp","2","7EB70257593DA06F682A3DDDA54A9D260D4FC514F645237F5CA74B08F8DA61A6","2026-09-22 11:41:25"
"src\gpu_enforcement.cpp","37","D14BB61C84A15A61CB66FAEEB95CC5326ACB0E0749CAF7A8ED97D19F11263869","2026-09-22 09:44:14"
"src\hot_patcher.cpp","33","7521114B258498C0D83BD9B2476A2231507811C1742D8C866613EB6DAD18F3D4","2026-09-22 09:44:14"
"src\hybrid_cloud_manager.cpp","42","6E55859CD3387BC291665B28925168F02E4AB1DF0743486A3ACC1536A082DFBC","2026-09-22 09:44:14"
"src\InferenceProfiler.cpp","39","7AB8A749268E0B06B1BB165D1C694C4E2585CE3C75CEB850E54E8FDAD5211013","2026-09-22 09:44:14"
"src\intelligent_codebase_engine.cpp","49","2B6F8276EC372F96109948FC37B20A540040DA8D58F0C987A640CF0F34D18706","2026-09-22 09:44:14"
"src\interpretability_panel_enhanced.cpp","53","AAFBD8E315C3AE60DF8B7E4E7E3665FB468E1047A02678743DFB4466A3DBF860","2026-09-22 09:44:14"
"src\LanguageServerIntegration.cpp","47","6939908DBD3625CF30E889F5D9955542A7509530BB1A5EC1A9AA2670D2FC6B82","2026-09-22 09:44:14"
"src\license_enforcement.cpp","41","8D6D50D3D525A4234D62C6D680BEA48C7B7B53F365B8DB3A17FEEBF6BE839883","2026-09-22 09:44:14"
"src\lsp_client.cpp","32","67234EF5CAC6D4AA81405711AA6FA540D99D21C6134362C77628C2AE7EB1352B","2026-09-22 09:44:14"
"src\main.cpp","26","DF2D40DC75A7E363DC8D1C14D3C7B47C4E036A79A376F5116E75C1F70FD96B4B","2026-09-22 09:44:14"
"src\mcp_integration.cpp","37","D7A92A9B5C86C010A7DA290A2FC2277F7B4D901A634DEED2D54F2CF1BE9CF930","2026-09-22 09:44:14"
"src\memory_core.cpp","33","185B34040DBD53CD6AEDFA56C94A5E885F4291BBE966104203E1A3F040360CEE","2026-09-22 09:44:14"
"src\model","23","3487D96E0C3A596D57AF43E27550F64158D631D4F850AFCAF44BC9CD1718C580","2026-09-22 09:44:14"
"src\model_config.cpp","34","FA46E6FBFA04929EA9F4130C78069ED3DE53EB410C1D29700C4F9B6B86F05945","2026-09-22 09:44:14"
"src\model_name_utils.cpp","38","2DEC7D35D8BD94F9464670EBEC3843880BDBB4D51B98024E610FA0129DD52C1B","2026-09-22 09:44:14"
"src\model_registry.cpp","36","106F5836416E299349435AF6D3D9D3A4BF57DCEDAD21FBAA75DF7BBA68E5C5FC","2026-09-22 09:44:14"
"src\model_source_resolver.cpp","881","D6EDCC14ACD1E794D66A1296CEFA89CAA5160290F78D63DB21430096ED2813C6","2026-09-22 06:10:42"
"src\model_source_resolver.h","600","84D620A82AC65D98226E3B768515714B81CADC7A4DF25B8C88137F66B5B30E48","2026-09-22 06:10:42"
"src\model_trainer.cpp","35","410630B1691611B9CEB44AF1CB2F440385EFF1C87C6DE824FEDAB16C1E5B21DF","2026-09-22 09:44:14"
"src\monaco_gen.cpp","32","A6DB28F2D5973D78ED1F5EC2FBDADD6CE33CC4047B741A7C2C4B917AA8B44248","2026-09-22 09:44:14"
"src\multi_file_search.cpp","39","7B9E4968CC48CD87019021B4C27540755D8136A582EE4BBB035AF71B3C8B1BF8","2026-09-22 09:44:14"
"src\ollama_client.cpp","35","EC6D8A08C6F306C13CE7A16C35F2787B66649A1BC712CAE2CFA8AD9C3CB4AAAE","2026-09-22 09:44:14"
"src\plan_orchestrator.cpp","39","A7C40F3BCFFA167EDFC8D23FB6FBE52D0B14D072F9BB8342AA8CE44AD1D7A07C","2026-09-22 09:44:14"
"src\production_config_manager.cpp","47","8542E1FADFBF0E2A492A9EDF4E4838DB930112C6B2555A634E51423F0503700C","2026-09-22 09:44:14"
"src\project_context.cpp","37","AC93B8C49113D9DF852E421C9CC509FD057EBA93F2192E8AC6CEE71A9CF2800C","2026-09-22 09:44:14"
"src\rawrxd_inference.cpp","38","AE8476E975C019D8E84D71FD39C266E48FC388CB8B373170870E8BEEBE40D85E","2026-09-22 09:44:14"
"src\rawrxd_link_stubs.cpp","39","0A5FE608847A68CEED8B39FB13A9BEE4515D1254B094F00AB9C355265F9CF589","2026-09-22 09:44:14"
"src\rawrxd_model_loader.cpp","4827","94BF3EB14233EA8F034BA90D7FFF836E52F92A97818E566EF3D4504B62A76FCB","2026-09-22 06:10:42"
"src\rawrxd_model_loader.h","1344","6D0DBE30D01FF43B62954A44495E14B3DC90FFF077F16470CAE1EAF1C7409EDC","2026-09-22 06:10:42"
"src\rawrxd_sampler.cpp","2","7EB70257593DA06F682A3DDDA54A9D260D4FC514F645237F5CA74B08F8DA61A6","2026-09-22 11:41:25"
"src\rawrxd_tokenizer.cpp","2","7EB70257593DA06F682A3DDDA54A9D260D4FC514F645237F5CA74B08F8DA61A6","2026-09-22 11:41:25"
"src\rawrxd_transformer.cpp","2","7EB70257593DA06F682A3DDDA54A9D260D4FC514F645237F5CA74B08F8DA61A6","2026-09-22 11:41:25"
"src\rawrxd_transformer_forwardbatch.cpp","2","7EB70257593DA06F682A3DDDA54A9D260D4FC514F645237F5CA74B08F8DA61A6","2026-09-22 11:41:25"
"src\rawr_braid_classifier.hpp","5936","74FE7AB056879CD129719961B66EE4D1985FF9F1E04F2E632E352310350C4A1F","2026-09-22 06:10:42"
"src\rawr_braid_integration.hpp","14589","AE3A09DE14A3E0373C6BD7115D635F15286CCA3CA0FAD88A3474097A6073F1CE","2026-09-22 06:10:42"
"src\rawr_classifier_avx2.asm","5722","E5EBE9E98B70C74AF530273FA4576AC80D31F15DB2E297818073538564DEEEB6","2026-09-22 11:57:35"
"src\rawr_classifier_scalar.asm","6063","395289A4B15DF860C3778D0EE2724CBFA826738D9BB49156424DA6758E444622","2026-09-22 11:57:36"
"src\rdna3_bridge.cpp","34","E7194F572931E29D3120360C3E81CB277767027EF1D8C3AC5A8A0D35DBE9AF12","2026-09-22 09:44:14"
"src\real_time_completion_engine.cpp","49","A0488E780E758355C345CAFE21130E2D06829F8F284F4AF5FF0067ED2C5B1B9B","2026-09-22 09:44:14"
"src\runtime_core.cpp","34","2AA985716267087E92B716763C6896D9F7976CDB52EC7EEF41E42062CA4B15A8","2026-09-22 09:44:14"
"src\runtime_patcher.cpp","37","C4B3E90115D34EBAA275C60F8DA0AC39080D644221CD59DB64550C00F07337E9","2026-09-22 09:44:14"
"src\scheduler","27","82E5D729F2B65D622CA19EB5E312DF9F0B9725A76359278EE8AEE13BBF1C2374","2026-09-22 09:44:14"
"src\spengine_bridge.cpp","37","EAF707F5CF1E71250DA66CFEA6DC463141C2767569608FC6D39B585B4EC7E7EE","2026-09-22 09:44:15"
"src\streaming_gguf_loader.cpp","43","FE0099845B6D0AC0201122F7379157409BD3F021B0D645936D98AD6E5BF557CE","2026-09-22 09:44:15"
"src\stubs.cpp","27","30C03C06E0F044BB0648265FB2B728A180923B04FA5FE152456C8DF2CB87F0A7","2026-09-22 09:44:15"
"src\subagent_core.cpp","35","ECB2A34FAE4E2E645479B7A46E61CE18A78468AFB01FEC3587C41AC480443450","2026-09-22 09:44:15"
"src\swarm_orchestrator.cpp","40","0CFFCFD741CE76B23E8E7927A37594822F7A4E4343D89E96D40181D1F702D567","2026-09-22 09:44:15"
"src\test_masm_inference.cpp","41","D58E48FF1127D5279071E79508A130AE84F955274F6FD632586E955C3010B58C","2026-09-22 09:44:15"
"src\tool_registry.cpp","35","B8D188F43E14C6E223929148BCF554D450725CC23B5A1313FF9B31DFBF12B84A","2026-09-22 09:44:15"
"src\tool_registry_advanced.cpp","44","B8CDC9BB62BD0D2C2030FA82BAC4DD469EA63241081D2355905317DC525A8457","2026-09-22 09:44:15"
"src\universal_model_router.cpp","44","16995E0D51F6E2A3F38C12769A92B18B951730809E615259074F6DB61B1C2F6B","2026-09-22 09:44:15"
"src\vulkan_compute.cpp","36","9D619ECE9F3DC80F60E4391A8628B1B640B9F6F902AE3548B81269B02C237D27","2026-09-22 09:44:15"
"src\vulkan_fwd_attn_mla.cpp","41","F25437DA2232DB87A3A7D47FA3E0E8BBB6BD7A815158CD2E679410952F8A2FCD","2026-09-22 09:44:15"
"src\vulkan_fwd_cmdpool.cpp","40","335D085C01F0003502BD4663F8C369277DD15360394D337ABF2036603BE1EBBF","2026-09-22 09:44:15"
"src\vulkan_fwd_fused.cpp","38","A0850331FC524DD2B4197FA1362D5941A99042A456F93BD971253C9F8C8234C0","2026-09-22 09:44:15"
"src\vulkan_fwd_hostops.cpp","40","D6C55A54769533C17CB843227973BD3AF4D4743BBD121B3CEF97BC90C1F3A39B","2026-09-22 09:44:15"
"src\vulkan_fwd_q4k.cpp","36","6A2E701B91FC093771381F90F7EFAB606025D9E2177F4AB33536B0F8A590A7BF","2026-09-22 09:44:15"
"src\vulkan_fwd_q4k_act.cpp","40","4FF5069EEFDC1D2A927580800C016493DC8CC9A87DA4307BD0927AC57A5F8B3F","2026-09-22 09:44:15"
"src\vulkan_fwd_q4k_climb.cpp","42","7A3BF06492F2BDFE694C737A46523FEDDCBC86681A960F3796F6160E6C1048EB","2026-09-22 09:44:15"
"src\vulkan_fwd_q4k_fused.cpp","42","168E65D16E20C840721B6635351891BF56D965B356FC8864939C9C7F40E15E2B","2026-09-22 09:44:15"
"src\vulkan_fwd_q4k_host.cpp","41","EC9E40D26A9C9BC54B1016CA9C857067F5651F22CCC93C59C7588C6B129046BF","2026-09-22 09:44:15"
"src\vulkan_fwd_q6k.cpp","36","2600A298641A592BC85F467C33244A373934C6648552BCD8329E5DD6B1302B1E","2026-09-22 09:44:15"
"src\vulkan_fwd_q6k_host.cpp","41","411EE9F3E68818C5236F7B12D8AB19CF96E2A52C216F93617CE1A7D95CA3162C","2026-09-22 09:44:15"
"src\vulkan_fwd_q8_kva_climb.cpp","45","ECA69309B27AAF02BB4DEC2033E7BEBB6373AAFDD6BADD51F31220B15E7BEDDE","2026-09-22 09:44:15"
"src\vulkan_fwd_quant.cpp","38","379440A8BDFF79DB9CCA421893F16627003BD617A33B26FAD672AA206CE2C726","2026-09-22 09:44:15"
"src\vulkan_fwd_quant_host.cpp","43","630AC3C51B868F1D2F4A2BA60124E2FF797B5C5214D7E0A2BEA1E7F154A6AA43","2026-09-22 09:44:15"
"src\vulkan_fwd_quant_pipe.cpp","43","6CE6444836F161F809E195C2B49210952235E33C578A4727FA5BFCECD87FF916","2026-09-22 09:44:15"
"src\vulkan_fwd_resident.cpp","41","6B97683D4A5419ECD19F60C691ABD74EC40CCBBE156BBD046DC551C89F85B614","2026-09-22 09:44:15"
"src\vulkan_fwd_stubs.cpp","38","EE77103EBBE6D099119B35CC58B06D94B1684FF505BBE43F57F7DBDC459711D4","2026-09-22 09:44:15"
"src\vulkan_fwd_tune.cpp","37","E9848BCABB1728DCA8C2573E3CF9D8BBBB8A623C643CFD13098C2709766E4D90","2026-09-22 09:44:15"
"src\vulkan_kernel_bridge.cpp","42","4600FAC398A893AA50935AD2655124B6D594CA213D29B75AC52DE997A4F1DD55","2026-09-22 09:44:15"
"src\vulkan_weight_policy.cpp","42","DB45CB73BBBC95C73793AE27247856C3F5DB341938037928502FC2C4E46DFB86","2026-09-22 09:44:15"
"src\vulkan_weight_prefetch.cpp","44","5771862B57454DCE0F0DF929F1C331B595B31AB5A0B3406377E2BA7E29DDCC77","2026-09-22 09:44:15"
"src\vulkan_weight_window.cpp","42","9B135DBF4D223F9E2F83CEC51110BF75D240BAA5AFD99B298FCEBE4883C55A8A","2026-09-22 09:44:15"
"src\adapter\RawrXDEngineAdapter.cpp","49","3783D0EF1AC3D562D0E7418017E7E6B61AA89AD48E9D7CC2FF99F6B5C42EFC3A","2026-09-22 09:37:54"
"src\agent\agentic_deep_thinking_engine.cpp","456","9BBE4009067DD4473F3B64E058C442FDEEECC37836F06D8B1F19465A460C364D","2026-09-22 06:10:41"
"src\agent\agentic_deep_thinking_engine.hpp","465","5C5F840142BAB7713B62A4F6BEF918E1F7D219F4644BDFEBAC0EC34F0F0033C8","2026-09-22 06:10:41"
"src\agent\agentic_failure_detector.cpp","52","BB88B92B7057A2D1881699D84436E7750347D24D41906CDF3BEDA4FC4E9C1612","2026-09-22 09:44:13"
"src\agent\agentic_hotpatch_orchestrator.cpp","57","A8A79CC218B30FD5EAD24D2FE61414BB0FD5C4063C7B558B24CA09211236554D","2026-09-22 09:44:13"
"src\agent\agentic_puppeteer.cpp","13654","B1FE86FE3E7A7B59A0909ECB5AE37FA56EC3B9B894B3D62B35731CFDBD093A0D","2026-09-22 10:07:13"
"src\agent\agentic_puppeteer.hpp","4803","499E07797B549551E9DA8D34EB8964624B093193B18CE8C40893FF3B63AFF097","2026-09-22 10:07:13"
"src\agent\agent_hot_patcher.cpp","3291","FA8EEB991E17A0AD0BE3743DEA185F3C79692EB1DFBEA66D36F4137408780AE2","2026-09-22 10:07:13"
"src\agent\agent_hot_patcher.hpp","4608","228C6D017C0CF75D2549D466CD8BFB31A28F07174E007D2B7F8AC7B90E24D034","2026-09-22 10:07:13"
"src\agent\agent_self_healing_orchestrator.cpp","59","8C342CFCE7EA1562F469CDEB3BF495C03260B97429CAF18CA3E43CAEB0EFEAC8","2026-09-22 09:44:13"
"src\agent\agent_self_repair.cpp","45","4C1B24F700BDE4DB0B1257CA272A07A0432ACBD7F7CFBD402D43876AFBA03CA9","2026-09-22 09:44:13"
"src\agent\autonomous_orchestrator.cpp","51","CE36EB7D8BE52C334DD43713037D6B74B620990506595AC2720E90886859EFB1","2026-09-22 09:44:13"
"src\agent\autonomous_subagent.cpp","47","71389E6D72FE0E765D71422184B4997CD1ACB5C4F654A6C7F94565DD96C71B06","2026-09-22 09:44:13"
"src\agent\DiskRecoveryAgent.cpp","45","677FA3188C65E3E4DF88D342F8106864B748EDB5EFF3B551D36C0326CE715198","2026-09-22 09:44:13"
"src\agent\eval_framework.cpp","42","50DF8EED993E8B8E585924827CD90B8417446EEB0881CFDDAD30F7E9988E5269","2026-09-22 09:44:13"
"src\agent\hexmag_client.cpp","41","79676F08809FD61262C596F659C41965C5381A6BD83A7D8026E010DB5E44DD72","2026-09-22 09:44:13"
"src\agent\llm_http_client.cpp","43","9607A0A76ADCDEA24428A0BF202913E6F15012E5FF96060E2463A0216B11A18F","2026-09-22 09:44:13"
"src\agent\local_reasoning_engine.cpp","234","8D5AE236B2ACC3820E3DC2C5450AF4F394B5AC6A8DC0A786EA4DF9676D80AC53","2026-09-22 06:10:41"
"src\agent\local_reasoning_engine.hpp","395","66D482A50BED71157DAD1CD1B3C4A41FD75B14D456178D5D232BA5FABB963677","2026-09-22 06:10:41"
"src\agent\local_reasoning_integration.cpp","179","ADDEFDC4CA90BCB354E1039A8DE89A49143406777A3DC170D272BF80B0D91D18","2026-09-22 06:10:41"
"src\agent\local_reasoning_integration.hpp","217","62B8FA8D2A959C31300B3B4A1A84237C13551D01939232A81A05985B786773B7","2026-09-22 06:10:41"
"src\agent\meta_planner.cpp","40","2C630D585E8C96E99A3645E65367DBEEF380BB3FF604C0B234050DD5429E2BFF","2026-09-22 09:44:13"
"src\agent\model_invoker.cpp","898","7A32BEE71EC1EC53A249793FCC50301C378D6A926ADED5F2D25A996881A5301E","2026-09-22 06:10:41"
"src\agent\model_invoker.hpp","568","3E295C2FA388AD0CC8338BA953CE99C01645AD21BA6160772F8840289F32397A","2026-09-22 06:10:41"
"src\agent\orchestrator_cli_handler.cpp","52","8FA0E078500EADA8FFA03A36E58DEE211937F4D2A4A734451C701BF5A13CA3F4","2026-09-22 09:44:13"
"src\agent\planner.cpp","35","D8CFC4FB6164E087FC53D4F2FB3923EF3A487925933E358A477723D605C90BA6","2026-09-22 09:44:13"
"src\agent\quantum_agent_orchestrator.cpp","54","6E621C8F45E33E37B8DCD0B56A947D2B4096D0E4AD1CB16D4A9797DD333AA458","2026-09-22 09:44:13"
"src\agent\quantum_autonomous_todo_system.cpp","58","E7E58BECAE45130B53E1851B4E47857171FC9DBBAE822E8DB4DC27220CDC6C25","2026-09-22 09:44:13"
"src\agent\quantum_dynamic_time_manager.cpp","56","B9B84D4FA27807084CE0746C7458DC6F9CA60924196D04E15DB5D11DD506AB12","2026-09-22 09:44:13"
"src\agent\quantum_dynamic_time_manager_impl.cpp","61","7374FE35D51869E5CECC2217410F6D9A41682C7709E8159E771F924917653DBC","2026-09-22 09:44:13"
"src\agent\quantum_missing_impl.cpp","48","C2A12C772B11FE3B28F19AC0D2EBA93EB996A1DFFFB2FA01CA1071E41BB2255F","2026-09-22 09:44:13"
"src\agent\quantum_multi_model_agent_cycling.cpp","61","0F90EC6EDC054703724DFEE6DE396D74E866D2969A8D6AD8E930EBE471297D07","2026-09-22 09:44:13"
"src\agent\quantum_production_orchestrator.cpp","59","E13DDBC9A1C06B9A5EB68FAFE06BA2E3F07DF5E85BA6AFE6C20921F8443F9601","2026-09-22 09:44:13"
"src\agent\telemetry_collector.cpp","1261","78CBED0B9E8813D4DE1A4AE89A421667867952A7A6FDB45CBC8CC42FD5A1B618","2026-09-22 06:10:41"
"src\agent\telemetry_collector.hpp","528","AA073A13162C9EB4AFC0EA25BCF9C20D94E7061CBA20F3EFA69FC423FCA1BC07","2026-09-22 06:10:41"
"src\agentic\AdvancedAgentCoordinator.cpp","54","EC7CB252F3CCC1341AED75441938065BBF96B6380C5E42216A316CA119836A35","2026-09-22 09:44:13"
"src\agentic\AgenticDeepThinkingEngine.cpp","55","44D2A0CCE924C60CD35811E9BA083E5A263700B0B35925C4FE2D8DE4B5356652","2026-09-22 09:44:13"
"src\agentic\AgenticNavigator.cpp","46","3379573E5E586C72322ED24F3F510EC3E980F2B746CBE2B339C35E580BA4382B","2026-09-22 09:44:13"
"src\agentic\agentic_audit_sink.cpp","48","AD488D72480026D85D1316397B97A26710F2023A17A4FA19DE8D80F95EE82E2A","2026-09-22 09:44:13"
"src\agentic\agentic_composer_ux.cpp","49","CBAFD3F307EEE51F1509CA9DC7787DB33FFDCF8BC0F1F3AEB2C5BFAE7E022ECD","2026-09-22 09:44:13"
"src\agentic\agentic_executor.cpp","46","50656E53281C1364784E28EE72CA22C5E9F4AEE8D17B1D698E91A18B18870605","2026-09-22 09:44:13"
"src\agentic\agentic_orchestrator_integration.cpp","62","7590042517D5BE60AE574B83662CA6A6E87D02FB2DBE99D643382E1D717CEBB6","2026-09-22 09:44:13"
"src\agentic\agentic_orchestrator_smoke_test.cpp","61","43C48B2F4335A6B0BCDF118D56505657F53FB7375544883657BF15EBC0CE4FE0","2026-09-22 09:44:13"
"src\agentic\agentic_planning_orchestrator.cpp","59","46C5379E022B7CCBB797C01515BA9E2712294CB3C99BAC21F90F084FF99F03ED","2026-09-22 09:44:13"
"src\agentic\agentic_transaction.cpp","49","9956D7ECD25DEB554BBFF78B46D1D7A0BB926791A871B885C6C7B6A761B3186A","2026-09-22 09:44:13"
"src\agentic\AgentOllamaClient.cpp","47","2FC9826A0D3878AA73BEF4796092BF5842ADF395000665E0B31B94110DF34C2C","2026-09-22 09:44:13"
"src\agentic\AgentOllamaClient.h","1542","92AD53DE6E2DE0FBEB75BED4AD4F8AC1F4A0B32B58FB222C9BB3C5F62BE22320","2026-09-22 06:10:41"
"src\agentic\AgentOllamaClient_stubs.cpp","53","6E33F6EDE44139C3BE51FAE832A6C530E903774F3E8BCC530F0D035F3CBA88D7","2026-09-22 09:44:13"
"src\agentic\AgentOrchestrator.cpp","47","4F2A38DD6500BC0BA43C299BB641543FF57955A359010B25185A48FDB27C82F5","2026-09-22 09:44:13"
"src\agentic\AgentToolHandlers.cpp","47","5491ED9051C2F16DD9933D3442177149FEFE9E062C722E08EC67FEFE6036C1D9","2026-09-22 09:44:13"
"src\agentic\agent_runtime_batch1_cert.cpp","55","2B616ED097BD33E849886633B74CFB19419AB2B38CE29311D7CA47661D6C9861","2026-09-22 09:44:13"
"src\agentic\agent_tool_quantize.cpp","49","7CED4BA08F180F7452E568B425F2670257B3A9C8816E269CF84A5D1499EEF953","2026-09-22 09:44:13"
"src\agentic\agent_workflow_orchestrator.cpp","57","052D4CE174B73B8A1F1FC2DFE4BC3DB94741855B81F186CF38EB9E3DCF551860","2026-09-22 09:44:13"
"src\agentic\AutonomousFixOrchestrator.cpp","55","E6537596A815A22DED67B8E9723606AEF2345982F7E9EDF029F86C193D203448","2026-09-22 09:44:13"
"src\agentic\autonomous_background_daemon.cpp","58","C18509EFA0E6387B27ED29D0EE9509DD4599639D3517C6892A1CD6D5334840CF","2026-09-22 09:44:13"
"src\agentic\autonomous_communicator.cpp","53","2DCA6E956DB02965FC5A81386D11BCBE889041DE01339AB7B8C722DC68F33A71","2026-09-22 09:44:13"
"src\agentic\autonomous_recovery_orchestrator.cpp","62","177F0042E5901DBC58298E6D58AD3469E45022C995BC76D73B57DADB46317972","2026-09-22 09:44:13"
"src\agentic\autonomous_verification_loop.cpp","58","1C3DF99331061B06E4F236BD0E4368F2304FB0333E0D4533BB83EFEEC291E904","2026-09-22 09:44:13"
"src\agentic\BackendEmissionService.cpp","52","343F37369A16F672D65BD02BA9C32D5635AA3FD4A4522CD912B4550487D35A09","2026-09-22 09:44:13"
"src\agentic\BoundedAgentLoop.cpp","46","72ABE53F976CB3E3A3EBD54890A0559BE55B7E5DF51F6BF8C41AD49C3893572C","2026-09-22 09:44:13"
"src\agentic\BoundedAgentLoop.h","1352","E644C757B242384FD22E9A372E29FB18D84E0D81B25C62E27DCE016299744B6F","2026-09-22 06:10:41"
"src\agentic\chain_of_thought.cpp","46","A1EC84E6ADC115C021A69BA2D768224C3197F22303B2F38571585DDE637B96DE","2026-09-22 09:44:13"
"src\agentic\change_impact_analyzer.cpp","52","43B158885E7BEA9AE2C01E191240B8C6F9993F31E350E25C8FDBA2C3F05F2F8D","2026-09-22 09:44:13"
"src\agentic\context_assembler.cpp","47","2F58D744C989DAEDEF900694D40A1D5ED625FEF2F42D8AFE8B675715C9952724","2026-09-22 09:44:13"
"src\agentic\context_mention_parser.cpp","52","1950FC17B9D775697EE503E588639B86781DAC944E12CED938AFBB80E76131AD","2026-09-22 09:44:13"
"src\agentic\Deep2SovereignInferenceGateway.cpp","60","4ED40EADB4141193AF66CBDC9BF78C506372323B71E0687B580E277F5160BAFC","2026-09-22 09:44:13"
"src\agentic\DeterministicReplayEngine.cpp","55","769482166C8B2D8C8394233E811E0C54D2A4A59DED45DF5758FF067701D12363","2026-09-22 09:44:13"
"src\agentic\DiffEngine.cpp","40","9175208DD86D701DEEC08F3E68EDC4E7D13847D1ED4E6DF57F7163358D04428C","2026-09-22 09:44:13"
"src\agentic\DirectFIM.cpp","39","EDD8258EC800E87D7CB470C99888C30902B7850CF43AD142A8721BD56E12A4F7","2026-09-22 09:44:13"
"src\agentic\DiskRecoveryAgent.cpp","47","DAD09FD155B2694871AE559A90B3900AD6D148AF68E7AED711DBB2B04191BD0E","2026-09-22 09:44:13"
"src\agentic\DiskRecoveryToolHandler.cpp","53","68F2E152443003741FC3273E016C126640727418CA9A12051E91BD1A02ACBC22","2026-09-22 09:44:13"
"src\agentic\ErrorRecoveryManager.cpp","50","1E56155BA64841FB7DCCF8EF2501026A3BCBF9F156FF069CFA72A5850025FB86","2026-09-22 09:44:13"
"src\agentic\ExecPipeline.cpp","42","1E3210C3D2053C398A85B01700496FF13BB164D146FC19F825CDC1C7452B0B37","2026-09-22 09:44:13"
"src\agentic\failure_intelligence_orchestrator.cpp","63","92465790D4DB12403E7E7430C7C49BC3C2F74EDD92AA6330AADF7AC4BDB84324","2026-09-22 09:44:13"
"src\agentic\FIMPromptBuilder.cpp","46","4D0D0FDF3192747B49CBD2A7A07A6AFF37881FA5620306DDAE22EC8B314C0881","2026-09-22 09:44:13"
"src\agentic\GGMLAgenticEngine.cpp","47","04E0C14F9B0B0F0F4206CEA9E7BEEC562D5D607DA89A4D9AFEFC30ADAA11249E","2026-09-22 09:44:13"
"src\agentic\GgmlEngine.cpp","40","8EA429586B65CB5F3BB8A91762227E06C54C1357E64D2CC457B7E51B2A36FCB7","2026-09-22 09:44:13"
"src\agentic\GGUFLoader.cpp","40","5BD3635E95DF932CA997EF094FEBB73A1014F304F2280C04005EBDD5221049DF","2026-09-22 09:44:13"
"src\agentic\gguf_types.cpp","40","43158FA850A03A09FBA61467A60C80F584D6925ABA023A56D227701000F938EC","2026-09-22 09:44:13"
"src\agentic\ide_agent_loop_cert.cpp","49","8DF947C31A0CA80A1381316A0C128545C7885DF6EB5BE1DC8B3611B7B821649D","2026-09-22 09:44:13"
"src\agentic\KnowledgeGraph.cpp","44","E183C7AF5E07EACC8986562CCBB7BF4670365DBEE9A72BFD9C5D793591ED3339","2026-09-22 09:44:13"
"src\agentic\model_cascade.cpp","43","D5A414D05292C1EA82718EA410D2CA6185C9B88CFDFEDF4BE947335358E26597","2026-09-22 09:44:13"
"src\agentic\multi_file_transaction.cpp","52","0E947517B8046C7C6B14827436FA2499939927E6EE6054ADD380CBDABB30D752","2026-09-22 09:44:13"
"src\agentic\NativeInferenceClient.cpp","51","45E8E782D0D35DFD797018868088FB81C4BA6456260C75C48DAD3CC356811606","2026-09-22 09:44:13"
"src\agentic\OllamaProvider.cpp","44","31CE9E985DC81CF714BEC32C95997F289167E39BC0BA01086CBF0C4924EC9925","2026-09-22 09:44:13"
"src\agentic\OrchestratorBridge.cpp","48","4569DE977E8FC63251D15673055661E64BAC10CA76ABEE033EB35D334C8E5380","2026-09-22 09:44:13"
"src\agentic\Phase3_Agent_Kernel_Bridge.cpp","56","021B6400C231C8ADD32E9F497F091C163A0AC43C045A6D7B2D229C9699B906E2","2026-09-22 09:44:13"
"src\agentic\RawrXD_AgentHost.cpp","46","B1592803E2D56CE16EA4B2786AE9DB5C543FB1903433DE3AD14A00C707BDA147","2026-09-22 09:44:13"
"src\agentic\rawrxd_agentic_runtime_all.cpp","56","2B58ACAAC446B525F56D76EF1958D2F24548438E89F77CE80DE76DA02597A3B3","2026-09-22 09:44:13"
"src\agentic\RawrXD_AgentLoop.cpp","46","CD286A00023721A126B1EA4D9EAA22848F15047FF8D294B3082E10D313B7340E","2026-09-22 09:44:13"
"src\agentic\RawrXD_AutonomousCoordinator_Final.cpp","64","060A8252EB4E4132DCB1027999D430D107DF8E6AEB5C910873927B1131F0E167","2026-09-22 09:44:13"
"src\agentic\RawrXD_AutonomousFlow.cpp","51","47D35F361B2F06521925DAE17E8029BFCE0F0133A140054924FCB1BC2E558B21","2026-09-22 09:44:13"
"src\agentic\RawrXD_RewardModel.cpp","48","1A5C2C86095467A6CDA2A9404D89220CF8FA673121792201438879C00972CA12","2026-09-22 09:44:13"
"src\agentic\RawrXD_SymbolHealer.cpp","49","4E57354F866F64A63036D69F39588881E3DF5C618D75FB55A5192C9FBDB0EB99","2026-09-22 09:44:13"
"src\agentic\RawrXD_ToolRegistry.cpp","49","F7E04CEF8010C6FAACEF63BAD33042C0DA19910E3F621506CB1B109281284AD4","2026-09-22 09:44:13"
"src\agentic\RepositoryIndexer.cpp","47","A9FB0694F18CB9DB4D5A8B42D88D93030B4E82AD5757D3DC1C18B2C098914A8C","2026-09-22 09:44:13"
"src\agentic\RobustOllamaParser.cpp","48","AA531AE5259C6312639D6D387270B0E97645A089FE93A894C4F4F13F62B79292","2026-09-22 09:44:13"
"src\agentic\SelfImprovement.cpp","45","A63638FDC686AF8E775886D4D7E694B9729B9EBA5AFA577F71FC05CCF80F6464","2026-09-22 09:44:13"
"src\agentic\slash_command_parser.cpp","50","2061E56A25D5B562CCC39F1753642DFF2B751D9B665654F989DC804A0981DFD5","2026-09-22 09:44:13"
"src\agentic\SovereignAssembler.cpp","48","A915E3D6C5124C2C4074C4413CD31E04333820D1275F39E10F0146E45F5AB6B7","2026-09-22 09:44:13"
"src\agentic\SovereignAssembler_HotPatch.cpp","57","BD50F42A0F50944BEEBFCEBC922583AD6FCE6CA32E2F1E497C25DE9C1941862D","2026-09-22 09:44:13"
"src\agentic\SovereignCodeGenerator.cpp","52","0E2113BB54ADBEEA50EDEF2F467DA63CFBCF996630438F4909D9864C621AB6B6","2026-09-22 09:44:13"
"src\agentic\SovereignStandaloneClient.cpp","55","0018C242408E001D37F8E25B41B247EBA09F38C1B2E706F5F45FC131917E6267","2026-09-22 09:44:13"
"src\agentic\StreamingResultChannel.cpp","52","1BD7BA965CE2BFF2C35EA647B2CE4790965B2FB5E717355D458F29D6FBD38A5B","2026-09-22 09:44:13"
"src\agentic\streaming_command_handler.cpp","55","6BE237E4DF1D99F614BCF271A59D556940EAF236F1164BEBE7344AC10B3391C9","2026-09-22 09:44:13"
"src\agentic\SubAgentManager.cpp","45","E88334184BABD5380DE66D458C3BC98D82F992D7D2B97C08ADF10DEECCB71B09","2026-09-22 09:44:13"
"src\agentic\task_executor.cpp","43","337DF3D0F820B9258EA55CACF071767D954EBB93F3AE2CE94AF7B5DBC40A5A25","2026-09-22 09:44:13"
"src\agentic\task_graph.cpp","40","8C6FE9E4912B2864A9FE19145139D41C34A076E24271CEE1BA34A55371890E0B","2026-09-22 09:44:13"
"src\agentic\task_scheduler.cpp","44","263D9A401435983DFC3B8D0FED6704FE57EC4EEA543E8D39CF1543BE60769557","2026-09-22 09:44:13"
"src\agentic\Titan_Sovereign_Bridge.cpp","52","603E7681015417714018A1D6F74D8A8ECA86E852895203CFD80DEB1C50F276BF","2026-09-22 09:44:13"
"src\agentic\ToolDispatcher.cpp","44","D6A3D02CADE81790D532906C49993EB3776A317D640AB278B8F228D7724F8DBB","2026-09-22 09:44:13"
"src\agentic\ToolDispatchTable.cpp","47","0499B7EFF187FEE7EF0486215F636D29A97A2D4DCA1270BB35EAD00C9B39FB75","2026-09-22 09:44:13"
"src\agentic\ToolRegistry.cpp","42","ED0F9F4C74B9BF9AEEC5A0473DE70A9977C73A565239FAF587C2F55F89CC485E","2026-09-22 09:44:13"
"src\agentic\ToolRegistry.h","928","71DCC4CE946D2028C92C2AB2DE686D15FF8BC708E6F35C797845402BC72C3C34","2026-09-22 06:10:41"
"src\agentic\tool_call_parser.cpp","46","224DBAC1F847CF3ABE438F00F2DB0FD3E94071C9ED586B02CE62BC390F985A7C","2026-09-22 09:44:13"
"src\agentic\tool_executor.cpp","43","C57E5B7F39078D784E8B63FE9544598A08C19835878EE2B6497B75E59C8AD558","2026-09-22 09:44:13"
"src\agentic\tool_registry.cpp","43","822E6F9087784F92F43C42759C42F9444BC66F2A8C94D5E54EF8BAF7935B2075","2026-09-22 09:44:13"
"src\agentic\vulkan_compute_real.cpp","49","70480D894D3412686A4A3A5388DF23D7EF1A53AB57DB7CFEF21B2FB49272B7C2","2026-09-22 09:44:13"
"src\agentic\cognitive\autonomous_orchestrator.cpp","63","8C1C9A0F0D0A3991D861C2BDF9412636F23A45A7A9C02AB83EB0F375966E0F7D","2026-09-22 09:44:13"
"src\agentic\cognitive\cognitive_types.cpp","55","54C042947C718540A1706944A492916EA8DAE4EB3243345ACA46DA55009164A1","2026-09-22 09:44:13"
"src\agentic\cognitive\dynamic_planner.cpp","55","5F125AD1B5613A16B8D128043DA78388D13C3E6AF00C68BC95B9B71B6AD8E859","2026-09-22 09:44:13"
"src\agentic\cognitive\enhanced_blackboard.cpp","59","B1DB07DF08B730407DB9232F5BBECAF7FFFEA2CB0A7C81F842E7780C1FE2DAD5","2026-09-22 09:44:13"
"src\agentic\cognitive\mission_director.cpp","56","F3A01F75E511DD0BCA4D092871D50F9B7726519F22B79D8D88A7A1C6CD827A7E","2026-09-22 09:44:13"
"src\agentic\cognitive\reflection_agent.cpp","56","D3E464B44D6ECB11EB2D7FF7724909988BADB348CED9073D0C52A5CC2B23510C","2026-09-22 09:44:13"
"src\agentic\hotpatch\Engine.cpp","45","BD192A88BAE4EB28C478BCD080E1B960A35C37F91971BF700A011F93E0399E59","2026-09-22 09:44:13"
"src\agentic\observability\Logger.cpp","50","BF2505CE6E8E251A7702CA9678B388D0A4911ECC2FEFC7E5C70B312D65662CC7","2026-09-22 09:44:13"
"src\ai\codebase_rag.cpp","37","27FC419E7B2BFB8572EDA4E6ACF3A9AE920524C745C15EB7D20F26A71232B887","2026-09-22 09:44:13"
"src\ai\multi_file_reasoning.cpp","45","38379C3B3D1F683E4B763EE80210524C5EC22B90E919C619C8C5600843B574F0","2026-09-22 09:44:13"
"src\ai\repo_refactor_engine.cpp","45","CFA1933B28813C237203102C5826D41F1BD1D469C769A5650DB7AA82F585471E","2026-09-22 09:44:13"
"src\ai\semantic_code_search.cpp","45","353E007576222E76322E8FFEA4880D4268A8196039F3701BACB5F97973D964A2","2026-09-22 09:44:13"
"src\ai\speculative_tree_attention_bridge.cpp","58","45C199F8F83929E6BF31DC3455ED592EEDD712EE27AEE6FF94282DD3AA2586FA","2026-09-22 09:44:13"
"src\ai\streaming_inference_engine.cpp","51","85C5D9B2183ACC85A63357D91B1B808120C31D2606FD67322DDC306F2ACD2BC9","2026-09-22 09:44:13"
"src\ai\symbol_graph_indexer.cpp","45","1BC8CCFC55A1330F86E04337E942B950EFDE2D1C1C5CE9AFE6F52D2C60DECFFA","2026-09-22 09:44:13"
"src\ai\workspace_embeddings.cpp","45","D6E346E133C019473391C69103426101CAFA66B2F4D6B16687FC892DE4E08BF4","2026-09-22 09:44:13"
"src\app\cli_entrypoint.cpp","40","C585B6E4275AC198D33D18658E2BCEDB019F80DAC072C2E7CC665D0D70BE8B39","2026-09-22 09:44:13"
"src\asm\MultiWindowKernel.def","275","1F88EE2C53927B1E474EF44CC2F84A504CF13C06599622A3E2DDFD09B974E7B0","2026-09-22 13:20:01"
"src\asm\RawrXD_DynamicPromptEngine.asm","3498","398216795CFCDE4CDE21652BE53038728959511738533FC93B1645FC9544A0D4","2026-09-22 13:20:01"
"src\asm\RawrXD_DynamicPromptEngine.def","294","E234C683E4D130E6EA131B268AE34E96F65B3A852769B681CF91CD8AF7AD60C8","2026-09-22 13:20:01"
"src\asm\RawrXD_MultiWindow_Kernel.asm","4089","6ED22B70C9D6E43EABFA1B1E5279B18E97C48C522537606FFB5527B13DF67874","2026-09-22 13:20:01"
"src\auth\QuantumAuthUI.cpp","40","F0E657C53FE91DAA49F139436356FDFB832481F486A14D8399A4D8E139576DEB","2026-09-22 09:44:13"
"src\auth\rbac_engine.cpp","38","BE5F0D56E8B6A19CAE6D53FA9C26B5333303B2FCD53CCA5B51F8F2E6CA3D87F7","2026-09-22 09:44:13"
"src\backend\VulkanGemmDispatcher.cpp","50","16385F7B3A8F396AB1A8973AED9E0282908A99028A6CC9351CF4455FEC0B30D1","2026-09-22 09:44:13"
"src\backend\vulkan_compute.cpp","44","5D7881289F039BA4C9BFCF47C9DC1944B69028EDC0781AF4CA17A08C43E7CD57","2026-09-22 09:44:13"
"src\benchmark\Fix3_NHWC_Benchmark_Stub.cpp","56","20AF1395EC256613A34F9AAB442ABB546FCBD4F28BD2D16EBDE4F63E07417FD3","2026-09-22 09:44:13"
"src\benchmark\Fix4_FlashAttention_Benchmark.cpp","61","8FA7BFCDE7327D7462ABC9B70ED5A5A859A394099E90C55AC2F4934E7A20F4D0","2026-09-22 09:44:13"
"src\benchmark\Fix5_FusedQuantized_Benchmark.cpp","61","D2915E846F100C67788F0674F1763ECE64098457E6FE966E460ED10B56C2ACC1","2026-09-22 09:44:13"
"src\benchmark\tree_attention_aligned.cpp","54","13FB954E2FDB3DA8B72B2E0DCD391218A651363DA7549DBD42AB32F4BB5E1D0F","2026-09-22 09:44:13"
"src\benchmark\tree_attention_avx512_intrinsics.cpp","64","49842A50F679A1D813E20A92699C19E9B32865491D5798D36815CA45FA647485","2026-09-22 09:44:13"
"src\benchmark\tree_attention_bench_simple.cpp","59","DCFE8C013C7ADE285B766038B86E3F25C26E7512641240468152F0113BE83DEF","2026-09-22 09:44:13"
"src\benchmark\tree_attention_fused_sparse.cpp","59","00A072ABE2EC14DE083E106D1A61C20297610295B563643FBDBD8B3E75E0FCBF","2026-09-22 09:44:13"
"src\benchmark\tree_attention_masm_val038_wrapper.cpp","66","6A68320095DD66ED1D934AD0E1F81BED49D22BE44642796FE4126E977ACE3A93","2026-09-22 09:44:13"
"src\benchmark\tree_attention_profiled.cpp","55","F595E606AD99CC221D9475860772DBE6521C2C7B30C8A07BBF19FC6463694171","2026-09-22 09:44:13"
"src\benchmark\tree_attention_sparse.cpp","53","A690B8355C1017B3067F42FBA4B59100B0A040C948F6871822C400D000EC91A1","2026-09-22 09:44:13"
"src\benchmark\tree_attention_tiled.cpp","52","2D92E97E354B1EB3F402CC501A022498A3773CF6455A2C1FF6B47C0D33915E56","2026-09-22 09:44:13"
"src\benchmark\tree_attention_tree_specialized.cpp","63","102F687D1CFD9A0F6F74EECE6097F8A56671FDC6FB7CC0F0B6E52DCE2413AFF2","2026-09-22 09:44:13"
"src\benchmark\tree_attention_vectorized.cpp","57","261123D81B95F4FF8FFA923884941B95F37C5223C18C90AF6A47A95514BD9EBD","2026-09-22 09:44:13"
"src\benchmark\VAL032_AVX512_Benchmark_Clean.cpp","61","A3A789D3EEF33E0C8DFE940C330AB5F52D68835B355D5D54FE6DEC35707432BC","2026-09-22 09:44:13"
"src\benchmark\VAL032_SpeculativeDecoding_Benchmark.cpp","68","12FD3562CB95F2E10BE9E77B0EA8006E3EC66F4E74591DEE58188ACC52745879","2026-09-22 09:44:13"
"src\benchmark\VAL038_FusedAttention_Benchmark.cpp","63","19B30452C7AAF149BEB741854B979C12D4104FB36A61CD46C9F75A164B1D38D1","2026-09-22 09:44:13"
"src\benchmark\VAL038_Validation_Benchmark.cpp","59","F228AB82B3D353AF415A0E5795A0C6632069C311CA49F3D8C258D9BD0F2D69DE","2026-09-22 09:44:13"
"src\bridge\SwarmIATRegistration.cpp","49","5CE6C9AF771FCE7098E696A112E5306EDF12AFB8356D1A7A8846B3A5898F93E8","2026-09-22 09:44:13"
"src\bridge\UnifiedModelMetadata.cpp","49","2F9435F546C208C256102097DEAF4464840D8A78C9B16CD2D2259D8F5FC22EC8","2026-09-22 09:44:13"
"src\bridge\Win32SwarmBridge.cpp","45","8C5FBA9D41ACD42E1478F6A00DCA9CE7B9D28EB802361EE7B0C154C31C512F07","2026-09-22 09:44:13"
"src\build\BuildIntelligence.cpp","45","1DB356A06ED4A609E37765781D4646426C5723CF9B8C7723CFBB4D7BD04E6525","2026-09-22 09:44:13"
"src\canonical\gguf_adapter.cpp","44","16E18B224084F85A5807D6BAD67A229B181F985E8159B978CDDDD5147554D586","2026-09-22 09:44:13"
"src\canonical\unified_model_loader.cpp","52","77935C8CEA519E8A01095E105DE277FB96BC57E3DBB21F8BE7CCCD90CCE749AA","2026-09-22 09:44:13"
"src\ceo\AutonomousBuildLoop.cpp","16505","348C2E993257060DF850BE9CD11E53FC04DFF7D7A340836DAA626492EA479EFB","2026-09-22 06:10:41"
"src\ceo\AutonomousBuildLoop.hpp","6754","3ADE8F26077F9EFDFD755A1E0C54C6A98EC73A178091F61FB859B05E7F18CD95","2026-09-22 06:10:41"
"src\ceo\CEOAgent.cpp","25751","987F7FB3DDA750A552B097FFBE42C8E1EE44041F637D19628666F50A4A3947C8","2026-09-22 06:10:41"
"src\ceo\CEOAgent.hpp","4999","4505A880500772F7122C49ABF58E396C2112D2930FE3DABC8F3AAD105740C4FE","2026-09-22 06:10:41"
"src\ceo\CEOAgentTypes.hpp","3227","2D898159C8DF04D759B6F8D0B44D0C969F19CFB55CBCE17B4C445F28815961BC","2026-09-22 06:10:41"
"src\ceo\ceo_link_stubs.cpp","8612","81AA7C37EE1D6BBD1037F4EDEE6A5201BB3AA1AC8D263521BF64BABE93368D29","2026-09-22 06:10:41"
"src\ceo\CMakeLists.txt","1908","37A852A0ACB2812CF3483AE1A1985C5219B3D2FEDF66760D31E07BA6160F090F","2026-09-22 10:28:11"
"src\ceo\ContextEngine.cpp","28437","D96BB5B71F0A1ECF55BD297344CF0C7CA4780E584812750271B36F9AB30DBA70","2026-09-22 06:10:41"
"src\ceo\ContextEngine.hpp","6781","02D669644FCF123914C12C48C0E4104FD7CCCD745183A5475B491C5883706218","2026-09-22 06:10:41"
"src\ceo\disk_recovery_stubs.cpp","1415","FBB22A61838211071E9CE1E19BD11B2A21186E3847FA327459359087FDA6AE7C","2026-09-22 06:10:41"
"src\ceo\IDEIntegration.cpp","6557","6038B230A23AB88A2FB99E0EEDA4E645C32BC45467C8A9CDF8ECCA3744F8F4AF","2026-09-22 06:10:41"
"src\ceo\IDEIntegration.hpp","2880","510DAED6C1EE5AF9153997F82B42A95E9E9692BFE5EC138A4FC8B23C433F22E8","2026-09-22 06:10:41"
"src\ceo\main.cpp","6022","526EA8121CEAC3CE38D39491D2ED4BF75D50E2B6030361AAED83B81CF3117899","2026-09-22 06:10:41"
"src\ceo\ModelRouter.cpp","11224","404FC51875C93ABD3432FE2DB471DB85AC420A59859C6693A9549540AA0D54A4","2026-09-22 06:10:41"
"src\ceo\ModelRouter.hpp","4071","F8F6D5303E949CC9DE796952E3F412D5E95D367C86160ED829867F1098A3C63E","2026-09-22 06:10:41"
"src\ceo\ProjectState.cpp","9963","10CA19C308EEC10E38005157E21310B9B35D796834936EFD07E83427E3544CB8","2026-09-22 06:10:41"
"src\ceo\ProjectState.hpp","2575","1060F6B88BAA906BAA974290158F357BDD96239A7CA9886E33CA3555FCABA94C","2026-09-22 06:10:41"
"src\cli\agentic_decision_tree.cpp","47","8835DCACA3D37A93CEA0CF8277F4CAA357C726B07E74DBE60D4357A216573C56","2026-09-22 09:44:13"
"src\cli\cli_autonomy_loop.cpp","43","986F0FE10BB8C5658260C20FB27F5DB44BA1E760F5F4FEFDEF8E67AB4290211D","2026-09-22 09:44:13"
"src\cli\cli_headless_systems.cpp","46","2BCEC69C10C6D9E50ACD7ABDA2E4867F09D69F47A45AFFF299CE94CA015228EE","2026-09-22 09:44:13"
"src\cli\deep_iteration_engine.cpp","47","440BA9C69569BD89441F795F64B5B9026A368CC555F24FC060CF2C975B5C5044","2026-09-22 09:44:13"
"src\cli\generate_cli.cpp","38","A626791092BF9D39AB277CF28AC1B6A8FC1E6D04BE7AB239DA38C7AF95A47033","2026-09-22 09:44:13"
"src\cli\rawrxd_cli_link_shims.cpp","47","07258D528FB8F2F6890858BA082E58DD05FA674F4A445635D8FF5F687E4BD381","2026-09-22 09:44:13"
"src\cli\rawrxd_deep_stubs.cpp","43","48BEF4393AB32C6F74978943E55A61BA8F0048AFB3DB9E41554D2DD23BE56875","2026-09-22 09:44:13"
"src\cli\swarm_orchestrator.cpp","44","0BB28A292225DD279D5D9007229C95E9BEE676C0B93B86691CD302FFAB340EA1","2026-09-22 09:44:13"
"src\closure\AgentOrchestrator.cpp","1425","35F8DF4BCDA3D45A7BCB2BE389343CF7523D379F992F428E8ECD6832D6270BA4","2026-09-22 12:08:32"
"src\closure\BuildTestGate.cpp","1466","50E4118A10A9E0EF5B52600F0DDA383A5B0953E6ECE18F2D1F2E4CF73B4C6E7E","2026-09-22 12:09:40"
"src\closure\Certification.cpp","2142","6A37D58F107761AF88049713179EBF90E5ED2C6AB29E6C4339AF57BA5C0779E1","2026-09-22 12:08:32"
"src\closure\ContextPlanner.cpp","1594","4DC9A4E317C4486972F0189007CBB43B65BC782C2B7689461AD4477D7AECBCB6","2026-09-22 12:08:32"
"src\closure\DevicePolicy.cpp","6285","F03DEA7DF7EE7CE36274F093A9B58D22DEA9F80FDD0D106A7F837298605C85B2","2026-09-22 12:08:32"
"src\closure\EditTransaction.cpp","3872","4CE9B5C673B392944F92BF47576937642DF1E93980834623B94F5A61186029A5","2026-09-22 12:09:40"
"src\closure\PerformanceLedger.cpp","3633","74B3B9208D97F50C280E6F701A0AA8204B2B23F8382218DC9EDB38F709926A5F","2026-09-22 12:08:32"
"src\closure\ProcessRunner.cpp","4146","B86E5B122B23D2857B299E9593B41E32D0F29D4CEF1E63CB59A0F71768B01AAA","2026-09-22 12:10:42"
"src\closure\ToolGateway.cpp","2117","EC8924880444CD64506FF90B60DF3296704657AD7A4F351CCABDE00C7CBEE370","2026-09-22 12:08:32"
"src\closure\WorkspaceGuard.cpp","1771","5131B709D211F03EC37DBA7E5D21AA0F59605514A55DDC4585503D2A665F1EB2","2026-09-22 12:10:42"
"src\codec\brutal_gzip.cpp","39","A720CBE28124EFB2968A328EE12A4078EF2E3BA9A9CBA8C324CCBED6F834CBA4","2026-09-22 09:44:13"
"src\codec\compression.cpp","39","03521D97DF167CC53E5573F7AF24C8260047E490E589C9B4A9443E215AD4DD77","2026-09-22 09:44:13"
"src\codec\gzip_brutal_inflate.cpp","47","3189BE4C85C400DEF0EBE73B9336BAB40C0A9891841B31BFA08EF79CFA641698","2026-09-22 09:44:13"
"src\collab\crdt_buffer.cpp","40","7355A524F3B029CE4AE0733DBCE3DA0AAA6AC9DB80B09F8385B206743158FFBB","2026-09-22 09:44:13"
"src\collab\cursor_widget.cpp","42","C1476405246E2C690D0AE6CA9D8580D402B86CB4B491C7AFD81C8F26E980D858","2026-09-22 09:44:13"
"src\collab\websocket_hub.cpp","42","9656E379F19CE190F336305782EC1355AE915AA164A3F394589D005258E05134","2026-09-22 09:44:13"
"src\command\CapabilityProfile.cpp","47","75B7AD99362517B2E8FF1FBC079264BC8A505015308D4E5AFF8C8A3FB6C85C7C","2026-09-22 09:44:13"
"src\command\CommandBroker.cpp","43","7196B598F9FED563EF3B721F558BF824EC335057622BB38821030A40889FB217","2026-09-22 09:44:13"
"src\command\CommandEventJournal.cpp","49","2F197CE541A08ED250C3A9DCCFFDBE727454355AA72AAD6E76CA63C0BCD99272","2026-09-22 09:44:13"
"src\command\SessionBinder.cpp","43","6685BE8A93D5ED9F25476904D9EAF261E81E6CAEA178E788528BCE17462ED441","2026-09-22 09:44:13"
"src\compiler_backend\coff_reader.c","19943","84EC914D3B2DC99D9628C3BBE1F46DF7741FDB93E7AA0EA96DD3F4ED6E1D3E71","2026-09-22 10:07:13"
"src\compiler_backend\coff_reader.h","6122","84E8003D65271B540FD44EEEAA133895BD1FA1B6243D741DAE5F93C5E8963E00","2026-09-22 10:07:13"
"src\compiler_backend\InstructionEncoderX64.cpp","31519","281CE8575C9EC525384887B951D1034D2C4F7E3F31C62BD13F8202DFED3082BC","2026-09-22 13:09:12"
"src\compiler_backend\InstructionEncoderX64.cpp.bak","31441","1707754589074D9FDD6C817076CC3285E2F34D373CFCB028F95369C9A08A50EB","2026-09-22 12:27:56"
"src\compiler_backend\InstructionEncoderX64.cpp.rej","19731","B55FDD3A8AB3B8849F169F33624AF961688D3E745ABC834BDC97BE0FE39EAC5B","2026-09-22 12:55:41"
"src\compiler_backend\InstructionEncoderX64.hpp","3526","046E2CC0FAB510BF1862D2674F1ADDFEF01950EE89E22869FBD6D5E5A3FAEE11","2026-09-22 09:19:10"
"src\compiler_backend\RawrCOFFWriter.cpp","5763","87D72561C36EFEA79E6C14C7DF846B53ACE8AB3BF6B9239B423F6D109203AE22","2026-09-22 09:39:37"
"src\compiler_backend\RawrCOFFWriter.hpp","2858","8C99873B1312425AF2B2796057F9174583037ABCDAF91911B22AC11DDFFB0CBB","2026-09-22 09:39:37"
"src\compiler_backend\RawrPE64Linker.cpp","13435","8CBD188A089E93CF802991B7C8FBF62052689CA192EC1DE5DAC010364C87C594","2026-09-22 13:12:15"
"src\compiler_backend\RawrPE64Linker.hpp","2686","CECF4338FA0A9C488BF392C20A4680A23AED729800C2E8BB0B7BDB1AC3FBA308","2026-09-22 10:04:06"
"src\compiler_backend\rawr_backend_types.hpp","8584","8B5BF46DDA7FF2BA04122CB72D020FAFFE73D127A3C2B150D380AAE39247067C","2026-09-22 11:48:38"
"src\compression\zlib_runtime_loader.cpp","53","36DF50A1766B6B1E9AF33B62F857C19345E1607A1E16458810BF6D7970DD3D69","2026-09-22 09:44:13"
"src\config\IDEConfig.cpp","38","A807EB635D5F1A487B7DCD325D68E827684E824A90F563DA08AABD415B1F08F7","2026-09-22 09:44:13"
"src\config\IDEConfig.h","32","974F32E25ECD6FADB48580D2B7E01C8A344F28F46B79516C63D40031D07AEC3B","2026-09-22 06:10:41"
"src\context\context_mention_parser.cpp","52","ED53FB07829A90A93AEA980260901870A75869A47E7FD0B7D1E300D5684C1424","2026-09-22 09:44:13"
"src\context\semantic_index.cpp","44","13193954832D19402D452B7CECA5B3ABB51C9870BEA73DC0D089859566FCB56B","2026-09-22 09:44:13"
"src\controlplane\ControlPlaneUI.hpp","61","D1C44A0262CE4A02AB06567E157F5EB0DD56BD38E82AC8281B3DE1EE60190EE4","2026-09-22 06:10:41"
"src\core\70b_gguf_hotpatch.cpp","896","9B0D21752AC60F93E16AEE38B5D2551E4B8BA6B68120D42DD1E67016429AAA32","2026-09-22 06:10:41"
"src\core\70b_gguf_hotpatch.h","220","3E11168E1790E38C2464BB9A6C6DF779EF6506FED5D890C2554FC7FCCF2BA376","2026-09-22 06:10:41"
"src\core\accelerator_router.cpp","71160","96DD41185504727CE73E3245FC33A28273278869339B2E6D7166A74466B8B89C","2026-09-22 06:10:41"
"src\core\accelerator_router.h","16032","5D262D32AED9A8780BA2F8609EFFC62F4704E969A60F34B4ED26DF12227B2CC3","2026-09-22 06:10:41"
"src\core\adaptive_pipeline_parallel.cpp","64228","D2093D96B314C397C887525C111EB4F688EB58671C17142116F8C3DF884045F0","2026-09-22 06:10:41"
"src\core\adaptive_pipeline_parallel.h","26686","0CB80412587DA334635B8AF6CCE7F46DD6088EC503BD1C6B215B79F9BA3530A9","2026-09-22 06:10:41"
"src\core\address_hotpatcher.cpp","5016","A8B2175C52F6035F3A9EE370B5D3A56523C193EC4EB17134F27E89E16614F396","2026-09-22 06:10:41"
"src\core\address_hotpatcher.hpp","1701","3EF2A6A1A9E25A20B4D1811DE1CB0258E816CBFB91165D0080E876166B57EBDC","2026-09-22 06:10:41"
"src\core\AdvancedFeatures.hpp","11283","035626130107C18E26A32941C4E94196BF7A90D47B4FEC0BBE4F395809DDECF9","2026-09-22 06:10:41"
"src\core\ADVANCED_REFACTORING_ENHANCEMENTS.md","14016","62379E807048BD494DB0BC3399D39A6CD2BCEFCD3E86C460B68BB621391DD74B","2026-09-22 06:10:41"
"src\core\AGENTIC-FIXES-SUCCESS-REPORT.md","6508","67BECAAA840CBD6E77A4F69A2051FEDD577046ACEA44D381E21BBD1DD56DBFAE","2026-09-22 06:10:41"
"src\core\AGENTIC-TEST-RESULTS.md","5660","F374B016AE3F5D9C73FC38C2E55B792253307AB744F8D9259482AED6B23446EB","2026-09-22 06:10:41"
"src\core\AgenticUnified.exe","102263296","3F7B7B65AA845BF71DF7EB6A0C938EF0647C20D124C687768447EACEBFDB2EFF","2026-09-22 06:10:41"
"src\core\agentic_aperture_bridge.asm","14944","7A36504BE45D75E6850291D97FBE0C5E8912086BA14F587BF1C8306E2C3DF8BD","2026-09-22 11:57:24"
"src\core\agentic_aperture_live.asm","14453","A5A536F84D63DA8A670139C9D87A138476A9DC3C46157FBB29E8DBC71A7F8BF9","2026-09-22 11:57:24"
"src\core\agentic_aperture_test.asm","6989","1E6C56124DA107C1083011C9061BC2BB7A95CA3751471BA8EF2E6259A9C10DBC","2026-09-22 11:57:25"
"src\core\agentic_autonomous_config.cpp","10231","180A562C3E8CEDE4716B05987AF5EF0ECDE9FD419E160898EC25A4378885EB36","2026-09-22 06:10:41"
"src\core\agentic_autonomous_orchestrator.cpp","43978","5B7C5FD9BB2AF0F0A2F6ACCA01301AEA7698D3FA78D823B648C689B7CE2B186D","2026-09-22 06:10:41"
"src\core\agentic_config.cpp","41614","E2A33BA1D7353DFDB495DD4397000985D1337E3D2FC164065D9A66DBCC0FD597","2026-09-22 06:10:41"
"src\core\agentic_embedding_singletons_nonmsvc.cpp","2889","CED9CADA581FA972D7B1C4C9EEC06243D0090D2C9939E05B88AEA860BBFDCBB6","2026-09-22 06:10:41"
"src\core\agentic_executor_impl.cpp","6986","55C19D1E5E87756BD800CE3689A716B5C9FBDB57FF07AE9C109CC7028C57DD9D","2026-09-22 06:10:41"
"src\core\agentic_executor_link_stub.cpp","53","169A76DA85A8FD4279C034BBB233F7D6A6871AE797EF44D6D380C0A789EDE31D","2026-09-22 09:44:13"
"src\core\AGENTIC_FRAMEWORK_IMPLEMENTATION_COMPLETE.md","14539","5BE3448446378EA41A8CFF3161D1A1A47697A70850C3D1F1840DAEAB7F3791B4","2026-09-22 06:10:41"
"src\core\AGENTIC_IDE_BUILD_SUCCESS.md","1032","2B16E46B34CAAF3B70600B1052DF2312DF9FD736F57DEFEA01D7B714E20A1B7E","2026-09-22 06:10:41"
"src\core\AGENTIC_LAZY_INIT_COMPLETION_REPORT.md","10316","9A6B0C9423F016BF4BAB32EACEA0145272C785FD1A58D933A382BE91C3E887ED","2026-09-22 06:10:41"
"src\core\AGENTIC_LAZY_INIT_QUICK_REFERENCE.md","7765","11463CC845D3DAB72CF0CA2D7F9D9A50B3AB8DE41F5A95CE58E2EA9B915EFBBB","2026-09-22 06:10:41"
"src\core\agentic_masm_bridge.cpp","7643","7264065A5A4726AFFB9D710A204F3936793B3BE528580791E6E59A394055D92A","2026-09-22 06:10:41"
"src\core\agentic_memory.asm","13628","FB1851041BF38306E6A62EB1B5A332B04788FE977A926A54389F71EA383BF150","2026-09-22 11:57:25"
"src\core\agentic_memory_simple.asm","7297","506DA4D138EBBA45E03EC7A950DC7F8CBB5C757D775EC710CB0272A95A188C5B","2026-09-22 11:57:25"
"src\core\agentic_orchestrator.asm","13510","4C6FE1892EF1BA760893698AD3ACDD668F15203E6E8BD21B4A9D8D81C284DA7E","2026-09-22 11:57:26"
"src\core\agentic_orchestrator.cpp","2017","261DD8664B6A110E52BF1241547DFD69D82740C04F36401DD02986216541E21F","2026-09-22 06:10:41"
"src\core\agentic_orchestrator_bridge.cpp","56626","D62AC6470AF20C731D8CFB6E43E12692EF6A9DE33AC378EB186D5F6ECE583196","2026-09-22 06:10:41"
"src\core\agentic_orchestrator_c_api.cpp","1083","64516DB899C484DBFA37E3608EE441217EC01669BACAE35B3EBAF7D94AC42FCD","2026-09-22 06:10:41"
"src\core\agentic_reasoning_loop.cpp","18864","3AB4CE5ADFD026111BAF3447D784D6EFEAB2B5C878778691B1EF703F466A9208","2026-09-22 06:10:41"
"src\core\agentic_reasoning_loop.h","2047","0B8AAF2494DBD0F76F955A3E91231F530DA4FAC9BC926A0FBFDB06EFB10310C3","2026-09-22 06:10:41"
"src\core\agentic_sovereign_entry.asm","13606","38FF24AD9A8BA613E84201EA58EEAD261985458A965706DAE30B2679A478943B","2026-09-22 11:57:26"
"src\core\agentic_task_graph.cpp","77751","B3B0AB401E4B8FBEB4A25C800FF546245167A3AC7FAC83F00EC4A609F4B7B97E","2026-09-22 06:10:41"
"src\core\agentic_task_graph.hpp","18296","54263B60AE6E3084B0A0C516191A87A1C81E48B8DFB9757F2CFB43B7A2E70D79","2026-09-22 06:10:41"
"src\core\agentic_unified_entry.asm","9671","E026DBD50C92165A4BCAC3BDDC36575D01579AF512986E2581ABA1EB6634EC22","2026-09-22 11:57:26"
"src\core\AgentSubsystem.cpp","26894","3A5A08BA76072AC1DAE5916A35F21E92403F661B42070CA36631A2E4D84882B1","2026-09-22 06:10:41"
"src\core\AgentSubsystem.h","8221","25EE99422CDBF4B26222798CF55C464E1C049DF0C7A02187DF978F1D20B19D19","2026-09-22 06:10:41"
"src\core\agent_completion.h","6904","8EBD08619FE06D579A8D32B1F3B3893FFDC5DD68833EF509B29D4B77E0E31B6A","2026-09-22 06:10:41"
"src\core\agent_guardrails.cpp","2286","7877DF1A3CC332199301BD797B73216B52E83EE067DE8B60C0BEDB380626EA2A","2026-09-22 06:10:41"
"src\core\agent_memory_indexer.cpp","7037","CE2115EF16A42338488339DFF0CF8D31AAFEA3662D708C641CF3C600BB0523CF","2026-09-22 06:10:41"
"src\core\agent_safety_contract.cpp","31028","B7347B90A409A91DE43367661EB81F97DA9B52D8A973E1FC65020B5DB7999E35","2026-09-22 06:10:41"
"src\core\agent_safety_contract.h","15453","938F61B7A5CED13362D92860C31D201330A2616AFFB3F8138E4B5031547BDF46","2026-09-22 06:10:41"
"src\core\agent_state_serializer.cpp","1234","E18EFB20CE5424E989E6DB0F8A08E065A7102D4F2E920177AFA653A45B0F254E","2026-09-22 06:10:41"
"src\core\agent_wal_cli_smoke_test.cpp","385","5A0AE74CC29A05539A1FBD72A68C786625558A6728EBE99EEB582E1993DA92A7","2026-09-22 06:10:41"
"src\core\ai_agent_masm_core_impl.cpp","6134","DE371FC29D2A6CB5060B4426BD4D39D43625D6B32F63C3D288AA0A834D574423","2026-09-22 06:10:41"
"src\core\ai_agent_masm_impl.cpp","103116","772DA0396B2CE493DE5F34B11B85F7222B5BC66A0B88EDEDFB83437179025155","2026-09-22 06:10:41"
"src\core\ai_agent_masm_runtime.cpp","133","019D69E0A2AD627188EAC68AA1568415EB965024C38A31D11E1B041B0AAA4256","2026-09-22 06:10:41"
"src\core\ai_execution_guardrails.cpp","32485","55A974B403DF5D9332D5DDA7E0EAA56FB789369C2A607BF3BE7D5B961645AF8B","2026-09-22 06:10:41"
"src\core\ai_execution_guardrails.hpp","11355","ACC5322DA6AF77F8583ABCFFAC50D6804942EB1CE68B66EB14A88AB5B0B5F6F6","2026-09-22 06:10:41"
"src\core\alert_system.cpp","23073","764D4397CB34CB87EB330123C8CD327627A4A8D31D5DAA8B8487F0834A69562B","2026-09-22 06:10:41"
"src\core\alert_system.hpp","7401","637872D367800AE6D1E7FAB1D8D930ECD993111CF9CB5F18677F170985B254BC","2026-09-22 06:10:41"
"src\core\AmdGpuPowerBackend.cpp","16856","812ECBE851593F4CA3F1AF659866CFF242C492DF8D60A2F2A448B2F25F02B234","2026-09-22 06:10:41"
"src\core\AmdGpuPowerBackend.hpp","1016","D5480ADAE4F09E872986A8E3C19BEB613A2F004356465813F7C13C1560F69506","2026-09-22 06:10:41"
"src\core\amd_gpu_accelerator.cpp","44102","7954391E5CEA90D3392C098E701474C445C7B6CCACD95F1DE27389AA0A9277C1","2026-09-22 06:10:41"
"src\core\amd_gpu_accelerator.h","12864","74A4BC475778950466FA2FE78D2191D400F2A15D4E683D21481D5B193C6341B6","2026-09-22 06:10:41"
"src\core\analyzer_distiller.cpp","11747","B6825BA926B6804ED2D76F7185EA04DCBCB1F62C5CD17FAD2E6AD565D306A1D0","2026-09-22 06:10:41"
"src\core\analyzer_distiller.h","4711","675B07800A2C7AD2D90048F4401F33126561858009B75B460C7CB96C338F93C7","2026-09-22 06:10:41"
"src\core\aperture_cpu_features.cpp","14434","C8FEBBEAE766A7BAC16655CC680B93A29A2C49827822D9588DD69B06446473D7","2026-09-22 06:10:41"
"src\core\aperture_gguf_bridge.cpp","7593","9821B79F2033B88A16F69F9F80A27DB10FEA0A9D01053C5B74828A9E92AC1EEA","2026-09-22 06:10:41"
"src\core\Aperture_GGUF_Test.exe","146432","97DCC5DC9D03AADE6FBAE42847485DBFC625C7A09D1B52C3555C82DA24CC483D","2026-09-22 06:10:41"
"src\core\aperture_kernels.asm","20269","E7FBC7C53DA23CA1B86EC600C2148029DC10A102C2E82C05E3F09C4CB7AF3B96","2026-09-22 11:57:27"
"src\core\aperture_kernel_interface.h","19893","4B971BD038BACB86581AB05BC9829E54C398CD84B975657D17FBE5173C507A85","2026-09-22 06:10:41"
"src\core\aperture_q4_0_avx512.asm","6367","5EDDAE0CC1D9CD148CE179367B0F2F5F65FBB759AA59FF6D756927916F26AEFC","2026-09-22 11:57:27"
"src\core\aperture_q4_0_avx512_clean.asm","4729","31708AC9F780754DB5281DAF06B3EC3A699EC534D173110FBCF26500FE43D131","2026-09-22 11:57:27"
"src\core\aperture_q4_0_avx512_final.asm","4633","F308B12CDDEDFCB33B3AC23642260E97032B73CD866087F1CC86DA1EC170D694","2026-09-22 11:57:28"
"src\core\aperture_q4_0_avx512_fixed.asm","4125","5C201DB6296222B6DA6CCBA186FAD292B96EB55B11C8674D12EF3EC9237DC3DC","2026-09-22 11:57:28"
"src\core\aperture_q4_0_avx512_intrinsics.cpp","10426","55EA820C9ECB4DC41E01B4F02354F40C48A1446BD910DDEC0C219E839432276A","2026-09-22 06:10:41"
"src\core\aperture_q4_0_avx512_simple.asm","5136","C902D5CFFD863763B1C9560B3868F8144F3464BA9B8535A5257F2116E1717187","2026-09-22 11:57:28"
"src\core\aperture_q4_0_avx512_v2.asm","4668","39BB19FA9AF331B55612E9B6D0E36272845133CD89A0541AE0EE27FF37F7C8D3","2026-09-22 11:57:29"
"src\core\aperture_q4_0_avx512_x64.asm","3622","249AFDA239E60EB05FEC79F4A83E7302A660A66E5AF931E77ACA6C57AD47E5F7","2026-09-22 11:57:29"
"src\core\aperture_q4_0_reference.cpp","15167","92F620D930BD82FAD9A5FDED9658344C9FDE33690034A28D245B492785AD170D","2026-09-22 06:10:41"
"src\core\aperture_q4_0_test.cpp","8901","314F0601E2F422D0E3960A9F3DD0A1FB79D47075B6B500ECC5F60464B55EC372","2026-09-22 06:10:41"
"src\core\aperture_q8_0_avx512_intrinsics.cpp","7241","7855DC239DBAE0360C171112684ACD592388B9EFD459BF31389D264D437D1FFF","2026-09-22 06:10:41"
"src\core\aperture_register_map.md","5626","B04BB9B3A40AEEF13142FD0CBBC9F1E7DBA7834EBBC4F367987BF80FB5DE14CB","2026-09-22 06:10:41"
"src\core\aperture_standalone_test.cpp","6306","5CB3D36FB8B5F9CA6BDC38D4435B1FFEEBE6B0AB17237D78BE72774ABD04CB76","2026-09-22 06:10:41"
"src\core\application.cpp","19776","A2B2356DA14136BDF718EDC03A047426C3C07D1EDE7C2DD38EC927B1EC100AB7","2026-09-22 06:10:41"
"src\core\application.h","7185","FBE7DB80A88D5D73B3E7745446383F270597BBDD06BD5CBE3C208FF87572C0A1","2026-09-22 06:10:41"
"src\core\ArenaTelemetry.hpp","9393","B8B7C222031C5D65FB06BD025091AC5DB93240526ECC387097E7D39B76DA5902","2026-09-22 06:10:41"
"src\core\arm64_gpu_accelerator.cpp","41296","95A18743D20BC8E05CCEF7178986FB078A86A3F30D324C3E94DAD537AEB6B21B","2026-09-22 06:10:41"
"src\core\arm64_gpu_accelerator.h","16843","E51FF7B2C1AC2204A97C86DB3FB34BAFDF6227545806D2789B33B9A46D9C9251","2026-09-22 06:10:41"
"src\core\ArtifactScanner.cpp","24901","921348F5AE8528731E643AD2695830153C5E5C1DE169B96EB58AFA5AA66C308F","2026-09-22 06:10:41"
"src\core\ArtifactScanner.h","4070","E11CD9E96125B7024229EC615FB431D5358818D00FF073AB525B4355397F57EF","2026-09-22 06:10:41"
"src\core\asm_link_stubs.cpp","840","D58A722D8E710A0AD347622F034D9816DCAF5018DE686022C175BA36F1B34C59","2026-09-22 06:10:41"
"src\core\asm_stubs.c","3317","58DC74EAEACB564F340231FE9F527DC49E4FA16C2F43EE13237A908C84AF0DEF","2026-09-22 06:10:41"
"src\core\asm_symbols_stub.cpp","43","B4FF305BED16BACBA3A333B12C6E23660AC1AE84BFC305FCEFAE3641FDBC4D8F","2026-09-22 09:44:13"
"src\core\ast_graph_engine.cpp","20869","6CE34511B809154EE518D0DCE2DD93A1E422A0C5B8733251D44A20BAFAAF34A4","2026-09-22 06:10:41"
"src\core\ast_graph_engine.h","12712","A5AFF7691E719077CDED398D9B8FABAAD7337F6814DC99326E9E342D2134A48F","2026-09-22 06:10:41"
"src\core\ast_graph_engine.hpp","13285","3ECDCACB2191DE9519E76DC14ACC4FF62228826087494B78FD2EFF1780261F81","2026-09-22 06:10:41"
"src\core\ast_graph_engine_impl.cpp","5470","75FA0E7161F7B062299DB4EC15F864BF57995BA33ADC128C9B0461DD9C35E85A","2026-09-22 06:10:41"
"src\core\async_gpu_batching.h","7775","EC253AF858FCFC4A4888E400036FC5FE22838D89B3577548876381AAE8CA5D13","2026-09-22 06:10:41"
"src\core\autonomous_debugger.cpp","34057","029C35DDCB3D92EE2C9880461503DC52B733600A0A2746F2B5CE2AF5DC9D8501","2026-09-22 06:10:41"
"src\core\autonomous_debugger.hpp","15274","989A5F90FCB667105159C3034430CFAAAB5C898AF117AF591B496063641B9A47","2026-09-22 06:10:41"
"src\core\autonomous_model_manager.cpp","9160","7CBDFCBDDB48D51E16E567FE9B9A7D2119F51B0706E6BE6993B0C68E9A3482C0","2026-09-22 10:07:13"
"src\core\autonomous_model_manager.h","2698","95D5C9BE8CEB3EA4F93B35BBD9748BED9F98FCB8A2309D0B419AB1EB11FBA8E6","2026-09-22 11:23:16"
"src\core\autonomous_synthesizer.cpp","5818","919E5C70F2CF61370458B023A2ADA6BF3542904213DF1429A77F9AC331A641CD","2026-09-22 06:10:41"
"src\core\autonomous_workflow_engine.cpp","33056","3A2370C85C0F0FE5E5FC09619294BEF6A33D95865D02261A0A63FC7C9DD2E91F","2026-09-22 06:10:41"
"src\core\autonomous_workflow_engine.hpp","13817","E72620C615C71C13DAE1ED0711DAF8F1E1D1681FCBD141FD4C4368FEDB674F48","2026-09-22 06:10:41"
"src\core\auto_configurator.h","10342","6BAC8E6F5E6069E413559343FFFE79E6B9E932BC96F9B2F9D7C72D9E7D924C1D","2026-09-22 06:10:41"
"src\core\auto_discovery.cpp","47538","EA10A76A25174F49F9DFC17DDE708F4421B798B41E754F7AAF95DF6E5AB43ED9","2026-09-22 06:10:41"
"src\core\auto_feature_impl.cpp","10936","3D6D80FD417B53BA8DDE79B58BA1056C1E124D013D343ECE1F9C729A2D002A09","2026-09-22 06:10:41"
"src\core\auto_feature_lane_provider.cpp","131","C855C8FBBE2D571ADC6AD2697285D6B2F5A594E02FC86EDD73AF5B90478883CA","2026-09-22 06:10:41"
"src\core\auto_feature_real_impl.cpp","168530","7C4D0D95B992B6C626B19039C5EFDAE63B8AA011F389692F72AB80A7F5FFF1ED","2026-09-22 06:10:41"
"src\core\auto_feature_registry.cpp","381049","FBF62408E19258475001938D01116DFC7B491C15BFE4808225D686938ECF916E","2026-09-22 06:10:41"
"src\core\auto_feature_registry.hpp","21055","A25586471ED038AF447DEA6E2E387667A9D121DEA4C0135DB917DABB790F7CA0","2026-09-22 06:10:41"
"src\core\auto_feature_registry_guards.hpp","617","E5B3F74F34159D4AE3EC2F254D6D00F76402F4D87711663A04D2D7674E7C5B1A","2026-09-22 06:10:41"
"src\core\auto_feature_stub_impl.cpp","49","DC80F1714E90C4975053B1E8E74384C0304541FA0D33424EA12CADF3DDDDF16C","2026-09-22 09:44:13"
"src\core\auto_repair_orchestrator.cpp","36976","78B9921A65FD5B24F9170C7B80325670E4FE95CF83F4E861CA331616A0DCC8F7","2026-09-22 06:10:41"
"src\core\auto_repair_orchestrator.hpp","13377","761DB0129E9B327C2B27E270D431B0CB0F79475C225F61777F0A343FAB70B498","2026-09-22 06:10:41"
"src\core\auto_update_system.cpp","15063","442EBBAC7BF5852EFAF6E5BB03EE306EF25EF7DF82260F734B01FE29C121A9EA","2026-09-22 06:10:41"
"src\core\backend_equivalence_test.cpp","11741","D4B45B38EDA759A6D3FB9EDBB947A74BF0B51F8891D42AA86ADB871036CFE2EC","2026-09-22 06:10:41"
"src\core\backup_manager.cpp","19836","4842E4B899FAFE822E7862F447626DA4D660A83E20B5A423F5331529A8A69FE5","2026-09-22 06:10:41"
"src\core\backup_manager.hpp","6151","18914AFEADBCB1EC5E2ED227DDC528EAB86A0FD6235F4473CD74448FBA570CDB","2026-09-22 06:10:41"
"src\core\batch_splitter_test.cpp","15092","A9D8E8E946CDCD7CC4EFBAE67DD42F50201E54FD92AADBFD02488C5CCE5C384E","2026-09-22 06:10:41"
"src\core\beacon_bootstrap.cpp","18946","07D01CDCC9635B22F9C093029E8E9C2556249A550B00E3550A058871B90A6CB0","2026-09-22 06:10:41"
"src\core\beacon_link_impl.cpp","8238","96510438B22494B325C401C684E66787F35E8A1C613C42D88A0D0347AB71715C","2026-09-22 06:10:41"
"src\core\beacon_link_stub.cpp","43","D12D63B2CBB822E89798A34B92B83C5D6955D0C1822281EF19A7C47D8F528048","2026-09-22 09:44:13"
"src\core\benchmark_avx512_intrinsics.cpp","6331","6B21570E8C7D055C6BC8C805621FCBECCEB84211905971446C0D144354898320","2026-09-22 06:10:41"
"src\core\BinaryStream.hpp","4623","BFD269CF28966C48A6C974C1766FC80ED1AA9EC935E07C88EE9EB2F5A89BBC90","2026-09-22 06:10:41"
"src\core\boot_resumer.cpp","1175","1617DC0AC3140576E32138EA796C1D116B1D6FE907C936C1C2AE2CE1B4374536","2026-09-22 06:10:41"
"src\core\BounceTPS.cpp","9982","206A7B26A77B0333E1D528D83344B05FC896AB4B0FDD0438E26D1625E53B3A25","2026-09-22 06:10:41"
"src\core\BUILD.md","4542","F41D2B5A6D87D22E486A2BC07EEFF06DB59EBE220562CD4E51C6D05D91670137","2026-09-22 06:10:41"
"src\core\build_agentic.bat","1671","BA5A204E506D0972FE0AEEC83EDDCC7090E3999641F0F0BEA0B227A80F215D7C","2026-09-22 06:10:41"
"src\core\build_complete.bat","2468","8CBCB217A7A7BF9045F73FDD66B9CBD07A117C95159C546F7CE18D728D9E487C","2026-09-22 06:10:41"
"src\core\build_core.bat","3276","4B94F9160CA65A8E569DF12C569FE892BD7BBF747E2733DEE0AE1549CD658F9A","2026-09-22 06:10:41"
"src\core\build_hardened_test.bat","1153","BAE1D9903005BD57A49947CEEAAE28D9E0E6175B69D77A17DD0F4DC07F601697","2026-09-22 06:10:41"
"src\core\build_mega.bat","2869","26EB0C103528F6672B4FCDA20AB74582067C7B1BFC7A29AEA0DED97D65DD9547","2026-09-22 06:10:41"
"src\core\build_stabilizer.hpp","2581","49729818442B41079CC5FC1BCD11BD5AACAD529491DFC9199940533EA6C13696","2026-09-22 06:10:41"
"src\core\build_unified_with_tools.bat","1599","4E358317F7E5E49D76F359ACF11A1D532DBF7121B233938EFC39D15F7FA92E6A","2026-09-22 06:10:41"
"src\core\byte_level_hotpatcher.cpp","16390","CA7810F466623D78DF094DD10146AEE62E6BF2BE89BA6FCDA78A881825E46DAF","2026-09-22 06:10:41"
"src\core\byte_level_hotpatcher.hpp","14399","E7595B07EA0DE3864FA911E594E8B0FC442B5545A60D99E3FDB32AF4BBEE7761","2026-09-22 06:10:41"
"src\core\camellia256_bridge.cpp","26786","F4590C91E5B8AC999CB3E587AADB692B857D10D79EFCC5DE9282DBA8CBECAF1B","2026-09-22 06:10:41"
"src\core\camellia256_bridge.hpp","9412","4B8BC7B076E1F1716D4D53344374241835A13890AC5794431593D1C67FC00EEB","2026-09-22 06:10:41"
"src\core\cerebras_wse_accelerator.cpp","58548","D66805AEBC5388B25E192BC5D4F84D1F5835AF6BCEA7DFD2FD3619E8DBA992A1","2026-09-22 06:10:41"
"src\core\cerebras_wse_accelerator.h","16629","4DA71F4B46A0A563D3ED3389298BCFB49E4D9515E0F76068C1DA9500A1C0C366","2026-09-22 06:10:41"
"src\core\chain_of_thought_engine.cpp","18872","A80E8C4417C57AE01FF5C840FA2B297D73D7537FD15357564E2CEA2C66D11410","2026-09-22 06:10:41"
"src\core\ChaosTest.asm","5351","9E13BA2B759FAC4FBAC0F0107FAA3C00854AD5DD245254FDD2A34777DE7F2E89","2026-09-22 11:57:15"
"src\core\ChaosTestCRT.asm","5361","17D64F865F25BB51337319B6DFA47F699B4E69DFC436F94F26038729C75DA700","2026-09-22 11:57:15"
"src\core\ChaosUltimate.asm","17419","AFAA6BAD9FED12913C9CF4EE9E3DA1A96F8A3B31DDEBB828B4F800702C9197B4","2026-09-22 11:57:15"
"src\core\ChaosUltimateCRT.asm","11754","4709E1A658CB03FE02BDA0D73A3AD6F3EA3B1400B4070E73618374A1C171E6A1","2026-09-22 11:57:16"
"src\core\checkpoint_manager.cpp","21117","9826F9AC2C8DB6340FBF6553B3FAE208E01497BF4A111CEA24BF6A7519FE2C06","2026-09-22 06:10:41"
"src\core\checkpoint_manager.hpp","108","E59F62D7D0EC46BEE1163E31DCF31DDAB338AAE4999A703FB430B729923EECA1","2026-09-22 06:10:41"
"src\core\checkpoint_replay.cpp","1883","1CE4E4265C911E4124B3531527F63E8664F2D2A57BEC64393B86BD6C39B564D2","2026-09-22 06:10:41"
"src\core\circular_beacon_system.cpp","22344","9124601BCC28E44D9C67AAD8E07AFC0E17E2F740AC0E6D638333152BBBE6FCE4","2026-09-22 06:10:41"
"src\core\cli_autonomy_loop_stub.cpp","1601","9C66E649F7DDE3CC544C2AD9070FBAE9B98C8C9494CAC797BFD10F864AB85D46","2026-09-22 06:10:41"
"src\core\CLI_CONTRACT_v1.0.md","231","C5414B1D102C9538E378540AF91F490D7067485535C4E5568D7E74B3739B9039","2026-09-22 06:10:41"
"src\core\cli_state.h","1927","D37059668BC1E69264D7F837D6C8B75A6EA5ACD25EA6D84B5A65FF134E9E078A","2026-09-22 06:10:41"
"src\core\CMakeLists.nexus.txt","3504","C8FFD3A5D6E8BF70AC24653E8C6BB80C8D7EC824C73D7E9A4183ACCE2729E431","2026-09-22 06:10:41"
"src\core\CMakeLists.txt","2823","B42C6F8A08D774070E58120CBD0143849A870910D7FD8C4E63A3E4182F47EC3E","2026-09-22 06:10:41"
"src\core\CMakeLists_native_ide_tools.txt","5259","78E3BE97CF7CCC3ECFA467B4239C8DD7C09D8AEB61FD97F4FE681FDC275AB382","2026-09-22 06:10:41"
"src\core\codebase_index.cpp","15506","1615DC0F673D8A71D7A9556A415E2939A2F03D106C2C9876E875A5CE47A59AC8","2026-09-22 06:10:41"
"src\core\codebase_indexer.cpp","17019","CE9B9ACA781F64B54D4027131834549DB9BCE80856B4E44CD957854FC564B376","2026-09-22 06:10:41"
"src\core\code_linter.cpp","73311","A8CE1531FFD1BB41F4E3DA018A0F55D63C0CA4202A8E57655AC8AFDA94592EE5","2026-09-22 06:10:41"
"src\core\code_linter.hpp","5942","A9F610DAB8D2A8176A8A3840A881D4C63C04E23B83BB7225E358D7F33C88C07D","2026-09-22 06:10:41"
"src\core\collab_stubs.cpp","39","F1ABA2FFB0037DF897CA2DB0815356DA0918DF930512C951480DE46ED94A4467","2026-09-22 09:44:13"
"src\core\CommandQueue.cpp","6738","C994C7E54D51A83C96296A51B55AB6CCE8FD469FD1B8FA70F8D33DC8C115387E","2026-09-22 06:10:41"
"src\core\CommandQueue.hpp","3471","100695FC15F848457982A19671F8A780D1BFF8621DF06EB8CF3021EA42E5C2A3","2026-09-22 06:10:41"
"src\core\CommandRouter.cpp","4537","BC1243F5C4D5705F99FD625189E30BBC59B03BE83DC4F857F7C9054AEBFC84E1","2026-09-22 06:10:41"
"src\core\CommandRouter.hpp","3310","71BBCD8904ECB78DB08CF45DFA3AF45B691CD435933B851B3F2E759C943B3BF3","2026-09-22 06:10:41"
"src\core\command_dispatcher.cpp","930","8CE4CAE891AF1169B751E187D8299964383C33F722B394B2096756BCB91AC94E","2026-09-22 06:10:41"
"src\core\command_handlers_asm.cpp","912","2BE4CE5FE83728E9EEA0D43F82E226245E89AFA2FAD8F90CCA062AB76652644A","2026-09-22 06:10:41"
"src\core\command_handlers_comprehensive.cpp","54663","48586384ABE168B57DD014CC9FE3E63676E2076D5DC6EACB8457641978B48BAC","2026-09-22 06:10:41"
"src\core\command_handlers_hybrid.cpp","1557","C3C49F25A9ECDF91AFDEA60493AF77EA73474F2F7A9D29348B7C70F0EA5E2DFA","2026-09-22 06:10:41"
"src\core\command_handlers_lsp.cpp","780","87CA306929663A0435DAD7D8B92B2A8018BA18A111155B28F98C43A137027911","2026-09-22 06:10:41"
"src\core\command_handlers_stubs.cpp.disabled","14420","8B5397F8E78898E92AEBBA9B0015AB8D5413045A2EC56FD9018B14C170B06CE8","2026-09-22 06:10:41"
"src\core\command_id_validator.cpp","10544","14AFF7CD07501AFCFFEB3EDA49B0181BE22F78B7547BCE2263E97456154094F4","2026-09-22 06:10:41"
"src\core\command_ranges.hpp","7263","19C89161DF9A8FF024155A189735AA68FB849874772CD36497248C16BF31BB74","2026-09-22 06:10:41"
"src\core\command_registry.cpp","13437","AEE5DA238BAC4DD589E06198781B6DA8A1DBEA790ED35D64AE3A984DA2734BD4","2026-09-22 06:10:41"
"src\core\command_registry.h","6126","DEE33D5F8AD377AE9F0C0BA6AAB5715E743265EDB97E8187492A082CEB6AE53F","2026-09-22 06:10:41"
"src\core\command_registry.hpp","115827","EBDE6B186AE5886119F8E1F986F9402324F684DB1B8DDFF683C26B06F0FCA24C","2026-09-22 06:10:41"
"src\core\command_table.inc","76127","FB6D39BFFD60A0F1A4BE36F0CA61E64CF54A44876EE07F9A501CD15877FE6063","2026-09-22 06:10:41"
"src\core\compression_factory_stub.cpp","574","04C3741FA07BAB97B6095B36CB3E68E60EE1E778AA3575996806B4B782E8E884","2026-09-22 11:23:16"
"src\core\confidence_gate.cpp","27833","05510CBBC34F599C7E0B8373F60C079AFF82654AE5C54279A928B155E659FA9D","2026-09-22 06:10:41"
"src\core\confidence_gate.h","13685","A4A79733A0A840776393CA313A56C3A60BE72C3127714BEEC0D986F20AFE766F","2026-09-22 06:10:41"
"src\core\Config.h","8100","AD96F4056FFEB2CE8AFB2571506438A81E8BB5B656F60D959A7AF896D8F490E5","2026-09-22 06:10:41"
"src\core\ConfigurationValidator.cpp","3772","FE4C08F18C97E42A8AA59CBEFA72BDADACCA157ECDF2412D4B25882ECC92A7CE","2026-09-22 06:10:41"
"src\core\ConfigurationValidator.h","1603","799FAA31A5BD86C6094D1570DE315A0259CAA98F29D864F91A5CF64A3FC14705","2026-09-22 06:10:41"
"src\core\config_manager.cpp","25808","A543052644077F41D065FA14C85E399C9EC94D015A94DDEDB39C2401F0160994","2026-09-22 06:10:41"
"src\core\config_manager.hpp","7949","F3AD17A85C908F7B978324CC2BC0BFD36B85E622A1564E79D43C2750163065E8","2026-09-22 06:10:41"
"src\core\ContextFusionEngine.cpp","18721","9FED765043445A3DF3026480466EA0CCDE1A545B0A0B173A388F51F077741D28","2026-09-22 06:10:41"
"src\core\ContextFusionEngine.h","10201","C78EDC92DB25F969DEEF9FE6D6B3FA442C119492EFA8FCBBEBB77E6D88ED6590","2026-09-22 06:10:41"
"src\core\ContextFusionWiring.cpp","8432","6619B006239EF4C430712F3AC9587972D8BAD7E44F62EE6C2A5B4F0591DC91BF","2026-09-22 06:10:41"
"src\core\ContextFusionWiring.h","1564","A2A39C27D94D318EB3A5561546E946F3B7C142214D9A51538D415DA312727EC7","2026-09-22 06:10:41"
"src\core\context_config.cpp","14803","8902B693FDEF1B316C9FED5CBD7AA6B08514B13BCE36B8B47E550B9657F3B5F9","2026-09-22 06:10:41"
"src\core\context_deterioration_hotpatch.cpp","17123","C0D77D5949A973B430EC7755DCEF4A5CC1FC840D332885CA012EC2E41D099D6E","2026-09-22 06:10:41"
"src\core\context_deterioration_hotpatch.hpp","7039","14D50555D511DFD4844F117E994F7804AD54EAE7ED28F8E460FF6338D1FB9B1D","2026-09-22 06:10:41"
"src\core\continuous_batch_scheduler.cpp","10094","88D48CD6F7BB11290886CB47E21B3252A411A9C35DF28B2974304DCD53B75499","2026-09-22 06:10:41"
"src\core\continuous_batch_scheduler.h","7160","F974A6BF88DD418F843DCB15AA71827735273456A66CBB4B7EE3908EE0FF2A29","2026-09-22 06:10:41"
"src\core\convergence_controller.cpp","20318","CFA3829D6C67AF30311C688202C6ABA7AD940897BD6A3C7D187E66286DD7E620","2026-09-22 06:10:41"
"src\core\convergence_controller.h","13086","75534D7B33D1462703E71629392BF4332F1C052FFBB92A921C1212A68A430DA3","2026-09-22 06:10:41"
"src\core\convergence_stress_harness.cpp","41839","72253EC855AC3DDC9AF9E5A62555283F19623516D12B43EBAB1D47883DDAFABF","2026-09-22 06:10:41"
"src\core\core_init.cpp","8841","797701AD741AE7A28FF4A03251CD72CC9FB1837D9F2E71353D4D95C2B2E7C856","2026-09-22 06:10:41"
"src\core\cot_fallback_system.cpp","21563","4EDC61442D9EA405BC3F6EEC340ECB762C28D8D8C526B9D79C339931D7C5AE9B","2026-09-22 06:10:41"
"src\core\cot_fallback_system.hpp","10734","6B6F5555E59CE8313828B24C41E9ED2B86494517F111DA29AC04D21994641152","2026-09-22 06:10:41"
"src\core\cot_resilience_system.cpp","185","CDC1BF235DEEBEF235D1A0A66912483DFCD622C4A11F9A8AC662C5E9147EA6E8","2026-09-22 06:10:41"
"src\core\cot_system_production.cpp","4633","FC5B0E9ED0AE67FDBCEF7CF4F74776E2D1975ED6BB8035DD027B3E8F2A69BA79","2026-09-22 06:10:41"
"src\core\crash_containment.cpp","20386","2BE7BF078BA17080E06C950B0B656D13A180059B4DC52A33D506A05AA05FDF3D","2026-09-22 06:10:41"
"src\core\cross_run_tensor_cache.cpp","21278","2704F9D1A4A61A13661E72B0FD4DF1A4FF881959171A1576DEFB9AE5935CDEC3","2026-09-22 06:10:41"
"src\core\cross_run_tensor_cache.h","11801","179EE0CEFF37F52A3BFCEBBA307865EF4DFC245DC126984449E8ECDEE6D59BD4","2026-09-22 06:10:41"
"src\core\crypto_loader.cpp","99","68119E3259C1383293A55CD87F60F2FF950AA3AA4F9AE2C340C87B47016BC557","2026-09-22 06:10:41"
"src\core\crypto_loader.h","3172","D7F7507BD94AA8B95F5AD467D90E71767ABE6F1C3DB44458BD86EBF25554A317","2026-09-22 06:10:41"
"src\core\crypto_stubs.cpp","881","9BCA9ED8DF4201CD2DA7904F71363AF08C30DCDDD2B64F37F19208581834064F","2026-09-22 06:10:41"
"src\core\cursor_github_parity_bridge.cpp","2954","4A36649370AD33AF8F5499EDC5BD4918FCFB7ECC350A355D4170C17DCD6D4DFF","2026-09-22 06:10:41"
"src\core\CustomSyntaxEditor.cpp","31335","E2624E388A2818C885FC7D990562ED5A996BEECCD5FC9E16E95E65D908955190","2026-09-22 06:10:41"
"src\core\CustomSyntaxEditor.h","6499","E03F554C07B94FA23BAAFAD2499E45689E0539CB0C9986721D547070629C504E","2026-09-22 06:10:41"
"src\core\debug_adapter.hpp","16014","2E47A60A94012B330533475A7679CD23EC1A843B4D6EA72EB5877D3E9E40E4FD","2026-09-22 06:10:41"
"src\core\debug_hotpatcher.hpp","4304","0B391772903CA208784200A55297DDEC6C6ECFB10EB8D8F7AE6EF64A4E699D11","2026-09-22 06:10:41"
"src\core\deterministic_replay.cpp","28529","A5826CFEDF67365F48A1C2F21A1C2F94505A2F6F686E1BEA098315FBECA3C433","2026-09-22 06:10:41"
"src\core\deterministic_replay.h","14926","FD078CA686650E711C13DBECE482B54F27ABBA3D848243669F5EC72610ABF5A2","2026-09-22 06:10:41"
"src\core\deterministic_scheduler.cpp","15754","3D1AC454D1F051B7D78BC39F57090E5861BD925BF846AECC93CEBB1BACDB9C3E","2026-09-22 06:10:41"
"src\core\deterministic_scheduler.hpp","8525","C00792EBFD73D2A658B368605B5457CA0846323F28481EAA3BC26C8508A18FC5","2026-09-22 06:10:41"
"src\core\deterministic_swarm.cpp","13404","535FEA6B3A864CEC051B09050E5647DD2FEE22A3501E4600666DB4D0EC4BD646","2026-09-22 06:10:41"
"src\core\deterministic_swarm.hpp","10666","391E9F6EE3753A4C5EF5EDA7D6A340E5B4D24220D3C6A9BB1D73E96DA8C584A6","2026-09-22 06:10:41"
"src\core\diff_engine.cpp","13328","A61E42DCB382CD78420DD401234D95761EEC6F040BBE336AC7A6899D684FAFF8","2026-09-22 06:10:41"
"src\core\diff_engine.h","9217","00EA37F8C064D2069B5952919EB6A4A1570671CA924DFEB0C43CFD20D5A1F16C","2026-09-22 06:10:41"
"src\core\Direct2D_HeatmapRenderer.cpp","5203","C11D7C79BE768B4941851190E0ADEB054BD9E66FFD0B76970406FF69DAEA3257","2026-09-22 06:10:41"
"src\core\Direct2D_HeatmapRenderer.hpp","2936","26C150117868DB5DB92FE06B63B9CB40811949F38DEF3E1E53E607D0118872FC","2026-09-22 06:10:41"
"src\core\directml_compute.cpp","144028","B33FDBC3D98EB7CCC16F4CF110F0388C9A65BB1EB842A429FE0083BBBF6A0451","2026-09-22 06:10:41"
"src\core\directml_compute.h","19461","5B12792174F696036F83B8E1AD7BD609956480C8FF7B2BCF9D2209C26A7AF659","2026-09-22 06:10:41"
"src\core\DiskRecoveryAgent.cpp","27434","AB5341143676EAB832B4331BA1A527D7B80A6484B586233B2EEC91CE184F4114","2026-09-22 06:10:41"
"src\core\DiskRecoveryAgent.h","5634","59F0FC3055CB61088ED6B613B4AFFE1755643DC8CC6341C8FBF07C5A0E48216F","2026-09-22 06:10:41"
"src\core\dispatch_inline.h","677","029F8E561179159FAC0F1F990D0D7115922D690ECFF74942C0EA63431F819842","2026-09-22 06:10:41"
"src\core\DistributedInference.cpp","24964","A94E1B939E6F01A855856BBFC536419710D0EBD3B66D626BCCAA5129FE334F7C","2026-09-22 06:10:41"
"src\core\DistributedInference.h","9697","232229EA3EA1454249BDC4EE1C4C5D6097CE2F685C81D1220553C83D28ADE3E5","2026-09-22 06:10:41"
"src\core\distributed_pipeline_orchestrator.cpp","29895","2D825BAD9A50493244243010E5767EA8D22D439ABD0A534F2F63CF4493F00405","2026-09-22 06:10:41"
"src\core\distributed_pipeline_orchestrator.hpp","16516","04071DA85DBB13EF2591467350AE5F6009E0E8A64A9EA9E8544A61593A5C7325","2026-09-22 06:10:41"
"src\core\distributed_state_sync.cpp","16479","65DBD4EA213A1C7CB4602BCD1F4DA876F3786646F9F80C7B66EEFFE6A35D4D17","2026-09-22 06:10:41"
"src\core\distributed_state_sync.hpp","8956","7DD13E30DEA574EA4396154910A095BBD82C4A2AA6B62C79B6BC8CEDCAC77F7F","2026-09-22 06:10:41"
"src\core\dml_asm_fallback.cpp","7459","02F5D87B90CF4A9863E3B197E196481A60D116F96CF39296C15022757C43EC82","2026-09-22 06:10:41"
"src\core\dml_asm_impl.cpp","7459","02F5D87B90CF4A9863E3B197E196481A60D116F96CF39296C15022757C43EC82","2026-09-22 06:10:41"
"src\core\dml_asm_runtime.cpp","163","0B48C53B1769EE1A13310309724F278DEB9D33030633F8E895C3C8844D4A285C","2026-09-22 06:10:41"
"src\core\dml_streaming_integration.cpp","20329","0D494B3EC8784A813556DF696DCFA980BC53657DC98F7196BBC1D2DA39087C97","2026-09-22 06:10:41"
"src\core\dml_streaming_integration.h","6305","A7F82373B9EBD2C47653F83CADBADD8AA355C8D2F7996205862BCA86FDD852A6","2026-09-22 06:10:41"
"src\core\draft_distillation_trainer.hpp","22830","6882B1F0894C572B3EB73E6A0BCE48002976E1C684A3775CEE2046CF7DAB0322","2026-09-22 06:10:41"
"src\core\driver_enclave_manager.cpp","1996","F284E83A901704BC77CC800471A748FC27A923528D7428384CF79757CE90CC57","2026-09-22 06:10:41"
"src\core\dual_agent_session.hpp","9706","9F5EB4B804290535F28D19DC9FC543C0000729A6C30C434740E850074FB7B4D3","2026-09-22 06:10:41"
"src\core\dual_engine_system.cpp","36498","5B80218C6B621BBE0C12BE5E41C244912685B6247F7DE82F4ACF0DF6FBC0CADD","2026-09-22 06:10:41"
"src\core\dual_engine_system.h","6367","D3AC6D2F988446DB25C6566401AE902AF5314602CF805EBD1AB14D1AA6AFA723","2026-09-22 06:10:41"
"src\core\dual_gpu_inference_integration.cpp","11597","8E3FED907B4E790D5657768BA23F37C12FCF2F363D8E57F1DEC1EAF0FEC6BBA4","2026-09-22 06:10:41"
"src\core\dual_gpu_inference_integration.hpp","2777","24EBDDCAECD60E6C093F02F07459B498144CDE40517D6E6C51611C633E1C41A4","2026-09-22 06:10:41"
"src\core\dual_gpu_load_balancer.cpp","16030","4DF84DBA19C592B78C0525C85910FE8668B44C266D42BAC7C38FD6D850647FE7","2026-09-22 06:10:41"
"src\core\dual_gpu_orchestrator.cpp","26293","47796DDF02D0D8C4216DADC368C8487320736DC413309CE59244F5F03B57672E","2026-09-22 06:10:41"
"src\core\dual_gpu_orchestrator.hpp","4144","B5C2E9DF8A32A022BC6E9268EEFDAFD357C100EDFC5ED5BDE4A08F3386F52B46","2026-09-22 06:10:41"
"src\core\dynamic_prompt_engine.hpp","10196","5F89530314E5809D1D5AB33BC5D61EA68E9C11D40859D076AB82A6F7C1264EB3","2026-09-22 06:10:41"
"src\core\dynamic_prompt_engine_glue.cpp","3276","672B57CCE52A1DA44B5919068AC4FB729AD423726CBA49D1262BC1F4F63F6C8D","2026-09-22 06:10:41"
"src\core\EditorEngineFactory.cpp","16102","C53204A6507421AAF367277728159187DFA2B00DE1793AD275C24A7E21BF3530","2026-09-22 06:10:41"
"src\core\embedding_compute.cpp","12077","E9CF9681B180B098A40B2DFCFCE42B1E4A65663F3E7170F5CA0452FFB07175E8","2026-09-22 06:10:41"
"src\core\embedding_engine.cpp","38823","DE11C66C76E276693824F08A3D29274133FFCAFC04A6482A9EA66A7628FA3A07","2026-09-22 06:10:41"
"src\core\embedding_engine.hpp","12565","B5A90FFB6BC589FDE5BFCF1B5F66D525A9B329AC0A33F1F05D6D79F32026FF7D","2026-09-22 06:10:41"
"src\core\EngineTaskPayload.h","1749","CD2E6EEC5421DBBCF3FD932ADBB42905B4FF44B1D5E57D2356E4269F0B540B32","2026-09-22 06:10:41"
"src\core\engine_registry.cpp","963","01EE02830C75B96670E7793C321572FF2DA2D6074CB36B234D18B81F058CC3D9","2026-09-22 06:10:41"
"src\core\engine_revolver.cpp","1576","9F87C8245B14DF2D70C96A2F9AAF05A5F0D65181AC1138DD620609A62FB96C6E","2026-09-22 06:10:41"
"src\core\enterprise_camellia_nonmsvc.cpp","15849","ACEFF6BED083E1D1D7266B47844DD5AA374300070A546EB922C7D6E90B55B48B","2026-09-22 06:10:41"
"src\core\enterprise_devunlock_bridge.cpp","5592","7A78104193C6A25BFF684453AAA406F631C28B4D9AF3F4571F4A26AE6413D6BF","2026-09-22 06:10:41"
"src\core\enterprise_feature_manager.cpp","33222","FFFEE385CC5C98CFE6841D913ED10F5BBC4C0394E88808CD7E1D3CB2F634EB7F","2026-09-22 06:10:41"
"src\core\enterprise_license.cpp","28858","2F8C98856E80A3B84AC8BC5FF2B6A10BEEC1E8D18779F5354E3D19E7DB2DAF3D","2026-09-22 06:10:41"
"src\core\enterprise_license.h","16609","A7BF093F34D40A2C8643F8873976A8284C31F4E08BEE224FDE03517F32BB59D7","2026-09-22 06:10:41"
"src\core\enterprise_licensev2_impl.cpp","20750","C1CD88073C0D335167091CF83691920A7E0543144529E5B54528D2DB5C841031","2026-09-22 12:12:11"
"src\core\enterprise_license_panel.cpp","13245","891F1F7CE25B2D103C607633112BA386A5FC72A8EF717A13D1A457B1811D4BE5","2026-09-22 06:10:41"
"src\core\enterprise_license_v2.cpp","34446","7663754FFA1BCBF7F25E2BA97028CC7E42F50A8589B1816C454F389FB654FC7C","2026-09-22 06:10:41"
"src\core\enterprise_stress_tests.cpp","32785","2C189F503142EAD1BAB44772EFEC243E8B28F090D85FA1B9983CC552A4169E1D","2026-09-22 06:10:41"
"src\core\enterprise_telemetry_compliance.cpp","34201","130C452A794080DFCE8EF6520E5133A2D2217917BECA57717764979E4557BB1F","2026-09-22 06:10:41"
"src\core\enterprise_telemetry_compliance.hpp","15397","3A0138283958DD88A268C25C62D834EEC04456CEC38D2A38329FE2775941BA4A","2026-09-22 06:10:41"
"src\core\ErrorHandling.h","8152","B361283D5E0AAB5C03C1031193E5E1012093E1021FFAFCB2081E647B18EECCB7","2026-09-22 06:10:41"
"src\core\error_codes.cpp","8018","CF3C691E8E7AE045489419F58BFD79FB46C8343B59F592282DEA3F1CB87C3752","2026-09-22 06:10:41"
"src\core\event_bus.cpp","8131","4922C4D5BCB91F388B604579FAA66CC1A3B9791484FE99E5946D55264D7CFA45","2026-09-22 06:10:41"
"src\core\event_bus.h","7113","4F05E574D5BBB0939D7BB299975FC273A66FF77A8B7E7D30D01B38CE274154F3","2026-09-22 06:10:41"
"src\core\example_usage.cpp","7741","048370432DB36C9E222A7B2D19839FDAF392EC08D11E9D8B6D4371CC24E4D1FC","2026-09-22 06:10:41"
"src\core\ExecutionJournal.cpp","18069","A68C76B57A08E38E1AF51850E47F69620977CEC39B5DB58CAEB999EFADE62965","2026-09-22 06:10:41"
"src\core\ExecutionJournal.h","10819","76E28F618C7C481C91B4760DABD72E48F0ACD1B09BD048B4CAC737413AC7D6F9","2026-09-22 06:10:41"
"src\core\execution_governor.cpp","29224","9B6484A8A0BA38B26AC1C36FBDADED44B8865307E2BA60201D62D13FBFBF658E","2026-09-22 06:10:41"
"src\core\execution_governor.h","13202","18539158585F768B977D478FCE1F56849A7B10C6F498C32B6D00FF855897C658","2026-09-22 06:10:41"
"src\core\execution_scheduler.cpp","35647","A3F318640853F13C3293E841DB0604BEB12E5A5941712BD45EC6D28DCED5F351","2026-09-22 06:10:41"
"src\core\execution_scheduler.h","13691","5ED22C11920F1E9C5765363071ECF8500AFC68A6CE85CFDD10E0A1EBB2119CE0","2026-09-22 06:10:41"
"src\core\execution_scheduler_integration.cpp","14202","0C3FE1F419D92D57EBAF1407CB08B457383888D337F9B956660EA1C7E5BC7C59","2026-09-22 06:10:41"
"src\core\execution_scheduler_integration.hpp","5630","A91961B59F6B6F728304EBBFBB81F282C08F74485E1035CFEDD165803C0575C7","2026-09-22 06:10:41"
"src\core\extension_host_production.cpp","1859","EA14D43D63A4B2FE1505DB1858944C72519DC5BFF0192E4CBE7303812F838AE5","2026-09-22 06:10:41"
"src\core\extension_polyfill_engine.cpp","67551","7F51706AB0F723A55A40DFAA699326480F9638F2658DF5A636026D6CCB088543","2026-09-22 06:10:41"
"src\core\FailureModeFirewall.cpp","12188","2C2A973E74EFF49485B54474B8F6B5FC8E22B2C20141DBB45DA3942A9EF6765B","2026-09-22 06:10:41"
"src\core\FaultManager.cpp","17711","23E1EEF7797517E7F078F39CE3E4B80983A2D4B6609F76B802B8DEC7AAEE8DBD","2026-09-22 06:10:41"
"src\core\FaultManager.hpp","6571","81DBEE1BF997F0E63E57407179ED87C1A4AF980239185557220C360DFA651E68","2026-09-22 06:10:41"
"src\core\feature-flags.js","2856","527D3BBEA9C80BE25556F2508D18E9A08CAA6A93E8C1E64D7EEC920A0A559763","2026-09-22 06:10:41"
"src\core\feature_handlers.cpp","152277","7BA87FB125282CAE5D444E98216CD9F7FD10D548773F3F974A7CEAF569175842","2026-09-22 06:10:41"
"src\core\feature_handlers.h","27559","6F9D2DF5175B05118E69F0DEF0DCDC07B9430928F50B9E11A6ABD915961ECADD","2026-09-22 06:10:41"
"src\core\feature_handlers_model_load.cpp","1922","9D0E6ECC524EA177EB1F384A24DDF84C30D4481B336BB454724EC4CEF4D9CB42","2026-09-22 06:10:41"
"src\core\feature_reconciliation.cpp","11533","C5231650DA26A5BBC1A90FDA4F9F3C90CEB785D20DC54E5E150F3A07CCAF0AFB","2026-09-22 06:10:41"
"src\core\feature_registration.cpp","2414","90AA7FD5396B88AD50D8C186E02E338D2B5E4692DDEA08EEFF3436427D48322F","2026-09-22 06:10:41"
"src\core\feature_registry.cpp","19704","A1A6E7DE3183B342E1ED9A1C3D4E787A8F178F793528E5156A0F0CD79DED2E4F","2026-09-22 06:10:41"
"src\core\file_io.cpp","9755","B9610D5B5B7527EBF15943E352DC376E91E3D3C5BCCD62BAEC07AFBEB451DD5E","2026-09-22 06:10:41"
"src\core\file_system.hpp","27792","414CEBB4E8B4FE23C7DFF16A0BABD89BE74A1F3CAC71B76DA5AD3BFF48A1DB88","2026-09-22 06:10:41"
"src\core\file_watcher.cpp","3640","BE3B0AE1660608D23A9F8792BF479DAC1A7707F2B4D2A9D8444BFA20741B16FC","2026-09-22 06:10:41"
"src\core\FinalUltimate.asm","6571","22539D8D6A9247080088ABACC493C0CCA0F5263EE7E69B3A7365C626C8C10A47","2026-09-22 11:57:16"
"src\core\final_gauntlet.cpp","27822","4536C8B37694C523BEE14C3ED2CDC2C446AF9980D70527E22CFFA582C7F2FBDB","2026-09-22 06:10:41"
"src\core\flash_attention.cpp","6629","EE3EB0B8959D62EB7157735D8E79271AC4D7F285E422EB1D66F1643FB56BAE77","2026-09-22 06:10:41"
"src\core\flash_attention.h","7016","DF1B6CBC6B9BD97535FC60A6B414B4104AD37411EFD9C08534D788598C054A5A","2026-09-22 06:10:41"
"src\core\flash_attention_bridge.cpp","6732","8F8B4D827C833FE6BD356F33968230C1E71C5F41D816F842C2A88A74E217AB71","2026-09-22 06:10:41"
"src\core\flash_attention_bridge.h","3631","C1E64C5EC9F3399B5C1CA5674C34BDB8F864F43C8B0E433100FCAB9193D4305D","2026-09-22 06:10:41"
"src\core\fp8_quantization.cpp","22306","C001F759933ED043318B2838140E22FAB6127B5D7F86BAE91C19B682F2B49E61","2026-09-22 06:10:41"
"src\core\fp8_quantization.h","18348","981EBDFC3FB2CE0B3B6929792AF564B98B708FE2977406233C50FBA093E057C8","2026-09-22 06:10:41"
"src\core\FullUltimate.asm","7173","18104D26B68062C7526B65628075B2D049876F0A20B3119E915FA45AF58C51CB","2026-09-22 11:57:16"
"src\core\GGUFQuantizationDetector.cpp","26885","086CEB66E8EA2B6A44759377C2D566434DA60797017963CC0E4798E01CD90A0E","2026-09-22 06:10:41"
"src\core\GGUFQuantizationDetector.h","7788","D0D5791D4EE4808AC115746C41ED5616CF4BE86CA1426E61B78A78A06DD88780","2026-09-22 06:10:41"
"src\core\GGUFShardRouter_tree.hpp","39258","64D09B91D6DC045CB067A64B983546233F86731DBF9987EDF96982554F326E83","2026-09-22 06:10:41"
"src\core\gguf_d3d12_bridge_stub.cpp","2763","D5E0E0DB701A1A3E9A7B92DD9142D3B06A5C0650A50CD7B5AD042496FEDF4A32","2026-09-22 06:10:41"
"src\core\gguf_d3d12_bridge_stub.h","1354","67C9D157AE43FFA8EEDB59D96CA29005BD8188830A679A534BA2FA0D1674C3FE","2026-09-22 06:10:41"
"src\core\gguf_dml_bridge.cpp","82378","0515B10AC8B39F3D907AF4C0A5EA304589C3AD1758E38D115E67AD87ECDE282A","2026-09-22 06:10:41"
"src\core\gguf_dml_bridge.h","16673","95FD5C19AF08E1F3FC6EDB4BE243C871DC5BA10A8546B758D75CB497E8C07CA4","2026-09-22 06:10:41"
"src\core\GGUF_Dump.asm","3079","E6125B267579BF124E69537C8E99FC4245CE3FF488822065D93A39A5D82BF660","2026-09-22 11:57:17"
"src\core\GGUF_DumpCRT.asm","1252","04E1A761B41BB72AB43D72DA7E7ED6D1102BC87873D0CE953EDE564B06A0800D","2026-09-22 11:57:17"
"src\core\GGUF_DumpPure.asm","3463","3E438701DBAF79A4F2E610DD0A84B9EA06140A365954AA12EE4FF0BB6A10179A","2026-09-22 11:57:17"
"src\core\GGUF_DumpPure.exe","10240","5C032127B1D41D387A7EC735F24F407963DB0193890CF92B119286990FB441CD","2026-09-22 06:10:41"
"src\core\GGUF_DumpReal.asm","1438","FACA140465FF13835B7B3A9E243E9E1D2F7CEED20346A330ACEBD17E8A36054D","2026-09-22 11:57:17"
"src\core\GGUF_DumpSafe.asm","1901","CC11C27E0093A095F123B28E9FBA7B9CC46619F0F4E35AE220B7778CFDAE84A6","2026-09-22 11:57:18"
"src\core\GGUF_DumpSilent.asm","1280","E76A877313D86F22EA7D9F1EEC3961F7B0D3B84F14A66C5E390346C25C133B75","2026-09-22 11:57:18"
"src\core\GGUF_DumpSimple.asm","1248","751B2DC852CB7DE79A4C22E34ABE77661927F9C58297AC402C5944966188E08B","2026-09-22 11:57:18"
"src\core\gguf_format.h","7275","3B7D432C47E4F8E44E81CA75F7659142924E1FB6C62D677085DC156FA3046208","2026-09-22 06:10:41"
"src\core\gguf_loader.asm","10741","2833F248F83E476E76BE964602654C30CD7531D44D06E104564C72F3354B95B0","2026-09-22 11:57:29"
"src\core\gguf_loader.h","9339","4C8FD5CC0379E8B28613AA6134C9DBD85E15F56639DA0F6BFB0386AF6D333ED4","2026-09-22 06:10:41"
"src\core\gguf_loader_production.cpp","26819","95022BAB2CF8F9175B702C2EA297CFF895736517A6B6976A55DE45E1E230CB91","2026-09-22 06:10:41"
"src\core\gguf_runner_stub.cpp","1372","4EE39A165B2A9C6EAE7FA4821F4706E3C84000FE6E9D70C29CD9667C2EC0FDE1","2026-09-22 06:10:41"
"src\core\gguf_swarm_plan_builder.cpp","10796","4C6A98091C8A73C421ED043E3402F277F14E996BC2439290E8811B6A53ADDD84","2026-09-22 06:10:41"
"src\core\gguf_swarm_plan_builder.hpp","1382","7421FD72BE0223C3A88DECFE2EE066B9CB5FCC5EB47F7ADD26E73A091B110D7F","2026-09-22 06:10:41"
"src\core\gguf_tensor_parallel_loader.cpp","14898","D1ED6CCA37A6C3E983A3F3AD8BD5CCFF082C975672E87FD3F925F1FC7BA9B2DC","2026-09-22 06:10:41"
"src\core\gguf_tensor_parallel_loader.h","7094","8FEFAF2A02BA08DD4497E7C03F0A724DB92EB56AF593D4EA4AA041A4668A4072","2026-09-22 06:10:41"
"src\core\ghost_pipeline_probe.cpp","542","0C00718C3FF275F7F48B38190E9787CE0861EE0AECAE38C6EEEABEBE8836883E","2026-09-22 06:10:41"
"src\core\GoldenInference.asm","4708","E4C49C0D53524E7A4344404FAB0ABC276F1FEEA2A0D7C861078C1C853A38B8B8","2026-09-22 11:57:19"
"src\core\GoldMaster.asm","7154","DA95C2D2C58469A4635C455A741B53508F2C7A0594474EF19C0DD51B899CDDE3","2026-09-22 11:57:19"
"src\core\GoldMaster.exe","534016","C3C6B677AF3729F813899A0CFAF8AD1BA93D83B2B5F2F0F49B4DD21414E0D847","2026-09-22 06:10:41"
"src\core\gold_asm_closure_impl.cpp","9092","63E3E6C162DEB3A511FD6258D6DC9D24F19CF8B32C69A82EF6A46945BF7F5F4D","2026-09-22 06:10:41"
"src\core\gold_beacon_handlers.cpp","2996","65A4E23FD1714DB5211805350833CA70D9983EDFBB0F4C384792AC469647F821","2026-09-22 06:10:41"
"src\core\gold_enterprise_devunlock_impl.cpp","237","5FC8584332C798665177B01A7EC5135B93FB7CBEC1BAF65B37F0A5385814CA98","2026-09-22 06:10:41"
"src\core\gold_enterprise_devunlock_production.cpp","2169","DAEE17961AED3DB9BFBFC8430F03839AC72EAF0CBDAADF8B81D926D214EB925F","2026-09-22 06:10:41"
"src\core\gold_inference_profiler_minimal.cpp","554","6BD80F0BA7C0011B73AA18B2D37E3A4731053827679480632212B76F74CD3BCA","2026-09-22 06:10:41"
"src\core\gold_link_closure.cpp","44781","A0C7C52942D5607F2E3DBDEA02A8C1283F18803E5985A62BF4E8B04D179B7C9D","2026-09-22 06:10:41"
"src\core\gold_link_closure_v2.cpp","13856","352A70C84AAD3EAFEDB85C6614B659AE38DE206B4144DCBFE65559890A69D325","2026-09-22 06:10:41"
"src\core\gold_patch_symbol_stubs.cpp","50","0712082591D06C80B6E5E404807FF3ECD3634433737A1FC2E335CD859728DEEE","2026-09-22 09:44:13"
"src\core\gold_sentinel_hash_production.cpp","2136","648D1A2FFBD4E455FA61906ACD93DA6683E1369FDA5D6440542FCBE32EF184D2","2026-09-22 06:10:41"
"src\core\governor_throttling.cpp","3979","5A86F1E421E0055ED4702E06A70696E73A349E8C940A644789B6BCC0B4A0FAFF","2026-09-22 06:10:41"
"src\core\governor_throttling.h","1306","AEB17556C8ACF3AAD3231A20AE0AA2EC6F028DB9CA438F0CC425EB60A28A38A0","2026-09-22 06:10:41"
"src\core\GpuDecodeEfficiency.cpp","8317","ED03C94169AFBC95178E77F73CCAC74D948DF10D1B001B441F0142ED29E3306A","2026-09-22 06:10:41"
"src\core\GpuDecodeEfficiency.hpp","2744","EC165273A5344740655B7AFAED90BD68F182D6C8776690934974835E4DAB4C55","2026-09-22 06:10:41"
"src\core\gpu_backend_bridge.cpp","51374","E3CD800BAF60BDE63A6F50EE882FF8DC7D2DFBB01D5FA001F188C5F9E0309834","2026-09-22 06:10:41"
"src\core\gpu_backend_bridge.h","9206","BB17D89E5F000D15AD44924DFF5D9C431DE38B395CB8E2796D17C74FB3A9F6FF","2026-09-22 06:10:41"
"src\core\gpu_kernel_autotuner.cpp","40872","B26C3D60DBB7E335B6DA4E94D22AA216CBE51A38C389C8B0D7DCAD1EBF312033","2026-09-22 06:10:41"
"src\core\gpu_kernel_autotuner.h","11577","AA1B0154FA6A25CAFDFB02E7366C2CBF579CBB650FEE4688CA3363AFE6A2532A","2026-09-22 06:10:41"
"src\core\gpu_warming_engine.cpp","19886","2F36F0312F15071199928B53E5DF37FC4D560CD9A5E404D441283A5F2D22A93B","2026-09-22 06:10:41"
"src\core\gpu_warming_engine.h","7047","6F748EE47D5060F971B2FA238752272D5D6048DBF1E4FDC3519D6D8840825762","2026-09-22 06:10:41"
"src\core\gpu_warmup.cpp","12660","9D5C2BAAC130B37951E5A7BC53E8DB4C4B8D37DC4D452BBE5F7D34B6D9224C70","2026-09-22 06:10:41"
"src\core\gpu_warmup.hpp","4215","3686A00CA3AE645BE5EA84142FE811C8E6F9E09EFB8B70202E1BFF8774B217D7","2026-09-22 06:10:41"
"src\core\HardwareScout.cpp","2756","CCD0DDAE0B1AB01F5967E8E9F17DF55C6701499467B4C5C3E74A3C21F2C88DD1","2026-09-22 06:10:41"
"src\core\HardwareScout.h","977","736516FB7B9C6A81AB6F9BCF672304C6F18268547230345F55605DA6E857A6FA","2026-09-22 06:10:41"
"src\core\hardware_synthesizer.cpp","17191","948B2529A6888DED7E906603A542583BFA396D40827FB13DE9701EA05685458E","2026-09-22 06:10:41"
"src\core\hardware_synthesizer.hpp","9616","CF6C5A80A3D8C445D6F0E9E9DC80E2F9718663BABD21877EA978FC1E303A5B6F","2026-09-22 06:10:41"
"src\core\hash_chain.cpp","43336","3EC0B336324D12B9DCDC4478B9481582A3C2629C1825594D3A5E4F10291C1D86","2026-09-22 06:10:41"
"src\core\hash_chain.hpp","22482","0DECDAE53AF34267E38FB3E9390716E4EA127173016732889F2AFEC1F2BD2CE2","2026-09-22 06:10:41"
"src\core\hash_check.cpp","875","B614B8D196FAE022DA90CBB08909AE10AB6207A81CFEAB2D387B073BEDD7D00D","2026-09-22 06:10:41"
"src\core\hash_check.exe","83806","3397858801BC15A698B81332B4DE37A681EB5D6FCC2DDB33A44A5E2942898709","2026-09-22 06:10:41"
"src\core\hash_kernel.asm","10476","5015D7DC6800E294690CB450F8FDFEB62CD628B199BBFC265F1A7668C0B4BB51","2026-09-22 11:57:30"
"src\core\hash_kernel_simple.asm","5066","DF7B64A27534E3BE3A5ADD6608336CFC78893C1B1257262905FAE891E4FAF3F5","2026-09-22 11:57:30"
"src\core\HeadlessIDEInterface.cpp","17359","F9689B91B7AD08150E65B354F4BA11EE0A8193E5B68BE2252F122E7E6B13652D","2026-09-22 06:10:41"
"src\core\HeadlessIDEInterface.hpp","3725","C76E168BD45774D6F82B9820E14841BE1E0D6C1ADE761714C220D4076C6D19AA","2026-09-22 06:10:41"
"src\core\headless_subsystem_impl.cpp","4223","0CEB82DA5FCEC5D02F86BDCE9D6785EA891AE1D4E6E722C647F14802A1E73DE5","2026-09-22 06:10:41"
"src\core\headless_subsystem_production.cpp","2091","FDD459E42D15B10E5039EDDDB3E295E90EF1D0DEA4937E77D8D7DC42ECA67744","2026-09-22 06:10:41"
"src\core\hermes_bridge.cpp","1900","7DB8DE7B742D56275F8E8832DCB706EA8284259A0A43107AF2E49B857D62DF61","2026-09-22 06:10:41"
"src\core\hexmag_authority.hpp","8180","9D33783A727F0E4F598BF58BB86229A51740F7FE85B43B1E352592ECB9DDFC31","2026-09-22 06:10:41"
"src\core\hexmag_constitution.hpp","6482","3A0C98A890E675E2BAF5B688EB9E65215447CB7975070879520F6CA403260BDB","2026-09-22 06:10:41"
"src\core\hexmag_control_plane.cpp","13939","8A0E32F092069856D99FB619AD4F33D6D680EFDF3D7253E980AE205BD54C9237","2026-09-22 06:10:41"
"src\core\hexmag_control_plane.hpp","2409","B0ADED5F9E54C073AC043AD14D4504967E633EEF85982EF30137BBFE05F73DB5","2026-09-22 06:10:41"
"src\core\hexmag_finalize_policy.hpp","2358","DA2B9DF1458E1097EAE3C90B906CAB3B2BA136F298E568577C8A1C3021A82E23","2026-09-22 06:10:41"
"src\core\hexmag_ide_link_probe.cpp","2003","3125AF7F85B2BA7BF5FBF8880A527DCA11B3C9C4C3B72161C8B8D944FB0DF927","2026-09-22 06:10:41"
"src\core\hexmag_ide_link_probe.hpp","318","75A61B3DF612B5939062B972679091EA4A675DF4A29F42197E250CF445B00BDE","2026-09-22 06:10:41"
"src\core\hexmag_ide_send_path.hpp","2190","19FB604C182F0F2FB9FF791AD7159C5310E8BE6B29798B02C65AC6204917A578","2026-09-22 06:10:41"
"src\core\hexmag_oracle_binder.cpp","14324","16CF722BD9DA76E4306E7BA01053C87089194A71087C4AB53DD4BCAF3368932D","2026-09-22 06:10:41"
"src\core\hexmag_oracle_binder.hpp","5642","170C3AD44BC0C7EF137B6055AC8D0407AE136626AF06AC3A66A7203B29562421","2026-09-22 06:10:41"
"src\core\hexmag_repeat_tuner.hpp","3282","0BCF2A3C0B7C7F6D21FF58F3AE012A2F969CFFC863E6ABF49A2065D55A0800B6","2026-09-22 06:10:41"
"src\core\hexmag_runtime_controller.cpp","16709","8702900AAF3065C438EC7068D532D8BEB71C8EA2B838F4E3F3B5A6B591D48E09","2026-09-22 06:10:41"
"src\core\hexmag_runtime_controller.hpp","7754","7D7A00137F417EFF2A63C91055F4A2456A370C04ABAB7CB395ABCCC05F369FC9","2026-09-22 06:10:41"
"src\core\hexmag_swarm.hpp","5341","DBC0F4159FC484EC1F0EA0A87994B8D282D4A8270B0AA90E3B0AEAE52F6ABEB9","2026-09-22 06:10:41"
"src\core\hmr-controller.js","3807","C4CDBCA77EFDEA5F1B84C3E7E71728D8977E70AA4FBE3B51BBDFCE333BD0D46C","2026-09-22 06:10:41"
"src\core\hotpatch_control_plane.cpp","38415","A637678818925321D609916BAC8EAE93F877343DABF5688E8244A63AAB6575A6","2026-09-22 06:10:41"
"src\core\hotpatch_control_plane.hpp","16720","FA82FE6C6B0D27EA985F4522CDA4F51CC95F0279B172879913BF3F687D5DAF77","2026-09-22 06:10:41"
"src\core\hotpatch_playback.c","58427","6E9C49F1C2675D96A0C837ABCF067210B8BDED5A664509C81DCC8E12B455E686","2026-09-22 06:10:41"
"src\core\hotpatch_playback.h","12254","34A53B63235460D85E06AF5F0D11DCCC7D4E7A1A697819D0EB0C424D2637D9E7","2026-09-22 06:10:41"
"src\core\hotpatch_playback_integration.c","59730","C65F4B79AA2ED6F41B32ADFE080E7633244A8E5EF355B19B7B8E07725834C7E6","2026-09-22 06:10:41"
"src\core\hotpatch_playback_integration.h","15878","0BD94B54256326528184145C392088711622CA9D0E018A6E6BA90B938A8C7B9C","2026-09-22 06:10:41"
"src\core\HOTPATCH_PLAYBACK_README.md","12258","9D84509E57D2CB5BD98FB5DBCD7522919C35DB3606172C836E6BCDBAEBA0DFC6","2026-09-22 06:10:41"
"src\core\hotpatch_playback_test.c","42563","D3362A9B0CDC5F80422B53F5E7DC4B9EC4462779437BFDA62693473E1AAD70DF","2026-09-22 06:10:41"
"src\core\hotpatch_recovery_journal.cpp","25041","0B0F3FC7D15320934AC7F058C1810EFACC8FDAB18AB21A0560F916839F3BDF7A","2026-09-22 06:10:41"
"src\core\hotpatch_recovery_journal.hpp","8676","2EE6D64DBB5A108D33149F73D2B2209C680189FBC73E878E3265FB465B48C4D6","2026-09-22 06:10:41"
"src\core\hotpatch_wiring.cpp","11833","5915D8C2B49ABF15A42ACDFC669B87C192C4112EF6833CE74573AC84A7C66401","2026-09-22 06:10:41"
"src\core\hotpatch_wiring.h","12262","6E8A7BEB90BD3AACA3224AFDD69376F7BC1FA4490C35ACA379ADCBC1F7107133","2026-09-22 06:10:41"
"src\core\hotswap_demo.c","3107","55C887A4234FDD6B350338FFABBE336E7B20FECF4BC09F3ADE150FDAAF27069A","2026-09-22 06:10:41"
"src\core\hwsynth_stubs.cpp","1410","79E555965127DFC721E5F144970A3FC800CAFCA85E2AB0036DE12765B67379FD","2026-09-22 06:10:41"
"src\core\IDECommandRouter.cpp","6240","5B2FA71F851FAC69C4DAC8A08ED01A68A660D2EC7ED0B8B1ABB8BE182B094EFB","2026-09-22 06:10:41"
"src\core\IDECommandRouter.hpp","4394","A5281B5F901D005F8473CB45592BF60CAA43BFA2B65BD0EDDDDF0E63E51D14C9","2026-09-22 06:10:41"
"src\core\IDEEngine.h","14528","BBB8E8167433AEF4641B78EA5797646C2EAB4CD92E69B3DE72E66C72C9A823CD","2026-09-22 06:10:41"
"src\core\IDEEventBus.cpp","4630","E0532150B66CF67E9641B23F11A403014392A6DB0E2B29358DD2288067AB123F","2026-09-22 06:10:41"
"src\core\IDEEventBus.hpp","2982","E6EBE219EA196234DAA63C90FCA312856851BA9EF115EF35C1E11752631C3CDC","2026-09-22 06:10:41"
"src\core\IDEStartupFinal.cpp","4660","592BF29FCD91EB35ACAD2F5EA65A0E4DE72F91EB4E8A911DD482589BCF8695D9","2026-09-22 06:10:41"
"src\core\ide_linker_bridge.cpp","16809","3413E6778C9CABD50F3CE1802177078E2B9ECDF71FC05854A29F6502CC873A7B","2026-09-22 06:10:41"
"src\core\ignite_800b.cpp","632","64C364D26C13E13E37516F880A73A9A15A5A2C7D2D9F6923A0B213C80946EB98","2026-09-22 06:10:41"
"src\core\IIDEInterface.hpp","6078","7144CEBBE9F630F86F35AE6E7CA7DC8B4AF36B6D27B8FF2739577A01E09CB8AC","2026-09-22 06:10:41"
"src\core\InferenceBackend.cpp","11836","12B2543CB6E293DDEF27C7ACEC0FCD438DE6F0D4441D7910E657B632D7933A52","2026-09-22 12:12:11"
"src\core\InferenceBackend.h","5426","A0078825A94DE700521D919AAF9A2D041F69C8381F6691ED055001CE6747DA70","2026-09-22 06:10:41"
"src\core\inference_cancellation.cpp","883","65CCAEF13EC0A43515841795FE77DB102A264DD887C04C03CA9886712B1E13DF","2026-09-22 06:10:41"
"src\core\inference_cancellation.h","10760","429554D95BA740BD7085C52731172B25909B3957AF90184C41C2B3BDA29FA3D0","2026-09-22 06:10:41"
"src\core\inference_gguf_loader.asm","19195","9F6637CED30DFE14B6ADD8D960D1561F5BEC43A6AE78273DEC5F1337786D0CE3","2026-09-22 11:57:30"
"src\core\inference_handlers.cpp","15803","F02447B2BB51C01EEA330D9422F1A5B2045D1CB0802340847B15550C07ABB1B9","2026-09-22 06:10:41"
"src\core\inference_integration.hpp","6184","494283DAE4D46162D0971297091AFD4B38214C7566ACC4B2F63FE324E5F89702","2026-09-22 06:10:41"
"src\core\inference_latency_breakdown.h","4934","630C8AA1793B056CA4FD7CFD8243195D4CF1B763F934B52D7182E03CF5C42143","2026-09-22 06:10:41"
"src\core\inference_link_production.cpp","9187","E6426A6C70F2F4D1538EE1FE6AA08A2014DCF54F626255471CABEA957E0FD857","2026-09-22 06:10:41"
"src\core\inference_log.txt","0","E3B0C44298FC1C149AFBF4C8996FB92427AE41E4649B934CA495991B7852B855","2026-09-22 06:10:41"
"src\core\inference_parity_trace.h","11138","0FC1CAEFF794C2B7DEC41CAF9FA252003246AECA20B8684034035B9EDE459CD6","2026-09-22 06:10:41"
"src\core\inference_pipeline.cpp","27017","768DB13B816A0B37E6135BD6C86DEB9019819323C5DC232A1BA9F16EADDDF972","2026-09-22 06:10:41"
"src\core\inference_pipeline.hpp","12079","95950B94D6F0FD6E70E11B6F6F739BF5E4E4F5D332A9253BD89D27A97F69FBD1","2026-09-22 06:10:41"
"src\core\inference_playback_bridge.c","40153","7807912C51F48C220BBEB4584524FE7E8ADDE574D8E7364C93B1D9A238CCF55B","2026-09-22 06:10:41"
"src\core\inference_playback_bridge.h","19468","D273E363D1698D84FBA666534B003D0C74092C813C8F4BFC9EDDEF2694D2AC0A","2026-09-22 06:10:41"
"src\core\inference_playback_bridge_test.c","27159","29BDB934066243E160F70BDA8444441978C9EB27D46204866D1159D8C01A40F4","2026-09-22 06:10:41"
"src\core\inference_state_machine.cpp","21295","A884F3954DE510FF37CD7113D02F3B6AFF19244F7755230108E4F48DB0CDB67D","2026-09-22 06:10:41"
"src\core\inference_state_machine.hpp","10909","326D1CCE4FBCB629511CF55ABEF9BC5C16E8EE1E18658D0187BA05189DE0D4C2","2026-09-22 06:10:41"
"src\core\inference_witness.cpp","22190","7E622330048677D40B89517DFE4F3A4FB69261C684B62EC42C12C32DA81E3C84","2026-09-22 06:10:41"
"src\core\input_guard_slicer.cpp","31051","3257A9530819E7DD00A65DA7FB8E19BF89DE88F3EC104FDAA6C8147FE2431E1A","2026-09-22 06:10:41"
"src\core\input_guard_slicer.hpp","12011","C7DA3646B09791E49C48324041692848715FDCA367A9DAA22BB401A04A326C4D","2026-09-22 06:10:41"
"src\core\instructions_provider.cpp","21366","FC0FDCB5E447A5224BB3B1B1F6FCD4ADF0DDC522E998EF5C676220F71ADCA4CD","2026-09-22 06:10:41"
"src\core\instructions_provider.hpp","6585","59BE1BD09EA1171472A29016AEB8D438F222C415F03924A9465028A08B7F9972","2026-09-22 06:10:41"
"src\core\integrated_runtime.cpp","1987","F3BF76406E76B5916FC00AF925DF2395C4FA184A0A716E90BD6684BBE48E386D","2026-09-22 06:10:41"
"src\core\integrated_runtime.hpp","570","C7E9070071EB32BE459F8643124532706E1DC12D23D6250077DBA37A6CCD739C","2026-09-22 06:10:41"
"src\core\IntegrationLayer.cpp","3751","1C20603B709794EC19EEB57DEA6ACE4A264AB5CC4B0FECA51F7F8E6593226C3D","2026-09-22 06:10:41"
"src\core\IntegrationLayer.hpp","2174","0937B5597683E4C3DD52964F7ADD95105C4D8414B21276CB7B2E5B4524803965","2026-09-22 06:10:41"
"src\core\intel_gpu_accelerator.cpp","53754","AE0431740504A10D1A148DD6E054366D2FA8169CA43A64C4009EA85F5AEA64ED","2026-09-22 06:10:41"
"src\core\intel_gpu_accelerator.h","15225","D5A3F0212E3A625011DF8D06598AA794535390E33E025CD52862EA99A7FAD347","2026-09-22 06:10:41"
"src\core\intent_engine.cpp","34737","22224C9B4F05956EBFEB484A207E01467F7448E418D647F1C3DF388658FAB772","2026-09-22 06:10:41"
"src\core\intent_engine.hpp","8658","6544CE9D5A58A95F9729FD13FE9B822244DCE0B07D040841BC8B68CC926D00F1","2026-09-22 06:10:41"
"src\core\iterative_tensor_traversal.cpp","38881","DD4927F0206F478770ACEF50430DF74B543627051A38131B1520E7A36B5B8B11","2026-09-22 06:10:41"
"src\core\iterative_tensor_traversal.h","27137","67B9527BB0AFF0E7CDB208B92E8B9F7BF8EFC27F352AA4E61BA5DAD4B991AF39","2026-09-22 06:10:41"
"src\core\jsonrpc_parser.cpp","10935","1B3827F149CC5D43DEC602C6BE26F846A7C6AD87A51B75349F7EBEDC6530283C","2026-09-22 06:10:41"
"src\core\jsonrpc_parser.hpp","6399","0A5B02E23711A0A988E2A36F882AEC4E846C6FE55324471A032B0E7635F6F904","2026-09-22 06:10:41"
"src\core\json_instantiations.cpp","716","2CF427138805D1636E18BB37AB0C835119DB0171A6C53B3D1A7F58480BC15209","2026-09-22 06:10:41"
"src\core\js_extension_host.cpp","135350","E137B82ECF0F840FF6A9A8D498E123C54D62C3625DAE253405F23C028B06C7E1","2026-09-22 06:10:41"
"src\core\js_extension_host.hpp","18777","A8A82546D6287B7612CFD203435A674D46339C2FA9B7DBE6BBF10E33CF8F7493","2026-09-22 06:10:41"
"src\core\js_extension_host_headless_impl.cpp","4795","06732DB32C2EA5ABFE53F69C32A2E0A57F71241B809557EDEA21675DA4ACE18B","2026-09-22 06:10:41"
"src\core\js_extension_host_production.cpp","2139","E7A69A51C2A4AC9E99E1260BAD44511C6BDABAF389AB5720FBDFA0F872A4CE2B","2026-09-22 06:10:41"
"src\core\knowledge_graph_core.cpp","36392","5AA6198AEFB412EAC189EF7D74DCD4E7C802D605645B25E9FFC2CD98A845556B","2026-09-22 06:10:41"
"src\core\knowledge_graph_core.hpp","16858","0C49F8B12E2906DCC4001AC5701D94D8CED4F987F4F71217B7FF50FBB2CFAF17","2026-09-22 06:10:41"
"src\core\kquant_dequantize_q4k.cpp","12371","8C38876760D34BFA37B631ED62A0D50CEA14A57C15F5E7B7A7A354CC312BC2D0","2026-09-22 06:10:41"
"src\core\kquant_nonmsvc.cpp","4632","5746CA36D91AD86FF6D9F29CB7535BDECA985681F02B569711A80CC47295DA66","2026-09-22 06:10:41"
"src\core\kv_cache_arena.asm","16294","5E0DB0185C1BE53C3AE6270CC7CDA5F5AEF5940677A9F31000006974A8A7C274","2026-09-22 11:57:30"
"src\core\kv_cache_arena.cpp","5001","FAA010E30FA882CFAA1D52988156EC23EAEB4B087E425E2F0789CAF1E22C5FE0","2026-09-22 06:10:41"
"src\core\kv_cache_arena.h","9414","05C12C6CA6C8F8AB5E028D51E216989360C38B971840F085D7486C9C2BFE86EF","2026-09-22 06:10:41"
"src\core\kv_cache_calculator.cpp","1604","7D3B7C26FE568D9A988EDF3E63187E683C9A2CEB398EC9D3025378AE690C8EEF","2026-09-22 06:10:41"
"src\core\kv_cache_credit_bridge.cpp","10152","BF46D697E9F2F9F6E3FB55F75922E3D6E8B2FF323D083CF15D4D36CFBDE967C9","2026-09-22 06:10:41"
"src\core\kv_cache_credit_bridge.hpp","4811","7BF8F736EAA00228774C47227085BB5B353F653C801851805DCC21BBA15A0192","2026-09-22 06:10:41"
"src\core\kv_cache_fp8_quantization.cpp","18650","0B3D13ED5914ADF31363AACA1B9DA10B3C68A6F72404D2455C5A2B5ED3D8ECA5","2026-09-22 06:10:41"
"src\core\kv_cache_fp8_quantization.h","8234","7E5341C41791682F6AF4FFD05EF48CDCBAE990866AD810FC3917C793AE915CF9","2026-09-22 06:10:41"
"src\core\kv_cache_prefix_trie.cpp","12951","DCFAA01B2FDE1041672433BC855D4AFEC51820CBA013C06CB25C544918C956E2","2026-09-22 06:10:41"
"src\core\kv_cache_prefix_trie.h","8667","D860D264A6A9648036C23EA3D12D910E38603B972E0855B900D96BB6CFD2B24E","2026-09-22 06:10:41"
"src\core\kv_cache_serialization.cpp","8333","24237C96C621AFC85982D39BDBAF26B34F0342E29DFE97ED357EB7711A49D544","2026-09-22 06:10:41"
"src\core\kv_cache_serialization.h","5512","272FD41874BCA4EAC24D40B4656038336A6BB8022F340977679C16654EDCC3C6","2026-09-22 06:10:41"
"src\core\kv_cache_witness.cpp","12933","2E273D1D0A4F6C7FA7E405138A3DBDECF3EEF4E95B99B349366922A6D17FB33E","2026-09-22 06:10:41"
"src\core\layer_contribution_scorer.cpp","18829","C71123ED598FC8A07113F8E227E7FC4A426D482F61E9BDBD65B602D1BF0E7A73","2026-09-22 06:10:41"
"src\core\layer_contribution_scorer.h","10772","55E9015589800D16825CD834201FFBBCBB76FA5FB19F2860AB3765699A0420ED","2026-09-22 06:10:41"
"src\core\layer_latency_profiler.cpp","17287","29868DDB20067F195EF230DA9BD9279B3F523BDD00C174437EBD962FBE93E115","2026-09-22 06:10:41"
"src\core\layer_latency_profiler.h","10279","1911FD99256D13D39A65C51FDBFA52647E0B7564B9294574C115D3C7FF8A1002","2026-09-22 06:10:41"
"src\core\layer_offload_manager.cpp","50635","4A727F90F27CA5F09622FF5EE69E0E9F90AA65D884D0609D9938F1207A0E9339","2026-09-22 06:10:41"
"src\core\layer_offload_manager.hpp","16058","E4EA8096EA062C31FC9ABA3DFC06F2BA537F240504F2F127EAC3B385C048C9F7","2026-09-22 06:10:41"
"src\core\layer_witness_test.cpp","9383","04A211CDC74271F51C248439CBE28A4038DCDCCBA8AD31091689A1231668204A","2026-09-22 06:10:41"
"src\core\license_anti_tampering.cpp","17985","C3830E1EF66C8BC8A4E9113B3FA00D79CFD4FD275FBB3AD34325DC6FA58F3071","2026-09-22 06:10:41"
"src\core\license_anti_tampering.h","2509","D62FBC5BC2BE84B1BE34D1B13CD89251D068417E7E6DC9751BE92C422C788A8B","2026-09-22 06:10:41"
"src\core\license_audit_tracking_deployment.cpp","9304","356EE0777BE816DDA013DE3EAC2543EA14C73800BEE95C24AAFD8565FA6835F6","2026-09-22 06:10:41"
"src\core\license_audit_trail.cpp","20881","74BB9931CB3A7B13A4D4FBD3EF59ED625F23710D63E3BA19C697A6AF265F0763","2026-09-22 06:10:41"
"src\core\license_helper_utilities.cpp","3206","1F61C087C949DCD4A41B03B9A016F6ED51CEA1244CF1638073E0EA9D15A579B3","2026-09-22 06:10:41"
"src\core\license_manager_panel.cpp","25373","CCFB711CA08B27D8C6A8063725CE62B39B023BD3A488599231575F3A994642A5","2026-09-22 06:10:41"
"src\core\license_offline_sync_config.cpp","9436","8C96EE237A44EE7B8FB1A4B02171AD9DC9894E790F575C57E79E3B0964C0F422","2026-09-22 06:10:41"
"src\core\license_offline_validator.cpp","20239","AC9923202A56181C5760889033B6CA4E7B7D6573445800B273D4E14DD6C89818","2026-09-22 06:10:41"
"src\core\linker_closure_stubs.cpp","10192","F630CB4B14DB8267012674F14E5468FFC10206F76F5B971E6168FBFC898C0534","2026-09-22 06:10:41"
"src\core\link_stubs.cpp","3443","4696E2A416674A4AA945EE1975598D688A315F611F682FBB60ABD2D00BE60ABD","2026-09-22 06:10:41"
"src\core\link_stubs_final.cpp","43","8A737130A8E9CF02D18FA3462EC85A21CF0B712B65A1E8DD869BD9BC1AF23902","2026-09-22 09:44:13"
"src\core\link_stubs_gold.cpp","12109","8CD2F35D7C1D2DEF588EC15154AD731B47AB224F5995EF35FF9A65EC43FB042A","2026-09-22 06:10:41"
"src\core\link_stubs_production.cpp","17135","E0AC019F1B05078095027E5BA90486EC229BB821770A12C7175686CF2C3CBF95","2026-09-22 06:10:41"
"src\core\link_stubs_remaining_classes.cpp","55","1D9F42C81C5DB40C5336EA0458957660BAA19CDA6E6AD1BE49FFDA84D2053683","2026-09-22 09:44:13"
"src\core\link_symbols_impl.cpp","8633","D33A4D32974F8E0D1FE397C8B7DE7048960C51D80F859BF56CEEF7092C97C0A4","2026-09-22 06:10:41"
"src\core\link_tools.bat","377","392B1BE81944BA24DE800D1395F70EA5D639917E1D5A513247B326D810B2E282","2026-09-22 06:10:41"
"src\core\live_binary_patcher.cpp","28081","0380091F710CC42FB3A0C646C90B5C30F2F0A107A3003941DA8C26EA06320F85","2026-09-22 06:10:41"
"src\core\live_binary_patcher.hpp","10743","94AC0BE64604A156AE922FF78B0AC1301C4A638A2D9B78662701004F3E20A46F","2026-09-22 06:10:41"
"src\core\live_hotpatch.c","36094","3898D032B7F2DED7C1A747F492E238F874B8AFF2E025BC06663C4316F5924A80","2026-09-22 06:10:41"
"src\core\live_hotpatch.h","9050","8C0FD7CD68A57CA946E7BCF9EA1D0C69ACCB7815DA9150E74C9BCC87A55D28D3","2026-09-22 06:10:41"
"src\core\llama_decode_internal.cpp","17435","1A89862ED05FA54A944E1E37B6AAE8913DDBC6382FDAA88F9B2DA927DD6EDC3B","2026-09-22 06:10:41"
"src\core\llama_decode_internal.h","8390","593D558F1292A08990CCE1F399CF5F1232BF229A3CE556CA45390285D9141BC8","2026-09-22 06:10:41"
"src\core\local_ai_core.cpp","59503","CFDCD554A76C5D04CBD0C20818FC48C92AB57E8AAFBA67179AE6ECA2ECD27E04","2026-09-22 06:10:41"
"src\core\local_ai_core.hpp","21300","111DA1D2FB503A3EB563FAE91F51113A3E09D4D1BE188551016D2F86E88EBE77","2026-09-22 06:10:41"
"src\core\local_gguf_loader.cpp","19676","1930A08BD7AF4F13820BC2A4C326AD80FB8E4444FBD3463ED62B309732124C9D","2026-09-22 10:07:13"
"src\core\local_gguf_loader.hpp","6372","0DE3AC0AF7FECDB565806794C322A8C21CA11B899AF8D40598AD931583FA8460","2026-09-22 10:07:13"
"src\core\local_parity_bridge.cpp","4326","7066C420843CB7DF6915A3DADBA1269A7FEBB37F401A9584420B8B5A7D452075","2026-09-22 06:10:41"
"src\core\lockfree_spsc_queue.hpp","1789","ADCBEAF092DF6032E7A4CECDBAD5C2EED6FE73D682D7B9196DF300691D7797DD","2026-09-22 06:10:41"
"src\core\lock_hierarchy.cpp","13886","17CAF17DD3F1F88968423274627E716DE33F3340A098A667EAC28BA307D6EDB3","2026-09-22 06:10:41"
"src\core\lock_hierarchy.hpp","8837","4969B6DE950CE1F63B10DCD1A90093EB4F28C804AF147820C45035FC9370DB8A","2026-09-22 06:10:41"
"src\core\Logger.h","7604","A70DF9BB5F4F98029F37D0387965B672E20440C503DD71F19D74E009139F7447","2026-09-22 06:10:41"
"src\core\logger_batch_replace.py","1527","C4E6FFEB5AE1C151E2EB25DA434F9ECA89542CFC5C76500D36C6B1F248ACF3BF","2026-09-22 06:10:41"
"src\core\lora_hotswap_manager.cpp","15943","741B344445C76FE81EAA3AA2D7770AC091AA599AF068BDC5E5CC748C9C7A72EA","2026-09-22 06:10:41"
"src\core\lora_hotswap_manager.h","6587","64701A90891B8F81602B56E6B118AB6A336092C0AD94B20584BBB0790F973A05","2026-09-22 06:10:41"
"src\core\manifest.json","1113","3C4D850EE42C5DF0DAD56AC2E2878D7ABC080A3362DB086A735FB2E9D90E9563","2026-09-22 06:10:41"
"src\core\MappedGGUFFile.cpp","17776","A0B80E4C8B36276AF8A44A7A1FA91BFDFEA1AC656C7EB85DAC2390A032CA9936","2026-09-22 06:10:41"
"src\core\MappedGGUFFile.h","5287","7250697C8402BCE40B6943DC171AE9FE8A916CDF0DE74C6A184934C34515BCE4","2026-09-22 06:10:41"
"src\core\masm_stress_harness.cpp","20946","8DC49C43278026ABFA51876A9D0B5DFB9EFCBEF86A82BA1DCA6CEBF6E0C263BF","2026-09-22 06:10:41"
"src\core\MEGA_BUILD_STATUS.md","4225","42BD92E8D325F822CB4A0A177E1DFC08510396FF80E97ABA7750DACB6F1B7CDC","2026-09-22 06:10:41"
"src\core\mega_test_harness.asm","5994","6B504065F1DD65179A4EEB55A11C41F38E1C4F64785DE94F0AB304D4288FFE48","2026-09-22 11:57:31"
"src\core\memory_ownership.cpp","21605","3557462B53694575841597AFE14AE84FC1B80440397E94E779A58DEFA15C2572","2026-09-22 06:10:41"
"src\core\memory_ownership.hpp","19313","199C1E88FA18C6083B7C4E92F648EF7EE7D037DE89C74736388F7513D893649B","2026-09-22 06:10:41"
"src\core\memory_pressure_handler.cpp","8685","150799F75772382B785BF5C89EFF6EBAD1599CC3FC91D7A3B8F4EBAFC8401BDD","2026-09-22 06:10:41"
"src\core\memory_pressure_handler.hpp","4772","B9BDE1C98DA808FB7CBCB050A2E6CF9C6A6D0925EA123B3C0FC14FD429A1F468","2026-09-22 06:10:41"
"src\core\memory_production.cpp","6018","601E73D8F96B0088CB494173181904505E7218BA8C976AA8E662687D3C23DE10","2026-09-22 06:10:41"
"src\core\memory_stubs.cpp","4817","1A63C71F2B93622B34C2D25509876A53E0D35FAEB29D209EFF4840D10FA69ED6","2026-09-22 12:12:11"
"src\core\menu_auditor.cpp","11943","D584E0872F901789E0890DCFBDAF15E4179644EE00D9C96DD7472F7C8ACCB168","2026-09-22 06:10:41"
"src\core\mesh_brain.cpp","28609","75D4183E782EC13949C4ECE53B1873E599950DEE3EC5E1197F248C98DE9C8DF3","2026-09-22 06:10:41"
"src\core\mesh_brain.hpp","11602","75E197ABE9DB3A75DE778E382AF46AEF18A7E0AD6C6293FBF06FE3B80A63ED09","2026-09-22 06:10:41"
"src\core\mesh_brain_stubs.cpp","2194","CF1A94FBCADD08211317A300E164BDD58D3613FCEF7F702B5737F77A5D2FA61D","2026-09-22 06:10:41"
"src\core\migration-engine.js","3557","7C89F7E2FC5FCB3E3AA35C60162F5FC7097EEE6C7CF6FB177FED6C27FA3A0BB9","2026-09-22 06:10:41"
"src\core\minigw_runtime_symbol_batch7.cpp","43009","B955A948FB591AB5D7CFB04D0F0ED1DF67615512166895E24CB83F7ED84AD906","2026-09-22 06:10:41"
"src\core\MinimalTest.asm","837","AAF7A0AAD30C8196AA294A6A7F353CDDEA65245CE8C6CCA02074CF6387E8312B","2026-09-22 11:57:19"
"src\core\minimal_gold_main.cpp","1337","5BB2C74873B699D6589B147F6CCA4531BF0183F21A0A425B6FFE03F657501EC4","2026-09-22 06:10:41"
"src\core\minimal_json.cpp","8458","AF9B38F79C0B7623F0A1B22BDE71622434C6DC9F7483CCE99E0250F91C4C551F","2026-09-22 06:10:41"
"src\core\minimal_json.hpp","6764","BC411563ABFF8BC57B9C22E20CB3B0A534FAE594022969B6C6426C15A8558EE6","2026-09-22 06:10:41"
"src\core\missing_handler_stubs.cpp","48","D5FFE9C373C7273777CDD0930C0D2D39DCFF833F3E181C5AA6EA2EBAE2EB27CD","2026-09-22 09:44:13"
"src\core\missing_handler_stubs.cpp.bak","28904","ECFC2D8B1CDE102922159ABF62D6C034587760082F9B829E9D9BB369EA15712B","2026-09-22 06:10:41"
"src\core\mnemosyne_store.cpp","2297","F41A3635FFE61CCA61A52775ADEFBC5D3798BA8F98A703CE3EDE04B6A8794618","2026-09-22 06:10:41"
"src\core\ModelDownloadSubsystem.cpp","35554","B2270347416DA5F16D0A96F8FE54C70D313CD3A51FEB6263898BA7907FDFD7F8","2026-09-22 06:10:41"
"src\core\ModelDownloadSubsystem.h","8827","C8F4BC4973283F2415C1FD26C05B83C93EB2A93711EEF640281FA24B0D55E7A2","2026-09-22 06:10:41"
"src\core\ModelRegistry.cpp","17055","F0F0D9A106BA836F66BE3CF5115B1CF3E8124AD9754F2727DD3C4A69BF99A48B","2026-09-22 06:10:41"
"src\core\ModelRegistry.h","6700","73F792FFD401AFE5CF627596D296D337E049B3A31E02AC88B6C1CC97FFA4E311","2026-09-22 06:10:41"
"src\core\model_anatomy.cpp","12691","D817CAB1ADA7AADA2923492C0158FF5F290900FE8981ACEEC6C0FF1BA81B1512","2026-09-22 06:10:41"
"src\core\model_anatomy.hpp","1264","93B3EBE1FB8F9AA1B981DAE4F2E3B383B2BD9659046BE0A218EFAFECB077C391","2026-09-22 06:10:41"
"src\core\model_bruteforce_engine.cpp","66371","33D0CCA5F01B046A19CA3CBCD72361E5172470D401D7F235E045E78D7EB1598F","2026-09-22 06:10:41"
"src\core\model_bruteforce_engine.hpp","10624","DDDF3B677B7357D6F5D68A8C67BBE2E7D5D5D516F6A9D60EB2812297D6CAD177","2026-09-22 06:10:41"
"src\core\model_downloader.cpp","19214","C0775669F1B3EF7D03CBD986173D78191E063F7340FFEFADAE5E161C4BB0EF36","2026-09-22 06:10:41"
"src\core\model_downloader.hpp","7085","4EE1469F079B2F846788E92671CC9B4D6BB40A42438D560B82080816F886726A","2026-09-22 06:10:41"
"src\core\model_inference.hpp","542","04215D34C5D6AE96407C6AA1BA0A9BDA77652917D958CF3A080DA41A0BD7CD84","2026-09-22 06:10:41"
"src\core\model_loader_asm_stubs.cpp","49","ABE4A8B2E92A151BA53847DA7D7781CB38F0BDF54260971200B09171A623EC47","2026-09-22 09:44:13"
"src\core\model_loader_bridge.cpp","3473","49E424D5AFC7154F713BDC7FB7197BEFDA46CB655D44DA761FC267192E11FB1E","2026-09-22 06:10:41"
"src\core\model_loader_chunked_bridge.cpp","14029","C0193366A47ECC712F94190C7B0C015BAAFE65859AB4A9011978436537FD0F56","2026-09-22 06:10:41"
"src\core\model_loader_fallbacks.cpp","49","BBACC9BF68389D5F1FE1D5DA0CB29C8EF17EA26855E880361DB0394FAE0FF53E","2026-09-22 09:44:13"
"src\core\model_loader_impl.cpp","3338","5BA085D1B7D24B94FC1C734DE66481EA64B10D224556F4C44EE5BB53873EF3E2","2026-09-22 06:10:41"
"src\core\model_loader_production.cpp","3747","B3E060E3098D42C916E0D134A435283AC4AF447AB8F3F13BA5FE26886308C8D6","2026-09-22 06:10:41"
"src\core\model_memory_hotpatch.cpp","41411","28235F2302141DD47D9181686FDABC32A1F827D065AB9AECBA22C6DE511FD17F","2026-09-22 06:10:41"
"src\core\model_memory_hotpatch.hpp","9515","1FD3677BBE225D22E24EB3E879F3C28446FD0E6411A04D295E3618EB92C6D4A4","2026-09-22 06:10:41"
"src\core\model_name_util.h","1859","94A63CB30222B9E94A5F582050AA1920A10CA22684BDEB580A96932B1BF97414","2026-09-22 06:10:41"
"src\core\model_operations_bridge.cpp","25658","479ADE2BDB9F64487707EF23FE7F543FDCEB8E46C545A1C0A89E33A6FA617503","2026-09-22 06:10:41"
"src\core\model_operations_bridge.hpp","8631","41646286662728AFCF089D440CFFA0EBB49F8D7A2400455A662615781DB4504E","2026-09-22 06:10:41"
"src\core\model_registry.cpp","20965","79D83C260035FCEEA84B9EB0E06CBDC9A85209296EC396A0A7199517C19AAB02","2026-09-22 06:10:41"
"src\core\model_registry.hpp","2300","3AA5A9D9D51AD9C2DBE977C31D8AF7263139CCEC6DC7916A61A4624AAC740F8E","2026-09-22 06:10:41"
"src\core\model_reload_controller.cpp","10939","D974810C51223B3E6CE921D142C56AC34DC52D1B295F2D3A7EB4A01533B9B541","2026-09-22 06:10:41"
"src\core\model_reload_controller.h","7092","BE730EB1FC14CD674F0168173AD0BFA1FF7076450E1114F9227B104A42B7E158","2026-09-22 06:10:41"
"src\core\model_router_stubs.cpp","804","A7C1ECD085616B8A640CB79FAFB059AAA5648B8227A7297B63782879A8219DB1","2026-09-22 06:10:41"
"src\core\model_runtime_gate.cpp","5869","812A8C1E0A4E1AA7898D277F1650EFB36F3F7E3F08862D89CE8C7D370507BA1C","2026-09-22 06:10:41"
"src\core\model_runtime_gate.h","3640","75957EF524973DFD70ED9141830987F5AB64488BDABAC7036EEB05B2A916F419","2026-09-22 06:10:41"
"src\core\model_trainer.cpp","38850","4A36FEA6B09A487A4244A14DA0C23996E476A2FD9C1E8A4BB78371E0F5C17537","2026-09-22 06:10:41"
"src\core\model_training_pipeline.cpp","100862","D85F8B5477887938D161F7FF59B401CB0485B721DD54A92F731000C09586751B","2026-09-22 06:10:41"
"src\core\model_training_pipeline.hpp","21758","ADE624F7C6756F4EA69E6ED99FC3CB0F988D60E5E9262F99658AA49A0F7BCA16","2026-09-22 06:10:41"
"src\core\module-registry.js","4501","E2279E341FE8798028F34DCF5AEBB688B47E32DE5DE58D33AA30B418B2CB82E8","2026-09-22 06:10:41"
"src\core\MoERegistryIntegration.cpp","14474","6EE8038FC5672A4C5C0A51EAD398918AE20C5F6F7751A8EDCB190430F381DBCD","2026-09-22 06:10:41"
"src\core\moe_down_project_policy.hpp","1734","8D7022A7A96C5624D866C16ACBD6B7758243FED63C0255786DEA09B9542139E9","2026-09-22 06:10:41"
"src\core\moe_evolutionary_trainer.cpp","6167","66F234DF0F487CA250D7506AA43066BF5E87ADACC3F48C7AA6BA0F7AFAF945C3","2026-09-22 06:10:41"
"src\core\moe_evolutionary_trainer.h","12175","DE7EFE466FFCA024A06D8732E0D4B15202E0E34D1B6D714D39BCE5B5BDC8037A","2026-09-22 06:10:41"
"src\core\moe_evolutionary_trainer.hpp","17716","13AF22B326922642743D1F9AD0F7E6CF853560EA73AC4B70DBB5901237589B4F","2026-09-22 06:10:41"
"src\core\moe_expert_accumulation.hpp","4134","03B54B7A0A5DFFDFFD7594884D7F542AA405532CA6963679EFFD9451A2FB9432","2026-09-22 06:10:41"
"src\core\moe_expert_accumulation_cache.hpp","4806","0C24E301944395A3AFD9D263EB6FCD60F71C4B6CF96351C19CAAC4BF7E7CC444","2026-09-22 06:10:41"
"src\core\moe_plan_row_mixture_pack_cache.hpp","9274","C4747222D56F7006778D9FDF0602422A6266EAB5AD523A8B317AB114A49153B7","2026-09-22 06:10:41"
"src\core\moe_telemetry.cpp","3452","CC9B597534E1FB28F8297654579F9D676AEB75EE17E35418FE7811FBE1272854","2026-09-22 06:10:41"
"src\core\moe_telemetry.h","9188","1A982D7B7A2BC3CDF4F6FEB65B1CFAF95FEB6DD83C7C012F1961BE6325D187B0","2026-09-22 06:10:41"
"src\core\moe_telemetry_ui.hpp","12745","2E10821EF342D16CE9D74B064D1779DDE77A4F4691E2317E8328048627434423","2026-09-22 06:10:41"
"src\core\MonacoCoreEngine.cpp","54157","1AFFB8526B4D064B20C4BF9A134D9AC3037DF9948D200488C9917C8897314374","2026-09-22 06:10:41"
"src\core\monaco_core_nonmsvc.cpp","12925","EC947A823EDCD135581BE654992ACFECA9B6617628D6E52DECCD1CA9E60935B7","2026-09-22 06:10:41"
"src\core\monolithic_heap_globals.cpp","415","EF381AD2DC8D10617D9C30AE12F736C8FE05BD86BCFAFA7A07D9FE3A3463D305","2026-09-22 06:10:41"
"src\core\multifile_session.cpp","17264","2BAAE3B9AB9FD9D217A2D3654E034C4930729C94C2FB60AFEA3E77054AFF6FCB","2026-09-22 06:10:41"
"src\core\multiwindow_kernel.h","5033","3795BDD086380D9C4A9C844F7E7C4320064F37A714C36FF5E2ABDE35EEF68AF1","2026-09-22 13:15:45"
"src\core\multiwindow_scheduler.cpp","13620","630CABF78F3E252AFB0A219B73386BD81891BA5C99786458789BF457CF4926D0","2026-09-22 06:10:41"
"src\core\multiwindow_scheduler.hpp","10397","04558B12DDD00C46651F8A5345B2372E2C37A84E1F7C29D40271150146E522CE","2026-09-22 06:10:41"
"src\core\multi_gpu.cpp","27309","23B258BF10DDE1CD2E44197F42047B702CD326145FE2E73A28CEB973BE493374","2026-09-22 06:10:41"
"src\core\multi_gpu_manager.cpp","36502","4447EEE2E2E92C863BBB4B16923DE9F9C45D1D1B73D4EF6A78A1B913F46FD305","2026-09-22 06:10:41"
"src\core\multi_gpu_manager.hpp","275","522FF9A8BE877C3CF8751DF27767EE31EB46C2F424A8DB7925DB375455724532","2026-09-22 06:10:41"
"src\core\multi_response_engine.cpp","29611","311880A75F0D7B17A791260178AC7EEA0D86F753A23FB0820B9C95C10AFDC16B","2026-09-22 06:10:41"
"src\core\multi_response_engine.h","11225","6C08D2FDF6E766F543B4B53EAA9437397777016243127BCF3AD665E2271FB79A","2026-09-22 06:10:41"
"src\core\multi_response_engine_runtime_ctor.cpp","734","FC92C22D3157B183D61058CC3A10C936C6D82320B093FD1ED8221BA59E00AB01","2026-09-22 06:10:41"
"src\core\NativeGGUFLoader.h","4630","79C076AC3EA11E63D46A532D30584B2E4DE1A41697118D72E96325F3BC4E13E3","2026-09-22 06:10:41"
"src\core\NativeInferenceBackend.cpp","15251","27AAE2BF359FFCFE7B09A962EDD685950FC8EB50B83C18E0D202646315E01864","2026-09-22 06:10:41"
"src\core\NativeInferenceBackend_Wrapper.cpp","14708","2E1A6A8EA46BD162582CFBE9B2662BAFEE7C37EB85D2C337BE1DB31643727574","2026-09-22 06:10:41"
"src\core\native_debugger_conditional_bp.cpp","3912","B9FFBDBD7E717D988A83D989E01585683D2FD143E5BB3505929177ABFAF40B5E","2026-09-22 06:10:41"
"src\core\native_debugger_dump.cpp","2164","2CB8824945D9DAA8141CA5E2E4E3375D600CBA27B32F2AEBB0F1A26F1ABEF4AF","2026-09-22 06:10:41"
"src\core\native_debugger_dump_streams.cpp","2431","362F8FB5099A5916358D21AAA0134A727B7EC201758FF24F92CD1D3C157F1E79","2026-09-22 06:10:41"
"src\core\native_debugger_engine.cpp","88196","AABE088AF644B772400F7A215842C8115D63AE3F83887E3112DECA31A5A9556F","2026-09-22 06:10:41"
"src\core\native_debugger_engine.h","13066","A8DA884283D0F5B2F19B5AFB5C9A0F26FFC674C5E9A2D90CCAFD1621B09D74D2","2026-09-22 06:10:41"
"src\core\native_debugger_engine_nonmsvc.cpp","12936","247A660D8AAB7F966DFB9BA513304066EC6DCB23372B649D69BE218F039446CC","2026-09-22 06:10:41"
"src\core\native_debugger_source_step.cpp","5443","02BDF7622651FBDA177FB6A33842F4D0C3FC2C5EC32BF54B61A1FFC7C8F589AA","2026-09-22 06:10:41"
"src\core\native_debugger_symbols.cpp","5648","E4946AD3B5D86C8E8428B224DCCEE01546F814CA7A0D553B8DD841ADF0BE2B24","2026-09-22 06:10:41"
"src\core\native_debugger_types.h","17752","EC36568EB5CFC60E1888DFB8D8C9C873A6F3432E5A6491D6BA430AA5291EA842","2026-09-22 06:10:41"
"src\core\native_gguf_loader_impl.cpp","2536","0CB476BDBA222E9F53FC50C55AEF452EC0A15D31CE0BDEA69FEEB431D8290A2F","2026-09-22 06:10:41"
"src\core\native_gguf_loader_link_impl.cpp","2285","5DDD93D20A3AB91BB0DB0685009848EBD162897DC3F5F040FDB15723C85330C8","2026-09-22 06:10:41"
"src\core\native_gguf_loader_production.cpp","3348","02F4CC8B7104B71329E9923FAFF1199A4E6DAF6BE980D866B43CED3A8826A711","2026-09-22 06:10:41"
"src\core\native_ide_tools_demo.cpp","16877","02CA3454CD69A9EF743AF64A9B53CA2849A6DBC45C01A57E3DD77F00572CC4C4","2026-09-22 06:10:41"
"src\core\native_ide_tools_test.cpp","20085","00948884B650D779CB3DA3B96A9AC8615088F9EA796E35384911D06577EBCD71","2026-09-22 06:10:41"
"src\core\native_inference_pipeline.cpp","15439","85BC7BC8362ACCFD15FF90AC5168E6A952D012E47EA06883C6CFF2C64338115F","2026-09-22 06:10:41"
"src\core\native_inference_pipeline.hpp","7607","105EA61F227D7200AA3D62BC4EB4529F90579635E61AD19D9932965F43137F92","2026-09-22 06:10:41"
"src\core\native_log_stub.cpp","691","CA81495517DC2E7D84EB656ACA6BCBB797754D8A586D8F3CEC4C9BE4189BEF33","2026-09-22 06:10:41"
"src\core\native_speed_kernels_nonmsvc.cpp","9529","20A9FB163C50EC8E0B9B536AD296D22856F71E7BACE7A9DCAF8B1CD13D604A81","2026-09-22 06:10:41"
"src\core\native_speed_layer.cpp","50585","CBD71EC079C4584CAB376C85808214E7877DF8D3BBB636F52F621AC0C7967CE4","2026-09-22 06:10:41"
"src\core\native_speed_layer.hpp","17147","FCF62A66BD27DF579010CAC453638E107273C14FA79D255B5AC058423BEFF9BD","2026-09-22 06:10:41"
"src\core\native_speed_layer_FRESH.hpp","2685","CF8523CB599C53925B6E0B044FFF5645C5F5870D22FD4CD160713C4A02EBDDCF","2026-09-22 06:10:41"
"src\core\neural_bridge.cpp","14356","799175F8C3BA71B350551AB9D88195D384D577EC8BA58FF90FF6D1B443AD5BD4","2026-09-22 06:10:41"
"src\core\neural_bridge.hpp","9238","D7467BF6F07E69A1C002FEE7F782F5C89CDD8321C65E00217CF486A045CAC6E3","2026-09-22 06:10:41"
"src\core\neural_bridge_stubs.cpp","1882","343CF912E74CCBF8214805EDCA3284AD2246257367B64374802C1BB7D46577E2","2026-09-22 06:10:41"
"src\core\neurological_diff.cpp","3441","36487FD79E39E16C757B64D2938930759011A226214C3FD3EF0832B484BBD3B9","2026-09-22 06:10:41"
"src\core\neurological_diff.hpp","771","603A8E3795A4EBC298DA3EE10DFE10E93431A648814D31BB2DA62DB8C909F5ED","2026-09-22 06:10:41"
"src\core\nvidia_cuda_accelerator.cpp","138102","16AE4791914F66C7A593C78266D8E2B97B95BFEE034B207FEFF285217A4CB1BD","2026-09-22 06:10:41"
"src\core\nvidia_cuda_accelerator.h","33344","8811B4847B41BD451173A9C410D795A95B685F07ED21D4E15D92DF48641B5199","2026-09-22 06:10:41"
"src\core\obsidian_recovery.asm","1366","6545BE758761CFF350E676CE8FF65254A3F8B9E7D96E2925F3C1DCC6E57EEB80","2026-09-22 11:57:31"
"src\core\obsidian_watchman.cpp","1904","7851CDCE02F71D16767645B75338CF66228D5615843D49B920C5DBFF10FFD14D","2026-09-22 06:10:41"
"src\core\offline_mode.cpp","641","E74841BFAD6F903849A9D75D8800FDF4336F3B85B239B803493852A68F361D8D","2026-09-22 06:10:41"
"src\core\OllamaInferenceBackend.cpp","15944","05E1A9348CFBE4F3AD37EB88C0E71765B1E826C06ED6B2CE328D2BC00D48733D","2026-09-22 06:10:41"
"src\core\ollama_provider_stub.cpp","47","EEDA1EF5E6EDC7E15E7CB53FD3E54249464B13684C085998126A8099045F9C01","2026-09-22 09:44:13"
"src\core\omega_asm_native_kernel.cpp","6937","21FE55968E203B1F47975B0E5FB129668A9DF6F93140F8A426A63C2DD3EA5502","2026-09-22 06:10:41"
"src\core\omega_orchestrator.cpp","14363","6023B2F3F6F7B0F457EF8DCF2E3D98B993E75B2D8F359175F8501E0FB3067F88","2026-09-22 06:10:41"
"src\core\omega_orchestrator.hpp","4728","669E6D2BBDD77A228FDE7D44EC18B0431C5CB082B4CDFE20763CFF96006D7DDD","2026-09-22 06:10:41"
"src\core\omega_orchestrator_types.hpp","3097","B76C64ED809B9DCCF49F8DC2BA0AA70127F6F10A1543BC3255C50347F16CEF1D","2026-09-22 06:10:41"
"src\core\panel-bootloader.js","5429","930B9818509A7E5641044FF9EA66FDABB37D4B8F7BC993D587A8C5303D229265","2026-09-22 06:10:41"
"src\core\parity_cpu_fallback.h","3445","20A84DA3DF3C8CB43229962EB0A4F1BD53BA74F1F1C6F01D9011BC95CB6A88AA","2026-09-22 06:10:41"
"src\core\patch_result.hpp","1208","AC35A9468F001B2CD7D47C57ED504DAD85630956B40A20F753BD0C7EFBAE26C8","2026-09-22 06:10:41"
"src\core\patch_rollback_ledger.cpp","21146","20F76AF73251F2B5129E45AAD63AD2D199D8345D105249BB81A907289AF78CAC","2026-09-22 06:10:41"
"src\core\pattern_stubs.cpp","597","F50EA3604384008D40DD644D5E2B19D6A2B3F7358FA129E9F763BA6A99D7D68C","2026-09-22 06:10:41"
"src\core\pci_scanner.asm","1504","2F7B176F15828406C4403AD71A812674095ECF6841207BF1E9EF90E1FEC9EF6D","2026-09-22 11:57:33"
"src\core\pdb_gsi_hash.cpp","25297","AC30509216AA60BDC148AC749B12430DBFED1611D19DB833A0B34BE08A62C584","2026-09-22 06:10:41"
"src\core\pdb_lsp_bridge.cpp","28544","C60286BDED3DE4CEA0FECF48AD9244BA99D725B2C25FCED4992E4DB97497AF4C","2026-09-22 06:10:41"
"src\core\pdb_native.cpp","72699","BD8DFD11AF312B4635EB8070E099B44B1B9163B9D96B3E14692BBB3AD2BFDA92","2026-09-22 06:10:41"
"src\core\pdb_reference_provider.cpp","51894","B1E5A129295726B225540BA0C869953FC2794245A6621D1D2E1ED65EB2A89D7D","2026-09-22 06:10:41"
"src\core\PendingEditReviewGate.cpp","3953","81F62D49EE4E3D1A024CE325FA0D30635442AE74A669188EA4369E4301384507","2026-09-22 06:10:41"
"src\core\PendingEditReviewGate.hpp","1744","90F5DA33A3D03C06D86648841B739C222C5C3811E2785D3C6E43B71A0EBA481A","2026-09-22 06:10:41"
"src\core\performance_benchmark.cpp","12466","68B1DBB67339A7F9048F9DB6E3A6E740DD6DAE0E536D2B57F6F1F34852B2AA2C","2026-09-22 06:10:41"
"src\core\perf_telemetry.cpp","21119","6E2476B652E2B7843424ADC2D9D8DA944F7350F2E865230E42E6407FA0F31C66","2026-09-22 06:10:41"
"src\core\perf_telemetry.hpp","10250","F41CE8C46ED89C1B8CFB74BBE782EED79E1BCD26BB4CDE254690A38CB28D6231","2026-09-22 06:10:41"
"src\core\perf_telemetry_stubs.cpp","1018","D11EA21623F2EFC9DDCD164FBBC2611933A3C1E164DAB66919175D99697ADF91","2026-09-22 06:10:41"
"src\core\Phase5_Stubs.hpp","1252","7A98E34D6381D9F298004CB01ACC9A6BDE780739AD765435343F8C0FD06899D3","2026-09-22 06:10:41"
"src\core\plugin_signature.cpp","22690","FA96227AC34EF7C6A44F6173DBFD950D2AF5767133E8AE183A889C969BBE5728","2026-09-22 06:10:41"
"src\core\pqc_key_manager.cpp","1960","0752FE28388A9C1A0C461DFF5D5380E6F7C90DC6F00A25875BEACF066C4D3DBB","2026-09-22 06:10:41"
"src\core\priority_queuing.cpp","2561","CAFBC39FD1B87118DADF0E2CBB2BB4E7998E4A2B7B9430682ED77E53FE54B1EB","2026-09-22 06:10:41"
"src\core\priority_queuing.hpp","2427","8862C6624D43F7BB647C85C4AA827100FAD7D90B78EF3C41988FA5D781988F57","2026-09-22 06:10:41"
"src\core\problems_aggregator.cpp","2194","5FC9CF0CEDCDFC2BF56BF4298425B7A898EE8E341CB21B02975970912FAB513A","2026-09-22 06:10:41"
"src\core\problems_aggregator.hpp","2195","ECE2B77E6772F42CD172BF1166048CBC2F302ACE13582432C4AD49D35DBCE2D5","2026-09-22 06:10:41"
"src\core\problems_panel_bridge.cpp","1995","5ED4FCC8AD1B3A2B1AFD52CBDFF10EA4445A9CD90FECDAEFE81905499DF2A263","2026-09-22 06:10:41"
"src\core\production_release.cpp","36319","6EFFE261F98C8FA3AE68E42ED6D653F9BBF02E966B5C7C2AE200FB51D9C77713","2026-09-22 06:10:41"
"src\core\production_release.h","11337","F251F5D4229FB5C8D60D3D722A1D36F3CA4992A2A013675DDF0F30A3079C9DFF","2026-09-22 06:10:41"
"src\core\progressive_engine.c","29377","B597FF649865325728172B1ADDBA667D1C03ED4BAD3D16A205C24F6C6D1BF4A4","2026-09-22 06:10:41"
"src\core\progressive_engine.h","7866","A890ABC858D455A7A970D6638B5035562E97FF67BE4910E15DBF927CC776A78D","2026-09-22 06:10:41"
"src\core\progressive_system.c","21282","47DB90AA59179847D0D6DFA117EB43D42E267FEEA0EEC965B7E4519A5062C10B","2026-09-22 06:10:41"
"src\core\progressive_system.h","4758","C2DDA88128524664833C6D1F79140437342CC18D0FFEC3DCC3BB236DC959E411","2026-09-22 06:10:41"
"src\core\prompt_template_engine.cpp","33188","6B2B7660A416D5642409B672B79409BBE097563DC7956BBECFCA6A6E2F1C3E0D","2026-09-22 06:10:41"
"src\core\prompt_template_engine.h","8341","3B8FA763AFAB5D342A256D2F0E4908E7F716B1243D04CC531D36963E519A2B02","2026-09-22 06:10:41"
"src\core\proxy_hotpatcher.cpp","17956","E290676F4DAA8216926ED1032856A2A5F55CD25510712E0AE308523FFBF48B63","2026-09-22 06:10:41"
"src\core\proxy_hotpatcher.hpp","5566","F5F1786E0CD3E33E1D728F33CA33D18DB778E92C2CB5DA49371602E9A801BE42","2026-09-22 06:10:41"
"src\core\pty_terminal.hpp","36865","BD0DF45209EB7573B4C8D653BC00F5FE552653081925B10C6151192631915A36","2026-09-22 06:10:41"
"src\core\pt_driver_contract.cpp","50670","CB138564DF3089CBAC20E9B13F9DB0F4115AC1A52684D4838F9541F5D7E3B65C","2026-09-22 06:10:41"
"src\core\pt_driver_contract.hpp","21828","1696DB1CCF89CDE48D8A6D40E25455DFC2DA34814FAAA20F733E66D89E856DE0","2026-09-22 06:10:41"
"src\core\Pyre_Bootstrap.h","6684","D6273795C5F2FC5DC8D636D150004D7506B3A2F367ACA0702247C111B48F1EC0","2026-09-22 06:10:41"
"src\core\Q4KM_Dequant.asm","9312","ECE5A809D26370D08AB56CCCB59DC3E353A7E55FD98F086A8DD2B2135BA5AA2F","2026-09-22 11:57:20"
"src\core\Q4KM_Simple.asm","2363","5BF2D60E58070DC85071D75FA22B213108E245691DE6E350311928E4CB9A0311","2026-09-22 11:57:20"
"src\core\Q4KM_Simple.exe","11264","0CF9346804B24840F883EF74F5E6507D38E6548862FB49CF34D2A60ACC499FB2","2026-09-22 06:10:41"
"src\core\Q4KM_Test.asm","3174","37AF26210D0D165CF4CE1577E42CC83196999DEA8BBCE2F5589C9E93440563E4","2026-09-22 11:57:20"
"src\core\quantum_beaconism_backend.cpp","32587","E4AEAA232FF6FFA306431DFB9583EE7667C111F675E7C726851C299DE660CCD2","2026-09-22 06:10:41"
"src\core\quantum_beaconism_backend.h","7695","D52AE153CCDE98E06320865EDFE6562240AEB38E9750847999CAE6722BC0D597","2026-09-22 06:10:41"
"src\core\quantum_safe_transport.cpp","66688","97A0FE8F05EABC1ACB2BFE4AE25F767F02F1942716BE34C09E0501D84DC4A772","2026-09-22 06:10:41"
"src\core\quantum_safe_transport.h","22406","E00CA92CA11577E5A7E83EE3DEC49E37F1F4B32BC43E455B9DA6F75F0C81E244","2026-09-22 06:10:41"
"src\core\quant_hysteresis.cpp","8404","42DE42D32C3261F02B6964F7199CB443D51DFDCF74A8939F7897532617821D60","2026-09-22 06:10:41"
"src\core\quant_ops.c","38847","2E2BFBDD2EC4D6CE7747B0BB39F38702000358B2E99858DDDE8C975FD7981407","2026-09-22 06:10:41"
"src\core\quant_ops.h","6993","22C473383AB3F90B05172C2175DA87312C0CD3E91DCD778BAA605089A05CA9BB","2026-09-22 06:10:41"
"src\core\quant_test.c","6375","0994179F2B631F8F2CB6B135F57543E947FE490ACD110E20BFF19BB6CF75F1DF","2026-09-22 06:10:41"
"src\core\quickjs_sandbox.cpp","20533","62DB93B625F109FCC23AC84C08A7A72C5FF10BCD8AFB5E7F8FCEE45188D41E76","2026-09-22 06:10:41"
"src\core\rate_limiting_engine.cpp","4150","AE6B2D12C2ABBF3D54AA4C563075998F992FDEF807FA63811D0E5F947A10B733","2026-09-22 06:10:41"
"src\core\rate_limiting_engine.hpp","2152","AE5E28C965D273E44A1A18812DDBE6E00D596F6C998A7F54B1AC6250EED82A7E","2026-09-22 06:10:41"
"src\core\rawrengine_command_handlers.cpp","11889","08E7762403CF6941DF8A21F38D808836D00D7CBEFEA500D7A6EF0D877B782287","2026-09-22 06:10:41"
"src\core\rawrengine_missing_stubs.cpp","51","6AE801FB5F350A3C72001ADB88BA8342A9FB4F224535EF380DF4EC0AFD0E676C","2026-09-22 09:44:13"
"src\core\rawrxd.h","34999","C08F7E83A02479B951AB488A5A16D790A5FD00EBDBF38AA2B10F55B06029A774","2026-09-22 06:10:41"
"src\core\rawrxd_cli_main.c","21468","058EAB9320047D2CF44DD42B6DF290BEAB5600540105822D41507DE089A64372","2026-09-22 06:10:41"
"src\core\rawrxd_core.h","49070","2EBAF7F6EC61BD8D0FB7E474215C32276D6FF84EF103D545F70408A2A1E7DA4D","2026-09-22 06:10:41"
"src\core\rawrxd_core_demo.c","10572","1EA2ACD01D6709A6576C5F07BD0A1F5A111CA9A095E9263896609BC2F4D65AF1","2026-09-22 06:10:41"
"src\core\rawrxd_core_test.c","19612","72915D8F287AC6D5A6E8BE3CAC16B59AE87F307B9CA12BE8BF9A0ACC78F566AC","2026-09-22 06:10:41"
"src\core\rawrxd_cot_impl.cpp","2274","FBC8E90DF91CFDDEDBB367F3A01D38CAF5DE26FE61DFA6D98146808261BA6119","2026-09-22 06:10:41"
"src\core\RawrXD_Cylinder.h","2132","50DFED6A14422D44984B052361C47973F009D2118DD70CA4D834C3A55BA6FEC0","2026-09-22 06:10:41"
"src\core\rawrxd_demo.c","20005","844ECE8D9941E0AB862884530D21B579C515AE111677F78BBB5D98AF638C1CA7","2026-09-22 06:10:41"
"src\core\RawrXD_FeatureRegistry.cpp","7628","0CF0E0D1181BB198FF9C67116A361BE7A13CEA61A6C6C7CE9D2F648E73761A9C","2026-09-22 06:10:41"
"src\core\rawrxd_hardware_spoof.h","29055","9B922EEEFB2F4899A6EE3C96ECACB0BE7BF444538E69B880796CDB68E2313EEB","2026-09-22 06:10:41"
"src\core\rawrxd_hwsynth_bridge.cpp","3997","EE66F5533E1D8E239C95319FAB4270A63F2A028CA5221092B410C44293A28E48","2026-09-22 06:10:41"
"src\core\rawrxd_inference.c","17938","15087E7822717764B3CCE88A70AB2CCFBF3FC0906413F7FE40C5C0AC50F62393","2026-09-22 06:10:41"
"src\core\rawrxd_inference.h","17513","DB2A9E6893CDD040E3B6651477D67674A9BF64D19E99286C9B09D04162EE5CD2","2026-09-22 06:10:41"
"src\core\rawrxd_json.hpp","10955","BD1C9CEB475EB21D5C3FE8D5F5336B69F2FDAD9FA0D7BAE0F9D776AC56290515","2026-09-22 06:10:41"
"src\core\rawrxd_linker_closure.cpp","21827","5EEB99C17EBB3A12CBC6014470A0946D4C61F3BCEF4FD8B02D971E86AB2AC2C0","2026-09-22 06:10:41"
"src\core\rawrxd_mesh_bridge_a.cpp","8949","7504197590095D01B9C29DFE0683A852F521C225A72384C6D8DD7AF3D913D11A","2026-09-22 06:10:41"
"src\core\rawrxd_mesh_bridge_b.cpp","3679","F61AE43737D61130347FB2926E532F8DFC337FCA24A87540255C8097FBC72D6F","2026-09-22 06:10:41"
"src\core\rawrxd_model_stream.c","20420","DB810DAB264DECAE8006B33C52D7733FEC90FD13F691798F17440A8953D88D91","2026-09-22 06:10:41"
"src\core\rawrxd_model_stream.h","11837","407259E26FF10FAFC1CE5B6E32195FAD2A9F62D32A0305B20C9659E2798009AE","2026-09-22 06:10:41"
"src\core\rawrxd_moe_sparse_bridge.hpp","4836","5595D8C438462C3027D449D4DE29B7AF1642F14A4F3C9D0D6C7C6EA8C4E7DB2A","2026-09-22 06:10:41"
"src\core\rawrxd_native_log_bridge.cpp","898","8D4F9233FBD144225D0BC118258139EE1576F5236F224BF10BB60D1322CD9188","2026-09-22 06:10:41"
"src\core\rawrxd_native_log_impl.cpp","49","57A3FDA77A4A98531D351CFCE8F4F4C4D048B585F468D79B2B6A30372702E841","2026-09-22 09:44:13"
"src\core\rawrxd_native_log_production.cpp","4282","B6D756D6FB126C9AA4672EDD319F4B787789233AF95BA59BFB744CDEB92D3D9E","2026-09-22 06:10:41"
"src\core\rawrxd_neural_bridge.cpp","5464","C9267ED03D22B1776BD2AE2E31D09DE1596B1135104659A3E01C3C8E5E453C53","2026-09-22 06:10:41"
"src\core\rawrxd_nexus.c","45801","7961C86DF41E798093CAE293DA54A0205D89011E3EC0FB0A78FF548720DCAA32","2026-09-22 06:10:41"
"src\core\rawrxd_nexus.h","18636","A43E13CDDAB98ECE8B6DCA35CD2C75842966E66EFC61D934E17B7EFB90896BD3","2026-09-22 06:10:41"
"src\core\rawrxd_nexus_benchmark.c","30440","417D01919825B2519FFA2B205C4EBE082C03E450ADE35E82B9CB1C9E38B2F594","2026-09-22 06:10:41"
"src\core\rawrxd_nexus_test.c","31152","85BA2150C0707BE09FE93E5265EC2E11BC793A0143C1F66E2E478C6B105135F2","2026-09-22 06:10:41"
"src\core\RawrXD_Platform.asm","13890","03CA442122F9916AC24BB46392DDEBCF3BD0880E0958B1EE8CF1E0D89224E650","2026-09-22 11:57:21"
"src\core\RawrXD_Platform.exe","10752","187CC7DB022D7B2B0C540754599D3BB957619E74762CE6E0EB7E31BADA1CEB48","2026-09-22 06:10:41"
"src\core\RawrXD_Platform_Simple.asm","3403","A688DCF4B1CBCA0872CF2748149152E532009DD837936358241D62BBD9E621AC","2026-09-22 11:57:21"
"src\core\rawrxd_quant_avx2.c","13060","3A96CAC7AAC63A8C8410B4D17C80E7FAEC2C2EABE4AC874D6909DEDE8E4827BB","2026-09-22 06:10:41"
"src\core\RawrXD_Scheduler.h","2845","354BAFE3138CDEF769AC252E3EC7797BD825B1B2A6A14B15D6082F2C25B1C254","2026-09-22 06:10:41"
"src\core\RawrXD_Sovereign.asm","4346","07B4E5E393EE7EF6037B7B3FB6D22A07A9694210714440F9AB65D2F31E35DC8F","2026-09-22 11:57:21"
"src\core\RawrXD_Sovereign.exe","10752","284D3EEDA6ABDEE643EB181AD6C502F23F65F7C7DB48896EED0A11ABA6F4CB95","2026-09-22 06:10:41"
"src\core\RawrXD_Sovereign_REAL.asm","10451","07A90175D341C4A62F39F217CB1EEA021F730F8A9300596B8289912BE3CFD7BF","2026-09-22 11:57:22"
"src\core\RawrXD_Sovereign_REAL.exe","535552","3714DFFEA9C968BBA01A68E728A0D0231794213D103B639D5AE3A69CC4495FD5","2026-09-22 06:10:41"
"src\core\rawrxd_speciator_bridge.cpp","4893","054272154DAF4F3B6FA5884B4482DA4D60FD3B7B4124F06028DA24E6BBE5D04A","2026-09-22 06:10:41"
"src\core\rawrxd_spengine_quadbuf_bridge.cpp","7364","0A8D29302064C08E5AA331378A8DDF85C7F5D2AC9DEACADA8CCCC51B28885CEE","2026-09-22 06:10:41"
"src\core\rawrxd_state_mmf.cpp","35559","1C08900C41623ECB86C995DDB58FF01322781F79FA05EE9CCCF011E0E14EA15E","2026-09-22 06:10:41"
"src\core\rawrxd_state_mmf.hpp","12063","6ABD668FD50C768484ECF4CD5C71EADDACD02219FB3B8D3C6C9774A8CE9CA2DD","2026-09-22 06:10:42"
"src\core\rawrxd_subsystem_api.cpp","22639","920B5DEC23A1EAC60B844F56AD89C481A4E6D072C0922F1235520F4DC8EBCA2B","2026-09-22 06:10:42"
"src\core\rawrxd_subsystem_api.hpp","10714","4E759887DAFD32D5EABA7B0DD78EE0CF637029ABC8578977F15D04B53522ABFB","2026-09-22 06:10:42"
"src\core\rawrxd_subsystem_api_impl.cpp","3230","801DD21A06224C0B7D6BAB352F48CF36E3AD9C247C253A315FD37E2E8A9B6EB4","2026-09-22 06:10:42"
"src\core\rawrxd_subsys_modes_a.cpp","1172","6DC208D08463D88C4D1F50A2F0AFC41A87DC2B8AC500E95B02E5185676143899","2026-09-22 06:10:42"
"src\core\rawrxd_subsys_modes_b.cpp","1188","9B7E4486C7F44D72044AD1C6A24DDF628BF272F0B968D73353606B4A692A108B","2026-09-22 06:10:42"
"src\core\rawrxd_subsys_modes_c.cpp","1580","140F78AF03F58095DE1349D34A038BEF829F79A412253D1C0559750FE000038A","2026-09-22 06:10:42"
"src\core\rawrxd_subsys_modes_d.cpp","12206","8B6FF00B07A13E45A73AE3E4A3DCF54CA4DCDA4CBB5C0ECF36B34B55C14E54D7","2026-09-22 06:10:42"
"src\core\rawrxd_subsys_ops_impl.cpp","4320","743CA04E56B3E3BF5440E6C036D596AC8DF24F69146932CB5BE30313C3788F07","2026-09-22 06:10:42"
"src\core\rawrxd_swarm.h","35620","0ED3B8CC1899081EF1E83566038E34FC6BD91CA01BD3ED20E46EA3DA73A647CC","2026-09-22 06:10:42"
"src\core\rawrxd_swarm_demo.c","27836","72B8FE4A56C1238B53889FC069FFAD0B575688BDCCA238EB6687DBBF0366C883","2026-09-22 06:10:42"
"src\core\rawrxd_swarm_test.c","21024","4FFF0A5061E6025F2026F45B080D920BFD59F885E5E168E7CE67DF91CE34C74C","2026-09-22 06:10:42"
"src\core\rawrxd_test.c","18079","A03DAD0F058E6CA5EC073EEBE315FA331363649A7C477DA8F7CEC3583AF35D2D","2026-09-22 06:10:42"
"src\core\RawrXD_Ultimate.asm","15379","239A18BABCEE85A47B44AE5FE432AB69298F36B7A1295C02D04AEA5F7A1EF01C","2026-09-22 11:57:22"
"src\core\rawrxd_version.cpp","1572","74F03AA65CD2E79EFAA75E074A9EEF51E8A76A07A83C8D86FC9B4A600F486F3E","2026-09-22 06:10:42"
"src\core\rawrxd_watchdog_bridge.cpp","4277","B471C53D955F82A6FEFBC08A1521FF5995A6DF5D15538AE4B299A0C4C447099E","2026-09-22 06:10:42"
"src\core\rawr_engine_link_closure.cpp","133351","899B11D588BE1CA0E0163DC8D06C3BE67F0035EF58B811B7371B2B8A36EFBAB7","2026-09-22 06:10:41"
"src\core\rawr_engine_link_production.cpp","2394","AC07B320318BB80472CF310400BAB30CD64C5F04EBB5F6B000E19A88BFD40B0A","2026-09-22 06:10:41"
"src\core\rawr_inference_pipeline.cpp","8691","AF3D4595C235532E8DA34DCE0486D2BAE2E071EDDDAAA5FEC746225B7E28BCD0","2026-09-22 06:10:41"
"src\core\rawr_inference_pipeline.h","3376","82F0AF8083B6B2AC9866F2827B7AC9CC12BD15AA4FEF1A3A37287440D2E6FDD6","2026-09-22 06:10:41"
"src\core\rawr_streaming_inference_core.hpp","22027","361DAD0CCE01FA5AF0F13D0AE9B82F848B8625BF9DA84F274C0376F7EE0388B2","2026-09-22 06:10:41"
"src\core\rdna3_stubs.cpp","2696","B6BC266C01309011A3F8BA5019BC8DBD7C8D71E5288077E232C2D95F5661147E","2026-09-22 06:10:42"
"src\core\README.md","8898","7E7C9102CE4091BD747563372A63E190A47F4864352256BFD0722AC6E8EDC5C8","2026-09-22 06:10:41"
"src\core\reasoning_cot_bridge.cpp","11253","22CDA501192EDD48C9091619C5C7E0D76A768DD3DA8040FC0C6F219D8293A7A6","2026-09-22 06:10:42"
"src\core\reasoning_pipeline_orchestrator.cpp","47193","2FB1E10D221EAA655615E3DC0994FFF30E4CB8FE9706757D507A5BC04D090BE1","2026-09-22 06:10:42"
"src\core\reasoning_profile.cpp","43669","D1F40A3CD363B98D702CC2F0C5F865777581562AEFB7B44A8146A636E9285C49","2026-09-22 06:10:42"
"src\core\reasoning_schema_versioning.cpp","24790","72A655AF2E5D752B5D87796E540E134346DC35CEB20B9B7655E2C5DEF1896283","2026-09-22 06:10:42"
"src\core\reasoning_schema_versioning.hpp","10900","CF432FC416E4355AE6E773C4AD0449D91005267AB406B38496DDF161BA1F966F","2026-09-22 06:10:42"
"src\core\refactor_preview.cpp","3339","9A83C1D5FC6CD9464ACFFC816AAF7648D29E7D1A0D4C2CA9C6CBA6C0CD479FC7","2026-09-22 06:10:42"
"src\core\release_checklist.cpp","18838","3C4856FB40BDB4AC7F48484D4AFD9F668C9574F9E3D6C8DDF348CB165D85B621","2026-09-22 06:10:42"
"src\core\remaining_link_closures_nonmsvc.cpp","5707","51B007E8D17767A7023110EB9C54B1AC8ADF97DA5CAED24311CB8FF33B7ED31D","2026-09-22 06:10:42"
"src\core\RemoteCluster.cpp","30514","E094F0E7C09C2550257DDE47746F306BA2C3BBEF1CE8C3D500A3A82BE6466944","2026-09-22 06:10:41"
"src\core\RemoteCluster.h","6639","96E1DA885C1E082C09EBC052DACCE24EAE98BA7455C407AEBF22110974A8738B","2026-09-22 06:10:41"
"src\core\request_batch_scheduler.cpp","8651","7B9C773DFF4D127E7E1DC3CE6CEC5A7DCF718FEFD076EA92D69679F0168E7584","2026-09-22 06:10:42"
"src\core\request_batch_scheduler.h","5483","384F52714BE72C366B20395594F3E128539696403F01B12891E3D165786C2564","2026-09-22 06:10:42"
"src\core\resource_arbiter.cpp","14905","97B96550A828D12290BAB01DC233E41EAF7ECCD76DEB74D050800DFA6AAE46BD","2026-09-22 06:10:42"
"src\core\resource_arbiter.h","5078","A5527F6F8BBB41CD8E12AEAE3C94437B0B951E67663844C970456081E78CCD45","2026-09-22 06:10:42"
"src\core\reverse_engineered_bridge.cpp","30327","1A2E0F573E4FF5CBB296FA0FD237C74ED3DAFA79DE241D1EBAEB29F8925E2A6C","2026-09-22 06:10:42"
"src\core\RichEditEditorEngine.cpp","26212","78A729415EC0403E8FF8B4300719592E02711139C7DD362FF0FC4566826162B5","2026-09-22 06:10:41"
"src\core\rollback_engine.hpp","2664","0C7457ADFA190503E993960CF4425C686C37C502218B4C711BFAA5C323D1AE6A","2026-09-22 06:10:42"
"src\core\rtp_stubs.cpp","2083","22338FD8DCB49875A5E936FFA6ED3CF2971099963305DF4F7944A1BCD291A469","2026-09-22 06:10:42"
"src\core\runtime.js","3542","AFB6E67AD3A05AE9AA00F1027731CBE4AA5CB2E49B43D01DE890D2AA825501FB","2026-09-22 06:10:42"
"src\core\runtime_symbol_bridge.cpp","62634","4362A15B50E8392B485CB03F570109EF070959B80C3CC02BE9C666FF9910DF01","2026-09-22 06:10:42"
"src\core\rust_ast_nodes.hpp","4664","F4C102A29ADCDF1876C180688559F28C0FB531BB789F83E7D04E9E0C4B4121EA","2026-09-22 06:10:42"
"src\core\rust_parser.cpp","38982","AB53802D9C3CBB56BDA1ACF6652DFECB34E2973D9FA9C919CC2B0CBEB9E92C73","2026-09-22 06:10:42"
"src\core\rust_parser.hpp","3973","C66BCF18971A73E4D71D5369F9BF3559258BE7F2FBEC267AB2C093360C2E16A2","2026-09-22 06:10:42"
"src\core\rust_parser_v2.cpp","28272","8F5221A31D0DD04C3B0B0F84F3A44F9660F56B7A7141F3AA85014FF56D817DF4","2026-09-22 06:10:42"
"src\core\safe_inference_session.cpp","21409","98D5C835BAD436657A933EFB32304664E7BDAD530597F05A19574652E0651CB5","2026-09-22 06:10:42"
"src\core\safe_inference_session.hpp","7772","066568AB7118E8BBC4A10213A3D347371B99507BBCCD2FBAA499B6212C4806F7","2026-09-22 06:10:42"
"src\core\safe_refactor_engine.cpp","23324","06C65DBE48A4C37478614F93B82C80D61518A4B844F2D2B9D164F018E8C00CDA","2026-09-22 06:10:42"
"src\core\safe_refactor_engine.hpp","11680","18EF9D2793329AECFF984F95A9BF5D849CAE53C218CB5EACAD205FC96D5AF4D1","2026-09-22 06:10:42"
"src\core\sampling_chaos.asm","12641","C39893DCFA2C80DC5D9B288C78AA69D604B0D7AAD13E207608A4F39A6487740B","2026-09-22 11:57:33"
"src\core\sandbox_integration.cpp","39609","9CC2E3232335D530DB493055C36A8DE5B2235E929D9594EFB4D9710B7D9A72E9","2026-09-22 06:10:42"
"src\core\sandbox_integration.h","8964","B548F709A05AE4585B0B22B7A4FE20F6EC8C9B9CC2C1CB38ED800D8D5BDCE713","2026-09-22 06:10:42"
"src\core\scheduler_completion_integration.cpp","13648","7376EFD10AF9D109AFB6AD419368FC58026B8E3CD8452467B716452B3FA5AD20","2026-09-22 06:10:42"
"src\core\scheduler_completion_integration.h","7917","A14E7BFE5FE3D25BF29C8652A5BEB358645975AEC9EE85A95EDBFC690E462AD4","2026-09-22 06:10:42"
"src\core\scoped_instructions_provider.cpp","13015","B164102A9FBF241E8E45B289F5BF2094BA5CF57EC816220ADD86B77F7D34B08B","2026-09-22 06:10:42"
"src\core\scoped_instructions_provider.hpp","4359","E8739B6301326D042568D38CB0B8C3040702ED6B4517E6239D5E6D1F9C4127B3","2026-09-22 06:10:42"
"src\core\security_identity.asm","1638","F4CCBF943A76806BB8D86E0D1E74ACBC617CFCB0F178EFD29F4CF3F3299BC839","2026-09-22 11:57:34"
"src\core\sekv_system_edition.cpp","41322","9C6C0FF530279EFC0623B1D299C92BB593E7A154F67B68B101BF5EA6EAC28F52","2026-09-22 06:10:42"
"src\core\sekv_system_edition.h","15433","1D937F1154F4E81CEE1D57381278F13A94A551DACA4AD5EE862C5D6C9C930BA9","2026-09-22 06:10:42"
"src\core\self_evolving_watchdog.cpp","2392","9C2A6DADC9AD3468B48A65ADAF3FB9DF853656750A47C9CAA28B1C834083466C","2026-09-22 06:10:42"
"src\core\self_healing_heartbeat.cpp","2036","D8BEC334F50BC62204BB56835B501E74CF6BD1CD4B4B30A4B50D7774646BC948","2026-09-22 06:10:42"
"src\core\self_host_engine.cpp","19820","ED44B46DA1F2F85A12CD0940E53B9509D1F3208CDA38A2C0E1B4343B62E28223","2026-09-22 06:10:42"
"src\core\self_host_engine.hpp","10796","CBBB3F20F6364034CF04E7A9FEA4D3B39BC201E7FB96A6AE42E904E27DDEDDB0","2026-09-22 06:10:42"
"src\core\self_repair_loop_nonmsvc.cpp","6905","69D517EC0CADE6A038C31456864E4FD5EB5AF60EAEBBF3A84485ADE6A656FB16","2026-09-22 06:10:42"
"src\core\semantic_code_intelligence.cpp","30907","141F4CC5A5AC420EB3B57B6C5F337286BDD7001EE06A7D4828774D798CF102C1","2026-09-22 06:10:42"
"src\core\semantic_code_intelligence.hpp","17072","BEA2AA5E279BF90306E28996D327680AA6AE04D713A1FD37F34A9FE49167004E","2026-09-22 06:10:42"
"src\core\semantic_delta_tracker.cpp","20924","E8F86FC473569FD0B8881376B1BE83DED2F85CFEC9EB20973D4DB7DF58234020","2026-09-22 06:10:42"
"src\core\semantic_delta_tracker.h","12125","A864AE7C0F81AEFB50CE377843ED3A1EA83C546EC74F51907D5151A3AE22EF50","2026-09-22 06:10:42"
"src\core\semantic_search_impl.cpp","12803","BD5A3C5551C367E6C7FC2FE2785961282989E21C7F88023B908F165F2E51AAC9","2026-09-22 06:10:42"
"src\core\sentinel_watchdog.cpp","28897","9E02BADCF956DB583D1866B713F49ABF97C7396AB298B547503E41BF622B875C","2026-09-22 06:10:42"
"src\core\sentinel_watchdog.hpp","9607","AC66092E047B84C472B0D1EE535C0AB1AD62CF85F85EE762E80104FC98A32ADA","2026-09-22 06:10:42"
"src\core\session_manager.cpp","2006","EC6E7213A199DDF8DA65E36DBBF153489DCC55DDA17C2401835F5CFACB4B6BA2","2026-09-22 06:10:42"
"src\core\settings_persistence.cpp","1998","45C6B40EB8B6EB85397F5588DD69ADD2863505B3167B825E39DAE2BD9FCDE752","2026-09-22 06:10:42"
"src\core\shadow_page_detour.cpp","34838","88B5BA661127C0DFB590DEE323463786D81BBC1D569998BE93BC443CF534D860","2026-09-22 06:10:42"
"src\core\shadow_page_detour.hpp","13404","E3384B4424361C57CED9803F406B02F4B436BE596D4C291C3D4E2E3E4B76E15B","2026-09-22 06:10:42"
"src\core\SharedMemoryManager.cpp","8741","41F3D82466130FED6EF2E1442EC381023AFD53590F65B722C61DD9925F050385","2026-09-22 06:10:41"
"src\core\SharedMemoryManager.hpp","3069","C44D3C8D9F596424312A029CEA71F4225E662BB181EB8E61B5B6A9F24CEEA693","2026-09-22 06:10:41"
"src\core\SharedSessionLayout.hpp","2256","B38388335806119ABDA6A1278D68444E7BA1334A0657C11DD711B80D96F2CE06","2026-09-22 06:10:41"
"src\core\shared_feature_dispatch.cpp","2849","1AA34FA72D541DCDE537B286F25B341DDFF2786CD0ECDF19D5842B7E02DF7C17","2026-09-22 06:10:42"
"src\core\shared_feature_dispatch.h","25147","E1B8D8975BF8DBAF8C4E3274D1605D1E228787B437630896BB9EAC522CC0C902","2026-09-22 06:10:42"
"src\core\shortcut_manager.cpp","16985","9E891D2622AFE3ED44CF5824A4C87396E2ABFF3C0AACD07184828E76684E0A03","2026-09-22 06:10:42"
"src\core\shortcut_manager.hpp","5154","2CC736359D4F912DCF69EA56FB52B95250FA2ED0570679E73B2D16AD570E6D6D","2026-09-22 06:10:42"
"src\core\SimpleCRT.asm","331","B0FB9A77279992E643B836DB81344D4E78DFC9DB63690809F1F8069BC1FEBE30","2026-09-22 11:57:22"
"src\core\SimpleTest.asm","660","FD6BD8EBC2C32FA882112F89830B0B8CC300C5F0B94F5530DF1DAA1CD70CD383","2026-09-22 11:57:23"
"src\core\SimpleUltimate.asm","1525","558AE9149B69C03BB92153D83E64A38FE5B26A6FD26245AB37510237E252D0DE","2026-09-22 11:57:23"
"src\core\slash_command_dag.cpp","15381","FCB157D9703FBF625F947C265115AFE285FC1CC4EB0B3C734E136A2405E7FBFB","2026-09-22 06:10:42"
"src\core\slash_command_dag.h","11971","2DB1200898939D1EC7197819890C5ECDF0309CBA22A4184996A2A601C0C695D2","2026-09-22 06:10:42"
"src\core\slo_tracker.hpp","8058","895EFA2EDB003EA96E671F4FAB87F90964C44A3CEB5275E37CFE75EAAD0A42D6","2026-09-22 06:10:42"
"src\core\SovereignAutoLoop.cpp","22473","4ABBF99CD49199541E54773CC8857FB3555EA31B8CC56BFBA3409CAF78F8686A","2026-09-22 06:10:41"
"src\core\SovereignAutoLoop.h","8935","D5E5B1ABC7711405C96722A1403FBF52A3A66B3A3C715005D7B576A823288FFA","2026-09-22 06:10:41"
"src\core\SovereignEvolutionaryDynamics.cpp","25108","8DC736EBB28F8052557C3343ECAE60E6E38CBADB2C3E41E8033247E0AC503820","2026-09-22 06:10:41"
"src\core\SovereignEvolutionaryDynamics.h","8100","B72DD18A6A99FA59EF13652C1E51A57F557F9B35F1A16889ADC13E99E43D15DD","2026-09-22 06:10:41"
"src\core\SovereignExploitDevelopment.cpp","38779","15AEA661E2ACB62FA187E58947F499119899F154F056CAB67236D9820383C171","2026-09-22 06:10:41"
"src\core\SovereignExploitDevelopment.h","12465","7BD7A70073AC1F7FFEDCF621D53EBB3E2572E20DB6E1E814F6519323E618AED3","2026-09-22 06:10:41"
"src\core\SovereignHypervisor.cpp","28904","9D9B805A6B8E4346FA51EC56E3E519C05F53139365B0C777AB4E6889C86B277B","2026-09-22 06:10:41"
"src\core\SovereignHypervisor.h","10601","B86B4217DF7DBBB837D9B026C91A2A8F8E9370BB8BEF882145A41915CEA93216","2026-09-22 06:10:41"
"src\core\SovereignIntegrationMaster.cpp","38792","C7D4B44EA6A353885AF49FC01C2C797017862E54907F6ECDC473DEEE62D79CA6","2026-09-22 06:10:41"
"src\core\SovereignIntegrationMaster.h","10654","AD00D60D83C453BE268BD70C827DFF030FD1CC5C0883344E5DBE06FE8E3E4EBA","2026-09-22 06:10:41"
"src\core\SovereignIntegration_Execute.cpp","17595","75431291CEE0643C38B106C546765292A1DB3777D7DD3B6BD1C3BA654D26E8CC","2026-09-22 06:10:41"
"src\core\SovereignK_Client.cpp","7264","88110B8A305CD760D260524EA9D10F2949C448A36C2F37CACD1694F76C8620DA","2026-09-22 06:10:41"
"src\core\SovereignNetworkProtocolAnalysis.cpp","32850","9462BE8A13967EA8A60BA6E90D25F56F1A9883F0BC84522B507F4ADE35F2EA84","2026-09-22 06:10:41"
"src\core\SovereignNetworkProtocolAnalysis.h","10026","7656C738802C8579BA2D278C0AC8DC5963CF2D28FE6D5D4A822344EF08635B19","2026-09-22 06:10:41"
"src\core\SovereignOrchestrator.cpp","31776","08135EB98A27DF7E05762579461F4E17E72A26AD3779419BCA6F770AA6C80659","2026-09-22 06:10:41"
"src\core\SovereignOrchestrator.hpp","7217","083DA0927A702DEF9BBA9C44834A972AE383AD14365BE6A2E7008992C74708AF","2026-09-22 06:10:41"
"src\core\SovereignSEG.cpp","20343","A41696F4767166402B3D3C786681FC76F6585F62707646F407B8EDBF7F1C647C","2026-09-22 06:10:41"
"src\core\SovereignSEG.h","6541","9821923BDC04B206EFE40A3E9FB73A201C169559787030DB57E2274E836F0CB2","2026-09-22 06:10:41"
"src\core\SovereignSelfBuildLoop.cpp","14043","5BECBBA2BFD8B84DE03C2AAFD4C0DDA0A317DC61488689002810B55372CDF00D","2026-09-22 06:10:41"
"src\core\SovereignSelfBuildLoop.h","4774","226EB0F33D79363DF92B4ACA32B7E4B24201A657B2B3F4E68B4F13297B30EA07","2026-09-22 06:10:41"
"src\core\SovereignState.cpp","16057","CF51B59FD0A5D0DCE475EDF041A8707901ED051D1C6C3A818F9EA2E7C1E084C3","2026-09-22 06:10:41"
"src\core\SovereignState.hpp","5088","5D59D298847B6A608B0D497CFBC7861FF043FB7CD77653C411B4497F65A73CF3","2026-09-22 06:10:41"
"src\core\SovereignSubsystemRegistry.cpp","12450","943654A724F312BFCB36693B6818EED70F75AD0B978A62AC4B651BA39E024866","2026-09-22 06:10:41"
"src\core\SovereignSubsystemRegistry.h","7240","D9BADEF4475093426541778C77D5E39E768F1ADBD8B8E7B59D807D432303FCB6","2026-09-22 06:10:41"
"src\core\SovereignTextBuffer.h","36045","8FB373A97F698CC6547F727EF3D68A760F84861F3753EA9D23E100B9485C9071","2026-09-22 06:10:41"
"src\core\sovereign_agentic_orchestrator.cpp","3024","B156DBDC31DA8D38048D51DAC56C9CC3A7785875365C1D81A1E0F5F909D1ECEF","2026-09-22 06:10:42"
"src\core\sovereign_arena_production.cpp","1941","A862819C2D30D29B8E18F73DB947DB146C37BC169AC676A0699A6C4A845551E7","2026-09-22 06:10:42"
"src\core\sovereign_audit_manager.cpp","2976","7DDED1BE3ED5ABCF1F68782B6D310B00B76CEAF4F0245387BAEF9731648F4B94","2026-09-22 06:10:42"
"src\core\sovereign_batch_processor.cpp","15818","C9573E6F3F7E238DD90E953ECA5C7E957DE2B3E7486ACB4E3599C9C52FF8F1A9","2026-09-22 06:10:42"
"src\core\sovereign_batch_processor.h","6742","D37D51AC989C63BBFC0A37FF782CF1B11992FA7AAAA7736CA5D59FBE7B67284E","2026-09-22 06:10:42"
"src\core\sovereign_batch_splitter.hpp","3481","7042C398739E51F8DE55AD02191B7A9D49CC17BB6BDD93247C7201812D47242B","2026-09-22 06:10:42"
"src\core\sovereign_benchmark_suite.cpp","28019","5ACF19B8BC3AC439A135E464944403B352C23494F3803F2AEB06870E441957EF","2026-09-22 06:10:42"
"src\core\sovereign_benchmark_suite.hpp","6156","FE1C5DD5265EA274683C05E937722B432EB316191550822D677E62302133F207","2026-09-22 06:10:42"
"src\core\sovereign_chat_main.cpp","2453","1F54669A2FCE3B40087C451C6D3AF3ACE8467F6984B8171F2BBCDBDE313487FB","2026-09-22 06:10:42"
"src\core\sovereign_config.cpp","12250","7A4FBC14B76115378AF327616C7332DD005D622DDCBE36798F8746E9072987B1","2026-09-22 06:10:42"
"src\core\sovereign_config.h","3444","B14677DFFCCCAE0EA261D923B565E9F85C6BB5AA431A2420C57931DB429EBC91","2026-09-22 06:10:42"
"src\core\sovereign_context.cpp","19517","A4ECB812F90F14CABE4B4673D530792093646201155B0AF52F73356DDD090DFB","2026-09-22 06:10:42"
"src\core\sovereign_context.h","5298","9C6C94B5FE1C8B92CE8D2105E1FA05690239BA0F203405C7A1C7AD3AD0B7308D","2026-09-22 06:10:42"
"src\core\sovereign_detokenizer.cpp","3682","FBC68B6B6B67A6F4F73C60063E1955451C654D07C5797FFD0B80764E89F95EC6","2026-09-22 06:10:42"
"src\core\sovereign_detokenizer.h","1493","9957A281678DEA965926CDCA153B1999B444A828B7C7D417E5E490BB991E6E87","2026-09-22 06:10:42"
"src\core\sovereign_engine_controller.cpp","25860","C583FABCA1900737D0BE8768A0DEF40646EB7DC20C1011555AD5C88F92DA847E","2026-09-22 06:10:42"
"src\core\sovereign_engine_controller.h","12127","8413A6411D9164D80AF98CAAD705FCF937E333AF597DD574A5D31277B62FD604","2026-09-22 06:10:42"
"src\core\sovereign_engine_controller_integration.cpp","14781","CF44CDAC9EA0DE96CD4405C5FE7BEB787F84DFBE323CC7F1D5A499B01A27D8CA","2026-09-22 06:10:42"
"src\core\sovereign_engine_controller_integration.h","6889","658B97CAF7A184775C847E4382F678FD74893A1F6AC65220E73E5AA4AD76C296","2026-09-22 06:10:42"
"src\core\sovereign_engine_controller_ring_extension.cpp","13077","D07AD3996CE88AC9D18040B925E9F9391872FD6B1019B241DEEFC67A25D57FA4","2026-09-22 06:10:42"
"src\core\sovereign_engine_controller_ring_extension.h","7050","5C197E6F21ECA4ADB94DA6290B590115557D184A7D36E3FE9271232577AB8977","2026-09-22 06:10:42"
"src\core\sovereign_gguf_loader.cpp","26322","FA34E55D150A78009BC6AEECFABC17C64DD10781A119CD9990796A2FBC973B3A","2026-09-22 06:10:42"
"src\core\sovereign_gguf_loader.h","11079","8103503D7D006CDF7DAD1EE0CA55CCF9CDCB9372D3BBA40285A66FF2E26F6F0D","2026-09-22 06:10:42"
"src\core\sovereign_gguf_mapper.cpp","63561","BE3931E8862E92C5264D5504101781DFD4A664C620E419DE9CE619DEA084D7B3","2026-09-22 06:10:42"
"src\core\sovereign_gguf_mapper.h","2658","D36F7CB5532D530F998BD1E72040223D70D5EBF63FA8CF7A288732F3409E6608","2026-09-22 06:10:42"
"src\core\sovereign_gguf_tensor_mapper.cpp","14732","4944EB95D8538692044EA780435F2F1633189B30EB9EED67E59C369E069BBB12","2026-09-22 06:10:42"
"src\core\sovereign_gguf_tensor_mapper.h","1095","BF96FCBF966C6E70CDBD9737FC895771FF7F4054561F83669466E9A523DE0B11","2026-09-22 06:10:42"
"src\core\Sovereign_GPU_Bridge.cpp","19838","E62B36154811E312B73E337B49A10D24560D89528511099909726E59CBC0C146","2026-09-22 06:10:41"
"src\core\sovereign_http_splitter_client.cpp","15230","47FAF6824980AFF6EB77DFC9B01635A6EDCCCE24E7CB655550E429357B973776","2026-09-22 06:10:42"
"src\core\sovereign_http_splitter_client.hpp","3737","41043B965D568D33004D2DA45034811E242B8C4D13913DDA37EA7D3F06BDC57B","2026-09-22 06:10:42"
"src\core\sovereign_identity_manager.cpp","2098","011E3C747409C510F3765292EE4FDAEC11FCE39C502D8B96CE85A4F8E8E761C7","2026-09-22 06:10:42"
"src\core\sovereign_interface_contract.h","8315","09E1B27CF8F8502044BB7FCE9EC0801CD40B646C78C36FF04CAE9A9FB909F0FB","2026-09-22 06:10:42"
"src\core\sovereign_kv_cache.cpp","26351","5D72A28C8F77409705019F2CF6808D51B717FE60DAB2AC35841A884D3FA7049E","2026-09-22 06:10:42"
"src\core\sovereign_kv_cache.h","11465","D9CE7D6F49A5D1C0699CFAA8B81ED72966E1000353EC79E744659411D89877B9","2026-09-22 06:10:42"
"src\core\Sovereign_Memory_Manager.cpp","9159","5268BCD15270051005DD1D875954D6E3D0A74A7FD93833925E7E30D7BBB39990","2026-09-22 06:10:41"
"src\core\sovereign_memory_pool.cpp","17425","A66C101FAE5034663ECD1332329841E912D16C8F2C9BA6A1F717ECD896D819DC","2026-09-22 06:10:42"
"src\core\sovereign_memory_pool.h","6199","A9CC516709968212B74B1BEA6AF47D63128391E6698E9C358F1C70169D3DAC55","2026-09-22 06:10:42"
"src\core\sovereign_model_loader.cpp","9341","72D55162C72ED69500DDF9C84BA42740383807F82AD875D57CDDB87FC3D5B71A","2026-09-22 06:10:42"
"src\core\sovereign_model_loader.h","6270","1047B501BAFD45935A1F2681F7623AB18F236BF1BC9C7A7A3686A2EC35CCECFB","2026-09-22 06:10:42"
"src\core\sovereign_production_monitor.cpp","19667","422A7F4F2E211915CD33C3A43D6DB5031993A0C7CACEF9AE2D49305A078E52C6","2026-09-22 06:10:42"
"src\core\sovereign_production_monitor.hpp","6006","4A85A2B977ECE60F3465AA299231106180F9242446AB1135B9718980599A1C52","2026-09-22 06:10:42"
"src\core\sovereign_q3_k_s_dequant.cpp","8011","3115E579F16314B954FE862B02801C01385FB1359810BDC64F9F60BC272F9C72","2026-09-22 06:10:42"
"src\core\sovereign_q3_k_s_dequant.h","2267","2E591BC33B20BC78E3E9A12E2BE436F4AAE6F0BB9D3F7787F7AFB4EA15A0674C","2026-09-22 06:10:42"
"src\core\sovereign_q4_0_dequant.h","3885","BCDF765CC498D7CFBC12C9C438FA9815A5339187A6633BE72DF5410DA81FA860","2026-09-22 06:10:42"
"src\core\sovereign_q6_k_dequant.cpp","4158","596B153E9ECE9163488DC5B8620CA814D08E06AE33EBECE2DD1841B911CF05A8","2026-09-22 06:10:42"
"src\core\sovereign_q6_k_dequant.h","1671","BB7F1D0883FE12C9315EAB475A404C9859868D3220A164DF25F75744E6F7F975","2026-09-22 06:10:42"
"src\core\sovereign_quantized_matmul.cpp","11926","D6D114A6AFF0F6DD7FEC2F411087E3B4E05C3FC8FB8489F528FF4676BC8027D9","2026-09-22 06:10:42"
"src\core\sovereign_quantized_matmul.h","4371","38489C4218F79F81FAC0FE9266B3F37465079DAB0C726A845069C4219FCFB6FC","2026-09-22 06:10:42"
"src\core\sovereign_ring_attention_integration.cpp","13069","3DD4A4EBF95F6FAA534C39259DBD4AA35950A542D3417F826AEB3FB92920DFDB","2026-09-22 06:10:42"
"src\core\sovereign_sdk.cpp","17696","BD88ADACB91211249C83A309E702230DD38A93397537C91B09AD4A46AFB78145","2026-09-22 06:10:42"
"src\core\sovereign_super_node.cpp","85484","9D9C0856FC9435F0A4E76363DA77958FD719E9F3DC6BC80F0DCEFF8028AF0EB8","2026-09-22 06:10:42"
"src\core\sovereign_thread_pool.cpp","16601","59CAFBE278FBC3E93EC936B0DD65B21EF5F86F25EC4A339AF5CC3AA3B9E65B8F","2026-09-22 06:10:42"
"src\core\sovereign_thread_pool.h","6981","5827749F1513BBC08FDF7A8C0AC38E1A27F6CDA28327D74B9C20F044376F9B6F","2026-09-22 06:10:42"
"src\core\sovereign_tokenizer.cpp","14166","F626C8C53F76B606276573036BD2A263D2E143F2CFF68FCC017C64B1171BC42E","2026-09-22 06:10:42"
"src\core\sovereign_tokenizer.h","4373","8C508C0B5640DA39C1D9380A833376296106AE6A2E412F014F9A7442B1CCE8FB","2026-09-22 06:10:42"
"src\core\sovereign_transformer_forward.cpp","74702","7972DA2599D2B264B9CFC42E7E508C86A6B30A90903998903F29932BF1197BA3","2026-09-22 06:10:42"
"src\core\sovereign_transformer_forward.h","10755","324D5968A953FCC696888D8BE5405762DA94133F5152B65ECC5A0F6229D1BE4B","2026-09-22 06:10:42"
"src\core\sparse_expert_scheduler.cpp","13579","97FA3EDEFF8F61E3A9BB862A73DA0663E1C349213384E040081B03C97E5CEABA","2026-09-22 06:10:42"
"src\core\sparse_expert_scheduler.h","8894","EA4B3AE42605137F2DB76776F57D3BA1951CE0A40006942B76053081457FD597","2026-09-22 06:10:42"
"src\core\speciator_engine.cpp","18279","C88B0D904F9F19B6E3C934076A903A42D7047A6ABD479C7860C72B83D3C51E5A","2026-09-22 06:10:42"
"src\core\speciator_engine.hpp","9552","6B39000B4D99AC2A46CD5C5F5661DA6513A27384FD6C0E5532F15CECB716983E","2026-09-22 06:10:42"
"src\core\speciator_stubs.cpp","1741","E42D7404635A04686531CB1B91728FFC8A772F04B1474FFC57EF42E323BAFDD6","2026-09-22 06:10:42"
"src\core\SpeculativeEngine_GGUFBridge.hpp","21149","317459CEE1A10C74337816EEB29FB54E153C2ACF490BC6F1142EB555A1475D85","2026-09-22 06:10:41"
"src\core\SPECULATIVE_DECODER_INTEGRATION.md","14227","7F293DE53358FABADE080F749AC255693EBA0FAAFF254037F71A28AF300437B2","2026-09-22 06:10:41"
"src\core\speculative_inference_engine.cpp","33710","2A64267DDB3367C9D5496DD0988DCF72DDC397C6C68F3B33600B7B9B6DE69176","2026-09-22 06:10:42"
"src\core\speculative_inference_engine.hpp","12843","4E4CF552F4AFF68FC9923FD97C62838ADF440C8E354A42DB4FA92573EB6B759A","2026-09-22 06:10:42"
"src\core\spengine_stubs.cpp","573","50A02D0F906F83F0EBF0B989E3106CF79E81D70C09F94A743286A99CC4EDAB1C","2026-09-22 06:10:42"
"src\core\sqlite3.c","9455951","F96BAE8F39ABE04057FF954A3D61E62AADFC73DCF7DFB7E4DAC516EF66D847ED","2026-09-22 06:10:42"
"src\core\sqlite_wrapper.cpp","13958","28470A589BE959C664AC4D395DEEC1A44B8B350F692748DD67D0EFDFC50419CC","2026-09-22 06:10:42"
"src\core\sqlite_wrapper.hpp","6602","4A12EFAAD25A56A685A85AAAD155E540A5BE76BBC56007C3C1BB8E88717C1E73","2026-09-22 06:10:42"
"src\core\src_RawrXD_PatternBridge.asm.bak","849","5DAE96F19A9762B152C213A6F374DE7BBA43CFEA6BB97AF733CB50FC735C235E","2026-09-22 06:10:42"
"src\core\ssot_auto_missing_handlers.cpp","14723","4E5E12EB01B5F6672A9833A7B35DEC2F7AF206CA540A4E6F3979CA1FA8AB30E2","2026-09-22 06:10:42"
"src\core\ssot_beacon.cpp","2199","CF700F4BB9554044EF8123C966BF04EFE620F26716F1E7A3C31EB25769BD9780","2026-09-22 06:10:42"
"src\core\ssot_beacon.h","817","382757C0FC2BD89C3F074DFDAD71679BA65FD8466DDDB9DCB333339EB1075AE6","2026-09-22 06:10:42"
"src\core\ssot_beacon.symbols.txt","14259","EEFFE9F3B7A81B3EB87820AA8D5772790387EDF175BDC382A79A6A9219D5449A","2026-09-22 06:10:42"
"src\core\ssot_beacon_table.inc","21276","07B3E021AF4CB86D8E863978FBD865FAE99C60B7F043C37287FDFD71D2739BFA","2026-09-22 06:10:42"
"src\core\ssot_handlers.cpp","332564","37C835368E29D588E543E77FDA297B9D15007A9D8A69150E1B5182B38B63B5AF","2026-09-22 06:10:42"
"src\core\ssot_handlers.h","18011","3B41363EB78226804F18ABE0FA493E1D47039A501ACA9D9412CE16E35A14CB03","2026-09-22 06:10:42"
"src\core\ssot_handlers_ext.cpp","1034874","7957B8980D356AA80FF9B0FF66D921B2BD6052A962F6117A0C51C5F5943D260F","2026-09-22 06:10:42"
"src\core\ssot_handlers_ext_dedicated.cpp","54946","2828B56C41B587AF497568395E548E52999506ACA2A518F045620BADE822E675","2026-09-22 06:10:42"
"src\core\ssot_handlers_ext_isolated.cpp","31231","F6E87EA85753B7D2DED137236E80B783FDB8BA5A9FE2206EE55ED71F709554FE","2026-09-22 06:10:42"
"src\core\ssot_handlers_ext_runtime_minimal.cpp","18292","E1D43273F16D533CB9ABAD825E57BECEA042C7E11A3F91B4E5548B6123A71F16","2026-09-22 06:10:42"
"src\core\ssot_linker_gap_handlers.cpp","6287","609A5732CB2AFBF7B40827AE4CD64DD4488BC21D6F16D5A21408E93BAE1F2BFE","2026-09-22 06:10:42"
"src\core\ssot_missing_handlers_provider.cpp","4372","C83F9D2643A5C86D230617BEF60730F45FC90876189A4F496041502D153A2C85","2026-09-22 06:10:42"
"src\core\ssot_validation.cpp","3226","966E26B8D1506BB2281D19D0F5565B139CF26E02C45AD4CA223DEE04544D8504","2026-09-22 06:10:42"
"src\core\StagedVramPacer.cpp","1866","75B38937A89A197CAAAF4BE272CB4AF1E078CF14C3A40FD1878FB40C9E755D83","2026-09-22 06:10:41"
"src\core\StagedVramPacer.h","588","0F5AE735EE2F67B335839FBAA6A132B5269387CFFF54C963F5FC7E7E5FA9E04F","2026-09-22 06:10:41"
"src\core\startup_phase_registry.cpp","3010","4C17043C662064348C60693556F463EBE15DDA7BF730119291DF9DE5B8A2493B","2026-09-22 06:10:42"
"src\core\state-manager.js","4186","88BAB8792C9C992C6FC5E3AE9A1774492EE9522057BBF464734D9427F924EBB5","2026-09-22 06:10:42"
"src\core\state_subscription_engine.hpp","13651","1F547AF874BFF163CE5B1BEAC07474C052667EA9F369A4F0CCA5618D34D2758E","2026-09-22 06:10:42"
"src\core\static_analysis_engine.cpp","53423","E0F2F38C135D00EEB6BC8EE86ACB606E5D13E1B1653794A8195E60AAB6092546","2026-09-22 06:10:42"
"src\core\static_analysis_engine.hpp","15499","7762A4139A5E59EDC4CA8415F766B00C362BA5388256F6C020F9EC1755532FB0","2026-09-22 06:10:42"
"src\core\StepByStep.asm","3364","1BD4D58145251D39170BEB5F58B0EE85CB5B57ACA1BBFF9AF7DC810B87E24092","2026-09-22 11:57:23"
"src\core\streaming_engine_registry.cpp","44011","E1E6C1DD679E585DB0EF6000A1B92621AEDC39EA929F3703C66F106755FBB3F2","2026-09-22 06:10:42"
"src\core\streaming_engine_registry.h","14670","06DF7E13EB0B01158B065781428B7EA1E24CA53F7A3990F64793E3560407D92B","2026-09-22 06:10:42"
"src\core\streaming_loader.cpp","27409","E84A17524D96941B4D806A17B6FB0D892A9635F11924218A7CC069D0A826D1DB","2026-09-22 06:10:42"
"src\core\streaming_loader.hpp","9361","13B2C1CE838801D15D94586F9B01DE9CDD2D94847B97E28683C5462B3458156C","2026-09-22 06:10:42"
"src\core\streaming_orchestrator.cpp","9753","A87390C91362B703CE1074EFE6A8532AC986E48CFB5A742762544D3C0C9ADDF9","2026-09-22 06:10:42"
"src\core\streaming_orchestrator.h","6401","CE2DD4DA84147B204065BE2E813304ED5A6A086A81E5BE92222ABAFA288A73E8","2026-09-22 06:10:42"
"src\core\string_util.cpp","289","20D5AFD67656DC865F612A9F8BB092CD8F36D28331BC91DE69C04B3D01714C90","2026-09-22 06:10:42"
"src\core\stubs.cpp","32","FF28673795A1313E80619E0D8FA2BEF995CD2A44D711532B320102CC45DD2FBB","2026-09-22 09:44:13"
"src\core\subsystem_agent_bridge.hpp","7343","D8FCAB0A4D2E5B36442BA39C51B4A1149BB32950F6B4DF2649741E6B50F35D0E","2026-09-22 06:10:42"
"src\core\subsystem_api_stubs.cpp","1922","EEE0E743DE3B00674E6DA7314765536BD584EC8AD044D58F080DDA6BB21BAF07","2026-09-22 06:10:42"
"src\core\subsystem_health_monitor.cpp","21228","C74935C6720A7D5177B9910C2C0C855B124BA48E57B5BD7D6535FDA2F4B6E372","2026-09-22 06:10:42"
"src\core\subsystem_health_monitor.hpp","10262","5053C5061B48357E5B76D01623CACA0DFD960259CE716D9B3CC1C31ADED9665C","2026-09-22 06:10:42"
"src\core\subsystem_mode_fallbacks.cpp","51","A4E1805A1321F847FDC633B8F5C6FEB5AF5FC4D31590684279FB9508947A97FF","2026-09-22 09:44:13"
"src\core\subsystem_mode_impl.cpp","15558","20DB2266CF3901A558E8D15BD61E758CA9608DE32D24332356D8686C0D3160FF","2026-09-22 06:10:42"
"src\core\subsystem_mode_runtime.cpp","5145","AF5F1FB3C71713311A17CD40D0C0312EC342CE500F3E6A397AC4C6A10A8DFF14","2026-09-22 06:10:42"
"src\core\subsystem_registry.cpp","2520","FDF800B29D5542CA5D10D1F5202F931B3161360158E7977C6FDA47634D3AE840","2026-09-22 06:10:42"
"src\core\subsystem_runtime_bridge.cpp","10392","FF7D7A736D570B84558EBFE15D11B0D5328F51037AAFF0835D2D8755EF90D6F8","2026-09-22 06:10:42"
"src\core\super_node_parallel_stress_test.cpp","31573","5DDFBD98076EF012C790CBBE9C11ABBEFD4BAF8899205EF0C515ADE7CCF8FBB4","2026-09-22 06:10:42"
"src\core\support_tier.cpp","13479","F93E594F75F246CD84C777CC63C254EA673593177AB9B123B73583E494EAF7CF","2026-09-22 06:10:42"
"src\core\swarmlink_v2.cpp","2028","4EEAF19FD4B9C98B49683771A390B300DE0C9BCD2FFFAAA8079F7243D93C8C8C","2026-09-22 06:10:42"
"src\core\swarmlink_v2.hpp","831","B90053F6E48C5469CAD78191F17CF4EC0335C6F794E74D4A50B70A5771FD6795","2026-09-22 06:10:42"
"src\core\swarmlink_v2_prefetch.cpp","4401","55E2CEC59B55519CE1E0FB977B1C220B2FC09A8F2598DEB4190378E5E95272A8","2026-09-22 06:10:42"
"src\core\swarmlink_v2_prefetch.hpp","930","C64B4A1DA398210199FD057FDA75C78E44B57AE13536064B3A991FF8C1E8FE32","2026-09-22 06:10:42"
"src\core\swarmlink_v2_residency.cpp","3236","23537C7E9DCB2B277812E5516C0ED894834205737DF2DCC4E22598C8BD6B257C","2026-09-22 06:10:42"
"src\core\swarmlink_v2_residency.hpp","1714","21C4D77F9CDFB5EE8A4B5D0C6C0B1179EF8B0AD769D2C42E45535DC77373E73C","2026-09-22 06:10:42"
"src\core\swarmlink_v2_speculative.cpp","3634","F49EF0AF7B472F381620ADCCE30C5666997673CC94B09F17CA19B3C70ADEC21C","2026-09-22 06:10:42"
"src\core\swarmlink_v2_speculative.hpp","442","24317F45705BEC0C8C648BFFA8EF2655D8941148DB9D8EFE209980C41076EE43","2026-09-22 06:10:42"
"src\core\swarm_broadcast_task.cpp","10997","734C525EF586961BB34C3124BA6B478F35CB82A555A11CC98D56C1C48DFE1915","2026-09-22 06:10:42"
"src\core\swarm_conflict_resolver.cpp","28286","0B723D5030D2D6C19E3E95EEA4BEB6340889CB0F5D6CBDC33393A181BB88FC58","2026-09-22 06:10:42"
"src\core\swarm_conflict_resolver.hpp","16021","7E385E2B7888D0664F8A8733BABACE69818E874EBD1F0A6770E361878EC4461D","2026-09-22 06:10:42"
"src\core\swarm_coordinator.cpp","87856","5A8639DD8309C8C4975709042B3B0E4853C84A8B63ECCD041C1DB4FE2AC9D1BB","2026-09-22 06:10:42"
"src\core\swarm_coordinator.h","16345","8C68D0181658A809E93888CF3057A3F5D09C085E9DFCC70697BF83050B7CC9AA","2026-09-22 06:10:42"
"src\core\swarm_decision_bridge.cpp","30315","45BE9FDB862D9311EE05A6CCB784FF931947E588299B3C75AE48EC905025684B","2026-09-22 06:10:42"
"src\core\swarm_decision_bridge.h","12784","6461B4F7E6D516E31B5DAD51B15C72B058FF39F37414E2CDC999A3F0D8EE42D5","2026-09-22 06:10:42"
"src\core\swarm_network_nonmsvc.cpp","8174","21F6ED033C226C414468EF08D3F8CF5133C1FDD58C2B4F7C06E60351366C5637","2026-09-22 06:10:42"
"src\core\swarm_protocol.h","19389","D9AC5232A0743B702D1CE57E0687A464FDB790D013501496AC2C651AEE68C462","2026-09-22 06:10:42"
"src\core\swarm_reconciliation.cpp","24696","8AB06600096A5BD9D161474BF7D21B91AD34E33A5F3C5BD1DC26CAA082F13B82","2026-09-22 06:10:42"
"src\core\swarm_scheduler.cpp","53866","60F443497C96588C4C44AFA27A84CB2D271DDB2A41D60FDB4528D13866651589","2026-09-22 06:10:42"
"src\core\swarm_scheduler.hpp","33304","FDFD49B52374047712C97B9556E51E71CF80CE790B5FA418DEC094B19BDF65CD","2026-09-22 06:10:42"
"src\core\swarm_scheduler_compat.hpp","2696","29B90640FF275562C040208C8C90D134DB3787984AD66000CD537FCD75920FF0","2026-09-22 06:10:42"
"src\core\swarm_types.h","18420","C30F723F3BCF86E431B03C94DC090BF148D374F4B46CDCD91E2D3C00093B6102","2026-09-22 06:10:42"
"src\core\swarm_worker.cpp","28722","3227F2437F5505CCBE718204BB1AF1CB5E3627A452545D009DB804380A4BDC11","2026-09-22 06:10:42"
"src\core\swarm_worker.h","4915","76C737A581FBD8C6C97B5427A60501557ED0C96D2C826F78FCD442BBF42F3059","2026-09-22 06:10:42"
"src\core\symbol_index_impl.cpp","3785","4C5236433F88B41D8B362DCCC76059C923A5B13B63F9D1E04429680FFAB0AADD","2026-09-22 06:10:42"
"src\core\symbol_table.cpp","4133","8EDFD3EF22DD71497E532334A21615E72E3C62EE71F7186DD320FFA7DBC8500F","2026-09-22 06:10:42"
"src\core\symbol_table.hpp","2631","7321DB23B966F4A38A12D680331EB080A2C0DAB0B414B9EBF8779665E99DDC78","2026-09-22 06:10:42"
"src\core\system_integrity_audit_trail.cpp","9789","DA8DE28984A61EC3C157C4B8FF544181E86B29B1EB867B24AA7980999FEC9687","2026-09-22 06:10:42"
"src\core\system_integrity_audit_trail.h","6519","A5322F846C6549677C51399453A694578B684823479C7812966813044991DE34","2026-09-22 06:10:42"
"src\core\task_system.hpp","37218","D965E98CC285055C271B05BA3812D37B7D3E98B7E52FFFBB414851EBF0B16B03","2026-09-22 06:10:42"
"src\core\tensor_residency_pipeline.cpp","26225","2E073EB08D141BBDBF01B3F6B82E71A3D954F509F7E48D624EE5272CDD45B12B","2026-09-22 06:10:42"
"src\core\tensor_residency_pipeline.hpp","9605","3B6B8F460145524ADF3358DDD0F9B5150D35619E876A98A6BF5FDCECC71F9AE7","2026-09-22 06:10:42"
"src\core\test_all_phases.cpp","8808","0B2C680E03096BB35425F19AF8268A6F3063AB8868E09E588FD55607E96C6369","2026-09-22 06:10:42"
"src\core\test_avx512_intrinsics.cpp","5625","74EEEF64A16F271E4A1D584F91C715605CDE67EE9C847241114B0DCE687F0B3D","2026-09-22 06:10:42"
"src\core\test_benchmark_suite.cpp","4859","7091663F2140BC2B0C368829CFF4523E4D8C49CF26181972D6047C9E732C4CDA","2026-09-22 06:10:42"
"src\core\test_command_router.cpp","4239","9B870E8B633E4B067888A6062A579D6306DE0FF1EF09F8083437BF2DB2D0B2F2","2026-09-22 06:10:42"
"src\core\test_command_router.exe","131306","6090487A9ED5CFBFA06283DBABA3425C111DD3B3CDD002D073BD9CEE4D6E64FD","2026-09-22 06:10:42"
"src\core\test_distillation.cpp","3233","D3A3694FA7A3CA63EB9B03DEBD25D83E82304EDFAE25F3757452C97E5BBA8AF7","2026-09-22 06:10:42"
"src\core\test_e2e_splitter_decoder.cpp","13781","BD39FFE253861689407AE5D6C29B811851310783C35791D91E6B12E2FDA5B338","2026-09-22 06:10:42"
"src\core\test_event_bus.cpp","2961","FADD38400A5CDA4EF4EEA3DAA67850E57F5116CD2613A52D0A5CBEA7BCD05B1C","2026-09-22 06:10:42"
"src\core\test_event_bus.exe","102779","5591CC8EC8E5D929B4BD34D9B8462376A8D5A34B6DA9A28F1C83BB09D2813FDA","2026-09-22 06:10:42"
"src\core\test_gguf_bridge.cpp","6272","524AC57B16232FD22031BC87B67EE1C18D4C16C778C8CB94A967EFCE11B82110","2026-09-22 06:10:42"
"src\core\test_headless_interface.cpp","4367","2604F1F10126DB88D3046ABC800FA987A0EB9794AE52828820685FF9FF9570E0","2026-09-22 06:10:42"
"src\core\test_http_splitter_client.cpp","4834","522EC3E77293DDB304B235C2E46D2BE134B59450D68BD5E3F31BC63F033502D4","2026-09-22 06:10:42"
"src\core\test_kimi_k2_smoke.cpp","6167","6565D45FF3D1412FACFA285A3B27F497F0D53F5F49A2F660E1F7214A1159957E","2026-09-22 06:10:42"
"src\core\test_llama_decode.cpp","4317","CC2DF3B4264F54C12E3B11B5642239E52426FD3369A5F9BCC268168D540CAE23","2026-09-22 06:10:42"
"src\core\test_mapped_gguf.cpp","7174","4D88F4F40E19F745ED09AC10FBE31B36DD4F135E6FC57977BB8225F734F3B1CB","2026-09-22 06:10:42"
"src\core\test_minimal.gguf","2097152","4D49F89E54D999B264EA559E426A284DA15D2CEFCB9A91993D92AA5F3F06C2DB","2026-09-22 06:10:42"
"src\core\test_phase12_final_integration.cpp","11382","628775A3C4A50CD8EB3F256E64D9E424FD5ED5F8593F9C93CD7FA4383F0CB24A","2026-09-22 06:10:42"
"src\core\test_production_monitor.cpp","4740","241DE729826D071B9BD240206AD5835E9F414FE71AC93107E83CB2B464E1BF3C","2026-09-22 06:10:42"
"src\core\test_quick_validate.cpp","4900","59930BBFA26EBDABC3066A191806736CD7DE758F652AE07B288DCB4FEC141A3B","2026-09-22 06:10:42"
"src\core\test_session.exe","95934","C9C2A103E2CD84160D82574D33FC20AD6511ED613B69DBE1B44F068717B51F6C","2026-09-22 06:10:42"
"src\core\test_streaming_inference.cpp","11321","1BC95920D18FD7F453093C4DC12FCC7E65678477E70BEBFB4BA9CC302AE39EB2","2026-09-22 06:10:42"
"src\core\test_ui_mode_adapter.cpp","5696","8AE42756BE4EED2A1D74AEF907C2FCD7D1954F884642F900A47C22F5D8F4E49B","2026-09-22 06:10:42"
"src\core\test_ui_mode_adapter.exe","86391","7F13FE0CB01B67C27701C41D78FE1BF1E8070A1ED0FD6F4170459459ED2EFFEA","2026-09-22 06:10:42"
"src\core\test_unified_config.cpp","4266","DC47B3D21EEEED0822CE72EAD10736858877F090BF6842F88D873DA5DBDB1E8B","2026-09-22 06:10:42"
"src\core\test_unified_config.exe","97579","C755E4E5847C1ACEC02B3D9973B833A2F1FD7B3B84DBB5B74DE82C6BC92F8090","2026-09-22 06:10:42"
"src\core\test_unified_session.cpp","4113","BFD5482E80C0A47445CD9BE4601E41AE73A28CEF540FBE3AB1376FBCC594B5B8","2026-09-22 06:10:42"
"src\core\test_version.cpp","2406","328502D20AAB83BC72B5716F7D76851D04F0BC14578FB8C70655A62BD0EFB0FC","2026-09-22 06:10:42"
"src\core\test_version.exe","94315","BA0493D417015C7B1E064E4C5EB68344929884374C356A9CDA35E77FFBE57928","2026-09-22 06:10:42"
"src\core\thermal_plugin_loader.hpp","18497","C76C42DA20340318D600CFEEAAAC659736136E9D7D86C0F03A3145B0CAF34D63","2026-09-22 06:10:42"
"src\core\thread_contention_profiler.cpp","17962","2D6056B6695E4592336A6F86427E1CE4B1DC84E6DE42913CA2B592E446702CAE","2026-09-22 06:10:42"
"src\core\thread_contention_profiler.hpp","9051","BBB975BE665DDBFF1FA21383D8B8010B714B3672A58C826C759EC2D354BBB5F5","2026-09-22 06:10:42"
"src\core\thread_lifecycle_registry.cpp","5645","240773CC01137FA3C71AA9898C7B3C7BBB9F95C185B1EE1589D481A1442D4C1B","2026-09-22 06:10:42"
"src\core\thread_pool.cpp","7491","28FF247E58820037683EE077B52932BF20AC545B02FC23C0D6880B16990A772B","2026-09-22 06:10:42"
"src\core\thread_pool.hpp","6010","B6A88E4248A32A3BA7862EB40F96CACAB1ECC80C013C4660D89B37F579928B08","2026-09-22 06:10:42"
"src\core\time_util.cpp","288","805AE31605C22760112411FB996EB1FEEB4213F69D24032608CC4C728019E68C","2026-09-22 06:10:42"
"src\core\titan_hardening_audit_v4.cpp","3157","1BDB0C99EFA3FB43B9BA513295C6751387192FAB85FC2E9CB877FFAB4DE9D347","2026-09-22 06:10:42"
"src\core\ToolRegistry.cpp","11327","707FFBF629A155C4F12BD24DBFEAB5FABCC75F08F6A046F6DB215010EF2ADA26","2026-09-22 06:10:41"
"src\core\ToolRegistry.h","1603","8AB1149963C8E75E1794B124B5FB73EA38B58D2ADCACEA9892F921888E20E597","2026-09-22 06:10:41"
"src\core\ToolRegistryTest.exe","15872","177C1C872B3E46BCCABFBA88B669897BB7182BB555392BF6BDE27DCE0CFC6B41","2026-09-22 06:10:41"
"src\core\tool_registry.asm","21461","322C51B91E77B4EEE613ADEF2EDC2ABE3989E11B243342DA0D7CCDF74CF0EB06","2026-09-22 11:57:34"
"src\core\tool_registry_hardened.asm","17733","EAC340A26A1BFB4D710E9B984BECC369B4E9ABD95CE2B2EC057CA42DEF595F1B","2026-09-22 11:57:35"
"src\core\tool_registry_hardened.cpp","22034","8C0688E92B98F387BE253C46CFAC92436C2522C1201472A15E323580FF999B54","2026-09-22 06:10:42"
"src\core\tool_registry_model_ops.cpp","16803","CFCB3FEA5ADFDBC7FEF813C3A10BD9670B53BD95D07B4E0D7BDDEC62246E1BA1","2026-09-22 06:10:42"
"src\core\tool_registry_model_ops.hpp","3164","CE874FB1E8D379DA063441FE0030DE2E88546D2427632F1CDEA93A1B4A689063","2026-09-22 06:10:42"
"src\core\tool_registry_verify.asm","4267","3F8FEE719B910E65F8BAF535BC54A9D1D60A5A3C1D8507B47C12ADD7B02EF54F","2026-09-22 11:57:35"
"src\core\tool_schema_registry.cpp","4139","D70C55E2408CED3249C13E61F5038EDBBFC1CDEF5FB20CFA0F6284C32E24BB5A","2026-09-22 06:10:42"
"src\core\transaction_journal.cpp","16228","64034655DBD3649B8F7BE2C816B3A2D5189C685B622179D65CF892022579E249","2026-09-22 06:10:42"
"src\core\transaction_journal.hpp","4996","FD2CCF84745C521AB0360C14893A6CFE92F00FAC42F507AABABBC84E1A3E8DD9","2026-09-22 06:10:42"
"src\core\transcendence_coordinator.cpp","17009","3D613B833122A2083FAAF790D56DBA7E3F887E316239743C2D716DE75FC68BDC","2026-09-22 06:10:42"
"src\core\transcendence_coordinator.hpp","6437","BB050AB539120C2E8EEFC8A2776C623D13998917AC399C92E938D05E19554B28","2026-09-22 06:10:42"
"src\core\transformer_layers_avx512.asm","12899","116E9D000D05CA43F64A4485715554241FA2F66A51B211B289F96D4D1CF0D56D","2026-09-22 11:57:35"
"src\core\traversal_strategy.cpp","26892","C69984821FE6BB5E19787B3B7C4E045149B277AD33507B5086EC0E87CE99AC62","2026-09-22 06:10:42"
"src\core\traversal_strategy.h","14881","85E33D68EA190E68CCBFF044C185BC7C7AE0E14D83D73E8D6BE378EBE64880A6","2026-09-22 06:10:42"
"src\core\tres_stabilization_layer.cpp","15006","168F4FA184A9AC6E89BA4D1DAD8DD544DCDB555E5BA1FF39522DE86D9A78045C","2026-09-22 06:10:42"
"src\core\tres_stabilization_layer.hpp","9583","B5E922409679630B9205F1E48780306226921CD8C3F804459E1BCFF7276193C5","2026-09-22 06:10:42"
"src\core\tres_stabilization_system.hpp","9656","0FC6B616B269D12B207D0DFBAA667B19C054D16C395842C5B5F6DE47D22CFDA9","2026-09-22 06:10:42"
"src\core\UIModeAdapter.hpp","7050","F453662F55956F76F54DBF6FEA386A2287EDDC591CE7414C1635F6598AF8C066","2026-09-22 06:10:41"
"src\core\UltraMinimal.asm","274","27EA42DBD96059CC7F1A7AA225C33027697E1AF2216C85648669D8B3E0823F21","2026-09-22 11:57:24"
"src\core\UnifiedArchitecture.cpp","16857","C1A0CC442CC8AD93E4562E22DE1C7014B80FAC244DC28A7942F1126379DE3C21","2026-09-22 06:10:41"
"src\core\UnifiedArchitecture.exe","139442","A7BD8E7D15A2A7431C747FD2E9C2313DB5B5C00A9469F220264EA60AF463D8F9","2026-09-22 06:10:41"
"src\core\UnifiedConfig.cpp","10661","4CAD768FA3462769B54464C39E13169DC6983C9CA7FE3B27BEBABA08A4F33328","2026-09-22 06:10:41"
"src\core\UnifiedConfig.hpp","5146","5A21B49BC26D30DAE633799B415C7DB9AF3ABEB1200CC2948596D2997F3CD801","2026-09-22 06:10:41"
"src\core\UnifiedSessionState.cpp","10568","4EECB9702F46E83CE9F3D6BC8683C2D326404037D612188EB93F14BCEEDD14AE","2026-09-22 06:10:41"
"src\core\UnifiedSessionState.hpp","5034","659B0DD740E658F641B880C389BCC24DEEF416B0559027C865E3E1138A37398D","2026-09-22 06:10:41"
"src\core\unified_command_dispatch.cpp","19804","6D66E71C5828C4387CD574EC746F47F309169544B6346059DA113A3AD12969DA","2026-09-22 06:10:42"
"src\core\unified_command_dispatch.hpp","21329","1D864BF51393A7EAFD41A355228CFD0AA868494B79A1769EE756902DBC4A525A","2026-09-22 06:10:42"
"src\core\unified_dispatch.hpp","15507","902E352DC570DF6AC368775A57B52E54FDD0A29BB32E5D7840FEAB98189E3D95","2026-09-22 06:10:42"
"src\core\unified_hotpatch_manager.cpp","59177","659AC562DBC244A854011AD5B66268860CBF0D667019FC10A446909B48E35B0B","2026-09-22 06:10:42"
"src\core\unified_hotpatch_manager.hpp","16527","9F2EBB79227543E60CFEBA73BA9ECD38CD35536DABA8827E603293431AC823BA","2026-09-22 06:10:42"
"src\core\unified_inference_engine.c","54866","D87D9941F0FC77F0C59E96D29776706691CD319F90125B9C038B871B1315AC34","2026-09-22 06:10:42"
"src\core\unified_inference_engine.h","18752","5C4DDD92A8EDBE5C066733CDD64E0A7813988C17C995E4E1085141CCE6066A7D","2026-09-22 06:10:42"
"src\core\unified_inference_engine_test.c","23051","D0A86288EFFD0EAF8B0F989212D10D53D94FAA7BE76D6F0669D6A4D0319D6291","2026-09-22 06:10:42"
"src\core\unified_memory_executor.cpp","22352","988542C0C15A1454F30869C0334378F249A78F98E04211BC924925919D752763","2026-09-22 06:10:42"
"src\core\unified_memory_executor.h","6905","9216D1E01041E8BF982B53B4F78B5AEDC372E9A8586F5CC5D39E327786A68940","2026-09-22 06:10:42"
"src\core\unified_overclock_governor.cpp","32877","F63DA0AA2B319D57863CEBAE46628D265835678203A3022B2AE22E113C1BCAFF","2026-09-22 06:10:42"
"src\core\unified_overclock_governor.h","10057","773FA9109EDF6300853B5E182101FCBEA498C7E7D3AAA510DFBFDA7CDB878C6E","2026-09-22 06:10:42"
"src\core\universal_model_hotpatcher.cpp","40734","2F62BFEDF8E9F2C4D789F41C5A435A9F52C6C95D162DC77241FA9137D60B2396","2026-09-22 06:10:42"
"src\core\universal_model_hotpatcher.h","16166","AB9F262B2C6CD6DC669D2431ED297A3333AA87D9D62E078FBCB9B512487632CA","2026-09-22 06:10:42"
"src\core\universal_model_hotpatcher_complete.cpp","11505","2E50479B0DD96332816E541012976BEC54D1E6D488634F351A9959D8F62D518D","2026-09-22 06:10:42"
"src\core\universal_model_merger.cpp","77924","BE35099FA26829CD0D073A210FB4CB01EC0C1339016D7444F92C2E2460DADD0D","2026-09-22 06:10:42"
"src\core\universal_model_merger.h","26045","F96E82C4DE2C13AD099AAAAED9C5A6915D5C48084E756F994879E3E134B5CD2D","2026-09-22 06:10:42"
"src\core\universal_model_router.cpp","18570","8570866897CA618DE94DEB6322D3A377ED5E3AE51A0FBADAC10335B0F5B5EDDD","2026-09-22 06:10:42"
"src\core\universal_model_router.hpp","153","B177FA39C5ADF2F6C265F1035E223B54A4FE14EAF570D3AB4E5EB4662986E25C","2026-09-22 06:10:42"
"src\core\universal_stub.cpp","41","2524749EABD1D0B6E3D35F0E3AFA4AA4C394856421C160D685C602A4286AE741","2026-09-22 09:44:13"
"src\core\unlinked_symbols_batch_001.cpp","4930","33C085B551D807661DCEC771CAFD06E01B1A1FE132E0C67057F90EECFA81F59B","2026-09-22 06:10:42"
"src\core\unlinked_symbols_batch_002.cpp","7276","B975A134BE5C5B8AFE83EC80A1E388DCC92A344B94FCBFDCE5F59A28AAC26787","2026-09-22 06:10:42"
"src\core\unlinked_symbols_batch_003.cpp","4537","A5DC6A5689DDB944BB90A5B1CD693F182BDE508692DE5C1461A53CCCD3223170","2026-09-22 06:10:42"
"src\core\unlinked_symbols_batch_004.cpp","5174","27DCEEA1949E583FF01277B336BC88B58243AEF296E66F20CF5434DBEC75712F","2026-09-22 06:10:42"
"src\core\unlinked_symbols_batch_005.cpp","7133","0DA35BFAC54BEA4108FD1B4E4AFA4DBCA23D5C029F4EF7812C175BD7531ECAC4","2026-09-22 06:10:42"
"src\core\unlinked_symbols_batch_006.cpp","5544","E1AE248DFD11D295AB4AFDB3FB990E6A1373B03D74312537DF0BEA26014D2A8F","2026-09-22 06:10:42"
"src\core\unlinked_symbols_batch_007.cpp","6411","CBC258A5D6DE1C9C3645E174E1BE05D1CAE1E96625B129BBF3A045DC392FB028","2026-09-22 06:10:42"
"src\core\unlinked_symbols_batch_008.cpp","5920","F1A0DA23975EB4FABA3C1DDF473C24619EBF66389D12629DB9E3F2F300EB6EF0","2026-09-22 06:10:42"
"src\core\unlinked_symbols_batch_009.cpp","3574","972C65D0D7BB2B42A3FEBF8609D67A239F00DDC7DDF943D2B8FCE8B6D4DB7C7C","2026-09-22 06:10:42"
"src\core\unlinked_symbols_batch_010.cpp","2415","636CC22AA39C7671D98DA9C295013B3C5E713291A172F8042D4016D4A3F1397C","2026-09-22 06:10:42"
"src\core\unlinked_symbols_batch_011.cpp","10568","EE8F69F13381E05D1B2B913AA8FB77874929E90DEC27998A90CB6787E48F0957","2026-09-22 06:10:42"
"src\core\unlinked_symbols_batch_012.cpp","3060","CCB13205714EA35CCFFA424584F8C3F974B8F62AAE6939233F93397057BC810A","2026-09-22 06:10:42"
"src\core\unlinked_symbols_batch_013.cpp","6421","ABDFFDDD9E4DBAE6001C36B984F8A446B16D31548B75D3AD42EE117915372796","2026-09-22 06:10:42"
"src\core\unlinked_symbols_batch_014.cpp","790","3C257264260140AB43A5F400B242B23EDC6B51EA6E69CEAC8604523EEF84A38C","2026-09-22 06:10:42"
"src\core\unlinked_symbols_batch_015.cpp","758","72FA567C8BF852A31C552A751AC7F58AE54F20876FBB773943B5191F6936DABC","2026-09-22 06:10:42"
"src\core\unlinked_symbols_batch_016.cpp","743","AC54A8549E1231777D97716897B449CC73E37D5404FA83F9AA30FC2FCD58026C","2026-09-22 06:10:42"
"src\core\unlinked_symbols_batch_017.cpp","4763","19C26813B06CD9D8034439EB819653B0A582BBC13562F77720D541FE14F9883C","2026-09-22 06:10:42"
"src\core\unlinked_symbols_batch_018.cpp","5920","7D624337CDFD01D3F2A70C29E94D1C5395F66F78156E93010FF4CB1046752181","2026-09-22 06:10:42"
"src\core\unlinked_symbols_batch_019.cpp","4209","29E1DA443B9F44BECB3C275E0E4885DA6F43653E5BC8D7E6DA5D706B5BEB0392","2026-09-22 06:10:42"
"src\core\unlinked_symbols_batch_020.cpp","1031","3AE315CC1576C00D68476197F03C7381D19A30F6802ED204A68ABC557CAE284C","2026-09-22 06:10:42"
"src\core\unlinked_symbols_batch_021.cpp","4808","C4980ACAC90ED8C70EAFF1E665E65BDA6474B29DE0E14579F4539999E8888C2D","2026-09-22 06:10:42"
"src\core\unlinked_symbols_batch_022.cpp","14836","E2258BFF0604F364BC7D5309951DFF4B57FB136EE3036C6E5015D1087E7B10FF","2026-09-22 06:10:42"
"src\core\update_signature.cpp","32111","91280AF3A6384D969C6CA8A23E76E44B11574C3B58217638F58C15BAAE32600B","2026-09-22 06:10:42"
"src\core\vector_index.cpp","28874","5352AF61E32489895EE4C62138F928CF1349B0F373867CF8DAF7FE417ADDB0F0","2026-09-22 06:10:42"
"src\core\vector_index.h","9859","3581CD63DDD03208C565ED567A000574DD984456C6D014A63720F6CAE6D57DD2","2026-09-22 06:10:42"
"src\core\vector_index_persistence.cpp","2223","E56F7B39A6B851E67A96CA6C08153AE47D6E91021250E3A693293D55BCAC7FA7","2026-09-22 06:10:42"
"src\core\vector_index_persistence.h","685","8BD6A50522CD2A0697F98322CADB86B1F74DB23D0F9D4F4BB2A10CFC237EC581","2026-09-22 06:10:42"
"src\core\Version.cpp","773","08BA6CF64E3CC585907CD34EF6EE639550A2FB8D519F6C5F61336361C947B8E9","2026-09-22 06:10:41"
"src\core\Version.hpp","2228","BC4F4E4E08B922E0D9964DECD124A401392C3AABCD83BFCCC0AF72ADD4691C72","2026-09-22 06:10:41"
"src\core\view_state.hpp","2251","52B15A22D80AB4B94F6027C523089BA58A60CCB2346DD2AE8557F8DCDD863128","2026-09-22 06:10:42"
"src\core\view_state_masm.hpp","20705","A2B897173CE162542B9F12CAA6CB37DB8B1447DC1FF96D986B157FA3367AB17E","2026-09-22 06:10:42"
"src\core\vision_embedding_cache.cpp","18275","5EEA46245A2B65DBF7F25C444695F21F95D3661026FE27B546CA97C5D8F32CBB","2026-09-22 06:10:42"
"src\core\vision_embedding_cache.hpp","8088","22D21362AA16D1E4ACD0B80DD6F096E8EF88C002480B2BC8AF5759F06D1262CB","2026-09-22 06:10:42"
"src\core\vision_encoder.cpp","85175","4F84AD7D24DE831169707F99FBC154135C244D29F0580CE8275B428ECC524793","2026-09-22 06:10:42"
"src\core\vision_encoder.hpp","12826","BFC105243973392D9DC36ADD4DB6EDDFAAE4D7B3ACA11B2EFE12D93B473CF284","2026-09-22 06:10:42"
"src\core\vision_encoder_complete.cpp","10780","8546525AE8753E7D4DAD4650D5AFB1B55F4C0007F7F67C70452A72444FF57614","2026-09-22 06:10:42"
"src\core\vision_encoder_nonmsvc.cpp","2683","1A46ED735BEE9FCEC082D5760B6682E31DF91758BB207B8DC0BDF6D3A0DFA37D","2026-09-22 06:10:42"
"src\core\vision_gpu_staging.cpp","28741","8D96955CF49F7248E80ECBA0A75F7A8EF9BFEF469BC023F913577FC52834A3A4","2026-09-22 06:10:42"
"src\core\vision_gpu_staging.hpp","10115","5AE9FFF84890C30AD4046022ED43BE9ED284CF7E23001DC5EBC7455F6BCA7868","2026-09-22 06:10:42"
"src\core\vision_kv_isolation.cpp","21413","F9C8353D527D0A738F7880CD4610CF53F87FEDA88D2BF91D46529F2A572C703C","2026-09-22 06:10:42"
"src\core\vision_kv_isolation.hpp","11350","50C669771AD0590983034D4D027760098C763DBEA0B7B14F841913CFDC25277C","2026-09-22 06:10:42"
"src\core\vision_quantized_encoder.cpp","24464","FDC4056D8B6E1C8FA27AC455BD4C944074D0294ADAC20063971DB4015F8ADEF0","2026-09-22 06:10:42"
"src\core\vision_quantized_encoder.hpp","11840","C2ACFEBFA460B5F338453B95DBC231A5E9DAF6FFCD2568857DCF1064CBD8E7E7","2026-09-22 06:10:42"
"src\core\vision_token_gate.cpp","23675","7ED556D895AAE0BC908138BD4F00B0EBE607E20E889D40131E64CFEFE078E9A5","2026-09-22 06:10:42"
"src\core\vision_token_gate.hpp","9470","4468AEC2C5A0CE58FF12D062CE1F1C882B0B672223F1AF81583DAC3C52AADC3C","2026-09-22 06:10:42"
"src\core\voice_assistant_manager.cpp","44092","56D561F3F43AD9F1586CFFC515C4BB70E8677DDE4589203AFABFF8D51004BE82","2026-09-22 06:10:42"
"src\core\voice_assistant_manager.hpp","6456","49F2A70A9CB98AB0E1B854FCEA32735AE5530AC92049D909318B4536FD73B6AB","2026-09-22 06:10:42"
"src\core\voice_assistant_masm_bridge.cpp","12432","1FA794085B36512E2BAF8238CFDA22435637754CED3105DF62506A0EBF985961","2026-09-22 06:10:42"
"src\core\voice_assistant_masm_bridge.hpp","6501","0A086CD72A4FCD5D60396D0FCE7CEA20EF1D792AD8CF42D2766D0BC28E385C37","2026-09-22 06:10:42"
"src\core\voice_assistant_stubs.hpp","2583","A0BD471C6C6A42FEACB055395FDF043036E8816B869063B81C0DFDFC080CE4E4","2026-09-22 06:10:42"
"src\core\voice_assistant_types.cpp","21763","69C91F51CC317A8FDC9FF0258028C8049F698F46EB05421A21474D1B5D318BFB","2026-09-22 06:10:42"
"src\core\voice_assistant_types.hpp","6894","77BC1DFFE27A4C6FEF01D3248B88E9B326DE7AE5F55274648FD3F89D7C512A66","2026-09-22 06:10:42"
"src\core\voice_automation.cpp","39005","C9CFD899FA36B8B3BDC427CCE6C8C907D4925EBA909CAD9494631CDF2B486090","2026-09-22 06:10:42"
"src\core\voice_automation.hpp","15054","CE83076EAD3FAFE775A3188654819FA67D4C77CC69A35F7F026CECFF99846E16","2026-09-22 06:10:42"
"src\core\voice_chat.cpp","43861","889E0F005DD900D1D7FEF0784041D4820A18BCFA7ED2327AD23EFE0A26541B44","2026-09-22 06:10:42"
"src\core\voice_chat.hpp","11101","7919BE1DEEC4715385EA87E692233A5BF2436B8EE841DA882D6DE9695FF72A9B","2026-09-22 06:10:42"
"src\core\vram_probe.cpp","3010","5719D129F7A3A96BAF03C68ACEF196647C71F87D0AE2EBFEAAF799851F2485F3","2026-09-22 06:10:42"
"src\core\vscext_registry.cpp","5714","085D57A489797CB803EF4F64B8AC73C0F85BEDFE0E9ADA87438D5CE60F1DBB1E","2026-09-22 06:10:42"
"src\core\vscode_marketplace.cpp","52880","EE5CB339CB767F4C111F4EE20D6E01CFEBFB12FB164FE5762F6628A80CB30383","2026-09-22 06:10:42"
"src\core\VulkanMemoryManager.h","1364","409A26DF70B6ED2AABEE76C69C99A94C51C20CC49976A3F6EDD76A03F3520BEB","2026-09-22 06:10:41"
"src\core\vulkan_kernel_stubs.cpp","1420","17D23ED2215B9A099B12013CE494CA31101C7848C5DF69E5C664909831A263D3","2026-09-22 06:10:42"
"src\core\WarmupEngine.cpp","7015","D39572B14BFBB86DA1EDBC156BDADACF17E8B10DDFCA1CBDF95E417C7027CB87","2026-09-22 06:10:41"
"src\core\WarmupEngine.h","1417","7E1C27D1D1F4994B05E297CE1FEF32C9E74A4951FE6F42475FE055AE0F4FA8F3","2026-09-22 06:10:41"
"src\core\watchdog_service.cpp","13279","16A8401231CA85DA927AA024B567702BAD51CFD393D1AF2E18955A871D2A8E89","2026-09-22 06:10:42"
"src\core\watchdog_service.hpp","6641","F73EAF475A00231AE137522D20EB9F5299914AE5CA8BEF7C14019B193499C0C1","2026-09-22 06:10:42"
"src\core\watchdog_stubs.cpp","944","21A0BA1DFACCCB02E2F7DAF514DF72EE49F15735C2937CE510F459D3AD8EB165","2026-09-22 06:10:42"
"src\core\webrtc_signaling.cpp","21683","F76D74088CF6FA20F8A5E691F9C322F2ADE9F6396F0BA8D662FC3B3F76F0B001","2026-09-22 06:10:42"
"src\core\webrtc_signaling.h","11724","2B8B24F6056F1C135EBEBDB436D1A7103656BE10ABDA13288871284E5CAFD830","2026-09-22 06:10:42"
"src\core\webrtc_signaling_complete.cpp","12739","9E38E60F0F69ED318116CF72BECB86390CCF03594C11B57D58D2D2140AB588AF","2026-09-22 06:10:42"
"src\core\WebView2Container.cpp","6476","C9C91AD0B20E8D5FB0ABC173F005750778CC012A5F99D8B847178FD4BCFD6A44","2026-09-22 06:10:41"
"src\core\WebView2Container.h","4278","FBB01A53CC504699856C6EA89AAB2C3C2446110D1E18C134C5AA941D70CF4B37","2026-09-22 06:10:41"
"src\core\WebView2EditorEngine.cpp","29125","E5D3AD8C8290963B87B48D2B45CCBC961CA2CBA9F8EEB3C3DE25D1FA7D18FB94","2026-09-22 06:10:41"
"src\core\weight_hotswap.c","19783","A0963CBC8B576242D89AA61D5E6B7B195644DAE999466706E5F8784974C6366B","2026-09-22 06:10:42"
"src\core\weight_hotswap.h","10549","0D2788D75B9E2A6E6BC13DAC5380A38D2AF4F83F7E414EBA44AA8434D332805E","2026-09-22 06:10:42"
"src\core\win32ide_asm_kernel_bridge.cpp","29583","1B52AADDDF9CCB7C0DF58BC94BF025ABDD1FB2842F756EEE330412E9F2329B52","2026-09-22 06:10:42"
"src\core\win32ide_asm_runtime.cpp","177","5E9D3AB4B22E38712482C29D2AC38976EB68160081E7313C10870C246D1E924C","2026-09-22 06:10:42"
"src\core\win32ide_beacon_status.cpp","199","DF010A391D738F3511635FF59E7380D4AE5E443B9D55AF435218B51749968A76","2026-09-22 06:10:42"
"src\core\win32ide_license_integration.cpp","9139","3888E3072EBFB12A27CF591FEC1EEAB4FA6A82B13B6FF77A07F3AC07DD96BD85","2026-09-22 06:10:42"
"src\core\win32ide_link_stubs.cpp","46","1949EA597247C62B5A980E1322D3A07CC4F746CF07F93B61FDB57C559E5973D5","2026-09-22 09:44:13"
"src\core\win32ide_missing_handlers.cpp","4787","923B20DA7D4780258EE9C8354067F84F5B2B2C63A73678296870740A18F552A8","2026-09-22 06:10:42"
"src\core\win32ide_strict_batch1_symbols.cpp","445","A3692B62D50773D6A1D87C3329849DB6BB378069CB6B2CB28144B79C68B13E10","2026-09-22 06:10:42"
"src\core\win32ide_symbol_impls_A.cpp","14095","0A9CE74277BE54A07A3C87D35E5E3F791C94416D7E964E3937F4D67F992491B3","2026-09-22 06:10:42"
"src\core\win32ide_symbol_impls_B.cpp","6676","9CD136BABE325311861BCCEBB98A66DC9E97339B293AC32C61FCA9592F961838","2026-09-22 06:10:42"
"src\core\win32ide_symbol_impls_C.cpp","4844","164AACA2BE379BBA5887D1A90339F66506DEF272200312F8F21CD852A6F2E9A6","2026-09-22 06:10:42"
"src\core\win32ide_symbol_impls_D.cpp","5438","A8AB3DF3515562E8AA789B0E3A076F7FFBA45964779FCEB61EBE3D43343FC62E","2026-09-22 06:10:42"
"src\core\win32ide_symbol_impls_E.cpp","2244","80F4823FD5B1916598C6E99A973ED21D276AB533A8BE0DF6DD170A43310AF4B6","2026-09-22 06:10:42"
"src\core\win32ide_symbol_impls_F.cpp","6275","711B0C189AC0496A4C46018296420891497CE2DC3903A6FB30BE303E8B91B4CC","2026-09-22 06:10:42"
"src\core\win32ide_symbol_impls_G.cpp","5714","C7D9BCAB152245740277E387B65A46082450047C3734A146471D69728A6CD2E9","2026-09-22 06:10:42"
"src\core\win32ide_symbol_impls_H.cpp","2383","E2FB7B7756AA9F99C233C3280F76415E5759092B0AFFB40563F52BFCC120345C","2026-09-22 06:10:42"
"src\core\win32ide_unique_impl.cpp","40208","CB0390CA4D68B1050E9FD0AB388D3107C442D80882969B0744EF877E2603C9F5","2026-09-22 06:10:42"
"src\core\win32ide_watchdog_init.cpp","262","2778CA55A329CD5C7CEF34135CF677D26CB8D553DD281150654A0AEE8F98683C","2026-09-22 06:10:42"
"src\core\win32_kernel_bridge_nomasm.cpp","12898","CAF0B104AAC48CA354ED7642169BA6B975026E28F53F940AA91853954628F4A0","2026-09-22 06:10:42"
"src\core\workspace_model.cpp","15744","049CE7BBF77E5A830E4EEB432C32E80AB01C112AE03DC923CE57412A871D9A20","2026-09-22 06:10:42"
"src\core\workspace_reasoning_profiles.cpp","19295","31C541A82E1E1EC45E1A3DB4218DBD90D056364F04E39B510A49BE316B2A29A8","2026-09-22 06:10:42"
"src\core\workspace_reasoning_profiles.hpp","6650","8AFBF404C316833E9335216C118AF566D965E44D59C9CD2B3E02BB810CAD3261","2026-09-22 06:10:42"
"src\core\_test_uhm_include.cpp","55","050AFEB2FAC33A3392289D58A7867E7051F62FFA212C6B14FDA3B4357FE41CE2","2026-09-22 06:10:41"
"src\core\execution\ARCHITECTURE_SUMMARY.md","13216","EDD7E4CDDFC65B901CC825429ECEC9839B0FCAE8F363A0D711B8DC0CAD1BF104","2026-09-22 06:10:41"
"src\core\execution\Diagnostic.hpp","3255","2AE6FCDD6B652E1AEECF9A99EC5AF5FF86A5949547BFB2955E2A533107BDC17D","2026-09-22 06:10:41"
"src\core\execution\ExecutionRequest.hpp","1635","0AFBFD54400FD93E796F3902DB6141B60305EAF48CD0F4F73970D50B578F91AA","2026-09-22 06:10:41"
"src\core\execution\ExecutionResult.hpp","2226","DF626E3DA8603E9F906999188C506D4308C97C07D97429AD4F946E1981E6D055","2026-09-22 06:10:41"
"src\core\execution\ExecutionStatus.hpp","2018","C4C69A87CF24F22BF2AA324088D58FFB45CF7707AE22744543BF960358EF5C50","2026-09-22 06:10:41"
"src\core\execution\ExecutionTelemetry.hpp","2081","4EE64501EA9C299E07E0C5681E27399F13D1158432FFD668CEAE35468CBD15AC","2026-09-22 06:10:41"
"src\core\execution\IExecutionBackend.hpp","2257","5B47B4C6D72A59F94A63470EBC4963C7BE65458F62C6D2C08DD45D3C78594708","2026-09-22 06:10:41"
"src\core\execution\IKernelBackend.hpp","6998","B7C0D86389674254E0BF5F628EBF89F9C4A9AFED9FE6774012225753AB25DF74","2026-09-22 06:10:41"
"src\core\execution\IntrinsicsBackend.cpp","10820","551C92CDA51B6A8319D9538E15AB84A05DFB027EFBB96309F050B01F9453753F","2026-09-22 06:10:41"
"src\core\execution\KernelRegistry.cpp","19039","C261857FD0C2433E766AB18C3EBC5489B142C6E8FFBF1C99DEB8A351DCD1BE8E","2026-09-22 06:10:41"
"src\core\execution\KernelRegistry.hpp","6818","824A29E5BA6CB2E1A05A6480B020CADDBDAE6D8B83AC22F24A0535C1940A5FE4","2026-09-22 06:10:41"
"src\core\execution\MASM64KernelLoader.cpp","15911","2A7F485C33067AD350A8F5F19B5B6FB2FC393AF1F294EEA1ADB6EA43A764112F","2026-09-22 06:10:41"
"src\core\execution\MASM64KernelLoader.hpp","5880","8B33ED50B3C3E91ECC5E778E77CEAADAADC6DEA35EA8CDE10A9F5C6E37761ED1","2026-09-22 06:10:41"
"src\core\execution\MASMBackend.cpp","10328","22824AA26E9645CF3850C87FF8EBF1E1990A4A096D6C95B63750CC701E613F5E","2026-09-22 06:10:41"
"src\core\execution\MASMBackend.hpp","3434","91622FE68207B85A65BBFB496BA88D73082D89EC4ABF67C2CBBA84EA61E8FBCC","2026-09-22 06:10:41"
"src\core\execution\MemoryBridge.cpp","7980","D53E771AC152658B1BB9F4420CCF046B84C156DD747C572D55014032683CF82A","2026-09-22 06:10:41"
"src\core\execution\MemoryBridge.hpp","5572","F3BB4649ABCF31B0513DA4DF5DE624318D5C149E1DA57104DA7B00EEBED2DCA0","2026-09-22 06:10:41"
"src\core\execution\ReferenceBackend.cpp","15123","F03A397EA47CBB9A1CFA8606611B9A5C874B7ABF89694B63795547F3EEBE48BD","2026-09-22 06:10:41"
"src\core\execution\SimulatorBackend.cpp","10462","D61733FF361307EB0843C96113120A47B170E477CD99C549916EC7205EBE1B3A","2026-09-22 06:10:41"
"src\core\execution\SimulatorBackend.hpp","4427","D529C172167D8918E0819965987B45BCDF9DB9429463994436C123DE4F6F5E15","2026-09-22 06:10:41"
"src\core\execution\SovereignBackend.cpp","20251","51B1B0B480649126672080E7C44BAA6ECA4A53843007854FD38C71D691229B89","2026-09-22 06:10:41"
"src\core\execution\SovereignBackend.hpp","6371","CAD6F85F223B5E41E0555EA689FBA47B8EDB0959C055B886FDED46328A29D57C","2026-09-22 06:10:41"
"src\core\execution\SovereignGraphRunner.cpp","17551","94C9C5C5032F37390B5A2B13752C9C4748599458D470D35111171D325DAFCC8E","2026-09-22 06:10:41"
"src\core\execution\SovereignGraphRunner.hpp","6118","70BC3563FE4DD4C6057ACCD01D0CE3A64A82906EA2351D5363034E0FA26105F1","2026-09-22 06:10:41"
"src\core\execution\SovereignGraphRunner_v2.cpp","22947","1139E734E7AF7FA0D8EC17ADFEA38270A7F1A2E938901FDA2C78E8172DF58A4E","2026-09-22 06:10:41"
"src\core\execution\SovereignGraphRunner_v2.hpp","8524","3C0EEB1BD150ECC6FF3F32B3866F8BACFA7F34B9E0597D87CD500348F504BD5D","2026-09-22 06:10:41"
"src\core\execution\SovereignKernelTypes.hpp","6726","41A4289B52CEEA63867AA14891285BECDCB7DD6EC49B0B830C60E5584A6A8517","2026-09-22 06:10:41"
"src\core\execution\SovereignTitanDispatch.cpp","21334","A81FD4DB2A7581C943898183D901CC5F5D3BB48DF8BE4D87BBFC5A36817E9103","2026-09-22 06:10:41"
"src\core\execution\SovereignTitanDispatch.hpp","6563","1EF05349D7E85F3FA935AA324B2DBF36482EC96B7EDCA3F3D428D2F68621039A","2026-09-22 06:10:41"
"src\core\execution\test_execution_contracts.cpp","4946","10DB9E394691AB34BBDCACE261D9F6B96D9A9597FD74A044605155D64CADCD52","2026-09-22 06:10:41"
"src\core\execution\test_execution_contracts.exe","105071","DB35544B77A22AAC4EA21C71B1DEBA89A245DB5B3ADD53D26A6F83C4C2EF9581","2026-09-22 06:10:41"
"src\core\execution\test_masm64_loader.cpp","11520","CE14D4ED4F4619D44D0FCFFC345575FB863995F23348BA7E540B7683350BB81A","2026-09-22 06:10:41"
"src\core\execution\test_masm64_loader.exe","107180","512FB1955CF04612D319DF583813C5660613F8872699F4718DDFFB30873E7DEE","2026-09-22 06:10:41"
"src\core\execution\test_sovereign_backend.cpp","11132","FE018EF60E565509B7D0A770B2E8422314ED04D7CC63AC1DB68EABB4B6C77BD3","2026-09-22 06:10:41"
"src\core\execution\test_sovereign_backend.exe","203276","611A07513EB3978344C9FD7F7E606FC1F577D60A9FF1B779C51CA5E76940383B","2026-09-22 06:10:41"
"src\core\execution\test_sovereign_backend_real.cpp","6301","AF137C757AA43621DB1F2C9296A92AD5E2A3BC99013D9CADD364E988BA24FE99","2026-09-22 06:10:41"
"src\core\execution\test_sovereign_backend_real.exe","219194","A8BD43C69F42C6A642DA2DFA1065525271C73BD67727546D05BC778C5E005C25","2026-09-22 06:10:41"
"src\core\execution\test_transformer_loop.cpp","12828","A445E459A46277D67970A4A0ABA32886F9AB08058DFF87D386580A92FC157067","2026-09-22 06:10:41"
"src\core\execution\test_transformer_loop.exe","151688","2873432A9DED7DE557328F56FA50D60584B3B27496785C7E7FEABA0E5D45D598","2026-09-22 06:10:41"
"src\core\execution\Titan_KernelIntegration.cpp","35093","B6B0BCDD81BA881B343AF64634A041E92651CE571B4B6FA6CD83A8F812493CDC","2026-09-22 06:10:41"
"src\core\execution\Titan_KernelIntegration.h","4736","E646D5E0760B706352E53D0630DBF03F58E61405BFA5B5DD4B3DDF87172DFE71","2026-09-22 06:10:41"
"src\core\execution\Titan_KernelIntegration.hpp","5346","215B5A12A3A664EC54F1B2E87A8E0650DBC73CC8D8E1F33154378C87213E7740","2026-09-22 06:10:41"
"src\core\execution\UnifiedKernelInterface.cpp","9221","A9AC5A0AAA107C6FD272CCF1A0080B3CF02E2C7FA3AA70BBCA5B9CD854891295","2026-09-22 06:10:41"
"src\core\execution\UnifiedKernelInterface.hpp","5189","E95E02A62D87C64F1767EF96D236E89EFA9920CBFC30083D5746296228C2CC48","2026-09-22 06:10:41"
"src\core\executor\CMakeLists.txt","1062","58BFA23354860D8014AB18BACE3E75ECC4B20CDAA1E70F08B8EC794D5AA4AA9D","2026-09-22 06:10:41"
"src\core\executor\executor.cpp","16355","018F65C5FE404E4670034501B2C22D25154006573E16667C6EE32666EA070F9F","2026-09-22 06:10:41"
"src\core\executor\executor.h","13452","02C76B43AA612EE932F4B649808014E23B81299AA69E9A9F61B3AA77A4671978","2026-09-22 06:10:41"
"src\core\p150_kernel_track\kernel_affinity.asm","768","AE92C02F0A91F23D8F610B86601528B61864EAED60AE138D243963F2F5B75D54","2026-09-22 11:57:31"
"src\core\p150_kernel_track\kernel_fma_unroll.asm","2032","4C31CDF3B0E4933146969864CB5A38F6D49F60DCF398D292ACDEB79AF797C0DC","2026-09-22 11:57:32"
"src\core\p150_kernel_track\kernel_vnni.asm","932","1C50CFA270EAC9C642C27CA47E9C03444B6117370542B978DC7026A3838A1067","2026-09-22 11:57:32"
"src\core\p150_kernel_track\draft_integration\drafter_wiring.cpp","1398","E3D6CD302EFD23EABF2BFF16F88DCFE079EEC4AD8B6FFEA121193A7FC5921705","2026-09-22 06:10:41"
"src\core\p150_kernel_track\draft_integration\drafter_wiring.hpp","891","75DC508DB419D871F192217275D32F694D842624B2D00496586E298CABBC0E8E","2026-09-22 06:10:41"
"src\core\p150_kernel_track\overdrive_trace\tracer.cpp","759","CF62222BC0B90CF2E3930F2A094DDEAD95D23AD83C03D96DB57715168665D845","2026-09-22 06:10:41"
"src\core\p150_kernel_track\overdrive_trace\tracer.hpp","424","621B53AE7C34605E9ECBDF49A102CFAC164229EE4B905734FC54E6E7768EEFF6","2026-09-22 06:10:41"
"src\core\p24_d\p24_d_multiplex.cpp","3365","F764FFB9B109711EBBC8BEA7486A43C1C03B8390DACCC0C44FB2FFECA67B44BA","2026-09-22 06:10:41"
"src\core\p24_d\p24_d_multiplex.hpp","1068","1C813FC4A8F8BDD7B81FD08EE6C7C451D2E1A18DCEE25BA8B863F34A05C61E6D","2026-09-22 06:10:41"
"src\core\p27_zenith\zenith_moe_routing.cpp","2927","2CB9C27E64E05FA1C375F9536DD8A396D881C26B89193A3E5A7ED42ECCA504FF","2026-09-22 06:10:41"
"src\core\p27_zenith\zenith_moe_routing.hpp","1603","DCCEA9D803883809EC49B78247839D9FD53196B1A22B6493738C41DF2E28A1E8","2026-09-22 06:10:41"
"src\core\p28_hypervelocity\hyper_150tps.cpp","2579","0833C7DA94A0EFFE75FF7A0CD94369D8FA9B4749F1E183324DE8F38E52BF1FC9","2026-09-22 06:10:41"
"src\core\p28_hypervelocity\hyper_150tps.hpp","1776","ACA26B1040968E53E28F57E2F58287E848AD10756BB881189B0CBBA65841A72C","2026-09-22 06:10:41"
"src\core\p28_hypervelocity\benchmark_harness\p28_benchmark.cpp","1998","83D54864E8A4C543045827C898004F3A984ACB78E12AE81980AD58D7112CEAD7","2026-09-22 06:10:41"
"src\core\p28_hypervelocity\benchmark_harness\p28_benchmark.hpp","749","9A5441D51CD95706229F7D51A7FA6194BED900D7A611288DFF8B3B4896FE154E","2026-09-22 06:10:41"
"src\core\policy\CMakeLists.txt","1031","05592E345A883199CC4E1706F918042DB1FA6817962374F3B2A429D3FF23D25D","2026-09-22 06:10:41"
"src\core\policy\policy.cpp","15504","7A00B4A8CA8AE5B4167F59DDB858DF18A08CA48AC1841A99326DCDD158F386D0","2026-09-22 06:10:41"
"src\core\policy\policy.h","10914","4908EF4A8054D26C09D5A244A7EFB7E66E6D59FF395A89A106B2A42B09806529","2026-09-22 06:10:41"
"src\core\router\CMakeLists.txt","3711","055527A76C598B5CB2F57B95077F60661D45C94B4EE6AE18A32C363FE10EE7E8","2026-09-22 06:10:42"
"src\core\router\router.cpp","14739","D03184AF4557394FD8A04C2FD2EFE46647234A965E6B1BC195F0AE6559224E32","2026-09-22 06:10:42"
"src\core\router\router.h","11829","306305EB7BEF1ED45BB344E82FA1F6A424DD911F4C43D10ECC9DC9FD860519C1","2026-09-22 06:10:42"
"src\core\router\tests\router_test.cpp","3920","3B98DCD3462855E89BEFD8FC0FC7297F9B9CB9A695900BFF76204C5332A75C04","2026-09-22 06:10:42"
"src\core\scheduler\CMakeLists.txt","4992","8D2906CF3FAE5F24A316A1B926FDFEEE6DF4713E49B7C0AE36061F39A86F6EEF","2026-09-22 06:10:42"
"src\core\scheduler\scheduler.cpp","17117","6FDCE48A19E8DB485B4A9D4223F247006B959A50037051F6F956F0DB6819FC36","2026-09-22 06:10:42"
"src\core\scheduler\scheduler.h","11183","535F368FDC0B245814A853B7FBA72417C69C6B2F79D8C89FA5E7266901E0835D","2026-09-22 06:10:42"
"src\core\scheduler\tests\scheduler_test.cpp","4737","7A7970BF86D88663A055CDD0664B439DACED3E4EB0EE954E2E1E89DF937239C6","2026-09-22 06:10:42"
"src\core\sdma\sdma_coordinator.cpp","8313","BFFE7D01A0397F1F111B05843EEC835DE10556F4B02E2272D9C1DA8203863A40","2026-09-22 06:10:42"
"src\core\sdma\sdma_coordinator.hpp","4719","D41F22494BD77264AADB9A87E6A071D5A13FF6A23111A69439260DBFD497E8D0","2026-09-22 06:10:42"
"src\core\sdma\sdma_ring_allocator.asm","5869","978733EF69F05937371A3F94103DD3C81E04AF3C29BDE105C842B6364E49E9A6","2026-09-22 11:57:33"
"src\core\sdma\sdma_ring_allocator.cpp","2922","3415607621311B10F10F98DFBCBEF8BEAD702E64E986ADBF9ACDDF5DD4FAA533","2026-09-22 06:10:42"
"src\core\sdma\sdma_scheduler.asm","12273","D2581439114126337FEA76EBEA3A993B328855BA871C43CE452C12442B1F7FBA","2026-09-22 11:57:34"
"src\core\sdma\sdma_scheduler.cpp","7866","F247BD2CB3B2B40C77980254FC05182C69E11AEC893BA8C55D28D763BA9573FD","2026-09-22 06:10:42"
"src\core\styles\runtime-core.css","7562","19237523C36814954854BDD71B04ADF5265744DBCCE560A9415F80F91AF9560C","2026-09-22 06:10:42"
"src\core\swarm48\ContinuousBatcher.cpp","1742","7669A0C87928FB51329B52EE4A6056A114F43E20CD01E48F8E4093C052B6E3E5","2026-09-22 08:34:54"
"src\core\swarm48\DeviceLeaseManager.cpp","1691","E8133433ED3CD3757AD59B528F912D9471A25EBFE3AC50FD81A7FFBFAD9332BC","2026-09-22 08:34:54"
"src\core\swarm48\PagedKVPool.cpp","2374","05DEA0EB4C77FDB682A53815E4B4993C3E9E550BC20230AB1DBF3FA30BBC54E5","2026-09-22 08:34:54"
"src\core\swarm48\ReceiptLedger.cpp","890","2BE1A8CEFF9304A69467871AED9C392ABDF4676D32BF420C01BD08AF50B53F05","2026-09-22 08:34:54"
"src\core\swarm48\SharedModelRegistry.cpp","1842","D5F56ED81A1E4C59BCB7D978946BDA9C62AD69607E76A1F51BD59593C3C773AA","2026-09-22 08:34:54"
"src\core\swarm48\SwarmRuntime.cpp","7478","BFB96C461D24D016130AC6D6545793567614CA3293FB17BAD4E57EBA7691A3E1","2026-09-22 08:34:54"
"src\core\swarm48\TeamCoordinator.cpp","978","E537AA280766039F35FBE47EC1C1678B456479F6A1AEF5B49FC2EC2AA30E593D","2026-09-22 08:34:54"
"src\debug\stress_memory.cpp","41","162B0055CD35174E71EB2381DE8108D0339C01ABE174FAC4FEA43C5D9F56B09E","2026-09-22 09:44:13"
"src\debug\stress_target.cpp","41","29F32F7524547FBF33D5E060BD06B1021A22C807663F2BA94FF7363A504089E8","2026-09-22 09:44:13"
"src\debug\test_debugbridge_telemetry.cpp","54","8CD122241CD9FCF34BB38667710238A53087933F69F3DAC837560FF7CB6BF512","2026-09-22 09:44:13"
"src\deep2\AgenticRuntime.hpp","4718","5C916D3DE8C5B8901D9AB7AA8EF2D53A9B27EA8BC5FC6049E490FE6320E261A8","2026-09-22 06:10:42"
"src\deep2\AgentToolAuthority.cpp","1578","295E6D99B3B5A2BE76979932B37AC9E162F046FEFF45971AB2BAE6A5EC191F33","2026-09-22 06:10:42"
"src\deep2\AgentToolAuthority.hpp","944","2E16BAFF4339EA8FD311AA842F5953C76B948B3719DC1689A0C2B1D7E83AD9D0","2026-09-22 06:10:42"
"src\deep2\AgentToolRegistry.hpp","17831","CB6BF09D744CAD8252C758AA7ADEF10CF6BCE09787F4F62BD374DC1F429CE6E7","2026-09-22 06:10:42"
"src\deep2\agent_tool_authority_selftest.cpp","4610","B092CCBDCDE91F20DB36FC0D8F3BE5DD5F345D02425611ED9C0F187AFB0AD1FF","2026-09-22 06:10:42"
"src\deep2\AntiPatcher.cpp","39","7B6E7B34A71648D92FB9048DC1DA79D8E4E9C3304D816F5883473BA3DCEA16DF","2026-09-22 09:44:13"
"src\deep2\asm_stubs.cpp","37","E05056F5225B1F1FEF7467E69EC35CC816FE1F5FF14D8542E7304A60E59A7F84","2026-09-22 09:44:13"
"src\deep2\AttnCertProbe.cpp","41","55BD1B39A07ABA08D1A7BB8ED70DBE594BB02BE76A65D3AC457D95F83DAA7B4D","2026-09-22 09:44:13"
"src\deep2\Batch10_PeerRowSplitCert.cpp","3359","CBB3B86CDDAB33BEAAC7E9ADA3DBAF7BAD2929C8879EC2F0CCF297E38CB87A20","2026-09-22 06:10:42"
"src\deep2\Batch10_RowSplitPlan_SELFTEST.cpp","678","E9CEC3ACE98B20AD2E75B2C57F1C3D53F7B4FE1C6BB0AD2BB4DEBD93F4751206","2026-09-22 06:10:42"
"src\deep2\Batch9_VulkanMultiGpuCert.cpp","2926","94EEE5640BBC834EFC07A4B3CDCCB9233C12D1610F8094F14724539094A3F545","2026-09-22 06:10:42"
"src\deep2\BottleTTL.cpp","37","239799F5C32FC73E08BBE13FD73E3565823F1E0081C225C8682AE4003EB03B56","2026-09-22 09:44:13"
"src\deep2\BP16Extractor.cpp","41","E80E4C434D61B9720C215E7A31639270499BF82FF8B035C47ED886D40DFAD387","2026-09-22 09:37:54"
"src\deep2\BP16Streamer.cpp","40","1BA8D143E73D2C4CEF84193BB844EB253CBA15103EC1C57D32F7A25F38290285","2026-09-22 09:37:54"
"src\deep2\BP16Streamer.hpp","108","0E6D46C90DE9E7742C96187B72BE2D42B2581F3344482873D9B0C4C8FC8709DF","2026-09-22 06:10:42"
"src\deep2\build_batch10_shaders.ps1","1218","2AE692E736B92101C946F9683E8CE129EE62F781C51FAEB482A77948D14D53DD","2026-09-22 06:10:42"
"src\deep2\build_batch9_shaders.ps1","2079","6E7A62F5ECBA2B185174B81C6F1142F581AF3738B87A4668265BD9990F9ABFBB","2026-09-22 06:10:42"
"src\deep2\Chamber.cpp","35","F8BC90A7D70EFCE22AEBA9DD58733FEEEB06982E895F1DB167CE991A82470E7A","2026-09-22 09:44:13"
"src\deep2\Chamber.hpp","298","6B6F4DEFDCFF59BC416CE555ECD1B3E6F42DF2E30E51DB6818E43A2CE8184F59","2026-09-22 06:10:42"
"src\deep2\ChatTemplate.cpp","40","9784EE920E17BF2F4508FB0E43D5ED4431630102F3D98931A18B443DE1DC3A31","2026-09-22 09:44:13"
"src\deep2\CliSpecialToolProviders.hpp","1660","D91F2A17E462DEFA64E18D65C4013A93044957120D2DF3BFF8B0FC02E3D41EFF","2026-09-22 06:10:42"
"src\deep2\CompressedKVCache.cpp","45","25492C58117B1A148AE36C9890B2101A1030EDEC2E36D55F8DD01ACAD1881FBB","2026-09-22 09:37:54"
"src\deep2\CompressedKVCache.h","190","02ED8F841A4B8AB8AFA3990DEB119B55F62B7C5312C9342DB51C4F032750D5FD","2026-09-22 06:10:42"
"src\deep2\CPUFrequency.cpp","40","3C292B6337898D90A922C764570F52B4F77EE12D77AB5E8432AA0DE884D9870C","2026-09-22 09:44:13"
"src\deep2\CycloneScheduler.cpp","44","2550F0A54777DF464B2C8653C06549CA3A474087750290B0E00E5731966A6BF4","2026-09-22 09:44:13"
"src\deep2\CycloneScheduler.hpp","234","62E7C2075D18FD8BB318450F81532095ED2DA1FE86774E14D3214FDDA1482E31","2026-09-22 06:10:42"
"src\deep2\d2_decode_contract.h","2288","3A7F215A08B87F205AA8B495FA5B4E1148FF0F204F33375B6A1E656E9D56E190","2026-09-22 06:10:42"
"src\deep2\d2_engine_ssvk_decode_bind.c","3030","13F758EB01E191594563025810170EB2B6EE6252D8B71183AB5DD1966A34BF93","2026-09-22 06:10:42"
"src\deep2\d2_engine_ssvk_decode_bind.h","1896","C8AFCA867C201E924B0DA4AE8C478582B1402C96B6DD032DCB03983A42DC17AA","2026-09-22 06:10:42"
"src\deep2\Deep2APIServer.cpp","42","5EE70338CE58A62DC0C6E4E28785CA4C95081BDB0AD3620AA77B76F58F17A590","2026-09-22 09:44:14"
"src\deep2\Deep2APIServer_Complete.cpp","51","301465E1C26B535E2C8A9F890C42B522276E0F53741D5F3B4152B7D38C7A9B5E","2026-09-22 09:44:14"
"src\deep2\Deep2B21QuantPack.cpp","1085","A6DF977512920E355D6FCABB99BA40E34971D9BFCAC9D7821FA9AA463ABC7679","2026-09-22 06:10:42"
"src\deep2\Deep2B21QuantPack.hpp","818","F9EB06FE003E5EB638382973B3E212E00BBFFCA51F9D5F1EA098A38F9AECCA83","2026-09-22 06:10:42"
"src\deep2\Deep2B21_25Bind.hpp","1368","09693270E9241E807DA29DB0ED29545809F94EDB45976878F1F920C02DEEE463","2026-09-22 06:10:42"
"src\deep2\Deep2B22LdsReuse.cpp","960","96D643855B8F1C5C8667221AA484C3C09C9AA3BD5ADEBB87F6955896C6815A9B","2026-09-22 06:10:42"
"src\deep2\Deep2B22LdsReuse.hpp","646","1F14263647F0FA705CEEDBD2582A948C6AB64EB263A60BBDB0737EC94053C58D","2026-09-22 06:10:42"
"src\deep2\Deep2B23PersistentQueue.cpp","1249","D13E7F1335F31E9055E309632C5FA67CB496D384328834BBF622C2DBD8A61589","2026-09-22 06:10:42"
"src\deep2\Deep2B23PersistentQueue.hpp","763","2C249407901412B1837B87CAFDFAEDE2B380225B8DF752A2697E5ABCB4A32109","2026-09-22 06:10:42"
"src\deep2\Deep2B24SpecDecode.cpp","990","567DBF70B71BA6F74C4BD3A15ED11C532F4A9625BA586A9EA552E5F731B26C81","2026-09-22 06:10:42"
"src\deep2\Deep2B24SpecDecode.hpp","887","50136B626DF5B83C19E9D142C68F3EDD2F0DA44C374D18655B0FF6B0822D9991","2026-09-22 06:10:42"
"src\deep2\Deep2B25Autotune.cpp","2301","38F0759AA2AA8D0A0E52060C0CB5D25E8F9765B191753D9A9B4D60E1EFFF04F7","2026-09-22 06:10:42"
"src\deep2\Deep2B25Autotune.hpp","1242","E4E292AE52FC9A099C517C251D00A3A3EEA6CDA5C6BDC49B7E089B26EB1E3A91","2026-09-22 06:10:42"
"src\deep2\Deep2B26AttentionSuperkernel.cpp","1226","0CD3741F52240C8F05625BF4C74C90821ABCDF54F75CD01E249467041FA6C61B","2026-09-22 06:10:42"
"src\deep2\Deep2B26AttentionSuperkernel.hpp","978","498647F84865C0E549A13E3228088E32AB2CAEF92CFA8744622ACAA71D30D8D1","2026-09-22 06:10:42"
"src\deep2\Deep2B26_30Bind.hpp","1146","9EE9650E1DBD4938B315E93EA48F02D9AB7C68D7965CA4DD8B8844B4EFAE7EDA","2026-09-22 06:10:42"
"src\deep2\Deep2B27MoESuperkernel.cpp","1428","F175FA65E1598E67A16EF25B894DB1C62289B3A26BBDE2BDCB52B7C844DC175C","2026-09-22 06:10:42"
"src\deep2\Deep2B27MoESuperkernel.hpp","1060","BE9C89A156A8FF178EFB45056DDAFDF94CB80CCFA0C06B9A7ACB9995F496FECA","2026-09-22 06:10:42"
"src\deep2\Deep2B28DeviceLogits.cpp","1276","1AD4C935BE5370FB95AB7F6918D2C1AD87AE64D4AE1680B09C5ADA7D9F36F05D","2026-09-22 06:10:42"
"src\deep2\Deep2B28DeviceLogits.hpp","1072","A19E3B64CB3A4BE353BDA56D3A85C854779D3666C386626AF14901CAF37AB8B6","2026-09-22 06:10:42"
"src\deep2\Deep2B29LayerChain.cpp","1286","8047ADAC6541DBAEECC0BABD5B5A064283C082153AB8003977E8563A2981573F","2026-09-22 06:10:42"
"src\deep2\Deep2B29LayerChain.hpp","862","7B6816A34E49919DA8E5A083D5164A566079AA562CD6FE7D9082003EF6356338","2026-09-22 06:10:42"
"src\deep2\Deep2B30RooflineSeal.cpp","3559","CF4EF3EEB3920342730D32E3197012858C23CD27EF8FA8F7EAAA82E97A38571E","2026-09-22 06:10:42"
"src\deep2\Deep2B30RooflineSeal.hpp","1859","F24AAB220524B4596364F17881E7103C329C931BE40A314C9F242A5AD0F32007","2026-09-22 06:10:42"
"src\deep2\Deep2B31QuantSuperkernel.cpp","1080","FC3A787683DCFB6C9F1C115F06558620B3253E1C6940D1564C27972C4392EA9F","2026-09-22 06:10:42"
"src\deep2\Deep2B31QuantSuperkernel.hpp","912","EFE3C4CD9AC3FF3B9E21816EC9A0E7B7C1DFC26D12A77F4C3F261E295FAC3829","2026-09-22 06:10:42"
"src\deep2\Deep2B31_35Bind.hpp","1422","F8922643479EA5B41521ABDF4C3E72C2851F67053C3D075D0071149B0321F907","2026-09-22 06:10:42"
"src\deep2\Deep2B32FlashMLA.cpp","785","60F7781047FD674019CD3A86E5C2C5391B99F6239DBCEAA0F0AA3E6A74CED4BD","2026-09-22 06:10:42"
"src\deep2\Deep2B32FlashMLA.hpp","881","E9763C370CF330C6F626931550699528A230AECC49AF37E84DC099FDF495AE5B","2026-09-22 06:10:42"
"src\deep2\Deep2B33ExpertStriping.cpp","1923","E3D681D008944BDE0222604A1EBA546D556C5E94C6A36940E7ECB6F6A79E1043","2026-09-22 06:10:42"
"src\deep2\Deep2B33ExpertStriping.hpp","927","B1152F40E424E189CD9261B41AEF0875B81BDE73450ECFAE3EF191469AD33538","2026-09-22 06:10:42"
"src\deep2\Deep2B34FusedKvAttention.cpp","759","3F9A7BE6386662204725E02A30E65686E4BDAF82203B195C1D1F8555DE3831BB","2026-09-22 06:10:42"
"src\deep2\Deep2B34FusedKvAttention.hpp","762","60F4714A4FFC55F9AA2CFE58151137672E8D7921C70AFEEB5D6CA49F58526BC8","2026-09-22 06:10:42"
"src\deep2\Deep2B35DeviceTokenHandoff.cpp","3136","44FFC6F420B61CC36815577B141F2FF00180DF8CF1F93054578CF4352F3F5A89","2026-09-22 06:10:42"
"src\deep2\Deep2B35DeviceTokenHandoff.hpp","2105","A9E4BDC9E2EDDFFA2E9E3C02B246DD19F8787E7CB639F2803619C167BEA5C474","2026-09-22 06:10:42"
"src\deep2\Deep2B36WaveDot.cpp","899","82C8AACA54603A877DAEEDB9C2ED634C97F58242A22B041B85A306C003257AB3","2026-09-22 06:10:42"
"src\deep2\Deep2B36WaveDot.hpp","904","026E0FD402B91240AA5398EEB624463E7AFEE1BA3200AE294DAA8932549F8399","2026-09-22 06:10:42"
"src\deep2\Deep2B36_40Bind.hpp","1360","FA6D76060D15BAE8A0095D77D16D669A135F0E4B738BA79904CE7A6E0F267D91","2026-09-22 06:10:42"
"src\deep2\Deep2B37RegisterTune.cpp","829","B9B4015118DB36E2DCB2694445F27136C202F61065AA17EEE8404139997F7E74","2026-09-22 06:10:42"
"src\deep2\Deep2B37RegisterTune.hpp","765","C62321B0F331224CB404E5C223BD3EA191126A0A6918008A51A7D7D848887BD6","2026-09-22 06:10:42"
"src\deep2\Deep2B38CoopGemv.cpp","715","2CA70482BC0D85C0C9A15C843D670708541E479F92C17182CE981E3DA3F74532","2026-09-22 06:10:42"
"src\deep2\Deep2B38CoopGemv.hpp","700","1AF2E6659B73E2F3DED0DBD6DBB45A886B274655A760C64754F3353FD3E43B92","2026-09-22 06:10:42"
"src\deep2\Deep2B39FamilySpecializer.cpp","1011","FE624BC863F8653C0714BE0E949F653B7782BCDA281BEA2C5D04A6B82DB6505D","2026-09-22 06:10:42"
"src\deep2\Deep2B39FamilySpecializer.hpp","918","2B3AB0D360B1D00948C55972B255FCED051CFEFFF861FF401A8E76745FC38C02","2026-09-22 06:10:42"
"src\deep2\Deep2B40PhysicalSeal.cpp","2911","036C8A155AC48338BD6D21A019C7A0C9E5D64C2BE6995BAB131B2F384FCB9ADC","2026-09-22 06:10:42"
"src\deep2\Deep2B40PhysicalSeal.hpp","1911","F7CFDE12960DC509921C32C97174F0240EFAB6F30149DDC7F755D75E9EB97F2A","2026-09-22 06:10:42"
"src\deep2\Deep2B41PackedDot.cpp","1061","02A8BE4F37DB49E0083DF1C35B43C50F2DF9118C068CC346CD242818E487B2C0","2026-09-22 06:10:42"
"src\deep2\Deep2B41PackedDot.hpp","907","2E6303A122AC3ABA5196E5BF32D8812044720658ABF0282FA524F1B48E8FD0B7","2026-09-22 06:10:42"
"src\deep2\Deep2B41_45Bind.hpp","1267","1795215E242223A5EE07AD9A277881CD7FBBC2F838F57D202B5945E71B8D7E3D","2026-09-22 06:10:42"
"src\deep2\Deep2B42AsyncLds.cpp","1053","024FBF2BF3C067FECED3BCA98E2FA3ED7DB73FFA956A0806D3DCD0731B4D12A7","2026-09-22 06:10:42"
"src\deep2\Deep2B42AsyncLds.hpp","727","6EE12C230C0690E42B59B0F48F21638ADF64548E26D3543925A88289F15D082E","2026-09-22 06:10:42"
"src\deep2\Deep2B43MoEWave.cpp","1546","B7F5A644D308826B4C099FEA2CC7471968D1C5DA0159B50DF6CA976406CBEBC9","2026-09-22 06:10:42"
"src\deep2\Deep2B43MoEWave.hpp","941","C736676227A97914951D030B2903FF7D1D9A45F891764218A85F2F1C96B629CD","2026-09-22 06:10:42"
"src\deep2\Deep2B44MlaComputeBalance.cpp","1092","B74674AF63102CED4CA9A4922C655DDBEEDE88BB41E3E6FEE86A5D0EAB659B2D","2026-09-22 06:10:42"
"src\deep2\Deep2B44MlaComputeBalance.hpp","843","72E54C0872A3BCD369F8EFAACD49B0E7AB037C2E974A0621A38B628CFBA71981","2026-09-22 06:10:42"
"src\deep2\Deep2B45KernelPlan.cpp","4574","4381562E581539A9EC7C4E9A312372E23780AD2C88886AFC5A05E12A78139A5A","2026-09-22 06:10:42"
"src\deep2\Deep2B45KernelPlan.hpp","2935","031E2310B2896223C0EAA40AAAFDF7FEC45A7BCEA040DEE8CBD6522049641910","2026-09-22 06:10:42"
"src\deep2\Deep2B46NativeQuant.cpp","1018","176B51FD36D3524D47C21C2214D34444F4903BF31C7FC48A49BD2EF66D1A2260","2026-09-22 06:10:42"
"src\deep2\Deep2B46NativeQuant.hpp","915","F80C1F34EE90434D6BADC9034FA2F8A6411507774A5B708A960E4D57A035AAE9","2026-09-22 06:10:42"
"src\deep2\Deep2B46_50Bind.hpp","1171","E22CE22455B460B213C21288B6073C7AF12E2271815743E04739A558DC2D3AE6","2026-09-22 06:10:42"
"src\deep2\Deep2B47RegisterExpert.cpp","1481","B991FCE697741672B418BA5D803C9EC1C64DAB4AF7087613650D7798C67F764A","2026-09-22 06:10:42"
"src\deep2\Deep2B47RegisterExpert.hpp","1178","9ACF9F31E9531CC2D10DBB8FB9088661F5A6987FF453859ECF5BA38689703E4B","2026-09-22 06:10:42"
"src\deep2\Deep2B48CrossLayerFusion.cpp","1174","C12F7F8D81402B89C8A989886458F1828C3584B3B9C51E95435CE07D58534F0B","2026-09-22 06:10:42"
"src\deep2\Deep2B48CrossLayerFusion.hpp","948","0C3B4A3F93438B880EBF0AF40167EBED430C2C7D74D0D04BE983806277E1E0D3","2026-09-22 06:10:42"
"src\deep2\Deep2B49ShaderSpecializer.cpp","2405","6109159A841AB5716FDD027BBD0163636502EEEA131646AD23BDBAEE57946061","2026-09-22 06:10:42"
"src\deep2\Deep2B49ShaderSpecializer.hpp","1242","0B02D1EFE7534153A7C3CD9F36C44CCE131CA91D27AE66869B53B95BA0FE97B5","2026-09-22 06:10:42"
"src\deep2\Deep2B50ChallengeSeal.cpp","2923","8CCAD195D1315C896C47E4237CDE4945B1F5B4FA5264BBCF7668F02B3BAB23B6","2026-09-22 06:10:42"
"src\deep2\Deep2B50ChallengeSeal.hpp","1926","2C7295687062A7F702765E65D47CC38F1EE20A628B10D16BB47A879992349470","2026-09-22 06:10:42"
"src\deep2\Deep2B51OwnerDirector.cpp","1585","ACD22316C3F6B91F48AA07B88AE4929D87207985C3137152AB6192D291C344B7","2026-09-22 06:10:42"
"src\deep2\Deep2B51OwnerDirector.hpp","903","6DEE8792943F6E24D97D40D975013803E5C41E2FD96C9775F03D1B0F7B52AABE","2026-09-22 06:10:42"
"src\deep2\Deep2B51_55Bind.hpp","1148","41FFB4B4B5FF25BF011E9017D54E34344BF7D1E782D965D9DAF12F167F22288C","2026-09-22 06:10:42"
"src\deep2\Deep2B52MemoryTail.cpp","1138","F9AE5FDCCBAE785C6F3D36CADDCC16C5B76228F903ADDD7B806814096C53BA75","2026-09-22 06:10:42"
"src\deep2\Deep2B52MemoryTail.hpp","806","F2239E77A1DBBF0DD567A9630B81A2429AB8009C4FA7547ECE344C8B268EC3AD","2026-09-22 06:10:42"
"src\deep2\Deep2B53ComputeTail.cpp","1383","11FD811C23B0979D40440F479B5ED359177E4790B279560EEC39422D30B9DBB2","2026-09-22 06:10:42"
"src\deep2\Deep2B53ComputeTail.hpp","976","20D9C0B33A6611D5AFFC6D1CF2C632876DF5CCBCBD01A4A82AD7997DFF3443A9","2026-09-22 06:10:42"
"src\deep2\Deep2B54DeviceGraph.cpp","977","882A65A53095FD2966BD1694AE6CD6BFBAF5995438CF5314F7C29D3EAA4CFFD5","2026-09-22 06:10:42"
"src\deep2\Deep2B54DeviceGraph.hpp","927","CAF3C2E0D8D72A5C6B72F320839CC9D09E54AF7B8A7A3CF97E97A0E978C36A4C","2026-09-22 06:10:42"
"src\deep2\Deep2B55AsymptoticSeal.cpp","3072","F20427BA8475E7DD4A18B22C2F168853D2A549D702C90E869D833C5E95C06799","2026-09-22 06:10:42"
"src\deep2\Deep2B55AsymptoticSeal.hpp","2023","EE7796F4175B3ED698FED1AEA9FCB882F1FC7D930628260214FB9D43574B93F1","2026-09-22 06:10:42"
"src\deep2\Deep2B56LayerPhasePlanner.cpp","1047","9F48B3FBF6107E8F09526362A76571D3CB6B195F8E8E67AE8DF270BF8A3FE87D","2026-09-22 06:10:42"
"src\deep2\Deep2B56LayerPhasePlanner.hpp","890","A091B1A6852D4C419704AF7F520A2EDE288D8AACB614AE059CD74E80FEC8AE28","2026-09-22 06:10:42"
"src\deep2\Deep2B56_60Bind.hpp","1143","DC2313770F4599F1950E6FE76C0D59606D7DCEF5EB327B0327C21186A30BD42F","2026-09-22 06:10:42"
"src\deep2\Deep2B57ContextKernel.cpp","693","7136586487A017F729D1A8FD411558DAC3CAE2705C5A8717353F196A8CB6E778","2026-09-22 06:10:42"
"src\deep2\Deep2B57ContextKernel.hpp","611","69A844021F4BC3338A33868243780398954439DB7072A1D156C3178DF9EB99DC","2026-09-22 06:10:42"
"src\deep2\Deep2B58RouteSpecializer.cpp","932","D01CB8E7AD6D8B41D53B52A50ED277B4FD91220E24B1D6629BC2F3F478056C54","2026-09-22 06:10:42"
"src\deep2\Deep2B58RouteSpecializer.hpp","742","102F4EA7B39F78EC6DEE5860AF81397FE76012848C823D367495E94325D8CA8F","2026-09-22 06:10:42"
"src\deep2\Deep2B59StabilityGovernor.cpp","841","8284FEE13FD49B5E818EB61B99067AC0E989FDFE992C5E4E38188CFD9DB91FF3","2026-09-22 06:10:42"
"src\deep2\Deep2B59StabilityGovernor.hpp","710","57A51D9F52F4C8AD04DF736FA40B594A69613A2BABC6616C76CC57D7C89747D2","2026-09-22 06:10:42"
"src\deep2\Deep2B60ModelContract.cpp","3101","ADCC2D87F982D5E579192B7CBF9BAB91F34326BD90DFB108B368E9E6F94C5805","2026-09-22 06:10:42"
"src\deep2\Deep2B60ModelContract.hpp","2013","8661A2880715FAE12EF4811C621954ABB3A5DE7B69A19E97EA04887ECC15896B","2026-09-22 06:10:42"
"src\deep2\Deep2B61QwenNext.cpp","867","B45212EF0C1F3BA1AACB3008A29E5ED900CC1BB03A472A7F79E74848539E580D","2026-09-22 06:10:42"
"src\deep2\Deep2B61QwenNext.hpp","192","BA5586FFF74FDAAD282E2D2B8D283D8A6720B251543FDAC1B23E77030F94F902","2026-09-22 06:10:42"
"src\deep2\Deep2B61_65Fleet.hpp","505","2B2CFB46E67FDF9D4A0CEBA703E6B72A8397C63D851F9B39E39C85BE01EC85E1","2026-09-22 06:10:42"
"src\deep2\Deep2B62Nemotron.cpp","883","30D6619FA85E8929C315E0333C03526D5F009A378F4B1AB3421E2267FBEFDF21","2026-09-22 06:10:42"
"src\deep2\Deep2B62Nemotron.hpp","192","1970790A81E8F81AF2D2A56FC8BA0C108681DBEF4B8C61F4911C867D9A0FB712","2026-09-22 06:10:42"
"src\deep2\Deep2B63GptOss.cpp","844","9B235E2C588CAB60353D0D997487B1462B7FA795B6E3DBC436D3A0FF8CE19D36","2026-09-22 06:10:42"
"src\deep2\Deep2B63GptOss.hpp","188","CADEF54C277AD36AF634AE150A6F8D176DA65683FF874799EA0D3EF5CB4A6A26","2026-09-22 06:10:42"
"src\deep2\Deep2B64Laguna.cpp","862","808502224255A48EA32DA7000DF63F28C8B85A56DD477C5729038B5EAA3EBBE4","2026-09-22 06:10:42"
"src\deep2\Deep2B64Laguna.hpp","188","87DCFDB77666BE005286A25240BBD9076ACBFC1CAD635CE17F2E68318C5F9B90","2026-09-22 06:10:42"
"src\deep2\Deep2B65DeepSeekFlash.cpp","887","BB2B66235C9AE4CDABE6B2152DF8584CD5328F5860E187A8273611F352D1831F","2026-09-22 06:10:42"
"src\deep2\Deep2B65DeepSeekFlash.hpp","202","A54BC107C57D3DB38A1D1C5D284C1DC308827AF414092B9DBE50CA04E56CE969","2026-09-22 06:10:42"
"src\deep2\Deep2B66RuntimeMeta.cpp","2594","02B3A3BF40567607707142A71581F45ED5682DC64EDC73023AD3666705581A43","2026-09-22 06:10:42"
"src\deep2\Deep2B66RuntimeMeta.hpp","1341","76A9F1C09640A74E54AC05A10B1A28F10563F2688FD77A67E41085B6EC313B6E","2026-09-22 06:10:42"
"src\deep2\Deep2B67LiveTelemetry.cpp","1237","1210A4115B1EFFD7DF73496BD35CDE75AAA7701F818F4D3473CC16049DF5450D","2026-09-22 06:10:42"
"src\deep2\Deep2B67LiveTelemetry.hpp","1165","82AB7BBB7C6CBA8D68A52F02B2F56F87E3C0E72E621BC5A26DFEC19E4B92C556","2026-09-22 06:10:42"
"src\deep2\Deep2B68TargetCalibrator.cpp","2265","228C6C8EF572729F7BDDC9931550EE7D7C13F831A3ED2B36F308F894FD05E9A3","2026-09-22 06:10:42"
"src\deep2\Deep2B68TargetCalibrator.hpp","1050","B316C3E1B93A834B0F5FA12D445AE1C3204847BE5120A56D17E9B69144251332","2026-09-22 06:10:42"
"src\deep2\Deep2B69ContractRunner.cpp","3323","E149801BCEBB1323E9FB1EA94E974F988AB8806CA49865347726B023FF9E5017","2026-09-22 06:10:42"
"src\deep2\Deep2B69ContractRunner.hpp","1432","31ADB60D45A6D8DA6D851B41DE5B8DD427937FBE552255B7E4C0B429E6210893","2026-09-22 06:10:42"
"src\deep2\Deep2B70Receipt.cpp","5156","962B61A321225247FF076D283B5C8EE6DCF5DB9082F79B7955E8E1119747D51B","2026-09-22 06:10:42"
"src\deep2\Deep2B70Receipt.hpp","583","A125BBC60DF50AEB7A1EF90C86B9FA4495E9D86EBB3E1BF7FCABD979AE6FFDA2","2026-09-22 06:10:42"
"src\deep2\Deep2B71GpuCounterAdapter.cpp","1340","6C9F7ADFD9A77588E94E2C64388C9A2F71D74661ADADEA2ADE424B92A34F38C4","2026-09-22 06:10:42"
"src\deep2\Deep2B71GpuCounterAdapter.hpp","2794","8937CFFB8956B69004C2A3CFE38E72CE0E96782CBFA94E3B729625098091996D","2026-09-22 06:10:42"
"src\deep2\Deep2B71_75Authority.hpp","208","7A5AA63D0FFB5ECA858B1FB388B0B1CCF71E861ABD1DA125058CF74DA736F3CA","2026-09-22 06:10:42"
"src\deep2\Deep2B72RawrBenchCli.cpp","1676","8F98AFD8217C19699BC07B5345918D9B404BB991F58491CF15890380D8E455BE","2026-09-22 06:10:42"
"src\deep2\Deep2B72RawrBenchCli.hpp","658","894777A05C6F8D1201949FFDE6834C41B8D3AD879FAE3EE3D15AB10885FCCCDE","2026-09-22 06:10:42"
"src\deep2\Deep2B73EvidenceStore.cpp","2316","945910A1AC5484CBEFFE83F592400A92BB4BDE2400B46B68BC1665A01E2D54A8","2026-09-22 06:10:42"
"src\deep2\Deep2B73EvidenceStore.hpp","672","F1D5C8D32696B63F901DFCE0B4FCE052E788D4F014266A09402D1DE0712D6287","2026-09-22 06:10:42"
"src\deep2\Deep2B74ReceiptReplay.cpp","2447","420BC7F69B47AA81DEAB9495E53124B14627A11F5E231F4D0B22A0762304840C","2026-09-22 06:10:42"
"src\deep2\Deep2B74ReceiptReplay.hpp","936","AB81F7D8D56A20EF6B3EBD8D6BE2D330A4862453473FCB8EB191CC3581302A0A","2026-09-22 06:10:42"
"src\deep2\Deep2B75FleetPromotion.cpp","583","07B71E57BF610C870463FFB4E94BCC99E7DEF25E8FEADB3323303C876B02A099","2026-09-22 06:10:42"
"src\deep2\Deep2B75FleetPromotion.hpp","543","F3EA4E7C091C0DA7E11214E0AEB6F7CAF946474B27495E66DE420A34F3BF8575","2026-09-22 06:10:42"
"src\deep2\Deep2Benchmark.cpp","42","0ED4A3CA5AE4D685691C723AEDECE7B95C527F1F65EE97F0BBCC608C32AED347","2026-09-22 09:44:14"
"src\deep2\Deep2Bridge.cpp","39","6559A50E859473D6B2D8C1DEF2F0DC782C1B107282D862F5FB0B2960A3EA4C1E","2026-09-22 09:37:54"
"src\deep2\Deep2CommandBatch.cpp","377","BBF396F8697981B2E6E4F01903B29B3F154E70EDD094243D826EACF9319A0D43","2026-09-22 06:10:42"
"src\deep2\Deep2CommandBatch.hpp","1141","A2A26CC9EC222A2CCF37FED062FBE02F5598398B2041DC27B783406DC2873F35","2026-09-22 06:10:42"
"src\deep2\Deep2Determinism.cpp","44","E35B401E684CB62FD83EBC4FB87B51C7348C7BED44FE674C1DDECF435F05FE3E","2026-09-22 09:44:14"
"src\deep2\Deep2DeviceManager.cpp","46","40A08DF7A15BF293F29FBD8D5DC24E4501DCE3F8878BFAB771B44C688B336313","2026-09-22 09:44:14"
"src\deep2\Deep2Discovery.cpp","42","8FD48FC1A01152D35EEC62399B4838C2C33D54DA77A252B2DC47CE1D523EF44F","2026-09-22 09:44:14"
"src\deep2\Deep2DualGpuBalancer.cpp","1337","18DE8AC68699F27C8EEF5275FA59CA2E902476FE6740F6A7EA7B9501FB2B2947","2026-09-22 06:10:42"
"src\deep2\Deep2DualGpuBalancer.hpp","734","F99F12A9DB697F3F3F5CF406E8CF13444A7468E9C2A167DB497D2D35A905BC40","2026-09-22 06:10:42"
"src\deep2\Deep2DualGpuRowSplit.cpp","62118","C70129E5EE7CF22DE89841A6C80EAA76DA78E55638705059FD94A6FED8B7491A","2026-09-22 06:10:42"
"src\deep2\Deep2DualGpuRowSplit.hpp","4190","3F134972BDA791BDB804B3ACBAD161B54BAAF0255106AD13F01DA453800E3CF8","2026-09-22 06:10:42"
"src\deep2\Deep2Engine.cpp","111187","B7C113BD59053985E1E666E6C0A00A164E578931523CE64AB53A5904AA979FF0","2026-09-22 12:12:11"
"src\deep2\Deep2Engine.h","51280","494DF0F586F59ED0B63AA8D158F07E946B9A4EC5D07215EA91BE89E40013C599","2026-09-22 12:12:11"
"src\deep2\Deep2Engine_GpuForward.cpp","37460","F02B3BA5D2690ED4337B6B68528064081D1E6BB90981582E43E42AC9DF25C45C","2026-09-22 06:10:42"
"src\deep2\Deep2Engine_GpuMoEMLA.cpp","16820","24D3CA26DFF66741C97451DF080492CC0668AC9BD36202BF2A5CBE8853E55A79","2026-09-22 06:10:42"
"src\deep2\Deep2Engine_GpuToken.cpp","48","4D56FEB85A8E623CDC371D3C0C9ADB40ACE4114CDED059B44900F044CF53BCE5","2026-09-22 09:44:14"
"src\deep2\Deep2Engine_KernelTest.cpp","50","AA1D73B642AA50C509D56B67597BA71C4906FA8606F3F5297ED3D59D629A7250","2026-09-22 09:44:14"
"src\deep2\Deep2Engine_MetadataRegressionTest.cpp","62","3F23B88CED841DE4A6A3FCE2B8C8F60CDE68715298AB056EAAB2A8F28CDDB6F1","2026-09-22 09:44:14"
"src\deep2\Deep2Engine_RouterSmokeTest.cpp","25","493B0BF92174B1FF34C14D049B2266D7F31DDC5580B77D3AD1697C2486F0D0F5","2026-09-22 06:10:42"
"src\deep2\Deep2Engine_Speculative.cpp","28640","0F1626F646649DB242A8092C7B5C78819655FA7E850C6F0BEF2621CC71B140A1","2026-09-22 06:10:42"
"src\deep2\Deep2Engine_SsVkDecodeBind.cpp","5947","4D895AFEE69DD80D9132053BC4433AF1428AD83B4C8185C8FA348BC776E53DB7","2026-09-22 06:10:42"
"src\deep2\Deep2Engine_SsVkDecodeBind.hpp","909","AA1192E0DA34AF5F71E56DA93D16EDE710DD78AAA079278D66D477235EBD8926","2026-09-22 06:10:42"
"src\deep2\Deep2Engine_VulkanRuntime.cpp","34328","E8B72883E478638AF4E46409245C6B0B62E8211BB967EF7FD3CB34DC3FCC3086","2026-09-22 06:10:42"
"src\deep2\Deep2ExecutionGraph.cpp","47","5D81F24F2E70C7CBFEBB35105DE46A21C6973985150BEA0C5A24AE1D8E7A9592","2026-09-22 09:44:14"
"src\deep2\Deep2ExpertResidency.cpp","2003","DABF2D316850C7D8C146CE9EFADA1E8C300041C8F245BFD47CC7A9033F9AFC5B","2026-09-22 06:10:42"
"src\deep2\Deep2ExpertResidency.hpp","1526","A09F68000E8F7BC2EB80CAED076629EFF0A345A60962914646E90291DF0B5710","2026-09-22 06:10:42"
"src\deep2\Deep2FleetContract.cpp","5938","4869813B361A69494F5B9D6157A09521DC20EB5481A10DEC8D024BA660CE3EE0","2026-09-22 06:10:42"
"src\deep2\Deep2FleetContract.hpp","4084","A0C2D20E97F95F54980A4D5B6F37A16CA06CA5404056AC8E0090358F6656F53D","2026-09-22 06:10:42"
"src\deep2\Deep2GenerationCert.cpp","47","4C327FA7A99E492E80BC351C570D139F977599C91CC18AD79FF28E45285D8ED6","2026-09-22 09:44:14"
"src\deep2\Deep2GpuForward.hpp","10395","FB1D9BD3001BB5FCD003CE85369EAECB556CD25A62D9D7A8DA2A9285776CE621","2026-09-22 06:10:42"
"src\deep2\Deep2GpuOverlapWitness.hpp","4798","4CAD2575FF39854CDAE698D1084F75465078716739323B040EF6B01DDEBC83F8","2026-09-22 06:10:42"
"src\deep2\Deep2IDEIntegration.cpp","47","B7D73FFCDD526CC97CBF26439DCA4FEEC7379E85B0E065D00A40CABF43B91AC8","2026-09-22 09:37:54"
"src\deep2\Deep2InferenceEndpoint.cpp","50","0C257C24467606057DEE6A725E221D2C84228ECBDD27293D6C32DA6ED87792E9","2026-09-22 09:44:14"
"src\deep2\Deep2InferenceGateway.cpp","49","D36804B482FB244CE8FD1138063B9085906C3852493207C7C479559DB30DA4DE","2026-09-22 09:44:14"
"src\deep2\Deep2Integration.cpp","44","A233E9DDB58DF44A4EBA08DB7378924DF1382FD402AA515B999362AD5C741784","2026-09-22 09:44:14"
"src\deep2\Deep2KvMlaTraffic.cpp","1134","FAC98D5BF3E361D8AB240AFCFF62B88ED54AB1F8D0751C1864E9EDCF938FDBB0","2026-09-22 06:10:42"
"src\deep2\Deep2KvMlaTraffic.hpp","690","6494CBDE06F8D4CEC686077B4F93711FBC75C17A096B473CF97064F15ECA957C","2026-09-22 06:10:42"
"src\deep2\Deep2LaunchAmortizer.cpp","862","4657437576AADCAFDE63FDD26C00C2E58AA3164D3ABA006830CAD4C3F969564C","2026-09-22 06:10:42"
"src\deep2\Deep2LaunchAmortizer.hpp","485","97ED28B8EC86C7262A6A547BC2BCF023BF1807DD443D4C6A85DC57DC01B1890F","2026-09-22 06:10:42"
"src\deep2\Deep2LivePath.cpp","41","F4D31342CEB03F1288E4E46D4755AEC67C014BDCF3D75DF0104A6DB9B4A0FEC2","2026-09-22 09:44:14"
"src\deep2\Deep2LivePath.hpp","130","2E553E71AFCAC7CD193CD7437D825D423B255D3F7DD3F2AFFC7F559C488CF469","2026-09-22 06:10:42"
"src\deep2\Deep2LivePath_Emit.cpp","46","0B1B01561BC20C353FD80A8D4415DB1CD7279CC62616F85C50540BB711E784E8","2026-09-22 09:44:14"
"src\deep2\Deep2LivePath_Gate.cpp","46","F811478289DA55E2AAC29F423FC80BCD74755323BDC7EE77F726959F9D6FE31D","2026-09-22 09:44:14"
"src\deep2\Deep2LivePath_Mech.cpp","46","0E8CE34DF3893A75872C4E2697E8DF9DEEA49EAA90358ADE8C6B55CC7DEAD073","2026-09-22 09:44:14"
"src\deep2\Deep2LivePath_MechEnd.cpp","49","794EDC2BBA01070128633DDCB8FD347A9E2DF6A6DBE0A8CD5A45A271EB7D8FCF","2026-09-22 09:44:14"
"src\deep2\Deep2LivePath_Pinball.cpp","49","D57392B6D8906284142F9258371C9A463E58E6663372AB879CCF4259A871C702","2026-09-22 09:44:14"
"src\deep2\Deep2LivePath_Thermal.cpp","49","63C7395D438FA2CF1C86DDE9D7FEAF385741276C898C1C0CA295C704F2D4CBDA","2026-09-22 09:44:14"
"src\deep2\Deep2LocalServer.cpp","44","FE742D2CA8A3FD9D8009C1C2359121B78FB7039573BE6AF70BAD9F9BB7362817","2026-09-22 09:44:14"
"src\deep2\Deep2ModelRuntime.cpp","45","A157F2E2B918F1FC815D77703D4A4AA143BE1A25202C66BEDD449BE787B4454A","2026-09-22 09:44:14"
"src\deep2\Deep2MoEMathPlan.cpp","857","1FCFC19467117621AA4B03A0F6BDB38D170B0BA7DE7345FF582406F0B6071F34","2026-09-22 06:10:42"
"src\deep2\Deep2MoEMathPlan.hpp","637","3B35EA6B8D499BA615FAC9B61F619CD848B5D70ED370E92962DDA4FE2DCEEA35","2026-09-22 06:10:42"
"src\deep2\Deep2MultiGpuLayerPlan.cpp","288","7148D384E82294A9CC0F581045C9AA3255FF5B807393931217BA68C91BE2180E","2026-09-22 06:10:42"
"src\deep2\Deep2MultiGpuLayerPlan.hpp","9440","19A9FE3F8DDF4EA4CEA74145A7BC3D4505D280DB09A399AAB74DD15165BCD333","2026-09-22 06:10:42"
"src\deep2\Deep2MultiGpu_CostCut.cpp","49","9332241C74E5B3D17C118406D35293546309EC1FC3D7BA73E1AC4509C93C220D","2026-09-22 09:44:14"
"src\deep2\Deep2NoDepSha256.hpp","679","ED570801FA2042E01D346EB4DEA06FDE5D32B308B4BC66EB1F398CDC77BEF25D","2026-09-22 06:10:42"
"src\deep2\Deep2OuterEngineBridge.cpp","50","3FCDA2CC356CEA1DC844CF43C24286C444BABC94A32778F67C733F1055D5A8D2","2026-09-22 09:44:14"
"src\deep2\Deep2PeerDeviceGroup.hpp","5244","5E819BA1E93252F77ED97DAA9299EA368C7F1C82D77370B6A5741DC4255C74A1","2026-09-22 06:10:42"
"src\deep2\Deep2PersistentDecode.cpp","1121","D969A11BA4A75119430E23318E0BB6DA83CB071D20F74D86049E30821DDCDDFA","2026-09-22 06:10:42"
"src\deep2\Deep2PersistentDecode.hpp","1021","640DDB71D3E40A6486EEA1D2807015A49E2BB762765AD7AD4614DD656107D058","2026-09-22 06:10:42"
"src\deep2\Deep2PredictiveRouter.cpp","1236","55A49374DF67E45F529880838E99A29F74A526C7BD903B8A49C6D15AD0A6C4A7","2026-09-22 06:10:42"
"src\deep2\Deep2PredictiveRouter.hpp","505","1F13BB8F9C9E324E0556BAD4FF53C16060C42C08E97D604411980E18BC2F8A43","2026-09-22 06:10:42"
"src\deep2\Deep2ProductionCert.cpp","47","48CB84F9502830519883726C2A55D82A1ECCB673E3587FF5F2D9EEA484EFEA12","2026-09-22 09:44:14"
"src\deep2\Deep2ProductQ2kPacked.hpp","888","31C9D42D083E7B88A11A607256E1A3FE56A169DC38B702223AEA99528D705629","2026-09-22 06:10:42"
"src\deep2\Deep2Q40Reference.hpp","138","21A776F8FC01CE78E886F7AA1C42A1A882BA83205F0C8B858BD4ACEFD2BDBED3","2026-09-22 06:10:42"
"src\deep2\Deep2QuantCert.cpp","42","9F39B3FDFE6C84A63F53ECC6085E611203E1FA32A9C2D4719412C95D4768D771","2026-09-22 09:44:14"
"src\deep2\Deep2QuantGemvRoofline.cpp","1720","40EB193358F8E1560282A5C530819A1E16A652248347BC26F15A27901636E5F7","2026-09-22 06:10:42"
"src\deep2\Deep2QuantGemvRoofline.hpp","897","5209FE744AF26E81CD450693590686A08F31021363E3E4C22513747FC26E11F7","2026-09-22 06:10:42"
"src\deep2\Deep2RooflineBind.hpp","1823","4BB1A136FFC7A326A4B84F8C962A8138A08C27EE9DBBE7E5DA705F8791EBA063","2026-09-22 06:10:42"
"src\deep2\Deep2RooflineCert.cpp","4100","922B75EF53A9D66BF26618F7D2FCAF37A27D5E7A9EB3232EEF71FFD1B4F3EFC5","2026-09-22 06:10:42"
"src\deep2\Deep2RooflineCert.hpp","760","D4433568F8A2C404E3EC222EFDF5C088265783F2F2119B98687410000BC8F26B","2026-09-22 06:10:42"
"src\deep2\Deep2RooflineCommon.hpp","3746","89FCB52C9E45CBDAB5DD42C823AF6DC0B6A732A3F84FCA14CECEBD211DF88D27","2026-09-22 06:10:42"
"src\deep2\Deep2RooflineGovernor.cpp","2272","B38100D21CC101968F89EC0F0B05AC8E4D127DC090337FB1A63E20246EB7DECF","2026-09-22 06:10:42"
"src\deep2\Deep2RooflineGovernor.hpp","882","DD5B0B986093CCE4ADBF4715FF0D80A4C5F958E5531BDA5CB6F9D612B97DE514","2026-09-22 06:10:42"
"src\deep2\Deep2RooflineRatchet.cpp","1671","AF07A8E0C58D75F81730EBBBC36CDA4646CEB0F5FFFFAC22C66B2815E45F2A8A","2026-09-22 06:10:42"
"src\deep2\Deep2RooflineRatchet.hpp","1159","7105D4D08AE75C61A5326DF0121AC5D1AF5F41B1AB83D676383CA26963D3B013","2026-09-22 06:10:42"
"src\deep2\Deep2RooflineRuntime.cpp","3280","E0CC1710512C9C4E30453865C4BB119A87BFB0FF5C701B26E49977D8643DD8C3","2026-09-22 06:10:42"
"src\deep2\Deep2RooflineRuntime.hpp","1712","558E45766B786BFA062B01D8FF9F15C5870A2A98F36BE902B4B5320397E7F406","2026-09-22 06:10:42"
"src\deep2\Deep2RooflineTypes.hpp","1778","588E0F29A86B0FD357B801E18B2170D822AA0E14A22C38F5924A4309BAC79529","2026-09-22 06:10:42"
"src\deep2\Deep2RowSplitPlan.hpp","1433","9918B1965764BCAF67BDAB8AB7F9F5987238E53B7ACEE259EB22EBE8E8CBD28D","2026-09-22 06:10:42"
"src\deep2\Deep2Server_Minimal.cpp","47","DA2FF81208667B9327F79641C0B75D8B17FD57AF60867DA3AB5BD90BAE7C2899","2026-09-22 09:44:14"
"src\deep2\Deep2Server_Sovereign.cpp","49","48E59C7FB267695E012E1CD7588A360D8A7C4EAE4B43EC75F8AE08B38D4AB139","2026-09-22 09:44:14"
"src\deep2\Deep2Speculative.hpp","5253","FE1B3A06C0504B349C8AE654437E20428D7A9B3B59C22624B652B5D2CD131608","2026-09-22 06:10:42"
"src\deep2\Deep2StreamApi.cpp","42","9C53C0405E0ADB4013000282395C30E77B6A4AA082221C9123203F26FC09428F","2026-09-22 09:44:14"
"src\deep2\Deep2WaveOccupancy.cpp","1505","560EDC0088F0E0E2B61EBEF0E300F4A54921E9CFBB6A8F505636B2FE3C04CA03","2026-09-22 06:10:42"
"src\deep2\Deep2WaveOccupancy.hpp","738","FFCC07D4C23248443EE061D9432304AFFE925F8D8C4878748CDAAD2436E62B57","2026-09-22 06:10:42"
"src\deep2\deep2_benchmark_main.cpp","48","3BBE40367D086AC95A7B2B7CF24F31FF2CECFBF4D38B02C77F3814F33B1B41A8","2026-09-22 09:44:13"
"src\deep2\deep2_deepseek_live_gen_perf_cert.cpp","61","0C6ABB0883061E483862A80739D96D5B6397A3B21C17315A17501539425ECF9E","2026-09-22 09:44:13"
"src\deep2\deep2_e2e_audit.cpp","5415","12F874A72E39B616F7044E84A9B4A732E274A640A6C20CA015E8C7A010E5936C","2026-09-22 06:10:42"
"src\deep2\deep2_e2e_trace.hpp","4214","D398D86AA5039171BA7CFFF95A7642C55218B14A085E010566F275829BBA94A9","2026-09-22 06:10:42"
"src\deep2\deep2_end_to_end_bench.cpp","50","085972E37BF2E9FD701EB11A6C1FB9ADB93081D48858F0A3CC5AFBC91997A2C6","2026-09-22 09:44:13"
"src\deep2\deep2_engine_ssvk_decode_bind_cert.cpp","4445","47CBCA0CCE0CE74458AA8D06CA298108C46854E237B8919DFF27C7BB8A16FD1C","2026-09-22 06:10:42"
"src\deep2\deep2_execution_policy_smoke.cpp","56","410BB3E84A9283DC67203E50C21BC0E0FFD2E91AA1C77B025369E954CDAC18E8","2026-09-22 09:44:13"
"src\deep2\deep2_giant_moe_paragraph_perf_cert.cpp","63","2E8D441C1E807318550D6D91F1590149CDC7902C39C4F6994873AFD4B301364C","2026-09-22 09:44:13"
"src\deep2\deep2_gpu_dynamic_window_cert.cpp","57","8A68626774D9E6515353489784A81EBAE94236F35338152001F795DB3BC5A9BC","2026-09-22 09:44:13"
"src\deep2\deep2_gpu_forward_ops_cert.cpp","54","E03840989B5ADD5F69F514669DB4ED01139CA544A35BE46CFA5F05BC3D9231E6","2026-09-22 09:44:13"
"src\deep2\deep2_gpu_numeric_parity_cert.cpp","57","B1525B20AC4257D24915C290C671248DC94EADAB46D79FA04AF4A62C276FC8E0","2026-09-22 09:44:13"
"src\deep2\deep2_gpu_packed_forward_cert.cpp","57","3F9208E0CEF234ABDDD06306B0C65A37623357AF510829B027A168026317B198","2026-09-22 09:44:13"
"src\deep2\deep2_gpu_q4k_gemv_cert.cpp","51","29760991691F175135E4C2E5B275F9ACD3F7E8D181DA3263D15F922ADBB3AA7E","2026-09-22 09:44:13"
"src\deep2\deep2_gpu_q6k_gemv_cert.cpp","51","6F8D7004F8DCF5F1B2AF02819BDBF272DFDBE0932638BA838FEC8369CE4AA6B7","2026-09-22 09:44:14"
"src\deep2\deep2_gpu_quant_family_cert.cpp","55","EAB5AF722EC2DC91D7DFBF3442386F312D38B0F2B5F33FDAB7FA813CDCB8FFF1","2026-09-22 09:44:14"
"src\deep2\deep2_gpu_resident_decode_cert.cpp","58","DADB03A19E8C51ED5CB05AD8924E12AD26027A369EA947F7A4E35890143CEAB0","2026-09-22 09:44:14"
"src\deep2\deep2_gpu_solo_cert.cpp","47","565F390E7745421EDC29879CF9D4D2C6B315113BAED1738F6EA521471210FAD3","2026-09-22 09:44:14"
"src\deep2\deep2_gpu_solo_decode_cert.cpp","54","EE83089D8424DB80C87F672D5C33CF80136D2245BAFE08E4DF0819FF3CD24D02","2026-09-22 09:44:14"
"src\deep2\deep2_gpu_transfer_counter_cert.cpp","59","0B89AE69BE10B6B335DE441D5CD402CAA8154739AA28BBDBCDC2513528CB64CD","2026-09-22 09:44:14"
"src\deep2\deep2_gpu_transfer_overlap_cert.cpp","59","136119E1A270506C2136916AA8DE3A6290E0966C16000929302FF3F6D48097D5","2026-09-22 09:44:14"
"src\deep2\deep2_gpu_weight_prefetch_cert.cpp","58","5FE93126D419EDD8EAD24C571449378A60396A706387C24343CB4CD057BCF80E","2026-09-22 09:44:14"
"src\deep2\deep2_gpu_weight_window_cert.cpp","56","3C6D0E9E658BA6E2C70A4C3E6C8305B1DCBE7A805EEA13C8EDE1455A1E40F231","2026-09-22 09:44:14"
"src\deep2\deep2_http_gateway.cpp","46","95F679075138879337BA7928EE813055C2F6BE1C1F348182DC5A313A9962BE23","2026-09-22 09:44:14"
"src\deep2\deep2_hybrid_all_hw_cert.cpp","52","18026C01426B13E57DC7A02D1E28C82E8D85ACF94778467C299C34DE8C48081A","2026-09-22 09:44:14"
"src\deep2\deep2_k2_auto_workload_policy_cert.cpp","62","1B418CBA2A20F639FC029D8A346A2B63D671D0DDDE9EFBAE9613F1F867415529","2026-09-22 09:44:14"
"src\deep2\deep2_k2_e2e_model_size_matrix_cert.cpp","63","5215DD1F37E6015BA64A622129AE51563044468CF9CEA6C174B624A721797CC5","2026-09-22 09:44:14"
"src\deep2\deep2_k2_full_depth_combined_policy_cert.cpp","68","D620F6EA420CBFCACB57450803DBD13569B7B21F772E6017EAD841B66FF9B0AF","2026-09-22 09:44:14"
"src\deep2\deep2_k2_full_depth_effectiveness_cert.cpp","66","88132C01A759B9A4BF5E5049C85E472A5E3C82EF9022725EC72875A8AAFF7398","2026-09-22 09:44:14"
"src\deep2\deep2_k2_full_depth_fused_rebench_cert.cpp","66","6C34A5BA451E548F384D3710AD19E14C87BF7AFBE284977F04E82861A9EC0D17","2026-09-22 09:44:14"
"src\deep2\deep2_k2_full_depth_trampoline_promotion_cert.cpp","73","9D0A83EA215C2E1A5E9FDE2BF95FECC61174F19B5F6745F0BA2ED90EF7698269","2026-09-22 09:44:14"
"src\deep2\deep2_k2_gpu_copy_compute_overlap_cert.cpp","66","CEC5F9C9FE2D80FA6BE7DE5884FBDF2DAACC96E0A0018F79E2B9BA1CB64F8996","2026-09-22 09:44:14"
"src\deep2\deep2_k2_gpu_mla_full_cert.cpp","54","E8D77C630130EA06789AA15F5640793B91B4879BC378EDD1F5889315FE9D6731","2026-09-22 09:44:14"
"src\deep2\deep2_k2_gpu_mla_full_depth_cert.cpp","60","2A22211CEBD32F5D82281CBBDBD02DE8F673DC597F2FCEA386D74AEB1A2C0A76","2026-09-22 09:44:14"
"src\deep2\deep2_k2_gpu_mla_nu_bridge_cert.cpp","59","7DF70010B3A6A33C0FC418326783C4995811ADC59CDC44ECF88DAC3365C337D4","2026-09-22 09:44:14"
"src\deep2\deep2_k2_gpu_mla_re_cert.cpp","52","4CB35D782CBCCFA29DB2164FCBE542C8A2AF62D55EC8F2B6D4FFB21675462568","2026-09-22 09:44:14"
"src\deep2\deep2_k2_gpu_mla_slot_reuse_cert.cpp","60","4BFC066989F95AE0592FC5D1A5DFDE32F52EBABECC0338CB07A27DC8CE2D03FB","2026-09-22 09:44:14"
"src\deep2\deep2_k2_gpu_stream_compute_cert.cpp","60","C54547E01CDC357BE577F19E4A6E4021C5B69156E2143B810997F4DD585043EE","2026-09-22 09:44:14"
"src\deep2\deep2_k2_gpu_stream_copy_cert.cpp","57","074CB5A8336B27051EF98C398B088EAF4A7A15C3E2E055D2F7EAD40493CFE9B7","2026-09-22 09:44:14"
"src\deep2\deep2_k2_gpu_stream_mla_cert.cpp","56","8F9097FC7C7426AF4F5CECF50FA43C2A725DF5C256BE4AE0ABD0547EAB6589BF","2026-09-22 09:44:14"
"src\deep2\deep2_k2_live_decode_mla_cert.cpp","57","6B9AFEA1ED2519F8B7546BDC4A3540A7B5B647F8DDD5CACEB6AC9C89F9223545","2026-09-22 09:44:14"
"src\deep2\deep2_k2_live_decode_sustained_cert.cpp","63","B33DC5D5EC659C192A54F9599B51D4AC1FF8DAD1B32432789E675EF396B5929E","2026-09-22 09:44:14"
"src\deep2\deep2_k2_live_generate_policy_cert.cpp","62","AC4CE94D11DF9753C014CCA5DE1B783B18EE9CC6569FBB9D9F03ABCC38C8729F","2026-09-22 09:44:14"
"src\deep2\deep2_k2_live_gen_perf_cert.cpp","55","15DD9EAFA8CF269D801C025413038D4BB704E11C7579140787C12D3767BBF077","2026-09-22 09:44:14"
"src\deep2\deep2_k2_live_gpu_stream_e2e_cert.cpp","61","C498E1F2DC06440185F8D08BD4C82D9130EFAC4293CCB7DCAD5714437AFF593D","2026-09-22 09:44:14"
"src\deep2\deep2_k2_live_policy_crossover_cert.cpp","63","8993B331902A01853C7B74FCBAEB49BDFC3DAC045EAA210BD7E67E417637822C","2026-09-22 09:44:14"
"src\deep2\deep2_k2_live_policy_e2e_cert.cpp","57","02822C049A0822FBBF20D0E87599BC832D7D731D0486F0F02F6B43ECE1AC2D47","2026-09-22 09:44:14"
"src\deep2\deep2_k2_live_policy_split_cert.cpp","59","087F98934E6D81165B5BA5321CA636DA7A5EBED8DF04F1DD182F21C61389192E","2026-09-22 09:44:14"
"src\deep2\deep2_k2_logits_climb_cert.cpp","54","B2EC0CA8435522A3E617428DF1817071C4C34F5CBCF569BF726D5592EE1D0636","2026-09-22 09:44:14"
"src\deep2\deep2_k2_logits_gpu_range_attribution_001.cpp","69","66C574199DD1FAF345B91BF8EA47A69615BCF8A1BD808D0A79B34424E333FEB9","2026-09-22 09:44:14"
"src\deep2\deep2_k2_logits_q6k_resident_cert.cpp","61","7A06C3EDADA1200D7F56043E9566D9C3865028F54ECB30B99D4083447035836B","2026-09-22 09:44:14"
"src\deep2\deep2_k2_logits_vwa_lineage_001.cpp","59","00FB7125E7FCE4FDB2BDFAF29505553CC10965BFEA5DC5BCFF8CF19B53AA6600","2026-09-22 09:44:14"
"src\deep2\deep2_k2_mla_full_depth_soak_cert.cpp","61","7E1C0CA5374DE3F769A76A4A26B992096406941F62FF0EF73B98C777D5B5A6C7","2026-09-22 09:44:14"
"src\deep2\deep2_k2_mla_fused_q4kt_cert.cpp","56","B4FF12F664EF8059E84879275F9FCAD40BE99561DF40CA6BBFA8007B6D529CAA","2026-09-22 09:44:14"
"src\deep2\deep2_k2_mla_kv_expand_cert.cpp","55","B317EB2EF91745148EB11F15BC23F015EB4ABD9E8F81E9C4A917BC52CEEA9DD2","2026-09-22 09:44:14"
"src\deep2\deep2_k2_mla_kv_expand_opt_cert.cpp","59","2C65577F92E0F410FB2D2C2B1BCEB46F8494819A652B40A6C19B7667E36A15CE","2026-09-22 09:44:14"
"src\deep2\deep2_k2_mla_qa_critical_cert.cpp","57","4C137F0F1848202053646CA33DFE202E8469DC4579A8A6510F1CB563AC4434DA","2026-09-22 09:44:14"
"src\deep2\deep2_k2_mla_qkv_proj_cert.cpp","54","E73A786EA0FDAF039ACEC2871082A685F97FB8AD941BC33BD86CC3E469045342","2026-09-22 09:44:14"
"src\deep2\deep2_k2_mla_rebench_promote_cert.cpp","61","EA1E630A9F41135027783BE1230F4DB7505CE8806AE0FE2AA37EB036E2848596","2026-09-22 09:44:14"
"src\deep2\deep2_k2_mla_reuse_promote_cert.cpp","59","2287B2CA99CF552670D9452738BB1CBF275309CC45D8F9D60C6DABB0A6FF1211","2026-09-22 09:44:14"
"src\deep2\deep2_k2_policy_hysteresis_cert.cpp","59","35021A2CB3F9A1DCBA8D96E62CD245DF70E66FD9FF4EF877D73576AD0C9714CE","2026-09-22 09:44:14"
"src\deep2\deep2_k2_semantic_seal_cert.cpp","55","DE59061CEC5949CD8D1B6AB0C0C819B4CB3904991A1BF61BF11B12D4E8E8971A","2026-09-22 09:44:14"
"src\deep2\deep2_k2_serverless_stream_latency_cert.cpp","67","BC24E2D080CE5FB418EE3D7589C8C3CC2A220FB574B3BB810D207E98D2569A5E","2026-09-22 09:44:14"
"src\deep2\deep2_k2_shard_attn_residency_cert.cpp","62","C68FD2C77A4CF0C5BCB1A43D31D235B9A2A8FDD2091BADB978FD59C762A1566E","2026-09-22 09:44:14"
"src\deep2\deep2_k2_stream_miss_reality_cert.cpp","61","18EDA429B344B1D83189203F1097237A68EC1FEA0ADCFAB7CBF8191AFFBFD087","2026-09-22 09:44:14"
"src\deep2\deep2_k2_tps_rainbow_cert.cpp","53","3D796FAB7B458949B0A8E0F04E04A359AB76673F2B7D0BB1C55D39C8A75BF6B1","2026-09-22 09:44:14"
"src\deep2\deep2_k2_trampoline_full_depth_opt_cert.cpp","67","EE491148BF81867BEDD91375ED710DC35E51B1E2E8ABE8DB7835C10DCC1A9081","2026-09-22 09:44:14"
"src\deep2\deep2_k2_trygpu_logits_split_cert.cpp","61","72CBEFA0F4C2E3B49C486D8208491F0F890EF79070ABEB4D110C31A52A27F0BD","2026-09-22 09:44:14"
"src\deep2\deep2_k2_useful_tps_001.cpp","51","DD5D8702392B6CB3C337FD475F728A1700B6A3A872EE204069AA20FFFA1195CF","2026-09-22 09:37:54"
"src\deep2\deep2_k2_wall_attribution_cert.cpp","58","92C4AD0090A0D613A5F8BFB59366485CFE52C19A9A657D8D0CF2AA62234D0BB1","2026-09-22 09:44:14"
"src\deep2\deep2_live_path_effectiveness_cert.cpp","62","DCCCAD49FD18358382206126BBA06D137C6AE4453837574E926EA81083C2084E","2026-09-22 09:44:14"
"src\deep2\deep2_live_path_fused_control_cert.cpp","62","6F994E4AB43E772BA59DC259D5285551F2EC3327135E8C5200ABD05F69CC6685","2026-09-22 09:44:14"
"src\deep2\deep2_live_path_interaction_bounds_cert.cpp","67","AD68EC47AE36834C258FE0CEC0D5A8FEFD6E06563882A71CB13B161CA7832AF9","2026-09-22 09:44:14"
"src\deep2\deep2_local_agent_audit_001.cpp","55","6540920FC58400839E1F85FDED7B899AA005ACB3E80E40FB617BF14472F1F4CD","2026-09-22 09:44:14"
"src\deep2\deep2_mars_e2e.cpp","42","3EBBA50661343A27136F3B0A9E4B89CD05DF555BDE78F9C252FA6EC4A1E1419F","2026-09-22 09:44:14"
"src\deep2\deep2_moe_bench_standalone.cpp","54","79EA3AD6FA83672BDC9B9D9CDF30AD31AFE9394D4C7613419EBC3A83FA3D5985","2026-09-22 09:44:14"
"src\deep2\deep2_multi_gpu_layer_cert.cpp","54","AB06E9C2488FF7014A1A42EF56E2D65EA86CB682459D062C8CF37F9D427A616B","2026-09-22 09:44:14"
"src\deep2\deep2_nu_gemv_parity_cert.cpp","53","A9D43B0D295571A0E0722CD865C7819033031EB553C817E9176066D20BF2CA0F","2026-09-22 09:44:14"
"src\deep2\deep2_nu_gpu_gemv_cert.cpp","50","608171F819DDFA8A9B6D2D1E1B2DF92762DC9E4A41D9A0F07285100271B81115","2026-09-22 09:44:14"
"src\deep2\deep2_nu_live_consumer_cert.cpp","55","ED92E49D4699D5076C1695FC8831768221A6A630A8EF715B20F28B82EF110752","2026-09-22 09:44:14"
"src\deep2\deep2_nu_pack_format_cert.cpp","53","4503A80C423F26B5A3310F60F59E6855F2909E419E73F21D04559BEB1367385B","2026-09-22 09:44:14"
"src\deep2\deep2_nu_perf_cert.cpp","46","479394482BE71739B9B3A566893CC045D3919CF6DAA8A59238764A2BDAF78AB1","2026-09-22 09:37:54"
"src\deep2\deep2_outer_engine_bridge_cert.cpp","58","B2AA356AA74BE1616FEC9245A86FBD2863918D50D818E9B6CD223E5CA2DAF91B","2026-09-22 09:44:14"
"src\deep2\deep2_parity_cert.cpp","45","D277ECF4F10ACDAE250C4D51880B08C29C774288B958FD3105099B83BF60F184","2026-09-22 09:44:14"
"src\deep2\deep2_placement_cost_cert.cpp","53","289D74C67B4AE90D6E50B25478501359ED77AE7EEA0E1BB8ABF43D83CD520E8A","2026-09-22 09:44:14"
"src\deep2\deep2_rmv_mount_001.cpp","47","E1C4D01A1B1C18717832175B016037639CE147DBEC9952D5295ECC52C0779467","2026-09-22 09:44:14"
"src\deep2\deep2_runtime_batch1_cert.cpp","53","7646C95DAFA461BB7F4DBCAFDC93A2E8DFAF275E3CA3E82A72CAC522FB814638","2026-09-22 09:44:14"
"src\deep2\deep2_runtime_batch2_cert.cpp","53","313156D9305452E5752EE73BEB72E0431FB1740AD42867FB8398FE564C45DB4D","2026-09-22 09:44:14"
"src\deep2\deep2_runtime_batch3_cert.cpp","53","FACEB9013AD6C5F057778AA4B404F05C6817CFE539CF8A2F4696F5BC93FC7D55","2026-09-22 09:44:14"
"src\deep2\deep2_server_main.cpp","45","7B0D5C433A256899FD0E6C8A3F516620FF864D262890677A208E3E4B44D9897C","2026-09-22 09:44:14"
"src\deep2\deep2_sha256.hpp","3950","F623E4B4831476ED8A1B9A655B3037537E41868C836A6EB63C68EE5EE164C286","2026-09-22 06:10:42"
"src\deep2\deep2_streamer_cert.cpp","47","758C4F9E7AB58E7CEFFE55C8B57AAD6657875CB3EDB629ACC04B37471287B883","2026-09-22 09:44:14"
"src\deep2\deep2_streamer_parity.cpp","49","AF8A63BA2815D104D96D8163721C1B67369DECACB90B6F878BEEB1C4FDA22F0B","2026-09-22 09:44:14"
"src\deep2\deep2_topology_portability_cert.cpp","59","600005D8FFC32BBC811B49C7FCE7942211A0134ABE84E5CBC9721EA803D7CCD2","2026-09-22 09:44:14"
"src\deep2\deep2_ucf_bouncehouse_example.cpp","57","A8641E3DACD439005E5B0B1ABC882D428EA520994F40E31DF4A37D344AAE0D93","2026-09-22 09:44:14"
"src\deep2\deep2_ucf_bounce_smoke.cpp","50","DCC0AE73E3EB6440B01A2CC59BFE1FF4EBFD414526FA75FAEB6AAAA9D05634D9","2026-09-22 09:44:14"
"src\deep2\deep2_ucf_generation_ticket_001.cpp","59","58D84CBF1E08A678B73B7AE6B23BE78FF2E31EF095DB8A2BBAA18092DA5BCD96","2026-09-22 09:44:14"
"src\deep2\deep2_ucf_gpu_ready_e2e.cpp","51","0613D65B1EFB00A911ADEA8F3A34A9599B3E205230A2761AD09BE38845D27408","2026-09-22 09:44:14"
"src\deep2\deep2_ucf_halo_spark_001.cpp","52","854171445ED8098E1B4B79662D58692513A1EC619F523E728DF95873B3AAFEC7","2026-09-22 09:44:14"
"src\deep2\deep2_ucf_logits_range_bounce_001.cpp","61","FB7957FA044A9FB60FB724B8E121D75BC8173990B77C6F8ECFB84BCFBC3CEB54","2026-09-22 09:44:14"
"src\deep2\deep2_ucf_mobility_fault_001.cpp","56","16B7E40CE1F0DFDF85D28D26BD5266D1DCC39C12F3B5B4C917A0E53B7755F3E8","2026-09-22 09:44:14"
"src\deep2\deep2_ucf_no_stale_dispatch_001.cpp","59","D1317AEA25803884358C48154B7B8C694E69987AFF8D99E7DB6BF08E3FD79F98","2026-09-22 09:44:14"
"src\deep2\deep2_ucf_read_converge_001.cpp","55","C20696E972CC4EF77B318E31C2D8E4F59D8C88666628583F2DC699D57FDF2C9B","2026-09-22 09:44:14"
"src\deep2\deep2_ucf_semantic_abi_v1_cert.cpp","58","2A04DE77EAF9F91706471DDF2D6EB5129E49CD148E9F1F85AC3912FB560B5B6B","2026-09-22 09:44:14"
"src\deep2\deep2_vwa_e2e_001.cpp","45","5706116E97DDEE6AA971457A4C538677A96DC7FC611B66961B12FF5F055B75F7","2026-09-22 09:44:14"
"src\deep2\deep2_vwa_iocp_range_001.cpp","52","A71FB96A8A8AA518E8C584F66B32940D106309A68FAD32656CEDD021C6F859E9","2026-09-22 09:44:14"
"src\deep2\deep2_vwa_poc_1_001.cpp","47","B149E129455EADA8E3D86D423AA877BD1868AE4B1D0CBCB86027F89C1E4183A3","2026-09-22 09:44:14"
"src\deep2\deep2_vwa_range_contract_001.cpp","56","2C14309E7A8C4CFD438A4D3BC6DE00779DE5D557B31A98C1ADC324EFBA0604C5","2026-09-22 09:44:14"
"src\deep2\DeepSeekMoELoader.cpp","45","D03E4297F947B14EB09B9354BEBEB35081E915C6D2FCD49F6B02C575947E5112","2026-09-22 09:44:14"
"src\deep2\DualGPUHook.cpp","39","4C6CD796ECF1965C1DEB8B2751D8D5C67691445312A3C922189B0AA2E4B7490A","2026-09-22 09:37:54"
"src\deep2\DualLaneChoreographer.cpp","49","6BA1F842DAA62FF9B71A1D0B02A80365B467E23550F0107DEA76038614E90941","2026-09-22 09:44:14"
"src\deep2\dump_qwen35_meta.cpp","44","FC07A7C4D10F21D66D1F33510FC96B4A59650CBC775EA81636CF2F618CF8A45B","2026-09-22 09:44:14"
"src\deep2\dump_tensors.cpp","40","53D7D438951A975934322B4A8790DF85F11BACEAC60F655A4F4C90C8AB9A0931","2026-09-22 09:44:14"
"src\deep2\ElasticDynamicBudget.cpp","48","7C4FA8128827A051007499A0DCE304C1A7C989CC87B25453A1266F300287268B","2026-09-22 09:44:14"
"src\deep2\ElasticResidencyManager.cpp","51","3811B5516B8500EC36D054989C549D419284DE173CF211D261E8DCCCB1BDE557","2026-09-22 09:44:14"
"src\deep2\ElasticResidencyManager.hpp","813","146522439975C3CCBCF8DE5E0A787B30258740E5CBCDC67CCE0B5533AE6CA351","2026-09-22 06:10:42"
"src\deep2\FabricTensorTable.cpp","45","00096FC511733629B0A86552C4FF89E5F5B88B4E9D8D50CB540B70A56DCDDAA2","2026-09-22 09:37:54"
"src\deep2\FinalNormAcquire.hpp","419","74CD6E3305BC83338C47C91B4C0C704E574A5E06569AFD763130F5AAE30F4BB3","2026-09-22 06:10:42"
"src\deep2\FinalNormProduce.hpp","394","7FFC8D4E106A5AAB51FE56C010D7190AFB59A0B3CB1856A3DDAB41BA8E738063","2026-09-22 06:10:42"
"src\deep2\FusedInferenceKernel.cpp","48","667F716DABE41A95CD35096F211EDB7C0BBE4096288629D342CD3E2A2720E20B","2026-09-22 09:44:14"
"src\deep2\FusedLiveController.cpp","47","CE0EE4212380564D7BF028C4BD9AF3A7FD54D9BD88F87EC747DE16776D5757AF","2026-09-22 09:44:14"
"src\deep2\FusedLiveController_Cheap.cpp","53","A8EECB1B97B5E0293CFB3D191AB61A73771A5AEE4D1B500937EDA091FC6772B6","2026-09-22 09:44:14"
"src\deep2\FusedLiveController_Decide.cpp","54","96AD0B28A31F15562CB00A7129ADFB986F253A5A74CDD1F674452CD23E16414D","2026-09-22 09:44:14"
"src\deep2\FusedLiveController_Emit.cpp","52","8B9E3DB058D483EDE274CFCAF5CA13C505E91E575DEA73E0905666BBA758D0AF","2026-09-22 09:44:14"
"src\deep2\FusedLiveController_Law.cpp","51","F280B1590675E47150656496FEF16E944564D234622952A8D9B4A868032C963B","2026-09-22 09:44:14"
"src\deep2\GGUFDiagnostics.cpp","43","BF89DE834A9C7BFB9472E51D40FB051D256E0DD0394B8DA11AC43E4021C403DD","2026-09-22 09:44:14"
"src\deep2\GGUFLoader.cpp","38","20C12BDED08AB631436541D58190AC37C9D7B62089CEA5EDEC015FDF7D993FB6","2026-09-22 09:37:54"
"src\deep2\GGUFLoader.hpp","34070","07BC801C00B1B59B82ACAA7F18F94A26AD48D2C63927C020D2EBA59FB005E72E","2026-09-22 06:10:42"
"src\deep2\GGUFLoader_Fixed.cpp","44","5591D4907D79E263E97F87909321E547B9602CC4ACAD9DFE6E0ABF031F44E942","2026-09-22 09:44:14"
"src\deep2\GGUFVerifier.cpp","40","140D12F4246A92A4159738C9D956EC75D17C4F7BB1ECD79C4889B44B2E235B19","2026-09-22 09:44:14"
"src\deep2\GhostCache.cpp","38","7FC9401FF670E65F30C7DD0EDE1EED384702105E71C7AD0EBAC81CDA829F0FFA","2026-09-22 09:44:14"
"src\deep2\GoalSystem.cpp","38","608664F303312F43B94AD4CBA0B901812AB4E7F3235B76A6B6D0CFE62B1F4025","2026-09-22 09:44:14"
"src\deep2\GPUForwardChildIgnoreHooks.hpp","200","CA4DA1A30E9604036D3D8B8653E7FC0D3259C6F8C418C93BB8149A1A68F530BF","2026-09-22 06:10:42"
"src\deep2\GpuTransferCounters.hpp","174","672A5238878B9C3B07FD311A206C8BE873EEF396CDCF592742BD8558888A1E42","2026-09-22 06:10:42"
"src\deep2\GpuTransfer_Emit.cpp","44","140ABA917AD36BC2403CB9A2D4C84CD69C9F4F61302ACFE5D2F69D4D1AD2F2E7","2026-09-22 09:44:14"
"src\deep2\HeadlessIDE_AutonomousWorkflowMode.cpp","18141","2CDD14DF32C736CA66A603002041667A48EDA4C307181BDA0E5F5328BE8EC55F","2026-09-22 06:10:42"
"src\deep2\HostExchangeDiscover.cpp","48","1BD081F453EB184FDE8B91ADB88EF2520329E8A27BFE846361774404137118C9","2026-09-22 09:44:14"
"src\deep2\HotPatcher.cpp","38","F5A8C38FB892B011D21C02B91AFB30204BD653CE92CC59FA7BE1F03341BA0EA2","2026-09-22 09:37:54"
"src\deep2\HotPatcherSafety.cpp","44","EBBEEB2FA63D2BE0C9CE634C79B00A1B3151DA86461AA66DF15DB57FC419C1B9","2026-09-22 09:37:54"
"src\deep2\InferenceSession.cpp","44","6E4D67F64819E301F75653648A746A8D0BA9F91066508601434701321EF38121","2026-09-22 09:37:54"
"src\deep2\IOCPGGUFLoader.cpp","42","C1433ED09CA40CAFA086FF56C0C400EFCE4CFF878E152C6F8762753823EC5421","2026-09-22 09:37:54"
"src\deep2\IQQuantKernels.cpp","42","6CA094F55FFC29151AC5330C068B68DD190C1D1383F8C2909CCD7136BDA701CD","2026-09-22 09:44:14"
"src\deep2\K2BraidExecutionPolicy.cpp","50","0703F077DAA70880BFE5D3ABC82C454B05CB56176A5178ABCDBC5938272BB105","2026-09-22 09:44:14"
"src\deep2\K2FullDepthCombined_Arm.cpp","51","07C9D53CAD2246232AA7F05528B3AC81531F14A57936A517EC0A0D47530B5F79","2026-09-22 09:44:14"
"src\deep2\K2FullDepthCombined_Proof.cpp","53","84B2E998C56EB7CBCB1D53F6D270A21C728D3A705F88B6F2ACAF645D564C56AB","2026-09-22 09:44:14"
"src\deep2\K2GlobalTensorIndex.cpp","47","5CCD86E3419142D3673AE533F61D3F8D4FB531E5A0B4A2789B79E88D5C5CDB71","2026-09-22 09:37:54"
"src\deep2\K2GlobalTensorIndex.hpp","200","75E16FAF82799B427CCACE9A9A77509098FD00682EEDDF26BC16C672EDEAEAC2","2026-09-22 06:10:42"
"src\deep2\K2GpuStreamCopy.cpp","43","08F261224AF99C3E6993DD396A81872774064FB394B7D68CC2BFFB8329269DEB","2026-09-22 09:44:14"
"src\deep2\K2GpuStreamCopy_Overlap.cpp","51","E6DD4612E5B5E04B96AEFB67C2F996429B4F566436F2D8739C4D98D185BE19F2","2026-09-22 09:44:14"
"src\deep2\K2LivePathTensorCache.cpp","49","9DAA4953C38034BDD32C6C3411990C44FE85E37F614DB37EDB4E3282E18FD989","2026-09-22 09:44:14"
"src\deep2\K2LivePathTensorCache_Emit.cpp","54","516FC233BF4D80DBFF43069B18C50CE2758705BE6B0E3C055662CEA46011C4C5","2026-09-22 09:44:14"
"src\deep2\K2LivePathTensorCache_Prefetch.cpp","58","C889382552A31F45E90D18F4CCC79B862057E4EBFA3D62E0C641FA5D58FA71ED","2026-09-22 09:44:14"
"src\deep2\K2LivePolicy.cpp","40","E07BC0787D3BEF730B936DB71325F159B3B6BCF4DAFB3CADB3A512C84EAAFFD9","2026-09-22 09:44:14"
"src\deep2\K2LivePolicy_Apply.cpp","46","3A01A471191051AB2885795215B94D1C12B66A1C365D392BF0120FBFC5EB99AA","2026-09-22 09:44:14"
"src\deep2\K2LivePolicy_Hysteresis.cpp","51","EC454BEA859486FE49ED591F91B2C092D9934E426A76E4B531F6EE7380D63C55","2026-09-22 09:44:14"
"src\deep2\K2LogitsClimb.cpp","41","305A7ED2F0914AA0B2D54CC47DBDF64A7B349082E9CCB5C815C0BD86EF85D3ED","2026-09-22 09:44:14"
"src\deep2\K2LogitsLineage.cpp","43","16898F0728D4C3F67846CF363C886F5E71611B892A73A97F7D834174BEC15AE2","2026-09-22 09:44:14"
"src\deep2\K2LogitsSplit.cpp","41","CFC928D2670425AC8674478C8958D852BA356F8BE3E516770C4E29CD902A0C00","2026-09-22 09:44:14"
"src\deep2\K2MLAAttention.cpp","42","B827E9C0E41FDC6AC36A6987C2F87DC3BC9BC3E821AD26205CB4694A3FC82136","2026-09-22 09:44:14"
"src\deep2\K2MLAWeights.cpp","40","845955D8071F432A963FBF1834764BFF4463BDE6BC8C98DA0AF7729BF52BD47A","2026-09-22 09:44:14"
"src\deep2\K2MLA_FusedQ4KT.cpp","43","D2D86DB8DA41BF5CBB4D80038AEA954960DFA90D268DCE5F37864A82EB15CBA5","2026-09-22 09:44:14"
"src\deep2\K2MLA_GpuGemv.cpp","41","05E7082F8DED65C0201C4CC5346C0E416A28B645754BD87EAE17624FE0346036","2026-09-22 09:44:14"
"src\deep2\K2MLA_KvExpand_Fused.cpp","48","463095C3CA7D73CE956B3EC5A11D1720DA677DB4C0075FE040EF14B28AF2DEE8","2026-09-22 09:44:14"
"src\deep2\K2MLA_PathB.cpp","39","4B2E3CF075612D995852B8B332DEA04B0F14C9C236063286AE4E2A16C8135F08","2026-09-22 09:44:14"
"src\deep2\K2MLA_PathB_Attn.cpp","44","46884801D9A53EA6C4825A2A4444E244074276C3BA2A717E1CD3ECD443D3B94E","2026-09-22 09:44:14"
"src\deep2\K2MLA_QaCritical.cpp","44","C5F04185828892A0D0D6950866DBBA8C1250E2A3139301F383FC8509FF977190","2026-09-22 09:44:14"
"src\deep2\K2MLA_QPathDevice.cpp","45","E385BB1CE53124C96A468E58ECE420082B4FE84E609A1C31B5DED5A3D1F7CFDC","2026-09-22 09:44:14"
"src\deep2\K2MLA_QPathDevice_Emit.cpp","50","31094AC9856DBF745647DF546FA129CD78C431F8A72776E9CA054D63F767A267","2026-09-22 09:44:14"
"src\deep2\K2MoEWeights.cpp","40","DA2274839780B3077B402BD2E22FC4EE93306C86EEE7C7735241EBE04F203F47","2026-09-22 09:44:14"
"src\deep2\K2NativeStreamGate.cpp","46","5AFA8233ABE03C5EF01114EAD5E61130C09F2B7FB69F278E8F63C98339E6E7FF","2026-09-22 09:44:14"
"src\deep2\K2NativeStreamGate.hpp","249","3EF0B87C23B36B065F7F32479996EC8F999C23A6072B28508C339AE7C3B6A8C6","2026-09-22 06:10:42"
"src\deep2\K2QbHostShrinkD2h.cpp","45","AE601905944FC9394EF636291E17FB59D939A6B6EE46E1A780E5B768CFEF9C5F","2026-09-22 09:44:14"
"src\deep2\K2ShardIo.cpp","37","30FEC32346C7BB81DC7FC5CA6455C2367C08CE4B2F500ADC5ACB73D2206D0780","2026-09-22 09:44:14"
"src\deep2\K2TimeLimitedServing.cpp","48","413486400D8DC5C8110BC165B881A479E912E9AB446F3A93FC24F36A870BD837","2026-09-22 09:44:14"
"src\deep2\K2TokenEmbedding.cpp","44","85B2FE47838C7B5476D2237696A61DC1CB06DF01FF399F26EAD906E44FCBC1E7","2026-09-22 09:44:14"
"src\deep2\K2WeightResolve.cpp","43","C42D9AB3D947ABB7BFC1E2F1DDC3CF5DB7E5916FCFDA0FF51665D5934FB93EBA","2026-09-22 09:44:14"
"src\deep2\KimiK2Config.cpp","40","390A40EFA1EC6D1F77669A04FE8E886AB8D4EF85E4816C4928960D06948F5C24","2026-09-22 09:44:14"
"src\deep2\KimiK2Config.hpp","280","B20D693A319A079C8354933F63EE936470C06F48F60FBF9E27BEF157CDFDB483","2026-09-22 06:10:42"
"src\deep2\KVCache.cpp","35","8A503BCA8B9B930AC67826F75DD3152EE32E4BDC3CA5E7131BB79C3C198A2712","2026-09-22 09:37:54"
"src\deep2\KVCache.h","8239","21AD3B2656B0E85637197B14FE7D0C0EA0BCE945AA86438DB9A3144CF525CFF4","2026-09-22 06:10:42"
"src\deep2\KVSpecTransaction.hpp","1206","39D26E053A515A4E8E739B9D72284E0FCDCE07382353DBEA5B4520471372D85B","2026-09-22 06:10:42"
"src\deep2\layer_harness.cpp","41","3B0131746E1353EFD4BB39F4EC60419C604BD8CE5579C93110A4B4CE9D0B7742","2026-09-22 09:44:14"
"src\deep2\LegacyRawrXDToolProviders.cpp","2874","AACEF35187CF10FE0FD6F07EDC99F31CEE3F0D127160D852EE0E82FF39EE2D39","2026-09-22 06:10:42"
"src\deep2\LegacyRawrXDToolProviders.hpp","267","5D88B17FF958BDC885A52582C0B1135A8984936719934EA1312D0DBADFD96B54","2026-09-22 06:10:42"
"src\deep2\LivePathEffect.cpp","42","AAF234E65BDF0E560E19A13C79B0315BDC78286EACD2BF57A66B3386377213E2","2026-09-22 09:44:14"
"src\deep2\LivePathFusedCert_Arm.cpp","49","EB1659D9E8A776E824519B140BF1487987E813223A4FA07A4B891A1E5853CD9B","2026-09-22 09:44:14"
"src\deep2\LivePath_FusedTick.cpp","46","EBF47095D1536D8B6711DB9954941706751FCA5150069638F7B747B4A4913B68","2026-09-22 09:44:14"
"src\deep2\LlamaNativeBridge.cpp","45","C314867E16BB19F7169F381ED9C746D26A4368D616602205C7C996CC4AFD0969","2026-09-22 09:44:14"
"src\deep2\MASMKernelStubs.cpp","43","A83050AB2829AB408661136CD7E2E1986F9FCBBBCDD9EEED15D5EFFE293EF776","2026-09-22 09:44:14"
"src\deep2\mcp_bridge.cpp","38","FEF597F53EA3942EFCE80DBC2B31E433CC342039631C36666137CAC4A84E65F2","2026-09-22 09:44:14"
"src\deep2\MedusaDecoder.cpp","41","7FAE30C0E2CEADE8ECB1B97A23729FD370F4655C9A11D912C9899218D74A05E4","2026-09-22 09:37:54"
"src\deep2\MedusaDecoder.hpp","5356","07E7E8AD329356F5D42410DDB337CFF053E69EC49FDD9F16348E726E672CE79D","2026-09-22 06:10:42"
"src\deep2\MlaCertAuthority.cpp","44","E77BE999E59C52461A6C94ACF99EA9EAAF691E21DB683B53126B3A0FB9D9C8C6","2026-09-22 09:44:14"
"src\deep2\MlaCertProbe.cpp","40","81297BBF9910EE924F8FF80FFD0FE2530A6E616E16476E3FE095F4143728F8F3","2026-09-22 09:44:14"
"src\deep2\ModelLoader.cpp","39","EB7747C62495110019E4285C6E933C1694E0102EC4D03A3A6CDFE9E627154305","2026-09-22 09:44:14"
"src\deep2\ModelRegistry.cpp","41","1726CF577203F9B17CD40867752C677F20581C8F57037110346AD7B24597117A","2026-09-22 09:37:54"
"src\deep2\MoEArchitectureParser.cpp","49","D0D2D6D97E3090D46F585CC1BE564DCC70768D69C5204557D5DCA7F29B0AEFA0","2026-09-22 09:37:54"
"src\deep2\MoEEliminate.cpp","40","F8925562C9CF8B9C85200A68B4574920E0D79B0C5E8E393CD25127F31DAEE583","2026-09-22 09:44:14"
"src\deep2\MoERouter.cpp","37","9BD000435213895C86B5625C28218CF6F1B4AE48055ACEF770FFF3A3558B7314","2026-09-22 09:37:54"
"src\deep2\MoERouter.hpp","14070","02802563EFF65CFD7FED31B2E1D4E2D406BA139665E2D2F56F8D3A466568049B","2026-09-22 06:10:42"
"src\deep2\MoEWeightProxy.cpp","42","087E046D3DF6CE1F89AC9751B219172FD8EF2B9F8FB4AEF70F9692BA387697B6","2026-09-22 09:37:54"
"src\deep2\MoEWeightProxy.hpp","233","CB4F853B3A81DF93F065ACEF3BC9F8CCCE88FEAB2BBDDD2D3D16E7EBB8EFA8BA","2026-09-22 06:10:42"
"src\deep2\MoEWeightsLoader.cpp","44","29EA5D64E47FDC62CE8AE847A819EDDA3E161C0231211C48AA7138940BA14E1B","2026-09-22 09:37:54"
"src\deep2\moe_microbench.cpp","42","C1B110C5439BC8914BB15F9824843D8E15D22D3F8543D134CD226988569E4905","2026-09-22 09:44:14"
"src\deep2\moe_simple_bench.cpp","44","4F181919CDFD732DA1954DF3650EE0E46762597F5CF6FFCC4F591D8B11E4A427","2026-09-22 09:44:14"
"src\deep2\moe_test.cpp","36","6AB7AC9484A3ABB98D9E71CC4DA7B73952E1AB0CDFEFBBD14ABF68804CECFC76","2026-09-22 09:44:14"
"src\deep2\moe_validation_test.cpp","47","92C15A04243584F75D7B03F6CF932CEE8573279EA8528798D9D6CDE290161E91","2026-09-22 09:44:14"
"src\deep2\NUFusedPacker.cpp","41","20A76BD031D558190BFF9B5A6938784A43E6A119FC4B18F69424A7D3A6982612","2026-09-22 09:37:54"
"src\deep2\NUFusedPacker.hpp","199","2183D9BD5EAC23DB410C823853C98DA96CE049C0B70519975561CE933C4EE2C0","2026-09-22 06:10:42"
"src\deep2\NUGemv.cpp","34","CA299047EA1F174018BE379E98FB9F90DAEAA61604E55F3EE2C8AF004A09B6BE","2026-09-22 09:44:14"
"src\deep2\NULiveConsumer.cpp","42","6F303A19FCAB23F705A4E441F439CEF14662C81BD3324C3D4370EDA1493B66B6","2026-09-22 09:44:14"
"src\deep2\NVMeStream.cpp","38","0A958F6040BDB7676BAE48E13742EA3FF07263B196B1AB3EFE609B72E7C9C52D","2026-09-22 09:37:54"
"src\deep2\NVMeStream.h","159","2B2AD6353528C289D1FE62ABFC08C47A4FACCB241B318A631D9C630DCFBBB87A","2026-09-22 06:10:42"
"src\deep2\OutOfCoreRuntime.cpp","44","BF91BF5029C6A0721429B0BE07C9B6647ADD162DA6A3CCE4D0546E452CAF10C7","2026-09-22 09:44:14"
"src\deep2\p0_process_alive_001.cpp","48","A791A35F24287EC66CBB2728A81884CF20DB582F46067D36BA5B097C2EF1E664","2026-09-22 09:44:14"
"src\deep2\p1_ide_exec_policy_apply_001.cpp","56","3D59454F5D8BE15B08D573119AB0BB8ECFBD08EE4F1CC0688AEC507AAD1A4578","2026-09-22 09:44:14"
"src\deep2\p1_ide_exec_policy_live_gguf_001.cpp","60","3B18FA776B8ECE2D56C57BA89D81C5C1E2DACB514AA1ECF4547C1FEE5F0346DF","2026-09-22 09:44:14"
"src\deep2\p1_policy_sha_lifecycle_diag_001.cpp","60","45DD1A770FB6914B0C45B906F945EA839DC4744A9A75C47BD9AC55AB5ED23483","2026-09-22 09:44:14"
"src\deep2\p1_real_speedup_001.cpp","47","686FF58EDB1EE9C19C7232D261428FDC885CE05AC92A72177C3A74D0415E1FEB","2026-09-22 09:44:14"
"src\deep2\p1_repeatability_state_drift_diag_001.cpp","65","107959DDC337EF9F8832655E1B7986271C0C240A1D2EC108420EE6D791BB445F","2026-09-22 09:44:14"
"src\deep2\p1_repeatability_trial_validity_diag_001.cpp","68","A4B10CDBC40E41F680CD6A9DF1AC1E5ADFF6BE47AC2F0064D08D4887CE97E794","2026-09-22 09:44:14"
"src\deep2\PatchCache.cpp","38","C95DD3E032D47BD719890E45C76CC8C1A8939D81642DA058F9218CDE86FF5037","2026-09-22 09:44:14"
"src\deep2\PlasmaGovernor.cpp","42","CB59F9A5F47DA8107E74D0EF949C904EE3D3C46C029CF3A71E35CBD897AF1C52","2026-09-22 09:44:14"
"src\deep2\PlasmaGovernor.hpp","318","0385D412C355CBA45445A9F51318095DF67EF357CBAB61F557A83ACD25F6F949","2026-09-22 06:10:42"
"src\deep2\ProductionBenchmark.cpp","47","AFF3CADD96B4A0D7275E31862991F98C345953E920644836BA8A18C1F424ED82","2026-09-22 09:44:14"
"src\deep2\ProductionProfiler.cpp","46","B5B73DCA034E48355564233DA4A3754A095F88D4E4BE732757ACEB9A204A0AAF","2026-09-22 09:44:14"
"src\deep2\ProductionProfiler.hpp","297","9BCBEEA9E26DEECC20ED5E6AB92E0289865D7AEC965B8CC64B3343BF2988900A","2026-09-22 06:10:42"
"src\deep2\QuantKB.obj","1021","2A037837E47805445A2A53013F086FDFD55FF878D564162794E99EBF07081BB6","2026-09-22 10:58:28"
"src\deep2\QuantKernelMASM.cpp","43","7DE78E70217A66B717D1580D27AA6FAF555ED0379BE9C29E5C4D5E7B41A379AB","2026-09-22 09:44:14"
"src\deep2\QuantKernelRegistry.cpp","86941","FB8E378F6A9B59DCA05A6BA26F3A7D28D348BFE97180338A37655E97A64E38BB","2026-09-22 06:10:42"
"src\deep2\QuantKernelRegistry.hpp","8046","9B42313D5C9FC29E5A1DDF61D94CD4F095CCEB6B6DF57BDD15D210213605DEC5","2026-09-22 06:10:42"
"src\deep2\QuantKernelRegistry_K.h","158","E6385B98745CBEAE01669E0D5195D6655B98B8EFF394E932B456A46350467BFE","2026-09-22 06:10:42"
"src\deep2\qwen35_attn_contract.cpp","48","15142D61CE96574E47D69331BC6EAE9CB63032BA128C84507932CDCE08173B5B","2026-09-22 09:44:14"
"src\deep2\RawrRuntime.cpp","39","DEEE8B3AEE4FFE683FCD7AB5040A047E3F685A6DB0F819CDA5ADE36201768B56","2026-09-22 09:44:14"
"src\deep2\RawrXDInferenceAdapter.cpp","50","17D981FE21D1182B1DDCE39DEF8E088B38B4BBA66F365257535AFEB9A97B727F","2026-09-22 09:37:54"
"src\deep2\rawrxd_normal_gguf_final_001.cpp","56","9FF76A3E79CA15D1F02441D72A39FDCEFB79EEDEBC8674E818074F5150908D3E","2026-09-22 09:44:14"
"src\deep2\rawrxd_run_modelname_001.cpp","52","B8B84AE7398E138FE9C81F83369936526BF7FE808E1BD6A8AD1FFB0DEBD1CAA1","2026-09-22 09:44:14"
"src\deep2\rawr_run.cpp","36","6D8D947D89EA54E5311126761E3CFA931B778DB55CA0237816FCDA057153C047","2026-09-22 09:37:54"
"src\deep2\ResidencyLease.cpp","42","5FE8B837B9B0EA248340A1DC0EE12CBED7D5A5C07B9983A1CA944F562957454B","2026-09-22 09:44:14"
"src\deep2\ResidencyManager.cpp","44","5C50C87237A01ED9A82DF761B2BA03240CD77B83B41702EE574934C4E2C51CF3","2026-09-22 09:37:54"
"src\deep2\ResidencyManager.hpp","136","B6EC90155C7474E19499CEDC615A55E05A2C1A1D69C241EB4563395167EE8615","2026-09-22 06:10:42"
"src\deep2\ReverseHotpatchEngine.cpp","49","9499A676DD66AE17B80DCB282B480F6EC5C6B3A0ECB75460D93767D1350057D5","2026-09-22 09:37:54"
"src\deep2\ReverseIntegration.cpp","46","D589871130BC8CF4A49DE5E9F774A42A2FB074F0DF6F84B6FE71A8BA9C3F5B83","2026-09-22 09:37:54"
"src\deep2\ReverseIntegration.hpp","297","BCEEBB57EA2816BCB11530D761DC023CF443DFBE75307A0A14AE0805B3794274","2026-09-22 06:10:42"
"src\deep2\ReverseTensorRecovery.cpp","49","A1F037AD96E8869F3A7580438CA04EA1F0CE6910BBEC4CAE800E5363CED32D83","2026-09-22 09:44:14"
"src\deep2\RouterPrefetchTelemetry.cpp","51","CBA682CD0DA22875EAA62E748CC14D4101C625F16DACF1A17C6B5E71C11A734B","2026-09-22 09:44:14"
"src\deep2\RouterPrefetchTelemetry.hpp","150","2AE8BB50BBA61E50360B59EAC5B80630F625E350B72B3A5C336A30FCC422B14E","2026-09-22 06:10:42"
"src\deep2\router_bench.cpp","40","AC7B52A7C9DDCB1917FA064536A7541352A1D700391ABABC84D593A554E3530C","2026-09-22 09:44:14"
"src\deep2\router_latency_test.cpp","47","48DEF41E0AB495279384E7235C6951E05E3C1242ADB84B98592615D6401F6AD5","2026-09-22 09:44:14"
"src\deep2\RuntimePlanner.cpp","42","43D5CD87B29F6B911C717C18F8C21FB6162712E750265FB5EF1B4EB698AAFF52","2026-09-22 09:44:14"
"src\deep2\Sampler.cpp","2361","E8AB3E90B14AA9703A68A6D3FCA3D0AC1ED710C4CF4C758594470A5C9D9BD8C4","2026-09-22 06:10:42"
"src\deep2\Sampler.hpp","915","A7CEFA8CB331FB78663DCC5364BB291334D290594DDAA2DE607B967FE5089C42","2026-09-22 06:10:42"
"src\deep2\ScaleQuality.cpp","40","B4FC89D1A3F68A683C96749FD46CC6FBF79E25FFA18AA138C9CAB8B6A0B3F7BE","2026-09-22 09:44:14"
"src\deep2\ShardRouterIntegration.cpp","50","C69887041ECEABCE674FB72A710251E5785D6CAD094E89022758CB1FCF47AC58","2026-09-22 09:44:14"
"src\deep2\SlidingWindowEngine.cpp","47","F934C37D3612504182A0E6A687E3D0DA84B68874C1D03A17B5CD619E5F7562BE","2026-09-22 09:37:54"
"src\deep2\SlidingWindowEngine.h","294","374239324D1F699EB4DC8DBA77597EDED7951536E1809E0631B62B38FCDF8C8B","2026-09-22 06:10:42"
"src\deep2\SovereignOutOfCoreRuntime.cpp","53","DAA0F4BB6DC6C51DFE3D42EE9D22076194A459BCBB13D96328A13C986E3B0971","2026-09-22 09:44:14"
"src\deep2\SovereignOutOfCoreRuntime.hpp","196","592833E035C5D2172C8BFE66299B486C48899ED6EDE2E319E96DD0F7FAA22DE7","2026-09-22 06:10:42"
"src\deep2\sovereign_q4k_gemv_v2.asm.obj","53","0EA7AC34F5FCF54FAC15227B1506002780FDDEFA81440F8ADDFFE958F4696F96","2026-09-22 09:44:14"
"src\deep2\SsmCertProbe.cpp","40","3B4BC4B0F4EE060C3C90D687FA2665B884E1079BAFF719554433F68F417CD702","2026-09-22 09:44:14"
"src\deep2\StreamEngine.cpp","40","4F102964D0E147C1E138C1F7F0B1DBF70786366CB800DE4DF214FE5DBFE79FBE","2026-09-22 09:44:14"
"src\deep2\StreamerGpuSoloGate.cpp","47","84A1DD18A008079D30D10A6E04B27128E7FEEAF24DD5647C64C990FF6C440FF9","2026-09-22 09:44:14"
"src\deep2\StreamerGpuSoloVk.cpp","45","DF5B8B4274D0FA91ED2035705C515CB1B6F846B2AF8617AEDD9E20391618322C","2026-09-22 09:44:14"
"src\deep2\StreamerParity_Harness.cpp","50","55ED4E1436477ADBAAD0642D8153D616440BECB7B575C2CB73E19348EE6CDEF2","2026-09-22 09:44:14"
"src\deep2\StreamerParity_Post.cpp","47","4883FEAA0701F085473DDAD5673C2E76E6D4886097DC43E8C6D174880F3CB7F5","2026-09-22 09:44:14"
"src\deep2\StreamRouter.cpp","40","8AE87527344B45AD4B89ECCEF568E6FB34411E41E7CC814B175AB43144AE154D","2026-09-22 09:44:14"
"src\deep2\TensorHop.cpp","37","01CB76582C6870BE74D0D9CF8C54AC137B655A8AD54DB9D5BEBFE7D6EFECAAC0","2026-09-22 09:44:14"
"src\deep2\TensorResidencyCache.hpp","240","68D3C2DDF4D0BC83CBF57C814C49C6680AE7DB8C58B8D780390D1C6077360216","2026-09-22 06:10:42"
"src\deep2\test_api_server.cpp","43","655F9D5593493263F3B3687E246F76B25C085CE5799D7C99505528F4D300FAD0","2026-09-22 09:44:14"
"src\deep2\test_attn_out_bisect.cpp","25","493B0BF92174B1FF34C14D049B2266D7F31DDC5580B77D3AD1697C2486F0D0F5","2026-09-22 06:10:42"
"src\deep2\test_chat_template.cpp","46","7ADAE862F074F64064A21BDAF0B52955F9535D9D5A876090D5BB4E2B3DDFDF6D","2026-09-22 09:44:14"
"src\deep2\test_chat_template_unit.cpp","51","974071D3F697BC1F5397D5620140228579BE7F1A5F956767B5EC28F3CD30427F","2026-09-22 09:44:14"
"src\deep2\test_deterministic_replay.cpp","53","CDC3764C1156964EC278DF68B4BAF3DD708AE130E4E683819083B02ED6B20E06","2026-09-22 09:44:14"
"src\deep2\test_embed_q4k_token.cpp","48","2ADA85328F02DA0F490D4F7D12C16285E95C8EC32F9D59163040AF4C863EB45A","2026-09-22 09:44:14"
"src\deep2\test_generate_one_token.cpp","51","233CEBFD63B72229EED05095E503E209CBD0DBC15F678DD44B2421FD13BA095D","2026-09-22 09:44:14"
"src\deep2\test_gguf_alignment_diagnostic.cpp","25","493B0BF92174B1FF34C14D049B2266D7F31DDC5580B77D3AD1697C2486F0D0F5","2026-09-22 06:10:42"
"src\deep2\test_l10_ffn_inp_same_source.cpp","56","A0166450585E2413ED20D0E562B361FDF1389D8D8E547DB9941AFC0E183CD261","2026-09-22 09:44:14"
"src\deep2\test_o_proj_gemv.cpp","25","493B0BF92174B1FF34C14D049B2266D7F31DDC5580B77D3AD1697C2486F0D0F5","2026-09-22 06:10:42"
"src\deep2\test_o_proj_mulmat_002.cpp","25","493B0BF92174B1FF34C14D049B2266D7F31DDC5580B77D3AD1697C2486F0D0F5","2026-09-22 06:10:42"
"src\deep2\test_q4k_gemv_parity.cpp","48","1FA8736186F898431C90E450A6569C4AF1B595047E2B9892835870079837F305","2026-09-22 09:44:14"
"src\deep2\test_q4_0_gemv_certification.cpp","56","D448C861B52EA234B3BDB5749AAB0DAA1706934126B3C9B8B8442A7376900683","2026-09-22 09:44:14"
"src\deep2\test_q_elemdiff.cpp","43","5086B177000616A0C200EF89087FD3E7D75617C63ECCF550A2AA4131B6196547","2026-09-22 09:44:14"
"src\deep2\test_real_gguf_load.cpp","47","69D02C51691767F28B5F5BB7BE637FE3A710B6847A6D9600CD305A8C46416B9E","2026-09-22 09:44:14"
"src\deep2\test_real_gguf_validate.cpp","51","0E2C6091610D30408CBDE92651F5128DF3DD8D6A223CD893C77CC3E7DF27EBA7","2026-09-22 09:44:14"
"src\deep2\test_streaming.cpp","42","88A384F25F05B362F952DDD65A0FB8DD4D1858F3341530788179C010191661F4","2026-09-22 09:44:14"
"src\deep2\test_tool_limit_hotpatch.cpp","52","AA63C869E7FBBDF314C45415284F629D0AC60592E0B9075D6FE1991E171D4173","2026-09-22 09:44:14"
"src\deep2\test_val_051_3_multi_token.cpp","54","2F2E2EB785CDEBCA36FEF9E9ED2ECE2A11FEA357CCA6B88A5D6207CFCA0226D7","2026-09-22 09:44:14"
"src\deep2\test_v_proj_parity.cpp","25","493B0BF92174B1FF34C14D049B2266D7F31DDC5580B77D3AD1697C2486F0D0F5","2026-09-22 06:10:42"
"src\deep2\TheDualityExample.cpp","45","2D6F277D9AF74B70E8A573438924B692A0FF758F00D4D44661A74CD77DC5E2E7","2026-09-22 09:44:14"
"src\deep2\ThreadPool.cpp","38","C628501BEABBD9F4C59F1B5AA08858EA508EA95AFFA9C038024E6732716FF73F","2026-09-22 09:37:54"
"src\deep2\ThreadPool.h","6154","79598C0D92ACDF45884CD923420A4F9BEA44271B1AF382FBD0C68F97C90C01D8","2026-09-22 06:10:42"
"src\deep2\Tokenizer.cpp","28789","5050E49250C535EEAE10E0FCF6C870AF89027FEAC5CE3B77D64200B8DA14242D","2026-09-22 06:10:42"
"src\deep2\Tokenizer.hpp","4814","E18E954061BE3E174DB11594503E4BBC4804B6FAFE837A09A7E8835115A66ADB","2026-09-22 06:10:42"
"src\deep2\ToroidalKVCache.cpp","43","7734880BB75A0EECC25EBFC7892A544B34EA7E3C6713578FF2782ABEBFCFDD7F","2026-09-22 09:44:14"
"src\deep2\ToroidalKVCache.hpp","134","3C2BE7BF39960193E8B1B21CBF2974A5DCED300D9EAD68D6875573D77C24E39B","2026-09-22 06:10:42"
"src\deep2\TpsScaleHotpatch.cpp","44","6C70772806F1EE3048B748182F127367F6FA6BFF3F0183EB8F56944C7EA48EE9","2026-09-22 09:44:14"
"src\deep2\TrailBrake.cpp","38","3F37AD6CA5E6A1774D1259E75F2E49CA56AE6FBAF1A97C27DE57A7A93873BFF4","2026-09-22 09:44:14"
"src\deep2\UniversalModelLoader.cpp","48","F1B6890378EBAD55935DB9538151140A3D7B03EBA2DF31EC083E829409E0C36A","2026-09-22 09:44:14"
"src\deep2\VAL038_Benchmark_Harness.cpp","52","90A2D8BCFD9ADB5A7239175B95D2ACE1E0B2EA187733BDEAD5A4998BC3C0B9E2","2026-09-22 09:44:14"
"src\deep2\VAL0517BaselineFixture.cpp","50","033C1FBED1F0015C87645C1503383906C34DF677172D249FB528C151B2AB1F37","2026-09-22 09:44:14"
"src\deep2\VAL063_Deep2Certification.cpp","53","6515AF05C57D5E343D417C31B52963B2F39F19C5419C4359ECDAF7AE533D1031","2026-09-22 09:44:14"
"src\deep2\VirtualTensorDesc.hpp","218","46992A336DEE04A59E53F57225BF3A5E17F1271C0113EA0FDDBF96FB4179A7B1","2026-09-22 06:10:42"
"src\deep2\vulkan_compute.cpp","266008","405CE85529A8621EA01AFB8FA596BB0C98E8A6255B4E3E9EE1809B5D62AC78B9","2026-09-22 06:10:42"
"src\deep2\vulkan_compute.h","72974","06E9B2EBEB292B62A7B281F1735B76B9D0C9343D3C942BA141F42125AC654091","2026-09-22 06:10:42"
"src\deep2\vulkan_compute.h.backup","16098","E44808FFFB29905F2573AF06AA7AD6DDE3E7BAA6ED0FE4A7C978A4EFD8394F5E","2026-09-22 06:10:42"
"src\deep2\vulkan_compute_batch10.h","31278","03EF76E5D423DE5352E693F049387ADFCE669A977081736483EC6F9C0F08F7B7","2026-09-22 06:10:42"
"src\deep2\vulkan_compute_batch10_utf8.h","16033","161C3BF864597A5DBAB0162533BE517D4373DBF8BC7289F77E2A3E279BFF6280","2026-09-22 06:10:42"
"src\deep2\vulkan_compute_from_batch10.h","17200","01554A13682438F65F1376582F9EE25C82C3A81EC32E7C77D632F1775C7F40A2","2026-09-22 06:10:42"
"src\deep2\vulkan_compute_git.h","0","E3B0C44298FC1C149AFBF4C8996FB92427AE41E4649B934CA495991B7852B855","2026-09-22 06:10:42"
"src\deep2\vulkan_compute_patched.h","16498","75463D58EC27B68E3D1367DE79CD8B27086281102C0AC602963906094AFF10E8","2026-09-22 06:10:42"
"src\deep2\vulkan_compute_tmp.cpp","158786","29B02C7DC1F4E8E056105334BC60F575BBF4019800A5D69667028873C8F955E5","2026-09-16 21:24:29"
"src\deep2\vwa_address_contract_001.cpp","52","D949368D4675413FC433E27175B7336F40C3C3D690D75DCC0673FBE0ECA266D1","2026-09-22 09:44:14"
"src\deep2\vwa_poc_1_001.cpp","41","82EE0D5F6127F5DA1A470CBD79A657AF4CE383113ECEC8826EB69D747C4CC47C","2026-09-22 09:44:14"
"src\deep2\vwa_range_contract_001.cpp","50","3B8EE06EFDF1DA3109D22A827A4659E57B5AE55D46B641C2A3E6FB26B1DDC2A9","2026-09-22 09:44:14"
"src\deep2\WarmupScheduler.cpp","43","7D1240C002C7145346CB8C05759DF7B49359F31FCF80497CD0FA13D692AEA932","2026-09-22 09:37:54"
"src\deep2\WarmupScheduler.hpp","212","A557698AA3E91A07F0921B110657ACEBC452A6B0500E24686417A155FBE032C9","2026-09-22 06:10:42"
"src\deep2\ZlibRuntimeLoader.cpp","45","957BECDD060983EFFD47D236FDA064793E18805162298225ECFAE6CCAC2BB983","2026-09-22 09:44:14"
"src\deep2\_probe_chat_quality.cpp","25","493B0BF92174B1FF34C14D049B2266D7F31DDC5580B77D3AD1697C2486F0D0F5","2026-09-22 06:10:42"
"src\deep2\build\evidence\authority_test.receipt.txt","321","7EA20E6C67BD85E3F46968B17FB8C31E294505438EEA953553798441A3A033F5","2026-09-14 04:42:42"
"src\deep2\build\evidence\authority_test.sha256","93","C32188420251FCCD889330D5EC7D1ECB867F324492F302CDC12A903726EDC912","2026-09-14 04:42:42"
"src\deep2\contracts\BATCH61_QWEN3_NEXT.txt","466","1876E526E3D58250A1219E6C953916FEC5DCBEEE6D4C0D59F93DDE14F0BA2313","2026-09-22 06:10:42"
"src\deep2\contracts\BATCH62_NEMOTRON_35_LIGHTNING.txt","377","70943629F3BFB227D62BB74C31DD51D8B77CD8E959CAF1C8DB5C9C193CAA0488","2026-09-22 06:10:42"
"src\deep2\contracts\BATCH63_GPT_OSS_120B.txt","365","8AAA3F5C378C63F6858081E141A2316F139716E84DA6909E0C9BDD6C3E7B1670","2026-09-22 06:10:42"
"src\deep2\contracts\BATCH64_LAGUNA_S21.txt","412","AFB4F53ACF454B14B91548D61D0E8F20E3213DB43E82BE40A2D072059D570658","2026-09-22 06:10:42"
"src\deep2\contracts\BATCH65_DEEPSEEK_V4_FLASH.txt","433","713240DE9E8437561D264741796BD383C83453208E061FBF5B10A62CEA2CBBF8","2026-09-22 06:10:42"
"src\deep2\execution_policy\ExecutionPolicy.cpp","60","BCA4255E7FCDBCF9FD3E086C552209BAC24DF294C0C5B937FBA1770D694D27CC","2026-09-22 09:44:14"
"src\deep2\execution_policy\ExecutionPolicyApply.cpp","65","6A34A521F59BC6C8B6C0EF8BCC4F82C0170C3F26E00F7FD4322E868AC4725C20","2026-09-22 09:44:14"
"src\deep2\execution_policy\ExecutionPolicyStore.cpp","65","B9F65F84FDC6B7AC835064A85435EC96D9BBBF7053DFF7C4D2930EE87CC43039","2026-09-22 09:44:14"
"src\deep2\execution_policy\PlacementPlan.cpp","58","6D6B814A59C5E7BF2BDB144407B25E331BDC4A6920130DCE84EAB28783C84181","2026-09-22 09:44:14"
"src\deep2\gpu\Deep2GPUBackend.cpp","47","54420E9115085952A30B8A2CCFA1A91BC927D1EE93EF75F1DA479A39AD9989AF","2026-09-22 09:44:14"
"src\deep2\integration\DEEP2_BIND.md","1954","8940145B31D8A5BDEDDAEFC6E038F064C4B2B944540657B8536FAEF5D223CCF7","2026-09-22 06:10:42"
"src\deep2\integration\RAWR_BENCH_BIND.md","1427","16843C522AF9F823FDE504170C20796F5B5C2AD0751C744EEC430113CD7C0B1C","2026-09-22 06:10:42"
"src\deep2\integration\RAWR_BENCH_OUTPUT.txt","526","E9930949D83DB80C28B8A3311BA6DD880F0B1C63BB618B81A3DFA30C188A33DF","2026-09-22 06:10:42"
"src\deep2\integration\README_E2E_BIND.txt","2965","3E25DA43D31C1F1B0FA348A708F09BC169BB842CEA4DB573E850E39D343EEB77","2026-09-22 06:10:42"
"src\deep2\kernels\flash_attn_asm_fallback.cpp","1110","832E0DD8A13B5A96FA693ED3B235C6F723752CEDE7ED65C27A0D257022C37E8F","2026-09-22 10:07:13"
"src\deep2\kernels\masm_kernels.cpp","4388","9F12649D8EFAC86C945651FBB4A3230CDC5ABBFD5886940A1BB68027A86DD35D","2026-09-22 10:07:13"
"src\deep2\lavapath\BatchD_UnifiedAsyncMove.hpp","244","E6D29AD19BCDE93F869E39DE87C879708EB369E55D68B351F9B02F2EA155F92A","2026-09-22 06:10:42"
"src\deep2\lavapath\DualStickEnvSnap.cpp","53","5C6F8F030022B4FB162A09AC681955D5DC1FE8E4FBD5E8436E23406461C54788","2026-09-22 09:44:14"
"src\deep2\lavapath\DualStickStreamWindow.cpp","58","20FF75F5201E9165DAF3DA39F1F8E048F3B254ACA34E8A389A9509AA795F478B","2026-09-22 09:44:14"
"src\deep2\lavapath\DualStickStreamWindow.hpp","552","FC8FB5476BC8DAB49CE220F15C7915541D55BDD4B129164E4DA05317146FAB83","2026-09-22 06:10:42"
"src\deep2\lavapath\DualStickStreamWindow_Acquire.cpp","66","128CFB692AD892E68ECA03AA6DB4CE86B2E0EA5E9913890DBB1FBC667FDE0901","2026-09-22 09:44:14"
"src\deep2\lavapath\DualStickStreamWindow_Emit.cpp","63","980BD1F8A94B032A2103F18BBE5F6E51AAAC661C6AFEB2567D802B7BD9FAEADC","2026-09-22 09:44:14"
"src\deep2\lavapath\FreeTokenMicroZone.cpp","55","32DDD9E6420CB1DFBBCD14BFC22B408B6A2A162DDCF1995C45375528CDB5C675","2026-09-22 09:44:14"
"src\deep2\lavapath\FreeTokenMicroZone_Query.cpp","61","06B7298424287BE98ADC27E092861AC68B8BC71425BC32401B2137C322002084","2026-09-22 09:44:14"
"src\deep2\lavapath\FutureConsumer_Advance.cpp","59","20B88B8244FDEBB2344C1ABE355DAE04A4BCA6D028419C6B91CC73F394EDBA54","2026-09-22 09:44:14"
"src\deep2\lavapath\FutureConsumer_Chair.cpp","57","2C72C93B76BD9D4E64D23288FAD0A842CBF1D4BD66D61C3001C67A4DE5E47EC4","2026-09-22 09:44:14"
"src\deep2\lavapath\FutureConsumer_Emit.cpp","56","C19274A29EB0EFF9F125C4DD9FCE85F2D5EC272A7A511B0D84BA0546E24E4BCB","2026-09-22 09:44:14"
"src\deep2\lavapath\FutureConsumer_EmitExec.cpp","60","C4A252F741E1CE533196C4D594E411B01EF68A6F247D90BE03B5D755F7FE2414","2026-09-22 09:44:14"
"src\deep2\lavapath\FutureConsumer_Notes.cpp","57","7719111EF3834520EE9C5FDAA51913941FAAB1B7C3FCB61BEA6ABB2BC81931D0","2026-09-22 09:44:14"
"src\deep2\lavapath\FutureConsumer_Register.cpp","60","984D97E368DBC0850538453954F68B44C5806DB9C5B0FD5BFB5B990FA41F3D19","2026-09-22 09:44:14"
"src\deep2\lavapath\FutureConsumer_Space.cpp","57","DB118D5F7625E981588BDCFF478C7A4FCA9BC92C5E8E619BDECB1CA0D22FEA01","2026-09-22 09:44:14"
"src\deep2\lavapath\GgufDynamicGeometry.hpp","123","005562F46F912C0494615DEA9EC714270081A712DB6CF5EC14C662EC20D3BDE5","2026-09-22 06:10:42"
"src\deep2\lavapath\GgufDynamicGeometry_arrays.cpp","63","4243111FCFB038331581F3747C5E7B487410BE176ECF2909BF14C4578AD448B3","2026-09-22 09:44:14"
"src\deep2\lavapath\GgufDynamicGeometry_finalize.cpp","65","E9D42452FC6281388D9CD33B2992BEE98453BFFEBEBB8BD5CD2FE713E294944E","2026-09-22 09:44:14"
"src\deep2\lavapath\GgufDynamicGeometry_io.cpp","59","9DFD08FA236A1CA2FF69CD7FE697D11619073FF70FFE884DFAF3ABAFE8A6632B","2026-09-22 09:44:14"
"src\deep2\lavapath\GgufDynamicGeometry_keys.cpp","61","F842359D42996332B1407613C7576E4255672B1BC4BFBEDCE7444EC4FEC5B6CB","2026-09-22 09:44:14"
"src\deep2\lavapath\GgufDynamicGeometry_resolve.cpp","64","0F65574701311A4AC308B8A913E3420A438D8FE7F38ADDE3396BD088D3429B8D","2026-09-22 09:44:14"
"src\deep2\lavapath\GpuForwardChildLadder.hpp","609","9E9196C4C19C5913AA06D20A86A5925A5F061EBE922883127DC06172650F91A7","2026-09-22 06:10:42"
"src\deep2\lavapath\HostFutureConsumerPrefetch.cpp","63","2B579E33C483C61F0EBA7544CB3300F8D77520E38FC910350C65794F48F32288","2026-09-22 09:44:14"
"src\deep2\lavapath\HostFutureConsumerPrefetch_KnO3.cpp","68","6B0CAD9D69A75970751AA89082A2037A362DD3AF85D60B1467D87CD51EE5F878","2026-09-22 09:44:14"
"src\deep2\lavapath\HostFutureConsumerPrefetch_Move.cpp","68","76DBAB76593E50073E73C84D6837AE28F7B8EA113E661F692011BE0997792A2A","2026-09-22 09:44:14"
"src\deep2\lavapath\HostFutureConsumerPrefetch_Nvme.cpp","68","A2933A22EF6B2E7CA65F5262E80D17B46A08CA1F2662DAF1738DF0EAC8596F97","2026-09-22 09:44:14"
"src\deep2\lavapath\HostFutureConsumerPrefetch_Seal.cpp","68","91E5A828BB5C77BD579D5CC73A43503DF3539DF124B22E880F7994C26F136AAA","2026-09-22 09:44:14"
"src\deep2\lavapath\HostFutureConsumerPrefetch_Worker.cpp","70","7A41886C1155B5882B29F2F9381B3968F1BF5D71E85911988F8ECF4EBEB7FFD6","2026-09-22 09:44:14"
"src\deep2\lavapath\k3c_token.cpp","46","6E63DB14967C5C314E85469BCEE5CB61733CE18E3DF6BDB14FFBAB57504C63CE","2026-09-22 09:44:14"
"src\deep2\lavapath\LocalModelAuthority_Bundle.hpp","203","76F876E02D358E84F5934B214B6FD4E225185E5527DE15F0A7C718E56B78C874","2026-09-22 06:10:42"
"src\deep2\lavapath\ParseMibBudget.hpp","512","268708905710F38A79E66A0E53CE7928E8FE428D2AC7AD57A92BD38A02F7F7A3","2026-09-22 06:10:42"
"src\deep2\mars\DualGPUBackend.cpp","47","685BE1E30AD321249456E699C1C006A117B2ADE2771C7D9AB8CDD88B2A49220F","2026-09-22 09:37:54"
"src\deep2\mars\MARSController.cpp","47","CCA2001ECFC84A553EBCFC6448B2AD0D00C7B4D82F89EE0AE4E5B82629A2B6ED","2026-09-22 09:37:54"
"src\deep2\mars\MARSController.hpp","507","970E4486103A236FB0120C0FB15F796B182631D9F22F5A539B5E5D8CB68BA8EB","2026-09-22 06:10:42"
"src\deep2\mars\TensorHotpatch.cpp","47","EC14FB90996D99C740DADCFCB2EA26F07C3563CAC7430B4B6B59611CC888CB7B","2026-09-22 09:37:54"
"src\deep2\mars\test_mars_controller.cpp","53","4E5B69F2DE8465F0C0BD152BD80369FE341E7999DB9FAAAF6FD0F5266C196CE9","2026-09-22 09:44:14"
"src\deep2\mars\VRAMManager.cpp","44","DF9A4D22EB12BB70269F03A4E433311C2970A829A227996BB4E16F54025A3F20","2026-09-22 09:37:54"
"src\deep2\ModelRegistry\GGUFModelRegistry.cpp","59","566EB92A949E6DA585FEC2F9AC87D828BDBC0CE50B8AD10865B40ECEE528B7F1","2026-09-22 09:44:14"
"src\deep2\MultiGPU\GPUDeviceRegistry.cpp","54","1045229683A677899DC64D83C1BEADFED83DA7B790A705A549906DC8C58030E8","2026-09-22 09:44:14"
"src\deep2\MultiGPU\MultiGPUScheduler.cpp","54","BF60E37297EBBAAC77C53346EADD05DFD03343E6A12868A5005DE08AA4AB897F","2026-09-22 09:44:14"
"src\deep2\MultiGPU\VRAMAllocator.cpp","50","588E792B4ABE42806F0334C3E5B63C0E33D476A21DD718CBF4961C4D518A3930","2026-09-22 09:44:14"
"src\deep2\production\Deep2ProductionRuntime.cpp","61","6A6781FC94EAFCE272E3636DE65A31983EC5C37AAD3421D8643F23C9F320F2DB","2026-09-22 09:44:14"
"src\deep2\shaders\deep2_argmax.comp","1090","2D0784A3B2B9A0B78A31EA4E070A95E88870681560982F9208BF3591FC3059C9","2026-09-22 06:10:42"
"src\deep2\shaders\deep2_argmax.spv","3084","308BAE3142E55AC06FADDD3E6AA87EBFC633009DBC3A3697D596DE21D76F4F97","2026-09-22 06:10:42"
"src\deep2\shaders\deep2_b21_q4_swizzled_gemv.comp","1245","D05500D400F83B74A6D93127C8C6AE126FEE6AC80612DEB4C1085452BFA00964","2026-09-22 06:10:42"
"src\deep2\shaders\deep2_b22_lds_reuse_gemv.comp","1068","262541D1E4FAC6D5356C0CA5AD0D1EAC1218099A3070A5887F4A3FCCBAB666F8","2026-09-22 06:10:42"
"src\deep2\shaders\deep2_b23_persistent_queue.comp","919","068BC3C860FB494666002D81BC5B590D2717A1CC0EFD7A1F0F262948E8A1C808","2026-09-22 06:10:42"
"src\deep2\shaders\deep2_b24_verify_logits.comp","1198","5821A5A54B1849B446D55C560F622D267EC338061CEA7098ED0B1614532E7169","2026-09-22 06:10:42"
"src\deep2\shaders\deep2_b26_rms_qkv_rope_superkernel.comp","2261","4A6D254CD0EFADA7430EBBF8B5F68147CAF661BD4DE9E8C6BBDA1C8DB92B0117","2026-09-22 06:10:42"
"src\deep2\shaders\deep2_b27_moe_expert_superkernel.comp","1348","3C08415B9BB97B0B11294AD76118EBA1F714A30D73607EEBF5DD5F4026C47556","2026-09-22 06:10:42"
"src\deep2\shaders\deep2_b28_finalnorm_lmhead_argmax.comp","1400","1BF9D7F4B25BE8E8165FFEFD48764588B7920D257687F234153B4C6E2DB57D72","2026-09-22 06:10:42"
"src\deep2\shaders\deep2_b29_activation_chain.comp","550","26A562A259D9442685582841895F7EC22C01D2C582CC28B3A1A5DFB82398CD11","2026-09-22 06:10:42"
"src\deep2\shaders\deep2_b31_q4k_superkernel.comp","1351","2FCA0D3F7D333F761BD75EC6389C725DE134869F69ECD0D8C051A3DF3B797B6A","2026-09-22 06:10:42"
"src\deep2\shaders\deep2_b32_flash_mla.comp","1521","67A4BF6271643DF4FA70786D872121FC127B75293D15E84AF857ABD9B6C5403E","2026-09-22 06:10:42"
"src\deep2\shaders\deep2_b34_kvwrite_attention.comp","1536","9B2655FDDDDBAD6948ABA56B426F6780FE588F63A5D5C4FBC87B42418F9AB710","2026-09-22 06:10:42"
"src\deep2\shaders\deep2_b35_device_token_ring.comp","909","21E3B95AB323A8C3947729CA84E3242335EFF3741C7A9EF0060FE66024B4E319","2026-09-22 06:10:42"
"src\deep2\shaders\deep2_b41_packed_dot.comp","1635","B926F17D2BAC35802EB4E71535E41C7F1E5661DE0F9291C8293599CA58D8292E","2026-09-22 06:10:42"
"src\deep2\shaders\deep2_b42_multistage_lds.comp","1592","E2480B1D065C4897F028A9E4EDE10D14BA3DF4AD509CA5F29505C8A18269DC76","2026-09-22 06:10:42"
"src\deep2\shaders\deep2_b43_moe_wave.comp","1123","7E6E7271A50867159BE8038D175A288D2CCF9AAC348BCB545F0343838866796F","2026-09-22 06:10:42"
"src\deep2\shaders\deep2_b46_q4k_native.comp","1729","BF520570BFA06AE423483AC41C1ADF81ECC4DCC955A9C4CFB2208EBB828D8CAD","2026-09-22 06:10:42"
"src\deep2\shaders\deep2_b47_register_expert.comp","1207","7D750220E453D5C7084C82CF3FE5A2C985997A1E7CCE302B9053499299B479E3","2026-09-22 06:10:42"
"src\deep2\shaders\deep2_b52_coalesced_q4.comp","1770","CC762FCE793083CDB654D54F34D5E236A653D733C055AD3C91FF9A083FDF7BE2","2026-09-22 06:10:42"
"src\deep2\shaders\deep2_b53_compute_unroll.comp","1273","E29937C4882EAD6C73CA0BD702C77C5356EBA4BA8E752222B858144565AED65E","2026-09-22 06:10:42"
"src\deep2\shaders\deep2_b54_device_epoch.comp","751","F1362AE17616A51AC7618DE492BD6B588E67FAEEBDFAF8E6359150D4FC966487","2026-09-22 06:10:42"
"src\deep2\shaders\deep2_b57_context_stream.comp","1298","441E7AB56F6ECC298AF608D4CC994E29FFA87CF640C17C95178FE23B00C73307","2026-09-22 06:10:42"
"src\deep2\shaders\deep2_b58_route_hotset.comp","649","1306E512238286BE6807F093BA50C2C530F3D26B3FA8E52C42EF5D41323E4437","2026-09-22 06:10:42"
"src\deep2\shaders\deep2_mla_fused_gather_dot.comp","1055","D72F1EE8D3F43AB5E263A94B988F70AC412FA9A97E4A9DDC0D43F373A5AB6689","2026-09-22 06:10:42"
"src\deep2\shaders\deep2_moe_gate_up_fused.comp","1208","7A069CD0CC3A385CD2874B6624DA66E2F89A1F21FB1749609F3CF7DDF64D9ED7","2026-09-22 06:10:42"
"src\deep2\shaders\deep2_ops.comp","6230","AC931A51B053B1BE708850C509480AE3881277F4E10B112C3888EB03EA834ED2","2026-09-22 06:10:42"
"src\deep2\shaders\deep2_ops.spv","10536","2D47B9FCDDE175FEE438ECD5307C07951C90D41051CE96B0DBAE49DF1BF6879A","2026-09-22 06:10:42"
"src\deep2\shaders\deep2_q4_gemv_roofline.comp","1324","562C480E9B4EFD7B99CFF1FA97341831B5273E665A8867BF2B3259BA49A90502","2026-09-22 06:10:42"
"src\deep2\shaders\deep2_qgemv.comp","7283","2BD5DA348B150C93F7B97351765D8BFF2968AE2D1A4C18028B0DC95B3BA3FA0D","2026-09-22 06:10:42"
"src\deep2\shaders\deep2_qgemv.spv","13520","D7A8C4F9B0AEA3707D2D9C59419567EC653DDD21E2102CA9F8C1A1035901B3B8","2026-09-22 06:10:42"
"src\deep2\shaders\deep2_qgemv_batch.comp","3271","DFD6A29D88900E8CC66614D3CD3888A095A73C77DA256D02389830A32DA4BA24","2026-09-22 06:10:42"
"src\deep2\shaders\deep2_qgemv_batch.spv","8164","49320D7B9667D52D2153A5DB90B6B6E6CD8DB666AEAC9E0829765F3F7ECEC866","2026-09-22 06:10:42"
"src\deep2\shaders\deep2_qgemv_batch4row.comp","3932","D46101CBBFDBC0939AD0DFC00B2B93A212530245175CDFF7EFAEE9827C025836","2026-09-22 06:10:42"
"src\deep2\shaders\deep2_qgemv_batch4row.spv","9464","68A8B698EE0E271F22694D8AA3607E1A17EA149620D8D8EB7E2E72B29E2CF409","2026-09-22 06:10:42"
"src\deep2\shaders\deep2_qgemv_batch8row.comp","3466","4FACA5BB652537E87943E80CA455130E1A8B9464EAB7A6F4CF0364B7755190A3","2026-09-22 06:10:42"
"src\deep2\shaders\deep2_qgemv_batch8row.spv","9448","F9645C37F9DAD241A3C26B75281E11C2E85D0B738DF709578EF54A8DD141113E","2026-09-22 06:10:42"
"src\deep2\shaders\deep2_spec_accept.comp","1027","A9EA8092C97C93A6A5FC76EA97FC4A3FA794E260D4B6D879001B698178F1212D","2026-09-22 06:10:42"
"src\deep2\shaders\deep2_spec_accept.spv","2348","0EE7EABB918B3CB6390FCF81CB04E008C1723B220D9FAF93B35895429C977FA3","2026-09-22 06:10:42"
"src\deep2\shaders\deep2_spec_attn.comp","1742","5CB9D46FE811F406DFCDBF828F9A50192153697EC055E8FCA3524FD0BE04CAE7","2026-09-22 06:10:42"
"src\deep2\shaders\deep2_spec_attn.spv","4220","5167BB8E94882466B485617C54E53FDFB9A077D8B117BB76D9FFAE957EAC15B1","2026-09-22 06:10:42"
"src\deep2\shaders\deep2_spec_ops.comp","1891","4337FAD95FD04581B7BABD205C32B1154AA68DC8F3F930987954A854CD48AB07","2026-09-22 06:10:42"
"src\deep2\shaders\deep2_spec_ops.spv","4324","2541DADA8FD696530568F5A3FA09B7D97DD265042BE4C3427A938DF75992A590","2026-09-22 06:10:42"
"src\deep2\vwa\VwaScheduler_Fulfill.cpp","52","D39F8B8944C1F27CDBD0159C281C7FBB81951E7625D0F96706959BFEF4051A20","2026-09-22 09:44:14"
"src\deep2\vwa\VwaScheduler_Lease.cpp","50","7F7621B35BFB16DB93518CFE15A8C43FF4B3549E3166F4EE0407BDC702476EC3","2026-09-22 09:44:14"
"src\diagnostics\DiagnosticsEngine.cpp","51","A279B2A173733698CBCD60CE995763411A63243E7FA601D18E29EA187D620EFB","2026-09-22 09:44:14"
"src\engine\bpe_tokenizer.cpp","42","A22B008ECFCD459547AF8EE2E3EB0BC663CC325501FE6E1EB4602B6254084078","2026-09-22 09:44:14"
"src\engine\core_generator.cpp","43","A0FA94482760467678BCEF2A413DEB2CDEB2C150C34AAA1060B6020D0595DB72","2026-09-22 09:44:14"
"src\engine\gguf_core.cpp","38","BAFB67A1F61A67F45BAA23D121B68B8B59A9AC08F00C95324697BAC7B966AA64","2026-09-22 09:44:14"
"src\engine\inference_kernels.cpp","46","B1E1FCDE4B4F486E17501ED5AC25CA110FDB39FFB7DFB1921157B03067BB8BE2","2026-09-22 09:44:14"
"src\engine\Omega1Engine_Server.cpp","48","2936BBFF6A67259CEBCBE51D57853AD5A4C3338E152389F8C2D6B948E933A82A","2026-09-22 09:44:14"
"src\engine\pyre_compute.cpp","41","6FEB28023621BEF0B711C4A203EBE901E6E9052819B7E86024398FE0434B4537","2026-09-22 09:44:14"
"src\engine\pyre_compute.h","5304","5DFE83B2BB954FEAEE8DB555AD652BA4F8235FEBF431ECB2A35DC1049049CAD8","2026-09-22 06:10:42"
"src\engine\rawr_engine.cpp","40","65CCD6E33B41044BE1DBBD1A34BCE259A67CEC8C9888EA6E441DEB5174ACB95A","2026-09-22 09:44:14"
"src\engine\react_ide_generator.cpp","48","EC2E2C59A9769A1CFAAF3936251B3A9F59182001A0A2C6DDBD7D209408C88A04","2026-09-22 09:44:14"
"src\engine\sampler.cpp","36","60FFE11C8710A46A32C465700F36B8EE1327B34F157DFC9B3BFF1601A50CCE3D","2026-09-22 09:44:14"
"src\engine\sovereign_engines.cpp","46","768F97E4EE63CA12BDF382B378BC62535992BBECBF675216F7CF1027E51D8E62","2026-09-22 09:44:14"
"src\engine\transformer.cpp","40","90FA20FB7E0D61EB6011C771D861572977B2BD43465798A4D367340425011710","2026-09-22 09:44:14"
"src\full_agentic_ide\AgenticIOCPBridge.cpp","56","862EFED8E57B49CE1D3155D2AA64EDB3E39AD655429963AF09C5C71FB100D086","2026-09-22 09:44:14"
"src\full_agentic_ide\AgenticPlanningOrchestrator.cpp","66","76A2DCD1513D892BEE7CEAFC049E3D0CB4D36195558F7B7ECFE7E3EE9416C0A6","2026-09-22 09:44:14"
"src\full_agentic_ide\FullAgenticIDE.cpp","53","F9411302AD737ABEEA784297BB440A29E2D50DBEDF838E78E1F7CC64E8564098","2026-09-22 09:44:14"
"src\generation\CMakeLists.txt","640","7FA901E2B4D5694D8DD2D653FBBD854A7ACD77E4AD1CEC67D112593E918AD199","2026-09-22 06:10:42"
"src\generation\generation_engine.cpp","42316","892B4B0F30D147D4523C008104B00D32D986AC0800854A700BE7A7AADAE2A984","2026-09-22 06:10:42"
"src\generation\generation_engine.h","17766","BAAEDCB58E93550921D19AB548F165A7E01AE1726DF300482581F53DAC67789C","2026-09-22 06:10:42"
"src\generation\module1_types.h","2221","B73630622BC14CF6FCD54EA0149EC870F0DD268D9027BCD6711E5D20D670EEEE","2026-09-22 06:10:42"
"src\generation\module2_cancel.h","2794","CF815E16C5B102002E1FF96ADF021632F26707C5A554BBCA11498041F5C21E1E","2026-09-22 06:10:42"
"src\generation\module3_utf8.h","4544","A13150CBAC7EB551BA707BBA37BA4D1C1273BB22E36F418CE213F1EEADB27D17","2026-09-22 06:10:42"
"src\generation\module4_stopstring.h","1897","4F490DFEA9DC65196813983CDEE5C0EE34256EF719608962F1925D726E74A313","2026-09-22 06:10:42"
"src\generation\module5_context.h","4587","1EB4D0D949E7C472B9FFBC8F21B8036449A78CD97B636332CC18ECBBB1E48A84","2026-09-22 06:10:42"
"src\generation\module6_generate.h","9347","4D5A0E4EDB03790EB95FA2D6553D069827BFF6EE3282FAB2777959B12E91EE71","2026-09-22 06:10:42"
"src\generation\module7_glue.h","2549","2B5A3644261CE122530D7C9A0D2C98CB8CC8F23D7F88461003FA7DAA00CBA139","2026-09-22 06:10:42"
"src\generation\test_generation.cpp","9761","EE8DA8B0F17D858D7AC19CEA3CF56B259064AA8AB4E7DC71CCAB0F1E139AF633","2026-09-22 06:10:42"
"src\generation\integration\Deep2GenerationAdapter.h","5029","799BAAD2A393832D35792D80B862D7672965845C520C86142EF9407F70D62F68","2026-09-22 06:10:42"
"src\generation\integration\RawrXDEngineAdapter.cpp","4017","2C6B8E8529263426F397AC1073AEDFC17A54F69BB7CB910E48E2AA4277718AA3","2026-09-22 06:10:42"
"src\generation\integration\RawrXDEngineAdapter.h","2203","4D54B381089762A3641423B1E970B637664961BE07E97159531B084990D0931E","2026-09-22 06:10:42"
"src\generation\integration\RawrXDEngineAdapter.h.new","2598","B6C0BE14175D2BED0C7FCFBB7DB5832EF5F859000029E2F77401BCF2551A941D","2026-09-22 06:10:42"
"src\ggml\ggml_nanoquant.cpp","41","88F474D2ECB7851C6F88579925F0C3D71EB42AD1FE3B7C69773A6A98FDD846CD","2026-09-22 09:44:14"
"src\git\git_context.cpp","37","82AE62E0FBE7AAA6D88437043AFA67A75B4750E9F21C2A7CFB7348F7C642AF58","2026-09-22 09:44:14"
"src\gold_stubs\gold_link_stubs.cpp","48","452CF3A61C10651B2FBDD2100D9E228A6FBAE0919E5F029898CE734C94DF5A1B","2026-09-22 09:44:14"
"src\gpu\gpu_backend.cpp","37","63D99BA2335150F923F11F15A6DC30DFBF9AB63C0168B2AD7B0FEAAACDC209D2","2026-09-22 09:44:14"
"src\gpu\kv_cache_optimizer.cpp","44","37B1ADC6CC0E9A56B661B19EC5210A8D4ABF741BF4622135FBBBB87A38BC01AC","2026-09-22 09:44:14"
"src\gpu\speculative_decoder.cpp","45","07864A3A05C5DD83857E35FA22DED1AB7FBAAD1B678F27FAAB6996CA649C4E47","2026-09-22 09:44:14"
"src\gpu\speculative_decoder_v2.cpp","48","FEE86FADBA15DF20391636DC3B61E8B46C615E800DB484F2B6B3BDA04E8A2F32","2026-09-22 09:44:14"
"src\guardrails\capability_policy.cpp","50","9F17B897ABAB7F92D537181946A30B526CA080F3A4FF4493038D1390864B345C","2026-09-22 09:44:14"
"src\guardrails\capability_policy.hpp","61","D1C44A0262CE4A02AB06567E157F5EB0DD56BD38E82AC8281B3DE1EE60190EE4","2026-09-22 06:10:42"
"src\guardrails\patch_firewall.cpp","47","22DCC9E832C4BFE211FEA539612EB712274F8BAB5A0D6DEA6C8F96655E1CEB00","2026-09-22 09:44:14"
"src\guardrails\patch_firewall.hpp","61","D1C44A0262CE4A02AB06567E157F5EB0DD56BD38E82AC8281B3DE1EE60190EE4","2026-09-22 06:10:42"
"src\hotpatch\patch_transaction.cpp","48","9596DED55E968798109259DBF59234FD60E35A17CD824ED7875CD31D9F1FC483","2026-09-22 09:44:14"
"src\hotpatch\patch_transaction.hpp","61","D1C44A0262CE4A02AB06567E157F5EB0DD56BD38E82AC8281B3DE1EE60190EE4","2026-09-22 06:10:42"
"src\ide\ANSIColorParser.cpp","41","900318F4393BA24ED68D620AD7E7007E4AB7D9588384E09F0ED8D2E7E7ADDC25","2026-09-22 09:44:14"
"src\ide\Deep2Bridge.cpp","37","AD63ADE5717283AB937719739DC0C0AC7D740CEF9AF1EB3140A4C990B824E7F7","2026-09-22 09:44:14"
"src\ide\FindReplaceDialog.cpp","43","C8770827E6B001052A1A15214DF3687ED2DAF22F27A76309AAF1248489A385DF","2026-09-22 09:44:14"
"src\ide\GitCommitDialog.cpp","41","1B94D5835141972FF671EDB543FB6649C07380CDC908027BE20F398916EC44CE","2026-09-22 09:44:14"
"src\ide\GitDiffViewer.cpp","39","995782017702F3FD12B6C66E04466157D29C6894A681AA3FBA6FDC3AF0122646","2026-09-22 09:44:14"
"src\ide\IDEShell.cpp","34","AE476E97A707BE0545CF29876D7E7CE79FFD2BC3E3E32B032EA4FFE25B052B81","2026-09-22 09:44:14"
"src\ide\language_plugin.cpp","41","D060DA15C573F3627C8296AAD1D3895CE5FA29E87831ED72EDACEFD6ACEAECF5","2026-09-22 09:44:14"
"src\ide\refactoring_plugin.cpp","44","F5471FBC3833070A326101555AE263477889D15B01B9DBA5DFBD23BEB2FC0306","2026-09-22 09:44:14"
"src\ide\resource_generator.cpp","44","836251DEEE3298BF055F3B6F64836C4CAF1459C4040B2E6129E5A6594476D6C9","2026-09-22 09:44:14"
"src\ide\SovereignSharedMemoryBridge.cpp","53","3D5CF2304F6083D7534A06976167C60F6A93B7859126765347C59D13B1FD9C8D","2026-09-22 09:44:14"
"src\ide\test_sovereign_bridge.cpp","47","C7F4DF5C3E5169316B5D168B4349C2B1A2618E4B2AB65E701AF67453333B1AEB","2026-09-22 09:44:14"
"src\inference\ai_model_caller_real.cpp","52","42D1DD76FEAF51FADB9A48DF0F0231556CE691100A8E9A3E420E968205CC1F35","2026-09-22 09:44:14"
"src\inference\Deep2Engine.cpp","43","B156D746F8E490F50034C97F0FC7CBB87EF998D01BFB345F025D97CD75B5DFBE","2026-09-22 09:44:14"
"src\inference\DualGpuPipeline.cpp","47","FFC026F1D2D885856F0E0AC4F019BFDF495465159B58D03DD240DFB3B3DB3127","2026-09-22 09:44:14"
"src\inference\gguf_d3d12_bridge_link_fallback.cpp","63","7A49D7049BFD54053BEC67BFD806A8BCD594126DD12D23BAE6298E550503A402","2026-09-22 09:44:14"
"src\inference\gpu_dispatch_gate.cpp","49","B2D22BC5A1ABF5AB06B5C6100FCBE64CAF80612436988A1D2BEF519EA14CB79B","2026-09-22 09:44:14"
"src\inference\inference_engine_real.cpp","53","B7B8139BE82D0056E980090832355D811391EF7322E6ACA616063F27112D32CC","2026-09-22 09:44:14"
"src\inference\inference_standalone_link_shims.cpp","63","F10A5B66E464938611AB99BD0E5E6FFFC0DA7BCB89ECE6527361E4AA571D662B","2026-09-22 09:44:14"
"src\inference\inference_standalone_main.cpp","57","8285536E36878B92718845862EDBCFE90FB7D073044F6479E61870F466428691","2026-09-22 09:44:14"
"src\inference\MemoryPressureGuard.cpp","51","4992A924A2F22154B8768CCB3CF55ECF4DCCBB0BC9362D8061711368FA69F117","2026-09-22 09:44:14"
"src\inference\NegativeSpaceProfiler.cpp","2","7EB70257593DA06F682A3DDDA54A9D260D4FC514F645237F5CA74B08F8DA61A6","2026-09-22 11:41:25"
"src\inference\ollama_blob_parser.cpp","50","B08ABF26869B01762B51DA3DB2BD18141CCA4B788C078197459A883E9DAF240D","2026-09-22 09:44:14"
"src\inference\OutOfCoreScheduler.cpp","50","A9883963C04EEA7DF4574AE8FE78CBB53435C8E497CE063C005AAAD58FF982F6","2026-09-22 09:44:14"
"src\inference\PerformanceMonitor.cpp","50","3BAD9E0E3F0775D0833DD063BE72A92A46EB12F7F56C5D39655CF28E71FC3BF0","2026-09-22 09:44:14"
"src\inference\polymorphic_loader.cpp","50","5041544332A2AACD6B374708E06209568CBEA54406FAEE4DCA04E0BC047A731F","2026-09-22 09:44:14"
"src\inference\RawrXD_LlamaNative.cpp","50","FF38AA9D2B7F208430E18DF7417DC28C383BD06660984252E960FBC0DC437108","2026-09-22 09:37:54"
"src\inference\TitanLoaderDiagnostics.cpp","54","2E548592BA68C0FAAAA1C881A917B8F54E313EB45F216CCF3097B2F38DC16D28","2026-09-22 09:44:14"
"src\inference\ultra_fast_inference.cpp","52","F50512216B7FE61E6D3C84095A6A53188FA25B61064F28B9A5CA15A5874E6AA8","2026-09-22 09:44:14"
"src\infinite\InfinitePerfectionEngine.cpp","55","6E84C32F8375B927E7FAB75DF873B6BBA18C9620E1CBB2651B0836A7EE9BF810","2026-09-22 09:44:14"
"src\intent\intent_abi.cpp","39","67795010813ACC03DFF098A6BB530FE5A436CF989F20C9BAA1B4D5DA72760C90","2026-09-22 09:44:14"
"src\intent\intent_abi.hpp","61","D1C44A0262CE4A02AB06567E157F5EB0DD56BD38E82AC8281B3DE1EE60190EE4","2026-09-22 06:10:42"
"src\intent\intent_config.cpp","42","CDD4A10CB90842F002BBEB2EA20585178EC31CBF676D4ECE2B82C408E98C06EE","2026-09-22 09:44:14"
"src\intent\intent_config.hpp","61","D1C44A0262CE4A02AB06567E157F5EB0DD56BD38E82AC8281B3DE1EE60190EE4","2026-09-22 06:10:42"
"src\intent\model_adapter.hpp","61","D1C44A0262CE4A02AB06567E157F5EB0DD56BD38E82AC8281B3DE1EE60190EE4","2026-09-22 06:10:42"
"src\kernel\AgentKernel.cpp","40","BD4368ADC835889FBBC4F2136B072F2894D9AF645D6AF5CE6436177C13B990E3","2026-09-22 09:44:14"
"src\kernel\AgentKernel.hpp","61","D1C44A0262CE4A02AB06567E157F5EB0DD56BD38E82AC8281B3DE1EE60190EE4","2026-09-22 06:10:42"
"src\kernel\BuildTelemetry.hpp","61","D1C44A0262CE4A02AB06567E157F5EB0DD56BD38E82AC8281B3DE1EE60190EE4","2026-09-22 06:10:42"
"src\kernel\IntentExecutionPipeline.cpp","52","E4AC7FA8E26CE2C85E23007D7C34D543B90F63BAA7F66C90BA308D915F20C393","2026-09-22 09:44:14"
"src\kernel\IntentExecutionPipeline.hpp","61","D1C44A0262CE4A02AB06567E157F5EB0DD56BD38E82AC8281B3DE1EE60190EE4","2026-09-22 06:10:42"
"src\kernel\IntentReplayEngine.cpp","47","43F413ECFCC06FEC1B587D4E301AFE4C593A03B2D0E10C84029255DF74AC63A9","2026-09-22 09:44:14"
"src\kernel\IntentReplayEngine.hpp","61","D1C44A0262CE4A02AB06567E157F5EB0DD56BD38E82AC8281B3DE1EE60190EE4","2026-09-22 06:10:42"
"src\kernel\TelemetryInjector.cpp","46","5CAF9FEBEAEC648F0D2CCDC06E5F0A5081D029DF5624BFDD04FF2B25BB623604","2026-09-22 09:44:14"
"src\kernel\TelemetryInjector.hpp","61","D1C44A0262CE4A02AB06567E157F5EB0DD56BD38E82AC8281B3DE1EE60190EE4","2026-09-22 06:10:42"
"src\kernels\flash_attention.cpp","45","9B34DA8D6DD9CAC04476AB86378F05906F92334D87AF4640BF3AD4BCDAD95CC8","2026-09-22 09:44:14"
"src\kernels\tree_attention_avx2.cpp","49","B2743E19E24D952444440264CBAD6ACC6176F7C630CABFDB83119D1222A9842C","2026-09-22 09:44:14"
"src\kernels\tree_attention_avx512_intrinsics.cpp","62","470E18FB34990BC00E17777540131DB3259088FB8204213D2699B7A4F2B1FB50","2026-09-22 09:44:14"
"src\kernels\tree_attention_dispatch.cpp","53","71458FD98DD3F40BE04B9233642C30DA75AED3B2CE8066852A93E2D733556A8B","2026-09-22 09:44:14"
"src\kernels\tree_attention_scalar.cpp","51","E3F8E5396C54AE70F4C092080E5BB4CA4C3CADE012FD8FE5EB2DDF843D4BFD0A","2026-09-22 09:44:14"
"src\kernels\VulkanComputeKernels.cpp","50","D28CB1819BEE4402B934EE98A67093CCDA916EC65F459A87F0DF02FF7872B417","2026-09-22 09:44:14"
"src\kernels\rdna3\RDNA3_GpuDispatcher.cpp","55","E9BA5CE2DF70BC9F0D489D2849B2E6C03031C5E8BE8B63DDBB8BB6C63FD62D65","2026-09-22 09:44:14"
"src\link_stubs\rawrengine_link_closure.cpp","56","45D0C8C597B9E1B45AE7C3B04ACB2799C9050AFF8673795802671B4A1AAA31BF","2026-09-22 09:44:14"
"src\llm_adapter\GGUFRunner.cpp","44","85186EA86BC269B387EF0D6D31F9A2318C76F5B299577A42770638BB4A0B9D82","2026-09-22 09:44:14"
"src\llm_adapter\ggufrunner_link_fallbacks.cpp","59","C8BCD33794B67604BD8DEDA2166D5CAF477409545173AE72E3749B7BF70DACE8","2026-09-22 09:44:14"
"src\llm_adapter\ggufrunner_link_kernels.cpp","57","3C2260F507899C1DF860E63038A5C86BEFED734860D866D077F27DC12060F8A5","2026-09-22 09:44:14"
"src\llm_adapter\gguf_k_quants.cpp","47","544C8C95E9886AA62897240831CA747F20EF893789A2FDB22B76015425C247DC","2026-09-22 09:44:14"
"src\llm_adapter\gguf_k_quants.hpp","2517","0A2DE7EF162FD4C6C294DA71A28F101377674B989B7263A8DEA7C54402DFF31B","2026-09-22 06:10:42"
"src\llm_adapter\QuantBackend.cpp","46","4D8DD34D403DA7D22F0E0EB6CD5CFBE01CFF6D973D115D60319493EB7C99589B","2026-09-22 09:44:14"
"src\llm_adapter\rawrxd_ggufrunner_signals.cpp","59","BE525FB2AD317CA25BE363C9ADB5DB7B0459A14DD3721A9B4070099EB0889825","2026-09-22 09:44:14"
"src\logging\Logger.cpp","2","7EB70257593DA06F682A3DDDA54A9D260D4FC514F645237F5CA74B08F8DA61A6","2026-09-22 11:41:25"
"src\logging\Logger.h","1525","7F4C4AD98CC3E952D18186FC2FFEDA8F337F2D1A6E29EE4CE74E75F69629307E","2026-09-22 06:10:42"
"src\lsp\diagnostic_consumer.cpp","45","61AF10BE0909BB922DB32E10CB32F7521ED0CC25ACCC7E294B45A41E28AAA8ED","2026-09-22 09:44:14"
"src\lsp\diagnostic_consumer.h","970","2B6CEDC5C3B7BACD3AC3CADABCADD0F3E22A801A245D2CBBBA1F521C56495339","2026-09-22 06:10:42"
"src\lsp\gguf_diagnostic_provider.cpp","50","145466DA9D33A132D4BF3589D33BD20648ADC6C3DA2E099EB8B86E000654E2BA","2026-09-22 09:44:14"
"src\lsp\hotpatch_symbol_provider.cpp","50","424DB67133936E38A49771EC646B0428DBA78E57363FC45F272154D8A05A72F4","2026-09-22 09:44:14"
"src\lsp\hotpatch_symbol_provider.hpp","1117","724F4B8F18301A19A560C21504705D62B6A33E64756A66F5150DDF35D7FD8B74","2026-09-22 06:10:42"
"src\lsp\lsp_hotpatch_bridge.cpp","45","4E78E6171561A5677230D56EBEF54C343352F0F9820E41AA2CFEB70D83C8938F","2026-09-22 09:44:14"
"src\lsp\lsp_hotpatch_bridge.hpp","1172","9397BA5A4C050D9C0ECDA494C28603D75B340F93A68F54FF67049116FED53AED","2026-09-22 06:10:42"
"src\lsp\RawrXD_LSPServer.cpp","42","369D98EAEB208D9CFE8D830420675A8D48E71199B35B08ACA9A743EA924E8BB2","2026-09-22 09:44:14"
"src\marketplace\extension_marketplace.cpp","55","9B4A04ECCC571CECC175A086F65B776F7D521AE02F11023EA8964F7B01E3294B","2026-09-22 09:44:14"
"src\marketplace\extension_package_local.cpp","57","7B50D326B0F04559C38049D7C3C9ABB88090A3D30B29934D07054C2216C1D4B0","2026-09-22 09:44:14"
"src\masm\MASMCompilerWidget.h","61","D1C44A0262CE4A02AB06567E157F5EB0DD56BD38E82AC8281B3DE1EE60190EE4","2026-09-22 06:10:42"
"src\memory\Q4WeightPreprocess.cpp","47","8B88641F4C3037CA426504B5A3F7286949D5CBAC3D1BCB130FA56802F2355CED","2026-09-22 09:44:14"
"src\memory\RepositoryMemoryGraph.hpp","61","D1C44A0262CE4A02AB06567E157F5EB0DD56BD38E82AC8281B3DE1EE60190EE4","2026-09-22 06:10:42"
"src\memory\SequentialBlowoffValve.cpp","51","C69757FD526649653065438996AC0D9A1DA3C4F6D1625AB56B6DC2BD30EB8429","2026-09-22 09:44:14"
"src\memory\UnifiedMemoryPool.cpp","46","DEC1634ECA32263CA6914DB6B7EA6A54A5E9112F14316DF02B4B19AE848B9426","2026-09-22 09:44:14"
"src\metrics\MetricsRegistry.hpp","1556","FCA582092A8ABE0AD9615E480BF488B5994B69FBA757366633E19442F3C1782F","2026-09-22 06:10:42"
"src\modules\autonomous_agentic_orchestrator.cpp","61","C6648D79053FB2FD8CFD9E36996D9589FC26C9C87CEB1455252BE712CA208402","2026-09-22 09:44:14"
"src\modules\codex_ultimate.cpp","44","259CBB15DB6607846654B70970C15F63398C77A79485770C2B9E76B8A9D241D5","2026-09-22 09:44:14"
"src\modules\copilot_gap_closer.cpp","48","A74BA313CD6977AED1002273D85CD65B6964DF480A80DAA2CEB8CD7A2255C8D4","2026-09-22 09:44:14"
"src\modules\crucible_engine.cpp","45","7957CE82A7E2413F2A686E178517878538442FE6CE25EC50CAFD96559ADDCFA0","2026-09-22 09:44:14"
"src\modules\engine_manager.cpp","44","1B85BC6F29B87C0292F68B9E2D10A30F9948F9FA2555940DF183384D0BAC7331","2026-09-22 09:44:14"
"src\modules\ExtensionLoader.hpp","774","B5B17CB0D2F9E59569BDBC8AA3DF1F36B0612B9538F316F5898113E1EFFA9081","2026-09-22 06:10:42"
"src\modules\game_engine_manager.cpp","49","E118C3A473B5D200BC6995C00539A2C2011935FA2B092167EBF71CD629720BA5","2026-09-22 09:44:14"
"src\modules\quickjs_extension_host.cpp","52","3F8B97C7D0CDEA134582AD71D949C4582D58BD175071C7914D1CC67BF29AE1E5","2026-09-22 09:44:14"
"src\modules\quickjs_node_shims.cpp","48","C2CCF986D9C670A595EDEDC29EDDCB678889F49908960E41DBFA665443323CDB","2026-09-22 09:44:14"
"src\modules\quickjs_vscode_bindings.cpp","53","AA1748B8A2D27B21D63B2779BA48AD517B51820B690144CAA90BE39B365BB0ED","2026-09-22 09:44:14"
"src\modules\ReverseEngineering.cpp","48","DD33C1A89E83DED6088C005BEA3020484689D56FA2645EB8D152F16452C45487","2026-09-22 09:44:14"
"src\modules\ReverseEngineering.hpp","457","23ED681AF02C547A3E203A98598D43CFAC41BA7B6E3DF552EAE33E338C4D3FC1","2026-09-22 06:10:42"
"src\modules\unity_engine_integration.cpp","54","E870BF7188D62ACCC2CA46E3C2A12DB266F871CD297CB1DE8B4BB2E0A584591F","2026-09-22 09:44:14"
"src\modules\unreal_engine_integration.cpp","55","81CB117EB5BEE474F8E81B9B2E114DB731CA38F9CB4C1514B75A49A8811F1A87","2026-09-22 09:44:14"
"src\modules\vscode_extension_api.cpp","50","2FC870D600BFEC70F5EE325875DB0115E3CD8668A80B20E0DA49D58F556F3B47","2026-09-22 09:44:14"
"src\modules\vsix_loader_win32.cpp","47","65AD1F36CEBA019AF579C0D3E731F96F8D5779832524A0DF011215AD7CDF0619","2026-09-22 09:44:14"
"src\multimodal_engine\vision_encoder.cpp","54","0851948E428E0DAB54D6FB8F8DD822C8FEA905D7B0ED8F980282AB0F4EA03FD9","2026-09-22 09:44:14"
"src\nevm\nevm_execution_plan.cpp","46","F29B059A658E64ED77488094873DF56F9BD4274E6D0E349D372207C6671340EB","2026-09-22 09:44:14"
"src\nevm\nevm_kernel_bridge.cpp","45","464D4CDD9DB877D86C3C74F8FFDCE7C451CEB19157EC9B3BA6A9054F471788B0","2026-09-22 09:44:14"
"src\nevm\nevm_mmu.cpp","35","67FB073F5C7856301DC30D8753FC9352C6CFB3E88DD1763351331025A59FE317","2026-09-22 09:44:14"
"src\nevm\nevm_tensor_descriptor.cpp","49","69280D3F83553B474E4D338487AC3723336264F62E43C5EFA6D00D37B70EBD4F","2026-09-22 09:44:14"
"src\omega1_modules\OmegaPowerShellBridge.cpp","58","FCC5CBE30F8B75AD06F119C52CFA7022A92571DBC9B89B5718E59691A394BBDC","2026-09-22 09:44:14"
"src\omega1_modules\OmegaPowerShellBridge.h","61","D1C44A0262CE4A02AB06567E157F5EB0DD56BD38E82AC8281B3DE1EE60190EE4","2026-09-22 06:10:42"
"src\plugin_system\win32_plugin_loader.cpp","55","8A6FDDD5077B40CCDC1FCCAFDAE0D38E98671C126E0E83A489D3F2FCFB7B944B","2026-09-22 09:44:14"
"src\profiling\flame_graph.cpp","43","2BA37D5FB5539478D7B0952D6C9B925B8FBB41148FB1035707564536957DF8FE","2026-09-22 09:44:14"
"src\profiling\pmc_profiler.cpp","44","4E3D46EC15A56BB01509F19958C60060A4822DF22209221ADBCFC49267C82432","2026-09-22 09:44:14"
"src\refactoring\RefactoringEngine.cpp","51","3C81171F895027EBAAB60CD5F8497D42DDE5EE4EEC1BF48A4AD9E0AFDE2E9FB3","2026-09-22 09:44:14"
"src\repo\ASTCache.cpp","17657","E3C5C9C2DE88E6749ACB3F3F71D8AF08129A4F209A670DF7038253288CB5C2DD","2026-09-22 06:10:42"
"src\repo\ASTCache.hpp","2193","CE3C9D3A1CFB339D4CF24C19FA3F72AB3644D656ED35C4245918F24A04442C0C","2026-09-22 06:10:42"
"src\repo\CallGraph.cpp","13124","0F5522F767956F58C1BA2B7A105FC99CA35D9384DF26B36DFAAF678C2E95161D","2026-09-22 06:10:42"
"src\repo\CallGraph.hpp","3031","82483E238B2BAD1DC8ADC62D12BC39CA98141BC8D624AD030304A67814FAEE30","2026-09-22 06:10:42"
"src\repo\EmbeddingIndex.cpp","5646","3A4D445FC9E2BB677E1A220748EE8D43634DB100FD1F36C27E468726A85E5DCB","2026-09-22 06:10:42"
"src\repo\EmbeddingIndex.hpp","1261","C81ACE52A97A6D183B7F936276AB1E46275E522468ECE06D48D95084296DCC5C","2026-09-22 06:10:42"
"src\repo\FileIndex.cpp","14425","2295304FC5D7515894B4965DB2A37D02E2ADFCC35763C4F47B0011A9F0DCA321","2026-09-22 06:10:42"
"src\repo\FileIndex.hpp","1500","F935C90E490FEA4A99AA78AFC266DEAA8CCE674A6DDE5320DFC9F4845E685B73","2026-09-22 06:10:42"
"src\repo\IncludeGraph.cpp","11721","E9E4C5CE07B8D99C1A86CBB559AD7A51FCF0287A593316602D553F75509394AD","2026-09-22 06:10:42"
"src\repo\IncludeGraph.hpp","2327","60D6D3BE669AB39E9BCCBD561B949F3FDE410311C1211BC57AFC7607C38C362A","2026-09-22 06:10:42"
"src\repo\RepositoryIntelligence.hpp","14395","53B15DAF70A4C42D1B468D45559309C2F352312199F25F42E8F1B76EF4081404","2026-09-22 06:10:42"
"src\repo\SearchIndex.cpp","9995","E6389CD03B0AB249952D7140203DC9B61971A8440C73E90268243D5175B277B9","2026-09-22 06:10:42"
"src\repo\SearchIndex.hpp","1231","CA076B54ECA60F7435BF7F3279B85787D67051B2482E7C4CF2E85DBDC6D71B44","2026-09-22 06:10:42"
"src\repo\SymbolTable.cpp","6428","98EE178BCE1CF0C2FA9EEC3421E6904CA999368CEA149E7DB615AFF33FC62E69","2026-09-22 06:10:42"
"src\repo\SymbolTable.hpp","2099","1B9CFA27B8C71D6D41356D8AF45D017F62BC2E046082A7C9245DE3172E293FFE","2026-09-22 06:10:42"
"src\repo\TypeDatabase.cpp","10666","3AE0448F0BA4F302ECDCF135566BA7D6A2599FEE839E794EEA058C1051C1C273","2026-09-22 06:10:42"
"src\repo\TypeDatabase.hpp","3271","2479D399461CFF4BFCCC32AC4492A95D48CF8F0EC0EF04B2635D97D3F3F815C1","2026-09-22 06:10:42"
"src\repository\CMakeLists.txt","1070","C5525DDD686EB5CEFAD0319E290A1252A6F5BA291CADA4EA261DB1FDAC059B6E","2026-09-22 06:10:42"
"src\repository\RepositoryIntelligence.cpp","27111","A41A3BA194F916201178A245688A6D07C8A82F19627FB50A55F180E9266C838F","2026-09-22 06:10:42"
"src\repository\RepositoryIntelligence.hpp","9159","B35BD0A243D09E79D65E2A0DA0B475C67E470B54B8835E76D16683D211B350F8","2026-09-22 06:10:42"
"src\res\Resource.rc","33","82946EAFDF3B520D2ED8CC12C8C7200B914C0459D9BE4595375E1ECFAF7664D9","2026-09-22 09:44:14"
"src\reverse\ReverseEngine.cpp","43","C68A24513D98D3218453BBA836F4796847678FDDC1081DB2E7D3EBEE89BDB9D7","2026-09-22 09:37:54"
"src\reverse\ReverseModelLoader.cpp","48","353A3E2932691FF2EDB468A1B7281EAA5F909688E02251F086663A5BF72A476D","2026-09-22 09:37:54"
"src\reverse_engineering\abi_validator.cpp","16180","BF34833D0772BC8B23831DA08F227BB11E382864BCC2B7A6ACC24D8F0D7E7CFE","2026-09-22 06:10:42"
"src\reverse_engineering\abi_validator_simple.cpp","13056","3A05F0583BAF9047411E83A2461BBFEB7442B8D7AB60829C94DC82B9A65C3387","2026-09-22 06:10:42"
"src\reverse_engineering\abi_validator_simple_backup.cpp","13508","E35F265DCFC145F5DA0AB482F27495937554DEA413A75C2336BFBCA26F67346F","2026-09-22 06:10:42"
"src\reverse_engineering\binary_patcher.cpp","55065","F601EC25FFD3695C2EC41D0B7B964D8C76A88662B2AB4D02C02C4A18905ABA85","2026-09-22 06:10:42"
"src\reverse_engineering\binary_patcher.h","13616","64DF5D73F14F39D7E71F5A864DD4BEF03DF1EC75F5B6B173D35E1C8752A357EF","2026-09-22 06:10:42"
"src\reverse_engineering\build_abi_validator.bat","2603","12F543F57384ED483707ECA4D59F3C91EFED9DE627A441576570D5AD7A9FC230","2026-09-22 06:10:42"
"src\reverse_engineering\build_codex_tools.bat","3769","2E7B3DB0C3FA41F980A2F3052D39838AE972B204DEC2149C743C64CF002DDE84","2026-09-22 06:10:42"
"src\reverse_engineering\build_test_mips32_isolated.bat","669","E11A46DDDF7D2FF428A207E6736009D4C1DC6E8B5F1232CD8519367E12F2823E","2026-09-22 06:10:42"
"src\reverse_engineering\build_test_mips32_isolated_clean.bat","550","A76BDB407CB4CE8CCC23DB3CD79331EBC8FA009DECD4FA81243FB07B1D1DEF9F","2026-09-22 06:10:42"
"src\reverse_engineering\check_offsets.cpp","1231","733A158EB5E0984DBFACD20A05BD95A867AA1257C242E4D6CBBCEFFF888F9647","2026-09-22 06:10:42"
"src\reverse_engineering\CMakeLists.txt","8979","98CD8A254FA4F14D5E816554539177BFA014A2AC8DF9E44FA226644C88469791","2026-09-22 09:39:37"
"src\reverse_engineering\cmake_install.cmake","1471","706A158DEB00189D54CD45B88D03D13667B3604B34722FE6718EB010CE6D4B7C","2026-09-22 06:10:42"
"src\reverse_engineering\codex_corpus_validator.cpp","12592","A47BD0B3CD703DB7223B4BB6CC04D9EA279BE71E122C6A0DE651795DE3E00562","2026-09-22 06:10:42"
"src\reverse_engineering\codex_fuzz_harness.cpp","9401","B6187D697CB502EC872AF1B828D97DA28A45706192855909F932F1DB9F90E332","2026-09-22 06:10:42"
"src\reverse_engineering\codex_ide_integration.cpp","10856","AFB1DF0F37BF7284D63FEA5EE9779A057206822439F927368B33114EBBD1A8AD","2026-09-22 06:10:42"
"src\reverse_engineering\decompiler.cpp","42486","D398F58A1B1BAFCFD9524AE79ADD74FBB8FA20EBE67FFB1CFEA87C1FA1F19970","2026-09-22 06:10:42"
"src\reverse_engineering\decompiler.h","8511","E3A092CEB167C60940A38BFCB8F7BF9CAE340E6C5032F5AEA8AEB444A543211A","2026-09-22 06:10:42"
"src\reverse_engineering\disassembler.cpp","56096","190D15C2B1E2377566FCA12C9B78DC3E527681ADA41C6F2B156549208FC1E6F9","2026-09-22 06:10:42"
"src\reverse_engineering\disassembler.h","12758","A72CB1F8B2511624C231F2743F813CBCA6469A4F04729A8FAAF9DB4A02A125F1","2026-09-22 06:10:42"
"src\reverse_engineering\fuzzing_engine.cpp","19964","B0CC052E5F9E93780705445874131C8DFF96553ACA5B405670542A8F91B042D7","2026-09-22 06:10:42"
"src\reverse_engineering\Makefile","12652","52081F79F4C79DC05D0B0E8059C3AE408A9B3BA471D81FFF87AFE74A3D5A0B20","2026-09-22 06:10:42"
"src\reverse_engineering\mips32_standalone_test.cpp","1586","0F0C87661562E26A3605F30FC8DDA9EB5EC8F8FE4C988B64981262136C9E7623","2026-09-22 06:10:42"
"src\reverse_engineering\pe_analyzer.cpp","62914","2D72493B7CFF51DAA8C8BDC1CCDB0D277ABC7ACB343C6926F18C68362F666AC0","2026-09-22 06:10:42"
"src\reverse_engineering\pe_analyzer.h","13429","3222081FBF241722EF74376D0803A3A4F33FAF1012906CB98E3B381FDDE41386","2026-09-22 06:10:42"
"src\reverse_engineering\RawrCodex.hpp","131173","DD010CF1644F9CD492F725022EBDB17ADB2357A1636619DF081D951BBD3560F6","2026-09-22 06:10:42"
"src\reverse_engineering\RawrCodex_Multi.cpp","4150","DB49C90C15D2D403C3A2558CB82FE69D94FF5CB2F37637E28ACC2DE8F6A3E7F0","2026-09-22 06:10:42"
"src\reverse_engineering\RawrCodex_Multi.hpp","6306","BCBF98C7B6537FA9E9DEE03B23F99074F7808BDB33CC6E5393D94D7613370BD1","2026-09-22 06:10:42"
"src\reverse_engineering\RawrCodex_Multi_Structured.hpp","9334","FFD3FD127EFEA95956E5C29B4BD92D04A68E68BC8A74512A44803790A8F45074","2026-09-22 06:10:42"
"src\reverse_engineering\RawrCodex_Multi_v2.hpp","21038","1328959B295085908ED9E23098B76B88065E4929163D5420C0F20DBA3A3438DC","2026-09-22 06:10:42"
"src\reverse_engineering\RawrCompiler.hpp","24426","A4AF633C55047E43A1D547B4CF422AC40D8418B043836B63F61F3FFA8E23ECAC","2026-09-22 06:10:42"
"src\reverse_engineering\RawrDumpBin.hpp","10687","8B684D009ECEB1E822B8F65532556AAB28206A160E51B70BB1DF9CF699AD67C7","2026-09-22 06:10:42"
"src\reverse_engineering\RawrReverseEngine.hpp","38944","ABE71ACDEAFAEF779FCEA74E72168164729365A10CA4DAAAFEDF0281AE650122","2026-09-22 06:10:42"
"src\reverse_engineering\re_api.hpp","3552","4F9BDFB1BA5A48F2B413DE435697BE3A184FB67983FB148EDECC3B0461975D23","2026-09-22 06:10:42"
"src\reverse_engineering\RE_ARCHITECTURE.md","20054","F95A7F4110C4DB63EA875DFEAD18C1824CFA323443B61CAA0FB2E7A83776A200","2026-09-22 06:10:42"
"src\reverse_engineering\simple_mips32_test.cpp","863","C3E4028E7FFD6A5ADC98D1F650D8A73D4326A23518D133169313F818514CE484","2026-09-22 06:10:42"
"src\reverse_engineering\test_mips32_isolated.cpp","990","F7F7A98D905EB0761DF19802854D9145EB7493064B89ADC28683967E5079A7D5","2026-09-22 06:10:42"
"src\reverse_engineering\test_multi_arch.cpp","5537","7394E9271C8A9AECCD0A6B722CBF966639A631568ACE4E0561B796EF1B1023B0","2026-09-22 06:10:42"
"src\reverse_engineering\test_multi_arch_simple.cpp","7448","5936A73B021B7A74E90E6475F9654CF5553C2E0BD83B6882F4F2A9C963071E63","2026-09-22 06:10:42"
"src\reverse_engineering\test_simple_decoder.cpp","3032","710E8CB90F38BA67CDF727BD6A12DEF9D8FF0DABB579CED35EF3366B64B66C71","2026-09-22 06:10:42"
"src\reverse_engineering\deobfuscator\build_deobf.bat","1686","982F6E2D25271F655FD9411FA35E589C0CD8EE6D0AA7A22AEB8E361F5BACCF10","2026-09-22 06:10:42"
"src\reverse_engineering\deobfuscator\RawrXD_Deobfuscator.inc","6275","E3BCBFD8EF229E9600D4C86E4C3DFEF1B7C58152CC26E2607350ABAED933FDD5","2026-09-22 06:10:42"
"src\reverse_engineering\deobfuscator\RawrXD_MetaReverse.asm","19560","AC134C379D96F9D99DB8793A9D7BAC68855FE0582D678D97B9F6A640A78A557F","2026-09-22 11:57:36"
"src\reverse_engineering\deobfuscator\RawrXD_OmegaDeobfuscator.asm","29811","D3ABCC60A9F947A77F5100033515FBC0F61F65923A4EC757511E91FF110A4E25","2026-09-22 11:57:36"
"src\reverse_engineering\deobfuscator\RawrXD_Titan_MetaReverse.asm","13660","7EF0B0EA996137CF5C205FD132E969278B221E942602C87CD654C8B8A8039C7E","2026-09-22 11:57:37"
"src\reverse_engineering\deobfuscator\test_deobf.cpp","1990","152DBE2B7A1240E44205C8E051EF20938CBA42B07D6AB1385C4654F66A1EBD84","2026-09-22 06:10:42"
"src\reverse_engineering\model_reverse\model-llm-harvester.asm","3959","A5053716E56704A2750B0DDBDF0C272B1D5D61D9143345A938F052F3BCED219B","2026-09-22 11:57:37"
"src\reverse_engineering\omega_suite\build_omega_suite.bat","3704","78EC8EF9AC8336B91718437A16BAA26825BCB84C511923D15DA6AE5F6E292B6A","2026-09-22 06:10:42"
"src\reverse_engineering\omega_suite\OMEGA_COMPILATION_FIX.md","2081","4CFB0B93A41AAC3D5E6D167F156AD4C045F1EDC959DE5F9DB0BDE6C548D1353C","2026-09-22 06:10:42"
"src\reverse_engineering\omega_suite\src_variants\CodexPro.asm","26997","5C0058D8F80BEFC547F9947E79AD528D7A7EE45B7284BCF5612FDC9206E33FA5","2026-09-22 11:57:37"
"src\reverse_engineering\omega_suite\src_variants\CodexUltimate.asm","45047","07E9F3B92B93B569A28AE5D3E905D36A8DD20DC546C6F4CE26F719812D95C7B0","2026-09-22 11:57:38"
"src\reverse_engineering\omega_suite\src_variants\CodexUltimate_fixed.asm","27950","1873C937A1E90A066A3BE78854D129EF3E0F364C200A7BAA4DC936563F7693F4","2026-09-22 11:57:38"
"src\reverse_engineering\omega_suite\src_variants\CodexUltimate_simple.asm","27476","7853DB20E07A07D9F94D536218B6166DF1E5E565743AA878DFFCFB17CD2179DD","2026-09-22 11:57:38"
"src\reverse_engineering\omega_suite\src_variants\OmegaPro.asm","24539","A7FB61A103D1713426C93D18BABA6996152A013A8C86A3DFE1253C3D5E2CD7B0","2026-09-22 11:57:39"
"src\reverse_engineering\omega_suite\src_variants\omega_crx.asm","8690","3ABA9B83A2953FD9C93F6518496F1949D6675C9E77ECCD81E1BFDCBF8B44F5D2","2026-09-22 11:57:39"
"src\reverse_engineering\omega_suite\src_variants\omega_final.asm","16664","9C6D96FF0222F8214253E58D0155BAAD25208A1195FAB164F154395920360478","2026-09-22 11:57:39"
"src\reverse_engineering\omega_suite\src_variants\omega_final_working.asm","19945","7DB43BA800DB6472E9B41C9D7D679B6D4E955D7F2A63BD5038A810D233807698","2026-09-22 11:57:40"
"src\reverse_engineering\omega_suite\src_variants\omega_max_v31.asm","20199","F80149D67A919F129069CA9269FF8C25F5791A02CE07451D632F7A42EC7B86A1","2026-09-22 11:57:40"
"src\reverse_engineering\omega_suite\src_variants\omega_pro.asm","15392","E0B274125E62CE34FA5E8AE56B5B08003D6C1051EC3C3FC6A392935CD714D963","2026-09-22 11:57:40"
"src\reverse_engineering\omega_suite\src_variants\omega_professional.asm","30478","959F39E54A75D2D8E45BAAAD1B29298EE5B9872C0267B370839345935E3E05B9","2026-09-22 11:57:41"
"src\reverse_engineering\omega_suite\src_variants\omega_pro_maximum.asm","26171","F23B65F6E22A22723B6A2EEEEE103B62273332A0E6411928E30C50B7BC1D67E1","2026-09-22 11:57:41"
"src\reverse_engineering\omega_suite\src_variants\omega_pro_v4.asm","14908","179ACEB8642F638EDD8F10D3CE3F990AC95E9A3208131ECEFDBCF16B7BD48C1C","2026-09-22 11:57:41"
"src\reverse_engineering\omega_suite\src_variants\omega_simple.asm","8509","6328A95E40B26CEEBDD7AE05B0AAAF4F765512A4110977D2F1D01F26904875C4","2026-09-22 11:57:42"
"src\reverse_engineering\omega_suite\v3\OmegaProProfessional.asm","16181","4C99EC0D59BEA7A3C50B1D54AE58720E56F528D781CDDC6E3B54F8BAD549905A","2026-09-22 11:57:42"
"src\reverse_engineering\omega_suite\v3\OmegaProProfessional_fixed.asm","13329","D62A215FA39E1A82BB75152EE70B668141BD02083B45851E56ADBC0C64CD630C","2026-09-22 11:57:42"
"src\reverse_engineering\omega_suite\v3\OmegaPro_v3_fixed.asm","16131","18132B7DA6FD542804D5E5786A8D7BFA02861369DD9DB67FEF6FFA0DF3E71286","2026-09-22 11:57:43"
"src\reverse_engineering\omega_suite\v3\omega_pro.asm","10904","4750F1BDA8009E8C8D4BF0B709B1AD20DD4912B64C789BA71309E2328056986E","2026-09-22 11:57:43"
"src\reverse_engineering\omega_suite\v3\omega_pro_root.asm","15107","32DA2F3A820C3282F9CEF8D0F91F58813CA77F9020093B62C15C6A392C3668ED","2026-09-22 11:57:43"
"src\reverse_engineering\omega_suite\v3\omega_pro_v3.asm","15189","A5FD2DD8F3CFB7EDB5064F6F580E7DE1F0A7FF519021AF837C90B0455E355507","2026-09-22 11:57:44"
"src\reverse_engineering\omega_suite\v3\omega_simple.asm","4245","A778322A817F774C6E6D930C670536951A37903F92654BBFB1799D5530075E89","2026-09-22 11:57:44"
"src\reverse_engineering\omega_suite\v3\test_omega.asm","2153","1E079B94E0EAEC48F5D3F48BEF45E9FCE45EAE2623835FCAD2700FD14F961BC7","2026-09-22 11:57:44"
"src\reverse_engineering\omega_suite\v4\OmegaPolyglotMax.asm","9753","014C1250424477A25A6D4D84FA13C4A4C19827AA8DD5AD162671DC4597812892","2026-09-22 11:57:45"
"src\reverse_engineering\omega_suite\v4\OmegaPolyglotPro.asm","50174","7E2D02922044C19B7807FF401CD24B343D428ACAE7DE11FF8E01B8762736D846","2026-09-22 11:57:45"
"src\reverse_engineering\omega_suite\v4\OmegaPolyglot_v4.asm","16961","A6DD20AB8F05EB7FF30D7BC381B3194429942D0B00C024DD64225B577CA9472A","2026-09-22 11:57:45"
"src\reverse_engineering\omega_suite\v4\OmegaPolyglot_v4_fixed.asm","11493","178A4EAA1030F14CA10D3C5F9862966071967695B58A44FEBC08FDB984C48FF4","2026-09-22 11:57:46"
"src\reverse_engineering\omega_suite\v4\omega_pro_v4.asm","14281","BA4E3D990AE4920459BEA9D3292D78B4A5B7D2E8E142853AC8DB33BF725005C4","2026-09-22 11:57:46"
"src\reverse_engineering\omega_suite\v5\Omega-Install-Reverser-Protected.asm","13698","7B5F9CD2A11FBA272A9B37B2766D0703431BF1EAF87672C59324C77719A133ED","2026-09-22 11:57:46"
"src\reverse_engineering\omega_suite\v7\CodexAIReverseEngine.asm","41194","2EA94C168F66DBEE72C486FE2F25B75214C710AC0EE2B6FA297AD61B02A48D6D","2026-09-22 11:57:47"
"src\reverse_engineering\omega_suite\v7\CodexPro.asm","39283","63CD32D4CF200E58F7D88DBB7E8C66996C91E83BCB55FFC86A18BB31C5022355","2026-09-22 11:57:47"
"src\reverse_engineering\omega_suite\v7\CodexProfessional.asm","29883","36831C16E9DF055DE24FC0651C9946E4B7316CDAD664C1A629B6C0906DB31F0B","2026-09-22 11:57:47"
"src\reverse_engineering\omega_suite\v7\CodexReverse.asm","42793","3995B855F2C70A8B9BD4F091F54A79CFA285412E181BE8D67DA2DED1DFACB0DC","2026-09-22 11:57:48"
"src\reverse_engineering\omega_suite\v7\CodexUltimate.asm","70056","DAB0E830E6EBB5CA71D9044CB7E5DFCF95E46490DF1B2057CCEEF1DC3E83E589","2026-09-22 11:57:48"
"src\reverse_engineering\omega_suite\v7\CodexUltra.asm","30403","9E65E13BB753CC6E3A86453471E37E6D9DAE89802D5DBD1B46B64DD370EE7F7D","2026-09-22 11:57:48"
"src\reverse_engineering\pe_tools\re_tools.cpp","4126","D3832FBBBEA0941CEEC4DAC71C27B004FCD42B6EEC1644FADF1574F0E547A4A6","2026-09-22 06:10:42"
"src\reverse_engineering\pe_tools\re_tools.h","119","C450D5DE0FE37F4C7A51380AFDDFDA606248E10BBC6FD4AC00EB0DB65497135B","2026-09-22 06:10:42"
"src\reverse_engineering\reverser_compiler\bootstrap_reverser.asm","10390","29147683C19636219F8EBC39E334AFA384D466158F372C47E93C17666B79EE2E","2026-09-22 11:57:49"
"src\reverse_engineering\reverser_compiler\build_reverser.bat","3608","39BE6599A3BB00DD663E862793B84B3EA2DB6BC83F89240C6E9B9F5A0F559D9E","2026-09-22 06:10:42"
"src\reverse_engineering\reverser_compiler\reverser_ast.asm","208","C79063A01FF305CAFF9B55DF20B21EC70FC3751C27D6BE11DE07D8E9AC2F6427","2026-09-22 11:57:49"
"src\reverse_engineering\reverser_compiler\reverser_bytecode_gen.asm","241","D00E8478F29BA4CD09768CE409B80B86464635647315216389CACFF6CB11CDB8","2026-09-22 11:57:50"
"src\reverse_engineering\reverser_compiler\reverser_compiler.asm","228","776C9FAA9E197E8ACFAE57D64FFDCCD7AB36D2064EFC66890FB4773C34D464D4","2026-09-22 11:57:50"
"src\reverse_engineering\reverser_compiler\reverser_compiler_from_scratch.asm","1968","04147A05066A13F7CAEF7209C2ED8DC1C255B43EFE3316F90C4456515F5CF56D","2026-09-22 11:57:50"
"src\reverse_engineering\reverser_compiler\reverser_compiler_from_scratch_patched.asm","2048","C4CA7DBDF413F76A31782C29CE6296DC4F80C01A2DEDE330D7E34FFB3ABBE155","2026-09-22 11:57:51"
"src\reverse_engineering\reverser_compiler\reverser_compiler_patched.asm","22131","BDF72C200C783957A9CDC7330D6A6C879F7B509FA695FED702398B0EA3F2CD61","2026-09-22 11:57:51"
"src\reverse_engineering\reverser_compiler\reverser_lexer.asm","216","477BE02990B096A91F23211BCC8AEA50FA9554162EDC2AAECA3082044AA5F90A","2026-09-22 11:57:51"
"src\reverse_engineering\reverser_compiler\reverser_parser.asm","220","CDF382A5833846E7AF358D8595FDC323C006A93B555907AF46F390E6B1C10207","2026-09-22 11:57:52"
"src\reverse_engineering\reverser_compiler\reverser_platform.asm","228","8F9770BB9DB2FB1C16C8F03A84F83501FEBAE82AF709A19B0E4314F2F11CD476","2026-09-22 11:57:52"
"src\reverse_engineering\reverser_compiler\reverser_runtime.asm","224","372673E7649EE4CFB1D171CB9305A9CA0E071387F60E6DC6AD936DE0F2D44F85","2026-09-22 11:57:52"
"src\reverse_engineering\reverser_compiler\reverser_self_compiler.rev","12580","2DBAA0801CDFE36FE0D9784106F818C22C9737670888222FC998AF12F7E20D23","2026-09-22 06:10:42"
"src\reverse_engineering\reverser_compiler\reverser_syscalls.asm","228","762A93A33F9263887406E88F29BEC698E2A9322E0B15CAE28D24069432BF554E","2026-09-22 11:57:52"
"src\reverse_engineering\reverser_compiler\reverser_test_suite.asm","233","B2170C0FD4926268406818E9C96827A5B5AF6665A6865216D3DBC0EBBAABE0A8","2026-09-22 11:57:53"
"src\reverse_engineering\reverser_compiler\reverser_vtable.asm","220","8A4272384BDAD8F201D3FA17E0575FC57FE4FEB3C457CAF34E979EFBF4437CAE","2026-09-22 11:57:53"
"src\reverse_engineering\reverser_compiler\tests\reverser_test_suite.asm","17857","80CC18494382ACAA125A7DF15FCB22D4E733CDBB1777193731B0828A3291F3F4","2026-09-22 11:57:53"
"src\reverse_engineering\reverser_compiler\tests\test_reverser_lexer.asm","233","4559246AAE76E0144131A0D314B5E765CE67D10B185E631C32EC5D9F30CECDC5","2026-09-22 11:57:54"
"src\reverse_engineering\reverser_compiler\tests\test_reverser_parser.asm","4296","8ADE0E49D54135771FE0BBA24AC7A78D56DC6E8FEE9C3F28013A4E543AE7F905","2026-09-22 11:57:54"
"src\reverse_engineering\reverser_compiler\tests\test_reverser_platform.asm","5831","9AAB6D99B1BC2894DAE373A72EB55776376E578B0BF14A21FBF838D66EFD05CD","2026-09-22 11:57:54"
"src\reverse_engineering\reverser_compiler\tests\test_reverser_runtime.asm","6303","E62027AE003866E328B83F258095D9B7D9890D49FFFEBD20AFA374D6D827B141","2026-09-22 11:57:55"
"src\reverse_engineering\reverser_compiler\tests\test_reverser_vtable.asm","237","8ADD971E5BF89A5F5AA52D5CE97C8AB2EA7E5BA12E3DCA7D2D11A51A283F13C1","2026-09-22 11:57:55"
"src\reverse_engineering\re_modules\gpu_dma_complete_reverse_engineered.asm","20640","320B6F36F30D8C9C90E82B2941F1E2A7716789EDB17FF9C6058C7A15F5EA189D","2026-09-22 11:57:49"
"src\reverse_engineering\security_toolkit\RawrXD_IDE_unified.asm","24138","85D00FCEC9226B2206CD3BE78888E5EB9E00597CDFFC12D648746FA5647D6A6C","2026-09-22 11:57:55"
"src\rkc\RKCCodeWorld.cpp","38","B1377A02F6DA7822E04B299B9EAE273C1F93300DD9A4708579B90A5E59C03E59","2026-09-22 09:44:14"
"src\rkc\RKCCompiler.cpp","37","296C4AD90C8F252018A05D4E113F1427D51DC6464650BC868023D8B9BD586E70","2026-09-22 09:44:14"
"src\rkc\RKCDeep2Authority.cpp","43","C66BE546D5F5AA83CA1516C2BC5463490A69CCD0049A556F71C9981CB93E55C2","2026-09-22 09:44:14"
"src\rkc\RKCEmit.cpp","33","2C2D44103E18616D71AFC6AA6F5ED3257877AF9CECDAF890870B380ADACF5CD7","2026-09-22 09:44:14"
"src\rkc\RKCGapEngine.cpp","38","7B68D1912CCEFDBA4AAC2DBFF852BAE996FC9DB5F6F78B15DF25FAD8426A0ABD","2026-09-22 09:44:14"
"src\rkc\RKCMinimalSource.cpp","42","0748EFB79E37B6F0DD5286A47B5428015E5E8B9CD1890F399D92EC76820AE17E","2026-09-22 09:44:14"
"src\rkc\RKCModelInventory.cpp","43","89E973FEA52FBA262499C8D27DAADA79C57A5FFA4934611EBC45F661FF2055A2","2026-09-22 09:44:14"
"src\rkc\RKCNegativeKnowledge.cpp","46","0A7EAC6A511EBA4E71161D9E327C5AF06511B61225A7CDB3FE87FF4F991703DA","2026-09-22 09:44:14"
"src\rkc\RKCProductContext.cpp","43","110CEEFCB87A507E8D4392DB4C284870D642E64893B8C736BEEFF1618F75919B","2026-09-22 09:44:14"
"src\rkc\RKCRecipes.cpp","36","2D45F9708917D386BF44E2E36D5F5316D519DF2DA62A0BC02F3272C7FC0D97E5","2026-09-22 09:44:14"
"src\rkc\RKCSession.cpp","36","EC1CDA5A70C80C6A495C425988A24D334DD6FA817A045529FD7EDA6BBAE4C680","2026-09-22 09:44:14"
"src\rkc\RKCValidator.cpp","38","882885C201ACC2AD5C0B47A2378BD8D92782B3CDD24E8282C7F561B0F98F6B14","2026-09-22 09:44:14"
"src\rkc\RKCWorld.cpp","34","3E1ED04C9411121A3D4C2DC77C449838D75F06D7AAB6316E971CB2B33941BF8C","2026-09-22 09:44:14"
"src\rkc\rkc_code_world_cert.cpp","45","5BD7697E8FAE80EA37C1DFDFA86EB010ABEF0C823ABF2553164154428E3223A5","2026-09-22 09:37:54"
"src\rkc\RKC_C_ABI.cpp","35","6A159F2EA2ADEACAEB9350718EF94F7098C12D838D99CE4F168018BEF2AA2076","2026-09-22 09:44:14"
"src\rkc\rkc_deep2_model_authority_cert.cpp","56","5A45E5D78FFC63EE81DD0DC3E15F3214264937C9225DB53D885157008628B3C4","2026-09-22 09:44:14"
"src\rkc\rkc_minimal_source_cert.cpp","49","EF12A9A92A54D2FD704A80C1098C955FA805A18412322B5F71C204E5E539997D","2026-09-22 09:37:54"
"src\rkc\rkc_model_inventory_cert.cpp","50","E171733209C3F1934A112883B7AE69F41AD6D60371C0123ED0FEABCDE0699E63","2026-09-22 09:37:54"
"src\rkc\rkc_negative_knowledge_cert.cpp","53","FCC12D192FCAB548095BCE5F3519565069FFCDB4C912B3EEC5596977C9508F31","2026-09-22 09:37:54"
"src\rkc\rkc_product_context_smoke.cpp","51","2702B7890C0591D236C7B5B9146175006D70B800FE927CFBF2BE0570888A755B","2026-09-22 09:37:54"
"src\rkc\rkc_smoke.cpp","35","CB17771384E34A6597500727C8E6AAA5CC3DFB090BAD134E7E10321C4F0C6221","2026-09-22 09:37:54"
"src\rpc\SovereignRPC_Scheduler.cpp","48","4346ED0981EE060A66748C504963FF55E33B545914750ED64436A87E2594C925","2026-09-22 09:44:14"
"src\rpc\SovereignRPC_Simulator.cpp","48","D5C1E3CC3469D12C1EF579F5EE7392418DD6E8D2FC4775917C7EEA0EF31C7378","2026-09-22 09:44:14"
"src\rpc\test_simulator.cpp","40","8FBA31AC425DF31FC58175AC60E294582468851A0D0719B5441ED67F83631828","2026-09-22 09:44:14"
"src\runtime\Deep2ExecutionTelemetry.cpp","53","29304E0C3553FC8BC86E924BB64AA513BE1C06E5FD08484AD2BA4EB672A95A95","2026-09-22 09:44:14"
"src\runtime\ExchangeObjectLedger.cpp","50","D39605E9747DF83BC6C11E2A486A2947C247CE63CCE9842F4F77541B2CA49E7A","2026-09-22 09:44:14"
"src\runtime\GenerationBouncer.cpp","47","B4FC5AA242A5744CF0010AF8405B4FDA9B2E3D43D26DCBD5D46A925FFA444C8C","2026-09-22 09:44:14"
"src\runtime\gguf_tensor_loader.cpp","48","EF01A23BCFC62D84B69F7DE4535675F75E834ABBF59438F188628EA4A5E8EB84","2026-09-22 09:44:14"
"src\runtime\QbHostReadbackWindow.cpp","50","D97F6184C8FCC71A06E5F9DA72C21AC8D94BBFB9C3CCC0E6A902213A0A0BD5BF","2026-09-22 09:44:14"
"src\runtime\RawrRuntime.cpp","41","AA669A1C96B64E000B8ADF0A52982909A05C2BFBF0DC871E605894E95112129A","2026-09-22 09:44:14"
"src\runtime\Sovereign_KernelBridge_CPP.cpp","56","8E55916E97EA2725E2A14D8AA2FF017AB3CC2EE9C508DD5306A498D5504758FD","2026-09-22 09:44:14"
"src\runtime\Sovereign_RingTelemetry.cpp","53","669DD364DB150C36E2993375D3740D691ED4BCC6513DAE9E4E74C9C5D6C56E08","2026-09-22 09:44:14"
"src\runtime\StreamRouterAdapter.cpp","2","7EB70257593DA06F682A3DDDA54A9D260D4FC514F645237F5CA74B08F8DA61A6","2026-09-22 11:41:25"
"src\runtime\TensorExecutionRouter.cpp","2","7EB70257593DA06F682A3DDDA54A9D260D4FC514F645237F5CA74B08F8DA61A6","2026-09-22 11:41:25"
"src\runtime\elastic\ElasticArchitectureDetector.cpp","65","916182E945D1210F292ACEA7605B485A4743F07C257F3E78A65052F904D0C5AB","2026-09-22 09:44:14"
"src\runtime\elastic\ElasticDecoder.cpp","52","C86CC8642C73D89FE17BDB7DBF5068904BB59F457ED1D089751B9E95A8757B19","2026-09-22 09:44:14"
"src\runtime\elastic\ElasticEngine.cpp","51","2F7266D627DDDFB767AD0C851BBB984C4E1AA7290FF3185C4A164CEC097A9F56","2026-09-22 09:44:14"
"src\runtime\elastic\ElasticGGUFIndex.cpp","54","4812D1C3D13BD47A327495458C61BE7DA4713ACF6D9A0C55D8CC5257732D31AB","2026-09-22 09:44:14"
"src\runtime\elastic\ElasticResidencyManager.cpp","61","7C7CE696453CBDEA79DE2C49FC38E782A820429AEE363B642B5B1535AA2897F9","2026-09-22 09:44:14"
"src\runtime\elastic\VulkanTensorResidencyBackend.cpp","66","534861FD90511B31FF4CAF9127BF44B9D0764B3A6FB2F99A0551CE0395296844","2026-09-22 09:44:14"
"src\runtime\governance\CapabilityTierMatrix.cpp","61","62AE1F6AFBA2386D465391D0E8087CFCA2E2DB79D1FD023B29D0223DE8DB05F9","2026-09-22 09:44:14"
"src\runtime\governance\Ensemble58Governor.cpp","59","1B2142CF2CFCF0BF19A776AA9948971A7C50DE31280613EEDD09DB4D8939C271","2026-09-22 09:44:14"
"src\runtime\governance\HardwareCapabilityProbe.cpp","64","FCD53B211E6E17DEEE88DFDA78A7E1EDE0EA6F02DB1C6392A94243143FBFEED6","2026-09-22 09:44:14"
"src\runtime\governance\HardwareGovernor.cpp","57","2A450F7560C19EFB66F26754D0F9922C26D8EE6FA1B83438C03676D175FE8178","2026-09-22 09:44:14"
"src\runtime\governance\PressedStateEngine.cpp","59","2606C03F9F367E864F373DA72E4AF481660EC36120E1CA49E6FFE4F6275C766B","2026-09-22 09:44:14"
"src\runtime\governance\TLSInstructionGate.cpp","59","3ABB6D43A3095CF87BBDD838661A882BDE21983FDF81E1F00D51DCC2EB158AEB","2026-09-22 09:44:14"
"src\runtime\governance\UnifiedTriggerOrchestrator.cpp","67","670A455FF88A9CC0FC669FCE5670866BFB1F39E09BA739A65036BD372C4C6EE9","2026-09-22 09:44:14"
"src\runtime\memory\CapacityManager.cpp","2","7EB70257593DA06F682A3DDDA54A9D260D4FC514F645237F5CA74B08F8DA61A6","2026-09-22 11:45:20"
"src\runtime\memory\PlacementPolicy.cpp","52","487A9D76F404F363F0DE15B5486A3FFDD788A6ABF94362964AE1F46782624FAD","2026-09-22 09:44:14"
"src\runtime\memory\PredictiveMemoryManager.cpp","2","7EB70257593DA06F682A3DDDA54A9D260D4FC514F645237F5CA74B08F8DA61A6","2026-09-22 11:45:20"
"src\runtime\memory\ResidencyTracker.cpp","2","7EB70257593DA06F682A3DDDA54A9D260D4FC514F645237F5CA74B08F8DA61A6","2026-09-22 11:45:20"
"src\runtime\memory\RouterPredictiveMemoryBridge.cpp","65","F8D64A2B0766ECBDF8F45D0FDA7FFFD9432385F6FFC11C5F3B399E3FE97C523C","2026-09-22 09:44:14"
"src\runtime\memory\TensorPlacementManager.cpp","2","7EB70257593DA06F682A3DDDA54A9D260D4FC514F645237F5CA74B08F8DA61A6","2026-09-22 11:45:20"
"src\runtime\memory\TransferScheduler.cpp","2","7EB70257593DA06F682A3DDDA54A9D260D4FC514F645237F5CA74B08F8DA61A6","2026-09-22 11:45:20"
"src\runtime\memory\TransferScheduler.hpp","1276","78FF1F78BA826F975E2DB240C7CFCDDCE63BB7CE92C67B523A0F33198C6F5B89","2026-09-22 06:10:42"
"src\runtime\memory\WorkingSetPredictor.cpp","2","7EB70257593DA06F682A3DDDA54A9D260D4FC514F645237F5CA74B08F8DA61A6","2026-09-22 11:45:20"
"src\runtime\shared\BP1BraidIndex.cpp","50","0501D675D476B8890E5A6160CEE7C62E39DA02A3F6E74C1F3C886A4EB9DF74F9","2026-09-22 09:44:14"
"src\runtime\shared\BP1BraidStreamer.cpp","53","C2696770998410427074DE3F15FB25EDFE628138B1B84F1F812D434DAFCC0E4F","2026-09-22 09:44:14"
"src\runtime\shared\SharedModelRuntime.cpp","55","6A639319BB605885EEFDA176BF5680AD8166E93240922CC52FA14AF5D3F2835E","2026-09-22 09:44:14"
"src\runtime_surface\GenerationStopwatch.cpp","57","70EE2219FEFA45B6FD23A2F51EA904D709572B58725453CA8A6FD4E1E59F8CF0","2026-09-22 09:44:14"
"src\runtime_surface\RuntimeSurfaceModule.cpp","58","EEE7D17F1CD8F9B8309854CF0A0A60CBAFB254E1D81445BD10F3BCFD70C620CF","2026-09-22 09:44:14"
"src\sampling\advanced_sampler.cpp","47","1255501309E8047AB9CA3EA1BBF836596EF683BBA75DADCEC1F915F27E4F59E9","2026-09-22 09:44:14"
"src\sampling\advanced_sampler.hpp","123","AC2D49A8A14F3FE9C489C8405D954043AF36A87DC31CC852B957DAFE5C8EB030","2026-09-22 06:10:42"
"src\screenpilot\rawrxd_screenpilot_agent_v2.cpp","26855","672EB259CF3F297471760C9E3763CAACA6D9A4EDDF13E0F3D176E9C7F3581599","2026-09-22 06:10:42"
"src\script\debug\minimal_dap_server.cpp","53","21F08E12D70814A0E98FC95064F6C536A4DF1C2F633DCF8EE6F9DE97FDD2C330","2026-09-22 09:44:14"
"src\security\dependency_audit.cpp","47","D18F4B2BF38A46C4BDC2B5B029765EED0C5E1AFD6F94A5F33C41689691BB40D0","2026-09-22 09:44:14"
"src\security\InputSanitizer.cpp","45","7CF706F4487153C0AF864E9D552DB02D293DCCFDEAF8A6BFE9AB871442242C0A","2026-09-22 09:44:14"
"src\security\ProviderKeyStore.cpp","47","205F3E77FE7657A5938F6DE3DB65CB8647EB5926923E4D26D5ADC75E1692FB8B","2026-09-22 09:44:14"
"src\security\ProviderKeyStore_get.cpp","51","9EC2A168CD17EF88F532D12FB91EAEE371E42B779B897F4DF51FBC689883F254","2026-09-22 09:44:14"
"src\security\ProviderKeyStore_misc.cpp","52","F2245A13D70585A85773862DB2AEAE2CAB1FE328232A70670FBC47D263719E22","2026-09-22 09:44:14"
"src\security\RawrXD_GoogleDork_Scanner.cpp","56","8EBB63028778804F2E818B61D2219FF052106FEF703563094D0C26F29C4A3125","2026-09-22 09:44:14"
"src\security\RawrXD_Universal_Dorker.cpp","54","EDDB6B4B0EA529E2ADD76F10EF85B7F6ECE707DB05238C7CC8FB29356603A360","2026-09-22 09:44:14"
"src\security\sast_rule_engine.cpp","47","7B499ACAB4B5CBEB273599081C875C28D3EE59097E02FFBD8466E2F0A549A1E5","2026-09-22 09:44:14"
"src\security\sbom_export.cpp","42","A36DBBD01C70B3947308FD15FDA8C41D9EED46549E5B397772CA750572197942","2026-09-22 09:44:14"
"src\security\secrets_scanner.cpp","46","C5609C4C5CFBC0E60A1D65D3C4B3F6DCE484D9D9468408F9F902574CA0C2E63C","2026-09-22 09:44:14"
"src\security\SecurityHardening.cpp","48","B6BA61E70FCEF9DF12AB4DDC7E8B8B3A3E3DC3305456B17345B15FB0661A132D","2026-09-22 09:44:14"
"src\security\uac_bypass_impl_stub.cpp","51","1CD0F197166B050647C83BC0501302381B37960806599A98587ED5DE6C876E44","2026-09-22 09:44:14"
"src\serve\inference_plugin_backend.cpp","52","6DF8926C6D7AF7D5CE3128BFBE10129C7721A2DD26905CB1209B602E69F667B6","2026-09-22 09:44:14"
"src\serve\rawrxd_model_registry.cpp","49","AF09BD9F821B4F245BDF174FCE18F8F31A0EC9808E1086868EC0437E99F036D1","2026-09-22 09:44:14"
"src\serve\rawrxd_pipe_server.cpp","46","FD87D638406584DCCA3B360A8D27C8FA41D1CFA12B44C5EB8CCBEB21BE353F3D","2026-09-22 09:44:14"
"src\serve\rawrxd_pipe_server_stubs.cpp","52","B2C822B016F844C893D3101028663D9F06CD04D39B5A828F65863CA40CA7E723","2026-09-22 09:44:14"
"src\serve\rawrxd_serve.cpp","40","FA607C94755467FC45E923B94B96DA9F7CC7426CA09DE1D88CA0FA3B7ECDFFFE","2026-09-22 09:44:14"
"src\serve\rawrxd_serve_inference_plugin.cpp","57","DF9C904DF0889056AAFA956959936C8639E92B083979F094EAB2BE9EB14612B7","2026-09-22 09:44:14"
"src\serve\rawrxd_serve_main.cpp","25","493B0BF92174B1FF34C14D049B2266D7F31DDC5580B77D3AD1697C2486F0D0F5","2026-09-22 06:10:42"
"src\server\gguf_server_hotpatch.cpp","49","117472EF44AE202F5BEE4A8945897CA1BF04DFB1B9373EAFA6E1B378C5FC1230","2026-09-22 09:44:14"
"src\server\gguf_server_hotpatch.hpp","5403","2CBA80E13B2E28FB866AC80F13960D6C1A35C2529AFA65515D7D391055805F7C","2026-09-22 06:10:42"
"src\soloide\main.cpp","34","A4C628315A683ABAB66A5C6E9AF44A229C812DA8E5C6D736C7207211C54A0766","2026-09-22 09:44:14"
"src\soloide\AI\AdvancedCodingAgent.cpp","52","A145A56463E9188857B2E3B1A6BE6BB8F810281BC735A1988794D8246E98E9AF","2026-09-22 09:44:14"
"src\soloide\AI\AdvancedCodingAgent.hpp","61","D1C44A0262CE4A02AB06567E157F5EB0DD56BD38E82AC8281B3DE1EE60190EE4","2026-09-22 06:10:42"
"src\soloide\AI\CompletionEngine.cpp","49","5A6B07AAA7160856B71AD50A32E29828322ACE103F3098652EE990A3BF114E6E","2026-09-22 09:44:14"
"src\soloide\AI\CompletionEngine.hpp","61","D1C44A0262CE4A02AB06567E157F5EB0DD56BD38E82AC8281B3DE1EE60190EE4","2026-09-22 06:10:42"
"src\soloide\AI\MultiModalModelRouter.cpp","54","6030D322CBAD8EF5521A1AD9236DEB142B97633E863A00B63D1863DE7C3FCBAC","2026-09-22 09:44:14"
"src\soloide\AI\MultiModalModelRouter.hpp","61","D1C44A0262CE4A02AB06567E157F5EB0DD56BD38E82AC8281B3DE1EE60190EE4","2026-09-22 06:10:42"
"src\soloide\Core\Bus.cpp","38","90400845FAE74F4A7BF4ECA2F6784C263E1723EC5AD8430C2D0164023045D716","2026-09-22 09:44:14"
"src\soloide\Core\Bus.hpp","61","D1C44A0262CE4A02AB06567E157F5EB0DD56BD38E82AC8281B3DE1EE60190EE4","2026-09-22 06:10:42"
"src\soloide\Debug\DAPClient.cpp","45","F51D3C0F2CD176D90BC7E0CF5A433F850B32B5F6A47D8FA0A6EB02E9DD0C4250","2026-09-22 09:44:14"
"src\soloide\Debug\DAPClient.hpp","61","D1C44A0262CE4A02AB06567E157F5EB0DD56BD38E82AC8281B3DE1EE60190EE4","2026-09-22 06:10:42"
"src\soloide\LSP\LSPClient.cpp","43","5FEEA1F81C94228208B5FE58C96E108FBEFD4B67243CE2557273130529A2BE75","2026-09-22 09:44:14"
"src\soloide\LSP\LSPClient.hpp","61","D1C44A0262CE4A02AB06567E157F5EB0DD56BD38E82AC8281B3DE1EE60190EE4","2026-09-22 06:10:42"
"src\soloide\UI\SoloIDE.cpp","40","556A65A5310FD2E6ED39AC66C4CFD3A8426D34030C72E9164DCBD6A0D4CF8B74","2026-09-22 09:44:14"
"src\soloide\UI\SoloIDE.hpp","61","D1C44A0262CE4A02AB06567E157F5EB0DD56BD38E82AC8281B3DE1EE60190EE4","2026-09-22 06:10:42"
"src\soloide\UI\Panels\ChatPanel.cpp","49","50289F0B269AABF78E09427BF8D31D62474CFE74DB4E0F9C7321A1FE258D5D2E","2026-09-22 09:44:14"
"src\soloide\UI\Panels\ChatPanel.hpp","61","D1C44A0262CE4A02AB06567E157F5EB0DD56BD38E82AC8281B3DE1EE60190EE4","2026-09-22 06:10:42"
"src\soloide\UI\Panels\DebugPanel.cpp","50","2CE2CFF860F9EE537DAE69208855FA24260B5021B74E006243C6133252F179D4","2026-09-22 09:44:14"
"src\soloide\UI\Panels\DebugPanel.hpp","61","D1C44A0262CE4A02AB06567E157F5EB0DD56BD38E82AC8281B3DE1EE60190EE4","2026-09-22 06:10:42"
"src\soloide\UI\Panels\EditorPanel.cpp","51","BD23BDFC12DAA1FD605516E7F73DC4DFC02827C9A32D2E6F4812DF198B7D7967","2026-09-22 09:44:14"
"src\soloide\UI\Panels\EditorPanel.hpp","61","D1C44A0262CE4A02AB06567E157F5EB0DD56BD38E82AC8281B3DE1EE60190EE4","2026-09-22 06:10:42"
"src\soloide\UI\Panels\ProjectPanel.cpp","52","68F045B41D54BDF2741852E3BD7AFA6D5BF28DF8A849CFA2D5E1D8DC439EC98A","2026-09-22 09:44:14"
"src\soloide\UI\Panels\ProjectPanel.hpp","61","D1C44A0262CE4A02AB06567E157F5EB0DD56BD38E82AC8281B3DE1EE60190EE4","2026-09-22 06:10:42"
"src\soloide\UI\Panels\StatusPanel.cpp","51","58A3B7BCA09CE272BBBEB1946A4CDAC067680C9DAC8CF0DE9A0EC4C33EFB562F","2026-09-22 09:44:14"
"src\soloide\UI\Panels\StatusPanel.hpp","61","D1C44A0262CE4A02AB06567E157F5EB0DD56BD38E82AC8281B3DE1EE60190EE4","2026-09-22 06:10:42"
"src\soloide\UI\Panels\TerminalPanel.cpp","53","63DF974BB18EF2C1A38715CB47F27A5E3B40E41FECB18316B63FFE1C77E0BD3D","2026-09-22 09:44:14"
"src\soloide\UI\Panels\TerminalPanel.hpp","61","D1C44A0262CE4A02AB06567E157F5EB0DD56BD38E82AC8281B3DE1EE60190EE4","2026-09-22 06:10:42"
"src\sovereign\AgenticEngineSovereignHook.cpp","58","FA5E0ABA5E0F023EAA856809C8F820DD13B397CFD73480460784712D8FB5B740","2026-09-22 09:44:14"
"src\sovereign\AutoRepair.cpp","42","F980ECB22A3A8B7722758BD5349CA8B14570CF059FE964A5FA555625AB2DB018","2026-09-22 09:44:14"
"src\sovereign\AutoRepairEngine.cpp","48","5F2E14741F9476126ACFD014375C687804EB957BA167BCA809EDFA08E9224482","2026-09-22 09:44:14"
"src\sovereign\Beaconism.cpp","41","07A0A20027F0A0DF4C7A7EF6C01E21DEAA551DF3186E31F7187294037405DF19","2026-09-22 09:44:14"
"src\sovereign\CrashRecovery.cpp","45","9CC286FA3978FDA7D5227DEC753A24F3DC0D437C1AFED55D41742908DA38B1B0","2026-09-22 09:44:14"
"src\sovereign\Deep2InferenceWrapper.cpp","53","4F9A31BE25BA79815097303E86A098F5057CD1380A37E90221C1785898391083","2026-09-22 09:44:14"
"src\sovereign\DistributedKV.cpp","45","699149E5B8B43BB1CD66C26E626E63B55BD30E037A131E8E19006492842494FC","2026-09-22 09:44:14"
"src\sovereign\ExecutionContract.cpp","49","4972426347A4D5698343D7970D5863C89CD43D725727CDDB06A402CF8EF823CD","2026-09-22 09:44:14"
"src\sovereign\ExpertSharding.cpp","46","426CF8C3DBB7DB98C9755F4A292550B3FF2C653244C0C783B0FD2A0D2173AF77","2026-09-22 09:44:14"
"src\sovereign\HealthReport.cpp","44","127C6130D27816C89DAD04871372CDA90B6D01ABE38F79BF1F03D08561CCD112","2026-09-22 09:44:14"
"src\sovereign\IDE_Lifecycle_Hook.cpp","50","6645FCED7FC4678A9FE76CA132D5DF92C472A4DD6FD2706B2CDFABEEA1FA621C","2026-09-22 09:44:14"
"src\sovereign\IntegrityChecker.cpp","48","3A5B3A5CF870D422721ACC400D1E59072B414F3279F7468B346E5907B33368EA","2026-09-22 09:44:14"
"src\sovereign\Profiler.cpp","40","81852532D1749A91B5CFCB0297193C1C338E72822D7BF373AEE71EEAD2C6CD8C","2026-09-22 09:44:14"
"src\sovereign\rawrxd.cpp","38","2161E1708E4E3E7609C7468CCD6E3A0BCBA42A764F038F1B0A495072933672F4","2026-09-22 09:44:14"
"src\sovereign\RawrXD_SovereignStatusPanel.cpp","59","3FCF31F912653D8F215903A92CC9BCBF2DC3283B15B0763262049A8F5F0F3F22","2026-09-22 09:44:14"
"src\sovereign\rawr_transport_strict.cpp","53","0450567BDB9DAF280C8A778111CC0B5E1A3B50C3B1126D0EC7FD6E474101CF99","2026-09-22 09:44:14"
"src\sovereign\SovereignCheckpoint.cpp","51","AB93D0075775071F595AF140B6B0E4F109DC410285AEAB7A2DFF713B6965F8A9","2026-09-22 09:44:14"
"src\sovereign\SovereignCoreWrapper.cpp","52","3FC1D3311805C32A09632ABB34010E5327BA73D2D4F4E42BCBB7B1EEB324619E","2026-09-22 09:44:14"
"src\sovereign\SovereignDenseEngine.cpp","52","C6AEE6D404545E0F6E3A9BB5482FAA3A15F5C7EE5476D692AA1768B825EC7318","2026-09-22 09:44:14"
"src\sovereign\SovereignEventBus.cpp","49","6BC68DB65113F607B7142D8B03D3326BA455E1259C3801474F88BA2346CBE6C8","2026-09-22 09:44:14"
"src\sovereign\SovereignRuntime.cpp","48","7ACE5A1B982BD5B76893108CCA8972060CC217C6E91DCD1456851ECC70E1F37E","2026-09-22 09:44:14"
"src\sovereign\SovereignVCS.cpp","44","DC2A517606D60572D9D492ADA4ABF9382806B0CEED4BB6A4406162B23F98B53D","2026-09-22 09:44:14"
"src\sovereign\SovereignWatchdog.cpp","49","F3C399426DB378BE361B66DD1F3DC7AB17C44E1D459C491258996BBCC519DB4B","2026-09-22 09:44:14"
"src\sovereign\StressTester.cpp","44","1A4158836823727DF0E8E0D0D88D9276B01ADCEBBEE91903C10B5C6323DA1055","2026-09-22 09:44:15"
"src\sovereign\verify_integration.cpp","50","D1C17B02789840EA684749B70617B95C8B14A6BC504720CB0619F3CC7C05A0A2","2026-09-22 09:44:15"
"src\sovereign\agent\AgentGraphRuntime.cpp","55","14D03DFEB2E3A29D3644FC68DF41C03AECD17F00FA4EAD926F109A8EAB0D3AD1","2026-09-22 09:44:14"
"src\sovereign\agent\AutonomousAgent.cpp","53","192BFB78AE883752CFF010D7CB63E77C069292E1D19A8ABA2BCE80A7C3E741B1","2026-09-22 09:44:14"
"src\sovereign\awareness\SystemAwareness.cpp","57","C8D1114A8BF40C46ED49A3B7733EE81DD2B8A5825961DCADEA6183B4A635C902","2026-09-22 09:44:14"
"src\sovereign\build\BuildStateGraph.cpp","53","488774A6695DF794A51FAE8C977F2DD9E95A2A55DCF9DA309EEE2B62DC7E2332","2026-09-22 09:44:14"
"src\sovereign\bus\BeaconBus.cpp","45","941EF3E02D81FCC5913174E38B2B7F3D9EB385933AB144F0D3546DBBA0F510D1","2026-09-22 09:44:14"
"src\sovereign\bus\CapabilityBus.cpp","49","741FBBCF9CAFD5E901CE104AB9BE0039FC23F26A222E18A39DA666ABCF1C0A6A","2026-09-22 09:44:14"
"src\sovereign\capsule\ExecutionCapsule.cpp","56","4AB3A1A5B48E42DB7B46A079C7A5FE739A8BEB42F8434BDBD52705AB7B88BBCA","2026-09-22 09:44:14"
"src\sovereign\compression\IntentCompression.cpp","61","84C1B329F92574EE4C806CB83F49AC76D0738AC20221EBA5E5B0493E8340A7CD","2026-09-22 09:44:14"
"src\sovereign\control\SovereignControlPlane.cpp","61","4BB6322E127FD343998ECECC5C82DD5E2487CDA82B5D7F3C84AE6038B81FDE81","2026-09-22 09:44:14"
"src\sovereign\ide\SovereignIDEIntegration.cpp","59","7FA987423C756113152B94E4516E7B30F27ACCAE1ABE9B3CFFD9BECB0F4D2681","2026-09-22 09:44:14"
"src\sovereign\introspection\SymbolTableGenerator.cpp","66","1EB9F7E98AD9435A03769C28D7177A923F1590C55C4FEC97C34DB63DF06EAD88","2026-09-22 09:44:14"
"src\sovereign\patcher\HotPatcher.cpp","50","4C0E9CD33B0284924B906D835CFE7512CED3F1497E3B3FAE91C3FC8A443D3C5E","2026-09-22 09:44:14"
"src\sovereign\puppeteer\AutonomousPuppeteer.hpp","61","D1C44A0262CE4A02AB06567E157F5EB0DD56BD38E82AC8281B3DE1EE60190EE4","2026-09-22 06:10:42"
"src\sovereign\puppeteer\JITAssembler.cpp","5339","38A0AA2C885D5DD4E888A37E0FC0543B188B5F85B4E44456D8FD7D179A3D434B","2026-09-22 11:48:38"
"src\sovereign\puppeteer\JITAssembler.hpp","3141","68B6F511CB18346BDBE4897FB560763A7C001D0AED7D22272992F98CFD102909","2026-09-22 13:09:12"
"src\sovereign\puppeteer\PuppeteerAPI.cpp","54","A9C17F9DEC2CF26416BE5BF25838F78CAB9F37FF1424307AF68170448FCD51EC","2026-09-22 09:44:14"
"src\sovereign\puppeteer\PuppeteerAPI.hpp","61","D1C44A0262CE4A02AB06567E157F5EB0DD56BD38E82AC8281B3DE1EE60190EE4","2026-09-22 06:10:42"
"src\sovereign\puppeteer\SymbolTableGenerator.hpp","61","D1C44A0262CE4A02AB06567E157F5EB0DD56BD38E82AC8281B3DE1EE60190EE4","2026-09-22 06:10:42"
"src\sovereign\puppeteer\VEH_Watchdog.cpp","54","B65D27F4CB884438B2AA4AF6F5E91FD129463A76E107917CC9513C283052CC4C","2026-09-22 09:44:14"
"src\sovereign\puppeteer\VEH_Watchdog.hpp","61","D1C44A0262CE4A02AB06567E157F5EB0DD56BD38E82AC8281B3DE1EE60190EE4","2026-09-22 06:10:42"
"src\sovereign\recovery\AutonomousRecovery.cpp","59","4E7A681C2B77E88BE856BCF630C4A5DF8BD5B85327BA0AA137F4A4E221E8CFB3","2026-09-22 09:44:14"
"src\sovereign\session\SessionStore.cpp","52","9F2837A962BFDF3C50A194D2C171B5852DFCB906593010C39FE23D8DB053F7F3","2026-09-22 09:44:14"
"src\sovereign\spine\ExecutionSpine.cpp","52","F85BB4A298A1EA7E56F5A6D0637DC0D10A3402CC1B7B11F06435EC32E336DD32","2026-09-22 09:44:14"
"src\sovereign\terminal\TerminalOwnership.cpp","58","0EC48BACD8BCC51CCD3E49D69AE120787A74D4E7B7E61C70492377E64668CDB6","2026-09-22 09:44:15"
"src\sovereign\tests\SovereignTest_AntiHallucination.cpp","69","E2C11A8D8D75C977B875C2A46FF861103F256BC85E8C1441A43EDE5898518DDD","2026-09-22 09:44:15"
"src\sovereign\tests\SovereignTest_AtomicRollback.cpp","66","B8284229AF0C6CA9D6AF1A2A6232B65312BA6D3EDBE6B30AA7B5C4E421000A25","2026-09-22 09:44:15"
"src\sovereign\tests\SovereignTest_AutonomousAgent.cpp","67","1FA383AF2869E9B0F58D62E0418FABD3FDA0F899B1ED299DADF9791ACB1E86D0","2026-09-22 09:44:15"
"src\sovereign\tests\SovereignTest_CacheCoherency.cpp","66","DCFCA2C60DC8B8BFCA7C2625B7BE7625D6D3716157AAB46E8ACF8388480A0794","2026-09-22 09:44:15"
"src\sovereign\tests\SovereignTest_Correctness.cpp","63","37CB9092A76E95A71D6951B3CA22514E09126BB45D4D8E4333A5C3C22D4948A0","2026-09-22 09:44:15"
"src\sovereign\tests\SovereignTest_Deep2_Batch.cpp","63","2B4639562408243310899E7017AFFE71C5E3A0E376269A5F456526BE9A9A6085","2026-09-22 09:44:15"
"src\sovereign\tests\SovereignTest_HotPatcher.cpp","62","59F1D5B66515CEB7AABD9237D75BF0F3F53C47C260F1C621BEB9194106AA75B8","2026-09-22 09:44:15"
"src\sovereign\tests\SovereignTest_Main.cpp","56","B67354E29CCF03B9AD06F3E4F521C917BC1EA603F6DD80CAD1C828C0E10D2E8E","2026-09-22 09:44:15"
"src\sovereign\tests\SovereignTest_PatchRegistry.cpp","65","06598613C32F68432E2C21E738F5488C38F459232D51757951DB0A5BBDB46CD3","2026-09-22 09:44:15"
"src\sovereign\tests\SovereignTest_VAL038_E2E.cpp","62","E9F50E6B8641C1A5AA30B4DACF3ECAEB4E717A46C46D91DB3194450105DE10E9","2026-09-22 09:44:15"
"src\sovereign\tool\ToolRegistry.cpp","49","73B2597DED6157118017133BD67F098D706FC94014525FB1DE7A1BE626760C86","2026-09-22 09:44:15"
"src\sovereign\validator\RealityValidator.cpp","58","6CB7010ECB9125D7811AB6231729A4701AD0B9AEE01BD50EE90D7BAEEB00DF9E","2026-09-22 09:44:15"
"src\sovereign_autonomy\SovereignAgentRuntime.cpp","62","442D40A1AE8D60936D7B54F48790A8D003A5872F2A915F0C1173A5D4562B5EB0","2026-09-22 09:44:15"
"src\sovereign_autonomy\SovereignBlackboard.cpp","60","AFD5D5C34DAAFE65411DE12BB758B8143CAE8121583FD32FD2E1A9AD09874794","2026-09-22 09:44:15"
"src\sovereign_autonomy\SovereignCritic.cpp","56","2AB5E28C527C3C340B53149685E865936DDBB708F168EEF2328D4A70356FCA5B","2026-09-22 09:44:15"
"src\sovereign_autonomy\SovereignMissionPlanner.cpp","64","D548F00B49E54B6746236617E6D56050F702D436ABB6C07017C147E65E0F9A45","2026-09-22 09:44:15"
"src\sovereign_autonomy\SovereignReflectionEngine.cpp","66","C947B9DB626F04821023707046CC39FBC4139F01D5740BB8F7244493C248FA80","2026-09-22 09:44:15"
"src\sovereign_autonomy\SovereignTaskGraph.cpp","59","A0B982D619683F5B825C61C54C95B87CFCA8D7D899AE62998167405000544AEA","2026-09-22 09:44:15"
"src\swarm\ArchitectAgent.cpp","42","7B7CBAC1820DF98041CA919ECEEE278C87A351D53318EE6F3D9E7BFE118FD704","2026-09-22 09:44:15"
"src\swarm\BackendCore.cpp","39","A4CF2C9B30B98CACE1BB2E01E2B5FC4E1427D571FFC066B810EAB1B4ACD51026","2026-09-22 09:44:15"
"src\swarm\CinematicVibeEngine.cpp","47","0CE80B7B130361D3ED5AB24D69776133358F07F024668AEF6192B2A5496FD09D","2026-09-22 09:44:15"
"src\swarm\DeepContextManager.cpp","46","AE5F520F0F28F2571BD8B2B9BDD69FE9BABC24D361659E845A9964EE0CB99C65","2026-09-22 09:44:15"
"src\swarm\FrontendSquad.cpp","41","155530B8E27D4D7BE460FF488A2A894C1E44658A5D3F7A1E042DF9C48AF96907","2026-09-22 09:44:15"
"src\swarm\IDEIntegration.cpp","42","977BAA8BD5BD8D3687EFD497F51603E7C4AB6AD8D98FA4110A4E480D2C04A7C4","2026-09-22 09:44:15"
"src\swarm\InfinitePerfectionTelemetry.cpp","55","B89C79BCAA0A23A24E1346433C8F9D08C8E78DD2EAD25094882F15E0A7D1D3AE","2026-09-22 09:44:15"
"src\swarm\InfinitePerfectionTelemetrySQLite.cpp","61","3CDA4D86FAE397A48861D9B55D2DF275D83D0957E4A7B7B9D3B6A118482CFE2A","2026-09-22 09:44:15"
"src\swarm\KimiSwarmOrchestrator.cpp","49","546716EC0571C0F3C3C89ABBB1BB9F2779065AECB9C49C58C6D57B8D845DE93A","2026-09-22 09:44:15"
"src\swarm\LearningSimulator.cpp","45","9AAE5C5DEDB47312BF9955760C41E14421BAC6FD706773C6AFA79E1EE67B376F","2026-09-22 09:44:15"
"src\swarm\LegacyRefactorModule.cpp","48","6D225A62858788DBFC6E5F938F046ABC8790D6CC118A5957D651C97EC30DFDFA","2026-09-22 09:44:15"
"src\swarm\OpenClawBridge.cpp","42","D595A2FC5411603C1731FC0DE82132DD47E728483A4E9D56FAFBEC7F830E4DA5","2026-09-22 09:44:15"
"src\swarm\QAHive.cpp","34","9EB7E6B6BDDF3F9BE6FD51F2438BFA773442718314D938923D654E3C6B7BE4F6","2026-09-22 09:44:15"
"src\swarm\ReviewerAgents.cpp","42","EF832A4CB13BED11DA31CEC90E6EF2B6B55B34B3101A54B5E31DCAA6DFAA5ABC","2026-09-22 09:44:15"
"src\swarm\SovereignSwarm.cpp","42","5FABD0FB7270667B7834D670B0CBF63A14581957FE9BFDA3D5BAF5FDB96E8814","2026-09-22 09:44:15"
"src\swarm\SwarmOrchestrator.cpp","45","7F4A66C86413D07E7A41966F310AC38D9A74855601116D318A5F46B3CD9FF4E4","2026-09-22 09:44:15"
"src\swarm\TelemetryDashboardServer.cpp","52","3D9F38557C56A9C6CCD8278602C0598CD3F63432A87929723F4109398204A5D2","2026-09-22 09:44:15"
"src\telemetry\completion_feedback.cpp","51","07D5BFC159234EFC4885376E911F2B983B86E18F196764B7CAEA3F795715C348","2026-09-22 09:44:15"
"src\telemetry\hotpatch_telemetry_safety.cpp","57","A814F8D5B7145D30BE1815929F8021DC27DD99AC449C9D737755A090DEE53155","2026-09-22 09:44:15"
"src\telemetry\logger.cpp","38","6C1DF0BF6FB0A2736D1DA5F56841375CC75D93D90594CC66189A329719C53B8C","2026-09-22 09:44:15"
"src\telemetry\replay_telemetry_fusion.cpp","55","D827BC8DA890950E72EC418CA4A2CC28115F02764975DA64EABD41BFC6205AB5","2026-09-22 09:44:15"
"src\telemetry\telemetry_export.cpp","48","BD87676373F8F48EBF86E314CC0F1174D55D34255D091E82494A1BBA18736E2B","2026-09-22 09:44:15"
"src\telemetry\UnifiedTelemetryCore.cpp","52","3D968576BCD39767BFD0DFC3359AE8A98B1A311906121D2BD5775D15C044EF26","2026-09-22 09:44:15"
"src\terminal\embedded_terminal.cpp","48","959104D01ADB171BFCE6873432FC963006E83186D230FB688FA5C88CA0FBC324","2026-09-22 09:44:15"
"src\tests\backend_orchestrator_shard_smoke.cpp","60","9C3654431C2C7DA31ED5789D8385F37B54D996C9DFA291BE858EBB6BE19542B9","2026-09-22 09:44:15"
"src\tests\backend_orchestrator_shard_smoke_stubs.cpp","66","B9D111D1562335968119201523BB74E85BA536AA226309AFF49984562DBEFC93","2026-09-22 09:44:15"
"src\tests\Deep2Engine_IntegrationTest_Minimal.cpp","63","A287966114B58E60699FF58549A643AC7A839C4AA26716B0C91AF384401AA45D","2026-09-22 09:44:15"
"src\tests\inference_routing_test.cpp","50","7A019BD1A6ACC4A71D0C033AECF8FC317985E4F7704F9F20A63293114221918D","2026-09-22 09:44:15"
"src\tests\SwarmSmokeTest.cpp","42","A2E3B2A09DFE4A10A7BCD8D96149386D1D4A4D57C876F7A674922F6D49464120","2026-09-22 09:44:15"
"src\tests\swarm_smoke_stubs.cpp","45","2A2FED9B599661CF07BA7DECD37CC893AF8C9188AAC3C1BFD3A60136605B3B2C","2026-09-22 09:44:15"
"src\test_harness\arch_cert_tensor_inventory.cpp","61","DBBAC13FDC9FFF124E3C3A5482580209073591EAE8A81DF17E1B97BA31269BF2","2026-09-22 09:44:15"
"src\test_harness\fwd_cert_001.cpp","47","6F63B33CB2CD83FE5AC9C4D195E1D42B47EDF8A159893414F0245BCCC2816AC3","2026-09-22 09:44:15"
"src\test_harness\hotpatch_e2e_test.cpp","52","A8E5E279740BDFE8F61BFBA07B79BF3D87EE27C757928B3CE35A1E6BB54C5A14","2026-09-22 09:44:15"
"src\test_harness\hotpatch_stress_test.cpp","55","0453EDFD064D3626A07901E8A7C06F80B0B5D47F84415BA352857EEB5ED4FCE2","2026-09-22 09:44:15"
"src\test_harness\replay_fixture.cpp","49","F6DFE4A8CCD7B03E1D7D782AC4E7F65A22C6AC63A4B620C5C612E7D4A8A0DA6B","2026-09-22 09:44:15"
"src\test_harness\replay_harness.cpp","49","6F97CB00E9E0016FC9A9894ACD16ABD1CF9E0080A513854DFE8CD7D51385231A","2026-09-22 09:44:15"
"src\test_harness\replay_mock_inference.cpp","56","D97CA3A2E27CE24BB2AA7640ED8A9420E8EE96C28294C0CD0FFFE547A7C66988","2026-09-22 09:44:15"
"src\test_harness\replay_oracle.cpp","48","9DD621E6A3DC2B2515BBB5FC8C7C5B7EEEC059F2588B1E01155BC6DD3402D4B8","2026-09-22 09:44:15"
"src\test_harness\replay_reporter.cpp","50","BDF936B02803776B04D2A63775A6E4A201B7671447B475C390EEC7C768DC2181","2026-09-22 09:44:15"
"src\thermal\RAWRXD_ThermalDashboard.cpp","53","F868CDF39DEA7FC2FF5AD9DC347F1C56FD5449E6305A32918611A23DF77C84D4","2026-09-22 09:44:15"
"src\tokenizer\gguf_embedded_tokenizer.cpp","28","1FE00CCEFE9D804F0D84DC0B8EB7DC20643F24A44B7B03561D6031D98E190015","2026-09-22 06:10:42"
"src\tools\fused_layer_benchmark.cpp","49","4F936D8194E362F2E372990CE16E08F3D21E6C74E8F82EF482C0D84A396DAD5D","2026-09-22 09:44:15"
"src\tools\gpu_benchmark.cpp","41","EAFCC2C8C6E3BABD6F478CDBCD887355D2049BF050793C9A3F3CEC872D051086","2026-09-22 09:44:15"
"src\tools\kv_cache_benchmark.cpp","46","983FAAC75C35255F13433855AF8FD0697620A5233554B8C454392692C11875E0","2026-09-22 09:44:15"
"src\tools\license_validator_manifest.cpp","54","6970C0E6D7096CD9395232D9E1047245633B2B86C975173F5B2CCA8059415115","2026-09-22 09:44:15"
"src\tools\model_analysis_cli.cpp","46","9F469B9AB08F6BBA1D2359B0C44D6D1EF98272016050F9FF77E2BDBEF4F79EFE","2026-09-22 09:44:15"
"src\tools\multi_model_benchmark.cpp","49","31FAD67C6DF839FD7D9397899AD43AECCA777984F35861F13D2589C3C540CD76","2026-09-22 09:44:15"
"src\tools\RawrXD_TpsSmoke.cpp","43","09D4870CF54C6B448F727EB85338B9CE3B26CDD9F52EFF3B21EEB81F5C37E911","2026-09-22 09:44:15"
"src\ui\agentic_bridge.cpp","39","F5A5ADD9D3E3ADD4895A3B26BC862DCD3A1D49E881B899F38868C7E0B5D1BEED","2026-09-22 09:44:15"
"src\ui\chat_message_renderer.cpp","46","EC17C636B51E5ACFEA4121BBC6CC2C1B6F6993B82FEBA50F74F24A6709D94B08","2026-09-22 09:44:15"
"src\ui\chat_panel.cpp","35","73A2A8FA30EE4A5BF7CF7E6912F11591829D1B7C71CB520B55C9C5C05CF99E4A","2026-09-22 09:44:15"
"src\ui\debugger_core.cpp","38","D1F217FA092D4D93A17E2006D7A46EEB3552A5292B48CB46F29B2A2AC3ACD451","2026-09-22 09:44:15"
"src\ui\entry_point.cpp","36","F8D1159C42DE7B3F2AFFBE200509C553BD322085793555E6F90C17F5DC966396","2026-09-22 09:44:15"
"src\ui\ExportBridge.cpp","37","6266A378764AB297B12EAE14867DF20CAD356AA7389EB39353C438048F9E2A61","2026-09-22 09:44:15"
"src\ui\ImportBridge.cpp","37","8566AD2D89E9CAD7A466CC2793298EACC77CF1005D55E46031676425F8FF3D45","2026-09-22 09:44:15"
"src\ui\interpretability_panel.cpp","47","9050EC632F2C1590B15D6DF4FB2F9402B26211C6655D6E30752BDBBC00D62788","2026-09-22 09:44:15"
"src\ui\monaco_settings_dialog.cpp","47","5EAC7922CEC8CE1D3CD72E10A230142E4C056A07D841BBA212ED20B2A1BFDACC","2026-09-22 09:44:15"
"src\ui\phase2_integration_example.cpp","51","5ACBB757DF752A9E1183388BBB8BCAA35D0432FF5C87C5D82881FFE23D1E5330","2026-09-22 09:44:15"
"src\ui\RawrXD_MainLoop.cpp","40","312BCE1F09E4B5B11197AA190EF241C2810580AF73CEB11D030011BAF2F2F637","2026-09-22 09:44:15"
"src\ui\tool_action_status.cpp","43","F6819CCED903719AE01548578C3B5EFAE0C9EBA2766F2CC37C659544D05EA259","2026-09-22 09:44:15"
"src\ui\webview2_bridge.cpp","40","3CAABC64EC9B187DA5427F21B21B275FCDFD1BFB47A2054DB2E8220E374090DA","2026-09-22 09:44:15"
"src\utils\Diagnostics.cpp","39","71A6D67BB55C415BBEF3F1EF4A2916D46F3A564EA2F83D3D1B1BDFB063376AEC","2026-09-22 09:44:15"
"src\utils\ErrorReporter.cpp","41","89503A4283726612392B39E9C8A6B3EE4413FD8F301C21C4CF89BA7530DC302A","2026-09-22 09:44:15"
"src\utils\Expected.h","6059","91509A2CA2AA4D160A88297C26EFE558F7BDFDC6439E694710BA1C7057DB029B","2026-09-22 06:10:42"
"src\validation\kernels","36","FC4325E484C0CCA4196985979958B12655F91A2BFDCBA7E6DCA9EE370730B84A","2026-09-22 09:44:15"
"src\validation\PatchValidator.cpp","47","E58B9C6F3A38E5ED6E949A964BD262FEA83C6D58FE87AB37E4E3D5574105855D","2026-09-22 09:44:15"
"src\validation\witness_system_test.cpp","52","53749B42A422CA6B1F14CA75FB6F99054668DF8534486F02E36036DEF9D3488C","2026-09-22 09:44:15"
"src\win32app\AgenticBrowserLayer.cpp","50","0F1D88927CCAE04BC6895F464F2FFB17F899A1963CBAAF862C0EDA5E056CFB1A","2026-09-22 09:44:15"
"src\win32app\agentic_bridge_headless.cpp","54","1282E344F0BFB9E555FC10BDB11859924BDE0617034C5EF0308DD7F5EA3F9209","2026-09-22 09:44:15"
"src\win32app\ai_workers_queue.cpp","47","439447231B747A60A6D53FEBE38AFD545C7E1535A0C5B6D8F7F5769E4FFA87C9","2026-09-22 09:44:15"
"src\win32app\AutonomousAgent.cpp","46","4A36DA5A191ACE83E5BF834A6E4CE497C8B8300F3F2C3F4BCA978F33B4039621","2026-09-22 09:44:15"
"src\win32app\BenchmarkMenu.cpp","44","A02580060A176BEE6AAA01BF87089A7B47418FA65B1577D4883B48FAC6A4E08E","2026-09-22 09:44:15"
"src\win32app\CICDSettings.cpp","43","01FF22B179AC2E9B2CBBBCCDC6CF1EB66FE50800A249D30297AFFD1CC9833311","2026-09-22 09:44:15"
"src\win32app\cli_main_headless.cpp","48","887519365FDD2A99A8FF260C73CC93CCDF49878B165FCC967BAED10FE9724C35","2026-09-22 09:44:15"
"src\win32app\collab_cursor_fallbacks.cpp","54","140BDDD6C99663AA4AF820505F9ED20D914255490A367C2343B6398A0B00FD79","2026-09-22 09:44:15"
"src\win32app\ConsentPrompt.cpp","44","222EB0843A1A44D6960299BAF734F680C6039D49518C2D6307071361176B804D","2026-09-22 09:44:15"
"src\win32app\EditorOperations.cpp","47","3886472C5A912B7C5ABA08EB6CDE79047F2553AE0A1286878C7B81991EBCA11B","2026-09-22 09:44:15"
"src\win32app\feature_registry_panel.cpp","53","D02DB94F2A2C7A2FB1A48B911205469952E67724012FFCAFF64390D63834305A","2026-09-22 09:44:15"
"src\win32app\HeadlessIDE.cpp","42","F0A1FA34BBA1C0542CE60FACD7F42A1CF66DDFD78AAA706BF9A16BD352D1914E","2026-09-22 09:44:15"
"src\win32app\HeadlessIDE_FileAliases.cpp","54","9CC74463460FC3B540B12B510B52E95E6FF1A92163C563C1348E5B1CDBD9D400","2026-09-22 09:44:15"
"src\win32app\HeadlessIDE_GuiRoutes.cpp","52","5E7B8A887BC95A82905003C7990C3E132DE4342B9EDAF068BAB61947649D7EE2","2026-09-22 09:44:15"
"src\win32app\HeadlessIDE_ToolRoutes.cpp","53","64D3A8F9689B6FCC4F0925905E1A3AEC783F7BBA0232457946D7D73CFA5D2CFC","2026-09-22 09:44:15"
"src\win32app\IDEDiagnosticAutoHealer.cpp","54","4854B46F3DCE61E45E4FEB3046B80F4A41C8C6B48122ABE7A3A810A3DFBAF490","2026-09-22 09:44:15"
"src\win32app\IDEDiagnosticAutoHealer.h","61","D1C44A0262CE4A02AB06567E157F5EB0DD56BD38E82AC8281B3DE1EE60190EE4","2026-09-22 06:10:42"
"src\win32app\IDELogger.h","304","0AA75233E5593BADD65323B2C22176E0F51453AFD6F8A7C25D80E250FDC6A2C3","2026-09-22 06:10:42"
"src\win32app\IMultiFileSearchWidget.cpp","53","6D884983D9AA98AA4590EC7147C2F42950A900DE3AA9D17789C343BAC044CF12","2026-09-22 09:44:15"
"src\win32app\IocpFileWatcher.cpp","46","11DDAE9CD6CF3E72657DD7C9376A914F333CAA647351602D89AF3AECBD698516","2026-09-22 09:44:15"
"src\win32app\IV280Bridge.cpp","42","0B44DBB8986E5F4CD857244E2E6610EEE7F708ACC7C5CD4CFF7A9EAC487B935D","2026-09-22 09:44:15"
"src\win32app\main_win32.cpp","1722","5CF794522EE3B3DACE178A34159A9CAE5569138575EFB0A8D30CF132F1C208CB","2026-09-22 09:39:34"
"src\win32app\OSExplorerInterceptor.cpp","52","D924D9EA867D5272C16F66A7B9015DC5C1AB796CF0B7C29776D99344AD071CF5","2026-09-22 09:44:15"
"src\win32app\p1_ui_encoding_cert.cpp","50","7E5FBC0A1B4A962C3364AD77074A53DB21F0102311C8F04FE1DEAE7375AFB8E6","2026-09-22 09:44:15"
"src\win32app\p1_ui_menu_e2e_cert.cpp","50","32F3F95EC85CB0973D2D2DC7A2C578A696EB49636D1B98CAF205314F13F9A740","2026-09-22 09:44:15"
"src\win32app\p1_ui_menu_lifetime_cert.cpp","55","98AFEFE8F03E38ABF5C0F6F87636A11A3BB025B26E1FDF16A8E163F8C3FD0199","2026-09-22 09:44:15"
"src\win32app\p1_ui_sidebar_encoding_cert.cpp","58","FDDFEE662F32F14EF528729323615C6AAA76FC3853990EAE64CC2DBEC7D27408","2026-09-22 09:44:15"
"src\win32app\RawrXD-Win32IDE.rc","45","65143725F929DAE34C35F3F6A20D005A12352BB61CD1FC3DB7D676896331B226","2026-09-22 09:44:15"
"src\win32app\RouterOperations.cpp","47","618BADE842B3CB5B529580A3167B39F1E59FD31DF0D3C2EB5531269EB3F83DD9","2026-09-22 09:44:15"
"src\win32app\rtp_protocol_fallback.cpp","52","068F4053E53F58CB1680B4481DA51C46E1C0C19F899E37F368F907EB104E4E17","2026-09-22 09:44:15"
"src\win32app\ScreenPilotModelHub.cpp","50","32468DBCE58841E8B777DF1AB03A4C358D8BBE9F6F89B0045558FA48140EACE1","2026-09-22 09:44:15"
"src\win32app\sovereign_gpu_link_stubs.cpp","55","F817EC309AADF11CD9B0E4A45E05924929ECB5A47E304A645788F11F07C9B5C3","2026-09-22 09:44:15"
"src\win32app\TodoManager.cpp","42","33A60AE4C204DE4ED79A61FB54F597813D862EBBEAECF0551862485C2BD28783","2026-09-22 09:44:15"
"src\win32app\TransparentRenderer.cpp","50","CE355652A859D8F5428AE7AE8550EAFAD1E9B7724D7C5C8A2FFF45414931250D","2026-09-22 09:44:15"
"src\win32app\v280_link_bridge.cpp","47","8ED93D2626C3F419CE3B939CD327731838279E12B97DEF8D83BC3A08C6D240F3","2026-09-22 09:44:15"
"src\win32app\VSCodeMarketplaceAPI.cpp","51","98D5FE70A7D4B8EF12F0F3B370F592C249500990F1C7DFE59A879418DB57D40F","2026-09-22 09:44:15"
"src\win32app\VulkanRenderer.cpp","45","F8D5E950C4F10F0D9D4A585892F729449A7BB34570D1AED4C10A0B72685CAD11","2026-09-22 09:44:15"
"src\win32app\Win32IDE.cpp","39","86975BAA85AF2F21EC4238387574144AEB353A337B22863200970AD130EAD27B","2026-09-22 09:44:15"
"src\win32app\Win32IDE_Accelerators.cpp","52","71A1F3C19AA28DDAB232A1BC6DF59D2257CAF6969497B3ABE8C6AA8808EFA233","2026-09-22 09:44:15"
"src\win32app\Win32IDE_AgentCommands.cpp","53","3C4FE1A3AFCB1AE62C71C6D572B2624C86AD08134921A555EF2F2BF0EBAC93A9","2026-09-22 09:44:15"
"src\win32app\Win32IDE_AgentHistory.cpp","52","3C845561E673136D3A4133B7AB89FDA8899ACA3AC663672B2905CC02EB8DF5EA","2026-09-22 09:44:15"
"src\win32app\Win32IDE_AgenticBridge.cpp","53","F0516293A9A2D9D6DC8B9A6A82DB9FBEB446D16113DE8F7BC5A1C31B14D602AE","2026-09-22 09:44:15"
"src\win32app\Win32IDE_AgenticBrowser.cpp","54","B703E8CCD4493F9F0005C18E0D0EADCDD06ACD442B6C1576794FB478E49E06B3","2026-09-22 09:44:15"
"src\win32app\Win32IDE_AgenticComposerUX.cpp","57","9B6785E6BE6ED13A8BD0297318BB60FC275BBC1AA6AF8C961151A97A6DD56A2E","2026-09-22 09:44:15"
"src\win32app\Win32IDE_AgenticPlanningPanel.cpp","60","510D32C47EC668CDB770F8EC0D290FDB3A61D4F53A032C25F12E622A2409F2AD","2026-09-22 09:44:15"
"src\win32app\Win32IDE_AgentOllamaClient.cpp","57","1A3A8E87194AFC6134DC9A03F06E39CDBB8E24267AB5110350864F365F551B93","2026-09-22 09:44:15"
"src\win32app\Win32IDE_AgentPanel.cpp","50","9522513D6B5CE6BD5EDF18DB03E0C5E99B3D750367A88C3F309797C19A63CBB9","2026-09-22 09:44:15"
"src\win32app\Win32IDE_AgentStreamingBridge.cpp","60","EE33D948C34D4006E09BA90A7F9428927CAD8C94BA301DE99FAE38B4AA96AD02","2026-09-22 09:44:15"
"src\win32app\Win32IDE_AIBackend.cpp","49","C4AA57F02DC83078684A8493B70ED7F90C9A0AFA76F97AE315D39F37FD8434AE","2026-09-22 09:44:15"
"src\win32app\Win32IDE_AIReverseEngineering.cpp","60","EB379DBF3B50BA1CF00D7B9DD90E6C32E3D098FCC6FE147B9AF49C1840E55805","2026-09-22 09:44:15"
"src\win32app\Win32IDE_AirgappedEnterprise.cpp","59","EA1A121FD03884DFF91918C485618D8E1F3B16D51C43F46DD0C7DA292685DDEE","2026-09-22 09:44:15"
"src\win32app\Win32IDE_Annotations.cpp","51","BC4FF359036230040F07C9D622D994620E36F83081422AA0AB5456433A7E57EE","2026-09-22 09:44:15"
"src\win32app\Win32IDE_AsmSemantic.cpp","51","F96AEA94B37C5405EA4EF57907B75BCDBA70ACCBEF11CD75FC5AE2D5232E9056","2026-09-22 09:44:15"
"src\win32app\Win32IDE_AuditDashboard.cpp","54","BAECC662522F99C2F49CEAFA2C6A6A2F7AB605ADBBA35E751FC7A9237A96924E","2026-09-22 09:44:15"
"src\win32app\Win32IDE_AutonomousAgent.cpp","55","9EF99A290B2BA404F8A0085FBF2436EED0861582EF8615FD558DB2C22C12A956","2026-09-22 09:44:15"
"src\win32app\Win32IDE_AutonomousCommunicator.cpp","62","C7E84F9FF8288106A35107BE3018F6782A39E5C7D75F41B7E245F682AE28FEFB","2026-09-22 09:44:15"
"src\win32app\Win32IDE_AutonomousDebugger.cpp","58","FABE03AACAAD082D64499612AC9D8E78A850A605F32C538199330E2E487887EC","2026-09-22 09:44:15"
"src\win32app\Win32IDE_Autonomy.cpp","48","79A5F42C4FFC8A313D115E27AB06F2AC060E2CB6AF835F84D18F41039A1B9556","2026-09-22 09:44:15"
"src\win32app\Win32IDE_AutoSave.cpp","48","0D1E35729CC3734642DE2D0F4A1E6DEBFB11CF13AD7DE9089995A254C7738457","2026-09-22 09:44:15"
"src\win32app\Win32IDE_BackendSwitcher.cpp","55","00CAAD7AE45B3EA4E0236B34EA0C383863A8D3CA5D5095B39C2A0B2E2A834D79","2026-09-22 09:44:15"
"src\win32app\Win32IDE_Breadcrumbs.cpp","51","7C763357B58E4BDC3F3471E48B4659E35CE29D2F9D11F5584CDD27D48C1BF0E2","2026-09-22 09:44:15"
"src\win32app\Win32IDE_BuildRunner.cpp","51","C35DD00301861841F635D4B0216C425947359AEE325DE4281D8D6BABF17F7523","2026-09-22 09:44:15"
"src\win32app\Win32IDE_CaretAnimation.cpp","54","B6B8DDC051774AF92B316B1E4919D0EC4FE4B1BFF1FA868FFCE684B16FB66920","2026-09-22 09:44:15"
"src\win32app\Win32IDE_ChatMessageRenderer.cpp","59","FDD39A718140EB91D18BC1AA7609A17E6BE6501D42A4C4F356B666719C7B9F05","2026-09-22 09:44:15"
"src\win32app\Win32IDE_ChatPanel.cpp","49","6416E977B12093E503CD53D261FFC7B8FD9CE4ABAB5D9B9652236610DF00D3C3","2026-09-22 09:44:15"
"src\win32app\Win32IDE_ChatPanel_Ollama.cpp","56","534741311550DA4F3D02E1B2868281523B7AA99E7A7D64A80A36878106DADB73","2026-09-22 09:44:15"
"src\win32app\Win32IDE_CodeLens.cpp","48","522F0918D73DAD9922B4A0AF4D196118E24A9F5CECB33F00DDC9D4D55D975E1D","2026-09-22 09:44:15"
"src\win32app\Win32IDE_Collab.cpp","46","9C75FB1AA7A1DD81C162050F7E66615E1CE8C7BCC7ECCE03A64DC1933E5D4F6E","2026-09-22 09:44:15"
"src\win32app\Win32IDE_ColorPicker.cpp","51","A7466C18D095CED3CE3430322C0B6E0D31355430D2D3A44F09F069FF2B45A089","2026-09-22 09:44:15"
"src\win32app\Win32IDE_CommandFlight.cpp","53","27E001D36F1183DFEBDE9CEA4914DA1A4D300E06CE0C7D7F096A580CA46FFCB8","2026-09-22 09:44:15"
"src\win32app\Win32IDE_Commands.cpp","48","756D03E30E3160017D6BE92007643EE26763591B5724F5FF99EB5BFD5AD2084E","2026-09-22 09:44:15"
"src\win32app\Win32IDE_CommandSurface.cpp","54","BBB6333F198B4381B8DB14414BDEFFEC7278C0835B0CB05A4C386F416127E52A","2026-09-22 09:44:15"
"src\win32app\Win32IDE_ConsentPrompt.cpp","53","1CA9EF84EF12BC03772FC07B86C6F22BFDF34C588991B5D17FA1B96C0E203519","2026-09-22 09:44:15"
"src\win32app\Win32IDE_ContextMentionParser.cpp","60","2B95FDBB13F4004066FCC765177BD7F1CC26E287232BCC8358D55AD92D46A0A2","2026-09-22 09:44:15"
"src\win32app\Win32IDE_CopilotGapPanel.cpp","55","C3ED04590126120B1CDA1540F0818E993A6D02DF9B9256CDC49C7ACF1868CEB5","2026-09-22 09:44:15"
"src\win32app\Win32IDE_Core.cpp","44","EFB81C5897917072BB8C366EFBC0381EC2BB1AD6535E41A18B4C458955BB1969","2026-09-22 09:44:15"
"src\win32app\Win32IDE_CoreRuntimeSpine.cpp","56","340FB0C867D87AD79CC512464D4270016555C9AA6C9174DAEC18EA6F752E8096","2026-09-22 09:44:15"
"src\win32app\Win32IDE_CrashReporter.cpp","53","0E50B6665B4C05AE1A98D4351B849C65CC4DC3AD7475DF6A0F1AEBC86A5DC6C9","2026-09-22 09:44:15"
"src\win32app\Win32IDE_CruciblePanel.cpp","53","1B8AC39F931F5D64E1A3042ACF315E4F303701CAF2CA9FA87F7662154F55F19E","2026-09-22 09:44:15"
"src\win32app\Win32IDE_CursorParity.cpp","52","4BB117129D991CECBD224BFDABC135826060C66F902A74FBCA46A5CA02BEC58D","2026-09-22 09:44:15"
"src\win32app\Win32IDE_CursorParityBridge.cpp","58","0615DDC64F21F6451BFE5FD2CAA00B72FFA20F40E911E9D6B94E0E81CE701E69","2026-09-22 09:44:15"
"src\win32app\Win32IDE_Debugger.cpp","48","495360506FCF13A0C93DF9EB90398698E66CE78CFAB4FC835D7CAEB9D1EA4A5A","2026-09-22 09:44:15"
"src\win32app\Win32IDE_DecompilerView.cpp","54","54B0B200DC6A4975F6B68A6577100B3829124F87D11C325353902F1F96E275A0","2026-09-22 09:44:15"
"src\win32app\Win32IDE_DiffView.cpp","48","36423EB6E5971E8FA88FB3F3E3F1FE6819DDEECB6790FA39199BDF489C1D288D","2026-09-22 09:44:15"
"src\win32app\Win32IDE_DiskRecovery.cpp","52","C48568FE3AAB2BD56C8B55F453B465136D7273E42EC28BC0E4C41055394691DD","2026-09-22 09:44:15"
"src\win32app\Win32IDE_DualAgentPanel.cpp","54","DAEC99DA54D3FDF99BD2FECC929243DE1CE8388A0D1E05C09D6B071E6D18F80D","2026-09-22 09:44:15"
"src\win32app\Win32IDE_EditorEngine.cpp","52","8084D113311E94572F7BCC66EBCD467F586ED3829F869B5121A45EE31DCE851E","2026-09-22 09:44:15"
"src\win32app\Win32IDE_EmojiSupport.cpp","52","FA914DB01DB59BFFD2E84CC122B176E877559C6502E1EE9720731FDB0A65B77D","2026-09-22 09:44:15"
"src\win32app\Win32IDE_EnterpriseStressTests.cpp","61","55000B54765980BBC2423BB1A8C51975F0531531E9740A220A8022C2DECBA684","2026-09-22 09:44:15"
"src\win32app\Win32IDE_ExecutionGovernor.cpp","57","C391C65BDC9E5E4FA6137FBF1E816B7F049A7524330E6C106D8DBC709A789C09","2026-09-22 09:44:15"
"src\win32app\Win32IDE_FailureDetector.cpp","55","206C50078A6CCD08D8380C2FB8D871587B5208C1F6FCE72BE78710E7A27E9D47","2026-09-22 09:44:15"
"src\win32app\Win32IDE_FailureIntelligence.cpp","59","706F4593FA905C4D6DCAE03DD27880CCE7133C48EBAADAB97376D3756A6B54AF","2026-09-22 09:44:15"
"src\win32app\Win32IDE_FeatureManifest.cpp","55","74C2DF05DBA206E4BB8898D38D6F7951DD7EA5356FB13EC8305A749797DD042E","2026-09-22 09:44:15"
"src\win32app\Win32IDE_FileOps.cpp","47","7CE473C3751700DDE16E5760C34E71A5FEC08BC3D5DB97C145CC0105787DF120","2026-09-22 09:44:15"
"src\win32app\Win32IDE_FlagshipFeatures.cpp","56","12AB87100D8FDDAE922D1828ADE82B49A49B756901EA3325A0846F53137DE51D","2026-09-22 09:44:15"
"src\win32app\Win32IDE_FlightRecorder.cpp","54","52B5E98C9098EF4F1151C35E7D1E676527745DC4B056B8E774429183533EF445","2026-09-22 09:44:15"
"src\win32app\Win32IDE_FuzzySearch.cpp","51","CF6F68D56ACB6B7E3304CFD0A85189F821DEB328A27FF02F383EF7971DFE459F","2026-09-22 09:44:15"
"src\win32app\Win32IDE_GameEnginePanel.cpp","55","397882312E3A8C560FC30EBD911656A585D9688E98BB3E0EF9C271525E608671","2026-09-22 09:44:15"
"src\win32app\Win32IDE_Gauntlet.cpp","48","223EF2433BEAEE5BCFFED3373699A6A93CE53B025BFD169ECAAD500CE51C765D","2026-09-22 09:44:15"
"src\win32app\Win32IDE_GGUFInspector.cpp","53","8C95706623DBB28E6482ABDD5FBA73B8FD86B2219F4EDA9BD5C6232C946C49FA","2026-09-22 09:44:15"
"src\win32app\Win32IDE_GhostText.cpp","49","32253189BFD8CB5435736B67AFC8362FD8A7349ABBD8FE83C360FBEE5A533339","2026-09-22 09:44:15"
"src\win32app\Win32IDE_GitPanel.cpp","48","591483EB65776129C86C61E17998EDC79D4FE45E7034D9D7697AF47F943ABB3B","2026-09-22 09:44:15"
"src\win32app\Win32IDE_GUILayoutHotpatch.cpp","57","EBE29924EA9DD33698EF8813BACC9347B3243D7338A960A329BBD6FFAC3EBA1B","2026-09-22 09:44:15"
"src\win32app\Win32IDE_HandleExtensionCommand.cpp","62","166197C92E0236172C4B635D4D39853FC311FB3A211C01F83B75071AD7496FE5","2026-09-22 09:44:15"
"src\win32app\Win32IDE_HardwareSynthesizer.cpp","59","59BD39283C45766EF5A82A3F09760554EF1F0428CC374408C4A760D93D55F0EF","2026-09-22 09:44:15"
"src\win32app\Win32IDE_headless_stubs.cpp","54","B99F828AC8139B01094E10CF1F58365AAA0978F64FA2F195ADBF4C1D593C8719","2026-09-22 09:44:15"
"src\win32app\Win32IDE_HexMagCopilotRoute.cpp","58","BAB59B2BBA379D769A78A667930BCFDD84E7310A8C64E540EF9EB1564BD9853E","2026-09-22 09:44:15"
"src\win32app\Win32IDE_HotpatchCtrlPanel.cpp","57","3CD2F8362353C5D57C6EB3AD114565D989418696BCFB8077C7E78DF4016167AA","2026-09-22 09:44:15"
"src\win32app\Win32IDE_HotpatchPanel.cpp","53","8384D31BA9A22F5F05F89F46EEA5CDD0EF4606375A9D25E4816C7B3083DE13B0","2026-09-22 09:44:15"
"src\win32app\Win32IDE_HoverTooltips.cpp","53","127535C46287E839D200F13D00EF3C30A2CFBCB04737A683443A63AF394591FA","2026-09-22 09:44:15"
"src\win32app\Win32IDE_IDEDiagnosticAutoHealer.cpp","63","CB7F3AFECBD8FD089A21B137F2478209108EF58EF616CEE8F53F5CCAF455F2B8","2026-09-22 09:44:15"
"src\win32app\Win32IDE_InlayHints.cpp","50","02919BC4BC0DD47760597992A5F334E9C43487C53D25C3B6E6D27956A1E939BD","2026-09-22 09:44:15"
"src\win32app\Win32IDE_Instructions.cpp","52","EE687B72F776B6644F206FC0CD93DC4614AC1788075560313F4F1A12C10D7E23","2026-09-22 09:44:15"
"src\win32app\Win32IDE_IOCPFileWatcher.cpp","55","248C6D23232AA847CCAB334CBB3ABE7546B2903452E1032EB06182202AF778FA","2026-09-22 09:44:15"
"src\win32app\Win32IDE_IRCBridge.cpp","49","2AAF183D79F36849B23E258205ADDE3EFB148E0F50B5B639BCAF4FC6539CC706","2026-09-22 09:44:15"
"src\win32app\Win32IDE_IRCBridgeCommands.cpp","57","CECF240B2AE384CACAD77EF57399457FE02015F77F298F4315A9EE00FFDB9605","2026-09-22 09:44:15"
"src\win32app\Win32IDE_LanguagePlugin.cpp","54","5BBA1E35DAF5D15B721444F8FEA76A05F341743BF35776784AAE96DB18EB13E7","2026-09-22 09:44:15"
"src\win32app\Win32IDE_LayerEviction.cpp","53","AF234B58EC4775ACBF50003EE0F198A330EA49E3DA5C7B4F6501B12A771FE685","2026-09-22 09:44:15"
"src\win32app\Win32IDE_LicenseCreator.cpp","54","8B3B9BFB2A6FC2059C17310329F2D7B9FE4324010362E2627EDA13D9248F44FF","2026-09-22 09:44:15"
"src\win32app\Win32IDE_LLMRouter.cpp","49","BB049DB7973CDC508431818F5567472315C99472FEB373ADD9C721D78462764D","2026-09-22 09:44:15"
"src\win32app\Win32IDE_LocalServer.cpp","51","74FFD3D534A51F33CC85657594E4530C7D82B3D5A1F9232DE18AE22034B6FC63","2026-09-22 09:44:15"
"src\win32app\Win32IDE_Logger.cpp","46","9B433E054F193159DD44A766C5DD0868D9DF3DF5B5F8BC04838EC154B6320439","2026-09-22 09:44:15"
"src\win32app\Win32IDE_logMessage.cpp","50","C4AE9E918922541ABFB114189D80E3C381DCC6998DCDF816B362A5461414D62F","2026-09-22 09:44:15"
"src\win32app\Win32IDE_LSPClient.cpp","49","866DEC51A4F27EBBBF91502E35D2DCFC65C4B72212D3AAC2E1C24500E7193B3D","2026-09-22 09:44:15"
"src\win32app\Win32IDE_LSPServer.cpp","49","104656C97191BDDC77523231F322AB3CB2BAF53ADEE383B0D8B5629930093982","2026-09-22 09:44:15"
"src\win32app\Win32IDE_LSP_AI_Bridge.cpp","53","C0C03B79180C1DB534D113011394DDC2E66A47DFCC6DD524BF8CF5B92E9AA0EC","2026-09-22 09:44:15"
"src\win32app\Win32IDE_MarketplacePanel.cpp","56","2B93EA32D2E456D9D8F94671A840CBEF1B94EFDC2A966FA192DBBF8FB875D3F5","2026-09-22 09:44:15"
"src\win32app\Win32IDE_MCP.cpp","43","5AF193B9D876BFA7B0B833674D7ED177B6E378CE41AE3BB7E3A7461654661816","2026-09-22 09:44:15"
"src\win32app\Win32IDE_MCPHooks.cpp","48","29F4F1BB4C4B437800602720B145B04055F50ED7FEFD763BD090CD0F18B63A80","2026-09-22 09:44:15"
"src\win32app\Win32IDE_MenuE2eProbe.cpp","52","4A09BE3D1106E0A08596486DBA75492C03FEF5BD16931A3EE27FF0AAFE02DC71","2026-09-22 09:44:15"
"src\win32app\Win32IDE_MeshBrain.cpp","49","72F836ED9FE96E92333517CC28C2C4D5D916D0DEBA0330008DD03D95D78255F5","2026-09-22 09:44:15"
"src\win32app\Win32IDE_Minimap.cpp","47","DC6F6F37DD1EA11C44C21257FC5ADD057C268567C0BDFD3965C5787AEEFC3A77","2026-09-22 09:44:15"
"src\win32app\Win32IDE_ModelAnatomy.cpp","52","6D76A6F3B87442CFC01199183678C2661CF0BABD32C630FBB04676B94BB8BA92","2026-09-22 09:44:15"
"src\win32app\Win32IDE_ModelDiscovery.cpp","54","D5E8C58AF7FDBD860249C20918876E14F9E2675B39A9A78EC1995CDC5DBB88FE","2026-09-22 09:44:15"
"src\win32app\Win32IDE_MonacoThemes.cpp","52","2E8300D3D6E1024A8D7A389A10242E5716BEF4B421DB38C0787536915F449D1A","2026-09-22 09:44:15"
"src\win32app\Win32IDE_MultiCursor.cpp","51","B58DA1566436D536C076CCBE602AFBDD8E83C1BEAD63A74F11C672CDB6EB0FD7","2026-09-22 09:44:15"
"src\win32app\Win32IDE_MultiResponse.cpp","53","6EFDEFB0193F2CC1A36829ACB2998349E8942C023DF3A1391D77663E75CD82EC","2026-09-22 09:44:15"
"src\win32app\Win32IDE_NativeDebugPanel.cpp","56","4B32394C7C0C8B619E0DCCAF5807AD4239DFFA691E6E1C2038A58F906AD73B85","2026-09-22 09:44:15"
"src\win32app\Win32IDE_NativePipeline.cpp","54","29F6FAF1C52411AB1CAEF9B4C0D4ED852C6AD01E419D901807153E32C7325FF3","2026-09-22 09:44:15"
"src\win32app\Win32IDE_NetworkPanel.cpp","52","5D8F54FFFCABFFBB7BC4938C4253BBE2444E6420C875E6B14D22B678EE42A342","2026-09-22 09:44:15"
"src\win32app\Win32IDE_NeuralBridge.cpp","52","68E99E2A91D7941AF114C8B01B7281F2114B58933BCB965FF2192905F16273F3","2026-09-22 09:44:15"
"src\win32app\Win32IDE_OmegaOrchestrator.cpp","57","7D03FF8672295AD0147ECAD3885FCBB77B400E329DF0EA15DD72E78DA1C955AF","2026-09-22 09:44:15"
"src\win32app\Win32IDE_OSExplorerInterceptor.cpp","61","E4ACFF17626C27D7A283CDF7037E77E671DCBE84C9B6AE2A9145C539B5C64603","2026-09-22 09:44:15"
"src\win32app\Win32IDE_OutlinePanel.cpp","52","72B3790FD76D0B361B02F50255FDA27FC9D95AED90694DCA5E16D78B587F386A","2026-09-22 09:44:15"
"src\win32app\Win32IDE_PDBSymbols.cpp","50","B2D1C0B721B51AD87EF98BFFE1EC6FB38D09935C4AC9DDB6EEA09FE0C850D12D","2026-09-22 09:44:15"
"src\win32app\Win32IDE_PeekOverlay.cpp","51","9DF071A7471262B433E57F244766680E24476642FB4150786E0769A7420E5BAA","2026-09-22 09:44:15"
"src\win32app\Win32IDE_PeekView.cpp","48","74929D0928097A86DFB6B517754E18BB86D1E55EC6F827408C04F13701BB3BBA","2026-09-22 09:44:15"
"src\win32app\Win32IDE_PerfTelemetry.cpp","53","1529B07C67A21159E639340B9599D392816D6F44CA0704FC5FF70123D73C0881","2026-09-22 09:44:15"
"src\win32app\Win32IDE_PipelinePanel.cpp","53","622F6C9C20945149E3537F7F0AC55D8772D72E30501460EF986DF7B4B5536A59","2026-09-22 09:44:15"
"src\win32app\Win32IDE_PlanExecutor.cpp","52","B8B36ED957B1D831D333E523B810A4DEE7A745D686F4585F5743477992BC5C14","2026-09-22 09:44:15"
"src\win32app\Win32IDE_Plugins.cpp","47","67925E81B728076A2266D22B6E995C87BFF459FD2119D1842A944205C6B8E0F3","2026-09-22 09:44:15"
"src\win32app\Win32IDE_PluginSignature.cpp","55","77B6AB779763ED9BE9F67E7B21C7E06847140AF3F5627B23D5A0FEED553BDAB7","2026-09-22 09:44:15"
"src\win32app\Win32IDE_PowerShell.cpp","50","4CB9DFE9BDCAB6CC9EA5F38AA400266F1CD8D22880FB98241BC6F387A5A84E21","2026-09-22 09:44:15"
"src\win32app\Win32IDE_PowerShellPanel.cpp","55","5FEE856624D5DDC8B12FAFFF23E1FE4157ABFE87B8BA165D7CDDAA684F132623","2026-09-22 09:44:15"
"src\win32app\Win32IDE_private_stubs.cpp","53","EAB7C2C0C7CA0D4C295DADAA703250A9811A2129DDB6BA7F03654EAB890A5FE4","2026-09-22 09:44:15"
"src\win32app\Win32IDE_ProblemsPanel.cpp","53","AAB98CBE442FE48B2231EBEE207BBF0455161923A5A1AADDC22D7E30FF4A98D0","2026-09-22 09:44:15"
"src\win32app\Win32IDE_ProvableAgent.cpp","53","78D1BA4498ED7BD83B19000B115FF0AAD08CF9B6FE951ED3EFF5823FF39CDE9C","2026-09-22 09:44:15"
"src\win32app\Win32IDE_QuickWins.cpp","49","4453DDB7C3FAD9CBE4870317E42B760BD2C14BDC1B1C5520F81C2462E5C1EDE9","2026-09-22 09:44:15"
"src\win32app\Win32IDE_Refactor.cpp","48","7971686324A400BE8CBAA0EEDC871E62015D60BFB8214AFB6871309DB1BD964C","2026-09-22 09:44:15"
"src\win32app\Win32IDE_RefactoringPlugin.cpp","57","0F8D52E53BB3CDA11B5D6C3DFAF321B0980037242927912DA55557AB42AF5AAC","2026-09-22 09:44:15"
"src\win32app\Win32IDE_RenamePreview.cpp","53","84E4E8B490DC7326F23356FE5B82B41A228689376C2E3D7382C7636FED380C7F","2026-09-22 09:44:15"
"src\win32app\Win32IDE_ResourceGenerator.cpp","57","298495973F56F38EBC711EC73894D2DE0EFDD720ADA436687ED14C19EBF1F095","2026-09-22 09:44:15"
"src\win32app\Win32IDE_ReverseEngineering.cpp","58","9AA831C745180343A2B3E6A7894DE330805A9A6B2A24795B74C17FBA2C3A4375","2026-09-22 09:44:15"
"src\win32app\Win32IDE_SearchPanel.cpp","51","1719A093AA3426E89D7923F8C4A79C8E5BC6EB638619202C9E3CCED3A6161C97","2026-09-22 09:44:15"
"src\win32app\Win32IDE_SecurityScans.cpp","53","7DB1FB2A2F22392AF86BA8A226817022DC895B1DE779AF5D431E15E518BD355F","2026-09-22 09:44:15"
"src\win32app\Win32IDE_SelfHostEngine.cpp","54","45577A71B380016FA893904359056754313319BF9E91283F4473614564FA2F0C","2026-09-22 09:44:15"
"src\win32app\Win32IDE_SemanticIndex.cpp","53","F88ADE21532FDD1F9C7261FA0B7B2A348DD68A663D8A0356FA52AD9AB815387E","2026-09-22 09:44:15"
"src\win32app\Win32IDE_SemanticPanel.cpp","53","31547C6D8863216399FA3C774E2FDE1C550A528749708AE61D3F9449275C8673","2026-09-22 09:44:15"
"src\win32app\Win32IDE_Session.cpp","47","7250BE151D43021A22166757BBF6EB3442CAA4BFB65D37A3AAB05C5EFCC60CB5","2026-09-22 09:44:15"
"src\win32app\Win32IDE_Settings.cpp","48","18DDD2695A0EE252C3F8C86EFE89D920D10BAF742F87CA18309D53242A1308BB","2026-09-22 09:44:15"
"src\win32app\Win32IDE_SettingsGUI.cpp","51","F5C0F89EAC3CFA6A7DC51ADB89D0468EF4C5BCBE5760CB62ADAA9D92B3473D82","2026-09-22 09:44:15"
"src\win32app\Win32IDE_ShellLayout.cpp","51","820CAFAE2C3A4960F11C5F64549101CBA1F7E892615784460B1842FB0F43F7B7","2026-09-22 09:44:15"
"src\win32app\Win32IDE_ShortcutEditor.cpp","54","3F07386F46F1F2C717C63448EAEEE72F33A657231C2FD625064569A5080991F3","2026-09-22 09:44:15"
"src\win32app\Win32IDE_Sidebar.cpp","47","48CD3AFA2C86F8945DFDE78A5BF259B0042AAD1667C1F68B2DF3D47907E84C20","2026-09-22 09:44:15"
"src\win32app\Win32IDE_SnippetEngine.cpp","53","6F3C3EF8B677801C36D5D5A90F4CB905630CA9D1CEB31AD2012BA0B88DA14D2A","2026-09-22 09:44:15"
"src\win32app\Win32IDE_SpeciatorEngine.cpp","55","746A9096110A24129F183FC045D7ED62E21A08B65B994F2F9A94DEB7CD06F6DC","2026-09-22 09:44:15"
"src\win32app\Win32IDE_SQLite3Core.cpp","51","7C9CBED8BC38E08931EEB4ADCD1253AE50F526A3DA32BF92B848572780A08DF5","2026-09-22 09:44:15"
"src\win32app\Win32IDE_StaticAnalysisPanel.cpp","59","726EAE780642300F02D82C92CE2EEDA20AA57C2D2325BE14FDCE2DB3E6C7AA9F","2026-09-22 09:44:15"
"src\win32app\Win32IDE_StreamingUX.cpp","51","D03D58B005B990A7D94877A86657BDFB2B572608EC55F5B329109DAA33CEB5A9","2026-09-22 09:44:15"
"src\win32app\Win32IDE_SubAgent.cpp","48","A80F6B57ABF7D716D1A59FF8B19FD47D53FB900DB911714E0C9A6767BA146A7F","2026-09-22 09:44:15"
"src\win32app\Win32IDE_SwarmModelSelector.cpp","58","3204157F0F42400641D7C187806D9D9DAF93BF507331AFC3BFB124B2322581C0","2026-09-22 09:44:15"
"src\win32app\Win32IDE_SwarmPanel.cpp","50","680BF2874C4D79AE2A8B8EA00FC063C87AFA80DCDDB2D703246B4D2F7D4C1579","2026-09-22 09:44:15"
"src\win32app\Win32IDE_SyntaxHighlight.cpp","55","033437EC69DC90226ACEE72262834D2075E864896E0933629CE6AD7036E06F10","2026-09-22 09:44:15"
"src\win32app\Win32IDE_TabManager.cpp","50","FDDB329A3C8912C962FFD4181E97F1F6C14F4E9E14581BFFDBC32FA0DC77996C","2026-09-22 09:44:15"
"src\win32app\Win32IDE_Tasks.cpp","45","6CD0870D52E63028A7E641B60FC83E684BC72658BC730E78C374976701ADB9C1","2026-09-22 09:44:15"
"src\win32app\Win32IDE_Telemetry.cpp","49","40F2168D65002DDF7EF7680C22CFC96E0202B99C5416D52C3513F7C6766B553B","2026-09-22 09:44:15"
"src\win32app\Win32IDE_TelemetryDashboard.cpp","58","9574EBA77EDE017056A42DA95271986E4A686CD6C4768CB4185FBD4C8392C20B","2026-09-22 09:44:15"
"src\win32app\Win32IDE_TelemetryExport.cpp","55","2F65C598F478948054E48D2C26CCD5D789474075077E0F6A1BE6D6F34CA262FA","2026-09-22 09:44:15"
"src\win32app\Win32IDE_TelemetryPanel.cpp","54","789A329D344A89CD8DBA1DEF4C0ADBAB04F42263B79D514CE91F9533FC066DDF","2026-09-22 09:44:15"
"src\win32app\Win32IDE_TerminalSplit.cpp","53","C52593DABE4C1C5B02AC35EACB343B4BBFC81A29501B4AED5A9269814392CBE8","2026-09-22 09:44:15"
"src\win32app\Win32IDE_TestExplorerTree.cpp","56","BFBDA26AE40BA917EB09A91D683638E2439A9F64B9E5FB5F66634D4A21F87FA5","2026-09-22 09:44:15"
"src\win32app\Win32IDE_Themes.cpp","46","68F826FBD4CC8BD0B6B06674233B56A84EF7A800ECE435D6A6744EA3B7FA1648","2026-09-22 09:44:15"
"src\win32app\Win32IDE_Tier1Cosmetics.cpp","54","D41591C908F2D2B5BF24BE7B97994937B47FF0F356CF9943C25E19FF11094983","2026-09-22 09:44:15"
"src\win32app\Win32IDE_Tier2Cosmetics.cpp","54","562E69C80D7BDB89E003A00F4EBA3F284266923D97B867C7A0881A3221D7240D","2026-09-22 09:44:15"
"src\win32app\Win32IDE_Tier3Cosmetics.cpp","54","FF532FB272D8ED99B4E2FD1742D8C891E80DE1FADFDF1E30566277B03B190C70","2026-09-22 09:44:15"
"src\win32app\Win32IDE_Tier3Polish.cpp","51","B6BB0031EFC90B77B7491D30CCFCA78231EBDC0D67E26E7E7D422FDE974BCAA2","2026-09-22 09:44:15"
"src\win32app\Win32IDE_Tier5Cosmetics.cpp","54","7781C22FD053C29D151993A552563CE00CCDF0426B860446472A75ACA0E097C3","2026-09-22 09:44:15"
"src\win32app\Win32IDE_ToolActionStatus.cpp","56","682DFFF03C81ED8EBA78C1FB45E6FB40331C5E5AC05313F06EBDFBB631DC0513","2026-09-22 09:44:15"
"src\win32app\Win32IDE_TranscendenceCoordinator.cpp","64","BD1C4FDEB0D70E0A0934F9FBBD983C62E95666E89165EA428646C6F8E069A1D2","2026-09-22 09:44:15"
"src\win32app\Win32IDE_TranscendencePanel.cpp","58","D7B9634B8263A58EACEF93C4DDEBAFA174E4423AE4DC5BFAFF1EE50BE30A4E1C","2026-09-22 09:44:15"
"src\win32app\Win32IDE_UnifiedTelemetry.cpp","56","E532FA0101005266A5169D8962016073260890793A569168209C1B51154AF6C1","2026-09-22 09:44:15"
"src\win32app\Win32IDE_UpdateSignature.cpp","55","C8A1E4545C3E4A08C237E6F1871C0B4C6652874543EAAD28AD7D247594B3A629","2026-09-22 09:44:15"
"src\win32app\Win32IDE_VisionEncoder.cpp","53","0C1FFCCB86D2BC0C2438E75DFF14763BD8D0FD5AB2C638A8CBE64F540C55EDC1","2026-09-22 09:44:15"
"src\win32app\Win32IDE_VoiceAutomation.cpp","55","996630F38468653CDB590C7A7D2C0C5B4513AD1383AD8BE93001BEA19F5EAE8C","2026-09-22 09:44:15"
"src\win32app\Win32IDE_VoiceChat.cpp","49","D71070A5D89B9302337A28326F54182932517B88FA3DF25F090EE10D0C5C28F7","2026-09-22 09:44:15"
"src\win32app\Win32IDE_VSCodeExtAPI.cpp","52","29A59876690C2733A176B655B75CDB3087A4312DB4FBCE13D149393259E1FA0D","2026-09-22 09:44:15"
"src\win32app\Win32IDE_VSCodeUI.cpp","48","212ACC23E95D53C158D070CA3E2601AAE94BE6CAEADBABB0EA194C9859BE963D","2026-09-22 09:44:15"
"src\win32app\Win32IDE_VulkanRenderer.cpp","54","FD2B18257B84B727465A85BABB3D58E391E0D722B0570627AA99192CD77152EE","2026-09-22 09:44:15"
"src\win32app\Win32IDE_Watchdog.cpp","48","174A290FA0155EDDCCC63F5C16ED75ED8F43D2AA808FCC8D6F12DDBBF08C255F","2026-09-22 09:44:15"
"src\win32app\Win32IDE_WebView2.cpp","48","ED02DA910D4DC788DDB71E9323153A7DA73402A271A78EFDE2248D7424B53B84","2026-09-22 09:44:15"
"src\win32app\Win32IDE_WindowOwnership.cpp","55","ED6A04E769BBA72B455F26758C401A2EBA9272BA8FA5D4269ABD3AD9A046D6B2","2026-09-22 09:44:15"
"src\win32app\Win32TerminalManager.cpp","51","446367E6C14A3EA0D57A48987DDF38DD253C7F693085CDF7235C0FDB39FF4E3B","2026-09-22 09:44:15"
"src\win32app\WindowManager.cpp","44","3CB80B11C147751DC5DF7487D766BE7A80FE8134F66318D32AC8704153704790","2026-09-22 09:44:15"
"src\win32ide\GhostTextRenderer.cpp","48","96E60B1E14575D67BE4E001CE6F50371468F78FB9D904B452A623FBBDD4D519E","2026-09-22 09:44:15"
"src\win32ide\Omega1IDEIntegration.cpp","51","2F411B58BCC79B452327D3EFDFDFE7C7406D175BFAC4E8AF5A29189DB096328F","2026-09-22 09:44:15"
"src\win32ide\Omega1IPCClient.cpp","46","DEF1D2E05A11EDB55B9837A203BADA0A23C152AD7A02FED8CB7A77263957036A","2026-09-22 09:44:15"
"src\win32ide\StatusBarTelemetry.cpp","49","F2B41C7E388F3143E1AB2968F78277CDF9746F5ABBAE0F7EC27E8197D87822E2","2026-09-22 09:44:15"
"src\win32ide\Win32IDE_Omega1Integration.cpp","57","BD556FED4C6BA1F827EBD9CFCDF2BEAC89817DF3994C0E0213FDD6CB6DC98813","2026-09-22 09:44:15"
"tests\b004_transformer_router_streaming_integration.cpp","63","E8C64AA438AE1BFDF34C9A315FA8895C94DDE18CEB033D199CAA1793EE1FB8C3","2026-09-22 09:26:02"
"tests\b004_transformer_router_streaming_integration_cpu.cpp","67","692E625523F4EA40150B58D5E4624174A2B8CADB7ACCD46C0BFC1E8A7F9F8821","2026-09-22 09:26:02"
"tests\b005_canonical_model_certification.cpp","58","9DA39E9C0826D23509D61823F4902B9057C43C18720A71298537B5EDFEAB37F1","2026-09-22 09:44:15"
"tests\b006_kv_cache_verification.cpp","50","BDDDFE5C06A7E7ACCE2027E6804E37FDD70F8A18E45232A2D4AF24D82D4FE1AC","2026-09-22 09:44:15"
"tests\b007_performance_baseline.cpp","49","D5A1CC00D932A13E421AAE8960F14B3A9E6330CFE75502FF03C2CDEC48F75619","2026-09-22 09:44:15"
"tests\b008_ci_integration.cpp","43","94671F177C242BBFE752964CF40A8FC93EC96E7A33C87DB35DC059DCF3D9E5DE","2026-09-22 09:44:15"
"tests\b010_b011_fast_experiment.cpp","28","1FE00CCEFE9D804F0D84DC0B8EB7DC20643F24A44B7B03561D6031D98E190015","2026-09-22 06:10:42"
"tests\b011_weight_residency_optimization.cpp","58","79B533DE10F0CB5DDE2165C82B6F621AB879987BCDF41F6346C773E21ACC5D4C","2026-09-22 09:44:15"
"tests\b012_amortization_test.cpp","40","4E075F9DF3CE836FD88EFA89777ED542B37D1D7ED57A8F8CD86571718A6E4685","2026-09-22 09:26:02"
"tests\b013_stability_test.cpp","37","E770FCC014D32586E92C961FC6FBDF70EA13F6ECF6944AB012071FB34D34F1AE","2026-09-22 09:26:02"
"tests\b014_boundary_probe.cpp","37","E66B1E7B7057FC707ECA5116985B64390281C014747DA5774EC3ED965BD0A2AA","2026-09-22 09:26:02"
"tests\b014_compute_decomposition.cpp","44","0E1B08282129FDF922857392B01B72F52EE496949F333078F8FFC198B4A8C30A","2026-09-22 09:26:02"
"tests\b014_lifetime_probe.cpp","37","4CF116F3942DA8DD381DE6C5D82B6945C8ABD3074EB5F94FC35EFD1C65CD6EDD","2026-09-22 09:26:02"
"tests\b014_single_boundary.cpp","38","0497B3CED3DAA47AF92B4B05C2E1976C72A2C824D358E3C527AAF623888B6B28","2026-09-22 09:26:02"
"tests\benchmark_dispatch_overhead.cpp","51","86ADC02BA93E75B97C1C8CE9158BB690959C909F32CE23CF141FEC48CE3652E0","2026-09-22 09:44:15"
"tests\benchmark_dispatch_pmc.cpp","46","66DDD199206A8C257917E33D56B162860C3AD26C989465F7F2613776A93443E9","2026-09-22 09:44:15"
"tests\benchmark_planner_amortization.cpp","54","DD8BF0BB044B7613771C297740C7009E4C7C09192F17386B48B5E7EAA5982A28","2026-09-22 09:44:15"
"tests\bp1_smoke_test.cpp","25","493B0BF92174B1FF34C14D049B2266D7F31DDC5580B77D3AD1697C2486F0D0F5","2026-09-22 06:10:42"
"tests\comprehensive_dual_gpu_test.cpp","25","493B0BF92174B1FF34C14D049B2266D7F31DDC5580B77D3AD1697C2486F0D0F5","2026-09-22 06:10:42"
"tests\deep2_link_stubs.cpp","40","1DCA67ECE5C5851B60696D06E1812B1D52F1C430A28FFA8DC3386174C71035A0","2026-09-22 09:44:15"
"tests\dual_gpu_smoke_test.cpp","25","493B0BF92174B1FF34C14D049B2266D7F31DDC5580B77D3AD1697C2486F0D0F5","2026-09-22 06:10:42"
"tests\elastic_path_validation_test.cpp","25","493B0BF92174B1FF34C14D049B2266D7F31DDC5580B77D3AD1697C2486F0D0F5","2026-09-22 06:10:42"
"tests\fused_qkv_gguf_validation.cpp","25","493B0BF92174B1FF34C14D049B2266D7F31DDC5580B77D3AD1697C2486F0D0F5","2026-09-22 06:10:42"
"tests\gguf_link_impl.cpp","38","DF7EBB8D1C163669E03E433FBC44858622817781C3D921FFC2C62DE0948B3AA7","2026-09-22 09:44:15"
"tests\hexmag_ide_e2e_cert.cpp","43","82A60327D5FDF753E30B9457DF31ECADE807041D8A2DF204D1F2D23152F754C5","2026-09-22 09:44:15"
"tests\hexmag_repeat_tuner_cert.cpp","48","5E987CA4DAAEE25D1CEEAC2132F4874439A54AE6EB49A73EC952B0151077FFAD","2026-09-22 09:44:15"
"tests\hexmag_runtime_controller_cert.cpp","54","69331B60878571AF3229D14AF90A6088BD56BB8627C94D9068412C61AA756043","2026-09-22 09:44:15"
"tests\k2_002_tensor_streaming.cpp","41","21BA3A972E778C7BBEC2DAD0239D2EA35A61A0AD2036A8055AA0351D5E2BCAEA","2026-09-22 09:26:02"
"tests\k2_003b_native_gemv_validation.cpp","48","DF751AEF43721BF4267040A159FD72BF0773BFA5B0C0ED24FE760EAA1AA70890","2026-09-22 09:26:02"
"tests\k2_003c_single_layer_forward.cpp","46","AB6028DD46E046C5FA1C46F3A082E44200F027519F7144BFB51A6CB338CEBDB9","2026-09-22 09:26:02"
"tests\k2_003_layer_execution.cpp","40","CE4B420C19335D3D0882C05ADE4DD5263302433622BBE514BFADB14C058BE067","2026-09-22 09:26:02"
"tests\k2_004_bounded_multi_layer_prefill.cpp","52","5604CE5F3B03F30746F911772A54B996DBB2FC11714A5BBB69AFF42121944B72","2026-09-22 09:26:02"
"tests\k2_004_bounded_prefill.cpp","40","87481F9E79F06C5B059CD2425AD148D44D4B5CC91D8864A6B036859A84C2CF14","2026-09-22 09:26:02"
"tests\k2_005_autoregressive_kv_cache.cpp","48","7F1A2FC0A4E63DE278D5C251F2F4A4D85D084E5228F1FF8ACBC999CB4C4C7633","2026-09-22 09:26:02"
"tests\k2_006_bounded_token_generation.cpp","49","CD6456B4E3EDD44AD791DE96EFCEAF343004AC9F1844F65AC87ED26AF6AA5FE4","2026-09-22 09:26:02"
"tests\k2_007a_tokenizer_metadata.cpp","44","823F4100ACB837B1C8DE072D6ED53DD4BBD3C6705298C71674B496E2212FC5D6","2026-09-22 09:26:02"
"tests\k2_007b_projection_logits_interface.cpp","53","FA9DC14EECF51985AAED6248C51C9F012CACB61F979642B1CFE95D46E2C7A9BE","2026-09-22 09:26:02"
"tests\k2_007_real_output_projection.cpp","47","96138A7BB219DFCD41445A5AA608D4E8C13E39DB209F38DEA2099B52F2F2A3E9","2026-09-22 09:26:02"
"tests\k2_008_end_to_end_semantic_generation.cpp","55","141F49CEEC259E7DC45109B44334045DD5CE894B084C1EB820406ACDB1E5F145","2026-09-22 09:26:02"
"tests\k2_009_token_embedding_lookup.cpp","47","A3F4621E06DF8A95260AAF3097DAA9483ADD8CCCA9D30693643820E08E11A803","2026-09-22 09:26:02"
"tests\k2_native_smoke_test.cpp","38","9C9D8EA98DCB038FDE1B39061CF3AF58F9CD45A815B73E8D482269F81E3E275F","2026-09-22 09:26:02"
"tests\k2_runtime_validation.cpp","39","F98D67FC4F6FE436536D85E066E6D7F39C328B7A77111BAEC45C826DD13CEE16","2026-09-22 09:26:02"
"tests\k2_tls_smoke_test.cpp","35","7F603D1594EC568A6E920CB1EA79A737D2E8FF818842D507D40209C587050C8A","2026-09-22 09:26:02"
"tests\mains","25","BC7934A35076FA6E7797A0DFFE684555F07DD48100E0314BB8AA4DDF334D75C3","2026-09-22 09:44:15"
"tests\minimal_1token_profiler.cpp","47","A1856A3B888EFAF05A6EEC5E840B0F14A3B6A0BE7425E3419A790FDD33B29BDF","2026-09-22 09:44:15"
"tests\nevm_determinism_validation.cpp","51","8AFD018F284F664464A48EACEB1911927503E2E5BD75082CB6F7AAA56DC4D598","2026-09-22 09:44:15"
"tests\nevm_stress_test.cpp","40","D2328E6F924B165CD290F631E3E758AA9C95172562254159B78FC38303B8A4E6","2026-09-22 09:44:15"
"tests\q4k_gemv_bench.cpp","38","4734638E39EAECDE07A6E072559B6CE1DD594388EA393F3B3781CFE6328830A7","2026-09-22 09:44:15"
"tests\q5k_gemv_bench.cpp","38","DFDBF855B28095477DC0E795EB697E0B149E2593CC45AA50F8A03192B1AFB1AE","2026-09-22 09:44:15"
"tests\quick_1layer_profiler.cpp","45","B4C5912A86C4F886CE1A148F6E6B2B4216A86F29E85712D59D75D62144DD0BFD","2026-09-22 09:44:15"
"tests\residency_ab_cert.cpp","25","493B0BF92174B1FF34C14D049B2266D7F31DDC5580B77D3AD1697C2486F0D0F5","2026-09-22 06:10:42"
"tests\test_autonomous_pipeline.cpp","48","1F020CC0C4DD2F088B68DE3D77879F6C5E51940FE8A563007595724A6C5A22DA","2026-09-22 09:44:15"
"tests\test_deep2_production.cpp","45","1385161ADEBCC6798F9D9BA2E3B3C47A9AE3C0C94443E8A9FE2BB640C18D6254","2026-09-22 09:44:15"
"tests\test_generation.cpp","33","BDF608D4B7D8C17ABFA32E3E9168C7678108ADF94DBA2218002A62745AA8940A","2026-09-22 09:26:02"
"tests\test_gguf_metadata_bounds.cpp","25","493B0BF92174B1FF34C14D049B2266D7F31DDC5580B77D3AD1697C2486F0D0F5","2026-09-22 06:10:42"
"tests\test_gguf_tensor_bounds.cpp","25","493B0BF92174B1FF34C14D049B2266D7F31DDC5580B77D3AD1697C2486F0D0F5","2026-09-22 06:10:42"
"tests\test_gguf_tokenizer_bounds.cpp","25","493B0BF92174B1FF34C14D049B2266D7F31DDC5580B77D3AD1697C2486F0D0F5","2026-09-22 06:10:42"
"tests\test_llama_native.cpp","35","26AB07E9A2F19F98FBEFDF9E0A26CAAD171AB965750124554682C247DDC1A932","2026-09-22 09:26:02"
"tests\test_omega1_bridge.cpp","25","493B0BF92174B1FF34C14D049B2266D7F31DDC5580B77D3AD1697C2486F0D0F5","2026-09-22 06:10:42"
"tests\test_parseheader_bounds.cpp","25","493B0BF92174B1FF34C14D049B2266D7F31DDC5580B77D3AD1697C2486F0D0F5","2026-09-22 06:10:42"
"tests\test_parseheader_fuzz.cpp","25","493B0BF92174B1FF34C14D049B2266D7F31DDC5580B77D3AD1697C2486F0D0F5","2026-09-22 06:10:42"
"tests\test_q4k_decoder.cpp","34","46559FB64E2FF3E7CEF905F10D7956EEEB2CE1EEBB24E63A2A2D0F3632F7A1C2","2026-09-22 09:26:02"
"tests\test_q4_asm_debug.cpp","41","0BEFB34F22FEC6B6870D6417748D5064F04C8136ECD54CCB90315C2C625BC0F5","2026-09-22 09:44:15"
"tests\test_q4_cache_alignment.cpp","47","246D0DA11728454BADFBEB2F7AE537E6A4F3E5457CEA053D96FBA2A69BCBDF67","2026-09-22 09:44:15"
"tests\test_q4_fused_pipeline.cpp","46","D3E7315AB757FCE02137A3D80D8283C87053D5811918109973785ED68A0F37F0","2026-09-22 09:44:15"
"tests\test_q4_scalar_simd.cpp","43","FFD4788B5E913B16ACF83E9E7C8E306726E99975297345313BD2E2350D519E08","2026-09-22 09:44:15"
"tests\test_q6k_asm_certification.cpp","44","32B0D03DBCEC3B0B311877A1A631BD980EF37980FCA2B91C56D3EAA52EB012ED","2026-09-22 09:26:02"
"tests\test_quant_dequant_crosscheck.cpp","47","1862A67D96C78F61086DF1FFC53D8478203B2D66278CB4493CDF1BA2253A7B54","2026-09-22 09:26:02"
"tests\validate_end_to_end.cpp","43","CBC69447EE73680829381E64B13AD5CEFA8FDD593F0598A5DB93777AEE973EE0","2026-09-22 09:44:15"
"tests\validate_val051_evidence.cpp","25","493B0BF92174B1FF34C14D049B2266D7F31DDC5580B77D3AD1697C2486F0D0F5","2026-09-22 06:10:42"
"tests\val_051_2_a_real_token.cpp","25","493B0BF92174B1FF34C14D049B2266D7F31DDC5580B77D3AD1697C2486F0D0F5","2026-09-22 06:10:42"
"tests\val_051_5_32_token_kv_stability.cpp","25","493B0BF92174B1FF34C14D049B2266D7F31DDC5580B77D3AD1697C2486F0D0F5","2026-09-22 06:10:42"
"tests\val_051_5_bp16_bench.cpp","44","3FA1BF1D1B7968A261A126034EE1140545F5A324CF1CF719E6858DB0EF1109BD","2026-09-22 09:44:15"
"tests\val_051_5_bp16_compare.cpp","46","D6A82B44EF84C02EFD8E9E20C297610B055AAC4E966FB5F3E75A2882965BC5B2","2026-09-22 09:44:15"
"tests\val_051_5_bp16_diag.cpp","43","1F9225849A68B7F15AE0E9A0E90DE5A31849E504AB423F07DA2AD8AA063630F9","2026-09-22 09:44:15"
"tests\val_051_5_bp16_e2e.cpp","42","7BAFF627886BB7B5172BC1038D430D81CA078EBE94A6D9A17693C82F5E60281B","2026-09-22 09:44:15"
"tests\val_051_5_bp16_loadbench.cpp","48","1151329DD66EEF99CA96C5C7556545CD13CEAFEE4C6321C2CD5BE43416302416","2026-09-22 09:44:15"
"tests\val_051_5_bp16_logits.cpp","45","4F07E372DFE011EB63F0CDA885897DA374DB3C952C831AB44E6E51FB8EF7BAF0","2026-09-22 09:44:15"
"tests\val_051_5_bp16_streamer.cpp","47","7943EE56ED9E963AFD37CC4C0C7685916C320F354E0EBD07C82ABFD89DD46CC5","2026-09-22 09:44:15"
"tests\val_051_5_bp16_verify.cpp","45","DBB36B3B10F7FC99BB9C1F74FEA7261AD0236AF45345F00E947E673E36818B04","2026-09-22 09:44:15"
"tests\val_051_5_bp16_weights.cpp","46","5A6FB3C5B47711C9225AB54027912503CC7880E9F2DB580779E272D319A22822","2026-09-22 09:44:15"
"tests\val_051_5_diag_1_token.cpp","46","A6308226D522597F030DDB861D43BD2BB4F04D88D3986BD6935D445369AA4827","2026-09-22 09:44:15"
"tests\val_051_5_fifteen_token.cpp","47","02806F579E9D4719A9EA9B0F601970B388B44F41301FCAFB98DA42BA254DED42","2026-09-22 09:44:15"
"tests\val_051_5_q2k_gemv_bench.cpp","48","16D73F7054B12E69ECF98EB55C28DE5312BDC5D8EFE62929FF4F67717BDD2B56","2026-09-22 09:44:15"
"tests\val_051_5_q2k_gemv_verify.cpp","49","83AB0295AED9D0A130952ED44BD11F46B0DE0B5574089FEAE5D305D1F8A05DA7","2026-09-22 09:44:15"
"tests\val_051_5_q2k_profile.cpp","45","A4019135310823A873A7F7B41AF69A5388DFA51019A7871F76B2FF2FD106CD10","2026-09-22 09:44:15"
"tests\val_051_5_q4k_fused_verify.cpp","50","1A8DC307F3D2C63A98F027DDB0AC1FAAEB896F85CC53043F096FFF9BCDBD1979","2026-09-22 09:44:15"
"tests\val_051_5_q4k_gemv_bench.cpp","48","81D4C2C086CD33D6CC94B521C483113AF07E1B2031188BBB480E09DDD0EE4D47","2026-09-22 09:44:15"
"tests\val_051_5_q5k_forward_bench.cpp","51","CB26967525CB013BB30F37CDF96F6C999479EC1C2BA450F356775905A5643466","2026-09-22 09:44:15"
"tests\val_051_5_q5k_gemv_bench.cpp","48","4766DB696858C81F941813167D3D1970AF86FF5229FF77136B869D85E5E2B338","2026-09-22 09:44:15"
"tests\val_051_5_q5k_gemv_verify.cpp","49","10EBC48372FC86AD27A83E644C29874A5C667D3F8E4869AA10E1D011E2391CF8","2026-09-22 09:44:15"
"tests\val_051_5_q6k_synthetic.cpp","47","4272055726C82C645F612EF2ACFC9A0309B3429897C4B6CDA4AE66D073A7B10D","2026-09-22 09:44:15"
"tests\val_051_6_15_token_kv.cpp","25","493B0BF92174B1FF34C14D049B2266D7F31DDC5580B77D3AD1697C2486F0D0F5","2026-09-22 06:10:42"
"tests\val_051_6_bp16_perf.cpp","43","D4E88F54028747B750813A462FDBC2FCDB6A92E06F57A0AE9A2FCFA72ECE2288","2026-09-22 09:44:15"
"tests\val_051_7_bp16_lightweight_profile.cpp","58","92AD8A70A686BA4BDCBF1CD236F47E65CE19F3BC97833E6AF2E7E2D9A537B84F","2026-09-22 09:44:15"
"tests\val_051_7_bp16_profile.cpp","46","E7E42737FF21800D6830794AE5C01C4CD9CD1ED31005A0FEA4BF3DCB93214884","2026-09-22 09:44:15"
"tests\val_051_7_residency_baseline.cpp","52","F318A35318D1F1DDD8122CC398035CB0D675F33A8325CCDCA8F295392FFC7586","2026-09-22 09:44:15"
"tests\val_051_7_residency_baseline_fixture.cpp","25","493B0BF92174B1FF34C14D049B2266D7F31DDC5580B77D3AD1697C2486F0D0F5","2026-09-22 06:10:42"
"tests\val_051_8_layer_profile.cpp","47","A4C9665FC1480DC579FCAE50896546B781972A5A8E801BDDE05334B0E397F353","2026-09-22 09:44:15"
"tests\val_051_8_linearw_thread_scaling.cpp","56","46FC1A33A30005F2368E0343572D01021C77AEFDAE6815C0F1942B28D1C147BA","2026-09-22 09:44:15"
"tests\val_bp16_int_1_token.cpp","44","7BFAAD771029AB034E7E8C1E79B32F5498CB8B6E289A76D07C640CACFE567BD8","2026-09-22 09:44:15"
"tests\vulkan_compute_diagnostic.cpp","25","493B0BF92174B1FF34C14D049B2266D7F31DDC5580B77D3AD1697C2486F0D0F5","2026-09-22 06:10:42"
"tests\vulkan_gemm_test.cpp","25","493B0BF92174B1FF34C14D049B2266D7F31DDC5580B77D3AD1697C2486F0D0F5","2026-09-22 06:10:42"
"tests\vulkan_gemv_isolated_test.cpp","25","493B0BF92174B1FF34C14D049B2266D7F31DDC5580B77D3AD1697C2486F0D0F5","2026-09-22 06:10:42"
"tests\vulkan_real_gemm_test.cpp","25","493B0BF92174B1FF34C14D049B2266D7F31DDC5580B77D3AD1697C2486F0D0F5","2026-09-22 06:10:42"
"tests\vulkan_tensor_upload_test.cpp","25","493B0BF92174B1FF34C14D049B2266D7F31DDC5580B77D3AD1697C2486F0D0F5","2026-09-22 06:10:42"
"tests\vulkan_transformer_gemm_test.cpp","25","493B0BF92174B1FF34C14D049B2266D7F31DDC5580B77D3AD1697C2486F0D0F5","2026-09-22 06:10:42"
"tests\autonomy\recovery\GoldenRecoveryTests.cpp","61","D8ACA865E292F35A8CA5153FE2831CA70B8889BAE9504F8C9B88E07CCE20DDA5","2026-09-22 09:44:15"
"tests\b005\b005_canonical_model_certification.cpp","28","1FE00CCEFE9D804F0D84DC0B8EB7DC20643F24A44B7B03561D6031D98E190015","2026-09-22 06:10:42"
"tests\b006\b006_kv_cache_verification.cpp","28","1FE00CCEFE9D804F0D84DC0B8EB7DC20643F24A44B7B03561D6031D98E190015","2026-09-22 06:10:42"
"tests\b007\b007_performance_baseline.cpp","28","1FE00CCEFE9D804F0D84DC0B8EB7DC20643F24A44B7B03561D6031D98E190015","2026-09-22 06:10:42"
"tests\b008\b008_ci_integration.cpp","28","1FE00CCEFE9D804F0D84DC0B8EB7DC20643F24A44B7B03561D6031D98E190015","2026-09-22 06:10:42"
"tests\b009\b009a_fast_validation.cpp","28","1FE00CCEFE9D804F0D84DC0B8EB7DC20643F24A44B7B03561D6031D98E190015","2026-09-22 06:10:42"
"tests\b009\b009b_batched_gemm.cpp","28","1FE00CCEFE9D804F0D84DC0B8EB7DC20643F24A44B7B03561D6031D98E190015","2026-09-22 06:10:42"
"tests\b009\b009_batched_prefill_certification.cpp","28","1FE00CCEFE9D804F0D84DC0B8EB7DC20643F24A44B7B03561D6031D98E190015","2026-09-22 06:10:42"
"tests\b009\b009_t128_certification.cpp","28","1FE00CCEFE9D804F0D84DC0B8EB7DC20643F24A44B7B03561D6031D98E190015","2026-09-22 06:10:42"
"tests\b009\b009_t128_instrumented.cpp","28","1FE00CCEFE9D804F0D84DC0B8EB7DC20643F24A44B7B03561D6031D98E190015","2026-09-22 06:10:42"
"tests\b010\b010_weight_residency_profile.cpp","28","1FE00CCEFE9D804F0D84DC0B8EB7DC20643F24A44B7B03561D6031D98E190015","2026-09-22 06:10:42"
"tests\b011\b011_weight_residency_optimization.cpp","28","1FE00CCEFE9D804F0D84DC0B8EB7DC20643F24A44B7B03561D6031D98E190015","2026-09-22 06:10:42"
"tests\b015\b015_pool_direct_test.cpp","28","1FE00CCEFE9D804F0D84DC0B8EB7DC20643F24A44B7B03561D6031D98E190015","2026-09-22 06:10:42"
"tests\b015\b015_pool_microbench.cpp","28","1FE00CCEFE9D804F0D84DC0B8EB7DC20643F24A44B7B03561D6031D98E190015","2026-09-22 06:10:42"
"tests\b015\b015_residency_validation.cpp","28","1FE00CCEFE9D804F0D84DC0B8EB7DC20643F24A44B7B03561D6031D98E190015","2026-09-22 06:10:42"
"tests\b016\b016_gemm_efficiency_probe.cpp","28","1FE00CCEFE9D804F0D84DC0B8EB7DC20643F24A44B7B03561D6031D98E190015","2026-09-22 06:10:42"
"tests\inference_validation\harness","48","A8271DFD4CED963736980317518C02500478DCB432C2F15BF1A283AC6EDD87AA","2026-09-22 09:44:15"
"tools\ev512_ide_gui_lifecycle_smoke.cpp","25","493B0BF92174B1FF34C14D049B2266D7F31DDC5580B77D3AD1697C2486F0D0F5","2026-09-22 06:10:42"
"tools\ev512_ide_restore_reload_fault_smoke.cpp","25","493B0BF92174B1FF34C14D049B2266D7F31DDC5580B77D3AD1697C2486F0D0F5","2026-09-22 06:10:42"
"tools\ev512_ide_workflow_smoke.cpp","25","493B0BF92174B1FF34C14D049B2266D7F31DDC5580B77D3AD1697C2486F0D0F5","2026-09-22 06:10:42"
"tools\ev512_ops_remaining_smoke.cpp","25","493B0BF92174B1FF34C14D049B2266D7F31DDC5580B77D3AD1697C2486F0D0F5","2026-09-22 06:10:42"
"tools\gguf_inspector.cpp","25","493B0BF92174B1FF34C14D049B2266D7F31DDC5580B77D3AD1697C2486F0D0F5","2026-09-22 06:10:42"
"tools\p1_cpu_loadmodel_harness.cpp","25","493B0BF92174B1FF34C14D049B2266D7F31DDC5580B77D3AD1697C2486F0D0F5","2026-09-22 06:10:42"
